command: GODOT_BIN=/Applications/Godot.app/Contents/MacOS/Godot python3 tools/quality_gate.py --static-only --changed-ref origin/dev
source: 4a5a83f60d5b396b8f6cfb6e4996d2195128bf14 tree 59ba3431abd095d71d0b6911db257088cd1b83d8
Sun Sep 13 17:05:51 UTC 2026
STATIC repository-invariants
Static quality guard passed (case/version/Windows/architecture/sidecars/credentials/ownership).
STATIC repository-storage-policy
STATIC python-unit
test_corruption_and_size_limit_fail_closed (test_a5_gzip_artifact.A5GzipArtifactTest) ... ok
test_reproducible_round_trip_and_fixed_header (test_a5_gzip_artifact.A5GzipArtifactTest) ... ok
test_check_reports_no_drift_on_an_unchanged_checkout (test_animation_roster_manifest_determinism.CommittedManifestTests) ... ok
test_committed_manifest_matches_roster_byte_for_byte (test_animation_roster_manifest_determinism.CommittedManifestTests) ... ok
test_check_reports_a_missing_manifest_without_creating_it (test_animation_roster_manifest_determinism.SyncManifestTests) ... ok
test_check_reports_drift_without_touching_the_file (test_animation_roster_manifest_determinism.SyncManifestTests) ... ok
test_plain_run_regenerates_then_stays_idempotent (test_animation_roster_manifest_determinism.SyncManifestTests) ... ok
test_cli_serializes_same_inventory (test_architecture_inventory.ArchitectureInventoryTest) ... ok
test_current_facades_have_reproducible_inventory (test_architecture_inventory.ArchitectureInventoryTest) ... ok
test_cli_writes_then_detects_a_stale_canonical_region (test_changelog_fragments.ChangelogFragmentTests) ... OK: assembled canonical changelog from 1 fragments
OK: canonical changelog region matches 1 fragments
ERROR: canonical changelog region is stale; rerun with --write
ok
test_duplicate_fragment_content_fails_with_both_sources (test_changelog_fragments.ChangelogFragmentTests) ... ok
test_malformed_fragment_fails_with_its_filename (test_changelog_fragments.ChangelogFragmentTests) ... ok
test_repeated_assembly_is_byte_deterministic (test_changelog_fragments.ChangelogFragmentTests) ... ok
test_shipped_fragments_match_the_canonical_changelog (test_changelog_fragments.ChangelogFragmentTests) ... ok
test_static_quality_checkout_materializes_shipped_fragments (test_changelog_fragments.ChangelogFragmentTests) ... ok
test_duplicate_id_inside_one_block_is_reported (test_content_registry.CanonicalIdTest) ... ok
test_empty_canonical_registry_fails_closed (test_content_registry.CanonicalIdTest) ... ok
test_id_domain_outside_a_section_is_reported (test_content_registry.CanonicalIdTest) ... ok
test_malformed_class_ids_are_rejected_in_canonical_columns (test_content_registry.CanonicalIdTest) ... ok
test_repeated_malformed_class_id_is_not_dropped (test_content_registry.CanonicalIdTest) ... ok
test_the_same_id_in_two_blocks_stays_legal (test_content_registry.CanonicalIdTest) ... ok
test_two_id_domains_in_one_block_are_reported (test_content_registry.CanonicalIdTest) ... ok
test_undeclared_block_is_not_checked_against_a_registry (test_content_registry.CanonicalIdTest) ... ok
test_unknown_actor_id_is_reported (test_content_registry.CanonicalIdTest) ... ok
test_unknown_class_id_is_reported (test_content_registry.CanonicalIdTest) ... ok
test_unknown_id_domain_is_reported (test_content_registry.CanonicalIdTest) ... ok
test_cli_reports_every_error_and_fails (test_content_registry.CliTest) ... ok
test_duplicate_row_is_rejected (test_content_registry.IndexStructureTest) ... ok
test_fixture_is_clean (test_content_registry.IndexStructureTest) ... ok
test_index_may_not_keep_a_registry_section (test_content_registry.IndexStructureTest) ... ok
test_link_label_must_match_its_target (test_content_registry.IndexStructureTest) ... ok
test_link_outside_the_content_directory_is_rejected (test_content_registry.IndexStructureTest) ... ok
test_missing_index_fails_closed (test_content_registry.IndexStructureTest) ... ok
test_missing_section_table_fails_closed (test_content_registry.IndexStructureTest) ... ok
test_renamed_table_columns_fail_closed (test_content_registry.IndexStructureTest) ... ok
test_unreadable_row_is_reported (test_content_registry.IndexStructureTest) ... ok
test_cli_passes_on_the_real_repository (test_content_registry.RealRepositoryTest) ... ok
test_index_routes_every_section_to_an_existing_file (test_content_registry.RealRepositoryTest) ... ok
test_split_registry_is_consistent (test_content_registry.RealRepositoryTest) ... ok
test_listed_section_absent_from_its_file_is_reported (test_content_registry.SectionOwnershipTest) ... ok
test_marked_file_absent_from_the_index_is_reported (test_content_registry.SectionOwnershipTest) ... ok
test_one_section_may_not_live_in_two_files (test_content_registry.SectionOwnershipTest) ... ok
test_section_listed_against_the_wrong_file_is_reported (test_content_registry.SectionOwnershipTest) ... ok
test_section_missing_from_the_index_is_reported (test_content_registry.SectionOwnershipTest) ... ok
test_unmarked_neighbour_file_is_not_registry_content (test_content_registry.SectionOwnershipTest) ... ok
test_sparse_checkout_materializes_registry_and_source_reading_documents (test_content_registry_ci_checkout.ContentRegistryCiCheckoutTest) ... ok
test_committed_review_sheets_live_in_the_lfs_reference_pack (test_fan2595_chemist_animation_review.ChemistAnimationReviewTests) ... ok
test_current_pack_passes_and_writes_all_direction_sheets (test_fan2595_chemist_animation_review.ChemistAnimationReviewTests) ... ok
test_mirrored_source_frame_fails_the_audit (test_fan2595_chemist_animation_review.ChemistAnimationReviewTests) ... ok
test_authenticated_delivery_disables_mentions_and_deduplicates (test_feedback_proxy.FeedbackProxyTests) ... ok
test_environment_config_rejects_short_secrets_and_non_discord_upstream (test_feedback_proxy.FeedbackProxyTests) ... ok
test_forwarded_ip_requires_trusted_peer_and_is_canonicalized (test_feedback_proxy.FeedbackProxyTests) ... ok
test_global_circuit_breaker_survives_ip_and_installation_rotation (test_feedback_proxy.FeedbackProxyTests) ... ok
test_logs_exclude_content_network_identity_and_credentials (test_feedback_proxy.FeedbackProxyTests) ... ok
test_pending_delivery_returns_retryable_conflict (test_feedback_proxy.FeedbackProxyTests) ... ok
test_schema_image_and_idempotency_validation_fail_closed (test_feedback_proxy.FeedbackProxyTests) ... ok
test_server_side_rate_limit_cannot_be_bypassed_by_report_id (test_feedback_proxy.FeedbackProxyTests) ... ok
test_session_global_admission_runs_before_body_parser (test_feedback_proxy.FeedbackProxyTests) ... ok
test_stale_pending_crash_window_becomes_ambiguous_without_resend (test_feedback_proxy.FeedbackProxyTests) ... ok
test_text_only_delivery_uses_json_without_attachment (test_feedback_proxy.FeedbackProxyTests) ... ok
test_token_is_bound_to_installation_and_expires (test_feedback_proxy.FeedbackProxyTests) ... ok
test_upstream_failure_becomes_ambiguous_without_duplicate (test_feedback_proxy.FeedbackProxyTests) ... ok
test_compose_and_environment_template_are_hardened_and_complete (test_feedback_relay_smoke.FeedbackRelayDeployBundleTests) ... ok
test_client_timeout_and_session_value_are_redacted (test_feedback_relay_smoke.FeedbackRelaySmokeTests) ... ok
test_endpoint_rejects_non_public_shapes (test_feedback_relay_smoke.FeedbackRelaySmokeTests) ... ok
test_smoke_covers_relay_paths_and_fake_upstream (test_feedback_relay_smoke.FeedbackRelaySmokeTests) ... ok
test_upstream_error_is_a_redacted_smoke_failure (test_feedback_relay_smoke.FeedbackRelaySmokeTests) ... ok
test_chain_checks_survive_a_composed_collaborator (test_gdscript_contracts.GDScriptContractTest) ... ok
test_class_weapon_spec_composes_executors_and_ui_spec_stays_strict (test_gdscript_contracts.GDScriptContractTest) ... ok
test_composed_collaborator_parse_errors_and_class_name_collisions_fail_closed (test_gdscript_contracts.GDScriptContractTest) ... ok
test_composed_collaborator_pulled_onto_the_chain_is_rejected (test_gdscript_contracts.GDScriptContractTest) ... ok
test_composed_collaborator_with_missing_wrong_or_malformed_base_fails_closed (test_gdscript_contracts.GDScriptContractTest) ... ok
test_composed_refcounted_collaborator_is_accepted_and_stays_off_the_chain (test_gdscript_contracts.GDScriptContractTest) ... ok
test_current_checkout_contracts_pass (test_gdscript_contracts.GDScriptContractTest) ... ok
test_cycle_and_unsupported_extends_fail_closed (test_gdscript_contracts.GDScriptContractTest) ... ok
test_incompatible_signature_fails_closed (test_gdscript_contracts.GDScriptContractTest) ... ok
test_inherited_sibling_is_rejected_inside_and_outside_the_composed_directory (test_gdscript_contracts.GDScriptContractTest) ... ok
test_missing_path_and_unresolved_named_base_fail_closed (test_gdscript_contracts.GDScriptContractTest) ... ok
test_missing_required_override_fails_closed (test_gdscript_contracts.GDScriptContractTest) ... ok
test_parser_accepts_comments_annotations_multiline_defaults_and_static_methods (test_gdscript_contracts.GDScriptContractTest) ... ok
test_virtual_override_is_valid_but_accidental_sibling_is_rejected (test_gdscript_contracts.GDScriptContractTest) ... ok
test_default_semaphore_dir_ignores_task_tmpdir_and_override_wins (test_godot_gate.GodotGateTest) ... ok
test_disposable_parse_error_is_fail_closed (test_godot_gate.GodotGateTest) ... godot_gate: fatal Godot diagnostic detected: SCRIPT ERROR
ok
test_ensure_import_cache_only_skips_the_requested_godot_command (test_godot_gate.GodotGateTest) ... ok
test_ensure_import_cache_skips_player_probe_undeclared_by_a_minimal_project (test_godot_gate.GodotGateTest)
A fixture project without the Player probe script must not fail on it. ... godot_gate: import cache missing, running headless import first
ok
test_exact_fatal_literals_return_diagnostic_exit (test_godot_gate.GodotGateTest) ... godot_gate: fatal Godot diagnostic detected: SCRIPT ERROR
godot_gate: fatal Godot diagnostic detected: fatal
godot_gate: fatal Godot diagnostic detected: Failed to load script
ok
test_exclusive_run_blocks_runs_with_other_slot_counts (test_godot_gate.GodotGateTest) ... ok
test_forced_import_check_still_loads_player_when_cache_is_complete (test_godot_gate.GodotGateTest) ... ok
test_gate_environment_reaches_fixture_under_a_globally_pinned_build_id (test_godot_gate.GodotGateTest)
A CI-wide GODOT_BUILD_ID must not stop the fixture's fake godot from ... ok
test_import_cache_accepts_a_complete_cache_for_declared_textures (test_godot_gate.GodotGateTest)
A declared Berserk source with a fully imported artifact does not need re-import. ... ok
test_import_cache_detects_incomplete_cache_for_a_declared_texture (test_godot_gate.GodotGateTest)
A declared Berserk source without a matching import artifact still fails closed. ... ok
test_import_cache_ignores_undeclared_player_textures_in_a_minimal_project (test_godot_gate.GodotGateTest)
A throwaway fixture project with no Berserk sprites must not fail closed on them. ... ok
test_import_cache_requires_the_player_texture_artifacts (test_godot_gate.GodotGateTest)
A stray import must not let a clean checkout skip its real import. ... ok
test_import_prepass_does_not_enable_fatal_output_detection (test_godot_gate.GodotGateTest) ... ok
test_import_prepass_rechecks_artifacts_and_loads_player (test_godot_gate.GodotGateTest) ... godot_gate: import cache missing, running headless import first
ok
test_killed_slot_owner_does_not_block_next_gate_run (test_godot_gate.GodotGateTest) ... ok
test_lock_exclusion_and_release_on_current_platform (test_godot_gate.GodotGateTest) ... ok
test_megabyte_output_is_streamed_without_deadlock (test_godot_gate.GodotGateTest) ... godot_gate: fatal Godot diagnostic detected: SCRIPT ERROR
ok
test_nonfatal_process_exit_status_is_preserved (test_godot_gate.GodotGateTest) ... ok
test_normal_and_bypass_execution_enable_fatal_output_detection (test_godot_gate.GodotGateTest) ... godot_gate: slot wait timed out; explicit bypass enabled
ok
test_project_path_forms (test_godot_gate.GodotGateTest) ... ok
test_quality_gate_imports_the_shared_fatal_pattern (test_godot_gate.GodotGateTest) ... ok
test_requested_build_pin_rejects_a_different_engine_before_import (test_godot_gate.GodotGateTest) ... ok
test_reserved_configuration_and_missing_binary_codes_are_preserved (test_godot_gate.GodotGateTest) ... godot_gate: invalid FSD_GODOT_RUN_TIMEOUT: could not convert string to float: 'invalid'
godot_gate: Godot executable not found; set GODOT_BIN (or GODOT) to an executable path
ok
test_separate_task_tmpdirs_share_one_slot_without_godot (test_godot_gate.GodotGateTest) ... ok
test_runtime_smoke_descendant_inventory_is_complete (test_godot_suite_exit_contract.GodotSuiteExitContractTests) ... ok
test_runtime_smoke_descendants_use_failure_aware_success_exit (test_godot_suite_exit_contract.GodotSuiteExitContractTests) ... ok
test_successful_quit_detector_ignores_non_executable_text_and_failures (test_godot_suite_exit_contract.GodotSuiteExitContractTests) ... ok
test_every_viewport_readback_suite_guards_headless (test_headless_capture_guard_contract.HeadlessCaptureGuardTests) ... ok
test_guard_detector_actually_catches_unguarded_fixture (test_headless_capture_guard_contract.HeadlessCaptureGuardTests) ... ok
test_guarded_fixture_passes_detector (test_headless_capture_guard_contract.HeadlessCaptureGuardTests) ... ok
test_hook_allows_the_push_when_the_guard_passes (test_install_hooks.InstallHooksTest) ... Installed pre-push hook at /private/tmp/multica-task-2347349279/tmp4ouq0r7r/.git/hooks/pre-push
ok
test_hook_blocks_the_push_when_the_guard_fails (test_install_hooks.InstallHooksTest) ... Installed pre-push hook at /private/tmp/multica-task-2347349279/tmpn_9p0t9e/.git/hooks/pre-push
ok
test_installer_exists_and_is_executable (test_install_hooks.InstallHooksTest) ... ok
test_installer_is_idempotent (test_install_hooks.InstallHooksTest) ... Installed pre-push hook at /private/tmp/multica-task-2347349279/tmp408yi_1i/.git/hooks/pre-push
Installed pre-push hook at /private/tmp/multica-task-2347349279/tmp408yi_1i/.git/hooks/pre-push
ok
test_installer_refuses_to_overwrite_a_foreign_pre_push_hook (test_install_hooks.InstallHooksTest) ... ok
test_run_installs_executable_pre_push_hook_calling_the_guard (test_install_hooks.InstallHooksTest) ... Installed pre-push hook at /private/tmp/multica-task-2347349279/tmp_st_27ws/.git/hooks/pre-push
ok
test_archive_importer_jira_requests_are_get_only (test_jira_archive_guards.JiraArchiveGuardTest) ... ok
test_archive_importer_rejects_live_project_before_jira_access (test_jira_archive_guards.JiraArchiveGuardTest) ... ok
test_archive_lookup_is_project_scoped_and_unique (test_jira_archive_guards.JiraArchiveGuardTest) ... ok
test_asset_generator_cannot_invoke_jira_sync (test_jira_archive_guards.JiraArchiveGuardTest) ... ok
test_retired_tools_fail_before_credentials_or_network (test_jira_archive_guards.JiraArchiveGuardTest) ... ok
test_retired_tools_have_no_network_or_secret_access (test_jira_archive_guards.JiraArchiveGuardTest) ... ok
test_build_script_macos_channel_is_fail_closed (test_local_release.LocalReleaseTests) ... ok
test_candidate_provenance_is_complete_safe_and_prebuilt (test_local_release.LocalReleaseTests) ... ok
test_config_never_infers_or_accepts_multica_worktree (test_local_release.LocalReleaseTests) ... ok
test_existing_tag_manifest_without_inventory_remains_verifiable (test_local_release.LocalReleaseTests) ... ok
test_macos_channel_resolution_is_explicit_and_fail_closed (test_local_release.LocalReleaseTests) ... ok
test_macos_verifier_can_use_immutable_tag_export_metadata (test_local_release.LocalReleaseTests) ... ok
test_macos_verifier_checks_mapped_short_and_build_versions (test_local_release.LocalReleaseTests) ... ok
test_materializes_exact_tag_and_verifies_stable_godot_project (test_local_release.LocalReleaseTests) ... ok
test_materializes_untagged_candidate_and_matches_tag_only_after_promotion (test_local_release.LocalReleaseTests) ... ok
test_pipeline_and_publishers_enforce_local_gate (test_local_release.LocalReleaseTests) ... ok
test_refuses_malformed_current_project_reparse_point (test_local_release.LocalReleaseTests) ... ok
test_refuses_out_of_root_and_stale_current_project_pointers (test_local_release.LocalReleaseTests) ... ok
test_refuses_regular_current_project_path (test_local_release.LocalReleaseTests) ... ok
test_refuses_to_overwrite_changed_existing_release (test_local_release.LocalReleaseTests) ... ok
test_registration_upgrades_existing_favorite_false (test_local_release.LocalReleaseTests) ... ok
test_release_version_parser_supports_hotfix_component (test_local_release.LocalReleaseTests) ... ok
test_requires_poster_and_distinct_installer_checksums (test_local_release.LocalReleaseTests) ... ok
test_signed_release_cannot_be_downgraded_to_unsigned_verification (test_local_release.LocalReleaseTests) ... ok
test_unsigned_channel_is_recorded_and_requires_explicit_verification (test_local_release.LocalReleaseTests) ... ok
test_active_surfaces_exist (test_multica_cutover_onboarding.CutoverOnboardingTest) ... ok
test_active_surfaces_name_multica_as_authoritative (test_multica_cutover_onboarding.CutoverOnboardingTest)
Every active surface must positively point at the Multica tracker. ... ok
test_cutover_record_exists_and_pins_canonical_facts (test_multica_cutover_onboarding.CutoverOnboardingTest)
The cutover record must fix date, approver, and canonical project. ... ok
test_dispatcher_role_prompts_are_path_portable (test_multica_cutover_onboarding.CutoverOnboardingTest) ... ok
test_dispatcher_uses_canonical_authority_and_one_launch_mechanism (test_multica_cutover_onboarding.CutoverOnboardingTest) ... ok
test_legacy_docs_carry_archive_banner (test_multica_cutover_onboarding.CutoverOnboardingTest)
jira_sync.md / task_board.md must be fenced behind a legacy banner. ... ok
test_multica_examples_use_safe_body_transport (test_multica_cutover_onboarding.CutoverOnboardingTest) ... ok
test_no_active_surface_directs_into_jira (test_multica_cutover_onboarding.CutoverOnboardingTest)
No active surface may assert Jira as the live/authoritative tracker. ... ok
test_no_active_surface_invokes_a_jira_helper (test_multica_cutover_onboarding.CutoverOnboardingTest)
No onboarding/worker surface may hand an agent a Jira claim/sync tool. ... ok
test_onboard_banner_is_multica_only (test_multica_cutover_onboarding.CutoverOnboardingTest)
The one-line onboarding banner must state the Multica-only rule. ... ok
test_onboard_links_real_claude_skills_without_background_autoland (test_multica_cutover_onboarding.CutoverOnboardingTest) ... ok
test_policy_forbids_worker_self_claim (test_multica_cutover_onboarding.CutoverOnboardingTest) ... ok
test_active_policy_is_multica_first (test_multica_task_policy.MulticaTaskPolicyTest) ... ok
test_canonical_project_and_lifecycle_are_pinned (test_multica_task_policy.MulticaTaskPolicyTest) ... ok
test_dispatcher_contract_matches_canonical_authority_and_fails_closed (test_multica_task_policy.MulticaTaskPolicyTest) ... ok
test_legacy_jira_doc_cannot_look_current (test_multica_task_policy.MulticaTaskPolicyTest) ... ok
test_done_card_without_a_recorded_transition_is_refused (test_pm_weekly_report.CompletionTimeTest) ... ok
test_status_re_entry_counts_the_latest_transition (test_pm_weekly_report.CompletionTimeTest) ... ok
test_transitions_out_of_done_are_not_completions (test_pm_weekly_report.CompletionTimeTest) ... ok
test_truncated_timeline_is_refused (test_pm_weekly_report.CompletionTimeTest) ... ok
test_updated_at_is_never_the_completion_time (test_pm_weekly_report.CompletionTimeTest) ... ok
test_counts_and_percentages (test_pm_weekly_report.CountsTest) ... ok
test_markdown_reports_every_metric_with_its_share (test_pm_weekly_report.CountsTest) ... ok
test_markdown_separates_the_proxy_from_real_rework_history (test_pm_weekly_report.CountsTest) ... ok
test_source_ids_are_preserved_verbatim (test_pm_weekly_report.CountsTest) ... ok
test_a_failing_cli_call_refuses_the_report (test_pm_weekly_report.ExecutableContractTest) ... ok
test_cli_arguments_and_stream_separation (test_pm_weekly_report.ExecutableContractTest) ... ok
test_a_label_no_card_carries_yields_zero_without_failing (test_pm_weekly_report.MissingLabelTest) ... ok
test_duplicate_issue_across_pages_is_refused (test_pm_weekly_report.PaginationTest) ... ok
test_every_page_asks_for_at_most_the_server_cap (test_pm_weekly_report.PaginationTest) ... ok
test_every_page_is_collected (test_pm_weekly_report.PaginationTest) ... ok
test_final_count_below_the_reported_total_is_refused (test_pm_weekly_report.PaginationTest) ... ok
test_incomplete_page_with_more_pending_is_refused (test_pm_weekly_report.PaginationTest) ... ok
test_only_terminal_done_cards_are_collected (test_pm_weekly_report.PaginationTest) ... ok
test_oversized_page_is_refused (test_pm_weekly_report.PaginationTest) ... ok
test_total_moving_between_pages_is_refused (test_pm_weekly_report.PaginationTest) ... ok
test_a_partial_snapshot_stays_partial_on_replay (test_pm_weekly_report.PartialWindowTest) ... pm_weekly_report: partial window: the window had not ended when these inputs were collected (2026-09-05T00:00:00Z < 2026-09-06T22:00:00Z); this is a partial report and does not satisfy the complete-week criterion. Re-run after the window ends, or pass --allow-partial and publish it as explicitly partial.
ok
test_complete_window_is_labelled_complete (test_pm_weekly_report.PartialWindowTest) ... ok
test_partial_report_is_labelled_partial_when_explicitly_allowed (test_pm_weekly_report.PartialWindowTest) ... ok
test_report_collected_before_the_window_ends_is_refused (test_pm_weekly_report.PartialWindowTest) ... pm_weekly_report: partial window: the window had not ended when these inputs were collected (2026-09-05T00:00:00Z < 2026-09-06T22:00:00Z); this is a partial report and does not satisfy the complete-week criterion. Re-run after the window ends, or pass --allow-partial and publish it as explicitly partial.
ok
test_share_is_rounded_to_one_decimal (test_pm_weekly_report.PercentageTest) ... ok
test_zero_denominator_is_zero_not_an_error (test_pm_weekly_report.PercentageTest) ... ok
test_a_full_run_issues_only_read_commands (test_pm_weekly_report.ReadOnlyTest) ... ok
test_the_allowlist_only_holds_read_commands (test_pm_weekly_report.ReadOnlyTest) ... ok
test_write_commands_are_refused_before_any_process_starts (test_pm_weekly_report.ReadOnlyTest) ... ok
test_punctuation_and_underscores_separate_tokens (test_pm_weekly_report.ReworkTitleTokenTest) ... ok
test_standalone_token_matches_in_any_case (test_pm_weekly_report.ReworkTitleTokenTest) ... ok
test_substring_matches_are_not_tokens (test_pm_weekly_report.ReworkTitleTokenTest) ... ok
test_equivalent_window_spelling_is_accepted_on_replay (test_pm_weekly_report.SnapshotTest) ... ok
test_foreign_snapshot_format_is_refused (test_pm_weekly_report.SnapshotTest) ... ok
test_label_or_project_that_contradicts_the_snapshot_is_refused (test_pm_weekly_report.SnapshotTest) ... pm_weekly_report: --label 'other-label' does not match the snapshot's 'product-behavior'
pm_weekly_report: --project 'other' does not match the snapshot's '2ac963eb-b644-4540-8042-a1a4508f1a65'
ok
test_replay_does_not_read_multica_at_all (test_pm_weekly_report.SnapshotTest) ... ok
test_report_from_snapshot_matches_the_live_run_byte_for_byte (test_pm_weekly_report.SnapshotTest) ... ok
test_snapshot_binds_the_population_it_was_read_from (test_pm_weekly_report.SnapshotTest) ... ok
test_unchanged_snapshot_reproduces_the_published_report (test_pm_weekly_report.SnapshotTest) ... ok
test_window_that_contradicts_the_snapshot_is_refused (test_pm_weekly_report.SnapshotTest) ... pm_weekly_report: --since '2026-08-24T22:00:00Z' does not match the snapshot window '2026-08-30T22:00:00Z'
ok
test_impossible_instant_is_refused (test_pm_weekly_report.TimestampTest) ... ok
test_offsets_and_z_denote_the_same_instant (test_pm_weekly_report.TimestampTest) ... ok
test_sub_second_precision_round_trips (test_pm_weekly_report.TimestampTest) ... ok
test_timestamp_without_an_offset_is_refused (test_pm_weekly_report.TimestampTest) ... ok
test_card_touched_inside_the_window_but_finished_earlier_is_excluded (test_pm_weekly_report.WindowBoundaryTest) ... ok
test_local_offsets_select_the_same_completions (test_pm_weekly_report.WindowBoundaryTest) ... ok
test_out_of_band_cards_never_reach_a_timeline_read (test_pm_weekly_report.WindowBoundaryTest) ... ok
test_start_is_inclusive_and_end_is_exclusive (test_pm_weekly_report.WindowBoundaryTest) ... ok
test_empty_week_reports_zero_counts_and_zero_shares (test_pm_weekly_report.ZeroDenominatorTest) ... ok
test_canonical_release_note_inputs_keep_core_without_full_fallback (test_quality_selection.QualitySelectionPolicyTests) ... ok
test_deleted_or_renamed_suite_falls_back_to_full (test_quality_selection.QualitySelectionPolicyTests) ... ok
test_existing_suite_sidecar_selects_its_suite_without_full_fallback (test_quality_selection.QualitySelectionPolicyTests) ... ok
test_full_profile_filters_and_umbrella_flag_remain_deterministic (test_quality_selection.QualitySelectionPolicyTests) ... ok
test_git_change_discovery_retains_deleted_and_both_rename_paths (test_quality_selection.QualitySelectionPolicyTests) ... ok
test_known_path_keeps_the_pre_extraction_selection (test_quality_selection.QualitySelectionPolicyTests) ... ok
test_malformed_or_unexpected_release_note_paths_fall_back_to_full (test_quality_selection.QualitySelectionPolicyTests) ... ok
test_other_unclassified_domains_fail_conservatively_to_full (test_quality_selection.QualitySelectionPolicyTests) ... ok
test_progression_weapons_keeps_the_accepted_additive_coverage (test_quality_selection.QualitySelectionPolicyTests) ... ok
test_release_note_with_unknown_runtime_change_retains_full_fallback (test_quality_selection.QualitySelectionPolicyTests) ... ok
test_runner_applies_the_existing_shard_slice_after_selection (test_quality_selection.QualitySelectionPolicyTests) ... ok
test_shared_class_base_keeps_class_wide_and_umbrella_coverage (test_quality_selection.QualitySelectionPolicyTests) ... ok
test_shared_helper_keeps_transitive_umbrella_coverage (test_quality_selection.QualitySelectionPolicyTests) ... ok
test_unknown_domain_falls_back_to_the_full_suite_fleet (test_quality_selection.QualitySelectionPolicyTests) ... ok
test_class_weapon_chain_modules_present_and_bounded (test_quality_static_guard.ClassWeaponArchitectureTest) ... ok
test_class_weapon_facade_stays_a_facade (test_quality_static_guard.ClassWeaponArchitectureTest) ... ok
test_broken_registry_fails_closed (test_quality_static_guard.EmbeddedOwnershipIdTest) ... ok
test_candidate_ambiguity_is_reported_instead_of_guessed (test_quality_static_guard.EmbeddedOwnershipIdTest) ... ok
test_chemist_ultimate_and_homunculus_actor_require_declaration (test_quality_static_guard.EmbeddedOwnershipIdTest) ... ok
test_class_owned_ultimate_sprite_uses_its_class_domain (test_quality_static_guard.EmbeddedOwnershipIdTest) ... ok
test_class_scene_and_foreign_class_test_are_rejected (test_quality_static_guard.EmbeddedOwnershipIdTest) ... ok
test_cross_domain_declaration_covers_the_new_surfaces (test_quality_static_guard.EmbeddedOwnershipIdTest) ... ok
test_cross_domain_declaration_does_not_bypass_ambiguous_path (test_quality_static_guard.EmbeddedOwnershipIdTest) ... ok
test_embedded_ids_classify_their_owning_domain (test_quality_static_guard.EmbeddedOwnershipIdTest) ... ok
test_equal_priority_matches_fail_closed (test_quality_static_guard.EmbeddedOwnershipIdTest) ... ok
test_one_actor_or_class_zone_passes (test_quality_static_guard.EmbeddedOwnershipIdTest) ... ok
test_previously_accepted_rules_still_hold_alongside_the_new_surfaces (test_quality_static_guard.EmbeddedOwnershipIdTest) ... ok
test_registry_matches_the_canonical_checkout_sources (test_quality_static_guard.EmbeddedOwnershipIdTest) ... ok
test_rename_delete_and_untracked_count_on_the_new_surfaces (test_quality_static_guard.EmbeddedOwnershipIdTest) ... ok
test_two_actor_zones_are_rejected (test_quality_static_guard.EmbeddedOwnershipIdTest) ... ok
test_two_class_zones_are_rejected (test_quality_static_guard.EmbeddedOwnershipIdTest) ... ok
test_unowned_sprite_and_shared_ultimate_test_do_not_invent_a_domain (test_quality_static_guard.EmbeddedOwnershipIdTest) ... ok
test_legacy_ceilings_only_tighten (test_quality_static_guard.LineCeilingRatchetTest) ... ok
test_new_script_limit_only_tightens (test_quality_static_guard.LineCeilingRatchetTest) ... ok
test_ui_screens_facade_stays_a_facade (test_quality_static_guard.LineCeilingRatchetTest) ... ok
test_absent_integration_base_fails_closed (test_quality_static_guard.OwnershipDomainGuardTest) ... ok
test_class_and_ui_change_is_rejected (test_quality_static_guard.OwnershipDomainGuardTest) ... ok
test_deletions_count_toward_their_domains (test_quality_static_guard.OwnershipDomainGuardTest) ... ok
test_domain_inference_follows_the_ownership_map (test_quality_static_guard.OwnershipDomainGuardTest) ... ok
test_explicit_cross_domain_declaration_allows_multi_domain_work (test_quality_static_guard.OwnershipDomainGuardTest) ... ok
test_guard_cli_reports_the_ownership_failure (test_quality_static_guard.OwnershipDomainGuardTest) ... ok
test_malformed_cross_domain_declarations_cannot_bypass_the_guard (test_quality_static_guard.OwnershipDomainGuardTest) ... ok
test_mixed_classes_are_rejected (test_quality_static_guard.OwnershipDomainGuardTest) ... ok
test_no_change_candidate_passes (test_quality_static_guard.OwnershipDomainGuardTest) ... ok
test_one_budgeted_shared_file_passes (test_quality_static_guard.OwnershipDomainGuardTest) ... ok
test_quality_gate_hands_the_integration_base_to_the_guard (test_quality_static_guard.OwnershipDomainGuardTest) ... ok
test_rename_across_domains_is_rejected_and_within_a_domain_passes (test_quality_static_guard.OwnershipDomainGuardTest) ... ok
test_shared_legacy_weapon_families_stay_shared_not_class_local (test_quality_static_guard.OwnershipDomainGuardTest) ... ok
test_single_domain_candidate_passes (test_quality_static_guard.OwnershipDomainGuardTest) ... ok
test_two_budgeted_shared_files_are_rejected (test_quality_static_guard.OwnershipDomainGuardTest) ... ok
test_two_shared_weapon_families_exceed_the_budget (test_quality_static_guard.OwnershipDomainGuardTest) ... ok
test_unrelated_history_base_fails_closed (test_quality_static_guard.OwnershipDomainGuardTest) ... ok
test_unresolved_integration_base_fails_closed (test_quality_static_guard.OwnershipDomainGuardTest) ... ok
test_untracked_candidate_files_count_toward_their_domains (test_quality_static_guard.OwnershipDomainGuardTest) ... ok
test_absent_text_missing_from_head_fails_closed (test_quality_static_guard.QualityStaticGuardTest) ... ok
test_absent_tracked_credential_source_is_scanned_from_head (test_quality_static_guard.QualityStaticGuardTest) ... ok
test_absent_tracked_runtime_source_still_gets_resource_case_validation (test_quality_static_guard.QualityStaticGuardTest) ... ok
test_accepts_script_with_committed_uid_sidecar (test_quality_static_guard.QualityStaticGuardTest) ... ok
test_build_script_uses_the_tagged_platform_mapping_tool (test_quality_static_guard.QualityStaticGuardTest) ... ok
test_current_checkout_passes (test_quality_static_guard.QualityStaticGuardTest) ... ok
test_fantasydisk_player_import_probe_contract_accepts_canonical_probe (test_quality_static_guard.QualityStaticGuardTest) ... ok
test_fantasydisk_player_import_probe_contract_is_required (test_quality_static_guard.QualityStaticGuardTest) ... ok
test_gdscript_contract_entrypoint_is_wired_into_the_static_guard (test_quality_static_guard.QualityStaticGuardTest) ... ok
test_ignores_script_below_tracked_gdignore (test_quality_static_guard.QualityStaticGuardTest) ... ok
test_mapping_cli_fails_closed_for_foreign_platform_version (test_quality_static_guard.QualityStaticGuardTest) ... ok
test_mapping_cli_fails_closed_for_sectionless_platform_version (test_quality_static_guard.QualityStaticGuardTest) ... ok
test_mapping_is_monotonic_and_bounds_the_hotfix_component (test_quality_static_guard.QualityStaticGuardTest) ... ok
test_maps_four_component_hotfix_to_three_component_macos_metadata (test_quality_static_guard.QualityStaticGuardTest) ... ok
test_minimal_fixture_without_fantasydisk_player_assets_is_valid (test_quality_static_guard.QualityStaticGuardTest) ... ok
test_missing_fantasydisk_player_import_probe_fails_closed (test_quality_static_guard.QualityStaticGuardTest) ... ok
test_rejects_direct_four_component_macos_metadata (test_quality_static_guard.QualityStaticGuardTest) ... ok
test_rejects_duplicate_or_lookalike_global_version_assignments (test_quality_static_guard.QualityStaticGuardTest) ... ok
test_rejects_duplicate_or_suffix_version_assignments (test_quality_static_guard.QualityStaticGuardTest) ... ok
test_rejects_five_component_release_version (test_quality_static_guard.QualityStaticGuardTest) ... ok
test_rejects_global_conflicting_platform_version_assignments (test_quality_static_guard.QualityStaticGuardTest) ... ok
test_rejects_global_project_version_assignment (test_quality_static_guard.QualityStaticGuardTest) ... ok
test_rejects_sectionless_managed_version_assignments (test_quality_static_guard.QualityStaticGuardTest) ... ok
test_rejects_stale_release_version_in_the_project_file (test_quality_static_guard.QualityStaticGuardTest) ... ok
test_rejects_version_field_in_the_wrong_platform_preset (test_quality_static_guard.QualityStaticGuardTest) ... ok
test_reports_missing_uid_sidecar_in_imported_tree (test_quality_static_guard.QualityStaticGuardTest) ... ok
test_resource_case_mismatch_is_reported (test_quality_static_guard.QualityStaticGuardTest) ... ok
test_scans_hash_lookalikes_and_ignores_semicolon_comments (test_quality_static_guard.QualityStaticGuardTest) ... ok
test_godot_environment_precedence (test_quality_tools.GodotGateTests) ... ok
test_godot_process_timeout_is_terminal (test_quality_tools.GodotGateTests) ... godot_gate: Godot timed out after 0.05s; process terminated
ok
test_project_path_variants (test_quality_tools.GodotGateTests) ... ok
test_slot_lock_is_nonblocking (test_quality_tools.GodotGateTests) ... ok
test_live_engine_clean_run_carries_no_failure_signal (test_quality_tools.LiveEngineSignatureTests) ... ok
test_live_engine_reports_push_error_with_the_pinned_frame (test_quality_tools.LiveEngineSignatureTests) ... ok
test_ambiguous_test_names_across_directories_are_rejected (test_quality_tools.QualityGateTests) ... ok
test_balance_import_prepass_scrubs_inherited_exclusive_flag (test_quality_tools.QualityGateTests) ... ok
test_balance_runner_marks_only_live_timing_measurements_exclusive (test_quality_tools.QualityGateTests) ... ok
test_benign_engine_errors_do_not_turn_a_green_suite_red (test_quality_tools.QualityGateTests) ... ok
test_candidate_workflow_deepens_history_for_manifest_capture_sources (test_quality_tools.QualityGateTests) ... ok
test_candidate_workflow_keeps_all_contact_sheets_validated (test_quality_tools.QualityGateTests) ... ok
test_candidate_workflow_uses_the_fail_closed_lfs_evidence_list (test_quality_tools.QualityGateTests) ... ok
test_certification_capture_evidence_canonicalizes_godot_resource_paths (test_quality_tools.QualityGateTests) ... ok
test_certification_capture_evidence_includes_nested_manifests (test_quality_tools.QualityGateTests) ... ok
test_certification_capture_evidence_rejects_invalid_nested_artifact (test_quality_tools.QualityGateTests) ... ok
test_certification_live_capture_routes_to_headless_verification_suite (test_quality_tools.QualityGateTests) ... ok
test_changed_profile_selects_changed_and_untracked_tests_with_runtime_fallback (test_quality_tools.QualityGateTests) ... ok
test_changed_profile_selects_core_and_diff_driven_suites (test_quality_tools.QualityGateTests) ... ok
test_changed_profile_selects_typography_inventory_suite_for_scanned_paths (test_quality_tools.QualityGateTests) ... ok
test_class_certification_link_hydrates_every_certification_frame (test_quality_tools.QualityGateTests) ... ok
test_class_certification_link_is_read_from_a_synthetic_manifest (test_quality_tools.QualityGateTests) ... ok
test_class_package_paths_select_player_integration_regression (test_quality_tools.QualityGateTests) ... ok
test_coin_pouch_executor_selects_thief_contract_suites (test_quality_tools.QualityGateTests) ... ok
test_defensive_fixture_changes_select_consumability_gate (test_quality_tools.QualityGateTests) ... ok
test_defensive_fixture_paths_resolve_to_files (test_quality_tools.QualityGateTests) ... ok
test_defensive_paths_select_complete_unique_contract_group (test_quality_tools.QualityGateTests) ... ok
test_dirty_worktree_cannot_be_certifying (test_quality_tools.QualityGateTests) ... ok
test_discovers_direct_and_inherited_suites (test_quality_tools.QualityGateTests) ... ok
test_discovers_nested_godot_suites (test_quality_tools.QualityGateTests) ... ok
test_empty_godot_selection_is_reported_as_failure (test_quality_tools.QualityGateTests) ... EMPTY TEST SET: no Godot tests selected for profile full with filters no_such_suite_matches_this_filter
QUALITY FAILED: 1 static, 0 Godot; report=/tmp/multica-task-2347349279/quality-empty-selection-lzmcsjqu/quality_gate_report.json
ok
test_every_python_unit_command_is_guarded_by_executed_count (test_quality_tools.QualityGateTests) ... STATIC repository-invariants
STATIC repository-storage-policy
STATIC python-unit
STATIC python-syntax
STATIC asset-audit
STATIC constellation-validator
STATIC runtime-manifest-validator
STATIC git-diff-check
STATIC git-index-check
STATIC git-head-check
STATIC git-range-check
STATIC repository-invariants
STATIC repository-storage-policy
STATIC python-unit
STATIC python-unit:tests/tools
STATIC python-syntax
STATIC asset-audit
STATIC constellation-validator
STATIC runtime-manifest-validator
STATIC git-diff-check
STATIC git-index-check
STATIC git-head-check
STATIC git-range-check
ok
test_every_repository_python_test_belongs_to_one_discovery_root (test_quality_tools.QualityGateTests) ... ok
test_failure_fixtures_carry_the_pinned_engine_banner (test_quality_tools.QualityGateTests) ... ok
test_feedback_reporter_change_selects_lifecycle_regression (test_quality_tools.QualityGateTests) ... ok
test_full_filter_and_skip_umbrella (test_quality_tools.QualityGateTests) ... ok
test_import_prepass_routes_through_godot_gate (test_quality_tools.QualityGateTests) ... PASS  Godot import cache pre-pass
ok
test_import_prepass_runs_once_before_equal_per_suite_budgets (test_quality_tools.QualityGateTests) ... GODOT warming import cache via semaphore gate
GODOT running 2 test(s) via semaphore gate
GODOT 1/2 tests/a5_balance_report_integrity_test.gd
GODOT 2/2 tests/runtime_smoke_test.gd
ULTIMATE FEATURE LIST SKIPPED: recipe suites outside this selection: res://tests/ultimates/mechanics/assassin_live_test.gd, res://tests/ultimates/mechanics/berserk_live_test.gd, res://tests/ultimates/mechanics/biologist_live_test.gd, res://tests/ultimates/mechanics/chemist_ultimate_mechanics_test.gd, res://tests/ultimates/mechanics/dark_mage_ultimate_live_test.gd, res://tests/ultimates/mechanics/doctor_live_test.gd, res://tests/ultimates/mechanics/druid_live_test.gd, res://tests/ultimates/mechanics/elementalist_live_test.gd, res://tests/ultimates/mechanics/engineer_ultimate_live_test.gd, res://tests/ultimates/mechanics/guitarist_ultimate_live_test.gd, res://tests/ultimates/mechanics/knight_trio_integration_test.gd, res://tests/ultimates/mechanics/priest_live_test.gd, res://tests/ultimates/mechanics/ranger_live_test.gd, res://tests/ultimates/mechanics/robot_ultimate_live_test.gd, res://tests/ultimates/mechanics/sniper_live_test.gd, res://tests/ultimates/mechanics/thief_live_test.gd, res://tests/ultimates/soldier_runtime_test.gd
QUALITY NON-CERTIFYING: the ultimate feature-list checker was owed but skipped
QUALITY PARTIAL_PASS: 1 static, 2 Godot; report=/tmp/multica-task-2347349279/quality-import-report-qtluckuo/report.json
ok
test_import_timeout_reads_its_environment_override (test_quality_tools.QualityGateTests) ... ok
test_known_import_sidecars_are_removed_without_broad_cleanup (test_quality_tools.QualityGateTests) ... ok
test_known_tracked_import_sidecars_are_never_removed (test_quality_tools.QualityGateTests) ... ok
test_lfs_evidence_path_rejects_unsafe_or_unsupported_paths (test_quality_tools.QualityGateTests) ... ok
test_lifecycle_measurement_starts_after_activation_admission (test_quality_tools.QualityGateTests) ... ok
test_lifecycle_precompletion_checkpoint_uses_tween_progress (test_quality_tools.QualityGateTests) ... ok
test_lifecycle_sampling_repair_stays_fail_closed (test_quality_tools.QualityGateTests)
FAN-3279: a starved observation frame must not read as a lifecycle ... ok
test_list_mode_fails_closed_on_empty_selection (test_quality_tools.QualityGateTests) ... Selected 0 Godot test(s).
tests/test_a5_gzip_artifact.py
tests/test_animation_roster_manifest_determinism.py
tests/test_architecture_inventory.py
tests/test_changelog_fragments.py
tests/test_content_registry.py
tests/test_content_registry_ci_checkout.py
tests/test_fan2595_chemist_animation_review.py
tests/test_fan3327_actor_pack.py
tests/test_feedback_proxy.py
tests/test_feedback_relay_smoke.py
tests/test_gdscript_contracts.py
tests/test_godot_gate.py
tests/test_godot_suite_exit_contract.py
tests/test_graphify_project_install.py
tests/test_headless_capture_guard_contract.py
tests/test_install_hooks.py
tests/test_jira_archive_guards.py
tests/test_local_release.py
tests/test_multica_cutover_onboarding.py
tests/test_multica_task_policy.py
tests/test_pm_weekly_report.py
tests/test_quality_selection.py
tests/test_quality_static_guard.py
tests/test_quality_tools.py
tests/test_quality_workflow.py
tests/test_release_notes_template.py
tests/test_release_notes_visual_claims_guard.py
tests/test_release_scope_guard.py
tests/test_release_secret_scan.py
tests/test_release_skill_onboarding.py
tests/test_repository_storage_policy.py
tests/test_scrum1087_migrator_fail_closed.py
tests/test_skill_references.py
tests/test_story_points_contract.py
tests/test_story_points_remediation.py
tests/test_test_coverage_gate.py
tests/test_ultimate_feature_list.py
tests/test_update_release_pipeline.py
tests/test_visual_gate.py
tests/test_windows_quality_import_contract.py
tests/tools/test_godot_gate_missing_script_contract.py
tests/tools/test_nested_discovery_contract.py
tests/tools/test_qa_protocol_gate_contract.py
Discovered 43 Python test file(s).
Ultimate feature-list checker: not selected
EMPTY TEST SET: no Godot tests selected for profile full with filters no_such_suite_filter
tests/a5_balance_report_digest_memory_test.gd
tests/a5_balance_report_druid_full_determinism_test.gd
tests/a5_balance_report_integrity_test.gd
tests/a5_balance_report_lineage_test.gd
tests/a5_balance_report_observer_neutrality_test.gd
tests/a5_balance_report_parity_test.gd
tests/achievements_smoke_test.gd
tests/ultimates/presentation/adoption_shards_test.gd
tests/aim_controller_contract_test.gd
tests/aim_controller_runtime_test.gd
tests/aim_controller_weapon_matrix_test.gd
tests/aim_mode_settings_test.gd
tests/ally_minion_lifecycle_test.gd
tests/animation_smoke_test.gd
tests/aoe_target_cap_gate.gd
tests/aoe_telegraph_fairness_runtime_test.gd
tests/artifact_ascension_gate_test.gd
tests/artifact_family_roll_test.gd
tests/artifacts_606_609_test.gd
tests/ascension_curve_balance_test.gd
tests/ascension_viability_gate.gd
tests/actors/ash_marksman_smoke_test.gd
tests/actors/ashen_colossus_smoke_test.gd
tests/ultimates/assassin_balance_test.gd
tests/balance/assassin/assassin_identity_test.gd
tests/balance/assassin/assassin_kit_test.gd
tests/ultimates/mechanics/assassin_live_test.gd
tests/ultimates/mechanics/assassin_mechanics_balance_test.gd
tests/ultimates/mechanics/assassin_mechanics_test.gd
tests/ultimates/mechanics/assassin_package_test.gd
tests/ultimates/presentation/assassin_ultimate_contact_capture.gd
tests/ultimates/presentation/assassin_ultimate_timelines.gd
tests/ultimates/presentation/assassin_victim_impact_test.gd
tests/asset_reference_integrity_test.gd
tests/atlas_scrum1070_respec_button_test.gd
tests/atlas_scrum970_clickability_test.gd
tests/atlas_scrum971_selected_class_label_test.gd
tests/attack_vfx_smoke_test.gd
tests/attribute_consumability_fan1887_test.gd
tests/attribute_relevance_test.gd
tests/attribute_ui_matrix_fan1927_test.gd
tests/audio_integration_test.gd
tests/audio_manager_smoke_test.gd
tests/audio_qa_969_test.gd
tests/ultimates/balance_charge_economy_test.gd
tests/ultimates/balance_harness_test.gd
tests/basic_attack_flipbook_ratchet_test.gd
tests/basic_attack_flipbook_test.gd
tests/encounters/beat_director_determinism_test.gd
tests/encounters/beat_director_lifecycle_test.gd
tests/encounters/beat_marked_target_runtime_test.gd
tests/ultimates/presentation/beat_routing_gate_test.gd
tests/ultimates/berserk_balance_test.gd
tests/ultimates/presentation/berserk_certification_capture_test.gd
tests/balance/berserk/berserk_dps_runaway_gate.gd
tests/ultimates/mechanics/berserk_live_test.gd
tests/ultimates/mechanics/berserk_mechanics_balance_test.gd
tests/ultimates/mechanics/berserk_package_test.gd
tests/berserk_pixellab_pack_test.gd
tests/balance/berserk/berserk_rage_trait_test.gd
tests/ultimates/presentation/berserk_ultimate_contact_capture.gd
tests/ultimates/presentation/berserk_ultimate_timelines.gd
tests/balance/berserk/berserk_weapon_configs_test.gd
tests/ultimates/mechanics/biologist_balance_test.gd
tests/ultimates/presentation/biologist_certification_capture_test.gd
tests/balance/biologist/biologist_kit_test.gd
tests/ultimates/mechanics/biologist_live_test.gd
tests/ultimates/mechanics/biologist_package_test.gd
tests/biologist_pixellab_pack_test.gd
tests/ultimates/presentation/biologist_ultimate_contact_capture.gd
tests/ultimates/presentation/biologist_ultimate_timelines.gd
tests/balance/biologist/biologist_weapon_mechanics_test.gd
tests/actors/bloodthorn_lion_smoke_test.gd
tests/actors/bone_archon_smoke_test.gd
tests/actors/bone_caller_smoke_test.gd
tests/actors/bone_shaman_smoke_test.gd
tests/boss_act_reward_heal_test.gd
tests/boss_directional_telegraph_test.gd
tests/boss_elite_ttk_gate.gd
tests/boss_hazard_cap_gate.gd
tests/boss_outgoing_damage_multiplier_test.gd
tests/boss_phase_progression_test.gd
tests/boss_summon_cap_test.gd
tests/actors/brood_mother_smoke_test.gd
tests/ultimates/canonical_ultimate_text_test.gd
tests/encounters/captain_contract_test.gd
tests/encounters/captain_roles_test.gd
tests/encounters/carrier_feature_lifecycle_test.gd
tests/character_sprite_registry_alignment_test.gd
tests/character_ultimate_config_test.gd
tests/ultimates/chemist_balance_test.gd
tests/ultimates/presentation/chemist_certification_capture_test.gd
tests/balance/chemist/chemist_identity_test.gd
tests/balance/chemist/chemist_kit_test.gd
tests/ultimates/presentation/chemist_ultimate_contact_capture.gd
tests/ultimates/mechanics/chemist_ultimate_mechanics_test.gd
tests/ultimates/presentation/chemist_ultimate_timelines.gd
tests/class_artifacts_test.gd
tests/class_budget_profiles_integrity_test.gd
tests/class_damage_table_3variants_test.gd
tests/class_progression_test.gd
tests/codex_data_smoke_test.gd
tests/codex_discovery_contract_test.gd
tests/codex_scrum954_layout_test.gd
tests/codex_scrum958_image_fit_test.gd
tests/codex_unlock_tracking_test.gd
tests/codex_unread_victory_test.gd
tests/combat_fairness_test.gd
tests/combat_primitive_ratchet_test.gd
tests/combat_target_query_cache_test.gd
tests/combat_target_query_top_k_test.gd
tests/encounters/combat_variety_slice_test.gd
tests/combat_world_pause_test.gd
tests/comfort_band_cross_class_gate.gd
tests/a5/scenarios/conditional_final_pack_test.gd
tests/constellation_schema6_consumer_paths_test.gd
tests/constellation_schema6_final_event_matrix_test.gd
tests/constellation_schema6_lifecycle_runtime_test.gd
tests/constellation_schema6_live_runtime_test.gd
tests/constellation_schema6_manifest_test.gd
tests/constellation_schema6_migration_test.gd
tests/constellation_schema6_special_finals_test.gd
tests/constellation_schema6_weapon_profile_test.gd
tests/contact_damage_softcap_test.gd
tests/contact_stuck_attack_deadzone_test.gd
tests/content_registry_consistency_test.gd
tests/content_rewards_integrity_test.gd
tests/encounters/contract_feature_lifecycle_test.gd
tests/encounters/contract_offer_ui_test.gd
tests/ultimates/controller_host_primitives_test.gd
tests/ultimates/controller_player_integration_test.gd
tests/ultimates/controller_runtime_test.gd
tests/coverage_cap_gate.gd
tests/damage_type_isolation_test.gd
tests/damage_type_palette_test.gd
tests/dark_fantasy_ui_theme_test.gd
tests/ultimates/presentation/dark_mage_accessibility_modes_test.gd
tests/ultimates/presentation/dark_mage_certification_capture_test.gd
tests/balance/dark_mage/dark_mage_kit_test.gd
tests/dark_mage_pixellab_pack_test.gd
tests/ultimates/presentation/dark_mage_runtime_presentation_test.gd
tests/ultimates/mechanics/dark_mage_ultimate_balance_test.gd
tests/ultimates/presentation/dark_mage_ultimate_contact_capture.gd
tests/ultimates/mechanics/dark_mage_ultimate_live_test.gd
tests/ultimates/mechanics/dark_mage_ultimate_mechanics_test.gd
tests/ultimates/mechanics/dark_mage_ultimate_package_test.gd
tests/ultimates/presentation/dark_mage_ultimate_timelines.gd
tests/balance/dark_mage/dark_mage_weapon_rework_test.gd
tests/encounters/deck_feature_contract_test.gd
tests/defensive_attribute_contract_fan1895_test.gd
tests/a5/scenarios/defensive_reactive_qol_test.gd
tests/derived_stats_model_characterization_test.gd
tests/design_review_screenshot_capture_test.gd
tests/dev_console_smoke_test.gd
tests/dev_console_win_flow_test.gd
tests/actors/disk_devourer_smoke_test.gd
tests/display_resolution_test.gd
tests/ultimates/mechanics/doctor_balance_test.gd
tests/ultimates/mechanics/doctor_bone_saw_direction_v2_test.gd
tests/balance/doctor/doctor_drain_softcap_test.gd
tests/balance/doctor/doctor_identity_test.gd
tests/balance/doctor/doctor_kit_test.gd
tests/ultimates/mechanics/doctor_live_test.gd
tests/ultimates/mechanics/doctor_package_test.gd
tests/balance/doctor/doctor_ult_healing_multiplier_test.gd
tests/ultimates/presentation/doctor_ultimate_contact_capture.gd
tests/ultimates/presentation/doctor_ultimate_timelines.gd
tests/ultimates/mechanics/druid_balance_test.gd
tests/actors/druid_beast_smoke_test.gd
tests/ultimates/mechanics/druid_briar_staff_test.gd
tests/actors/druid_ghost_bear_smoke_test.gd
tests/actors/druid_ghost_lion_smoke_test.gd
tests/actors/druid_ghost_panther_smoke_test.gd
tests/actors/druid_ghost_stag_smoke_test.gd
tests/actors/druid_ghost_wolf_smoke_test.gd
tests/balance/druid/druid_identity_test.gd
tests/balance/druid/druid_kit_test.gd
tests/ultimates/mechanics/druid_live_test.gd
tests/ultimates/mechanics/druid_package_test.gd
tests/ultimates/mechanics/druid_raven_totem_test.gd
tests/ultimates/mechanics/druid_summon_amulet_test.gd
tests/druid_summon_observer_determinism_test.gd
tests/druid_support_scale_contract_test.gd
tests/ultimates/presentation/druid_ultimate_contact_capture.gd
tests/ultimates/presentation/druid_ultimate_timelines.gd
tests/duplicate_player_spawn_regression_test.gd
tests/encounters/early_clear_feature_lifecycle_test.gd
tests/encounters/early_clear_objective_state_test.gd
tests/ultimates/effectiveness_runner_test.gd
tests/ultimates/effectiveness_shards_test.gd
tests/ultimates/mechanics/elementalist_balance_test.gd
tests/balance/elementalist/elementalist_kit_test.gd
tests/ultimates/mechanics/elementalist_live_test.gd
tests/ultimates/mechanics/elementalist_mechanics_test.gd
tests/ultimates/mechanics/elementalist_meteor_core_test.gd
tests/ultimates/mechanics/elementalist_orb_ring_test.gd
tests/ultimates/mechanics/elementalist_prism_focus_test.gd
tests/ultimates/presentation/elementalist_ultimate_contact_capture.gd
tests/ultimates/presentation/elementalist_ultimate_timelines.gd
tests/balance/elementalist/elementalist_weapon_mechanics_test.gd
tests/elite_attack_config_safety_test.gd
tests/encounters/encounter_feature_state_autosave_test.gd
tests/encounters/encounter_registry_contract_test.gd
tests/encounters/encounter_scene_prewarm_test.gd
tests/encounters/encounter_spawn_plan_quota_test.gd
tests/enemy_animation_priority_test.gd
tests/enemy_content_integrity_test.gd
tests/enemy_damage_spread_gate.gd
tests/enemy_health_bar_smoke_test.gd
tests/enemy_projectile_smoke_test.gd
tests/enemy_separation_behavior_test.gd
tests/enemy_separation_operation_count_test.gd
tests/ultimates/presentation/engineer_accessibility_modes_test.gd
tests/ultimates/engineer_balance_test.gd
tests/ultimates/presentation/engineer_certification_capture_test.gd
tests/ultimates/presentation/engineer_certification_live_capture.gd
tests/balance/engineer/engineer_kit_test.gd
tests/balance/engineer/engineer_turret_test.gd
tests/ultimates/mechanics/engineer_ultimate_balance_test.gd
tests/ultimates/presentation/engineer_ultimate_contact_capture.gd
tests/ultimates/mechanics/engineer_ultimate_live_test.gd
tests/ultimates/mechanics/engineer_ultimate_mechanics_test.gd
tests/ultimates/presentation/engineer_ultimate_presentation_test.gd
tests/ultimates/presentation/engineer_ultimate_timelines.gd
tests/balance/engineer/engineer_weapon_mechanics_test.gd
tests/event_choices_empty_pool_test.gd
tests/event_data_contract_check.gd
tests/event_data_smoke_test.gd
tests/event_outcomes_runtime_test.gd
tests/event_random_artifact_empty_pool_test.gd
tests/event_risk_reward_ev_test.gd
tests/ultimates/executor_contract_audit_test.gd
tests/ultimates/executor_primitives_test.gd
tests/ultimates/fan1541_activation_integration_test.gd
tests/fan1891_attack_area_contract_test.gd
tests/fan1893_capability_contract_test.gd
tests/fan2623_shard_marshal_directional_test.gd
tests/ultimates/presentation/fan2985_live_beat_capture.gd
tests/feedback_privacy_contract_test.gd
tests/feedback_privacy_ui_test.gd
tests/feedback_relay_contract_test.gd
tests/feedback_request_lifecycle_test.gd
tests/feedback_retry_policy_test.gd
tests/feedback_upload_size_test.gd
tests/feedback_webhook_config_test.gd
tests/feet_anchor_ground_circle_test.gd
tests/forced_input_mode_aim_handoff_test.gd
tests/full_frame_atlas_parity_test.gd
tests/full_frame_eight_direction_contract_test.gd
tests/full_frame_registry_integrity_test.gd
tests/full_frame_registry_shard_validation_test.gd
tests/full_frame_row_scale_invariant_test.gd
tests/game_settings_smoke_test.gd
tests/gamepad_combat_actions_test.gd
tests/gamepad_core_input_test.gd
tests/gamepad_full_flow_smoke_test.gd
tests/gamepad_inrun_ui_test.gd
tests/gamepad_menu_focus_test.gd
tests/gamepad_player_movement_test.gd
tests/gamepad_settings_rebind_test.gd
tests/gameplay_sandbox_scrum976_test.gd
tests/global_damage_balance_smoke_test.gd
tests/global_survivability_balance_smoke_test.gd
tests/glossary_smoke_test.gd
tests/ultimates/guard_prevention_resource_test.gd
tests/guild_atlas_scrum1069_balance_test.gd
tests/ultimates/mechanics/guitarist_bass_guitar_test.gd
tests/ultimates/mechanics/guitarist_electric_guitar_test.gd
tests/balance/guitarist/guitarist_kit_test.gd
tests/ultimates/mechanics/guitarist_sound_amp_test.gd
tests/ultimates/mechanics/guitarist_ultimate_balance_test.gd
tests/ultimates/presentation/guitarist_ultimate_contact_capture.gd
tests/ultimates/mechanics/guitarist_ultimate_live_test.gd
tests/ultimates/mechanics/guitarist_ultimate_mechanics_test.gd
tests/ultimates/presentation/guitarist_ultimate_timelines.gd
tests/balance/guitarist/guitarist_weapon_rework_test.gd
tests/hazard_vfx_smoke_test.gd
tests/hero_select_berserk_preview_test.gd
tests/hero_select_biologist_pixellab_preview_test.gd
tests/hero_select_dark_mage_pixellab_preview_test.gd
tests/hero_select_guitarist_pixellab_preview_test.gd
tests/hero_select_pixellab_layout_test.gd
tests/hero_select_ranger_pixellab_preview_test.gd
tests/hero_select_scrum1063_wide_controls_wrap_test.gd
tests/hero_select_scrum1064_dossier_test.gd
tests/hero_select_scrum798_capture_test.gd
tests/hero_select_scrum952_trait_copy_test.gd
tests/hero_select_scrum979_carousel_window_test.gd
tests/hero_select_scrum980_ascension_layout_test.gd
tests/homunculus_pair_guard_determinism_test.gd
tests/hot_path_cache_test.gd
tests/ultimates/hud_input_glyph_test.gd
tests/ultimates/hud_layout_responsive_test.gd
tests/ultimates/hud_state_contract_test.gd
tests/import_cache_player_load_test.gd
tests/input_glyph_assets_test.gd
tests/actors/iron_bastion_smoke_test.gd
tests/kill_scaling_identity_test.gd
tests/ultimates/mechanics/knight_holy_flail_test.gd
tests/balance/knight/knight_identity_test.gd
tests/balance/knight/knight_kit_test.gd
tests/ultimates/mechanics/knight_long_spear_test.gd
tests/knight_pixellab_pack_test.gd
tests/ultimates/mechanics/knight_tower_shield_test.gd
tests/ultimates/mechanics/knight_trio_integration_test.gd
tests/ultimates/presentation/knight_ultimate_contact_capture.gd
tests/ultimates/presentation/knight_ultimate_timelines.gd
tests/level_up_advisor_test.gd
tests/level_up_damage_floor_gate.gd
tests/level_up_effect_duration_test.gd
tests/level_up_toast_smoke_test.gd
tests/live_balance_simulation_test.gd
tests/lore_screens_test.gd
tests/lore_visual_capture_test.gd
tests/main_menu_title_no_overlap_test.gd
tests/main_state_pause_lifecycle_test.gd
tests/melee_unique_mechanics_test.gd
tests/melee_weapon_targeting_test.gd
tests/meta40_atlas_screen_smoke_test.gd
tests/meta_keystone_behavioral_smoke_test.gd
tests/meta_points_per_ascension_test.gd
tests/meta_progression_smoke_test.gd
tests/meta_skill_tree_smoke_test.gd
tests/actors/mini_bone_warden_smoke_test.gd
tests/mini_elite_roster_spawn_test.gd
tests/actors/mini_plague_bellringer_smoke_test.gd
tests/actors/mini_plague_berserker_smoke_test.gd
tests/actors/mini_rot_hound_smoke_test.gd
tests/actors/mini_scavenger_reaper_smoke_test.gd
tests/actors/mini_shadow_devourer_smoke_test.gd
tests/actors/mini_siege_rammer_smoke_test.gd
tests/actors/mini_spark_wight_smoke_test.gd
tests/actors/mini_swarm_sniper_smoke_test.gd
tests/actors/mini_void_phantom_smoke_test.gd
tests/monitor_selector_behavior_test.gd
tests/monster_xp_pressure_pacing_test.gd
tests/night_stalker_live_geometry_test.gd
tests/actors/night_stalker_smoke_test.gd
tests/no_duplicate_artifact_files_test.gd
tests/null_artifacts_snapshot_test.gd
tests/a5/scenarios/offensive_family_pack_test.gd
tests/offensive_scaling_contract_test.gd
tests/orbit_falloff_cap_gate.gd
tests/p3_executor_residency_test.gd
tests/p3_feedback_allocation_test.gd
tests/patch_notes_composition_test.gd
tests/patch_notes_data_smoke_test.gd
tests/patch_notes_smoke_test.gd
tests/persistent_hazard_contract_test.gd
tests/actors/plague_prophet_smoke_test.gd
tests/playable_character_directional_spriteframes_test.gd
tests/player_aura_cadence_test.gd
tests/player_class_effects_characterization_test.gd
tests/player_configure_reset_test.gd
tests/player_damage_policy_characterization_test.gd
tests/player_progression_runtime_characterization_test.gd
tests/ultimates/player_rare_charge_gate_test.gd
tests/pool_dot_runaway_gate.gd
tests/pool_target_cap_gate.gd
tests/ultimates/presentation_contract_test.gd
tests/ultimates/presentation_contract_validator_test.gd
tests/ultimates/presentation_failure_contract_test.gd
tests/ultimates/presentation/presentation_natural_completion_lifetime_test.gd
tests/ultimates/presentation/presentation_v2_migration_shards_test.gd
tests/ultimates/mechanics/priest_balance_test.gd
tests/balance/priest/priest_kit_test.gd
tests/ultimates/mechanics/priest_live_test.gd
tests/ultimates/mechanics/priest_package_test.gd
tests/balance/priest/priest_sustain_softcap_test.gd
tests/ultimates/presentation/priest_ultimate_contact_capture.gd
tests/ultimates/presentation/priest_ultimate_timelines.gd
tests/balance/priest/priest_weapon_mechanics_test.gd
tests/progression_data_api_surface_test.gd
tests/progression_data_character_contract_test.gd
tests/projectile_chain_pierce_identity_test.gd
tests/projectile_setup_visual_order_test.gd
tests/projectile_smoke_test.gd
tests/projectile_visual_registry_test.gd
tests/ultimates/mechanics/ranger_balance_test.gd
tests/ultimates/presentation/ranger_certification_capture_test.gd
tests/balance/ranger/ranger_identity_test.gd
tests/balance/ranger/ranger_kit_test.gd
tests/ultimates/mechanics/ranger_live_test.gd
tests/ultimates/mechanics/ranger_package_test.gd
tests/ranger_pixellab_pack_test.gd
tests/ultimates/presentation/ranger_ultimate_contact_capture.gd
tests/ultimates/presentation/ranger_ultimate_presentation_test.gd
tests/ultimates/presentation/ranger_ultimate_timelines.gd
tests/ultimates/registry_contract_test.gd
tests/ultimates/registry_package_discovery_test.gd
tests/ultimates/registry_validator_test.gd
tests/release_configfile_semantics_test.gd
tests/rewards_data_integrity_test.gd
tests/actors/rift_cutter_smoke_test.gd
tests/actors/rift_shieldbearer_smoke_test.gd
tests/actors/rift_warden_smoke_test.gd
tests/ultimates/mechanics/robot_hydraulic_press_test.gd
tests/balance/robot/robot_kit_test.gd
tests/ultimates/mechanics/robot_magnetic_anchor_test.gd
tests/robot_pixellab_pack_test.gd
tests/ultimates/mechanics/robot_ultimate_balance_test.gd
tests/ultimates/presentation/robot_ultimate_contact_capture.gd
tests/ultimates/mechanics/robot_ultimate_live_test.gd
tests/ultimates/mechanics/robot_ultimate_mechanics_test.gd
tests/ultimates/presentation/robot_ultimate_presentation_test.gd
tests/balance/robot/robot_weapon_mechanics_test.gd
tests/route_chest_artifact_test.gd
tests/route_elite_invariant_test.gd
tests/route_generation_reachability_test.gd
tests/route_node_preview_test.gd
tests/route_node_threat_badge_test.gd
tests/run_autosave_persistence_test.gd
tests/runtime_hotpath_cache_test.gd
tests/runtime_smoke_boss_elite_test.gd
tests/runtime_smoke_combat_test.gd
tests/runtime_smoke_progression_economy_test.gd
tests/runtime_smoke_test.gd
tests/runtime_smoke_triggered_artifacts_test.gd
tests/runtime_smoke_ui_test.gd
tests/runtime_smoke_weapon_mechanics_test.gd
tests/scene_contract_instantiation_test.gd
tests/scrum1043_hammer_lower_hit_zone_test.gd
tests/scrum1051_ui_button_family_test.gd
tests/scrum1055_end_run_confirmation_fit_test.gd
tests/scrum1059_main_menu_single_column_test.gd
tests/scrum1062_continue_run_title_test.gd
tests/scrum1079_route_map_horizontal_test.gd
tests/scrum1086_route_map_header_text_fit_test.gd
tests/scrum1089_route_map_full_fit_hud_test.gd
tests/scrum1091_atlas_descriptions_test.gd
tests/scrum1091_atlas_dossier_ui_test.gd
tests/scrum1091_independent_qa_test.gd
tests/scrum1093_independent_visible_gap_test.gd
tests/scrum1093_main_menu_version_corner_test.gd
tests/scrum1094_atlas_failure_precedence_test.gd
tests/scrum895_berserk_axe_hammer_vfx_test.gd
tests/scrum912_storm_longbow_vfx_runtime_hook_test.gd
tests/scrum912_storm_longbow_vfx_test.gd
tests/scrum917_robot_hydraulic_press_vfx_test.gd
tests/scrum924_holy_flail_spiral_vfx_test.gd
tests/scrum926_priest_prayer_capture_test.gd
tests/scrum926_priest_prayer_choice_test.gd
tests/scrum951_hero_stat_colors_test.gd
tests/scrum981_gold_menu_shell_test.gd
tests/scrum981_route_map_gold_shell_test.gd
tests/scrum982_987_988_attribute_shop_test.gd
tests/scrum983_escape_dossier_test.gd
tests/scrum986_victory_centering_test.gd
tests/scrum990_991_artifact_reward_test.gd
tests/scrum993_shop_gold_shell_test.gd
tests/secret_boss_animation_pack_smoke.gd
tests/secret_encounter_test.gd
tests/semantic_typography_scrum1061_test.gd
tests/settings_audio_scrum974_test.gd
tests/settings_audio_scrum974_ui_test.gd
tests/settings_footer_scrum1053_test.gd
tests/settings_game_scrum1025_test.gd
tests/settings_scrum972_seamless_content_test.gd
tests/settings_tab_font_scrum1060_test.gd
tests/actors/shard_marshal_smoke_test.gd
tests/skeletal_rig_rest_det_smoke_test.gd
tests/skill_tree_per_hero_test.gd
tests/sliced_rig_manifest_smoke_test.gd
tests/actors/small_biter_smoke_test.gd
tests/combat/smoke_bootstrap_test.gd
tests/combat/smoke_contact_feedback_test.gd
tests/combat/smoke_death_flow_test.gd
tests/combat/smoke_hud_layout_test.gd
tests/combat/smoke_projectile_test.gd
tests/combat/smoke_wave_cap_test.gd
tests/ultimates/mechanics/sniper_balance_test.gd
tests/ultimates/presentation/sniper_contact_sheet.gd
tests/ultimates/presentation/sniper_deadeye_rifle.gd
tests/balance/sniper/sniper_kit_test.gd
tests/ultimates/mechanics/sniper_live_test.gd
tests/ultimates/mechanics/sniper_package_test.gd
tests/ultimates/presentation/sniper_runtime_presentation_test.gd
tests/ultimates/presentation/sniper_shatter_rounds.gd
tests/ultimates/presentation/sniper_spotter_scope.gd
tests/ultimates/presentation/sniper_ultimate_timelines.gd
tests/ultimates/presentation/sniper_visual_distinction.gd
tests/balance/sniper/sniper_weapon_mechanics_test.gd
tests/ultimates/soldier_balance_test.gd
tests/ultimates/presentation/soldier_certification_capture_test.gd
tests/balance/soldier/soldier_executor_composition_test.gd
tests/ultimates/presentation/soldier_grenade_payoff_event_test.gd
tests/balance/soldier/soldier_kit_test.gd
tests/ultimates/soldier_package_test.gd
tests/ultimates/soldier_player_integration_test.gd
tests/ultimates/soldier_runtime_test.gd
tests/ultimates/presentation/soldier_ultimate_contact_capture.gd
tests/ultimates/presentation/soldier_ultimate_timelines.gd
tests/balance/soldier/soldier_weapon_mechanics_test.gd
tests/actors/spark_runner_smoke_test.gd
tests/stage3c_c_numeric_gate.gd
tests/start_boons_test.gd
tests/stat_formulas_derived_sync_test.gd
tests/stat_formulas_smoke_test.gd
tests/status_effects_aura_test.gd
tests/status_fanout_cap_gate.gd
tests/actors/stone_bruiser_smoke_test.gd
tests/summon_weapon_crowd_floor_test.gd
tests/summoner_strengthening_test.gd
tests/survivability_scenario_test.gd
tests/take_damage_contract_routing_test.gd
tests/take_damage_feedback_signature_test.gd
tests/ultimates/mechanics/thief_balance_test.gd
tests/ultimates/presentation/thief_certification_capture_test.gd
tests/balance/thief/thief_kit_test.gd
tests/ultimates/mechanics/thief_live_test.gd
tests/ultimates/mechanics/thief_package_test.gd
tests/ultimates/presentation/thief_ultimate_four_viewport_capture.gd
tests/ultimates/presentation/thief_ultimate_four_viewport_capture_test.gd
tests/ultimates/presentation/thief_ultimate_presentation_test.gd
tests/ultimates/presentation/thief_victim_impact_lifecycle_test.gd
tests/ultimates/presentation/thief_victim_impact_test.gd
tests/balance/thief/thief_weapon_mechanics_test.gd
tests/ultimates/tracked_tween_natural_completion_test.gd
tests/two_act_run_progression_scrum1058_test.gd
tests/ui_icon_registry_smoke_test.gd
tests/ui_no_overlap_matrix_test.gd
tests/ui_theme_paths_existence_test.gd
tests/settings/ultimate_accessibility_settings_test.gd
tests/a5/scenarios/ultimate_atlas_attribution_test.gd
tests/ultimate_charge_persist_test.gd
tests/ultimates/ultimate_hud_runtime_adapter_test.gd
tests/ultimates/ultimate_player_host_presentation_constructor_test.gd
tests/ultimates/ultimate_player_host_time_scale_test.gd
tests/unique_weapon_vfx_assets_test.gd
tests/update_manager_staged_lifecycle_test.gd
tests/update_manager_test.gd
tests/update_settings_ui_test.gd
tests/actors/venom_spitter_smoke_test.gd
tests/video_settings_apply_test.gd
tests/ultimates/presentation/visual_direction_contract_test.gd
tests/actors/void_mage_smoke_test.gd
tests/weapon_budget_model_characterization_test.gd
tests/weapon_identity_diversity_test.gd
tests/weapon_integrity_test.gd
tests/weapon_orbit_smoke_test.gd
tests/weapon_scene_integrity_test.gd
tests/weapon_tuning_application_test.gd
tests/ultimates/presentation/weapon_ultimate_contact_sheet_beats_test.gd
tests/ultimates/presentation/weapon_ultimate_presentation_budget_test.gd
tests/ultimates/presentation/weapon_ultimate_timing_distinctness_test.gd
tests/actors/winged_spark_smoke_test.gd
Selected 546 Godot test(s).
tests/test_a5_gzip_artifact.py
tests/test_animation_roster_manifest_determinism.py
tests/test_architecture_inventory.py
tests/test_changelog_fragments.py
tests/test_content_registry.py
tests/test_content_registry_ci_checkout.py
tests/test_fan2595_chemist_animation_review.py
tests/test_fan3327_actor_pack.py
tests/test_feedback_proxy.py
tests/test_feedback_relay_smoke.py
tests/test_gdscript_contracts.py
tests/test_godot_gate.py
tests/test_godot_suite_exit_contract.py
tests/test_graphify_project_install.py
tests/test_headless_capture_guard_contract.py
tests/test_install_hooks.py
tests/test_jira_archive_guards.py
tests/test_local_release.py
tests/test_multica_cutover_onboarding.py
tests/test_multica_task_policy.py
tests/test_pm_weekly_report.py
tests/test_quality_selection.py
tests/test_quality_static_guard.py
tests/test_quality_tools.py
tests/test_quality_workflow.py
tests/test_release_notes_template.py
tests/test_release_notes_visual_claims_guard.py
tests/test_release_scope_guard.py
tests/test_release_secret_scan.py
tests/test_release_skill_onboarding.py
tests/test_repository_storage_policy.py
tests/test_scrum1087_migrator_fail_closed.py
tests/test_skill_references.py
tests/test_story_points_contract.py
tests/test_story_points_remediation.py
tests/test_test_coverage_gate.py
tests/test_ultimate_feature_list.py
tests/test_update_release_pipeline.py
tests/test_visual_gate.py
tests/test_windows_quality_import_contract.py
tests/tools/test_godot_gate_missing_script_contract.py
tests/tools/test_nested_discovery_contract.py
tests/tools/test_qa_protocol_gate_contract.py
Discovered 43 Python test file(s).
Ultimate feature-list checker: not selected
ok
test_manifest_capture_sources_fail_closed_on_a_malformed_source (test_quality_tools.QualityGateTests) ... ok
test_manifest_capture_sources_list_every_recorded_source_commit (test_quality_tools.QualityGateTests) ... ok
test_missing_python_tests_fail_closed_through_cli (test_quality_tools.QualityGateTests) ... EMPTY TEST SET: no Python tests discovered under tests/
QUALITY FAILED: 1 static, 0 Godot; report=/tmp/multica-task-2347349279/quality-godot-only-p1jjub5v/report.json
ok
test_nested_python_tests_actually_execute (test_quality_tools.QualityGateTests) ... ok
test_nested_suite_runs_from_its_own_resource_path (test_quality_tools.QualityGateTests) ... PASS  registry_contract_test
ok
test_nonintegration_changed_ref_is_partial_and_recorded (test_quality_tools.QualityGateTests) ... GODOT warming import cache via semaphore gate
GODOT running 1 test(s) via semaphore gate
GODOT 1/1 tests/runtime_smoke_test.gd
QUALITY NON-CERTIFYING: changed ref HEAD^ is not the configured integration ref origin/dev (resolves to e827ab76b8eaddaa554e4aba39526c38b17c7225)
QUALITY PARTIAL_PASS: 2 static, 1 Godot; report=/tmp/multica-task-2347349279/quality-changed-ref-report-myedy5h9/report.json
ok
test_offensive_cadence_and_balance_paths_select_focused_regressions (test_quality_tools.QualityGateTests) ... ok
test_only_timing_sensitive_suites_request_machine_exclusive (test_quality_tools.QualityGateTests) ... PASS  pool_dot_runaway_gate
PASS  live_balance_simulation_test
PASS  berserk_dps_runaway_gate
PASS  runtime_smoke_test
ok
test_package_subdirectory_is_not_discovered_twice (test_quality_tools.QualityGateTests) ... ok
test_process_group_timeout_is_terminal (test_quality_tools.QualityGateTests) ... ok
test_python_discovery_covers_nested_directories (test_quality_tools.QualityGateTests) ... ok
test_python_discovery_watchdog_allows_progress_and_kills_hang (test_quality_tools.QualityGateTests) ... ok
test_python_unit_command_keeps_full_discovery (test_quality_tools.QualityGateTests) ... STATIC repository-invariants
STATIC repository-storage-policy
STATIC python-unit
STATIC python-unit:tests/tools
STATIC python-syntax
STATIC asset-audit
STATIC constellation-validator
STATIC runtime-manifest-validator
STATIC git-diff-check
STATIC git-index-check
STATIC git-head-check
STATIC git-range-check
STATIC shell-syntax
ok
test_quality_gate_runs_known_import_sidecar_cleanup_before_status_reads (test_quality_tools.QualityGateTests) ... ok
test_range_check_catches_whitespace_before_clean_head (test_quality_tools.QualityGateTests) ... ok
test_real_assassin_and_berserk_suites_are_unique_and_selected_once (test_quality_tools.QualityGateTests) ... ok
test_release_godot_helper_scrubs_inherited_exclusive_flag (test_quality_tools.QualityGateTests) ... ok
test_reported_failure_is_red_even_when_the_process_exits_zero (test_quality_tools.QualityGateTests) ... ok
test_runtime_smoke_helper_change_selects_transitive_suites (test_quality_tools.QualityGateTests) ... ok
test_runtime_smoke_helper_is_not_an_executable_suite (test_quality_tools.QualityGateTests) ... ok
test_secret_scanner_rejects_raw_and_renamed_base64_mutations (test_quality_tools.QualityGateTests) ... ok
test_secret_scanner_rejects_runtime_builtin (test_quality_tools.QualityGateTests) ... ok
test_shared_presentation_runtime_paths_select_every_consumer_suite (test_quality_tools.QualityGateTests) ... ok
test_static_command_routes_python_cache_outside_checkout (test_quality_tools.QualityGateTests) ... ok
test_static_profile_fails_closed_when_nothing_is_discovered (test_quality_tools.QualityGateTests) ... EMPTY TEST SET: no Godot tests discovered under tests/
EMPTY TEST SET: no Python tests discovered under tests/
QUALITY FAILED: 1 static, 0 Godot; report=/tmp/multica-task-2347349279/quality-empty-i3gkct04/report.json
ok
test_static_profile_selects_no_godot_tests (test_quality_tools.QualityGateTests) ... ok
test_ultimate_executor_contract_paths_select_all_contract_regressions (test_quality_tools.QualityGateTests) ... ok
test_umbrella_cannot_print_passed_after_reporting_a_failure (test_quality_tools.QualityGateTests) ... ok
test_visual_capture_utility_is_not_a_godot_suite (test_quality_tools.QualityGateTests) ... ok
test_watchdog_accepts_parent_exit_after_descendant_closes_stdout (test_quality_tools.QualityGateTests) ... ok
test_watchdog_kills_descendant_that_left_the_process_group (test_quality_tools.QualityGateTests)
FAN-3831: a nested gate call starts its own session, so killpg misses it. ... ok
test_watchdog_kills_pipe_holding_descendant_after_parent_exit (test_quality_tools.QualityGateTests) ... ok
test_windows_export_contract_is_present (test_quality_tools.QualityGateTests) ... ok
test_zero_executed_python_tests_fail_closed (test_quality_tools.QualityGateTests) ... Ran 0 tests in 0.000s
EMPTY TEST SET: python-unit executed 0 tests
Ran 0 tests in 0.000s
EMPTY TEST SET: python-unit:tests/tools executed 0 tests
Ran 4 tests in 0.010s
ok
test_all_candidate_event_types_are_covered (test_quality_workflow.QualityWorkflowContractTests) ... ok
test_candidate_checkout_is_sparse_and_event_specific (test_quality_workflow.QualityWorkflowContractTests) ... ok
test_candidate_checkout_materializes_selected_static_report_inputs (test_quality_workflow.QualityWorkflowContractTests) ... ok
test_candidate_events_execute_godot_suites (test_quality_workflow.QualityWorkflowContractTests) ... ok
test_candidate_evidence_must_show_executed_godot_suites (test_quality_workflow.QualityWorkflowContractTests) ... ok
test_candidate_jobs_expose_the_pinned_engine_to_the_gate (test_quality_workflow.QualityWorkflowContractTests) ... ok
test_candidate_materializes_only_manifest_declared_lfs_evidence (test_quality_workflow.QualityWorkflowContractTests) ... ok
test_checkout_is_asserted_to_be_exact_github_sha (test_quality_workflow.QualityWorkflowContractTests) ... ok
test_ci_dependencies_are_installed_before_quality_gate (test_quality_workflow.QualityWorkflowContractTests) ... ok
test_cold_godot_cache_restores_tracked_import_sidecars (test_quality_workflow.QualityWorkflowContractTests) ... ok
test_core_quality_evidence_hashing_does_not_depend_on_coverage_reports (test_quality_workflow.QualityWorkflowContractTests) ... ok
test_coverage_ratchet_reports_are_uploaded_with_quality_evidence (test_quality_workflow.QualityWorkflowContractTests) ... ok
test_full_profile_health_jobs_budget_resources_and_resolve_base (test_quality_workflow.QualityWorkflowContractTests) ... ok
test_godot_is_launched_only_through_the_semaphore_gate (test_quality_workflow.QualityWorkflowContractTests) ... ok
test_godot_toolchain_is_pinned_verified_and_cached (test_quality_workflow.QualityWorkflowContractTests) ... ok
test_import_cache_key_contains_engine_and_asset_fingerprint (test_quality_workflow.QualityWorkflowContractTests) ... ok
test_job_has_bounded_runtime (test_quality_workflow.QualityWorkflowContractTests) ... ok
test_machine_readable_evidence_is_hashed_and_uploaded (test_quality_workflow.QualityWorkflowContractTests) ... ok
test_push_keeps_the_cheaper_static_profile (test_quality_workflow.QualityWorkflowContractTests) ... ok
test_required_check_job_id_is_stable (test_quality_workflow.QualityWorkflowContractTests) ... ok
test_shallow_candidate_events_deepen_history_for_capture_sources (test_quality_workflow.QualityWorkflowContractTests) ... ok
test_shallow_candidate_events_fetch_integration_branch_and_legacy_commits (test_quality_workflow.QualityWorkflowContractTests) ... ok
test_shallow_candidates_fetch_a5_integrity_provenance_commits (test_quality_workflow.QualityWorkflowContractTests) ... ok
test_sparse_cone_materializes_a5_fragment_inputs (test_quality_workflow.QualityWorkflowContractTests) ... ok
test_visual_negative_probe_captures_its_expected_failure (test_quality_workflow.QualityWorkflowContractTests) ... ok
test_all_control_sets_use_the_same_fit_workflow (test_release_notes_template.ReleaseNotesTemplateTest) ... ok
test_overflow_case_is_shortened_before_render (test_release_notes_template.ReleaseNotesTemplateTest) ... ok
test_template_profile_layout_and_svg_share_five_zones (test_release_notes_template.ReleaseNotesTemplateTest) ... ok
test_build_assembles_source_pinned_notes_before_the_visual_claim_guard (test_release_notes_visual_claims_guard.ReleaseNotesVisualClaimsGuardTests) ... ok
test_claim_backed_by_a_qa_card_reference_passes (test_release_notes_visual_claims_guard.ReleaseNotesVisualClaimsGuardTests) ... ok
test_cli_exits_nonzero_on_unbacked_claim (test_release_notes_visual_claims_guard.ReleaseNotesVisualClaimsGuardTests) ... ok
test_cli_exits_zero_on_backed_claim (test_release_notes_visual_claims_guard.ReleaseNotesVisualClaimsGuardTests) ... ok
test_functional_effect_cleanup_is_not_a_visual_claim (test_release_notes_visual_claims_guard.ReleaseNotesVisualClaimsGuardTests) ... ok
test_known_limitations_disclosure_is_exempt (test_release_notes_visual_claims_guard.ReleaseNotesVisualClaimsGuardTests) ... ok
test_missing_version_section_is_not_a_violation (test_release_notes_visual_claims_guard.ReleaseNotesVisualClaimsGuardTests) ... ok
test_shipped_changelog_has_no_unbacked_visual_claims (test_release_notes_visual_claims_guard.ReleaseNotesVisualClaimsGuardTests) ... ok
test_unbacked_own_storyboard_claim_fails_closed (test_release_notes_visual_claims_guard.ReleaseNotesVisualClaimsGuardTests) ... ok
test_cli_exit_codes_match_the_verdict (test_release_scope_guard.ReleaseScopeGuardCliTests) ... ok
test_cli_rejects_a_malformed_manifest_and_a_malformed_version (test_release_scope_guard.ReleaseScopeGuardCliTests) ... ok
test_duplicate_ids_and_wrong_schema_fail_closed (test_release_scope_guard.ReleaseScopeManifestTests) ... ok
test_malformed_entries_fail_closed (test_release_scope_guard.ReleaseScopeManifestTests) ... ok
test_shipped_manifest_satisfies_the_contract (test_release_scope_guard.ReleaseScopeManifestTests) ... ok
test_absent_later_content_is_not_a_violation (test_release_scope_guard.ReleaseScopeViolationTests) ... ok
test_commented_out_feature_flag_is_not_a_violation (test_release_scope_guard.ReleaseScopeViolationTests) ... ok
test_later_asset_is_allowed_from_its_own_release_onwards (test_release_scope_guard.ReleaseScopeViolationTests) ... ok
test_later_asset_is_rejected_from_an_earlier_build (test_release_scope_guard.ReleaseScopeViolationTests) ... ok
test_later_feature_flag_is_rejected_from_an_earlier_build (test_release_scope_guard.ReleaseScopeViolationTests) ... ok
test_cli_reports_only_path_and_kind_not_secret (test_release_secret_scan.ReleaseSecretScanTests) ... ok
test_macos_dmg_root_is_minimal_and_has_no_internal_background_folder (test_release_secret_scan.ReleaseSecretScanTests) ... ok
test_rejects_raw_complete_base64_and_split_base64 (test_release_secret_scan.ReleaseSecretScanTests) ... ok
test_release_pipeline_notarizes_final_app_before_dmg_and_publishes_installer_only (test_release_secret_scan.ReleaseSecretScanTests) ... ok
test_release_pipeline_scans_staging_before_publish (test_release_secret_scan.ReleaseSecretScanTests) ... ok
test_safe_public_relay_url_and_random_binary_pass (test_release_secret_scan.ReleaseSecretScanTests) ... ok
test_scans_compressed_zip_entries_not_only_container_bytes (test_release_secret_scan.ReleaseSecretScanTests) ... ok
test_split_base64_scan_stays_linear_on_fragmented_input (test_release_secret_scan.ReleaseSecretScanTests) ... ok
test_worktree_source_checkpoint_is_required_for_order_oracle (test_release_secret_scan.ReleaseSecretScanTests) ... ok
test_corrupt_or_incomplete_fixture_evidence_fails_closed (test_release_skill_onboarding.PinnedLegacyFixtureTest) ... ok
test_extraction_is_deterministic (test_release_skill_onboarding.PinnedLegacyFixtureTest) ... ok
test_manifest_matches_the_pinned_commits_and_paths (test_release_skill_onboarding.PinnedLegacyFixtureTest) ... ok
test_all_persistent_residue_and_marker_states_block_without_mutation (test_release_skill_onboarding.ReleaseSkillOnboardingTest)
A same-UID process can forge every persistent v1 evidence shape. ... ok
test_changed_source_has_continuous_old_or_new_selection (test_release_skill_onboarding.ReleaseSkillOnboardingTest) ... [main c884568] updated source changed-source-continuity
 1 file changed, 2 insertions(+)
ok
test_concurrent_updater_fails_closed_without_touching_active_selection (test_release_skill_onboarding.ReleaseSkillOnboardingTest) ... [main 0cc7e64] updated source first-concurrent-update
 1 file changed, 2 insertions(+)
[main 3f4cbea] updated source second-concurrent-update
 1 file changed, 2 insertions(+)
ok
test_current_run_cleanup_preserves_replaced_parent_residue_and_marker (test_release_skill_onboarding.ReleaseSkillOnboardingTest)
Descriptor-relative cleanup must not touch a replacement after its pause hook. ... [main 328e118] updated source runtime-parent-replacement
 1 file changed, 2 insertions(+)
[main 6cf97fa] updated source runtime-residue-replacement
 1 file changed, 2 insertions(+)
[main dd9eeab] updated source runtime-marker-replacement
 1 file changed, 2 insertions(+)
ok
test_durable_mirror_survives_disposable_source_checkout_removal (test_release_skill_onboarding.ReleaseSkillOnboardingTest) ... ok
test_failed_staging_preserves_last_known_good_mirror_and_selection (test_release_skill_onboarding.ReleaseSkillOnboardingTest) ... [main 3bb82d8] updated test source
 1 file changed, 1 insertion(+)
ok
test_failure_before_commit_preserves_old_and_after_commit_keeps_new (test_release_skill_onboarding.ReleaseSkillOnboardingTest) ... [main bf45941] updated source pre-commit-fault
 1 file changed, 2 insertions(+)
[main 848b8c9] updated source post-commit-fault
 1 file changed, 2 insertions(+)
ok
test_fifo_is_preserved_and_blocks (test_release_skill_onboarding.ReleaseSkillOnboardingTest) ... ok
test_fifo_is_preserved_and_blocks_repeatedly_without_leaking (test_release_skill_onboarding.ReleaseSkillOnboardingTest)
FAN-3837/FAN-3848 regression: CI saw these contours stall past the idle watchdog. ... fifo regression iteration 1/20 ok
fifo regression iteration 2/20 ok
fifo regression iteration 3/20 ok
fifo regression iteration 4/20 ok
fifo regression iteration 5/20 ok
fifo regression iteration 6/20 ok
fifo regression iteration 7/20 ok
fifo regression iteration 8/20 ok
fifo regression iteration 9/20 ok
fifo regression iteration 10/20 ok
fifo regression iteration 11/20 ok
fifo regression iteration 12/20 ok
fifo regression iteration 13/20 ok
fifo regression iteration 14/20 ok
fifo regression iteration 15/20 ok
fifo regression iteration 16/20 ok
fifo regression iteration 17/20 ok
fifo regression iteration 18/20 ok
fifo regression iteration 19/20 ok
fifo regression iteration 20/20 ok
ok
test_fresh_isolated_home_selects_repo_provenance (test_release_skill_onboarding.ReleaseSkillOnboardingTest) ... ok
test_known_legacy_copy_is_migrated_to_complete_repo_tree (test_release_skill_onboarding.ReleaseSkillOnboardingTest) ... ok
test_legacy_backup_or_marker_replacement_preserves_the_absent_destination (test_release_skill_onboarding.ReleaseSkillOnboardingTest)
A substituted legacy backup/marker fails closed without a replacement pointer. ... [main 4830694] updated source mirror-legacy-backup
 1 file changed, 2 insertions(+)
[main 3f8b0f1] updated source mirror-legacy-backup
 1 file changed, 2 insertions(+)
ok
test_lock_liveness_probe_distinguishes_live_from_esrch (test_release_skill_onboarding.ReleaseSkillOnboardingTest) ... ok
test_lock_liveness_probe_preserves_canonical_unknown_results (test_release_skill_onboarding.ReleaseSkillOnboardingTest) ... ok
test_lock_liveness_probe_preserves_invalid_and_probe_failure (test_release_skill_onboarding.ReleaseSkillOnboardingTest) ... ok
test_lock_liveness_probe_preserves_reclaimer_and_orphan_unknown_state (test_release_skill_onboarding.ReleaseSkillOnboardingTest) ... ok
test_malformed_residue_provenance_is_preserved_and_blocks (test_release_skill_onboarding.ReleaseSkillOnboardingTest) ... ok
test_malformed_unreadable_incomplete_and_foreign_locks_fail_closed (test_release_skill_onboarding.ReleaseSkillOnboardingTest) ... ok
test_managed_mirror_update_is_idempotent (test_release_skill_onboarding.ReleaseSkillOnboardingTest) ... ok
test_marker_without_residue_variants_are_preserved_in_every_namespace (test_release_skill_onboarding.ReleaseSkillOnboardingTest) ... ok
test_mirror_activation_rejects_replaced_captured_entries (test_release_skill_onboarding.ReleaseSkillOnboardingTest)
Mirror activation has the same immediate identity contract as selection. ... [main 69c152f] updated source mirror-parent
 1 file changed, 2 insertions(+)
[main 373bedb] updated source mirror-stage
 1 file changed, 2 insertions(+)
[main 3ec5c96] updated source mirror-destination
 1 file changed, 2 insertions(+)
[main fee238d] updated source mirror-marker
 1 file changed, 2 insertions(+)
[main a44396b] updated source mirror-equivalent-stage
 1 file changed, 2 insertions(+)
ok
test_mode_drift_is_preserved_and_blocks (test_release_skill_onboarding.ReleaseSkillOnboardingTest) ... ok
test_postpublication_contention_rejects_loser_before_selection_hook (test_release_skill_onboarding.ReleaseSkillOnboardingTest) ... [main 3efd97e] updated source first-after-lock-publication
 1 file changed, 2 insertions(+)
[main babdb85] updated source second-after-lock-publication
 1 file changed, 2 insertions(+)
ok
test_prepublication_contention_fails_closed_without_managed_mutation (test_release_skill_onboarding.ReleaseSkillOnboardingTest) ... [main e1a973c] updated source first-before-lock-publication
 1 file changed, 2 insertions(+)
[main f3bbbba] updated source second-before-lock-publication
 1 file changed, 2 insertions(+)
ok
test_previous_onboarding_reproduces_silent_skip_and_drift (test_release_skill_onboarding.ReleaseSkillOnboardingTest) ... ok
test_release_only_mode_isolated_from_unrelated_runtime_state (test_release_skill_onboarding.ReleaseSkillOnboardingTest) ... ok
test_release_only_mode_rejects_extra_arguments_without_creating_state (test_release_skill_onboarding.ReleaseSkillOnboardingTest) ... ok
test_selected_skill_uses_durable_mirror_not_the_source_checkout (test_release_skill_onboarding.ReleaseSkillOnboardingTest) ... ok
test_selection_activation_rejects_replaced_captured_entries (test_release_skill_onboarding.ReleaseSkillOnboardingTest)
Selection must not commit a stage, parent, destination, or marker replacement. ... [main 41eef69] updated source selection-parent
 1 file changed, 2 insertions(+)
[main c8c7bd1] updated source selection-stage
 1 file changed, 2 insertions(+)
[main 1774810] updated source selection-destination
 1 file changed, 2 insertions(+)
[main 7fcf86f] updated source selection-marker
 1 file changed, 2 insertions(+)
[main cc947eb] updated source selection-equivalent-stage
 1 file changed, 2 insertions(+)
ok
test_sigkill_after_lock_publication_reclaims_dead_owner (test_release_skill_onboarding.ReleaseSkillOnboardingTest) ... [main afb4a88] updated source sigkill-after-lock-publication
 1 file changed, 2 insertions(+)
ok
test_sigkill_preserves_residue_and_blocks_next_run (test_release_skill_onboarding.ReleaseSkillOnboardingTest) ... [main 0ff15f5] updated source signal-before-SIGKILL
 1 file changed, 2 insertions(+)
[main 466fb41] updated source signal-after-SIGKILL
 1 file changed, 2 insertions(+)
ok
test_sigterm_cleans_current_run_residue (test_release_skill_onboarding.ReleaseSkillOnboardingTest) ... [main 8ce4486] updated source signal-before-SIGTERM
 1 file changed, 2 insertions(+)
[main 66de140] updated source signal-after-SIGTERM
 1 file changed, 2 insertions(+)
ok
test_symlinked_entries_are_preserved_and_block_without_following_targets (test_release_skill_onboarding.ReleaseSkillOnboardingTest) ... ok
test_unknown_real_release_directory_is_preserved_and_blocks (test_release_skill_onboarding.ReleaseSkillOnboardingTest) ... ok
test_unproven_residue_namespaces_preserve_directories_and_symlinks (test_release_skill_onboarding.ReleaseSkillOnboardingTest)
Filename matches never authorize cleanup in any managed namespace. ... ok
test_unsafe_versions_root_fails_closed_before_first_run_traversal (test_release_skill_onboarding.ReleaseSkillOnboardingTest) ... ok
test_unsafe_versions_root_preserves_existing_selection_and_mirror (test_release_skill_onboarding.ReleaseSkillOnboardingTest) ... ok
test_untrusted_selected_links_are_rejected_without_reading_operator_data (test_release_skill_onboarding.ReleaseSkillOnboardingTest) ... ok
test_watchdog_terminates_process_group_and_reports_captured_output (test_release_skill_onboarding.ReleaseSkillOnboardingTest) ... ok
test_active_producer_instructions_have_no_legacy_binary_routes (test_repository_storage_policy.ActiveProducerRoutingTests) ... ok
test_generator_normalizes_uppercase_png_suffix (test_repository_storage_policy.ActiveProducerRoutingTests) ... ok
test_generator_rejects_legacy_absolute_output (test_repository_storage_policy.ActiveProducerRoutingTests) ... error: absolute --output must be inside docs/design/reference-assets-lfs/<issue-or-pack>/
ok
test_generator_rejects_relative_output_escape (test_repository_storage_policy.ActiveProducerRoutingTests) ... error: --output must remain inside docs/design/reference-assets-lfs/<issue-or-pack>/
ok
test_generator_rejects_symlinked_pack_directory (test_repository_storage_policy.ActiveProducerRoutingTests) ... error: --output must remain inside docs/design/reference-assets-lfs/<issue-or-pack>/
ok
test_generator_rejects_symlinked_references_root (test_repository_storage_policy.ActiveProducerRoutingTests) ... error: --output must remain inside docs/design/reference-assets-lfs/<issue-or-pack>/
ok
test_generator_routes_output_and_task_to_future_pack (test_repository_storage_policy.ActiveProducerRoutingTests) ... ok
test_accepts_only_canonical_pointer (test_repository_storage_policy.LfsPointerTests) ... ok
test_rejects_appended_payload (test_repository_storage_policy.LfsPointerTests) ... ok
test_rejects_duplicate_fields (test_repository_storage_policy.LfsPointerTests) ... ok
test_rejects_oversized_pointer_blob (test_repository_storage_policy.LfsPointerTests) ... ok
test_rejects_reordered_fields (test_repository_storage_policy.LfsPointerTests) ... ok
test_rejects_uppercase_oid (test_repository_storage_policy.LfsPointerTests) ... ok
test_binary_disguised_after_long_text_prefix_is_rejected (test_repository_storage_policy.RepositoryStoragePolicyTests) ... ok
test_binary_disguised_as_json_is_rejected (test_repository_storage_policy.RepositoryStoragePolicyTests) ... ok
test_binary_disguised_as_markdown_is_rejected (test_repository_storage_policy.RepositoryStoragePolicyTests) ... ok
test_changed_build_qa_binary_is_rejected (test_repository_storage_policy.RepositoryStoragePolicyTests) ... ok
test_copy_to_legacy_is_rejected_and_preserves_copy_paths (test_repository_storage_policy.RepositoryStoragePolicyTests) ... ok
test_future_binary_requires_pack_nesting (test_repository_storage_policy.RepositoryStoragePolicyTests) ... ok
test_future_pointer_requires_lfs_attributes (test_repository_storage_policy.RepositoryStoragePolicyTests) ... ok
test_known_office_and_archive_formats_are_rejected_in_legacy (test_repository_storage_policy.RepositoryStoragePolicyTests) ... ok
test_known_office_and_archive_formats_have_future_lfs_routes (test_repository_storage_policy.RepositoryStoragePolicyTests) ... ok
test_large_disguised_binary_is_rejected_without_full_blob_helper (test_repository_storage_policy.RepositoryStoragePolicyTests) ... ok
test_large_genuine_text_manifest_is_allowed (test_repository_storage_policy.RepositoryStoragePolicyTests) ... ok
test_legacy_binary_deletion_is_allowed (test_repository_storage_policy.RepositoryStoragePolicyTests) ... ok
test_legacy_blob_is_rejected_without_blob_read (test_repository_storage_policy.RepositoryStoragePolicyTests) ... ok
test_oversized_future_blob_is_rejected_without_blob_read (test_repository_storage_policy.RepositoryStoragePolicyTests) ... ok
test_rename_from_future_root_to_legacy_is_rejected (test_repository_storage_policy.RepositoryStoragePolicyTests) ... ok
test_runtime_asset_remains_an_ordinary_git_blob (test_repository_storage_policy.RepositoryStoragePolicyTests) ... ok
test_small_added_design_binary_is_rejected (test_repository_storage_policy.RepositoryStoragePolicyTests) ... ok
test_small_modified_design_binary_is_rejected (test_repository_storage_policy.RepositoryStoragePolicyTests) ... ok
test_text_manifest_and_document_changes_are_allowed (test_repository_storage_policy.RepositoryStoragePolicyTests) ... ok
test_text_qa_log_is_allowed (test_repository_storage_policy.RepositoryStoragePolicyTests) ... ok
test_unchanged_legacy_binary_is_grandfathered (test_repository_storage_policy.RepositoryStoragePolicyTests) ... ok
test_unknown_binary_format_is_rejected (test_repository_storage_policy.RepositoryStoragePolicyTests) ... ok
test_valid_future_lfs_pointer_is_accepted (test_repository_storage_policy.RepositoryStoragePolicyTests) ... ok
test_exact_snapshot_passes (test_scrum1087_migrator_fail_closed.ExactLiveSnapshotTest) ... ok
test_reordered_exact_fingerprints_fail (test_scrum1087_migrator_fail_closed.ExactLiveSnapshotTest) ... ok
test_spoofed_fingerprint_cannot_hide_identity_drift (test_scrum1087_migrator_fail_closed.ExactLiveSnapshotTest) ... ok
test_tokenizer_ignores_outer_whitespace_but_preserves_string_contents (test_scrum1087_migrator_fail_closed.ExactLiveSnapshotTest) ... ok
test_tokenizer_preserves_adjacency_sensitive_gdscript_forms (test_scrum1087_migrator_fail_closed.ExactLiveSnapshotTest) ... ok
test_every_unknown_fingerprint_drift_fails_and_manifest_is_unchanged (test_scrum1087_migrator_fail_closed.MainFailClosedTest) ... ok
test_exact_main_path_passes_without_rewriting_manifest (test_scrum1087_migrator_fail_closed.MainFailClosedTest) ... PASS: SCRUM-1073 migration applied and verified without a central helper lock
ok
test_spaced_exponent_cannot_reconcile_or_rewrite_manifest (test_scrum1087_migrator_fail_closed.MainFailClosedTest) ... ok
test_whitespace_only_reflow_preserves_review_and_updates_migration_fingerprint (test_scrum1087_migrator_fail_closed.MainFailClosedTest) ... PASS: SCRUM-1073 migration applied and verified without a central helper lock
ok
test_allowlisted_historical_reference_is_not_flagged (test_skill_references.SkillReferenceCheckerTest)
CHANGELOG.md keeps the retired `fantasydisk-animation-director` ... ok
test_default_surfaces_include_active_design_references (test_skill_references.SkillReferenceCheckerTest) ... ok
test_default_surfaces_include_the_actual_onboarding_files (test_skill_references.SkillReferenceCheckerTest) ... ok
test_flags_a_synthetic_broken_reference (test_skill_references.SkillReferenceCheckerTest) ... ok
test_passes_a_known_skill_reference (test_skill_references.SkillReferenceCheckerTest) ... ok
test_precise_historical_design_evidence_remains_exempt (test_skill_references.SkillReferenceCheckerTest) ... ok
test_real_animator_handoff_fixture_fails_closed_when_mutated (test_skill_references.SkillReferenceCheckerTest) ... ok
test_repo_has_no_dangling_active_references (test_skill_references.SkillReferenceCheckerTest) ... ok
test_bounded_subject_context_matrix (test_story_points_contract.StoryPointsContractTest) ... ok
test_canonical_documents_share_the_contract (test_story_points_contract.StoryPointsContractTest) ... ok
test_conversion_threshold_rubric_is_rejected (test_story_points_contract.StoryPointsContractTest) ... ok
test_formula_based_cue_rubric_is_rejected (test_story_points_contract.StoryPointsContractTest) ... ok
test_natural_language_factor_scale_is_rejected (test_story_points_contract.StoryPointsContractTest) ... ok
test_nearby_non_cue_scales_and_ranges_are_accepted (test_story_points_contract.StoryPointsContractTest) ... ok
test_per_factor_score_in_a_cue_paragraph_is_rejected (test_story_points_contract.StoryPointsContractTest) ... ok
test_semantic_edge_matrix_preserves_cue_context_and_range_subjects (test_story_points_contract.StoryPointsContractTest) ... ok
test_semicolon_predicate_boundary_without_whitespace (test_story_points_contract.StoryPointsContractTest) ... ok
test_subject_predicate_boundary_matrix (test_story_points_contract.StoryPointsContractTest) ... ok
test_conflicted_with_multiple_labels_is_ambiguous (test_story_points_remediation.AmbiguousSpLabelTest) ... ok
test_derive_actions_refuses_multiple_distinct_sp_labels (test_story_points_remediation.AmbiguousSpLabelTest) ... ok
test_derive_actions_refuses_zero_sp_labels (test_story_points_remediation.AmbiguousSpLabelTest) ... ok
test_plan_diverts_ambiguous_issue_to_manual_review (test_story_points_remediation.AmbiguousSpLabelTest) ... ok
test_plan_keeps_clean_issue_and_flags_ambiguous_one (test_story_points_remediation.AmbiguousSpLabelTest) ... ok
test_repeated_same_label_id_collapses_to_one (test_story_points_remediation.AmbiguousSpLabelTest) ... ok
test_same_name_distinct_ids_is_ambiguous (test_story_points_remediation.AmbiguousSpLabelTest) ... ok
test_two_distinct_sp_labels_is_ambiguous (test_story_points_remediation.AmbiguousSpLabelTest) ... ok
test_zero_sp_labels_retrospective_is_ambiguous (test_story_points_remediation.AmbiguousSpLabelTest) ... ok
test_apply_positive_canary_limit_touches_only_first_entry (test_story_points_remediation.ApplyPlanTest) ... ok
test_apply_records_error_when_issue_left_live_project (test_story_points_remediation.ApplyPlanTest) ... ok
test_apply_refuses_issue_that_became_ambiguous (test_story_points_remediation.ApplyPlanTest) ... ok
test_apply_rejects_negative_limit_before_any_fetch_or_mutation (test_story_points_remediation.ApplyPlanTest) ... ok
test_apply_rejects_zero_limit_before_any_fetch_or_mutation (test_story_points_remediation.ApplyPlanTest) ... ok
test_apply_reverifies_and_is_idempotent (test_story_points_remediation.ApplyPlanTest) ... ok
test_apply_without_limit_covers_every_plan_entry (test_story_points_remediation.ApplyPlanTest) ... ok
test_derive_actions_ignores_non_sp_labels_and_foreign_metadata (test_story_points_remediation.BuildPlanTest) ... ok
test_plan_covers_only_closed_cleanable_issues (test_story_points_remediation.BuildPlanTest) ... ok
test_plan_refuses_archive_issues (test_story_points_remediation.BuildPlanTest) ... ok
test_accepted_prework (test_story_points_remediation.ClassifyTest) ... ok
test_accepted_with_string_metadata_points (test_story_points_remediation.ClassifyTest) ... ok
test_canonical_metadata_without_label_is_inconsistent (test_story_points_remediation.ClassifyTest) ... ok
test_conflicted_when_backfill_overwrote_prework_estimate (test_story_points_remediation.ClassifyTest) ... ok
test_description_5_vs_label_metadata_8_is_inconsistent (test_story_points_remediation.ClassifyTest) ... ok
test_description_8_vs_label_metadata_5_is_inconsistent (test_story_points_remediation.ClassifyTest) ... ok
test_description_estimates_accept_whitespace_and_crlf_boundaries (test_story_points_remediation.ClassifyTest) ... ok
test_description_estimates_parsing (test_story_points_remediation.ClassifyTest) ... ok
test_description_estimates_reject_partial_values (test_story_points_remediation.ClassifyTest) ... ok
test_description_markers_count_every_marker (test_story_points_remediation.ClassifyTest) ... ok
test_duplicate_description_estimate_is_inconsistent (test_story_points_remediation.ClassifyTest) ... ok
test_label_metadata_mismatch_is_inconsistent (test_story_points_remediation.ClassifyTest) ... ok
test_malformed_description_estimate_is_inconsistent (test_story_points_remediation.ClassifyTest) ... ok
test_missing_description_estimate_is_inconsistent (test_story_points_remediation.ClassifyTest) ... ok
test_retrospective_backfill (test_story_points_remediation.ClassifyTest) ... ok
test_unestimated (test_story_points_remediation.ClassifyTest) ... ok
test_refuses_archive_project (test_story_points_remediation.ExecuteActionGuardTest) ... ok
test_refuses_non_sp_label_and_foreign_metadata_key (test_story_points_remediation.ExecuteActionGuardTest) ... ok
test_refuses_open_issue (test_story_points_remediation.ExecuteActionGuardTest) ... ok
test_crlf_estimate_block_stays_accepted (test_story_points_remediation.MalformedMarkerTest) ... ok
test_decimal_value_is_inconsistent (test_story_points_remediation.MalformedMarkerTest) ... ok
test_exact_accepted_control_stays_accepted (test_story_points_remediation.MalformedMarkerTest) ... ok
test_inline_marker_next_to_valid_line_is_inconsistent (test_story_points_remediation.MalformedMarkerTest) ... ok
test_malformed_marker_next_to_valid_line_is_inconsistent (test_story_points_remediation.MalformedMarkerTest) ... ok
test_non_fibonacci_value_is_inconsistent (test_story_points_remediation.MalformedMarkerTest) ... ok
test_retrospective_with_malformed_marker_is_conflicted (test_story_points_remediation.MalformedMarkerTest) ... ok
test_suffixed_value_is_inconsistent (test_story_points_remediation.MalformedMarkerTest) ... ok
test_trailing_whitespace_estimate_line_stays_accepted (test_story_points_remediation.MalformedMarkerTest) ... ok
test_valueless_marker_next_to_valid_line_is_inconsistent (test_story_points_remediation.MalformedMarkerTest) ... ok
test_completion_date_preserves_original_dates (test_story_points_remediation.ReportTest) ... ok
test_rows_group_by_completion_date_and_keep_provenance (test_story_points_remediation.ReportTest) ... ok
test_baseline_reports_equal_test_surface_as_passing (test_test_coverage_gate.TestCoverageGateTests) ... ok
test_python_regression_below_the_baseline_fails (test_test_coverage_gate.TestCoverageGateTests) ... ok
test_regression_below_the_baseline_fails (test_test_coverage_gate.TestCoverageGateTests) ... ok
test_repeated_runs_on_the_same_inventory_are_byte_identical (test_test_coverage_gate.TestCoverageGateTests) ... ok
test_duplicate_entry_fails (test_ultimate_feature_list.CardinalityAndKeyTests) ... ok
test_extra_entry_fails (test_ultimate_feature_list.CardinalityAndKeyTests) ... ok
test_missing_class_fails (test_ultimate_feature_list.CardinalityAndKeyTests) ... ok
test_missing_single_weapon_fails (test_ultimate_feature_list.CardinalityAndKeyTests) ... ok
test_overlay_and_catalog_disagreement_fails (test_ultimate_feature_list.CardinalityAndKeyTests) ... ok
test_swapped_ids_fail (test_ultimate_feature_list.CardinalityAndKeyTests) ... ok
test_swapped_keys_fail (test_ultimate_feature_list.CardinalityAndKeyTests) ... ok
test_unknown_and_missing_fields_fail (test_ultimate_feature_list.CardinalityAndKeyTests) ... ok
test_gate_binding_fails_unexecuted_recipes_and_ignores_disk_manifests (test_ultimate_feature_list.DeduplicationAndSafetyTests) ... ok
test_gate_binding_records_failed_and_timed_out_suites (test_ultimate_feature_list.DeduplicationAndSafetyTests) ... ok
test_gate_binding_refuses_missing_or_mismatching_executed_command (test_ultimate_feature_list.DeduplicationAndSafetyTests) ... ok
test_gate_binding_uses_in_memory_results_and_launches_nothing (test_ultimate_feature_list.DeduplicationAndSafetyTests) ... ok
test_imported_manifests_are_not_a_checker_path (test_ultimate_feature_list.DeduplicationAndSafetyTests) ... ok
test_nested_invocation_is_refused (test_ultimate_feature_list.DeduplicationAndSafetyTests) ... ok
test_outputs_outside_build_are_refused (test_ultimate_feature_list.DeduplicationAndSafetyTests) ... ok
test_blocked_without_reason_and_recipe_on_blocked_fail (test_ultimate_feature_list.FabricatedEvidenceTests) ... ok
test_committed_evidence_fails (test_ultimate_feature_list.FabricatedEvidenceTests) ... ok
test_committed_passing_state_fails (test_ultimate_feature_list.FabricatedEvidenceTests) ... ok
test_blocked_and_not_started_are_truthful_non_failures (test_ultimate_feature_list.FailureModeTests) ... ok
test_cold_import_cache_is_warmed_once_outside_the_recipe_budget (test_ultimate_feature_list.FailureModeTests)
QA defect on 0d1c58f: a cold import log (5.5 MB) was charged to the recipe's 4 MB limit. ... ok
test_failed_recipe_is_nonzero_and_recorded (test_ultimate_feature_list.FailureModeTests) ... ok
test_import_prepass_failure_fails_closed_without_running_recipes (test_ultimate_feature_list.FailureModeTests) ... ok
test_output_limit_fails_closed (test_ultimate_feature_list.FailureModeTests) ... ok
test_push_error_with_zero_exit_is_a_failure (test_ultimate_feature_list.FailureModeTests) ... ok
test_timeout_fails_closed_and_kills_the_process_tree (test_ultimate_feature_list.FailureModeTests) ... ok
test_without_the_prepass_a_cold_import_would_overflow_the_recipe (test_ultimate_feature_list.FailureModeTests)
Characterizes the defect shape the pre-pass prevents: import inside the recipe budget. ... ok
test_run_binds_fresh_evidence_and_executes_each_recipe_once (test_ultimate_feature_list.FreshEvidenceTests) ... ok
test_verify_rejects_changed_recipe (test_ultimate_feature_list.FreshEvidenceTests) ... ok
test_verify_rejects_edited_or_missing_log (test_ultimate_feature_list.FreshEvidenceTests) ... ok
test_verify_rejects_fabricated_execution_records (test_ultimate_feature_list.FreshEvidenceTests) ... ok
test_verify_rejects_manual_passing_records (test_ultimate_feature_list.FreshEvidenceTests) ... ok
test_verify_rejects_report_from_another_feature_list_state (test_ultimate_feature_list.FreshEvidenceTests) ... ok
test_verify_rejects_stale_candidate (test_ultimate_feature_list.FreshEvidenceTests) ... ok
test_verify_rejects_stale_same_sha_reuse (test_ultimate_feature_list.FreshEvidenceTests)
Same HEAD is not enough: the checkout must be the clean commit the run saw. ... ok
test_changed_profile_selects_checker_for_every_trigger_path (test_ultimate_feature_list.QualityGateIntegrationTests) ... ok
test_checker_binds_once_per_gate_run_to_in_memory_results (test_ultimate_feature_list.QualityGateIntegrationTests) ... GODOT warming import cache via semaphore gate
GODOT running 18 test(s) via semaphore gate
GODOT 1/18 tests/runtime_smoke_test.gd
GODOT 2/18 tests/ultimates/mechanics/assassin_live_test.gd
GODOT 3/18 tests/ultimates/mechanics/berserk_live_test.gd
GODOT 4/18 tests/ultimates/mechanics/biologist_live_test.gd
GODOT 5/18 tests/ultimates/mechanics/chemist_ultimate_mechanics_test.gd
GODOT 6/18 tests/ultimates/mechanics/dark_mage_ultimate_live_test.gd
GODOT 7/18 tests/ultimates/mechanics/doctor_live_test.gd
GODOT 8/18 tests/ultimates/mechanics/druid_live_test.gd
GODOT 9/18 tests/ultimates/mechanics/elementalist_live_test.gd
GODOT 10/18 tests/ultimates/mechanics/engineer_ultimate_live_test.gd
GODOT 11/18 tests/ultimates/mechanics/guitarist_ultimate_live_test.gd
GODOT 12/18 tests/ultimates/mechanics/knight_trio_integration_test.gd
GODOT 13/18 tests/ultimates/mechanics/priest_live_test.gd
GODOT 14/18 tests/ultimates/mechanics/ranger_live_test.gd
GODOT 15/18 tests/ultimates/mechanics/robot_ultimate_live_test.gd
GODOT 16/18 tests/ultimates/mechanics/sniper_live_test.gd
GODOT 17/18 tests/ultimates/mechanics/thief_live_test.gd
GODOT 18/18 tests/ultimates/soldier_runtime_test.gd
QUALITY PASSED: 2 static, 18 Godot; report=/tmp/multica-task-2347349279/quality-feature-list-rdltuwis/report.json
ok
test_checker_failure_fails_the_gate (test_ultimate_feature_list.QualityGateIntegrationTests) ... GODOT warming import cache via semaphore gate
GODOT running 18 test(s) via semaphore gate
GODOT 1/18 tests/runtime_smoke_test.gd
GODOT 2/18 tests/ultimates/mechanics/assassin_live_test.gd
GODOT 3/18 tests/ultimates/mechanics/berserk_live_test.gd
GODOT 4/18 tests/ultimates/mechanics/biologist_live_test.gd
GODOT 5/18 tests/ultimates/mechanics/chemist_ultimate_mechanics_test.gd
GODOT 6/18 tests/ultimates/mechanics/dark_mage_ultimate_live_test.gd
GODOT 7/18 tests/ultimates/mechanics/doctor_live_test.gd
GODOT 8/18 tests/ultimates/mechanics/druid_live_test.gd
GODOT 9/18 tests/ultimates/mechanics/elementalist_live_test.gd
GODOT 10/18 tests/ultimates/mechanics/engineer_ultimate_live_test.gd
GODOT 11/18 tests/ultimates/mechanics/guitarist_ultimate_live_test.gd
GODOT 12/18 tests/ultimates/mechanics/knight_trio_integration_test.gd
GODOT 13/18 tests/ultimates/mechanics/priest_live_test.gd
GODOT 14/18 tests/ultimates/mechanics/ranger_live_test.gd
GODOT 15/18 tests/ultimates/mechanics/robot_ultimate_live_test.gd
GODOT 16/18 tests/ultimates/mechanics/sniper_live_test.gd
GODOT 17/18 tests/ultimates/mechanics/thief_live_test.gd
GODOT 18/18 tests/ultimates/soldier_runtime_test.gd
QUALITY FAILED: 2 static, 18 Godot; report=/tmp/multica-task-2347349279/quality-feature-list-rocu2lel/report.json
ok
test_gate_binds_in_process_without_manifest_or_subprocess (test_ultimate_feature_list.QualityGateIntegrationTests) ... ok
test_missing_suite_path_conservatively_selects_the_full_godot_fleet (test_ultimate_feature_list.QualityGateIntegrationTests) ... ok
test_owed_checker_without_its_suites_is_skipped_and_non_certifying (test_ultimate_feature_list.QualityGateIntegrationTests) ... GODOT warming import cache via semaphore gate
GODOT running 1 test(s) via semaphore gate
GODOT 1/1 tests/runtime_smoke_test.gd
ULTIMATE FEATURE LIST SKIPPED: recipe suites outside this selection: res://tests/ultimates/mechanics/assassin_live_test.gd, res://tests/ultimates/mechanics/berserk_live_test.gd, res://tests/ultimates/mechanics/biologist_live_test.gd, res://tests/ultimates/mechanics/chemist_ultimate_mechanics_test.gd, res://tests/ultimates/mechanics/dark_mage_ultimate_live_test.gd, res://tests/ultimates/mechanics/doctor_live_test.gd, res://tests/ultimates/mechanics/druid_live_test.gd, res://tests/ultimates/mechanics/elementalist_live_test.gd, res://tests/ultimates/mechanics/engineer_ultimate_live_test.gd, res://tests/ultimates/mechanics/guitarist_ultimate_live_test.gd, res://tests/ultimates/mechanics/knight_trio_integration_test.gd, res://tests/ultimates/mechanics/priest_live_test.gd, res://tests/ultimates/mechanics/ranger_live_test.gd, res://tests/ultimates/mechanics/robot_ultimate_live_test.gd, res://tests/ultimates/mechanics/sniper_live_test.gd, res://tests/ultimates/mechanics/thief_live_test.gd, res://tests/ultimates/soldier_runtime_test.gd
QUALITY NON-CERTIFYING: the ultimate feature-list checker was owed but skipped
QUALITY PARTIAL_PASS: 2 static, 1 Godot; report=/tmp/multica-task-2347349279/quality-feature-list-bdbdu24r/report.json
ok
test_recipe_scripts_are_read_from_the_committed_feature_list (test_ultimate_feature_list.QualityGateIntegrationTests) ... ok
test_static_profile_command_set_is_unchanged (test_ultimate_feature_list.QualityGateIntegrationTests) ... ok
test_unrelated_changes_and_other_profiles_do_not_select_checker (test_ultimate_feature_list.QualityGateIntegrationTests) ... ok
test_unselected_checker_is_not_invoked_and_keeps_no_logs (test_ultimate_feature_list.QualityGateIntegrationTests) ... GODOT warming import cache via semaphore gate
GODOT running 1 test(s) via semaphore gate
GODOT 1/1 tests/runtime_smoke_test.gd
QUALITY PASSED: 2 static, 1 Godot; report=/tmp/multica-task-2347349279/quality-feature-list-rrdqtqu0/report.json
ok
test_real_feature_list_commits_no_generated_state (test_ultimate_feature_list.RealFeatureListTests) ... ok
test_real_feature_list_validates_against_canonical_catalog (test_ultimate_feature_list.RealFeatureListTests) ... ok
test_external_and_escaping_paths_are_rejected (test_ultimate_feature_list.RecipeAllowlistTests) ... ok
test_missing_helper_and_exclusive_suites_are_rejected (test_ultimate_feature_list.RecipeAllowlistTests) ... ok
test_other_interpreters_and_tools_are_rejected (test_ultimate_feature_list.RecipeAllowlistTests) ... ok
test_shell_metacharacters_are_rejected (test_ultimate_feature_list.RecipeAllowlistTests) ... ok
test_symlink_escaping_tests_is_rejected (test_ultimate_feature_list.RecipeAllowlistTests) ... ok
test_unapproved_options_and_shapes_are_rejected (test_ultimate_feature_list.RecipeAllowlistTests) ... ok
test_reserved_names_are_exactly_the_two_shards (test_ultimate_feature_list.ReservedOverlayFileTests) ... ok
test_reserved_names_are_only_skipped_by_exact_file_name (test_ultimate_feature_list.ReservedOverlayFileTests) ... ok
test_reserved_shards_beside_every_overlay_pass (test_ultimate_feature_list.ReservedOverlayFileTests) ... ok
test_reserved_shards_do_not_admit_other_extra_overlays (test_ultimate_feature_list.ReservedOverlayFileTests) ... ok
test_reserved_shards_do_not_hide_a_missing_overlay (test_ultimate_feature_list.ReservedOverlayFileTests) ... ok
test_presign_checkpoint_precedes_every_packaging_and_publication_step (test_update_release_pipeline.CandidatePreSignVerificationTests) ... ok
test_presign_does_not_weaken_the_normal_channel_gates (test_update_release_pipeline.CandidatePreSignVerificationTests) ... ok
test_presign_is_candidate_only_and_rejects_incomplete_invocations (test_update_release_pipeline.CandidatePreSignVerificationTests) ... ok
test_presign_reaches_post_export_checkpoint_without_credentials (test_update_release_pipeline.CandidatePreSignVerificationTests) ... ok
test_presign_rejects_a_missing_or_moved_candidate (test_update_release_pipeline.CandidatePreSignVerificationTests) ... ok
test_candidate_build_is_pinned_and_carries_prebuild_provenance (test_update_release_pipeline.CandidateReleaseBuildContractTests) ... ok
test_candidate_manifest_has_no_tag_fallback_and_keeps_complete_inventory (test_update_release_pipeline.CandidateReleaseBuildContractTests) ... ok
test_release_docs_describe_candidate_then_tag_without_repacking (test_update_release_pipeline.CandidateReleaseBuildContractTests) ... ok
test_build_script_cross_checks_client_channel_label (test_update_release_pipeline.MacosChannelLabelingTests) ... ok
test_client_labels_signed_macos_channel_truthfully (test_update_release_pipeline.MacosChannelLabelingTests) ... ok
test_every_active_release_doc_describes_both_channels (test_update_release_pipeline.MacosChannelLabelingTests) ... ok
test_first_signed_release_requires_independent_exact_tag_native_evidence (test_update_release_pipeline.MacosChannelLabelingTests) ... ok
test_release_docs_name_signed_as_current_and_preserve_unsigned_fallback (test_update_release_pipeline.MacosChannelLabelingTests) ... ok
test_signed_release_preflight_covers_apple_expiry_without_hardcoding (test_update_release_pipeline.MacosChannelLabelingTests) ... ok
test_snapshot_and_versioning_docs_supersede_fan1121_current_selection (test_update_release_pipeline.MacosChannelLabelingTests) ... ok
test_unsigned_channel_requires_codesign_integrity_but_not_apple_trust (test_update_release_pipeline.MacosChannelLabelingTests) ... ok
test_check_false_result_redacts_stdout_and_stderr (test_update_release_pipeline.OwnerAttestedWriterInventoryTests) ... ok
test_dry_run_needs_no_attestations_and_never_calls_publish (test_update_release_pipeline.OwnerAttestedWriterInventoryTests) ... ok
test_gho_403_fails_closed_without_echoing_a_token (test_update_release_pipeline.OwnerAttestedWriterInventoryTests) ... ok
test_rejects_app_writer_and_account_or_repository_mismatch (test_update_release_pipeline.OwnerAttestedWriterInventoryTests) ... ok
test_rejects_malformed_or_partial_selected_repository_inventory (test_update_release_pipeline.OwnerAttestedWriterInventoryTests) ... ok
test_rejects_replayed_proof_before_any_github_call (test_update_release_pipeline.OwnerAttestedWriterInventoryTests) ... ok
test_rejects_unknown_or_partial_selection_even_for_read_only_apps (test_update_release_pipeline.OwnerAttestedWriterInventoryTests) ... ok
test_release_instructions_include_two_proofs_template_and_cleanup (test_update_release_pipeline.OwnerAttestedWriterInventoryTests) ... ok
test_requires_two_fresh_distinct_complete_owner_proofs (test_update_release_pipeline.OwnerAttestedWriterInventoryTests) ... ok
test_full_verifier_accepts_exactly_six_unique_assets (test_update_release_pipeline.PublicVerifierAssetContractTests) ... ok
test_verifier_rejects_checksum_mismatch_for_installer_bytes (test_update_release_pipeline.PublicVerifierAssetContractTests) ... ok
test_verifier_rejects_duplicate_api_asset_names_before_downloads (test_update_release_pipeline.PublicVerifierAssetContractTests) ... ok
test_verifier_rejects_malformed_or_empty_api_asset_entries_before_downloads (test_update_release_pipeline.PublicVerifierAssetContractTests) ... ok
test_verifier_rejects_missing_and_unexpected_asset_names_before_downloads (test_update_release_pipeline.PublicVerifierAssetContractTests) ... ok
test_verifier_rejects_non_canonical_asset_urls_before_downloads (test_update_release_pipeline.PublicVerifierAssetContractTests) ... ok
test_verifier_rejects_whitespace_only_asset_urls_before_any_network_operations (test_update_release_pipeline.PublicVerifierAssetContractTests) ... ok
test_canonical_release_docs_keep_the_public_github_and_telegram_contract (test_update_release_pipeline.Published024ReleaseDocumentationTests) ... ok
test_readme_requires_current_telethon_session_for_every_stable_release (test_update_release_pipeline.Published024ReleaseDocumentationTests) ... ok
test_snapshot_marks_024_as_the_current_published_stable_release (test_update_release_pipeline.Published024ReleaseDocumentationTests) ... ok
test_ambiguous_public_edit_failure_reports_possible_public_state (test_update_release_pipeline.PublisherClaimContinuityTests) ... ok
test_deleted_claimed_tag_aborts_draft_creation_without_recreation (test_update_release_pipeline.PublisherClaimContinuityTests) ... ok
test_latest_marking_failure_reports_safe_manual_retry (test_update_release_pipeline.PublisherClaimContinuityTests) ... ok
test_missing_or_insufficient_tag_ruleset_blocks_before_any_side_effect (test_update_release_pipeline.PublisherClaimContinuityTests) ... ok
test_post_public_failures_report_truthful_public_state (test_update_release_pipeline.PublisherClaimContinuityTests) ... ok
test_tag_mutation_after_draft_verification_blocks_public_edit (test_update_release_pipeline.PublisherClaimContinuityTests) ... ok
test_tag_ruleset_pattern_matching_is_tag_scoped (test_update_release_pipeline.PublisherClaimContinuityTests) ... ok
test_unknown_or_malformed_bypass_visibility_blocks_before_any_side_effect (test_update_release_pipeline.PublisherClaimContinuityTests)
FAN-1271: only an explicit empty bypass_actors list proves no bypass. ... ok
test_racing_public_latest_create_error_forbids_demotion (test_update_release_pipeline.PublisherCreateRaceRecoveryTests) ... ok
test_racing_release_create_error_reports_observed_state (test_update_release_pipeline.PublisherCreateRaceRecoveryTests) ... ok
test_asset_mutation_after_clean_draft_verification_blocks_public_edit (test_update_release_pipeline.PublisherDraftAssetRaceTests) ... ok
test_foreign_writer_blocks_before_any_side_effect (test_update_release_pipeline.PublisherDraftAssetRaceTests) ... ok
test_malformed_app_inventory_blocks_production_sequence_before_any_write (test_update_release_pipeline.PublisherDraftAssetRaceTests) ... skipped 'FAN-2829 superseded App-token inventory fixtures with owner-attested proofs'
test_malformed_draft_asset_metadata_blocks_real_publish (test_update_release_pipeline.PublisherDraftAssetRaceTests) ... ok
test_precreated_second_inventory_cannot_publish_the_draft (test_update_release_pipeline.PublisherDraftAssetRaceTests) ... ok
test_replayed_proofs_block_production_publish_before_any_write (test_update_release_pipeline.PublisherDraftAssetRaceTests) ... ok
test_second_app_inventory_is_observed_only_after_draft_verification (test_update_release_pipeline.PublisherDraftAssetRaceTests) ... ok
test_sole_writer_boundary_accepts_only_provably_harmless_grants (test_update_release_pipeline.PublisherDraftAssetRaceTests) ... skipped 'FAN-2829 superseded App-token inventory fixtures with owner-attested proofs'
test_sole_writer_boundary_fails_closed_on_unprovable_state (test_update_release_pipeline.PublisherDraftAssetRaceTests) ... skipped 'FAN-2829 superseded App-token inventory fixtures with owner-attested proofs'
test_stateful_happy_path_publishes_only_reverified_bytes (test_update_release_pipeline.PublisherDraftAssetRaceTests) ... ok
test_writer_granted_after_clean_draft_verification_blocks_public_edit (test_update_release_pipeline.PublisherDraftAssetRaceTests) ... ok
test_ambiguous_branch_head_blocks_before_tag_claim (test_update_release_pipeline.PublisherRaceAndImmutabilityTests) ... ok
test_claim_response_must_prove_exact_tag_ownership (test_update_release_pipeline.PublisherRaceAndImmutabilityTests) ... ok
test_foreign_tag_after_create_blocks_publication_edit (test_update_release_pipeline.PublisherRaceAndImmutabilityTests) ... ok
test_foreign_tag_after_publication_blocks_latest (test_update_release_pipeline.PublisherRaceAndImmutabilityTests) ... ok
test_non_immutable_public_release_blocks_latest_in_real_sequence (test_update_release_pipeline.PublisherRaceAndImmutabilityTests) ... ok
test_public_release_asset_check_requires_github_immutability (test_update_release_pipeline.PublisherRaceAndImmutabilityTests) ... ok
test_publisher_requires_enforced_immutability_before_any_side_effect (test_update_release_pipeline.PublisherRaceAndImmutabilityTests) ... ok
test_racing_tag_after_preflight_blocks_publication_before_create (test_update_release_pipeline.PublisherRaceAndImmutabilityTests) ... ok
test_supported_publisher_path_has_no_destructive_commands (test_update_release_pipeline.PublisherRaceAndImmutabilityTests) ... ok
test_unused_tag_happy_path_executes_full_fail_closed_sequence (test_update_release_pipeline.PublisherRaceAndImmutabilityTests) ... ok
test_codesign_guard_accepts_unsigned_trust_only_negative_control (test_update_release_pipeline.ReleaseDocumentationConsistencyTests) ... ok
test_codesign_guard_rejects_early_unsigned_lie_in_each_canonical_doc (test_update_release_pipeline.ReleaseDocumentationConsistencyTests) ... ok
test_delivery_contract_is_semantic_and_rejects_token_only_mutations (test_update_release_pipeline.ReleaseDocumentationConsistencyTests) ... ok
test_delivery_guard_accepts_canonical_negations (test_update_release_pipeline.ReleaseDocumentationConsistencyTests) ... ok
test_delivery_guard_accepts_required_bilingual_local_prohibitions (test_update_release_pipeline.ReleaseDocumentationConsistencyTests) ... ok
test_delivery_guard_accepts_structural_local_prohibition_matrix (test_update_release_pipeline.ReleaseDocumentationConsistencyTests)
FAN-1524: semantic controls remain independent of guard internals. ... ok
test_delivery_guard_binds_negation_to_the_local_clause (test_update_release_pipeline.ReleaseDocumentationConsistencyTests) ... ok
test_delivery_guard_fan1528_exact_reproductions (test_update_release_pipeline.ReleaseDocumentationConsistencyTests)
FAN-1528: the four QA reproductions stay exact in all six docs. ... ok
test_delivery_guard_fan1528_independent_structural_matrix (test_update_release_pipeline.ReleaseDocumentationConsistencyTests)
FAN-1528: structural controls are independent of disclosed verbs. ... ok
test_delivery_guard_fan1531_requires_proven_safe_governor_roles (test_update_release_pipeline.ReleaseDocumentationConsistencyTests)
FAN-1531: list and purpose governors default closed until proven safe. ... ok
test_delivery_guard_fan1534_proves_whole_inline_code_purpose_bridge (test_update_release_pipeline.ReleaseDocumentationConsistencyTests)
FAN-1534: inline-code purpose admission rejects bridge exceptions. ... ok
test_delivery_guard_generalizes_parentheticals_complements_and_boundaries (test_update_release_pipeline.ReleaseDocumentationConsistencyTests) ... ok
test_delivery_guard_handles_bilingual_boundary_matrix (test_update_release_pipeline.ReleaseDocumentationConsistencyTests) ... ok
test_delivery_guard_matches_inline_code_delimiter_runs (test_update_release_pipeline.ReleaseDocumentationConsistencyTests)
A code span closes only on the same-length delimiter run. ... ok
test_delivery_guard_models_markdown_units_and_signed_governors (test_update_release_pipeline.ReleaseDocumentationConsistencyTests)
FAN-1521: exact EN/RU polarity and Markdown controls. ... ok
test_delivery_guard_rejects_required_negative_predicates_exactly (test_update_release_pipeline.ReleaseDocumentationConsistencyTests) ... ok
test_delivery_guard_scopes_novel_negation_forms (test_update_release_pipeline.ReleaseDocumentationConsistencyTests)
FAN-1518: bounded scope must generalise beyond fixture lexemes. ... ok
test_delivery_guard_treats_backslash_as_literal_inside_inline_code (test_update_release_pipeline.ReleaseDocumentationConsistencyTests)
FAN-1536: an escaped-looking closer still closes Markdown code. ... ok
test_entry_point_docs_describe_current_hotfix_and_immutable_contract (test_update_release_pipeline.ReleaseDocumentationConsistencyTests) ... ok
test_four_required_qa_mutations_are_rejected_individually (test_update_release_pipeline.ReleaseDocumentationConsistencyTests) ... ok
test_immutable_guard_accepts_negated_and_repeat_delivery_controls (test_update_release_pipeline.ReleaseDocumentationConsistencyTests) ... ok
test_immutable_release_contract_rejects_append_only_overwrite_permission (test_update_release_pipeline.ReleaseDocumentationConsistencyTests) ... ok
test_macos_mapping_contract_is_canonical_in_every_release_instruction (test_update_release_pipeline.ReleaseDocumentationConsistencyTests) ... ok
test_operational_examples_support_both_release_version_shapes (test_update_release_pipeline.ReleaseDocumentationConsistencyTests) ... ok
test_operational_guard_accepts_hotfix_commands_without_truncating_version (test_update_release_pipeline.ReleaseDocumentationConsistencyTests) ... ok
test_published_024_cannot_be_described_as_an_active_frozen_release (test_update_release_pipeline.ReleaseDocumentationConsistencyTests) ... ok
test_published_024_lifecycle_guard_accepts_completed_freeze_negations (test_update_release_pipeline.ReleaseDocumentationConsistencyTests) ... ok
test_published_024_lifecycle_guard_rejects_english_and_russian_equivalents (test_update_release_pipeline.ReleaseDocumentationConsistencyTests) ... ok
test_reconciliation_guidance_never_advises_demotion (test_update_release_pipeline.ReleaseDocumentationConsistencyTests) ... ok
test_recovery_guard_rejects_state_and_manifest_contradictions (test_update_release_pipeline.ReleaseDocumentationConsistencyTests) ... ok
test_release_recovery_docs_distinguish_truthful_failure_states (test_update_release_pipeline.ReleaseDocumentationConsistencyTests) ... ok
test_all_publication_gates_accept_both_supported_version_shapes (test_update_release_pipeline.UpdateReleasePipelineTests) ... ok
test_checksum_parser_rejects_duplicate_missing_and_unexpected_entries (test_update_release_pipeline.UpdateReleasePipelineTests) ... ok
test_draft_asset_verification_requires_uploaded_exact_bytes (test_update_release_pipeline.UpdateReleasePipelineTests) ... ok
test_github_asset_order_publishes_manifest_last (test_update_release_pipeline.UpdateReleasePipelineTests) ... ok
test_manifest_matches_both_installers_and_public_urls (test_update_release_pipeline.UpdateReleasePipelineTests) ... ok
test_manifest_supports_four_component_technical_hotfix (test_update_release_pipeline.UpdateReleasePipelineTests) ... ok
test_public_distribution_publisher_allows_only_metadata_in_git_tree (test_update_release_pipeline.UpdateReleasePipelineTests) ... ok
test_public_distribution_verifier_rejects_source_or_secret_like_readme_content (test_update_release_pipeline.UpdateReleasePipelineTests) ... ok
test_public_verifier_cannot_prune_immutable_releases (test_update_release_pipeline.UpdateReleasePipelineTests) ... ok
test_publisher_allows_a_missing_bare_tag (test_update_release_pipeline.UpdateReleasePipelineTests) ... ok
test_publisher_checks_draft_assets_before_publication_or_latest (test_update_release_pipeline.UpdateReleasePipelineTests) ... ok
test_publisher_fails_closed_when_bare_tag_preflight_is_unavailable (test_update_release_pipeline.UpdateReleasePipelineTests) ... ok
test_publisher_fails_closed_when_release_preflight_returns_server_error (test_update_release_pipeline.UpdateReleasePipelineTests) ... ok
test_publisher_refuses_existing_bare_immutable_tag (test_update_release_pipeline.UpdateReleasePipelineTests) ... ok
test_publisher_refuses_existing_immutable_tag (test_update_release_pipeline.UpdateReleasePipelineTests) ... ok
test_rejects_minimum_newer_than_release (test_update_release_pipeline.UpdateReleasePipelineTests) ... ok
test_rejects_non_strict_release_version (test_update_release_pipeline.UpdateReleasePipelineTests) ... ok
test_telegram_delivery_is_allowed_for_current_stable_versions (test_update_release_pipeline.UpdateReleasePipelineTests) ... ok
test_verifier_rejects_malformed_checksum_entries_before_downloads (test_update_release_pipeline.UpdateReleasePipelineTests) ... ok
test_every_baseline_carries_a_recorded_review_marker (test_visual_gate.BaselineSafetyTests) ... ok
test_recorded_hashes_match_the_committed_pixels (test_visual_gate.BaselineSafetyTests) ... ok
test_update_without_review_marker_is_refused (test_visual_gate.BaselineSafetyTests) ... visual_gate: --update-baselines requires --review "<marker>" so the new pixels carry a documented reviewer decision
ok
test_capture_refuses_headless (test_visual_gate.CaptureScriptTests) ... ok
test_capture_script_has_its_uid_sidecar (test_visual_gate.CaptureScriptTests) ... ok
test_delta_above_tolerance_is_counted (test_visual_gate.CompareTests) ... ok
test_delta_below_tolerance_is_not_counted (test_visual_gate.CompareTests) ... ok
test_identical_images_have_no_difference (test_visual_gate.CompareTests) ... ok
test_size_mismatch_fails_closed (test_visual_gate.CompareTests) ... ok
test_visible_block_is_measured_by_area (test_visual_gate.CompareTests) ... ok
test_case_count_is_within_the_required_band (test_visual_gate.ManifestTests) ... ok
test_case_ids_are_unique (test_visual_gate.ManifestTests) ... ok
test_every_referenced_resource_exists (test_visual_gate.ManifestTests) ... ok
test_required_coverage_is_present (test_visual_gate.ManifestTests) ... ok
test_run_inputs_are_pinned (test_visual_gate.ManifestTests) ... ok
test_validate_only_accepts_the_committed_baselines (test_visual_gate.ManifestTests) ... visual_gate: manifest and macos baselines are consistent (10 cases)
ok
test_probe_detects_a_visible_mutation_and_leaves_the_checkout_alone (test_visual_gate.NegativeProbeTests) ...   detected ultimate_sniper_deadeye_rifle ratio=0.099619 > 0.004
  detected ultimate_sniper_spotter_scope ratio=0.099619 > 0.004
  detected ultimate_sniper_shatter_rounds ratio=0.099619 > 0.004
  detected flipbook_berserk_axe_cleave ratio=0.098881 > 0.004
  detected flipbook_holy_flail_spiral ratio=0.098881 > 0.004
  detected flipbook_storm_longbow_release ratio=0.098881 > 0.004
  detected flipbook_robot_hydraulic_press ratio=0.098881 > 0.004
  detected main_menu_1280x720 ratio=0.099619 > 0.004
  detected main_menu_1920x1080 ratio=0.099838 > 0.004
  detected hud_ultimate_widget ratio=0.098010 > 0.004
visual_gate: negative probe detected on all 10 case(s); checkout unchanged. Exiting 1 by contract.
ok
test_no_host_command_carries_the_crashing_flag_pair (test_windows_quality_import_contract.WindowsImportCommandContractTests) ... ok
test_posix_prepass_command_is_unchanged (test_windows_quality_import_contract.WindowsImportCommandContractTests) ... ok
test_windows_import_step_uses_supported_lifecycle (test_windows_quality_import_contract.WindowsImportCommandContractTests) ... ok
test_access_violation_fails_closed_and_stops (test_windows_quality_import_contract.WindowsImportCompletionContractTests) ... ok
test_captured_output_survives_utf8_engine_text_on_any_locale (test_windows_quality_import_contract.WindowsImportCompletionContractTests) ... ok
test_clean_import_and_complete_cache_pass (test_windows_quality_import_contract.WindowsImportCompletionContractTests) ... ok
test_import_timeout_fails_closed (test_windows_quality_import_contract.WindowsImportCompletionContractTests) ... ok
test_incomplete_cache_validation_fails_closed (test_windows_quality_import_contract.WindowsImportCompletionContractTests) ... ok

----------------------------------------------------------------------
Ran 782 tests in 310.975s

OK (skipped=3)
STATIC python-unit:tests/tools
test_clean_run_passes_under_a_globally_pinned_build_id (test_godot_gate_missing_script_contract.GodotGateMissingScriptContractTests)
A CI-wide GODOT_BUILD_ID must not stop this stand-in godot from ... ok
test_clean_run_still_passes (test_godot_gate_missing_script_contract.GodotGateMissingScriptContractTests) ... ok
test_unloaded_script_fails_the_gate (test_godot_gate_missing_script_contract.GodotGateMissingScriptContractTests) ... ok
test_this_file_has_exactly_one_discovery_root (test_nested_discovery_contract.NestedDiscoveryContractTests) ... ok
test_this_file_is_discovered (test_nested_discovery_contract.NestedDiscoveryContractTests) ... ok
test_documented_check_names_match_quality_gate (test_qa_protocol_gate_contract.QaProtocolGateContractTests) ... ok
test_documented_report_keys_exist_in_quality_gate (test_qa_protocol_gate_contract.QaProtocolGateContractTests) ... ok

----------------------------------------------------------------------
Ran 7 tests in 0.212s

OK
STATIC python-syntax
STATIC asset-audit
Asset audit self-test passed (проверено 45351, динамических защищено 730, кандидатов 21876, отчёт build/asset_audit_manifest.md).
STATIC constellation-validator
SCRUM-1067 validator mutation PASS: canonical accepted; 11 critical mutations rejected.
STATIC runtime-manifest-validator
SCRUM-1068 validator mutation gate passed (15 corruptions rejected).
STATIC git-diff-check
STATIC git-index-check
STATIC git-head-check
STATIC git-range-check
STATIC shell-syntax
QUALITY PASSED: 16 static, 0 Godot; report=build/quality_gate_report.json
exit_status=0
