elapsed_s,frame_ms,engine_fps,process_ms,physics_ms,memory_mib,objects,nodes,orphans,draw_calls,render_objects,primitives,physics_objects,collision_pairs
0.012769,12.769000,117.000,16.424000,3.009000,122.396481,3399,230,0,81,187,1962,9,0
0.017022,4.253000,117.000,16.424000,3.009000,122.402206,3403,230,0,81,187,1962,9,0
0.029377,12.355000,117.000,16.424000,3.009000,122.402596,3403,230,0,80,186,1960,9,0
0.033716,4.339000,117.000,16.424000,3.009000,122.398914,3401,230,0,80,186,1960,9,0
0.046453,12.737000,117.000,16.424000,3.009000,122.399944,3401,230,0,78,186,1960,9,0
0.050290,3.837000,117.000,16.424000,3.009000,122.392368,3398,227,0,77,183,1954,9,0
0.065366,15.076000,117.000,16.424000,3.009000,122.386497,3386,227,0,77,183,1954,9,0
0.080521,15.155000,117.000,16.424000,3.009000,122.386932,3386,227,0,77,183,1954,9,0
0.084497,3.976000,117.000,16.424000,3.009000,122.389057,3389,227,0,77,183,1954,9,0
0.099158,14.661000,117.000,16.424000,3.009000,122.390682,3389,227,0,77,183,1954,9,0
0.113927,14.769000,117.000,16.424000,3.009000,122.392014,3389,227,0,77,183,1954,9,1
0.117270,3.343000,117.000,16.424000,3.009000,122.398453,3399,227,0,77,183,1954,9,1
0.130617,13.347000,117.000,16.424000,3.009000,122.399738,3408,226,0,77,183,1954,9,0
0.133939,3.322000,117.000,16.424000,3.009000,122.398701,3403,226,0,77,183,1954,9,0
0.146596,12.657000,117.000,16.424000,3.009000,122.399128,3403,226,0,77,183,1954,9,0
0.149254,2.658000,117.000,16.424000,3.009000,122.399563,3403,226,0,77,183,1954,9,0
0.163648,14.394000,117.000,16.424000,3.009000,122.399998,3403,226,0,77,183,1954,9,0
0.194508,30.860000,117.000,16.424000,3.009000,122.952595,3628,316,0,158,306,2200,9,0
0.197905,3.397000,117.000,16.424000,3.009000,122.957951,3628,316,0,162,320,2228,9,0
0.213923,16.018000,117.000,16.424000,3.009000,122.966854,3632,317,0,165,323,2234,9,0
0.217872,3.949000,117.000,16.424000,3.009000,122.962582,3627,317,0,161,319,2226,9,0
0.230383,12.511000,117.000,16.424000,3.009000,122.963017,3627,317,0,161,319,2226,9,0
0.234691,4.308000,117.000,16.424000,3.009000,122.963451,3627,317,0,161,319,2226,9,0
0.240171,5.480000,117.000,16.424000,3.009000,122.962299,3624,317,0,161,319,2226,9,0
0.254311,14.140000,117.000,16.424000,3.009000,122.962734,3624,317,0,161,319,2226,9,0
0.260140,5.829000,117.000,16.424000,3.009000,122.963169,3624,317,0,161,319,2226,9,0
0.265120,4.980000,117.000,16.424000,3.009000,122.963547,3624,317,0,161,319,2226,9,0
0.280248,15.128000,117.000,16.424000,3.009000,122.965702,3627,317,0,160,318,2224,9,0
0.284349,4.101000,117.000,16.424000,3.009000,122.970303,3627,317,0,161,318,2224,9,0
0.296897,12.548000,117.000,16.424000,3.009000,122.968288,3623,317,0,161,318,2224,9,0
0.300714,3.817000,117.000,16.424000,3.009000,122.967083,3620,317,0,159,283,2154,9,0
0.313875,13.161000,117.000,16.424000,3.009000,122.967518,3620,317,0,159,283,2154,9,0
0.317930,4.055000,117.000,16.424000,3.009000,122.939377,3620,317,0,159,283,2154,9,0
0.324917,6.987000,117.000,16.424000,3.009000,122.959133,3639,321,0,159,283,2154,9,0
0.337489,12.572000,117.000,16.424000,3.009000,122.955582,3637,321,0,161,285,2158,9,0
0.347198,9.709000,117.000,16.424000,3.009000,122.954311,3634,321,0,160,284,2156,9,0
0.351273,4.075000,117.000,16.424000,3.009000,122.954746,3634,321,0,160,284,2156,9,0
0.357658,6.385000,117.000,16.424000,3.009000,122.955181,3634,321,0,160,284,2156,9,0
0.371018,13.360000,117.000,16.424000,3.009000,122.954067,3634,321,0,160,284,2156,9,0
0.380752,9.734000,117.000,16.424000,3.009000,122.943951,3629,318,0,159,283,2154,9,0
0.384918,4.166000,117.000,16.424000,3.009000,122.935551,3614,318,0,159,283,2154,9,0
0.391068,6.150000,117.000,16.424000,3.009000,122.936131,3614,318,0,158,282,2152,9,0
0.405319,14.251000,117.000,16.424000,3.009000,122.942814,3614,318,0,157,281,2150,9,0
0.410498,5.179000,117.000,16.424000,3.009000,122.958546,3624,322,0,156,280,2148,9,0
0.415173,4.675000,117.000,16.424000,3.009000,122.949265,3620,318,0,156,281,2150,9,0
0.430286,15.113000,117.000,16.424000,3.009000,122.945301,3613,318,0,156,281,2150,9,0
0.433979,3.693000,117.000,16.424000,3.009000,122.944096,3610,318,0,154,279,2146,9,0
0.446848,12.869000,117.000,16.424000,3.009000,122.944530,3610,318,0,154,279,2146,9,0
0.450505,3.657000,117.000,16.424000,3.009000,122.944881,3610,318,0,153,278,2144,9,0
0.463823,13.318000,117.000,16.424000,3.009000,122.929737,3601,313,0,152,277,2142,9,0
0.467526,3.703000,117.000,16.424000,3.009000,122.923855,3591,313,0,152,277,2142,9,0
0.475256,7.730000,117.000,16.424000,3.009000,122.931236,3593,313,0,153,278,2144,9,0
0.487332,12.076000,117.000,16.424000,3.009000,122.931671,3593,313,0,153,278,2144,9,0
0.498640,11.308000,117.000,16.424000,3.009000,122.932091,3593,313,0,153,278,2144,9,0
0.502458,3.818000,117.000,16.424000,3.009000,122.931519,3593,313,0,151,276,2140,9,0
0.508424,5.966000,117.000,16.424000,3.009000,122.930313,3590,313,0,151,276,2140,9,0
0.521120,12.696000,117.000,16.424000,3.009000,122.930748,3590,313,0,151,276,2140,9,0
0.526182,5.062000,117.000,16.424000,3.009000,122.931149,3590,313,0,151,276,2140,9,0
0.537315,11.133000,117.000,16.424000,3.009000,122.931583,3590,313,0,151,276,2140,9,0
0.546753,9.438000,117.000,16.424000,3.009000,122.933918,3593,313,0,151,276,2140,9,0
0.550134,3.381000,117.000,16.424000,3.009000,122.928738,3584,313,0,151,276,2140,9,0
0.563879,13.745000,117.000,16.424000,3.009000,122.929173,3584,313,0,149,274,2136,9,0
0.568593,4.714000,117.000,16.424000,3.009000,122.929844,3584,313,0,149,274,2136,9,0
0.574263,5.670000,117.000,16.424000,3.009000,122.939503,3584,313,0,149,274,2136,9,0
0.587319,13.056000,117.000,16.424000,3.009000,122.939938,3584,313,0,149,274,2136,9,0
0.596844,9.525000,117.000,16.424000,3.009000,122.940372,3584,313,0,149,274,2136,9,0
0.600504,3.660000,117.000,16.424000,3.009000,122.940807,3584,313,0,150,274,2136,9,0
0.613800,13.296000,117.000,16.424000,3.009000,122.941296,3584,313,0,150,274,2136,9,0
0.617569,3.769000,117.000,16.424000,3.009000,122.941696,3584,313,0,149,273,2134,9,0
0.630610,13.041000,117.000,16.424000,3.009000,122.937668,3582,313,0,149,273,2134,9,0
0.634287,3.677000,117.000,16.424000,3.009000,122.938068,3582,313,0,149,273,2134,9,0
0.646538,12.251000,117.000,16.424000,3.009000,122.936993,3582,313,0,149,273,2134,9,0
0.649722,3.184000,117.000,16.424000,3.009000,122.937428,3582,313,0,149,273,2134,9,0
0.663723,14.001000,117.000,16.424000,3.009000,122.937862,3582,313,0,149,273,2134,9,0
0.667462,3.739000,117.000,16.424000,3.009000,122.938297,3582,313,0,149,273,2134,9,0
0.680519,13.057000,117.000,16.424000,3.009000,122.938732,3582,313,0,149,273,2134,9,0
0.684334,3.815000,117.000,16.424000,3.009000,122.939167,3582,313,0,149,273,2134,9,0
0.696688,12.354000,117.000,16.424000,3.009000,122.939602,3582,313,0,149,273,2134,9,0
0.699851,3.163000,117.000,16.424000,3.009000,122.940037,3582,313,0,149,273,2134,9,0
0.713945,14.094000,117.000,16.424000,3.009000,122.948151,3595,313,0,149,273,2134,9,0
0.717937,3.992000,117.000,16.424000,3.009000,122.948586,3595,313,0,149,273,2134,9,0
0.724621,6.684000,117.000,16.424000,3.009000,122.949001,3595,313,0,149,273,2134,9,0
0.737536,12.915000,117.000,16.424000,3.009000,122.957169,3605,314,0,149,273,2134,9,0
0.747713,10.177000,117.000,16.424000,3.009000,122.955704,3602,314,0,150,274,2136,9,0
0.751334,3.621000,117.000,16.424000,3.009000,122.956139,3602,314,0,150,274,2136,9,0
0.757782,6.448000,117.000,16.424000,3.009000,122.956573,3602,314,0,150,274,2136,9,0
0.786122,28.340000,117.000,16.424000,3.009000,123.051605,3663,324,0,170,330,2248,9,0
0.789582,3.460000,117.000,16.424000,3.009000,123.016979,3663,324,0,103,254,2096,9,0
0.804904,15.322000,117.000,16.424000,3.009000,123.017414,3663,324,0,103,254,2096,9,0
0.812712,7.808000,117.000,16.424000,3.009000,123.018658,3663,324,0,105,256,2100,9,0
0.817694,4.982000,117.000,16.424000,3.009000,123.018074,3661,324,0,105,256,2100,9,0
0.823811,6.117000,117.000,16.424000,3.009000,123.018509,3661,324,0,105,256,2100,9,0
0.838558,14.747000,117.000,16.424000,3.009000,123.017971,3661,324,0,103,254,2096,9,0
0.845977,7.419000,117.000,16.424000,3.009000,123.018764,3661,324,0,103,254,2096,9,0
0.850799,4.822000,113.000,29.821000,1.793000,123.034855,3664,324,0,103,254,2096,9,0
0.862703,11.904000,113.000,29.821000,1.793000,123.035290,3664,324,0,104,254,2096,9,0
0.867765,5.062000,113.000,29.821000,1.793000,123.035725,3664,324,0,104,254,2096,9,0
0.879420,11.655000,113.000,29.821000,1.793000,123.036160,3664,324,0,104,254,2096,9,0
0.884394,4.974000,113.000,29.821000,1.793000,123.038227,3667,324,0,104,254,2096,9,0
0.896721,12.327000,113.000,29.821000,1.793000,123.038662,3667,324,0,104,254,2096,9,0
0.902400,5.679000,113.000,29.821000,1.793000,123.039097,3667,324,0,104,254,2096,9,0
0.906925,4.525000,113.000,29.821000,1.793000,123.036919,3663,324,0,104,254,2096,9,0
0.921938,15.013000,113.000,29.821000,1.793000,123.032944,3661,324,0,102,218,2024,9,0
0.929445,7.507000,113.000,29.821000,1.793000,123.033379,3661,324,0,101,217,2022,9,0
0.934018,4.573000,113.000,29.821000,1.793000,123.033813,3661,324,0,101,217,2022,9,0
0.946059,12.041000,113.000,29.821000,1.793000,123.004124,3661,324,0,101,217,2022,9,0
0.951051,4.992000,113.000,29.821000,1.793000,123.002907,3658,324,0,101,217,2022,9,0
0.962729,11.678000,113.000,29.821000,1.793000,123.003342,3658,324,0,101,217,2022,9,0
0.967606,4.877000,113.000,29.821000,1.793000,123.004967,3658,324,0,101,217,2022,9,2
0.979377,11.771000,113.000,29.821000,1.793000,123.005402,3658,324,0,101,217,2022,9,2
0.984107,4.730000,113.000,29.821000,1.793000,123.008091,3661,324,0,101,217,2022,9,2
0.996058,11.951000,113.000,29.821000,1.793000,123.008389,3661,324,0,101,217,2022,9,2
1.001236,5.178000,113.000,29.821000,1.793000,123.070068,3667,322,0,101,217,2022,9,0
1.028051,26.815000,113.000,29.821000,1.793000,123.062668,3654,322,0,102,216,2020,9,0
1.031712,3.661000,113.000,29.821000,1.793000,123.063103,3654,322,0,100,214,2016,9,0
1.047200,15.488000,113.000,29.821000,1.793000,123.063538,3654,322,0,99,213,2014,9,0
1.054531,7.331000,113.000,29.821000,1.793000,123.053535,3650,318,0,99,213,2014,9,0
1.059518,4.987000,113.000,29.821000,1.793000,123.047951,3640,318,0,98,212,2012,9,0
1.070954,11.436000,113.000,29.821000,1.793000,123.048386,3640,318,0,97,211,2010,9,0
1.080420,9.466000,113.000,29.821000,1.793000,123.048752,3640,318,0,96,210,2008,9,0
1.083740,3.320000,113.000,29.821000,1.793000,123.031956,3628,313,0,95,209,2006,9,0
1.097211,13.471000,113.000,29.821000,1.793000,123.027855,3621,313,0,95,209,2006,9,0
1.104798,7.587000,113.000,29.821000,1.793000,123.038845,3614,313,0,106,224,2036,9,0
1.110738,5.940000,113.000,29.821000,1.793000,123.038307,3614,313,0,103,221,2030,9,0
1.116160,5.422000,113.000,29.821000,1.793000,123.033913,3606,313,0,103,221,2030,9,0
1.129349,13.189000,113.000,29.821000,1.793000,123.034290,3606,313,0,103,221,2030,9,0
1.134558,5.209000,113.000,29.821000,1.793000,123.148964,3720,337,0,103,221,2030,9,0
1.145983,11.425000,113.000,29.821000,1.793000,123.152168,3720,337,0,115,233,2054,9,0
1.150352,4.369000,113.000,29.821000,1.793000,123.152542,3720,337,0,115,233,2054,9,0
1.162826,12.474000,113.000,29.821000,1.793000,123.152977,3720,337,0,115,233,2054,9,0
1.167411,4.585000,113.000,29.821000,1.793000,123.153412,3720,337,0,113,231,2050,9,0
1.179183,11.772000,113.000,29.821000,1.793000,123.153847,3720,337,0,113,231,2050,9,0
1.183910,4.727000,113.000,29.821000,1.793000,123.154282,3720,337,0,113,231,2050,9,0
1.195961,12.051000,113.000,29.821000,1.793000,123.154659,3720,337,0,113,231,2050,9,0
1.200319,4.358000,113.000,29.821000,1.793000,123.156010,3720,337,0,113,231,2050,9,1
1.212758,12.439000,113.000,29.821000,1.793000,123.156445,3720,337,0,113,231,2050,9,1
1.217705,4.947000,113.000,29.821000,1.793000,123.155891,3723,336,0,113,231,2050,9,0
1.229379,11.674000,113.000,29.821000,1.793000,123.153069,3718,336,0,114,231,2050,9,0
1.233916,4.537000,113.000,29.821000,1.793000,123.153488,3718,336,0,114,231,2050,9,0
1.245849,11.933000,113.000,29.821000,1.793000,123.153923,3718,336,0,113,226,2040,9,0
1.250377,4.528000,113.000,29.821000,1.793000,123.154839,3718,336,0,113,226,2040,9,0
1.262800,12.423000,113.000,29.821000,1.793000,123.164825,3716,336,0,111,224,2036,9,0
1.267751,4.951000,113.000,29.821000,1.793000,123.144321,3706,330,0,111,224,2036,9,0
1.279327,11.576000,113.000,29.821000,1.793000,123.137371,3694,330,0,111,224,2036,9,0
1.283813,4.486000,113.000,29.821000,1.793000,123.137791,3694,330,0,111,224,2036,9,0
1.296337,12.524000,113.000,29.821000,1.793000,123.138226,3694,330,0,110,224,2036,9,0
1.300802,4.465000,113.000,29.821000,1.793000,123.140335,3697,330,0,110,224,2036,9,0
1.314136,13.334000,113.000,29.821000,1.793000,123.140770,3697,330,0,111,224,2036,9,0
1.330569,16.433000,113.000,29.821000,1.793000,123.141171,3697,330,0,111,224,2036,9,0
1.335383,4.814000,113.000,29.821000,1.793000,123.147625,3707,330,0,110,224,2036,9,0
1.340235,4.852000,113.000,29.821000,1.793000,123.151272,3712,330,0,111,224,2036,9,0
1.355765,15.530000,113.000,29.821000,1.793000,123.149792,3709,330,0,111,224,2036,9,0
1.362683,6.918000,113.000,29.821000,1.793000,123.150227,3709,330,0,110,224,2036,9,0
1.367002,4.319000,113.000,29.821000,1.793000,123.150661,3709,330,0,110,224,2036,9,0
1.379462,12.460000,113.000,29.821000,1.793000,123.151096,3709,330,0,111,224,2036,9,0
1.413659,34.197000,113.000,29.821000,1.793000,123.283997,3768,340,0,181,339,2266,9,0
1.418110,4.451000,113.000,29.821000,1.793000,123.282036,3771,340,0,173,329,2246,9,0
1.430178,12.068000,113.000,29.821000,1.793000,123.278679,3766,340,0,172,327,2242,9,0
1.434403,4.225000,113.000,29.821000,1.793000,123.279114,3766,340,0,172,327,2242,9,0
1.439876,5.473000,113.000,29.821000,1.793000,123.279549,3766,340,0,172,327,2242,9,0
1.454969,15.093000,113.000,29.821000,1.793000,123.279984,3766,340,0,172,327,2242,9,0
1.462832,7.863000,113.000,29.821000,1.793000,123.280418,3766,340,0,172,327,2242,9,0
1.468259,5.427000,113.000,29.821000,1.793000,123.280853,3766,340,0,172,327,2242,9,0
1.473752,5.493000,113.000,29.821000,1.793000,123.270828,3761,337,0,171,326,2240,9,0
1.488395,14.643000,113.000,29.821000,1.793000,123.269176,3758,337,0,171,326,2240,9,0
1.495919,7.524000,113.000,29.821000,1.793000,123.269611,3758,337,0,171,326,2240,9,0
1.501077,5.158000,113.000,29.821000,1.793000,123.270046,3758,337,0,171,326,2240,9,0
1.506985,5.908000,113.000,29.821000,1.793000,123.270481,3758,337,0,171,326,2240,9,0
1.522712,15.727000,113.000,29.821000,1.793000,123.285320,3767,341,0,170,325,2238,9,0
1.528831,6.119000,113.000,29.821000,1.793000,123.286442,3767,341,0,169,291,2170,9,0
1.533012,4.181000,113.000,29.821000,1.793000,123.285236,3764,341,0,169,291,2170,9,0
1.547360,14.348000,113.000,29.821000,1.793000,123.285618,3764,341,0,169,291,2170,9,0
1.551311,3.951000,113.000,29.821000,1.793000,123.251484,3762,341,0,169,291,2170,9,0
1.557897,6.586000,113.000,29.821000,1.793000,123.253567,3765,341,0,169,291,2170,9,0
1.571015,13.118000,113.000,29.821000,1.793000,123.254002,3765,341,0,169,291,2170,9,0
1.580547,9.532000,113.000,29.821000,1.793000,123.254467,3765,341,0,169,291,2170,9,0
1.584600,4.053000,113.000,29.821000,1.793000,123.254902,3765,341,0,168,291,2170,9,0
1.596953,12.353000,113.000,29.821000,1.793000,123.256935,3768,341,0,168,291,2170,9,0
1.600704,3.751000,113.000,29.821000,1.793000,123.257370,3768,341,0,169,291,2170,9,0
1.613618,12.914000,113.000,29.821000,1.793000,123.257645,3768,341,0,169,291,2170,9,0
1.617697,4.079000,113.000,29.821000,1.793000,123.254578,3762,341,0,166,289,2166,9,0
1.624747,7.050000,113.000,29.821000,1.793000,123.266411,3780,341,0,165,288,2164,9,0
1.637393,12.646000,113.000,29.821000,1.793000,123.233154,3726,341,0,163,286,2160,9,0
1.647244,9.851000,113.000,29.821000,1.793000,123.233604,3726,341,0,163,286,2160,9,0
1.650997,3.753000,113.000,29.821000,1.793000,123.221996,3719,337,0,163,285,2158,9,0
1.657999,7.002000,113.000,29.821000,1.793000,123.218021,3712,337,0,163,285,2158,9,0
1.670993,12.994000,113.000,29.821000,1.793000,123.218456,3712,337,0,161,283,2154,9,0
1.680974,9.981000,113.000,29.821000,1.793000,123.218891,3712,337,0,161,283,2154,9,0
1.685007,4.033000,113.000,29.821000,1.793000,123.219242,3712,337,0,160,282,2152,9,0
1.690730,5.723000,113.000,29.821000,1.793000,123.205757,3706,332,0,159,281,2150,9,0
1.704167,13.437000,113.000,29.821000,1.793000,123.199818,3696,332,0,159,281,2150,9,0
1.711475,7.308000,113.000,29.821000,1.793000,123.216400,3698,332,0,168,295,2178,9,0
1.715729,4.254000,113.000,29.821000,1.793000,123.213646,3693,332,0,168,295,2178,9,0
1.730216,14.487000,113.000,29.821000,1.793000,123.207577,3690,332,0,158,285,2158,9,0
1.734455,4.239000,113.000,29.821000,1.793000,123.208012,3690,332,0,158,285,2158,9,0
1.746495,12.040000,113.000,29.821000,1.793000,123.208447,3690,332,0,158,285,2158,9,0
1.749962,3.467000,113.000,29.821000,1.793000,123.208881,3690,332,0,158,285,2158,9,0
1.763706,13.744000,113.000,29.821000,1.793000,123.207676,3687,332,0,158,285,2158,9,0
1.767562,3.856000,113.000,29.821000,1.793000,123.208111,3687,332,0,158,285,2158,9,0
1.780250,12.688000,113.000,29.821000,1.793000,123.208736,3687,332,0,158,285,2158,9,0
1.784016,3.766000,113.000,29.821000,1.793000,123.209137,3687,332,0,158,285,2158,9,0
1.798041,14.025000,113.000,29.821000,1.793000,123.229435,3714,332,0,158,285,2158,9,0
1.801674,3.633000,113.000,29.821000,1.793000,123.218472,3696,332,0,158,285,2158,9,0
1.807729,6.055000,113.000,29.821000,1.793000,123.218906,3696,332,0,158,285,2158,9,0
1.821013,13.284000,113.000,29.821000,1.793000,123.219341,3696,332,0,158,285,2158,9,0
1.826157,5.144000,113.000,29.821000,1.793000,123.218136,3693,332,0,158,285,2158,9,0
1.837391,11.234000,113.000,29.821000,1.793000,123.218571,3693,332,0,158,285,2158,9,0
1.846786,9.395000,113.000,29.821000,1.793000,123.219006,3693,332,0,158,285,2158,9,0
1.850333,3.547000,114.000,33.034000,1.665000,123.219440,3693,332,0,157,280,2148,9,0
1.863809,13.476000,114.000,33.034000,1.665000,123.219822,3693,332,0,157,280,2148,9,0
1.867687,3.878000,114.000,33.034000,1.665000,123.216648,3691,332,0,157,280,2148,9,0
1.880208,12.521000,114.000,33.034000,1.665000,123.241501,3691,332,0,157,280,2148,9,0
1.883936,3.728000,114.000,33.034000,1.665000,123.241936,3691,332,0,158,280,2148,9,0
1.899333,15.397000,114.000,33.034000,1.665000,123.231319,3687,328,0,158,280,2148,9,0
1.904108,4.775000,114.000,33.034000,1.665000,123.228619,3681,328,0,157,280,2148,9,0
1.909411,5.303000,114.000,33.034000,1.665000,123.229069,3681,328,0,157,280,2148,9,0
1.920955,11.544000,114.000,33.034000,1.665000,123.229504,3681,328,0,158,280,2148,9,0
1.932321,11.366000,114.000,33.034000,1.665000,123.228283,3678,328,0,158,280,2148,9,0
1.935972,3.651000,114.000,33.034000,1.665000,123.228718,3678,328,0,157,280,2148,9,0
1.940923,4.951000,114.000,33.034000,1.665000,123.235172,3688,328,0,157,280,2148,9,0
1.954388,13.465000,114.000,33.034000,1.665000,123.235607,3688,328,0,158,280,2148,9,0
1.959549,5.161000,114.000,33.034000,1.665000,123.236027,3688,328,0,158,280,2148,9,0
1.965062,5.513000,114.000,33.034000,1.665000,123.236462,3688,328,0,158,280,2148,9,0
1.980336,15.274000,114.000,33.034000,1.665000,123.236927,3688,328,0,147,274,2136,9,0
1.984003,3.667000,114.000,33.034000,1.665000,123.237362,3688,328,0,147,274,2136,9,0
1.997750,13.747000,114.000,33.034000,1.665000,123.237797,3688,328,0,147,274,2136,9,0
2.030781,33.031000,114.000,33.034000,1.665000,123.333214,3751,338,0,166,330,2248,9,0
2.035168,4.387000,114.000,33.034000,1.665000,123.306946,3751,338,0,115,270,2128,9,0
2.045982,10.814000,114.000,33.034000,1.665000,123.292599,3726,338,0,113,268,2124,9,0
2.049377,3.395000,114.000,33.034000,1.665000,123.293034,3726,338,0,113,268,2124,9,0
2.063830,14.453000,114.000,33.034000,1.665000,123.293468,3726,338,0,113,268,2124,9,0
2.067698,3.868000,114.000,33.034000,1.665000,123.293869,3726,338,0,113,268,2124,9,0
2.080246,12.548000,114.000,33.034000,1.665000,123.294304,3726,338,0,113,268,2124,9,0
2.083938,3.692000,114.000,33.034000,1.665000,123.294739,3726,338,0,113,268,2124,9,0
2.096542,12.604000,114.000,33.034000,1.665000,123.295174,3726,338,0,113,268,2124,9,0
2.099841,3.299000,114.000,33.034000,1.665000,123.295609,3726,338,0,113,268,2124,9,0
2.113758,13.917000,114.000,33.034000,1.665000,123.297695,3729,338,0,113,268,2124,9,0
2.117489,3.731000,114.000,33.034000,1.665000,123.298130,3729,338,0,114,268,2124,9,0
2.130510,13.021000,114.000,33.034000,1.665000,123.296062,3725,338,0,114,268,2124,9,0
2.134307,3.797000,114.000,33.034000,1.665000,123.296463,3725,338,0,113,232,2052,9,0
2.146466,12.159000,114.000,33.034000,1.665000,123.296898,3725,338,0,112,226,2040,9,0
2.149584,3.118000,114.000,33.034000,1.665000,123.248840,3695,338,0,112,226,2040,9,0
2.163726,14.142000,114.000,33.034000,1.665000,123.249226,3695,338,0,112,226,2040,9,0
2.167263,3.537000,114.000,33.034000,1.665000,123.245251,3693,338,0,112,226,2040,9,0
2.180328,13.065000,114.000,33.034000,1.665000,123.247334,3696,338,0,112,226,2040,9,0
2.183970,3.642000,114.000,33.034000,1.665000,123.234646,3691,333,0,111,225,2038,9,0
2.196848,12.878000,114.000,33.034000,1.665000,123.229469,3681,333,0,111,225,2038,9,0
2.199851,3.003000,114.000,33.034000,1.665000,123.229904,3681,333,0,110,225,2038,9,0
2.214032,14.181000,114.000,33.034000,1.665000,123.231922,3684,333,0,110,225,2038,9,0
2.218149,4.117000,114.000,33.034000,1.665000,123.228855,3678,333,0,109,225,2038,9,0
2.223522,5.373000,114.000,33.034000,1.665000,123.229290,3678,333,0,108,224,2036,9,0
2.238226,14.704000,114.000,33.034000,1.665000,123.229721,3678,333,0,108,224,2036,9,0
2.245816,7.590000,114.000,33.034000,1.665000,123.230156,3678,333,0,107,222,2032,9,0
2.249740,3.924000,114.000,33.034000,1.665000,123.232239,3681,333,0,107,222,2032,9,0
2.262646,12.906000,114.000,33.034000,1.665000,123.222214,3677,329,0,106,221,2030,9,0
2.267344,4.698000,114.000,33.034000,1.665000,123.218262,3670,329,0,106,221,2030,9,0
2.279309,11.965000,114.000,33.034000,1.665000,123.218750,3670,329,0,104,219,2026,9,0
2.283817,4.508000,114.000,33.034000,1.665000,123.220848,3673,329,0,104,219,2026,9,0
2.296608,12.791000,114.000,33.034000,1.665000,123.221199,3673,329,0,104,218,2024,9,0
2.300995,4.387000,114.000,33.034000,1.665000,123.206963,3664,324,0,103,217,2022,9,1
2.313047,12.052000,114.000,33.034000,1.665000,123.201080,3654,324,0,102,217,2022,9,1
2.319622,6.575000,114.000,33.034000,1.665000,123.218094,3662,323,0,114,232,2052,9,0
2.323600,3.978000,114.000,33.034000,1.665000,123.210407,3657,323,0,105,222,2032,9,0
2.338495,14.895000,114.000,33.034000,1.665000,123.210739,3657,323,0,105,222,2032,9,0
2.346358,7.863000,114.000,33.034000,1.665000,123.211174,3657,323,0,105,222,2032,9,0
2.349824,3.466000,114.000,33.034000,1.665000,123.209969,3654,323,0,105,222,2032,9,0
2.363821,13.997000,114.000,33.034000,1.665000,123.210403,3654,323,0,105,222,2032,9,0
2.367927,4.106000,114.000,33.034000,1.665000,123.210838,3654,323,0,105,222,2032,9,0
2.380202,12.275000,114.000,33.034000,1.665000,123.211273,3654,323,0,105,222,2032,9,0
2.383561,3.359000,114.000,33.034000,1.665000,123.211708,3654,323,0,105,222,2032,9,0
2.397123,13.562000,114.000,33.034000,1.665000,123.215454,3660,323,0,105,222,2032,9,0
2.401508,4.385000,114.000,33.034000,1.665000,123.215889,3660,323,0,105,222,2032,9,0
2.407616,6.108000,114.000,33.034000,1.665000,123.216305,3660,323,0,105,222,2032,9,0
2.421076,13.460000,114.000,33.034000,1.665000,123.215099,3657,323,0,105,222,2032,9,0
2.430460,9.384000,114.000,33.034000,1.665000,123.215534,3657,323,0,105,222,2032,9,0
2.433833,3.373000,114.000,33.034000,1.665000,123.215912,3657,323,0,105,222,2032,9,0
2.447819,13.986000,114.000,33.034000,1.665000,123.216347,3657,323,0,105,222,2032,9,0
2.452128,4.309000,114.000,33.034000,1.665000,123.215141,3654,323,0,105,222,2032,9,0
2.456750,4.622000,114.000,33.034000,1.665000,123.215576,3654,323,0,104,217,2022,9,0
2.471808,15.058000,114.000,33.034000,1.665000,123.215900,3654,323,0,104,217,2022,9,0
2.479405,7.597000,114.000,33.034000,1.665000,123.211926,3652,323,0,103,216,2020,9,0
2.484066,4.661000,114.000,33.034000,1.665000,123.203873,3649,323,0,103,216,2020,9,0
2.497821,13.755000,114.000,33.034000,1.665000,123.204308,3649,323,0,102,216,2020,9,0
2.513883,16.062000,114.000,33.034000,1.665000,123.204742,3649,323,0,102,216,2020,9,0
2.517238,3.355000,114.000,33.034000,1.665000,123.205177,3649,323,0,103,216,2020,9,0
2.530274,13.036000,114.000,33.034000,1.665000,123.203987,3646,323,0,103,216,2020,9,0
2.533549,3.275000,114.000,33.034000,1.665000,123.204422,3646,323,0,102,216,2020,9,0
2.547120,13.571000,114.000,33.034000,1.665000,123.204842,3646,323,0,102,216,2020,9,0
2.551862,4.742000,114.000,33.034000,1.665000,123.211262,3656,323,0,103,216,2020,9,0
2.557331,5.469000,114.000,33.034000,1.665000,123.211697,3656,323,0,102,216,2020,9,0
2.572385,15.054000,114.000,33.034000,1.665000,123.212132,3656,323,0,102,216,2020,9,0
2.579219,6.834000,114.000,33.034000,1.665000,123.212566,3656,323,0,103,216,2020,9,0
2.583843,4.624000,114.000,33.034000,1.665000,123.202534,3651,320,0,102,215,2018,9,0
2.595733,11.890000,114.000,33.034000,1.665000,123.199276,3645,320,0,101,215,2018,9,0
2.599489,3.756000,114.000,33.034000,1.665000,123.199726,3645,320,0,101,215,2018,9,0
2.632588,33.099000,114.000,33.034000,1.665000,123.345921,3719,334,0,165,321,2230,9,0
2.646659,14.071000,114.000,33.034000,1.665000,123.346886,3719,334,0,166,321,2230,9,0
2.650249,3.590000,114.000,33.034000,1.665000,123.330231,3688,334,0,166,321,2230,9,0
2.664407,14.158000,114.000,33.034000,1.665000,123.325802,3688,334,0,156,311,2210,9,0
2.669637,5.230000,114.000,33.034000,1.665000,123.326237,3688,334,0,156,311,2210,9,0
2.673728,4.091000,114.000,33.034000,1.665000,123.326672,3688,334,0,156,311,2210,9,0
2.688140,14.412000,114.000,33.034000,1.665000,123.327106,3688,334,0,156,311,2210,9,0
2.696634,8.494000,114.000,33.034000,1.665000,123.327507,3688,334,0,156,311,2210,9,0
2.700230,3.596000,114.000,33.034000,1.665000,123.327942,3688,334,0,156,311,2210,9,0
2.713566,13.336000,114.000,33.034000,1.665000,123.328320,3688,334,0,156,311,2210,9,0
2.717826,4.260000,114.000,33.034000,1.665000,123.328754,3688,334,0,156,311,2210,9,0
2.724483,6.657000,114.000,33.034000,1.665000,123.329189,3688,334,0,156,311,2210,9,0
2.737444,12.961000,114.000,33.034000,1.665000,123.327122,3684,334,0,156,311,2210,9,0
2.748308,10.864000,114.000,33.034000,1.665000,123.327557,3684,334,0,155,275,2138,9,0
2.753346,5.038000,114.000,33.034000,1.665000,123.327847,3684,334,0,155,275,2138,9,0
2.757611,4.265000,114.000,33.034000,1.665000,123.294514,3682,334,0,155,275,2138,9,0
2.772016,14.405000,114.000,33.034000,1.665000,123.294952,3682,334,0,155,275,2138,9,0
2.779421,7.405000,114.000,33.034000,1.665000,123.295387,3682,334,0,155,275,2138,9,0
2.786873,7.452000,114.000,33.034000,1.665000,123.295872,3682,334,0,155,275,2138,9,0
2.792624,5.751000,114.000,33.034000,1.665000,123.296307,3682,334,0,155,275,2138,9,0
2.805303,12.679000,114.000,33.034000,1.665000,123.299595,3685,334,0,155,275,2138,9,0
2.812788,7.485000,114.000,33.034000,1.665000,123.346836,3685,334,0,154,275,2138,9,0
2.817129,4.341000,114.000,33.034000,1.665000,123.343746,3679,334,0,154,275,2138,9,0
2.829450,12.321000,114.000,33.034000,1.665000,123.344181,3679,334,0,154,274,2136,9,0
2.834468,5.018000,114.000,33.034000,1.665000,123.344597,3679,334,0,154,274,2136,9,0
2.845725,11.257000,114.000,33.034000,1.665000,123.345032,3679,334,0,152,272,2132,9,0
2.849924,4.199000,113.000,32.162000,1.755000,123.345451,3679,334,0,151,271,2130,9,0
2.862683,12.759000,113.000,32.162000,1.755000,123.335484,3675,330,0,151,271,2130,9,0
2.867095,4.412000,113.000,32.162000,1.755000,123.333157,3671,330,0,151,271,2130,9,0
2.879148,12.053000,113.000,32.162000,1.755000,123.333591,3671,330,0,149,269,2126,9,0
2.883196,4.048000,113.000,32.162000,1.755000,123.333935,3671,330,0,148,268,2124,9,0
2.895824,12.628000,113.000,32.162000,1.755000,123.332500,3668,330,0,147,267,2122,9,0
2.900409,4.585000,113.000,32.162000,1.755000,123.320873,3665,325,0,147,267,2122,9,0
2.906011,5.602000,113.000,32.162000,1.755000,123.332592,3657,325,0,158,283,2154,9,0
2.922142,16.131000,113.000,32.162000,1.755000,123.333027,3657,325,0,158,283,2154,9,0
2.929564,7.422000,113.000,32.162000,1.755000,123.328598,3657,325,0,148,273,2134,9,0
2.934362,4.798000,113.000,32.162000,1.755000,123.330704,3660,325,0,148,273,2134,9,0
2.945773,11.411000,113.000,32.162000,1.755000,123.331139,3660,325,0,148,273,2134,9,0
2.949167,3.394000,113.000,32.162000,1.755000,123.331573,3660,325,0,148,273,2134,9,0
2.963550,14.383000,113.000,32.162000,1.755000,123.332008,3660,325,0,148,273,2134,9,0
2.967546,3.996000,113.000,32.162000,1.755000,123.332409,3660,325,0,148,273,2134,9,0
2.980355,12.809000,113.000,32.162000,1.755000,123.334511,3663,325,0,148,273,2134,9,0
2.984056,3.701000,113.000,32.162000,1.755000,123.334946,3663,325,0,148,273,2134,9,0
2.991460,7.404000,113.000,32.162000,1.755000,123.335381,3663,325,0,148,273,2134,9,0
3.004275,12.815000,113.000,32.162000,1.755000,123.335758,3663,325,0,148,273,2134,9,0
3.013490,9.215000,113.000,32.162000,1.755000,123.336193,3663,325,0,148,273,2134,9,0
3.017042,3.552000,113.000,32.162000,1.755000,123.336571,3663,325,0,148,273,2134,9,0
3.029882,12.840000,113.000,32.162000,1.755000,123.337006,3663,325,0,148,273,2134,9,0
3.033054,3.172000,113.000,32.162000,1.755000,123.337440,3663,325,0,148,273,2134,9,0
3.046859,13.805000,113.000,32.162000,1.755000,123.336327,3660,325,0,148,273,2134,9,0
3.050088,3.229000,113.000,32.162000,1.755000,123.336708,3660,325,0,148,273,2134,9,0
3.063182,13.094000,113.000,32.162000,1.755000,123.332733,3658,325,0,147,267,2122,9,0
3.066384,3.202000,113.000,32.162000,1.755000,123.333168,3658,325,0,147,267,2122,9,0
3.079924,13.540000,113.000,32.162000,1.755000,123.335274,3661,325,0,147,267,2122,9,0
3.083150,3.226000,113.000,32.162000,1.755000,123.327385,3661,325,0,147,267,2122,9,0
3.096637,13.487000,113.000,32.162000,1.755000,123.327717,3661,325,0,147,267,2122,9,0
3.099860,3.223000,113.000,32.162000,1.755000,123.328152,3661,325,0,147,267,2122,9,0
3.113376,13.516000,113.000,32.162000,1.755000,123.326889,3658,325,0,147,267,2122,9,0
3.116904,3.528000,113.000,32.162000,1.755000,123.327324,3658,325,0,147,267,2122,9,0
3.130078,13.174000,113.000,32.162000,1.755000,123.327759,3658,325,0,147,267,2122,9,0
3.133298,3.220000,113.000,32.162000,1.755000,123.328194,3658,325,0,147,267,2122,9,0
3.146694,13.396000,113.000,32.162000,1.755000,123.326988,3655,325,0,147,267,2122,9,0
3.149985,3.291000,113.000,32.162000,1.755000,123.333427,3665,325,0,147,267,2122,9,0
3.163257,13.272000,113.000,32.162000,1.755000,123.333862,3665,325,0,147,267,2122,9,0
3.166400,3.143000,113.000,32.162000,1.755000,123.334297,3665,325,0,147,267,2122,9,0
3.179893,13.493000,113.000,32.162000,1.755000,123.333035,3662,325,0,147,267,2122,9,0
3.183098,3.205000,113.000,32.162000,1.755000,123.333523,3662,325,0,147,267,2122,9,0
3.197117,14.019000,113.000,32.162000,1.755000,123.206753,3612,285,0,147,267,2122,9,0
3.200227,3.110000,113.000,32.162000,1.755000,123.175022,3562,285,0,137,247,2082,9,0
3.232340,32.113000,113.000,32.162000,1.755000,123.267807,3624,294,0,156,303,2194,9,0
3.246537,14.197000,113.000,32.162000,1.755000,123.177811,3597,270,0,112,251,2090,9,0
3.249621,3.084000,113.000,32.162000,1.755000,123.140621,3536,270,0,102,241,2070,9,0
3.263636,14.015000,113.000,32.162000,1.755000,123.141056,3536,270,0,102,241,2070,9,0
3.268083,4.447000,113.000,32.162000,1.755000,123.141491,3536,270,0,102,241,2070,9,0
3.279234,11.151000,113.000,32.162000,1.755000,123.141926,3536,270,0,102,241,2070,9,0
3.283845,4.611000,113.000,32.162000,1.755000,123.142361,3536,270,0,102,241,2070,9,0
3.296712,12.867000,113.000,32.162000,1.755000,123.142796,3536,270,0,102,241,2070,9,0
3.300948,4.236000,113.000,32.162000,1.755000,123.143230,3536,270,0,102,241,2070,9,0
3.313520,12.572000,113.000,32.162000,1.755000,123.142025,3533,270,0,102,241,2070,9,0
3.317156,3.636000,113.000,32.162000,1.755000,123.142426,3533,270,0,102,241,2070,9,0
3.330108,12.952000,113.000,32.162000,1.755000,123.142860,3533,270,0,102,241,2070,9,0
3.333698,3.590000,113.000,32.162000,1.755000,123.143295,3533,270,0,102,241,2070,9,0
3.347039,13.341000,113.000,32.162000,1.755000,123.141228,3529,270,0,101,205,1998,9,0
3.351540,4.501000,113.000,32.162000,1.755000,123.141609,3529,270,0,101,205,1998,9,0
3.356913,5.373000,113.000,32.162000,1.755000,123.137577,3527,270,0,101,205,1998,9,0
3.371812,14.899000,113.000,32.162000,1.755000,123.108658,3527,270,0,101,205,1998,9,0
3.379225,7.413000,113.000,32.162000,1.755000,123.109093,3527,270,0,101,205,1998,9,0
3.382727,3.502000,113.000,32.162000,1.755000,123.109528,3527,270,0,101,205,1998,9,0
3.397045,14.318000,113.000,32.162000,1.755000,123.110931,3527,270,0,101,205,1998,9,1
3.400264,3.219000,113.000,32.162000,1.755000,123.111366,3527,270,0,100,205,1998,9,1
3.414015,13.751000,113.000,32.162000,1.755000,123.111370,3533,269,0,100,205,1998,9,0
3.417392,3.377000,113.000,32.162000,1.755000,123.108341,3528,269,0,100,205,1998,9,0
3.430379,12.987000,113.000,32.162000,1.755000,123.105289,3522,269,0,100,205,1998,9,0
3.433784,3.405000,113.000,32.162000,1.755000,123.105724,3522,269,0,99,204,1996,9,0
3.447429,13.645000,113.000,32.162000,1.755000,123.106159,3522,269,0,99,204,1996,9,0
3.450560,3.131000,113.000,32.162000,1.755000,123.106594,3522,269,0,97,202,1992,9,0
3.463621,13.061000,113.000,32.162000,1.755000,123.108646,3525,269,0,97,202,1992,9,0
3.466918,3.297000,113.000,32.162000,1.755000,123.098679,3521,265,0,97,201,1990,9,0
3.480299,13.381000,113.000,32.162000,1.755000,123.094669,3514,265,0,97,201,1990,9,0
3.483580,3.281000,113.000,32.162000,1.755000,123.095104,3514,265,0,95,199,1986,9,0
3.496621,13.041000,113.000,32.162000,1.755000,123.095497,3514,265,0,95,199,1986,9,0
3.499387,2.766000,113.000,32.162000,1.755000,123.095848,3514,265,0,94,198,1984,9,0
3.513713,14.326000,113.000,32.162000,1.755000,123.082336,3508,260,0,93,197,1982,9,0
3.516930,3.217000,113.000,32.162000,1.755000,123.076454,3498,260,0,93,197,1982,9,0
3.524715,7.785000,113.000,32.162000,1.755000,123.095409,3500,260,0,106,215,2018,9,0
3.537304,12.589000,113.000,32.162000,1.755000,123.090981,3500,260,0,96,205,1998,9,0
3.546291,8.987000,113.000,32.162000,1.755000,123.091415,3500,260,0,96,205,1998,9,0
3.549121,2.830000,113.000,32.162000,1.755000,123.091850,3500,260,0,96,205,1998,9,0
3.563753,14.632000,113.000,32.162000,1.755000,123.092285,3500,260,0,96,205,1998,9,0
3.567083,3.330000,113.000,32.162000,1.755000,123.092720,3500,260,0,96,205,1998,9,0
3.580109,13.026000,113.000,32.162000,1.755000,123.094807,3503,260,0,95,204,1996,9,0
3.583320,3.211000,113.000,32.162000,1.755000,123.095242,3503,260,0,95,204,1996,9,0
3.596434,13.114000,113.000,32.162000,1.755000,123.095619,3503,260,0,95,204,1996,9,0
3.599349,2.915000,113.000,32.162000,1.755000,123.096054,3503,260,0,95,204,1996,9,0
3.613564,14.215000,113.000,32.162000,1.755000,123.098160,3506,260,0,95,204,1996,9,0
3.616971,3.407000,113.000,32.162000,1.755000,123.098595,3506,260,0,95,204,1996,9,0
3.630067,13.096000,113.000,32.162000,1.755000,123.099030,3506,260,0,95,204,1996,9,0
3.633332,3.265000,113.000,32.162000,1.755000,123.099464,3506,260,0,95,204,1996,9,0
3.646576,13.244000,113.000,32.162000,1.755000,123.101547,3509,260,0,95,204,1996,9,0
3.649422,2.846000,113.000,32.162000,1.755000,123.101982,3509,260,0,95,204,1996,9,0
3.663451,14.029000,113.000,32.162000,1.755000,123.102417,3509,260,0,95,204,1996,9,0
3.666749,3.298000,113.000,32.162000,1.755000,123.098442,3507,260,0,94,198,1984,9,0
3.680964,14.215000,113.000,32.162000,1.755000,123.089645,3505,257,0,93,197,1982,9,0
3.684327,3.363000,113.000,32.162000,1.755000,123.086388,3499,257,0,93,197,1982,9,0
3.696469,12.142000,113.000,32.162000,1.755000,123.076820,3496,257,0,93,197,1982,9,0
3.699160,2.691000,113.000,32.162000,1.755000,123.077255,3496,257,0,93,197,1982,9,0
3.713869,14.709000,113.000,32.162000,1.755000,123.094208,3506,261,0,93,197,1982,9,0
3.717125,3.256000,113.000,32.162000,1.755000,123.095329,3506,261,0,95,199,1986,9,0
3.730551,13.426000,113.000,32.162000,1.755000,123.095760,3506,261,0,95,199,1986,9,0
3.733736,3.185000,113.000,32.162000,1.755000,123.096195,3506,261,0,95,199,1986,9,0
3.746625,12.889000,113.000,32.162000,1.755000,123.094990,3503,261,0,95,199,1986,9,0
3.749800,3.175000,113.000,32.162000,1.755000,123.101429,3513,261,0,95,199,1986,9,0
3.764002,14.202000,113.000,32.162000,1.755000,123.101807,3513,261,0,95,199,1986,9,0
3.767596,3.594000,113.000,32.162000,1.755000,123.102242,3513,261,0,94,199,1986,9,0
3.780237,12.641000,113.000,32.162000,1.755000,123.104336,3516,261,0,94,199,1986,9,0
3.783369,3.132000,113.000,32.162000,1.755000,123.104771,3516,261,0,95,199,1986,9,0
3.797479,14.110000,113.000,32.162000,1.755000,123.105186,3516,261,0,95,199,1986,9,0
3.800742,3.263000,113.000,32.162000,1.755000,123.105621,3516,261,0,95,199,1986,9,0
3.837331,36.589000,113.000,32.162000,1.755000,123.217190,3575,270,0,156,303,2194,9,0
3.840436,3.105000,113.000,32.162000,1.755000,123.212761,3575,270,0,146,291,2170,9,0
3.854329,13.893000,113.000,32.162000,1.755000,123.213196,3575,270,0,146,291,2170,9,0
3.863697,9.368000,115.000,36.071000,1.346000,123.216702,3572,270,0,156,301,2190,9,0
3.867670,3.973000,115.000,36.071000,1.346000,123.195702,3542,270,0,146,291,2170,9,0
3.880309,12.639000,115.000,36.071000,1.346000,123.196079,3542,270,0,146,291,2170,9,0
3.884422,4.113000,115.000,36.071000,1.346000,123.196514,3542,270,0,146,291,2170,9,0
3.896859,12.437000,115.000,36.071000,1.346000,123.195309,3539,270,0,146,291,2170,9,0
3.900687,3.828000,115.000,36.071000,1.346000,123.195744,3539,270,0,146,291,2170,9,0
3.913654,12.967000,115.000,36.071000,1.346000,123.196178,3539,270,0,146,291,2170,9,0
3.917655,4.001000,115.000,36.071000,1.346000,123.194973,3536,270,0,146,291,2170,9,0
3.930181,12.526000,115.000,36.071000,1.346000,123.195408,3536,270,0,146,291,2170,9,0
3.934931,4.750000,115.000,36.071000,1.346000,123.195843,3536,270,0,146,291,2170,9,0
3.939739,4.808000,115.000,36.071000,1.346000,123.196278,3536,270,0,146,291,2170,9,0
3.954877,15.138000,115.000,36.071000,1.346000,123.196712,3536,270,0,146,291,2170,9,0
3.962882,8.005000,115.000,36.071000,1.346000,123.194592,3532,270,0,145,255,2098,9,0
3.967812,4.930000,115.000,36.071000,1.346000,123.190617,3530,270,0,145,255,2098,9,0
3.980101,12.289000,115.000,36.071000,1.346000,123.191051,3530,270,0,145,255,2098,9,0
3.984901,4.800000,115.000,36.071000,1.346000,123.162128,3530,270,0,145,255,2098,9,0
3.989846,4.945000,115.000,36.071000,1.346000,123.162563,3530,270,0,145,255,2098,9,0
4.005439,15.593000,115.000,36.071000,1.346000,123.162998,3530,270,0,145,255,2098,9,0
4.009262,3.823000,115.000,36.071000,1.346000,123.163433,3530,270,0,145,255,2098,9,0
4.016000,6.738000,115.000,36.071000,1.346000,123.162365,3527,270,0,145,255,2098,9,0
4.029289,13.289000,115.000,36.071000,1.346000,123.162800,3527,270,0,145,255,2098,9,0
4.034105,4.816000,115.000,36.071000,1.346000,123.163029,3527,270,0,145,255,2098,9,0
4.045799,11.694000,115.000,36.071000,1.346000,123.160145,3521,270,0,144,255,2098,9,0
4.049875,4.076000,115.000,36.071000,1.346000,123.160580,3521,270,0,143,254,2096,9,0
4.063941,14.066000,115.000,36.071000,1.346000,123.161015,3521,270,0,144,254,2096,9,0
4.067661,3.720000,115.000,36.071000,1.346000,123.161449,3521,270,0,141,252,2092,9,0
4.080000,12.339000,115.000,36.071000,1.346000,123.151436,3517,266,0,140,251,2090,9,0
4.083379,3.379000,115.000,36.071000,1.346000,123.147522,3510,266,0,141,251,2090,9,0
4.096573,13.194000,115.000,36.071000,1.346000,123.147957,3510,266,0,139,249,2086,9,0
4.099633,3.060000,115.000,36.071000,1.346000,123.148392,3510,266,0,138,249,2086,9,0
4.113560,13.927000,115.000,36.071000,1.346000,123.148743,3510,266,0,137,248,2084,9,0
4.117367,3.807000,115.000,36.071000,1.346000,123.133610,3501,261,0,137,247,2082,9,0
4.130581,13.214000,115.000,36.071000,1.346000,123.127682,3491,261,0,137,247,2082,9,0
4.135733,5.152000,115.000,36.071000,1.346000,123.145718,3493,261,0,148,263,2114,9,0
4.139860,4.127000,115.000,36.071000,1.346000,123.146152,3493,261,0,148,263,2114,9,0
4.154454,14.594000,115.000,36.071000,1.346000,123.140694,3493,261,0,136,251,2090,9,0
4.159482,5.028000,115.000,36.071000,1.346000,123.141129,3493,261,0,136,251,2090,9,0
4.165602,6.120000,115.000,36.071000,1.346000,123.143372,3493,261,0,136,251,2090,9,0
4.180364,14.762000,115.000,36.071000,1.346000,123.214325,3493,261,0,136,251,2090,9,0
4.183892,3.528000,115.000,36.071000,1.346000,123.214760,3493,261,0,136,251,2090,9,0
4.197270,13.378000,115.000,36.071000,1.346000,123.397724,3613,309,0,136,251,2090,9,0
4.200666,3.396000,115.000,36.071000,1.346000,123.406868,3613,309,0,148,275,2138,9,0
4.214079,13.413000,115.000,36.071000,1.346000,123.408951,3616,309,0,148,275,2138,9,0
4.217915,3.836000,115.000,36.071000,1.346000,123.409386,3616,309,0,148,275,2138,9,0
4.224254,6.339000,115.000,36.071000,1.346000,123.409821,3616,309,0,148,275,2138,9,0
4.237533,13.279000,115.000,36.071000,1.346000,123.410255,3616,309,0,148,275,2138,9,0
4.247241,9.708000,115.000,36.071000,1.346000,123.410690,3616,309,0,148,275,2138,9,0
4.250492,3.251000,115.000,36.071000,1.346000,123.411125,3616,309,0,148,275,2138,9,0
4.264364,13.872000,115.000,36.071000,1.346000,123.411560,3616,309,0,148,275,2138,9,0
4.268310,3.946000,115.000,36.071000,1.346000,123.411995,3616,309,0,148,275,2138,9,0
4.274248,5.938000,115.000,36.071000,1.346000,123.414024,3619,309,0,146,269,2126,9,0
4.287546,13.298000,115.000,36.071000,1.346000,123.414406,3619,309,0,146,269,2126,9,0
4.297122,9.576000,115.000,36.071000,1.346000,123.410431,3617,309,0,146,269,2126,9,0
4.301251,4.129000,115.000,36.071000,1.346000,123.402542,3617,309,0,146,269,2126,9,0
4.309056,7.805000,115.000,36.071000,1.346000,123.404678,3620,309,0,146,269,2126,9,0
4.320670,11.614000,115.000,36.071000,1.346000,123.405113,3620,309,0,146,269,2126,9,0
4.325533,4.863000,115.000,36.071000,1.346000,123.405510,3620,309,0,146,269,2126,9,0
4.337684,12.151000,115.000,36.071000,1.346000,123.405945,3620,309,0,146,269,2126,9,0
4.347158,9.474000,115.000,36.071000,1.346000,123.408028,3623,309,0,146,269,2126,9,0
4.350710,3.552000,115.000,36.071000,1.346000,123.408463,3623,309,0,145,269,2126,9,0
4.363676,12.966000,115.000,36.071000,1.346000,123.414837,3633,309,0,145,269,2126,9,0
4.367668,3.992000,115.000,36.071000,1.346000,123.415272,3633,309,0,146,269,2126,9,0
4.380658,12.990000,115.000,36.071000,1.346000,123.417351,3636,309,0,146,269,2126,9,0
4.384372,3.714000,115.000,36.071000,1.346000,123.417786,3636,309,0,146,269,2126,9,0
4.396920,12.548000,115.000,36.071000,1.346000,123.418217,3636,309,0,146,269,2126,9,0
4.400282,3.362000,115.000,36.071000,1.346000,123.418617,3636,309,0,147,269,2126,9,0
4.413304,13.022000,115.000,36.071000,1.346000,123.419052,3636,309,0,147,269,2126,9,0
4.440786,27.482000,115.000,36.071000,1.346000,123.508648,3693,318,0,168,325,2238,9,0
4.445404,4.618000,115.000,36.071000,1.346000,123.483791,3693,318,0,116,265,2118,9,0
4.447797,2.393000,115.000,36.071000,1.346000,123.482586,3690,318,0,116,265,2118,9,0
4.462362,14.565000,115.000,36.071000,1.346000,123.490040,3690,318,0,129,279,2146,9,0
4.466520,4.158000,115.000,36.071000,1.346000,123.473904,3660,318,0,129,279,2146,9,0
4.479467,12.947000,115.000,36.071000,1.346000,123.469418,3660,318,0,119,269,2126,9,0
4.484059,4.592000,115.000,36.071000,1.346000,123.471523,3663,318,0,119,269,2126,9,0
4.495774,11.715000,115.000,36.071000,1.346000,123.471958,3663,318,0,119,269,2126,9,0
4.500092,4.318000,115.000,36.071000,1.346000,123.473309,3663,318,0,119,269,2126,9,1
4.512712,12.620000,115.000,36.071000,1.346000,123.472103,3660,318,0,119,269,2126,9,1
4.517499,4.787000,115.000,36.071000,1.346000,123.473621,3666,317,0,119,269,2126,9,0
4.529792,12.293000,115.000,36.071000,1.346000,123.470798,3661,317,0,120,269,2126,9,0
4.533062,3.270000,115.000,36.071000,1.346000,123.471233,3661,317,0,120,269,2126,9,0
4.546793,13.731000,115.000,36.071000,1.346000,123.471687,3661,317,0,120,269,2126,9,0
4.550379,3.586000,115.000,36.071000,1.346000,123.472122,3661,317,0,120,269,2126,9,0
4.563310,12.931000,115.000,36.071000,1.346000,123.470036,3657,317,0,119,235,2058,9,0
4.566672,3.362000,115.000,36.071000,1.346000,123.470383,3657,317,0,119,235,2058,9,0
4.580055,13.383000,115.000,36.071000,1.346000,123.464767,3652,317,0,119,235,2058,9,0
4.583165,3.110000,115.000,36.071000,1.346000,123.438828,3652,317,0,119,235,2058,9,0
4.595906,12.741000,115.000,36.071000,1.346000,123.439262,3652,317,0,119,235,2058,9,0
4.597962,2.056000,115.000,36.071000,1.346000,123.439697,3652,317,0,118,233,2054,9,0
4.613068,15.106000,115.000,36.071000,1.346000,123.438492,3649,317,0,118,233,2054,9,0
4.615867,2.799000,115.000,36.071000,1.346000,123.435944,3649,317,0,118,233,2054,9,0
4.630451,14.584000,115.000,36.071000,1.346000,123.436386,3649,317,0,118,233,2054,9,0
4.633701,3.250000,115.000,36.071000,1.346000,123.436684,3649,317,0,118,233,2054,9,0
4.646710,13.009000,115.000,36.071000,1.346000,123.433632,3643,317,0,118,233,2054,9,0
4.649857,3.147000,115.000,36.071000,1.346000,123.434032,3643,317,0,117,232,2052,9,0
4.663549,13.692000,115.000,36.071000,1.346000,123.434467,3643,317,0,117,232,2052,9,0
4.666519,2.970000,115.000,36.071000,1.346000,123.434902,3643,317,0,115,230,2048,9,0
4.680308,13.789000,115.000,36.071000,1.346000,123.435322,3643,317,0,114,229,2046,9,0
4.683821,3.513000,115.000,36.071000,1.346000,123.425354,3639,313,0,113,228,2044,9,0
4.696868,13.047000,115.000,36.071000,1.346000,123.421394,3632,313,0,113,228,2044,9,0
4.700215,3.347000,115.000,36.071000,1.346000,123.421829,3632,313,0,111,226,2040,9,0
4.713203,12.988000,115.000,36.071000,1.346000,123.422180,3632,313,0,110,225,2038,9,0
4.715735,2.532000,115.000,36.071000,1.346000,123.419106,3626,313,0,108,224,2036,9,0
4.729976,14.241000,115.000,36.071000,1.346000,123.405830,3620,308,0,108,224,2036,9,0
4.732640,2.664000,115.000,36.071000,1.346000,123.399948,3610,308,0,109,224,2036,9,0
4.747199,14.559000,115.000,36.071000,1.346000,123.418911,3612,308,0,122,242,2072,9,0
4.750760,3.561000,115.000,36.071000,1.346000,123.419346,3612,308,0,122,242,2072,9,0
4.763174,12.414000,115.000,36.071000,1.346000,123.414860,3612,308,0,112,232,2052,9,0
4.766103,2.929000,115.000,36.071000,1.346000,123.415295,3612,308,0,112,232,2052,9,0
4.780250,14.147000,115.000,36.071000,1.346000,123.403206,3604,305,0,111,231,2050,9,0
4.783619,3.369000,115.000,36.071000,1.346000,123.399914,3598,305,0,111,231,2050,9,0
4.797222,13.603000,115.000,36.071000,1.346000,123.400349,3598,305,0,111,231,2050,9,0
4.800994,3.772000,115.000,36.071000,1.346000,123.400784,3598,305,0,111,231,2050,9,0
4.813386,12.392000,115.000,36.071000,1.346000,123.416370,3608,309,0,111,231,2050,9,0
4.816056,2.670000,115.000,36.071000,1.346000,123.417492,3608,309,0,112,233,2054,9,0
4.829488,13.432000,115.000,36.071000,1.346000,123.417923,3608,309,0,112,233,2054,9,0
4.832042,2.554000,115.000,36.071000,1.346000,123.418358,3608,309,0,112,233,2054,9,0
4.846757,14.715000,115.000,36.071000,1.346000,123.418793,3608,309,0,112,233,2054,9,0
4.850080,3.323000,117.000,27.012000,1.464000,123.419228,3608,309,0,112,233,2054,9,0
4.863962,13.882000,117.000,27.012000,1.464000,123.419605,3608,309,0,112,233,2054,9,0
4.867365,3.403000,117.000,27.012000,1.464000,123.420040,3608,309,0,112,233,2054,9,0
4.880187,12.822000,117.000,27.012000,1.464000,123.420422,3608,309,0,112,233,2054,9,0
4.883603,3.416000,117.000,27.012000,1.464000,123.416447,3606,309,0,111,227,2042,9,0
4.896950,13.347000,117.000,27.012000,1.464000,123.416882,3606,309,0,111,227,2042,9,0
4.900672,3.722000,117.000,27.012000,1.464000,123.417282,3606,309,0,111,227,2042,9,0
4.913812,13.140000,117.000,27.012000,1.464000,123.411049,3609,309,0,111,227,2042,9,0
4.917353,3.541000,117.000,27.012000,1.464000,123.411484,3609,309,0,110,227,2042,9,0
4.929789,12.436000,117.000,27.012000,1.464000,123.411926,3609,309,0,110,227,2042,9,0
4.932285,2.496000,117.000,27.012000,1.464000,123.412361,3609,309,0,111,227,2042,9,0
4.946095,13.810000,117.000,27.012000,1.464000,123.412811,3609,309,0,111,227,2042,9,0
4.948191,2.096000,117.000,27.012000,1.464000,123.413246,3609,309,0,110,227,2042,9,0
4.962922,14.731000,117.000,27.012000,1.464000,123.414272,3609,309,0,110,227,2042,9,1
4.965209,2.287000,117.000,27.012000,1.464000,123.420712,3619,309,0,111,227,2042,9,1
4.979425,14.216000,117.000,27.012000,1.464000,123.423393,3622,309,0,111,227,2042,9,2
4.981574,2.149000,117.000,27.012000,1.464000,123.423828,3622,309,0,110,227,2042,9,2
4.995964,14.390000,117.000,27.012000,1.464000,123.424889,3622,309,0,110,227,2042,9,2
4.997961,1.997000,117.000,27.012000,1.464000,123.425323,3622,309,0,111,227,2042,9,2
5.012803,14.842000,117.000,27.012000,1.464000,123.429035,3637,307,0,111,227,2042,9,0
5.014819,2.016000,117.000,27.012000,1.464000,123.423000,3627,307,0,112,227,2042,9,0
5.034174,19.355000,117.000,27.012000,1.464000,123.530106,3684,316,0,169,325,2238,9,0
5.046014,11.840000,117.000,27.012000,1.464000,123.530540,3684,316,0,169,325,2238,9,0
5.048463,2.449000,117.000,27.012000,1.464000,123.526787,3687,316,0,157,311,2210,9,0
5.062290,13.827000,117.000,27.012000,1.464000,123.527222,3687,316,0,158,311,2210,9,0
5.065967,3.677000,117.000,27.012000,1.464000,123.534611,3687,316,0,171,325,2238,9,0
5.078941,12.974000,117.000,27.012000,1.464000,123.518475,3657,316,0,171,325,2238,9,0
5.081613,2.672000,117.000,27.012000,1.464000,123.514725,3660,316,0,159,313,2214,9,0
5.095355,13.742000,117.000,27.012000,1.464000,123.515160,3660,316,0,159,313,2214,9,0
5.097613,2.258000,117.000,27.012000,1.464000,123.515594,3660,316,0,159,313,2214,9,0
5.112286,14.673000,117.000,27.012000,1.464000,123.516029,3660,316,0,159,313,2214,9,0
5.115349,3.063000,117.000,27.012000,1.464000,123.516464,3660,316,0,159,313,2214,9,0
5.128821,13.472000,117.000,27.012000,1.464000,123.516899,3660,316,0,159,313,2214,9,0
5.131742,2.921000,117.000,27.012000,1.464000,123.517334,3660,316,0,159,313,2214,9,0
5.145391,13.649000,117.000,27.012000,1.464000,123.517769,3660,316,0,159,313,2214,9,0
5.148189,2.798000,117.000,27.012000,1.464000,123.516563,3657,316,0,159,313,2214,9,0
5.162709,14.520000,117.000,27.012000,1.464000,123.516945,3657,316,0,159,313,2214,9,0
5.168145,5.436000,117.000,27.012000,1.464000,123.510468,3651,316,0,159,313,2214,9,0
5.173720,5.575000,117.000,27.012000,1.464000,123.510902,3651,316,0,156,277,2142,9,0
5.188326,14.606000,117.000,27.012000,1.464000,123.532444,3673,320,0,156,277,2142,9,0
5.195665,7.339000,117.000,27.012000,1.464000,123.506927,3673,320,0,158,279,2146,9,0
5.199762,4.097000,117.000,27.012000,1.464000,123.507317,3673,320,0,158,279,2146,9,0
5.212620,12.858000,117.000,27.012000,1.464000,123.507751,3673,320,0,157,277,2142,9,0
5.217974,5.354000,117.000,27.012000,1.464000,123.506512,3670,320,0,157,277,2142,9,0
5.223654,5.680000,117.000,27.012000,1.464000,123.506947,3670,320,0,157,277,2142,9,0
5.238188,14.534000,117.000,27.012000,1.464000,123.504364,3670,320,0,157,277,2142,9,0
5.245696,7.508000,117.000,27.012000,1.464000,123.504799,3670,320,0,156,277,2142,9,0
5.251503,5.807000,117.000,27.012000,1.464000,123.503456,3667,320,0,156,277,2142,9,0
5.256599,5.096000,117.000,27.012000,1.464000,123.500389,3661,320,0,157,277,2142,9,0
5.271884,15.285000,117.000,27.012000,1.464000,123.500824,3661,320,0,156,276,2140,9,0
5.279609,7.725000,117.000,27.012000,1.464000,123.480362,3651,314,0,153,274,2136,9,0
5.284542,4.933000,117.000,27.012000,1.464000,123.471725,3636,314,0,151,272,2132,9,0
5.295771,11.229000,117.000,27.012000,1.464000,123.461758,3632,310,0,151,271,2130,9,0
5.300799,5.028000,117.000,27.012000,1.464000,123.457798,3625,310,0,151,271,2130,9,0
5.313428,12.629000,117.000,27.012000,1.464000,123.458233,3625,310,0,149,270,2128,9,0
5.318481,5.053000,117.000,27.012000,1.464000,123.457027,3622,310,0,148,269,2126,9,0
5.324077,5.596000,117.000,27.012000,1.464000,123.457378,3622,310,0,148,268,2124,9,0
5.338335,14.258000,117.000,27.012000,1.464000,123.442234,3613,305,0,147,267,2122,9,0
5.347160,8.825000,117.000,27.012000,1.464000,123.436352,3603,305,0,146,267,2122,9,0
5.354853,7.693000,117.000,27.012000,1.464000,123.452877,3605,305,0,158,282,2152,9,0
5.360471,5.618000,117.000,27.012000,1.464000,123.453312,3605,305,0,158,282,2152,9,0
5.365934,5.463000,117.000,27.012000,1.464000,123.453747,3605,305,0,146,270,2128,9,0
5.379087,13.153000,117.000,27.012000,1.464000,123.448345,3605,305,0,146,270,2128,9,0
5.383851,4.764000,117.000,27.012000,1.464000,123.448780,3605,305,0,146,270,2128,9,0
5.395919,12.068000,117.000,27.012000,1.464000,123.449215,3605,305,0,146,270,2128,9,0
5.400761,4.842000,117.000,27.012000,1.464000,123.449650,3605,305,0,146,270,2128,9,0
5.412658,11.897000,117.000,27.012000,1.464000,123.450085,3605,305,0,146,270,2128,9,0
5.417542,4.884000,117.000,27.012000,1.464000,123.448879,3602,305,0,146,270,2128,9,0
5.429428,11.886000,117.000,27.012000,1.464000,123.449314,3602,305,0,146,270,2128,9,0
5.434180,4.752000,117.000,27.012000,1.464000,123.449749,3602,305,0,146,270,2128,9,0
5.445873,11.693000,117.000,27.012000,1.464000,123.450127,3602,305,0,146,270,2128,9,0
5.450735,4.862000,117.000,27.012000,1.464000,123.450562,3602,305,0,146,270,2128,9,0
5.462659,11.924000,117.000,27.012000,1.464000,123.450996,3602,305,0,146,270,2128,9,0
5.467400,4.741000,117.000,27.012000,1.464000,123.451431,3602,305,0,146,270,2128,9,0
5.479449,12.049000,117.000,27.012000,1.464000,123.451809,3602,305,0,146,270,2128,9,0
5.484154,4.705000,117.000,27.012000,1.464000,123.452244,3602,305,0,146,270,2128,9,0
5.495903,11.749000,117.000,27.012000,1.464000,123.452625,3602,305,0,144,265,2118,9,0
5.500395,4.492000,117.000,27.012000,1.464000,123.448650,3600,305,0,144,265,2118,9,0
5.513773,13.378000,117.000,27.012000,1.464000,123.449085,3600,305,0,144,265,2118,9,0
5.518795,5.022000,117.000,27.012000,1.464000,123.442699,3600,305,0,144,265,2118,9,0
5.523314,4.519000,117.000,27.012000,1.464000,123.443134,3600,305,0,145,265,2118,9,0
5.538671,15.357000,117.000,27.012000,1.464000,123.443569,3600,305,0,145,265,2118,9,0
5.545893,7.222000,117.000,27.012000,1.464000,123.444004,3600,305,0,144,265,2118,9,0
5.550596,4.703000,117.000,27.012000,1.464000,123.444439,3600,305,0,144,265,2118,9,0
5.562649,12.053000,117.000,27.012000,1.464000,123.444874,3600,305,0,145,265,2118,9,0
5.567581,4.932000,117.000,27.012000,1.464000,123.445309,3600,305,0,145,265,2118,9,0
5.579138,11.557000,117.000,27.012000,1.464000,123.445744,3600,305,0,144,265,2118,9,0
5.584252,5.114000,117.000,27.012000,1.464000,123.452183,3610,305,0,144,265,2118,9,0
5.597074,12.822000,117.000,27.012000,1.464000,123.452618,3610,305,0,145,265,2118,9,0
5.601962,4.888000,117.000,27.012000,1.464000,123.453968,3610,305,0,145,265,2118,9,1
5.606800,4.838000,117.000,27.012000,1.464000,123.454403,3610,305,0,144,265,2118,9,1
5.622426,15.626000,117.000,27.012000,1.464000,123.457066,3619,304,0,144,265,2118,9,0
5.629127,6.701000,117.000,27.012000,1.464000,123.454243,3614,304,0,146,265,2118,9,0
5.633878,4.751000,117.000,27.012000,1.464000,123.456329,3617,304,0,146,265,2118,9,0
5.666252,32.374000,117.000,27.012000,1.464000,123.551033,3679,313,0,169,325,2238,9,0
5.679562,13.310000,117.000,27.012000,1.464000,123.528122,3679,313,0,121,269,2126,9,0
5.683553,3.991000,117.000,27.012000,1.464000,123.534241,3679,313,0,133,281,2150,9,0
5.697016,13.463000,117.000,27.012000,1.464000,123.519756,3652,313,0,121,269,2126,9,0
5.701435,4.419000,117.000,27.012000,1.464000,123.514355,3652,313,0,121,269,2126,9,0
5.706983,5.548000,117.000,27.012000,1.464000,123.514790,3652,313,0,121,269,2126,9,0
5.721829,14.846000,117.000,27.012000,1.464000,123.516895,3655,313,0,121,269,2126,9,0
5.730171,8.342000,117.000,27.012000,1.464000,123.517330,3655,313,0,121,269,2126,9,0
5.733899,3.728000,117.000,27.012000,1.464000,123.517765,3655,313,0,121,269,2126,9,0
5.746941,13.042000,117.000,27.012000,1.464000,123.519871,3658,313,0,121,269,2126,9,0
5.750839,3.898000,117.000,27.012000,1.464000,123.520306,3658,313,0,121,269,2126,9,0
5.764569,13.730000,117.000,27.012000,1.464000,123.522640,3661,313,0,121,269,2126,9,0
5.768481,3.912000,117.000,27.012000,1.464000,123.514957,3648,313,0,121,269,2126,9,0
5.774175,5.694000,117.000,27.012000,1.464000,123.517063,3651,313,0,119,232,2052,9,0
5.787861,13.686000,117.000,27.012000,1.464000,123.517498,3651,313,0,119,232,2052,9,0
5.797000,9.139000,117.000,27.012000,1.464000,123.517879,3651,313,0,119,232,2052,9,0
5.800763,3.763000,117.000,27.012000,1.464000,123.484547,3649,313,0,119,232,2052,9,0
5.814111,13.348000,117.000,27.012000,1.464000,123.484982,3649,313,0,119,232,2052,9,0
5.817624,3.513000,117.000,27.012000,1.464000,123.485416,3649,313,0,119,232,2052,9,0
5.829988,12.364000,117.000,27.012000,1.464000,123.485851,3649,313,0,119,232,2052,9,0
5.833614,3.626000,117.000,27.012000,1.464000,123.486286,3649,313,0,119,232,2052,9,0
5.847472,13.858000,117.000,27.012000,1.464000,123.485058,3646,313,0,119,232,2052,9,0
5.851812,4.340000,116.000,31.746000,2.194000,123.485340,3646,313,0,117,232,2052,9,0
5.857690,5.878000,116.000,31.746000,2.194000,123.480633,3637,313,0,117,232,2052,9,0
5.870793,13.103000,116.000,31.746000,2.194000,123.481010,3637,313,0,116,230,2048,9,0
5.880397,9.604000,116.000,31.746000,2.194000,123.472668,3635,310,0,116,230,2048,9,0
5.883846,3.449000,116.000,31.746000,2.194000,123.469410,3629,310,0,115,228,2044,9,0
5.897187,13.341000,116.000,31.746000,2.194000,123.469826,3629,310,0,114,227,2042,9,0
5.901070,3.883000,116.000,31.746000,2.194000,123.459858,3625,306,0,113,227,2042,9,0
5.913837,12.767000,116.000,31.746000,2.194000,123.469353,3625,310,0,113,227,2042,9,0
5.917665,3.828000,116.000,31.746000,2.194000,123.470474,3625,310,0,112,227,2042,9,0
5.930461,12.796000,116.000,31.746000,2.194000,123.470806,3625,310,0,111,226,2040,9,0
5.933888,3.427000,116.000,31.746000,2.194000,123.469372,3622,310,0,109,225,2038,9,0
5.947065,13.177000,116.000,31.746000,2.194000,123.454456,3613,305,0,109,225,2038,9,0
5.952466,5.401000,116.000,31.746000,2.194000,123.472462,3615,306,0,122,240,2068,9,0
5.959415,6.949000,116.000,31.746000,2.194000,123.470997,3612,306,0,123,241,2070,9,0
5.965248,5.833000,116.000,31.746000,2.194000,123.466568,3612,306,0,113,231,2050,9,0
5.980116,14.868000,116.000,31.746000,2.194000,123.465363,3609,306,0,113,231,2050,9,0
5.983583,3.467000,116.000,31.746000,2.194000,123.465797,3609,306,0,113,231,2050,9,0
5.996669,13.086000,116.000,31.746000,2.194000,123.466232,3609,306,0,113,231,2050,9,0
6.000395,3.726000,116.000,31.746000,2.194000,123.466667,3609,306,0,113,231,2050,9,0
6.013644,13.249000,116.000,31.746000,2.194000,123.465462,3606,306,0,113,231,2050,9,0
6.017375,3.731000,116.000,31.746000,2.194000,123.465897,3606,306,0,113,231,2050,9,0
6.030343,12.968000,116.000,31.746000,2.194000,123.466331,3606,306,0,113,231,2050,9,0
6.033840,3.497000,116.000,31.746000,2.194000,123.466766,3606,306,0,113,231,2050,9,0
6.047977,14.137000,116.000,31.746000,2.194000,123.467144,3606,306,0,113,231,2050,9,0
6.051188,3.211000,116.000,31.746000,2.194000,123.467854,3606,306,0,113,231,2050,9,0
6.063511,12.323000,116.000,31.746000,2.194000,123.468288,3606,306,0,113,231,2050,9,0
6.067016,3.505000,116.000,31.746000,2.194000,123.468723,3606,306,0,113,231,2050,9,0
6.080281,13.265000,116.000,31.746000,2.194000,123.469158,3606,306,0,113,231,2050,9,0
6.083713,3.432000,116.000,31.746000,2.194000,123.469593,3606,306,0,113,231,2050,9,0
6.097675,13.962000,116.000,31.746000,2.194000,123.469975,3606,306,0,112,226,2040,9,0
6.100738,3.063000,116.000,31.746000,2.194000,123.466000,3604,306,0,112,226,2040,9,0
6.113565,12.827000,116.000,31.746000,2.194000,123.464794,3601,306,0,112,226,2040,9,0
6.117034,3.469000,116.000,31.746000,2.194000,123.458363,3601,306,0,112,226,2040,9,0
6.130729,13.695000,116.000,31.746000,2.194000,123.458836,3601,306,0,112,226,2040,9,0
6.134209,3.480000,116.000,31.746000,2.194000,123.459270,3601,306,0,111,225,2038,9,0
6.146381,12.172000,116.000,31.746000,2.194000,123.459705,3601,306,0,111,225,2038,9,0
6.149270,2.889000,116.000,31.746000,2.194000,123.460140,3601,306,0,111,225,2038,9,0
6.163655,14.385000,116.000,31.746000,2.194000,123.460518,3601,306,0,111,225,2038,9,0
6.167224,3.569000,116.000,31.746000,2.194000,123.460953,3601,306,0,111,225,2038,9,0
6.180266,13.042000,116.000,31.746000,2.194000,123.461388,3601,306,0,111,225,2038,9,0
6.183881,3.615000,116.000,31.746000,2.194000,123.467827,3611,306,0,111,225,2038,9,0
6.196688,12.807000,116.000,31.746000,2.194000,123.470970,3611,306,0,111,225,2038,9,0
6.199628,2.940000,116.000,31.746000,2.194000,123.577034,3611,306,0,111,225,2038,9,0
6.213533,13.905000,116.000,31.746000,2.194000,123.577469,3611,306,0,111,225,2038,9,0
6.216917,3.384000,116.000,31.746000,2.194000,123.577904,3611,306,0,111,225,2038,9,0
6.230441,13.524000,116.000,31.746000,2.194000,123.578354,3611,306,0,111,225,2038,9,0
6.233804,3.363000,116.000,31.746000,2.194000,123.578789,3611,306,0,111,225,2038,9,0
6.269637,35.833000,116.000,31.746000,2.194000,123.685894,3668,315,0,168,323,2234,9,0
6.273266,3.629000,116.000,31.746000,2.194000,123.679520,3668,315,0,154,307,2202,9,0
6.287280,14.014000,116.000,31.746000,2.194000,123.686001,3668,315,0,165,319,2226,9,0
6.296713,9.433000,116.000,31.746000,2.194000,123.672592,3643,315,0,165,319,2226,9,0
6.300502,3.789000,116.000,31.746000,2.194000,123.667191,3643,315,0,153,307,2202,9,0
6.313810,13.308000,116.000,31.746000,2.194000,123.667625,3643,315,0,153,307,2202,9,0
6.317842,4.032000,116.000,31.746000,2.194000,123.668026,3643,315,0,153,307,2202,9,0
6.324529,6.687000,116.000,31.746000,2.194000,123.670113,3646,315,0,152,306,2200,9,0
6.337340,12.811000,116.000,31.746000,2.194000,123.667358,3641,315,0,152,306,2200,9,0
6.346852,9.512000,116.000,31.746000,2.194000,123.667759,3641,315,0,152,306,2200,9,0
6.352028,5.176000,116.000,31.746000,2.194000,123.668194,3641,315,0,152,306,2200,9,0
6.359807,7.779000,116.000,31.746000,2.194000,123.668629,3641,315,0,152,306,2200,9,0
6.365663,5.856000,116.000,31.746000,2.194000,123.669064,3641,315,0,152,306,2200,9,0
6.379196,13.533000,116.000,31.746000,2.194000,123.669498,3641,315,0,152,306,2200,9,0
6.385005,5.809000,116.000,31.746000,2.194000,123.671585,3644,315,0,152,306,2200,9,0
6.389640,4.635000,116.000,31.746000,2.194000,123.669464,3640,315,0,151,272,2132,9,0
6.405439,15.799000,116.000,31.746000,2.194000,123.665432,3638,315,0,151,272,2132,9,0
6.409486,4.047000,116.000,31.746000,2.194000,123.665867,3638,315,0,151,272,2132,9,0
6.415859,6.373000,116.000,31.746000,2.194000,123.641571,3641,315,0,150,270,2128,9,0
6.430654,14.795000,116.000,31.746000,2.194000,123.642006,3641,315,0,150,270,2128,9,0
6.436329,5.675000,116.000,31.746000,2.194000,123.642441,3641,315,0,150,270,2128,9,0
6.440230,3.901000,116.000,31.746000,2.194000,123.639893,3641,315,0,150,270,2128,9,0
6.455477,15.247000,116.000,31.746000,2.194000,123.641945,3644,315,0,150,270,2128,9,0
6.462635,7.158000,116.000,31.746000,2.194000,123.642380,3644,315,0,150,270,2128,9,0
6.467812,5.177000,116.000,31.746000,2.194000,123.642670,3644,315,0,150,270,2128,9,0
6.479065,11.253000,116.000,31.746000,2.194000,123.639603,3638,315,0,150,270,2128,9,0
6.484035,4.970000,116.000,31.746000,2.194000,123.641685,3641,315,0,149,269,2126,9,0
6.496074,12.039000,116.000,31.746000,2.194000,123.642120,3641,315,0,148,268,2124,9,0
6.500876,4.802000,116.000,31.746000,2.194000,123.642548,3641,315,0,147,267,2122,9,0
6.512666,11.790000,116.000,31.746000,2.194000,123.632580,3637,311,0,146,266,2120,9,0
6.517623,4.957000,116.000,31.746000,2.194000,123.628620,3630,311,0,146,266,2120,9,0
6.529299,11.676000,116.000,31.746000,2.194000,123.629055,3630,311,0,144,264,2116,9,0
6.534131,4.832000,116.000,31.746000,2.194000,123.629490,3630,311,0,144,264,2116,9,0
6.545914,11.783000,116.000,31.746000,2.194000,123.629841,3630,311,0,142,263,2114,9,0
6.551163,5.249000,116.000,31.746000,2.194000,123.613041,3618,306,0,141,262,2112,9,0
6.556901,5.738000,116.000,31.746000,2.194000,123.607159,3608,306,0,141,262,2112,9,0
6.571788,14.887000,116.000,31.746000,2.194000,123.626179,3610,306,0,154,280,2148,9,0
6.575589,3.801000,116.000,31.746000,2.194000,123.621750,3610,306,0,144,270,2128,9,0
6.588189,12.600000,116.000,31.746000,2.194000,123.623856,3613,306,0,144,270,2128,9,0
6.596234,8.045000,116.000,31.746000,2.194000,123.624290,3613,306,0,144,270,2128,9,0
6.602739,6.505000,116.000,31.746000,2.194000,123.632015,3619,308,0,144,270,2128,9,0
6.606982,4.243000,116.000,31.746000,2.194000,123.631279,3616,308,0,145,271,2130,9,0
6.621728,14.746000,116.000,31.746000,2.194000,123.631710,3616,308,0,145,271,2130,9,0
6.629136,7.408000,116.000,31.746000,2.194000,123.632145,3616,308,0,145,271,2130,9,0
6.633802,4.666000,116.000,31.746000,2.194000,123.632580,3616,308,0,145,271,2130,9,0
6.648919,15.117000,116.000,31.746000,2.194000,123.631374,3613,308,0,145,271,2130,9,0
6.662510,13.591000,116.000,31.746000,2.194000,123.631809,3613,308,0,145,271,2130,9,0
6.667100,4.590000,116.000,31.746000,2.194000,123.632210,3613,308,0,145,271,2130,9,0
6.679185,12.085000,116.000,31.746000,2.194000,123.632641,3613,308,0,145,271,2130,9,0
6.683385,4.200000,116.000,31.746000,2.194000,123.631435,3610,308,0,145,271,2130,9,0
6.695678,12.293000,116.000,31.746000,2.194000,123.631870,3610,308,0,145,271,2130,9,0
6.699667,3.989000,116.000,31.746000,2.194000,123.633167,3610,308,0,145,271,2130,9,1
6.712554,12.887000,116.000,31.746000,2.194000,123.629192,3608,308,0,145,271,2130,9,1
6.717484,4.930000,116.000,31.746000,2.194000,123.630283,3614,307,0,144,265,2118,9,0
6.729050,11.566000,116.000,31.746000,2.194000,123.627460,3609,307,0,145,265,2118,9,0
6.733465,4.415000,116.000,31.746000,2.194000,123.619495,3609,307,0,145,265,2118,9,0
6.745704,12.239000,116.000,31.746000,2.194000,123.619930,3609,307,0,146,265,2118,9,0
6.749896,4.192000,116.000,31.746000,2.194000,123.620365,3609,307,0,146,265,2118,9,0
6.762421,12.525000,116.000,31.746000,2.194000,123.620800,3609,307,0,145,265,2118,9,0
6.766524,4.103000,116.000,31.746000,2.194000,123.621235,3609,307,0,145,265,2118,9,0
6.779115,12.591000,116.000,31.746000,2.194000,123.621670,3609,307,0,145,265,2118,9,0
6.783349,4.234000,116.000,31.746000,2.194000,123.622105,3609,307,0,145,265,2118,9,0
6.795701,12.352000,116.000,31.746000,2.194000,123.622540,3609,307,0,146,265,2118,9,0
6.799950,4.249000,116.000,31.746000,2.194000,123.628979,3619,307,0,146,265,2118,9,0
6.812752,12.802000,116.000,31.746000,2.194000,123.629356,3619,307,0,145,265,2118,9,0
6.816980,4.228000,116.000,31.746000,2.194000,123.628151,3616,307,0,145,265,2118,9,0
6.829043,12.063000,116.000,31.746000,2.194000,123.628529,3616,307,0,146,265,2118,9,0
6.833132,4.089000,116.000,31.746000,2.194000,123.628963,3616,307,0,146,265,2118,9,0
6.845739,12.607000,116.000,31.746000,2.194000,123.629398,3616,307,0,145,265,2118,9,0
6.849977,4.238000,116.000,34.969000,1.300000,123.629848,3616,307,0,146,265,2118,9,0
6.874875,24.898000,116.000,34.969000,1.300000,123.712551,3668,316,0,169,316,2220,9,0
6.878854,3.979000,116.000,34.969000,1.300000,123.689640,3668,316,0,121,260,2108,9,0
6.883522,4.668000,116.000,34.969000,1.300000,123.690075,3668,316,0,120,259,2106,9,0
6.895796,12.274000,116.000,34.969000,1.300000,123.698986,3668,316,0,131,274,2136,9,0
6.900444,4.648000,116.000,34.969000,1.300000,123.680748,3643,316,0,121,264,2116,9,0
6.912394,11.950000,116.000,34.969000,1.300000,123.681183,3643,316,0,121,264,2116,9,0
6.916424,4.030000,116.000,34.969000,1.300000,123.681618,3643,316,0,121,264,2116,9,0
6.929055,12.631000,116.000,34.969000,1.300000,123.682053,3643,316,0,121,264,2116,9,0
6.933151,4.096000,116.000,34.969000,1.300000,123.682487,3643,316,0,121,264,2116,9,0
6.945687,12.536000,116.000,34.969000,1.300000,123.682922,3643,316,0,121,264,2116,9,0
6.949823,4.136000,116.000,34.969000,1.300000,123.681717,3640,316,0,121,264,2116,9,0
6.963691,13.868000,116.000,34.969000,1.300000,123.682152,3640,316,0,121,264,2116,9,0
6.967528,3.837000,116.000,34.969000,1.300000,123.682587,3640,316,0,121,264,2116,9,0
6.980197,12.669000,116.000,34.969000,1.300000,123.672585,3635,313,0,120,263,2114,9,0
6.983868,3.671000,116.000,34.969000,1.300000,123.669327,3629,313,0,120,263,2114,9,0
6.996703,12.835000,116.000,34.969000,1.300000,123.667259,3625,313,0,120,263,2114,9,0
7.000014,3.311000,116.000,34.969000,1.300000,123.663231,3623,313,0,119,236,2060,9,0
7.013705,13.691000,116.000,34.969000,1.300000,123.680470,3636,317,0,119,236,2060,9,0
7.017136,3.431000,116.000,34.969000,1.300000,123.662113,3636,317,0,120,238,2064,9,0
7.030007,12.871000,116.000,34.969000,1.300000,123.662548,3636,317,0,119,233,2054,9,0
7.033134,3.127000,116.000,34.969000,1.300000,123.662983,3636,317,0,119,233,2054,9,0
7.046611,13.477000,116.000,34.969000,1.300000,123.663418,3636,317,0,119,233,2054,9,0
7.050219,3.608000,116.000,34.969000,1.300000,123.656643,3636,317,0,119,233,2054,9,0
7.063600,13.381000,116.000,34.969000,1.300000,123.657104,3636,317,0,119,233,2054,9,0
7.067214,3.614000,116.000,34.969000,1.300000,123.657505,3636,317,0,119,233,2054,9,0
7.080005,12.791000,116.000,34.969000,1.300000,123.659451,3639,317,0,119,233,2054,9,0
7.083016,3.011000,116.000,34.969000,1.300000,123.656384,3633,317,0,119,233,2054,9,0
7.096723,13.707000,116.000,34.969000,1.300000,123.656811,3633,317,0,118,232,2052,9,0
7.099798,3.075000,116.000,34.969000,1.300000,123.657246,3633,317,0,117,231,2050,9,0
7.113306,13.508000,116.000,34.969000,1.300000,123.659328,3636,317,0,116,230,2048,9,0
7.116395,3.089000,116.000,34.969000,1.300000,123.649361,3632,313,0,115,229,2046,9,0
7.130279,13.884000,116.000,34.969000,1.300000,123.645393,3625,313,0,115,229,2046,9,0
7.133678,3.399000,116.000,34.969000,1.300000,123.645828,3625,313,0,113,227,2042,9,0
7.146569,12.891000,116.000,34.969000,1.300000,123.647923,3628,313,0,113,227,2042,9,0
7.150070,3.501000,116.000,34.969000,1.300000,123.648273,3628,313,0,112,226,2040,9,0
7.163615,13.545000,116.000,34.969000,1.300000,123.633053,3619,308,0,111,225,2038,9,0
7.167222,3.607000,116.000,34.969000,1.300000,123.627224,3609,308,0,111,225,2038,9,0
7.174092,6.870000,116.000,34.969000,1.300000,123.645485,3614,308,0,122,240,2068,9,0
7.187207,13.115000,116.000,34.969000,1.300000,123.645920,3614,308,0,110,228,2044,9,0
7.196500,9.293000,116.000,34.969000,1.300000,123.640518,3614,308,0,110,228,2044,9,0
7.199496,2.996000,116.000,34.969000,1.300000,123.640896,3614,308,0,110,228,2044,9,0
7.213353,13.857000,116.000,34.969000,1.300000,123.514057,3564,268,0,110,228,2044,9,0
7.216293,2.940000,116.000,34.969000,1.300000,123.482327,3514,268,0,100,208,2004,9,0
7.229734,13.441000,116.000,34.969000,1.300000,123.482761,3514,268,0,100,208,2004,9,0
7.232569,2.835000,116.000,34.969000,1.300000,123.483196,3514,268,0,100,208,2004,9,0
7.246441,13.872000,116.000,34.969000,1.300000,123.481991,3511,268,0,100,208,2004,9,0
7.249277,2.836000,116.000,34.969000,1.300000,123.482426,3511,268,0,100,208,2004,9,0
7.263914,14.637000,116.000,34.969000,1.300000,123.482861,3511,268,0,100,208,2004,9,0
7.267305,3.391000,116.000,34.969000,1.300000,123.483295,3511,268,0,100,208,2004,9,0
7.280041,12.736000,116.000,34.969000,1.300000,123.485401,3514,268,0,100,208,2004,9,0
7.287174,7.133000,116.000,34.969000,1.300000,123.485836,3514,268,0,100,208,2004,9,0
7.290742,3.568000,116.000,34.969000,1.300000,123.486271,3514,268,0,100,208,2004,9,0
7.304075,13.333000,116.000,34.969000,1.300000,123.486706,3514,268,0,100,208,2004,9,0
7.313302,9.227000,116.000,34.969000,1.300000,123.485500,3511,268,0,100,208,2004,9,0
7.316066,2.764000,116.000,34.969000,1.300000,123.485935,3511,268,0,99,203,1994,9,0
7.330092,14.026000,116.000,34.969000,1.300000,123.481907,3509,268,0,98,202,1992,9,0
7.332953,2.861000,116.000,34.969000,1.300000,123.476967,3507,266,0,98,202,1992,9,0
7.346494,13.541000,116.000,34.969000,1.300000,123.466492,3500,266,0,98,202,1992,9,0
7.349273,2.779000,116.000,34.969000,1.300000,123.466927,3500,266,0,98,202,1992,9,0
7.363590,14.317000,116.000,34.969000,1.300000,123.467361,3500,266,0,98,202,1992,9,0
7.366925,3.335000,116.000,34.969000,1.300000,123.467762,3500,266,0,98,202,1992,9,0
7.380041,13.116000,116.000,34.969000,1.300000,123.466557,3497,266,0,98,202,1992,9,0
7.387312,7.271000,116.000,34.969000,1.300000,123.466991,3497,266,0,98,202,1992,9,0
7.390985,3.673000,116.000,34.969000,1.300000,123.467426,3497,266,0,98,202,1992,9,0
7.404009,13.024000,116.000,34.969000,1.300000,123.454208,3492,261,0,97,201,1990,9,0
7.413914,9.905000,116.000,34.969000,1.300000,123.453415,3489,261,0,97,201,1990,9,0
7.416832,2.918000,116.000,34.969000,1.300000,123.453850,3489,261,0,97,201,1990,9,0
7.429960,13.128000,116.000,34.969000,1.300000,123.454285,3489,261,0,97,201,1990,9,0
7.432726,2.766000,116.000,34.969000,1.300000,123.454685,3489,261,0,97,201,1990,9,0
7.446558,13.832000,116.000,34.969000,1.300000,123.455135,3489,261,0,97,201,1990,9,0
7.449354,2.796000,116.000,34.969000,1.300000,123.455570,3489,261,0,96,201,1990,9,0
7.463602,14.248000,116.000,34.969000,1.300000,123.456005,3489,261,0,96,201,1990,9,0
7.492484,28.882000,116.000,34.969000,1.300000,123.564087,3546,270,0,155,301,2190,9,0
7.495079,2.595000,116.000,34.969000,1.300000,123.557713,3546,270,0,141,285,2158,9,0
7.498484,3.405000,116.000,34.969000,1.300000,123.565166,3546,270,0,154,299,2186,9,0
7.512393,13.909000,116.000,34.969000,1.300000,123.549030,3516,270,0,154,299,2186,9,0
7.516644,4.251000,116.000,34.969000,1.300000,123.542961,3513,270,0,144,289,2166,9,0
7.529030,12.386000,116.000,34.969000,1.300000,123.543396,3513,270,0,144,289,2166,9,0
7.533507,4.477000,116.000,34.969000,1.300000,123.543797,3513,270,0,144,289,2166,9,0
7.545725,12.218000,116.000,34.969000,1.300000,123.544231,3513,270,0,144,289,2166,9,0
7.550054,4.329000,116.000,34.969000,1.300000,123.544666,3513,270,0,144,289,2166,9,0
7.562591,12.537000,116.000,34.969000,1.300000,123.545101,3513,270,0,144,289,2166,9,0
7.568449,5.858000,116.000,34.969000,1.300000,123.611637,3539,286,0,144,289,2166,11,4
7.574125,5.676000,116.000,34.969000,1.300000,123.612206,3539,286,0,148,301,2246,11,0
7.587369,13.244000,116.000,34.969000,1.300000,123.612640,3539,286,0,149,301,2246,11,0
7.596718,9.349000,116.000,34.969000,1.300000,123.613724,3539,286,0,149,301,2246,11,0
7.600194,3.476000,116.000,34.969000,1.300000,123.611656,3535,286,0,148,301,2246,11,0
7.613211,13.017000,116.000,34.969000,1.300000,123.612228,3535,286,0,147,267,2178,11,0
7.616551,3.340000,116.000,34.969000,1.300000,123.612610,3535,286,0,147,267,2178,11,0
7.629906,13.355000,116.000,34.969000,1.300000,123.608635,3533,286,0,147,267,2178,11,0
7.633304,3.398000,116.000,34.969000,1.300000,123.582695,3533,286,0,146,265,2174,11,0
7.646516,13.212000,116.000,34.969000,1.300000,123.583130,3533,286,0,146,265,2174,11,0
7.649854,3.338000,116.000,34.969000,1.300000,123.583565,3533,286,0,146,265,2174,11,0
7.663173,13.319000,116.000,34.969000,1.300000,123.581051,3533,286,0,146,265,2174,11,0
7.666415,3.242000,116.000,34.969000,1.300000,123.581486,3533,286,0,147,265,2174,11,0
7.679961,13.546000,116.000,34.969000,1.300000,123.581921,3533,286,0,147,265,2174,11,0
7.683158,3.197000,116.000,34.969000,1.300000,123.582218,3533,286,0,147,265,2174,11,0
7.696602,13.444000,116.000,34.969000,1.300000,123.579151,3527,286,0,148,265,2174,11,0
7.699922,3.320000,116.000,34.969000,1.300000,123.579586,3527,286,0,146,264,2172,11,0
7.713708,13.786000,116.000,34.969000,1.300000,123.581669,3530,286,0,145,264,2172,11,0
7.717330,3.622000,116.000,34.969000,1.300000,123.582104,3530,286,0,143,262,2168,11,0
7.730293,12.963000,116.000,34.969000,1.300000,123.582474,3530,286,0,142,261,2166,11,0
7.734102,3.809000,116.000,34.969000,1.300000,123.572506,3526,282,0,142,261,2166,11,0
7.746584,12.482000,116.000,34.969000,1.300000,123.568531,3519,282,0,142,261,2166,11,0
7.749793,3.209000,116.000,34.969000,1.300000,123.568966,3519,282,0,140,259,2162,11,0
7.763666,13.873000,116.000,34.969000,1.300000,123.569332,3519,282,0,139,258,2160,11,0
7.767520,3.854000,116.000,34.969000,1.300000,123.567898,3516,282,0,138,257,2158,11,0
7.780299,12.779000,116.000,34.969000,1.300000,123.556198,3513,277,0,138,257,2158,11,0
7.785103,4.804000,116.000,34.969000,1.300000,123.564213,3505,277,0,148,269,2182,11,0
7.790418,5.315000,116.000,34.969000,1.300000,123.567215,3508,277,0,148,269,2182,11,1
7.803880,13.462000,116.000,34.969000,1.300000,123.562786,3508,277,0,139,259,2162,11,1
7.814007,10.127000,116.000,34.969000,1.300000,123.564457,3517,276,0,139,259,2162,11,0
7.817876,3.869000,116.000,34.969000,1.300000,123.561634,3512,276,0,138,259,2162,11,0
7.824474,6.598000,116.000,34.969000,1.300000,123.562115,3512,276,0,138,259,2162,11,0
7.837318,12.844000,116.000,34.969000,1.300000,123.562550,3512,276,0,138,259,2162,11,0
7.847015,9.697000,116.000,34.969000,1.300000,123.564655,3515,276,0,138,259,2162,11,0
7.850877,3.862000,117.000,28.444000,1.874000,123.565090,3515,276,0,138,259,2162,11,0
7.863653,12.776000,117.000,28.444000,1.874000,123.565525,3515,276,0,138,259,2162,11,0
7.866754,3.101000,117.000,28.444000,1.874000,123.565960,3515,276,0,138,259,2162,11,0
7.879905,13.151000,117.000,28.444000,1.874000,123.568066,3518,276,0,138,259,2162,11,0
7.883206,3.301000,117.000,28.444000,1.874000,123.568501,3518,276,0,138,259,2162,11,0
7.896550,13.344000,117.000,28.444000,1.874000,123.568981,3518,276,0,138,259,2162,11,0
7.899667,3.117000,117.000,28.444000,1.874000,123.569382,3518,276,0,138,259,2162,11,0
7.913108,13.441000,117.000,28.444000,1.874000,123.569817,3518,276,0,139,259,2162,11,0
7.916386,3.278000,117.000,28.444000,1.874000,123.570251,3518,276,0,139,259,2162,11,0
7.930516,14.130000,117.000,28.444000,1.874000,123.570633,3518,276,0,138,255,2154,11,0
7.933968,3.452000,117.000,28.444000,1.874000,123.566658,3516,276,0,137,255,2154,11,0
7.946450,12.482000,117.000,28.444000,1.874000,123.565453,3513,276,0,137,255,2154,11,0
7.949567,3.117000,117.000,28.444000,1.874000,123.560284,3513,276,0,137,255,2154,11,0
7.963295,13.728000,117.000,28.444000,1.874000,123.560703,3513,276,0,137,255,2154,11,0
7.966483,3.188000,117.000,28.444000,1.874000,123.561138,3513,276,0,135,255,2154,11,0
7.980037,13.554000,117.000,28.444000,1.874000,123.563232,3516,276,0,134,254,2152,11,0
7.983182,3.145000,117.000,28.444000,1.874000,123.563667,3516,276,0,133,254,2152,11,0
7.996700,13.518000,117.000,28.444000,1.874000,123.564068,3516,276,0,133,254,2152,11,0
7.999821,3.121000,117.000,28.444000,1.874000,123.564468,3516,276,0,136,254,2152,11,0
8.013555,13.734000,117.000,28.444000,1.874000,123.563263,3513,276,0,136,254,2152,11,0
8.017411,3.856000,117.000,28.444000,1.874000,123.569702,3523,276,0,135,254,2152,11,0
8.030011,12.600000,117.000,28.444000,1.874000,123.568367,3520,276,0,136,254,2152,11,0
8.033271,3.260000,117.000,28.444000,1.874000,123.568802,3520,276,0,137,254,2152,11,0
8.046643,13.372000,117.000,28.444000,1.874000,123.567703,3517,276,0,136,254,2152,11,0
8.049700,3.057000,117.000,28.444000,1.874000,123.568138,3517,276,0,135,254,2152,11,0
8.063504,13.804000,117.000,28.444000,1.874000,123.568501,3517,276,0,135,254,2152,11,0
8.066810,3.306000,117.000,28.444000,1.874000,123.568935,3517,276,0,134,253,2150,11,0
8.102327,35.517000,117.000,28.444000,1.874000,123.657852,3581,282,0,157,313,2270,11,0
8.112403,10.076000,117.000,28.444000,1.874000,123.630276,3575,282,0,107,255,2154,11,0
8.114889,2.486000,117.000,28.444000,1.874000,123.635422,3575,282,0,117,265,2174,11,0
8.130040,15.151000,117.000,28.444000,1.874000,123.636993,3557,286,0,105,253,2150,11,0
8.133236,3.196000,117.000,28.444000,1.874000,123.632244,3557,286,0,107,255,2154,11,0
8.146676,13.440000,117.000,28.444000,1.874000,123.632679,3557,286,0,107,255,2154,11,0
8.150039,3.363000,117.000,28.444000,1.874000,123.633114,3557,286,0,107,255,2154,11,0
8.163470,13.431000,117.000,28.444000,1.874000,123.633549,3557,286,0,107,255,2154,11,0
8.166918,3.448000,117.000,28.444000,1.874000,123.633949,3557,286,0,107,255,2154,11,0
8.180019,13.101000,117.000,28.444000,1.874000,123.634384,3557,286,0,107,255,2154,11,0
8.187274,7.255000,117.000,28.444000,1.874000,123.634819,3557,286,0,107,255,2154,11,0
8.191552,4.278000,117.000,28.444000,1.874000,123.635345,3557,286,0,107,255,2154,11,0
8.204866,13.314000,117.000,28.444000,1.874000,123.635780,3557,286,0,107,255,2154,11,0
8.212975,8.109000,117.000,28.444000,1.874000,123.636269,3557,286,0,107,255,2154,11,0
8.218375,5.400000,117.000,28.444000,1.874000,123.816208,3670,334,0,107,255,2154,11,0
8.223173,4.798000,117.000,28.444000,1.874000,123.825333,3670,334,0,118,243,2130,11,0
8.238106,14.933000,117.000,28.444000,1.874000,123.821358,3668,334,0,118,243,2130,11,0
8.245736,7.630000,117.000,28.444000,1.874000,123.821793,3668,334,0,118,243,2130,11,0
8.250306,4.570000,117.000,28.444000,1.874000,123.791714,3668,334,0,118,243,2130,11,0
8.262607,12.301000,117.000,28.444000,1.874000,123.792149,3668,334,0,120,243,2130,11,0
8.267434,4.827000,117.000,28.444000,1.874000,123.792583,3668,334,0,120,243,2130,11,0
8.279284,11.850000,117.000,28.444000,1.874000,123.788460,3666,332,0,119,241,2126,11,0
8.284110,4.826000,117.000,28.444000,1.874000,123.784149,3658,332,0,119,241,2126,11,0
8.295994,11.884000,117.000,28.444000,1.874000,123.784527,3658,332,0,119,241,2126,11,0
8.300664,4.670000,117.000,28.444000,1.874000,123.784756,3658,332,0,119,241,2126,11,0
8.312571,11.907000,117.000,28.444000,1.874000,123.781689,3652,332,0,119,241,2126,11,0
8.317034,4.463000,117.000,28.444000,1.874000,123.782124,3652,332,0,118,240,2124,11,0
8.328978,11.944000,117.000,28.444000,1.874000,123.782558,3652,332,0,118,240,2124,11,0
8.333072,4.094000,117.000,28.444000,1.874000,123.782978,3652,332,0,116,238,2120,11,0
8.345707,12.635000,117.000,28.444000,1.874000,123.783413,3652,332,0,115,237,2118,11,0
8.349790,4.083000,117.000,28.444000,1.874000,123.773384,3648,328,0,115,237,2118,11,0
8.362884,13.094000,117.000,28.444000,1.874000,123.769413,3641,328,0,115,237,2118,11,0
8.367361,4.477000,117.000,28.444000,1.874000,123.769848,3641,328,0,113,235,2114,11,0
8.379280,11.919000,117.000,28.444000,1.874000,123.770199,3641,328,0,112,234,2112,11,0
8.384284,5.004000,117.000,28.444000,1.874000,123.768730,3638,328,0,111,233,2110,11,0
8.395731,11.447000,117.000,28.444000,1.874000,123.755501,3632,323,0,111,233,2110,11,0
8.399960,4.229000,117.000,28.444000,1.874000,123.749588,3622,323,0,111,233,2110,11,0
8.406176,6.216000,117.000,28.444000,1.874000,123.766121,3624,323,0,122,248,2140,11,0
8.421609,15.433000,117.000,28.444000,1.874000,123.764301,3627,323,0,114,240,2124,11,0
8.428978,7.369000,117.000,28.444000,1.874000,123.764736,3627,323,0,114,240,2124,11,0
8.432869,3.891000,117.000,28.444000,1.874000,123.765171,3627,323,0,114,240,2124,11,0
8.445706,12.837000,117.000,28.444000,1.874000,123.765606,3627,323,0,114,240,2124,11,0
8.449620,3.914000,117.000,28.444000,1.874000,123.766041,3627,323,0,114,240,2124,11,0
8.462714,13.094000,117.000,28.444000,1.874000,123.766418,3627,323,0,114,240,2124,11,0
8.467345,4.631000,117.000,28.444000,1.874000,123.766853,3627,323,0,114,240,2124,11,0
8.479211,11.866000,117.000,28.444000,1.874000,123.767288,3627,323,0,114,240,2124,11,0
8.484108,4.897000,117.000,28.444000,1.874000,123.771046,3633,323,0,114,240,2124,11,0
8.495566,11.458000,117.000,28.444000,1.874000,123.771481,3633,323,0,114,240,2124,11,0
8.499583,4.017000,117.000,28.444000,1.874000,123.771873,3633,323,0,114,240,2124,11,0
8.512382,12.799000,117.000,28.444000,1.874000,123.772308,3633,323,0,114,240,2124,11,0
8.516258,3.876000,117.000,28.444000,1.874000,123.774395,3636,323,0,114,240,2124,11,0
8.529149,12.891000,117.000,28.444000,1.874000,123.774830,3636,323,0,114,240,2124,11,0
8.533135,3.986000,117.000,28.444000,1.874000,123.775265,3636,323,0,114,240,2124,11,0
8.545710,12.575000,117.000,28.444000,1.874000,123.775646,3636,323,0,114,240,2124,11,0
8.549771,4.061000,117.000,28.444000,1.874000,123.773308,3637,323,0,113,235,2114,11,0
8.562694,12.923000,117.000,28.444000,1.874000,123.773743,3637,323,0,113,235,2114,11,0
8.567262,4.568000,117.000,28.444000,1.874000,123.767311,3637,323,0,113,235,2114,11,0
8.580294,13.032000,117.000,28.444000,1.874000,123.767746,3637,323,0,113,235,2114,11,0
8.596794,16.500000,117.000,28.444000,1.874000,123.769882,3640,323,0,113,235,2114,11,0
8.600603,3.809000,117.000,28.444000,1.874000,123.770309,3640,323,0,113,235,2114,11,0
8.612394,11.791000,117.000,28.444000,1.874000,123.770744,3640,323,0,113,235,2114,11,0
8.616627,4.233000,117.000,28.444000,1.874000,123.771179,3640,323,0,113,235,2114,11,0
8.629057,12.430000,117.000,28.444000,1.874000,123.771614,3640,323,0,113,235,2114,11,0
8.633350,4.293000,117.000,28.444000,1.874000,123.778053,3650,323,0,113,235,2114,11,0
8.645789,12.439000,117.000,28.444000,1.874000,123.778431,3650,323,0,113,235,2114,11,0
8.650075,4.286000,117.000,28.444000,1.874000,123.777225,3647,323,0,113,235,2114,11,0
8.662580,12.505000,117.000,28.444000,1.874000,123.777660,3647,323,0,113,235,2114,11,0
8.667219,4.639000,117.000,28.444000,1.874000,123.778061,3647,323,0,113,235,2114,11,0
8.679343,12.124000,117.000,28.444000,1.874000,123.778496,3647,323,0,113,235,2114,11,0
8.712109,32.766000,117.000,28.444000,1.874000,123.893749,3712,332,0,172,339,2322,11,0
8.715195,3.086000,117.000,28.444000,1.874000,123.891113,3712,332,0,166,331,2306,11,0
8.729862,14.667000,117.000,28.444000,1.874000,123.872356,3686,332,0,156,321,2286,11,0
8.733423,3.561000,117.000,28.444000,1.874000,123.872791,3686,332,0,156,321,2286,11,0
8.746509,13.086000,117.000,28.444000,1.874000,123.871586,3683,332,0,156,321,2286,11,0
8.750104,3.595000,117.000,28.444000,1.874000,123.872021,3683,332,0,156,321,2286,11,0
8.763614,13.510000,117.000,28.444000,1.874000,123.872456,3683,332,0,156,321,2286,11,0
8.767727,4.113000,117.000,28.444000,1.874000,123.872890,3683,332,0,156,321,2286,11,0
8.774374,6.647000,117.000,28.444000,1.874000,123.871685,3680,332,0,156,321,2286,11,0
8.787187,12.813000,117.000,28.444000,1.874000,123.872120,3680,332,0,156,321,2286,11,0
8.796415,9.228000,117.000,28.444000,1.874000,123.872555,3680,332,0,156,321,2286,11,0
8.799969,3.554000,117.000,28.444000,1.874000,123.872990,3680,332,0,156,321,2286,11,0
8.813403,13.434000,117.000,28.444000,1.874000,123.871784,3677,332,0,156,321,2286,11,0
8.817037,3.634000,117.000,28.444000,1.874000,123.869717,3673,332,0,155,285,2214,11,0
8.829881,12.844000,117.000,28.444000,1.874000,123.870152,3673,332,0,155,285,2214,11,0
8.833323,3.442000,117.000,28.444000,1.874000,123.870533,3673,332,0,155,285,2214,11,0
8.846780,13.457000,117.000,28.444000,1.874000,123.837620,3674,332,0,155,285,2214,11,0
8.850445,3.665000,113.000,35.141000,1.596000,123.838020,3674,332,0,155,285,2214,11,0
8.863644,13.199000,113.000,35.141000,1.596000,123.838451,3674,332,0,155,285,2214,11,0
8.867490,3.846000,113.000,35.141000,1.596000,123.838886,3674,332,0,155,285,2214,11,0
8.880580,13.090000,113.000,35.141000,1.596000,123.840961,3677,332,0,155,285,2214,11,0
8.884496,3.916000,113.000,35.141000,1.596000,123.841362,3677,332,0,152,285,2214,11,0
8.896841,12.345000,113.000,35.141000,1.596000,123.842648,3677,332,0,152,285,2214,11,1
8.900182,3.341000,113.000,35.141000,1.596000,123.842876,3677,332,0,154,285,2214,11,1
8.913760,13.578000,113.000,35.141000,1.596000,123.839252,3674,331,0,153,284,2212,11,0
8.917651,3.891000,113.000,35.141000,1.596000,123.836395,3669,331,0,155,284,2212,11,0
8.930405,12.754000,113.000,35.141000,1.596000,123.836830,3669,331,0,153,282,2208,11,0
8.934167,3.762000,113.000,35.141000,1.596000,123.837265,3669,331,0,152,282,2208,11,0
8.947049,12.882000,113.000,35.141000,1.596000,123.827251,3665,327,0,151,281,2206,11,0
8.950667,3.618000,113.000,35.141000,1.596000,123.823338,3658,327,0,152,281,2206,11,0
8.963609,12.942000,113.000,35.141000,1.596000,123.823788,3658,327,0,150,279,2202,11,0
8.967034,3.425000,113.000,35.141000,1.596000,123.824223,3658,327,0,147,278,2200,11,0
8.979916,12.882000,113.000,35.141000,1.596000,123.824558,3658,327,0,147,278,2200,11,0
8.983243,3.327000,113.000,35.141000,1.596000,123.809460,3649,322,0,147,277,2198,11,0
8.996717,13.474000,113.000,35.141000,1.596000,123.804737,3639,322,0,147,277,2198,11,2
9.002528,5.811000,113.000,35.141000,1.596000,123.828274,3641,322,0,165,301,2246,11,2
9.008062,5.534000,113.000,35.141000,1.596000,123.829327,3641,322,0,165,301,2246,11,2
9.020687,12.625000,113.000,35.141000,1.596000,123.829762,3641,322,0,165,301,2246,11,2
9.025139,4.452000,113.000,35.141000,1.596000,123.826584,3653,320,0,155,291,2226,11,0
9.037354,12.215000,113.000,35.141000,1.596000,123.820549,3643,320,0,157,291,2226,11,0
9.041805,4.451000,113.000,35.141000,1.596000,123.820984,3643,320,0,157,291,2226,11,0
9.053938,12.133000,113.000,35.141000,1.596000,123.821419,3643,320,0,157,291,2226,11,0
9.058459,4.521000,113.000,35.141000,1.596000,123.821854,3643,320,0,157,291,2226,11,0
9.070945,12.486000,113.000,35.141000,1.596000,123.822289,3643,320,0,157,291,2226,11,0
9.094227,23.282000,113.000,35.141000,1.596000,123.821449,3640,320,0,156,290,2224,11,0
9.098380,4.153000,113.000,35.141000,1.596000,123.821884,3640,320,0,156,290,2224,11,0
9.112540,14.160000,113.000,35.141000,1.596000,123.822262,3640,320,0,156,290,2224,11,0
9.117721,5.181000,113.000,35.141000,1.596000,123.822689,3640,320,0,156,290,2224,11,0
9.123327,5.606000,113.000,35.141000,1.596000,123.823124,3640,320,0,156,290,2224,11,0
9.138206,14.879000,113.000,35.141000,1.596000,123.843048,3659,324,0,156,290,2224,11,0
9.145746,7.540000,113.000,35.141000,1.596000,123.843853,3659,324,0,158,292,2228,11,0
9.150125,4.379000,113.000,35.141000,1.596000,123.839813,3657,324,0,156,284,2212,11,0
9.163466,13.341000,113.000,35.141000,1.596000,123.840248,3657,324,0,156,284,2212,11,0
9.180103,16.637000,113.000,35.141000,1.596000,123.838737,3657,324,0,152,280,2204,11,0
9.184143,4.040000,113.000,35.141000,1.596000,123.817863,3652,321,0,151,279,2202,11,0
9.196519,12.376000,113.000,35.141000,1.596000,123.817898,3652,321,0,151,279,2202,11,0
9.200751,4.232000,113.000,35.141000,1.596000,123.818295,3652,321,0,149,277,2198,11,0
9.212519,11.768000,113.000,35.141000,1.596000,123.818729,3652,321,0,149,277,2198,11,0
9.217734,5.215000,113.000,35.141000,1.596000,123.835964,3665,325,0,149,277,2198,11,0
9.229055,11.321000,113.000,35.141000,1.596000,123.837086,3665,325,0,151,279,2202,11,0
9.233865,4.810000,113.000,35.141000,1.596000,123.837509,3665,325,0,151,279,2202,11,0
9.245586,11.721000,113.000,35.141000,1.596000,123.843948,3675,325,0,151,279,2202,11,0
9.250091,4.505000,113.000,35.141000,1.596000,123.846058,3678,325,0,151,279,2202,11,0
9.262639,12.548000,113.000,35.141000,1.596000,123.846493,3678,325,0,150,279,2202,11,0
9.267688,5.049000,113.000,35.141000,1.596000,123.846893,3678,325,0,150,279,2202,11,0
9.279204,11.516000,113.000,35.141000,1.596000,123.847328,3678,325,0,151,279,2202,11,0
9.284396,5.192000,113.000,35.141000,1.596000,123.849426,3681,325,0,151,279,2202,11,0
9.319163,34.767000,113.000,35.141000,1.596000,123.931423,3738,328,0,172,337,2318,11,0
9.323370,4.207000,113.000,35.141000,1.596000,124.060692,3726,328,0,126,281,2206,11,0
9.337020,13.650000,113.000,35.141000,1.596000,124.065582,3726,328,0,136,291,2226,11,0
9.346681,9.661000,113.000,35.141000,1.596000,124.052174,3701,328,0,128,283,2210,11,0
9.351468,4.787000,113.000,35.141000,1.596000,124.047077,3698,328,0,128,283,2210,11,0
9.356586,5.118000,113.000,35.141000,1.596000,124.047512,3698,328,0,128,283,2210,11,0
9.371787,15.201000,113.000,35.141000,1.596000,124.047947,3698,328,0,128,283,2210,11,0
9.380318,8.531000,113.000,35.141000,1.596000,124.050053,3701,328,0,128,283,2210,11,0
9.384310,3.992000,113.000,35.141000,1.596000,124.050488,3701,328,0,128,283,2210,11,0
9.397246,12.936000,113.000,35.141000,1.596000,124.050865,3701,328,0,128,283,2210,11,0
9.401044,3.798000,113.000,35.141000,1.596000,124.051300,3701,328,0,128,283,2210,11,0
9.413649,12.605000,113.000,35.141000,1.596000,124.048454,3695,328,0,128,283,2210,11,0
9.417632,3.983000,113.000,35.141000,1.596000,124.048889,3695,328,0,128,283,2210,11,0
9.430328,12.696000,113.000,35.141000,1.596000,124.046822,3691,328,0,127,247,2138,11,0
9.434158,3.830000,113.000,35.141000,1.596000,124.047256,3691,328,0,127,247,2138,11,0
9.446673,12.515000,113.000,35.141000,1.596000,124.045998,3688,328,0,127,247,2138,11,0
9.450377,3.704000,113.000,35.141000,1.596000,124.011406,3686,328,0,127,247,2138,11,0
9.463570,13.193000,113.000,35.141000,1.596000,124.011868,3686,328,0,127,247,2138,11,0
9.467236,3.666000,113.000,35.141000,1.596000,124.012268,3686,328,0,127,247,2138,11,0
9.480320,13.084000,113.000,35.141000,1.596000,124.011063,3683,328,0,127,247,2138,11,0
9.483952,3.632000,113.000,35.141000,1.596000,124.011463,3683,328,0,127,247,2138,11,0
9.496835,12.883000,113.000,35.141000,1.596000,124.011921,3683,328,0,127,247,2138,11,0
9.500234,3.399000,113.000,35.141000,1.596000,124.012356,3683,328,0,126,247,2138,11,0
9.513820,13.586000,113.000,35.141000,1.596000,124.010960,3680,328,0,126,247,2138,11,0
9.517466,3.646000,113.000,35.141000,1.596000,124.007858,3674,328,0,125,247,2138,11,0
9.530250,12.784000,113.000,35.141000,1.596000,124.008278,3674,328,0,124,246,2136,11,0
9.533805,3.555000,113.000,35.141000,1.596000,124.008678,3674,328,0,123,244,2132,11,0
9.546793,12.988000,113.000,35.141000,1.596000,124.010818,3677,328,0,123,244,2132,11,0
9.549815,3.022000,113.000,35.141000,1.596000,124.000851,3673,324,0,121,243,2130,11,0
9.564042,14.227000,113.000,35.141000,1.596000,123.996841,3666,324,0,121,243,2130,11,0
9.567752,3.710000,113.000,35.141000,1.596000,123.997276,3666,324,0,121,241,2126,11,0
9.580348,12.596000,113.000,35.141000,1.596000,123.997696,3666,324,0,121,241,2126,11,0
9.583834,3.486000,113.000,35.141000,1.596000,123.998047,3666,324,0,120,240,2124,11,0
9.596596,12.762000,113.000,35.141000,1.596000,123.982903,3657,319,0,119,239,2122,11,0
9.599592,2.996000,113.000,35.141000,1.596000,123.977020,3647,319,0,118,239,2122,11,0
9.607824,8.232000,113.000,35.141000,1.596000,123.994415,3646,319,0,132,257,2158,11,0
9.620889,13.065000,113.000,35.141000,1.596000,123.994850,3646,319,0,132,257,2158,11,0
9.630301,9.412000,113.000,35.141000,1.596000,123.987488,3646,319,0,116,241,2126,11,0
9.633794,3.493000,113.000,35.141000,1.596000,123.987923,3646,319,0,116,241,2126,11,0
9.646455,12.661000,113.000,35.141000,1.596000,123.988373,3646,319,0,116,241,2126,11,0
9.649455,3.000000,113.000,35.141000,1.596000,123.988808,3646,319,0,116,241,2126,11,0
9.664079,14.624000,113.000,35.141000,1.596000,123.989258,3646,319,0,116,241,2126,11,0
9.667661,3.582000,113.000,35.141000,1.596000,123.989693,3646,319,0,116,241,2126,11,0
9.680148,12.487000,113.000,35.141000,1.596000,123.990097,3646,319,0,116,241,2126,11,0
9.683581,3.433000,113.000,35.141000,1.596000,123.990532,3646,319,0,116,241,2126,11,0
9.697836,14.255000,113.000,35.141000,1.596000,123.990982,3646,319,0,116,241,2126,11,0
9.701159,3.323000,113.000,35.141000,1.596000,123.991417,3646,319,0,116,241,2126,11,0
9.713729,12.570000,113.000,35.141000,1.596000,123.991837,3646,319,0,116,241,2126,11,0
9.717287,3.558000,113.000,35.141000,1.596000,123.992271,3646,319,0,116,241,2126,11,0
9.730110,12.823000,113.000,35.141000,1.596000,123.992722,3646,319,0,116,241,2126,11,0
9.733598,3.488000,113.000,35.141000,1.596000,123.993122,3646,319,0,116,241,2126,11,0
9.746412,12.814000,113.000,35.141000,1.596000,123.993542,3646,319,0,116,241,2126,11,0
9.749373,2.961000,113.000,35.141000,1.596000,123.993923,3646,319,0,115,235,2114,11,0
9.764513,15.140000,113.000,35.141000,1.596000,123.989979,3644,319,0,115,235,2114,11,0
9.768284,3.771000,113.000,35.141000,1.596000,123.990414,3644,319,0,115,235,2114,11,0
9.775036,6.752000,113.000,35.141000,1.596000,123.980862,3641,319,0,115,235,2114,11,0
9.787352,12.316000,113.000,35.141000,1.596000,123.981297,3641,319,0,113,235,2114,11,0
9.796776,9.424000,113.000,35.141000,1.596000,123.981571,3641,319,0,113,235,2114,11,0
9.799786,3.010000,113.000,35.141000,1.596000,123.982006,3641,319,0,114,235,2114,11,0
9.813309,13.523000,113.000,35.141000,1.596000,123.984055,3644,319,0,114,235,2114,11,0
9.816240,2.931000,113.000,35.141000,1.596000,123.984489,3644,319,0,114,235,2114,11,0
9.830234,13.994000,113.000,35.141000,1.596000,123.984894,3644,319,0,114,235,2114,11,0
9.833666,3.432000,113.000,35.141000,1.596000,123.985329,3644,319,0,114,235,2114,11,0
9.846837,13.171000,113.000,35.141000,1.596000,123.991753,3654,319,0,114,235,2114,11,0
9.850055,3.218000,114.000,34.152000,1.455000,123.992188,3654,319,0,114,235,2114,11,0
9.863695,13.640000,114.000,34.152000,1.455000,123.992638,3654,319,0,114,235,2114,11,0
9.867151,3.456000,114.000,34.152000,1.455000,123.993073,3654,319,0,113,235,2114,11,0
9.880279,13.128000,114.000,34.152000,1.455000,123.996803,3660,319,0,113,235,2114,11,0
9.884136,3.857000,114.000,34.152000,1.455000,123.999138,3663,319,0,115,235,2114,11,0
9.897088,12.952000,114.000,34.152000,1.455000,123.993942,3654,319,0,115,235,2114,11,0
9.933761,36.673000,114.000,34.152000,1.455000,124.110504,3724,328,0,170,333,2310,11,0
9.946059,12.298000,114.000,34.152000,1.455000,124.104130,3724,328,0,157,317,2278,11,0
9.949348,3.289000,114.000,34.152000,1.455000,124.111191,3724,328,0,170,331,2306,11,0
9.965097,15.749000,114.000,34.152000,1.455000,124.086334,3687,328,0,160,321,2286,11,0
9.979287,14.190000,114.000,34.152000,1.455000,124.088428,3690,328,0,160,321,2286,11,0
9.981988,2.701000,114.000,34.152000,1.455000,124.088863,3690,328,0,160,321,2286,11,0
9.996241,14.253000,114.000,34.152000,1.455000,124.090927,3693,328,0,160,321,2286,11,0
9.999444,3.203000,114.000,34.152000,1.455000,124.092278,3693,328,0,160,321,2286,11,1
10.012043,12.599000,114.000,34.152000,1.455000,124.092712,3693,328,0,161,321,2286,11,1
10.015039,2.996000,114.000,34.152000,1.455000,124.093830,3699,327,0,161,321,2286,11,0
10.029134,14.095000,114.000,34.152000,1.455000,124.091053,3694,327,0,162,321,2286,11,0
10.031290,2.156000,114.000,34.152000,1.455000,124.089031,3690,327,0,162,321,2286,11,0
10.045641,14.351000,114.000,34.152000,1.455000,124.087826,3687,327,0,160,285,2214,11,0
10.047558,1.917000,114.000,34.152000,1.455000,124.088253,3687,327,0,160,285,2214,11,0
10.062713,15.155000,114.000,34.152000,1.455000,124.084324,3685,327,0,160,285,2214,11,0
10.065594,2.881000,114.000,34.152000,1.455000,124.054188,3685,327,0,160,285,2214,11,0
10.079267,13.673000,114.000,34.152000,1.455000,124.056320,3688,327,0,160,285,2214,11,0
10.081801,2.534000,114.000,34.152000,1.455000,124.056801,3688,327,0,161,285,2214,11,0
10.095786,13.985000,114.000,34.152000,1.455000,124.057281,3688,327,0,161,285,2214,11,0
10.097767,1.981000,114.000,34.152000,1.455000,124.057762,3688,327,0,162,285,2214,11,0
10.112717,14.950000,114.000,34.152000,1.455000,124.054943,3682,327,0,162,285,2214,11,0
10.115634,2.917000,114.000,34.152000,1.455000,124.055218,3682,327,0,160,285,2214,11,0
10.131020,15.386000,114.000,34.152000,1.455000,124.166904,3790,351,0,160,285,2214,11,0
10.135392,4.372000,114.000,34.152000,1.455000,124.171680,3792,351,0,172,296,2236,11,0
10.141068,5.676000,114.000,34.152000,1.455000,124.170200,3789,351,0,172,296,2236,11,0
10.155303,14.235000,114.000,34.152000,1.455000,124.170681,3789,351,0,169,294,2232,11,0
10.159023,3.720000,114.000,34.152000,1.455000,124.171177,3789,351,0,169,294,2232,11,0
10.170802,11.779000,114.000,34.152000,1.455000,124.161255,3785,347,0,169,293,2230,11,0
10.180262,9.460000,114.000,34.152000,1.455000,124.157372,3778,347,0,168,292,2228,11,0
10.184235,3.973000,114.000,34.152000,1.455000,124.156212,3775,347,0,166,290,2224,11,0
10.197227,12.992000,114.000,34.152000,1.455000,124.154922,3772,347,0,165,289,2222,11,0
10.201041,3.814000,114.000,34.152000,1.455000,124.153534,3769,347,0,163,288,2220,11,0
10.208602,7.561000,114.000,34.152000,1.455000,124.140335,3763,342,0,163,288,2220,11,0
10.215123,6.521000,114.000,34.152000,1.455000,124.151752,3752,342,0,175,305,2254,11,0
10.230253,15.130000,114.000,34.152000,1.455000,124.152218,3752,342,0,175,305,2254,11,0
10.234115,3.862000,114.000,34.152000,1.455000,124.146862,3752,342,0,163,293,2230,11,0
10.240276,6.161000,114.000,34.152000,1.455000,124.149033,3755,342,0,163,293,2230,11,0
10.254201,13.925000,114.000,34.152000,1.455000,124.149513,3755,342,0,163,293,2230,11,0
10.259552,5.351000,114.000,34.152000,1.455000,124.149979,3755,342,0,163,293,2230,11,0
10.265004,5.452000,114.000,34.152000,1.455000,124.150459,3755,342,0,163,293,2230,11,0
10.280165,15.161000,114.000,34.152000,1.455000,124.150955,3755,342,0,162,292,2228,11,0
10.284260,4.095000,114.000,34.152000,1.455000,124.141045,3750,339,0,162,292,2228,11,0
10.296286,12.026000,114.000,34.152000,1.455000,124.137726,3744,339,0,162,292,2228,11,0
10.299672,3.386000,114.000,34.152000,1.455000,124.138206,3744,339,0,162,292,2228,11,0
10.314492,14.820000,114.000,34.152000,1.455000,124.152214,3751,343,0,162,292,2228,11,0
10.318466,3.974000,114.000,34.152000,1.455000,124.153381,3751,343,0,162,293,2230,11,0
10.324011,5.545000,114.000,34.152000,1.455000,124.153843,3751,343,0,162,293,2230,11,0
10.337084,13.073000,114.000,34.152000,1.455000,124.154324,3751,343,0,162,293,2230,11,0
10.341323,4.239000,114.000,34.152000,1.455000,124.154819,3751,343,0,162,293,2230,11,0
10.354212,12.889000,114.000,34.152000,1.455000,124.155300,3751,343,0,162,293,2230,11,0
10.359573,5.361000,114.000,34.152000,1.455000,124.155712,3751,343,0,161,286,2216,11,0
10.364835,5.262000,114.000,34.152000,1.455000,124.151783,3749,343,0,161,286,2216,11,0
10.381512,16.677000,114.000,34.152000,1.455000,124.152279,3749,343,0,161,286,2216,11,0
10.385181,3.669000,114.000,34.152000,1.455000,124.143139,3749,343,0,161,286,2216,11,0
10.388853,3.672000,114.000,34.152000,1.455000,124.143620,3749,343,0,161,286,2216,11,0
10.405820,16.967000,114.000,34.152000,1.455000,124.163181,3768,347,0,161,286,2216,11,0
10.410004,4.184000,114.000,34.152000,1.455000,124.164040,3768,347,0,162,288,2220,11,0
10.416078,6.074000,114.000,34.152000,1.455000,124.164429,3768,347,0,162,288,2220,11,0
10.429169,13.091000,114.000,34.152000,1.455000,124.164909,3768,347,0,162,288,2220,11,0
10.434511,5.342000,114.000,34.152000,1.455000,124.165421,3768,347,0,162,288,2220,11,0
10.445702,11.191000,114.000,34.152000,1.455000,124.165901,3768,347,0,163,288,2220,11,0
10.450539,4.837000,114.000,34.152000,1.455000,124.166367,3768,347,0,163,288,2220,11,0
10.462513,11.974000,114.000,34.152000,1.455000,124.172852,3778,347,0,164,288,2220,11,0
10.468075,5.562000,114.000,34.152000,1.455000,124.173317,3778,347,0,164,288,2220,11,0
10.473242,5.167000,114.000,34.152000,1.455000,124.172157,3775,347,0,163,288,2220,11,0
10.488255,15.013000,114.000,34.152000,1.455000,124.172638,3775,347,0,163,288,2220,11,0
10.495989,7.734000,114.000,34.152000,1.455000,124.173119,3775,347,0,164,288,2220,11,0
10.501208,5.219000,114.000,34.152000,1.455000,124.173599,3775,347,0,163,287,2218,11,0
10.506591,5.383000,114.000,34.152000,1.455000,124.174080,3775,347,0,162,287,2218,11,0
10.541787,35.196000,114.000,34.152000,1.455000,124.270340,3840,356,0,184,345,2334,11,0
10.545510,3.723000,114.000,34.152000,1.455000,124.253128,3840,356,0,147,303,2250,11,0
10.548003,2.493000,114.000,34.152000,1.455000,124.236992,3810,356,0,147,303,2250,11,0
10.563106,15.103000,114.000,34.152000,1.455000,124.237381,3810,356,0,133,289,2222,11,0
10.566247,3.141000,114.000,34.152000,1.455000,124.231052,3810,356,0,133,289,2222,11,0
10.580555,14.308000,114.000,34.152000,1.455000,124.234871,3816,356,0,133,289,2222,11,0
10.584547,3.992000,114.000,34.152000,1.455000,124.235352,3816,356,0,133,289,2222,11,0
10.590063,5.516000,114.000,34.152000,1.455000,124.235832,3816,356,0,133,289,2222,11,0
10.604575,14.512000,114.000,34.152000,1.455000,124.236313,3816,356,0,133,289,2222,11,0
10.610700,6.125000,114.000,34.152000,1.455000,124.238464,3819,356,0,133,289,2222,11,0
10.614408,3.708000,114.000,34.152000,1.455000,124.250263,3837,356,0,133,289,2222,11,0
10.630266,15.858000,114.000,34.152000,1.455000,124.217052,3783,356,0,133,289,2222,11,0
10.634329,4.063000,114.000,34.152000,1.455000,124.217533,3783,356,0,133,289,2222,11,0
10.646628,12.299000,114.000,34.152000,1.455000,124.219666,3786,356,0,133,289,2222,11,0
10.649877,3.249000,114.000,34.152000,1.455000,124.217644,3782,356,0,131,253,2150,11,0
10.663398,13.521000,114.000,34.152000,1.455000,124.218124,3782,356,0,131,253,2150,11,0
10.667522,4.124000,114.000,34.152000,1.455000,124.218552,3782,356,0,132,253,2150,11,0
10.680280,12.758000,114.000,34.152000,1.455000,124.185665,3783,356,0,132,253,2150,11,0
10.684315,4.035000,114.000,34.152000,1.455000,124.175110,3779,352,0,133,253,2150,11,0
10.696330,12.015000,114.000,34.152000,1.455000,124.172409,3773,352,0,133,253,2150,11,0
10.699562,3.232000,114.000,34.152000,1.455000,124.172844,3773,352,0,133,253,2150,11,0
10.713822,14.260000,114.000,34.152000,1.455000,124.173340,3773,352,0,133,253,2150,11,0
10.717960,4.138000,114.000,34.152000,1.455000,124.173874,3773,352,0,131,253,2150,11,0
10.724174,6.214000,114.000,34.152000,1.455000,124.174294,3773,352,0,131,253,2150,11,0
10.737082,12.908000,114.000,34.152000,1.455000,124.174568,3773,352,0,132,253,2150,11,0
10.746353,9.271000,114.000,34.152000,1.455000,124.169922,3764,352,0,131,252,2148,11,0
10.749451,3.098000,114.000,34.152000,1.455000,124.170403,3764,352,0,132,252,2148,11,0
10.763903,14.452000,114.000,34.152000,1.455000,124.170868,3764,352,0,130,250,2144,11,0
10.767656,3.753000,114.000,34.152000,1.455000,124.171349,3764,352,0,129,250,2144,11,0
10.780374,12.718000,114.000,34.152000,1.455000,124.163040,3763,348,0,128,249,2142,11,0
10.784406,4.032000,114.000,34.152000,1.455000,124.185196,3791,349,0,129,249,2142,11,0
10.796834,12.428000,114.000,34.152000,1.455000,124.174274,3773,349,0,128,248,2140,11,0
10.800072,3.238000,114.000,34.152000,1.455000,124.174671,3773,349,0,127,247,2138,11,0
10.813701,13.629000,114.000,34.152000,1.455000,124.170002,3764,349,0,126,246,2136,11,0
10.817537,3.836000,114.000,34.152000,1.455000,124.156818,3758,344,0,124,246,2136,11,0
10.830074,12.537000,114.000,34.152000,1.455000,124.150921,3748,344,0,125,246,2136,11,0
10.837087,7.013000,114.000,34.152000,1.455000,124.172253,3750,344,0,140,267,2178,11,0
10.841081,3.994000,114.000,34.152000,1.455000,124.166245,3747,344,0,130,257,2158,11,0
10.854211,13.130000,114.000,34.152000,1.455000,124.166725,3747,344,0,130,257,2158,11,0
10.859456,5.245000,114.000,35.806000,1.873000,124.167191,3747,344,0,130,257,2158,11,0
10.870841,11.385000,114.000,35.806000,1.873000,124.167671,3747,344,0,130,257,2158,11,0
10.880253,9.412000,114.000,35.806000,1.873000,124.166527,3744,344,0,130,257,2158,11,0
10.883744,3.491000,114.000,35.806000,1.873000,124.167007,3744,344,0,130,257,2158,11,0
10.896289,12.545000,114.000,35.806000,1.873000,124.167473,3744,344,0,130,257,2158,11,0
10.899528,3.239000,114.000,35.806000,1.873000,124.167953,3744,344,0,130,257,2158,11,0
10.913489,13.961000,114.000,35.806000,1.873000,124.166809,3741,344,0,130,257,2158,11,0
10.917174,3.685000,114.000,35.806000,1.873000,124.167290,3741,344,0,130,257,2158,11,0
10.930251,13.077000,114.000,35.806000,1.873000,124.167755,3741,344,0,130,257,2158,11,0
10.934021,3.770000,114.000,35.806000,1.873000,124.168236,3741,344,0,130,257,2158,11,0
10.946592,12.571000,114.000,35.806000,1.873000,124.170380,3744,344,0,130,257,2158,11,0
10.950017,3.425000,114.000,35.806000,1.873000,124.170860,3744,344,0,130,257,2158,11,0
10.963401,13.384000,114.000,35.806000,1.873000,124.171326,3744,344,0,130,257,2158,11,0
10.967615,4.214000,114.000,35.806000,1.873000,124.171806,3744,344,0,119,251,2146,11,0
10.979982,12.367000,114.000,35.806000,1.873000,124.174149,3747,344,0,118,244,2132,11,0
10.983653,3.671000,114.000,35.806000,1.873000,124.164604,3736,344,0,118,244,2132,11,0
10.997101,13.448000,114.000,35.806000,1.873000,124.165161,3736,344,0,118,244,2132,11,0
11.000768,3.667000,114.000,35.806000,1.873000,124.156021,3736,344,0,118,244,2132,11,0
11.013739,12.971000,114.000,35.806000,1.873000,124.154896,3733,344,0,118,244,2132,11,0
11.017329,3.590000,114.000,35.806000,1.873000,124.155376,3733,344,0,117,244,2132,11,0
11.030327,12.998000,114.000,35.806000,1.873000,124.155842,3733,344,0,117,244,2132,11,0
11.033916,3.589000,114.000,35.806000,1.873000,124.156322,3733,344,0,118,244,2132,11,0
11.046976,13.060000,114.000,35.806000,1.873000,124.158463,3736,344,0,118,244,2132,11,0
11.050843,3.867000,114.000,35.806000,1.873000,124.158997,3736,344,0,118,244,2132,11,0
11.059931,9.088000,114.000,35.806000,1.873000,124.165447,3746,344,0,118,244,2132,11,0
11.064956,5.025000,114.000,35.806000,1.873000,124.165981,3746,344,0,119,244,2132,11,0
11.080385,15.429000,114.000,35.806000,1.873000,124.166477,3746,344,0,119,244,2132,11,0
11.083963,3.578000,114.000,35.806000,1.873000,124.166958,3746,344,0,117,244,2132,11,0
11.097140,13.177000,114.000,35.806000,1.873000,124.168339,3746,344,0,117,244,2132,11,1
11.100797,3.657000,114.000,35.806000,1.873000,124.168774,3746,344,0,119,244,2132,11,1
11.113932,13.135000,114.000,35.806000,1.873000,124.169907,3752,343,0,119,244,2132,11,0
11.144002,30.070000,114.000,35.806000,1.873000,124.275719,3804,352,0,174,342,2328,11,0
11.148098,4.096000,114.000,35.806000,1.873000,124.270363,3804,352,0,162,328,2300,11,0
11.163971,15.873000,114.000,35.806000,1.873000,124.276527,3804,352,0,173,334,2312,11,0
11.168363,4.392000,114.000,35.806000,1.873000,124.257675,3769,352,0,173,334,2312,11,0
11.173910,5.547000,114.000,35.806000,1.873000,124.239021,3739,352,0,161,322,2288,11,0
11.187355,13.445000,114.000,35.806000,1.873000,124.236832,3744,352,0,161,322,2288,11,0
11.196569,9.214000,114.000,35.806000,1.873000,124.233772,3738,352,0,161,322,2288,11,0
11.200463,3.894000,114.000,35.806000,1.873000,124.234253,3738,352,0,161,322,2288,11,0
11.213478,13.015000,114.000,35.806000,1.873000,124.234734,3738,352,0,161,322,2288,11,0
11.217855,4.377000,114.000,35.806000,1.873000,124.235214,3738,352,0,161,322,2288,11,0
11.224362,6.507000,114.000,35.806000,1.873000,124.237251,3741,352,0,161,322,2288,11,0
11.238531,14.169000,114.000,35.806000,1.873000,124.109013,3691,312,0,162,322,2288,11,0
11.245840,7.309000,114.000,35.806000,1.873000,124.077328,3641,312,0,151,302,2248,11,0
11.250987,5.147000,114.000,35.806000,1.873000,124.077763,3641,312,0,151,302,2248,11,0
11.256606,5.619000,114.000,35.806000,1.873000,124.075741,3637,312,0,151,302,2248,11,0
11.271647,15.041000,114.000,35.806000,1.873000,124.076168,3637,312,0,150,266,2176,11,0
11.279212,7.565000,114.000,35.806000,1.873000,124.072239,3635,312,0,150,266,2176,11,0
11.284854,5.642000,114.000,35.806000,1.873000,124.074417,3638,312,0,149,265,2174,11,0
11.289348,4.494000,114.000,35.806000,1.873000,124.044281,3638,312,0,149,265,2174,11,0
11.305168,15.820000,114.000,35.806000,1.873000,124.044758,3638,312,0,149,265,2174,11,0
11.309213,4.045000,114.000,35.806000,1.873000,124.045238,3638,312,0,149,265,2174,11,0
11.322008,12.795000,114.000,35.806000,1.873000,124.047344,3641,312,0,149,265,2174,11,0
11.325755,3.747000,114.000,35.806000,1.873000,124.047825,3641,312,0,147,265,2174,11,0
11.338458,12.703000,114.000,35.806000,1.873000,124.048302,3641,312,0,147,265,2174,11,0
11.342023,3.565000,114.000,35.806000,1.873000,124.048645,3641,312,0,147,265,2174,11,0
11.355441,13.418000,114.000,35.806000,1.873000,124.047268,3638,312,0,147,265,2174,11,0
11.359378,3.937000,114.000,35.806000,1.873000,124.047749,3638,312,0,146,263,2170,11,0
11.366376,6.998000,114.000,35.806000,1.873000,124.048225,3638,312,0,146,263,2170,11,0
11.379149,12.773000,114.000,35.806000,1.873000,124.048706,3638,312,0,144,260,2164,11,0
11.384649,5.500000,114.000,35.806000,1.873000,124.040382,3636,309,0,143,259,2162,11,0
11.389974,5.325000,114.000,35.806000,1.873000,124.026768,3626,305,0,142,259,2162,11,0
11.405290,15.316000,114.000,35.806000,1.873000,124.022877,3619,305,0,142,259,2162,11,0
11.412469,7.179000,114.000,35.806000,1.873000,124.023312,3619,305,0,140,257,2158,11,0
11.417190,4.721000,114.000,35.806000,1.873000,124.040283,3629,309,0,139,256,2156,11,0
11.429149,11.959000,114.000,35.806000,1.873000,124.039536,3626,309,0,140,257,2158,11,0
11.434326,5.177000,114.000,35.806000,1.873000,124.026318,3620,304,0,140,257,2158,11,0
11.445677,11.351000,114.000,35.806000,1.873000,124.020481,3610,304,0,141,257,2158,11,0
11.452173,6.496000,114.000,35.806000,1.873000,124.040844,3612,304,0,154,276,2196,11,0
11.456737,4.564000,114.000,35.806000,1.873000,124.039684,3609,304,0,154,276,2196,11,0
11.471608,14.871000,114.000,35.806000,1.873000,124.033340,3609,304,0,140,262,2168,11,0
11.478978,7.370000,114.000,35.806000,1.873000,124.033821,3609,304,0,140,262,2168,11,0
11.483784,4.806000,114.000,35.806000,1.873000,124.035969,3612,304,0,140,262,2168,11,0
11.495654,11.870000,114.000,35.806000,1.873000,124.036449,3612,304,0,140,262,2168,11,0
11.500326,4.672000,114.000,35.806000,1.873000,124.036915,3612,304,0,140,262,2168,11,0
11.512574,12.248000,114.000,35.806000,1.873000,124.037395,3612,304,0,140,262,2168,11,0
11.517429,4.855000,114.000,35.806000,1.873000,124.034611,3606,304,0,140,262,2168,11,0
11.529155,11.726000,114.000,35.806000,1.873000,124.035091,3606,304,0,140,262,2168,11,0
11.534033,4.878000,114.000,35.806000,1.873000,124.035557,3606,304,0,140,262,2168,11,0
11.545807,11.774000,114.000,35.806000,1.873000,124.036037,3606,304,0,139,261,2166,11,0
11.551744,5.937000,114.000,35.806000,1.873000,124.031704,3598,304,0,139,261,2166,11,0
11.556812,5.068000,114.000,35.806000,1.873000,124.032185,3598,304,0,139,261,2166,11,0
11.571622,14.810000,114.000,35.806000,1.873000,124.032650,3598,304,0,139,261,2166,11,0
11.579031,7.409000,114.000,35.806000,1.873000,124.033131,3598,304,0,139,261,2166,11,0
11.584026,4.995000,114.000,35.806000,1.873000,124.032124,3595,304,0,139,261,2166,11,0
11.595596,11.570000,114.000,35.806000,1.873000,124.032551,3595,304,0,138,254,2152,11,0
11.599956,4.360000,114.000,35.806000,1.873000,124.028606,3593,304,0,138,254,2152,11,0
11.612478,12.522000,114.000,35.806000,1.873000,124.028114,3593,304,0,136,252,2148,11,0
11.617471,4.993000,114.000,35.806000,1.873000,124.017406,3590,304,0,136,252,2148,11,0
11.629128,11.657000,114.000,35.806000,1.873000,124.017887,3590,304,0,136,252,2148,11,0
11.633787,4.659000,114.000,35.806000,1.873000,124.018368,3590,304,0,136,252,2148,11,0
11.646003,12.216000,114.000,35.806000,1.873000,124.018848,3590,304,0,136,252,2148,11,0
11.650571,4.568000,114.000,35.806000,1.873000,124.021069,3593,304,0,136,252,2148,11,0
11.662491,11.920000,114.000,35.806000,1.873000,124.021549,3593,304,0,136,252,2148,11,0
11.667372,4.881000,114.000,35.806000,1.873000,124.022007,3593,304,0,136,252,2148,11,0
11.679108,11.736000,114.000,35.806000,1.873000,124.028492,3603,304,0,136,252,2148,11,0
11.683982,4.874000,114.000,35.806000,1.873000,124.028973,3603,304,0,136,252,2148,11,0
11.695341,11.359000,114.000,35.806000,1.873000,124.029453,3603,304,0,136,252,2148,11,0
11.697830,2.489000,114.000,35.806000,1.873000,124.029934,3603,304,0,136,252,2148,11,0
11.712023,14.193000,114.000,35.806000,1.873000,124.030369,3603,304,0,136,252,2148,11,0
11.714955,2.932000,114.000,35.806000,1.873000,124.029209,3600,304,0,136,252,2148,11,0
11.729015,14.060000,114.000,35.806000,1.873000,124.029690,3600,304,0,135,252,2148,11,0
11.759871,30.856000,114.000,35.806000,1.873000,124.124008,3657,313,0,160,314,2272,11,0
11.765627,5.756000,114.000,35.806000,1.873000,124.109745,3657,313,0,130,276,2196,11,0
11.780071,14.444000,114.000,35.806000,1.873000,124.085056,3622,313,0,118,264,2172,11,0
11.783777,3.706000,114.000,35.806000,1.873000,124.085537,3622,313,0,118,264,2172,11,0
11.796462,12.685000,114.000,35.806000,1.873000,124.086018,3622,313,0,118,264,2172,11,0
11.799768,3.306000,114.000,35.806000,1.873000,124.086498,3622,313,0,118,264,2172,11,0
11.813376,13.608000,114.000,35.806000,1.873000,124.086979,3622,313,0,118,264,2172,11,0
11.817217,3.841000,114.000,35.806000,1.873000,124.087460,3622,313,0,118,264,2172,11,0
11.830318,13.101000,114.000,35.806000,1.873000,124.087940,3622,313,0,118,264,2172,11,0
11.834047,3.729000,114.000,35.806000,1.873000,124.088421,3622,313,0,118,264,2172,11,0
11.846240,12.193000,114.000,35.806000,1.873000,124.088902,3622,313,0,118,264,2172,11,0
11.849649,3.409000,113.000,29.524000,1.455000,124.089336,3622,313,0,118,264,2172,11,0
11.863281,13.632000,113.000,29.524000,1.455000,124.087315,3618,313,0,118,264,2172,11,0
11.866284,3.003000,113.000,29.524000,1.455000,124.087795,3618,313,0,117,228,2100,11,0
11.879874,13.590000,113.000,29.524000,1.455000,124.086636,3615,313,0,117,228,2100,11,0
11.883042,3.168000,113.000,29.524000,1.455000,124.087063,3615,313,0,117,228,2100,11,0
11.896449,13.407000,113.000,29.524000,1.455000,124.052528,3613,313,0,117,228,2100,11,0
11.899489,3.040000,113.000,29.524000,1.455000,124.053009,3613,313,0,118,228,2100,11,0
11.913633,14.144000,113.000,29.524000,1.455000,124.055149,3616,313,0,118,228,2100,11,0
11.917256,3.623000,113.000,29.524000,1.455000,124.055630,3616,313,0,118,228,2100,11,0
11.930395,13.139000,113.000,29.524000,1.455000,124.055984,3616,313,0,118,228,2100,11,0
11.933894,3.499000,113.000,29.524000,1.455000,124.056465,3616,313,0,117,228,2100,11,0
11.947225,13.331000,113.000,29.524000,1.455000,124.056793,3616,313,0,117,228,2100,11,0
11.950445,3.220000,113.000,29.524000,1.455000,124.053772,3610,313,0,117,228,2100,11,0
11.963348,12.903000,113.000,29.524000,1.455000,124.054268,3610,313,0,116,227,2098,11,0
11.966356,3.008000,113.000,29.524000,1.455000,124.054749,3610,313,0,116,227,2098,11,0
11.979935,13.579000,113.000,29.524000,1.455000,124.058533,3616,313,0,114,225,2094,11,0
11.982970,3.035000,113.000,29.524000,1.455000,124.059013,3616,313,0,113,224,2092,11,0
11.996539,13.569000,113.000,29.524000,1.455000,124.048946,3612,309,0,113,224,2092,11,0
11.999500,2.961000,113.000,29.524000,1.455000,124.045078,3605,309,0,111,224,2092,11,0
12.013768,14.268000,113.000,29.524000,1.455000,124.047173,3608,309,0,109,222,2088,11,0
12.017229,3.461000,113.000,29.524000,1.455000,124.047569,3608,309,0,110,221,2086,11,0
12.030664,13.435000,113.000,29.524000,1.455000,124.046127,3605,309,0,109,220,2084,11,0
12.034304,3.640000,113.000,29.524000,1.455000,124.032944,3599,304,0,109,220,2084,11,0
12.046448,12.144000,113.000,29.524000,1.455000,124.028725,3592,304,0,109,220,2084,11,0
12.051087,4.639000,113.000,29.524000,1.455000,124.045349,3594,304,0,121,235,2114,11,0
12.063339,12.252000,113.000,29.524000,1.455000,124.045815,3594,304,0,121,235,2114,11,0
12.066387,3.048000,113.000,29.524000,1.455000,124.040459,3594,304,0,109,223,2090,11,0
12.079894,13.507000,113.000,29.524000,1.455000,124.042591,3597,304,0,109,223,2090,11,0
12.083256,3.362000,113.000,29.524000,1.455000,124.043072,3597,304,0,109,223,2090,11,0
12.096608,13.352000,113.000,29.524000,1.455000,124.043568,3597,304,0,109,223,2090,11,0
12.099611,3.003000,113.000,29.524000,1.455000,124.044048,3597,304,0,109,223,2090,11,0
12.113429,13.818000,113.000,29.524000,1.455000,124.044514,3597,304,0,109,223,2090,11,0
12.116920,3.491000,113.000,29.524000,1.455000,124.044994,3597,304,0,109,223,2090,11,0
12.130202,13.282000,113.000,29.524000,1.455000,124.047104,3600,304,0,109,223,2090,11,0
12.133813,3.611000,113.000,29.524000,1.455000,124.047585,3600,304,0,109,223,2090,11,0
12.146471,12.658000,113.000,29.524000,1.455000,124.046406,3597,304,0,109,223,2090,11,0
12.149353,2.882000,113.000,29.524000,1.455000,124.046886,3597,304,0,109,223,2090,11,0
12.163308,13.955000,113.000,29.524000,1.455000,124.047367,3597,304,0,109,223,2090,11,0
12.166448,3.140000,113.000,29.524000,1.455000,124.047848,3597,304,0,109,223,2090,11,0
12.180571,14.123000,113.000,29.524000,1.455000,124.049973,3600,304,0,109,223,2090,11,0
12.183491,2.920000,113.000,29.524000,1.455000,124.050453,3600,304,0,109,223,2090,11,0
12.196555,13.064000,113.000,29.524000,1.455000,124.051792,3600,304,0,108,218,2080,11,1
12.199586,3.031000,113.000,29.524000,1.455000,124.047863,3598,304,0,108,218,2080,11,1
12.213840,14.254000,113.000,29.524000,1.455000,124.044277,3598,303,0,108,218,2080,11,0
12.217277,3.437000,113.000,29.524000,1.455000,124.034588,3593,303,0,108,218,2080,11,0
12.231061,13.784000,113.000,29.524000,1.455000,124.218891,3713,351,0,108,218,2080,11,0
12.234881,3.820000,113.000,29.524000,1.455000,124.159424,3688,326,0,120,241,2126,11,0
12.239991,5.110000,113.000,29.524000,1.455000,124.136890,3645,326,0,120,241,2126,11,0
12.253999,14.008000,113.000,29.524000,1.455000,124.137371,3645,326,0,118,241,2126,11,0
12.263711,9.712000,113.000,29.524000,1.455000,124.137852,3645,326,0,118,241,2126,11,0
12.267298,3.587000,113.000,29.524000,1.455000,124.138332,3645,326,0,120,241,2126,11,0
12.280468,13.170000,113.000,29.524000,1.455000,124.143162,3652,326,0,120,241,2126,11,0
12.283944,3.476000,113.000,29.524000,1.455000,124.143642,3652,326,0,119,241,2126,11,0
12.296538,12.594000,113.000,29.524000,1.455000,124.144123,3652,326,0,119,241,2126,11,0
12.299626,3.088000,113.000,29.524000,1.455000,124.144604,3652,326,0,119,241,2126,11,0
12.313998,14.372000,113.000,29.524000,1.455000,124.143459,3649,326,0,119,241,2126,11,0
12.317482,3.484000,113.000,29.524000,1.455000,124.143940,3649,326,0,119,241,2126,11,0
12.330010,12.528000,113.000,29.524000,1.455000,124.144405,3649,326,0,119,241,2126,11,0
12.365809,35.799000,113.000,29.524000,1.455000,124.257435,3714,335,0,173,337,2318,11,0
12.380275,14.466000,113.000,29.524000,1.455000,124.250134,3714,335,0,157,319,2282,11,0
12.385832,5.557000,113.000,29.524000,1.455000,124.255619,3711,335,0,170,332,2308,11,0
12.390319,4.487000,113.000,29.524000,1.455000,124.229958,3676,335,0,156,318,2280,11,0
12.405066,14.747000,113.000,29.524000,1.455000,124.230438,3676,335,0,156,318,2280,11,0
12.409273,4.207000,113.000,29.524000,1.455000,124.230919,3676,335,0,156,318,2280,11,0
12.416069,6.796000,113.000,29.524000,1.455000,124.229759,3673,335,0,156,318,2280,11,0
12.429967,13.898000,113.000,29.524000,1.455000,124.230240,3673,335,0,156,318,2280,11,0
12.434495,4.528000,113.000,29.524000,1.455000,124.230774,3673,335,0,156,318,2280,11,0
12.439762,5.267000,113.000,29.524000,1.455000,124.231255,3673,335,0,156,318,2280,11,0
12.455152,15.390000,113.000,29.524000,1.455000,124.231735,3673,335,0,156,318,2280,11,0
12.459237,4.085000,113.000,29.524000,1.455000,124.232216,3673,335,0,156,318,2280,11,0
12.465888,6.651000,113.000,29.524000,1.455000,124.232697,3673,335,0,156,318,2280,11,0
12.479021,13.133000,113.000,29.524000,1.455000,124.220230,3664,332,0,155,317,2278,11,0
12.484085,5.064000,113.000,29.524000,1.455000,124.212563,3656,332,0,153,281,2206,11,0
12.495596,11.511000,113.000,29.524000,1.455000,124.213043,3656,332,0,153,281,2206,11,0
12.500365,4.769000,113.000,29.524000,1.455000,124.182140,3656,332,0,153,281,2206,11,0
12.513706,13.341000,113.000,29.524000,1.455000,124.182621,3656,332,0,153,281,2206,11,0
12.530466,16.760000,113.000,29.524000,1.455000,124.198383,3666,336,0,153,281,2206,11,0
12.534234,3.768000,113.000,29.524000,1.455000,124.199551,3666,336,0,154,283,2210,11,0
12.540941,6.707000,113.000,29.524000,1.455000,124.200027,3666,336,0,154,283,2210,11,0
12.553934,12.993000,113.000,29.524000,1.455000,124.200508,3666,336,0,154,283,2210,11,0
12.563182,9.248000,113.000,29.524000,1.455000,124.200836,3666,336,0,154,283,2210,11,0
12.566601,3.419000,113.000,29.524000,1.455000,124.197815,3660,336,0,155,283,2210,11,0
12.580349,13.748000,113.000,29.524000,1.455000,124.196655,3657,336,0,155,283,2210,11,0
12.584214,3.865000,113.000,29.524000,1.455000,124.197136,3657,336,0,154,282,2208,11,0
12.596693,12.479000,113.000,29.524000,1.455000,124.197617,3657,336,0,152,280,2204,11,0
12.599901,3.208000,113.000,29.524000,1.455000,124.198097,3657,336,0,152,280,2204,11,0
12.613796,13.895000,113.000,29.524000,1.455000,124.188129,3653,332,0,151,279,2202,11,0
12.617645,3.849000,113.000,29.524000,1.455000,124.184261,3646,332,0,151,279,2202,11,0
12.624590,6.945000,113.000,29.524000,1.455000,124.186417,3649,332,0,149,277,2198,11,0
12.637252,12.662000,113.000,29.524000,1.455000,124.175262,3645,328,0,149,277,2198,11,0
12.646523,9.271000,113.000,29.524000,1.455000,124.172436,3639,328,0,148,276,2196,11,0
12.649898,3.375000,113.000,29.524000,1.455000,124.157383,3630,323,0,147,275,2194,11,0
12.663130,13.232000,113.000,29.524000,1.455000,124.151501,3620,323,0,147,275,2194,11,0
12.667994,4.864000,113.000,29.524000,1.455000,124.168095,3622,323,0,158,290,2224,11,0
12.673596,5.602000,113.000,29.524000,1.455000,124.168575,3622,323,0,158,290,2224,11,0
12.687256,13.660000,113.000,29.524000,1.455000,124.164192,3622,323,0,148,280,2204,11,0
12.696453,9.197000,113.000,29.524000,1.455000,124.167992,3628,323,0,148,280,2204,11,0
12.699730,3.277000,113.000,29.524000,1.455000,124.168472,3628,323,0,148,280,2204,11,0
12.713439,13.709000,113.000,29.524000,1.455000,124.168869,3628,323,0,148,280,2204,11,0
12.717329,3.890000,113.000,29.524000,1.455000,124.169350,3628,323,0,148,280,2204,11,0
12.730225,12.896000,113.000,29.524000,1.455000,124.171501,3631,323,0,148,280,2204,11,0
12.733638,3.413000,113.000,29.524000,1.455000,124.171982,3631,323,0,148,280,2204,11,0
12.746580,12.942000,113.000,29.524000,1.455000,124.172462,3631,323,0,148,280,2204,11,0
12.749828,3.248000,113.000,29.524000,1.455000,124.172897,3631,323,0,148,280,2204,11,0
12.763662,13.834000,113.000,29.524000,1.455000,124.175011,3634,323,0,148,280,2204,11,0
12.767369,3.707000,113.000,29.524000,1.455000,124.175545,3634,323,0,148,280,2204,11,0
12.779830,12.461000,113.000,29.524000,1.455000,124.176025,3634,323,0,148,280,2204,11,0
12.783057,3.227000,113.000,29.524000,1.455000,124.176460,3634,323,0,148,280,2204,11,0
12.796608,13.551000,113.000,29.524000,1.455000,124.178593,3637,323,0,148,280,2204,11,0
12.799874,3.266000,113.000,29.524000,1.455000,124.179073,3637,323,0,148,280,2204,11,0
12.813168,13.294000,113.000,29.524000,1.455000,124.179501,3637,323,0,147,275,2194,11,0
12.816385,3.217000,113.000,29.524000,1.455000,124.175571,3635,323,0,147,275,2194,11,0
12.829831,13.446000,113.000,29.524000,1.455000,124.175079,3635,323,0,145,273,2190,11,0
12.837179,7.348000,113.000,29.524000,1.455000,124.168694,3635,323,0,145,273,2190,11,0
12.841396,4.217000,113.000,29.524000,1.455000,124.169128,3635,323,0,145,273,2190,11,0
12.853930,12.534000,113.000,29.524000,1.455000,124.169609,3635,323,0,145,273,2190,11,0
12.858514,4.584000,116.000,34.599000,1.973000,124.168419,3632,323,0,145,273,2190,11,0
12.870587,12.073000,116.000,34.599000,1.973000,124.168953,3632,323,0,145,273,2190,11,0
12.879725,9.138000,116.000,34.599000,1.973000,124.169434,3632,323,0,145,273,2190,11,0
12.882979,3.254000,116.000,34.599000,1.973000,124.169914,3632,323,0,145,273,2190,11,0
12.896673,13.694000,116.000,34.599000,1.973000,124.178047,3645,323,0,145,273,2190,11,0
12.899946,3.273000,116.000,34.599000,1.973000,124.178528,3645,323,0,145,273,2190,11,0
12.913671,13.725000,116.000,34.599000,1.973000,124.179001,3645,323,0,145,273,2190,11,0
12.917440,3.769000,116.000,34.599000,1.973000,124.179482,3645,323,0,145,273,2190,11,0
12.930152,12.712000,116.000,34.599000,1.973000,124.176636,3639,323,0,145,273,2190,11,0
12.934011,3.859000,116.000,34.599000,1.973000,124.177170,3639,323,0,145,273,2190,11,0
12.946396,12.385000,116.000,34.599000,1.973000,124.177635,3639,323,0,145,273,2190,11,0
12.978559,32.163000,116.000,34.599000,1.973000,124.276558,3701,332,0,173,337,2318,11,0
12.981149,2.590000,116.000,34.599000,1.973000,124.254902,3698,332,0,131,287,2218,11,0
12.996536,15.387000,116.000,34.599000,1.973000,124.258770,3695,332,0,141,297,2238,11,1
12.999953,3.417000,116.000,34.599000,1.973000,124.238632,3670,332,0,127,283,2210,11,1
13.013979,14.026000,116.000,34.599000,1.973000,124.238056,3667,332,0,127,283,2210,11,2
13.018037,4.058000,116.000,34.599000,1.973000,124.238537,3667,332,0,127,283,2210,11,2
13.023579,5.542000,116.000,34.599000,1.973000,124.239017,3667,332,0,127,283,2210,11,2
13.038171,14.592000,116.000,34.599000,1.973000,124.240116,3667,332,0,127,283,2210,11,2
13.045693,7.522000,116.000,34.599000,1.973000,124.240650,3667,332,0,127,283,2210,11,2
13.050410,4.717000,116.000,34.599000,1.973000,124.244431,3682,330,0,127,283,2210,11,0
13.062275,11.865000,116.000,34.599000,1.973000,124.238396,3672,330,0,129,283,2210,11,0
13.066498,4.223000,116.000,34.599000,1.973000,124.238876,3672,330,0,129,283,2210,11,0
13.079023,12.525000,116.000,34.599000,1.973000,124.236855,3668,330,0,129,283,2210,11,0
13.083752,4.729000,116.000,34.599000,1.973000,124.237335,3668,330,0,127,247,2138,11,0
13.107084,23.332000,116.000,34.599000,1.973000,124.233902,3666,330,0,127,247,2138,11,0
13.112768,5.684000,116.000,34.599000,1.973000,124.234383,3666,330,0,127,247,2138,11,0
13.116057,3.289000,116.000,34.599000,1.973000,124.203480,3666,330,0,127,247,2138,11,0
13.129918,13.861000,116.000,34.599000,1.973000,124.202351,3663,330,0,127,247,2138,11,0
13.133056,3.138000,116.000,34.599000,1.973000,124.202831,3663,330,0,127,247,2138,11,0
13.146414,13.358000,116.000,34.599000,1.973000,124.203312,3663,330,0,127,247,2138,11,0
13.149677,3.263000,116.000,34.599000,1.973000,124.203793,3663,330,0,127,247,2138,11,0
13.163574,13.897000,116.000,34.599000,1.973000,124.204273,3663,330,0,127,247,2138,11,0
13.167260,3.686000,116.000,34.599000,1.973000,124.204548,3663,330,0,127,247,2138,11,0
13.180449,13.189000,116.000,34.599000,1.973000,124.201496,3657,330,0,127,247,2138,11,0
13.184793,4.344000,116.000,34.599000,1.973000,124.201977,3657,330,0,126,246,2136,11,0
13.190146,5.353000,116.000,34.599000,1.973000,124.202473,3657,330,0,126,246,2136,11,0
13.204157,14.011000,116.000,34.599000,1.973000,124.202953,3657,330,0,124,244,2132,11,0
13.213265,9.108000,116.000,34.599000,1.973000,124.203434,3657,330,0,123,243,2130,11,0
13.216403,3.138000,116.000,34.599000,1.973000,124.193512,3653,326,0,123,243,2130,11,0
13.229439,13.036000,116.000,34.599000,1.973000,124.191257,3649,326,0,121,241,2126,11,0
13.231770,2.331000,116.000,34.599000,1.973000,124.191738,3649,326,0,119,239,2122,11,0
13.245953,14.183000,116.000,34.599000,1.973000,124.192055,3649,326,0,118,238,2120,11,0
13.248081,2.128000,116.000,34.599000,1.973000,124.177002,3640,321,0,117,237,2118,11,0
13.262527,14.446000,116.000,34.599000,1.973000,124.171135,3630,321,0,117,237,2118,11,0
13.264534,2.007000,116.000,34.599000,1.973000,124.171616,3630,321,0,117,237,2118,11,0
13.279107,14.573000,116.000,34.599000,1.973000,124.190681,3632,321,0,130,255,2154,11,0
13.281145,2.038000,116.000,34.599000,1.973000,124.191162,3632,321,0,130,255,2154,11,0
13.295707,14.562000,116.000,34.599000,1.973000,124.185139,3629,321,0,120,245,2134,11,0
13.297701,1.994000,116.000,34.599000,1.973000,124.185619,3629,321,0,120,245,2134,11,0
13.312598,14.897000,116.000,34.599000,1.973000,124.187016,3629,321,0,120,245,2134,11,1
13.314510,1.912000,116.000,34.599000,1.973000,124.187496,3629,321,0,120,245,2134,11,1
13.329336,14.826000,116.000,34.599000,1.973000,124.170876,3631,314,0,118,243,2130,11,0
13.336818,7.482000,116.000,34.599000,1.973000,124.160767,3614,314,0,119,243,2130,11,0
13.339159,2.341000,116.000,34.599000,1.973000,124.161209,3614,314,0,119,243,2130,11,0
13.353721,14.562000,116.000,34.599000,1.973000,124.161690,3614,314,0,119,243,2130,11,0
13.356046,2.325000,116.000,34.599000,1.973000,124.162170,3614,314,0,119,243,2130,11,0
13.370323,14.277000,116.000,34.599000,1.973000,124.162651,3614,314,0,119,243,2130,11,0
13.378910,8.587000,116.000,34.599000,1.973000,124.163132,3614,314,0,119,243,2130,11,0
13.380591,1.681000,116.000,34.599000,1.973000,124.163567,3614,314,0,119,243,2130,11,0
13.395820,15.229000,116.000,34.599000,1.973000,124.167374,3620,314,0,119,243,2130,11,0
13.397654,1.834000,116.000,34.599000,1.973000,124.167809,3620,314,0,119,243,2130,11,0
13.412752,15.098000,116.000,34.599000,1.973000,124.168217,3620,314,0,119,243,2130,11,0
13.414978,2.226000,116.000,34.599000,1.973000,124.164288,3618,314,0,118,237,2118,11,0
13.429376,14.398000,116.000,34.599000,1.973000,124.166439,3621,314,0,118,237,2118,11,0
13.431684,2.308000,116.000,34.599000,1.973000,124.166920,3621,314,0,118,237,2118,11,0
13.446218,14.534000,116.000,34.599000,1.973000,124.159073,3621,314,0,118,237,2118,11,0
13.448206,1.988000,116.000,34.599000,1.973000,124.159554,3621,314,0,118,237,2118,11,0
13.463634,15.428000,116.000,34.599000,1.973000,124.160042,3621,314,0,118,237,2118,11,0
13.466692,3.058000,116.000,34.599000,1.973000,124.160522,3621,314,0,118,237,2118,11,0
13.479875,13.183000,116.000,34.599000,1.973000,124.160995,3621,314,0,118,237,2118,11,0
13.482796,2.921000,116.000,34.599000,1.973000,124.161476,3621,314,0,118,237,2118,11,0
13.496664,13.868000,116.000,34.599000,1.973000,124.163605,3624,314,0,117,236,2116,11,0
13.499832,3.168000,116.000,34.599000,1.973000,124.170090,3634,314,0,117,236,2116,11,0
13.513423,13.591000,116.000,34.599000,1.973000,124.170547,3634,314,0,117,236,2116,11,0
13.516987,3.564000,116.000,34.599000,1.973000,124.171028,3634,314,0,117,236,2116,11,0
13.530193,13.206000,116.000,34.599000,1.973000,124.171509,3634,314,0,117,236,2116,11,0
13.533630,3.437000,116.000,34.599000,1.973000,124.171989,3634,314,0,117,236,2116,11,0
13.547078,13.448000,116.000,34.599000,1.973000,124.172424,3634,314,0,117,236,2116,11,0
13.550186,3.108000,116.000,34.599000,1.973000,124.172958,3634,314,0,117,236,2116,11,0
13.578518,28.332000,116.000,34.599000,1.973000,124.277500,3685,323,0,169,332,2308,11,0
13.580997,2.479000,116.000,34.599000,1.973000,124.259995,3683,320,0,150,311,2266,11,0
13.596599,15.602000,116.000,34.599000,1.973000,124.261494,3677,320,0,160,321,2286,11,0
13.600201,3.602000,116.000,34.599000,1.973000,124.248165,3652,320,0,161,321,2286,11,0
13.613774,13.573000,116.000,34.599000,1.973000,124.259003,3662,324,0,151,311,2266,11,0
13.617761,3.987000,116.000,34.599000,1.973000,124.256889,3656,324,0,152,313,2270,11,0
13.624408,6.647000,116.000,34.599000,1.973000,124.257366,3656,324,0,152,313,2270,11,0
13.637083,12.675000,116.000,34.599000,1.973000,124.257900,3656,324,0,152,313,2270,11,0
13.646332,9.249000,116.000,34.599000,1.973000,124.258381,3656,324,0,152,313,2270,11,0
13.649861,3.529000,116.000,34.599000,1.973000,124.257221,3653,324,0,152,313,2270,11,0
13.663181,13.320000,116.000,34.599000,1.973000,124.257702,3653,324,0,152,313,2270,11,0
13.666863,3.682000,116.000,34.599000,1.973000,124.258183,3653,324,0,152,313,2270,11,0
13.679841,12.978000,116.000,34.599000,1.973000,124.258663,3653,324,0,152,313,2270,11,0
13.683316,3.475000,116.000,34.599000,1.973000,124.255001,3646,324,0,152,313,2270,11,0
13.696446,13.130000,116.000,34.599000,1.973000,124.255482,3646,324,0,151,277,2198,11,0
13.699868,3.422000,116.000,34.599000,1.973000,124.255962,3646,324,0,151,277,2198,11,0
13.713459,13.591000,116.000,34.599000,1.973000,124.225765,3646,324,0,151,277,2198,11,0
13.717346,3.887000,116.000,34.599000,1.973000,124.220196,3641,324,0,151,277,2198,11,0
13.730157,12.811000,116.000,34.599000,1.973000,124.220676,3641,324,0,151,277,2198,11,0
13.734128,3.971000,116.000,34.599000,1.973000,124.221210,3641,324,0,151,277,2198,11,0
13.746571,12.443000,116.000,34.599000,1.973000,124.223377,3644,324,0,151,277,2198,11,0
13.749887,3.316000,116.000,34.599000,1.973000,124.223858,3644,324,0,151,277,2198,11,0
13.763706,13.819000,116.000,34.599000,1.973000,124.224346,3644,324,0,151,277,2198,11,0
13.767226,3.520000,116.000,34.599000,1.973000,124.224689,3644,324,0,150,277,2198,11,0
13.779954,12.728000,116.000,34.599000,1.973000,124.221668,3638,324,0,150,277,2198,11,0
13.783344,3.390000,116.000,34.599000,1.973000,124.222149,3638,324,0,150,276,2196,11,0
13.796715,13.371000,116.000,34.599000,1.973000,124.222645,3638,324,0,149,275,2194,11,0
13.799988,3.273000,116.000,34.599000,1.973000,124.223125,3638,324,0,148,274,2192,11,0
13.813871,13.883000,116.000,34.599000,1.973000,124.211517,3631,320,0,147,273,2190,11,0
13.817603,3.732000,116.000,34.599000,1.973000,124.207649,3624,320,0,146,273,2190,11,0
13.830306,12.703000,116.000,34.599000,1.973000,124.208130,3624,320,0,144,271,2186,11,0
13.837067,6.761000,116.000,34.599000,1.973000,124.208664,3624,320,0,145,271,2186,11,0
13.841057,3.990000,116.000,34.599000,1.973000,124.209061,3624,320,0,144,270,2184,11,0
13.853907,12.850000,116.000,34.599000,1.973000,124.194008,3615,315,0,143,269,2182,11,0
13.863146,9.239000,114.000,31.374000,1.327000,124.188110,3605,315,0,143,269,2182,11,0
13.868169,5.023000,114.000,31.374000,1.327000,124.207172,3607,315,0,156,287,2218,11,0
13.873447,5.278000,114.000,31.374000,1.327000,124.207653,3607,315,0,156,287,2218,11,0
13.887236,13.789000,114.000,31.374000,1.327000,124.208134,3607,315,0,144,275,2194,11,0
13.896436,9.200000,114.000,31.374000,1.327000,124.202778,3607,315,0,144,275,2194,11,0
13.899746,3.310000,114.000,31.374000,1.327000,124.203259,3607,315,0,144,275,2194,11,0
13.913657,13.911000,114.000,31.374000,1.327000,124.203739,3607,315,0,144,275,2194,11,0
13.917359,3.702000,114.000,31.374000,1.327000,124.204220,3607,315,0,144,275,2194,11,0
13.930294,12.935000,114.000,31.374000,1.327000,124.204700,3607,315,0,144,275,2194,11,0
13.934390,4.096000,114.000,31.374000,1.327000,124.205387,3607,315,0,144,275,2194,11,0
13.946386,11.996000,114.000,31.374000,1.327000,124.205822,3607,315,0,144,275,2194,11,0
13.949557,3.171000,114.000,31.374000,1.327000,124.206303,3607,315,0,144,275,2194,11,0
13.963320,13.763000,114.000,31.374000,1.327000,124.212879,3607,315,0,144,275,2194,11,0
13.966690,3.370000,114.000,31.374000,1.327000,124.451054,3607,315,0,144,275,2194,11,0
13.979913,13.223000,114.000,31.374000,1.327000,124.449848,3604,315,0,144,275,2194,11,0
13.983205,3.292000,114.000,31.374000,1.327000,124.450329,3604,315,0,144,275,2194,11,0
13.996418,13.213000,114.000,31.374000,1.327000,124.450825,3604,315,0,144,275,2194,11,0
13.999703,3.285000,114.000,31.374000,1.327000,124.451305,3604,315,0,144,275,2194,11,0
14.013219,13.516000,114.000,31.374000,1.327000,124.453377,3607,315,0,142,269,2182,11,0
14.016458,3.239000,114.000,31.374000,1.327000,124.449448,3605,315,0,142,269,2182,11,0
14.029878,13.420000,114.000,31.374000,1.327000,124.449909,3605,315,0,140,267,2178,11,0
14.033051,3.173000,114.000,31.374000,1.327000,124.441093,3605,315,0,140,267,2178,11,0
14.047312,14.261000,114.000,31.374000,1.327000,124.441616,3605,315,0,140,267,2178,11,0
14.050493,3.181000,114.000,31.374000,1.327000,124.442097,3605,315,0,138,267,2178,11,0
14.063277,12.784000,114.000,31.374000,1.327000,124.442577,3605,315,0,138,267,2178,11,0
14.066427,3.150000,114.000,31.374000,1.327000,124.443058,3605,315,0,139,267,2178,11,0
14.079979,13.552000,114.000,31.374000,1.327000,124.446857,3611,315,0,139,267,2178,11,0
14.083447,3.468000,114.000,31.374000,1.327000,124.447338,3611,315,0,141,267,2178,11,0
14.096652,13.205000,114.000,31.374000,1.327000,124.447781,3611,315,0,141,267,2178,11,0
14.100290,3.638000,114.000,31.374000,1.327000,124.454266,3621,315,0,140,267,2178,11,0
14.113287,12.997000,114.000,31.374000,1.327000,124.456375,3624,315,0,140,267,2178,11,0
14.116494,3.207000,114.000,31.374000,1.327000,124.456856,3624,315,0,141,267,2178,11,0
14.129903,13.409000,114.000,31.374000,1.327000,124.457302,3624,315,0,141,267,2178,11,0
14.133000,3.097000,114.000,31.374000,1.327000,124.457783,3624,315,0,139,267,2178,11,0
14.146953,13.953000,114.000,31.374000,1.327000,124.459831,3627,315,0,139,267,2178,11,0
14.150366,3.413000,114.000,31.374000,1.327000,124.460312,3627,315,0,140,267,2178,11,0
14.175985,25.619000,114.000,31.374000,1.327000,124.556713,3684,324,0,170,335,2314,11,0
14.178514,2.529000,114.000,31.374000,1.327000,124.538418,3687,324,0,128,285,2214,11,0
14.180613,2.099000,114.000,31.374000,1.327000,124.538898,3687,324,0,128,285,2214,11,0
14.196544,15.931000,114.000,31.374000,1.327000,124.545052,3687,324,0,140,297,2238,11,0
14.200002,3.458000,114.000,31.374000,1.327000,124.528961,3657,324,0,140,297,2238,11,0
14.213488,13.486000,114.000,31.374000,1.327000,124.529442,3657,324,0,140,297,2238,11,0
14.217653,4.165000,114.000,31.374000,1.327000,124.525059,3657,324,0,130,287,2218,11,0
14.224396,6.743000,114.000,31.374000,1.327000,124.525539,3657,324,0,130,287,2218,11,0
14.237137,12.741000,114.000,31.374000,1.327000,124.526020,3657,324,0,130,287,2218,11,0
14.246411,9.274000,114.000,31.374000,1.327000,124.524860,3654,324,0,130,287,2218,11,0
14.249815,3.404000,114.000,31.374000,1.327000,124.525341,3654,324,0,130,287,2218,11,0
14.263546,13.731000,114.000,31.374000,1.327000,124.525822,3654,324,0,130,287,2218,11,0
14.267486,3.940000,114.000,31.374000,1.327000,124.526302,3654,324,0,130,287,2218,11,0
14.280189,12.703000,114.000,31.374000,1.327000,124.528454,3657,324,0,130,287,2218,11,0
14.284049,3.860000,114.000,31.374000,1.327000,124.528934,3657,324,0,130,287,2218,11,0
14.296286,12.237000,114.000,31.374000,1.327000,124.528572,3656,324,0,130,287,2218,11,0
14.299516,3.230000,114.000,31.374000,1.327000,124.529053,3656,324,0,129,251,2146,11,0
14.313561,14.045000,114.000,31.374000,1.327000,124.526180,3650,324,0,129,251,2146,11,0
14.317550,3.989000,114.000,31.374000,1.327000,124.522251,3648,324,0,129,251,2146,11,0
14.330099,12.549000,114.000,31.374000,1.327000,124.492085,3648,324,0,129,251,2146,11,0
14.337201,7.102000,114.000,31.374000,1.327000,124.492565,3648,324,0,129,251,2146,11,0
14.342022,4.821000,114.000,31.374000,1.327000,124.491405,3645,324,0,129,251,2146,11,0
14.354156,12.134000,114.000,31.374000,1.327000,124.491886,3645,324,0,129,251,2146,11,0
14.363831,9.675000,114.000,31.374000,1.327000,124.492401,3645,324,0,129,251,2146,11,0
14.367616,3.785000,114.000,31.374000,1.327000,124.492882,3645,324,0,127,251,2146,11,0
14.380329,12.713000,114.000,31.374000,1.327000,124.491600,3642,324,0,127,251,2146,11,0
14.384056,3.727000,114.000,31.374000,1.327000,124.488579,3636,324,0,129,251,2146,11,0
14.397067,13.011000,114.000,31.374000,1.327000,124.491619,3639,324,0,128,250,2144,11,1
14.400709,3.642000,114.000,31.374000,1.327000,124.490459,3636,324,0,127,250,2144,11,1
14.413903,13.194000,114.000,31.374000,1.327000,124.491920,3642,323,0,125,248,2140,11,0
14.417480,3.577000,114.000,31.374000,1.327000,124.489143,3637,323,0,126,247,2138,11,0
14.430505,13.025000,114.000,31.374000,1.327000,124.479145,3633,319,0,126,247,2138,11,0
14.434127,3.622000,114.000,31.374000,1.327000,124.475277,3626,319,0,126,247,2138,11,0
14.447077,12.950000,114.000,31.374000,1.327000,124.477406,3629,319,0,124,245,2134,11,0
14.450629,3.552000,114.000,31.374000,1.327000,124.477802,3629,319,0,122,244,2132,11,0
14.463850,13.221000,114.000,31.374000,1.327000,124.476391,3626,319,0,121,243,2130,11,0
14.467661,3.811000,114.000,31.374000,1.327000,124.463161,3620,314,0,122,243,2130,11,0
14.474554,6.893000,114.000,31.374000,1.327000,124.473450,3612,314,0,133,258,2160,11,0
14.483825,9.271000,114.000,31.374000,1.327000,124.473930,3612,314,0,133,258,2160,11,0
14.496099,12.274000,114.000,31.374000,1.327000,124.468559,3612,314,0,121,246,2136,11,0
14.498628,2.529000,114.000,31.374000,1.327000,124.469040,3612,314,0,121,246,2136,11,0
14.513542,14.914000,114.000,31.374000,1.327000,124.467880,3609,314,0,121,246,2136,11,0
14.517181,3.639000,114.000,31.374000,1.327000,124.468361,3609,314,0,121,246,2136,11,0
14.530915,13.734000,114.000,31.374000,1.327000,124.467186,3606,314,0,121,246,2136,11,0
14.534302,3.387000,114.000,31.374000,1.327000,124.467667,3606,314,0,121,246,2136,11,0
14.546919,12.617000,114.000,31.374000,1.327000,124.468178,3606,314,0,121,246,2136,11,0
14.550286,3.367000,114.000,31.374000,1.327000,124.468658,3606,314,0,121,246,2136,11,0
14.563928,13.642000,114.000,31.374000,1.327000,124.469109,3606,314,0,121,246,2136,11,0
14.567439,3.511000,114.000,31.374000,1.327000,124.469589,3606,314,0,121,246,2136,11,0
14.580199,12.760000,114.000,31.374000,1.327000,124.470070,3606,314,0,120,245,2134,11,0
14.583773,3.574000,114.000,31.374000,1.327000,124.470551,3606,314,0,120,245,2134,11,0
14.596374,12.601000,114.000,31.374000,1.327000,124.471046,3606,314,0,120,245,2134,11,0
14.599376,3.002000,114.000,31.374000,1.327000,124.471527,3606,314,0,120,245,2134,11,0
14.613615,14.239000,114.000,31.374000,1.327000,124.471954,3606,314,0,120,245,2134,11,0
14.616913,3.298000,114.000,31.374000,1.327000,124.468025,3604,314,0,119,240,2124,11,0
14.629898,12.985000,114.000,31.374000,1.327000,124.466866,3601,314,0,119,240,2124,11,0
14.633018,3.120000,114.000,31.374000,1.327000,124.467346,3601,314,0,119,240,2124,11,0
14.646480,13.462000,114.000,31.374000,1.327000,124.460999,3601,314,0,119,240,2124,11,0
14.649416,2.936000,114.000,31.374000,1.327000,124.461433,3601,314,0,116,240,2124,11,0
14.663110,13.694000,114.000,31.374000,1.327000,124.461929,3601,314,0,116,240,2124,11,0
14.666116,3.006000,114.000,31.374000,1.327000,124.462364,3601,314,0,117,239,2122,11,0
14.680653,14.537000,114.000,31.374000,1.327000,124.450321,3593,311,0,118,239,2122,11,0
14.684158,3.505000,114.000,31.374000,1.327000,124.447109,3587,311,0,118,239,2122,11,0
14.696526,12.368000,114.000,31.374000,1.327000,124.447575,3587,311,0,118,239,2122,11,0
14.699715,3.189000,114.000,31.374000,1.327000,124.448055,3587,311,0,115,239,2122,11,0
14.713531,13.816000,114.000,31.374000,1.327000,124.471436,3610,315,0,115,239,2122,11,0
14.716737,3.206000,114.000,31.374000,1.327000,124.472603,3610,315,0,118,241,2126,11,0
14.729875,13.138000,114.000,31.374000,1.327000,124.473061,3610,315,0,118,241,2126,11,0
14.732862,2.987000,114.000,31.374000,1.327000,124.473541,3610,315,0,117,241,2126,11,0
14.746499,13.637000,114.000,31.374000,1.327000,124.474007,3610,315,0,117,241,2126,11,0
14.749423,2.924000,114.000,31.374000,1.327000,124.474487,3610,315,0,117,241,2126,11,0
14.764069,14.646000,114.000,31.374000,1.327000,124.474968,3610,315,0,118,241,2126,11,0
14.796296,32.227000,114.000,31.374000,1.327000,124.588570,3678,324,0,170,333,2310,11,0
14.798624,2.328000,114.000,31.374000,1.327000,124.579323,3678,324,0,151,309,2262,11,0
14.813334,14.710000,114.000,31.374000,1.327000,124.585461,3678,324,0,162,321,2286,11,0
14.817128,3.794000,114.000,31.374000,1.327000,124.569370,3648,324,0,162,321,2286,11,0
14.829918,12.790000,114.000,31.374000,1.327000,124.571522,3651,324,0,150,309,2262,11,0
14.833758,3.840000,114.000,31.374000,1.327000,124.566166,3651,324,0,150,309,2262,11,0
14.845794,12.036000,114.000,31.374000,1.327000,124.573936,3657,326,0,150,309,2262,11,0
14.848218,2.424000,115.000,31.663000,1.436000,124.574886,3657,326,0,151,310,2264,11,0
14.862314,14.096000,115.000,31.663000,1.436000,124.577034,3660,326,0,151,310,2264,11,0
14.864589,2.275000,115.000,31.663000,1.436000,124.577515,3660,326,0,152,310,2264,11,0
14.880232,15.643000,115.000,31.663000,1.436000,124.577995,3660,326,0,152,310,2264,11,0
14.885282,5.050000,115.000,31.663000,1.436000,124.580128,3663,326,0,152,310,2264,11,0
14.889009,3.727000,115.000,31.663000,1.436000,124.580608,3663,326,0,152,310,2264,11,0
14.904683,15.674000,115.000,31.663000,1.436000,124.581089,3663,326,0,152,310,2264,11,0
14.908275,3.592000,115.000,31.663000,1.436000,124.579067,3659,326,0,152,310,2264,11,0
14.921323,13.048000,115.000,31.663000,1.436000,124.579548,3659,326,0,150,274,2192,11,0
14.928820,7.497000,115.000,31.663000,1.436000,124.579975,3659,326,0,150,274,2192,11,0
14.933191,4.371000,115.000,31.663000,1.436000,124.576000,3657,326,0,150,274,2192,11,0
14.945557,12.366000,115.000,31.663000,1.436000,124.545097,3657,326,0,150,274,2192,11,0
14.949942,4.385000,115.000,31.663000,1.436000,124.543991,3654,326,0,150,274,2192,11,0
14.962218,12.276000,115.000,31.663000,1.436000,124.544472,3654,326,0,150,274,2192,11,0
14.966665,4.447000,115.000,31.663000,1.436000,124.544918,3654,326,0,150,274,2192,11,0
14.979200,12.535000,115.000,31.663000,1.436000,124.545399,3654,326,0,149,274,2192,11,0
14.983642,4.442000,115.000,31.663000,1.436000,124.547459,3657,326,0,149,274,2192,11,0
14.995543,11.901000,115.000,31.663000,1.436000,124.547733,3657,326,0,149,274,2192,11,0
14.999904,4.361000,115.000,31.663000,1.436000,124.544704,3651,326,0,149,274,2192,11,0
15.012263,12.359000,115.000,31.663000,1.436000,124.541904,3645,326,0,148,273,2190,11,0
15.016693,4.430000,115.000,31.663000,1.436000,124.542385,3645,326,0,148,273,2190,11,0
15.028919,12.226000,115.000,31.663000,1.436000,124.542866,3645,326,0,146,271,2186,11,0
15.033240,4.321000,115.000,31.663000,1.436000,124.543346,3645,326,0,145,270,2184,11,0
15.045339,12.099000,115.000,31.663000,1.436000,124.533379,3641,322,0,145,270,2184,11,0
15.048019,2.680000,115.000,31.663000,1.436000,124.527824,3631,322,0,145,270,2184,11,0
15.061972,13.953000,115.000,31.663000,1.436000,124.528305,3631,322,0,143,268,2180,11,0
15.064489,2.517000,115.000,31.663000,1.436000,124.528717,3631,322,0,143,267,2178,11,0
15.078739,14.250000,115.000,31.663000,1.436000,124.527328,3628,322,0,141,266,2176,11,0
15.081214,2.475000,115.000,31.663000,1.436000,124.514099,3622,317,0,142,266,2176,11,0
15.095206,13.992000,115.000,31.663000,1.436000,124.506622,3609,317,0,142,266,2176,11,0
15.098507,3.301000,115.000,31.663000,1.436000,124.523262,3611,317,0,153,281,2206,11,0
15.112433,13.926000,115.000,31.663000,1.436000,124.518879,3611,317,0,143,271,2186,11,0
15.117578,5.145000,115.000,31.663000,1.436000,124.517719,3608,317,0,143,271,2186,11,0
15.128913,11.335000,115.000,31.663000,1.436000,124.518200,3608,317,0,143,271,2186,11,0
15.133143,4.230000,115.000,31.663000,1.436000,124.518681,3608,317,0,143,271,2186,11,0
15.145641,12.498000,115.000,31.663000,1.436000,124.519161,3608,317,0,143,271,2186,11,0
15.149818,4.177000,115.000,31.663000,1.436000,124.521294,3611,317,0,143,271,2186,11,0
15.162224,12.406000,115.000,31.663000,1.436000,124.521774,3611,317,0,143,271,2186,11,0
15.166345,4.121000,115.000,31.663000,1.436000,124.522270,3611,317,0,143,271,2186,11,0
15.179254,12.909000,115.000,31.663000,1.436000,124.522751,3611,317,0,143,271,2186,11,0
15.184234,4.980000,115.000,31.663000,1.436000,124.523216,3611,317,0,143,271,2186,11,0
15.190319,6.085000,115.000,31.663000,1.436000,124.523697,3611,317,0,143,271,2186,11,0
15.204775,14.456000,115.000,31.663000,1.436000,124.524178,3611,317,0,143,271,2186,11,0
15.212339,7.564000,115.000,31.663000,1.436000,124.524658,3611,317,0,143,271,2186,11,0
15.217144,4.805000,115.000,31.663000,1.436000,124.523499,3608,317,0,143,271,2186,11,0
15.229088,11.944000,115.000,31.663000,1.436000,124.523979,3608,317,0,143,271,2186,11,0
15.234045,4.957000,115.000,31.663000,1.436000,124.524460,3608,317,0,143,271,2186,11,0
15.245522,11.477000,115.000,31.663000,1.436000,124.524887,3608,317,0,142,266,2176,11,0
15.250332,4.810000,115.000,31.663000,1.436000,124.393768,3556,277,0,142,266,2176,11,0
15.262443,12.111000,115.000,31.663000,1.436000,124.355217,3506,277,0,132,246,2136,11,0
15.267622,5.179000,115.000,31.663000,1.436000,124.355705,3506,277,0,132,246,2136,11,0
15.279094,11.472000,115.000,31.663000,1.436000,124.356186,3506,277,0,132,246,2136,11,0
15.283782,4.688000,115.000,31.663000,1.436000,124.356682,3506,277,0,132,246,2136,11,0
15.295871,12.089000,115.000,31.663000,1.436000,124.357216,3506,277,0,132,246,2136,11,0
15.300708,4.837000,115.000,31.663000,1.436000,124.357681,3506,277,0,132,246,2136,11,0
15.312377,11.669000,115.000,31.663000,1.436000,124.358162,3506,277,0,132,246,2136,11,0
15.317926,5.549000,115.000,31.663000,1.436000,124.364662,3516,277,0,132,246,2136,11,0
15.323108,5.182000,115.000,31.663000,1.436000,124.365143,3516,277,0,132,246,2136,11,0
15.338710,15.602000,115.000,31.663000,1.436000,124.365623,3516,277,0,132,246,2136,11,0
15.342225,3.515000,115.000,31.663000,1.436000,124.366058,3516,277,0,132,246,2136,11,0
15.355701,13.476000,115.000,31.663000,1.436000,124.366554,3516,277,0,132,246,2136,11,0
15.359417,3.716000,115.000,31.663000,1.436000,124.367035,3516,277,0,132,246,2136,11,0
15.367953,8.536000,115.000,31.663000,1.436000,124.367500,3516,277,0,132,246,2136,11,0
15.623470,255.517000,115.000,31.663000,1.436000,124.474747,3590,286,0,161,312,2268,11,1
15.630257,6.787000,115.000,31.663000,1.436000,124.454899,3599,285,0,116,226,2096,11,0
15.633031,2.774000,115.000,31.663000,1.436000,124.404449,3565,285,0,116,226,2096,11,0
15.645691,12.660000,115.000,31.663000,1.436000,124.404930,3565,285,0,116,226,2096,11,0
15.649917,4.226000,115.000,31.663000,1.436000,124.407055,3568,285,0,116,226,2096,11,0
15.662404,12.487000,115.000,31.663000,1.436000,124.407536,3568,285,0,116,226,2096,11,0
15.667364,4.960000,115.000,31.663000,1.436000,124.408031,3568,285,0,115,225,2094,11,0
15.679209,11.845000,115.000,31.663000,1.436000,124.403137,3566,283,0,115,225,2094,11,0
15.683943,4.734000,115.000,31.663000,1.436000,124.402889,3565,283,0,115,225,2094,11,0
15.695716,11.773000,115.000,31.663000,1.436000,124.403370,3565,283,0,115,225,2094,11,0
15.699690,3.974000,115.000,31.663000,1.436000,124.403645,3565,283,0,115,225,2094,11,0
15.712369,12.679000,115.000,31.663000,1.436000,124.400578,3559,283,0,115,225,2094,11,0
15.716601,4.232000,115.000,31.663000,1.436000,124.412350,3563,287,0,114,224,2092,11,0
15.730164,13.563000,115.000,31.663000,1.436000,124.413254,3563,287,0,116,226,2096,11,0
15.734393,4.229000,115.000,31.663000,1.436000,124.413673,3563,287,0,114,224,2092,11,0
15.745667,11.274000,115.000,31.663000,1.436000,124.403751,3559,283,0,113,223,2090,11,0
15.749657,3.990000,115.000,31.663000,1.436000,124.399853,3552,283,0,113,223,2090,11,0
15.762672,13.015000,115.000,31.663000,1.436000,124.400333,3552,283,0,112,222,2088,11,0
15.767623,4.951000,115.000,31.663000,1.436000,124.400745,3552,283,0,111,221,2086,11,0
15.779216,11.593000,115.000,31.663000,1.436000,124.396732,3550,283,0,110,220,2084,11,0
15.784221,5.005000,115.000,31.663000,1.436000,124.383350,3544,278,0,109,219,2082,11,0
15.796047,11.826000,115.000,31.663000,1.436000,124.377514,3534,278,0,107,218,2080,11,0
15.801229,5.182000,115.000,31.663000,1.436000,124.377956,3534,278,0,107,218,2080,11,0
15.808945,7.716000,115.000,31.663000,1.436000,124.397026,3536,278,0,121,236,2116,11,0
15.821707,12.762000,115.000,31.663000,1.436000,124.397522,3536,278,0,121,236,2116,11,0
15.829352,7.645000,115.000,31.663000,1.436000,124.393139,3536,278,0,111,226,2096,11,0
15.834131,4.779000,115.000,31.663000,1.436000,124.393604,3536,278,0,111,226,2096,11,0
15.846241,12.110000,115.000,31.663000,1.436000,124.394085,3536,278,0,111,226,2096,11,0
15.851378,5.137000,91.000,250.206000,1.429000,124.394596,3536,278,0,111,226,2096,11,0
15.857148,5.770000,91.000,250.206000,1.429000,124.393436,3533,278,0,111,226,2096,11,0
15.872019,14.871000,91.000,250.206000,1.429000,124.393917,3533,278,0,111,226,2096,11,0
15.879386,7.367000,91.000,250.206000,1.429000,124.394398,3533,278,0,111,226,2096,11,0
15.884422,5.036000,91.000,250.206000,1.429000,124.394848,3533,278,0,110,225,2094,11,0
15.895887,11.465000,91.000,250.206000,1.429000,124.383297,3525,275,0,110,225,2094,11,0
15.899941,4.054000,91.000,250.206000,1.429000,124.380070,3519,275,0,110,225,2094,11,0
15.912684,12.743000,91.000,250.206000,1.429000,124.380550,3519,275,0,110,225,2094,11,0
15.917774,5.090000,91.000,250.206000,1.429000,124.395935,3526,279,0,110,225,2094,11,0
15.929208,11.434000,91.000,250.206000,1.429000,124.397102,3526,279,0,112,227,2098,11,0
15.933863,4.655000,91.000,250.206000,1.429000,124.397610,3526,279,0,112,227,2098,11,0
15.945872,12.009000,91.000,250.206000,1.429000,124.398037,3526,279,0,112,227,2098,11,0
15.949955,4.083000,91.000,250.206000,1.429000,124.395741,3527,279,0,111,221,2086,11,0
15.962752,12.797000,91.000,250.206000,1.429000,124.396221,3527,279,0,111,221,2086,11,0
15.967469,4.717000,91.000,250.206000,1.429000,124.396717,3527,279,0,111,221,2086,11,0
15.979092,11.623000,91.000,250.206000,1.429000,124.388874,3527,279,0,111,221,2086,11,0
15.983729,4.637000,91.000,250.206000,1.429000,124.389366,3527,279,0,111,221,2086,11,0
15.995817,12.088000,91.000,250.206000,1.429000,124.389847,3527,279,0,111,221,2086,11,0
15.999885,4.068000,91.000,250.206000,1.429000,124.390327,3527,279,0,111,221,2086,11,0
16.012430,12.545000,91.000,250.206000,1.429000,124.390808,3527,279,0,111,221,2086,11,0
16.016636,4.206000,91.000,250.206000,1.429000,124.389587,3524,279,0,111,221,2086,11,0
16.029318,12.682000,91.000,250.206000,1.429000,124.390068,3524,279,0,111,221,2086,11,0
16.034382,5.064000,91.000,250.206000,1.429000,124.396584,3534,279,0,111,221,2086,11,0
16.045741,11.359000,91.000,250.206000,1.429000,124.397064,3534,279,0,110,221,2086,11,0
16.050117,4.376000,91.000,250.206000,1.429000,124.397545,3534,279,0,110,221,2086,11,0
16.062652,12.535000,91.000,250.206000,1.429000,124.398026,3534,279,0,111,221,2086,11,0
16.067559,4.907000,91.000,250.206000,1.429000,124.398491,3534,279,0,111,221,2086,11,0
16.079187,11.628000,91.000,250.206000,1.429000,124.398972,3534,279,0,111,221,2086,11,0
16.084130,4.943000,91.000,250.206000,1.429000,124.399452,3534,279,0,111,221,2086,11,0
16.116498,32.368000,91.000,250.206000,1.429000,124.522408,3593,289,0,163,313,2270,11,0
16.130006,13.508000,91.000,250.206000,1.429000,124.513161,3593,289,0,143,291,2226,11,0
16.134972,4.966000,91.000,250.206000,1.429000,124.518353,3593,289,0,153,301,2246,11,0
16.140968,5.996000,91.000,250.206000,1.429000,124.505024,3568,289,0,153,301,2246,11,0
16.155025,14.057000,91.000,250.206000,1.429000,124.505505,3568,289,0,153,301,2246,11,0
16.162659,7.634000,91.000,250.206000,1.429000,124.505985,3568,289,0,153,301,2246,11,0
16.167941,5.282000,91.000,250.206000,1.429000,124.506466,3568,289,0,153,301,2246,11,0
16.173332,5.391000,91.000,250.206000,1.429000,124.505306,3565,289,0,153,301,2246,11,0
16.188429,15.097000,91.000,250.206000,1.429000,124.505787,3565,289,0,153,301,2246,11,0
16.196751,8.322000,91.000,250.206000,1.429000,124.506321,3565,289,0,153,301,2246,11,0
16.201462,4.711000,91.000,250.206000,1.429000,124.506802,3565,289,0,153,301,2246,11,0
16.206715,5.253000,91.000,250.206000,1.429000,124.507282,3565,289,0,153,301,2246,11,0
16.221825,15.110000,91.000,250.206000,1.429000,124.506931,3564,289,0,153,301,2246,11,0
16.229244,7.419000,91.000,250.206000,1.429000,124.507412,3564,289,0,151,265,2174,11,0
16.234618,5.374000,91.000,250.206000,1.429000,124.507839,3564,289,0,151,265,2174,11,0
16.240273,5.655000,91.000,250.206000,1.429000,124.499046,3562,289,0,141,255,2154,11,0
16.255633,15.360000,91.000,250.206000,1.429000,124.468121,3562,289,0,141,255,2154,11,0
16.259429,3.796000,91.000,250.206000,1.429000,124.468601,3562,289,0,141,255,2154,11,0
16.266403,6.974000,91.000,250.206000,1.429000,124.469101,3562,289,0,141,255,2154,11,0
16.279157,12.754000,91.000,250.206000,1.429000,124.469582,3562,289,0,141,255,2154,11,0
16.284227,5.070000,91.000,250.206000,1.429000,124.473351,3568,289,0,141,255,2154,11,0
16.296076,11.849000,91.000,250.206000,1.429000,124.475731,3571,289,0,141,255,2154,11,0
16.301563,5.487000,91.000,250.206000,1.429000,124.470428,3562,289,0,141,255,2154,11,0
16.306774,5.211000,91.000,250.206000,1.429000,124.467407,3556,289,0,140,255,2154,11,0
16.322132,15.358000,91.000,250.206000,1.429000,124.469563,3559,289,0,140,255,2154,11,0
16.329755,7.623000,91.000,250.206000,1.429000,124.470043,3559,289,0,140,254,2152,11,0
16.334701,4.946000,91.000,250.206000,1.429000,124.470490,3559,289,0,138,252,2148,11,0
16.339622,4.921000,91.000,250.206000,1.429000,124.471024,3559,289,0,137,252,2148,11,0
16.356404,16.782000,91.000,250.206000,1.429000,124.645264,3678,333,0,136,251,2146,11,0
16.360513,4.109000,91.000,250.206000,1.429000,124.650139,3671,333,0,148,275,2194,11,0
16.365031,4.518000,91.000,250.206000,1.429000,124.650620,3671,333,0,146,273,2190,11,0
16.379996,14.965000,91.000,250.206000,1.429000,124.651058,3671,333,0,146,273,2190,11,0
16.387650,7.654000,91.000,250.206000,1.429000,124.651455,3671,333,0,145,272,2188,11,0
16.392726,5.076000,91.000,250.206000,1.429000,124.651684,3671,333,0,144,271,2186,11,0
16.404360,11.634000,91.000,250.206000,1.429000,124.638500,3665,328,0,144,271,2186,11,0
16.412456,8.096000,91.000,250.206000,1.429000,124.651161,3657,328,0,158,289,2222,11,0
16.416500,4.044000,91.000,250.206000,1.429000,124.651642,3657,328,0,158,289,2222,11,0
16.430687,14.187000,91.000,250.206000,1.429000,124.652012,3657,328,0,158,289,2222,11,0
16.434697,4.010000,91.000,250.206000,1.429000,124.646656,3657,328,0,146,277,2198,11,0
16.446117,11.420000,91.000,250.206000,1.429000,124.647152,3657,328,0,146,277,2198,11,0
16.448479,2.362000,91.000,250.206000,1.429000,124.647633,3657,328,0,146,277,2198,11,0
16.463134,14.655000,91.000,250.206000,1.429000,124.646458,3654,328,0,146,277,2198,11,0
16.465975,2.841000,91.000,250.206000,1.429000,124.646938,3654,328,0,146,277,2198,11,0
16.479620,13.645000,91.000,250.206000,1.429000,124.647434,3654,328,0,146,277,2198,11,0
16.482441,2.821000,91.000,250.206000,1.429000,124.647869,3654,328,0,146,277,2198,11,0
16.496641,14.200000,91.000,250.206000,1.429000,124.657734,3667,329,0,146,277,2198,11,0
16.499915,3.274000,91.000,250.206000,1.429000,124.656315,3664,329,0,147,278,2200,11,0
16.513556,13.641000,91.000,250.206000,1.429000,124.656796,3664,329,0,147,278,2200,11,0
16.517414,3.858000,91.000,250.206000,1.429000,124.657276,3664,329,0,147,278,2200,11,0
16.530260,12.846000,91.000,250.206000,1.429000,124.654476,3658,329,0,147,278,2200,11,0
16.534055,3.795000,91.000,250.206000,1.429000,124.654911,3658,329,0,147,278,2200,11,0
16.546802,12.747000,91.000,250.206000,1.429000,124.655376,3658,329,0,147,278,2200,11,0
16.550040,3.238000,91.000,250.206000,1.429000,124.655857,3658,329,0,146,272,2188,11,0
16.563560,13.520000,91.000,250.206000,1.429000,124.654629,3655,329,0,146,272,2188,11,0
16.567633,4.073000,91.000,250.206000,1.429000,124.650654,3653,329,0,146,272,2188,11,0
16.574528,6.895000,91.000,250.206000,1.429000,124.643513,3656,329,0,144,270,2184,11,0
16.587189,12.661000,91.000,250.206000,1.429000,124.642353,3653,329,0,143,270,2184,11,0
16.596880,9.691000,91.000,250.206000,1.429000,124.642815,3653,329,0,143,270,2184,11,0
16.600015,3.135000,91.000,250.206000,1.429000,124.643250,3653,329,0,143,270,2184,11,0
16.613844,13.829000,91.000,250.206000,1.429000,124.643730,3653,329,0,143,270,2184,11,0
16.617642,3.798000,91.000,250.206000,1.429000,124.644211,3653,329,0,142,270,2184,11,0
16.630492,12.850000,91.000,250.206000,1.429000,124.643036,3650,329,0,142,270,2184,11,0
16.634211,3.719000,91.000,250.206000,1.429000,124.643517,3650,329,0,142,270,2184,11,0
16.646644,12.433000,91.000,250.206000,1.429000,124.650032,3660,329,0,142,270,2184,11,0
16.649934,3.290000,91.000,250.206000,1.429000,124.650513,3660,329,0,144,270,2184,11,0
16.663765,13.831000,91.000,250.206000,1.429000,124.652626,3663,329,0,144,270,2184,11,0
16.667484,3.719000,91.000,250.206000,1.429000,124.653107,3663,329,0,142,270,2184,11,0
16.680371,12.887000,91.000,250.206000,1.429000,124.655243,3666,329,0,141,269,2182,11,0
16.684187,3.816000,91.000,250.206000,1.429000,124.655777,3666,329,0,143,269,2182,11,0
16.696719,12.532000,91.000,250.206000,1.429000,124.656204,3666,329,0,143,269,2182,11,0
16.726797,30.078000,91.000,250.206000,1.429000,124.755913,3729,337,0,173,339,2322,11,0
16.731898,5.101000,91.000,250.206000,1.429000,124.733681,3724,337,0,134,293,2230,11,0
16.746533,14.635000,91.000,250.206000,1.429000,124.738007,3721,337,0,146,305,2254,11,0
16.749939,3.406000,91.000,250.206000,1.429000,124.717052,3691,337,0,136,295,2234,11,0
16.763573,13.634000,91.000,250.206000,1.429000,124.717533,3691,337,0,136,295,2234,11,0
16.767767,4.194000,91.000,250.206000,1.429000,124.718014,3691,337,0,136,295,2234,11,0
16.773498,5.731000,91.000,250.206000,1.429000,124.718494,3691,337,0,136,295,2234,11,0
16.788142,14.644000,91.000,250.206000,1.429000,124.718975,3691,337,0,136,295,2234,11,0
16.796622,8.480000,91.000,250.206000,1.429000,124.719456,3691,337,0,136,295,2234,11,0
16.801499,4.877000,91.000,250.206000,1.429000,124.718296,3688,337,0,136,295,2234,11,0
16.806955,5.456000,91.000,250.206000,1.429000,124.718777,3688,337,0,136,295,2234,11,0
16.822004,15.049000,91.000,250.206000,1.429000,124.719257,3688,337,0,136,295,2234,11,0
16.829721,7.717000,91.000,250.206000,1.429000,124.717236,3684,337,0,136,295,2234,11,0
16.834788,5.067000,91.000,250.206000,1.429000,124.717716,3684,337,0,134,259,2162,11,0
16.839632,4.844000,91.000,250.206000,1.429000,124.718197,3684,337,0,133,258,2160,11,0
16.855096,15.464000,91.000,250.206000,1.429000,124.718624,3684,337,0,133,258,2160,11,0
16.859232,4.136000,115.000,31.355000,2.012000,124.680099,3677,337,0,132,257,2158,11,0
16.871889,12.657000,115.000,31.355000,2.012000,124.680645,3677,337,0,132,257,2158,11,0
16.879324,7.435000,115.000,31.355000,2.012000,124.681126,3677,337,0,133,257,2158,11,0
16.884408,5.084000,115.000,31.355000,2.012000,124.679935,3674,337,0,133,257,2158,11,0
16.895920,11.512000,115.000,31.355000,2.012000,124.680416,3674,337,0,133,257,2158,11,0
16.900895,4.975000,115.000,31.355000,2.012000,124.679226,3671,337,0,133,257,2158,11,0
16.912609,11.714000,115.000,31.355000,2.012000,124.679707,3671,337,0,133,257,2158,11,0
16.917561,4.952000,115.000,31.355000,2.012000,124.681786,3674,337,0,133,257,2158,11,0
16.929178,11.617000,115.000,31.355000,2.012000,124.678764,3668,337,0,133,257,2158,11,0
16.934129,4.951000,115.000,31.355000,2.012000,124.679226,3668,337,0,132,256,2156,11,0
16.945674,11.545000,115.000,31.355000,2.012000,124.679707,3668,337,0,133,256,2156,11,0
16.949971,4.297000,115.000,31.355000,2.012000,124.680202,3668,337,0,131,254,2152,11,0
16.962595,12.624000,115.000,31.355000,2.012000,124.659843,3659,330,0,128,252,2148,11,0
16.967725,5.130000,115.000,31.355000,2.012000,124.652191,3646,330,0,128,252,2148,11,0
16.979135,11.410000,115.000,31.355000,2.012000,124.652672,3646,330,0,128,252,2148,11,0
16.983978,4.843000,115.000,31.355000,2.012000,124.656456,3652,330,0,126,250,2144,11,0
16.995740,11.762000,115.000,31.355000,2.012000,124.656853,3652,330,0,126,249,2142,11,0
16.999962,4.222000,115.000,31.355000,2.012000,124.641655,3643,325,0,125,248,2140,11,0
17.012594,12.632000,115.000,31.355000,2.012000,124.635818,3633,325,0,123,248,2140,11,0
17.017668,5.074000,115.000,31.355000,2.012000,124.653156,3646,329,0,123,248,2140,11,0
17.023338,5.670000,115.000,31.355000,2.012000,124.670452,3648,329,0,137,265,2174,11,0
17.038170,14.832000,115.000,31.355000,2.012000,124.665077,3648,329,0,125,253,2150,11,0
17.045536,7.366000,115.000,31.355000,2.012000,124.665512,3648,329,0,125,253,2150,11,0
17.048615,3.079000,115.000,31.355000,2.012000,124.665993,3648,329,0,125,253,2150,11,0
17.063728,15.113000,115.000,31.355000,2.012000,124.668110,3651,329,0,125,253,2150,11,0
17.067370,3.642000,115.000,31.355000,2.012000,124.668591,3651,329,0,125,253,2150,11,0
17.080155,12.785000,115.000,31.355000,2.012000,124.669041,3651,329,0,125,253,2150,11,0
17.083722,3.567000,115.000,31.355000,2.012000,124.669521,3651,329,0,125,253,2150,11,0
17.096598,12.876000,115.000,31.355000,2.012000,124.671658,3654,329,0,125,253,2150,11,0
17.100091,3.493000,115.000,31.355000,2.012000,124.672138,3654,329,0,125,253,2150,11,0
17.113449,13.358000,115.000,31.355000,2.012000,124.672680,3654,329,0,125,253,2150,11,0
17.116966,3.517000,115.000,31.355000,2.012000,124.673161,3654,329,0,125,253,2150,11,0
17.140877,23.911000,115.000,31.355000,2.012000,124.673656,3654,329,0,125,253,2150,11,0
17.146423,5.546000,115.000,31.355000,2.012000,124.675297,3654,329,0,125,253,2150,11,2
17.149458,3.035000,115.000,31.355000,2.012000,124.675777,3654,329,0,125,253,2150,11,2
17.163831,14.373000,115.000,31.355000,2.012000,124.675198,3651,329,0,125,253,2150,11,2
17.167240,3.409000,115.000,31.355000,2.012000,124.671268,3649,329,0,124,248,2140,11,2
17.180167,12.927000,115.000,31.355000,2.012000,124.672871,3661,327,0,124,248,2140,11,0
17.183316,3.149000,115.000,31.355000,2.012000,124.666882,3651,327,0,126,248,2140,11,0
17.196829,13.513000,115.000,31.355000,2.012000,124.662159,3654,327,0,126,248,2140,11,0
17.199860,3.031000,115.000,31.355000,2.012000,124.662640,3654,327,0,126,248,2140,11,0
17.213583,13.723000,115.000,31.355000,2.012000,124.663116,3654,327,0,126,248,2140,11,0
17.217342,3.759000,115.000,31.355000,2.012000,124.660316,3648,327,0,126,248,2140,11,0
17.229877,12.535000,115.000,31.355000,2.012000,124.660767,3648,327,0,126,248,2140,11,0
17.233459,3.582000,115.000,31.355000,2.012000,124.661263,3648,327,0,125,248,2140,11,0
17.245525,12.066000,115.000,31.355000,2.012000,124.661743,3648,327,0,125,248,2140,11,0
17.248541,3.016000,115.000,31.355000,2.012000,124.666588,3655,327,0,125,248,2140,11,0
17.262174,13.633000,115.000,31.355000,2.012000,124.667068,3655,327,0,126,248,2140,11,0
17.264960,2.786000,115.000,31.355000,2.012000,124.667549,3655,327,0,126,248,2140,11,0
17.278696,13.736000,115.000,31.355000,2.012000,124.667984,3655,327,0,125,248,2140,11,0
17.281158,2.462000,115.000,31.355000,2.012000,124.666824,3652,327,0,125,248,2140,11,0
17.295379,14.221000,115.000,31.355000,2.012000,124.667305,3652,327,0,124,248,2140,11,0
17.309443,14.064000,115.000,31.355000,2.012000,124.776802,3714,336,0,174,338,2320,11,0
17.320540,11.097000,115.000,31.355000,2.012000,124.777283,3714,336,0,174,338,2320,11,0
17.329069,8.529000,115.000,31.355000,2.012000,124.765377,3711,336,0,152,312,2268,11,0
17.331116,2.047000,115.000,31.355000,2.012000,124.765858,3711,336,0,152,312,2268,11,0
17.345368,14.252000,115.000,31.355000,2.012000,124.772022,3711,336,0,162,322,2288,11,0
17.347769,2.401000,115.000,31.355000,2.012000,124.757599,3684,336,0,162,322,2288,11,0
17.362208,14.439000,115.000,31.355000,2.012000,124.758080,3684,336,0,163,322,2288,11,0
17.364889,2.681000,115.000,31.355000,2.012000,124.752724,3684,336,0,151,310,2264,11,0
17.378851,13.962000,115.000,31.355000,2.012000,124.753204,3684,336,0,151,310,2264,11,0
17.381186,2.335000,115.000,31.355000,2.012000,124.753685,3684,336,0,151,310,2264,11,0
17.395380,14.194000,115.000,31.355000,2.012000,124.754166,3684,336,0,151,310,2264,11,0
17.397888,2.508000,115.000,31.355000,2.012000,124.754601,3684,336,0,151,310,2264,11,0
17.412226,14.338000,115.000,31.355000,2.012000,124.755081,3684,336,0,151,310,2264,11,0
17.415005,2.779000,115.000,31.355000,2.012000,124.753922,3681,336,0,151,310,2264,11,0
17.428848,13.843000,115.000,31.355000,2.012000,124.754402,3681,336,0,151,310,2264,11,0
17.431698,2.850000,115.000,31.355000,2.012000,124.733940,3671,330,0,149,308,2260,11,0
17.445519,13.821000,115.000,31.355000,2.012000,124.724480,3655,330,0,147,272,2188,11,0
17.448179,2.660000,115.000,31.355000,2.012000,124.720551,3653,330,0,147,272,2188,11,0
17.462262,14.083000,115.000,31.355000,2.012000,124.721031,3653,330,0,147,272,2188,11,0
17.465626,3.364000,115.000,31.355000,2.012000,124.690109,3653,330,0,147,272,2188,11,0
17.478808,13.182000,115.000,31.355000,2.012000,124.690590,3653,330,0,148,272,2188,11,0
17.481990,3.182000,115.000,31.355000,2.012000,124.691071,3653,330,0,148,272,2188,11,0
17.495483,13.493000,115.000,31.355000,2.012000,124.691505,3653,330,0,148,272,2188,11,0
17.498118,2.635000,115.000,31.355000,2.012000,124.691971,3653,330,0,148,272,2188,11,0
17.512698,14.580000,115.000,31.355000,2.012000,124.692451,3653,330,0,148,272,2188,11,0
17.518079,5.381000,115.000,31.355000,2.012000,124.692997,3653,330,0,148,272,2188,11,0
17.523398,5.319000,115.000,31.355000,2.012000,124.693272,3653,330,0,147,272,2188,11,0
17.538738,15.340000,115.000,31.355000,2.012000,124.690266,3647,330,0,146,271,2186,11,0
17.542714,3.976000,115.000,31.355000,2.012000,124.690746,3647,330,0,146,271,2186,11,0
17.555709,12.995000,115.000,31.355000,2.012000,124.691227,3647,330,0,144,269,2182,11,0
17.563068,7.359000,115.000,31.355000,2.012000,124.691708,3647,330,0,144,268,2180,11,0
17.569233,6.165000,115.000,31.355000,2.012000,124.681755,3643,326,0,144,268,2180,11,0
17.573467,4.234000,115.000,31.355000,2.012000,124.676247,3633,326,0,144,268,2180,11,0
17.588455,14.988000,115.000,31.355000,2.012000,124.676697,3633,326,0,142,266,2176,11,0
17.595986,7.531000,115.000,31.355000,2.012000,124.677094,3633,326,0,141,265,2174,11,0
17.600989,5.003000,115.000,31.355000,2.012000,124.675720,3630,326,0,140,264,2172,11,0
17.612555,11.566000,115.000,31.355000,2.012000,124.662537,3624,321,0,140,264,2172,11,0
17.617582,5.027000,115.000,31.355000,2.012000,124.658314,3617,321,0,140,264,2172,11,0
17.623692,6.110000,115.000,31.355000,2.012000,124.674919,3619,321,0,150,279,2202,11,0
17.638372,14.680000,115.000,31.355000,2.012000,124.675385,3619,321,0,150,279,2202,11,0
17.645836,7.464000,115.000,31.355000,2.012000,124.671001,3619,321,0,140,269,2182,11,0
17.650711,4.875000,115.000,31.355000,2.012000,124.673157,3622,321,0,140,269,2182,11,0
17.662570,11.859000,115.000,31.355000,2.012000,124.673637,3622,321,0,140,269,2182,11,0
17.667785,5.215000,115.000,31.355000,2.012000,124.674023,3622,321,0,140,269,2182,11,0
17.679118,11.333000,115.000,31.355000,2.012000,124.674503,3622,321,0,140,269,2182,11,0
17.684116,4.998000,115.000,31.355000,2.012000,124.678318,3628,321,0,140,269,2182,11,0
17.695978,11.862000,115.000,31.355000,2.012000,124.678799,3628,321,0,140,269,2182,11,0
17.700854,4.876000,115.000,31.355000,2.012000,124.679241,3628,321,0,140,269,2182,11,0
17.712593,11.739000,115.000,31.355000,2.012000,124.679722,3628,321,0,140,269,2182,11,0
17.717722,5.129000,115.000,31.355000,2.012000,124.681862,3631,321,0,140,269,2182,11,0
17.729052,11.330000,115.000,31.355000,2.012000,124.682343,3631,321,0,140,269,2182,11,0
17.733897,4.845000,115.000,31.355000,2.012000,124.682854,3631,321,0,140,269,2182,11,0
17.745727,11.830000,115.000,31.355000,2.012000,124.683334,3631,321,0,140,269,2182,11,0
17.750684,4.957000,115.000,31.355000,2.012000,124.687122,3637,321,0,140,269,2182,11,0
17.762630,11.946000,115.000,31.355000,2.012000,124.687550,3637,321,0,141,269,2182,11,0
17.767521,4.891000,115.000,31.355000,2.012000,124.683552,3635,321,0,140,264,2172,11,0
17.779159,11.638000,115.000,31.355000,2.012000,124.684032,3635,321,0,140,264,2172,11,0
17.784633,5.474000,115.000,31.355000,2.012000,124.685188,3638,321,0,138,262,2168,11,0
17.789973,5.340000,115.000,31.355000,2.012000,124.678802,3638,321,0,138,262,2168,11,0
17.806674,16.701000,115.000,31.355000,2.012000,124.680172,3638,321,0,138,262,2168,11,1
17.810312,3.638000,115.000,31.355000,2.012000,124.680653,3638,321,0,137,262,2168,11,1
17.816319,6.007000,115.000,31.355000,2.012000,124.681801,3644,320,0,137,262,2168,11,0
17.829150,12.831000,115.000,31.355000,2.012000,124.679024,3639,320,0,139,262,2168,11,0
17.834186,5.036000,115.000,31.355000,2.012000,124.679413,3639,320,0,139,262,2168,11,0
17.845790,11.604000,115.000,31.355000,2.012000,124.679893,3639,320,0,138,262,2168,11,0
17.850559,4.769000,117.000,22.962000,1.437000,124.678703,3636,320,0,138,262,2168,11,0
17.862574,12.015000,117.000,22.962000,1.437000,124.685188,3646,320,0,137,262,2168,11,0
17.867396,4.822000,117.000,22.962000,1.437000,124.685669,3646,320,0,137,262,2168,11,0
17.879235,11.839000,117.000,22.962000,1.437000,124.686150,3646,320,0,138,262,2168,11,0
17.884230,4.995000,117.000,22.962000,1.437000,124.686623,3646,320,0,138,262,2168,11,0
17.895884,11.654000,117.000,22.962000,1.437000,124.687057,3646,320,0,138,262,2168,11,0
17.901055,5.171000,117.000,22.962000,1.437000,124.687561,3646,320,0,138,262,2168,11,0
17.913252,12.197000,117.000,22.962000,1.437000,124.688042,3646,320,0,139,262,2168,11,0
17.945483,32.231000,117.000,22.962000,1.437000,124.786579,3702,329,0,173,334,2312,11,0
17.948937,3.454000,117.000,22.962000,1.437000,124.760036,3697,324,0,144,299,2242,11,0
17.963491,14.554000,117.000,22.962000,1.437000,124.733685,3659,324,0,132,287,2218,11,0
17.967286,3.795000,117.000,22.962000,1.437000,124.734165,3659,324,0,132,287,2218,11,0
17.980168,12.882000,117.000,22.962000,1.437000,124.731365,3653,324,0,131,286,2216,11,0
17.984158,3.990000,117.000,22.962000,1.437000,124.731846,3653,324,0,131,286,2216,11,0
17.996383,12.225000,117.000,22.962000,1.437000,124.732327,3653,324,0,131,286,2216,11,0
17.999739,3.356000,117.000,22.962000,1.437000,124.732807,3653,324,0,131,286,2216,11,0
18.013387,13.648000,117.000,22.962000,1.437000,124.731647,3650,324,0,131,286,2216,11,0
18.017412,4.025000,117.000,22.962000,1.437000,124.732128,3650,324,0,131,286,2216,11,0
18.030499,13.087000,117.000,22.962000,1.437000,124.752098,3669,328,0,131,286,2216,11,0
18.034861,4.362000,117.000,22.962000,1.437000,124.753002,3669,328,0,133,288,2220,11,0
18.040165,5.304000,117.000,22.962000,1.437000,124.752586,3668,328,0,133,288,2220,11,0
18.054533,14.368000,117.000,22.962000,1.437000,124.753067,3668,328,0,131,252,2148,11,0
18.059655,5.122000,117.000,22.962000,1.437000,124.753548,3668,328,0,131,252,2148,11,0
18.065144,5.489000,117.000,22.962000,1.437000,124.754028,3668,328,0,130,251,2146,11,0
18.080996,15.852000,117.000,22.962000,1.437000,124.712631,3663,325,0,130,251,2146,11,0
18.084652,3.656000,117.000,22.962000,1.437000,124.705009,3655,325,0,130,251,2146,11,0
18.096550,11.898000,117.000,22.962000,1.437000,124.705460,3655,325,0,130,251,2146,11,0
18.099666,3.116000,117.000,22.962000,1.437000,124.705894,3655,325,0,130,251,2146,11,0
18.113976,14.310000,117.000,22.962000,1.437000,124.719952,3662,329,0,130,251,2146,11,0
18.117716,3.740000,117.000,22.962000,1.437000,124.721119,3662,329,0,130,253,2150,11,0
18.124633,6.917000,117.000,22.962000,1.437000,124.721375,3662,329,0,130,253,2150,11,0
18.137147,12.514000,117.000,22.962000,1.437000,124.718353,3656,329,0,130,253,2150,11,0
18.146616,9.469000,117.000,22.962000,1.437000,124.718849,3656,329,0,129,252,2148,11,0
18.150013,3.397000,117.000,22.962000,1.437000,124.719330,3656,329,0,129,252,2148,11,0
18.163545,13.532000,117.000,22.962000,1.437000,124.719810,3656,329,0,127,250,2144,11,0
18.167086,3.541000,117.000,22.962000,1.437000,124.720291,3656,329,0,125,249,2142,11,0
18.180341,13.255000,117.000,22.962000,1.437000,124.710293,3652,325,0,125,249,2142,11,0
18.183893,3.552000,117.000,22.962000,1.437000,124.706425,3645,325,0,125,249,2142,11,0
18.196623,12.730000,117.000,22.962000,1.437000,124.706921,3645,325,0,123,247,2138,11,0
18.199642,3.019000,117.000,22.962000,1.437000,124.707317,3645,325,0,123,246,2136,11,0
18.214234,14.592000,117.000,22.962000,1.437000,124.705914,3642,325,0,122,245,2134,11,0
18.217828,3.594000,117.000,22.962000,1.437000,124.692730,3636,320,0,121,245,2134,11,0
18.224716,6.888000,117.000,22.962000,1.437000,124.705456,3628,320,0,135,263,2170,11,0
18.237374,12.658000,117.000,22.962000,1.437000,124.705936,3628,320,0,135,263,2170,11,0
18.246789,9.415000,117.000,22.962000,1.437000,124.701553,3628,320,0,125,253,2150,11,0
18.250172,3.383000,117.000,22.962000,1.437000,124.702034,3628,320,0,125,253,2150,11,0
18.263615,13.443000,117.000,22.962000,1.437000,124.702499,3628,320,0,125,253,2150,11,0
18.267295,3.680000,117.000,22.962000,1.437000,124.702980,3628,320,0,125,253,2150,11,0
18.280286,12.991000,117.000,22.962000,1.437000,124.701820,3625,320,0,125,253,2150,11,0
18.284060,3.774000,117.000,22.962000,1.437000,124.702301,3625,320,0,125,253,2150,11,0
18.296951,12.891000,117.000,22.962000,1.437000,124.702721,3625,320,0,125,253,2150,11,0
18.300466,3.515000,117.000,22.962000,1.437000,124.703201,3625,320,0,125,253,2150,11,0
18.313783,13.317000,117.000,22.962000,1.437000,124.705372,3628,320,0,125,253,2150,11,0
18.317365,3.582000,117.000,22.962000,1.437000,124.705853,3628,320,0,125,253,2150,11,0
18.330340,12.975000,117.000,22.962000,1.437000,124.706314,3628,320,0,125,253,2150,11,0
18.333947,3.607000,117.000,22.962000,1.437000,124.706749,3628,320,0,125,253,2150,11,0
18.346940,12.993000,117.000,22.962000,1.437000,124.707199,3628,320,0,125,253,2150,11,0
18.350506,3.566000,117.000,22.962000,1.437000,124.707634,3628,320,0,125,253,2150,11,0
18.363526,13.020000,117.000,22.962000,1.437000,124.708130,3628,320,0,125,253,2150,11,0
18.367202,3.676000,117.000,22.962000,1.437000,124.708557,3628,320,0,124,247,2138,11,0
18.380215,13.013000,117.000,22.962000,1.437000,124.707939,3632,320,0,124,247,2138,11,0
18.383755,3.540000,117.000,22.962000,1.437000,124.708420,3632,320,0,125,247,2138,11,0
18.397074,13.319000,117.000,22.962000,1.437000,124.700607,3632,320,0,125,247,2138,11,0
18.400635,3.561000,117.000,22.962000,1.437000,124.701088,3632,320,0,125,247,2138,11,0
18.413624,12.989000,117.000,22.962000,1.437000,124.703228,3635,320,0,125,247,2138,11,0
18.417115,3.491000,117.000,22.962000,1.437000,124.703709,3635,320,0,123,247,2138,11,0
18.430220,13.105000,117.000,22.962000,1.437000,124.704155,3635,320,0,123,247,2138,11,0
18.433980,3.760000,117.000,22.962000,1.437000,124.704590,3635,320,0,125,247,2138,11,0
18.447026,13.046000,117.000,22.962000,1.437000,124.706699,3638,320,0,125,247,2138,11,0
18.450678,3.652000,117.000,22.962000,1.437000,124.707180,3638,320,0,125,247,2138,11,0
18.463872,13.194000,117.000,22.962000,1.437000,124.713615,3648,320,0,125,247,2138,11,0
18.467419,3.547000,117.000,22.962000,1.437000,124.714096,3648,320,0,125,247,2138,11,0
18.480365,12.946000,117.000,22.962000,1.437000,124.716221,3651,320,0,125,247,2138,11,0
18.483825,3.460000,117.000,22.962000,1.437000,124.716702,3651,320,0,125,247,2138,11,0
18.496937,13.112000,117.000,22.962000,1.437000,124.717194,3651,320,0,125,247,2138,11,0
18.500216,3.279000,117.000,22.962000,1.437000,124.717674,3651,320,0,125,247,2138,11,0
18.513474,13.258000,117.000,22.962000,1.437000,124.718124,3651,320,0,125,247,2138,11,0
18.544156,30.682000,117.000,22.962000,1.437000,124.826424,3713,329,0,173,335,2314,11,0
18.547368,3.212000,117.000,22.962000,1.437000,124.815231,3713,329,0,149,307,2258,11,0
18.563978,16.610000,117.000,22.962000,1.437000,124.818783,3710,329,0,159,317,2278,11,0
18.567990,4.012000,117.000,22.962000,1.437000,124.805454,3685,329,0,159,317,2278,11,0
18.580276,12.286000,117.000,22.962000,1.437000,124.805889,3685,329,0,149,307,2258,11,0
18.584115,3.839000,117.000,22.962000,1.437000,124.801506,3685,329,0,149,307,2258,11,0
18.596626,12.511000,117.000,22.962000,1.437000,124.803638,3688,329,0,149,307,2258,11,0
18.600706,4.080000,117.000,22.962000,1.437000,124.804119,3688,329,0,149,307,2258,11,0
18.607724,7.018000,117.000,22.962000,1.437000,124.804600,3688,329,0,149,307,2258,11,0
18.621990,14.266000,117.000,22.962000,1.437000,124.801800,3682,329,0,149,307,2258,11,0
18.629353,7.363000,117.000,22.962000,1.437000,124.802235,3682,329,0,149,307,2258,11,0
18.634978,5.625000,117.000,22.962000,1.437000,124.802715,3682,329,0,149,307,2258,11,0
18.639475,4.497000,117.000,22.962000,1.437000,124.803196,3682,329,0,149,307,2258,11,0
18.655101,15.626000,117.000,22.962000,1.437000,124.802036,3679,329,0,149,307,2258,11,0
18.658723,3.622000,117.000,22.962000,1.437000,124.800014,3675,329,0,149,307,2258,11,0
18.671319,12.596000,117.000,22.962000,1.437000,124.800442,3675,329,0,147,271,2186,11,0
18.679297,7.978000,117.000,22.962000,1.437000,124.796513,3673,329,0,147,271,2186,11,0
18.684477,5.180000,117.000,22.962000,1.437000,124.763947,3670,329,0,147,271,2186,11,0
18.696777,12.300000,117.000,22.962000,1.437000,124.764450,3670,329,0,147,271,2186,11,0
18.700427,3.650000,117.000,22.962000,1.437000,124.764931,3670,329,0,147,271,2186,11,0
18.713589,13.162000,117.000,22.962000,1.437000,124.763851,3667,329,0,147,271,2186,11,0
18.717315,3.726000,117.000,22.962000,1.437000,124.764332,3667,329,0,146,271,2186,11,0
18.730456,13.141000,117.000,22.962000,1.437000,124.766487,3670,329,0,146,271,2186,11,0
18.734324,3.868000,117.000,22.962000,1.437000,124.766762,3670,329,0,147,271,2186,11,0
18.746900,12.576000,117.000,22.962000,1.437000,124.765366,3667,329,0,147,271,2186,11,0
18.750614,3.714000,117.000,22.962000,1.437000,124.765778,3667,329,0,145,270,2184,11,0
18.763754,13.140000,117.000,22.962000,1.437000,124.766254,3667,329,0,145,270,2184,11,0
18.767658,3.904000,117.000,22.962000,1.437000,124.766735,3667,329,0,142,268,2180,11,0
18.774640,6.982000,117.000,22.962000,1.437000,124.758652,3666,325,0,141,267,2178,11,0
18.788398,13.758000,117.000,22.962000,1.437000,124.749153,3650,325,0,142,267,2178,11,0
18.796007,7.609000,117.000,22.962000,1.437000,124.749634,3650,325,0,140,265,2174,11,0
18.800959,4.952000,117.000,22.962000,1.437000,124.750099,3650,325,0,140,265,2174,11,0
18.812691,11.732000,117.000,22.962000,1.437000,124.748856,3647,325,0,139,264,2172,11,0
18.817866,5.175000,117.000,22.962000,1.437000,124.735416,3641,320,0,138,263,2170,11,0
18.823049,5.183000,117.000,22.962000,1.437000,124.729580,3631,320,0,139,263,2170,11,0
18.838374,15.325000,117.000,22.962000,1.437000,124.748638,3633,320,0,152,281,2206,11,0
18.845941,7.567000,117.000,22.962000,1.437000,124.743282,3633,320,0,140,269,2182,11,0
18.851397,5.456000,114.000,31.440000,1.409000,124.743748,3633,320,0,140,269,2182,11,0
18.856773,5.376000,114.000,31.440000,1.409000,124.744228,3633,320,0,140,269,2182,11,0
18.871703,14.930000,114.000,31.440000,1.409000,124.744709,3633,320,0,140,269,2182,11,0
18.879527,7.824000,114.000,31.440000,1.409000,124.745190,3633,320,0,140,269,2182,11,0
18.884350,4.823000,114.000,31.440000,1.409000,124.746586,3633,320,0,140,269,2182,11,1
18.895692,11.342000,114.000,31.440000,1.409000,124.747021,3633,320,0,140,269,2182,11,1
18.900170,4.478000,114.000,31.440000,1.409000,124.748154,3639,319,0,140,269,2182,11,0
18.912575,12.405000,114.000,31.440000,1.409000,124.745331,3634,319,0,141,269,2182,11,0
18.917316,4.741000,114.000,31.440000,1.409000,124.745796,3634,319,0,141,269,2182,11,0
18.929174,11.858000,114.000,31.440000,1.409000,124.746277,3634,319,0,141,269,2182,11,0
18.934045,4.871000,114.000,31.440000,1.409000,124.746773,3634,319,0,141,269,2182,11,0
18.945560,11.515000,114.000,31.440000,1.409000,124.747253,3634,319,0,141,269,2182,11,0
18.949666,4.106000,114.000,31.440000,1.409000,124.746048,3631,319,0,141,269,2182,11,0
18.962519,12.853000,114.000,31.440000,1.409000,124.746529,3631,319,0,141,269,2182,11,0
18.967525,5.006000,114.000,31.440000,1.409000,124.745285,3628,319,0,141,269,2182,11,0
18.979009,11.484000,114.000,31.440000,1.409000,124.741356,3626,319,0,140,263,2170,11,0
18.983829,4.820000,114.000,31.440000,1.409000,124.741852,3626,319,0,140,263,2170,11,0
18.995587,11.758000,114.000,31.440000,1.409000,124.741360,3626,319,0,138,261,2166,11,0
18.999867,4.280000,114.000,31.440000,1.409000,124.735233,3629,319,0,138,261,2166,11,0
19.012507,12.640000,114.000,31.440000,1.409000,124.735714,3629,319,0,137,261,2166,11,0
19.017352,4.845000,114.000,31.440000,1.409000,124.736160,3629,319,0,137,261,2166,11,0
19.029306,11.954000,114.000,31.440000,1.409000,124.739853,3634,319,0,138,261,2166,11,0
19.034299,4.993000,114.000,31.440000,1.409000,124.738434,3631,319,0,138,261,2166,11,0
19.046574,12.275000,114.000,31.440000,1.409000,124.738914,3631,319,0,137,261,2166,11,0
19.050889,4.315000,114.000,31.440000,1.409000,124.737740,3628,319,0,137,261,2166,11,0
19.063005,12.116000,114.000,31.440000,1.409000,124.744225,3638,319,0,137,261,2166,11,0
19.067919,4.914000,114.000,31.440000,1.409000,124.748055,3644,319,0,136,260,2164,11,0
19.079015,11.096000,114.000,31.440000,1.409000,124.748535,3644,319,0,137,260,2164,11,0
19.083835,4.820000,114.000,31.440000,1.409000,124.748978,3644,319,0,137,260,2164,11,0
19.095600,11.765000,114.000,31.440000,1.409000,124.749458,3644,319,0,136,260,2164,11,0
19.099819,4.219000,114.000,31.440000,1.409000,124.751514,3647,319,0,136,260,2164,11,0
19.112508,12.689000,114.000,31.440000,1.409000,124.751995,3647,319,0,137,260,2164,11,0
19.139465,26.957000,114.000,31.440000,1.409000,124.852161,3704,328,0,173,336,2316,11,0
19.145749,6.284000,114.000,31.440000,1.409000,124.855118,3707,328,0,173,336,2316,11,0
19.148640,2.891000,114.000,31.440000,1.409000,124.843761,3707,328,0,149,306,2256,11,0
19.163373,14.733000,114.000,31.440000,1.409000,124.827625,3677,328,0,149,306,2256,11,0
19.167397,4.024000,114.000,31.440000,1.409000,124.828106,3677,328,0,138,295,2234,11,0
19.180310,12.913000,114.000,31.440000,1.409000,124.814934,3675,325,0,138,295,2234,11,0
19.184212,3.902000,114.000,31.440000,1.409000,124.811676,3669,325,0,138,295,2234,11,0
19.196462,12.250000,114.000,31.440000,1.409000,124.812157,3669,325,0,138,295,2234,11,0
19.199874,3.412000,114.000,31.440000,1.409000,124.812637,3669,325,0,138,295,2234,11,0
19.213887,14.013000,114.000,31.440000,1.409000,124.828270,3679,329,0,138,295,2234,11,0
19.218181,4.294000,114.000,31.440000,1.409000,124.829437,3679,329,0,138,296,2236,11,0
19.224953,6.772000,114.000,31.440000,1.409000,124.944515,3793,353,0,138,296,2236,11,0
19.237247,12.294000,114.000,31.440000,1.409000,124.947765,3793,353,0,150,308,2260,11,0
19.246623,9.376000,114.000,31.440000,1.409000,124.946560,3790,353,0,150,308,2260,11,0
19.250486,3.863000,114.000,31.440000,1.409000,124.947041,3790,353,0,150,308,2260,11,0
19.263948,13.462000,114.000,31.440000,1.409000,124.945019,3786,353,0,150,308,2260,11,0
19.268212,4.264000,114.000,31.440000,1.409000,124.941036,3784,353,0,148,272,2188,11,0
19.274659,6.447000,114.000,31.440000,1.409000,124.943169,3787,353,0,148,272,2188,11,0
19.287409,12.750000,114.000,31.440000,1.409000,124.943649,3787,353,0,148,272,2188,11,0
19.297084,9.675000,114.000,31.440000,1.409000,124.912750,3787,353,0,148,272,2188,11,0
19.300812,3.728000,114.000,31.440000,1.409000,124.913231,3787,353,0,148,272,2188,11,0
19.314200,13.388000,114.000,31.440000,1.409000,124.910416,3781,353,0,148,272,2188,11,0
19.318310,4.110000,114.000,31.440000,1.409000,124.910828,3781,353,0,148,272,2188,11,0
19.324533,6.223000,114.000,31.440000,1.409000,124.911316,3781,353,0,148,272,2188,11,0
19.337505,12.972000,114.000,31.440000,1.409000,124.911797,3781,353,0,148,272,2188,11,0
19.342591,5.086000,114.000,31.440000,1.409000,124.910500,3778,353,0,148,272,2188,11,0
19.348212,5.621000,114.000,31.440000,1.409000,124.907478,3772,353,0,148,272,2188,11,0
19.364104,15.892000,114.000,31.440000,1.409000,124.780640,3722,313,0,147,271,2186,11,0
19.368045,3.941000,114.000,31.440000,1.409000,124.747314,3669,313,0,137,251,2146,11,0
19.374109,6.064000,114.000,31.440000,1.409000,124.747810,3669,313,0,135,249,2142,11,0
19.387429,13.320000,114.000,31.440000,1.409000,124.748291,3669,313,0,134,248,2140,11,0
19.397141,9.712000,114.000,31.440000,1.409000,124.738308,3665,309,0,133,247,2138,11,0
19.400554,3.413000,114.000,31.440000,1.409000,124.734440,3658,309,0,133,247,2138,11,0
19.413743,13.189000,114.000,31.440000,1.409000,124.730091,3650,309,0,131,245,2134,11,0
19.417299,3.556000,114.000,31.440000,1.409000,124.730488,3650,309,0,129,244,2132,11,0
19.430342,13.043000,114.000,31.440000,1.409000,124.729130,3647,309,0,128,243,2130,11,0
19.434114,3.772000,114.000,31.440000,1.409000,124.715946,3641,304,0,129,243,2130,11,0
19.446672,12.558000,114.000,31.440000,1.409000,124.711712,3634,304,0,129,243,2130,11,0
19.452968,6.296000,114.000,31.440000,1.409000,124.730770,3636,304,0,142,261,2166,11,0
19.459156,6.188000,114.000,31.440000,1.409000,124.731266,3636,304,0,142,261,2166,11,0
19.470898,11.742000,114.000,31.440000,1.409000,124.725910,3636,304,0,130,249,2142,11,0
19.475681,4.783000,114.000,31.440000,1.409000,124.726376,3636,304,0,130,249,2142,11,0
19.487383,11.702000,114.000,31.440000,1.409000,124.726856,3636,304,0,130,249,2142,11,0
19.496857,9.474000,114.000,31.440000,1.409000,124.727322,3636,304,0,130,249,2142,11,0
19.500491,3.634000,114.000,31.440000,1.409000,124.727802,3636,304,0,130,249,2142,11,0
19.513513,13.022000,114.000,31.440000,1.409000,124.726673,3633,304,0,130,249,2142,11,0
19.517177,3.664000,114.000,31.440000,1.409000,124.727154,3633,304,0,130,249,2142,11,0
19.530315,13.138000,114.000,31.440000,1.409000,124.727619,3633,304,0,130,249,2142,11,0
19.534078,3.763000,114.000,31.440000,1.409000,124.728100,3633,304,0,130,249,2142,11,0
19.546731,12.653000,114.000,31.440000,1.409000,124.728580,3633,304,0,130,249,2142,11,0
19.550355,3.624000,114.000,31.440000,1.409000,124.729061,3633,304,0,130,249,2142,11,0
19.563776,13.421000,114.000,31.440000,1.409000,124.729542,3633,304,0,130,249,2142,11,0
19.567686,3.910000,114.000,31.440000,1.409000,124.730022,3633,304,0,130,249,2142,11,0
19.580072,12.386000,114.000,31.440000,1.409000,124.730488,3633,304,0,130,249,2142,11,0
19.583783,3.711000,114.000,31.440000,1.409000,124.719978,3629,300,0,130,249,2142,11,0
19.596604,12.821000,114.000,31.440000,1.409000,124.717239,3623,300,0,129,243,2130,11,0
19.600367,3.763000,114.000,31.440000,1.409000,124.713310,3621,300,0,129,243,2130,11,0
19.613775,13.408000,114.000,31.440000,1.409000,124.712833,3621,300,0,127,241,2126,11,0
19.617517,3.742000,114.000,31.440000,1.409000,124.704990,3621,300,0,127,241,2126,11,0
19.630437,12.920000,114.000,31.440000,1.409000,124.705479,3621,300,0,127,241,2126,11,0
19.634168,3.731000,114.000,31.440000,1.409000,124.705959,3621,300,0,127,241,2126,11,0
19.647056,12.888000,114.000,31.440000,1.409000,124.706470,3621,300,0,127,241,2126,11,0
19.650446,3.390000,114.000,31.440000,1.409000,124.706951,3621,300,0,127,241,2126,11,0
19.663644,13.198000,114.000,31.440000,1.409000,124.707417,3621,300,0,127,241,2126,11,0
19.667303,3.659000,114.000,31.440000,1.409000,124.707897,3621,300,0,126,241,2126,11,0
19.680273,12.970000,114.000,31.440000,1.409000,124.712742,3628,300,0,126,241,2126,11,0
19.683760,3.487000,114.000,31.440000,1.409000,124.713223,3628,300,0,126,241,2126,11,0
19.696775,13.015000,114.000,31.440000,1.409000,124.713680,3628,300,0,126,241,2126,11,0
19.700282,3.507000,114.000,31.440000,1.409000,124.714161,3628,300,0,127,241,2126,11,0
19.713655,13.373000,114.000,31.440000,1.409000,124.716286,3631,300,0,127,241,2126,11,0
19.717251,3.596000,114.000,31.440000,1.409000,124.728165,3649,300,0,126,241,2126,11,0
19.730333,13.082000,114.000,31.440000,1.409000,124.694950,3595,300,0,126,241,2126,11,0
19.761601,31.268000,114.000,31.440000,1.409000,124.799488,3652,309,0,172,325,2294,11,0
19.766004,4.403000,114.000,31.440000,1.409000,124.788296,3652,309,0,148,295,2234,11,0
19.780262,14.258000,114.000,31.440000,1.409000,124.788754,3652,309,0,148,295,2234,11,0
19.785473,5.211000,114.000,31.440000,1.409000,124.794628,3652,309,0,148,295,2234,11,0
19.790618,5.145000,114.000,31.440000,1.409000,124.776043,3628,309,0,148,295,2234,11,0
19.804197,13.579000,114.000,31.440000,1.409000,124.776524,3628,309,0,149,295,2234,11,0
19.809755,5.558000,114.000,31.440000,1.409000,124.777004,3628,309,0,149,295,2234,11,0
19.815147,5.392000,114.000,31.440000,1.409000,124.777485,3628,309,0,149,295,2234,11,0
19.830332,15.185000,114.000,31.440000,1.409000,124.781296,3634,309,0,149,295,2234,11,0
19.834491,4.159000,114.000,31.440000,1.409000,124.781776,3634,309,0,149,295,2234,11,0
19.841120,6.629000,114.000,31.440000,1.409000,124.782238,3634,309,0,149,295,2234,11,0
19.855433,14.313000,114.000,31.440000,1.409000,124.784344,3637,309,0,149,295,2234,11,0
19.861208,5.775000,116.000,30.264000,1.714000,124.784824,3637,309,0,149,295,2234,11,0
19.867282,6.074000,116.000,30.264000,1.714000,124.785305,3637,309,0,149,295,2234,11,0
19.878764,11.482000,116.000,30.264000,1.714000,124.783283,3633,309,0,149,295,2234,11,0
19.882321,3.557000,116.000,30.264000,1.714000,124.785362,3636,309,0,147,259,2162,11,0
19.895553,13.232000,116.000,30.264000,1.714000,124.807011,3669,310,0,147,259,2162,11,0
19.898610,3.057000,116.000,30.264000,1.714000,124.796093,3651,310,0,148,260,2164,11,0
19.912190,13.580000,116.000,30.264000,1.714000,124.765121,3651,310,0,148,260,2164,11,0
19.915545,3.355000,116.000,30.264000,1.714000,124.767197,3654,310,0,148,260,2164,11,0
19.928815,13.270000,116.000,30.264000,1.714000,124.767677,3654,310,0,148,260,2164,11,0
19.931893,3.078000,116.000,30.264000,1.714000,124.768135,3654,310,0,148,260,2164,11,0
19.945758,13.865000,116.000,30.264000,1.714000,124.768616,3654,310,0,148,260,2164,11,0
19.950870,5.112000,116.000,30.264000,1.714000,124.767395,3651,310,0,148,260,2164,11,0
19.962550,11.680000,116.000,30.264000,1.714000,124.767693,3651,310,0,147,260,2164,11,0
19.967577,5.027000,116.000,30.264000,1.714000,124.764641,3645,310,0,147,260,2164,11,0
19.979216,11.639000,116.000,30.264000,1.714000,124.765121,3645,310,0,146,259,2162,11,0
19.984583,5.367000,116.000,30.264000,1.714000,124.767235,3648,310,0,146,259,2162,11,0
19.995567,10.984000,116.000,30.264000,1.714000,124.767715,3648,310,0,144,257,2158,11,0
20.000153,4.586000,116.000,30.264000,1.714000,124.769119,3648,310,0,143,256,2156,11,1
20.012866,12.713000,116.000,30.264000,1.714000,124.759197,3644,306,0,143,256,2156,11,1
20.018192,5.326000,116.000,30.264000,1.714000,124.751194,3637,305,0,143,256,2156,11,0
20.023189,4.997000,116.000,30.264000,1.714000,124.748417,3632,305,0,141,254,2152,11,0
20.038084,14.895000,116.000,30.264000,1.714000,124.748783,3632,305,0,141,253,2150,11,0
20.045580,7.496000,116.000,30.264000,1.714000,124.747395,3629,305,0,140,252,2148,11,0
20.050267,4.687000,116.000,30.264000,1.714000,124.734135,3623,300,0,140,252,2148,11,0
20.062430,12.163000,116.000,30.264000,1.714000,124.725018,3607,300,0,139,252,2148,11,0
20.070662,8.232000,116.000,30.264000,1.714000,124.741604,3609,300,0,151,267,2178,11,0
20.074220,3.558000,116.000,30.264000,1.714000,124.742085,3609,300,0,140,261,2166,11,0
20.088133,13.913000,116.000,30.264000,1.714000,124.735058,3606,300,0,128,249,2142,11,0
20.095383,7.250000,116.000,30.264000,1.714000,124.735538,3606,300,0,128,249,2142,11,0
20.097907,2.524000,116.000,30.264000,1.714000,124.736019,3606,300,0,128,249,2142,11,0
20.112037,14.130000,116.000,30.264000,1.714000,124.736500,3606,300,0,128,249,2142,11,0
20.114928,2.891000,116.000,30.264000,1.714000,124.735310,3603,300,0,128,249,2142,11,0
20.128818,13.890000,116.000,30.264000,1.714000,124.735790,3603,300,0,128,249,2142,11,0
20.131684,2.866000,116.000,30.264000,1.714000,124.736286,3603,300,0,128,249,2142,11,0
20.145290,13.606000,116.000,30.264000,1.714000,124.736767,3603,300,0,128,249,2142,11,0
20.147849,2.559000,116.000,30.264000,1.714000,124.737232,3603,300,0,128,249,2142,11,0
20.162165,14.316000,116.000,30.264000,1.714000,124.737713,3603,300,0,128,249,2142,11,0
20.165086,2.921000,116.000,30.264000,1.714000,124.738194,3603,300,0,128,249,2142,11,0
20.178758,13.672000,116.000,30.264000,1.714000,124.738674,3603,300,0,128,249,2142,11,0
20.181717,2.959000,116.000,30.264000,1.714000,124.739170,3603,300,0,127,248,2140,11,0
20.195652,13.935000,116.000,30.264000,1.714000,124.739651,3603,300,0,127,248,2140,11,0
20.200109,4.457000,116.000,30.264000,1.714000,124.740131,3603,300,0,127,248,2140,11,0
20.215159,15.050000,116.000,30.264000,1.714000,124.740528,3603,300,0,126,243,2130,11,0
20.219395,4.236000,116.000,30.264000,1.714000,124.734959,3598,300,0,126,243,2130,11,0
20.224392,4.997000,116.000,30.264000,1.714000,124.728615,3598,300,0,126,243,2130,11,0
20.237545,13.153000,116.000,30.264000,1.714000,124.729095,3598,300,0,126,243,2130,11,0
20.246764,9.219000,116.000,30.264000,1.714000,124.729607,3598,300,0,125,237,2118,11,0
20.250187,3.423000,116.000,30.264000,1.714000,124.730087,3598,300,0,125,237,2118,11,0
20.263762,13.575000,116.000,30.264000,1.714000,124.711418,3568,300,0,125,237,2118,11,0
20.267471,3.709000,116.000,30.264000,1.714000,124.711899,3568,300,0,123,236,2116,11,0
20.280239,12.768000,116.000,30.264000,1.714000,124.701958,3563,297,0,123,236,2116,11,0
20.283777,3.538000,116.000,30.264000,1.714000,124.704750,3567,297,0,123,236,2116,11,0
20.296879,13.102000,116.000,30.264000,1.714000,124.705200,3567,297,0,123,236,2116,11,0
20.300472,3.593000,116.000,30.264000,1.714000,124.705681,3567,297,0,124,236,2116,11,0
20.313994,13.522000,116.000,30.264000,1.714000,124.722752,3577,301,0,124,236,2116,11,0
20.317542,3.548000,116.000,30.264000,1.714000,124.723919,3577,301,0,126,238,2120,11,0
20.330686,13.144000,116.000,30.264000,1.714000,124.724365,3577,301,0,126,238,2120,11,0
20.334145,3.459000,116.000,30.264000,1.714000,124.724846,3577,301,0,125,238,2120,11,0
20.367162,33.017000,116.000,30.264000,1.714000,124.842987,3641,311,0,160,312,2268,11,0
20.380082,12.920000,116.000,30.264000,1.714000,125.008488,3761,359,0,124,272,2188,11,0
20.383162,3.080000,116.000,30.264000,1.714000,125.017712,3761,359,0,136,296,2236,11,0
20.396808,13.646000,116.000,30.264000,1.714000,125.022232,3758,359,0,148,308,2260,11,0
20.400804,3.996000,116.000,30.264000,1.714000,125.006142,3728,359,0,136,296,2236,11,0
20.413530,12.726000,116.000,30.264000,1.714000,125.000786,3728,359,0,136,296,2236,11,0
20.417601,4.071000,116.000,30.264000,1.714000,125.001221,3728,359,0,136,296,2236,11,0
20.430995,13.394000,116.000,30.264000,1.714000,125.003372,3731,359,0,136,296,2236,11,0
20.434918,3.923000,116.000,30.264000,1.714000,125.003853,3731,359,0,136,296,2236,11,0
20.440463,5.545000,116.000,30.264000,1.714000,125.004333,3731,359,0,136,296,2236,11,0
20.454066,13.603000,116.000,30.264000,1.714000,125.004814,3731,359,0,136,296,2236,11,0
20.459571,5.505000,116.000,30.264000,1.714000,125.005295,3731,359,0,136,296,2236,11,0
20.465937,6.366000,116.000,30.264000,1.714000,125.005775,3731,359,0,136,296,2236,11,0
20.479008,13.071000,116.000,30.264000,1.714000,125.006256,3731,359,0,136,296,2236,11,0
20.484073,5.065000,116.000,30.264000,1.714000,125.007572,3733,359,0,136,296,2236,11,0
20.495526,11.453000,116.000,30.264000,1.714000,125.007999,3733,359,0,136,260,2164,11,0
20.499750,4.224000,116.000,30.264000,1.714000,125.004070,3731,359,0,136,260,2164,11,0
20.512350,12.600000,116.000,30.264000,1.714000,125.004505,3731,359,0,136,260,2164,11,0
20.517521,5.171000,116.000,30.264000,1.714000,124.975170,3734,359,0,136,260,2164,11,0
20.529189,11.668000,116.000,30.264000,1.714000,124.975651,3734,359,0,136,260,2164,11,0
20.534436,5.247000,116.000,30.264000,1.714000,124.976116,3734,359,0,136,260,2164,11,0
20.545552,11.116000,116.000,30.264000,1.714000,124.976597,3734,359,0,136,260,2164,11,0
20.549936,4.384000,116.000,30.264000,1.714000,124.978741,3737,359,0,136,260,2164,11,0
20.562528,12.592000,116.000,30.264000,1.714000,124.979221,3737,359,0,135,260,2164,11,0
20.567839,5.311000,116.000,30.264000,1.714000,124.979504,3737,359,0,135,260,2164,11,0
20.580117,12.278000,116.000,30.264000,1.714000,124.976482,3731,359,0,135,260,2164,11,0
20.585014,4.897000,116.000,30.264000,1.714000,124.978580,3734,359,0,134,259,2162,11,0
20.588990,3.976000,116.000,30.264000,1.714000,124.979061,3734,359,0,134,259,2162,11,0
20.605356,16.366000,116.000,30.264000,1.714000,124.979519,3734,359,0,132,257,2158,11,0
20.609059,3.703000,116.000,30.264000,1.714000,124.980000,3734,359,0,131,256,2156,11,0
20.621875,12.816000,116.000,30.264000,1.714000,124.970016,3730,355,0,131,256,2156,11,0
20.629312,7.437000,116.000,30.264000,1.714000,124.966148,3723,355,0,131,256,2156,11,0
20.634088,4.776000,116.000,30.264000,1.714000,124.966629,3723,355,0,129,254,2152,11,0
20.645562,11.474000,116.000,30.264000,1.714000,124.967026,3723,355,0,128,253,2150,11,0
20.649809,4.247000,116.000,30.264000,1.714000,124.964012,3717,355,0,127,252,2148,11,0
20.664797,14.988000,116.000,30.264000,1.714000,124.950752,3711,350,0,128,252,2148,11,0
20.671988,7.191000,116.000,30.264000,1.714000,124.961071,3703,350,0,139,267,2178,11,0
20.676995,5.007000,116.000,30.264000,1.714000,124.963215,3706,350,0,139,267,2178,11,0
20.681579,4.584000,116.000,30.264000,1.714000,124.958832,3706,350,0,129,257,2158,11,0
20.696975,15.396000,116.000,30.264000,1.714000,124.959305,3706,350,0,129,257,2158,11,0
20.700140,3.165000,116.000,30.264000,1.714000,124.959785,3706,350,0,129,257,2158,11,0
20.714358,14.218000,116.000,30.264000,1.714000,124.956924,3700,350,0,129,257,2158,11,0
20.718033,3.675000,116.000,30.264000,1.714000,124.957405,3700,350,0,129,257,2158,11,0
20.724860,6.827000,116.000,30.264000,1.714000,124.957916,3700,350,0,129,257,2158,11,0
20.737160,12.300000,116.000,30.264000,1.714000,124.958351,3700,350,0,129,257,2158,11,0
20.748323,11.163000,116.000,30.264000,1.714000,124.957146,3697,350,0,129,257,2158,11,0
20.751803,3.480000,116.000,30.264000,1.714000,124.957626,3697,350,0,129,257,2158,11,0
20.758155,6.352000,116.000,30.264000,1.714000,124.958092,3697,350,0,129,257,2158,11,0
20.770930,12.775000,116.000,30.264000,1.714000,124.958572,3697,350,0,129,257,2158,11,0
20.776145,5.215000,116.000,30.264000,1.714000,124.957367,3694,350,0,129,257,2158,11,0
20.781587,5.442000,116.000,30.264000,1.714000,124.957848,3694,350,0,129,257,2158,11,0
20.796965,15.378000,116.000,30.264000,1.714000,124.958313,3694,350,0,129,257,2158,11,0
20.800400,3.435000,116.000,30.264000,1.714000,124.958794,3694,350,0,129,257,2158,11,0
20.813692,13.292000,116.000,30.264000,1.714000,124.957516,3691,350,0,128,252,2148,11,0
20.817628,3.936000,116.000,30.264000,1.714000,124.953587,3689,350,0,128,252,2148,11,0
20.824838,7.210000,116.000,30.264000,1.714000,124.954082,3689,350,0,128,252,2148,11,0
20.837501,12.663000,116.000,30.264000,1.714000,124.947697,3689,350,0,128,252,2148,11,0
20.847295,9.794000,116.000,30.264000,1.714000,124.949848,3692,350,0,128,252,2148,11,0
20.851170,3.875000,116.000,32.299000,1.533000,124.950329,3692,350,0,128,252,2148,11,0
20.862743,11.573000,116.000,32.299000,1.533000,124.950741,3692,350,0,128,252,2148,11,0
20.866330,3.587000,116.000,32.299000,1.533000,124.951221,3692,350,0,128,252,2148,11,0
20.880080,13.750000,116.000,32.299000,1.533000,124.951656,3692,350,0,128,252,2148,11,0
20.883646,3.566000,116.000,32.299000,1.533000,124.952091,3692,350,0,128,252,2148,11,0
20.896963,13.317000,116.000,32.299000,1.533000,124.960220,3705,350,0,128,252,2148,11,0
20.900280,3.317000,116.000,32.299000,1.533000,124.960701,3705,350,0,128,252,2148,11,0
20.913752,13.472000,116.000,32.299000,1.533000,124.959492,3702,350,0,128,252,2148,11,0
20.917322,3.570000,116.000,32.299000,1.533000,124.959972,3702,350,0,127,252,2148,11,0
20.930571,13.249000,116.000,32.299000,1.533000,124.979946,3721,354,0,127,252,2148,11,0
20.934396,3.825000,116.000,32.299000,1.533000,124.980850,3721,354,0,130,254,2152,11,0
20.946574,12.178000,116.000,32.299000,1.533000,124.981255,3721,354,0,130,254,2152,11,0
20.976517,29.943000,116.000,32.299000,1.533000,125.088745,3783,363,0,176,338,2320,11,0
20.995904,19.387000,116.000,32.299000,1.533000,125.076580,3783,363,0,150,308,2260,11,0
20.999147,3.243000,116.000,32.299000,1.533000,125.081772,3783,363,0,160,318,2280,11,0
21.013016,13.869000,116.000,32.299000,1.533000,125.070118,3761,363,0,148,306,2256,11,0
21.016856,3.840000,116.000,32.299000,1.533000,125.064762,3761,363,0,148,306,2256,11,0
21.029161,12.305000,116.000,32.299000,1.533000,125.065243,3761,363,0,148,306,2256,11,0
21.034186,5.025000,116.000,32.299000,1.533000,125.065723,3761,363,0,148,306,2256,11,0
21.046583,12.397000,116.000,32.299000,1.533000,125.066204,3761,363,0,148,306,2256,11,0
21.050623,4.040000,116.000,32.299000,1.533000,125.066685,3761,363,0,148,306,2256,11,0
21.063645,13.022000,116.000,32.299000,1.533000,125.067165,3761,363,0,148,306,2256,11,0
21.067770,4.125000,116.000,32.299000,1.533000,125.067646,3761,363,0,148,306,2256,11,0
21.074322,6.552000,116.000,32.299000,1.533000,125.066441,3758,363,0,148,306,2256,11,0
21.087296,12.974000,116.000,32.299000,1.533000,125.064419,3754,363,0,148,306,2256,11,0
21.096566,9.270000,116.000,32.299000,1.533000,125.065815,3754,363,0,146,270,2184,11,1
21.100387,3.821000,116.000,32.299000,1.533000,125.066296,3754,363,0,146,270,2184,11,1
21.113931,13.544000,116.000,32.299000,1.533000,125.073822,3761,362,0,146,270,2184,11,0
21.118079,4.148000,116.000,32.299000,1.533000,125.396397,3756,362,0,147,270,2184,11,0
21.124468,6.389000,116.000,32.299000,1.533000,125.395229,3753,362,0,147,270,2184,11,0
21.137448,12.980000,116.000,32.299000,1.533000,125.395710,3753,362,0,147,270,2184,11,0
21.146817,9.369000,116.000,32.299000,1.533000,125.397381,3753,362,0,147,270,2184,11,2
21.172587,25.770000,116.000,32.299000,1.533000,125.398514,3753,362,0,147,270,2184,11,2
21.179229,6.642000,116.000,32.299000,1.533000,125.398788,3753,362,0,146,270,2184,11,2
21.184614,5.385000,116.000,32.299000,1.533000,125.400928,3765,360,0,146,270,2184,11,0
21.189486,4.872000,116.000,32.299000,1.533000,125.394939,3755,360,0,148,269,2182,11,0
21.205457,15.971000,116.000,32.299000,1.533000,125.395393,3755,360,0,148,269,2182,11,0
21.212526,7.069000,116.000,32.299000,1.533000,125.395874,3755,360,0,146,267,2178,11,0
21.217910,5.384000,116.000,32.299000,1.533000,125.397999,3758,360,0,145,266,2176,11,0
21.223740,5.830000,116.000,32.299000,1.533000,125.388031,3754,356,0,144,266,2176,11,0
21.238438,14.698000,116.000,32.299000,1.533000,125.382427,3744,356,0,144,266,2176,11,0
21.245847,7.409000,116.000,32.299000,1.533000,125.382908,3744,356,0,143,264,2172,11,0
21.250898,5.051000,116.000,32.299000,1.533000,125.384964,3747,356,0,142,263,2170,11,0
21.262506,11.608000,116.000,32.299000,1.533000,125.383575,3744,356,0,141,262,2168,11,0
21.267541,5.035000,116.000,32.299000,1.533000,125.370312,3738,351,0,141,262,2168,11,0
21.279158,11.617000,116.000,32.299000,1.533000,125.364475,3728,351,0,141,262,2168,11,0
21.286246,7.088000,116.000,32.299000,1.533000,125.385208,3733,351,0,152,279,2202,11,0
21.290123,3.877000,116.000,32.299000,1.533000,125.385689,3733,351,0,142,269,2182,11,0
21.305383,15.260000,116.000,32.299000,1.533000,125.381290,3733,351,0,142,269,2182,11,0
21.309191,3.808000,116.000,32.299000,1.533000,125.381771,3733,351,0,142,269,2182,11,0
21.315860,6.669000,116.000,32.299000,1.533000,125.382267,3733,351,0,142,269,2182,11,0
21.329003,13.143000,116.000,32.299000,1.533000,125.382702,3733,351,0,142,269,2182,11,0
21.334066,5.063000,116.000,32.299000,1.533000,125.383167,3733,351,0,142,269,2182,11,0
21.345787,11.721000,116.000,32.299000,1.533000,125.314957,3708,326,0,141,268,2180,11,0
21.355520,9.733000,116.000,32.299000,1.533000,125.292397,3665,326,0,139,266,2176,11,0
21.359247,3.727000,116.000,32.299000,1.533000,125.292831,3665,326,0,139,266,2176,11,0
21.371815,12.568000,116.000,32.299000,1.533000,125.293327,3665,326,0,139,266,2176,11,0
21.379176,7.361000,116.000,32.299000,1.533000,125.293808,3665,326,0,138,265,2174,11,0
21.384209,5.033000,116.000,32.299000,1.533000,125.285503,3663,323,0,138,265,2174,11,0
21.395757,11.548000,116.000,32.299000,1.533000,125.282291,3657,323,0,138,265,2174,11,0
21.400731,4.974000,116.000,32.299000,1.533000,125.282757,3657,323,0,138,265,2174,11,0
21.412473,11.742000,116.000,32.299000,1.533000,125.283237,3657,323,0,138,265,2174,11,0
21.417535,5.062000,116.000,32.299000,1.533000,125.295605,3661,327,0,138,265,2174,11,0
21.429238,11.703000,116.000,32.299000,1.533000,125.296719,3661,327,0,138,261,2166,11,0
21.434565,5.327000,116.000,32.299000,1.533000,125.292770,3659,327,0,138,261,2166,11,0
21.439879,5.314000,116.000,32.299000,1.533000,125.293251,3659,327,0,136,259,2162,11,0
21.455324,15.445000,116.000,32.299000,1.533000,125.262802,3646,321,0,136,259,2162,11,0
21.459029,3.705000,116.000,32.299000,1.533000,125.255898,3634,321,0,136,259,2162,11,0
21.471785,12.756000,116.000,32.299000,1.533000,125.256378,3634,321,0,136,259,2162,11,0
21.478984,7.199000,116.000,32.299000,1.533000,125.256859,3634,321,0,137,259,2162,11,0
21.483674,4.690000,116.000,32.299000,1.533000,125.255684,3631,321,0,137,259,2162,11,0
21.495644,11.970000,116.000,32.299000,1.533000,125.256165,3631,321,0,137,259,2162,11,0
21.500543,4.899000,116.000,32.299000,1.533000,125.256645,3631,321,0,137,259,2162,11,0
21.512465,11.922000,116.000,32.299000,1.533000,125.263130,3641,321,0,136,259,2162,11,0
21.517547,5.082000,116.000,32.299000,1.533000,125.263870,3641,321,0,136,259,2162,11,0
21.529122,11.575000,116.000,32.299000,1.533000,125.258736,3632,321,0,136,259,2162,11,0
21.533918,4.796000,116.000,32.299000,1.533000,125.259232,3632,321,0,136,259,2162,11,0
21.546050,12.132000,116.000,32.299000,1.533000,125.259712,3632,321,0,136,259,2162,11,0
21.550152,4.102000,116.000,32.299000,1.533000,125.261810,3635,321,0,136,259,2162,11,0
21.562480,12.328000,116.000,32.299000,1.533000,125.262291,3635,321,0,136,259,2162,11,0
21.591469,28.989000,116.000,32.299000,1.533000,125.362099,3692,330,0,172,335,2314,11,0
21.596221,4.752000,116.000,32.299000,1.533000,125.345070,3692,330,0,136,295,2234,11,0
21.600576,4.355000,116.000,32.299000,1.533000,125.350262,3692,330,0,146,305,2254,11,0
21.613389,12.813000,116.000,32.299000,1.533000,125.336933,3667,330,0,146,305,2254,11,0
21.617288,3.899000,116.000,32.299000,1.533000,125.330910,3664,330,0,136,295,2234,11,0
21.630066,12.778000,116.000,32.299000,1.533000,125.331390,3664,330,0,136,295,2234,11,0
21.634046,3.980000,116.000,32.299000,1.533000,125.331871,3664,330,0,136,295,2234,11,0
21.645664,11.618000,116.000,32.299000,1.533000,125.332352,3664,330,0,136,295,2234,11,0
21.647929,2.265000,116.000,32.299000,1.533000,125.332832,3664,330,0,136,295,2234,11,0
21.662499,14.570000,116.000,32.299000,1.533000,125.333313,3664,330,0,136,295,2234,11,0
21.664924,2.425000,116.000,32.299000,1.533000,125.333794,3664,330,0,136,295,2234,11,0
21.679083,14.159000,116.000,32.299000,1.533000,125.334274,3664,330,0,136,295,2234,11,0
21.681423,2.340000,116.000,32.299000,1.533000,125.334755,3664,330,0,136,295,2234,11,0
21.695638,14.215000,116.000,32.299000,1.533000,125.335236,3664,330,0,136,295,2234,11,0
21.697871,2.233000,116.000,32.299000,1.533000,125.333214,3660,330,0,136,295,2234,11,0
21.712293,14.422000,116.000,32.299000,1.533000,125.336906,3665,330,0,134,259,2162,11,0
21.714345,2.052000,116.000,32.299000,1.533000,125.335487,3662,330,0,134,259,2162,11,0
21.728868,14.523000,116.000,32.299000,1.533000,125.335915,3662,330,0,134,259,2162,11,0
21.730816,1.948000,116.000,32.299000,1.533000,125.300579,3660,330,0,134,259,2162,11,0
21.745795,14.979000,116.000,32.299000,1.533000,125.301079,3660,330,0,134,259,2162,11,0
21.747634,1.839000,116.000,32.299000,1.533000,125.301559,3660,330,0,135,259,2162,11,0
21.762319,14.685000,116.000,32.299000,1.533000,125.302040,3660,330,0,135,259,2162,11,0
21.764101,1.782000,116.000,32.299000,1.533000,125.302521,3660,330,0,135,259,2162,11,0
21.779042,14.941000,116.000,32.299000,1.533000,125.302990,3660,330,0,135,259,2162,11,0
21.780847,1.805000,116.000,32.299000,1.533000,125.301693,3657,330,0,134,259,2162,11,0
21.795541,14.694000,116.000,32.299000,1.533000,125.298672,3651,330,0,134,259,2162,11,0
21.797388,1.847000,116.000,32.299000,1.533000,125.299152,3651,330,0,133,258,2160,11,0
21.812460,15.072000,116.000,32.299000,1.533000,125.299633,3651,330,0,133,258,2160,11,0
21.814222,1.762000,116.000,32.299000,1.533000,125.300068,3651,330,0,132,256,2156,11,0
21.829080,14.858000,116.000,32.299000,1.533000,125.302223,3654,330,0,132,256,2156,11,0
21.830813,1.733000,116.000,32.299000,1.533000,125.292255,3650,326,0,130,255,2154,11,0
21.845725,14.912000,116.000,32.299000,1.533000,125.288307,3643,326,0,130,255,2154,11,0
21.853955,8.230000,112.000,29.399000,1.439000,125.288757,3643,326,0,129,253,2150,11,0
21.855643,1.688000,112.000,29.399000,1.439000,125.289154,3643,326,0,126,252,2148,11,0
21.870902,15.259000,112.000,29.399000,1.439000,125.287781,3640,326,0,125,251,2146,11,0
21.878602,7.700000,112.000,29.399000,1.439000,125.274597,3634,321,0,126,251,2146,11,0
21.880980,2.378000,112.000,29.399000,1.439000,125.272049,3630,321,0,126,251,2146,11,0
21.895361,14.381000,112.000,29.399000,1.439000,125.291046,3632,321,0,139,268,2180,11,0
21.897701,2.340000,112.000,29.399000,1.439000,125.291523,3632,321,0,139,268,2180,11,0
21.912033,14.332000,112.000,29.399000,1.439000,125.286167,3632,321,0,127,256,2156,11,0
21.914318,2.285000,112.000,29.399000,1.439000,125.288303,3635,321,0,127,256,2156,11,0
21.928693,14.375000,112.000,29.399000,1.439000,125.288784,3635,321,0,127,256,2156,11,0
21.931002,2.309000,112.000,29.399000,1.439000,125.289280,3635,321,0,127,256,2156,11,0
21.945384,14.382000,112.000,29.399000,1.439000,125.289761,3635,321,0,127,256,2156,11,0
21.947750,2.366000,112.000,29.399000,1.439000,125.291878,3638,321,0,127,256,2156,11,0
21.961966,14.216000,112.000,29.399000,1.439000,125.292313,3638,321,0,127,256,2156,11,0
21.964107,2.141000,112.000,29.399000,1.439000,125.292793,3638,321,0,127,256,2156,11,0
21.978649,14.542000,112.000,29.399000,1.439000,125.293274,3638,321,0,127,256,2156,11,0
21.980832,2.183000,112.000,29.399000,1.439000,125.297081,3644,321,0,127,256,2156,11,0
21.995336,14.504000,112.000,29.399000,1.439000,125.297562,3644,321,0,127,256,2156,11,0
21.997649,2.313000,112.000,29.399000,1.439000,125.298023,3644,321,0,127,256,2156,11,0
22.011971,14.322000,112.000,29.399000,1.439000,125.298504,3644,321,0,127,256,2156,11,0
22.014215,2.244000,112.000,29.399000,1.439000,125.299000,3644,321,0,127,256,2156,11,0
22.028844,14.629000,112.000,29.399000,1.439000,125.299427,3644,321,0,127,256,2156,11,0
22.031177,2.333000,112.000,29.399000,1.439000,125.295483,3642,321,0,126,250,2144,11,0
22.045276,14.099000,112.000,29.399000,1.439000,125.295963,3642,321,0,126,250,2144,11,0
22.047504,2.228000,112.000,29.399000,1.439000,125.295471,3642,321,0,124,248,2140,11,0
22.062166,14.662000,112.000,29.399000,1.439000,125.285988,3639,321,0,124,248,2140,11,0
22.064537,2.371000,112.000,29.399000,1.439000,125.286457,3639,321,0,123,247,2138,11,0
22.078765,14.228000,112.000,29.399000,1.439000,125.286938,3639,321,0,122,247,2138,11,0
22.081202,2.437000,112.000,29.399000,1.439000,125.287525,3640,321,0,122,247,2138,11,0
22.095285,14.083000,112.000,29.399000,1.439000,125.288059,3640,321,0,122,247,2138,11,0
22.097692,2.407000,112.000,29.399000,1.439000,125.288540,3640,321,0,122,247,2138,11,0
22.112045,14.353000,112.000,29.399000,1.439000,125.289021,3640,321,0,122,247,2138,11,0
22.114615,2.570000,112.000,29.399000,1.439000,125.292210,3644,321,0,122,247,2138,11,0
22.128775,14.160000,112.000,29.399000,1.439000,125.292690,3644,321,0,122,247,2138,11,0
22.130853,2.078000,112.000,29.399000,1.439000,125.293171,3644,321,0,122,247,2138,11,0
22.145270,14.417000,112.000,29.399000,1.439000,125.293652,3644,321,0,122,247,2138,11,0
22.147446,2.176000,112.000,29.399000,1.439000,125.292461,3641,321,0,122,247,2138,11,0
22.162073,14.627000,112.000,29.399000,1.439000,125.292942,3641,321,0,121,247,2138,11,0
22.164859,2.786000,112.000,29.399000,1.439000,125.293423,3641,321,0,121,247,2138,11,0
22.182160,17.301000,112.000,29.399000,1.439000,125.399364,3698,330,0,170,335,2314,11,0
22.195286,13.126000,112.000,29.399000,1.439000,125.386486,3695,330,0,146,305,2254,11,0
22.197898,2.612000,112.000,29.399000,1.439000,125.387882,3695,330,0,146,305,2254,11,1
22.212072,14.174000,112.000,29.399000,1.439000,125.393848,3695,330,0,158,317,2278,11,1
22.215076,3.004000,112.000,29.399000,1.439000,125.370251,3665,329,0,148,307,2258,11,0
22.228759,13.683000,112.000,29.399000,1.439000,125.367474,3660,329,0,149,307,2258,11,0
22.231634,2.875000,112.000,29.399000,1.439000,125.367954,3660,329,0,149,307,2258,11,0
22.245263,13.629000,112.000,29.399000,1.439000,125.368435,3660,329,0,149,307,2258,11,0
22.247900,2.637000,112.000,29.399000,1.439000,125.370564,3663,329,0,149,307,2258,11,0
22.261974,14.074000,112.000,29.399000,1.439000,125.370964,3663,329,0,149,307,2258,11,0
22.265157,3.183000,112.000,29.399000,1.439000,125.371445,3663,329,0,149,307,2258,11,0
22.278779,13.622000,112.000,29.399000,1.439000,125.371925,3663,329,0,149,307,2258,11,0
22.282606,3.827000,112.000,29.399000,1.439000,125.372406,3663,329,0,149,307,2258,11,0
22.295793,13.187000,112.000,29.399000,1.439000,125.372887,3663,329,0,149,307,2258,11,0
22.300940,5.147000,112.000,29.399000,1.439000,125.373367,3663,329,0,149,307,2258,11,0
22.306778,5.838000,112.000,29.399000,1.439000,125.371300,3659,329,0,149,307,2258,11,0
22.321627,14.849000,112.000,29.399000,1.439000,125.368446,3653,329,0,147,271,2186,11,0
22.328936,7.309000,112.000,29.399000,1.439000,125.364517,3651,329,0,147,271,2186,11,0
22.334062,5.126000,112.000,29.399000,1.439000,125.364998,3651,329,0,147,271,2186,11,0
22.345804,11.742000,112.000,29.399000,1.439000,125.334072,3651,329,0,147,271,2186,11,0
22.355516,9.712000,112.000,29.399000,1.439000,125.334557,3651,329,0,147,271,2186,11,0
22.359673,4.157000,112.000,29.399000,1.439000,125.335037,3651,329,0,147,271,2186,11,0
22.365765,6.092000,112.000,29.399000,1.439000,125.335533,3651,329,0,147,271,2186,11,0
22.378881,13.116000,112.000,29.399000,1.439000,125.336014,3651,329,0,147,271,2186,11,0
22.384064,5.183000,112.000,29.399000,1.439000,125.336494,3651,329,0,146,270,2184,11,0
22.395620,11.556000,112.000,29.399000,1.439000,125.336838,3651,329,0,147,270,2184,11,0
22.400077,4.457000,112.000,29.399000,1.439000,125.333755,3645,329,0,147,270,2184,11,0
22.412419,12.342000,112.000,29.399000,1.439000,125.334236,3645,329,0,145,269,2182,11,0
22.417296,4.877000,112.000,29.399000,1.439000,125.334732,3645,329,0,145,269,2182,11,0
22.429168,11.872000,112.000,29.399000,1.439000,125.335213,3645,329,0,144,267,2178,11,0
22.434298,5.130000,112.000,29.399000,1.439000,125.335678,3645,329,0,143,266,2176,11,0
22.445689,11.391000,112.000,29.399000,1.439000,125.325756,3641,325,0,142,266,2176,11,0
22.450103,4.414000,112.000,29.399000,1.439000,125.321873,3634,325,0,142,266,2176,11,0
22.462418,12.315000,112.000,29.399000,1.439000,125.322353,3634,325,0,141,264,2172,11,0
22.467603,5.185000,112.000,29.399000,1.439000,125.322750,3634,325,0,140,263,2170,11,0
22.478950,11.347000,112.000,29.399000,1.439000,125.321362,3631,325,0,138,261,2166,11,0
22.483983,5.033000,112.000,29.399000,1.439000,125.296009,3617,317,0,138,261,2166,11,0
22.495687,11.704000,112.000,29.399000,1.439000,125.286480,3601,317,0,138,261,2166,11,0
22.501338,5.651000,112.000,29.399000,1.439000,125.303116,3603,317,0,149,276,2196,11,0
22.506593,5.255000,112.000,29.399000,1.439000,125.303596,3603,317,0,149,276,2196,11,0
22.522081,15.488000,112.000,29.399000,1.439000,125.315079,3616,321,0,137,264,2172,11,0
22.529177,7.096000,112.000,29.399000,1.439000,125.316246,3616,321,0,138,266,2176,11,0
22.534098,4.921000,112.000,29.399000,1.439000,125.316708,3616,321,0,138,266,2176,11,0
22.545550,11.452000,112.000,29.399000,1.439000,125.317188,3616,321,0,138,266,2176,11,0
22.549784,4.234000,112.000,29.399000,1.439000,125.317638,3616,321,0,138,266,2176,11,0
22.562513,12.729000,112.000,29.399000,1.439000,125.318119,3616,321,0,138,266,2176,11,0
22.567553,5.040000,112.000,29.399000,1.439000,125.318584,3616,321,0,138,266,2176,11,0
22.578942,11.389000,112.000,29.399000,1.439000,125.319065,3616,321,0,138,266,2176,11,0
22.584152,5.210000,112.000,29.399000,1.439000,125.322865,3622,321,0,138,266,2176,11,0
22.595623,11.471000,112.000,29.399000,1.439000,125.323345,3622,321,0,138,266,2176,11,0
22.600128,4.505000,112.000,29.399000,1.439000,125.323803,3622,321,0,138,266,2176,11,0
22.612094,11.966000,112.000,29.399000,1.439000,125.324284,3622,321,0,138,266,2176,11,0
22.615607,3.513000,112.000,29.399000,1.439000,125.326397,3625,321,0,138,266,2176,11,0
22.628774,13.167000,112.000,29.399000,1.439000,125.326878,3625,321,0,138,266,2176,11,0
22.631816,3.042000,112.000,29.399000,1.439000,125.327374,3625,321,0,138,266,2176,11,0
22.645271,13.455000,112.000,29.399000,1.439000,125.327801,3625,321,0,137,261,2166,11,0
22.647796,2.525000,112.000,29.399000,1.439000,125.325508,3626,321,0,137,261,2166,11,0
22.662461,14.665000,112.000,29.399000,1.439000,125.325016,3626,321,0,135,259,2162,11,0
22.667546,5.085000,112.000,29.399000,1.439000,125.318604,3626,321,0,135,259,2162,11,0
22.679135,11.589000,112.000,29.399000,1.439000,125.319084,3626,321,0,134,259,2162,11,0
22.684159,5.024000,112.000,29.399000,1.439000,125.321224,3629,321,0,134,259,2162,11,0
22.695673,11.514000,112.000,29.399000,1.439000,125.321705,3629,321,0,134,259,2162,11,0
22.700132,4.459000,112.000,29.399000,1.439000,125.322182,3629,321,0,134,259,2162,11,0
22.712391,12.259000,112.000,29.399000,1.439000,125.322662,3629,321,0,134,259,2162,11,0
22.717340,4.949000,112.000,29.399000,1.439000,125.323158,3629,321,0,134,259,2162,11,0
22.728999,11.659000,112.000,29.399000,1.439000,125.329597,3639,321,0,135,259,2162,11,0
22.733958,4.959000,112.000,29.399000,1.439000,125.330063,3639,321,0,135,259,2162,11,0
22.745525,11.567000,112.000,29.399000,1.439000,125.330544,3639,321,0,134,259,2162,11,0
22.749998,4.473000,112.000,29.399000,1.439000,125.329384,3636,321,0,134,259,2162,11,0
22.762761,12.763000,112.000,29.399000,1.439000,125.329865,3636,321,0,134,259,2162,11,0
22.767559,4.798000,112.000,29.399000,1.439000,125.330345,3636,321,0,134,259,2162,11,0
22.779139,11.580000,112.000,29.399000,1.439000,125.330826,3636,321,0,134,259,2162,11,0
22.810123,30.984000,112.000,29.399000,1.439000,125.432575,3696,330,0,170,335,2314,11,0
22.815235,5.112000,112.000,29.399000,1.439000,125.421219,3696,330,0,146,305,2254,11,0
22.829544,14.309000,112.000,29.399000,1.439000,125.396011,3660,330,0,134,293,2230,11,0
22.833513,3.969000,112.000,29.399000,1.439000,125.396492,3660,330,0,134,293,2230,11,0
22.846971,13.458000,112.000,29.399000,1.439000,125.395332,3657,330,0,134,293,2230,11,0
22.850922,3.951000,116.000,29.590000,1.292000,125.395813,3657,330,0,134,293,2230,11,0
22.863421,12.499000,116.000,29.590000,1.292000,125.396294,3657,330,0,134,293,2230,11,0
22.867300,3.879000,116.000,29.590000,1.292000,125.396774,3657,330,0,134,293,2230,11,0
22.880224,12.924000,116.000,29.590000,1.292000,125.395535,3654,330,0,134,293,2230,11,0
22.884320,4.096000,116.000,29.590000,1.292000,125.396015,3654,330,0,134,293,2230,11,0
22.890883,6.563000,116.000,29.590000,1.292000,125.396450,3654,330,0,134,293,2230,11,0
22.904100,13.217000,116.000,29.590000,1.292000,125.396931,3654,330,0,134,293,2230,11,0
22.909135,5.035000,116.000,29.590000,1.292000,125.393200,3647,330,0,134,293,2230,11,0
22.920731,11.596000,116.000,29.590000,1.292000,125.393681,3647,330,0,132,257,2158,11,0
22.930142,9.411000,116.000,29.590000,1.292000,125.394161,3647,330,0,132,257,2158,11,0
22.933891,3.749000,116.000,29.590000,1.292000,125.394588,3647,330,0,132,257,2158,11,0
22.946351,12.460000,116.000,29.590000,1.292000,125.360928,3648,330,0,132,257,2158,11,0
22.949390,3.039000,116.000,29.590000,1.292000,125.361408,3648,330,0,133,257,2158,11,0
22.963416,14.026000,116.000,29.590000,1.292000,125.361858,3648,330,0,133,257,2158,11,0
22.967089,3.673000,116.000,29.590000,1.292000,125.362339,3648,330,0,133,257,2158,11,0
22.980193,13.104000,116.000,29.590000,1.292000,125.362835,3648,330,0,133,257,2158,11,0
22.983938,3.745000,116.000,29.590000,1.292000,125.363316,3648,330,0,133,257,2158,11,0
22.996712,12.774000,116.000,29.590000,1.292000,125.363659,3648,330,0,133,257,2158,11,0
23.000037,3.325000,116.000,29.590000,1.292000,125.360638,3642,330,0,131,257,2158,11,0
23.013871,13.834000,116.000,29.590000,1.292000,125.359478,3639,330,0,130,256,2156,11,0
23.017685,3.814000,116.000,29.590000,1.292000,125.359959,3639,330,0,130,256,2156,11,0
23.030424,12.739000,116.000,29.590000,1.292000,125.360470,3639,330,0,128,254,2152,11,0
23.034102,3.678000,116.000,29.590000,1.292000,125.360950,3639,330,0,128,253,2150,11,0
23.046601,12.499000,116.000,29.590000,1.292000,125.350967,3635,326,0,128,253,2150,11,0
23.049705,3.104000,116.000,29.590000,1.292000,125.347099,3628,326,0,129,253,2150,11,0
23.063276,13.571000,116.000,29.590000,1.292000,125.349255,3631,326,0,127,251,2146,11,0
23.066492,3.216000,116.000,29.590000,1.292000,125.349651,3631,326,0,126,250,2144,11,0
23.079855,13.363000,116.000,29.590000,1.292000,125.348213,3628,326,0,125,249,2142,11,0
23.083110,3.255000,116.000,29.590000,1.292000,125.335030,3622,321,0,125,249,2142,11,0
23.096475,13.365000,116.000,29.590000,1.292000,125.329102,3612,321,0,125,249,2142,11,0
23.101252,4.777000,116.000,29.590000,1.292000,125.345737,3614,321,0,136,264,2172,11,0
23.107626,6.374000,116.000,29.590000,1.292000,125.346233,3614,321,0,136,264,2172,11,0
23.120663,13.037000,116.000,29.590000,1.292000,125.341850,3614,321,0,126,254,2152,11,0
23.130389,9.726000,116.000,29.590000,1.292000,125.342331,3614,321,0,126,254,2152,11,0
23.134200,3.811000,116.000,29.590000,1.292000,125.342812,3614,321,0,126,254,2152,11,0
23.146631,12.431000,116.000,29.590000,1.292000,125.343212,3614,321,0,126,254,2152,11,0
23.150531,3.900000,116.000,29.590000,1.292000,125.332104,3610,317,0,126,254,2152,11,0
23.163717,13.186000,116.000,29.590000,1.292000,125.338318,3613,319,0,126,254,2152,11,0
23.167605,3.888000,116.000,29.590000,1.292000,125.339268,3613,319,0,127,255,2154,11,0
23.179994,12.389000,116.000,29.590000,1.292000,125.338081,3610,319,0,127,255,2154,11,0
23.183536,3.542000,116.000,29.590000,1.292000,125.338562,3610,319,0,127,255,2154,11,0
23.196500,12.964000,116.000,29.590000,1.292000,125.339043,3610,319,0,127,255,2154,11,0
23.199944,3.444000,116.000,29.590000,1.292000,125.339455,3610,319,0,127,255,2154,11,0
23.213450,13.506000,116.000,29.590000,1.292000,125.341621,3613,319,0,127,255,2154,11,0
23.217018,3.568000,116.000,29.590000,1.292000,125.342056,3613,319,0,127,255,2154,11,0
23.231464,14.446000,116.000,29.590000,1.292000,125.342522,3613,319,0,127,255,2154,11,0
23.235275,3.811000,116.000,29.590000,1.292000,125.343002,3613,319,0,127,255,2154,11,0
23.240331,5.056000,116.000,29.590000,1.292000,125.343498,3613,319,0,126,250,2144,11,0
23.254801,14.470000,116.000,29.590000,1.292000,125.343925,3613,319,0,126,250,2144,11,0
23.259521,4.720000,116.000,29.590000,1.292000,125.339008,3611,319,0,124,248,2140,11,0
23.270738,11.217000,116.000,29.590000,1.292000,125.332623,3611,319,0,124,248,2140,11,0
23.280258,9.520000,116.000,29.590000,1.292000,125.336414,3617,319,0,124,248,2140,11,0
23.283715,3.457000,116.000,29.590000,1.292000,125.336895,3617,319,0,124,248,2140,11,0
23.297669,13.954000,116.000,29.590000,1.292000,125.336628,3614,319,0,124,248,2140,11,1
23.301023,3.354000,116.000,29.590000,1.292000,125.337109,3614,319,0,124,248,2140,11,1
23.313893,12.870000,116.000,29.590000,1.292000,125.340321,3623,318,0,124,248,2140,11,0
23.317598,3.705000,116.000,29.590000,1.292000,125.337543,3618,318,0,125,248,2140,11,0
23.330163,12.565000,116.000,29.590000,1.292000,125.344021,3628,318,0,125,248,2140,11,0
23.333750,3.587000,116.000,29.590000,1.292000,125.344501,3628,318,0,125,248,2140,11,0
23.346508,12.758000,116.000,29.590000,1.292000,125.346600,3631,318,0,125,248,2140,11,0
23.354074,7.566000,116.000,29.590000,1.292000,125.347080,3631,318,0,125,248,2140,11,0
23.359197,5.123000,116.000,29.590000,1.292000,125.347538,3631,318,0,125,248,2140,11,0
23.370714,11.517000,116.000,29.590000,1.292000,125.348019,3631,318,0,125,248,2140,11,0
23.380702,9.988000,116.000,29.590000,1.292000,125.221455,3584,278,0,125,248,2140,11,0
23.411394,30.692000,116.000,29.590000,1.292000,125.294674,3591,287,0,162,314,2272,11,0
23.414447,3.053000,116.000,29.590000,1.292000,125.281841,3588,287,0,138,284,2212,11,0
23.429411,14.964000,116.000,29.590000,1.292000,125.282322,3588,287,0,138,284,2212,11,0
23.432908,3.497000,116.000,29.590000,1.292000,125.287315,3588,287,0,148,294,2232,11,0
23.445676,12.768000,116.000,29.590000,1.292000,125.273987,3563,287,0,136,282,2208,11,0
23.448073,2.397000,116.000,29.590000,1.292000,125.268631,3563,287,0,136,282,2208,11,0
23.462743,14.670000,116.000,29.590000,1.292000,125.267471,3560,287,0,136,282,2208,11,0
23.465530,2.787000,116.000,29.590000,1.292000,125.267952,3560,287,0,136,282,2208,11,0
23.479428,13.898000,116.000,29.590000,1.292000,125.268387,3560,287,0,136,282,2208,11,0
23.482354,2.926000,116.000,29.590000,1.292000,125.268867,3560,287,0,135,281,2206,11,0
23.496450,14.096000,116.000,29.590000,1.292000,125.271000,3563,287,0,135,281,2206,11,0
23.500933,4.483000,116.000,29.590000,1.292000,125.271435,3563,287,0,135,281,2206,11,0
23.512469,11.536000,116.000,29.590000,1.292000,125.271915,3563,287,0,135,281,2206,11,0
23.517460,4.991000,116.000,29.590000,1.292000,125.269115,3557,287,0,135,281,2206,11,0
23.529064,11.604000,116.000,29.590000,1.292000,125.267048,3553,287,0,135,281,2206,11,0
23.534055,4.991000,116.000,29.590000,1.292000,125.267475,3553,287,0,133,245,2134,11,0
23.545405,11.350000,116.000,29.590000,1.292000,125.263546,3551,287,0,133,245,2134,11,0
23.549424,4.019000,116.000,29.590000,1.292000,125.262386,3548,287,0,133,245,2134,11,0
23.562935,13.511000,116.000,29.590000,1.292000,125.231483,3548,287,0,133,245,2134,11,0
23.567763,4.828000,116.000,29.590000,1.292000,125.231979,3548,287,0,133,245,2134,11,0
23.578948,11.185000,116.000,29.590000,1.292000,125.232460,3548,287,0,132,244,2132,11,0
23.583853,4.905000,116.000,29.590000,1.292000,125.220432,3540,284,0,132,244,2132,11,0
23.595448,11.595000,116.000,29.590000,1.292000,125.217220,3534,284,0,132,244,2132,11,0
23.599915,4.467000,116.000,29.590000,1.292000,125.217701,3534,284,0,132,244,2132,11,0
23.612298,12.383000,116.000,29.590000,1.292000,125.218044,3534,284,0,132,244,2132,11,0
23.617401,5.103000,116.000,29.590000,1.292000,125.229958,3535,288,0,132,244,2132,11,0
23.629086,11.685000,116.000,29.590000,1.292000,125.231125,3535,288,0,132,245,2134,11,0
23.633844,4.758000,116.000,29.590000,1.292000,125.231632,3535,288,0,132,245,2134,11,0
23.645477,11.633000,116.000,29.590000,1.292000,125.232113,3535,288,0,130,243,2130,11,0
23.649501,4.024000,116.000,29.590000,1.292000,125.234241,3538,288,0,129,242,2128,11,0
23.662435,12.934000,116.000,29.590000,1.292000,125.224319,3534,284,0,130,242,2128,11,0
23.667329,4.894000,116.000,29.590000,1.292000,125.220398,3527,284,0,130,242,2128,11,0
23.679039,11.710000,116.000,29.590000,1.292000,125.220879,3527,284,0,127,240,2124,11,0
23.683922,4.883000,116.000,29.590000,1.292000,125.221291,3527,284,0,126,239,2122,11,0
23.695441,11.519000,116.000,29.590000,1.292000,125.219902,3524,284,0,125,238,2120,11,0
23.699517,4.076000,116.000,29.590000,1.292000,125.206642,3518,279,0,125,238,2120,11,0
23.712453,12.936000,116.000,29.590000,1.292000,125.200806,3508,279,0,125,238,2120,11,0
23.718733,6.280000,116.000,29.590000,1.292000,125.217434,3510,279,0,137,253,2150,11,0
23.723159,4.426000,116.000,29.590000,1.292000,125.216274,3507,279,0,137,253,2150,11,0
23.738166,15.007000,116.000,29.590000,1.292000,125.211906,3507,279,0,127,243,2130,11,0
23.745600,7.434000,116.000,29.590000,1.292000,125.212387,3507,279,0,127,243,2130,11,0
23.750021,4.421000,116.000,29.590000,1.292000,125.212788,3507,279,0,127,243,2130,11,0
23.762472,12.451000,116.000,29.590000,1.292000,125.213268,3507,279,0,127,243,2130,11,0
23.767305,4.833000,116.000,29.590000,1.292000,125.213749,3507,279,0,127,243,2130,11,0
23.779091,11.786000,116.000,29.590000,1.292000,125.214230,3507,279,0,127,243,2130,11,0
23.783772,4.681000,116.000,29.590000,1.292000,125.214710,3507,279,0,127,243,2130,11,0
23.795523,11.751000,116.000,29.590000,1.292000,125.215191,3507,279,0,127,243,2130,11,0
23.800056,4.533000,116.000,29.590000,1.292000,125.215656,3507,279,0,127,243,2130,11,0
23.812549,12.493000,116.000,29.590000,1.292000,125.216137,3507,279,0,127,243,2130,11,0
23.817379,4.830000,116.000,29.590000,1.292000,125.216633,3507,279,0,127,243,2130,11,0
23.829149,11.770000,116.000,29.590000,1.292000,125.217113,3507,279,0,127,243,2130,11,0
23.833648,4.499000,116.000,29.590000,1.292000,125.217594,3507,279,0,127,243,2130,11,0
23.845580,11.932000,116.000,29.590000,1.292000,125.218075,3507,279,0,127,243,2130,11,0
23.849977,4.397000,117.000,29.936000,1.657000,125.218510,3507,279,0,127,243,2130,11,0
23.862452,12.475000,117.000,29.936000,1.657000,125.218937,3507,279,0,126,238,2120,11,0
23.867086,4.634000,117.000,29.936000,1.657000,125.215008,3505,279,0,126,238,2120,11,0
23.879006,11.920000,117.000,29.936000,1.657000,125.215488,3505,279,0,126,238,2120,11,0
23.883845,4.839000,117.000,29.936000,1.657000,125.207493,3502,279,0,126,238,2120,11,0
23.895639,11.794000,117.000,29.936000,1.657000,125.207973,3502,279,0,126,238,2120,11,0
23.900101,4.462000,117.000,29.936000,1.657000,125.203094,3500,277,0,125,237,2118,11,0
23.912503,12.402000,117.000,29.936000,1.657000,125.201195,3496,277,0,125,237,2118,11,0
23.917176,4.673000,117.000,29.936000,1.657000,125.203335,3499,277,0,125,237,2118,11,0
23.929100,11.924000,117.000,29.936000,1.657000,125.203815,3499,277,0,124,237,2118,11,0
23.933639,4.539000,117.000,29.936000,1.657000,125.204224,3499,277,0,124,237,2118,11,0
23.945447,11.808000,117.000,29.936000,1.657000,125.210709,3509,277,0,125,237,2118,11,0
23.949535,4.088000,117.000,29.936000,1.657000,125.211174,3509,277,0,125,237,2118,11,0
23.962417,12.882000,117.000,29.936000,1.657000,125.211655,3509,277,0,124,237,2118,11,0
23.967444,5.027000,117.000,29.936000,1.657000,125.212105,3509,277,0,124,237,2118,11,0
23.979050,11.606000,117.000,29.936000,1.657000,125.212585,3509,277,0,125,237,2118,11,0
23.983719,4.669000,117.000,29.936000,1.657000,125.216339,3515,277,0,125,237,2118,11,0
23.995884,12.165000,117.000,29.936000,1.657000,125.216820,3515,277,0,125,237,2118,11,0
24.026306,30.422000,117.000,29.936000,1.657000,125.318230,3575,286,0,161,311,2266,11,0
24.032255,5.949000,117.000,29.936000,1.657000,125.304928,3575,286,0,133,279,2202,11,0
24.046126,13.871000,117.000,29.936000,1.657000,125.288403,3553,286,0,123,269,2182,11,0
24.049255,3.129000,117.000,29.936000,1.657000,125.288883,3553,286,0,123,269,2182,11,0
24.063451,14.196000,117.000,29.936000,1.657000,125.289364,3553,286,0,123,269,2182,11,0
24.067256,3.805000,117.000,29.936000,1.657000,125.289845,3553,286,0,123,269,2182,11,0
24.080081,12.825000,117.000,29.936000,1.657000,125.291992,3556,286,0,123,269,2182,11,0
24.083893,3.812000,117.000,29.936000,1.657000,125.292473,3556,286,0,123,269,2182,11,0
24.096437,12.544000,117.000,29.936000,1.657000,125.292953,3556,286,0,123,269,2182,11,0
24.099742,3.305000,117.000,29.936000,1.657000,125.293434,3556,286,0,123,269,2182,11,0
24.113591,13.849000,117.000,29.936000,1.657000,125.293915,3556,286,0,123,269,2182,11,0
24.117519,3.928000,117.000,29.936000,1.657000,125.294395,3556,286,0,123,269,2182,11,0
24.129891,12.372000,117.000,29.936000,1.657000,125.292374,3552,286,0,123,269,2182,11,0
24.133665,3.774000,117.000,29.936000,1.657000,125.292854,3552,286,0,121,233,2110,11,0
24.146519,12.854000,117.000,29.936000,1.657000,125.293354,3552,286,0,121,233,2110,11,0
24.150153,3.634000,117.000,29.936000,1.657000,125.293781,3552,286,0,121,233,2110,11,0
24.163531,13.378000,117.000,29.936000,1.657000,125.258476,3550,286,0,121,233,2110,11,0
24.167389,3.858000,117.000,29.936000,1.657000,125.258957,3550,286,0,121,233,2110,11,0
24.180231,12.842000,117.000,29.936000,1.657000,125.261101,3553,286,0,121,233,2110,11,0
24.183841,3.610000,117.000,29.936000,1.657000,125.261581,3553,286,0,121,233,2110,11,0
24.197201,13.360000,117.000,29.936000,1.657000,125.262043,3553,286,0,121,233,2110,11,0
24.200649,3.448000,117.000,29.936000,1.657000,125.262524,3553,286,0,121,233,2110,11,0
24.214208,13.559000,117.000,29.936000,1.657000,125.259602,3547,286,0,121,233,2110,11,0
24.218033,3.825000,117.000,29.936000,1.657000,125.256580,3541,286,0,121,233,2110,11,0
24.224587,6.554000,117.000,29.936000,1.657000,125.255421,3538,286,0,120,232,2108,11,0
24.237286,12.699000,117.000,29.936000,1.657000,125.255901,3538,286,0,120,232,2108,11,0
24.247590,10.304000,117.000,29.936000,1.657000,125.258045,3541,286,0,118,230,2104,11,0
24.250885,3.295000,117.000,29.936000,1.657000,125.258480,3541,286,0,117,229,2102,11,0
24.263548,12.663000,117.000,29.936000,1.657000,125.248489,3537,282,0,117,229,2102,11,0
24.267125,3.577000,117.000,29.936000,1.657000,125.244621,3530,282,0,116,229,2102,11,0
24.280110,12.985000,117.000,29.936000,1.657000,125.243462,3527,282,0,114,227,2098,11,0
24.283591,3.481000,117.000,29.936000,1.657000,125.243813,3527,282,0,113,226,2096,11,0
24.296592,13.001000,117.000,29.936000,1.657000,125.242409,3524,282,0,112,225,2094,11,0
24.300169,3.577000,117.000,29.936000,1.657000,125.229225,3518,277,0,113,225,2094,11,0
24.313548,13.379000,117.000,29.936000,1.657000,125.221703,3505,277,0,113,225,2094,11,0
24.318801,5.253000,117.000,29.936000,1.657000,125.238342,3507,277,0,124,240,2124,11,0
24.324732,5.931000,117.000,29.936000,1.657000,125.238838,3507,277,0,124,240,2124,11,0
24.337324,12.592000,117.000,29.936000,1.657000,125.234455,3507,277,0,114,230,2104,11,0
24.346924,9.600000,117.000,29.936000,1.657000,125.236607,3510,277,0,114,230,2104,11,0
24.350517,3.593000,117.000,29.936000,1.657000,125.237087,3510,277,0,114,230,2104,11,0
24.363353,12.836000,117.000,29.936000,1.657000,125.237568,3510,277,0,114,230,2104,11,0
24.366792,3.439000,117.000,29.936000,1.657000,125.238049,3510,277,0,114,230,2104,11,0
24.380881,14.089000,117.000,29.936000,1.657000,125.419388,3627,325,0,114,230,2104,11,0
24.384484,3.603000,117.000,29.936000,1.657000,125.428612,3627,325,0,126,254,2152,11,0
24.391114,6.630000,117.000,29.936000,1.657000,125.429989,3627,325,0,126,254,2152,11,1
24.403826,12.712000,117.000,29.936000,1.657000,125.430470,3627,325,0,126,254,2152,11,1
24.413706,9.880000,117.000,29.936000,1.657000,125.430408,3630,324,0,126,254,2152,11,0
24.417737,4.031000,117.000,29.936000,1.657000,125.427631,3625,324,0,127,254,2152,11,0
24.430098,12.361000,117.000,29.936000,1.657000,125.428112,3625,324,0,127,254,2152,11,0
24.433708,3.610000,117.000,29.936000,1.657000,125.428593,3625,324,0,127,254,2152,11,0
24.446373,12.665000,117.000,29.936000,1.657000,125.429073,3625,324,0,127,254,2152,11,0
24.449714,3.341000,117.000,29.936000,1.657000,125.429554,3625,324,0,127,254,2152,11,0
24.463345,13.631000,117.000,29.936000,1.657000,125.429981,3625,324,0,126,249,2142,11,0
24.466932,3.587000,117.000,29.936000,1.657000,125.426052,3623,324,0,126,249,2142,11,0
24.480108,13.176000,117.000,29.936000,1.657000,125.424877,3620,324,0,126,249,2142,11,0
24.483579,3.471000,117.000,29.936000,1.657000,125.418491,3620,324,0,126,249,2142,11,0
24.496451,12.872000,117.000,29.936000,1.657000,125.418976,3620,324,0,126,249,2142,11,0
24.499389,2.938000,117.000,29.936000,1.657000,125.419456,3620,324,0,125,249,2142,11,0
24.513906,14.517000,117.000,29.936000,1.657000,125.419937,3620,324,0,125,249,2142,11,0
24.517610,3.704000,117.000,29.936000,1.657000,125.420418,3620,324,0,125,249,2142,11,0
24.530214,12.604000,117.000,29.936000,1.657000,125.420868,3620,324,0,125,249,2142,11,0
24.533693,3.479000,117.000,29.936000,1.657000,125.421349,3620,324,0,126,249,2142,11,0
24.546371,12.678000,117.000,29.936000,1.657000,125.427849,3630,324,0,126,249,2142,11,0
24.549435,3.064000,117.000,29.936000,1.657000,125.428329,3630,324,0,126,249,2142,11,0
24.563573,14.138000,117.000,29.936000,1.657000,125.428795,3630,324,0,126,249,2142,11,0
24.567145,3.572000,117.000,29.936000,1.657000,125.429276,3630,324,0,126,249,2142,11,0
24.580034,12.889000,117.000,29.936000,1.657000,125.428101,3627,324,0,125,248,2140,11,0
24.583657,3.623000,117.000,29.936000,1.657000,125.428581,3627,324,0,125,248,2140,11,0
24.596518,12.861000,117.000,29.936000,1.657000,125.429077,3627,324,0,125,248,2140,11,0
24.627076,30.558000,117.000,29.936000,1.657000,125.536400,3687,333,0,173,334,2312,11,0
24.631125,4.049000,117.000,29.936000,1.657000,125.524235,3687,333,0,147,304,2252,11,0
24.646849,15.724000,117.000,29.936000,1.657000,125.524715,3687,333,0,147,304,2252,11,0
24.651742,4.893000,117.000,29.936000,1.657000,125.529877,3687,333,0,157,314,2272,11,0
24.663265,11.523000,117.000,29.936000,1.657000,125.516548,3662,333,0,147,304,2252,11,0
24.667251,3.986000,117.000,29.936000,1.657000,125.512165,3662,333,0,147,304,2252,11,0
24.679915,12.664000,117.000,29.936000,1.657000,125.512646,3662,333,0,147,304,2252,11,0
24.684044,4.129000,117.000,29.936000,1.657000,125.502289,3657,330,0,146,303,2250,11,0
24.696989,12.945000,117.000,29.936000,1.657000,125.502350,3657,330,0,146,303,2250,11,0
24.701280,4.291000,117.000,29.936000,1.657000,125.502831,3657,330,0,146,303,2250,11,0
24.707581,6.301000,117.000,29.936000,1.657000,125.503265,3657,330,0,146,303,2250,11,0
24.721849,14.268000,117.000,29.936000,1.657000,125.520569,3670,334,0,146,303,2250,11,0
24.729164,7.315000,117.000,29.936000,1.657000,125.521736,3670,334,0,147,305,2254,11,0
24.734276,5.112000,117.000,29.936000,1.657000,125.522213,3670,334,0,147,305,2254,11,0
24.746327,12.051000,117.000,29.936000,1.657000,125.520138,3666,334,0,147,305,2254,11,0
24.751384,5.057000,117.000,29.936000,1.657000,125.517857,3667,334,0,145,269,2182,11,0
24.756583,5.199000,117.000,29.936000,1.657000,125.518337,3667,334,0,145,269,2182,11,0
24.771845,15.262000,117.000,29.936000,1.657000,125.518818,3667,334,0,145,269,2182,11,0
24.779545,7.700000,117.000,29.936000,1.657000,125.487892,3667,334,0,145,269,2182,11,0
24.785908,6.363000,117.000,29.936000,1.657000,125.490021,3670,334,0,145,269,2182,11,0
24.790372,4.464000,117.000,29.936000,1.657000,125.490501,3670,334,0,145,269,2182,11,0
24.804680,14.308000,117.000,29.936000,1.657000,125.490982,3670,334,0,145,269,2182,11,0
24.812109,7.429000,117.000,29.936000,1.657000,125.491417,3670,334,0,145,269,2182,11,0
24.816721,4.612000,117.000,29.936000,1.657000,125.491856,3670,334,0,145,269,2182,11,0
24.828942,12.221000,117.000,29.936000,1.657000,125.492199,3670,334,0,143,269,2182,11,0
24.833344,4.402000,117.000,29.936000,1.657000,125.489178,3664,334,0,143,269,2182,11,0
24.847252,13.908000,117.000,29.936000,1.657000,125.488018,3661,334,0,143,268,2180,11,0
24.863487,16.235000,114.000,29.668000,1.878000,125.488499,3661,334,0,143,268,2180,11,0
24.867490,4.003000,114.000,29.668000,1.878000,125.488979,3661,334,0,140,266,2176,11,0
24.878841,11.351000,114.000,29.668000,1.878000,125.479012,3657,330,0,140,265,2174,11,0
24.882955,4.114000,114.000,29.668000,1.878000,125.476746,3653,330,0,140,265,2174,11,0
24.895707,12.752000,114.000,29.668000,1.878000,125.477226,3653,330,0,137,263,2170,11,0
24.899974,4.267000,114.000,29.668000,1.878000,125.477600,3653,330,0,137,262,2168,11,0
24.911949,11.975000,114.000,29.668000,1.878000,125.462547,3644,325,0,137,261,2166,11,0
24.916190,4.241000,114.000,29.668000,1.878000,125.453384,3628,325,0,137,261,2166,11,0
24.922459,6.269000,114.000,29.668000,1.878000,125.469975,3630,325,0,147,276,2196,11,0
24.938211,15.752000,114.000,29.668000,1.878000,125.470455,3630,325,0,147,276,2196,11,0
24.941550,3.339000,114.000,29.668000,1.878000,125.470936,3630,325,0,137,266,2176,11,0
24.954858,13.308000,114.000,29.668000,1.878000,125.464882,3627,325,0,137,266,2176,11,0
24.963053,8.195000,114.000,29.668000,1.878000,125.465363,3627,325,0,137,266,2176,11,0
24.967414,4.361000,114.000,29.668000,1.878000,125.465843,3627,325,0,137,266,2176,11,0
24.978772,11.358000,114.000,29.668000,1.878000,125.464684,3624,325,0,137,266,2176,11,0
24.983477,4.705000,114.000,29.668000,1.878000,125.465164,3624,325,0,137,266,2176,11,0
24.995636,12.159000,114.000,29.668000,1.878000,125.465645,3624,325,0,137,266,2176,11,0
24.999831,4.195000,114.000,29.668000,1.878000,125.466125,3624,325,0,137,266,2176,11,0
25.012338,12.507000,114.000,29.668000,1.878000,125.464966,3621,325,0,137,266,2176,11,0
25.017358,5.020000,114.000,29.668000,1.878000,125.465431,3621,325,0,137,266,2176,11,0
25.028889,11.531000,114.000,29.668000,1.878000,125.465912,3621,325,0,137,266,2176,11,0
25.033126,4.237000,114.000,29.668000,1.878000,125.466408,3621,325,0,137,266,2176,11,0
25.045603,12.477000,114.000,29.668000,1.878000,125.466888,3621,325,0,137,266,2176,11,0
25.049995,4.392000,114.000,29.668000,1.878000,125.469044,3624,325,0,137,266,2176,11,0
25.062247,12.252000,114.000,29.668000,1.878000,125.469524,3624,325,0,137,266,2176,11,0
25.066587,4.340000,114.000,29.668000,1.878000,125.469952,3624,325,0,136,261,2166,11,0
25.078916,12.329000,114.000,29.668000,1.878000,125.466022,3622,325,0,136,261,2166,11,0
25.083190,4.274000,114.000,29.668000,1.878000,125.459637,3622,325,0,136,261,2166,11,0
25.095637,12.447000,114.000,29.668000,1.878000,125.460072,3622,325,0,136,261,2166,11,0
25.099951,4.314000,114.000,29.668000,1.878000,125.460541,3622,325,0,136,261,2166,11,0
25.112203,12.252000,114.000,29.668000,1.878000,125.459381,3619,325,0,136,261,2166,11,0
25.116479,4.276000,114.000,29.668000,1.878000,125.459862,3619,325,0,136,261,2166,11,0
25.128922,12.443000,114.000,29.668000,1.878000,125.460342,3619,325,0,136,261,2166,11,0
25.133298,4.376000,114.000,29.668000,1.878000,125.460823,3619,325,0,136,261,2166,11,0
25.145624,12.326000,114.000,29.668000,1.878000,125.461304,3619,325,0,137,261,2166,11,0
25.150254,4.630000,114.000,29.668000,1.878000,125.468395,3629,325,0,137,261,2166,11,1
25.162040,11.786000,114.000,29.668000,1.878000,125.468876,3629,325,0,136,261,2166,11,1
25.164900,2.860000,114.000,29.668000,1.878000,125.469910,3629,325,0,136,261,2166,11,2
25.180416,15.516000,114.000,29.668000,1.878000,125.470310,3629,325,0,137,261,2166,11,2
25.195980,15.564000,114.000,29.668000,1.878000,125.471394,3629,325,0,137,261,2166,11,2
25.198029,2.049000,114.000,29.668000,1.878000,125.471828,3629,325,0,135,261,2166,11,2
25.210589,12.560000,114.000,29.668000,1.878000,125.573235,3698,332,0,171,335,2314,11,0
25.221066,10.477000,114.000,29.668000,1.878000,125.567245,3688,332,0,173,335,2314,11,0
25.228528,7.462000,114.000,29.668000,1.878000,125.567726,3688,332,0,135,293,2230,11,0
25.231246,2.718000,114.000,29.668000,1.878000,125.551384,3691,332,0,135,293,2230,11,0
25.245236,13.990000,114.000,29.668000,1.878000,125.551865,3691,332,0,135,293,2230,11,0
25.248072,2.836000,114.000,29.668000,1.878000,125.557037,3691,332,0,145,303,2250,11,0
25.261922,13.850000,114.000,29.668000,1.878000,125.543709,3666,332,0,135,293,2230,11,0
25.265239,3.317000,114.000,29.668000,1.878000,125.539326,3666,332,0,135,293,2230,11,0
25.278540,13.301000,114.000,29.668000,1.878000,125.539806,3666,332,0,135,293,2230,11,0
25.281543,3.003000,114.000,29.668000,1.878000,125.538601,3663,332,0,135,293,2230,11,0
25.295545,14.002000,114.000,29.668000,1.878000,125.539082,3663,332,0,135,293,2230,11,0
25.300031,4.486000,114.000,29.668000,1.878000,125.539562,3663,332,0,135,293,2230,11,0
25.312547,12.516000,114.000,29.668000,1.878000,125.540043,3663,332,0,135,293,2230,11,0
25.317802,5.255000,114.000,29.668000,1.878000,125.542194,3666,332,0,135,293,2230,11,0
25.323229,5.427000,114.000,29.668000,1.878000,125.542675,3666,332,0,135,293,2230,11,0
25.338095,14.866000,114.000,29.668000,1.878000,125.544807,3669,332,0,135,293,2230,11,0
25.345898,7.803000,114.000,29.668000,1.878000,125.542732,3665,332,0,133,257,2158,11,0
25.350135,4.237000,114.000,29.668000,1.878000,125.538803,3663,332,0,133,257,2158,11,0
25.363006,12.871000,114.000,29.668000,1.878000,125.539284,3663,332,0,133,257,2158,11,0
25.368732,5.726000,114.000,29.668000,1.878000,125.508369,3663,332,0,131,255,2154,11,0
25.373016,4.284000,114.000,29.668000,1.878000,125.508850,3663,332,0,132,255,2154,11,0
25.387513,14.497000,114.000,29.668000,1.878000,125.512661,3669,332,0,132,255,2154,11,0
25.395314,7.801000,114.000,29.668000,1.878000,125.513142,3669,332,0,133,255,2154,11,0
25.398171,2.857000,114.000,29.668000,1.878000,125.513615,3669,332,0,133,255,2154,11,0
25.411909,13.738000,114.000,29.668000,1.878000,125.514095,3669,332,0,133,255,2154,11,0
25.414826,2.917000,114.000,29.668000,1.878000,125.516235,3672,332,0,133,255,2154,11,0
25.428745,13.919000,114.000,29.668000,1.878000,125.516579,3672,332,0,132,255,2154,11,0
25.431343,2.598000,114.000,29.668000,1.878000,125.513538,3666,332,0,131,254,2152,11,0
25.445179,13.836000,114.000,29.668000,1.878000,125.514019,3666,332,0,131,254,2152,11,0
25.447382,2.203000,114.000,29.668000,1.878000,125.516159,3669,332,0,129,252,2148,11,0
25.462047,14.665000,114.000,29.668000,1.878000,125.514999,3666,332,0,130,252,2148,11,0
25.465468,3.421000,114.000,29.668000,1.878000,125.483624,3652,322,0,127,249,2142,11,0
25.479246,13.778000,114.000,29.668000,1.878000,125.472370,3633,322,0,127,249,2142,11,0
25.484195,4.949000,114.000,29.668000,1.878000,125.474510,3636,322,0,125,247,2138,11,0
25.495503,11.308000,114.000,29.668000,1.878000,125.474907,3636,322,0,124,246,2136,11,0
25.499944,4.441000,114.000,29.668000,1.878000,125.474415,3633,322,0,124,246,2136,11,1
25.512521,12.577000,114.000,29.668000,1.878000,125.461231,3627,317,0,123,245,2134,11,1
25.517898,5.377000,114.000,29.668000,1.878000,125.456432,3623,316,0,123,245,2134,11,0
25.523304,5.406000,114.000,29.668000,1.878000,125.453655,3618,316,0,123,245,2134,11,0
25.532301,8.997000,114.000,29.668000,1.878000,125.470280,3620,316,0,135,260,2164,11,0
25.545630,13.329000,114.000,29.668000,1.878000,125.465897,3620,316,0,125,250,2144,11,0
25.549923,4.293000,114.000,29.668000,1.878000,125.464691,3617,316,0,125,250,2144,11,0
25.562275,12.352000,114.000,29.668000,1.878000,125.465172,3617,316,0,125,250,2144,11,0
25.566639,4.364000,114.000,29.668000,1.878000,125.464012,3614,316,0,125,250,2144,11,0
25.579307,12.668000,114.000,29.668000,1.878000,125.464493,3614,316,0,125,250,2144,11,0
25.583555,4.248000,114.000,29.668000,1.878000,125.466621,3617,316,0,125,250,2144,11,0
25.596023,12.468000,114.000,29.668000,1.878000,125.467102,3617,316,0,125,250,2144,11,0
25.600118,4.095000,114.000,29.668000,1.878000,125.467560,3617,316,0,125,250,2144,11,0
25.612471,12.353000,114.000,29.668000,1.878000,125.468040,3617,316,0,125,250,2144,11,0
25.617461,4.990000,114.000,29.668000,1.878000,125.465240,3611,316,0,125,250,2144,11,0
25.628988,11.527000,114.000,29.668000,1.878000,125.465721,3611,316,0,125,250,2144,11,0
25.634067,5.079000,114.000,29.668000,1.878000,125.466202,3611,316,0,125,250,2144,11,0
25.645739,11.672000,114.000,29.668000,1.878000,125.466682,3611,316,0,125,250,2144,11,0
25.649868,4.129000,114.000,29.668000,1.878000,125.465523,3608,316,0,125,250,2144,11,0
25.662478,12.610000,114.000,29.668000,1.878000,125.466003,3608,316,0,125,250,2144,11,0
25.667532,5.054000,114.000,29.668000,1.878000,125.466499,3608,316,0,125,250,2144,11,0
25.678926,11.394000,114.000,29.668000,1.878000,125.466927,3608,316,0,124,245,2134,11,0
25.683506,4.580000,114.000,29.668000,1.878000,125.461357,3603,316,0,123,244,2132,11,0
25.695651,12.145000,114.000,29.668000,1.878000,125.461838,3603,316,0,123,244,2132,11,0
25.699944,4.293000,114.000,29.668000,1.878000,125.455517,3603,316,0,123,244,2132,11,0
25.712204,12.260000,114.000,29.668000,1.878000,125.455997,3603,316,0,122,244,2132,11,0
25.716357,4.153000,114.000,29.668000,1.878000,125.454823,3600,316,0,122,244,2132,11,0
25.728831,12.474000,114.000,29.668000,1.878000,125.455303,3600,316,0,122,244,2132,11,0
25.732861,4.030000,114.000,29.668000,1.878000,125.455799,3600,316,0,122,244,2132,11,0
25.745504,12.643000,114.000,29.668000,1.878000,125.456280,3600,316,0,123,244,2132,11,0
25.749788,4.284000,114.000,29.668000,1.878000,125.458420,3603,316,0,123,244,2132,11,0
25.762441,12.653000,114.000,29.668000,1.878000,125.464905,3613,316,0,122,244,2132,11,0
25.767589,5.148000,114.000,29.668000,1.878000,125.465382,3613,316,0,122,244,2132,11,0
25.780818,13.229000,114.000,29.668000,1.878000,125.465862,3613,316,0,121,243,2130,11,0
25.785560,4.742000,114.000,29.668000,1.878000,125.455460,3608,313,0,121,243,2130,11,0
25.788930,3.370000,114.000,29.668000,1.878000,125.452202,3602,313,0,121,243,2130,11,0
25.805292,16.362000,114.000,29.668000,1.878000,125.452637,3602,313,0,121,243,2130,11,0
25.808910,3.618000,114.000,29.668000,1.878000,125.453117,3602,313,0,121,243,2130,11,0
25.834521,25.611000,114.000,29.668000,1.878000,125.572212,3666,326,0,169,329,2302,11,0
25.845720,11.199000,114.000,29.668000,1.878000,125.560730,3666,326,0,144,301,2246,11,0
25.848056,2.336000,116.000,25.047000,1.428000,125.561165,3666,326,0,144,301,2246,11,0
25.863112,15.056000,116.000,25.047000,1.428000,125.566357,3666,326,0,154,311,2266,11,0
25.866742,3.630000,116.000,25.047000,1.428000,125.553028,3641,326,0,154,311,2266,11,0
25.880116,13.374000,116.000,25.047000,1.428000,125.548645,3641,326,0,144,301,2246,11,0
25.884158,4.042000,116.000,25.047000,1.428000,125.549126,3641,326,0,144,301,2246,11,0
25.896268,12.110000,116.000,25.047000,1.428000,125.549606,3641,326,0,144,301,2246,11,0
25.899795,3.527000,116.000,25.047000,1.428000,125.550087,3641,326,0,144,301,2246,11,0
25.913600,13.805000,116.000,25.047000,1.428000,125.550568,3641,326,0,144,301,2246,11,0
25.917362,3.762000,116.000,25.047000,1.428000,125.550980,3641,326,0,144,301,2246,11,0
25.924519,7.157000,116.000,25.047000,1.428000,125.551460,3641,326,0,144,301,2246,11,0
25.938060,13.541000,116.000,25.047000,1.428000,125.551941,3641,326,0,144,301,2246,11,0
25.945564,7.504000,116.000,25.047000,1.428000,125.552376,3641,326,0,144,301,2246,11,0
25.950107,4.543000,116.000,25.047000,1.428000,125.552856,3641,326,0,144,301,2246,11,0
25.962348,12.241000,116.000,25.047000,1.428000,125.550781,3637,326,0,144,301,2246,11,0
25.966958,4.610000,116.000,25.047000,1.428000,125.546852,3635,326,0,142,265,2174,11,0
25.978940,11.982000,116.000,25.047000,1.428000,125.547333,3635,326,0,142,265,2174,11,0
25.983852,4.912000,116.000,25.047000,1.428000,125.514751,3632,326,0,142,265,2174,11,0
25.995565,11.713000,116.000,25.047000,1.428000,125.515232,3632,326,0,143,265,2174,11,0
26.005522,9.957000,116.000,25.047000,1.428000,125.515713,3632,326,0,143,265,2174,11,0
26.009455,3.933000,116.000,25.047000,1.428000,125.516193,3632,326,0,143,265,2174,11,0
26.016159,6.704000,116.000,25.047000,1.428000,125.518353,3635,326,0,143,265,2174,11,0
26.028899,12.740000,116.000,25.047000,1.428000,125.518833,3635,326,0,143,265,2174,11,0
26.033969,5.070000,116.000,25.047000,1.428000,125.519173,3635,326,0,143,265,2174,11,0
26.045382,11.413000,116.000,25.047000,1.428000,125.516151,3629,326,0,143,265,2174,11,0
26.049677,4.295000,116.000,25.047000,1.428000,125.516632,3629,326,0,142,264,2172,11,0
26.062900,13.223000,116.000,25.047000,1.428000,125.517113,3629,326,0,142,264,2172,11,0
26.068453,5.553000,116.000,25.047000,1.428000,125.517509,3629,326,0,140,262,2168,11,0
26.072349,3.896000,116.000,25.047000,1.428000,125.517990,3629,326,0,140,262,2168,11,0
26.088411,16.062000,116.000,25.047000,1.428000,125.511341,3631,322,0,139,261,2166,11,0
26.091878,3.467000,116.000,25.047000,1.428000,125.507473,3624,322,0,139,261,2166,11,0
26.105004,13.126000,116.000,25.047000,1.428000,125.507931,3624,322,0,137,259,2162,11,0
26.108126,3.122000,116.000,25.047000,1.428000,125.508327,3624,322,0,136,258,2160,11,0
26.121882,13.756000,116.000,25.047000,1.428000,125.508568,3624,322,0,135,257,2158,11,0
26.125379,3.497000,116.000,25.047000,1.428000,125.495384,3618,317,0,135,257,2158,11,0
26.132415,7.036000,116.000,25.047000,1.428000,125.505638,3610,317,0,146,272,2188,11,0
26.145534,13.119000,116.000,25.047000,1.428000,125.506119,3610,317,0,146,272,2188,11,0
26.150185,4.651000,116.000,25.047000,1.428000,125.528194,3632,321,0,146,272,2188,11,0
26.162508,12.323000,116.000,25.047000,1.428000,125.524235,3632,321,0,138,264,2172,11,0
26.167578,5.070000,116.000,25.047000,1.428000,125.524670,3632,321,0,138,264,2172,11,0
26.178911,11.333000,116.000,25.047000,1.428000,125.525150,3632,321,0,138,264,2172,11,0
26.183935,5.024000,116.000,25.047000,1.428000,125.527298,3635,321,0,138,264,2172,11,0
26.195337,11.402000,116.000,25.047000,1.428000,125.527779,3635,321,0,138,264,2172,11,0
26.198060,2.723000,116.000,25.047000,1.428000,125.528259,3635,321,0,138,264,2172,11,0
26.212401,14.341000,116.000,25.047000,1.428000,125.528694,3635,321,0,138,264,2172,11,0
26.217358,4.957000,116.000,25.047000,1.428000,125.529190,3635,321,0,138,264,2172,11,0
26.229319,11.961000,116.000,25.047000,1.428000,125.529671,3635,321,0,138,264,2172,11,0
26.234511,5.192000,116.000,25.047000,1.428000,125.530151,3635,321,0,138,264,2172,11,0
26.239043,4.532000,116.000,25.047000,1.428000,125.530632,3635,321,0,138,264,2172,11,0
26.254101,15.058000,116.000,25.047000,1.428000,125.529457,3632,321,0,138,264,2172,11,0
26.262064,7.963000,116.000,25.047000,1.428000,125.529938,3632,321,0,138,264,2172,11,0
26.265170,3.106000,116.000,25.047000,1.428000,125.530418,3632,321,0,138,264,2172,11,0
26.278680,13.510000,116.000,25.047000,1.428000,125.530800,3632,321,0,137,259,2162,11,0
26.281368,2.688000,116.000,25.047000,1.428000,125.528473,3633,321,0,137,259,2162,11,0
26.295212,13.844000,116.000,25.047000,1.428000,125.528954,3633,321,0,137,259,2162,11,0
26.297464,2.252000,116.000,25.047000,1.428000,125.522572,3633,321,0,137,259,2162,11,0
26.312079,14.615000,116.000,25.047000,1.428000,125.523052,3633,321,0,137,259,2162,11,0
26.314847,2.768000,116.000,25.047000,1.428000,125.521912,3630,321,0,137,259,2162,11,0
26.328634,13.787000,116.000,25.047000,1.428000,125.522392,3630,321,0,137,259,2162,11,0
26.331088,2.454000,116.000,25.047000,1.428000,125.522839,3630,321,0,137,259,2162,11,0
26.345260,14.172000,116.000,25.047000,1.428000,125.523319,3630,321,0,137,259,2162,11,0
26.347663,2.403000,116.000,25.047000,1.428000,125.522129,3627,321,0,137,259,2162,11,0
26.362020,14.357000,116.000,25.047000,1.428000,125.522610,3627,321,0,137,259,2162,11,0
26.365359,3.339000,116.000,25.047000,1.428000,125.529049,3637,321,0,137,259,2162,11,0
26.378506,13.147000,116.000,25.047000,1.428000,125.529530,3637,321,0,136,259,2162,11,0
26.381260,2.754000,116.000,25.047000,1.428000,125.528400,3634,321,0,136,259,2162,11,0
26.395221,13.961000,116.000,25.047000,1.428000,125.528835,3634,321,0,137,259,2162,11,0
26.397403,2.182000,116.000,25.047000,1.428000,125.529301,3634,321,0,137,259,2162,11,0
26.412055,14.652000,116.000,25.047000,1.428000,125.529781,3634,321,0,136,259,2162,11,0
26.415484,3.429000,116.000,25.047000,1.428000,125.530270,3634,321,0,136,259,2162,11,0
26.436356,20.872000,116.000,25.047000,1.428000,125.630093,3691,330,0,171,335,2314,11,0
26.438585,2.229000,116.000,25.047000,1.428000,125.630573,3691,330,0,133,293,2230,11,0
26.453737,15.152000,116.000,25.047000,1.428000,125.614243,3694,330,0,133,293,2230,11,0
26.456092,2.355000,116.000,25.047000,1.428000,125.614723,3694,330,0,133,293,2230,11,0
26.470863,14.771000,116.000,25.047000,1.428000,125.619884,3694,330,0,143,303,2250,11,0
26.478715,7.852000,116.000,25.047000,1.428000,125.601692,3669,330,0,133,293,2230,11,0
26.481746,3.031000,116.000,25.047000,1.428000,125.602173,3669,330,0,133,293,2230,11,0
26.495143,13.397000,116.000,25.047000,1.428000,125.602654,3669,330,0,133,293,2230,11,0
26.497473,2.330000,116.000,25.047000,1.428000,125.603134,3669,330,0,133,293,2230,11,0
26.512401,14.928000,116.000,25.047000,1.428000,125.603615,3669,330,0,133,293,2230,11,0
26.517595,5.194000,116.000,25.047000,1.428000,125.602455,3666,330,0,133,293,2230,11,0
26.529179,11.584000,116.000,25.047000,1.428000,125.602936,3666,330,0,133,293,2230,11,0
26.534636,5.457000,116.000,25.047000,1.428000,125.603416,3666,330,0,133,293,2230,11,0
26.539390,4.754000,116.000,25.047000,1.428000,125.603897,3666,330,0,133,293,2230,11,0
26.555018,15.628000,116.000,25.047000,1.428000,125.602692,3663,330,0,133,293,2230,11,0
26.559152,4.134000,116.000,25.047000,1.428000,125.600670,3659,330,0,133,293,2230,11,0
26.565503,6.351000,116.000,25.047000,1.428000,125.601151,3659,330,0,131,257,2158,11,0
26.579081,13.578000,116.000,25.047000,1.428000,125.601578,3659,330,0,131,257,2158,11,0
26.584226,5.145000,116.000,25.047000,1.428000,125.597649,3657,330,0,131,257,2158,11,0
26.597187,12.961000,116.000,25.047000,1.428000,125.566746,3657,330,0,131,257,2158,11,0
26.602466,5.279000,116.000,25.047000,1.428000,125.568146,3657,330,0,131,257,2158,11,1
26.606948,4.482000,116.000,25.047000,1.428000,125.568626,3657,330,0,133,257,2158,11,1
26.622068,15.120000,116.000,25.047000,1.428000,125.569759,3663,329,0,133,257,2158,11,0
26.629025,6.957000,116.000,25.047000,1.428000,125.566982,3658,329,0,134,257,2158,11,0
26.634760,5.735000,116.000,25.047000,1.428000,125.567505,3658,329,0,134,257,2158,11,0
26.639482,4.722000,116.000,25.047000,1.428000,125.567802,3658,329,0,134,257,2158,11,0
26.655752,16.270000,116.000,25.047000,1.428000,125.563141,3649,329,0,134,257,2158,11,0
26.659454,3.702000,116.000,25.047000,1.428000,125.563622,3649,329,0,132,256,2156,11,0
26.666205,6.751000,116.000,25.047000,1.428000,125.564102,3649,329,0,132,256,2156,11,0
26.678902,12.697000,116.000,25.047000,1.428000,125.562943,3646,329,0,131,254,2152,11,0
26.684218,5.316000,116.000,25.047000,1.428000,125.563408,3646,329,0,130,253,2150,11,0
26.695747,11.529000,116.000,25.047000,1.428000,125.553486,3642,325,0,128,253,2150,11,0
26.700794,5.047000,116.000,25.047000,1.428000,125.549587,3635,325,0,128,253,2150,11,0
26.711310,10.516000,116.000,25.047000,1.428000,125.550068,3635,325,0,127,251,2146,11,0
26.715630,4.320000,116.000,25.047000,1.428000,125.552078,3638,325,0,126,250,2144,11,0
26.728741,13.111000,116.000,25.047000,1.428000,125.550644,3635,325,0,125,249,2142,11,0
26.731881,3.140000,116.000,25.047000,1.428000,125.539280,3632,320,0,125,249,2142,11,0
26.745552,13.671000,116.000,25.047000,1.428000,125.527828,3613,320,0,125,249,2142,11,0
26.751282,5.730000,116.000,25.047000,1.428000,125.544456,3615,320,0,136,264,2172,11,0
26.762525,11.243000,116.000,25.047000,1.428000,125.540073,3615,320,0,126,254,2152,11,0
26.766837,4.312000,116.000,25.047000,1.428000,125.540539,3615,320,0,126,254,2152,11,0
26.778913,12.076000,116.000,25.047000,1.428000,125.541019,3615,320,0,126,254,2152,11,0
26.784205,5.292000,116.000,25.047000,1.428000,125.544827,3621,320,0,125,253,2150,11,0
26.795406,11.201000,116.000,25.047000,1.428000,125.545307,3621,320,0,126,253,2150,11,0
26.799527,4.121000,116.000,25.047000,1.428000,125.545784,3621,320,0,126,253,2150,11,0
26.812392,12.865000,116.000,25.047000,1.428000,125.546265,3621,320,0,126,253,2150,11,0
26.816768,4.376000,116.000,25.047000,1.428000,125.548416,3624,320,0,126,253,2150,11,0
26.829050,12.282000,116.000,25.047000,1.428000,125.548897,3624,320,0,126,253,2150,11,0
26.833576,4.526000,116.000,25.047000,1.428000,125.568722,3643,324,0,126,253,2150,11,0
26.845541,11.965000,116.000,25.047000,1.428000,125.569626,3643,324,0,128,255,2154,11,0
26.850076,4.535000,119.000,20.485000,1.761000,125.571712,3646,324,0,128,255,2154,11,0
26.862226,12.150000,119.000,20.485000,1.761000,125.572193,3646,324,0,128,255,2154,11,0
26.866692,4.466000,119.000,20.485000,1.761000,125.572674,3646,324,0,128,255,2154,11,0
26.878986,12.294000,119.000,20.485000,1.761000,125.573154,3646,324,0,127,254,2152,11,0
26.883413,4.427000,119.000,20.485000,1.761000,125.564865,3644,321,0,127,254,2152,11,0
26.895534,12.121000,119.000,20.485000,1.761000,125.561600,3638,321,0,126,249,2142,11,0
26.899753,4.219000,119.000,20.485000,1.761000,125.557686,3636,321,0,126,249,2142,11,0
26.912201,12.448000,119.000,20.485000,1.761000,125.557194,3636,321,0,124,247,2138,11,0
26.916833,4.632000,119.000,20.485000,1.761000,125.565891,3646,325,0,124,247,2138,11,0
26.928842,12.009000,119.000,20.485000,1.761000,125.574791,3656,326,0,125,249,2142,11,0
26.933356,4.514000,119.000,20.485000,1.761000,125.573368,3653,326,0,126,250,2144,11,0
26.945596,12.240000,119.000,20.485000,1.761000,125.573849,3653,326,0,126,250,2144,11,0
26.949949,4.353000,119.000,20.485000,1.761000,125.572689,3650,326,0,126,250,2144,11,0
26.962338,12.389000,119.000,20.485000,1.761000,125.573170,3650,326,0,126,250,2144,11,0
26.966604,4.266000,119.000,20.485000,1.761000,125.573635,3650,326,0,126,250,2144,11,0
26.978884,12.280000,119.000,20.485000,1.761000,125.580120,3660,326,0,126,250,2144,11,0
26.983110,4.226000,119.000,20.485000,1.761000,125.582264,3663,326,0,126,250,2144,11,0
26.995531,12.421000,119.000,20.485000,1.761000,125.582699,3663,326,0,126,250,2144,11,0
27.000193,4.662000,119.000,20.485000,1.761000,125.583172,3663,326,0,126,250,2144,11,0
27.012298,12.105000,119.000,20.485000,1.761000,125.583652,3663,326,0,126,250,2144,11,0
27.016749,4.451000,119.000,20.485000,1.761000,125.580837,3657,326,0,126,250,2144,11,0
27.028907,12.158000,119.000,20.485000,1.761000,125.581318,3657,326,0,126,250,2144,11,0
27.059804,30.897000,119.000,20.485000,1.761000,125.688278,3714,335,0,176,340,2324,11,0
27.071775,11.971000,119.000,20.485000,1.761000,125.681797,3714,335,0,162,320,2284,11,0
27.076375,4.600000,119.000,20.485000,1.761000,125.666828,3686,335,0,162,320,2284,11,0
27.080879,4.504000,119.000,20.485000,1.761000,125.660805,3683,335,0,152,310,2264,11,0
27.097551,16.672000,119.000,20.485000,1.761000,125.661285,3683,335,0,152,310,2264,11,0
27.101568,4.017000,119.000,20.485000,1.761000,125.661766,3683,335,0,151,309,2262,11,0
27.106544,4.976000,119.000,20.485000,1.761000,125.660606,3680,335,0,151,309,2262,11,0
27.121181,14.637000,119.000,20.485000,1.761000,125.661087,3680,335,0,151,309,2262,11,0
27.128845,7.664000,119.000,20.485000,1.761000,125.661568,3680,335,0,151,309,2262,11,0
27.133768,4.923000,119.000,20.485000,1.761000,125.662048,3680,335,0,151,309,2262,11,0
27.145572,11.804000,119.000,20.485000,1.761000,125.662529,3680,335,0,151,309,2262,11,0
27.150636,5.064000,119.000,20.485000,1.761000,125.664684,3683,335,0,151,309,2262,11,0
27.162192,11.556000,119.000,20.485000,1.761000,125.665165,3683,335,0,151,309,2262,11,0
27.167138,4.946000,119.000,20.485000,1.761000,125.663143,3679,335,0,151,309,2262,11,0
27.178713,11.575000,119.000,20.485000,1.761000,125.663570,3679,335,0,149,273,2190,11,0
27.183364,4.651000,119.000,20.485000,1.761000,125.659641,3677,335,0,149,273,2190,11,0
27.195495,12.131000,119.000,20.485000,1.761000,125.660122,3677,335,0,149,273,2190,11,0
27.200144,4.649000,119.000,20.485000,1.761000,125.629246,3677,335,0,149,273,2190,11,0
27.212159,12.015000,119.000,20.485000,1.761000,125.629726,3677,335,0,149,273,2190,11,0
27.216997,4.838000,119.000,20.485000,1.761000,125.628567,3674,335,0,149,273,2190,11,0
27.228888,11.891000,119.000,20.485000,1.761000,125.629047,3674,335,0,149,273,2190,11,0
27.233565,4.677000,119.000,20.485000,1.761000,125.629578,3674,335,0,149,273,2190,11,0
27.245838,12.273000,119.000,20.485000,1.761000,125.630058,3674,335,0,148,273,2190,11,0
27.250258,4.420000,119.000,20.485000,1.761000,125.630432,3674,335,0,148,273,2190,11,0
27.261986,11.728000,119.000,20.485000,1.761000,125.627411,3668,335,0,148,273,2190,11,0
27.267195,5.209000,119.000,20.485000,1.761000,125.627892,3668,335,0,148,273,2190,11,0
27.278865,11.670000,119.000,20.485000,1.761000,125.628372,3668,335,0,147,272,2188,11,0
27.282278,3.413000,119.000,20.485000,1.761000,125.628853,3668,335,0,145,270,2184,11,0
27.296663,14.385000,119.000,20.485000,1.761000,125.629364,3668,335,0,144,269,2182,11,0
27.299972,3.309000,119.000,20.485000,1.761000,125.616253,3659,331,0,143,268,2180,11,0
27.313196,13.224000,119.000,20.485000,1.761000,125.612324,3652,331,0,143,268,2180,11,0
27.316674,3.478000,119.000,20.485000,1.761000,125.612804,3652,331,0,142,266,2176,11,0
27.329850,13.176000,119.000,20.485000,1.761000,125.613300,3652,331,0,142,266,2176,11,0
27.333179,3.329000,119.000,20.485000,1.761000,125.613651,3652,331,0,141,265,2174,11,0
27.347205,14.026000,119.000,20.485000,1.761000,125.598553,3643,326,0,140,264,2172,11,0
27.351688,4.483000,119.000,20.485000,1.761000,125.592716,3633,326,0,140,264,2172,11,0
27.358629,6.941000,119.000,20.485000,1.761000,125.609310,3635,326,0,151,279,2202,11,0
27.370557,11.928000,119.000,20.485000,1.761000,125.609791,3635,326,0,151,279,2202,11,0
27.374778,4.221000,119.000,20.485000,1.761000,125.605408,3635,326,0,141,269,2182,11,0
27.387024,12.246000,119.000,20.485000,1.761000,125.605888,3635,326,0,141,269,2182,11,0
27.395658,8.634000,119.000,20.485000,1.761000,125.604729,3632,326,0,141,269,2182,11,0
27.397768,2.110000,119.000,20.485000,1.761000,125.605209,3632,326,0,141,269,2182,11,0
27.412411,14.643000,119.000,20.485000,1.761000,125.480076,3585,286,0,141,269,2182,11,0
27.414475,2.064000,119.000,20.485000,1.761000,125.448391,3535,286,0,131,249,2142,11,0
27.429793,15.318000,119.000,20.485000,1.761000,125.450512,3538,286,0,131,249,2142,11,0
27.437132,7.339000,119.000,20.485000,1.761000,125.450993,3538,286,0,131,249,2142,11,0
27.441577,4.445000,119.000,20.485000,1.761000,125.451454,3538,286,0,131,249,2142,11,0
27.453814,12.237000,119.000,20.485000,1.761000,125.451935,3538,286,0,131,249,2142,11,0
27.458461,4.647000,119.000,20.485000,1.761000,125.452415,3538,286,0,131,249,2142,11,0
27.470491,12.030000,119.000,20.485000,1.761000,125.452896,3538,286,0,131,249,2142,11,0
27.479642,9.151000,119.000,20.485000,1.761000,125.453362,3538,286,0,131,249,2142,11,0
27.482788,3.146000,119.000,20.485000,1.761000,125.453842,3538,286,0,131,249,2142,11,0
27.496397,13.609000,119.000,20.485000,1.761000,125.457653,3544,286,0,131,249,2142,11,0
27.499721,3.324000,119.000,20.485000,1.761000,125.458080,3544,286,0,130,244,2132,11,0
27.513181,13.460000,119.000,20.485000,1.761000,125.455791,3545,286,0,130,244,2132,11,0
27.516532,3.351000,119.000,20.485000,1.761000,125.456272,3545,286,0,130,244,2132,11,0
27.530149,13.617000,119.000,20.485000,1.761000,125.450558,3548,286,0,128,242,2128,11,0
27.533324,3.175000,119.000,20.485000,1.761000,125.451038,3548,286,0,128,242,2128,11,0
27.546317,12.993000,119.000,20.485000,1.761000,125.451515,3548,286,0,128,242,2128,11,0
27.549374,3.057000,119.000,20.485000,1.761000,125.451996,3548,286,0,128,242,2128,11,0
27.563260,13.886000,119.000,20.485000,1.761000,125.454124,3551,286,0,128,242,2128,11,0
27.566322,3.062000,119.000,20.485000,1.761000,125.454559,3551,286,0,128,242,2128,11,0
27.579761,13.439000,119.000,20.485000,1.761000,125.455032,3551,286,0,128,242,2128,11,0
27.582823,3.062000,119.000,20.485000,1.761000,125.455513,3551,286,0,128,242,2128,11,0
27.596571,13.748000,119.000,20.485000,1.761000,125.465557,3567,286,0,128,242,2128,11,0
27.599717,3.146000,119.000,20.485000,1.761000,125.460423,3558,286,0,128,242,2128,11,0
27.612978,13.261000,119.000,20.485000,1.761000,125.460884,3558,286,0,128,242,2128,11,0
27.616047,3.069000,119.000,20.485000,1.761000,125.461365,3558,286,0,128,242,2128,11,0
27.629558,13.511000,119.000,20.485000,1.761000,125.461830,3558,286,0,128,242,2128,11,0
27.632649,3.091000,119.000,20.485000,1.761000,125.462311,3558,286,0,127,242,2128,11,0
27.646539,13.890000,119.000,20.485000,1.761000,125.461151,3555,286,0,127,242,2128,11,0
27.675039,28.500000,119.000,20.485000,1.761000,125.560829,3612,295,0,164,316,2276,11,0
27.687785,12.746000,119.000,20.485000,1.761000,125.547260,3612,295,0,136,282,2208,11,0
27.696392,8.607000,119.000,20.485000,1.761000,125.529984,3587,295,0,126,272,2188,11,1
27.699746,3.354000,119.000,20.485000,1.761000,125.530464,3587,295,0,126,272,2188,11,1
27.713138,13.392000,119.000,20.485000,1.761000,125.530136,3593,294,0,126,272,2188,11,0
27.716494,3.356000,119.000,20.485000,1.761000,125.524078,3582,294,0,126,272,2188,11,0
27.729562,13.068000,119.000,20.485000,1.761000,125.522919,3579,294,0,126,272,2188,11,0
27.732919,3.357000,119.000,20.485000,1.761000,125.523399,3579,294,0,126,272,2188,11,0
27.746160,13.241000,119.000,20.485000,1.761000,125.522240,3576,294,0,126,272,2188,11,0
27.749668,3.508000,119.000,20.485000,1.761000,125.522675,3576,294,0,126,272,2188,11,0
27.767938,18.270000,119.000,20.485000,1.761000,125.523155,3576,294,0,126,272,2188,11,0
27.779038,11.100000,119.000,20.485000,1.761000,125.523636,3576,294,0,126,272,2188,11,0
27.781203,2.165000,119.000,20.485000,1.761000,125.521614,3572,294,0,124,236,2116,11,0
27.796489,15.286000,119.000,20.485000,1.761000,125.520454,3569,294,0,124,236,2116,11,0
27.799767,3.278000,119.000,20.485000,1.761000,125.516472,3567,294,0,124,236,2116,11,0
27.812967,13.200000,119.000,20.485000,1.761000,125.485558,3567,294,0,124,236,2116,11,0
27.816075,3.108000,119.000,20.485000,1.761000,125.484398,3564,294,0,124,236,2116,11,0
27.829622,13.547000,119.000,20.485000,1.761000,125.484879,3564,294,0,124,236,2116,11,0
27.832812,3.190000,119.000,20.485000,1.761000,125.488571,3569,294,0,124,236,2116,11,0
27.846591,13.779000,119.000,20.485000,1.761000,125.488838,3569,294,0,124,236,2116,11,0
27.849661,3.070000,113.000,30.276000,1.300000,125.489319,3569,294,0,123,236,2116,11,0
27.863065,13.404000,113.000,30.276000,1.300000,125.489655,3569,294,0,123,236,2116,11,0
27.866248,3.183000,113.000,30.276000,1.300000,125.486633,3563,294,0,123,235,2114,11,0
27.879683,13.435000,113.000,30.276000,1.300000,125.487114,3563,294,0,122,234,2112,11,0
27.882711,3.028000,113.000,30.276000,1.300000,125.487595,3563,294,0,121,234,2112,11,0
27.896456,13.745000,113.000,30.276000,1.300000,125.488075,3563,294,0,119,232,2108,11,0
27.899454,2.998000,113.000,30.276000,1.300000,125.486916,3560,294,0,119,231,2106,11,0
27.913225,13.771000,113.000,30.276000,1.300000,125.476963,3556,290,0,119,231,2106,11,0
27.916347,3.122000,113.000,30.276000,1.300000,125.473095,3549,290,0,119,231,2106,11,0
27.929772,13.425000,113.000,30.276000,1.300000,125.473560,3549,290,0,117,229,2102,11,0
27.932782,3.010000,113.000,30.276000,1.300000,125.473957,3549,290,0,116,228,2100,11,0
27.946806,14.024000,113.000,30.276000,1.300000,125.458858,3540,285,0,115,227,2098,11,0
27.949907,3.101000,113.000,30.276000,1.300000,125.453075,3530,285,0,114,227,2098,11,0
27.955584,5.677000,113.000,30.276000,1.300000,125.469719,3532,285,0,125,242,2128,11,0
27.971227,15.643000,113.000,30.276000,1.300000,125.470215,3532,285,0,125,242,2128,11,0
27.978714,7.487000,113.000,30.276000,1.300000,125.455441,3527,282,0,114,231,2106,11,0
27.982551,3.837000,113.000,30.276000,1.300000,125.452183,3521,282,0,114,231,2106,11,0
27.995446,12.895000,113.000,30.276000,1.300000,125.452663,3521,282,0,114,231,2106,11,0
27.999459,4.013000,113.000,30.276000,1.300000,125.453129,3521,282,0,114,231,2106,11,0
28.012116,12.657000,113.000,30.276000,1.300000,125.453609,3521,282,0,114,231,2106,11,0
28.016329,4.213000,113.000,30.276000,1.300000,125.470680,3531,286,0,114,231,2106,11,0
28.028716,12.387000,113.000,30.276000,1.300000,125.471848,3531,286,0,115,232,2108,11,0
28.032606,3.890000,113.000,30.276000,1.300000,125.472324,3531,286,0,115,232,2108,11,0
28.046078,13.472000,113.000,30.276000,1.300000,125.472805,3531,286,0,115,232,2108,11,0
28.050373,4.295000,113.000,30.276000,1.300000,125.473286,3531,286,0,115,232,2108,11,0
28.062152,11.779000,113.000,30.276000,1.300000,125.473766,3531,286,0,115,232,2108,11,0
28.065282,3.130000,113.000,30.276000,1.300000,125.474247,3531,286,0,115,232,2108,11,0
28.079671,14.389000,113.000,30.276000,1.300000,125.474728,3531,286,0,115,232,2108,11,0
28.082682,3.011000,113.000,30.276000,1.300000,125.473568,3528,286,0,115,232,2108,11,0
28.096366,13.684000,113.000,30.276000,1.300000,125.473995,3528,286,0,115,232,2108,11,0
28.099366,3.000000,113.000,30.276000,1.300000,125.470066,3526,286,0,115,232,2108,11,0
28.112982,13.616000,113.000,30.276000,1.300000,125.470531,3526,286,0,114,227,2098,11,0
28.115923,2.941000,113.000,30.276000,1.300000,125.471012,3526,286,0,114,227,2098,11,0
28.129782,13.859000,113.000,30.276000,1.300000,125.473167,3529,286,0,114,227,2098,11,0
28.132856,3.074000,113.000,30.276000,1.300000,125.466782,3529,286,0,114,227,2098,11,0
28.147546,14.690000,113.000,30.276000,1.300000,125.467274,3529,286,0,114,227,2098,11,0
28.150912,3.366000,113.000,30.276000,1.300000,125.467754,3529,286,0,115,227,2098,11,0
28.163216,12.304000,113.000,30.276000,1.300000,125.468235,3529,286,0,115,227,2098,11,0
28.166299,3.083000,113.000,30.276000,1.300000,125.468716,3529,286,0,115,227,2098,11,0
28.179772,13.473000,113.000,30.276000,1.300000,125.469196,3529,286,0,115,227,2098,11,0
28.182930,3.158000,113.000,30.276000,1.300000,125.470959,3529,286,0,115,227,2098,11,0
28.196624,13.694000,113.000,30.276000,1.300000,125.474701,3535,286,0,115,227,2098,11,0
28.199954,3.330000,113.000,30.276000,1.300000,125.481186,3545,286,0,115,227,2098,11,0
28.213292,13.338000,113.000,30.276000,1.300000,125.481640,3545,286,0,114,226,2096,11,0
28.216344,3.052000,113.000,30.276000,1.300000,125.478931,3540,286,0,113,226,2096,11,0
28.230035,13.691000,113.000,30.276000,1.300000,125.481041,3543,286,0,113,226,2096,11,0
28.233179,3.144000,113.000,30.276000,1.300000,125.481522,3543,286,0,113,226,2096,11,0
28.247036,13.857000,113.000,30.276000,1.300000,125.596222,3657,310,0,113,226,2096,11,0
28.250437,3.401000,113.000,30.276000,1.300000,125.599472,3657,310,0,125,238,2120,11,0
28.269950,19.513000,113.000,30.276000,1.300000,125.706738,3717,319,0,173,326,2296,11,0
28.272300,2.350000,113.000,30.276000,1.300000,125.694527,3717,319,0,147,296,2236,11,0
28.287332,15.032000,113.000,30.276000,1.300000,125.694927,3717,319,0,147,296,2236,11,0
28.296379,9.047000,113.000,30.276000,1.300000,125.701756,3720,319,0,157,306,2256,11,0
28.300085,3.706000,113.000,30.276000,1.300000,125.683563,3695,319,0,147,296,2236,11,0
28.313022,12.937000,113.000,30.276000,1.300000,125.684044,3695,319,0,147,296,2236,11,0
28.316750,3.728000,113.000,30.276000,1.300000,125.684525,3695,319,0,147,296,2236,11,0
28.329664,12.914000,113.000,30.276000,1.300000,125.684959,3695,319,0,147,296,2236,11,0
28.333264,3.600000,113.000,30.276000,1.300000,125.685440,3695,319,0,147,296,2236,11,0
28.346361,13.097000,113.000,30.276000,1.300000,125.685921,3695,319,0,147,296,2236,11,0
28.349964,3.603000,113.000,30.276000,1.300000,125.686401,3695,319,0,147,296,2236,11,0
28.363478,13.514000,113.000,30.276000,1.300000,125.685242,3692,319,0,147,296,2236,11,0
28.367289,3.811000,113.000,30.276000,1.300000,125.685722,3692,319,0,147,296,2236,11,0
28.373574,6.285000,113.000,30.276000,1.300000,125.673035,3687,314,0,146,295,2234,11,0
28.387954,14.380000,113.000,30.276000,1.300000,125.669621,3680,314,0,146,295,2234,11,0
28.395514,7.560000,113.000,30.276000,1.300000,125.656609,3672,310,0,146,295,2234,11,0
28.400958,5.444000,113.000,30.276000,1.300000,125.836437,3786,358,0,144,259,2162,11,0
28.406422,5.464000,113.000,30.276000,1.300000,125.845608,3786,358,0,156,283,2210,11,0
28.421405,14.983000,113.000,30.276000,1.300000,125.841694,3784,358,0,156,283,2210,11,0
28.428836,7.431000,113.000,30.276000,1.300000,125.807510,3778,358,0,157,283,2210,11,0
28.433632,4.796000,113.000,30.276000,1.300000,125.807991,3778,358,0,157,283,2210,11,0
28.445581,11.949000,113.000,30.276000,1.300000,125.808472,3778,358,0,157,283,2210,11,0
28.450306,4.725000,113.000,30.276000,1.300000,125.808998,3778,358,0,157,283,2210,11,0
28.462459,12.153000,113.000,30.276000,1.300000,125.807838,3775,358,0,157,283,2210,11,0
28.467153,4.694000,113.000,30.276000,1.300000,125.808319,3775,358,0,157,283,2210,11,0
28.479002,11.849000,113.000,30.276000,1.300000,125.808662,3775,358,0,157,283,2210,11,0
28.483707,4.705000,113.000,30.276000,1.300000,125.805660,3769,358,0,157,283,2210,11,0
28.495596,11.889000,113.000,30.276000,1.300000,125.806141,3769,358,0,156,282,2208,11,0
28.500326,4.730000,113.000,30.276000,1.300000,125.806602,3769,358,0,154,280,2204,11,0
28.512146,11.820000,113.000,30.276000,1.300000,125.807083,3769,358,0,154,280,2204,11,0
28.517005,4.859000,113.000,30.276000,1.300000,125.795475,3762,354,0,153,279,2202,11,0
28.528771,11.766000,113.000,30.276000,1.300000,125.791607,3755,354,0,153,279,2202,11,0
28.533494,4.723000,113.000,30.276000,1.300000,125.792088,3755,354,0,151,277,2198,11,0
28.545688,12.194000,113.000,30.276000,1.300000,125.792568,3755,354,0,150,277,2198,11,0
28.550301,4.613000,113.000,30.276000,1.300000,125.794624,3758,354,0,149,276,2196,11,0
28.562489,12.188000,113.000,30.276000,1.300000,125.779572,3749,349,0,149,275,2194,11,0
28.567706,5.217000,113.000,30.276000,1.300000,125.773670,3739,349,0,149,275,2194,11,0
28.574079,6.373000,113.000,30.276000,1.300000,125.790314,3741,349,0,160,290,2224,11,0
28.588139,14.060000,113.000,30.276000,1.300000,125.787594,3744,349,0,150,280,2204,11,0
28.595347,7.208000,113.000,30.276000,1.300000,125.788074,3744,349,0,150,280,2204,11,0
28.599636,4.289000,113.000,30.276000,1.300000,125.788548,3744,349,0,150,280,2204,11,0
28.612618,12.982000,113.000,30.276000,1.300000,125.787388,3741,349,0,150,280,2204,11,0
28.618132,5.514000,113.000,30.276000,1.300000,125.787868,3741,349,0,150,280,2204,11,0
28.623196,5.064000,113.000,30.276000,1.300000,125.788349,3741,349,0,150,280,2204,11,0
28.638041,14.845000,113.000,30.276000,1.300000,125.788815,3741,349,0,150,280,2204,11,0
28.645464,7.423000,113.000,30.276000,1.300000,125.789295,3741,349,0,150,280,2204,11,0
28.650280,4.816000,113.000,30.276000,1.300000,125.789791,3741,349,0,150,280,2204,11,0
28.662381,12.101000,113.000,30.276000,1.300000,125.790226,3741,349,0,150,280,2204,11,0
28.667468,5.087000,113.000,30.276000,1.300000,125.790707,3741,349,0,150,280,2204,11,0
28.679871,12.403000,113.000,30.276000,1.300000,125.791187,3741,349,0,150,280,2204,11,0
28.686541,6.670000,113.000,30.276000,1.300000,125.791668,3741,349,0,150,280,2204,11,0
28.690564,4.023000,113.000,30.276000,1.300000,125.792149,3741,349,0,150,280,2204,11,0
28.704847,14.283000,113.000,30.276000,1.300000,125.792614,3741,349,0,150,280,2204,11,0
28.712419,7.572000,113.000,30.276000,1.300000,125.793095,3741,349,0,150,280,2204,11,0
28.717717,5.298000,113.000,30.276000,1.300000,125.791897,3738,349,0,149,275,2194,11,0
28.723003,5.286000,113.000,30.276000,1.300000,125.799366,3754,349,0,149,275,2194,11,0
28.738192,15.189000,113.000,30.276000,1.300000,125.765182,3700,349,0,147,273,2190,11,0
28.741817,3.625000,113.000,30.276000,1.300000,125.758797,3700,349,0,147,273,2190,11,0
28.755049,13.232000,113.000,30.276000,1.300000,125.759308,3700,349,0,147,273,2190,11,0
28.759058,4.009000,113.000,30.276000,1.300000,125.759789,3700,349,0,146,273,2190,11,0
28.771749,12.691000,113.000,30.276000,1.300000,125.760269,3700,349,0,146,273,2190,11,0
28.778888,7.139000,113.000,30.276000,1.300000,125.760750,3700,349,0,146,273,2190,11,0
28.783921,5.033000,113.000,30.276000,1.300000,125.759575,3697,349,0,146,273,2190,11,0
28.795470,11.549000,113.000,30.276000,1.300000,125.760056,3697,349,0,147,273,2190,11,0
28.800273,4.803000,113.000,30.276000,1.300000,125.767410,3707,349,0,147,273,2190,11,1
28.812307,12.034000,113.000,30.276000,1.300000,125.767891,3707,349,0,147,273,2190,11,1
28.817528,5.221000,113.000,30.276000,1.300000,125.769012,3713,348,0,147,273,2190,11,0
28.823039,5.511000,113.000,30.276000,1.300000,125.766235,3708,348,0,146,273,2190,11,0
28.837910,14.871000,113.000,30.276000,1.300000,125.766712,3708,348,0,146,273,2190,11,0
28.845490,7.580000,113.000,30.276000,1.300000,125.767147,3708,348,0,147,273,2190,11,0
28.850239,4.749000,119.000,19.073000,1.632000,125.767597,3708,348,0,147,273,2190,11,0
28.883092,32.853000,119.000,19.073000,1.632000,125.868526,3765,357,0,185,349,2342,11,0
28.896744,13.652000,119.000,19.073000,1.632000,125.854816,3771,357,0,149,307,2258,11,0
28.902104,5.360000,119.000,19.073000,1.632000,125.881485,3801,357,0,160,317,2278,11,0
28.908695,6.591000,119.000,19.073000,1.632000,125.856758,3758,357,0,150,307,2258,11,0
28.921600,12.905000,119.000,19.073000,1.632000,125.854027,3761,357,0,150,307,2258,11,0
28.928931,7.331000,119.000,19.073000,1.632000,125.854439,3761,357,0,150,307,2258,11,0
28.933924,4.993000,119.000,19.073000,1.632000,125.854919,3761,357,0,150,307,2258,11,0
28.946773,12.849000,119.000,19.073000,1.632000,125.857052,3764,357,0,150,307,2258,11,0
28.950951,4.178000,119.000,19.073000,1.632000,125.857533,3764,357,0,150,307,2258,11,0
28.956352,5.401000,119.000,19.073000,1.632000,125.858013,3764,357,0,150,307,2258,11,0
28.971703,15.351000,119.000,19.073000,1.632000,125.858494,3764,357,0,150,307,2258,11,0
28.978812,7.109000,119.000,19.073000,1.632000,125.858974,3764,357,0,149,306,2256,11,0
28.984090,5.278000,119.000,19.073000,1.632000,125.861126,3767,357,0,149,306,2256,11,0
28.989262,5.172000,119.000,19.073000,1.632000,125.859058,3763,357,0,149,306,2256,11,0
29.004610,15.348000,119.000,19.073000,1.632000,125.859486,3763,357,0,147,270,2184,11,0
29.013030,8.420000,119.000,19.073000,1.632000,125.855511,3761,357,0,147,270,2184,11,0
29.018649,5.619000,119.000,19.073000,1.632000,125.855946,3761,357,0,147,270,2184,11,0
29.022985,4.336000,119.000,19.073000,1.632000,125.825043,3761,357,0,147,270,2184,11,0
29.038244,15.259000,119.000,19.073000,1.632000,125.825535,3761,357,0,147,270,2184,11,0
29.045669,7.425000,119.000,19.073000,1.632000,125.826015,3761,357,0,147,270,2184,11,0
29.050977,5.308000,119.000,19.073000,1.632000,125.824856,3758,357,0,147,270,2184,11,0
29.056312,5.335000,119.000,19.073000,1.632000,125.825336,3758,357,0,147,270,2184,11,0
29.071609,15.297000,119.000,19.073000,1.632000,125.825775,3758,357,0,147,270,2184,11,0
29.075261,3.652000,119.000,19.073000,1.632000,125.826118,3758,357,0,136,264,2172,11,0
29.088273,13.012000,119.000,19.073000,1.632000,125.814308,3750,354,0,135,263,2170,11,0
29.095440,7.167000,119.000,19.073000,1.632000,125.811096,3744,354,0,134,262,2168,11,0
29.098943,3.503000,119.000,19.073000,1.632000,125.811531,3744,354,0,134,262,2168,11,0
29.113196,14.253000,119.000,19.073000,1.632000,125.808723,3738,354,0,134,262,2168,11,0
29.116352,3.156000,119.000,19.073000,1.632000,125.809204,3738,354,0,132,260,2164,11,0
29.130325,13.973000,119.000,19.073000,1.632000,125.814358,3744,354,0,131,259,2162,11,0
29.133750,3.425000,119.000,19.073000,1.632000,125.811176,3737,354,0,130,261,2166,11,0
29.146862,13.112000,119.000,19.073000,1.632000,125.811607,3737,354,0,129,260,2164,11,0
29.150043,3.181000,119.000,19.073000,1.632000,125.810448,3734,354,0,129,259,2162,11,0
29.163301,13.258000,119.000,19.073000,1.632000,125.810875,3734,354,0,128,258,2160,11,0
29.166558,3.257000,119.000,19.073000,1.632000,125.795822,3725,349,0,128,257,2158,11,0
29.179989,13.431000,119.000,19.073000,1.632000,125.789940,3715,349,0,128,257,2158,11,0
29.202085,22.096000,119.000,19.073000,1.632000,125.789940,3712,349,0,128,257,2158,11,2
29.205611,3.526000,119.000,19.073000,1.632000,125.801704,3714,349,0,129,262,2168,11,2
29.221554,15.943000,119.000,19.073000,1.632000,125.802818,3714,349,0,129,262,2168,11,2
29.230002,8.448000,119.000,19.073000,1.632000,125.804482,3726,347,0,129,262,2168,11,0
29.233299,3.297000,119.000,19.073000,1.632000,125.796852,3713,347,0,131,262,2168,11,0
29.246520,13.221000,119.000,19.073000,1.632000,125.797318,3713,347,0,131,262,2168,11,0
29.250033,3.513000,119.000,19.073000,1.632000,125.797752,3713,347,0,131,262,2168,11,0
29.263665,13.632000,119.000,19.073000,1.632000,125.799908,3716,347,0,130,256,2156,11,0
29.268369,4.704000,119.000,19.073000,1.632000,125.781269,3686,347,0,130,256,2156,11,0
29.273208,4.839000,119.000,19.073000,1.632000,125.781750,3686,347,0,130,256,2156,11,0
29.287933,14.725000,119.000,19.073000,1.632000,125.782230,3686,347,0,130,256,2156,11,0
29.297614,9.681000,119.000,19.073000,1.632000,125.782711,3686,347,0,130,256,2156,11,0
29.313063,15.449000,119.000,19.073000,1.632000,125.783176,3686,347,0,130,256,2156,11,0
29.317111,4.048000,119.000,19.073000,1.632000,125.782032,3683,347,0,130,256,2156,11,0
29.328775,11.664000,119.000,19.073000,1.632000,125.782513,3683,347,0,130,256,2156,11,0
29.333416,4.641000,119.000,19.073000,1.632000,125.782993,3683,347,0,130,256,2156,11,0
29.345693,12.277000,119.000,19.073000,1.632000,125.783421,3683,347,0,129,251,2146,11,0
29.349881,4.188000,119.000,19.073000,1.632000,125.779491,3681,347,0,129,251,2146,11,0
29.363288,13.407000,119.000,19.073000,1.632000,125.773148,3681,347,0,129,251,2146,11,0
29.366547,3.259000,119.000,19.073000,1.632000,125.773628,3681,347,0,129,251,2146,11,0
29.380137,13.590000,119.000,19.073000,1.632000,125.774109,3681,347,0,127,249,2142,11,0
29.383788,3.651000,119.000,19.073000,1.632000,125.774590,3681,347,0,127,249,2142,11,0
29.396636,12.848000,119.000,19.073000,1.632000,125.775070,3681,347,0,127,249,2142,11,0
29.399837,3.201000,119.000,19.073000,1.632000,125.781555,3691,347,0,127,249,2142,11,0
29.414603,14.766000,119.000,19.073000,1.632000,125.781990,3691,347,0,127,249,2142,11,0
29.418316,3.713000,119.000,19.073000,1.632000,125.782471,3691,347,0,126,249,2142,11,0
29.423099,4.783000,119.000,19.073000,1.632000,125.782951,3691,347,0,126,249,2142,11,0
29.437802,14.703000,119.000,19.073000,1.632000,125.783463,3691,347,0,126,249,2142,11,0
29.445373,7.571000,119.000,19.073000,1.632000,125.783943,3691,347,0,127,249,2142,11,0
29.449560,4.187000,119.000,19.073000,1.632000,125.784393,3691,347,0,127,249,2142,11,0
29.479288,29.728000,119.000,19.073000,1.632000,125.888794,3748,356,0,171,333,2310,11,0
29.481493,2.205000,119.000,19.073000,1.632000,125.889275,3748,356,0,169,331,2306,11,0
29.496121,14.628000,119.000,19.073000,1.632000,125.853554,3735,350,0,141,299,2242,11,0
29.499480,3.359000,119.000,19.073000,1.632000,125.846649,3723,350,0,141,299,2242,11,0
29.512959,13.479000,119.000,19.073000,1.632000,125.851795,3723,350,0,151,309,2262,11,0
29.516822,3.863000,119.000,19.073000,1.632000,125.838467,3698,350,0,151,309,2262,11,0
29.529770,12.948000,119.000,19.073000,1.632000,125.835754,3701,350,0,141,299,2242,11,0
29.533454,3.684000,119.000,19.073000,1.632000,125.836189,3701,350,0,142,299,2242,11,0
29.547647,14.193000,119.000,19.073000,1.632000,125.836670,3701,350,0,142,299,2242,11,0
29.551203,3.556000,119.000,19.073000,1.632000,125.837151,3701,350,0,142,299,2242,11,0
29.556754,5.551000,119.000,19.073000,1.632000,125.837631,3701,350,0,142,299,2242,11,0
29.571373,14.619000,119.000,19.073000,1.632000,125.839771,3704,350,0,142,299,2242,11,0
29.578743,7.370000,119.000,19.073000,1.632000,125.840252,3704,350,0,142,299,2242,11,0
29.583321,4.578000,119.000,19.073000,1.632000,125.844028,3710,350,0,142,299,2242,11,0
29.595611,12.290000,119.000,19.073000,1.632000,125.844509,3710,350,0,143,299,2242,11,0
29.600265,4.654000,119.000,19.073000,1.632000,125.842434,3706,350,0,143,299,2242,11,0
29.612127,11.862000,119.000,19.073000,1.632000,125.838505,3704,350,0,141,263,2170,11,0
29.616556,4.429000,119.000,19.073000,1.632000,125.840637,3707,350,0,141,263,2170,11,0
29.628869,12.313000,119.000,19.073000,1.632000,125.809734,3707,350,0,141,263,2170,11,0
29.633199,4.330000,119.000,19.073000,1.632000,125.810223,3707,350,0,141,263,2170,11,0
29.645433,12.234000,119.000,19.073000,1.632000,125.810703,3707,350,0,141,263,2170,11,0
29.649817,4.384000,119.000,19.073000,1.632000,125.812836,3710,350,0,141,263,2170,11,0
29.662116,12.299000,119.000,19.073000,1.632000,125.813316,3710,350,0,141,263,2170,11,0
29.667015,4.899000,119.000,19.073000,1.632000,125.815449,3713,350,0,141,263,2170,11,0
29.678714,11.699000,119.000,19.073000,1.632000,125.815929,3713,350,0,140,263,2170,11,0
29.683200,4.486000,119.000,19.073000,1.632000,125.817909,3716,350,0,140,263,2170,11,0
29.695560,12.360000,119.000,19.073000,1.632000,125.814808,3710,350,0,141,263,2170,11,0
29.699937,4.377000,119.000,19.073000,1.632000,125.815224,3710,350,0,140,262,2168,11,0
29.712181,12.244000,119.000,19.073000,1.632000,125.815704,3710,350,0,138,260,2164,11,0
29.716541,4.360000,119.000,19.073000,1.632000,125.816185,3710,350,0,138,260,2164,11,0
29.728803,12.262000,119.000,19.073000,1.632000,125.806263,3706,346,0,136,259,2162,11,0
29.733254,4.451000,119.000,19.073000,1.632000,125.802349,3699,346,0,136,259,2162,11,0
29.745453,12.199000,119.000,19.073000,1.632000,125.802830,3699,346,0,134,257,2158,11,0
29.749853,4.400000,119.000,19.073000,1.632000,125.801685,3696,346,0,133,256,2156,11,0
29.762111,12.258000,119.000,19.073000,1.632000,125.802082,3696,346,0,133,256,2156,11,0
29.766604,4.493000,119.000,19.073000,1.632000,125.786968,3687,341,0,132,255,2154,11,0
29.778805,12.201000,119.000,19.073000,1.632000,125.781132,3677,341,0,132,255,2154,11,0
29.783080,4.275000,119.000,19.073000,1.632000,125.783276,3680,341,0,133,255,2154,11,0
29.788989,5.909000,119.000,19.073000,1.632000,125.798229,3679,341,0,144,270,2184,11,0
29.804622,15.633000,119.000,19.073000,1.632000,125.798687,3679,341,0,144,270,2184,11,0
29.812167,7.545000,119.000,19.073000,1.632000,125.795887,3673,341,0,144,270,2184,11,0
29.816448,4.281000,119.000,19.073000,1.632000,125.796383,3673,341,0,134,260,2164,11,0
29.828828,12.380000,119.000,19.073000,1.632000,125.792000,3673,341,0,134,260,2164,11,0
29.833133,4.305000,119.000,19.073000,1.632000,125.792465,3673,341,0,134,260,2164,11,0
29.845431,12.298000,119.000,19.073000,1.632000,125.792946,3673,341,0,134,260,2164,11,0
29.849459,4.028000,112.000,31.892000,1.659000,125.791771,3670,341,0,134,260,2164,11,0
29.862097,12.638000,112.000,31.892000,1.659000,125.792252,3670,341,0,134,260,2164,11,0
29.871356,9.259000,112.000,31.892000,1.659000,125.792747,3670,341,0,134,260,2164,11,0
29.874559,3.203000,112.000,31.892000,1.659000,125.793228,3670,341,0,133,260,2164,11,0
29.888126,13.567000,112.000,31.892000,1.659000,125.792084,3667,341,0,133,260,2164,11,0
29.895556,7.430000,112.000,31.892000,1.659000,125.792564,3667,341,0,134,260,2164,11,0
29.900048,4.492000,112.000,31.892000,1.659000,125.792305,3664,341,0,134,260,2164,11,1
29.912999,12.951000,112.000,31.892000,1.659000,125.792786,3664,341,0,133,260,2164,11,1
29.917586,4.587000,112.000,31.892000,1.659000,125.792278,3667,340,0,133,260,2164,11,0
29.928811,11.225000,112.000,31.892000,1.659000,125.789501,3662,340,0,135,260,2164,11,0
29.933182,4.371000,112.000,31.892000,1.659000,125.789913,3662,340,0,134,255,2154,11,0
29.945417,12.235000,112.000,31.892000,1.659000,125.785984,3660,340,0,134,255,2154,11,0
29.949866,4.449000,112.000,31.892000,1.659000,125.788128,3663,340,0,134,255,2154,11,0
29.962636,12.770000,112.000,31.892000,1.659000,125.781742,3663,340,0,134,255,2154,11,0
29.968036,5.400000,112.000,31.892000,1.659000,125.782219,3663,340,0,134,255,2154,11,0
29.972331,4.295000,112.000,31.892000,1.659000,125.782700,3663,340,0,132,255,2154,11,0
29.988249,15.918000,112.000,31.892000,1.659000,125.783180,3663,340,0,132,255,2154,11,0
29.995455,7.206000,112.000,31.892000,1.659000,125.783661,3663,340,0,132,255,2154,11,0
29.999773,4.318000,112.000,31.892000,1.659000,125.784142,3663,340,0,132,255,2154,11,0
30.012085,12.312000,112.000,31.892000,1.659000,125.784622,3663,340,0,132,255,2154,11,0
30.016572,4.487000,112.000,31.892000,1.659000,125.789467,3670,340,0,132,255,2154,11,0
30.028852,12.280000,112.000,31.892000,1.659000,125.789948,3670,340,0,134,255,2154,11,0
30.033249,4.397000,112.000,31.892000,1.659000,125.790428,3670,340,0,134,255,2154,11,0
30.045427,12.178000,112.000,31.892000,1.659000,125.790909,3670,340,0,131,255,2154,11,0
30.049847,4.420000,112.000,31.892000,1.659000,125.791435,3670,340,0,131,255,2154,11,0
30.062165,12.318000,112.000,31.892000,1.659000,125.791916,3670,340,0,134,255,2154,11,0
30.066454,4.289000,112.000,31.892000,1.659000,125.792397,3670,340,0,134,255,2154,11,0
30.097804,31.350000,112.000,31.892000,1.659000,125.893192,3727,349,0,172,331,2306,11,0
30.112967,15.163000,112.000,31.892000,1.659000,125.876255,3727,349,0,135,290,2224,11,0
30.117531,4.564000,112.000,31.892000,1.659000,125.881447,3727,349,0,145,300,2244,11,0
30.123525,5.994000,112.000,31.892000,1.659000,125.868118,3702,349,0,135,290,2224,11,0
30.137867,14.342000,112.000,31.892000,1.659000,125.863735,3702,349,0,135,290,2224,11,0
30.145417,7.550000,112.000,31.892000,1.659000,125.864216,3702,349,0,135,290,2224,11,0
30.149702,4.285000,112.000,31.892000,1.659000,125.864697,3702,349,0,135,290,2224,11,0
30.162909,13.207000,112.000,31.892000,1.659000,125.865177,3702,349,0,135,290,2224,11,0
30.166637,3.728000,112.000,31.892000,1.659000,125.865658,3702,349,0,135,290,2224,11,0
30.179736,13.099000,112.000,31.892000,1.659000,125.854061,3694,346,0,134,289,2222,11,0
30.183140,3.404000,112.000,31.892000,1.659000,125.850849,3688,346,0,134,289,2222,11,0
30.196405,13.265000,112.000,31.892000,1.659000,125.851284,3688,346,0,134,289,2222,11,0
30.199936,3.531000,112.000,31.892000,1.659000,125.851765,3688,346,0,134,289,2222,11,0
30.212581,12.645000,112.000,31.892000,1.659000,125.866566,3697,350,0,134,289,2222,11,0
30.214855,2.274000,112.000,31.892000,1.659000,125.867733,3697,350,0,133,255,2154,11,0
30.228980,14.125000,112.000,31.892000,1.659000,125.868156,3697,350,0,133,255,2154,11,0
30.231180,2.200000,112.000,31.892000,1.659000,125.832775,3695,350,0,133,255,2154,11,0
30.245635,14.455000,112.000,31.892000,1.659000,125.833229,3695,350,0,133,255,2154,11,0
30.247644,2.009000,112.000,31.892000,1.659000,125.833710,3695,350,0,133,255,2154,11,0
30.262209,14.565000,112.000,31.892000,1.659000,125.834190,3695,350,0,133,255,2154,11,0
30.264200,1.991000,112.000,31.892000,1.659000,125.834671,3695,350,0,133,255,2154,11,0
30.278940,14.740000,112.000,31.892000,1.659000,125.838333,3701,350,0,133,255,2154,11,0
30.280990,2.050000,112.000,31.892000,1.659000,125.838768,3701,350,0,133,255,2154,11,0
30.295521,14.531000,112.000,31.892000,1.659000,125.839054,3701,350,0,133,255,2154,11,0
30.297517,1.996000,112.000,31.892000,1.659000,125.836033,3695,350,0,130,255,2154,11,0
30.313828,16.311000,112.000,31.892000,1.659000,125.838085,3698,350,0,129,254,2152,11,0
30.317768,3.940000,112.000,31.892000,1.659000,125.838566,3698,350,0,131,254,2152,11,0
30.329728,11.960000,112.000,31.892000,1.659000,125.839054,3698,350,0,129,252,2148,11,0
30.332871,3.143000,112.000,31.892000,1.659000,125.829132,3694,346,0,128,251,2146,11,0
30.347442,14.571000,112.000,31.892000,1.659000,125.759647,3666,322,0,128,251,2146,11,0
30.350620,3.178000,112.000,31.892000,1.659000,125.741177,3630,322,0,127,250,2144,11,0
30.363050,12.430000,112.000,31.892000,1.659000,125.741604,3630,322,0,126,249,2142,11,0
30.370795,7.745000,112.000,31.892000,1.659000,125.741955,3630,322,0,125,248,2140,11,0
30.376465,5.670000,112.000,31.892000,1.659000,125.728531,3624,317,0,124,247,2138,11,0
30.381419,4.954000,112.000,31.892000,1.659000,125.738842,3616,317,0,136,262,2168,11,0
30.397477,16.058000,112.000,31.892000,1.659000,125.739323,3616,317,0,136,262,2168,11,0
30.400714,3.237000,112.000,31.892000,1.659000,125.739803,3616,317,0,136,262,2168,11,0
30.412932,12.218000,112.000,31.892000,1.659000,125.735405,3616,317,0,126,252,2148,11,0
30.416083,3.151000,112.000,31.892000,1.659000,125.735886,3616,317,0,125,252,2148,11,0
30.430244,14.161000,112.000,31.892000,1.659000,125.736382,3616,317,0,125,252,2148,11,0
30.433630,3.386000,112.000,31.892000,1.659000,125.736862,3616,317,0,126,252,2148,11,0
30.446440,12.810000,112.000,31.892000,1.659000,125.735657,3613,317,0,126,252,2148,11,0
30.449528,3.088000,112.000,31.892000,1.659000,125.736092,3613,317,0,126,252,2148,11,0
30.463191,13.663000,112.000,31.892000,1.659000,125.736572,3613,317,0,126,252,2148,11,0
30.466445,3.254000,112.000,31.892000,1.659000,125.737053,3613,317,0,126,252,2148,11,0
30.479850,13.405000,112.000,31.892000,1.659000,125.739178,3616,317,0,126,252,2148,11,0
30.482960,3.110000,112.000,31.892000,1.659000,125.739613,3616,317,0,126,252,2148,11,0
30.497591,14.631000,112.000,31.892000,1.659000,125.740044,3616,317,0,126,252,2148,11,0
30.512114,14.523000,112.000,31.892000,1.659000,125.740524,3616,317,0,126,252,2148,11,0
30.516370,4.256000,112.000,31.892000,1.659000,125.737709,3610,317,0,126,252,2148,11,0
30.528799,12.429000,112.000,31.892000,1.659000,125.738091,3610,317,0,125,252,2148,11,0
30.532963,4.164000,112.000,31.892000,1.659000,125.734161,3608,317,0,124,247,2138,11,0
30.545507,12.544000,112.000,31.892000,1.659000,125.734642,3608,317,0,125,247,2138,11,0
30.549653,4.146000,112.000,31.892000,1.659000,125.726601,3605,317,0,125,247,2138,11,0
30.562113,12.460000,112.000,31.892000,1.659000,125.727081,3605,317,0,124,247,2138,11,0
30.566309,4.196000,112.000,31.892000,1.659000,125.727619,3605,317,0,124,247,2138,11,0
30.578745,12.436000,112.000,31.892000,1.659000,125.728100,3605,317,0,125,247,2138,11,0
30.582956,4.211000,112.000,31.892000,1.659000,125.726925,3602,317,0,125,247,2138,11,0
30.595441,12.485000,112.000,31.892000,1.659000,125.727406,3602,317,0,124,247,2138,11,0
30.599686,4.245000,112.000,31.892000,1.659000,125.727856,3602,317,0,124,247,2138,11,0
30.613423,13.737000,112.000,31.892000,1.659000,125.726696,3599,317,0,122,247,2138,11,0
30.617745,4.322000,112.000,31.892000,1.659000,125.727177,3599,317,0,122,247,2138,11,0
30.628856,11.111000,112.000,31.892000,1.659000,125.733662,3609,317,0,124,247,2138,11,0
30.633110,4.254000,112.000,31.892000,1.659000,125.734142,3609,317,0,124,247,2138,11,0
30.645621,12.511000,112.000,31.892000,1.659000,125.734577,3609,317,0,124,247,2138,11,0
30.649988,4.367000,112.000,31.892000,1.659000,125.738350,3615,317,0,124,247,2138,11,0
30.662123,12.135000,112.000,31.892000,1.659000,125.738831,3615,317,0,124,247,2138,11,0
30.666369,4.246000,112.000,31.892000,1.659000,125.739315,3615,317,0,124,247,2138,11,0
30.678795,12.426000,112.000,31.892000,1.659000,125.739796,3615,317,0,123,247,2138,11,0
30.700814,22.019000,112.000,31.892000,1.659000,125.844486,3672,326,0,170,333,2310,11,0
30.712096,11.282000,112.000,31.892000,1.659000,125.831348,3672,326,0,142,301,2246,11,0
30.714250,2.154000,112.000,31.892000,1.659000,125.831829,3672,326,0,142,301,2246,11,0
30.729652,15.402000,112.000,31.892000,1.659000,125.835335,3669,326,0,152,311,2266,11,0
30.733292,3.640000,112.000,31.892000,1.659000,125.822006,3644,326,0,142,301,2246,11,0
30.747306,14.014000,112.000,31.892000,1.659000,125.817623,3644,326,0,142,301,2246,11,0
30.750963,3.657000,112.000,31.892000,1.659000,125.818104,3644,326,0,142,301,2246,11,0
30.756610,5.647000,112.000,31.892000,1.659000,125.820328,3647,326,0,142,301,2246,11,0
30.770446,13.836000,112.000,31.892000,1.659000,125.820763,3647,326,0,142,301,2246,11,0
30.779673,9.227000,112.000,31.892000,1.659000,125.821243,3647,326,0,142,301,2246,11,0
30.783850,4.177000,112.000,31.892000,1.659000,125.821724,3647,326,0,142,301,2246,11,0
30.796107,12.257000,112.000,31.892000,1.659000,125.822159,3647,326,0,142,301,2246,11,0
30.800299,4.192000,112.000,31.892000,1.659000,125.822639,3647,326,0,142,301,2246,11,0
30.812029,11.730000,112.000,31.892000,1.659000,125.823120,3647,326,0,142,301,2246,11,0
30.817325,5.296000,112.000,31.892000,1.659000,125.823601,3647,326,0,142,301,2246,11,0
30.829108,11.783000,112.000,31.892000,1.659000,125.821579,3643,326,0,142,301,2246,11,0
30.834141,5.033000,112.000,31.892000,1.659000,125.822060,3643,326,0,139,265,2174,11,0
30.845523,11.382000,112.000,31.892000,1.659000,125.822487,3643,326,0,139,265,2174,11,0
30.850516,4.993000,114.000,30.851000,1.728000,125.787209,3641,326,0,139,265,2174,11,0
30.862989,12.473000,114.000,30.851000,1.728000,125.787689,3641,326,0,140,265,2174,11,0
30.871662,8.673000,114.000,30.851000,1.728000,125.788155,3641,326,0,140,265,2174,11,0
30.875365,3.703000,114.000,30.851000,1.728000,125.788635,3641,326,0,140,265,2174,11,0
30.888051,12.686000,114.000,30.851000,1.728000,125.785870,3635,326,0,140,265,2174,11,0
30.895400,7.349000,114.000,30.851000,1.728000,125.786350,3635,326,0,141,265,2174,11,0
30.900262,4.862000,114.000,30.851000,1.728000,125.786613,3635,326,0,141,265,2174,11,0
30.912308,12.046000,114.000,30.851000,1.728000,125.783592,3629,326,0,140,265,2174,11,0
30.917392,5.084000,114.000,30.851000,1.728000,125.785732,3632,326,0,139,264,2172,11,0
30.929049,11.657000,114.000,30.851000,1.728000,125.786213,3632,326,0,139,264,2172,11,0
30.934091,5.042000,114.000,30.851000,1.728000,125.786659,3632,326,0,137,262,2168,11,0
30.945457,11.366000,114.000,30.851000,1.728000,125.787140,3632,326,0,135,261,2166,11,0
30.949867,4.410000,114.000,30.851000,1.728000,125.777203,3628,322,0,135,261,2166,11,0
30.962287,12.420000,114.000,30.851000,1.728000,125.773335,3621,322,0,137,261,2166,11,0
30.967137,4.850000,114.000,30.851000,1.728000,125.773724,3621,322,0,135,259,2162,11,0
30.978766,11.629000,114.000,30.851000,1.728000,125.774120,3621,322,0,134,258,2160,11,0
30.983651,4.885000,114.000,30.851000,1.728000,125.774368,3621,322,0,133,257,2158,11,0
30.995348,11.697000,114.000,30.851000,1.728000,125.761185,3615,317,0,133,257,2158,11,0
30.999819,4.471000,114.000,30.851000,1.728000,125.756191,3605,317,0,133,257,2158,11,1
31.006069,6.250000,114.000,30.851000,1.728000,125.767960,3607,317,0,134,262,2168,11,1
31.021820,15.751000,114.000,30.851000,1.728000,125.771191,3616,316,0,134,262,2168,11,0
31.029125,7.305000,114.000,30.851000,1.728000,125.768368,3611,316,0,135,262,2168,11,0
31.034046,4.921000,114.000,30.851000,1.728000,125.768833,3611,316,0,135,262,2168,11,0
31.045188,11.142000,114.000,30.851000,1.728000,125.769314,3611,316,0,135,262,2168,11,0
31.049493,4.305000,114.000,30.851000,1.728000,125.771461,3614,316,0,135,262,2168,11,0
31.062336,12.843000,114.000,30.851000,1.728000,125.771942,3614,316,0,135,262,2168,11,0
31.067159,4.823000,114.000,30.851000,1.728000,125.772423,3614,316,0,135,262,2168,11,0
31.078913,11.754000,114.000,30.851000,1.728000,125.772903,3614,316,0,135,262,2168,11,0
31.083769,4.856000,114.000,30.851000,1.728000,125.775051,3617,316,0,135,262,2168,11,0
31.095299,11.530000,114.000,30.851000,1.728000,125.775532,3617,316,0,135,262,2168,11,0
31.099547,4.248000,114.000,30.851000,1.728000,125.776012,3617,316,0,135,262,2168,11,0
31.112346,12.799000,114.000,30.851000,1.728000,125.776493,3617,316,0,135,262,2168,11,0
31.117222,4.876000,114.000,30.851000,1.728000,125.776989,3617,316,0,135,262,2168,11,0
31.128919,11.697000,114.000,30.851000,1.728000,125.777470,3617,316,0,135,262,2168,11,0
31.133920,5.001000,114.000,30.851000,1.728000,125.777920,3617,316,0,135,262,2168,11,0
31.145711,11.791000,114.000,30.851000,1.728000,125.778301,3617,316,0,135,262,2168,11,0
31.150578,4.867000,114.000,30.851000,1.728000,125.772747,3612,316,0,134,257,2158,11,0
31.162310,11.732000,114.000,30.851000,1.728000,125.773228,3612,316,0,134,257,2158,11,0
31.167229,4.919000,114.000,30.851000,1.728000,125.772705,3612,316,0,132,255,2154,11,0
31.178946,11.717000,114.000,30.851000,1.728000,125.766319,3612,316,0,132,255,2154,11,0
31.184039,5.093000,114.000,30.851000,1.728000,125.768440,3615,316,0,131,254,2152,11,0
31.195525,11.486000,114.000,30.851000,1.728000,125.768921,3615,316,0,130,254,2152,11,0
31.200018,4.493000,114.000,30.851000,1.728000,125.769379,3615,316,0,130,254,2152,11,0
31.212342,12.324000,114.000,30.851000,1.728000,125.769859,3615,316,0,130,254,2152,11,0
31.217152,4.810000,114.000,30.851000,1.728000,125.767090,3609,316,0,130,254,2152,11,0
31.228884,11.732000,114.000,30.851000,1.728000,125.767570,3609,316,0,130,254,2152,11,0
31.234177,5.293000,114.000,30.851000,1.728000,125.774025,3619,316,0,130,254,2152,11,0
31.245440,11.263000,114.000,30.851000,1.728000,125.774506,3619,316,0,131,254,2152,11,0
31.249583,4.143000,114.000,30.851000,1.728000,125.773315,3616,316,0,131,254,2152,11,0
31.262143,12.560000,114.000,30.851000,1.728000,125.773796,3616,316,0,130,254,2152,11,0
31.267064,4.921000,114.000,30.851000,1.728000,125.774277,3616,316,0,130,254,2152,11,0
31.278938,11.874000,114.000,30.851000,1.728000,125.774757,3616,316,0,128,253,2150,11,0
31.283881,4.943000,114.000,30.851000,1.728000,125.762714,3608,313,0,128,253,2150,11,0
31.311959,28.078000,114.000,30.851000,1.728000,125.860920,3659,322,0,168,331,2306,11,0
31.314754,2.795000,114.000,30.851000,1.728000,125.844864,3659,322,0,134,291,2226,11,0
31.329455,14.701000,114.000,30.851000,1.728000,125.863369,3666,326,0,144,301,2246,11,0
31.332406,2.951000,114.000,30.851000,1.728000,125.850727,3641,326,0,145,303,2250,11,0
31.346217,13.811000,114.000,30.851000,1.728000,125.851204,3641,326,0,135,293,2230,11,0
31.349823,3.606000,114.000,30.851000,1.728000,125.846821,3641,326,0,135,293,2230,11,0
31.363504,13.681000,114.000,30.851000,1.728000,125.848969,3644,326,0,135,293,2230,11,0
31.367396,3.892000,114.000,30.851000,1.728000,125.849449,3644,326,0,136,293,2230,11,0
31.380294,12.898000,114.000,30.851000,1.728000,125.869869,3663,330,0,136,293,2230,11,0
31.384314,4.020000,114.000,30.851000,1.728000,125.870773,3663,330,0,138,295,2234,11,0
31.396157,11.843000,114.000,30.851000,1.728000,125.871208,3663,330,0,138,295,2234,11,0
31.400809,4.652000,114.000,30.851000,1.728000,125.878979,3669,332,0,138,295,2234,11,0
31.406698,5.889000,114.000,30.851000,1.728000,125.879929,3669,332,0,139,296,2236,11,0
31.421790,15.092000,114.000,30.851000,1.728000,125.751492,3616,292,0,139,296,2236,11,0
31.428885,7.095000,114.000,30.851000,1.728000,125.719761,3566,292,0,129,276,2196,11,0
31.433495,4.610000,114.000,30.851000,1.728000,125.717739,3562,292,0,127,240,2124,11,0
31.445311,11.816000,114.000,30.851000,1.728000,125.713757,3560,292,0,127,240,2124,11,0
31.449360,4.049000,114.000,30.851000,1.728000,125.714237,3560,292,0,127,240,2124,11,0
31.462325,12.965000,114.000,30.851000,1.728000,125.683289,3560,292,0,127,240,2124,11,0
31.467264,4.939000,114.000,30.851000,1.728000,125.683792,3560,292,0,127,240,2124,11,0
31.478739,11.475000,114.000,30.851000,1.728000,125.684273,3560,292,0,128,240,2124,11,0
31.483681,4.942000,114.000,30.851000,1.728000,125.698444,3560,292,0,128,240,2124,11,0
31.495359,11.678000,114.000,30.851000,1.728000,126.233913,3560,292,0,127,240,2124,11,0
31.499418,4.059000,114.000,30.851000,1.728000,126.234394,3560,292,0,127,240,2124,11,0
31.512312,12.894000,114.000,30.851000,1.728000,126.234737,3560,292,0,127,240,2124,11,0
31.517166,4.854000,114.000,30.851000,1.728000,126.231716,3554,292,0,127,240,2124,11,0
31.528842,11.676000,114.000,30.851000,1.728000,126.232197,3554,292,0,126,239,2122,11,0
31.533953,5.111000,114.000,30.851000,1.728000,126.232677,3554,292,0,126,239,2122,11,0
31.545510,11.557000,114.000,30.851000,1.728000,126.233158,3554,292,0,125,237,2118,11,0
31.550177,4.667000,114.000,30.851000,1.728000,126.233593,3554,292,0,124,236,2116,11,0
31.562319,12.142000,114.000,30.851000,1.728000,126.223671,3550,288,0,123,236,2116,11,0
31.566817,4.498000,114.000,30.851000,1.728000,126.219772,3543,288,0,123,236,2116,11,0
31.578980,12.163000,114.000,30.851000,1.728000,126.220253,3543,288,0,122,234,2112,11,0
31.583633,4.653000,114.000,30.851000,1.728000,126.218979,3540,288,0,121,233,2110,11,0
31.595612,11.979000,114.000,30.851000,1.728000,126.217590,3537,288,0,119,232,2108,11,0
31.600405,4.793000,114.000,30.851000,1.728000,126.204376,3531,283,0,119,232,2108,11,0
31.612293,11.888000,114.000,30.851000,1.728000,126.198540,3521,283,0,120,232,2108,11,0
31.618777,6.484000,114.000,30.851000,1.728000,126.216946,3526,283,0,131,247,2138,11,0
31.622947,4.170000,114.000,30.851000,1.728000,126.217426,3526,283,0,131,247,2138,11,0
31.638325,15.378000,114.000,30.851000,1.728000,126.213028,3526,283,0,121,237,2118,11,0
31.645671,7.346000,114.000,30.851000,1.728000,126.213509,3526,283,0,121,237,2118,11,0
31.650461,4.790000,114.000,30.851000,1.728000,126.213989,3526,283,0,121,237,2118,11,0
31.662027,11.566000,114.000,30.851000,1.728000,126.214470,3526,283,0,121,237,2118,11,0
31.665562,3.535000,114.000,30.851000,1.728000,126.214966,3526,283,0,121,237,2118,11,0
31.678486,12.924000,114.000,30.851000,1.728000,126.215446,3526,283,0,121,237,2118,11,0
31.681593,3.107000,114.000,30.851000,1.728000,126.219204,3532,283,0,121,237,2118,11,0
31.695240,13.647000,114.000,30.851000,1.728000,126.219685,3532,283,0,121,237,2118,11,0
31.697897,2.657000,114.000,30.851000,1.728000,126.220108,3532,283,0,121,237,2118,11,0
31.711751,13.854000,114.000,30.851000,1.728000,126.220589,3532,283,0,121,237,2118,11,0
31.714220,2.469000,114.000,30.851000,1.728000,126.222736,3535,283,0,121,237,2118,11,0
31.728536,14.316000,114.000,30.851000,1.728000,126.223171,3535,283,0,121,237,2118,11,0
31.730901,2.365000,114.000,30.851000,1.728000,126.225311,3538,283,0,121,237,2118,11,0
31.745094,14.193000,114.000,30.851000,1.728000,126.225792,3538,283,0,121,237,2118,11,0
31.747255,2.161000,114.000,30.851000,1.728000,126.227901,3541,283,0,121,237,2118,11,0
31.761743,14.488000,114.000,30.851000,1.728000,126.228329,3541,283,0,120,232,2108,11,0
31.764122,2.379000,114.000,30.851000,1.728000,126.224384,3539,283,0,120,232,2108,11,0
31.778564,14.442000,114.000,30.851000,1.728000,126.224865,3539,283,0,120,232,2108,11,0
31.781005,2.441000,114.000,30.851000,1.728000,126.220104,3542,283,0,120,232,2108,11,0
31.795135,14.130000,114.000,30.851000,1.728000,126.220585,3542,283,0,120,232,2108,11,0
31.797670,2.535000,114.000,30.851000,1.728000,126.221046,3542,283,0,120,232,2108,11,0
31.811844,14.174000,114.000,30.851000,1.728000,126.221481,3542,283,0,119,232,2108,11,0
31.814617,2.773000,114.000,30.851000,1.728000,126.221947,3542,283,0,119,232,2108,11,0
31.828525,13.908000,114.000,30.851000,1.728000,126.222427,3542,283,0,120,232,2108,11,0
31.831217,2.692000,114.000,30.851000,1.728000,126.224480,3545,283,0,120,232,2108,11,0
31.845130,13.913000,114.000,30.851000,1.728000,126.230965,3555,283,0,119,232,2108,11,0
31.847827,2.697000,118.000,27.463000,1.516000,126.229752,3552,283,0,119,232,2108,11,0
31.861940,14.113000,118.000,27.463000,1.516000,126.230232,3552,283,0,120,232,2108,11,0
31.864807,2.867000,118.000,27.463000,1.516000,126.230652,3552,283,0,120,232,2108,11,0
31.878988,14.181000,118.000,27.463000,1.516000,126.231133,3552,283,0,119,232,2108,11,0
31.883689,4.701000,118.000,27.463000,1.516000,126.233257,3555,283,0,119,232,2108,11,0
31.895673,11.984000,118.000,27.463000,1.516000,126.233738,3555,283,0,120,232,2108,11,0
31.921524,25.851000,118.000,27.463000,1.516000,126.337437,3612,292,0,163,314,2272,11,0
31.929113,7.589000,118.000,27.463000,1.516000,126.323326,3612,292,0,133,280,2204,11,0
31.931731,2.618000,118.000,27.463000,1.516000,126.320526,3606,292,0,133,280,2204,11,0
31.945473,13.742000,118.000,27.463000,1.516000,126.325718,3606,292,0,133,280,2204,11,0
31.947814,2.341000,118.000,27.463000,1.516000,126.307526,3581,292,0,133,280,2204,11,0
31.962564,14.750000,118.000,27.463000,1.516000,126.308266,3581,292,0,133,280,2204,11,0
31.965544,2.980000,118.000,27.463000,1.516000,126.303131,3572,292,0,133,280,2204,11,0
31.979943,14.399000,118.000,27.463000,1.516000,126.301971,3569,292,0,133,280,2204,11,0
31.983896,3.953000,118.000,27.463000,1.516000,126.300812,3566,292,0,133,280,2204,11,0
31.996677,12.781000,118.000,27.463000,1.516000,126.301292,3566,292,0,133,280,2204,11,0
32.000790,4.113000,118.000,27.463000,1.516000,126.301773,3566,292,0,133,280,2204,11,0
32.007434,6.644000,118.000,27.463000,1.516000,126.302261,3566,292,0,133,280,2204,11,0
32.021303,13.869000,118.000,27.463000,1.516000,126.301102,3563,292,0,133,280,2204,11,0
32.029049,7.746000,118.000,27.463000,1.516000,126.301582,3563,292,0,133,280,2204,11,0
32.034003,4.954000,118.000,27.463000,1.516000,126.302063,3563,292,0,133,280,2204,11,0
32.046441,12.438000,118.000,27.463000,1.516000,126.300041,3559,292,0,133,280,2204,11,0
32.054927,8.486000,118.000,27.463000,1.516000,126.302139,3562,292,0,131,244,2132,11,0
32.058387,3.460000,118.000,27.463000,1.516000,126.298210,3560,292,0,131,244,2132,11,0
32.071174,12.787000,118.000,27.463000,1.516000,126.265717,3557,292,0,131,244,2132,11,0
32.078685,7.511000,118.000,27.463000,1.516000,126.266197,3557,292,0,132,244,2132,11,0
32.082808,4.123000,118.000,27.463000,1.516000,126.266678,3557,292,0,132,244,2132,11,0
32.095623,12.815000,118.000,27.463000,1.516000,126.267159,3557,292,0,132,244,2132,11,0
32.099932,4.309000,118.000,27.463000,1.516000,126.268581,3557,292,0,132,244,2132,11,1
32.112020,12.088000,118.000,27.463000,1.516000,126.269062,3557,292,0,131,244,2132,11,1
32.116763,4.743000,118.000,27.463000,1.516000,126.266895,3560,291,0,131,244,2132,11,0
32.128663,11.900000,118.000,27.463000,1.516000,126.260616,3549,291,0,130,243,2130,11,0
32.132958,4.295000,118.000,27.463000,1.516000,126.255722,3547,289,0,129,242,2128,11,0
32.145632,12.674000,118.000,27.463000,1.516000,126.261555,3553,290,0,129,242,2128,11,0
32.149757,4.125000,118.000,27.463000,1.516000,126.260166,3550,290,0,128,241,2126,11,0
32.162040,12.283000,118.000,27.463000,1.516000,126.260647,3550,290,0,127,240,2124,11,0
32.166108,4.068000,118.000,27.463000,1.516000,126.250633,3546,286,0,127,240,2124,11,0
32.178726,12.618000,118.000,27.463000,1.516000,126.246765,3539,286,0,127,240,2124,11,0
32.182848,4.122000,118.000,27.463000,1.516000,126.247246,3539,286,0,125,238,2120,11,0
32.195420,12.572000,118.000,27.463000,1.516000,126.247643,3539,286,0,124,237,2118,11,0
32.199875,4.455000,118.000,27.463000,1.516000,126.246178,3536,286,0,123,236,2116,11,0
32.212171,12.296000,118.000,27.463000,1.516000,126.232994,3530,281,0,123,236,2116,11,0
32.216384,4.213000,118.000,27.463000,1.516000,126.227112,3520,281,0,123,236,2116,11,0
32.222350,5.966000,118.000,27.463000,1.516000,126.243744,3522,281,0,134,251,2146,11,0
32.238037,15.687000,118.000,27.463000,1.516000,126.244194,3522,281,0,134,251,2146,11,0
32.245406,7.369000,118.000,27.463000,1.516000,126.239811,3522,281,0,124,241,2126,11,0
32.249448,4.042000,118.000,27.463000,1.516000,126.240276,3522,281,0,124,241,2126,11,0
32.262199,12.751000,118.000,27.463000,1.516000,126.240757,3522,281,0,124,241,2126,11,0
32.266512,4.313000,118.000,27.463000,1.516000,126.241314,3522,281,0,124,241,2126,11,0
32.279571,13.059000,118.000,27.463000,1.516000,126.241795,3522,281,0,123,241,2126,11,0
32.284132,4.561000,118.000,27.463000,1.516000,126.240650,3519,281,0,122,240,2124,11,0
32.295489,11.357000,118.000,27.463000,1.516000,126.241131,3519,281,0,123,240,2124,11,0
32.299464,3.975000,118.000,27.463000,1.516000,126.241627,3519,281,0,123,240,2124,11,0
32.312065,12.601000,118.000,27.463000,1.516000,126.242107,3519,281,0,123,240,2124,11,0
32.316170,4.105000,118.000,27.463000,1.516000,126.244232,3522,281,0,123,240,2124,11,0
32.328748,12.578000,118.000,27.463000,1.516000,126.244667,3522,281,0,122,239,2122,11,0
32.332820,4.072000,118.000,27.463000,1.516000,126.245144,3522,281,0,122,239,2122,11,0
32.345430,12.610000,118.000,27.463000,1.516000,126.245579,3522,281,0,122,239,2122,11,0
32.349443,4.013000,118.000,27.463000,1.516000,126.246014,3522,281,0,122,239,2122,11,0
32.362427,12.984000,118.000,27.463000,1.516000,126.246441,3522,281,0,122,239,2122,11,0
32.366475,4.048000,118.000,27.463000,1.516000,126.242496,3520,281,0,121,234,2112,11,0
32.378758,12.283000,118.000,27.463000,1.516000,126.242977,3520,281,0,120,233,2110,11,0
32.382885,4.127000,118.000,27.463000,1.516000,126.236320,3521,278,0,120,233,2110,11,0
32.395369,12.484000,118.000,27.463000,1.516000,126.226242,3515,278,0,121,233,2110,11,0
32.399541,4.172000,118.000,27.463000,1.516000,126.226761,3515,278,0,121,233,2110,11,0
32.412046,12.505000,118.000,27.463000,1.516000,126.227242,3515,278,0,119,233,2110,11,0
32.417120,5.074000,118.000,27.463000,1.516000,126.428425,3648,330,0,119,233,2110,11,0
32.428739,11.619000,118.000,27.463000,1.516000,126.438335,3648,330,0,135,259,2162,11,0
32.432940,4.201000,118.000,27.463000,1.516000,126.438805,3648,330,0,135,259,2162,11,0
32.445358,12.418000,118.000,27.463000,1.516000,126.439240,3648,330,0,134,259,2162,11,0
32.449816,4.458000,118.000,27.463000,1.516000,126.447399,3661,330,0,134,259,2162,11,0
32.462075,12.259000,118.000,27.463000,1.516000,126.447880,3661,330,0,135,259,2162,11,0
32.466259,4.184000,118.000,27.463000,1.516000,126.448296,3661,330,0,135,259,2162,11,0
32.478774,12.515000,118.000,27.463000,1.516000,126.448776,3661,330,0,135,259,2162,11,0
32.483141,4.367000,118.000,27.463000,1.516000,126.450840,3664,330,0,135,259,2162,11,0
32.495438,12.297000,118.000,27.463000,1.516000,126.451321,3664,330,0,135,259,2162,11,0
32.499818,4.380000,118.000,27.463000,1.516000,126.451797,3664,330,0,134,258,2160,11,0
32.525066,25.248000,118.000,27.463000,1.516000,126.553532,3721,339,0,173,336,2316,11,0
32.528043,2.977000,118.000,27.463000,1.516000,126.534286,3716,339,0,139,298,2240,11,0
32.530583,2.540000,118.000,27.463000,1.516000,126.534767,3716,339,0,139,298,2240,11,0
32.545156,14.573000,118.000,27.463000,1.516000,126.539959,3716,339,0,149,308,2260,11,0
32.548069,2.913000,118.000,27.463000,1.516000,126.524990,3688,339,0,149,308,2260,11,0
32.562116,14.047000,118.000,27.463000,1.516000,126.520607,3688,339,0,139,298,2240,11,0
32.566653,4.537000,118.000,27.463000,1.516000,126.521088,3688,339,0,139,298,2240,11,0
32.578762,12.109000,118.000,27.463000,1.516000,126.521568,3688,339,0,139,298,2240,11,0
32.583217,4.455000,118.000,27.463000,1.516000,126.523701,3691,339,0,139,298,2240,11,0
32.595456,12.239000,118.000,27.463000,1.516000,126.524181,3691,339,0,139,298,2240,11,0
32.600213,4.757000,118.000,27.463000,1.516000,126.524662,3691,339,0,139,298,2240,11,0
32.612061,11.848000,118.000,27.463000,1.516000,126.525143,3691,339,0,139,298,2240,11,0
32.616524,4.463000,118.000,27.463000,1.516000,126.522343,3685,339,0,139,298,2240,11,0
32.628948,12.424000,118.000,27.463000,1.516000,126.522823,3685,339,0,139,298,2240,11,0
32.633781,4.833000,118.000,27.463000,1.516000,126.523304,3685,339,0,139,298,2240,11,0
32.646027,12.246000,118.000,27.463000,1.516000,126.521282,3681,339,0,139,298,2240,11,0
32.651160,5.133000,118.000,27.463000,1.516000,126.520069,3678,339,0,137,262,2168,11,0
32.655705,4.545000,118.000,27.463000,1.516000,126.516094,3676,339,0,137,262,2168,11,0
32.671315,15.610000,118.000,27.463000,1.516000,126.516575,3676,339,0,137,262,2168,11,0
32.678616,7.301000,118.000,27.463000,1.516000,126.485672,3676,339,0,137,262,2168,11,0
32.682961,4.345000,118.000,27.463000,1.516000,126.484520,3673,339,0,137,262,2168,11,0
32.695392,12.431000,118.000,27.463000,1.516000,126.485001,3673,339,0,138,262,2168,11,0
32.699764,4.372000,118.000,27.463000,1.516000,126.485466,3673,339,0,138,262,2168,11,0
32.712152,12.388000,118.000,27.463000,1.516000,126.485947,3673,339,0,138,262,2168,11,0
32.717155,5.003000,118.000,27.463000,1.516000,126.484829,3670,339,0,138,262,2168,11,0
32.728742,11.587000,118.000,27.463000,1.516000,126.485172,3670,339,0,136,262,2168,11,0
32.733210,4.468000,118.000,27.463000,1.516000,126.482136,3664,339,0,136,262,2168,11,0
32.745406,12.196000,118.000,27.463000,1.516000,126.482571,3664,339,0,137,261,2166,11,0
32.749909,4.503000,118.000,27.463000,1.516000,126.484745,3667,339,0,137,261,2166,11,0
32.762129,12.220000,118.000,27.463000,1.516000,126.485226,3667,339,0,133,259,2162,11,0
32.766661,4.532000,118.000,27.463000,1.516000,126.485683,3667,339,0,132,258,2160,11,0
32.778770,12.109000,118.000,27.463000,1.516000,126.475761,3663,335,0,133,258,2160,11,0
32.783261,4.491000,118.000,27.463000,1.516000,126.471802,3656,335,0,133,258,2160,11,0
32.797028,13.767000,118.000,27.463000,1.516000,126.472282,3656,335,0,130,256,2156,11,0
32.801454,4.426000,118.000,27.463000,1.516000,126.472664,3656,335,0,129,255,2154,11,0
32.806245,4.791000,118.000,27.463000,1.516000,126.457611,3647,330,0,129,254,2152,11,0
32.821464,15.219000,118.000,27.463000,1.516000,126.451778,3637,330,0,129,254,2152,11,0
32.828435,6.971000,118.000,27.463000,1.516000,126.468418,3639,330,0,141,269,2182,11,0
32.832971,4.536000,118.000,27.463000,1.516000,126.468864,3639,330,0,141,269,2182,11,0
32.845395,12.424000,118.000,27.463000,1.516000,126.469345,3639,330,0,130,259,2162,11,0
32.849741,4.346000,117.000,25.260000,1.994000,126.464977,3639,330,0,130,259,2162,11,0
32.863554,13.813000,117.000,25.260000,1.994000,126.465458,3639,330,0,131,259,2162,11,0
32.867838,4.284000,117.000,25.260000,1.994000,126.465939,3639,330,0,131,259,2162,11,0
32.872481,4.643000,117.000,25.260000,1.994000,126.466419,3639,330,0,131,259,2162,11,0
32.887853,15.372000,117.000,25.260000,1.994000,126.466885,3639,330,0,131,259,2162,11,0
32.895603,7.750000,117.000,25.260000,1.994000,126.467365,3639,330,0,131,259,2162,11,0
32.899797,4.194000,117.000,25.260000,1.994000,126.467831,3639,330,0,131,259,2162,11,0
32.913104,13.307000,117.000,25.260000,1.994000,126.468311,3639,330,0,131,259,2162,11,0
32.917708,4.604000,117.000,25.260000,1.994000,126.470470,3642,330,0,131,259,2162,11,0
32.922655,4.947000,117.000,25.260000,1.994000,126.470951,3642,330,0,131,259,2162,11,0
32.938178,15.523000,117.000,25.260000,1.994000,126.471424,3642,330,0,131,259,2162,11,0
32.945357,7.179000,117.000,25.260000,1.994000,126.471905,3642,330,0,131,259,2162,11,0
32.949521,4.164000,117.000,25.260000,1.994000,126.472385,3642,330,0,131,259,2162,11,0
32.962249,12.728000,117.000,25.260000,1.994000,126.472866,3642,330,0,131,259,2162,11,0
32.966518,4.269000,117.000,25.260000,1.994000,126.473316,3642,330,0,130,254,2152,11,0
32.979503,12.985000,117.000,25.260000,1.994000,126.473743,3642,330,0,129,254,2152,11,0
32.984747,5.244000,117.000,25.260000,1.994000,126.468189,3637,330,0,129,254,2152,11,0
32.989007,4.260000,117.000,25.260000,1.994000,126.461803,3637,330,0,130,254,2152,11,0
33.004842,15.835000,117.000,25.260000,1.994000,126.462288,3637,330,0,130,254,2152,11,0
33.012062,7.220000,117.000,25.260000,1.994000,126.462769,3637,330,0,130,254,2152,11,0
33.016295,4.233000,117.000,25.260000,1.994000,126.464924,3640,330,0,130,254,2152,11,0
33.028746,12.451000,117.000,25.260000,1.994000,126.465405,3640,330,0,129,254,2152,11,0
33.032920,4.174000,117.000,25.260000,1.994000,126.465851,3640,330,0,129,254,2152,11,0
33.045396,12.476000,117.000,25.260000,1.994000,126.466286,3640,330,0,129,254,2152,11,0
33.049547,4.151000,117.000,25.260000,1.994000,126.465141,3637,330,0,129,254,2152,11,0
33.062088,12.541000,117.000,25.260000,1.994000,126.471626,3647,330,0,129,254,2152,11,0
33.066304,4.216000,117.000,25.260000,1.994000,126.472107,3647,330,0,129,254,2152,11,0
33.078740,12.436000,117.000,25.260000,1.994000,126.472588,3647,330,0,130,254,2152,11,0
33.083217,4.477000,117.000,25.260000,1.994000,126.476330,3653,330,0,130,254,2152,11,0
33.095490,12.273000,117.000,25.260000,1.994000,126.476810,3653,330,0,130,254,2152,11,0
33.099650,4.160000,117.000,25.260000,1.994000,126.477234,3653,330,0,130,254,2152,11,0
33.112008,12.358000,117.000,25.260000,1.994000,126.477669,3653,330,0,130,254,2152,11,0
33.140538,28.530000,117.000,25.260000,1.994000,126.583019,3713,339,0,174,336,2316,11,0
33.146034,5.496000,117.000,25.260000,1.994000,126.569000,3713,339,0,144,302,2248,11,0
33.150416,4.382000,117.000,25.260000,1.994000,126.574181,3713,339,0,154,312,2268,11,0
33.162954,12.538000,117.000,25.260000,1.994000,126.560863,3688,339,0,154,312,2268,11,0
33.166569,3.615000,117.000,25.260000,1.994000,126.556480,3688,339,0,144,302,2248,11,0
33.179601,13.032000,117.000,25.260000,1.994000,126.556961,3688,339,0,144,302,2248,11,0
33.183401,3.800000,117.000,25.260000,1.994000,126.557442,3688,339,0,144,302,2248,11,0
33.196399,12.998000,117.000,25.260000,1.994000,126.560196,3691,339,0,144,302,2248,11,1
33.214673,18.274000,117.000,25.260000,1.994000,126.561844,3691,339,0,144,302,2248,11,3
33.229627,14.954000,117.000,25.260000,1.994000,126.563251,3691,339,0,144,302,2248,11,3
33.232821,3.194000,117.000,25.260000,1.994000,126.563732,3691,339,0,144,302,2248,11,3
33.246452,13.631000,117.000,25.260000,1.994000,126.566078,3709,336,0,144,302,2248,11,0
33.251027,4.575000,117.000,25.260000,1.994000,126.556877,3694,336,0,147,302,2248,11,0
33.256613,5.586000,117.000,25.260000,1.994000,126.553215,3687,336,0,145,266,2176,11,0
33.271504,14.891000,117.000,25.260000,1.994000,126.553642,3687,336,0,145,266,2176,11,0
33.280145,8.641000,117.000,25.260000,1.994000,126.519997,3688,336,0,145,266,2176,11,0
33.284884,4.739000,117.000,25.260000,1.994000,126.520477,3688,336,0,145,266,2176,11,0
33.289237,4.353000,117.000,25.260000,1.994000,126.520958,3688,336,0,145,266,2176,11,0
33.304248,15.011000,117.000,25.260000,1.994000,126.521420,3688,336,0,145,266,2176,11,0
33.307038,2.790000,117.000,25.260000,1.994000,126.521900,3688,336,0,145,266,2176,11,0
33.321080,14.042000,117.000,25.260000,1.994000,126.519081,3682,336,0,145,266,2176,11,0
33.328549,7.469000,117.000,25.260000,1.994000,126.519516,3682,336,0,144,266,2176,11,0
33.333205,4.656000,117.000,25.260000,1.994000,126.519859,3682,336,0,144,266,2176,11,0
33.345325,12.120000,117.000,25.260000,1.994000,126.516838,3676,336,0,145,266,2176,11,0
33.349623,4.298000,117.000,25.260000,1.994000,126.515602,3673,336,0,144,265,2174,11,0
33.362291,12.668000,117.000,25.260000,1.994000,126.516083,3673,336,0,144,265,2174,11,0
33.367488,5.197000,117.000,25.260000,1.994000,126.516533,3673,336,0,142,263,2170,11,0
33.378760,11.272000,117.000,25.260000,1.994000,126.517014,3673,336,0,139,262,2168,11,0
33.383765,5.005000,117.000,25.260000,1.994000,126.505390,3666,332,0,139,262,2168,11,0
33.395247,11.482000,117.000,25.260000,1.994000,126.501522,3659,332,0,141,262,2168,11,0
33.398484,3.237000,117.000,25.260000,1.994000,126.502003,3659,332,0,136,257,2158,11,0
33.413352,14.868000,117.000,25.260000,1.994000,126.502483,3659,332,0,136,257,2158,11,0
33.417124,3.772000,117.000,25.260000,1.994000,126.502880,3659,332,0,134,256,2156,11,0
33.430474,13.350000,117.000,25.260000,1.994000,126.486141,3647,327,0,133,255,2154,11,0
33.433985,3.511000,117.000,25.260000,1.994000,126.480305,3637,327,0,133,255,2154,11,0
33.439910,5.925000,117.000,25.260000,1.994000,126.496948,3639,327,0,144,270,2184,11,0
33.453912,14.002000,117.000,25.260000,1.994000,126.497383,3639,327,0,134,260,2164,11,0
33.458899,4.987000,117.000,25.260000,1.994000,126.494637,3642,327,0,134,260,2164,11,0
33.470550,11.651000,117.000,25.260000,1.994000,126.495117,3642,327,0,133,260,2164,11,0
33.479790,9.240000,117.000,25.260000,1.994000,126.495583,3642,327,0,133,260,2164,11,0
33.483455,3.665000,117.000,25.260000,1.994000,126.496017,3642,327,0,134,260,2164,11,0
33.496099,12.644000,117.000,25.260000,1.994000,126.496483,3642,327,0,134,260,2164,11,0
33.499161,3.062000,117.000,25.260000,1.994000,126.496964,3642,327,0,130,257,2158,11,0
33.513250,14.089000,117.000,25.260000,1.994000,126.465981,3627,318,0,130,257,2158,11,0
33.516892,3.642000,117.000,25.260000,1.994000,126.453697,3606,318,0,131,257,2158,11,0
33.530336,13.444000,117.000,25.260000,1.994000,126.469330,3616,322,0,131,257,2158,11,0
33.533888,3.552000,117.000,25.260000,1.994000,126.470497,3616,322,0,132,259,2162,11,0
33.547053,13.165000,117.000,25.260000,1.994000,126.471004,3616,322,0,132,259,2162,11,0
33.550356,3.303000,117.000,25.260000,1.994000,126.471485,3616,322,0,132,259,2162,11,0
33.563031,12.675000,117.000,25.260000,1.994000,126.471966,3616,322,0,132,259,2162,11,0
33.566822,3.791000,117.000,25.260000,1.994000,126.472446,3616,322,0,132,259,2162,11,0
33.579943,13.121000,117.000,25.260000,1.994000,126.472858,3616,322,0,132,259,2162,11,0
33.583522,3.579000,117.000,25.260000,1.994000,126.468929,3614,322,0,130,254,2152,11,0
33.596321,12.799000,117.000,25.260000,1.994000,126.469410,3614,322,0,130,254,2152,11,0
33.599800,3.479000,117.000,25.260000,1.994000,126.456238,3609,317,0,130,253,2150,11,0
33.613310,13.510000,117.000,25.260000,1.994000,126.444214,3599,317,0,130,253,2150,11,0
33.617024,3.714000,117.000,25.260000,1.994000,126.444649,3599,317,0,130,253,2150,11,0
33.629819,12.795000,117.000,25.260000,1.994000,126.445129,3599,317,0,130,253,2150,11,0
33.633319,3.500000,117.000,25.260000,1.994000,126.445610,3599,317,0,130,253,2150,11,0
33.646478,13.159000,117.000,25.260000,1.994000,126.446075,3599,317,0,130,253,2150,11,0
33.649925,3.447000,117.000,25.260000,1.994000,126.446556,3599,317,0,131,253,2150,11,0
33.663565,13.640000,117.000,25.260000,1.994000,126.447037,3599,317,0,131,253,2150,11,0
33.667181,3.616000,117.000,25.260000,1.994000,126.447517,3599,317,0,130,253,2150,11,0
33.679987,12.806000,117.000,25.260000,1.994000,126.454033,3609,317,0,130,253,2150,11,0
33.683658,3.671000,117.000,25.260000,1.994000,126.454514,3609,317,0,130,253,2150,11,0
33.696328,12.670000,117.000,25.260000,1.994000,126.453354,3606,317,0,130,253,2150,11,0
33.699293,2.965000,117.000,25.260000,1.994000,126.453835,3606,317,0,130,253,2150,11,0
33.713590,14.297000,117.000,25.260000,1.994000,126.454300,3606,317,0,130,253,2150,11,0
33.717325,3.735000,117.000,25.260000,1.994000,126.454735,3606,317,0,130,253,2150,11,0
33.724499,7.174000,117.000,25.260000,1.994000,126.456860,3609,317,0,131,253,2150,11,0
33.753000,28.501000,117.000,25.260000,1.994000,126.558571,3666,326,0,169,331,2306,11,0
33.755290,2.290000,117.000,25.260000,1.994000,126.542446,3666,326,0,135,293,2230,11,0
33.771023,15.733000,117.000,25.260000,1.994000,126.547592,3666,326,0,145,303,2250,11,0
33.779473,8.450000,117.000,25.260000,1.994000,126.529400,3641,326,0,135,293,2230,11,0
33.782991,3.518000,117.000,25.260000,1.994000,126.529881,3641,326,0,135,293,2230,11,0
33.796418,13.427000,117.000,25.260000,1.994000,126.533680,3647,326,0,135,293,2230,11,0
33.800082,3.664000,117.000,25.260000,1.994000,126.534161,3647,326,0,137,293,2230,11,0
33.813031,12.949000,117.000,25.260000,1.994000,126.534641,3647,326,0,137,293,2230,11,0
33.817369,4.338000,117.000,25.260000,1.994000,126.536770,3650,326,0,137,293,2230,11,0
33.828717,11.348000,117.000,25.260000,1.994000,126.537251,3650,326,0,137,293,2230,11,0
33.833214,4.497000,117.000,25.260000,1.994000,126.537731,3650,326,0,137,293,2230,11,0
33.845384,12.170000,117.000,25.260000,1.994000,126.538212,3650,326,0,137,293,2230,11,0
33.849946,4.562000,114.000,28.020000,1.346000,126.540359,3653,326,0,137,293,2230,11,0
33.863485,13.539000,114.000,28.020000,1.346000,126.538338,3649,326,0,136,293,2230,11,0
33.867610,4.125000,114.000,28.020000,1.346000,126.538818,3649,326,0,135,257,2158,11,0
33.872873,5.263000,114.000,28.020000,1.346000,126.539253,3649,326,0,135,257,2158,11,0
33.887775,14.902000,114.000,28.020000,1.346000,126.541328,3652,326,0,135,257,2158,11,0
33.895304,7.529000,114.000,28.020000,1.346000,126.506016,3650,326,0,135,257,2158,11,0
33.899554,4.250000,114.000,28.020000,1.346000,126.508198,3653,326,0,135,257,2158,11,0
33.912376,12.822000,114.000,28.020000,1.346000,126.508678,3653,326,0,135,257,2158,11,0
33.917640,5.264000,114.000,28.020000,1.346000,126.509098,3653,326,0,135,257,2158,11,0
33.922984,5.344000,114.000,28.020000,1.346000,126.509533,3653,326,0,134,257,2158,11,0
33.937983,14.999000,114.000,28.020000,1.346000,126.509998,3653,326,0,134,257,2158,11,0
33.945381,7.398000,114.000,28.020000,1.346000,126.510342,3653,326,0,135,257,2158,11,0
33.950061,4.680000,114.000,28.020000,1.346000,126.505711,3644,326,0,135,257,2158,11,0
33.962341,12.280000,114.000,28.020000,1.346000,126.506191,3644,326,0,134,256,2156,11,0
33.967156,4.815000,114.000,28.020000,1.346000,126.506657,3644,326,0,134,256,2156,11,0
33.978831,11.675000,114.000,28.020000,1.346000,126.507137,3644,326,0,132,254,2152,11,0
33.983820,4.989000,114.000,28.020000,1.346000,126.509266,3647,326,0,132,254,2152,11,0
33.995474,11.654000,114.000,28.020000,1.346000,126.499298,3643,322,0,131,253,2150,11,0
34.000362,4.888000,114.000,28.020000,1.346000,126.497116,3639,322,0,131,253,2150,11,0
34.012273,11.911000,114.000,28.020000,1.346000,126.497597,3639,322,0,128,251,2146,11,0
34.017096,4.823000,114.000,28.020000,1.346000,126.494789,3633,322,0,128,251,2146,11,0
34.028952,11.856000,114.000,28.020000,1.346000,126.495186,3633,322,0,128,250,2144,11,0
34.034329,5.377000,114.000,28.020000,1.346000,126.480072,3624,317,0,127,249,2142,11,0
34.045365,11.036000,114.000,28.020000,1.346000,126.474236,3614,317,0,127,249,2142,11,0
34.051917,6.552000,114.000,28.020000,1.346000,126.489239,3613,317,0,138,264,2172,11,0
34.056384,4.467000,114.000,28.020000,1.346000,126.489719,3613,317,0,128,254,2152,11,0
34.071590,15.206000,114.000,28.020000,1.346000,126.485352,3613,317,0,128,254,2152,11,0
34.078904,7.314000,114.000,28.020000,1.346000,126.485786,3613,317,0,128,254,2152,11,0
34.083700,4.796000,114.000,28.020000,1.346000,126.486282,3613,317,0,128,254,2152,11,0
34.095453,11.753000,114.000,28.020000,1.346000,126.485043,3610,317,0,128,254,2152,11,0
34.100147,4.694000,114.000,28.020000,1.346000,126.485508,3610,317,0,128,254,2152,11,0
34.112284,12.137000,114.000,28.020000,1.346000,126.485989,3610,317,0,128,254,2152,11,0
34.116991,4.707000,114.000,28.020000,1.346000,126.486469,3610,317,0,128,254,2152,11,0
34.128689,11.698000,114.000,28.020000,1.346000,126.485310,3607,317,0,128,254,2152,11,0
34.133521,4.832000,114.000,28.020000,1.346000,126.485775,3607,317,0,128,254,2152,11,0
34.145592,12.071000,114.000,28.020000,1.346000,126.484615,3604,317,0,128,254,2152,11,0
34.149025,3.433000,114.000,28.020000,1.346000,126.485096,3604,317,0,128,254,2152,11,0
34.163251,14.226000,114.000,28.020000,1.346000,126.487259,3607,317,0,128,254,2152,11,0
34.166918,3.667000,114.000,28.020000,1.346000,126.487740,3607,317,0,128,254,2152,11,0
34.179946,13.028000,114.000,28.020000,1.346000,126.488205,3607,317,0,128,254,2152,11,0
34.183536,3.590000,114.000,28.020000,1.346000,126.488686,3607,317,0,128,254,2152,11,0
34.196282,12.746000,114.000,28.020000,1.346000,126.489166,3607,317,0,127,249,2142,11,0
34.199882,3.600000,114.000,28.020000,1.346000,126.485184,3605,317,0,127,249,2142,11,0
34.213165,13.283000,114.000,28.020000,1.346000,126.485649,3605,317,0,127,249,2142,11,0
34.216774,3.609000,114.000,28.020000,1.346000,126.477623,3602,317,0,127,249,2142,11,0
34.230323,13.549000,114.000,28.020000,1.346000,126.478031,3602,317,0,127,249,2142,11,0
34.233893,3.570000,114.000,28.020000,1.346000,126.476871,3599,317,0,125,249,2142,11,0
34.246214,12.321000,114.000,28.020000,1.346000,126.477322,3599,317,0,125,249,2142,11,0
34.249239,3.025000,114.000,28.020000,1.346000,126.477802,3599,317,0,126,249,2142,11,0
34.263424,14.185000,114.000,28.020000,1.346000,126.478313,3599,317,0,126,249,2142,11,0
34.267136,3.712000,114.000,28.020000,1.346000,126.478794,3599,317,0,125,249,2142,11,0
34.280366,13.230000,114.000,28.020000,1.346000,126.479259,3599,317,0,125,249,2142,11,0
34.284328,3.962000,114.000,28.020000,1.346000,126.485744,3609,317,0,125,249,2142,11,0
34.290445,6.117000,114.000,28.020000,1.346000,126.486210,3609,317,0,125,249,2142,11,0
34.304219,13.774000,114.000,28.020000,1.346000,126.486691,3609,317,0,125,249,2142,11,0
34.313147,8.928000,114.000,28.020000,1.346000,126.487778,3609,317,0,125,249,2142,11,1
34.316325,3.178000,114.000,28.020000,1.346000,126.488258,3609,317,0,126,249,2142,11,1
34.329815,13.490000,114.000,28.020000,1.346000,126.489079,3609,317,0,126,249,2142,11,1
34.333060,3.245000,114.000,28.020000,1.346000,126.489559,3609,317,0,126,249,2142,11,1
34.352511,19.451000,114.000,28.020000,1.346000,126.594318,3672,325,0,170,333,2310,11,0
34.355563,3.052000,114.000,28.020000,1.346000,126.576950,3667,325,0,141,299,2242,11,0
34.370134,14.571000,114.000,28.020000,1.346000,126.577431,3667,325,0,141,299,2242,11,0
34.372690,2.556000,114.000,28.020000,1.346000,126.582623,3667,325,0,151,309,2262,11,0
34.387799,15.109000,114.000,28.020000,1.346000,126.569248,3642,325,0,151,309,2262,11,0
34.396167,8.368000,114.000,28.020000,1.346000,126.564865,3642,325,0,141,299,2242,11,0
34.399664,3.497000,114.000,28.020000,1.346000,126.563705,3639,325,0,141,299,2242,11,0
34.413150,13.486000,114.000,28.020000,1.346000,126.564186,3639,325,0,141,299,2242,11,0
34.417182,4.032000,114.000,28.020000,1.346000,126.564621,3639,325,0,141,299,2242,11,0
34.430013,12.831000,114.000,28.020000,1.346000,126.566772,3642,325,0,141,299,2242,11,0
34.433997,3.984000,114.000,28.020000,1.346000,126.567253,3642,325,0,141,299,2242,11,0
34.446086,12.089000,114.000,28.020000,1.346000,126.567734,3642,325,0,141,299,2242,11,0
34.449456,3.370000,114.000,28.020000,1.346000,126.568214,3642,325,0,141,299,2242,11,0
34.463259,13.803000,114.000,28.020000,1.346000,126.568695,3642,325,0,141,299,2242,11,0
34.467259,4.000000,114.000,28.020000,1.346000,126.569176,3642,325,0,141,299,2242,11,0
34.474161,6.902000,114.000,28.020000,1.346000,126.567154,3638,325,0,141,299,2242,11,0
34.487915,13.754000,114.000,28.020000,1.346000,126.570900,3644,325,0,139,263,2170,11,0
34.495796,7.881000,114.000,28.020000,1.346000,126.566971,3642,325,0,140,263,2170,11,0
34.500737,4.941000,114.000,28.020000,1.346000,126.536034,3642,325,0,139,262,2168,11,0
34.506623,5.886000,114.000,28.020000,1.346000,126.536514,3642,325,0,139,262,2168,11,0
34.521720,15.097000,114.000,28.020000,1.346000,126.538658,3645,325,0,139,262,2168,11,0
34.528894,7.174000,114.000,28.020000,1.346000,126.539093,3645,325,0,139,262,2168,11,0
34.533802,4.908000,114.000,28.020000,1.346000,126.539547,3645,325,0,139,262,2168,11,0
34.545598,11.796000,114.000,28.020000,1.346000,126.540028,3645,325,0,136,262,2168,11,0
34.550298,4.700000,114.000,28.020000,1.346000,126.542168,3648,325,0,136,262,2168,11,0
34.562324,12.026000,114.000,28.020000,1.346000,126.542511,3648,325,0,138,262,2168,11,0
34.567583,5.259000,114.000,28.020000,1.346000,126.539471,3642,325,0,138,262,2168,11,0
34.578733,11.150000,114.000,28.020000,1.346000,126.539951,3642,325,0,136,261,2166,11,0
34.583666,4.933000,114.000,28.020000,1.346000,126.542107,3645,325,0,134,259,2162,11,0
34.595438,11.772000,114.000,28.020000,1.346000,126.542587,3645,325,0,135,259,2162,11,0
34.600484,5.046000,114.000,28.020000,1.346000,126.521717,3636,318,0,133,257,2158,11,0
34.612316,11.832000,114.000,28.020000,1.346000,126.514156,3623,318,0,134,257,2158,11,0
34.617718,5.402000,114.000,28.020000,1.346000,126.529774,3633,322,0,132,255,2154,11,0
34.622671,4.953000,114.000,28.020000,1.346000,126.530941,3633,322,0,130,257,2158,11,0
34.637588,14.917000,114.000,28.020000,1.346000,126.531334,3633,322,0,129,256,2156,11,0
34.645163,7.575000,114.000,28.020000,1.346000,126.516281,3624,317,0,130,255,2154,11,0
34.648321,3.158000,114.000,28.020000,1.346000,126.508850,3611,317,0,131,255,2154,11,0
34.661754,13.433000,114.000,28.020000,1.346000,126.525475,3613,317,0,142,270,2184,11,0
34.664414,2.660000,114.000,28.020000,1.346000,126.525970,3613,317,0,132,260,2164,11,0
34.678601,14.187000,114.000,28.020000,1.346000,126.521587,3613,317,0,132,260,2164,11,0
34.681091,2.490000,114.000,28.020000,1.346000,126.523697,3616,317,0,132,260,2164,11,0
34.695069,13.978000,114.000,28.020000,1.346000,126.524178,3616,317,0,132,260,2164,11,0
34.697492,2.423000,114.000,28.020000,1.346000,126.524654,3616,317,0,132,260,2164,11,0
34.711904,14.412000,114.000,28.020000,1.346000,126.521854,3610,317,0,132,260,2164,11,0
34.714575,2.671000,114.000,28.020000,1.346000,126.522335,3610,317,0,132,260,2164,11,0
34.728506,13.931000,114.000,28.020000,1.346000,126.522816,3610,317,0,132,260,2164,11,0
34.730780,2.274000,114.000,28.020000,1.346000,126.523281,3610,317,0,132,260,2164,11,0
34.745039,14.259000,114.000,28.020000,1.346000,126.522076,3607,317,0,132,260,2164,11,0
34.747420,2.381000,114.000,28.020000,1.346000,126.522556,3607,317,0,132,260,2164,11,0
34.761892,14.472000,114.000,28.020000,1.346000,126.522991,3607,317,0,132,260,2164,11,0
34.764847,2.955000,114.000,28.020000,1.346000,126.523502,3607,317,0,132,260,2164,11,0
34.778465,13.618000,114.000,28.020000,1.346000,126.523983,3607,317,0,132,260,2164,11,0
34.781240,2.775000,114.000,28.020000,1.346000,126.522808,3604,317,0,132,260,2164,11,0
34.795130,13.890000,114.000,28.020000,1.346000,126.523190,3604,317,0,132,260,2164,11,0
34.797476,2.346000,114.000,28.020000,1.346000,126.519215,3602,317,0,131,255,2154,11,0
34.811912,14.436000,114.000,28.020000,1.346000,126.519695,3602,317,0,131,255,2154,11,0
34.815161,3.249000,114.000,28.020000,1.346000,126.517563,3599,317,0,129,253,2150,11,0
34.828906,13.745000,114.000,28.020000,1.346000,126.511177,3599,317,0,129,253,2150,11,0
34.833602,4.696000,114.000,28.020000,1.346000,126.511738,3599,317,0,129,253,2150,11,0
34.845250,11.648000,114.000,28.020000,1.346000,126.512218,3599,317,0,129,253,2150,11,0
34.849311,4.061000,119.000,18.933000,1.545000,126.514297,3602,317,0,129,253,2150,11,0
34.862337,13.026000,119.000,18.933000,1.545000,126.514778,3602,317,0,127,253,2150,11,0
34.867253,4.916000,119.000,18.933000,1.545000,126.515179,3602,317,0,127,253,2150,11,0
34.878957,11.704000,119.000,18.933000,1.545000,126.515659,3602,317,0,129,253,2150,11,0
34.884191,5.234000,119.000,18.933000,1.545000,126.522129,3612,317,0,129,253,2150,11,0
34.895532,11.341000,119.000,18.933000,1.545000,126.522610,3612,317,0,128,253,2150,11,0
34.899624,4.092000,119.000,18.933000,1.545000,126.523106,3612,317,0,128,253,2150,11,0
34.911960,12.336000,119.000,18.933000,1.545000,126.523586,3612,317,0,129,253,2150,11,0
34.916194,4.234000,119.000,18.933000,1.545000,126.522366,3609,317,0,129,253,2150,11,0
34.928690,12.496000,119.000,18.933000,1.545000,126.522846,3609,317,0,128,253,2150,11,0
34.933131,4.441000,119.000,18.933000,1.545000,126.523266,3609,317,0,128,253,2150,11,0
34.956438,23.307000,119.000,18.933000,1.545000,126.626144,3666,326,0,170,333,2310,11,0
34.970059,13.621000,119.000,18.933000,1.545000,126.626625,3666,326,0,138,295,2234,11,0
34.979531,9.472000,119.000,18.933000,1.545000,126.611542,3666,326,0,138,295,2234,11,0
34.984136,4.605000,119.000,18.933000,1.545000,126.616535,3666,326,0,148,305,2254,11,0
34.989996,5.860000,119.000,18.933000,1.545000,126.604866,3644,326,0,138,295,2234,11,0
35.003694,13.698000,119.000,18.933000,1.545000,126.600483,3644,326,0,138,295,2234,11,0
35.008392,4.698000,119.000,18.933000,1.545000,126.600945,3644,326,0,138,295,2234,11,0
35.020630,12.238000,119.000,18.933000,1.545000,126.601425,3644,326,0,138,295,2234,11,0
35.025559,4.929000,119.000,18.933000,1.545000,126.601860,3644,326,0,138,295,2234,11,0
35.036877,11.318000,119.000,18.933000,1.545000,126.602341,3644,326,0,138,295,2234,11,0
35.046006,9.129000,119.000,18.933000,1.545000,126.602821,3644,326,0,138,295,2234,11,0
35.050553,4.547000,119.000,18.933000,1.545000,126.603302,3644,326,0,138,295,2234,11,0
35.061995,11.442000,119.000,18.933000,1.545000,126.603783,3644,326,0,138,295,2234,11,0
35.066600,4.605000,119.000,18.933000,1.545000,126.604263,3644,326,0,138,295,2234,11,0
35.078673,12.073000,119.000,18.933000,1.545000,126.604664,3644,326,0,138,295,2234,11,0
35.082559,3.886000,119.000,18.933000,1.545000,126.602619,3640,326,0,136,259,2162,11,0
35.095088,12.529000,119.000,18.933000,1.545000,126.598743,3638,326,0,136,259,2162,11,0
35.098017,2.929000,119.000,18.933000,1.545000,126.599224,3638,326,0,136,259,2162,11,0
35.111993,13.976000,119.000,18.933000,1.545000,126.568298,3638,326,0,136,259,2162,11,0
35.116225,4.232000,119.000,18.933000,1.545000,126.570454,3641,326,0,136,259,2162,11,0
35.128598,12.373000,119.000,18.933000,1.545000,126.570934,3641,326,0,137,259,2162,11,0
35.132740,4.142000,119.000,18.933000,1.545000,126.571430,3641,326,0,137,259,2162,11,0
35.145327,12.587000,119.000,18.933000,1.545000,126.571865,3641,326,0,137,259,2162,11,0
35.150031,4.704000,119.000,18.933000,1.545000,126.572365,3641,326,0,137,259,2162,11,0
35.161924,11.893000,119.000,18.933000,1.545000,126.572708,3641,326,0,136,259,2162,11,0
35.166282,4.358000,119.000,18.933000,1.545000,126.569672,3635,326,0,136,259,2162,11,0
35.178669,12.387000,119.000,18.933000,1.545000,126.570152,3635,326,0,134,258,2160,11,0
35.182867,4.198000,119.000,18.933000,1.545000,126.573940,3641,326,0,134,258,2160,11,0
35.195326,12.459000,119.000,18.933000,1.545000,126.574421,3641,326,0,134,256,2156,11,0
35.199799,4.473000,119.000,18.933000,1.545000,126.574890,3641,326,0,133,255,2154,11,0
35.211963,12.164000,119.000,18.933000,1.545000,126.564968,3637,322,0,133,255,2154,11,0
35.216598,4.635000,119.000,18.933000,1.545000,126.561062,3630,322,0,133,255,2154,11,0
35.228535,11.937000,119.000,18.933000,1.545000,126.561543,3630,322,0,131,253,2150,11,0
35.232702,4.167000,119.000,18.933000,1.545000,126.561916,3630,322,0,130,252,2148,11,0
35.245297,12.595000,119.000,18.933000,1.545000,126.560528,3627,322,0,127,251,2146,11,0
35.249786,4.489000,119.000,18.933000,1.545000,126.548958,3624,317,0,127,251,2146,11,0
35.262028,12.242000,119.000,18.933000,1.545000,126.543121,3614,317,0,127,251,2146,11,0
35.267282,5.254000,119.000,18.933000,1.545000,126.559727,3616,317,0,138,266,2176,11,0
35.278367,11.085000,119.000,18.933000,1.545000,126.560207,3616,317,0,139,266,2176,11,0
35.280756,2.389000,119.000,18.933000,1.545000,126.557487,3619,317,0,129,256,2156,11,0
35.295041,14.285000,119.000,18.933000,1.545000,126.557968,3619,317,0,129,256,2156,11,0
35.297533,2.492000,119.000,18.933000,1.545000,126.558464,3619,317,0,129,256,2156,11,0
35.311696,14.163000,119.000,18.933000,1.545000,126.558945,3619,317,0,129,256,2156,11,0
35.313752,2.056000,119.000,18.933000,1.545000,126.557755,3616,317,0,129,256,2156,11,0
35.328867,15.115000,119.000,18.933000,1.545000,126.558235,3616,317,0,129,256,2156,11,0
35.332806,3.939000,119.000,18.933000,1.545000,126.558716,3616,317,0,129,256,2156,11,0
35.345267,12.461000,119.000,18.933000,1.545000,126.559196,3616,317,0,128,256,2156,11,0
35.349413,4.146000,119.000,18.933000,1.545000,126.558067,3613,317,0,128,256,2156,11,0
35.362042,12.629000,119.000,18.933000,1.545000,126.558548,3613,317,0,129,256,2156,11,0
35.366338,4.296000,119.000,18.933000,1.545000,126.559013,3613,317,0,129,256,2156,11,0
35.378560,12.222000,119.000,18.933000,1.545000,126.559494,3613,317,0,129,256,2156,11,0
35.382748,4.188000,119.000,18.933000,1.545000,126.561573,3616,317,0,129,256,2156,11,0
35.395358,12.610000,119.000,18.933000,1.545000,126.562054,3616,317,0,129,256,2156,11,0
35.399492,4.134000,119.000,18.933000,1.545000,126.563137,3616,317,0,129,256,2156,11,1
35.411981,12.489000,119.000,18.933000,1.545000,126.563618,3616,317,0,128,251,2146,11,1
35.416179,4.198000,119.000,18.933000,1.545000,126.556648,3608,317,0,128,251,2146,11,1
35.428539,12.360000,119.000,18.933000,1.545000,126.557129,3608,317,0,127,251,2146,11,1
35.433137,4.598000,119.000,18.933000,1.545000,126.423073,3564,276,0,127,251,2146,11,0
35.445326,12.189000,119.000,18.933000,1.545000,126.388176,3509,276,0,118,231,2106,11,0
35.449358,4.032000,119.000,18.933000,1.545000,126.387016,3506,276,0,118,231,2106,11,0
35.461981,12.623000,119.000,18.933000,1.545000,126.387497,3506,276,0,117,231,2106,11,0
35.466156,4.175000,119.000,18.933000,1.545000,126.387978,3506,276,0,117,231,2106,11,0
35.478603,12.447000,119.000,18.933000,1.545000,126.388458,3506,276,0,117,231,2106,11,0
35.482518,3.915000,119.000,18.933000,1.545000,126.387299,3503,276,0,117,231,2106,11,0
35.495300,12.782000,119.000,18.933000,1.545000,126.393784,3513,276,0,118,231,2106,11,0
35.504630,9.330000,119.000,18.933000,1.545000,126.394196,3513,276,0,118,231,2106,11,0
35.507590,2.960000,119.000,18.933000,1.545000,126.394630,3513,276,0,116,231,2106,11,0
35.521297,13.707000,119.000,18.933000,1.545000,126.393501,3510,276,0,116,231,2106,11,0
35.528599,7.302000,119.000,18.933000,1.545000,126.393982,3510,276,0,118,231,2106,11,0
35.532643,4.044000,119.000,18.933000,1.545000,126.394478,3510,276,0,118,231,2106,11,0
35.545314,12.671000,119.000,18.933000,1.545000,126.394958,3510,276,0,117,231,2106,11,0
35.574754,29.440000,119.000,18.933000,1.545000,126.499325,3570,285,0,160,311,2266,11,0
35.578870,4.116000,119.000,18.933000,1.545000,126.484241,3570,285,0,128,275,2194,11,0
35.582048,3.178000,119.000,18.933000,1.545000,126.484676,3570,285,0,128,275,2194,11,0
35.596037,13.989000,119.000,18.933000,1.545000,126.489857,3570,285,0,138,285,2214,11,0
35.599370,3.333000,119.000,18.933000,1.545000,126.471664,3545,285,0,127,274,2192,11,0
35.612723,13.353000,119.000,18.933000,1.545000,126.472099,3545,285,0,127,274,2192,11,0
35.615982,3.259000,119.000,18.933000,1.545000,126.470940,3542,285,0,127,274,2192,11,0
35.629326,13.344000,119.000,18.933000,1.545000,126.471420,3542,285,0,127,274,2192,11,0
35.632648,3.322000,119.000,18.933000,1.545000,126.471901,3542,285,0,127,274,2192,11,0
35.646270,13.622000,119.000,18.933000,1.545000,126.491871,3561,289,0,127,274,2192,11,0
35.649809,3.539000,119.000,18.933000,1.545000,126.492729,3561,289,0,129,276,2196,11,0
35.662765,12.956000,119.000,18.933000,1.545000,126.493145,3561,289,0,129,276,2196,11,0
35.667029,4.264000,119.000,18.933000,1.545000,126.493626,3561,289,0,129,276,2196,11,0
35.678767,11.738000,119.000,18.933000,1.545000,126.494106,3561,289,0,129,276,2196,11,0
35.683930,5.163000,119.000,18.933000,1.545000,126.494587,3561,289,0,129,276,2196,11,0
35.695286,11.356000,119.000,18.933000,1.545000,126.492519,3557,289,0,129,276,2196,11,0
35.699546,4.260000,119.000,18.933000,1.545000,126.482563,3552,286,0,125,239,2122,11,0
35.711970,12.424000,119.000,18.933000,1.545000,126.479298,3546,286,0,125,239,2122,11,0
35.717285,5.315000,119.000,18.933000,1.545000,126.460587,3554,290,0,125,239,2122,11,0
35.728834,11.549000,119.000,18.933000,1.545000,126.461754,3554,290,0,129,241,2126,11,0
35.733709,4.875000,119.000,18.933000,1.545000,126.462124,3554,290,0,129,241,2126,11,0
35.745246,11.537000,119.000,18.933000,1.545000,126.462605,3554,290,0,129,241,2126,11,0
35.750102,4.856000,119.000,18.933000,1.545000,126.463142,3554,290,0,129,241,2126,11,0
35.762174,12.072000,119.000,18.933000,1.545000,126.463623,3554,290,0,128,241,2126,11,0
35.767160,4.986000,119.000,18.933000,1.545000,126.463936,3554,290,0,128,241,2126,11,0
35.778919,11.759000,119.000,18.933000,1.545000,126.460869,3548,290,0,128,241,2126,11,0
35.783874,4.955000,119.000,18.933000,1.545000,126.459724,3545,290,0,127,240,2124,11,0
35.795320,11.446000,119.000,18.933000,1.545000,126.460205,3545,290,0,126,240,2124,11,0
35.799994,4.674000,119.000,18.933000,1.545000,126.460640,3545,290,0,124,238,2120,11,0
35.812194,12.200000,119.000,18.933000,1.545000,126.461121,3545,290,0,124,237,2118,11,0
35.817081,4.887000,119.000,18.933000,1.545000,126.452812,3544,286,0,124,237,2118,11,0
35.829016,11.935000,119.000,18.933000,1.545000,126.448944,3537,286,0,123,237,2118,11,0
35.833668,4.652000,119.000,18.933000,1.545000,126.449390,3537,286,0,121,235,2114,11,0
35.845378,11.710000,119.000,18.933000,1.545000,126.449787,3537,286,0,120,234,2112,11,0
35.850336,4.958000,116.000,28.608000,1.479000,126.434734,3528,281,0,119,233,2110,11,0
35.862241,11.905000,116.000,28.608000,1.479000,126.428898,3518,281,0,120,233,2110,11,0
35.867078,4.837000,116.000,28.608000,1.479000,126.429363,3518,281,0,120,233,2110,11,0
35.872708,5.630000,116.000,28.608000,1.479000,126.446007,3520,281,0,132,248,2140,11,0
35.887790,15.082000,116.000,28.608000,1.479000,126.449795,3526,281,0,132,248,2140,11,0
35.895494,7.704000,116.000,28.608000,1.479000,126.445366,3526,281,0,122,238,2120,11,0
35.900242,4.748000,116.000,28.608000,1.479000,126.445835,3526,281,0,122,238,2120,11,0
35.912091,11.849000,116.000,28.608000,1.479000,126.446316,3526,281,0,122,238,2120,11,0
35.916954,4.863000,116.000,28.608000,1.479000,126.448463,3529,281,0,122,238,2120,11,0
35.928953,11.999000,116.000,28.608000,1.479000,126.448944,3529,281,0,122,238,2120,11,0
35.933583,4.630000,116.000,28.608000,1.479000,126.449409,3529,281,0,122,238,2120,11,0
35.945770,12.187000,116.000,28.608000,1.479000,126.449890,3529,281,0,122,238,2120,11,0
35.950334,4.564000,116.000,28.608000,1.479000,126.451958,3532,281,0,122,238,2120,11,0
35.962102,11.768000,116.000,28.608000,1.479000,126.452438,3532,281,0,122,238,2120,11,0
35.966454,4.352000,116.000,28.608000,1.479000,126.452934,3532,281,0,122,238,2120,11,0
35.978631,12.177000,116.000,28.608000,1.479000,126.453415,3532,281,0,122,238,2120,11,0
35.982581,3.950000,116.000,28.608000,1.479000,126.455563,3535,281,0,122,238,2120,11,0
35.995423,12.842000,116.000,28.608000,1.479000,126.456043,3535,281,0,122,238,2120,11,0
35.999598,4.175000,116.000,28.608000,1.479000,126.456509,3535,281,0,122,238,2120,11,0
36.011903,12.305000,116.000,28.608000,1.479000,126.456936,3535,281,0,122,238,2120,11,0
36.016105,4.202000,116.000,28.608000,1.479000,126.453022,3533,281,0,121,233,2110,11,0
36.028675,12.570000,116.000,28.608000,1.479000,126.453503,3533,281,0,121,233,2110,11,0
36.032839,4.164000,116.000,28.608000,1.479000,126.453968,3533,281,0,121,233,2110,11,0
36.045320,12.481000,116.000,28.608000,1.479000,126.447582,3533,281,0,121,233,2110,11,0
36.049583,4.263000,116.000,28.608000,1.479000,126.446377,3530,281,0,121,233,2110,11,0
36.061964,12.381000,116.000,28.608000,1.479000,126.446857,3530,281,0,121,233,2110,11,0
36.066061,4.097000,116.000,28.608000,1.479000,126.448997,3533,281,0,121,233,2110,11,0
36.078590,12.529000,116.000,28.608000,1.479000,126.449478,3533,281,0,121,233,2110,11,0
36.082784,4.194000,116.000,28.608000,1.479000,126.451553,3536,281,0,121,233,2110,11,0
36.095429,12.645000,116.000,28.608000,1.479000,126.452034,3536,281,0,121,233,2110,11,0
36.099727,4.298000,116.000,28.608000,1.479000,126.458500,3546,281,0,121,233,2110,11,0
36.111932,12.205000,116.000,28.608000,1.479000,126.458981,3546,281,0,121,233,2110,11,0
36.115960,4.028000,116.000,28.608000,1.479000,126.456196,3540,281,0,121,233,2110,11,0
36.128624,12.664000,116.000,28.608000,1.479000,126.456631,3540,281,0,120,233,2110,11,0
36.132818,4.194000,116.000,28.608000,1.479000,126.457096,3540,281,0,120,233,2110,11,0
36.145283,12.465000,116.000,28.608000,1.479000,126.457577,3540,281,0,121,233,2110,11,0
36.149787,4.504000,116.000,28.608000,1.479000,126.456387,3537,281,0,121,233,2110,11,0
36.177518,27.731000,116.000,28.608000,1.479000,126.560760,3597,290,0,162,313,2270,11,0
36.180339,2.821000,116.000,28.608000,1.479000,126.545677,3597,290,0,130,277,2198,11,0
36.195927,15.588000,116.000,28.608000,1.479000,126.544518,3594,290,0,130,277,2198,11,0
36.200211,4.284000,116.000,28.608000,1.479000,126.549709,3594,290,0,140,287,2218,11,0
36.213254,13.043000,116.000,28.608000,1.479000,126.536381,3569,290,0,140,287,2218,11,0
36.217280,4.026000,116.000,28.608000,1.479000,126.531998,3569,290,0,130,277,2198,11,0
36.229740,12.460000,116.000,28.608000,1.479000,126.530792,3566,290,0,130,277,2198,11,0
36.234178,4.438000,116.000,28.608000,1.479000,126.531227,3566,290,0,130,277,2198,11,0
36.246096,11.918000,116.000,28.608000,1.479000,126.531708,3566,290,0,130,277,2198,11,0
36.249692,3.596000,116.000,28.608000,1.479000,126.532188,3566,290,0,130,277,2198,11,0
36.264981,15.289000,116.000,28.608000,1.479000,126.534317,3569,290,0,130,277,2198,11,0
36.270326,5.345000,116.000,28.608000,1.479000,126.534851,3569,290,0,130,277,2198,11,0
36.274155,3.829000,116.000,28.608000,1.479000,126.535332,3569,290,0,130,277,2198,11,0
36.287644,13.489000,116.000,28.608000,1.479000,126.535812,3569,290,0,130,277,2198,11,0
36.295220,7.576000,116.000,28.608000,1.479000,126.536293,3569,290,0,130,277,2198,11,0
36.299334,4.114000,116.000,28.608000,1.479000,126.532532,3562,290,0,128,241,2126,11,0
36.313509,14.175000,116.000,28.608000,1.479000,126.528603,3560,290,0,128,241,2126,11,0
36.318658,5.149000,116.000,28.608000,1.479000,126.527443,3557,290,0,128,241,2126,11,0
36.322872,4.214000,116.000,28.608000,1.479000,126.496540,3557,290,0,128,241,2126,11,0
36.337937,15.065000,116.000,28.608000,1.479000,126.497025,3557,290,0,128,241,2126,11,0
36.345882,7.945000,116.000,28.608000,1.479000,126.497505,3557,290,0,127,241,2126,11,0
36.351457,5.575000,116.000,28.608000,1.479000,126.498016,3557,290,0,127,241,2126,11,0
36.356416,4.959000,116.000,28.608000,1.479000,126.498497,3557,290,0,128,241,2126,11,0
36.371596,15.180000,116.000,28.608000,1.479000,126.498955,3557,290,0,128,241,2126,11,0
36.375504,3.908000,116.000,28.608000,1.479000,126.499298,3557,290,0,128,241,2126,11,0
36.388225,12.721000,116.000,28.608000,1.479000,126.496384,3551,290,0,128,241,2126,11,0
36.395470,7.245000,116.000,28.608000,1.479000,126.497124,3551,290,0,127,240,2124,11,0
36.400294,4.824000,116.000,28.608000,1.479000,126.491959,3542,290,0,127,240,2124,11,0
36.412190,11.896000,116.000,28.608000,1.479000,126.492439,3542,290,0,126,238,2120,11,0
36.417012,4.822000,116.000,28.608000,1.479000,126.492874,3542,290,0,125,237,2118,11,0
36.428904,11.892000,116.000,28.608000,1.479000,126.482952,3538,286,0,124,237,2118,11,0
36.435217,6.313000,116.000,28.608000,1.479000,126.661552,3651,334,0,124,237,2118,11,0
36.439299,4.082000,116.000,28.608000,1.479000,126.670776,3651,334,0,135,259,2162,11,0
36.454868,15.569000,116.000,28.608000,1.479000,126.671154,3651,334,0,134,258,2160,11,0
36.463121,8.253000,116.000,28.608000,1.479000,126.656101,3642,329,0,133,257,2158,11,0
36.468319,5.198000,116.000,28.608000,1.479000,126.650204,3632,329,0,133,257,2158,11,0
36.472879,4.560000,116.000,28.608000,1.479000,126.650684,3632,329,0,132,257,2158,11,0
36.487912,15.033000,116.000,28.608000,1.479000,126.665710,3631,329,0,144,272,2188,11,0
36.495372,7.460000,116.000,28.608000,1.479000,126.666191,3631,329,0,134,262,2168,11,0
36.500305,4.933000,116.000,28.608000,1.479000,126.662384,3631,329,0,134,262,2168,11,1
36.512358,12.053000,116.000,28.608000,1.479000,126.662865,3631,329,0,134,262,2168,11,1
36.517998,5.640000,116.000,28.608000,1.479000,126.665340,3634,329,0,134,262,2168,11,1
36.522980,4.982000,116.000,28.608000,1.479000,126.665821,3634,329,0,134,262,2168,11,1
36.538504,15.524000,116.000,28.608000,1.479000,126.666893,3640,328,0,134,262,2168,11,0
36.545588,7.084000,116.000,28.608000,1.479000,126.664116,3635,328,0,135,262,2168,11,0
36.550611,5.023000,116.000,28.608000,1.479000,126.664597,3635,328,0,135,262,2168,11,0
36.562249,11.638000,116.000,28.608000,1.479000,126.665077,3635,328,0,135,262,2168,11,0
36.567060,4.811000,116.000,28.608000,1.479000,126.665543,3635,328,0,135,262,2168,11,0
36.578676,11.616000,116.000,28.608000,1.479000,126.665977,3635,328,0,135,262,2168,11,0
36.583799,5.123000,116.000,28.608000,1.479000,126.689190,3660,332,0,135,262,2168,11,0
36.595475,11.676000,116.000,28.608000,1.479000,126.690094,3660,332,0,137,264,2172,11,0
36.600617,5.142000,116.000,28.608000,1.479000,126.690395,3660,332,0,137,264,2172,11,0
36.607876,7.259000,116.000,28.608000,1.479000,126.690876,3660,332,0,137,264,2172,11,0
36.621127,13.251000,116.000,28.608000,1.479000,126.692970,3663,332,0,137,264,2172,11,0
36.628532,7.405000,116.000,28.608000,1.479000,126.689041,3661,332,0,136,259,2162,11,0
36.632203,3.671000,116.000,28.608000,1.479000,126.689522,3661,332,0,136,259,2162,11,0
36.645480,13.277000,116.000,28.608000,1.479000,126.693214,3666,332,0,136,259,2162,11,0
36.650507,5.027000,116.000,28.608000,1.479000,126.686512,3666,332,0,136,259,2162,11,0
36.662174,11.667000,116.000,28.608000,1.479000,126.686993,3666,332,0,134,259,2162,11,0
36.667019,4.845000,116.000,28.608000,1.479000,126.687466,3666,332,0,134,259,2162,11,0
36.679278,12.259000,116.000,28.608000,1.479000,126.687946,3666,332,0,134,259,2162,11,0
36.684371,5.093000,116.000,28.608000,1.479000,126.690132,3669,332,0,134,259,2162,11,0
36.695528,11.157000,116.000,28.608000,1.479000,126.690613,3669,332,0,135,259,2162,11,0
36.700114,4.586000,116.000,28.608000,1.479000,126.691044,3669,332,0,134,258,2160,11,0
36.712262,12.148000,116.000,28.608000,1.479000,126.697529,3679,332,0,134,258,2160,11,0
36.715836,3.574000,116.000,28.608000,1.479000,126.698009,3679,332,0,134,258,2160,11,0
36.728590,12.754000,116.000,28.608000,1.479000,126.698490,3679,332,0,134,258,2160,11,0
36.731871,3.281000,116.000,28.608000,1.479000,126.698925,3679,332,0,134,258,2160,11,0
36.744976,13.105000,116.000,28.608000,1.479000,126.699406,3679,332,0,133,258,2160,11,0
36.747542,2.566000,116.000,28.608000,1.479000,126.698277,3676,332,0,133,258,2160,11,0
36.761627,14.085000,116.000,28.608000,1.479000,126.698757,3676,332,0,134,258,2160,11,0
36.779310,17.683000,116.000,28.608000,1.479000,126.801476,3733,341,0,176,338,2320,11,0
36.781691,2.381000,116.000,28.608000,1.479000,126.801910,3733,341,0,144,302,2248,11,0
36.795380,13.689000,116.000,28.608000,1.479000,126.788475,3736,341,0,144,302,2248,11,0
36.798180,2.800000,116.000,28.608000,1.479000,126.783230,3731,338,0,153,311,2266,11,0
36.811969,13.789000,116.000,28.608000,1.479000,126.766117,3700,338,0,153,311,2266,11,0
36.813979,2.010000,116.000,28.608000,1.479000,126.761734,3700,338,0,143,301,2246,11,0
36.828905,14.926000,116.000,28.608000,1.479000,126.774086,3704,342,0,143,301,2246,11,0
36.830944,2.039000,116.000,28.608000,1.479000,126.775253,3704,342,0,143,302,2248,11,0
36.845358,14.414000,116.000,28.608000,1.479000,126.775730,3704,342,0,143,302,2248,11,0
36.847362,2.004000,117.000,27.268000,2.173000,126.776211,3704,342,0,143,302,2248,11,0
36.863873,16.511000,117.000,27.268000,2.173000,126.775051,3701,342,0,143,302,2248,11,0
36.868770,4.897000,117.000,27.268000,2.173000,126.775532,3701,342,0,143,302,2248,11,0
36.873174,4.404000,117.000,27.268000,2.173000,126.775967,3701,342,0,143,302,2248,11,0
36.887032,13.858000,117.000,27.268000,2.173000,126.774807,3698,342,0,143,302,2248,11,0
36.894987,7.955000,117.000,27.268000,2.173000,126.775288,3698,342,0,143,302,2248,11,0
36.897451,2.464000,117.000,27.268000,2.173000,126.775768,3698,342,0,143,302,2248,11,0
36.912264,14.813000,117.000,27.268000,2.173000,126.773693,3694,342,0,141,266,2176,11,0
36.917488,5.224000,117.000,27.268000,2.173000,126.768124,3689,342,0,141,266,2176,11,0
36.923017,5.529000,117.000,27.268000,2.173000,126.768604,3689,342,0,141,266,2176,11,0
36.937661,14.644000,117.000,27.268000,2.173000,126.737682,3689,342,0,141,266,2176,11,0
36.945351,7.690000,117.000,27.268000,2.173000,126.738163,3689,342,0,142,266,2176,11,0
36.950065,4.714000,117.000,27.268000,2.173000,126.740311,3692,342,0,142,266,2176,11,0
36.962221,12.156000,117.000,27.268000,2.173000,126.740791,3692,342,0,142,266,2176,11,0
36.967449,5.228000,117.000,27.268000,2.173000,126.741276,3692,342,0,142,266,2176,11,0
36.978790,11.341000,117.000,27.268000,2.173000,126.741756,3692,342,0,141,266,2176,11,0
36.984025,5.235000,117.000,27.268000,2.173000,126.742054,3692,342,0,141,266,2176,11,0
36.995449,11.424000,117.000,27.268000,2.173000,126.739033,3686,342,0,140,266,2176,11,0
37.000748,5.299000,117.000,27.268000,2.173000,126.739529,3686,342,0,139,265,2174,11,0
37.012511,11.763000,117.000,27.268000,2.173000,126.740009,3686,342,0,138,264,2172,11,0
37.017487,4.976000,117.000,27.268000,2.173000,126.735645,3678,342,0,136,262,2168,11,0
37.028787,11.300000,117.000,27.268000,2.173000,126.736126,3678,342,0,136,262,2168,11,0
37.034078,5.291000,117.000,27.268000,2.173000,126.726250,3674,338,0,135,261,2166,11,0
37.045310,11.232000,117.000,27.268000,2.173000,126.722382,3667,338,0,134,261,2166,11,0
37.050043,4.733000,117.000,27.268000,2.173000,126.722801,3667,338,0,132,259,2162,11,0
37.062154,12.111000,117.000,27.268000,2.173000,126.723198,3667,338,0,133,258,2160,11,0
37.067110,4.956000,117.000,27.268000,2.173000,126.721779,3664,338,0,132,257,2158,11,0
37.079955,12.845000,117.000,27.268000,2.173000,126.708549,3658,333,0,131,257,2158,11,0
37.096775,16.820000,117.000,27.268000,2.173000,126.702667,3648,333,0,131,257,2158,11,0
37.104589,7.814000,117.000,27.268000,2.173000,126.719307,3650,333,0,144,272,2188,11,0
37.108895,4.306000,117.000,27.268000,2.173000,126.719788,3650,333,0,134,262,2168,11,0
37.121428,12.533000,117.000,27.268000,2.173000,126.715389,3650,333,0,134,262,2168,11,0
37.128854,7.426000,117.000,27.268000,2.173000,126.715870,3650,333,0,134,262,2168,11,0
37.133824,4.970000,117.000,27.268000,2.173000,126.716351,3650,333,0,134,262,2168,11,0
37.145858,12.034000,117.000,27.268000,2.173000,126.716831,3650,333,0,134,262,2168,11,0
37.152072,6.214000,117.000,27.268000,2.173000,126.718987,3653,333,0,134,262,2168,11,0
37.155864,3.792000,117.000,27.268000,2.173000,126.719467,3653,333,0,134,262,2168,11,0
37.171680,15.816000,117.000,27.268000,2.173000,126.721813,3656,333,0,134,262,2168,11,0
37.178403,6.723000,117.000,27.268000,2.173000,126.716633,3647,333,0,134,262,2168,11,0
37.181880,3.477000,117.000,27.268000,2.173000,126.715473,3644,333,0,134,262,2168,11,0
37.195085,13.205000,117.000,27.268000,2.173000,126.704918,3640,329,0,134,262,2168,11,0
37.197874,2.789000,117.000,27.268000,2.173000,126.702232,3634,329,0,134,262,2168,11,0
37.211854,13.980000,117.000,27.268000,2.173000,126.702713,3634,329,0,134,262,2168,11,0
37.216900,5.046000,117.000,27.268000,2.173000,126.706039,3637,329,0,134,262,2168,11,2
37.237866,20.966000,117.000,27.268000,2.173000,126.821281,3751,353,0,134,262,2168,11,2
37.244929,7.063000,117.000,27.268000,2.173000,126.824532,3751,353,0,145,269,2182,11,2
37.247577,2.648000,117.000,27.268000,2.173000,126.827759,3766,351,0,145,269,2182,11,0
37.261637,14.060000,117.000,27.268000,2.173000,126.810493,3754,351,0,147,269,2182,11,0
37.264040,2.403000,117.000,27.268000,2.173000,126.810986,3754,351,0,147,269,2182,11,0
37.278231,14.191000,117.000,27.268000,2.173000,126.811420,3754,351,0,146,269,2182,11,0
37.280507,2.276000,117.000,27.268000,2.173000,126.815239,3760,351,0,146,269,2182,11,0
37.294974,14.467000,117.000,27.268000,2.173000,126.815720,3760,351,0,147,269,2182,11,0
37.297257,2.283000,117.000,27.268000,2.173000,126.816158,3760,351,0,147,269,2182,11,0
37.311653,14.396000,117.000,27.268000,2.173000,126.816639,3760,351,0,146,269,2182,11,0
37.314054,2.401000,117.000,27.268000,2.173000,126.824772,3773,351,0,146,269,2182,11,0
37.328362,14.308000,117.000,27.268000,2.173000,126.825253,3773,351,0,147,269,2182,11,0
37.330779,2.417000,117.000,27.268000,2.173000,126.825710,3773,351,0,147,269,2182,11,0
37.345021,14.242000,117.000,27.268000,2.173000,126.826191,3773,351,0,146,269,2182,11,0
37.347325,2.304000,117.000,27.268000,2.173000,126.828331,3776,351,0,146,269,2182,11,0
37.361686,14.361000,117.000,27.268000,2.173000,126.836544,3786,352,0,147,269,2182,11,0
37.364056,2.370000,117.000,27.268000,2.173000,126.835159,3783,352,0,148,270,2184,11,0
37.375651,11.595000,117.000,27.268000,2.173000,126.937897,3840,361,0,189,350,2344,11,0
37.387076,11.425000,117.000,27.268000,2.173000,126.938358,3840,361,0,189,350,2344,11,0
37.389204,2.128000,117.000,27.268000,2.173000,126.923275,3840,361,0,157,314,2272,11,0
37.403689,14.485000,117.000,27.268000,2.173000,126.923756,3840,361,0,157,314,2272,11,0
37.406438,2.749000,117.000,27.268000,2.173000,126.928921,3840,361,0,165,322,2288,11,0
37.420268,13.830000,117.000,27.268000,2.173000,126.910728,3815,361,0,155,312,2268,11,0
37.428297,8.029000,117.000,27.268000,2.173000,126.911209,3815,361,0,155,312,2268,11,0
37.430674,2.377000,117.000,27.268000,2.173000,126.911690,3815,361,0,155,312,2268,11,0
37.444978,14.304000,117.000,27.268000,2.173000,126.912170,3815,361,0,155,312,2268,11,0
37.447335,2.357000,117.000,27.268000,2.173000,126.911011,3812,361,0,155,312,2268,11,0
37.461710,14.375000,117.000,27.268000,2.173000,126.911491,3812,361,0,155,312,2268,11,0
37.464325,2.615000,117.000,27.268000,2.173000,126.911835,3812,361,0,155,312,2268,11,0
37.478364,14.039000,117.000,27.268000,2.173000,126.910675,3809,361,0,155,312,2268,11,0
37.481220,2.856000,117.000,27.268000,2.173000,126.912827,3812,361,0,155,312,2268,11,0
37.495008,13.788000,117.000,27.268000,2.173000,126.913261,3812,361,0,156,312,2268,11,0
37.497454,2.446000,117.000,27.268000,2.173000,126.913742,3812,361,0,156,312,2268,11,0
37.511644,14.190000,117.000,27.268000,2.173000,126.890823,3798,355,0,154,310,2264,11,0
37.513963,2.319000,117.000,27.268000,2.173000,126.880539,3780,355,0,152,274,2192,11,0
37.528292,14.329000,117.000,27.268000,2.173000,126.876610,3778,355,0,152,274,2192,11,0
37.530576,2.284000,117.000,27.268000,2.173000,126.877068,3778,355,0,152,274,2192,11,0
37.545023,14.447000,117.000,27.268000,2.173000,126.846165,3778,355,0,151,273,2190,11,0
37.547473,2.450000,117.000,27.268000,2.173000,126.845047,3775,355,0,151,273,2190,11,0
37.561875,14.402000,117.000,27.268000,2.173000,126.845528,3775,355,0,151,273,2190,11,0
37.564073,2.198000,117.000,27.268000,2.173000,126.846008,3775,355,0,151,273,2190,11,0
37.578400,14.327000,117.000,27.268000,2.173000,126.846489,3775,355,0,151,273,2190,11,0
37.580794,2.394000,117.000,27.268000,2.173000,126.845303,3772,355,0,151,273,2190,11,0
37.594939,14.145000,117.000,27.268000,2.173000,126.845646,3772,355,0,149,273,2190,11,0
37.597291,2.352000,117.000,27.268000,2.173000,126.843246,3766,355,0,149,273,2190,11,1
37.611885,14.594000,117.000,27.268000,2.173000,126.843727,3766,355,0,149,272,2188,11,1
37.614354,2.469000,117.000,27.268000,2.173000,126.842861,3763,355,0,149,272,2188,11,1
37.628295,13.941000,117.000,27.268000,2.173000,126.843342,3763,355,0,146,270,2184,11,1
37.630707,2.412000,117.000,27.268000,2.173000,126.844421,3769,354,0,145,269,2182,11,0
37.644916,14.209000,117.000,27.268000,2.173000,126.831242,3760,350,0,147,269,2182,11,0
37.647188,2.272000,117.000,27.268000,2.173000,126.828991,3756,350,0,147,269,2182,11,0
37.661803,14.615000,117.000,27.268000,2.173000,126.829472,3756,350,0,144,267,2178,11,0
37.664141,2.338000,117.000,27.268000,2.173000,126.829876,3756,350,0,143,266,2176,11,0
37.678351,14.210000,117.000,27.268000,2.173000,126.814823,3747,345,0,142,265,2174,11,0
37.680813,2.462000,117.000,27.268000,2.173000,126.808971,3737,345,0,142,265,2174,11,0
37.695104,14.291000,117.000,27.268000,2.173000,126.809452,3737,345,0,142,265,2174,11,0
37.698692,3.588000,117.000,27.268000,2.173000,126.826092,3739,345,0,154,280,2204,11,0
37.711614,12.922000,117.000,27.268000,2.173000,126.826572,3739,345,0,155,280,2204,11,0
37.713886,2.272000,117.000,27.268000,2.173000,126.831963,3754,345,0,144,269,2182,11,0
37.728322,14.436000,117.000,27.268000,2.173000,126.798752,3700,345,0,144,269,2182,11,0
37.730548,2.226000,117.000,27.268000,2.173000,126.796028,3695,345,0,144,269,2182,11,0
37.745026,14.478000,117.000,27.268000,2.173000,126.796509,3695,345,0,144,269,2182,11,0
37.747259,2.233000,117.000,27.268000,2.173000,126.796944,3695,345,0,144,269,2182,11,0
37.761816,14.557000,117.000,27.268000,2.173000,126.797424,3695,345,0,144,269,2182,11,0
37.764138,2.322000,117.000,27.268000,2.173000,126.797920,3695,345,0,144,269,2182,11,0
37.778228,14.090000,117.000,27.268000,2.173000,126.798401,3695,345,0,143,269,2182,11,0
37.780710,2.482000,117.000,27.268000,2.173000,126.798866,3695,345,0,143,269,2182,11,0
37.794989,14.279000,117.000,27.268000,2.173000,126.799301,3695,345,0,144,269,2182,11,0
37.797263,2.274000,117.000,27.268000,2.173000,126.799782,3695,345,0,143,268,2180,11,0
37.811819,14.556000,117.000,27.268000,2.173000,126.800262,3695,345,0,142,268,2180,11,0
37.814148,2.329000,117.000,27.268000,2.173000,126.800758,3695,345,0,142,268,2180,11,0
37.828456,14.308000,117.000,27.268000,2.173000,126.801239,3695,345,0,142,268,2180,11,0
37.830561,2.105000,117.000,27.268000,2.173000,126.801704,3695,345,0,142,268,2180,11,0
37.844939,14.378000,117.000,27.268000,2.173000,126.802132,3695,345,0,142,263,2170,11,0
37.847191,2.252000,117.000,27.268000,2.173000,126.798203,3693,345,0,142,263,2170,11,0
37.861814,14.623000,119.000,20.171000,1.769000,126.798683,3693,345,0,142,263,2170,11,0
37.864266,2.452000,119.000,20.171000,1.769000,126.792316,3693,345,0,142,263,2170,11,0
37.878468,14.202000,119.000,20.171000,1.769000,126.814301,3723,345,0,142,263,2170,11,0
37.886874,8.406000,119.000,20.171000,1.769000,126.801727,3702,345,0,142,263,2170,11,0
37.888603,1.729000,119.000,20.171000,1.769000,126.802208,3702,345,0,139,262,2168,11,0
37.903727,15.124000,119.000,20.171000,1.769000,126.792358,3697,342,0,139,262,2168,11,0
37.911768,8.041000,119.000,20.171000,1.769000,126.789146,3691,342,0,139,262,2168,11,0
37.914863,3.095000,119.000,20.171000,1.769000,126.806469,3704,346,0,139,262,2168,11,0
37.928501,13.638000,119.000,20.171000,1.769000,126.813641,3714,346,0,141,264,2172,11,0
37.931575,3.074000,119.000,20.171000,1.769000,126.814098,3714,346,0,141,264,2172,11,0
37.945227,13.652000,119.000,20.171000,1.769000,126.814579,3714,346,0,141,264,2172,11,0
37.949869,4.642000,119.000,20.171000,1.769000,126.815060,3714,346,0,141,264,2172,11,0
37.962185,12.316000,119.000,20.171000,1.769000,126.815540,3714,346,0,142,264,2172,11,0
37.967081,4.896000,119.000,20.171000,1.769000,126.816036,3714,346,0,142,264,2172,11,0
37.978544,11.463000,119.000,20.171000,1.769000,126.816517,3714,346,0,141,264,2172,11,0
38.002226,23.682000,119.000,20.171000,1.769000,126.922569,3777,355,0,183,344,2332,11,0
38.005602,3.376000,119.000,20.171000,1.769000,126.907486,3777,355,0,151,308,2260,11,0
38.020004,14.402000,119.000,20.171000,1.769000,126.907967,3777,355,0,151,308,2260,11,0
38.028540,8.536000,119.000,20.171000,1.769000,126.914810,3780,355,0,161,318,2280,11,0
38.029884,1.344000,119.000,20.171000,1.769000,126.901436,3755,355,0,150,308,2260,11,0
38.046049,16.165000,119.000,20.171000,1.769000,126.897053,3755,355,0,150,308,2260,11,0
38.049104,3.055000,119.000,20.171000,1.769000,126.897533,3755,355,0,150,308,2260,11,0
38.063140,14.036000,119.000,20.171000,1.769000,126.899666,3758,355,0,150,308,2260,11,0
38.066540,3.400000,119.000,20.171000,1.769000,126.900101,3758,355,0,139,302,2248,11,0
38.079749,13.209000,119.000,20.171000,1.769000,126.900536,3758,355,0,140,302,2248,11,0
38.083193,3.444000,119.000,20.171000,1.769000,126.901016,3758,355,0,140,302,2248,11,0
38.096058,12.865000,119.000,20.171000,1.769000,126.903164,3761,355,0,140,302,2248,11,0
38.098950,2.892000,119.000,20.171000,1.769000,126.903645,3761,355,0,140,302,2248,11,0
38.113251,14.301000,119.000,20.171000,1.769000,126.904079,3761,355,0,139,302,2248,11,0
38.117875,4.624000,119.000,20.171000,1.769000,126.904469,3761,355,0,139,302,2248,11,0
38.122993,5.118000,119.000,20.171000,1.769000,126.902447,3757,355,0,139,302,2248,11,0
38.137382,14.389000,119.000,20.171000,1.769000,126.902874,3757,355,0,137,266,2176,11,0
38.145092,7.710000,119.000,20.171000,1.769000,126.898945,3755,355,0,137,266,2176,11,0
38.150133,5.041000,119.000,20.171000,1.769000,126.866352,3752,355,0,137,266,2176,11,0
38.162146,12.013000,119.000,20.171000,1.769000,126.866833,3752,355,0,139,266,2176,11,0
38.167022,4.876000,119.000,20.171000,1.769000,126.867329,3752,355,0,139,266,2176,11,0
38.178647,11.625000,119.000,20.171000,1.769000,126.867809,3752,355,0,139,266,2176,11,0
38.183704,5.057000,119.000,20.171000,1.769000,126.869884,3755,355,0,139,266,2176,11,0
38.195955,12.251000,119.000,20.171000,1.769000,126.870365,3755,355,0,138,266,2176,11,0
38.200298,4.343000,119.000,20.171000,1.769000,126.870689,3755,355,0,138,266,2176,11,0
38.212302,12.004000,119.000,20.171000,1.769000,126.867668,3749,355,0,138,266,2176,11,0
38.217223,4.921000,119.000,20.171000,1.769000,126.864883,3743,355,0,137,265,2174,11,0
38.229086,11.863000,119.000,20.171000,1.769000,126.865364,3743,355,0,136,265,2174,11,0
38.234025,4.939000,119.000,20.171000,1.769000,126.867489,3746,355,0,133,257,2158,11,0
38.245281,11.256000,119.000,20.171000,1.769000,126.867970,3746,355,0,134,256,2156,11,0
38.250043,4.762000,119.000,20.171000,1.769000,126.837208,3709,351,0,134,256,2156,11,0
38.262202,12.159000,119.000,20.171000,1.769000,126.833340,3702,351,0,133,256,2156,11,0
38.267494,5.292000,119.000,20.171000,1.769000,126.833836,3702,351,0,131,254,2152,11,0
38.272742,5.248000,119.000,20.171000,1.769000,126.834232,3702,351,0,130,253,2150,11,0
38.287743,15.001000,119.000,20.171000,1.769000,126.817478,3690,346,0,129,252,2148,11,0
38.295190,7.447000,119.000,20.171000,1.769000,126.811642,3680,346,0,128,252,2148,11,0
38.299824,4.634000,119.000,20.171000,1.769000,126.812077,3680,346,0,129,252,2148,11,0
38.306454,6.630000,119.000,20.171000,1.769000,126.828712,3682,346,0,140,267,2178,11,0
38.321382,14.928000,119.000,20.171000,1.769000,126.827553,3679,346,0,130,257,2158,11,0
38.328839,7.457000,119.000,20.171000,1.769000,126.823170,3679,346,0,130,257,2158,11,0
38.333707,4.868000,119.000,20.171000,1.769000,126.825314,3682,346,0,130,257,2158,11,0
38.345222,11.515000,119.000,20.171000,1.769000,126.825794,3682,346,0,130,257,2158,11,0
38.349811,4.589000,119.000,20.171000,1.769000,126.827927,3685,346,0,130,257,2158,11,0
38.363164,13.353000,119.000,20.171000,1.769000,126.828407,3685,346,0,131,257,2158,11,0
38.368114,4.950000,119.000,20.171000,1.769000,126.828888,3685,346,0,131,257,2158,11,0
38.372838,4.724000,119.000,20.171000,1.769000,126.829369,3685,346,0,131,257,2158,11,0
38.389471,16.633000,119.000,20.171000,1.769000,126.829849,3685,346,0,131,257,2158,11,0
38.393604,4.133000,119.000,20.171000,1.769000,126.830330,3685,346,0,131,257,2158,11,0
38.398990,5.386000,119.000,20.171000,1.769000,126.830811,3685,346,0,131,257,2158,11,0
38.412172,13.182000,119.000,20.171000,1.769000,126.831245,3685,346,0,131,257,2158,11,0
38.417136,4.964000,119.000,20.171000,1.769000,126.830086,3682,346,0,131,257,2158,11,0
38.428804,11.668000,119.000,20.171000,1.769000,126.830566,3682,346,0,131,257,2158,11,0
38.433729,4.925000,119.000,20.171000,1.769000,126.831047,3682,346,0,131,257,2158,11,0
38.445575,11.846000,119.000,20.171000,1.769000,126.831474,3682,346,0,130,257,2158,11,0
38.450624,5.049000,119.000,20.171000,1.769000,126.827560,3680,346,0,129,252,2148,11,0
38.462212,11.588000,119.000,20.171000,1.769000,126.828041,3680,346,0,129,252,2148,11,0
38.467149,4.937000,119.000,20.171000,1.769000,126.826866,3677,346,0,129,252,2148,11,0
38.478859,11.710000,119.000,20.171000,1.769000,126.820480,3677,346,0,129,252,2148,11,0
38.483717,4.858000,119.000,20.171000,1.769000,126.820995,3677,346,0,129,252,2148,11,0
38.495793,12.076000,119.000,20.171000,1.769000,126.821476,3677,346,0,129,252,2148,11,0
38.500574,4.781000,119.000,20.171000,1.769000,126.821972,3677,346,0,129,252,2148,11,0
38.512162,11.588000,119.000,20.171000,1.769000,126.822453,3677,346,0,129,252,2148,11,0
38.516944,4.782000,119.000,20.171000,1.769000,126.822918,3677,346,0,129,252,2148,11,0
38.528710,11.766000,119.000,20.171000,1.769000,126.823399,3677,346,0,129,252,2148,11,0
38.533766,5.056000,119.000,20.171000,1.769000,126.829853,3687,346,0,129,252,2148,11,0
38.545378,11.612000,119.000,20.171000,1.769000,126.830334,3687,346,0,129,252,2148,11,0
38.550116,4.738000,119.000,20.171000,1.769000,126.830906,3687,346,0,129,252,2148,11,0
38.562147,12.031000,119.000,20.171000,1.769000,126.831387,3687,346,0,127,252,2148,11,0
38.566913,4.766000,119.000,20.171000,1.769000,126.830181,3684,346,0,127,252,2148,11,0
38.578824,11.911000,119.000,20.171000,1.769000,126.830662,3684,346,0,129,252,2148,11,0
38.583952,5.128000,119.000,20.171000,1.769000,126.829502,3681,346,0,129,252,2148,11,0
38.611879,27.927000,119.000,20.171000,1.769000,126.932194,3738,355,0,169,332,2308,11,0
38.614913,3.034000,119.000,20.171000,1.769000,126.917110,3738,355,0,137,296,2236,11,0
38.629814,14.901000,119.000,20.171000,1.769000,126.919262,3741,355,0,137,296,2236,11,0
38.634437,4.623000,119.000,20.171000,1.769000,126.924454,3741,355,0,148,306,2256,11,0
38.646095,11.658000,119.000,20.171000,1.769000,126.911125,3716,355,0,138,296,2236,11,0
38.649471,3.376000,119.000,20.171000,1.769000,126.906742,3716,355,0,138,296,2236,11,0
38.663061,13.590000,119.000,20.171000,1.769000,126.907223,3716,355,0,138,296,2236,11,0
38.666909,3.848000,119.000,20.171000,1.769000,126.907703,3716,355,0,138,296,2236,11,0
38.681000,14.091000,119.000,20.171000,1.769000,126.908184,3716,355,0,138,296,2236,11,0
38.684885,3.885000,119.000,20.171000,1.769000,126.908596,3716,355,0,138,296,2236,11,0
38.689670,4.785000,119.000,20.171000,1.769000,126.912395,3722,355,0,138,296,2236,11,0
38.704639,14.969000,119.000,20.171000,1.769000,126.913437,3722,355,0,140,296,2236,11,1
38.708970,4.331000,119.000,20.171000,1.769000,126.913918,3722,355,0,140,296,2236,11,1
38.715833,6.863000,119.000,20.171000,1.769000,126.916313,3725,355,0,140,296,2236,11,1
38.728850,13.017000,119.000,20.171000,1.769000,126.916794,3725,355,0,140,296,2236,11,1
38.734330,5.480000,119.000,20.171000,1.769000,126.915363,3727,354,0,140,296,2236,11,0
38.738607,4.277000,119.000,20.171000,1.769000,126.912540,3722,354,0,139,260,2164,11,0
38.754728,16.121000,119.000,20.171000,1.769000,126.914639,3725,354,0,139,260,2164,11,0
38.758633,3.905000,119.000,20.171000,1.769000,126.879326,3723,354,0,139,260,2164,11,0
38.771584,12.951000,119.000,20.171000,1.769000,126.879803,3723,354,0,139,260,2164,11,0
38.780472,8.888000,119.000,20.171000,1.769000,126.880283,3723,354,0,139,260,2164,11,0
38.785810,5.338000,119.000,20.171000,1.769000,126.882431,3726,354,0,139,260,2164,11,0
38.789038,3.228000,119.000,20.171000,1.769000,126.882866,3726,354,0,139,260,2164,11,0
38.805174,16.136000,119.000,20.171000,1.769000,126.883305,3726,354,0,139,260,2164,11,0
38.809123,3.949000,119.000,20.171000,1.769000,126.870525,3721,349,0,138,259,2162,11,0
38.816137,7.014000,119.000,20.171000,1.769000,126.861912,3705,349,0,138,259,2162,11,0
38.828606,12.469000,119.000,20.171000,1.769000,126.862392,3705,349,0,136,258,2160,11,0
38.833550,4.944000,119.000,20.171000,1.769000,126.862873,3705,349,0,136,258,2160,11,0
38.845112,11.562000,119.000,20.171000,1.769000,126.863308,3705,349,0,135,256,2156,11,0
38.849492,4.380000,115.000,27.217000,2.278000,126.862179,3702,349,0,135,256,2156,11,0
38.862182,12.690000,115.000,27.217000,2.278000,126.852257,3698,345,0,133,255,2154,11,0
38.867045,4.863000,115.000,27.217000,2.278000,126.848328,3691,345,0,133,255,2154,11,0
38.878816,11.771000,115.000,27.217000,2.278000,126.848808,3691,345,0,130,253,2150,11,0
38.888061,9.245000,115.000,27.217000,2.278000,126.850864,3694,345,0,129,252,2148,11,0
38.891498,3.437000,115.000,27.217000,2.278000,126.849476,3691,345,0,129,250,2144,11,0
38.906646,15.148000,115.000,27.217000,2.278000,126.836227,3685,340,0,129,250,2144,11,0
38.911973,5.327000,115.000,27.217000,2.278000,126.830391,3675,340,0,129,250,2144,11,0
38.918702,6.729000,115.000,27.217000,2.278000,126.843769,3671,340,0,140,265,2174,11,0
38.923037,4.335000,115.000,27.217000,2.278000,126.844250,3671,340,0,130,255,2154,11,0
38.937930,14.893000,115.000,27.217000,2.278000,126.839851,3671,340,0,130,255,2154,11,0
38.947811,9.881000,115.000,27.217000,2.278000,126.838646,3668,340,0,130,255,2154,11,0
38.963369,15.558000,115.000,27.217000,2.278000,126.839127,3668,340,0,130,255,2154,11,0
38.968183,4.814000,115.000,27.217000,2.278000,126.839622,3668,340,0,130,255,2154,11,0
38.973000,4.817000,115.000,27.217000,2.278000,126.840103,3668,340,0,130,255,2154,11,0
38.987525,14.525000,115.000,27.217000,2.278000,126.838757,3665,340,0,130,255,2154,11,0
38.995193,7.668000,115.000,27.217000,2.278000,126.839237,3665,340,0,130,255,2154,11,0
38.998355,3.162000,115.000,27.217000,2.278000,126.829281,3660,337,0,129,254,2152,11,0
39.011827,13.472000,115.000,27.217000,2.278000,126.826069,3654,337,0,129,254,2152,11,0
39.015111,3.284000,115.000,27.217000,2.278000,126.840076,3661,341,0,129,254,2152,11,0
39.028466,13.355000,115.000,27.217000,2.278000,126.841244,3661,341,0,130,256,2156,11,0
39.031218,2.752000,115.000,27.217000,2.278000,126.841705,3661,341,0,130,256,2156,11,0
39.045043,13.825000,115.000,27.217000,2.278000,126.842186,3661,341,0,130,256,2156,11,0
39.047596,2.553000,115.000,27.217000,2.278000,126.844315,3664,341,0,130,256,2156,11,0
39.062185,14.589000,115.000,27.217000,2.278000,126.844742,3664,341,0,129,251,2146,11,0
39.067540,5.355000,115.000,27.217000,2.278000,126.840828,3662,341,0,129,251,2146,11,0
39.072986,5.446000,115.000,27.217000,2.278000,126.841263,3662,341,0,129,251,2146,11,0
39.088190,15.204000,115.000,27.217000,2.278000,126.834854,3662,341,0,129,251,2146,11,0
39.095611,7.421000,115.000,27.217000,2.278000,126.835289,3662,341,0,126,251,2146,11,0
39.100474,4.863000,115.000,27.217000,2.278000,126.835785,3662,341,0,126,251,2146,11,0
39.111988,11.514000,115.000,27.217000,2.278000,126.836266,3662,341,0,128,251,2146,11,0
39.116096,4.108000,115.000,27.217000,2.278000,126.835121,3659,341,0,128,251,2146,11,0
39.128582,12.486000,115.000,27.217000,2.278000,126.835602,3659,341,0,127,251,2146,11,0
39.132682,4.100000,115.000,27.217000,2.278000,126.836067,3659,341,0,127,251,2146,11,0
39.145458,12.776000,115.000,27.217000,2.278000,126.842552,3669,341,0,127,251,2146,11,0
39.150096,4.638000,115.000,27.217000,2.278000,126.843018,3669,341,0,127,251,2146,11,0
39.161917,11.821000,115.000,27.217000,2.278000,126.843498,3669,341,0,126,251,2146,11,0
39.165965,4.048000,115.000,27.217000,2.278000,126.844025,3669,341,0,126,251,2146,11,0
39.178509,12.544000,115.000,27.217000,2.278000,126.844505,3669,341,0,127,251,2146,11,0
39.182508,3.999000,115.000,27.217000,2.278000,126.844940,3669,341,0,127,251,2146,11,0
39.195239,12.731000,115.000,27.217000,2.278000,126.845421,3669,341,0,128,251,2146,11,0
39.226343,31.104000,115.000,27.217000,2.278000,126.948112,3726,350,0,170,331,2306,11,0
39.231039,4.696000,115.000,27.217000,2.278000,126.937740,3726,350,0,148,305,2254,11,0
39.245917,14.878000,115.000,27.217000,2.278000,126.924412,3701,350,0,138,295,2234,11,0
39.249364,3.447000,115.000,27.217000,2.278000,126.920029,3701,350,0,138,295,2234,11,0
39.263391,14.027000,115.000,27.217000,2.278000,126.920509,3701,350,0,138,295,2234,11,0
39.267418,4.027000,115.000,27.217000,2.278000,126.920990,3701,350,0,138,295,2234,11,0
39.272733,5.315000,115.000,27.217000,2.278000,126.919830,3698,350,0,138,295,2234,11,0
39.287485,14.752000,115.000,27.217000,2.278000,126.920311,3698,350,0,138,295,2234,11,0
39.295366,7.881000,115.000,27.217000,2.278000,126.920792,3698,350,0,138,295,2234,11,0
39.299612,4.246000,115.000,27.217000,2.278000,126.921272,3698,350,0,138,295,2234,11,0
39.312154,12.542000,115.000,27.217000,2.278000,126.921753,3698,350,0,138,295,2234,11,0
39.317438,5.284000,115.000,27.217000,2.278000,126.925564,3704,350,0,138,295,2234,11,0
39.323313,5.875000,115.000,27.217000,2.278000,126.858887,3680,326,0,138,295,2234,11,0
39.337536,14.223000,115.000,27.217000,2.278000,126.837849,3640,326,0,138,295,2234,11,0
39.345135,7.599000,115.000,27.217000,2.278000,126.838329,3640,326,0,136,259,2162,11,0
39.349587,4.452000,115.000,27.217000,2.278000,126.838757,3640,326,0,136,259,2162,11,0
39.363950,14.363000,115.000,27.217000,2.278000,126.834827,3638,326,0,136,259,2162,11,0
39.369229,5.279000,115.000,27.217000,2.278000,126.803902,3638,326,0,136,259,2162,11,0
39.373788,4.559000,115.000,27.217000,2.278000,126.804382,3638,326,0,136,259,2162,11,0
39.387795,14.007000,115.000,27.217000,2.278000,126.808163,3644,326,0,136,259,2162,11,0
39.391165,3.370000,115.000,27.217000,2.278000,126.808643,3644,326,0,137,259,2162,11,0
39.405254,14.089000,115.000,27.217000,2.278000,126.809128,3644,326,0,137,259,2162,11,0
39.412013,6.759000,115.000,27.217000,2.278000,126.809608,3644,326,0,136,259,2162,11,0
39.415622,3.609000,115.000,27.217000,2.278000,126.809952,3644,326,0,136,259,2162,11,0
39.430168,14.546000,115.000,27.217000,2.278000,126.810329,3644,326,0,136,259,2162,11,0
39.434061,3.893000,115.000,27.217000,2.278000,126.810810,3644,326,0,136,259,2162,11,0
39.441321,7.260000,115.000,27.217000,2.278000,126.811279,3644,326,0,135,258,2160,11,0
39.453863,12.542000,115.000,27.217000,2.278000,126.811760,3644,326,0,136,258,2160,11,0
39.463611,9.748000,115.000,27.217000,2.278000,126.686626,3597,286,0,134,256,2156,11,0
39.467306,3.695000,115.000,27.217000,2.278000,126.644539,3543,282,0,122,235,2114,11,0
39.480015,12.709000,115.000,27.217000,2.278000,126.640621,3536,282,0,122,235,2114,11,0
39.483562,3.547000,115.000,27.217000,2.278000,126.641102,3536,282,0,122,234,2112,11,0
39.496576,13.014000,115.000,27.217000,2.278000,126.643242,3539,282,0,121,233,2110,11,0
39.500454,3.878000,115.000,27.217000,2.278000,126.643639,3539,282,0,119,232,2108,11,0
39.513333,12.879000,115.000,27.217000,2.278000,126.628521,3530,277,0,118,231,2106,11,0
39.516883,3.550000,115.000,27.217000,2.278000,126.622684,3520,277,0,118,231,2106,11,0
39.523532,6.649000,115.000,27.217000,2.278000,126.639343,3522,277,0,130,246,2136,11,0
39.536938,13.406000,115.000,27.217000,2.278000,126.639824,3522,277,0,130,246,2136,11,0
39.546169,9.231000,115.000,27.217000,2.278000,126.640289,3522,277,0,120,236,2116,11,0
39.549711,3.542000,115.000,27.217000,2.278000,126.635906,3522,277,0,120,236,2116,11,0
39.563712,14.001000,115.000,27.217000,2.278000,126.633106,3516,277,0,120,236,2116,11,0
39.567326,3.614000,115.000,27.217000,2.278000,126.633587,3516,277,0,120,236,2116,11,0
39.580383,13.057000,115.000,27.217000,2.278000,126.634083,3516,277,0,120,236,2116,11,0
39.584084,3.701000,115.000,27.217000,2.278000,126.634563,3516,277,0,120,236,2116,11,0
39.596661,12.577000,115.000,27.217000,2.278000,126.636688,3519,277,0,120,236,2116,11,0
39.600408,3.747000,115.000,27.217000,2.278000,126.637169,3519,277,0,120,236,2116,11,0
39.613022,12.614000,115.000,27.217000,2.278000,126.637630,3519,277,0,120,236,2116,11,0
39.616596,3.574000,115.000,27.217000,2.278000,126.638111,3519,277,0,120,236,2116,11,0
39.629770,13.174000,115.000,27.217000,2.278000,126.635326,3513,277,0,120,236,2116,11,0
39.633599,3.829000,115.000,27.217000,2.278000,126.635761,3513,277,0,120,236,2116,11,0
39.646332,12.733000,115.000,27.217000,2.278000,126.643517,3519,279,0,120,236,2116,11,0
39.649782,3.450000,115.000,27.217000,2.278000,126.644466,3519,279,0,121,237,2118,11,0
39.663297,13.515000,115.000,27.217000,2.278000,126.641609,3513,279,0,121,237,2118,11,0
39.666945,3.648000,115.000,27.217000,2.278000,126.637680,3511,279,0,120,232,2108,11,0
39.679871,12.926000,115.000,27.217000,2.278000,126.638176,3511,279,0,120,232,2108,11,0
39.683349,3.478000,115.000,27.217000,2.278000,126.638657,3511,279,0,120,232,2108,11,0
39.696087,12.738000,115.000,27.217000,2.278000,126.630630,3508,279,0,120,232,2108,11,0
39.699059,2.972000,115.000,27.217000,2.278000,126.631111,3508,279,0,119,232,2108,11,0
39.712948,13.889000,115.000,27.217000,2.278000,126.631577,3508,279,0,119,232,2108,11,0
39.716396,3.448000,115.000,27.217000,2.278000,126.632057,3508,279,0,119,232,2108,11,0
39.729964,13.568000,115.000,27.217000,2.278000,126.630913,3505,279,0,119,232,2108,11,0
39.733511,3.547000,115.000,27.217000,2.278000,126.631393,3505,279,0,119,232,2108,11,0
39.746444,12.933000,115.000,27.217000,2.278000,126.631874,3505,279,0,119,232,2108,11,0
39.749579,3.135000,115.000,27.217000,2.278000,126.632355,3505,279,0,118,232,2108,11,0
39.762678,13.099000,115.000,27.217000,2.278000,126.640488,3518,279,0,118,232,2108,11,0
39.765684,3.006000,115.000,27.217000,2.278000,126.640968,3518,279,0,119,232,2108,11,0
39.779974,14.290000,115.000,27.217000,2.278000,126.641457,3518,279,0,119,232,2108,11,0
39.783672,3.698000,115.000,27.217000,2.278000,126.641937,3518,279,0,118,232,2108,11,0
39.796328,12.656000,115.000,27.217000,2.278000,126.642387,3518,279,0,118,232,2108,11,0
39.799592,3.264000,115.000,27.217000,2.278000,126.642868,3518,279,0,118,232,2108,11,0
39.813439,13.847000,115.000,27.217000,2.278000,126.643955,3518,279,0,118,232,2108,11,1
39.844492,31.053000,115.000,27.217000,2.278000,126.746593,3581,287,0,161,312,2268,11,0
39.847704,3.212000,115.000,27.217000,2.278000,126.731232,3573,287,0,139,286,2216,11,0
39.863277,15.573000,114.000,30.165000,1.615000,126.713039,3548,287,0,129,276,2196,11,0
39.866707,3.430000,114.000,30.165000,1.615000,126.713520,3548,287,0,129,276,2196,11,0
39.879375,12.668000,114.000,30.165000,1.615000,126.714001,3548,287,0,129,276,2196,11,0
39.882722,3.347000,114.000,30.165000,1.615000,126.714481,3548,287,0,129,276,2196,11,0
39.896068,13.346000,114.000,30.165000,1.615000,126.714962,3548,287,0,129,276,2196,11,0
39.899450,3.382000,114.000,30.165000,1.615000,126.715443,3548,287,0,129,276,2196,11,0
39.912711,13.261000,114.000,30.165000,1.615000,126.715878,3548,287,0,129,276,2196,11,0
39.916097,3.386000,114.000,30.165000,1.615000,126.716358,3548,287,0,129,276,2196,11,0
39.929337,13.240000,114.000,30.165000,1.615000,126.716839,3548,287,0,129,276,2196,11,0
39.932680,3.343000,114.000,30.165000,1.615000,126.717319,3548,287,0,129,276,2196,11,0
39.946349,13.669000,114.000,30.165000,1.615000,126.715252,3544,287,0,129,276,2196,11,0
39.949789,3.440000,114.000,30.165000,1.615000,126.715733,3544,287,0,127,240,2124,11,0
39.962598,12.809000,114.000,30.165000,1.615000,126.716213,3544,287,0,127,240,2124,11,0
39.965752,3.154000,114.000,30.165000,1.615000,126.685310,3544,287,0,126,239,2122,11,0
39.979552,13.800000,114.000,30.165000,1.615000,126.685787,3544,287,0,126,239,2122,11,0
39.982815,3.263000,114.000,30.165000,1.615000,126.680218,3539,287,0,127,239,2122,11,0
39.996172,13.357000,114.000,30.165000,1.615000,126.680683,3539,287,0,127,239,2122,11,0
39.999282,3.110000,114.000,30.165000,1.615000,126.681164,3539,287,0,127,239,2122,11,0
40.013255,13.973000,114.000,30.165000,1.615000,126.683361,3542,287,0,127,239,2122,11,0
40.016944,3.689000,114.000,30.165000,1.615000,126.683842,3542,287,0,126,239,2122,11,0
40.029765,12.821000,114.000,30.165000,1.615000,126.684181,3542,287,0,126,239,2122,11,0
40.033337,3.572000,114.000,30.165000,1.615000,126.681160,3536,287,0,125,239,2122,11,0
40.046161,12.824000,114.000,30.165000,1.615000,126.681625,3536,287,0,124,238,2120,11,0
40.049201,3.040000,114.000,30.165000,1.615000,126.682106,3536,287,0,125,238,2120,11,0
40.063079,13.878000,114.000,30.165000,1.615000,126.682693,3536,287,0,123,236,2116,11,0
40.066568,3.489000,114.000,30.165000,1.615000,126.683174,3536,287,0,120,234,2112,11,0
40.079978,13.410000,114.000,30.165000,1.615000,126.665646,3533,280,0,120,234,2112,11,0
40.083552,3.574000,114.000,30.165000,1.615000,126.658085,3520,280,0,122,234,2112,11,0
40.096321,12.769000,114.000,30.165000,1.615000,126.658493,3520,280,0,120,232,2108,11,0
40.099340,3.019000,114.000,30.165000,1.615000,126.658890,3520,280,0,116,231,2106,11,0
40.113367,14.027000,114.000,30.165000,1.615000,126.661964,3524,279,0,115,230,2104,11,0
40.116780,3.413000,114.000,30.165000,1.615000,126.656815,3514,279,0,118,232,2108,11,0
40.122822,6.042000,114.000,30.165000,1.615000,126.673378,3516,279,0,129,247,2138,11,0
40.137852,15.030000,114.000,30.165000,1.615000,126.673870,3516,279,0,129,247,2138,11,0
40.145147,7.295000,114.000,30.165000,1.615000,126.669487,3516,279,0,120,237,2118,11,0
40.149284,4.137000,114.000,30.165000,1.615000,126.671619,3519,279,0,120,237,2118,11,0
40.162083,12.799000,114.000,30.165000,1.615000,126.672100,3519,279,0,120,237,2118,11,0
40.166783,4.700000,114.000,30.165000,1.615000,126.672581,3519,279,0,120,237,2118,11,0
40.178493,11.710000,114.000,30.165000,1.615000,126.673061,3519,279,0,120,237,2118,11,0
40.183000,4.507000,114.000,30.165000,1.615000,126.675224,3522,279,0,120,237,2118,11,0
40.195211,12.211000,114.000,30.165000,1.615000,126.675625,3522,279,0,120,237,2118,11,0
40.199110,3.899000,114.000,30.165000,1.615000,126.676090,3522,279,0,120,237,2118,11,0
40.212217,13.107000,114.000,30.165000,1.615000,126.676525,3522,279,0,121,237,2118,11,0
40.216887,4.670000,114.000,30.165000,1.615000,126.677006,3522,279,0,121,237,2118,11,0
40.230022,13.135000,114.000,30.165000,1.615000,126.677486,3522,279,0,121,237,2118,11,0
40.234790,4.768000,114.000,30.165000,1.615000,126.677982,3522,279,0,121,237,2118,11,0
40.238625,3.835000,114.000,30.165000,1.615000,126.678417,3522,279,0,121,237,2118,11,0
40.254807,16.182000,114.000,30.165000,1.615000,126.677242,3519,279,0,121,237,2118,11,0
40.261917,7.110000,114.000,30.165000,1.615000,126.677723,3519,279,0,121,237,2118,11,0
40.265132,3.215000,114.000,30.165000,1.615000,126.678204,3519,279,0,121,237,2118,11,0
40.279406,14.274000,114.000,30.165000,1.615000,126.678631,3519,279,0,120,232,2108,11,0
40.282502,3.096000,114.000,30.165000,1.615000,126.674702,3517,279,0,119,232,2108,11,0
40.296265,13.763000,114.000,30.165000,1.615000,126.676857,3520,279,0,119,232,2108,11,0
40.299487,3.222000,114.000,30.165000,1.615000,126.670471,3520,279,0,120,232,2108,11,0
40.312135,12.648000,114.000,30.165000,1.615000,126.670925,3520,279,0,120,232,2108,11,0
40.314204,2.069000,114.000,30.165000,1.615000,126.668125,3514,279,0,118,232,2108,11,0
40.328695,14.491000,114.000,30.165000,1.615000,126.668606,3514,279,0,118,232,2108,11,0
40.330615,1.920000,114.000,30.165000,1.615000,126.669086,3514,279,0,119,232,2108,11,0
40.345407,14.792000,114.000,30.165000,1.615000,126.669582,3514,279,0,119,232,2108,11,0
40.347391,1.984000,114.000,30.165000,1.615000,126.668423,3511,279,0,119,232,2108,11,0
40.362552,15.161000,114.000,30.165000,1.615000,126.668888,3511,279,0,119,232,2108,11,0
40.365136,2.584000,114.000,30.165000,1.615000,126.675373,3521,279,0,120,232,2108,11,0
40.379329,14.193000,114.000,30.165000,1.615000,126.670479,3519,277,0,119,231,2106,11,0
40.386451,7.122000,114.000,30.165000,1.615000,126.668579,3515,277,0,117,231,2106,11,0
40.388764,2.313000,114.000,30.165000,1.615000,126.667465,3512,277,0,117,231,2106,11,0
40.403452,14.688000,114.000,30.165000,1.615000,126.667946,3512,277,0,119,231,2106,11,0
40.413317,9.865000,114.000,30.165000,1.615000,126.670071,3515,277,0,119,231,2106,11,0
40.417000,3.683000,114.000,30.165000,1.615000,126.670551,3515,277,0,118,231,2106,11,0
40.440170,23.170000,114.000,30.165000,1.615000,126.771538,3569,286,0,160,311,2266,11,0
40.445227,5.057000,114.000,30.165000,1.615000,126.756409,3569,286,0,128,275,2194,11,0
40.447594,2.367000,114.000,30.165000,1.615000,126.761600,3569,286,0,138,285,2214,11,0
40.462967,15.373000,114.000,30.165000,1.615000,126.932449,3667,334,0,138,285,2214,11,0
40.465747,2.780000,114.000,30.165000,1.615000,126.936810,3667,334,0,140,299,2242,11,0
40.479022,13.275000,114.000,30.165000,1.615000,126.937286,3667,334,0,140,299,2242,11,0
40.481983,2.961000,114.000,30.165000,1.615000,126.937767,3667,334,0,140,299,2242,11,0
40.496234,14.251000,114.000,30.165000,1.615000,126.938248,3667,334,0,140,299,2242,11,0
40.499970,3.736000,114.000,30.165000,1.615000,126.938728,3667,334,0,140,299,2242,11,0
40.513290,13.320000,114.000,30.165000,1.615000,126.940742,3670,334,0,140,299,2242,11,0
40.517338,4.048000,114.000,30.165000,1.615000,126.941177,3670,334,0,140,299,2242,11,0
40.523952,6.614000,114.000,30.165000,1.615000,126.940018,3667,334,0,140,299,2242,11,0
40.537913,13.961000,114.000,30.165000,1.615000,126.940498,3667,334,0,140,299,2242,11,0
40.545390,7.477000,114.000,30.165000,1.615000,126.940979,3667,334,0,140,299,2242,11,0
40.550311,4.921000,114.000,30.165000,1.615000,126.941414,3667,334,0,140,299,2242,11,0
40.562157,11.846000,114.000,30.165000,1.615000,126.939392,3663,334,0,140,299,2242,11,0
40.567481,5.324000,114.000,30.165000,1.615000,126.939873,3663,334,0,138,263,2170,11,0
40.572688,5.207000,114.000,30.165000,1.615000,126.940353,3663,334,0,138,263,2170,11,0
40.588575,15.887000,114.000,30.165000,1.615000,126.909378,3663,334,0,138,263,2170,11,0
40.595282,6.707000,114.000,30.165000,1.615000,126.905449,3661,334,0,139,263,2170,11,0
40.600095,4.813000,114.000,30.165000,1.615000,126.905945,3661,334,0,139,263,2170,11,0
40.611998,11.903000,114.000,30.165000,1.615000,126.906425,3661,334,0,139,263,2170,11,0
40.616981,4.983000,114.000,30.165000,1.615000,126.906898,3661,334,0,139,263,2170,11,0
40.628908,11.927000,114.000,30.165000,1.615000,126.907379,3661,334,0,138,263,2170,11,0
40.633874,4.966000,114.000,30.165000,1.615000,126.906082,3658,334,0,138,263,2170,11,0
40.645219,11.345000,114.000,30.165000,1.615000,126.903061,3652,334,0,139,263,2170,11,0
40.650778,5.559000,114.000,30.165000,1.615000,126.903526,3652,334,0,138,262,2168,11,0
40.656123,5.345000,114.000,30.165000,1.615000,126.904007,3652,334,0,136,262,2168,11,0
40.671554,15.431000,114.000,30.165000,1.615000,126.904503,3652,334,0,134,260,2164,11,0
40.678556,7.002000,114.000,30.165000,1.615000,126.904984,3652,334,0,134,260,2164,11,0
40.683466,4.910000,114.000,30.165000,1.615000,126.893375,3645,330,0,133,259,2162,11,0
40.695317,11.851000,114.000,30.165000,1.615000,126.889507,3638,330,0,133,259,2162,11,0
40.699301,3.984000,114.000,30.165000,1.615000,126.889988,3638,330,0,131,257,2158,11,0
40.711829,12.528000,114.000,30.165000,1.615000,126.890385,3638,330,0,130,256,2156,11,0
40.716006,4.177000,114.000,30.165000,1.615000,126.890656,3638,330,0,129,255,2154,11,0
40.728782,12.776000,114.000,30.165000,1.615000,126.877472,3632,325,0,131,255,2154,11,0
40.733870,5.088000,114.000,30.165000,1.615000,126.869930,3619,325,0,131,255,2154,11,0
40.739082,5.212000,114.000,30.165000,1.615000,126.886528,3621,325,0,140,270,2184,11,0
40.755348,16.266000,114.000,30.165000,1.615000,126.882145,3621,325,0,130,260,2164,11,0
40.762155,6.807000,114.000,30.165000,1.615000,126.882626,3621,325,0,130,260,2164,11,0
40.766885,4.730000,114.000,30.165000,1.615000,126.883121,3621,325,0,130,260,2164,11,0
40.778756,11.871000,114.000,30.165000,1.615000,126.883602,3621,325,0,131,260,2164,11,0
40.783661,4.905000,114.000,30.165000,1.615000,126.887383,3627,325,0,131,260,2164,11,0
40.795457,11.796000,114.000,30.165000,1.615000,126.887863,3627,325,0,131,260,2164,11,0
40.800390,4.933000,114.000,30.165000,1.615000,126.888336,3627,325,0,131,260,2164,11,0
40.814669,14.279000,114.000,30.165000,1.615000,126.888771,3627,325,0,132,260,2164,11,0
40.829749,15.080000,114.000,30.165000,1.615000,126.890919,3630,325,0,132,260,2164,11,0
40.834433,4.684000,114.000,30.165000,1.615000,126.891384,3630,325,0,132,260,2164,11,0
40.839182,4.749000,114.000,30.165000,1.615000,126.891865,3630,325,0,132,260,2164,11,0
40.856623,17.441000,114.000,30.165000,1.615000,126.894012,3633,325,0,132,260,2164,11,0
40.862103,5.480000,118.000,22.755000,1.811000,126.894493,3633,325,0,132,260,2164,11,0
40.867165,5.062000,118.000,22.755000,1.811000,126.894989,3633,325,0,132,260,2164,11,0
40.878773,11.608000,118.000,22.755000,1.811000,126.895470,3633,325,0,131,260,2164,11,0
40.888067,9.294000,118.000,22.755000,1.811000,126.897552,3636,325,0,130,255,2154,11,0
40.891885,3.818000,118.000,22.755000,1.811000,126.893623,3634,325,0,130,255,2154,11,0
40.904693,12.808000,118.000,22.755000,1.811000,126.894711,3634,325,0,130,255,2154,11,1
40.912173,7.480000,118.000,22.755000,1.811000,126.888325,3634,325,0,131,255,2154,11,1
40.917366,5.193000,118.000,22.755000,1.811000,126.889050,3634,325,0,131,255,2154,11,1
40.928574,11.208000,118.000,22.755000,1.811000,126.889530,3634,325,0,129,255,2154,11,1
40.933842,5.268000,118.000,22.755000,1.811000,126.891171,3640,324,0,129,255,2154,11,0
40.945582,11.740000,118.000,22.755000,1.811000,126.888393,3635,324,0,130,255,2154,11,0
40.950304,4.722000,118.000,22.755000,1.811000,126.887234,3632,324,0,130,255,2154,11,0
40.962081,11.777000,118.000,22.755000,1.811000,126.887714,3632,324,0,132,255,2154,11,0
40.975079,12.998000,118.000,22.755000,1.811000,126.894215,3642,324,0,132,255,2154,11,0
40.978963,3.884000,118.000,22.755000,1.811000,126.894695,3642,324,0,130,255,2154,11,0
40.983933,4.970000,118.000,22.755000,1.811000,126.896820,3645,324,0,130,255,2154,11,0
40.989968,6.035000,118.000,22.755000,1.811000,126.897301,3645,324,0,132,255,2154,11,0
41.004786,14.818000,118.000,22.755000,1.811000,126.897762,3645,324,0,132,255,2154,11,0
41.012251,7.465000,118.000,22.755000,1.811000,126.898243,3645,324,0,130,255,2154,11,0
41.017198,4.947000,118.000,22.755000,1.811000,126.895458,3639,324,0,130,255,2154,11,0
41.044639,27.441000,118.000,22.755000,1.811000,126.998158,3696,333,0,173,335,2314,11,0
41.047091,2.452000,118.000,22.755000,1.811000,126.983074,3696,333,0,141,299,2242,11,0
41.063008,15.917000,118.000,22.755000,1.811000,126.981915,3693,333,0,141,299,2242,11,0
41.068246,5.238000,118.000,22.755000,1.811000,126.987106,3693,333,0,151,309,2262,11,0
41.074579,6.333000,118.000,22.755000,1.811000,126.968914,3668,333,0,141,299,2242,11,0
41.086895,12.316000,118.000,22.755000,1.811000,126.967754,3665,333,0,141,299,2242,11,0
41.098690,11.795000,118.000,22.755000,1.811000,126.968235,3665,333,0,141,299,2242,11,0
41.102839,4.149000,118.000,22.755000,1.811000,126.968670,3665,333,0,140,298,2240,11,0
41.109446,6.607000,118.000,22.755000,1.811000,126.969151,3665,333,0,140,298,2240,11,0
41.114183,4.737000,118.000,22.755000,1.811000,126.967991,3662,333,0,140,298,2240,11,0
41.129719,15.536000,118.000,22.755000,1.811000,126.968472,3662,333,0,140,298,2240,11,0
41.134755,5.036000,118.000,22.755000,1.811000,126.968952,3662,333,0,140,298,2240,11,0
41.138460,3.705000,118.000,22.755000,1.811000,126.969433,3662,333,0,140,298,2240,11,0
41.154793,16.333000,118.000,22.755000,1.811000,126.971519,3665,333,0,140,298,2240,11,0
41.162611,7.818000,118.000,22.755000,1.811000,126.972000,3665,333,0,140,298,2240,11,0
41.167178,4.567000,118.000,22.755000,1.811000,126.969978,3661,333,0,137,262,2168,11,0
41.178797,11.619000,118.000,22.755000,1.811000,126.970406,3661,333,0,137,262,2168,11,0
41.183723,4.926000,118.000,22.755000,1.811000,126.966476,3659,333,0,137,262,2168,11,0
41.195144,11.421000,118.000,22.755000,1.811000,126.935574,3659,333,0,137,262,2168,11,0
41.199268,4.124000,118.000,22.755000,1.811000,126.925186,3654,330,0,136,261,2166,11,0
41.212066,12.798000,118.000,22.755000,1.811000,126.921974,3648,330,0,138,261,2166,11,0
41.217353,5.287000,118.000,22.755000,1.811000,126.935966,3655,334,0,138,261,2166,11,0
41.222491,5.138000,118.000,22.755000,1.811000,126.937134,3655,334,0,139,263,2170,11,0
41.238060,15.569000,118.000,22.755000,1.811000,126.938858,3655,334,0,139,263,2170,11,2
41.263919,25.859000,118.000,22.755000,1.811000,126.939774,3655,334,0,138,263,2170,11,2
41.267464,3.545000,118.000,22.755000,1.811000,126.936752,3649,334,0,138,262,2168,11,2
41.280164,12.700000,118.000,22.755000,1.811000,126.938862,3661,332,0,138,262,2168,11,0
41.285215,5.051000,118.000,22.755000,1.811000,126.932873,3651,332,0,137,260,2164,11,0
41.289698,4.483000,118.000,22.755000,1.811000,126.922905,3647,328,0,136,259,2162,11,0
41.305324,15.626000,118.000,22.755000,1.811000,126.919037,3640,328,0,136,259,2162,11,0
41.313273,7.949000,118.000,22.755000,1.811000,126.919487,3640,328,0,134,257,2158,11,0
41.316851,3.578000,118.000,22.755000,1.811000,126.919968,3640,328,0,133,257,2158,11,0
41.330686,13.835000,118.000,22.755000,1.811000,126.920364,3640,328,0,132,256,2156,11,0
41.334615,3.929000,118.000,22.755000,1.811000,126.905312,3631,323,0,131,255,2154,11,0
41.339537,4.922000,118.000,22.755000,1.811000,126.899429,3621,323,0,131,255,2154,11,0
41.355289,15.752000,118.000,22.755000,1.811000,126.916061,3623,323,0,144,270,2184,11,0
41.359167,3.878000,118.000,22.755000,1.811000,126.916542,3623,323,0,144,270,2184,11,0
41.365820,6.653000,118.000,22.755000,1.811000,126.912067,3623,323,0,134,260,2164,11,0
41.378768,12.948000,118.000,22.755000,1.811000,126.912502,3623,323,0,134,260,2164,11,0
41.383952,5.184000,118.000,22.755000,1.811000,126.911358,3620,323,0,134,260,2164,11,0
41.395072,11.120000,118.000,22.755000,1.811000,126.911839,3620,323,0,134,260,2164,11,0
41.399450,4.378000,118.000,22.755000,1.811000,126.912304,3620,323,0,134,260,2164,11,0
41.411878,12.428000,118.000,22.755000,1.811000,126.912739,3620,323,0,134,260,2164,11,0
41.416389,4.511000,118.000,22.755000,1.811000,126.914890,3623,323,0,134,260,2164,11,0
41.428798,12.409000,118.000,22.755000,1.811000,126.915371,3623,323,0,134,260,2164,11,0
41.432946,4.148000,118.000,22.755000,1.811000,126.915867,3623,323,0,132,258,2160,11,0
41.445518,12.572000,118.000,22.755000,1.811000,126.916348,3623,323,0,132,258,2160,11,0
41.450817,5.299000,118.000,22.755000,1.811000,126.916813,3623,323,0,132,258,2160,11,0
41.455682,4.865000,118.000,22.755000,1.811000,126.917294,3623,323,0,132,258,2160,11,0
41.471568,15.886000,118.000,22.755000,1.811000,126.917774,3623,323,0,132,258,2160,11,0
41.478494,6.926000,118.000,22.755000,1.811000,126.918255,3623,323,0,132,258,2160,11,0
41.483643,5.149000,118.000,22.755000,1.811000,126.923664,3632,323,0,132,258,2160,11,0
41.495595,11.952000,118.000,22.755000,1.811000,126.919735,3630,323,0,131,253,2150,11,0
41.500473,4.878000,118.000,22.755000,1.811000,126.920155,3630,323,0,131,253,2150,11,0
41.506221,5.748000,118.000,22.755000,1.811000,126.913769,3630,323,0,131,253,2150,11,0
41.521251,15.030000,118.000,22.755000,1.811000,126.915909,3633,323,0,131,253,2150,11,0
41.524531,3.280000,118.000,22.755000,1.811000,126.916389,3633,323,0,129,253,2150,11,0
41.537784,13.253000,118.000,22.755000,1.811000,126.895504,3623,317,0,127,251,2146,11,0
41.545109,7.325000,118.000,22.755000,1.811000,126.888599,3611,317,0,126,251,2146,11,0
41.549362,4.253000,118.000,22.755000,1.811000,126.890724,3614,317,0,126,251,2146,11,0
41.562066,12.704000,118.000,22.755000,1.811000,126.891205,3614,317,0,128,251,2146,11,0
41.566976,4.910000,118.000,22.755000,1.811000,126.891666,3614,317,0,128,251,2146,11,0
41.579448,12.472000,118.000,22.755000,1.811000,126.898151,3624,317,0,127,251,2146,11,0
41.584491,5.043000,118.000,22.755000,1.811000,126.902061,3630,317,0,127,251,2146,11,0
41.589077,4.586000,118.000,22.755000,1.811000,126.902542,3630,317,0,127,251,2146,11,0
41.605040,15.963000,118.000,22.755000,1.811000,126.902981,3630,317,0,127,251,2146,11,0
41.612369,7.329000,118.000,22.755000,1.811000,126.903416,3630,317,0,128,251,2146,11,0
41.618381,6.012000,118.000,22.755000,1.811000,126.903896,3630,317,0,129,251,2146,11,0
41.623593,5.212000,118.000,22.755000,1.811000,126.904377,3630,317,0,128,251,2146,11,0
41.651408,27.815000,118.000,22.755000,1.811000,127.006939,3687,326,0,169,331,2306,11,0
41.662575,11.167000,118.000,22.755000,1.811000,126.991856,3687,326,0,137,295,2234,11,0
41.665451,2.876000,118.000,22.755000,1.811000,126.990696,3684,326,0,137,295,2234,11,0
41.679362,13.911000,118.000,22.755000,1.811000,126.995888,3684,326,0,147,305,2254,11,0
41.683087,3.725000,118.000,22.755000,1.811000,126.982559,3659,326,0,137,295,2234,11,0
41.696425,13.338000,118.000,22.755000,1.811000,126.979847,3662,326,0,137,295,2234,11,0
41.700099,3.674000,118.000,22.755000,1.811000,126.980328,3662,326,0,138,295,2234,11,0
41.712966,12.867000,118.000,22.755000,1.811000,126.980808,3662,326,0,138,295,2234,11,0
41.717125,4.159000,118.000,22.755000,1.811000,126.976368,3653,326,0,138,295,2234,11,0
41.730796,13.671000,118.000,22.755000,1.811000,126.976849,3653,326,0,138,295,2234,11,0
41.747017,16.221000,118.000,22.755000,1.811000,126.977329,3653,326,0,138,295,2234,11,0
41.751288,4.271000,118.000,22.755000,1.811000,126.977810,3653,326,0,138,295,2234,11,0
41.757752,6.464000,118.000,22.755000,1.811000,126.976650,3650,326,0,138,295,2234,11,0
41.770499,12.747000,118.000,22.755000,1.811000,126.977131,3650,326,0,138,295,2234,11,0
41.779543,9.044000,118.000,22.755000,1.811000,126.975109,3646,326,0,138,295,2234,11,0
41.783477,3.934000,118.000,22.755000,1.811000,126.975536,3646,326,0,136,259,2162,11,0
41.791081,7.604000,118.000,22.755000,1.811000,126.969967,3641,326,0,136,259,2162,11,0
41.803777,12.696000,118.000,22.755000,1.811000,126.939064,3641,326,0,136,259,2162,11,0
41.813355,9.578000,118.000,22.755000,1.811000,126.959499,3660,330,0,136,259,2162,11,0
41.817790,4.435000,118.000,22.755000,1.811000,126.960373,3660,330,0,139,261,2166,11,0
41.822275,4.485000,118.000,22.755000,1.811000,126.957527,3654,330,0,139,261,2166,11,0
41.837764,15.489000,118.000,22.755000,1.811000,126.957989,3654,330,0,139,261,2166,11,0
41.845368,7.604000,118.000,22.755000,1.811000,126.958469,3654,330,0,137,261,2166,11,0
41.849514,4.146000,112.000,27.350000,8.949000,126.960472,3657,330,0,137,261,2166,11,0
41.862051,12.537000,112.000,27.350000,8.949000,126.957451,3651,330,0,137,261,2166,11,0
41.867148,5.097000,112.000,27.350000,8.949000,126.957897,3651,330,0,136,260,2164,11,0
41.880549,13.401000,112.000,27.350000,8.949000,126.958378,3651,330,0,136,260,2164,11,0
41.896135,15.586000,112.000,27.350000,8.949000,126.958874,3651,330,0,134,258,2160,11,0
41.900437,4.302000,112.000,27.350000,8.949000,126.948910,3647,326,0,135,257,2158,11,0
41.912049,11.612000,112.000,27.350000,8.949000,126.945042,3640,326,0,133,257,2158,11,0
41.916766,4.717000,112.000,27.350000,8.949000,126.945507,3640,326,0,131,255,2154,11,0
41.928678,11.912000,112.000,27.350000,8.949000,126.944347,3637,326,0,133,255,2154,11,0
41.933727,5.049000,112.000,27.350000,8.949000,126.944744,3637,326,0,132,254,2152,11,0
41.945188,11.461000,112.000,27.350000,8.949000,126.929691,3628,321,0,130,253,2150,11,0
41.949972,4.784000,112.000,27.350000,8.949000,126.923840,3618,321,0,131,253,2150,11,0
41.956641,6.669000,112.000,27.350000,8.949000,126.940479,3620,321,0,142,268,2180,11,0
41.971387,14.746000,112.000,27.350000,8.949000,126.936081,3620,321,0,132,258,2160,11,0
41.978582,7.195000,112.000,27.350000,8.949000,126.936562,3620,321,0,132,258,2160,11,0
41.983229,4.647000,112.000,27.350000,8.949000,126.937042,3620,321,0,132,258,2160,11,0
41.996417,13.188000,112.000,27.350000,8.949000,126.938145,3620,321,0,132,258,2160,11,1
41.999801,3.384000,112.000,27.350000,8.949000,126.938625,3620,321,0,132,258,2160,11,1
42.013263,13.462000,112.000,27.350000,8.949000,126.939400,3620,321,0,132,258,2160,11,1
42.016934,3.671000,112.000,27.350000,8.949000,126.939880,3620,321,0,132,258,2160,11,1
42.029859,12.925000,112.000,27.350000,8.949000,126.941006,3626,320,0,132,258,2160,11,0
42.033536,3.677000,112.000,27.350000,8.949000,126.938229,3621,320,0,133,258,2160,11,0
42.046174,12.638000,112.000,27.350000,8.949000,126.938725,3621,320,0,133,258,2160,11,0
42.049746,3.572000,112.000,27.350000,8.949000,126.939205,3621,320,0,133,258,2160,11,0
42.063066,13.320000,112.000,27.350000,8.949000,126.939671,3621,320,0,133,258,2160,11,0
42.066656,3.590000,112.000,27.350000,8.949000,126.940151,3621,320,0,133,258,2160,11,0
42.080003,13.347000,112.000,27.350000,8.949000,126.938992,3618,320,0,133,258,2160,11,0
42.084850,4.847000,112.000,27.350000,8.949000,126.939472,3618,320,0,133,258,2160,11,0
42.088922,4.072000,112.000,27.350000,8.949000,126.939907,3618,320,0,133,258,2160,11,0
42.104823,15.901000,112.000,27.350000,8.949000,126.940350,3618,320,0,132,253,2150,11,0
42.108599,3.776000,112.000,27.350000,8.949000,126.936420,3616,320,0,132,253,2150,11,0
42.115552,6.953000,112.000,27.350000,8.949000,126.938557,3619,320,0,132,253,2150,11,0
42.128596,13.044000,112.000,27.350000,8.949000,126.932171,3619,320,0,132,253,2150,11,0
42.133403,4.807000,112.000,27.350000,8.949000,126.932655,3619,320,0,132,253,2150,11,0
42.145085,11.682000,112.000,27.350000,8.949000,126.933136,3619,320,0,130,253,2150,11,0
42.149266,4.181000,112.000,27.350000,8.949000,126.933617,3619,320,0,130,253,2150,11,0
42.162094,12.828000,112.000,27.350000,8.949000,126.934097,3619,320,0,129,253,2150,11,0
42.166978,4.884000,112.000,27.350000,8.949000,126.934608,3619,320,0,129,253,2150,11,0
42.178520,11.542000,112.000,27.350000,8.949000,126.935089,3619,320,0,130,253,2150,11,0
42.183715,5.195000,112.000,27.350000,8.949000,126.944820,3635,320,0,130,253,2150,11,0
42.195058,11.343000,112.000,27.350000,8.949000,126.945301,3635,320,0,132,253,2150,11,0
42.198548,3.490000,112.000,27.350000,8.949000,126.945782,3635,320,0,131,252,2148,11,0
42.213114,14.566000,112.000,27.350000,8.949000,126.946236,3635,320,0,131,252,2148,11,0
42.216827,3.713000,112.000,27.350000,8.949000,126.946716,3635,320,0,131,252,2148,11,0
42.230192,13.365000,112.000,27.350000,8.949000,126.948860,3638,320,0,131,252,2148,11,0
42.233780,3.588000,112.000,27.350000,8.949000,126.949341,3638,320,0,131,252,2148,11,0
42.265724,31.944000,112.000,27.350000,8.949000,127.053566,3698,329,0,172,332,2308,11,0
42.279993,14.269000,112.000,27.350000,8.949000,127.040405,3698,329,0,140,296,2236,11,0
42.286667,6.674000,112.000,27.350000,8.949000,127.047237,3701,329,0,140,296,2236,11,0
42.289186,2.519000,112.000,27.350000,8.949000,127.018646,3671,326,0,139,295,2234,11,0
42.304700,15.514000,112.000,27.350000,8.949000,127.015388,3665,326,0,139,295,2234,11,0
42.313266,8.566000,112.000,27.350000,8.949000,127.030952,3675,330,0,139,295,2234,11,0
42.317370,4.104000,112.000,27.350000,8.949000,127.032120,3675,330,0,140,297,2238,11,0
42.322841,5.471000,112.000,27.350000,8.949000,127.032555,3675,330,0,140,297,2238,11,0
42.337693,14.852000,112.000,27.350000,8.949000,127.033031,3675,330,0,140,297,2238,11,0
42.345659,7.966000,112.000,27.350000,8.949000,127.033512,3675,330,0,140,297,2238,11,0
42.350884,5.225000,112.000,27.350000,8.949000,127.032352,3672,330,0,140,297,2238,11,0
42.356796,5.912000,112.000,27.350000,8.949000,127.032833,3672,330,0,140,297,2238,11,0
42.371866,15.070000,112.000,27.350000,8.949000,127.033314,3672,330,0,140,297,2238,11,0
42.375761,3.895000,112.000,27.350000,8.949000,127.031292,3668,330,0,138,261,2166,11,0
42.381726,5.965000,112.000,27.350000,8.949000,127.035343,3674,330,0,138,261,2166,11,0
42.395200,13.474000,112.000,27.350000,8.949000,127.030155,3665,330,0,138,261,2166,11,0
42.400184,4.984000,112.000,27.350000,8.949000,126.994755,3663,330,0,138,261,2166,11,0
42.406195,6.011000,112.000,27.350000,8.949000,126.991955,3657,330,0,139,261,2166,11,0
42.421360,15.165000,112.000,27.350000,8.949000,126.992435,3657,330,0,139,261,2166,11,0
42.428705,7.345000,112.000,27.350000,8.949000,126.992870,3657,330,0,139,261,2166,11,0
42.433681,4.976000,112.000,27.350000,8.949000,126.993366,3657,330,0,139,261,2166,11,0
42.445314,11.633000,112.000,27.350000,8.949000,126.993847,3657,330,0,139,261,2166,11,0
42.449049,3.735000,112.000,27.350000,8.949000,126.992687,3654,330,0,139,261,2166,11,0
42.463581,14.532000,112.000,27.350000,8.949000,126.993076,3654,330,0,139,261,2166,11,0
42.467437,3.856000,112.000,27.350000,8.949000,126.990055,3648,330,0,139,261,2166,11,0
42.475443,8.006000,112.000,27.350000,8.949000,126.988911,3645,330,0,138,260,2164,11,0
42.486992,11.549000,112.000,27.350000,8.949000,126.989391,3645,330,0,136,260,2164,11,0
42.496618,9.626000,112.000,27.350000,8.949000,126.989857,3645,330,0,134,258,2160,11,0
42.500143,3.525000,112.000,27.350000,8.949000,126.990337,3645,330,0,135,258,2160,11,0
42.513312,13.169000,112.000,27.350000,8.949000,126.980358,3641,326,0,134,257,2158,11,0
42.516930,3.618000,112.000,27.350000,8.949000,126.976490,3634,326,0,133,257,2158,11,0
42.529873,12.943000,112.000,27.350000,8.949000,126.975285,3631,326,0,131,255,2154,11,0
42.533438,3.565000,112.000,27.350000,8.949000,126.975681,3631,326,0,131,254,2152,11,0
42.548035,14.597000,112.000,27.350000,8.949000,126.974308,3628,326,0,130,253,2150,11,0
42.563501,15.466000,112.000,27.350000,8.949000,126.962711,3625,321,0,129,253,2150,11,0
42.567191,3.690000,112.000,27.350000,8.949000,126.956875,3615,321,0,130,253,2150,11,0
42.574799,7.608000,112.000,27.350000,8.949000,126.975166,3620,321,0,142,268,2180,11,0
42.586915,12.116000,112.000,27.350000,8.949000,126.983383,3630,322,0,132,258,2160,11,0
42.596579,9.664000,112.000,27.350000,8.949000,126.977097,3627,322,0,133,259,2162,11,0
42.601521,4.942000,112.000,27.350000,8.949000,126.977577,3627,322,0,133,259,2162,11,0
42.608649,7.128000,112.000,27.350000,8.949000,126.978043,3627,322,0,133,259,2162,11,0
42.620342,11.693000,112.000,27.350000,8.949000,126.978523,3627,322,0,133,259,2162,11,0
42.629921,9.579000,112.000,27.350000,8.949000,126.977364,3624,322,0,133,259,2162,11,0
42.633475,3.554000,112.000,27.350000,8.949000,126.977844,3624,322,0,133,259,2162,11,0
42.646518,13.043000,112.000,27.350000,8.949000,126.978340,3624,322,0,133,259,2162,11,0
42.651297,4.779000,112.000,27.350000,8.949000,126.978806,3624,322,0,133,259,2162,11,0
42.657041,5.744000,112.000,27.350000,8.949000,126.979286,3624,322,0,133,259,2162,11,0
42.671083,14.042000,112.000,27.350000,8.949000,126.981518,3627,322,0,133,259,2162,11,0
42.679316,8.233000,112.000,27.350000,8.949000,126.981998,3627,322,0,133,259,2162,11,0
42.683418,4.102000,112.000,27.350000,8.949000,126.982475,3627,322,0,133,259,2162,11,0
42.695180,11.762000,112.000,27.350000,8.949000,126.982956,3627,322,0,133,259,2162,11,0
42.699195,4.015000,112.000,27.350000,8.949000,126.983376,3627,322,0,133,259,2162,11,0
42.713864,14.669000,112.000,27.350000,8.949000,126.983803,3627,322,0,132,254,2152,11,0
42.730017,16.153000,112.000,27.350000,8.949000,126.979889,3625,322,0,132,254,2152,11,0
42.733731,3.714000,112.000,27.350000,8.949000,126.980370,3625,322,0,132,254,2152,11,0
42.746187,12.456000,112.000,27.350000,8.949000,126.974003,3625,322,0,132,254,2152,11,0
42.750134,3.947000,112.000,27.350000,8.949000,126.974499,3625,322,0,132,254,2152,11,0
42.762308,12.174000,112.000,27.350000,8.949000,126.974979,3625,322,0,132,254,2152,11,0
42.767260,4.952000,112.000,27.350000,8.949000,126.975475,3625,322,0,131,253,2150,11,0
42.779713,12.453000,112.000,27.350000,8.949000,126.975910,3625,322,0,130,253,2150,11,0
42.784785,5.072000,112.000,27.350000,8.949000,126.974720,3622,322,0,130,253,2150,11,0
42.788531,3.746000,112.000,27.350000,8.949000,126.981205,3632,322,0,129,253,2150,11,0
42.805239,16.708000,112.000,27.350000,8.949000,126.980045,3629,322,0,129,253,2150,11,0
42.808931,3.692000,112.000,27.350000,8.949000,126.980526,3629,322,0,129,253,2150,11,0
42.821573,12.642000,112.000,27.350000,8.949000,126.982666,3632,322,0,129,253,2150,11,0
42.828636,7.063000,112.000,27.350000,8.949000,126.983147,3632,322,0,130,253,2150,11,0
42.833476,4.840000,112.000,27.350000,8.949000,126.983593,3632,322,0,130,253,2150,11,0
42.867614,34.138000,112.000,27.350000,8.949000,127.086338,3689,331,0,172,335,2314,11,0
42.872497,4.883000,114.000,33.108000,2.734000,127.071255,3689,331,0,140,299,2242,11,0
42.887557,15.060000,114.000,33.108000,2.734000,127.071735,3689,331,0,140,299,2242,11,0
42.897138,9.581000,114.000,33.108000,2.734000,127.080154,3695,331,0,150,309,2262,11,0
42.903331,6.193000,114.000,33.108000,2.734000,127.066826,3670,331,0,150,309,2262,11,0
42.912902,9.571000,114.000,33.108000,2.734000,127.065666,3667,331,0,140,299,2242,11,0
42.916874,3.972000,114.000,33.108000,2.734000,127.061283,3667,331,0,140,299,2242,11,0
42.929671,12.797000,114.000,33.108000,2.734000,127.063416,3670,331,0,140,299,2242,11,0
42.934369,4.698000,114.000,33.108000,2.734000,127.063896,3670,331,0,140,299,2242,11,0
42.938998,4.629000,114.000,33.108000,2.734000,127.064377,3670,331,0,139,298,2240,11,0
42.955285,16.287000,114.000,33.108000,2.734000,127.063339,3668,331,0,139,298,2240,11,0
42.962044,6.759000,114.000,33.108000,2.734000,127.063820,3668,331,0,139,298,2240,11,0
42.967375,5.331000,114.000,33.108000,2.734000,127.064301,3668,331,0,139,298,2240,11,0
42.972854,5.479000,114.000,33.108000,2.734000,127.062279,3664,331,0,139,298,2240,11,0
42.988174,15.320000,114.000,33.108000,2.734000,127.064373,3667,331,0,137,262,2168,11,0
42.996484,8.310000,114.000,33.108000,2.734000,127.060444,3665,331,0,137,262,2168,11,0
43.000503,4.019000,114.000,33.108000,2.734000,127.029541,3665,331,0,137,262,2168,11,0
43.006392,5.889000,114.000,33.108000,2.734000,127.030022,3665,331,0,137,262,2168,11,0
43.021265,14.873000,114.000,33.108000,2.734000,127.030499,3665,331,0,137,262,2168,11,0
43.029156,7.891000,114.000,33.108000,2.734000,127.030979,3665,331,0,138,262,2168,11,0
43.034141,4.985000,114.000,33.108000,2.734000,127.031475,3665,331,0,138,262,2168,11,0
43.045325,11.184000,114.000,33.108000,2.734000,127.030315,3662,331,0,138,262,2168,11,0
43.050366,5.041000,114.000,33.108000,2.734000,127.030769,3662,331,0,138,262,2168,11,0
43.062188,11.822000,114.000,33.108000,2.734000,127.031113,3662,331,0,137,262,2168,11,0
43.067117,4.929000,114.000,33.108000,2.734000,127.028091,3656,331,0,137,262,2168,11,0
43.078732,11.615000,114.000,33.108000,2.734000,127.028572,3656,331,0,136,261,2166,11,0
43.084339,5.607000,114.000,33.108000,2.734000,127.030727,3659,331,0,135,260,2164,11,0
43.089371,5.032000,114.000,33.108000,2.734000,127.031208,3659,331,0,134,259,2162,11,0
43.105909,16.538000,114.000,33.108000,2.734000,127.021801,3655,327,0,133,258,2160,11,1
43.109730,3.821000,114.000,33.108000,2.734000,127.017933,3648,327,0,133,258,2160,11,1
43.114487,4.757000,114.000,33.108000,2.734000,127.015087,3642,327,0,133,258,2160,11,1
43.129810,15.323000,114.000,33.108000,2.734000,127.015877,3642,327,0,131,256,2156,11,1
43.133444,3.634000,114.000,33.108000,2.734000,127.016312,3642,327,0,130,256,2156,11,1
43.146667,13.223000,114.000,33.108000,2.734000,127.017368,3648,326,0,130,255,2154,11,0
43.150264,3.597000,114.000,33.108000,2.734000,126.999058,3634,321,0,130,254,2152,11,0
43.157639,7.375000,114.000,33.108000,2.734000,126.991520,3621,321,0,130,254,2152,11,0
43.170259,12.620000,114.000,33.108000,2.734000,126.992001,3621,321,0,131,254,2152,11,0
43.180935,10.676000,114.000,33.108000,2.734000,127.008644,3623,321,0,142,269,2182,11,0
43.185048,4.113000,114.000,33.108000,2.734000,127.009125,3623,321,0,141,269,2182,11,0
43.189414,4.366000,114.000,33.108000,2.734000,127.007965,3620,321,0,131,259,2162,11,0
43.203798,14.384000,114.000,33.108000,2.734000,127.003582,3620,321,0,132,259,2162,11,0
43.208680,4.882000,114.000,33.108000,2.734000,127.004063,3620,321,0,132,259,2162,11,0
43.220423,11.743000,114.000,33.108000,2.734000,127.004498,3620,321,0,132,259,2162,11,0
43.229756,9.333000,114.000,33.108000,2.734000,127.003338,3617,321,0,132,259,2162,11,0
43.233477,3.721000,114.000,33.108000,2.734000,127.003819,3617,321,0,132,259,2162,11,0
43.245933,12.456000,114.000,33.108000,2.734000,127.004314,3617,321,0,132,259,2162,11,0
43.249274,3.341000,114.000,33.108000,2.734000,127.004795,3617,321,0,132,259,2162,11,0
43.263318,14.044000,114.000,33.108000,2.734000,127.006908,3620,321,0,132,259,2162,11,0
43.266971,3.653000,114.000,33.108000,2.734000,127.007389,3620,321,0,131,259,2162,11,0
43.274075,7.104000,114.000,33.108000,2.734000,127.007870,3620,321,0,131,259,2162,11,0
43.286612,12.537000,114.000,33.108000,2.734000,127.008350,3620,321,0,131,259,2162,11,0
43.296215,9.603000,114.000,33.108000,2.734000,127.008846,3620,321,0,131,259,2162,11,0
43.299244,3.029000,114.000,33.108000,2.734000,127.009327,3620,321,0,131,259,2162,11,0
43.313042,13.798000,114.000,33.108000,2.734000,127.009792,3620,321,0,130,258,2160,11,0
43.316747,3.705000,114.000,33.108000,2.734000,127.010220,3620,321,0,130,253,2150,11,0
43.329705,12.958000,114.000,33.108000,2.734000,127.004742,3615,321,0,130,253,2150,11,0
43.333306,3.601000,114.000,33.108000,2.734000,127.004250,3615,321,0,128,251,2146,11,0
43.346209,12.903000,114.000,33.108000,2.734000,126.997902,3615,321,0,128,251,2146,11,0
43.349215,3.006000,114.000,33.108000,2.734000,126.998383,3615,321,0,127,251,2146,11,0
43.363071,13.856000,114.000,33.108000,2.734000,126.998863,3615,321,0,127,251,2146,11,0
43.366593,3.522000,114.000,33.108000,2.734000,126.999344,3615,321,0,127,251,2146,11,0
43.380019,13.426000,114.000,33.108000,2.734000,126.999809,3615,321,0,127,251,2146,11,0
43.383471,3.452000,114.000,33.108000,2.734000,127.000290,3615,321,0,126,251,2146,11,0
43.396099,12.628000,114.000,33.108000,2.734000,127.000771,3615,321,0,126,251,2146,11,0
43.399353,3.254000,114.000,33.108000,2.734000,127.007256,3625,321,0,126,251,2146,11,0
43.413796,14.443000,114.000,33.108000,2.734000,126.997276,3620,318,0,125,250,2144,11,0
43.417297,3.501000,114.000,33.108000,2.734000,126.994064,3614,318,0,124,250,2144,11,0
43.429918,12.621000,114.000,33.108000,2.734000,127.009697,3624,322,0,124,250,2144,11,0
43.433523,3.605000,114.000,33.108000,2.734000,127.010864,3624,322,0,126,252,2148,11,0
43.445963,12.440000,114.000,33.108000,2.734000,127.011341,3624,322,0,126,252,2148,11,0
43.448963,3.000000,114.000,33.108000,2.734000,127.011822,3624,322,0,127,252,2148,11,0
43.479406,30.443000,114.000,33.108000,2.734000,126.988380,3631,291,0,171,334,2312,11,0
43.482644,3.238000,114.000,33.108000,2.734000,126.942104,3581,291,0,131,278,2200,11,0
43.495140,12.496000,114.000,33.108000,2.734000,126.945457,3578,291,0,141,288,2220,11,0
43.497373,2.233000,114.000,33.108000,2.734000,126.927219,3553,291,0,131,278,2200,11,0
43.513257,15.884000,114.000,33.108000,2.734000,126.929371,3556,291,0,131,278,2200,11,0
43.517251,3.994000,114.000,33.108000,2.734000,126.929852,3556,291,0,131,278,2200,11,0
43.522825,5.574000,114.000,33.108000,2.734000,126.930332,3556,291,0,131,278,2200,11,0
43.537649,14.824000,114.000,33.108000,2.734000,126.930813,3556,291,0,131,278,2200,11,0
43.545117,7.468000,114.000,33.108000,2.734000,126.931293,3556,291,0,131,278,2200,11,0
43.549763,4.646000,114.000,33.108000,2.734000,126.931774,3556,291,0,131,278,2200,11,0
43.563144,13.381000,114.000,33.108000,2.734000,126.932255,3556,291,0,131,278,2200,11,0
43.579558,16.414000,114.000,33.108000,2.734000,126.932735,3556,291,0,131,278,2200,11,0
43.584088,4.530000,114.000,33.108000,2.734000,126.933216,3556,291,0,131,278,2200,11,0
43.590360,6.272000,114.000,33.108000,2.734000,126.934513,3558,291,0,131,278,2200,11,0
43.604428,14.068000,114.000,33.108000,2.734000,126.934895,3558,291,0,130,242,2128,11,0
43.612906,8.478000,114.000,33.108000,2.734000,126.930965,3556,291,0,130,242,2128,11,0
43.616692,3.786000,114.000,33.108000,2.734000,126.931446,3556,291,0,130,242,2128,11,0
43.629836,13.144000,114.000,33.108000,2.734000,126.902191,3559,291,0,130,242,2128,11,0
43.633456,3.620000,114.000,33.108000,2.734000,126.902672,3559,291,0,130,242,2128,11,0
43.646308,12.852000,114.000,33.108000,2.734000,126.903152,3559,291,0,130,242,2128,11,0
43.649763,3.455000,114.000,33.108000,2.734000,126.903633,3559,291,0,130,242,2128,11,0
43.663780,14.017000,114.000,33.108000,2.734000,126.907455,3565,291,0,130,242,2128,11,0
43.667626,3.846000,114.000,33.108000,2.734000,126.907890,3565,291,0,130,242,2128,11,0
43.674049,6.423000,114.000,33.108000,2.734000,126.908173,3565,291,0,130,242,2128,11,0
43.686635,12.586000,114.000,33.108000,2.734000,126.905151,3559,291,0,128,242,2128,11,0
43.696251,9.616000,114.000,33.108000,2.734000,126.907291,3562,291,0,127,241,2126,11,0
43.700897,4.646000,114.000,33.108000,2.734000,126.907772,3562,291,0,128,241,2126,11,0
43.707934,7.037000,114.000,33.108000,2.734000,126.908249,3562,291,0,126,239,2122,11,0
43.720333,12.399000,114.000,33.108000,2.734000,126.908730,3562,291,0,124,238,2120,11,0
43.729981,9.648000,114.000,33.108000,2.734000,126.898735,3558,287,0,124,238,2120,11,0
43.733455,3.474000,114.000,33.108000,2.734000,126.894867,3551,287,0,125,238,2120,11,0
43.747361,13.906000,114.000,33.108000,2.734000,126.895348,3551,287,0,123,236,2116,11,0
43.750339,2.978000,114.000,33.108000,2.734000,126.894104,3548,287,0,121,235,2114,11,0
43.763257,12.918000,114.000,33.108000,2.734000,126.880589,3542,282,0,120,234,2112,11,0
43.766810,3.553000,114.000,33.108000,2.734000,126.874752,3532,282,0,120,234,2112,11,0
43.773634,6.824000,114.000,33.108000,2.734000,126.891346,3534,282,0,132,249,2142,11,0
43.786863,13.229000,114.000,33.108000,2.734000,126.891827,3534,282,0,132,249,2142,11,0
43.796194,9.331000,114.000,33.108000,2.734000,126.893967,3537,282,0,132,249,2142,11,0
43.799387,3.193000,114.000,33.108000,2.734000,126.889584,3537,282,0,123,239,2122,11,0
43.813707,14.320000,114.000,33.108000,2.734000,126.890045,3537,282,0,123,239,2122,11,0
43.829730,16.023000,114.000,33.108000,2.734000,126.890511,3537,282,0,123,239,2122,11,0
43.832960,3.230000,114.000,33.108000,2.734000,126.887665,3531,282,0,122,239,2122,11,0
43.847370,14.410000,114.000,33.108000,2.734000,126.888100,3531,282,0,122,239,2122,11,0
43.850705,3.335000,113.000,29.118000,2.283000,126.888535,3531,282,0,123,239,2122,11,0
43.862581,11.876000,113.000,29.118000,2.283000,126.887375,3528,282,0,123,239,2122,11,0
43.865542,2.961000,113.000,29.118000,2.283000,126.887856,3528,282,0,123,239,2122,11,0
43.880026,14.484000,113.000,29.118000,2.283000,126.888336,3528,282,0,123,239,2122,11,0
43.883020,2.994000,113.000,29.118000,2.283000,126.888817,3528,282,0,123,239,2122,11,0
43.896148,13.128000,113.000,29.118000,2.283000,126.885971,3522,282,0,123,239,2122,11,0
43.899224,3.076000,113.000,29.118000,2.283000,126.886452,3522,282,0,123,239,2122,11,0
43.915756,16.532000,113.000,29.118000,2.283000,126.886879,3522,282,0,123,239,2122,11,0
43.929570,13.814000,113.000,29.118000,2.283000,126.882965,3520,282,0,121,234,2112,11,0
43.932998,3.428000,113.000,29.118000,2.283000,126.881760,3517,282,0,121,234,2112,11,0
43.946434,13.436000,113.000,29.118000,2.283000,126.875374,3517,282,0,121,234,2112,11,0
43.949754,3.320000,113.000,29.118000,2.283000,126.875854,3517,282,0,122,234,2112,11,0
43.965270,15.516000,113.000,29.118000,2.283000,126.877998,3520,282,0,122,234,2112,11,0
43.979932,14.662000,113.000,29.118000,2.283000,126.878410,3520,282,0,119,234,2112,11,0
43.983888,3.956000,113.000,29.118000,2.283000,126.878891,3520,282,0,121,234,2112,11,0
43.996101,12.213000,113.000,29.118000,2.283000,126.877747,3517,282,0,121,234,2112,11,0
43.999125,3.024000,113.000,29.118000,2.283000,126.878227,3517,282,0,121,234,2112,11,0
44.013067,13.942000,113.000,29.118000,2.283000,126.884712,3527,282,0,121,234,2112,11,0
44.016698,3.631000,113.000,29.118000,2.283000,126.885193,3527,282,0,121,234,2112,11,0
44.029608,12.910000,113.000,29.118000,2.283000,126.884033,3524,282,0,121,234,2112,11,0
44.034289,4.681000,113.000,29.118000,2.283000,126.870804,3519,277,0,120,233,2110,11,0
44.045084,10.795000,113.000,29.118000,2.283000,126.865738,3509,277,0,120,233,2110,11,0
44.049944,4.860000,113.000,29.118000,2.283000,126.866234,3509,277,0,120,233,2110,11,0
44.083453,33.509000,113.000,29.118000,2.283000,126.967976,3566,286,0,159,311,2266,11,0
44.096751,13.298000,113.000,29.118000,2.283000,126.951920,3566,286,0,125,273,2190,11,0
44.101397,4.646000,113.000,29.118000,2.283000,126.957111,3566,286,0,135,283,2210,11,0
44.107567,6.170000,113.000,29.118000,2.283000,126.943783,3541,286,0,135,283,2210,11,0
44.121103,13.536000,113.000,29.118000,2.283000,126.944263,3541,286,0,125,273,2190,11,0
44.128669,7.566000,113.000,29.118000,2.283000,126.939880,3541,286,0,125,273,2190,11,0
44.134215,5.546000,113.000,29.118000,2.283000,126.940361,3541,286,0,125,273,2190,11,0
44.138806,4.591000,113.000,29.118000,2.283000,126.940842,3541,286,0,125,273,2190,11,0
44.154299,15.493000,113.000,29.118000,2.283000,126.941322,3541,286,0,125,273,2190,11,0
44.162804,8.505000,113.000,29.118000,2.283000,126.941803,3541,286,0,125,273,2190,11,0
44.166610,3.806000,113.000,29.118000,2.283000,126.942284,3541,286,0,125,273,2190,11,0
44.179615,13.005000,113.000,29.118000,2.283000,126.941170,3538,286,0,125,273,2190,11,0
44.183505,3.890000,113.000,29.118000,2.283000,126.941650,3538,286,0,125,273,2190,11,0
44.197631,14.126000,113.000,29.118000,2.283000,126.940235,3534,286,0,125,273,2190,11,1
44.213139,15.508000,113.000,29.118000,2.283000,126.942642,3537,286,0,123,237,2118,11,1
44.216802,3.663000,113.000,29.118000,2.283000,126.907330,3535,286,0,124,237,2118,11,1
44.230003,13.201000,113.000,29.118000,2.283000,126.907463,3541,285,0,124,237,2118,11,0
44.233649,3.646000,113.000,29.118000,2.283000,126.904686,3536,285,0,125,237,2118,11,0
44.245893,12.244000,113.000,29.118000,2.283000,126.905167,3536,285,0,125,237,2118,11,0
44.248919,3.026000,113.000,29.118000,2.283000,126.905647,3536,285,0,124,237,2118,11,0
44.263259,14.340000,113.000,29.118000,2.283000,126.906155,3536,285,0,124,237,2118,11,0
44.266830,3.571000,113.000,29.118000,2.283000,126.906635,3536,285,0,125,237,2118,11,0
44.279762,12.932000,113.000,29.118000,2.283000,126.910225,3542,285,0,125,237,2118,11,0
44.283635,3.873000,113.000,29.118000,2.283000,126.907204,3536,285,0,124,237,2118,11,0
44.295956,12.321000,113.000,29.118000,2.283000,126.907642,3536,285,0,123,236,2116,11,0
44.298974,3.018000,113.000,29.118000,2.283000,126.908123,3536,285,0,121,234,2112,11,0
44.313017,14.043000,113.000,29.118000,2.283000,126.910267,3539,285,0,121,234,2112,11,0
44.316632,3.615000,113.000,29.118000,2.283000,126.900333,3535,281,0,120,233,2110,11,0
44.330008,13.376000,113.000,29.118000,2.283000,126.896427,3528,281,0,120,233,2110,11,0
44.333794,3.786000,113.000,29.118000,2.283000,126.896908,3528,281,0,118,231,2106,11,0
44.347720,13.926000,113.000,29.118000,2.283000,126.899036,3531,281,0,118,231,2106,11,0
44.361894,14.174000,113.000,29.118000,2.283000,126.899387,3531,281,0,118,230,2104,11,0
44.366047,4.153000,113.000,29.118000,2.283000,126.884281,3522,276,0,117,229,2102,11,0
44.379289,13.242000,113.000,29.118000,2.283000,126.878445,3512,276,0,117,229,2102,11,0
44.385734,6.445000,113.000,29.118000,2.283000,126.896755,3517,276,0,128,244,2132,11,0
44.388837,3.103000,113.000,29.118000,2.283000,126.892372,3517,276,0,117,233,2110,11,0
44.405038,16.201000,113.000,29.118000,2.283000,126.892761,3517,276,0,117,233,2110,11,0
44.412139,7.101000,113.000,29.118000,2.283000,126.893242,3517,276,0,117,233,2110,11,0
44.417875,5.736000,113.000,29.118000,2.283000,126.893723,3517,276,0,117,233,2110,11,0
44.422587,4.712000,113.000,29.118000,2.283000,126.894203,3517,276,0,117,233,2110,11,0
44.437854,15.267000,113.000,29.118000,2.283000,126.914181,3536,280,0,117,233,2110,11,0
44.445148,7.294000,113.000,29.118000,2.283000,126.913445,3533,280,0,119,235,2114,11,0
44.450094,4.946000,113.000,29.118000,2.283000,126.913860,3533,280,0,119,235,2114,11,0
44.461998,11.904000,113.000,29.118000,2.283000,126.914341,3533,280,0,119,235,2114,11,0
44.467655,5.657000,113.000,29.118000,2.283000,127.098717,3653,328,0,119,235,2114,11,0
44.472544,4.889000,113.000,29.118000,2.283000,127.107941,3653,328,0,132,259,2162,11,0
44.488085,15.541000,113.000,29.118000,2.283000,127.110062,3656,328,0,132,259,2162,11,0
44.495200,7.115000,113.000,29.118000,2.283000,127.100143,3651,325,0,131,258,2160,11,0
44.500077,4.877000,113.000,29.118000,2.283000,127.096786,3645,325,0,131,258,2160,11,0
44.511973,11.896000,113.000,29.118000,2.283000,127.093987,3639,325,0,131,258,2160,11,0
44.516980,5.007000,113.000,29.118000,2.283000,127.109737,3649,329,0,131,258,2160,11,0
44.528642,11.662000,113.000,29.118000,2.283000,127.110806,3649,329,0,131,255,2154,11,0
44.533495,4.853000,113.000,29.118000,2.283000,127.106888,3647,329,0,131,255,2154,11,0
44.545288,11.793000,113.000,29.118000,2.283000,127.098862,3644,329,0,131,255,2154,11,0
44.550414,5.126000,113.000,29.118000,2.283000,127.099300,3644,329,0,131,255,2154,11,0
44.556298,5.884000,113.000,29.118000,2.283000,127.099781,3644,329,0,130,255,2154,11,0
44.571487,15.189000,113.000,29.118000,2.283000,127.100262,3644,329,0,130,255,2154,11,0
44.578628,7.141000,113.000,29.118000,2.283000,127.099102,3641,329,0,130,255,2154,11,0
44.584095,5.467000,113.000,29.118000,2.283000,127.099583,3641,329,0,130,255,2154,11,0
44.595265,11.170000,113.000,29.118000,2.283000,127.100063,3641,329,0,129,255,2154,11,0
44.600100,4.835000,113.000,29.118000,2.283000,127.100544,3641,329,0,129,255,2154,11,0
44.611988,11.888000,113.000,29.118000,2.283000,127.106949,3651,329,0,129,255,2154,11,0
44.618352,6.364000,113.000,29.118000,2.283000,127.105789,3648,329,0,129,255,2154,11,0
44.622714,4.362000,113.000,29.118000,2.283000,127.106270,3648,329,0,129,255,2154,11,0
44.637888,15.174000,113.000,29.118000,2.283000,127.106781,3648,329,0,129,255,2154,11,0
44.645138,7.250000,113.000,29.118000,2.283000,127.107262,3648,329,0,129,255,2154,11,0
44.650042,4.904000,113.000,29.118000,2.283000,127.109375,3651,329,0,129,255,2154,11,0
44.661978,11.936000,113.000,29.118000,2.283000,127.109856,3651,329,0,129,255,2154,11,0
44.692493,30.515000,113.000,29.118000,2.283000,127.213531,3708,338,0,173,337,2318,11,0
44.712972,20.479000,113.000,29.118000,2.283000,127.204132,3708,338,0,153,313,2270,11,0
44.718023,5.051000,113.000,29.118000,2.283000,127.185940,3683,338,0,143,303,2250,11,0
44.722632,4.609000,113.000,29.118000,2.283000,127.184780,3680,338,0,143,303,2250,11,0
44.737487,14.855000,113.000,29.118000,2.283000,127.186920,3683,338,0,143,303,2250,11,0
44.746097,8.610000,113.000,29.118000,2.283000,127.187382,3683,338,0,143,303,2250,11,0
44.749712,3.615000,113.000,29.118000,2.283000,127.187862,3683,338,0,143,303,2250,11,0
44.763242,13.530000,113.000,29.118000,2.283000,127.188343,3683,338,0,143,303,2250,11,0
44.767402,4.160000,113.000,29.118000,2.283000,127.188824,3683,338,0,143,303,2250,11,0
44.772863,5.461000,113.000,29.118000,2.283000,127.189304,3683,338,0,143,303,2250,11,0
44.787498,14.635000,113.000,29.118000,2.283000,127.189785,3683,338,0,143,303,2250,11,0
44.795073,7.575000,113.000,29.118000,2.283000,127.190266,3683,338,0,143,303,2250,11,0
44.799751,4.678000,113.000,29.118000,2.283000,127.188244,3679,338,0,143,303,2250,11,0
44.811973,12.222000,113.000,29.118000,2.283000,127.188671,3679,338,0,141,267,2178,11,0
44.816890,4.917000,113.000,29.118000,2.283000,127.184742,3677,338,0,141,267,2178,11,0
44.828739,11.849000,113.000,29.118000,2.283000,127.153793,3677,338,0,141,267,2178,11,0
44.834263,5.524000,113.000,29.118000,2.283000,127.155975,3680,338,0,141,267,2178,11,0
44.838603,4.340000,113.000,29.118000,2.283000,127.156456,3680,338,0,142,267,2178,11,0
44.854730,16.127000,113.000,29.118000,2.283000,127.156914,3680,338,0,142,267,2178,11,0
44.858595,3.865000,110.000,32.720000,2.417000,127.157349,3680,338,0,142,267,2178,11,0
44.871458,12.863000,110.000,32.720000,2.417000,127.157890,3680,338,0,142,267,2178,11,0
44.875261,3.803000,110.000,32.720000,2.417000,127.158371,3680,338,0,140,267,2178,11,0
44.887766,12.505000,110.000,32.720000,2.417000,127.157043,3677,338,0,140,267,2178,11,0
44.895723,7.957000,110.000,32.720000,2.417000,127.154022,3671,338,0,140,267,2178,11,0
44.900522,4.799000,110.000,32.720000,2.417000,127.154503,3671,338,0,139,266,2176,11,0
44.906450,5.928000,110.000,32.720000,2.417000,127.154984,3671,338,0,141,266,2176,11,0
44.921445,14.995000,110.000,32.720000,2.417000,127.157063,3674,338,0,139,264,2172,11,0
44.928617,7.172000,110.000,32.720000,2.417000,127.157543,3674,338,0,139,264,2172,11,0
44.933740,5.123000,110.000,32.720000,2.417000,127.147545,3670,334,0,138,263,2170,11,0
44.945467,11.727000,110.000,32.720000,2.417000,127.143631,3663,334,0,138,263,2170,11,0
44.950427,4.960000,110.000,32.720000,2.417000,127.144112,3663,334,0,136,261,2166,11,0
44.963017,12.590000,110.000,32.720000,2.417000,127.144592,3663,334,0,134,261,2166,11,0
44.980829,17.812000,110.000,32.720000,2.417000,127.144989,3663,334,0,133,260,2164,11,0
44.984700,3.871000,110.000,32.720000,2.417000,127.128296,3651,329,0,134,259,2162,11,0
44.990336,5.636000,110.000,32.720000,2.417000,127.125641,3647,329,0,135,259,2162,11,0
44.997199,6.863000,110.000,32.720000,2.417000,127.142258,3649,329,0,145,274,2192,11,0
45.013078,15.879000,110.000,32.720000,2.417000,127.142731,3649,329,0,135,264,2172,11,0
45.016572,3.494000,110.000,32.720000,2.417000,127.138348,3649,329,0,135,264,2172,11,0
45.029441,12.869000,110.000,32.720000,2.417000,127.140495,3652,329,0,135,264,2172,11,0
45.032776,3.335000,110.000,32.720000,2.417000,127.140976,3652,329,0,135,264,2172,11,0
45.046004,13.228000,110.000,32.720000,2.417000,127.141441,3652,329,0,135,264,2172,11,0
45.049507,3.503000,110.000,32.720000,2.417000,127.141922,3652,329,0,135,264,2172,11,0
45.062819,13.312000,110.000,32.720000,2.417000,127.144165,3655,329,0,135,264,2172,11,0
45.066060,3.241000,110.000,32.720000,2.417000,127.144646,3655,329,0,136,264,2172,11,0
45.079195,13.135000,110.000,32.720000,2.417000,127.143440,3652,329,0,136,264,2172,11,0
45.082308,3.113000,110.000,32.720000,2.417000,127.143921,3652,329,0,135,264,2172,11,0
45.098608,16.300000,110.000,32.720000,2.417000,127.146084,3655,329,0,135,264,2172,11,0
45.101971,3.363000,110.000,32.720000,2.417000,127.146564,3655,329,0,135,264,2172,11,0
45.106511,4.540000,110.000,32.720000,2.417000,127.147030,3655,329,0,135,264,2172,11,0
45.120281,13.770000,110.000,32.720000,2.417000,127.147511,3655,329,0,135,264,2172,11,0
45.129722,9.441000,110.000,32.720000,2.417000,127.147991,3655,329,0,135,264,2172,11,0
45.133322,3.600000,110.000,32.720000,2.417000,127.148472,3655,329,0,136,264,2172,11,0
45.145995,12.673000,110.000,32.720000,2.417000,127.148899,3655,329,0,135,259,2162,11,0
45.149131,3.136000,110.000,32.720000,2.417000,127.143330,3650,329,0,135,259,2162,11,0
45.163575,14.444000,110.000,32.720000,2.417000,127.136959,3650,329,0,135,259,2162,11,0
45.180318,16.743000,110.000,32.720000,2.417000,127.137424,3650,329,0,135,259,2162,11,0
45.184266,3.948000,110.000,32.720000,2.417000,127.137905,3650,329,0,135,259,2162,11,0
45.190046,5.780000,110.000,32.720000,2.417000,127.141945,3656,329,0,135,259,2162,11,0
45.204090,14.044000,110.000,32.720000,2.417000,127.136810,3647,329,0,135,259,2162,11,0
45.213090,9.000000,110.000,32.720000,2.417000,127.137241,3647,329,0,135,259,2162,11,0
45.216783,3.693000,110.000,32.720000,2.417000,127.137676,3647,329,0,135,259,2162,11,0
45.229861,13.078000,110.000,32.720000,2.417000,127.140850,3651,329,0,135,259,2162,11,0
45.233540,3.679000,110.000,32.720000,2.417000,127.141331,3651,329,0,133,259,2162,11,0
45.246894,13.354000,110.000,32.720000,2.417000,127.141766,3651,329,0,133,259,2162,11,0
45.250308,3.414000,110.000,32.720000,2.417000,127.140606,3648,329,0,135,259,2162,11,0
45.263523,13.215000,110.000,32.720000,2.417000,127.142307,3648,329,0,135,259,2162,11,2
45.268764,5.241000,110.000,32.720000,2.417000,127.143375,3648,329,0,133,259,2162,11,2
45.298240,29.476000,110.000,32.720000,2.417000,127.246326,3717,336,0,174,337,2318,11,0
45.314612,16.372000,110.000,32.720000,2.417000,127.222721,3704,336,0,142,299,2242,11,1
45.328991,14.379000,110.000,32.720000,2.417000,127.228222,3704,336,0,152,309,2262,11,1
45.331719,2.728000,110.000,32.720000,2.417000,127.208389,3676,336,0,142,299,2242,11,1
45.345418,13.699000,110.000,32.720000,2.417000,127.209515,3682,335,0,142,299,2242,11,0
45.348202,2.784000,110.000,32.720000,2.417000,127.208389,3680,335,0,143,299,2242,11,0
45.362236,14.034000,110.000,32.720000,2.417000,127.208870,3680,335,0,143,299,2242,11,0
45.364638,2.402000,110.000,32.720000,2.417000,127.209351,3680,335,0,143,299,2242,11,0
45.378628,13.990000,110.000,32.720000,2.417000,127.209831,3680,335,0,143,299,2242,11,0
45.380886,2.258000,110.000,32.720000,2.417000,127.210312,3680,335,0,143,299,2242,11,0
45.395181,14.295000,110.000,32.720000,2.417000,127.210793,3680,335,0,143,299,2242,11,0
45.402867,7.686000,110.000,32.720000,2.417000,127.211273,3680,335,0,143,299,2242,11,0
45.405323,2.456000,110.000,32.720000,2.417000,127.207611,3673,335,0,141,263,2170,11,0
45.420478,15.155000,110.000,32.720000,2.417000,127.208038,3673,335,0,141,263,2170,11,0
45.428255,7.777000,110.000,32.720000,2.417000,127.204109,3671,335,0,141,263,2170,11,0
45.431128,2.873000,110.000,32.720000,2.417000,127.176395,3676,335,0,139,261,2166,11,0
45.444771,13.643000,110.000,32.720000,2.417000,127.174976,3673,335,0,139,261,2166,11,0
45.446950,2.179000,110.000,32.720000,2.417000,127.175491,3673,335,0,139,261,2166,11,0
45.461671,14.721000,110.000,32.720000,2.417000,127.175926,3673,335,0,140,261,2166,11,0
45.464524,2.853000,110.000,32.720000,2.417000,127.176407,3673,335,0,140,261,2166,11,0
45.478315,13.791000,110.000,32.720000,2.417000,127.176888,3673,335,0,140,261,2166,11,0
45.481661,3.346000,110.000,32.720000,2.417000,127.177288,3673,335,0,140,261,2166,11,0
45.495131,13.470000,110.000,32.720000,2.417000,127.177769,3673,335,0,138,261,2166,11,0
45.498639,3.508000,110.000,32.720000,2.417000,127.178112,3673,335,0,137,260,2164,11,0
45.514113,15.474000,110.000,32.720000,2.417000,127.175106,3667,335,0,136,259,2162,11,0
45.517952,3.839000,110.000,32.720000,2.417000,127.175587,3667,335,0,137,259,2162,11,0
45.524226,6.274000,110.000,32.720000,2.417000,127.176052,3667,335,0,135,257,2158,11,0
45.536692,12.466000,110.000,32.720000,2.417000,127.176533,3667,335,0,135,257,2158,11,0
45.547020,10.328000,110.000,32.720000,2.417000,127.145607,3653,325,0,132,254,2152,11,0
45.550569,3.549000,110.000,32.720000,2.417000,127.134308,3634,325,0,132,254,2152,11,0
45.563208,12.639000,110.000,32.720000,2.417000,127.134789,3634,325,0,130,252,2148,11,0
45.566818,3.610000,110.000,32.720000,2.417000,127.135269,3634,325,0,129,251,2146,11,0
45.580241,13.423000,110.000,32.720000,2.417000,127.135681,3634,325,0,129,251,2146,11,0
45.586926,6.685000,110.000,32.720000,2.417000,127.120628,3625,320,0,127,250,2144,11,0
45.592270,5.344000,110.000,32.720000,2.417000,127.113106,3612,320,0,127,250,2144,11,0
45.597726,5.456000,110.000,32.720000,2.417000,127.129707,3614,320,0,139,265,2174,11,0
45.613197,15.471000,110.000,32.720000,2.417000,127.119671,3609,317,0,138,264,2172,11,0
45.616813,3.616000,110.000,32.720000,2.417000,127.116459,3603,317,0,128,254,2152,11,0
45.631112,14.299000,110.000,32.720000,2.417000,127.128960,3616,321,0,127,253,2150,11,0
45.635005,3.893000,110.000,32.720000,2.417000,127.130127,3616,321,0,129,255,2154,11,0
45.640543,5.538000,110.000,32.720000,2.417000,127.130585,3616,321,0,129,255,2154,11,0
45.653952,13.409000,110.000,32.720000,2.417000,127.131065,3616,321,0,129,255,2154,11,0
45.658998,5.046000,110.000,32.720000,2.417000,127.131546,3616,321,0,129,255,2154,11,0
45.670339,11.341000,110.000,32.720000,2.417000,127.132027,3616,321,0,128,255,2154,11,0
45.680457,10.118000,110.000,32.720000,2.417000,127.132523,3616,321,0,128,255,2154,11,0
45.684122,3.665000,110.000,32.720000,2.417000,127.133003,3616,321,0,129,255,2154,11,0
45.689560,5.438000,110.000,32.720000,2.417000,127.136784,3622,321,0,129,255,2154,11,0
45.704068,14.508000,110.000,32.720000,2.417000,127.137218,3622,321,0,128,255,2154,11,0
45.709178,5.110000,110.000,32.720000,2.417000,127.137783,3622,321,0,128,255,2154,11,0
45.714578,5.400000,110.000,32.720000,2.417000,127.138264,3622,321,0,129,255,2154,11,0
45.729386,14.808000,110.000,32.720000,2.417000,127.140411,3625,321,0,129,255,2154,11,0
45.732466,3.080000,110.000,32.720000,2.417000,127.140892,3625,321,0,128,255,2154,11,0
45.746116,13.650000,110.000,32.720000,2.417000,127.141304,3625,321,0,127,250,2144,11,0
45.749201,3.085000,110.000,32.720000,2.417000,127.137375,3623,321,0,127,250,2144,11,0
45.762865,13.664000,110.000,32.720000,2.417000,127.139503,3626,321,0,127,250,2144,11,0
45.766462,3.597000,110.000,32.720000,2.417000,127.133118,3626,321,0,128,250,2144,11,0
45.779998,13.536000,110.000,32.720000,2.417000,127.133549,3626,321,0,128,250,2144,11,0
45.783506,3.508000,110.000,32.720000,2.417000,127.134029,3626,321,0,126,250,2144,11,0
45.796364,12.858000,110.000,32.720000,2.417000,127.136154,3629,321,0,126,250,2144,11,0
45.799434,3.070000,110.000,32.720000,2.417000,127.136635,3629,321,0,125,249,2142,11,0
45.813467,14.033000,110.000,32.720000,2.417000,127.137096,3629,321,0,125,249,2142,11,0
45.816949,3.482000,110.000,32.720000,2.417000,127.134388,3624,321,0,126,249,2142,11,0
45.829782,12.833000,110.000,32.720000,2.417000,127.136543,3627,321,0,126,249,2142,11,0
45.834224,4.442000,110.000,32.720000,2.417000,127.143028,3637,321,0,124,249,2142,11,0
45.845987,11.763000,110.000,32.720000,2.417000,127.143475,3637,321,0,124,249,2142,11,0
45.848965,2.978000,113.000,28.736000,2.288000,127.143955,3637,321,0,126,249,2142,11,0
45.863151,14.186000,113.000,28.736000,2.288000,127.142796,3634,321,0,126,249,2142,11,0
45.866795,3.644000,113.000,28.736000,2.288000,127.143276,3634,321,0,125,249,2142,11,0
45.879712,12.917000,113.000,28.736000,2.288000,127.143757,3634,321,0,125,249,2142,11,0
45.883454,3.742000,113.000,28.736000,2.288000,127.144238,3634,321,0,125,249,2142,11,0
45.922844,39.390000,113.000,28.736000,2.288000,127.251270,3697,330,0,170,331,2306,11,0
45.928727,5.883000,113.000,28.736000,2.288000,127.241871,3697,330,0,151,307,2258,11,0
45.931680,2.953000,113.000,28.736000,2.288000,127.220398,3666,330,0,141,297,2238,11,0
45.946034,14.354000,113.000,28.736000,2.288000,127.220833,3666,330,0,141,297,2238,11,0
45.949803,3.769000,113.000,28.736000,2.288000,127.219673,3663,330,0,141,297,2238,11,0
45.963228,13.425000,113.000,28.736000,2.288000,127.220154,3663,330,0,141,297,2238,11,0
45.967379,4.151000,113.000,28.736000,2.288000,127.220634,3663,330,0,141,297,2238,11,0
45.972808,5.429000,113.000,28.736000,2.288000,127.219475,3660,330,0,141,297,2238,11,0
45.988091,15.283000,113.000,28.736000,2.288000,127.208435,3656,326,0,141,297,2238,11,0
45.995310,7.219000,113.000,28.736000,2.288000,127.205780,3650,326,0,141,297,2238,11,0
46.000745,5.435000,113.000,28.736000,2.288000,127.206215,3650,326,0,141,297,2238,11,0
46.006163,5.418000,113.000,28.736000,2.288000,127.206696,3650,326,0,141,297,2238,11,0
46.021017,14.854000,113.000,28.736000,2.288000,127.203033,3643,326,0,141,297,2238,11,0
46.029275,8.258000,113.000,28.736000,2.288000,127.203514,3643,326,0,139,261,2166,11,0
46.034236,4.961000,113.000,28.736000,2.288000,127.203995,3643,326,0,139,261,2166,11,0
46.039275,5.039000,113.000,28.736000,2.288000,127.204422,3643,326,0,139,261,2166,11,0
46.055517,16.242000,113.000,28.736000,2.288000,127.169094,3641,326,0,139,261,2166,11,0
46.061450,5.933000,113.000,28.736000,2.288000,127.169575,3641,326,0,138,261,2166,11,0
46.065669,4.219000,113.000,28.736000,2.288000,127.170010,3641,326,0,138,261,2166,11,0
46.079914,14.245000,113.000,28.736000,2.288000,127.170490,3641,326,0,138,261,2166,11,0
46.083432,3.518000,113.000,28.736000,2.288000,127.170971,3641,326,0,139,261,2166,11,0
46.096675,13.243000,113.000,28.736000,2.288000,127.171452,3641,326,0,139,261,2166,11,0
46.100112,3.437000,113.000,28.736000,2.288000,127.171932,3641,326,0,138,261,2166,11,0
46.113210,13.098000,113.000,28.736000,2.288000,127.172321,3641,326,0,138,261,2166,11,0
46.117050,3.840000,113.000,28.736000,2.288000,127.169254,3635,326,0,137,261,2166,11,0
46.129745,12.695000,113.000,28.736000,2.288000,127.166424,3629,326,0,136,260,2164,11,0
46.133678,3.933000,113.000,28.736000,2.288000,127.166904,3629,326,0,138,260,2164,11,0
46.146346,12.668000,113.000,28.736000,2.288000,127.167278,3629,326,0,136,258,2160,11,0
46.149881,3.535000,113.000,28.736000,2.288000,127.157345,3625,322,0,133,257,2158,11,0
46.163298,13.417000,113.000,28.736000,2.288000,127.153431,3618,322,0,133,257,2158,11,0
46.167330,4.032000,113.000,28.736000,2.288000,127.153912,3618,322,0,132,256,2156,11,0
46.179721,12.391000,113.000,28.736000,2.288000,127.154331,3618,322,0,131,255,2154,11,0
46.183235,3.514000,113.000,28.736000,2.288000,127.154728,3618,322,0,130,254,2152,11,0
46.196301,13.066000,113.000,28.736000,2.288000,127.139645,3609,317,0,129,253,2150,11,0
46.199404,3.103000,113.000,28.736000,2.288000,127.133808,3599,317,0,130,253,2150,11,0
46.207894,8.490000,113.000,28.736000,2.288000,127.150425,3601,317,0,142,268,2180,11,0
46.219932,12.038000,113.000,28.736000,2.288000,127.150906,3601,317,0,142,268,2180,11,0
46.229999,10.067000,113.000,28.736000,2.288000,127.146538,3601,317,0,132,258,2160,11,0
46.233181,3.182000,113.000,28.736000,2.288000,127.147018,3601,317,0,132,258,2160,11,0
46.246546,13.365000,113.000,28.736000,2.288000,127.262680,3715,341,0,132,258,2160,11,0
46.250043,3.497000,113.000,28.736000,2.288000,127.265930,3715,341,0,144,270,2184,11,0
46.262652,12.609000,113.000,28.736000,2.288000,127.266380,3715,341,0,144,270,2184,11,0
46.265825,3.173000,113.000,28.736000,2.288000,127.266861,3715,341,0,144,270,2184,11,0
46.279232,13.407000,113.000,28.736000,2.288000,127.267326,3715,341,0,144,270,2184,11,0
46.282714,3.482000,113.000,28.736000,2.288000,127.266167,3712,341,0,144,270,2184,11,0
46.296140,13.426000,113.000,28.736000,2.288000,127.266663,3712,341,0,144,270,2184,11,0
46.299488,3.348000,113.000,28.736000,2.288000,127.267097,3712,341,0,144,270,2184,11,0
46.313708,14.220000,113.000,28.736000,2.288000,127.267563,3712,341,0,144,270,2184,11,0
46.317680,3.972000,113.000,28.736000,2.288000,127.268044,3712,341,0,144,270,2184,11,0
46.323582,5.902000,113.000,28.736000,2.288000,127.270149,3715,341,0,144,270,2184,11,0
46.336638,13.056000,113.000,28.736000,2.288000,127.270630,3715,341,0,144,270,2184,11,0
46.345927,9.289000,113.000,28.736000,2.288000,127.271111,3715,341,0,144,270,2184,11,0
46.349090,3.163000,113.000,28.736000,2.288000,127.267128,3713,341,0,143,265,2174,11,0
46.363084,13.994000,113.000,28.736000,2.288000,127.267563,3713,341,0,143,265,2174,11,0
46.367634,4.550000,113.000,28.736000,2.288000,127.268044,3713,341,0,143,265,2174,11,0
46.373661,6.027000,113.000,28.736000,2.288000,127.261684,3713,341,0,143,265,2174,11,0
46.387349,13.688000,113.000,28.736000,2.288000,127.262165,3713,341,0,141,265,2174,11,0
46.391865,4.516000,113.000,28.736000,2.288000,127.265968,3719,341,0,141,265,2174,11,0
46.404326,12.461000,113.000,28.736000,2.288000,127.266449,3719,341,0,143,265,2174,11,0
46.409721,5.395000,113.000,28.736000,2.288000,127.267494,3719,341,0,143,265,2174,11,1
46.414380,4.659000,113.000,28.736000,2.288000,127.267975,3719,341,0,140,265,2174,11,1
46.430387,16.007000,113.000,28.736000,2.288000,127.270367,3722,341,0,140,265,2174,11,1
46.434215,3.828000,113.000,28.736000,2.288000,127.270847,3722,341,0,141,265,2174,11,1
46.440343,6.128000,113.000,28.736000,2.288000,127.277927,3738,340,0,141,265,2174,11,0
46.453463,13.120000,113.000,28.736000,2.288000,127.275150,3733,340,0,141,265,2174,11,0
46.463677,10.214000,113.000,28.736000,2.288000,127.277260,3736,340,0,141,265,2174,11,0
46.467458,3.781000,113.000,28.736000,2.288000,127.277740,3736,340,0,143,265,2174,11,0
46.473899,6.441000,113.000,28.736000,2.288000,127.278202,3736,340,0,143,265,2174,11,0
46.486730,12.831000,113.000,28.736000,2.288000,127.278683,3736,340,0,143,265,2174,11,0
46.497571,10.841000,113.000,28.736000,2.288000,127.280777,3739,340,0,143,265,2174,11,0
46.532115,34.544000,113.000,28.736000,2.288000,127.382496,3796,349,0,183,343,2330,11,0
46.545381,13.266000,113.000,28.736000,2.288000,127.371151,3796,349,0,159,315,2274,11,0
46.548433,3.052000,113.000,28.736000,2.288000,127.352959,3771,349,0,149,305,2254,11,0
46.562885,14.452000,113.000,28.736000,2.288000,127.351891,3768,349,0,149,305,2254,11,0
46.567106,4.221000,113.000,28.736000,2.288000,127.352371,3768,349,0,149,305,2254,11,0
46.572947,5.841000,113.000,28.736000,2.288000,127.352852,3768,349,0,149,305,2254,11,0
46.587683,14.736000,113.000,28.736000,2.288000,127.355003,3771,349,0,149,305,2254,11,0
46.595068,7.385000,113.000,28.736000,2.288000,127.355484,3771,349,0,149,305,2254,11,0
46.599940,4.872000,113.000,28.736000,2.288000,127.355965,3771,349,0,148,304,2252,11,0
46.606081,6.141000,113.000,28.736000,2.288000,127.356400,3771,349,0,148,304,2252,11,0
46.621032,14.951000,113.000,28.736000,2.288000,127.353600,3765,349,0,148,304,2252,11,0
46.628640,7.608000,113.000,28.736000,2.288000,127.351578,3761,349,0,148,304,2252,11,0
46.634229,5.589000,113.000,28.736000,2.288000,127.352013,3761,349,0,146,268,2180,11,0
46.638446,4.217000,113.000,28.736000,2.288000,127.352493,3761,349,0,146,268,2180,11,0
46.654662,16.216000,113.000,28.736000,2.288000,127.351334,3758,349,0,146,268,2180,11,0
46.658756,4.094000,113.000,28.736000,2.288000,127.315968,3756,349,0,146,268,2180,11,0
46.671289,12.533000,113.000,28.736000,2.288000,127.316456,3756,349,0,146,268,2180,11,0
46.678544,7.255000,113.000,28.736000,2.288000,127.316936,3756,349,0,146,268,2180,11,0
46.683562,5.018000,113.000,28.736000,2.288000,127.315777,3753,349,0,146,268,2180,11,0
46.695199,11.637000,113.000,28.736000,2.288000,127.316257,3753,349,0,147,268,2180,11,0
46.700618,5.419000,113.000,28.736000,2.288000,127.306309,3748,346,0,146,267,2178,11,0
46.706377,5.759000,113.000,28.736000,2.288000,127.303097,3742,346,0,144,267,2178,11,0
46.721715,15.338000,113.000,28.736000,2.288000,127.317024,3749,350,0,144,267,2178,11,0
46.728417,6.702000,113.000,28.736000,2.288000,127.314690,3743,350,0,144,269,2182,11,0
46.734319,5.902000,113.000,28.736000,2.288000,127.326550,3761,350,0,143,268,2180,11,0
46.738587,4.268000,113.000,28.736000,2.288000,127.293339,3707,350,0,144,267,2178,11,0
46.756105,17.518000,113.000,28.736000,2.288000,127.295483,3710,350,0,143,266,2176,11,0
46.759584,3.479000,113.000,28.736000,2.288000,127.285549,3706,346,0,140,265,2174,11,0
46.763800,4.216000,113.000,28.736000,2.288000,127.281635,3699,346,0,140,265,2174,11,0
46.779422,15.622000,113.000,28.736000,2.288000,127.282043,3699,346,0,139,264,2172,11,0
46.783141,3.719000,113.000,28.736000,2.288000,127.282524,3699,346,0,141,263,2170,11,0
46.797664,14.523000,113.000,28.736000,2.288000,127.282921,3699,346,0,140,262,2168,11,0
46.813221,15.557000,113.000,28.736000,2.288000,127.267822,3690,341,0,138,261,2166,11,0
46.817056,3.835000,113.000,28.736000,2.288000,127.261986,3680,341,0,139,261,2166,11,0
46.825006,7.950000,113.000,28.736000,2.288000,127.276985,3679,341,0,150,276,2196,11,0
46.836525,11.519000,113.000,28.736000,2.288000,127.272602,3679,341,0,140,266,2176,11,0
46.845691,9.166000,113.000,28.736000,2.288000,127.273083,3679,341,0,140,266,2176,11,0
46.848982,3.291000,113.000,28.736000,2.288000,127.273563,3679,341,0,140,266,2176,11,0
46.863109,14.127000,113.000,37.532000,1.905000,127.274044,3679,341,0,140,266,2176,11,0
46.866864,3.755000,113.000,37.532000,1.905000,127.274525,3679,341,0,140,266,2176,11,0
46.879829,12.965000,113.000,37.532000,1.905000,127.275005,3679,341,0,140,266,2176,11,0
46.883481,3.652000,113.000,37.532000,1.905000,127.275486,3679,341,0,140,266,2176,11,0
46.895833,12.352000,113.000,37.532000,1.905000,127.275967,3679,341,0,140,266,2176,11,0
46.904585,8.752000,113.000,37.532000,1.905000,127.303688,3717,342,0,140,266,2176,11,0
46.908421,3.836000,113.000,37.532000,1.905000,127.292770,3699,342,0,141,267,2178,11,0
46.922023,13.602000,113.000,37.532000,1.905000,127.293247,3699,342,0,141,267,2178,11,0
46.928788,6.765000,113.000,37.532000,1.905000,127.293728,3699,342,0,141,267,2178,11,0
46.934026,5.238000,113.000,37.532000,1.905000,127.294193,3699,342,0,141,267,2178,11,0
46.945020,10.994000,113.000,37.532000,1.905000,127.294674,3699,342,0,141,267,2178,11,0
46.949157,4.137000,113.000,37.532000,1.905000,127.295124,3699,342,0,141,267,2178,11,0
46.961948,12.791000,113.000,37.532000,1.905000,127.295605,3699,342,0,140,262,2168,11,0
46.967185,5.237000,113.000,37.532000,1.905000,127.296017,3699,342,0,140,262,2168,11,0
46.972963,5.778000,113.000,37.532000,1.905000,127.292088,3697,342,0,140,262,2168,11,0
46.988233,15.270000,113.000,37.532000,1.905000,127.284096,3694,342,0,140,262,2168,11,0
46.995115,6.882000,113.000,37.532000,1.905000,127.284576,3694,342,0,138,262,2168,11,0
47.000085,4.970000,113.000,37.532000,1.905000,127.286613,3697,342,0,138,262,2168,11,0
47.011763,11.678000,113.000,37.532000,1.905000,127.287094,3697,342,0,138,262,2168,11,0
47.016279,4.516000,113.000,37.532000,1.905000,127.308716,3719,346,0,138,262,2168,11,0
47.028427,12.148000,113.000,37.532000,1.905000,127.309620,3719,346,0,142,264,2172,11,0
47.032639,4.212000,113.000,37.532000,1.905000,127.310020,3719,346,0,142,264,2172,11,0
47.045001,12.362000,113.000,37.532000,1.905000,127.316505,3729,346,0,140,264,2172,11,0
47.049377,4.376000,113.000,37.532000,1.905000,127.316986,3729,346,0,140,264,2172,11,0
47.062577,13.200000,113.000,37.532000,1.905000,127.317467,3729,346,0,139,264,2172,11,0
47.067231,4.654000,113.000,37.532000,1.905000,127.317947,3729,346,0,139,264,2172,11,0
47.080506,13.275000,113.000,37.532000,1.905000,127.318428,3729,346,0,129,258,2160,11,0
47.096148,15.642000,113.000,37.532000,1.905000,127.322216,3735,346,0,129,258,2160,11,0
47.125784,29.636000,113.000,37.532000,1.905000,127.427517,3795,355,0,173,340,2324,11,0
47.128335,2.551000,113.000,37.532000,1.905000,127.413406,3795,355,0,144,306,2256,11,0
47.130878,2.543000,113.000,37.532000,1.905000,127.437523,3792,355,0,153,316,2276,11,0
47.146264,15.386000,113.000,37.532000,1.905000,128.228348,3770,355,0,153,316,2276,11,0
47.150251,3.987000,113.000,37.532000,1.905000,128.223965,3770,355,0,144,306,2256,11,0
47.162601,12.350000,113.000,37.532000,1.905000,128.224445,3770,355,0,144,306,2256,11,0
47.166069,3.468000,113.000,37.532000,1.905000,128.224926,3770,355,0,144,306,2256,11,0
47.179188,13.119000,113.000,37.532000,1.905000,128.227074,3773,355,0,144,306,2256,11,0
47.182664,3.476000,113.000,37.532000,1.905000,128.227554,3773,355,0,144,306,2256,11,0
47.195878,13.214000,113.000,37.532000,1.905000,128.228035,3773,355,0,145,306,2256,11,0
47.199472,3.594000,113.000,37.532000,1.905000,128.228516,3773,355,0,145,306,2256,11,0
47.213894,14.422000,113.000,37.532000,1.905000,128.228996,3773,355,0,145,306,2256,11,0
47.218151,4.257000,113.000,37.532000,1.905000,128.229477,3773,355,0,145,306,2256,11,0
47.223422,5.271000,113.000,37.532000,1.905000,128.228317,3770,355,0,145,306,2256,11,0
47.237374,13.952000,113.000,37.532000,1.905000,128.226295,3766,355,0,143,270,2184,11,0
47.245119,7.745000,113.000,37.532000,1.905000,128.226776,3766,355,0,142,270,2184,11,0
47.249637,4.518000,113.000,37.532000,1.905000,128.225616,3763,355,0,142,270,2184,11,0
47.263153,13.516000,113.000,37.532000,1.905000,128.194660,3763,355,0,141,264,2172,11,0
47.268841,5.688000,113.000,37.532000,1.905000,128.171646,3731,355,0,141,264,2172,11,0
47.273471,4.630000,113.000,37.532000,1.905000,128.172127,3731,355,0,142,264,2172,11,0
47.287620,14.149000,113.000,37.532000,1.905000,128.174252,3734,355,0,142,264,2172,11,0
47.295283,7.663000,113.000,37.532000,1.905000,128.174686,3734,355,0,142,264,2172,11,0
47.300023,4.740000,113.000,37.532000,1.905000,128.175163,3734,355,0,142,264,2172,11,0
47.311957,11.934000,113.000,37.532000,1.905000,128.175644,3734,355,0,142,264,2172,11,0
47.317331,5.374000,113.000,37.532000,1.905000,128.172707,3728,355,0,142,264,2172,11,0
47.322465,5.134000,113.000,37.532000,1.905000,128.168045,3719,355,0,140,264,2172,11,0
47.337587,15.122000,113.000,37.532000,1.905000,128.168541,3719,355,0,139,263,2170,11,0
47.345023,7.436000,113.000,37.532000,1.905000,128.169022,3719,355,0,139,262,2168,11,0
47.348518,3.495000,113.000,37.532000,1.905000,128.169502,3719,355,0,138,261,2166,11,0
47.364679,16.161000,113.000,37.532000,1.905000,128.159508,3715,351,0,137,260,2164,11,0
47.379743,15.064000,113.000,37.532000,1.905000,128.155624,3708,351,0,138,260,2164,11,0
47.382934,3.191000,113.000,37.532000,1.905000,128.156105,3708,351,0,134,258,2160,11,0
47.395995,13.061000,113.000,37.532000,1.905000,128.154945,3705,351,0,133,257,2158,11,0
47.403360,7.365000,113.000,37.532000,1.905000,128.155342,3705,351,0,134,257,2158,11,0
47.408570,5.210000,113.000,37.532000,1.905000,128.140198,3696,346,0,133,256,2156,11,0
47.420024,11.454000,113.000,37.532000,1.905000,128.132675,3683,346,0,132,256,2156,11,0
47.429423,9.399000,113.000,37.532000,1.905000,128.133156,3683,346,0,132,256,2156,11,0
47.434107,4.684000,113.000,37.532000,1.905000,128.149796,3685,346,0,145,271,2186,11,0
47.447068,12.961000,113.000,37.532000,1.905000,128.150368,3685,346,0,145,271,2186,11,0
47.450568,3.500000,113.000,37.532000,1.905000,128.145985,3685,346,0,135,261,2166,11,0
47.462949,12.381000,113.000,37.532000,1.905000,128.148113,3688,346,0,135,261,2166,11,0
47.467692,4.743000,113.000,37.532000,1.905000,128.148594,3688,346,0,135,261,2166,11,0
47.472795,5.103000,113.000,37.532000,1.905000,128.149075,3688,346,0,135,261,2166,11,0
47.488128,15.333000,113.000,37.532000,1.905000,128.022316,3638,306,0,135,261,2166,11,0
47.494957,6.829000,113.000,37.532000,1.905000,127.990631,3588,306,0,125,241,2126,11,0
47.499164,4.207000,113.000,37.532000,1.905000,127.991718,3588,306,0,125,241,2126,11,1
47.511895,12.731000,113.000,37.532000,1.905000,127.992199,3588,306,0,125,241,2126,11,1
47.516960,5.065000,113.000,37.532000,1.905000,127.991348,3585,306,0,125,241,2126,11,1
47.528607,11.647000,113.000,37.532000,1.905000,127.991783,3585,306,0,125,241,2126,11,1
47.533630,5.023000,113.000,37.532000,1.905000,127.991390,3591,305,0,125,241,2126,11,0
47.545048,11.418000,113.000,37.532000,1.905000,127.988567,3586,305,0,125,241,2126,11,0
47.549553,4.505000,113.000,37.532000,1.905000,127.989048,3586,305,0,125,241,2126,11,0
47.562140,12.587000,113.000,37.532000,1.905000,127.989529,3586,305,0,125,241,2126,11,0
47.567569,5.429000,113.000,37.532000,1.905000,127.989964,3586,305,0,124,236,2116,11,0
47.572428,4.859000,113.000,37.532000,1.905000,127.990391,3586,305,0,124,236,2116,11,0
47.587571,15.143000,113.000,37.532000,1.905000,127.986462,3584,305,0,124,236,2116,11,0
47.594967,7.396000,113.000,37.532000,1.905000,127.980076,3584,305,0,124,236,2116,11,0
47.599104,4.137000,113.000,37.532000,1.905000,127.982483,3587,305,0,124,236,2116,11,0
47.611898,12.794000,113.000,37.532000,1.905000,127.977348,3578,305,0,123,236,2116,11,0
47.616762,4.864000,113.000,37.532000,1.905000,127.977829,3578,305,0,123,236,2116,11,0
47.628513,11.751000,113.000,37.532000,1.905000,127.978310,3578,305,0,122,236,2116,11,0
47.633135,4.622000,113.000,37.532000,1.905000,127.978790,3578,305,0,122,236,2116,11,0
47.645087,11.952000,113.000,37.532000,1.905000,127.979271,3578,305,0,124,236,2116,11,0
47.649806,4.719000,113.000,37.532000,1.905000,127.985771,3588,305,0,124,236,2116,11,0
47.661699,11.893000,113.000,37.532000,1.905000,127.986252,3588,305,0,124,236,2116,11,0
47.665743,4.044000,113.000,37.532000,1.905000,127.986717,3588,305,0,124,236,2116,11,0
47.678714,12.971000,113.000,37.532000,1.905000,127.987198,3588,305,0,124,236,2116,11,0
47.683548,4.834000,113.000,37.532000,1.905000,127.986053,3585,305,0,124,236,2116,11,0
47.688633,5.085000,113.000,37.532000,1.905000,127.986534,3585,305,0,123,235,2114,11,0
47.704258,15.625000,113.000,37.532000,1.905000,127.987000,3585,305,0,123,235,2114,11,0
47.735242,30.984000,113.000,37.532000,1.905000,128.090431,3645,314,0,161,313,2270,11,0
47.738336,3.094000,113.000,37.532000,1.905000,128.074375,3645,314,0,128,275,2194,11,0
47.754762,16.426000,113.000,37.532000,1.905000,128.079536,3645,314,0,138,285,2214,11,0
47.758532,3.770000,113.000,37.532000,1.905000,128.066208,3620,314,0,138,285,2214,11,0
47.770082,11.550000,113.000,37.532000,1.905000,128.061825,3620,314,0,128,275,2194,11,0
47.779186,9.104000,113.000,37.532000,1.905000,128.062305,3620,314,0,128,275,2194,11,0
47.782519,3.333000,113.000,37.532000,1.905000,128.062786,3620,314,0,128,275,2194,11,0
47.796502,13.983000,113.000,37.532000,1.905000,128.069801,3631,314,0,128,275,2194,11,0
47.800846,4.344000,113.000,37.532000,1.905000,128.057938,3623,311,0,128,274,2192,11,0
47.805482,4.636000,113.000,37.532000,1.905000,128.054726,3617,311,0,128,274,2192,11,0
47.821352,15.870000,113.000,37.532000,1.905000,128.073433,3630,315,0,128,274,2192,11,0
47.829039,7.687000,113.000,37.532000,1.905000,128.074600,3630,315,0,130,276,2196,11,0
47.833894,4.855000,113.000,37.532000,1.905000,128.075077,3630,315,0,130,276,2196,11,0
47.845897,12.003000,113.000,37.532000,1.905000,128.074726,3629,315,0,130,276,2196,11,0
47.849141,3.244000,112.000,30.477000,1.715000,128.075207,3629,315,0,128,240,2124,11,0
47.862923,13.782000,112.000,30.477000,1.715000,128.082836,3635,317,0,128,240,2124,11,0
47.866929,4.006000,112.000,30.477000,1.715000,128.047970,3633,317,0,129,241,2126,11,0
47.879407,12.478000,112.000,30.477000,1.715000,128.050106,3636,317,0,129,241,2126,11,0
47.882595,3.188000,112.000,30.477000,1.715000,128.050587,3636,317,0,129,241,2126,11,0
47.896110,13.515000,112.000,30.477000,1.715000,128.051048,3636,317,0,129,241,2126,11,0
47.903450,7.340000,112.000,30.477000,1.715000,128.051483,3636,317,0,128,241,2126,11,0
47.906961,3.511000,112.000,30.477000,1.715000,128.051918,3636,317,0,128,241,2126,11,0
47.920866,13.905000,112.000,30.477000,1.715000,128.052399,3636,317,0,128,241,2126,11,0
47.929278,8.412000,112.000,30.477000,1.715000,128.052742,3636,317,0,127,241,2126,11,0
47.933421,4.143000,112.000,30.477000,1.715000,128.049721,3630,317,0,127,241,2126,11,0
47.945106,11.685000,112.000,30.477000,1.715000,128.048561,3627,317,0,127,240,2124,11,0
47.949748,4.642000,112.000,30.477000,1.715000,128.049042,3627,317,0,127,240,2124,11,0
47.961731,11.983000,112.000,30.477000,1.715000,128.049522,3627,317,0,125,238,2120,11,0
47.965780,4.049000,112.000,30.477000,1.715000,128.050003,3627,317,0,123,236,2116,11,0
47.978714,12.934000,112.000,30.477000,1.715000,128.040024,3623,313,0,123,236,2116,11,0
47.982776,4.062000,112.000,30.477000,1.715000,128.039429,3622,313,0,123,236,2116,11,0
47.995275,12.499000,112.000,30.477000,1.715000,128.039909,3622,313,0,121,234,2112,11,0
48.000153,4.878000,112.000,30.477000,1.715000,128.040268,3622,313,0,121,233,2110,11,0
48.011758,11.605000,112.000,30.477000,1.715000,128.038879,3619,313,0,119,232,2108,11,0
48.014969,3.211000,112.000,30.477000,1.715000,128.025696,3613,308,0,119,232,2108,11,0
48.029717,14.748000,112.000,30.477000,1.715000,128.032700,3599,308,0,131,247,2138,11,0
48.033028,3.311000,112.000,30.477000,1.715000,128.033180,3599,308,0,130,247,2138,11,0
48.047564,14.536000,112.000,30.477000,1.715000,128.033661,3599,308,0,130,247,2138,11,0
48.050725,3.161000,112.000,30.477000,1.715000,128.029278,3599,308,0,120,237,2118,11,0
48.063449,12.724000,112.000,30.477000,1.715000,128.028118,3596,308,0,120,237,2118,11,0
48.066852,3.403000,112.000,30.477000,1.715000,128.028599,3596,308,0,121,237,2118,11,0
48.079791,12.939000,112.000,30.477000,1.715000,128.029079,3596,308,0,121,237,2118,11,0
48.083403,3.612000,112.000,30.477000,1.715000,128.027920,3593,308,0,120,237,2118,11,0
48.096696,13.293000,112.000,30.477000,1.715000,128.030060,3596,308,0,120,237,2118,11,0
48.099896,3.200000,112.000,30.477000,1.715000,128.030540,3596,308,0,121,237,2118,11,0
48.112843,12.947000,112.000,30.477000,1.715000,128.031002,3596,308,0,121,237,2118,11,0
48.116535,3.692000,112.000,30.477000,1.715000,128.029842,3593,308,0,121,237,2118,11,0
48.129591,13.056000,112.000,30.477000,1.715000,128.030323,3593,308,0,121,237,2118,11,0
48.133044,3.453000,112.000,30.477000,1.715000,128.030804,3593,308,0,121,237,2118,11,0
48.145735,12.691000,112.000,30.477000,1.715000,128.031284,3593,308,0,121,237,2118,11,0
48.148702,2.967000,112.000,30.477000,1.715000,128.031765,3593,308,0,120,236,2116,11,0
48.162974,14.272000,112.000,30.477000,1.715000,128.033844,3596,308,0,120,236,2116,11,0
48.166585,3.611000,112.000,30.477000,1.715000,128.026726,3589,308,0,118,231,2106,11,0
48.179965,13.380000,112.000,30.477000,1.715000,128.027206,3589,308,0,118,231,2106,11,0
48.183472,3.507000,112.000,30.477000,1.715000,128.027687,3589,308,0,118,231,2106,11,0
48.195833,12.361000,112.000,30.477000,1.715000,128.021317,3589,308,0,118,231,2106,11,0
48.198796,2.963000,112.000,30.477000,1.715000,128.021797,3589,308,0,118,231,2106,11,0
48.213130,14.334000,112.000,30.477000,1.715000,128.022263,3589,308,0,118,231,2106,11,0
48.216675,3.545000,112.000,30.477000,1.715000,128.022697,3589,308,0,116,231,2106,11,0
48.230560,13.885000,112.000,30.477000,1.715000,128.019897,3583,308,0,116,231,2106,11,0
48.233997,3.437000,112.000,30.477000,1.715000,128.020332,3583,308,0,118,231,2106,11,0
48.246596,12.599000,112.000,30.477000,1.715000,128.020798,3583,308,0,118,231,2106,11,0
48.249534,2.938000,112.000,30.477000,1.715000,128.021278,3583,308,0,118,231,2106,11,0
48.263089,13.555000,112.000,30.477000,1.715000,128.021759,3583,308,0,118,231,2106,11,0
48.267261,4.172000,112.000,30.477000,1.715000,128.028244,3593,308,0,118,231,2106,11,0
48.279448,12.187000,112.000,30.477000,1.715000,128.028725,3593,308,0,118,231,2106,11,0
48.283840,4.392000,112.000,30.477000,1.715000,128.029205,3593,308,0,117,231,2106,11,0
48.295943,12.103000,112.000,30.477000,1.715000,128.029640,3593,308,0,117,231,2106,11,0
48.299021,3.078000,112.000,30.477000,1.715000,128.030121,3593,308,0,117,231,2106,11,0
48.313103,14.082000,112.000,30.477000,1.715000,128.030708,3593,308,0,118,231,2106,11,0
48.316862,3.759000,112.000,30.477000,1.715000,128.031189,3593,308,0,118,231,2106,11,0
48.348493,31.631000,112.000,30.477000,1.715000,128.133297,3647,317,0,160,315,2274,11,0
48.364592,16.099000,112.000,30.477000,1.715000,128.055092,3622,292,0,139,290,2224,11,0
48.380357,15.765000,112.000,30.477000,1.715000,128.015560,3557,292,0,129,280,2204,11,0
48.395738,15.381000,112.000,30.477000,1.715000,128.016041,3557,292,0,129,280,2204,11,0
48.404828,9.090000,112.000,30.477000,1.715000,128.014881,3554,292,0,129,280,2204,11,0
48.409628,4.800000,112.000,30.477000,1.715000,128.017033,3557,292,0,129,280,2204,11,0
48.414464,4.836000,112.000,30.477000,1.715000,128.017513,3557,292,0,130,280,2204,11,0
48.429468,15.004000,112.000,30.477000,1.715000,128.017994,3557,292,0,130,280,2204,11,0
48.433362,3.894000,112.000,30.477000,1.715000,128.018475,3557,292,0,130,280,2204,11,0
48.445808,12.446000,112.000,30.477000,1.715000,128.018955,3557,292,0,130,280,2204,11,0
48.449225,3.417000,112.000,30.477000,1.715000,128.016933,3553,292,0,130,280,2204,11,0
48.463019,13.794000,112.000,30.477000,1.715000,128.017414,3553,292,0,128,244,2132,11,0
48.466737,3.718000,112.000,30.477000,1.715000,128.017895,3553,292,0,128,244,2132,11,0
48.481054,14.317000,112.000,30.477000,1.715000,128.204243,3679,340,0,128,244,2132,11,0
48.485115,4.061000,112.000,30.477000,1.715000,128.177650,3677,340,0,142,268,2180,11,0
48.489021,3.906000,112.000,30.477000,1.715000,128.178131,3677,340,0,142,268,2180,11,0
48.504881,15.860000,112.000,30.477000,1.715000,128.178593,3677,340,0,142,268,2180,11,0
48.512004,7.123000,112.000,30.477000,1.715000,128.179073,3677,340,0,142,268,2180,11,0
48.517472,5.468000,112.000,30.477000,1.715000,128.181099,3680,340,0,142,268,2180,11,0
48.522798,5.326000,112.000,30.477000,1.715000,128.181580,3680,340,0,141,268,2180,11,0
48.537787,14.989000,112.000,30.477000,1.715000,128.182053,3680,340,0,141,268,2180,11,0
48.545105,7.318000,112.000,30.477000,1.715000,128.182396,3680,340,0,140,268,2180,11,0
48.550054,4.949000,112.000,30.477000,1.715000,128.181034,3677,340,0,140,268,2180,11,0
48.561888,11.834000,112.000,30.477000,1.715000,128.181515,3677,340,0,140,267,2178,11,0
48.566878,4.990000,112.000,30.477000,1.715000,128.181992,3677,340,0,139,266,2176,11,0
48.578855,11.977000,112.000,30.477000,1.715000,128.182472,3677,340,0,137,265,2174,11,0
48.584451,5.596000,112.000,30.477000,1.715000,128.174137,3676,336,0,136,264,2172,11,0
48.589164,4.713000,112.000,30.477000,1.715000,128.170269,3669,336,0,135,263,2170,11,0
48.605233,16.069000,112.000,30.477000,1.715000,128.165974,3667,334,0,135,263,2170,11,1
48.611648,6.415000,112.000,30.477000,1.715000,128.164074,3663,334,0,135,261,2166,11,1
48.617027,5.379000,112.000,30.477000,1.715000,128.164764,3663,334,0,134,260,2164,11,1
48.628695,11.668000,112.000,30.477000,1.715000,128.149712,3654,329,0,131,259,2162,11,1
48.634170,5.475000,112.000,30.477000,1.715000,128.144474,3650,328,0,131,259,2162,11,0
48.639952,5.782000,112.000,30.477000,1.715000,128.157810,3647,328,0,145,274,2192,11,0
48.655855,15.903000,112.000,30.477000,1.715000,128.151802,3644,328,0,135,264,2172,11,0
48.659810,3.955000,112.000,30.477000,1.715000,128.152283,3644,328,0,135,264,2172,11,0
48.664323,4.513000,112.000,30.477000,1.715000,128.152718,3644,328,0,135,264,2172,11,0
48.680194,15.871000,112.000,30.477000,1.715000,128.153183,3644,328,0,135,264,2172,11,0
48.684335,4.141000,112.000,30.477000,1.715000,128.153664,3644,328,0,135,264,2172,11,0
48.689902,5.567000,112.000,30.477000,1.715000,128.155819,3647,328,0,135,264,2172,11,0
48.703817,13.915000,112.000,30.477000,1.715000,128.156300,3647,328,0,135,264,2172,11,0
48.713069,9.252000,112.000,30.477000,1.715000,128.156746,3647,328,0,135,264,2172,11,0
48.717043,3.974000,112.000,30.477000,1.715000,128.153946,3641,328,0,135,264,2172,11,0
48.729630,12.587000,112.000,30.477000,1.715000,128.154427,3641,328,0,135,264,2172,11,0
48.733292,3.662000,112.000,30.477000,1.715000,128.154861,3641,328,0,135,264,2172,11,0
48.746268,12.976000,112.000,30.477000,1.715000,128.155342,3641,328,0,135,264,2172,11,0
48.749585,3.317000,112.000,30.477000,1.715000,128.155823,3641,328,0,135,264,2172,11,0
48.762882,13.297000,112.000,30.477000,1.715000,128.154663,3638,328,0,135,264,2172,11,0
48.766475,3.593000,112.000,30.477000,1.715000,128.155144,3638,328,0,135,264,2172,11,0
48.779525,13.050000,112.000,30.477000,1.715000,128.155571,3638,328,0,135,264,2172,11,0
48.783135,3.610000,112.000,30.477000,1.715000,128.151642,3636,328,0,134,259,2162,11,0
48.795901,12.766000,112.000,30.477000,1.715000,128.150482,3633,328,0,134,259,2162,11,0
48.799047,3.146000,112.000,30.477000,1.715000,128.150963,3633,328,0,133,258,2160,11,0
48.812960,13.913000,112.000,30.477000,1.715000,128.143604,3633,328,0,131,256,2156,11,0
48.816667,3.707000,112.000,30.477000,1.715000,128.142399,3630,328,0,131,256,2156,11,0
48.829909,13.242000,112.000,30.477000,1.715000,128.142899,3630,328,0,131,256,2156,11,0
48.833593,3.684000,112.000,30.477000,1.715000,128.143379,3630,328,0,128,256,2156,11,0
48.846096,12.503000,112.000,30.477000,1.715000,128.143860,3630,328,0,128,256,2156,11,0
48.849205,3.109000,115.000,30.241000,2.338000,128.144341,3630,328,0,130,256,2156,11,0
48.863681,14.476000,115.000,30.241000,2.338000,128.146496,3633,328,0,130,256,2156,11,0
48.867230,3.549000,115.000,30.241000,2.338000,128.146976,3633,328,0,129,256,2156,11,0
48.874702,7.472000,115.000,30.241000,2.338000,128.153397,3643,328,0,129,256,2156,11,0
48.886919,12.217000,115.000,30.241000,2.338000,128.153877,3643,328,0,130,256,2156,11,0
48.896821,9.902000,115.000,30.241000,2.338000,128.154373,3643,328,0,130,256,2156,11,0
48.900040,3.219000,115.000,30.241000,2.338000,128.144455,3638,325,0,128,255,2154,11,0
48.913262,13.222000,115.000,30.241000,2.338000,128.141151,3632,325,0,128,255,2154,11,0
48.917327,4.065000,115.000,30.241000,2.338000,128.141632,3632,325,0,128,255,2154,11,0
48.929903,12.576000,115.000,30.241000,2.338000,128.155609,3639,329,0,128,255,2154,11,0
48.960513,30.610000,115.000,30.241000,2.338000,128.259247,3696,338,0,173,337,2318,11,0
48.964351,3.838000,115.000,30.241000,2.338000,128.248676,3696,338,0,151,309,2262,11,0
48.979399,15.048000,115.000,30.241000,2.338000,128.230484,3671,338,0,141,299,2242,11,0
48.983294,3.895000,115.000,30.241000,2.338000,128.230965,3671,338,0,141,299,2242,11,0
48.996029,12.735000,115.000,30.241000,2.338000,128.231445,3671,338,0,141,299,2242,11,0
48.999922,3.893000,115.000,30.241000,2.338000,128.231926,3671,338,0,141,299,2242,11,0
49.013094,13.172000,115.000,30.241000,2.338000,128.232407,3671,338,0,141,299,2242,11,0
49.017032,3.938000,115.000,30.241000,2.338000,128.232887,3671,338,0,141,299,2242,11,0
49.023077,6.045000,115.000,30.241000,2.338000,128.233368,3671,338,0,141,299,2242,11,0
49.037905,14.828000,115.000,30.241000,2.338000,128.233849,3671,338,0,141,299,2242,11,0
49.045256,7.351000,115.000,30.241000,2.338000,128.234329,3671,338,0,141,299,2242,11,0
49.050219,4.963000,115.000,30.241000,2.338000,128.234810,3671,338,0,141,299,2242,11,0
49.061894,11.675000,115.000,30.241000,2.338000,128.232788,3667,338,0,141,299,2242,11,0
49.067051,5.157000,115.000,30.241000,2.338000,128.234928,3670,338,0,139,263,2170,11,0
49.078603,11.552000,115.000,30.241000,2.338000,128.235409,3670,338,0,139,263,2170,11,0
49.083812,5.209000,115.000,30.241000,2.338000,128.234230,3667,338,0,139,263,2170,11,0
49.095263,11.451000,115.000,30.241000,2.338000,128.203274,3667,338,0,139,263,2170,11,0
49.100535,5.272000,115.000,30.241000,2.338000,128.199383,3665,338,0,139,263,2170,11,0
49.106232,5.697000,115.000,30.241000,2.338000,128.199863,3665,338,0,138,263,2170,11,0
49.121267,15.035000,115.000,30.241000,2.338000,128.202003,3668,338,0,138,263,2170,11,0
49.128505,7.238000,115.000,30.241000,2.338000,128.202484,3668,338,0,139,263,2170,11,0
49.134114,5.609000,115.000,30.241000,2.338000,128.202980,3668,338,0,139,263,2170,11,0
49.139039,4.925000,115.000,30.241000,2.338000,128.203461,3668,338,0,139,263,2170,11,0
49.155815,16.776000,115.000,30.241000,2.338000,128.203804,3668,338,0,139,263,2170,11,0
49.159460,3.645000,115.000,30.241000,2.338000,128.200783,3662,338,0,137,263,2170,11,0
49.164304,4.844000,115.000,30.241000,2.338000,128.201218,3662,338,0,136,262,2168,11,0
49.179651,15.347000,115.000,30.241000,2.338000,128.203373,3665,338,0,136,262,2168,11,0
49.183349,3.698000,115.000,30.241000,2.338000,128.203854,3665,338,0,136,260,2164,11,0
49.196107,12.758000,115.000,30.241000,2.338000,128.207623,3671,338,0,135,259,2162,11,0
49.199516,3.409000,115.000,30.241000,2.338000,128.197689,3667,334,0,134,259,2162,11,0
49.213017,13.501000,115.000,30.241000,2.338000,128.193733,3660,334,0,134,259,2162,11,0
49.216650,3.633000,115.000,30.241000,2.338000,128.194214,3660,334,0,132,257,2158,11,0
49.229982,13.332000,115.000,30.241000,2.338000,128.196198,3663,334,0,131,256,2156,11,0
49.233634,3.652000,115.000,30.241000,2.338000,128.181145,3654,329,0,130,255,2154,11,0
49.246090,12.456000,115.000,30.241000,2.338000,128.163639,3640,325,0,130,255,2154,11,0
49.249640,3.550000,115.000,30.241000,2.338000,128.160915,3634,325,0,130,255,2154,11,0
49.257068,7.428000,115.000,30.241000,2.338000,128.179176,3639,325,0,141,270,2184,11,0
49.270107,13.039000,115.000,30.241000,2.338000,128.174793,3639,325,0,132,260,2164,11,0
49.279661,9.554000,115.000,30.241000,2.338000,128.176449,3639,325,0,132,260,2164,11,2
49.283225,3.564000,115.000,30.241000,2.338000,128.176929,3639,325,0,132,260,2164,11,2
49.295957,12.732000,115.000,30.241000,2.338000,128.179710,3642,325,0,132,260,2164,11,2
49.299242,3.285000,115.000,30.241000,2.338000,128.180191,3642,325,0,132,260,2164,11,2
49.313761,14.519000,115.000,30.241000,2.338000,128.180656,3651,323,0,132,260,2164,11,0
49.337796,24.035000,115.000,30.241000,2.338000,128.174667,3641,323,0,134,260,2164,11,0
49.345869,8.073000,115.000,30.241000,2.338000,128.175163,3641,323,0,134,260,2164,11,0
49.349002,3.133000,115.000,30.241000,2.338000,128.175644,3641,323,0,134,260,2164,11,0
49.363284,14.282000,115.000,30.241000,2.338000,128.174469,3638,323,0,134,260,2164,11,0
49.368041,4.757000,115.000,30.241000,2.338000,128.174965,3638,323,0,134,260,2164,11,0
49.372934,4.893000,115.000,30.241000,2.338000,128.175446,3638,323,0,134,260,2164,11,0
49.388320,15.386000,115.000,30.241000,2.338000,128.177479,3641,323,0,134,260,2164,11,0
49.395793,7.473000,115.000,30.241000,2.338000,128.177910,3641,323,0,133,255,2154,11,0
49.399065,3.272000,115.000,30.241000,2.338000,128.176697,3638,323,0,133,255,2154,11,0
49.412920,13.855000,115.000,30.241000,2.338000,128.169453,3630,323,0,133,255,2154,11,0
49.417032,4.112000,115.000,30.241000,2.338000,128.163021,3630,323,0,132,255,2154,11,0
49.422734,5.702000,115.000,30.241000,2.338000,128.163502,3630,323,0,132,255,2154,11,0
49.437521,14.787000,115.000,30.241000,2.338000,128.163998,3630,323,0,132,255,2154,11,0
49.444863,7.342000,115.000,30.241000,2.338000,128.164478,3630,323,0,132,255,2154,11,0
49.449070,4.207000,115.000,30.241000,2.338000,128.163303,3627,323,0,132,255,2154,11,0
49.461897,12.827000,115.000,30.241000,2.338000,128.163738,3627,323,0,132,255,2154,11,0
49.466678,4.781000,115.000,30.241000,2.338000,128.164219,3627,323,0,130,253,2150,11,0
49.478608,11.930000,115.000,30.241000,2.338000,128.170704,3637,323,0,130,253,2150,11,0
49.483450,4.842000,115.000,30.241000,2.338000,128.169529,3634,323,0,130,253,2150,11,0
49.494941,11.491000,115.000,30.241000,2.338000,128.169964,3634,323,0,131,253,2150,11,0
49.499112,4.171000,115.000,30.241000,2.338000,128.170460,3634,323,0,131,253,2150,11,0
49.511881,12.769000,115.000,30.241000,2.338000,128.170940,3634,323,0,131,253,2150,11,0
49.515641,3.760000,115.000,30.241000,2.338000,128.169781,3631,323,0,131,253,2150,11,0
49.529813,14.172000,115.000,30.241000,2.338000,128.170246,3631,323,0,131,253,2150,11,0
49.533360,3.547000,115.000,30.241000,2.338000,128.170727,3631,323,0,130,253,2150,11,0
49.566054,32.694000,115.000,30.241000,2.338000,128.275055,3691,332,0,172,333,2310,11,0
49.574151,8.097000,115.000,30.241000,2.338000,128.243244,3681,326,0,148,305,2254,11,0
49.587545,13.394000,115.000,30.241000,2.338000,128.217667,3644,326,0,138,295,2234,11,0
49.595936,8.391000,115.000,30.241000,2.338000,128.218147,3644,326,0,138,295,2234,11,0
49.599511,3.575000,115.000,30.241000,2.338000,128.218628,3644,326,0,138,295,2234,11,0
49.613173,13.662000,115.000,30.241000,2.338000,128.217468,3641,326,0,138,295,2234,11,0
49.617062,3.889000,115.000,30.241000,2.338000,128.217949,3641,326,0,138,295,2234,11,0
49.629495,12.433000,115.000,30.241000,2.338000,128.218430,3641,326,0,138,295,2234,11,0
49.633822,4.327000,115.000,30.241000,2.338000,128.218910,3641,326,0,138,295,2234,11,0
49.645973,12.151000,115.000,30.241000,2.338000,128.219391,3641,326,0,138,295,2234,11,0
49.649368,3.395000,115.000,30.241000,2.338000,128.219872,3641,326,0,138,295,2234,11,0
49.663431,14.063000,115.000,30.241000,2.338000,128.220352,3641,326,0,138,295,2234,11,0
49.667402,3.971000,115.000,30.241000,2.338000,128.218330,3637,326,0,138,295,2234,11,0
49.672574,5.172000,115.000,30.241000,2.338000,128.218811,3637,326,0,136,259,2162,11,0
49.687563,14.989000,115.000,30.241000,2.338000,128.219238,3637,326,0,136,259,2162,11,0
49.695576,8.013000,115.000,30.241000,2.338000,128.215309,3635,326,0,136,259,2162,11,0
49.700292,4.716000,115.000,30.241000,2.338000,128.185062,3635,326,0,136,259,2162,11,1
49.712384,12.092000,115.000,30.241000,2.338000,128.185543,3635,326,0,137,259,2162,11,1
49.717404,5.020000,115.000,30.241000,2.338000,128.186317,3635,326,0,137,259,2162,11,1
49.722688,5.284000,115.000,30.241000,2.338000,128.186798,3635,326,0,137,259,2162,11,1
49.738361,15.673000,115.000,30.241000,2.338000,128.188442,3641,325,0,137,259,2162,11,0
49.741806,3.445000,115.000,30.241000,2.338000,128.185665,3636,325,0,137,259,2162,11,0
49.754889,13.083000,115.000,30.241000,2.338000,128.186146,3636,325,0,137,259,2162,11,0
49.761871,6.982000,115.000,30.241000,2.338000,128.186489,3636,325,0,137,259,2162,11,0
49.766903,5.032000,115.000,30.241000,2.338000,128.183468,3630,325,0,137,259,2162,11,0
49.779509,12.606000,115.000,30.241000,2.338000,128.182308,3627,325,0,135,258,2160,11,0
49.785815,6.306000,115.000,30.241000,2.338000,128.182758,3627,325,0,135,258,2160,11,0
49.789867,4.052000,115.000,30.241000,2.338000,128.183239,3627,325,0,133,256,2156,11,0
49.797530,7.663000,115.000,30.241000,2.338000,128.183720,3627,325,0,132,255,2154,11,0
49.814896,17.366000,115.000,30.241000,2.338000,128.173695,3623,321,0,132,255,2154,11,0
49.830347,15.451000,115.000,30.241000,2.338000,128.171577,3619,321,0,131,255,2154,11,0
49.834493,4.146000,115.000,30.241000,2.338000,128.172058,3619,321,0,132,253,2150,11,0
49.842597,8.104000,115.000,30.241000,2.338000,128.172436,3619,321,0,131,252,2148,11,0
49.846847,4.250000,115.000,30.241000,2.338000,128.157383,3610,316,0,128,251,2146,11,0
49.863997,17.150000,112.000,31.020000,2.848000,128.151501,3600,316,0,129,251,2146,11,0
49.872166,8.169000,112.000,31.020000,2.848000,128.168137,3602,316,0,140,266,2176,11,0
49.887711,15.545000,112.000,31.020000,2.848000,128.168617,3602,316,0,140,266,2176,11,0
49.898028,10.317000,112.000,31.020000,2.848000,128.167549,3608,316,0,131,256,2156,11,0
49.901815,3.787000,112.000,31.020000,2.848000,128.168030,3608,316,0,129,255,2154,11,0
49.907320,5.505000,112.000,31.020000,2.848000,128.168503,3608,316,0,129,255,2154,11,0
49.920139,12.819000,112.000,31.020000,2.848000,128.168938,3608,316,0,130,255,2154,11,0
49.930706,10.567000,112.000,31.020000,2.848000,128.171070,3611,316,0,130,255,2154,11,0
49.934297,3.591000,112.000,31.020000,2.848000,128.171551,3611,316,0,129,255,2154,11,0
49.939606,5.309000,112.000,31.020000,2.848000,128.172031,3611,316,0,129,255,2154,11,0
49.954715,15.109000,112.000,31.020000,2.848000,128.174179,3614,316,0,129,255,2154,11,0
49.958586,3.871000,112.000,31.020000,2.848000,128.174660,3614,316,0,129,255,2154,11,0
49.971270,12.684000,112.000,31.020000,2.848000,128.175140,3614,316,0,129,255,2154,11,0
49.978759,7.489000,112.000,31.020000,2.848000,128.175575,3614,316,0,129,255,2154,11,0
49.983962,5.203000,112.000,31.020000,2.848000,128.177723,3617,316,0,129,255,2154,11,0
49.995114,11.152000,112.000,31.020000,2.848000,128.167358,3612,313,0,128,254,2152,11,0
49.999593,4.479000,112.000,31.020000,2.848000,128.164101,3606,313,0,127,249,2142,11,0
50.011882,12.289000,112.000,31.020000,2.848000,128.164581,3606,313,0,128,249,2142,11,0
50.017218,5.336000,112.000,31.020000,2.848000,128.173294,3616,317,0,128,249,2142,11,0
50.029718,12.500000,112.000,31.020000,2.848000,128.170025,3614,317,0,128,251,2146,11,0
50.033406,3.688000,112.000,31.020000,2.848000,128.170506,3614,317,0,129,251,2146,11,0
50.046061,12.655000,112.000,31.020000,2.848000,128.169331,3611,317,0,129,251,2146,11,0
50.049375,3.314000,112.000,31.020000,2.848000,128.169811,3611,317,0,129,251,2146,11,0
50.063236,13.861000,112.000,31.020000,2.848000,128.170322,3611,317,0,129,251,2146,11,0
50.066668,3.432000,112.000,31.020000,2.848000,128.170803,3611,317,0,129,251,2146,11,0
50.079603,12.935000,112.000,31.020000,2.848000,128.172928,3614,317,0,129,251,2146,11,0
50.083205,3.602000,112.000,31.020000,2.848000,128.179413,3624,317,0,129,251,2146,11,0
50.096237,13.032000,112.000,31.020000,2.848000,128.179890,3624,317,0,129,251,2146,11,0
50.099648,3.411000,112.000,31.020000,2.848000,128.180370,3624,317,0,128,251,2146,11,0
50.113135,13.487000,112.000,31.020000,2.848000,128.177555,3618,317,0,128,251,2146,11,0
50.116866,3.731000,112.000,31.020000,2.848000,128.178036,3618,317,0,128,251,2146,11,0
50.130654,13.788000,112.000,31.020000,2.848000,128.178532,3618,317,0,128,251,2146,11,0
50.134341,3.687000,112.000,31.020000,2.848000,128.179012,3618,317,0,129,251,2146,11,0
50.168767,34.426000,112.000,31.020000,2.848000,128.283413,3678,326,0,171,331,2306,11,0
50.172602,3.835000,112.000,31.020000,2.848000,128.266670,3675,326,0,139,295,2234,11,0
50.186800,14.198000,112.000,31.020000,2.848000,128.271862,3675,326,0,149,305,2254,11,0
50.196096,9.296000,112.000,31.020000,2.848000,128.256824,3647,326,0,149,305,2254,11,0
50.199507,3.411000,112.000,31.020000,2.848000,128.252441,3647,326,0,139,295,2234,11,0
50.213127,13.620000,112.000,31.020000,2.848000,128.252922,3647,326,0,139,295,2234,11,0
50.217135,4.008000,112.000,31.020000,2.848000,128.253403,3647,326,0,139,295,2234,11,0
50.223639,6.504000,112.000,31.020000,2.848000,128.252243,3644,326,0,139,295,2234,11,0
50.236555,12.916000,112.000,31.020000,2.848000,128.252724,3644,326,0,139,295,2234,11,0
50.246131,9.576000,112.000,31.020000,2.848000,128.253204,3644,326,0,139,295,2234,11,0
50.249831,3.700000,112.000,31.020000,2.848000,128.253685,3644,326,0,139,295,2234,11,0
50.263013,13.182000,112.000,31.020000,2.848000,128.257393,3650,326,0,139,295,2234,11,0
50.268055,5.042000,112.000,31.020000,2.848000,128.257874,3650,326,0,139,295,2234,11,0
50.272713,4.658000,112.000,31.020000,2.848000,128.258354,3650,326,0,139,295,2234,11,0
50.287505,14.792000,112.000,31.020000,2.848000,128.256332,3646,326,0,139,295,2234,11,0
50.294936,7.431000,112.000,31.020000,2.848000,128.256760,3646,326,0,137,259,2162,11,0
50.299445,4.509000,112.000,31.020000,2.848000,128.252831,3644,326,0,137,259,2162,11,0
50.311870,12.425000,112.000,31.020000,2.848000,128.253311,3644,326,0,137,259,2162,11,0
50.317430,5.560000,112.000,31.020000,2.848000,128.220684,3641,326,0,137,259,2162,11,0
50.322571,5.141000,112.000,31.020000,2.848000,128.221119,3641,326,0,137,259,2162,11,0
50.337519,14.948000,112.000,31.020000,2.848000,128.221600,3641,326,0,137,259,2162,11,0
50.344999,7.480000,112.000,31.020000,2.848000,128.222080,3641,326,0,137,259,2162,11,0
50.350634,5.635000,112.000,31.020000,2.848000,128.222569,3641,326,0,137,259,2162,11,0
50.355897,5.263000,112.000,31.020000,2.848000,128.223049,3641,326,0,135,259,2162,11,0
50.371151,15.254000,112.000,31.020000,2.848000,128.223392,3641,326,0,135,259,2162,11,0
50.380816,9.665000,112.000,31.020000,2.848000,128.220371,3635,326,0,136,259,2162,11,0
50.397223,16.407000,112.000,31.020000,2.848000,128.219227,3632,326,0,135,258,2160,11,0
50.412265,15.042000,112.000,31.020000,2.848000,128.219707,3632,326,0,132,256,2156,11,0
50.414738,2.473000,112.000,31.020000,2.848000,128.209774,3628,322,0,132,255,2154,11,0
50.429027,14.289000,112.000,31.020000,2.848000,128.205860,3621,322,0,132,255,2154,11,0
50.431474,2.447000,112.000,31.020000,2.848000,128.206341,3621,322,0,131,253,2150,11,0
50.445325,13.851000,112.000,31.020000,2.848000,128.206837,3621,322,0,131,253,2150,11,0
50.447512,2.187000,112.000,31.020000,2.848000,128.207233,3621,322,0,129,252,2148,11,0
50.461901,14.389000,112.000,31.020000,2.848000,128.192120,3612,317,0,128,251,2146,11,0
50.464336,2.435000,112.000,31.020000,2.848000,128.186283,3602,317,0,129,251,2146,11,0
50.478756,14.420000,112.000,31.020000,2.848000,128.202930,3604,317,0,140,266,2176,11,0
50.481135,2.379000,112.000,31.020000,2.848000,128.203411,3604,317,0,129,256,2156,11,0
50.495312,14.177000,112.000,31.020000,2.848000,128.195747,3598,317,0,129,256,2156,11,0
50.497625,2.313000,112.000,31.020000,2.848000,128.196228,3598,317,0,129,256,2156,11,0
50.512304,14.679000,112.000,31.020000,2.848000,128.196709,3598,317,0,129,256,2156,11,0
50.515179,2.875000,112.000,31.020000,2.848000,128.197189,3598,317,0,129,256,2156,11,0
50.529487,14.308000,112.000,31.020000,2.848000,128.199329,3601,317,0,129,256,2156,11,0
50.533928,4.441000,112.000,31.020000,2.848000,128.199791,3601,317,0,130,256,2156,11,0
50.545229,11.301000,112.000,31.020000,2.848000,128.200272,3601,317,0,130,256,2156,11,0
50.550388,5.159000,112.000,31.020000,2.848000,128.200752,3601,317,0,130,256,2156,11,0
50.561897,11.509000,112.000,31.020000,2.848000,128.201233,3601,317,0,129,256,2156,11,0
50.566600,4.703000,112.000,31.020000,2.848000,128.201714,3601,317,0,129,256,2156,11,0
50.578514,11.914000,112.000,31.020000,2.848000,128.202114,3601,317,0,130,256,2156,11,0
50.583570,5.056000,112.000,31.020000,2.848000,128.205910,3607,317,0,130,256,2156,11,0
50.589923,6.353000,112.000,31.020000,2.848000,128.206345,3607,317,0,130,256,2156,11,0
50.604574,14.651000,112.000,31.020000,2.848000,128.206818,3607,317,0,130,256,2156,11,0
50.612906,8.332000,112.000,31.020000,2.848000,128.207298,3607,317,0,129,256,2156,11,0
50.618008,5.102000,112.000,31.020000,2.848000,128.204967,3608,317,0,128,251,2146,11,0
50.622474,4.466000,112.000,31.020000,2.848000,128.205448,3608,317,0,128,251,2146,11,0
50.638177,15.703000,112.000,31.020000,2.848000,128.199020,3608,317,0,128,251,2146,11,0
50.645352,7.175000,112.000,31.020000,2.848000,128.199501,3608,317,0,126,251,2146,11,0
50.650424,5.072000,112.000,31.020000,2.848000,128.201641,3611,317,0,126,251,2146,11,0
50.656235,5.811000,112.000,31.020000,2.848000,128.202122,3611,317,0,128,251,2146,11,0
50.671368,15.133000,112.000,31.020000,2.848000,128.202599,3611,317,0,128,251,2146,11,0
50.678469,7.101000,112.000,31.020000,2.848000,128.203079,3611,317,0,127,251,2146,11,0
50.683971,5.502000,112.000,31.020000,2.848000,128.205311,3614,317,0,127,251,2146,11,0
50.695656,11.685000,112.000,31.020000,2.848000,128.205791,3614,317,0,127,251,2146,11,0
50.700403,4.747000,112.000,31.020000,2.848000,128.212257,3624,317,0,127,251,2146,11,0
50.705976,5.573000,112.000,31.020000,2.848000,128.212738,3624,317,0,128,251,2146,11,0
50.721283,15.307000,112.000,31.020000,2.848000,128.213219,3624,317,0,129,251,2146,11,0
50.728522,7.239000,112.000,31.020000,2.848000,128.213699,3624,317,0,128,251,2146,11,0
50.734115,5.593000,112.000,31.020000,2.848000,128.214180,3624,317,0,128,251,2146,11,0
50.745505,11.390000,112.000,31.020000,2.848000,128.214661,3624,317,0,128,251,2146,11,0
50.749835,4.330000,112.000,31.020000,2.848000,128.213501,3621,317,0,127,251,2146,11,0
50.781753,31.918000,112.000,31.020000,2.848000,128.316235,3678,326,0,168,331,2306,11,0
50.795224,13.471000,112.000,31.020000,2.848000,128.302822,3681,326,0,136,295,2234,11,0
50.797980,2.756000,112.000,31.020000,2.848000,128.308014,3681,326,0,137,295,2234,11,0
50.812395,14.415000,112.000,31.020000,2.848000,128.290382,3656,326,0,137,295,2234,11,1
50.816240,3.845000,112.000,31.020000,2.848000,128.287891,3650,326,0,137,295,2234,11,1
50.828515,12.275000,112.000,31.020000,2.848000,128.288326,3650,326,0,137,295,2234,11,1
50.833802,5.287000,112.000,31.020000,2.848000,128.289898,3656,325,0,137,295,2234,11,0
50.838723,4.921000,112.000,31.020000,2.848000,128.287121,3651,325,0,138,295,2234,11,0
50.854914,16.191000,112.000,31.020000,2.848000,128.285961,3648,325,0,138,295,2234,11,0
50.862752,7.838000,111.000,33.585000,2.203000,128.286442,3648,325,0,138,295,2234,11,0
50.866740,3.988000,111.000,33.585000,2.203000,128.286922,3648,325,0,138,295,2234,11,0
50.879641,12.901000,111.000,33.585000,2.203000,128.285717,3645,325,0,138,295,2234,11,0
50.883601,3.960000,111.000,33.585000,2.203000,128.286198,3645,325,0,138,295,2234,11,0
50.895910,12.309000,111.000,33.585000,2.203000,128.284176,3641,325,0,138,295,2234,11,0
50.899552,3.642000,111.000,33.585000,2.203000,128.284611,3641,325,0,136,259,2162,11,0
50.913772,14.220000,111.000,33.585000,2.203000,128.283398,3638,325,0,136,259,2162,11,0
50.917877,4.105000,111.000,33.585000,2.203000,128.248062,3636,325,0,136,259,2162,11,0
50.922368,4.491000,111.000,33.585000,2.203000,128.248543,3636,325,0,136,259,2162,11,0
50.937660,15.292000,111.000,33.585000,2.203000,128.249031,3636,325,0,136,259,2162,11,0
50.944970,7.310000,111.000,33.585000,2.203000,128.249466,3636,325,0,137,259,2162,11,0
50.949547,4.577000,111.000,33.585000,2.203000,128.251549,3639,325,0,137,259,2162,11,0
50.961825,12.278000,111.000,33.585000,2.203000,128.252029,3639,325,0,137,259,2162,11,0
50.967088,5.263000,111.000,33.585000,2.203000,128.252548,3639,325,0,137,259,2162,11,0
50.978561,11.473000,111.000,33.585000,2.203000,128.252892,3639,325,0,137,259,2162,11,0
50.983705,5.144000,111.000,33.585000,2.203000,128.249840,3633,325,0,137,259,2162,11,0
50.995265,11.560000,111.000,33.585000,2.203000,128.250320,3633,325,0,136,258,2160,11,0
51.001848,6.583000,111.000,33.585000,2.203000,128.250816,3633,325,0,135,257,2158,11,0
51.006169,4.321000,111.000,33.585000,2.203000,128.249657,3630,325,0,133,255,2154,11,0
51.021157,14.988000,111.000,33.585000,2.203000,128.250122,3630,325,0,133,255,2154,11,0
51.028830,7.673000,111.000,33.585000,2.203000,128.240189,3626,321,0,133,254,2152,11,0
51.033733,4.903000,111.000,33.585000,2.203000,128.236244,3619,321,0,133,254,2152,11,0
51.045087,11.354000,111.000,33.585000,2.203000,128.236725,3619,321,0,129,252,2148,11,0
51.048820,3.733000,111.000,33.585000,2.203000,128.237206,3619,321,0,129,252,2148,11,0
51.063220,14.400000,111.000,33.585000,2.203000,128.237541,3619,321,0,128,251,2146,11,0
51.066869,3.649000,111.000,33.585000,2.203000,128.222443,3610,316,0,127,250,2144,11,0
51.079729,12.860000,111.000,33.585000,2.203000,128.216576,3600,316,0,127,250,2144,11,0
51.085057,5.328000,111.000,33.585000,2.203000,128.233208,3602,316,0,140,265,2174,11,0
51.090259,5.202000,111.000,33.585000,2.203000,128.233673,3602,316,0,130,255,2154,11,0
51.103972,13.713000,111.000,33.585000,2.203000,128.229290,3602,316,0,129,254,2152,11,0
51.109624,5.652000,111.000,33.585000,2.203000,128.218880,3597,313,0,129,254,2152,11,0
51.114419,4.795000,111.000,33.585000,2.203000,128.215668,3591,313,0,129,254,2152,11,0
51.129784,15.365000,111.000,33.585000,2.203000,128.231209,3601,317,0,129,254,2152,11,0
51.133354,3.570000,111.000,33.585000,2.203000,128.232376,3601,317,0,130,256,2156,11,0
51.146396,13.042000,111.000,33.585000,2.203000,128.232853,3601,317,0,130,256,2156,11,0
51.149441,3.045000,111.000,33.585000,2.203000,128.233334,3601,317,0,130,256,2156,11,0
51.162741,13.300000,111.000,33.585000,2.203000,128.233814,3601,317,0,130,256,2156,11,0
51.166343,3.602000,111.000,33.585000,2.203000,128.234295,3601,317,0,130,256,2156,11,0
51.179384,13.041000,111.000,33.585000,2.203000,128.234776,3601,317,0,130,256,2156,11,0
51.182941,3.557000,111.000,33.585000,2.203000,128.235256,3601,317,0,130,256,2156,11,0
51.196070,13.129000,111.000,33.585000,2.203000,128.234097,3598,317,0,130,256,2156,11,0
51.199183,3.113000,111.000,33.585000,2.203000,128.234531,3598,317,0,130,256,2156,11,0
51.212926,13.743000,111.000,33.585000,2.203000,128.235027,3598,317,0,130,256,2156,11,0
51.217003,4.077000,111.000,33.585000,2.203000,128.235508,3598,317,0,130,256,2156,11,0
51.229550,12.547000,111.000,33.585000,2.203000,128.237591,3601,317,0,129,251,2146,11,0
51.233201,3.651000,111.000,33.585000,2.203000,128.233616,3599,317,0,129,251,2146,11,0
51.246223,13.022000,111.000,33.585000,2.203000,128.235771,3602,317,0,129,251,2146,11,0
51.249385,3.162000,111.000,33.585000,2.203000,128.229385,3602,317,0,129,251,2146,11,0
51.263067,13.682000,111.000,33.585000,2.203000,128.229874,3602,317,0,129,251,2146,11,0
51.266585,3.518000,111.000,33.585000,2.203000,128.230354,3602,317,0,127,251,2146,11,0
51.279615,13.030000,111.000,33.585000,2.203000,128.230850,3602,317,0,127,251,2146,11,0
51.283230,3.615000,111.000,33.585000,2.203000,128.231331,3602,317,0,126,251,2146,11,0
51.296051,12.821000,111.000,33.585000,2.203000,128.235043,3608,317,0,126,251,2146,11,0
51.299129,3.078000,111.000,33.585000,2.203000,128.235523,3608,317,0,129,251,2146,11,0
51.313721,14.592000,111.000,33.585000,2.203000,128.235977,3608,317,0,129,251,2146,11,0
51.317459,3.738000,111.000,33.585000,2.203000,128.242462,3618,317,0,127,251,2146,11,0
51.323800,6.341000,111.000,33.585000,2.203000,128.244591,3621,317,0,127,251,2146,11,0
51.336428,12.628000,111.000,33.585000,2.203000,128.244991,3621,317,0,127,251,2146,11,0
51.345830,9.402000,111.000,33.585000,2.203000,128.247215,3624,317,0,127,251,2146,11,0
51.348928,3.098000,111.000,33.585000,2.203000,128.247650,3624,317,0,127,251,2146,11,0
51.362942,14.014000,111.000,33.585000,2.203000,128.249771,3627,317,0,127,251,2146,11,0
51.366551,3.609000,111.000,33.585000,2.203000,128.250252,3627,317,0,128,251,2146,11,0
51.397352,30.801000,111.000,33.585000,2.203000,128.354633,3687,326,0,170,331,2306,11,0
51.413034,15.682000,111.000,33.585000,2.203000,128.344234,3687,326,0,148,305,2254,11,0
51.418181,5.147000,111.000,33.585000,2.203000,128.326042,3662,326,0,138,295,2234,11,0
51.422672,4.491000,111.000,33.585000,2.203000,128.326523,3662,326,0,138,295,2234,11,0
51.437274,14.602000,111.000,33.585000,2.203000,128.327003,3662,326,0,138,295,2234,11,0
51.445855,8.581000,111.000,33.585000,2.203000,128.327484,3662,326,0,138,295,2234,11,0
51.449331,3.476000,111.000,33.585000,2.203000,128.326324,3659,326,0,138,295,2234,11,0
51.462884,13.553000,111.000,33.585000,2.203000,128.325165,3656,326,0,138,295,2234,11,0
51.466971,4.087000,111.000,33.585000,2.203000,128.325645,3656,326,0,138,295,2234,11,0
51.479631,12.660000,111.000,33.585000,2.203000,128.327797,3659,326,0,138,295,2234,11,0
51.483479,3.848000,111.000,33.585000,2.203000,128.328278,3659,326,0,139,295,2234,11,0
51.495984,12.505000,111.000,33.585000,2.203000,128.201447,3609,286,0,139,295,2234,11,0
51.499483,3.499000,111.000,33.585000,2.203000,128.167259,3555,286,0,129,275,2194,11,0
51.512815,13.332000,111.000,33.585000,2.203000,128.164459,3549,286,0,127,239,2122,11,0
51.516575,3.760000,111.000,33.585000,2.203000,128.164940,3549,286,0,127,239,2122,11,0
51.529537,12.962000,111.000,33.585000,2.203000,128.133968,3549,286,0,127,239,2122,11,0
51.533070,3.533000,111.000,33.585000,2.203000,128.130039,3547,286,0,127,239,2122,11,0
51.546112,13.042000,111.000,33.585000,2.203000,128.130474,3547,286,0,127,239,2122,11,0
51.549693,3.581000,111.000,33.585000,2.203000,128.129314,3544,286,0,127,239,2122,11,0
51.563290,13.597000,111.000,33.585000,2.203000,128.129826,3544,286,0,127,239,2122,11,0
51.566819,3.529000,111.000,33.585000,2.203000,128.128620,3541,286,0,125,239,2122,11,0
51.579571,12.752000,111.000,33.585000,2.203000,128.129086,3541,286,0,125,239,2122,11,0
51.583347,3.776000,111.000,33.585000,2.203000,128.127789,3538,286,0,125,239,2122,11,0
51.596141,12.794000,111.000,33.585000,2.203000,128.124783,3532,286,0,125,239,2122,11,0
51.599637,3.496000,111.000,33.585000,2.203000,128.123623,3529,286,0,125,238,2120,11,0
51.613121,13.484000,111.000,33.585000,2.203000,128.124088,3529,286,0,125,238,2120,11,0
51.616787,3.666000,111.000,33.585000,2.203000,128.124569,3529,286,0,122,236,2116,11,0
51.630197,13.410000,111.000,33.585000,2.203000,128.114590,3525,282,0,121,235,2114,11,0
51.633744,3.547000,111.000,33.585000,2.203000,128.110722,3518,282,0,122,235,2114,11,0
51.646262,12.518000,111.000,33.585000,2.203000,128.112865,3521,282,0,121,234,2112,11,0
51.650049,3.787000,111.000,33.585000,2.203000,128.113346,3521,282,0,118,233,2110,11,0
51.662984,12.935000,111.000,33.585000,2.203000,128.113766,3521,282,0,117,232,2108,11,0
51.666814,3.830000,111.000,33.585000,2.203000,128.098713,3512,277,0,118,231,2106,11,0
51.680366,13.552000,111.000,33.585000,2.203000,128.092815,3502,277,0,118,231,2106,11,0
51.685695,5.329000,111.000,33.585000,2.203000,128.109459,3504,277,0,130,246,2136,11,0
51.695945,10.250000,111.000,33.585000,2.203000,128.109955,3504,277,0,120,236,2116,11,0
51.699674,3.729000,111.000,33.585000,2.203000,128.105572,3504,277,0,120,236,2116,11,0
51.712921,13.247000,111.000,33.585000,2.203000,128.104397,3501,277,0,120,236,2116,11,0
51.716589,3.668000,111.000,33.585000,2.203000,128.104877,3501,277,0,120,236,2116,11,0
51.729478,12.889000,111.000,33.585000,2.203000,128.105373,3501,277,0,120,236,2116,11,0
51.733100,3.622000,111.000,33.585000,2.203000,128.105854,3501,277,0,120,236,2116,11,0
51.745811,12.711000,111.000,33.585000,2.203000,128.106239,3501,277,0,120,236,2116,11,0
51.748800,2.989000,111.000,33.585000,2.203000,128.106720,3501,277,0,120,236,2116,11,0
51.762816,14.016000,111.000,33.585000,2.203000,128.107044,3501,277,0,120,236,2116,11,0
51.766339,3.523000,111.000,33.585000,2.203000,128.107525,3501,277,0,120,236,2116,11,0
51.779772,13.433000,111.000,33.585000,2.203000,128.107990,3501,277,0,120,236,2116,11,0
51.783220,3.448000,111.000,33.585000,2.203000,128.108471,3501,277,0,120,236,2116,11,0
51.796106,12.886000,111.000,33.585000,2.203000,128.108921,3501,277,0,120,236,2116,11,0
51.799326,3.220000,111.000,33.585000,2.203000,128.109402,3501,277,0,120,236,2116,11,0
51.812939,13.613000,111.000,33.585000,2.203000,128.109867,3501,277,0,120,236,2116,11,0
51.816494,3.555000,111.000,33.585000,2.203000,128.110348,3501,277,0,120,236,2116,11,0
51.829660,13.166000,111.000,33.585000,2.203000,128.110775,3501,277,0,119,231,2106,11,0
51.833200,3.540000,111.000,33.585000,2.203000,128.106800,3499,277,0,119,231,2106,11,0
51.846177,12.977000,111.000,33.585000,2.203000,128.107216,3499,277,0,119,231,2106,11,0
51.849116,2.939000,116.000,30.146000,1.953000,128.100830,3499,277,0,119,231,2106,11,0
51.862997,13.881000,116.000,30.146000,1.953000,128.101311,3499,277,0,119,231,2106,11,0
51.866510,3.513000,116.000,30.146000,1.953000,128.101791,3499,277,0,118,231,2106,11,0
51.880312,13.802000,116.000,30.146000,1.953000,128.100586,3496,277,0,118,231,2106,11,0
51.884147,3.835000,116.000,30.146000,1.953000,128.101067,3496,277,0,116,231,2106,11,0
51.888584,4.437000,116.000,30.146000,1.953000,128.101547,3496,277,0,116,231,2106,11,0
51.905726,17.142000,116.000,30.146000,1.953000,128.102650,3496,277,0,116,231,2106,11,1
51.909203,3.477000,116.000,30.146000,1.953000,128.103130,3496,277,0,118,231,2106,11,1
51.915659,6.456000,116.000,30.146000,1.953000,128.111568,3509,277,0,118,231,2106,11,1
51.928428,12.769000,116.000,30.146000,1.953000,128.112049,3509,277,0,118,231,2106,11,1
51.933333,4.905000,116.000,30.146000,1.953000,128.112171,3515,276,0,118,231,2106,11,0
51.944969,11.636000,116.000,30.146000,1.953000,128.109394,3510,276,0,118,231,2106,11,0
51.949486,4.517000,116.000,30.146000,1.953000,128.109875,3510,276,0,118,231,2106,11,0
51.961786,12.300000,116.000,30.146000,1.953000,128.110355,3510,276,0,118,231,2106,11,0
51.966371,4.585000,116.000,30.146000,1.953000,128.110836,3510,276,0,118,231,2106,11,0
51.995861,29.490000,116.000,30.146000,1.953000,128.216846,3573,285,0,160,311,2266,11,0
51.998297,2.436000,116.000,30.146000,1.953000,128.201763,3573,285,0,129,275,2194,11,0
52.012797,14.500000,116.000,30.146000,1.953000,128.206955,3573,285,0,139,285,2214,11,0
52.016828,4.031000,116.000,30.146000,1.953000,128.193626,3548,285,0,139,285,2214,11,0
52.029365,12.537000,116.000,30.146000,1.953000,128.195759,3551,285,0,139,285,2214,11,0
52.033272,3.907000,116.000,30.146000,1.953000,128.191376,3551,285,0,129,275,2194,11,0
52.045964,12.692000,116.000,30.146000,1.953000,128.191856,3551,285,0,129,275,2194,11,0
52.049634,3.670000,116.000,30.146000,1.953000,128.192337,3551,285,0,129,275,2194,11,0
52.065365,15.731000,116.000,30.146000,1.953000,128.194492,3554,285,0,129,275,2194,11,0
52.070135,4.770000,116.000,30.146000,1.953000,128.194973,3554,285,0,129,275,2194,11,0
52.079661,9.526000,116.000,30.146000,1.953000,128.195454,3554,285,0,129,275,2194,11,0
52.084642,4.981000,116.000,30.146000,1.953000,128.197601,3557,285,0,129,275,2194,11,0
52.088640,3.998000,116.000,30.146000,1.953000,128.198082,3557,285,0,129,275,2194,11,0
52.104474,15.834000,116.000,30.146000,1.953000,128.198517,3557,285,0,128,274,2192,11,0
52.111963,7.489000,116.000,30.146000,1.953000,128.198997,3557,285,0,128,274,2192,11,0
52.117001,5.038000,116.000,30.146000,1.953000,128.196922,3553,285,0,126,238,2120,11,0
52.128477,11.476000,116.000,30.146000,1.953000,128.192993,3551,285,0,126,238,2120,11,0
52.133732,5.255000,116.000,30.146000,1.953000,128.162090,3551,285,0,126,238,2120,11,0
52.144995,11.263000,116.000,30.146000,1.953000,128.162571,3551,285,0,126,238,2120,11,0
52.149508,4.513000,116.000,30.146000,1.953000,128.161407,3548,285,0,126,238,2120,11,0
52.161733,12.225000,116.000,30.146000,1.953000,128.161888,3548,285,0,126,238,2120,11,0
52.166663,4.930000,116.000,30.146000,1.953000,128.162334,3548,285,0,126,238,2120,11,0
52.178481,11.818000,116.000,30.146000,1.953000,128.162815,3548,285,0,123,238,2120,11,0
52.183144,4.663000,116.000,30.146000,1.953000,128.164955,3551,285,0,123,238,2120,11,0
52.195065,11.921000,116.000,30.146000,1.953000,128.165298,3551,285,0,124,237,2118,11,0
52.200161,5.096000,116.000,30.146000,1.953000,128.151459,3540,282,0,124,237,2118,11,0
52.211965,11.804000,116.000,30.146000,1.953000,128.144966,3528,282,0,122,236,2116,11,0
52.216944,4.979000,116.000,30.146000,1.953000,128.162022,3538,286,0,122,236,2116,11,0
52.228545,11.601000,116.000,30.146000,1.953000,128.163189,3538,286,0,123,236,2116,11,0
52.233996,5.451000,116.000,30.146000,1.953000,128.173153,3553,286,0,122,235,2114,11,0
52.245410,11.414000,116.000,30.146000,1.953000,128.169708,3546,286,0,123,237,2118,11,0
52.249419,4.009000,116.000,30.146000,1.953000,128.168457,3543,286,0,121,235,2114,11,0
52.256203,6.784000,116.000,30.146000,1.953000,128.168938,3543,286,0,122,235,2114,11,0
52.271303,15.100000,116.000,30.146000,1.953000,128.169334,3543,286,0,122,234,2112,11,0
52.278274,6.971000,116.000,30.146000,1.953000,128.154282,3534,281,0,119,233,2110,11,0
52.283399,5.125000,116.000,30.146000,1.953000,128.146759,3521,281,0,120,233,2110,11,0
52.294871,11.472000,116.000,30.146000,1.953000,128.147240,3521,281,0,120,233,2110,11,0
52.300661,5.790000,116.000,30.146000,1.953000,128.163879,3523,281,0,132,248,2140,11,0
52.305995,5.334000,116.000,30.146000,1.953000,128.157856,3520,281,0,122,238,2120,11,0
52.321137,15.142000,116.000,30.146000,1.953000,128.159996,3523,281,0,122,238,2120,11,0
52.328516,7.379000,116.000,30.146000,1.953000,128.160477,3523,281,0,122,238,2120,11,0
52.334243,5.727000,116.000,30.146000,1.953000,128.160938,3523,281,0,122,238,2120,11,0
52.338847,4.604000,116.000,30.146000,1.953000,128.161419,3523,281,0,122,238,2120,11,0
52.354434,15.587000,116.000,30.146000,1.953000,128.163548,3526,281,0,122,238,2120,11,0
52.358184,3.750000,116.000,30.146000,1.953000,128.164028,3526,281,0,122,238,2120,11,0
52.371170,12.986000,116.000,30.146000,1.953000,128.164509,3526,281,0,122,238,2120,11,0
52.378354,7.184000,116.000,30.146000,1.953000,128.164944,3526,281,0,122,238,2120,11,0
52.383015,4.661000,116.000,30.146000,1.953000,128.165424,3526,281,0,122,238,2120,11,0
52.395897,12.882000,116.000,30.146000,1.953000,128.165905,3526,281,0,122,238,2120,11,0
52.413540,17.643000,116.000,30.146000,1.953000,128.166386,3526,281,0,122,238,2120,11,0
52.418652,5.112000,116.000,30.146000,1.953000,128.168495,3529,281,0,122,238,2120,11,0
52.424083,5.431000,116.000,30.146000,1.953000,128.167336,3526,281,0,122,238,2120,11,0
52.437189,13.106000,116.000,30.146000,1.953000,128.167728,3526,281,0,122,238,2120,11,0
52.445463,8.274000,116.000,30.146000,1.953000,128.163799,3524,281,0,122,238,2120,11,0
52.450100,4.637000,116.000,30.146000,1.953000,128.164295,3524,281,0,121,233,2110,11,0
52.461907,11.807000,116.000,30.146000,1.953000,128.164696,3524,281,0,121,233,2110,11,0
52.466807,4.900000,116.000,30.146000,1.953000,128.158337,3524,281,0,121,233,2110,11,0
52.478319,11.512000,116.000,30.146000,1.953000,128.158817,3524,281,0,120,233,2110,11,0
52.483196,4.877000,116.000,30.146000,1.953000,128.159283,3524,281,0,120,233,2110,11,0
52.494931,11.735000,116.000,30.146000,1.953000,128.159763,3524,281,0,120,233,2110,11,0
52.501010,6.079000,116.000,30.146000,1.953000,128.342819,3644,329,0,120,233,2110,11,0
52.506834,5.824000,116.000,30.146000,1.953000,128.351997,3644,329,0,133,257,2158,11,0
52.521704,14.870000,116.000,30.146000,1.953000,128.352474,3644,329,0,133,257,2158,11,0
52.525512,3.808000,116.000,30.146000,1.953000,128.358959,3654,329,0,133,257,2158,11,0
52.531954,6.442000,116.000,30.146000,1.953000,128.359425,3654,329,0,133,257,2158,11,0
52.545006,13.052000,116.000,30.146000,1.953000,128.359905,3654,329,0,132,257,2158,11,0
52.549711,4.705000,116.000,30.146000,1.953000,128.358761,3651,329,0,132,257,2158,11,0
52.561880,12.169000,116.000,30.146000,1.953000,128.359241,3651,329,0,132,257,2158,11,0
52.566943,5.063000,116.000,30.146000,1.953000,128.359661,3651,329,0,132,257,2158,11,0
52.578445,11.502000,116.000,30.146000,1.953000,128.360142,3651,329,0,132,257,2158,11,0
52.611174,32.729000,116.000,30.146000,1.953000,128.461205,3705,338,0,174,337,2318,11,0
52.615844,4.670000,116.000,30.146000,1.953000,128.452503,3708,338,0,152,311,2266,11,0
52.628714,12.870000,116.000,30.146000,1.953000,128.434219,3683,338,0,142,301,2246,11,0
52.631654,2.940000,116.000,30.146000,1.953000,128.434700,3683,338,0,142,301,2246,11,0
52.645848,14.194000,116.000,30.146000,1.953000,128.433540,3680,338,0,142,301,2246,11,0
52.650299,4.451000,116.000,30.146000,1.953000,128.434021,3680,338,0,142,301,2246,11,0
52.656122,5.823000,116.000,30.146000,1.953000,128.434502,3680,338,0,142,301,2246,11,0
52.671394,15.272000,116.000,30.146000,1.953000,128.434982,3680,338,0,142,301,2246,11,0
52.678561,7.167000,116.000,30.146000,1.953000,128.435463,3680,338,0,142,301,2246,11,0
52.683764,5.203000,116.000,30.146000,1.953000,128.439262,3686,338,0,142,301,2246,11,0
52.695003,11.239000,116.000,30.146000,1.953000,128.439743,3686,338,0,143,301,2246,11,0
52.699853,4.850000,116.000,30.146000,1.953000,128.440224,3686,338,0,143,301,2246,11,0
52.711814,11.961000,116.000,30.146000,1.953000,128.440704,3686,338,0,143,301,2246,11,0
52.717114,5.300000,116.000,30.146000,1.953000,128.440334,3685,338,0,143,301,2246,11,0
52.728500,11.386000,116.000,30.146000,1.953000,128.440815,3685,338,0,140,265,2174,11,0
52.733501,5.001000,116.000,30.146000,1.953000,128.441227,3685,338,0,140,265,2174,11,0
52.744839,11.338000,116.000,30.146000,1.953000,128.441654,3685,338,0,140,265,2174,11,0
52.748894,4.055000,116.000,30.146000,1.953000,128.406342,3683,338,0,140,265,2174,11,0
52.762879,13.985000,116.000,30.146000,1.953000,128.408501,3686,338,0,140,265,2174,11,0
52.766718,3.839000,116.000,30.146000,1.953000,128.408981,3686,338,0,141,265,2174,11,0
52.780313,13.595000,116.000,30.146000,1.953000,128.409447,3686,338,0,141,265,2174,11,0
52.784139,3.826000,116.000,30.146000,1.953000,128.409927,3686,338,0,141,265,2174,11,0
52.789434,5.295000,116.000,30.146000,1.953000,128.412071,3689,338,0,141,265,2174,11,0
52.803988,14.554000,116.000,30.146000,1.953000,128.412552,3689,338,0,139,265,2174,11,0
52.809489,5.501000,116.000,30.146000,1.953000,128.412861,3689,338,0,139,265,2174,11,0
52.814027,4.538000,116.000,30.146000,1.953000,128.411739,3686,338,0,139,265,2174,11,0
52.830449,16.422000,116.000,30.146000,1.953000,128.406620,3677,338,0,138,264,2172,11,0
52.835910,5.461000,116.000,30.146000,1.953000,128.407101,3677,338,0,139,264,2172,11,0
52.841199,5.289000,116.000,30.146000,1.953000,128.407520,3677,338,0,137,262,2168,11,0
52.853765,12.566000,116.000,30.146000,1.953000,128.395947,3670,334,0,136,261,2166,11,0
52.858982,5.217000,115.000,31.405000,3.547000,128.392063,3663,334,0,136,261,2166,11,0
52.864483,5.501000,115.000,31.405000,3.547000,128.392544,3663,334,0,135,260,2164,11,0
52.879406,14.923000,115.000,31.405000,3.547000,128.393009,3663,334,0,134,259,2162,11,0
52.882933,3.527000,115.000,31.405000,3.547000,128.393406,3663,334,0,133,258,2160,11,0
52.895991,13.058000,115.000,31.405000,3.547000,128.379982,3657,329,0,132,257,2158,11,0
52.899081,3.090000,115.000,31.405000,3.547000,128.374146,3647,329,0,132,257,2158,11,0
52.907067,7.986000,115.000,31.405000,3.547000,128.390778,3649,329,0,143,272,2188,11,0
52.920078,13.011000,115.000,31.405000,3.547000,128.391258,3649,329,0,143,272,2188,11,0
52.929598,9.520000,115.000,31.405000,3.547000,128.388458,3643,329,0,133,262,2168,11,0
52.933249,3.651000,115.000,31.405000,3.547000,128.384075,3643,329,0,132,262,2168,11,0
52.946358,13.109000,115.000,31.405000,3.547000,128.384556,3643,329,0,132,262,2168,11,0
52.949749,3.391000,115.000,31.405000,3.547000,128.385036,3643,329,0,133,262,2168,11,0
52.962751,13.002000,115.000,31.405000,3.547000,128.383877,3640,329,0,133,262,2168,11,0
52.966588,3.837000,115.000,31.405000,3.547000,128.384357,3640,329,0,133,262,2168,11,0
52.979432,12.844000,115.000,31.405000,3.547000,128.384838,3640,329,0,133,262,2168,11,0
52.983136,3.704000,115.000,31.405000,3.547000,128.385319,3640,329,0,132,262,2168,11,0
52.996670,13.534000,115.000,31.405000,3.547000,128.384159,3637,329,0,132,262,2168,11,0
53.000272,3.602000,115.000,31.405000,3.547000,128.384594,3637,329,0,133,262,2168,11,0
53.008590,8.318000,115.000,31.405000,3.547000,128.393417,3647,330,0,133,262,2168,11,1
53.014243,5.653000,115.000,31.405000,3.547000,128.391953,3644,330,0,133,263,2170,11,1
53.029895,15.652000,115.000,31.405000,3.547000,128.391102,3641,330,0,134,263,2170,11,1
53.033631,3.736000,115.000,31.405000,3.547000,128.391582,3641,330,0,134,263,2170,11,1
53.046108,12.477000,115.000,31.405000,3.547000,128.392654,3647,329,0,134,263,2170,11,0
53.049713,3.605000,115.000,31.405000,3.547000,128.385468,3640,329,0,133,258,2160,11,0
53.062556,12.843000,115.000,31.405000,3.547000,128.387596,3643,329,0,133,258,2160,11,0
53.065712,3.156000,115.000,31.405000,3.547000,128.388077,3643,329,0,133,258,2160,11,0
53.080894,15.182000,115.000,31.405000,3.547000,128.381752,3643,329,0,133,258,2160,11,0
53.095874,14.980000,115.000,31.405000,3.547000,128.382233,3643,329,0,133,258,2160,11,0
53.099350,3.476000,115.000,31.405000,3.547000,128.382713,3643,329,0,133,258,2160,11,0
53.112637,13.287000,115.000,31.405000,3.547000,128.383163,3643,329,0,133,258,2160,11,0
53.115865,3.228000,115.000,31.405000,3.547000,128.383644,3643,329,0,132,258,2160,11,0
53.129258,13.393000,115.000,31.405000,3.547000,128.382484,3640,329,0,132,258,2160,11,0
53.132419,3.161000,115.000,31.405000,3.547000,128.382965,3640,329,0,135,258,2160,11,0
53.146112,13.693000,115.000,31.405000,3.547000,128.389450,3650,329,0,135,258,2160,11,0
53.149378,3.266000,115.000,31.405000,3.547000,128.389931,3650,329,0,132,258,2160,11,0
53.163913,14.535000,115.000,31.405000,3.547000,128.390427,3650,329,0,132,258,2160,11,0
53.179304,15.391000,115.000,31.405000,3.547000,128.390877,3650,329,0,134,258,2160,11,0
53.182701,3.397000,115.000,31.405000,3.547000,128.391357,3650,329,0,133,258,2160,11,0
53.196868,14.167000,115.000,31.405000,3.547000,128.391869,3650,329,0,133,257,2158,11,0
53.229415,32.547000,115.000,31.405000,3.547000,128.494648,3707,338,0,176,339,2322,11,0
53.234469,5.054000,115.000,31.405000,3.547000,128.503689,3726,342,0,153,312,2268,11,0
53.245771,11.302000,115.000,31.405000,3.547000,128.485855,3701,342,0,145,304,2252,11,0
53.249281,3.510000,115.000,31.405000,3.547000,128.486336,3701,342,0,145,304,2252,11,0
53.262865,13.584000,115.000,31.405000,3.547000,128.486816,3701,342,0,145,304,2252,11,0
53.266915,4.050000,115.000,31.405000,3.547000,128.487297,3701,342,0,145,304,2252,11,0
53.280407,13.492000,115.000,31.405000,3.547000,128.487236,3698,342,0,145,304,2252,11,2
53.284514,4.107000,115.000,31.405000,3.547000,128.487717,3698,342,0,145,304,2252,11,2
53.289251,4.737000,115.000,31.405000,3.547000,128.477798,3693,339,0,144,303,2250,11,2
53.304255,15.004000,115.000,31.405000,3.547000,128.475159,3687,339,0,144,303,2250,11,2
53.311875,7.620000,115.000,31.405000,3.547000,128.475639,3687,339,0,144,303,2250,11,2
53.317991,6.116000,115.000,31.405000,3.547000,128.494823,3712,341,0,144,303,2250,11,0
53.322992,5.001000,115.000,31.405000,3.547000,128.486332,3698,341,0,147,305,2254,11,0
53.342385,19.393000,115.000,31.405000,3.547000,128.486809,3698,341,0,145,269,2182,11,0
53.344703,2.318000,115.000,31.405000,3.547000,128.487289,3698,341,0,145,269,2182,11,0
53.347375,2.672000,115.000,31.405000,3.547000,128.487770,3698,341,0,145,269,2182,11,0
53.362200,14.825000,115.000,31.405000,3.547000,128.456791,3698,341,0,145,269,2182,11,0
53.367420,5.220000,115.000,31.405000,3.547000,128.452808,3696,341,0,144,268,2180,11,0
53.372659,5.239000,115.000,31.405000,3.547000,128.450054,3691,341,0,144,268,2180,11,0
53.387713,15.054000,115.000,31.405000,3.547000,128.453846,3697,341,0,144,268,2180,11,0
53.396935,9.222000,115.000,31.405000,3.547000,128.454327,3697,341,0,144,268,2180,11,0
53.414410,17.475000,115.000,31.405000,3.547000,128.456440,3700,341,0,144,268,2180,11,0
53.429811,15.401000,115.000,31.405000,3.547000,128.458366,3703,341,0,142,268,2180,11,0
53.433609,3.798000,115.000,31.405000,3.547000,128.455345,3697,341,0,142,267,2178,11,0
53.446838,13.229000,115.000,31.405000,3.547000,128.455818,3697,341,0,142,267,2178,11,0
53.450693,3.855000,115.000,31.405000,3.547000,128.456299,3697,341,0,139,265,2174,11,0
53.457027,6.334000,115.000,31.405000,3.547000,128.458458,3700,341,0,138,264,2172,11,0
53.470095,13.068000,115.000,31.405000,3.547000,128.448524,3696,337,0,139,264,2172,11,0
53.479946,9.851000,115.000,31.405000,3.547000,128.444588,3689,337,0,139,264,2172,11,0
53.483759,3.813000,115.000,31.405000,3.547000,128.445068,3689,337,0,135,260,2164,11,0
53.496295,12.536000,115.000,31.405000,3.547000,128.447140,3692,337,0,134,259,2162,11,0
53.500052,3.757000,115.000,31.405000,3.547000,128.432087,3683,332,0,133,258,2160,11,0
53.513213,13.161000,115.000,31.405000,3.547000,128.427830,3676,332,0,133,258,2160,11,0
53.520907,7.694000,115.000,31.405000,3.547000,128.444458,3678,332,0,145,273,2190,11,0
53.525079,4.172000,115.000,31.405000,3.547000,128.444939,3678,332,0,134,263,2170,11,0
53.537515,12.436000,115.000,31.405000,3.547000,128.440556,3678,332,0,134,263,2170,11,0
53.544959,7.444000,115.000,31.405000,3.547000,128.441036,3678,332,0,135,263,2170,11,0
53.549961,5.002000,115.000,31.405000,3.547000,128.439877,3675,332,0,135,263,2170,11,0
53.561825,11.864000,115.000,31.405000,3.547000,128.440357,3675,332,0,134,263,2170,11,0
53.566766,4.941000,115.000,31.405000,3.547000,128.440838,3675,332,0,134,263,2170,11,0
53.579378,12.612000,115.000,31.405000,3.547000,128.441319,3675,332,0,134,263,2170,11,0
53.596532,17.154000,115.000,31.405000,3.547000,128.422497,3668,326,0,132,261,2166,11,0
53.600368,3.836000,115.000,31.405000,3.547000,128.415592,3656,326,0,133,261,2166,11,0
53.606955,6.587000,115.000,31.405000,3.547000,128.416054,3656,326,0,133,261,2166,11,0
53.621191,14.236000,115.000,31.405000,3.547000,128.416534,3656,326,0,133,261,2166,11,0
53.628348,7.157000,115.000,31.405000,3.547000,128.413734,3650,326,0,132,261,2166,11,0
53.633284,4.936000,115.000,31.405000,3.547000,128.412575,3647,326,0,132,261,2166,11,0
53.644875,11.591000,115.000,31.405000,3.547000,128.413055,3647,326,0,133,261,2166,11,0
53.649236,4.361000,115.000,31.405000,3.547000,128.411896,3644,326,0,133,261,2166,11,0
53.661688,12.452000,115.000,31.405000,3.547000,128.412376,3644,326,0,131,256,2156,11,0
53.666558,4.870000,115.000,31.405000,3.547000,128.412804,3644,326,0,131,256,2156,11,0
53.678489,11.931000,115.000,31.405000,3.547000,128.408875,3642,326,0,130,254,2152,11,0
53.683231,4.742000,115.000,31.405000,3.547000,128.399902,3639,326,0,130,254,2152,11,0
53.696105,12.874000,115.000,31.405000,3.547000,128.400383,3639,326,0,128,254,2152,11,0
53.700258,4.153000,115.000,31.405000,3.547000,128.400879,3639,326,0,128,254,2152,11,0
53.706743,6.485000,115.000,31.405000,3.547000,128.401360,3639,326,0,127,254,2152,11,0
53.721155,14.412000,115.000,31.405000,3.547000,128.400261,3636,326,0,127,254,2152,11,0
53.728403,7.248000,115.000,31.405000,3.547000,128.400742,3636,326,0,129,254,2152,11,0
53.733244,4.841000,115.000,31.405000,3.547000,128.399597,3633,326,0,129,254,2152,11,0
53.745264,12.020000,115.000,31.405000,3.547000,128.406082,3643,326,0,128,254,2152,11,0
53.750069,4.805000,115.000,31.405000,3.547000,128.408195,3646,326,0,128,254,2152,11,0
53.755527,5.458000,115.000,31.405000,3.547000,128.408676,3646,326,0,129,254,2152,11,0
53.771459,15.932000,115.000,31.405000,3.547000,128.409164,3646,326,0,129,254,2152,11,0
53.776656,5.197000,115.000,31.405000,3.547000,128.409645,3646,326,0,129,254,2152,11,0
53.782189,5.533000,115.000,31.405000,3.547000,128.410110,3646,326,0,129,254,2152,11,0
53.795021,12.832000,115.000,31.405000,3.547000,128.410591,3646,326,0,128,254,2152,11,0
53.831368,36.347000,115.000,31.405000,3.547000,128.514431,3703,335,0,172,336,2316,11,0
53.845126,13.758000,115.000,31.405000,3.547000,128.505032,3703,335,0,152,310,2264,11,0
53.847944,2.818000,115.000,31.405000,3.547000,128.485199,3675,335,0,142,300,2244,11,0
53.862569,14.625000,108.000,35.252000,2.145000,128.485680,3675,335,0,142,300,2244,11,0
53.866125,3.556000,108.000,35.252000,2.145000,128.486160,3675,335,0,142,300,2244,11,0
53.879550,13.425000,108.000,35.252000,2.145000,128.486641,3675,335,0,142,300,2244,11,0
53.883572,4.022000,108.000,35.252000,2.145000,128.487076,3675,335,0,142,300,2244,11,0
53.895650,12.078000,108.000,35.252000,2.145000,128.487556,3675,335,0,142,300,2244,11,0
53.899159,3.509000,108.000,35.252000,2.145000,128.487991,3675,335,0,142,300,2244,11,0
53.912728,13.569000,108.000,35.252000,2.145000,128.488472,3675,335,0,142,300,2244,11,0
53.916702,3.974000,108.000,35.252000,2.145000,128.488953,3675,335,0,142,300,2244,11,0
53.929953,13.251000,108.000,35.252000,2.145000,128.489433,3675,335,0,142,300,2244,11,0
53.934010,4.057000,108.000,35.252000,2.145000,128.487411,3671,335,0,140,264,2172,11,0
53.938893,4.883000,108.000,35.252000,2.145000,128.487846,3671,335,0,140,264,2172,11,0
53.954480,15.587000,108.000,35.252000,2.145000,128.488274,3671,335,0,140,264,2172,11,0
53.962120,7.640000,108.000,35.252000,2.145000,128.452915,3669,335,0,140,264,2172,11,0
53.967027,4.907000,108.000,35.252000,2.145000,128.453388,3669,335,0,140,264,2172,11,0
53.978478,11.451000,108.000,35.252000,2.145000,128.455769,3672,335,0,142,264,2172,11,0
53.983554,5.076000,108.000,35.252000,2.145000,128.448994,3660,335,0,142,264,2172,11,0
53.995086,11.532000,108.000,35.252000,2.145000,128.449474,3660,335,0,141,264,2172,11,0
54.000419,5.333000,108.000,35.252000,2.145000,128.449986,3660,335,0,141,264,2172,11,0
54.006170,5.751000,108.000,35.252000,2.145000,128.450466,3660,335,0,141,264,2172,11,0
54.021236,15.066000,108.000,35.252000,2.145000,128.452427,3663,335,0,141,264,2172,11,0
54.028457,7.221000,108.000,35.252000,2.145000,128.449406,3657,335,0,141,264,2172,11,0
54.033802,5.345000,108.000,35.252000,2.145000,128.449848,3657,335,0,141,264,2172,11,0
54.039072,5.270000,108.000,35.252000,2.145000,128.450329,3657,335,0,140,263,2170,11,0
54.054815,15.743000,108.000,35.252000,2.145000,128.450825,3657,335,0,139,262,2168,11,0
54.061911,7.096000,108.000,35.252000,2.145000,128.451305,3657,335,0,139,261,2166,11,0
54.067023,5.112000,108.000,35.252000,2.145000,128.441341,3653,331,0,138,260,2164,11,0
54.078434,11.411000,108.000,35.252000,2.145000,128.437473,3646,331,0,137,260,2164,11,0
54.082399,3.965000,108.000,35.252000,2.145000,128.437954,3646,331,0,135,258,2160,11,0
54.096307,13.908000,108.000,35.252000,2.145000,128.441730,3652,331,0,135,258,2160,11,0
54.099878,3.571000,108.000,35.252000,2.145000,128.442127,3652,331,0,134,257,2158,11,0
54.113271,13.393000,108.000,35.252000,2.145000,128.427620,3643,326,0,133,256,2156,11,1
54.117352,4.081000,108.000,35.252000,2.145000,128.421783,3633,326,0,134,256,2156,11,1
54.128999,11.647000,108.000,35.252000,2.145000,128.440392,3638,326,0,145,271,2186,11,1
54.132841,3.842000,108.000,35.252000,2.145000,128.440872,3638,326,0,145,271,2186,11,1
54.146435,13.594000,108.000,35.252000,2.145000,128.437134,3644,325,0,135,261,2166,11,0
54.150033,3.598000,108.000,35.252000,2.145000,128.434357,3639,325,0,136,261,2166,11,0
54.162833,12.800000,108.000,35.252000,2.145000,128.436413,3642,325,0,136,261,2166,11,0
54.166661,3.828000,108.000,35.252000,2.145000,128.436893,3642,325,0,136,261,2166,11,0
54.179781,13.120000,108.000,35.252000,2.145000,128.437389,3642,325,0,136,261,2166,11,0
54.182742,2.961000,108.000,35.252000,2.145000,128.437870,3642,325,0,136,261,2166,11,0
54.195967,13.225000,108.000,35.252000,2.145000,128.440002,3645,325,0,136,261,2166,11,0
54.199131,3.164000,108.000,35.252000,2.145000,128.440483,3645,325,0,136,261,2166,11,0
54.212792,13.661000,108.000,35.252000,2.145000,128.440979,3645,325,0,136,261,2166,11,0
54.216507,3.715000,108.000,35.252000,2.145000,128.441460,3645,325,0,136,261,2166,11,0
54.230229,13.722000,108.000,35.252000,2.145000,128.441925,3645,325,0,136,261,2166,11,0
54.234385,4.156000,108.000,35.252000,2.145000,128.445618,3650,325,0,136,261,2166,11,0
54.239204,4.819000,108.000,35.252000,2.145000,128.444214,3647,325,0,136,261,2166,11,0
54.253308,14.104000,108.000,35.252000,2.145000,128.443054,3644,325,0,136,261,2166,11,0
54.258998,5.690000,108.000,35.252000,2.145000,128.443520,3644,325,0,136,261,2166,11,0
54.263927,4.929000,108.000,35.252000,2.145000,128.444000,3644,325,0,135,256,2156,11,0
54.279537,15.610000,108.000,35.252000,2.145000,128.444443,3644,325,0,135,256,2156,11,0
54.283459,3.922000,108.000,35.252000,2.145000,128.440514,3642,325,0,135,256,2156,11,0
54.295834,12.375000,108.000,35.252000,2.145000,128.435719,3645,325,0,135,256,2156,11,0
54.298966,3.132000,108.000,35.252000,2.145000,128.436199,3645,325,0,134,256,2156,11,0
54.313026,14.060000,108.000,35.252000,2.145000,128.436676,3645,325,0,133,255,2154,11,0
54.316732,3.706000,108.000,35.252000,2.145000,128.437157,3645,325,0,134,255,2154,11,0
54.329677,12.945000,108.000,35.252000,2.145000,128.434341,3639,325,0,134,255,2154,11,0
54.333195,3.518000,108.000,35.252000,2.145000,128.434822,3639,325,0,132,255,2154,11,0
54.346911,13.716000,108.000,35.252000,2.145000,128.435303,3639,325,0,132,255,2154,11,0
54.350160,3.249000,108.000,35.252000,2.145000,128.435783,3639,325,0,133,255,2154,11,0
54.357106,6.946000,108.000,35.252000,2.145000,128.440598,3646,325,0,133,255,2154,11,0
54.369999,12.893000,108.000,35.252000,2.145000,128.441078,3646,325,0,134,255,2154,11,0
54.381208,11.209000,108.000,35.252000,2.145000,128.441544,3646,325,0,134,255,2154,11,0
54.385466,4.258000,108.000,35.252000,2.145000,128.442024,3646,325,0,132,255,2154,11,0
54.390751,5.285000,108.000,35.252000,2.145000,128.440865,3643,325,0,132,255,2154,11,0
54.404170,13.419000,108.000,35.252000,2.145000,128.441345,3643,325,0,133,255,2154,11,0
54.409044,4.874000,108.000,35.252000,2.145000,128.431320,3638,322,0,133,254,2152,11,0
54.430330,21.286000,108.000,35.252000,2.145000,128.544315,3699,335,0,170,331,2306,11,0
54.445209,14.879000,108.000,35.252000,2.145000,128.527256,3696,335,0,137,295,2234,11,0
54.448092,2.883000,108.000,35.252000,2.145000,128.532448,3696,335,0,147,305,2254,11,0
54.461683,13.591000,108.000,35.252000,2.145000,128.507607,3669,330,0,136,294,2232,11,0
54.464116,2.433000,108.000,35.252000,2.145000,128.497677,3659,330,0,136,294,2232,11,0
54.478366,14.250000,108.000,35.252000,2.145000,128.498158,3659,330,0,136,294,2232,11,0
54.481100,2.734000,108.000,35.252000,2.145000,128.500298,3662,330,0,136,294,2232,11,0
54.495013,13.913000,108.000,35.252000,2.145000,128.500679,3662,330,0,136,294,2232,11,0
54.497002,1.989000,108.000,35.252000,2.145000,128.501160,3662,330,0,136,294,2232,11,0
54.511867,14.865000,108.000,35.252000,2.145000,128.501640,3662,330,0,136,294,2232,11,0
54.513938,2.071000,108.000,35.252000,2.145000,128.500481,3659,330,0,136,294,2232,11,0
54.528310,14.372000,108.000,35.252000,2.145000,128.500961,3659,330,0,136,294,2232,11,0
54.530320,2.010000,108.000,35.252000,2.145000,128.501396,3659,330,0,136,294,2232,11,0
54.544993,14.673000,108.000,35.252000,2.145000,128.499329,3655,330,0,136,294,2232,11,0
54.546901,1.908000,108.000,35.252000,2.145000,128.499809,3655,330,0,134,258,2160,11,0
54.561878,14.977000,108.000,35.252000,2.145000,128.500237,3655,330,0,134,258,2160,11,0
54.564045,2.167000,108.000,35.252000,2.145000,128.496307,3653,330,0,134,258,2160,11,0
54.578610,14.565000,108.000,35.252000,2.145000,128.467361,3656,330,0,134,258,2160,11,0
54.580599,1.989000,108.000,35.252000,2.145000,128.467796,3656,330,0,134,257,2158,11,0
54.595152,14.553000,108.000,35.252000,2.145000,128.468258,3656,330,0,134,257,2158,11,0
54.597168,2.016000,108.000,35.252000,2.145000,128.465549,3651,330,0,135,257,2158,11,0
54.611810,14.642000,108.000,35.252000,2.145000,128.466038,3651,330,0,135,257,2158,11,0
54.613962,2.152000,108.000,35.252000,2.145000,128.466473,3651,330,0,135,257,2158,11,0
54.628664,14.702000,108.000,35.252000,2.145000,128.466831,3651,330,0,135,257,2158,11,0
54.630826,2.162000,108.000,35.252000,2.145000,128.463810,3645,330,0,134,257,2158,11,0
54.645130,14.304000,108.000,35.252000,2.145000,128.464275,3645,330,0,133,256,2156,11,0
54.647183,2.053000,108.000,35.252000,2.145000,128.464710,3645,330,0,133,256,2156,11,0
54.662259,15.076000,108.000,35.252000,2.145000,128.465191,3645,330,0,131,254,2152,11,0
54.664948,2.689000,108.000,35.252000,2.145000,128.465672,3645,330,0,128,253,2150,11,0
54.680072,15.124000,108.000,35.252000,2.145000,128.455692,3641,326,0,128,253,2150,11,0
54.683838,3.766000,108.000,35.252000,2.145000,128.450184,3631,326,0,130,253,2150,11,0
54.696007,12.169000,108.000,35.252000,2.145000,128.450665,3631,326,0,128,251,2146,11,0
54.699495,3.488000,108.000,35.252000,2.145000,128.451061,3631,326,0,125,250,2144,11,0
54.713324,13.829000,108.000,35.252000,2.145000,128.437637,3625,321,0,124,249,2142,11,0
54.716822,3.498000,108.000,35.252000,2.145000,128.430161,3612,321,0,126,249,2142,11,0
54.723160,6.338000,108.000,35.252000,2.145000,128.446781,3614,321,0,138,264,2172,11,0
54.737513,14.353000,108.000,35.252000,2.145000,128.447231,3614,321,0,138,264,2172,11,0
54.744834,7.321000,108.000,35.252000,2.145000,128.442848,3614,321,0,128,254,2152,11,0
54.749000,4.166000,108.000,35.252000,2.145000,128.443314,3614,321,0,128,254,2152,11,0
54.762376,13.376000,108.000,35.252000,2.145000,128.443714,3614,321,0,128,254,2152,11,0
54.766472,4.096000,108.000,35.252000,2.145000,128.444210,3614,321,0,128,254,2152,11,0
54.778251,11.779000,108.000,35.252000,2.145000,128.433163,3610,317,0,128,254,2152,11,0
54.782490,4.239000,108.000,35.252000,2.145000,128.433754,3610,317,0,128,254,2152,11,0
54.795342,12.852000,108.000,35.252000,2.145000,128.434189,3610,317,0,128,254,2152,11,0
54.800113,4.771000,108.000,35.252000,2.145000,128.434658,3610,317,0,128,254,2152,11,0
54.811800,11.687000,108.000,35.252000,2.145000,128.433498,3607,317,0,128,254,2152,11,0
54.815558,3.758000,108.000,35.252000,2.145000,128.433910,3607,317,0,128,254,2152,11,0
54.829435,13.877000,108.000,35.252000,2.145000,128.436043,3610,317,0,128,254,2152,11,0
54.833047,3.612000,108.000,35.252000,2.145000,128.436523,3610,317,0,128,254,2152,11,0
54.845543,12.496000,108.000,35.252000,2.145000,128.437004,3610,317,0,128,254,2152,11,0
54.848548,3.005000,108.000,35.252000,2.145000,128.437485,3610,317,0,128,254,2152,11,0
54.859114,10.566000,118.000,20.625000,1.968000,128.439632,3613,317,0,128,254,2152,11,0
54.864050,4.936000,118.000,20.625000,1.968000,128.435650,3611,317,0,128,254,2152,11,0
54.880185,16.135000,118.000,20.625000,1.968000,128.436069,3611,317,0,127,249,2142,11,0
54.883697,3.512000,118.000,20.625000,1.968000,128.436550,3611,317,0,127,249,2142,11,0
54.895946,12.249000,118.000,20.625000,1.968000,128.438713,3614,317,0,127,249,2142,11,0
54.898949,3.003000,118.000,20.625000,1.968000,128.432327,3614,317,0,127,249,2142,11,0
54.912825,13.876000,118.000,20.625000,1.968000,128.432762,3614,317,0,127,249,2142,11,0
54.916238,3.413000,118.000,20.625000,1.968000,128.433243,3614,317,0,126,249,2142,11,0
54.929799,13.561000,118.000,20.625000,1.968000,128.433754,3614,317,0,126,249,2142,11,0
54.933318,3.519000,118.000,20.625000,1.968000,128.434235,3614,317,0,127,249,2142,11,0
54.946411,13.093000,118.000,20.625000,1.968000,128.434685,3614,317,0,127,249,2142,11,0
54.949569,3.158000,118.000,20.625000,1.968000,128.433525,3611,317,0,126,249,2142,11,0
54.963280,13.711000,118.000,20.625000,1.968000,128.434021,3611,317,0,126,249,2142,11,0
54.967295,4.015000,118.000,20.625000,1.968000,128.440460,3621,317,0,127,249,2142,11,0
54.973871,6.576000,118.000,20.625000,1.968000,128.440926,3621,317,0,127,249,2142,11,0
54.987055,13.184000,118.000,20.625000,1.968000,128.441406,3621,317,0,127,249,2142,11,0
54.996195,9.140000,118.000,20.625000,1.968000,128.443546,3624,317,0,127,249,2142,11,0
54.999682,3.487000,118.000,20.625000,1.968000,128.444027,3624,317,0,127,249,2142,11,0
55.012910,13.228000,118.000,20.625000,1.968000,128.444489,3624,317,0,127,249,2142,11,0
55.016574,3.664000,118.000,20.625000,1.968000,128.444923,3624,317,0,127,249,2142,11,0
55.048994,32.420000,118.000,20.625000,1.968000,128.545235,3675,326,0,170,331,2306,11,0
55.062851,13.857000,118.000,20.625000,1.968000,128.535835,3675,326,0,150,307,2258,11,0
55.068033,5.182000,118.000,20.625000,1.968000,128.516003,3647,326,0,140,297,2238,11,0
55.072521,4.488000,118.000,20.625000,1.968000,128.516483,3647,326,0,140,297,2238,11,0
55.087488,14.967000,118.000,20.625000,1.968000,128.515324,3644,326,0,140,297,2238,11,0
55.095798,8.310000,118.000,20.625000,1.968000,128.515804,3644,326,0,140,297,2238,11,0
55.099424,3.626000,118.000,20.625000,1.968000,128.516285,3644,326,0,140,297,2238,11,0
55.112562,13.138000,118.000,20.625000,1.968000,128.515125,3641,326,0,140,297,2238,11,0
55.116666,4.104000,118.000,20.625000,1.968000,128.515606,3641,326,0,140,297,2238,11,0
55.129392,12.726000,118.000,20.625000,1.968000,128.516087,3641,326,0,140,297,2238,11,0
55.133257,3.865000,118.000,20.625000,1.968000,128.516567,3641,326,0,140,297,2238,11,0
55.146235,12.978000,118.000,20.625000,1.968000,128.518723,3644,326,0,140,297,2238,11,0
55.149749,3.514000,118.000,20.625000,1.968000,128.516701,3640,326,0,140,297,2238,11,0
55.162765,13.016000,118.000,20.625000,1.968000,128.517181,3640,326,0,138,261,2166,11,0
55.166677,3.912000,118.000,20.625000,1.968000,128.517662,3640,326,0,138,261,2166,11,0
55.173064,6.387000,118.000,20.625000,1.968000,128.482296,3638,326,0,138,261,2166,11,0
55.187349,14.285000,118.000,20.625000,1.968000,128.482811,3638,326,0,138,261,2166,11,0
55.194747,7.398000,118.000,20.625000,1.968000,128.483292,3638,326,0,139,261,2166,11,0
55.199341,4.594000,118.000,20.625000,1.968000,128.484394,3638,326,0,139,261,2166,11,1
55.211809,12.468000,118.000,20.625000,1.968000,128.484875,3638,326,0,139,261,2166,11,1
55.216934,5.125000,118.000,20.625000,1.968000,128.484009,3635,326,0,139,261,2166,11,1
55.228423,11.489000,118.000,20.625000,1.968000,128.484489,3635,326,0,137,261,2166,11,1
55.234384,5.961000,118.000,20.625000,1.968000,128.603458,3755,349,0,137,261,2166,11,0
55.238126,3.742000,118.000,20.625000,1.968000,128.597179,3744,349,0,150,273,2190,11,0
55.254998,16.872000,118.000,20.625000,1.968000,128.597614,3744,349,0,150,273,2190,11,0
55.258968,3.970000,118.000,20.625000,1.968000,128.598095,3744,349,0,149,272,2188,11,0
55.264144,5.176000,118.000,20.625000,1.968000,128.598576,3744,349,0,148,271,2186,11,0
55.279518,15.374000,118.000,20.625000,1.968000,128.599072,3744,349,0,147,270,2184,11,0
55.283221,3.703000,118.000,20.625000,1.968000,128.599552,3744,349,0,146,269,2182,11,0
55.296312,13.091000,118.000,20.625000,1.968000,128.589558,3740,345,0,146,269,2182,11,0
55.299476,3.164000,118.000,20.625000,1.968000,128.585690,3733,345,0,146,269,2182,11,0
55.312988,13.512000,118.000,20.625000,1.968000,128.586185,3733,345,0,144,267,2178,11,0
55.316968,3.980000,118.000,20.625000,1.968000,128.586582,3733,345,0,143,266,2176,11,0
55.323905,6.937000,118.000,20.625000,1.968000,128.571453,3724,340,0,142,265,2174,11,0
55.336349,12.444000,118.000,20.625000,1.968000,128.565617,3714,340,0,144,265,2174,11,0
55.345614,9.265000,118.000,20.625000,1.968000,128.566113,3714,340,0,144,265,2174,11,0
55.350482,4.868000,118.000,20.625000,1.968000,128.582760,3716,340,0,155,280,2204,11,0
55.357208,6.726000,118.000,20.625000,1.968000,128.578377,3716,340,0,145,270,2184,11,0
55.370024,12.816000,118.000,20.625000,1.968000,128.578857,3716,340,0,145,270,2184,11,0
55.379282,9.258000,118.000,20.625000,1.968000,128.579338,3716,340,0,145,270,2184,11,0
55.382930,3.648000,118.000,20.625000,1.968000,128.578178,3713,340,0,144,270,2184,11,0
55.396443,13.513000,118.000,20.625000,1.968000,128.578613,3713,340,0,144,270,2184,11,0
55.400047,3.604000,118.000,20.625000,1.968000,128.579094,3713,340,0,143,269,2182,11,0
55.407535,7.488000,118.000,20.625000,1.968000,128.579575,3713,340,0,143,269,2182,11,0
55.422741,15.206000,118.000,20.625000,1.968000,128.580055,3713,340,0,143,269,2182,11,0
55.437631,14.890000,118.000,20.625000,1.968000,128.582195,3716,340,0,143,269,2182,11,0
55.446685,9.054000,118.000,20.625000,1.968000,128.582657,3716,340,0,144,269,2182,11,0
55.450228,3.543000,118.000,20.625000,1.968000,128.583138,3716,340,0,144,269,2182,11,0
55.462136,11.908000,118.000,20.625000,1.968000,128.583710,3716,340,0,144,269,2182,11,0
55.464725,2.589000,118.000,20.625000,1.968000,128.584190,3716,340,0,143,269,2182,11,0
55.478438,13.713000,118.000,20.625000,1.968000,128.584671,3716,340,0,143,269,2182,11,0
55.480803,2.365000,118.000,20.625000,1.968000,128.585152,3716,340,0,144,269,2182,11,0
55.495144,14.341000,118.000,20.625000,1.968000,128.588875,3722,340,0,143,264,2172,11,0
55.497260,2.116000,118.000,20.625000,1.968000,128.574547,3715,337,0,141,263,2170,11,0
55.511917,14.657000,118.000,20.625000,1.968000,128.571236,3709,337,0,141,263,2170,11,0
55.514394,2.477000,118.000,20.625000,1.968000,128.564850,3709,337,0,142,263,2170,11,0
55.529168,14.774000,118.000,20.625000,1.968000,128.455524,3672,301,0,142,263,2170,11,0
55.531678,2.510000,118.000,20.625000,1.968000,128.423840,3622,301,0,132,245,2134,11,0
55.545270,13.592000,118.000,20.625000,1.968000,128.424309,3622,301,0,132,245,2134,11,0
55.547516,2.246000,118.000,20.625000,1.968000,128.424744,3622,301,0,132,245,2134,11,0
55.562039,14.523000,118.000,20.625000,1.968000,128.426872,3625,301,0,132,245,2134,11,0
55.564610,2.571000,118.000,20.625000,1.968000,128.427353,3625,301,0,133,245,2134,11,0
55.578621,14.011000,118.000,20.625000,1.968000,128.435459,3638,301,0,133,245,2134,11,0
55.581133,2.512000,118.000,20.625000,1.968000,128.435940,3638,301,0,132,245,2134,11,0
55.595470,14.337000,118.000,20.625000,1.968000,128.438046,3641,301,0,132,245,2134,11,0
55.597474,2.004000,118.000,20.625000,1.968000,128.438480,3641,301,0,132,245,2134,11,0
55.612455,14.981000,118.000,20.625000,1.968000,128.438957,3641,301,0,132,245,2134,11,0
55.615229,2.774000,118.000,20.625000,1.968000,128.439438,3641,301,0,131,245,2134,11,0
55.628791,13.562000,118.000,20.625000,1.968000,128.439888,3641,301,0,131,245,2134,11,0
55.645347,16.556000,118.000,20.625000,1.968000,128.541626,3698,310,0,173,323,2290,11,0
55.647894,2.547000,118.000,20.625000,1.968000,128.525570,3698,310,0,139,285,2214,11,0
55.661562,13.668000,118.000,20.625000,1.968000,128.524410,3695,310,0,139,285,2214,11,0
55.663938,2.376000,118.000,20.625000,1.968000,128.529602,3695,310,0,149,295,2234,11,0
55.678245,14.307000,118.000,20.625000,1.968000,128.517853,3673,310,0,149,295,2234,11,0
55.680285,2.040000,118.000,20.625000,1.968000,128.513470,3673,310,0,139,285,2214,11,0
55.695057,14.772000,118.000,20.625000,1.968000,128.515621,3676,310,0,139,285,2214,11,0
55.697023,1.966000,118.000,20.625000,1.968000,128.516102,3676,310,0,139,285,2214,11,0
55.711731,14.708000,118.000,20.625000,1.968000,128.516582,3676,310,0,139,285,2214,11,0
55.713790,2.059000,118.000,20.625000,1.968000,128.517063,3676,310,0,139,285,2214,11,0
55.728322,14.532000,118.000,20.625000,1.968000,128.514217,3670,310,0,139,285,2214,11,0
55.730246,1.924000,118.000,20.625000,1.968000,128.526096,3688,310,0,139,285,2214,11,0
55.744899,14.653000,118.000,20.625000,1.968000,128.492886,3634,310,0,139,285,2214,11,0
55.746849,1.950000,118.000,20.625000,1.968000,128.493366,3634,310,0,139,285,2214,11,0
55.761927,15.078000,118.000,20.625000,1.968000,128.492207,3631,310,0,139,285,2214,11,0
55.764020,2.093000,118.000,20.625000,1.968000,128.490185,3627,310,0,139,285,2214,11,0
55.778398,14.378000,118.000,20.625000,1.968000,128.490566,3627,310,0,137,249,2142,11,0
55.780392,1.994000,118.000,20.625000,1.968000,128.486637,3625,310,0,137,249,2142,11,0
55.794860,14.468000,118.000,20.625000,1.968000,128.485477,3622,310,0,137,249,2142,11,0
55.796729,1.869000,118.000,20.625000,1.968000,128.454529,3622,310,0,137,249,2142,11,0
55.811981,15.252000,118.000,20.625000,1.968000,128.453358,3619,310,0,137,249,2142,11,0
55.814171,2.190000,118.000,20.625000,1.968000,128.453838,3619,310,0,137,249,2142,11,0
55.828643,14.472000,118.000,20.625000,1.968000,128.452663,3616,310,0,137,249,2142,11,0
55.830698,2.055000,118.000,20.625000,1.968000,128.453144,3616,310,0,137,249,2142,11,0
55.844916,14.218000,118.000,20.625000,1.968000,128.453659,3616,310,0,137,249,2142,11,0
55.846710,1.794000,118.000,20.625000,1.968000,128.454002,3616,310,0,137,249,2142,11,0
55.862121,15.411000,115.000,31.684000,2.114000,128.452599,3613,310,0,137,249,2142,11,0
55.864664,2.543000,115.000,31.684000,2.114000,128.453079,3613,310,0,134,248,2140,11,0
55.878859,14.195000,115.000,31.684000,2.114000,128.453537,3613,310,0,134,248,2140,11,0
55.881524,2.665000,115.000,31.684000,2.114000,128.454018,3613,310,0,132,246,2136,11,0
55.896465,14.941000,115.000,31.684000,2.114000,128.480095,3648,311,0,132,246,2136,11,0
55.900162,3.697000,115.000,31.684000,2.114000,128.458702,3626,307,0,132,246,2136,11,0
55.911856,11.694000,115.000,31.684000,2.114000,128.453194,3616,307,0,133,246,2136,11,0
55.916545,4.689000,115.000,31.684000,2.114000,128.453674,3616,307,0,131,244,2132,11,0
55.928644,12.099000,115.000,31.684000,2.114000,128.452431,3613,307,0,131,243,2130,11,0
55.933969,5.325000,115.000,31.684000,2.114000,128.437332,3604,302,0,130,242,2128,11,0
55.939028,5.059000,115.000,31.684000,2.114000,128.431496,3594,302,0,129,242,2128,11,0
55.955470,16.442000,115.000,31.684000,2.114000,128.448139,3596,302,0,141,257,2158,11,0
55.961284,5.814000,115.000,31.684000,2.114000,128.448574,3596,302,0,141,257,2158,11,0
55.966250,4.966000,115.000,31.684000,2.114000,128.444191,3596,302,0,131,247,2138,11,0
55.978369,12.119000,115.000,31.684000,2.114000,128.444626,3596,302,0,131,247,2138,11,0
55.983053,4.684000,115.000,31.684000,2.114000,128.445107,3596,302,0,131,247,2138,11,0
55.995693,12.640000,115.000,31.684000,2.114000,128.445587,3596,302,0,130,247,2138,11,0
56.000814,5.121000,115.000,31.684000,2.114000,128.446068,3596,302,0,130,247,2138,11,0
56.005921,5.107000,115.000,31.684000,2.114000,128.446548,3596,302,0,130,247,2138,11,0
56.021788,15.867000,115.000,31.684000,2.114000,128.447029,3596,302,0,130,247,2138,11,0
56.029312,7.524000,115.000,31.684000,2.114000,128.447510,3596,302,0,130,247,2138,11,0
56.034822,5.510000,115.000,31.684000,2.114000,128.447990,3596,302,0,130,247,2138,11,0
56.039227,4.405000,115.000,31.684000,2.114000,128.448471,3596,302,0,131,247,2138,11,0
56.055399,16.172000,115.000,31.684000,2.114000,128.448952,3596,302,0,131,247,2138,11,0
56.062419,7.020000,115.000,31.684000,2.114000,128.449432,3596,302,0,131,247,2138,11,0
56.067629,5.210000,115.000,31.684000,2.114000,128.449913,3596,302,0,120,241,2126,11,0
56.072534,4.905000,115.000,31.684000,2.114000,128.450394,3596,302,0,119,241,2126,11,0
56.087521,14.987000,115.000,31.684000,2.114000,128.449181,3593,302,0,119,241,2126,11,0
56.095079,7.558000,115.000,31.684000,2.114000,128.445251,3591,302,0,118,236,2116,11,0
56.099637,4.558000,115.000,31.684000,2.114000,128.453117,3597,304,0,118,236,2116,11,0
56.111751,12.114000,115.000,31.684000,2.114000,128.447201,3597,304,0,120,237,2118,11,0
56.116666,4.915000,115.000,31.684000,2.114000,128.449352,3600,304,0,120,237,2118,11,0
56.128372,11.706000,115.000,31.684000,2.114000,128.449833,3600,304,0,119,237,2118,11,0
56.133011,4.639000,115.000,31.684000,2.114000,128.450310,3600,304,0,119,237,2118,11,0
56.144969,11.958000,115.000,31.684000,2.114000,128.450790,3600,304,0,119,237,2118,11,0
56.149419,4.450000,115.000,31.684000,2.114000,128.451256,3600,304,0,119,237,2118,11,0
56.161746,12.327000,115.000,31.684000,2.114000,128.451736,3600,304,0,118,237,2118,11,0
56.166459,4.713000,115.000,31.684000,2.114000,128.452217,3600,304,0,118,237,2118,11,0
56.178422,11.963000,115.000,31.684000,2.114000,128.458702,3610,304,0,118,237,2118,11,0
56.183218,4.796000,115.000,31.684000,2.114000,128.462490,3616,304,0,118,237,2118,11,0
56.194849,11.631000,115.000,31.684000,2.114000,128.462971,3616,304,0,120,237,2118,11,0
56.198838,3.989000,115.000,31.684000,2.114000,128.463425,3616,304,0,120,237,2118,11,0
56.211735,12.897000,115.000,31.684000,2.114000,128.463905,3616,304,0,118,237,2118,11,0
56.219374,7.639000,115.000,31.684000,2.114000,128.466034,3619,304,0,118,237,2118,11,0
56.223670,4.296000,115.000,31.684000,2.114000,128.466515,3619,304,0,118,237,2118,11,0
56.252036,28.366000,115.000,31.684000,2.114000,128.570160,3676,313,0,162,319,2282,11,0
56.255976,3.940000,115.000,31.684000,2.114000,128.572308,3679,313,0,131,279,2202,11,0
56.270105,14.129000,115.000,31.684000,2.114000,128.539062,3649,313,0,132,279,2202,11,0
56.279298,9.193000,115.000,31.684000,2.114000,128.544228,3649,313,0,141,289,2222,11,0
56.283281,3.983000,115.000,31.684000,2.114000,128.530899,3624,313,0,141,289,2222,11,0
56.296053,12.772000,115.000,31.684000,2.114000,128.528183,3627,313,0,131,279,2202,11,0
56.299647,3.594000,115.000,31.684000,2.114000,128.528664,3627,313,0,131,279,2202,11,0
56.313279,13.632000,115.000,31.684000,2.114000,128.529751,3627,313,0,131,279,2202,11,1
56.317426,4.147000,115.000,31.684000,2.114000,128.530231,3627,313,0,131,279,2202,11,1
56.323317,5.891000,115.000,31.684000,2.114000,128.531021,3627,313,0,131,279,2202,11,1
56.337291,13.974000,115.000,31.684000,2.114000,128.531502,3627,313,0,131,279,2202,11,1
56.345817,8.526000,115.000,31.684000,2.114000,128.531181,3633,312,0,132,279,2202,11,0
56.350267,4.450000,115.000,31.684000,2.114000,128.528404,3628,312,0,132,279,2202,11,0
56.356088,5.821000,115.000,31.684000,2.114000,128.527245,3625,312,0,132,279,2202,11,0
56.370784,14.696000,115.000,31.684000,2.114000,128.527725,3625,312,0,132,279,2202,11,0
56.378349,7.565000,115.000,31.684000,2.114000,128.525703,3621,312,0,131,279,2202,11,0
56.383408,5.059000,115.000,31.684000,2.114000,128.527855,3624,312,0,129,243,2130,11,0
56.395017,11.609000,115.000,31.684000,2.114000,128.523872,3622,312,0,130,243,2130,11,0
56.400354,5.337000,115.000,31.684000,2.114000,128.492954,3622,312,0,130,243,2130,11,0
56.408014,7.660000,115.000,31.684000,2.114000,128.493435,3622,312,0,130,243,2130,11,0
56.416713,8.699000,115.000,31.684000,2.114000,128.490635,3616,312,0,130,243,2130,11,0
56.428332,11.619000,115.000,31.684000,2.114000,128.491116,3616,312,0,130,243,2130,11,0
56.433189,4.857000,115.000,31.684000,2.114000,128.491653,3616,312,0,130,243,2130,11,0
56.444882,11.693000,115.000,31.684000,2.114000,128.492134,3616,312,0,131,243,2130,11,0
56.449564,4.682000,115.000,31.684000,2.114000,128.490822,3613,312,0,131,243,2130,11,0
56.461806,12.242000,115.000,31.684000,2.114000,128.487801,3607,312,0,129,243,2130,11,0
56.466754,4.948000,115.000,31.684000,2.114000,128.488281,3607,312,0,128,242,2128,11,0
56.478286,11.532000,115.000,31.684000,2.114000,128.488762,3607,312,0,130,242,2128,11,0
56.483262,4.976000,115.000,31.684000,2.114000,128.487587,3604,312,0,128,240,2124,11,0
56.494941,11.679000,115.000,31.684000,2.114000,128.488068,3604,312,0,127,240,2124,11,0
56.500834,5.893000,115.000,31.684000,2.114000,128.478104,3600,308,0,125,238,2120,11,0
56.505848,5.014000,115.000,31.684000,2.114000,128.474236,3593,308,0,125,238,2120,11,0
56.521915,16.067000,115.000,31.684000,2.114000,128.656940,3710,356,0,123,236,2116,11,0
56.528476,6.561000,115.000,31.684000,2.114000,128.666080,3710,356,0,136,259,2162,11,0
56.533613,5.137000,115.000,31.684000,2.114000,128.664597,3707,356,0,135,258,2160,11,0
56.545151,11.538000,115.000,31.684000,2.114000,128.651413,3701,351,0,134,258,2160,11,0
56.549945,4.794000,115.000,31.684000,2.114000,128.647205,3694,351,0,134,258,2160,11,0
56.556167,6.222000,115.000,31.684000,2.114000,128.663826,3696,351,0,146,273,2190,11,0
56.571304,15.137000,115.000,31.684000,2.114000,128.664307,3696,351,0,136,263,2170,11,0
56.578408,7.104000,115.000,31.684000,2.114000,128.659924,3696,351,0,136,263,2170,11,0
56.583198,4.790000,115.000,31.684000,2.114000,128.660389,3696,351,0,136,263,2170,11,0
56.595994,12.796000,115.000,31.684000,2.114000,128.660870,3696,351,0,135,263,2170,11,0
56.601937,5.943000,115.000,31.684000,2.114000,128.650906,3691,348,0,134,262,2168,11,0
56.606753,4.816000,115.000,31.684000,2.114000,128.647694,3685,348,0,134,262,2168,11,0
56.621265,14.512000,115.000,31.684000,2.114000,128.661804,3692,352,0,134,262,2168,11,0
56.628422,7.157000,115.000,31.684000,2.114000,128.662971,3692,352,0,136,264,2172,11,0
56.633428,5.006000,115.000,31.684000,2.114000,128.663448,3692,352,0,136,264,2172,11,0
56.644833,11.405000,115.000,31.684000,2.114000,128.663929,3692,352,0,135,264,2172,11,0
56.648936,4.103000,115.000,31.684000,2.114000,128.666069,3695,352,0,135,264,2172,11,0
56.661763,12.827000,115.000,31.684000,2.114000,128.666550,3695,352,0,135,264,2172,11,0
56.666704,4.941000,115.000,31.684000,2.114000,128.667011,3695,352,0,135,264,2172,11,0
56.678375,11.671000,115.000,31.684000,2.114000,128.667492,3695,352,0,135,264,2172,11,0
56.683285,4.910000,115.000,31.684000,2.114000,128.667973,3695,352,0,135,264,2172,11,0
56.694882,11.597000,115.000,31.684000,2.114000,128.668400,3695,352,0,136,264,2172,11,0
56.699113,4.231000,115.000,31.684000,2.114000,128.664471,3693,352,0,135,259,2162,11,0
56.711773,12.660000,115.000,31.684000,2.114000,128.664951,3693,352,0,135,259,2162,11,0
56.716700,4.927000,115.000,31.684000,2.114000,128.665432,3693,352,0,135,259,2162,11,0
56.728335,11.635000,115.000,31.684000,2.114000,128.658966,3693,352,0,135,259,2162,11,0
56.733135,4.800000,115.000,31.684000,2.114000,128.659512,3693,352,0,135,259,2162,11,0
56.744749,11.614000,115.000,31.684000,2.114000,128.659992,3693,352,0,134,259,2162,11,0
56.749111,4.362000,115.000,31.684000,2.114000,128.662102,3696,352,0,134,259,2162,11,0
56.761722,12.611000,115.000,31.684000,2.114000,128.662582,3696,352,0,132,259,2162,11,0
56.766379,4.657000,115.000,31.684000,2.114000,128.663059,3696,352,0,132,259,2162,11,0
56.778575,12.196000,115.000,31.684000,2.114000,128.663540,3696,352,0,134,259,2162,11,0
56.784684,6.109000,115.000,31.684000,2.114000,128.668369,3703,352,0,134,259,2162,11,0
56.788488,3.804000,115.000,31.684000,2.114000,128.668850,3703,352,0,133,259,2162,11,0
56.805140,16.652000,115.000,31.684000,2.114000,128.669361,3703,352,0,133,259,2162,11,0
56.811551,6.411000,115.000,31.684000,2.114000,128.669796,3703,352,0,132,259,2162,11,0
56.815751,4.200000,115.000,31.684000,2.114000,128.671906,3706,352,0,132,259,2162,11,0
56.828225,12.474000,115.000,31.684000,2.114000,128.672386,3706,352,0,135,259,2162,11,0
56.832510,4.285000,115.000,31.684000,2.114000,128.667484,3704,350,0,134,258,2160,11,0
56.861920,29.410000,115.000,31.684000,2.114000,128.766800,3757,359,0,173,336,2316,11,0
56.864149,2.229000,117.000,29.007000,2.132000,128.750698,3757,359,0,139,298,2240,11,0
56.878940,14.791000,117.000,29.007000,2.132000,128.751179,3757,359,0,139,298,2240,11,0
56.883334,4.394000,117.000,29.007000,2.132000,128.756325,3757,359,0,149,308,2260,11,0
56.896006,12.672000,117.000,29.007000,2.132000,128.744656,3735,359,0,139,298,2240,11,0
56.899617,3.611000,117.000,29.007000,2.132000,128.740273,3735,359,0,140,298,2240,11,0
56.913377,13.760000,117.000,29.007000,2.132000,128.740753,3735,359,0,140,298,2240,11,0
56.917332,3.955000,117.000,29.007000,2.132000,128.741234,3735,359,0,140,298,2240,11,0
56.923745,6.413000,117.000,29.007000,2.132000,128.743366,3738,359,0,140,298,2240,11,0
56.936334,12.589000,117.000,29.007000,2.132000,128.743847,3738,359,0,139,298,2240,11,0
56.945468,9.134000,117.000,29.007000,2.132000,128.744328,3738,359,0,139,298,2240,11,0
56.948901,3.433000,117.000,29.007000,2.132000,128.744808,3738,359,0,139,298,2240,11,0
56.963070,14.169000,117.000,29.007000,2.132000,128.746956,3741,359,0,139,298,2240,11,0
56.968018,4.948000,117.000,29.007000,2.132000,128.747482,3741,359,0,139,298,2240,11,0
56.973408,5.390000,117.000,29.007000,2.132000,128.747963,3741,359,0,140,298,2240,11,0
56.987671,14.263000,117.000,29.007000,2.132000,128.745914,3737,359,0,140,298,2240,11,0
56.994681,7.010000,117.000,29.007000,2.132000,128.741985,3735,359,0,138,262,2168,11,0
56.998764,4.083000,117.000,29.007000,2.132000,128.742466,3735,359,0,138,262,2168,11,0
57.011744,12.980000,117.000,29.007000,2.132000,128.711563,3735,359,0,137,262,2168,11,0
57.017157,5.413000,117.000,29.007000,2.132000,128.712070,3735,359,0,137,262,2168,11,0
57.028438,11.281000,117.000,29.007000,2.132000,128.712551,3735,359,0,138,262,2168,11,0
57.033342,4.904000,117.000,29.007000,2.132000,128.713032,3735,359,0,138,262,2168,11,0
57.046057,12.715000,117.000,29.007000,2.132000,128.713512,3735,359,0,137,262,2168,11,0
57.050578,4.521000,117.000,29.007000,2.132000,128.712292,3732,359,0,137,262,2168,11,0
57.061773,11.195000,117.000,29.007000,2.132000,128.712635,3732,359,0,136,262,2168,11,0
57.066748,4.975000,117.000,29.007000,2.132000,128.709599,3726,359,0,136,262,2168,11,0
57.078426,11.678000,117.000,29.007000,2.132000,128.710079,3726,359,0,136,261,2166,11,0
57.083610,5.184000,117.000,29.007000,2.132000,128.712234,3729,359,0,136,261,2166,11,0
57.094741,11.131000,117.000,29.007000,2.132000,128.712669,3729,359,0,134,259,2162,11,0
57.098869,4.128000,117.000,29.007000,2.132000,128.713116,3729,359,0,133,258,2160,11,0
57.111795,12.926000,117.000,29.007000,2.132000,128.703182,3725,355,0,133,258,2160,11,0
57.116768,4.973000,117.000,29.007000,2.132000,128.696003,3712,355,0,133,258,2160,11,0
57.128381,11.613000,117.000,29.007000,2.132000,128.696484,3712,355,0,131,256,2156,11,0
57.133406,5.025000,117.000,29.007000,2.132000,128.696865,3712,355,0,130,255,2154,11,0
57.144785,11.379000,117.000,29.007000,2.132000,128.695477,3709,355,0,129,254,2152,11,0
57.149056,4.271000,117.000,29.007000,2.132000,128.680622,3700,350,0,129,254,2152,11,0
57.161780,12.724000,117.000,29.007000,2.132000,128.674786,3690,350,0,129,254,2152,11,0
57.168292,6.512000,117.000,29.007000,2.132000,128.691360,3692,350,0,141,269,2182,11,0
57.172621,4.329000,117.000,29.007000,2.132000,128.691841,3692,350,0,131,259,2162,11,0
57.187291,14.670000,117.000,29.007000,2.132000,128.685833,3689,350,0,131,259,2162,11,0
57.190321,3.030000,117.000,29.007000,2.132000,128.686314,3689,350,0,131,259,2162,11,0
57.204524,14.203000,117.000,29.007000,2.132000,128.686779,3689,350,0,131,259,2162,11,0
57.211880,7.356000,117.000,29.007000,2.132000,128.685619,3686,350,0,131,259,2162,11,0
57.216686,4.806000,117.000,29.007000,2.132000,128.686069,3686,350,0,131,259,2162,11,0
57.228421,11.735000,117.000,29.007000,2.132000,128.686550,3686,350,0,131,259,2162,11,0
57.233279,4.858000,117.000,29.007000,2.132000,128.687016,3686,350,0,131,259,2162,11,0
57.244732,11.453000,117.000,29.007000,2.132000,128.687496,3686,350,0,131,259,2162,11,0
57.249080,4.348000,117.000,29.007000,2.132000,128.689659,3689,350,0,131,259,2162,11,0
57.262071,12.991000,117.000,29.007000,2.132000,128.690094,3689,350,0,131,259,2162,11,0
57.267007,4.936000,117.000,29.007000,2.132000,128.690559,3689,350,0,131,259,2162,11,0
57.272552,5.545000,117.000,29.007000,2.132000,128.691040,3689,350,0,131,259,2162,11,0
57.287173,14.621000,117.000,29.007000,2.132000,128.691536,3689,350,0,131,259,2162,11,0
57.294926,7.753000,117.000,29.007000,2.132000,128.692017,3689,350,0,131,259,2162,11,0
57.299524,4.598000,117.000,29.007000,2.132000,128.693672,3689,350,0,131,259,2162,11,2
57.311728,12.204000,117.000,29.007000,2.132000,128.694099,3689,350,0,130,254,2152,11,2
57.316674,4.946000,117.000,29.007000,2.132000,128.689163,3684,350,0,130,254,2152,11,2
57.328465,11.791000,117.000,29.007000,2.132000,128.689644,3684,350,0,130,254,2152,11,2
57.335068,6.603000,117.000,29.007000,2.132000,128.615559,3671,323,0,129,253,2150,11,0
57.338912,3.844000,117.000,29.007000,2.132000,128.588230,3621,323,0,131,253,2150,11,0
57.367257,28.345000,117.000,29.007000,2.132000,128.588726,3621,323,0,131,253,2150,11,0
57.379485,12.228000,117.000,29.007000,2.132000,128.589191,3621,323,0,130,253,2150,11,0
57.383034,3.549000,117.000,29.007000,2.132000,128.589672,3621,323,0,129,253,2150,11,0
57.396085,13.051000,117.000,29.007000,2.132000,128.590168,3621,323,0,129,253,2150,11,0
57.400414,4.329000,117.000,29.007000,2.132000,128.596653,3631,323,0,130,253,2150,11,0
57.407354,6.940000,117.000,29.007000,2.132000,128.597649,3631,323,0,130,253,2150,11,1
57.415894,8.540000,117.000,29.007000,2.132000,128.598129,3631,323,0,129,253,2150,11,1
57.430583,14.689000,117.000,29.007000,2.132000,128.598934,3631,323,0,129,253,2150,11,1
57.446425,15.842000,117.000,29.007000,2.132000,128.600044,3637,322,0,130,253,2150,11,0
57.450143,3.718000,117.000,29.007000,2.132000,128.597267,3632,322,0,131,253,2150,11,0
57.482267,32.124000,117.000,29.007000,2.132000,128.720360,3708,335,0,175,335,2314,11,0
57.495278,13.011000,117.000,29.007000,2.132000,128.706718,3708,335,0,147,303,2250,11,0
57.498867,3.589000,117.000,29.007000,2.132000,128.710270,3705,335,0,145,301,2246,11,0
57.512649,13.782000,117.000,29.007000,2.132000,128.693748,3683,335,0,145,301,2246,11,0
57.516701,4.052000,117.000,29.007000,2.132000,128.694229,3683,335,0,145,301,2246,11,0
57.529403,12.702000,117.000,29.007000,2.132000,128.694710,3683,335,0,145,301,2246,11,0
57.533390,3.987000,117.000,29.007000,2.132000,128.695190,3683,335,0,145,301,2246,11,0
57.546327,12.937000,117.000,29.007000,2.132000,128.695625,3683,335,0,145,301,2246,11,0
57.550456,4.129000,117.000,29.007000,2.132000,128.696106,3683,335,0,145,301,2246,11,0
57.559782,9.326000,117.000,29.007000,2.132000,128.696587,3683,335,0,145,301,2246,11,0
57.564338,4.556000,117.000,29.007000,2.132000,128.697067,3683,335,0,145,301,2246,11,0
57.580025,15.687000,117.000,29.007000,2.132000,128.700848,3689,335,0,145,301,2246,11,0
57.584324,4.299000,117.000,29.007000,2.132000,128.698826,3685,335,0,146,301,2246,11,0
57.588915,4.591000,117.000,29.007000,2.132000,128.678391,3675,329,0,141,262,2168,11,0
57.597570,8.655000,117.000,29.007000,2.132000,128.671440,3663,329,0,141,262,2168,11,0
57.613356,15.786000,117.000,29.007000,2.132000,128.671822,3663,329,0,141,262,2168,11,0
57.632827,19.471000,117.000,29.007000,2.132000,128.638248,3664,329,0,141,262,2168,11,0
57.636620,3.793000,117.000,29.007000,2.132000,128.638729,3664,329,0,141,262,2168,11,0
57.645641,9.021000,117.000,29.007000,2.132000,128.639164,3664,329,0,141,262,2168,11,0
57.648986,3.345000,117.000,29.007000,2.132000,128.639645,3664,329,0,141,262,2168,11,0
57.662776,13.790000,117.000,29.007000,2.132000,128.641792,3667,329,0,141,262,2168,11,0
57.666597,3.821000,117.000,29.007000,2.132000,128.642273,3667,329,0,141,262,2168,11,0
57.680040,13.443000,117.000,29.007000,2.132000,128.642616,3667,329,0,141,262,2168,11,0
57.684085,4.045000,117.000,29.007000,2.132000,128.639549,3661,329,0,139,262,2168,11,0
57.689576,5.491000,117.000,29.007000,2.132000,128.641674,3664,329,0,138,261,2166,11,0
57.703556,13.980000,117.000,29.007000,2.132000,128.631683,3659,326,0,137,260,2164,11,0
57.718292,14.736000,117.000,29.007000,2.132000,128.628391,3653,326,0,135,258,2160,11,0
57.722651,4.359000,117.000,29.007000,2.132000,128.628872,3653,326,0,133,257,2158,11,0
57.729864,7.213000,117.000,29.007000,2.132000,128.634132,3659,326,0,133,257,2158,11,0
57.733562,3.698000,117.000,29.007000,2.132000,128.630951,3652,326,0,136,259,2162,11,0
57.746347,12.785000,117.000,29.007000,2.132000,128.633072,3655,326,0,135,257,2158,11,0
57.749878,3.531000,117.000,29.007000,2.132000,128.631828,3652,326,0,133,256,2156,11,0
57.764895,15.017000,117.000,29.007000,2.132000,128.616726,3643,321,0,132,255,2154,11,0
57.781648,16.753000,117.000,29.007000,2.132000,128.610874,3633,321,0,133,255,2154,11,0
57.787078,5.430000,117.000,29.007000,2.132000,128.627506,3635,321,0,144,270,2184,11,0
57.796240,9.162000,117.000,29.007000,2.132000,128.629662,3638,321,0,144,270,2184,11,0
57.804301,8.061000,117.000,29.007000,2.132000,128.625233,3638,321,0,134,260,2164,11,0
57.812850,8.549000,117.000,29.007000,2.132000,128.625679,3638,321,0,134,260,2164,11,0
57.820535,7.685000,117.000,29.007000,2.132000,128.622833,3632,321,0,134,260,2164,11,0
57.829590,9.055000,117.000,29.007000,2.132000,128.623329,3632,321,0,134,260,2164,11,0
57.833413,3.823000,117.000,29.007000,2.132000,128.623764,3632,321,0,134,260,2164,11,0
57.841162,7.749000,117.000,29.007000,2.132000,128.625889,3635,321,0,134,260,2164,11,0
57.853123,11.961000,117.000,29.007000,2.132000,128.626369,3635,321,0,134,260,2164,11,0
57.863171,10.048000,111.000,30.803000,10.077000,128.625206,3632,321,0,134,260,2164,11,0
57.867836,4.665000,111.000,30.803000,10.077000,128.625671,3632,321,0,134,260,2164,11,0
57.872482,4.646000,111.000,30.803000,10.077000,128.626152,3632,321,0,134,260,2164,11,0
57.890011,17.529000,111.000,30.803000,10.077000,128.625008,3629,321,0,134,260,2164,11,0
57.894856,4.845000,111.000,30.803000,10.077000,128.625488,3629,321,0,134,260,2164,11,0
57.901850,6.994000,111.000,30.803000,10.077000,128.625954,3629,321,0,134,260,2164,11,0
57.906606,4.756000,111.000,30.803000,10.077000,128.626389,3629,321,0,134,260,2164,11,0
57.921229,14.623000,111.000,30.803000,10.077000,128.625244,3626,321,0,133,255,2154,11,0
57.928377,7.148000,111.000,30.803000,10.077000,128.625725,3626,321,0,133,255,2154,11,0
57.934566,6.189000,111.000,30.803000,10.077000,128.626137,3626,321,0,133,255,2154,11,0
57.938818,4.252000,111.000,30.803000,10.077000,128.615341,3624,321,0,133,255,2154,11,0
57.956764,17.946000,111.000,30.803000,10.077000,128.617538,3627,321,0,133,255,2154,11,0
57.962170,5.406000,111.000,30.803000,10.077000,128.618019,3627,321,0,131,255,2154,11,0
57.967203,5.033000,111.000,30.803000,10.077000,128.616810,3624,321,0,131,255,2154,11,0
57.972815,5.612000,111.000,30.803000,10.077000,128.617290,3624,321,0,132,255,2154,11,0
57.983206,10.391000,111.000,30.803000,10.077000,128.617771,3624,321,0,132,255,2154,11,0
57.995150,11.944000,111.000,30.803000,10.077000,128.618252,3624,321,0,133,255,2154,11,0
58.001950,6.800000,111.000,30.803000,10.077000,128.624676,3634,321,0,133,255,2154,11,0
58.005934,3.984000,111.000,30.803000,10.077000,128.625111,3634,321,0,132,255,2154,11,0
58.021502,15.568000,111.000,30.803000,10.077000,128.623951,3631,321,0,132,255,2154,11,0
58.028174,6.672000,111.000,30.803000,10.077000,128.624432,3631,321,0,132,255,2154,11,0
58.032797,4.623000,111.000,30.803000,10.077000,128.626812,3634,321,0,132,255,2154,11,0
58.044819,12.022000,111.000,30.803000,10.077000,128.621677,3625,321,0,132,255,2154,11,0
58.049291,4.472000,111.000,30.803000,10.077000,128.622066,3625,321,0,132,255,2154,11,0
58.074131,24.840000,111.000,30.803000,10.077000,128.723824,3682,330,0,173,333,2310,11,0
58.077469,3.338000,111.000,30.803000,10.077000,128.722664,3679,330,0,139,295,2234,11,0
58.079878,2.409000,111.000,30.803000,10.077000,128.706608,3679,330,0,139,295,2234,11,0
58.095328,15.450000,111.000,30.803000,10.077000,128.711800,3679,330,0,149,305,2254,11,0
58.099743,4.415000,111.000,30.803000,10.077000,128.698471,3654,330,0,149,305,2254,11,0
58.113446,13.703000,111.000,30.803000,10.077000,128.698952,3654,330,0,149,305,2254,11,0
58.129107,15.661000,111.000,30.803000,10.077000,128.694569,3654,330,0,139,295,2234,11,0
58.133896,4.789000,111.000,30.803000,10.077000,128.695049,3654,330,0,139,295,2234,11,0
58.139009,5.113000,111.000,30.803000,10.077000,128.695530,3654,330,0,139,295,2234,11,0
58.155314,16.305000,111.000,30.803000,10.077000,128.696011,3654,330,0,139,295,2234,11,0
58.171688,16.374000,111.000,30.803000,10.077000,128.696491,3654,330,0,139,295,2234,11,0
58.178875,7.187000,111.000,30.803000,10.077000,128.696972,3654,330,0,139,295,2234,11,0
58.182966,4.091000,111.000,30.803000,10.077000,128.697453,3654,330,0,139,295,2234,11,0
58.195691,12.725000,111.000,30.803000,10.077000,128.696293,3651,330,0,139,295,2234,11,0
58.199170,3.479000,111.000,30.803000,10.077000,128.694271,3647,330,0,139,295,2234,11,0
58.215516,16.346000,111.000,30.803000,10.077000,128.694653,3647,330,0,137,259,2162,11,0
58.220578,5.062000,111.000,30.803000,10.077000,128.690723,3645,330,0,137,259,2162,11,0
58.226018,5.440000,111.000,30.803000,10.077000,128.669205,3658,331,0,137,259,2162,11,0
58.233112,7.094000,111.000,30.803000,10.077000,128.667786,3655,331,0,138,260,2164,11,0
58.245519,12.407000,111.000,30.803000,10.077000,128.668297,3655,331,0,138,260,2164,11,0
58.250097,4.578000,111.000,30.803000,10.077000,128.668777,3655,331,0,138,260,2164,11,0
58.263742,13.645000,111.000,30.803000,10.077000,128.669258,3655,331,0,138,260,2164,11,0
58.274549,10.807000,111.000,30.803000,10.077000,128.669781,3655,331,0,138,260,2164,11,0
58.278573,4.024000,111.000,30.803000,10.077000,128.670261,3655,331,0,135,260,2164,11,0
58.283719,5.146000,111.000,30.803000,10.077000,128.673897,3661,331,0,135,260,2164,11,0
58.295916,12.197000,111.000,30.803000,10.077000,128.670876,3655,331,0,138,260,2164,11,0
58.315351,19.435000,111.000,30.803000,10.077000,128.671345,3655,331,0,137,259,2162,11,0
58.331595,16.244000,111.000,30.803000,10.077000,128.673473,3658,331,0,133,257,2158,11,0
58.335211,3.616000,111.000,30.803000,10.077000,128.663540,3654,327,0,133,256,2156,11,0
58.339772,4.561000,111.000,30.803000,10.077000,128.659618,3647,327,0,133,256,2156,11,0
58.353722,13.950000,111.000,30.803000,10.077000,128.660099,3647,327,0,130,254,2152,11,0
58.362979,9.257000,111.000,30.803000,10.077000,128.662144,3650,327,0,129,253,2150,11,0
58.366946,3.967000,111.000,30.803000,10.077000,128.647091,3641,322,0,129,252,2148,11,0
58.374792,7.846000,111.000,30.803000,10.077000,128.641171,3631,322,0,129,252,2148,11,0
58.381687,6.895000,111.000,30.803000,10.077000,128.659481,3636,322,0,140,267,2178,11,0
58.395240,13.553000,111.000,30.803000,10.077000,128.659962,3636,322,0,140,267,2178,11,0
58.401890,6.650000,111.000,30.803000,10.077000,128.655533,3636,322,0,129,256,2156,11,0
58.406651,4.761000,111.000,30.803000,10.077000,128.655968,3636,322,0,129,256,2156,11,0
58.422320,15.669000,111.000,30.803000,10.077000,128.656448,3636,322,0,129,256,2156,11,0
58.426931,4.611000,111.000,30.803000,10.077000,128.656883,3636,322,0,130,256,2156,11,0
58.434423,7.492000,111.000,30.803000,10.077000,128.657364,3636,322,0,130,256,2156,11,0
58.438577,4.154000,111.000,30.803000,10.077000,128.657845,3636,322,0,130,256,2156,11,0
58.455500,16.923000,111.000,30.803000,10.077000,128.656685,3633,322,0,130,256,2156,11,0
58.463007,7.507000,111.000,30.803000,10.077000,128.657097,3633,322,0,130,256,2156,11,0
58.467252,4.245000,111.000,30.803000,10.077000,128.657578,3633,322,0,130,256,2156,11,0
58.476126,8.874000,111.000,30.803000,10.077000,128.659809,3636,322,0,130,256,2156,11,0
58.480325,4.199000,111.000,30.803000,10.077000,128.660290,3636,322,0,130,256,2156,11,0
58.496865,16.540000,111.000,30.803000,10.077000,128.661358,3636,322,0,130,256,2156,11,1
58.500298,3.433000,111.000,30.803000,10.077000,128.661839,3636,322,0,130,256,2156,11,1
58.505887,5.589000,111.000,30.803000,10.077000,128.659039,3630,322,0,130,256,2156,11,1
58.520843,14.956000,111.000,30.803000,10.077000,128.659775,3630,322,0,129,251,2146,11,1
58.528111,7.268000,111.000,30.803000,10.077000,128.655846,3628,322,0,129,251,2146,11,1
58.534260,6.149000,111.000,30.803000,10.077000,128.656898,3634,321,0,129,251,2146,11,0
58.539007,4.747000,111.000,30.803000,10.077000,128.645569,3626,321,0,130,251,2146,11,0
58.555948,16.941000,111.000,30.803000,10.077000,128.646069,3626,321,0,130,251,2146,11,0
58.570033,14.085000,111.000,30.803000,10.077000,128.646549,3626,321,0,130,251,2146,11,0
58.579440,9.407000,111.000,30.803000,10.077000,128.647030,3626,321,0,130,251,2146,11,0
58.583135,3.695000,111.000,30.803000,10.077000,128.647465,3626,321,0,129,251,2146,11,0
58.595914,12.779000,111.000,30.803000,10.077000,128.646290,3623,321,0,128,250,2144,11,0
58.598993,3.079000,111.000,30.803000,10.077000,128.643581,3618,321,0,127,250,2144,11,0
58.613303,14.310000,111.000,30.803000,10.077000,128.644062,3618,321,0,127,250,2144,11,0
58.616957,3.654000,111.000,30.803000,10.077000,128.648907,3625,321,0,127,250,2144,11,0
58.629603,12.646000,111.000,30.803000,10.077000,128.649387,3625,321,0,127,250,2144,11,0
58.633440,3.837000,111.000,30.803000,10.077000,128.649868,3625,321,0,128,250,2144,11,0
58.646215,12.775000,111.000,30.803000,10.077000,128.650303,3625,321,0,128,250,2144,11,0
58.649215,3.000000,111.000,30.803000,10.077000,128.650784,3625,321,0,128,250,2144,11,0
58.663057,13.842000,111.000,30.803000,10.077000,128.652927,3628,321,0,128,250,2144,11,0
58.666742,3.685000,111.000,30.803000,10.077000,128.653408,3628,321,0,129,250,2144,11,0
58.697048,30.306000,111.000,30.803000,10.077000,128.757111,3685,330,0,172,332,2308,11,0
58.712877,15.829000,111.000,30.803000,10.077000,128.747711,3685,330,0,151,307,2258,11,0
58.717754,4.877000,111.000,30.803000,10.077000,128.727879,3657,330,0,141,297,2238,11,0
58.722447,4.693000,111.000,30.803000,10.077000,128.728359,3657,330,0,141,297,2238,11,0
58.737151,14.704000,111.000,30.803000,10.077000,128.728840,3657,330,0,141,297,2238,11,0
58.745382,8.231000,111.000,30.803000,10.077000,128.729321,3657,330,0,141,297,2238,11,0
58.749069,3.687000,111.000,30.803000,10.077000,128.729801,3657,330,0,141,297,2238,11,0
58.763224,14.155000,111.000,30.803000,10.077000,128.730282,3657,330,0,141,297,2238,11,0
58.767566,4.342000,111.000,30.803000,10.077000,128.730762,3657,330,0,141,297,2238,11,0
58.773088,5.522000,111.000,30.803000,10.077000,128.731243,3657,330,0,141,297,2238,11,0
58.781036,7.948000,111.000,30.803000,10.077000,128.731724,3657,330,0,141,297,2238,11,0
58.795002,13.966000,111.000,30.803000,10.077000,128.732204,3657,330,0,141,297,2238,11,0
58.800348,5.346000,111.000,30.803000,10.077000,128.719738,3648,327,0,140,296,2236,11,0
58.805280,4.932000,111.000,30.803000,10.077000,128.716526,3642,327,0,138,260,2164,11,0
58.820896,15.616000,111.000,30.803000,10.077000,128.733826,3655,331,0,138,260,2164,11,0
58.828156,7.260000,111.000,30.803000,10.077000,128.734940,3655,331,0,139,262,2168,11,0
58.832592,4.436000,111.000,30.803000,10.077000,128.699615,3653,331,0,139,262,2168,11,0
58.845078,12.486000,111.000,30.803000,10.077000,128.700096,3653,331,0,140,262,2168,11,0
58.849487,4.409000,110.000,29.667000,6.816000,128.700592,3653,331,0,140,262,2168,11,0
58.861620,12.133000,110.000,29.667000,6.816000,128.701073,3653,331,0,140,262,2168,11,0
58.867186,5.566000,110.000,29.667000,6.816000,128.701527,3653,331,0,140,262,2168,11,0
58.871827,4.641000,110.000,29.667000,6.816000,128.702007,3653,331,0,139,262,2168,11,0
58.890336,18.509000,110.000,29.667000,6.816000,128.700863,3650,331,0,139,262,2168,11,0
58.903490,13.154000,110.000,29.667000,6.816000,128.701206,3650,331,0,139,262,2168,11,0
58.908242,4.752000,110.000,29.667000,6.816000,128.698109,3644,331,0,139,262,2168,11,0
58.920027,11.785000,110.000,29.667000,6.816000,128.698589,3644,331,0,137,261,2166,11,0
58.929479,9.452000,110.000,29.667000,6.816000,128.702312,3650,331,0,135,259,2162,11,0
58.933020,3.541000,110.000,29.667000,6.816000,128.702793,3650,331,0,137,259,2162,11,0
58.946492,13.472000,110.000,29.667000,6.816000,128.692715,3646,327,0,136,258,2160,11,0
58.949935,3.443000,110.000,29.667000,6.816000,128.688847,3639,327,0,134,258,2160,11,0
58.962927,12.992000,110.000,29.667000,6.816000,128.689342,3639,327,0,132,256,2156,11,0
58.966778,3.851000,110.000,29.667000,6.816000,128.689823,3639,327,0,131,255,2154,11,0
58.980494,13.716000,110.000,29.667000,6.816000,128.690220,3639,327,0,131,255,2154,11,0
58.984239,3.745000,110.000,29.667000,6.816000,128.675167,3630,322,0,131,254,2152,11,0
58.989490,5.251000,110.000,29.667000,6.816000,128.672596,3626,322,0,132,254,2152,11,0
59.005345,15.855000,110.000,29.667000,6.816000,128.689190,3628,322,0,143,269,2182,11,0
59.012469,7.124000,110.000,29.667000,6.816000,128.684792,3628,322,0,133,259,2162,11,0
59.015848,3.379000,110.000,29.667000,6.816000,128.685272,3628,322,0,133,259,2162,11,0
59.029262,13.414000,110.000,29.667000,6.816000,128.687405,3631,322,0,133,259,2162,11,0
59.032537,3.275000,110.000,29.667000,6.816000,128.687885,3631,322,0,133,259,2162,11,0
59.045957,13.420000,110.000,29.667000,6.816000,128.688366,3631,322,0,133,259,2162,11,0
59.049172,3.215000,110.000,29.667000,6.816000,128.688847,3631,322,0,133,259,2162,11,0
59.062598,13.426000,110.000,29.667000,6.816000,128.689335,3631,322,0,133,259,2162,11,0
59.066098,3.500000,110.000,29.667000,6.816000,128.689816,3631,322,0,133,259,2162,11,0
59.079860,13.762000,110.000,29.667000,6.816000,128.690281,3631,322,0,133,259,2162,11,0
59.083630,3.770000,110.000,29.667000,6.816000,128.690716,3631,322,0,133,259,2162,11,0
59.089456,5.826000,110.000,29.667000,6.816000,128.692833,3634,322,0,133,259,2162,11,0
59.103619,14.163000,110.000,29.667000,6.816000,128.693314,3634,322,0,133,259,2162,11,0
59.110478,6.859000,110.000,29.667000,6.816000,128.693779,3634,322,0,133,259,2162,11,0
59.115791,5.313000,110.000,29.667000,6.816000,128.694260,3634,322,0,133,259,2162,11,0
59.129071,13.280000,110.000,29.667000,6.816000,128.694756,3634,322,0,133,259,2162,11,0
59.132217,3.146000,110.000,29.667000,6.816000,128.695236,3634,322,0,133,259,2162,11,0
59.145988,13.771000,110.000,29.667000,6.816000,128.695663,3634,322,0,132,254,2152,11,0
59.149352,3.364000,110.000,29.667000,6.816000,128.691734,3632,322,0,132,254,2152,11,0
59.162780,13.428000,110.000,29.667000,6.816000,128.688919,3626,322,0,132,254,2152,11,0
59.166480,3.700000,110.000,29.667000,6.816000,128.682487,3626,322,0,132,254,2152,11,0
59.179389,12.909000,110.000,29.667000,6.816000,128.682941,3626,322,0,132,254,2152,11,0
59.183016,3.627000,110.000,29.667000,6.816000,128.683422,3626,322,0,130,254,2152,11,0
59.195778,12.762000,110.000,29.667000,6.816000,128.685547,3629,322,0,130,254,2152,11,0
59.199289,3.511000,110.000,29.667000,6.816000,128.686028,3629,322,0,131,254,2152,11,0
59.208956,9.667000,110.000,29.667000,6.816000,128.686504,3629,322,0,131,254,2152,11,0
59.213605,4.649000,110.000,29.667000,6.816000,128.686985,3629,322,0,132,254,2152,11,0
59.229173,15.568000,110.000,29.667000,6.816000,128.690159,3633,322,0,132,254,2152,11,0
59.232415,3.242000,110.000,29.667000,6.816000,128.690639,3633,322,0,130,254,2152,11,0
59.245851,13.436000,110.000,29.667000,6.816000,128.691135,3633,322,0,130,254,2152,11,0
59.249209,3.358000,110.000,29.667000,6.816000,128.691616,3633,322,0,131,254,2152,11,0
59.263082,13.873000,110.000,29.667000,6.816000,128.690441,3630,322,0,131,254,2152,11,0
59.266402,3.320000,110.000,29.667000,6.816000,128.690922,3630,322,0,132,254,2152,11,0
59.279668,13.266000,110.000,29.667000,6.816000,128.691418,3630,322,0,132,254,2152,11,0
59.310916,31.248000,110.000,29.667000,6.816000,128.793159,3687,331,0,170,332,2308,11,0
59.313725,2.809000,110.000,29.667000,6.816000,128.780174,3684,331,0,146,304,2252,11,0
59.329485,15.760000,110.000,29.667000,6.816000,128.760342,3656,331,0,136,294,2232,11,0
59.333737,4.252000,110.000,29.667000,6.816000,128.760822,3656,331,0,136,294,2232,11,0
59.338529,4.792000,110.000,29.667000,6.816000,128.761303,3656,331,0,136,294,2232,11,0
59.354446,15.917000,110.000,29.667000,6.816000,128.763523,3659,331,0,136,294,2232,11,0
59.361725,7.279000,110.000,29.667000,6.816000,128.764004,3659,331,0,136,294,2232,11,0
59.366661,4.936000,110.000,29.667000,6.816000,128.764484,3659,331,0,136,294,2232,11,0
59.372485,5.824000,110.000,29.667000,6.816000,128.764965,3659,331,0,136,294,2232,11,0
59.387005,14.520000,110.000,29.667000,6.816000,128.765446,3659,331,0,136,294,2232,11,0
59.394598,7.593000,110.000,29.667000,6.816000,128.765926,3659,331,0,136,294,2232,11,0
59.398958,4.360000,110.000,29.667000,6.816000,128.766407,3659,331,0,136,294,2232,11,0
59.411700,12.742000,110.000,29.667000,6.816000,128.764385,3655,331,0,136,294,2232,11,0
59.417065,5.365000,110.000,29.667000,6.816000,128.763157,3652,331,0,134,258,2160,11,0
59.429484,12.419000,110.000,29.667000,6.816000,128.763638,3652,331,0,134,258,2160,11,0
59.446549,17.065000,110.000,29.667000,6.816000,128.764065,3652,331,0,134,258,2160,11,0
59.449939,3.390000,110.000,29.667000,6.816000,128.728752,3650,331,0,134,258,2160,11,0
59.463014,13.075000,110.000,29.667000,6.816000,128.729271,3650,331,0,134,258,2160,11,0
59.466731,3.717000,110.000,29.667000,6.816000,128.729752,3650,331,0,135,258,2160,11,0
59.479480,12.749000,110.000,29.667000,6.816000,128.730232,3650,331,0,135,258,2160,11,0
59.483202,3.722000,110.000,29.667000,6.816000,128.730667,3650,331,0,136,258,2160,11,0
59.497476,14.274000,110.000,29.667000,6.816000,128.731167,3650,331,0,136,258,2160,11,0
59.513019,15.543000,110.000,29.667000,6.816000,128.731495,3650,331,0,135,258,2160,11,0
59.516413,3.394000,110.000,29.667000,6.816000,128.728474,3644,331,0,135,257,2158,11,0
59.529407,12.994000,110.000,29.667000,6.816000,128.728985,3644,331,0,135,257,2158,11,0
59.532548,3.141000,110.000,29.667000,6.816000,128.729465,3644,331,0,132,255,2154,11,0
59.546207,13.659000,110.000,29.667000,6.816000,128.602707,3594,291,0,131,254,2152,11,0
59.549610,3.403000,110.000,29.667000,6.816000,128.560608,3540,287,0,122,234,2112,11,0
59.563489,13.879000,110.000,29.667000,6.816000,128.556633,3533,287,0,121,233,2110,11,0
59.567009,3.520000,110.000,29.667000,6.816000,128.557114,3533,287,0,119,232,2108,11,0
59.579531,12.522000,110.000,29.667000,6.816000,128.557404,3533,287,0,118,231,2106,11,0
59.584669,5.138000,110.000,29.667000,6.816000,128.542351,3524,282,0,118,230,2104,11,0
59.588939,4.270000,110.000,29.667000,6.816000,128.534843,3511,282,0,118,230,2104,11,0
59.604354,15.415000,110.000,29.667000,6.816000,128.552074,3513,282,0,129,245,2134,11,1
59.612641,8.287000,110.000,29.667000,6.816000,128.552555,3513,282,0,129,245,2134,11,1
59.617718,5.077000,110.000,29.667000,6.816000,128.550148,3516,282,0,119,235,2114,11,1
59.621810,4.092000,110.000,29.667000,6.816000,128.550629,3516,282,0,119,235,2114,11,1
59.637793,15.983000,110.000,29.667000,6.816000,128.550175,3522,281,0,119,235,2114,11,0
59.644751,6.958000,110.000,29.667000,6.816000,128.547398,3517,281,0,119,235,2114,11,0
59.648868,4.117000,110.000,29.667000,6.816000,128.547894,3517,281,0,119,235,2114,11,0
59.662299,13.431000,110.000,29.667000,6.816000,128.548374,3517,281,0,119,235,2114,11,0
59.666880,4.581000,110.000,29.667000,6.816000,128.548840,3517,281,0,119,235,2114,11,0
59.672609,5.729000,110.000,29.667000,6.816000,128.536057,3512,276,0,118,234,2112,11,0
59.687170,14.561000,110.000,29.667000,6.816000,128.534256,3508,276,0,118,234,2112,11,0
59.696420,9.250000,110.000,29.667000,6.816000,128.534691,3508,276,0,118,234,2112,11,0
59.713432,17.012000,110.000,29.667000,6.816000,128.535095,3508,276,0,118,234,2112,11,0
59.717577,4.145000,110.000,29.667000,6.816000,128.537243,3511,276,0,118,234,2112,11,0
59.722014,4.437000,110.000,29.667000,6.816000,128.537724,3511,276,0,118,234,2112,11,0
59.737518,15.504000,110.000,29.667000,6.816000,128.538151,3511,276,0,118,234,2112,11,0
59.744764,7.246000,110.000,29.667000,6.816000,128.534222,3509,276,0,117,229,2102,11,0
59.748641,3.877000,110.000,29.667000,6.816000,128.536369,3512,276,0,117,229,2102,11,0
59.761607,12.966000,110.000,29.667000,6.816000,128.536850,3512,276,0,117,229,2102,11,0
59.765669,4.062000,110.000,29.667000,6.816000,128.530464,3512,276,0,117,229,2102,11,0
59.778194,12.525000,110.000,29.667000,6.816000,128.530945,3512,276,0,116,229,2102,11,0
59.782142,3.948000,110.000,29.667000,6.816000,128.533085,3515,276,0,116,229,2102,11,0
59.794951,12.809000,110.000,29.667000,6.816000,128.533566,3515,276,0,115,228,2100,11,0
59.799278,4.327000,110.000,29.667000,6.816000,128.534027,3515,276,0,115,228,2100,11,0
59.811755,12.477000,110.000,29.667000,6.816000,128.534508,3515,276,0,115,228,2100,11,0
59.816469,4.714000,110.000,29.667000,6.816000,128.534988,3515,276,0,116,228,2100,11,0
59.828419,11.950000,110.000,29.667000,6.816000,128.541473,3525,276,0,116,228,2100,11,0
59.833056,4.637000,110.000,29.667000,6.816000,128.541954,3525,276,0,116,228,2100,11,0
59.845239,12.183000,110.000,29.667000,6.816000,128.542435,3525,276,0,115,228,2100,11,0
59.849696,4.457000,113.000,30.621000,2.853000,128.541275,3522,276,0,115,228,2100,11,0
59.861512,11.816000,113.000,30.621000,2.853000,128.541756,3522,276,0,116,228,2100,11,0
59.865467,3.955000,113.000,30.621000,2.853000,128.542236,3522,276,0,116,228,2100,11,0
59.878161,12.694000,113.000,30.621000,2.853000,128.542717,3522,276,0,115,228,2100,11,0
59.911974,33.813000,113.000,30.621000,2.853000,128.649780,3585,285,0,158,312,2268,11,0
59.916960,4.986000,113.000,30.621000,2.853000,128.646046,3590,286,0,138,287,2218,11,0
59.928258,11.298000,113.000,30.621000,2.853000,128.621517,3553,286,0,130,279,2202,11,0
59.930429,2.171000,113.000,30.621000,2.853000,128.620358,3550,286,0,130,279,2202,11,0
59.945854,15.425000,113.000,30.621000,2.853000,128.620838,3550,286,0,130,279,2202,11,0
59.949224,3.370000,113.000,30.621000,2.853000,128.621319,3550,286,0,130,279,2202,11,0
59.962152,12.928000,113.000,30.621000,2.853000,128.621799,3550,286,0,130,279,2202,11,0
59.965489,3.337000,113.000,30.621000,2.853000,128.622280,3550,286,0,130,279,2202,11,0
59.979241,13.752000,113.000,30.621000,2.853000,128.621120,3547,286,0,130,279,2202,11,0
59.983043,3.802000,113.000,30.621000,2.853000,128.621601,3547,286,0,130,279,2202,11,0
59.995678,12.635000,113.000,30.621000,2.853000,128.623753,3550,286,0,130,279,2202,11,0
59.999159,3.481000,113.000,30.621000,2.853000,128.624233,3550,286,0,130,279,2202,11,0
60.012705,13.546000,113.000,30.621000,2.853000,128.623074,3547,286,0,130,279,2202,11,0
