elapsed_s,frame_ms,engine_fps,process_ms,physics_ms,memory_mib,objects,nodes,orphans,draw_calls,render_objects,primitives,physics_objects,collision_pairs
0.002310,2.310000,117.000,21.855000,1.191000,122.493359,3446,237,0,102,215,2018,9,0
0.016554,14.244000,117.000,21.855000,1.191000,122.497368,3447,237,0,103,215,2018,9,0
0.018733,2.179000,117.000,21.855000,1.191000,122.497810,3447,237,0,103,215,2018,9,0
0.033395,14.662000,117.000,21.855000,1.191000,122.498505,3447,237,0,103,215,2018,9,0
0.035466,2.071000,117.000,21.855000,1.191000,122.495125,3445,237,0,101,209,2006,9,0
0.049930,14.464000,117.000,21.855000,1.191000,122.488968,3442,234,0,101,209,2006,9,0
0.052051,2.121000,117.000,21.855000,1.191000,122.483120,3430,234,0,101,209,2006,9,0
0.066650,14.599000,117.000,21.855000,1.191000,122.479389,3430,234,0,101,209,2006,9,0
0.068952,2.302000,117.000,21.855000,1.191000,122.481472,3433,234,0,101,209,2006,9,0
0.083315,14.363000,117.000,21.855000,1.191000,122.483097,3433,234,0,100,209,2006,9,0
0.085801,2.486000,118.000,19.997000,1.817000,122.484444,3433,234,0,100,209,2006,9,1
0.100011,14.210000,118.000,19.997000,1.817000,122.484879,3433,234,0,100,209,2006,9,1
0.102235,2.224000,118.000,19.997000,1.817000,122.484547,3439,233,0,100,209,2006,9,0
0.116894,14.659000,118.000,19.997000,1.817000,122.483509,3434,233,0,100,209,2006,9,0
0.118944,2.050000,118.000,19.997000,1.817000,122.489914,3444,233,0,100,209,2006,9,0
0.133380,14.436000,118.000,19.997000,1.817000,122.490349,3444,233,0,101,209,2006,9,0
0.135574,2.194000,118.000,19.997000,1.817000,122.490788,3444,233,0,101,209,2006,9,0
0.149953,14.379000,118.000,19.997000,1.817000,122.491222,3444,233,0,101,209,2006,9,0
0.152058,2.105000,118.000,19.997000,1.817000,122.491726,3444,233,0,101,209,2006,9,0
0.166735,14.677000,118.000,19.997000,1.817000,122.494839,3444,233,0,100,209,2006,9,0
0.169302,2.567000,118.000,19.997000,1.817000,122.680168,3564,281,0,100,209,2006,9,0
0.178589,9.287000,118.000,19.997000,1.817000,122.763557,3611,290,0,149,286,2160,9,0
0.191873,13.284000,118.000,19.997000,1.817000,122.763943,3611,290,0,149,286,2160,9,0
0.199829,7.956000,118.000,19.997000,1.817000,122.752705,3611,290,0,125,256,2100,9,0
0.202016,2.187000,118.000,19.997000,1.817000,122.754799,3614,290,0,125,256,2100,9,0
0.216759,14.743000,118.000,19.997000,1.817000,122.762695,3615,291,0,133,265,2118,9,0
0.219198,2.439000,118.000,19.997000,1.817000,122.754780,3600,291,0,132,265,2118,9,0
0.233369,14.171000,118.000,19.997000,1.817000,122.752403,3600,291,0,126,259,2106,9,0
0.235508,2.139000,118.000,19.997000,1.817000,122.757034,3600,291,0,126,259,2106,9,0
0.249978,14.470000,118.000,19.997000,1.817000,122.757469,3600,291,0,126,259,2106,9,0
0.252198,2.220000,118.000,19.997000,1.817000,122.757904,3600,291,0,126,259,2106,9,0
0.266736,14.538000,118.000,19.997000,1.817000,122.758339,3600,291,0,126,259,2106,9,0
0.269286,2.550000,118.000,19.997000,1.817000,122.758789,3600,291,0,125,258,2104,9,0
0.283415,14.129000,118.000,19.997000,1.817000,122.759224,3600,291,0,125,258,2104,9,0
0.285945,2.530000,118.000,19.997000,1.817000,122.759659,3600,291,0,125,258,2104,9,0
0.299973,14.028000,118.000,19.997000,1.817000,122.760094,3600,291,0,125,258,2104,9,0
0.302391,2.418000,118.000,19.997000,1.817000,122.758888,3597,291,0,125,258,2104,9,0
0.316707,14.316000,118.000,19.997000,1.817000,122.756821,3593,291,0,125,258,2104,9,0
0.319870,3.163000,118.000,19.997000,1.817000,122.776661,3612,295,0,124,245,2078,9,0
0.333412,13.542000,118.000,19.997000,1.817000,122.772999,3610,295,0,126,247,2082,9,0
0.336397,2.985000,118.000,19.997000,1.817000,122.771729,3607,295,0,126,247,2082,9,0
0.349998,13.601000,118.000,19.997000,1.817000,122.762619,3607,295,0,126,247,2082,9,0
0.352413,2.415000,118.000,19.997000,1.817000,122.769310,3607,295,0,125,244,2076,9,0
0.367090,14.677000,118.000,19.997000,1.817000,122.769745,3607,295,0,124,243,2074,9,0
0.371927,4.837000,118.000,19.997000,1.817000,122.759708,3602,292,0,124,243,2074,9,0
0.383712,11.785000,118.000,19.997000,1.817000,122.752178,3596,292,0,124,243,2074,9,0
0.388554,4.842000,118.000,19.997000,1.817000,122.752617,3596,292,0,124,243,2074,9,0
0.400246,11.692000,118.000,19.997000,1.817000,122.752960,3596,292,0,124,243,2074,9,0
0.404524,4.278000,118.000,19.997000,1.817000,122.765190,3600,296,0,124,243,2074,9,0
0.417050,12.526000,118.000,19.997000,1.817000,122.766312,3600,296,0,123,244,2076,9,0
0.421820,4.770000,118.000,19.997000,1.817000,122.766693,3600,296,0,123,244,2076,9,0
0.433574,11.754000,118.000,19.997000,1.817000,122.767071,3600,296,0,122,242,2072,9,0
0.438080,4.506000,118.000,19.997000,1.817000,122.765881,3597,296,0,121,241,2070,9,0
0.452158,14.078000,118.000,19.997000,1.817000,122.755856,3593,292,0,120,241,2070,9,0
0.457644,5.486000,118.000,19.997000,1.817000,122.751896,3586,292,0,120,241,2070,9,0
0.461565,3.921000,118.000,19.997000,1.817000,122.752331,3586,292,0,118,239,2066,9,0
0.476387,14.822000,118.000,19.997000,1.817000,122.751026,3583,292,0,117,238,2064,9,0
0.483673,7.286000,118.000,19.997000,1.817000,122.735928,3574,287,0,117,237,2062,9,0
0.488087,4.414000,118.000,19.997000,1.817000,122.730015,3564,287,0,117,237,2062,9,0
0.500282,12.195000,118.000,19.997000,1.817000,122.730450,3564,287,0,116,237,2062,9,0
0.505795,5.513000,118.000,19.997000,1.817000,122.742416,3566,287,0,123,246,2080,9,0
0.517121,11.326000,118.000,19.997000,1.817000,122.742851,3566,287,0,123,246,2080,9,0
0.521766,4.645000,118.000,19.997000,1.817000,122.740620,3566,287,0,117,240,2068,9,0
0.534047,12.281000,118.000,19.997000,1.817000,122.750278,3566,287,0,117,240,2068,9,0
0.538421,4.374000,118.000,19.997000,1.817000,122.752659,3569,287,0,117,240,2068,9,0
0.550237,11.816000,118.000,19.997000,1.817000,122.747478,3560,287,0,117,240,2068,9,0
0.554536,4.299000,118.000,19.997000,1.817000,122.747898,3560,287,0,117,240,2068,9,0
0.567059,12.523000,118.000,19.997000,1.817000,122.748333,3560,287,0,117,240,2068,9,0
0.571732,4.673000,118.000,19.997000,1.817000,122.750477,3563,287,0,117,240,2068,9,0
0.583809,12.077000,118.000,19.997000,1.817000,122.750912,3563,287,0,117,240,2068,9,0
0.588021,4.212000,118.000,19.997000,1.817000,122.751339,3563,287,0,117,240,2068,9,0
0.600208,12.187000,118.000,19.997000,1.817000,122.751774,3563,287,0,116,240,2068,9,0
0.604287,4.079000,118.000,19.997000,1.817000,122.752209,3563,287,0,116,240,2068,9,0
0.617161,12.874000,118.000,19.997000,1.817000,122.752644,3563,287,0,116,240,2068,9,0
0.621768,4.607000,118.000,19.997000,1.817000,122.753078,3563,287,0,116,240,2068,9,0
0.633635,11.867000,118.000,19.997000,1.817000,122.753513,3563,287,0,116,240,2068,9,0
0.638156,4.521000,118.000,19.997000,1.817000,122.753933,3563,287,0,116,240,2068,9,0
0.651706,13.550000,118.000,19.997000,1.817000,122.754314,3563,287,0,116,237,2062,9,0
0.655827,4.121000,118.000,19.997000,1.817000,122.750309,3561,287,0,116,237,2062,9,0
0.661745,5.918000,118.000,19.997000,1.817000,122.750744,3561,287,0,115,237,2062,9,0
0.676055,14.310000,118.000,19.997000,1.817000,122.748688,3564,287,0,115,237,2062,9,0
0.684036,7.981000,118.000,19.997000,1.817000,122.749123,3564,287,0,115,237,2062,9,0
0.688668,4.632000,118.000,19.997000,1.817000,122.749538,3564,287,0,115,237,2062,9,0
0.700679,12.011000,118.000,19.997000,1.817000,122.749973,3564,287,0,115,237,2062,9,0
0.705325,4.646000,118.000,19.997000,1.817000,122.752224,3567,287,0,116,237,2062,9,0
0.718488,13.163000,118.000,19.997000,1.817000,122.752659,3567,287,0,117,237,2062,9,0
0.723781,5.293000,118.000,19.997000,1.817000,122.753071,3567,287,0,117,237,2062,9,0
0.728873,5.092000,118.000,19.997000,1.817000,122.767242,3587,288,0,117,237,2062,9,0
0.743550,14.677000,118.000,19.997000,1.817000,122.765778,3584,288,0,118,238,2064,9,0
0.750500,6.950000,118.000,19.997000,1.817000,122.766178,3584,288,0,117,238,2064,9,0
0.755333,4.833000,118.000,19.997000,1.817000,122.766571,3584,288,0,117,238,2064,9,0
0.767038,11.705000,118.000,19.997000,1.817000,122.767006,3584,288,0,117,238,2064,9,0
0.771849,4.811000,118.000,19.997000,1.817000,122.769073,3587,288,0,117,238,2064,9,0
0.783772,11.923000,118.000,19.997000,1.817000,122.769867,3587,288,0,118,238,2064,9,0
0.808552,24.780000,118.000,19.997000,1.817000,122.982635,3649,305,0,168,314,2216,9,0
0.811908,3.356000,118.000,19.997000,1.817000,122.984737,3652,305,0,141,282,2152,9,0
0.825053,13.145000,118.000,19.997000,1.817000,122.970886,3649,305,0,141,282,2152,9,0
0.834616,9.563000,118.000,19.997000,1.817000,122.984486,3652,308,0,148,291,2170,9,0
0.838198,3.582000,118.000,19.997000,1.817000,122.976635,3637,308,0,142,285,2158,9,0
0.850940,12.742000,118.000,19.997000,1.817000,122.974152,3637,308,0,142,285,2158,9,0
0.854796,3.856000,118.000,19.997000,1.817000,122.974552,3637,308,0,142,285,2158,9,0
0.867065,12.269000,118.000,19.997000,1.817000,122.974987,3637,308,0,142,285,2158,9,0
0.869723,2.658000,118.000,19.997000,1.817000,122.975422,3637,308,0,142,285,2158,9,0
0.884814,15.091000,118.000,19.997000,1.817000,122.975857,3637,308,0,142,285,2158,9,0
0.888470,3.656000,118.000,19.997000,1.817000,122.976292,3637,308,0,142,285,2158,9,0
0.901408,12.938000,118.000,19.997000,1.817000,122.976669,3637,308,0,142,285,2158,9,0
0.907253,5.845000,118.000,19.997000,1.817000,122.975464,3634,308,0,142,285,2158,9,0
0.910633,3.380000,118.000,19.997000,1.817000,122.975899,3634,308,0,141,284,2156,9,0
0.925821,15.188000,118.000,19.997000,1.817000,122.973831,3630,308,0,141,284,2156,9,0
0.933469,7.648000,118.000,19.997000,1.817000,122.974266,3630,308,0,139,266,2120,9,0
0.936568,3.099000,118.000,19.997000,1.817000,122.974731,3630,308,0,139,266,2120,9,0
0.949902,13.334000,118.000,19.997000,1.817000,122.975113,3630,308,0,139,266,2120,9,0
0.952574,2.672000,118.000,19.997000,1.817000,122.957104,3628,308,0,139,266,2120,9,2
0.967076,14.502000,118.000,19.997000,1.817000,122.957539,3628,308,0,138,263,2114,9,2
0.972168,5.092000,118.000,19.997000,1.817000,122.958591,3628,308,0,138,263,2114,9,2
0.983801,11.633000,118.000,19.997000,1.817000,122.959026,3628,308,0,138,263,2114,9,2
0.988795,4.994000,118.000,19.997000,1.817000,122.956215,3640,306,0,138,263,2114,9,0
1.000163,11.368000,118.000,19.997000,1.817000,122.950180,3630,306,0,140,263,2114,9,0
1.023511,23.348000,118.000,19.997000,1.817000,122.949249,3627,306,0,140,263,2114,9,0
1.027895,4.384000,118.000,19.997000,1.817000,122.946182,3621,306,0,138,261,2110,9,0
1.041598,13.703000,118.000,19.997000,1.817000,122.946617,3621,306,0,136,260,2108,9,0
1.050386,8.788000,118.000,19.997000,1.817000,122.945412,3618,306,0,134,258,2104,9,0
1.052527,2.141000,118.000,19.997000,1.817000,122.945847,3618,306,0,134,257,2102,9,0
1.067110,14.583000,118.000,19.997000,1.817000,122.935833,3614,302,0,134,257,2102,9,0
1.069252,2.142000,118.000,19.997000,1.817000,122.931938,3607,302,0,134,257,2102,9,0
1.083991,14.739000,118.000,19.997000,1.817000,122.932373,3607,302,0,133,255,2098,9,0
1.086175,2.184000,116.000,24.348000,1.343000,122.934624,3610,302,0,131,254,2096,9,0
1.100418,14.243000,116.000,24.348000,1.343000,122.914001,3592,297,0,129,252,2092,9,0
1.102210,1.792000,116.000,24.348000,1.343000,122.908119,3582,297,0,129,252,2092,9,0
1.116931,14.721000,116.000,24.348000,1.343000,122.916840,3579,297,0,136,261,2110,9,0
1.119201,2.270000,116.000,24.348000,1.343000,123.032215,3693,321,0,136,261,2110,9,0
1.133177,13.976000,116.000,24.348000,1.343000,123.032501,3693,321,0,142,267,2122,9,0
1.135315,2.138000,116.000,24.348000,1.343000,123.032936,3693,321,0,142,267,2122,9,0
1.149961,14.646000,116.000,24.348000,1.343000,123.033371,3693,321,0,142,267,2122,9,0
1.152214,2.253000,116.000,24.348000,1.343000,123.033806,3693,321,0,140,265,2118,9,0
1.166627,14.413000,116.000,24.348000,1.343000,123.034241,3693,321,0,140,265,2118,9,0
1.168910,2.283000,116.000,24.348000,1.343000,123.033035,3690,321,0,140,265,2118,9,0
1.183256,14.346000,116.000,24.348000,1.343000,123.033413,3690,321,0,140,265,2118,9,0
1.185641,2.385000,116.000,24.348000,1.343000,123.034763,3690,321,0,140,265,2118,9,1
1.199963,14.322000,116.000,24.348000,1.343000,123.035198,3690,321,0,140,265,2118,9,1
1.202411,2.448000,116.000,24.348000,1.343000,123.036804,3696,320,0,140,265,2118,9,0
1.216638,14.227000,116.000,24.348000,1.343000,123.054810,3691,320,0,141,265,2118,9,0
1.218988,2.350000,116.000,24.348000,1.343000,123.055229,3691,320,0,141,265,2118,9,0
1.233283,14.295000,116.000,24.348000,1.343000,123.055664,3691,320,0,141,265,2118,9,0
1.235494,2.211000,116.000,24.348000,1.343000,123.056099,3691,320,0,141,265,2118,9,0
1.249936,14.442000,116.000,24.348000,1.343000,123.035583,3681,314,0,138,260,2108,9,0
1.252268,2.332000,116.000,24.348000,1.343000,123.024223,3667,314,0,138,260,2108,9,0
1.266472,14.204000,116.000,24.348000,1.343000,123.018547,3667,314,0,134,256,2100,9,0
1.268531,2.059000,116.000,24.348000,1.343000,123.020657,3670,314,0,134,256,2100,9,0
1.283571,15.040000,116.000,24.348000,1.343000,123.021091,3670,314,0,134,256,2100,9,0
1.285723,2.152000,116.000,24.348000,1.343000,123.023167,3673,314,0,134,256,2100,9,0
1.299873,14.150000,116.000,24.348000,1.343000,123.023602,3673,314,0,134,256,2100,9,0
1.302074,2.201000,116.000,24.348000,1.343000,123.024002,3673,314,0,134,256,2100,9,0
1.316676,14.602000,116.000,24.348000,1.343000,123.024437,3673,314,0,134,256,2100,9,0
1.318889,2.213000,116.000,24.348000,1.343000,123.028099,3678,314,0,134,256,2100,9,0
1.333379,14.490000,116.000,24.348000,1.343000,123.032639,3685,314,0,134,256,2100,9,0
1.335578,2.199000,116.000,24.348000,1.343000,123.033073,3685,314,0,134,256,2100,9,0
1.349878,14.300000,116.000,24.348000,1.343000,123.033508,3685,314,0,134,256,2100,9,0
1.352133,2.255000,116.000,24.348000,1.343000,123.033943,3685,314,0,134,256,2100,9,0
1.366719,14.586000,116.000,24.348000,1.343000,123.034378,3685,314,0,134,255,2098,9,0
1.368936,2.217000,116.000,24.348000,1.343000,123.036472,3688,314,0,134,255,2098,9,0
1.383339,14.403000,116.000,24.348000,1.343000,123.036907,3688,314,0,133,255,2098,9,0
1.394615,11.276000,116.000,24.348000,1.343000,123.168571,3741,326,0,178,327,2242,9,0
1.399834,5.219000,116.000,24.348000,1.343000,123.169006,3741,326,0,178,327,2242,9,0
1.402217,2.383000,116.000,24.348000,1.343000,123.153511,3744,326,0,144,283,2154,9,0
1.416678,14.461000,116.000,24.348000,1.343000,123.153946,3744,326,0,145,283,2154,9,0
1.419723,3.045000,116.000,24.348000,1.343000,123.162045,3745,327,0,153,292,2172,9,0
1.433370,13.647000,116.000,24.348000,1.343000,123.154194,3730,327,0,152,292,2172,9,0
1.435857,2.487000,116.000,24.348000,1.343000,123.151676,3730,327,0,146,286,2160,9,0
1.449893,14.036000,116.000,24.348000,1.343000,123.152111,3730,327,0,146,286,2160,9,0
1.452249,2.356000,116.000,24.348000,1.343000,123.152546,3730,327,0,146,286,2160,9,0
1.466708,14.459000,116.000,24.348000,1.343000,123.142521,3725,324,0,145,285,2158,9,0
1.469810,3.102000,116.000,24.348000,1.343000,123.140869,3722,324,0,145,285,2158,9,0
1.483381,13.571000,116.000,24.348000,1.343000,123.141247,3722,324,0,145,285,2158,9,0
1.486306,2.925000,116.000,24.348000,1.343000,123.141682,3722,324,0,145,285,2158,9,0
1.499993,13.687000,116.000,24.348000,1.343000,123.142117,3722,324,0,145,285,2158,9,0
1.502971,2.978000,116.000,24.348000,1.343000,123.221371,3732,328,0,144,284,2156,9,0
1.517131,14.160000,116.000,24.348000,1.343000,123.222492,3732,328,0,145,286,2160,9,0
1.522380,5.249000,116.000,24.348000,1.343000,123.218781,3725,328,0,145,286,2160,9,0
1.528071,5.691000,116.000,24.348000,1.343000,123.219158,3725,328,0,144,268,2124,9,0
1.542814,14.743000,116.000,24.348000,1.343000,123.219540,3725,328,0,144,268,2124,9,0
1.550503,7.689000,116.000,24.348000,1.343000,123.215565,3723,328,0,144,268,2124,9,0
1.555979,5.476000,116.000,24.348000,1.343000,123.201538,3723,328,0,144,268,2124,9,0
1.561305,5.326000,116.000,24.348000,1.343000,123.201973,3723,328,0,143,265,2118,9,0
1.576539,15.234000,116.000,24.348000,1.343000,123.202408,3723,328,0,143,265,2118,9,0
1.583764,7.225000,116.000,24.348000,1.343000,123.202843,3723,328,0,143,265,2118,9,0
1.589126,5.362000,116.000,24.348000,1.343000,123.198906,3723,328,0,143,265,2118,9,0
1.600289,11.163000,116.000,24.348000,1.343000,123.199341,3723,328,0,142,265,2118,9,0
1.605432,5.143000,116.000,24.348000,1.343000,123.209442,3738,328,0,142,265,2118,9,0
1.617087,11.655000,116.000,24.348000,1.343000,123.172684,3678,328,0,142,265,2118,9,0
1.621977,4.890000,116.000,24.348000,1.343000,123.173119,3678,328,0,141,264,2116,9,0
1.633814,11.837000,116.000,24.348000,1.343000,123.173553,3678,328,0,142,264,2116,9,0
1.638902,5.088000,116.000,24.348000,1.343000,123.173996,3678,328,0,140,262,2112,9,0
1.650400,11.498000,116.000,24.348000,1.343000,123.174431,3678,328,0,139,261,2110,9,0
1.655459,5.059000,116.000,24.348000,1.343000,123.164360,3674,324,0,139,261,2110,9,0
1.668059,12.600000,116.000,24.348000,1.343000,123.160446,3667,324,0,137,261,2110,9,0
1.673189,5.130000,116.000,24.348000,1.343000,123.160950,3667,324,0,136,259,2106,9,0
1.677615,4.426000,116.000,24.348000,1.343000,123.161301,3667,324,0,134,257,2102,9,0
1.693013,15.398000,116.000,24.348000,1.343000,123.146111,3658,319,0,133,256,2100,9,0
1.700447,7.434000,116.000,24.348000,1.343000,123.137039,3643,319,0,133,256,2100,9,0
1.705393,4.946000,116.000,24.348000,1.343000,123.135818,3640,319,0,134,256,2100,9,0
1.711254,5.861000,116.000,24.348000,1.343000,123.147785,3642,319,0,141,265,2118,9,0
1.726112,14.858000,116.000,24.348000,1.343000,123.145332,3642,319,0,135,259,2106,9,0
1.733516,7.404000,116.000,24.348000,1.343000,123.145767,3642,319,0,133,259,2106,9,0
1.738343,4.827000,116.000,24.348000,1.343000,123.144470,3639,319,0,133,259,2106,9,0
1.750228,11.885000,116.000,24.348000,1.343000,123.144905,3639,319,0,133,259,2106,9,0
1.754652,4.424000,116.000,24.348000,1.343000,123.145340,3639,319,0,133,259,2106,9,0
1.767336,12.684000,116.000,24.348000,1.343000,123.167850,3669,319,0,134,259,2106,9,0
1.772058,4.722000,116.000,24.348000,1.343000,123.156887,3651,319,0,134,259,2106,9,0
1.783601,11.543000,116.000,24.348000,1.343000,123.157322,3651,319,0,133,259,2106,9,0
1.788189,4.588000,116.000,24.348000,1.343000,123.158344,3651,319,0,133,259,2106,9,0
1.800270,12.081000,116.000,24.348000,1.343000,123.190022,3651,319,0,133,259,2106,9,0
1.804775,4.505000,116.000,24.348000,1.343000,123.190392,3651,319,0,133,259,2106,9,0
1.817142,12.367000,116.000,24.348000,1.343000,123.190826,3651,319,0,134,259,2106,9,0
1.821915,4.773000,116.000,24.348000,1.343000,123.191292,3651,319,0,134,259,2106,9,0
1.833517,11.602000,116.000,24.348000,1.343000,123.191727,3651,319,0,133,259,2106,9,0
1.838208,4.691000,116.000,24.348000,1.343000,123.192253,3651,319,0,133,259,2106,9,0
1.850326,12.118000,116.000,24.348000,1.343000,123.192688,3651,319,0,133,259,2106,9,0
1.854275,3.949000,116.000,24.348000,1.343000,123.193108,3651,319,0,132,256,2100,9,0
1.867956,13.681000,116.000,24.348000,1.343000,123.193489,3651,319,0,134,256,2100,9,0
1.873075,5.119000,116.000,24.348000,1.343000,123.174892,3642,315,0,130,252,2092,9,0
1.877743,4.668000,116.000,24.348000,1.343000,123.168026,3636,315,0,129,252,2092,9,0
1.892444,14.701000,116.000,24.348000,1.343000,123.168491,3636,315,0,129,252,2092,9,0
1.899997,7.553000,116.000,24.348000,1.343000,123.168926,3636,315,0,127,252,2092,9,0
1.903955,3.958000,116.000,24.348000,1.343000,123.169483,3636,315,0,127,252,2092,9,0
1.917216,13.261000,116.000,24.348000,1.343000,123.169918,3636,315,0,128,252,2092,9,0
1.922071,4.855000,116.000,24.348000,1.343000,123.170383,3636,315,0,128,252,2092,9,0
1.933645,11.574000,116.000,24.348000,1.343000,123.170818,3636,315,0,128,252,2092,9,0
1.938180,4.535000,116.000,24.348000,1.343000,123.177242,3646,315,0,128,252,2092,9,0
1.950440,12.260000,116.000,24.348000,1.343000,123.177620,3646,315,0,116,246,2080,9,0
1.955020,4.580000,116.000,24.348000,1.343000,123.178112,3646,315,0,116,246,2080,9,0
1.967066,12.046000,116.000,24.348000,1.343000,123.178490,3646,315,0,118,246,2080,9,0
1.972029,4.963000,116.000,24.348000,1.343000,123.180588,3649,315,0,118,246,2080,9,0
1.983542,11.513000,116.000,24.348000,1.343000,123.181023,3649,315,0,117,246,2080,9,0
1.987893,4.351000,116.000,24.348000,1.343000,123.181450,3649,315,0,117,246,2080,9,0
2.012240,24.347000,116.000,24.348000,1.343000,123.267475,3696,324,0,163,317,2222,9,0
2.025322,13.082000,116.000,24.348000,1.343000,123.267876,3696,324,0,131,275,2138,9,0
2.034328,9.006000,116.000,24.348000,1.343000,123.252747,3696,324,0,131,275,2138,9,0
2.037908,3.580000,116.000,24.348000,1.343000,123.253181,3696,324,0,131,275,2138,9,0
2.051120,13.212000,116.000,24.348000,1.343000,123.260979,3697,325,0,139,284,2156,9,0
2.054705,3.585000,116.000,24.348000,1.343000,123.250175,3682,325,0,132,278,2144,9,0
2.067980,13.275000,116.000,24.348000,1.343000,123.250610,3682,325,0,132,278,2144,9,0
2.071966,3.986000,116.000,24.348000,1.343000,123.251011,3682,325,0,132,278,2144,9,0
2.084687,12.721000,116.000,24.348000,1.343000,123.253098,3685,325,0,132,278,2144,9,0
2.088544,3.857000,118.000,23.277000,1.142000,123.253586,3685,325,0,132,278,2144,9,0
2.101437,12.893000,118.000,23.277000,1.142000,123.254021,3685,325,0,132,278,2144,9,0
2.105296,3.859000,118.000,23.277000,1.142000,123.254456,3685,325,0,132,278,2144,9,0
2.118057,12.761000,118.000,23.277000,1.142000,123.256542,3688,325,0,132,278,2144,9,0
2.121944,3.887000,118.000,23.277000,1.142000,123.256977,3688,325,0,134,278,2144,9,0
2.134706,12.762000,118.000,23.277000,1.142000,123.257412,3688,325,0,134,278,2144,9,0
2.138506,3.800000,118.000,23.277000,1.142000,123.257847,3688,325,0,133,272,2132,9,0
2.151235,12.729000,118.000,23.277000,1.142000,123.236591,3654,325,0,133,272,2132,9,0
2.155017,3.782000,118.000,23.277000,1.142000,123.232616,3652,325,0,132,253,2094,9,0
2.167959,12.942000,118.000,23.277000,1.142000,123.233105,3652,325,0,132,253,2094,9,0
2.171624,3.665000,118.000,23.277000,1.142000,123.218388,3652,325,0,132,253,2094,9,0
2.184804,13.180000,118.000,23.277000,1.142000,123.207298,3650,320,0,131,252,2092,9,0
2.188397,3.593000,118.000,23.277000,1.142000,123.202187,3640,320,0,131,249,2086,9,0
2.201251,12.854000,118.000,23.277000,1.142000,123.202587,3640,320,0,131,249,2086,9,0
2.204768,3.517000,118.000,23.277000,1.142000,123.203022,3640,320,0,131,249,2086,9,0
2.218280,13.512000,118.000,23.277000,1.142000,123.199043,3640,320,0,131,249,2086,9,0
2.221872,3.592000,118.000,23.277000,1.142000,123.199444,3640,320,0,130,249,2086,9,0
2.234816,12.944000,118.000,23.277000,1.142000,123.199753,3640,320,0,130,249,2086,9,0
2.238192,3.376000,118.000,23.277000,1.142000,123.196686,3634,320,0,131,249,2086,9,0
2.251086,12.894000,118.000,23.277000,1.142000,123.197136,3634,320,0,130,248,2084,9,0
2.254242,3.156000,118.000,23.277000,1.142000,123.197571,3634,320,0,129,247,2082,9,0
2.268234,13.992000,118.000,23.277000,1.142000,123.198006,3634,320,0,128,246,2080,9,0
2.271926,3.692000,118.000,23.277000,1.142000,123.188038,3630,316,0,125,245,2078,9,0
2.284662,12.736000,118.000,23.277000,1.142000,123.184093,3623,316,0,125,245,2078,9,0
2.287868,3.206000,118.000,23.277000,1.142000,123.184528,3623,316,0,124,243,2074,9,0
2.300899,13.031000,118.000,23.277000,1.142000,123.185879,3623,316,0,124,243,2074,9,1
2.303890,2.991000,118.000,23.277000,1.142000,123.186230,3623,316,0,122,242,2072,9,1
2.318334,14.444000,118.000,23.277000,1.142000,123.169956,3617,310,0,121,241,2070,9,0
2.321790,3.456000,118.000,23.277000,1.142000,123.160816,3602,310,0,121,241,2070,9,0
2.328523,6.733000,118.000,23.277000,1.142000,123.172829,3604,310,0,128,250,2088,9,0
2.341755,13.232000,118.000,23.277000,1.142000,123.173264,3604,310,0,128,250,2088,9,0
2.351245,9.490000,118.000,23.277000,1.142000,123.170773,3604,310,0,122,244,2076,9,0
2.354227,2.982000,118.000,23.277000,1.142000,123.171207,3604,310,0,124,244,2076,9,0
2.368308,14.081000,118.000,23.277000,1.142000,123.171650,3604,310,0,124,244,2076,9,0
2.371846,3.538000,118.000,23.277000,1.142000,123.172085,3604,310,0,123,244,2076,9,0
2.384683,12.837000,118.000,23.277000,1.142000,123.174164,3607,310,0,123,244,2076,9,0
2.388029,3.346000,118.000,23.277000,1.142000,123.174599,3607,310,0,124,244,2076,9,0
2.401023,12.994000,118.000,23.277000,1.142000,123.174938,3607,310,0,124,244,2076,9,0
2.404034,3.011000,118.000,23.277000,1.142000,123.175373,3607,310,0,123,244,2076,9,0
2.417975,13.941000,118.000,23.277000,1.142000,123.174168,3604,310,0,123,244,2076,9,0
2.421546,3.571000,118.000,23.277000,1.142000,123.174603,3604,310,0,123,244,2076,9,0
2.434410,12.864000,118.000,23.277000,1.142000,123.175037,3604,310,0,123,244,2076,9,0
2.437745,3.335000,118.000,23.277000,1.142000,123.175545,3604,310,0,123,244,2076,9,0
2.451052,13.307000,118.000,23.277000,1.142000,123.174294,3601,310,0,123,244,2076,9,0
2.454099,3.047000,118.000,23.277000,1.142000,123.174728,3601,310,0,123,244,2076,9,0
2.467894,13.795000,118.000,23.277000,1.142000,123.175110,3601,310,0,123,244,2076,9,0
2.471524,3.630000,118.000,23.277000,1.142000,123.171135,3599,310,0,122,241,2070,9,0
2.484653,13.129000,118.000,23.277000,1.142000,123.171555,3599,310,0,122,240,2068,9,0
2.487959,3.306000,118.000,23.277000,1.142000,123.171989,3599,310,0,122,240,2068,9,0
2.500997,13.038000,118.000,23.277000,1.142000,123.168278,3599,310,0,122,240,2068,9,0
2.503946,2.949000,118.000,23.277000,1.142000,123.168713,3599,310,0,123,240,2068,9,0
2.518159,14.213000,118.000,23.277000,1.142000,123.169163,3599,310,0,123,240,2068,9,0
2.521652,3.493000,118.000,23.277000,1.142000,123.169598,3599,310,0,121,240,2068,9,0
2.534697,13.045000,118.000,23.277000,1.142000,123.170033,3599,310,0,121,240,2068,9,0
2.537855,3.158000,118.000,23.277000,1.142000,123.170467,3599,310,0,122,240,2068,9,0
2.551145,13.290000,118.000,23.277000,1.142000,123.170887,3599,310,0,122,240,2068,9,0
2.554281,3.136000,118.000,23.277000,1.142000,123.171322,3599,310,0,121,240,2068,9,0
2.568033,13.752000,118.000,23.277000,1.142000,123.177670,3609,310,0,121,240,2068,9,0
2.571609,3.576000,118.000,23.277000,1.142000,123.178104,3609,310,0,121,239,2066,9,0
2.584742,13.133000,118.000,23.277000,1.142000,123.166477,3601,307,0,121,239,2066,9,0
2.588072,3.330000,118.000,23.277000,1.142000,123.163219,3595,307,0,121,239,2066,9,0
2.601200,13.128000,118.000,23.277000,1.142000,123.163639,3595,307,0,121,239,2066,9,0
2.604655,3.455000,118.000,23.277000,1.142000,123.164040,3595,307,0,122,239,2066,9,0
2.618455,13.800000,118.000,23.277000,1.142000,123.178055,3602,311,0,122,239,2066,9,0
2.641440,22.985000,118.000,23.277000,1.142000,123.279243,3651,321,0,165,308,2204,9,0
2.645471,4.031000,118.000,23.277000,1.142000,123.261162,3651,321,0,127,264,2116,9,0
2.659800,14.329000,118.000,23.277000,1.142000,123.266365,3651,321,0,134,273,2134,9,0
2.663785,3.985000,118.000,23.277000,1.142000,123.258480,3636,321,0,134,273,2134,9,0
2.670556,6.771000,118.000,23.277000,1.142000,123.258915,3636,321,0,128,267,2122,9,0
2.683614,13.058000,118.000,23.277000,1.142000,123.256432,3636,321,0,128,267,2122,9,0
2.688634,5.020000,118.000,23.277000,1.142000,123.258518,3639,321,0,128,267,2122,9,0
2.700448,11.814000,118.000,23.277000,1.142000,123.260159,3639,321,0,128,267,2122,9,0
2.705470,5.022000,118.000,23.277000,1.142000,123.307606,3639,321,0,128,267,2122,9,0
2.717418,11.948000,118.000,23.277000,1.142000,123.307983,3639,321,0,128,267,2122,9,0
2.722508,5.090000,118.000,23.277000,1.142000,123.308418,3639,321,0,128,267,2122,9,0
2.728882,6.374000,118.000,23.277000,1.142000,123.308853,3639,321,0,128,267,2122,9,0
2.741839,12.957000,118.000,23.277000,1.142000,123.309288,3639,321,0,128,267,2122,9,0
2.751846,10.007000,118.000,23.277000,1.142000,123.309723,3639,321,0,128,267,2122,9,0
2.755754,3.908000,118.000,23.277000,1.142000,123.307655,3635,321,0,128,267,2122,9,0
2.762378,6.624000,118.000,23.277000,1.142000,123.308090,3635,321,0,127,248,2084,9,0
2.775238,12.860000,118.000,23.277000,1.142000,123.308472,3635,321,0,127,248,2084,9,0
2.784742,9.504000,118.000,23.277000,1.142000,123.306168,3636,321,0,127,248,2084,9,0
2.788306,3.564000,118.000,23.277000,1.142000,123.291451,3636,321,0,126,245,2078,9,0
2.800921,12.615000,118.000,23.277000,1.142000,123.291897,3636,321,0,126,245,2078,9,0
2.803973,3.052000,118.000,23.277000,1.142000,123.292332,3636,321,0,125,245,2078,9,0
2.818359,14.386000,118.000,23.277000,1.142000,123.289974,3639,321,0,125,245,2078,9,0
2.821943,3.584000,118.000,23.277000,1.142000,123.290409,3639,321,0,127,245,2078,9,0
2.834994,13.051000,118.000,23.277000,1.142000,123.290821,3639,321,0,127,245,2078,9,0
2.838481,3.487000,118.000,23.277000,1.142000,123.291164,3639,321,0,127,245,2078,9,0
2.851126,12.645000,118.000,23.277000,1.142000,123.288113,3633,321,0,127,245,2078,9,0
2.854186,3.060000,118.000,23.277000,1.142000,123.288548,3633,321,0,124,244,2076,9,0
2.867968,13.782000,118.000,23.277000,1.142000,123.288982,3633,321,0,124,244,2076,9,0
2.871530,3.562000,118.000,23.277000,1.142000,123.289417,3633,321,0,122,242,2072,9,0
2.884806,13.276000,118.000,23.277000,1.142000,123.291454,3636,321,0,121,241,2070,9,0
2.888225,3.419000,118.000,23.277000,1.142000,123.281540,3632,317,0,122,241,2070,9,0
2.901152,12.927000,118.000,23.277000,1.142000,123.277546,3625,317,0,122,241,2070,9,0
2.904185,3.033000,118.000,23.277000,1.142000,123.277981,3625,317,0,120,239,2066,9,0
2.918194,14.009000,118.000,23.277000,1.142000,123.278355,3625,317,0,119,238,2064,9,0
2.921805,3.611000,118.000,23.277000,1.142000,123.276920,3622,317,0,118,237,2062,9,0
2.934943,13.138000,118.000,23.277000,1.142000,123.263691,3616,312,0,118,237,2062,9,0
2.939399,4.456000,118.000,23.277000,1.142000,123.269341,3608,312,0,125,246,2080,9,0
2.944421,5.022000,118.000,23.277000,1.142000,123.269775,3608,312,0,126,246,2080,9,0
2.958656,14.235000,118.000,23.277000,1.142000,123.267292,3608,312,0,120,240,2068,9,0
2.963385,4.729000,118.000,23.277000,1.142000,123.267727,3608,312,0,120,240,2068,9,0
2.975218,11.833000,118.000,23.277000,1.142000,123.268162,3608,312,0,120,240,2068,9,0
2.984444,9.226000,118.000,23.277000,1.142000,123.268597,3608,312,0,120,240,2068,9,0
2.987896,3.452000,118.000,23.277000,1.142000,123.269032,3608,312,0,120,240,2068,9,0
3.000932,13.036000,118.000,23.277000,1.142000,123.269466,3608,312,0,120,240,2068,9,0
3.003961,3.029000,118.000,23.277000,1.142000,123.269901,3608,312,0,120,240,2068,9,0
3.018052,14.091000,118.000,23.277000,1.142000,123.268696,3605,312,0,120,240,2068,9,0
3.021961,3.909000,118.000,23.277000,1.142000,123.269222,3605,312,0,120,240,2068,9,0
3.034447,12.486000,118.000,23.277000,1.142000,123.269642,3605,312,0,120,240,2068,9,0
3.037716,3.269000,118.000,23.277000,1.142000,123.270077,3605,312,0,120,240,2068,9,0
3.051242,13.526000,118.000,23.277000,1.142000,123.270725,3605,312,0,120,240,2068,9,0
3.054647,3.405000,118.000,23.277000,1.142000,123.271160,3605,312,0,120,240,2068,9,0
3.067976,13.329000,118.000,23.277000,1.142000,123.271572,3605,312,0,120,240,2068,9,0
3.071500,3.524000,118.000,23.277000,1.142000,123.272007,3605,312,0,120,240,2068,9,0
3.084653,13.153000,118.000,23.277000,1.142000,123.272331,3605,312,0,119,237,2062,9,0
3.088331,3.678000,118.000,22.014000,1.382000,123.268356,3603,312,0,118,237,2062,9,0
3.101950,13.619000,118.000,22.014000,1.382000,123.268852,3603,312,0,118,237,2062,9,0
3.105625,3.675000,118.000,22.014000,1.382000,123.265087,3603,312,0,117,237,2062,9,0
3.118070,12.445000,118.000,22.014000,1.382000,123.263882,3600,312,0,117,237,2062,9,0
3.121627,3.557000,118.000,22.014000,1.382000,123.264282,3600,312,0,117,237,2062,9,0
3.134845,13.218000,118.000,22.014000,1.382000,123.264717,3600,312,0,117,237,2062,9,0
3.138627,3.782000,118.000,22.014000,1.382000,123.265152,3600,312,0,117,237,2062,9,0
3.151528,12.901000,118.000,22.014000,1.382000,123.263931,3597,312,0,117,237,2062,9,0
3.155111,3.583000,118.000,22.014000,1.382000,123.264366,3597,312,0,118,237,2062,9,0
3.168245,13.134000,118.000,22.014000,1.382000,123.264801,3597,312,0,118,237,2062,9,0
3.172037,3.792000,118.000,22.014000,1.382000,123.271240,3607,312,0,119,237,2062,9,0
3.184593,12.556000,118.000,22.014000,1.382000,123.271675,3607,312,0,119,237,2062,9,0
3.187974,3.381000,118.000,22.014000,1.382000,123.272110,3607,312,0,118,237,2062,9,0
3.201525,13.551000,118.000,22.014000,1.382000,123.145355,3557,272,0,118,237,2062,9,0
3.204848,3.323000,118.000,22.014000,1.382000,123.113625,3507,272,0,107,217,2022,9,0
3.218097,13.249000,118.000,22.014000,1.382000,123.114059,3507,272,0,107,217,2022,9,0
3.221551,3.454000,118.000,22.014000,1.382000,123.114494,3507,272,0,108,217,2022,9,0
3.243691,22.140000,118.000,22.014000,1.382000,123.133568,3530,257,0,155,290,2168,9,0
3.250804,7.113000,118.000,22.014000,1.382000,123.115051,3494,257,0,121,250,2088,9,0
3.254080,3.276000,118.000,22.014000,1.382000,123.098949,3494,257,0,121,250,2088,9,0
3.267852,13.772000,118.000,22.014000,1.382000,123.104095,3494,257,0,128,259,2106,9,0
3.271503,3.651000,118.000,22.014000,1.382000,123.093327,3479,257,0,122,253,2094,9,0
3.284537,13.034000,118.000,22.014000,1.382000,123.092121,3476,257,0,122,253,2094,9,0
3.288101,3.564000,118.000,22.014000,1.382000,123.092556,3476,257,0,122,253,2094,9,0
3.300740,12.639000,118.000,22.014000,1.382000,123.092991,3476,257,0,122,253,2094,9,0
3.303930,3.190000,118.000,22.014000,1.382000,123.093391,3476,257,0,122,253,2094,9,0
3.318074,14.144000,118.000,22.014000,1.382000,123.093769,3476,257,0,122,253,2094,9,0
3.321790,3.716000,118.000,22.014000,1.382000,123.094204,3476,257,0,122,253,2094,9,0
3.334570,12.780000,118.000,22.014000,1.382000,123.094582,3476,257,0,122,253,2094,9,0
3.338093,3.523000,118.000,22.014000,1.382000,123.094982,3476,257,0,122,253,2094,9,0
3.350883,12.790000,118.000,22.014000,1.382000,123.095417,3476,257,0,122,253,2094,9,0
3.354139,3.256000,118.000,22.014000,1.382000,123.095852,3476,257,0,122,253,2094,9,0
3.367942,13.803000,118.000,22.014000,1.382000,123.093784,3472,257,0,122,253,2094,9,0
3.371511,3.569000,118.000,22.014000,1.382000,123.094166,3472,257,0,121,234,2056,9,0
3.384498,12.987000,118.000,22.014000,1.382000,123.091843,3473,257,0,121,234,2056,9,0
3.387819,3.321000,118.000,22.014000,1.382000,123.092278,3473,257,0,121,234,2056,9,0
3.401080,13.261000,118.000,22.014000,1.382000,123.078472,3473,257,0,121,234,2056,9,1
3.404230,3.150000,118.000,22.014000,1.382000,123.078873,3473,257,0,120,231,2050,9,1
3.418258,14.028000,118.000,22.014000,1.382000,123.078835,3479,256,0,120,231,2050,9,0
3.422002,3.744000,118.000,22.014000,1.382000,123.071579,3474,256,0,120,231,2050,9,0
3.434933,12.931000,118.000,22.014000,1.382000,123.072010,3474,256,0,120,231,2050,9,0
3.438269,3.336000,118.000,22.014000,1.382000,123.072445,3474,256,0,120,231,2050,9,0
3.451048,12.779000,118.000,22.014000,1.382000,123.072773,3474,256,0,120,231,2050,9,0
3.454145,3.097000,118.000,22.014000,1.382000,123.069706,3468,256,0,121,231,2050,9,0
3.468212,14.067000,118.000,22.014000,1.382000,123.071815,3471,256,0,120,230,2048,9,0
3.472012,3.800000,118.000,22.014000,1.382000,123.072250,3471,256,0,120,230,2048,9,0
3.484839,12.827000,118.000,22.014000,1.382000,123.074326,3474,256,0,118,228,2044,9,0
3.488136,3.297000,118.000,22.014000,1.382000,123.074760,3474,256,0,116,227,2042,9,0
3.500986,12.850000,118.000,22.014000,1.382000,123.064728,3470,252,0,116,227,2042,9,0
3.503860,2.874000,118.000,22.014000,1.382000,123.060814,3463,252,0,116,227,2042,9,0
3.517927,14.067000,118.000,22.014000,1.382000,123.062840,3466,252,0,114,225,2038,9,0
3.521319,3.392000,118.000,22.014000,1.382000,123.063190,3466,252,0,114,224,2036,9,0
3.534698,13.379000,118.000,22.014000,1.382000,123.061749,3463,252,0,113,223,2034,9,0
3.538056,3.358000,118.000,22.014000,1.382000,123.048519,3457,247,0,112,223,2034,9,0
3.551345,13.289000,118.000,22.014000,1.382000,123.042591,3447,247,0,112,223,2034,9,0
3.556382,5.037000,118.000,22.014000,1.382000,123.054550,3449,247,0,119,232,2052,9,0
3.562185,5.803000,118.000,22.014000,1.382000,123.052052,3449,247,0,113,226,2040,9,0
3.575320,13.135000,118.000,22.014000,1.382000,123.052486,3449,247,0,113,226,2040,9,0
3.585158,9.838000,118.000,22.014000,1.382000,123.054569,3452,247,0,112,225,2038,9,0
3.588584,3.426000,118.000,22.014000,1.382000,123.055004,3452,247,0,112,225,2038,9,0
3.601163,12.579000,118.000,22.014000,1.382000,123.055439,3452,247,0,112,225,2038,9,0
3.604348,3.185000,118.000,22.014000,1.382000,123.055874,3452,247,0,112,225,2038,9,0
3.618011,13.663000,118.000,22.014000,1.382000,123.056297,3452,247,0,112,225,2038,9,0
3.621528,3.517000,118.000,22.014000,1.382000,123.056732,3452,247,0,112,225,2038,9,0
3.634482,12.954000,118.000,22.014000,1.382000,123.057194,3452,247,0,112,225,2038,9,0
3.637894,3.412000,118.000,22.014000,1.382000,123.057629,3452,247,0,112,225,2038,9,0
3.651123,13.229000,118.000,22.014000,1.382000,123.057842,3452,247,0,112,225,2038,9,0
3.654294,3.171000,118.000,22.014000,1.382000,123.058277,3452,247,0,113,225,2038,9,0
3.668099,13.805000,118.000,22.014000,1.382000,123.058712,3452,247,0,113,225,2038,9,0
3.672070,3.971000,118.000,22.014000,1.382000,123.059147,3452,247,0,111,224,2036,9,0
3.684391,12.321000,118.000,22.014000,1.382000,123.048656,3447,244,0,111,224,2036,9,0
3.687660,3.269000,118.000,22.014000,1.382000,123.045399,3441,244,0,112,224,2036,9,0
3.701306,13.646000,118.000,22.014000,1.382000,123.044121,3438,244,0,111,221,2030,9,0
3.704567,3.261000,118.000,22.014000,1.382000,123.040092,3436,244,0,110,221,2030,9,0
3.718100,13.533000,118.000,22.014000,1.382000,123.054489,3443,248,0,108,219,2026,9,0
3.721508,3.408000,118.000,22.014000,1.382000,123.051411,3443,248,0,110,221,2030,9,0
3.734714,13.206000,118.000,22.014000,1.382000,123.051868,3443,248,0,110,221,2030,9,0
3.737998,3.284000,118.000,22.014000,1.382000,123.052303,3443,248,0,111,221,2030,9,0
3.751036,13.038000,118.000,22.014000,1.382000,123.052727,3443,248,0,111,221,2030,9,0
3.758947,7.911000,118.000,22.014000,1.382000,123.053162,3443,248,0,111,221,2030,9,0
3.763443,4.496000,118.000,22.014000,1.382000,123.053562,3443,248,0,111,221,2030,9,0
3.775350,11.907000,118.000,22.014000,1.382000,123.053997,3443,248,0,110,221,2030,9,0
3.780434,5.084000,118.000,22.014000,1.382000,123.060417,3453,248,0,110,221,2030,9,0
3.791625,11.191000,118.000,22.014000,1.382000,123.060852,3453,248,0,111,221,2030,9,0
3.800794,9.169000,118.000,22.014000,1.382000,123.061287,3453,248,0,111,221,2030,9,0
3.803635,2.841000,118.000,22.014000,1.382000,123.061722,3453,248,0,110,221,2030,9,0
3.818009,14.374000,118.000,22.014000,1.382000,123.060501,3450,248,0,110,221,2030,9,0
3.821371,3.362000,118.000,22.014000,1.382000,123.060936,3450,248,0,110,221,2030,9,0
3.834731,13.360000,118.000,22.014000,1.382000,123.061386,3450,248,0,110,221,2030,9,0
3.856340,21.609000,118.000,22.014000,1.382000,123.145844,3497,257,0,155,289,2166,9,0
3.861324,4.984000,118.000,22.014000,1.382000,123.127094,3494,257,0,119,245,2078,9,0
3.876141,14.817000,118.000,22.014000,1.382000,123.132572,3494,257,0,126,254,2096,9,0
3.883505,7.364000,118.000,22.014000,1.382000,123.124722,3479,257,0,126,254,2096,9,0
3.887843,4.338000,118.000,22.014000,1.382000,123.122238,3479,257,0,120,248,2084,9,0
3.900077,12.234000,118.000,22.014000,1.382000,123.122673,3479,257,0,120,248,2084,9,0
3.903948,3.871000,118.000,22.014000,1.382000,123.123108,3479,257,0,120,248,2084,9,0
3.917043,13.095000,118.000,22.014000,1.382000,123.123543,3479,257,0,120,248,2084,9,0
3.921833,4.790000,118.000,22.014000,1.382000,123.123978,3479,257,0,120,248,2084,9,0
3.933670,11.837000,118.000,22.014000,1.382000,123.124413,3479,257,0,120,248,2084,9,0
3.938130,4.460000,118.000,22.014000,1.382000,123.124813,3479,257,0,120,248,2084,9,0
3.950843,12.713000,118.000,22.014000,1.382000,123.125191,3479,257,0,120,248,2084,9,0
3.954081,3.238000,118.000,22.014000,1.382000,123.125626,3479,257,0,120,248,2084,9,0
3.968334,14.253000,118.000,22.014000,1.382000,123.126060,3479,257,0,120,248,2084,9,0
3.972135,3.801000,118.000,22.014000,1.382000,123.123993,3475,257,0,120,248,2084,9,0
3.984310,12.175000,118.000,22.014000,1.382000,123.122787,3472,257,0,119,230,2048,9,0
3.987755,3.445000,118.000,22.014000,1.382000,123.123188,3472,257,0,119,230,2048,9,0
4.001292,13.537000,118.000,22.014000,1.382000,123.123569,3472,257,0,119,230,2048,9,0
4.004695,3.403000,118.000,22.014000,1.382000,123.105110,3470,257,0,118,227,2042,9,0
4.018055,13.360000,118.000,22.014000,1.382000,123.105572,3470,257,0,118,227,2042,9,0
4.021638,3.583000,118.000,22.014000,1.382000,123.106190,3470,257,0,119,227,2042,9,0
4.034753,13.115000,118.000,22.014000,1.382000,123.102249,3470,257,0,119,227,2042,9,0
4.038251,3.498000,118.000,22.014000,1.382000,123.104492,3470,257,0,118,227,2042,9,0
4.051708,13.457000,118.000,22.014000,1.382000,123.175415,3470,257,0,118,227,2042,9,0
4.055244,3.536000,118.000,22.014000,1.382000,123.175758,3470,257,0,119,227,2042,9,0
4.068107,12.863000,118.000,22.014000,1.382000,123.172707,3464,257,0,119,227,2042,9,0
4.071824,3.717000,118.000,22.014000,1.382000,123.173141,3464,257,0,118,226,2040,9,0
4.084711,12.887000,118.000,22.014000,1.382000,123.175224,3467,257,0,118,226,2040,9,0
4.088100,3.389000,117.000,21.451000,1.359000,123.175659,3467,257,0,115,224,2036,9,0
4.101240,13.140000,117.000,21.451000,1.359000,123.176014,3467,257,0,114,223,2034,9,0
4.104648,3.408000,117.000,21.451000,1.359000,123.166012,3463,253,0,114,223,2034,9,0
4.118088,13.440000,117.000,21.451000,1.359000,123.162067,3456,253,0,114,223,2034,9,0
4.121447,3.359000,117.000,21.451000,1.359000,123.162502,3456,253,0,113,221,2030,9,0
4.134624,13.177000,117.000,21.451000,1.359000,123.162853,3456,253,0,112,220,2028,9,0
4.137924,3.300000,117.000,21.451000,1.359000,123.161419,3453,253,0,111,219,2026,9,0
4.151184,13.260000,117.000,21.451000,1.359000,123.148129,3447,248,0,111,219,2026,9,0
4.154328,3.144000,117.000,21.451000,1.359000,123.142246,3437,248,0,110,219,2026,9,0
4.161982,7.654000,117.000,21.451000,1.359000,123.154205,3439,248,0,117,228,2044,9,0
4.175303,13.321000,117.000,21.451000,1.359000,123.154640,3439,248,0,118,228,2044,9,0
4.184617,9.314000,117.000,21.451000,1.359000,123.153831,3442,248,0,112,222,2032,9,0
4.187740,3.123000,117.000,21.451000,1.359000,123.154266,3442,248,0,111,222,2032,9,0
4.201513,13.773000,117.000,21.451000,1.359000,123.337173,3562,296,0,111,222,2032,9,0
4.204548,3.035000,117.000,21.451000,1.359000,123.346352,3562,296,0,123,246,2080,9,0
4.218019,13.471000,117.000,21.451000,1.359000,123.348442,3565,296,0,123,246,2080,9,0
4.221435,3.416000,117.000,21.451000,1.359000,123.348877,3565,296,0,124,246,2080,9,0
4.234789,13.354000,117.000,21.451000,1.359000,123.349293,3565,296,0,124,246,2080,9,0
4.238033,3.244000,117.000,21.451000,1.359000,123.349728,3565,296,0,124,246,2080,9,0
4.250953,12.920000,117.000,21.451000,1.359000,123.350163,3565,296,0,124,246,2080,9,0
4.254047,3.094000,117.000,21.451000,1.359000,123.350597,3565,296,0,124,246,2080,9,0
4.267890,13.843000,117.000,21.451000,1.359000,123.351032,3565,296,0,124,246,2080,9,0
4.271414,3.524000,117.000,21.451000,1.359000,123.351433,3565,296,0,124,246,2080,9,0
4.284808,13.394000,117.000,21.451000,1.359000,123.353539,3568,296,0,124,246,2080,9,0
4.288165,3.357000,117.000,21.451000,1.359000,123.353973,3568,296,0,123,246,2080,9,0
4.300974,12.809000,117.000,21.451000,1.359000,123.354355,3568,296,0,123,246,2080,9,0
4.303953,2.979000,117.000,21.451000,1.359000,123.350380,3566,296,0,122,243,2074,9,0
4.317886,13.933000,117.000,21.451000,1.359000,123.350834,3566,296,0,122,243,2074,9,0
4.321358,3.472000,117.000,21.451000,1.359000,123.351269,3566,296,0,123,243,2074,9,0
4.334675,13.317000,117.000,21.451000,1.359000,123.347477,3566,296,0,123,243,2074,9,0
4.337899,3.224000,117.000,21.451000,1.359000,123.347912,3566,296,0,123,243,2074,9,0
4.350938,13.039000,117.000,21.451000,1.359000,123.348347,3566,296,0,123,243,2074,9,0
4.354036,3.098000,117.000,21.451000,1.359000,123.348782,3566,296,0,122,243,2074,9,0
4.368090,14.054000,117.000,21.451000,1.359000,123.349232,3566,296,0,122,243,2074,9,0
4.371558,3.468000,117.000,21.451000,1.359000,123.349632,3566,296,0,123,243,2074,9,0
4.384597,13.039000,117.000,21.451000,1.359000,123.350052,3566,296,0,123,243,2074,9,0
4.387867,3.270000,117.000,21.451000,1.359000,123.356491,3576,296,0,122,243,2074,9,0
4.400971,13.104000,117.000,21.451000,1.359000,123.356926,3576,296,0,122,243,2074,9,0
4.403900,2.929000,117.000,21.451000,1.359000,123.357361,3576,296,0,122,243,2074,9,0
4.417916,14.016000,117.000,21.451000,1.359000,123.356083,3573,296,0,122,243,2074,9,0
4.421369,3.453000,117.000,21.451000,1.359000,123.356518,3573,296,0,122,243,2074,9,0
4.434606,13.237000,117.000,21.451000,1.359000,123.356983,3573,296,0,122,243,2074,9,0
4.437851,3.245000,117.000,21.451000,1.359000,123.357418,3573,296,0,123,243,2074,9,0
4.464818,26.967000,117.000,21.451000,1.359000,123.460552,3629,309,0,169,319,2226,9,0
4.470141,5.323000,117.000,21.451000,1.359000,123.443478,3629,309,0,132,277,2142,9,0
4.483476,13.335000,117.000,21.451000,1.359000,123.443913,3629,309,0,132,277,2142,9,0
4.488950,5.474000,117.000,21.451000,1.359000,123.457806,3632,312,0,133,280,2148,9,0
4.500041,11.091000,117.000,21.451000,1.359000,123.446980,3617,312,0,133,280,2148,9,0
4.504483,4.442000,117.000,21.451000,1.359000,123.448330,3617,312,0,133,280,2148,9,1
4.517064,12.581000,117.000,21.451000,1.359000,123.448765,3617,312,0,133,280,2148,9,1
4.522516,5.452000,117.000,21.451000,1.359000,123.448643,3620,311,0,133,280,2148,9,0
4.527384,4.868000,117.000,21.451000,1.359000,123.445820,3615,311,0,134,280,2148,9,0
4.542607,15.223000,117.000,21.451000,1.359000,123.446308,3615,311,0,134,280,2148,9,0
4.550472,7.865000,117.000,21.451000,1.359000,123.445103,3612,311,0,134,280,2148,9,0
4.555272,4.800000,117.000,21.451000,1.359000,123.447197,3615,311,0,134,280,2148,9,0
4.568032,12.760000,117.000,21.451000,1.359000,123.447613,3615,311,0,134,280,2148,9,0
4.571835,3.803000,117.000,21.451000,1.359000,123.448048,3615,311,0,134,280,2148,9,0
4.617465,45.630000,117.000,21.451000,1.359000,123.445927,3611,311,0,134,280,2148,9,0
4.622687,5.222000,117.000,21.451000,1.359000,123.421879,3609,311,0,133,254,2096,9,0
4.627354,4.667000,117.000,21.451000,1.359000,123.422298,3609,311,0,131,251,2090,9,0
4.642865,15.511000,117.000,21.451000,1.359000,123.418186,3609,311,0,131,251,2090,9,0
4.650307,7.442000,117.000,21.451000,1.359000,123.418621,3609,311,0,132,251,2090,9,0
4.655033,4.726000,117.000,21.451000,1.359000,123.418873,3609,311,0,132,251,2090,9,0
4.666960,11.927000,117.000,21.451000,1.359000,123.415806,3603,311,0,131,251,2090,9,0
4.672085,5.125000,117.000,21.451000,1.359000,123.414581,3600,311,0,129,249,2086,9,0
4.683676,11.591000,117.000,21.451000,1.359000,123.415016,3600,311,0,129,249,2086,9,0
4.688567,4.891000,117.000,21.451000,1.359000,123.415497,3600,311,0,127,247,2082,9,0
4.700615,12.048000,117.000,21.451000,1.359000,123.415932,3600,311,0,126,246,2080,9,0
4.705094,4.479000,117.000,21.451000,1.359000,123.405842,3596,307,0,126,246,2080,9,0
4.716983,11.889000,117.000,21.451000,1.359000,123.401928,3589,307,0,126,246,2080,9,0
4.721764,4.781000,117.000,21.451000,1.359000,123.402409,3589,307,0,124,244,2076,9,0
4.733589,11.825000,117.000,21.451000,1.359000,123.402760,3589,307,0,123,243,2074,9,0
4.737752,4.163000,117.000,21.451000,1.359000,123.401325,3586,307,0,122,242,2072,9,0
4.750098,12.346000,117.000,21.451000,1.359000,123.388096,3580,302,0,121,242,2072,9,0
4.753965,3.867000,117.000,21.451000,1.359000,123.382183,3570,302,0,121,242,2072,9,0
4.767025,13.060000,117.000,21.451000,1.359000,123.394207,3572,302,0,129,251,2090,9,0
4.772239,5.214000,117.000,21.451000,1.359000,123.385410,3570,299,0,128,250,2088,9,0
4.783834,11.595000,117.000,21.451000,1.359000,123.377594,3561,299,0,122,244,2076,9,0
4.792480,8.646000,117.000,21.451000,1.359000,123.378029,3561,299,0,122,244,2076,9,0
4.795624,3.144000,117.000,21.451000,1.359000,123.378407,3561,299,0,122,244,2076,9,0
4.809650,14.026000,117.000,21.451000,1.359000,123.393993,3571,303,0,122,244,2076,9,0
4.813238,3.588000,117.000,21.451000,1.359000,123.395081,3571,303,0,123,246,2080,9,0
4.826318,13.080000,117.000,21.451000,1.359000,123.395512,3571,303,0,123,246,2080,9,0
4.833668,7.350000,117.000,21.451000,1.359000,123.395947,3571,303,0,123,246,2080,9,0
4.838196,4.528000,117.000,21.451000,1.359000,123.396366,3571,303,0,123,246,2080,9,0
4.850198,12.002000,117.000,21.451000,1.359000,123.396801,3571,303,0,123,246,2080,9,0
4.854558,4.360000,117.000,21.451000,1.359000,123.397266,3571,303,0,123,246,2080,9,0
4.867050,12.492000,117.000,21.451000,1.359000,123.397701,3571,303,0,124,246,2080,9,0
4.872014,4.964000,117.000,21.451000,1.359000,123.399792,3574,303,0,124,246,2080,9,0
4.883581,11.567000,117.000,21.451000,1.359000,123.400227,3574,303,0,123,246,2080,9,0
4.888292,4.711000,117.000,21.451000,1.359000,123.400646,3574,303,0,123,246,2080,9,0
4.900067,11.775000,117.000,21.451000,1.359000,123.401028,3574,303,0,123,246,2080,9,0
4.904694,4.627000,117.000,21.451000,1.359000,123.398743,3575,303,0,122,243,2074,9,0
4.917026,12.332000,117.000,21.451000,1.359000,123.399178,3575,303,0,123,243,2074,9,0
4.921579,4.553000,117.000,21.451000,1.359000,123.399578,3575,303,0,123,243,2074,9,0
4.933614,12.035000,117.000,21.451000,1.359000,123.395847,3575,303,0,122,243,2074,9,0
4.938277,4.663000,117.000,21.451000,1.359000,123.396225,3575,303,0,122,243,2074,9,0
4.950710,12.433000,117.000,21.451000,1.359000,123.396660,3575,303,0,122,243,2074,9,0
4.954807,4.097000,117.000,21.451000,1.359000,123.397060,3575,303,0,122,243,2074,9,0
4.967913,13.106000,117.000,21.451000,1.359000,123.397526,3575,303,0,122,243,2074,9,0
4.971394,3.481000,117.000,21.451000,1.359000,123.397961,3575,303,0,122,243,2074,9,0
4.984924,13.530000,117.000,21.451000,1.359000,123.401249,3578,303,0,122,243,2074,9,2
4.988797,3.873000,117.000,21.451000,1.359000,123.401684,3578,303,0,121,243,2074,9,2
4.995760,6.963000,117.000,21.451000,1.359000,123.408688,3588,303,0,121,243,2074,9,2
5.008612,12.852000,117.000,21.451000,1.359000,123.409065,3588,303,0,121,243,2074,9,2
5.013959,5.347000,117.000,21.451000,1.359000,123.411167,3600,301,0,121,243,2074,9,0
5.019265,5.306000,117.000,21.451000,1.359000,123.405132,3590,301,0,125,243,2074,9,0
5.042933,23.668000,117.000,21.451000,1.359000,123.405529,3590,301,0,125,243,2074,9,0
5.050382,7.449000,117.000,21.451000,1.359000,123.405964,3590,301,0,123,243,2074,9,0
5.054954,4.572000,117.000,21.451000,1.359000,123.406452,3590,301,0,124,243,2074,9,0
5.071408,16.454000,117.000,21.451000,1.359000,123.477989,3632,310,0,157,291,2170,9,0
5.083963,12.555000,117.000,21.451000,1.359000,123.460869,3632,310,0,121,249,2086,9,0
5.086719,2.756000,112.000,44.457000,1.724000,123.461304,3632,310,0,121,249,2086,9,0
5.101308,14.589000,112.000,44.457000,1.724000,123.466690,3632,310,0,128,258,2104,9,0
5.104612,3.304000,112.000,44.457000,1.724000,123.458839,3617,310,0,128,258,2104,9,0
5.118024,13.412000,112.000,44.457000,1.724000,123.456356,3617,310,0,122,252,2092,9,0
5.121739,3.715000,112.000,44.457000,1.724000,123.455151,3614,310,0,122,252,2092,9,0
5.134639,12.900000,112.000,44.457000,1.724000,123.455585,3614,310,0,122,252,2092,9,0
5.138170,3.531000,112.000,44.457000,1.724000,123.456020,3614,310,0,122,252,2092,9,0
5.150832,12.662000,112.000,44.457000,1.724000,123.456398,3614,310,0,122,252,2092,9,0
5.154115,3.283000,112.000,44.457000,1.724000,123.455193,3611,310,0,122,252,2092,9,0
5.167917,13.802000,112.000,44.457000,1.724000,123.457298,3614,310,0,122,252,2092,9,0
5.171710,3.793000,112.000,44.457000,1.724000,123.457733,3614,310,0,123,252,2092,9,0
5.184563,12.853000,112.000,44.457000,1.724000,123.458111,3614,310,0,123,252,2092,9,0
5.187882,3.319000,112.000,44.457000,1.724000,123.458546,3614,310,0,121,250,2088,9,0
5.201173,13.291000,112.000,44.457000,1.724000,123.478474,3633,314,0,121,250,2088,9,0
5.204533,3.360000,112.000,44.457000,1.724000,123.476830,3629,314,0,122,240,2068,9,0
5.217846,13.313000,112.000,44.457000,1.724000,123.477165,3629,314,0,122,240,2068,9,0
5.221467,3.621000,112.000,44.457000,1.724000,123.473190,3627,314,0,122,240,2068,9,0
5.234512,13.045000,112.000,44.457000,1.724000,123.461689,3624,314,0,122,240,2068,9,0
5.237796,3.284000,112.000,44.457000,1.724000,123.462124,3624,314,0,121,237,2062,9,0
5.250965,13.169000,112.000,44.457000,1.724000,123.462559,3624,314,0,121,237,2062,9,0
5.254220,3.255000,112.000,44.457000,1.724000,123.457012,3621,314,0,120,237,2062,9,0
5.268036,13.816000,112.000,44.457000,1.724000,123.457443,3621,314,0,120,237,2062,9,0
5.271715,3.679000,112.000,44.457000,1.724000,123.457878,3621,314,0,121,237,2062,9,0
5.284918,13.203000,112.000,44.457000,1.724000,123.458282,3621,314,0,121,237,2062,9,0
5.288278,3.360000,112.000,44.457000,1.724000,123.437752,3611,308,0,118,235,2058,9,0
5.301100,12.822000,112.000,44.457000,1.724000,123.427269,3593,308,0,118,235,2058,9,0
5.304150,3.050000,112.000,44.457000,1.724000,123.427670,3593,308,0,117,234,2056,9,0
5.318009,13.859000,112.000,44.457000,1.724000,123.428078,3593,308,0,115,232,2052,9,0
5.321779,3.770000,112.000,44.457000,1.724000,123.428513,3593,308,0,115,231,2050,9,0
5.334904,13.125000,112.000,44.457000,1.724000,123.418453,3589,304,0,115,231,2050,9,0
5.338066,3.162000,112.000,44.457000,1.724000,123.414539,3582,304,0,114,231,2050,9,0
5.352305,14.239000,112.000,44.457000,1.724000,123.414989,3582,304,0,112,229,2046,9,0
5.355411,3.106000,112.000,44.457000,1.724000,123.415340,3582,304,0,111,228,2044,9,0
5.367772,12.361000,112.000,44.457000,1.724000,123.413937,3579,304,0,111,228,2044,9,0
5.370798,3.026000,112.000,44.457000,1.724000,123.400707,3573,299,0,111,227,2042,9,0
5.384536,13.738000,112.000,44.457000,1.724000,123.394733,3563,299,0,111,227,2042,9,0
5.389396,4.860000,112.000,44.457000,1.724000,123.409065,3565,299,0,119,239,2066,9,0
5.395080,5.684000,112.000,44.457000,1.724000,123.407860,3562,299,0,119,239,2066,9,0
5.409977,14.897000,112.000,44.457000,1.724000,123.405334,3562,299,0,113,233,2054,9,0
5.416971,6.994000,112.000,44.457000,1.724000,123.405769,3562,299,0,114,233,2054,9,0
5.421523,4.552000,112.000,44.457000,1.724000,123.406189,3562,299,0,114,233,2054,9,0
5.433489,11.966000,112.000,44.457000,1.724000,123.406624,3562,299,0,114,233,2054,9,0
5.437996,4.507000,112.000,44.457000,1.724000,123.407059,3562,299,0,114,233,2054,9,0
5.450327,12.331000,112.000,44.457000,1.724000,123.407494,3562,299,0,113,233,2054,9,0
5.454776,4.449000,112.000,44.457000,1.724000,123.407928,3562,299,0,113,233,2054,9,0
5.467033,12.257000,112.000,44.457000,1.724000,123.408363,3562,299,0,113,233,2054,9,0
5.471523,4.490000,112.000,44.457000,1.724000,123.408813,3562,299,0,113,233,2054,9,0
5.483555,12.032000,112.000,44.457000,1.724000,123.409248,3562,299,0,114,233,2054,9,0
5.488238,4.683000,112.000,44.457000,1.724000,123.411335,3565,299,0,114,233,2054,9,0
5.501193,12.955000,112.000,44.457000,1.724000,123.411770,3565,299,0,113,233,2054,9,0
5.504771,3.578000,112.000,44.457000,1.724000,123.412205,3565,299,0,114,233,2054,9,0
5.517944,13.173000,112.000,44.457000,1.724000,123.412701,3565,299,0,114,233,2054,9,0
5.521453,3.509000,112.000,44.457000,1.724000,123.413136,3565,299,0,113,229,2046,9,0
5.534592,13.139000,112.000,44.457000,1.724000,123.413502,3565,299,0,113,229,2046,9,0
5.538069,3.477000,112.000,44.457000,1.724000,123.409527,3563,299,0,112,229,2046,9,0
5.551314,13.245000,112.000,44.457000,1.724000,123.404408,3563,299,0,112,229,2046,9,0
5.554686,3.372000,112.000,44.457000,1.724000,123.404842,3563,299,0,112,229,2046,9,0
5.568201,13.515000,112.000,44.457000,1.724000,123.405308,3563,299,0,112,229,2046,9,0
5.571630,3.429000,112.000,44.457000,1.724000,123.405743,3563,299,0,113,229,2046,9,0
5.584588,12.958000,112.000,44.457000,1.724000,123.407738,3566,299,0,113,229,2046,9,0
5.587806,3.218000,112.000,44.457000,1.724000,123.408173,3566,299,0,112,229,2046,9,0
5.601552,13.746000,112.000,44.457000,1.724000,123.409531,3566,299,0,112,229,2046,9,1
5.604855,3.303000,112.000,44.457000,1.724000,123.415970,3576,299,0,112,229,2046,9,1
5.620652,15.797000,112.000,44.457000,1.724000,123.418777,3585,298,0,112,229,2046,9,0
5.624247,3.595000,112.000,44.457000,1.724000,123.416008,3580,298,0,114,229,2046,9,0
5.628993,4.746000,112.000,44.457000,1.724000,123.418037,3583,298,0,114,229,2046,9,0
5.641555,12.562000,112.000,44.457000,1.724000,123.418472,3583,298,0,113,229,2046,9,0
5.650887,9.332000,112.000,44.457000,1.724000,123.418919,3583,298,0,113,229,2046,9,0
5.653751,2.864000,112.000,44.457000,1.724000,123.419353,3583,298,0,113,229,2046,9,0
5.676457,22.706000,112.000,44.457000,1.724000,123.506443,3630,307,0,162,304,2196,9,0
5.684484,8.027000,112.000,44.457000,1.724000,123.508526,3633,307,0,138,276,2140,9,0
5.688226,3.742000,112.000,44.457000,1.724000,123.497288,3633,307,0,138,276,2140,9,0
5.700905,12.679000,112.000,44.457000,1.724000,123.502464,3633,307,0,145,285,2158,9,0
5.704248,3.343000,112.000,44.457000,1.724000,123.494614,3618,307,0,139,279,2146,9,0
5.718160,13.912000,112.000,44.457000,1.724000,123.493778,3621,307,0,139,279,2146,9,0
5.722069,3.909000,112.000,44.457000,1.724000,123.492538,3618,307,0,139,279,2146,9,0
5.734432,12.363000,112.000,44.457000,1.724000,123.492973,3618,307,0,139,279,2146,9,0
5.737966,3.534000,112.000,44.457000,1.724000,123.493408,3618,307,0,139,279,2146,9,0
5.751404,13.438000,112.000,44.457000,1.724000,123.493843,3618,307,0,139,279,2146,9,0
5.754902,3.498000,112.000,44.457000,1.724000,123.494278,3618,307,0,139,279,2146,9,0
5.767936,13.034000,112.000,44.457000,1.724000,123.496613,3621,307,0,139,279,2146,9,0
5.771819,3.883000,112.000,44.457000,1.724000,123.491432,3612,307,0,139,279,2146,9,0
5.784465,12.646000,112.000,44.457000,1.724000,123.491867,3612,307,0,138,278,2144,9,0
5.787971,3.506000,112.000,44.457000,1.724000,123.492302,3612,307,0,138,278,2144,9,0
5.800652,12.681000,112.000,44.457000,1.724000,123.490234,3608,307,0,138,278,2144,9,0
5.803955,3.303000,112.000,44.457000,1.724000,123.490616,3608,307,0,137,259,2106,9,0
5.818171,14.216000,112.000,44.457000,1.724000,123.485001,3603,307,0,137,259,2106,9,0
5.821943,3.772000,112.000,44.457000,1.724000,123.485435,3603,307,0,137,259,2106,9,0
5.834136,12.193000,112.000,44.457000,1.724000,123.470722,3603,307,0,137,259,2106,9,0
5.837312,3.176000,112.000,44.457000,1.724000,123.471157,3603,307,0,136,256,2100,9,0
5.851070,13.758000,112.000,44.457000,1.724000,123.471626,3603,307,0,136,256,2100,9,0
5.854239,3.169000,112.000,44.457000,1.724000,123.467594,3603,307,0,137,256,2100,9,0
5.867867,13.628000,112.000,44.457000,1.724000,123.466389,3600,307,0,137,256,2100,9,0
5.871230,3.363000,112.000,44.457000,1.724000,123.466824,3600,307,0,135,255,2098,9,0
5.884845,13.615000,112.000,44.457000,1.724000,123.456718,3595,304,0,135,255,2098,9,0
5.888151,3.306000,112.000,44.457000,1.724000,123.449959,3583,304,0,136,255,2098,9,0
5.900936,12.785000,112.000,44.457000,1.724000,123.450363,3583,304,0,135,254,2096,9,0
5.904133,3.197000,112.000,44.457000,1.724000,123.449158,3580,304,0,134,254,2096,9,0
5.917909,13.776000,112.000,44.457000,1.724000,123.464729,3590,308,0,132,252,2092,9,0
5.921213,3.304000,112.000,44.457000,1.724000,123.465851,3590,308,0,132,253,2094,9,0
5.934259,13.046000,112.000,44.457000,1.724000,123.455864,3586,304,0,132,253,2094,9,0
5.937305,3.046000,112.000,44.457000,1.724000,123.451950,3579,304,0,133,253,2094,9,0
5.951147,13.842000,112.000,44.457000,1.724000,123.450729,3576,304,0,131,251,2090,9,0
5.954564,3.417000,112.000,44.457000,1.724000,123.458813,3586,305,0,129,250,2088,9,0
5.967628,13.064000,112.000,44.457000,1.724000,123.455479,3580,305,0,129,250,2088,9,0
5.971138,3.510000,112.000,44.457000,1.724000,123.442249,3574,300,0,130,250,2088,9,0
5.984219,13.081000,112.000,44.457000,1.724000,123.436321,3564,300,0,130,250,2088,9,0
5.988403,4.184000,112.000,44.457000,1.724000,123.445969,3566,300,0,135,256,2100,9,0
6.000939,12.536000,112.000,44.457000,1.724000,123.446388,3566,300,0,135,256,2100,9,0
6.003922,2.983000,112.000,44.457000,1.724000,123.442932,3566,300,0,126,248,2084,9,0
6.017530,13.608000,112.000,44.457000,1.724000,123.443367,3566,300,0,126,248,2084,9,0
6.020991,3.461000,112.000,44.457000,1.724000,123.443768,3566,300,0,126,248,2084,9,0
6.034376,13.385000,112.000,44.457000,1.724000,123.444599,3566,300,0,126,248,2084,9,0
6.037472,3.096000,112.000,44.457000,1.724000,123.445034,3566,300,0,127,248,2084,9,0
6.050986,13.514000,112.000,44.457000,1.724000,123.445438,3566,300,0,127,248,2084,9,0
6.053997,3.011000,112.000,44.457000,1.724000,123.445873,3566,300,0,127,248,2084,9,0
6.067989,13.992000,112.000,44.457000,1.724000,123.446308,3566,300,0,127,248,2084,9,0
6.071718,3.729000,112.000,44.457000,1.724000,123.446743,3566,300,0,126,248,2084,9,0
6.084588,12.870000,112.000,44.457000,1.724000,123.445660,3563,300,0,126,248,2084,9,0
6.087828,3.240000,119.000,21.824000,3.653000,123.448803,3563,300,0,127,248,2084,9,0
6.100833,13.005000,119.000,21.824000,3.653000,123.554836,3563,300,0,127,248,2084,9,0
6.103956,3.123000,119.000,21.824000,3.653000,123.555271,3563,300,0,126,248,2084,9,0
6.118748,14.792000,119.000,21.824000,3.653000,123.555721,3563,300,0,126,248,2084,9,0
6.122399,3.651000,119.000,21.824000,3.653000,123.556156,3563,300,0,126,248,2084,9,0
6.129174,6.775000,119.000,21.824000,3.653000,123.556591,3563,300,0,125,246,2080,9,0
6.141635,12.461000,119.000,21.824000,3.653000,123.556973,3563,300,0,124,245,2078,9,0
6.151073,9.438000,119.000,21.824000,3.653000,123.552010,3561,300,0,122,243,2074,9,0
6.154349,3.276000,119.000,21.824000,3.653000,123.549629,3561,300,0,122,243,2074,9,0
6.167235,12.886000,119.000,21.824000,3.653000,123.550106,3561,300,0,122,243,2074,9,0
6.169591,2.356000,119.000,21.824000,3.653000,123.550541,3561,300,0,123,243,2074,9,0
6.183883,14.292000,119.000,21.824000,3.653000,123.552620,3564,300,0,123,243,2074,9,0
6.186191,2.308000,119.000,21.824000,3.653000,123.553055,3564,300,0,122,243,2074,9,0
6.200370,14.179000,119.000,21.824000,3.653000,123.553440,3564,300,0,122,243,2074,9,0
6.202616,2.246000,119.000,21.824000,3.653000,123.553841,3564,300,0,122,243,2074,9,0
6.217319,14.703000,119.000,21.824000,3.653000,123.560310,3574,300,0,122,243,2074,9,0
6.219694,2.375000,119.000,21.824000,3.653000,123.560745,3574,300,0,123,243,2074,9,0
6.233763,14.069000,119.000,21.824000,3.653000,123.561180,3574,300,0,123,243,2074,9,0
6.236270,2.507000,119.000,21.824000,3.653000,123.561615,3574,300,0,122,243,2074,9,0
6.250518,14.248000,119.000,21.824000,3.653000,123.561977,3574,300,0,122,243,2074,9,0
6.253034,2.516000,119.000,21.824000,3.653000,123.562412,3574,300,0,122,243,2074,9,0
6.267927,14.893000,119.000,21.824000,3.653000,123.562862,3574,300,0,122,243,2074,9,0
6.284243,16.316000,119.000,21.824000,3.653000,123.636177,3619,309,0,156,291,2170,9,0
6.286854,2.611000,119.000,21.824000,3.653000,123.618130,3619,309,0,118,245,2078,9,0
6.300293,13.439000,119.000,21.824000,3.653000,123.618565,3619,309,0,118,245,2078,9,0
6.303012,2.719000,119.000,21.824000,3.653000,123.625381,3619,309,0,127,257,2102,9,0
6.318043,15.031000,119.000,21.824000,3.653000,123.616440,3602,309,0,120,250,2088,9,0
6.321699,3.656000,119.000,21.824000,3.653000,123.613956,3602,309,0,120,250,2088,9,0
6.334360,12.661000,119.000,21.824000,3.653000,123.611202,3597,309,0,120,250,2088,9,0
6.337882,3.522000,119.000,21.824000,3.653000,123.611603,3597,309,0,120,250,2088,9,0
6.351117,13.235000,119.000,21.824000,3.653000,123.612038,3597,309,0,120,250,2088,9,0
6.354927,3.810000,119.000,21.824000,3.653000,123.612473,3597,309,0,120,250,2088,9,0
6.368341,13.414000,119.000,21.824000,3.653000,123.612907,3597,309,0,120,250,2088,9,0
6.372084,3.743000,119.000,21.824000,3.653000,123.613342,3597,309,0,120,250,2088,9,0
6.379091,7.007000,119.000,21.824000,3.653000,123.615444,3600,309,0,120,250,2088,9,0
6.391873,12.782000,119.000,21.824000,3.653000,123.615879,3600,309,0,120,250,2088,9,0
6.401286,9.413000,119.000,21.824000,3.653000,123.616314,3600,309,0,120,250,2088,9,0
6.404780,3.494000,119.000,21.824000,3.653000,123.614246,3596,309,0,120,250,2088,9,0
6.417991,13.211000,119.000,21.824000,3.653000,123.614635,3596,309,0,119,238,2064,9,0
6.421744,3.753000,119.000,21.824000,3.653000,123.615017,3596,309,0,119,238,2064,9,0
6.434455,12.711000,119.000,21.824000,3.653000,123.611042,3594,309,0,119,238,2064,9,0
6.438009,3.554000,119.000,21.824000,3.653000,123.602207,3594,309,0,119,238,2064,9,0
6.451321,13.312000,119.000,21.824000,3.653000,123.602612,3594,309,0,118,234,2056,9,0
6.455044,3.723000,119.000,21.824000,3.653000,123.603046,3594,309,0,117,234,2056,9,0
6.468096,13.052000,119.000,21.824000,3.653000,123.603481,3594,309,0,117,234,2056,9,0
6.471694,3.598000,119.000,21.824000,3.653000,123.597881,3594,309,0,117,234,2056,9,0
6.484740,13.046000,119.000,21.824000,3.653000,123.598331,3594,309,0,117,234,2056,9,0
6.488378,3.638000,119.000,21.824000,3.653000,123.598663,3594,309,0,118,234,2056,9,0
6.501297,12.919000,119.000,21.824000,3.653000,123.595581,3588,309,0,118,234,2056,9,0
6.504949,3.652000,119.000,21.824000,3.653000,123.594376,3585,309,0,116,233,2054,9,0
6.518300,13.351000,119.000,21.824000,3.653000,123.594704,3585,309,0,116,233,2054,9,0
6.521729,3.429000,119.000,21.824000,3.653000,123.595104,3585,309,0,114,231,2050,9,0
6.534568,12.839000,119.000,21.824000,3.653000,123.595554,3585,309,0,113,230,2048,9,0
6.538139,3.571000,119.000,21.824000,3.653000,123.585587,3581,305,0,114,230,2048,9,0
6.551311,13.172000,119.000,21.824000,3.653000,123.581631,3574,305,0,114,230,2048,9,0
6.554773,3.462000,119.000,21.824000,3.653000,123.582066,3574,305,0,112,228,2044,9,0
6.567963,13.190000,119.000,21.824000,3.653000,123.582397,3574,305,0,111,227,2042,9,0
6.571355,3.392000,119.000,21.824000,3.653000,123.580963,3571,305,0,110,226,2040,9,0
6.584694,13.339000,119.000,21.824000,3.653000,123.567719,3565,300,0,110,226,2040,9,0
6.588014,3.320000,119.000,21.824000,3.653000,123.561836,3555,300,0,109,226,2040,9,0
6.595019,7.005000,119.000,21.824000,3.653000,123.581051,3563,302,0,116,235,2058,9,0
6.608581,13.562000,119.000,21.824000,3.653000,123.581955,3563,302,0,117,236,2060,9,0
6.613355,4.774000,119.000,21.824000,3.653000,123.578815,3560,302,0,113,232,2052,9,0
6.625216,11.861000,119.000,21.824000,3.653000,123.579250,3560,302,0,113,232,2052,9,0
6.634777,9.561000,119.000,21.824000,3.653000,123.579685,3560,302,0,113,232,2052,9,0
6.638038,3.261000,119.000,21.824000,3.653000,123.580120,3560,302,0,113,232,2052,9,0
6.651182,13.144000,119.000,21.824000,3.653000,123.578915,3557,302,0,113,232,2052,9,0
6.654115,2.933000,119.000,21.824000,3.653000,123.579350,3557,302,0,113,232,2052,9,0
6.667938,13.823000,119.000,21.824000,3.653000,123.579784,3557,302,0,113,232,2052,9,0
6.671459,3.521000,119.000,21.824000,3.653000,123.580219,3557,302,0,113,232,2052,9,0
6.684537,13.078000,119.000,21.824000,3.653000,123.580654,3557,302,0,113,232,2052,9,0
6.687681,3.144000,119.000,21.824000,3.653000,123.581089,3557,302,0,113,232,2052,9,0
6.700923,13.242000,119.000,21.824000,3.653000,123.582424,3557,302,0,113,232,2052,9,1
6.703927,3.004000,119.000,21.824000,3.653000,123.582859,3557,302,0,113,232,2052,9,1
6.718914,14.987000,119.000,21.824000,3.653000,123.585621,3566,301,0,113,232,2052,9,0
6.722944,4.030000,119.000,21.824000,3.653000,123.582798,3561,301,0,114,232,2052,9,0
6.728685,5.741000,119.000,21.824000,3.653000,123.583275,3561,301,0,114,232,2052,9,0
6.741580,12.895000,119.000,21.824000,3.653000,123.583656,3561,301,0,113,229,2046,9,0
6.751149,9.569000,119.000,21.824000,3.653000,123.579647,3559,301,0,113,229,2046,9,0
6.754184,3.035000,119.000,21.824000,3.653000,123.580082,3559,301,0,113,229,2046,9,0
6.767648,13.464000,119.000,21.824000,3.653000,123.576393,3559,301,0,113,229,2046,9,0
6.770592,2.944000,119.000,21.824000,3.653000,123.576828,3559,301,0,113,229,2046,9,0
6.784941,14.349000,119.000,21.824000,3.653000,123.575638,3556,301,0,113,229,2046,9,0
6.788203,3.262000,119.000,21.824000,3.653000,123.576073,3556,301,0,113,229,2046,9,0
6.801203,13.000000,119.000,21.824000,3.653000,123.576477,3556,301,0,113,229,2046,9,0
6.804375,3.172000,119.000,21.824000,3.653000,123.576912,3556,301,0,113,229,2046,9,0
6.817964,13.589000,119.000,21.824000,3.653000,123.577362,3556,301,0,113,229,2046,9,0
6.821702,3.738000,119.000,21.824000,3.653000,123.583801,3566,301,0,114,229,2046,9,0
6.834725,13.023000,119.000,21.824000,3.653000,123.584221,3566,301,0,114,229,2046,9,0
6.838289,3.564000,119.000,21.824000,3.653000,123.584656,3566,301,0,112,229,2046,9,0
6.851597,13.308000,119.000,21.824000,3.653000,123.585106,3566,301,0,112,229,2046,9,0
6.855082,3.485000,119.000,21.824000,3.653000,123.585541,3566,301,0,113,229,2046,9,0
6.868080,12.998000,119.000,21.824000,3.653000,123.585976,3566,301,0,113,229,2046,9,0
6.871573,3.493000,119.000,21.824000,3.653000,123.586376,3566,301,0,113,229,2046,9,0
6.894552,22.979000,119.000,21.824000,3.653000,123.674271,3616,310,0,159,299,2186,9,0
6.901234,6.682000,119.000,21.824000,3.653000,123.663033,3616,310,0,135,271,2130,9,0
6.905019,3.785000,119.000,21.824000,3.653000,123.663467,3616,310,0,135,271,2130,9,0
6.912105,7.086000,119.000,21.824000,3.653000,123.667004,3616,310,0,140,277,2142,9,0
6.925335,13.230000,119.000,21.824000,3.653000,123.661915,3606,310,0,132,269,2126,9,0
6.934682,9.347000,119.000,21.824000,3.653000,123.658459,3606,310,0,132,269,2126,9,0
6.938608,3.926000,119.000,21.824000,3.653000,123.658894,3606,310,0,132,269,2126,9,0
6.951253,12.645000,119.000,21.824000,3.653000,123.657497,3603,310,0,132,269,2126,9,0
6.955163,3.910000,119.000,21.824000,3.653000,123.657932,3603,310,0,132,269,2126,9,0
6.967890,12.727000,119.000,21.824000,3.653000,123.658367,3603,310,0,132,269,2126,9,0
6.971767,3.877000,119.000,21.824000,3.653000,123.648376,3598,307,0,131,268,2124,9,0
6.984417,12.650000,119.000,21.824000,3.653000,123.646725,3595,307,0,131,268,2124,9,0
6.989114,4.697000,119.000,21.824000,3.653000,123.647160,3595,307,0,131,268,2124,9,0
6.994226,5.112000,119.000,21.824000,3.653000,123.647594,3595,307,0,131,268,2124,9,0
7.009785,15.559000,119.000,21.824000,3.653000,123.662350,3604,311,0,131,268,2124,9,0
7.013694,3.909000,119.000,21.824000,3.653000,123.663471,3604,311,0,132,251,2090,9,0
7.020436,6.742000,119.000,21.824000,3.653000,123.663902,3604,311,0,132,251,2090,9,0
7.033640,13.204000,119.000,21.824000,3.653000,123.664284,3604,311,0,132,251,2090,9,0
7.039082,5.442000,119.000,21.824000,3.653000,123.644478,3602,311,0,132,251,2090,9,0
7.044365,5.283000,119.000,21.824000,3.653000,123.644913,3602,311,0,129,249,2086,9,0
7.059790,15.425000,119.000,21.824000,3.653000,123.645378,3602,311,0,129,249,2086,9,0
7.063788,3.998000,119.000,21.824000,3.653000,123.645779,3602,311,0,131,249,2086,9,0
7.076386,12.598000,119.000,21.824000,3.653000,123.644691,3605,311,0,131,249,2086,9,0
7.083543,7.157000,119.000,21.824000,3.653000,123.645126,3605,311,0,129,249,2086,9,0
7.088117,4.574000,118.000,22.050000,1.633000,123.645512,3605,311,0,129,249,2086,9,0
7.100059,11.942000,118.000,22.050000,1.633000,123.642445,3599,311,0,130,249,2086,9,0
7.104276,4.217000,118.000,22.050000,1.633000,123.642853,3599,311,0,129,248,2084,9,0
7.116985,12.709000,118.000,22.050000,1.633000,123.643288,3599,311,0,129,248,2084,9,0
7.121785,4.800000,118.000,22.050000,1.633000,123.643719,3599,311,0,127,246,2080,9,0
7.133397,11.612000,118.000,22.050000,1.633000,123.644154,3599,311,0,126,245,2078,9,0
7.138063,4.666000,118.000,22.050000,1.633000,123.634140,3595,307,0,126,245,2078,9,0
7.149989,11.926000,118.000,22.050000,1.633000,123.630226,3588,307,0,125,245,2078,9,0
7.154209,4.220000,118.000,22.050000,1.633000,123.630676,3588,307,0,123,243,2074,9,0
7.167012,12.803000,118.000,22.050000,1.633000,123.631027,3588,307,0,124,242,2072,9,0
7.171877,4.865000,118.000,22.050000,1.633000,123.629562,3585,307,0,123,241,2070,9,0
7.183418,11.541000,118.000,22.050000,1.633000,123.616333,3579,302,0,123,241,2070,9,0
7.187865,4.447000,118.000,22.050000,1.633000,123.610420,3569,302,0,123,241,2070,9,0
7.200270,12.405000,118.000,22.050000,1.633000,123.620068,3571,302,0,128,247,2082,9,0
7.204611,4.341000,118.000,22.050000,1.633000,123.493195,3521,262,0,128,247,2082,9,0
7.216851,12.240000,118.000,22.050000,1.633000,123.456905,3468,262,0,112,221,2030,9,0
7.221436,4.585000,118.000,22.050000,1.633000,123.457325,3468,262,0,112,221,2030,9,0
7.233608,12.172000,118.000,22.050000,1.633000,123.457760,3468,262,0,111,221,2030,9,0
7.238000,4.392000,118.000,22.050000,1.633000,123.458244,3468,262,0,111,221,2030,9,0
7.250067,12.067000,118.000,22.050000,1.633000,123.458679,3468,262,0,111,221,2030,9,0
7.254013,3.946000,118.000,22.050000,1.633000,123.459064,3468,262,0,111,221,2030,9,0
7.269270,15.257000,118.000,22.050000,1.633000,123.459499,3468,262,0,112,221,2030,9,0
7.275555,6.285000,118.000,22.050000,1.633000,123.459915,3468,262,0,112,221,2030,9,0
7.278655,3.100000,118.000,22.050000,1.633000,123.460350,3468,262,0,112,221,2030,9,0
7.292001,13.346000,118.000,22.050000,1.633000,123.460800,3468,262,0,112,221,2030,9,0
7.294142,2.141000,118.000,22.050000,1.633000,123.461235,3468,262,0,112,221,2030,9,0
7.309564,15.422000,118.000,22.050000,1.633000,123.460014,3465,262,0,112,221,2030,9,0
7.313291,3.727000,118.000,22.050000,1.633000,123.460449,3465,262,0,112,221,2030,9,0
7.326424,13.133000,118.000,22.050000,1.633000,123.455494,3463,260,0,111,220,2028,9,0
7.333615,7.191000,118.000,22.050000,1.633000,123.453548,3459,260,0,111,220,2028,9,0
7.338386,4.771000,118.000,22.050000,1.633000,123.452343,3456,260,0,110,218,2024,9,0
7.350220,11.834000,118.000,22.050000,1.633000,123.448315,3454,260,0,108,218,2024,9,0
7.354317,4.097000,118.000,22.050000,1.633000,123.448730,3454,260,0,108,218,2024,9,0
7.367634,13.317000,118.000,22.050000,1.633000,123.446350,3454,260,0,110,218,2024,9,0
7.372407,4.773000,118.000,22.050000,1.633000,123.446796,3454,260,0,110,218,2024,9,0
7.383534,11.127000,118.000,22.050000,1.633000,123.447231,3454,260,0,110,218,2024,9,0
7.388020,4.486000,118.000,22.050000,1.633000,123.447636,3454,260,0,110,218,2024,9,0
7.400061,12.041000,118.000,22.050000,1.633000,123.434361,3449,255,0,107,217,2022,9,0
7.404299,4.238000,118.000,22.050000,1.633000,123.429234,3439,255,0,107,217,2022,9,0
7.416988,12.689000,118.000,22.050000,1.633000,123.429668,3439,255,0,108,217,2022,9,0
7.421666,4.678000,118.000,22.050000,1.633000,123.436092,3449,255,0,108,217,2022,9,0
7.433680,12.014000,118.000,22.050000,1.633000,123.436527,3449,255,0,108,217,2022,9,0
7.438225,4.545000,118.000,22.050000,1.633000,123.436928,3449,255,0,108,217,2022,9,0
7.450435,12.210000,118.000,22.050000,1.633000,123.437363,3449,255,0,109,217,2022,9,0
7.455032,4.597000,118.000,22.050000,1.633000,123.437828,3449,255,0,109,217,2022,9,0
7.467134,12.102000,118.000,22.050000,1.633000,123.438263,3449,255,0,108,217,2022,9,0
7.471729,4.595000,118.000,22.050000,1.633000,123.437042,3446,255,0,108,217,2022,9,0
7.489549,17.820000,118.000,22.050000,1.633000,123.508591,3488,264,0,141,265,2118,9,0
7.494994,5.445000,118.000,22.050000,1.633000,123.508980,3488,264,0,141,265,2118,9,0
7.508511,13.517000,118.000,22.050000,1.633000,123.490932,3488,264,0,103,221,2030,9,0
7.513159,4.648000,118.000,22.050000,1.633000,123.491367,3488,264,0,103,221,2030,9,0
7.525356,12.197000,118.000,22.050000,1.633000,123.496754,3488,264,0,110,230,2048,9,0
7.534427,9.071000,118.000,22.050000,1.633000,123.488903,3473,264,0,110,230,2048,9,0
7.537910,3.483000,118.000,22.050000,1.633000,123.487392,3473,264,0,106,226,2040,9,0
7.550791,12.881000,118.000,22.050000,1.633000,123.487770,3473,264,0,106,226,2040,9,0
7.553846,3.055000,118.000,22.050000,1.633000,123.488205,3473,264,0,106,226,2040,9,0
7.568796,14.950000,118.000,22.050000,1.633000,123.554741,3499,280,0,106,226,2040,11,4
7.572631,3.835000,118.000,22.050000,1.633000,123.556702,3499,280,0,110,238,2120,11,4
7.578599,5.968000,118.000,22.050000,1.633000,123.557411,3502,280,0,110,238,2120,11,0
7.591529,12.930000,118.000,22.050000,1.633000,123.557846,3502,280,0,111,238,2120,11,0
7.600840,9.311000,118.000,22.050000,1.633000,123.558807,3502,280,0,111,238,2120,11,0
7.603893,3.053000,118.000,22.050000,1.633000,123.559185,3502,280,0,111,238,2120,11,0
7.617878,13.985000,118.000,22.050000,1.633000,123.559620,3502,280,0,111,238,2120,11,0
7.621472,3.594000,118.000,22.050000,1.633000,123.557552,3498,280,0,111,238,2120,11,0
7.634455,12.983000,118.000,22.050000,1.633000,123.557934,3498,280,0,110,226,2096,11,0
7.637847,3.392000,118.000,22.050000,1.633000,123.553959,3496,280,0,110,226,2096,11,0
7.650990,13.143000,118.000,22.050000,1.633000,123.554394,3496,280,0,110,226,2096,11,0
7.654105,3.115000,118.000,22.050000,1.633000,123.544498,3496,280,0,110,226,2096,11,0
7.668007,13.902000,118.000,22.050000,1.633000,123.545059,3496,280,0,109,223,2090,11,0
7.671542,3.535000,118.000,22.050000,1.633000,123.545494,3496,280,0,109,223,2090,11,0
7.684662,13.120000,118.000,22.050000,1.633000,123.547562,3499,280,0,109,223,2090,11,0
7.687886,3.224000,118.000,22.050000,1.633000,123.543655,3499,280,0,108,223,2090,11,0
7.701229,13.343000,118.000,22.050000,1.633000,123.544247,3499,280,0,109,223,2090,11,0
7.704264,3.035000,118.000,22.050000,1.633000,123.544613,3499,280,0,109,223,2090,11,0
7.718160,13.896000,118.000,22.050000,1.633000,123.543159,3496,280,0,109,223,2090,11,0
7.721690,3.530000,118.000,22.050000,1.633000,123.543560,3496,280,0,109,222,2088,11,0
7.735045,13.355000,118.000,22.050000,1.633000,123.544071,3496,280,0,109,222,2088,11,0
7.738325,3.280000,118.000,22.050000,1.633000,123.544506,3496,280,0,106,220,2084,11,0
7.750797,12.472000,118.000,22.050000,1.633000,123.544956,3496,280,0,105,219,2082,11,0
7.753663,2.866000,118.000,22.050000,1.633000,123.534988,3492,276,0,105,219,2082,11,0
7.768135,14.472000,118.000,22.050000,1.633000,123.531013,3485,276,0,105,219,2082,11,0
7.771568,3.433000,118.000,22.050000,1.633000,123.531448,3485,276,0,103,217,2078,11,0
7.784642,13.074000,118.000,22.050000,1.633000,123.533463,3488,276,0,102,216,2076,11,0
7.788009,3.367000,118.000,22.050000,1.633000,123.518364,3479,271,0,101,215,2074,11,0
7.801013,13.004000,118.000,22.050000,1.633000,123.515018,3472,271,0,100,215,2074,11,1
7.803879,2.866000,118.000,22.050000,1.633000,123.515453,3472,271,0,101,215,2074,11,1
7.818342,14.463000,118.000,22.050000,1.633000,123.527065,3480,270,0,108,224,2092,11,0
7.821835,3.493000,118.000,22.050000,1.633000,123.524242,3475,270,0,108,224,2092,11,0
7.834751,12.916000,118.000,22.050000,1.633000,123.522717,3475,270,0,104,220,2084,11,0
7.837842,3.091000,118.000,22.050000,1.633000,123.523151,3475,270,0,104,220,2084,11,0
7.851912,14.070000,118.000,22.050000,1.633000,123.523602,3475,270,0,104,220,2084,11,0
7.855096,3.184000,118.000,22.050000,1.633000,123.524036,3475,270,0,104,220,2084,11,0
7.868245,13.149000,118.000,22.050000,1.633000,123.524456,3475,270,0,104,220,2084,11,0
7.871677,3.432000,118.000,22.050000,1.633000,123.524891,3475,270,0,104,220,2084,11,0
7.884607,12.930000,118.000,22.050000,1.633000,123.525326,3475,270,0,104,220,2084,11,0
7.888041,3.434000,118.000,22.050000,1.633000,123.525761,3475,270,0,104,220,2084,11,0
7.901363,13.322000,118.000,22.050000,1.633000,123.526402,3475,270,0,104,220,2084,11,0
7.904823,3.460000,118.000,22.050000,1.633000,123.526836,3475,270,0,104,220,2084,11,0
7.918106,13.283000,118.000,22.050000,1.633000,123.525631,3472,270,0,104,220,2084,11,0
7.921795,3.689000,118.000,22.050000,1.633000,123.526066,3472,270,0,104,220,2084,11,0
7.934725,12.930000,118.000,22.050000,1.633000,123.526501,3472,270,0,104,220,2084,11,0
7.938290,3.565000,118.000,22.050000,1.633000,123.526936,3472,270,0,104,220,2084,11,0
7.951598,13.308000,118.000,22.050000,1.633000,123.527256,3472,270,0,104,220,2084,11,0
7.955146,3.548000,118.000,22.050000,1.633000,123.523281,3470,270,0,103,217,2078,11,0
7.968154,13.008000,118.000,22.050000,1.633000,123.523701,3470,270,0,103,217,2078,11,0
7.971570,3.416000,118.000,22.050000,1.633000,123.524136,3470,270,0,104,217,2078,11,0
7.984652,13.082000,118.000,22.050000,1.633000,123.520424,3470,270,0,103,216,2076,11,0
7.988272,3.620000,118.000,22.050000,1.633000,123.520859,3470,270,0,102,216,2076,11,0
8.001315,13.043000,118.000,22.050000,1.633000,123.521263,3470,270,0,102,216,2076,11,0
8.004727,3.412000,118.000,22.050000,1.633000,123.521698,3470,270,0,101,216,2076,11,0
8.017959,13.232000,118.000,22.050000,1.633000,123.520493,3467,270,0,101,216,2076,11,0
8.021405,3.446000,118.000,22.050000,1.633000,123.520927,3467,270,0,102,216,2076,11,0
8.034814,13.409000,118.000,22.050000,1.633000,123.519707,3464,270,0,102,216,2076,11,0
8.038384,3.570000,118.000,22.050000,1.633000,123.526146,3474,270,0,101,216,2076,11,0
8.051050,12.666000,118.000,22.050000,1.633000,123.524971,3471,270,0,101,216,2076,11,0
8.054172,3.122000,118.000,22.050000,1.633000,123.525372,3471,270,0,103,216,2076,11,0
8.068481,14.309000,118.000,22.050000,1.633000,123.525806,3471,270,0,103,216,2076,11,0
8.071860,3.379000,118.000,22.050000,1.633000,123.526241,3471,270,0,100,215,2074,11,0
8.084822,12.962000,118.000,22.050000,1.633000,123.515514,3466,267,0,100,215,2074,11,0
8.088229,3.407000,119.000,17.747000,1.876000,123.512257,3460,267,0,101,215,2074,11,0
8.122907,34.678000,119.000,17.747000,1.876000,123.648296,3531,284,0,159,312,2268,11,0
8.127573,4.666000,119.000,17.747000,1.876000,123.646164,3533,286,0,141,292,2228,11,0
8.141702,14.129000,119.000,17.747000,1.876000,123.638157,3523,286,0,135,286,2216,11,0
8.149703,8.001000,119.000,17.747000,1.876000,123.638592,3523,286,0,135,286,2216,11,0
8.152374,2.671000,119.000,17.747000,1.876000,123.639027,3523,286,0,135,286,2216,11,0
8.166904,14.530000,119.000,17.747000,1.876000,123.639462,3523,286,0,135,286,2216,11,0
8.171816,4.912000,119.000,17.747000,1.876000,123.638256,3520,286,0,135,286,2216,11,0
8.183571,11.755000,119.000,17.747000,1.876000,123.638691,3520,286,0,135,286,2216,11,0
8.188391,4.820000,119.000,17.747000,1.876000,123.639126,3520,286,0,135,286,2216,11,0
8.200003,11.612000,119.000,17.747000,1.876000,123.639561,3520,286,0,135,286,2216,11,0
8.205002,4.999000,119.000,17.747000,1.876000,123.823647,3640,334,0,135,286,2216,11,0
8.217010,12.008000,119.000,17.747000,1.876000,123.832825,3640,334,0,147,310,2264,11,0
8.222990,5.980000,119.000,17.747000,1.876000,123.830719,3636,334,0,147,310,2264,11,0
8.227802,4.812000,119.000,17.747000,1.876000,123.831097,3636,334,0,146,277,2198,11,0
8.273169,45.367000,119.000,17.747000,1.876000,123.831562,3636,334,0,146,277,2198,11,0
8.278402,5.233000,119.000,17.747000,1.876000,123.798389,3635,332,0,144,273,2190,11,0
8.292940,14.538000,119.000,17.747000,1.876000,123.792805,3630,332,0,144,273,2190,11,0
8.300163,7.223000,119.000,17.747000,1.876000,123.793205,3630,332,0,144,273,2190,11,0
8.304607,4.444000,119.000,17.747000,1.876000,123.793583,3630,332,0,144,273,2190,11,0
8.316952,12.345000,119.000,17.747000,1.876000,123.790516,3624,332,0,145,273,2190,11,0
8.321875,4.923000,119.000,17.747000,1.876000,123.790966,3624,332,0,144,272,2188,11,0
8.333842,11.967000,119.000,17.747000,1.876000,123.791401,3624,332,0,142,272,2188,11,0
8.338409,4.567000,119.000,17.747000,1.876000,123.791805,3624,332,0,140,270,2184,11,0
8.350478,12.069000,119.000,17.747000,1.876000,123.792240,3624,332,0,139,269,2182,11,0
8.355218,4.740000,119.000,17.747000,1.876000,123.782257,3620,328,0,139,269,2182,11,0
8.367422,12.204000,119.000,17.747000,1.876000,123.778343,3613,328,0,140,269,2182,11,0
8.372804,5.382000,119.000,17.747000,1.876000,123.780437,3616,328,0,138,267,2178,11,0
8.377967,5.163000,119.000,17.747000,1.876000,123.780788,3616,328,0,136,266,2176,11,0
8.393158,15.191000,119.000,17.747000,1.876000,123.779305,3613,328,0,135,265,2174,11,0
8.400438,7.280000,119.000,17.747000,1.876000,123.766075,3607,323,0,136,265,2174,11,0
8.405598,5.160000,119.000,17.747000,1.876000,123.761826,3600,323,0,136,265,2174,11,0
8.411219,5.621000,119.000,17.747000,1.876000,123.771526,3602,323,0,142,271,2186,11,0
8.426644,15.425000,119.000,17.747000,1.876000,123.771954,3602,323,0,142,271,2186,11,0
8.433813,7.169000,119.000,17.747000,1.876000,123.769470,3602,323,0,136,265,2174,11,0
8.438571,4.758000,119.000,17.747000,1.876000,123.769905,3602,323,0,136,265,2174,11,0
8.450829,12.258000,119.000,17.747000,1.876000,123.770340,3602,323,0,135,265,2174,11,0
8.455726,4.897000,119.000,17.747000,1.876000,123.770729,3602,323,0,135,265,2174,11,0
8.461368,5.642000,119.000,17.747000,1.876000,123.771164,3602,323,0,136,265,2174,11,0
8.476482,15.114000,119.000,17.747000,1.876000,123.773277,3605,323,0,136,265,2174,11,0
8.483595,7.113000,119.000,17.747000,1.876000,123.773712,3605,323,0,135,265,2174,11,0
8.488248,4.653000,119.000,17.747000,1.876000,123.774155,3605,323,0,135,265,2174,11,0
8.500396,12.148000,119.000,17.747000,1.876000,123.774590,3605,323,0,135,265,2174,11,0
8.505307,4.911000,119.000,17.747000,1.876000,123.776672,3608,323,0,135,265,2174,11,0
8.517828,12.521000,119.000,17.747000,1.876000,123.777107,3608,323,0,136,265,2174,11,0
8.523350,5.522000,119.000,17.747000,1.876000,123.775894,3605,323,0,136,265,2174,11,0
8.527694,4.344000,119.000,17.747000,1.876000,123.776272,3605,323,0,135,265,2174,11,0
8.542819,15.125000,119.000,17.747000,1.876000,123.776676,3605,323,0,135,265,2174,11,0
8.550156,7.337000,119.000,17.747000,1.876000,123.777111,3605,323,0,135,265,2174,11,0
8.554304,4.148000,119.000,17.747000,1.876000,123.777561,3605,323,0,134,263,2170,11,0
8.568216,13.912000,119.000,17.747000,1.876000,123.773533,3603,323,0,134,263,2170,11,0
8.573184,4.968000,119.000,17.747000,1.876000,123.773968,3603,323,0,134,263,2170,11,0
8.577797,4.613000,119.000,17.747000,1.876000,123.771587,3603,323,0,134,263,2170,11,0
8.592731,14.934000,119.000,17.747000,1.876000,123.772079,3603,323,0,134,263,2170,11,0
8.601438,8.707000,119.000,17.747000,1.876000,123.772514,3603,323,0,134,263,2170,11,0
8.606146,4.708000,119.000,17.747000,1.876000,123.771309,3600,323,0,134,263,2170,11,0
8.611322,5.176000,119.000,17.747000,1.876000,123.771744,3600,323,0,133,263,2170,11,0
8.626666,15.344000,119.000,17.747000,1.876000,123.772163,3600,323,0,133,263,2170,11,0
8.633789,7.123000,119.000,17.747000,1.876000,123.772598,3600,323,0,134,263,2170,11,0
8.638579,4.790000,119.000,17.747000,1.876000,123.779060,3610,323,0,134,263,2170,11,0
8.650333,11.754000,119.000,17.747000,1.876000,123.779495,3610,323,0,135,263,2170,11,0
8.655021,4.688000,119.000,17.747000,1.876000,123.779922,3610,323,0,135,263,2170,11,0
8.668313,13.292000,119.000,17.747000,1.876000,123.780357,3610,323,0,134,263,2170,11,0
8.673459,5.146000,119.000,17.747000,1.876000,123.780807,3610,323,0,134,263,2170,11,0
8.677629,4.170000,119.000,17.747000,1.876000,123.781242,3610,323,0,133,263,2170,11,0
8.692663,15.034000,119.000,17.747000,1.876000,123.781631,3610,323,0,133,263,2170,11,0
8.724234,31.571000,119.000,17.747000,1.876000,123.882332,3667,332,0,173,339,2322,11,0
8.727603,3.369000,119.000,17.747000,1.876000,123.857780,3664,332,0,125,283,2210,11,0
8.742774,15.171000,119.000,17.747000,1.876000,123.858215,3664,332,0,125,283,2210,11,0
8.750340,7.566000,119.000,17.747000,1.876000,123.861416,3664,332,0,131,289,2222,11,0
8.755116,4.776000,119.000,17.747000,1.876000,123.850227,3643,332,0,127,285,2214,11,0
8.767156,12.040000,119.000,17.747000,1.876000,123.848717,3643,332,0,127,285,2214,11,0
8.772540,5.384000,119.000,17.747000,1.876000,123.849152,3643,332,0,127,285,2214,11,0
8.778008,5.468000,119.000,17.747000,1.876000,123.849529,3643,332,0,127,285,2214,11,0
8.792958,14.950000,119.000,17.747000,1.876000,123.849964,3643,332,0,127,285,2214,11,0
8.800471,7.513000,119.000,17.747000,1.876000,123.850399,3643,332,0,127,285,2214,11,0
8.805987,5.516000,119.000,17.747000,1.876000,123.850834,3643,332,0,127,285,2214,11,0
8.812290,6.303000,119.000,17.747000,1.876000,123.851269,3643,332,0,127,285,2214,11,0
8.825399,13.109000,119.000,17.747000,1.876000,123.851646,3643,332,0,127,285,2214,11,0
8.834536,9.137000,119.000,17.747000,1.876000,123.852081,3643,332,0,127,285,2214,11,0
8.838387,3.851000,119.000,17.747000,1.876000,123.850014,3639,332,0,127,285,2214,11,0
8.851378,12.991000,119.000,17.747000,1.876000,123.850395,3639,332,0,125,249,2142,11,0
8.855592,4.214000,119.000,17.747000,1.876000,123.846420,3637,332,0,125,249,2142,11,0
8.865356,9.764000,119.000,17.747000,1.876000,123.815472,3637,332,0,125,249,2142,11,0
8.869631,4.275000,119.000,17.747000,1.876000,123.815907,3637,332,0,125,249,2142,11,0
8.884924,15.293000,119.000,17.747000,1.876000,123.816441,3637,332,0,125,249,2142,11,0
8.888535,3.611000,119.000,17.747000,1.876000,123.816875,3637,332,0,124,249,2142,11,0
8.902369,13.834000,119.000,17.747000,1.876000,123.818192,3637,332,0,124,249,2142,11,1
8.910447,8.078000,119.000,17.747000,1.876000,123.819775,3643,331,0,125,249,2142,11,0
8.917485,7.038000,119.000,17.747000,1.876000,123.816814,3638,331,0,125,249,2142,11,0
8.922380,4.895000,119.000,17.747000,1.876000,123.813778,3632,331,0,125,249,2142,11,0
8.935891,13.511000,119.000,17.747000,1.876000,123.814156,3632,331,0,123,248,2140,11,0
8.951588,15.697000,119.000,17.747000,1.876000,123.814590,3632,331,0,123,248,2140,11,0
8.954994,3.406000,119.000,17.747000,1.876000,123.815025,3632,331,0,122,246,2136,11,0
8.968379,13.385000,119.000,17.747000,1.876000,123.815521,3632,331,0,121,245,2134,11,0
8.972169,3.790000,119.000,17.747000,1.876000,123.805553,3628,327,0,120,245,2134,11,0
8.985109,12.940000,119.000,17.747000,1.876000,123.803890,3624,327,0,120,245,2134,11,1
8.988699,3.590000,119.000,17.747000,1.876000,123.804325,3624,327,0,120,243,2130,11,1
9.001706,13.007000,119.000,17.747000,1.876000,123.806870,3627,327,0,119,242,2128,11,2
9.005505,3.799000,119.000,17.747000,1.876000,123.791771,3618,322,0,117,241,2126,11,2
9.018272,12.767000,119.000,17.747000,1.876000,123.786457,3608,322,0,117,241,2126,11,2
9.023746,5.474000,119.000,17.747000,1.876000,123.803047,3610,322,0,128,256,2156,11,2
9.029814,6.068000,119.000,17.747000,1.876000,123.804718,3622,320,0,128,256,2156,11,0
9.041923,12.109000,119.000,17.747000,1.876000,123.796738,3612,320,0,126,252,2148,11,0
9.068078,26.155000,119.000,17.747000,1.876000,123.797539,3612,320,0,126,252,2148,11,0
9.072745,4.667000,119.000,17.747000,1.876000,123.798004,3612,320,0,125,251,2146,11,0
9.078138,5.393000,119.000,17.747000,1.876000,123.798439,3612,320,0,125,251,2146,11,0
9.092793,14.655000,119.000,17.747000,1.876000,123.800545,3615,320,0,125,251,2146,11,0
9.102688,9.895000,108.000,43.921000,1.915000,123.800964,3615,320,0,125,251,2146,11,0
9.106433,3.745000,108.000,43.921000,1.915000,123.801399,3615,320,0,125,251,2146,11,0
9.113181,6.748000,108.000,43.921000,1.915000,123.801857,3615,320,0,125,251,2146,11,0
9.125457,12.276000,108.000,43.921000,1.915000,123.802292,3615,320,0,125,251,2146,11,0
9.134936,9.479000,108.000,43.921000,1.915000,123.822193,3634,324,0,125,251,2146,11,0
9.139511,4.575000,108.000,43.921000,1.915000,123.822987,3634,324,0,127,253,2150,11,0
9.144369,4.858000,108.000,43.921000,1.915000,123.823421,3634,324,0,127,253,2150,11,0
9.159823,15.454000,108.000,43.921000,1.915000,123.823856,3634,324,0,127,253,2150,11,0
9.163861,4.038000,108.000,43.921000,1.915000,123.813847,3629,321,0,125,247,2138,11,0
9.170775,6.914000,108.000,43.921000,1.915000,123.807781,3624,321,0,125,247,2138,11,0
9.183810,13.035000,108.000,43.921000,1.915000,123.805416,3624,321,0,126,247,2138,11,0
9.188286,4.476000,108.000,43.921000,1.915000,123.964455,3624,321,0,124,245,2134,11,0
9.200312,12.026000,108.000,43.921000,1.915000,123.964890,3624,321,0,123,245,2134,11,0
9.204571,4.259000,108.000,43.921000,1.915000,123.982094,3637,325,0,123,245,2134,11,0
9.217107,12.536000,108.000,43.921000,1.915000,123.983215,3637,325,0,125,247,2138,11,0
9.221898,4.791000,108.000,43.921000,1.915000,123.982029,3634,325,0,125,247,2138,11,0
9.233773,11.875000,108.000,43.921000,1.915000,123.982464,3634,325,0,123,247,2138,11,0
9.242778,9.005000,108.000,43.921000,1.915000,123.982868,3634,325,0,123,247,2138,11,0
9.250300,7.522000,108.000,43.921000,1.915000,123.989307,3644,325,0,125,247,2138,11,0
9.254490,4.190000,108.000,43.921000,1.915000,123.989655,3644,325,0,125,247,2138,11,0
9.267161,12.671000,108.000,43.921000,1.915000,123.990032,3644,325,0,123,247,2138,11,0
9.272049,4.888000,108.000,43.921000,1.915000,123.990528,3644,325,0,123,247,2138,11,0
9.283742,11.693000,108.000,43.921000,1.915000,123.990963,3644,325,0,123,247,2138,11,0
9.288189,4.447000,108.000,43.921000,1.915000,123.970341,3634,319,0,121,245,2134,11,0
9.300292,12.103000,108.000,43.921000,1.915000,123.963390,3622,319,0,121,245,2134,11,0
9.328886,28.594000,108.000,43.921000,1.915000,124.062920,3674,328,0,171,330,2304,11,0
9.334597,5.711000,108.000,43.921000,1.915000,124.048096,3671,328,0,143,298,2240,11,0
9.338030,3.433000,108.000,43.921000,1.915000,124.048531,3671,328,0,143,298,2240,11,0
9.351524,13.494000,108.000,43.921000,1.915000,124.052048,3671,328,0,148,304,2252,11,0
9.354987,3.463000,108.000,43.921000,1.915000,124.046959,3661,328,0,142,298,2240,11,0
9.367941,12.954000,108.000,43.921000,1.915000,124.044476,3661,328,0,142,298,2240,11,0
9.371864,3.923000,108.000,43.921000,1.915000,124.044910,3661,328,0,142,298,2240,11,0
9.384847,12.983000,108.000,43.921000,1.915000,124.045345,3661,328,0,142,298,2240,11,0
9.388684,3.837000,108.000,43.921000,1.915000,124.045780,3661,328,0,142,298,2240,11,0
9.401290,12.606000,108.000,43.921000,1.915000,124.046215,3661,328,0,142,298,2240,11,0
9.405086,3.796000,108.000,43.921000,1.915000,124.046616,3661,328,0,142,298,2240,11,0
9.412477,7.391000,108.000,43.921000,1.915000,124.045410,3658,328,0,142,298,2240,11,0
9.425345,12.868000,108.000,43.921000,1.915000,124.045845,3658,328,0,142,298,2240,11,0
9.434717,9.372000,108.000,43.921000,1.915000,124.046280,3658,328,0,142,298,2240,11,0
9.438823,4.106000,108.000,43.921000,1.915000,124.046715,3658,328,0,142,298,2240,11,0
9.444978,6.155000,108.000,43.921000,1.915000,124.041367,3648,328,0,142,298,2240,11,0
9.458841,13.863000,108.000,43.921000,1.915000,124.041748,3648,328,0,141,267,2178,11,0
9.464149,5.308000,108.000,43.921000,1.915000,124.037727,3646,328,0,141,267,2178,11,0
9.469618,5.469000,108.000,43.921000,1.915000,124.012531,3646,328,0,141,267,2178,11,0
9.484725,15.107000,108.000,43.921000,1.915000,124.013008,3646,328,0,141,267,2178,11,0
9.488396,3.671000,108.000,43.921000,1.915000,124.013443,3646,328,0,141,265,2174,11,0
9.501325,12.929000,108.000,43.921000,1.915000,124.013893,3646,328,0,141,265,2174,11,0
9.504889,3.564000,108.000,43.921000,1.915000,124.011345,3646,328,0,140,265,2174,11,0
9.512385,7.496000,108.000,43.921000,1.915000,124.011822,3646,328,0,140,265,2174,11,0
9.526625,14.240000,108.000,43.921000,1.915000,124.012196,3646,328,0,140,265,2174,11,0
9.533729,7.104000,108.000,43.921000,1.915000,124.012493,3646,328,0,139,265,2174,11,0
9.538585,4.856000,108.000,43.921000,1.915000,124.009487,3640,328,0,139,265,2174,11,0
9.550239,11.654000,108.000,43.921000,1.915000,124.009922,3640,328,0,138,264,2172,11,0
9.554549,4.310000,108.000,43.921000,1.915000,124.010311,3640,328,0,136,262,2168,11,0
9.567135,12.586000,108.000,43.921000,1.915000,124.010746,3640,328,0,136,262,2168,11,0
9.572203,5.068000,108.000,43.921000,1.915000,123.999077,3633,324,0,135,261,2166,11,0
9.583815,11.612000,108.000,43.921000,1.915000,123.995163,3626,324,0,135,261,2166,11,0
9.588372,4.557000,108.000,43.921000,1.915000,123.995850,3626,324,0,133,259,2162,11,0
9.600442,12.070000,108.000,43.921000,1.915000,123.996284,3626,324,0,133,259,2162,11,0
9.604513,4.071000,108.000,43.921000,1.915000,123.996559,3626,324,0,132,258,2160,11,0
9.617463,12.950000,108.000,43.921000,1.915000,123.981461,3617,319,0,131,257,2158,11,0
9.622498,5.035000,108.000,43.921000,1.915000,123.975578,3607,319,0,131,257,2158,11,0
9.628616,6.118000,108.000,43.921000,1.915000,123.992165,3609,319,0,144,272,2188,11,0
9.642626,14.010000,108.000,43.921000,1.915000,123.992599,3609,319,0,134,262,2168,11,0
9.651121,8.495000,108.000,43.921000,1.915000,123.988171,3609,319,0,134,262,2168,11,0
9.655296,4.175000,108.000,43.921000,1.915000,123.988605,3609,319,0,134,262,2168,11,0
9.667173,11.877000,108.000,43.921000,1.915000,123.989040,3609,319,0,134,262,2168,11,0
9.672187,5.014000,108.000,43.921000,1.915000,123.991180,3612,319,0,134,262,2168,11,0
9.683639,11.452000,108.000,43.921000,1.915000,123.991615,3612,319,0,134,262,2168,11,0
9.688515,4.876000,108.000,43.921000,1.915000,123.993679,3615,319,0,134,262,2168,11,0
9.700243,11.728000,108.000,43.921000,1.915000,123.994114,3615,319,0,134,262,2168,11,0
9.704348,4.105000,108.000,43.921000,1.915000,123.994541,3615,319,0,134,262,2168,11,0
9.717152,12.804000,108.000,43.921000,1.915000,123.994976,3615,319,0,134,262,2168,11,0
9.721864,4.712000,108.000,43.921000,1.915000,123.995411,3615,319,0,134,262,2168,11,0
9.733839,11.975000,108.000,43.921000,1.915000,123.995846,3615,319,0,134,262,2168,11,0
9.738254,4.415000,108.000,43.921000,1.915000,123.996281,3615,319,0,134,262,2168,11,0
9.750341,12.087000,108.000,43.921000,1.915000,123.996716,3615,319,0,134,262,2168,11,0
9.754524,4.183000,108.000,43.921000,1.915000,123.997150,3615,319,0,134,262,2168,11,0
9.767517,12.993000,108.000,43.921000,1.915000,123.997585,3615,319,0,134,262,2168,11,0
9.772375,4.858000,108.000,43.921000,1.915000,123.999626,3618,319,0,133,257,2158,11,0
9.783584,11.209000,108.000,43.921000,1.915000,123.995651,3616,319,0,133,257,2158,11,0
9.788145,4.561000,108.000,43.921000,1.915000,123.996082,3616,319,0,133,257,2158,11,0
9.800233,12.088000,108.000,43.921000,1.915000,123.989651,3616,319,0,133,257,2158,11,0
9.804747,4.514000,108.000,43.921000,1.915000,123.991760,3619,319,0,133,257,2158,11,0
9.817159,12.412000,108.000,43.921000,1.915000,123.992195,3619,319,0,132,257,2158,11,0
9.822054,4.895000,108.000,43.921000,1.915000,123.992622,3619,319,0,132,257,2158,11,0
9.833821,11.767000,108.000,43.921000,1.915000,123.993057,3619,319,0,133,257,2158,11,0
9.838676,4.855000,108.000,43.921000,1.915000,123.993477,3619,319,0,133,257,2158,11,0
9.850148,11.472000,108.000,43.921000,1.915000,123.993912,3619,319,0,132,257,2158,11,0
9.854523,4.375000,108.000,43.921000,1.915000,124.000336,3629,319,0,132,257,2158,11,0
9.868359,13.836000,108.000,43.921000,1.915000,124.000771,3629,319,0,131,257,2158,11,0
9.873823,5.464000,108.000,43.921000,1.915000,124.002880,3632,319,0,131,257,2158,11,0
9.877861,4.038000,108.000,43.921000,1.915000,124.005215,3635,319,0,133,257,2158,11,0
9.892949,15.088000,108.000,43.921000,1.915000,124.000031,3626,319,0,133,257,2158,11,0
9.900199,7.250000,108.000,43.921000,1.915000,124.000465,3626,319,0,132,257,2158,11,0
9.904715,4.516000,108.000,43.921000,1.915000,124.002567,3629,319,0,132,257,2158,11,0
9.929197,24.482000,108.000,43.921000,1.915000,124.086594,3676,328,0,172,322,2288,11,0
9.933454,4.257000,108.000,43.921000,1.915000,124.065933,3673,328,0,132,276,2196,11,0
9.937926,4.472000,108.000,43.921000,1.915000,124.066368,3673,328,0,132,276,2196,11,0
9.950325,12.399000,108.000,43.921000,1.915000,124.074852,3673,328,0,143,291,2226,11,0
9.955103,4.778000,108.000,43.921000,1.915000,124.063137,3651,328,0,143,291,2226,11,0
9.967183,12.080000,108.000,43.921000,1.915000,124.061626,3651,328,0,139,287,2218,11,0
9.972342,5.159000,108.000,43.921000,1.915000,124.062042,3651,328,0,139,287,2218,11,0
9.977711,5.369000,108.000,43.921000,1.915000,124.062477,3651,328,0,139,287,2218,11,0
9.992709,14.998000,108.000,43.921000,1.915000,124.063828,3651,328,0,139,287,2218,11,1
10.000431,7.722000,108.000,43.921000,1.915000,124.064262,3651,328,0,139,287,2218,11,1
10.005404,4.973000,108.000,43.921000,1.915000,124.063740,3654,327,0,139,287,2218,11,0
10.017170,11.766000,108.000,43.921000,1.915000,124.060963,3649,327,0,140,287,2218,11,0
10.022379,5.209000,108.000,43.921000,1.915000,124.061398,3649,327,0,140,287,2218,11,0
10.028019,5.640000,108.000,43.921000,1.915000,124.061878,3649,327,0,140,287,2218,11,0
10.042653,14.634000,108.000,43.921000,1.915000,124.062370,3649,327,0,140,287,2218,11,0
10.050317,7.664000,108.000,43.921000,1.915000,124.060349,3645,327,0,140,287,2218,11,0
10.054495,4.178000,108.000,43.921000,1.915000,124.060829,3645,327,0,139,268,2180,11,0
10.067071,12.576000,108.000,43.921000,1.915000,124.061256,3645,327,0,139,268,2180,11,0
10.072809,5.738000,108.000,43.921000,1.915000,124.057327,3643,327,0,139,268,2180,11,0
10.077513,4.704000,108.000,43.921000,1.915000,124.042656,3643,327,0,139,268,2180,11,0
10.092873,15.360000,108.000,43.921000,1.915000,124.043163,3643,327,0,137,263,2170,11,0
10.100536,7.663000,117.000,27.458000,1.300000,124.043644,3643,327,0,137,263,2170,11,0
10.105688,5.152000,117.000,27.458000,1.300000,124.042500,3640,327,0,137,263,2170,11,0
10.111472,5.784000,117.000,27.458000,1.300000,124.035954,3640,327,0,137,263,2170,11,0
10.129557,18.085000,117.000,27.458000,1.300000,124.151058,3754,351,0,137,263,2170,11,0
10.153419,23.862000,117.000,27.458000,1.300000,124.157413,3759,351,0,148,275,2194,11,0
10.168764,15.345000,117.000,27.458000,1.300000,124.149212,3744,351,0,148,274,2192,11,0
10.185002,16.238000,117.000,27.458000,1.300000,124.149708,3744,351,0,146,272,2188,11,0
10.190075,5.073000,117.000,27.458000,1.300000,124.139679,3740,347,0,144,270,2184,11,0
10.194677,4.602000,117.000,27.458000,1.300000,124.134171,3730,347,0,143,270,2184,11,0
10.210261,15.584000,117.000,27.458000,1.300000,124.134712,3730,347,0,141,268,2180,11,0
10.217178,6.917000,117.000,27.458000,1.300000,124.135109,3730,347,0,142,267,2178,11,0
10.222014,4.836000,117.000,27.458000,1.300000,124.133690,3727,347,0,141,266,2176,11,0
10.235305,13.291000,117.000,27.458000,1.300000,124.120445,3721,342,0,141,266,2176,11,0
10.238841,3.536000,117.000,27.458000,1.300000,124.114609,3711,342,0,139,266,2176,11,0
10.245026,6.185000,117.000,27.458000,1.300000,124.128990,3713,342,0,150,278,2200,11,0
10.258420,13.394000,117.000,27.458000,1.300000,124.124607,3713,342,0,140,268,2180,11,0
10.263445,5.025000,117.000,27.458000,1.300000,124.125027,3713,342,0,139,267,2178,11,0
10.277097,13.652000,117.000,27.458000,1.300000,124.113445,3705,339,0,139,267,2178,11,0
10.283790,6.693000,117.000,27.458000,1.300000,124.110233,3699,339,0,139,267,2178,11,0
10.288633,4.843000,117.000,27.458000,1.300000,124.110653,3699,339,0,139,267,2178,11,0
10.300193,11.560000,117.000,27.458000,1.300000,124.111134,3699,339,0,139,267,2178,11,0
10.304602,4.409000,117.000,27.458000,1.300000,124.126751,3709,343,0,138,266,2176,11,0
10.317006,12.404000,117.000,27.458000,1.300000,124.127918,3709,343,0,139,268,2180,11,0
10.322097,5.091000,117.000,27.458000,1.300000,124.128441,3709,343,0,139,268,2180,11,0
10.333853,11.756000,117.000,27.458000,1.300000,124.128922,3709,343,0,139,268,2180,11,0
10.338743,4.890000,117.000,27.458000,1.300000,124.129372,3709,343,0,139,268,2180,11,0
10.350504,11.761000,117.000,27.458000,1.300000,124.129852,3709,343,0,139,268,2180,11,0
10.355599,5.095000,117.000,27.458000,1.300000,124.130318,3709,343,0,139,268,2180,11,0
10.361387,5.788000,117.000,27.458000,1.300000,124.130798,3709,343,0,139,268,2180,11,0
10.376379,14.992000,117.000,27.458000,1.300000,124.132957,3712,343,0,139,268,2180,11,0
10.383674,7.295000,117.000,27.458000,1.300000,124.133438,3712,343,0,138,264,2172,11,0
10.389298,5.624000,117.000,27.458000,1.300000,124.153606,3734,347,0,136,262,2168,11,0
10.394440,5.142000,117.000,27.458000,1.300000,124.144478,3732,347,0,138,264,2172,11,0
10.410282,15.842000,117.000,27.458000,1.300000,124.145031,3732,347,0,138,264,2172,11,0
10.414191,3.909000,117.000,27.458000,1.300000,124.145512,3732,347,0,137,264,2172,11,0
10.420910,6.719000,117.000,27.458000,1.300000,124.145992,3732,347,0,137,264,2172,11,0
10.433945,13.035000,117.000,27.458000,1.300000,124.146427,3732,347,0,137,264,2172,11,0
10.439083,5.138000,117.000,27.458000,1.300000,124.146908,3732,347,0,137,264,2172,11,0
10.450371,11.288000,117.000,27.458000,1.300000,124.147388,3732,347,0,138,264,2172,11,0
10.455607,5.236000,117.000,27.458000,1.300000,124.153858,3742,347,0,138,264,2172,11,0
10.462481,6.874000,117.000,27.458000,1.300000,124.154339,3742,347,0,137,264,2172,11,0
10.476859,14.378000,117.000,27.458000,1.300000,124.156479,3745,347,0,137,264,2172,11,0
10.483776,6.917000,117.000,27.458000,1.300000,124.156960,3745,347,0,137,263,2170,11,0
10.487916,4.140000,117.000,27.458000,1.300000,124.157406,3745,347,0,137,263,2170,11,0
10.500077,12.161000,117.000,27.458000,1.300000,124.154697,3740,347,0,135,263,2170,11,0
10.503124,3.047000,117.000,27.458000,1.300000,124.156853,3743,347,0,135,263,2170,11,0
10.515757,12.633000,117.000,27.458000,1.300000,124.255798,3795,356,0,184,346,2336,11,0
10.519085,3.328000,117.000,27.458000,1.300000,124.256233,3795,356,0,184,346,2336,11,0
10.533692,14.607000,117.000,27.458000,1.300000,124.256714,3795,356,0,184,346,2336,11,0
10.536585,2.893000,117.000,27.458000,1.300000,124.243576,3795,356,0,156,310,2264,11,0
10.549938,13.353000,117.000,27.458000,1.300000,124.244057,3795,356,0,156,310,2264,11,0
10.553111,3.173000,117.000,27.458000,1.300000,124.255234,3796,357,0,168,325,2294,11,0
10.566542,13.431000,117.000,27.458000,1.300000,124.241905,3771,357,0,157,315,2274,11,0
10.569454,2.912000,117.000,27.458000,1.300000,124.239170,3774,357,0,157,315,2274,11,0
10.583510,14.056000,117.000,27.458000,1.300000,124.239651,3774,357,0,157,315,2274,11,0
10.586679,3.169000,117.000,27.458000,1.300000,124.240086,3774,357,0,157,315,2274,11,0
10.599958,13.279000,117.000,27.458000,1.300000,124.240566,3774,357,0,157,315,2274,11,0
10.602614,2.656000,117.000,27.458000,1.300000,124.244366,3780,357,0,157,315,2274,11,0
10.616843,14.229000,117.000,27.458000,1.300000,124.254604,3795,357,0,157,315,2274,11,0
10.620169,3.326000,117.000,27.458000,1.300000,124.221302,3741,357,0,157,315,2274,11,0
10.633482,13.313000,117.000,27.458000,1.300000,124.220142,3738,357,0,157,315,2274,11,0
10.636644,3.162000,117.000,27.458000,1.300000,124.220623,3738,357,0,157,315,2274,11,0
10.649911,13.267000,117.000,27.458000,1.300000,124.221104,3738,357,0,157,315,2274,11,0
10.652311,2.400000,117.000,27.458000,1.300000,124.219082,3734,357,0,156,284,2212,11,0
10.667021,14.710000,117.000,27.458000,1.300000,124.219509,3734,357,0,156,284,2212,11,0
10.672116,5.095000,117.000,27.458000,1.300000,124.215580,3732,357,0,156,284,2212,11,0
10.677803,5.687000,117.000,27.458000,1.300000,124.181664,3728,353,0,156,284,2212,11,0
10.692873,15.070000,117.000,27.458000,1.300000,124.178963,3722,353,0,156,284,2212,11,0
10.700356,7.483000,117.000,27.458000,1.300000,124.179443,3722,353,0,154,279,2202,11,0
10.705206,4.850000,117.000,27.458000,1.300000,124.179924,3722,353,0,154,279,2202,11,0
10.717220,12.014000,117.000,27.458000,1.300000,124.178764,3719,353,0,154,279,2202,11,0
10.722774,5.554000,117.000,27.458000,1.300000,124.172031,3719,353,0,154,279,2202,11,0
10.727826,5.052000,117.000,27.458000,1.300000,124.172512,3719,353,0,154,279,2202,11,0
10.743045,15.219000,117.000,27.458000,1.300000,124.174473,3722,353,0,154,279,2202,11,0
10.750722,7.677000,117.000,27.458000,1.300000,124.169811,3713,353,0,154,278,2200,11,0
10.756558,5.836000,117.000,27.458000,1.300000,124.170300,3713,353,0,154,278,2200,11,0
10.763067,6.509000,117.000,27.458000,1.300000,124.170780,3713,353,0,152,276,2196,11,0
10.776434,13.367000,117.000,27.458000,1.300000,124.197269,3748,354,0,152,276,2196,11,0
10.784212,7.778000,117.000,27.458000,1.300000,124.175949,3726,350,0,150,276,2196,11,0
10.789432,5.220000,117.000,27.458000,1.300000,124.172035,3719,350,0,150,276,2196,11,0
10.794257,4.825000,117.000,27.458000,1.300000,124.172516,3719,350,0,150,274,2192,11,0
10.809770,15.513000,117.000,27.458000,1.300000,124.171303,3716,350,0,149,273,2190,11,0
10.813744,3.974000,117.000,27.458000,1.300000,124.169868,3713,350,0,148,272,2188,11,0
10.821030,7.286000,117.000,27.458000,1.300000,124.156593,3707,345,0,148,272,2188,11,0
10.833585,12.555000,117.000,27.458000,1.300000,124.150711,3697,345,0,148,272,2188,11,0
10.838541,4.956000,117.000,27.458000,1.300000,124.148102,3691,345,0,148,272,2188,11,0
10.843544,5.003000,117.000,27.458000,1.300000,124.160114,3693,345,0,155,281,2206,11,0
10.860730,17.186000,117.000,27.458000,1.300000,124.160564,3693,345,0,155,281,2206,11,0
10.864833,4.103000,117.000,27.458000,1.300000,124.157108,3693,345,0,147,273,2190,11,0
10.870614,5.781000,117.000,27.458000,1.300000,124.157574,3693,345,0,147,273,2190,11,0
10.883525,12.911000,117.000,27.458000,1.300000,124.158054,3693,345,0,146,273,2190,11,0
10.888308,4.783000,117.000,27.458000,1.300000,124.158375,3693,345,0,146,273,2190,11,0
10.900142,11.834000,117.000,27.458000,1.300000,124.158855,3693,345,0,147,273,2190,11,0
10.904991,4.849000,117.000,27.458000,1.300000,124.159306,3693,345,0,147,273,2190,11,0
10.917170,12.179000,117.000,27.458000,1.300000,124.159786,3693,345,0,147,273,2190,11,0
10.922442,5.272000,117.000,27.458000,1.300000,124.160252,3693,345,0,147,273,2190,11,0
10.927886,5.444000,117.000,27.458000,1.300000,124.160732,3693,345,0,147,273,2190,11,0
10.943107,15.221000,117.000,27.458000,1.300000,124.161182,3693,345,0,147,273,2190,11,0
10.950692,7.585000,117.000,27.458000,1.300000,124.161663,3693,345,0,147,273,2190,11,0
10.955855,5.163000,117.000,27.458000,1.300000,124.162159,3693,345,0,136,267,2178,11,0
10.960998,5.143000,117.000,27.458000,1.300000,124.162640,3693,345,0,135,267,2178,11,0
10.976175,15.177000,117.000,27.458000,1.300000,124.163380,3693,345,0,135,267,2178,11,0
10.992793,16.618000,117.000,27.458000,1.300000,124.158192,3684,345,0,136,267,2178,11,0
10.995297,2.504000,117.000,27.458000,1.300000,124.154263,3682,345,0,133,264,2172,11,0
10.999891,4.594000,117.000,27.458000,1.300000,124.154743,3682,345,0,133,264,2172,11,0
11.002357,2.466000,117.000,27.458000,1.300000,124.151073,3682,345,0,133,264,2172,11,0
11.016724,14.367000,117.000,27.458000,1.300000,124.151554,3682,345,0,135,264,2172,11,0
11.019131,2.407000,117.000,27.458000,1.300000,124.152035,3682,345,0,135,264,2172,11,0
11.033859,14.728000,117.000,27.458000,1.300000,124.152515,3682,345,0,133,264,2172,11,0
11.038905,5.046000,117.000,27.458000,1.300000,124.154640,3685,345,0,133,264,2172,11,0
11.050274,11.369000,117.000,27.458000,1.300000,124.155121,3685,345,0,134,264,2172,11,0
11.054927,4.653000,117.000,27.458000,1.300000,124.155628,3685,345,0,134,264,2172,11,0
11.067027,12.100000,117.000,27.458000,1.300000,124.156109,3685,345,0,135,264,2172,11,0
11.072229,5.202000,117.000,27.458000,1.300000,124.164196,3698,345,0,135,264,2172,11,0
11.083808,11.579000,117.000,27.458000,1.300000,124.164677,3698,345,0,133,264,2172,11,0
11.087649,3.841000,115.000,22.329000,4.239000,124.165157,3698,345,0,133,264,2172,11,0
11.101287,13.638000,115.000,22.329000,4.239000,124.168194,3701,345,0,133,264,2172,11,1
11.104439,3.152000,115.000,22.329000,4.239000,124.168674,3701,345,0,135,264,2172,11,1
11.121090,16.651000,115.000,22.329000,4.239000,124.169800,3707,344,0,135,264,2172,11,0
11.125098,4.008000,115.000,22.329000,4.239000,124.166977,3702,344,0,135,264,2172,11,0
11.152170,27.072000,115.000,22.329000,4.239000,124.260834,3754,353,0,174,336,2316,11,0
11.167252,15.082000,115.000,22.329000,4.239000,124.242786,3754,353,0,135,286,2216,11,0
11.170874,3.622000,115.000,22.329000,4.239000,124.230541,3724,353,0,144,298,2240,11,0
11.183137,12.263000,115.000,22.329000,4.239000,124.223186,3709,353,0,134,288,2220,11,0
11.185725,2.588000,115.000,22.329000,4.239000,124.218571,3709,353,0,134,288,2220,11,0
11.200494,14.769000,115.000,22.329000,4.239000,124.219051,3709,353,0,134,288,2220,11,0
11.202811,2.317000,115.000,22.329000,4.239000,124.219532,3709,353,0,134,288,2220,11,0
11.216969,14.158000,115.000,22.329000,4.239000,124.221687,3712,353,0,134,288,2220,11,0
11.219328,2.359000,115.000,22.329000,4.239000,124.093449,3662,313,0,135,288,2220,11,0
11.233175,13.847000,115.000,22.329000,4.239000,124.061764,3612,313,0,124,268,2180,11,0
11.235159,1.984000,115.000,22.329000,4.239000,124.062244,3612,313,0,124,268,2180,11,0
11.249998,14.839000,115.000,22.329000,4.239000,124.062725,3612,313,0,124,268,2180,11,0
11.252381,2.383000,115.000,22.329000,4.239000,124.060703,3608,313,0,124,268,2180,11,0
11.266534,14.153000,115.000,22.329000,4.239000,124.059544,3605,313,0,123,238,2120,11,0
11.268676,2.142000,115.000,22.329000,4.239000,124.061676,3608,313,0,122,237,2118,11,0
11.283203,14.527000,115.000,22.329000,4.239000,124.062103,3608,313,0,122,237,2118,11,0
11.285668,2.465000,115.000,22.329000,4.239000,124.034813,3606,313,0,122,237,2118,11,0
11.299948,14.280000,115.000,22.329000,4.239000,124.033653,3603,313,0,120,233,2110,11,0
11.302043,2.095000,115.000,22.329000,4.239000,124.037415,3609,313,0,120,233,2110,11,0
11.316626,14.583000,115.000,22.329000,4.239000,124.037895,3609,313,0,121,233,2110,11,0
11.318929,2.303000,115.000,22.329000,4.239000,124.030811,3606,313,0,121,233,2110,11,0
11.333351,14.422000,115.000,22.329000,4.239000,124.031292,3606,313,0,120,233,2110,11,0
11.335617,2.266000,115.000,22.329000,4.239000,124.031605,3606,313,0,120,233,2110,11,0
11.349873,14.256000,115.000,22.329000,4.239000,124.028584,3600,313,0,118,232,2108,11,0
11.352005,2.132000,115.000,22.329000,4.239000,124.029095,3600,313,0,117,231,2106,11,0
11.366735,14.730000,115.000,22.329000,4.239000,124.029575,3600,313,0,117,230,2104,11,0
11.369006,2.271000,115.000,22.329000,4.239000,124.019604,3595,310,0,115,228,2100,11,0
11.383426,14.420000,115.000,22.329000,4.239000,124.016392,3589,310,0,113,227,2098,11,0
11.385468,2.042000,115.000,22.329000,4.239000,124.006424,3585,306,0,113,227,2098,11,0
11.399934,14.466000,115.000,22.329000,4.239000,124.002556,3578,306,0,114,227,2098,11,0
11.402748,2.814000,115.000,22.329000,4.239000,124.018017,3585,310,0,113,225,2094,11,0
11.416709,13.961000,115.000,22.329000,4.239000,124.019100,3585,310,0,114,226,2096,11,0
11.419246,2.537000,115.000,22.329000,4.239000,124.017677,3582,310,0,113,225,2094,11,0
11.433438,14.192000,115.000,22.329000,4.239000,124.004494,3576,305,0,111,225,2094,11,0
11.437179,3.741000,115.000,22.329000,4.239000,124.012527,3568,305,0,121,237,2118,11,0
11.450097,12.918000,115.000,22.329000,4.239000,124.013008,3568,305,0,122,237,2118,11,0
11.452822,2.725000,115.000,22.329000,4.239000,124.013466,3568,305,0,122,237,2118,11,0
11.466636,13.814000,115.000,22.329000,4.239000,124.011028,3568,305,0,115,231,2106,11,0
11.469358,2.722000,115.000,22.329000,4.239000,124.011524,3568,305,0,115,231,2106,11,0
11.483369,14.011000,115.000,22.329000,4.239000,124.012005,3568,305,0,116,231,2106,11,0
11.486481,3.112000,115.000,22.329000,4.239000,124.012455,3568,305,0,116,231,2106,11,0
11.500391,13.910000,115.000,22.329000,4.239000,124.012936,3568,305,0,115,231,2106,11,0
11.505019,4.628000,115.000,22.329000,4.239000,124.011806,3565,305,0,115,231,2106,11,0
11.517022,12.003000,115.000,22.329000,4.239000,124.012287,3565,305,0,116,231,2106,11,0
11.521652,4.630000,115.000,22.329000,4.239000,124.012753,3565,305,0,116,231,2106,11,0
11.533634,11.982000,115.000,22.329000,4.239000,124.013233,3565,305,0,114,230,2104,11,0
11.538288,4.654000,115.000,22.329000,4.239000,124.007259,3554,305,0,114,230,2104,11,0
11.550386,12.098000,115.000,22.329000,4.239000,124.007740,3554,305,0,115,230,2104,11,0
11.554853,4.467000,115.000,22.329000,4.239000,124.008190,3554,305,0,115,230,2104,11,0
11.567149,12.296000,115.000,22.329000,4.239000,124.008671,3554,305,0,114,230,2104,11,0
11.572003,4.854000,115.000,22.329000,4.239000,124.009167,3554,305,0,114,230,2104,11,0
11.583644,11.641000,115.000,22.329000,4.239000,124.009594,3554,305,0,114,226,2096,11,0
11.588336,4.692000,115.000,22.329000,4.239000,124.005680,3552,305,0,114,226,2096,11,0
11.600343,12.007000,115.000,22.329000,4.239000,124.006161,3552,305,0,114,226,2096,11,0
11.605038,4.695000,115.000,22.329000,4.239000,124.001072,3552,305,0,114,226,2096,11,0
11.617070,12.032000,115.000,22.329000,4.239000,124.001553,3552,305,0,114,226,2096,11,0
11.621762,4.692000,115.000,22.329000,4.239000,124.001957,3552,305,0,114,226,2096,11,0
11.633630,11.868000,115.000,22.329000,4.239000,124.002438,3552,305,0,114,226,2096,11,0
11.638771,5.141000,115.000,22.329000,4.239000,124.002888,3552,305,0,114,226,2096,11,0
11.650302,11.531000,115.000,22.329000,4.239000,124.003368,3552,305,0,114,226,2096,11,0
11.654636,4.334000,115.000,22.329000,4.239000,124.003819,3552,305,0,114,226,2096,11,0
11.667087,12.451000,115.000,22.329000,4.239000,124.004299,3552,305,0,113,226,2096,11,0
11.672285,5.198000,115.000,22.329000,4.239000,124.009174,3559,305,0,113,226,2096,11,0
11.683593,11.308000,115.000,22.329000,4.239000,124.009655,3559,305,0,114,226,2096,11,0
11.688017,4.424000,115.000,22.329000,4.239000,124.010090,3559,305,0,114,226,2096,11,0
11.700590,12.573000,115.000,22.329000,4.239000,124.010571,3559,305,0,112,226,2096,11,0
11.706561,5.971000,115.000,22.329000,4.239000,124.011066,3559,305,0,112,226,2096,11,0
11.711196,4.635000,115.000,22.329000,4.239000,124.011547,3559,305,0,114,226,2096,11,0
11.726450,15.254000,115.000,22.329000,4.239000,124.012012,3559,305,0,114,226,2096,11,0
11.760731,34.281000,115.000,22.329000,4.239000,124.123455,3626,314,0,160,316,2276,11,0
11.775714,14.983000,115.000,22.329000,4.239000,124.109344,3626,314,0,130,282,2208,11,0
11.784663,8.949000,115.000,22.329000,4.239000,124.114243,3629,314,0,136,288,2220,11,0
11.788247,3.584000,115.000,22.329000,4.239000,124.102547,3614,314,0,129,280,2204,11,0
11.801146,12.899000,115.000,22.329000,4.239000,124.104698,3617,314,0,129,280,2204,11,0
11.805408,4.262000,115.000,22.329000,4.239000,124.105179,3617,314,0,129,280,2204,11,0
11.811757,6.349000,115.000,22.329000,4.239000,124.105659,3617,314,0,129,280,2204,11,0
11.826276,14.519000,115.000,22.329000,4.239000,124.106140,3617,314,0,129,280,2204,11,0
11.834646,8.370000,115.000,22.329000,4.239000,124.106674,3617,314,0,129,280,2204,11,0
11.838227,3.581000,115.000,22.329000,4.239000,124.107155,3617,314,0,129,280,2204,11,0
11.851031,12.804000,115.000,22.329000,4.239000,124.107635,3617,314,0,129,280,2204,11,0
11.854438,3.407000,115.000,22.329000,4.239000,124.108116,3617,314,0,129,280,2204,11,0
11.868186,13.748000,115.000,22.329000,4.239000,124.107746,3616,314,0,129,280,2204,11,0
11.872025,3.839000,115.000,22.329000,4.239000,124.108227,3616,314,0,126,244,2132,11,0
11.884436,12.411000,115.000,22.329000,4.239000,124.108654,3616,314,0,126,244,2132,11,0
11.888019,3.583000,115.000,22.329000,4.239000,124.073341,3614,314,0,126,244,2132,11,0
11.900974,12.955000,115.000,22.329000,4.239000,124.075520,3617,314,0,126,244,2132,11,0
11.904062,3.088000,115.000,22.329000,4.239000,124.076000,3617,314,0,127,244,2132,11,0
11.918170,14.108000,115.000,22.329000,4.239000,124.076473,3617,314,0,127,244,2132,11,0
11.921811,3.641000,115.000,22.329000,4.239000,124.076908,3617,314,0,128,244,2132,11,0
11.934705,12.894000,115.000,22.329000,4.239000,124.077335,3617,314,0,128,244,2132,11,0
11.938203,3.498000,115.000,22.329000,4.239000,124.077816,3617,314,0,126,244,2132,11,0
11.951451,13.248000,115.000,22.329000,4.239000,124.078121,3617,314,0,126,244,2132,11,0
11.955000,3.549000,115.000,22.329000,4.239000,124.075100,3611,314,0,127,244,2132,11,0
11.968586,13.586000,115.000,22.329000,4.239000,124.077129,3614,314,0,126,243,2130,11,0
11.972303,3.717000,115.000,22.329000,4.239000,124.077610,3614,314,0,125,243,2130,11,0
11.984954,12.651000,115.000,22.329000,4.239000,124.078072,3614,314,0,123,241,2126,11,0
11.988669,3.715000,115.000,22.329000,4.239000,124.068150,3610,310,0,124,240,2124,11,0
12.001483,12.814000,115.000,22.329000,4.239000,124.066071,3606,310,0,124,240,2124,11,0
12.004992,3.509000,115.000,22.329000,4.239000,124.066551,3606,310,0,123,239,2122,11,0
12.018813,13.821000,115.000,22.329000,4.239000,124.066975,3606,310,0,122,238,2120,11,0
12.022417,3.604000,115.000,22.329000,4.239000,124.065731,3603,310,0,121,237,2118,11,0
12.034835,12.418000,115.000,22.329000,4.239000,124.050678,3594,305,0,120,236,2116,11,0
12.038353,3.518000,115.000,22.329000,4.239000,124.044842,3584,305,0,119,236,2116,11,0
12.044514,6.161000,115.000,22.329000,4.239000,124.059227,3586,305,0,128,248,2140,11,0
12.062606,18.092000,115.000,22.329000,4.239000,124.059692,3586,305,0,128,248,2140,11,0
12.075372,12.766000,115.000,22.329000,4.239000,124.056282,3586,305,0,119,240,2124,11,0
12.084805,9.433000,115.000,22.329000,4.239000,124.056778,3586,305,0,119,240,2124,11,0
12.088536,3.731000,112.000,33.703000,1.735000,124.057259,3586,305,0,120,240,2124,11,0
12.102780,14.244000,112.000,33.703000,1.735000,124.057709,3586,305,0,120,240,2124,11,0
12.105963,3.183000,112.000,33.703000,1.735000,124.056503,3583,305,0,119,240,2124,11,0
12.112355,6.392000,112.000,33.703000,1.735000,124.056999,3583,305,0,119,240,2124,11,0
12.125370,13.015000,112.000,33.703000,1.735000,124.057480,3583,305,0,120,240,2124,11,0
12.134898,9.528000,112.000,33.703000,1.735000,124.059589,3586,305,0,120,240,2124,11,0
12.138296,3.398000,112.000,33.703000,1.735000,124.058430,3583,305,0,120,240,2124,11,0
12.151772,13.476000,112.000,33.703000,1.735000,124.060524,3586,305,0,120,240,2124,11,0
12.154986,3.214000,112.000,33.703000,1.735000,124.061005,3586,305,0,120,240,2124,11,0
12.168317,13.331000,112.000,33.703000,1.735000,124.061478,3586,305,0,120,240,2124,11,0
12.172163,3.846000,112.000,33.703000,1.735000,124.061958,3586,305,0,120,240,2124,11,0
12.184463,12.300000,112.000,33.703000,1.735000,124.062386,3586,305,0,120,240,2124,11,0
12.187755,3.292000,112.000,33.703000,1.735000,124.058456,3584,305,0,120,240,2124,11,0
12.201261,13.506000,112.000,33.703000,1.735000,124.059853,3584,305,0,119,236,2116,11,1
12.204509,3.248000,112.000,33.703000,1.735000,124.058693,3581,305,0,118,236,2116,11,1
12.218471,13.962000,112.000,33.703000,1.735000,124.058472,3587,304,0,118,236,2116,11,0
12.222199,3.728000,112.000,33.703000,1.735000,124.050125,3582,304,0,119,236,2116,11,0
12.234704,12.505000,112.000,33.703000,1.735000,124.165649,3677,327,0,118,235,2114,11,0
12.237074,2.370000,112.000,33.703000,1.735000,124.150253,3631,327,0,130,259,2162,11,0
12.250441,13.367000,112.000,33.703000,1.735000,124.150776,3631,327,0,130,259,2162,11,0
12.252493,2.052000,112.000,33.703000,1.735000,124.151257,3631,327,0,131,259,2162,11,0
12.267405,14.912000,112.000,33.703000,1.735000,124.151707,3631,327,0,131,259,2162,11,0
12.269548,2.143000,112.000,33.703000,1.735000,124.152187,3631,327,0,132,259,2162,11,0
12.283894,14.346000,112.000,33.703000,1.735000,124.152683,3631,327,0,132,259,2162,11,0
12.286108,2.214000,112.000,33.703000,1.735000,124.159168,3641,327,0,131,259,2162,11,0
12.300640,14.532000,112.000,33.703000,1.735000,124.159649,3641,327,0,131,259,2162,11,0
12.303141,2.501000,112.000,33.703000,1.735000,124.160084,3641,327,0,131,259,2162,11,0
12.317454,14.313000,112.000,33.703000,1.735000,124.160564,3641,327,0,131,259,2162,11,0
12.319865,2.411000,112.000,33.703000,1.735000,124.161045,3641,327,0,131,259,2162,11,0
12.333798,13.933000,112.000,33.703000,1.735000,124.161526,3641,327,0,131,259,2162,11,0
12.336194,2.396000,112.000,33.703000,1.735000,124.162006,3641,327,0,131,259,2162,11,0
12.346114,9.920000,112.000,33.703000,1.735000,124.235992,3683,336,0,166,310,2264,11,0
12.357991,11.877000,112.000,33.703000,1.735000,124.236473,3683,336,0,166,310,2264,11,0
12.361395,3.404000,112.000,33.703000,1.735000,124.216709,3680,336,0,128,264,2172,11,0
12.374953,13.558000,112.000,33.703000,1.735000,124.223598,3680,336,0,137,276,2196,11,0
12.383791,8.838000,112.000,33.703000,1.735000,124.211376,3657,336,0,136,275,2194,11,0
12.386334,2.543000,112.000,33.703000,1.735000,124.211857,3657,336,0,136,275,2194,11,0
12.400298,13.964000,112.000,33.703000,1.735000,124.212337,3657,336,0,130,269,2182,11,0
12.402271,1.973000,112.000,33.703000,1.735000,124.209900,3657,336,0,130,269,2182,11,0
12.417140,14.869000,112.000,33.703000,1.735000,124.210396,3657,336,0,130,269,2182,11,0
12.420836,3.696000,112.000,33.703000,1.735000,124.210831,3657,336,0,130,269,2182,11,0
12.434982,14.146000,112.000,33.703000,1.735000,124.211296,3657,336,0,130,269,2182,11,0
12.438554,3.572000,112.000,33.703000,1.735000,124.211777,3657,336,0,130,269,2182,11,0
12.451021,12.467000,112.000,33.703000,1.735000,124.212318,3657,336,0,130,269,2182,11,0
12.454596,3.575000,112.000,33.703000,1.735000,124.212799,3657,336,0,130,269,2182,11,0
12.468261,13.665000,112.000,33.703000,1.735000,124.213264,3657,336,0,130,269,2182,11,0
12.472127,3.866000,112.000,33.703000,1.735000,124.213745,3657,336,0,130,269,2182,11,0
12.484940,12.813000,112.000,33.703000,1.735000,124.202885,3651,333,0,129,268,2180,11,0
12.488425,3.485000,112.000,33.703000,1.735000,124.195217,3643,333,0,129,255,2154,11,0
12.501230,12.805000,112.000,33.703000,1.735000,124.197365,3646,333,0,129,255,2154,11,0
12.504445,3.215000,112.000,33.703000,1.735000,124.197800,3646,333,0,129,255,2154,11,0
12.518477,14.032000,112.000,33.703000,1.735000,124.202999,3656,337,0,128,251,2146,11,0
12.522338,3.861000,112.000,33.703000,1.735000,124.204166,3656,337,0,129,253,2150,11,0
12.529075,6.737000,112.000,33.703000,1.735000,124.204659,3656,337,0,129,253,2150,11,0
12.541963,12.888000,112.000,33.703000,1.735000,124.199104,3656,337,0,129,253,2150,11,0
12.551619,9.656000,112.000,33.703000,1.735000,124.199539,3656,337,0,129,253,2150,11,0
12.554798,3.179000,112.000,33.703000,1.735000,124.200020,3656,337,0,129,253,2150,11,0
12.568199,13.401000,112.000,33.703000,1.735000,124.200462,3656,337,0,129,253,2150,11,0
12.571922,3.723000,112.000,33.703000,1.735000,124.197441,3650,337,0,128,253,2150,11,0
12.584896,12.974000,112.000,33.703000,1.735000,124.199566,3653,337,0,127,252,2148,11,0
12.588997,4.101000,112.000,33.703000,1.735000,124.200047,3653,337,0,127,252,2148,11,0
12.601019,12.022000,112.000,33.703000,1.735000,124.200523,3653,337,0,125,250,2144,11,0
12.603967,2.948000,112.000,33.703000,1.735000,124.201004,3653,337,0,124,249,2142,11,0
12.618292,14.325000,112.000,33.703000,1.735000,124.192680,3652,333,0,124,249,2142,11,0
12.621888,3.596000,112.000,33.703000,1.735000,124.177223,3641,329,0,124,249,2142,11,0
12.636580,14.692000,112.000,33.703000,1.735000,124.174480,3635,329,0,122,247,2138,11,0
12.639569,2.989000,112.000,33.703000,1.735000,124.174831,3635,329,0,122,246,2136,11,0
12.644608,5.039000,112.000,33.703000,1.735000,124.173443,3632,329,0,121,245,2134,11,0
12.658598,13.990000,112.000,33.703000,1.735000,124.160259,3626,324,0,120,245,2134,11,0
12.663481,4.883000,112.000,33.703000,1.735000,124.154499,3616,324,0,120,245,2134,11,0
12.669635,6.154000,112.000,33.703000,1.735000,124.175892,3618,324,0,136,266,2176,11,0
12.684695,15.060000,112.000,33.703000,1.735000,124.174114,3621,324,0,128,258,2160,11,0
12.688045,3.350000,112.000,33.703000,1.735000,124.174595,3621,324,0,128,258,2160,11,0
12.701494,13.449000,112.000,33.703000,1.735000,124.175091,3621,324,0,128,258,2160,11,0
12.705303,3.809000,112.000,33.703000,1.735000,124.175571,3621,324,0,128,258,2160,11,0
12.718285,12.982000,112.000,33.703000,1.735000,124.177708,3624,324,0,128,258,2160,11,0
12.722127,3.842000,112.000,33.703000,1.735000,124.178188,3624,324,0,128,258,2160,11,0
12.734707,12.580000,112.000,33.703000,1.735000,124.177021,3621,324,0,128,258,2160,11,0
12.738207,3.500000,112.000,33.703000,1.735000,124.177502,3621,324,0,128,258,2160,11,0
12.751129,12.922000,112.000,33.703000,1.735000,124.177982,3621,324,0,128,258,2160,11,0
12.754243,3.114000,112.000,33.703000,1.735000,124.178463,3621,324,0,128,258,2160,11,0
12.768305,14.062000,112.000,33.703000,1.735000,124.178959,3621,324,0,128,258,2160,11,0
12.772224,3.919000,112.000,33.703000,1.735000,124.179440,3621,324,0,128,258,2160,11,0
12.785530,13.306000,112.000,33.703000,1.735000,124.179905,3621,324,0,128,258,2160,11,0
12.789187,3.657000,112.000,33.703000,1.735000,124.180340,3621,324,0,128,258,2160,11,0
12.801561,12.374000,112.000,33.703000,1.735000,124.180805,3621,324,0,128,258,2160,11,0
12.808732,7.171000,112.000,33.703000,1.735000,124.181286,3621,324,0,128,258,2160,11,0
12.813766,5.034000,112.000,33.703000,1.735000,124.180088,3618,324,0,126,251,2146,11,0
12.825414,11.648000,112.000,33.703000,1.735000,124.176159,3616,324,0,126,251,2146,11,0
12.834567,9.153000,112.000,33.703000,1.735000,124.176640,3616,324,0,126,251,2146,11,0
12.838004,3.437000,112.000,33.703000,1.735000,124.167362,3616,324,0,126,251,2146,11,0
12.851425,13.421000,112.000,33.703000,1.735000,124.167839,3616,324,0,126,251,2146,11,0
12.854753,3.328000,112.000,33.703000,1.735000,124.168320,3616,324,0,126,251,2146,11,0
12.868448,13.695000,112.000,33.703000,1.735000,124.168793,3616,324,0,126,251,2146,11,0
12.872357,3.909000,112.000,33.703000,1.735000,124.169273,3616,324,0,126,251,2146,11,0
12.878706,6.349000,112.000,33.703000,1.735000,124.169769,3616,324,0,126,251,2146,11,0
12.892146,13.440000,112.000,33.703000,1.735000,124.170250,3616,324,0,126,251,2146,11,0
12.897475,5.329000,112.000,33.703000,1.735000,124.176720,3626,324,0,126,251,2146,11,0
12.903452,5.977000,112.000,33.703000,1.735000,124.177200,3626,324,0,127,251,2146,11,0
12.918498,15.046000,112.000,33.703000,1.735000,124.176056,3623,324,0,127,251,2146,11,0
12.922230,3.732000,112.000,33.703000,1.735000,124.176537,3623,324,0,126,251,2146,11,0
12.934882,12.652000,112.000,33.703000,1.735000,124.176956,3623,324,0,126,251,2146,11,0
12.938309,3.427000,112.000,33.703000,1.735000,124.177437,3623,324,0,126,251,2146,11,0
12.951289,12.980000,112.000,33.703000,1.735000,124.174652,3617,324,0,126,251,2146,11,0
12.987436,36.147000,112.000,33.703000,1.735000,124.303333,3687,335,0,173,337,2318,11,0
13.000249,12.813000,112.000,33.703000,1.735000,124.291168,3687,335,0,146,307,2258,11,0
13.003177,2.928000,112.000,33.703000,1.735000,124.291496,3687,335,0,146,307,2258,11,0
13.017157,13.980000,112.000,33.703000,1.735000,124.280930,3667,335,0,146,307,2258,11,0
13.022650,5.493000,112.000,33.703000,1.735000,124.282600,3667,335,0,146,307,2258,11,2
13.028714,6.064000,112.000,33.703000,1.735000,124.283653,3667,335,0,146,307,2258,11,2
13.042792,14.078000,112.000,33.703000,1.735000,124.285763,3679,333,0,146,307,2258,11,0
13.050127,7.335000,112.000,33.703000,1.735000,124.279774,3669,333,0,148,307,2258,11,0
13.054742,4.615000,112.000,33.703000,1.735000,124.280254,3669,333,0,148,307,2258,11,0
13.067126,12.384000,112.000,33.703000,1.735000,124.280735,3669,333,0,148,307,2258,11,0
13.092254,25.128000,112.000,33.703000,1.735000,124.280125,3666,333,0,148,307,2258,11,0
13.096557,4.303000,115.000,35.574000,1.874000,124.280605,3666,333,0,148,307,2258,11,0
13.108916,12.359000,115.000,35.574000,1.874000,124.278530,3662,333,0,146,271,2186,11,0
13.114064,5.148000,115.000,35.574000,1.874000,124.274601,3660,333,0,146,271,2186,11,0
13.122220,8.156000,115.000,35.574000,1.874000,124.243656,3660,333,0,146,271,2186,11,0
13.127645,5.425000,115.000,35.574000,1.874000,124.244091,3660,333,0,146,271,2186,11,0
13.142737,15.092000,115.000,35.574000,1.874000,124.244556,3660,333,0,146,271,2186,11,0
13.151633,8.896000,115.000,35.574000,1.874000,124.245037,3660,333,0,145,271,2186,11,0
13.168380,16.747000,115.000,35.574000,1.874000,124.245560,3660,333,0,145,271,2186,11,0
13.173668,5.288000,115.000,35.574000,1.874000,124.247421,3663,333,0,146,271,2186,11,0
13.177864,4.196000,115.000,35.574000,1.874000,124.244400,3657,333,0,147,271,2186,11,0
13.192690,14.826000,115.000,35.574000,1.874000,124.246521,3660,333,0,146,270,2184,11,0
13.200419,7.729000,115.000,35.574000,1.874000,124.246956,3660,333,0,142,266,2176,11,0
13.205526,5.107000,115.000,35.574000,1.874000,124.249088,3663,333,0,142,266,2176,11,0
13.211203,5.677000,115.000,35.574000,1.874000,124.239166,3659,329,0,140,265,2174,11,0
13.226760,15.557000,115.000,35.574000,1.874000,124.235249,3652,329,0,140,265,2174,11,0
13.233562,6.802000,115.000,35.574000,1.874000,124.235683,3652,329,0,139,263,2170,11,0
13.238206,4.644000,115.000,35.574000,1.874000,124.236149,3652,329,0,138,262,2168,11,0
13.250345,12.139000,115.000,35.574000,1.874000,124.236546,3652,329,0,137,262,2168,11,0
13.255298,4.953000,115.000,35.574000,1.874000,124.221432,3643,324,0,136,261,2166,11,0
13.267083,11.785000,115.000,35.574000,1.874000,124.215595,3633,324,0,136,261,2166,11,0
13.273603,6.520000,115.000,35.574000,1.874000,124.226971,3638,324,0,141,267,2178,11,0
13.277354,3.751000,115.000,35.574000,1.874000,124.227451,3638,324,0,142,267,2178,11,0
13.292917,15.563000,115.000,35.574000,1.874000,124.222038,3638,324,0,128,253,2150,11,1
13.300124,7.207000,115.000,35.574000,1.874000,124.201176,3628,318,0,126,251,2146,11,1
13.305494,5.370000,115.000,35.574000,1.874000,124.196884,3625,317,0,126,251,2146,11,0
13.317060,11.566000,115.000,35.574000,1.874000,124.194107,3620,317,0,127,251,2146,11,0
13.322225,5.165000,115.000,35.574000,1.874000,124.194538,3620,317,0,127,251,2146,11,0
13.333894,11.669000,115.000,35.574000,1.874000,124.195019,3620,317,0,126,251,2146,11,0
13.338485,4.591000,115.000,35.574000,1.874000,124.195484,3620,317,0,126,251,2146,11,0
13.350361,11.876000,115.000,35.574000,1.874000,124.195965,3620,317,0,127,251,2146,11,0
13.355466,5.105000,115.000,35.574000,1.874000,124.196461,3620,317,0,127,251,2146,11,0
13.367181,11.715000,115.000,35.574000,1.874000,124.196941,3620,317,0,127,251,2146,11,0
13.372196,5.015000,115.000,35.574000,1.874000,124.199055,3623,317,0,127,251,2146,11,0
13.383567,11.371000,115.000,35.574000,1.874000,124.199535,3623,317,0,127,251,2146,11,0
13.393095,9.528000,115.000,35.574000,1.874000,124.200024,3623,317,0,127,251,2146,11,0
13.396823,3.728000,115.000,35.574000,1.874000,124.200504,3623,317,0,127,251,2146,11,0
13.410381,13.558000,115.000,35.574000,1.874000,124.202641,3626,317,0,127,251,2146,11,0
13.413988,3.607000,115.000,35.574000,1.874000,124.203121,3626,317,0,127,251,2146,11,0
13.419840,5.852000,115.000,35.574000,1.874000,124.201908,3623,317,0,126,249,2142,11,0
13.434689,14.849000,115.000,35.574000,1.874000,124.197918,3621,317,0,126,249,2142,11,0
13.438286,3.597000,115.000,35.574000,1.874000,124.195583,3621,317,0,125,249,2142,11,0
13.451501,13.215000,115.000,35.574000,1.874000,124.194462,3618,317,0,125,249,2142,11,0
13.455307,3.806000,115.000,35.574000,1.874000,124.194942,3618,317,0,125,249,2142,11,0
13.468118,12.811000,115.000,35.574000,1.874000,124.195454,3618,317,0,125,249,2142,11,0
13.471738,3.620000,115.000,35.574000,1.874000,124.195934,3618,317,0,123,249,2142,11,0
13.484641,12.903000,115.000,35.574000,1.874000,124.196400,3618,317,0,122,248,2140,11,0
13.488122,3.481000,115.000,35.574000,1.874000,124.196880,3618,317,0,124,248,2140,11,0
13.501452,13.330000,115.000,35.574000,1.874000,124.197346,3618,317,0,124,248,2140,11,0
13.505361,3.909000,115.000,35.574000,1.874000,124.203831,3628,317,0,124,248,2140,11,0
13.519060,13.699000,115.000,35.574000,1.874000,124.202686,3625,317,0,124,248,2140,11,0
13.523058,3.998000,115.000,35.574000,1.874000,124.203121,3625,317,0,125,248,2140,11,0
13.528052,4.994000,115.000,35.574000,1.874000,124.203602,3625,317,0,125,248,2140,11,0
13.543328,15.276000,115.000,35.574000,1.874000,124.204128,3625,317,0,125,248,2140,11,0
13.551835,8.507000,115.000,35.574000,1.874000,124.202969,3622,317,0,123,248,2140,11,0
13.560001,8.166000,115.000,35.574000,1.874000,124.205021,3625,317,0,123,248,2140,11,0
13.582903,22.902000,115.000,35.574000,1.874000,124.346443,3696,328,0,170,334,2312,11,0
13.585903,3.000000,115.000,35.574000,1.874000,124.318577,3691,325,0,133,291,2226,11,0
13.600408,14.505000,115.000,35.574000,1.874000,124.315319,3685,325,0,133,291,2226,11,0
13.603385,2.977000,115.000,35.574000,1.874000,124.322456,3685,325,0,147,305,2254,11,0
13.618989,15.604000,115.000,35.574000,1.874000,124.301964,3647,325,0,147,305,2254,11,0
13.623738,4.749000,115.000,35.574000,1.874000,124.317665,3657,329,0,139,297,2238,11,0
13.627456,3.718000,115.000,35.574000,1.874000,124.314941,3657,329,0,140,299,2242,11,0
13.642619,15.163000,115.000,35.574000,1.874000,124.315418,3657,329,0,140,299,2242,11,0
13.650267,7.648000,115.000,35.574000,1.874000,124.312618,3651,329,0,140,299,2242,11,0
13.654687,4.420000,115.000,35.574000,1.874000,124.313099,3651,329,0,140,299,2242,11,0
13.667137,12.450000,115.000,35.574000,1.874000,124.313580,3651,329,0,140,299,2242,11,0
13.672891,5.754000,115.000,35.574000,1.874000,124.314060,3651,329,0,140,299,2242,11,0
13.678730,5.839000,115.000,35.574000,1.874000,124.314541,3651,329,0,140,299,2242,11,0
13.692081,13.351000,115.000,35.574000,1.874000,124.314976,3651,329,0,140,299,2242,11,0
13.701172,9.091000,115.000,35.574000,1.874000,124.312954,3647,329,0,140,299,2242,11,0
13.704805,3.633000,115.000,35.574000,1.874000,124.313435,3647,329,0,138,263,2170,11,0
13.718087,13.282000,115.000,35.574000,1.874000,124.313862,3647,329,0,138,263,2170,11,0
13.722020,3.933000,115.000,35.574000,1.874000,124.278481,3645,329,0,138,263,2170,11,0
13.734866,12.846000,115.000,35.574000,1.874000,124.278934,3645,329,0,138,263,2170,11,0
13.739514,4.648000,115.000,35.574000,1.874000,124.279415,3645,329,0,138,263,2170,11,0
13.743883,4.369000,115.000,35.574000,1.874000,124.279896,3645,329,0,138,263,2170,11,0
13.760161,16.278000,115.000,35.574000,1.874000,124.280422,3645,329,0,138,263,2170,11,0
13.764173,4.012000,115.000,35.574000,1.874000,124.280956,3645,329,0,138,263,2170,11,0
13.769581,5.408000,115.000,35.574000,1.874000,124.281231,3645,329,0,138,263,2170,11,0
13.784775,15.194000,115.000,35.574000,1.874000,124.276524,3636,329,0,138,263,2170,11,0
13.788307,3.532000,115.000,35.574000,1.874000,124.277004,3636,329,0,138,262,2168,11,0
13.802643,14.336000,115.000,35.574000,1.874000,124.277561,3636,329,0,138,262,2168,11,0
13.806130,3.487000,115.000,35.574000,1.874000,124.278042,3636,329,0,135,260,2164,11,0
13.812420,6.290000,115.000,35.574000,1.874000,124.278446,3636,329,0,135,260,2164,11,0
13.825349,12.929000,115.000,35.574000,1.874000,124.274574,3632,325,0,134,259,2162,11,0
13.835096,9.747000,115.000,35.574000,1.874000,124.508369,3625,325,0,134,259,2162,11,0
13.838737,3.641000,115.000,35.574000,1.874000,124.508850,3625,325,0,133,257,2158,11,0
13.853769,15.032000,115.000,35.574000,1.874000,124.509377,3625,325,0,132,256,2156,11,0
13.857584,3.815000,115.000,35.574000,1.874000,124.509773,3625,325,0,131,256,2156,11,0
13.863386,5.802000,115.000,35.574000,1.874000,124.494713,3616,320,0,130,255,2154,11,0
13.875333,11.947000,115.000,35.574000,1.874000,124.488876,3606,320,0,131,255,2154,11,0
13.882442,7.109000,115.000,35.574000,1.874000,124.491016,3609,320,0,131,255,2154,11,0
13.890244,7.802000,115.000,35.574000,1.874000,124.512363,3611,320,0,147,276,2196,11,0
13.895165,4.921000,115.000,35.574000,1.874000,124.514511,3614,320,0,143,272,2188,11,0
13.908547,13.382000,115.000,35.574000,1.874000,124.513046,3614,320,0,143,272,2188,11,0
13.913329,4.782000,115.000,35.574000,1.874000,124.513527,3614,320,0,143,272,2188,11,0
13.925553,12.224000,115.000,35.574000,1.874000,124.514008,3614,320,0,143,272,2188,11,0
13.934621,9.068000,115.000,35.574000,1.874000,124.514488,3614,320,0,143,272,2188,11,0
13.938814,4.193000,115.000,35.574000,1.874000,124.515175,3614,320,0,143,272,2188,11,0
13.951338,12.524000,115.000,35.574000,1.874000,124.515656,3614,320,0,143,272,2188,11,0
13.954715,3.377000,115.000,35.574000,1.874000,124.516136,3614,320,0,143,272,2188,11,0
13.968208,13.493000,115.000,35.574000,1.874000,124.516617,3614,320,0,143,272,2188,11,0
13.972118,3.910000,115.000,35.574000,1.874000,124.517097,3614,320,0,143,272,2188,11,0
13.984441,12.323000,115.000,35.574000,1.874000,124.519245,3617,320,0,143,272,2188,11,0
13.987994,3.553000,115.000,35.574000,1.874000,124.519726,3617,320,0,143,272,2188,11,0
14.000953,12.959000,115.000,35.574000,1.874000,124.520260,3617,320,0,143,272,2188,11,0
14.004125,3.172000,115.000,35.574000,1.874000,124.520741,3617,320,0,143,272,2188,11,0
14.018128,14.003000,115.000,35.574000,1.874000,124.522869,3620,320,0,143,272,2188,11,0
14.021923,3.795000,115.000,35.574000,1.874000,124.523350,3620,320,0,143,272,2188,11,0
14.029184,7.261000,115.000,35.574000,1.874000,124.523754,3620,320,0,140,265,2174,11,0
14.041709,12.525000,115.000,35.574000,1.874000,124.519825,3618,320,0,140,265,2174,11,0
14.051174,9.465000,115.000,35.574000,1.874000,124.520306,3618,320,0,140,265,2174,11,0
14.054700,3.526000,115.000,35.574000,1.874000,124.511028,3618,320,0,140,265,2174,11,0
14.068105,13.405000,115.000,35.574000,1.874000,124.511520,3618,320,0,140,265,2174,11,0
14.071972,3.867000,115.000,35.574000,1.874000,124.512001,3618,320,0,140,265,2174,11,0
14.085047,13.075000,115.000,35.574000,1.874000,124.514084,3621,320,0,140,265,2174,11,0
14.088524,3.477000,116.000,22.242000,2.886000,124.514565,3621,320,0,141,265,2174,11,0
14.101435,12.911000,116.000,22.242000,2.886000,124.515053,3621,320,0,141,265,2174,11,0
14.104561,3.126000,116.000,22.242000,2.886000,124.515533,3621,320,0,140,265,2174,11,0
14.118275,13.714000,116.000,22.242000,2.886000,124.523716,3634,320,0,140,265,2174,11,0
14.122145,3.870000,116.000,22.242000,2.886000,124.524197,3634,320,0,141,265,2174,11,0
14.134939,12.794000,116.000,22.242000,2.886000,124.522995,3631,320,0,141,265,2174,11,0
14.138364,3.425000,116.000,22.242000,2.886000,124.523476,3631,320,0,141,265,2174,11,0
14.151209,12.845000,116.000,22.242000,2.886000,124.523926,3631,320,0,141,265,2174,11,0
14.154567,3.358000,116.000,22.242000,2.886000,124.524406,3631,320,0,140,265,2174,11,0
14.168341,13.774000,116.000,22.242000,2.886000,124.524918,3631,320,0,140,265,2174,11,0
14.202610,34.269000,116.000,22.242000,2.886000,124.643021,3700,330,0,169,333,2310,11,0
14.217253,14.643000,116.000,22.242000,2.886000,124.627892,3700,330,0,137,295,2234,11,0
14.220784,3.531000,116.000,22.242000,2.886000,124.616039,3690,330,0,123,281,2206,11,0
14.233680,12.896000,116.000,22.242000,2.886000,124.614880,3687,330,0,123,281,2206,11,0
14.238204,4.524000,116.000,22.242000,2.886000,124.616962,3690,330,0,123,281,2206,11,0
14.250637,12.433000,116.000,22.242000,2.886000,124.615803,3687,330,0,124,281,2206,11,0
14.254880,4.243000,116.000,22.242000,2.886000,124.616283,3687,330,0,124,281,2206,11,0
14.267070,12.190000,116.000,22.242000,2.886000,124.616718,3687,330,0,124,281,2206,11,0
14.272134,5.064000,116.000,22.242000,2.886000,124.617153,3687,330,0,124,281,2206,11,0
14.283552,11.418000,116.000,22.242000,2.886000,124.617634,3687,330,0,124,281,2206,11,0
14.288571,5.019000,116.000,22.242000,2.886000,124.619774,3690,330,0,124,281,2206,11,0
14.300132,11.561000,116.000,22.242000,2.886000,124.620255,3690,330,0,124,281,2206,11,0
14.305047,4.915000,116.000,22.242000,2.886000,124.618214,3686,330,0,124,281,2206,11,0
14.317372,12.325000,116.000,22.242000,2.886000,124.617054,3683,330,0,121,245,2134,11,0
14.322938,5.566000,116.000,22.242000,2.886000,124.617535,3683,330,0,121,245,2134,11,0
14.327726,4.788000,116.000,22.242000,2.886000,124.586510,3683,330,0,121,245,2134,11,0
14.342881,15.155000,116.000,22.242000,2.886000,124.582615,3681,330,0,121,245,2134,11,0
14.350334,7.453000,116.000,22.242000,2.886000,124.579868,3675,330,0,122,245,2134,11,0
14.355193,4.859000,116.000,22.242000,2.886000,124.580349,3675,330,0,122,245,2134,11,0
14.367095,11.902000,116.000,22.242000,2.886000,124.580830,3675,330,0,122,245,2134,11,0
14.372416,5.321000,116.000,22.242000,2.886000,124.581341,3675,330,0,122,245,2134,11,0
14.383476,11.060000,116.000,22.242000,2.886000,124.581821,3675,330,0,121,245,2134,11,0
14.393241,9.765000,116.000,22.242000,2.886000,124.582981,3675,330,0,121,245,2134,11,1
14.396738,3.497000,116.000,22.242000,2.886000,124.579960,3669,330,0,122,245,2134,11,1
14.410176,13.438000,116.000,22.242000,2.886000,124.581470,3675,329,0,121,244,2132,11,0
14.413894,3.718000,116.000,22.242000,2.886000,124.578693,3670,329,0,122,243,2130,11,0
14.420841,6.947000,116.000,22.242000,2.886000,124.579174,3670,329,0,121,242,2128,11,0
14.433504,12.663000,116.000,22.242000,2.886000,124.569252,3666,325,0,119,241,2126,11,0
14.438473,4.969000,116.000,22.242000,2.886000,124.565369,3659,325,0,119,241,2126,11,0
14.450260,11.787000,116.000,22.242000,2.886000,124.565903,3659,325,0,116,239,2122,11,0
14.455035,4.775000,116.000,22.242000,2.886000,124.566277,3659,325,0,117,239,2122,11,0
14.462039,7.004000,116.000,22.242000,2.886000,124.566673,3659,325,0,116,238,2120,11,0
14.475958,13.919000,116.000,22.242000,2.886000,124.549980,3647,320,0,115,237,2118,11,0
14.483296,7.338000,116.000,22.242000,2.886000,124.565041,3639,320,0,131,258,2160,11,0
14.488061,4.765000,116.000,22.242000,2.886000,124.565536,3639,320,0,131,258,2160,11,0
14.500419,12.358000,116.000,22.242000,2.886000,124.566017,3639,320,0,131,258,2160,11,0
14.505099,4.680000,116.000,22.242000,2.886000,124.566483,3639,320,0,117,244,2132,11,0
14.512394,7.295000,116.000,22.242000,2.886000,124.560154,3639,320,0,117,244,2132,11,0
14.526224,13.830000,116.000,22.242000,2.886000,124.558994,3636,320,0,117,244,2132,11,0
14.533552,7.328000,116.000,22.242000,2.886000,124.559475,3636,320,0,117,244,2132,11,0
14.538176,4.624000,116.000,22.242000,2.886000,124.559956,3636,320,0,117,244,2132,11,0
14.550986,12.810000,116.000,22.242000,2.886000,124.560436,3636,320,0,117,244,2132,11,0
14.555804,4.818000,116.000,22.242000,2.886000,124.560947,3636,320,0,117,244,2132,11,0
14.563464,7.660000,116.000,22.242000,2.886000,124.561428,3636,320,0,117,244,2132,11,0
14.576334,12.870000,116.000,22.242000,2.886000,124.563553,3639,320,0,116,243,2130,11,0
14.583438,7.104000,116.000,22.242000,2.886000,124.564034,3639,320,0,116,243,2130,11,0
14.587661,4.223000,116.000,22.242000,2.886000,124.566227,3642,320,0,116,243,2130,11,0
14.601631,13.970000,116.000,22.242000,2.886000,124.566708,3642,320,0,116,243,2130,11,0
14.620070,18.439000,116.000,22.242000,2.886000,124.567169,3642,320,0,116,243,2130,11,0
14.634820,14.750000,116.000,22.242000,2.886000,124.567566,3642,320,0,116,243,2130,11,0
14.638121,3.301000,116.000,22.242000,2.886000,124.563591,3640,320,0,113,236,2116,11,0
14.650949,12.828000,116.000,22.242000,2.886000,124.564056,3640,320,0,113,236,2116,11,0
14.653917,2.968000,116.000,22.242000,2.886000,124.554779,3640,320,0,113,236,2116,11,0
14.667858,13.941000,116.000,22.242000,2.886000,124.555214,3640,320,0,113,236,2116,11,0
14.671019,3.161000,116.000,22.242000,2.886000,124.555695,3640,320,0,113,235,2114,11,0
14.685037,14.018000,116.000,22.242000,2.886000,124.546955,3638,317,0,113,235,2114,11,0
14.688380,3.343000,116.000,22.242000,2.886000,124.543743,3632,317,0,112,235,2114,11,0
14.702811,14.431000,116.000,22.242000,2.886000,124.544155,3632,317,0,112,235,2114,11,0
14.706194,3.383000,116.000,22.242000,2.886000,124.544636,3632,317,0,113,235,2114,11,0
14.712922,6.728000,116.000,22.242000,2.886000,124.561985,3645,321,0,113,235,2114,11,0
14.726369,13.447000,116.000,22.242000,2.886000,124.569145,3655,321,0,114,237,2118,11,0
14.733757,7.388000,116.000,22.242000,2.886000,124.569626,3655,321,0,114,237,2118,11,0
14.739527,5.770000,116.000,22.242000,2.886000,124.570145,3655,321,0,114,237,2118,11,0
14.744006,4.479000,116.000,22.242000,2.886000,124.570625,3655,321,0,114,237,2118,11,0
14.760750,16.744000,116.000,22.242000,2.886000,124.571106,3655,321,0,114,237,2118,11,0
14.764334,3.584000,116.000,22.242000,2.886000,124.571541,3655,321,0,115,237,2118,11,0
14.801541,37.207000,116.000,22.242000,2.886000,124.688366,3725,330,0,171,333,2310,11,0
14.805058,3.517000,116.000,22.242000,2.886000,124.689110,3731,330,0,165,323,2290,11,0
14.817297,12.239000,116.000,22.242000,2.886000,124.673962,3699,332,0,161,319,2282,11,0
14.820161,2.864000,116.000,22.242000,2.886000,124.673271,3696,332,0,162,320,2284,11,0
14.833723,13.562000,116.000,22.242000,2.886000,124.673748,3696,332,0,162,320,2284,11,0
14.836313,2.590000,116.000,22.242000,2.886000,124.674229,3696,332,0,162,320,2284,11,0
14.850360,14.047000,116.000,22.242000,2.886000,124.674709,3696,332,0,162,320,2284,11,0
14.852849,2.489000,116.000,22.242000,2.886000,124.675144,3696,332,0,162,320,2284,11,0
14.867208,14.359000,116.000,22.242000,2.886000,124.675625,3696,332,0,162,320,2284,11,0
14.869723,2.515000,116.000,22.242000,2.886000,124.676105,3696,332,0,162,320,2284,11,0
14.883611,13.888000,116.000,22.242000,2.886000,124.676586,3696,332,0,162,320,2284,11,0
14.891462,7.851000,116.000,22.242000,2.886000,124.677067,3696,332,0,162,320,2284,11,0
14.894233,2.771000,116.000,22.242000,2.886000,124.673405,3689,332,0,162,320,2284,11,0
14.908119,13.886000,116.000,22.242000,2.886000,124.673885,3689,332,0,160,284,2212,11,0
14.910708,2.589000,116.000,22.242000,2.886000,124.674366,3689,332,0,160,284,2212,11,0
14.924788,14.080000,116.000,22.242000,2.886000,124.674793,3689,332,0,160,284,2212,11,0
14.933429,8.641000,116.000,22.242000,2.886000,124.639400,3687,332,0,160,284,2212,11,0
14.935253,1.824000,116.000,22.242000,2.886000,124.639881,3687,332,0,160,284,2212,11,0
14.950290,15.037000,116.000,22.242000,2.886000,124.640347,3687,332,0,160,284,2212,11,0
14.952108,1.818000,116.000,22.242000,2.886000,124.640781,3687,332,0,160,284,2212,11,0
14.966957,14.849000,116.000,22.242000,2.886000,124.641319,3687,332,0,160,284,2212,11,0
14.968878,1.921000,116.000,22.242000,2.886000,124.641800,3687,332,0,158,284,2212,11,0
14.983686,14.808000,116.000,22.242000,2.886000,124.642059,3687,332,0,158,284,2212,11,0
14.985590,1.904000,116.000,22.242000,2.886000,124.639038,3681,332,0,160,284,2212,11,0
15.000414,14.824000,116.000,22.242000,2.886000,124.637848,3678,332,0,160,284,2212,11,0
15.002367,1.953000,116.000,22.242000,2.886000,124.638329,3678,332,0,158,283,2210,11,0
15.017448,15.081000,116.000,22.242000,2.886000,124.638779,3678,332,0,158,283,2210,11,0
15.019442,1.994000,116.000,22.242000,2.886000,124.639259,3678,332,0,157,281,2206,11,0
15.033866,14.424000,116.000,22.242000,2.886000,124.626026,3668,328,0,156,280,2204,11,0
15.035793,1.927000,116.000,22.242000,2.886000,124.622158,3661,328,0,155,280,2204,11,0
15.050326,14.533000,116.000,22.242000,2.886000,124.622639,3661,328,0,154,279,2202,11,0
15.052413,2.087000,116.000,22.242000,2.886000,124.623035,3661,328,0,153,277,2198,11,0
15.067241,14.828000,116.000,22.242000,2.886000,124.621662,3658,328,0,153,277,2198,11,0
15.069568,2.327000,116.000,22.242000,2.886000,124.608479,3652,323,0,151,276,2196,11,0
15.083986,14.418000,116.000,22.242000,2.886000,124.602566,3642,323,0,152,276,2196,11,0
15.087751,3.765000,111.000,36.467000,1.941000,124.621925,3644,323,0,164,293,2230,11,0
15.100146,12.395000,111.000,36.467000,1.941000,124.615582,3644,323,0,150,279,2202,11,0
15.102260,2.114000,111.000,36.467000,1.941000,124.616062,3644,323,0,150,279,2202,11,0
15.117456,15.196000,111.000,36.467000,1.941000,124.616497,3644,323,0,150,279,2202,11,0
15.120292,2.836000,111.000,36.467000,1.941000,124.616978,3644,323,0,150,279,2202,11,0
15.135194,14.902000,111.000,36.467000,1.941000,124.617489,3644,323,0,150,279,2202,11,0
15.138769,3.575000,111.000,36.467000,1.941000,124.617970,3644,323,0,150,279,2202,11,0
15.152049,13.280000,111.000,36.467000,1.941000,124.618420,3644,323,0,150,279,2202,11,0
15.155708,3.659000,111.000,36.467000,1.941000,124.618900,3644,323,0,150,279,2202,11,0
15.160413,4.705000,111.000,36.467000,1.941000,124.617741,3641,323,0,150,279,2202,11,0
15.175951,15.538000,111.000,36.467000,1.941000,124.618237,3641,323,0,150,279,2202,11,0
15.183770,7.819000,111.000,36.467000,1.941000,124.618717,3641,323,0,150,279,2202,11,0
15.189805,6.035000,111.000,36.467000,1.941000,124.619167,3641,323,0,150,279,2202,11,0
15.193980,4.175000,111.000,36.467000,1.941000,124.619648,3641,323,0,150,279,2202,11,0
15.209574,15.594000,111.000,36.467000,1.941000,124.620068,3641,323,0,150,279,2202,11,0
15.213531,3.957000,111.000,36.467000,1.941000,124.620548,3641,323,0,150,279,2202,11,0
15.227336,13.805000,111.000,36.467000,1.941000,124.621029,3641,323,0,150,279,2202,11,0
15.233927,6.591000,111.000,36.467000,1.941000,124.621456,3641,323,0,150,279,2202,11,0
15.239497,5.570000,111.000,36.467000,1.941000,124.490322,3589,283,0,148,272,2188,11,0
15.244228,4.731000,111.000,36.467000,1.941000,124.458637,3539,283,0,138,252,2148,11,0
15.259550,15.322000,111.000,36.467000,1.941000,124.459133,3539,283,0,138,252,2148,11,0
15.263817,4.267000,111.000,36.467000,1.941000,124.449810,3539,283,0,138,252,2148,11,0
15.276390,12.573000,111.000,36.467000,1.941000,124.451988,3542,283,0,138,252,2148,11,0
15.283665,7.275000,111.000,36.467000,1.941000,124.452423,3542,283,0,137,252,2148,11,0
15.288608,4.943000,111.000,36.467000,1.941000,124.452904,3542,283,0,137,252,2148,11,0
15.301383,12.775000,111.000,36.467000,1.941000,124.455044,3545,283,0,137,252,2148,11,0
15.304795,3.412000,111.000,36.467000,1.941000,124.455524,3545,283,0,138,252,2148,11,0
15.318166,13.371000,111.000,36.467000,1.941000,124.455982,3545,283,0,138,252,2148,11,0
15.321913,3.747000,111.000,36.467000,1.941000,124.456463,3545,283,0,137,252,2148,11,0
15.334664,12.751000,111.000,36.467000,1.941000,124.462963,3555,283,0,137,252,2148,11,0
15.338259,3.595000,111.000,36.467000,1.941000,124.463444,3555,283,0,138,252,2148,11,0
15.351272,13.013000,111.000,36.467000,1.941000,124.463909,3555,283,0,138,252,2148,11,0
15.354726,3.454000,111.000,36.467000,1.941000,124.464390,3555,283,0,137,252,2148,11,0
15.370178,15.452000,111.000,36.467000,1.941000,124.464870,3555,283,0,137,252,2148,11,0
15.373890,3.712000,111.000,36.467000,1.941000,124.465351,3555,283,0,137,252,2148,11,0
15.379121,5.231000,111.000,36.467000,1.941000,124.469109,3561,283,0,137,252,2148,11,0
15.403353,24.232000,111.000,36.467000,1.941000,124.550373,3608,292,0,161,302,2248,11,0
15.417994,14.641000,111.000,36.467000,1.941000,124.530132,3611,292,0,115,250,2144,11,0
15.423221,5.227000,111.000,36.467000,1.941000,124.542381,3611,292,0,131,271,2186,11,0
15.428247,5.026000,111.000,36.467000,1.941000,124.523529,3576,292,0,117,257,2158,11,0
15.442690,14.443000,111.000,36.467000,1.941000,124.517200,3576,292,0,117,257,2158,11,0
15.450368,7.678000,111.000,36.467000,1.941000,124.517635,3576,292,0,117,257,2158,11,0
15.455949,5.581000,111.000,36.467000,1.941000,124.518116,3576,292,0,117,257,2158,11,0
15.461165,5.216000,111.000,36.467000,1.941000,124.518597,3576,292,0,117,257,2158,11,0
15.476241,15.076000,111.000,36.467000,1.941000,124.520729,3579,292,0,117,257,2158,11,0
15.485321,9.080000,111.000,36.467000,1.941000,124.522125,3579,292,0,118,257,2158,11,1
15.488774,3.453000,111.000,36.467000,1.941000,124.522606,3579,292,0,118,257,2158,11,1
15.501058,12.284000,111.000,36.467000,1.941000,124.524334,3588,291,0,118,257,2158,11,0
15.504345,3.287000,111.000,36.467000,1.941000,124.521557,3583,291,0,118,257,2158,11,0
15.517916,13.571000,111.000,36.467000,1.941000,124.519535,3579,291,0,118,257,2158,11,0
15.521577,3.661000,111.000,36.467000,1.941000,124.518375,3576,291,0,116,231,2106,11,0
15.534394,12.817000,111.000,36.467000,1.941000,124.518803,3576,291,0,116,231,2106,11,0
15.537842,3.448000,111.000,36.467000,1.941000,124.495434,3574,291,0,116,231,2106,11,0
15.550954,13.112000,111.000,36.467000,1.941000,124.490524,3572,289,0,112,223,2090,11,0
15.554229,3.275000,111.000,36.467000,1.941000,124.488625,3568,289,0,113,223,2090,11,0
15.568174,13.945000,111.000,36.467000,1.941000,124.489105,3568,289,0,113,223,2090,11,0
15.571142,2.968000,111.000,36.467000,1.941000,124.479622,3568,289,0,113,223,2090,11,0
15.584687,13.545000,111.000,36.467000,1.941000,124.480171,3568,289,0,112,223,2090,11,0
15.587935,3.248000,111.000,36.467000,1.941000,124.480652,3568,289,0,111,223,2090,11,0
15.602035,14.100000,111.000,36.467000,1.941000,124.497269,3581,293,0,111,223,2090,11,0
15.605666,3.631000,111.000,36.467000,1.941000,124.494671,3575,293,0,112,225,2094,11,0
15.618404,12.738000,111.000,36.467000,1.941000,124.495090,3575,293,0,111,224,2092,11,0
15.622258,3.854000,111.000,36.467000,1.941000,124.493931,3572,293,0,111,222,2088,11,0
15.634646,12.388000,111.000,36.467000,1.941000,124.496059,3575,293,0,111,222,2088,11,0
15.638277,3.631000,111.000,36.467000,1.941000,124.486191,3571,289,0,109,221,2086,11,0
15.651400,13.123000,111.000,36.467000,1.941000,124.482254,3564,289,0,109,221,2086,11,0
15.654764,3.364000,111.000,36.467000,1.941000,124.482666,3564,289,0,107,218,2080,11,0
15.668121,13.357000,111.000,36.467000,1.941000,124.483162,3564,289,0,107,218,2080,11,0
15.672012,3.891000,111.000,36.467000,1.941000,124.483612,3564,289,0,105,217,2078,11,0
15.684822,12.810000,111.000,36.467000,1.941000,124.468483,3555,284,0,104,216,2076,11,0
15.688174,3.352000,111.000,36.467000,1.941000,124.462700,3545,284,0,105,216,2076,11,0
15.695462,7.288000,111.000,36.467000,1.941000,124.482441,3544,284,0,121,237,2118,11,0
15.708415,12.953000,111.000,36.467000,1.941000,124.482922,3544,284,0,111,227,2098,11,0
15.712963,4.548000,111.000,36.467000,1.941000,124.478523,3544,284,0,111,227,2098,11,0
15.725212,12.249000,111.000,36.467000,1.941000,124.479004,3544,284,0,111,227,2098,11,0
15.734733,9.521000,111.000,36.467000,1.941000,124.476204,3538,284,0,111,227,2098,11,0
15.737971,3.238000,111.000,36.467000,1.941000,124.476685,3538,284,0,111,227,2098,11,0
15.751034,13.063000,111.000,36.467000,1.941000,124.477165,3538,284,0,111,227,2098,11,0
15.754473,3.439000,111.000,36.467000,1.941000,124.467255,3533,281,0,110,226,2096,11,0
15.768148,13.675000,111.000,36.467000,1.941000,124.464012,3527,281,0,110,226,2096,11,0
15.771699,3.551000,111.000,36.467000,1.941000,124.464493,3527,281,0,110,226,2096,11,0
15.784324,12.625000,111.000,36.467000,1.941000,124.464958,3527,281,0,110,226,2096,11,0
15.787665,3.341000,111.000,36.467000,1.941000,124.465439,3527,281,0,110,226,2096,11,0
15.801497,13.832000,111.000,36.467000,1.941000,124.482494,3537,285,0,110,226,2096,11,0
15.805112,3.615000,111.000,36.467000,1.941000,124.483715,3537,285,0,112,228,2100,11,0
15.812865,7.753000,111.000,36.467000,1.941000,124.484207,3537,285,0,112,228,2100,11,0
15.825363,12.498000,111.000,36.467000,1.941000,124.484688,3537,285,0,112,228,2100,11,0
15.834527,9.164000,111.000,36.467000,1.941000,124.485085,3537,285,0,112,228,2100,11,0
15.837973,3.446000,111.000,36.467000,1.941000,124.481155,3535,285,0,110,221,2086,11,0
15.851567,13.594000,111.000,36.467000,1.941000,124.481651,3535,285,0,110,221,2086,11,0
15.855201,3.634000,111.000,36.467000,1.941000,124.482132,3535,285,0,110,221,2086,11,0
15.868152,12.951000,111.000,36.467000,1.941000,124.471321,3532,285,0,110,221,2086,11,0
15.871701,3.549000,111.000,36.467000,1.941000,124.471802,3532,285,0,108,221,2086,11,0
15.885213,13.512000,111.000,36.467000,1.941000,124.472252,3532,285,0,108,221,2086,11,0
15.892035,6.822000,111.000,36.467000,1.941000,124.472733,3532,285,0,109,221,2086,11,0
15.896806,4.771000,111.000,36.467000,1.941000,124.473213,3532,285,0,109,221,2086,11,0
15.908517,11.711000,111.000,36.467000,1.941000,124.473694,3532,285,0,108,221,2086,11,0
15.913196,4.679000,111.000,36.467000,1.941000,124.474159,3532,285,0,108,221,2086,11,0
15.925314,12.118000,111.000,36.467000,1.941000,124.474693,3532,285,0,110,221,2086,11,0
15.934705,9.391000,111.000,36.467000,1.941000,124.481194,3542,285,0,110,221,2086,11,0
15.938244,3.539000,111.000,36.467000,1.941000,124.481674,3542,285,0,109,221,2086,11,0
15.951376,13.132000,111.000,36.467000,1.941000,124.482170,3542,285,0,109,221,2086,11,0
15.954559,3.183000,111.000,36.467000,1.941000,124.482651,3542,285,0,110,221,2086,11,0
15.968403,13.844000,111.000,36.467000,1.941000,124.484718,3545,285,0,110,221,2086,11,0
15.972041,3.638000,111.000,36.467000,1.941000,124.485199,3545,285,0,110,221,2086,11,0
15.984746,12.705000,111.000,36.467000,1.941000,124.487366,3548,285,0,110,221,2086,11,0
16.020649,35.903000,111.000,36.467000,1.941000,124.600796,3615,294,0,162,315,2274,11,0
16.033325,12.676000,111.000,36.467000,1.941000,124.594467,3615,294,0,148,299,2242,11,0
16.037426,4.101000,111.000,36.467000,1.941000,124.601604,3615,294,0,162,313,2270,11,0
16.049855,12.429000,111.000,36.467000,1.941000,124.582752,3580,294,0,148,299,2242,11,0
16.053000,3.145000,111.000,36.467000,1.941000,124.576424,3580,294,0,148,299,2242,11,0
16.067021,14.021000,111.000,36.467000,1.941000,124.576824,3580,294,0,148,299,2242,11,0
16.071965,4.944000,111.000,36.467000,1.941000,124.577305,3580,294,0,148,299,2242,11,0
16.083668,11.703000,111.000,36.467000,1.941000,124.577785,3580,294,0,148,299,2242,11,0
16.088586,4.918000,114.000,35.300000,2.494000,124.579918,3583,294,0,148,299,2242,11,0
16.100090,11.504000,114.000,35.300000,2.494000,124.580399,3583,294,0,148,299,2242,11,0
16.104498,4.408000,114.000,35.300000,2.494000,124.580833,3583,294,0,148,299,2242,11,0
16.118607,14.109000,114.000,35.300000,2.494000,124.582966,3586,294,0,148,299,2242,11,0
16.122930,4.323000,114.000,35.300000,2.494000,124.583447,3586,294,0,148,299,2242,11,0
16.130053,7.123000,114.000,35.300000,2.494000,124.583881,3586,294,0,148,299,2242,11,0
16.141653,11.600000,114.000,35.300000,2.494000,124.581806,3582,294,0,148,299,2242,11,0
16.151279,9.626000,114.000,35.300000,2.494000,124.577686,3580,294,0,146,263,2170,11,0
16.155088,3.809000,114.000,35.300000,2.494000,124.578167,3580,294,0,146,263,2170,11,0
16.164684,9.596000,114.000,35.300000,2.494000,124.578648,3580,294,0,146,263,2170,11,0
16.168926,4.242000,114.000,35.300000,2.494000,124.547676,3580,294,0,146,263,2170,11,0
16.183956,15.030000,114.000,35.300000,2.494000,124.549820,3583,294,0,146,263,2170,11,0
16.186398,2.442000,114.000,35.300000,2.494000,124.550301,3583,294,0,147,263,2170,11,0
16.201503,15.105000,114.000,35.300000,2.494000,124.552700,3586,294,0,147,263,2170,11,0
16.205553,4.050000,114.000,35.300000,2.494000,124.547565,3577,294,0,144,263,2170,11,0
16.213152,7.599000,114.000,35.300000,2.494000,124.549686,3580,294,0,144,263,2170,11,0
16.225096,11.944000,114.000,35.300000,2.494000,124.549961,3580,294,0,146,263,2170,11,0
16.235040,9.944000,114.000,35.300000,2.494000,124.545300,3571,294,0,146,263,2170,11,0
16.238693,3.653000,114.000,35.300000,2.494000,124.545734,3571,294,0,143,262,2168,11,0
16.250694,12.001000,114.000,35.300000,2.494000,124.728729,3691,342,0,143,262,2168,11,0
16.252869,2.175000,114.000,35.300000,2.494000,124.737953,3691,342,0,155,284,2212,11,0
16.267328,14.459000,114.000,35.300000,2.494000,124.738430,3691,342,0,154,283,2210,11,0
16.269918,2.590000,114.000,35.300000,2.494000,124.728508,3687,338,0,154,283,2210,11,0
16.283836,13.918000,114.000,35.300000,2.494000,124.724579,3680,338,0,154,283,2210,11,0
16.286142,2.306000,114.000,35.300000,2.494000,124.725060,3680,338,0,152,281,2206,11,0
16.300221,14.079000,114.000,35.300000,2.494000,124.725456,3680,338,0,151,280,2204,11,0
16.302339,2.118000,114.000,35.300000,2.494000,124.710403,3671,333,0,149,279,2202,11,0
16.317574,15.235000,114.000,35.300000,2.494000,124.704521,3661,333,0,150,279,2202,11,0
16.321485,3.911000,114.000,35.300000,2.494000,124.714897,3660,333,0,158,288,2220,11,0
16.333947,12.462000,114.000,35.300000,2.494000,124.715408,3660,333,0,158,288,2220,11,0
16.336645,2.698000,114.000,35.300000,2.494000,124.709080,3660,333,0,144,274,2192,11,0
16.351634,14.989000,114.000,35.300000,2.494000,124.709564,3660,333,0,144,274,2192,11,0
16.355314,3.680000,114.000,35.300000,2.494000,124.710045,3660,333,0,144,274,2192,11,0
16.368982,13.668000,114.000,35.300000,2.494000,124.710506,3660,333,0,144,274,2192,11,0
16.372740,3.758000,114.000,35.300000,2.494000,124.710987,3660,333,0,144,274,2192,11,0
16.384794,12.054000,114.000,35.300000,2.494000,124.711437,3660,333,0,144,274,2192,11,0
16.388525,3.731000,114.000,35.300000,2.494000,124.719650,3670,334,0,144,274,2192,11,0
16.400651,12.126000,114.000,35.300000,2.494000,124.718246,3667,334,0,145,275,2194,11,0
16.403129,2.478000,114.000,35.300000,2.494000,124.718727,3667,334,0,144,275,2194,11,0
16.417021,13.892000,114.000,35.300000,2.494000,124.717537,3664,334,0,144,275,2194,11,0
16.419535,2.514000,114.000,35.300000,2.494000,124.718018,3664,334,0,144,275,2194,11,0
16.433897,14.362000,114.000,35.300000,2.494000,124.718513,3664,334,0,144,275,2194,11,0
16.436172,2.275000,114.000,35.300000,2.494000,124.718994,3664,334,0,144,275,2194,11,0
16.450265,14.093000,114.000,35.300000,2.494000,124.716232,3658,334,0,144,275,2194,11,0
16.452311,2.046000,114.000,35.300000,2.494000,124.716713,3658,334,0,144,275,2194,11,0
16.467310,14.999000,114.000,35.300000,2.494000,124.718815,3661,334,0,143,272,2188,11,0
16.469777,2.467000,114.000,35.300000,2.494000,124.714840,3659,334,0,144,272,2188,11,0
16.483943,14.166000,114.000,35.300000,2.494000,124.715317,3659,334,0,144,272,2188,11,0
16.486267,2.324000,114.000,35.300000,2.494000,124.710659,3659,334,0,141,270,2184,11,0
16.500442,14.175000,114.000,35.300000,2.494000,124.711090,3659,334,0,141,270,2184,11,0
16.502524,2.082000,114.000,35.300000,2.494000,124.711571,3659,334,0,140,270,2184,11,0
16.517311,14.787000,114.000,35.300000,2.494000,124.712112,3659,334,0,140,270,2184,11,0
16.519738,2.427000,114.000,35.300000,2.494000,124.712593,3659,334,0,139,270,2184,11,0
16.534126,14.388000,114.000,35.300000,2.494000,124.713013,3659,334,0,139,270,2184,11,0
16.536677,2.551000,114.000,35.300000,2.494000,124.713493,3659,334,0,140,270,2184,11,0
16.551161,14.484000,114.000,35.300000,2.494000,124.714058,3659,334,0,140,270,2184,11,0
16.554718,3.557000,114.000,35.300000,2.494000,124.720543,3669,334,0,141,270,2184,11,0
16.568268,13.550000,114.000,35.300000,2.494000,124.721008,3669,334,0,141,270,2184,11,0
16.571886,3.618000,114.000,35.300000,2.494000,124.721489,3669,334,0,139,269,2182,11,0
16.584896,13.010000,114.000,35.300000,2.494000,124.720345,3666,334,0,139,269,2182,11,0
16.588303,3.407000,114.000,35.300000,2.494000,124.720825,3666,334,0,140,269,2182,11,0
16.601120,12.817000,114.000,35.300000,2.494000,124.722237,3666,334,0,140,269,2182,11,1
16.604365,3.245000,114.000,35.300000,2.494000,124.722672,3666,334,0,140,269,2182,11,1
16.636476,32.111000,114.000,35.300000,2.494000,124.843460,3741,343,0,174,341,2326,11,0
16.650266,13.790000,114.000,35.300000,2.494000,124.827732,3736,343,0,149,307,2258,11,0
16.652695,2.429000,114.000,35.300000,2.494000,124.808880,3701,343,0,149,307,2258,11,0
16.667385,14.690000,114.000,35.300000,2.494000,124.802551,3701,343,0,135,293,2230,11,0
16.670180,2.795000,114.000,35.300000,2.494000,124.803032,3701,343,0,135,293,2230,11,0
16.683782,13.602000,114.000,35.300000,2.494000,124.803467,3701,343,0,135,293,2230,11,0
16.686554,2.772000,114.000,35.300000,2.494000,124.803947,3701,343,0,135,293,2230,11,0
16.700165,13.611000,114.000,35.300000,2.494000,124.806080,3704,343,0,135,293,2230,11,0
16.702389,2.224000,114.000,35.300000,2.494000,124.804920,3701,343,0,136,293,2230,11,0
16.717552,15.163000,114.000,35.300000,2.494000,124.807053,3704,343,0,136,293,2230,11,0
16.720493,2.941000,114.000,35.300000,2.494000,124.807533,3704,343,0,136,293,2230,11,0
16.734503,14.010000,114.000,35.300000,2.494000,124.808014,3704,343,0,136,293,2230,11,0
16.738875,4.372000,114.000,35.300000,2.494000,124.808495,3704,343,0,136,293,2230,11,0
16.750220,11.345000,114.000,35.300000,2.494000,124.808975,3704,343,0,136,293,2230,11,0
16.754640,4.420000,114.000,35.300000,2.494000,124.806908,3700,343,0,135,292,2228,11,0
16.767019,12.379000,114.000,35.300000,2.494000,124.807289,3700,343,0,133,256,2156,11,0
16.772218,5.199000,114.000,35.300000,2.494000,124.800171,3693,343,0,133,256,2156,11,0
16.783490,11.272000,114.000,35.300000,2.494000,124.769199,3693,343,0,132,255,2154,11,0
16.788455,4.965000,114.000,35.300000,2.494000,124.771290,3696,343,0,132,255,2154,11,0
16.800310,11.855000,114.000,35.300000,2.494000,124.771770,3696,343,0,132,255,2154,11,0
16.805239,4.929000,114.000,35.300000,2.494000,124.772213,3696,343,0,132,255,2154,11,0
16.818465,13.226000,114.000,35.300000,2.494000,124.772694,3696,343,0,131,255,2154,11,0
16.823731,5.266000,114.000,35.300000,2.494000,124.774792,3699,343,0,131,255,2154,11,0
16.828112,4.381000,114.000,35.300000,2.494000,124.775066,3699,343,0,132,255,2154,11,0
16.843178,15.066000,114.000,35.300000,2.494000,124.772053,3693,343,0,132,255,2154,11,0
16.851354,8.176000,114.000,35.300000,2.494000,124.772503,3693,343,0,130,254,2152,11,0
16.855037,3.683000,114.000,35.300000,2.494000,124.772984,3693,343,0,131,254,2152,11,0
16.868106,13.069000,114.000,35.300000,2.494000,124.773525,3693,343,0,129,252,2148,11,0
16.871905,3.799000,114.000,35.300000,2.494000,124.774006,3693,343,0,128,252,2148,11,0
16.879039,7.134000,114.000,35.300000,2.494000,124.755203,3687,336,0,126,250,2144,11,0
16.891866,12.827000,114.000,35.300000,2.494000,124.747643,3674,336,0,127,250,2144,11,0
16.896491,4.625000,114.000,35.300000,2.494000,124.748131,3674,336,0,125,248,2140,11,0
16.908354,11.863000,114.000,35.300000,2.494000,124.748528,3674,336,0,124,247,2138,11,0
16.913431,5.077000,114.000,35.300000,2.494000,124.765568,3687,340,0,123,246,2136,11,0
16.925065,11.634000,114.000,35.300000,2.494000,124.751431,3678,335,0,124,248,2140,11,0
16.934515,9.450000,114.000,35.300000,2.494000,124.745564,3668,335,0,124,248,2140,11,0
16.939728,5.213000,114.000,35.300000,2.494000,124.765392,3667,335,0,140,269,2182,11,0
16.944238,4.510000,114.000,35.300000,2.494000,124.762939,3667,335,0,134,263,2170,11,0
16.958399,14.161000,114.000,35.300000,2.494000,124.763420,3667,335,0,134,263,2170,11,0
16.962792,4.393000,114.000,35.300000,2.494000,124.763901,3667,335,0,134,263,2170,11,0
16.975058,12.266000,114.000,35.300000,2.494000,124.764381,3667,335,0,134,263,2170,11,0
16.984202,9.144000,114.000,35.300000,2.494000,124.764877,3667,335,0,134,263,2170,11,0
16.987358,3.156000,114.000,35.300000,2.494000,124.765358,3667,335,0,134,263,2170,11,0
17.001089,13.731000,114.000,35.300000,2.494000,124.765808,3667,335,0,134,263,2170,11,0
17.004379,3.290000,114.000,35.300000,2.494000,124.766289,3667,335,0,134,263,2170,11,0
17.017732,13.353000,114.000,35.300000,2.494000,124.765751,3664,335,0,134,263,2170,11,1
17.020888,3.156000,114.000,35.300000,2.494000,124.766232,3664,335,0,134,263,2170,11,1
17.034480,13.592000,114.000,35.300000,2.494000,124.767281,3664,335,0,134,263,2170,11,2
17.037660,3.180000,114.000,35.300000,2.494000,124.767715,3664,335,0,134,263,2170,11,2
17.051643,13.983000,114.000,35.300000,2.494000,124.770447,3667,335,0,134,263,2170,11,2
17.054928,3.285000,114.000,35.300000,2.494000,124.769287,3664,335,0,134,263,2170,11,2
17.069041,14.113000,114.000,35.300000,2.494000,124.770920,3676,333,0,134,263,2170,11,0
17.073528,4.487000,114.000,35.300000,2.494000,124.764931,3666,333,0,136,263,2170,11,0
17.095738,22.210000,114.000,35.300000,2.494000,124.760963,3664,333,0,134,256,2156,11,0
17.100059,4.321000,117.000,31.306000,1.963000,124.761444,3664,333,0,134,256,2156,11,0
17.102217,2.158000,117.000,31.306000,1.963000,124.752167,3664,333,0,134,256,2156,11,0
17.118194,15.977000,117.000,31.306000,1.963000,124.750996,3661,333,0,134,256,2156,11,0
17.121697,3.503000,117.000,31.306000,1.963000,124.751476,3661,333,0,132,256,2156,11,0
17.134838,13.141000,117.000,31.306000,1.963000,124.751987,3661,333,0,132,256,2156,11,0
17.138115,3.277000,117.000,31.306000,1.963000,124.752468,3661,333,0,132,256,2156,11,0
17.151071,12.956000,117.000,31.306000,1.963000,124.749653,3655,333,0,132,256,2156,11,0
17.154682,3.611000,117.000,31.306000,1.963000,124.750134,3655,333,0,132,256,2156,11,0
17.168728,14.046000,117.000,31.306000,1.963000,124.756649,3665,333,0,132,256,2156,11,0
17.172286,3.558000,117.000,31.306000,1.963000,124.757130,3665,333,0,132,256,2156,11,0
17.178981,6.695000,117.000,31.306000,1.963000,124.757580,3665,333,0,132,256,2156,11,0
17.191578,12.597000,117.000,31.306000,1.963000,124.758060,3665,333,0,133,256,2156,11,0
17.201238,9.660000,117.000,31.306000,1.963000,124.758526,3665,333,0,133,256,2156,11,0
17.204633,3.395000,117.000,31.306000,1.963000,124.759007,3665,333,0,133,256,2156,11,0
17.218053,13.420000,117.000,31.306000,1.963000,124.759518,3665,333,0,133,256,2156,11,0
17.249466,31.413000,117.000,31.306000,1.963000,124.867851,3732,342,0,174,334,2312,11,0
17.252451,2.985000,117.000,31.306000,1.963000,124.859577,3732,342,0,156,312,2268,11,0
17.266738,14.287000,117.000,31.306000,1.963000,124.844963,3717,342,0,142,298,2240,11,0
17.270288,3.550000,117.000,31.306000,1.963000,124.845444,3717,342,0,142,298,2240,11,0
17.283619,13.331000,117.000,31.306000,1.963000,124.844284,3714,342,0,142,298,2240,11,0
17.286306,2.687000,117.000,31.306000,1.963000,124.844765,3714,342,0,142,298,2240,11,0
17.300205,13.899000,117.000,31.306000,1.963000,124.845245,3714,342,0,142,298,2240,11,0
17.302776,2.571000,117.000,31.306000,1.963000,124.845726,3714,342,0,142,298,2240,11,0
17.316725,13.949000,117.000,31.306000,1.963000,124.846207,3714,342,0,140,296,2236,11,0
17.321478,4.753000,117.000,31.306000,1.963000,124.825745,3704,336,0,140,296,2236,11,0
17.333721,12.243000,117.000,31.306000,1.963000,124.818840,3692,336,0,140,296,2236,11,0
17.338684,4.963000,117.000,31.306000,1.963000,124.819321,3692,336,0,140,296,2236,11,0
17.350368,11.684000,117.000,31.306000,1.963000,124.817299,3688,336,0,140,296,2236,11,0
17.355311,4.943000,117.000,31.306000,1.963000,124.817780,3688,336,0,138,260,2164,11,0
17.361289,5.978000,117.000,31.306000,1.963000,124.818260,3688,336,0,138,260,2164,11,0
17.376332,15.043000,117.000,31.306000,1.963000,124.820408,3691,336,0,138,260,2164,11,0
17.383646,7.314000,117.000,31.306000,1.963000,124.784973,3689,336,0,138,260,2164,11,0
17.388752,5.106000,117.000,31.306000,1.963000,124.787159,3692,336,0,138,260,2164,11,0
17.400312,11.560000,117.000,31.306000,1.963000,124.787640,3692,336,0,138,260,2164,11,0
17.405448,5.136000,117.000,31.306000,1.963000,124.788036,3692,336,0,138,260,2164,11,0
17.411335,5.887000,117.000,31.306000,1.963000,124.788517,3692,336,0,138,260,2164,11,0
17.426376,15.041000,117.000,31.306000,1.963000,124.789059,3692,336,0,138,260,2164,11,0
17.434799,8.423000,117.000,31.306000,1.963000,124.789333,3692,336,0,138,260,2164,11,0
17.440288,5.489000,117.000,31.306000,1.963000,124.786251,3686,336,0,138,260,2164,11,0
17.444253,3.965000,117.000,31.306000,1.963000,124.786732,3686,336,0,137,259,2162,11,0
17.460245,15.992000,117.000,31.306000,1.963000,124.787243,3686,336,0,137,259,2162,11,0
17.463979,3.734000,117.000,31.306000,1.963000,124.787724,3686,336,0,135,257,2158,11,0
17.475937,11.958000,117.000,31.306000,1.963000,124.789944,3689,336,0,135,257,2158,11,0
17.483592,7.655000,117.000,31.306000,1.963000,124.780022,3685,332,0,134,256,2156,11,0
17.488228,4.636000,117.000,31.306000,1.963000,124.776115,3678,332,0,134,256,2156,11,0
17.500222,11.994000,117.000,31.306000,1.963000,124.776596,3678,332,0,132,254,2152,11,0
17.504909,4.687000,117.000,31.306000,1.963000,124.778595,3681,332,0,131,253,2150,11,0
17.517875,12.966000,117.000,31.306000,1.963000,124.777206,3678,332,0,130,252,2148,11,0
17.522982,5.107000,117.000,31.306000,1.963000,124.764000,3672,327,0,130,252,2148,11,0
17.527628,4.646000,117.000,31.306000,1.963000,124.758163,3662,327,0,130,252,2148,11,0
17.542872,15.244000,117.000,31.306000,1.963000,124.780998,3667,327,0,146,273,2190,11,0
17.550139,7.267000,117.000,31.306000,1.963000,124.781479,3667,327,0,146,273,2190,11,0
17.554737,4.598000,117.000,31.306000,1.963000,124.775116,3667,327,0,132,259,2162,11,0
17.566952,12.215000,117.000,31.306000,1.963000,124.775597,3667,327,0,132,259,2162,11,0
17.571961,5.009000,117.000,31.306000,1.963000,124.777740,3670,327,0,132,259,2162,11,0
17.584431,12.470000,117.000,31.306000,1.963000,124.778221,3670,327,0,132,259,2162,11,0
17.589473,5.042000,117.000,31.306000,1.963000,124.778687,3670,327,0,132,259,2162,11,0
17.593824,4.351000,117.000,31.306000,1.963000,124.779167,3670,327,0,132,259,2162,11,0
17.609829,16.005000,117.000,31.306000,1.963000,124.781384,3673,327,0,132,259,2162,11,0
17.613598,3.769000,117.000,31.306000,1.963000,124.781864,3673,327,0,132,259,2162,11,0
17.626569,12.971000,117.000,31.306000,1.963000,124.780621,3670,327,0,132,259,2162,11,0
17.633495,6.926000,117.000,31.306000,1.963000,124.781101,3670,327,0,132,259,2162,11,0
17.638669,5.174000,117.000,31.306000,1.963000,124.781643,3670,327,0,132,259,2162,11,0
17.649840,11.171000,117.000,31.306000,1.963000,124.782124,3670,327,0,132,259,2162,11,0
17.652377,2.537000,117.000,31.306000,1.963000,124.782558,3670,327,0,132,259,2162,11,0
17.666459,14.082000,117.000,31.306000,1.963000,124.783039,3670,327,0,132,259,2162,11,0
17.669220,2.761000,117.000,31.306000,1.963000,124.783504,3670,327,0,132,259,2162,11,0
17.683031,13.811000,117.000,31.306000,1.963000,124.783886,3670,327,0,130,252,2148,11,0
17.685359,2.328000,117.000,31.306000,1.963000,124.780888,3668,327,0,130,252,2148,11,1
17.699890,14.531000,117.000,31.306000,1.963000,124.781368,3668,327,0,130,252,2148,11,1
17.702229,2.339000,117.000,31.306000,1.963000,124.771038,3671,326,0,130,252,2148,11,0
17.716506,14.277000,117.000,31.306000,1.963000,124.768261,3666,326,0,131,252,2148,11,0
17.718686,2.180000,117.000,31.306000,1.963000,124.768757,3666,326,0,131,252,2148,11,0
17.733139,14.453000,117.000,31.306000,1.963000,124.769238,3666,326,0,131,252,2148,11,0
17.735282,2.143000,117.000,31.306000,1.963000,124.769737,3666,326,0,131,252,2148,11,0
17.749952,14.670000,117.000,31.306000,1.963000,124.770218,3666,326,0,131,252,2148,11,0
17.752274,2.322000,117.000,31.306000,1.963000,124.770695,3666,326,0,131,252,2148,11,0
17.766489,14.215000,117.000,31.306000,1.963000,124.777180,3676,326,0,131,252,2148,11,0
17.768759,2.270000,117.000,31.306000,1.963000,124.775974,3673,326,0,131,252,2148,11,0
17.783138,14.379000,117.000,31.306000,1.963000,124.776455,3673,326,0,131,252,2148,11,0
17.785396,2.258000,117.000,31.306000,1.963000,124.776966,3673,326,0,131,252,2148,11,0
17.799796,14.400000,117.000,31.306000,1.963000,124.777447,3673,326,0,131,252,2148,11,0
17.801974,2.178000,117.000,31.306000,1.963000,124.776287,3670,326,0,131,252,2148,11,0
17.815889,13.915000,117.000,31.306000,1.963000,124.884853,3737,335,0,173,332,2308,11,0
17.818401,2.512000,117.000,31.306000,1.963000,124.872036,3732,330,0,172,331,2306,11,0
17.833022,14.621000,117.000,31.306000,1.963000,124.866970,3722,330,0,140,295,2234,11,0
17.835224,2.202000,117.000,31.306000,1.963000,124.848606,3716,330,0,140,295,2234,11,0
17.849808,14.584000,117.000,31.306000,1.963000,124.855743,3716,330,0,154,309,2262,11,0
17.852174,2.366000,117.000,31.306000,1.963000,124.833973,3681,330,0,148,303,2250,11,0
17.866345,14.171000,117.000,31.306000,1.963000,124.834454,3681,330,0,147,302,2248,11,0
17.868527,2.182000,117.000,31.306000,1.963000,124.834934,3681,330,0,147,302,2248,11,0
17.882998,14.471000,117.000,31.306000,1.963000,124.835415,3681,330,0,147,302,2248,11,0
17.885054,2.056000,117.000,31.306000,1.963000,124.835896,3681,330,0,147,302,2248,11,0
17.899808,14.754000,117.000,31.306000,1.963000,124.836376,3681,330,0,147,302,2248,11,0
17.902185,2.377000,117.000,31.306000,1.963000,124.836857,3681,330,0,147,302,2248,11,0
17.916385,14.200000,117.000,31.306000,1.963000,124.837337,3681,330,0,147,302,2248,11,0
17.918684,2.299000,117.000,31.306000,1.963000,124.857307,3700,334,0,147,302,2248,11,0
17.933164,14.480000,117.000,31.306000,1.963000,124.858212,3700,334,0,149,304,2252,11,0
17.935604,2.440000,117.000,31.306000,1.963000,124.858627,3700,334,0,149,304,2252,11,0
17.949803,14.199000,117.000,31.306000,1.963000,124.859108,3700,334,0,149,304,2252,11,0
17.952055,2.252000,117.000,31.306000,1.963000,124.857033,3696,334,0,147,268,2180,11,0
17.966465,14.410000,117.000,31.306000,1.963000,124.841072,3686,331,0,146,267,2178,11,0
17.968711,2.246000,117.000,31.306000,1.963000,124.806362,3680,331,0,146,267,2178,11,0
17.983068,14.357000,117.000,31.306000,1.963000,124.806843,3680,331,0,146,267,2178,11,0
17.985283,2.215000,117.000,31.306000,1.963000,124.807323,3680,331,0,146,267,2178,11,0
17.999842,14.559000,117.000,31.306000,1.963000,124.807804,3680,331,0,146,267,2178,11,0
18.002362,2.520000,117.000,31.306000,1.963000,124.823467,3690,335,0,146,267,2178,11,0
18.016428,14.066000,117.000,31.306000,1.963000,124.824635,3690,335,0,147,269,2182,11,0
18.018722,2.294000,117.000,31.306000,1.963000,124.825142,3690,335,0,147,269,2182,11,0
18.032992,14.270000,117.000,31.306000,1.963000,124.825470,3690,335,0,146,269,2182,11,0
18.034988,1.996000,117.000,31.306000,1.963000,124.822433,3684,335,0,146,269,2182,11,0
18.049822,14.834000,117.000,31.306000,1.963000,124.822914,3684,335,0,146,268,2180,11,0
18.051999,2.177000,117.000,31.306000,1.963000,124.823425,3684,335,0,145,267,2178,11,0
18.066633,14.634000,117.000,31.306000,1.963000,124.823906,3684,335,0,144,266,2176,11,0
18.068810,2.177000,117.000,31.306000,1.963000,124.815598,3683,331,0,143,265,2174,11,0
18.083039,14.229000,117.000,31.306000,1.963000,124.811684,3676,331,0,143,265,2174,11,0
18.085584,2.545000,116.000,30.861000,1.482000,124.813778,3679,331,0,141,263,2170,11,0
18.099736,14.152000,116.000,30.861000,1.482000,124.814259,3679,331,0,141,263,2170,11,0
18.101841,2.105000,116.000,30.861000,1.482000,124.814663,3679,331,0,140,262,2168,11,0
18.116633,14.792000,116.000,30.861000,1.482000,124.799610,3670,326,0,138,261,2166,11,0
18.119216,2.583000,116.000,30.861000,1.482000,124.793781,3660,326,0,138,261,2166,11,0
18.133155,13.939000,116.000,30.861000,1.482000,124.794262,3660,326,0,139,261,2166,11,0
18.136715,3.560000,116.000,30.861000,1.482000,124.815613,3662,326,0,155,282,2208,11,0
18.149761,13.046000,116.000,30.861000,1.482000,124.816093,3662,326,0,155,282,2208,11,0
18.152162,2.401000,116.000,30.861000,1.482000,124.809765,3662,326,0,141,268,2180,11,0
18.166635,14.473000,116.000,30.861000,1.482000,124.810246,3662,326,0,141,268,2180,11,0
18.169118,2.483000,116.000,30.861000,1.482000,124.812412,3665,326,0,141,268,2180,11,0
18.183559,14.441000,116.000,30.861000,1.482000,124.812893,3665,326,0,141,268,2180,11,0
18.186309,2.750000,116.000,30.861000,1.482000,124.813374,3665,326,0,141,268,2180,11,0
18.199760,13.451000,116.000,30.861000,1.482000,124.813854,3665,326,0,141,268,2180,11,0
18.202285,2.525000,116.000,30.861000,1.482000,124.815937,3668,326,0,141,268,2180,11,0
18.216594,14.309000,116.000,30.861000,1.482000,124.816418,3668,326,0,141,268,2180,11,0
18.219268,2.674000,116.000,30.861000,1.482000,124.816891,3668,326,0,141,268,2180,11,0
18.233280,14.012000,116.000,30.861000,1.482000,124.817371,3668,326,0,141,268,2180,11,0
18.236133,2.853000,116.000,30.861000,1.482000,124.817860,3668,326,0,141,268,2180,11,0
18.249803,13.670000,116.000,30.861000,1.482000,124.818340,3668,326,0,141,268,2180,11,0
18.252366,2.563000,116.000,30.861000,1.482000,124.818821,3668,326,0,141,268,2180,11,0
18.268104,15.738000,116.000,30.861000,1.482000,124.820934,3671,326,0,141,268,2180,11,0
18.272022,3.918000,116.000,30.861000,1.482000,124.821415,3671,326,0,141,268,2180,11,0
18.284759,12.737000,116.000,30.861000,1.482000,124.821842,3671,326,0,139,261,2166,11,0
18.288387,3.628000,116.000,30.861000,1.482000,124.817913,3669,326,0,139,261,2166,11,0
18.301542,13.155000,116.000,30.861000,1.482000,124.821724,3675,326,0,139,261,2166,11,0
18.305310,3.768000,116.000,30.861000,1.482000,124.810806,3672,326,0,139,261,2166,11,0
18.318036,12.726000,116.000,30.861000,1.482000,124.811184,3672,326,0,139,261,2166,11,0
18.321786,3.750000,116.000,30.861000,1.482000,124.810024,3669,326,0,139,261,2166,11,0
18.334887,13.101000,116.000,30.861000,1.482000,124.810505,3669,326,0,139,261,2166,11,0
18.338624,3.737000,116.000,30.861000,1.482000,124.810986,3669,326,0,139,261,2166,11,0
18.351296,12.672000,116.000,30.861000,1.482000,124.811436,3669,326,0,139,261,2166,11,0
18.355063,3.767000,116.000,30.861000,1.482000,124.811916,3669,326,0,139,261,2166,11,0
18.362604,7.541000,116.000,30.861000,1.482000,124.818417,3679,326,0,139,261,2166,11,0
18.375222,12.618000,116.000,30.861000,1.482000,124.818897,3679,326,0,139,261,2166,11,0
18.384782,9.560000,116.000,30.861000,1.482000,124.819408,3679,326,0,139,261,2166,11,0
18.388487,3.705000,116.000,30.861000,1.482000,124.819889,3679,326,0,139,261,2166,11,0
18.401418,12.931000,116.000,30.861000,1.482000,124.820400,3679,326,0,139,261,2166,11,0
18.405127,3.709000,116.000,30.861000,1.482000,124.819241,3676,326,0,138,261,2166,11,0
18.418157,13.030000,116.000,30.861000,1.482000,124.819706,3676,326,0,138,261,2166,11,0
18.448148,29.991000,116.000,30.861000,1.482000,124.926342,3746,335,0,173,337,2318,11,0
18.466911,18.763000,116.000,30.861000,1.482000,124.911259,3746,335,0,141,301,2246,11,0
18.473175,6.264000,116.000,30.861000,1.482000,124.916729,3743,335,0,155,315,2274,11,0
18.477288,4.113000,116.000,30.861000,1.482000,124.897877,3708,335,0,155,315,2274,11,0
18.492544,15.256000,116.000,30.861000,1.482000,124.891548,3708,335,0,141,301,2246,11,0
18.500160,7.616000,116.000,30.861000,1.482000,124.892029,3708,335,0,141,301,2246,11,0
18.505327,5.167000,116.000,30.861000,1.482000,124.892464,3708,335,0,141,301,2246,11,0
18.517115,11.788000,116.000,30.861000,1.482000,124.891304,3705,335,0,141,301,2246,11,0
18.522376,5.261000,116.000,30.861000,1.482000,124.891785,3705,335,0,141,301,2246,11,0
18.527498,5.122000,116.000,30.861000,1.482000,124.892265,3705,335,0,141,301,2246,11,0
18.542605,15.107000,116.000,30.861000,1.482000,124.892746,3705,335,0,141,301,2246,11,0
18.550894,8.289000,116.000,30.861000,1.482000,124.889946,3699,335,0,141,301,2246,11,0
18.554665,3.771000,116.000,30.861000,1.482000,124.890427,3699,335,0,141,301,2246,11,0
18.568444,13.779000,116.000,30.861000,1.482000,124.890907,3699,335,0,141,301,2246,11,0
18.572770,4.326000,116.000,30.861000,1.482000,124.888832,3695,335,0,141,301,2246,11,0
18.578547,5.777000,116.000,30.861000,1.482000,124.884857,3693,335,0,139,265,2174,11,0
18.591836,13.289000,116.000,30.861000,1.482000,124.885338,3693,335,0,139,265,2174,11,0
18.600996,9.160000,116.000,30.861000,1.482000,124.854366,3693,335,0,139,265,2174,11,0
18.604556,3.560000,116.000,30.861000,1.482000,124.854847,3693,335,0,139,265,2174,11,0
18.617953,13.397000,116.000,30.861000,1.482000,124.855335,3693,335,0,139,265,2174,11,0
18.621739,3.786000,116.000,30.861000,1.482000,124.855816,3693,335,0,139,265,2174,11,0
18.634905,13.166000,116.000,30.861000,1.482000,124.858006,3696,335,0,139,265,2174,11,0
18.638440,3.535000,116.000,30.861000,1.482000,124.858486,3696,335,0,139,265,2174,11,0
18.650988,12.548000,116.000,30.861000,1.482000,124.858917,3696,335,0,139,265,2174,11,0
18.654195,3.207000,116.000,30.861000,1.482000,124.859192,3696,335,0,138,265,2174,11,0
18.668082,13.887000,116.000,30.861000,1.482000,124.854530,3687,335,0,138,265,2174,11,0
18.671777,3.695000,116.000,30.861000,1.482000,124.855011,3687,335,0,136,264,2172,11,0
18.684619,12.842000,116.000,30.861000,1.482000,124.855476,3687,335,0,134,262,2168,11,0
18.688172,3.553000,116.000,30.861000,1.482000,124.857857,3690,335,0,136,262,2168,11,0
18.701179,13.007000,116.000,30.861000,1.482000,124.842304,3677,331,0,135,261,2166,11,0
18.704419,3.240000,116.000,30.861000,1.482000,124.838436,3670,331,0,132,261,2166,11,0
18.718101,13.682000,116.000,30.861000,1.482000,124.838886,3670,331,0,130,259,2162,11,0
18.721947,3.846000,116.000,30.861000,1.482000,124.839367,3670,331,0,132,259,2162,11,0
18.734664,12.717000,116.000,30.861000,1.482000,124.839764,3670,331,0,131,258,2160,11,0
18.738205,3.541000,116.000,30.861000,1.482000,124.824711,3661,326,0,131,257,2158,11,0
18.751072,12.867000,116.000,30.861000,1.482000,124.818829,3651,326,0,131,257,2158,11,0
18.756498,5.426000,116.000,30.861000,1.482000,124.840141,3653,326,0,147,278,2200,11,0
18.762129,5.631000,116.000,30.861000,1.482000,124.840622,3653,326,0,147,278,2200,11,0
18.775168,13.039000,116.000,30.861000,1.482000,124.834293,3653,326,0,133,264,2172,11,0
18.784833,9.665000,116.000,30.861000,1.482000,124.836426,3656,326,0,133,264,2172,11,0
18.788372,3.539000,116.000,30.861000,1.482000,124.836906,3656,326,0,133,264,2172,11,0
18.800923,12.551000,116.000,30.861000,1.482000,124.839954,3659,326,0,133,264,2172,11,1
18.804213,3.290000,116.000,30.861000,1.482000,124.840435,3659,326,0,133,264,2172,11,1
18.818147,13.934000,116.000,30.861000,1.482000,124.841553,3665,325,0,133,264,2172,11,0
18.821863,3.716000,116.000,30.861000,1.482000,124.838776,3660,325,0,134,264,2172,11,0
18.834611,12.748000,116.000,30.861000,1.482000,124.839256,3660,325,0,134,264,2172,11,0
18.838226,3.615000,116.000,30.861000,1.482000,124.839737,3660,325,0,134,264,2172,11,0
18.850840,12.614000,116.000,30.861000,1.482000,124.840218,3660,325,0,134,264,2172,11,0
18.854540,3.700000,116.000,30.861000,1.482000,124.840652,3660,325,0,134,264,2172,11,0
18.868129,13.589000,116.000,30.861000,1.482000,124.839447,3657,325,0,134,264,2172,11,0
18.872114,3.985000,116.000,30.861000,1.482000,124.839928,3657,325,0,134,264,2172,11,0
18.879144,7.030000,116.000,30.861000,1.482000,124.842079,3660,325,0,134,264,2172,11,0
18.892741,13.597000,116.000,30.861000,1.482000,124.842560,3660,325,0,134,264,2172,11,0
18.896276,3.535000,116.000,30.861000,1.482000,124.843040,3660,325,0,132,257,2158,11,0
18.910173,13.897000,116.000,30.861000,1.482000,124.845116,3663,325,0,132,257,2158,11,0
18.919852,9.679000,116.000,30.861000,1.482000,124.829483,3661,325,0,128,253,2150,11,0
18.925559,5.707000,116.000,30.861000,1.482000,124.829964,3661,325,0,128,253,2150,11,0
18.929547,3.988000,116.000,30.861000,1.482000,124.833656,3666,325,0,126,253,2150,11,0
18.943090,13.543000,116.000,30.861000,1.482000,124.832207,3663,325,0,126,253,2150,11,0
18.950200,7.110000,116.000,30.861000,1.482000,124.832642,3663,325,0,127,253,2150,11,0
18.955036,4.836000,116.000,30.861000,1.482000,124.833057,3663,325,0,127,253,2150,11,0
18.967490,12.454000,116.000,30.861000,1.482000,124.833538,3663,325,0,128,253,2150,11,0
18.972516,5.026000,116.000,30.861000,1.482000,124.835632,3666,325,0,127,252,2148,11,0
18.977569,5.053000,116.000,30.861000,1.482000,124.842171,3676,325,0,127,252,2148,11,0
18.992947,15.378000,116.000,30.861000,1.482000,124.842648,3676,325,0,127,252,2148,11,0
19.001921,8.974000,116.000,30.861000,1.482000,124.843128,3676,325,0,126,252,2148,11,0
19.006519,4.598000,116.000,30.861000,1.482000,124.845249,3679,325,0,126,252,2148,11,0
19.011025,4.506000,116.000,30.861000,1.482000,124.845730,3679,325,0,127,252,2148,11,0
19.026309,15.284000,116.000,30.861000,1.482000,124.844555,3676,325,0,127,252,2148,11,0
19.033392,7.083000,116.000,30.861000,1.482000,124.845036,3676,325,0,127,252,2148,11,0
19.070592,37.200000,116.000,30.861000,1.482000,124.955818,3743,334,0,173,338,2320,11,0
19.083961,13.369000,116.000,30.861000,1.482000,124.942116,3738,331,0,166,323,2290,11,0
19.087440,3.479000,112.000,36.224000,1.420000,124.913586,3697,331,0,152,309,2262,11,0
19.101208,13.768000,112.000,36.224000,1.420000,124.929173,3707,335,0,152,309,2262,11,0
19.105195,3.987000,112.000,36.224000,1.420000,124.928699,3704,335,0,152,310,2264,11,0
19.111326,6.131000,112.000,36.224000,1.420000,124.929180,3704,335,0,152,310,2264,11,0
19.126841,15.515000,112.000,36.224000,1.420000,125.044258,3818,359,0,152,310,2264,11,0
19.133069,6.228000,112.000,36.224000,1.420000,125.047508,3818,359,0,164,322,2288,11,0
19.138629,5.560000,112.000,36.224000,1.420000,125.047970,3818,359,0,164,322,2288,11,0
19.150225,11.596000,112.000,36.224000,1.420000,125.048450,3818,359,0,164,322,2288,11,0
19.154929,4.704000,112.000,36.224000,1.420000,125.048931,3818,359,0,164,322,2288,11,0
19.166764,11.835000,112.000,36.224000,1.420000,125.049412,3818,359,0,164,322,2288,11,0
19.171495,4.731000,112.000,36.224000,1.420000,125.047390,3814,359,0,164,322,2288,11,0
19.183670,12.175000,112.000,36.224000,1.420000,125.047871,3814,359,0,162,286,2216,11,0
19.189131,5.461000,112.000,36.224000,1.420000,125.048306,3814,359,0,162,286,2216,11,0
19.193722,4.591000,112.000,36.224000,1.420000,125.044323,3812,359,0,162,286,2216,11,0
19.209771,16.049000,112.000,36.224000,1.420000,125.011719,3809,359,0,162,286,2216,11,0
19.213947,4.176000,112.000,36.224000,1.420000,125.012199,3809,359,0,162,286,2216,11,0
19.219450,5.503000,112.000,36.224000,1.420000,125.012680,3809,359,0,162,286,2216,11,0
19.234570,15.120000,112.000,36.224000,1.420000,125.013115,3809,359,0,162,286,2216,11,0
19.238298,3.728000,112.000,36.224000,1.420000,125.010269,3803,359,0,162,286,2216,11,0
19.245277,6.979000,112.000,36.224000,1.420000,125.010838,3803,359,0,162,286,2216,11,0
19.258363,13.086000,112.000,36.224000,1.420000,125.011112,3803,359,0,161,285,2214,11,0
19.268199,9.836000,112.000,36.224000,1.420000,124.880833,3747,319,0,161,285,2214,11,0
19.271862,3.663000,112.000,36.224000,1.420000,124.849148,3697,319,0,152,266,2176,11,0
19.285121,13.259000,112.000,36.224000,1.420000,124.849583,3697,319,0,151,265,2174,11,0
19.288933,3.812000,112.000,36.224000,1.420000,124.850063,3697,319,0,150,264,2172,11,0
19.294785,5.852000,112.000,36.224000,1.420000,124.850590,3697,319,0,148,262,2168,11,0
19.308426,13.641000,112.000,36.224000,1.420000,124.837479,3688,315,0,146,261,2166,11,0
19.313116,4.690000,112.000,36.224000,1.420000,124.833565,3681,315,0,146,261,2166,11,0
19.325261,12.145000,112.000,36.224000,1.420000,124.834045,3681,315,0,146,260,2164,11,0
19.334562,9.301000,112.000,36.224000,1.420000,124.834541,3681,315,0,145,259,2162,11,0
19.338020,3.458000,112.000,36.224000,1.420000,124.834938,3681,315,0,143,258,2160,11,0
19.351267,13.247000,112.000,36.224000,1.420000,124.819748,3672,310,0,142,257,2158,11,0
19.354790,3.523000,112.000,36.224000,1.420000,124.813965,3662,310,0,143,257,2158,11,0
19.362275,7.485000,112.000,36.224000,1.420000,124.835457,3664,310,0,159,278,2200,11,0
19.375099,12.824000,112.000,36.224000,1.420000,124.835938,3664,310,0,159,278,2200,11,0
19.384143,9.044000,112.000,36.224000,1.420000,124.827969,3661,310,0,145,264,2172,11,0
19.387409,3.266000,112.000,36.224000,1.420000,124.828449,3661,310,0,145,264,2172,11,0
19.400908,13.499000,112.000,36.224000,1.420000,124.828915,3661,310,0,145,264,2172,11,0
19.404394,3.486000,112.000,36.224000,1.420000,124.829395,3661,310,0,145,264,2172,11,0
19.417498,13.104000,112.000,36.224000,1.420000,124.829891,3661,310,0,145,264,2172,11,0
19.420842,3.344000,112.000,36.224000,1.420000,124.830372,3661,310,0,145,264,2172,11,0
19.434410,13.568000,112.000,36.224000,1.420000,124.830837,3661,310,0,145,264,2172,11,0
19.437941,3.531000,112.000,36.224000,1.420000,124.831272,3661,310,0,145,264,2172,11,0
19.451787,13.846000,112.000,36.224000,1.420000,124.831768,3661,310,0,145,264,2172,11,0
19.455609,3.822000,112.000,36.224000,1.420000,124.832249,3661,310,0,145,264,2172,11,0
19.461998,6.389000,112.000,36.224000,1.420000,124.832729,3661,310,0,145,264,2172,11,0
19.475010,13.012000,112.000,36.224000,1.420000,124.833263,3661,310,0,145,264,2172,11,0
19.484278,9.268000,112.000,36.224000,1.420000,124.835335,3664,310,0,145,264,2172,11,0
19.487813,3.535000,112.000,36.224000,1.420000,124.824825,3660,306,0,145,264,2172,11,0
19.501109,13.296000,112.000,36.224000,1.420000,124.823738,3657,306,0,145,264,2172,11,0
19.504530,3.421000,112.000,36.224000,1.420000,124.819809,3655,306,0,143,257,2158,11,0
19.517709,13.179000,112.000,36.224000,1.420000,124.820229,3655,306,0,143,257,2158,11,0
19.521194,3.485000,112.000,36.224000,1.420000,124.820709,3655,306,0,143,257,2158,11,0
19.534407,13.213000,112.000,36.224000,1.420000,124.811466,3655,306,0,143,257,2158,11,0
19.538143,3.736000,112.000,36.224000,1.420000,124.812000,3655,306,0,141,257,2158,11,0
19.551481,13.338000,112.000,36.224000,1.420000,124.812466,3655,306,0,141,257,2158,11,0
19.555512,4.031000,112.000,36.224000,1.420000,124.812946,3655,306,0,142,257,2158,11,0
19.562372,6.860000,112.000,36.224000,1.420000,124.813427,3655,306,0,142,257,2158,11,0
19.575318,12.946000,112.000,36.224000,1.420000,124.813908,3655,306,0,141,257,2158,11,0
19.585064,9.746000,112.000,36.224000,1.420000,124.816078,3658,306,0,141,257,2158,11,0
19.588964,3.900000,112.000,36.224000,1.420000,124.816559,3658,306,0,142,257,2158,11,0
19.595537,6.573000,112.000,36.224000,1.420000,124.823025,3668,306,0,142,257,2158,11,0
19.608626,13.089000,112.000,36.224000,1.420000,124.823505,3668,306,0,142,257,2158,11,0
19.613536,4.910000,112.000,36.224000,1.420000,124.825603,3671,306,0,142,257,2158,11,0
19.625012,11.476000,112.000,36.224000,1.420000,124.837482,3689,306,0,143,257,2158,11,0
19.634318,9.306000,112.000,36.224000,1.420000,124.804279,3635,306,0,143,257,2158,11,0
19.637568,3.250000,112.000,36.224000,1.420000,124.804760,3635,306,0,143,257,2158,11,0
19.651157,13.589000,112.000,36.224000,1.420000,124.805241,3635,306,0,143,257,2158,11,0
19.686001,34.844000,112.000,36.224000,1.420000,124.909618,3705,315,0,172,325,2294,11,0
19.701626,15.625000,112.000,36.224000,1.420000,124.899082,3705,315,0,150,297,2238,11,0
19.705840,4.214000,112.000,36.224000,1.420000,124.878395,3679,315,0,136,283,2210,11,0
19.717788,11.948000,112.000,36.224000,1.420000,124.877171,3676,315,0,137,283,2210,11,0
19.721258,3.470000,112.000,36.224000,1.420000,124.876011,3673,315,0,137,283,2210,11,0
19.734094,12.836000,112.000,36.224000,1.420000,124.876492,3673,315,0,137,283,2210,11,0
19.737450,3.356000,112.000,36.224000,1.420000,124.876972,3673,315,0,137,283,2210,11,0
19.750870,13.420000,112.000,36.224000,1.420000,124.877407,3673,315,0,137,283,2210,11,0
19.754421,3.551000,112.000,36.224000,1.420000,124.877842,3673,315,0,137,283,2210,11,0
19.767532,13.111000,112.000,36.224000,1.420000,124.878323,3673,315,0,137,283,2210,11,0
19.771518,3.986000,112.000,36.224000,1.420000,124.904381,3708,316,0,137,283,2210,11,0
19.784198,12.680000,112.000,36.224000,1.420000,124.890961,3686,316,0,138,284,2212,11,0
19.787520,3.322000,112.000,36.224000,1.420000,124.891441,3686,316,0,136,248,2140,11,0
19.801020,13.500000,112.000,36.224000,1.420000,124.890236,3683,316,0,136,248,2140,11,0
19.804352,3.332000,112.000,36.224000,1.420000,124.859219,3683,316,0,136,248,2140,11,0
19.817612,13.260000,112.000,36.224000,1.420000,124.859631,3683,316,0,136,248,2140,11,0
19.821097,3.485000,112.000,36.224000,1.420000,124.855701,3681,316,0,136,248,2140,11,0
19.834276,13.179000,112.000,36.224000,1.420000,124.856224,3681,316,0,136,248,2140,11,0
19.837526,3.250000,112.000,36.224000,1.420000,124.856705,3681,316,0,136,248,2140,11,0
19.851262,13.736000,112.000,36.224000,1.420000,124.857212,3681,316,0,136,248,2140,11,0
19.854559,3.297000,112.000,36.224000,1.420000,124.857487,3681,316,0,135,248,2140,11,0
19.867580,13.021000,112.000,36.224000,1.420000,124.854435,3675,316,0,135,248,2140,11,0
19.870870,3.290000,112.000,36.224000,1.420000,124.854870,3675,316,0,136,248,2140,11,0
19.884388,13.518000,112.000,36.224000,1.420000,124.854626,3672,316,0,135,247,2138,11,1
19.887626,3.238000,112.000,36.224000,1.420000,124.855106,3672,316,0,132,245,2134,11,1
19.901219,13.593000,112.000,36.224000,1.420000,124.854763,3678,315,0,132,245,2134,11,0
19.904472,3.253000,112.000,36.224000,1.420000,124.841583,3669,311,0,131,244,2132,11,0
19.917834,13.362000,112.000,36.224000,1.420000,124.837669,3662,311,0,131,244,2132,11,0
19.921071,3.237000,112.000,36.224000,1.420000,124.838150,3662,311,0,130,242,2128,11,0
19.934575,13.504000,112.000,36.224000,1.420000,124.833694,3653,311,0,130,242,2128,11,0
19.937873,3.298000,112.000,36.224000,1.420000,124.834091,3653,311,0,129,241,2126,11,0
19.951072,13.199000,112.000,36.224000,1.420000,124.819023,3644,306,0,128,240,2124,11,0
19.954239,3.167000,112.000,36.224000,1.420000,124.813187,3634,306,0,117,234,2112,11,0
19.963037,8.798000,112.000,36.224000,1.420000,124.834656,3636,306,0,133,255,2154,11,0
19.975804,12.767000,112.000,36.224000,1.420000,124.835121,3636,306,0,133,255,2154,11,0
19.983348,7.544000,112.000,36.224000,1.420000,124.828793,3636,306,0,119,241,2126,11,0
19.987405,4.057000,112.000,36.224000,1.420000,124.829288,3636,306,0,119,241,2126,11,0
20.000176,12.771000,112.000,36.224000,1.420000,124.829769,3636,306,0,119,241,2126,11,0
20.004479,4.303000,112.000,36.224000,1.420000,124.830250,3636,306,0,119,241,2126,11,0
20.016640,12.161000,112.000,36.224000,1.420000,124.830730,3636,306,0,119,241,2126,11,0
20.020838,4.198000,112.000,36.224000,1.420000,124.831165,3636,306,0,119,241,2126,11,0
20.033326,12.488000,112.000,36.224000,1.420000,124.831646,3636,306,0,119,241,2126,11,0
20.037479,4.153000,112.000,36.224000,1.420000,124.832111,3636,306,0,119,241,2126,11,0
20.050209,12.730000,112.000,36.224000,1.420000,124.832592,3636,306,0,119,241,2126,11,0
20.053434,3.225000,112.000,36.224000,1.420000,124.833073,3636,306,0,119,241,2126,11,0
20.067467,14.033000,112.000,36.224000,1.420000,124.831913,3633,306,0,118,240,2124,11,0
20.070607,3.140000,112.000,36.224000,1.420000,124.832394,3633,306,0,118,240,2124,11,0
20.084360,13.753000,112.000,36.224000,1.420000,124.832890,3633,306,0,118,240,2124,11,0
20.087786,3.426000,116.000,34.289000,1.550000,124.833324,3633,306,0,118,240,2124,11,0
20.100813,13.027000,116.000,34.289000,1.550000,124.833752,3633,306,0,118,240,2124,11,0
20.103966,3.153000,116.000,34.289000,1.550000,124.829823,3631,306,0,118,240,2124,11,0
20.118780,14.814000,116.000,34.289000,1.550000,124.830288,3631,306,0,116,233,2110,11,0
20.121928,3.148000,116.000,34.289000,1.550000,124.830723,3631,306,0,116,233,2110,11,0
20.134616,12.688000,116.000,34.289000,1.550000,124.831219,3631,306,0,116,233,2110,11,0
20.138155,3.539000,116.000,34.289000,1.550000,124.821941,3631,306,0,116,233,2110,11,0
20.151164,13.009000,116.000,34.289000,1.550000,124.822449,3631,306,0,115,227,2098,11,0
20.154343,3.179000,116.000,34.289000,1.550000,124.803795,3601,306,0,115,227,2098,11,0
20.167788,13.445000,116.000,34.289000,1.550000,124.804306,3601,306,0,114,226,2096,11,0
20.170837,3.049000,116.000,34.289000,1.550000,124.794395,3596,303,0,114,226,2096,11,0
20.184478,13.641000,116.000,34.289000,1.550000,124.792755,3593,303,0,114,226,2096,11,0
20.187515,3.037000,116.000,34.289000,1.550000,124.793236,3593,303,0,114,226,2096,11,0
20.200966,13.451000,116.000,34.289000,1.550000,124.795357,3596,303,0,114,226,2096,11,0
20.204175,3.209000,116.000,34.289000,1.550000,124.801842,3606,303,0,113,226,2096,11,0
20.217946,13.771000,116.000,34.289000,1.550000,124.818905,3616,307,0,113,226,2096,11,0
20.221088,3.142000,116.000,34.289000,1.550000,124.820072,3616,307,0,115,228,2100,11,0
20.234401,13.313000,116.000,34.289000,1.550000,124.820549,3616,307,0,115,228,2100,11,0
20.237396,2.995000,116.000,34.289000,1.550000,124.821030,3616,307,0,115,228,2100,11,0
20.251314,13.918000,116.000,34.289000,1.550000,124.821480,3616,307,0,115,228,2100,11,0
20.254476,3.162000,116.000,34.289000,1.550000,124.821960,3616,307,0,116,228,2100,11,0
20.288074,33.598000,116.000,34.289000,1.550000,125.116577,3806,364,0,162,314,2272,11,0
20.300180,12.106000,116.000,34.289000,1.550000,125.122593,3806,364,0,168,328,2300,11,0
20.302825,2.645000,116.000,34.289000,1.550000,125.098537,3774,364,0,154,314,2272,11,0
20.317540,14.715000,116.000,34.289000,1.550000,125.099018,3774,364,0,154,314,2272,11,0
20.321079,3.539000,116.000,34.289000,1.550000,125.099453,3774,364,0,154,314,2272,11,0
20.334171,13.092000,116.000,34.289000,1.550000,125.099934,3774,364,0,154,314,2272,11,0
20.337711,3.540000,116.000,34.289000,1.550000,125.100414,3774,364,0,154,314,2272,11,0
20.350876,13.165000,116.000,34.289000,1.550000,125.100895,3774,364,0,154,314,2272,11,0
20.355560,4.684000,116.000,34.289000,1.550000,125.101376,3774,364,0,154,314,2272,11,0
20.360277,4.717000,116.000,34.289000,1.550000,125.101810,3774,364,0,154,314,2272,11,0
20.376068,15.791000,116.000,34.289000,1.550000,125.103962,3777,364,0,154,314,2272,11,0
20.383278,7.210000,116.000,34.289000,1.550000,125.104443,3777,364,0,154,314,2272,11,0
20.387858,4.580000,116.000,34.289000,1.550000,125.104923,3777,364,0,154,314,2272,11,0
20.400037,12.179000,116.000,34.289000,1.550000,125.102901,3773,364,0,152,278,2200,11,0
20.404517,4.480000,116.000,34.289000,1.550000,125.105083,3776,364,0,152,278,2200,11,0
20.416709,12.192000,116.000,34.289000,1.550000,125.101101,3774,364,0,152,278,2200,11,0
20.421317,4.608000,116.000,34.289000,1.550000,125.068443,3771,364,0,152,278,2200,11,0
20.433353,12.036000,116.000,34.289000,1.550000,125.068924,3771,364,0,152,278,2200,11,0
20.437768,4.415000,116.000,34.289000,1.550000,125.069435,3771,364,0,152,278,2200,11,0
20.450034,12.266000,116.000,34.289000,1.550000,125.069916,3771,364,0,152,278,2200,11,0
20.453677,3.643000,116.000,34.289000,1.550000,125.070396,3771,364,0,152,278,2200,11,0
20.467814,14.137000,116.000,34.289000,1.550000,125.070881,3771,364,0,152,278,2200,11,0
20.471666,3.852000,116.000,34.289000,1.550000,125.071362,3771,364,0,151,278,2200,11,0
20.484616,12.950000,116.000,34.289000,1.550000,125.071636,3771,364,0,151,278,2200,11,0
20.488637,4.021000,116.000,34.289000,1.550000,125.068615,3765,364,0,149,278,2200,11,0
20.494036,5.399000,116.000,34.289000,1.550000,125.067455,3762,364,0,148,277,2198,11,0
20.508161,14.125000,116.000,34.289000,1.550000,125.067936,3762,364,0,149,277,2198,11,0
20.511065,2.904000,116.000,34.289000,1.550000,125.068417,3762,364,0,147,275,2194,11,0
20.524833,13.768000,116.000,34.289000,1.550000,125.068897,3762,364,0,147,274,2192,11,0
20.527760,2.927000,116.000,34.289000,1.550000,125.058929,3758,360,0,147,274,2192,11,0
20.541479,13.719000,116.000,34.289000,1.550000,125.055016,3751,360,0,147,274,2192,11,0
20.550190,8.711000,116.000,34.289000,1.550000,125.055485,3751,360,0,145,272,2188,11,0
20.552033,1.843000,116.000,34.289000,1.550000,125.055836,3751,360,0,144,271,2186,11,0
20.566847,14.814000,116.000,34.289000,1.550000,125.054443,3748,360,0,143,270,2184,11,0
20.568664,1.817000,116.000,34.289000,1.550000,125.041260,3742,355,0,142,270,2184,11,0
20.583675,15.011000,116.000,34.289000,1.550000,125.035378,3732,355,0,142,270,2184,11,0
20.586881,3.206000,116.000,34.289000,1.550000,125.056843,3734,355,0,160,291,2226,11,0
20.600349,13.468000,116.000,34.289000,1.550000,125.050514,3734,355,0,146,277,2198,11,0
20.602337,1.988000,116.000,34.289000,1.550000,125.050995,3734,355,0,146,277,2198,11,0
20.616836,14.499000,116.000,34.289000,1.550000,125.049820,3731,355,0,146,277,2198,11,0
20.618671,1.835000,116.000,34.289000,1.550000,125.050301,3731,355,0,146,277,2198,11,0
20.633591,14.920000,116.000,34.289000,1.550000,125.050797,3731,355,0,146,277,2198,11,0
20.635527,1.936000,116.000,34.289000,1.550000,125.051277,3731,355,0,146,277,2198,11,0
20.650326,14.799000,116.000,34.289000,1.550000,125.048477,3725,355,0,146,277,2198,11,0
20.652324,1.998000,116.000,34.289000,1.550000,125.048958,3725,355,0,146,277,2198,11,0
20.666947,14.623000,116.000,34.289000,1.550000,125.049438,3725,355,0,146,277,2198,11,0
20.668909,1.962000,116.000,34.289000,1.550000,125.049919,3725,355,0,146,277,2198,11,0
20.683565,14.656000,116.000,34.289000,1.550000,125.050385,3725,355,0,146,277,2198,11,0
20.685336,1.771000,116.000,34.289000,1.550000,125.050865,3725,355,0,146,277,2198,11,0
20.700199,14.863000,116.000,34.289000,1.550000,125.051361,3725,355,0,146,277,2198,11,0
20.702023,1.824000,116.000,34.289000,1.550000,125.051842,3725,355,0,146,277,2198,11,0
20.716801,14.778000,116.000,34.289000,1.550000,125.052322,3725,355,0,146,277,2198,11,0
20.718600,1.799000,116.000,34.289000,1.550000,125.052803,3725,355,0,146,277,2198,11,0
20.733445,14.845000,116.000,34.289000,1.550000,125.053150,3725,355,0,144,270,2184,11,0
20.735210,1.765000,116.000,34.289000,1.550000,125.049221,3723,355,0,144,270,2184,11,0
20.750319,15.109000,116.000,34.289000,1.550000,125.049641,3723,355,0,144,270,2184,11,0
20.752250,1.931000,116.000,34.289000,1.550000,125.040363,3723,355,0,144,270,2184,11,0
20.766979,14.729000,116.000,34.289000,1.550000,125.040905,3723,355,0,144,270,2184,11,0
20.768834,1.855000,116.000,34.289000,1.550000,125.041386,3723,355,0,143,270,2184,11,0
20.783552,14.718000,116.000,34.289000,1.550000,125.040211,3720,355,0,143,270,2184,11,0
20.785374,1.822000,116.000,34.289000,1.550000,125.049839,3720,355,0,144,270,2184,11,0
20.800286,14.912000,116.000,34.289000,1.550000,125.408737,3723,355,0,144,270,2184,11,0
20.802262,1.976000,116.000,34.289000,1.550000,125.409218,3723,355,0,144,270,2184,11,0
20.818736,16.474000,116.000,34.289000,1.550000,125.415653,3733,355,0,144,270,2184,11,0
20.822293,3.557000,116.000,34.289000,1.550000,125.416134,3733,355,0,143,270,2184,11,0
20.834447,12.154000,116.000,34.289000,1.550000,125.436138,3752,359,0,143,270,2184,11,0
20.837976,3.529000,116.000,34.289000,1.550000,125.437042,3752,359,0,145,272,2188,11,0
20.851762,13.786000,116.000,34.289000,1.550000,125.437447,3752,359,0,145,272,2188,11,0
20.855152,3.390000,116.000,34.289000,1.550000,125.437927,3752,359,0,146,272,2188,11,0
20.867823,12.671000,116.000,34.289000,1.550000,125.438423,3752,359,0,146,272,2188,11,0
20.890432,22.609000,116.000,34.289000,1.550000,125.541218,3819,368,0,176,340,2324,11,0
20.893952,3.520000,116.000,34.289000,1.550000,125.525795,3822,368,0,140,298,2240,11,0
20.908814,14.862000,116.000,34.289000,1.550000,125.527927,3825,368,0,140,298,2240,11,0
20.911826,3.012000,116.000,34.289000,1.550000,125.534889,3825,368,0,154,312,2268,11,0
20.925974,14.148000,116.000,34.289000,1.550000,125.509228,3790,368,0,140,298,2240,11,0
20.933294,7.320000,116.000,34.289000,1.550000,125.509708,3790,368,0,140,298,2240,11,0
20.937783,4.489000,116.000,34.289000,1.550000,125.510189,3790,368,0,140,298,2240,11,0
20.949992,12.209000,116.000,34.289000,1.550000,125.510670,3790,368,0,140,298,2240,11,0
20.954501,4.509000,116.000,34.289000,1.550000,125.511150,3790,368,0,140,298,2240,11,0
20.966697,12.196000,116.000,34.289000,1.550000,125.511631,3790,368,0,140,298,2240,11,0
20.971068,4.371000,116.000,34.289000,1.550000,125.512112,3790,368,0,140,298,2240,11,0
20.983359,12.291000,116.000,34.289000,1.550000,125.512646,3790,368,0,140,298,2240,11,0
20.987971,4.612000,116.000,34.289000,1.550000,125.514797,3793,368,0,140,298,2240,11,0
21.000896,12.925000,116.000,34.289000,1.550000,125.516193,3793,368,0,140,298,2240,11,1
21.004458,3.562000,116.000,34.289000,1.550000,125.516674,3793,368,0,140,298,2240,11,1
21.017694,13.236000,116.000,34.289000,1.550000,125.516941,3798,367,0,138,262,2168,11,0
21.021059,3.365000,116.000,34.289000,1.550000,125.514164,3793,367,0,139,262,2168,11,0
21.034295,13.236000,116.000,34.289000,1.550000,125.512951,3790,367,0,139,262,2168,11,0
21.037693,3.398000,116.000,34.289000,1.550000,125.477570,3788,367,0,139,262,2168,11,0
21.051138,13.445000,116.000,34.289000,1.550000,125.479221,3788,367,0,139,262,2168,11,2
21.054438,3.300000,116.000,34.289000,1.550000,125.479702,3788,367,0,139,262,2168,11,2
21.067628,13.190000,116.000,34.289000,1.550000,125.480801,3788,367,0,139,262,2168,11,2
21.071134,3.506000,116.000,34.289000,1.550000,125.481335,3788,367,0,139,262,2168,11,2
21.084734,13.600000,116.000,34.289000,1.550000,125.485294,3803,365,0,139,262,2168,11,0
21.112052,27.318000,115.000,32.615000,1.366000,125.479095,3793,365,0,140,262,2168,11,0
21.116359,4.307000,115.000,32.615000,1.366000,125.476074,3787,365,0,140,261,2166,11,0
21.119027,2.668000,115.000,32.615000,1.366000,125.478222,3790,365,0,138,259,2162,11,0
21.134458,15.431000,115.000,32.615000,1.366000,125.477020,3787,365,0,138,259,2162,11,0
21.137829,3.371000,115.000,32.615000,1.366000,125.467098,3783,361,0,137,258,2160,11,0
21.151003,13.174000,115.000,32.615000,1.366000,125.463215,3776,361,0,137,258,2160,11,0
21.154421,3.418000,115.000,32.615000,1.366000,125.463696,3776,361,0,134,256,2156,11,0
21.167844,13.423000,115.000,32.615000,1.366000,125.464062,3776,361,0,133,255,2154,11,0
21.172242,4.398000,115.000,32.615000,1.366000,125.448994,3767,356,0,131,253,2150,11,0
21.184045,11.803000,115.000,32.615000,1.366000,125.443157,3757,356,0,130,253,2150,11,0
21.190551,6.506000,115.000,32.615000,1.366000,125.464615,3759,356,0,148,274,2192,11,0
21.194102,3.551000,115.000,32.615000,1.366000,125.465096,3759,356,0,134,260,2164,11,0
21.209099,14.997000,115.000,32.615000,1.366000,125.457111,3756,356,0,134,260,2164,11,0
21.217808,8.709000,115.000,32.615000,1.366000,125.457623,3756,356,0,134,260,2164,11,0
21.221681,3.873000,115.000,32.615000,1.366000,125.389412,3731,331,0,133,259,2162,11,0
21.234613,12.932000,115.000,32.615000,1.366000,125.368500,3691,331,0,133,259,2162,11,0
21.237949,3.336000,115.000,32.615000,1.366000,125.368980,3691,331,0,131,257,2158,11,0
21.250592,12.643000,115.000,32.615000,1.366000,125.369476,3691,331,0,131,257,2158,11,0
21.253647,3.055000,115.000,32.615000,1.366000,125.369957,3691,331,0,131,257,2158,11,0
21.267832,14.185000,115.000,32.615000,1.366000,125.370407,3691,331,0,130,256,2156,11,0
21.271706,3.874000,115.000,32.615000,1.366000,125.360497,3686,328,0,130,256,2156,11,0
21.284608,12.902000,115.000,32.615000,1.366000,125.357254,3680,328,0,130,256,2156,11,0
21.288032,3.424000,115.000,32.615000,1.366000,125.357735,3680,328,0,130,256,2156,11,0
21.301212,13.180000,115.000,32.615000,1.366000,125.373383,3690,332,0,130,256,2156,11,0
21.304653,3.441000,115.000,32.615000,1.366000,125.372910,3687,332,0,131,258,2160,11,0
21.317123,12.470000,115.000,32.615000,1.366000,125.373371,3687,332,0,131,258,2160,11,0
21.319714,2.591000,115.000,32.615000,1.366000,125.373852,3687,332,0,131,258,2160,11,0
21.333822,14.108000,115.000,32.615000,1.366000,125.374279,3687,332,0,128,251,2146,11,0
21.336154,2.332000,115.000,32.615000,1.366000,125.349384,3675,326,0,126,249,2142,11,0
21.350369,14.215000,115.000,32.615000,1.366000,125.339199,3657,326,0,126,249,2142,11,0
21.352524,2.155000,115.000,32.615000,1.366000,125.329922,3657,326,0,126,249,2142,11,0
21.366431,13.907000,115.000,32.615000,1.366000,125.330402,3657,326,0,126,249,2142,11,0
21.369493,3.062000,115.000,32.615000,1.366000,125.330822,3657,326,0,126,249,2142,11,0
21.383222,13.729000,115.000,32.615000,1.366000,125.331303,3657,326,0,126,249,2142,11,0
21.386266,3.044000,115.000,32.615000,1.366000,125.331829,3657,326,0,126,249,2142,11,0
21.400015,13.749000,115.000,32.615000,1.366000,125.332310,3657,326,0,126,249,2142,11,0
21.409939,9.924000,115.000,32.615000,1.366000,125.334675,3660,326,0,126,249,2142,11,0
21.413808,3.869000,115.000,32.615000,1.366000,125.335545,3661,326,0,127,249,2142,11,0
21.420465,6.657000,115.000,32.615000,1.366000,125.336010,3661,326,0,127,249,2142,11,0
21.433512,13.047000,115.000,32.615000,1.366000,125.336491,3661,326,0,126,249,2142,11,0
21.438382,4.870000,115.000,32.615000,1.366000,125.337002,3661,326,0,126,249,2142,11,0
21.450288,11.906000,115.000,32.615000,1.366000,125.337482,3661,326,0,127,249,2142,11,0
21.454017,3.729000,115.000,32.615000,1.366000,125.337963,3661,326,0,127,249,2142,11,0
21.468158,14.141000,115.000,32.615000,1.366000,125.338459,3661,326,0,127,249,2142,11,0
21.497331,29.173000,115.000,32.615000,1.366000,125.447300,3725,335,0,172,335,2314,11,0
21.499694,2.363000,115.000,32.615000,1.366000,125.438053,3725,335,0,152,311,2266,11,0
21.502280,2.586000,115.000,32.615000,1.366000,125.438534,3725,335,0,152,311,2266,11,0
21.517255,14.975000,115.000,32.615000,1.366000,125.445473,3725,335,0,166,325,2294,11,0
21.520241,2.986000,115.000,32.615000,1.366000,125.426620,3690,335,0,166,325,2294,11,0
21.533804,13.563000,115.000,32.615000,1.366000,125.420292,3690,335,0,152,311,2266,11,0
21.536707,2.903000,115.000,32.615000,1.366000,125.420773,3690,335,0,152,311,2266,11,0
21.550996,14.289000,115.000,32.615000,1.366000,125.421253,3690,335,0,152,311,2266,11,0
21.555788,4.792000,115.000,32.615000,1.366000,125.421734,3690,335,0,152,311,2266,11,0
21.561029,5.241000,115.000,32.615000,1.366000,125.422215,3690,335,0,152,311,2266,11,0
21.576053,15.024000,115.000,32.615000,1.366000,125.424347,3693,335,0,152,311,2266,11,0
21.583375,7.322000,115.000,32.615000,1.366000,125.424828,3693,335,0,152,311,2266,11,0
21.588720,5.345000,115.000,32.615000,1.366000,125.430172,3701,335,0,152,311,2266,11,0
21.600810,12.090000,115.000,32.615000,1.366000,125.428707,3698,335,0,152,311,2266,11,0
21.604209,3.399000,115.000,32.615000,1.366000,125.426640,3694,335,0,150,275,2194,11,0
21.617904,13.695000,115.000,32.615000,1.366000,125.427120,3694,335,0,150,275,2194,11,0
21.621954,4.050000,115.000,32.615000,1.366000,125.427547,3694,335,0,150,275,2194,11,0
21.627855,5.901000,115.000,32.615000,1.366000,125.392166,3692,335,0,150,275,2194,11,0
21.642428,14.573000,115.000,32.615000,1.366000,125.392639,3692,335,0,150,275,2194,11,0
21.650038,7.610000,115.000,32.615000,1.366000,125.393120,3692,335,0,151,275,2194,11,0
21.654393,4.355000,115.000,32.615000,1.366000,125.393600,3692,335,0,151,275,2194,11,0
21.667053,12.660000,115.000,32.615000,1.366000,125.394081,3692,335,0,151,275,2194,11,0
21.672917,5.864000,115.000,32.615000,1.366000,125.396236,3695,335,0,151,275,2194,11,0
21.677399,4.482000,115.000,32.615000,1.366000,125.396717,3695,335,0,151,275,2194,11,0
21.692406,15.007000,115.000,32.615000,1.366000,125.396973,3695,335,0,151,275,2194,11,0
21.700101,7.695000,115.000,32.615000,1.366000,125.393951,3689,335,0,151,275,2194,11,0
21.704953,4.852000,115.000,32.615000,1.366000,125.396065,3692,335,0,150,274,2192,11,0
21.717246,12.293000,115.000,32.615000,1.366000,125.396545,3692,335,0,150,274,2192,11,0
21.722482,5.236000,115.000,32.615000,1.366000,125.397018,3692,335,0,148,272,2188,11,0
21.727577,5.095000,115.000,32.615000,1.366000,125.397499,3692,335,0,147,271,2186,11,0
21.742860,15.283000,115.000,32.615000,1.366000,125.387531,3688,331,0,147,271,2186,11,0
21.750068,7.208000,115.000,32.615000,1.366000,125.383617,3681,331,0,146,271,2186,11,0
21.754833,4.765000,115.000,32.615000,1.366000,125.384113,3681,331,0,144,269,2182,11,0
21.766759,11.926000,115.000,32.615000,1.366000,125.384510,3681,331,0,143,268,2180,11,0
21.771426,4.667000,115.000,32.615000,1.366000,125.371071,3675,326,0,142,267,2178,11,0
21.783308,11.882000,115.000,32.615000,1.366000,125.365234,3665,326,0,141,266,2176,11,0
21.787585,4.277000,115.000,32.615000,1.366000,125.365665,3665,326,0,141,266,2176,11,0
21.793358,5.773000,115.000,32.615000,1.366000,125.387131,3667,326,0,158,287,2218,11,0
21.809207,15.849000,115.000,32.615000,1.366000,125.389320,3670,326,0,158,287,2218,11,0
21.812492,3.285000,115.000,32.615000,1.366000,125.382992,3670,326,0,144,273,2190,11,0
21.825747,13.255000,115.000,32.615000,1.366000,125.383450,3670,326,0,144,273,2190,11,0
21.833271,7.524000,115.000,32.615000,1.366000,125.382290,3667,326,0,144,273,2190,11,0
21.837862,4.591000,115.000,32.615000,1.366000,125.382786,3667,326,0,144,273,2190,11,0
21.849991,12.129000,115.000,32.615000,1.366000,125.383266,3667,326,0,144,273,2190,11,0
21.854352,4.361000,115.000,32.615000,1.366000,125.383732,3667,326,0,144,273,2190,11,0
21.866797,12.445000,115.000,32.615000,1.366000,125.384212,3667,326,0,144,273,2190,11,0
21.871395,4.598000,115.000,32.615000,1.366000,125.386353,3670,326,0,144,273,2190,11,0
21.883365,11.970000,115.000,32.615000,1.366000,125.386833,3670,326,0,144,273,2190,11,0
21.887975,4.610000,115.000,32.615000,1.366000,125.387310,3670,326,0,144,273,2190,11,0
21.899984,12.009000,115.000,32.615000,1.366000,125.387791,3670,326,0,144,273,2190,11,0
21.904127,4.143000,115.000,32.615000,1.366000,125.386616,3667,326,0,144,273,2190,11,0
21.917333,13.206000,115.000,32.615000,1.366000,125.387096,3667,326,0,144,273,2190,11,0
21.922463,5.130000,115.000,32.615000,1.366000,125.387592,3667,326,0,144,273,2190,11,0
21.927078,4.615000,115.000,32.615000,1.366000,125.388073,3667,326,0,144,273,2190,11,0
21.942587,15.509000,115.000,32.615000,1.366000,125.388493,3667,326,0,142,266,2176,11,0
21.950025,7.438000,115.000,32.615000,1.366000,125.384563,3665,326,0,142,266,2176,11,0
21.954415,4.390000,115.000,32.615000,1.366000,125.385044,3665,326,0,141,265,2174,11,0
21.966629,12.214000,115.000,32.615000,1.366000,125.372578,3660,326,0,141,265,2174,11,0
21.970960,4.331000,115.000,32.615000,1.366000,125.373081,3660,326,0,141,265,2174,11,0
21.983421,12.461000,115.000,32.615000,1.366000,125.373516,3660,326,0,140,265,2174,11,0
21.987762,4.341000,115.000,32.615000,1.366000,125.373981,3660,326,0,140,265,2174,11,0
21.996829,9.067000,115.000,32.615000,1.366000,125.374462,3660,326,0,141,265,2174,11,0
22.008391,11.562000,115.000,32.615000,1.366000,125.373318,3657,326,0,141,265,2174,11,0
22.010672,2.281000,115.000,32.615000,1.366000,125.373798,3657,326,0,140,265,2174,11,0
22.025401,14.729000,115.000,32.615000,1.366000,125.380238,3667,326,0,140,265,2174,11,0
22.033321,7.920000,115.000,32.615000,1.366000,125.380718,3667,326,0,140,265,2174,11,0
22.038267,4.946000,115.000,32.615000,1.366000,125.377949,3661,326,0,140,265,2174,11,0
22.050002,11.735000,115.000,32.615000,1.366000,125.378429,3661,326,0,139,265,2174,11,0
22.054421,4.419000,115.000,32.615000,1.366000,125.378925,3661,326,0,139,265,2174,11,0
22.066643,12.222000,115.000,32.615000,1.366000,125.379406,3661,326,0,141,265,2174,11,0
22.072413,5.770000,115.000,32.615000,1.366000,125.379856,3661,326,0,141,265,2174,11,0
22.102535,30.122000,115.000,32.615000,1.366000,125.483459,3728,335,0,170,333,2310,11,1
22.116522,13.987000,116.000,29.600000,1.331000,125.466431,3728,335,0,134,291,2226,11,1
22.120640,4.118000,116.000,29.600000,1.331000,125.466099,3731,334,0,134,291,2226,11,0
22.134346,13.706000,116.000,29.600000,1.331000,125.469780,3726,334,0,149,305,2254,11,0
22.137972,3.626000,116.000,29.600000,1.331000,125.444118,3691,334,0,135,291,2226,11,0
22.150647,12.675000,116.000,29.600000,1.331000,125.444599,3691,334,0,135,291,2226,11,0
22.154012,3.365000,116.000,29.600000,1.331000,125.445080,3691,334,0,135,291,2226,11,0
22.169163,15.151000,116.000,29.600000,1.331000,125.445515,3691,334,0,135,291,2226,11,0
22.184459,15.296000,116.000,29.600000,1.331000,125.444355,3688,334,0,135,291,2226,11,0
22.188220,3.761000,116.000,29.600000,1.331000,125.444836,3688,334,0,135,291,2226,11,0
22.201042,12.822000,116.000,29.600000,1.331000,125.445271,3688,334,0,135,291,2226,11,0
22.205343,4.301000,116.000,29.600000,1.331000,125.445751,3688,334,0,135,291,2226,11,0
22.216646,11.303000,116.000,29.600000,1.331000,125.446232,3688,334,0,135,291,2226,11,0
22.221142,4.496000,116.000,29.600000,1.331000,125.444210,3684,334,0,133,255,2154,11,0
22.233317,12.175000,116.000,29.600000,1.331000,125.444637,3684,334,0,133,255,2154,11,0
22.237911,4.594000,116.000,29.600000,1.331000,125.409256,3682,334,0,133,255,2154,11,0
22.250893,12.982000,116.000,29.600000,1.331000,125.409767,3682,334,0,133,255,2154,11,0
22.254285,3.392000,116.000,29.600000,1.331000,125.410248,3682,334,0,134,255,2154,11,0
22.267799,13.514000,116.000,29.600000,1.331000,125.412365,3685,334,0,133,254,2152,11,0
22.271224,3.425000,116.000,29.600000,1.331000,125.412846,3685,334,0,133,254,2152,11,0
22.284631,13.407000,116.000,29.600000,1.331000,125.415066,3688,334,0,133,254,2152,11,0
22.288133,3.502000,116.000,29.600000,1.331000,125.415340,3688,334,0,132,254,2152,11,0
22.301066,12.933000,116.000,29.600000,1.331000,125.412266,3682,334,0,132,254,2152,11,0
22.304279,3.213000,116.000,29.600000,1.331000,125.412746,3682,334,0,130,253,2150,11,0
22.317715,13.436000,116.000,29.600000,1.331000,125.413242,3682,334,0,130,253,2150,11,0
22.320885,3.170000,116.000,29.600000,1.331000,125.413723,3682,334,0,128,251,2146,11,0
22.334306,13.421000,116.000,29.600000,1.331000,125.414188,3682,334,0,128,251,2146,11,0
22.337635,3.329000,116.000,29.600000,1.331000,125.404266,3678,330,0,129,250,2144,11,0
22.351042,13.407000,116.000,29.600000,1.331000,125.400352,3671,330,0,129,250,2144,11,0
22.354223,3.181000,116.000,29.600000,1.331000,125.400833,3671,330,0,127,248,2140,11,0
22.367906,13.683000,116.000,29.600000,1.331000,125.392567,3669,327,0,126,247,2138,11,0
22.371075,3.169000,116.000,29.600000,1.331000,125.389271,3663,327,0,124,245,2134,11,0
22.385281,14.206000,116.000,29.600000,1.331000,125.374138,3654,322,0,124,245,2134,11,0
22.388583,3.302000,116.000,29.600000,1.331000,125.368301,3644,322,0,124,245,2134,11,0
22.394171,5.588000,116.000,29.600000,1.331000,125.389771,3646,322,0,140,266,2176,11,0
22.410607,16.436000,116.000,29.600000,1.331000,125.407066,3659,326,0,140,266,2176,11,0
22.414176,3.569000,116.000,29.600000,1.331000,125.408234,3659,326,0,127,254,2152,11,0
22.419581,5.405000,116.000,29.600000,1.331000,125.401863,3659,326,0,127,254,2152,11,0
22.434517,14.936000,116.000,29.600000,1.331000,125.402344,3659,326,0,127,254,2152,11,0
22.450926,16.409000,116.000,29.600000,1.331000,125.402840,3659,326,0,127,254,2152,11,0
22.454257,3.331000,116.000,29.600000,1.331000,125.403320,3659,326,0,127,254,2152,11,0
22.467760,13.503000,116.000,29.600000,1.331000,125.403801,3659,326,0,127,254,2152,11,0
22.471085,3.325000,116.000,29.600000,1.331000,125.404236,3659,326,0,127,254,2152,11,0
22.486479,15.394000,116.000,29.600000,1.331000,125.406406,3662,326,0,127,254,2152,11,0
22.489464,2.985000,116.000,29.600000,1.331000,125.406887,3662,326,0,127,254,2152,11,0
22.494743,5.279000,116.000,29.600000,1.331000,125.407337,3662,326,0,127,254,2152,11,0
22.508288,13.545000,116.000,29.600000,1.331000,125.406178,3659,326,0,127,254,2152,11,0
22.517785,9.497000,116.000,29.600000,1.331000,125.409969,3665,326,0,127,254,2152,11,0
22.521080,3.295000,116.000,29.600000,1.331000,125.408810,3662,326,0,127,254,2152,11,0
22.534167,13.087000,116.000,29.600000,1.331000,125.409252,3662,326,0,127,254,2152,11,0
22.537282,3.115000,116.000,29.600000,1.331000,125.409733,3662,326,0,127,254,2152,11,0
22.550922,13.640000,116.000,29.600000,1.331000,125.410145,3662,326,0,127,254,2152,11,0
22.554061,3.139000,116.000,29.600000,1.331000,125.406216,3660,326,0,125,247,2138,11,0
22.567466,13.405000,116.000,29.600000,1.331000,125.406712,3660,326,0,125,247,2138,11,0
22.570690,3.224000,116.000,29.600000,1.331000,125.397434,3660,326,0,125,247,2138,11,0
22.584447,13.757000,116.000,29.600000,1.331000,125.397839,3660,326,0,125,247,2138,11,0
22.587595,3.148000,116.000,29.600000,1.331000,125.398319,3660,326,0,124,247,2138,11,0
22.601002,13.407000,116.000,29.600000,1.331000,125.398830,3660,326,0,124,247,2138,11,0
22.604158,3.156000,116.000,29.600000,1.331000,125.397671,3657,326,0,123,247,2138,11,0
22.617734,13.576000,116.000,29.600000,1.331000,125.398121,3657,326,0,123,247,2138,11,0
22.620832,3.098000,116.000,29.600000,1.331000,125.398602,3657,326,0,124,247,2138,11,0
22.634461,13.629000,116.000,29.600000,1.331000,125.399082,3657,326,0,124,247,2138,11,0
22.637649,3.188000,116.000,29.600000,1.331000,125.405567,3667,326,0,124,247,2138,11,0
22.651057,13.408000,116.000,29.600000,1.331000,125.406067,3667,326,0,124,247,2138,11,0
22.654345,3.288000,116.000,29.600000,1.331000,125.406548,3667,326,0,123,247,2138,11,0
22.668853,14.508000,116.000,29.600000,1.331000,125.407009,3667,326,0,123,247,2138,11,0
22.672002,3.149000,116.000,29.600000,1.331000,125.407490,3667,326,0,124,247,2138,11,0
22.684840,12.838000,116.000,29.600000,1.331000,125.407970,3667,326,0,124,247,2138,11,0
22.688108,3.268000,116.000,29.600000,1.331000,125.408405,3667,326,0,123,247,2138,11,0
22.722249,34.141000,116.000,29.600000,1.331000,125.518875,3734,335,0,169,333,2310,11,0
22.733355,11.106000,116.000,29.600000,1.331000,125.516132,3734,335,0,163,323,2290,11,0
22.735881,2.526000,116.000,29.600000,1.331000,125.488831,3696,335,0,149,309,2262,11,0
22.750826,14.945000,116.000,29.600000,1.331000,125.486031,3690,335,0,149,309,2262,11,0
22.754428,3.602000,116.000,29.600000,1.331000,125.486511,3690,335,0,149,309,2262,11,0
22.767468,13.040000,116.000,29.600000,1.331000,125.486992,3690,335,0,149,309,2262,11,0
22.771052,3.584000,116.000,29.600000,1.331000,125.487473,3690,335,0,149,309,2262,11,0
22.784214,13.162000,116.000,29.600000,1.331000,125.487953,3690,335,0,149,309,2262,11,0
22.788239,4.025000,116.000,29.600000,1.331000,125.488434,3690,335,0,149,309,2262,11,0
22.800853,12.614000,116.000,29.600000,1.331000,125.488914,3690,335,0,149,309,2262,11,0
22.804456,3.603000,116.000,29.600000,1.331000,125.489395,3690,335,0,149,309,2262,11,0
22.817495,13.039000,116.000,29.600000,1.331000,125.489876,3690,335,0,149,309,2262,11,0
22.821080,3.585000,116.000,29.600000,1.331000,125.487854,3686,335,0,147,273,2190,11,0
22.833936,12.856000,116.000,29.600000,1.331000,125.488289,3686,335,0,147,273,2190,11,0
22.837376,3.440000,116.000,29.600000,1.331000,125.488716,3686,335,0,147,273,2190,11,0
22.850966,13.590000,116.000,29.600000,1.331000,125.453342,3684,335,0,147,273,2190,11,0
22.854428,3.462000,116.000,29.600000,1.331000,125.453823,3684,335,0,148,273,2190,11,0
22.867510,13.082000,116.000,29.600000,1.331000,125.452648,3681,335,0,148,273,2190,11,0
22.871241,3.731000,116.000,29.600000,1.331000,125.453083,3681,335,0,148,273,2190,11,0
22.884449,13.208000,116.000,29.600000,1.331000,125.453629,3681,335,0,148,273,2190,11,0
22.887909,3.460000,116.000,29.600000,1.331000,125.454109,3681,335,0,149,273,2190,11,0
22.903303,15.394000,116.000,29.600000,1.331000,125.454605,3681,335,0,149,273,2190,11,0
22.916752,13.449000,116.000,29.600000,1.331000,125.454880,3681,335,0,149,273,2190,11,0
22.921383,4.631000,116.000,29.600000,1.331000,125.451843,3675,335,0,148,272,2188,11,0
22.933475,12.092000,116.000,29.600000,1.331000,125.452324,3675,335,0,146,272,2188,11,0
22.937834,4.359000,116.000,29.600000,1.331000,125.452805,3675,335,0,144,270,2184,11,0
22.950002,12.168000,116.000,29.600000,1.331000,125.453285,3675,335,0,146,270,2184,11,0
22.954681,4.679000,116.000,29.600000,1.331000,125.444992,3674,331,0,145,269,2182,11,0
22.966673,11.992000,116.000,29.600000,1.331000,125.441124,3667,331,0,145,269,2182,11,0
22.971854,5.181000,116.000,29.600000,1.331000,125.443184,3670,331,0,143,267,2178,11,0
22.984835,12.981000,116.000,29.600000,1.331000,125.443665,3670,331,0,141,266,2176,11,0
22.989941,5.106000,116.000,29.600000,1.331000,125.445766,3673,331,0,140,265,2174,11,0
22.993493,3.552000,116.000,29.600000,1.331000,125.430714,3664,326,0,141,265,2174,11,0
23.009199,15.706000,116.000,29.600000,1.331000,125.424809,3654,326,0,141,265,2174,11,0
23.016347,7.148000,116.000,29.600000,1.331000,125.446278,3656,326,0,157,286,2216,11,0
23.021688,5.341000,116.000,29.600000,1.331000,125.439964,3656,326,0,143,272,2188,11,0
23.033318,11.630000,116.000,29.600000,1.331000,125.440445,3656,326,0,143,272,2188,11,0
23.037879,4.561000,116.000,29.600000,1.331000,125.440895,3656,326,0,143,272,2188,11,0
23.050124,12.245000,116.000,29.600000,1.331000,125.429787,3652,322,0,143,272,2188,11,0
23.054891,4.767000,116.000,29.600000,1.331000,125.434383,3652,324,0,143,272,2188,11,0
23.066679,11.788000,116.000,29.600000,1.331000,125.435333,3652,324,0,144,273,2190,11,0
23.076020,9.341000,116.000,29.600000,1.331000,125.437466,3655,324,0,144,273,2190,11,0
23.079915,3.895000,116.000,29.600000,1.331000,125.437901,3655,324,0,144,273,2190,11,0
23.092351,12.436000,111.000,33.562000,2.283000,125.438381,3655,324,0,144,273,2190,11,0
23.099877,7.526000,111.000,33.562000,2.283000,125.438862,3655,324,0,144,273,2190,11,0
23.104613,4.736000,111.000,33.562000,2.283000,125.441006,3658,324,0,144,273,2190,11,0
23.116664,12.051000,111.000,33.562000,2.283000,125.441486,3658,324,0,144,273,2190,11,0
23.120956,4.292000,111.000,33.562000,2.283000,125.441929,3658,324,0,144,273,2190,11,0
23.133809,12.853000,111.000,33.562000,2.283000,125.442410,3658,324,0,144,273,2190,11,0
23.138766,4.957000,111.000,33.562000,2.283000,125.442905,3658,324,0,144,273,2190,11,0
23.153466,14.700000,111.000,33.562000,2.283000,125.443386,3658,324,0,144,273,2190,11,0
23.166811,13.345000,111.000,33.562000,2.283000,125.443813,3658,324,0,142,266,2176,11,0
23.168920,2.109000,111.000,33.562000,2.283000,125.439884,3656,324,0,142,266,2176,11,0
23.184252,15.332000,111.000,33.562000,2.283000,125.442009,3659,324,0,142,266,2176,11,0
23.187599,3.347000,111.000,33.562000,2.283000,125.432732,3659,324,0,142,266,2176,11,0
23.201547,13.948000,111.000,33.562000,2.283000,125.432419,3656,324,0,142,266,2176,11,1
23.204949,3.402000,111.000,33.562000,2.283000,125.431259,3653,324,0,141,266,2176,11,1
23.217862,12.913000,111.000,33.562000,2.283000,125.436131,3665,323,0,141,266,2176,11,0
23.221270,3.408000,111.000,33.562000,2.283000,125.431713,3657,323,0,142,266,2176,11,0
23.234349,13.079000,111.000,33.562000,2.283000,125.432121,3657,323,0,142,266,2176,11,0
23.237729,3.380000,111.000,33.562000,2.283000,125.438606,3667,323,0,143,266,2176,11,0
23.251601,13.872000,111.000,33.562000,2.283000,125.439072,3667,323,0,143,266,2176,11,0
23.254992,3.391000,111.000,33.562000,2.283000,125.439552,3667,323,0,142,266,2176,11,0
23.267773,12.781000,111.000,33.562000,2.283000,125.440063,3667,323,0,142,266,2176,11,0
23.271165,3.392000,111.000,33.562000,2.283000,125.440544,3667,323,0,142,266,2176,11,0
23.285051,13.886000,111.000,33.562000,2.283000,125.312290,3617,283,0,142,266,2176,11,0
23.314818,29.767000,111.000,33.562000,2.283000,125.382809,3634,292,0,160,314,2272,11,0
23.334549,19.731000,111.000,33.562000,2.283000,125.365780,3634,292,0,124,272,2188,11,0
23.339965,5.416000,111.000,33.562000,2.283000,125.372772,3634,292,0,138,286,2216,11,0
23.343667,3.702000,111.000,33.562000,2.283000,125.352280,3596,292,0,124,272,2188,11,0
23.359853,16.186000,111.000,33.562000,2.283000,125.345951,3596,292,0,124,272,2188,11,0
23.367301,7.448000,111.000,33.562000,2.283000,125.346432,3596,292,0,123,271,2186,11,0
23.370732,3.431000,111.000,33.562000,2.283000,125.346912,3596,292,0,123,271,2186,11,0
23.384724,13.992000,111.000,33.562000,2.283000,125.347393,3596,292,0,123,271,2186,11,0
23.388885,4.161000,111.000,33.562000,2.283000,125.347874,3596,292,0,123,271,2186,11,0
23.393899,5.014000,111.000,33.562000,2.283000,125.346714,3593,292,0,123,271,2186,11,0
23.409138,15.239000,111.000,33.562000,2.283000,125.347195,3593,292,0,123,271,2186,11,0
23.416689,7.551000,111.000,33.562000,2.283000,125.347675,3593,292,0,123,271,2186,11,0
23.421087,4.398000,111.000,33.562000,2.283000,125.348156,3593,292,0,123,271,2186,11,0
23.433289,12.202000,111.000,33.562000,2.283000,125.346134,3589,292,0,121,235,2114,11,0
23.437396,4.107000,111.000,33.562000,2.283000,125.343281,3583,292,0,121,235,2114,11,0
23.449993,12.597000,111.000,33.562000,2.283000,125.307899,3581,292,0,121,235,2114,11,0
23.454054,4.061000,111.000,33.562000,2.283000,125.308392,3581,292,0,121,235,2114,11,0
23.466688,12.634000,111.000,33.562000,2.283000,125.308872,3581,292,0,122,235,2114,11,0
23.470900,4.212000,111.000,33.562000,2.283000,125.298454,3576,289,0,121,234,2112,11,0
23.483249,12.349000,111.000,33.562000,2.283000,125.295162,3570,289,0,121,234,2112,11,0
23.486376,3.127000,111.000,33.562000,2.283000,125.295643,3570,289,0,121,234,2112,11,0
23.501026,14.650000,111.000,33.562000,2.283000,125.296154,3570,289,0,121,234,2112,11,0
23.504372,3.346000,111.000,33.562000,2.283000,125.296635,3570,289,0,121,234,2112,11,0
23.518243,13.871000,111.000,33.562000,2.283000,125.313511,3580,293,0,121,234,2112,11,0
23.522201,3.958000,111.000,33.562000,2.283000,125.311176,3574,293,0,121,235,2114,11,0
23.534489,12.288000,111.000,33.562000,2.283000,125.311699,3574,293,0,121,235,2114,11,0
23.537704,3.215000,111.000,33.562000,2.283000,125.312180,3574,293,0,120,233,2110,11,0
23.551016,13.312000,111.000,33.562000,2.283000,125.312645,3574,293,0,120,233,2110,11,0
23.554777,3.761000,111.000,33.562000,2.283000,125.302723,3570,289,0,120,232,2108,11,0
23.567890,13.113000,111.000,33.562000,2.283000,125.297153,3560,289,0,120,232,2108,11,0
23.571365,3.475000,111.000,33.562000,2.283000,125.297588,3560,289,0,117,230,2104,11,0
23.584631,13.266000,111.000,33.562000,2.283000,125.298115,3560,289,0,117,230,2104,11,0
23.587779,3.148000,111.000,33.562000,2.283000,125.298512,3560,289,0,116,229,2102,11,0
23.601059,13.280000,111.000,33.562000,2.283000,125.283367,3551,284,0,115,228,2100,11,0
23.604036,2.977000,111.000,33.562000,2.283000,125.277531,3541,284,0,115,228,2100,11,0
23.617875,13.839000,111.000,33.562000,2.283000,125.278027,3541,284,0,115,228,2100,11,0
23.623386,5.511000,111.000,33.562000,2.283000,125.299484,3543,284,0,132,249,2142,11,0
23.628566,5.180000,111.000,33.562000,2.283000,125.299965,3543,284,0,132,249,2142,11,0
23.641410,12.844000,111.000,33.562000,2.283000,125.300446,3543,284,0,118,235,2114,11,0
23.650617,9.207000,111.000,33.562000,2.283000,125.294086,3543,284,0,118,235,2114,11,0
23.654100,3.483000,111.000,33.562000,2.283000,125.294567,3543,284,0,118,235,2114,11,0
23.667792,13.692000,111.000,33.562000,2.283000,125.294952,3543,284,0,118,235,2114,11,0
23.671455,3.663000,111.000,33.562000,2.283000,125.295433,3543,284,0,118,235,2114,11,0
23.684527,13.072000,111.000,33.562000,2.283000,125.297546,3546,284,0,118,235,2114,11,0
23.687863,3.336000,111.000,33.562000,2.283000,125.298027,3546,284,0,118,235,2114,11,0
23.701127,13.264000,111.000,33.562000,2.283000,125.300209,3549,284,0,118,235,2114,11,0
23.704174,3.047000,111.000,33.562000,2.283000,125.300690,3549,284,0,118,235,2114,11,0
23.717713,13.539000,111.000,33.562000,2.283000,125.301155,3549,284,0,118,235,2114,11,0
23.721210,3.497000,111.000,33.562000,2.283000,125.301636,3549,284,0,118,235,2114,11,0
23.734578,13.368000,111.000,33.562000,2.283000,125.302086,3549,284,0,118,235,2114,11,0
23.737870,3.292000,111.000,33.562000,2.283000,125.302567,3549,284,0,118,235,2114,11,0
23.750713,12.843000,111.000,33.562000,2.283000,125.302971,3549,284,0,118,235,2114,11,0
23.753802,3.089000,111.000,33.562000,2.283000,125.303452,3549,284,0,118,235,2114,11,0
23.767806,14.004000,111.000,33.562000,2.283000,125.303909,3549,284,0,116,228,2100,11,0
23.771425,3.619000,111.000,33.562000,2.283000,125.299980,3547,284,0,116,228,2100,11,0
23.784348,12.923000,111.000,33.562000,2.283000,125.302116,3550,284,0,116,228,2100,11,0
23.787657,3.309000,111.000,33.562000,2.283000,125.292839,3550,284,0,115,227,2098,11,0
23.800913,13.256000,111.000,33.562000,2.283000,125.287914,3548,282,0,115,227,2098,11,0
23.803836,2.923000,111.000,33.562000,2.283000,125.286015,3544,282,0,113,227,2098,11,0
23.817882,14.046000,111.000,33.562000,2.283000,125.288128,3547,282,0,113,227,2098,11,0
23.821405,3.523000,111.000,33.562000,2.283000,125.288609,3547,282,0,113,227,2098,11,0
23.834443,13.038000,111.000,33.562000,2.283000,125.289127,3547,282,0,113,227,2098,11,0
23.837524,3.081000,111.000,33.562000,2.283000,125.289608,3547,282,0,114,227,2098,11,0
23.851022,13.498000,111.000,33.562000,2.283000,125.296078,3557,282,0,114,227,2098,11,0
23.853918,2.896000,111.000,33.562000,2.283000,125.296558,3557,282,0,115,227,2098,11,0
23.867823,13.905000,111.000,33.562000,2.283000,125.297039,3557,282,0,115,227,2098,11,0
23.871323,3.500000,111.000,33.562000,2.283000,125.297520,3557,282,0,113,227,2098,11,0
23.884567,13.244000,111.000,33.562000,2.283000,125.299660,3560,282,0,113,227,2098,11,0
23.888057,3.490000,111.000,33.562000,2.283000,125.300140,3560,282,0,114,227,2098,11,0
23.900932,12.875000,111.000,33.562000,2.283000,125.300587,3560,282,0,114,227,2098,11,0
23.937799,36.867000,111.000,33.562000,2.283000,125.414383,3633,291,0,160,313,2270,11,0
23.950123,12.324000,111.000,33.562000,2.283000,125.409973,3630,291,0,154,303,2250,11,0
23.952649,2.526000,111.000,33.562000,2.283000,125.382671,3592,291,0,140,289,2222,11,0
23.968030,15.381000,111.000,33.562000,2.283000,125.383152,3592,291,0,140,289,2222,11,0
23.972067,4.037000,111.000,33.562000,2.283000,125.383587,3592,291,0,140,289,2222,11,0
23.977598,5.531000,111.000,33.562000,2.283000,125.384068,3592,291,0,140,289,2222,11,0
23.992163,14.565000,111.000,33.562000,2.283000,125.384548,3592,291,0,140,289,2222,11,0
24.000200,8.037000,111.000,33.562000,2.283000,125.385029,3592,291,0,140,289,2222,11,0
24.004772,4.572000,111.000,33.562000,2.283000,125.383789,3589,291,0,140,289,2222,11,0
24.016858,12.086000,111.000,33.562000,2.283000,125.384270,3589,291,0,140,289,2222,11,0
24.021785,4.927000,111.000,33.562000,2.283000,125.384750,3589,291,0,140,289,2222,11,0
24.033551,11.766000,111.000,33.562000,2.283000,125.382729,3585,291,0,140,289,2222,11,0
24.038345,4.794000,111.000,33.562000,2.283000,125.384899,3588,291,0,138,253,2150,11,0
24.049950,11.605000,111.000,33.562000,2.283000,125.385380,3588,291,0,138,253,2150,11,0
24.054138,4.188000,111.000,33.562000,2.283000,125.385742,3588,291,0,138,253,2150,11,0
24.066876,12.738000,111.000,33.562000,2.283000,125.350361,3586,291,0,138,253,2150,11,0
24.071024,4.148000,111.000,33.562000,2.283000,125.350895,3586,291,0,138,253,2150,11,0
24.084350,13.326000,111.000,33.562000,2.283000,125.351372,3586,291,0,138,253,2150,11,0
24.087820,3.470000,111.000,36.165000,1.645000,125.351807,3586,291,0,138,253,2150,11,0
24.100566,12.746000,111.000,36.165000,1.645000,125.352226,3586,291,0,138,253,2150,11,0
24.103888,3.322000,111.000,36.165000,1.645000,125.351067,3583,291,0,138,253,2150,11,0
24.119327,15.439000,111.000,36.165000,1.645000,125.351574,3583,291,0,138,253,2150,11,0
24.123563,4.236000,111.000,36.165000,1.645000,125.351849,3583,291,0,139,253,2150,11,0
24.128610,5.047000,111.000,36.165000,1.645000,125.348843,3577,291,0,139,253,2150,11,0
24.141406,12.796000,111.000,36.165000,1.645000,125.345997,3571,291,0,137,252,2148,11,0
24.151300,9.894000,111.000,36.165000,1.645000,125.346508,3571,291,0,137,252,2148,11,0
24.154387,3.087000,111.000,36.165000,1.645000,125.346909,3571,291,0,135,250,2144,11,0
24.167959,13.572000,111.000,36.165000,1.645000,125.347359,3571,291,0,134,249,2142,11,0
24.171795,3.836000,111.000,36.165000,1.645000,125.337437,3567,287,0,135,249,2142,11,0
24.184612,12.817000,111.000,36.165000,1.645000,125.333477,3560,287,0,135,249,2142,11,0
24.187905,3.293000,111.000,36.165000,1.645000,125.333958,3560,287,0,132,247,2138,11,0
24.201141,13.236000,111.000,36.165000,1.645000,125.334400,3560,287,0,131,246,2136,11,0
24.204383,3.242000,111.000,36.165000,1.645000,125.319347,3551,282,0,130,245,2134,11,0
24.217740,13.357000,111.000,36.165000,1.645000,125.313465,3541,282,0,130,245,2134,11,0
24.223585,5.845000,111.000,36.165000,1.645000,125.334885,3543,282,0,147,266,2176,11,0
24.228639,5.054000,111.000,36.165000,1.645000,125.335381,3543,282,0,147,266,2176,11,0
24.241345,12.706000,111.000,36.165000,1.645000,125.335861,3543,282,0,147,266,2176,11,0
24.250633,9.288000,111.000,36.165000,1.645000,125.329502,3543,282,0,133,252,2148,11,0
24.253824,3.191000,111.000,36.165000,1.645000,125.329983,3543,282,0,133,252,2148,11,0
24.268741,14.917000,111.000,36.165000,1.645000,125.330479,3543,282,0,133,252,2148,11,0
24.272459,3.718000,111.000,36.165000,1.645000,125.330959,3543,282,0,133,252,2148,11,0
24.279645,7.186000,111.000,36.165000,1.645000,125.510674,3657,330,0,133,252,2148,11,0
24.291431,11.786000,111.000,36.165000,1.645000,125.519897,3657,330,0,145,276,2196,11,0
24.300647,9.216000,111.000,36.165000,1.645000,125.521275,3657,330,0,145,276,2196,11,1
24.303983,3.336000,111.000,36.165000,1.645000,125.521755,3657,330,0,145,276,2196,11,1
24.317982,13.999000,111.000,36.165000,1.645000,125.523319,3663,329,0,145,276,2196,11,0
24.321814,3.832000,111.000,36.165000,1.645000,125.520542,3658,329,0,146,276,2196,11,0
24.335083,13.269000,111.000,36.165000,1.645000,125.521023,3658,329,0,146,276,2196,11,0
24.339008,3.925000,111.000,36.165000,1.645000,125.521503,3658,329,0,146,276,2196,11,0
24.344228,5.220000,111.000,36.165000,1.645000,125.521984,3658,329,0,146,276,2196,11,0
24.358198,13.970000,111.000,36.165000,1.645000,125.522465,3658,329,0,146,276,2196,11,0
24.363147,4.949000,111.000,36.165000,1.645000,125.522907,3658,329,0,144,269,2182,11,0
24.375117,11.970000,111.000,36.165000,1.645000,125.518978,3656,329,0,144,269,2182,11,0
24.384804,9.687000,111.000,36.165000,1.645000,125.521076,3659,329,0,144,269,2182,11,0
24.388239,3.435000,111.000,36.165000,1.645000,125.511799,3659,329,0,144,269,2182,11,0
24.400805,12.566000,111.000,36.165000,1.645000,125.513992,3662,329,0,144,269,2182,11,0
24.408437,7.632000,111.000,36.165000,1.645000,125.514473,3662,329,0,144,269,2182,11,0
24.413622,5.185000,111.000,36.165000,1.645000,125.514919,3662,329,0,144,269,2182,11,0
24.425097,11.475000,111.000,36.165000,1.645000,125.515400,3662,329,0,142,269,2182,11,0
24.434365,9.268000,111.000,36.165000,1.645000,125.515911,3662,329,0,142,269,2182,11,0
24.437750,3.385000,111.000,36.165000,1.645000,125.516392,3662,329,0,142,269,2182,11,0
24.450805,13.055000,111.000,36.165000,1.645000,125.516827,3662,329,0,142,269,2182,11,0
24.454096,3.291000,111.000,36.165000,1.645000,125.523312,3672,329,0,142,269,2182,11,0
24.467844,13.748000,111.000,36.165000,1.645000,125.523808,3672,329,0,142,269,2182,11,0
24.471654,3.810000,111.000,36.165000,1.645000,125.524288,3672,329,0,142,269,2182,11,0
24.484461,12.807000,111.000,36.165000,1.645000,125.526443,3675,329,0,141,268,2180,11,0
24.487932,3.471000,111.000,36.165000,1.645000,125.526924,3675,329,0,143,268,2180,11,0
24.501392,13.460000,111.000,36.165000,1.645000,125.527325,3675,329,0,143,268,2180,11,0
24.504984,3.592000,111.000,36.165000,1.645000,125.527805,3675,329,0,141,268,2180,11,0
24.540140,35.156000,111.000,36.165000,1.645000,125.632149,3745,338,0,171,336,2316,11,0
24.543601,3.461000,111.000,36.165000,1.645000,125.615074,3745,338,0,135,294,2232,11,0
24.559330,15.729000,111.000,36.165000,1.645000,125.614616,3745,338,0,135,294,2232,11,0
24.564622,5.292000,111.000,36.165000,1.645000,125.586506,3708,335,0,134,293,2230,11,0
24.569177,4.555000,111.000,36.165000,1.645000,125.583294,3702,335,0,134,293,2230,11,0
24.584479,15.302000,111.000,36.165000,1.645000,125.583775,3702,335,0,134,293,2230,11,0
24.588330,3.851000,111.000,36.165000,1.645000,125.584255,3702,335,0,134,293,2230,11,0
24.601448,13.118000,111.000,36.165000,1.645000,125.601521,3715,339,0,134,293,2230,11,0
24.604991,3.543000,111.000,36.165000,1.645000,125.602688,3715,339,0,135,295,2234,11,0
24.618077,13.086000,111.000,36.165000,1.645000,125.601524,3712,339,0,135,295,2234,11,0
24.622113,4.036000,111.000,36.165000,1.645000,125.602005,3712,339,0,135,295,2234,11,0
24.628768,6.655000,111.000,36.165000,1.645000,125.602486,3712,339,0,135,295,2234,11,0
24.641396,12.628000,111.000,36.165000,1.645000,125.600464,3708,339,0,133,259,2162,11,0
24.651239,9.843000,111.000,36.165000,1.645000,125.600945,3708,339,0,133,259,2162,11,0
24.654572,3.333000,111.000,36.165000,1.645000,125.601425,3708,339,0,133,259,2162,11,0
24.667867,13.295000,111.000,36.165000,1.645000,125.570385,3708,339,0,133,259,2162,11,0
24.671778,3.911000,111.000,36.165000,1.645000,125.566456,3706,339,0,133,259,2162,11,0
24.684547,12.769000,111.000,36.165000,1.645000,125.566921,3706,339,0,133,259,2162,11,0
24.688262,3.715000,111.000,36.165000,1.645000,125.567402,3706,339,0,133,259,2162,11,0
24.701310,13.048000,111.000,36.165000,1.645000,125.566257,3703,339,0,133,259,2162,11,0
24.705292,3.982000,111.000,36.165000,1.645000,125.566692,3703,339,0,133,259,2162,11,0
24.711756,6.464000,111.000,36.165000,1.645000,125.566986,3703,339,0,133,259,2162,11,0
24.724984,13.228000,111.000,36.165000,1.645000,125.563965,3697,339,0,135,259,2162,11,0
24.734414,9.430000,111.000,36.165000,1.645000,125.564423,3697,339,0,134,258,2160,11,0
24.737948,3.534000,111.000,36.165000,1.645000,125.564903,3697,339,0,133,258,2160,11,0
24.751162,13.214000,111.000,36.165000,1.645000,125.565437,3697,339,0,131,256,2156,11,0
24.754311,3.149000,111.000,36.165000,1.645000,125.565918,3697,339,0,131,256,2156,11,0
24.768151,13.840000,111.000,36.165000,1.645000,125.555920,3693,335,0,130,255,2154,11,0
24.771232,3.081000,111.000,36.165000,1.645000,125.552052,3686,335,0,131,255,2154,11,0
24.784248,13.016000,111.000,36.165000,1.645000,125.552532,3686,335,0,129,253,2150,11,0
24.787322,3.074000,111.000,36.165000,1.645000,125.553013,3686,335,0,127,252,2148,11,0
24.801206,13.884000,111.000,36.165000,1.645000,125.551723,3683,335,0,127,252,2148,11,0
24.804390,3.184000,111.000,36.165000,1.645000,125.536671,3674,330,0,125,251,2146,11,0
24.817594,13.204000,111.000,36.165000,1.645000,125.530788,3664,330,0,125,251,2146,11,0
24.822715,5.121000,111.000,36.165000,1.645000,125.552204,3666,330,0,143,272,2188,11,0
24.827586,4.871000,111.000,36.165000,1.645000,125.542610,3660,330,0,129,258,2160,11,0
24.841580,13.994000,111.000,36.165000,1.645000,125.543091,3660,330,0,129,258,2160,11,0
24.850734,9.154000,111.000,36.165000,1.645000,125.543510,3660,330,0,129,258,2160,11,0
24.853949,3.215000,111.000,36.165000,1.645000,125.543991,3660,330,0,129,258,2160,11,0
24.867540,13.591000,111.000,36.165000,1.645000,125.544456,3660,330,0,129,258,2160,11,0
24.870642,3.102000,111.000,36.165000,1.645000,125.544891,3660,330,0,129,258,2160,11,0
24.884206,13.564000,111.000,36.165000,1.645000,125.545403,3660,330,0,129,258,2160,11,0
24.887446,3.240000,111.000,36.165000,1.645000,125.545883,3660,330,0,129,258,2160,11,0
24.900847,13.401000,111.000,36.165000,1.645000,125.546349,3660,330,0,129,258,2160,11,0
24.908374,7.527000,111.000,36.165000,1.645000,125.546829,3660,330,0,129,258,2160,11,0
24.912907,4.533000,111.000,36.165000,1.645000,125.547325,3660,330,0,129,258,2160,11,0
24.924969,12.062000,111.000,36.165000,1.645000,125.547806,3660,330,0,129,258,2160,11,0
24.934275,9.306000,111.000,36.165000,1.645000,125.548256,3660,330,0,129,258,2160,11,0
24.937523,3.248000,111.000,36.165000,1.645000,125.548737,3660,330,0,129,258,2160,11,0
24.950794,13.271000,111.000,36.165000,1.645000,125.549248,3660,330,0,129,258,2160,11,0
24.954049,3.255000,111.000,36.165000,1.645000,125.549728,3660,330,0,129,258,2160,11,0
24.967663,13.614000,111.000,36.165000,1.645000,125.548500,3657,330,0,127,251,2146,11,0
24.970927,3.264000,111.000,36.165000,1.645000,125.544571,3655,330,0,127,251,2146,11,0
24.984196,13.269000,111.000,36.165000,1.645000,125.545052,3655,330,0,127,251,2146,11,0
24.987510,3.314000,111.000,36.165000,1.645000,125.535774,3655,330,0,127,251,2146,11,0
25.000954,13.444000,111.000,36.165000,1.645000,125.536236,3655,330,0,127,251,2146,11,0
25.008234,7.280000,111.000,36.165000,1.645000,125.536716,3655,330,0,127,251,2146,11,0
25.012709,4.475000,111.000,36.165000,1.645000,125.537228,3655,330,0,127,251,2146,11,0
25.024935,12.226000,111.000,36.165000,1.645000,125.537708,3655,330,0,125,251,2146,11,0
25.034307,9.372000,111.000,36.165000,1.645000,125.538158,3655,330,0,125,251,2146,11,0
25.037426,3.119000,111.000,36.165000,1.645000,125.538639,3655,330,0,127,251,2146,11,0
25.051072,13.646000,111.000,36.165000,1.645000,125.546299,3665,330,0,127,251,2146,11,2
25.054183,3.111000,111.000,36.165000,1.645000,125.546780,3665,330,0,125,251,2146,11,2
25.067760,13.577000,111.000,36.165000,1.645000,125.549522,3668,330,0,125,251,2146,11,2
25.070836,3.076000,111.000,36.165000,1.645000,125.549957,3668,330,0,125,251,2146,11,2
25.084590,13.754000,111.000,36.165000,1.645000,125.553738,3683,328,0,125,251,2146,11,0
25.087693,3.103000,117.000,34.393000,1.979000,125.547703,3673,328,0,128,251,2146,11,0
25.100823,13.130000,117.000,34.393000,1.979000,125.548164,3673,328,0,128,251,2146,11,0
25.133475,32.652000,117.000,34.393000,1.979000,125.660652,3743,337,0,174,337,2318,11,0
25.143969,10.494000,117.000,34.393000,1.979000,125.651405,3743,337,0,154,313,2270,11,0
25.149999,6.030000,117.000,34.393000,1.979000,125.658371,3743,337,0,168,327,2298,11,0
25.152173,2.174000,117.000,34.393000,1.979000,125.639519,3708,337,0,168,327,2298,11,0
25.166683,14.510000,117.000,34.393000,1.979000,125.639999,3708,337,0,168,327,2298,11,0
25.168983,2.300000,117.000,34.393000,1.979000,125.640480,3708,337,0,168,327,2298,11,0
25.184383,15.400000,117.000,34.393000,1.979000,125.635826,3711,337,0,154,313,2270,11,0
25.188116,3.733000,117.000,34.393000,1.979000,125.636307,3711,337,0,154,313,2270,11,0
25.200836,12.720000,117.000,34.393000,1.979000,125.636787,3711,337,0,154,313,2270,11,0
25.204545,3.709000,117.000,34.393000,1.979000,125.637268,3711,337,0,154,313,2270,11,0
25.218409,13.864000,117.000,34.393000,1.979000,125.639420,3714,337,0,154,313,2270,11,0
25.223169,4.760000,117.000,34.393000,1.979000,125.639900,3714,337,0,154,313,2270,11,0
25.227138,3.969000,117.000,34.393000,1.979000,125.640381,3714,337,0,154,313,2270,11,0
25.242426,15.288000,117.000,34.393000,1.979000,125.640862,3714,337,0,154,313,2270,11,0
25.249763,7.337000,117.000,34.393000,1.979000,125.638786,3710,337,0,152,311,2266,11,0
25.254313,4.550000,117.000,34.393000,1.979000,125.634857,3708,337,0,150,275,2194,11,0
25.266653,12.340000,117.000,34.393000,1.979000,125.635338,3708,337,0,150,275,2194,11,0
25.271280,4.627000,117.000,34.393000,1.979000,125.606037,3711,337,0,150,275,2194,11,0
25.283212,11.932000,117.000,34.393000,1.979000,125.606472,3711,337,0,150,275,2194,11,0
25.287617,4.405000,117.000,34.393000,1.979000,125.606934,3711,337,0,150,275,2194,11,0
25.299881,12.264000,117.000,34.393000,1.979000,125.605774,3708,337,0,151,275,2194,11,0
25.304882,5.001000,117.000,34.393000,1.979000,125.609566,3714,337,0,151,275,2194,11,0
25.316505,11.623000,117.000,34.393000,1.979000,125.608406,3711,337,0,151,275,2194,11,0
25.320932,4.427000,117.000,34.393000,1.979000,125.608875,3711,337,0,151,275,2194,11,0
25.333289,12.357000,117.000,34.393000,1.979000,125.609150,3711,337,0,151,275,2194,11,0
25.337748,4.459000,117.000,34.393000,1.979000,125.604473,3702,337,0,151,275,2194,11,0
25.349800,12.052000,117.000,34.393000,1.979000,125.583611,3692,331,0,148,272,2188,11,0
25.354864,5.064000,117.000,34.393000,1.979000,125.576591,3680,331,0,147,271,2186,11,0
25.360577,5.713000,117.000,34.393000,1.979000,125.577072,3680,331,0,145,270,2184,11,0
25.377831,17.254000,117.000,34.393000,1.979000,125.567104,3676,327,0,144,269,2182,11,0
25.383017,5.186000,117.000,34.393000,1.979000,125.563236,3669,327,0,145,269,2182,11,0
25.387414,4.397000,117.000,34.393000,1.979000,125.564617,3669,327,0,143,267,2178,11,1
25.399971,12.557000,117.000,34.393000,1.979000,125.565098,3669,327,0,143,267,2178,11,1
25.404507,4.536000,117.000,34.393000,1.979000,125.564968,3672,326,0,142,266,2176,11,0
25.416631,12.124000,117.000,34.393000,1.979000,125.546658,3658,321,0,142,265,2174,11,0
25.421222,4.591000,117.000,34.393000,1.979000,125.540760,3648,321,0,142,265,2174,11,0
25.426915,5.693000,117.000,34.393000,1.979000,125.562229,3650,321,0,158,286,2216,11,0
25.442613,15.698000,117.000,34.393000,1.979000,125.562721,3650,321,0,158,286,2216,11,0
25.449967,7.354000,117.000,34.393000,1.979000,125.556393,3650,321,0,144,272,2188,11,0
25.454206,4.239000,117.000,34.393000,1.979000,125.556873,3650,321,0,144,272,2188,11,0
25.466773,12.567000,117.000,34.393000,1.979000,125.557354,3650,321,0,144,272,2188,11,0
25.471171,4.398000,117.000,34.393000,1.979000,125.557850,3650,321,0,144,272,2188,11,0
25.483339,12.168000,117.000,34.393000,1.979000,125.558331,3650,321,0,144,272,2188,11,0
25.487735,4.396000,117.000,34.393000,1.979000,125.558796,3650,321,0,144,272,2188,11,0
25.500142,12.407000,117.000,34.393000,1.979000,125.559277,3650,321,0,144,272,2188,11,0
25.504864,4.722000,117.000,34.393000,1.979000,125.558132,3647,321,0,144,272,2188,11,0
25.516660,11.796000,117.000,34.393000,1.979000,125.558613,3647,321,0,144,272,2188,11,0
25.521060,4.400000,117.000,34.393000,1.979000,125.559017,3647,321,0,144,272,2188,11,0
25.533262,12.202000,117.000,34.393000,1.979000,125.559452,3647,321,0,144,272,2188,11,0
25.537724,4.462000,117.000,34.393000,1.979000,125.556667,3641,321,0,144,272,2188,11,0
25.549947,12.223000,117.000,34.393000,1.979000,125.557148,3641,321,0,144,272,2188,11,0
25.554193,4.246000,117.000,34.393000,1.979000,125.557644,3641,321,0,144,272,2188,11,0
25.567488,13.295000,117.000,34.393000,1.979000,125.558071,3641,321,0,144,272,2188,11,0
25.571650,4.162000,117.000,34.393000,1.979000,125.554111,3639,321,0,141,264,2172,11,0
25.583361,11.711000,117.000,34.393000,1.979000,125.554546,3639,321,0,141,264,2172,11,0
25.587438,4.077000,117.000,34.393000,1.979000,125.555058,3639,321,0,141,264,2172,11,0
25.600141,12.703000,117.000,34.393000,1.979000,125.545780,3639,321,0,141,264,2172,11,0
25.604461,4.320000,117.000,34.393000,1.979000,125.546246,3639,321,0,141,264,2172,11,0
25.616628,12.167000,117.000,34.393000,1.979000,125.546726,3639,321,0,140,264,2172,11,0
25.620980,4.352000,117.000,34.393000,1.979000,125.547237,3639,321,0,140,264,2172,11,0
25.633241,12.261000,117.000,34.393000,1.979000,125.547672,3639,321,0,140,264,2172,11,0
25.637513,4.272000,117.000,34.393000,1.979000,125.548122,3639,321,0,140,264,2172,11,0
25.649964,12.451000,117.000,34.393000,1.979000,125.548603,3639,321,0,141,264,2172,11,0
25.654440,4.476000,117.000,34.393000,1.979000,125.555103,3649,321,0,141,264,2172,11,0
25.666639,12.199000,117.000,34.393000,1.979000,125.555538,3649,321,0,140,263,2170,11,0
25.671166,4.527000,117.000,34.393000,1.979000,125.543465,3641,318,0,140,263,2170,11,0
25.683296,12.130000,117.000,34.393000,1.979000,125.540253,3635,318,0,140,263,2170,11,0
25.687619,4.323000,117.000,34.393000,1.979000,125.540749,3635,318,0,140,263,2170,11,0
25.700041,12.422000,117.000,34.393000,1.979000,125.541229,3635,318,0,140,263,2170,11,0
25.705048,5.007000,117.000,34.393000,1.979000,125.556877,3645,322,0,140,263,2170,11,0
25.737545,32.497000,117.000,34.393000,1.979000,125.660244,3712,331,0,170,333,2310,11,0
25.749708,12.163000,117.000,34.393000,1.979000,125.660725,3712,331,0,170,333,2310,11,0
25.752422,2.714000,117.000,34.393000,1.979000,125.643696,3712,331,0,134,291,2226,11,0
25.766617,14.195000,117.000,34.393000,1.979000,125.644176,3712,331,0,134,291,2226,11,0
25.772575,5.958000,117.000,34.393000,1.979000,125.655178,3714,331,0,148,305,2254,11,0
25.783711,11.136000,117.000,34.393000,1.979000,125.629517,3679,331,0,134,291,2226,11,0
25.787870,4.159000,117.000,34.393000,1.979000,125.631668,3682,331,0,134,291,2226,11,0
25.799927,12.057000,117.000,34.393000,1.979000,125.632103,3682,331,0,134,291,2226,11,0
25.805112,5.185000,117.000,34.393000,1.979000,125.634232,3685,331,0,134,291,2226,11,0
25.816908,11.796000,117.000,34.393000,1.979000,125.634712,3685,331,0,134,291,2226,11,0
25.821299,4.391000,117.000,34.393000,1.979000,125.635193,3685,331,0,134,291,2226,11,0
25.834098,12.799000,117.000,34.393000,1.979000,125.635674,3685,331,0,134,291,2226,11,0
25.837556,3.458000,117.000,34.393000,1.979000,125.636154,3685,331,0,134,291,2226,11,0
25.850765,13.209000,117.000,34.393000,1.979000,125.636635,3685,331,0,134,291,2226,11,0
25.854203,3.438000,117.000,34.393000,1.979000,125.637115,3685,331,0,134,291,2226,11,0
25.867603,13.400000,117.000,34.393000,1.979000,125.635040,3681,331,0,132,255,2154,11,0
25.870992,3.389000,117.000,34.393000,1.979000,125.631111,3679,331,0,132,255,2154,11,0
25.884248,13.256000,117.000,34.393000,1.979000,125.633244,3682,331,0,132,255,2154,11,0
25.887626,3.378000,117.000,34.393000,1.979000,125.602272,3682,331,0,132,255,2154,11,0
25.900848,13.222000,117.000,34.393000,1.979000,125.602783,3682,331,0,132,255,2154,11,0
25.904033,3.185000,117.000,34.393000,1.979000,125.603264,3682,331,0,133,255,2154,11,0
25.917481,13.448000,117.000,34.393000,1.979000,125.605350,3685,331,0,133,255,2154,11,0
25.920951,3.470000,117.000,34.393000,1.979000,125.601421,3683,331,0,133,255,2154,11,0
25.934454,13.503000,117.000,34.393000,1.979000,125.601879,3683,331,0,133,255,2154,11,0
25.937750,3.296000,117.000,34.393000,1.979000,125.602154,3683,331,0,133,255,2154,11,0
25.951001,13.251000,117.000,34.393000,1.979000,125.599087,3677,331,0,133,255,2154,11,0
25.954345,3.344000,117.000,34.393000,1.979000,125.599567,3677,331,0,131,254,2152,11,0
25.967731,13.386000,117.000,34.393000,1.979000,125.600048,3677,331,0,131,254,2152,11,0
25.970931,3.200000,117.000,34.393000,1.979000,125.600529,3677,331,0,130,252,2148,11,0
25.984381,13.450000,117.000,34.393000,1.979000,125.602669,3680,331,0,130,252,2148,11,0
25.987696,3.315000,117.000,34.393000,1.979000,125.592747,3676,327,0,129,251,2146,11,0
26.001151,13.455000,117.000,34.393000,1.979000,125.588799,3669,327,0,129,251,2146,11,0
26.004332,3.181000,117.000,34.393000,1.979000,125.589279,3669,327,0,126,249,2142,11,0
26.018137,13.805000,117.000,34.393000,1.979000,125.591373,3672,327,0,125,248,2140,11,0
26.021845,3.708000,117.000,34.393000,1.979000,125.589985,3669,327,0,125,247,2138,11,0
26.034521,12.676000,117.000,34.393000,1.979000,125.575073,3660,322,0,125,247,2138,11,0
26.037854,3.333000,117.000,34.393000,1.979000,125.569237,3650,322,0,125,247,2138,11,0
26.044051,6.197000,117.000,34.393000,1.979000,125.610641,3671,326,0,141,268,2180,11,0
26.059604,15.553000,117.000,34.393000,1.979000,125.611546,3671,326,0,143,270,2184,11,0
26.064539,4.935000,117.000,34.393000,1.979000,125.605171,3671,326,0,129,256,2156,11,0
26.069171,4.632000,117.000,34.393000,1.979000,125.605652,3671,326,0,129,256,2156,11,0
26.084538,15.367000,117.000,34.393000,1.979000,125.606133,3671,326,0,129,256,2156,11,0
26.088066,3.528000,114.000,32.235000,1.554000,125.606613,3671,326,0,129,256,2156,11,0
26.101365,13.299000,114.000,32.235000,1.554000,125.607094,3671,326,0,129,256,2156,11,0
26.104985,3.620000,114.000,32.235000,1.554000,125.607574,3671,326,0,129,256,2156,11,0
26.117592,12.607000,114.000,32.235000,1.554000,125.606415,3668,326,0,129,256,2156,11,0
26.120962,3.370000,114.000,32.235000,1.554000,125.606895,3668,326,0,129,256,2156,11,0
26.134458,13.496000,114.000,32.235000,1.554000,125.607376,3668,326,0,129,256,2156,11,0
26.138264,3.806000,114.000,32.235000,1.554000,125.607857,3668,326,0,129,256,2156,11,0
26.151104,12.840000,114.000,32.235000,1.554000,125.608349,3668,326,0,129,256,2156,11,0
26.154544,3.440000,114.000,32.235000,1.554000,125.608829,3668,326,0,129,256,2156,11,0
26.167794,13.250000,114.000,32.235000,1.554000,125.609295,3668,326,0,129,256,2156,11,0
26.171418,3.624000,114.000,32.235000,1.554000,125.609776,3668,326,0,129,256,2156,11,0
26.184464,13.046000,114.000,32.235000,1.554000,125.610271,3668,326,0,129,256,2156,11,0
26.187924,3.460000,114.000,32.235000,1.554000,125.610699,3668,326,0,127,249,2142,11,0
26.201246,13.322000,114.000,32.235000,1.554000,125.606770,3666,326,0,127,249,2142,11,0
26.204765,3.519000,114.000,32.235000,1.554000,125.597492,3666,326,0,127,249,2142,11,0
26.218116,13.351000,114.000,32.235000,1.554000,125.598011,3666,326,0,127,249,2142,11,0
26.222459,4.343000,114.000,32.235000,1.554000,125.598492,3666,326,0,125,249,2142,11,0
26.228845,6.386000,114.000,32.235000,1.554000,125.598923,3666,326,0,125,249,2142,11,0
26.241342,12.497000,114.000,32.235000,1.554000,125.599403,3666,326,0,125,249,2142,11,0
26.250748,9.406000,114.000,32.235000,1.554000,125.596649,3660,326,0,125,249,2142,11,0
26.253775,3.027000,114.000,32.235000,1.554000,125.597130,3660,326,0,124,249,2142,11,0
26.267869,14.094000,114.000,32.235000,1.554000,125.597595,3660,326,0,124,249,2142,11,0
26.271753,3.884000,114.000,32.235000,1.554000,125.604080,3670,326,0,126,249,2142,11,0
26.284558,12.805000,114.000,32.235000,1.554000,125.604546,3670,326,0,126,249,2142,11,0
26.287823,3.265000,114.000,32.235000,1.554000,125.605026,3670,326,0,126,249,2142,11,0
26.300875,13.052000,114.000,32.235000,1.554000,125.605507,3670,326,0,126,249,2142,11,0
26.303924,3.049000,114.000,32.235000,1.554000,125.605988,3670,326,0,125,249,2142,11,0
26.317941,14.017000,114.000,32.235000,1.554000,125.606483,3670,326,0,125,249,2142,11,0
26.321528,3.587000,114.000,32.235000,1.554000,125.606964,3670,326,0,127,249,2142,11,0
26.358756,37.228000,114.000,32.235000,1.554000,125.717430,3737,335,0,173,335,2314,11,0
26.363355,4.599000,114.000,32.235000,1.554000,125.714687,3737,335,0,167,325,2294,11,0
26.375073,11.718000,114.000,32.235000,1.554000,125.695835,3702,335,0,167,325,2294,11,0
26.383640,8.567000,114.000,32.235000,1.554000,125.687866,3699,335,0,153,311,2266,11,0
26.386162,2.522000,114.000,32.235000,1.554000,125.688301,3699,335,0,153,311,2266,11,0
26.399599,13.437000,114.000,32.235000,1.554000,125.688782,3699,335,0,153,311,2266,11,0
26.402381,2.782000,114.000,32.235000,1.554000,125.689262,3699,335,0,153,311,2266,11,0
26.416458,14.077000,114.000,32.235000,1.554000,125.689743,3699,335,0,153,311,2266,11,0
26.419746,3.288000,114.000,32.235000,1.554000,125.690224,3699,335,0,153,311,2266,11,0
26.433091,13.345000,114.000,32.235000,1.554000,125.690704,3699,335,0,153,311,2266,11,0
26.436219,3.128000,114.000,32.235000,1.554000,125.689545,3696,335,0,153,311,2266,11,0
26.449740,13.521000,114.000,32.235000,1.554000,125.690025,3696,335,0,153,311,2266,11,0
26.452937,3.197000,114.000,32.235000,1.554000,125.690460,3696,335,0,153,311,2266,11,0
26.466495,13.558000,114.000,32.235000,1.554000,125.688438,3692,335,0,153,311,2266,11,0
26.470898,4.403000,114.000,32.235000,1.554000,125.690590,3695,335,0,151,275,2194,11,0
26.483532,12.634000,114.000,32.235000,1.554000,125.691017,3695,335,0,151,275,2194,11,0
26.487973,4.441000,114.000,32.235000,1.554000,125.687088,3693,335,0,151,275,2194,11,0
26.501708,13.735000,114.000,32.235000,1.554000,125.658714,3696,335,0,151,275,2194,11,1
26.505861,4.153000,114.000,32.235000,1.554000,125.659195,3696,335,0,151,275,2194,11,1
26.512421,6.560000,114.000,32.235000,1.554000,125.660313,3702,334,0,151,275,2194,11,0
26.525000,12.579000,114.000,32.235000,1.554000,125.657536,3697,334,0,152,275,2194,11,0
26.534563,9.563000,114.000,32.235000,1.554000,125.657951,3697,334,0,152,275,2194,11,0
26.538463,3.900000,114.000,32.235000,1.554000,125.658432,3697,334,0,150,275,2194,11,0
26.551000,12.537000,114.000,32.235000,1.554000,125.658676,3697,334,0,150,275,2194,11,0
26.554462,3.462000,114.000,32.235000,1.554000,125.655586,3691,334,0,152,275,2194,11,0
26.567631,13.169000,114.000,32.235000,1.554000,125.656082,3691,334,0,152,275,2194,11,0
26.571056,3.425000,114.000,32.235000,1.554000,125.656563,3691,334,0,151,274,2192,11,0
26.584608,13.552000,114.000,32.235000,1.554000,125.658691,3694,334,0,149,272,2188,11,0
26.588052,3.444000,114.000,32.235000,1.554000,125.659172,3694,334,0,149,272,2188,11,0
26.600956,12.904000,114.000,32.235000,1.554000,125.649181,3690,330,0,148,271,2186,11,0
26.604394,3.438000,114.000,32.235000,1.554000,125.645313,3683,330,0,148,271,2186,11,0
26.617917,13.523000,114.000,32.235000,1.554000,125.647469,3686,330,0,146,269,2182,11,0
26.621732,3.815000,114.000,32.235000,1.554000,125.647949,3686,330,0,145,269,2182,11,0
26.629163,7.431000,114.000,32.235000,1.554000,125.650227,3689,330,0,144,268,2180,11,0
26.641563,12.400000,114.000,32.235000,1.554000,125.629612,3671,325,0,144,267,2178,11,0
26.650803,9.240000,114.000,32.235000,1.554000,125.623730,3661,325,0,144,267,2178,11,0
26.656046,5.243000,114.000,32.235000,1.554000,125.645187,3663,325,0,160,288,2220,11,0
26.662216,6.170000,114.000,32.235000,1.554000,125.645668,3663,325,0,160,288,2220,11,0
26.675078,12.862000,114.000,32.235000,1.554000,125.639339,3663,325,0,146,274,2192,11,0
26.684216,9.138000,114.000,32.235000,1.554000,125.641491,3666,325,0,145,273,2190,11,0
26.687757,3.541000,114.000,32.235000,1.554000,125.641972,3666,325,0,145,273,2190,11,0
26.700763,13.006000,114.000,32.235000,1.554000,125.642437,3666,325,0,145,273,2190,11,0
26.704062,3.299000,114.000,32.235000,1.554000,125.642918,3666,325,0,145,273,2190,11,0
26.717932,13.870000,114.000,32.235000,1.554000,125.645088,3669,325,0,145,273,2190,11,0
26.722023,4.091000,114.000,32.235000,1.554000,125.645569,3669,325,0,145,273,2190,11,0
26.728575,6.552000,114.000,32.235000,1.554000,125.665447,3688,329,0,145,273,2190,11,0
26.741505,12.930000,114.000,32.235000,1.554000,125.664711,3685,329,0,147,275,2194,11,0
26.750911,9.406000,114.000,32.235000,1.554000,125.665127,3685,329,0,147,275,2194,11,0
26.754470,3.559000,114.000,32.235000,1.554000,125.665607,3685,329,0,147,275,2194,11,0
26.767785,13.315000,114.000,32.235000,1.554000,125.666042,3685,329,0,147,275,2194,11,0
26.771590,3.805000,114.000,32.235000,1.554000,125.666523,3685,329,0,147,275,2194,11,0
26.784708,13.118000,114.000,32.235000,1.554000,125.656521,3680,326,0,146,274,2192,11,0
26.788312,3.604000,114.000,32.235000,1.554000,125.653309,3674,326,0,146,274,2192,11,0
26.800715,12.403000,114.000,32.235000,1.554000,125.653736,3674,326,0,144,267,2178,11,0
26.803964,3.249000,114.000,32.235000,1.554000,125.649807,3672,326,0,144,267,2178,11,0
26.818618,14.654000,114.000,32.235000,1.554000,125.663799,3679,330,0,144,267,2178,11,0
26.823034,4.416000,114.000,32.235000,1.554000,125.662941,3689,331,0,145,269,2182,11,0
26.828996,5.962000,114.000,32.235000,1.554000,125.661530,3686,331,0,146,270,2184,11,0
26.841504,12.508000,114.000,32.235000,1.554000,125.662010,3686,331,0,146,270,2184,11,0
26.850839,9.335000,114.000,32.235000,1.554000,125.662483,3686,331,0,146,270,2184,11,0
26.854126,3.287000,114.000,32.235000,1.554000,125.662964,3686,331,0,144,270,2184,11,0
26.867441,13.315000,114.000,32.235000,1.554000,125.663452,3686,331,0,144,270,2184,11,0
26.870855,3.414000,114.000,32.235000,1.554000,125.663986,3686,331,0,145,270,2184,11,0
26.884235,13.380000,114.000,32.235000,1.554000,125.664467,3686,331,0,145,270,2184,11,0
26.887664,3.429000,114.000,32.235000,1.554000,125.670952,3696,331,0,146,270,2184,11,0
26.901041,13.377000,114.000,32.235000,1.554000,125.671417,3696,331,0,146,270,2184,11,0
26.904480,3.439000,114.000,32.235000,1.554000,125.671951,3696,331,0,146,270,2184,11,0
26.917570,13.090000,114.000,32.235000,1.554000,125.670746,3693,331,0,146,270,2184,11,0
26.924787,7.217000,114.000,32.235000,1.554000,125.671181,3693,331,0,146,270,2184,11,0
26.929123,4.336000,114.000,32.235000,1.554000,125.671646,3693,331,0,146,270,2184,11,0
26.941344,12.221000,114.000,32.235000,1.554000,125.672127,3693,331,0,145,270,2184,11,0
26.975664,34.320000,114.000,32.235000,1.554000,125.771526,3754,340,0,176,338,2320,11,0
26.978593,2.929000,114.000,32.235000,1.554000,125.761002,3754,340,0,154,310,2264,11,0
26.991259,12.666000,114.000,32.235000,1.554000,125.735340,3719,340,0,139,295,2234,11,0
27.000011,8.752000,114.000,32.235000,1.554000,125.735821,3719,340,0,139,295,2234,11,0
27.002943,2.932000,114.000,32.235000,1.554000,125.736301,3719,340,0,139,295,2234,11,0
27.017300,14.357000,114.000,32.235000,1.554000,125.736782,3719,340,0,139,295,2234,11,0
27.020767,3.467000,114.000,32.235000,1.554000,125.737194,3719,340,0,139,295,2234,11,0
27.034034,13.267000,114.000,32.235000,1.554000,125.737675,3719,340,0,139,295,2234,11,0
27.037796,3.762000,114.000,32.235000,1.554000,125.738155,3719,340,0,139,295,2234,11,0
27.050890,13.094000,114.000,32.235000,1.554000,125.738636,3719,340,0,139,295,2234,11,0
27.054549,3.659000,114.000,32.235000,1.554000,125.739071,3719,340,0,139,295,2234,11,0
27.067400,12.851000,114.000,32.235000,1.554000,125.737911,3716,340,0,139,295,2234,11,0
27.071405,4.005000,114.000,32.235000,1.554000,125.735821,3712,340,0,136,259,2162,11,0
27.084822,13.417000,114.000,32.235000,1.554000,125.736301,3712,340,0,136,259,2162,11,0
27.088208,3.386000,114.000,36.153000,1.532000,125.736782,3712,340,0,136,259,2162,11,0
27.101195,12.987000,114.000,36.153000,1.532000,125.705772,3712,340,0,136,259,2162,11,0
27.104663,3.468000,114.000,36.153000,1.532000,125.701843,3710,340,0,136,259,2162,11,0
27.117514,12.851000,114.000,36.153000,1.532000,125.702339,3710,340,0,136,259,2162,11,0
27.121123,3.609000,114.000,36.153000,1.532000,125.702820,3710,340,0,136,259,2162,11,0
27.134202,13.079000,114.000,36.153000,1.532000,125.703300,3710,340,0,136,259,2162,11,0
27.138092,3.890000,114.000,36.153000,1.532000,125.703781,3710,340,0,136,259,2162,11,0
27.151039,12.947000,114.000,36.153000,1.532000,125.704105,3710,340,0,136,259,2162,11,0
27.154629,3.590000,114.000,36.153000,1.532000,125.701084,3704,340,0,137,259,2162,11,0
27.167937,13.308000,114.000,36.153000,1.532000,125.703224,3707,340,0,137,259,2162,11,0
27.171370,3.433000,114.000,36.153000,1.532000,125.703758,3707,340,0,134,257,2158,11,0
27.184833,13.463000,114.000,36.153000,1.532000,125.702660,3705,340,0,132,255,2154,11,0
27.188349,3.516000,114.000,36.153000,1.532000,125.703140,3705,340,0,132,255,2154,11,0
27.200857,12.508000,114.000,36.153000,1.532000,125.693138,3701,336,0,131,254,2152,11,0
27.203976,3.119000,114.000,36.153000,1.532000,125.689270,3694,336,0,131,254,2152,11,0
27.218714,14.738000,114.000,36.153000,1.532000,125.689766,3694,336,0,129,252,2148,11,0
27.223007,4.293000,114.000,36.153000,1.532000,125.690247,3694,336,0,130,252,2148,11,0
27.228782,5.775000,114.000,36.153000,1.532000,125.690643,3694,336,0,129,251,2146,11,0
27.241296,12.514000,114.000,36.153000,1.532000,125.675591,3685,331,0,128,250,2144,11,0
27.250922,9.626000,114.000,36.153000,1.532000,125.669693,3675,331,0,128,250,2144,11,0
27.256661,5.739000,114.000,36.153000,1.532000,125.691158,3677,331,0,144,271,2186,11,0
27.262786,6.125000,114.000,36.153000,1.532000,125.686497,3680,331,0,130,257,2158,11,0
27.275056,12.270000,114.000,36.153000,1.532000,125.686977,3680,331,0,130,257,2158,11,0
27.283961,8.905000,114.000,36.153000,1.532000,125.561844,3633,291,0,130,257,2158,11,0
27.286896,2.935000,114.000,36.153000,1.532000,125.530159,3583,291,0,120,237,2118,11,0
27.300625,13.729000,114.000,36.153000,1.532000,125.532280,3586,291,0,120,237,2118,11,0
27.303276,2.651000,114.000,36.153000,1.532000,125.532761,3586,291,0,120,237,2118,11,0
27.317008,13.732000,114.000,36.153000,1.532000,125.533222,3586,291,0,120,237,2118,11,0
27.319184,2.176000,114.000,36.153000,1.532000,125.533703,3586,291,0,120,237,2118,11,0
27.333368,14.184000,114.000,36.153000,1.532000,125.534184,3586,291,0,120,237,2118,11,0
27.335190,1.822000,114.000,36.153000,1.532000,125.534664,3586,291,0,120,237,2118,11,0
27.350097,14.907000,114.000,36.153000,1.532000,125.535099,3586,291,0,120,237,2118,11,0
27.351940,1.843000,114.000,36.153000,1.532000,125.535580,3586,291,0,120,237,2118,11,0
27.366778,14.838000,114.000,36.153000,1.532000,125.537685,3589,291,0,120,237,2118,11,0
27.368588,1.810000,114.000,36.153000,1.532000,125.538166,3589,291,0,120,237,2118,11,0
27.383370,14.782000,114.000,36.153000,1.532000,125.538647,3589,291,0,120,237,2118,11,0
27.385043,1.673000,114.000,36.153000,1.532000,125.539082,3589,291,0,120,237,2118,11,0
27.400098,15.055000,114.000,36.153000,1.532000,125.541164,3592,291,0,118,230,2104,11,0
27.401862,1.764000,114.000,36.153000,1.532000,125.537235,3590,291,0,118,230,2104,11,0
27.416664,14.802000,114.000,36.153000,1.532000,125.536068,3587,291,0,118,230,2104,11,0
27.418501,1.837000,114.000,36.153000,1.532000,125.526791,3587,291,0,118,230,2104,11,0
27.433441,14.940000,114.000,36.153000,1.532000,125.527237,3587,291,0,118,230,2104,11,0
27.435079,1.638000,114.000,36.153000,1.532000,125.527718,3587,291,0,117,230,2104,11,0
27.450017,14.938000,114.000,36.153000,1.532000,125.528214,3587,291,0,117,230,2104,11,0
27.451754,1.737000,114.000,36.153000,1.532000,125.528694,3587,291,0,115,230,2104,11,0
27.466960,15.206000,114.000,36.153000,1.532000,125.529160,3587,291,0,115,230,2104,11,0
27.469410,2.450000,114.000,36.153000,1.532000,125.531494,3590,291,0,116,230,2104,11,0
27.483535,14.125000,114.000,36.153000,1.532000,125.532349,3591,291,0,116,230,2104,11,0
27.485493,1.958000,114.000,36.153000,1.532000,125.532829,3591,291,0,117,230,2104,11,0
27.500174,14.681000,114.000,36.153000,1.532000,125.531654,3588,291,0,117,230,2104,11,0
27.502093,1.919000,114.000,36.153000,1.532000,125.532135,3588,291,0,117,230,2104,11,0
27.517223,15.130000,114.000,36.153000,1.532000,125.530975,3585,291,0,117,230,2104,11,0
27.519752,2.529000,114.000,36.153000,1.532000,125.531456,3585,291,0,116,230,2104,11,0
27.534038,14.286000,114.000,36.153000,1.532000,125.531960,3585,291,0,116,230,2104,11,0
27.551915,17.877000,114.000,36.153000,1.532000,125.642506,3652,300,0,161,318,2280,11,0
27.566978,15.063000,114.000,36.153000,1.532000,125.642941,3652,300,0,161,318,2280,11,0
27.569743,2.765000,114.000,36.153000,1.532000,125.633694,3652,300,0,141,294,2232,11,0
27.583584,13.841000,114.000,36.153000,1.532000,125.640678,3652,300,0,155,308,2260,11,0
27.586308,2.724000,114.000,36.153000,1.532000,125.621826,3617,300,0,155,308,2260,11,0
27.600085,13.777000,114.000,36.153000,1.532000,125.623222,3617,300,0,155,308,2260,11,1
27.602364,2.279000,114.000,36.153000,1.532000,125.623703,3617,300,0,141,294,2232,11,1
27.617950,15.586000,114.000,36.153000,1.532000,125.614925,3620,299,0,141,294,2232,11,0
27.622845,4.895000,114.000,36.153000,1.532000,125.612103,3615,299,0,141,294,2232,11,0
27.627409,4.564000,114.000,36.153000,1.532000,125.612583,3615,299,0,141,294,2232,11,0
27.642443,15.034000,114.000,36.153000,1.532000,125.609783,3609,299,0,141,294,2232,11,0
27.649846,7.403000,114.000,36.153000,1.532000,125.610264,3609,299,0,141,294,2232,11,0
27.654907,5.061000,114.000,36.153000,1.532000,125.610744,3609,299,0,141,294,2232,11,0
27.667077,12.170000,114.000,36.153000,1.532000,125.611225,3609,299,0,141,294,2232,11,0
27.672353,5.276000,114.000,36.153000,1.532000,125.611706,3609,299,0,141,294,2232,11,0
27.677348,4.995000,114.000,36.153000,1.532000,125.609684,3605,299,0,141,294,2232,11,0
27.692552,15.204000,114.000,36.153000,1.532000,125.610111,3605,299,0,139,258,2160,11,0
27.701486,8.934000,114.000,36.153000,1.532000,125.606182,3603,299,0,139,258,2160,11,0
27.706554,5.068000,114.000,36.153000,1.532000,125.606663,3603,299,0,139,258,2160,11,0
27.710601,4.047000,114.000,36.153000,1.532000,125.575691,3603,299,0,139,258,2160,11,0
27.725742,15.141000,114.000,36.153000,1.532000,125.576183,3603,299,0,139,258,2160,11,0
27.733388,7.646000,114.000,36.153000,1.532000,125.579876,3608,299,0,140,258,2160,11,0
27.738589,5.201000,114.000,36.153000,1.532000,125.578491,3605,299,0,140,258,2160,11,0
27.750072,11.483000,114.000,36.153000,1.532000,125.578972,3605,299,0,141,258,2160,11,0
27.754508,4.436000,114.000,36.153000,1.532000,125.579468,3605,299,0,141,258,2160,11,0
27.766542,12.034000,114.000,36.153000,1.532000,125.579742,3605,299,0,141,258,2160,11,0
27.770813,4.271000,114.000,36.153000,1.532000,125.575081,3596,299,0,140,257,2158,11,0
27.783240,12.427000,114.000,36.153000,1.532000,125.575562,3596,299,0,140,256,2156,11,0
27.787696,4.456000,114.000,36.153000,1.532000,125.575966,3596,299,0,140,256,2156,11,0
27.799931,12.235000,114.000,36.153000,1.532000,125.576447,3596,299,0,138,254,2152,11,0
27.804292,4.361000,114.000,36.153000,1.532000,125.576942,3596,299,0,137,253,2150,11,0
27.817064,12.772000,114.000,36.153000,1.532000,125.567020,3592,295,0,136,253,2150,11,0
27.821540,4.476000,114.000,36.153000,1.532000,125.563107,3585,295,0,136,253,2150,11,0
27.833280,11.740000,114.000,36.153000,1.532000,125.563541,3585,295,0,135,251,2146,11,0
27.837764,4.484000,114.000,36.153000,1.532000,125.563862,3585,295,0,134,250,2144,11,0
27.850315,12.551000,114.000,36.153000,1.532000,125.562473,3582,295,0,131,249,2142,11,0
27.854865,4.550000,114.000,36.153000,1.532000,125.549259,3576,290,0,131,249,2142,11,0
27.866518,11.653000,114.000,36.153000,1.532000,125.543423,3566,290,0,132,248,2140,11,0
27.872756,6.238000,114.000,36.153000,1.532000,125.556110,3566,287,0,148,269,2182,11,0
27.876559,3.803000,114.000,36.153000,1.532000,125.552898,3560,287,0,148,269,2182,11,0
27.892377,15.818000,114.000,36.153000,1.532000,125.548241,3563,287,0,134,255,2154,11,0
27.899951,7.574000,114.000,36.153000,1.532000,125.548721,3563,287,0,134,255,2154,11,0
27.904902,4.951000,114.000,36.153000,1.532000,125.565777,3573,291,0,134,255,2154,11,0
27.916750,11.848000,114.000,36.153000,1.532000,125.566944,3573,291,0,135,256,2156,11,0
27.920837,4.087000,114.000,36.153000,1.532000,125.567375,3573,291,0,135,256,2156,11,0
27.933235,12.398000,114.000,36.153000,1.532000,125.567856,3573,291,0,135,256,2156,11,0
27.937236,4.001000,114.000,36.153000,1.532000,125.568336,3573,291,0,135,256,2156,11,0
27.949867,12.631000,114.000,36.153000,1.532000,125.568817,3573,291,0,135,256,2156,11,0
27.954094,4.227000,114.000,36.153000,1.532000,125.569298,3573,291,0,135,256,2156,11,0
27.966540,12.446000,114.000,36.153000,1.532000,125.569778,3573,291,0,135,256,2156,11,0
27.970702,4.162000,114.000,36.153000,1.532000,125.571865,3576,291,0,135,256,2156,11,0
27.983035,12.333000,114.000,36.153000,1.532000,125.572346,3576,291,0,135,256,2156,11,0
27.986996,3.961000,114.000,36.153000,1.532000,125.572826,3576,291,0,135,256,2156,11,0
27.999807,12.811000,114.000,36.153000,1.532000,125.573307,3576,291,0,135,256,2156,11,0
28.003955,4.148000,114.000,36.153000,1.532000,125.575447,3579,291,0,135,256,2156,11,0
28.016530,12.575000,114.000,36.153000,1.532000,125.575874,3579,291,0,133,249,2142,11,0
28.020783,4.253000,114.000,36.153000,1.532000,125.571880,3577,291,0,133,249,2142,11,0
28.033166,12.383000,114.000,36.153000,1.532000,125.571388,3577,291,0,131,247,2138,11,0
28.037572,4.406000,114.000,36.153000,1.532000,125.562111,3577,291,0,131,247,2138,11,0
28.049842,12.270000,114.000,36.153000,1.532000,125.562592,3577,291,0,131,247,2138,11,0
28.054064,4.222000,114.000,36.153000,1.532000,125.563087,3577,291,0,131,247,2138,11,0
28.066473,12.409000,114.000,36.153000,1.532000,125.563568,3577,291,0,131,247,2138,11,0
28.070489,4.016000,114.000,36.153000,1.532000,125.565678,3580,291,0,131,247,2138,11,0
28.083118,12.629000,114.000,36.153000,1.532000,125.566158,3580,291,0,130,247,2138,11,0
28.087753,4.635000,118.000,17.842000,1.454000,125.566650,3580,291,0,129,246,2136,11,0
28.099924,12.171000,118.000,17.842000,1.454000,125.573135,3590,291,0,130,246,2136,11,0
28.104084,4.160000,118.000,17.842000,1.454000,125.572079,3588,291,0,130,246,2136,11,0
28.116583,12.499000,118.000,17.842000,1.454000,125.572559,3588,291,0,130,246,2136,11,0
28.121496,4.913000,118.000,17.842000,1.454000,125.685596,3699,315,0,130,246,2136,11,0
28.132980,11.484000,118.000,17.842000,1.454000,125.688847,3699,315,0,142,258,2160,11,0
28.137136,4.156000,118.000,17.842000,1.454000,125.689236,3699,315,0,142,258,2160,11,0
28.149820,12.684000,118.000,17.842000,1.454000,125.689716,3699,315,0,140,258,2160,11,0
28.174945,25.125000,118.000,17.842000,1.454000,125.794762,3766,324,0,172,328,2300,11,0
28.177336,2.391000,118.000,17.842000,1.454000,125.795242,3766,324,0,138,286,2216,11,0
28.191260,13.924000,118.000,17.842000,1.454000,125.779186,3766,324,0,138,286,2216,11,0
28.200472,9.212000,118.000,17.842000,1.454000,125.785927,3766,324,0,152,300,2244,11,0
28.204215,3.743000,118.000,17.842000,1.454000,125.760265,3731,324,0,138,286,2216,11,0
28.217249,13.034000,118.000,17.842000,1.454000,125.759106,3728,324,0,138,286,2216,11,0
28.220828,3.579000,118.000,17.842000,1.454000,125.759586,3728,324,0,138,286,2216,11,0
28.234489,13.661000,118.000,17.842000,1.454000,125.760067,3728,324,0,138,286,2216,11,0
28.238043,3.554000,118.000,17.842000,1.454000,125.760548,3728,324,0,138,286,2216,11,0
28.250790,12.747000,118.000,17.842000,1.454000,125.761040,3728,324,0,138,286,2216,11,0
28.254567,3.777000,118.000,17.842000,1.454000,125.761475,3728,324,0,138,286,2216,11,0
28.267512,12.945000,118.000,17.842000,1.454000,125.761955,3728,324,0,138,286,2216,11,0
28.272038,4.526000,118.000,17.842000,1.454000,125.749268,3723,319,0,137,285,2214,11,0
28.276844,4.806000,118.000,17.842000,1.454000,125.733212,3709,315,0,137,285,2214,11,0
28.293041,16.197000,118.000,17.842000,1.454000,125.910538,3819,363,0,137,285,2214,11,0
28.299861,6.820000,118.000,17.842000,1.454000,125.919708,3819,363,0,147,273,2190,11,0
28.304370,4.509000,118.000,17.842000,1.454000,125.914135,3814,363,0,147,273,2190,11,0
28.316506,12.136000,118.000,17.842000,1.454000,125.914570,3814,363,0,147,273,2190,11,0
28.320891,4.385000,118.000,17.842000,1.454000,125.883610,3814,363,0,147,273,2190,11,0
28.333188,12.297000,118.000,17.842000,1.454000,125.884090,3814,363,0,148,273,2190,11,0
28.337618,4.430000,118.000,17.842000,1.454000,125.881290,3808,363,0,148,273,2190,11,0
28.349821,12.203000,118.000,17.842000,1.454000,125.881771,3808,363,0,148,273,2190,11,0
28.354514,4.693000,118.000,17.842000,1.454000,125.882294,3808,363,0,148,273,2190,11,0
28.366528,12.014000,118.000,17.842000,1.454000,125.882774,3808,363,0,148,273,2190,11,0
28.371104,4.576000,118.000,17.842000,1.454000,125.884708,3811,363,0,148,273,2190,11,0
28.383178,12.074000,118.000,17.842000,1.454000,125.881687,3805,363,0,149,273,2190,11,0
28.387835,4.657000,118.000,17.842000,1.454000,125.882149,3805,363,0,148,272,2188,11,0
28.399952,12.117000,118.000,17.842000,1.454000,125.882629,3805,363,0,147,272,2188,11,0
28.404205,4.253000,118.000,17.842000,1.454000,125.883095,3805,363,0,145,270,2184,11,0
28.416543,12.338000,118.000,17.842000,1.454000,125.883575,3805,363,0,145,269,2182,11,0
28.421021,4.478000,118.000,17.842000,1.454000,125.873638,3801,359,0,145,269,2182,11,0
28.433092,12.071000,118.000,17.842000,1.454000,125.869770,3794,359,0,145,269,2182,11,0
28.437509,4.417000,118.000,17.842000,1.454000,125.870220,3794,359,0,143,267,2178,11,0
28.449899,12.390000,118.000,17.842000,1.454000,125.870617,3794,359,0,142,266,2176,11,0
28.454480,4.581000,118.000,17.842000,1.454000,125.869259,3791,359,0,141,265,2174,11,0
28.466637,12.157000,118.000,17.842000,1.454000,125.856030,3785,354,0,141,265,2174,11,0
28.470553,3.916000,118.000,17.842000,1.454000,125.848507,3772,354,0,141,265,2174,11,0
28.482949,12.396000,118.000,17.842000,1.454000,125.869972,3774,354,0,157,286,2216,11,0
28.486379,3.430000,118.000,17.842000,1.454000,125.870453,3774,354,0,157,286,2216,11,0
28.499778,13.399000,118.000,17.842000,1.454000,125.864124,3774,354,0,143,272,2188,11,0
28.502633,2.855000,118.000,17.842000,1.454000,125.864605,3774,354,0,143,272,2188,11,0
28.516193,13.560000,118.000,17.842000,1.454000,125.865086,3774,354,0,143,272,2188,11,0
28.518950,2.757000,118.000,17.842000,1.454000,125.865566,3774,354,0,143,272,2188,11,0
28.533039,14.089000,118.000,17.842000,1.454000,125.866001,3774,354,0,143,272,2188,11,0
28.535558,2.519000,118.000,17.842000,1.454000,125.866482,3774,354,0,143,272,2188,11,0
28.549675,14.117000,118.000,17.842000,1.454000,125.866962,3774,354,0,143,272,2188,11,0
28.552536,2.861000,118.000,17.842000,1.454000,125.867443,3774,354,0,143,272,2188,11,0
28.566408,13.872000,118.000,17.842000,1.454000,125.867924,3774,354,0,143,272,2188,11,0
28.569770,3.362000,118.000,17.842000,1.454000,125.870075,3777,354,0,143,272,2188,11,0
28.583061,13.291000,118.000,17.842000,1.454000,125.870510,3777,354,0,143,272,2188,11,0
28.586655,3.594000,118.000,17.842000,1.454000,125.872662,3780,354,0,143,272,2188,11,0
28.599996,13.341000,118.000,17.842000,1.454000,125.873142,3780,354,0,143,272,2188,11,0
28.604931,4.935000,118.000,17.842000,1.454000,125.871983,3777,354,0,143,272,2188,11,0
28.616764,11.833000,118.000,17.842000,1.454000,125.883862,3795,354,0,143,272,2188,11,0
28.621734,4.970000,118.000,17.842000,1.454000,125.850597,3741,354,0,141,265,2174,11,0
28.633541,11.807000,118.000,17.842000,1.454000,125.846668,3739,354,0,141,265,2174,11,0
28.638776,5.235000,118.000,17.842000,1.454000,125.847149,3739,354,0,141,265,2174,11,0
28.644155,5.379000,118.000,17.842000,1.454000,125.837872,3739,354,0,141,265,2174,11,0
28.659385,15.230000,118.000,17.842000,1.454000,125.838322,3739,354,0,141,265,2174,11,0
28.663845,4.460000,118.000,17.842000,1.454000,125.838802,3739,354,0,140,265,2174,11,0
28.670104,6.259000,118.000,17.842000,1.454000,125.840946,3742,354,0,140,265,2174,11,0
28.683329,13.225000,118.000,17.842000,1.454000,125.841427,3742,354,0,141,265,2174,11,0
28.688522,5.193000,118.000,17.842000,1.454000,125.842800,3742,354,0,141,265,2174,11,1
28.700172,11.650000,118.000,17.842000,1.454000,125.843281,3742,354,0,141,265,2174,11,1
28.706008,5.836000,118.000,17.842000,1.454000,125.852062,3761,353,0,141,265,2174,11,0
28.711316,5.308000,118.000,17.842000,1.454000,125.849285,3756,353,0,142,265,2174,11,0
28.726255,14.939000,118.000,17.842000,1.454000,125.849762,3756,353,0,142,265,2174,11,0
28.733333,7.078000,118.000,17.842000,1.454000,125.850243,3756,353,0,142,265,2174,11,0
28.738496,5.163000,118.000,17.842000,1.454000,125.850708,3756,353,0,142,265,2174,11,0
28.750090,11.594000,118.000,17.842000,1.454000,125.851189,3756,353,0,142,265,2174,11,0
28.755186,5.096000,118.000,17.842000,1.454000,125.851639,3756,353,0,142,265,2174,11,0
28.790667,35.481000,118.000,17.842000,1.454000,125.962803,3826,362,0,186,349,2342,11,0
28.793405,2.738000,118.000,17.842000,1.454000,125.974087,3856,362,0,164,323,2290,11,0
28.808043,14.638000,118.000,17.842000,1.454000,125.963169,3838,362,0,164,323,2290,11,0
28.811619,3.576000,118.000,17.842000,1.454000,125.970123,3838,362,0,178,337,2318,11,0
28.825415,13.796000,118.000,17.842000,1.454000,125.952934,3806,362,0,164,323,2290,11,0
28.834267,8.852000,118.000,17.842000,1.454000,125.946606,3806,362,0,164,323,2290,11,0
28.837690,3.423000,118.000,17.842000,1.454000,125.945446,3803,362,0,164,323,2290,11,0
28.850651,12.961000,118.000,17.842000,1.454000,125.945881,3803,362,0,164,323,2290,11,0
28.853736,3.085000,118.000,17.842000,1.454000,125.946362,3803,362,0,164,323,2290,11,0
28.867216,13.480000,118.000,17.842000,1.454000,125.946842,3803,362,0,164,323,2290,11,0
28.871145,3.929000,118.000,17.842000,1.454000,125.947323,3803,362,0,163,322,2288,11,0
28.884402,13.257000,118.000,17.842000,1.454000,125.947803,3803,362,0,163,322,2288,11,0
28.888816,4.414000,118.000,17.842000,1.454000,125.948284,3803,362,0,163,322,2288,11,0
28.893166,4.350000,118.000,17.842000,1.454000,125.946262,3799,362,0,163,322,2288,11,0
28.909294,16.128000,118.000,17.842000,1.454000,125.945049,3796,362,0,161,286,2216,11,0
28.913212,3.918000,118.000,17.842000,1.454000,125.941120,3794,362,0,161,286,2216,11,0
28.920329,7.117000,118.000,17.842000,1.454000,125.910149,3794,362,0,161,286,2216,11,0
28.933153,12.824000,118.000,17.842000,1.454000,125.908989,3791,362,0,161,286,2216,11,0
28.937952,4.799000,118.000,17.842000,1.454000,125.911121,3794,362,0,161,286,2216,11,0
28.950805,12.853000,118.000,17.842000,1.454000,125.911602,3794,362,0,161,286,2216,11,0
28.954213,3.408000,118.000,17.842000,1.454000,125.912083,3794,362,0,149,279,2202,11,0
28.967960,13.747000,118.000,17.842000,1.454000,125.902222,3789,359,0,149,279,2202,11,0
28.972066,4.106000,118.000,17.842000,1.454000,125.898811,3783,359,0,148,279,2202,11,0
28.978666,6.600000,118.000,17.842000,1.454000,125.895760,3777,359,0,148,279,2202,11,0
28.991338,12.672000,118.000,17.842000,1.454000,125.894600,3774,359,0,147,278,2200,11,0
29.000795,9.457000,118.000,17.842000,1.454000,125.910248,3784,363,0,147,278,2200,11,0
29.004145,3.350000,118.000,17.842000,1.454000,125.911415,3784,363,0,145,278,2200,11,0
29.017938,13.793000,118.000,17.842000,1.454000,125.911907,3784,363,0,144,277,2198,11,0
29.021867,3.929000,118.000,17.842000,1.454000,125.901985,3780,359,0,145,277,2198,11,0
29.028801,6.934000,118.000,17.842000,1.454000,125.894760,3767,359,0,145,277,2198,11,0
29.041351,12.550000,118.000,17.842000,1.454000,125.895241,3767,359,0,141,275,2194,11,0
29.050721,9.370000,118.000,17.842000,1.454000,125.895638,3767,359,0,140,274,2192,11,0
29.053950,3.229000,118.000,17.842000,1.454000,125.894249,3764,359,0,142,273,2190,11,0
29.067878,13.928000,118.000,17.842000,1.454000,125.882195,3758,354,0,142,273,2190,11,2
29.071622,3.744000,118.000,17.842000,1.454000,125.876358,3748,354,0,141,273,2190,11,2
29.078897,7.275000,118.000,17.842000,1.454000,125.898624,3750,354,0,157,294,2232,11,2
29.091490,12.593000,118.000,17.842000,1.454000,125.899105,3750,354,0,157,294,2232,11,2
29.101559,10.069000,116.000,34.846000,1.616000,125.893883,3762,352,0,143,280,2204,11,0
29.105229,3.670000,116.000,34.846000,1.616000,125.887894,3752,352,0,145,280,2204,11,0
29.112100,6.871000,116.000,34.846000,1.616000,125.888359,3752,352,0,145,280,2204,11,0
29.125053,12.953000,116.000,34.846000,1.616000,125.888760,3752,352,0,145,280,2204,11,0
29.134324,9.271000,116.000,34.846000,1.616000,125.889256,3752,352,0,144,274,2192,11,0
29.137822,3.498000,116.000,34.846000,1.616000,125.889736,3752,352,0,144,274,2192,11,0
29.150895,13.073000,116.000,34.846000,1.616000,125.871082,3722,352,0,144,274,2192,11,0
29.176412,25.517000,116.000,34.846000,1.616000,125.871563,3722,352,0,144,274,2192,11,0
29.183189,6.777000,116.000,34.846000,1.616000,125.872044,3722,352,0,144,274,2192,11,0
29.188007,4.818000,116.000,34.846000,1.616000,125.870884,3719,352,0,144,274,2192,11,0
29.199810,11.803000,116.000,34.846000,1.616000,125.871365,3719,352,0,144,274,2192,11,0
29.204531,4.721000,116.000,34.846000,1.616000,125.871799,3719,352,0,144,274,2192,11,0
29.216714,12.183000,116.000,34.846000,1.616000,125.872227,3719,352,0,144,274,2192,11,0
29.221585,4.871000,116.000,34.846000,1.616000,125.868298,3717,352,0,144,274,2192,11,0
29.233413,11.828000,116.000,34.846000,1.616000,125.868778,3717,352,0,142,267,2178,11,0
29.238186,4.773000,116.000,34.846000,1.616000,125.869259,3717,352,0,142,267,2178,11,0
29.249784,11.598000,116.000,34.846000,1.616000,125.869740,3717,352,0,142,267,2178,11,0
29.254128,4.344000,116.000,34.846000,1.616000,125.860455,3717,352,0,142,267,2178,11,0
29.266631,12.503000,116.000,34.846000,1.616000,125.860935,3717,352,0,143,267,2178,11,0
29.271586,4.955000,116.000,34.846000,1.616000,125.863106,3720,352,0,141,265,2174,11,0
29.283250,11.664000,116.000,34.846000,1.616000,125.863586,3720,352,0,140,265,2174,11,0
29.287849,4.599000,116.000,34.846000,1.616000,125.865650,3723,352,0,140,265,2174,11,0
29.299685,11.836000,116.000,34.846000,1.616000,125.866131,3723,352,0,141,265,2174,11,0
29.303870,4.185000,116.000,34.846000,1.616000,125.866604,3723,352,0,141,265,2174,11,0
29.316727,12.857000,116.000,34.846000,1.616000,125.873043,3733,352,0,140,265,2174,11,0
29.321710,4.983000,116.000,34.846000,1.616000,125.873524,3733,352,0,140,265,2174,11,0
29.333261,11.551000,116.000,34.846000,1.616000,125.873959,3733,352,0,141,265,2174,11,0
29.338076,4.815000,116.000,34.846000,1.616000,125.874424,3733,352,0,141,265,2174,11,0
29.349754,11.678000,116.000,34.846000,1.616000,125.874905,3733,352,0,141,265,2174,11,0
29.354085,4.331000,116.000,34.846000,1.616000,125.875401,3733,352,0,141,265,2174,11,0
29.366692,12.607000,116.000,34.846000,1.616000,125.875881,3733,352,0,138,263,2170,11,0
29.399786,33.094000,116.000,34.846000,1.616000,125.960251,3793,355,0,170,333,2310,11,0
29.402484,2.698000,116.000,34.846000,1.616000,125.936810,3781,355,0,137,293,2230,11,0
29.417659,15.175000,116.000,34.846000,1.616000,125.938957,3784,355,0,137,293,2230,11,0
29.423065,5.406000,116.000,34.846000,1.616000,125.945930,3784,355,0,151,307,2258,11,0
29.428483,5.418000,116.000,34.846000,1.616000,125.920269,3749,355,0,137,293,2230,11,0
29.441904,13.421000,116.000,34.846000,1.616000,125.920750,3749,355,0,137,293,2230,11,0
29.445358,3.454000,116.000,34.846000,1.616000,125.921230,3749,355,0,137,293,2230,11,0
29.459630,14.272000,116.000,34.846000,1.616000,125.923370,3752,355,0,137,293,2230,11,0
29.464799,5.169000,116.000,34.846000,1.616000,125.925457,3755,355,0,137,293,2230,11,0
29.469193,4.394000,116.000,34.846000,1.616000,125.925938,3755,355,0,137,293,2230,11,0
29.484230,15.037000,116.000,34.846000,1.616000,125.926418,3755,355,0,137,293,2230,11,0
29.487868,3.638000,116.000,34.846000,1.616000,125.926853,3755,355,0,137,293,2230,11,0
29.500602,12.734000,116.000,34.846000,1.616000,125.926514,3754,355,0,137,293,2230,11,0
29.503947,3.345000,116.000,34.846000,1.616000,125.926994,3754,355,0,135,257,2158,11,0
29.517793,13.846000,116.000,34.846000,1.616000,125.925781,3751,355,0,135,257,2158,11,0
29.521656,3.863000,116.000,34.846000,1.616000,125.921852,3749,355,0,135,257,2158,11,0
29.534336,12.680000,116.000,34.846000,1.616000,125.890869,3749,355,0,135,257,2158,11,0
29.537800,3.464000,116.000,34.846000,1.616000,125.891350,3749,355,0,135,257,2158,11,0
29.550624,12.824000,116.000,34.846000,1.616000,125.891750,3749,355,0,135,257,2158,11,0
29.553756,3.132000,116.000,34.846000,1.616000,125.892231,3749,355,0,135,257,2158,11,0
29.568125,14.369000,116.000,34.846000,1.616000,125.892681,3749,355,0,135,257,2158,11,0
29.571977,3.852000,116.000,34.846000,1.616000,125.893162,3749,355,0,135,257,2158,11,0
29.577758,5.781000,116.000,34.846000,1.616000,125.893436,3749,355,0,135,257,2158,11,0
29.592520,14.762000,116.000,34.846000,1.616000,125.890415,3743,355,0,135,257,2158,11,0
29.599958,7.438000,116.000,34.846000,1.616000,125.889210,3740,355,0,133,256,2156,11,0
29.604701,4.743000,116.000,34.846000,1.616000,125.889645,3740,355,0,133,256,2156,11,0
29.616462,11.761000,116.000,34.846000,1.616000,125.890125,3740,355,0,129,254,2152,11,0
29.620656,4.194000,116.000,34.846000,1.616000,125.889011,3737,355,0,129,254,2152,11,0
29.633279,12.623000,116.000,34.846000,1.616000,125.879089,3733,351,0,130,253,2150,11,0
29.637928,4.649000,116.000,34.846000,1.616000,125.876804,3729,351,0,130,253,2150,11,0
29.649939,12.011000,116.000,34.846000,1.616000,125.877285,3729,351,0,128,252,2148,11,0
29.654367,4.428000,116.000,34.846000,1.616000,125.877762,3729,351,0,127,251,2146,11,0
29.666581,12.214000,116.000,34.846000,1.616000,125.878159,3729,351,0,126,250,2144,11,0
29.669807,3.226000,116.000,34.846000,1.616000,125.863106,3720,346,0,125,249,2142,11,0
29.684093,14.286000,116.000,34.846000,1.616000,125.857208,3710,346,0,125,249,2142,11,0
29.687223,3.130000,116.000,34.846000,1.616000,125.856049,3707,346,0,124,249,2142,11,0
29.694146,6.923000,116.000,34.846000,1.616000,125.877525,3709,346,0,141,270,2184,11,0
29.708330,14.184000,116.000,34.846000,1.616000,125.876366,3706,346,0,141,270,2184,11,0
29.713176,4.846000,116.000,34.846000,1.616000,125.869976,3706,346,0,127,256,2156,11,0
29.725102,11.926000,116.000,34.846000,1.616000,125.870457,3706,346,0,127,256,2156,11,0
29.734206,9.104000,116.000,34.846000,1.616000,125.870937,3706,346,0,127,256,2156,11,0
29.737603,3.397000,116.000,34.846000,1.616000,125.868137,3700,346,0,127,256,2156,11,0
29.750619,13.016000,116.000,34.846000,1.616000,125.868618,3700,346,0,127,256,2156,11,0
29.753694,3.075000,116.000,34.846000,1.616000,125.869099,3700,346,0,127,256,2156,11,0
29.767789,14.095000,116.000,34.846000,1.616000,125.869595,3700,346,0,127,256,2156,11,0
29.771365,3.576000,116.000,34.846000,1.616000,125.870075,3700,346,0,127,256,2156,11,0
29.784365,13.000000,116.000,34.846000,1.616000,125.870541,3700,346,0,127,256,2156,11,0
29.787775,3.410000,116.000,34.846000,1.616000,125.871021,3700,346,0,127,256,2156,11,0
29.800680,12.905000,116.000,34.846000,1.616000,125.872417,3700,346,0,127,256,2156,11,1
29.803914,3.234000,116.000,34.846000,1.616000,125.872852,3700,346,0,127,256,2156,11,1
29.817962,14.048000,116.000,34.846000,1.616000,125.873970,3706,345,0,127,256,2156,11,0
29.821624,3.662000,116.000,34.846000,1.616000,125.871193,3701,345,0,128,256,2156,11,0
29.834629,13.005000,116.000,34.846000,1.616000,125.871689,3701,345,0,128,256,2156,11,0
29.838130,3.501000,116.000,34.846000,1.616000,125.867706,3699,345,0,126,249,2142,11,0
29.850636,12.506000,116.000,34.846000,1.616000,125.868126,3699,345,0,126,249,2142,11,0
29.853795,3.159000,116.000,34.846000,1.616000,125.868607,3699,345,0,126,249,2142,11,0
29.868379,14.584000,116.000,34.846000,1.616000,125.859379,3699,345,0,126,249,2142,11,0
29.872183,3.804000,116.000,34.846000,1.616000,125.858219,3696,345,0,128,249,2142,11,0
29.878485,6.302000,116.000,34.846000,1.616000,125.858715,3696,345,0,128,249,2142,11,0
29.891322,12.837000,116.000,34.846000,1.616000,125.859196,3696,345,0,127,249,2142,11,0
29.900754,9.432000,116.000,34.846000,1.616000,125.859661,3696,345,0,127,249,2142,11,0
29.903933,3.179000,116.000,34.846000,1.616000,125.860142,3696,345,0,127,249,2142,11,0
29.917960,14.027000,116.000,34.846000,1.616000,125.860653,3696,345,0,127,249,2142,11,0
29.921977,4.017000,116.000,34.846000,1.616000,125.867092,3706,345,0,127,249,2142,11,0
29.934317,12.340000,116.000,34.846000,1.616000,125.867542,3706,345,0,127,249,2142,11,0
29.937721,3.404000,116.000,34.846000,1.616000,125.868023,3706,345,0,127,249,2142,11,0
29.950851,13.130000,116.000,34.846000,1.616000,125.868519,3706,345,0,127,249,2142,11,0
29.954230,3.379000,116.000,34.846000,1.616000,125.868999,3706,345,0,128,249,2142,11,0
29.967902,13.672000,116.000,34.846000,1.616000,125.869404,3706,345,0,128,249,2142,11,0
29.971493,3.591000,116.000,34.846000,1.616000,125.869884,3706,345,0,128,249,2142,11,0
30.005151,33.658000,116.000,34.846000,1.616000,125.982700,3779,354,0,171,332,2308,11,0
30.017640,12.489000,116.000,34.846000,1.616000,125.978928,3779,354,0,163,320,2284,11,0
30.021854,4.214000,116.000,34.846000,1.616000,125.960030,3744,354,0,163,320,2284,11,0
30.027656,5.802000,116.000,34.846000,1.616000,125.953701,3744,354,0,149,306,2256,11,0
30.042547,14.891000,116.000,34.846000,1.616000,125.954182,3744,354,0,149,306,2256,11,0
30.049944,7.397000,116.000,34.846000,1.616000,125.954662,3744,354,0,149,306,2256,11,0
30.054886,4.942000,116.000,34.846000,1.616000,125.955143,3744,354,0,149,306,2256,11,0
30.066802,11.916000,116.000,34.846000,1.616000,125.955624,3744,354,0,149,306,2256,11,0
30.072492,5.690000,116.000,34.846000,1.616000,125.947319,3742,351,0,148,305,2254,11,0
30.077533,5.041000,116.000,34.846000,1.616000,125.944107,3736,351,0,148,305,2254,11,0
30.092374,14.841000,116.000,34.846000,1.616000,125.944588,3736,351,0,148,305,2254,11,0
30.101622,9.248000,112.000,32.628000,1.393000,125.945068,3736,351,0,148,305,2254,11,0
30.107982,6.360000,112.000,32.628000,1.393000,125.962368,3749,355,0,148,305,2254,11,0
30.112644,4.662000,112.000,32.628000,1.393000,125.961033,3745,355,0,149,307,2258,11,0
30.126071,13.427000,112.000,32.628000,1.393000,125.961456,3745,355,0,147,271,2186,11,0
30.133369,7.298000,112.000,32.628000,1.393000,125.957527,3743,355,0,147,271,2186,11,0
30.138459,5.090000,112.000,32.628000,1.393000,125.926563,3743,355,0,147,271,2186,11,0
30.149948,11.489000,112.000,32.628000,1.393000,125.927044,3743,355,0,147,271,2186,11,0
30.155244,5.296000,112.000,32.628000,1.393000,125.927525,3743,355,0,147,271,2186,11,0
30.160892,5.648000,112.000,32.628000,1.393000,125.928005,3743,355,0,147,271,2186,11,0
30.176042,15.150000,112.000,32.628000,1.393000,125.930172,3746,355,0,147,271,2186,11,0
30.183221,7.179000,112.000,32.628000,1.393000,125.930653,3746,355,0,147,271,2186,11,0
30.188415,5.194000,112.000,32.628000,1.393000,125.931103,3746,355,0,147,271,2186,11,0
30.200044,11.629000,112.000,32.628000,1.393000,125.931377,3746,355,0,146,271,2186,11,0
30.205496,5.452000,112.000,32.628000,1.393000,125.928440,3740,355,0,146,271,2186,11,0
30.210942,5.446000,112.000,32.628000,1.393000,125.928974,3740,355,0,146,270,2184,11,0
30.226459,15.517000,112.000,32.628000,1.393000,125.862198,3716,331,0,145,269,2182,11,0
30.230687,4.228000,112.000,32.628000,1.393000,125.843727,3680,331,0,143,268,2180,11,0
30.236902,6.215000,112.000,32.628000,1.393000,125.833744,3676,327,0,142,267,2178,11,0
30.250929,14.027000,112.000,32.628000,1.393000,125.829876,3669,327,0,142,267,2178,11,0
30.255629,4.700000,112.000,32.628000,1.393000,125.830448,3669,327,0,140,265,2174,11,0
30.260771,5.142000,112.000,32.628000,1.393000,125.830929,3669,327,0,139,265,2174,11,0
30.275762,14.991000,112.000,32.628000,1.393000,125.831280,3669,327,0,138,264,2172,11,0
30.283565,7.803000,112.000,32.628000,1.393000,125.816227,3660,322,0,137,263,2170,11,0
30.288698,5.133000,112.000,32.628000,1.393000,125.810383,3650,322,0,137,263,2170,11,0
30.294958,6.260000,112.000,32.628000,1.393000,125.831902,3652,322,0,154,284,2212,11,0
30.309278,14.320000,112.000,32.628000,1.393000,125.830711,3649,322,0,154,284,2212,11,0
30.312638,3.360000,112.000,32.628000,1.393000,125.831192,3649,322,0,140,270,2184,11,0
30.325857,13.219000,112.000,32.628000,1.393000,125.824879,3649,322,0,140,270,2184,11,0
30.333176,7.319000,112.000,32.628000,1.393000,125.825359,3649,322,0,140,270,2184,11,0
30.337870,4.694000,112.000,32.628000,1.393000,125.825851,3649,322,0,140,270,2184,11,0
30.350022,12.152000,112.000,32.628000,1.393000,125.826286,3649,322,0,140,270,2184,11,0
30.354577,4.555000,112.000,32.628000,1.393000,125.826767,3649,322,0,140,270,2184,11,0
30.366729,12.152000,112.000,32.628000,1.393000,125.827248,3649,322,0,140,270,2184,11,0
30.371819,5.090000,112.000,32.628000,1.393000,125.827728,3649,322,0,140,270,2184,11,0
30.383244,11.425000,112.000,32.628000,1.393000,125.828209,3649,322,0,140,270,2184,11,0
30.388076,4.832000,112.000,32.628000,1.393000,125.828690,3649,322,0,140,270,2184,11,0
30.399924,11.848000,112.000,32.628000,1.393000,125.829170,3649,322,0,140,270,2184,11,0
30.404858,4.934000,112.000,32.628000,1.393000,125.828049,3646,322,0,140,270,2184,11,0
30.416735,11.877000,112.000,32.628000,1.393000,125.828529,3646,322,0,140,270,2184,11,0
30.422004,5.269000,112.000,32.628000,1.393000,125.829041,3646,322,0,140,270,2184,11,0
30.427483,5.479000,112.000,32.628000,1.393000,125.829521,3646,322,0,140,270,2184,11,0
30.442544,15.061000,112.000,32.628000,1.393000,125.826637,3640,322,0,138,263,2170,11,0
30.450039,7.495000,112.000,32.628000,1.393000,125.822708,3638,322,0,138,263,2170,11,0
30.454879,4.840000,112.000,32.628000,1.393000,125.823204,3638,322,0,138,263,2170,11,0
30.466714,11.835000,112.000,32.628000,1.393000,125.813927,3638,322,0,138,263,2170,11,0
30.471889,5.175000,112.000,32.628000,1.393000,125.814457,3638,322,0,138,263,2170,11,0
30.477539,5.650000,112.000,32.628000,1.393000,125.814991,3638,322,0,138,263,2170,11,0
30.492674,15.135000,112.000,32.628000,1.393000,125.815380,3638,322,0,138,263,2170,11,0
30.500002,7.328000,112.000,32.628000,1.393000,125.815861,3638,322,0,137,263,2170,11,0
30.504930,4.928000,112.000,32.628000,1.393000,125.816402,3638,322,0,137,263,2170,11,0
30.516868,11.938000,112.000,32.628000,1.393000,125.816837,3638,322,0,138,263,2170,11,0
30.522307,5.439000,112.000,32.628000,1.393000,125.817272,3638,322,0,138,263,2170,11,0
30.527363,5.056000,112.000,32.628000,1.393000,125.823757,3648,322,0,137,263,2170,11,0
30.542795,15.432000,112.000,32.628000,1.393000,125.825943,3651,322,0,137,263,2170,11,0
30.550037,7.242000,112.000,32.628000,1.393000,125.826424,3651,322,0,139,263,2170,11,0
30.555210,5.173000,112.000,32.628000,1.393000,125.826885,3651,322,0,139,263,2170,11,0
30.566739,11.529000,112.000,32.628000,1.393000,125.827320,3651,322,0,138,263,2170,11,0
30.571672,4.933000,112.000,32.628000,1.393000,125.826145,3648,322,0,138,263,2170,11,0
30.583439,11.767000,112.000,32.628000,1.393000,125.826626,3648,322,0,139,263,2170,11,0
30.612062,28.623000,112.000,32.628000,1.393000,125.930225,3715,331,0,171,333,2310,11,0
30.625580,13.518000,112.000,32.628000,1.393000,125.914169,3715,331,0,137,293,2230,11,0
30.633158,7.578000,112.000,32.628000,1.393000,125.921108,3715,331,0,151,307,2258,11,0
30.636964,3.806000,112.000,32.628000,1.393000,125.902256,3680,331,0,151,307,2258,11,0
30.649745,12.781000,112.000,32.628000,1.393000,125.895927,3680,331,0,137,293,2230,11,0
30.652643,2.898000,112.000,32.628000,1.393000,125.896408,3680,331,0,137,293,2230,11,0
30.666373,13.730000,112.000,32.628000,1.393000,125.896889,3680,331,0,137,293,2230,11,0
30.668939,2.566000,112.000,32.628000,1.393000,125.897369,3680,331,0,137,293,2230,11,0
30.683033,14.094000,112.000,32.628000,1.393000,125.897850,3680,331,0,137,293,2230,11,0
30.685390,2.357000,112.000,32.628000,1.393000,125.900002,3683,331,0,137,293,2230,11,0
30.699580,14.190000,112.000,32.628000,1.393000,125.900436,3683,331,0,137,293,2230,11,0
30.702110,2.530000,112.000,32.628000,1.393000,125.902538,3686,331,0,137,293,2230,11,0
30.716637,14.527000,112.000,32.628000,1.393000,125.902973,3686,331,0,137,293,2230,11,0
30.718827,2.190000,112.000,32.628000,1.393000,125.903454,3686,331,0,137,293,2230,11,0
30.733369,14.542000,112.000,32.628000,1.393000,125.901432,3682,331,0,137,293,2230,11,0
30.735312,1.943000,112.000,32.628000,1.393000,125.901913,3682,331,0,135,257,2158,11,0
30.749888,14.576000,112.000,32.628000,1.393000,125.902340,3682,331,0,135,257,2158,11,0
30.751824,1.936000,112.000,32.628000,1.393000,125.898411,3680,331,0,135,257,2158,11,0
30.766793,14.969000,112.000,32.628000,1.393000,125.867485,3680,331,0,135,257,2158,11,0
30.769331,2.538000,112.000,32.628000,1.393000,125.867966,3680,331,0,135,257,2158,11,0
30.783392,14.061000,112.000,32.628000,1.393000,125.868473,3680,331,0,135,257,2158,11,0
30.785642,2.250000,112.000,32.628000,1.393000,125.868954,3680,331,0,135,257,2158,11,0
30.800179,14.537000,112.000,32.628000,1.393000,125.869476,3680,331,0,135,257,2158,11,0
30.802169,1.990000,112.000,32.628000,1.393000,125.869957,3680,331,0,135,257,2158,11,0
30.817408,15.239000,112.000,32.628000,1.393000,125.871880,3683,331,0,135,257,2158,11,0
30.820639,3.231000,112.000,32.628000,1.393000,125.868858,3677,331,0,135,257,2158,11,0
30.834262,13.623000,112.000,32.628000,1.393000,125.869316,3677,331,0,134,256,2156,11,0
30.837529,3.267000,112.000,32.628000,1.393000,125.869797,3677,331,0,134,256,2156,11,0
30.850881,13.352000,112.000,32.628000,1.393000,125.870308,3677,331,0,132,254,2152,11,0
30.854317,3.436000,112.000,32.628000,1.393000,125.860386,3673,327,0,130,253,2150,11,0
30.867910,13.593000,112.000,32.628000,1.393000,125.856426,3666,327,0,130,253,2150,11,0
30.871776,3.866000,112.000,32.628000,1.393000,125.856861,3666,327,0,129,252,2148,11,0
30.884842,13.066000,112.000,32.628000,1.393000,125.859047,3669,327,0,128,251,2146,11,0
30.888233,3.391000,112.000,32.628000,1.393000,125.859444,3669,327,0,127,250,2144,11,0
30.901475,13.242000,112.000,32.628000,1.393000,125.845226,3660,322,0,126,249,2142,11,1
30.904652,3.177000,112.000,32.628000,1.393000,125.839390,3650,322,0,127,249,2142,11,1
30.912150,7.498000,112.000,32.628000,1.393000,125.863575,3661,321,0,143,270,2184,11,0
30.924782,12.632000,112.000,32.628000,1.393000,125.860752,3656,321,0,130,256,2156,11,0
30.934020,9.238000,112.000,32.628000,1.393000,125.852779,3653,321,0,130,256,2156,11,0
30.937264,3.244000,112.000,32.628000,1.393000,125.853214,3653,321,0,130,256,2156,11,0
30.950771,13.507000,112.000,32.628000,1.393000,125.853680,3653,321,0,130,256,2156,11,0
30.954163,3.392000,112.000,32.628000,1.393000,125.854160,3653,321,0,130,256,2156,11,0
30.967383,13.220000,112.000,32.628000,1.393000,125.854656,3653,321,0,130,256,2156,11,0
30.971073,3.690000,112.000,32.628000,1.393000,125.855137,3653,321,0,130,256,2156,11,0
30.984265,13.192000,112.000,32.628000,1.393000,125.855602,3653,321,0,130,256,2156,11,0
30.987776,3.511000,112.000,32.628000,1.393000,125.856083,3653,321,0,130,256,2156,11,0
31.000859,13.083000,112.000,32.628000,1.393000,125.856579,3653,321,0,130,256,2156,11,0
31.004449,3.590000,112.000,32.628000,1.393000,125.857059,3653,321,0,130,256,2156,11,0
31.017615,13.166000,112.000,32.628000,1.393000,125.855900,3650,321,0,130,256,2156,11,0
31.021385,3.770000,112.000,32.628000,1.393000,125.856380,3650,321,0,130,256,2156,11,0
31.034248,12.863000,112.000,32.628000,1.393000,125.856861,3650,321,0,130,256,2156,11,0
31.037917,3.669000,112.000,32.628000,1.393000,125.857342,3650,321,0,130,256,2156,11,0
31.051170,13.253000,112.000,32.628000,1.393000,125.857803,3650,321,0,130,256,2156,11,0
31.054966,3.796000,112.000,32.628000,1.393000,125.853828,3648,321,0,128,249,2142,11,0
31.067750,12.784000,112.000,32.628000,1.393000,125.854294,3648,321,0,128,249,2142,11,0
31.071369,3.619000,112.000,32.628000,1.393000,125.854729,3648,321,0,128,249,2142,11,0
31.084514,13.145000,112.000,32.628000,1.393000,125.845486,3648,321,0,127,248,2140,11,0
31.088147,3.633000,116.000,27.811000,1.521000,125.845966,3648,321,0,126,248,2140,11,0
31.101046,12.899000,116.000,27.811000,1.521000,125.846478,3648,321,0,126,248,2140,11,0
31.104665,3.619000,116.000,27.811000,1.521000,125.846958,3648,321,0,125,248,2140,11,0
31.117820,13.155000,116.000,27.811000,1.521000,125.845768,3645,321,0,125,248,2140,11,0
31.121753,3.933000,116.000,27.811000,1.521000,125.846203,3645,321,0,125,248,2140,11,0
31.134641,12.888000,116.000,27.811000,1.521000,125.846684,3645,321,0,125,248,2140,11,0
31.138205,3.564000,116.000,27.811000,1.521000,125.847164,3645,321,0,126,248,2140,11,0
31.151034,12.829000,116.000,27.811000,1.521000,125.850353,3649,321,0,126,248,2140,11,0
31.154716,3.682000,116.000,27.811000,1.521000,125.850834,3649,321,0,126,248,2140,11,0
31.162411,7.695000,116.000,27.811000,1.521000,125.851360,3649,321,0,126,248,2140,11,0
31.174883,12.472000,116.000,27.811000,1.521000,125.851841,3649,321,0,126,247,2138,11,0
31.184445,9.562000,116.000,27.811000,1.521000,125.841408,3644,318,0,126,247,2138,11,0
31.187913,3.468000,116.000,27.811000,1.521000,125.838196,3638,318,0,125,247,2138,11,0
31.200823,12.910000,116.000,27.811000,1.521000,125.838676,3638,318,0,125,247,2138,11,0
31.236989,36.166000,116.000,27.811000,1.521000,125.963219,3715,331,0,169,331,2306,11,0
31.249916,12.927000,116.000,27.811000,1.521000,125.960236,3715,331,0,162,321,2286,11,0
31.253014,3.098000,116.000,27.811000,1.521000,125.954514,3699,335,0,148,307,2258,11,0
31.266695,13.681000,116.000,27.811000,1.521000,125.955418,3699,335,0,150,309,2262,11,0
31.271752,5.057000,116.000,27.811000,1.521000,125.954212,3696,335,0,150,309,2262,11,0
31.277611,5.859000,116.000,27.811000,1.521000,125.954693,3696,335,0,150,309,2262,11,0
31.292460,14.849000,116.000,27.811000,1.521000,125.976181,3702,337,0,150,309,2262,11,0
31.299848,7.388000,116.000,27.811000,1.521000,126.512074,3702,337,0,151,310,2264,11,0
31.304940,5.092000,116.000,27.811000,1.521000,126.385277,3652,297,0,151,310,2264,11,0
31.311050,6.110000,116.000,27.811000,1.521000,126.353546,3602,297,0,141,290,2224,11,0
31.325741,14.691000,116.000,27.811000,1.521000,126.353981,3602,297,0,141,290,2224,11,0
31.333118,7.377000,116.000,27.811000,1.521000,126.354462,3602,297,0,141,290,2224,11,0
31.338061,4.943000,116.000,27.811000,1.521000,126.352440,3598,297,0,141,290,2224,11,0
31.349759,11.698000,116.000,27.811000,1.521000,126.352867,3598,297,0,139,254,2152,11,0
31.354090,4.331000,116.000,27.811000,1.521000,126.348938,3596,297,0,139,254,2152,11,0
31.366692,12.602000,116.000,27.811000,1.521000,126.317966,3596,297,0,139,254,2152,11,0
31.371652,4.960000,116.000,27.811000,1.521000,126.320168,3599,297,0,139,254,2152,11,0
31.383329,11.677000,116.000,27.811000,1.521000,126.320648,3599,297,0,140,254,2152,11,0
31.388070,4.741000,116.000,27.811000,1.521000,126.322765,3602,297,0,140,254,2152,11,0
31.399784,11.714000,116.000,27.811000,1.521000,126.323200,3602,297,0,140,254,2152,11,0
31.404430,4.646000,116.000,27.811000,1.521000,126.323673,3602,297,0,140,254,2152,11,0
31.416395,11.965000,116.000,27.811000,1.521000,126.324108,3602,297,0,139,254,2152,11,0
31.420176,3.781000,116.000,27.811000,1.521000,126.324368,3602,297,0,139,254,2152,11,0
31.432839,12.663000,116.000,27.811000,1.521000,126.321346,3596,297,0,139,254,2152,11,0
31.435755,2.916000,116.000,27.811000,1.521000,126.321842,3596,297,0,138,253,2150,11,0
31.449521,13.766000,116.000,27.811000,1.521000,126.322323,3596,297,0,138,252,2148,11,0
31.452093,2.572000,116.000,27.811000,1.521000,126.322819,3596,297,0,137,251,2146,11,0
31.466287,14.194000,116.000,27.811000,1.521000,126.312897,3592,293,0,136,250,2144,11,0
31.469174,2.887000,116.000,27.811000,1.521000,126.310600,3588,293,0,136,250,2144,11,0
31.483003,13.829000,116.000,27.811000,1.521000,126.311081,3588,293,0,134,248,2140,11,0
31.486089,3.086000,116.000,27.811000,1.521000,126.311539,3588,293,0,134,248,2140,11,0
31.499678,13.589000,116.000,27.811000,1.521000,126.311935,3588,293,0,132,247,2138,11,0
31.502398,2.720000,116.000,27.811000,1.521000,126.298546,3582,288,0,131,246,2136,11,0
31.516324,13.926000,116.000,27.811000,1.521000,126.292709,3572,288,0,132,246,2136,11,0
31.521652,5.328000,116.000,27.811000,1.521000,126.314144,3574,288,0,148,267,2178,11,0
31.532994,11.342000,116.000,27.811000,1.521000,126.307816,3574,288,0,134,253,2150,11,0
31.536181,3.187000,116.000,27.811000,1.521000,126.308296,3574,288,0,134,253,2150,11,0
31.549909,13.728000,116.000,27.811000,1.521000,126.308777,3574,288,0,134,253,2150,11,0
31.554767,4.858000,116.000,27.811000,1.521000,126.309242,3574,288,0,134,253,2150,11,0
31.566689,11.922000,116.000,27.811000,1.521000,126.309723,3574,288,0,134,253,2150,11,0
31.571497,4.808000,116.000,27.811000,1.521000,126.311905,3577,288,0,134,253,2150,11,0
31.583455,11.958000,116.000,27.811000,1.521000,126.312386,3577,288,0,134,253,2150,11,0
31.588325,4.870000,116.000,27.811000,1.521000,126.312851,3577,288,0,134,253,2150,11,0
31.599806,11.481000,116.000,27.811000,1.521000,126.313332,3577,288,0,134,253,2150,11,0
31.602829,3.023000,116.000,27.811000,1.521000,126.315468,3580,288,0,134,253,2150,11,0
31.616385,13.556000,116.000,27.811000,1.521000,126.315948,3580,288,0,134,253,2150,11,0
31.619680,3.295000,116.000,27.811000,1.521000,126.316444,3580,288,0,134,253,2150,11,0
31.632994,13.314000,116.000,27.811000,1.521000,126.316879,3580,288,0,134,253,2150,11,0
31.636111,3.117000,116.000,27.811000,1.521000,126.317326,3580,288,0,134,253,2150,11,0
31.649548,13.437000,116.000,27.811000,1.521000,126.317806,3580,288,0,134,253,2150,11,0
31.651775,2.227000,116.000,27.811000,1.521000,126.318302,3580,288,0,134,253,2150,11,0
31.666478,14.703000,116.000,27.811000,1.521000,126.318729,3580,288,0,132,246,2136,11,0
31.668651,2.173000,116.000,27.811000,1.521000,126.314800,3578,288,0,132,246,2136,11,0
31.682935,14.284000,116.000,27.811000,1.521000,126.315281,3578,288,0,132,246,2136,11,0
31.685235,2.300000,116.000,27.811000,1.521000,126.306000,3578,288,0,132,246,2136,11,0
31.699625,14.390000,116.000,27.811000,1.521000,126.306480,3578,288,0,130,246,2136,11,0
31.701847,2.222000,116.000,27.811000,1.521000,126.305351,3575,288,0,130,246,2136,11,0
31.716130,14.283000,116.000,27.811000,1.521000,126.305832,3575,288,0,131,246,2136,11,0
31.718509,2.379000,116.000,27.811000,1.521000,126.306252,3575,288,0,131,246,2136,11,0
31.733125,14.616000,116.000,27.811000,1.521000,126.306732,3575,288,0,130,246,2136,11,0
31.735784,2.659000,116.000,27.811000,1.521000,126.307232,3575,288,0,130,246,2136,11,0
31.749513,13.729000,116.000,27.811000,1.521000,126.313717,3585,288,0,131,246,2136,11,0
31.751683,2.170000,116.000,27.811000,1.521000,126.314194,3585,288,0,131,246,2136,11,0
31.766387,14.704000,116.000,27.811000,1.521000,126.314674,3585,288,0,131,246,2136,11,0
31.769363,2.976000,116.000,27.811000,1.521000,126.315155,3585,288,0,131,246,2136,11,0
31.782536,13.173000,116.000,27.811000,1.521000,126.315636,3585,288,0,131,246,2136,11,0
31.785596,3.060000,116.000,27.811000,1.521000,126.316132,3585,288,0,131,246,2136,11,0
31.799604,14.008000,116.000,27.811000,1.521000,126.316612,3585,288,0,131,246,2136,11,0
31.821273,21.669000,116.000,27.811000,1.521000,126.418591,3649,297,0,163,316,2276,11,0
31.833251,11.978000,116.000,27.811000,1.521000,126.419071,3649,297,0,163,316,2276,11,0
31.835790,2.539000,116.000,27.811000,1.521000,126.404915,3652,297,0,129,276,2196,11,0
31.849887,14.097000,116.000,27.811000,1.521000,126.402958,3637,297,0,143,290,2224,11,0
31.852066,2.179000,116.000,27.811000,1.521000,126.384106,3602,297,0,143,290,2224,11,0
31.867135,15.069000,116.000,27.811000,1.521000,126.376137,3599,297,0,129,276,2196,11,0
31.870125,2.990000,116.000,27.811000,1.521000,126.376617,3599,297,0,129,276,2196,11,0
31.884318,14.193000,116.000,27.811000,1.521000,126.377098,3599,297,0,129,276,2196,11,0
31.887976,3.658000,116.000,27.811000,1.521000,126.377579,3599,297,0,129,276,2196,11,0
31.900627,12.651000,116.000,27.811000,1.521000,126.378059,3599,297,0,129,276,2196,11,0
31.903958,3.331000,116.000,27.811000,1.521000,126.378540,3599,297,0,129,276,2196,11,0
31.917250,13.292000,116.000,27.811000,1.521000,126.379021,3599,297,0,129,276,2196,11,0
31.924683,7.433000,116.000,27.811000,1.521000,126.379456,3599,297,0,129,276,2196,11,0
31.928969,4.286000,116.000,27.811000,1.521000,126.379936,3599,297,0,129,276,2196,11,0
31.941442,12.473000,116.000,27.811000,1.521000,126.380417,3599,297,0,129,276,2196,11,0
31.950731,9.289000,116.000,27.811000,1.521000,126.378342,3595,297,0,127,240,2124,11,0
31.954324,3.593000,116.000,27.811000,1.521000,126.374413,3593,297,0,127,240,2124,11,0
31.967274,12.950000,116.000,27.811000,1.521000,126.374893,3593,297,0,127,240,2124,11,0
31.970539,3.265000,116.000,27.811000,1.521000,126.342327,3590,297,0,127,240,2124,11,0
31.983929,13.390000,116.000,27.811000,1.521000,126.342785,3590,297,0,127,240,2124,11,0
31.987100,3.171000,116.000,27.811000,1.521000,126.343266,3590,297,0,127,240,2124,11,0
32.000957,13.857000,116.000,27.811000,1.521000,126.344597,3590,297,0,127,240,2124,11,1
32.004046,3.089000,116.000,27.811000,1.521000,126.345078,3590,297,0,127,240,2124,11,1
32.018059,14.013000,116.000,27.811000,1.521000,126.344810,3596,296,0,127,240,2124,11,0
32.022020,3.961000,116.000,27.811000,1.521000,126.344238,3599,295,0,127,239,2122,11,0
32.034428,12.408000,116.000,27.811000,1.521000,126.336891,3586,295,0,128,240,2124,11,0
32.037771,3.343000,116.000,27.811000,1.521000,126.337372,3586,295,0,127,239,2122,11,0
32.050737,12.966000,116.000,27.811000,1.521000,126.337837,3586,295,0,127,239,2122,11,0
32.053892,3.155000,116.000,27.811000,1.521000,126.338318,3586,295,0,124,237,2118,11,0
32.067607,13.715000,116.000,27.811000,1.521000,126.338829,3586,295,0,124,237,2118,11,0
32.071180,3.573000,116.000,27.811000,1.521000,126.328907,3582,291,0,121,236,2116,11,0
32.084478,13.298000,116.000,27.811000,1.521000,126.326626,3578,291,0,121,236,2116,11,0
32.087945,3.467000,114.000,34.870000,1.391000,126.327106,3578,291,0,122,234,2112,11,0
32.100998,13.053000,114.000,34.870000,1.391000,126.329082,3581,291,0,121,233,2110,11,0
32.104515,3.517000,114.000,34.870000,1.391000,126.327694,3578,291,0,119,232,2108,11,0
32.118108,13.593000,114.000,34.870000,1.391000,126.314487,3572,286,0,119,232,2108,11,0
32.121544,3.436000,114.000,34.870000,1.391000,126.308651,3562,286,0,117,232,2108,11,0
32.128444,6.900000,114.000,34.870000,1.391000,126.330112,3564,286,0,135,253,2150,11,0
32.141547,13.103000,114.000,34.870000,1.391000,126.330593,3564,286,0,135,253,2150,11,0
32.150930,9.383000,114.000,34.870000,1.391000,126.324295,3564,286,0,121,239,2122,11,0
32.154538,3.608000,114.000,34.870000,1.391000,126.324730,3564,286,0,121,239,2122,11,0
32.167725,13.187000,114.000,34.870000,1.391000,126.325180,3564,286,0,121,239,2122,11,0
32.171593,3.868000,114.000,34.870000,1.391000,126.325661,3564,286,0,121,239,2122,11,0
32.184236,12.643000,114.000,34.870000,1.391000,126.327808,3567,286,0,120,238,2120,11,0
32.187768,3.532000,114.000,34.870000,1.391000,126.328289,3567,286,0,121,238,2120,11,0
32.202215,14.447000,114.000,34.870000,1.391000,126.328770,3567,286,0,121,238,2120,11,0
32.205796,3.581000,114.000,34.870000,1.391000,126.329250,3567,286,0,120,237,2118,11,0
32.211689,5.893000,114.000,34.870000,1.391000,126.331390,3570,286,0,120,237,2118,11,0
32.224983,13.294000,114.000,34.870000,1.391000,126.331871,3570,286,0,120,237,2118,11,0
32.234473,9.490000,114.000,34.870000,1.391000,126.332333,3570,286,0,120,237,2118,11,0
32.238102,3.629000,114.000,34.870000,1.391000,126.332813,3570,286,0,120,237,2118,11,0
32.250638,12.536000,114.000,34.870000,1.391000,126.333294,3570,286,0,120,237,2118,11,0
32.253668,3.030000,114.000,34.870000,1.391000,126.333775,3570,286,0,120,237,2118,11,0
32.267868,14.200000,114.000,34.870000,1.391000,126.334202,3570,286,0,120,237,2118,11,0
32.271512,3.644000,114.000,34.870000,1.391000,126.330273,3568,286,0,116,229,2102,11,0
32.284308,12.796000,114.000,34.870000,1.391000,126.321980,3566,283,0,116,229,2102,11,0
32.287532,3.224000,114.000,34.870000,1.391000,126.318768,3560,283,0,117,229,2102,11,0
32.300926,13.394000,114.000,34.870000,1.391000,126.309475,3560,283,0,117,229,2102,11,0
32.304050,3.124000,114.000,34.870000,1.391000,126.309956,3560,283,0,117,229,2102,11,0
32.318092,14.042000,114.000,34.870000,1.391000,126.511112,3693,335,0,117,229,2102,11,0
32.321896,3.804000,114.000,34.870000,1.391000,126.521069,3693,335,0,131,255,2154,11,0
32.328625,6.729000,114.000,34.870000,1.391000,126.519878,3690,335,0,131,255,2154,11,0
32.341311,12.686000,114.000,34.870000,1.391000,126.520359,3690,335,0,130,255,2154,11,0
32.350907,9.596000,114.000,34.870000,1.391000,126.520840,3690,335,0,130,255,2154,11,0
32.354702,3.795000,114.000,34.870000,1.391000,126.527325,3700,335,0,131,255,2154,11,0
32.367903,13.201000,114.000,34.870000,1.391000,126.527790,3700,335,0,131,255,2154,11,0
32.371540,3.637000,114.000,34.870000,1.391000,126.528271,3700,335,0,131,255,2154,11,0
32.384482,12.942000,114.000,34.870000,1.391000,126.528645,3700,335,0,130,254,2152,11,0
32.387840,3.358000,114.000,34.870000,1.391000,126.529125,3700,335,0,129,254,2152,11,0
32.400838,12.998000,114.000,34.870000,1.391000,126.526356,3695,335,0,129,254,2152,11,0
32.404155,3.317000,114.000,34.870000,1.391000,126.526836,3695,335,0,129,254,2152,11,0
32.440512,36.357000,114.000,34.870000,1.391000,126.634647,3759,344,0,173,338,2320,11,0
32.443936,3.424000,114.000,34.870000,1.391000,126.632603,3762,344,0,165,326,2296,11,0
32.458606,14.670000,114.000,34.870000,1.391000,126.605301,3724,344,0,151,312,2268,11,0
32.461697,3.091000,114.000,34.870000,1.391000,126.605782,3724,344,0,151,312,2268,11,0
32.475938,14.241000,114.000,34.870000,1.391000,126.606262,3724,344,0,151,312,2268,11,0
32.483225,7.287000,114.000,34.870000,1.391000,126.606743,3724,344,0,151,312,2268,11,0
32.488296,5.071000,114.000,34.870000,1.391000,126.607224,3724,344,0,151,312,2268,11,0
32.499663,11.367000,114.000,34.870000,1.391000,126.607704,3724,344,0,151,312,2268,11,0
32.504183,4.520000,114.000,34.870000,1.391000,126.606544,3721,344,0,151,312,2268,11,0
32.516718,12.535000,114.000,34.870000,1.391000,126.607025,3721,344,0,151,312,2268,11,0
32.521943,5.225000,114.000,34.870000,1.391000,126.607506,3721,344,0,151,312,2268,11,0
32.527377,5.434000,114.000,34.870000,1.391000,126.607986,3721,344,0,151,312,2268,11,0
32.542271,14.894000,114.000,34.870000,1.391000,126.605186,3715,344,0,151,312,2268,11,0
32.549749,7.478000,114.000,34.870000,1.391000,126.603165,3711,344,0,151,312,2268,11,0
32.554675,4.926000,114.000,34.870000,1.391000,126.603645,3711,344,0,149,276,2196,11,0
32.566747,12.072000,114.000,34.870000,1.391000,126.599663,3709,344,0,149,276,2196,11,0
32.571904,5.157000,114.000,34.870000,1.391000,126.568752,3709,344,0,149,276,2196,11,0
32.583315,11.411000,114.000,34.870000,1.391000,126.569233,3709,344,0,149,276,2196,11,0
32.588320,5.005000,114.000,34.870000,1.391000,126.569698,3709,344,0,149,276,2196,11,0
32.599879,11.559000,114.000,34.870000,1.391000,126.570133,3709,344,0,149,276,2196,11,0
32.604974,5.095000,114.000,34.870000,1.391000,126.570641,3709,344,0,149,276,2196,11,0
32.616680,11.706000,114.000,34.870000,1.391000,126.571121,3709,344,0,150,276,2196,11,0
32.621740,5.060000,114.000,34.870000,1.391000,126.571526,3709,344,0,150,276,2196,11,0
32.633569,11.829000,114.000,34.870000,1.391000,126.571754,3709,344,0,150,276,2196,11,0
32.639155,5.586000,114.000,34.870000,1.391000,126.568779,3703,344,0,150,276,2196,11,0
32.647184,8.029000,114.000,34.870000,1.391000,126.569260,3703,344,0,149,275,2194,11,0
32.653549,6.365000,114.000,34.870000,1.391000,126.569725,3703,344,0,147,273,2190,11,0
32.667160,13.611000,114.000,34.870000,1.391000,126.570206,3703,344,0,146,273,2190,11,0
32.672818,5.658000,114.000,34.870000,1.391000,126.558552,3696,340,0,145,272,2188,11,0
32.676671,3.853000,114.000,34.870000,1.391000,126.554684,3689,340,0,146,272,2188,11,0
32.692475,15.804000,114.000,34.870000,1.391000,126.555164,3689,340,0,144,270,2184,11,0
32.699789,7.314000,114.000,34.870000,1.391000,126.555645,3689,340,0,143,270,2184,11,0
32.704382,4.593000,114.000,34.870000,1.391000,126.557732,3692,340,0,142,269,2182,11,0
32.716499,12.117000,114.000,34.870000,1.391000,126.542679,3683,335,0,141,268,2180,11,0
32.720992,4.493000,114.000,34.870000,1.391000,126.536762,3673,335,0,141,268,2180,11,0
32.726558,5.566000,114.000,34.870000,1.391000,126.558239,3675,335,0,156,289,2222,11,0
32.742299,15.741000,114.000,34.870000,1.391000,126.558720,3675,335,0,156,289,2222,11,0
32.749807,7.508000,114.000,34.870000,1.391000,126.552391,3675,335,0,142,275,2194,11,0
32.753999,4.192000,114.000,34.870000,1.391000,126.552856,3675,335,0,142,275,2194,11,0
32.766488,12.489000,114.000,34.870000,1.391000,126.553337,3675,335,0,142,275,2194,11,0
32.770995,4.507000,114.000,34.870000,1.391000,126.555500,3678,335,0,142,275,2194,11,0
32.783152,12.157000,114.000,34.870000,1.391000,126.555981,3678,335,0,144,275,2194,11,0
32.787356,4.204000,114.000,34.870000,1.391000,126.558083,3681,335,0,144,275,2194,11,0
32.799810,12.454000,114.000,34.870000,1.391000,126.558563,3681,335,0,144,275,2194,11,0
32.804183,4.373000,114.000,34.870000,1.391000,126.559013,3681,335,0,144,275,2194,11,0
32.816414,12.231000,114.000,34.870000,1.391000,126.559494,3681,335,0,144,275,2194,11,0
32.820658,4.244000,114.000,34.870000,1.391000,126.559959,3681,335,0,144,275,2194,11,0
32.833022,12.364000,114.000,34.870000,1.391000,126.560440,3681,335,0,144,275,2194,11,0
32.837312,4.290000,114.000,34.870000,1.391000,126.560951,3681,335,0,144,275,2194,11,0
32.849785,12.473000,114.000,34.870000,1.391000,126.561432,3681,335,0,144,275,2194,11,0
32.854164,4.379000,114.000,34.870000,1.391000,126.561897,3681,335,0,144,275,2194,11,0
32.866523,12.359000,114.000,34.870000,1.391000,126.562325,3681,335,0,144,275,2194,11,0
32.870841,4.318000,114.000,34.870000,1.391000,126.560032,3682,335,0,142,268,2180,11,0
32.883125,12.284000,114.000,34.870000,1.391000,126.560513,3682,335,0,142,268,2180,11,0
32.887427,4.302000,114.000,34.870000,1.391000,126.561008,3682,335,0,142,268,2180,11,0
32.900008,12.581000,114.000,34.870000,1.391000,126.551731,3682,335,0,142,268,2180,11,0
32.904518,4.510000,114.000,34.870000,1.391000,126.553886,3685,335,0,142,268,2180,11,0
32.916493,11.975000,114.000,34.870000,1.391000,126.554367,3685,335,0,142,268,2180,11,0
32.925580,9.087000,114.000,34.870000,1.391000,126.554813,3685,335,0,142,268,2180,11,0
32.928733,3.153000,114.000,34.870000,1.391000,126.555248,3685,335,0,142,268,2180,11,0
32.942401,13.668000,114.000,34.870000,1.391000,126.554089,3682,335,0,142,268,2180,11,0
32.949904,7.503000,114.000,34.870000,1.391000,126.554569,3682,335,0,140,268,2180,11,0
32.954289,4.385000,114.000,34.870000,1.391000,126.561069,3692,335,0,140,268,2180,11,0
32.966467,12.178000,114.000,34.870000,1.391000,126.561550,3692,335,0,141,268,2180,11,0
32.970800,4.333000,114.000,34.870000,1.391000,126.563663,3695,335,0,141,268,2180,11,0
32.983053,12.253000,114.000,34.870000,1.391000,126.564064,3695,335,0,142,268,2180,11,0
32.987452,4.399000,114.000,34.870000,1.391000,126.564568,3695,335,0,142,268,2180,11,0
32.999781,12.329000,114.000,34.870000,1.391000,126.565048,3695,335,0,142,268,2180,11,0
33.004345,4.564000,114.000,34.870000,1.391000,126.567150,3698,335,0,142,268,2180,11,0
33.038848,34.503000,114.000,34.870000,1.391000,126.670742,3765,344,0,174,338,2320,11,0
33.049491,10.643000,114.000,34.870000,1.391000,126.653046,3762,344,0,140,298,2240,11,0
33.052432,2.941000,114.000,34.870000,1.391000,126.653526,3762,344,0,140,298,2240,11,0
33.066409,13.977000,114.000,34.870000,1.391000,126.654007,3762,344,0,140,298,2240,11,0
33.071497,5.088000,114.000,34.870000,1.391000,126.667107,3767,344,0,140,298,2240,11,0
33.083447,11.950000,114.000,34.870000,1.391000,126.641499,3732,344,0,140,298,2240,11,0
33.088536,5.089000,114.000,35.624000,1.685000,126.641933,3732,344,0,140,298,2240,11,0
33.099883,11.347000,114.000,35.624000,1.685000,126.642414,3732,344,0,140,298,2240,11,0
33.104373,4.490000,114.000,35.624000,1.685000,126.644669,3732,344,0,140,298,2240,11,3
33.116502,12.129000,114.000,35.624000,1.685000,126.643509,3729,344,0,140,298,2240,11,3
33.121329,4.827000,114.000,35.624000,1.685000,126.644917,3729,344,0,140,298,2240,11,3
33.134326,12.997000,114.000,35.624000,1.685000,126.647263,3747,341,0,140,298,2240,11,0
33.137913,3.587000,114.000,35.624000,1.685000,126.638062,3732,341,0,143,298,2240,11,0
33.150565,12.652000,114.000,35.624000,1.685000,126.638573,3732,341,0,143,298,2240,11,0
33.154208,3.643000,114.000,35.624000,1.685000,126.639000,3732,341,0,143,298,2240,11,0
33.167437,13.229000,114.000,35.624000,1.685000,126.632568,3726,341,0,140,262,2168,11,0
33.171283,3.846000,114.000,35.624000,1.685000,126.633102,3726,341,0,140,262,2168,11,0
33.197476,26.193000,114.000,35.624000,1.685000,126.633583,3726,341,0,140,262,2168,11,0
33.202065,4.589000,114.000,35.624000,1.685000,126.602692,3726,341,0,140,262,2168,11,0
33.216231,14.166000,114.000,35.624000,1.685000,126.603119,3726,341,0,140,262,2168,11,0
33.219070,2.839000,114.000,35.624000,1.685000,126.597549,3721,341,0,140,262,2168,11,0
33.233170,14.100000,114.000,35.624000,1.685000,126.597984,3721,341,0,140,262,2168,11,0
33.237714,4.544000,114.000,35.624000,1.685000,126.598381,3721,341,0,140,262,2168,11,0
33.249868,12.154000,114.000,35.624000,1.685000,126.595375,3715,341,0,141,262,2168,11,0
33.254863,4.995000,114.000,35.624000,1.685000,126.592339,3709,341,0,141,262,2168,11,0
33.267621,12.758000,114.000,35.624000,1.685000,126.592850,3709,341,0,139,261,2166,11,0
33.270870,3.249000,114.000,35.624000,1.685000,126.593330,3709,341,0,136,259,2162,11,0
33.283948,13.078000,114.000,35.624000,1.685000,126.593781,3709,341,0,136,259,2162,11,0
33.287059,3.111000,114.000,35.624000,1.685000,126.583858,3705,337,0,134,255,2154,11,0
33.301155,14.096000,114.000,35.624000,1.685000,126.578259,3695,337,0,134,255,2154,11,0
33.304362,3.207000,114.000,35.624000,1.685000,126.578739,3695,337,0,132,253,2150,11,0
33.317552,13.190000,114.000,35.624000,1.685000,126.579166,3695,337,0,131,252,2148,11,0
33.320872,3.320000,114.000,35.624000,1.685000,126.564114,3686,332,0,130,251,2146,11,0
33.334344,13.472000,114.000,35.624000,1.685000,126.558201,3676,332,0,130,251,2146,11,0
33.338591,4.247000,114.000,35.624000,1.685000,126.558727,3676,332,0,130,251,2146,11,0
33.344165,5.574000,114.000,35.624000,1.685000,126.580196,3678,332,0,146,272,2188,11,0
33.359620,15.455000,114.000,35.624000,1.685000,126.573853,3678,332,0,132,258,2160,11,0
33.363589,3.969000,114.000,35.624000,1.685000,126.574287,3678,332,0,132,258,2160,11,0
33.370462,6.873000,114.000,35.624000,1.685000,126.573112,3675,332,0,132,258,2160,11,0
33.384136,13.674000,114.000,35.624000,1.685000,126.542191,3660,323,0,129,255,2154,11,0
33.389047,4.911000,114.000,35.624000,1.685000,126.531563,3642,323,0,129,255,2154,11,0
33.393438,4.391000,114.000,35.624000,1.685000,126.532043,3642,323,0,129,255,2154,11,0
33.410041,16.603000,114.000,35.624000,1.685000,126.547676,3652,327,0,129,255,2154,11,0
33.413786,3.745000,114.000,35.624000,1.685000,126.548843,3652,327,0,130,257,2158,11,0
33.419425,5.639000,114.000,35.624000,1.685000,126.549324,3652,327,0,130,257,2158,11,0
33.434611,15.186000,114.000,35.624000,1.685000,126.549801,3652,327,0,130,257,2158,11,0
33.438072,3.461000,114.000,35.624000,1.685000,126.550282,3652,327,0,130,257,2158,11,0
33.450901,12.829000,114.000,35.624000,1.685000,126.550747,3652,327,0,130,257,2158,11,0
33.454516,3.615000,114.000,35.624000,1.685000,126.551228,3652,327,0,130,257,2158,11,0
33.467592,13.076000,114.000,35.624000,1.685000,126.551723,3652,327,0,130,257,2158,11,0
33.471247,3.655000,114.000,35.624000,1.685000,126.538551,3647,322,0,129,256,2156,11,0
33.484474,13.227000,114.000,35.624000,1.685000,126.535076,3640,322,0,129,256,2156,11,0
33.487958,3.484000,114.000,35.624000,1.685000,126.531147,3638,322,0,129,256,2156,11,0
33.501399,13.441000,114.000,35.624000,1.685000,126.533249,3641,322,0,127,249,2142,11,0
33.505044,3.645000,114.000,35.624000,1.685000,126.533730,3641,322,0,127,249,2142,11,0
33.517692,12.648000,114.000,35.624000,1.685000,126.534225,3641,322,0,127,249,2142,11,0
33.521233,3.541000,114.000,35.624000,1.685000,126.524948,3641,322,0,127,249,2142,11,0
33.534406,13.173000,114.000,35.624000,1.685000,126.525425,3641,322,0,127,249,2142,11,0
33.538004,3.598000,114.000,35.624000,1.685000,126.525906,3641,322,0,126,249,2142,11,0
33.551048,13.044000,114.000,35.624000,1.685000,126.526417,3641,322,0,126,249,2142,11,0
33.554680,3.632000,114.000,35.624000,1.685000,126.526897,3641,322,0,125,249,2142,11,0
33.560855,6.175000,114.000,35.624000,1.685000,126.527332,3641,322,0,125,249,2142,11,0
33.575979,15.124000,114.000,35.624000,1.685000,126.527798,3641,322,0,125,249,2142,11,0
33.583077,7.098000,114.000,35.624000,1.685000,126.534283,3651,322,0,126,249,2142,11,0
33.588058,4.981000,114.000,35.624000,1.685000,126.536396,3654,322,0,126,249,2142,11,0
33.599760,11.702000,114.000,35.624000,1.685000,126.536877,3654,322,0,126,249,2142,11,0
33.604461,4.701000,114.000,35.624000,1.685000,126.537319,3654,322,0,126,249,2142,11,0
33.616691,12.230000,114.000,35.624000,1.685000,126.537800,3654,322,0,126,249,2142,11,0
33.622264,5.573000,114.000,35.624000,1.685000,126.539925,3657,322,0,126,249,2142,11,0
33.627628,5.364000,114.000,35.624000,1.685000,126.540405,3657,322,0,126,249,2142,11,0
33.662943,35.315000,114.000,35.624000,1.685000,126.649841,3724,331,0,170,333,2310,11,0
33.675137,12.194000,114.000,35.624000,1.685000,126.646126,3724,331,0,162,321,2286,11,0
33.683533,8.396000,114.000,35.624000,1.685000,126.628925,3692,331,0,148,307,2258,11,0
33.686542,3.009000,114.000,35.624000,1.685000,126.622597,3692,331,0,149,307,2258,11,0
33.701256,14.714000,114.000,35.624000,1.685000,126.623077,3692,331,0,149,307,2258,11,0
33.706047,4.791000,114.000,35.624000,1.685000,126.625240,3695,331,0,149,307,2258,11,0
33.709984,3.937000,114.000,35.624000,1.685000,126.625721,3695,331,0,149,307,2258,11,0
33.725575,15.591000,114.000,35.624000,1.685000,126.624561,3692,331,0,149,307,2258,11,0
33.733049,7.474000,114.000,35.624000,1.685000,126.625042,3692,331,0,149,307,2258,11,0
33.736762,3.713000,114.000,35.624000,1.685000,126.625523,3692,331,0,149,307,2258,11,0
33.750580,13.818000,114.000,35.624000,1.685000,126.626003,3692,331,0,149,307,2258,11,0
33.754122,3.542000,114.000,35.624000,1.685000,126.626438,3692,331,0,149,307,2258,11,0
33.767210,13.088000,114.000,35.624000,1.685000,126.624416,3688,331,0,149,307,2258,11,0
33.770837,3.627000,114.000,35.624000,1.685000,126.624851,3688,331,0,147,271,2186,11,0
33.783949,13.112000,114.000,35.624000,1.685000,126.625278,3688,331,0,147,271,2186,11,0
33.787534,3.585000,114.000,35.624000,1.685000,126.621349,3686,331,0,147,271,2186,11,0
33.801020,13.486000,114.000,35.624000,1.685000,126.592072,3689,331,0,147,271,2186,11,0
33.804610,3.590000,114.000,35.624000,1.685000,126.592506,3689,331,0,147,271,2186,11,0
33.817928,13.318000,114.000,35.624000,1.685000,126.591297,3686,331,0,147,271,2186,11,0
33.821756,3.828000,114.000,35.624000,1.685000,126.591778,3686,331,0,147,271,2186,11,0
33.834488,12.732000,114.000,35.624000,1.685000,126.592255,3686,331,0,147,271,2186,11,0
33.837970,3.482000,114.000,35.624000,1.685000,126.592735,3686,331,0,146,271,2186,11,0
33.850690,12.720000,114.000,35.624000,1.685000,126.593174,3686,331,0,146,271,2186,11,0
33.854214,3.524000,114.000,35.624000,1.685000,126.593403,3686,331,0,146,271,2186,11,0
33.868032,13.818000,114.000,35.624000,1.685000,126.590393,3680,331,0,146,271,2186,11,0
33.871803,3.771000,114.000,35.624000,1.685000,126.590874,3680,331,0,146,270,2184,11,0
33.877618,5.815000,114.000,35.624000,1.685000,126.591354,3680,331,0,145,269,2182,11,0
33.892230,14.612000,114.000,35.624000,1.685000,126.591774,3680,331,0,144,268,2180,11,0
33.899697,7.467000,114.000,35.624000,1.685000,126.592209,3680,331,0,142,267,2178,11,0
33.905751,6.054000,114.000,35.624000,1.685000,126.582272,3676,327,0,142,267,2178,11,0
33.910666,4.915000,114.000,35.624000,1.685000,126.578403,3669,327,0,142,267,2178,11,0
33.926068,15.402000,114.000,35.624000,1.685000,126.577229,3666,327,0,140,265,2174,11,0
33.930038,3.970000,114.000,35.624000,1.685000,126.577625,3666,327,0,140,264,2172,11,0
33.936912,6.874000,114.000,35.624000,1.685000,126.562542,3657,322,0,139,263,2170,11,0
33.949678,12.766000,114.000,35.624000,1.685000,126.556705,3647,322,0,139,263,2170,11,0
33.956327,6.649000,114.000,35.624000,1.685000,126.574890,3643,322,0,155,284,2212,11,0
33.960926,4.599000,114.000,35.624000,1.685000,126.575371,3643,322,0,155,284,2212,11,0
33.975805,14.879000,114.000,35.624000,1.685000,126.575851,3643,322,0,155,284,2212,11,0
33.983337,7.532000,114.000,35.624000,1.685000,126.569523,3643,322,0,141,270,2184,11,0
33.988125,4.788000,114.000,35.624000,1.685000,126.570019,3643,322,0,141,270,2184,11,0
34.000657,12.532000,114.000,35.624000,1.685000,126.570499,3643,322,0,141,270,2184,11,0
34.004995,4.338000,114.000,35.624000,1.685000,126.570950,3643,322,0,141,270,2184,11,0
34.016710,11.715000,114.000,35.624000,1.685000,126.571430,3643,322,0,141,270,2184,11,0
34.022144,5.434000,114.000,35.624000,1.685000,126.571880,3643,322,0,141,270,2184,11,0
34.027362,5.218000,114.000,35.624000,1.685000,126.572361,3643,322,0,141,270,2184,11,0
34.042356,14.994000,114.000,35.624000,1.685000,126.571186,3640,322,0,141,270,2184,11,0
34.049705,7.349000,114.000,35.624000,1.685000,126.571667,3640,322,0,141,270,2184,11,0
34.054428,4.723000,114.000,35.624000,1.685000,126.572178,3640,322,0,141,270,2184,11,0
34.066652,12.224000,114.000,35.624000,1.685000,126.572659,3640,322,0,141,270,2184,11,0
34.071640,4.988000,114.000,35.624000,1.685000,126.573124,3640,322,0,141,270,2184,11,0
34.083136,11.496000,114.000,35.624000,1.685000,126.573559,3640,322,0,141,270,2184,11,0
34.088610,5.474000,115.000,34.194000,2.156000,126.572384,3637,322,0,141,270,2184,11,0
34.093442,4.832000,115.000,34.194000,2.156000,126.572765,3637,322,0,139,263,2170,11,0
34.109421,15.979000,115.000,34.194000,2.156000,126.568851,3635,322,0,139,263,2170,11,0
34.114140,4.719000,115.000,34.194000,2.156000,126.569332,3635,322,0,139,263,2170,11,0
34.120386,6.246000,115.000,34.194000,2.156000,126.560055,3635,322,0,139,263,2170,11,0
34.133274,12.888000,115.000,34.194000,2.156000,126.560535,3635,322,0,137,263,2170,11,0
34.138125,4.851000,115.000,34.194000,2.156000,126.561016,3635,322,0,137,263,2170,11,0
34.149754,11.629000,115.000,34.194000,2.156000,126.561497,3635,322,0,138,263,2170,11,0
34.153994,4.240000,115.000,34.194000,2.156000,126.563637,3638,322,0,138,263,2170,11,0
34.166919,12.925000,115.000,34.194000,2.156000,126.564171,3638,322,0,138,263,2170,11,0
34.171835,4.916000,115.000,34.194000,2.156000,126.564617,3638,322,0,138,263,2170,11,0
34.183186,11.351000,115.000,34.194000,2.156000,126.565098,3638,322,0,139,263,2170,11,0
34.188793,5.607000,115.000,34.194000,2.156000,126.573257,3651,322,0,139,263,2170,11,0
34.193156,4.363000,115.000,34.194000,2.156000,126.573738,3651,322,0,138,263,2170,11,0
34.209577,16.421000,115.000,34.194000,2.156000,126.576454,3654,322,0,138,263,2170,11,1
34.213605,4.028000,115.000,34.194000,2.156000,126.576935,3654,322,0,138,263,2170,11,1
34.220584,6.979000,115.000,34.194000,2.156000,126.577717,3654,322,0,138,263,2170,11,1
34.234237,13.653000,115.000,34.194000,2.156000,126.578197,3654,322,0,138,263,2170,11,1
34.240006,5.769000,115.000,34.194000,2.156000,126.579762,3660,321,0,139,263,2170,11,0
34.282240,42.234000,115.000,34.194000,2.156000,126.677181,3717,330,0,172,333,2310,11,0
34.286696,4.456000,115.000,34.194000,2.156000,126.669235,3720,330,0,152,307,2258,11,0
34.299822,13.126000,115.000,34.194000,2.156000,126.643574,3685,330,0,138,293,2230,11,0
34.302453,2.631000,115.000,34.194000,2.156000,126.645706,3688,330,0,138,293,2230,11,0
34.318145,15.692000,115.000,34.194000,2.156000,126.646187,3688,330,0,138,293,2230,11,0
34.334161,16.016000,115.000,34.194000,2.156000,126.646759,3688,330,0,138,293,2230,11,0
34.339362,5.201000,115.000,34.194000,2.156000,126.647240,3688,330,0,138,293,2230,11,0
34.343446,4.084000,115.000,34.194000,2.156000,126.647720,3688,330,0,138,293,2230,11,0
34.359778,16.332000,115.000,34.194000,2.156000,126.648201,3688,330,0,138,293,2230,11,0
34.366507,6.729000,115.000,34.194000,2.156000,126.646179,3684,330,0,138,293,2230,11,0
34.371461,4.954000,115.000,34.194000,2.156000,126.646671,3684,330,0,135,257,2158,11,0
34.382960,11.499000,115.000,34.194000,2.156000,126.647152,3684,330,0,136,257,2158,11,0
34.387215,4.255000,115.000,34.194000,2.156000,126.647587,3684,330,0,135,256,2156,11,0
34.399770,12.555000,115.000,34.194000,2.156000,126.616631,3684,330,0,135,256,2156,11,0
34.404282,4.512000,115.000,34.194000,2.156000,126.614334,3685,330,0,135,256,2156,11,0
34.416608,12.326000,115.000,34.194000,2.156000,126.614815,3685,330,0,134,256,2156,11,0
34.426475,9.867000,115.000,34.194000,2.156000,126.613617,3682,330,0,134,256,2156,11,0
34.430252,3.777000,115.000,34.194000,2.156000,126.614098,3682,330,0,134,256,2156,11,0
34.436727,6.475000,115.000,34.194000,2.156000,126.614723,3682,330,0,134,256,2156,11,0
34.449608,12.881000,115.000,34.194000,2.156000,126.614998,3682,330,0,134,256,2156,11,0
34.454055,4.447000,115.000,34.194000,2.156000,126.611961,3676,330,0,134,256,2156,11,0
34.466949,12.894000,115.000,34.194000,2.156000,126.612442,3676,330,0,133,255,2154,11,0
34.472185,5.236000,115.000,34.194000,2.156000,126.612938,3676,330,0,133,255,2154,11,0
34.478107,5.922000,115.000,34.194000,2.156000,126.613419,3676,330,0,130,252,2148,11,0
34.492502,14.395000,115.000,34.194000,2.156000,126.603001,3671,327,0,129,251,2146,11,0
34.499801,7.299000,115.000,34.194000,2.156000,126.587746,3658,323,0,129,251,2146,11,0
34.504891,5.090000,115.000,34.194000,2.156000,126.598999,3661,327,0,129,251,2146,11,0
34.519414,14.523000,115.000,34.194000,2.156000,126.600166,3661,327,0,128,251,2146,11,0
34.534423,15.009000,115.000,34.194000,2.156000,126.600559,3661,327,0,127,250,2144,11,0
34.537818,3.395000,115.000,34.194000,2.156000,126.597530,3655,327,0,126,249,2142,11,0
34.550901,13.083000,115.000,34.194000,2.156000,126.585930,3652,322,0,126,249,2142,11,0
34.554409,3.508000,115.000,34.194000,2.156000,126.580093,3642,322,0,126,249,2142,11,0
34.567862,13.453000,115.000,34.194000,2.156000,126.601559,3644,322,0,143,270,2184,11,0
34.571333,3.471000,115.000,34.194000,2.156000,126.595230,3644,322,0,129,256,2156,11,0
34.584233,12.900000,115.000,34.194000,2.156000,126.595695,3644,322,0,129,256,2156,11,0
34.587832,3.599000,115.000,34.194000,2.156000,126.596176,3644,322,0,129,256,2156,11,0
34.601170,13.338000,115.000,34.194000,2.156000,126.596672,3644,322,0,129,256,2156,11,0
34.604913,3.743000,115.000,34.194000,2.156000,126.597107,3644,322,0,129,256,2156,11,0
34.617353,12.440000,115.000,34.194000,2.156000,126.595947,3641,322,0,129,256,2156,11,0
34.621159,3.806000,115.000,34.194000,2.156000,126.596428,3641,322,0,129,256,2156,11,0
34.634636,13.477000,115.000,34.194000,2.156000,126.596924,3641,322,0,129,256,2156,11,0
34.638004,3.368000,115.000,34.194000,2.156000,126.597404,3641,322,0,129,256,2156,11,0
34.650537,12.533000,115.000,34.194000,2.156000,126.594589,3635,322,0,129,256,2156,11,0
34.653872,3.335000,115.000,34.194000,2.156000,126.595070,3635,322,0,129,256,2156,11,0
34.668890,15.018000,115.000,34.194000,2.156000,126.595551,3635,322,0,129,256,2156,11,0
34.684498,15.608000,115.000,34.194000,2.156000,126.596001,3635,322,0,129,256,2156,11,0
34.688982,4.484000,115.000,34.194000,2.156000,126.596481,3635,322,0,129,256,2156,11,0
34.694254,5.272000,115.000,34.194000,2.156000,126.596947,3635,322,0,129,256,2156,11,0
34.710535,16.281000,115.000,34.194000,2.156000,126.597374,3635,322,0,129,256,2156,11,0
34.718910,8.375000,115.000,34.194000,2.156000,126.593445,3633,322,0,127,249,2142,11,0
34.732872,13.962000,115.000,34.194000,2.156000,126.593880,3633,322,0,127,249,2142,11,0
34.736030,3.158000,115.000,34.194000,2.156000,126.584675,3633,322,0,127,249,2142,11,0
34.749450,13.420000,115.000,34.194000,2.156000,126.585110,3633,322,0,126,249,2142,11,0
34.751718,2.268000,115.000,34.194000,2.156000,126.585545,3633,322,0,126,249,2142,11,0
34.766344,14.626000,115.000,34.194000,2.156000,126.586025,3633,322,0,124,249,2142,11,0
34.769378,3.034000,115.000,34.194000,2.156000,126.586399,3633,322,0,124,249,2142,11,0
34.783685,14.307000,115.000,34.194000,2.156000,126.586880,3633,322,0,125,249,2142,11,0
34.786184,2.499000,115.000,34.194000,2.156000,126.585720,3630,322,0,126,249,2142,11,0
34.799970,13.786000,115.000,34.194000,2.156000,126.592190,3640,322,0,126,249,2142,11,0
34.801956,1.986000,115.000,34.194000,2.156000,126.592625,3640,322,0,126,249,2142,11,0
34.817749,15.793000,115.000,34.194000,2.156000,126.593121,3640,322,0,126,249,2142,11,0
34.821698,3.949000,115.000,34.194000,2.156000,126.593601,3640,322,0,125,249,2142,11,0
34.834346,12.648000,115.000,34.194000,2.156000,126.594051,3640,322,0,125,249,2142,11,0
34.838022,3.676000,115.000,34.194000,2.156000,126.594532,3640,322,0,127,249,2142,11,0
34.853868,15.846000,115.000,34.194000,2.156000,126.695000,3692,331,0,171,332,2308,11,0
34.866177,12.309000,115.000,34.194000,2.156000,126.695480,3692,331,0,171,332,2308,11,0
34.869555,3.378000,115.000,34.194000,2.156000,126.685261,3692,331,0,149,306,2256,11,0
34.883720,14.165000,115.000,34.194000,2.156000,126.699158,3699,332,0,164,321,2286,11,0
34.886948,3.228000,115.000,34.194000,2.156000,126.680260,3664,332,0,164,321,2286,11,0
34.901770,14.822000,115.000,34.194000,2.156000,126.682373,3667,332,0,150,307,2258,11,0
34.905537,3.767000,115.000,34.194000,2.156000,126.675999,3667,332,0,150,307,2258,11,0
34.912301,6.764000,115.000,34.194000,2.156000,126.676479,3667,332,0,150,307,2258,11,0
34.924926,12.625000,115.000,34.194000,2.156000,126.676960,3667,332,0,150,307,2258,11,0
34.930521,5.595000,115.000,34.194000,2.156000,126.677441,3667,332,0,150,307,2258,11,0
34.935307,4.786000,115.000,34.194000,2.156000,126.677921,3667,332,0,150,307,2258,11,0
34.950810,15.503000,115.000,34.194000,2.156000,126.678402,3667,332,0,150,307,2258,11,0
34.955210,4.400000,115.000,34.194000,2.156000,126.678837,3667,332,0,150,307,2258,11,0
34.968188,12.978000,115.000,34.194000,2.156000,126.679272,3667,332,0,150,307,2258,11,0
34.972086,3.898000,115.000,34.194000,2.156000,126.679752,3667,332,0,150,307,2258,11,0
34.978180,6.094000,115.000,34.194000,2.156000,126.681885,3670,332,0,150,307,2258,11,0
34.991666,13.486000,115.000,34.194000,2.156000,126.679764,3666,332,0,148,272,2188,11,0
35.002275,10.609000,115.000,34.194000,2.156000,126.675835,3664,332,0,148,272,2188,11,0
35.006481,4.206000,115.000,34.194000,2.156000,126.676315,3664,332,0,148,272,2188,11,0
35.012496,6.015000,115.000,34.194000,2.156000,126.648483,3667,332,0,147,271,2186,11,0
35.024722,12.226000,115.000,34.194000,2.156000,126.648964,3667,332,0,147,271,2186,11,0
35.035942,11.220000,115.000,34.194000,2.156000,126.649452,3667,332,0,147,271,2186,11,0
35.039537,3.595000,115.000,34.194000,2.156000,126.648460,3667,332,0,147,271,2186,11,0
35.044075,4.538000,115.000,34.194000,2.156000,126.648911,3667,332,0,147,271,2186,11,0
35.058170,14.095000,115.000,34.194000,2.156000,126.649391,3667,332,0,147,271,2186,11,0
35.064101,5.931000,115.000,34.194000,2.156000,126.649704,3667,332,0,147,271,2186,11,0
35.069202,5.101000,115.000,34.194000,2.156000,126.646683,3661,332,0,147,271,2186,11,0
35.087600,18.398000,115.000,34.194000,2.156000,126.648823,3664,332,0,146,270,2184,11,0
35.101467,13.867000,111.000,41.131000,1.558000,126.649216,3664,332,0,145,269,2182,11,0
35.105004,3.537000,111.000,41.131000,1.558000,126.649696,3664,332,0,144,268,2180,11,0
35.112267,7.263000,111.000,41.131000,1.558000,126.639755,3660,328,0,143,267,2178,11,0
35.126066,13.799000,111.000,41.131000,1.558000,126.635887,3653,328,0,143,267,2178,11,0
35.134078,8.012000,111.000,41.131000,1.558000,126.634701,3650,328,0,141,265,2174,11,0
35.137699,3.621000,111.000,41.131000,1.558000,126.635098,3650,328,0,140,264,2172,11,0
35.150629,12.930000,111.000,41.131000,1.558000,126.633709,3647,328,0,139,263,2170,11,0
35.153957,3.328000,111.000,41.131000,1.558000,126.620525,3641,323,0,139,263,2170,11,0
35.167999,14.042000,111.000,41.131000,1.558000,126.614643,3631,323,0,139,263,2170,11,0
35.173802,5.803000,111.000,41.131000,1.558000,126.633709,3633,323,0,151,281,2206,11,0
35.179165,5.363000,111.000,41.131000,1.558000,126.634190,3633,323,0,151,281,2206,11,0
35.191148,11.983000,111.000,41.131000,1.558000,126.627861,3633,323,0,137,267,2178,11,0
35.200623,9.475000,111.000,41.131000,1.558000,126.628395,3633,323,0,137,267,2178,11,0
35.203935,3.312000,111.000,41.131000,1.558000,126.628876,3633,323,0,137,267,2178,11,0
35.217652,13.717000,111.000,41.131000,1.558000,126.627731,3630,323,0,137,267,2178,11,0
35.221539,3.887000,111.000,41.131000,1.558000,126.628212,3630,323,0,137,267,2178,11,0
35.234129,12.590000,111.000,41.131000,1.558000,126.630341,3633,323,0,137,267,2178,11,0
35.237755,3.626000,111.000,41.131000,1.558000,126.630821,3633,323,0,137,267,2178,11,0
35.250596,12.841000,111.000,41.131000,1.558000,126.631325,3633,323,0,137,267,2178,11,0
35.253887,3.291000,111.000,41.131000,1.558000,126.631805,3633,323,0,137,267,2178,11,0
35.267838,13.951000,111.000,41.131000,1.558000,126.632286,3633,323,0,137,267,2178,11,0
35.271609,3.771000,111.000,41.131000,1.558000,126.632767,3633,323,0,137,267,2178,11,0
35.284485,12.876000,111.000,41.131000,1.558000,126.633247,3633,323,0,137,267,2178,11,0
35.287918,3.433000,111.000,41.131000,1.558000,126.633728,3633,323,0,137,267,2178,11,0
35.300641,12.723000,111.000,41.131000,1.558000,126.634815,3633,323,0,137,267,2178,11,1
35.304047,3.406000,111.000,41.131000,1.558000,126.635349,3633,323,0,137,267,2178,11,1
35.317860,13.813000,111.000,41.131000,1.558000,126.634499,3630,323,0,136,261,2166,11,1
35.321663,3.803000,111.000,41.131000,1.558000,126.630470,3628,323,0,136,261,2166,11,1
35.329019,7.356000,111.000,41.131000,1.558000,126.494930,3584,282,0,136,261,2166,11,0
35.341182,12.163000,111.000,41.131000,1.558000,126.456753,3523,282,0,126,241,2126,11,0
35.350577,9.395000,111.000,41.131000,1.558000,126.457272,3523,282,0,126,241,2126,11,0
35.353623,3.046000,111.000,41.131000,1.558000,126.457752,3523,282,0,126,241,2126,11,0
35.367545,13.922000,111.000,41.131000,1.558000,126.458218,3523,282,0,126,241,2126,11,0
35.371113,3.568000,111.000,41.131000,1.558000,126.458698,3523,282,0,127,241,2126,11,0
35.385834,14.721000,111.000,41.131000,1.558000,126.459179,3523,282,0,127,241,2126,11,0
35.389093,3.259000,111.000,41.131000,1.558000,126.459660,3523,282,0,126,241,2126,11,0
35.395149,6.056000,111.000,41.131000,1.558000,126.466129,3533,282,0,126,241,2126,11,0
35.408459,13.310000,111.000,41.131000,1.558000,126.466610,3533,282,0,127,241,2126,11,0
35.414240,5.781000,111.000,41.131000,1.558000,126.467144,3533,282,0,127,241,2126,11,0
35.419210,4.970000,111.000,41.131000,1.558000,126.467579,3533,282,0,126,241,2126,11,0
35.435336,16.126000,111.000,41.131000,1.558000,126.468029,3533,282,0,126,241,2126,11,0
35.438815,3.479000,111.000,41.131000,1.558000,126.468510,3533,282,0,126,241,2126,11,0
35.450565,11.750000,111.000,41.131000,1.558000,126.469006,3533,282,0,126,241,2126,11,0
35.478314,27.749000,111.000,41.131000,1.558000,126.564621,3585,291,0,160,312,2268,11,0
35.482960,4.646000,111.000,41.131000,1.558000,126.546925,3582,291,0,126,272,2188,11,0
35.486969,4.009000,111.000,41.131000,1.558000,126.545719,3579,291,0,126,272,2188,11,0
35.500185,13.216000,111.000,41.131000,1.558000,126.553440,3579,291,0,126,272,2188,11,0
35.504518,4.333000,111.000,41.131000,1.558000,126.527779,3544,291,0,126,272,2188,11,0
35.516402,11.884000,111.000,41.131000,1.558000,126.528259,3544,291,0,126,272,2188,11,0
35.520529,4.127000,111.000,41.131000,1.558000,126.528740,3544,291,0,126,272,2188,11,0
35.533130,12.601000,111.000,41.131000,1.558000,126.529221,3544,291,0,126,272,2188,11,0
35.538009,4.879000,111.000,41.131000,1.558000,126.549145,3563,295,0,126,272,2188,11,0
35.549616,11.607000,111.000,41.131000,1.558000,126.550049,3563,295,0,128,274,2192,11,0
35.554094,4.478000,111.000,41.131000,1.558000,126.550465,3563,295,0,128,274,2192,11,0
35.567407,13.313000,111.000,41.131000,1.558000,126.550945,3563,295,0,128,274,2192,11,0
35.571314,3.907000,111.000,41.131000,1.558000,126.551426,3563,295,0,128,274,2192,11,0
35.578394,7.080000,111.000,41.131000,1.558000,126.553558,3566,295,0,128,274,2192,11,0
35.591149,12.755000,111.000,41.131000,1.558000,126.554039,3566,295,0,129,274,2192,11,0
35.600441,9.292000,111.000,41.131000,1.558000,126.543232,3560,292,0,128,273,2190,11,0
35.603554,3.113000,111.000,41.131000,1.558000,126.540020,3554,292,0,126,238,2120,11,0
35.617734,14.180000,111.000,41.131000,1.558000,126.557053,3564,296,0,126,238,2120,11,0
35.621733,3.999000,111.000,41.131000,1.558000,126.523815,3562,296,0,128,240,2124,11,0
35.634233,12.500000,111.000,41.131000,1.558000,126.524284,3562,296,0,128,240,2124,11,0
35.637709,3.476000,111.000,41.131000,1.558000,126.524765,3562,296,0,127,239,2122,11,0
35.650697,12.988000,111.000,41.131000,1.558000,126.525246,3562,296,0,127,239,2122,11,0
35.653838,3.141000,111.000,41.131000,1.558000,126.524200,3562,296,0,127,239,2122,11,0
35.669257,15.419000,111.000,41.131000,1.558000,126.524719,3562,296,0,127,239,2122,11,0
35.673196,3.939000,111.000,41.131000,1.558000,126.525063,3562,296,0,127,239,2122,11,0
35.678276,5.080000,111.000,41.131000,1.558000,126.523705,3559,296,0,127,239,2122,11,0
35.691407,13.131000,111.000,41.131000,1.558000,126.524185,3559,296,0,125,238,2120,11,0
35.700854,9.447000,111.000,41.131000,1.558000,126.524643,3559,296,0,125,238,2120,11,0
35.704189,3.335000,111.000,41.131000,1.558000,126.525124,3559,296,0,124,236,2116,11,0
35.718708,14.519000,111.000,41.131000,1.558000,126.527237,3562,296,0,123,235,2114,11,0
35.722418,3.710000,111.000,41.131000,1.558000,126.517315,3558,292,0,122,235,2114,11,0
35.728402,5.984000,111.000,41.131000,1.558000,126.513393,3551,292,0,122,235,2114,11,0
35.741266,12.864000,111.000,41.131000,1.558000,126.513874,3551,292,0,121,233,2110,11,0
35.750757,9.491000,111.000,41.131000,1.558000,126.514286,3551,292,0,120,232,2108,11,0
35.754688,3.931000,111.000,41.131000,1.558000,126.512897,3548,292,0,118,231,2106,11,0
35.768065,13.377000,111.000,41.131000,1.558000,126.499638,3542,287,0,118,231,2106,11,0
35.773337,5.272000,111.000,41.131000,1.558000,126.507751,3534,287,0,129,243,2130,11,0
35.778851,5.514000,111.000,41.131000,1.558000,126.509899,3537,287,0,129,243,2130,11,0
35.791385,12.534000,111.000,41.131000,1.558000,126.510380,3537,287,0,117,231,2106,11,0
35.800580,9.195000,111.000,41.131000,1.558000,126.505039,3537,287,0,117,231,2106,11,0
35.803919,3.339000,111.000,41.131000,1.558000,126.503834,3534,287,0,117,231,2106,11,0
35.818109,14.190000,111.000,41.131000,1.558000,126.507626,3540,287,0,117,231,2106,11,0
35.821599,3.490000,111.000,41.131000,1.558000,126.506466,3537,287,0,117,231,2106,11,0
35.834194,12.595000,111.000,41.131000,1.558000,126.506901,3537,287,0,117,231,2106,11,0
35.837966,3.772000,111.000,41.131000,1.558000,126.507435,3537,287,0,117,231,2106,11,0
35.850757,12.791000,111.000,41.131000,1.558000,126.507931,3537,287,0,117,231,2106,11,0
35.854003,3.246000,111.000,41.131000,1.558000,126.508465,3537,287,0,117,231,2106,11,0
35.867524,13.521000,111.000,41.131000,1.558000,126.508945,3537,287,0,117,231,2106,11,0
35.871154,3.630000,111.000,41.131000,1.558000,126.509426,3537,287,0,117,231,2106,11,0
35.884716,13.562000,111.000,41.131000,1.558000,126.509907,3537,287,0,117,231,2106,11,0
35.887888,3.172000,111.000,41.131000,1.558000,126.510387,3537,287,0,117,231,2106,11,0
35.901538,13.650000,111.000,41.131000,1.558000,126.510853,3537,287,0,117,231,2106,11,0
35.904851,3.313000,111.000,41.131000,1.558000,126.511333,3537,287,0,117,231,2106,11,0
35.918076,13.225000,111.000,41.131000,1.558000,126.510120,3534,287,0,115,227,2098,11,0
35.921863,3.787000,111.000,41.131000,1.558000,126.506191,3532,287,0,115,227,2098,11,0
35.934548,12.685000,111.000,41.131000,1.558000,126.506718,3532,287,0,115,227,2098,11,0
35.937820,3.272000,111.000,41.131000,1.558000,126.501583,3532,287,0,115,227,2098,11,0
35.950932,13.112000,111.000,41.131000,1.558000,126.502014,3532,287,0,115,227,2098,11,0
35.954145,3.213000,111.000,41.131000,1.558000,126.502495,3532,287,0,115,227,2098,11,0
35.967828,13.683000,111.000,41.131000,1.558000,126.504616,3535,287,0,115,227,2098,11,0
35.971408,3.580000,111.000,41.131000,1.558000,126.505096,3535,287,0,115,227,2098,11,0
35.984658,13.250000,111.000,41.131000,1.558000,126.505573,3535,287,0,115,227,2098,11,0
35.988411,3.753000,111.000,41.131000,1.558000,126.506107,3535,287,0,115,227,2098,11,0
36.000951,12.540000,111.000,41.131000,1.558000,126.506588,3535,287,0,115,227,2098,11,0
36.004903,3.952000,111.000,41.131000,1.558000,126.513073,3545,287,0,115,227,2098,11,0
36.012168,7.265000,111.000,41.131000,1.558000,126.511913,3542,287,0,115,227,2098,11,0
36.024777,12.609000,111.000,41.131000,1.558000,126.512394,3542,287,0,115,227,2098,11,0
36.034255,9.478000,111.000,41.131000,1.558000,126.512829,3542,287,0,115,227,2098,11,0
36.037960,3.705000,111.000,41.131000,1.558000,126.513309,3542,287,0,115,227,2098,11,0
36.050919,12.959000,111.000,41.131000,1.558000,126.510525,3536,287,0,115,227,2098,11,0
36.055569,4.650000,111.000,41.131000,1.558000,126.511059,3536,287,0,115,227,2098,11,0
36.086830,31.261000,111.000,41.131000,1.558000,126.629227,3590,297,0,163,314,2272,11,0
36.100712,13.882000,115.000,30.240000,2.273000,126.617989,3590,297,0,139,286,2216,11,0
36.106622,5.910000,115.000,30.240000,2.273000,126.624821,3590,297,0,152,299,2242,11,0
36.110946,4.324000,115.000,30.240000,2.273000,126.608730,3560,297,0,138,285,2214,11,0
36.125845,14.899000,115.000,30.240000,2.273000,126.602402,3560,297,0,138,285,2214,11,0
36.134059,8.214000,115.000,30.240000,2.273000,126.602882,3560,297,0,138,285,2214,11,0
36.138034,3.975000,115.000,30.240000,2.273000,126.603363,3560,297,0,138,285,2214,11,0
36.150723,12.689000,115.000,30.240000,2.273000,126.603844,3560,297,0,138,285,2214,11,0
36.159147,8.424000,115.000,30.240000,2.273000,126.604324,3560,297,0,138,285,2214,11,0
36.164022,4.875000,115.000,30.240000,2.273000,126.604805,3560,297,0,138,285,2214,11,0
36.169726,5.704000,115.000,30.240000,2.273000,126.603645,3557,297,0,138,285,2214,11,0
36.183057,13.331000,115.000,30.240000,2.273000,126.604126,3557,297,0,138,285,2214,11,0
36.188188,5.131000,115.000,30.240000,2.273000,126.600464,3550,297,0,138,285,2214,11,0
36.199577,11.389000,115.000,30.240000,2.273000,126.600945,3550,297,0,136,250,2144,11,0
36.204062,4.485000,115.000,30.240000,2.273000,126.601425,3550,297,0,136,250,2144,11,0
36.216589,12.527000,115.000,30.240000,2.273000,126.601852,3550,297,0,136,250,2144,11,0
36.221564,4.975000,115.000,30.240000,2.273000,126.568039,3548,297,0,136,250,2144,11,0
36.233262,11.698000,115.000,30.240000,2.273000,126.568520,3548,297,0,135,249,2142,11,0
36.238605,5.343000,115.000,30.240000,2.273000,126.568985,3548,297,0,135,249,2142,11,0
36.249729,11.124000,115.000,30.240000,2.273000,126.569466,3548,297,0,135,249,2142,11,0
36.254108,4.379000,115.000,30.240000,2.273000,126.568439,3548,297,0,135,249,2142,11,0
36.267925,13.817000,115.000,30.240000,2.273000,126.568920,3548,297,0,135,249,2142,11,0
36.285432,17.507000,115.000,30.240000,2.273000,126.570927,3551,297,0,135,249,2142,11,0
36.288994,3.562000,115.000,30.240000,2.273000,126.569805,3548,297,0,135,249,2142,11,0
36.294170,5.176000,115.000,30.240000,2.273000,126.566326,3542,297,0,134,248,2140,11,0
36.309019,14.849000,115.000,30.240000,2.273000,126.566761,3542,297,0,134,248,2140,11,0
36.314025,5.006000,115.000,30.240000,2.273000,126.568878,3545,297,0,132,246,2136,11,0
36.319239,5.214000,115.000,30.240000,2.273000,126.569412,3545,297,0,131,245,2134,11,0
36.335314,16.075000,115.000,30.240000,2.273000,126.741924,3661,341,0,131,245,2134,11,0
36.338735,3.421000,115.000,30.240000,2.273000,126.746799,3654,341,0,142,269,2182,11,0
36.350552,11.817000,115.000,30.240000,2.273000,126.747276,3654,341,0,140,267,2178,11,0
36.353730,3.178000,115.000,30.240000,2.273000,126.747673,3654,341,0,140,266,2176,11,0
36.367727,13.997000,115.000,30.240000,2.273000,126.746239,3651,341,0,139,265,2174,11,0
36.371500,3.773000,115.000,30.240000,2.273000,126.733055,3645,336,0,138,265,2174,11,0
36.384390,12.890000,115.000,30.240000,2.273000,126.728756,3638,336,0,138,265,2174,11,0
36.389352,4.962000,115.000,30.240000,2.273000,126.743126,3640,336,0,149,277,2198,11,0
36.394281,4.929000,115.000,30.240000,2.273000,126.740307,3640,336,0,141,269,2182,11,1
36.408224,13.943000,115.000,30.240000,2.273000,126.740788,3640,336,0,141,269,2182,11,1
36.413812,5.588000,115.000,30.240000,2.273000,126.743225,3643,336,0,141,269,2182,11,1
36.418869,5.057000,115.000,30.240000,2.273000,126.743706,3643,336,0,141,269,2182,11,1
36.434470,15.601000,115.000,30.240000,2.273000,126.744801,3649,335,0,141,269,2182,11,0
36.438125,3.655000,115.000,30.240000,2.273000,126.741978,3644,335,0,142,269,2182,11,0
36.451621,13.496000,115.000,30.240000,2.273000,126.742474,3644,335,0,142,269,2182,11,0
36.455369,3.748000,115.000,30.240000,2.273000,126.742954,3644,335,0,142,269,2182,11,0
36.462355,6.986000,115.000,30.240000,2.273000,126.743435,3644,335,0,142,269,2182,11,0
36.474763,12.408000,115.000,30.240000,2.273000,126.743916,3644,335,0,142,269,2182,11,0
36.483753,8.990000,115.000,30.240000,2.273000,126.765457,3666,339,0,142,269,2182,11,0
36.486423,2.670000,115.000,30.240000,2.273000,126.766361,3666,339,0,144,271,2186,11,0
36.500319,13.896000,115.000,30.240000,2.273000,126.766796,3666,339,0,144,271,2186,11,0
36.502635,2.316000,115.000,30.240000,2.273000,126.767277,3666,339,0,144,271,2186,11,0
36.516811,14.176000,115.000,30.240000,2.273000,126.769440,3669,339,0,144,271,2186,11,0
36.519258,2.447000,115.000,30.240000,2.273000,126.769974,3669,339,0,144,271,2186,11,0
36.533334,14.076000,115.000,30.240000,2.273000,126.768734,3666,339,0,142,267,2178,11,0
36.535499,2.165000,115.000,30.240000,2.273000,126.768017,3669,339,0,142,267,2178,11,0
36.550005,14.506000,115.000,30.240000,2.273000,126.764942,3663,339,0,142,267,2178,11,0
36.551977,1.972000,115.000,30.240000,2.273000,126.759808,3663,339,0,142,267,2178,11,0
36.566908,14.931000,115.000,30.240000,2.273000,126.760303,3663,339,0,142,267,2178,11,0
36.569510,2.602000,115.000,30.240000,2.273000,126.760784,3663,339,0,142,267,2178,11,0
36.583706,14.196000,115.000,30.240000,2.273000,126.761219,3663,339,0,142,267,2178,11,0
36.586494,2.788000,115.000,30.240000,2.273000,126.761700,3663,339,0,142,267,2178,11,0
36.601452,14.958000,115.000,30.240000,2.273000,126.762165,3663,339,0,141,266,2176,11,0
36.605256,3.804000,115.000,30.240000,2.273000,126.762646,3663,339,0,141,266,2176,11,0
36.611431,6.175000,115.000,30.240000,2.273000,126.767490,3670,339,0,141,266,2176,11,0
36.624920,13.489000,115.000,30.240000,2.273000,126.767971,3670,339,0,141,266,2176,11,0
36.634806,9.886000,115.000,30.240000,2.273000,126.768391,3670,339,0,141,266,2176,11,0
36.638494,3.688000,115.000,30.240000,2.273000,126.768871,3670,339,0,141,266,2176,11,0
36.651218,12.724000,115.000,30.240000,2.273000,126.769371,3670,339,0,141,266,2176,11,0
36.655155,3.937000,115.000,30.240000,2.273000,126.769852,3670,339,0,140,266,2176,11,0
36.661619,6.464000,115.000,30.240000,2.273000,126.770313,3670,339,0,140,266,2176,11,0
36.682131,20.512000,115.000,30.240000,2.273000,126.872772,3732,348,0,177,340,2324,11,0
36.684678,2.547000,115.000,30.240000,2.273000,126.873253,3732,348,0,139,296,2236,11,0
36.699881,15.203000,115.000,30.240000,2.273000,126.844608,3727,345,0,138,295,2234,11,0
36.702530,2.649000,115.000,30.240000,2.273000,126.845135,3721,345,0,146,303,2250,11,0
36.717850,15.320000,115.000,30.240000,2.273000,126.849674,3711,349,0,146,303,2250,11,0
36.721668,3.818000,115.000,30.240000,2.273000,126.843319,3708,349,0,134,292,2228,11,0
36.734943,13.275000,115.000,30.240000,2.273000,126.843796,3708,349,0,134,292,2228,11,0
36.738785,3.842000,115.000,30.240000,2.273000,126.844276,3708,349,0,134,292,2228,11,0
36.743687,4.902000,115.000,30.240000,2.273000,126.841476,3702,349,0,134,292,2228,11,0
36.758495,14.808000,115.000,30.240000,2.273000,126.841957,3702,349,0,134,292,2228,11,0
36.763936,5.441000,115.000,30.240000,2.273000,126.842438,3702,349,0,134,292,2228,11,0
36.768861,4.925000,115.000,30.240000,2.273000,126.842918,3702,349,0,134,292,2228,11,0
36.784776,15.915000,115.000,30.240000,2.273000,126.843399,3702,349,0,134,292,2228,11,0
36.788673,3.897000,115.000,30.240000,2.273000,126.843880,3702,349,0,134,292,2228,11,0
36.800785,12.112000,115.000,30.240000,2.273000,126.844360,3702,349,0,134,292,2228,11,0
36.804227,3.442000,115.000,30.240000,2.273000,126.842339,3698,349,0,134,292,2228,11,0
36.818056,13.829000,115.000,30.240000,2.273000,126.842766,3698,349,0,132,256,2156,11,0
36.821949,3.893000,115.000,30.240000,2.273000,126.838837,3696,349,0,132,256,2156,11,0
36.828263,6.314000,115.000,30.240000,2.273000,126.839317,3696,349,0,132,256,2156,11,0
36.841986,13.723000,115.000,30.240000,2.273000,126.808414,3696,349,0,132,256,2156,11,0
36.850828,8.842000,115.000,30.240000,2.273000,126.808956,3696,349,0,132,256,2156,11,0
36.854685,3.857000,115.000,30.240000,2.273000,126.809437,3696,349,0,132,256,2156,11,0
36.862130,7.445000,115.000,30.240000,2.273000,126.809933,3696,349,0,132,256,2156,11,0
36.874868,12.738000,115.000,30.240000,2.273000,126.810368,3696,349,0,131,256,2156,11,0
36.884150,9.282000,115.000,30.240000,2.273000,126.809231,3693,349,0,131,256,2156,11,0
36.887737,3.587000,115.000,30.240000,2.273000,126.809460,3693,349,0,131,256,2156,11,0
36.901580,13.843000,115.000,30.240000,2.273000,126.806438,3687,349,0,130,255,2154,11,0
36.905185,3.605000,115.000,30.240000,2.273000,126.806873,3687,349,0,128,254,2152,11,0
36.911789,6.604000,115.000,30.240000,2.273000,126.804150,3682,349,0,128,254,2152,11,0
36.924852,13.063000,115.000,30.240000,2.273000,126.804630,3682,349,0,127,252,2148,11,0
36.930129,5.277000,115.000,30.240000,2.273000,126.805126,3682,349,0,126,251,2146,11,0
36.941234,11.105000,115.000,30.240000,2.273000,126.795204,3678,345,0,126,251,2146,11,0
36.950745,9.511000,115.000,30.240000,2.273000,126.791290,3671,345,0,126,251,2146,11,0
36.954046,3.301000,115.000,30.240000,2.273000,126.791771,3671,345,0,125,249,2142,11,0
36.967656,13.610000,115.000,30.240000,2.273000,126.792152,3671,345,0,124,248,2140,11,0
36.971230,3.574000,115.000,30.240000,2.273000,126.790764,3668,345,0,123,247,2138,11,0
36.985062,13.832000,115.000,30.240000,2.273000,126.779137,3665,340,0,123,247,2138,11,0
36.988616,3.554000,115.000,30.240000,2.273000,126.773300,3655,340,0,123,247,2138,11,0
36.997602,8.986000,115.000,30.240000,2.273000,126.789200,3660,340,0,133,259,2162,11,0
37.001816,4.214000,115.000,30.240000,2.273000,126.789680,3660,340,0,133,259,2162,11,0
37.017612,15.796000,115.000,30.240000,2.273000,126.786270,3660,340,0,125,251,2146,11,0
37.021248,3.636000,115.000,30.240000,2.273000,126.786751,3660,340,0,125,251,2146,11,0
37.035205,13.957000,115.000,30.240000,2.273000,126.787231,3660,340,0,125,251,2146,11,0
37.038630,3.425000,115.000,30.240000,2.273000,126.787712,3660,340,0,125,251,2146,11,0
37.052670,14.040000,115.000,30.240000,2.273000,126.789806,3663,340,0,125,251,2146,11,0
37.057008,4.338000,115.000,30.240000,2.273000,126.790241,3663,340,0,125,251,2146,11,0
37.062244,5.236000,115.000,30.240000,2.273000,126.792618,3666,340,0,125,251,2146,11,0
37.074888,12.644000,115.000,30.240000,2.273000,126.787483,3657,340,0,125,251,2146,11,0
37.084391,9.503000,115.000,30.240000,2.273000,126.789616,3660,340,0,125,251,2146,11,0
37.087940,3.549000,117.000,20.118000,2.101000,126.779106,3656,336,0,125,251,2146,11,0
37.100622,12.682000,117.000,20.118000,2.101000,126.776966,3650,336,0,125,251,2146,11,1
37.103737,3.115000,117.000,20.118000,2.101000,126.777447,3650,336,0,125,251,2146,11,1
37.118007,14.270000,117.000,20.118000,2.101000,126.780159,3653,336,0,125,251,2146,11,2
37.121854,3.847000,117.000,20.118000,2.101000,126.780640,3653,336,0,125,251,2146,11,2
37.129527,7.673000,117.000,20.118000,2.101000,126.895954,3767,360,0,125,251,2146,11,2
37.141154,11.627000,117.000,20.118000,2.101000,126.899151,3767,360,0,135,259,2162,11,2
37.150943,9.789000,117.000,20.118000,2.101000,126.896358,3777,358,0,135,259,2162,11,0
37.155158,4.215000,117.000,20.118000,2.101000,126.890369,3767,358,0,137,259,2162,11,0
37.162110,6.952000,117.000,20.118000,2.101000,126.885239,3767,358,0,137,259,2162,11,0
37.174938,12.828000,117.000,20.118000,2.101000,126.885674,3767,358,0,137,259,2162,11,0
37.184323,9.385000,117.000,20.118000,2.101000,126.887814,3770,358,0,137,259,2162,11,0
37.209914,25.591000,117.000,20.118000,2.101000,126.888344,3770,358,0,137,259,2162,11,0
37.213583,3.669000,117.000,20.118000,2.101000,126.888824,3770,358,0,137,259,2162,11,0
37.225731,12.148000,117.000,20.118000,2.101000,126.890984,3773,358,0,137,259,2162,11,0
37.233135,7.404000,117.000,20.118000,2.101000,126.897469,3783,358,0,137,259,2162,11,0
37.238950,5.815000,117.000,20.118000,2.101000,126.896271,3780,358,0,137,259,2162,11,0
37.249706,10.756000,117.000,20.118000,2.101000,126.896759,3780,358,0,137,259,2162,11,0
37.253956,4.250000,117.000,20.118000,2.101000,126.897255,3780,358,0,137,259,2162,11,0
37.266382,12.426000,117.000,20.118000,2.101000,126.905468,3790,359,0,137,259,2162,11,0
37.270634,4.252000,117.000,20.118000,2.101000,126.904049,3787,359,0,138,260,2164,11,0
37.283408,12.774000,117.000,20.118000,2.101000,126.904530,3787,359,0,138,260,2164,11,0
37.301755,18.347000,117.000,20.118000,2.101000,127.013298,3846,368,0,190,352,2348,11,0
37.316769,15.014000,117.000,20.118000,2.101000,127.001133,3846,368,0,164,322,2288,11,0
37.320945,4.176000,117.000,20.118000,2.101000,127.005352,3846,368,0,170,328,2300,11,0
37.332919,11.974000,117.000,20.118000,2.101000,126.989254,3823,368,0,162,320,2284,11,0
37.336659,3.740000,117.000,20.118000,2.101000,126.989735,3823,368,0,162,320,2284,11,0
37.351075,14.416000,117.000,20.118000,2.101000,126.991886,3826,368,0,162,320,2284,11,0
37.354965,3.890000,117.000,20.118000,2.101000,126.990726,3823,368,0,162,320,2284,11,0
37.367588,12.623000,117.000,20.118000,2.101000,126.991207,3823,368,0,162,320,2284,11,0
37.372842,5.254000,117.000,20.118000,2.101000,126.991688,3823,368,0,162,320,2284,11,0
37.377980,5.138000,117.000,20.118000,2.101000,126.992168,3823,368,0,162,320,2284,11,0
37.392406,14.426000,117.000,20.118000,2.101000,126.994251,3826,368,0,162,320,2284,11,0
37.401355,8.949000,117.000,20.118000,2.101000,126.973789,3816,362,0,160,318,2280,11,0
37.406093,4.738000,117.000,20.118000,2.101000,126.962742,3797,362,0,160,318,2280,11,0
37.411971,5.878000,117.000,20.118000,2.101000,126.963223,3797,362,0,158,282,2208,11,0
37.426283,14.312000,117.000,20.118000,2.101000,126.963703,3797,362,0,158,282,2208,11,0
37.430382,4.099000,117.000,20.118000,2.101000,126.964130,3797,362,0,157,281,2206,11,0
37.437175,6.793000,117.000,20.118000,2.101000,126.925526,3789,362,0,157,281,2206,11,0
37.450196,13.021000,117.000,20.118000,2.101000,126.926006,3789,362,0,157,281,2206,11,0
37.455756,5.560000,117.000,20.118000,2.101000,126.926487,3789,362,0,157,281,2206,11,0
37.460481,4.725000,117.000,20.118000,2.101000,126.926968,3789,362,0,157,281,2206,11,0
37.476481,16.000000,117.000,20.118000,2.101000,126.927460,3789,362,0,157,281,2206,11,0
37.483021,6.540000,117.000,20.118000,2.101000,126.927940,3789,362,0,157,281,2206,11,0
37.488426,5.405000,117.000,20.118000,2.101000,126.928806,3789,362,0,157,281,2206,11,1
37.499756,11.330000,117.000,20.118000,2.101000,126.925785,3783,362,0,156,281,2206,11,1
37.503619,3.863000,117.000,20.118000,2.101000,126.926266,3783,362,0,155,280,2204,11,1
37.518131,14.512000,117.000,20.118000,2.101000,126.927055,3783,362,0,155,280,2204,11,1
37.522121,3.990000,117.000,20.118000,2.101000,126.927536,3783,362,0,156,280,2204,11,1
37.528711,6.590000,117.000,20.118000,2.101000,126.928654,3789,361,0,154,278,2200,11,0
37.541341,12.630000,117.000,20.118000,2.101000,126.925877,3784,361,0,155,278,2200,11,0
37.553582,12.241000,117.000,20.118000,2.101000,126.915909,3780,357,0,154,277,2198,11,0
37.567855,14.273000,117.000,20.118000,2.101000,126.912056,3773,357,0,154,277,2198,11,0
37.571841,3.986000,117.000,20.118000,2.101000,126.912537,3773,357,0,151,275,2194,11,0
37.584253,12.412000,117.000,20.118000,2.101000,126.911293,3770,357,0,150,274,2192,11,0
37.588005,3.752000,117.000,20.118000,2.101000,126.896240,3761,352,0,150,273,2190,11,0
37.600559,12.554000,117.000,20.118000,2.101000,126.890358,3751,352,0,150,273,2190,11,0
37.605757,5.198000,117.000,20.118000,2.101000,126.909420,3753,352,0,162,291,2226,11,0
37.611726,5.969000,117.000,20.118000,2.101000,126.909901,3753,352,0,162,291,2226,11,0
37.624867,13.141000,117.000,20.118000,2.101000,126.917889,3771,352,0,153,282,2208,11,0
37.634347,9.480000,117.000,20.118000,2.101000,126.879833,3709,352,0,153,282,2208,11,0
37.638060,3.713000,117.000,20.118000,2.101000,126.880314,3709,352,0,153,282,2208,11,0
37.650297,12.237000,117.000,20.118000,2.101000,126.880749,3709,352,0,153,282,2208,11,0
37.655409,5.112000,117.000,20.118000,2.101000,126.881229,3709,352,0,153,282,2208,11,0
37.660695,5.286000,117.000,20.118000,2.101000,126.881710,3709,352,0,153,282,2208,11,0
37.676058,15.363000,117.000,20.118000,2.101000,126.883842,3712,352,0,153,282,2208,11,0
37.683041,6.983000,117.000,20.118000,2.101000,126.884323,3712,352,0,154,282,2208,11,0
37.688051,5.010000,117.000,20.118000,2.101000,126.886452,3715,352,0,153,281,2206,11,0
37.699581,11.530000,117.000,20.118000,2.101000,126.886932,3715,352,0,153,281,2206,11,0
37.704160,4.579000,117.000,20.118000,2.101000,126.887405,3715,352,0,153,281,2206,11,0
37.710731,6.571000,117.000,20.118000,2.101000,126.887840,3715,352,0,153,281,2206,11,0
37.726071,15.340000,117.000,20.118000,2.101000,126.888321,3715,352,0,153,281,2206,11,0
37.733176,7.105000,117.000,20.118000,2.101000,126.888802,3715,352,0,153,281,2206,11,0
37.738086,4.910000,117.000,20.118000,2.101000,126.889282,3715,352,0,152,275,2194,11,0
37.749666,11.580000,117.000,20.118000,2.101000,126.889709,3715,352,0,152,275,2194,11,0
37.754343,4.677000,117.000,20.118000,2.101000,126.885780,3713,352,0,152,275,2194,11,0
37.766501,12.158000,117.000,20.118000,2.101000,126.877937,3713,352,0,152,275,2194,11,0
37.771887,5.386000,117.000,20.118000,2.101000,126.880081,3716,352,0,152,275,2194,11,0
37.777307,5.420000,117.000,20.118000,2.101000,126.902065,3746,352,0,151,275,2194,11,0
37.792595,15.288000,117.000,20.118000,2.101000,126.880703,3723,349,0,150,274,2192,11,0
37.800069,7.474000,117.000,20.118000,2.101000,126.877491,3717,349,0,150,274,2192,11,0
37.805700,5.631000,117.000,20.118000,2.101000,126.894772,3730,353,0,150,274,2192,11,0
37.813536,7.836000,117.000,20.118000,2.101000,126.895859,3730,353,0,152,276,2196,11,0
37.820939,7.403000,117.000,20.118000,2.101000,126.902332,3740,353,0,152,276,2196,11,0
37.833327,12.388000,117.000,20.118000,2.101000,126.902866,3740,353,0,151,276,2196,11,0
37.839546,6.219000,117.000,20.118000,2.101000,126.903347,3740,353,0,151,276,2196,11,0
37.843851,4.305000,117.000,20.118000,2.101000,126.903828,3740,353,0,151,276,2196,11,0
37.859167,15.316000,117.000,20.118000,2.101000,126.904308,3740,353,0,151,276,2196,11,0
37.866346,7.179000,117.000,20.118000,2.101000,126.904789,3740,353,0,151,276,2196,11,0
37.870720,4.374000,117.000,20.118000,2.101000,126.906929,3743,353,0,151,276,2196,11,0
37.895046,24.326000,117.000,20.118000,2.101000,127.001381,3795,362,0,184,345,2334,11,0
37.899088,4.042000,117.000,20.118000,2.101000,127.001862,3795,362,0,184,345,2334,11,0
37.901766,2.678000,117.000,20.118000,2.101000,126.983616,3798,362,0,142,297,2238,11,0
37.916606,14.840000,117.000,20.118000,2.101000,126.988419,3798,362,0,151,306,2256,11,0
37.921707,5.101000,117.000,20.118000,2.101000,126.976212,3775,362,0,151,306,2256,11,0
37.926693,4.986000,117.000,20.118000,2.101000,126.972801,3775,362,0,143,298,2240,11,0
37.942173,15.480000,117.000,20.118000,2.101000,126.973282,3775,362,0,143,298,2240,11,0
37.949601,7.428000,117.000,20.118000,2.101000,126.973763,3775,362,0,143,298,2240,11,0
37.954401,4.800000,117.000,20.118000,2.101000,126.974243,3775,362,0,143,298,2240,11,0
37.966321,11.920000,117.000,20.118000,2.101000,126.974724,3775,362,0,132,292,2228,11,0
37.970730,4.409000,117.000,20.118000,2.101000,126.975204,3775,362,0,132,292,2228,11,0
37.982912,12.182000,117.000,20.118000,2.101000,126.975639,3775,362,0,132,292,2228,11,0
37.987672,4.760000,117.000,20.118000,2.101000,126.976120,3775,362,0,132,292,2228,11,0
37.999637,11.965000,117.000,20.118000,2.101000,126.976601,3775,362,0,132,292,2228,11,0
38.004109,4.472000,117.000,20.118000,2.101000,126.975441,3772,362,0,132,292,2228,11,0
38.016308,12.199000,117.000,20.118000,2.101000,126.973419,3768,362,0,132,292,2228,11,0
38.020711,4.403000,117.000,20.118000,2.101000,126.973900,3768,362,0,130,257,2158,11,0
38.033001,12.290000,117.000,20.118000,2.101000,126.974327,3768,362,0,130,257,2158,11,0
38.038375,5.374000,117.000,20.118000,2.101000,126.940434,3766,362,0,130,257,2158,11,0
38.049744,11.369000,117.000,20.118000,2.101000,126.940914,3766,362,0,129,256,2156,11,0
38.056002,6.258000,117.000,20.118000,2.101000,126.941380,3766,362,0,129,256,2156,11,0
38.062210,6.208000,117.000,20.118000,2.101000,126.941860,3766,362,0,129,256,2156,11,0
38.075246,13.036000,117.000,20.118000,2.101000,126.940754,3766,362,0,129,256,2156,11,0
38.082806,7.560000,117.000,20.118000,2.101000,126.941235,3766,362,0,129,256,2156,11,0
38.085737,2.931000,114.000,23.929000,2.352000,126.941727,3766,362,0,129,256,2156,11,0
38.099490,13.753000,114.000,23.929000,2.352000,126.942070,3766,362,0,129,256,2156,11,0
38.102043,2.553000,114.000,23.929000,2.352000,126.937363,3757,362,0,129,256,2156,11,0
38.116134,14.091000,114.000,23.929000,2.352000,126.937843,3757,362,0,128,255,2154,11,0
38.118799,2.665000,114.000,23.929000,2.352000,126.939999,3760,362,0,128,255,2154,11,0
38.132760,13.961000,114.000,23.929000,2.352000,126.937199,3754,362,0,126,253,2150,11,0
38.135286,2.526000,114.000,23.929000,2.352000,126.927181,3750,358,0,124,246,2136,11,0
38.149393,14.107000,114.000,23.929000,2.352000,126.904179,3713,358,0,124,246,2136,11,0
38.151574,2.181000,114.000,23.929000,2.352000,126.904644,3713,358,0,122,244,2132,11,0
38.166313,14.739000,114.000,23.929000,2.352000,126.905125,3713,358,0,122,244,2132,11,0
38.168544,2.231000,114.000,23.929000,2.352000,126.905537,3713,358,0,121,243,2130,11,0
38.182884,14.340000,114.000,23.929000,2.352000,126.890484,3704,353,0,120,242,2128,11,0
38.184974,2.090000,114.000,23.929000,2.352000,126.884586,3694,353,0,120,242,2128,11,0
38.199348,14.374000,114.000,23.929000,2.352000,126.885067,3694,353,0,120,242,2128,11,0
38.202676,3.328000,114.000,23.929000,2.352000,126.904125,3696,353,0,133,260,2164,11,0
38.216226,13.550000,114.000,23.929000,2.352000,126.904606,3696,353,0,121,248,2140,11,0
38.218349,2.123000,114.000,23.929000,2.352000,126.899204,3696,353,0,121,248,2140,11,0
38.232751,14.402000,114.000,23.929000,2.352000,126.899685,3696,353,0,121,248,2140,11,0
38.235017,2.266000,114.000,23.929000,2.352000,126.900166,3696,353,0,121,248,2140,11,0
38.249371,14.354000,114.000,23.929000,2.352000,126.900646,3696,353,0,121,248,2140,11,0
38.251591,2.220000,114.000,23.929000,2.352000,126.901127,3696,353,0,121,248,2140,11,0
38.266202,14.611000,114.000,23.929000,2.352000,126.901608,3696,353,0,121,248,2140,11,0
38.268498,2.296000,114.000,23.929000,2.352000,126.900448,3693,353,0,121,248,2140,11,0
38.282928,14.430000,114.000,23.929000,2.352000,126.900928,3693,353,0,121,248,2140,11,0
38.285408,2.480000,114.000,23.929000,2.352000,126.901409,3693,353,0,121,248,2140,11,0
38.299527,14.119000,114.000,23.929000,2.352000,126.901890,3693,353,0,121,248,2140,11,0
38.302072,2.545000,114.000,23.929000,2.352000,126.902370,3693,353,0,121,248,2140,11,0
38.316228,14.156000,114.000,23.929000,2.352000,126.902851,3693,353,0,121,248,2140,11,0
38.318824,2.596000,114.000,23.929000,2.352000,126.903332,3693,353,0,121,248,2140,11,0
38.332842,14.018000,114.000,23.929000,2.352000,126.903812,3693,353,0,121,248,2140,11,0
38.335508,2.666000,114.000,23.929000,2.352000,126.904293,3693,353,0,121,248,2140,11,0
38.349481,13.973000,114.000,23.929000,2.352000,126.904720,3693,353,0,120,242,2128,11,0
38.352052,2.571000,114.000,23.929000,2.352000,126.899151,3688,353,0,120,242,2128,11,0
38.366278,14.226000,114.000,23.929000,2.352000,126.899632,3688,353,0,120,242,2128,11,0
38.369740,3.462000,114.000,23.929000,2.352000,126.893497,3691,353,0,120,242,2128,11,0
38.383445,13.705000,114.000,23.929000,2.352000,126.893932,3691,353,0,120,242,2128,11,0
38.388042,4.597000,114.000,23.929000,2.352000,126.896038,3694,353,0,120,242,2128,11,0
38.401149,13.107000,114.000,23.929000,2.352000,126.896519,3694,353,0,119,242,2128,11,0
38.419693,18.544000,114.000,23.929000,2.352000,126.896992,3694,353,0,119,242,2128,11,0
38.434492,14.799000,114.000,23.929000,2.352000,126.897472,3694,353,0,119,242,2128,11,0
38.438679,4.187000,114.000,23.929000,2.352000,126.897953,3694,353,0,120,242,2128,11,0
38.450822,12.143000,114.000,23.929000,2.352000,126.904438,3704,353,0,120,242,2128,11,0
38.453863,3.041000,114.000,23.929000,2.352000,126.904919,3704,353,0,119,242,2128,11,0
38.467699,13.836000,114.000,23.929000,2.352000,126.905399,3704,353,0,119,242,2128,11,0
38.471277,3.578000,114.000,23.929000,2.352000,126.905880,3704,353,0,119,242,2128,11,0
38.479838,8.561000,114.000,23.929000,2.352000,126.909668,3710,353,0,119,242,2128,11,0
38.485684,5.846000,114.000,23.929000,2.352000,126.910149,3710,353,0,120,242,2128,11,0
38.503917,18.233000,114.000,23.929000,2.352000,127.014545,3762,362,0,172,333,2310,11,0
38.516196,12.279000,114.000,23.929000,2.352000,127.015026,3762,362,0,150,307,2258,11,0
38.519674,3.478000,114.000,23.929000,2.352000,127.006458,3765,362,0,150,307,2258,11,0
38.533474,13.800000,114.000,23.929000,2.352000,127.006939,3765,362,0,150,307,2258,11,0
38.538450,4.976000,114.000,23.929000,2.352000,127.013760,3765,362,0,163,320,2284,11,0
38.550417,11.967000,114.000,23.929000,2.352000,126.993732,3735,362,0,155,312,2268,11,0
38.553991,3.574000,114.000,23.929000,2.352000,126.994213,3735,362,0,155,312,2268,11,0
38.567863,13.872000,114.000,23.929000,2.352000,126.994694,3735,362,0,155,312,2268,11,0
38.572052,4.189000,114.000,23.929000,2.352000,126.995174,3735,362,0,155,312,2268,11,0
38.581037,8.985000,114.000,23.929000,2.352000,126.997322,3738,362,0,155,312,2268,11,0
38.585702,4.665000,114.000,23.929000,2.352000,126.997803,3738,362,0,155,312,2268,11,0
38.600598,14.896000,114.000,23.929000,2.352000,126.998890,3738,362,0,155,312,2268,11,1
38.604390,3.792000,114.000,23.929000,2.352000,126.999371,3738,362,0,155,312,2268,11,1
38.617999,13.609000,114.000,23.929000,2.352000,127.001816,3741,362,0,155,312,2268,11,1
38.622259,4.260000,114.000,23.929000,2.352000,127.002296,3741,362,0,155,312,2268,11,1
38.628345,6.086000,114.000,23.929000,2.352000,126.999271,3740,361,0,155,312,2268,11,0
38.641114,12.769000,114.000,23.929000,2.352000,126.996441,3735,361,0,154,277,2198,11,0
38.650376,9.262000,114.000,23.929000,2.352000,126.992512,3733,361,0,154,277,2198,11,0
38.653876,3.500000,114.000,23.929000,2.352000,126.963089,3733,361,0,154,277,2198,11,0
38.668836,14.960000,114.000,23.929000,2.352000,126.963566,3733,361,0,154,277,2198,11,0
38.674181,5.345000,114.000,23.929000,2.352000,126.964046,3733,361,0,153,276,2196,11,0
38.680177,5.996000,114.000,23.929000,2.352000,126.964527,3733,361,0,153,276,2196,11,0
38.685682,5.505000,114.000,23.929000,2.352000,126.965008,3733,361,0,153,276,2196,11,0
38.701342,15.660000,114.000,23.929000,2.352000,126.963940,3733,361,0,153,276,2196,11,0
38.705361,4.019000,114.000,23.929000,2.352000,126.948017,3722,356,0,152,275,2194,11,0
38.711884,6.523000,114.000,23.929000,2.352000,126.942768,3712,356,0,152,275,2194,11,0
38.724919,13.035000,114.000,23.929000,2.352000,126.939747,3706,356,0,152,275,2194,11,0
38.734499,9.580000,114.000,23.929000,2.352000,126.940228,3706,356,0,151,274,2192,11,0
38.738182,3.683000,114.000,23.929000,2.352000,126.940708,3706,356,0,150,274,2192,11,0
38.751285,13.103000,114.000,23.929000,2.352000,126.941223,3706,356,0,148,272,2188,11,0
38.755102,3.817000,114.000,23.929000,2.352000,126.931355,3702,352,0,148,271,2186,11,0
38.761972,6.870000,114.000,23.929000,2.352000,126.927391,3695,352,0,148,271,2186,11,0
38.774852,12.880000,114.000,23.929000,2.352000,126.927872,3695,352,0,147,270,2184,11,0
38.786206,11.354000,114.000,23.929000,2.352000,126.928368,3695,352,0,146,269,2182,11,0
38.801177,14.971000,114.000,23.929000,2.352000,126.928764,3695,352,0,145,268,2180,11,0
38.805055,3.878000,114.000,23.929000,2.352000,126.913712,3686,347,0,142,266,2176,11,0
38.812960,7.905000,114.000,23.929000,2.352000,126.906189,3673,347,0,142,266,2176,11,0
38.819633,6.673000,114.000,23.929000,2.352000,126.920422,3675,347,0,153,278,2200,11,0
38.834215,14.582000,114.000,23.929000,2.352000,126.920918,3675,347,0,153,278,2200,11,0
38.838836,4.621000,114.000,23.929000,2.352000,126.915562,3675,347,0,141,266,2176,11,0
38.845179,6.343000,114.000,23.929000,2.352000,126.912762,3669,347,0,141,266,2176,11,0
38.860787,15.608000,114.000,23.929000,2.352000,126.913242,3669,347,0,141,266,2176,11,0
38.875887,15.100000,114.000,23.929000,2.352000,126.913723,3669,347,0,141,266,2176,11,0
38.886022,10.135000,114.000,23.929000,2.352000,126.914204,3669,347,0,141,266,2176,11,0
38.900582,14.560000,114.000,23.929000,2.352000,126.914669,3669,347,0,141,266,2176,11,0
38.905651,5.069000,114.000,23.929000,2.352000,126.904713,3664,344,0,140,265,2174,11,0
38.910465,4.814000,114.000,23.929000,2.352000,126.901501,3658,344,0,140,265,2174,11,0
38.926706,16.241000,114.000,23.929000,2.352000,126.917133,3668,348,0,140,265,2174,11,0
38.930666,3.960000,114.000,23.929000,2.352000,126.918301,3668,348,0,141,267,2178,11,0
38.936636,5.970000,114.000,23.929000,2.352000,126.918777,3668,348,0,141,267,2178,11,0
38.949594,12.958000,114.000,23.929000,2.352000,126.919258,3668,348,0,141,267,2178,11,0
38.954072,4.478000,114.000,23.929000,2.352000,126.919739,3668,348,0,141,267,2178,11,0
38.966577,12.505000,114.000,23.929000,2.352000,126.915756,3666,348,0,139,263,2170,11,0
38.971505,4.928000,114.000,23.929000,2.352000,126.916237,3666,348,0,139,263,2170,11,0
38.983137,11.632000,114.000,23.929000,2.352000,126.916718,3666,348,0,139,263,2170,11,0
38.988365,5.228000,114.000,23.929000,2.352000,126.909943,3663,348,0,139,263,2170,11,0
39.000646,12.281000,114.000,23.929000,2.352000,126.910442,3663,348,0,139,263,2170,11,0
39.005712,5.066000,114.000,23.929000,2.352000,126.910923,3663,348,0,139,263,2170,11,0
39.012167,6.455000,114.000,23.929000,2.352000,126.911388,3663,348,0,139,263,2170,11,0
39.025267,13.100000,114.000,23.929000,2.352000,126.911869,3663,348,0,139,263,2170,11,0
39.033826,8.559000,114.000,23.929000,2.352000,126.912350,3663,348,0,139,263,2170,11,0
39.036885,3.059000,114.000,23.929000,2.352000,126.912830,3663,348,0,139,263,2170,11,0
39.051729,14.844000,114.000,23.929000,2.352000,126.919331,3673,348,0,139,263,2170,11,0
39.055047,3.318000,114.000,23.929000,2.352000,126.919811,3673,348,0,138,263,2170,11,0
39.061087,6.040000,114.000,23.929000,2.352000,126.920292,3673,348,0,138,263,2170,11,0
39.074629,13.542000,114.000,23.929000,2.352000,126.920773,3673,348,0,138,263,2170,11,0
39.084075,9.446000,114.000,23.929000,2.352000,126.922901,3676,348,0,138,263,2170,11,0
39.087144,3.069000,114.000,17.746000,2.027000,126.923382,3676,348,0,139,263,2170,11,0
39.117190,30.046000,114.000,17.746000,2.027000,127.020046,3731,357,0,171,334,2312,11,0
39.119578,2.388000,114.000,17.746000,2.027000,127.020481,3731,357,0,129,286,2216,11,0
39.133186,13.608000,114.000,17.746000,2.027000,127.000534,3731,357,0,129,286,2216,11,0
39.137949,4.763000,114.000,17.746000,2.027000,127.001015,3731,357,0,129,286,2216,11,0
39.143222,5.273000,114.000,17.746000,2.027000,127.007847,3731,357,0,142,299,2242,11,0
39.159079,15.857000,114.000,17.746000,2.027000,126.991756,3701,357,0,142,299,2242,11,0
39.166496,7.417000,114.000,17.746000,2.027000,126.986401,3701,357,0,130,287,2218,11,0
39.171719,5.223000,114.000,17.746000,2.027000,126.986881,3701,357,0,130,287,2218,11,0
39.183153,11.434000,114.000,17.746000,2.027000,126.987362,3701,357,0,130,287,2218,11,0
39.187973,4.820000,114.000,17.746000,2.027000,126.989300,3704,357,0,130,287,2218,11,0
39.199786,11.813000,114.000,17.746000,2.027000,126.989780,3704,357,0,130,287,2218,11,0
39.204349,4.563000,114.000,17.746000,2.027000,126.990261,3704,357,0,130,287,2218,11,0
39.218105,13.756000,114.000,17.746000,2.027000,126.994053,3710,357,0,130,287,2218,11,0
39.222012,3.907000,114.000,17.746000,2.027000,126.994534,3710,357,0,130,287,2218,11,0
39.228395,6.383000,114.000,17.746000,2.027000,126.994995,3710,357,0,130,287,2218,11,0
39.241373,12.978000,114.000,17.746000,2.027000,126.928318,3686,333,0,130,287,2218,11,0
39.250894,9.521000,114.000,17.746000,2.027000,126.907246,3646,333,0,128,252,2148,11,0
39.255058,4.164000,114.000,17.746000,2.027000,126.903316,3644,333,0,128,252,2148,11,0
39.263550,8.492000,114.000,17.746000,2.027000,126.873901,3644,333,0,128,252,2148,11,0
39.269468,5.918000,114.000,17.746000,2.027000,126.874336,3644,333,0,128,252,2148,11,0
39.285619,16.151000,114.000,17.746000,2.027000,126.876484,3647,333,0,127,251,2146,11,0
39.289816,4.197000,114.000,17.746000,2.027000,126.876965,3647,333,0,127,251,2146,11,0
39.295018,5.202000,114.000,17.746000,2.027000,126.877445,3647,333,0,127,251,2146,11,0
39.308298,13.280000,114.000,17.746000,2.027000,126.876377,3647,333,0,127,251,2146,11,0
39.313483,5.185000,114.000,17.746000,2.027000,126.878517,3650,333,0,127,251,2146,11,0
39.324891,11.408000,114.000,17.746000,2.027000,126.878860,3650,333,0,126,251,2146,11,0
39.334415,9.524000,114.000,17.746000,2.027000,126.874176,3641,333,0,125,250,2144,11,0
39.337839,3.424000,114.000,17.746000,2.027000,126.874657,3641,333,0,125,250,2144,11,0
39.351473,13.634000,114.000,17.746000,2.027000,126.747864,3591,293,0,123,248,2140,11,0
39.355800,4.327000,114.000,17.746000,2.027000,126.716179,3541,293,0,112,227,2098,11,0
39.362178,6.378000,114.000,17.746000,2.027000,126.706116,3537,289,0,112,227,2098,11,0
39.374861,12.683000,114.000,17.746000,2.027000,126.702248,3530,289,0,112,227,2098,11,0
39.384069,9.208000,114.000,17.746000,2.027000,126.702713,3530,289,0,110,225,2094,11,0
39.387437,3.368000,114.000,17.746000,2.027000,126.703110,3530,289,0,109,224,2092,11,0
39.400528,13.091000,114.000,17.746000,2.027000,126.701721,3527,289,0,108,223,2090,11,0
39.403627,3.099000,114.000,17.746000,2.027000,126.688538,3521,284,0,108,223,2090,11,0
39.417714,14.087000,114.000,17.746000,2.027000,126.681030,3508,284,0,108,223,2090,11,0
39.422852,5.138000,114.000,17.746000,2.027000,126.695305,3510,284,0,119,235,2114,11,0
39.428141,5.289000,114.000,17.746000,2.027000,126.695786,3510,284,0,119,235,2114,11,0
39.441215,13.074000,114.000,17.746000,2.027000,126.689095,3504,284,0,111,227,2098,11,0
39.450625,9.410000,114.000,17.746000,2.027000,126.691250,3507,284,0,111,227,2098,11,0
39.453546,2.921000,114.000,17.746000,2.027000,126.691730,3507,284,0,111,227,2098,11,0
39.467611,14.065000,114.000,17.746000,2.027000,126.692192,3507,284,0,111,227,2098,11,0
39.473140,5.529000,114.000,17.746000,2.027000,126.692673,3507,284,0,111,227,2098,11,0
39.479912,6.772000,114.000,17.746000,2.027000,126.693108,3507,284,0,111,227,2098,11,0
39.491232,11.320000,114.000,17.746000,2.027000,126.693588,3507,284,0,111,227,2098,11,0
39.503672,12.440000,114.000,17.746000,2.027000,126.694069,3507,284,0,111,227,2098,11,0
39.517494,13.822000,114.000,17.746000,2.027000,126.694550,3507,284,0,111,227,2098,11,0
39.520930,3.436000,114.000,17.746000,2.027000,126.693390,3504,284,0,111,227,2098,11,0
39.534403,13.473000,114.000,17.746000,2.027000,126.701130,3510,286,0,111,227,2098,11,0
39.537815,3.412000,114.000,17.746000,2.027000,126.702080,3510,286,0,112,228,2100,11,0
39.552360,14.545000,114.000,17.746000,2.027000,126.702557,3510,286,0,112,228,2100,11,0
39.566541,14.181000,114.000,17.746000,2.027000,126.699657,3504,286,0,112,228,2100,11,0
39.571296,4.755000,114.000,17.746000,2.027000,126.697384,3505,286,0,110,224,2092,11,0
39.585470,14.174000,114.000,17.746000,2.027000,126.697880,3505,286,0,110,224,2092,11,0
39.589840,4.370000,114.000,17.746000,2.027000,126.691727,3505,286,0,108,222,2088,11,0
39.600848,11.008000,114.000,17.746000,2.027000,126.692108,3505,286,0,108,222,2088,11,0
39.605777,4.929000,114.000,17.746000,2.027000,126.692589,3505,286,0,107,222,2088,11,0
39.614838,9.061000,114.000,17.746000,2.027000,126.693069,3505,286,0,107,222,2088,11,0
39.618152,3.314000,114.000,17.746000,2.027000,126.693550,3505,286,0,107,222,2088,11,0
39.633425,15.273000,114.000,17.746000,2.027000,126.694046,3505,286,0,107,222,2088,11,0
39.635678,2.253000,114.000,17.746000,2.027000,126.694527,3505,286,0,107,222,2088,11,0
39.650042,14.364000,114.000,17.746000,2.027000,126.694992,3505,286,0,107,222,2088,11,0
39.652730,2.688000,114.000,17.746000,2.027000,126.701462,3515,286,0,108,222,2088,11,0
39.666124,13.394000,114.000,17.746000,2.027000,126.701897,3515,286,0,107,222,2088,11,0
39.668639,2.515000,114.000,17.746000,2.027000,126.702362,3515,286,0,107,222,2088,11,0
39.682738,14.099000,114.000,17.746000,2.027000,126.701202,3512,286,0,107,222,2088,11,0
39.685031,2.293000,114.000,17.746000,2.027000,126.702335,3512,286,0,107,222,2088,11,1
39.699408,14.377000,114.000,17.746000,2.027000,126.702816,3512,286,0,108,222,2088,11,1
39.710622,11.214000,114.000,17.746000,2.027000,126.808487,3564,295,0,162,315,2274,11,1
39.724739,14.117000,114.000,17.746000,2.027000,126.798878,3570,294,0,142,289,2222,11,0
39.732657,7.918000,114.000,17.746000,2.027000,126.796101,3565,294,0,142,289,2222,11,0
39.735477,2.820000,114.000,17.746000,2.027000,126.800732,3565,294,0,151,298,2240,11,0
39.749428,13.951000,114.000,17.746000,2.027000,126.790165,3545,294,0,151,298,2240,11,0
39.751708,2.280000,114.000,17.746000,2.027000,126.790646,3545,294,0,139,286,2216,11,0
39.766066,14.358000,114.000,17.746000,2.027000,126.785290,3545,294,0,139,286,2216,11,0
39.768200,2.134000,114.000,17.746000,2.027000,126.787441,3548,294,0,139,286,2216,11,0
39.782700,14.500000,114.000,17.746000,2.027000,126.787842,3548,294,0,139,286,2216,11,0
39.785310,2.610000,114.000,17.746000,2.027000,126.788265,3548,294,0,139,286,2216,11,0
39.799924,14.614000,114.000,17.746000,2.027000,126.788700,3548,294,0,139,286,2216,11,0
39.802025,2.101000,114.000,17.746000,2.027000,126.789181,3548,294,0,139,286,2216,11,0
39.816300,14.275000,114.000,17.746000,2.027000,126.789661,3548,294,0,139,286,2216,11,0
39.818178,1.878000,114.000,17.746000,2.027000,126.790073,3548,294,0,139,286,2216,11,0
39.832970,14.792000,114.000,17.746000,2.027000,126.790554,3548,294,0,139,286,2216,11,0
39.834853,1.883000,114.000,17.746000,2.027000,126.790989,3548,294,0,139,286,2216,11,0
39.849699,14.846000,114.000,17.746000,2.027000,126.788967,3544,294,0,137,251,2146,11,0
39.851614,1.915000,114.000,17.746000,2.027000,126.789394,3544,294,0,137,251,2146,11,0
39.866449,14.835000,114.000,17.746000,2.027000,126.787125,3545,294,0,137,251,2146,11,0
39.868296,1.847000,114.000,17.746000,2.027000,126.757610,3545,294,0,135,249,2142,11,0
39.883040,14.744000,114.000,17.746000,2.027000,126.758106,3545,294,0,135,249,2142,11,0
39.884819,1.779000,114.000,17.746000,2.027000,126.758541,3545,294,0,135,249,2142,11,0
39.899814,14.995000,114.000,17.746000,2.027000,126.759132,3548,294,0,135,249,2142,11,0
39.901607,1.793000,114.000,17.746000,2.027000,126.759613,3548,294,0,134,249,2142,11,0
39.916533,14.926000,114.000,17.746000,2.027000,126.760086,3548,294,0,134,249,2142,11,0
39.924467,7.934000,114.000,17.746000,2.027000,126.760429,3548,294,0,134,249,2142,11,0
39.927134,2.667000,114.000,17.746000,2.027000,126.757408,3542,294,0,134,249,2142,11,0
39.941290,14.156000,114.000,17.746000,2.027000,126.757904,3542,294,0,133,248,2140,11,0
39.949354,8.064000,114.000,17.746000,2.027000,126.758339,3542,294,0,132,248,2140,11,0
39.951685,2.331000,114.000,17.746000,2.027000,126.758789,3542,294,0,130,246,2136,11,0
39.966203,14.518000,114.000,17.746000,2.027000,126.759270,3542,294,0,132,246,2136,11,0
39.968650,2.447000,114.000,17.746000,2.027000,126.751007,3541,290,0,131,245,2134,11,0
39.982824,14.174000,114.000,17.746000,2.027000,126.736256,3529,287,0,130,244,2132,11,0
39.984912,2.088000,114.000,17.746000,2.027000,126.732964,3523,287,0,128,242,2128,11,0
39.999347,14.435000,114.000,17.746000,2.027000,126.733444,3523,287,0,128,242,2128,11,0
40.001792,2.445000,114.000,17.746000,2.027000,126.752083,3536,291,0,127,241,2126,11,0
40.016189,14.397000,114.000,17.746000,2.027000,126.737717,3527,286,0,128,242,2128,11,0
40.019462,3.273000,114.000,17.746000,2.027000,126.744141,3516,286,0,138,254,2152,11,0
40.033298,13.836000,114.000,17.746000,2.027000,126.744591,3516,286,0,138,254,2152,11,0
40.035186,1.888000,114.000,17.746000,2.027000,126.745071,3516,286,0,130,246,2136,11,0
40.049829,14.643000,114.000,17.746000,2.027000,126.741646,3516,286,0,130,246,2136,11,0
40.051682,1.853000,114.000,17.746000,2.027000,126.742126,3516,286,0,130,246,2136,11,0
40.066621,14.939000,114.000,17.746000,2.027000,126.742607,3516,286,0,130,246,2136,11,0
40.068668,2.047000,114.000,17.746000,2.027000,126.743088,3516,286,0,130,246,2136,11,0
40.083231,14.563000,114.000,17.746000,2.027000,126.743584,3516,286,0,130,246,2136,11,0
40.085222,1.991000,115.000,29.613000,2.081000,126.744064,3516,286,0,130,246,2136,11,0
40.099857,14.635000,115.000,29.613000,2.081000,126.744514,3516,286,0,130,246,2136,11,0
40.107729,7.872000,115.000,29.613000,2.081000,126.743355,3513,286,0,130,246,2136,11,0
40.110427,2.698000,115.000,29.613000,2.081000,126.743835,3513,286,0,130,246,2136,11,0
40.124488,14.061000,115.000,29.613000,2.081000,126.744316,3513,286,0,130,246,2136,11,0
40.133321,8.833000,115.000,29.613000,2.081000,126.744797,3513,286,0,130,246,2136,11,0
40.135472,2.151000,115.000,29.613000,2.081000,126.743637,3510,286,0,130,246,2136,11,0
40.149797,14.325000,115.000,29.613000,2.081000,126.745777,3513,286,0,130,246,2136,11,0
40.151569,1.772000,115.000,29.613000,2.081000,126.746258,3513,286,0,130,246,2136,11,0
40.168111,16.542000,115.000,29.613000,2.081000,126.746666,3513,286,0,130,246,2136,11,0
40.172698,4.587000,115.000,29.613000,2.081000,126.742737,3511,286,0,128,242,2128,11,0
40.178321,5.623000,115.000,29.613000,2.081000,126.743233,3511,286,0,128,242,2128,11,0
40.191295,12.974000,115.000,29.613000,2.081000,126.738098,3511,286,0,128,242,2128,11,0
40.200568,9.273000,115.000,29.613000,2.081000,126.738602,3511,286,0,128,242,2128,11,0
40.203793,3.225000,115.000,29.613000,2.081000,126.739082,3511,286,0,128,242,2128,11,0
40.217165,13.372000,115.000,29.613000,2.081000,126.737923,3508,286,0,128,242,2128,11,0
40.220313,3.148000,115.000,29.613000,2.081000,126.738403,3508,286,0,128,242,2128,11,0
40.234166,13.853000,115.000,29.613000,2.081000,126.738884,3508,286,0,128,242,2128,11,0
40.237317,3.151000,115.000,29.613000,2.081000,126.736084,3502,286,0,128,242,2128,11,0
40.253559,16.242000,115.000,29.613000,2.081000,126.736549,3502,286,0,128,242,2128,11,0
40.266922,13.363000,115.000,29.613000,2.081000,126.737030,3502,286,0,127,241,2126,11,0
40.271485,4.563000,115.000,29.613000,2.081000,126.738155,3510,284,0,127,241,2126,11,0
40.283731,12.246000,115.000,29.613000,2.081000,126.736256,3506,284,0,127,241,2126,11,0
40.288220,4.489000,115.000,29.613000,2.081000,126.736736,3506,284,0,127,241,2126,11,0
40.293793,5.573000,115.000,29.613000,2.081000,126.737171,3506,284,0,127,241,2126,11,0
40.309741,15.948000,115.000,29.613000,2.081000,126.739296,3509,284,0,127,241,2126,11,0
40.313563,3.822000,115.000,29.613000,2.081000,126.739777,3509,284,0,126,241,2126,11,0
40.326109,12.546000,115.000,29.613000,2.081000,126.740238,3509,284,0,126,241,2126,11,0
40.355881,29.772000,115.000,29.613000,2.081000,127.024406,3691,341,0,161,313,2270,11,0
40.360647,4.766000,115.000,29.613000,2.081000,127.015911,3691,341,0,137,295,2234,11,0
40.375185,14.538000,115.000,29.613000,2.081000,127.001453,3671,341,0,129,287,2218,11,0
40.383254,8.069000,115.000,29.613000,2.081000,127.000294,3668,341,0,129,287,2218,11,0
40.387966,4.712000,115.000,29.613000,2.081000,127.000774,3668,341,0,129,287,2218,11,0
40.399587,11.621000,115.000,29.613000,2.081000,127.001255,3668,341,0,129,287,2218,11,0
40.404190,4.603000,115.000,29.613000,2.081000,127.001736,3668,341,0,129,287,2218,11,0
40.416968,12.778000,115.000,29.613000,2.081000,127.002171,3668,341,0,129,287,2218,11,0
40.421928,4.960000,115.000,29.613000,2.081000,127.002651,3668,341,0,129,287,2218,11,0
40.427257,5.329000,115.000,29.613000,2.081000,127.003132,3668,341,0,129,287,2218,11,0
40.442129,14.872000,115.000,29.613000,2.081000,127.003613,3668,341,0,129,287,2218,11,0
40.449511,7.382000,115.000,29.613000,2.081000,127.001591,3664,341,0,129,287,2218,11,0
40.453719,4.208000,115.000,29.613000,2.081000,127.002071,3664,341,0,126,251,2146,11,0
40.466795,13.076000,115.000,29.613000,2.081000,127.002552,3664,341,0,126,251,2146,11,0
40.472112,5.317000,115.000,29.613000,2.081000,127.004700,3667,341,0,126,251,2146,11,0
40.476774,4.662000,115.000,29.613000,2.081000,126.973797,3667,341,0,126,251,2146,11,0
40.492617,15.843000,115.000,29.613000,2.081000,126.975903,3670,341,0,126,251,2146,11,0
40.500081,7.464000,115.000,29.613000,2.081000,126.971973,3668,341,0,127,251,2146,11,0
40.504826,4.745000,115.000,29.613000,2.081000,126.972454,3668,341,0,127,251,2146,11,0
40.510721,5.895000,115.000,29.613000,2.081000,126.972935,3668,341,0,127,251,2146,11,0
40.525988,15.267000,115.000,29.613000,2.081000,126.971764,3665,341,0,127,251,2146,11,0
40.533982,7.994000,115.000,29.613000,2.081000,126.972038,3665,341,0,125,251,2146,11,0
40.541227,7.245000,115.000,29.613000,2.081000,126.969017,3659,341,0,125,251,2146,11,0
40.544284,3.057000,115.000,29.613000,2.081000,126.969498,3659,341,0,125,250,2144,11,0
40.559255,14.971000,115.000,29.613000,2.081000,126.970009,3659,341,0,125,250,2144,11,0
40.563007,3.752000,115.000,29.613000,2.081000,126.970490,3659,341,0,124,248,2140,11,0
40.577807,14.800000,115.000,29.613000,2.081000,126.972614,3662,341,0,123,247,2138,11,0
40.584843,7.036000,115.000,29.613000,2.081000,126.962692,3658,337,0,122,247,2138,11,0
40.590165,5.322000,115.000,29.613000,2.081000,126.958759,3651,337,0,122,247,2138,11,0
40.597281,7.116000,115.000,29.613000,2.081000,126.959240,3651,337,0,120,245,2134,11,0
40.602793,5.512000,115.000,29.613000,2.081000,126.961285,3654,337,0,119,244,2132,11,0
40.616348,13.555000,115.000,29.613000,2.081000,126.959896,3651,337,0,118,243,2130,11,0
40.620855,4.507000,115.000,29.613000,2.081000,126.946659,3645,332,0,118,243,2130,11,0
40.632899,12.044000,115.000,29.613000,2.081000,126.940823,3635,332,0,118,243,2130,11,0
40.640339,7.440000,115.000,29.613000,2.081000,126.952862,3640,332,0,121,247,2138,11,0
40.644491,4.152000,115.000,29.613000,2.081000,126.953342,3640,332,0,121,247,2138,11,0
40.657848,13.357000,115.000,29.613000,2.081000,126.953823,3640,332,0,121,247,2138,11,0
40.659885,2.037000,115.000,29.613000,2.081000,126.954304,3640,332,0,121,247,2138,11,0
40.675415,15.530000,115.000,29.613000,2.081000,126.956451,3643,332,0,121,247,2138,11,0
40.682642,7.227000,115.000,29.613000,2.081000,126.956932,3643,332,0,121,247,2138,11,0
40.685398,2.756000,115.000,29.613000,2.081000,126.957413,3643,332,0,121,247,2138,11,0
40.699314,13.916000,115.000,29.613000,2.081000,126.957893,3643,332,0,121,247,2138,11,0
40.701481,2.167000,115.000,29.613000,2.081000,126.960041,3646,332,0,121,247,2138,11,0
40.716497,15.016000,115.000,29.613000,2.081000,126.960522,3646,332,0,121,247,2138,11,0
40.721202,4.705000,115.000,29.613000,2.081000,126.959335,3643,332,0,121,247,2138,11,0
40.733009,11.807000,115.000,29.613000,2.081000,126.959816,3643,332,0,121,247,2138,11,0
40.737600,4.591000,115.000,29.613000,2.081000,126.960297,3643,332,0,121,247,2138,11,0
40.749650,12.050000,115.000,29.613000,2.081000,126.960751,3643,332,0,121,247,2138,11,0
40.753666,4.016000,115.000,29.613000,2.081000,126.961185,3643,332,0,121,247,2138,11,0
40.766493,12.827000,115.000,29.613000,2.081000,126.961666,3643,332,0,121,247,2138,11,0
40.771609,5.116000,115.000,29.613000,2.081000,126.962132,3643,332,0,121,247,2138,11,0
40.783186,11.577000,115.000,29.613000,2.081000,126.962559,3643,332,0,119,243,2130,11,0
40.787884,4.698000,115.000,29.613000,2.081000,126.959236,3641,332,0,119,243,2130,11,1
40.800398,12.514000,115.000,29.613000,2.081000,126.959717,3641,332,0,119,243,2130,11,1
40.806519,6.121000,115.000,29.613000,2.081000,126.953247,3638,332,0,119,243,2130,11,1
40.811570,5.051000,115.000,29.613000,2.081000,126.953728,3638,332,0,118,243,2130,11,1
40.826164,14.594000,115.000,29.613000,2.081000,126.955261,3644,331,0,118,243,2130,11,0
40.832892,6.728000,115.000,29.613000,2.081000,126.952484,3639,331,0,119,243,2130,11,0
40.838333,5.441000,115.000,29.613000,2.081000,126.952999,3639,331,0,120,243,2130,11,0
40.849661,11.328000,115.000,29.613000,2.081000,126.953480,3639,331,0,120,243,2130,11,0
40.854157,4.496000,115.000,29.613000,2.081000,126.953926,3639,331,0,120,243,2130,11,0
40.866505,12.348000,115.000,29.613000,2.081000,126.960411,3649,331,0,120,243,2130,11,0
40.871353,4.848000,115.000,29.613000,2.081000,126.959236,3646,331,0,120,243,2130,11,0
40.883189,11.836000,115.000,29.613000,2.081000,126.959717,3646,331,0,119,243,2130,11,0
40.887994,4.805000,115.000,29.613000,2.081000,126.960213,3646,331,0,119,243,2130,11,0
40.900219,12.225000,115.000,29.613000,2.081000,126.960693,3646,331,0,119,243,2130,11,0
40.904790,4.571000,115.000,29.613000,2.081000,126.959518,3643,331,0,119,243,2130,11,0
40.910566,5.776000,115.000,29.613000,2.081000,126.959953,3643,331,0,119,243,2130,11,0
40.940387,29.821000,115.000,29.613000,2.081000,127.065914,3695,340,0,173,337,2318,11,0
40.944631,4.244000,115.000,29.613000,2.081000,127.066395,3695,340,0,149,309,2262,11,0
40.958168,13.537000,115.000,29.613000,2.081000,127.051922,3689,340,0,149,309,2262,11,0
40.964796,6.628000,115.000,29.613000,2.081000,127.056141,3689,340,0,157,317,2278,11,0
40.970878,6.082000,115.000,29.613000,2.081000,127.045574,3669,340,0,157,317,2278,11,0
40.983845,12.967000,115.000,29.613000,2.081000,127.042164,3669,340,0,149,309,2262,11,0
40.987658,3.813000,115.000,29.613000,2.081000,127.042645,3669,340,0,149,309,2262,11,0
41.000327,12.669000,115.000,29.613000,2.081000,127.043125,3669,340,0,148,308,2260,11,0
41.004006,3.679000,115.000,29.613000,2.081000,127.043606,3669,340,0,148,308,2260,11,0
41.019663,15.657000,115.000,29.613000,2.081000,127.044086,3669,340,0,148,308,2260,11,0
41.033104,13.441000,115.000,29.613000,2.081000,127.044567,3669,340,0,148,308,2260,11,0
41.038396,5.292000,115.000,29.613000,2.081000,127.045048,3669,340,0,148,308,2260,11,0
41.044120,5.724000,115.000,29.613000,2.081000,127.045528,3669,340,0,148,308,2260,11,0
41.057914,13.794000,115.000,29.613000,2.081000,127.045963,3669,340,0,148,308,2260,11,0
41.063047,5.133000,115.000,29.613000,2.081000,127.046444,3669,340,0,148,308,2260,11,0
41.074579,11.532000,115.000,29.613000,2.081000,127.044369,3665,340,0,148,308,2260,11,0
41.083666,9.087000,115.000,29.613000,2.081000,127.038799,3660,340,0,146,272,2188,11,0
41.087161,3.495000,113.000,29.063000,2.346000,127.039280,3660,340,0,146,272,2188,11,0
41.100626,13.465000,113.000,29.063000,2.346000,126.997471,3655,337,0,145,271,2186,11,0
41.103982,3.356000,113.000,29.063000,2.346000,126.994259,3649,337,0,146,271,2186,11,0
41.117306,13.324000,113.000,29.063000,2.346000,127.009892,3659,341,0,146,271,2186,11,0
41.120729,3.423000,113.000,29.063000,2.346000,127.011059,3659,341,0,147,273,2190,11,0
41.134569,13.840000,113.000,29.063000,2.346000,127.012753,3659,341,0,147,273,2190,11,2
41.138091,3.522000,113.000,29.063000,2.346000,127.013233,3659,341,0,147,273,2190,11,2
41.150807,12.716000,113.000,29.063000,2.346000,127.014194,3659,341,0,147,273,2190,11,2
41.154582,3.775000,113.000,29.063000,2.346000,127.011173,3653,341,0,147,273,2190,11,2
41.170802,16.220000,113.000,29.063000,2.346000,127.013287,3665,339,0,146,272,2188,11,0
41.184515,13.713000,113.000,29.063000,2.346000,127.008972,3658,339,0,146,272,2188,11,0
41.188039,3.524000,113.000,29.063000,2.346000,127.009453,3658,339,0,146,270,2184,11,0
41.200491,12.452000,113.000,29.063000,2.346000,127.001122,3657,335,0,145,269,2182,11,0
41.226648,26.157000,113.000,29.063000,2.346000,126.997231,3650,335,0,145,269,2182,11,0
41.233028,6.380000,113.000,29.063000,2.346000,126.997627,3650,335,0,141,266,2176,11,0
41.237893,4.865000,113.000,29.063000,2.346000,126.982559,3641,330,0,140,265,2174,11,0
41.249679,11.786000,113.000,29.063000,2.346000,126.976723,3631,330,0,140,265,2174,11,0
41.256281,6.602000,113.000,29.063000,2.346000,126.995773,3633,330,0,153,283,2210,11,0
41.261577,5.296000,113.000,29.063000,2.346000,126.996269,3633,330,0,153,283,2210,11,0
41.274647,13.070000,113.000,29.063000,2.346000,126.992859,3633,330,0,145,275,2194,11,0
41.284544,9.897000,113.000,29.063000,2.346000,126.994976,3636,330,0,145,275,2194,11,0
41.288030,3.486000,113.000,29.063000,2.346000,126.995457,3636,330,0,145,275,2194,11,0
41.300589,12.559000,113.000,29.063000,2.346000,126.995907,3636,330,0,145,275,2194,11,0
41.305103,4.514000,113.000,29.063000,2.346000,126.998039,3639,330,0,145,275,2194,11,0
41.310764,5.661000,113.000,29.063000,2.346000,126.998520,3639,330,0,145,275,2194,11,0
41.326310,15.546000,113.000,29.063000,2.346000,126.998985,3639,330,0,143,273,2190,11,0
41.333071,6.761000,113.000,29.063000,2.346000,126.999420,3639,330,0,143,273,2190,11,0
41.337845,4.774000,113.000,29.063000,2.346000,126.999916,3639,330,0,143,273,2190,11,0
41.350343,12.498000,113.000,29.063000,2.346000,127.000381,3639,330,0,143,273,2190,11,0
41.353644,3.301000,113.000,29.063000,2.346000,127.000862,3639,330,0,143,273,2190,11,0
41.367541,13.897000,113.000,29.063000,2.346000,127.004684,3645,330,0,143,273,2190,11,0
41.371574,4.033000,113.000,29.063000,2.346000,127.005165,3645,330,0,144,273,2190,11,0
41.384121,12.547000,113.000,29.063000,2.346000,127.005611,3645,330,0,143,267,2178,11,0
41.387913,3.792000,113.000,29.063000,2.346000,127.006092,3645,330,0,143,267,2178,11,0
41.400574,12.661000,113.000,29.063000,2.346000,127.008205,3648,330,0,143,267,2178,11,0
41.403868,3.294000,113.000,29.063000,2.346000,126.995953,3646,330,0,142,267,2178,11,0
41.417963,14.095000,113.000,29.063000,2.346000,126.994736,3643,330,0,140,265,2174,11,0
41.421874,3.911000,113.000,29.063000,2.346000,126.973854,3633,324,0,141,265,2174,11,0
41.427440,5.566000,113.000,29.063000,2.346000,126.966904,3621,324,0,141,265,2174,11,0
41.442074,14.634000,113.000,29.063000,2.346000,126.967369,3621,324,0,141,265,2174,11,0
41.449539,7.465000,113.000,29.063000,2.346000,126.967850,3621,324,0,140,265,2174,11,0
41.453923,4.384000,113.000,29.063000,2.346000,126.968330,3621,324,0,140,265,2174,11,0
41.466825,12.902000,113.000,29.063000,2.346000,126.968811,3621,324,0,140,265,2174,11,0
41.472847,6.022000,113.000,29.063000,2.346000,126.975266,3631,324,0,140,265,2174,11,0
41.477013,4.166000,113.000,29.063000,2.346000,126.975746,3631,324,0,141,265,2174,11,0
41.492097,15.084000,113.000,29.063000,2.346000,126.976242,3631,324,0,141,265,2174,11,0
41.499448,7.351000,113.000,29.063000,2.346000,126.976723,3631,324,0,140,265,2174,11,0
41.503783,4.335000,113.000,29.063000,2.346000,126.975563,3628,324,0,140,265,2174,11,0
41.517015,13.232000,113.000,29.063000,2.346000,126.976044,3628,324,0,140,265,2174,11,0
41.521130,4.115000,113.000,29.063000,2.346000,126.976524,3628,324,0,141,265,2174,11,0
41.544201,23.071000,113.000,29.063000,2.346000,127.076195,3690,333,0,170,333,2310,11,0
41.549832,5.631000,113.000,29.063000,2.346000,127.076706,3690,333,0,170,333,2310,11,0
41.552330,2.498000,113.000,29.063000,2.346000,127.055649,3690,333,0,126,283,2210,11,0
41.566771,14.441000,113.000,29.063000,2.346000,127.056084,3690,333,0,126,283,2210,11,0
41.569789,3.018000,113.000,29.063000,2.346000,127.060455,3690,333,0,134,291,2226,11,0
41.583137,13.348000,113.000,29.063000,2.346000,127.045998,3670,333,0,126,283,2210,11,0
41.585272,2.135000,113.000,29.063000,2.346000,127.046478,3670,333,0,126,283,2210,11,0
41.599613,14.341000,113.000,29.063000,2.346000,127.046959,3670,333,0,126,283,2210,11,0
41.601544,1.931000,113.000,29.063000,2.346000,127.044159,3664,333,0,126,283,2210,11,0
41.616781,15.237000,113.000,29.063000,2.346000,127.044640,3664,333,0,126,283,2210,11,0
41.619442,2.661000,113.000,29.063000,2.346000,127.045120,3664,333,0,126,283,2210,11,0
41.633309,13.867000,113.000,29.063000,2.346000,127.045601,3664,333,0,126,283,2210,11,0
41.636167,2.858000,113.000,29.063000,2.346000,127.042801,3658,333,0,126,283,2210,11,0
41.650292,14.125000,113.000,29.063000,2.346000,127.043282,3658,333,0,126,283,2210,11,0
41.659051,8.759000,113.000,29.063000,2.346000,127.043762,3658,333,0,126,283,2210,11,0
41.663436,4.385000,113.000,29.063000,2.346000,127.044243,3658,333,0,126,283,2210,11,0
41.675569,12.133000,113.000,29.063000,2.346000,127.042168,3654,333,0,124,247,2138,11,0
41.683049,7.480000,113.000,29.063000,2.346000,127.038239,3652,333,0,124,247,2138,11,0
41.687950,4.901000,113.000,29.063000,2.346000,127.058674,3671,337,0,124,247,2138,11,0
41.699640,11.690000,113.000,29.063000,2.346000,127.028149,3671,337,0,127,249,2142,11,0
41.703772,4.132000,113.000,29.063000,2.346000,127.028538,3671,337,0,127,249,2142,11,0
41.716580,12.808000,113.000,29.063000,2.346000,127.029018,3671,337,0,127,249,2142,11,0
41.721574,4.994000,113.000,29.063000,2.346000,127.031105,3674,337,0,127,249,2142,11,0
41.732963,11.389000,113.000,29.063000,2.346000,127.031586,3674,337,0,127,249,2142,11,0
41.738004,5.041000,113.000,29.063000,2.346000,127.032059,3674,337,0,127,249,2142,11,0
41.749597,11.593000,113.000,29.063000,2.346000,127.032333,3674,337,0,127,249,2142,11,0
41.753733,4.136000,113.000,29.063000,2.346000,127.029297,3668,337,0,127,249,2142,11,0
41.766426,12.693000,113.000,29.063000,2.346000,127.029778,3668,337,0,125,248,2140,11,0
41.771397,4.971000,113.000,29.063000,2.346000,127.028633,3665,337,0,125,248,2140,11,0
41.783164,11.767000,113.000,29.063000,2.346000,127.029114,3665,337,0,122,246,2136,11,0
41.788011,4.847000,113.000,29.063000,2.346000,127.019119,3661,333,0,121,245,2134,11,0
41.799708,11.697000,113.000,29.063000,2.346000,127.015251,3654,333,0,122,245,2134,11,0
41.804440,4.732000,113.000,29.063000,2.346000,127.015732,3654,333,0,120,243,2130,11,0
41.816473,12.033000,113.000,29.063000,2.346000,127.016167,3654,333,0,120,243,2130,11,0
41.821896,5.423000,113.000,29.063000,2.346000,127.016563,3654,333,0,119,242,2128,11,0
41.827289,5.393000,113.000,29.063000,2.346000,127.001511,3645,328,0,119,241,2126,11,0
41.842878,15.589000,113.000,29.063000,2.346000,126.995613,3635,328,0,119,241,2126,11,0
41.849845,6.967000,113.000,29.063000,2.346000,126.996094,3635,328,0,118,241,2126,11,0
41.856882,7.037000,113.000,29.063000,2.346000,127.010513,3637,328,0,129,253,2150,11,0
41.861185,4.303000,113.000,29.063000,2.346000,127.010994,3637,328,0,117,241,2126,11,0
41.875879,14.694000,113.000,29.063000,2.346000,127.007298,3640,328,0,117,241,2126,11,0
41.882955,7.076000,113.000,29.063000,2.346000,127.007778,3640,328,0,117,241,2126,11,0
41.887752,4.797000,113.000,29.063000,2.346000,127.010517,3643,328,0,117,241,2126,11,1
41.899794,12.042000,113.000,29.063000,2.346000,127.010998,3643,328,0,117,241,2126,11,1
41.904430,4.636000,113.000,29.063000,2.346000,127.011787,3643,328,0,117,241,2126,11,1
41.916608,12.178000,113.000,29.063000,2.346000,127.012222,3643,328,0,117,241,2126,11,1
41.921819,5.211000,113.000,29.063000,2.346000,127.013363,3649,327,0,117,241,2126,11,0
41.933130,11.311000,113.000,29.063000,2.346000,127.010586,3644,327,0,118,241,2126,11,0
41.937584,4.454000,113.000,29.063000,2.346000,127.011005,3644,327,0,118,241,2126,11,0
41.949558,11.974000,113.000,29.063000,2.346000,127.011486,3644,327,0,118,241,2126,11,0
41.953911,4.353000,113.000,29.063000,2.346000,127.010326,3641,327,0,118,241,2126,11,0
41.960542,6.631000,113.000,29.063000,2.346000,127.010807,3641,327,0,118,241,2126,11,0
41.975763,15.221000,113.000,29.063000,2.346000,127.012974,3644,327,0,118,241,2126,11,0
41.984299,8.536000,113.000,29.063000,2.346000,127.013454,3644,327,0,118,241,2126,11,0
41.988678,4.379000,113.000,29.063000,2.346000,127.013935,3644,327,0,118,241,2126,11,0
42.001006,12.328000,113.000,29.063000,2.346000,127.014362,3644,327,0,116,237,2118,11,0
42.017753,16.747000,113.000,29.063000,2.346000,127.012081,3645,327,0,116,237,2118,11,0
42.021370,3.617000,113.000,29.063000,2.346000,127.012562,3645,327,0,116,237,2118,11,0
42.034234,12.864000,113.000,29.063000,2.346000,127.007359,3645,327,0,116,237,2118,11,0
42.037419,3.185000,113.000,29.063000,2.346000,127.007839,3645,327,0,115,237,2118,11,0
42.050421,13.002000,113.000,29.063000,2.346000,127.008320,3645,327,0,115,237,2118,11,0
42.053387,2.966000,113.000,29.063000,2.346000,127.008801,3645,327,0,116,237,2118,11,0
42.068112,14.725000,113.000,29.063000,2.346000,127.009266,3645,327,0,116,237,2118,11,0
42.071217,3.105000,113.000,29.063000,2.346000,127.009747,3645,327,0,115,237,2118,11,0
42.084202,12.985000,113.000,29.063000,2.346000,127.011902,3648,327,0,115,237,2118,11,0
42.088835,4.633000,115.000,24.988000,2.393000,127.018387,3658,327,0,114,236,2116,11,0
42.095013,6.178000,115.000,24.988000,2.393000,127.018848,3658,327,0,114,236,2116,11,0
42.108039,13.026000,115.000,24.988000,2.393000,127.017689,3655,327,0,114,236,2116,11,0
42.117665,9.626000,115.000,24.988000,2.393000,127.021461,3661,327,0,114,236,2116,11,0
42.121574,3.909000,115.000,24.988000,2.393000,127.020302,3658,327,0,115,236,2116,11,0
42.134423,12.849000,115.000,24.988000,2.393000,127.020817,3658,327,0,115,236,2116,11,0
42.137885,3.462000,115.000,24.988000,2.393000,127.021297,3658,327,0,115,236,2116,11,0
42.171198,33.313000,115.000,24.988000,2.393000,127.127167,3710,336,0,173,333,2310,11,0
42.183942,12.744000,115.000,24.988000,2.393000,127.117920,3710,336,0,153,309,2262,11,0
42.189604,5.662000,115.000,24.988000,2.393000,127.126087,3710,336,0,166,324,2292,11,0
42.193676,4.072000,115.000,24.988000,2.393000,127.095707,3675,333,0,157,315,2274,11,0
42.209510,15.834000,115.000,24.988000,2.393000,127.092449,3669,333,0,157,315,2274,11,0
42.217611,8.101000,115.000,24.988000,2.393000,127.108318,3676,337,0,157,315,2274,11,0
42.221676,4.065000,115.000,24.988000,2.393000,127.109486,3676,337,0,158,317,2278,11,0
42.228528,6.852000,115.000,24.988000,2.393000,127.109962,3676,337,0,158,317,2278,11,0
42.242463,13.935000,115.000,24.988000,2.393000,127.110474,3676,337,0,158,317,2278,11,0
42.249819,7.356000,115.000,24.988000,2.393000,127.110954,3676,337,0,158,317,2278,11,0
42.255128,5.309000,115.000,24.988000,2.393000,127.111435,3676,337,0,158,317,2278,11,0
42.260903,5.775000,115.000,24.988000,2.393000,127.113815,3679,337,0,158,317,2278,11,0
42.275714,14.811000,115.000,24.988000,2.393000,127.106178,3666,337,0,158,317,2278,11,0
42.284421,8.707000,115.000,24.988000,2.393000,127.106659,3666,337,0,156,284,2212,11,0
42.289400,4.979000,115.000,24.988000,2.393000,127.107140,3666,337,0,156,284,2212,11,0
42.293525,4.125000,115.000,24.988000,2.393000,127.107487,3666,337,0,156,284,2212,11,0
42.309928,16.403000,115.000,24.988000,2.393000,127.075108,3661,337,0,156,284,2212,11,0
42.314560,4.632000,115.000,24.988000,2.393000,127.075588,3661,337,0,154,281,2206,11,0
42.320003,5.443000,115.000,24.988000,2.393000,127.076023,3661,337,0,154,281,2206,11,0
42.333384,13.381000,115.000,24.988000,2.393000,127.076504,3661,337,0,154,281,2206,11,0
42.338721,5.337000,115.000,24.988000,2.393000,127.069080,3655,337,0,154,281,2206,11,0
42.343556,4.835000,115.000,24.988000,2.393000,127.069561,3655,337,0,155,281,2206,11,0
42.360585,17.029000,115.000,24.988000,2.393000,127.069904,3655,337,0,155,281,2206,11,0
42.374806,14.221000,115.000,24.988000,2.393000,127.066883,3649,337,0,154,281,2206,11,0
42.384303,9.497000,115.000,24.988000,2.393000,127.067364,3649,337,0,153,280,2204,11,0
42.387970,3.667000,115.000,24.988000,2.393000,127.067844,3649,337,0,154,280,2204,11,0
42.402953,14.983000,115.000,24.988000,2.393000,127.068279,3649,337,0,152,278,2200,11,0
42.417822,14.869000,115.000,24.988000,2.393000,127.068760,3649,337,0,149,277,2198,11,0
42.421644,3.822000,115.000,24.988000,2.393000,127.058826,3645,333,0,150,277,2198,11,0
42.430170,8.526000,115.000,24.988000,2.393000,127.054928,3638,333,0,149,276,2196,11,0
42.434865,4.695000,115.000,24.988000,2.393000,127.055363,3638,333,0,148,275,2194,11,0
42.450546,15.681000,115.000,24.988000,2.393000,127.055744,3638,333,0,147,274,2192,11,0
42.453837,3.291000,115.000,24.988000,2.393000,127.040691,3629,328,0,146,273,2190,11,0
42.461429,7.592000,115.000,24.988000,2.393000,127.055050,3624,328,0,159,291,2226,11,0
42.475110,13.681000,115.000,24.988000,2.393000,127.063267,3634,329,0,159,291,2226,11,0
42.484948,9.838000,115.000,24.988000,2.393000,127.060143,3628,329,0,160,292,2228,11,0
42.488652,3.704000,115.000,24.988000,2.393000,127.056732,3628,329,0,152,284,2212,11,0
42.493923,5.271000,115.000,24.988000,2.393000,127.057213,3628,329,0,152,284,2212,11,0
42.508101,14.178000,115.000,24.988000,2.393000,127.057693,3628,329,0,152,284,2212,11,0
42.513691,5.590000,115.000,24.988000,2.393000,127.058174,3628,329,0,152,284,2212,11,0
42.518933,5.242000,115.000,24.988000,2.393000,127.058655,3628,329,0,152,284,2212,11,0
42.534094,15.161000,115.000,24.988000,2.393000,127.059135,3628,329,0,152,284,2212,11,0
42.538021,3.927000,115.000,24.988000,2.393000,127.059616,3628,329,0,152,284,2212,11,0
42.550541,12.520000,115.000,24.988000,2.393000,127.060097,3628,329,0,152,284,2212,11,0
42.553768,3.227000,115.000,24.988000,2.393000,127.060577,3628,329,0,152,284,2212,11,0
42.567472,13.704000,115.000,24.988000,2.393000,127.061058,3628,329,0,152,284,2212,11,0
42.571359,3.887000,115.000,24.988000,2.393000,127.061539,3628,329,0,152,284,2212,11,0
42.578351,6.992000,115.000,24.988000,2.393000,127.063686,3631,329,0,152,284,2212,11,0
42.591046,12.695000,115.000,24.988000,2.393000,127.064167,3631,329,0,153,284,2212,11,0
42.600208,9.162000,115.000,24.988000,2.393000,127.066307,3634,329,0,153,284,2212,11,0
42.603903,3.695000,115.000,24.988000,2.393000,127.066734,3634,329,0,152,278,2200,11,0
42.618338,14.435000,115.000,24.988000,2.393000,127.062786,3632,329,0,152,278,2200,11,0
42.634441,16.103000,115.000,24.988000,2.393000,127.054958,3632,329,0,151,278,2200,11,0
42.638284,3.843000,115.000,24.988000,2.393000,127.055439,3632,329,0,150,278,2200,11,0
42.650960,12.676000,115.000,24.988000,2.393000,127.055920,3632,329,0,150,278,2200,11,0
42.654938,3.978000,115.000,24.988000,2.393000,127.056355,3632,329,0,150,277,2198,11,0
42.664199,9.261000,115.000,24.988000,2.393000,127.056835,3632,329,0,150,277,2198,11,0
42.668919,4.720000,115.000,24.988000,2.393000,127.057316,3632,329,0,150,277,2198,11,0
42.684147,15.228000,115.000,24.988000,2.393000,127.059460,3635,329,0,150,277,2198,11,0
42.687994,3.847000,115.000,24.988000,2.393000,127.059940,3635,329,0,151,277,2198,11,0
42.701130,13.136000,115.000,24.988000,2.393000,127.064762,3642,329,0,151,277,2198,11,0
42.705280,4.150000,115.000,24.988000,2.393000,127.065197,3642,329,0,149,277,2198,11,0
42.711803,6.523000,115.000,24.988000,2.393000,127.067280,3645,329,0,149,277,2198,11,0
42.724698,12.895000,115.000,24.988000,2.393000,127.067760,3645,329,0,150,277,2198,11,0
42.734003,9.305000,115.000,24.988000,2.393000,127.068233,3645,329,0,151,277,2198,11,0
42.737736,3.733000,115.000,24.988000,2.393000,127.068714,3645,329,0,151,277,2198,11,0
42.768069,30.333000,115.000,24.988000,2.393000,127.157516,3697,338,0,172,333,2310,11,0
42.772077,4.008000,115.000,24.988000,2.393000,127.157997,3697,338,0,124,277,2198,11,0
42.783207,11.130000,115.000,24.988000,2.393000,127.135132,3697,338,0,124,277,2198,11,0
42.789134,5.927000,115.000,24.988000,2.393000,127.142353,3700,338,0,134,287,2218,11,0
42.793966,4.832000,115.000,24.988000,2.393000,127.131786,3680,338,0,134,287,2218,11,0
42.809717,15.751000,115.000,24.988000,2.393000,127.132267,3680,338,0,122,275,2194,11,0
42.813932,4.215000,115.000,24.988000,2.393000,127.126911,3680,338,0,122,275,2194,11,0
42.820654,6.722000,115.000,24.988000,2.393000,127.130726,3686,338,0,122,275,2194,11,0
42.833419,12.765000,115.000,24.988000,2.393000,127.131207,3686,338,0,123,275,2194,11,0
42.838783,5.364000,115.000,24.988000,2.393000,127.130047,3683,338,0,122,274,2192,11,0
42.843814,5.031000,115.000,24.988000,2.393000,127.127338,3678,338,0,122,274,2192,11,0
42.859490,15.676000,115.000,24.988000,2.393000,127.127819,3678,338,0,122,274,2192,11,0
42.865505,6.015000,115.000,24.988000,2.393000,127.128254,3678,338,0,122,274,2192,11,0
42.869920,4.415000,115.000,24.988000,2.393000,127.128735,3678,338,0,122,274,2192,11,0
42.883872,13.952000,115.000,24.988000,2.393000,127.129169,3678,338,0,122,274,2192,11,0
42.887795,3.923000,115.000,24.988000,2.393000,127.129650,3678,338,0,122,274,2192,11,0
42.902073,14.278000,115.000,24.988000,2.393000,127.127575,3674,338,0,120,240,2124,11,0
42.909792,7.719000,115.000,24.988000,2.393000,127.123646,3672,338,0,120,240,2124,11,0
42.925990,16.198000,115.000,24.988000,2.393000,127.094097,3669,338,0,120,240,2124,11,0
42.929992,4.002000,115.000,24.988000,2.393000,127.094532,3669,338,0,118,238,2120,11,0
42.943174,13.182000,115.000,24.988000,2.393000,127.094982,3669,338,0,118,238,2120,11,0
42.949673,6.499000,115.000,24.988000,2.393000,127.095463,3669,338,0,118,238,2120,11,0
42.954309,4.636000,115.000,24.988000,2.393000,127.092934,3669,338,0,118,238,2120,11,0
42.967648,13.339000,115.000,24.988000,2.393000,127.093395,3669,338,0,117,238,2120,11,0
42.971357,3.709000,115.000,24.988000,2.393000,127.093739,3669,338,0,117,238,2120,11,0
42.984146,12.789000,115.000,24.988000,2.393000,127.090702,3663,338,0,117,238,2120,11,0
42.987686,3.540000,115.000,24.988000,2.393000,127.091183,3663,338,0,115,237,2118,11,0
43.000574,12.888000,115.000,24.988000,2.393000,127.092285,3663,338,0,113,235,2114,11,1
43.003616,3.042000,115.000,24.988000,2.393000,127.092766,3663,338,0,114,235,2114,11,1
43.018076,14.460000,115.000,24.988000,2.393000,127.081440,3656,334,0,113,234,2112,11,1
43.021642,3.566000,115.000,24.988000,2.393000,127.077572,3649,334,0,112,234,2112,11,1
43.034501,12.859000,115.000,24.988000,2.393000,127.078712,3655,333,0,110,232,2108,11,0
43.037904,3.403000,115.000,24.988000,2.393000,127.075851,3650,333,0,111,231,2106,11,0
43.055776,17.872000,115.000,24.988000,2.393000,127.069542,3638,333,0,111,230,2104,11,0
43.061511,5.735000,115.000,24.988000,2.393000,127.056313,3632,328,0,110,230,2104,11,0
43.074708,13.197000,115.000,24.988000,2.393000,127.050476,3622,328,0,111,230,2104,11,0
43.083924,9.216000,115.000,24.988000,2.393000,127.064903,3624,328,0,121,242,2128,11,0
43.086857,2.933000,110.000,32.622000,4.272000,127.058525,3624,328,0,109,230,2104,11,0
43.101033,14.176000,110.000,32.622000,4.272000,127.059006,3624,328,0,109,230,2104,11,0
43.104021,2.988000,110.000,32.622000,4.272000,127.059486,3624,328,0,109,230,2104,11,0
43.118279,14.258000,110.000,32.622000,4.272000,127.059967,3624,328,0,109,230,2104,11,0
43.121741,3.462000,110.000,32.622000,4.272000,127.060448,3624,328,0,109,230,2104,11,0
43.134237,12.496000,110.000,32.622000,4.272000,127.060928,3624,328,0,109,230,2104,11,0
43.137662,3.425000,110.000,32.622000,4.272000,127.061409,3624,328,0,109,230,2104,11,0
43.150582,12.920000,110.000,32.622000,4.272000,127.061890,3624,328,0,109,230,2104,11,0
43.155085,4.503000,110.000,32.622000,4.272000,127.062370,3624,328,0,109,230,2104,11,0
43.161579,6.494000,110.000,32.622000,4.272000,127.062851,3624,328,0,109,230,2104,11,0
43.174676,13.097000,110.000,32.622000,4.272000,127.063332,3624,328,0,109,230,2104,11,0
43.184163,9.487000,110.000,32.622000,4.272000,127.062172,3621,328,0,109,230,2104,11,0
43.187538,3.375000,110.000,32.622000,4.272000,127.062653,3621,328,0,108,229,2102,11,0
43.201013,13.475000,110.000,32.622000,4.272000,127.063118,3621,328,0,108,229,2102,11,0
43.204842,3.829000,110.000,32.622000,4.272000,127.063599,3621,328,0,108,229,2102,11,0
43.212802,7.960000,110.000,32.622000,4.272000,127.064095,3621,328,0,106,225,2094,11,0
43.224855,12.053000,110.000,32.622000,4.272000,127.064522,3621,328,0,105,225,2094,11,0
43.236127,11.272000,110.000,32.622000,4.272000,127.060593,3619,328,0,105,225,2094,11,0
43.239375,3.248000,110.000,32.622000,4.272000,127.055458,3619,328,0,106,225,2094,11,0
43.244582,5.207000,110.000,32.622000,4.272000,127.055931,3619,328,0,106,225,2094,11,0
43.258057,13.475000,110.000,32.622000,4.272000,127.056412,3619,328,0,105,225,2094,11,0
43.264001,5.944000,110.000,32.622000,4.272000,127.056908,3619,328,0,105,225,2094,11,0
43.268804,4.803000,110.000,32.622000,4.272000,127.057388,3619,328,0,106,225,2094,11,0
43.284838,16.034000,110.000,32.622000,4.272000,127.059513,3622,328,0,106,225,2094,11,0
43.288420,3.582000,110.000,32.622000,4.272000,127.049595,3617,325,0,104,224,2092,11,0
43.300566,12.146000,110.000,32.622000,4.272000,127.047947,3614,325,0,104,224,2092,11,0
43.304278,3.712000,110.000,32.622000,4.272000,127.054432,3624,325,0,105,224,2092,11,0
43.312665,8.387000,110.000,32.622000,4.272000,127.070045,3634,329,0,105,224,2092,11,0
43.325378,12.713000,110.000,32.622000,4.272000,127.071213,3634,329,0,105,226,2096,11,0
43.330408,5.030000,110.000,32.622000,4.272000,127.071674,3634,329,0,105,226,2096,11,0
43.335632,5.224000,110.000,32.622000,4.272000,127.072155,3634,329,0,104,226,2096,11,0
43.351433,15.801000,110.000,32.622000,4.272000,127.072651,3634,329,0,104,226,2096,11,0
43.354602,3.169000,110.000,32.622000,4.272000,127.073132,3634,329,0,106,226,2096,11,0
43.389305,34.703000,110.000,32.622000,4.272000,127.064358,3649,298,0,159,320,2284,11,0
43.393770,4.465000,110.000,32.622000,4.272000,127.033165,3599,298,0,161,312,2268,11,0
43.408109,14.339000,110.000,32.622000,4.272000,127.014790,3572,298,0,153,304,2252,11,0
43.416837,8.728000,110.000,32.622000,4.272000,127.015270,3572,298,0,153,304,2252,11,0
43.421943,5.106000,110.000,32.622000,4.272000,127.015705,3572,298,0,153,304,2252,11,0
43.427166,5.223000,110.000,32.622000,4.272000,127.016186,3572,298,0,153,304,2252,11,0
43.442152,14.986000,110.000,32.622000,4.272000,127.016666,3572,298,0,153,304,2252,11,0
43.449617,7.465000,110.000,32.622000,4.272000,127.017147,3572,298,0,153,304,2252,11,0
43.454549,4.932000,110.000,32.622000,4.272000,127.017628,3572,298,0,153,304,2252,11,0
43.460558,6.009000,110.000,32.622000,4.272000,127.018108,3572,298,0,153,304,2252,11,0
43.476017,15.459000,110.000,32.622000,4.272000,127.020256,3575,298,0,153,304,2252,11,0
43.484589,8.572000,110.000,32.622000,4.272000,127.020737,3575,298,0,153,304,2252,11,0
43.489940,5.351000,110.000,32.622000,4.272000,127.021217,3575,298,0,153,304,2252,11,0
43.494239,4.299000,110.000,32.622000,4.272000,127.019150,3571,298,0,153,304,2252,11,0
43.509790,15.551000,110.000,32.622000,4.272000,127.021282,3574,298,0,152,268,2180,11,0
43.514461,4.671000,110.000,32.622000,4.272000,127.017307,3572,298,0,152,268,2180,11,0
43.521074,6.613000,110.000,32.622000,4.272000,126.987164,3572,298,0,152,268,2180,11,0
43.535028,13.954000,110.000,32.622000,4.272000,126.986004,3569,298,0,152,268,2180,11,0
43.552598,17.570000,110.000,32.622000,4.272000,126.988144,3572,298,0,152,268,2180,11,0
43.557890,5.292000,110.000,32.622000,4.272000,126.988625,3572,298,0,152,268,2180,11,0
43.564399,6.509000,110.000,32.622000,4.272000,126.989014,3572,298,0,152,268,2180,11,0
43.568892,4.493000,110.000,32.622000,4.272000,126.989494,3572,298,0,150,268,2180,11,0
43.585828,16.936000,110.000,32.622000,4.272000,126.990005,3572,298,0,150,268,2180,11,0
43.589880,4.052000,110.000,32.622000,4.272000,126.990280,3572,298,0,151,268,2180,11,0
43.598525,8.645000,110.000,32.622000,4.272000,126.985558,3563,298,0,151,268,2180,11,0
43.602960,4.435000,110.000,32.622000,4.272000,126.986038,3563,298,0,150,267,2178,11,0
43.619214,16.254000,110.000,32.622000,4.272000,126.986473,3563,298,0,148,265,2174,11,0
43.623306,4.092000,110.000,32.622000,4.272000,126.986954,3563,298,0,148,265,2174,11,0
43.630111,6.805000,110.000,32.622000,4.272000,126.976974,3559,294,0,147,264,2172,11,0
43.635373,5.262000,110.000,32.622000,4.272000,126.971466,3549,294,0,148,264,2172,11,0
43.652418,17.045000,110.000,32.622000,4.272000,126.973591,3552,294,0,146,262,2168,11,0
43.671407,18.989000,110.000,32.622000,4.272000,126.973984,3552,294,0,144,261,2166,11,0
43.684191,12.784000,110.000,32.622000,4.272000,126.958931,3543,289,0,143,260,2164,11,0
43.691374,7.183000,110.000,32.622000,4.272000,126.966862,3535,289,0,154,272,2188,11,0
43.695381,4.007000,110.000,32.622000,4.272000,126.967342,3535,289,0,154,272,2188,11,0
43.709543,14.162000,110.000,32.622000,4.272000,126.963917,3535,289,0,146,264,2172,11,0
43.713448,3.905000,110.000,32.622000,4.272000,126.962757,3532,289,0,146,264,2172,11,0
43.720491,7.043000,110.000,32.622000,4.272000,126.963253,3532,289,0,146,264,2172,11,0
43.733172,12.681000,110.000,32.622000,4.272000,126.963734,3532,289,0,146,264,2172,11,0
43.738182,5.010000,110.000,32.622000,4.272000,126.964214,3532,289,0,146,264,2172,11,0
43.749868,11.686000,110.000,32.622000,4.272000,126.961414,3526,289,0,146,264,2172,11,0
43.755481,5.613000,110.000,32.622000,4.272000,126.961895,3526,289,0,146,264,2172,11,0
43.761281,5.800000,110.000,32.622000,4.272000,126.962376,3526,289,0,146,264,2172,11,0
43.776020,14.739000,110.000,32.622000,4.272000,126.962856,3526,289,0,146,264,2172,11,0
43.784545,8.525000,110.000,32.622000,4.272000,126.961636,3523,289,0,146,264,2172,11,0
43.788524,3.979000,110.000,32.622000,4.272000,126.962116,3523,289,0,146,264,2172,11,0
43.794790,6.266000,110.000,32.622000,4.272000,126.962612,3523,289,0,146,264,2172,11,0
43.809439,14.649000,110.000,32.622000,4.272000,126.963047,3523,289,0,146,264,2172,11,0
43.825717,16.278000,110.000,32.622000,4.272000,126.963528,3523,289,0,146,264,2172,11,0
43.836009,10.292000,110.000,32.622000,4.272000,126.963955,3523,289,0,144,260,2164,11,0
43.849664,13.655000,110.000,32.622000,4.272000,126.960026,3521,289,0,144,260,2164,11,0
43.855868,6.204000,110.000,32.622000,4.272000,126.953922,3521,289,0,142,258,2160,11,0
43.863249,7.381000,110.000,32.622000,4.272000,126.954403,3521,289,0,141,258,2160,11,0
43.870008,6.759000,110.000,32.622000,4.272000,126.954884,3521,289,0,141,258,2160,11,0
43.882876,12.868000,110.000,32.622000,4.272000,126.955364,3521,289,0,142,258,2160,11,0
43.888221,5.345000,110.000,32.622000,4.272000,126.954189,3518,289,0,142,258,2160,11,0
43.900229,12.008000,110.000,32.622000,4.272000,126.956345,3521,289,0,142,258,2160,11,0
43.903544,3.315000,110.000,32.622000,4.272000,126.956825,3521,289,0,142,258,2160,11,0
43.911746,8.202000,110.000,32.622000,4.272000,126.949596,3526,284,0,141,257,2158,11,0
43.925010,13.264000,110.000,32.622000,4.272000,126.944530,3516,284,0,140,257,2158,11,0
43.929852,4.842000,110.000,32.622000,4.272000,126.944920,3516,284,0,140,257,2158,11,0
43.941011,11.159000,110.000,32.622000,4.272000,126.945400,3516,284,0,141,257,2158,11,0
43.945158,4.147000,110.000,32.622000,4.272000,126.945896,3516,284,0,141,257,2158,11,0
43.958061,12.903000,110.000,32.622000,4.272000,126.946377,3516,284,0,141,257,2158,11,0
43.991148,33.087000,110.000,32.622000,4.272000,127.043037,3581,293,0,161,313,2270,11,0
43.993750,2.602000,110.000,32.622000,4.272000,127.018906,3584,293,0,107,251,2146,11,0
44.009415,15.665000,110.000,32.622000,4.272000,127.023067,3584,293,0,115,259,2162,11,0
44.013556,4.141000,110.000,32.622000,4.272000,127.005772,3564,293,0,103,247,2138,11,0
44.019758,6.202000,110.000,32.622000,4.272000,127.006252,3564,293,0,103,247,2138,11,0
44.033048,13.290000,110.000,32.622000,4.272000,127.006733,3564,293,0,103,247,2138,11,0
44.037718,4.670000,110.000,32.622000,4.272000,127.007214,3564,293,0,103,247,2138,11,0
44.049535,11.817000,110.000,32.622000,4.272000,127.007694,3564,293,0,103,247,2138,11,0
44.053522,3.987000,110.000,32.622000,4.272000,127.008175,3564,293,0,103,247,2138,11,0
44.066397,12.875000,110.000,32.622000,4.272000,127.008656,3564,293,0,103,247,2138,11,0
44.071470,5.073000,110.000,32.622000,4.272000,127.010784,3567,293,0,103,247,2138,11,0
44.082984,11.514000,110.000,32.622000,4.272000,127.011219,3567,293,0,103,247,2138,11,0
44.087653,4.669000,109.000,33.841000,1.954000,127.012306,3567,293,0,103,247,2138,11,1
44.099494,11.841000,109.000,33.841000,1.954000,127.010284,3563,293,0,103,247,2138,11,1
44.103487,3.993000,109.000,33.841000,1.954000,127.012726,3566,293,0,101,211,2066,11,1
44.118912,15.425000,109.000,33.841000,1.954000,127.013153,3566,293,0,101,211,2066,11,1
44.134322,15.410000,109.000,33.841000,1.954000,127.007252,3567,292,0,101,211,2066,11,0
44.137688,3.366000,109.000,33.841000,1.954000,126.973091,3562,292,0,101,211,2066,11,0
44.150316,12.628000,109.000,33.841000,1.954000,126.973557,3562,292,0,101,211,2066,11,0
44.153315,2.999000,109.000,33.841000,1.954000,126.974037,3562,292,0,101,211,2066,11,0
44.167666,14.351000,109.000,33.841000,1.954000,126.974533,3562,292,0,101,211,2066,11,0
44.171228,3.562000,109.000,33.841000,1.954000,126.975014,3562,292,0,101,211,2066,11,0
44.184032,12.804000,109.000,33.841000,1.954000,126.977158,3565,292,0,101,211,2066,11,0
44.187275,3.243000,109.000,33.841000,1.954000,126.977432,3565,292,0,101,211,2066,11,0
44.200329,13.054000,109.000,33.841000,1.954000,126.972736,3556,292,0,101,211,2066,11,0
44.203307,2.978000,109.000,33.841000,1.954000,126.973217,3556,292,0,99,210,2064,11,0
44.217603,14.296000,109.000,33.841000,1.954000,126.977020,3562,292,0,97,208,2060,11,0
44.221045,3.442000,109.000,33.841000,1.954000,126.977501,3562,292,0,98,208,2060,11,0
44.234339,13.294000,109.000,33.841000,1.954000,126.965855,3555,288,0,97,207,2058,11,0
44.237699,3.360000,109.000,33.841000,1.954000,126.961987,3548,288,0,97,207,2058,11,0
44.250634,12.935000,109.000,33.841000,1.954000,126.962467,3548,288,0,95,205,2054,11,0
44.253805,3.171000,109.000,33.841000,1.954000,126.962948,3548,288,0,94,204,2052,11,0
44.269344,15.539000,109.000,33.841000,1.954000,126.963345,3548,288,0,94,204,2052,11,0
44.287040,17.696000,109.000,33.841000,1.954000,126.948246,3539,283,0,93,203,2050,11,0
44.290339,3.299000,109.000,33.841000,1.954000,126.942364,3529,283,0,93,203,2050,11,0
44.296785,6.446000,109.000,33.841000,1.954000,126.961426,3531,283,0,104,220,2084,11,0
44.309397,12.612000,109.000,33.841000,1.954000,126.961906,3531,283,0,96,212,2068,11,0
44.314289,4.892000,109.000,33.841000,1.954000,126.956856,3528,283,0,96,212,2068,11,0
44.318742,4.453000,109.000,33.841000,1.954000,126.957336,3528,283,0,96,212,2068,11,0
44.334462,15.720000,109.000,33.841000,1.954000,126.977314,3547,287,0,96,212,2068,11,0
44.337803,3.341000,109.000,33.841000,1.954000,126.978218,3547,287,0,98,214,2072,11,0
44.351289,13.486000,109.000,33.841000,1.954000,126.978664,3547,287,0,98,214,2072,11,0
44.370618,19.329000,109.000,33.841000,1.954000,127.163025,3667,335,0,98,214,2072,11,0
44.383462,12.844000,109.000,33.841000,1.954000,127.172249,3667,335,0,111,238,2120,11,0
44.388067,4.605000,109.000,33.841000,1.954000,127.172726,3667,335,0,111,238,2120,11,0
44.399623,11.556000,109.000,33.841000,1.954000,127.162807,3662,332,0,110,237,2118,11,0
44.403870,4.247000,109.000,33.841000,1.954000,127.159550,3656,332,0,110,237,2118,11,0
44.416947,13.077000,109.000,33.841000,1.954000,127.158344,3653,332,0,110,237,2118,11,0
44.421806,4.859000,109.000,33.841000,1.954000,127.174095,3663,336,0,110,237,2118,11,0
44.433808,12.002000,109.000,33.841000,1.954000,127.175262,3663,336,0,111,239,2122,11,0
44.441995,8.187000,109.000,33.841000,1.954000,127.175686,3663,336,0,110,233,2110,11,0
44.445842,3.847000,109.000,33.841000,1.954000,127.171757,3661,336,0,110,233,2110,11,0
44.458115,12.273000,109.000,33.841000,1.954000,127.168957,3655,336,0,110,233,2110,11,0
44.463303,5.188000,109.000,33.841000,1.954000,127.161125,3655,336,0,110,233,2110,11,0
44.469199,5.896000,109.000,33.841000,1.954000,127.161606,3655,336,0,110,233,2110,11,0
44.484894,15.695000,109.000,33.841000,1.954000,127.162140,3655,336,0,110,233,2110,11,0
44.488158,3.264000,109.000,33.841000,1.954000,127.162621,3655,336,0,109,233,2110,11,0
44.501249,13.091000,109.000,33.841000,1.954000,127.163116,3655,336,0,109,233,2110,11,0
44.504629,3.380000,109.000,33.841000,1.954000,127.163597,3655,336,0,111,233,2110,11,0
44.512213,7.584000,109.000,33.841000,1.954000,127.170052,3665,336,0,111,233,2110,11,0
44.524619,12.406000,109.000,33.841000,1.954000,127.170532,3665,336,0,110,233,2110,11,0
44.534301,9.682000,109.000,33.841000,1.954000,127.171013,3665,336,0,110,233,2110,11,0
44.539141,4.840000,109.000,33.841000,1.954000,127.171494,3665,336,0,111,233,2110,11,0
44.543854,4.713000,109.000,33.841000,1.954000,127.171974,3665,336,0,110,233,2110,11,0
44.559333,15.479000,109.000,33.841000,1.954000,127.172470,3665,336,0,110,233,2110,11,0
44.592711,33.378000,109.000,33.841000,1.954000,127.289124,3727,345,0,175,339,2322,11,0
44.599414,6.703000,109.000,33.841000,1.954000,127.283100,3724,345,0,165,327,2298,11,0
44.603081,3.667000,109.000,33.841000,1.954000,127.287319,3724,345,0,173,335,2314,11,0
44.615957,12.876000,109.000,33.841000,1.954000,127.276752,3704,345,0,173,335,2314,11,0
44.619965,4.008000,109.000,33.841000,1.954000,127.277233,3704,345,0,173,335,2314,11,0
44.634227,14.262000,109.000,33.841000,1.954000,127.279373,3707,345,0,165,327,2298,11,0
44.639436,5.209000,109.000,33.841000,1.954000,127.275963,3707,345,0,165,327,2298,11,0
44.645670,6.234000,109.000,33.841000,1.954000,127.276424,3707,345,0,165,327,2298,11,0
44.658652,12.982000,109.000,33.841000,1.954000,127.276859,3707,345,0,165,327,2298,11,0
44.664346,5.694000,109.000,33.841000,1.954000,127.277340,3707,345,0,165,327,2298,11,0
44.670275,5.929000,109.000,33.841000,1.954000,127.279488,3710,345,0,165,327,2298,11,0
44.683136,12.861000,109.000,33.841000,1.954000,127.279968,3710,345,0,165,327,2298,11,0
44.688453,5.317000,109.000,33.841000,1.954000,127.282101,3713,345,0,165,327,2298,11,0
44.693596,5.143000,109.000,33.841000,1.954000,127.282581,3713,345,0,165,327,2298,11,0
44.709108,15.512000,109.000,33.841000,1.954000,127.280560,3709,345,0,163,291,2226,11,0
44.713314,4.206000,109.000,33.841000,1.954000,127.281040,3709,345,0,163,291,2226,11,0
44.719776,6.462000,109.000,33.841000,1.954000,127.250084,3709,345,0,163,291,2226,11,0
44.732956,13.180000,109.000,33.841000,1.954000,127.246155,3707,345,0,163,291,2226,11,0
44.738873,5.917000,109.000,33.841000,1.954000,127.246655,3707,345,0,163,291,2226,11,0
44.744214,5.341000,109.000,33.841000,1.954000,127.247135,3707,345,0,163,291,2226,11,0
44.759222,15.008000,109.000,33.841000,1.954000,127.247631,3707,345,0,163,291,2226,11,0
44.763298,4.076000,109.000,33.841000,1.954000,127.248112,3707,345,0,163,291,2226,11,0
44.770228,6.930000,109.000,33.841000,1.954000,127.250237,3710,345,0,163,291,2226,11,0
44.784141,13.913000,109.000,33.841000,1.954000,127.250717,3710,345,0,163,291,2226,11,0
44.800516,16.375000,109.000,33.841000,1.954000,127.250973,3710,345,0,163,291,2226,11,0
44.804270,3.754000,109.000,33.841000,1.954000,127.247952,3704,345,0,162,290,2224,11,0
44.817650,13.380000,109.000,33.841000,1.954000,127.250034,3707,345,0,162,290,2224,11,0
44.821953,4.303000,109.000,33.841000,1.954000,127.250469,3707,345,0,160,288,2220,11,0
44.829815,7.862000,109.000,33.841000,1.954000,127.240513,3703,341,0,159,287,2218,11,0
44.835692,5.877000,109.000,33.841000,1.954000,127.236645,3696,341,0,159,287,2218,11,0
44.850392,14.700000,109.000,33.841000,1.954000,127.237110,3696,341,0,158,286,2216,11,0
44.853720,3.328000,109.000,33.841000,1.954000,127.237591,3696,341,0,157,285,2214,11,0
44.867916,14.196000,109.000,33.841000,1.954000,127.236286,3693,341,0,156,284,2212,11,0
44.873402,5.486000,109.000,33.841000,1.954000,127.221233,3684,336,0,155,283,2210,11,0
44.878219,4.817000,109.000,33.841000,1.954000,127.217026,3677,336,0,155,283,2210,11,0
44.891403,13.184000,109.000,33.841000,1.954000,127.217506,3677,336,0,155,283,2210,11,0
44.900880,9.477000,109.000,33.841000,1.954000,127.235577,3679,336,0,166,299,2242,11,0
44.904477,3.597000,109.000,33.841000,1.954000,127.234371,3676,336,0,166,299,2242,11,0
44.911945,7.468000,109.000,33.841000,1.954000,127.232159,3682,336,0,154,287,2218,11,0
44.924937,12.992000,109.000,33.841000,1.954000,127.232639,3682,336,0,154,287,2218,11,0
44.930121,5.184000,109.000,33.841000,1.954000,127.231461,3679,336,0,154,287,2218,11,0
44.935284,5.163000,109.000,33.841000,1.954000,127.231941,3679,336,0,154,287,2218,11,0
44.951894,16.610000,109.000,33.841000,1.954000,127.232422,3679,336,0,154,287,2218,11,0
44.967517,15.623000,109.000,33.841000,1.954000,127.232903,3679,336,0,154,287,2218,11,0
44.971609,4.092000,109.000,33.841000,1.954000,127.233383,3679,336,0,154,287,2218,11,0
44.979430,7.821000,109.000,33.841000,1.954000,127.235523,3682,336,0,154,287,2218,11,0
44.991031,11.601000,109.000,33.841000,1.954000,127.235958,3682,336,0,154,287,2218,11,0
45.001613,10.582000,109.000,33.841000,1.954000,127.236404,3682,336,0,154,287,2218,11,0
45.006281,4.668000,109.000,33.841000,1.954000,127.236885,3682,336,0,153,287,2218,11,0
45.012458,6.177000,109.000,33.841000,1.954000,127.235725,3679,336,0,153,287,2218,11,0
45.024740,12.282000,109.000,33.841000,1.954000,127.236206,3679,336,0,153,287,2218,11,0
45.035390,10.650000,109.000,33.841000,1.954000,127.236588,3679,336,0,153,287,2218,11,0
45.039231,3.841000,109.000,33.841000,1.954000,127.232613,3677,336,0,152,281,2206,11,0
45.043865,4.634000,109.000,33.841000,1.954000,127.233124,3677,336,0,150,279,2202,11,0
45.058494,14.629000,109.000,33.841000,1.954000,127.232632,3677,336,0,151,279,2202,11,0
45.063682,5.188000,109.000,33.841000,1.954000,127.224789,3677,336,0,151,279,2202,11,0
45.068729,5.047000,109.000,33.841000,1.954000,127.225269,3677,336,0,148,279,2202,11,0
45.084216,15.487000,109.000,33.841000,1.954000,127.227650,3680,336,0,148,279,2202,11,0
45.087804,3.588000,111.000,32.846000,2.496000,127.222515,3671,336,0,148,279,2202,11,0
45.100282,12.478000,111.000,32.846000,2.496000,127.223011,3671,336,0,148,279,2202,11,0
45.103671,3.389000,111.000,32.846000,2.496000,127.223492,3671,336,0,151,279,2202,11,0
45.119249,15.578000,111.000,32.846000,2.496000,127.222301,3668,336,0,151,279,2202,11,0
45.134362,15.113000,111.000,32.846000,2.496000,127.229393,3678,336,0,149,279,2202,11,1
45.138113,3.751000,111.000,32.846000,2.496000,127.229874,3678,336,0,149,279,2202,11,1
45.150760,12.647000,111.000,32.846000,2.496000,127.230953,3678,336,0,149,279,2202,11,2
45.154301,3.541000,111.000,32.846000,2.496000,127.228107,3672,336,0,151,279,2202,11,2
45.169436,15.135000,111.000,32.846000,2.496000,127.229206,3672,336,0,151,279,2202,11,2
45.184086,14.650000,111.000,32.846000,2.496000,127.229687,3672,336,0,149,279,2202,11,2
45.213270,29.184000,111.000,32.846000,2.496000,127.322029,3736,343,0,171,338,2320,11,1
45.219949,6.679000,111.000,32.846000,2.496000,127.291058,3726,343,0,121,278,2200,11,1
45.241728,21.779000,111.000,32.846000,2.496000,127.292500,3729,342,0,126,283,2210,11,0
45.244591,2.863000,111.000,32.846000,2.496000,127.273151,3694,342,0,127,283,2210,11,0
45.258218,13.627000,111.000,32.846000,2.496000,127.273632,3694,342,0,127,283,2210,11,0
45.261045,2.827000,111.000,32.846000,2.496000,127.274113,3694,342,0,127,283,2210,11,0
45.274787,13.742000,111.000,32.846000,2.496000,127.272953,3691,342,0,127,283,2210,11,0
45.282700,7.913000,111.000,32.846000,2.496000,127.273434,3691,342,0,127,283,2210,11,0
45.286020,3.320000,111.000,32.846000,2.496000,127.273834,3691,342,0,127,283,2210,11,0
45.299593,13.573000,111.000,32.846000,2.496000,127.274269,3691,342,0,127,283,2210,11,0
45.304531,4.938000,111.000,32.846000,2.496000,127.274750,3691,342,0,127,283,2210,11,0
45.310600,6.069000,111.000,32.846000,2.496000,127.272728,3687,342,0,127,283,2210,11,0
45.325524,14.924000,111.000,32.846000,2.496000,127.273129,3687,342,0,125,248,2140,11,0
45.332947,7.423000,111.000,32.846000,2.496000,127.276768,3692,342,0,125,248,2140,11,0
45.337969,5.022000,111.000,32.846000,2.496000,127.241070,3687,342,0,123,246,2136,11,0
45.349417,11.448000,111.000,32.846000,2.496000,127.241550,3687,342,0,123,246,2136,11,0
45.353520,4.103000,111.000,32.846000,2.496000,127.242031,3687,342,0,123,246,2136,11,0
45.366388,12.868000,111.000,32.846000,2.496000,127.242466,3687,342,0,123,246,2136,11,0
45.373121,6.733000,111.000,32.846000,2.496000,127.244614,3690,342,0,122,245,2134,11,0
45.378468,5.347000,111.000,32.846000,2.496000,127.245094,3690,342,0,124,245,2134,11,0
45.392155,13.687000,111.000,32.846000,2.496000,127.247250,3693,342,0,123,244,2132,11,0
45.399447,7.292000,111.000,32.846000,2.496000,127.246044,3693,342,0,125,244,2132,11,0
45.403545,4.098000,111.000,32.846000,2.496000,127.243004,3687,342,0,125,244,2132,11,0
45.419715,16.170000,111.000,32.846000,2.496000,127.243484,3687,342,0,122,243,2130,11,0
45.434477,14.762000,111.000,32.846000,2.496000,127.243950,3687,342,0,122,243,2130,11,0
45.440930,6.453000,111.000,32.846000,2.496000,127.244431,3687,342,0,121,241,2126,11,0
45.445288,4.358000,111.000,32.846000,2.496000,127.213444,3673,332,0,118,238,2120,11,0
45.458504,13.216000,111.000,32.846000,2.496000,127.202190,3654,332,0,118,238,2120,11,0
45.463853,5.349000,111.000,32.846000,2.496000,127.202671,3654,332,0,116,236,2116,11,0
45.468771,4.918000,111.000,32.846000,2.496000,127.203152,3654,332,0,115,236,2116,11,0
45.486259,17.488000,111.000,32.846000,2.496000,127.205223,3657,332,0,114,235,2114,11,0
45.502525,16.266000,111.000,32.846000,2.496000,127.190090,3648,327,0,115,234,2112,11,0
45.516449,13.924000,111.000,32.846000,2.496000,127.192356,3635,324,0,126,251,2146,11,0
45.522063,5.614000,111.000,32.846000,2.496000,127.205975,3642,328,0,115,240,2124,11,0
45.527213,5.150000,111.000,32.846000,2.496000,127.202278,3642,328,0,117,242,2128,11,0
45.541826,14.613000,111.000,32.846000,2.496000,127.202755,3642,328,0,117,242,2128,11,0
45.549535,7.709000,111.000,32.846000,2.496000,127.203236,3642,328,0,117,242,2128,11,0
45.553838,4.303000,111.000,32.846000,2.496000,127.203716,3642,328,0,117,242,2128,11,0
45.567203,13.365000,111.000,32.846000,2.496000,127.204197,3642,328,0,117,242,2128,11,0
45.571952,4.749000,111.000,32.846000,2.496000,127.204678,3642,328,0,117,242,2128,11,0
45.577055,5.103000,111.000,32.846000,2.496000,127.205158,3642,328,0,117,242,2128,11,0
45.592735,15.680000,111.000,32.846000,2.496000,127.207306,3645,328,0,117,242,2128,11,0
45.600694,7.959000,111.000,32.846000,2.496000,127.207787,3645,328,0,117,242,2128,11,0
45.605133,4.439000,111.000,32.846000,2.496000,127.208267,3645,328,0,117,242,2128,11,0
45.611959,6.826000,111.000,32.846000,2.496000,127.210438,3648,328,0,117,242,2128,11,0
45.624723,12.764000,111.000,32.846000,2.496000,127.210918,3648,328,0,117,242,2128,11,0
45.633869,9.146000,111.000,32.846000,2.496000,127.209740,3645,328,0,117,242,2128,11,0
45.637610,3.741000,111.000,32.846000,2.496000,127.210220,3645,328,0,117,242,2128,11,0
45.651146,13.536000,111.000,32.846000,2.496000,127.210655,3645,328,0,116,236,2116,11,0
45.654639,3.493000,111.000,32.846000,2.496000,127.211082,3645,328,0,116,236,2116,11,0
45.663109,8.470000,111.000,32.846000,2.496000,127.198830,3643,328,0,116,236,2116,11,0
45.669485,6.376000,111.000,32.846000,2.496000,127.199310,3643,328,0,116,236,2116,11,0
45.686440,16.955000,111.000,32.846000,2.496000,127.199787,3643,328,0,116,236,2116,11,0
45.689980,3.540000,111.000,32.846000,2.496000,127.200222,3643,328,0,116,236,2116,11,0
45.694625,4.645000,111.000,32.846000,2.496000,127.200657,3643,328,0,115,235,2114,11,0
45.708080,13.455000,111.000,32.846000,2.496000,127.197948,3638,328,0,114,235,2114,11,0
45.712952,4.872000,111.000,32.846000,2.496000,127.198402,3638,328,0,114,235,2114,11,0
45.726424,13.472000,111.000,32.846000,2.496000,127.198883,3638,328,0,115,235,2114,11,0
45.735189,8.765000,111.000,32.846000,2.496000,127.205349,3648,328,0,115,235,2114,11,0
45.738897,3.708000,111.000,32.846000,2.496000,127.205830,3648,328,0,115,235,2114,11,0
45.747464,8.567000,111.000,32.846000,2.496000,127.206436,3648,328,0,115,235,2114,11,0
45.753007,5.543000,111.000,32.846000,2.496000,127.206917,3648,328,0,114,235,2114,11,0
45.768742,15.735000,111.000,32.846000,2.496000,127.207378,3648,328,0,114,235,2114,11,0
45.786012,17.270000,111.000,32.846000,2.496000,127.207859,3648,328,0,115,235,2114,11,0
45.823083,37.071000,111.000,32.846000,2.496000,127.306053,3695,337,0,170,322,2288,11,0
45.828194,5.111000,111.000,32.846000,2.496000,127.299725,3695,337,0,156,306,2256,11,0
45.844132,15.938000,111.000,32.846000,2.496000,127.308834,3692,337,0,169,324,2292,11,0
45.849565,5.433000,111.000,32.846000,2.496000,127.289463,3656,337,0,157,312,2268,11,0
45.852403,2.838000,111.000,32.846000,2.496000,127.284107,3656,337,0,157,312,2268,11,0
45.866620,14.217000,111.000,32.846000,2.496000,127.284588,3656,337,0,157,312,2268,11,0
45.871728,5.108000,111.000,32.846000,2.496000,127.285023,3656,337,0,157,312,2268,11,0
45.877107,5.379000,111.000,32.846000,2.496000,127.273975,3652,333,0,157,312,2268,11,0
45.892798,15.691000,111.000,32.846000,2.496000,127.271275,3646,333,0,157,312,2268,11,0
45.899425,6.627000,111.000,32.846000,2.496000,127.271755,3646,333,0,157,312,2268,11,0
45.906074,6.649000,111.000,32.846000,2.496000,127.272236,3646,333,0,157,312,2268,11,0
45.911159,5.085000,111.000,32.846000,2.496000,127.272717,3646,333,0,157,312,2268,11,0
45.926087,14.928000,111.000,32.846000,2.496000,127.270695,3642,333,0,155,285,2214,11,0
45.931212,5.125000,111.000,32.846000,2.496000,127.271175,3642,333,0,155,285,2214,11,0
45.937232,6.020000,111.000,32.846000,2.496000,127.249142,3639,333,0,155,285,2214,11,0
45.949563,12.331000,111.000,32.846000,2.496000,127.249569,3639,333,0,155,285,2214,11,0
45.955367,5.804000,111.000,32.846000,2.496000,127.245674,3637,333,0,155,285,2214,11,0
45.960592,5.225000,111.000,32.846000,2.496000,127.246155,3637,333,0,156,285,2214,11,0
45.971769,11.177000,111.000,32.846000,2.496000,127.246635,3637,333,0,155,279,2202,11,0
45.977012,5.243000,111.000,32.846000,2.496000,127.245476,3634,333,0,155,279,2202,11,0
45.992431,15.419000,111.000,32.846000,2.496000,127.245956,3634,333,0,155,279,2202,11,0
45.999549,7.118000,111.000,32.846000,2.496000,127.237930,3634,333,0,155,279,2202,11,0
46.006209,6.660000,111.000,32.846000,2.496000,127.238350,3634,333,0,155,279,2202,11,0
46.012221,6.012000,111.000,32.846000,2.496000,127.235329,3628,333,0,152,278,2200,11,0
46.028437,16.216000,111.000,32.846000,2.496000,127.235840,3628,333,0,152,278,2200,11,0
46.032958,4.521000,111.000,32.846000,2.496000,127.236320,3628,333,0,152,276,2196,11,0
46.037954,4.996000,111.000,32.846000,2.496000,127.236771,3628,333,0,151,275,2194,11,0
46.049510,11.556000,111.000,32.846000,2.496000,127.226837,3624,329,0,149,275,2194,11,0
46.054314,4.804000,111.000,32.846000,2.496000,127.224567,3620,329,0,149,275,2194,11,0
46.066588,12.274000,111.000,32.846000,2.496000,127.225048,3620,329,0,149,273,2190,11,0
46.076389,9.801000,111.000,32.846000,2.496000,127.227100,3623,329,0,148,272,2188,11,0
46.081064,4.675000,111.000,32.846000,2.496000,127.212048,3614,324,0,146,271,2186,11,0
46.090321,9.257000,106.000,33.926000,3.513000,127.207760,3607,324,0,146,271,2186,11,0
46.093996,3.675000,106.000,33.926000,3.513000,127.208241,3607,324,0,145,271,2186,11,0
46.111307,17.311000,106.000,33.926000,3.513000,127.222485,3609,324,0,156,283,2210,11,0
46.115331,4.024000,106.000,33.926000,3.513000,127.222965,3609,324,0,144,271,2186,11,0
46.123322,7.991000,106.000,33.926000,3.513000,127.332806,3723,348,0,144,271,2186,11,0
46.129547,6.225000,106.000,33.926000,3.513000,127.336056,3723,348,0,156,283,2210,11,0
46.143454,13.907000,106.000,33.926000,3.513000,127.336506,3723,348,0,156,283,2210,11,0
46.151940,8.486000,106.000,33.926000,3.513000,127.336987,3723,348,0,156,283,2210,11,0
46.167517,15.577000,106.000,33.926000,3.513000,127.337421,3723,348,0,156,283,2210,11,0
46.171437,3.920000,106.000,33.926000,3.513000,127.337902,3723,348,0,156,283,2210,11,0
46.184347,12.910000,106.000,33.926000,3.513000,127.340050,3726,348,0,156,283,2210,11,0
46.188539,4.192000,106.000,33.926000,3.513000,127.340530,3726,348,0,157,283,2210,11,0
46.194729,6.190000,106.000,33.926000,3.513000,127.341011,3726,348,0,157,283,2210,11,0
46.202731,8.002000,106.000,33.926000,3.513000,127.341492,3726,348,0,157,283,2210,11,0
46.219509,16.778000,106.000,33.926000,3.513000,127.343620,3729,348,0,157,283,2210,11,0
46.234020,14.511000,106.000,33.926000,3.513000,127.344093,3729,348,0,157,283,2210,11,0
46.240152,6.132000,106.000,33.926000,3.513000,127.344475,3729,348,0,157,283,2210,11,0
46.246041,5.889000,106.000,33.926000,3.513000,127.340546,3727,348,0,157,283,2210,11,0
46.258389,12.348000,106.000,33.926000,3.513000,127.341026,3727,348,0,155,279,2202,11,0
46.264289,5.900000,106.000,33.926000,3.513000,127.341507,3727,348,0,155,279,2202,11,0
46.268654,4.365000,106.000,33.926000,3.513000,127.336372,3727,348,0,155,279,2202,11,0
46.284202,15.548000,106.000,33.926000,3.513000,127.338520,3730,348,0,155,279,2202,11,0
46.288775,4.573000,106.000,33.926000,3.513000,127.339001,3730,348,0,155,279,2202,11,0
46.298992,10.217000,106.000,33.926000,3.513000,127.338444,3727,348,0,155,279,2202,11,1
46.301646,2.654000,106.000,33.926000,3.513000,127.338924,3727,348,0,155,279,2202,11,1
46.318180,16.534000,106.000,33.926000,3.513000,127.341381,3730,348,0,155,279,2202,11,1
46.322552,4.372000,106.000,33.926000,3.513000,127.340176,3727,348,0,154,279,2202,11,1
46.331385,8.833000,106.000,33.926000,3.513000,127.341187,3733,347,0,154,279,2202,11,0
46.337225,5.840000,106.000,33.926000,3.513000,127.344414,3738,347,0,156,279,2202,11,0
46.352938,15.713000,106.000,33.926000,3.513000,127.344910,3738,347,0,156,279,2202,11,0
46.357946,5.008000,106.000,33.926000,3.513000,127.345390,3738,347,0,155,279,2202,11,0
46.362862,4.916000,106.000,33.926000,3.513000,127.345840,3738,347,0,155,279,2202,11,0
46.375677,12.815000,106.000,33.926000,3.513000,127.346321,3738,347,0,156,279,2202,11,0
46.384788,9.111000,106.000,33.926000,3.513000,127.346817,3738,347,0,156,279,2202,11,0
46.402426,17.638000,106.000,33.926000,3.513000,127.445541,3800,356,0,182,343,2330,11,0
46.416043,13.617000,106.000,33.926000,3.513000,127.446022,3800,356,0,182,343,2330,11,0
46.419578,3.535000,106.000,33.926000,3.513000,127.422489,3797,356,0,136,291,2226,11,0
46.432749,13.171000,106.000,33.926000,3.513000,127.428654,3797,356,0,148,303,2250,11,0
46.442754,10.005000,106.000,33.926000,3.513000,127.412563,3767,356,0,148,303,2250,11,0
46.446425,3.671000,106.000,33.926000,3.513000,127.411404,3764,356,0,148,303,2250,11,0
46.459906,13.481000,106.000,33.926000,3.513000,127.413555,3767,356,0,148,303,2250,11,0
46.463998,4.092000,106.000,33.926000,3.513000,127.408199,3767,356,0,136,291,2226,11,0
46.469048,5.050000,106.000,33.926000,3.513000,127.408680,3767,356,0,136,291,2226,11,0
46.483004,13.956000,106.000,33.926000,3.513000,127.409161,3767,356,0,136,291,2226,11,0
46.488415,5.411000,106.000,33.926000,3.513000,127.409641,3767,356,0,136,291,2226,11,0
46.500546,12.131000,106.000,33.926000,3.513000,127.410122,3767,356,0,135,290,2224,11,0
46.504131,3.585000,106.000,33.926000,3.513000,127.410603,3767,356,0,135,290,2224,11,0
46.517648,13.517000,106.000,33.926000,3.513000,127.409443,3764,356,0,135,290,2224,11,0
46.521673,4.025000,106.000,33.926000,3.513000,127.409924,3764,356,0,135,290,2224,11,0
46.529416,7.743000,106.000,33.926000,3.513000,127.410404,3764,356,0,135,290,2224,11,0
46.541053,11.637000,106.000,33.926000,3.513000,127.408329,3760,356,0,133,254,2152,11,0
46.550254,9.201000,106.000,33.926000,3.513000,127.401119,3752,356,0,133,254,2152,11,0
46.553639,3.385000,106.000,33.926000,3.513000,127.370216,3752,356,0,133,254,2152,11,0
46.569127,15.488000,106.000,33.926000,3.513000,127.370728,3752,356,0,133,254,2152,11,0
46.573356,4.229000,106.000,33.926000,3.513000,127.371208,3752,356,0,134,254,2152,11,0
46.578749,5.393000,106.000,33.926000,3.513000,127.371689,3752,356,0,134,254,2152,11,0
46.590919,12.170000,106.000,33.926000,3.513000,127.372169,3752,356,0,133,253,2150,11,0
46.599755,8.836000,106.000,33.926000,3.513000,127.362221,3747,353,0,133,253,2150,11,0
46.601686,1.931000,106.000,33.926000,3.513000,127.359009,3741,353,0,133,253,2150,11,0
46.616926,15.240000,106.000,33.926000,3.513000,127.385906,3769,357,0,133,253,2150,11,0
46.619674,2.748000,106.000,33.926000,3.513000,127.349880,3709,357,0,133,254,2152,11,0
46.633244,13.570000,106.000,33.926000,3.513000,127.350357,3709,357,0,133,254,2152,11,0
46.635379,2.135000,106.000,33.926000,3.513000,127.350838,3709,357,0,130,252,2148,11,0
46.649862,14.483000,106.000,33.926000,3.513000,127.351303,3709,357,0,130,252,2148,11,0
46.651932,2.070000,106.000,33.926000,3.513000,127.341370,3705,353,0,129,251,2146,11,0
46.666938,15.006000,106.000,33.926000,3.513000,127.337486,3698,353,0,129,251,2146,11,0
46.669705,2.767000,106.000,33.926000,3.513000,127.337967,3698,353,0,128,249,2142,11,0
46.684199,14.494000,106.000,33.926000,3.513000,127.336708,3695,353,0,127,248,2140,11,0
46.687673,3.474000,106.000,33.926000,3.513000,127.335320,3692,353,0,126,247,2138,11,0
46.701567,13.894000,106.000,33.926000,3.513000,127.322090,3686,348,0,126,247,2138,11,0
46.705066,3.499000,106.000,33.926000,3.513000,127.316254,3676,348,0,125,247,2138,11,0
46.713186,8.120000,106.000,33.926000,3.513000,127.328262,3678,348,0,134,256,2156,11,0
46.724703,11.517000,106.000,33.926000,3.513000,127.328743,3678,348,0,134,256,2156,11,0
46.734489,9.786000,106.000,33.926000,3.513000,127.325333,3678,348,0,126,248,2140,11,0
46.737933,3.444000,106.000,33.926000,3.513000,127.325813,3678,348,0,126,248,2140,11,0
46.752894,14.961000,106.000,33.926000,3.513000,127.326294,3678,348,0,126,248,2140,11,0
46.767513,14.619000,106.000,33.926000,3.513000,127.326790,3678,348,0,126,248,2140,11,0
46.771141,3.628000,106.000,33.926000,3.513000,127.327271,3678,348,0,126,248,2140,11,0
46.785352,14.211000,106.000,33.926000,3.513000,127.354980,3716,349,0,126,248,2140,11,0
46.789515,4.163000,106.000,33.926000,3.513000,127.344063,3698,349,0,127,249,2142,11,0
46.794516,5.001000,106.000,33.926000,3.513000,127.347847,3704,349,0,127,249,2142,11,0
46.809067,14.551000,106.000,33.926000,3.513000,127.348328,3704,349,0,127,249,2142,11,0
46.814095,5.028000,106.000,33.926000,3.513000,127.348774,3704,349,0,127,249,2142,11,0
46.818887,4.792000,106.000,33.926000,3.513000,127.349255,3704,349,0,127,249,2142,11,0
46.834148,15.261000,106.000,33.926000,3.513000,127.349735,3704,349,0,127,249,2142,11,0
46.838230,4.082000,106.000,33.926000,3.513000,127.350216,3704,349,0,127,249,2142,11,0
46.850675,12.445000,106.000,33.926000,3.513000,127.350597,3704,349,0,127,249,2142,11,0
46.854351,3.676000,106.000,33.926000,3.513000,127.346668,3702,349,0,126,246,2136,11,0
46.867490,13.139000,106.000,33.926000,3.513000,127.347149,3702,349,0,126,246,2136,11,0
46.871495,4.005000,106.000,33.926000,3.513000,127.347584,3702,349,0,126,246,2136,11,0
46.884262,12.767000,106.000,33.926000,3.513000,127.345581,3705,349,0,126,246,2136,11,0
46.887845,3.583000,106.000,33.926000,3.513000,127.346062,3705,349,0,126,246,2136,11,0
46.901789,13.944000,106.000,33.926000,3.513000,127.346508,3705,349,0,126,246,2136,11,0
46.905377,3.588000,106.000,33.926000,3.513000,127.346989,3705,349,0,126,246,2136,11,0
46.914013,8.636000,106.000,33.926000,3.513000,127.368607,3727,353,0,126,246,2136,11,0
46.919042,5.029000,106.000,33.926000,3.513000,127.369511,3727,353,0,128,248,2140,11,0
46.934345,15.303000,106.000,33.926000,3.513000,127.369953,3727,353,0,128,248,2140,11,0
46.941304,6.959000,106.000,33.926000,3.513000,127.370434,3727,353,0,128,248,2140,11,0
46.947208,5.904000,106.000,33.926000,3.513000,127.376919,3737,353,0,128,248,2140,11,0
46.951724,4.516000,106.000,33.926000,3.513000,127.377399,3737,353,0,117,242,2128,11,0
46.967483,15.759000,106.000,33.926000,3.513000,127.377865,3737,353,0,117,242,2128,11,0
46.971171,3.688000,106.000,33.926000,3.513000,127.378345,3737,353,0,117,242,2128,11,0
46.978893,7.722000,106.000,33.926000,3.513000,127.380501,3740,353,0,117,242,2128,11,0
46.991012,12.119000,106.000,33.926000,3.513000,127.380981,3740,353,0,117,242,2128,11,0
47.000716,9.704000,106.000,33.926000,3.513000,127.381458,3740,353,0,117,242,2128,11,0
47.036528,35.812000,106.000,33.926000,3.513000,127.496490,3805,362,0,174,340,2324,11,0
47.049609,13.081000,106.000,33.926000,3.513000,127.488216,3805,362,0,156,320,2284,11,0
47.052680,3.071000,106.000,33.926000,3.513000,127.483318,3799,362,0,152,316,2276,11,0
47.066523,13.843000,106.000,33.926000,3.513000,127.472706,3779,362,0,152,316,2276,11,0
47.071797,5.274000,106.000,33.926000,3.513000,127.473186,3779,362,0,152,316,2276,11,0
47.076977,5.180000,106.000,33.926000,3.513000,127.473667,3779,362,0,152,316,2276,11,0
47.091864,14.887000,106.000,33.926000,3.513000,127.474148,3779,362,0,152,316,2276,11,0
47.099377,7.513000,112.000,34.802000,3.662000,127.474628,3779,362,0,152,316,2276,11,0
47.104309,4.932000,112.000,34.802000,3.662000,127.473469,3776,362,0,152,316,2276,11,0
47.117362,13.053000,112.000,34.802000,3.662000,127.473949,3776,362,0,152,316,2276,11,0
47.122850,5.488000,112.000,34.802000,3.662000,127.474430,3776,362,0,152,316,2276,11,0
47.127479,4.629000,112.000,34.802000,3.662000,127.474865,3776,362,0,151,310,2264,11,0
47.141759,14.280000,112.000,34.802000,3.662000,127.455387,3745,362,0,151,310,2264,11,0
47.151214,9.455000,112.000,34.802000,3.662000,127.455921,3745,362,0,149,274,2192,11,0
47.167800,16.586000,112.000,34.802000,3.662000,127.456348,3745,362,0,149,274,2192,11,0
47.171665,3.865000,112.000,34.802000,3.662000,127.420967,3743,362,0,149,274,2192,11,0
47.178469,6.804000,112.000,34.802000,3.662000,127.421452,3743,362,0,149,274,2192,11,0
47.191089,12.620000,112.000,34.802000,3.662000,127.421932,3743,362,0,150,274,2192,11,0
47.200487,9.398000,112.000,34.802000,3.662000,127.422413,3743,362,0,150,274,2192,11,0
47.203964,3.477000,112.000,34.802000,3.662000,127.422894,3743,362,0,150,274,2192,11,0
47.217381,13.417000,112.000,34.802000,3.662000,127.442310,3740,362,0,150,274,2192,11,0
47.221759,4.378000,112.000,34.802000,3.662000,128.245068,3740,362,0,150,274,2192,11,0
47.228753,6.994000,112.000,34.802000,3.662000,128.242058,3734,362,0,150,274,2192,11,0
47.241112,12.359000,112.000,34.802000,3.662000,128.239258,3728,362,0,148,273,2190,11,0
47.250721,9.609000,112.000,34.802000,3.662000,128.239738,3728,362,0,148,273,2190,11,0
47.254372,3.651000,112.000,34.802000,3.662000,128.240219,3728,362,0,147,271,2186,11,0
47.267440,13.068000,112.000,34.802000,3.662000,128.240700,3728,362,0,147,271,2186,11,0
47.271665,4.225000,112.000,34.802000,3.662000,128.230721,3724,358,0,145,270,2184,11,0
47.278195,6.530000,112.000,34.802000,3.662000,128.226807,3717,358,0,145,270,2184,11,0
47.291261,13.066000,112.000,34.802000,3.662000,128.227287,3717,358,0,144,268,2180,11,0
47.300813,9.552000,112.000,34.802000,3.662000,128.227684,3717,358,0,143,267,2178,11,0
47.306124,5.311000,112.000,34.802000,3.662000,128.226295,3714,358,0,142,266,2176,11,0
47.314963,8.839000,112.000,34.802000,3.662000,128.213066,3708,353,0,142,266,2176,11,0
47.322349,7.386000,112.000,34.802000,3.662000,128.225807,3700,353,0,154,284,2212,11,0
47.328301,5.952000,112.000,34.802000,3.662000,128.226288,3700,353,0,154,284,2212,11,0
47.342142,13.841000,112.000,34.802000,3.662000,128.223850,3700,353,0,148,278,2200,11,0
47.351061,8.919000,112.000,34.802000,3.662000,128.224331,3700,353,0,148,278,2200,11,0
47.355171,4.110000,112.000,34.802000,3.662000,128.224812,3700,353,0,148,278,2200,11,0
47.361653,6.482000,112.000,34.802000,3.662000,128.225292,3700,353,0,148,278,2200,11,0
47.374897,13.244000,112.000,34.802000,3.662000,128.222492,3694,353,0,148,278,2200,11,0
47.384464,9.567000,112.000,34.802000,3.662000,128.095734,3644,313,0,148,278,2200,11,0
47.388221,3.757000,112.000,34.802000,3.662000,128.064049,3594,313,0,138,258,2160,11,0
47.403572,15.351000,112.000,34.802000,3.662000,128.065136,3594,313,0,138,258,2160,11,1
47.407977,4.405000,112.000,34.802000,3.662000,128.065617,3594,313,0,138,258,2160,11,1
47.413362,5.385000,112.000,34.802000,3.662000,128.066391,3594,313,0,138,258,2160,11,1
47.424749,11.387000,112.000,34.802000,3.662000,128.066872,3594,313,0,138,258,2160,11,1
47.434582,9.833000,112.000,34.802000,3.662000,128.066494,3600,312,0,138,258,2160,11,0
47.438302,3.720000,112.000,34.802000,3.662000,128.063717,3595,312,0,138,258,2160,11,0
47.450462,12.160000,112.000,34.802000,3.662000,128.064198,3595,312,0,138,258,2160,11,0
47.454214,3.752000,112.000,34.802000,3.662000,128.064678,3595,312,0,138,258,2160,11,0
47.468079,13.865000,112.000,34.802000,3.662000,128.065105,3595,312,0,137,252,2148,11,0
47.472138,4.059000,112.000,34.802000,3.662000,128.061176,3593,312,0,137,252,2148,11,0
47.477998,5.860000,112.000,34.802000,3.662000,128.063324,3596,312,0,137,252,2148,11,0
47.491165,13.167000,112.000,34.802000,3.662000,128.055481,3596,312,0,138,252,2148,11,0
47.500912,9.747000,112.000,34.802000,3.662000,128.059513,3602,312,0,138,252,2148,11,0
47.504326,3.414000,112.000,34.802000,3.662000,128.054379,3593,312,0,136,252,2148,11,0
47.517557,13.231000,112.000,34.802000,3.662000,128.054867,3593,312,0,136,252,2148,11,0
47.521400,3.843000,112.000,34.802000,3.662000,128.055347,3593,312,0,137,252,2148,11,0
47.533968,12.568000,112.000,34.802000,3.662000,128.055733,3593,312,0,137,252,2148,11,0
47.537422,3.454000,112.000,34.802000,3.662000,128.056213,3593,312,0,136,252,2148,11,0
47.550537,13.115000,112.000,34.802000,3.662000,128.056709,3593,312,0,136,252,2148,11,0
47.554198,3.661000,112.000,34.802000,3.662000,128.063194,3603,312,0,137,252,2148,11,0
47.567695,13.497000,112.000,34.802000,3.662000,128.063675,3603,312,0,137,252,2148,11,0
47.571330,3.635000,112.000,34.802000,3.662000,128.064156,3603,312,0,136,252,2148,11,0
47.584403,13.073000,112.000,34.802000,3.662000,128.066250,3606,312,0,136,252,2148,11,0
47.587774,3.371000,112.000,34.802000,3.662000,128.066730,3606,312,0,137,252,2148,11,0
47.600755,12.981000,112.000,34.802000,3.662000,128.067192,3606,312,0,136,251,2146,11,0
47.603955,3.200000,112.000,34.802000,3.662000,128.067673,3606,312,0,137,251,2146,11,0
47.638262,34.307000,112.000,34.802000,3.662000,128.167088,3671,321,0,163,313,2270,11,0
47.649854,11.592000,112.000,34.802000,3.662000,128.144222,3671,321,0,115,259,2162,11,0
47.653221,3.367000,112.000,34.802000,3.662000,128.147469,3671,321,0,121,265,2174,11,0
47.665965,12.744000,112.000,34.802000,3.662000,128.139664,3656,321,0,121,265,2174,11,0
47.668748,2.783000,112.000,34.802000,3.662000,128.140144,3656,321,0,121,265,2174,11,0
47.683242,14.494000,112.000,34.802000,3.662000,128.138382,3659,321,0,113,257,2158,11,0
47.685685,2.443000,112.000,34.802000,3.662000,128.142075,3664,321,0,113,257,2158,11,0
47.699676,13.991000,112.000,34.802000,3.662000,128.130211,3656,318,0,112,256,2156,11,0
47.702642,2.966000,112.000,34.802000,3.662000,128.146919,3666,322,0,112,256,2156,11,0
47.716060,13.418000,112.000,34.802000,3.662000,128.146446,3663,322,0,114,258,2160,11,0
47.719353,3.293000,112.000,34.802000,3.662000,128.145237,3660,322,0,114,258,2160,11,0
47.732629,13.276000,112.000,34.802000,3.662000,128.145718,3660,322,0,114,258,2160,11,0
47.735575,2.946000,112.000,34.802000,3.662000,128.143696,3656,322,0,114,258,2160,11,0
47.749292,13.717000,112.000,34.802000,3.662000,128.144176,3656,322,0,112,222,2088,11,0
47.751936,2.644000,112.000,34.802000,3.662000,128.151951,3662,324,0,112,222,2088,11,0
47.766096,14.160000,112.000,34.802000,3.662000,128.152847,3662,324,0,113,223,2090,11,0
47.769667,3.571000,112.000,34.802000,3.662000,128.117504,3660,324,0,113,223,2090,11,0
47.783004,13.337000,112.000,34.802000,3.662000,128.117985,3660,324,0,113,223,2090,11,0
47.787787,4.783000,112.000,34.802000,3.662000,128.118465,3660,324,0,113,223,2090,11,0
47.799637,11.850000,112.000,34.802000,3.662000,128.118946,3660,324,0,113,223,2090,11,0
47.804501,4.864000,112.000,34.802000,3.662000,128.117779,3657,324,0,113,223,2090,11,0
47.818510,14.009000,112.000,34.802000,3.662000,128.118259,3657,324,0,112,223,2090,11,0
47.834618,16.108000,112.000,34.802000,3.662000,128.118488,3657,324,0,112,223,2090,11,0
47.838284,3.666000,112.000,34.802000,3.662000,128.115467,3651,324,0,113,223,2090,11,0
47.852971,14.687000,112.000,34.802000,3.662000,128.115982,3651,324,0,112,222,2088,11,0
47.867393,14.422000,112.000,34.802000,3.662000,128.116444,3651,324,0,111,222,2088,11,0
47.870927,3.534000,112.000,34.802000,3.662000,128.116924,3651,324,0,110,220,2084,11,0
47.884062,13.135000,112.000,34.802000,3.662000,128.108604,3650,320,0,108,218,2080,11,0
47.887502,3.440000,112.000,34.802000,3.662000,128.104736,3643,320,0,107,218,2080,11,0
47.900854,13.352000,112.000,34.802000,3.662000,128.105198,3643,320,0,106,216,2076,11,0
47.906342,5.488000,112.000,34.802000,3.662000,128.105679,3643,320,0,106,216,2076,11,0
47.911581,5.239000,112.000,34.802000,3.662000,128.104435,3640,320,0,105,215,2074,11,0
47.925043,13.462000,112.000,34.802000,3.662000,128.089382,3631,315,0,104,214,2072,11,0
47.929686,4.643000,112.000,34.802000,3.662000,128.083500,3621,315,0,104,214,2072,11,0
47.935605,5.919000,112.000,34.802000,3.662000,128.102558,3623,315,0,116,232,2108,11,0
47.953347,17.742000,112.000,34.802000,3.662000,128.093922,3617,315,0,104,220,2084,11,0
47.967567,14.220000,112.000,34.802000,3.662000,128.094387,3617,315,0,104,220,2084,11,0
47.971000,3.433000,112.000,34.802000,3.662000,128.094868,3617,315,0,103,220,2084,11,0
47.983995,12.995000,112.000,34.802000,3.662000,128.095284,3617,315,0,103,220,2084,11,0
47.987559,3.564000,112.000,34.802000,3.662000,128.095764,3617,315,0,104,220,2084,11,0
48.002710,15.151000,112.000,34.802000,3.662000,128.096230,3617,315,0,104,220,2084,11,0
48.016391,13.681000,112.000,34.802000,3.662000,128.096664,3617,315,0,103,220,2084,11,0
48.020813,4.422000,112.000,34.802000,3.662000,128.097145,3617,315,0,103,220,2084,11,0
48.033361,12.548000,112.000,34.802000,3.662000,128.097626,3617,315,0,103,220,2084,11,0
48.038740,5.379000,112.000,34.802000,3.662000,128.098106,3617,315,0,103,220,2084,11,0
48.043419,4.679000,112.000,34.802000,3.662000,128.098541,3617,315,0,103,220,2084,11,0
48.060083,16.664000,112.000,34.802000,3.662000,128.099022,3617,315,0,102,219,2082,11,0
48.064606,4.523000,112.000,34.802000,3.662000,128.096313,3612,315,0,103,219,2082,11,0
48.068670,4.064000,112.000,34.802000,3.662000,128.096794,3612,315,0,102,219,2082,11,0
48.084220,15.550000,112.000,34.802000,3.662000,128.095535,3609,315,0,102,219,2082,11,0
48.093402,9.182000,111.000,33.806000,3.739000,128.091560,3607,315,0,101,213,2070,11,0
48.108841,15.439000,111.000,33.806000,3.739000,128.092041,3607,315,0,101,213,2070,11,0
48.112368,3.527000,111.000,33.806000,3.739000,128.084198,3607,315,0,102,213,2070,11,0
48.125758,13.390000,111.000,33.806000,3.739000,128.083099,3604,315,0,102,213,2070,11,0
48.134478,8.720000,111.000,33.806000,3.739000,128.083580,3604,315,0,103,213,2070,11,0
48.138651,4.173000,111.000,33.806000,3.739000,128.084045,3604,315,0,103,213,2070,11,0
48.149420,10.769000,111.000,33.806000,3.739000,128.084526,3604,315,0,102,213,2070,11,0
48.153260,3.840000,111.000,33.806000,3.739000,128.084961,3604,315,0,102,213,2070,11,0
48.167902,14.642000,111.000,33.806000,3.739000,128.085396,3604,315,0,102,213,2070,11,0
48.171459,3.557000,111.000,33.806000,3.739000,128.091881,3614,315,0,103,213,2070,11,0
48.184683,13.224000,111.000,33.806000,3.739000,128.094006,3617,315,0,103,213,2070,11,0
48.187954,3.271000,111.000,33.806000,3.739000,128.094486,3617,315,0,103,213,2070,11,0
48.200534,12.580000,111.000,33.806000,3.739000,128.096607,3620,315,0,103,213,2070,11,0
48.203381,2.847000,111.000,33.806000,3.739000,128.097088,3620,315,0,101,213,2070,11,0
48.217751,14.370000,111.000,33.806000,3.739000,128.097565,3620,315,0,101,213,2070,11,0
48.242688,24.937000,111.000,33.806000,3.739000,128.198673,3670,324,0,162,304,2252,11,0
48.249379,6.691000,111.000,33.806000,3.739000,128.122612,3645,299,0,145,285,2214,11,0
48.254751,5.372000,111.000,33.806000,3.739000,128.111824,3605,299,0,158,303,2250,11,0
48.266778,12.027000,111.000,33.806000,3.739000,128.095734,3575,299,0,158,303,2250,11,0
48.271968,5.190000,111.000,33.806000,3.739000,128.096214,3575,299,0,152,297,2238,11,0
48.278135,6.167000,111.000,33.806000,3.739000,128.093777,3575,299,0,152,297,2238,11,0
48.292046,13.911000,111.000,33.806000,3.739000,128.095924,3578,299,0,152,297,2238,11,0
48.300316,8.270000,111.000,33.806000,3.739000,128.096405,3578,299,0,152,297,2238,11,0
48.304272,3.956000,111.000,33.806000,3.739000,128.096886,3578,299,0,152,297,2238,11,0
48.311499,7.227000,111.000,33.806000,3.739000,128.099018,3581,299,0,152,297,2238,11,0
48.324701,13.202000,111.000,33.806000,3.739000,128.099499,3581,299,0,152,297,2238,11,0
48.334587,9.886000,111.000,33.806000,3.739000,128.099979,3581,299,0,152,297,2238,11,0
48.339793,5.206000,111.000,33.806000,3.739000,128.100460,3581,299,0,152,297,2238,11,0
48.346263,6.470000,111.000,33.806000,3.739000,128.100941,3581,299,0,152,297,2238,11,0
48.358558,12.295000,111.000,33.806000,3.739000,128.098919,3577,299,0,152,297,2238,11,0
48.363868,5.310000,111.000,33.806000,3.739000,128.099400,3577,299,0,150,270,2184,11,0
48.371823,7.955000,111.000,33.806000,3.739000,128.284103,3700,347,0,150,270,2184,11,0
48.376825,5.002000,111.000,33.806000,3.739000,128.272400,3700,347,0,162,294,2232,11,0
48.392276,15.451000,111.000,33.806000,3.739000,128.268482,3698,347,0,161,288,2220,11,0
48.399577,7.301000,111.000,33.806000,3.739000,128.268963,3698,347,0,161,288,2220,11,0
48.405175,5.598000,111.000,33.806000,3.739000,128.262604,3701,347,0,161,288,2220,11,0
48.410428,5.253000,111.000,33.806000,3.739000,128.263084,3701,347,0,160,288,2220,11,0
48.427547,17.119000,111.000,33.806000,3.739000,128.261898,3698,347,0,160,288,2220,11,0
48.435325,7.778000,111.000,33.806000,3.739000,128.262379,3698,347,0,160,288,2220,11,0
48.449865,14.540000,111.000,33.806000,3.739000,128.262753,3698,347,0,160,288,2220,11,0
48.452454,2.589000,111.000,33.806000,3.739000,128.258106,3689,347,0,158,287,2218,11,0
48.465788,13.334000,111.000,33.806000,3.739000,128.258587,3689,347,0,159,287,2218,11,0
48.468720,2.932000,111.000,33.806000,3.739000,128.259068,3689,347,0,157,285,2214,11,0
48.482428,13.708000,111.000,33.806000,3.739000,128.249088,3685,343,0,156,284,2212,11,0
48.484556,2.128000,111.000,33.806000,3.739000,128.245174,3678,343,0,155,283,2210,11,0
48.499766,15.210000,111.000,33.806000,3.739000,128.240868,3676,341,0,154,282,2208,11,1
48.501764,1.998000,111.000,33.806000,3.739000,128.238968,3672,341,0,155,281,2206,11,1
48.516653,14.889000,111.000,33.806000,3.739000,128.238049,3669,341,0,154,280,2204,11,1
48.518512,1.859000,111.000,33.806000,3.739000,128.222996,3660,336,0,153,279,2202,11,1
48.533193,14.681000,111.000,33.806000,3.739000,128.217758,3656,335,0,153,279,2202,11,0
48.536376,3.183000,111.000,33.806000,3.739000,128.230946,3650,335,0,163,295,2234,11,0
48.549635,13.259000,111.000,33.806000,3.739000,128.233097,3653,335,0,163,295,2234,11,0
48.551476,1.841000,111.000,33.806000,3.739000,128.233578,3653,335,0,151,283,2210,11,0
48.566559,15.083000,111.000,33.806000,3.739000,128.228222,3653,335,0,151,283,2210,11,0
48.568692,2.133000,111.000,33.806000,3.739000,128.228703,3653,335,0,151,283,2210,11,0
48.582921,14.229000,111.000,33.806000,3.739000,128.229183,3653,335,0,151,283,2210,11,0
48.584927,2.006000,111.000,33.806000,3.739000,128.229664,3653,335,0,151,283,2210,11,0
48.599680,14.753000,111.000,33.806000,3.739000,128.230145,3653,335,0,151,283,2210,11,0
48.601557,1.877000,111.000,33.806000,3.739000,128.228939,3650,335,0,151,283,2210,11,0
48.616662,15.105000,111.000,33.806000,3.739000,128.229420,3650,335,0,151,283,2210,11,0
48.619020,2.358000,111.000,33.806000,3.739000,128.229900,3650,335,0,152,283,2210,11,0
48.633223,14.203000,111.000,33.806000,3.739000,128.230335,3650,335,0,152,283,2210,11,0
48.635796,2.573000,111.000,33.806000,3.739000,128.230816,3650,335,0,152,283,2210,11,0
48.650598,14.802000,111.000,33.806000,3.739000,128.228016,3644,335,0,152,283,2210,11,0
48.653906,3.308000,111.000,33.806000,3.739000,128.228497,3644,335,0,152,283,2210,11,0
48.667326,13.420000,111.000,33.806000,3.739000,128.228977,3644,335,0,152,283,2210,11,0
48.671174,3.848000,111.000,33.806000,3.739000,128.229458,3644,335,0,152,283,2210,11,0
48.683690,12.516000,111.000,33.806000,3.739000,128.229885,3644,335,0,152,283,2210,11,0
48.687380,3.690000,111.000,33.806000,3.739000,128.225910,3642,335,0,151,277,2198,11,0
48.700604,13.224000,111.000,33.806000,3.739000,128.226345,3642,335,0,150,276,2196,11,0
48.703994,3.390000,111.000,33.806000,3.739000,128.218502,3642,335,0,150,276,2196,11,0
48.717553,13.559000,111.000,33.806000,3.739000,128.218998,3642,335,0,150,276,2196,11,0
48.721304,3.751000,111.000,33.806000,3.739000,128.219479,3642,335,0,151,276,2196,11,0
48.734192,12.888000,111.000,33.806000,3.739000,128.219959,3642,335,0,151,276,2196,11,0
48.738004,3.812000,111.000,33.806000,3.739000,128.220440,3642,335,0,150,276,2196,11,0
48.743027,5.023000,111.000,33.806000,3.739000,128.220921,3642,335,0,150,276,2196,11,0
48.758722,15.695000,111.000,33.806000,3.739000,128.221401,3642,335,0,150,276,2196,11,0
48.762117,3.395000,111.000,33.806000,3.739000,128.221882,3642,335,0,151,276,2196,11,0
48.775687,13.570000,111.000,33.806000,3.739000,128.222363,3642,335,0,151,276,2196,11,0
48.783600,7.913000,111.000,33.806000,3.739000,128.228848,3652,335,0,151,276,2196,11,0
48.788394,4.794000,111.000,33.806000,3.739000,128.227608,3649,335,0,151,276,2196,11,0
48.799517,11.123000,111.000,33.806000,3.739000,128.228088,3649,335,0,149,275,2194,11,0
48.803939,4.422000,111.000,33.806000,3.739000,128.218124,3644,332,0,149,275,2194,11,0
48.816823,12.884000,111.000,33.806000,3.739000,128.214912,3638,332,0,150,275,2194,11,0
48.822262,5.439000,111.000,33.806000,3.739000,128.230560,3648,336,0,150,275,2194,11,0
48.827125,4.863000,111.000,33.806000,3.739000,128.231728,3648,336,0,151,277,2198,11,0
48.850357,23.232000,111.000,33.806000,3.739000,128.312706,3695,345,0,172,326,2296,11,0
48.853185,2.828000,111.000,33.806000,3.739000,128.288731,3695,345,0,122,270,2184,11,0
48.866400,13.215000,111.000,33.806000,3.739000,128.289211,3695,345,0,122,270,2184,11,0
48.872871,6.471000,111.000,33.806000,3.739000,128.299740,3695,345,0,135,288,2220,11,0
48.877302,4.431000,111.000,33.806000,3.739000,128.277813,3665,345,0,123,276,2196,11,0
48.892226,14.924000,111.000,33.806000,3.739000,128.279961,3668,345,0,123,276,2196,11,0
48.899543,7.317000,111.000,33.806000,3.739000,128.280441,3668,345,0,123,276,2196,11,0
48.904744,5.201000,111.000,33.806000,3.739000,128.282593,3671,345,0,123,276,2196,11,0
48.910430,5.686000,111.000,33.806000,3.739000,128.283073,3671,345,0,124,276,2196,11,0
48.925996,15.566000,111.000,33.806000,3.739000,128.283508,3671,345,0,124,276,2196,11,0
48.932864,6.868000,111.000,33.806000,3.739000,128.283989,3671,345,0,124,276,2196,11,0
48.937723,4.859000,111.000,33.806000,3.739000,128.284470,3671,345,0,124,276,2196,11,0
48.950843,13.120000,111.000,33.806000,3.739000,128.284950,3671,345,0,124,276,2196,11,0
48.954504,3.661000,111.000,33.806000,3.739000,128.285431,3671,345,0,124,276,2196,11,0
48.967381,12.877000,111.000,33.806000,3.739000,128.287571,3674,345,0,124,276,2196,11,0
48.971150,3.769000,111.000,33.806000,3.739000,128.285549,3670,345,0,124,276,2196,11,0
48.984386,13.236000,111.000,33.806000,3.739000,128.287579,3673,345,0,122,249,2142,11,0
48.988116,3.730000,111.000,33.806000,3.739000,128.283649,3671,345,0,122,249,2142,11,0
49.000157,12.041000,111.000,33.806000,3.739000,128.263252,3671,345,0,122,249,2142,11,0
49.003309,3.152000,111.000,33.806000,3.739000,128.263733,3671,345,0,120,243,2130,11,0
49.017293,13.984000,111.000,33.806000,3.739000,128.265865,3674,345,0,120,243,2130,11,0
49.020974,3.681000,111.000,33.806000,3.739000,128.266346,3674,345,0,120,243,2130,11,0
49.035357,14.383000,111.000,33.806000,3.739000,128.258293,3674,345,0,120,243,2130,11,0
49.038598,3.241000,111.000,33.806000,3.739000,128.258774,3674,345,0,119,243,2130,11,0
49.044027,5.429000,111.000,33.806000,3.739000,128.259163,3674,345,0,119,243,2130,11,0
49.057853,13.826000,111.000,33.806000,3.739000,128.256142,3668,345,0,120,243,2130,11,0
49.062833,4.980000,111.000,33.806000,3.739000,128.256607,3668,345,0,119,242,2128,11,0
49.075575,12.742000,111.000,33.806000,3.739000,128.257088,3668,345,0,118,242,2128,11,0
49.084142,8.567000,111.000,33.806000,3.739000,128.259232,3671,345,0,116,240,2124,11,0
49.087543,3.401000,115.000,24.097000,2.253000,128.259712,3671,345,0,116,240,2124,11,0
49.100463,12.920000,115.000,24.097000,2.253000,128.249725,3667,341,0,115,239,2122,11,0
49.103418,2.955000,115.000,24.097000,2.253000,128.245857,3660,341,0,116,239,2122,11,0
49.117524,14.106000,115.000,24.097000,2.253000,128.248005,3663,341,0,114,237,2118,11,0
49.121696,4.172000,115.000,24.097000,2.253000,128.248486,3663,341,0,113,236,2116,11,0
49.133891,12.195000,115.000,24.097000,2.253000,128.247215,3660,341,0,113,236,2116,11,0
49.137285,3.394000,115.000,24.097000,2.253000,128.220516,3647,332,0,112,235,2114,11,0
49.143746,6.461000,115.000,24.097000,2.253000,128.223000,3633,332,0,120,244,2132,11,0
49.158015,14.269000,115.000,24.097000,2.253000,128.223480,3633,332,0,120,244,2132,11,0
49.163361,5.346000,115.000,24.097000,2.253000,128.220272,3633,332,0,110,234,2112,11,2
49.174710,11.349000,115.000,24.097000,2.253000,128.220753,3633,332,0,110,234,2112,11,2
49.184713,10.003000,115.000,24.097000,2.253000,128.221821,3633,332,0,110,234,2112,11,2
49.187839,3.126000,115.000,24.097000,2.253000,128.220661,3630,332,0,110,234,2112,11,2
49.200601,12.762000,115.000,24.097000,2.253000,128.222767,3642,330,0,110,234,2112,11,0
49.203709,3.108000,115.000,24.097000,2.253000,128.216778,3632,330,0,112,234,2112,11,0
49.217693,13.984000,115.000,24.097000,2.253000,128.215618,3629,330,0,112,234,2112,11,0
49.221444,3.751000,115.000,24.097000,2.253000,128.216099,3629,330,0,112,234,2112,11,0
49.234729,13.285000,115.000,24.097000,2.253000,128.216595,3629,330,0,112,234,2112,11,0
49.238315,3.586000,115.000,24.097000,2.253000,128.217075,3629,330,0,112,234,2112,11,0
49.250557,12.242000,115.000,24.097000,2.253000,128.217548,3629,330,0,112,234,2112,11,0
49.281142,30.585000,115.000,24.097000,2.253000,128.217968,3629,330,0,112,234,2112,11,0
49.284931,3.789000,115.000,24.097000,2.253000,128.214039,3627,330,0,112,234,2112,11,0
49.300274,15.343000,115.000,24.097000,2.253000,128.214535,3627,330,0,112,234,2112,11,0
49.304202,3.928000,115.000,24.097000,2.253000,128.215000,3627,330,0,111,231,2106,11,0
49.316306,12.104000,115.000,24.097000,2.253000,128.215481,3627,330,0,111,231,2106,11,0
49.321408,5.102000,115.000,24.097000,2.253000,128.211826,3627,330,0,111,231,2106,11,0
49.334654,13.246000,115.000,24.097000,2.253000,128.212284,3627,330,0,111,231,2106,11,0
49.337931,3.277000,115.000,24.097000,2.253000,128.212765,3627,330,0,110,231,2106,11,0
49.345018,7.087000,115.000,24.097000,2.253000,128.209980,3621,330,0,110,231,2106,11,0
49.358306,13.288000,115.000,24.097000,2.253000,128.210461,3621,330,0,109,229,2102,11,0
49.363035,4.729000,115.000,24.097000,2.253000,128.210941,3621,330,0,109,229,2102,11,0
49.375702,12.667000,115.000,24.097000,2.253000,128.211422,3621,330,0,108,229,2102,11,0
49.382842,7.140000,115.000,24.097000,2.253000,128.217907,3631,330,0,108,229,2102,11,0
49.388110,5.268000,115.000,24.097000,2.253000,128.218388,3631,330,0,108,229,2102,11,0
49.400679,12.569000,115.000,24.097000,2.253000,128.218838,3631,330,0,109,229,2102,11,0
49.403838,3.159000,115.000,24.097000,2.253000,128.219318,3631,330,0,108,229,2102,11,0
49.417403,13.565000,115.000,24.097000,2.253000,128.219784,3631,330,0,108,229,2102,11,0
49.420842,3.439000,115.000,24.097000,2.253000,128.220264,3631,330,0,108,229,2102,11,0
49.457358,36.516000,115.000,24.097000,2.253000,128.336575,3693,339,0,171,333,2310,11,0
49.460906,3.548000,115.000,24.097000,2.253000,128.309811,3683,333,0,157,317,2278,11,0
49.474640,13.734000,115.000,24.097000,2.253000,128.308590,3671,333,0,169,329,2302,11,0
49.483875,9.235000,115.000,24.097000,2.253000,128.290813,3638,333,0,169,329,2302,11,0
49.489272,5.397000,115.000,24.097000,2.253000,128.285458,3638,333,0,157,317,2278,11,0
49.493126,3.854000,115.000,24.097000,2.253000,128.285938,3638,333,0,157,317,2278,11,0
49.509070,15.944000,115.000,24.097000,2.253000,128.286419,3638,333,0,157,317,2278,11,0
49.516370,7.300000,115.000,24.097000,2.253000,128.286854,3638,333,0,157,317,2278,11,0
49.521750,5.380000,115.000,24.097000,2.253000,128.287289,3638,333,0,157,317,2278,11,0
49.527037,5.287000,115.000,24.097000,2.253000,128.287724,3638,333,0,157,317,2278,11,0
49.542517,15.480000,115.000,24.097000,2.253000,128.286564,3635,333,0,157,317,2278,11,0
49.550317,7.800000,115.000,24.097000,2.253000,128.287045,3635,333,0,157,317,2278,11,0
49.554315,3.998000,115.000,24.097000,2.253000,128.287525,3635,333,0,157,317,2278,11,0
49.560322,6.007000,115.000,24.097000,2.253000,128.288006,3635,333,0,157,317,2278,11,0
49.575724,15.402000,115.000,24.097000,2.253000,128.287651,3634,333,0,155,281,2206,11,0
49.582655,6.931000,115.000,24.097000,2.253000,128.288078,3634,333,0,156,281,2206,11,0
49.587737,5.082000,115.000,24.097000,2.253000,128.286427,3635,333,0,156,281,2206,11,1
49.599683,11.946000,115.000,24.097000,2.253000,128.255524,3635,333,0,157,281,2206,11,1
49.605305,5.622000,115.000,24.097000,2.253000,128.256310,3635,333,0,157,281,2206,11,1
49.610368,5.063000,115.000,24.097000,2.253000,128.256790,3635,333,0,157,281,2206,11,1
49.626506,16.138000,115.000,24.097000,2.253000,128.258362,3641,332,0,157,281,2206,11,0
49.632805,6.299000,115.000,24.097000,2.253000,128.255585,3636,332,0,158,281,2206,11,0
49.640073,7.268000,115.000,24.097000,2.253000,128.256111,3636,332,0,158,281,2206,11,0
49.644463,4.390000,115.000,24.097000,2.253000,128.256592,3636,332,0,158,281,2206,11,0
49.658556,14.093000,115.000,24.097000,2.253000,128.256851,3636,332,0,158,281,2206,11,0
49.666009,7.453000,115.000,24.097000,2.253000,128.253830,3630,332,0,158,281,2206,11,0
49.669852,3.843000,115.000,24.097000,2.253000,128.254311,3630,332,0,157,280,2204,11,0
49.684306,14.454000,115.000,24.097000,2.253000,128.256611,3633,332,0,157,280,2204,11,0
49.687830,3.524000,115.000,24.097000,2.253000,128.257092,3633,332,0,155,278,2200,11,0
49.700374,12.544000,115.000,24.097000,2.253000,128.257492,3633,332,0,154,277,2198,11,0
49.703666,3.292000,115.000,24.097000,2.253000,128.247559,3629,328,0,154,277,2198,11,0
49.717695,14.029000,115.000,24.097000,2.253000,128.245293,3625,328,0,154,277,2198,11,0
49.721617,3.922000,115.000,24.097000,2.253000,128.245773,3625,328,0,152,275,2194,11,0
49.730058,8.441000,115.000,24.097000,2.253000,128.246178,3625,328,0,151,274,2192,11,0
49.735550,5.492000,115.000,24.097000,2.253000,128.244789,3622,328,0,150,273,2190,11,0
49.750666,15.116000,115.000,24.097000,2.253000,128.231499,3616,323,0,150,273,2190,11,0
49.754189,3.523000,115.000,24.097000,2.253000,128.225662,3606,323,0,149,273,2190,11,0
49.763841,9.652000,115.000,24.097000,2.253000,128.237686,3608,323,0,156,282,2208,11,0
49.768716,4.875000,115.000,24.097000,2.253000,128.235249,3608,323,0,150,276,2196,11,0
49.784095,15.379000,115.000,24.097000,2.253000,128.237366,3611,323,0,150,276,2196,11,0
49.787914,3.819000,115.000,24.097000,2.253000,128.237846,3611,323,0,150,276,2196,11,0
49.800703,12.789000,115.000,24.097000,2.253000,128.238327,3611,323,0,149,275,2194,11,0
49.804625,3.922000,115.000,24.097000,2.253000,128.238808,3611,323,0,149,275,2194,11,0
49.812951,8.326000,115.000,24.097000,2.253000,128.240971,3614,323,0,149,275,2194,11,0
49.818750,5.799000,115.000,24.097000,2.253000,128.241451,3614,323,0,149,275,2194,11,0
49.834622,15.872000,115.000,24.097000,2.253000,128.240204,3611,323,0,149,275,2194,11,0
49.838503,3.881000,115.000,24.097000,2.253000,128.240685,3611,323,0,149,275,2194,11,0
49.845634,7.131000,115.000,24.097000,2.253000,128.241180,3611,323,0,149,275,2194,11,0
49.859841,14.207000,115.000,24.097000,2.253000,128.241661,3611,323,0,149,275,2194,11,0
49.875279,15.438000,115.000,24.097000,2.253000,128.242126,3611,323,0,149,275,2194,11,0
49.883511,8.232000,115.000,24.097000,2.253000,128.242592,3611,323,0,149,275,2194,11,0
49.886846,3.335000,115.000,24.097000,2.253000,128.243073,3611,323,0,149,275,2194,11,0
49.900414,13.568000,115.000,24.097000,2.253000,128.232609,3606,320,0,148,274,2192,11,0
49.903863,3.449000,115.000,24.097000,2.253000,128.224987,3598,320,0,147,271,2186,11,0
49.917331,13.468000,115.000,24.097000,2.253000,128.238995,3605,324,0,147,271,2186,11,0
49.920806,3.475000,115.000,24.097000,2.253000,128.240162,3605,324,0,148,273,2190,11,0
49.933657,12.851000,115.000,24.097000,2.253000,128.236450,3605,324,0,148,273,2190,11,0
49.936983,3.326000,115.000,24.097000,2.253000,128.236931,3605,324,0,148,273,2190,11,0
49.951580,14.597000,115.000,24.097000,2.253000,128.237446,3605,324,0,148,273,2190,11,0
49.955549,3.969000,115.000,24.097000,2.253000,128.237881,3605,324,0,148,273,2190,11,0
49.960632,5.083000,115.000,24.097000,2.253000,128.238358,3605,324,0,148,273,2190,11,0
49.975335,14.703000,115.000,24.097000,2.253000,128.238823,3605,324,0,149,273,2190,11,0
49.982724,7.389000,115.000,24.097000,2.253000,128.239304,3605,324,0,149,273,2190,11,0
49.987402,4.678000,115.000,24.097000,2.253000,128.245789,3615,324,0,149,273,2190,11,0
49.999488,12.086000,115.000,24.097000,2.253000,128.246269,3615,324,0,149,273,2190,11,0
50.003936,4.448000,115.000,24.097000,2.253000,128.245155,3612,324,0,149,273,2190,11,0
50.016038,12.102000,115.000,24.097000,2.253000,128.245636,3612,324,0,148,273,2190,11,0
50.020257,4.219000,115.000,24.097000,2.253000,128.246101,3612,324,0,148,273,2190,11,0
50.032747,12.490000,115.000,24.097000,2.253000,128.246582,3612,324,0,149,273,2190,11,0
50.037456,4.709000,115.000,24.097000,2.253000,128.245441,3609,324,0,149,273,2190,11,0
50.070919,33.463000,115.000,24.097000,2.253000,128.341309,3671,333,0,170,333,2310,11,0
50.083768,12.849000,115.000,24.097000,2.253000,128.315525,3671,333,0,116,273,2190,11,0
50.087646,3.878000,110.000,35.817000,2.297000,128.318771,3671,333,0,122,279,2202,11,0
50.100368,12.722000,110.000,35.817000,2.297000,128.304329,3656,333,0,110,267,2178,11,0
50.104985,4.617000,110.000,35.817000,2.297000,128.304810,3656,333,0,110,267,2178,11,0
50.116286,11.301000,110.000,35.817000,2.297000,128.305290,3656,333,0,110,267,2178,11,0
50.121313,5.027000,110.000,35.817000,2.297000,128.305771,3656,333,0,110,267,2178,11,0
50.135148,13.835000,110.000,35.817000,2.297000,128.306252,3656,333,0,110,267,2178,11,0
50.138757,3.609000,110.000,35.817000,2.297000,128.306732,3656,333,0,110,267,2178,11,0
50.143424,4.667000,110.000,35.817000,2.297000,128.307213,3656,333,0,110,267,2178,11,0
50.159042,15.618000,110.000,35.817000,2.297000,128.307693,3656,333,0,110,267,2178,11,0
50.166560,7.518000,110.000,35.817000,2.297000,128.308174,3656,333,0,110,267,2178,11,0
50.170750,4.190000,110.000,35.817000,2.297000,128.306969,3653,333,0,110,267,2178,11,0
50.182717,11.967000,110.000,35.817000,2.297000,128.304901,3649,333,0,110,267,2178,11,0
50.186864,4.147000,110.000,35.817000,2.297000,128.305328,3649,333,0,108,231,2106,11,0
50.199372,12.508000,110.000,35.817000,2.297000,128.301399,3647,333,0,108,231,2106,11,0
50.203387,4.015000,110.000,35.817000,2.297000,128.270496,3647,333,0,108,231,2106,11,0
50.216288,12.901000,110.000,35.817000,2.297000,128.270977,3647,333,0,108,231,2106,11,0
50.221180,4.892000,110.000,35.817000,2.297000,128.271503,3647,333,0,108,231,2106,11,0
50.233040,11.860000,110.000,35.817000,2.297000,128.271938,3647,333,0,108,231,2106,11,0
50.236806,3.766000,110.000,35.817000,2.297000,128.272373,3647,333,0,108,231,2106,11,0
50.251065,14.259000,110.000,35.817000,2.297000,128.272839,3647,333,0,108,231,2106,11,0
50.254662,3.597000,110.000,35.817000,2.297000,128.273319,3647,333,0,109,231,2106,11,0
50.267443,12.781000,110.000,35.817000,2.297000,128.273624,3647,333,0,109,231,2106,11,0
50.271162,3.719000,110.000,35.817000,2.297000,128.268963,3638,333,0,108,231,2106,11,0
50.284381,13.219000,110.000,35.817000,2.297000,128.271088,3641,333,0,108,231,2106,11,0
50.287732,3.351000,110.000,35.817000,2.297000,128.271568,3641,333,0,108,230,2104,11,0
50.300699,12.967000,110.000,35.817000,2.297000,128.273678,3644,333,0,106,228,2100,11,0
50.304408,3.709000,110.000,35.817000,2.297000,128.274158,3644,333,0,105,228,2100,11,0
50.317530,13.122000,110.000,35.817000,2.297000,128.264187,3640,329,0,104,227,2098,11,0
50.321136,3.606000,110.000,35.817000,2.297000,128.260273,3633,329,0,105,227,2098,11,0
50.337202,16.066000,110.000,35.817000,2.297000,128.260738,3633,329,0,103,225,2094,11,0
50.351760,14.558000,110.000,35.817000,2.297000,128.261219,3633,329,0,103,225,2094,11,0
50.355462,3.702000,110.000,35.817000,2.297000,128.247906,3627,324,0,100,223,2090,11,0
50.361878,6.416000,110.000,35.817000,2.297000,128.240170,3614,324,0,100,223,2090,11,0
50.368929,7.051000,110.000,35.817000,2.297000,128.259235,3616,324,0,114,241,2126,11,0
50.384631,15.702000,110.000,35.817000,2.297000,128.261383,3619,324,0,114,241,2126,11,0
50.388107,3.476000,110.000,35.817000,2.297000,128.258945,3619,324,0,108,235,2114,11,0
50.400947,12.840000,110.000,35.817000,2.297000,128.261074,3622,324,0,108,235,2114,11,0
50.404765,3.818000,110.000,35.817000,2.297000,128.261608,3622,324,0,108,235,2114,11,0
50.412836,8.071000,110.000,35.817000,2.297000,128.263733,3625,324,0,108,235,2114,11,0
50.424612,11.776000,110.000,35.817000,2.297000,128.264214,3625,324,0,108,235,2114,11,0
50.433700,9.088000,110.000,35.817000,2.297000,128.264694,3625,324,0,108,235,2114,11,0
50.437033,3.333000,110.000,35.817000,2.297000,128.265095,3625,324,0,108,235,2114,11,0
50.450582,13.549000,110.000,35.817000,2.297000,128.265575,3625,324,0,108,235,2114,11,0
50.454049,3.467000,110.000,35.817000,2.297000,128.266056,3625,324,0,108,235,2114,11,0
50.467260,13.211000,110.000,35.817000,2.297000,128.266537,3625,324,0,108,235,2114,11,0
50.470849,3.589000,110.000,35.817000,2.297000,128.266972,3625,324,0,108,235,2114,11,0
50.478940,8.091000,110.000,35.817000,2.297000,128.269104,3628,324,0,108,235,2114,11,0
50.492310,13.370000,110.000,35.817000,2.297000,128.269539,3628,324,0,108,235,2114,11,0
50.499773,7.463000,110.000,35.817000,2.297000,128.269974,3628,324,0,108,235,2114,11,0
50.504613,4.840000,110.000,35.817000,2.297000,128.273788,3634,324,0,108,235,2114,11,0
50.512523,7.910000,110.000,35.817000,2.297000,128.272575,3631,324,0,107,229,2102,11,0
50.525655,13.132000,110.000,35.817000,2.297000,128.268627,3629,324,0,107,229,2102,11,0
50.532720,7.065000,110.000,35.817000,2.297000,128.258171,3626,324,0,105,227,2098,11,0
50.538900,6.180000,110.000,35.817000,2.297000,128.258575,3626,324,0,105,227,2098,11,0
50.543909,5.009000,110.000,35.817000,2.297000,128.258976,3626,324,0,104,227,2098,11,0
50.560849,16.940000,110.000,35.817000,2.297000,128.259441,3626,324,0,104,227,2098,11,0
50.564717,3.868000,110.000,35.817000,2.297000,128.259922,3626,324,0,105,227,2098,11,0
50.571221,6.504000,110.000,35.817000,2.297000,128.260418,3626,324,0,105,227,2098,11,0
50.577198,5.977000,110.000,35.817000,2.297000,128.260899,3626,324,0,105,227,2098,11,0
50.592388,15.190000,110.000,35.817000,2.297000,128.261364,3626,324,0,105,227,2098,11,0
50.599859,7.471000,110.000,35.817000,2.297000,128.267849,3636,324,0,104,227,2098,11,0
50.604641,4.782000,110.000,35.817000,2.297000,128.266689,3633,324,0,104,227,2098,11,0
50.610251,5.610000,110.000,35.817000,2.297000,128.267170,3633,324,0,104,227,2098,11,0
50.626000,15.749000,110.000,35.817000,2.297000,128.266026,3630,324,0,104,227,2098,11,0
50.632877,6.877000,110.000,35.817000,2.297000,128.266438,3630,324,0,105,227,2098,11,0
50.637680,4.803000,110.000,35.817000,2.297000,128.266907,3630,324,0,105,227,2098,11,0
50.649433,11.753000,110.000,35.817000,2.297000,128.267342,3630,324,0,103,227,2098,11,0
50.685912,36.479000,110.000,35.817000,2.297000,128.385227,3692,333,0,169,333,2310,11,0
50.699587,13.675000,110.000,35.817000,2.297000,128.384018,3692,333,0,165,325,2294,11,1
50.702474,2.887000,110.000,35.817000,2.297000,128.373604,3677,333,0,159,319,2282,11,1
50.717250,14.776000,110.000,35.817000,2.297000,128.373535,3680,332,0,159,319,2282,11,0
50.721454,4.204000,110.000,35.817000,2.297000,128.370712,3675,332,0,160,319,2282,11,0
50.727175,5.721000,110.000,35.817000,2.297000,128.367912,3669,332,0,160,319,2282,11,0
50.741695,14.520000,110.000,35.817000,2.297000,128.368393,3669,332,0,160,319,2282,11,0
50.749537,7.842000,110.000,35.817000,2.297000,128.368874,3669,332,0,160,319,2282,11,0
50.754108,4.571000,110.000,35.817000,2.297000,128.369354,3669,332,0,160,319,2282,11,0
50.767389,13.281000,110.000,35.817000,2.297000,128.369835,3669,332,0,160,319,2282,11,0
50.773688,6.299000,110.000,35.817000,2.297000,128.370316,3669,332,0,160,319,2282,11,0
50.778447,4.759000,110.000,35.817000,2.297000,128.370796,3669,332,0,160,319,2282,11,0
50.791606,13.159000,110.000,35.817000,2.297000,128.368774,3665,332,0,160,319,2282,11,0
50.799272,7.666000,110.000,35.817000,2.297000,128.369255,3665,332,0,158,283,2210,11,0
50.803098,3.826000,110.000,35.817000,2.297000,128.369736,3665,332,0,158,283,2210,11,0
50.816787,13.689000,110.000,35.817000,2.297000,128.338779,3665,332,0,158,283,2210,11,0
50.821137,4.350000,110.000,35.817000,2.297000,128.334850,3663,332,0,158,283,2210,11,0
50.834089,12.952000,110.000,35.817000,2.297000,128.335373,3663,332,0,158,283,2210,11,0
50.837648,3.559000,110.000,35.817000,2.297000,128.335854,3663,332,0,160,283,2210,11,0
50.850328,12.680000,110.000,35.817000,2.297000,128.336319,3663,332,0,160,283,2210,11,0
50.853363,3.035000,110.000,35.817000,2.297000,128.336800,3663,332,0,160,283,2210,11,0
50.866878,13.515000,110.000,35.817000,2.297000,128.337330,3663,332,0,160,283,2210,11,0
50.870015,3.137000,110.000,35.817000,2.297000,128.336170,3660,332,0,160,283,2210,11,0
50.884374,14.359000,110.000,35.817000,2.297000,128.336430,3660,332,0,159,282,2208,11,0
50.887792,3.418000,110.000,35.817000,2.297000,128.333408,3654,332,0,158,282,2208,11,0
50.901112,13.320000,110.000,35.817000,2.297000,128.333904,3654,332,0,157,281,2206,11,0
50.904676,3.564000,110.000,35.817000,2.297000,128.334385,3654,332,0,156,281,2206,11,0
50.911456,6.780000,110.000,35.817000,2.297000,128.334850,3654,332,0,154,279,2202,11,0
50.924541,13.085000,110.000,35.817000,2.297000,128.324917,3650,328,0,154,278,2200,11,0
50.934181,9.640000,110.000,35.817000,2.297000,128.321003,3643,328,0,154,278,2200,11,0
50.938120,3.939000,110.000,35.817000,2.297000,128.321484,3643,328,0,154,277,2198,11,0
50.944869,6.749000,110.000,35.817000,2.297000,128.321934,3643,328,0,153,276,2196,11,0
50.958391,13.522000,110.000,35.817000,2.297000,128.322330,3643,328,0,152,275,2194,11,0
50.963674,5.283000,110.000,35.817000,2.297000,128.307232,3634,323,0,151,274,2192,11,0
50.968633,4.959000,110.000,35.817000,2.297000,128.301395,3624,323,0,151,274,2192,11,0
50.984027,15.394000,110.000,35.817000,2.297000,128.321156,3629,323,0,161,289,2222,11,0
50.988212,4.185000,110.000,35.817000,2.297000,128.310791,3624,320,0,161,289,2222,11,0
50.994765,6.553000,110.000,35.817000,2.297000,128.303345,3621,320,0,149,277,2198,11,0
51.002165,7.400000,110.000,35.817000,2.297000,128.303825,3621,320,0,149,277,2198,11,0
51.017555,15.390000,110.000,35.817000,2.297000,128.319450,3631,324,0,149,277,2198,11,0
51.021617,4.062000,110.000,35.817000,2.297000,128.320618,3631,324,0,150,279,2202,11,0
51.028164,6.547000,110.000,35.817000,2.297000,128.321095,3631,324,0,150,279,2202,11,0
51.042406,14.242000,110.000,35.817000,2.297000,128.321575,3631,324,0,150,279,2202,11,0
51.051406,9.000000,110.000,35.817000,2.297000,128.322056,3631,324,0,150,279,2202,11,0
51.055250,3.844000,110.000,35.817000,2.297000,128.322536,3631,324,0,150,279,2202,11,0
51.061359,6.109000,110.000,35.817000,2.297000,128.322971,3631,324,0,150,279,2202,11,0
51.074504,13.145000,110.000,35.817000,2.297000,128.323452,3631,324,0,150,279,2202,11,0
51.083918,9.414000,110.000,35.817000,2.297000,128.325600,3634,324,0,150,279,2202,11,0
51.087656,3.738000,115.000,35.366000,1.875000,128.326080,3634,324,0,150,279,2202,11,0
51.101534,13.878000,115.000,35.366000,1.875000,128.326561,3634,324,0,150,279,2202,11,0
51.116937,15.403000,115.000,35.366000,1.875000,128.326988,3634,324,0,150,279,2202,11,0
51.122037,5.100000,115.000,35.366000,1.875000,128.324711,3635,324,0,150,279,2202,11,0
51.127202,5.165000,115.000,35.366000,1.875000,128.325191,3635,324,0,149,273,2190,11,0
51.141782,14.580000,115.000,35.366000,1.875000,128.327332,3638,324,0,149,273,2190,11,0
51.149352,7.570000,115.000,35.366000,1.875000,128.319489,3638,324,0,149,273,2190,11,0
51.154114,4.762000,115.000,35.366000,1.875000,128.319939,3638,324,0,149,273,2190,11,0
51.167797,13.683000,115.000,35.366000,1.875000,128.320419,3638,324,0,149,273,2190,11,0
51.173091,5.294000,115.000,35.366000,1.875000,128.320885,3638,324,0,149,273,2190,11,0
51.176974,3.883000,115.000,35.366000,1.875000,128.321365,3638,324,0,149,273,2190,11,0
51.191849,14.875000,115.000,35.366000,1.875000,128.323494,3641,324,0,149,273,2190,11,0
51.199335,7.486000,115.000,35.366000,1.875000,128.323975,3641,324,0,149,273,2190,11,0
51.203582,4.247000,115.000,35.366000,1.875000,128.324463,3641,324,0,149,273,2190,11,0
51.216403,12.821000,115.000,35.366000,1.875000,128.330948,3651,324,0,149,273,2190,11,0
51.224800,8.397000,115.000,35.366000,1.875000,128.333065,3654,324,0,149,273,2190,11,0
51.228849,4.049000,115.000,35.366000,1.875000,128.333466,3654,324,0,149,273,2190,11,0
51.242097,13.248000,115.000,35.366000,1.875000,128.332294,3651,324,0,149,273,2190,11,0
51.249351,7.254000,115.000,35.366000,1.875000,128.332775,3651,324,0,148,273,2190,11,0
51.254203,4.852000,115.000,35.366000,1.875000,128.333256,3651,324,0,148,273,2190,11,0
51.266293,12.090000,115.000,35.366000,1.875000,128.333736,3651,324,0,149,273,2190,11,0
51.297910,31.617000,115.000,35.366000,1.875000,128.429562,3713,333,0,171,331,2306,11,0
51.301689,3.779000,115.000,35.366000,1.875000,128.408443,3713,333,0,127,281,2206,11,0
51.318188,16.499000,115.000,35.366000,1.875000,128.389435,3683,333,0,121,275,2194,11,0
51.322888,4.700000,115.000,35.366000,1.875000,128.388275,3680,333,0,121,275,2194,11,0
51.327461,4.573000,115.000,35.366000,1.875000,128.388756,3680,333,0,121,275,2194,11,0
51.341777,14.316000,115.000,35.366000,1.875000,128.389244,3680,333,0,121,275,2194,11,0
51.350166,8.389000,115.000,35.366000,1.875000,128.389725,3680,333,0,121,275,2194,11,0
51.359129,8.963000,115.000,35.366000,1.875000,128.388565,3677,333,0,121,275,2194,11,0
51.365019,5.890000,115.000,35.366000,1.875000,128.389046,3677,333,0,121,275,2194,11,0
51.370589,5.570000,115.000,35.366000,1.875000,128.389526,3677,333,0,121,275,2194,11,0
51.382745,12.156000,115.000,35.366000,1.875000,128.390007,3677,333,0,121,275,2194,11,0
51.387898,5.153000,115.000,35.366000,1.875000,128.260674,3623,293,0,121,275,2194,11,0
51.399416,11.518000,115.000,35.366000,1.875000,128.228989,3573,293,0,109,219,2082,11,0
51.403589,4.173000,115.000,35.366000,1.875000,128.227829,3570,293,0,109,219,2082,11,0
51.416565,12.976000,115.000,35.366000,1.875000,128.228310,3570,293,0,109,219,2082,11,0
51.421775,5.210000,115.000,35.366000,1.875000,128.197433,3570,293,0,109,219,2082,11,0
51.426878,5.103000,115.000,35.366000,1.875000,128.197861,3570,293,0,108,219,2082,11,0
51.442190,15.312000,115.000,35.366000,1.875000,128.190651,3562,293,0,108,219,2082,11,0
51.450218,8.028000,115.000,35.366000,1.875000,128.191086,3562,293,0,108,219,2082,11,0
51.454684,4.466000,115.000,35.366000,1.875000,128.191559,3562,293,0,108,219,2082,11,0
51.460095,5.411000,115.000,35.366000,1.875000,128.192039,3562,293,0,107,219,2082,11,0
51.475634,15.539000,115.000,35.366000,1.875000,128.193962,3565,293,0,107,219,2082,11,0
51.482783,7.149000,115.000,35.366000,1.875000,128.190941,3559,293,0,108,219,2082,11,0
51.487761,4.978000,115.000,35.366000,1.875000,128.191414,3559,293,0,107,218,2080,11,0
51.499570,11.809000,115.000,35.366000,1.875000,128.191895,3559,293,0,105,218,2080,11,0
51.503848,4.278000,115.000,35.366000,1.875000,128.192345,3559,293,0,103,216,2076,11,0
51.516212,12.364000,115.000,35.366000,1.875000,128.192825,3559,293,0,103,215,2074,11,0
51.521598,5.386000,115.000,35.366000,1.875000,128.182831,3555,289,0,103,215,2074,11,0
51.527095,5.497000,115.000,35.366000,1.875000,128.178963,3548,289,0,104,215,2074,11,0
51.542604,15.509000,115.000,35.366000,1.875000,128.179428,3548,289,0,102,213,2070,11,0
51.549956,7.352000,115.000,35.366000,1.875000,128.179825,3548,289,0,101,212,2068,11,0
51.555257,5.301000,115.000,35.366000,1.875000,128.178482,3545,289,0,100,211,2066,11,0
51.560345,5.088000,115.000,35.366000,1.875000,128.165298,3539,284,0,100,211,2066,11,0
51.575451,15.106000,115.000,35.366000,1.875000,128.157745,3526,284,0,100,211,2066,11,0
51.582479,7.028000,115.000,35.366000,1.875000,128.176807,3528,284,0,113,229,2102,11,0
51.586418,3.939000,115.000,35.366000,1.875000,128.177288,3528,284,0,103,219,2082,11,0
51.600597,14.179000,115.000,35.366000,1.875000,128.172905,3528,284,0,103,219,2082,11,0
51.620414,19.817000,115.000,35.366000,1.875000,128.173386,3528,284,0,103,219,2082,11,0
51.632698,12.284000,115.000,35.366000,1.875000,128.173866,3528,284,0,103,219,2082,11,0
51.635209,2.511000,115.000,35.366000,1.875000,128.174347,3528,284,0,103,219,2082,11,0
51.651172,15.963000,115.000,35.366000,1.875000,128.174828,3528,284,0,103,219,2082,11,0
51.653736,2.564000,115.000,35.366000,1.875000,128.175308,3528,284,0,103,219,2082,11,0
51.666779,13.043000,115.000,35.366000,1.875000,128.175789,3528,284,0,103,219,2082,11,0
51.669098,2.319000,115.000,35.366000,1.875000,128.176270,3528,284,0,103,219,2082,11,0
51.683049,13.951000,115.000,35.366000,1.875000,128.178417,3531,284,0,103,219,2082,11,0
51.684973,1.924000,115.000,35.366000,1.875000,128.178898,3531,284,0,104,219,2082,11,0
51.699582,14.609000,115.000,35.366000,1.875000,128.181038,3534,284,0,104,219,2082,11,0
51.701356,1.774000,115.000,35.366000,1.875000,128.181519,3534,284,0,104,219,2082,11,0
51.716262,14.906000,115.000,35.366000,1.875000,128.180340,3531,284,0,104,219,2082,11,0
51.718041,1.779000,115.000,35.366000,1.875000,128.180820,3531,284,0,103,219,2082,11,0
51.732924,14.883000,115.000,35.366000,1.875000,128.181248,3531,284,0,102,213,2070,11,0
51.734574,1.650000,115.000,35.366000,1.875000,128.177319,3529,284,0,102,213,2070,11,0
51.749703,15.129000,115.000,35.366000,1.875000,128.177799,3529,284,0,102,213,2070,11,0
51.751423,1.720000,115.000,35.366000,1.875000,128.169956,3529,284,0,102,213,2070,11,0
51.769880,18.457000,115.000,35.366000,1.875000,128.170452,3529,284,0,102,213,2070,11,0
51.783395,13.515000,115.000,35.366000,1.875000,128.172562,3532,284,0,102,213,2070,11,0
51.785697,2.302000,115.000,35.366000,1.875000,128.173042,3532,284,0,102,213,2070,11,0
51.799793,14.096000,115.000,35.366000,1.875000,128.174095,3532,284,0,102,213,2070,11,1
51.801541,1.748000,115.000,35.366000,1.875000,128.174576,3532,284,0,102,213,2070,11,1
51.816905,15.364000,115.000,35.366000,1.875000,128.183033,3545,284,0,102,213,2070,11,1
51.819797,2.892000,115.000,35.366000,1.875000,128.183514,3545,284,0,101,213,2070,11,1
51.833940,14.143000,115.000,35.366000,1.875000,128.183632,3551,283,0,102,213,2070,11,0
51.836922,2.982000,115.000,35.366000,1.875000,128.180809,3546,283,0,102,213,2070,11,0
51.850646,13.724000,115.000,35.366000,1.875000,128.181290,3546,283,0,102,213,2070,11,0
51.853514,2.868000,115.000,35.366000,1.875000,128.181770,3546,283,0,102,213,2070,11,0
51.878194,24.680000,115.000,35.366000,1.875000,128.295097,3608,292,0,159,311,2266,11,0
51.882626,4.432000,115.000,35.366000,1.875000,128.297230,3611,292,0,159,311,2266,11,0
51.885195,2.569000,115.000,35.366000,1.875000,128.291874,3611,292,0,147,297,2238,11,0
51.899499,14.304000,115.000,35.366000,1.875000,128.292355,3611,292,0,147,297,2238,11,0
51.902340,2.841000,115.000,35.366000,1.875000,128.298508,3611,292,0,159,309,2262,11,0
51.916800,14.460000,115.000,35.366000,1.875000,128.284073,3584,292,0,147,297,2238,11,0
51.919913,3.113000,115.000,35.366000,1.875000,128.278648,3584,292,0,148,297,2238,11,0
51.934349,14.436000,115.000,35.366000,1.875000,128.277489,3581,292,0,148,297,2238,11,0
51.939505,5.156000,115.000,35.366000,1.875000,128.277969,3581,292,0,148,297,2238,11,0
51.944831,5.326000,115.000,35.366000,1.875000,128.278450,3581,292,0,148,297,2238,11,0
51.958598,13.767000,115.000,35.366000,1.875000,128.278931,3581,292,0,148,297,2238,11,0
51.963732,5.134000,115.000,35.366000,1.875000,128.279411,3581,292,0,148,297,2238,11,0
51.968488,4.756000,115.000,35.366000,1.875000,128.279892,3581,292,0,148,297,2238,11,0
51.984021,15.533000,115.000,35.366000,1.875000,128.280373,3581,292,0,148,297,2238,11,0
51.989115,5.094000,115.000,35.366000,1.875000,128.280853,3581,292,0,147,296,2236,11,0
51.993360,4.245000,115.000,35.366000,1.875000,128.281334,3581,292,0,147,296,2236,11,0
52.009014,15.654000,115.000,35.366000,1.875000,128.277626,3574,292,0,145,260,2164,11,0
52.013139,4.125000,115.000,35.366000,1.875000,128.278053,3574,292,0,145,260,2164,11,0
52.019865,6.726000,115.000,35.366000,1.875000,128.242737,3572,292,0,145,260,2164,11,0
52.032953,13.088000,115.000,35.366000,1.875000,128.243217,3572,292,0,144,260,2164,11,0
52.038410,5.457000,115.000,35.366000,1.875000,128.243710,3572,292,0,144,260,2164,11,0
52.043660,5.250000,115.000,35.366000,1.875000,128.244144,3572,292,0,144,260,2164,11,0
52.059150,15.490000,115.000,35.366000,1.875000,128.244579,3572,292,0,144,260,2164,11,0
52.064155,5.005000,115.000,35.366000,1.875000,128.245014,3572,292,0,145,260,2164,11,0
52.069937,5.782000,115.000,35.366000,1.875000,128.245476,3572,292,0,145,260,2164,11,0
52.082780,12.843000,115.000,35.366000,1.875000,128.245750,3572,292,0,145,260,2164,11,0
52.087936,5.156000,112.000,30.922000,5.455000,128.231792,3561,289,0,144,259,2162,11,0
52.099789,11.853000,112.000,30.922000,5.455000,128.228580,3555,289,0,142,258,2160,11,0
52.109215,9.426000,112.000,30.922000,5.455000,128.243996,3562,293,0,140,256,2156,11,0
52.113445,4.230000,112.000,30.922000,5.455000,128.245163,3562,293,0,143,258,2160,11,0
52.120316,6.871000,112.000,30.922000,5.455000,128.255127,3577,293,0,142,257,2158,11,0
52.132928,12.612000,112.000,30.922000,5.455000,128.251682,3570,293,0,145,259,2162,11,0
52.137821,4.893000,112.000,30.922000,5.455000,128.248837,3564,293,0,143,257,2158,11,0
52.149471,11.650000,112.000,30.922000,5.455000,128.249317,3564,293,0,143,257,2158,11,0
52.154132,4.661000,112.000,30.922000,5.455000,128.249714,3564,293,0,142,256,2156,11,0
52.166489,12.357000,112.000,30.922000,5.455000,128.234661,3555,288,0,140,255,2154,11,0
52.171895,5.406000,112.000,30.922000,5.455000,128.228779,3545,288,0,140,255,2154,11,0
52.176869,4.974000,112.000,30.922000,5.455000,128.229259,3545,288,0,140,255,2154,11,0
52.186305,9.436000,112.000,30.922000,5.455000,128.248318,3547,288,0,153,273,2190,11,0
52.199366,13.061000,112.000,30.922000,5.455000,128.248798,3547,288,0,153,273,2190,11,0
52.203514,4.148000,112.000,30.922000,5.455000,128.245102,3550,288,0,141,261,2166,11,0
52.216139,12.625000,112.000,30.922000,5.455000,128.245583,3550,288,0,141,261,2166,11,0
52.220330,4.191000,112.000,30.922000,5.455000,128.246044,3550,288,0,141,261,2166,11,0
52.232921,12.591000,112.000,30.922000,5.455000,128.246479,3550,288,0,141,261,2166,11,0
52.238033,5.112000,112.000,30.922000,5.455000,128.246960,3550,288,0,141,261,2166,11,0
52.249731,11.698000,112.000,30.922000,5.455000,128.247440,3550,288,0,141,261,2166,11,0
52.254086,4.355000,112.000,30.922000,5.455000,128.247936,3550,288,0,141,261,2166,11,0
52.266606,12.520000,112.000,30.922000,5.455000,128.248417,3550,288,0,141,261,2166,11,0
52.271903,5.297000,112.000,30.922000,5.455000,128.247242,3547,288,0,141,261,2166,11,0
52.276839,4.936000,112.000,30.922000,5.455000,128.247723,3547,288,0,140,261,2166,11,0
52.292863,16.024000,112.000,30.922000,5.455000,128.248203,3547,288,0,140,261,2166,11,0
52.299486,6.623000,112.000,30.922000,5.455000,128.248684,3547,288,0,141,261,2166,11,0
52.304239,4.753000,112.000,30.922000,5.455000,128.249180,3547,288,0,141,261,2166,11,0
52.316354,12.115000,112.000,30.922000,5.455000,128.249660,3547,288,0,141,261,2166,11,0
52.321636,5.282000,112.000,30.922000,5.455000,128.250088,3547,288,0,141,261,2166,11,0
52.327119,5.483000,112.000,30.922000,5.455000,128.246159,3545,288,0,140,255,2154,11,0
52.342441,15.322000,112.000,30.922000,5.455000,128.246624,3545,288,0,140,255,2154,11,0
52.350011,7.570000,112.000,30.922000,5.455000,128.247105,3545,288,0,140,255,2154,11,0
52.355865,5.854000,112.000,30.922000,5.455000,128.239307,3545,288,0,140,255,2154,11,0
52.361514,5.649000,112.000,30.922000,5.455000,128.239788,3545,288,0,139,255,2154,11,0
52.375673,14.159000,112.000,30.922000,5.455000,128.241959,3548,288,0,139,255,2154,11,0
52.382844,7.171000,112.000,30.922000,5.455000,128.242439,3548,288,0,141,255,2154,11,0
52.389434,6.590000,112.000,30.922000,5.455000,128.427120,3671,336,0,141,255,2154,11,0
52.393453,4.019000,112.000,30.922000,5.455000,128.436344,3671,336,0,152,279,2202,11,0
52.410437,16.984000,112.000,30.922000,5.455000,128.436817,3671,336,0,152,279,2202,11,0
52.415031,4.594000,112.000,30.922000,5.455000,128.443302,3681,336,0,153,279,2202,11,0
52.420287,5.256000,112.000,30.922000,5.455000,128.443752,3681,336,0,153,279,2202,11,0
52.432895,12.608000,112.000,30.922000,5.455000,128.444233,3681,336,0,152,279,2202,11,0
52.438203,5.308000,112.000,30.922000,5.455000,128.443104,3678,336,0,152,279,2202,11,0
52.443724,5.521000,112.000,30.922000,5.455000,128.443584,3678,336,0,150,279,2202,11,0
52.459221,15.497000,112.000,30.922000,5.455000,128.444050,3678,336,0,150,279,2202,11,0
52.463221,4.000000,112.000,30.922000,5.455000,128.444530,3678,336,0,153,279,2202,11,0
52.494519,31.298000,112.000,30.922000,5.455000,128.542015,3743,345,0,175,337,2318,11,0
52.499561,5.042000,112.000,30.922000,5.455000,128.519150,3743,345,0,127,283,2210,11,0
52.501853,2.292000,112.000,30.922000,5.455000,128.519630,3743,345,0,127,283,2210,11,0
52.517414,15.561000,112.000,30.922000,5.455000,128.527420,3746,345,0,139,295,2234,11,0
52.521382,3.968000,112.000,30.922000,5.455000,128.511330,3716,345,0,139,295,2234,11,0
52.528076,6.694000,112.000,30.922000,5.455000,128.505974,3716,345,0,127,283,2210,11,0
52.541321,13.245000,112.000,30.922000,5.455000,128.506454,3716,345,0,127,283,2210,11,0
52.550639,9.318000,112.000,30.922000,5.455000,128.506935,3716,345,0,127,283,2210,11,0
52.554897,4.258000,112.000,30.922000,5.455000,128.507416,3716,345,0,127,283,2210,11,0
52.561711,6.814000,112.000,30.922000,5.455000,128.509548,3719,345,0,127,283,2210,11,0
52.574893,13.182000,112.000,30.922000,5.455000,128.510029,3719,345,0,127,283,2210,11,0
52.585096,10.203000,112.000,30.922000,5.455000,128.512161,3722,345,0,127,283,2210,11,0
52.589634,4.538000,112.000,30.922000,5.455000,128.512642,3722,345,0,127,283,2210,11,0
52.593414,3.780000,112.000,30.922000,5.455000,128.513123,3722,345,0,127,283,2210,11,0
52.609027,15.613000,112.000,30.922000,5.455000,128.515305,3725,345,0,127,283,2210,11,0
52.613139,4.112000,112.000,30.922000,5.455000,128.513283,3721,345,0,127,283,2210,11,0
52.619995,6.856000,112.000,30.922000,5.455000,128.512070,3718,345,0,125,247,2138,11,0
52.633207,13.212000,112.000,30.922000,5.455000,128.508141,3716,345,0,125,247,2138,11,0
52.638176,4.969000,112.000,30.922000,5.455000,128.477222,3716,345,0,125,247,2138,11,0
52.650134,11.958000,112.000,30.922000,5.455000,128.477703,3716,345,0,124,247,2138,11,0
52.654693,4.559000,112.000,30.922000,5.455000,128.478184,3716,345,0,124,247,2138,11,0
52.666327,11.634000,112.000,30.922000,5.455000,128.478664,3716,345,0,125,247,2138,11,0
52.671794,5.467000,112.000,30.922000,5.455000,128.479130,3716,345,0,125,247,2138,11,0
52.677139,5.345000,112.000,30.922000,5.455000,128.479610,3716,345,0,123,247,2138,11,0
52.691782,14.643000,112.000,30.922000,5.455000,128.479870,3716,345,0,123,247,2138,11,0
52.699284,7.502000,112.000,30.922000,5.455000,128.476849,3710,345,0,124,247,2138,11,0
52.703986,4.702000,112.000,30.922000,5.455000,128.477589,3710,345,0,123,246,2136,11,0
52.711929,7.943000,112.000,30.922000,5.455000,128.472454,3701,345,0,123,246,2136,11,0
52.725728,13.799000,112.000,30.922000,5.455000,128.472950,3701,345,0,121,244,2132,11,0
52.732873,7.145000,112.000,30.922000,5.455000,128.473431,3701,345,0,121,244,2132,11,0
52.738298,5.425000,112.000,30.922000,5.455000,128.463455,3697,341,0,120,243,2130,11,0
52.749820,11.522000,112.000,30.922000,5.455000,128.459587,3690,341,0,120,243,2130,11,0
52.753904,4.084000,112.000,30.922000,5.455000,128.460003,3690,341,0,119,241,2126,11,0
52.766296,12.392000,112.000,30.922000,5.455000,128.460400,3690,341,0,118,240,2124,11,0
52.771382,5.086000,112.000,30.922000,5.455000,128.459011,3687,341,0,117,239,2122,11,0
52.782945,11.563000,112.000,30.922000,5.455000,128.445827,3681,336,0,117,239,2122,11,0
52.789596,6.651000,112.000,30.922000,5.455000,128.456882,3670,336,0,130,257,2158,11,0
52.794071,4.475000,112.000,30.922000,5.455000,128.457363,3670,336,0,130,257,2158,11,0
52.808863,14.792000,112.000,30.922000,5.455000,128.456203,3667,336,0,130,257,2158,11,0
52.812667,3.804000,112.000,30.922000,5.455000,128.450848,3667,336,0,118,245,2134,11,0
52.825613,12.946000,112.000,30.922000,5.455000,128.451344,3667,336,0,118,245,2134,11,0
52.833338,7.725000,112.000,30.922000,5.455000,128.451824,3667,336,0,118,245,2134,11,0
52.837965,4.627000,112.000,30.922000,5.455000,128.449009,3661,336,0,118,245,2134,11,0
52.849331,11.366000,112.000,30.922000,5.455000,128.449490,3661,336,0,118,245,2134,11,0
52.853520,4.189000,112.000,30.922000,5.455000,128.449970,3661,336,0,118,245,2134,11,0
52.869015,15.495000,112.000,30.922000,5.455000,128.450405,3661,336,0,117,245,2134,11,0
52.884414,15.399000,112.000,30.922000,5.455000,128.450886,3661,336,0,117,245,2134,11,0
52.887829,3.415000,112.000,30.922000,5.455000,128.451366,3661,336,0,117,245,2134,11,0
52.900346,12.517000,112.000,30.922000,5.455000,128.452454,3661,336,0,117,245,2134,11,1
52.905147,4.801000,112.000,30.922000,5.455000,128.460670,3671,337,0,118,245,2134,11,1
52.918319,13.172000,112.000,30.922000,5.455000,128.459560,3668,337,0,119,246,2136,11,1
52.922021,3.702000,112.000,30.922000,5.455000,128.460041,3668,337,0,119,246,2136,11,1
52.929981,7.960000,112.000,30.922000,5.455000,128.461113,3674,336,0,119,246,2136,11,0
52.935153,5.172000,112.000,30.922000,5.455000,128.453926,3667,336,0,118,240,2124,11,0
52.951640,16.487000,112.000,30.922000,5.455000,128.454407,3667,336,0,118,240,2124,11,0
52.957935,6.295000,112.000,30.922000,5.455000,128.446518,3667,336,0,119,240,2124,11,0
52.963372,5.437000,112.000,30.922000,5.455000,128.447044,3667,336,0,119,240,2124,11,0
52.974587,11.215000,112.000,30.922000,5.455000,128.445885,3664,336,0,118,240,2124,11,0
52.984941,10.354000,112.000,30.922000,5.455000,128.446381,3664,336,0,118,240,2124,11,0
52.988622,3.681000,112.000,30.922000,5.455000,128.446861,3664,336,0,118,240,2124,11,0
53.000359,11.737000,112.000,30.922000,5.455000,128.447327,3664,336,0,118,240,2124,11,0
53.003721,3.362000,112.000,30.922000,5.455000,128.447807,3664,336,0,119,240,2124,11,0
53.017514,13.793000,112.000,30.922000,5.455000,128.448318,3664,336,0,119,240,2124,11,0
53.020944,3.430000,112.000,30.922000,5.455000,128.448799,3664,336,0,118,240,2124,11,0
53.034124,13.180000,112.000,30.922000,5.455000,128.455254,3674,336,0,118,240,2124,11,0
53.037533,3.409000,112.000,30.922000,5.455000,128.455734,3674,336,0,118,240,2124,11,0
53.050685,13.152000,112.000,30.922000,5.455000,128.456245,3674,336,0,118,240,2124,11,0
53.054436,3.751000,112.000,30.922000,5.455000,128.456726,3674,336,0,118,240,2124,11,0
53.061548,7.112000,112.000,30.922000,5.455000,128.457222,3674,336,0,118,240,2124,11,0
53.074613,13.065000,112.000,30.922000,5.455000,128.457703,3674,336,0,117,240,2124,11,0
53.084002,9.389000,112.000,30.922000,5.455000,128.459797,3677,336,0,118,240,2124,11,0
53.120698,36.696000,117.000,35.877000,3.060000,128.574768,3742,345,0,175,337,2318,11,0
53.133183,12.485000,117.000,35.877000,3.060000,128.569412,3742,345,0,163,322,2288,11,0
53.138155,4.972000,117.000,35.877000,3.060000,128.594990,3761,349,0,175,334,2312,11,0
53.149409,11.254000,117.000,35.877000,3.060000,128.573486,3731,349,0,165,324,2292,11,0
53.155122,5.713000,117.000,35.877000,3.060000,128.573902,3731,349,0,165,324,2292,11,0
53.163707,8.585000,117.000,35.877000,3.060000,128.574989,3731,349,0,165,324,2292,11,1
53.169982,6.275000,117.000,35.877000,3.060000,128.577721,3734,349,0,165,324,2292,11,2
53.182904,12.922000,117.000,35.877000,3.060000,128.578201,3734,349,0,165,324,2292,11,2
53.188641,5.737000,117.000,35.877000,3.060000,128.568855,3729,346,0,164,323,2290,11,2
53.193211,4.570000,117.000,35.877000,3.060000,128.565643,3723,346,0,164,323,2290,11,2
53.208867,15.656000,117.000,35.877000,3.060000,128.584808,3748,348,0,164,323,2290,11,0
53.212542,3.675000,117.000,35.877000,3.060000,128.576317,3734,348,0,167,325,2294,11,0
53.220150,7.608000,117.000,35.877000,3.060000,128.576794,3734,348,0,165,289,2222,11,0
53.233070,12.920000,117.000,35.877000,3.060000,128.577229,3734,348,0,165,289,2222,11,0
53.237968,4.898000,117.000,35.877000,3.060000,128.577610,3734,348,0,165,289,2222,11,0
53.249663,11.695000,117.000,35.877000,3.060000,128.542297,3732,348,0,165,289,2222,11,0
53.255713,6.050000,117.000,35.877000,3.060000,128.542789,3732,348,0,164,288,2220,11,0
53.261428,5.715000,117.000,35.877000,3.060000,128.543270,3732,348,0,164,288,2220,11,0
53.275471,14.043000,117.000,35.877000,3.060000,128.542213,3730,348,0,164,288,2220,11,0
53.296044,20.573000,117.000,35.877000,3.060000,128.542694,3730,348,0,164,288,2220,11,0
53.299132,3.088000,117.000,35.877000,3.060000,128.544846,3733,348,0,164,288,2220,11,0
53.301221,2.089000,117.000,35.877000,3.060000,128.545120,3733,348,0,164,288,2220,11,0
53.317039,15.818000,117.000,35.877000,3.060000,128.543758,3730,348,0,164,288,2220,11,0
53.320037,2.998000,117.000,35.877000,3.060000,128.542599,3727,348,0,163,288,2220,11,0
53.334418,14.381000,117.000,35.877000,3.060000,128.543026,3727,348,0,162,287,2218,11,0
53.338252,3.834000,117.000,35.877000,3.060000,128.543507,3727,348,0,161,285,2214,11,0
53.343814,5.562000,117.000,35.877000,3.060000,128.544003,3727,348,0,161,285,2214,11,0
53.359516,15.702000,117.000,35.877000,3.060000,128.534069,3723,344,0,159,284,2212,11,0
53.366159,6.643000,117.000,35.877000,3.060000,128.530155,3716,344,0,159,284,2212,11,0
53.369892,3.733000,117.000,35.877000,3.060000,128.530636,3716,344,0,158,282,2208,11,0
53.383747,13.855000,117.000,35.877000,3.060000,128.531101,3716,344,0,156,280,2204,11,0
53.387616,3.869000,117.000,35.877000,3.060000,128.531498,3716,344,0,154,279,2202,11,0
53.400343,12.727000,117.000,35.877000,3.060000,128.516415,3707,339,0,153,278,2200,11,0
53.403672,3.329000,117.000,35.877000,3.060000,128.508938,3694,339,0,154,278,2200,11,0
53.412580,8.908000,117.000,35.877000,3.060000,128.528008,3696,339,0,167,296,2236,11,0
53.424570,11.990000,117.000,35.877000,3.060000,128.522606,3696,339,0,155,284,2212,11,0
53.433705,9.135000,117.000,35.877000,3.060000,128.523041,3696,339,0,155,284,2212,11,0
53.437383,3.678000,117.000,35.877000,3.060000,128.523521,3696,339,0,155,284,2212,11,0
53.451456,14.073000,117.000,35.877000,3.060000,128.524010,3696,339,0,155,284,2212,11,0
53.458329,6.873000,117.000,35.877000,3.060000,128.524490,3696,339,0,155,284,2212,11,0
53.464332,6.003000,117.000,35.877000,3.060000,128.524971,3696,339,0,155,284,2212,11,0
53.468739,4.407000,117.000,35.877000,3.060000,128.525452,3696,339,0,155,284,2212,11,0
53.483944,15.205000,117.000,35.877000,3.060000,128.504971,3686,333,0,153,282,2208,11,0
53.487794,3.850000,117.000,35.877000,3.060000,128.498066,3674,333,0,153,282,2208,11,0
53.494187,6.393000,117.000,35.877000,3.060000,128.498547,3674,333,0,153,282,2208,11,0
53.508254,14.067000,117.000,35.877000,3.060000,128.499027,3674,333,0,153,282,2208,11,0
53.514152,5.898000,117.000,35.877000,3.060000,128.497868,3671,333,0,153,282,2208,11,0
53.518633,4.481000,117.000,35.877000,3.060000,128.498348,3671,333,0,153,282,2208,11,0
53.534088,15.455000,117.000,35.877000,3.060000,128.497189,3668,333,0,153,282,2208,11,0
53.537989,3.901000,117.000,35.877000,3.060000,128.497669,3668,333,0,153,282,2208,11,0
53.550912,12.923000,117.000,35.877000,3.060000,128.494816,3662,333,0,153,282,2208,11,0
53.555155,4.243000,117.000,35.877000,3.060000,128.490887,3660,333,0,152,276,2196,11,0
53.561843,6.688000,117.000,35.877000,3.060000,128.491367,3660,333,0,152,276,2196,11,0
53.574497,12.654000,117.000,35.877000,3.060000,128.491848,3660,333,0,152,276,2196,11,0
53.584410,9.913000,117.000,35.877000,3.060000,128.484016,3660,333,0,152,276,2196,11,0
53.587835,3.425000,117.000,35.877000,3.060000,128.484451,3660,333,0,152,276,2196,11,0
53.600657,12.822000,117.000,35.877000,3.060000,128.484962,3660,333,0,152,276,2196,11,0
53.603944,3.287000,117.000,35.877000,3.060000,128.485443,3660,333,0,152,276,2196,11,0
53.617771,13.827000,117.000,35.877000,3.060000,128.485893,3660,333,0,152,276,2196,11,0
53.621825,4.054000,117.000,35.877000,3.060000,128.486374,3660,333,0,151,276,2196,11,0
53.628063,6.238000,117.000,35.877000,3.060000,128.486870,3660,333,0,151,276,2196,11,0
53.640848,12.785000,117.000,35.877000,3.060000,128.493355,3670,333,0,152,276,2196,11,0
53.650280,9.432000,117.000,35.877000,3.060000,128.495499,3673,333,0,152,276,2196,11,0
53.653815,3.535000,117.000,35.877000,3.060000,128.495934,3673,333,0,151,276,2196,11,0
53.667408,13.593000,117.000,35.877000,3.060000,128.496391,3673,333,0,151,276,2196,11,0
53.671256,3.848000,117.000,35.877000,3.060000,128.496872,3673,333,0,152,276,2196,11,0
53.678395,7.139000,117.000,35.877000,3.060000,128.495712,3670,333,0,152,276,2196,11,0
53.690838,12.443000,117.000,35.877000,3.060000,128.496193,3670,333,0,152,276,2196,11,0
53.728897,38.059000,117.000,35.877000,3.060000,128.592018,3732,342,0,174,334,2312,11,0
53.732601,3.704000,117.000,35.877000,3.060000,128.574837,3732,342,0,138,292,2228,11,0
53.734986,2.385000,117.000,35.877000,3.060000,128.558746,3702,342,0,138,292,2228,11,0
53.750225,15.239000,117.000,35.877000,3.060000,128.559227,3702,342,0,138,292,2228,11,0
53.753607,3.382000,117.000,35.877000,3.060000,128.553871,3702,342,0,126,280,2204,11,0
53.767372,13.765000,117.000,35.877000,3.060000,128.554352,3702,342,0,126,280,2204,11,0
53.771369,3.997000,117.000,35.877000,3.060000,128.554832,3702,342,0,126,280,2204,11,0
53.777972,6.603000,117.000,35.877000,3.060000,128.556980,3705,342,0,126,280,2204,11,0
53.792033,14.061000,117.000,35.877000,3.060000,128.559113,3708,342,0,126,280,2204,11,0
53.799415,7.382000,117.000,35.877000,3.060000,128.559593,3708,342,0,126,280,2204,11,0
53.803340,3.925000,117.000,35.877000,3.060000,128.560074,3708,342,0,126,280,2204,11,0
53.817239,13.899000,117.000,35.877000,3.060000,128.560509,3708,342,0,126,280,2204,11,0
53.821204,3.965000,117.000,35.877000,3.060000,128.560989,3708,342,0,126,280,2204,11,0
53.833940,12.736000,117.000,35.877000,3.060000,128.558968,3704,342,0,126,280,2204,11,0
53.837804,3.864000,117.000,35.877000,3.060000,128.559402,3704,342,0,124,244,2132,11,0
53.850758,12.954000,117.000,35.877000,3.060000,128.559830,3704,342,0,124,244,2132,11,0
53.854406,3.648000,117.000,35.877000,3.060000,128.524517,3702,342,0,124,244,2132,11,0
53.861503,7.097000,117.000,35.877000,3.060000,128.525005,3702,342,0,124,244,2132,11,0
53.874577,13.074000,117.000,35.877000,3.060000,128.525486,3702,342,0,124,244,2132,11,0
53.883914,9.337000,117.000,35.877000,3.060000,128.525993,3702,342,0,124,244,2132,11,0
53.887631,3.717000,117.000,35.877000,3.060000,128.528374,3705,342,0,124,244,2132,11,0
53.900061,12.430000,117.000,35.877000,3.060000,128.523209,3696,342,0,124,244,2132,11,0
53.903094,3.033000,117.000,35.877000,3.060000,128.523689,3696,342,0,123,244,2132,11,0
53.917464,14.370000,117.000,35.877000,3.060000,128.525627,3699,342,0,123,244,2132,11,0
53.921319,3.855000,117.000,35.877000,3.060000,128.522606,3693,342,0,123,244,2132,11,0
53.934595,13.276000,117.000,35.877000,3.060000,128.523064,3693,342,0,122,243,2130,11,0
53.937975,3.380000,117.000,35.877000,3.060000,128.523544,3693,342,0,121,243,2130,11,0
53.950141,12.166000,117.000,35.877000,3.060000,128.524040,3693,342,0,119,241,2126,11,0
53.957800,7.659000,117.000,35.877000,3.060000,128.524521,3693,342,0,120,241,2126,11,0
53.963333,5.533000,117.000,35.877000,3.060000,128.514446,3689,338,0,119,240,2124,11,0
53.968729,5.396000,117.000,35.877000,3.060000,128.510578,3682,338,0,119,240,2124,11,0
53.984057,15.328000,117.000,35.877000,3.060000,128.512707,3685,338,0,117,238,2120,11,0
53.987525,3.468000,117.000,35.877000,3.060000,128.513103,3685,338,0,116,237,2118,11,0
54.000364,12.839000,117.000,35.877000,3.060000,128.512329,3682,338,0,115,236,2116,11,1
54.003559,3.195000,117.000,35.877000,3.060000,128.499146,3676,333,0,116,236,2116,11,1
54.017889,14.330000,117.000,35.877000,3.060000,128.495220,3669,333,0,116,236,2116,11,1
54.026912,9.023000,117.000,35.877000,3.060000,128.512615,3668,333,0,127,254,2152,11,1
54.042203,15.291000,117.000,35.877000,3.060000,128.513721,3674,332,0,127,254,2152,11,0
54.049279,7.076000,117.000,35.877000,3.060000,128.505108,3669,332,0,116,242,2128,11,0
54.053989,4.710000,117.000,35.877000,3.060000,128.505589,3669,332,0,116,242,2128,11,0
54.066179,12.190000,117.000,35.877000,3.060000,128.506069,3669,332,0,116,242,2128,11,0
54.070885,4.706000,117.000,35.877000,3.060000,128.506550,3669,332,0,116,242,2128,11,0
54.082870,11.985000,117.000,35.877000,3.060000,128.507030,3669,332,0,116,242,2128,11,0
54.087599,4.729000,111.000,37.187000,2.778000,128.507465,3669,332,0,116,242,2128,11,0
54.099917,12.318000,111.000,37.187000,2.778000,128.507946,3669,332,0,116,242,2128,11,0
54.105996,6.079000,111.000,37.187000,2.778000,128.508427,3669,332,0,116,242,2128,11,0
54.110895,4.899000,111.000,37.187000,2.778000,128.508907,3669,332,0,116,242,2128,11,0
54.126034,15.139000,111.000,37.187000,2.778000,128.507748,3666,332,0,116,242,2128,11,0
54.133417,7.383000,111.000,37.187000,2.778000,128.508228,3666,332,0,116,242,2128,11,0
54.138541,5.124000,111.000,37.187000,2.778000,128.508709,3666,332,0,116,242,2128,11,0
54.143579,5.038000,111.000,37.187000,2.778000,128.512402,3671,332,0,116,242,2128,11,0
54.159365,15.786000,111.000,37.187000,2.778000,128.510994,3668,332,0,116,242,2128,11,0
54.163046,3.681000,111.000,37.187000,2.778000,128.511475,3668,332,0,116,242,2128,11,0
54.175895,12.849000,111.000,37.187000,2.778000,128.511902,3668,332,0,115,236,2116,11,0
54.182677,6.782000,111.000,37.187000,2.778000,128.507973,3666,332,0,115,236,2116,11,0
54.187312,4.635000,111.000,37.187000,2.778000,128.508453,3666,332,0,115,236,2116,11,0
54.199404,12.092000,111.000,37.187000,2.778000,128.500610,3666,332,0,115,236,2116,11,0
54.204261,4.857000,111.000,37.187000,2.778000,128.501129,3666,332,0,114,235,2114,11,0
54.216224,11.963000,111.000,37.187000,2.778000,128.501610,3666,332,0,116,235,2114,11,0
54.221504,5.280000,111.000,37.187000,2.778000,128.500450,3663,332,0,116,235,2114,11,0
54.232883,11.379000,111.000,37.187000,2.778000,128.500931,3663,332,0,115,235,2114,11,0
54.237713,4.830000,111.000,37.187000,2.778000,128.501442,3663,332,0,115,235,2114,11,0
54.249437,11.724000,111.000,37.187000,2.778000,128.501923,3663,332,0,115,235,2114,11,0
54.254361,4.924000,111.000,37.187000,2.778000,128.505142,3667,332,0,115,235,2114,11,0
54.260421,6.060000,111.000,37.187000,2.778000,128.505623,3667,332,0,116,235,2114,11,0
54.275819,15.398000,111.000,37.187000,2.778000,128.506073,3667,332,0,116,235,2114,11,0
54.282865,7.046000,111.000,37.187000,2.778000,128.506554,3667,332,0,115,235,2114,11,0
54.287634,4.769000,111.000,37.187000,2.778000,128.507034,3667,332,0,115,235,2114,11,0
54.299261,11.627000,111.000,37.187000,2.778000,128.507515,3667,332,0,114,234,2112,11,0
54.303738,4.477000,111.000,37.187000,2.778000,128.497566,3662,329,0,114,234,2112,11,0
54.340049,36.311000,111.000,37.187000,2.778000,128.622311,3728,342,0,172,332,2308,11,0
54.343395,3.346000,111.000,37.187000,2.778000,128.623371,3728,342,0,172,331,2306,11,0
54.358007,14.612000,111.000,37.187000,2.778000,128.588264,3693,337,0,159,318,2280,11,0
54.360824,2.817000,111.000,37.187000,2.778000,128.583199,3683,337,0,159,318,2280,11,0
54.375416,14.592000,111.000,37.187000,2.778000,128.583698,3683,337,0,159,318,2280,11,0
54.382796,7.380000,111.000,37.187000,2.778000,128.584179,3683,337,0,159,318,2280,11,0
54.387994,5.198000,111.000,37.187000,2.778000,128.584641,3683,337,0,159,318,2280,11,0
54.399701,11.707000,111.000,37.187000,2.778000,128.585121,3683,337,0,159,318,2280,11,0
54.404131,4.430000,111.000,37.187000,2.778000,128.585602,3683,337,0,159,318,2280,11,0
54.416540,12.409000,111.000,37.187000,2.778000,128.586082,3683,337,0,159,318,2280,11,0
54.420894,4.354000,111.000,37.187000,2.778000,128.586517,3683,337,0,159,318,2280,11,0
54.433712,12.818000,111.000,37.187000,2.778000,128.584496,3679,337,0,159,318,2280,11,0
54.437602,3.890000,111.000,37.187000,2.778000,128.584976,3679,337,0,159,318,2280,11,0
54.450068,12.466000,111.000,37.187000,2.778000,128.585457,3679,337,0,157,282,2208,11,0
54.458608,8.540000,111.000,37.187000,2.778000,128.585884,3679,337,0,157,282,2208,11,0
54.463932,5.324000,111.000,37.187000,2.778000,128.550571,3677,337,0,157,282,2208,11,0
54.468486,4.554000,111.000,37.187000,2.778000,128.551052,3677,337,0,157,282,2208,11,0
54.484079,15.593000,111.000,37.187000,2.778000,128.553226,3680,337,0,157,282,2208,11,0
54.487857,3.778000,111.000,37.187000,2.778000,128.553707,3680,337,0,157,282,2208,11,0
54.500577,12.720000,111.000,37.187000,2.778000,128.555847,3683,337,0,156,281,2206,11,0
54.504275,3.698000,111.000,37.187000,2.778000,128.556328,3683,337,0,157,281,2206,11,0
54.510365,6.090000,111.000,37.187000,2.778000,128.553619,3678,337,0,157,281,2206,11,0
54.525573,15.208000,111.000,37.187000,2.778000,128.553864,3678,337,0,157,281,2206,11,0
54.532663,7.090000,111.000,37.187000,2.778000,128.550842,3672,337,0,156,281,2206,11,0
54.537884,5.221000,111.000,37.187000,2.778000,128.551323,3672,337,0,156,281,2206,11,0
54.549460,11.576000,111.000,37.187000,2.778000,128.551804,3672,337,0,155,280,2204,11,0
54.554540,5.080000,111.000,37.187000,2.778000,128.552254,3672,337,0,154,279,2202,11,0
54.560384,5.844000,111.000,37.187000,2.778000,128.552689,3672,337,0,152,278,2200,11,0
54.575684,15.300000,111.000,37.187000,2.778000,128.542694,3668,333,0,151,277,2198,11,0
54.582759,7.075000,111.000,37.187000,2.778000,128.538826,3661,333,0,152,277,2198,11,0
54.587722,4.963000,111.000,37.187000,2.778000,128.540981,3664,333,0,151,276,2196,11,0
54.599837,12.115000,111.000,37.187000,2.778000,128.541462,3664,333,0,150,275,2194,11,0
54.604438,4.601000,111.000,37.187000,2.778000,128.541824,3664,333,0,149,274,2192,11,0
54.610370,5.932000,111.000,37.187000,2.778000,128.526772,3655,328,0,147,273,2190,11,0
54.626622,16.252000,111.000,37.187000,2.778000,128.520836,3645,328,0,147,273,2190,11,0
54.633213,6.591000,111.000,37.187000,2.778000,128.521317,3645,328,0,147,273,2190,11,0
54.640877,7.664000,111.000,37.187000,2.778000,128.540367,3647,328,0,161,291,2226,11,0
54.644408,3.531000,111.000,37.187000,2.778000,128.540848,3647,328,0,149,279,2202,11,0
54.658997,14.589000,111.000,37.187000,2.778000,128.535492,3647,328,0,149,279,2202,11,0
54.663145,4.148000,111.000,37.187000,2.778000,128.535973,3647,328,0,149,279,2202,11,0
54.669841,6.696000,111.000,37.187000,2.778000,128.536453,3647,328,0,149,279,2202,11,0
54.682658,12.817000,111.000,37.187000,2.778000,128.536934,3647,328,0,149,279,2202,11,0
54.687799,5.141000,111.000,37.187000,2.778000,128.539066,3650,328,0,149,279,2202,11,0
54.701187,13.388000,111.000,37.187000,2.778000,128.528019,3646,324,0,149,279,2202,11,0
54.717235,16.048000,111.000,37.187000,2.778000,128.525318,3640,324,0,149,279,2202,11,0
54.721143,3.908000,111.000,37.187000,2.778000,128.525799,3640,324,0,149,279,2202,11,0
54.728662,7.519000,111.000,37.187000,2.778000,128.527973,3643,324,0,149,279,2202,11,0
54.735397,6.735000,111.000,37.187000,2.778000,128.526814,3640,324,0,149,279,2202,11,0
54.750143,14.746000,111.000,37.187000,2.778000,128.528923,3643,324,0,149,279,2202,11,0
54.753581,3.438000,111.000,37.187000,2.778000,128.529404,3643,324,0,149,279,2202,11,0
54.767297,13.716000,111.000,37.187000,2.778000,128.529877,3643,324,0,149,279,2202,11,0
54.771193,3.896000,111.000,37.187000,2.778000,128.530357,3643,324,0,149,279,2202,11,0
54.784303,13.110000,111.000,37.187000,2.778000,128.530838,3643,324,0,149,279,2202,11,0
54.787931,3.628000,111.000,37.187000,2.778000,128.526855,3641,324,0,148,273,2190,11,0
54.800087,12.156000,111.000,37.187000,2.778000,128.527336,3641,324,0,148,273,2190,11,0
54.803315,3.228000,111.000,37.187000,2.778000,128.519493,3641,324,0,148,273,2190,11,0
54.817695,14.380000,111.000,37.187000,2.778000,128.519989,3641,324,0,148,273,2190,11,0
54.821374,3.679000,111.000,37.187000,2.778000,128.520470,3641,324,0,148,273,2190,11,0
54.834198,12.824000,111.000,37.187000,2.778000,128.519295,3638,324,0,148,273,2190,11,0
54.837709,3.511000,111.000,37.187000,2.778000,128.519775,3638,324,0,147,273,2190,11,0
54.850522,12.813000,111.000,37.187000,2.778000,128.520271,3638,324,0,147,273,2190,11,0
54.853758,3.236000,111.000,37.187000,2.778000,128.520752,3638,324,0,147,273,2190,11,0
54.867267,13.509000,111.000,37.187000,2.778000,128.527229,3648,324,0,147,273,2190,11,0
54.871227,3.960000,111.000,37.187000,2.778000,128.527710,3648,324,0,148,273,2190,11,0
54.884188,12.961000,111.000,37.187000,2.778000,128.528198,3648,324,0,148,273,2190,11,0
54.889246,5.058000,111.000,37.187000,2.778000,128.528664,3648,324,0,149,273,2190,11,0
54.892479,3.233000,111.000,37.187000,2.778000,128.529144,3648,324,0,148,273,2190,11,0
54.909079,16.600000,111.000,37.187000,2.778000,128.529640,3648,324,0,148,273,2190,11,0
54.943964,34.885000,111.000,37.187000,2.778000,128.625462,3710,333,0,170,331,2306,11,0
54.957548,13.584000,111.000,37.187000,2.778000,128.600956,3707,333,0,122,277,2198,11,0
54.961374,3.826000,111.000,37.187000,2.778000,128.603840,3701,333,0,122,277,2198,11,0
54.975314,13.940000,111.000,37.187000,2.778000,128.580273,3668,333,0,122,277,2198,11,0
54.982791,7.477000,111.000,37.187000,2.778000,128.580753,3668,333,0,122,277,2198,11,0
54.986773,3.982000,111.000,37.187000,2.778000,128.581234,3668,333,0,122,277,2198,11,0
55.000655,13.882000,111.000,37.187000,2.778000,128.581715,3668,333,0,122,277,2198,11,0
55.004376,3.721000,111.000,37.187000,2.778000,128.582195,3668,333,0,122,277,2198,11,0
55.017827,13.451000,111.000,37.187000,2.778000,128.582676,3668,333,0,122,277,2198,11,0
55.021829,4.002000,111.000,37.187000,2.778000,128.583157,3668,333,0,122,277,2198,11,0
55.027845,6.016000,111.000,37.187000,2.778000,128.583637,3668,333,0,122,277,2198,11,0
55.040926,13.081000,111.000,37.187000,2.778000,128.584118,3668,333,0,122,277,2198,11,0
55.050471,9.545000,111.000,37.187000,2.778000,128.582096,3664,333,0,120,241,2126,11,0
55.053933,3.462000,111.000,37.187000,2.778000,128.582577,3664,333,0,120,241,2126,11,0
55.067081,13.148000,111.000,37.187000,2.778000,128.583004,3664,333,0,120,241,2126,11,0
55.070944,3.863000,111.000,37.187000,2.778000,128.547691,3662,333,0,120,241,2126,11,0
55.084769,13.825000,111.000,37.187000,2.778000,128.546558,3659,333,0,120,241,2126,11,0
55.088330,3.561000,112.000,35.411000,1.846000,128.547039,3659,333,0,120,241,2126,11,0
55.100713,12.383000,112.000,35.411000,1.846000,128.548080,3659,333,0,120,241,2126,11,1
55.105982,5.269000,112.000,35.411000,1.846000,128.548561,3659,333,0,121,241,2126,11,1
55.112751,6.769000,112.000,35.411000,1.846000,128.549042,3659,333,0,121,241,2126,11,1
55.119808,7.057000,112.000,35.411000,1.846000,128.549831,3659,333,0,121,241,2126,11,1
55.132767,12.959000,112.000,35.411000,1.846000,128.550312,3659,333,0,120,241,2126,11,1
55.139402,6.635000,112.000,35.411000,1.846000,128.669231,3779,356,0,120,241,2126,11,0
55.143481,4.079000,112.000,35.411000,1.846000,128.662952,3768,356,0,131,252,2148,11,0
55.159573,16.092000,112.000,35.411000,1.846000,128.663403,3768,356,0,131,252,2148,11,0
55.163659,4.086000,112.000,35.411000,1.846000,128.663883,3768,356,0,131,250,2144,11,0
55.170170,6.511000,112.000,35.411000,1.846000,128.653889,3764,352,0,130,249,2142,11,0
55.182855,12.685000,112.000,35.411000,1.846000,128.649975,3757,352,0,129,249,2142,11,0
55.188242,5.387000,112.000,35.411000,1.846000,128.652115,3760,352,0,129,249,2142,11,0
55.193520,5.278000,112.000,35.411000,1.846000,128.652596,3760,352,0,127,247,2138,11,0
55.209517,15.997000,112.000,35.411000,1.846000,128.654602,3763,352,0,127,246,2136,11,0
55.218960,9.443000,112.000,35.411000,1.846000,128.639549,3754,347,0,126,245,2134,11,0
55.233973,15.013000,112.000,35.411000,1.846000,128.633587,3744,347,0,126,245,2134,11,0
55.237764,3.791000,112.000,35.411000,1.846000,128.634068,3744,347,0,126,245,2134,11,0
55.245771,8.007000,112.000,35.411000,1.846000,128.653133,3746,347,0,139,263,2170,11,0
55.260075,14.304000,112.000,35.411000,1.846000,128.653614,3746,347,0,138,263,2170,11,0
55.264466,4.391000,112.000,35.411000,1.846000,128.648258,3746,347,0,126,251,2146,11,0
55.270241,5.775000,112.000,35.411000,1.846000,128.648739,3746,347,0,126,251,2146,11,0
55.282744,12.503000,112.000,35.411000,1.846000,128.649220,3746,347,0,127,251,2146,11,0
55.287918,5.174000,112.000,35.411000,1.846000,128.651367,3749,347,0,127,251,2146,11,0
55.299262,11.344000,112.000,35.411000,1.846000,128.651848,3749,347,0,126,251,2146,11,0
55.303819,4.557000,112.000,35.411000,1.846000,128.652328,3749,347,0,125,250,2144,11,0
55.317067,13.248000,112.000,35.411000,1.846000,128.652809,3749,347,0,125,250,2144,11,0
55.322200,5.133000,112.000,35.411000,1.846000,128.654942,3752,347,0,125,250,2144,11,0
55.326085,3.885000,112.000,35.411000,1.846000,128.655342,3752,347,0,126,250,2144,11,0
55.341862,15.777000,112.000,35.411000,1.846000,128.655823,3752,347,0,126,250,2144,11,0
55.350125,8.263000,112.000,35.411000,1.846000,128.656303,3752,347,0,126,250,2144,11,0
55.353512,3.387000,112.000,35.411000,1.846000,128.656784,3752,347,0,126,250,2144,11,0
55.367437,13.925000,112.000,35.411000,1.846000,128.657265,3752,347,0,126,250,2144,11,0
55.376850,9.413000,112.000,35.411000,1.846000,128.657745,3752,347,0,126,250,2144,11,0
55.392997,16.147000,112.000,35.411000,1.846000,128.659794,3755,347,0,125,244,2132,11,0
55.399296,6.299000,112.000,35.411000,1.846000,128.655865,3753,347,0,125,244,2132,11,0
55.404450,5.154000,112.000,35.411000,1.846000,128.637535,3748,344,0,124,243,2130,11,0
55.410107,5.657000,112.000,35.411000,1.846000,128.634277,3742,344,0,122,243,2130,11,0
55.426446,16.339000,112.000,35.411000,1.846000,128.524967,3705,308,0,122,243,2130,11,0
55.432612,6.166000,112.000,35.411000,1.846000,128.493282,3655,308,0,115,225,2094,11,0
55.437547,4.935000,112.000,35.411000,1.846000,128.492107,3652,308,0,115,225,2094,11,0
55.450269,12.722000,112.000,35.411000,1.846000,128.492588,3652,308,0,114,225,2094,11,0
55.458898,8.629000,112.000,35.411000,1.846000,128.493069,3652,308,0,114,225,2094,11,0
55.464171,5.273000,112.000,35.411000,1.846000,128.501228,3665,308,0,114,225,2094,11,0
55.469222,5.051000,112.000,35.411000,1.846000,128.501709,3665,308,0,114,225,2094,11,0
55.484260,15.038000,112.000,35.411000,1.846000,128.502140,3665,308,0,114,225,2094,11,0
55.487760,3.500000,112.000,35.411000,1.846000,128.502575,3665,308,0,114,225,2094,11,0
55.500321,12.561000,112.000,35.411000,1.846000,128.503025,3665,308,0,114,225,2094,11,0
55.503817,3.496000,112.000,35.411000,1.846000,128.503506,3665,308,0,113,225,2094,11,0
55.528863,25.046000,112.000,35.411000,1.846000,128.600368,3709,317,0,171,314,2272,11,0
55.532190,3.327000,112.000,35.411000,1.846000,128.600849,3709,317,0,159,300,2244,11,0
55.535916,3.726000,112.000,35.411000,1.846000,128.595448,3709,317,0,159,300,2244,11,0
55.550450,14.534000,112.000,35.411000,1.846000,128.597580,3712,317,0,159,300,2244,11,0
55.555667,5.217000,112.000,35.411000,1.846000,128.606480,3709,317,0,172,318,2280,11,0
55.561628,5.961000,112.000,35.411000,1.846000,128.590389,3679,317,0,172,318,2280,11,0
55.574552,12.924000,112.000,35.411000,1.846000,128.590870,3679,317,0,172,318,2280,11,0
55.584021,9.469000,112.000,35.411000,1.846000,128.585514,3679,317,0,160,306,2256,11,0
55.587927,3.906000,112.000,35.411000,1.846000,128.585995,3679,317,0,160,306,2256,11,0
55.600094,12.167000,112.000,35.411000,1.846000,128.586475,3679,317,0,160,306,2256,11,0
55.603723,3.629000,112.000,35.411000,1.846000,128.586956,3679,317,0,160,306,2256,11,0
55.611487,7.764000,112.000,35.411000,1.846000,128.585796,3676,317,0,160,306,2256,11,0
55.624488,13.001000,112.000,35.411000,1.846000,128.586277,3676,317,0,160,306,2256,11,0
55.633708,9.220000,112.000,35.411000,1.846000,128.598156,3694,317,0,160,306,2256,11,0
55.637680,3.972000,112.000,35.411000,1.846000,128.564945,3640,317,0,160,306,2256,11,0
55.650111,12.431000,112.000,35.411000,1.846000,128.562099,3634,317,0,160,306,2256,11,0
55.653610,3.499000,112.000,35.411000,1.846000,128.560078,3630,317,0,158,279,2202,11,0
55.666990,13.380000,112.000,35.411000,1.846000,128.560459,3630,317,0,158,279,2202,11,0
55.671164,4.174000,112.000,35.411000,1.846000,128.556484,3628,317,0,158,279,2202,11,0
55.678024,6.860000,112.000,35.411000,1.846000,128.536110,3628,317,0,158,279,2202,11,0
55.690875,12.851000,112.000,35.411000,1.846000,128.536591,3628,317,0,158,279,2202,11,0
55.700398,9.523000,112.000,35.411000,1.846000,128.535431,3625,317,0,157,273,2190,11,0
55.704235,3.837000,112.000,35.411000,1.846000,128.535912,3625,317,0,157,273,2190,11,0
55.711285,7.050000,112.000,35.411000,1.846000,128.527885,3625,317,0,157,273,2190,11,0
55.725066,13.781000,112.000,35.411000,1.846000,128.528366,3625,317,0,157,273,2190,11,0
55.733822,8.756000,112.000,35.411000,1.846000,128.528881,3625,317,0,157,273,2190,11,0
55.737893,4.071000,112.000,35.411000,1.846000,128.529270,3625,317,0,159,273,2190,11,0
55.750328,12.435000,112.000,35.411000,1.846000,128.526218,3619,317,0,158,272,2188,11,0
55.753740,3.412000,112.000,35.411000,1.846000,128.526699,3619,317,0,156,272,2188,11,0
55.767563,13.823000,112.000,35.411000,1.846000,128.527149,3619,317,0,154,270,2184,11,0
55.771520,3.957000,112.000,35.411000,1.846000,128.525990,3616,317,0,155,269,2182,11,0
55.777959,6.439000,112.000,35.411000,1.846000,128.515995,3612,313,0,155,269,2182,11,0
55.790798,12.839000,112.000,35.411000,1.846000,128.537708,3640,314,0,155,269,2182,11,0
55.800087,9.289000,112.000,35.411000,1.846000,128.526760,3622,314,0,154,268,2180,11,0
55.803292,3.205000,112.000,35.411000,1.846000,128.527157,3622,314,0,152,267,2178,11,0
55.819710,16.418000,112.000,35.411000,1.846000,128.513721,3616,309,0,151,266,2176,11,0
55.824889,5.179000,112.000,35.411000,1.846000,128.507839,3606,309,0,151,266,2176,11,0
55.830181,5.292000,112.000,35.411000,1.846000,128.508297,3606,309,0,151,266,2176,11,0
55.836020,5.839000,112.000,35.411000,1.846000,128.527363,3608,309,0,164,284,2212,11,0
55.850677,14.657000,112.000,35.411000,1.846000,128.527813,3608,309,0,164,284,2212,11,0
55.854155,3.478000,112.000,35.411000,1.846000,128.528294,3608,309,0,153,272,2188,11,0
55.861331,7.176000,112.000,35.411000,1.846000,128.522907,3608,309,0,153,272,2188,11,0
55.874587,13.256000,112.000,35.411000,1.846000,128.523388,3608,309,0,152,272,2188,11,0
55.883763,9.176000,112.000,35.411000,1.846000,128.525566,3611,309,0,152,272,2188,11,0
55.887399,3.636000,112.000,35.411000,1.846000,128.526047,3611,309,0,153,272,2188,11,0
55.900336,12.937000,112.000,35.411000,1.846000,128.528172,3614,309,0,153,272,2188,11,0
55.903938,3.602000,112.000,35.411000,1.846000,128.528652,3614,309,0,153,272,2188,11,0
55.917354,13.416000,112.000,35.411000,1.846000,128.529114,3614,309,0,153,272,2188,11,0
55.920945,3.591000,112.000,35.411000,1.846000,128.529594,3614,309,0,153,272,2188,11,0
55.933802,12.857000,112.000,35.411000,1.846000,128.530075,3614,309,0,153,272,2188,11,0
55.937661,3.859000,112.000,35.411000,1.846000,128.530556,3614,309,0,152,272,2188,11,0
55.950277,12.616000,112.000,35.411000,1.846000,128.531052,3614,309,0,152,272,2188,11,0
55.957796,7.519000,112.000,35.411000,1.846000,128.531532,3614,309,0,153,272,2188,11,0
55.963156,5.360000,112.000,35.411000,1.846000,128.532013,3614,309,0,153,272,2188,11,0
55.968770,5.614000,112.000,35.411000,1.846000,128.532494,3614,309,0,142,266,2176,11,0
55.983817,15.047000,112.000,35.411000,1.846000,128.534527,3617,309,0,141,260,2164,11,0
55.987711,3.894000,112.000,35.411000,1.846000,128.530598,3615,309,0,141,260,2164,11,0
56.000475,12.764000,112.000,35.411000,1.846000,128.538372,3621,311,0,141,260,2164,11,0
56.005207,4.732000,112.000,35.411000,1.846000,128.530998,3621,311,0,141,261,2166,11,0
56.011624,6.417000,112.000,35.411000,1.846000,128.533108,3624,311,0,141,261,2166,11,0
56.024535,12.911000,112.000,35.411000,1.846000,128.533588,3624,311,0,141,261,2166,11,0
56.033707,9.172000,112.000,35.411000,1.846000,128.534077,3624,311,0,141,261,2166,11,0
56.037207,3.500000,112.000,35.411000,1.846000,128.534557,3624,311,0,140,261,2166,11,0
56.050326,13.119000,112.000,35.411000,1.846000,128.533382,3621,311,0,140,261,2166,11,0
56.053558,3.232000,112.000,35.411000,1.846000,128.533863,3621,311,0,141,261,2166,11,0
56.067135,13.577000,112.000,35.411000,1.846000,128.534359,3621,311,0,141,261,2166,11,0
56.071056,3.921000,112.000,35.411000,1.846000,128.540844,3631,311,0,141,261,2166,11,0
56.084094,13.038000,112.000,35.411000,1.846000,128.542957,3634,311,0,141,261,2166,11,0
56.087775,3.681000,117.000,24.263000,3.564000,128.543438,3634,311,0,140,261,2166,11,0
56.100324,12.549000,117.000,24.263000,3.564000,128.543896,3634,311,0,140,261,2166,11,0
56.103469,3.145000,117.000,24.263000,3.564000,128.544376,3634,311,0,141,261,2166,11,0
56.117806,14.337000,117.000,24.263000,3.564000,128.546555,3637,311,0,141,261,2166,11,0
56.121853,4.047000,117.000,24.263000,3.564000,128.547035,3637,311,0,141,261,2166,11,0
56.143915,22.062000,117.000,24.263000,3.564000,128.626358,3681,320,0,115,256,2156,11,0
56.150481,6.566000,117.000,24.263000,3.564000,128.603401,3681,320,0,115,256,2156,11,0
56.153561,3.080000,117.000,24.263000,3.564000,128.603882,3681,320,0,114,250,2144,11,0
56.163478,9.917000,117.000,24.263000,3.564000,128.595345,3651,320,0,127,268,2180,11,0
56.168431,4.953000,117.000,24.263000,3.564000,128.579254,3621,320,0,115,256,2156,11,0
56.183553,15.122000,117.000,24.263000,3.564000,128.573898,3621,320,0,115,256,2156,11,0
56.187233,3.680000,117.000,24.263000,3.564000,128.574379,3621,320,0,115,256,2156,11,0
56.200378,13.145000,117.000,24.263000,3.564000,128.575466,3621,320,0,115,256,2156,11,1
56.203793,3.415000,117.000,24.263000,3.564000,128.575947,3621,320,0,115,256,2156,11,1
56.217260,13.467000,117.000,24.263000,3.564000,128.575096,3618,320,0,115,256,2156,11,1
56.221015,3.755000,117.000,24.263000,3.564000,128.575531,3618,320,0,115,256,2156,11,1
56.234259,13.244000,117.000,24.263000,3.564000,128.575211,3624,319,0,115,256,2156,11,0
56.237967,3.708000,117.000,24.263000,3.564000,128.572433,3619,319,0,115,256,2156,11,0
56.249933,11.966000,117.000,24.263000,3.564000,128.572926,3619,319,0,115,256,2156,11,0
56.253275,3.342000,117.000,24.263000,3.564000,128.573406,3619,319,0,115,256,2156,11,0
56.267510,14.235000,117.000,24.263000,3.564000,128.571384,3615,319,0,115,256,2156,11,0
56.271136,3.626000,117.000,24.263000,3.564000,128.571819,3615,319,0,113,229,2102,11,0
56.283949,12.813000,117.000,24.263000,3.564000,128.572247,3615,319,0,113,229,2102,11,0
56.287745,3.796000,117.000,24.263000,3.564000,128.568317,3613,319,0,113,229,2102,11,0
56.300905,13.160000,117.000,24.263000,3.564000,128.547951,3613,319,0,113,229,2102,11,0
56.303999,3.094000,117.000,24.263000,3.564000,128.548431,3613,319,0,112,223,2090,11,0
56.317948,13.949000,117.000,24.263000,3.564000,128.547287,3610,319,0,112,223,2090,11,0
56.333937,15.989000,117.000,24.263000,3.564000,128.539265,3610,319,0,112,223,2090,11,0
56.337222,3.285000,117.000,24.263000,3.564000,128.539745,3610,319,0,113,223,2090,11,0
56.350389,13.167000,117.000,24.263000,3.564000,128.536854,3604,319,0,113,223,2090,11,0
56.353565,3.176000,117.000,24.263000,3.564000,128.533833,3598,319,0,112,223,2090,11,0
56.367519,13.954000,117.000,24.263000,3.564000,128.534313,3598,319,0,111,222,2088,11,0
56.371070,3.551000,117.000,24.263000,3.564000,128.534794,3598,319,0,112,222,2088,11,0
56.384054,12.984000,117.000,24.263000,3.564000,128.535213,3598,319,0,110,220,2084,11,0
56.387312,3.258000,117.000,24.263000,3.564000,128.535694,3598,319,0,109,219,2082,11,0
56.400306,12.994000,117.000,24.263000,3.564000,128.525745,3594,315,0,108,218,2080,11,0
56.403185,2.879000,117.000,24.263000,3.564000,128.521877,3587,315,0,107,218,2080,11,0
56.418991,15.806000,117.000,24.263000,3.564000,128.706207,3707,363,0,105,216,2076,11,0
56.422566,3.575000,117.000,24.263000,3.564000,128.715347,3707,363,0,118,239,2122,11,0
56.428635,6.069000,117.000,24.263000,3.564000,128.713985,3704,363,0,117,238,2120,11,0
56.441233,12.598000,117.000,24.263000,3.564000,128.700802,3698,358,0,116,238,2120,11,0
56.446685,5.452000,117.000,24.263000,3.564000,128.706421,3690,358,0,124,247,2138,11,0
56.451162,4.477000,117.000,24.263000,3.564000,128.706902,3690,358,0,124,247,2138,11,0
56.467197,16.035000,117.000,24.263000,3.564000,128.701576,3690,358,0,112,235,2114,11,0
56.470688,3.491000,117.000,24.263000,3.564000,128.702057,3690,358,0,112,235,2114,11,0
56.483869,13.181000,117.000,24.263000,3.564000,128.700897,3687,358,0,112,235,2114,11,0
56.487331,3.462000,117.000,24.263000,3.564000,128.701378,3687,358,0,111,234,2112,11,0
56.501859,14.528000,117.000,24.263000,3.564000,128.691368,3682,355,0,111,234,2112,11,0
56.505193,3.334000,117.000,24.263000,3.564000,128.688156,3676,355,0,111,234,2112,11,0
56.512115,6.922000,117.000,24.263000,3.564000,128.703953,3686,359,0,111,234,2112,11,0
56.524407,12.292000,117.000,24.263000,3.564000,128.705120,3686,359,0,112,236,2116,11,0
56.534882,10.475000,117.000,24.263000,3.564000,128.705582,3686,359,0,112,236,2116,11,0
56.538314,3.432000,117.000,24.263000,3.564000,128.706062,3686,359,0,112,236,2116,11,0
56.544444,6.130000,117.000,24.263000,3.564000,128.708187,3689,359,0,112,236,2116,11,0
56.557810,13.366000,117.000,24.263000,3.564000,128.708668,3689,359,0,112,236,2116,11,0
56.562780,4.970000,117.000,24.263000,3.564000,128.709099,3689,359,0,112,236,2116,11,0
56.574503,11.723000,117.000,24.263000,3.564000,128.709534,3689,359,0,112,236,2116,11,0
56.583689,9.186000,117.000,24.263000,3.564000,128.711674,3692,359,0,112,236,2116,11,0
56.587099,3.410000,117.000,24.263000,3.564000,128.712101,3692,359,0,111,233,2110,11,0
56.600297,13.198000,117.000,24.263000,3.564000,128.709820,3693,359,0,111,233,2110,11,0
56.603863,3.566000,117.000,24.263000,3.564000,128.710300,3693,359,0,111,233,2110,11,0
56.617272,13.409000,117.000,24.263000,3.564000,128.706604,3693,359,0,111,233,2110,11,0
56.620791,3.519000,117.000,24.263000,3.564000,128.707085,3693,359,0,111,233,2110,11,0
56.634228,13.437000,117.000,24.263000,3.564000,128.707550,3693,359,0,111,233,2110,11,0
56.637620,3.392000,117.000,24.263000,3.564000,128.708031,3693,359,0,110,233,2110,11,0
56.650454,12.834000,117.000,24.263000,3.564000,128.708496,3693,359,0,110,233,2110,11,0
56.653443,2.989000,117.000,24.263000,3.564000,128.708977,3693,359,0,111,233,2110,11,0
56.667795,14.352000,117.000,24.263000,3.564000,128.709457,3693,359,0,111,233,2110,11,0
56.671325,3.530000,117.000,24.263000,3.564000,128.709938,3693,359,0,110,233,2110,11,0
56.679821,8.496000,117.000,24.263000,3.564000,128.718067,3706,359,0,110,233,2110,11,0
56.685076,5.255000,117.000,24.263000,3.564000,128.718548,3706,359,0,111,233,2110,11,0
56.700577,15.501000,117.000,24.263000,3.564000,128.719009,3706,359,0,111,233,2110,11,0
56.705970,5.393000,117.000,24.263000,3.564000,128.719490,3706,359,0,111,233,2110,11,0
56.714458,8.488000,117.000,24.263000,3.564000,128.721588,3709,359,0,111,233,2110,11,0
56.721992,7.534000,117.000,24.263000,3.564000,128.722069,3709,359,0,111,233,2110,11,0
56.728375,6.383000,117.000,24.263000,3.564000,128.717163,3707,357,0,110,232,2108,11,0
56.749931,21.556000,117.000,24.263000,3.564000,128.831112,3765,366,0,174,336,2316,11,0
56.752687,2.756000,117.000,24.263000,3.564000,128.825756,3765,366,0,162,322,2288,11,0
56.766136,13.449000,117.000,24.263000,3.564000,128.831921,3765,366,0,174,334,2312,11,0
56.768629,2.493000,117.000,24.263000,3.564000,128.815830,3735,366,0,174,334,2312,11,0
56.782849,14.220000,117.000,24.263000,3.564000,128.816322,3735,366,0,162,322,2288,11,0
56.784932,2.083000,117.000,24.263000,3.564000,128.810966,3735,366,0,162,322,2288,11,0
56.799435,14.503000,117.000,24.263000,3.564000,128.811447,3735,366,0,162,322,2288,11,0
56.801502,2.067000,117.000,24.263000,3.564000,128.811928,3735,366,0,162,322,2288,11,0
56.816339,14.837000,117.000,24.263000,3.564000,128.814091,3738,366,0,162,322,2288,11,0
56.818401,2.062000,117.000,24.263000,3.564000,128.814571,3738,366,0,162,322,2288,11,0
56.832781,14.380000,117.000,24.263000,3.564000,128.813412,3735,366,0,162,322,2288,11,0
56.834676,1.895000,117.000,24.263000,3.564000,128.813892,3735,366,0,162,322,2288,11,0
56.849358,14.682000,117.000,24.263000,3.564000,128.814373,3735,366,0,162,322,2288,11,0
56.851367,2.009000,117.000,24.263000,3.564000,128.814854,3735,366,0,162,322,2288,11,0
56.866189,14.822000,117.000,24.263000,3.564000,128.815334,3735,366,0,162,322,2288,11,0
56.868226,2.037000,117.000,24.263000,3.564000,128.813313,3731,366,0,162,322,2288,11,0
56.882823,14.597000,117.000,24.263000,3.564000,128.813793,3731,366,0,160,286,2216,11,0
56.884704,1.881000,117.000,24.263000,3.564000,128.814220,3731,366,0,160,286,2216,11,0
56.899296,14.592000,117.000,24.263000,3.564000,128.811943,3732,366,0,160,286,2216,11,0
56.901280,1.984000,117.000,24.263000,3.564000,128.781040,3732,366,0,160,286,2216,11,0
56.916416,15.136000,117.000,24.263000,3.564000,128.779812,3729,366,0,160,286,2216,11,0
56.918425,2.009000,117.000,24.263000,3.564000,128.780293,3729,366,0,160,286,2216,11,0
56.932883,14.458000,117.000,24.263000,3.564000,128.780766,3729,366,0,160,286,2216,11,0
56.934892,2.009000,117.000,24.263000,3.564000,128.781246,3729,366,0,159,286,2216,11,0
56.949516,14.624000,117.000,24.263000,3.564000,128.781734,3729,366,0,159,286,2216,11,0
56.951618,2.102000,117.000,24.263000,3.564000,128.782009,3729,366,0,160,286,2216,11,0
56.966420,14.802000,117.000,24.263000,3.564000,128.778965,3723,366,0,160,286,2216,11,0
56.968961,2.541000,117.000,24.263000,3.564000,128.779400,3723,366,0,157,285,2214,11,0
56.982961,14.000000,117.000,24.263000,3.564000,128.779881,3723,366,0,157,285,2214,11,0
56.985170,2.209000,117.000,24.263000,3.564000,128.780361,3723,366,0,156,283,2210,11,0
56.999723,14.553000,117.000,24.263000,3.564000,128.780796,3723,366,0,155,282,2208,11,0
57.001944,2.221000,117.000,24.263000,3.564000,128.770863,3719,362,0,154,282,2208,11,0
57.016660,14.716000,117.000,24.263000,3.564000,128.765339,3709,362,0,154,282,2208,11,0
57.019611,2.951000,117.000,24.263000,3.564000,128.765774,3709,362,0,153,280,2204,11,0
57.033139,13.528000,117.000,24.263000,3.564000,128.766140,3709,362,0,152,279,2202,11,0
57.036170,3.031000,117.000,24.263000,3.564000,128.764751,3706,362,0,151,278,2200,11,0
57.050836,14.666000,117.000,24.263000,3.564000,128.748226,3694,357,0,152,278,2200,11,0
57.056059,5.223000,117.000,24.263000,3.564000,128.742390,3684,357,0,152,278,2200,11,0
57.065936,9.877000,117.000,24.263000,3.564000,128.754387,3686,357,0,159,287,2218,11,0
57.070468,4.532000,117.000,24.263000,3.564000,128.751949,3686,357,0,153,281,2206,11,0
57.084060,13.592000,117.000,24.263000,3.564000,128.752445,3686,357,0,153,281,2206,11,0
57.087814,3.754000,117.000,21.231000,3.834000,128.752880,3686,357,0,153,281,2206,11,0
57.101005,13.191000,117.000,21.231000,3.834000,128.753330,3686,357,0,153,281,2206,11,0
57.104735,3.730000,117.000,21.231000,3.834000,128.753811,3686,357,0,153,281,2206,11,0
57.111156,6.421000,117.000,21.231000,3.834000,128.754322,3686,357,0,153,281,2206,11,0
57.124509,13.353000,117.000,21.231000,3.834000,128.754803,3686,357,0,153,281,2206,11,0
57.133990,9.481000,117.000,21.231000,3.834000,128.753643,3683,357,0,153,281,2206,11,0
57.137905,3.915000,117.000,21.231000,3.834000,128.754078,3683,357,0,153,281,2206,11,0
57.150417,12.512000,117.000,21.231000,3.834000,128.754543,3683,357,0,153,281,2206,11,0
57.153791,3.374000,117.000,21.231000,3.834000,128.755024,3683,357,0,153,281,2206,11,0
57.167268,13.477000,117.000,21.231000,3.834000,128.755489,3683,357,0,153,281,2206,11,0
57.171354,4.086000,117.000,21.231000,3.834000,128.755970,3683,357,0,153,281,2206,11,0
57.177976,6.622000,117.000,21.231000,3.834000,128.754826,3680,357,0,153,281,2206,11,0
57.190691,12.715000,117.000,21.231000,3.834000,128.755306,3680,357,0,153,281,2206,11,0
57.200535,9.844000,117.000,21.231000,3.834000,128.756977,3680,357,0,153,281,2206,11,2
57.204534,3.999000,117.000,21.231000,3.834000,128.757458,3680,357,0,152,278,2200,11,2
57.211809,7.275000,117.000,21.231000,3.834000,128.754093,3678,357,0,152,278,2200,11,2
57.224424,12.615000,117.000,21.231000,3.834000,128.754574,3678,357,0,152,278,2200,11,2
57.234233,9.809000,117.000,21.231000,3.834000,128.752098,3690,355,0,152,278,2200,11,0
57.238143,3.910000,117.000,21.231000,3.834000,128.677265,3655,330,0,153,277,2198,11,0
57.243828,5.685000,117.000,21.231000,3.834000,128.656376,3615,330,0,153,277,2198,11,0
57.257853,14.025000,117.000,21.231000,3.834000,128.656857,3615,330,0,153,277,2198,11,0
57.263236,5.383000,117.000,21.231000,3.834000,128.657322,3615,330,0,153,277,2198,11,0
57.268642,5.406000,117.000,21.231000,3.834000,128.657803,3615,330,0,153,277,2198,11,0
57.283918,15.276000,117.000,21.231000,3.834000,128.659958,3618,330,0,153,277,2198,11,0
57.287920,4.002000,117.000,21.231000,3.834000,128.666443,3628,330,0,153,277,2198,11,0
57.320179,32.259000,117.000,21.231000,3.834000,128.669098,3631,330,0,153,277,2198,11,1
57.334725,14.546000,117.000,21.231000,3.834000,128.669880,3631,330,0,153,277,2198,11,1
57.339312,4.587000,117.000,21.231000,3.834000,128.671021,3637,329,0,153,277,2198,11,0
57.366240,26.928000,117.000,21.231000,3.834000,128.783119,3713,342,0,175,335,2314,11,0
57.369370,3.130000,117.000,21.231000,3.834000,128.757668,3713,342,0,123,277,2198,11,0
57.382456,13.086000,117.000,21.231000,3.834000,128.760868,3713,342,0,129,283,2210,11,0
57.385726,3.270000,117.000,21.231000,3.834000,128.748894,3701,342,0,117,271,2186,11,0
57.399929,14.203000,117.000,21.231000,3.834000,128.749374,3701,342,0,116,269,2182,11,0
57.402688,2.759000,117.000,21.231000,3.834000,128.751507,3704,342,0,116,269,2182,11,0
57.416162,13.474000,117.000,21.231000,3.834000,128.751987,3704,342,0,116,269,2182,11,0
57.421307,5.145000,117.000,21.231000,3.834000,128.752468,3704,342,0,116,269,2182,11,0
57.432963,11.656000,117.000,21.231000,3.834000,128.752949,3704,342,0,116,269,2182,11,0
57.438044,5.081000,117.000,21.231000,3.834000,128.753429,3704,342,0,116,269,2182,11,0
57.450571,12.527000,117.000,21.231000,3.834000,128.753910,3704,342,0,116,269,2182,11,0
57.455430,4.859000,117.000,21.231000,3.834000,128.754391,3704,342,0,116,269,2182,11,0
57.460111,4.681000,117.000,21.231000,3.834000,128.754826,3704,342,0,116,269,2182,11,0
57.475433,15.322000,117.000,21.231000,3.834000,128.754456,3703,342,0,114,233,2110,11,0
57.483028,7.595000,117.000,21.231000,3.834000,128.754936,3703,342,0,112,231,2106,11,0
57.488078,5.050000,117.000,21.231000,3.834000,128.734455,3693,336,0,111,230,2104,11,0
57.499502,11.424000,117.000,21.231000,3.834000,128.696114,3681,336,0,111,230,2104,11,0
57.504919,5.417000,117.000,21.231000,3.834000,128.693874,3682,336,0,111,230,2104,11,0
57.510181,5.262000,117.000,21.231000,3.834000,128.694355,3682,336,0,111,230,2104,11,0
57.525666,15.485000,117.000,21.231000,3.834000,128.693184,3679,336,0,111,230,2104,11,0
57.532649,6.983000,117.000,21.231000,3.834000,128.693665,3679,336,0,111,230,2104,11,0
57.537646,4.997000,117.000,21.231000,3.834000,128.694107,3679,336,0,111,230,2104,11,0
57.549335,11.689000,117.000,21.231000,3.834000,128.694588,3679,336,0,111,230,2104,11,0
57.553989,4.654000,117.000,21.231000,3.834000,128.694862,3679,336,0,111,230,2104,11,0
57.561072,7.083000,117.000,21.231000,3.834000,128.691841,3673,336,0,111,230,2104,11,0
57.575590,14.518000,117.000,21.231000,3.834000,128.692337,3673,336,0,110,229,2102,11,0
57.582543,6.953000,117.000,21.231000,3.834000,128.692772,3673,336,0,107,226,2096,11,0
57.588115,5.572000,117.000,21.231000,3.834000,128.682705,3668,333,0,107,226,2096,11,0
57.592972,4.857000,117.000,21.231000,3.834000,128.669079,3658,329,0,106,225,2094,11,0
57.609440,16.468000,117.000,21.231000,3.834000,128.680389,3661,333,0,106,225,2094,11,0
57.613158,3.718000,117.000,21.231000,3.834000,128.679871,3658,333,0,105,225,2094,11,0
57.625564,12.406000,117.000,21.231000,3.834000,128.682007,3661,333,0,105,225,2094,11,0
57.632695,7.131000,117.000,21.231000,3.834000,128.682404,3661,333,0,103,224,2092,11,0
57.637595,4.900000,117.000,21.231000,3.834000,128.667278,3652,328,0,102,223,2090,11,0
57.649405,11.810000,117.000,21.231000,3.834000,128.661442,3642,328,0,103,223,2090,11,0
57.653481,4.076000,117.000,21.231000,3.834000,128.661930,3642,328,0,103,223,2090,11,0
57.659935,6.454000,117.000,21.231000,3.834000,128.680996,3644,328,0,115,241,2126,11,0
57.675517,15.582000,117.000,21.231000,3.834000,128.681461,3644,328,0,115,241,2126,11,0
57.682636,7.119000,117.000,21.231000,3.834000,128.679024,3644,328,0,109,235,2114,11,0
57.688256,5.620000,117.000,21.231000,3.834000,128.679504,3644,328,0,109,235,2114,11,0
57.699174,10.918000,117.000,21.231000,3.834000,128.679985,3644,328,0,109,235,2114,11,0
57.703231,4.057000,117.000,21.231000,3.834000,128.678825,3641,328,0,109,235,2114,11,0
57.716119,12.888000,117.000,21.231000,3.834000,128.679306,3641,328,0,108,235,2114,11,0
57.720942,4.823000,117.000,21.231000,3.834000,128.679802,3641,328,0,108,235,2114,11,0
57.732632,11.690000,117.000,21.231000,3.834000,128.680283,3641,328,0,109,235,2114,11,0
57.737280,4.648000,117.000,21.231000,3.834000,128.677483,3635,328,0,109,235,2114,11,0
57.749319,12.039000,117.000,21.231000,3.834000,128.677917,3635,328,0,109,235,2114,11,0
57.752382,3.063000,117.000,21.231000,3.834000,128.678398,3635,328,0,109,235,2114,11,0
57.767117,14.735000,117.000,21.231000,3.834000,128.678864,3635,328,0,109,235,2114,11,0
57.770561,3.444000,117.000,21.231000,3.834000,128.679344,3635,328,0,108,235,2114,11,0
57.783842,13.281000,117.000,21.231000,3.834000,128.679840,3635,328,0,108,235,2114,11,0
57.787201,3.359000,117.000,21.231000,3.834000,128.680321,3635,328,0,109,235,2114,11,0
57.799937,12.736000,117.000,21.231000,3.834000,128.680801,3635,328,0,109,235,2114,11,0
57.802901,2.964000,117.000,21.231000,3.834000,128.681229,3635,328,0,109,235,2114,11,0
57.817199,14.298000,117.000,21.231000,3.834000,128.677284,3633,328,0,108,229,2102,11,0
57.820697,3.498000,117.000,21.231000,3.834000,128.677765,3633,328,0,108,229,2102,11,0
57.833738,13.041000,117.000,21.231000,3.834000,128.678246,3633,328,0,108,229,2102,11,0
57.837374,3.636000,117.000,21.231000,3.834000,128.670403,3633,328,0,108,229,2102,11,0
57.850081,12.707000,117.000,21.231000,3.834000,128.670937,3633,328,0,108,229,2102,11,0
57.853116,3.035000,117.000,21.231000,3.834000,128.671417,3633,328,0,108,229,2102,11,0
57.867546,14.430000,117.000,21.231000,3.834000,128.670258,3630,328,0,108,229,2102,11,0
57.871054,3.508000,117.000,21.231000,3.834000,128.670738,3630,328,0,108,229,2102,11,0
57.884975,13.921000,117.000,21.231000,3.834000,128.669548,3627,328,0,108,229,2102,11,0
57.899307,14.332000,117.000,21.231000,3.834000,128.670029,3627,328,0,108,229,2102,11,0
57.903588,4.281000,117.000,21.231000,3.834000,128.676544,3637,328,0,108,229,2102,11,0
57.915959,12.371000,117.000,21.231000,3.834000,128.677025,3637,328,0,108,229,2102,11,0
57.920299,4.340000,117.000,21.231000,3.834000,128.677490,3637,328,0,108,229,2102,11,0
57.932805,12.506000,117.000,21.231000,3.834000,128.679871,3640,328,0,109,229,2102,11,0
57.937615,4.810000,117.000,21.231000,3.834000,128.674751,3631,328,0,109,229,2102,11,0
57.949471,11.856000,117.000,21.231000,3.834000,128.675232,3631,328,0,108,229,2102,11,0
57.991968,42.497000,117.000,21.231000,3.834000,128.794800,3699,337,0,172,333,2310,11,0
57.999465,7.497000,117.000,21.231000,3.834000,128.793880,3702,337,0,160,319,2282,11,0
58.001851,2.386000,117.000,21.231000,3.834000,128.783157,3687,337,0,161,319,2282,11,0
58.015949,14.098000,117.000,21.231000,3.834000,128.783638,3687,337,0,161,319,2282,11,0
58.018278,2.329000,117.000,21.231000,3.834000,128.784119,3687,337,0,161,319,2282,11,0
58.032995,14.717000,117.000,21.231000,3.834000,128.784599,3687,337,0,161,319,2282,11,0
58.035437,2.442000,117.000,21.231000,3.834000,128.785080,3687,337,0,161,319,2282,11,0
58.049294,13.857000,117.000,21.231000,3.834000,128.785561,3687,337,0,161,319,2282,11,0
58.051558,2.264000,117.000,21.231000,3.834000,128.786041,3687,337,0,161,319,2282,11,0
58.066145,14.587000,117.000,21.231000,3.834000,128.786522,3687,337,0,161,319,2282,11,0
58.068538,2.393000,117.000,21.231000,3.834000,128.787003,3687,337,0,161,319,2282,11,0
58.082825,14.287000,117.000,21.231000,3.834000,128.789150,3690,337,0,161,319,2282,11,0
58.084829,2.004000,110.000,41.599000,1.483000,128.787128,3686,337,0,159,283,2210,11,0
58.099321,14.492000,110.000,41.599000,1.483000,128.787609,3686,337,0,159,283,2210,11,0
58.101249,1.928000,110.000,41.599000,1.483000,128.756653,3686,337,0,159,283,2210,11,0
58.116391,15.142000,110.000,41.599000,1.483000,128.762108,3697,338,0,159,283,2210,11,0
58.118830,2.439000,110.000,41.599000,1.483000,128.760689,3694,338,0,160,284,2212,11,0
58.132972,14.142000,110.000,41.599000,1.483000,128.761086,3694,338,0,160,284,2212,11,0
58.135130,2.158000,110.000,41.599000,1.483000,128.761566,3694,338,0,160,284,2212,11,0
58.149443,14.313000,110.000,41.599000,1.483000,128.761986,3694,338,0,160,284,2212,11,0
58.151699,2.256000,110.000,41.599000,1.483000,128.762466,3694,338,0,159,284,2212,11,0
58.166808,15.109000,110.000,41.599000,1.483000,128.762928,3694,338,0,159,284,2212,11,0
58.169730,2.922000,110.000,41.599000,1.483000,128.763203,3694,338,0,158,284,2212,11,0
58.184386,14.656000,110.000,41.599000,1.483000,128.758503,3685,338,0,157,283,2210,11,0
58.188302,3.916000,110.000,41.599000,1.483000,128.758984,3685,338,0,159,283,2210,11,0
58.194184,5.882000,110.000,41.599000,1.483000,128.759457,3685,338,0,157,281,2206,11,0
58.208247,14.063000,110.000,41.599000,1.483000,128.749523,3681,334,0,154,280,2204,11,0
58.213762,5.515000,110.000,41.599000,1.483000,128.748913,3680,334,0,154,280,2204,11,0
58.219617,5.855000,110.000,41.599000,1.483000,128.749393,3680,334,0,154,279,2202,11,0
58.233918,14.301000,110.000,41.599000,1.483000,128.748196,3677,334,0,154,278,2200,11,0
58.237478,3.560000,110.000,41.599000,1.483000,128.748592,3677,334,0,153,277,2198,11,0
58.251123,13.645000,110.000,41.599000,1.483000,128.733509,3668,329,0,152,276,2196,11,0
58.254524,3.401000,110.000,41.599000,1.483000,128.727673,3658,329,0,151,276,2196,11,0
58.267446,12.922000,110.000,41.599000,1.483000,128.728153,3658,329,0,151,276,2196,11,0
58.273383,5.937000,110.000,41.599000,1.483000,128.747219,3660,329,0,163,294,2232,11,0
58.279201,5.818000,110.000,41.599000,1.483000,128.747715,3660,329,0,164,294,2232,11,0
58.290754,11.553000,110.000,41.599000,1.483000,128.748196,3660,329,0,152,282,2208,11,0
58.300275,9.521000,110.000,41.599000,1.483000,128.742825,3660,329,0,151,281,2206,11,0
58.304600,4.325000,110.000,41.599000,1.483000,128.743305,3660,329,0,151,281,2206,11,0
58.311056,6.456000,110.000,41.599000,1.483000,128.742065,3657,329,0,151,281,2206,11,0
58.324488,13.432000,110.000,41.599000,1.483000,128.742546,3657,329,0,151,281,2206,11,0
58.333975,9.487000,110.000,41.599000,1.483000,128.743042,3657,329,0,151,281,2206,11,0
58.337921,3.946000,110.000,41.599000,1.483000,128.743523,3657,329,0,151,281,2206,11,0
58.350178,12.257000,110.000,41.599000,1.483000,128.743999,3657,329,0,151,281,2206,11,0
58.353551,3.373000,110.000,41.599000,1.483000,128.744480,3657,329,0,151,281,2206,11,0
58.360629,7.078000,110.000,41.599000,1.483000,128.744976,3657,329,0,151,281,2206,11,0
58.374658,14.029000,110.000,41.599000,1.483000,128.745457,3657,329,0,151,281,2206,11,0
58.383842,9.184000,110.000,41.599000,1.483000,128.745922,3657,329,0,151,281,2206,11,0
58.387774,3.932000,110.000,41.599000,1.483000,128.746403,3657,329,0,151,281,2206,11,0
58.401589,13.815000,110.000,41.599000,1.483000,128.747490,3657,329,0,151,281,2206,11,1
58.417433,15.844000,110.000,41.599000,1.483000,128.748241,3657,329,0,151,281,2206,11,1
58.421345,3.912000,110.000,41.599000,1.483000,128.742672,3652,329,0,150,275,2194,11,1
58.428332,6.987000,110.000,41.599000,1.483000,128.743710,3658,328,0,150,275,2194,11,0
58.441244,12.912000,110.000,41.599000,1.483000,128.732609,3653,328,0,151,275,2194,11,0
58.450623,9.379000,110.000,41.599000,1.483000,128.729836,3647,328,0,151,275,2194,11,0
58.454506,3.883000,110.000,41.599000,1.483000,128.730316,3647,328,0,151,275,2194,11,0
58.461664,7.158000,110.000,41.599000,1.483000,128.730812,3647,328,0,151,275,2194,11,0
58.474701,13.037000,110.000,41.599000,1.483000,128.731293,3647,328,0,151,275,2194,11,0
58.483759,9.058000,110.000,41.599000,1.483000,128.731743,3647,328,0,150,274,2192,11,0
58.487903,4.144000,110.000,41.599000,1.483000,128.729034,3642,328,0,150,274,2192,11,0
58.497944,10.041000,110.000,41.599000,1.483000,128.729546,3642,328,0,150,274,2192,11,0
58.503414,5.470000,110.000,41.599000,1.483000,128.736031,3652,328,0,150,274,2192,11,0
58.517543,14.129000,110.000,41.599000,1.483000,128.736481,3652,328,0,150,274,2192,11,0
58.521434,3.891000,110.000,41.599000,1.483000,128.736961,3652,328,0,149,274,2192,11,0
58.528480,7.046000,110.000,41.599000,1.483000,128.737488,3652,328,0,149,274,2192,11,0
58.541049,12.569000,110.000,41.599000,1.483000,128.737923,3652,328,0,151,274,2192,11,0
58.551364,10.315000,110.000,41.599000,1.483000,128.738358,3652,328,0,151,274,2192,11,0
58.555502,4.138000,110.000,41.599000,1.483000,128.738838,3652,328,0,151,274,2192,11,0
58.587023,31.521000,110.000,41.599000,1.483000,128.834644,3714,337,0,117,272,2188,11,0
58.599527,12.504000,110.000,41.599000,1.483000,128.808861,3714,337,0,117,272,2188,11,0
58.602618,3.091000,110.000,41.599000,1.483000,128.813385,3711,337,0,128,283,2210,11,0
58.616403,13.785000,110.000,41.599000,1.483000,128.797295,3681,337,0,128,283,2210,11,0
58.619460,3.057000,110.000,41.599000,1.483000,128.797775,3681,337,0,128,283,2210,11,0
58.634194,14.734000,110.000,41.599000,1.483000,128.795292,3681,337,0,122,277,2198,11,0
58.638074,3.880000,110.000,41.599000,1.483000,128.795773,3681,337,0,122,277,2198,11,0
58.644492,6.418000,110.000,41.599000,1.483000,128.796253,3681,337,0,122,277,2198,11,0
58.658731,14.239000,110.000,41.599000,1.483000,128.796734,3681,337,0,122,277,2198,11,0
58.662643,3.912000,110.000,41.599000,1.483000,128.797215,3681,337,0,122,277,2198,11,0
58.675626,12.983000,110.000,41.599000,1.483000,128.797695,3681,337,0,122,277,2198,11,0
58.682932,7.306000,110.000,41.599000,1.483000,128.798176,3681,337,0,122,277,2198,11,0
58.688526,5.594000,110.000,41.599000,1.483000,128.800323,3684,337,0,122,277,2198,11,0
58.692721,4.195000,110.000,41.599000,1.483000,128.790405,3679,334,0,122,276,2196,11,0
58.708464,15.743000,110.000,41.599000,1.483000,128.786316,3672,334,0,122,276,2196,11,0
58.711855,3.391000,110.000,41.599000,1.483000,128.782333,3670,334,0,121,240,2124,11,0
58.725170,13.315000,110.000,41.599000,1.483000,128.799679,3683,338,0,121,240,2124,11,0
58.733493,8.323000,110.000,41.599000,1.483000,128.769413,3683,338,0,122,242,2128,11,0
58.736698,3.205000,110.000,41.599000,1.483000,128.769894,3683,338,0,121,242,2128,11,0
58.750192,13.494000,110.000,41.599000,1.483000,128.770390,3683,338,0,121,242,2128,11,0
58.753803,3.611000,110.000,41.599000,1.483000,128.770870,3683,338,0,121,242,2128,11,0
58.767292,13.489000,110.000,41.599000,1.483000,128.771385,3683,338,0,121,242,2128,11,0
58.770966,3.674000,110.000,41.599000,1.483000,128.771866,3683,338,0,122,242,2128,11,0
58.784857,13.891000,110.000,41.599000,1.483000,128.773769,3686,338,0,122,242,2128,11,0
58.788155,3.298000,110.000,41.599000,1.483000,128.770748,3680,338,0,121,242,2128,11,0
58.800056,11.901000,110.000,41.599000,1.483000,128.771255,3680,338,0,120,241,2126,11,0
58.803024,2.968000,110.000,41.599000,1.483000,128.771736,3680,338,0,118,239,2122,11,0
58.817645,14.621000,110.000,41.599000,1.483000,128.773846,3683,338,0,118,239,2122,11,0
58.821282,3.637000,110.000,41.599000,1.483000,128.763912,3679,334,0,118,238,2120,11,0
58.833974,12.692000,110.000,41.599000,1.483000,128.760010,3672,334,0,118,238,2120,11,0
58.837147,3.173000,110.000,41.599000,1.483000,128.760490,3672,334,0,116,236,2116,11,0
58.850108,12.961000,110.000,41.599000,1.483000,128.760941,3672,334,0,116,236,2116,11,0
58.853082,2.974000,110.000,41.599000,1.483000,128.761337,3672,334,0,115,235,2114,11,0
58.867401,14.319000,110.000,41.599000,1.483000,128.746239,3663,329,0,114,234,2112,11,0
58.873242,5.841000,110.000,41.599000,1.483000,128.758987,3655,329,0,127,252,2148,11,0
58.878495,5.253000,110.000,41.599000,1.483000,128.761135,3658,329,0,127,252,2148,11,0
58.891967,13.472000,110.000,41.599000,1.483000,128.761616,3658,329,0,115,240,2124,11,0
58.901737,9.770000,110.000,41.599000,1.483000,128.756245,3658,329,0,115,240,2124,11,0
58.905387,3.650000,110.000,41.599000,1.483000,128.756725,3658,329,0,115,240,2124,11,0
58.910292,4.905000,110.000,41.599000,1.483000,128.758877,3661,329,0,115,240,2124,11,0
58.924035,13.743000,110.000,41.599000,1.483000,128.759357,3661,329,0,115,240,2124,11,0
58.932786,8.751000,110.000,41.599000,1.483000,128.758194,3658,329,0,115,240,2124,11,0
58.934978,2.192000,110.000,41.599000,1.483000,128.758675,3658,329,0,115,240,2124,11,0
58.949431,14.453000,110.000,41.599000,1.483000,128.757500,3655,329,0,115,240,2124,11,0
58.951202,1.771000,110.000,41.599000,1.483000,128.757980,3655,329,0,115,240,2124,11,0
58.966288,15.086000,110.000,41.599000,1.483000,128.758476,3655,329,0,115,240,2124,11,0
58.968284,1.996000,110.000,41.599000,1.483000,128.758957,3655,329,0,115,240,2124,11,0
58.982882,14.598000,110.000,41.599000,1.483000,128.759422,3655,329,0,115,240,2124,11,0
58.984721,1.839000,110.000,41.599000,1.483000,128.759903,3655,329,0,115,240,2124,11,0
58.999529,14.808000,110.000,41.599000,1.483000,128.760384,3655,329,0,115,240,2124,11,0
59.001316,1.787000,110.000,41.599000,1.483000,128.760864,3655,329,0,115,240,2124,11,0
59.016289,14.973000,110.000,41.599000,1.483000,128.759720,3652,329,0,114,234,2112,11,0
59.018179,1.890000,110.000,41.599000,1.483000,128.760147,3652,329,0,114,234,2112,11,0
59.032875,14.696000,110.000,41.599000,1.483000,128.756203,3650,329,0,114,234,2112,11,0
59.034710,1.835000,110.000,41.599000,1.483000,128.748360,3650,329,0,114,234,2112,11,0
59.049575,14.865000,110.000,41.599000,1.483000,128.748848,3650,329,0,114,234,2112,11,0
59.051382,1.807000,110.000,41.599000,1.483000,128.749329,3650,329,0,114,234,2112,11,0
59.066387,15.005000,110.000,41.599000,1.483000,128.751431,3653,329,0,114,234,2112,11,0
59.068261,1.874000,110.000,41.599000,1.483000,128.751911,3653,329,0,114,234,2112,11,0
59.083010,14.749000,110.000,41.599000,1.483000,128.752388,3653,329,0,114,234,2112,11,0
59.084923,1.913000,116.000,31.028000,2.124000,128.752823,3653,329,0,114,234,2112,11,0
59.099344,14.421000,116.000,31.028000,2.124000,128.753319,3653,329,0,114,234,2112,11,0
59.101145,1.801000,116.000,31.028000,2.124000,128.753799,3653,329,0,113,234,2112,11,0
59.116630,15.485000,116.000,31.028000,2.124000,128.758614,3660,329,0,113,234,2112,11,0
59.119181,2.551000,116.000,31.028000,2.124000,128.759048,3660,329,0,114,234,2112,11,0
59.133067,13.886000,116.000,31.028000,2.124000,128.759575,3660,329,0,114,234,2112,11,0
59.135485,2.418000,116.000,31.028000,2.124000,128.760056,3660,329,0,114,234,2112,11,0
59.149332,13.847000,116.000,31.028000,2.124000,128.757210,3654,329,0,114,234,2112,11,0
59.150975,1.643000,116.000,31.028000,2.124000,128.757690,3654,329,0,113,234,2112,11,0
59.167764,16.789000,116.000,31.028000,2.124000,128.758202,3654,329,0,114,234,2112,11,0
59.188144,20.380000,116.000,31.028000,2.124000,128.856701,3701,338,0,171,323,2290,11,0
59.198916,10.772000,116.000,31.028000,2.124000,128.851345,3701,338,0,159,309,2262,11,0
59.202067,3.151000,116.000,31.028000,2.124000,128.861942,3701,338,0,172,327,2298,11,0
59.215778,13.711000,116.000,31.028000,2.124000,128.845852,3671,338,0,172,327,2298,11,0
59.219133,3.355000,116.000,31.028000,2.124000,128.846333,3671,338,0,160,315,2274,11,0
59.232853,13.720000,116.000,31.028000,2.124000,128.840977,3671,338,0,160,315,2274,11,0
59.237799,4.946000,116.000,31.028000,2.124000,128.841457,3671,338,0,160,315,2274,11,0
59.249387,11.588000,116.000,31.028000,2.124000,128.841938,3671,338,0,160,315,2274,11,0
59.254463,5.076000,116.000,31.028000,2.124000,128.842419,3671,338,0,160,315,2274,11,0
59.260230,5.767000,116.000,31.028000,2.124000,128.842899,3671,338,0,160,315,2274,11,0
59.275426,15.196000,116.000,31.028000,2.124000,128.843334,3671,338,0,160,315,2274,11,0
59.283531,8.105000,116.000,31.028000,2.124000,128.843815,3671,338,0,160,315,2274,11,0
59.287620,4.089000,116.000,31.028000,2.124000,128.842655,3668,338,0,160,315,2274,11,0
59.300017,12.397000,116.000,31.028000,2.124000,128.841450,3665,338,0,160,315,2274,11,0
59.304307,4.290000,116.000,31.028000,2.124000,128.841930,3665,338,0,160,315,2274,11,0
59.311241,6.934000,116.000,31.028000,2.124000,128.839909,3661,338,0,160,315,2274,11,0
59.324434,13.193000,116.000,31.028000,2.124000,128.840336,3661,338,0,158,288,2220,11,0
59.333619,9.185000,116.000,31.028000,2.124000,128.836407,3659,338,0,158,288,2220,11,0
59.337338,3.719000,116.000,31.028000,2.124000,128.816013,3659,338,0,157,282,2208,11,0
59.358718,21.380000,116.000,31.028000,2.124000,128.816540,3659,338,0,157,282,2208,11,0
59.363356,4.638000,116.000,31.028000,2.124000,128.817020,3659,338,0,158,282,2208,11,0
59.369643,6.287000,116.000,31.028000,2.124000,128.808990,3659,338,0,158,282,2208,11,0
59.383895,14.252000,116.000,31.028000,2.124000,128.811146,3662,338,0,158,282,2208,11,0
59.387639,3.744000,116.000,31.028000,2.124000,128.811626,3662,338,0,158,282,2208,11,0
59.400200,12.561000,116.000,31.028000,2.124000,128.813644,3665,338,0,158,282,2208,11,0
59.403811,3.611000,116.000,31.028000,2.124000,128.810555,3659,338,0,157,282,2208,11,0
59.417552,13.741000,116.000,31.028000,2.124000,128.811028,3659,338,0,156,281,2206,11,0
59.421376,3.824000,116.000,31.028000,2.124000,128.811508,3659,338,0,155,279,2202,11,0
59.434289,12.913000,116.000,31.028000,2.124000,128.684734,3609,298,0,155,279,2202,11,0
59.437783,3.494000,116.000,31.028000,2.124000,128.642635,3555,294,0,144,258,2160,11,0
59.450531,12.748000,116.000,31.028000,2.124000,128.638721,3548,294,0,144,258,2160,11,0
59.453918,3.387000,116.000,31.028000,2.124000,128.639202,3548,294,0,140,256,2156,11,0
59.467452,13.534000,116.000,31.028000,2.124000,128.639614,3548,294,0,139,255,2154,11,0
59.471143,3.691000,116.000,31.028000,2.124000,128.638226,3545,294,0,140,254,2152,11,0
59.483993,12.850000,116.000,31.028000,2.124000,128.626625,3542,289,0,140,254,2152,11,0
59.487645,3.652000,116.000,31.028000,2.124000,128.620789,3532,289,0,140,254,2152,11,0
59.494713,7.068000,116.000,31.028000,2.124000,128.634613,3534,289,0,141,260,2164,11,1
59.508020,13.307000,116.000,31.028000,2.124000,128.635094,3534,289,0,141,260,2164,11,1
59.513560,5.540000,116.000,31.028000,2.124000,128.637493,3537,289,0,141,260,2164,11,1
59.518660,5.100000,116.000,31.028000,2.124000,128.637928,3537,289,0,141,260,2164,11,1
59.533793,15.133000,116.000,31.028000,2.124000,128.637505,3543,288,0,141,260,2164,11,0
59.537554,3.761000,116.000,31.028000,2.124000,128.634727,3538,288,0,141,260,2164,11,0
59.550235,12.681000,116.000,31.028000,2.124000,128.635193,3538,288,0,141,260,2164,11,0
59.554040,3.805000,116.000,31.028000,2.124000,128.635674,3538,288,0,141,260,2164,11,0
59.567534,13.494000,116.000,31.028000,2.124000,128.622845,3533,283,0,140,259,2162,11,0
59.571306,3.772000,116.000,31.028000,2.124000,128.617779,3523,283,0,140,259,2162,11,0
59.583875,12.569000,116.000,31.028000,2.124000,128.619911,3526,283,0,140,259,2162,11,0
59.587358,3.483000,116.000,31.028000,2.124000,128.620392,3526,283,0,140,259,2162,11,0
59.600017,12.659000,116.000,31.028000,2.124000,128.620857,3526,283,0,140,259,2162,11,0
59.603263,3.246000,116.000,31.028000,2.124000,128.619698,3523,283,0,139,259,2162,11,0
59.617599,14.336000,116.000,31.028000,2.124000,128.623539,3529,283,0,139,259,2162,11,0
59.621378,3.779000,116.000,31.028000,2.124000,128.624020,3529,283,0,140,259,2162,11,0
59.633730,12.352000,116.000,31.028000,2.124000,128.622810,3526,283,0,140,259,2162,11,0
59.637145,3.415000,116.000,31.028000,2.124000,128.623192,3526,283,0,138,253,2150,11,0
59.650081,12.936000,116.000,31.028000,2.124000,128.619278,3524,283,0,138,253,2150,11,0
59.653621,3.540000,116.000,31.028000,2.124000,128.619759,3524,283,0,139,253,2150,11,0
59.667200,13.579000,116.000,31.028000,2.124000,128.611935,3524,283,0,139,253,2150,11,0
59.670972,3.772000,116.000,31.028000,2.124000,128.612347,3524,283,0,139,253,2150,11,0
59.684189,13.217000,116.000,31.028000,2.124000,128.612797,3524,283,0,139,253,2150,11,0
59.687524,3.335000,116.000,31.028000,2.124000,128.613277,3524,283,0,138,253,2150,11,0
59.700070,12.546000,116.000,31.028000,2.124000,128.613743,3524,283,0,137,252,2148,11,0
59.703331,3.261000,116.000,31.028000,2.124000,128.614178,3524,283,0,138,252,2148,11,0
59.717577,14.246000,116.000,31.028000,2.124000,128.613049,3521,283,0,138,252,2148,11,0
59.721554,3.977000,116.000,31.028000,2.124000,128.619534,3531,283,0,138,252,2148,11,0
59.728846,7.292000,116.000,31.028000,2.124000,128.619984,3531,283,0,138,252,2148,11,0
59.741119,12.273000,116.000,31.028000,2.124000,128.620464,3531,283,0,136,252,2148,11,0
59.750277,9.158000,116.000,31.028000,2.124000,128.620953,3531,283,0,136,252,2148,11,0
59.753440,3.163000,116.000,31.028000,2.124000,128.621433,3531,283,0,138,252,2148,11,0
59.761532,8.092000,116.000,31.028000,2.124000,128.621861,3531,283,0,138,252,2148,11,0
59.774362,12.830000,116.000,31.028000,2.124000,128.622341,3531,283,0,138,252,2148,11,0
59.795782,21.420000,116.000,31.028000,2.124000,128.703320,3578,292,0,160,301,2246,11,0
59.799862,4.080000,116.000,31.028000,2.124000,128.671131,3576,289,0,111,246,2136,11,0
59.804433,4.571000,116.000,31.028000,2.124000,128.678036,3570,289,0,124,264,2172,11,0
59.811270,6.837000,116.000,31.028000,2.124000,128.676861,3547,293,0,112,252,2148,11,0
59.824324,13.054000,116.000,31.028000,2.124000,128.672146,3547,293,0,114,254,2152,11,0
59.833504,9.180000,116.000,31.028000,2.124000,128.672623,3547,293,0,114,254,2152,11,0
59.837294,3.790000,116.000,31.028000,2.124000,128.673103,3547,293,0,114,254,2152,11,0
59.849935,12.641000,116.000,31.028000,2.124000,128.670303,3541,293,0,114,254,2152,11,0
59.853168,3.233000,116.000,31.028000,2.124000,128.670784,3541,293,0,114,254,2152,11,0
59.867229,14.061000,116.000,31.028000,2.124000,128.671265,3541,293,0,114,254,2152,11,0
59.870975,3.746000,116.000,31.028000,2.124000,128.671745,3541,293,0,114,254,2152,11,0
59.884022,13.047000,116.000,31.028000,2.124000,128.672226,3541,293,0,114,254,2152,11,0
59.888642,4.620000,116.000,31.028000,2.124000,128.672707,3541,293,0,114,254,2152,11,0
59.893243,4.601000,116.000,31.028000,2.124000,128.673187,3541,293,0,114,254,2152,11,0
59.908837,15.594000,116.000,31.028000,2.124000,128.671165,3537,293,0,114,254,2152,11,0
59.916094,7.257000,116.000,31.028000,2.124000,128.671646,3537,293,0,112,227,2098,11,0
59.921362,5.268000,116.000,31.028000,2.124000,128.672127,3537,293,0,112,227,2098,11,0
59.930203,8.841000,116.000,31.028000,2.124000,128.672554,3537,293,0,112,227,2098,11,0
59.938891,8.688000,116.000,31.028000,2.124000,128.647774,3535,293,0,111,221,2086,11,0
59.943413,4.522000,116.000,31.028000,2.124000,128.648254,3535,293,0,111,221,2086,11,0
59.957797,14.384000,116.000,31.028000,2.124000,128.648735,3535,293,0,111,221,2086,11,0
59.960356,2.559000,116.000,31.028000,2.124000,128.640709,3535,293,0,111,221,2086,11,0
59.975268,14.912000,116.000,31.028000,2.124000,128.639610,3532,293,0,111,221,2086,11,0
59.978704,3.436000,116.000,31.028000,2.124000,128.640091,3532,293,0,110,221,2086,11,0
59.991913,13.209000,116.000,31.028000,2.124000,128.640450,3532,293,0,110,221,2086,11,0
59.999410,7.497000,116.000,31.028000,2.124000,128.637428,3526,293,0,110,221,2086,11,0
60.003804,4.394000,116.000,31.028000,2.124000,128.637894,3526,293,0,109,220,2084,11,0
