elapsed_s,frame_ms,engine_fps,process_ms,physics_ms,memory_mib,objects,nodes,orphans,draw_calls,render_objects,primitives,physics_objects,collision_pairs
0.015634,15.634000,118.000,15.988000,1.747000,122.471010,3423,234,0,91,200,1988,9,0
0.018502,2.868000,118.000,15.988000,1.747000,122.475077,3424,234,0,91,200,1988,9,0
0.031634,13.132000,118.000,15.988000,1.747000,122.475519,3424,234,0,91,200,1988,9,0
0.033273,1.639000,118.000,15.988000,1.747000,122.476213,3424,234,0,88,198,1984,9,0
0.049444,16.171000,118.000,15.988000,1.747000,122.474447,3425,234,0,87,195,1978,9,0
0.052846,3.402000,118.000,15.988000,1.747000,122.468290,3422,231,0,88,195,1978,9,0
0.065319,12.473000,118.000,15.988000,1.747000,122.461336,3413,231,0,88,195,1978,9,0
0.066996,1.677000,118.000,15.988000,1.747000,122.461771,3413,231,0,87,195,1978,9,0
0.082237,15.241000,118.000,15.988000,1.747000,122.462240,3413,231,0,89,195,1978,9,0
0.084114,1.877000,118.000,15.988000,1.747000,122.463865,3413,231,0,89,195,1978,9,0
0.098855,14.741000,118.000,15.988000,1.747000,122.465216,3413,231,0,89,195,1978,9,1
0.101095,2.240000,118.000,15.988000,1.747000,122.465651,3413,231,0,89,195,1978,9,1
0.116017,14.922000,118.000,15.988000,1.747000,122.465345,3419,230,0,89,195,1978,9,0
0.118185,2.168000,118.000,15.988000,1.747000,122.470312,3424,230,0,89,195,1978,9,0
0.131953,13.768000,118.000,15.988000,1.747000,122.472395,3427,230,0,89,195,1978,9,0
0.133883,1.930000,118.000,15.988000,1.747000,122.472830,3427,230,0,89,195,1978,9,0
0.149501,15.618000,118.000,15.988000,1.747000,122.473257,3427,230,0,88,195,1978,9,0
0.152278,2.777000,118.000,15.988000,1.747000,122.473692,3427,230,0,88,195,1978,9,0
0.165234,12.956000,118.000,15.988000,1.747000,122.474195,3427,230,0,88,195,1978,9,0
0.166924,1.690000,118.000,15.988000,1.747000,122.477308,3427,230,0,88,195,1978,9,0
0.178323,11.399000,118.000,15.988000,1.747000,122.738337,3591,287,0,128,254,2096,9,0
0.189511,11.188000,118.000,15.988000,1.747000,122.747515,3591,287,0,141,278,2144,9,0
0.193052,3.541000,118.000,15.988000,1.747000,122.740164,3591,287,0,125,258,2104,9,0
0.206284,13.232000,118.000,15.988000,1.747000,122.740599,3591,287,0,125,258,2104,9,0
0.214903,8.619000,118.000,15.988000,1.747000,122.751116,3596,289,0,130,264,2116,9,0
0.216912,2.009000,118.000,15.988000,1.747000,122.746027,3586,289,0,130,264,2116,9,0
0.231486,14.574000,118.000,15.988000,1.747000,122.744497,3586,289,0,126,260,2108,9,0
0.233378,1.892000,118.000,15.988000,1.747000,122.745039,3586,289,0,126,260,2108,9,0
0.248198,14.820000,118.000,15.988000,1.747000,122.749640,3586,289,0,126,260,2108,9,0
0.250591,2.393000,118.000,15.988000,1.747000,122.750074,3586,289,0,126,260,2108,9,0
0.265089,14.498000,118.000,15.988000,1.747000,122.750509,3586,289,0,126,260,2108,9,0
0.266955,1.866000,118.000,15.988000,1.747000,122.750944,3586,289,0,126,260,2108,9,0
0.281565,14.610000,118.000,15.988000,1.747000,122.749739,3583,289,0,125,259,2106,9,0
0.283493,1.928000,118.000,15.988000,1.747000,122.750174,3583,289,0,125,259,2106,9,0
0.299477,15.984000,118.000,15.988000,1.747000,122.748968,3580,289,0,125,259,2106,9,0
0.302042,2.565000,118.000,15.988000,1.747000,122.749403,3580,289,0,125,259,2106,9,0
0.315534,13.492000,118.000,15.988000,1.747000,122.748934,3579,289,0,125,259,2106,9,0
0.322948,7.414000,118.000,15.988000,1.747000,122.744959,3577,289,0,124,244,2076,9,0
0.326195,3.247000,118.000,15.988000,1.747000,122.764799,3596,293,0,124,244,2076,9,0
0.339889,13.694000,118.000,15.988000,1.747000,122.765657,3596,293,0,126,246,2080,9,0
0.343398,3.509000,118.000,15.988000,1.747000,122.753767,3596,293,0,126,246,2080,9,0
0.356465,13.067000,118.000,15.988000,1.747000,122.754362,3596,293,0,125,244,2076,9,0
0.359361,2.896000,118.000,15.988000,1.747000,122.759405,3593,293,0,125,244,2076,9,0
0.373245,13.884000,118.000,15.988000,1.747000,122.759840,3593,293,0,124,243,2074,9,0
0.381447,8.202000,118.000,15.988000,1.747000,122.746859,3588,290,0,124,243,2074,9,0
0.383457,2.010000,118.000,15.988000,1.747000,122.743601,3582,290,0,124,243,2074,9,0
0.399441,15.984000,118.000,15.988000,1.747000,122.743944,3582,290,0,124,243,2074,9,0
0.402988,3.547000,118.000,15.988000,1.747000,122.740877,3576,290,0,124,243,2074,9,0
0.415166,12.178000,118.000,15.988000,1.747000,122.756609,3586,294,0,123,242,2072,9,0
0.417114,1.948000,118.000,15.988000,1.747000,122.757730,3586,294,0,124,244,2076,9,0
0.431722,14.608000,118.000,15.988000,1.747000,122.758162,3586,294,0,122,242,2072,9,0
0.433523,1.801000,118.000,15.988000,1.747000,122.758596,3586,294,0,121,241,2070,9,0
0.448485,14.962000,118.000,15.988000,1.747000,122.746943,3579,290,0,121,241,2070,9,0
0.450880,2.395000,118.000,15.988000,1.747000,122.743029,3572,290,0,121,241,2070,9,0
0.464863,13.983000,118.000,15.988000,1.747000,122.743406,3572,290,0,119,239,2066,9,0
0.466686,1.823000,118.000,15.988000,1.747000,122.743757,3572,290,0,118,238,2064,9,0
0.481637,14.951000,118.000,15.988000,1.747000,122.728659,3563,285,0,117,237,2062,9,0
0.483471,1.834000,118.000,15.988000,1.747000,122.722776,3553,285,0,117,237,2062,9,0
0.498377,14.906000,118.000,15.988000,1.747000,122.723211,3553,285,0,117,237,2062,9,0
0.501615,3.238000,118.000,15.988000,1.747000,122.732859,3555,285,0,122,243,2074,9,0
0.514943,13.328000,118.000,15.988000,1.747000,122.733294,3555,285,0,122,243,2074,9,0
0.516727,1.784000,118.000,15.988000,1.747000,122.731783,3555,285,0,118,239,2066,9,0
0.531608,14.881000,118.000,15.988000,1.747000,122.732454,3555,285,0,118,239,2066,9,0
0.533425,1.817000,118.000,15.988000,1.747000,122.742113,3555,285,0,118,239,2066,9,0
0.548417,14.992000,118.000,15.988000,1.747000,122.742807,3555,285,0,118,239,2066,9,0
0.550748,2.331000,118.000,15.988000,1.747000,122.737627,3546,285,0,118,239,2066,9,0
0.565098,14.350000,118.000,15.988000,1.747000,122.738016,3546,285,0,118,239,2066,9,0
0.567000,1.902000,118.000,15.988000,1.747000,122.738504,3546,285,0,118,239,2066,9,0
0.581510,14.510000,118.000,15.988000,1.747000,122.738939,3546,285,0,118,239,2066,9,0
0.583458,1.948000,118.000,15.988000,1.747000,122.739340,3546,285,0,118,239,2066,9,0
0.598371,14.913000,118.000,15.988000,1.747000,122.739775,3546,285,0,118,239,2066,9,0
0.600857,2.486000,118.000,15.988000,1.747000,122.740210,3546,285,0,118,239,2066,9,0
0.614952,14.095000,118.000,15.988000,1.747000,122.742304,3549,285,0,118,239,2066,9,0
0.616783,1.831000,118.000,15.988000,1.747000,122.742739,3549,285,0,118,239,2066,9,0
0.631401,14.618000,118.000,15.988000,1.747000,122.743155,3549,285,0,118,239,2066,9,0
0.633163,1.762000,118.000,15.988000,1.747000,122.743589,3549,285,0,118,239,2066,9,0
0.649188,16.025000,118.000,15.988000,1.747000,122.745619,3552,285,0,117,237,2062,9,0
0.651358,2.170000,118.000,15.988000,1.747000,122.741644,3550,285,0,117,237,2062,9,0
0.665063,13.705000,118.000,15.988000,1.747000,122.742071,3550,285,0,117,237,2062,9,0
0.666672,1.609000,119.000,15.640000,1.396000,122.739691,3550,285,0,117,237,2062,9,0
0.681311,14.639000,119.000,15.640000,1.396000,122.740137,3550,285,0,117,237,2062,9,0
0.682924,1.613000,119.000,15.640000,1.396000,122.740572,3550,285,0,117,237,2062,9,0
0.698483,15.559000,119.000,15.640000,1.396000,122.741083,3550,285,0,117,237,2062,9,0
0.700819,2.336000,119.000,15.640000,1.396000,122.741518,3550,285,0,117,237,2062,9,0
0.715065,14.246000,119.000,15.640000,1.396000,122.741938,3550,285,0,117,237,2062,9,0
0.716663,1.598000,119.000,15.640000,1.396000,122.742373,3550,285,0,117,237,2062,9,0
0.731453,14.790000,119.000,15.640000,1.396000,122.748857,3560,285,0,117,237,2062,9,0
0.733288,1.835000,119.000,15.640000,1.396000,122.757025,3570,286,0,117,237,2062,9,0
0.748951,15.663000,119.000,15.640000,1.396000,122.757219,3570,286,0,118,238,2064,9,0
0.765213,16.262000,119.000,15.640000,1.396000,122.759295,3573,286,0,118,238,2064,9,0
0.766811,1.598000,119.000,15.640000,1.396000,122.759729,3573,286,0,118,238,2064,9,0
0.782286,15.475000,119.000,15.640000,1.396000,122.760191,3573,286,0,118,238,2064,9,0
0.799904,17.618000,119.000,15.640000,1.396000,122.954893,3634,302,0,164,306,2200,9,0
0.814714,14.810000,119.000,15.640000,1.396000,122.955641,3634,302,0,134,270,2128,9,0
0.816725,2.011000,119.000,15.640000,1.396000,122.955469,3634,302,0,134,270,2128,9,0
0.831368,14.643000,119.000,15.640000,1.396000,122.955904,3634,302,0,134,270,2128,9,0
0.833692,2.324000,119.000,15.640000,1.396000,122.965288,3636,304,0,139,276,2140,9,0
0.848195,14.503000,119.000,15.640000,1.396000,122.959860,3629,304,0,135,272,2132,9,0
0.850682,2.487000,119.000,15.640000,1.396000,122.958654,3626,304,0,135,272,2132,9,0
0.864792,14.110000,119.000,15.640000,1.396000,122.959181,3626,304,0,135,272,2132,9,0
0.866975,2.183000,119.000,15.640000,1.396000,122.959616,3626,304,0,135,272,2132,9,0
0.881164,14.189000,119.000,15.640000,1.396000,122.960051,3626,304,0,135,272,2132,9,0
0.883451,2.287000,119.000,15.640000,1.396000,122.958845,3623,304,0,135,272,2132,9,0
0.898093,14.642000,119.000,15.640000,1.396000,122.959280,3623,304,0,135,272,2132,9,0
0.902094,4.001000,119.000,15.640000,1.396000,122.959715,3623,304,0,135,272,2132,9,0
0.914228,12.134000,119.000,15.640000,1.396000,122.960150,3623,304,0,135,272,2132,9,0
0.916740,2.512000,119.000,15.640000,1.396000,122.960585,3623,304,0,135,272,2132,9,0
0.931051,14.311000,119.000,15.640000,1.396000,122.958460,3619,304,0,132,253,2094,9,0
0.933383,2.332000,119.000,15.640000,1.396000,122.954485,3617,304,0,132,253,2094,9,0
0.951034,17.651000,119.000,15.640000,1.396000,122.954920,3617,304,0,132,253,2094,9,0
0.956435,5.401000,119.000,15.640000,1.396000,122.939474,3617,304,0,132,253,2094,9,0
0.958455,2.020000,119.000,15.640000,1.396000,122.939909,3617,304,0,132,253,2094,9,0
0.973065,14.610000,119.000,15.640000,1.396000,122.941538,3617,304,0,131,251,2090,9,2
0.981510,8.445000,119.000,15.640000,1.396000,122.940950,3614,304,0,131,251,2090,9,2
0.983386,1.876000,119.000,15.640000,1.396000,122.939741,3611,304,0,131,251,2090,9,2
0.998652,15.266000,119.000,15.640000,1.396000,122.938238,3623,302,0,131,251,2090,9,0
1.001152,2.500000,119.000,15.640000,1.396000,122.932112,3613,302,0,133,251,2090,9,0
1.019050,17.898000,119.000,15.640000,1.396000,122.930964,3610,302,0,133,251,2090,9,0
1.031112,12.062000,119.000,15.640000,1.396000,122.931364,3610,302,0,132,250,2088,9,0
1.033430,2.318000,119.000,15.640000,1.396000,122.931795,3610,302,0,132,250,2088,9,0
1.047691,14.261000,119.000,15.640000,1.396000,122.932173,3610,302,0,130,248,2084,9,0
1.050225,2.534000,119.000,15.640000,1.396000,122.922144,3606,298,0,129,247,2082,9,0
1.064395,14.170000,119.000,15.640000,1.396000,122.918230,3599,298,0,129,247,2082,9,0
1.066642,2.247000,119.000,15.640000,1.396000,122.917040,3596,298,0,127,245,2078,9,0
1.081517,14.875000,119.000,15.640000,1.396000,122.917459,3596,298,0,127,245,2078,9,0
1.083318,1.801000,119.000,15.640000,1.396000,122.919710,3599,298,0,125,243,2074,9,0
1.098185,14.867000,119.000,15.640000,1.396000,122.898951,3581,293,0,125,243,2074,9,0
1.100174,1.989000,119.000,15.640000,1.396000,122.893068,3571,293,0,124,242,2072,9,0
1.114743,14.569000,119.000,15.640000,1.396000,122.901838,3568,293,0,131,251,2090,9,0
1.116613,1.870000,119.000,15.640000,1.396000,122.902273,3568,293,0,131,251,2090,9,0
1.131938,15.325000,119.000,15.640000,1.396000,123.014978,3682,317,0,127,247,2082,9,0
1.134150,2.212000,119.000,15.640000,1.396000,123.018183,3682,317,0,139,259,2106,9,0
1.148183,14.033000,119.000,15.640000,1.396000,123.018499,3682,317,0,139,259,2106,9,0
1.150299,2.116000,119.000,15.640000,1.396000,123.018934,3682,317,0,137,257,2102,9,0
1.164897,14.598000,119.000,15.640000,1.396000,123.019369,3682,317,0,137,257,2102,9,0
1.166834,1.937000,119.000,15.640000,1.396000,123.019804,3682,317,0,137,257,2102,9,0
1.182357,15.523000,119.000,15.640000,1.396000,123.020239,3682,317,0,137,257,2102,9,0
1.184386,2.029000,119.000,15.640000,1.396000,123.020674,3682,317,0,137,257,2102,9,0
1.198433,14.047000,119.000,15.640000,1.396000,123.022039,3682,317,0,137,257,2102,9,1
1.200819,2.386000,119.000,15.640000,1.396000,123.022474,3682,317,0,137,257,2102,9,1
1.215045,14.226000,119.000,15.640000,1.396000,123.024065,3688,316,0,137,257,2102,9,0
1.216878,1.833000,119.000,15.640000,1.396000,123.042070,3683,316,0,138,257,2102,9,0
1.231431,14.553000,119.000,15.640000,1.396000,123.042521,3683,316,0,138,257,2102,9,0
1.233320,1.889000,119.000,15.640000,1.396000,123.042955,3683,316,0,138,257,2102,9,0
1.248145,14.825000,119.000,15.640000,1.396000,123.041677,3680,316,0,136,255,2098,9,0
1.250561,2.416000,119.000,15.640000,1.396000,123.021162,3670,310,0,133,250,2088,9,0
1.264770,14.209000,119.000,15.640000,1.396000,123.009756,3656,310,0,133,250,2088,9,0
1.266577,1.807000,119.000,15.640000,1.396000,123.005991,3656,310,0,133,250,2088,9,0
1.281474,14.897000,119.000,15.640000,1.396000,123.006433,3656,310,0,133,250,2088,9,0
1.283380,1.906000,119.000,15.640000,1.396000,123.006868,3656,310,0,133,250,2088,9,0
1.298216,14.836000,119.000,15.640000,1.396000,123.008905,3659,310,0,133,250,2088,9,0
1.300339,2.123000,119.000,15.640000,1.396000,123.009340,3659,310,0,133,250,2088,9,0
1.315040,14.701000,119.000,15.640000,1.396000,123.011419,3662,310,0,133,250,2088,9,0
1.322769,7.729000,119.000,15.640000,1.396000,123.011820,3662,310,0,133,250,2088,9,0
1.325311,2.542000,119.000,15.640000,1.396000,123.015459,3667,310,0,133,250,2088,9,0
1.339393,14.082000,119.000,15.640000,1.396000,123.019999,3674,310,0,133,250,2088,9,0
1.342739,3.346000,119.000,15.640000,1.396000,123.022093,3677,310,0,133,250,2088,9,0
1.356185,13.446000,119.000,15.640000,1.396000,123.022528,3677,310,0,133,250,2088,9,0
1.365000,8.815000,119.000,15.640000,1.396000,123.022928,3677,310,0,133,250,2088,9,0
1.366934,1.934000,119.000,15.640000,1.396000,123.023363,3677,310,0,133,250,2088,9,0
1.381410,14.476000,119.000,15.640000,1.396000,123.023798,3677,310,0,132,249,2086,9,0
1.383255,1.845000,119.000,15.640000,1.396000,123.024199,3677,310,0,132,249,2086,9,0
1.395166,11.911000,119.000,15.640000,1.396000,123.098375,3719,319,0,169,304,2196,9,0
1.406052,10.886000,119.000,15.640000,1.396000,123.098810,3719,319,0,135,264,2116,9,0
1.414744,8.692000,119.000,15.640000,1.396000,123.081667,3719,319,0,135,264,2116,9,0
1.416667,1.923000,119.000,15.640000,1.396000,123.082102,3719,319,0,135,264,2116,9,0
1.431360,14.693000,119.000,15.640000,1.396000,123.085665,3719,319,0,140,270,2128,9,0
1.433340,1.980000,119.000,15.640000,1.396000,123.080542,3709,319,0,140,270,2128,9,0
1.448140,14.800000,119.000,15.640000,1.396000,123.082590,3712,319,0,136,266,2120,9,0
1.450329,2.189000,119.000,15.640000,1.396000,123.081045,3712,319,0,136,266,2120,9,0
1.464745,14.416000,119.000,15.640000,1.396000,123.083147,3715,319,0,136,266,2120,9,0
1.466681,1.936000,119.000,15.640000,1.396000,123.083582,3715,319,0,135,265,2118,9,0
1.481532,14.851000,119.000,15.640000,1.396000,123.073511,3710,316,0,135,265,2118,9,0
1.483680,2.148000,119.000,15.640000,1.396000,123.070253,3704,316,0,135,265,2118,9,0
1.498112,14.432000,119.000,15.640000,1.396000,123.070539,3704,316,0,135,265,2118,9,0
1.500635,2.523000,119.000,15.640000,1.396000,123.070974,3704,316,0,135,265,2118,9,0
1.515054,14.419000,119.000,15.640000,1.396000,123.086630,3714,320,0,134,264,2116,9,0
1.517205,2.151000,119.000,15.640000,1.396000,123.087751,3714,320,0,135,266,2120,9,0
1.531581,14.376000,119.000,15.640000,1.396000,123.085638,3710,320,0,135,266,2120,9,0
1.533718,2.137000,119.000,15.640000,1.396000,123.081663,3708,320,0,134,253,2094,9,0
1.548198,14.480000,119.000,15.640000,1.396000,123.080511,3705,320,0,134,253,2094,9,0
1.550789,2.591000,119.000,15.640000,1.396000,123.080946,3705,320,0,134,253,2094,9,0
1.565030,14.241000,119.000,15.640000,1.396000,123.069845,3705,320,0,134,253,2094,9,0
1.567015,1.985000,119.000,15.640000,1.396000,123.070246,3705,320,0,133,251,2090,9,0
1.581521,14.506000,119.000,15.640000,1.396000,123.069040,3702,320,0,133,251,2090,9,0
1.583515,1.994000,119.000,15.640000,1.396000,123.069475,3702,320,0,133,251,2090,9,0
1.598378,14.863000,119.000,15.640000,1.396000,123.066839,3702,320,0,133,251,2090,9,0
1.600926,2.548000,119.000,15.640000,1.396000,123.067274,3702,320,0,133,251,2090,9,0
1.614784,13.858000,119.000,15.640000,1.396000,123.067656,3702,320,0,133,251,2090,9,0
1.616768,1.984000,119.000,15.640000,1.396000,123.075987,3714,320,0,133,251,2090,9,0
1.631491,14.723000,119.000,15.640000,1.396000,123.042715,3660,320,0,132,250,2088,9,0
1.633575,2.084000,119.000,15.640000,1.396000,123.043150,3660,320,0,132,250,2088,9,0
1.648891,15.316000,119.000,15.640000,1.396000,123.043646,3660,320,0,130,248,2084,9,0
1.651169,2.278000,119.000,15.640000,1.396000,123.044081,3660,320,0,129,247,2082,9,0
1.665105,13.936000,119.000,15.640000,1.396000,123.034052,3656,316,0,129,247,2082,9,0
1.667625,2.520000,116.000,17.616000,0.956000,123.030138,3649,316,0,129,247,2082,9,0
1.681535,13.910000,116.000,17.616000,0.956000,123.028948,3646,316,0,127,245,2078,9,0
1.683471,1.936000,116.000,17.616000,0.956000,123.029299,3646,316,0,125,243,2074,9,0
1.698408,14.937000,116.000,17.616000,0.956000,123.012499,3634,311,0,124,242,2072,9,0
1.700978,2.570000,116.000,17.616000,0.956000,123.003428,3619,311,0,124,242,2072,9,0
1.715117,14.139000,116.000,17.616000,0.956000,123.017038,3624,311,0,131,251,2090,9,0
1.716960,1.843000,116.000,17.616000,0.956000,123.017473,3624,311,0,131,251,2090,9,0
1.731381,14.421000,116.000,17.616000,0.956000,123.017847,3624,311,0,125,245,2078,9,0
1.733249,1.868000,116.000,17.616000,0.956000,123.015364,3624,311,0,125,245,2078,9,0
1.748183,14.934000,116.000,17.616000,0.956000,123.015783,3624,311,0,125,245,2078,9,0
1.750624,2.441000,116.000,17.616000,0.956000,123.016218,3624,311,0,125,245,2078,9,0
1.764679,14.055000,116.000,17.616000,0.956000,123.015013,3621,311,0,125,245,2078,9,0
1.766632,1.953000,116.000,17.616000,0.956000,123.015448,3621,311,0,125,245,2078,9,0
1.781456,14.824000,116.000,17.616000,0.956000,123.101545,3651,311,0,125,245,2078,9,0
1.783262,1.806000,116.000,17.616000,0.956000,123.090582,3633,311,0,125,245,2078,9,0
1.798393,15.131000,116.000,17.616000,0.956000,123.091803,3633,311,0,125,245,2078,9,0
1.800824,2.431000,116.000,17.616000,0.956000,123.123480,3633,311,0,125,245,2078,9,0
1.815284,14.460000,116.000,17.616000,0.956000,123.123899,3633,311,0,125,245,2078,9,0
1.817228,1.944000,116.000,17.616000,0.956000,123.124334,3633,311,0,125,245,2078,9,0
1.831858,14.630000,116.000,17.616000,0.956000,123.124784,3633,311,0,125,245,2078,9,0
1.834571,2.713000,116.000,17.616000,0.956000,123.125219,3633,311,0,125,245,2078,9,0
1.848930,14.359000,116.000,17.616000,0.956000,123.125616,3633,311,0,125,245,2078,9,0
1.851278,2.348000,116.000,17.616000,0.956000,123.121607,3631,311,0,124,242,2072,9,0
1.865237,13.959000,116.000,17.616000,0.956000,123.122026,3631,311,0,124,242,2072,9,0
1.867288,2.051000,116.000,17.616000,0.956000,123.122461,3631,311,0,124,242,2072,9,0
1.882254,14.966000,116.000,17.616000,0.956000,123.106768,3627,307,0,122,240,2068,9,0
1.885373,3.119000,116.000,17.616000,0.956000,123.104067,3621,307,0,122,240,2068,9,0
1.898679,13.306000,116.000,17.616000,0.956000,123.104502,3621,307,0,122,240,2068,9,0
1.901303,2.624000,116.000,17.616000,0.956000,123.104937,3621,307,0,122,240,2068,9,0
1.916052,14.749000,116.000,17.616000,0.956000,123.105371,3621,307,0,122,240,2068,9,0
1.932217,16.165000,116.000,17.616000,0.956000,123.105806,3621,307,0,122,240,2068,9,0
1.934454,2.237000,116.000,17.616000,0.956000,123.106241,3621,307,0,122,240,2068,9,0
1.948741,14.287000,116.000,17.616000,0.956000,123.111040,3628,307,0,122,240,2068,9,0
1.951419,2.678000,116.000,17.616000,0.956000,123.111475,3628,307,0,122,240,2068,9,0
1.965232,13.813000,116.000,17.616000,0.956000,123.111925,3628,307,0,111,234,2056,9,0
1.967081,1.849000,116.000,17.616000,0.956000,123.112360,3628,307,0,111,234,2056,9,0
1.981872,14.791000,116.000,17.616000,0.956000,123.112780,3628,307,0,111,234,2056,9,0
1.983877,2.005000,116.000,17.616000,0.956000,123.113214,3628,307,0,111,234,2056,9,0
1.998295,14.418000,116.000,17.616000,0.956000,123.197870,3675,316,0,156,302,2192,9,0
2.000983,2.688000,116.000,17.616000,0.956000,123.198305,3675,316,0,156,302,2192,9,0
2.014722,13.739000,116.000,17.616000,0.956000,123.200392,3678,316,0,156,302,2192,9,0
2.016899,2.177000,116.000,17.616000,0.956000,123.188181,3678,316,0,130,270,2128,9,0
2.031499,14.600000,116.000,17.616000,0.956000,123.188616,3678,316,0,130,270,2128,9,0
2.034125,2.626000,116.000,17.616000,0.956000,123.199434,3680,318,0,138,279,2146,9,0
2.048316,14.191000,116.000,17.616000,0.956000,123.193205,3668,318,0,137,279,2146,9,0
2.050925,2.609000,116.000,17.616000,0.956000,123.191694,3668,318,0,133,275,2138,9,0
2.064820,13.895000,116.000,17.616000,0.956000,123.192129,3668,318,0,133,275,2138,9,0
2.066802,1.982000,116.000,17.616000,0.956000,123.192530,3668,318,0,133,275,2138,9,0
2.081419,14.617000,116.000,17.616000,0.956000,123.192965,3668,318,0,133,275,2138,9,0
2.083465,2.046000,116.000,17.616000,0.956000,123.193399,3668,318,0,133,275,2138,9,0
2.098334,14.869000,116.000,17.616000,0.956000,123.193888,3668,318,0,133,275,2138,9,0
2.101042,2.708000,116.000,17.616000,0.956000,123.194323,3668,318,0,133,275,2138,9,0
2.114914,13.872000,116.000,17.616000,0.956000,123.194757,3668,318,0,133,275,2138,9,0
2.116960,2.046000,116.000,17.616000,0.956000,123.195192,3668,318,0,133,275,2138,9,0
2.131330,14.370000,116.000,17.616000,0.956000,123.195570,3668,318,0,133,275,2138,9,0
2.133300,1.970000,116.000,17.616000,0.956000,123.193468,3664,318,0,132,257,2102,9,0
2.148317,15.017000,116.000,17.616000,0.956000,123.195467,3667,318,0,131,251,2090,9,0
2.150910,2.593000,116.000,17.616000,0.956000,123.172358,3635,318,0,131,251,2090,9,0
2.164975,14.065000,116.000,17.616000,0.956000,123.159883,3638,318,0,131,251,2090,9,0
2.166951,1.976000,116.000,17.616000,0.956000,123.160318,3638,318,0,131,251,2090,9,0
2.181425,14.474000,116.000,17.616000,0.956000,123.160753,3638,318,0,130,248,2084,9,0
2.183327,1.902000,116.000,17.616000,0.956000,123.148066,3633,313,0,129,247,2082,9,0
2.198223,14.896000,116.000,17.616000,0.956000,123.142908,3623,313,0,129,247,2082,9,0
2.200790,2.567000,116.000,17.616000,0.956000,123.138910,3623,313,0,129,247,2082,9,0
2.215074,14.284000,116.000,17.616000,0.956000,123.139284,3623,313,0,129,247,2082,9,0
2.217033,1.959000,116.000,17.616000,0.956000,123.139627,3623,313,0,129,247,2082,9,0
2.231646,14.613000,116.000,17.616000,0.956000,123.138208,3620,313,0,128,246,2080,9,0
2.233664,2.018000,116.000,17.616000,0.956000,123.138643,3620,313,0,128,246,2080,9,0
2.248934,15.270000,116.000,17.616000,0.956000,123.137430,3617,313,0,126,244,2076,9,0
2.251700,2.766000,116.000,17.616000,0.956000,123.137865,3617,313,0,125,243,2074,9,0
2.265169,13.469000,116.000,17.616000,0.956000,123.127794,3613,309,0,125,243,2074,9,0
2.267013,1.844000,116.000,17.616000,0.956000,123.123880,3606,309,0,125,243,2074,9,0
2.281443,14.430000,116.000,17.616000,0.956000,123.122690,3603,309,0,123,241,2070,9,0
2.283180,1.737000,116.000,17.616000,0.956000,123.123041,3603,309,0,122,240,2068,9,0
2.298771,15.591000,116.000,17.616000,0.956000,123.108740,3594,304,0,121,239,2066,9,1
2.301361,2.590000,116.000,17.616000,0.956000,123.102858,3584,304,0,121,239,2066,9,1
2.315176,13.815000,116.000,17.616000,0.956000,123.103861,3590,303,0,121,239,2066,9,0
2.317126,1.950000,116.000,17.616000,0.956000,123.101038,3585,303,0,122,239,2066,9,0
2.331706,14.580000,116.000,17.616000,0.956000,123.110701,3587,303,0,121,239,2066,9,0
2.333551,1.845000,116.000,17.616000,0.956000,123.108217,3587,303,0,121,239,2066,9,0
2.349424,15.873000,116.000,17.616000,0.956000,123.108637,3587,303,0,121,239,2066,9,0
2.353423,3.999000,116.000,17.616000,0.956000,123.109072,3587,303,0,121,239,2066,9,0
2.364938,11.515000,116.000,17.616000,0.956000,123.109507,3587,303,0,121,239,2066,9,0
2.366884,1.946000,116.000,17.616000,0.956000,123.109941,3587,303,0,121,239,2066,9,0
2.382317,15.433000,116.000,17.616000,0.956000,123.110426,3587,303,0,121,239,2066,9,0
2.385089,2.772000,116.000,17.616000,0.956000,123.110861,3587,303,0,121,239,2066,9,0
2.398347,13.258000,116.000,17.616000,0.956000,123.109606,3584,303,0,121,239,2066,9,0
2.400564,2.217000,116.000,17.616000,0.956000,123.110041,3584,303,0,121,239,2066,9,0
2.414867,14.303000,116.000,17.616000,0.956000,123.112120,3587,303,0,121,239,2066,9,0
2.416728,1.861000,116.000,17.616000,0.956000,123.112555,3587,303,0,121,239,2066,9,0
2.431718,14.990000,116.000,17.616000,0.956000,123.112986,3587,303,0,121,239,2066,9,0
2.433625,1.907000,116.000,17.616000,0.956000,123.113420,3587,303,0,121,239,2066,9,0
2.448141,14.516000,116.000,17.616000,0.956000,123.113855,3587,303,0,121,239,2066,9,0
2.450172,2.031000,116.000,17.616000,0.956000,123.114290,3587,303,0,121,239,2066,9,0
2.465132,14.960000,116.000,17.616000,0.956000,123.113085,3584,303,0,121,239,2066,9,0
2.467398,2.266000,116.000,17.616000,0.956000,123.109056,3582,303,0,119,236,2060,9,0
2.482362,14.964000,116.000,17.616000,0.956000,123.109507,3582,303,0,119,236,2060,9,0
2.484420,2.058000,116.000,17.616000,0.956000,123.109941,3582,303,0,119,236,2060,9,0
2.498188,13.768000,116.000,17.616000,0.956000,123.107485,3582,303,0,119,236,2060,9,0
2.500167,1.979000,116.000,17.616000,0.956000,123.107920,3582,303,0,119,236,2060,9,0
2.515083,14.916000,116.000,17.616000,0.956000,123.108355,3582,303,0,119,236,2060,9,0
2.516749,1.666000,116.000,17.616000,0.956000,123.108789,3582,303,0,119,236,2060,9,0
2.531597,14.848000,116.000,17.616000,0.956000,123.109255,3582,303,0,119,236,2060,9,0
2.533596,1.999000,116.000,17.616000,0.956000,123.109690,3582,303,0,119,236,2060,9,0
2.550152,16.556000,116.000,17.616000,0.956000,123.116175,3592,303,0,119,236,2060,9,0
2.552582,2.430000,116.000,17.616000,0.956000,123.116663,3592,303,0,119,236,2060,9,0
2.564704,12.122000,116.000,17.616000,0.956000,123.117083,3592,303,0,119,236,2060,9,0
2.566349,1.645000,116.000,17.616000,0.956000,123.107126,3587,300,0,118,235,2058,9,0
2.581539,15.190000,116.000,17.616000,0.956000,123.103838,3581,300,0,118,235,2058,9,0
2.583667,2.128000,116.000,17.616000,0.956000,123.104273,3581,300,0,118,235,2058,9,0
2.598227,14.560000,116.000,17.616000,0.956000,123.104723,3581,300,0,118,235,2058,9,0
2.614127,15.900000,116.000,17.616000,0.956000,123.267466,3638,314,0,163,303,2194,9,0
2.616739,2.612000,116.000,17.616000,0.956000,123.263926,3645,318,0,127,261,2110,9,0
2.630962,14.223000,116.000,17.616000,0.956000,123.265047,3645,318,0,128,263,2114,9,0
2.633407,2.445000,116.000,17.616000,0.956000,123.265478,3645,318,0,128,263,2114,9,0
2.647653,14.246000,116.000,17.616000,0.956000,123.270956,3645,318,0,135,272,2132,9,0
2.650422,2.769000,116.000,17.616000,0.956000,123.261465,3627,318,0,135,272,2132,9,0
2.664500,14.078000,116.000,17.616000,0.956000,123.258982,3627,318,0,129,266,2120,9,0
2.667218,2.718000,118.000,15.858000,2.300000,123.259382,3627,318,0,129,266,2120,9,0
2.681030,13.812000,118.000,15.858000,2.300000,123.259817,3627,318,0,129,266,2120,9,0
2.683623,2.593000,118.000,15.858000,2.300000,123.261423,3627,318,0,129,266,2120,9,0
2.697742,14.119000,118.000,15.858000,2.300000,123.308870,3627,318,0,129,266,2120,9,0
2.700132,2.390000,118.000,15.858000,2.300000,123.309305,3627,318,0,129,266,2120,9,0
2.714735,14.603000,118.000,15.858000,2.300000,123.309740,3627,318,0,129,266,2120,9,0
2.716914,2.179000,118.000,15.858000,2.300000,123.311827,3630,318,0,129,266,2120,9,0
2.731082,14.168000,118.000,15.858000,2.300000,123.312262,3630,318,0,129,266,2120,9,0
2.733995,2.913000,118.000,15.858000,2.300000,123.312651,3630,318,0,129,266,2120,9,0
2.747660,13.665000,118.000,15.858000,2.300000,123.310583,3626,318,0,129,266,2120,9,0
2.750089,2.429000,118.000,15.858000,2.300000,123.312654,3629,318,0,128,248,2084,9,0
2.764275,14.186000,118.000,15.858000,2.300000,123.313036,3629,318,0,128,248,2084,9,0
2.766425,2.150000,118.000,15.858000,2.300000,123.309061,3627,318,0,128,248,2084,9,0
2.781308,14.883000,118.000,15.858000,2.300000,123.295012,3627,318,0,128,248,2084,9,0
2.784164,2.856000,118.000,15.858000,2.300000,123.295465,3627,318,0,127,245,2078,9,0
2.798038,13.874000,118.000,15.858000,2.300000,123.295900,3627,318,0,127,245,2078,9,0
2.800878,2.840000,118.000,15.858000,2.300000,123.296305,3627,318,0,127,245,2078,9,0
2.814823,13.945000,118.000,15.858000,2.300000,123.292326,3627,318,0,127,245,2078,9,0
2.816650,1.827000,118.000,15.858000,2.300000,123.292761,3627,318,0,127,245,2078,9,0
2.831424,14.774000,118.000,15.858000,2.300000,123.293016,3627,318,0,127,245,2078,9,0
2.839518,8.094000,118.000,15.858000,2.300000,123.289949,3621,318,0,127,245,2078,9,0
2.841761,2.243000,118.000,15.858000,2.300000,123.292048,3624,318,0,126,244,2076,9,0
2.856351,14.590000,118.000,15.858000,2.300000,123.292482,3624,318,0,126,244,2076,9,0
2.864779,8.428000,118.000,15.858000,2.300000,123.294466,3627,318,0,124,242,2072,9,0
2.866490,1.711000,118.000,15.858000,2.300000,123.284498,3623,314,0,123,241,2070,9,0
2.881523,15.033000,118.000,15.858000,2.300000,123.280474,3616,314,0,123,241,2070,9,0
2.883241,1.718000,118.000,15.858000,2.300000,123.280909,3616,314,0,122,240,2068,9,0
2.898381,15.140000,118.000,15.858000,2.300000,123.281343,3616,314,0,121,239,2066,9,0
2.900258,1.877000,118.000,15.858000,2.300000,123.281694,3616,314,0,120,238,2064,9,0
2.914790,14.532000,118.000,15.858000,2.300000,123.266550,3607,309,0,119,237,2062,9,0
2.916436,1.646000,118.000,15.858000,2.300000,123.260633,3597,309,0,119,237,2062,9,0
2.931438,15.002000,118.000,15.858000,2.300000,123.274248,3602,309,0,126,246,2080,9,0
2.933265,1.827000,118.000,15.858000,2.300000,123.274683,3602,309,0,126,246,2080,9,0
2.948244,14.979000,118.000,15.858000,2.300000,123.275114,3602,309,0,126,246,2080,9,0
2.950238,1.994000,118.000,15.858000,2.300000,123.271963,3599,309,0,122,242,2072,9,0
2.964798,14.560000,118.000,15.858000,2.300000,123.272398,3599,309,0,122,242,2072,9,0
2.966670,1.872000,118.000,15.858000,2.300000,123.272833,3599,309,0,122,242,2072,9,0
2.981412,14.742000,118.000,15.858000,2.300000,123.273226,3599,309,0,122,242,2072,9,0
2.983255,1.843000,118.000,15.858000,2.300000,123.272020,3596,309,0,122,242,2072,9,0
2.998009,14.754000,118.000,15.858000,2.300000,123.272440,3596,309,0,122,242,2072,9,0
2.999915,1.906000,118.000,15.858000,2.300000,123.272875,3596,309,0,122,242,2072,9,0
3.014922,15.007000,118.000,15.858000,2.300000,123.273325,3596,309,0,122,242,2072,9,0
3.016555,1.633000,118.000,15.858000,2.300000,123.273851,3596,309,0,122,242,2072,9,0
3.032273,15.718000,118.000,15.858000,2.300000,123.274271,3596,309,0,122,242,2072,9,0
3.034035,1.762000,118.000,15.858000,2.300000,123.274706,3596,309,0,122,242,2072,9,0
3.048391,14.356000,118.000,15.858000,2.300000,123.275141,3596,309,0,122,242,2072,9,0
3.050867,2.476000,118.000,15.858000,2.300000,123.275576,3596,309,0,122,242,2072,9,0
3.064797,13.930000,118.000,15.858000,2.300000,123.275972,3596,309,0,122,242,2072,9,0
3.066683,1.886000,118.000,15.858000,2.300000,123.271997,3594,309,0,121,239,2066,9,0
3.081628,14.945000,118.000,15.858000,2.300000,123.270777,3591,309,0,121,239,2066,9,0
3.083989,2.361000,118.000,15.858000,2.300000,123.271212,3591,309,0,121,239,2066,9,0
3.098309,14.320000,118.000,15.858000,2.300000,123.265852,3588,309,0,121,239,2066,9,0
3.100723,2.414000,118.000,15.858000,2.300000,123.266287,3588,309,0,121,239,2066,9,0
3.115113,14.390000,118.000,15.858000,2.300000,123.268396,3591,309,0,121,239,2066,9,0
3.116907,1.794000,118.000,15.858000,2.300000,123.268831,3591,309,0,121,239,2066,9,0
3.131646,14.739000,118.000,15.858000,2.300000,123.269217,3591,309,0,121,239,2066,9,0
3.133536,1.890000,118.000,15.858000,2.300000,123.269651,3591,309,0,121,239,2066,9,0
3.148207,14.671000,118.000,15.858000,2.300000,123.270117,3591,309,0,121,239,2066,9,0
3.150625,2.418000,118.000,15.858000,2.300000,123.276556,3601,309,0,121,239,2066,9,0
3.164972,14.347000,118.000,15.858000,2.300000,123.275335,3598,309,0,121,239,2066,9,0
3.166729,1.757000,118.000,15.858000,2.300000,123.275770,3598,309,0,121,239,2066,9,0
3.181651,14.922000,118.000,15.858000,2.300000,123.276220,3598,309,0,121,239,2066,9,0
3.183735,2.084000,118.000,15.858000,2.300000,123.276655,3598,309,0,121,239,2066,9,0
3.198438,14.703000,118.000,15.858000,2.300000,123.149855,3548,269,0,121,239,2066,9,0
3.200745,2.307000,118.000,15.858000,2.300000,123.118124,3498,269,0,111,219,2026,9,0
3.212803,12.058000,118.000,15.858000,2.300000,123.187986,3540,278,0,142,264,2116,9,0
3.222542,9.739000,118.000,15.858000,2.300000,123.188421,3540,278,0,142,264,2116,9,0
3.231268,8.726000,118.000,15.858000,2.300000,123.104143,3516,254,0,106,222,2032,9,0
3.233022,1.754000,118.000,15.858000,2.300000,123.085627,3480,254,0,106,222,2032,9,0
3.247948,14.926000,118.000,15.858000,2.300000,123.086061,3480,254,0,106,222,2032,9,0
3.250225,2.277000,118.000,15.858000,2.300000,123.089808,3480,254,0,111,228,2044,9,0
3.264661,14.436000,118.000,15.858000,2.300000,123.081800,3470,254,0,105,222,2032,9,0
3.266389,1.728000,118.000,15.858000,2.300000,123.082235,3470,254,0,105,222,2032,9,0
3.281294,14.905000,118.000,15.858000,2.300000,123.082670,3470,254,0,105,222,2032,9,0
3.283060,1.766000,118.000,15.858000,2.300000,123.083105,3470,254,0,105,222,2032,9,0
3.298149,15.089000,118.000,15.858000,2.300000,123.083506,3470,254,0,105,222,2032,9,0
3.300192,2.043000,118.000,15.858000,2.300000,123.083941,3470,254,0,105,222,2032,9,0
3.314950,14.758000,118.000,15.858000,2.300000,123.084375,3470,254,0,105,222,2032,9,0
3.316816,1.866000,118.000,15.858000,2.300000,123.084776,3470,254,0,105,222,2032,9,0
3.331571,14.755000,118.000,15.858000,2.300000,123.085211,3470,254,0,105,222,2032,9,0
3.333580,2.009000,118.000,15.858000,2.300000,123.085646,3470,254,0,105,222,2032,9,0
3.348147,14.567000,118.000,15.858000,2.300000,123.081881,3463,254,0,105,222,2032,9,0
3.350232,2.085000,118.000,15.858000,2.300000,123.082262,3463,254,0,104,211,2010,9,0
3.364831,14.599000,118.000,15.858000,2.300000,123.078287,3461,254,0,104,211,2010,9,0
3.366685,1.854000,118.000,15.858000,2.300000,123.078722,3461,254,0,104,211,2010,9,0
3.382015,15.330000,118.000,15.858000,2.300000,123.068949,3461,254,0,104,211,2010,9,0
3.383801,1.786000,118.000,15.858000,2.300000,123.069384,3461,254,0,104,211,2010,9,0
3.398356,14.555000,118.000,15.858000,2.300000,123.070749,3461,254,0,103,209,2006,9,1
3.400759,2.403000,118.000,15.858000,2.300000,123.071184,3461,254,0,103,209,2006,9,1
3.415031,14.272000,118.000,15.858000,2.300000,123.072805,3470,253,0,103,209,2006,9,0
3.416769,1.738000,118.000,15.858000,2.300000,123.066938,3465,253,0,103,209,2006,9,0
3.431432,14.663000,118.000,15.858000,2.300000,123.067305,3465,253,0,103,209,2006,9,0
3.433205,1.773000,118.000,15.858000,2.300000,123.064238,3459,253,0,103,209,2006,9,0
3.448561,15.356000,118.000,15.858000,2.300000,123.066290,3462,253,0,102,208,2004,9,0
3.450963,2.402000,118.000,15.858000,2.300000,123.066725,3462,253,0,102,208,2004,9,0
3.464940,13.977000,118.000,15.858000,2.300000,123.068827,3465,253,0,100,206,2000,9,0
3.466750,1.810000,118.000,15.858000,2.300000,123.058825,3461,249,0,99,205,1998,9,0
3.482184,15.434000,118.000,15.858000,2.300000,123.054789,3454,249,0,99,205,1998,9,0
3.484333,2.149000,118.000,15.858000,2.300000,123.055223,3454,249,0,98,204,1996,9,0
3.499470,15.137000,118.000,15.858000,2.300000,123.055674,3454,249,0,97,203,1994,9,0
3.502545,3.075000,118.000,15.858000,2.300000,123.055990,3454,249,0,96,202,1992,9,0
3.515183,12.638000,118.000,15.858000,2.300000,123.040815,3445,244,0,95,201,1990,9,0
3.516876,1.693000,118.000,15.858000,2.300000,123.034933,3435,244,0,95,201,1990,9,0
3.531533,14.657000,118.000,15.858000,2.300000,123.035383,3435,244,0,95,201,1990,9,0
3.534365,2.832000,118.000,15.858000,2.300000,123.047342,3437,244,0,102,210,2008,9,0
3.548269,13.904000,118.000,15.858000,2.300000,123.046530,3440,244,0,96,204,1996,9,0
3.550590,2.321000,118.000,15.858000,2.300000,123.046965,3440,244,0,96,204,1996,9,0
3.564931,14.341000,118.000,15.858000,2.300000,123.049025,3443,244,0,96,204,1996,9,0
3.566637,1.706000,118.000,15.858000,2.300000,123.049459,3443,244,0,95,203,1994,9,0
3.581531,14.894000,118.000,15.858000,2.300000,123.049879,3443,244,0,95,203,1994,9,0
3.583362,1.831000,118.000,15.858000,2.300000,123.050314,3443,244,0,95,203,1994,9,0
3.598694,15.332000,118.000,15.858000,2.300000,123.050840,3443,244,0,95,203,1994,9,0
3.600986,2.292000,118.000,15.858000,2.300000,123.051275,3443,244,0,95,203,1994,9,0
3.615375,14.389000,118.000,15.858000,2.300000,123.051725,3443,244,0,95,203,1994,9,0
3.617149,1.774000,118.000,15.858000,2.300000,123.052160,3443,244,0,95,203,1994,9,0
3.631971,14.822000,118.000,15.858000,2.300000,123.054243,3446,244,0,95,203,1994,9,0
3.648098,16.127000,118.000,15.858000,2.300000,123.054678,3446,244,0,95,203,1994,9,0
3.652433,4.335000,118.000,15.858000,2.300000,123.053457,3443,244,0,95,203,1994,9,0
3.664823,12.390000,118.000,15.858000,2.300000,123.053892,3443,244,0,95,203,1994,9,0
3.666997,2.174000,119.000,16.048000,0.808000,123.054434,3443,244,0,95,203,1994,9,0
3.681239,14.242000,119.000,16.048000,0.808000,123.043978,3438,241,0,94,202,1992,9,0
3.683357,2.118000,119.000,16.048000,0.808000,123.034624,3427,241,0,93,199,1986,9,0
3.698017,14.660000,119.000,16.048000,0.808000,123.035059,3427,241,0,93,199,1986,9,0
3.700630,2.613000,119.000,16.048000,0.808000,123.033854,3424,241,0,93,199,1986,9,0
3.714857,14.227000,119.000,16.048000,0.808000,123.030066,3424,241,0,93,199,1986,9,0
3.717140,2.283000,119.000,16.048000,0.808000,123.047087,3434,245,0,93,199,1986,9,0
3.731638,14.498000,119.000,16.048000,0.808000,123.048151,3434,245,0,95,201,1990,9,0
3.748508,16.870000,119.000,16.048000,0.808000,123.048597,3434,245,0,95,201,1990,9,0
3.751529,3.021000,119.000,16.048000,0.808000,123.049017,3434,245,0,95,201,1990,9,0
3.764854,13.325000,119.000,16.048000,0.808000,123.049452,3434,245,0,95,201,1990,9,0
3.767261,2.407000,119.000,16.048000,0.808000,123.055891,3444,245,0,95,201,1990,9,0
3.781503,14.242000,119.000,16.048000,0.808000,123.056326,3444,245,0,95,201,1990,9,0
3.784038,2.535000,119.000,16.048000,0.808000,123.055136,3441,245,0,95,201,1990,9,0
3.798266,14.228000,119.000,16.048000,0.808000,123.055571,3441,245,0,95,201,1990,9,0
3.801890,3.624000,119.000,16.048000,0.808000,123.054350,3438,245,0,95,201,1990,9,0
3.814919,13.029000,119.000,16.048000,0.808000,123.054728,3438,245,0,95,201,1990,9,0
3.827606,12.687000,119.000,16.048000,0.808000,123.161779,3496,257,0,153,289,2166,9,0
3.840191,12.585000,119.000,16.048000,0.808000,123.162214,3496,257,0,152,289,2166,9,0
3.842991,2.800000,119.000,16.048000,0.808000,123.151949,3496,257,0,130,263,2114,9,0
3.856680,13.689000,119.000,16.048000,0.808000,123.152384,3496,257,0,130,263,2114,9,0
3.864347,7.667000,119.000,16.048000,0.808000,123.165541,3499,260,0,137,272,2132,9,0
3.866784,2.437000,119.000,16.048000,0.808000,123.156004,3481,260,0,137,272,2132,9,0
3.880976,14.192000,119.000,16.048000,0.808000,123.156439,3481,260,0,137,272,2132,9,0
3.883278,2.302000,119.000,16.048000,0.808000,123.154928,3481,260,0,133,268,2124,9,0
3.897867,14.589000,119.000,16.048000,0.808000,123.155363,3481,260,0,133,268,2124,9,0
3.900473,2.606000,119.000,16.048000,0.808000,123.155798,3481,260,0,133,268,2124,9,0
3.915050,14.577000,119.000,16.048000,0.808000,123.156233,3481,260,0,133,268,2124,9,0
3.917022,1.972000,119.000,16.048000,0.808000,123.156633,3481,260,0,133,268,2124,9,0
3.931589,14.567000,119.000,16.048000,0.808000,123.157068,3481,260,0,133,268,2124,9,0
3.933528,1.939000,119.000,16.048000,0.808000,123.157503,3481,260,0,133,268,2124,9,0
3.949356,15.828000,119.000,16.048000,0.808000,123.157938,3481,260,0,133,268,2124,9,0
3.953267,3.911000,119.000,16.048000,0.808000,123.155870,3477,260,0,133,268,2124,9,0
3.964784,11.517000,119.000,16.048000,0.808000,123.156252,3477,260,0,132,244,2076,9,0
3.966690,1.906000,119.000,16.048000,0.808000,123.152277,3475,260,0,132,244,2076,9,0
3.982267,15.577000,119.000,16.048000,0.808000,123.134184,3475,260,0,132,244,2076,9,0
3.985856,3.589000,119.000,16.048000,0.808000,123.134619,3475,260,0,132,244,2076,9,0
3.998128,12.272000,119.000,16.048000,0.808000,123.135023,3475,260,0,131,241,2070,9,0
4.000663,2.535000,119.000,16.048000,0.808000,123.135473,3475,260,0,131,241,2070,9,0
4.014366,13.703000,119.000,16.048000,0.808000,123.131475,3475,260,0,131,241,2070,9,0
4.016970,2.604000,119.000,16.048000,0.808000,123.131945,3475,260,0,131,241,2070,9,0
4.031336,14.366000,119.000,16.048000,0.808000,123.134176,3475,260,0,131,241,2070,9,0
4.033630,2.294000,119.000,16.048000,0.808000,123.199972,3466,260,0,131,241,2070,9,0
4.048497,14.867000,119.000,16.048000,0.808000,123.200350,3466,260,0,130,240,2068,9,0
4.051165,2.668000,119.000,16.048000,0.808000,123.200769,3466,260,0,129,239,2066,9,0
4.064355,13.190000,119.000,16.048000,0.808000,123.201204,3466,260,0,128,238,2064,9,0
4.066770,2.415000,119.000,16.048000,0.808000,123.191221,3462,256,0,127,237,2062,9,0
4.081151,14.381000,119.000,16.048000,0.808000,123.187250,3455,256,0,127,237,2062,9,0
4.083507,2.356000,119.000,16.048000,0.808000,123.187578,3455,256,0,125,235,2058,9,0
4.097696,14.189000,119.000,16.048000,0.808000,123.188013,3455,256,0,125,235,2058,9,0
4.100391,2.695000,119.000,16.048000,0.808000,123.190008,3458,256,0,124,234,2056,9,0
4.114403,14.012000,119.000,16.048000,0.808000,123.174910,3449,251,0,123,233,2054,9,0
4.116845,2.442000,119.000,16.048000,0.808000,123.168993,3439,251,0,123,233,2054,9,0
4.131331,14.486000,119.000,16.048000,0.808000,123.169428,3439,251,0,123,233,2054,9,0
4.134112,2.781000,119.000,16.048000,0.808000,123.180712,3444,251,0,128,239,2066,9,0
4.147618,13.506000,119.000,16.048000,0.808000,123.181147,3444,251,0,128,239,2066,9,0
4.150214,2.596000,119.000,16.048000,0.808000,123.178694,3444,251,0,122,233,2054,9,0
4.164252,14.038000,119.000,16.048000,0.808000,123.179129,3444,251,0,122,233,2054,9,0
4.166400,2.148000,119.000,16.048000,0.808000,123.179579,3444,251,0,122,233,2054,9,0
4.181365,14.965000,119.000,16.048000,0.808000,123.179956,3444,251,0,122,233,2054,9,0
4.184339,2.974000,119.000,16.048000,0.808000,123.363028,3564,299,0,122,233,2054,9,0
4.198176,13.837000,119.000,16.048000,0.808000,123.372206,3564,299,0,134,257,2102,9,0
4.202807,4.631000,119.000,16.048000,0.808000,123.372622,3564,299,0,134,257,2102,9,0
4.214273,11.466000,119.000,16.048000,0.808000,123.373056,3564,299,0,134,257,2102,9,0
4.216757,2.484000,119.000,16.048000,0.808000,123.373476,3564,299,0,134,257,2102,9,0
4.231054,14.297000,119.000,16.048000,0.808000,123.373911,3564,299,0,134,257,2102,9,0
4.233681,2.627000,119.000,16.048000,0.808000,123.376036,3567,299,0,134,257,2102,9,0
4.247688,14.007000,119.000,16.048000,0.808000,123.376471,3567,299,0,134,257,2102,9,0
4.250556,2.868000,119.000,16.048000,0.808000,123.378531,3570,299,0,134,257,2102,9,0
4.264345,13.789000,119.000,16.048000,0.808000,123.378965,3570,299,0,134,257,2102,9,0
4.266818,2.473000,119.000,16.048000,0.808000,123.379366,3570,299,0,134,257,2102,9,0
4.281416,14.598000,119.000,16.048000,0.808000,123.379747,3570,299,0,133,255,2098,9,0
4.283823,2.407000,119.000,16.048000,0.808000,123.375788,3568,299,0,133,255,2098,9,0
4.297551,13.728000,119.000,16.048000,0.808000,123.376223,3568,299,0,133,255,2098,9,0
4.300626,3.075000,119.000,16.048000,0.808000,123.373911,3568,299,0,133,255,2098,9,0
4.314912,14.286000,119.000,16.048000,0.808000,123.374346,3568,299,0,133,255,2098,9,0
4.332275,17.363000,119.000,16.048000,0.808000,123.376413,3571,299,0,133,255,2098,9,0
4.335014,2.739000,119.000,16.048000,0.808000,123.376848,3571,299,0,133,255,2098,9,0
4.348526,13.512000,119.000,16.048000,0.808000,123.375635,3568,299,0,133,255,2098,9,0
4.351015,2.489000,119.000,16.048000,0.808000,123.376070,3568,299,0,133,255,2098,9,0
4.365886,14.871000,119.000,16.048000,0.808000,123.376505,3568,299,0,133,255,2098,9,0
4.369277,3.391000,119.000,16.048000,0.808000,123.382944,3578,299,0,133,255,2098,9,0
4.382022,12.745000,119.000,16.048000,0.808000,123.381708,3575,299,0,133,255,2098,9,0
4.384048,2.026000,119.000,16.048000,0.808000,123.382143,3575,299,0,133,255,2098,9,0
4.399211,15.163000,119.000,16.048000,0.808000,123.382563,3575,299,0,133,255,2098,9,0
4.402725,3.514000,119.000,16.048000,0.808000,123.382998,3575,299,0,133,255,2098,9,0
4.415420,12.695000,119.000,16.048000,0.808000,123.383432,3575,299,0,133,255,2098,9,0
4.431447,16.027000,119.000,16.048000,0.808000,123.383833,3575,299,0,133,255,2098,9,0
4.449368,17.921000,119.000,16.048000,0.808000,123.487040,3629,309,0,168,317,2222,9,0
4.464743,15.375000,119.000,16.048000,0.808000,123.464128,3629,309,0,120,261,2110,9,0
4.466646,1.903000,119.000,16.048000,0.808000,123.464563,3629,309,0,120,261,2110,9,0
4.481373,14.727000,119.000,16.048000,0.808000,123.469767,3629,309,0,127,270,2128,9,0
4.483292,1.919000,119.000,16.048000,0.808000,123.457357,3611,309,0,121,264,2116,9,0
4.498568,15.276000,119.000,16.048000,0.808000,123.457792,3611,309,0,121,264,2116,9,0
4.501213,2.645000,119.000,16.048000,0.808000,123.456587,3608,309,0,121,264,2116,9,0
4.514933,13.720000,119.000,16.048000,0.808000,123.457937,3608,309,0,121,264,2116,9,1
4.516882,1.949000,119.000,16.048000,0.808000,123.458372,3608,309,0,121,264,2116,9,1
4.531495,14.613000,119.000,16.048000,0.808000,123.461542,3617,308,0,121,264,2116,9,0
4.533496,2.001000,119.000,16.048000,0.808000,123.458719,3612,308,0,122,264,2116,9,0
4.548233,14.737000,119.000,16.048000,0.808000,123.459154,3612,308,0,122,264,2116,9,0
4.551259,3.026000,119.000,16.048000,0.808000,123.461248,3615,308,0,122,264,2116,9,0
4.564405,13.146000,119.000,16.048000,0.808000,123.461683,3615,308,0,122,264,2116,9,0
4.566917,2.512000,119.000,16.048000,0.808000,123.457956,3608,308,0,122,264,2116,9,0
4.580967,14.050000,119.000,16.048000,0.808000,123.458338,3608,308,0,121,240,2068,9,0
4.583215,2.248000,119.000,16.048000,0.808000,123.454363,3606,308,0,121,240,2068,9,0
4.597818,14.603000,119.000,16.048000,0.808000,123.454798,3606,308,0,121,240,2068,9,0
4.600706,2.888000,119.000,16.048000,0.808000,123.436777,3606,308,0,121,240,2068,9,0
4.614289,13.583000,119.000,16.048000,0.808000,123.437212,3606,308,0,120,237,2062,9,0
4.616748,2.459000,119.000,16.048000,0.808000,123.437647,3606,308,0,120,237,2062,9,0
4.631263,14.515000,119.000,16.048000,0.808000,123.438082,3606,308,0,120,237,2062,9,0
4.633727,2.464000,119.000,16.048000,0.808000,123.434118,3606,308,0,120,237,2062,9,0
4.647884,14.157000,119.000,16.048000,0.808000,123.434553,3606,308,0,120,237,2062,9,0
4.650886,3.002000,119.000,16.048000,0.808000,123.434835,3606,308,0,120,237,2062,9,0
4.664347,13.461000,119.000,16.048000,0.808000,123.431768,3600,308,0,120,237,2062,9,0
4.666514,2.167000,114.000,17.270000,1.298000,123.432203,3600,308,0,119,236,2060,9,0
4.681065,14.551000,114.000,17.270000,1.298000,123.432638,3600,308,0,118,235,2058,9,0
4.683295,2.230000,114.000,17.270000,1.298000,123.433088,3600,308,0,116,233,2054,9,0
4.698444,15.149000,114.000,17.270000,1.298000,123.423120,3596,304,0,115,232,2052,9,0
4.701514,3.070000,114.000,17.270000,1.298000,123.419146,3589,304,0,115,232,2052,9,0
4.714567,13.053000,114.000,17.270000,1.298000,123.419580,3589,304,0,113,230,2048,9,0
4.716890,2.323000,114.000,17.270000,1.298000,123.420015,3589,304,0,113,230,2048,9,0
4.731015,14.125000,114.000,17.270000,1.298000,123.420309,3589,304,0,112,229,2046,9,0
4.733568,2.553000,114.000,17.270000,1.298000,123.405180,3580,299,0,111,228,2044,9,0
4.747560,13.992000,114.000,17.270000,1.298000,123.413198,3572,299,0,120,240,2068,9,0
4.750219,2.659000,114.000,17.270000,1.298000,123.411959,3569,299,0,120,240,2068,9,0
4.764307,14.088000,114.000,17.270000,1.298000,123.412394,3569,299,0,120,240,2068,9,0
4.766833,2.526000,114.000,17.270000,1.298000,123.410883,3569,299,0,116,236,2060,9,0
4.780909,14.076000,114.000,17.270000,1.298000,123.409678,3566,299,0,115,235,2058,9,0
4.783066,2.157000,114.000,17.270000,1.298000,123.399229,3561,296,0,115,235,2058,9,0
4.798077,15.011000,114.000,17.270000,1.298000,123.395971,3555,296,0,115,235,2058,9,0
4.802602,4.525000,114.000,17.270000,1.298000,123.396406,3555,296,0,115,235,2058,9,0
4.814325,11.723000,114.000,17.270000,1.298000,123.396841,3555,296,0,115,235,2058,9,0
4.816973,2.648000,114.000,17.270000,1.298000,123.414087,3568,300,0,115,235,2058,9,0
4.831408,14.435000,114.000,17.270000,1.298000,123.415186,3568,300,0,116,237,2062,9,0
4.839302,7.894000,114.000,17.270000,1.298000,123.415621,3568,300,0,116,237,2062,9,0
4.841940,2.638000,114.000,17.270000,1.298000,123.417727,3571,300,0,116,237,2062,9,0
4.856184,14.244000,114.000,17.270000,1.298000,123.418104,3571,300,0,116,237,2062,9,0
4.865007,8.823000,114.000,17.270000,1.298000,123.418554,3571,300,0,116,237,2062,9,0
4.866812,1.805000,114.000,17.270000,1.298000,123.418989,3571,300,0,116,237,2062,9,0
4.881559,14.747000,114.000,17.270000,1.298000,123.419355,3571,300,0,116,237,2062,9,0
4.883290,1.731000,114.000,17.270000,1.298000,123.415380,3569,300,0,115,233,2054,9,0
4.905935,22.645000,114.000,17.270000,1.298000,123.415758,3569,300,0,115,233,2054,9,0
4.907762,1.827000,114.000,17.270000,1.298000,123.410624,3569,300,0,115,233,2054,9,0
4.923035,15.273000,114.000,17.270000,1.298000,123.411036,3569,300,0,115,233,2054,9,0
4.931366,8.331000,114.000,17.270000,1.298000,123.411470,3569,300,0,115,233,2054,9,0
4.933122,1.756000,114.000,17.270000,1.298000,123.411905,3569,300,0,115,233,2054,9,0
4.948153,15.031000,114.000,17.270000,1.298000,123.414015,3572,300,0,115,233,2054,9,0
4.949966,1.813000,114.000,17.270000,1.298000,123.414450,3572,300,0,114,233,2054,9,0
4.964740,14.774000,114.000,17.270000,1.298000,123.416510,3575,300,0,114,233,2054,9,0
4.966427,1.687000,114.000,17.270000,1.298000,123.416910,3575,300,0,115,233,2054,9,0
4.981483,15.056000,114.000,17.270000,1.298000,123.424520,3585,300,0,115,233,2054,9,2
4.983384,1.901000,114.000,17.270000,1.298000,123.424955,3585,300,0,115,233,2054,9,2
4.998303,14.919000,114.000,17.270000,1.298000,123.426023,3585,300,0,115,233,2054,9,2
5.000461,2.158000,114.000,17.270000,1.298000,123.426458,3585,300,0,115,233,2054,9,2
5.015026,14.565000,114.000,17.270000,1.298000,123.428507,3597,298,0,115,233,2054,9,0
5.016659,1.633000,114.000,17.270000,1.298000,123.422472,3587,298,0,117,233,2054,9,0
5.031417,14.758000,114.000,17.270000,1.298000,123.424570,3590,298,0,117,233,2054,9,0
5.056844,25.427000,114.000,17.270000,1.298000,123.494429,3632,307,0,148,278,2144,9,0
5.064495,7.651000,114.000,17.270000,1.298000,123.482218,3632,307,0,122,248,2084,9,0
5.066646,2.151000,114.000,17.270000,1.298000,123.481012,3629,307,0,122,248,2084,9,0
5.080896,14.250000,114.000,17.270000,1.298000,123.484758,3629,307,0,127,254,2096,9,0
5.083181,2.285000,114.000,17.270000,1.298000,123.478029,3616,307,0,127,254,2096,9,0
5.097714,14.533000,114.000,17.270000,1.298000,123.475546,3616,307,0,121,248,2084,9,0
5.100066,2.352000,114.000,17.270000,1.298000,123.475981,3616,307,0,121,248,2084,9,0
5.114639,14.573000,114.000,17.270000,1.298000,123.476416,3616,307,0,121,248,2084,9,0
5.122959,8.320000,114.000,17.270000,1.298000,123.476851,3616,307,0,121,248,2084,9,0
5.124898,1.939000,114.000,17.270000,1.298000,123.477285,3616,307,0,121,248,2084,9,0
5.139707,14.809000,114.000,17.270000,1.298000,123.477720,3616,307,0,121,248,2084,9,0
5.141904,2.197000,114.000,17.270000,1.298000,123.478155,3616,307,0,121,248,2084,9,0
5.156556,14.652000,114.000,17.270000,1.298000,123.478590,3616,307,0,121,248,2084,9,0
5.164227,7.671000,114.000,17.270000,1.298000,123.479025,3616,307,0,121,248,2084,9,0
5.166616,2.389000,114.000,17.270000,1.298000,123.479460,3616,307,0,121,248,2084,9,0
5.180919,14.303000,114.000,17.270000,1.298000,123.475752,3609,307,0,118,235,2058,9,0
5.183340,2.421000,114.000,17.270000,1.298000,123.495680,3628,311,0,118,235,2058,9,0
5.198145,14.805000,114.000,17.270000,1.298000,123.494741,3625,311,0,120,237,2062,9,0
5.200243,2.098000,114.000,17.270000,1.298000,123.480509,3623,311,0,120,237,2062,9,0
5.214791,14.548000,114.000,17.270000,1.298000,123.482611,3626,311,0,119,235,2058,9,0
5.216902,2.111000,114.000,17.270000,1.298000,123.483046,3626,311,0,119,235,2058,9,0
5.231870,14.968000,114.000,17.270000,1.298000,123.483458,3626,311,0,119,235,2058,9,0
5.234153,2.283000,114.000,17.270000,1.298000,123.480814,3626,311,0,119,235,2058,9,0
5.249014,14.861000,114.000,17.270000,1.298000,123.481283,3626,311,0,119,235,2058,9,0
5.251399,2.385000,114.000,17.270000,1.298000,123.481649,3626,311,0,119,235,2058,9,0
5.264929,13.530000,114.000,17.270000,1.298000,123.476927,3617,311,0,119,235,2058,9,0
5.266869,1.940000,114.000,17.270000,1.298000,123.477362,3617,311,0,115,232,2052,9,0
5.281164,14.295000,114.000,17.270000,1.298000,123.456869,3607,305,0,115,232,2052,9,0
5.282935,1.771000,114.000,17.270000,1.298000,123.449919,3595,305,0,114,230,2048,9,0
5.298242,15.307000,114.000,17.270000,1.298000,123.450369,3595,305,0,113,229,2046,9,0
5.299954,1.712000,114.000,17.270000,1.298000,123.440401,3591,301,0,113,229,2046,9,0
5.314646,14.692000,114.000,17.270000,1.298000,123.436396,3584,301,0,113,229,2046,9,0
5.316322,1.676000,114.000,17.270000,1.298000,123.436831,3584,301,0,110,227,2042,9,0
5.331579,15.257000,114.000,17.270000,1.298000,123.437212,3584,301,0,109,226,2040,9,0
5.333373,1.794000,114.000,17.270000,1.298000,123.422113,3575,296,0,109,225,2038,9,0
5.348203,14.830000,114.000,17.270000,1.298000,123.416185,3565,296,0,109,225,2038,9,0
5.349863,1.660000,114.000,17.270000,1.298000,123.416620,3565,296,0,109,225,2038,9,0
5.364869,15.006000,114.000,17.270000,1.298000,123.430952,3567,296,0,110,229,2046,9,0
5.366722,1.853000,114.000,17.270000,1.298000,123.427496,3567,296,0,110,229,2046,9,0
5.381450,14.728000,114.000,17.270000,1.298000,123.427946,3567,296,0,110,229,2046,9,0
5.383212,1.762000,114.000,17.270000,1.298000,123.428347,3567,296,0,110,229,2046,9,0
5.398005,14.793000,114.000,17.270000,1.298000,123.428766,3567,296,0,110,229,2046,9,0
5.399668,1.663000,114.000,17.270000,1.298000,123.429201,3567,296,0,110,229,2046,9,0
5.414652,14.984000,114.000,17.270000,1.298000,123.429636,3567,296,0,110,229,2046,9,0
5.416322,1.670000,114.000,17.270000,1.298000,123.430071,3567,296,0,110,229,2046,9,0
5.431365,15.043000,114.000,17.270000,1.298000,123.430506,3567,296,0,110,229,2046,9,0
5.433038,1.673000,114.000,17.270000,1.298000,123.430941,3567,296,0,110,229,2046,9,0
5.447858,14.820000,114.000,17.270000,1.298000,123.429735,3564,296,0,110,229,2046,9,0
5.449472,1.614000,114.000,17.270000,1.298000,123.430170,3564,296,0,110,229,2046,9,0
5.464561,15.089000,114.000,17.270000,1.298000,123.430620,3564,296,0,110,229,2046,9,0
5.466213,1.652000,114.000,17.270000,1.298000,123.431055,3564,296,0,110,229,2046,9,0
5.481510,15.297000,114.000,17.270000,1.298000,123.431475,3564,296,0,110,229,2046,9,0
5.483356,1.846000,114.000,17.270000,1.298000,123.431875,3564,296,0,110,229,2046,9,0
5.498048,14.692000,114.000,17.270000,1.298000,123.432257,3564,296,0,110,229,2046,9,0
5.499714,1.666000,114.000,17.270000,1.298000,123.428282,3562,296,0,109,225,2038,9,0
5.515378,15.664000,114.000,17.270000,1.298000,123.430365,3565,296,0,109,225,2038,9,0
5.522665,7.287000,114.000,17.270000,1.298000,123.425230,3565,296,0,109,225,2038,9,0
5.524871,2.206000,114.000,17.270000,1.298000,123.425684,3565,296,0,109,225,2038,9,0
5.539275,14.404000,114.000,17.270000,1.298000,123.426119,3565,296,0,109,225,2038,9,0
5.542064,2.789000,114.000,17.270000,1.298000,123.428183,3568,296,0,109,225,2038,9,0
5.556140,14.076000,114.000,17.270000,1.298000,123.428617,3568,296,0,108,225,2038,9,0
5.565019,8.879000,114.000,17.270000,1.298000,123.429029,3568,296,0,108,225,2038,9,0
5.566889,1.870000,114.000,17.270000,1.298000,123.429464,3568,296,0,108,225,2038,9,0
5.581530,14.641000,114.000,17.270000,1.298000,123.429899,3568,296,0,108,225,2038,9,0
5.583465,1.935000,114.000,17.270000,1.298000,123.436304,3578,296,0,109,225,2038,9,0
5.598898,15.433000,114.000,17.270000,1.298000,123.437639,3578,296,0,109,225,2038,9,1
5.601124,2.226000,114.000,17.270000,1.298000,123.438074,3578,296,0,109,225,2038,9,1
5.615008,13.884000,114.000,17.270000,1.298000,123.439146,3584,295,0,109,225,2038,9,0
5.617149,2.141000,114.000,17.270000,1.298000,123.436323,3579,295,0,109,225,2038,9,0
5.631488,14.339000,114.000,17.270000,1.298000,123.438417,3582,295,0,109,225,2038,9,0
5.633317,1.829000,114.000,17.270000,1.298000,123.438852,3582,295,0,110,225,2038,9,0
5.645733,12.416000,114.000,17.270000,1.298000,123.525675,3632,304,0,157,297,2182,9,0
5.656213,10.480000,114.000,17.270000,1.298000,123.515409,3632,304,0,135,271,2130,9,0
5.664791,8.578000,114.000,17.270000,1.298000,123.517511,3635,304,0,135,271,2130,9,0
5.667804,3.013000,117.000,25.018000,0.838000,123.524603,3635,304,0,144,283,2154,9,0
5.681424,13.620000,117.000,25.018000,0.838000,123.513800,3615,304,0,144,283,2154,9,0
5.683422,1.998000,117.000,25.018000,0.838000,123.514235,3615,304,0,140,279,2146,9,0
5.698103,14.681000,117.000,25.018000,0.838000,123.512724,3615,304,0,140,279,2146,9,0
5.700963,2.860000,117.000,25.018000,0.838000,123.513159,3615,304,0,140,279,2146,9,0
5.714952,13.989000,117.000,25.018000,0.838000,123.513594,3615,304,0,140,279,2146,9,0
5.717276,2.324000,117.000,25.018000,0.838000,123.514029,3615,304,0,140,279,2146,9,0
5.731488,14.212000,117.000,25.018000,0.838000,123.516115,3618,304,0,140,279,2146,9,0
5.733534,2.046000,117.000,25.018000,0.838000,123.516550,3618,304,0,140,279,2146,9,0
5.748169,14.635000,117.000,25.018000,0.838000,123.515345,3615,304,0,140,279,2146,9,0
5.750707,2.538000,117.000,25.018000,0.838000,123.515779,3615,304,0,140,279,2146,9,0
5.764949,14.242000,117.000,25.018000,0.838000,123.518114,3618,304,0,140,279,2146,9,0
5.767384,2.435000,117.000,25.018000,0.838000,123.512934,3609,304,0,139,278,2144,9,0
5.781374,13.990000,117.000,25.018000,0.838000,123.509226,3602,304,0,139,278,2144,9,0
5.783356,1.982000,117.000,25.018000,0.838000,123.509607,3602,304,0,138,260,2108,9,0
5.798172,14.816000,117.000,25.018000,0.838000,123.505632,3600,304,0,138,260,2108,9,0
5.801397,3.225000,117.000,25.018000,0.838000,123.506067,3600,304,0,138,260,2108,9,0
5.815164,13.767000,117.000,25.018000,0.838000,123.492682,3600,304,0,137,256,2100,9,0
5.817175,2.011000,117.000,25.018000,0.838000,123.493116,3600,304,0,137,256,2100,9,0
5.831405,14.230000,117.000,25.018000,0.838000,123.493551,3600,304,0,137,256,2100,9,0
5.839428,8.023000,117.000,25.018000,0.838000,123.488256,3600,304,0,137,256,2100,9,0
5.843451,4.023000,117.000,25.018000,0.838000,123.488714,3600,304,0,137,256,2100,9,0
5.855998,12.547000,117.000,25.018000,0.838000,123.489149,3600,304,0,137,256,2100,9,0
5.864838,8.840000,117.000,25.018000,0.838000,123.487852,3597,304,0,137,256,2100,9,0
5.866733,1.895000,117.000,25.018000,0.838000,123.474394,3586,301,0,136,255,2098,9,0
5.881393,14.660000,117.000,25.018000,0.838000,123.469450,3577,301,0,135,254,2096,9,0
5.883380,1.987000,117.000,25.018000,0.838000,123.469885,3577,301,0,134,254,2096,9,0
5.899744,16.364000,117.000,25.018000,0.838000,123.468637,3574,301,0,132,252,2092,9,0
5.902460,2.716000,117.000,25.018000,0.838000,123.458670,3570,297,0,132,251,2090,9,0
5.915434,12.974000,117.000,25.018000,0.838000,123.471449,3576,301,0,132,251,2090,9,0
5.917567,2.133000,117.000,25.018000,0.838000,123.472570,3576,301,0,132,252,2092,9,0
5.933096,15.529000,117.000,25.018000,0.838000,123.472982,3576,301,0,131,251,2090,9,0
5.938316,5.220000,117.000,25.018000,0.838000,123.473333,3576,301,0,129,250,2088,9,0
5.941363,3.047000,117.000,25.018000,0.838000,123.458204,3567,296,0,128,249,2086,9,0
5.956082,14.719000,117.000,25.018000,0.838000,123.460054,3567,297,0,129,249,2086,9,0
5.964867,8.785000,117.000,25.018000,0.838000,123.466143,3563,297,0,135,256,2100,9,0
5.967099,2.232000,117.000,25.018000,0.838000,123.466578,3563,297,0,134,256,2100,9,0
5.981484,14.385000,117.000,25.018000,0.838000,123.463121,3563,297,0,126,248,2084,9,0
5.983453,1.969000,117.000,25.018000,0.838000,123.463556,3563,297,0,127,248,2084,9,0
5.998282,14.829000,117.000,25.018000,0.838000,123.464022,3563,297,0,127,248,2084,9,0
6.000283,2.001000,117.000,25.018000,0.838000,123.464457,3563,297,0,127,248,2084,9,0
6.014778,14.495000,117.000,25.018000,0.838000,123.464861,3563,297,0,127,248,2084,9,0
6.016555,1.777000,117.000,25.018000,0.838000,123.465296,3563,297,0,126,248,2084,9,0
6.031488,14.933000,117.000,25.018000,0.838000,123.465746,3563,297,0,126,248,2084,9,0
6.033392,1.904000,117.000,25.018000,0.838000,123.466455,3563,297,0,127,248,2084,9,0
6.048621,15.229000,117.000,25.018000,0.838000,123.466875,3563,297,0,127,248,2084,9,0
6.051155,2.534000,117.000,25.018000,0.838000,123.467310,3563,297,0,126,248,2084,9,0
6.065030,13.875000,117.000,25.018000,0.838000,123.470453,3563,297,0,126,248,2084,9,0
6.066899,1.869000,117.000,25.018000,0.838000,123.576483,3563,297,0,126,248,2084,9,0
6.081313,14.414000,117.000,25.018000,0.838000,123.576948,3563,297,0,126,248,2084,9,0
6.083078,1.765000,117.000,25.018000,0.838000,123.577383,3563,297,0,127,248,2084,9,0
6.098220,15.142000,117.000,25.018000,0.838000,123.577787,3563,297,0,127,248,2084,9,0
6.101207,2.987000,117.000,25.018000,0.838000,123.578188,3563,297,0,125,246,2080,9,0
6.114408,13.201000,117.000,25.018000,0.838000,123.578569,3563,297,0,125,246,2080,9,0
6.116901,2.493000,117.000,25.018000,0.838000,123.574625,3561,297,0,123,244,2076,9,0
6.131022,14.121000,117.000,25.018000,0.838000,123.571272,3561,297,0,124,244,2076,9,0
6.133381,2.359000,117.000,25.018000,0.838000,123.571676,3561,297,0,123,243,2074,9,0
6.147586,14.205000,117.000,25.018000,0.838000,123.570471,3558,297,0,122,243,2074,9,0
6.150467,2.881000,117.000,25.018000,0.838000,123.570936,3558,297,0,122,243,2074,9,0
6.164310,13.843000,117.000,25.018000,0.838000,123.571371,3558,297,0,122,243,2074,9,0
6.166912,2.602000,117.000,25.018000,0.838000,123.571772,3558,297,0,122,243,2074,9,0
6.181265,14.353000,117.000,25.018000,0.838000,123.572206,3558,297,0,123,243,2074,9,0
6.184015,2.750000,117.000,25.018000,0.838000,123.578646,3568,297,0,123,243,2074,9,0
6.198104,14.089000,117.000,25.018000,0.838000,123.579081,3568,297,0,123,243,2074,9,0
6.201686,3.582000,117.000,25.018000,0.838000,123.581163,3571,297,0,123,243,2074,9,0
6.214297,12.611000,117.000,25.018000,0.838000,123.581598,3571,297,0,123,243,2074,9,0
6.216864,2.567000,117.000,25.018000,0.838000,123.582026,3571,297,0,123,243,2074,9,0
6.230926,14.062000,117.000,25.018000,0.838000,123.582460,3571,297,0,123,243,2074,9,0
6.233200,2.274000,117.000,25.018000,0.838000,123.584555,3574,297,0,123,243,2074,9,0
6.244812,11.612000,117.000,25.018000,0.838000,123.652052,3616,306,0,152,285,2158,9,0
6.256605,11.793000,117.000,25.018000,0.838000,123.652426,3616,306,0,152,285,2158,9,0
6.264301,7.696000,117.000,25.018000,0.838000,123.635351,3616,306,0,116,241,2070,9,0
6.266577,2.276000,117.000,25.018000,0.838000,123.635786,3616,306,0,116,241,2070,9,0
6.280883,14.306000,117.000,25.018000,0.838000,123.642813,3616,306,0,125,253,2094,9,0
6.283136,2.253000,117.000,25.018000,0.838000,123.628309,3596,306,0,117,245,2078,9,0
6.297556,14.420000,117.000,25.018000,0.838000,123.628744,3596,306,0,117,245,2078,9,0
6.300404,2.848000,117.000,25.018000,0.838000,123.629179,3596,306,0,117,245,2078,9,0
6.314361,13.957000,117.000,25.018000,0.838000,123.629614,3596,306,0,116,244,2076,9,0
6.316859,2.498000,117.000,25.018000,0.838000,123.626875,3591,306,0,116,244,2076,9,0
6.331142,14.283000,117.000,25.018000,0.838000,123.627310,3591,306,0,116,244,2076,9,0
6.339932,8.790000,117.000,25.018000,0.838000,123.629389,3594,306,0,116,244,2076,9,0
6.343115,3.183000,117.000,25.018000,0.838000,123.629824,3594,306,0,116,244,2076,9,0
6.357063,13.948000,117.000,25.018000,0.838000,123.631891,3597,306,0,116,244,2076,9,0
6.364179,7.116000,117.000,25.018000,0.838000,123.632380,3597,306,0,116,244,2076,9,0
6.366753,2.574000,117.000,25.018000,0.838000,123.633020,3597,306,0,116,244,2076,9,0
6.380926,14.173000,117.000,25.018000,0.838000,123.630899,3593,306,0,116,244,2076,9,0
6.383300,2.374000,117.000,25.018000,0.838000,123.626925,3591,306,0,115,234,2056,9,0
6.397566,14.266000,117.000,25.018000,0.838000,123.627302,3591,306,0,115,234,2056,9,0
6.400356,2.790000,117.000,25.018000,0.838000,123.627737,3591,306,0,115,234,2056,9,0
6.414228,13.872000,117.000,25.018000,0.838000,123.620867,3591,306,0,115,234,2056,9,0
6.416554,2.326000,117.000,25.018000,0.838000,123.622972,3594,306,0,114,230,2048,9,0
6.431004,14.450000,117.000,25.018000,0.838000,123.623407,3594,306,0,114,230,2048,9,0
6.433382,2.378000,117.000,25.018000,0.838000,123.622255,3591,306,0,114,230,2048,9,0
6.447936,14.554000,117.000,25.018000,0.838000,123.616724,3591,306,0,114,230,2048,9,0
6.450617,2.681000,117.000,25.018000,0.838000,123.617186,3591,306,0,114,230,2048,9,0
6.464841,14.224000,117.000,25.018000,0.838000,123.617552,3591,306,0,114,230,2048,9,0
6.467172,2.331000,117.000,25.018000,0.838000,123.612829,3582,306,0,114,230,2048,9,0
6.481259,14.087000,117.000,25.018000,0.838000,123.613264,3582,306,0,113,229,2046,9,0
6.488745,7.486000,117.000,25.018000,0.838000,123.613737,3582,306,0,113,229,2046,9,0
6.490461,1.716000,117.000,25.018000,0.838000,123.614172,3582,306,0,111,227,2042,9,0
6.507272,16.811000,117.000,25.018000,0.838000,123.604189,3578,302,0,110,226,2040,9,0
6.514202,6.930000,117.000,25.018000,0.838000,123.600275,3571,302,0,110,226,2040,9,0
6.516724,2.522000,117.000,25.018000,0.838000,123.600695,3571,302,0,109,225,2038,9,0
6.531382,14.658000,117.000,25.018000,0.838000,123.601130,3571,302,0,108,224,2036,9,0
6.534975,3.593000,117.000,25.018000,0.838000,123.601465,3571,302,0,107,223,2034,9,0
6.548082,13.107000,117.000,25.018000,0.838000,123.586367,3562,297,0,106,222,2032,9,0
6.550781,2.699000,117.000,25.018000,0.838000,123.580439,3552,297,0,106,222,2032,9,0
6.564763,13.982000,117.000,25.018000,0.838000,123.580873,3552,297,0,106,222,2032,9,0
6.568236,3.473000,117.000,25.018000,0.838000,123.591188,3551,297,0,113,231,2050,9,0
6.581262,13.026000,117.000,25.018000,0.838000,123.589678,3551,297,0,109,227,2042,9,0
6.583612,2.350000,117.000,25.018000,0.838000,123.595762,3554,299,0,109,227,2042,9,0
6.598005,14.393000,117.000,25.018000,0.838000,123.596666,3554,299,0,110,228,2044,9,0
6.602065,4.060000,117.000,25.018000,0.838000,123.598772,3557,299,0,110,228,2044,9,0
6.614647,12.582000,117.000,25.018000,0.838000,123.599207,3557,299,0,110,228,2044,9,0
6.617325,2.678000,117.000,25.018000,0.838000,123.599627,3557,299,0,110,228,2044,9,0
6.631375,14.050000,117.000,25.018000,0.838000,123.600061,3557,299,0,110,228,2044,9,0
6.635031,3.656000,117.000,25.018000,0.838000,123.600512,3557,299,0,110,228,2044,9,0
6.648314,13.283000,117.000,25.018000,0.838000,123.600946,3557,299,0,110,228,2044,9,0
6.651689,3.375000,117.000,25.018000,0.838000,123.599741,3554,299,0,110,228,2044,9,0
6.664685,12.996000,117.000,25.018000,0.838000,123.600176,3554,299,0,110,228,2044,9,0
6.667251,2.566000,120.000,16.010000,1.522000,123.600595,3554,299,0,110,228,2044,9,0
6.681146,13.895000,120.000,16.010000,1.522000,123.601030,3554,299,0,110,228,2044,9,0
6.683750,2.604000,120.000,16.010000,1.522000,123.602396,3554,299,0,110,228,2044,9,1
6.697988,14.238000,120.000,16.010000,1.522000,123.602774,3554,299,0,110,228,2044,9,1
6.701740,3.752000,120.000,16.010000,1.522000,123.605505,3563,298,0,110,228,2044,9,0
6.714662,12.922000,120.000,16.010000,1.522000,123.602571,3558,298,0,110,225,2038,9,0
6.716784,2.122000,120.000,16.010000,1.522000,123.598562,3556,298,0,110,225,2038,9,0
6.731356,14.572000,120.000,16.010000,1.522000,123.598997,3556,298,0,110,225,2038,9,0
6.734291,2.935000,120.000,16.010000,1.522000,123.595289,3556,298,0,110,225,2038,9,0
6.747961,13.670000,120.000,16.010000,1.522000,123.595724,3556,298,0,110,225,2038,9,0
6.750686,2.725000,120.000,16.010000,1.522000,123.596159,3556,298,0,110,225,2038,9,0
6.765667,14.981000,120.000,16.010000,1.522000,123.596579,3556,298,0,110,225,2038,9,0
6.768439,2.772000,120.000,16.010000,1.522000,123.597013,3556,298,0,110,225,2038,9,0
6.781814,13.375000,120.000,16.010000,1.522000,123.597479,3556,298,0,110,225,2038,9,0
6.783860,2.046000,120.000,16.010000,1.522000,123.603918,3566,298,0,110,225,2038,9,0
6.798505,14.645000,120.000,16.010000,1.522000,123.604280,3566,298,0,110,225,2038,9,0
6.800461,1.956000,120.000,16.010000,1.522000,123.604715,3566,298,0,110,225,2038,9,0
6.815335,14.874000,120.000,16.010000,1.522000,123.605120,3566,298,0,110,225,2038,9,0
6.817143,1.808000,120.000,16.010000,1.522000,123.605555,3566,298,0,110,225,2038,9,0
6.831962,14.819000,120.000,16.010000,1.522000,123.604380,3563,298,0,110,225,2038,9,0
6.848749,16.787000,120.000,16.010000,1.522000,123.704130,3615,307,0,169,319,2226,9,0
6.865009,16.260000,120.000,16.010000,1.522000,123.704519,3615,307,0,169,319,2226,9,0
6.867307,2.298000,120.000,16.010000,1.522000,123.695227,3615,307,0,148,294,2176,9,0
6.880947,13.640000,120.000,16.010000,1.522000,123.702230,3616,308,0,154,300,2188,9,0
6.883347,2.400000,120.000,16.010000,1.522000,123.697096,3606,308,0,153,300,2188,9,0
6.897508,14.161000,120.000,16.010000,1.522000,123.693640,3606,308,0,145,292,2172,9,0
6.900434,2.926000,120.000,16.010000,1.522000,123.695726,3609,308,0,145,292,2172,9,0
6.914264,13.830000,120.000,16.010000,1.522000,123.696161,3609,308,0,145,292,2172,9,0
6.916832,2.568000,120.000,16.010000,1.522000,123.696596,3609,308,0,145,292,2172,9,0
6.930991,14.159000,120.000,16.010000,1.522000,123.697031,3609,308,0,145,292,2172,9,0
6.933407,2.416000,120.000,16.010000,1.522000,123.697496,3609,308,0,145,292,2172,9,0
6.947545,14.138000,120.000,16.010000,1.522000,123.697931,3609,308,0,145,292,2172,9,0
6.950478,2.933000,120.000,16.010000,1.522000,123.698366,3609,308,0,145,292,2172,9,0
6.964706,14.228000,120.000,16.010000,1.522000,123.688364,3604,305,0,144,291,2170,9,0
6.966650,1.944000,120.000,16.010000,1.522000,123.685106,3598,305,0,144,291,2170,9,0
6.981388,14.738000,120.000,16.010000,1.522000,123.682928,3594,305,0,143,265,2118,9,0
6.983421,2.033000,120.000,16.010000,1.522000,123.678953,3592,305,0,143,265,2118,9,0
6.998268,14.847000,120.000,16.010000,1.522000,123.694540,3602,309,0,143,265,2118,9,0
7.001081,2.813000,120.000,16.010000,1.522000,123.674627,3602,309,0,144,267,2122,9,0
7.014962,13.881000,120.000,16.010000,1.522000,123.675077,3602,309,0,143,265,2118,9,0
7.017584,2.622000,120.000,16.010000,1.522000,123.675512,3602,309,0,143,265,2118,9,0
7.031573,13.989000,120.000,16.010000,1.522000,123.677580,3605,309,0,143,265,2118,9,0
7.033649,2.076000,120.000,16.010000,1.522000,123.675032,3605,309,0,143,265,2118,9,0
7.048488,14.839000,120.000,16.010000,1.522000,123.677111,3608,309,0,143,265,2118,9,0
7.051043,2.555000,120.000,16.010000,1.522000,123.677546,3608,309,0,143,265,2118,9,0
7.065080,14.037000,120.000,16.010000,1.522000,123.677820,3608,309,0,143,265,2118,9,0
7.067052,1.972000,120.000,16.010000,1.522000,123.674719,3602,309,0,142,264,2116,9,0
7.081614,14.562000,120.000,16.010000,1.522000,123.675169,3602,309,0,142,264,2116,9,0
7.083497,1.883000,120.000,16.010000,1.522000,123.675604,3602,309,0,140,262,2112,9,0
7.098136,14.639000,120.000,16.010000,1.522000,123.676008,3602,309,0,139,261,2110,9,0
7.100611,2.475000,120.000,16.010000,1.522000,123.666040,3598,305,0,139,261,2110,9,0
7.114963,14.352000,120.000,16.010000,1.522000,123.663740,3594,305,0,139,261,2110,9,0
7.117063,2.100000,120.000,16.010000,1.522000,123.664175,3594,305,0,137,259,2106,9,0
7.131436,14.373000,120.000,16.010000,1.522000,123.662912,3591,305,0,136,258,2104,9,0
7.133332,1.896000,120.000,16.010000,1.522000,123.647814,3582,300,0,135,257,2102,9,0
7.148233,14.901000,120.000,16.010000,1.522000,123.641870,3572,300,0,135,257,2102,9,0
7.150711,2.478000,120.000,16.010000,1.522000,123.642305,3572,300,0,135,257,2102,9,0
7.164941,14.230000,120.000,16.010000,1.522000,123.650278,3571,300,0,140,263,2114,9,0
7.166927,1.986000,120.000,16.010000,1.522000,123.650713,3571,300,0,140,263,2114,9,0
7.181642,14.715000,120.000,16.010000,1.522000,123.651163,3571,300,0,140,263,2114,9,0
7.183647,2.005000,120.000,16.010000,1.522000,123.648680,3571,300,0,134,257,2102,9,0
7.199931,16.284000,120.000,16.010000,1.522000,123.521856,3521,260,0,134,257,2102,9,0
7.203007,3.076000,120.000,16.010000,1.522000,123.490126,3471,260,0,124,237,2062,9,0
7.214902,11.895000,120.000,16.010000,1.522000,123.490515,3471,260,0,124,237,2062,9,0
7.216839,1.937000,120.000,16.010000,1.522000,123.490950,3471,260,0,124,237,2062,9,0
7.231505,14.666000,120.000,16.010000,1.522000,123.491415,3471,260,0,124,237,2062,9,0
7.233477,1.972000,120.000,16.010000,1.522000,123.491850,3471,260,0,124,237,2062,9,0
7.248551,15.074000,120.000,16.010000,1.522000,123.492300,3471,260,0,124,237,2062,9,0
7.250601,2.050000,120.000,16.010000,1.522000,123.492735,3471,260,0,124,237,2062,9,0
7.265751,15.150000,120.000,16.010000,1.522000,123.491499,3468,260,0,124,237,2062,9,0
7.267990,2.239000,120.000,16.010000,1.522000,123.491934,3468,260,0,124,237,2062,9,0
7.281994,14.004000,120.000,16.010000,1.522000,123.490671,3465,260,0,124,237,2062,9,0
7.283962,1.968000,120.000,16.010000,1.522000,123.491106,3465,260,0,124,237,2062,9,0
7.299043,15.081000,120.000,16.010000,1.522000,123.493166,3468,260,0,124,237,2062,9,0
7.302097,3.054000,120.000,16.010000,1.522000,123.489191,3466,260,0,123,235,2058,9,0
7.315128,13.031000,120.000,16.010000,1.522000,123.484213,3464,258,0,122,234,2056,9,0
7.316904,1.776000,120.000,16.010000,1.522000,123.481295,3460,258,0,120,232,2052,9,0
7.332046,15.142000,120.000,16.010000,1.522000,123.478960,3460,258,0,120,232,2052,9,0
7.339811,7.765000,120.000,16.010000,1.522000,123.479395,3460,258,0,120,232,2052,9,0
7.343276,3.465000,120.000,16.010000,1.522000,123.478174,3457,258,0,120,232,2052,9,0
7.356091,12.815000,120.000,16.010000,1.522000,123.478609,3457,258,0,120,232,2052,9,0
7.364653,8.562000,120.000,16.010000,1.522000,123.479044,3457,258,0,120,232,2052,9,0
7.366391,1.738000,120.000,16.010000,1.522000,123.479479,3457,258,0,120,232,2052,9,0
7.381553,15.162000,120.000,16.010000,1.522000,123.479929,3457,258,0,120,232,2052,9,0
7.383258,1.705000,120.000,16.010000,1.522000,123.466711,3452,253,0,119,231,2050,9,0
7.398248,14.990000,120.000,16.010000,1.522000,123.467543,3452,253,0,119,231,2050,9,0
7.400540,2.292000,120.000,16.010000,1.522000,123.467978,3452,253,0,119,231,2050,9,0
7.415138,14.598000,120.000,16.010000,1.522000,123.468340,3452,253,0,119,231,2050,9,0
7.416899,1.761000,120.000,16.010000,1.522000,123.468775,3452,253,0,119,231,2050,9,0
7.431894,14.995000,120.000,16.010000,1.522000,123.469225,3452,253,0,119,231,2050,9,0
7.433889,1.995000,120.000,16.010000,1.522000,123.469660,3452,253,0,119,231,2050,9,0
7.448670,14.781000,120.000,16.010000,1.522000,123.470110,3452,253,0,119,231,2050,9,0
7.465726,17.056000,120.000,16.010000,1.522000,123.551764,3499,262,0,108,234,2056,9,0
7.481007,15.281000,120.000,16.010000,1.522000,123.528852,3499,262,0,108,234,2056,9,0
7.483282,2.275000,120.000,16.010000,1.522000,123.529287,3499,262,0,108,234,2056,9,0
7.497711,14.429000,120.000,16.010000,1.522000,123.534491,3499,262,0,115,243,2074,9,0
7.500534,2.823000,120.000,16.010000,1.522000,123.524694,3484,262,0,111,239,2066,9,0
7.514237,13.703000,120.000,16.010000,1.522000,123.525129,3484,262,0,111,239,2066,9,0
7.516660,2.423000,120.000,16.010000,1.522000,123.525564,3484,262,0,111,239,2066,9,0
7.531026,14.366000,120.000,16.010000,1.522000,123.525942,3484,262,0,111,239,2066,9,0
7.533420,2.394000,120.000,16.010000,1.522000,123.524736,3481,262,0,111,239,2066,9,0
7.547600,14.180000,120.000,16.010000,1.522000,123.525114,3481,262,0,111,239,2066,9,0
7.550990,3.390000,120.000,16.010000,1.522000,123.592142,3507,278,0,111,239,2066,11,4
7.564751,13.761000,120.000,16.010000,1.522000,123.592653,3507,278,0,115,251,2146,11,0
7.566748,1.997000,120.000,16.010000,1.522000,123.593088,3507,278,0,116,251,2146,11,0
7.581523,14.775000,120.000,16.010000,1.522000,123.593523,3507,278,0,116,251,2146,11,0
7.583933,2.410000,120.000,16.010000,1.522000,123.593958,3507,278,0,116,251,2146,11,0
7.597967,14.034000,120.000,16.010000,1.522000,123.593485,3506,278,0,116,251,2146,11,0
7.599864,1.897000,120.000,16.010000,1.522000,123.589510,3504,278,0,115,232,2108,11,0
7.614720,14.856000,120.000,16.010000,1.522000,123.589945,3504,278,0,115,232,2108,11,0
7.616672,1.952000,120.000,16.010000,1.522000,123.575193,3504,278,0,115,232,2108,11,0
7.631439,14.767000,120.000,16.010000,1.522000,123.577291,3507,278,0,114,229,2102,11,0
7.633705,2.266000,120.000,16.010000,1.522000,123.577726,3507,278,0,114,229,2102,11,0
7.648089,14.384000,120.000,16.010000,1.522000,123.578176,3507,278,0,114,229,2102,11,0
7.649883,1.794000,120.000,16.010000,1.522000,123.574179,3507,278,0,114,229,2102,11,0
7.664739,14.856000,120.000,16.010000,1.522000,123.574549,3507,278,0,114,229,2102,11,0
7.666570,1.831000,116.000,16.746000,1.881000,123.574892,3507,278,0,114,229,2102,11,0
7.681534,14.964000,116.000,16.746000,1.881000,123.571783,3501,278,0,114,229,2102,11,0
7.683732,2.198000,116.000,16.746000,1.881000,123.572218,3501,278,0,113,228,2100,11,0
7.698239,14.507000,116.000,16.746000,1.881000,123.572805,3501,278,0,113,228,2100,11,0
7.700525,2.286000,116.000,16.746000,1.881000,123.573240,3501,278,0,111,226,2096,11,0
7.714733,14.208000,116.000,16.746000,1.881000,123.573660,3501,278,0,111,226,2096,11,0
7.716482,1.749000,116.000,16.746000,1.881000,123.563692,3497,274,0,110,225,2094,11,0
7.731503,15.021000,116.000,16.746000,1.881000,123.561380,3493,274,0,110,225,2094,11,0
7.733185,1.682000,116.000,16.746000,1.881000,123.561815,3493,274,0,108,223,2090,11,0
7.747930,14.745000,116.000,16.746000,1.881000,123.564005,3496,274,0,107,222,2088,11,0
7.749552,1.622000,116.000,16.746000,1.881000,123.562536,3493,274,0,106,221,2086,11,0
7.764778,15.226000,116.000,16.746000,1.881000,123.549345,3487,269,0,106,221,2086,11,0
7.767448,2.670000,116.000,16.746000,1.881000,123.557360,3479,269,0,115,233,2110,11,0
7.781356,13.908000,116.000,16.746000,1.881000,123.560354,3482,269,0,115,233,2110,11,1
7.783531,2.175000,116.000,16.746000,1.881000,123.558844,3482,269,0,111,229,2102,11,1
7.798042,14.511000,116.000,16.746000,1.881000,123.558912,3488,268,0,111,229,2102,11,0
7.799696,1.654000,116.000,16.746000,1.881000,123.556089,3483,268,0,111,229,2102,11,0
7.814733,15.037000,116.000,16.746000,1.881000,123.558195,3486,268,0,111,229,2102,11,0
7.816438,1.705000,116.000,16.746000,1.881000,123.558630,3486,268,0,111,229,2102,11,0
7.831453,15.015000,116.000,16.746000,1.881000,123.557501,3483,268,0,111,229,2102,11,0
7.833363,1.910000,116.000,16.746000,1.881000,123.557936,3483,268,0,111,229,2102,11,0
7.848089,14.726000,116.000,16.746000,1.881000,123.558386,3483,268,0,111,229,2102,11,0
7.849995,1.906000,116.000,16.746000,1.881000,123.558821,3483,268,0,111,229,2102,11,0
7.865089,15.094000,116.000,16.746000,1.881000,123.557638,3480,268,0,111,229,2102,11,0
7.872531,7.442000,116.000,16.746000,1.881000,123.558073,3480,268,0,111,229,2102,11,0
7.874716,2.185000,116.000,16.746000,1.881000,123.558493,3480,268,0,111,229,2102,11,0
7.889374,14.658000,116.000,16.746000,1.881000,123.558928,3480,268,0,111,229,2102,11,0
7.893050,3.676000,116.000,16.746000,1.881000,123.559378,3480,268,0,111,229,2102,11,0
7.906130,13.080000,116.000,16.746000,1.881000,123.559702,3480,268,0,111,229,2102,11,0
7.914716,8.586000,116.000,16.746000,1.881000,123.555693,3478,268,0,110,225,2094,11,0
7.916477,1.761000,116.000,16.746000,1.881000,123.556128,3478,268,0,110,225,2094,11,0
7.931377,14.900000,116.000,16.746000,1.881000,123.556547,3478,268,0,110,225,2094,11,0
7.933642,2.265000,116.000,16.746000,1.881000,123.551413,3478,268,0,110,225,2094,11,0
7.948115,14.473000,116.000,16.746000,1.881000,123.551844,3478,268,0,110,225,2094,11,0
7.950037,1.922000,116.000,16.746000,1.881000,123.552279,3478,268,0,110,225,2094,11,0
7.964739,14.702000,116.000,16.746000,1.881000,123.551149,3475,268,0,109,224,2092,11,0
7.966394,1.655000,116.000,16.746000,1.881000,123.551584,3475,268,0,109,224,2092,11,0
7.981394,15.000000,116.000,16.746000,1.881000,123.550394,3472,268,0,109,224,2092,11,0
7.983128,1.734000,116.000,16.746000,1.881000,123.550829,3472,268,0,109,224,2092,11,0
7.998233,15.105000,116.000,16.746000,1.881000,123.552912,3475,268,0,109,224,2092,11,0
8.000656,2.423000,116.000,16.746000,1.881000,123.559351,3485,268,0,109,224,2092,11,0
8.015068,14.412000,116.000,16.746000,1.881000,123.558107,3482,268,0,109,224,2092,11,0
8.016801,1.733000,116.000,16.746000,1.881000,123.558542,3482,268,0,108,224,2092,11,0
8.031382,14.581000,116.000,16.746000,1.881000,123.559023,3482,268,0,108,224,2092,11,0
8.033139,1.757000,116.000,16.746000,1.881000,123.559458,3482,268,0,109,224,2092,11,0
8.048023,14.884000,116.000,16.746000,1.881000,123.558237,3479,268,0,109,224,2092,11,0
8.049842,1.819000,116.000,16.746000,1.881000,123.558672,3479,268,0,108,223,2090,11,0
8.065719,15.877000,116.000,16.746000,1.881000,123.645475,3526,274,0,159,307,2258,11,0
8.081339,15.620000,116.000,16.746000,1.881000,123.642218,3520,274,0,159,307,2258,11,0
8.083256,1.917000,116.000,16.746000,1.881000,123.629034,3520,274,0,131,273,2190,11,0
8.098130,14.874000,116.000,16.746000,1.881000,123.654467,3532,280,0,136,279,2202,11,0
8.100443,2.313000,116.000,16.746000,1.881000,123.650030,3522,280,0,138,281,2206,11,0
8.114646,14.203000,116.000,16.746000,1.881000,123.647543,3522,280,0,132,275,2194,11,0
8.116694,2.048000,116.000,16.746000,1.881000,123.648031,3522,280,0,132,275,2194,11,0
8.131435,14.741000,116.000,16.746000,1.881000,123.648458,3522,280,0,132,275,2194,11,0
8.133415,1.980000,116.000,16.746000,1.881000,123.648893,3522,280,0,132,275,2194,11,0
8.147947,14.532000,116.000,16.746000,1.881000,123.649328,3522,280,0,132,275,2194,11,0
8.150103,2.156000,116.000,16.746000,1.881000,123.649763,3522,280,0,132,275,2194,11,0
8.165004,14.901000,116.000,16.746000,1.881000,123.650198,3522,280,0,132,275,2194,11,0
8.167180,2.176000,116.000,16.746000,1.881000,123.650633,3522,280,0,132,275,2194,11,0
8.181506,14.326000,116.000,16.746000,1.881000,123.651011,3522,280,0,132,275,2194,11,0
8.183569,2.063000,116.000,16.746000,1.881000,123.651445,3522,280,0,132,275,2194,11,0
8.198770,15.201000,116.000,16.746000,1.881000,123.833029,3638,328,0,132,275,2194,11,0
8.201212,2.442000,116.000,16.746000,1.881000,123.842173,3638,328,0,143,271,2186,11,0
8.215022,13.810000,116.000,16.746000,1.881000,123.842550,3638,328,0,143,271,2186,11,0
8.217441,2.419000,116.000,16.746000,1.881000,123.838575,3636,328,0,143,271,2186,11,0
8.231498,14.057000,116.000,16.746000,1.881000,123.814421,3633,328,0,143,271,2186,11,0
8.233375,1.877000,116.000,16.746000,1.881000,123.814856,3633,328,0,142,269,2182,11,0
8.248212,14.837000,116.000,16.746000,1.881000,123.815290,3633,328,0,142,269,2182,11,0
8.250678,2.466000,116.000,16.746000,1.881000,123.808184,3631,326,0,140,267,2178,11,0
8.264815,14.137000,116.000,16.746000,1.881000,123.803949,3623,326,0,140,267,2178,11,0
8.266616,1.801000,116.000,16.746000,1.881000,123.804384,3623,326,0,141,267,2178,11,0
8.281350,14.734000,116.000,16.746000,1.881000,123.804697,3623,326,0,141,267,2178,11,0
8.283218,1.868000,116.000,16.746000,1.881000,123.801596,3617,326,0,140,267,2178,11,0
8.298365,15.147000,116.000,16.746000,1.881000,123.803675,3620,326,0,139,266,2176,11,0
8.300817,2.452000,116.000,16.746000,1.881000,123.804110,3620,326,0,140,266,2176,11,0
8.315138,14.321000,116.000,16.746000,1.881000,123.804525,3620,326,0,138,264,2172,11,0
8.317360,2.222000,116.000,16.746000,1.881000,123.804960,3620,326,0,137,263,2170,11,0
8.331459,14.099000,116.000,16.746000,1.881000,123.796537,3619,322,0,137,263,2170,11,0
8.339485,8.026000,116.000,16.746000,1.881000,123.792624,3612,322,0,137,263,2170,11,0
8.343216,3.731000,116.000,16.746000,1.881000,123.793051,3612,322,0,135,261,2166,11,0
8.356203,12.987000,116.000,16.746000,1.881000,123.793402,3612,322,0,134,260,2164,11,0
8.365093,8.890000,116.000,16.746000,1.881000,123.791952,3609,322,0,133,259,2162,11,0
8.367060,1.967000,116.000,16.746000,1.881000,123.778723,3603,317,0,133,259,2162,11,0
8.381322,14.262000,116.000,16.746000,1.881000,123.772738,3593,317,0,133,259,2162,11,0
8.383961,2.639000,116.000,16.746000,1.881000,123.784704,3595,317,0,140,268,2180,11,0
8.398130,14.169000,116.000,16.746000,1.881000,123.781248,3595,317,0,132,260,2164,11,0
8.400311,2.181000,116.000,16.746000,1.881000,123.781649,3595,317,0,132,260,2164,11,0
8.414884,14.573000,116.000,16.746000,1.881000,123.782084,3595,317,0,132,260,2164,11,0
8.416728,1.844000,116.000,16.746000,1.881000,123.782518,3595,317,0,132,260,2164,11,0
8.431404,14.676000,116.000,16.746000,1.881000,123.784601,3598,317,0,132,260,2164,11,0
8.433241,1.837000,116.000,16.746000,1.881000,123.785036,3598,317,0,132,260,2164,11,0
8.448340,15.099000,116.000,16.746000,1.881000,123.787123,3601,317,0,132,260,2164,11,0
8.450769,2.429000,116.000,16.746000,1.881000,123.787523,3601,317,0,132,260,2164,11,0
8.464910,14.141000,116.000,16.746000,1.881000,123.787973,3601,317,0,132,260,2164,11,0
8.466796,1.886000,116.000,16.746000,1.881000,123.788374,3601,317,0,132,260,2164,11,0
8.481554,14.758000,116.000,16.746000,1.881000,123.788794,3601,317,0,132,260,2164,11,0
8.483324,1.770000,116.000,16.746000,1.881000,123.789228,3601,317,0,132,260,2164,11,0
8.498275,14.951000,116.000,16.746000,1.881000,123.789663,3601,317,0,132,260,2164,11,0
8.500677,2.402000,116.000,16.746000,1.881000,123.790098,3601,317,0,132,260,2164,11,0
8.514961,14.284000,116.000,16.746000,1.881000,123.792200,3604,317,0,132,260,2164,11,0
8.516889,1.928000,116.000,16.746000,1.881000,123.792635,3604,317,0,132,260,2164,11,0
8.531729,14.840000,116.000,16.746000,1.881000,123.791391,3601,317,0,131,257,2158,11,0
8.533521,1.792000,116.000,16.746000,1.881000,123.787416,3599,317,0,131,257,2158,11,0
8.548146,14.625000,116.000,16.746000,1.881000,123.787836,3599,317,0,131,257,2158,11,0
8.549964,1.818000,116.000,16.746000,1.881000,123.784105,3599,317,0,131,257,2158,11,0
8.565203,15.239000,116.000,16.746000,1.881000,123.784513,3599,317,0,131,257,2158,11,0
8.567187,1.984000,116.000,16.746000,1.881000,123.784948,3599,317,0,131,257,2158,11,0
8.581644,14.457000,116.000,16.746000,1.881000,123.785379,3599,317,0,131,257,2158,11,0
8.583490,1.846000,116.000,16.746000,1.881000,123.785814,3599,317,0,130,257,2158,11,0
8.598228,14.738000,116.000,16.746000,1.881000,123.786177,3599,317,0,130,257,2158,11,0
8.600552,2.324000,116.000,16.746000,1.881000,123.786612,3599,317,0,131,257,2158,11,0
8.615179,14.627000,116.000,16.746000,1.881000,123.793051,3609,317,0,131,257,2158,11,0
8.617048,1.869000,116.000,16.746000,1.881000,123.793486,3609,317,0,131,257,2158,11,0
8.631646,14.598000,116.000,16.746000,1.881000,123.793921,3609,317,0,131,257,2158,11,0
8.633530,1.884000,116.000,16.746000,1.881000,123.794355,3609,317,0,131,257,2158,11,0
8.648485,14.955000,116.000,16.746000,1.881000,123.796408,3612,317,0,131,257,2158,11,0
8.651460,2.975000,116.000,16.746000,1.881000,123.796843,3612,317,0,130,257,2158,11,0
8.664674,13.214000,116.000,16.746000,1.881000,123.795546,3609,317,0,130,257,2158,11,0
8.677883,13.209000,119.000,15.506000,1.093000,123.917711,3677,332,0,173,337,2318,11,0
8.681127,3.244000,119.000,15.506000,1.093000,123.916460,3674,332,0,130,289,2222,11,0
8.683308,2.181000,119.000,15.506000,1.093000,123.896467,3674,332,0,130,289,2222,11,0
8.705897,22.589000,119.000,15.506000,1.093000,123.902311,3677,332,0,138,297,2238,11,0
8.708082,2.185000,119.000,15.506000,1.093000,123.891699,3657,332,0,138,297,2238,11,0
8.723006,14.924000,119.000,15.506000,1.093000,123.890188,3657,332,0,134,293,2230,11,0
8.731291,8.285000,119.000,15.506000,1.093000,123.890623,3657,332,0,134,293,2230,11,0
8.733262,1.971000,119.000,15.506000,1.093000,123.891058,3657,332,0,134,293,2230,11,0
8.747818,14.556000,119.000,15.506000,1.093000,123.889853,3654,332,0,134,293,2230,11,0
8.749706,1.888000,119.000,15.506000,1.093000,123.890287,3654,332,0,134,293,2230,11,0
8.764739,15.033000,119.000,15.506000,1.093000,123.890722,3654,332,0,134,293,2230,11,0
8.766638,1.899000,119.000,15.506000,1.093000,123.891157,3654,332,0,134,293,2230,11,0
8.781512,14.874000,119.000,15.506000,1.093000,123.891592,3654,332,0,134,293,2230,11,0
8.783529,2.017000,119.000,15.506000,1.093000,123.892027,3654,332,0,134,293,2230,11,0
8.797956,14.427000,119.000,15.506000,1.093000,123.890821,3651,332,0,134,293,2230,11,0
8.799976,2.020000,119.000,15.506000,1.093000,123.888754,3647,332,0,134,293,2230,11,0
8.814494,14.518000,119.000,15.506000,1.093000,123.889135,3647,332,0,133,257,2158,11,0
8.816306,1.812000,119.000,15.506000,1.093000,123.885160,3645,332,0,133,257,2158,11,0
8.831329,15.023000,119.000,15.506000,1.093000,123.885595,3645,332,0,133,257,2158,11,0
8.833226,1.897000,119.000,15.506000,1.093000,123.855413,3645,332,0,133,257,2158,11,0
8.848036,14.810000,119.000,15.506000,1.093000,123.855871,3645,332,0,133,257,2158,11,0
8.849924,1.888000,119.000,15.506000,1.093000,123.856306,3645,332,0,133,257,2158,11,0
8.864649,14.725000,119.000,15.506000,1.093000,123.858385,3648,332,0,133,257,2158,11,0
8.866628,1.979000,119.000,15.506000,1.093000,123.858820,3648,332,0,132,257,2158,11,0
8.881445,14.817000,119.000,15.506000,1.093000,123.858557,3645,332,0,132,257,2158,11,1
8.883329,1.884000,119.000,15.506000,1.093000,123.858786,3645,332,0,132,257,2158,11,1
8.898380,15.051000,119.000,15.506000,1.093000,123.856802,3645,331,0,132,257,2158,11,0
8.900679,2.299000,119.000,15.506000,1.093000,123.853945,3640,331,0,133,256,2156,11,0
8.915048,14.369000,119.000,15.506000,1.093000,123.854395,3640,331,0,133,256,2156,11,0
8.916927,1.879000,119.000,15.506000,1.093000,123.854830,3640,331,0,130,254,2152,11,0
8.931712,14.785000,119.000,15.506000,1.093000,123.853609,3637,331,0,129,253,2150,11,0
8.934094,2.382000,119.000,15.506000,1.093000,123.843641,3633,327,0,130,253,2150,11,0
8.948221,14.127000,119.000,15.506000,1.093000,123.839682,3626,327,0,130,253,2150,11,0
8.950537,2.316000,119.000,15.506000,1.093000,123.840117,3626,327,0,127,251,2146,11,0
8.964943,14.406000,119.000,15.506000,1.093000,123.840467,3626,327,0,127,250,2144,11,0
8.967394,2.451000,119.000,15.506000,1.093000,123.839033,3623,327,0,126,249,2142,11,0
8.981420,14.026000,119.000,15.506000,1.093000,123.826948,3617,322,0,126,249,2142,11,2
8.983239,1.819000,119.000,15.506000,1.093000,123.821032,3607,322,0,126,249,2142,11,2
8.998333,15.094000,119.000,15.506000,1.093000,123.837698,3612,322,0,135,261,2166,11,2
9.000578,2.245000,119.000,15.506000,1.093000,123.838133,3612,322,0,135,261,2166,11,2
9.015032,14.454000,119.000,15.506000,1.093000,123.836901,3624,320,0,129,255,2154,11,0
9.017254,2.222000,119.000,15.506000,1.093000,123.830866,3614,320,0,131,255,2154,11,0
9.031310,14.056000,119.000,15.506000,1.093000,123.832952,3617,320,0,131,255,2154,11,0
9.033297,1.987000,119.000,15.506000,1.093000,123.833353,3617,320,0,131,255,2154,11,0
9.048908,15.611000,119.000,15.506000,1.093000,123.834154,3617,320,0,131,255,2154,11,0
9.064690,15.782000,119.000,15.506000,1.093000,123.834589,3617,320,0,130,254,2152,11,0
9.066488,1.798000,119.000,15.506000,1.093000,123.834990,3617,320,0,130,254,2152,11,0
9.082013,15.525000,119.000,15.506000,1.093000,123.839491,3617,320,0,130,254,2152,11,0
9.083814,1.801000,119.000,15.506000,1.093000,123.998518,3617,320,0,130,254,2152,11,0
9.098091,14.277000,119.000,15.506000,1.093000,123.997313,3614,320,0,130,254,2152,11,0
9.100116,2.025000,119.000,15.506000,1.093000,123.997747,3614,320,0,130,254,2152,11,0
9.114886,14.770000,119.000,15.506000,1.093000,124.017672,3633,324,0,130,254,2152,11,0
9.117071,2.185000,119.000,15.506000,1.093000,124.018530,3633,324,0,132,256,2156,11,0
9.131500,14.429000,119.000,15.506000,1.093000,124.020559,3636,324,0,132,256,2156,11,0
9.133437,1.937000,119.000,15.506000,1.093000,124.016497,3634,324,0,131,252,2148,11,0
9.148197,14.760000,119.000,15.506000,1.093000,124.018572,3637,324,0,131,252,2148,11,0
9.150083,1.886000,119.000,15.506000,1.093000,124.019007,3637,324,0,130,251,2146,11,0
9.164779,14.696000,119.000,15.506000,1.093000,124.003401,3632,321,0,130,251,2146,11,0
9.166480,1.701000,119.000,15.506000,1.093000,124.000143,3626,321,0,130,251,2146,11,0
9.181449,14.969000,119.000,15.506000,1.093000,124.000521,3626,321,0,128,249,2142,11,0
9.183243,1.794000,119.000,15.506000,1.093000,124.000956,3626,321,0,128,249,2142,11,0
9.198295,15.052000,119.000,15.506000,1.093000,124.016542,3636,325,0,128,249,2142,11,0
9.200402,2.107000,119.000,15.506000,1.093000,124.017664,3636,325,0,129,251,2146,11,0
9.215000,14.598000,119.000,15.506000,1.093000,124.019739,3639,325,0,129,251,2146,11,0
9.217418,2.418000,119.000,15.506000,1.093000,124.026178,3649,325,0,129,251,2146,11,0
9.231448,14.030000,119.000,15.506000,1.093000,124.024969,3646,325,0,129,251,2146,11,0
9.233564,2.116000,119.000,15.506000,1.093000,124.025404,3646,325,0,129,251,2146,11,0
9.248710,15.146000,119.000,15.506000,1.093000,124.025839,3646,325,0,129,251,2146,11,0
9.251139,2.429000,119.000,15.506000,1.093000,124.026239,3646,325,0,129,251,2146,11,0
9.265047,13.908000,119.000,15.506000,1.093000,124.026682,3646,325,0,129,251,2146,11,0
9.266791,1.744000,119.000,15.506000,1.093000,124.027117,3646,325,0,127,249,2142,11,0
9.282855,16.064000,119.000,15.506000,1.093000,124.112619,3698,328,0,172,333,2310,11,0
9.298207,15.352000,119.000,15.506000,1.093000,124.105669,3686,328,0,140,297,2238,11,0
9.300443,2.236000,119.000,15.506000,1.093000,124.090540,3686,328,0,140,297,2238,11,0
9.314746,14.303000,119.000,15.506000,1.093000,124.093740,3686,328,0,146,303,2250,11,0
9.322469,7.723000,119.000,15.506000,1.093000,124.081999,3671,328,0,138,295,2234,11,0
9.324903,2.434000,119.000,15.506000,1.093000,124.082434,3671,328,0,138,295,2234,11,0
9.339285,14.382000,119.000,15.506000,1.093000,124.082869,3671,328,0,138,295,2234,11,0
9.344276,4.991000,119.000,15.506000,1.093000,124.084970,3674,328,0,138,295,2234,11,0
9.356023,11.747000,119.000,15.506000,1.093000,124.085405,3674,328,0,138,295,2234,11,0
9.364704,8.681000,119.000,15.506000,1.093000,124.084200,3671,328,0,138,295,2234,11,0
9.366653,1.949000,119.000,15.506000,1.093000,124.084635,3671,328,0,138,295,2234,11,0
9.381369,14.716000,119.000,15.506000,1.093000,124.083429,3668,328,0,138,295,2234,11,0
9.383477,2.108000,119.000,15.506000,1.093000,124.083864,3668,328,0,138,295,2234,11,0
9.398229,14.752000,119.000,15.506000,1.093000,124.085951,3671,328,0,138,295,2234,11,0
9.400613,2.384000,119.000,15.506000,1.093000,124.086386,3671,328,0,138,295,2234,11,0
9.414621,14.008000,119.000,15.506000,1.093000,124.084318,3667,328,0,138,295,2234,11,0
9.416534,1.913000,119.000,15.506000,1.093000,124.084753,3667,328,0,137,259,2162,11,0
9.431602,15.068000,119.000,15.506000,1.093000,124.085135,3667,328,0,137,259,2162,11,0
9.433679,2.077000,119.000,15.506000,1.093000,124.081160,3665,328,0,137,259,2162,11,0
9.448045,14.366000,119.000,15.506000,1.093000,124.049345,3662,328,0,137,259,2162,11,0
9.449925,1.880000,119.000,15.506000,1.093000,124.049780,3662,328,0,137,259,2162,11,0
9.464646,14.721000,119.000,15.506000,1.093000,124.050200,3662,328,0,137,259,2162,11,0
9.466482,1.836000,119.000,15.506000,1.093000,124.050634,3662,328,0,137,259,2162,11,0
9.482533,16.051000,119.000,15.506000,1.093000,124.051111,3662,328,0,137,259,2162,11,0
9.489083,6.550000,119.000,15.506000,1.093000,124.051546,3662,328,0,136,259,2162,11,0
9.492981,3.898000,119.000,15.506000,1.093000,124.050165,3659,328,0,136,259,2162,11,0
9.505933,12.952000,119.000,15.506000,1.093000,124.047098,3653,328,0,137,259,2162,11,0
9.514597,8.664000,119.000,15.506000,1.093000,124.047533,3653,328,0,136,258,2160,11,0
9.516377,1.780000,119.000,15.506000,1.093000,124.047968,3653,328,0,135,258,2160,11,0
9.531381,15.004000,119.000,15.506000,1.093000,124.048372,3653,328,0,133,256,2156,11,0
9.533251,1.870000,119.000,15.506000,1.093000,124.048807,3653,328,0,132,255,2154,11,0
9.548395,15.144000,119.000,15.506000,1.093000,124.038809,3649,324,0,132,255,2154,11,0
9.550319,1.924000,119.000,15.506000,1.093000,124.034895,3642,324,0,133,255,2154,11,0
9.564940,14.621000,119.000,15.506000,1.093000,124.035345,3642,324,0,131,253,2150,11,0
9.566825,1.885000,119.000,15.506000,1.093000,124.035662,3642,324,0,130,252,2148,11,0
9.581526,14.701000,119.000,15.506000,1.093000,124.018877,3630,319,0,129,251,2146,11,0
9.583343,1.817000,119.000,15.506000,1.093000,124.012995,3620,319,0,129,251,2146,11,0
9.598064,14.721000,119.000,15.506000,1.093000,124.013399,3620,319,0,129,251,2146,11,0
9.601391,3.327000,119.000,15.506000,1.093000,124.032427,3622,319,0,142,269,2182,11,0
9.615099,13.708000,119.000,15.506000,1.093000,124.032877,3622,319,0,134,261,2166,11,0
9.622576,7.477000,119.000,15.506000,1.093000,124.029421,3622,319,0,134,261,2166,11,0
9.625065,2.489000,119.000,15.506000,1.093000,124.028215,3619,319,0,134,261,2166,11,0
9.639306,14.241000,119.000,15.506000,1.093000,124.028650,3619,319,0,134,261,2166,11,0
9.641872,2.566000,119.000,15.506000,1.093000,124.029177,3619,319,0,134,261,2166,11,0
9.655865,13.993000,119.000,15.506000,1.093000,124.029612,3619,319,0,134,261,2166,11,0
9.664655,8.790000,119.000,15.506000,1.093000,124.030031,3619,319,0,134,261,2166,11,0
9.666549,1.894000,117.000,22.094000,0.729000,124.030466,3619,319,0,134,261,2166,11,0
9.681661,15.112000,117.000,22.094000,0.729000,124.030916,3619,319,0,134,261,2166,11,0
9.683468,1.807000,117.000,22.094000,0.729000,124.031351,3619,319,0,134,261,2166,11,0
9.698103,14.635000,117.000,22.094000,0.729000,124.033445,3622,319,0,134,261,2166,11,0
9.700381,2.278000,117.000,22.094000,0.729000,124.033880,3622,319,0,134,261,2166,11,0
9.714914,14.533000,117.000,22.094000,0.729000,124.034281,3622,319,0,134,261,2166,11,0
9.716798,1.884000,117.000,22.094000,0.729000,124.034716,3622,319,0,134,261,2166,11,0
9.731400,14.602000,117.000,22.094000,0.729000,124.036829,3625,319,0,134,261,2166,11,0
9.733329,1.929000,117.000,22.094000,0.729000,124.037230,3625,319,0,134,261,2166,11,0
9.748062,14.733000,117.000,22.094000,0.729000,124.037588,3625,319,0,133,255,2154,11,0
9.750077,2.015000,117.000,22.094000,0.729000,124.033613,3623,319,0,133,255,2154,11,0
9.764732,14.655000,117.000,22.094000,0.729000,124.034048,3623,319,0,133,255,2154,11,0
9.766690,1.958000,117.000,22.094000,0.729000,124.026159,3623,319,0,133,255,2154,11,0
9.781584,14.894000,117.000,22.094000,0.729000,124.026552,3623,319,0,133,255,2154,11,0
9.783334,1.750000,117.000,22.094000,0.729000,124.026987,3623,319,0,132,255,2154,11,0
9.798419,15.085000,117.000,22.094000,0.729000,124.027452,3623,319,0,132,255,2154,11,0
9.800794,2.375000,117.000,22.094000,0.729000,124.027887,3623,319,0,133,255,2154,11,0
9.814860,14.066000,117.000,22.094000,0.729000,124.028322,3623,319,0,133,255,2154,11,0
9.816663,1.803000,117.000,22.094000,0.729000,124.028723,3623,319,0,132,255,2154,11,0
9.831384,14.721000,117.000,22.094000,0.729000,124.036779,3636,319,0,132,255,2154,11,0
9.833113,1.729000,117.000,22.094000,0.729000,124.037214,3636,319,0,132,255,2154,11,0
9.848247,15.134000,117.000,22.094000,0.729000,124.039305,3639,319,0,132,255,2154,11,0
9.850392,2.145000,117.000,22.094000,0.729000,124.039740,3639,319,0,133,255,2154,11,0
9.864869,14.477000,117.000,22.094000,0.729000,124.042067,3642,319,0,133,255,2154,11,0
9.866567,1.698000,117.000,22.094000,0.729000,124.036886,3633,319,0,133,255,2154,11,0
9.881266,14.699000,117.000,22.094000,0.729000,124.037306,3633,319,0,133,255,2154,11,0
9.900791,19.525000,117.000,22.094000,0.729000,124.141382,3695,328,0,171,335,2314,11,0
9.914348,13.557000,117.000,22.094000,0.729000,124.124308,3695,328,0,135,295,2234,11,0
9.916866,2.518000,117.000,22.094000,0.729000,124.126410,3698,328,0,135,295,2234,11,0
9.931192,14.326000,117.000,22.094000,0.729000,124.130556,3698,328,0,144,303,2250,11,0
9.933700,2.508000,117.000,22.094000,0.729000,124.115385,3675,328,0,138,297,2238,11,0
9.947433,13.733000,117.000,22.094000,0.729000,124.115763,3675,328,0,138,297,2238,11,0
9.950016,2.583000,117.000,22.094000,0.729000,124.117857,3678,328,0,138,297,2238,11,0
9.964126,14.110000,117.000,22.094000,0.729000,124.118292,3678,328,0,138,297,2238,11,0
9.966618,2.492000,117.000,22.094000,0.729000,124.118719,3678,328,0,138,297,2238,11,0
9.981159,14.541000,117.000,22.094000,0.729000,124.119154,3678,328,0,138,297,2238,11,0
9.983678,2.519000,117.000,22.094000,0.729000,124.120504,3678,328,0,138,297,2238,11,1
9.998295,14.617000,117.000,22.094000,0.729000,124.121576,3684,327,0,138,297,2238,11,0
10.000944,2.649000,117.000,22.094000,0.729000,124.118753,3679,327,0,139,297,2238,11,0
10.014828,13.884000,117.000,22.094000,0.729000,124.119234,3679,327,0,139,297,2238,11,0
10.016946,2.118000,117.000,22.094000,0.729000,124.119715,3679,327,0,139,297,2238,11,0
10.031361,14.415000,117.000,22.094000,0.729000,124.117640,3675,327,0,139,297,2238,11,0
10.033306,1.945000,117.000,22.094000,0.729000,124.113710,3673,327,0,138,261,2166,11,0
10.048214,14.908000,117.000,22.094000,0.729000,124.115843,3676,327,0,138,261,2166,11,0
10.050851,2.637000,117.000,22.094000,0.729000,124.085707,3676,327,0,138,261,2166,11,0
10.064663,13.812000,117.000,22.094000,0.729000,124.084543,3673,327,0,138,261,2166,11,0
10.066685,2.022000,117.000,22.094000,0.729000,124.085077,3673,327,0,138,261,2166,11,0
10.081399,14.714000,117.000,22.094000,0.729000,124.083918,3670,327,0,138,261,2166,11,0
10.083327,1.928000,117.000,22.094000,0.729000,124.084398,3670,327,0,138,261,2166,11,0
10.098159,14.832000,117.000,22.094000,0.729000,124.086576,3673,327,0,138,261,2166,11,0
10.100495,2.336000,117.000,22.094000,0.729000,124.086851,3673,327,0,138,261,2166,11,0
10.114991,14.496000,117.000,22.094000,0.729000,124.201651,3786,351,0,138,261,2166,11,0
10.117404,2.413000,117.000,22.094000,0.729000,124.203001,3783,351,0,149,272,2188,11,0
10.131448,14.044000,117.000,22.094000,0.729000,124.203421,3783,351,0,149,272,2188,11,0
10.133361,1.913000,117.000,22.094000,0.729000,124.203901,3783,351,0,147,270,2184,11,0
10.148252,14.891000,117.000,22.094000,0.729000,124.202726,3780,351,0,147,270,2184,11,0
10.150607,2.355000,117.000,22.094000,0.729000,124.192804,3776,347,0,145,268,2180,11,0
10.165090,14.483000,117.000,22.094000,0.729000,124.188921,3769,347,0,145,268,2180,11,0
10.167208,2.118000,117.000,22.094000,0.729000,124.189356,3769,347,0,142,266,2176,11,0
10.181418,14.210000,117.000,22.094000,0.729000,124.188112,3766,347,0,141,265,2174,11,0
10.183397,1.979000,117.000,22.094000,0.729000,124.186724,3763,347,0,141,264,2172,11,0
10.198160,14.763000,117.000,22.094000,0.729000,124.171839,3754,342,0,141,264,2172,11,0
10.200710,2.550000,117.000,22.094000,0.729000,124.165956,3744,342,0,139,264,2172,11,0
10.215251,14.541000,117.000,22.094000,0.729000,124.185003,3746,342,0,153,282,2208,11,0
10.217863,2.612000,117.000,22.094000,0.729000,124.185484,3746,342,0,153,282,2208,11,0
10.231419,13.556000,117.000,22.094000,0.729000,124.180143,3746,342,0,141,270,2184,11,0
10.233482,2.063000,117.000,22.094000,0.729000,124.180624,3746,342,0,141,270,2184,11,0
10.248478,14.996000,117.000,22.094000,0.729000,124.181074,3746,342,0,141,270,2184,11,0
10.251089,2.611000,117.000,22.094000,0.729000,124.171164,3741,339,0,140,269,2182,11,0
10.264884,13.795000,117.000,22.094000,0.729000,124.167921,3735,339,0,140,269,2182,11,0
10.266787,1.903000,117.000,22.094000,0.729000,124.168402,3735,339,0,140,269,2182,11,0
10.281569,14.782000,117.000,22.094000,0.729000,124.167242,3732,339,0,140,269,2182,11,0
10.283545,1.976000,117.000,22.094000,0.729000,124.167723,3732,339,0,140,269,2182,11,0
10.298345,14.800000,117.000,22.094000,0.729000,124.183340,3742,343,0,139,268,2180,11,0
10.300839,2.494000,117.000,22.094000,0.729000,124.184507,3742,343,0,140,270,2184,11,0
10.314852,14.013000,117.000,22.094000,0.729000,124.184999,3742,343,0,140,270,2184,11,0
10.316802,1.950000,117.000,22.094000,0.729000,124.185480,3742,343,0,140,270,2184,11,0
10.331386,14.584000,117.000,22.094000,0.729000,124.184320,3739,343,0,140,270,2184,11,0
10.339230,7.844000,117.000,22.094000,0.729000,124.184801,3739,343,0,140,270,2184,11,0
10.343036,3.806000,117.000,22.094000,0.729000,124.185221,3739,343,0,140,270,2184,11,0
10.356173,13.137000,117.000,22.094000,0.729000,124.185648,3739,343,0,138,264,2172,11,0
10.364721,8.548000,117.000,22.094000,0.729000,124.181749,3737,343,0,138,264,2172,11,0
10.366623,1.902000,117.000,22.094000,0.729000,124.181257,3737,343,0,136,262,2168,11,0
10.381540,14.917000,117.000,22.094000,0.729000,124.192411,3756,347,0,136,262,2168,11,0
10.383509,1.969000,117.000,22.094000,0.729000,124.193270,3756,347,0,138,264,2172,11,0
10.398639,15.130000,117.000,22.094000,0.729000,124.195379,3759,347,0,138,264,2172,11,0
10.400927,2.288000,117.000,22.094000,0.729000,124.195860,3759,347,0,139,264,2172,11,0
10.414918,13.991000,117.000,22.094000,0.729000,124.196306,3759,347,0,139,264,2172,11,0
10.417207,2.289000,117.000,22.094000,0.729000,124.196787,3759,347,0,138,264,2172,11,0
10.431448,14.241000,117.000,22.094000,0.729000,124.198915,3762,347,0,138,264,2172,11,0
10.433479,2.031000,117.000,22.094000,0.729000,124.205400,3772,347,0,140,264,2172,11,0
10.448067,14.588000,117.000,22.094000,0.729000,124.205873,3772,347,0,140,264,2172,11,0
10.450044,1.977000,117.000,22.094000,0.729000,124.206354,3772,347,0,138,264,2172,11,0
10.464794,14.750000,117.000,22.094000,0.729000,124.206835,3772,347,0,138,264,2172,11,0
10.466657,1.863000,117.000,22.094000,0.729000,124.207315,3772,347,0,138,263,2170,11,0
10.481644,14.987000,117.000,22.094000,0.729000,124.207796,3772,347,0,138,263,2170,11,0
10.483601,1.957000,117.000,22.094000,0.729000,124.205088,3767,347,0,139,263,2170,11,0
10.502065,18.464000,117.000,22.094000,0.729000,124.311968,3829,356,0,184,347,2338,11,0
10.514809,12.744000,117.000,22.094000,0.729000,124.312449,3829,356,0,184,347,2338,11,0
10.517071,2.262000,117.000,22.094000,0.729000,124.299311,3829,356,0,156,313,2270,11,0
10.531410,14.339000,117.000,22.094000,0.729000,124.307123,3832,356,0,168,325,2294,11,0
10.533594,2.184000,117.000,22.094000,0.729000,124.290987,3802,356,0,168,325,2294,11,0
10.548249,14.655000,117.000,22.094000,0.729000,124.289244,3805,356,0,160,317,2278,11,0
10.550873,2.624000,117.000,22.094000,0.729000,124.289724,3805,356,0,160,317,2278,11,0
10.564821,13.948000,117.000,22.094000,0.729000,124.290205,3805,356,0,160,317,2278,11,0
10.567089,2.268000,117.000,22.094000,0.729000,124.290686,3805,356,0,160,317,2278,11,0
10.581315,14.226000,117.000,22.094000,0.729000,124.291166,3805,356,0,160,317,2278,11,0
10.583765,2.450000,117.000,22.094000,0.729000,124.291647,3805,356,0,160,317,2278,11,0
10.597906,14.141000,117.000,22.094000,0.729000,124.292128,3805,356,0,160,317,2278,11,0
10.600152,2.246000,117.000,22.094000,0.729000,124.304007,3823,356,0,160,317,2278,11,0
10.614700,14.548000,117.000,22.094000,0.729000,124.272463,3772,356,0,160,317,2278,11,0
10.617397,2.697000,117.000,22.094000,0.729000,124.272875,3772,356,0,159,317,2278,11,0
10.631300,13.903000,117.000,22.094000,0.729000,124.269213,3765,356,0,160,317,2278,11,0
10.633349,2.049000,117.000,22.094000,0.729000,124.269625,3765,356,0,159,281,2206,11,0
10.648154,14.805000,117.000,22.094000,0.729000,124.270052,3765,356,0,159,281,2206,11,0
10.650750,2.596000,117.000,22.094000,0.729000,124.266123,3763,356,0,159,281,2206,11,0
10.664777,14.027000,117.000,22.094000,0.729000,124.224966,3759,352,0,159,281,2206,11,0
10.667230,2.453000,117.000,19.058000,0.865000,124.222311,3753,352,0,159,281,2206,11,0
10.681404,14.174000,117.000,19.058000,0.865000,124.222731,3753,352,0,159,281,2206,11,0
10.683473,2.069000,117.000,19.058000,0.865000,124.223211,3753,352,0,159,281,2206,11,0
10.698389,14.916000,117.000,19.058000,0.865000,124.223654,3753,352,0,158,281,2206,11,0
10.701053,2.664000,117.000,19.058000,0.865000,124.224188,3753,352,0,159,281,2206,11,0
10.714875,13.822000,117.000,19.058000,0.865000,124.224463,3753,352,0,159,281,2206,11,0
10.716871,1.996000,117.000,19.058000,0.865000,124.221441,3747,352,0,158,281,2206,11,0
10.731928,15.057000,117.000,19.058000,0.865000,124.221937,3747,352,0,157,280,2204,11,0
10.733980,2.052000,117.000,19.058000,0.865000,124.222418,3747,352,0,158,280,2204,11,0
10.748259,14.279000,117.000,19.058000,0.865000,124.224485,3750,352,0,156,278,2200,11,0
10.750671,2.412000,117.000,19.058000,0.865000,124.223326,3747,352,0,154,277,2198,11,0
10.764811,14.140000,117.000,19.058000,0.865000,124.239374,3778,349,0,154,277,2198,11,0
10.766840,2.029000,117.000,19.058000,0.865000,124.224108,3753,349,0,156,278,2200,11,0
10.781672,14.832000,117.000,19.058000,0.865000,124.222902,3750,349,0,154,276,2196,11,0
10.783829,2.157000,117.000,19.058000,0.865000,124.223299,3750,349,0,153,275,2194,11,0
10.798423,14.594000,117.000,19.058000,0.865000,124.209879,3744,344,0,152,274,2192,11,0
10.800949,2.526000,117.000,19.058000,0.865000,124.204042,3734,344,0,151,274,2192,11,0
10.814877,13.928000,117.000,19.058000,0.865000,124.204485,3734,344,0,152,274,2192,11,0
10.818306,3.429000,117.000,19.058000,0.865000,124.223555,3736,344,0,165,292,2228,11,0
10.831326,13.020000,117.000,19.058000,0.865000,124.224020,3736,344,0,165,292,2228,11,0
10.833259,1.933000,117.000,19.058000,0.865000,124.218664,3736,344,0,153,280,2204,11,0
10.848199,14.940000,117.000,19.058000,0.865000,124.217520,3733,344,0,153,280,2204,11,0
10.850968,2.769000,117.000,19.058000,0.865000,124.218000,3733,344,0,153,280,2204,11,0
10.864798,13.830000,117.000,19.058000,0.865000,124.218481,3733,344,0,153,280,2204,11,0
10.866643,1.845000,117.000,19.058000,0.865000,124.218962,3733,344,0,153,280,2204,11,0
10.881690,15.047000,117.000,19.058000,0.865000,124.219427,3733,344,0,153,280,2204,11,0
10.883567,1.877000,117.000,19.058000,0.865000,124.219862,3733,344,0,153,280,2204,11,0
10.898313,14.746000,117.000,19.058000,0.865000,124.218718,3730,344,0,153,280,2204,11,0
10.901026,2.713000,117.000,19.058000,0.865000,124.219198,3730,344,0,153,280,2204,11,0
10.915051,14.025000,117.000,19.058000,0.865000,124.219694,3730,344,0,153,280,2204,11,0
10.916896,1.845000,117.000,19.058000,0.865000,124.220175,3730,344,0,153,280,2204,11,0
10.931448,14.552000,117.000,19.058000,0.865000,124.220625,3730,344,0,153,280,2204,11,0
10.933363,1.915000,117.000,19.058000,0.865000,124.221106,3730,344,0,153,280,2204,11,0
10.949644,16.281000,117.000,19.058000,0.865000,124.221601,3730,344,0,142,274,2192,11,0
10.952630,2.986000,117.000,19.058000,0.865000,124.222082,3730,344,0,142,274,2192,11,0
10.964688,12.058000,117.000,19.058000,0.865000,124.224363,3733,344,0,141,268,2180,11,0
10.966593,1.905000,117.000,19.058000,0.865000,124.214819,3722,344,0,141,268,2180,11,0
10.981519,14.926000,117.000,19.058000,0.865000,124.213644,3719,344,0,141,268,2180,11,0
10.983419,1.900000,117.000,19.058000,0.865000,124.205801,3719,344,0,141,268,2180,11,0
10.998432,15.013000,117.000,19.058000,0.865000,124.206347,3719,344,0,141,268,2180,11,0
11.000919,2.487000,117.000,19.058000,0.865000,124.206827,3719,344,0,141,268,2180,11,0
11.015033,14.114000,117.000,19.058000,0.865000,124.207323,3719,344,0,141,268,2180,11,0
11.017329,2.296000,117.000,19.058000,0.865000,124.207804,3719,344,0,138,268,2180,11,0
11.031277,13.948000,117.000,19.058000,0.865000,124.208273,3719,344,0,138,268,2180,11,0
11.033452,2.175000,117.000,19.058000,0.865000,124.208754,3719,344,0,140,268,2180,11,0
11.048311,14.859000,117.000,19.058000,0.865000,124.215235,3729,344,0,140,268,2180,11,0
11.050817,2.506000,117.000,19.058000,0.865000,124.215715,3729,344,0,139,268,2180,11,0
11.064781,13.964000,117.000,19.058000,0.865000,124.216211,3729,344,0,139,268,2180,11,0
11.066635,1.854000,117.000,19.058000,0.865000,124.216692,3729,344,0,140,268,2180,11,0
11.081556,14.921000,117.000,19.058000,0.865000,124.218073,3729,344,0,140,268,2180,11,1
11.083420,1.864000,117.000,19.058000,0.865000,124.218554,3729,344,0,139,268,2180,11,1
11.098432,15.012000,117.000,19.058000,0.865000,124.221285,3738,343,0,139,268,2180,11,0
11.119523,21.091000,117.000,19.058000,0.865000,124.318705,3795,352,0,174,340,2324,11,0
11.130862,11.339000,117.000,19.058000,0.865000,124.301676,3795,352,0,138,300,2244,11,0
11.133313,2.451000,117.000,19.058000,0.865000,124.303808,3798,352,0,137,294,2232,11,0
11.147467,14.154000,117.000,19.058000,0.865000,124.290838,3768,352,0,149,306,2256,11,0
11.149998,2.531000,117.000,19.058000,0.865000,124.268911,3738,352,0,137,294,2232,11,0
11.164137,14.139000,117.000,19.058000,0.865000,124.272604,3743,352,0,137,294,2232,11,0
11.166652,2.515000,117.000,19.058000,0.865000,124.271185,3740,352,0,137,294,2232,11,0
11.181111,14.459000,117.000,19.058000,0.865000,124.271666,3740,352,0,137,294,2232,11,0
11.183467,2.356000,117.000,19.058000,0.865000,124.272146,3740,352,0,137,294,2232,11,0
11.197485,14.018000,117.000,19.058000,0.865000,124.272627,3740,352,0,137,294,2232,11,0
11.200204,2.719000,117.000,19.058000,0.865000,124.273108,3740,352,0,137,294,2232,11,0
11.214857,14.653000,117.000,19.058000,0.865000,124.144678,3690,312,0,137,294,2232,11,0
11.216902,2.045000,117.000,19.058000,0.865000,124.112993,3640,312,0,126,274,2192,11,0
11.231486,14.584000,117.000,19.058000,0.865000,124.115126,3643,312,0,126,274,2192,11,0
11.233709,2.223000,117.000,19.058000,0.865000,124.115606,3643,312,0,126,274,2192,11,0
11.248000,14.291000,117.000,19.058000,0.865000,124.115179,3642,312,0,125,238,2120,11,0
11.249899,1.899000,117.000,19.058000,0.865000,124.111181,3640,312,0,126,238,2120,11,0
11.264719,14.820000,117.000,19.058000,0.865000,124.110022,3637,312,0,125,237,2118,11,0
11.266654,1.935000,117.000,19.058000,0.865000,124.079885,3637,312,0,125,237,2118,11,0
11.281531,14.877000,117.000,19.058000,0.865000,124.080370,3637,312,0,125,237,2118,11,0
11.283358,1.827000,117.000,19.058000,0.865000,124.080851,3637,312,0,125,237,2118,11,0
11.298020,14.662000,117.000,19.058000,0.865000,124.081316,3637,312,0,125,237,2118,11,0
11.299801,1.781000,117.000,19.058000,0.865000,124.081751,3637,312,0,125,237,2118,11,0
11.314838,15.037000,117.000,19.058000,0.865000,124.083918,3640,312,0,125,237,2118,11,0
11.316777,1.939000,117.000,19.058000,0.865000,124.084192,3640,312,0,125,237,2118,11,0
11.331423,14.646000,117.000,19.058000,0.865000,124.079481,3631,312,0,125,237,2118,11,0
11.339398,7.975000,117.000,19.058000,0.865000,124.079962,3631,312,0,121,235,2114,11,0
11.342137,2.739000,117.000,19.058000,0.865000,124.080664,3631,312,0,121,235,2114,11,0
11.355953,13.816000,117.000,19.058000,0.865000,124.081144,3631,312,0,119,232,2108,11,0
11.364538,8.585000,117.000,19.058000,0.865000,124.071180,3626,309,0,118,231,2106,11,0
11.366128,1.590000,117.000,19.058000,0.865000,124.057566,3616,305,0,117,231,2106,11,0
11.381422,15.294000,117.000,19.058000,0.865000,124.053438,3609,305,0,117,231,2106,11,0
11.383064,1.642000,117.000,19.058000,0.865000,124.053919,3609,305,0,115,229,2102,11,0
11.398089,15.025000,117.000,19.058000,0.865000,124.070936,3619,309,0,114,228,2100,11,0
11.399817,1.728000,117.000,19.058000,0.865000,124.070234,3616,309,0,117,229,2102,11,0
11.414786,14.969000,117.000,19.058000,0.865000,124.057001,3610,304,0,117,229,2102,11,0
11.416653,1.867000,117.000,19.058000,0.865000,124.051165,3600,304,0,117,229,2102,11,0
11.431532,14.879000,117.000,19.058000,0.865000,124.070410,3602,304,0,130,247,2138,11,0
11.433379,1.847000,117.000,19.058000,0.865000,124.070890,3602,304,0,130,247,2138,11,0
11.448157,14.778000,117.000,19.058000,0.865000,124.067030,3605,304,0,118,235,2114,11,0
11.449862,1.705000,117.000,19.058000,0.865000,124.067511,3605,304,0,118,235,2114,11,0
11.464441,14.579000,117.000,19.058000,0.865000,124.066366,3602,304,0,118,235,2114,11,0
11.466117,1.676000,117.000,19.058000,0.865000,124.066847,3602,304,0,118,235,2114,11,0
11.481623,15.506000,117.000,19.058000,0.865000,124.065657,3599,304,0,118,235,2114,11,0
11.483443,1.820000,117.000,19.058000,0.865000,124.066137,3599,304,0,118,235,2114,11,0
11.498014,14.571000,117.000,19.058000,0.865000,124.068300,3602,304,0,118,235,2114,11,0
11.499805,1.791000,117.000,19.058000,0.865000,124.068781,3602,304,0,118,235,2114,11,0
11.514981,15.176000,117.000,19.058000,0.865000,124.069452,3602,304,0,118,235,2114,11,0
11.517342,2.361000,117.000,19.058000,0.865000,124.069933,3602,304,0,117,234,2112,11,0
11.531607,14.265000,117.000,19.058000,0.865000,124.067209,3597,304,0,117,234,2112,11,0
11.533869,2.262000,117.000,19.058000,0.865000,124.067690,3597,304,0,117,234,2112,11,0
11.548549,14.680000,117.000,19.058000,0.865000,124.066545,3594,304,0,117,234,2112,11,0
11.551244,2.695000,117.000,19.058000,0.865000,124.067026,3594,304,0,117,234,2112,11,0
11.564821,13.577000,117.000,19.058000,0.865000,124.067453,3594,304,0,117,234,2112,11,0
11.566911,2.090000,117.000,19.058000,0.865000,124.063524,3592,304,0,116,228,2100,11,0
11.581394,14.483000,117.000,19.058000,0.865000,124.064005,3592,304,0,116,228,2100,11,0
11.583303,1.909000,117.000,19.058000,0.865000,124.064486,3592,304,0,116,228,2100,11,0
11.598138,14.835000,117.000,19.058000,0.865000,124.054888,3589,304,0,116,228,2100,11,0
11.600018,1.880000,117.000,19.058000,0.865000,124.055368,3589,304,0,116,228,2100,11,0
11.614687,14.669000,117.000,19.058000,0.865000,124.055849,3589,304,0,116,228,2100,11,0
11.616450,1.763000,117.000,19.058000,0.865000,124.056330,3589,304,0,114,228,2100,11,0
11.631723,15.273000,117.000,19.058000,0.865000,124.056765,3589,304,0,114,228,2100,11,0
11.633615,1.892000,117.000,19.058000,0.865000,124.057245,3589,304,0,115,228,2100,11,0
11.648288,14.673000,117.000,19.058000,0.865000,124.057711,3589,304,0,115,228,2100,11,0
11.650647,2.359000,117.000,19.058000,0.865000,124.064196,3599,304,0,115,228,2100,11,0
11.665123,14.476000,117.000,19.058000,0.865000,124.064676,3599,304,0,115,228,2100,11,0
11.666920,1.797000,118.000,20.581000,1.446000,124.065157,3599,304,0,116,228,2100,11,0
11.681395,14.475000,118.000,20.581000,1.446000,124.063982,3596,304,0,116,228,2100,11,0
11.683586,2.191000,118.000,20.581000,1.446000,124.064463,3596,304,0,115,228,2100,11,0
11.698034,14.448000,118.000,20.581000,1.446000,124.064943,3596,304,0,115,228,2100,11,0
11.699980,1.946000,118.000,20.581000,1.446000,124.065424,3596,304,0,116,228,2100,11,0
11.718977,18.997000,118.000,20.581000,1.446000,124.172113,3658,313,0,161,312,2268,11,0
11.732326,13.349000,118.000,20.581000,1.446000,124.172594,3658,313,0,137,284,2212,11,0
11.747514,15.188000,118.000,20.581000,1.446000,124.159761,3655,313,0,137,284,2212,11,0
11.751086,3.572000,118.000,20.581000,1.446000,124.165926,3655,313,0,149,296,2236,11,0
11.764104,13.018000,118.000,20.581000,1.446000,124.149836,3625,313,0,149,296,2236,11,0
11.766515,2.411000,118.000,20.581000,1.446000,124.144480,3625,313,0,137,284,2212,11,0
11.780885,14.370000,118.000,20.581000,1.446000,124.144960,3625,313,0,137,284,2212,11,0
11.783414,2.529000,118.000,20.581000,1.446000,124.145441,3625,313,0,137,284,2212,11,0
11.797785,14.371000,118.000,20.581000,1.446000,124.145922,3625,313,0,137,284,2212,11,0
11.800566,2.781000,118.000,20.581000,1.446000,124.148050,3628,313,0,137,284,2212,11,0
11.814339,13.773000,118.000,20.581000,1.446000,124.148531,3628,313,0,137,284,2212,11,0
11.816853,2.514000,118.000,20.581000,1.446000,124.149103,3628,313,0,137,284,2212,11,0
11.831366,14.513000,118.000,20.581000,1.446000,124.151236,3631,313,0,137,284,2212,11,0
11.833401,2.035000,118.000,20.581000,1.446000,124.151716,3631,313,0,137,284,2212,11,0
11.848034,14.633000,118.000,20.581000,1.446000,124.152197,3631,313,0,137,284,2212,11,0
11.850169,2.135000,118.000,20.581000,1.446000,124.150175,3627,313,0,136,248,2140,11,0
11.864609,14.440000,118.000,20.581000,1.446000,124.150602,3627,313,0,136,248,2140,11,0
11.866567,1.958000,118.000,20.581000,1.446000,124.146673,3625,313,0,136,248,2140,11,0
11.881344,14.777000,118.000,20.581000,1.446000,124.116495,3625,313,0,136,248,2140,11,0
11.883169,1.825000,118.000,20.581000,1.446000,124.116976,3625,313,0,136,248,2140,11,0
11.898166,14.997000,118.000,20.581000,1.446000,124.117472,3625,313,0,136,248,2140,11,0
11.900572,2.406000,118.000,20.581000,1.446000,124.117952,3625,313,0,136,248,2140,11,0
11.915310,14.738000,118.000,20.581000,1.446000,124.118467,3625,313,0,136,248,2140,11,0
11.917138,1.828000,118.000,20.581000,1.446000,124.118902,3625,313,0,136,248,2140,11,0
11.931415,14.277000,118.000,20.581000,1.446000,124.120806,3628,313,0,136,248,2140,11,0
11.933410,1.995000,118.000,20.581000,1.446000,124.117785,3622,313,0,136,248,2140,11,0
11.948342,14.932000,118.000,20.581000,1.446000,124.119864,3625,313,0,135,247,2138,11,0
11.950741,2.399000,118.000,20.581000,1.446000,124.120344,3625,313,0,135,247,2138,11,0
11.964586,13.845000,118.000,20.581000,1.446000,124.120832,3625,313,0,133,245,2134,11,0
11.966400,1.814000,118.000,20.581000,1.446000,124.121313,3625,313,0,132,244,2132,11,0
11.981367,14.967000,118.000,20.581000,1.446000,124.111235,3621,309,0,132,244,2132,11,0
11.983111,1.744000,118.000,20.581000,1.446000,124.107367,3614,309,0,131,244,2132,11,0
11.998389,15.278000,118.000,20.581000,1.446000,124.107893,3614,309,0,129,242,2128,11,0
12.000821,2.432000,118.000,20.581000,1.446000,124.108290,3614,309,0,129,241,2126,11,0
12.015274,14.453000,118.000,20.581000,1.446000,124.094820,3608,304,0,128,240,2124,11,0
12.022616,7.342000,118.000,20.581000,1.446000,124.088984,3598,304,0,128,240,2124,11,0
12.024949,2.333000,118.000,20.581000,1.446000,124.087805,3595,304,0,128,240,2124,11,0
12.039418,14.469000,118.000,20.581000,1.446000,124.106867,3597,304,0,141,258,2160,11,0
12.042808,3.390000,118.000,20.581000,1.446000,124.107363,3597,304,0,129,246,2136,11,0
12.056123,13.315000,118.000,20.581000,1.446000,124.100367,3594,304,0,129,246,2136,11,0
12.064815,8.692000,118.000,20.581000,1.446000,124.102499,3597,304,0,129,246,2136,11,0
12.066599,1.784000,118.000,20.581000,1.446000,124.102980,3597,304,0,129,246,2136,11,0
12.081561,14.962000,118.000,20.581000,1.446000,124.103445,3597,304,0,129,246,2136,11,0
12.083311,1.750000,118.000,20.581000,1.446000,124.103926,3597,304,0,129,246,2136,11,0
12.098090,14.779000,118.000,20.581000,1.446000,124.104422,3597,304,0,129,246,2136,11,0
12.100523,2.433000,118.000,20.581000,1.446000,124.104856,3597,304,0,129,246,2136,11,0
12.115027,14.504000,118.000,20.581000,1.446000,124.106997,3600,304,0,129,246,2136,11,0
12.117257,2.230000,118.000,20.581000,1.446000,124.107477,3600,304,0,129,246,2136,11,0
12.131468,14.211000,118.000,20.581000,1.446000,124.107924,3600,304,0,129,246,2136,11,0
12.133515,2.047000,118.000,20.581000,1.446000,124.108404,3600,304,0,129,246,2136,11,0
12.148281,14.766000,118.000,20.581000,1.446000,124.110575,3603,304,0,129,246,2136,11,0
12.150752,2.471000,118.000,20.581000,1.446000,124.111055,3603,304,0,129,246,2136,11,0
12.165069,14.317000,118.000,20.581000,1.446000,124.109896,3600,304,0,129,246,2136,11,0
12.166958,1.889000,118.000,20.581000,1.446000,124.110376,3600,304,0,129,246,2136,11,0
12.182001,15.043000,118.000,20.581000,1.446000,124.110064,3597,304,0,128,240,2124,11,1
12.184547,2.546000,118.000,20.581000,1.446000,124.106134,3595,304,0,127,240,2124,11,1
12.198543,13.996000,118.000,20.581000,1.446000,124.107496,3604,303,0,127,240,2124,11,0
12.200979,2.436000,118.000,20.581000,1.446000,124.096395,3599,303,0,128,240,2124,11,0
12.215270,14.291000,118.000,20.581000,1.446000,124.211946,3694,326,0,127,239,2122,11,0
12.217277,2.007000,118.000,20.581000,1.446000,124.199785,3654,326,0,139,263,2170,11,0
12.231574,14.297000,118.000,20.581000,1.446000,124.200232,3654,326,0,139,263,2170,11,0
12.233453,1.879000,118.000,20.581000,1.446000,124.200712,3654,326,0,139,263,2170,11,0
12.248337,14.884000,118.000,20.581000,1.446000,124.199476,3651,326,0,139,263,2170,11,0
12.250701,2.364000,118.000,20.581000,1.446000,124.199957,3651,326,0,140,263,2170,11,0
12.264826,14.125000,118.000,20.581000,1.446000,124.206442,3661,326,0,140,263,2170,11,0
12.266708,1.882000,118.000,20.581000,1.446000,124.206923,3661,326,0,139,263,2170,11,0
12.281399,14.691000,118.000,20.581000,1.446000,124.207388,3661,326,0,139,263,2170,11,0
12.283192,1.793000,118.000,20.581000,1.446000,124.207869,3661,326,0,140,263,2170,11,0
12.298440,15.248000,118.000,20.581000,1.446000,124.206724,3658,326,0,140,263,2170,11,0
12.300824,2.384000,118.000,20.581000,1.446000,124.207159,3658,326,0,140,263,2170,11,0
12.314861,14.037000,118.000,20.581000,1.446000,124.207640,3658,326,0,140,263,2170,11,0
12.330990,16.129000,118.000,20.581000,1.446000,124.308565,3720,335,0,173,337,2318,11,0
12.332912,1.922000,118.000,20.581000,1.446000,124.291491,3720,335,0,137,297,2238,11,0
12.348023,15.111000,118.000,20.581000,1.446000,124.290331,3717,335,0,137,297,2238,11,0
12.351277,3.254000,118.000,20.581000,1.446000,124.296495,3717,335,0,149,309,2262,11,0
12.364594,13.317000,118.000,20.581000,1.446000,124.280405,3687,335,0,148,308,2260,11,0
12.366545,1.951000,118.000,20.581000,1.446000,124.275049,3687,335,0,136,296,2236,11,0
12.381610,15.065000,118.000,20.581000,1.446000,124.273890,3684,335,0,136,296,2236,11,0
12.383738,2.128000,118.000,20.581000,1.446000,124.274324,3684,335,0,136,296,2236,11,0
12.398043,14.305000,118.000,20.581000,1.446000,124.274805,3684,335,0,136,296,2236,11,0
12.400241,2.198000,118.000,20.581000,1.446000,124.275286,3684,335,0,136,296,2236,11,0
12.414646,14.405000,118.000,20.581000,1.446000,124.275766,3684,335,0,136,296,2236,11,0
12.416605,1.959000,118.000,20.581000,1.446000,124.276247,3684,335,0,136,296,2236,11,0
12.431339,14.734000,118.000,20.581000,1.446000,124.275087,3681,335,0,136,296,2236,11,0
12.433331,1.992000,118.000,20.581000,1.446000,124.275568,3681,335,0,136,296,2236,11,0
12.447907,14.576000,118.000,20.581000,1.446000,124.276049,3681,335,0,136,296,2236,11,0
12.450079,2.172000,118.000,20.581000,1.446000,124.274027,3677,335,0,136,296,2236,11,0
12.464855,14.776000,118.000,20.581000,1.446000,124.264109,3672,332,0,134,259,2162,11,0
12.466794,1.939000,118.000,20.581000,1.446000,124.256487,3664,332,0,134,259,2162,11,0
12.481791,14.997000,118.000,20.581000,1.446000,124.256968,3664,332,0,134,259,2162,11,0
12.483841,2.050000,118.000,20.581000,1.446000,124.226831,3664,332,0,134,259,2162,11,0
12.498386,14.545000,118.000,20.581000,1.446000,124.244253,3677,336,0,134,259,2162,11,0
12.500833,2.447000,118.000,20.581000,1.446000,124.245420,3677,336,0,135,261,2166,11,0
12.514844,14.011000,118.000,20.581000,1.446000,124.245878,3677,336,0,135,261,2166,11,0
12.516663,1.819000,118.000,20.581000,1.446000,124.246359,3677,336,0,135,261,2166,11,0
12.531374,14.711000,118.000,20.581000,1.446000,124.248560,3680,336,0,135,261,2166,11,0
12.533293,1.919000,118.000,20.581000,1.446000,124.248835,3680,336,0,135,261,2166,11,0
12.548258,14.965000,118.000,20.581000,1.446000,124.245760,3674,336,0,135,261,2166,11,0
12.550622,2.364000,118.000,20.581000,1.446000,124.246241,3674,336,0,133,260,2164,11,0
12.565194,14.572000,118.000,20.581000,1.446000,124.246737,3674,336,0,133,260,2164,11,0
12.567558,2.364000,118.000,20.581000,1.446000,124.247217,3674,336,0,132,258,2160,11,0
12.581441,13.883000,118.000,20.581000,1.446000,124.247713,3674,336,0,131,257,2158,11,0
12.583485,2.044000,118.000,20.581000,1.446000,124.237791,3670,332,0,130,257,2158,11,0
12.598302,14.817000,118.000,20.581000,1.446000,124.233862,3663,332,0,130,257,2158,11,0
12.600849,2.547000,118.000,20.581000,1.446000,124.222754,3659,328,0,129,255,2154,11,0
12.615034,14.185000,118.000,20.581000,1.446000,124.219976,3653,328,0,128,254,2152,11,0
12.616886,1.852000,118.000,20.581000,1.446000,124.218588,3650,328,0,127,253,2150,11,0
12.631605,14.719000,118.000,20.581000,1.446000,124.207022,3647,323,0,127,253,2150,11,0
12.633423,1.818000,118.000,20.581000,1.446000,124.201185,3637,323,0,125,253,2150,11,0
12.649288,15.865000,118.000,20.581000,1.446000,124.221907,3642,323,0,138,271,2186,11,0
12.653159,3.871000,118.000,20.581000,1.446000,124.222387,3642,323,0,139,271,2186,11,0
12.664913,11.754000,118.000,20.581000,1.446000,124.217016,3642,323,0,127,259,2162,11,0
12.667000,2.087000,117.000,18.523000,1.308000,124.217497,3642,323,0,128,259,2162,11,0
12.682423,15.423000,117.000,18.523000,1.308000,124.217913,3642,323,0,128,259,2162,11,0
12.684858,2.435000,117.000,18.523000,1.308000,124.218393,3642,323,0,127,259,2162,11,0
12.698046,13.188000,117.000,18.523000,1.308000,124.218843,3642,323,0,127,259,2162,11,0
12.700298,2.252000,117.000,18.523000,1.308000,124.219324,3642,323,0,127,259,2162,11,0
12.714703,14.405000,117.000,18.523000,1.308000,124.221483,3645,323,0,127,259,2162,11,0
12.716691,1.988000,117.000,18.523000,1.308000,124.221964,3645,323,0,127,259,2162,11,0
12.732080,15.389000,117.000,18.523000,1.308000,124.220804,3642,323,0,127,259,2162,11,0
12.734622,2.542000,117.000,18.523000,1.308000,124.221239,3642,323,0,127,259,2162,11,0
12.748309,13.687000,117.000,18.523000,1.308000,124.221704,3642,323,0,127,259,2162,11,0
12.750822,2.513000,117.000,18.523000,1.308000,124.222185,3642,323,0,128,259,2162,11,0
12.764725,13.903000,117.000,18.523000,1.308000,124.222677,3642,323,0,128,259,2162,11,0
12.766606,1.881000,117.000,18.523000,1.308000,124.223158,3642,323,0,128,259,2162,11,0
12.781305,14.699000,117.000,18.523000,1.308000,124.223600,3642,323,0,128,259,2162,11,0
12.783139,1.834000,117.000,18.523000,1.308000,124.219671,3640,323,0,126,253,2150,11,0
12.797887,14.748000,117.000,18.523000,1.308000,124.220137,3640,323,0,126,253,2150,11,0
12.799623,1.736000,117.000,18.523000,1.308000,124.219645,3640,323,0,125,251,2146,11,0
12.814645,15.022000,117.000,18.523000,1.308000,124.211882,3640,323,0,125,251,2146,11,0
12.816415,1.770000,117.000,18.523000,1.308000,124.212416,3640,323,0,123,251,2146,11,0
12.831629,15.214000,117.000,18.523000,1.308000,124.212851,3640,323,0,123,251,2146,11,0
12.833403,1.774000,117.000,18.523000,1.308000,124.213331,3640,323,0,125,251,2146,11,0
12.848112,14.709000,117.000,18.523000,1.308000,124.215506,3643,323,0,125,251,2146,11,0
12.849900,1.788000,117.000,18.523000,1.308000,124.215986,3643,323,0,123,251,2146,11,0
12.864958,15.058000,117.000,18.523000,1.308000,124.214708,3640,323,0,123,251,2146,11,0
12.867172,2.214000,117.000,18.523000,1.308000,124.221193,3650,323,0,124,251,2146,11,0
12.881726,14.554000,117.000,18.523000,1.308000,124.220034,3647,323,0,124,251,2146,11,0
12.883818,2.092000,117.000,18.523000,1.308000,124.220514,3647,323,0,124,251,2146,11,0
12.898119,14.301000,117.000,18.523000,1.308000,124.222654,3650,323,0,124,251,2146,11,0
12.899945,1.826000,117.000,18.523000,1.308000,124.223135,3650,323,0,123,251,2146,11,0
12.914649,14.704000,117.000,18.523000,1.308000,124.223597,3650,323,0,123,251,2146,11,0
12.916509,1.860000,117.000,18.523000,1.308000,124.224077,3650,323,0,123,251,2146,11,0
12.931844,15.335000,117.000,18.523000,1.308000,124.329268,3707,332,0,170,339,2322,11,0
12.933877,2.033000,117.000,18.523000,1.308000,124.329748,3707,332,0,170,339,2322,11,0
12.948047,14.170000,117.000,18.523000,1.308000,124.317888,3704,332,0,148,311,2266,11,0
12.950243,2.196000,117.000,18.523000,1.308000,124.318369,3704,332,0,148,311,2266,11,0
12.964783,14.540000,117.000,18.523000,1.308000,124.324335,3704,332,0,160,323,2290,11,0
12.967078,2.295000,117.000,18.523000,1.308000,124.308245,3674,332,0,148,311,2266,11,0
12.981277,14.199000,117.000,18.523000,1.308000,124.302889,3674,332,0,148,311,2266,11,0
12.983381,2.104000,117.000,18.523000,1.308000,124.303370,3674,332,0,148,311,2266,11,0
12.997996,14.615000,117.000,18.523000,1.308000,124.303400,3671,332,0,148,311,2266,11,2
13.000213,2.217000,117.000,18.523000,1.308000,124.303881,3671,332,0,148,311,2266,11,2
13.014716,14.503000,117.000,18.523000,1.308000,124.304979,3671,332,0,148,311,2266,11,2
13.016786,2.070000,117.000,18.523000,1.308000,124.305460,3671,332,0,148,311,2266,11,2
13.031521,14.735000,117.000,18.523000,1.308000,124.307570,3683,330,0,148,311,2266,11,0
13.033688,2.167000,117.000,18.523000,1.308000,124.301580,3673,330,0,150,311,2266,11,0
13.047898,14.210000,117.000,18.523000,1.308000,124.302061,3673,330,0,150,311,2266,11,0
13.063700,15.802000,117.000,18.523000,1.308000,124.303091,3673,330,0,150,311,2266,11,0
13.066128,2.428000,117.000,18.523000,1.308000,124.301001,3669,330,0,150,311,2266,11,0
13.081374,15.246000,117.000,18.523000,1.308000,124.299788,3666,330,0,149,275,2194,11,0
13.083324,1.950000,117.000,18.523000,1.308000,124.295858,3664,330,0,149,275,2194,11,0
13.097819,14.495000,117.000,18.523000,1.308000,124.265715,3664,330,0,149,275,2194,11,0
13.099755,1.936000,117.000,18.523000,1.308000,124.266195,3664,330,0,151,275,2194,11,0
13.114623,14.868000,117.000,18.523000,1.308000,124.266600,3664,330,0,151,275,2194,11,0
13.116525,1.902000,117.000,18.523000,1.308000,124.267080,3664,330,0,151,275,2194,11,0
13.131468,14.943000,117.000,18.523000,1.308000,124.265936,3661,330,0,151,275,2194,11,0
13.133493,2.025000,117.000,18.523000,1.308000,124.266417,3661,330,0,150,275,2194,11,0
13.149010,15.517000,117.000,18.523000,1.308000,124.266745,3661,330,0,150,275,2194,11,0
13.152746,3.736000,117.000,18.523000,1.308000,124.263678,3655,330,0,149,275,2194,11,0
13.164841,12.095000,117.000,18.523000,1.308000,124.264174,3655,330,0,148,274,2192,11,0
13.167010,2.169000,117.000,18.523000,1.308000,124.264654,3655,330,0,150,274,2192,11,0
13.181626,14.616000,117.000,18.523000,1.308000,124.265074,3655,330,0,148,272,2188,11,0
13.183778,2.152000,117.000,18.523000,1.308000,124.265554,3655,330,0,145,271,2186,11,0
13.198165,14.387000,117.000,18.523000,1.308000,124.258909,3657,326,0,143,269,2182,11,0
13.200515,2.350000,117.000,18.523000,1.308000,124.255041,3650,326,0,145,269,2182,11,0
13.214649,14.134000,117.000,18.523000,1.308000,124.255495,3650,326,0,143,267,2178,11,0
13.216787,2.138000,117.000,18.523000,1.308000,124.255892,3650,326,0,142,266,2176,11,0
13.231523,14.736000,117.000,18.523000,1.308000,124.242456,3644,321,0,141,265,2174,11,0
13.233357,1.834000,117.000,18.523000,1.308000,124.236620,3634,321,0,140,265,2174,11,0
13.255121,21.764000,117.000,18.523000,1.308000,124.237078,3634,321,0,141,265,2174,11,0
13.258794,3.673000,117.000,18.523000,1.308000,124.256144,3636,321,0,153,283,2210,11,0
13.272928,14.134000,117.000,18.523000,1.308000,124.256624,3636,321,0,141,271,2186,11,0
13.281483,8.555000,117.000,18.523000,1.308000,124.252123,3636,321,0,141,271,2186,11,1
13.283635,2.152000,117.000,18.523000,1.308000,124.252604,3636,321,0,142,271,2186,11,1
13.298322,14.687000,117.000,18.523000,1.308000,124.232725,3632,314,0,140,269,2182,11,0
13.300607,2.285000,117.000,18.523000,1.308000,124.222563,3615,314,0,140,269,2182,11,0
13.314570,13.963000,117.000,18.523000,1.308000,124.223043,3615,314,0,140,269,2182,11,0
13.316630,2.060000,117.000,18.523000,1.308000,124.223478,3615,314,0,140,269,2182,11,0
13.331569,14.939000,117.000,18.523000,1.308000,124.225653,3618,314,0,140,269,2182,11,0
13.339070,7.501000,117.000,18.523000,1.308000,124.226133,3618,314,0,141,269,2182,11,0
13.342559,3.489000,117.000,18.523000,1.308000,124.228235,3621,314,0,141,269,2182,11,0
13.356031,13.472000,117.000,18.523000,1.308000,124.228716,3621,314,0,140,269,2182,11,0
13.364640,8.609000,117.000,18.523000,1.308000,124.229197,3621,314,0,140,269,2182,11,0
13.366382,1.742000,117.000,18.523000,1.308000,124.229631,3621,314,0,140,269,2182,11,0
13.381192,14.810000,117.000,18.523000,1.308000,124.230112,3621,314,0,140,269,2182,11,0
13.383109,1.917000,117.000,18.523000,1.308000,124.230593,3621,314,0,141,269,2182,11,0
13.398124,15.015000,117.000,18.523000,1.308000,124.231058,3621,314,0,140,263,2170,11,0
13.400496,2.372000,117.000,18.523000,1.308000,124.227076,3619,314,0,140,263,2170,11,0
13.414708,14.212000,117.000,18.523000,1.308000,124.229219,3622,314,0,140,263,2170,11,0
13.416514,1.806000,117.000,18.523000,1.308000,124.221376,3622,314,0,139,263,2170,11,0
13.431501,14.987000,117.000,18.523000,1.308000,124.218588,3616,314,0,139,263,2170,11,0
13.433366,1.865000,117.000,18.523000,1.308000,124.219069,3616,314,0,140,263,2170,11,0
13.448355,14.989000,117.000,18.523000,1.308000,124.219534,3616,314,0,140,263,2170,11,0
13.450818,2.463000,117.000,18.523000,1.308000,124.220015,3616,314,0,138,262,2168,11,0
13.464942,14.124000,117.000,18.523000,1.308000,124.220488,3616,314,0,138,262,2168,11,0
13.466738,1.796000,117.000,18.523000,1.308000,124.220968,3616,314,0,139,262,2168,11,0
13.481532,14.794000,117.000,18.523000,1.308000,124.227461,3626,314,0,139,262,2168,11,0
13.483616,2.084000,117.000,18.523000,1.308000,124.227942,3626,314,0,139,262,2168,11,0
13.498851,15.235000,117.000,18.523000,1.308000,124.228422,3626,314,0,139,262,2168,11,0
13.501548,2.697000,117.000,18.523000,1.308000,124.228903,3626,314,0,138,262,2168,11,0
13.515496,13.948000,117.000,18.523000,1.308000,124.229383,3626,314,0,138,262,2168,11,0
13.517341,1.845000,117.000,18.523000,1.308000,124.229864,3626,314,0,138,262,2168,11,0
13.531493,14.152000,117.000,18.523000,1.308000,124.230345,3626,314,0,138,262,2168,11,0
13.552112,20.619000,117.000,18.523000,1.308000,124.332792,3691,323,0,171,332,2308,11,0
13.564213,12.101000,117.000,18.523000,1.308000,124.314791,3691,323,0,132,287,2218,11,0
13.572815,8.602000,117.000,18.523000,1.308000,124.302748,3683,320,0,132,287,2218,11,0
13.575629,2.814000,117.000,18.523000,1.308000,124.305189,3677,320,0,144,299,2242,11,0
13.589632,14.003000,117.000,18.523000,1.308000,124.287458,3644,320,0,132,287,2218,11,0
13.591908,2.276000,117.000,18.523000,1.308000,124.282103,3644,320,0,132,287,2218,11,0
13.606599,14.691000,117.000,18.523000,1.308000,124.299471,3657,324,0,132,287,2218,11,0
13.614083,7.484000,117.000,18.523000,1.308000,124.300638,3657,324,0,133,289,2222,11,0
13.616539,2.456000,117.000,18.523000,1.308000,124.301115,3657,324,0,133,289,2222,11,0
13.630895,14.356000,117.000,18.523000,1.308000,124.307692,3657,324,0,133,289,2222,11,0
13.633209,2.314000,117.000,18.523000,1.308000,124.545912,3657,324,0,133,289,2222,11,0
13.648019,14.810000,117.000,18.523000,1.308000,124.544806,3654,324,0,133,289,2222,11,0
13.650855,2.836000,117.000,18.523000,1.308000,124.545286,3654,324,0,133,289,2222,11,0
13.664649,13.794000,117.000,18.523000,1.308000,124.545767,3654,324,0,133,289,2222,11,0
13.666609,1.960000,116.000,21.039000,1.135000,124.546247,3654,324,0,133,289,2222,11,0
13.681305,14.696000,116.000,21.039000,1.135000,124.544172,3650,324,0,131,253,2150,11,0
13.683484,2.179000,116.000,21.039000,1.135000,124.540243,3648,324,0,131,253,2150,11,0
13.698174,14.690000,116.000,21.039000,1.135000,124.539083,3645,324,0,131,253,2150,11,0
13.700961,2.787000,116.000,21.039000,1.135000,124.508181,3645,324,0,131,253,2150,11,0
13.714941,13.980000,116.000,21.039000,1.135000,124.508680,3645,324,0,131,253,2150,11,0
13.716811,1.870000,116.000,21.039000,1.135000,124.509161,3645,324,0,130,253,2150,11,0
13.732216,15.405000,116.000,21.039000,1.135000,124.509779,3645,324,0,130,253,2150,11,0
13.734441,2.225000,116.000,21.039000,1.135000,124.510260,3645,324,0,131,253,2150,11,0
13.748119,13.678000,116.000,21.039000,1.135000,124.510744,3645,324,0,131,253,2150,11,0
13.750636,2.517000,116.000,21.039000,1.135000,124.511019,3645,324,0,128,253,2150,11,0
13.765965,15.329000,116.000,21.039000,1.135000,124.507936,3639,324,0,128,253,2150,11,0
13.768172,2.207000,116.000,21.039000,1.135000,124.506777,3636,324,0,129,252,2148,11,0
13.781704,13.532000,116.000,21.039000,1.135000,124.507257,3636,324,0,129,252,2148,11,0
13.783634,1.930000,116.000,21.039000,1.135000,124.507738,3636,324,0,126,250,2144,11,0
13.798184,14.550000,116.000,21.039000,1.135000,124.508173,3636,324,0,125,249,2142,11,0
13.800167,1.983000,116.000,21.039000,1.135000,124.498251,3632,320,0,125,249,2142,11,0
13.815261,15.094000,116.000,21.039000,1.135000,124.494383,3625,320,0,125,249,2142,11,0
13.817080,1.819000,116.000,21.039000,1.135000,124.494864,3625,320,0,124,247,2138,11,0
13.831517,14.437000,116.000,21.039000,1.135000,124.493559,3622,320,0,123,246,2136,11,0
13.833417,1.900000,116.000,21.039000,1.135000,124.492170,3619,320,0,121,245,2134,11,0
13.849284,15.867000,116.000,21.039000,1.135000,124.478941,3613,315,0,121,245,2134,11,0
13.852913,3.629000,116.000,21.039000,1.135000,124.473104,3603,315,0,121,245,2134,11,0
13.857416,4.503000,116.000,21.039000,1.135000,124.489725,3605,315,0,133,260,2164,11,0
13.872669,15.253000,116.000,21.039000,1.135000,124.490206,3605,315,0,134,260,2164,11,0
13.881384,8.715000,116.000,21.039000,1.135000,124.484850,3605,315,0,122,248,2140,11,0
13.883311,1.927000,116.000,21.039000,1.135000,124.485331,3605,315,0,121,248,2140,11,0
13.898259,14.948000,116.000,21.039000,1.135000,124.487474,3608,315,0,121,248,2140,11,0
13.900790,2.531000,116.000,21.039000,1.135000,124.487955,3608,315,0,122,248,2140,11,0
13.915758,14.968000,116.000,21.039000,1.135000,124.488352,3608,315,0,122,248,2140,11,0
13.919543,3.785000,116.000,21.039000,1.135000,124.489038,3608,315,0,122,248,2140,11,0
13.931272,11.729000,116.000,21.039000,1.135000,124.491198,3611,315,0,122,248,2140,11,0
13.933103,1.831000,116.000,21.039000,1.135000,124.491678,3611,315,0,122,248,2140,11,0
13.948147,15.044000,116.000,21.039000,1.135000,124.492136,3611,315,0,122,248,2140,11,0
13.950771,2.624000,116.000,21.039000,1.135000,124.492617,3611,315,0,121,248,2140,11,0
13.964846,14.075000,116.000,21.039000,1.135000,124.493097,3611,315,0,121,248,2140,11,0
13.966699,1.853000,116.000,21.039000,1.135000,124.493578,3611,315,0,122,248,2140,11,0
13.981548,14.849000,116.000,21.039000,1.135000,124.494150,3611,315,0,122,248,2140,11,0
13.983416,1.868000,116.000,21.039000,1.135000,124.494631,3611,315,0,121,248,2140,11,0
13.998203,14.787000,116.000,21.039000,1.135000,124.495058,3611,315,0,121,248,2140,11,0
14.000557,2.354000,116.000,21.039000,1.135000,124.491129,3609,315,0,120,243,2130,11,0
14.015846,15.289000,116.000,21.039000,1.135000,124.491625,3609,315,0,120,243,2130,11,0
14.018591,2.745000,116.000,21.039000,1.135000,124.492105,3609,315,0,121,243,2130,11,0
14.032731,14.140000,116.000,21.039000,1.135000,124.487448,3612,315,0,121,243,2130,11,0
14.038381,5.650000,116.000,21.039000,1.135000,124.487928,3612,315,0,119,243,2130,11,0
14.042016,3.635000,116.000,21.039000,1.135000,124.490053,3615,315,0,119,243,2130,11,0
14.056246,14.230000,116.000,21.039000,1.135000,124.490534,3615,315,0,120,243,2130,11,0
14.064794,8.548000,116.000,21.039000,1.135000,124.490961,3615,315,0,120,243,2130,11,0
14.066596,1.802000,116.000,21.039000,1.135000,124.491442,3615,315,0,119,243,2130,11,0
14.081350,14.754000,116.000,21.039000,1.135000,124.491938,3615,315,0,119,243,2130,11,0
14.083192,1.842000,116.000,21.039000,1.135000,124.498377,3625,315,0,121,243,2130,11,0
14.098116,14.924000,116.000,21.039000,1.135000,124.498842,3625,315,0,121,243,2130,11,0
14.100650,2.534000,116.000,21.039000,1.135000,124.499323,3625,315,0,120,243,2130,11,0
14.114977,14.327000,116.000,21.039000,1.135000,124.501436,3628,315,0,120,243,2130,11,0
14.116714,1.737000,116.000,21.039000,1.135000,124.501917,3628,315,0,119,243,2130,11,0
14.132119,15.405000,116.000,21.039000,1.135000,124.500719,3625,315,0,119,243,2130,11,0
14.134209,2.090000,116.000,21.039000,1.135000,124.501200,3625,315,0,120,243,2130,11,0
14.154568,20.359000,116.000,21.039000,1.135000,124.626242,3685,326,0,171,333,2310,11,0
14.156759,2.191000,116.000,21.039000,1.135000,124.626722,3685,326,0,148,307,2258,11,0
14.173131,16.372000,116.000,21.039000,1.135000,124.616514,3685,326,0,148,307,2258,11,0
14.181263,8.132000,116.000,21.039000,1.135000,124.616995,3685,326,0,148,307,2258,11,0
14.183421,2.158000,116.000,21.039000,1.135000,124.623148,3685,326,0,159,319,2282,11,0
14.198006,14.585000,116.000,21.039000,1.135000,124.601221,3655,326,0,147,307,2258,11,0
14.200118,2.112000,116.000,21.039000,1.135000,124.601702,3655,326,0,147,307,2258,11,0
14.214556,14.438000,116.000,21.039000,1.135000,124.602182,3655,326,0,147,307,2258,11,0
14.216002,1.446000,116.000,21.039000,1.135000,124.602663,3655,326,0,147,307,2258,11,0
14.231252,15.250000,116.000,21.039000,1.135000,124.603144,3655,326,0,147,307,2258,11,0
14.233241,1.989000,116.000,21.039000,1.135000,124.603624,3655,326,0,147,307,2258,11,0
14.248327,15.086000,116.000,21.039000,1.135000,124.605757,3658,326,0,147,307,2258,11,0
14.250539,2.212000,116.000,21.039000,1.135000,124.606237,3658,326,0,148,307,2258,11,0
14.264728,14.189000,116.000,21.039000,1.135000,124.605078,3655,326,0,148,307,2258,11,0
14.266366,1.638000,116.000,21.039000,1.135000,124.605558,3655,326,0,148,307,2258,11,0
14.281381,15.015000,116.000,21.039000,1.135000,124.603556,3651,326,0,148,307,2258,11,0
14.283089,1.708000,116.000,21.039000,1.135000,124.604036,3651,326,0,145,271,2186,11,0
14.298228,15.139000,116.000,21.039000,1.135000,124.606112,3654,326,0,145,271,2186,11,0
14.300604,2.376000,116.000,21.039000,1.135000,124.602182,3652,326,0,145,271,2186,11,0
14.314664,14.060000,116.000,21.039000,1.135000,124.571230,3652,326,0,145,271,2186,11,0
14.316485,1.821000,116.000,21.039000,1.135000,124.571711,3652,326,0,146,271,2186,11,0
14.331374,14.889000,116.000,21.039000,1.135000,124.572191,3652,326,0,146,271,2186,11,0
14.333307,1.933000,116.000,21.039000,1.135000,124.572672,3652,326,0,147,271,2186,11,0
14.348074,14.767000,116.000,21.039000,1.135000,124.571512,3649,326,0,147,271,2186,11,0
14.350691,2.617000,116.000,21.039000,1.135000,124.571993,3649,326,0,146,271,2186,11,0
14.365269,14.578000,116.000,21.039000,1.135000,124.572340,3649,326,0,146,271,2186,11,0
14.367477,2.208000,116.000,21.039000,1.135000,124.569319,3643,326,0,145,271,2186,11,0
14.382057,14.580000,116.000,21.039000,1.135000,124.570684,3643,326,0,144,270,2184,11,1
14.389415,7.358000,116.000,21.039000,1.135000,124.571165,3643,326,0,146,270,2184,11,1
14.393903,4.488000,116.000,21.039000,1.135000,124.571066,3646,325,0,144,268,2180,11,0
14.405983,12.080000,116.000,21.039000,1.135000,124.568289,3641,325,0,144,268,2180,11,0
14.415039,9.056000,116.000,21.039000,1.135000,124.558229,3637,321,0,143,267,2178,11,0
14.417053,2.014000,116.000,21.039000,1.135000,124.554361,3630,321,0,144,267,2178,11,0
14.432492,15.439000,116.000,21.039000,1.135000,124.554842,3630,321,0,142,265,2174,11,0
14.434826,2.334000,116.000,21.039000,1.135000,124.555239,3630,321,0,139,264,2172,11,0
14.448509,13.683000,116.000,21.039000,1.135000,124.553865,3627,321,0,138,263,2170,11,0
14.451084,2.575000,116.000,21.039000,1.135000,124.540682,3621,316,0,138,263,2170,11,0
14.465789,14.705000,116.000,21.039000,1.135000,124.534800,3611,316,0,138,263,2170,11,0
14.470750,4.961000,116.000,21.039000,1.135000,124.553717,3613,316,0,153,281,2206,11,0
14.481332,10.582000,116.000,21.039000,1.135000,124.552526,3610,316,0,153,281,2206,11,0
14.483192,1.860000,116.000,21.039000,1.135000,124.548143,3610,316,0,142,271,2186,11,0
14.498214,15.022000,116.000,21.039000,1.135000,124.548594,3610,316,0,142,271,2186,11,0
14.500745,2.531000,116.000,21.039000,1.135000,124.549074,3610,316,0,143,271,2186,11,0
14.514553,13.808000,116.000,21.039000,1.135000,124.547930,3607,316,0,143,271,2186,11,0
14.516403,1.850000,116.000,21.039000,1.135000,124.548410,3607,316,0,143,271,2186,11,0
14.531341,14.938000,116.000,21.039000,1.135000,124.547266,3604,316,0,143,271,2186,11,0
14.533211,1.870000,116.000,21.039000,1.135000,124.547747,3604,316,0,142,271,2186,11,0
14.548666,15.455000,116.000,21.039000,1.135000,124.548212,3604,316,0,142,271,2186,11,0
14.551367,2.701000,116.000,21.039000,1.135000,124.548693,3604,316,0,143,271,2186,11,0
14.564544,13.177000,116.000,21.039000,1.135000,124.549189,3604,316,0,142,270,2184,11,0
14.566327,1.783000,116.000,21.039000,1.135000,124.549669,3604,316,0,141,270,2184,11,0
14.582125,15.798000,116.000,21.039000,1.135000,124.550135,3604,316,0,141,270,2184,11,0
14.584390,2.265000,116.000,21.039000,1.135000,124.550615,3604,316,0,141,270,2184,11,0
14.598401,14.011000,116.000,21.039000,1.135000,124.552755,3607,316,0,141,270,2184,11,0
14.600826,2.425000,116.000,21.039000,1.135000,124.553236,3607,316,0,142,270,2184,11,0
14.614646,13.820000,116.000,21.039000,1.135000,124.553644,3607,316,0,140,264,2172,11,0
14.616527,1.881000,116.000,21.039000,1.135000,124.549715,3605,316,0,139,264,2172,11,0
14.631600,15.073000,116.000,21.039000,1.135000,124.551950,3608,316,0,139,264,2172,11,0
14.633433,1.833000,116.000,21.039000,1.135000,124.544039,3608,316,0,140,264,2172,11,0
14.648736,15.303000,116.000,21.039000,1.135000,124.544531,3608,316,0,140,264,2172,11,0
14.652353,3.617000,116.000,21.039000,1.135000,124.545012,3608,316,0,139,263,2170,11,0
14.665224,12.871000,116.000,21.039000,1.135000,124.534609,3603,313,0,139,263,2170,11,0
14.667503,2.279000,119.000,19.790000,1.388000,124.531397,3597,313,0,139,263,2170,11,0
14.681470,13.967000,119.000,19.790000,1.388000,124.531878,3597,313,0,139,263,2170,11,0
14.683251,1.781000,119.000,19.790000,1.388000,124.532312,3597,313,0,139,263,2170,11,0
14.698783,15.532000,119.000,19.790000,1.388000,124.554003,3617,317,0,139,263,2170,11,0
14.701295,2.512000,119.000,19.790000,1.388000,124.555170,3617,317,0,139,265,2174,11,0
14.715199,13.904000,119.000,19.790000,1.388000,124.555632,3617,317,0,139,265,2174,11,0
14.717177,1.978000,119.000,19.790000,1.388000,124.556112,3617,317,0,140,265,2174,11,0
14.731482,14.305000,119.000,19.790000,1.388000,124.558268,3620,317,0,141,265,2174,11,0
14.733518,2.036000,119.000,19.790000,1.388000,124.558748,3620,317,0,141,265,2174,11,0
14.748757,15.239000,119.000,19.790000,1.388000,124.560839,3623,317,0,141,265,2174,11,0
14.768964,20.207000,119.000,19.790000,1.388000,124.706964,3687,330,0,171,333,2310,11,0
14.780850,11.886000,119.000,19.790000,1.388000,124.687990,3687,330,0,130,287,2218,11,0
14.783541,2.691000,119.000,19.790000,1.388000,124.688425,3687,330,0,130,287,2218,11,0
14.797612,14.071000,119.000,19.790000,1.388000,124.693617,3687,330,0,140,297,2238,11,0
14.800601,2.989000,119.000,19.790000,1.388000,124.680288,3662,330,0,140,297,2238,11,0
14.814135,13.534000,119.000,19.790000,1.388000,124.674932,3662,330,0,128,285,2214,11,0
14.816790,2.655000,119.000,19.790000,1.388000,124.684370,3671,332,0,128,285,2214,11,0
14.831089,14.299000,119.000,19.790000,1.388000,124.685274,3671,332,0,129,286,2216,11,0
14.833415,2.326000,119.000,19.790000,1.388000,124.684111,3668,332,0,129,286,2216,11,0
14.847647,14.232000,119.000,19.790000,1.388000,124.684591,3668,332,0,129,286,2216,11,0
14.850935,3.288000,119.000,19.790000,1.388000,124.685072,3668,332,0,129,286,2216,11,0
14.864767,13.832000,119.000,19.790000,1.388000,124.685564,3668,332,0,129,286,2216,11,0
14.866878,2.111000,119.000,19.790000,1.388000,124.686045,3668,332,0,129,286,2216,11,0
14.881181,14.303000,119.000,19.790000,1.388000,124.686525,3668,332,0,129,286,2216,11,0
14.883325,2.144000,119.000,19.790000,1.388000,124.687006,3668,332,0,129,286,2216,11,0
14.898282,14.957000,119.000,19.790000,1.388000,124.684984,3664,332,0,127,250,2144,11,0
14.900972,2.690000,119.000,19.790000,1.388000,124.685465,3664,332,0,127,250,2144,11,0
14.914828,13.856000,119.000,19.790000,1.388000,124.685892,3664,332,0,127,250,2144,11,0
14.917088,2.260000,119.000,19.790000,1.388000,124.650511,3662,332,0,127,250,2144,11,0
14.931504,14.416000,119.000,19.790000,1.388000,124.651018,3662,332,0,127,250,2144,11,0
14.933426,1.922000,119.000,19.790000,1.388000,124.651499,3662,332,0,128,250,2144,11,0
14.948040,14.614000,119.000,19.790000,1.388000,124.653654,3665,332,0,128,250,2144,11,0
14.950108,2.068000,119.000,19.790000,1.388000,124.654089,3665,332,0,127,250,2144,11,0
14.964765,14.657000,119.000,19.790000,1.388000,124.652899,3662,332,0,127,250,2144,11,0
14.966624,1.859000,119.000,19.790000,1.388000,124.653242,3662,332,0,127,250,2144,11,0
14.981439,14.815000,119.000,19.790000,1.388000,124.648581,3653,332,0,127,250,2144,11,0
14.983258,1.819000,119.000,19.790000,1.388000,124.649061,3653,332,0,127,249,2142,11,0
14.997925,14.667000,119.000,19.790000,1.388000,124.651217,3656,332,0,127,249,2142,11,0
14.999744,1.819000,119.000,19.790000,1.388000,124.651697,3656,332,0,124,247,2138,11,0
15.014521,14.777000,119.000,19.790000,1.388000,124.652128,3656,332,0,124,247,2138,11,0
15.016298,1.777000,119.000,19.790000,1.388000,124.642206,3652,328,0,124,246,2136,11,0
15.031393,15.095000,119.000,19.790000,1.388000,124.638308,3645,328,0,124,246,2136,11,0
15.033145,1.752000,119.000,19.790000,1.388000,124.638788,3645,328,0,122,244,2132,11,0
15.047810,14.665000,119.000,19.790000,1.388000,124.637560,3642,328,0,121,243,2130,11,0
15.049533,1.723000,119.000,19.790000,1.388000,124.636126,3639,328,0,119,242,2128,11,0
15.064944,15.411000,119.000,19.790000,1.388000,124.622881,3633,323,0,119,242,2128,11,0
15.066754,1.810000,119.000,19.790000,1.388000,124.617044,3623,323,0,120,242,2128,11,0
15.081204,14.450000,119.000,19.790000,1.388000,124.633677,3625,323,0,132,257,2158,11,0
15.083310,2.106000,119.000,19.790000,1.388000,124.632517,3622,323,0,131,257,2158,11,0
15.097984,14.674000,119.000,19.790000,1.388000,124.627115,3622,323,0,119,245,2134,11,0
15.099843,1.859000,119.000,19.790000,1.388000,124.627596,3622,323,0,119,245,2134,11,0
15.115362,15.519000,119.000,19.790000,1.388000,124.628046,3622,323,0,119,245,2134,11,0
15.118398,3.036000,119.000,19.790000,1.388000,124.628527,3622,323,0,120,245,2134,11,0
15.131394,12.996000,119.000,19.790000,1.388000,124.629038,3622,323,0,120,245,2134,11,0
15.133227,1.833000,119.000,19.790000,1.388000,124.629519,3622,323,0,119,245,2134,11,0
15.148689,15.462000,119.000,19.790000,1.388000,124.629984,3622,323,0,119,245,2134,11,0
15.151551,2.862000,119.000,19.790000,1.388000,124.630465,3622,323,0,119,245,2134,11,0
15.164859,13.308000,119.000,19.790000,1.388000,124.630960,3622,323,0,119,245,2134,11,0
15.166805,1.946000,119.000,19.790000,1.388000,124.631441,3622,323,0,120,245,2134,11,0
15.182050,15.245000,119.000,19.790000,1.388000,124.630266,3619,323,0,120,245,2134,11,0
15.183789,1.739000,119.000,19.790000,1.388000,124.630701,3619,323,0,119,245,2134,11,0
15.198157,14.368000,119.000,19.790000,1.388000,124.631197,3619,323,0,119,245,2134,11,0
15.199845,1.688000,119.000,19.790000,1.388000,124.631678,3619,323,0,120,245,2134,11,0
15.215641,15.796000,119.000,19.790000,1.388000,124.632090,3619,323,0,120,245,2134,11,0
15.218173,2.532000,119.000,19.790000,1.388000,124.628160,3617,323,0,117,240,2124,11,0
15.231622,13.449000,119.000,19.790000,1.388000,124.499796,3564,283,0,117,240,2124,11,0
15.233360,1.738000,119.000,19.790000,1.388000,124.468111,3514,283,0,108,220,2084,11,0
15.248015,14.655000,119.000,19.790000,1.388000,124.461599,3514,283,0,108,220,2084,11,0
15.249674,1.659000,119.000,19.790000,1.388000,124.462080,3514,283,0,107,220,2084,11,0
15.264973,15.299000,119.000,19.790000,1.388000,124.462561,3514,283,0,107,220,2084,11,0
15.266578,1.605000,119.000,19.790000,1.388000,124.463041,3514,283,0,107,220,2084,11,0
15.281641,15.063000,119.000,19.790000,1.388000,124.463461,3514,283,0,107,220,2084,11,0
15.283412,1.771000,119.000,19.790000,1.388000,124.463942,3514,283,0,107,220,2084,11,0
15.298345,14.933000,119.000,19.790000,1.388000,124.466024,3517,283,0,107,220,2084,11,0
15.300158,1.813000,119.000,19.790000,1.388000,124.472509,3527,283,0,108,220,2084,11,0
15.314829,14.671000,119.000,19.790000,1.388000,124.473028,3527,283,0,108,220,2084,11,0
15.316565,1.736000,119.000,19.790000,1.388000,124.473509,3527,283,0,107,220,2084,11,0
15.332532,15.967000,119.000,19.790000,1.388000,124.475592,3530,283,0,107,220,2084,11,0
15.337082,4.550000,119.000,19.790000,1.388000,124.476072,3530,283,0,108,220,2084,11,0
15.348409,11.327000,119.000,19.790000,1.388000,124.476576,3530,283,0,108,220,2084,11,0
15.350680,2.271000,119.000,19.790000,1.388000,124.477057,3530,283,0,107,220,2084,11,0
15.364463,13.783000,119.000,19.790000,1.388000,124.597151,3587,293,0,161,310,2264,11,0
15.366368,1.905000,119.000,19.790000,1.388000,124.597631,3587,293,0,161,310,2264,11,0
15.381517,15.149000,119.000,19.790000,1.388000,124.588366,3587,293,0,141,286,2216,11,0
15.383468,1.951000,119.000,19.790000,1.388000,124.588846,3587,293,0,141,286,2216,11,0
15.398043,14.575000,119.000,19.790000,1.388000,124.600634,3588,294,0,155,302,2248,11,0
15.400023,1.980000,119.000,19.790000,1.388000,124.584543,3558,294,0,155,302,2248,11,0
15.414625,14.602000,119.000,19.790000,1.388000,124.580160,3558,294,0,145,292,2228,11,0
15.416667,2.042000,119.000,19.790000,1.388000,124.580641,3558,294,0,145,292,2228,11,0
15.431340,14.673000,119.000,19.790000,1.388000,124.582788,3561,294,0,145,292,2228,11,0
15.433485,2.145000,119.000,19.790000,1.388000,124.583223,3561,294,0,145,292,2228,11,0
15.453183,19.698000,119.000,19.790000,1.388000,124.585356,3564,294,0,145,292,2228,11,0
15.455511,2.328000,119.000,19.790000,1.388000,124.585836,3564,294,0,145,292,2228,11,0
15.457748,2.237000,119.000,19.790000,1.388000,124.586317,3564,294,0,145,292,2228,11,0
15.472573,14.825000,119.000,19.790000,1.388000,124.586798,3564,294,0,145,292,2228,11,0
15.481270,8.697000,119.000,19.790000,1.388000,124.588194,3564,294,0,145,292,2228,11,1
15.483311,2.041000,119.000,19.790000,1.388000,124.588629,3564,294,0,145,292,2228,11,1
15.497965,14.654000,119.000,19.790000,1.388000,124.586267,3566,293,0,145,292,2228,11,0
15.500011,2.046000,119.000,19.790000,1.388000,124.583437,3561,293,0,143,260,2164,11,0
15.514507,14.496000,119.000,19.790000,1.388000,124.581160,3562,293,0,143,260,2164,11,0
15.516395,1.888000,119.000,19.790000,1.388000,124.581640,3562,293,0,143,260,2164,11,0
15.531335,14.940000,119.000,19.790000,1.388000,124.555025,3559,293,0,143,260,2164,11,0
15.533176,1.841000,119.000,19.790000,1.388000,124.555506,3559,293,0,141,256,2156,11,0
15.547855,14.679000,119.000,19.790000,1.388000,124.550596,3557,291,0,140,255,2154,11,0
15.549682,1.827000,119.000,19.790000,1.388000,124.548697,3553,291,0,141,255,2154,11,0
15.564723,15.041000,119.000,19.790000,1.388000,124.543177,3553,291,0,141,255,2154,11,0
15.566564,1.841000,119.000,19.790000,1.388000,124.543657,3553,291,0,141,255,2154,11,0
15.581396,14.832000,119.000,19.790000,1.388000,124.543993,3553,291,0,141,255,2154,11,0
15.583291,1.895000,119.000,19.790000,1.388000,124.541025,3547,291,0,138,255,2154,11,0
15.598064,14.773000,119.000,19.790000,1.388000,124.559374,3563,295,0,137,254,2152,11,0
15.599990,1.926000,119.000,19.790000,1.388000,124.560278,3563,295,0,141,256,2156,11,0
15.614479,14.489000,119.000,19.790000,1.388000,124.560652,3563,295,0,139,254,2152,11,0
15.616677,2.198000,119.000,19.790000,1.388000,124.561132,3563,295,0,139,253,2150,11,0
15.631578,14.901000,119.000,19.790000,1.388000,124.551165,3559,291,0,139,253,2150,11,0
15.633343,1.765000,119.000,19.790000,1.388000,124.547297,3552,291,0,138,253,2150,11,0
15.648303,14.960000,119.000,19.790000,1.388000,124.549452,3555,291,0,136,251,2146,11,0
15.650852,2.549000,119.000,19.790000,1.388000,124.549849,3555,291,0,136,250,2144,11,0
15.664703,13.851000,119.000,19.790000,1.388000,124.533075,3543,286,0,134,248,2140,11,0
15.666500,1.797000,118.000,19.613000,1.352000,124.527239,3533,286,0,132,248,2140,11,0
15.681453,14.953000,118.000,19.613000,1.352000,124.526014,3530,286,0,132,248,2140,11,0
15.684578,3.125000,118.000,19.613000,1.352000,124.542852,3532,286,0,146,263,2170,11,0
15.698045,13.467000,118.000,19.613000,1.352000,124.544977,3535,286,0,136,253,2150,11,0
15.699826,1.781000,118.000,19.613000,1.352000,124.540594,3535,286,0,136,253,2150,11,0
15.714574,14.748000,118.000,19.613000,1.352000,124.541086,3535,286,0,136,253,2150,11,0
15.716583,2.009000,118.000,19.613000,1.352000,124.541567,3535,286,0,135,253,2150,11,0
15.731519,14.936000,118.000,19.613000,1.352000,124.542032,3535,286,0,135,253,2150,11,0
15.733357,1.838000,118.000,19.613000,1.352000,124.542513,3535,286,0,136,253,2150,11,0
15.748360,15.003000,118.000,19.613000,1.352000,124.541368,3532,286,0,136,253,2150,11,0
15.752126,3.766000,118.000,19.613000,1.352000,124.541803,3532,286,0,134,252,2148,11,0
15.764497,12.371000,118.000,19.613000,1.352000,124.531832,3527,283,0,134,252,2148,11,0
15.766253,1.756000,118.000,19.613000,1.352000,124.528620,3521,283,0,135,252,2148,11,0
15.781665,15.412000,118.000,19.613000,1.352000,124.529085,3521,283,0,135,252,2148,11,0
15.783440,1.775000,118.000,19.613000,1.352000,124.529566,3521,283,0,135,252,2148,11,0
15.798179,14.739000,118.000,19.613000,1.352000,124.545019,3528,287,0,135,252,2148,11,0
15.800039,1.860000,118.000,19.613000,1.352000,124.546186,3528,287,0,136,254,2152,11,0
15.814633,14.594000,118.000,19.613000,1.352000,124.546648,3528,287,0,136,254,2152,11,0
15.816400,1.767000,118.000,19.613000,1.352000,124.547129,3528,287,0,137,254,2152,11,0
15.831409,15.009000,118.000,19.613000,1.352000,124.547491,3528,287,0,135,249,2142,11,0
15.833280,1.871000,118.000,19.613000,1.352000,124.543562,3526,287,0,134,249,2142,11,0
15.847807,14.527000,118.000,19.613000,1.352000,124.543982,3526,287,0,134,249,2142,11,0
15.849548,1.741000,118.000,19.613000,1.352000,124.537458,3526,287,0,135,249,2142,11,0
15.864656,15.108000,118.000,19.613000,1.352000,124.537966,3526,287,0,135,249,2142,11,0
15.866456,1.800000,118.000,19.613000,1.352000,124.538446,3526,287,0,134,249,2142,11,0
15.881381,14.925000,118.000,19.613000,1.352000,124.537271,3523,287,0,134,249,2142,11,0
15.883126,1.745000,118.000,19.613000,1.352000,124.537752,3523,287,0,132,249,2142,11,0
15.898236,15.110000,118.000,19.613000,1.352000,124.538248,3523,287,0,132,249,2142,11,0
15.900215,1.979000,118.000,19.613000,1.352000,124.538729,3523,287,0,135,249,2142,11,0
15.914476,14.261000,118.000,19.613000,1.352000,124.545214,3533,287,0,135,249,2142,11,0
15.916355,1.879000,118.000,19.613000,1.352000,124.545694,3533,287,0,133,249,2142,11,0
15.931407,15.052000,118.000,19.613000,1.352000,124.544535,3530,287,0,133,249,2142,11,0
15.933213,1.806000,118.000,19.613000,1.352000,124.545015,3530,287,0,133,249,2142,11,0
15.948309,15.096000,118.000,19.613000,1.352000,124.545496,3530,287,0,133,249,2142,11,0
15.950098,1.789000,118.000,19.613000,1.352000,124.545977,3530,287,0,135,249,2142,11,0
15.964891,14.793000,118.000,19.613000,1.352000,124.546457,3530,287,0,135,249,2142,11,0
15.973967,9.076000,118.000,19.613000,1.352000,124.629335,3577,296,0,161,306,2256,11,0
15.989676,15.709000,118.000,19.613000,1.352000,124.629770,3577,296,0,117,256,2156,11,0
15.998247,8.571000,118.000,19.613000,1.352000,124.610498,3580,296,0,117,256,2156,11,0
16.000827,2.580000,118.000,19.613000,1.352000,124.618982,3580,296,0,130,271,2186,11,0
16.014518,13.691000,118.000,19.613000,1.352000,124.605654,3555,296,0,130,271,2186,11,0
16.016483,1.965000,118.000,19.613000,1.352000,124.600298,3555,296,0,118,259,2162,11,0
16.031552,15.069000,118.000,19.613000,1.352000,124.602430,3558,296,0,118,259,2162,11,0
16.033734,2.182000,118.000,19.613000,1.352000,124.602911,3558,296,0,118,259,2162,11,0
16.047965,14.231000,118.000,19.613000,1.352000,124.603392,3558,296,0,118,259,2162,11,0
16.049891,1.926000,118.000,19.613000,1.352000,124.603872,3558,296,0,118,259,2162,11,0
16.064650,14.759000,118.000,19.613000,1.352000,124.604353,3558,296,0,118,259,2162,11,0
16.066795,2.145000,118.000,19.613000,1.352000,124.604788,3558,296,0,118,259,2162,11,0
16.081832,15.037000,118.000,19.613000,1.352000,124.605268,3558,296,0,118,259,2162,11,0
16.084426,2.594000,118.000,19.613000,1.352000,124.605749,3558,296,0,118,259,2162,11,0
16.098471,14.045000,118.000,19.613000,1.352000,124.606230,3558,296,0,118,259,2162,11,0
16.100719,2.248000,118.000,19.613000,1.352000,124.604208,3554,296,0,118,259,2162,11,0
16.114796,14.077000,118.000,19.613000,1.352000,124.604635,3554,296,0,116,234,2112,11,0
16.122419,7.623000,118.000,19.613000,1.352000,124.600706,3552,296,0,116,234,2112,11,0
16.125072,2.653000,118.000,19.613000,1.352000,124.602854,3555,296,0,116,234,2112,11,0
16.139014,13.942000,118.000,19.613000,1.352000,124.583487,3555,296,0,116,234,2112,11,0
16.148466,9.452000,118.000,19.613000,1.352000,124.585604,3558,296,0,114,229,2102,11,0
16.151050,2.584000,118.000,19.613000,1.352000,124.586084,3558,296,0,113,229,2102,11,0
16.165068,14.018000,118.000,19.613000,1.352000,124.579241,3558,296,0,113,229,2102,11,0
16.167215,2.147000,118.000,19.613000,1.352000,124.579721,3558,296,0,114,229,2102,11,0
16.181646,14.431000,118.000,19.613000,1.352000,124.582178,3561,296,0,114,229,2102,11,0
16.184040,2.394000,118.000,19.613000,1.352000,124.576952,3552,296,0,115,229,2102,11,0
16.198114,14.074000,118.000,19.613000,1.352000,124.573854,3546,296,0,115,229,2102,11,0
16.202465,4.351000,118.000,19.613000,1.352000,124.574335,3546,296,0,112,228,2100,11,0
16.215277,12.812000,118.000,19.613000,1.352000,124.576494,3549,296,0,112,228,2100,11,0
16.217395,2.118000,118.000,19.613000,1.352000,124.575335,3546,296,0,112,226,2096,11,0
16.231722,14.327000,118.000,19.613000,1.352000,124.758307,3666,344,0,112,226,2096,11,0
16.233873,2.151000,118.000,19.613000,1.352000,124.757128,3662,340,0,121,249,2142,11,0
16.248077,14.204000,118.000,19.613000,1.352000,124.753210,3655,340,0,121,249,2142,11,0
16.250553,2.476000,118.000,19.613000,1.352000,124.753691,3655,340,0,120,247,2138,11,0
16.264798,14.245000,118.000,19.613000,1.352000,124.754110,3655,340,0,119,246,2136,11,0
16.266548,1.750000,118.000,19.613000,1.352000,124.752722,3652,340,0,118,245,2134,11,0
16.281502,14.954000,118.000,19.613000,1.352000,124.741117,3649,335,0,118,245,2134,11,0
16.283479,1.977000,118.000,19.613000,1.352000,124.735334,3639,335,0,118,245,2134,11,0
16.298128,14.649000,118.000,19.613000,1.352000,124.749754,3641,335,0,129,257,2158,11,0
16.300546,2.418000,118.000,19.613000,1.352000,124.750235,3641,335,0,129,257,2158,11,0
16.314634,14.088000,118.000,19.613000,1.352000,124.744928,3641,335,0,119,247,2138,11,0
16.316466,1.832000,118.000,19.613000,1.352000,124.745409,3641,335,0,119,247,2138,11,0
16.331615,15.149000,118.000,19.613000,1.352000,124.745890,3641,335,0,119,247,2138,11,0
16.333439,1.824000,118.000,19.613000,1.352000,124.746370,3641,335,0,118,247,2138,11,0
16.348434,14.995000,118.000,19.613000,1.352000,124.748518,3644,335,0,118,247,2138,11,0
16.350592,2.158000,118.000,19.613000,1.352000,124.748999,3644,335,0,119,247,2138,11,0
16.364737,14.145000,118.000,19.613000,1.352000,124.747824,3641,335,0,119,247,2138,11,0
16.366641,1.904000,118.000,19.613000,1.352000,124.756037,3651,336,0,118,247,2138,11,0
16.381358,14.717000,118.000,19.613000,1.352000,124.753008,3645,336,0,119,248,2140,11,0
16.383184,1.826000,118.000,19.613000,1.352000,124.753489,3645,336,0,119,248,2140,11,0
16.398109,14.925000,118.000,19.613000,1.352000,124.755583,3648,336,0,119,248,2140,11,0
16.400403,2.294000,118.000,19.613000,1.352000,124.756063,3648,336,0,120,248,2140,11,0
16.414634,14.231000,118.000,19.613000,1.352000,124.756571,3648,336,0,120,248,2140,11,0
16.416379,1.745000,118.000,19.613000,1.352000,124.757051,3648,336,0,119,248,2140,11,0
16.431393,15.014000,118.000,19.613000,1.352000,124.757448,3648,336,0,119,248,2140,11,0
16.433535,2.142000,118.000,19.613000,1.352000,124.753519,3646,336,0,118,244,2132,11,0
16.448055,14.520000,118.000,19.613000,1.352000,124.754034,3646,336,0,118,244,2132,11,0
16.449948,1.893000,118.000,19.613000,1.352000,124.753542,3646,336,0,115,242,2128,11,0
16.464861,14.913000,118.000,19.613000,1.352000,124.748384,3646,336,0,115,242,2128,11,0
16.466545,1.684000,118.000,19.613000,1.352000,124.748865,3646,336,0,115,242,2128,11,0
16.481593,15.048000,118.000,19.613000,1.352000,124.749346,3646,336,0,115,242,2128,11,0
16.483336,1.743000,118.000,19.613000,1.352000,124.749826,3646,336,0,114,242,2128,11,0
16.499323,15.987000,118.000,19.613000,1.352000,124.748713,3643,336,0,114,242,2128,11,0
16.501604,2.281000,118.000,19.613000,1.352000,124.749193,3643,336,0,115,242,2128,11,0
16.514814,13.210000,118.000,19.613000,1.352000,124.748003,3640,336,0,115,242,2128,11,0
16.516737,1.923000,118.000,19.613000,1.352000,124.754488,3650,336,0,115,242,2128,11,0
16.531606,14.869000,118.000,19.613000,1.352000,124.754984,3650,336,0,115,242,2128,11,0
16.533669,2.063000,118.000,19.613000,1.352000,124.755465,3650,336,0,116,242,2128,11,0
16.548307,14.638000,118.000,19.613000,1.352000,124.755960,3650,336,0,116,242,2128,11,0
16.550664,2.357000,118.000,19.613000,1.352000,124.756441,3650,336,0,114,241,2126,11,0
16.565053,14.389000,118.000,19.613000,1.352000,124.756960,3650,336,0,114,241,2126,11,0
16.566888,1.835000,118.000,19.613000,1.352000,124.757441,3650,336,0,115,241,2126,11,0
16.576719,9.831000,118.000,19.613000,1.352000,124.837603,3689,345,0,157,301,2246,11,1
16.589221,12.502000,118.000,19.613000,1.352000,124.838083,3689,345,0,157,301,2246,11,1
16.593170,3.949000,118.000,19.613000,1.352000,124.831419,3695,344,0,141,279,2202,11,0
16.605882,12.712000,118.000,19.613000,1.352000,124.828596,3690,344,0,142,279,2202,11,0
16.614527,8.645000,118.000,19.613000,1.352000,124.837240,3690,344,0,154,294,2232,11,0
16.616600,2.073000,118.000,19.613000,1.352000,124.819048,3665,344,0,144,284,2212,11,0
16.631391,14.791000,118.000,19.613000,1.352000,124.817808,3662,344,0,144,284,2212,11,0
16.633443,2.052000,118.000,19.613000,1.352000,124.818289,3662,344,0,144,284,2212,11,0
16.647879,14.436000,118.000,19.613000,1.352000,124.818769,3662,344,0,144,284,2212,11,0
16.649899,2.020000,118.000,19.613000,1.352000,124.819250,3662,344,0,144,284,2212,11,0
16.664644,14.745000,118.000,19.613000,1.352000,124.819731,3662,344,0,144,284,2212,11,0
16.666707,2.063000,119.000,15.291000,1.352000,124.820211,3662,344,0,144,284,2212,11,0
16.681306,14.599000,119.000,15.291000,1.352000,124.819052,3659,344,0,144,284,2212,11,0
16.683664,2.358000,119.000,15.291000,1.352000,124.819532,3659,344,0,144,284,2212,11,0
16.698048,14.384000,119.000,15.291000,1.352000,124.821665,3662,344,0,144,284,2212,11,0
16.700000,1.952000,119.000,15.291000,1.352000,124.822145,3662,344,0,144,284,2212,11,0
16.714613,14.613000,119.000,15.291000,1.352000,124.820124,3658,344,0,144,284,2212,11,0
16.716476,1.863000,119.000,15.291000,1.352000,124.820551,3658,344,0,142,268,2180,11,0
16.731343,14.867000,119.000,15.291000,1.352000,124.818289,3659,344,0,141,267,2178,11,0
16.733202,1.859000,119.000,15.291000,1.352000,124.818769,3659,344,0,141,267,2178,11,0
16.748187,14.985000,119.000,15.291000,1.352000,124.802702,3654,344,0,141,267,2178,11,0
16.750217,2.030000,119.000,15.291000,1.352000,124.803183,3654,344,0,139,262,2168,11,0
16.764665,14.448000,119.000,15.291000,1.352000,124.803679,3654,344,0,138,261,2166,11,0
16.766577,1.912000,119.000,15.291000,1.352000,124.804159,3654,344,0,138,261,2166,11,0
16.781442,14.865000,119.000,15.291000,1.352000,124.797197,3654,344,0,138,261,2166,11,0
16.783633,2.191000,119.000,15.291000,1.352000,124.797678,3654,344,0,136,261,2166,11,0
16.798421,14.788000,119.000,15.291000,1.352000,124.798105,3654,344,0,136,261,2166,11,0
16.800950,2.529000,119.000,15.291000,1.352000,124.795084,3648,344,0,137,261,2166,11,0
16.815057,14.107000,119.000,15.291000,1.352000,124.795504,3648,344,0,136,260,2164,11,0
16.816833,1.776000,119.000,15.291000,1.352000,124.795984,3648,344,0,137,260,2164,11,0
16.831320,14.487000,119.000,15.291000,1.352000,124.798109,3651,344,0,135,258,2160,11,0
16.833105,1.785000,119.000,15.291000,1.352000,124.798544,3651,344,0,134,257,2158,11,0
16.848698,15.593000,119.000,15.291000,1.352000,124.790247,3650,340,0,134,257,2158,11,0
16.855882,7.184000,119.000,15.291000,1.352000,124.786379,3643,340,0,132,256,2156,11,0
16.858967,3.085000,119.000,15.291000,1.352000,124.776388,3638,337,0,130,254,2152,11,0
16.872601,13.634000,119.000,15.291000,1.352000,124.773092,3632,337,0,129,253,2150,11,0
16.881225,8.624000,119.000,15.291000,1.352000,124.757994,3623,332,0,128,252,2148,11,0
16.883083,1.858000,119.000,15.291000,1.352000,124.752157,3613,332,0,127,252,2148,11,0
16.898412,15.329000,119.000,15.291000,1.352000,124.767805,3623,336,0,127,252,2148,11,0
16.902234,3.822000,119.000,15.291000,1.352000,124.780588,3625,336,0,138,263,2170,11,0
16.914768,12.534000,119.000,15.291000,1.352000,124.782682,3628,336,0,138,263,2170,11,0
16.916646,1.878000,119.000,15.291000,1.352000,124.779272,3628,336,0,129,255,2154,11,0
16.931787,15.141000,119.000,15.291000,1.352000,124.778135,3625,336,0,129,255,2154,11,0
16.933745,1.958000,119.000,15.291000,1.352000,124.778616,3625,336,0,130,255,2154,11,0
16.948286,14.541000,119.000,15.291000,1.352000,124.779081,3625,336,0,130,255,2154,11,0
16.950701,2.415000,119.000,15.291000,1.352000,124.779562,3625,336,0,128,255,2154,11,0
16.965066,14.365000,119.000,15.291000,1.352000,124.780035,3625,336,0,128,255,2154,11,0
16.966880,1.814000,119.000,15.291000,1.352000,124.780516,3625,336,0,129,255,2154,11,0
16.981483,14.603000,119.000,15.291000,1.352000,124.780973,3625,336,0,129,255,2154,11,0
16.983476,1.993000,119.000,15.291000,1.352000,124.781454,3625,336,0,129,255,2154,11,0
16.998258,14.782000,119.000,15.291000,1.352000,124.781919,3625,336,0,129,255,2154,11,0
17.000717,2.459000,119.000,15.291000,1.352000,124.782400,3625,336,0,128,255,2154,11,0
17.014958,14.241000,119.000,15.291000,1.352000,124.784086,3625,336,0,128,255,2154,11,2
17.016800,1.842000,119.000,15.291000,1.352000,124.784567,3625,336,0,129,255,2154,11,2
17.031492,14.692000,119.000,15.291000,1.352000,124.785585,3625,336,0,129,255,2154,11,2
17.033789,2.297000,119.000,15.291000,1.352000,124.786066,3625,336,0,129,255,2154,11,2
17.048200,14.411000,119.000,15.291000,1.352000,124.789331,3640,334,0,127,252,2148,11,0
17.050465,2.265000,119.000,15.291000,1.352000,124.778864,3628,334,0,130,252,2148,11,0
17.064797,14.332000,119.000,15.291000,1.352000,124.777719,3625,334,0,130,252,2148,11,0
17.067098,2.301000,119.000,15.291000,1.352000,124.773943,3625,334,0,129,252,2148,11,0
17.079672,12.574000,119.000,15.291000,1.352000,124.772745,3622,334,0,129,252,2148,11,0
17.089157,9.485000,119.000,15.291000,1.352000,124.773226,3622,334,0,130,252,2148,11,0
17.092622,3.465000,119.000,15.291000,1.352000,124.775396,3625,334,0,130,252,2148,11,0
17.105820,13.198000,119.000,15.291000,1.352000,124.775877,3625,334,0,128,252,2148,11,0
17.114688,8.868000,119.000,15.291000,1.352000,124.776293,3625,334,0,128,252,2148,11,0
17.116436,1.748000,119.000,15.291000,1.352000,124.776773,3625,334,0,130,252,2148,11,0
17.131321,14.885000,119.000,15.291000,1.352000,124.783243,3635,334,0,130,252,2148,11,0
17.133210,1.889000,119.000,15.291000,1.352000,124.783724,3635,334,0,129,252,2148,11,0
17.148204,14.994000,119.000,15.291000,1.352000,124.782534,3632,334,0,129,252,2148,11,0
17.150555,2.351000,119.000,15.291000,1.352000,124.783014,3632,334,0,130,252,2148,11,0
17.164913,14.358000,119.000,15.291000,1.352000,124.783480,3632,334,0,130,252,2148,11,0
17.166577,1.664000,119.000,15.291000,1.352000,124.783960,3632,334,0,129,252,2148,11,0
17.181919,15.342000,119.000,15.291000,1.352000,124.784426,3632,334,0,129,252,2148,11,0
17.194537,12.618000,119.000,15.291000,1.352000,124.875303,3679,343,0,175,326,2296,11,0
17.206625,12.088000,119.000,15.291000,1.352000,124.874098,3676,343,0,143,290,2224,11,0
17.214523,7.898000,119.000,15.291000,1.352000,124.859015,3676,343,0,141,288,2220,11,0
17.217357,2.834000,119.000,15.291000,1.352000,124.866056,3676,343,0,151,300,2244,11,0
17.231457,14.100000,119.000,15.291000,1.352000,124.855490,3656,343,0,151,300,2244,11,0
17.233518,2.061000,119.000,15.291000,1.352000,124.851107,3656,343,0,141,290,2224,11,0
17.247978,14.460000,119.000,15.291000,1.352000,124.851587,3656,343,0,141,290,2224,11,0
17.250390,2.412000,119.000,15.291000,1.352000,124.852068,3656,343,0,141,290,2224,11,0
17.265002,14.612000,119.000,15.291000,1.352000,124.852503,3656,343,0,141,290,2224,11,0
17.267097,2.095000,119.000,15.291000,1.352000,124.852983,3656,343,0,141,290,2224,11,0
17.281320,14.223000,119.000,15.291000,1.352000,124.851824,3653,343,0,141,290,2224,11,0
17.283304,1.984000,119.000,15.291000,1.352000,124.852259,3653,343,0,141,290,2224,11,0
17.297881,14.577000,119.000,15.291000,1.352000,124.852739,3653,343,0,141,290,2224,11,0
17.299869,1.988000,119.000,15.291000,1.352000,124.853220,3653,343,0,139,288,2220,11,0
17.314569,14.700000,119.000,15.291000,1.352000,124.832758,3643,337,0,139,288,2220,11,0
17.316507,1.938000,119.000,15.291000,1.352000,124.823351,3627,337,0,139,288,2220,11,0
17.331413,14.906000,119.000,15.291000,1.352000,124.822191,3624,337,0,137,264,2172,11,0
17.333647,2.234000,119.000,15.291000,1.352000,124.822672,3624,337,0,137,264,2172,11,0
17.347789,14.142000,119.000,15.291000,1.352000,124.823099,3624,337,0,137,264,2172,11,0
17.349663,1.874000,119.000,15.291000,1.352000,124.799360,3622,337,0,137,264,2172,11,0
17.364992,15.329000,119.000,15.291000,1.352000,124.801558,3625,337,0,135,260,2164,11,0
17.366826,1.834000,119.000,15.291000,1.352000,124.802038,3625,337,0,135,260,2164,11,0
17.382645,15.819000,119.000,15.291000,1.352000,124.796507,3625,337,0,135,260,2164,11,0
17.384578,1.933000,119.000,15.291000,1.352000,124.796988,3625,337,0,136,260,2164,11,0
17.398183,13.605000,119.000,15.291000,1.352000,124.799166,3628,337,0,136,260,2164,11,0
17.400048,1.865000,119.000,15.291000,1.352000,124.799555,3628,337,0,136,260,2164,11,0
17.414820,14.772000,119.000,15.291000,1.352000,124.796526,3622,337,0,136,260,2164,11,0
17.416713,1.893000,119.000,15.291000,1.352000,124.796961,3622,337,0,135,259,2162,11,0
17.431481,14.768000,119.000,15.291000,1.352000,124.799105,3625,337,0,135,259,2162,11,0
17.433343,1.862000,119.000,15.291000,1.352000,124.799585,3625,337,0,132,257,2158,11,0
17.448656,15.313000,119.000,15.291000,1.352000,124.800058,3625,337,0,131,256,2156,11,0
17.450888,2.232000,119.000,15.291000,1.352000,124.790136,3621,333,0,132,256,2156,11,0
17.464863,13.975000,119.000,15.291000,1.352000,124.786222,3614,333,0,132,256,2156,11,0
17.466765,1.902000,119.000,15.291000,1.352000,124.786703,3614,333,0,129,254,2152,11,0
17.481377,14.612000,119.000,15.291000,1.352000,124.787100,3614,333,0,128,253,2150,11,0
17.483307,1.930000,119.000,15.291000,1.352000,124.772047,3605,328,0,128,252,2148,11,0
17.498225,14.918000,119.000,15.291000,1.352000,124.766165,3595,328,0,128,252,2148,11,0
17.500737,2.512000,119.000,15.291000,1.352000,124.766645,3595,328,0,127,252,2148,11,0
17.514853,14.116000,119.000,15.291000,1.352000,124.776457,3597,328,0,133,258,2160,11,0
17.516751,1.898000,119.000,15.291000,1.352000,124.776937,3597,328,0,128,252,2148,11,0
17.531338,14.587000,119.000,15.291000,1.352000,124.777819,3603,328,0,128,252,2148,11,0
17.533246,1.908000,119.000,15.291000,1.352000,124.778299,3603,328,0,128,252,2148,11,0
17.552710,19.464000,119.000,15.291000,1.352000,124.780413,3606,328,0,128,252,2148,11,0
17.555430,2.720000,119.000,15.291000,1.352000,124.780848,3606,328,0,127,252,2148,11,0
17.557809,2.379000,119.000,15.291000,1.352000,124.781298,3606,328,0,127,252,2148,11,0
17.572456,14.647000,119.000,15.291000,1.352000,124.781778,3606,328,0,126,252,2148,11,0
17.581335,8.879000,119.000,15.291000,1.352000,124.782244,3606,328,0,126,252,2148,11,0
17.583151,1.816000,119.000,15.291000,1.352000,124.782724,3606,328,0,128,252,2148,11,0
17.598075,14.924000,119.000,15.291000,1.352000,124.781580,3603,328,0,128,252,2148,11,0
17.600051,1.976000,119.000,15.291000,1.352000,124.782061,3603,328,0,126,252,2148,11,0
17.614802,14.751000,119.000,15.291000,1.352000,124.784189,3606,328,0,126,252,2148,11,0
17.616695,1.893000,119.000,15.291000,1.352000,124.784670,3606,328,0,128,252,2148,11,0
17.631619,14.924000,119.000,15.291000,1.352000,124.783472,3603,328,0,128,252,2148,11,0
17.633434,1.815000,119.000,15.291000,1.352000,124.783953,3603,328,0,128,252,2148,11,0
17.648268,14.834000,119.000,15.291000,1.352000,124.784395,3603,328,0,128,252,2148,11,0
17.650645,2.377000,119.000,15.291000,1.352000,124.780466,3601,328,0,125,250,2144,11,0
17.664906,14.261000,119.000,15.291000,1.352000,124.780954,3601,328,0,125,250,2144,11,0
17.666712,1.806000,119.000,19.064000,1.012000,124.781435,3601,328,0,126,250,2144,11,0
17.681601,14.889000,119.000,19.064000,1.012000,124.779856,3601,328,0,126,250,2144,11,1
17.683396,1.795000,119.000,19.064000,1.012000,124.780336,3601,328,0,125,250,2144,11,1
17.698164,14.768000,119.000,19.064000,1.012000,124.781469,3607,327,0,125,250,2144,11,0
17.700423,2.259000,119.000,19.064000,1.012000,124.778692,3602,327,0,127,250,2144,11,0
17.714752,14.329000,119.000,19.064000,1.012000,124.779142,3602,327,0,127,250,2144,11,0
17.716482,1.730000,119.000,19.064000,1.012000,124.779623,3602,327,0,127,250,2144,11,0
17.731364,14.882000,119.000,19.064000,1.012000,124.780134,3602,327,0,127,250,2144,11,0
17.733317,1.953000,119.000,19.064000,1.012000,124.786619,3612,327,0,127,250,2144,11,0
17.747993,14.676000,119.000,19.064000,1.012000,124.788733,3615,327,0,127,250,2144,11,0
17.749983,1.990000,119.000,19.064000,1.012000,124.789213,3615,327,0,126,250,2144,11,0
17.764918,14.935000,119.000,19.064000,1.012000,124.786390,3609,327,0,126,250,2144,11,0
17.767091,2.173000,119.000,19.064000,1.012000,124.786871,3609,327,0,126,250,2144,11,0
17.781379,14.288000,119.000,19.064000,1.012000,124.785742,3606,327,0,126,250,2144,11,0
17.783350,1.971000,119.000,19.064000,1.012000,124.786222,3606,327,0,126,250,2144,11,0
17.793073,9.723000,119.000,19.064000,1.012000,124.871435,3651,336,0,172,316,2276,11,0
17.805858,12.785000,119.000,19.064000,1.012000,124.871916,3651,336,0,136,274,2192,11,0
17.814561,8.703000,119.000,19.064000,1.012000,124.841635,3646,331,0,135,273,2190,11,0
17.816484,1.923000,119.000,19.064000,1.012000,124.836569,3636,331,0,135,273,2190,11,0
17.831350,14.866000,119.000,19.064000,1.012000,124.842093,3636,331,0,143,282,2208,11,0
17.833340,1.990000,119.000,19.064000,1.012000,124.830351,3621,331,0,135,274,2192,11,0
17.848071,14.731000,119.000,19.064000,1.012000,124.829145,3618,331,0,135,274,2192,11,0
17.855453,7.382000,119.000,19.064000,1.012000,124.829626,3618,331,0,134,273,2190,11,0
17.857790,2.337000,119.000,19.064000,1.012000,124.830107,3618,331,0,134,273,2190,11,0
17.872849,15.059000,119.000,19.064000,1.012000,124.830542,3618,331,0,134,273,2190,11,0
17.881476,8.627000,119.000,19.064000,1.012000,124.831022,3618,331,0,134,273,2190,11,0
17.884185,2.709000,119.000,19.064000,1.012000,124.831503,3618,331,0,134,273,2190,11,0
17.897918,13.733000,119.000,19.064000,1.012000,124.830343,3615,331,0,134,273,2190,11,0
17.899946,2.028000,119.000,19.064000,1.012000,124.830824,3615,331,0,134,273,2190,11,0
17.914567,14.621000,119.000,19.064000,1.012000,124.850794,3634,335,0,134,273,2190,11,0
17.916841,2.274000,119.000,19.064000,1.012000,124.851698,3634,335,0,136,275,2194,11,0
17.931536,14.695000,119.000,19.064000,1.012000,124.849611,3630,335,0,136,275,2194,11,0
17.933393,1.857000,119.000,19.064000,1.012000,124.845629,3628,335,0,134,257,2158,11,0
17.948093,14.700000,119.000,19.064000,1.012000,124.846109,3628,335,0,134,257,2158,11,0
17.949959,1.866000,119.000,19.064000,1.012000,124.836199,3623,332,0,133,256,2156,11,0
17.964654,14.695000,119.000,19.064000,1.012000,124.816572,3617,332,0,133,256,2156,11,0
17.966550,1.896000,119.000,19.064000,1.012000,124.817053,3617,332,0,130,253,2150,11,0
17.981484,14.934000,119.000,19.064000,1.012000,124.815832,3614,332,0,130,253,2150,11,0
17.983393,1.909000,119.000,19.064000,1.012000,124.816313,3614,332,0,132,253,2150,11,0
17.998004,14.611000,119.000,19.064000,1.012000,124.827410,3624,336,0,132,253,2150,11,0
17.999839,1.835000,119.000,19.064000,1.012000,124.828577,3624,336,0,132,255,2154,11,0
18.014670,14.831000,119.000,19.064000,1.012000,124.828985,3624,336,0,132,255,2154,11,0
18.016544,1.874000,119.000,19.064000,1.012000,124.825918,3618,336,0,133,255,2154,11,0
18.031540,14.996000,119.000,19.064000,1.012000,124.824759,3615,336,0,132,254,2152,11,0
18.033445,1.905000,119.000,19.064000,1.012000,124.825193,3615,336,0,130,254,2152,11,0
18.048234,14.789000,119.000,19.064000,1.012000,124.825674,3615,336,0,128,252,2148,11,0
18.050023,1.789000,119.000,19.064000,1.012000,124.815752,3611,332,0,129,251,2146,11,0
18.064689,14.666000,119.000,19.064000,1.012000,124.811838,3604,332,0,129,251,2146,11,0
18.067145,2.456000,119.000,19.064000,1.012000,124.812319,3604,332,0,128,250,2144,11,0
18.081602,14.457000,119.000,19.064000,1.012000,124.812799,3604,332,0,127,249,2142,11,0
18.083752,2.150000,119.000,19.064000,1.012000,124.813196,3604,332,0,126,248,2140,11,0
18.098863,15.111000,119.000,19.064000,1.012000,124.799757,3598,327,0,125,247,2138,11,0
18.101608,2.745000,119.000,19.064000,1.012000,124.793901,3588,327,0,125,247,2138,11,0
18.114111,12.503000,119.000,19.064000,1.012000,124.806009,3590,327,0,133,256,2156,11,0
18.116660,2.549000,119.000,19.064000,1.012000,124.808153,3593,327,0,133,256,2156,11,0
18.131019,14.359000,119.000,19.064000,1.012000,124.806643,3593,327,0,129,252,2148,11,0
18.133812,2.793000,119.000,19.064000,1.012000,124.807100,3593,327,0,129,252,2148,11,0
18.147496,13.684000,119.000,19.064000,1.012000,124.807581,3593,327,0,129,252,2148,11,0
18.153173,5.677000,119.000,19.064000,1.012000,124.808062,3593,327,0,129,252,2148,11,0
18.164145,10.972000,119.000,19.064000,1.012000,124.808542,3593,327,0,128,252,2148,11,0
18.166764,2.619000,119.000,19.064000,1.012000,124.809023,3593,327,0,128,252,2148,11,0
18.180880,14.116000,119.000,19.064000,1.012000,124.809504,3593,327,0,129,252,2148,11,0
18.183278,2.398000,119.000,19.064000,1.012000,124.809938,3593,327,0,129,252,2148,11,0
18.197861,14.583000,119.000,19.064000,1.012000,124.810419,3593,327,0,128,252,2148,11,0
18.202224,4.363000,119.000,19.064000,1.012000,124.810900,3593,327,0,128,252,2148,11,0
18.214201,11.977000,119.000,19.064000,1.012000,124.811380,3593,327,0,129,252,2148,11,0
18.217281,3.080000,119.000,19.064000,1.012000,124.813520,3596,327,0,129,252,2148,11,0
18.231598,14.317000,119.000,19.064000,1.012000,124.814001,3596,327,0,129,252,2148,11,0
18.236702,5.104000,119.000,19.064000,1.012000,124.816114,3599,327,0,129,252,2148,11,0
18.248129,11.427000,119.000,19.064000,1.012000,124.816595,3599,327,0,128,252,2148,11,0
18.253115,4.986000,119.000,19.064000,1.012000,124.817038,3599,327,0,127,249,2142,11,0
18.264312,11.197000,119.000,19.064000,1.012000,124.813108,3597,327,0,127,249,2142,11,0
18.267081,2.769000,119.000,19.064000,1.012000,124.813574,3597,327,0,127,249,2142,11,0
18.281715,14.634000,119.000,19.064000,1.012000,124.809797,3597,327,0,126,249,2142,11,0
18.299999,18.284000,119.000,19.064000,1.012000,124.810278,3597,327,0,126,249,2142,11,0
18.304065,4.066000,119.000,19.064000,1.012000,124.810759,3597,327,0,126,249,2142,11,0
18.307992,3.927000,119.000,19.064000,1.012000,124.812857,3600,327,0,126,249,2142,11,0
18.322531,14.539000,119.000,19.064000,1.012000,124.813391,3600,327,0,126,249,2142,11,0
18.333021,10.490000,119.000,19.064000,1.012000,124.813879,3600,327,0,126,249,2142,11,0
18.339269,6.248000,119.000,19.064000,1.012000,124.812719,3597,327,0,126,249,2142,11,0
18.341834,2.565000,119.000,19.064000,1.012000,124.819204,3607,327,0,126,249,2142,11,0
18.356598,14.764000,119.000,19.064000,1.012000,124.819685,3607,327,0,127,249,2142,11,0
18.367127,10.529000,119.000,19.064000,1.012000,124.820173,3607,327,0,127,249,2142,11,0
18.381461,14.334000,119.000,19.064000,1.012000,124.820654,3607,327,0,127,249,2142,11,0
18.385372,3.911000,119.000,19.064000,1.012000,124.821127,3607,327,0,127,249,2142,11,0
18.397984,12.612000,119.000,19.064000,1.012000,124.821608,3607,327,0,127,249,2142,11,0
18.402331,4.347000,119.000,19.064000,1.012000,124.822088,3607,327,0,127,249,2142,11,0
18.418082,15.751000,119.000,19.064000,1.012000,124.914694,3654,336,0,173,324,2292,11,0
18.431210,13.128000,119.000,19.064000,1.012000,124.915129,3654,336,0,173,324,2292,11,0
18.433181,1.971000,119.000,19.064000,1.012000,124.898054,3654,336,0,137,284,2212,11,0
18.448206,15.025000,119.000,19.064000,1.012000,124.898535,3654,336,0,137,284,2212,11,0
18.451262,3.056000,119.000,19.064000,1.012000,124.902250,3654,336,0,143,290,2224,11,0
18.464823,13.561000,119.000,19.064000,1.012000,124.900526,3650,336,0,143,290,2224,11,0
18.467331,2.508000,119.000,19.064000,1.012000,124.898142,3650,336,0,137,284,2212,11,0
18.481266,13.935000,119.000,19.064000,1.012000,124.896982,3647,336,0,137,284,2212,11,0
18.483243,1.977000,119.000,19.064000,1.012000,124.897463,3647,336,0,137,284,2212,11,0
18.497797,14.554000,119.000,19.064000,1.012000,124.896303,3644,336,0,137,284,2212,11,0
18.499768,1.971000,119.000,19.064000,1.012000,124.896784,3644,336,0,137,284,2212,11,0
18.514760,14.992000,119.000,19.064000,1.012000,124.898932,3647,336,0,137,284,2212,11,0
18.516890,2.130000,119.000,19.064000,1.012000,124.899366,3647,336,0,137,284,2212,11,0
18.531528,14.638000,119.000,19.064000,1.012000,124.899801,3647,336,0,137,284,2212,11,0
18.533802,2.274000,119.000,19.064000,1.012000,124.900282,3647,336,0,137,284,2212,11,0
18.553517,19.715000,119.000,19.064000,1.012000,124.900709,3647,336,0,137,284,2212,11,0
18.564277,10.760000,119.000,19.064000,1.012000,124.894278,3641,336,0,137,284,2212,11,0
18.567168,2.891000,119.000,19.064000,1.012000,124.893171,3638,336,0,135,257,2158,11,0
18.581419,14.251000,119.000,19.064000,1.012000,124.893652,3638,336,0,135,257,2158,11,0
18.586881,5.462000,119.000,19.064000,1.012000,124.894133,3638,336,0,135,257,2158,11,0
18.597774,10.893000,119.000,19.064000,1.012000,124.871183,3638,336,0,135,257,2158,11,0
18.601818,4.044000,119.000,19.064000,1.012000,124.871664,3638,336,0,133,255,2154,11,0
18.614212,12.394000,119.000,19.064000,1.012000,124.872145,3638,336,0,131,255,2154,11,0
18.616888,2.676000,119.000,19.064000,1.012000,124.871000,3635,336,0,131,255,2154,11,0
18.631184,14.296000,119.000,19.064000,1.012000,124.868521,3635,336,0,131,255,2154,11,0
18.636319,5.135000,119.000,19.064000,1.012000,124.870630,3638,336,0,131,255,2154,11,0
18.647893,11.574000,119.000,19.064000,1.012000,124.871019,3638,336,0,131,255,2154,11,0
18.652724,4.831000,119.000,19.064000,1.012000,124.867994,3632,336,0,131,255,2154,11,0
18.664345,11.621000,119.000,19.064000,1.012000,124.868475,3632,336,0,130,254,2152,11,0
18.666731,2.386000,116.000,17.566000,2.051000,124.868940,3632,336,0,130,254,2152,11,0
18.681195,14.464000,116.000,17.566000,2.051000,124.869421,3632,336,0,128,252,2148,11,0
18.684204,3.009000,116.000,17.566000,2.051000,124.859468,3628,332,0,127,251,2146,11,0
18.697393,13.189000,116.000,17.566000,2.051000,124.857500,3624,332,0,127,251,2146,11,0
18.699673,2.280000,116.000,17.566000,2.051000,124.849070,3609,332,0,126,250,2144,11,0
18.714449,14.776000,116.000,17.566000,2.051000,124.849550,3609,332,0,127,249,2142,11,0
18.719095,4.646000,116.000,17.566000,2.051000,124.849947,3609,332,0,126,248,2140,11,0
18.730888,11.793000,116.000,17.566000,2.051000,124.834894,3600,327,0,124,247,2138,11,0
18.734824,3.936000,116.000,17.566000,2.051000,124.829027,3590,327,0,124,247,2138,11,0
18.747879,13.055000,116.000,17.566000,2.051000,124.829508,3590,327,0,125,247,2138,11,0
18.753507,5.628000,116.000,17.566000,2.051000,124.837549,3589,327,0,130,253,2150,11,0
18.764423,10.916000,116.000,17.566000,2.051000,124.835112,3589,327,0,123,247,2138,11,0
18.769274,4.851000,116.000,17.566000,2.051000,124.835608,3589,327,0,123,247,2138,11,0
18.781534,12.260000,116.000,17.566000,2.051000,124.836088,3589,327,0,124,247,2138,11,0
18.787108,5.574000,116.000,17.566000,2.051000,124.836554,3589,327,0,124,247,2138,11,0
18.791563,4.455000,116.000,17.566000,2.051000,124.837034,3589,327,0,123,247,2138,11,0
18.807712,16.149000,116.000,17.566000,2.051000,124.838415,3589,327,0,123,247,2138,11,1
18.815080,7.368000,116.000,17.566000,2.051000,124.838896,3589,327,0,124,247,2138,11,1
18.819309,4.229000,116.000,17.566000,2.051000,124.841650,3598,326,0,124,247,2138,11,0
18.831046,11.737000,116.000,17.566000,2.051000,124.838873,3593,326,0,125,247,2138,11,0
18.834065,3.019000,116.000,17.566000,2.051000,124.839338,3593,326,0,125,247,2138,11,0
18.847866,13.801000,116.000,17.566000,2.051000,124.839819,3593,326,0,125,247,2138,11,0
18.852756,4.890000,116.000,17.566000,2.051000,124.841963,3596,326,0,125,247,2138,11,0
18.864866,12.110000,116.000,17.566000,2.051000,124.842443,3596,326,0,124,247,2138,11,0
18.873841,8.975000,116.000,17.566000,2.051000,124.841246,3593,326,0,124,247,2138,11,0
18.877114,3.273000,116.000,17.566000,2.051000,124.841726,3593,326,0,125,247,2138,11,0
18.890469,13.355000,116.000,17.566000,2.051000,124.842222,3593,326,0,125,247,2138,11,0
18.897868,7.399000,116.000,17.566000,2.051000,124.842649,3593,326,0,123,245,2134,11,0
18.902468,4.600000,116.000,17.566000,2.051000,124.838720,3591,326,0,123,245,2134,11,0
18.914206,11.738000,116.000,17.566000,2.051000,124.839201,3591,326,0,123,245,2134,11,0
18.918241,4.035000,116.000,17.566000,2.051000,124.836863,3591,326,0,123,245,2134,11,0
18.931622,13.381000,116.000,17.566000,2.051000,124.837343,3591,326,0,123,245,2134,11,0
18.936593,4.971000,116.000,17.566000,2.051000,124.837839,3591,326,0,123,245,2134,11,0
18.947741,11.148000,116.000,17.566000,2.051000,124.841532,3596,326,0,123,245,2134,11,0
18.955670,7.929000,116.000,17.566000,2.051000,124.841757,3596,326,0,123,245,2134,11,0
18.958449,2.779000,116.000,17.566000,2.051000,124.842192,3596,326,0,124,245,2134,11,0
18.974267,15.818000,116.000,17.566000,2.051000,124.850306,3609,326,0,124,245,2134,11,0
18.981313,7.046000,116.000,17.566000,2.051000,124.850786,3609,326,0,122,244,2132,11,0
18.984118,2.805000,116.000,17.566000,2.051000,124.851259,3609,326,0,122,244,2132,11,0
18.998198,14.080000,116.000,17.566000,2.051000,124.851740,3609,326,0,122,244,2132,11,0
19.003755,5.557000,116.000,17.566000,2.051000,124.852221,3609,326,0,122,244,2132,11,0
19.007439,3.684000,116.000,17.566000,2.051000,124.852701,3609,326,0,122,244,2132,11,0
19.024514,17.075000,116.000,17.566000,2.051000,124.853197,3609,326,0,122,244,2132,11,0
19.040679,16.165000,116.000,17.566000,2.051000,124.949606,3659,335,0,172,325,2294,11,0
19.047433,6.754000,116.000,17.566000,2.051000,124.950087,3659,335,0,172,325,2294,11,0
19.051527,4.094000,116.000,17.566000,2.051000,124.933058,3659,335,0,136,285,2214,11,0
19.064228,12.701000,116.000,17.566000,2.051000,124.931898,3656,335,0,136,285,2214,11,0
19.067802,3.574000,116.000,17.566000,2.051000,124.937574,3656,335,0,144,294,2232,11,0
19.080959,13.157000,116.000,17.566000,2.051000,124.930593,3641,335,0,144,294,2232,11,0
19.083703,2.744000,116.000,17.566000,2.051000,124.918703,3636,332,0,139,289,2222,11,0
19.097516,13.813000,116.000,17.566000,2.051000,124.915491,3630,332,0,139,289,2222,11,0
19.100484,2.968000,116.000,17.566000,2.051000,124.915972,3630,332,0,139,289,2222,11,0
19.114197,13.713000,116.000,17.566000,2.051000,124.916452,3630,332,0,139,289,2222,11,0
19.117281,3.084000,116.000,17.566000,2.051000,124.932085,3640,336,0,139,289,2222,11,0
19.131610,14.329000,116.000,17.566000,2.051000,125.047850,3754,360,0,139,290,2224,11,0
19.133939,2.329000,116.000,17.566000,2.051000,125.051054,3754,360,0,151,302,2248,11,0
19.149379,15.440000,116.000,17.566000,2.051000,125.051298,3754,360,0,151,302,2248,11,0
19.153773,4.394000,116.000,17.566000,2.051000,125.051779,3754,360,0,151,302,2248,11,0
19.157695,3.922000,116.000,17.566000,2.051000,125.051432,3753,360,0,151,302,2248,11,0
19.173315,15.620000,116.000,17.566000,2.051000,125.051912,3753,360,0,149,275,2194,11,0
19.181444,8.129000,116.000,17.566000,2.051000,125.052340,3753,360,0,149,275,2194,11,0
19.184245,2.801000,116.000,17.566000,2.051000,125.046770,3748,360,0,149,275,2194,11,0
19.199864,15.619000,116.000,17.566000,2.051000,125.024355,3748,360,0,149,275,2194,11,0
19.214544,14.680000,116.000,17.566000,2.051000,125.023195,3745,360,0,147,272,2188,11,0
19.219626,5.082000,116.000,17.566000,2.051000,125.025335,3748,360,0,147,272,2188,11,0
19.232433,12.807000,116.000,17.566000,2.051000,125.025816,3748,360,0,148,272,2188,11,0
19.236559,4.126000,116.000,17.566000,2.051000,125.021795,3748,360,0,146,272,2188,11,0
19.249902,13.343000,116.000,17.566000,2.051000,125.022131,3748,360,0,146,272,2188,11,0
19.255674,5.772000,116.000,17.566000,2.051000,125.019110,3742,360,0,147,272,2188,11,0
19.259154,3.480000,116.000,17.566000,2.051000,124.890707,3689,320,0,146,271,2186,11,0
19.272685,13.531000,116.000,17.566000,2.051000,124.859022,3639,320,0,136,251,2146,11,0
19.281198,8.513000,116.000,17.566000,2.051000,124.859472,3639,320,0,134,249,2142,11,0
19.283345,2.147000,116.000,17.566000,2.051000,124.849550,3635,316,0,134,248,2140,11,0
19.299168,15.823000,116.000,17.566000,2.051000,124.845667,3628,316,0,134,248,2140,11,0
19.303892,4.724000,116.000,17.566000,2.051000,124.846148,3628,316,0,131,246,2136,11,0
19.309951,6.059000,116.000,17.566000,2.051000,124.841768,3620,316,0,130,245,2134,11,0
19.322701,12.750000,116.000,17.566000,2.051000,124.842165,3620,316,0,130,244,2132,11,0
19.325603,2.902000,116.000,17.566000,2.051000,124.827097,3611,311,0,129,243,2130,11,0
19.339610,14.007000,116.000,17.566000,2.051000,124.821260,3601,311,0,128,243,2130,11,0
19.344056,4.446000,116.000,17.566000,2.051000,124.821680,3601,311,0,128,243,2130,11,0
19.349434,5.378000,116.000,17.566000,2.051000,124.833689,3603,311,0,136,252,2148,11,0
19.365039,15.605000,116.000,17.566000,2.051000,124.834169,3603,311,0,136,252,2148,11,0
19.367433,2.394000,116.000,17.566000,2.051000,124.832705,3603,311,0,132,248,2140,11,0
19.382787,15.354000,116.000,17.566000,2.051000,124.833200,3603,311,0,132,248,2140,11,0
19.385816,3.029000,116.000,17.566000,2.051000,124.833681,3603,311,0,132,248,2140,11,0
19.399500,13.684000,116.000,17.566000,2.051000,124.832521,3600,311,0,132,248,2140,11,0
19.416264,16.764000,116.000,17.566000,2.051000,124.832918,3600,311,0,132,248,2140,11,0
19.420025,3.761000,116.000,17.566000,2.051000,124.833399,3600,311,0,132,248,2140,11,0
19.425264,5.239000,116.000,17.566000,2.051000,124.833879,3600,311,0,132,248,2140,11,0
19.439298,14.034000,116.000,17.566000,2.051000,124.834360,3600,311,0,132,248,2140,11,0
19.443994,4.696000,116.000,17.566000,2.051000,124.833216,3597,311,0,132,248,2140,11,0
19.456751,12.757000,116.000,17.566000,2.051000,124.833696,3597,311,0,132,248,2140,11,0
19.464780,8.029000,116.000,17.566000,2.051000,124.834185,3597,311,0,132,248,2140,11,0
19.466810,2.030000,116.000,17.566000,2.051000,124.834620,3597,311,0,132,248,2140,11,0
19.482477,15.667000,116.000,17.566000,2.051000,124.835070,3597,311,0,132,248,2140,11,0
19.486014,3.537000,116.000,17.566000,2.051000,124.824560,3593,307,0,132,248,2140,11,0
19.498123,12.109000,116.000,17.566000,2.051000,124.821791,3587,307,0,131,245,2134,11,0
19.500761,2.638000,116.000,17.566000,2.051000,124.817862,3585,307,0,131,245,2134,11,0
19.515054,14.293000,116.000,17.566000,2.051000,124.820009,3588,307,0,131,245,2134,11,0
19.517204,2.150000,116.000,17.566000,2.051000,124.816324,3588,307,0,131,245,2134,11,0
19.531292,14.088000,116.000,17.566000,2.051000,124.816797,3588,307,0,131,245,2134,11,0
19.533122,1.830000,116.000,17.566000,2.051000,124.817278,3588,307,0,130,245,2134,11,0
19.549523,16.401000,116.000,17.566000,2.051000,124.821085,3594,307,0,130,245,2134,11,0
19.553040,3.517000,116.000,17.566000,2.051000,124.821619,3594,307,0,130,245,2134,11,0
19.565842,12.802000,116.000,17.566000,2.051000,124.822008,3594,307,0,130,245,2134,11,0
19.571328,5.486000,116.000,17.566000,2.051000,124.828493,3604,307,0,130,245,2134,11,0
19.574524,3.196000,116.000,17.566000,2.051000,124.829004,3604,307,0,130,245,2134,11,0
19.589287,14.763000,116.000,17.566000,2.051000,124.829485,3604,307,0,129,245,2134,11,0
19.594183,4.896000,116.000,17.566000,2.051000,124.829935,3604,307,0,129,245,2134,11,0
19.606221,12.038000,116.000,17.566000,2.051000,124.830416,3604,307,0,130,245,2134,11,0
19.615056,8.835000,116.000,17.566000,2.051000,124.842325,3622,307,0,130,245,2134,11,0
19.617028,1.972000,116.000,17.566000,2.051000,124.809114,3568,307,0,131,245,2134,11,0
19.628737,11.709000,116.000,17.566000,2.051000,124.899832,3615,316,0,173,316,2276,11,0
19.639402,10.665000,116.000,17.566000,2.051000,124.900312,3615,316,0,173,316,2276,11,0
19.648343,8.941000,116.000,17.566000,2.051000,124.883005,3618,316,0,133,270,2184,11,0
19.651149,2.806000,116.000,17.566000,2.051000,124.883486,3618,316,0,133,270,2184,11,0
19.664533,13.384000,116.000,17.566000,2.051000,124.885633,3621,316,0,133,270,2184,11,0
19.666811,2.278000,117.000,15.699000,2.026000,124.889643,3621,316,0,138,276,2196,11,0
19.681396,14.585000,117.000,15.699000,2.026000,124.884600,3611,316,0,132,270,2184,11,0
19.683351,1.955000,117.000,15.699000,2.026000,124.882025,3611,316,0,132,270,2184,11,0
19.699210,15.859000,117.000,15.699000,2.026000,124.882505,3611,316,0,132,270,2184,11,0
19.702745,3.535000,117.000,15.699000,2.026000,124.882940,3611,316,0,132,270,2184,11,0
19.715855,13.110000,117.000,15.699000,2.026000,124.885080,3614,316,0,132,270,2184,11,0
19.719372,3.517000,117.000,15.699000,2.026000,124.885561,3614,316,0,132,270,2184,11,0
19.732250,12.878000,117.000,15.699000,2.026000,124.887674,3617,316,0,132,270,2184,11,0
19.735013,2.763000,117.000,15.699000,2.026000,124.888109,3617,316,0,132,270,2184,11,0
19.749260,14.247000,117.000,15.699000,2.026000,124.886950,3614,316,0,132,270,2184,11,0
19.753085,3.825000,117.000,15.699000,2.026000,124.887384,3614,316,0,132,270,2184,11,0
19.765269,12.184000,117.000,15.699000,2.026000,124.885363,3610,316,0,132,270,2184,11,0
19.773325,8.056000,117.000,15.699000,2.026000,124.885790,3610,316,0,130,243,2130,11,0
19.790411,17.086000,117.000,15.699000,2.026000,124.905809,3640,317,0,130,243,2130,11,0
19.794731,4.320000,117.000,15.699000,2.026000,124.894892,3622,317,0,131,244,2132,11,0
19.808002,13.271000,117.000,15.699000,2.026000,124.871614,3622,317,0,131,244,2132,11,0
19.816065,8.063000,117.000,15.699000,2.026000,124.872095,3622,317,0,131,244,2132,11,0
19.832624,16.559000,117.000,15.699000,2.026000,124.872576,3622,317,0,130,242,2128,11,0
19.836627,4.003000,117.000,15.699000,2.026000,124.873056,3622,317,0,130,242,2128,11,0
19.847857,11.230000,117.000,15.699000,2.026000,124.870554,3622,317,0,130,242,2128,11,0
19.853096,5.239000,117.000,15.699000,2.026000,124.870955,3622,317,0,130,242,2128,11,0
19.864724,11.628000,117.000,15.699000,2.026000,124.867933,3616,317,0,129,242,2128,11,0
19.868850,4.126000,117.000,15.699000,2.026000,124.870047,3619,317,0,128,241,2126,11,0
19.880898,12.048000,117.000,15.699000,2.026000,124.870535,3619,317,0,128,241,2126,11,0
19.883538,2.640000,117.000,15.699000,2.026000,124.869398,3616,317,0,126,239,2122,11,0
19.897896,14.358000,117.000,15.699000,2.026000,124.869879,3616,317,0,124,238,2120,11,0
19.903995,6.099000,117.000,15.699000,2.026000,124.859156,3609,313,0,124,238,2120,11,1
19.907824,3.829000,117.000,15.699000,2.026000,124.855288,3602,313,0,124,237,2118,11,1
19.923425,15.601000,117.000,15.699000,2.026000,124.856649,3611,312,0,123,236,2116,11,0
19.931294,7.869000,117.000,15.699000,2.026000,124.853788,3606,312,0,123,235,2114,11,0
19.935408,4.114000,117.000,15.699000,2.026000,124.838640,3597,307,0,122,234,2112,11,0
19.947455,12.047000,117.000,15.699000,2.026000,124.832804,3587,307,0,120,234,2112,11,0
19.950176,2.721000,117.000,15.699000,2.026000,124.831675,3584,307,0,120,234,2112,11,0
19.964143,13.967000,117.000,15.699000,2.026000,124.843687,3586,307,0,129,243,2130,11,0
19.966492,2.349000,117.000,15.699000,2.026000,124.842512,3583,307,0,118,237,2118,11,0
19.981294,14.802000,117.000,15.699000,2.026000,124.840075,3583,307,0,112,231,2106,11,0
19.986374,5.080000,117.000,15.699000,2.026000,124.840570,3583,307,0,112,231,2106,11,0
19.992947,6.573000,117.000,15.699000,2.026000,124.841051,3583,307,0,112,231,2106,11,0
20.007175,14.228000,117.000,15.699000,2.026000,124.841516,3583,307,0,112,231,2106,11,0
20.014908,7.733000,117.000,15.699000,2.026000,124.841997,3583,307,0,112,231,2106,11,0
20.018895,3.987000,117.000,15.699000,2.026000,124.840853,3580,307,0,112,231,2106,11,0
20.031352,12.457000,117.000,15.699000,2.026000,124.841333,3580,307,0,112,231,2106,11,0
20.035180,3.828000,117.000,15.699000,2.026000,124.841799,3580,307,0,112,231,2106,11,0
20.048026,12.846000,117.000,15.699000,2.026000,124.842234,3580,307,0,112,231,2106,11,0
20.054019,5.993000,117.000,15.699000,2.026000,124.842730,3580,307,0,112,231,2106,11,0
20.056745,2.726000,117.000,15.699000,2.026000,124.843210,3580,307,0,112,231,2106,11,0
20.073110,16.365000,117.000,15.699000,2.026000,124.843691,3580,307,0,112,231,2106,11,0
20.080804,7.694000,117.000,15.699000,2.026000,124.844126,3580,307,0,111,230,2104,11,0
20.085192,4.388000,117.000,15.699000,2.026000,124.844591,3580,307,0,111,230,2104,11,0
20.097549,12.357000,117.000,15.699000,2.026000,124.843378,3577,307,0,111,230,2104,11,0
20.100552,3.003000,117.000,15.699000,2.026000,124.839449,3575,307,0,110,227,2098,11,0
20.114149,13.597000,117.000,15.699000,2.026000,124.839930,3575,307,0,110,227,2098,11,0
20.116629,2.480000,117.000,15.699000,2.026000,124.840425,3575,307,0,110,227,2098,11,0
20.132375,15.746000,117.000,15.699000,2.026000,124.836725,3575,307,0,110,227,2098,11,0
20.135796,3.421000,117.000,15.699000,2.026000,124.837206,3575,307,0,110,227,2098,11,0
20.149464,13.668000,117.000,15.699000,2.026000,124.837732,3575,307,0,109,221,2086,11,0
20.153319,3.855000,117.000,15.699000,2.026000,124.817438,3542,307,0,109,221,2086,11,0
20.165866,12.547000,117.000,15.699000,2.026000,124.817873,3542,307,0,109,221,2086,11,0
20.169869,4.003000,117.000,15.699000,2.026000,124.818354,3542,307,0,109,221,2086,11,0
20.182751,12.882000,117.000,15.699000,2.026000,124.814447,3547,304,0,108,220,2084,11,0
20.186108,3.357000,117.000,15.699000,2.026000,124.811235,3541,304,0,108,220,2084,11,0
20.199553,13.445000,117.000,15.699000,2.026000,124.811670,3541,304,0,108,220,2084,11,0
20.202971,3.418000,117.000,15.699000,2.026000,124.812151,3541,304,0,108,220,2084,11,0
20.215323,12.352000,117.000,15.699000,2.026000,124.830881,3554,308,0,108,220,2084,11,0
20.217553,2.230000,117.000,15.699000,2.026000,124.832048,3554,308,0,109,222,2088,11,0
20.232734,15.181000,117.000,15.699000,2.026000,124.832521,3554,308,0,109,222,2088,11,0
20.251166,18.432000,117.000,15.699000,2.026000,124.929750,3604,317,0,162,305,2254,11,0
20.264248,13.082000,117.000,15.699000,2.026000,124.914667,3604,317,0,130,269,2182,11,0
20.266804,2.556000,117.000,15.699000,2.026000,125.097677,3724,365,0,130,269,2182,11,0
20.281476,14.672000,117.000,15.699000,2.026000,125.106901,3724,365,0,142,293,2230,11,0
20.284361,2.885000,117.000,15.699000,2.026000,125.112547,3724,365,0,149,302,2248,11,0
20.297460,13.099000,117.000,15.699000,2.026000,125.104742,3709,365,0,149,302,2248,11,0
20.300441,2.981000,117.000,15.699000,2.026000,125.103231,3709,365,0,145,298,2240,11,0
20.314408,13.967000,117.000,15.699000,2.026000,125.103712,3709,365,0,145,298,2240,11,0
20.316887,2.479000,117.000,15.699000,2.026000,125.104193,3709,365,0,145,298,2240,11,0
20.331223,14.336000,117.000,15.699000,2.026000,125.104673,3709,365,0,145,298,2240,11,0
20.333877,2.654000,117.000,15.699000,2.026000,125.105154,3709,365,0,145,298,2240,11,0
20.349885,16.008000,117.000,15.699000,2.026000,125.107302,3712,365,0,145,298,2240,11,0
20.355602,5.717000,117.000,15.699000,2.026000,125.107782,3712,365,0,145,298,2240,11,0
20.358969,3.367000,117.000,15.699000,2.026000,125.109915,3715,365,0,145,298,2240,11,0
20.372955,13.986000,117.000,15.699000,2.026000,125.107893,3711,365,0,145,298,2240,11,0
20.381781,8.826000,117.000,15.699000,2.026000,125.108374,3711,365,0,143,271,2186,11,0
20.384585,2.804000,117.000,15.699000,2.026000,125.108854,3711,365,0,143,271,2186,11,0
20.398456,13.871000,117.000,15.699000,2.026000,125.109282,3711,365,0,143,271,2186,11,0
20.400982,2.526000,117.000,15.699000,2.026000,125.082590,3709,365,0,143,271,2186,11,0
20.415514,14.532000,117.000,15.699000,2.026000,125.083094,3709,365,0,143,271,2186,11,0
20.419746,4.232000,117.000,15.699000,2.026000,125.092722,3709,365,0,142,268,2180,11,0
20.425595,5.849000,117.000,15.699000,2.026000,125.451593,3712,365,0,142,268,2180,11,0
20.439618,14.023000,117.000,15.699000,2.026000,125.452074,3712,365,0,142,268,2180,11,0
20.446133,6.515000,117.000,15.699000,2.026000,125.446325,3709,365,0,142,268,2180,11,0
20.448904,2.771000,117.000,15.699000,2.026000,125.446714,3709,365,0,142,268,2180,11,0
20.465941,17.037000,117.000,15.699000,2.026000,125.443647,3703,365,0,142,268,2180,11,0
20.469295,3.354000,117.000,15.699000,2.026000,125.442488,3700,365,0,141,267,2178,11,0
20.482721,13.426000,117.000,15.699000,2.026000,125.444662,3703,365,0,141,267,2178,11,0
20.497587,14.866000,117.000,15.699000,2.026000,125.445143,3703,365,0,139,265,2174,11,0
20.501051,3.464000,117.000,15.699000,2.026000,125.435122,3699,361,0,138,264,2172,11,0
20.514176,13.125000,117.000,15.699000,2.026000,125.431253,3692,361,0,137,264,2172,11,0
20.516599,2.423000,117.000,15.699000,2.026000,125.431765,3692,361,0,136,263,2170,11,0
20.531282,14.683000,117.000,15.699000,2.026000,125.432245,3692,361,0,136,262,2168,11,0
20.539902,8.620000,117.000,15.699000,2.026000,125.432627,3692,361,0,135,261,2166,11,0
20.545656,5.754000,117.000,15.699000,2.026000,125.417574,3683,356,0,133,260,2164,11,0
20.551355,5.699000,117.000,15.699000,2.026000,125.411707,3673,356,0,133,260,2164,11,0
20.564167,12.812000,117.000,15.699000,2.026000,125.412188,3673,356,0,134,260,2164,11,0
20.568127,3.960000,117.000,15.699000,2.026000,125.425867,3678,356,0,141,269,2182,11,0
20.581224,13.097000,117.000,15.699000,2.026000,125.424707,3675,356,0,141,269,2182,11,0
20.585348,4.124000,117.000,15.699000,2.026000,125.422247,3675,356,0,135,263,2170,11,0
20.597714,12.366000,117.000,15.699000,2.026000,125.422728,3675,356,0,135,263,2170,11,0
20.600648,2.934000,117.000,15.699000,2.026000,125.421583,3672,356,0,135,263,2170,11,0
20.614794,14.146000,117.000,15.699000,2.026000,125.422064,3672,356,0,135,263,2170,11,0
20.619288,4.494000,117.000,15.699000,2.026000,125.424242,3675,356,0,135,263,2170,11,0
20.631748,12.460000,117.000,15.699000,2.026000,125.424723,3675,356,0,135,263,2170,11,0
20.648430,16.682000,117.000,15.699000,2.026000,125.426847,3678,356,0,135,263,2170,11,0
20.651369,2.939000,117.000,15.699000,2.026000,125.427282,3678,356,0,135,263,2170,11,0
20.664737,13.368000,117.000,15.699000,2.026000,125.427740,3678,356,0,135,263,2170,11,0
20.666604,1.867000,114.000,17.846000,1.628000,125.428221,3678,356,0,135,263,2170,11,0
20.681553,14.949000,114.000,17.846000,1.628000,125.427076,3675,356,0,135,263,2170,11,0
20.683426,1.873000,114.000,17.846000,1.628000,125.427557,3675,356,0,135,263,2170,11,0
20.699237,15.811000,114.000,17.846000,1.628000,125.428022,3675,356,0,135,263,2170,11,0
20.704950,5.713000,114.000,17.846000,1.628000,125.428518,3675,356,0,135,263,2170,11,0
20.707551,2.601000,114.000,17.846000,1.628000,125.424490,3673,356,0,135,263,2170,11,0
20.724049,16.498000,114.000,17.846000,1.628000,125.423315,3670,356,0,134,260,2164,11,0
20.731158,7.109000,114.000,17.846000,1.628000,125.423796,3670,356,0,134,260,2164,11,0
20.735322,4.164000,114.000,17.846000,1.628000,125.420137,3670,356,0,134,260,2164,11,0
20.747588,12.266000,114.000,17.846000,1.628000,125.420618,3670,356,0,134,260,2164,11,0
20.756473,8.885000,114.000,17.846000,1.628000,125.421068,3670,356,0,134,260,2164,11,0
20.758847,2.374000,114.000,17.846000,1.628000,125.421549,3670,356,0,134,260,2164,11,0
20.773082,14.235000,114.000,17.846000,1.628000,125.422029,3670,356,0,134,260,2164,11,0
20.781075,7.993000,114.000,17.846000,1.628000,125.422510,3670,356,0,133,260,2164,11,0
20.783343,2.268000,114.000,17.846000,1.628000,125.423021,3670,356,0,133,260,2164,11,0
20.798068,14.725000,114.000,17.846000,1.628000,125.429506,3680,356,0,132,260,2164,11,0
20.801846,3.778000,114.000,17.846000,1.628000,125.429976,3680,356,0,132,260,2164,11,0
20.814217,12.371000,114.000,17.846000,1.628000,125.430456,3680,356,0,134,260,2164,11,0
20.817760,3.543000,114.000,17.846000,1.628000,125.430948,3680,356,0,134,260,2164,11,0
20.831209,13.449000,114.000,17.846000,1.628000,125.431383,3680,356,0,132,260,2164,11,0
20.835599,4.390000,114.000,17.846000,1.628000,125.451311,3699,360,0,132,260,2164,11,0
20.847513,11.914000,114.000,17.846000,1.628000,125.452215,3699,360,0,136,262,2168,11,0
21.055616,208.103000,114.000,17.846000,1.628000,125.543592,3749,369,0,176,331,2306,11,0
21.060400,4.784000,114.000,17.846000,1.628000,125.525900,3749,369,0,135,286,2216,11,0
21.063020,2.620000,114.000,17.846000,1.628000,125.514788,3727,369,0,133,259,2162,11,1
21.076668,13.648000,114.000,17.846000,1.628000,125.515223,3727,369,0,133,259,2162,11,1
21.091343,14.675000,114.000,17.846000,1.628000,125.493628,3733,368,0,133,259,2162,11,0
21.110918,19.575000,114.000,17.846000,1.628000,125.491442,3728,368,0,134,259,2162,11,1
21.114165,3.247000,114.000,17.846000,1.628000,125.492540,3728,368,0,134,259,2162,11,2
21.126707,12.542000,114.000,17.846000,1.628000,125.493021,3728,368,0,134,259,2162,11,2
21.129416,2.709000,114.000,17.846000,1.628000,125.495642,3731,368,0,134,259,2162,11,2
21.143235,13.819000,114.000,17.846000,1.628000,125.492620,3725,368,0,134,259,2162,11,2
21.148102,4.867000,114.000,17.846000,1.628000,125.491659,3731,366,0,133,258,2160,11,0
21.162023,13.921000,114.000,17.846000,1.628000,125.485655,3721,366,0,135,258,2160,11,0
21.168180,6.157000,114.000,17.846000,1.628000,125.486135,3721,366,0,133,256,2156,11,0
21.170215,2.035000,114.000,17.846000,1.628000,125.476168,3717,362,0,132,255,2154,11,0
21.185114,14.899000,114.000,17.846000,1.628000,125.472269,3710,362,0,132,255,2154,11,0
21.193373,8.259000,114.000,17.846000,1.628000,125.468287,3708,362,0,132,255,2154,11,0
21.198348,4.975000,114.000,17.846000,1.628000,125.470400,3711,362,0,129,250,2144,11,0
21.211904,13.556000,114.000,17.846000,1.628000,125.470881,3711,362,0,129,250,2144,11,0
21.219023,7.119000,114.000,17.846000,1.628000,125.471258,3711,362,0,128,249,2142,11,0
21.220927,1.904000,114.000,17.846000,1.628000,125.451590,3702,357,0,126,248,2140,11,0
21.236288,15.361000,114.000,17.846000,1.628000,125.445707,3692,357,0,126,248,2140,11,0
21.243602,7.314000,114.000,17.846000,1.628000,125.457720,3694,357,0,132,256,2156,11,0
21.248839,5.237000,114.000,17.846000,1.628000,125.459864,3697,357,0,132,256,2156,11,0
21.252823,3.984000,114.000,17.846000,1.628000,125.457426,3697,357,0,126,250,2144,11,0
21.268537,15.714000,114.000,17.846000,1.628000,125.457907,3697,357,0,126,250,2144,11,0
21.279257,10.720000,114.000,17.846000,1.628000,125.458364,3697,357,0,126,250,2144,11,0
21.282614,3.357000,114.000,17.846000,1.628000,125.458845,3697,357,0,126,250,2144,11,0
21.294880,12.266000,114.000,17.846000,1.628000,125.459326,3697,357,0,126,250,2144,11,0
21.298383,3.503000,114.000,17.846000,1.628000,125.459761,3697,357,0,126,250,2144,11,0
21.310981,12.598000,114.000,17.846000,1.628000,125.391504,3672,332,0,125,249,2142,11,0
21.318623,7.642000,114.000,17.846000,1.628000,125.370646,3632,332,0,123,247,2138,11,0
21.322962,4.339000,114.000,17.846000,1.628000,125.371126,3632,332,0,123,247,2138,11,0
21.335510,12.548000,114.000,17.846000,1.628000,125.371607,3632,332,0,123,247,2138,11,0
21.343968,8.458000,114.000,17.846000,1.628000,125.373690,3635,332,0,123,247,2138,11,0
21.346766,2.798000,114.000,17.846000,1.628000,125.362139,3627,329,0,122,246,2136,11,0
21.361711,14.945000,114.000,17.846000,1.628000,125.358889,3621,329,0,122,246,2136,11,0
21.365680,3.969000,114.000,17.846000,1.628000,125.359369,3621,329,0,122,246,2136,11,0
21.378014,12.334000,114.000,17.846000,1.628000,125.358095,3618,329,0,122,246,2136,11,0
21.381473,3.459000,114.000,17.846000,1.628000,125.354166,3616,329,0,122,246,2136,11,0
21.394914,13.441000,114.000,17.846000,1.628000,125.371527,3629,333,0,121,243,2130,11,0
21.399399,4.485000,114.000,17.846000,1.628000,125.372694,3629,333,0,122,245,2134,11,0
21.403605,4.206000,114.000,17.846000,1.628000,125.368971,3629,333,0,122,245,2134,11,0
21.418323,14.718000,114.000,17.846000,1.628000,125.369452,3629,333,0,122,245,2134,11,0
21.427182,8.859000,114.000,17.846000,1.628000,125.348951,3619,327,0,120,243,2130,11,0
21.429053,1.871000,114.000,17.846000,1.628000,125.342047,3607,327,0,119,243,2130,11,0
21.444797,15.744000,114.000,17.846000,1.628000,125.340857,3604,327,0,119,243,2130,11,0
21.448133,3.336000,114.000,17.846000,1.628000,125.341337,3604,327,0,119,243,2130,11,0
21.460591,12.458000,114.000,17.846000,1.628000,125.341848,3604,327,0,119,243,2130,11,0
21.463112,2.521000,114.000,17.846000,1.628000,125.342329,3604,327,0,119,243,2130,11,0
21.478505,15.393000,114.000,17.846000,1.628000,125.348783,3614,327,0,119,243,2130,11,0
21.493753,15.248000,114.000,17.846000,1.628000,125.349264,3614,327,0,119,243,2130,11,0
21.498915,5.162000,114.000,17.846000,1.628000,125.350073,3614,327,0,119,243,2130,11,0
21.502975,4.060000,114.000,17.846000,1.628000,125.344938,3605,327,0,121,243,2130,11,0
21.519281,16.306000,114.000,17.846000,1.628000,125.345419,3605,327,0,121,243,2130,11,0
21.528763,9.482000,114.000,17.846000,1.628000,125.345900,3605,327,0,119,243,2130,11,0
21.540593,11.830000,114.000,17.846000,1.628000,125.441523,3652,336,0,172,326,2296,11,0
21.552463,11.870000,114.000,17.846000,1.628000,125.441957,3652,336,0,142,292,2228,11,0
21.560282,7.819000,114.000,17.846000,1.628000,125.427847,3652,336,0,142,292,2228,11,0
21.564358,4.076000,114.000,17.846000,1.628000,125.433523,3652,336,0,149,301,2246,11,0
21.576904,12.546000,114.000,17.846000,1.628000,125.425718,3637,336,0,149,301,2246,11,0
21.579774,2.870000,114.000,17.846000,1.628000,125.424559,3634,336,0,149,301,2246,11,0
21.593499,13.725000,114.000,17.846000,1.628000,125.425039,3634,336,0,149,301,2246,11,0
21.597448,3.949000,114.000,17.846000,1.628000,125.425520,3634,336,0,149,301,2246,11,0
21.610050,12.602000,114.000,17.846000,1.628000,125.426001,3634,336,0,149,301,2246,11,0
21.613593,3.543000,114.000,17.846000,1.628000,125.426435,3634,336,0,149,301,2246,11,0
21.627140,13.547000,114.000,17.846000,1.628000,125.425276,3631,336,0,149,301,2246,11,0
21.629538,2.398000,114.000,17.846000,1.628000,125.425711,3631,336,0,149,301,2246,11,0
21.644216,14.678000,114.000,17.846000,1.628000,125.426191,3631,336,0,149,301,2246,11,0
21.646916,2.700000,114.000,17.846000,1.628000,125.426672,3631,336,0,149,301,2246,11,0
21.661322,14.406000,114.000,17.846000,1.628000,125.427153,3631,336,0,149,301,2246,11,0
21.665591,4.269000,114.000,17.846000,1.628000,125.425131,3627,336,0,149,301,2246,11,0
21.677016,11.425000,93.000,204.953000,1.763000,125.425558,3627,336,0,147,274,2192,11,0
21.679005,1.989000,93.000,204.953000,1.763000,125.421923,3630,336,0,141,268,2180,11,0
21.698204,19.199000,93.000,204.953000,1.763000,125.399393,3630,336,0,141,268,2180,11,0
21.710408,12.204000,93.000,204.953000,1.763000,125.399874,3630,336,0,140,265,2174,11,0
21.715561,5.153000,93.000,204.953000,1.763000,125.400366,3630,336,0,140,265,2174,11,0
21.728373,12.812000,93.000,204.953000,1.763000,125.402510,3633,336,0,141,265,2174,11,0
21.731994,3.621000,93.000,204.953000,1.763000,125.398375,3633,336,0,139,265,2174,11,0
21.747025,15.031000,93.000,204.953000,1.763000,125.398821,3633,336,0,139,265,2174,11,0
21.751113,4.088000,93.000,204.953000,1.763000,125.399210,3633,336,0,140,265,2174,11,0
21.754634,3.521000,93.000,204.953000,1.763000,125.396219,3627,336,0,140,265,2174,11,0
21.768262,13.628000,93.000,204.953000,1.763000,125.396700,3627,336,0,137,264,2172,11,0
21.778360,10.098000,93.000,204.953000,1.763000,125.397150,3627,336,0,136,263,2170,11,0
21.782314,3.954000,93.000,204.953000,1.763000,125.397585,3627,336,0,138,262,2168,11,0
21.795024,12.710000,93.000,204.953000,1.763000,125.389318,3626,332,0,137,261,2166,11,0
21.798536,3.512000,93.000,204.953000,1.763000,125.385450,3619,332,0,134,261,2166,11,0
21.812104,13.568000,93.000,204.953000,1.763000,125.385893,3619,332,0,132,259,2162,11,0
21.816405,4.301000,93.000,204.953000,1.763000,125.386374,3619,332,0,132,258,2160,11,0
21.828025,11.620000,93.000,204.953000,1.763000,125.388460,3622,332,0,132,258,2160,11,0
21.831838,3.813000,93.000,204.953000,1.763000,125.373407,3613,327,0,131,257,2158,11,0
21.844904,13.066000,93.000,204.953000,1.763000,125.369135,3606,327,0,131,257,2158,11,0
21.849333,4.429000,93.000,204.953000,1.763000,125.381124,3608,327,0,140,266,2176,11,0
21.861293,11.960000,93.000,204.953000,1.763000,125.381620,3608,327,0,140,266,2176,11,0
21.868855,7.562000,93.000,204.953000,1.763000,125.379183,3608,327,0,133,259,2162,11,0
21.873032,4.177000,93.000,204.953000,1.763000,125.379648,3608,327,0,133,259,2162,11,0
21.884978,11.946000,93.000,204.953000,1.763000,125.380129,3608,327,0,133,259,2162,11,0
21.894101,9.123000,93.000,204.953000,1.763000,125.380625,3608,327,0,133,259,2162,11,0
21.897102,3.001000,93.000,204.953000,1.763000,125.381105,3608,327,0,133,259,2162,11,0
21.910849,13.747000,93.000,204.953000,1.763000,125.383219,3611,327,0,133,259,2162,11,0
21.913520,2.671000,93.000,204.953000,1.763000,125.383699,3611,327,0,133,259,2162,11,0
21.928750,15.230000,93.000,204.953000,1.763000,125.382502,3608,327,0,133,259,2162,11,0
21.947206,18.456000,93.000,204.953000,1.763000,125.382921,3608,327,0,133,259,2162,11,0
21.960663,13.457000,93.000,204.953000,1.763000,125.383402,3608,327,0,133,259,2162,11,0
21.967003,6.340000,93.000,204.953000,1.763000,125.385565,3611,327,0,133,259,2162,11,0
21.970543,3.540000,93.000,204.953000,1.763000,125.386045,3611,327,0,133,259,2162,11,0
21.986564,16.021000,93.000,204.953000,1.763000,125.386484,3611,327,0,133,259,2162,11,0
21.993441,6.877000,93.000,204.953000,1.763000,125.386965,3611,327,0,133,259,2162,11,0
22.003207,9.766000,93.000,204.953000,1.763000,125.387392,3611,327,0,132,256,2156,11,0
22.010260,7.053000,93.000,204.953000,1.763000,125.383463,3609,327,0,132,256,2156,11,0
22.014116,3.856000,93.000,204.953000,1.763000,125.383898,3609,327,0,132,256,2156,11,0
22.026665,12.549000,93.000,204.953000,1.763000,125.378572,3606,327,0,132,256,2156,11,0
22.029513,2.848000,93.000,204.953000,1.763000,125.379087,3606,327,0,132,256,2156,11,0
22.045710,16.197000,93.000,204.953000,1.763000,125.381201,3609,327,0,132,256,2156,11,0
22.048496,2.786000,93.000,204.953000,1.763000,125.381636,3609,327,0,130,255,2154,11,0
22.060570,12.074000,93.000,204.953000,1.763000,125.377310,3601,327,0,130,255,2154,11,0
22.062447,1.877000,93.000,204.953000,1.763000,125.377745,3601,327,0,129,255,2154,11,0
22.077926,15.479000,93.000,204.953000,1.763000,125.376554,3598,327,0,129,255,2154,11,0
22.082708,4.782000,93.000,204.953000,1.763000,125.383039,3608,327,0,130,255,2154,11,0
22.086860,4.152000,93.000,204.953000,1.763000,125.385210,3611,327,0,130,255,2154,11,0
22.102481,15.621000,93.000,204.953000,1.763000,125.385645,3611,327,0,129,255,2154,11,0
22.110923,8.442000,93.000,204.953000,1.763000,125.386076,3611,327,0,129,255,2154,11,0
22.113492,2.569000,93.000,204.953000,1.763000,125.386557,3611,327,0,130,255,2154,11,0
22.127244,13.752000,93.000,204.953000,1.763000,125.387068,3611,327,0,130,255,2154,11,0
22.139813,12.569000,93.000,204.953000,1.763000,125.476812,3658,336,0,168,324,2292,11,0
22.143116,3.303000,93.000,204.953000,1.763000,125.475653,3655,336,0,168,324,2292,11,0
22.145641,2.525000,93.000,204.953000,1.763000,125.455706,3655,336,0,126,276,2196,11,0
22.159880,14.239000,93.000,204.953000,1.763000,125.456186,3655,336,0,126,276,2196,11,0
22.168660,8.780000,93.000,204.953000,1.763000,125.462732,3655,336,0,133,285,2214,11,1
22.170666,2.006000,93.000,204.953000,1.763000,125.454882,3640,336,0,133,285,2214,11,1
22.185691,15.025000,93.000,204.953000,1.763000,125.453081,3646,335,0,127,279,2202,11,0
22.193425,7.734000,93.000,204.953000,1.763000,125.447023,3635,335,0,128,279,2202,11,0
22.196033,2.608000,93.000,204.953000,1.763000,125.447504,3635,335,0,128,279,2202,11,0
22.209887,13.854000,93.000,204.953000,1.763000,125.447985,3635,335,0,128,279,2202,11,0
22.212937,3.050000,93.000,204.953000,1.763000,125.448465,3635,335,0,128,279,2202,11,0
22.226616,13.679000,93.000,204.953000,1.763000,125.448946,3635,335,0,128,279,2202,11,0
22.229049,2.433000,93.000,204.953000,1.763000,125.449427,3635,335,0,128,279,2202,11,0
22.243542,14.493000,93.000,204.953000,1.763000,125.449907,3635,335,0,128,279,2202,11,0
22.249016,5.474000,93.000,204.953000,1.763000,125.450388,3635,335,0,128,279,2202,11,0
22.252964,3.948000,93.000,204.953000,1.763000,125.450869,3635,335,0,128,279,2202,11,0
22.269164,16.200000,93.000,204.953000,1.763000,125.449709,3632,335,0,128,279,2202,11,0
22.276625,7.461000,93.000,204.953000,1.763000,125.447634,3628,335,0,126,252,2148,11,0
22.279201,2.576000,93.000,204.953000,1.763000,125.443705,3626,335,0,126,252,2148,11,0
22.294056,14.855000,93.000,204.953000,1.763000,125.444185,3626,335,0,126,252,2148,11,0
22.298514,4.458000,93.000,204.953000,1.763000,125.421919,3626,335,0,126,252,2148,11,0
22.309979,11.465000,93.000,204.953000,1.763000,125.422400,3626,335,0,127,249,2142,11,0
22.313178,3.199000,93.000,204.953000,1.763000,125.421255,3623,335,0,127,249,2142,11,0
22.327116,13.938000,93.000,204.953000,1.763000,125.421736,3623,335,0,127,249,2142,11,0
22.334531,7.415000,93.000,204.953000,1.763000,125.417585,3623,335,0,127,249,2142,11,0
22.338103,3.572000,93.000,204.953000,1.763000,125.418066,3623,335,0,128,249,2142,11,0
22.353861,15.758000,93.000,204.953000,1.763000,125.418470,3623,335,0,127,248,2140,11,0
22.357431,3.570000,93.000,204.953000,1.763000,125.415449,3617,335,0,126,248,2140,11,0
22.368877,11.446000,93.000,204.953000,1.763000,125.415915,3617,335,0,125,247,2138,11,0
22.376714,7.837000,93.000,204.953000,1.763000,125.416395,3617,335,0,126,247,2138,11,0
22.379291,2.577000,93.000,204.953000,1.763000,125.418539,3620,335,0,124,245,2134,11,0
22.393625,14.334000,93.000,204.953000,1.763000,125.419020,3620,335,0,122,244,2132,11,0
22.400507,6.882000,93.000,204.953000,1.763000,125.409044,3616,331,0,122,244,2132,11,0
22.403296,2.789000,93.000,204.953000,1.763000,125.405176,3609,331,0,123,244,2132,11,0
22.419252,15.956000,93.000,204.953000,1.763000,125.407331,3612,331,0,121,242,2128,11,0
22.427132,7.880000,93.000,204.953000,1.763000,125.407728,3612,331,0,119,241,2126,11,0
22.431390,4.258000,93.000,204.953000,1.763000,125.392595,3603,326,0,118,240,2124,11,0
22.443536,12.146000,93.000,204.953000,1.763000,125.386713,3593,326,0,118,239,2122,11,0
22.447566,4.030000,93.000,204.953000,1.763000,125.376772,3588,323,0,118,239,2122,11,0
22.460085,12.519000,93.000,204.953000,1.763000,125.385092,3584,323,0,125,248,2140,11,0
22.462788,2.703000,93.000,204.953000,1.763000,125.385557,3584,323,0,119,242,2128,11,0
22.477175,14.387000,93.000,204.953000,1.763000,125.383120,3584,323,0,119,242,2128,11,0
22.484141,6.966000,93.000,204.953000,1.763000,125.398722,3594,327,0,119,242,2128,11,0
22.486077,1.936000,93.000,204.953000,1.763000,125.399889,3594,327,0,120,244,2132,11,0
22.503873,17.796000,93.000,204.953000,1.763000,125.400351,3594,327,0,120,244,2132,11,0
22.514652,10.779000,93.000,204.953000,1.763000,125.402506,3597,327,0,120,244,2132,11,0
22.527027,12.375000,93.000,204.953000,1.763000,125.402987,3597,327,0,120,244,2132,11,0
22.530726,3.699000,93.000,204.953000,1.763000,125.405085,3600,327,0,120,244,2132,11,0
22.543993,13.267000,93.000,204.953000,1.763000,125.405565,3600,327,0,120,244,2132,11,0
22.549294,5.301000,93.000,204.953000,1.763000,125.406061,3600,327,0,120,244,2132,11,0
22.553397,4.103000,93.000,204.953000,1.763000,125.406542,3600,327,0,120,244,2132,11,0
22.569011,15.614000,93.000,204.953000,1.763000,125.407007,3600,327,0,120,244,2132,11,0
22.577127,8.116000,93.000,204.953000,1.763000,125.407488,3600,327,0,120,244,2132,11,0
22.582933,5.806000,93.000,204.953000,1.763000,125.407969,3600,327,0,120,244,2132,11,0
22.586218,3.285000,93.000,204.953000,1.763000,125.408449,3600,327,0,120,244,2132,11,0
22.603646,17.428000,93.000,204.953000,1.763000,125.410524,3603,327,0,119,241,2126,11,0
22.609923,6.277000,93.000,204.953000,1.763000,125.406595,3601,327,0,119,241,2126,11,0
22.613178,3.255000,93.000,204.953000,1.763000,125.405428,3598,327,0,119,241,2126,11,0
22.626815,13.637000,93.000,204.953000,1.763000,125.401743,3598,327,0,119,241,2126,11,0
22.629509,2.694000,93.000,204.953000,1.763000,125.402227,3598,327,0,119,241,2126,11,0
22.643859,14.350000,93.000,204.953000,1.763000,125.402708,3598,327,0,119,241,2126,11,0
22.649376,5.517000,93.000,204.953000,1.763000,125.403223,3598,327,0,119,241,2126,11,0
22.653363,3.987000,93.000,204.953000,1.763000,125.403704,3598,327,0,117,241,2126,11,0
22.668967,15.604000,93.000,204.953000,1.763000,125.404150,3598,327,0,117,241,2126,11,0
22.676676,7.709000,116.000,17.923000,3.344000,125.404631,3598,327,0,119,241,2126,11,0
22.679635,2.959000,116.000,17.923000,3.344000,125.411116,3608,327,0,119,241,2126,11,0
22.693693,14.058000,116.000,17.923000,3.344000,125.411596,3608,327,0,118,241,2126,11,0
22.697845,4.152000,116.000,17.923000,3.344000,125.412077,3608,327,0,118,241,2126,11,0
22.710431,12.586000,116.000,17.923000,3.344000,125.412558,3608,327,0,119,241,2126,11,0
22.715765,5.334000,116.000,17.923000,3.344000,125.413038,3608,327,0,119,241,2126,11,0
22.726684,10.919000,116.000,17.923000,3.344000,125.413519,3608,327,0,118,241,2126,11,0
22.728971,2.287000,116.000,17.923000,3.344000,125.415648,3611,327,0,118,241,2126,11,0
22.741428,12.457000,116.000,17.923000,3.344000,125.509623,3655,336,0,171,324,2292,11,0
22.752679,11.251000,116.000,17.923000,3.344000,125.495466,3655,336,0,141,290,2224,11,0
22.759829,7.150000,116.000,17.923000,3.344000,125.495947,3655,336,0,141,290,2224,11,0
22.762677,2.848000,116.000,17.923000,3.344000,125.494787,3652,336,0,141,290,2224,11,0
22.776919,14.242000,116.000,17.923000,3.344000,125.500463,3652,336,0,148,299,2242,11,0
22.779473,2.554000,116.000,17.923000,3.344000,125.494326,3640,336,0,142,293,2230,11,0
22.793283,13.810000,116.000,17.923000,3.344000,125.491888,3640,336,0,142,293,2230,11,0
22.796990,3.707000,116.000,17.923000,3.344000,125.492369,3640,336,0,142,293,2230,11,0
22.809895,12.905000,116.000,17.923000,3.344000,125.492804,3640,336,0,142,293,2230,11,0
22.812824,2.929000,116.000,17.923000,3.344000,125.493284,3640,336,0,142,293,2230,11,0
22.827031,14.207000,116.000,17.923000,3.344000,125.493765,3640,336,0,142,293,2230,11,0
22.829767,2.736000,116.000,17.923000,3.344000,125.492605,3637,336,0,142,293,2230,11,0
22.843288,13.521000,116.000,17.923000,3.344000,125.493086,3637,336,0,142,293,2230,11,0
22.846749,3.461000,116.000,17.923000,3.344000,125.493567,3637,336,0,142,293,2230,11,0
22.860180,13.431000,116.000,17.923000,3.344000,125.494047,3637,336,0,142,293,2230,11,0
22.868769,8.589000,116.000,17.923000,3.344000,125.496134,3640,336,0,142,293,2230,11,0
22.870826,2.057000,116.000,17.923000,3.344000,125.494112,3636,336,0,142,293,2230,11,0
22.885216,14.390000,116.000,17.923000,3.344000,125.492899,3633,336,0,140,266,2176,11,0
22.893741,8.525000,116.000,17.923000,3.344000,125.488970,3631,336,0,140,266,2176,11,0
22.899152,5.411000,116.000,17.923000,3.344000,125.489450,3631,336,0,140,266,2176,11,0
22.909850,10.698000,116.000,17.923000,3.344000,125.467169,3631,336,0,140,266,2176,11,0
22.912348,2.498000,116.000,17.923000,3.344000,125.467600,3631,336,0,139,263,2170,11,0
22.926632,14.284000,116.000,17.923000,3.344000,125.468081,3631,336,0,139,263,2170,11,0
22.928962,2.330000,116.000,17.923000,3.344000,125.468561,3631,336,0,139,263,2170,11,0
22.943312,14.350000,116.000,17.923000,3.344000,125.464426,3631,336,0,139,263,2170,11,0
22.946918,3.606000,116.000,17.923000,3.344000,125.464922,3631,336,0,139,263,2170,11,0
22.959907,12.989000,116.000,17.923000,3.344000,125.465311,3631,336,0,139,263,2170,11,0
22.962448,2.541000,116.000,17.923000,3.344000,125.460649,3622,336,0,139,263,2170,11,0
22.976635,14.187000,116.000,17.923000,3.344000,125.461130,3622,336,0,137,262,2168,11,0
22.979142,2.507000,116.000,17.923000,3.344000,125.461611,3622,336,0,137,262,2168,11,0
22.993295,14.153000,116.000,17.923000,3.344000,125.462091,3622,336,0,135,260,2164,11,0
22.997097,3.802000,116.000,17.923000,3.344000,125.452124,3618,332,0,134,259,2162,11,0
23.010041,12.944000,116.000,17.923000,3.344000,125.448256,3611,332,0,133,259,2162,11,0
23.012948,2.907000,116.000,17.923000,3.344000,125.447111,3608,332,0,132,258,2160,11,0
23.026646,13.698000,116.000,17.923000,3.344000,125.447592,3608,332,0,131,257,2158,11,0
23.029031,2.385000,116.000,17.923000,3.344000,125.449633,3611,332,0,130,256,2156,11,0
23.043697,14.666000,116.000,17.923000,3.344000,125.434580,3602,327,0,129,255,2154,11,0
23.046953,3.256000,116.000,17.923000,3.344000,125.428694,3592,327,0,129,255,2154,11,0
23.060094,13.141000,116.000,17.923000,3.344000,125.440706,3594,327,0,138,264,2172,11,0
23.068916,8.822000,116.000,17.923000,3.344000,125.441172,3594,327,0,138,264,2172,11,0
23.071129,2.213000,116.000,17.923000,3.344000,125.438734,3594,327,0,132,258,2160,11,0
23.085612,14.483000,116.000,17.923000,3.344000,125.440866,3597,327,0,132,258,2160,11,0
23.093297,7.685000,116.000,17.923000,3.344000,125.441347,3597,327,0,132,258,2160,11,0
23.099862,6.565000,116.000,17.923000,3.344000,125.440187,3594,327,0,132,258,2160,11,0
23.102805,2.943000,116.000,17.923000,3.344000,125.440668,3594,327,0,132,258,2160,11,0
23.119450,16.645000,116.000,17.923000,3.344000,125.431181,3593,323,0,132,258,2160,11,0
23.126470,7.020000,116.000,17.923000,3.344000,125.428457,3587,323,0,132,258,2160,11,0
23.128952,2.482000,116.000,17.923000,3.344000,125.436182,3593,325,0,132,258,2160,11,0
23.143601,14.649000,116.000,17.923000,3.344000,125.437132,3593,325,0,133,259,2162,11,0
23.147594,3.993000,116.000,17.923000,3.344000,125.437609,3593,325,0,133,259,2162,11,0
23.160369,12.775000,116.000,17.923000,3.344000,125.438089,3593,325,0,133,259,2162,11,0
23.165535,5.166000,116.000,17.923000,3.344000,125.438570,3593,325,0,133,259,2162,11,0
23.176976,11.441000,116.000,17.923000,3.344000,125.439051,3593,325,0,133,259,2162,11,0
23.181832,4.856000,116.000,17.923000,3.344000,125.439531,3593,325,0,133,259,2162,11,0
23.193746,11.914000,116.000,17.923000,3.344000,125.439959,3593,325,0,133,259,2162,11,0
23.198035,4.289000,116.000,17.923000,3.344000,125.436029,3591,325,0,132,256,2156,11,0
23.209927,11.892000,116.000,17.923000,3.344000,125.436510,3591,325,0,132,256,2156,11,0
23.213204,3.277000,116.000,17.923000,3.344000,125.438650,3594,325,0,132,256,2156,11,0
23.227215,14.011000,116.000,17.923000,3.344000,125.434965,3594,325,0,132,256,2156,11,0
23.234097,6.882000,116.000,17.923000,3.344000,125.437052,3597,325,0,132,256,2156,11,0
23.237757,3.660000,116.000,17.923000,3.344000,125.437532,3597,325,0,131,256,2156,11,0
23.254580,16.823000,116.000,17.923000,3.344000,125.438005,3597,325,0,131,256,2156,11,0
23.259656,5.076000,116.000,17.923000,3.344000,125.438440,3597,325,0,130,256,2156,11,0
23.262804,3.148000,116.000,17.923000,3.344000,125.438196,3594,325,0,130,256,2156,11,1
23.276723,13.919000,116.000,17.923000,3.344000,125.438677,3594,325,0,132,256,2156,11,1
23.279789,3.066000,116.000,17.923000,3.344000,125.446245,3610,324,0,132,256,2156,11,0
23.293597,13.808000,116.000,17.923000,3.344000,125.443468,3605,324,0,131,256,2156,11,0
23.298800,5.203000,116.000,17.923000,3.344000,125.445597,3608,324,0,131,256,2156,11,0
23.309989,11.189000,116.000,17.923000,3.344000,125.445997,3608,324,0,132,256,2156,11,0
23.319691,9.702000,116.000,17.923000,3.344000,125.444830,3605,324,0,132,256,2156,11,0
23.323488,3.797000,116.000,17.923000,3.344000,125.445311,3605,324,0,131,256,2156,11,0
23.337048,13.560000,116.000,17.923000,3.344000,125.445791,3605,324,0,131,256,2156,11,0
23.352264,15.216000,116.000,17.923000,3.344000,125.535620,3652,333,0,171,327,2298,11,0
23.355401,3.137000,116.000,17.923000,3.344000,125.407362,3602,293,0,171,327,2298,11,0
23.368204,12.803000,116.000,17.923000,3.344000,125.355249,3552,293,0,118,259,2162,11,0
23.370574,2.370000,116.000,17.923000,3.344000,125.355730,3552,293,0,118,259,2162,11,0
23.384650,14.076000,116.000,17.923000,3.344000,125.361406,3552,293,0,125,268,2180,11,0
23.387479,2.829000,116.000,17.923000,3.344000,125.353556,3537,293,0,125,268,2180,11,0
23.401732,14.253000,116.000,17.923000,3.344000,125.351118,3537,293,0,119,262,2168,11,0
23.410479,8.747000,116.000,17.923000,3.344000,125.351599,3537,293,0,119,262,2168,11,0
23.412838,2.359000,116.000,17.923000,3.344000,125.352079,3537,293,0,119,262,2168,11,0
23.426960,14.122000,116.000,17.923000,3.344000,125.352560,3537,293,0,119,262,2168,11,0
23.428896,1.936000,116.000,17.923000,3.344000,125.352995,3537,293,0,119,262,2168,11,0
23.444566,15.670000,116.000,17.923000,3.344000,125.355127,3540,293,0,119,262,2168,11,0
23.449571,5.005000,116.000,17.923000,3.344000,125.355608,3540,293,0,118,261,2166,11,0
23.454768,5.197000,116.000,17.923000,3.344000,125.354448,3537,293,0,118,261,2166,11,0
23.468782,14.014000,116.000,17.923000,3.344000,125.354929,3537,293,0,118,261,2166,11,0
23.478919,10.137000,116.000,17.923000,3.344000,125.353769,3534,293,0,118,261,2166,11,0
23.484440,5.521000,116.000,17.923000,3.344000,125.353415,3533,293,0,118,261,2166,11,0
23.487598,3.158000,116.000,17.923000,3.344000,125.353849,3533,293,0,116,234,2112,11,0
23.503824,16.226000,116.000,17.923000,3.344000,125.354277,3533,293,0,116,234,2112,11,0
23.509936,6.112000,116.000,17.923000,3.344000,125.350348,3531,293,0,116,234,2112,11,0
23.513455,3.519000,116.000,17.923000,3.344000,125.328035,3531,293,0,116,234,2112,11,0
23.527201,13.746000,116.000,17.923000,3.344000,125.328516,3531,293,0,117,231,2106,11,0
23.531783,4.582000,116.000,17.923000,3.344000,125.328997,3531,293,0,117,231,2106,11,0
23.543720,11.937000,116.000,17.923000,3.344000,125.327837,3528,293,0,117,231,2106,11,0
23.548488,4.768000,116.000,17.923000,3.344000,125.312788,3523,290,0,116,230,2104,11,0
23.560582,12.094000,116.000,17.923000,3.344000,125.309576,3517,290,0,116,230,2104,11,0
23.565241,4.659000,116.000,17.923000,3.344000,125.309965,3517,290,0,116,230,2104,11,0
23.577399,12.158000,116.000,17.923000,3.344000,125.306944,3511,290,0,116,230,2104,11,0
23.596210,18.811000,116.000,17.923000,3.344000,125.324030,3521,294,0,115,229,2102,11,0
23.601016,4.806000,116.000,17.923000,3.344000,125.323507,3518,294,0,116,231,2106,11,0
23.605079,4.063000,116.000,17.923000,3.344000,125.323988,3518,294,0,114,228,2100,11,0
23.620011,14.932000,116.000,17.923000,3.344000,125.314035,3514,290,0,114,228,2100,11,0
23.623218,3.207000,116.000,17.923000,3.344000,125.310167,3507,290,0,112,227,2098,11,0
23.636293,13.075000,116.000,17.923000,3.344000,125.310633,3507,290,0,111,226,2096,11,0
23.643847,7.554000,116.000,17.923000,3.344000,125.311029,3507,290,0,111,225,2094,11,0
23.649057,5.210000,116.000,17.923000,3.344000,125.295946,3498,285,0,110,224,2092,11,0
23.652764,3.707000,116.000,17.923000,3.344000,125.290110,3488,285,0,108,224,2092,11,0
23.669802,17.038000,116.000,17.923000,3.344000,125.290552,3488,285,0,108,224,2092,11,0
23.676935,7.133000,118.000,16.347000,2.406000,125.300924,3487,285,0,117,233,2110,11,0
23.679480,2.545000,118.000,16.347000,2.406000,125.298487,3487,285,0,111,227,2098,11,0
23.693883,14.403000,118.000,16.347000,2.406000,125.298922,3487,285,0,111,227,2098,11,0
23.699915,6.032000,118.000,16.347000,2.406000,125.299402,3487,285,0,111,227,2098,11,0
23.703476,3.561000,118.000,16.347000,2.406000,125.299883,3487,285,0,111,227,2098,11,0
23.719513,16.037000,118.000,16.347000,2.406000,125.298723,3484,285,0,111,227,2098,11,0
23.726948,7.435000,118.000,16.347000,2.406000,125.299204,3484,285,0,111,227,2098,11,0
23.731097,4.149000,118.000,16.347000,2.406000,125.299685,3484,285,0,111,227,2098,11,0
23.743240,12.143000,118.000,16.347000,2.406000,125.300165,3484,285,0,111,227,2098,11,0
23.746896,3.656000,118.000,16.347000,2.406000,125.300600,3484,285,0,111,227,2098,11,0
23.760410,13.514000,118.000,16.347000,2.406000,125.301081,3484,285,0,111,227,2098,11,0
23.766129,5.719000,118.000,16.347000,2.406000,125.301516,3484,285,0,111,227,2098,11,0
23.777056,10.927000,118.000,16.347000,2.406000,125.301996,3484,285,0,111,227,2098,11,0
23.781342,4.286000,118.000,16.347000,2.406000,125.304129,3487,285,0,111,227,2098,11,0
23.793781,12.439000,118.000,16.347000,2.406000,125.304609,3487,285,0,111,227,2098,11,0
23.797610,3.829000,118.000,16.347000,2.406000,125.305090,3487,285,0,111,227,2098,11,0
23.810226,12.616000,118.000,16.347000,2.406000,125.305525,3487,285,0,111,227,2098,11,0
23.813188,2.962000,118.000,16.347000,2.406000,125.307673,3490,285,0,110,224,2092,11,0
23.827105,13.917000,118.000,16.347000,2.406000,125.308100,3490,285,0,108,222,2088,11,0
23.831223,4.118000,118.000,16.347000,2.406000,125.303198,3488,285,0,108,222,2088,11,0
23.843819,12.596000,118.000,16.347000,2.406000,125.299513,3488,285,0,108,222,2088,11,0
23.847386,3.567000,118.000,16.347000,2.406000,125.299971,3488,285,0,108,222,2088,11,0
23.860360,12.974000,118.000,16.347000,2.406000,125.300451,3488,285,0,107,222,2088,11,0
23.866122,5.762000,118.000,16.347000,2.406000,125.295496,3486,283,0,106,221,2086,11,0
23.876627,10.505000,118.000,16.347000,2.406000,125.293596,3482,283,0,105,221,2086,11,0
23.879217,2.590000,118.000,16.347000,2.406000,125.294077,3482,283,0,105,221,2086,11,0
23.893802,14.585000,118.000,16.347000,2.406000,125.300562,3492,283,0,107,221,2086,11,0
23.898102,4.300000,118.000,16.347000,2.406000,125.301043,3492,283,0,107,221,2086,11,0
23.910526,12.424000,118.000,16.347000,2.406000,125.301523,3492,283,0,105,221,2086,11,0
23.915278,4.752000,118.000,16.347000,2.406000,125.303663,3495,283,0,105,221,2086,11,0
23.926862,11.584000,118.000,16.347000,2.406000,125.304144,3495,283,0,107,221,2086,11,0
23.929606,2.744000,118.000,16.347000,2.406000,125.306265,3498,283,0,107,221,2086,11,0
23.943673,14.067000,118.000,16.347000,2.406000,125.306746,3498,283,0,106,221,2086,11,0
23.964058,20.385000,118.000,16.347000,2.406000,125.411898,3553,292,0,159,311,2266,11,0
23.977072,13.014000,118.000,16.347000,2.406000,125.412378,3553,292,0,159,311,2266,11,0
23.979149,2.077000,118.000,16.347000,2.406000,125.399240,3553,292,0,131,277,2198,11,0
23.993885,14.736000,118.000,16.347000,2.406000,125.404291,3553,292,0,138,286,2216,11,0
23.996217,2.332000,118.000,16.347000,2.406000,125.396486,3538,292,0,138,286,2216,11,0
24.010544,14.327000,118.000,16.347000,2.406000,125.395700,3541,292,0,132,280,2204,11,0
24.013124,2.580000,118.000,16.347000,2.406000,125.394541,3538,292,0,132,280,2204,11,0
24.026881,13.757000,118.000,16.347000,2.406000,125.395021,3538,292,0,132,280,2204,11,0
24.028884,2.003000,118.000,16.347000,2.406000,125.395502,3538,292,0,132,280,2204,11,0
24.043982,15.098000,118.000,16.347000,2.406000,125.395983,3538,292,0,132,280,2204,11,0
24.046577,2.595000,118.000,16.347000,2.406000,125.394823,3535,292,0,132,280,2204,11,0
24.060493,13.916000,118.000,16.347000,2.406000,125.397024,3538,292,0,132,280,2204,11,0
24.063814,3.321000,118.000,16.347000,2.406000,125.397505,3538,292,0,132,280,2204,11,0
24.076603,12.789000,118.000,16.347000,2.406000,125.397985,3538,292,0,132,280,2204,11,0
24.079534,2.931000,118.000,16.347000,2.406000,125.398466,3538,292,0,132,280,2204,11,0
24.093401,13.867000,118.000,16.347000,2.406000,125.396444,3534,292,0,130,248,2140,11,0
24.097953,4.552000,118.000,16.347000,2.406000,125.396925,3534,292,0,130,248,2140,11,0
24.110820,12.867000,118.000,16.347000,2.406000,125.392942,3532,292,0,130,248,2140,11,0
24.128504,17.684000,118.000,16.347000,2.406000,125.368898,3535,292,0,130,248,2140,11,0
24.144599,16.095000,118.000,16.347000,2.406000,125.371008,3538,292,0,131,245,2134,11,0
24.149070,4.471000,118.000,16.347000,2.406000,125.371489,3538,292,0,131,245,2134,11,0
24.155036,5.966000,118.000,16.347000,2.406000,125.365679,3535,292,0,131,245,2134,11,0
24.168705,13.669000,118.000,16.347000,2.406000,125.366159,3535,292,0,130,245,2134,11,0
24.178663,9.958000,118.000,16.347000,2.406000,125.364862,3532,292,0,130,245,2134,11,0
24.182286,3.623000,118.000,16.347000,2.406000,125.360201,3523,292,0,129,245,2134,11,0
24.194126,11.840000,118.000,16.347000,2.406000,125.362341,3526,292,0,128,244,2132,11,0
24.197500,3.374000,118.000,16.347000,2.406000,125.362803,3526,292,0,127,242,2128,11,0
24.210153,12.653000,118.000,16.347000,2.406000,125.363203,3526,292,0,126,242,2128,11,0
24.213202,3.049000,118.000,16.347000,2.406000,125.353235,3522,288,0,125,241,2126,11,0
24.227174,13.972000,118.000,16.347000,2.406000,125.349367,3515,288,0,125,241,2126,11,0
24.232221,5.047000,118.000,16.347000,2.406000,125.348207,3512,288,0,123,239,2122,11,0
24.243767,11.546000,118.000,16.347000,2.406000,125.348604,3512,288,0,123,238,2120,11,0
24.248845,5.078000,118.000,16.347000,2.406000,125.333506,3503,283,0,122,237,2118,11,0
24.252776,3.931000,118.000,16.347000,2.406000,125.327669,3493,283,0,122,237,2118,11,0
24.268846,16.070000,118.000,16.347000,2.406000,125.339678,3495,283,0,130,246,2136,11,0
24.278622,9.776000,118.000,16.347000,2.406000,125.340158,3495,283,0,130,246,2136,11,0
24.281891,3.269000,118.000,16.347000,2.406000,125.338999,3492,283,0,130,246,2136,11,0
24.293978,12.087000,118.000,16.347000,2.406000,125.336561,3492,283,0,124,240,2124,11,0
24.296687,2.709000,118.000,16.347000,2.406000,125.337042,3492,283,0,124,240,2124,11,0
24.310584,13.897000,118.000,16.347000,2.406000,125.337507,3492,283,0,124,240,2124,11,0
24.324052,13.468000,118.000,16.347000,2.406000,125.337988,3492,283,0,124,240,2124,11,0
24.336541,12.489000,118.000,16.347000,2.406000,125.338469,3492,283,0,124,240,2124,11,0
24.343260,6.719000,118.000,16.347000,2.406000,125.338949,3492,283,0,124,240,2124,11,0
24.346801,3.541000,118.000,16.347000,2.406000,125.520243,3609,331,0,124,240,2124,11,0
24.361172,14.371000,118.000,16.347000,2.406000,125.528738,3606,331,0,136,264,2172,11,1
24.368204,7.032000,118.000,16.347000,2.406000,125.529219,3606,331,0,136,264,2172,11,1
24.373546,5.342000,118.000,16.347000,2.406000,125.530783,3612,330,0,136,264,2172,11,0
24.385016,11.470000,118.000,16.347000,2.406000,125.528006,3607,330,0,137,264,2172,11,0
24.393668,8.652000,118.000,16.347000,2.406000,125.528486,3607,330,0,137,264,2172,11,0
24.397683,4.015000,118.000,16.347000,2.406000,125.528913,3607,330,0,136,261,2166,11,0
24.410240,12.557000,118.000,16.347000,2.406000,125.523344,3602,330,0,136,261,2166,11,0
24.412083,1.843000,118.000,16.347000,2.406000,125.523779,3602,330,0,136,261,2166,11,0
24.428571,16.488000,118.000,16.347000,2.406000,125.520113,3602,330,0,136,261,2166,11,0
24.430442,1.871000,118.000,16.347000,2.406000,125.520594,3602,330,0,135,261,2166,11,0
24.443727,13.285000,118.000,16.347000,2.406000,125.521074,3602,330,0,135,261,2166,11,0
24.446865,3.138000,118.000,16.347000,2.406000,125.521555,3602,330,0,134,261,2166,11,0
24.460298,13.433000,118.000,16.347000,2.406000,125.522036,3602,330,0,134,261,2166,11,0
24.465561,5.263000,118.000,16.347000,2.406000,125.522516,3602,330,0,135,261,2166,11,0
24.477464,11.903000,118.000,16.347000,2.406000,125.524645,3605,330,0,135,261,2166,11,0
24.482684,5.220000,118.000,16.347000,2.406000,125.531130,3615,330,0,134,261,2166,11,0
24.493825,11.141000,118.000,16.347000,2.406000,125.531603,3615,330,0,134,261,2166,11,0
24.495631,1.806000,118.000,16.347000,2.406000,125.532084,3615,330,0,136,261,2166,11,0
24.510548,14.917000,118.000,16.347000,2.406000,125.534239,3618,330,0,136,261,2166,11,0
24.512509,1.961000,118.000,16.347000,2.406000,125.534719,3618,330,0,136,261,2166,11,0
24.527093,14.584000,118.000,16.347000,2.406000,125.535166,3618,330,0,136,261,2166,11,0
24.528823,1.730000,118.000,16.347000,2.406000,125.535646,3618,330,0,134,260,2164,11,0
24.541585,12.762000,118.000,16.347000,2.406000,125.632448,3670,339,0,172,334,2312,11,0
24.551557,9.972000,118.000,16.347000,2.406000,125.632929,3670,339,0,172,334,2312,11,0
24.554051,2.494000,118.000,16.347000,2.406000,125.612009,3670,339,0,128,284,2212,11,0
24.568316,14.265000,118.000,16.347000,2.406000,125.612490,3670,339,0,128,284,2212,11,0
24.572544,4.228000,118.000,16.347000,2.406000,125.612970,3670,339,0,128,284,2212,11,0
24.575031,2.487000,118.000,16.347000,2.406000,125.617704,3670,339,0,135,292,2228,11,0
24.589392,14.361000,118.000,16.347000,2.406000,125.609900,3655,339,0,129,286,2216,11,0
24.591284,1.892000,118.000,16.347000,2.406000,125.607462,3655,339,0,129,286,2216,11,0
24.606069,14.785000,118.000,16.347000,2.406000,125.609610,3658,339,0,129,286,2216,11,0
24.608009,1.940000,118.000,16.347000,2.406000,125.610090,3658,339,0,130,286,2216,11,0
24.622927,14.918000,118.000,16.347000,2.406000,125.612238,3661,339,0,130,286,2216,11,0
24.624896,1.969000,118.000,16.347000,2.406000,125.601881,3656,336,0,129,285,2214,11,0
24.640493,15.597000,118.000,16.347000,2.406000,125.598623,3650,336,0,129,285,2214,11,0
24.642891,2.398000,118.000,16.347000,2.406000,125.599104,3650,336,0,129,285,2214,11,0
24.656084,13.193000,118.000,16.347000,2.406000,125.599585,3650,336,0,129,285,2214,11,0
24.660480,4.396000,118.000,16.347000,2.406000,125.600065,3650,336,0,129,285,2214,11,0
24.673032,12.552000,118.000,16.347000,2.406000,125.613150,3656,340,0,129,285,2214,11,0
24.675132,2.100000,116.000,19.853000,1.592000,125.609854,3654,340,0,128,253,2150,11,0
24.689299,14.167000,116.000,19.853000,1.592000,125.611982,3657,340,0,128,253,2150,11,0
24.691120,1.821000,116.000,19.853000,1.592000,125.612463,3657,340,0,128,253,2150,11,0
24.706229,15.109000,116.000,19.853000,1.592000,125.582792,3654,340,0,128,253,2150,11,0
24.708575,2.346000,116.000,19.853000,1.592000,125.583273,3654,340,0,128,253,2150,11,0
24.722941,14.366000,116.000,19.853000,1.592000,125.583769,3654,340,0,127,251,2146,11,0
24.724893,1.952000,116.000,19.853000,1.592000,125.584249,3654,340,0,126,251,2146,11,0
24.740195,15.302000,116.000,19.853000,1.592000,125.584734,3654,340,0,126,251,2146,11,0
24.741989,1.794000,116.000,19.853000,1.592000,125.582232,3654,340,0,127,251,2146,11,0
24.755958,13.969000,116.000,19.853000,1.592000,125.582563,3654,340,0,127,251,2146,11,0
24.760743,4.785000,116.000,19.853000,1.592000,125.579542,3648,340,0,126,251,2146,11,0
24.772860,12.117000,116.000,19.853000,1.592000,125.580008,3648,340,0,125,250,2144,11,0
24.776918,4.058000,116.000,19.853000,1.592000,125.580442,3648,340,0,124,250,2144,11,0
24.789485,12.567000,116.000,19.853000,1.592000,125.580923,3648,340,0,122,248,2140,11,0
24.791234,1.749000,116.000,19.853000,1.592000,125.581404,3648,340,0,122,247,2138,11,0
24.806150,14.916000,116.000,19.853000,1.592000,125.571451,3644,336,0,122,247,2138,11,0
24.809027,2.877000,116.000,19.853000,1.592000,125.567537,3637,336,0,121,247,2138,11,0
24.822923,13.896000,116.000,19.853000,1.592000,125.569651,3640,336,0,119,245,2134,11,0
24.825008,2.085000,116.000,19.853000,1.592000,125.570047,3640,336,0,120,244,2132,11,0
24.839529,14.521000,116.000,19.853000,1.592000,125.553301,3628,331,0,119,243,2130,11,0
24.841253,1.724000,116.000,19.853000,1.592000,125.547464,3618,331,0,118,243,2130,11,0
24.856114,14.861000,116.000,19.853000,1.592000,125.546305,3615,331,0,118,243,2130,11,0
24.858742,2.628000,116.000,19.853000,1.592000,125.560419,3617,331,0,129,255,2154,11,0
24.872778,14.036000,116.000,19.853000,1.592000,125.562559,3620,331,0,129,255,2154,11,0
24.874508,1.730000,116.000,19.853000,1.592000,125.560122,3620,331,0,123,249,2142,11,0
24.890396,15.888000,116.000,19.853000,1.592000,125.560583,3620,331,0,123,249,2142,11,0
24.892711,2.315000,116.000,19.853000,1.592000,125.561064,3620,331,0,123,249,2142,11,0
24.906157,13.446000,116.000,19.853000,1.592000,125.561544,3620,331,0,123,249,2142,11,0
24.909497,3.340000,116.000,19.853000,1.592000,125.562025,3620,331,0,123,249,2142,11,0
24.922794,13.297000,116.000,19.853000,1.592000,125.560865,3617,331,0,123,249,2142,11,0
24.924816,2.022000,116.000,19.853000,1.592000,125.561346,3617,331,0,123,249,2142,11,0
24.939377,14.561000,116.000,19.853000,1.592000,125.561827,3617,331,0,123,249,2142,11,0
24.941260,1.883000,116.000,19.853000,1.592000,125.562307,3617,331,0,123,249,2142,11,0
24.956134,14.874000,116.000,19.853000,1.592000,125.562742,3617,331,0,123,249,2142,11,0
24.957878,1.744000,116.000,19.853000,1.592000,125.563223,3617,331,0,123,249,2142,11,0
24.972738,14.860000,116.000,19.853000,1.592000,125.562063,3614,331,0,123,249,2142,11,0
24.974456,1.718000,116.000,19.853000,1.592000,125.562544,3614,331,0,123,249,2142,11,0
24.989535,15.079000,116.000,19.853000,1.592000,125.563025,3614,331,0,123,249,2142,11,0
24.991303,1.768000,116.000,19.853000,1.592000,125.563505,3614,331,0,123,249,2142,11,0
25.005915,14.612000,116.000,19.853000,1.592000,125.563932,3614,331,0,121,245,2134,11,0
25.010530,4.615000,116.000,19.853000,1.592000,125.560003,3612,331,0,121,245,2134,11,0
25.022946,12.416000,116.000,19.853000,1.592000,125.562109,3615,331,0,121,245,2134,11,0
25.034838,11.892000,116.000,19.853000,1.592000,125.557028,3615,331,0,121,245,2134,11,0
25.037199,2.361000,116.000,19.853000,1.592000,125.557508,3615,331,0,121,245,2134,11,0
25.051440,14.241000,116.000,19.853000,1.592000,125.557989,3615,331,0,120,245,2134,11,0
25.053550,2.110000,116.000,19.853000,1.592000,125.556784,3612,331,0,120,245,2134,11,0
25.069624,16.074000,116.000,19.853000,1.592000,125.557219,3612,331,0,119,245,2134,11,0
25.077011,7.387000,116.000,19.853000,1.592000,125.557699,3612,331,0,119,245,2134,11,0
25.078880,1.869000,116.000,19.853000,1.592000,125.558180,3612,331,0,121,245,2134,11,0
25.093741,14.861000,116.000,19.853000,1.592000,125.564619,3622,331,0,121,245,2134,11,0
25.105831,12.090000,116.000,19.853000,1.592000,125.565100,3622,331,0,120,245,2134,11,0
25.118721,12.890000,116.000,19.853000,1.592000,125.563940,3619,331,0,120,245,2134,11,0
25.120382,1.661000,116.000,19.853000,1.592000,125.564421,3619,331,0,121,245,2134,11,0
25.131314,10.932000,116.000,19.853000,1.592000,125.566092,3619,331,0,121,245,2134,11,2
25.133366,2.052000,116.000,19.853000,1.592000,125.566572,3619,331,0,120,245,2134,11,2
25.147946,14.580000,116.000,19.853000,1.592000,125.567671,3619,331,0,120,245,2134,11,2
25.160827,12.881000,116.000,19.853000,1.592000,125.671453,3671,340,0,173,337,2318,11,2
25.164204,3.377000,116.000,19.853000,1.592000,125.673517,3683,338,0,173,337,2318,11,0
25.166254,2.050000,116.000,19.853000,1.592000,125.653910,3673,338,0,147,305,2254,11,0
25.181199,14.945000,116.000,19.853000,1.592000,125.656042,3676,338,0,147,305,2254,11,0
25.183296,2.097000,116.000,19.853000,1.592000,125.656523,3676,338,0,147,305,2254,11,0
25.197714,14.418000,116.000,19.853000,1.592000,125.662905,3679,338,0,154,313,2270,11,0
25.199797,2.083000,116.000,19.853000,1.592000,125.655100,3664,338,0,154,313,2270,11,0
25.214485,14.688000,116.000,19.853000,1.592000,125.654310,3667,338,0,148,307,2258,11,0
25.216685,2.200000,116.000,19.853000,1.592000,125.654791,3667,338,0,148,307,2258,11,0
25.231149,14.464000,116.000,19.853000,1.592000,125.655272,3667,338,0,148,307,2258,11,0
25.233334,2.185000,116.000,19.853000,1.592000,125.655752,3667,338,0,148,307,2258,11,0
25.247888,14.554000,116.000,19.853000,1.592000,125.656233,3667,338,0,148,307,2258,11,0
25.250705,2.817000,116.000,19.853000,1.592000,125.656713,3667,338,0,148,307,2258,11,0
25.264345,13.640000,116.000,19.853000,1.592000,125.655554,3664,338,0,148,307,2258,11,0
25.266670,2.325000,116.000,19.853000,1.592000,125.656034,3664,338,0,148,307,2258,11,0
25.281221,14.551000,116.000,19.853000,1.592000,125.656469,3664,338,0,148,307,2258,11,0
25.283476,2.255000,116.000,19.853000,1.592000,125.654448,3660,338,0,148,307,2258,11,0
25.298233,14.757000,116.000,19.853000,1.592000,125.654875,3660,338,0,146,273,2190,11,0
25.300293,2.060000,116.000,19.853000,1.592000,125.650946,3658,338,0,146,273,2190,11,0
25.315206,14.913000,116.000,19.853000,1.592000,125.653093,3661,338,0,146,273,2190,11,0
25.318527,3.321000,116.000,19.853000,1.592000,125.625105,3661,338,0,146,273,2190,11,0
25.332147,13.620000,116.000,19.853000,1.592000,125.627272,3664,338,0,144,271,2186,11,0
25.335434,3.287000,116.000,19.853000,1.592000,125.627752,3664,338,0,143,269,2182,11,0
25.348004,12.570000,116.000,19.853000,1.592000,125.628263,3664,338,0,143,269,2182,11,0
25.350124,2.120000,116.000,19.853000,1.592000,125.628744,3664,338,0,142,269,2182,11,0
25.365775,15.651000,116.000,19.853000,1.592000,125.626188,3664,338,0,142,269,2182,11,0
25.369782,4.007000,116.000,19.853000,1.592000,125.626532,3664,338,0,143,269,2182,11,0
25.374478,4.696000,116.000,19.853000,1.592000,125.623541,3658,338,0,143,269,2182,11,0
25.389633,15.155000,116.000,19.853000,1.592000,125.624022,3658,338,0,139,268,2180,11,0
25.397933,8.300000,116.000,19.853000,1.592000,125.626120,3661,338,0,139,268,2180,11,0
25.402516,4.583000,116.000,19.853000,1.592000,125.626600,3661,338,0,140,266,2176,11,0
25.415800,13.284000,116.000,19.853000,1.592000,125.625433,3658,338,0,139,265,2174,11,0
25.419106,3.306000,116.000,19.853000,1.592000,125.615442,3654,334,0,136,263,2170,11,0
25.431486,12.380000,116.000,19.853000,1.592000,125.588499,3634,328,0,136,263,2170,11,0
25.433674,2.188000,116.000,19.853000,1.592000,125.581594,3622,328,0,134,261,2166,11,0
25.448113,14.439000,116.000,19.853000,1.592000,125.582041,3622,328,0,133,260,2164,11,0
25.450701,2.588000,116.000,19.853000,1.592000,125.566988,3613,323,0,130,259,2162,11,0
25.465910,15.209000,116.000,19.853000,1.592000,125.561972,3603,323,0,130,259,2162,11,1
25.470630,4.720000,116.000,19.853000,1.592000,125.563505,3609,322,0,133,259,2162,11,0
25.474941,4.311000,116.000,19.853000,1.592000,125.574472,3606,322,0,144,271,2186,11,0
25.489455,14.514000,116.000,19.853000,1.592000,125.574953,3606,322,0,144,271,2186,11,0
25.492191,2.736000,116.000,19.853000,1.592000,125.571543,3606,322,0,136,263,2170,11,0
25.506985,14.794000,116.000,19.853000,1.592000,125.572008,3606,322,0,136,263,2170,11,0
25.517224,10.239000,116.000,19.853000,1.592000,125.572489,3606,322,0,136,263,2170,11,0
25.531312,14.088000,116.000,19.853000,1.592000,125.574633,3609,322,0,136,263,2170,11,0
25.533905,2.593000,116.000,19.853000,1.592000,125.575113,3609,322,0,136,263,2170,11,0
25.547791,13.886000,116.000,19.853000,1.592000,125.575571,3609,322,0,136,263,2170,11,0
25.549646,1.855000,116.000,19.853000,1.592000,125.574411,3606,322,0,136,263,2170,11,0
25.564530,14.884000,116.000,19.853000,1.592000,125.574907,3606,322,0,136,263,2170,11,0
25.566358,1.828000,116.000,19.853000,1.592000,125.573702,3603,322,0,136,263,2170,11,0
25.581305,14.947000,116.000,19.853000,1.592000,125.575827,3606,322,0,136,263,2170,11,0
25.583210,1.905000,116.000,19.853000,1.592000,125.576307,3606,322,0,136,263,2170,11,0
25.597909,14.699000,116.000,19.853000,1.592000,125.576738,3606,322,0,136,263,2170,11,0
25.599914,2.005000,116.000,19.853000,1.592000,125.577219,3606,322,0,136,263,2170,11,0
25.614528,14.614000,116.000,19.853000,1.592000,125.577631,3606,322,0,136,263,2170,11,0
25.616417,1.889000,116.000,19.853000,1.592000,125.573702,3604,322,0,136,263,2170,11,0
25.631229,14.812000,116.000,19.853000,1.592000,125.574183,3604,322,0,134,259,2162,11,0
25.633111,1.882000,116.000,19.853000,1.592000,125.573023,3601,322,0,133,258,2160,11,0
25.648357,15.246000,116.000,19.853000,1.592000,125.572531,3601,322,0,131,256,2156,11,0
25.650515,2.158000,116.000,19.853000,1.592000,125.567396,3601,322,0,131,256,2156,11,0
25.664701,14.186000,116.000,19.853000,1.592000,125.567904,3601,322,0,131,256,2156,11,0
25.666726,2.025000,117.000,16.036000,1.413000,125.568384,3601,322,0,129,256,2156,11,0
25.681399,14.673000,117.000,16.036000,1.413000,125.568865,3601,322,0,129,256,2156,11,0
25.683211,1.812000,117.000,16.036000,1.413000,125.567705,3598,322,0,130,256,2156,11,0
25.698169,14.958000,117.000,16.036000,1.413000,125.568186,3598,322,0,130,256,2156,11,0
25.700614,2.445000,117.000,16.036000,1.413000,125.568666,3598,322,0,129,256,2156,11,0
25.715006,14.392000,117.000,16.036000,1.413000,125.575151,3608,322,0,129,256,2156,11,0
25.717250,2.244000,117.000,16.036000,1.413000,125.575632,3608,322,0,130,256,2156,11,0
25.731245,13.995000,117.000,16.036000,1.413000,125.576067,3608,322,0,130,256,2156,11,0
25.733090,1.845000,117.000,16.036000,1.413000,125.565710,3603,319,0,128,255,2154,11,0
25.748960,15.870000,117.000,16.036000,1.413000,125.562407,3597,319,0,128,255,2154,11,0
25.753383,4.423000,117.000,16.036000,1.413000,125.562841,3597,319,0,129,255,2154,11,0
25.758122,4.739000,117.000,16.036000,1.413000,125.561682,3594,319,0,129,255,2154,11,0
25.774103,15.981000,117.000,16.036000,1.413000,125.659727,3646,328,0,168,333,2310,11,0
25.781479,7.376000,117.000,16.036000,1.413000,125.675314,3656,332,0,128,285,2214,11,0
25.783943,2.464000,117.000,16.036000,1.413000,125.657026,3656,332,0,129,287,2218,11,0
25.797921,13.978000,117.000,16.036000,1.413000,125.657503,3656,332,0,129,287,2218,11,0
25.801462,3.541000,117.000,16.036000,1.413000,125.663057,3656,332,0,139,297,2238,11,0
25.814694,13.232000,117.000,16.036000,1.413000,125.650850,3633,332,0,139,297,2238,11,0
25.816753,2.059000,117.000,16.036000,1.413000,125.651331,3633,332,0,133,291,2226,11,0
25.831449,14.696000,117.000,16.036000,1.413000,125.648893,3633,332,0,133,291,2226,11,0
25.833473,2.024000,117.000,16.036000,1.413000,125.649374,3633,332,0,133,291,2226,11,0
25.848035,14.562000,117.000,16.036000,1.413000,125.649855,3633,332,0,133,291,2226,11,0
25.850881,2.846000,117.000,16.036000,1.413000,125.650335,3633,332,0,133,291,2226,11,0
25.864415,13.534000,117.000,16.036000,1.413000,125.650816,3633,332,0,133,291,2226,11,0
25.872419,8.004000,117.000,16.036000,1.413000,125.651297,3633,332,0,133,291,2226,11,0
25.875137,2.718000,117.000,16.036000,1.413000,125.653429,3636,332,0,133,291,2226,11,0
25.889553,14.416000,117.000,16.036000,1.413000,125.653910,3636,332,0,133,291,2226,11,0
25.895060,5.507000,117.000,16.036000,1.413000,125.654390,3636,332,0,133,291,2226,11,0
25.906038,10.978000,117.000,16.036000,1.413000,125.652323,3632,332,0,133,291,2226,11,0
25.915426,9.388000,117.000,16.036000,1.413000,125.654417,3635,332,0,131,257,2158,11,0
25.919019,3.593000,117.000,16.036000,1.413000,125.650488,3633,332,0,132,257,2158,11,0
25.932784,13.765000,117.000,16.036000,1.413000,125.650969,3633,332,0,132,257,2158,11,0
25.937912,5.128000,117.000,16.036000,1.413000,125.623049,3633,332,0,132,257,2158,11,0
25.941931,4.019000,117.000,16.036000,1.413000,125.623545,3633,332,0,130,255,2154,11,0
25.956584,14.653000,117.000,16.036000,1.413000,125.624025,3633,332,0,131,255,2154,11,0
25.965609,9.025000,117.000,16.036000,1.413000,125.624552,3633,332,0,131,255,2154,11,0
25.969483,3.874000,117.000,16.036000,1.413000,125.621981,3633,332,0,131,255,2154,11,0
25.983996,14.513000,117.000,16.036000,1.413000,125.622419,3633,332,0,131,255,2154,11,0
25.986131,2.135000,117.000,16.036000,1.413000,125.622763,3633,332,0,130,255,2154,11,0
25.998151,12.020000,117.000,16.036000,1.413000,125.619772,3627,332,0,130,255,2154,11,0
26.000664,2.513000,117.000,16.036000,1.413000,125.620253,3627,332,0,129,254,2152,11,0
26.015728,15.064000,117.000,16.036000,1.413000,125.622347,3630,332,0,129,254,2152,11,0
26.018866,3.138000,117.000,16.036000,1.413000,125.622828,3630,332,0,127,252,2148,11,0
26.032256,13.390000,117.000,16.036000,1.413000,125.614557,3629,328,0,126,251,2146,11,0
26.038514,6.258000,117.000,16.036000,1.413000,125.610689,3622,328,0,127,251,2146,11,0
26.047416,8.902000,117.000,16.036000,1.413000,125.611147,3622,328,0,126,250,2144,11,0
26.049933,2.517000,117.000,16.036000,1.413000,125.611628,3622,328,0,123,249,2142,11,0
26.064820,14.887000,117.000,16.036000,1.413000,125.612024,3622,328,0,122,248,2140,11,0
26.066890,2.070000,117.000,16.036000,1.413000,125.596926,3613,323,0,123,247,2138,11,0
26.081179,14.289000,117.000,16.036000,1.413000,125.590998,3603,323,0,123,247,2138,11,0
26.084721,3.542000,117.000,16.036000,1.413000,125.605421,3605,323,0,133,259,2162,11,0
26.099186,14.465000,117.000,16.036000,1.413000,125.607565,3608,323,0,133,259,2162,11,0
26.102734,3.548000,117.000,16.036000,1.413000,125.604155,3608,323,0,125,251,2146,11,0
26.115201,12.467000,117.000,16.036000,1.413000,125.624567,3627,327,0,125,251,2146,11,0
26.117835,2.634000,117.000,16.036000,1.413000,125.625471,3627,327,0,127,253,2150,11,0
26.132055,14.220000,117.000,16.036000,1.413000,125.625937,3627,327,0,127,253,2150,11,0
26.137393,5.338000,117.000,16.036000,1.413000,125.626417,3627,327,0,127,253,2150,11,0
26.141273,3.880000,117.000,16.036000,1.413000,125.626886,3627,327,0,127,253,2150,11,0
26.158823,17.550000,117.000,16.036000,1.413000,125.627367,3627,327,0,127,253,2150,11,0
26.165946,7.123000,117.000,16.036000,1.413000,125.627859,3627,327,0,127,253,2150,11,0
26.169588,3.642000,117.000,16.036000,1.413000,125.628340,3627,327,0,127,253,2150,11,0
26.182202,12.614000,117.000,16.036000,1.413000,125.628790,3627,327,0,127,253,2150,11,0
26.186604,4.402000,117.000,16.036000,1.413000,125.629271,3627,327,0,127,253,2150,11,0
26.193060,6.456000,117.000,16.036000,1.413000,125.629782,3627,327,0,127,253,2150,11,0
26.206822,13.762000,117.000,16.036000,1.413000,125.630217,3627,327,0,127,253,2150,11,0
26.214763,7.941000,117.000,16.036000,1.413000,125.630720,3627,327,0,127,253,2150,11,0
26.216753,1.990000,117.000,16.036000,1.413000,125.631201,3627,327,0,127,253,2150,11,0
26.232332,15.579000,117.000,16.036000,1.413000,125.633307,3630,327,0,125,249,2142,11,0
26.235832,3.500000,117.000,16.036000,1.413000,125.629377,3628,327,0,125,249,2142,11,0
26.248162,12.330000,117.000,16.036000,1.413000,125.628180,3625,327,0,123,247,2138,11,0
26.250667,2.505000,117.000,16.036000,1.413000,125.622072,3625,327,0,123,247,2138,11,0
26.265889,15.222000,117.000,16.036000,1.413000,125.620939,3622,327,0,123,247,2138,11,0
26.269583,3.694000,117.000,16.036000,1.413000,125.621420,3622,327,0,122,247,2138,11,0
26.282835,13.252000,117.000,16.036000,1.413000,125.625189,3628,327,0,122,247,2138,11,0
26.297962,15.127000,117.000,16.036000,1.413000,125.625669,3628,327,0,122,247,2138,11,0
26.304134,6.172000,117.000,16.036000,1.413000,125.626143,3628,327,0,122,247,2138,11,0
26.307428,3.294000,117.000,16.036000,1.413000,125.626623,3628,327,0,122,247,2138,11,0
26.323131,15.703000,117.000,16.036000,1.413000,125.633078,3638,327,0,122,247,2138,11,0
26.331356,8.225000,117.000,16.036000,1.413000,125.633558,3638,327,0,122,247,2138,11,0
26.336347,4.991000,117.000,16.036000,1.413000,125.632429,3635,327,0,122,247,2138,11,0
26.347973,11.626000,117.000,16.036000,1.413000,125.632910,3635,327,0,122,247,2138,11,0
26.352323,4.350000,117.000,16.036000,1.413000,125.631720,3632,327,0,122,247,2138,11,0
26.364349,12.026000,117.000,16.036000,1.413000,125.632200,3632,327,0,122,247,2138,11,0
26.373775,9.426000,117.000,16.036000,1.413000,125.632711,3632,327,0,122,247,2138,11,0
26.389134,15.359000,117.000,16.036000,1.413000,125.735250,3684,336,0,172,335,2314,11,0
26.392462,3.328000,117.000,16.036000,1.413000,125.734091,3681,336,0,172,335,2314,11,0
26.406294,13.832000,117.000,16.036000,1.413000,125.720953,3681,336,0,144,301,2246,11,0
26.413968,7.674000,117.000,16.036000,1.413000,125.721434,3681,336,0,144,301,2246,11,0
26.417630,3.662000,117.000,16.036000,1.413000,125.726988,3681,336,0,154,311,2266,11,0
26.430784,13.154000,117.000,16.036000,1.413000,125.716375,3661,336,0,154,311,2266,11,0
26.433188,2.404000,117.000,16.036000,1.413000,125.712965,3661,336,0,146,303,2250,11,0
26.447648,14.460000,117.000,16.036000,1.413000,125.713446,3661,336,0,146,303,2250,11,0
26.452916,5.268000,117.000,16.036000,1.413000,125.713926,3661,336,0,146,303,2250,11,0
26.464164,11.248000,117.000,16.036000,1.413000,125.714407,3661,336,0,146,303,2250,11,0
26.467020,2.856000,117.000,16.036000,1.413000,125.713247,3658,336,0,146,303,2250,11,0
26.480768,13.748000,117.000,16.036000,1.413000,125.713682,3658,336,0,146,303,2250,11,0
26.483230,2.462000,117.000,16.036000,1.413000,125.714163,3658,336,0,146,303,2250,11,0
26.499286,16.056000,117.000,16.036000,1.413000,125.714598,3658,336,0,146,303,2250,11,0
26.504051,4.765000,117.000,16.036000,1.413000,125.715078,3658,336,0,146,303,2250,11,0
26.509070,5.019000,117.000,16.036000,1.413000,125.713057,3654,336,0,146,303,2250,11,0
26.523029,13.959000,117.000,16.036000,1.413000,125.710211,3648,336,0,144,269,2182,11,0
26.532257,9.228000,117.000,16.036000,1.413000,125.710638,3648,336,0,144,269,2182,11,0
26.535538,3.281000,117.000,16.036000,1.413000,125.706709,3646,336,0,144,269,2182,11,0
26.549164,13.626000,117.000,16.036000,1.413000,125.678797,3646,336,0,144,269,2182,11,0
26.553372,4.208000,117.000,16.036000,1.413000,125.679277,3646,336,0,143,267,2178,11,0
26.564987,11.615000,117.000,16.036000,1.413000,125.680658,3646,336,0,143,267,2178,11,1
26.567361,2.374000,117.000,16.036000,1.413000,125.681139,3646,336,0,143,267,2178,11,1
26.583134,15.773000,117.000,16.036000,1.413000,125.680857,3655,335,0,143,267,2178,11,0
26.586263,3.129000,117.000,16.036000,1.413000,125.678080,3650,335,0,143,267,2178,11,0
26.599816,13.553000,117.000,16.036000,1.413000,125.678431,3650,335,0,143,267,2178,11,0
26.603274,3.458000,117.000,16.036000,1.413000,125.675409,3644,335,0,144,267,2178,11,0
26.615455,12.181000,117.000,16.036000,1.413000,125.677534,3647,335,0,143,266,2176,11,0
26.619025,3.570000,117.000,16.036000,1.413000,125.678015,3647,335,0,142,266,2176,11,0
26.631707,12.682000,117.000,16.036000,1.413000,125.678507,3647,335,0,140,264,2172,11,0
26.634029,2.322000,117.000,16.036000,1.413000,125.668585,3643,331,0,139,263,2170,11,0
26.649029,15.000000,117.000,16.036000,1.413000,125.664625,3636,331,0,139,263,2170,11,0
26.652883,3.854000,117.000,16.036000,1.413000,125.665106,3636,331,0,137,262,2168,11,0
26.665387,12.504000,117.000,16.036000,1.413000,125.665632,3636,331,0,136,261,2166,11,0
26.669274,3.887000,118.000,17.489000,1.913000,125.666029,3636,331,0,136,260,2164,11,0
26.682775,13.501000,118.000,17.489000,1.913000,125.650869,3627,326,0,135,259,2162,11,0
26.686205,3.430000,118.000,17.489000,1.913000,125.645033,3617,326,0,135,259,2162,11,0
26.699905,13.700000,118.000,17.489000,1.913000,125.647459,3620,326,0,135,259,2162,11,0
26.714932,15.027000,118.000,17.489000,1.913000,125.657877,3616,326,0,146,271,2186,11,0
26.717311,2.379000,118.000,17.489000,1.913000,125.654467,3616,326,0,138,263,2170,11,0
26.732454,15.143000,118.000,17.489000,1.913000,125.656626,3619,326,0,138,263,2170,11,0
26.736800,4.346000,118.000,17.489000,1.913000,125.657106,3619,326,0,137,262,2168,11,0
26.748519,11.719000,118.000,17.489000,1.913000,125.657507,3619,326,0,137,262,2168,11,0
26.751196,2.677000,118.000,17.489000,1.913000,125.657988,3619,326,0,137,262,2168,11,0
26.765826,14.630000,118.000,17.489000,1.913000,125.658484,3619,326,0,137,262,2168,11,0
26.781297,15.471000,118.000,17.489000,1.913000,125.658964,3619,326,0,137,262,2168,11,0
26.785357,4.060000,118.000,17.489000,1.913000,125.659399,3619,326,0,137,262,2168,11,0
26.798065,12.708000,118.000,17.489000,1.913000,125.659880,3619,326,0,137,262,2168,11,0
26.803619,5.554000,118.000,17.489000,1.913000,125.681459,3641,330,0,137,262,2168,11,0
26.808070,4.451000,118.000,17.489000,1.913000,125.680605,3638,330,0,139,264,2172,11,0
26.822430,14.360000,118.000,17.489000,1.913000,125.681040,3638,330,0,139,264,2172,11,0
26.831894,9.464000,118.000,17.489000,1.913000,125.681520,3638,330,0,139,264,2172,11,0
26.834953,3.059000,118.000,17.489000,1.913000,125.682001,3638,330,0,138,263,2170,11,0
26.848327,13.374000,118.000,17.489000,1.913000,125.672049,3633,327,0,135,259,2162,11,0
26.850968,2.641000,118.000,17.489000,1.913000,125.668783,3627,327,0,135,259,2162,11,0
26.865336,14.368000,118.000,17.489000,1.913000,125.664835,3625,327,0,135,259,2162,11,0
26.868841,3.505000,118.000,17.489000,1.913000,125.659700,3625,327,0,136,259,2162,11,0
26.882403,13.562000,118.000,17.489000,1.913000,125.675337,3635,331,0,136,259,2162,11,0
26.887963,5.560000,118.000,17.489000,1.913000,125.684237,3645,332,0,136,261,2166,11,0
26.893124,5.161000,118.000,17.489000,1.913000,125.682814,3642,332,0,137,262,2168,11,0
26.906273,13.149000,118.000,17.489000,1.913000,125.683294,3642,332,0,138,262,2168,11,0
26.915133,8.860000,118.000,17.489000,1.913000,125.683775,3642,332,0,138,262,2168,11,0
26.917469,2.336000,118.000,17.489000,1.913000,125.690260,3652,332,0,137,262,2168,11,0
26.932662,15.193000,118.000,17.489000,1.913000,125.692389,3655,332,0,137,262,2168,11,0
26.935358,2.696000,118.000,17.489000,1.913000,125.691229,3652,332,0,138,262,2168,11,0
26.949245,13.887000,118.000,17.489000,1.913000,125.691702,3652,332,0,138,262,2168,11,0
26.952712,3.467000,118.000,17.489000,1.913000,125.692183,3652,332,0,137,262,2168,11,0
26.966335,13.623000,118.000,17.489000,1.913000,125.691023,3649,332,0,137,262,2168,11,0
26.981506,15.171000,118.000,17.489000,1.913000,125.691504,3649,332,0,138,262,2168,11,0
27.001147,19.641000,118.000,17.489000,1.913000,125.788973,3704,341,0,176,337,2318,11,0
27.014432,13.285000,118.000,17.489000,1.913000,125.769999,3704,341,0,136,291,2226,11,0
27.016365,1.933000,118.000,17.489000,1.913000,125.770479,3704,341,0,136,291,2226,11,0
27.031295,14.930000,118.000,17.489000,1.913000,125.776701,3704,341,0,146,302,2248,11,0
27.033421,2.126000,118.000,17.489000,1.913000,125.766134,3684,341,0,146,302,2248,11,0
27.047980,14.559000,118.000,17.489000,1.913000,125.761084,3681,341,0,138,294,2232,11,0
27.050710,2.730000,118.000,17.489000,1.913000,125.761518,3681,341,0,138,294,2232,11,0
27.064848,14.138000,118.000,17.489000,1.913000,125.761953,3681,341,0,138,294,2232,11,0
27.066895,2.047000,118.000,17.489000,1.913000,125.762434,3681,341,0,138,294,2232,11,0
27.082218,15.323000,118.000,17.489000,1.913000,125.762915,3681,341,0,137,293,2230,11,0
27.085035,2.817000,118.000,17.489000,1.913000,125.761755,3678,341,0,137,293,2230,11,0
27.098002,12.967000,118.000,17.489000,1.913000,125.762236,3678,341,0,137,293,2230,11,0
27.101379,3.377000,118.000,17.489000,1.913000,125.762716,3678,341,0,137,293,2230,11,0
27.115533,14.154000,118.000,17.489000,1.913000,125.763197,3678,341,0,137,293,2230,11,0
27.120790,5.257000,118.000,17.489000,1.913000,125.763678,3678,341,0,137,293,2230,11,0
27.131218,10.428000,118.000,17.489000,1.913000,125.761610,3674,341,0,135,260,2164,11,0
27.135809,4.591000,118.000,17.489000,1.913000,125.762091,3674,341,0,135,260,2164,11,0
27.147885,12.076000,118.000,17.489000,1.913000,125.762518,3674,341,0,135,260,2164,11,0
27.151764,3.879000,118.000,17.489000,1.913000,125.731710,3672,341,0,135,260,2164,11,0
27.164513,12.749000,118.000,17.489000,1.913000,125.732191,3672,341,0,133,257,2158,11,0
27.168622,4.109000,118.000,17.489000,1.913000,125.731047,3669,341,0,133,257,2158,11,0
27.180853,12.231000,118.000,17.489000,1.913000,125.731527,3669,341,0,132,257,2158,11,0
27.183877,3.024000,118.000,17.489000,1.913000,125.727468,3669,341,0,132,257,2158,11,0
27.197850,13.973000,118.000,17.489000,1.913000,125.727949,3669,341,0,133,257,2158,11,0
27.205004,7.154000,118.000,17.489000,1.913000,125.729891,3672,341,0,133,257,2158,11,0
27.208867,3.863000,118.000,17.489000,1.913000,125.726870,3666,341,0,133,257,2158,11,0
27.222975,14.108000,118.000,17.489000,1.913000,125.725721,3663,341,0,132,256,2156,11,0
27.231057,8.082000,118.000,17.489000,1.913000,125.726202,3663,341,0,132,256,2156,11,0
27.234992,3.935000,118.000,17.489000,1.913000,125.726637,3663,341,0,130,254,2152,11,0
27.247762,12.770000,118.000,17.489000,1.913000,125.716715,3659,337,0,129,253,2150,11,0
27.253824,6.062000,118.000,17.489000,1.913000,125.712831,3652,337,0,128,252,2148,11,0
27.256722,2.898000,118.000,17.489000,1.913000,125.710123,3647,337,0,127,251,2146,11,0
27.273092,16.370000,118.000,17.489000,1.913000,125.710588,3647,337,0,126,250,2144,11,0
27.280811,7.719000,118.000,17.489000,1.913000,125.710985,3647,337,0,125,249,2142,11,0
27.283790,2.979000,118.000,17.489000,1.913000,125.697550,3641,332,0,124,248,2140,11,0
27.298184,14.394000,118.000,17.489000,1.913000,125.691668,3631,332,0,124,248,2140,11,0
27.315730,17.546000,118.000,17.489000,1.913000,125.692110,3631,332,0,124,248,2140,11,0
27.322110,6.380000,118.000,17.489000,1.913000,125.708181,3636,332,0,134,260,2164,11,0
27.325439,3.329000,118.000,17.489000,1.913000,125.708616,3636,332,0,134,260,2164,11,0
27.340761,15.322000,118.000,17.489000,1.913000,125.705175,3636,332,0,126,252,2148,11,0
27.344754,3.993000,118.000,17.489000,1.913000,125.705656,3636,332,0,126,252,2148,11,0
27.358386,13.632000,118.000,17.489000,1.913000,125.706182,3636,332,0,126,252,2148,11,0
27.361043,2.657000,118.000,17.489000,1.913000,125.706663,3636,332,0,126,252,2148,11,0
27.374086,13.043000,118.000,17.489000,1.913000,125.581484,3589,292,0,126,252,2148,11,0
27.377311,3.225000,118.000,17.489000,1.913000,125.549799,3539,292,0,116,232,2108,11,0
27.390314,13.003000,118.000,17.489000,1.913000,125.550291,3539,292,0,116,232,2108,11,0
27.393858,3.544000,118.000,17.489000,1.913000,125.550772,3539,292,0,116,232,2108,11,0
27.407558,13.700000,118.000,17.489000,1.913000,125.551252,3539,292,0,116,232,2108,11,0
27.414095,6.537000,118.000,17.489000,1.913000,125.551733,3539,292,0,116,232,2108,11,0
27.417074,2.979000,118.000,17.489000,1.913000,125.553858,3542,292,0,116,232,2108,11,0
27.431352,14.278000,118.000,17.489000,1.913000,125.554338,3542,292,0,116,232,2108,11,0
27.436494,5.142000,118.000,17.489000,1.913000,125.554842,3542,292,0,116,232,2108,11,0
27.444192,7.698000,118.000,17.489000,1.913000,125.555323,3542,292,0,116,232,2108,11,0
27.457931,13.739000,118.000,17.489000,1.913000,125.555803,3542,292,0,114,228,2100,11,0
27.464093,6.162000,118.000,17.489000,1.913000,125.551821,3540,292,0,111,226,2096,11,0
27.467168,3.075000,118.000,17.489000,1.913000,125.551298,3540,292,0,111,226,2096,11,0
27.481336,14.168000,118.000,17.489000,1.913000,125.546164,3540,292,0,112,226,2096,11,0
27.485435,4.099000,118.000,17.489000,1.913000,125.546652,3540,292,0,112,226,2096,11,0
27.499460,14.025000,118.000,17.489000,1.913000,125.548750,3543,292,0,111,226,2096,11,0
27.503507,4.047000,118.000,17.489000,1.913000,125.549185,3543,292,0,112,226,2096,11,0
27.515039,11.532000,118.000,17.489000,1.913000,125.549704,3543,292,0,112,226,2096,11,0
27.522762,7.723000,118.000,17.489000,1.913000,125.548544,3540,292,0,111,226,2096,11,0
27.526755,3.993000,118.000,17.489000,1.913000,125.555029,3550,292,0,111,226,2096,11,0
27.539643,12.888000,118.000,17.489000,1.913000,125.555510,3550,292,0,111,226,2096,11,0
27.545814,6.171000,118.000,17.489000,1.913000,125.555964,3550,292,0,111,226,2096,11,0
27.549635,3.821000,118.000,17.489000,1.913000,125.558344,3553,292,0,112,226,2096,11,0
27.566307,16.672000,118.000,17.489000,1.913000,125.553221,3544,292,0,112,226,2096,11,0
27.571307,5.000000,118.000,17.489000,1.913000,125.553701,3544,292,0,112,226,2096,11,0
27.574656,3.349000,118.000,17.489000,1.913000,125.554152,3544,292,0,112,226,2096,11,0
27.587325,12.669000,118.000,17.489000,1.913000,125.657221,3596,301,0,164,315,2274,11,0
27.598294,10.969000,118.000,17.489000,1.913000,125.656015,3593,301,0,164,315,2274,11,0
27.600661,2.367000,118.000,17.489000,1.913000,125.643850,3593,301,0,138,283,2210,11,0
27.614507,13.846000,118.000,17.489000,1.913000,125.644331,3593,301,0,138,283,2210,11,0
27.616454,1.947000,118.000,17.489000,1.913000,125.644812,3593,301,0,138,283,2210,11,0
27.631648,15.194000,118.000,17.489000,1.913000,125.652708,3596,301,0,148,294,2232,11,0
27.633660,2.012000,118.000,17.489000,1.913000,125.638250,3576,301,0,140,286,2216,11,0
27.647969,14.309000,118.000,17.489000,1.913000,125.638685,3576,301,0,140,286,2216,11,0
27.650767,2.798000,118.000,17.489000,1.913000,125.637526,3573,301,0,140,286,2216,11,0
27.664769,14.002000,118.000,17.489000,1.913000,125.638922,3573,301,0,140,286,2216,11,1
27.666834,2.065000,114.000,18.998000,2.288000,125.637762,3570,301,0,140,286,2216,11,1
27.681797,14.963000,114.000,18.998000,2.288000,125.639101,3579,300,0,140,286,2216,11,0
27.685361,3.564000,114.000,18.998000,2.288000,125.636324,3574,300,0,140,286,2216,11,0
27.699426,14.065000,114.000,18.998000,2.288000,125.636805,3574,300,0,140,286,2216,11,0
27.703538,4.112000,114.000,18.998000,2.288000,125.637285,3574,300,0,140,286,2216,11,0
27.714504,10.966000,114.000,18.998000,2.288000,125.637766,3574,300,0,140,286,2216,11,0
27.716946,2.442000,114.000,18.998000,2.288000,125.635744,3570,300,0,140,286,2216,11,0
27.732009,15.063000,114.000,18.998000,2.288000,125.634531,3567,300,0,138,253,2150,11,0
27.735834,3.825000,114.000,18.998000,2.288000,125.630602,3565,300,0,138,253,2150,11,0
27.749108,13.274000,114.000,18.998000,2.288000,125.631083,3565,300,0,138,253,2150,11,0
27.754016,4.908000,114.000,18.998000,2.288000,125.604681,3565,300,0,138,253,2150,11,0
27.758313,4.297000,114.000,18.998000,2.288000,125.605185,3565,300,0,138,253,2150,11,0
27.772496,14.183000,114.000,18.998000,2.288000,125.605665,3565,300,0,135,250,2144,11,0
27.782370,9.874000,114.000,18.998000,2.288000,125.604460,3562,300,0,135,250,2144,11,0
27.786281,3.911000,114.000,18.998000,2.288000,125.604895,3562,300,0,136,250,2144,11,0
27.798853,12.572000,114.000,18.998000,2.288000,125.600866,3562,300,0,136,250,2144,11,0
27.801441,2.588000,114.000,18.998000,2.288000,125.604422,3567,300,0,135,250,2144,11,0
27.816095,14.654000,114.000,18.998000,2.288000,125.599470,3558,300,0,135,250,2144,11,0
27.821047,4.952000,114.000,18.998000,2.288000,125.599951,3558,300,0,134,249,2142,11,0
27.824737,3.690000,114.000,18.998000,2.288000,125.600477,3558,300,0,134,249,2142,11,0
27.839239,14.502000,114.000,18.998000,2.288000,125.600958,3558,300,0,131,246,2136,11,0
27.844993,5.754000,114.000,18.998000,2.288000,125.590960,3554,296,0,130,245,2134,11,0
27.855779,10.786000,114.000,18.998000,2.288000,125.587091,3547,296,0,131,245,2134,11,0
27.864716,8.937000,114.000,18.998000,2.288000,125.585917,3544,296,0,130,244,2132,11,0
27.866715,1.999000,114.000,18.998000,2.288000,125.586397,3544,296,0,129,243,2130,11,0
27.881286,14.571000,114.000,18.998000,2.288000,125.586824,3544,296,0,128,242,2128,11,0
27.883142,1.856000,114.000,18.998000,2.288000,125.571772,3535,291,0,127,241,2126,11,0
27.897943,14.801000,114.000,18.998000,2.288000,125.565874,3525,291,0,127,241,2126,11,0
27.899800,1.857000,114.000,18.998000,2.288000,125.566355,3525,291,0,127,241,2126,11,0
27.914455,14.655000,114.000,18.998000,2.288000,125.579069,3524,291,0,137,253,2150,11,0
27.916264,1.809000,114.000,18.998000,2.288000,125.579550,3524,291,0,137,253,2150,11,0
27.931449,15.185000,114.000,18.998000,2.288000,125.576109,3524,291,0,129,245,2134,11,0
27.933313,1.864000,114.000,18.998000,2.288000,125.566198,3519,288,0,128,244,2132,11,0
27.947820,14.507000,114.000,18.998000,2.288000,125.562971,3513,288,0,128,244,2132,11,0
27.949635,1.815000,114.000,18.998000,2.288000,125.563406,3513,288,0,128,244,2132,11,0
27.964322,14.687000,114.000,18.998000,2.288000,125.563871,3513,288,0,128,244,2132,11,0
27.966037,1.715000,114.000,18.998000,2.288000,125.564352,3513,288,0,128,244,2132,11,0
27.981395,15.358000,114.000,18.998000,2.288000,125.583075,3526,292,0,128,244,2132,11,0
27.983242,1.847000,114.000,18.998000,2.288000,125.584242,3526,292,0,129,245,2134,11,0
27.997858,14.616000,114.000,18.998000,2.288000,125.584513,3526,292,0,129,245,2134,11,0
27.999588,1.730000,114.000,18.998000,2.288000,125.584993,3526,292,0,129,245,2134,11,0
28.014383,14.795000,114.000,18.998000,2.288000,125.587141,3529,292,0,129,245,2134,11,0
28.016103,1.720000,114.000,18.998000,2.288000,125.587622,3529,292,0,129,245,2134,11,0
28.031673,15.570000,114.000,18.998000,2.288000,125.588087,3529,292,0,129,245,2134,11,0
28.033465,1.792000,114.000,18.998000,2.288000,125.588568,3529,292,0,129,245,2134,11,0
28.047625,14.160000,114.000,18.998000,2.288000,125.589041,3529,292,0,129,245,2134,11,0
28.049335,1.710000,114.000,18.998000,2.288000,125.585112,3527,292,0,127,241,2126,11,0
28.065415,16.080000,114.000,18.998000,2.288000,125.585592,3527,292,0,127,241,2126,11,0
28.069311,3.896000,114.000,18.998000,2.288000,125.586073,3527,292,0,126,241,2126,11,0
28.082198,12.887000,114.000,18.998000,2.288000,125.580885,3527,292,0,126,241,2126,11,0
28.086352,4.154000,114.000,18.998000,2.288000,125.581366,3527,292,0,127,241,2126,11,0
28.092879,6.527000,114.000,18.998000,2.288000,125.581877,3527,292,0,127,241,2126,11,0
28.106182,13.303000,114.000,18.998000,2.288000,125.582357,3527,292,0,127,241,2126,11,0
28.115274,9.092000,114.000,18.998000,2.288000,125.585749,3530,292,0,127,241,2126,11,0
28.118724,3.450000,114.000,18.998000,2.288000,125.586229,3530,292,0,127,241,2126,11,0
28.132343,13.619000,114.000,18.998000,2.288000,125.594404,3543,292,0,127,241,2126,11,0
28.136471,4.128000,114.000,18.998000,2.288000,125.594885,3543,292,0,127,241,2126,11,0
28.149313,12.842000,114.000,18.998000,2.288000,125.595327,3543,292,0,127,241,2126,11,0
28.151502,2.189000,114.000,18.998000,2.288000,125.595808,3543,292,0,125,241,2126,11,0
28.165269,13.767000,114.000,18.998000,2.288000,125.596289,3543,292,0,124,240,2124,11,0
28.169697,4.428000,114.000,18.998000,2.288000,125.593580,3538,292,0,126,240,2124,11,0
28.181980,12.283000,114.000,18.998000,2.288000,125.594061,3538,292,0,126,240,2124,11,0
28.195191,13.211000,114.000,18.998000,2.288000,125.688955,3590,301,0,160,311,2266,11,0
28.206325,11.134000,114.000,18.998000,2.288000,125.805265,3707,325,0,160,311,2266,11,0
28.213970,7.645000,114.000,18.998000,2.288000,125.788088,3707,325,0,131,275,2194,11,0
28.216272,2.302000,114.000,18.998000,2.288000,125.786837,3704,325,0,131,275,2194,11,0
28.230848,14.576000,114.000,18.998000,2.288000,125.787317,3704,325,0,131,275,2194,11,0
28.233594,2.746000,114.000,18.998000,2.288000,125.793539,3704,325,0,141,286,2216,11,0
28.247605,14.011000,114.000,18.998000,2.288000,125.782972,3684,325,0,141,286,2216,11,0
28.250924,3.319000,114.000,18.998000,2.288000,125.779589,3684,325,0,133,278,2200,11,0
28.264329,13.405000,114.000,18.998000,2.288000,125.780069,3684,325,0,133,278,2200,11,0
28.270651,6.322000,114.000,18.998000,2.288000,125.780550,3684,325,0,133,278,2200,11,0
28.276101,5.450000,114.000,18.998000,2.288000,125.781031,3684,325,0,133,278,2200,11,0
28.291132,15.031000,114.000,18.998000,2.288000,125.783182,3687,325,0,133,278,2200,11,0
28.293811,2.679000,114.000,18.998000,2.288000,125.783663,3687,325,0,133,278,2200,11,0
28.306875,13.064000,114.000,18.998000,2.288000,125.784143,3687,325,0,133,278,2200,11,0
28.314163,7.288000,114.000,18.998000,2.288000,125.784624,3687,325,0,133,278,2200,11,0
28.327541,13.378000,114.000,18.998000,2.288000,125.785105,3687,325,0,133,278,2200,11,0
28.340566,13.025000,114.000,18.998000,2.288000,125.784700,3686,325,0,133,278,2200,11,0
28.346660,6.094000,114.000,18.998000,2.288000,125.767649,3679,320,0,130,244,2132,11,0
28.349935,3.275000,114.000,18.998000,2.288000,125.762491,3669,320,0,130,244,2132,11,0
28.364949,15.014000,114.000,18.998000,2.288000,125.723459,3662,316,0,130,244,2132,11,0
28.372933,7.984000,114.000,18.998000,2.288000,125.901598,3773,364,0,130,244,2132,11,0
28.376624,3.691000,114.000,18.998000,2.288000,125.910822,3773,364,0,143,268,2180,11,0
28.390433,13.809000,114.000,18.998000,2.288000,125.912977,3776,364,0,141,265,2174,11,0
28.393786,3.353000,114.000,18.998000,2.288000,125.913458,3776,364,0,140,265,2174,11,0
28.407105,13.319000,114.000,18.998000,2.288000,125.909372,3776,364,0,140,265,2174,11,0
28.414526,7.421000,114.000,18.998000,2.288000,125.909716,3776,364,0,140,265,2174,11,0
28.418341,3.815000,114.000,18.998000,2.288000,125.906649,3770,364,0,140,265,2174,11,0
28.430913,12.572000,114.000,18.998000,2.288000,125.907129,3770,364,0,138,264,2172,11,0
28.433807,2.894000,114.000,18.998000,2.288000,125.906000,3767,364,0,138,264,2172,11,0
28.448193,14.386000,114.000,18.998000,2.288000,125.906481,3767,364,0,137,262,2168,11,0
28.466225,18.032000,114.000,18.998000,2.288000,125.898142,3766,360,0,136,261,2166,11,0
28.471899,5.674000,114.000,18.998000,2.288000,125.894300,3759,360,0,135,261,2166,11,0
28.475136,3.237000,114.000,18.998000,2.288000,125.894781,3759,360,0,134,259,2162,11,0
28.489368,14.232000,114.000,18.998000,2.288000,125.895216,3759,360,0,134,259,2162,11,0
28.491344,1.976000,114.000,18.998000,2.288000,125.893972,3756,360,0,133,258,2160,11,0
28.507957,16.613000,114.000,18.998000,2.288000,125.878904,3747,355,0,132,257,2158,11,0
28.514521,6.564000,114.000,18.998000,2.288000,125.873068,3737,355,0,130,257,2158,11,0
28.521085,6.564000,114.000,18.998000,2.288000,125.885820,3736,355,0,143,269,2182,11,0
28.531284,10.199000,114.000,18.998000,2.288000,125.886301,3736,355,0,143,269,2182,11,0
28.535248,3.964000,114.000,18.998000,2.288000,125.886812,3736,355,0,135,261,2166,11,0
28.548130,12.882000,114.000,18.998000,2.288000,125.883402,3736,355,0,135,261,2166,11,0
28.568982,20.852000,114.000,18.998000,2.288000,125.883821,3736,355,0,135,261,2166,11,0
28.574107,5.125000,114.000,18.998000,2.288000,125.882677,3733,355,0,135,261,2166,11,0
28.591242,17.135000,114.000,18.998000,2.288000,125.883127,3733,355,0,135,261,2166,11,0
28.594406,3.164000,114.000,18.998000,2.288000,125.883608,3733,355,0,135,261,2166,11,0
28.607016,12.610000,114.000,18.998000,2.288000,125.884134,3733,355,0,135,261,2166,11,0
28.614453,7.437000,114.000,18.998000,2.288000,125.884584,3733,355,0,135,261,2166,11,0
28.616351,1.898000,114.000,18.998000,2.288000,125.883425,3730,355,0,135,261,2166,11,0
28.632188,15.837000,114.000,18.998000,2.288000,125.883905,3730,355,0,135,261,2166,11,0
28.635777,3.589000,114.000,18.998000,2.288000,125.884386,3730,355,0,135,261,2166,11,0
28.647431,11.654000,114.000,18.998000,2.288000,125.884867,3730,355,0,135,261,2166,11,0
28.650136,2.705000,114.000,18.998000,2.288000,125.885347,3730,355,0,133,257,2158,11,0
28.664243,14.107000,114.000,18.998000,2.288000,125.885775,3730,355,0,133,257,2158,11,0
28.667464,3.221000,115.000,16.529000,4.001000,125.877920,3731,355,0,133,257,2158,11,0
28.681344,13.880000,115.000,16.529000,4.001000,125.876760,3728,355,0,133,257,2158,11,0
28.685175,3.831000,115.000,16.529000,4.001000,125.888601,3746,355,0,133,257,2158,11,0
28.698111,12.936000,115.000,16.529000,4.001000,125.855391,3692,355,0,132,257,2158,11,0
28.703286,5.175000,115.000,16.529000,4.001000,125.857561,3695,355,0,132,257,2158,11,0
28.714392,11.106000,115.000,16.529000,4.001000,125.858042,3695,355,0,132,257,2158,11,0
28.718248,3.856000,115.000,16.529000,4.001000,125.858488,3695,355,0,132,257,2158,11,0
28.730801,12.553000,115.000,16.529000,4.001000,125.864973,3705,355,0,132,257,2158,11,0
28.733854,3.053000,115.000,16.529000,4.001000,125.865454,3705,355,0,132,257,2158,11,0
28.748178,14.324000,115.000,16.529000,4.001000,125.865934,3705,355,0,131,257,2158,11,0
28.765814,17.636000,115.000,16.529000,4.001000,125.867331,3705,355,0,131,257,2158,11,1
28.771098,5.284000,115.000,16.529000,4.001000,125.867811,3705,355,0,132,257,2158,11,1
28.775519,4.421000,115.000,16.529000,4.001000,125.868944,3711,354,0,132,257,2158,11,0
28.789369,13.850000,115.000,16.529000,4.001000,125.866167,3706,354,0,131,257,2158,11,0
28.803494,14.125000,115.000,16.529000,4.001000,125.969046,3758,363,0,184,346,2336,11,0
28.814118,10.624000,115.000,16.529000,4.001000,125.969526,3758,363,0,184,346,2336,11,0
28.816629,2.511000,115.000,16.529000,4.001000,125.959013,3761,363,0,158,316,2276,11,0
28.831477,14.848000,115.000,16.529000,4.001000,125.961145,3764,363,0,158,316,2276,11,0
28.834366,2.889000,115.000,16.529000,4.001000,125.967356,3764,363,0,168,327,2298,11,0
28.848312,13.946000,115.000,16.529000,4.001000,125.956789,3744,363,0,168,327,2298,11,0
28.852502,4.190000,115.000,16.529000,4.001000,125.974882,3774,363,0,160,319,2282,11,0
28.865253,12.751000,115.000,16.529000,4.001000,125.963964,3756,363,0,160,319,2282,11,0
28.870642,5.389000,115.000,16.529000,4.001000,125.964445,3756,363,0,160,319,2282,11,0
28.874662,4.020000,115.000,16.529000,4.001000,125.964926,3756,363,0,160,319,2282,11,0
28.888922,14.260000,115.000,16.529000,4.001000,125.965406,3756,363,0,160,319,2282,11,0
28.891783,2.861000,115.000,16.529000,4.001000,125.967539,3759,363,0,162,319,2282,11,0
28.905989,14.206000,115.000,16.529000,4.001000,125.968019,3759,363,0,162,319,2282,11,0
28.915185,9.196000,115.000,16.529000,4.001000,125.966860,3756,363,0,162,319,2282,11,0
28.918802,3.617000,115.000,16.529000,4.001000,125.967340,3756,363,0,162,319,2282,11,0
28.932059,13.257000,115.000,16.529000,4.001000,125.965319,3752,363,0,162,319,2282,11,0
28.935782,3.723000,115.000,16.529000,4.001000,125.965799,3752,363,0,158,285,2214,11,0
28.948564,12.782000,115.000,16.529000,4.001000,125.966253,3752,363,0,158,285,2214,11,0
28.951986,3.422000,115.000,16.529000,4.001000,125.962324,3750,363,0,158,285,2214,11,0
28.964506,12.520000,115.000,16.529000,4.001000,125.935888,3750,363,0,158,285,2214,11,0
28.966434,1.928000,115.000,16.529000,4.001000,125.936369,3750,363,0,159,285,2214,11,0
28.982359,15.925000,115.000,16.529000,4.001000,125.936865,3750,363,0,157,282,2208,11,0
28.985980,3.621000,115.000,16.529000,4.001000,125.937346,3750,363,0,157,282,2208,11,0
28.998585,12.605000,115.000,16.529000,4.001000,125.933195,3750,363,0,157,282,2208,11,0
29.002337,3.752000,115.000,16.529000,4.001000,125.933676,3750,363,0,157,282,2208,11,0
29.015481,13.144000,115.000,16.529000,4.001000,125.934061,3750,363,0,157,282,2208,11,0
29.020333,4.852000,115.000,16.529000,4.001000,125.931040,3744,363,0,156,282,2208,11,0
29.032200,11.867000,115.000,16.529000,4.001000,125.933149,3747,363,0,155,281,2206,11,0
29.035384,3.184000,115.000,16.529000,4.001000,125.923170,3742,360,0,142,274,2192,11,0
29.048940,13.556000,115.000,16.529000,4.001000,125.918283,3733,360,0,140,272,2188,11,0
29.052242,3.302000,115.000,16.529000,4.001000,125.906675,3726,356,0,140,271,2186,11,0
29.065449,13.207000,115.000,16.529000,4.001000,125.902746,3719,356,0,140,271,2186,11,0
29.068702,3.253000,115.000,16.529000,4.001000,125.903227,3719,356,0,138,270,2184,11,0
29.082321,13.619000,115.000,16.529000,4.001000,125.920523,3732,360,0,137,269,2182,11,0
29.085716,3.395000,115.000,16.529000,4.001000,125.921606,3732,360,0,137,270,2184,11,0
29.098595,12.879000,115.000,16.529000,4.001000,125.906481,3723,355,0,136,269,2182,11,0
29.102488,3.893000,115.000,16.529000,4.001000,125.900644,3713,355,0,138,269,2182,11,0
29.114617,12.129000,115.000,16.529000,4.001000,125.901125,3713,355,0,138,269,2182,11,0
29.126479,11.862000,115.000,16.529000,4.001000,125.915548,3715,355,0,148,281,2206,11,0
29.138851,12.372000,115.000,16.529000,4.001000,125.910498,3712,355,0,140,273,2190,11,0
29.148318,9.467000,115.000,16.529000,4.001000,125.912169,3712,355,0,140,273,2190,11,2
29.150106,1.788000,115.000,16.529000,4.001000,125.912649,3712,355,0,140,273,2190,11,2
29.164659,14.553000,115.000,16.529000,4.001000,125.913763,3712,355,0,140,273,2190,11,2
29.166955,2.296000,115.000,16.529000,4.001000,125.914244,3712,355,0,140,273,2190,11,2
29.182474,15.519000,115.000,16.529000,4.001000,125.914251,3721,353,0,140,273,2190,11,0
29.186281,3.807000,115.000,16.529000,4.001000,125.908262,3711,353,0,142,273,2190,11,0
29.198549,12.268000,115.000,16.529000,4.001000,125.908743,3711,353,0,142,273,2190,11,0
29.201852,3.303000,115.000,16.529000,4.001000,125.909224,3711,353,0,142,273,2190,11,0
29.214370,12.518000,115.000,16.529000,4.001000,125.909704,3711,353,0,141,267,2178,11,0
29.216064,1.694000,115.000,16.529000,4.001000,125.891005,3681,353,0,141,267,2178,11,0
29.232136,16.072000,115.000,16.529000,4.001000,125.891485,3681,353,0,141,267,2178,11,0
29.236139,4.003000,115.000,16.529000,4.001000,125.891966,3681,353,0,141,267,2178,11,0
29.249189,13.050000,115.000,16.529000,4.001000,125.892462,3681,353,0,141,267,2178,11,0
29.265416,16.227000,115.000,16.529000,4.001000,125.892927,3681,353,0,141,267,2178,11,0
29.270820,5.404000,115.000,16.529000,4.001000,125.891714,3678,353,0,138,263,2170,11,0
29.275276,4.456000,115.000,16.529000,4.001000,125.887754,3676,353,0,138,263,2170,11,0
29.289067,13.791000,115.000,16.529000,4.001000,125.882620,3676,353,0,139,263,2170,11,0
29.293620,4.553000,115.000,16.529000,4.001000,125.883112,3676,353,0,139,263,2170,11,0
29.305712,12.092000,115.000,16.529000,4.001000,125.883547,3676,353,0,137,263,2170,11,0
29.315115,9.403000,115.000,16.529000,4.001000,125.882402,3673,353,0,137,263,2170,11,0
29.317756,2.641000,115.000,16.529000,4.001000,125.882883,3673,353,0,138,263,2170,11,0
29.331909,14.153000,115.000,16.529000,4.001000,125.883333,3673,353,0,138,263,2170,11,0
29.335026,3.117000,115.000,16.529000,4.001000,125.883814,3673,353,0,135,261,2166,11,0
29.348581,13.555000,115.000,16.529000,4.001000,125.890329,3683,353,0,135,261,2166,11,0
29.351715,3.134000,115.000,16.529000,4.001000,125.890810,3683,353,0,136,261,2166,11,0
29.365433,13.718000,115.000,16.529000,4.001000,125.892935,3686,353,0,136,261,2166,11,0
29.373713,8.280000,115.000,16.529000,4.001000,125.893415,3686,353,0,134,261,2166,11,0
29.390618,16.905000,115.000,16.529000,4.001000,125.895540,3689,353,0,134,261,2166,11,0
29.395791,5.173000,115.000,16.529000,4.001000,125.895998,3689,353,0,137,261,2166,11,0
29.408866,13.075000,115.000,16.529000,4.001000,125.991137,3741,362,0,170,332,2308,11,0
29.414349,5.483000,115.000,16.529000,4.001000,125.993238,3744,362,0,170,332,2308,11,0
29.416253,1.904000,115.000,16.529000,4.001000,125.973291,3744,362,0,129,284,2212,11,0
29.431131,14.878000,115.000,16.529000,4.001000,125.973772,3744,362,0,129,284,2212,11,0
29.433077,1.946000,115.000,16.529000,4.001000,125.974253,3744,362,0,127,282,2208,11,0
29.448374,15.297000,115.000,16.529000,4.001000,125.959505,3734,356,0,137,293,2230,11,0
29.452360,3.986000,115.000,16.529000,4.001000,125.941553,3702,356,0,129,285,2214,11,0
29.464313,11.953000,115.000,16.529000,4.001000,125.938097,3702,356,0,129,285,2214,11,0
29.466241,1.928000,115.000,16.529000,4.001000,125.938578,3702,356,0,129,285,2214,11,0
29.481231,14.990000,115.000,16.529000,4.001000,125.939058,3702,356,0,129,285,2214,11,0
29.483235,2.004000,115.000,16.529000,4.001000,125.939539,3702,356,0,129,285,2214,11,0
29.498667,15.432000,115.000,16.529000,4.001000,125.940020,3702,356,0,129,285,2214,11,0
29.502045,3.378000,115.000,16.529000,4.001000,125.940500,3702,356,0,129,285,2214,11,0
29.516292,14.247000,115.000,16.529000,4.001000,125.942648,3705,356,0,129,285,2214,11,0
29.531912,15.620000,115.000,16.529000,4.001000,125.946440,3711,356,0,129,285,2214,11,0
29.537287,5.375000,115.000,16.529000,4.001000,125.946920,3711,356,0,131,285,2214,11,0
29.541944,4.657000,115.000,16.529000,4.001000,125.944880,3707,356,0,129,252,2148,11,0
29.556056,14.112000,115.000,16.529000,4.001000,125.945307,3707,356,0,129,252,2148,11,0
29.565022,8.966000,115.000,16.529000,4.001000,125.941378,3705,356,0,129,252,2148,11,0
29.570771,5.749000,115.000,16.529000,4.001000,125.914976,3705,356,0,129,252,2148,11,0
29.582372,11.601000,115.000,16.529000,4.001000,125.915503,3705,356,0,129,252,2148,11,0
29.585683,3.311000,115.000,16.529000,4.001000,125.915983,3705,356,0,126,249,2142,11,0
29.597885,12.202000,115.000,16.529000,4.001000,125.916456,3705,356,0,126,249,2142,11,0
29.599717,1.832000,115.000,16.529000,4.001000,125.912367,3705,356,0,127,249,2142,11,0
29.618221,18.504000,115.000,16.529000,4.001000,125.911245,3702,356,0,127,249,2142,11,0
29.632257,14.036000,115.000,16.529000,4.001000,125.911558,3702,356,0,125,249,2142,11,0
29.636119,3.862000,115.000,16.529000,4.001000,125.908590,3696,356,0,123,248,2140,11,0
29.649244,13.125000,115.000,16.529000,4.001000,125.909105,3696,356,0,123,248,2140,11,0
29.652723,3.479000,115.000,16.529000,4.001000,125.909586,3696,356,0,122,246,2136,11,0
29.665664,12.941000,115.000,16.529000,4.001000,125.899584,3692,352,0,121,245,2134,11,0
29.669355,3.691000,113.000,16.311000,2.127000,125.895716,3685,352,0,120,245,2134,11,0
29.682920,13.565000,113.000,16.311000,2.127000,125.896212,3685,352,0,119,244,2132,11,0
29.687525,4.605000,113.000,16.311000,2.127000,125.896646,3685,352,0,121,243,2130,11,0
29.698363,10.838000,113.000,16.311000,2.127000,125.897058,3685,352,0,120,242,2128,11,0
29.701283,2.920000,113.000,16.311000,2.127000,125.882006,3676,347,0,116,241,2126,11,0
29.714569,13.286000,113.000,16.311000,2.127000,125.876093,3666,347,0,116,241,2126,11,0
29.717341,2.772000,113.000,16.311000,2.127000,125.890516,3668,347,0,129,253,2150,11,0
29.732060,14.719000,113.000,16.311000,2.127000,125.892672,3671,347,0,129,253,2150,11,0
29.735394,3.334000,113.000,16.311000,2.127000,125.893106,3671,347,0,129,253,2150,11,0
29.748718,13.324000,113.000,16.311000,2.127000,125.888021,3668,347,0,121,245,2134,11,0
29.752609,3.891000,113.000,16.311000,2.127000,125.885221,3662,347,0,121,245,2134,11,0
29.765460,12.851000,113.000,16.311000,2.127000,125.885717,3662,347,0,121,245,2134,11,0
29.768577,3.117000,113.000,16.311000,2.127000,125.886152,3662,347,0,121,245,2134,11,0
29.782019,13.442000,113.000,16.311000,2.127000,125.888266,3665,347,0,121,245,2134,11,0
29.785202,3.183000,113.000,16.311000,2.127000,125.888746,3665,347,0,121,245,2134,11,0
29.799121,13.919000,113.000,16.311000,2.127000,125.889235,3665,347,0,121,245,2134,11,0
29.803437,4.316000,113.000,16.311000,2.127000,125.889715,3665,347,0,121,245,2134,11,0
29.815262,11.825000,113.000,16.311000,2.127000,125.890181,3665,347,0,121,245,2134,11,0
29.822541,7.279000,113.000,16.311000,2.127000,125.890661,3665,347,0,121,245,2134,11,0
29.826512,3.971000,113.000,16.311000,2.127000,125.889494,3662,347,0,121,245,2134,11,0
29.839207,12.695000,113.000,16.311000,2.127000,125.889975,3662,347,0,121,245,2134,11,0
29.848948,9.741000,113.000,16.311000,2.127000,125.890440,3662,347,0,121,245,2134,11,0
29.853852,4.904000,113.000,16.311000,2.127000,125.890921,3662,347,0,121,245,2134,11,0
29.857909,4.057000,113.000,16.311000,2.127000,125.892279,3662,347,0,119,241,2126,11,1
29.873066,15.157000,113.000,16.311000,2.127000,125.886709,3657,347,0,119,241,2126,11,1
29.882781,9.715000,113.000,16.311000,2.127000,125.887827,3663,346,0,119,241,2126,11,0
29.886697,3.916000,113.000,16.311000,2.127000,125.879435,3658,346,0,120,241,2126,11,0
29.891432,4.735000,113.000,16.311000,2.127000,125.879957,3658,346,0,120,241,2126,11,0
29.906172,14.740000,113.000,16.311000,2.127000,125.880438,3658,346,0,119,241,2126,11,0
29.915983,9.811000,113.000,16.311000,2.127000,125.880888,3658,346,0,119,241,2126,11,0
29.918896,2.913000,113.000,16.311000,2.127000,125.881369,3658,346,0,118,241,2126,11,0
29.932453,13.557000,113.000,16.311000,2.127000,125.881880,3658,346,0,118,241,2126,11,0
29.936009,3.556000,113.000,16.311000,2.127000,125.882414,3658,346,0,119,241,2126,11,0
29.948673,12.664000,113.000,16.311000,2.127000,125.882864,3658,346,0,119,241,2126,11,0
29.952618,3.945000,113.000,16.311000,2.127000,125.889349,3668,346,0,120,241,2126,11,0
29.965572,12.954000,113.000,16.311000,2.127000,125.888189,3665,346,0,120,241,2126,11,0
29.968747,3.175000,113.000,16.311000,2.127000,125.888670,3665,346,0,119,241,2126,11,0
29.982096,13.349000,113.000,16.311000,2.127000,125.889151,3665,346,0,119,241,2126,11,0
29.985758,3.662000,113.000,16.311000,2.127000,125.889631,3665,346,0,120,241,2126,11,0
29.999095,13.337000,113.000,16.311000,2.127000,125.890142,3665,346,0,120,241,2126,11,0
30.002659,3.564000,113.000,16.311000,2.127000,125.890623,3665,346,0,120,241,2126,11,0
30.021525,18.866000,113.000,16.311000,2.127000,126.007818,3716,356,0,172,332,2308,11,0
30.024042,2.517000,113.000,16.311000,2.127000,125.995653,3716,356,0,146,302,2248,11,0
30.039627,15.585000,113.000,16.311000,2.127000,125.996134,3716,356,0,146,302,2248,11,0
30.042112,2.485000,113.000,16.311000,2.127000,125.996614,3716,356,0,145,301,2246,11,0
30.056259,14.147000,113.000,16.311000,2.127000,126.002836,3716,356,0,155,312,2268,11,0
30.064423,8.164000,113.000,16.311000,2.127000,125.992460,3696,356,0,155,312,2268,11,0
30.066618,2.195000,113.000,16.311000,2.127000,125.989050,3696,356,0,147,304,2252,11,0
30.081175,14.557000,113.000,16.311000,2.127000,125.991182,3699,356,0,147,304,2252,11,0
30.083276,2.101000,113.000,16.311000,2.127000,125.991663,3699,356,0,147,304,2252,11,0
30.098061,14.785000,113.000,16.311000,2.127000,125.991953,3699,356,0,147,304,2252,11,0
30.101088,3.027000,113.000,16.311000,2.127000,125.992434,3699,356,0,147,304,2252,11,0
30.114760,13.672000,113.000,16.311000,2.127000,125.994581,3702,356,0,147,304,2252,11,0
30.117536,2.776000,113.000,16.311000,2.127000,125.995070,3702,356,0,147,304,2252,11,0
30.131138,13.602000,113.000,16.311000,2.127000,125.995550,3702,356,0,147,304,2252,11,0
30.133249,2.111000,113.000,16.311000,2.127000,125.996031,3702,356,0,147,304,2252,11,0
30.149041,15.792000,113.000,16.311000,2.127000,125.983763,3693,353,0,146,303,2250,11,0
30.153031,3.990000,113.000,16.311000,2.127000,125.980551,3687,353,0,144,270,2184,11,0
30.165061,12.030000,113.000,16.311000,2.127000,125.980978,3687,353,0,144,270,2184,11,0
30.167554,2.493000,113.000,16.311000,2.127000,125.977049,3685,353,0,144,270,2184,11,0
30.182564,15.010000,113.000,16.311000,2.127000,125.965807,3695,357,0,144,270,2184,11,0
30.185972,3.408000,113.000,16.311000,2.127000,125.966974,3695,357,0,142,269,2182,11,0
30.199149,13.177000,113.000,16.311000,2.127000,125.967451,3695,357,0,142,269,2182,11,0
30.202558,3.409000,113.000,16.311000,2.127000,125.967932,3695,357,0,142,269,2182,11,0
30.216040,13.482000,113.000,16.311000,2.127000,125.965475,3698,357,0,142,269,2182,11,0
30.219660,3.620000,113.000,16.311000,2.127000,125.965910,3698,357,0,143,269,2182,11,0
30.232519,12.859000,113.000,16.311000,2.127000,125.967844,3701,357,0,143,269,2182,11,0
30.236072,3.553000,113.000,16.311000,2.127000,125.964823,3695,357,0,142,269,2182,11,0
30.249351,13.279000,113.000,16.311000,2.127000,125.965300,3695,357,0,141,268,2180,11,0
30.254057,4.706000,113.000,16.311000,2.127000,125.965780,3695,357,0,142,268,2180,11,0
30.258298,4.241000,113.000,16.311000,2.127000,125.966246,3695,357,0,140,266,2176,11,0
30.272390,14.092000,113.000,16.311000,2.127000,125.966726,3695,357,0,138,265,2174,11,0
30.275497,3.107000,113.000,16.311000,2.127000,125.956713,3691,353,0,138,265,2174,11,0
30.289127,13.630000,113.000,16.311000,2.127000,125.952845,3684,353,0,138,265,2174,11,0
30.292602,3.475000,113.000,16.311000,2.127000,125.887770,3663,329,0,136,263,2170,11,0
30.305943,13.341000,113.000,16.311000,2.127000,125.867575,3624,329,0,136,262,2168,11,0
30.315759,9.816000,113.000,16.311000,2.127000,125.852484,3615,324,0,135,261,2166,11,0
30.319379,3.620000,113.000,16.311000,2.127000,125.846647,3605,324,0,135,261,2166,11,0
30.324701,5.322000,113.000,16.311000,2.127000,125.861090,3607,324,0,145,273,2190,11,0
30.339014,14.313000,113.000,16.311000,2.127000,125.859930,3604,324,0,137,265,2174,11,0
30.341628,2.614000,113.000,16.311000,2.127000,125.858164,3607,324,0,137,265,2174,11,0
30.356020,14.392000,113.000,16.311000,2.127000,125.858644,3607,324,0,137,265,2174,11,0
30.365250,9.230000,113.000,16.311000,2.127000,125.859060,3607,324,0,137,265,2174,11,0
30.371005,5.755000,113.000,16.311000,2.127000,125.859495,3607,324,0,137,265,2174,11,0
30.382000,10.995000,113.000,16.311000,2.127000,125.859976,3607,324,0,137,265,2174,11,0
30.385380,3.380000,113.000,16.311000,2.127000,125.860388,3607,324,0,137,265,2174,11,0
30.398585,13.205000,113.000,16.311000,2.127000,125.860823,3607,324,0,137,265,2174,11,0
30.402490,3.905000,113.000,16.311000,2.127000,125.861303,3607,324,0,137,265,2174,11,0
30.415205,12.715000,113.000,16.311000,2.127000,125.861753,3607,324,0,137,265,2174,11,0
30.418562,3.357000,113.000,16.311000,2.127000,125.862234,3607,324,0,137,265,2174,11,0
30.432239,13.677000,113.000,16.311000,2.127000,125.864359,3610,324,0,137,265,2174,11,0
30.436381,4.142000,113.000,16.311000,2.127000,125.864840,3610,324,0,137,265,2174,11,0
30.448722,12.341000,113.000,16.311000,2.127000,125.865309,3610,324,0,137,265,2174,11,0
30.452832,4.110000,113.000,16.311000,2.127000,125.865789,3610,324,0,137,265,2174,11,0
30.465085,12.253000,113.000,16.311000,2.127000,125.864630,3607,324,0,137,265,2174,11,0
30.468746,3.661000,113.000,16.311000,2.127000,125.860647,3605,324,0,135,261,2166,11,0
30.482987,14.241000,113.000,16.311000,2.127000,125.862776,3608,324,0,135,261,2166,11,0
30.485805,2.818000,113.000,16.311000,2.127000,125.863256,3608,324,0,135,261,2166,11,0
30.500238,14.433000,113.000,16.311000,2.127000,125.857157,3608,324,0,133,259,2162,11,0
30.514083,13.845000,113.000,16.311000,2.127000,125.857637,3608,324,0,132,259,2162,11,0
30.516257,2.174000,113.000,16.311000,2.127000,125.858103,3608,324,0,132,259,2162,11,0
30.531220,14.963000,113.000,16.311000,2.127000,125.858583,3608,324,0,132,259,2162,11,0
30.535014,3.794000,113.000,16.311000,2.127000,125.857378,3605,324,0,132,259,2162,11,0
30.548714,13.700000,113.000,16.311000,2.127000,125.857859,3605,324,0,132,259,2162,11,0
30.552580,3.866000,113.000,16.311000,2.127000,125.858339,3605,324,0,132,259,2162,11,0
30.565577,12.997000,113.000,16.311000,2.127000,125.858774,3605,324,0,132,259,2162,11,0
30.569128,3.551000,113.000,16.311000,2.127000,125.865259,3615,324,0,132,259,2162,11,0
30.582930,13.802000,113.000,16.311000,2.127000,125.865740,3615,324,0,132,259,2162,11,0
30.600732,17.802000,113.000,16.311000,2.127000,125.864534,3612,324,0,132,259,2162,11,0
30.606290,5.558000,113.000,16.311000,2.127000,125.865030,3612,324,0,132,259,2162,11,0
30.608323,2.033000,113.000,16.311000,2.127000,125.865465,3612,324,0,132,259,2162,11,0
30.622939,14.616000,113.000,16.311000,2.127000,125.867590,3615,324,0,132,259,2162,11,0
30.633704,10.765000,113.000,16.311000,2.127000,125.963705,3667,333,0,171,332,2308,11,0
30.648162,14.458000,113.000,16.311000,2.127000,125.964121,3667,333,0,171,332,2308,11,0
30.650330,2.168000,113.000,16.311000,2.127000,125.945147,3667,333,0,131,284,2212,11,0
30.663988,13.658000,113.000,16.311000,2.127000,125.950998,3667,333,0,141,295,2234,11,0
30.666400,2.412000,113.000,16.311000,2.127000,125.940432,3647,333,0,141,295,2234,11,0
30.681252,14.852000,117.000,18.261000,1.805000,125.935301,3644,333,0,133,287,2218,11,0
30.684901,3.649000,117.000,18.261000,1.805000,125.934141,3641,333,0,133,287,2218,11,0
30.697400,12.499000,117.000,18.261000,1.805000,125.934622,3641,333,0,133,287,2218,11,0
30.700393,2.993000,117.000,18.261000,1.805000,125.935034,3641,333,0,133,287,2218,11,0
30.714316,13.923000,117.000,18.261000,1.805000,125.935514,3641,333,0,133,287,2218,11,0
30.719076,4.760000,117.000,18.261000,1.805000,125.934355,3638,333,0,133,287,2218,11,0
30.731000,11.924000,117.000,18.261000,1.805000,125.934835,3638,333,0,133,287,2218,11,0
30.735818,4.818000,117.000,18.261000,1.805000,125.935247,3638,333,0,133,287,2218,11,0
30.748504,12.686000,117.000,18.261000,1.805000,125.935728,3638,333,0,133,287,2218,11,0
30.751876,3.372000,117.000,18.261000,1.805000,125.936209,3638,333,0,133,287,2218,11,0
30.765312,13.436000,117.000,18.261000,1.805000,125.934187,3634,333,0,131,254,2152,11,0
30.768501,3.189000,117.000,18.261000,1.805000,125.934668,3634,333,0,131,254,2152,11,0
30.782079,13.578000,117.000,18.261000,1.805000,125.936747,3637,333,0,131,254,2152,11,0
30.785622,3.543000,117.000,18.261000,1.805000,125.905935,3635,333,0,131,254,2152,11,0
30.798763,13.141000,117.000,18.261000,1.805000,125.906443,3635,333,0,128,251,2146,11,0
30.801904,3.141000,117.000,18.261000,1.805000,125.906923,3635,333,0,129,251,2146,11,0
30.815424,13.520000,117.000,18.261000,1.805000,125.909071,3638,333,0,129,251,2146,11,0
30.819170,3.746000,117.000,18.261000,1.805000,125.904982,3638,333,0,129,251,2146,11,0
30.831915,12.745000,117.000,18.261000,1.805000,125.905409,3638,333,0,129,251,2146,11,0
30.834872,2.957000,117.000,18.261000,1.805000,125.905890,3638,333,0,129,251,2146,11,0
30.848913,14.041000,117.000,18.261000,1.805000,125.904623,3635,333,0,129,251,2146,11,0
30.852130,3.217000,117.000,18.261000,1.805000,125.901602,3629,333,0,128,250,2144,11,0
30.865199,13.069000,117.000,18.261000,1.805000,125.902021,3629,333,0,128,250,2144,11,0
30.868344,3.145000,117.000,18.261000,1.805000,125.902502,3629,333,0,124,248,2140,11,0
30.881994,13.650000,117.000,18.261000,1.805000,125.902983,3629,333,0,124,248,2140,11,0
30.885098,3.104000,117.000,18.261000,1.805000,125.893061,3625,329,0,125,247,2138,11,0
30.898694,13.596000,117.000,18.261000,1.805000,125.889147,3618,329,0,125,247,2138,11,0
30.903179,4.485000,117.000,18.261000,1.805000,125.889627,3618,329,0,122,245,2134,11,0
30.915518,12.339000,117.000,18.261000,1.805000,125.891672,3621,329,0,121,244,2132,11,0
30.918927,3.409000,117.000,18.261000,1.805000,125.890284,3618,329,0,120,243,2130,11,0
30.932136,13.209000,117.000,18.261000,1.805000,125.878725,3615,324,0,120,243,2130,11,0
30.938999,6.863000,117.000,18.261000,1.805000,125.872889,3605,324,0,121,243,2130,11,0
30.955440,16.441000,117.000,18.261000,1.805000,125.887297,3607,324,0,131,255,2154,11,0
30.958604,3.164000,117.000,18.261000,1.805000,125.883841,3607,324,0,123,247,2138,11,0
30.973786,15.182000,117.000,18.261000,1.805000,125.898954,3607,324,0,123,247,2138,11,1
30.981227,7.441000,117.000,18.261000,1.805000,126.434423,3607,324,0,123,247,2138,11,1
30.987161,5.934000,117.000,18.261000,1.805000,126.435987,3613,323,0,123,247,2138,11,0
30.997563,10.402000,117.000,18.261000,1.805000,126.433210,3608,323,0,124,247,2138,11,0
31.001385,3.822000,117.000,18.261000,1.805000,126.435339,3611,323,0,124,247,2138,11,0
31.014400,13.015000,117.000,18.261000,1.805000,126.435820,3611,323,0,124,247,2138,11,0
31.020000,5.600000,117.000,18.261000,1.805000,126.434599,3608,323,0,124,247,2138,11,0
31.024278,4.278000,117.000,18.261000,1.805000,126.435080,3608,323,0,124,247,2138,11,0
31.040361,16.083000,117.000,18.261000,1.805000,126.435545,3608,323,0,124,247,2138,11,0
31.047372,7.011000,117.000,18.261000,1.805000,126.436026,3608,323,0,124,247,2138,11,0
31.049851,2.479000,117.000,18.261000,1.805000,126.436525,3608,323,0,124,247,2138,11,0
31.064052,14.201000,117.000,18.261000,1.805000,126.437006,3608,323,0,124,247,2138,11,0
31.068645,4.593000,117.000,18.261000,1.805000,126.437468,3608,323,0,124,247,2138,11,0
31.081624,12.979000,117.000,18.261000,1.805000,126.437948,3608,323,0,124,247,2138,11,0
31.087170,5.546000,117.000,18.261000,1.805000,126.438429,3608,323,0,124,247,2138,11,0
31.097372,10.202000,117.000,18.261000,1.805000,126.438810,3608,323,0,121,243,2130,11,0
31.099716,2.344000,117.000,18.261000,1.805000,126.434896,3606,323,0,121,243,2130,11,0
31.114513,14.797000,117.000,18.261000,1.805000,126.435377,3606,323,0,121,243,2130,11,0
31.119743,5.230000,117.000,18.261000,1.805000,126.430231,3606,323,0,121,243,2130,11,0
31.123694,3.951000,117.000,18.261000,1.805000,126.430712,3606,323,0,120,243,2130,11,0
31.139739,16.045000,117.000,18.261000,1.805000,126.432852,3609,323,0,120,243,2130,11,0
31.147345,7.606000,117.000,18.261000,1.805000,126.433332,3609,323,0,120,242,2128,11,0
31.149601,2.256000,117.000,18.261000,1.805000,126.432169,3606,323,0,120,242,2128,11,0
31.164457,14.856000,117.000,18.261000,1.805000,126.432650,3606,323,0,118,242,2128,11,0
31.168033,3.576000,117.000,18.261000,1.805000,126.431475,3603,323,0,118,242,2128,11,0
31.181450,13.417000,117.000,18.261000,1.805000,126.437960,3613,323,0,120,242,2128,11,0
31.198947,17.497000,117.000,18.261000,1.805000,126.440042,3616,323,0,120,242,2128,11,0
31.203948,5.001000,117.000,18.261000,1.805000,126.440516,3616,323,0,120,242,2128,11,0
31.208076,4.128000,117.000,18.261000,1.805000,126.440996,3616,323,0,119,242,2128,11,0
31.223782,15.706000,117.000,18.261000,1.805000,126.441477,3616,323,0,119,242,2128,11,0
31.231185,7.403000,117.000,18.261000,1.805000,126.441957,3616,323,0,119,242,2128,11,0
31.243096,11.911000,117.000,18.261000,1.805000,126.542253,3665,332,0,170,329,2302,11,0
31.255818,12.722000,117.000,18.261000,1.805000,126.531897,3660,329,0,141,296,2236,11,0
31.264353,8.535000,117.000,18.261000,1.805000,126.515020,3654,329,0,141,296,2236,11,0
31.267033,2.680000,117.000,18.261000,1.805000,126.521242,3654,329,0,151,307,2258,11,0
31.281225,14.192000,117.000,18.261000,1.805000,126.510675,3634,329,0,151,307,2258,11,0
31.283199,1.974000,117.000,18.261000,1.805000,126.505625,3631,329,0,143,299,2242,11,0
31.298696,15.497000,117.000,18.261000,1.805000,126.521257,3641,333,0,143,299,2242,11,0
31.301194,2.498000,117.000,18.261000,1.805000,126.522421,3641,333,0,144,301,2246,11,0
31.314344,13.150000,117.000,18.261000,1.805000,126.522902,3641,333,0,144,301,2246,11,0
31.318210,3.866000,117.000,18.261000,1.805000,126.523382,3641,333,0,144,301,2246,11,0
31.330892,12.682000,117.000,18.261000,1.805000,126.523817,3641,333,0,144,301,2246,11,0
31.335167,4.275000,117.000,18.261000,1.805000,126.544237,3660,337,0,144,301,2246,11,0
31.347587,12.420000,117.000,18.261000,1.805000,126.545141,3660,337,0,146,303,2250,11,0
31.351521,3.934000,117.000,18.261000,1.805000,126.545576,3660,337,0,146,303,2250,11,0
31.364376,12.855000,117.000,18.261000,1.805000,126.546057,3660,337,0,146,303,2250,11,0
31.368597,4.221000,117.000,18.261000,1.805000,126.549685,3659,339,0,146,303,2250,11,0
31.381334,12.737000,117.000,18.261000,1.805000,126.550634,3659,339,0,145,271,2186,11,0
31.399052,17.718000,117.000,18.261000,1.805000,126.423784,3609,299,0,145,271,2186,11,0
31.416004,16.952000,117.000,18.261000,1.805000,126.360853,3557,299,0,135,251,2146,11,0
31.419929,3.925000,117.000,18.261000,1.805000,126.361334,3557,299,0,134,248,2140,11,0
31.427309,7.380000,117.000,18.261000,1.805000,126.360159,3554,299,0,134,248,2140,11,0
31.439697,12.388000,117.000,18.261000,1.805000,126.356070,3554,299,0,134,248,2140,11,0
31.448676,8.979000,117.000,18.261000,1.805000,126.356577,3554,299,0,134,248,2140,11,0
31.451998,3.322000,117.000,18.261000,1.805000,126.357058,3554,299,0,133,248,2140,11,0
31.465629,13.631000,117.000,18.261000,1.805000,126.357401,3554,299,0,133,248,2140,11,0
31.469137,3.508000,117.000,18.261000,1.805000,126.354380,3548,299,0,132,247,2138,11,0
31.482009,12.872000,117.000,18.261000,1.805000,126.354860,3548,299,0,132,247,2138,11,0
31.485054,3.045000,117.000,18.261000,1.805000,126.355341,3548,299,0,130,245,2134,11,0
31.501790,16.736000,117.000,18.261000,1.805000,126.357485,3551,299,0,130,245,2134,11,0
31.515708,13.918000,117.000,18.261000,1.805000,126.347448,3547,295,0,129,244,2132,11,0
31.520252,4.544000,117.000,18.261000,1.805000,126.343580,3540,295,0,127,242,2128,11,0
31.524600,4.348000,117.000,18.261000,1.805000,126.345736,3543,295,0,126,241,2126,11,0
31.539934,15.334000,117.000,18.261000,1.805000,126.346052,3543,295,0,125,240,2124,11,0
31.548567,8.633000,117.000,18.261000,1.805000,126.332602,3537,290,0,125,240,2124,11,0
31.551980,3.413000,117.000,18.261000,1.805000,126.326761,3527,290,0,124,240,2124,11,0
31.564149,12.169000,117.000,18.261000,1.805000,126.341139,3529,290,0,136,252,2148,11,0
31.566609,2.460000,117.000,18.261000,1.805000,126.341581,3529,290,0,136,252,2148,11,0
31.581090,14.481000,117.000,18.261000,1.805000,126.338171,3529,290,0,128,244,2132,11,0
31.587039,5.949000,117.000,18.261000,1.805000,126.338606,3529,290,0,128,244,2132,11,0
31.597679,10.640000,117.000,18.261000,1.805000,126.339087,3529,290,0,128,244,2132,11,0
31.601275,3.596000,117.000,18.261000,1.805000,126.339567,3529,290,0,128,244,2132,11,0
31.614541,13.266000,117.000,18.261000,1.805000,126.341719,3532,290,0,128,244,2132,11,0
31.616477,1.936000,117.000,18.261000,1.805000,126.342199,3532,290,0,128,244,2132,11,0
31.632191,15.714000,117.000,18.261000,1.805000,126.344339,3535,290,0,128,244,2132,11,0
31.635881,3.690000,117.000,18.261000,1.805000,126.344820,3535,290,0,128,244,2132,11,0
31.648772,12.891000,117.000,18.261000,1.805000,126.345285,3535,290,0,128,244,2132,11,0
31.652955,4.183000,117.000,18.261000,1.805000,126.345766,3535,290,0,128,244,2132,11,0
31.657493,4.538000,117.000,18.261000,1.805000,126.346224,3535,290,0,128,244,2132,11,0
31.673592,16.099000,117.000,18.261000,1.805000,126.346727,3535,290,0,128,244,2132,11,0
31.681554,7.962000,114.000,16.528000,3.583000,126.347208,3535,290,0,128,244,2132,11,0
31.685418,3.864000,114.000,16.528000,3.583000,126.350996,3541,290,0,126,240,2124,11,0
31.697762,12.344000,114.000,16.528000,3.583000,126.351423,3541,290,0,126,240,2124,11,0
31.701474,3.712000,114.000,16.528000,3.583000,126.347483,3539,290,0,126,240,2124,11,0
31.716014,14.540000,114.000,16.528000,3.583000,126.340708,3536,290,0,126,240,2124,11,0
31.719682,3.668000,114.000,16.528000,3.583000,126.341188,3536,290,0,126,240,2124,11,0
31.731092,11.410000,114.000,16.528000,3.583000,126.341669,3536,290,0,123,240,2124,11,0
31.734808,3.716000,114.000,16.528000,3.583000,126.343809,3539,290,0,123,240,2124,11,0
31.747546,12.738000,114.000,16.528000,3.583000,126.342649,3536,290,0,125,240,2124,11,0
31.751636,4.090000,114.000,16.528000,3.583000,126.343111,3536,290,0,125,240,2124,11,0
31.764397,12.761000,114.000,16.528000,3.583000,126.341951,3533,290,0,125,240,2124,11,0
31.768332,3.935000,114.000,16.528000,3.583000,126.348436,3543,290,0,125,240,2124,11,0
31.780769,12.437000,114.000,16.528000,3.583000,126.348917,3543,290,0,125,240,2124,11,0
31.785935,5.166000,114.000,16.528000,3.583000,126.349428,3543,290,0,125,240,2124,11,0
31.797396,11.461000,114.000,16.528000,3.583000,126.349909,3543,290,0,125,240,2124,11,0
31.806099,8.703000,114.000,16.528000,3.583000,126.350359,3543,290,0,125,240,2124,11,0
31.807826,1.727000,114.000,16.528000,3.583000,126.350840,3543,290,0,125,240,2124,11,0
31.823927,16.101000,114.000,16.528000,3.583000,126.352980,3546,290,0,125,240,2124,11,0
31.834626,10.699000,114.000,16.528000,3.583000,126.449076,3598,299,0,163,313,2270,11,0
31.847977,13.351000,114.000,16.528000,3.583000,126.447870,3595,299,0,163,313,2270,11,0
31.850054,2.077000,114.000,16.528000,3.583000,126.428896,3595,299,0,123,267,2178,11,0
31.864289,14.235000,114.000,16.528000,3.583000,126.427736,3592,299,0,123,267,2178,11,0
31.866549,2.260000,114.000,16.528000,3.583000,126.433958,3592,299,0,133,278,2200,11,0
31.881837,15.288000,114.000,16.528000,3.583000,126.421152,3575,299,0,125,270,2184,11,0
31.885103,3.266000,114.000,16.528000,3.583000,126.421633,3575,299,0,126,270,2184,11,0
31.898481,13.378000,114.000,16.528000,3.583000,126.422113,3575,299,0,126,270,2184,11,0
31.902762,4.281000,114.000,16.528000,3.583000,126.422594,3575,299,0,126,270,2184,11,0
31.916162,13.400000,114.000,16.528000,3.583000,126.424974,3578,299,0,126,270,2184,11,0
31.919957,3.795000,114.000,16.528000,3.583000,126.419840,3569,299,0,126,270,2184,11,0
31.932111,12.154000,114.000,16.528000,3.583000,126.417040,3563,299,0,126,270,2184,11,0
31.948816,16.705000,114.000,16.528000,3.583000,126.417521,3563,299,0,126,270,2184,11,0
31.964626,15.810000,114.000,16.528000,3.583000,126.418001,3563,299,0,126,270,2184,11,0
31.970408,5.782000,114.000,16.528000,3.583000,126.418428,3563,299,0,126,270,2184,11,0
31.974085,3.677000,114.000,16.528000,3.583000,126.411997,3557,299,0,126,270,2184,11,0
31.990789,16.704000,114.000,16.528000,3.583000,126.410837,3554,299,0,124,237,2118,11,0
31.997648,6.859000,114.000,16.528000,3.583000,126.411318,3554,299,0,124,237,2118,11,0
32.000809,3.161000,114.000,16.528000,3.583000,126.384916,3554,299,0,124,237,2118,11,0
32.014510,13.701000,114.000,16.528000,3.583000,126.385397,3554,299,0,124,237,2118,11,0
32.018179,3.669000,114.000,16.528000,3.583000,126.385851,3554,299,0,122,234,2112,11,0
32.031360,13.181000,114.000,16.528000,3.583000,126.386332,3554,299,0,121,234,2112,11,0
32.035347,3.987000,114.000,16.528000,3.583000,126.382196,3554,299,0,121,234,2112,11,0
32.047760,12.413000,114.000,16.528000,3.583000,126.382719,3554,299,0,121,234,2112,11,0
32.049754,1.994000,114.000,16.528000,3.583000,126.383017,3554,299,0,122,234,2112,11,0
32.066462,16.708000,114.000,16.528000,3.583000,126.379271,3545,299,0,122,234,2112,11,1
32.080919,14.457000,114.000,16.528000,3.583000,126.379751,3545,299,0,119,233,2110,11,1
32.085360,4.441000,114.000,16.528000,3.583000,126.379408,3551,298,0,119,233,2110,11,0
32.098043,12.683000,114.000,16.528000,3.583000,126.376585,3546,298,0,119,231,2106,11,0
32.115650,17.607000,114.000,16.528000,3.583000,126.361258,3540,292,0,117,229,2102,11,0
32.132069,16.419000,114.000,16.528000,3.583000,126.362680,3539,293,0,115,229,2102,11,0
32.148603,16.534000,114.000,16.528000,3.583000,126.359522,3533,293,0,115,227,2098,11,0
32.154525,5.922000,114.000,16.528000,3.583000,126.344454,3524,288,0,114,226,2096,11,0
32.159517,4.992000,114.000,16.528000,3.583000,126.352568,3516,288,0,124,238,2120,11,0
32.173571,14.054000,114.000,16.528000,3.583000,126.353048,3516,288,0,124,238,2120,11,0
32.181250,7.679000,114.000,16.528000,3.583000,126.351305,3519,288,0,116,230,2104,11,0
32.183185,1.935000,114.000,16.528000,3.583000,126.351740,3519,288,0,116,230,2104,11,0
32.198664,15.479000,114.000,16.528000,3.583000,126.352205,3519,288,0,116,230,2104,11,0
32.202974,4.310000,114.000,16.528000,3.583000,126.352686,3519,288,0,116,230,2104,11,0
32.207058,4.084000,114.000,16.528000,3.583000,126.354834,3522,288,0,116,230,2104,11,0
32.224204,17.146000,114.000,16.528000,3.583000,126.355314,3522,288,0,116,230,2104,11,0
32.231122,6.918000,114.000,16.528000,3.583000,126.355795,3522,288,0,116,230,2104,11,0
32.236286,5.164000,114.000,16.528000,3.583000,126.356276,3522,288,0,115,229,2102,11,0
32.248512,12.226000,114.000,16.528000,3.583000,126.356756,3522,288,0,115,229,2102,11,0
32.251424,2.912000,114.000,16.528000,3.583000,126.357237,3522,288,0,115,229,2102,11,0
32.265949,14.525000,114.000,16.528000,3.583000,126.357733,3522,288,0,115,229,2102,11,0
32.272257,6.308000,114.000,16.528000,3.583000,126.358213,3522,288,0,115,229,2102,11,0
32.287126,14.869000,114.000,16.528000,3.583000,126.358679,3522,288,0,115,229,2102,11,0
32.293852,6.726000,114.000,16.528000,3.583000,126.359159,3522,288,0,115,229,2102,11,0
32.307645,13.793000,114.000,16.528000,3.583000,126.359587,3522,288,0,112,224,2092,11,0
32.313988,6.343000,114.000,16.528000,3.583000,126.355658,3520,288,0,112,224,2092,11,0
32.316288,2.300000,114.000,16.528000,3.583000,126.357786,3523,288,0,112,224,2092,11,0
32.331292,15.004000,114.000,16.528000,3.583000,126.352652,3523,288,0,112,224,2092,11,0
32.335774,4.482000,114.000,16.528000,3.583000,126.354738,3526,288,0,112,224,2092,11,0
32.347389,11.615000,114.000,16.528000,3.583000,126.344828,3521,285,0,110,223,2090,11,0
32.350342,2.953000,114.000,16.528000,3.583000,126.341562,3515,285,0,110,223,2090,11,0
32.364718,14.376000,114.000,16.528000,3.583000,126.342043,3515,285,0,110,223,2090,11,0
32.368772,4.054000,114.000,16.528000,3.583000,126.342493,3515,285,0,110,223,2090,11,0
32.381016,12.244000,114.000,16.528000,3.583000,126.342974,3515,285,0,109,223,2090,11,0
32.386614,5.598000,114.000,16.528000,3.583000,126.548529,3655,337,0,109,223,2090,11,0
32.397416,10.802000,114.000,16.528000,3.583000,126.558485,3655,337,0,125,249,2142,11,0
32.400413,2.997000,114.000,16.528000,3.583000,126.560610,3658,337,0,125,249,2142,11,0
32.414571,14.158000,114.000,16.528000,3.583000,126.561090,3658,337,0,124,249,2142,11,0
32.419262,4.691000,114.000,16.528000,3.583000,126.559938,3655,337,0,124,249,2142,11,0
32.430728,11.466000,114.000,16.528000,3.583000,126.560419,3655,337,0,125,249,2142,11,0
32.433398,2.670000,114.000,16.528000,3.583000,126.560900,3655,337,0,125,249,2142,11,0
32.451739,18.341000,114.000,16.528000,3.583000,126.662855,3707,346,0,175,336,2316,11,0
32.464454,12.715000,114.000,16.528000,3.583000,126.663317,3707,346,0,175,336,2316,11,0
32.466442,1.988000,114.000,16.528000,3.583000,126.650179,3707,346,0,147,304,2252,11,0
32.481156,14.714000,114.000,16.528000,3.583000,126.650660,3707,346,0,147,304,2252,11,0
32.483548,2.392000,114.000,16.528000,3.583000,126.656881,3707,346,0,156,314,2272,11,0
32.497987,14.439000,114.000,16.528000,3.583000,126.643126,3682,346,0,156,314,2272,11,0
32.500768,2.781000,114.000,16.528000,3.583000,126.639715,3682,346,0,148,306,2256,11,0
32.514445,13.677000,114.000,16.528000,3.583000,126.640196,3682,346,0,148,306,2256,11,0
32.516585,2.140000,114.000,16.528000,3.583000,126.640676,3682,346,0,148,306,2256,11,0
32.531259,14.674000,114.000,16.528000,3.583000,126.641157,3682,346,0,148,306,2256,11,0
32.533285,2.026000,114.000,16.528000,3.583000,126.641638,3682,346,0,148,306,2256,11,0
32.547961,14.676000,114.000,16.528000,3.583000,126.643789,3685,346,0,148,306,2256,11,0
32.550755,2.794000,114.000,16.528000,3.583000,126.644270,3685,346,0,148,306,2256,11,0
32.564520,13.765000,114.000,16.528000,3.583000,126.643087,3682,346,0,148,306,2256,11,0
32.566555,2.035000,114.000,16.528000,3.583000,126.643522,3682,346,0,148,306,2256,11,0
32.581024,14.469000,114.000,16.528000,3.583000,126.642363,3679,346,0,148,306,2256,11,0
32.583016,1.992000,114.000,16.528000,3.583000,126.640341,3675,346,0,146,273,2190,11,0
32.598294,15.278000,114.000,16.528000,3.583000,126.642420,3678,346,0,146,273,2190,11,0
32.606216,7.922000,114.000,16.528000,3.583000,126.638491,3676,346,0,146,273,2190,11,0
32.609040,2.824000,114.000,16.528000,3.583000,126.612089,3676,346,0,146,273,2190,11,0
32.624005,14.965000,114.000,16.528000,3.583000,126.614138,3679,346,0,146,273,2190,11,0
32.627926,3.921000,114.000,16.528000,3.583000,126.614672,3679,346,0,143,270,2184,11,0
32.640480,12.554000,114.000,16.528000,3.583000,126.613512,3676,346,0,143,270,2184,11,0
32.644555,4.075000,114.000,16.528000,3.583000,126.609377,3676,346,0,143,270,2184,11,0
32.658370,13.815000,114.000,16.528000,3.583000,126.609854,3676,346,0,143,270,2184,11,0
32.663754,5.384000,114.000,16.528000,3.583000,126.610151,3676,346,0,143,270,2184,11,0
32.666809,3.055000,114.000,16.528000,3.583000,126.607130,3670,346,0,143,270,2184,11,0
32.682714,15.905000,111.000,18.304000,1.976000,126.607611,3670,346,0,142,269,2182,11,0
32.690031,7.317000,111.000,18.304000,1.976000,126.606451,3667,346,0,141,268,2180,11,0
32.694210,4.179000,111.000,18.304000,1.976000,126.606932,3667,346,0,140,267,2178,11,0
32.708426,14.216000,111.000,18.304000,1.976000,126.596918,3663,342,0,139,266,2176,11,0
32.715993,7.567000,111.000,18.304000,1.976000,126.593035,3656,342,0,139,266,2176,11,0
32.718687,2.694000,111.000,18.304000,1.976000,126.593515,3656,342,0,137,264,2172,11,0
32.733337,14.650000,111.000,18.304000,1.976000,126.594027,3656,342,0,137,264,2172,11,0
32.736657,3.320000,111.000,18.304000,1.976000,126.594423,3656,342,0,136,263,2170,11,0
32.748216,11.559000,111.000,18.304000,1.976000,126.579309,3647,337,0,135,262,2168,11,0
32.750830,2.614000,111.000,18.304000,1.976000,126.573473,3637,337,0,135,262,2168,11,0
32.764796,13.966000,111.000,18.304000,1.976000,126.587862,3639,337,0,146,274,2192,11,0
32.767058,2.262000,111.000,18.304000,1.976000,126.586702,3636,337,0,146,274,2192,11,0
32.782236,15.178000,111.000,18.304000,1.976000,126.588827,3639,337,0,138,266,2176,11,0
32.785492,3.256000,111.000,18.304000,1.976000,126.585417,3639,337,0,138,266,2176,11,0
32.799137,13.645000,111.000,18.304000,1.976000,126.585894,3639,337,0,138,266,2176,11,0
32.803413,4.276000,111.000,18.304000,1.976000,126.586374,3639,337,0,138,266,2176,11,0
32.814766,11.353000,111.000,18.304000,1.976000,126.586840,3639,337,0,138,266,2176,11,0
32.817015,2.249000,111.000,18.304000,1.976000,126.585680,3636,337,0,138,266,2176,11,0
32.832470,15.455000,111.000,18.304000,1.976000,126.586161,3636,337,0,138,266,2176,11,0
32.836938,4.468000,111.000,18.304000,1.976000,126.586596,3636,337,0,138,266,2176,11,0
32.844425,7.487000,111.000,18.304000,1.976000,126.585436,3633,337,0,138,266,2176,11,0
32.855712,11.287000,111.000,18.304000,1.976000,126.585917,3633,337,0,138,266,2176,11,0
32.865159,9.447000,111.000,18.304000,1.976000,126.586397,3633,337,0,138,266,2176,11,0
32.867501,2.342000,111.000,18.304000,1.976000,126.586878,3633,337,0,138,266,2176,11,0
32.881985,14.484000,111.000,18.304000,1.976000,126.589022,3636,337,0,138,266,2176,11,0
32.885411,3.426000,111.000,18.304000,1.976000,126.589502,3636,337,0,138,266,2176,11,0
32.898076,12.665000,111.000,18.304000,1.976000,126.589914,3636,337,0,138,266,2176,11,0
32.900517,2.441000,111.000,18.304000,1.976000,126.585985,3634,337,0,136,262,2168,11,0
32.914647,14.130000,111.000,18.304000,1.976000,126.588133,3637,337,0,136,262,2168,11,0
32.916554,1.907000,111.000,18.304000,1.976000,126.588614,3637,337,0,135,262,2168,11,0
32.931282,14.728000,111.000,18.304000,1.976000,126.583490,3637,337,0,135,262,2168,11,0
32.933483,2.201000,111.000,18.304000,1.976000,126.583971,3637,337,0,135,262,2168,11,0
32.947691,14.208000,111.000,18.304000,1.976000,126.584467,3637,337,0,135,262,2168,11,0
32.949488,1.797000,111.000,18.304000,1.976000,126.584948,3637,337,0,135,262,2168,11,0
32.964496,15.008000,111.000,18.304000,1.976000,126.585428,3637,337,0,135,262,2168,11,0
32.966264,1.768000,111.000,18.304000,1.976000,126.585909,3637,337,0,135,262,2168,11,0
32.981334,15.070000,111.000,18.304000,1.976000,126.586359,3637,337,0,135,262,2168,11,0
32.983256,1.922000,111.000,18.304000,1.976000,126.592844,3647,337,0,135,262,2168,11,0
32.997752,14.496000,111.000,18.304000,1.976000,126.593340,3647,337,0,135,262,2168,11,0
32.999645,1.893000,111.000,18.304000,1.976000,126.593821,3647,337,0,135,262,2168,11,0
33.014754,15.109000,111.000,18.304000,1.976000,126.594294,3647,337,0,135,262,2168,11,0
33.016733,1.979000,111.000,18.304000,1.976000,126.594774,3647,337,0,135,262,2168,11,0
33.031283,14.550000,111.000,18.304000,1.976000,126.596910,3650,337,0,135,262,2168,11,0
33.033205,1.922000,111.000,18.304000,1.976000,126.597391,3650,337,0,136,262,2168,11,0
33.046962,13.757000,111.000,18.304000,1.976000,126.693453,3702,346,0,174,335,2314,11,0
33.049557,2.595000,111.000,18.304000,1.976000,126.693933,3702,346,0,174,335,2314,11,0
33.064634,15.077000,111.000,18.304000,1.976000,126.674959,3702,346,0,134,289,2222,11,0
33.066493,1.859000,111.000,18.304000,1.976000,126.675440,3702,346,0,134,289,2222,11,0
33.081162,14.669000,111.000,18.304000,1.976000,126.675920,3702,346,0,134,289,2222,11,0
33.083903,2.741000,111.000,18.304000,1.976000,126.682142,3702,346,0,144,300,2244,11,0
33.098057,14.154000,111.000,18.304000,1.976000,126.673227,3685,346,0,136,292,2228,11,0
33.100437,2.380000,111.000,18.304000,1.976000,126.669817,3685,346,0,136,292,2228,11,0
33.114430,13.993000,111.000,18.304000,1.976000,126.668657,3682,346,0,136,292,2228,11,0
33.116455,2.025000,111.000,18.304000,1.976000,126.669092,3682,346,0,136,292,2228,11,0
33.131670,15.215000,111.000,18.304000,1.976000,126.669573,3682,346,0,136,292,2228,11,0
33.133684,2.014000,111.000,18.304000,1.976000,126.670008,3682,346,0,136,292,2228,11,0
33.150077,16.393000,111.000,18.304000,1.976000,126.671122,3682,346,0,136,292,2228,11,1
33.163903,13.826000,111.000,18.304000,1.976000,126.671602,3682,346,0,136,292,2228,11,1
33.166418,2.515000,111.000,18.304000,1.976000,126.673250,3682,346,0,136,292,2228,11,3
33.180832,14.414000,111.000,18.304000,1.976000,126.673731,3682,346,0,136,292,2228,11,3
33.183337,2.505000,111.000,18.304000,1.976000,126.672636,3678,346,0,136,292,2228,11,3
33.197318,13.981000,111.000,18.304000,1.976000,126.673063,3678,346,0,134,259,2162,11,3
33.200383,3.065000,111.000,18.304000,1.976000,126.671000,3694,343,0,134,259,2162,11,0
33.213950,13.567000,111.000,18.304000,1.976000,126.661798,3679,343,0,137,259,2162,11,0
33.216402,2.452000,111.000,18.304000,1.976000,126.635344,3679,343,0,137,259,2162,11,0
33.230741,14.339000,111.000,18.304000,1.976000,126.635824,3679,343,0,137,259,2162,11,0
33.233165,2.424000,111.000,18.304000,1.976000,126.637949,3682,343,0,135,256,2156,11,0
33.247269,14.104000,111.000,18.304000,1.976000,126.638430,3682,343,0,135,256,2156,11,0
33.250259,2.990000,111.000,18.304000,1.976000,126.637266,3679,343,0,135,256,2156,11,0
33.264405,14.146000,111.000,18.304000,1.976000,126.633177,3679,343,0,134,256,2156,11,0
33.267304,2.899000,111.000,18.304000,1.976000,126.631907,3676,343,0,134,256,2156,11,0
33.281127,13.823000,111.000,18.304000,1.976000,126.628885,3670,343,0,133,256,2156,11,0
33.285148,4.021000,111.000,18.304000,1.976000,126.630999,3673,343,0,132,255,2154,11,0
33.297397,12.249000,111.000,18.304000,1.976000,126.631479,3673,343,0,131,255,2154,11,0
33.300510,3.113000,111.000,18.304000,1.976000,126.631983,3673,343,0,129,253,2150,11,0
33.314832,14.322000,111.000,18.304000,1.976000,126.622015,3669,339,0,129,252,2148,11,0
33.332470,17.638000,111.000,18.304000,1.976000,126.618071,3662,339,0,129,252,2148,11,0
33.338736,6.266000,111.000,18.304000,1.976000,126.618505,3662,339,0,126,251,2146,11,0
33.342404,3.668000,111.000,18.304000,1.976000,126.617346,3659,339,0,129,250,2144,11,0
33.356804,14.400000,111.000,18.304000,1.976000,126.617758,3659,339,0,128,249,2142,11,0
33.364794,7.990000,111.000,18.304000,1.976000,126.602705,3650,334,0,125,248,2140,11,0
33.382295,17.501000,111.000,18.304000,1.976000,126.596807,3640,334,0,122,245,2134,11,0
33.388948,6.653000,111.000,18.304000,1.976000,126.611235,3642,334,0,134,257,2158,11,0
33.392947,3.999000,111.000,18.304000,1.976000,126.606199,3639,334,0,126,249,2142,11,0
33.406023,13.076000,111.000,18.304000,1.976000,126.606680,3639,334,0,126,249,2142,11,0
33.414675,8.652000,111.000,18.304000,1.976000,126.607145,3639,334,0,126,249,2142,11,0
33.416609,1.934000,111.000,18.304000,1.976000,126.607626,3639,334,0,126,249,2142,11,0
33.432035,15.426000,111.000,18.304000,1.976000,126.608137,3639,334,0,126,249,2142,11,0
33.435190,3.155000,111.000,18.304000,1.976000,126.608587,3639,334,0,126,249,2142,11,0
33.447291,12.101000,111.000,18.304000,1.976000,126.609022,3639,334,0,126,249,2142,11,0
33.450289,2.998000,111.000,18.304000,1.976000,126.609518,3639,334,0,126,249,2142,11,0
33.464603,14.314000,111.000,18.304000,1.976000,126.609999,3639,334,0,126,249,2142,11,0
33.470451,5.848000,111.000,18.304000,1.976000,126.577375,3621,325,0,123,246,2136,11,0
33.474201,3.750000,111.000,18.304000,1.976000,126.566778,3603,325,0,123,246,2136,11,0
33.491192,16.991000,111.000,18.304000,1.976000,126.582441,3613,329,0,123,246,2136,11,0
33.495075,3.883000,111.000,18.304000,1.976000,126.583609,3613,329,0,124,248,2140,11,0
33.508285,13.210000,111.000,18.304000,1.976000,126.584055,3613,329,0,124,248,2140,11,0
33.514007,5.722000,111.000,18.304000,1.976000,126.584536,3613,329,0,124,248,2140,11,0
33.516866,2.859000,111.000,18.304000,1.976000,126.583391,3610,329,0,122,244,2132,11,0
33.531510,14.644000,111.000,18.304000,1.976000,126.583818,3610,329,0,122,244,2132,11,0
33.536496,4.986000,111.000,18.304000,1.976000,126.579844,3608,329,0,122,244,2132,11,0
33.547977,11.481000,111.000,18.304000,1.976000,126.574709,3608,329,0,122,244,2132,11,0
33.553157,5.180000,111.000,18.304000,1.976000,126.561499,3603,324,0,121,243,2130,11,0
33.564485,11.328000,111.000,18.304000,1.976000,126.556433,3593,324,0,119,243,2130,11,0
33.568560,4.075000,111.000,18.304000,1.976000,126.556944,3593,324,0,119,243,2130,11,0
33.581263,12.703000,111.000,18.304000,1.976000,126.557379,3593,324,0,120,243,2130,11,0
33.586274,5.011000,111.000,18.304000,1.976000,126.559492,3596,324,0,120,243,2130,11,0
33.590724,4.450000,111.000,18.304000,1.976000,126.565977,3606,324,0,121,243,2130,11,0
33.606365,15.641000,111.000,18.304000,1.976000,126.566420,3606,324,0,121,243,2130,11,0
33.614227,7.862000,111.000,18.304000,1.976000,126.566900,3606,324,0,119,243,2130,11,0
33.618121,3.894000,111.000,18.304000,1.976000,126.569071,3609,324,0,119,243,2130,11,0
33.631150,13.029000,111.000,18.304000,1.976000,126.569551,3609,324,0,121,243,2130,11,0
33.636716,5.566000,111.000,18.304000,1.976000,126.569967,3609,324,0,121,243,2130,11,0
33.647563,10.847000,111.000,18.304000,1.976000,126.570448,3609,324,0,118,243,2130,11,0
33.659849,12.286000,111.000,18.304000,1.976000,126.672651,3661,333,0,169,332,2308,11,0
33.663516,3.667000,111.000,18.304000,1.976000,126.673132,3661,333,0,169,332,2308,11,0
33.665724,2.208000,111.000,18.304000,1.976000,126.659994,3661,333,0,141,300,2244,11,0
33.680653,14.929000,117.000,16.400000,1.865000,126.660475,3661,333,0,141,300,2244,11,0
33.683048,2.395000,117.000,16.400000,1.865000,126.660955,3661,333,0,141,300,2244,11,0
33.697305,14.257000,117.000,16.400000,1.865000,126.667177,3661,333,0,151,311,2266,11,0
33.699748,2.443000,117.000,16.400000,1.865000,126.658262,3644,333,0,151,311,2266,11,0
33.715346,15.598000,117.000,16.400000,1.865000,126.654852,3644,333,0,143,303,2250,11,0
33.722860,7.514000,117.000,16.400000,1.865000,126.656984,3647,333,0,143,303,2250,11,0
33.725321,2.461000,117.000,16.400000,1.865000,126.659067,3650,333,0,143,303,2250,11,0
33.738935,13.614000,117.000,16.400000,1.865000,126.659548,3650,333,0,144,303,2250,11,0
33.741703,2.768000,117.000,16.400000,1.865000,126.660028,3650,333,0,144,303,2250,11,0
33.755623,13.920000,117.000,16.400000,1.865000,126.660509,3650,333,0,144,303,2250,11,0
33.764276,8.653000,117.000,16.400000,1.865000,126.660990,3650,333,0,144,303,2250,11,0
33.766297,2.021000,117.000,16.400000,1.865000,126.661470,3650,333,0,144,303,2250,11,0
33.782047,15.750000,117.000,16.400000,1.865000,126.661951,3650,333,0,144,303,2250,11,0
33.785719,3.672000,117.000,16.400000,1.865000,126.659929,3646,333,0,144,303,2250,11,0
33.798463,12.744000,117.000,16.400000,1.865000,126.662008,3649,333,0,142,270,2184,11,0
33.802226,3.763000,117.000,16.400000,1.865000,126.658133,3647,333,0,142,270,2184,11,0
33.815202,12.976000,117.000,16.400000,1.865000,126.658606,3647,333,0,142,270,2184,11,0
33.818789,3.587000,117.000,16.400000,1.865000,126.630564,3644,333,0,143,270,2184,11,0
33.832235,13.446000,117.000,16.400000,1.865000,126.631044,3644,333,0,143,270,2184,11,0
33.834806,2.571000,117.000,16.400000,1.865000,126.631525,3644,333,0,141,267,2178,11,0
33.848680,13.874000,117.000,16.400000,1.865000,126.633680,3647,333,0,141,267,2178,11,0
33.852084,3.404000,117.000,16.400000,1.865000,126.632475,3644,333,0,141,267,2178,11,0
33.865037,12.953000,117.000,16.400000,1.865000,126.629999,3647,333,0,141,267,2178,11,0
33.867276,2.239000,117.000,16.400000,1.865000,126.630342,3647,333,0,140,267,2178,11,0
33.882094,14.818000,117.000,16.400000,1.865000,126.627302,3641,333,0,140,267,2178,11,0
33.886451,4.357000,117.000,16.400000,1.865000,126.627783,3641,333,0,138,266,2176,11,0
33.898498,12.047000,117.000,16.400000,1.865000,126.628279,3641,333,0,138,266,2176,11,0
33.901650,3.152000,117.000,16.400000,1.865000,126.628759,3641,333,0,137,264,2172,11,0
33.915397,13.747000,117.000,16.400000,1.865000,126.618746,3637,329,0,136,263,2170,11,0
33.919165,3.768000,117.000,16.400000,1.865000,126.614878,3630,329,0,136,263,2170,11,0
33.932052,12.887000,117.000,16.400000,1.865000,126.616987,3633,329,0,135,262,2168,11,0
33.935200,3.148000,117.000,16.400000,1.865000,126.615828,3630,329,0,134,261,2166,11,0
33.948946,13.746000,117.000,16.400000,1.865000,126.616156,3630,329,0,133,260,2164,11,0
33.952174,3.228000,117.000,16.400000,1.865000,126.599463,3618,324,0,132,259,2162,11,0
33.965465,13.291000,117.000,16.400000,1.865000,126.591955,3605,324,0,132,259,2162,11,0
33.968697,3.232000,117.000,16.400000,1.865000,126.592436,3605,324,0,132,259,2162,11,0
33.981161,12.464000,117.000,16.400000,1.865000,126.608530,3610,324,0,143,271,2186,11,0
33.983156,1.995000,117.000,16.400000,1.865000,126.609011,3610,324,0,143,271,2186,11,0
33.998747,15.591000,117.000,16.400000,1.865000,126.605577,3610,324,0,135,263,2170,11,0
34.003662,4.915000,117.000,16.400000,1.865000,126.606058,3610,324,0,135,263,2170,11,0
34.016070,12.408000,117.000,16.400000,1.865000,126.606554,3610,324,0,135,263,2170,11,0
34.019529,3.459000,117.000,16.400000,1.865000,126.606989,3610,324,0,135,263,2170,11,0
34.031855,12.326000,117.000,16.400000,1.865000,126.605814,3607,324,0,135,263,2170,11,0
34.034372,2.517000,117.000,16.400000,1.865000,126.606295,3607,324,0,135,263,2170,11,0
34.047858,13.486000,117.000,16.400000,1.865000,126.606806,3607,324,0,135,263,2170,11,0
34.050039,2.181000,117.000,16.400000,1.865000,126.607286,3607,324,0,135,263,2170,11,0
34.065520,15.481000,117.000,16.400000,1.865000,126.607737,3607,324,0,135,263,2170,11,0
34.069515,3.995000,117.000,16.400000,1.865000,126.608171,3607,324,0,135,263,2170,11,0
34.081189,11.674000,117.000,16.400000,1.865000,126.607027,3604,324,0,135,263,2170,11,0
34.083277,2.088000,117.000,16.400000,1.865000,126.607508,3604,324,0,135,263,2170,11,0
34.098684,15.407000,117.000,16.400000,1.865000,126.606333,3601,324,0,135,263,2170,11,0
34.102674,3.990000,117.000,16.400000,1.865000,126.606813,3601,324,0,135,263,2170,11,0
34.115181,12.507000,117.000,16.400000,1.865000,126.607256,3601,324,0,135,263,2170,11,0
34.119071,3.890000,117.000,16.400000,1.865000,126.603327,3599,324,0,132,259,2162,11,0
34.132217,13.146000,117.000,16.400000,1.865000,126.603792,3599,324,0,130,257,2158,11,0
34.135404,3.187000,117.000,16.400000,1.865000,126.603300,3599,324,0,131,257,2158,11,0
34.147849,12.445000,117.000,16.400000,1.865000,126.598169,3599,324,0,131,257,2158,11,0
34.149885,2.036000,117.000,16.400000,1.865000,126.598650,3599,324,0,131,257,2158,11,0
34.165420,15.535000,117.000,16.400000,1.865000,126.597475,3596,324,0,131,257,2158,11,0
34.170075,4.655000,117.000,16.400000,1.865000,126.597910,3596,324,0,130,257,2158,11,0
34.182324,12.249000,117.000,16.400000,1.865000,126.598391,3596,324,0,130,257,2158,11,0
34.186016,3.692000,117.000,16.400000,1.865000,126.598871,3596,324,0,129,257,2158,11,0
34.198867,12.851000,117.000,16.400000,1.865000,126.605356,3606,324,0,129,257,2158,11,0
34.202653,3.786000,117.000,16.400000,1.865000,126.605837,3606,324,0,130,257,2158,11,0
34.216072,13.419000,117.000,16.400000,1.865000,126.604715,3603,324,0,130,257,2158,11,0
34.219504,3.432000,117.000,16.400000,1.865000,126.605196,3603,324,0,128,257,2158,11,0
34.231930,12.426000,117.000,16.400000,1.865000,126.605677,3603,324,0,128,257,2158,11,0
34.234588,2.658000,117.000,16.400000,1.865000,126.606112,3603,324,0,130,257,2158,11,0
34.248852,14.264000,117.000,16.400000,1.865000,126.606607,3603,324,0,130,257,2158,11,0
34.261157,12.305000,117.000,16.400000,1.865000,126.708464,3660,333,0,169,335,2314,11,0
34.272782,11.625000,117.000,16.400000,1.865000,126.709482,3660,333,0,169,335,2314,11,1
34.274887,2.105000,117.000,16.400000,1.865000,126.691481,3660,333,0,131,289,2222,11,1
34.289544,14.657000,117.000,16.400000,1.865000,126.693941,3663,333,0,131,289,2222,11,1
34.297389,7.845000,117.000,16.400000,1.865000,126.694422,3663,333,0,132,289,2222,11,1
34.300316,2.927000,117.000,16.400000,1.865000,126.699389,3669,332,0,140,297,2238,11,0
34.314511,14.195000,117.000,16.400000,1.865000,126.685564,3644,332,0,141,297,2238,11,0
34.319082,4.571000,117.000,16.400000,1.865000,126.683821,3647,332,0,133,289,2222,11,0
34.331128,12.046000,117.000,16.400000,1.865000,126.684301,3647,332,0,133,289,2222,11,0
34.334866,3.738000,117.000,16.400000,1.865000,126.684782,3647,332,0,133,289,2222,11,0
34.347382,12.516000,117.000,16.400000,1.865000,126.685263,3647,332,0,133,289,2222,11,0
34.350026,2.644000,117.000,16.400000,1.865000,126.685743,3647,332,0,133,289,2222,11,0
34.364263,14.237000,117.000,16.400000,1.865000,126.686224,3647,332,0,133,289,2222,11,0
34.368843,4.580000,117.000,16.400000,1.865000,126.686705,3647,332,0,133,289,2222,11,0
34.380895,12.052000,117.000,16.400000,1.865000,126.687185,3647,332,0,133,289,2222,11,0
34.390241,9.346000,117.000,16.400000,1.865000,126.687666,3647,332,0,133,289,2222,11,0
34.394696,4.455000,117.000,16.400000,1.865000,126.685644,3643,332,0,133,289,2222,11,0
34.406872,12.176000,117.000,16.400000,1.865000,126.686071,3643,332,0,131,253,2150,11,0
34.411650,4.778000,117.000,16.400000,1.865000,126.682142,3641,332,0,131,253,2150,11,0
34.422632,10.982000,117.000,16.400000,1.865000,126.684229,3644,332,0,131,253,2150,11,0
34.430945,8.313000,117.000,16.400000,1.865000,126.653257,3644,332,0,131,253,2150,11,0
34.436009,5.064000,117.000,16.400000,1.865000,126.655405,3647,332,0,131,253,2150,11,0
34.448013,12.004000,117.000,16.400000,1.865000,126.655886,3647,332,0,132,253,2150,11,0
34.451975,3.962000,117.000,16.400000,1.865000,126.656351,3647,332,0,132,253,2150,11,0
34.464268,12.293000,117.000,16.400000,1.865000,126.656885,3647,332,0,131,252,2148,11,0
34.469370,5.102000,117.000,16.400000,1.865000,126.657335,3647,332,0,131,252,2148,11,0
34.481088,11.718000,117.000,16.400000,1.865000,126.657633,3647,332,0,130,252,2148,11,0
34.484972,3.884000,117.000,16.400000,1.865000,126.654596,3641,332,0,130,252,2148,11,0
34.498112,13.140000,117.000,16.400000,1.865000,126.655077,3641,332,0,130,251,2146,11,0
34.515422,17.310000,117.000,16.400000,1.865000,126.657221,3644,332,0,130,251,2146,11,0
34.520226,4.804000,117.000,16.400000,1.865000,126.657679,3644,332,0,128,249,2142,11,0
34.531118,10.892000,117.000,16.400000,1.865000,126.646116,3637,328,0,126,248,2140,11,0
34.536862,5.744000,117.000,16.400000,1.865000,126.642202,3630,328,0,126,248,2140,11,0
34.540523,3.661000,117.000,16.400000,1.865000,126.642683,3630,328,0,125,246,2136,11,0
34.557003,16.480000,117.000,16.400000,1.865000,126.643183,3630,328,0,124,245,2134,11,0
34.564575,7.572000,117.000,16.400000,1.865000,126.643579,3630,328,0,122,244,2132,11,0
34.568099,3.524000,117.000,16.400000,1.865000,126.617594,3616,320,0,121,243,2130,11,0
34.581044,12.945000,117.000,16.400000,1.865000,126.608065,3600,320,0,122,243,2130,11,0
34.586570,5.526000,117.000,16.400000,1.865000,126.637621,3612,324,0,132,255,2154,11,0
34.597565,10.995000,117.000,16.400000,1.865000,126.638742,3612,324,0,133,257,2158,11,0
34.600676,3.111000,117.000,16.400000,1.865000,126.635344,3612,324,0,125,249,2142,11,0
34.614724,14.048000,117.000,16.400000,1.865000,126.635824,3612,324,0,125,249,2142,11,0
34.632114,17.390000,117.000,16.400000,1.865000,126.636290,3612,324,0,125,249,2142,11,0
34.637032,4.918000,117.000,16.400000,1.865000,126.638445,3615,324,0,125,249,2142,11,0
34.647336,10.304000,117.000,16.400000,1.865000,126.638926,3615,324,0,125,249,2142,11,0
34.650060,2.724000,117.000,16.400000,1.865000,126.639372,3615,324,0,125,249,2142,11,0
34.664683,14.623000,117.000,16.400000,1.865000,126.638166,3612,324,0,125,249,2142,11,0
34.668364,3.681000,116.000,16.343000,1.519000,126.637022,3609,324,0,125,249,2142,11,0
34.681095,12.731000,116.000,16.343000,1.519000,126.637503,3609,324,0,125,249,2142,11,0
34.685780,4.685000,116.000,16.343000,1.519000,126.639616,3612,324,0,125,249,2142,11,0
34.697933,12.153000,116.000,16.343000,1.519000,126.640051,3612,324,0,125,249,2142,11,0
34.715301,17.368000,116.000,16.343000,1.519000,126.640539,3612,324,0,125,249,2142,11,0
34.720316,5.015000,116.000,16.343000,1.519000,126.641005,3612,324,0,125,249,2142,11,0
34.724883,4.567000,116.000,16.343000,1.519000,126.641485,3612,324,0,125,249,2142,11,0
34.740353,15.470000,116.000,16.343000,1.519000,126.641928,3612,324,0,123,245,2134,11,0
34.747199,6.846000,116.000,16.343000,1.519000,126.636358,3607,324,0,123,245,2134,11,0
34.750764,3.565000,116.000,16.343000,1.519000,126.631239,3607,324,0,123,245,2134,11,0
34.764065,13.301000,116.000,16.343000,1.519000,126.631720,3607,324,0,123,245,2134,11,0
34.766591,2.526000,116.000,16.343000,1.519000,126.632215,3607,324,0,123,245,2134,11,0
34.781132,14.541000,116.000,16.343000,1.519000,126.632696,3607,324,0,123,245,2134,11,0
34.786465,5.333000,116.000,16.343000,1.519000,126.633184,3607,324,0,123,245,2134,11,0
34.799000,12.535000,116.000,16.343000,1.519000,126.633642,3607,324,0,121,245,2134,11,0
34.803197,4.197000,116.000,16.343000,1.519000,126.640059,3617,324,0,123,245,2134,11,0
34.815542,12.345000,116.000,16.343000,1.519000,126.640539,3617,324,0,123,245,2134,11,0
34.818725,3.183000,116.000,16.343000,1.519000,126.641020,3617,324,0,122,245,2134,11,0
34.832025,13.300000,116.000,16.343000,1.519000,126.641500,3617,324,0,122,245,2134,11,0
34.836065,4.040000,116.000,16.343000,1.519000,126.641981,3617,324,0,123,245,2134,11,0
34.848738,12.673000,116.000,16.343000,1.519000,126.642477,3617,324,0,123,245,2134,11,0
34.860260,11.522000,116.000,16.343000,1.519000,126.743177,3666,333,0,171,332,2308,11,0
34.872773,12.513000,116.000,16.343000,1.519000,126.743567,3666,333,0,171,332,2308,11,0
34.881217,8.444000,116.000,16.343000,1.519000,126.744047,3666,333,0,141,298,2240,11,0
34.892642,11.425000,116.000,16.343000,1.519000,126.729937,3666,333,0,141,298,2240,11,0
34.897533,4.891000,116.000,16.343000,1.519000,126.730417,3666,333,0,141,298,2240,11,0
34.900101,2.568000,116.000,16.343000,1.519000,126.735373,3666,333,0,150,307,2258,11,0
34.914371,14.270000,116.000,16.343000,1.519000,126.723166,3643,333,0,150,307,2258,11,0
34.916366,1.995000,116.000,16.343000,1.519000,126.719755,3643,333,0,142,299,2242,11,0
34.931320,14.954000,116.000,16.343000,1.519000,126.720236,3643,333,0,142,299,2242,11,0
34.933335,2.015000,116.000,16.343000,1.519000,126.720671,3643,333,0,142,299,2242,11,0
34.948417,15.082000,116.000,16.343000,1.519000,126.722811,3646,333,0,142,299,2242,11,0
34.952219,3.802000,116.000,16.343000,1.519000,126.723291,3646,333,0,142,299,2242,11,0
34.965196,12.977000,116.000,16.343000,1.519000,126.723753,3646,333,0,142,299,2242,11,0
34.969002,3.806000,116.000,16.343000,1.519000,126.725882,3649,333,0,142,299,2242,11,0
34.980695,11.693000,116.000,16.343000,1.519000,126.726362,3649,333,0,142,299,2242,11,0
34.983342,2.647000,116.000,16.343000,1.519000,126.724340,3645,333,0,142,299,2242,11,0
34.997654,14.312000,116.000,16.343000,1.519000,126.724821,3645,333,0,139,264,2172,11,0
35.003216,5.562000,116.000,16.343000,1.519000,126.726915,3648,333,0,139,264,2172,11,0
35.014328,11.112000,116.000,16.343000,1.519000,126.691351,3643,333,0,139,264,2172,11,0
35.018105,3.777000,116.000,16.343000,1.519000,126.691847,3643,333,0,139,264,2172,11,0
35.030816,12.711000,116.000,16.343000,1.519000,126.692327,3643,333,0,140,264,2172,11,0
35.034612,3.796000,116.000,16.343000,1.519000,126.692823,3643,333,0,139,263,2170,11,0
35.048178,13.566000,116.000,16.343000,1.519000,126.693304,3643,333,0,139,263,2170,11,0
35.053869,5.691000,116.000,16.343000,1.519000,126.693769,3643,333,0,139,263,2170,11,0
35.064305,10.436000,116.000,16.343000,1.519000,126.692724,3643,333,0,139,263,2170,11,0
35.070598,6.293000,116.000,16.343000,1.519000,126.693094,3643,333,0,139,263,2170,11,0
35.074067,3.469000,116.000,16.343000,1.519000,126.690073,3637,333,0,138,263,2170,11,0
35.090415,16.348000,116.000,16.343000,1.519000,126.690554,3637,333,0,137,262,2168,11,0
35.093415,3.000000,116.000,16.343000,1.519000,126.691034,3637,333,0,136,260,2164,11,0
35.107769,14.354000,116.000,16.343000,1.519000,126.693163,3640,333,0,136,260,2164,11,0
35.113742,5.973000,116.000,16.343000,1.519000,126.683241,3636,329,0,134,259,2162,11,0
35.116459,2.717000,116.000,16.343000,1.519000,126.680952,3632,329,0,134,259,2162,11,0
35.130771,14.312000,116.000,16.343000,1.519000,126.681433,3632,329,0,131,257,2158,11,0
35.133676,2.905000,116.000,16.343000,1.519000,126.681906,3632,329,0,130,256,2156,11,0
35.147886,14.210000,116.000,16.343000,1.519000,126.682302,3632,329,0,132,256,2156,11,0
35.153216,5.330000,116.000,16.343000,1.519000,126.667204,3623,324,0,131,255,2154,11,0
35.158329,5.113000,116.000,16.343000,1.519000,126.661367,3613,324,0,128,255,2154,11,0
35.173611,15.282000,116.000,16.343000,1.519000,126.660223,3610,324,0,128,255,2154,11,0
35.180558,6.947000,116.000,16.343000,1.519000,126.677011,3612,324,0,142,270,2184,11,0
35.183076,2.518000,116.000,16.343000,1.519000,126.679155,3615,324,0,142,270,2184,11,0
35.197721,14.645000,116.000,16.343000,1.519000,126.674105,3612,324,0,134,262,2168,11,0
35.204369,6.648000,116.000,16.343000,1.519000,126.674562,3612,324,0,134,262,2168,11,0
35.207416,3.047000,116.000,16.343000,1.519000,126.675043,3612,324,0,134,262,2168,11,0
35.222745,15.329000,116.000,16.343000,1.519000,126.675524,3612,324,0,134,262,2168,11,0
35.230875,8.130000,116.000,16.343000,1.519000,126.676004,3612,324,0,134,262,2168,11,0
35.234652,3.777000,116.000,16.343000,1.519000,126.676504,3612,324,0,134,262,2168,11,0
35.247894,13.242000,116.000,16.343000,1.519000,126.676985,3612,324,0,134,262,2168,11,0
35.253631,5.737000,116.000,16.343000,1.519000,126.677462,3612,324,0,134,262,2168,11,0
35.265375,11.744000,116.000,16.343000,1.519000,126.677942,3612,324,0,134,262,2168,11,0
35.273717,8.342000,116.000,16.343000,1.519000,126.678423,3612,324,0,134,262,2168,11,0
35.277318,3.601000,116.000,16.343000,1.519000,126.678904,3612,324,0,134,262,2168,11,0
35.291110,13.792000,116.000,16.343000,1.519000,126.679369,3612,324,0,134,262,2168,11,0
35.294848,3.738000,116.000,16.343000,1.519000,126.679804,3612,324,0,134,262,2168,11,0
35.299406,4.558000,116.000,16.343000,1.519000,126.680300,3612,324,0,134,262,2168,11,0
35.315278,15.872000,116.000,16.343000,1.519000,126.680780,3612,324,0,134,262,2168,11,0
35.332308,17.030000,116.000,16.343000,1.519000,126.682852,3615,324,0,131,257,2158,11,0
35.336727,4.419000,116.000,16.343000,1.519000,126.678923,3613,324,0,132,257,2158,11,0
35.344457,7.730000,116.000,16.343000,1.519000,126.677759,3610,324,0,132,257,2158,11,0
35.348613,4.156000,116.000,16.343000,1.519000,126.671236,3610,324,0,131,257,2158,11,0
35.366614,18.001000,116.000,16.343000,1.519000,126.670675,3607,324,0,131,257,2158,11,1
35.381326,14.712000,116.000,16.343000,1.519000,126.671156,3607,324,0,133,257,2158,11,1
35.394332,13.006000,116.000,16.343000,1.519000,126.673609,3610,324,0,133,257,2158,11,1
35.407025,12.693000,116.000,16.343000,1.519000,126.546385,3566,283,0,131,257,2158,11,0
35.410018,2.993000,116.000,16.343000,1.519000,126.511488,3511,283,0,123,237,2118,11,0
35.423739,13.721000,116.000,16.343000,1.519000,126.517973,3521,283,0,123,237,2118,11,0
35.427113,3.374000,116.000,16.343000,1.519000,126.518454,3521,283,0,119,237,2118,11,0
35.440531,13.418000,116.000,16.343000,1.519000,126.517309,3518,283,0,119,237,2118,11,0
35.445200,4.669000,116.000,16.343000,1.519000,126.517790,3518,283,0,123,237,2118,11,0
35.456618,11.418000,116.000,16.343000,1.519000,126.518190,3518,283,0,123,237,2118,11,0
35.464003,7.385000,116.000,16.343000,1.519000,126.518671,3518,283,0,121,237,2118,11,0
35.477169,13.166000,116.000,16.343000,1.519000,126.614740,3570,292,0,160,310,2264,11,0
35.480215,3.046000,116.000,16.343000,1.519000,126.615221,3570,292,0,122,266,2176,11,0
35.482522,2.307000,116.000,16.343000,1.519000,126.595579,3567,292,0,122,266,2176,11,0
35.497985,15.463000,116.000,16.343000,1.519000,126.596060,3567,292,0,122,266,2176,11,0
35.500523,2.538000,116.000,16.343000,1.519000,126.596540,3567,292,0,122,266,2176,11,0
35.514594,14.071000,116.000,16.343000,1.519000,126.602762,3567,292,0,132,277,2198,11,0
35.516690,2.096000,116.000,16.343000,1.519000,126.592196,3547,292,0,132,277,2198,11,0
35.531102,14.412000,116.000,16.343000,1.519000,126.588739,3547,292,0,124,269,2182,11,0
35.533079,1.977000,116.000,16.343000,1.519000,126.589220,3547,292,0,124,269,2182,11,0
35.547695,14.616000,116.000,16.343000,1.519000,126.589701,3547,292,0,124,269,2182,11,0
35.549625,1.930000,116.000,16.343000,1.519000,126.590181,3547,292,0,123,268,2180,11,0
35.564409,14.784000,116.000,16.343000,1.519000,126.589022,3544,292,0,123,268,2180,11,0
35.566328,1.919000,116.000,16.343000,1.519000,126.589502,3544,292,0,123,268,2180,11,0
35.581137,14.809000,116.000,16.343000,1.519000,126.589983,3544,292,0,123,268,2180,11,0
35.583129,1.992000,116.000,16.343000,1.519000,126.590464,3544,292,0,123,268,2180,11,0
35.597722,14.593000,116.000,16.343000,1.519000,126.607931,3559,296,0,123,268,2180,11,0
35.599809,2.087000,116.000,16.343000,1.519000,126.607195,3556,296,0,123,237,2118,11,0
35.614380,14.571000,116.000,16.343000,1.519000,126.607611,3556,296,0,123,237,2118,11,0
35.616225,1.845000,116.000,16.343000,1.519000,126.581163,3556,296,0,123,237,2118,11,0
35.631405,15.180000,116.000,16.343000,1.519000,126.581606,3556,296,0,123,237,2118,11,0
35.633188,1.783000,116.000,16.343000,1.519000,126.577677,3554,296,0,124,237,2118,11,0
35.648206,15.018000,116.000,16.343000,1.519000,126.567736,3549,293,0,121,233,2110,11,0
35.650813,2.607000,116.000,16.343000,1.519000,126.564524,3543,293,0,121,233,2110,11,0
35.664425,13.612000,116.000,16.343000,1.519000,126.564989,3543,293,0,121,233,2110,11,0
35.666253,1.828000,115.000,16.318000,2.862000,126.560900,3543,293,0,121,233,2110,11,0
35.681155,14.902000,115.000,16.318000,2.862000,126.579538,3556,297,0,121,233,2110,11,0
35.682986,1.831000,115.000,16.318000,2.862000,126.577204,3550,297,0,122,235,2114,11,0
35.697812,14.826000,115.000,16.318000,2.862000,126.577673,3550,297,0,121,234,2112,11,0
35.701662,3.850000,115.000,16.318000,2.862000,126.578154,3550,297,0,119,234,2112,11,0
35.714329,12.667000,115.000,16.318000,2.862000,126.580263,3553,297,0,117,232,2108,11,0
35.716625,2.296000,115.000,16.318000,2.862000,126.570307,3549,293,0,119,231,2106,11,0
35.730739,14.114000,115.000,16.318000,2.862000,126.566439,3542,293,0,117,231,2106,11,0
35.732997,2.258000,115.000,16.318000,2.862000,126.566889,3542,293,0,115,229,2102,11,0
35.747476,14.479000,115.000,16.318000,2.862000,126.567369,3542,293,0,117,229,2102,11,0
35.749595,2.119000,115.000,16.318000,2.862000,126.567812,3542,293,0,116,228,2100,11,0
35.764237,14.642000,115.000,16.318000,2.862000,126.552759,3533,288,0,114,227,2098,11,0
35.766781,2.544000,115.000,16.318000,2.862000,126.546831,3523,288,0,114,227,2098,11,0
35.780940,14.159000,115.000,16.318000,2.862000,126.561251,3525,288,0,124,239,2122,11,0
35.783549,2.609000,115.000,16.318000,2.862000,126.561701,3525,288,0,124,239,2122,11,0
35.797698,14.149000,115.000,16.318000,2.862000,126.562181,3525,288,0,124,239,2122,11,0
35.800412,2.714000,115.000,16.318000,2.862000,126.559431,3528,288,0,114,229,2102,11,0
35.814250,13.838000,115.000,16.318000,2.862000,126.559912,3528,288,0,114,229,2102,11,0
35.816616,2.366000,115.000,16.318000,2.862000,126.562002,3531,288,0,114,229,2102,11,0
35.830801,14.185000,115.000,16.318000,2.862000,126.562483,3531,288,0,114,229,2102,11,0
35.833057,2.256000,115.000,16.318000,2.862000,126.562948,3531,288,0,114,229,2102,11,0
35.847301,14.244000,115.000,16.318000,2.862000,126.563429,3531,288,0,114,229,2102,11,0
35.852361,5.060000,115.000,16.318000,2.862000,126.565596,3534,288,0,114,229,2102,11,0
35.864030,11.669000,115.000,16.318000,2.862000,126.566076,3534,288,0,114,229,2102,11,0
35.866688,2.658000,115.000,16.318000,2.862000,126.566496,3534,288,0,114,229,2102,11,0
35.880767,14.079000,115.000,16.318000,2.862000,126.566977,3534,288,0,114,229,2102,11,0
35.883042,2.275000,115.000,16.318000,2.862000,126.569117,3537,288,0,114,229,2102,11,0
35.897328,14.286000,115.000,16.318000,2.862000,126.569597,3537,288,0,114,229,2102,11,0
35.900251,2.923000,115.000,16.318000,2.862000,126.570059,3537,288,0,114,229,2102,11,0
35.914016,13.765000,115.000,16.318000,2.862000,126.568899,3534,288,0,114,229,2102,11,0
35.916572,2.556000,115.000,16.318000,2.862000,126.569342,3534,288,0,112,225,2094,11,0
35.931139,14.567000,115.000,16.318000,2.862000,126.565413,3532,288,0,112,225,2094,11,0
35.935320,4.181000,115.000,16.318000,2.862000,126.567537,3535,288,0,112,225,2094,11,0
35.948003,12.683000,115.000,16.318000,2.862000,126.560717,3532,288,0,112,225,2094,11,0
35.952364,4.361000,115.000,16.318000,2.862000,126.561201,3532,288,0,112,225,2094,11,0
35.964677,12.313000,115.000,16.318000,2.862000,126.561682,3532,288,0,112,225,2094,11,0
35.968523,3.846000,115.000,16.318000,2.862000,126.562132,3532,288,0,112,225,2094,11,0
35.981686,13.163000,115.000,16.318000,2.862000,126.562613,3532,288,0,110,225,2094,11,0
35.999477,17.791000,115.000,16.318000,2.862000,126.563093,3532,288,0,110,225,2094,11,0
36.004099,4.622000,115.000,16.318000,2.862000,126.563574,3532,288,0,113,225,2094,11,0
36.008595,4.496000,115.000,16.318000,2.862000,126.564054,3532,288,0,113,225,2094,11,0
36.022465,13.870000,115.000,16.318000,2.862000,126.570539,3542,288,0,111,225,2094,11,0
36.033080,10.615000,115.000,16.318000,2.862000,126.574339,3548,288,0,111,225,2094,11,0
36.035894,2.814000,115.000,16.318000,2.862000,126.574774,3548,288,0,111,225,2094,11,0
36.049598,13.704000,115.000,16.318000,2.862000,126.573591,3545,288,0,111,225,2094,11,0
36.053104,3.506000,115.000,16.318000,2.862000,126.574072,3545,288,0,111,225,2094,11,0
36.066016,12.912000,115.000,16.318000,2.862000,126.572897,3542,288,0,111,225,2094,11,0
36.068830,2.814000,115.000,16.318000,2.862000,126.573378,3542,288,0,111,225,2094,11,0
36.082077,13.247000,115.000,16.318000,2.862000,126.678213,3597,297,0,161,314,2272,11,0
36.097382,15.305000,115.000,16.318000,2.862000,126.665075,3597,297,0,133,282,2208,11,0
36.100488,3.106000,115.000,16.318000,2.862000,126.663916,3594,297,0,133,282,2208,11,0
36.114026,13.538000,115.000,16.318000,2.862000,126.664396,3594,297,0,133,282,2208,11,0
36.117781,3.755000,115.000,16.318000,2.862000,126.670160,3594,297,0,144,293,2230,11,0
36.130664,12.883000,115.000,16.318000,2.862000,126.656832,3569,297,0,144,293,2230,11,0
36.133218,2.554000,115.000,16.318000,2.862000,126.655672,3566,297,0,136,285,2214,11,0
36.147656,14.438000,115.000,16.318000,2.862000,126.652262,3566,297,0,136,285,2214,11,0
36.152454,4.798000,115.000,16.318000,2.862000,126.652742,3566,297,0,136,285,2214,11,0
36.164024,11.570000,115.000,16.318000,2.862000,126.653223,3566,297,0,136,285,2214,11,0
36.166510,2.486000,115.000,16.318000,2.862000,126.653704,3566,297,0,136,285,2214,11,0
36.181142,14.632000,115.000,16.318000,2.862000,126.654139,3566,297,0,136,285,2214,11,0
36.185037,3.895000,115.000,16.318000,2.862000,126.652979,3563,297,0,136,285,2214,11,0
36.197743,12.706000,115.000,16.318000,2.862000,126.653460,3563,297,0,136,285,2214,11,0
36.203639,5.896000,115.000,16.318000,2.862000,126.653940,3563,297,0,136,285,2214,11,0
36.207575,3.936000,115.000,16.318000,2.862000,126.654421,3563,297,0,136,285,2214,11,0
36.223865,16.290000,115.000,16.318000,2.862000,126.652346,3559,297,0,136,285,2214,11,0
36.231294,7.429000,115.000,16.318000,2.862000,126.648417,3557,297,0,134,250,2144,11,0
36.236148,4.854000,115.000,16.318000,2.862000,126.648897,3557,297,0,134,250,2144,11,0
36.247796,11.648000,115.000,16.318000,2.862000,126.649378,3557,297,0,134,250,2144,11,0
36.251807,4.011000,115.000,16.318000,2.862000,126.619890,3557,297,0,134,250,2144,11,0
36.264201,12.394000,115.000,16.318000,2.862000,126.620371,3557,297,0,134,249,2142,11,0
36.268102,3.901000,115.000,16.318000,2.862000,126.617571,3551,297,0,134,249,2142,11,0
36.281119,13.017000,115.000,16.318000,2.862000,126.618052,3551,297,0,134,249,2142,11,0
36.285075,3.956000,115.000,16.318000,2.862000,126.617048,3551,297,0,134,249,2142,11,0
36.297565,12.490000,115.000,16.318000,2.862000,126.617529,3551,297,0,133,249,2142,11,0
36.301947,4.382000,115.000,16.318000,2.862000,126.617872,3551,297,0,133,249,2142,11,0
36.314380,12.433000,115.000,16.318000,2.862000,126.614851,3545,297,0,133,249,2142,11,0
36.318065,3.685000,115.000,16.318000,2.862000,126.613661,3542,297,0,132,248,2140,11,0
36.332686,14.621000,115.000,16.318000,2.862000,126.614141,3542,297,0,132,248,2140,11,0
36.349460,16.774000,115.000,16.318000,2.862000,126.614622,3542,297,0,130,246,2136,11,0
36.358847,9.387000,115.000,16.318000,2.862000,126.604593,3538,293,0,130,245,2134,11,0
36.364369,5.522000,115.000,16.318000,2.862000,126.602625,3534,293,0,131,245,2134,11,0
36.368569,4.200000,115.000,16.318000,2.862000,126.597506,3525,293,0,129,243,2130,11,0
36.380598,12.029000,115.000,16.318000,2.862000,126.597902,3525,293,0,127,242,2128,11,0
36.390080,9.482000,115.000,16.318000,2.862000,126.598173,3525,293,0,126,241,2126,11,0
36.392718,2.638000,115.000,16.318000,2.862000,126.584944,3519,288,0,127,241,2126,11,0
36.407167,14.449000,115.000,16.318000,2.862000,126.775480,3631,336,0,136,253,2150,11,0
36.414128,6.961000,115.000,16.318000,2.862000,126.780813,3631,336,0,140,269,2182,11,0
36.416871,2.743000,115.000,16.318000,2.862000,126.782957,3634,336,0,140,269,2182,11,0
36.431422,14.551000,115.000,16.318000,2.862000,126.783438,3634,336,0,141,269,2182,11,0
36.450683,19.261000,115.000,16.318000,2.862000,126.783926,3634,336,0,141,269,2182,11,0
36.456349,5.666000,115.000,16.318000,2.862000,126.784422,3634,336,0,141,269,2182,11,0
36.459365,3.016000,115.000,16.318000,2.862000,126.784903,3634,336,0,141,269,2182,11,0
36.473518,14.153000,115.000,16.318000,2.862000,126.785975,3634,336,0,141,269,2182,11,1
36.480712,7.194000,115.000,16.318000,2.862000,126.786455,3634,336,0,141,269,2182,11,1
36.483500,2.788000,115.000,16.318000,2.862000,126.787245,3634,336,0,141,269,2182,11,1
36.497843,14.343000,115.000,16.318000,2.862000,126.787645,3634,336,0,141,269,2182,11,1
36.505154,7.311000,115.000,16.318000,2.862000,126.788778,3640,335,0,141,269,2182,11,0
36.509875,4.721000,115.000,16.318000,2.862000,126.786001,3635,335,0,142,269,2182,11,0
36.522967,13.092000,115.000,16.318000,2.862000,126.788092,3638,335,0,142,269,2182,11,0
36.531070,8.103000,115.000,16.318000,2.862000,126.788572,3638,335,0,142,269,2182,11,0
36.535467,4.397000,115.000,16.318000,2.862000,126.790632,3641,335,0,142,269,2182,11,0
36.547550,12.083000,115.000,16.318000,2.862000,126.786703,3639,335,0,140,265,2174,11,0
36.551076,3.526000,115.000,16.318000,2.862000,126.806532,3658,339,0,140,265,2174,11,0
36.564006,12.930000,115.000,16.318000,2.862000,126.801821,3658,339,0,142,267,2178,11,0
36.566891,2.885000,115.000,16.318000,2.862000,126.802244,3658,339,0,142,267,2178,11,0
36.580990,14.099000,115.000,16.318000,2.862000,126.802725,3658,339,0,142,267,2178,11,0
36.585651,4.661000,115.000,16.318000,2.862000,126.803160,3658,339,0,142,267,2178,11,0
36.597288,11.637000,115.000,16.318000,2.862000,126.803640,3658,339,0,141,267,2178,11,0
36.600766,3.478000,115.000,16.318000,2.862000,126.805754,3661,339,0,141,267,2178,11,0
36.614001,13.235000,115.000,16.318000,2.862000,126.807806,3663,339,0,141,267,2178,11,0
36.616737,2.736000,115.000,16.318000,2.862000,126.806410,3660,339,0,141,267,2178,11,0
36.631330,14.593000,115.000,16.318000,2.862000,126.812895,3670,339,0,142,267,2178,11,0
36.649614,18.284000,115.000,16.318000,2.862000,126.813314,3670,339,0,142,267,2178,11,0
36.654925,5.311000,115.000,16.318000,2.862000,126.815428,3673,339,0,142,267,2178,11,0
36.657717,2.792000,115.000,16.318000,2.862000,126.814268,3670,339,0,142,267,2178,11,0
36.673567,15.850000,115.000,16.318000,2.862000,126.814787,3670,339,0,141,266,2176,11,0
36.681198,7.631000,116.000,16.820000,2.311000,126.815268,3670,339,0,140,266,2176,11,0
36.696381,15.183000,116.000,16.820000,2.311000,126.911856,3722,348,0,176,339,2322,11,0
36.699129,2.748000,116.000,16.820000,2.311000,126.912336,3722,348,0,176,339,2322,11,0
36.714477,15.348000,116.000,16.820000,2.311000,126.893362,3722,348,0,136,293,2230,11,0
36.717365,2.888000,116.000,16.820000,2.311000,126.898317,3722,348,0,145,302,2248,11,0
36.731016,13.651000,116.000,16.820000,2.311000,126.887751,3702,348,0,145,302,2248,11,0
36.733495,2.479000,116.000,16.820000,2.311000,126.889902,3705,348,0,145,302,2248,11,0
36.747264,13.769000,116.000,16.820000,2.311000,126.885519,3705,348,0,135,292,2228,11,0
36.750226,2.962000,116.000,16.820000,2.311000,126.884359,3702,348,0,135,292,2228,11,0
36.763964,13.738000,116.000,16.820000,2.311000,126.884840,3702,348,0,134,291,2226,11,0
36.766784,2.820000,116.000,16.820000,2.311000,126.873243,3694,345,0,134,291,2226,11,0
36.780694,13.910000,116.000,16.820000,2.311000,126.870031,3688,345,0,134,291,2226,11,0
36.783513,2.819000,116.000,16.820000,2.311000,126.887316,3701,349,0,134,291,2226,11,0
36.797635,14.122000,116.000,16.820000,2.311000,126.888483,3701,349,0,134,292,2228,11,0
36.800954,3.319000,116.000,16.820000,2.311000,126.888960,3701,349,0,134,292,2228,11,0
36.815162,14.208000,116.000,16.820000,2.311000,126.889441,3701,349,0,134,292,2228,11,0
36.819507,4.345000,116.000,16.820000,2.311000,126.887419,3697,349,0,132,257,2158,11,0
36.832157,12.650000,116.000,16.820000,2.311000,126.887899,3697,349,0,132,257,2158,11,0
36.836267,4.110000,116.000,16.820000,2.311000,126.886686,3694,349,0,132,257,2158,11,0
36.849658,13.391000,116.000,16.820000,2.311000,126.852751,3692,349,0,132,257,2158,11,0
36.852967,3.309000,116.000,16.820000,2.311000,126.853231,3692,349,0,131,256,2156,11,0
36.864534,11.567000,116.000,16.820000,2.311000,126.853712,3692,349,0,131,256,2156,11,0
36.866758,2.224000,116.000,16.820000,2.311000,126.851027,3689,349,0,132,256,2156,11,0
36.882332,15.574000,116.000,16.820000,2.311000,126.851500,3689,349,0,132,256,2156,11,0
36.892205,9.873000,116.000,16.820000,2.311000,126.851980,3689,349,0,131,256,2156,11,0
36.906982,14.777000,116.000,16.820000,2.311000,126.852324,3689,349,0,131,256,2156,11,0
36.915667,8.685000,116.000,16.820000,2.311000,126.849302,3683,349,0,130,255,2154,11,0
36.920144,4.477000,116.000,16.820000,2.311000,126.849836,3683,349,0,130,255,2154,11,0
36.924557,4.413000,116.000,16.820000,2.311000,126.850317,3683,349,0,128,253,2150,11,0
36.939463,14.906000,116.000,16.820000,2.311000,126.850798,3683,349,0,127,252,2148,11,0
36.944242,4.779000,116.000,16.820000,2.311000,126.842489,3682,345,0,127,252,2148,11,0
36.957499,13.257000,116.000,16.820000,2.311000,126.838675,3675,345,0,127,252,2148,11,0
36.965086,7.587000,116.000,16.820000,2.311000,126.837511,3672,345,0,125,250,2144,11,0
36.967074,1.988000,116.000,16.820000,2.311000,126.837908,3672,345,0,123,248,2140,11,0
36.982650,15.576000,116.000,16.820000,2.311000,126.819590,3658,340,0,122,247,2138,11,0
36.985997,3.347000,116.000,16.820000,2.311000,126.813707,3648,340,0,123,247,2138,11,0
36.999070,13.073000,116.000,16.820000,2.311000,126.814219,3648,340,0,123,247,2138,11,0
37.004967,5.897000,116.000,16.820000,2.311000,126.828581,3650,340,0,133,259,2162,11,0
37.007354,2.387000,116.000,16.820000,2.311000,126.823530,3647,340,0,125,251,2146,11,0
37.022890,15.536000,116.000,16.820000,2.311000,126.824026,3647,340,0,125,251,2146,11,0
37.030643,7.753000,116.000,16.820000,2.311000,126.824461,3647,340,0,125,251,2146,11,0
37.033620,2.977000,116.000,16.820000,2.311000,126.824926,3647,340,0,125,251,2146,11,0
37.047427,13.807000,116.000,16.820000,2.311000,126.825361,3647,340,0,125,251,2146,11,0
37.052291,4.864000,116.000,16.820000,2.311000,126.825857,3647,340,0,125,251,2146,11,0
37.064738,12.447000,116.000,16.820000,2.311000,126.826338,3647,340,0,125,251,2146,11,0
37.082293,17.555000,116.000,16.820000,2.311000,126.828455,3650,340,0,125,251,2146,11,0
37.086943,4.650000,116.000,16.820000,2.311000,126.828936,3650,340,0,125,251,2146,11,0
37.094336,7.393000,116.000,16.820000,2.311000,126.829432,3650,340,0,125,251,2146,11,0
37.106303,11.967000,116.000,16.820000,2.311000,126.829912,3650,340,0,125,251,2146,11,0
37.115252,8.949000,116.000,16.820000,2.311000,126.833685,3656,340,0,125,251,2146,11,0
37.117691,2.439000,116.000,16.820000,2.311000,126.834166,3656,340,0,125,251,2146,11,0
37.132631,14.940000,116.000,16.820000,2.311000,126.836542,3659,340,0,125,251,2146,11,0
37.148116,15.485000,116.000,16.820000,2.311000,126.831354,3650,340,0,125,251,2146,11,0
37.165890,17.774000,116.000,16.820000,2.311000,126.827410,3648,340,0,125,251,2146,11,0
37.181830,15.940000,116.000,16.820000,2.311000,126.816824,3644,336,0,123,247,2138,11,0
37.184057,2.227000,116.000,16.820000,2.311000,126.808508,3638,336,0,123,247,2138,11,0
37.198400,14.343000,116.000,16.820000,2.311000,126.808561,3635,336,0,123,247,2138,11,2
37.200800,2.400000,116.000,16.820000,2.311000,126.808973,3635,336,0,122,247,2138,11,2
37.215507,14.707000,116.000,16.820000,2.311000,126.924200,3749,360,0,122,247,2138,11,2
37.222172,6.665000,116.000,16.820000,2.311000,126.927450,3749,360,0,132,259,2162,11,2
37.224691,2.519000,116.000,16.820000,2.311000,126.930731,3764,358,0,132,259,2162,11,0
37.239221,14.530000,116.000,16.820000,2.311000,126.924742,3754,358,0,137,259,2162,11,0
37.243174,3.953000,116.000,16.820000,2.311000,126.932852,3767,358,0,137,259,2162,11,0
37.256629,13.455000,116.000,16.820000,2.311000,126.933332,3767,358,0,137,259,2162,11,0
37.265143,8.514000,116.000,16.820000,2.311000,126.933775,3767,358,0,137,259,2162,11,0
37.267449,2.306000,116.000,16.820000,2.311000,126.934317,3767,358,0,136,259,2162,11,0
37.280977,13.528000,116.000,16.820000,2.311000,126.934797,3767,358,0,137,259,2162,11,0
37.285293,4.316000,116.000,16.820000,2.311000,126.935232,3767,358,0,137,259,2162,11,0
37.305172,19.879000,116.000,16.820000,2.311000,127.039484,3819,367,0,188,350,2344,11,0
37.308407,3.235000,116.000,16.820000,2.311000,127.041590,3822,367,0,162,320,2284,11,0
37.322316,13.909000,116.000,16.820000,2.311000,127.029425,3822,367,0,162,320,2284,11,0
37.331507,9.191000,116.000,16.820000,2.311000,127.028265,3819,367,0,162,320,2284,11,0
37.334383,2.876000,116.000,16.820000,2.311000,127.040953,3829,368,0,171,329,2302,11,0
37.347813,13.430000,116.000,16.820000,2.311000,127.024595,3806,368,0,164,322,2288,11,0
37.350646,2.833000,116.000,16.820000,2.311000,127.021795,3800,368,0,164,322,2288,11,0
37.364544,13.898000,116.000,16.820000,2.311000,127.023947,3803,368,0,164,322,2288,11,0
37.366977,2.433000,116.000,16.820000,2.311000,127.024427,3803,368,0,164,322,2288,11,0
37.380617,13.640000,116.000,16.820000,2.311000,127.024908,3803,368,0,164,322,2288,11,0
37.383157,2.540000,116.000,16.820000,2.311000,127.025389,3803,368,0,162,320,2284,11,0
37.397225,14.068000,116.000,16.820000,2.311000,127.025869,3803,368,0,162,320,2284,11,0
37.400600,3.375000,116.000,16.820000,2.311000,127.026350,3803,368,0,162,320,2284,11,0
37.414480,13.880000,116.000,16.820000,2.311000,127.026751,3803,368,0,162,320,2284,11,0
37.419040,4.560000,116.000,16.820000,2.311000,127.027185,3803,368,0,162,320,2284,11,0
37.431157,12.117000,116.000,16.820000,2.311000,127.027620,3803,368,0,162,320,2284,11,0
37.434772,3.615000,116.000,16.820000,2.311000,127.027269,3802,368,0,160,285,2214,11,0
37.448362,13.590000,116.000,16.820000,2.311000,127.027697,3802,368,0,160,285,2214,11,0
37.466213,17.851000,116.000,16.820000,2.311000,126.992132,3797,368,0,160,285,2214,11,0
37.473076,6.863000,116.000,16.820000,2.311000,126.992575,3797,368,0,160,285,2214,11,0
37.475638,2.562000,116.000,16.820000,2.311000,126.991415,3794,368,0,160,284,2212,11,0
37.489922,14.284000,116.000,16.820000,2.311000,126.993544,3797,368,0,158,282,2208,11,0
37.497684,7.762000,116.000,16.820000,2.311000,126.971601,3787,362,0,157,282,2208,11,0
37.501266,3.582000,116.000,16.820000,2.311000,126.964701,3775,362,0,157,282,2208,11,0
37.514244,12.978000,116.000,16.820000,2.311000,126.965181,3775,362,0,155,281,2206,11,0
37.518874,4.630000,116.000,16.820000,2.311000,126.965479,3775,362,0,155,281,2206,11,0
37.530831,11.957000,116.000,16.820000,2.311000,126.962458,3769,362,0,155,280,2204,11,0
37.533277,2.446000,116.000,16.820000,2.311000,126.961313,3766,362,0,155,280,2204,11,0
37.547666,14.389000,116.000,16.820000,2.311000,126.961794,3766,362,0,152,278,2200,11,0
37.553291,5.625000,116.000,16.820000,2.311000,126.962275,3766,362,0,151,277,2198,11,0
37.556694,3.403000,116.000,16.820000,2.311000,126.952353,3762,358,0,152,277,2198,11,0
37.573834,17.140000,116.000,16.820000,2.311000,126.949045,3755,358,0,152,277,2198,11,1
37.581290,7.456000,116.000,16.820000,2.311000,126.949526,3755,358,0,149,275,2194,11,1
37.585442,4.152000,116.000,16.820000,2.311000,126.948530,3752,358,0,148,274,2192,11,1
37.597653,12.211000,116.000,16.820000,2.311000,126.933477,3743,353,0,146,273,2190,11,1
37.601796,4.143000,116.000,16.820000,2.311000,126.928263,3739,352,0,146,273,2190,11,0
37.614114,12.318000,116.000,16.820000,2.311000,126.939436,3736,352,0,160,285,2214,11,0
37.616435,2.321000,116.000,16.820000,2.311000,126.939917,3736,352,0,160,285,2214,11,0
37.630705,14.270000,116.000,16.820000,2.311000,126.940397,3736,352,0,160,285,2214,11,0
37.633274,2.569000,116.000,16.820000,2.311000,126.936987,3736,352,0,152,277,2198,11,0
37.647928,14.654000,116.000,16.820000,2.311000,126.937468,3736,352,0,152,277,2198,11,0
37.652217,4.289000,116.000,16.820000,2.311000,126.937933,3736,352,0,152,277,2198,11,0
37.668363,16.146000,116.000,16.820000,2.311000,126.938429,3736,352,0,152,277,2198,11,0
37.681175,12.812000,111.000,19.856000,1.631000,126.937269,3733,352,0,152,277,2198,11,0
37.685073,3.898000,111.000,19.856000,1.631000,126.937735,3733,352,0,152,277,2198,11,0
37.697698,12.625000,111.000,19.856000,1.631000,126.938215,3733,352,0,151,276,2196,11,0
37.702846,5.148000,111.000,19.856000,1.631000,126.946920,3746,352,0,151,276,2196,11,0
37.714396,11.550000,111.000,19.856000,1.631000,126.913710,3692,352,0,151,276,2196,11,0
37.718477,4.081000,111.000,19.856000,1.631000,126.912535,3689,352,0,151,276,2196,11,0
37.731141,12.664000,111.000,19.856000,1.631000,126.913015,3689,352,0,151,276,2196,11,0
37.736494,5.353000,111.000,19.856000,1.631000,126.913511,3689,352,0,151,276,2196,11,0
37.742774,6.280000,111.000,19.856000,1.631000,126.913992,3689,352,0,151,276,2196,11,0
37.758028,15.254000,111.000,19.856000,1.631000,126.914404,3689,352,0,149,272,2188,11,0
37.764276,6.248000,111.000,19.856000,1.631000,126.910475,3687,352,0,149,272,2188,11,0
37.767350,3.074000,111.000,19.856000,1.631000,126.910971,3687,352,0,148,271,2186,11,0
37.781524,14.174000,111.000,19.856000,1.631000,126.905790,3687,352,0,148,271,2186,11,0
37.799347,17.823000,111.000,19.856000,1.631000,126.907934,3690,352,0,148,271,2186,11,0
37.803584,4.237000,111.000,19.856000,1.631000,126.908381,3690,352,0,146,271,2186,11,0
37.815317,11.733000,111.000,19.856000,1.631000,126.908861,3690,352,0,146,271,2186,11,0
37.819665,4.348000,111.000,19.856000,1.631000,126.910990,3693,352,0,146,271,2186,11,0
37.831234,11.569000,111.000,19.856000,1.631000,126.911470,3693,352,0,147,271,2186,11,0
37.838125,6.891000,111.000,19.856000,1.631000,126.911943,3693,352,0,147,271,2186,11,0
37.840694,2.569000,111.000,19.856000,1.631000,126.912424,3693,352,0,147,271,2186,11,0
37.857330,16.636000,111.000,19.856000,1.631000,126.918909,3703,352,0,147,271,2186,11,0
37.864739,7.409000,111.000,19.856000,1.631000,126.940847,3733,352,0,145,271,2186,11,0
37.870607,5.868000,111.000,19.856000,1.631000,126.919493,3710,349,0,144,270,2184,11,0
37.880967,10.360000,111.000,19.856000,1.631000,126.916281,3704,349,0,146,270,2184,11,0
37.886392,5.425000,111.000,19.856000,1.631000,126.931898,3714,353,0,146,270,2184,11,0
37.892645,6.253000,111.000,19.856000,1.631000,126.933065,3714,353,0,146,272,2188,11,0
37.911429,18.784000,111.000,19.856000,1.631000,127.029478,3766,362,0,182,345,2334,11,0
37.922637,11.208000,111.000,19.856000,1.631000,127.031610,3769,362,0,140,297,2238,11,0
37.930580,7.943000,111.000,19.856000,1.631000,127.011663,3769,362,0,140,297,2238,11,0
37.933005,2.425000,111.000,19.856000,1.631000,127.013769,3772,362,0,140,297,2238,11,0
37.947348,14.343000,111.000,19.856000,1.631000,127.018694,3772,362,0,149,306,2256,11,0
37.950155,2.807000,111.000,19.856000,1.631000,127.008127,3752,362,0,141,298,2240,11,0
37.963974,13.819000,111.000,19.856000,1.631000,127.004717,3752,362,0,141,298,2240,11,0
37.966607,2.633000,111.000,19.856000,1.631000,127.005198,3752,362,0,141,298,2240,11,0
37.981565,14.958000,111.000,19.856000,1.631000,127.005678,3752,362,0,141,298,2240,11,0
37.984020,2.455000,111.000,19.856000,1.631000,127.006159,3752,362,0,141,298,2240,11,0
37.997263,13.243000,111.000,19.856000,1.631000,127.006594,3752,362,0,141,298,2240,11,0
38.000048,2.785000,111.000,19.856000,1.631000,127.008745,3755,362,0,141,298,2240,11,0
38.013929,13.881000,111.000,19.856000,1.631000,127.009226,3755,362,0,142,298,2240,11,0
38.016400,2.471000,111.000,19.856000,1.631000,127.008066,3752,362,0,142,298,2240,11,0
38.030697,14.297000,111.000,19.856000,1.631000,127.008467,3752,362,0,142,298,2240,11,0
38.033361,2.664000,111.000,19.856000,1.631000,127.010622,3755,362,0,142,298,2240,11,0
38.047202,13.841000,111.000,19.856000,1.631000,127.006907,3748,362,0,129,257,2158,11,0
38.049721,2.519000,111.000,19.856000,1.631000,127.004648,3749,362,0,129,257,2158,11,0
38.063916,14.195000,111.000,19.856000,1.631000,127.005129,3749,362,0,130,257,2158,11,0
38.066452,2.536000,111.000,19.856000,1.631000,126.975580,3749,362,0,130,257,2158,11,0
38.080661,14.209000,111.000,19.856000,1.631000,126.976061,3749,362,0,129,256,2156,11,0
38.083130,2.469000,111.000,19.856000,1.631000,126.976542,3749,362,0,129,256,2156,11,0
38.097918,14.788000,111.000,19.856000,1.631000,126.976976,3749,362,0,129,256,2156,11,0
38.099911,1.993000,111.000,19.856000,1.631000,126.975931,3749,362,0,129,256,2156,11,0
38.114549,14.638000,111.000,19.856000,1.631000,126.976412,3749,362,0,129,256,2156,11,0
38.116390,1.841000,111.000,19.856000,1.631000,126.976755,3749,362,0,128,256,2156,11,0
38.131297,14.907000,111.000,19.856000,1.631000,126.975332,3746,362,0,128,256,2156,11,0
38.133197,1.900000,111.000,19.856000,1.631000,126.975813,3746,362,0,127,255,2154,11,0
38.147808,14.611000,111.000,19.856000,1.631000,126.974665,3743,362,0,126,254,2152,11,0
38.149971,2.163000,111.000,19.856000,1.631000,126.975145,3743,362,0,126,253,2150,11,0
38.164478,14.507000,111.000,19.856000,1.631000,126.963507,3736,358,0,125,252,2148,11,0
38.166306,1.828000,111.000,19.856000,1.631000,126.959639,3729,358,0,122,252,2148,11,0
38.182876,16.570000,111.000,19.856000,1.631000,126.961798,3732,358,0,120,250,2144,11,0
38.185245,2.369000,111.000,19.856000,1.631000,126.962278,3732,358,0,123,250,2144,11,0
38.199110,13.865000,111.000,19.856000,1.631000,126.964296,3735,358,0,122,249,2142,11,0
38.202304,3.194000,111.000,19.856000,1.631000,126.949198,3726,353,0,118,248,2140,11,0
38.215333,13.029000,111.000,19.856000,1.631000,126.943327,3716,353,0,118,248,2140,11,0
38.220521,5.188000,111.000,19.856000,1.631000,126.957743,3718,353,0,130,254,2152,11,0
38.232417,11.896000,111.000,19.856000,1.631000,126.937433,3685,353,0,122,246,2136,11,0
38.248752,16.335000,111.000,19.856000,1.631000,126.934038,3685,353,0,122,246,2136,11,0
38.252759,4.007000,111.000,19.856000,1.631000,126.934519,3685,353,0,122,246,2136,11,0
38.265136,12.377000,111.000,19.856000,1.631000,126.934984,3685,353,0,122,246,2136,11,0
38.268515,3.379000,111.000,19.856000,1.631000,126.933825,3682,353,0,122,246,2136,11,0
38.282421,13.906000,111.000,19.856000,1.631000,126.932680,3679,353,0,122,246,2136,11,0
38.286440,4.019000,111.000,19.856000,1.631000,126.933161,3679,353,0,122,246,2136,11,0
38.297663,11.223000,111.000,19.856000,1.631000,126.933580,3679,353,0,122,246,2136,11,0
38.299578,1.915000,111.000,19.856000,1.631000,126.934061,3679,353,0,122,246,2136,11,0
38.315263,15.685000,111.000,19.856000,1.631000,126.934557,3679,353,0,122,246,2136,11,0
38.319547,4.284000,111.000,19.856000,1.631000,126.935038,3679,353,0,122,246,2136,11,0
38.332518,12.971000,111.000,19.856000,1.631000,126.935503,3679,353,0,122,246,2136,11,0
38.335791,3.273000,111.000,19.856000,1.631000,126.935984,3679,353,0,122,246,2136,11,0
38.348884,13.093000,111.000,19.856000,1.631000,126.936480,3679,353,0,122,246,2136,11,0
38.365231,16.347000,111.000,19.856000,1.631000,126.936907,3679,353,0,122,246,2136,11,0
38.369840,4.609000,111.000,19.856000,1.631000,126.931337,3674,353,0,120,242,2128,11,0
38.381773,11.933000,111.000,19.856000,1.631000,126.931757,3674,353,0,120,242,2128,11,0
38.384786,3.013000,111.000,19.856000,1.631000,126.926622,3674,353,0,120,242,2128,11,0
38.398811,14.025000,111.000,19.856000,1.631000,126.927168,3674,353,0,120,242,2128,11,0
38.402107,3.296000,111.000,19.856000,1.631000,126.927649,3674,353,0,119,242,2128,11,0
38.415638,13.531000,111.000,19.856000,1.631000,126.926458,3671,353,0,119,242,2128,11,0
38.421100,5.462000,111.000,19.856000,1.631000,126.926939,3671,353,0,118,242,2128,11,0
38.425366,4.266000,111.000,19.856000,1.631000,126.925730,3668,353,0,118,242,2128,11,0
38.439279,13.913000,111.000,19.856000,1.631000,126.926210,3668,353,0,119,242,2128,11,0
38.443418,4.139000,111.000,19.856000,1.631000,126.926661,3668,353,0,119,242,2128,11,0
38.455886,12.468000,111.000,19.856000,1.631000,126.933146,3678,353,0,118,242,2128,11,0
38.465704,9.818000,111.000,19.856000,1.631000,126.933657,3678,353,0,118,242,2128,11,0
38.469623,3.919000,111.000,19.856000,1.631000,126.934137,3678,353,0,119,242,2128,11,0
38.482112,12.489000,111.000,19.856000,1.631000,126.936247,3681,353,0,119,242,2128,11,0
38.486440,4.328000,111.000,19.856000,1.631000,126.936728,3681,353,0,120,242,2128,11,0
38.498586,12.146000,111.000,19.856000,1.631000,126.937159,3681,353,0,120,242,2128,11,0
38.501537,2.951000,111.000,19.856000,1.631000,126.937639,3681,353,0,120,242,2128,11,0
38.513065,11.528000,111.000,19.856000,1.631000,127.047022,3741,362,0,172,334,2312,11,0
38.515876,2.811000,111.000,19.856000,1.631000,127.034857,3741,362,0,146,304,2252,11,0
38.531078,15.202000,111.000,19.856000,1.631000,127.035337,3741,362,0,146,304,2252,11,0
38.533474,2.396000,111.000,19.856000,1.631000,127.039545,3741,362,0,154,312,2268,11,0
38.548001,14.527000,111.000,19.856000,1.631000,127.028978,3721,362,0,154,312,2268,11,0
38.549993,1.992000,111.000,19.856000,1.631000,127.029459,3721,362,0,146,304,2252,11,0
38.565137,15.144000,111.000,19.856000,1.631000,127.026049,3721,362,0,146,304,2252,11,0
38.570271,5.134000,111.000,19.856000,1.631000,127.026529,3721,362,0,146,304,2252,11,0
38.574699,4.428000,111.000,19.856000,1.631000,127.027010,3721,362,0,146,304,2252,11,0
38.589144,14.445000,111.000,19.856000,1.631000,127.027491,3721,362,0,146,304,2252,11,0
38.594045,4.901000,111.000,19.856000,1.631000,127.027971,3721,362,0,146,304,2252,11,0
38.605570,11.525000,111.000,19.856000,1.631000,127.028452,3721,362,0,146,304,2252,11,0
38.615716,10.146000,111.000,19.856000,1.631000,127.030592,3724,362,0,146,304,2252,11,0
38.618630,2.914000,111.000,19.856000,1.631000,127.031073,3724,362,0,146,304,2252,11,0
38.631879,13.249000,111.000,19.856000,1.631000,127.033178,3727,362,0,146,304,2252,11,0
38.635300,3.421000,111.000,19.856000,1.631000,127.033659,3727,362,0,146,304,2252,11,0
38.648502,13.202000,111.000,19.856000,1.631000,127.031504,3723,362,0,146,304,2252,11,0
38.651701,3.199000,111.000,19.856000,1.631000,127.027575,3721,362,0,144,268,2180,11,0
38.665210,13.509000,111.000,19.856000,1.631000,127.028662,3721,362,0,144,268,2180,11,1
38.672249,7.039000,115.000,18.140000,1.830000,127.029097,3721,362,0,144,268,2180,11,1
38.674832,2.583000,115.000,18.140000,1.830000,126.998442,3721,362,0,144,268,2180,11,1
38.689325,14.493000,115.000,18.140000,1.830000,126.998922,3721,362,0,144,268,2180,11,1
38.693860,4.535000,115.000,18.140000,1.830000,127.001715,3730,361,0,144,268,2180,11,0
38.705439,11.579000,115.000,18.140000,1.830000,126.998892,3725,361,0,144,268,2180,11,0
38.714272,8.833000,115.000,18.140000,1.830000,126.997725,3722,361,0,145,268,2180,11,0
38.716027,1.755000,115.000,18.140000,1.830000,126.998205,3722,361,0,145,268,2180,11,0
38.732572,16.545000,115.000,18.140000,1.830000,126.998533,3722,361,0,145,268,2180,11,0
38.736175,3.603000,115.000,18.140000,1.830000,126.995512,3716,361,0,143,268,2180,11,0
38.748578,12.403000,115.000,18.140000,1.830000,126.996016,3716,361,0,142,267,2178,11,0
38.751900,3.322000,115.000,18.140000,1.830000,126.996496,3716,361,0,143,267,2178,11,0
38.765478,13.578000,115.000,18.140000,1.830000,126.996859,3716,361,0,141,265,2174,11,0
38.769466,3.988000,115.000,18.140000,1.830000,126.973768,3707,352,0,138,263,2170,11,0
38.782031,12.565000,115.000,18.140000,1.830000,126.964323,3690,352,0,138,263,2170,11,0
38.785285,3.254000,115.000,18.140000,1.830000,126.964804,3690,352,0,136,262,2168,11,0
38.798831,13.546000,115.000,18.140000,1.830000,126.965269,3690,352,0,135,261,2166,11,0
38.802363,3.532000,115.000,18.140000,1.830000,126.965666,3690,352,0,137,260,2164,11,0
38.814345,11.982000,115.000,18.140000,1.830000,126.950583,3681,347,0,136,259,2162,11,0
38.823427,9.082000,115.000,18.140000,1.830000,126.944746,3671,347,0,133,259,2162,11,0
38.827997,4.570000,115.000,18.140000,1.830000,126.960821,3676,347,0,146,271,2186,11,0
38.839132,11.135000,115.000,18.140000,1.830000,126.957411,3676,347,0,138,263,2170,11,0
38.844196,5.064000,115.000,18.140000,1.830000,126.956247,3673,347,0,138,263,2170,11,0
38.856357,12.161000,115.000,18.140000,1.830000,126.956728,3673,347,0,137,262,2168,11,0
38.864483,8.126000,115.000,18.140000,1.830000,126.955553,3670,347,0,137,262,2168,11,0
38.866278,1.795000,115.000,18.140000,1.830000,126.956034,3670,347,0,137,262,2168,11,0
38.881867,15.589000,115.000,18.140000,1.830000,126.958178,3673,347,0,137,262,2168,11,0
38.885210,3.343000,115.000,18.140000,1.830000,126.958658,3673,347,0,137,262,2168,11,0
38.898835,13.625000,115.000,18.140000,1.830000,126.959070,3673,347,0,137,262,2168,11,0
38.902299,3.464000,115.000,18.140000,1.830000,126.959551,3673,347,0,137,262,2168,11,0
38.915687,13.388000,115.000,18.140000,1.830000,126.960047,3673,347,0,137,262,2168,11,0
38.919509,3.822000,115.000,18.140000,1.830000,126.960527,3673,347,0,137,262,2168,11,0
38.931465,11.956000,115.000,18.140000,1.830000,126.959352,3670,347,0,137,262,2168,11,0
38.934155,2.690000,115.000,18.140000,1.830000,126.959833,3670,347,0,137,262,2168,11,0
38.948331,14.176000,115.000,18.140000,1.830000,126.960329,3670,347,0,137,262,2168,11,0
38.950864,2.533000,115.000,18.140000,1.830000,126.950418,3665,344,0,136,261,2166,11,0
38.965789,14.925000,115.000,18.140000,1.830000,126.947145,3659,344,0,136,261,2166,11,0
38.973236,7.447000,115.000,18.140000,1.830000,126.947573,3659,344,0,134,257,2158,11,0
38.980461,7.225000,115.000,18.140000,1.830000,126.957170,3664,348,0,134,257,2158,11,0
38.984608,4.147000,115.000,18.140000,1.830000,126.958338,3664,348,0,135,259,2162,11,0
38.998887,14.279000,115.000,18.140000,1.830000,126.953234,3664,348,0,135,259,2162,11,0
39.003039,4.152000,115.000,18.140000,1.830000,126.953714,3664,348,0,135,259,2162,11,0
39.015491,12.452000,115.000,18.140000,1.830000,126.954180,3664,348,0,135,259,2162,11,0
39.018917,3.426000,115.000,18.140000,1.830000,126.954660,3664,348,0,135,259,2162,11,0
39.032187,13.270000,115.000,18.140000,1.830000,126.955156,3664,348,0,135,259,2162,11,0
39.035991,3.804000,115.000,18.140000,1.830000,126.955637,3664,348,0,135,259,2162,11,0
39.048142,12.151000,115.000,18.140000,1.830000,126.956102,3664,348,0,135,259,2162,11,0
39.050595,2.453000,115.000,18.140000,1.830000,126.962587,3674,348,0,135,259,2162,11,0
39.065729,15.134000,115.000,18.140000,1.830000,126.961428,3671,348,0,135,259,2162,11,0
39.068939,3.210000,115.000,18.140000,1.830000,126.961908,3671,348,0,134,259,2162,11,0
39.081931,12.992000,115.000,18.140000,1.830000,126.962420,3671,348,0,134,259,2162,11,0
39.085480,3.549000,115.000,18.140000,1.830000,126.962900,3671,348,0,134,259,2162,11,0
39.098714,13.234000,115.000,18.140000,1.830000,126.963335,3671,348,0,134,259,2162,11,0
39.103027,4.313000,115.000,18.140000,1.830000,126.965445,3674,348,0,134,259,2162,11,0
39.120355,17.328000,115.000,18.140000,1.830000,127.060305,3723,357,0,168,332,2308,11,0
39.131172,10.817000,115.000,18.140000,1.830000,127.060740,3723,357,0,168,332,2308,11,0
39.133463,2.291000,115.000,18.140000,1.830000,127.040792,3723,357,0,126,284,2212,11,0
39.147810,14.347000,115.000,18.140000,1.830000,127.045748,3723,357,0,135,293,2230,11,0
39.150420,2.610000,115.000,18.140000,1.830000,127.035135,3703,357,0,135,293,2230,11,0
39.164381,13.961000,115.000,18.140000,1.830000,127.031679,3703,357,0,127,285,2214,11,0
39.166395,2.014000,115.000,18.140000,1.830000,127.032160,3703,357,0,127,285,2214,11,0
39.181190,14.795000,115.000,18.140000,1.830000,127.034307,3706,357,0,127,285,2214,11,0
39.183410,2.220000,115.000,18.140000,1.830000,127.034742,3706,357,0,129,285,2214,11,0
39.198031,14.621000,115.000,18.140000,1.830000,127.035177,3706,357,0,129,285,2214,11,0
39.201074,3.043000,115.000,18.140000,1.830000,127.035658,3706,357,0,129,285,2214,11,0
39.214566,13.492000,115.000,18.140000,1.830000,127.037806,3709,357,0,129,285,2214,11,0
39.216864,2.298000,115.000,18.140000,1.830000,127.038340,3709,357,0,129,285,2214,11,0
39.231468,14.604000,115.000,18.140000,1.830000,127.038820,3709,357,0,129,285,2214,11,0
39.234439,2.971000,115.000,18.140000,1.830000,127.039301,3709,357,0,129,285,2214,11,0
39.248503,14.064000,115.000,18.140000,1.830000,127.039782,3709,357,0,129,285,2214,11,0
39.251138,2.635000,115.000,18.140000,1.830000,127.037760,3705,357,0,129,285,2214,11,0
39.264574,13.436000,115.000,18.140000,1.830000,127.038187,3705,357,0,127,250,2144,11,0
39.266618,2.044000,115.000,18.140000,1.830000,127.034258,3703,357,0,127,250,2144,11,0
39.282305,15.687000,115.000,18.140000,1.830000,127.036398,3706,357,0,127,250,2144,11,0
39.286891,4.586000,115.000,18.140000,1.830000,127.006884,3706,357,0,126,249,2142,11,0
39.293713,6.822000,115.000,18.140000,1.830000,127.007399,3706,357,0,126,249,2142,11,0
39.305756,12.043000,115.000,18.140000,1.830000,126.940722,3682,333,0,127,249,2142,11,0
39.314981,9.225000,115.000,18.140000,1.830000,126.922289,3649,333,0,127,249,2142,11,0
39.317229,2.248000,115.000,18.140000,1.830000,126.922770,3649,333,0,126,249,2142,11,0
39.332581,15.352000,115.000,18.140000,1.830000,126.924921,3652,333,0,126,249,2142,11,0
39.337268,4.687000,115.000,18.140000,1.830000,126.925264,3652,333,0,126,249,2142,11,0
39.349343,12.075000,115.000,18.140000,1.830000,126.920565,3643,333,0,126,249,2142,11,0
39.353795,4.452000,115.000,18.140000,1.830000,126.921045,3643,333,0,123,248,2140,11,0
39.364798,11.003000,115.000,18.140000,1.830000,126.921556,3643,333,0,123,248,2140,11,0
39.367126,2.328000,115.000,18.140000,1.830000,126.922037,3643,333,0,123,246,2136,11,0
39.382650,15.524000,115.000,18.140000,1.830000,126.912039,3639,329,0,122,245,2134,11,0
39.387378,4.728000,115.000,18.140000,1.830000,126.908125,3632,329,0,121,245,2134,11,0
39.393939,6.561000,115.000,18.140000,1.830000,126.910295,3635,329,0,120,244,2132,11,0
39.405759,11.820000,115.000,18.140000,1.830000,126.910776,3635,329,0,120,243,2130,11,0
39.416322,10.563000,115.000,18.140000,1.830000,126.782209,3582,289,0,119,242,2128,11,0
39.419666,3.344000,115.000,18.140000,1.830000,126.734991,3523,284,0,107,221,2086,11,0
39.432368,12.702000,115.000,18.140000,1.830000,126.729139,3513,284,0,107,221,2086,11,0
39.435314,2.946000,115.000,18.140000,1.830000,126.729620,3513,284,0,108,221,2086,11,0
39.451552,16.238000,115.000,18.140000,1.830000,126.746405,3515,284,0,120,236,2116,11,0
39.465816,14.264000,115.000,18.140000,1.830000,126.742990,3515,284,0,112,228,2100,11,0
39.469477,3.661000,115.000,18.140000,1.830000,126.743471,3515,284,0,112,228,2100,11,0
39.482745,13.268000,115.000,18.140000,1.830000,126.743952,3515,284,0,112,228,2100,11,0
39.497790,15.045000,115.000,18.140000,1.830000,126.744432,3515,284,0,112,228,2100,11,0
39.503400,5.610000,115.000,18.140000,1.830000,126.744867,3515,284,0,112,228,2100,11,0
39.507330,3.930000,115.000,18.140000,1.830000,126.745268,3515,284,0,112,228,2100,11,0
39.524065,16.735000,115.000,18.140000,1.830000,126.744062,3512,284,0,112,228,2100,11,0
39.530732,6.667000,115.000,18.140000,1.830000,126.744543,3512,284,0,112,228,2100,11,0
39.533542,2.810000,115.000,18.140000,1.830000,126.746683,3515,284,0,112,228,2100,11,0
39.547761,14.219000,115.000,18.140000,1.830000,126.747164,3515,284,0,112,228,2100,11,0
39.555012,7.251000,115.000,18.140000,1.830000,126.745985,3512,284,0,112,228,2100,11,0
39.558076,3.064000,115.000,18.140000,1.830000,126.746466,3512,284,0,112,228,2100,11,0
39.573467,15.391000,115.000,18.140000,1.830000,126.745291,3509,284,0,112,228,2100,11,0
39.580848,7.381000,115.000,18.140000,1.830000,126.745771,3509,284,0,112,228,2100,11,0
39.585754,4.906000,115.000,18.140000,1.830000,126.747919,3512,284,0,112,228,2100,11,0
39.597683,11.929000,115.000,18.140000,1.830000,126.743937,3510,284,0,111,223,2090,11,0
39.601640,3.957000,115.000,18.140000,1.830000,126.751692,3516,286,0,111,223,2090,11,0
39.614217,12.577000,115.000,18.140000,1.830000,126.752596,3516,286,0,112,224,2092,11,0
39.618434,4.217000,115.000,18.140000,1.830000,126.746088,3516,286,0,112,224,2092,11,0
39.630935,12.501000,115.000,18.140000,1.830000,126.746569,3516,286,0,112,224,2092,11,0
39.635110,4.175000,115.000,18.140000,1.830000,126.745409,3513,286,0,112,224,2092,11,0
39.647477,12.367000,115.000,18.140000,1.830000,126.745844,3513,286,0,109,224,2092,11,0
39.651310,3.833000,115.000,18.140000,1.830000,126.746325,3513,286,0,109,224,2092,11,0
39.664488,13.178000,115.000,18.140000,1.830000,126.746759,3513,286,0,111,224,2092,11,0
39.668705,4.217000,117.000,17.302000,1.715000,126.753229,3523,286,0,111,224,2092,11,0
39.681294,12.589000,117.000,17.302000,1.715000,126.753710,3523,286,0,111,224,2092,11,0
39.685839,4.545000,117.000,17.302000,1.715000,126.752581,3520,286,0,111,224,2092,11,0
39.697945,12.106000,117.000,17.302000,1.715000,126.753061,3520,286,0,112,224,2092,11,0
39.715337,17.392000,117.000,17.302000,1.715000,126.753511,3520,286,0,112,224,2092,11,0
39.720396,5.059000,117.000,17.302000,1.715000,126.754023,3520,286,0,111,224,2092,11,0
39.731423,11.027000,117.000,17.302000,1.715000,126.857306,3572,295,0,162,313,2270,11,0
39.733963,2.540000,117.000,17.302000,1.715000,126.857740,3572,295,0,162,313,2270,11,0
39.747155,13.192000,117.000,17.302000,1.715000,126.858221,3572,295,0,136,283,2210,11,0
39.749402,2.247000,117.000,17.302000,1.715000,126.846056,3572,295,0,136,283,2210,11,0
39.763907,14.505000,117.000,17.302000,1.715000,126.851011,3572,295,0,145,292,2228,11,0
39.766444,2.537000,117.000,17.302000,1.715000,126.835520,3549,295,0,137,284,2212,11,1
39.780695,14.251000,117.000,17.302000,1.715000,126.836000,3549,295,0,137,284,2212,11,1
39.783351,2.656000,117.000,17.302000,1.715000,126.836790,3549,295,0,137,284,2212,11,1
39.797595,14.244000,117.000,17.302000,1.715000,126.837271,3549,295,0,137,284,2212,11,1
39.802353,4.758000,117.000,17.302000,1.715000,126.837389,3555,294,0,137,284,2212,11,0
39.814699,12.346000,117.000,17.302000,1.715000,126.834612,3550,294,0,137,284,2212,11,0
39.823312,8.613000,117.000,17.302000,1.715000,126.833452,3547,294,0,137,284,2212,11,0
39.826939,3.627000,117.000,17.302000,1.715000,126.833933,3547,294,0,137,284,2212,11,0
39.840057,13.118000,117.000,17.302000,1.715000,126.834414,3547,294,0,137,284,2212,11,0
39.847866,7.809000,117.000,17.302000,1.715000,126.834894,3547,294,0,137,284,2212,11,0
39.852633,4.767000,117.000,17.302000,1.715000,126.835375,3547,294,0,137,284,2212,11,0
39.863930,11.297000,117.000,17.302000,1.715000,126.833353,3543,294,0,135,249,2142,11,0
39.873456,9.526000,117.000,17.302000,1.715000,126.833735,3543,294,0,135,249,2142,11,0
39.877594,4.138000,117.000,17.302000,1.715000,126.829805,3541,294,0,135,249,2142,11,0
39.889890,12.296000,117.000,17.302000,1.715000,126.801958,3544,294,0,135,249,2142,11,0
39.894108,4.218000,117.000,17.302000,1.715000,126.802393,3544,294,0,135,249,2142,11,0
39.908019,13.911000,117.000,17.302000,1.715000,126.802908,3544,294,0,134,248,2140,11,0
39.914104,6.085000,117.000,17.302000,1.715000,126.803389,3544,294,0,134,248,2140,11,0
39.918700,4.596000,117.000,17.302000,1.715000,126.803980,3547,294,0,134,248,2140,11,0
39.930968,12.268000,117.000,17.302000,1.715000,126.804380,3547,294,0,134,248,2140,11,0
39.935396,4.428000,117.000,17.302000,1.715000,126.804865,3547,294,0,134,248,2140,11,0
39.947509,12.113000,117.000,17.302000,1.715000,126.805208,3547,294,0,133,248,2140,11,0
39.951253,3.744000,117.000,17.302000,1.715000,126.802156,3541,294,0,132,247,2138,11,0
39.963924,12.671000,117.000,17.302000,1.715000,126.802637,3541,294,0,129,246,2136,11,0
39.966713,2.789000,117.000,17.302000,1.715000,126.803133,3541,294,0,127,244,2132,11,0
39.981200,14.487000,117.000,17.302000,1.715000,126.803614,3541,294,0,130,244,2132,11,0
39.986459,5.259000,117.000,17.302000,1.715000,126.793547,3537,290,0,129,243,2130,11,0
39.990823,4.364000,117.000,17.302000,1.715000,126.789679,3530,290,0,126,243,2130,11,0
40.006122,15.299000,117.000,17.302000,1.715000,126.790205,3530,290,0,124,241,2126,11,0
40.014154,8.032000,117.000,17.302000,1.715000,126.790602,3530,290,0,125,240,2124,11,0
40.019484,5.330000,117.000,17.302000,1.715000,126.790831,3530,290,0,124,239,2122,11,0
40.030826,11.342000,117.000,17.302000,1.715000,126.777647,3524,285,0,124,239,2122,11,0
40.033111,2.285000,117.000,17.302000,1.715000,126.773447,3517,285,0,124,239,2122,11,0
40.047567,14.456000,117.000,17.302000,1.715000,126.773928,3517,285,0,124,239,2122,11,0
40.053269,5.702000,117.000,17.302000,1.715000,126.788317,3519,285,0,135,251,2146,11,0
40.056540,3.271000,117.000,17.302000,1.715000,126.777960,3514,282,0,134,250,2144,11,0
40.073741,17.201000,117.000,17.302000,1.715000,126.769808,3508,282,0,124,240,2124,11,0
40.081247,7.506000,117.000,17.302000,1.715000,126.770288,3508,282,0,124,240,2124,11,0
40.085167,3.920000,117.000,17.302000,1.715000,126.787329,3518,286,0,124,240,2124,11,0
40.097633,12.466000,117.000,17.302000,1.715000,126.788496,3518,286,0,126,242,2128,11,0
40.102782,5.149000,117.000,17.302000,1.715000,126.790648,3521,286,0,126,242,2128,11,0
40.115592,12.810000,117.000,17.302000,1.715000,126.791109,3521,286,0,126,242,2128,11,0
40.118537,2.945000,117.000,17.302000,1.715000,126.789949,3518,286,0,126,242,2128,11,0
40.131762,13.225000,117.000,17.302000,1.715000,126.790415,3518,286,0,126,242,2128,11,0
40.135123,3.361000,117.000,17.302000,1.715000,126.790895,3518,286,0,126,242,2128,11,0
40.149541,14.418000,117.000,17.302000,1.715000,126.793039,3521,286,0,126,242,2128,11,0
40.152738,3.197000,117.000,17.302000,1.715000,126.791880,3518,286,0,126,242,2128,11,0
40.164836,12.098000,117.000,17.302000,1.715000,126.792337,3518,286,0,126,242,2128,11,0
40.172227,7.391000,117.000,17.302000,1.715000,126.792818,3518,286,0,126,242,2128,11,0
40.174979,2.752000,117.000,17.302000,1.715000,126.793299,3518,286,0,126,242,2128,11,0
40.189314,14.335000,117.000,17.302000,1.715000,126.793779,3518,286,0,126,242,2128,11,0
40.199085,9.771000,117.000,17.302000,1.715000,126.795858,3521,286,0,124,238,2120,11,0
40.202589,3.504000,117.000,17.302000,1.715000,126.791929,3519,286,0,124,238,2120,11,0
40.214796,12.207000,117.000,17.302000,1.715000,126.792410,3519,286,0,124,238,2120,11,0
40.218036,3.240000,117.000,17.302000,1.715000,126.787275,3519,286,0,122,238,2120,11,0
40.232561,14.525000,117.000,17.302000,1.715000,126.789415,3522,286,0,122,238,2120,11,0
40.235750,3.189000,117.000,17.302000,1.715000,126.789896,3522,286,0,122,238,2120,11,0
40.248920,13.170000,117.000,17.302000,1.715000,126.790327,3522,286,0,122,238,2120,11,0
40.253259,4.339000,117.000,17.302000,1.715000,126.789122,3519,286,0,123,238,2120,11,0
40.265468,12.209000,117.000,17.302000,1.715000,126.789618,3519,286,0,123,238,2120,11,0
40.268842,3.374000,117.000,17.302000,1.715000,126.794462,3526,286,0,124,238,2120,11,0
40.282456,13.614000,117.000,17.302000,1.715000,126.796591,3529,286,0,124,238,2120,11,0
40.285962,3.506000,117.000,17.302000,1.715000,126.797071,3529,286,0,123,238,2120,11,0
40.299011,13.049000,117.000,17.302000,1.715000,126.797529,3529,286,0,123,238,2120,11,0
40.302301,3.290000,117.000,17.302000,1.715000,126.798010,3529,286,0,124,238,2120,11,0
40.315770,13.469000,117.000,17.302000,1.715000,126.798506,3529,286,0,124,238,2120,11,0
40.318822,3.052000,117.000,17.302000,1.715000,126.798941,3529,286,0,123,238,2120,11,0
40.332640,13.818000,117.000,17.302000,1.715000,126.890966,3579,293,0,160,312,2268,11,0
40.348075,15.435000,117.000,17.302000,1.715000,126.887381,3572,293,0,120,266,2176,11,0
40.350826,2.751000,117.000,17.302000,1.715000,126.868406,3572,293,0,120,266,2176,11,0
40.364534,13.708000,117.000,17.302000,1.715000,126.870546,3575,293,0,120,266,2176,11,0
40.367854,3.320000,117.000,17.302000,1.715000,126.876474,3575,293,0,131,277,2198,11,0
40.381242,13.388000,117.000,17.302000,1.715000,126.857595,3547,293,0,123,269,2182,11,0
40.383504,2.262000,117.000,17.302000,1.715000,126.858076,3547,293,0,123,269,2182,11,0
40.397725,14.221000,117.000,17.302000,1.715000,126.858557,3547,293,0,123,269,2182,11,0
40.400649,2.924000,117.000,17.302000,1.715000,126.859037,3547,293,0,123,269,2182,11,0
40.416477,15.828000,117.000,17.302000,1.715000,127.042048,3667,341,0,123,269,2182,11,0
40.419282,2.805000,117.000,17.302000,1.715000,127.051271,3667,341,0,135,293,2230,11,0
40.431023,11.741000,117.000,17.302000,1.715000,127.050108,3664,341,0,135,293,2230,11,0
40.433346,2.323000,117.000,17.302000,1.715000,127.050589,3664,341,0,135,293,2230,11,0
40.448797,15.451000,117.000,17.302000,1.715000,127.051069,3664,341,0,135,293,2230,11,0
40.453266,4.469000,117.000,17.302000,1.715000,127.051550,3664,341,0,135,293,2230,11,0
40.465283,12.017000,117.000,17.302000,1.715000,127.047888,3657,341,0,135,293,2230,11,0
40.472674,7.391000,117.000,17.302000,1.715000,127.048315,3657,341,0,133,258,2160,11,0
40.476922,4.248000,117.000,17.302000,1.715000,127.044386,3655,341,0,133,258,2160,11,0
40.489342,12.420000,117.000,17.302000,1.715000,127.044867,3655,341,0,133,258,2160,11,0
40.494169,4.827000,117.000,17.302000,1.715000,127.015406,3655,341,0,133,258,2160,11,0
40.505676,11.507000,117.000,17.302000,1.715000,127.015886,3655,341,0,134,258,2160,11,0
40.514607,8.931000,117.000,17.302000,1.715000,127.014711,3652,341,0,133,257,2158,11,0
40.516615,2.008000,117.000,17.302000,1.715000,127.015192,3652,341,0,133,257,2158,11,0
40.532285,15.670000,117.000,17.302000,1.715000,127.014162,3652,341,0,133,257,2158,11,0
40.537222,4.937000,117.000,17.302000,1.715000,127.014643,3652,341,0,133,257,2158,11,0
40.543552,6.330000,117.000,17.302000,1.715000,127.015001,3652,341,0,133,257,2158,11,0
40.555780,12.228000,117.000,17.302000,1.715000,127.011980,3646,341,0,132,257,2158,11,0
40.565834,10.054000,117.000,17.302000,1.715000,127.012430,3646,341,0,131,256,2156,11,0
40.569312,3.478000,117.000,17.302000,1.715000,127.012911,3646,341,0,130,256,2156,11,0
40.581980,12.668000,117.000,17.302000,1.715000,127.015020,3649,341,0,128,254,2152,11,0
40.584995,3.015000,117.000,17.302000,1.715000,127.005053,3645,337,0,128,253,2150,11,0
40.598620,13.625000,117.000,17.302000,1.715000,126.999510,3635,337,0,128,253,2150,11,0
40.602298,3.678000,117.000,17.302000,1.715000,126.999945,3635,337,0,126,252,2148,11,0
40.614675,12.377000,117.000,17.302000,1.715000,127.002058,3638,337,0,125,251,2146,11,0
40.616555,1.880000,117.000,17.302000,1.715000,127.002455,3638,337,0,126,250,2144,11,0
40.633676,17.121000,117.000,17.302000,1.715000,126.987364,3629,332,0,125,249,2142,11,0
40.636689,3.013000,117.000,17.302000,1.715000,126.981527,3619,332,0,123,249,2142,11,0
40.648048,11.359000,117.000,17.302000,1.715000,126.995935,3621,332,0,135,261,2166,11,0
40.650529,2.481000,117.000,17.302000,1.715000,126.996416,3621,332,0,135,261,2166,11,0
40.664695,14.166000,117.000,17.302000,1.715000,126.996912,3621,332,0,135,261,2166,11,0
40.666741,2.046000,117.000,17.302000,1.715000,126.993502,3621,332,0,127,253,2150,11,0
40.681119,14.378000,119.000,16.340000,2.022000,126.993982,3621,332,0,127,253,2150,11,0
40.683172,2.053000,119.000,16.340000,2.022000,126.994463,3621,332,0,127,253,2150,11,0
40.698174,15.002000,119.000,16.340000,2.022000,126.994944,3621,332,0,127,253,2150,11,0
40.700095,1.921000,119.000,16.340000,2.022000,126.995424,3621,332,0,127,253,2150,11,0
40.714615,14.520000,119.000,16.340000,2.022000,126.997553,3624,332,0,127,253,2150,11,0
40.716445,1.830000,119.000,16.340000,2.022000,126.998034,3624,332,0,127,253,2150,11,0
40.731115,14.670000,119.000,16.340000,2.022000,127.000177,3627,332,0,127,253,2150,11,0
40.733090,1.975000,119.000,16.340000,2.022000,127.000658,3627,332,0,127,253,2150,11,0
40.747823,14.733000,119.000,16.340000,2.022000,127.001093,3627,332,0,127,253,2150,11,0
40.749796,1.973000,119.000,16.340000,2.022000,127.001574,3627,332,0,127,253,2150,11,0
40.764394,14.598000,119.000,16.340000,2.022000,127.002054,3627,332,0,127,253,2150,11,0
40.766213,1.819000,119.000,16.340000,2.022000,127.002535,3627,332,0,127,253,2150,11,0
40.781388,15.175000,119.000,16.340000,2.022000,127.002962,3627,332,0,127,253,2150,11,0
40.783169,1.781000,119.000,16.340000,2.022000,126.999033,3625,332,0,125,249,2142,11,0
40.797790,14.621000,119.000,16.340000,2.022000,127.001173,3628,332,0,125,249,2142,11,0
40.799546,1.756000,119.000,16.340000,2.022000,127.001608,3628,332,0,124,249,2142,11,0
40.814406,14.860000,119.000,16.340000,2.022000,126.994795,3625,332,0,125,249,2142,11,0
40.816132,1.726000,119.000,16.340000,2.022000,126.995275,3625,332,0,125,249,2142,11,0
40.831254,15.122000,119.000,16.340000,2.022000,126.995756,3625,332,0,125,249,2142,11,0
40.833030,1.776000,119.000,16.340000,2.022000,126.996237,3625,332,0,125,249,2142,11,0
40.848028,14.998000,119.000,16.340000,2.022000,126.996656,3625,332,0,125,249,2142,11,0
40.849784,1.756000,119.000,16.340000,2.022000,126.997137,3625,332,0,125,249,2142,11,0
40.864485,14.701000,119.000,16.340000,2.022000,126.998217,3625,332,0,125,249,2142,11,1
40.866326,1.841000,119.000,16.340000,2.022000,127.004702,3635,332,0,124,249,2142,11,1
40.881793,15.467000,119.000,16.340000,2.022000,127.005491,3635,332,0,124,249,2142,11,1
40.883912,2.119000,119.000,16.340000,2.022000,127.005972,3635,332,0,125,249,2142,11,1
40.898443,14.531000,119.000,16.340000,2.022000,127.007536,3641,331,0,125,249,2142,11,0
40.900469,2.026000,119.000,16.340000,2.022000,127.004759,3636,331,0,125,249,2142,11,0
40.914499,14.030000,119.000,16.340000,2.022000,127.005239,3636,331,0,125,249,2142,11,0
40.916448,1.949000,119.000,16.340000,2.022000,127.005720,3636,331,0,125,249,2142,11,0
40.929571,13.123000,119.000,16.340000,2.022000,127.109655,3691,340,0,173,336,2316,11,0
40.932026,2.455000,119.000,16.340000,2.022000,127.110136,3691,340,0,173,336,2316,11,0
40.947712,15.686000,119.000,16.340000,2.022000,127.095358,3688,340,0,145,304,2252,11,0
40.949826,2.114000,119.000,16.340000,2.022000,127.095839,3688,340,0,145,304,2252,11,0
40.964326,14.500000,119.000,16.340000,2.022000,127.094679,3685,340,0,145,304,2252,11,0
40.967084,2.758000,119.000,16.340000,2.022000,127.099634,3685,340,0,154,313,2270,11,0
40.980999,13.915000,119.000,16.340000,2.022000,127.090719,3668,340,0,154,313,2270,11,0
40.983066,2.067000,119.000,16.340000,2.022000,127.086336,3668,340,0,144,303,2250,11,0
40.997893,14.827000,119.000,16.340000,2.022000,127.086817,3668,340,0,144,303,2250,11,0
41.000653,2.760000,119.000,16.340000,2.022000,127.087297,3668,340,0,144,303,2250,11,0
41.014391,13.738000,119.000,16.340000,2.022000,127.087778,3668,340,0,144,303,2250,11,0
41.016522,2.131000,119.000,16.340000,2.022000,127.088259,3668,340,0,144,303,2250,11,0
41.031002,14.480000,119.000,16.340000,2.022000,127.087099,3665,340,0,144,303,2250,11,0
41.033072,2.070000,119.000,16.340000,2.022000,127.087580,3665,340,0,144,303,2250,11,0
41.047722,14.650000,119.000,16.340000,2.022000,127.088060,3665,340,0,144,303,2250,11,0
41.050515,2.793000,119.000,16.340000,2.022000,127.088541,3665,340,0,143,302,2248,11,0
41.064632,14.117000,119.000,16.340000,2.022000,127.086519,3661,340,0,143,302,2248,11,0
41.066581,1.949000,119.000,16.340000,2.022000,127.087000,3661,340,0,141,267,2178,11,0
41.081132,14.551000,119.000,16.340000,2.022000,127.085787,3658,340,0,141,267,2178,11,0
41.083157,2.025000,119.000,16.340000,2.022000,127.081858,3656,340,0,141,267,2178,11,0
41.099167,16.010000,119.000,16.340000,2.022000,127.052389,3656,340,0,141,267,2178,11,0
41.103432,4.265000,119.000,16.340000,2.022000,127.052870,3656,340,0,142,267,2178,11,0
41.115571,12.139000,119.000,16.340000,2.022000,127.053350,3656,340,0,141,266,2176,11,0
41.124049,8.478000,119.000,16.340000,2.022000,127.053831,3656,340,0,141,266,2176,11,0
41.127569,3.520000,119.000,16.340000,2.022000,127.054365,3656,340,0,141,266,2176,11,0
41.140664,13.095000,119.000,16.340000,2.022000,127.053354,3656,340,0,141,266,2176,11,0
41.143770,3.106000,119.000,16.340000,2.022000,127.053698,3656,340,0,140,266,2176,11,0
41.156964,13.194000,119.000,16.340000,2.022000,127.039762,3645,337,0,139,265,2174,11,0
41.164274,7.310000,119.000,16.340000,2.022000,127.034910,3636,337,0,137,264,2172,11,0
41.169107,4.833000,119.000,16.340000,2.022000,127.050528,3646,341,0,137,264,2172,11,0
41.180627,11.520000,119.000,16.340000,2.022000,127.051695,3646,341,0,137,264,2172,11,0
41.194016,13.389000,119.000,16.340000,2.022000,127.042921,3642,337,0,136,263,2170,11,2
41.205656,11.640000,119.000,16.340000,2.022000,127.039053,3635,337,0,135,263,2170,11,2
41.214406,8.750000,119.000,16.340000,2.022000,127.040152,3635,337,0,134,262,2168,11,2
41.216118,1.712000,119.000,16.340000,2.022000,127.038992,3632,337,0,135,261,2166,11,2
41.231363,15.245000,119.000,16.340000,2.022000,127.041037,3644,335,0,134,260,2164,11,0
41.233412,2.049000,119.000,16.340000,2.022000,127.019514,3625,330,0,134,259,2162,11,0
41.248912,15.500000,119.000,16.340000,2.022000,127.013632,3615,330,0,134,259,2162,11,0
41.252929,4.017000,119.000,16.340000,2.022000,127.014112,3615,330,0,135,259,2162,11,0
41.258164,5.235000,119.000,16.340000,2.022000,127.028536,3617,330,0,145,271,2186,11,0
41.272281,14.117000,119.000,16.340000,2.022000,127.025126,3617,330,0,137,263,2170,11,0
41.282439,10.158000,119.000,16.340000,2.022000,127.028753,3623,330,0,137,263,2170,11,0
41.285119,2.680000,119.000,16.340000,2.022000,127.029234,3623,330,0,137,263,2170,11,0
41.298847,13.728000,119.000,16.340000,2.022000,127.029715,3623,330,0,137,263,2170,11,0
41.302973,4.126000,119.000,16.340000,2.022000,127.030195,3623,330,0,137,263,2170,11,0
41.314984,12.011000,119.000,16.340000,2.022000,127.032328,3626,330,0,137,263,2170,11,0
41.317219,2.235000,119.000,16.340000,2.022000,127.032808,3626,330,0,137,263,2170,11,0
41.332623,15.404000,119.000,16.340000,2.022000,127.033289,3626,330,0,137,263,2170,11,0
41.337088,4.465000,119.000,16.340000,2.022000,127.033770,3626,330,0,137,263,2170,11,0
41.348909,11.821000,119.000,16.340000,2.022000,127.034250,3626,330,0,137,263,2170,11,0
41.352360,3.451000,119.000,16.340000,2.022000,127.034731,3626,330,0,137,263,2170,11,0
41.365260,12.900000,119.000,16.340000,2.022000,127.035166,3626,330,0,137,263,2170,11,0
41.367472,2.212000,119.000,16.340000,2.022000,127.035601,3626,330,0,137,263,2170,11,0
41.382102,14.630000,119.000,16.340000,2.022000,127.036135,3626,330,0,137,263,2170,11,0
41.385651,3.549000,119.000,16.340000,2.022000,127.036615,3626,330,0,135,261,2166,11,0
41.397776,12.125000,119.000,16.340000,2.022000,127.037096,3626,330,0,135,261,2166,11,0
41.400326,2.550000,119.000,16.340000,2.022000,127.037523,3626,330,0,133,257,2158,11,0
41.415891,15.565000,119.000,16.340000,2.022000,127.035242,3627,330,0,133,257,2158,11,0
41.419362,3.471000,119.000,16.340000,2.022000,127.035723,3627,330,0,133,257,2158,11,0
41.432980,13.618000,119.000,16.340000,2.022000,127.032187,3630,330,0,133,257,2158,11,0
41.447707,14.727000,119.000,16.340000,2.022000,127.032621,3630,330,0,133,257,2158,11,0
41.452500,4.793000,119.000,16.340000,2.022000,127.034769,3633,330,0,133,257,2158,11,0
41.464053,11.553000,119.000,16.340000,2.022000,127.035170,3633,330,0,132,257,2158,11,0
41.466649,2.596000,119.000,16.340000,2.022000,127.035631,3633,330,0,132,257,2158,11,0
41.481024,14.375000,119.000,16.340000,2.022000,127.036112,3633,330,0,131,257,2158,11,0
41.485104,4.080000,119.000,16.340000,2.022000,127.042582,3643,330,0,131,257,2158,11,0
41.497609,12.505000,119.000,16.340000,2.022000,127.021700,3633,324,0,130,255,2154,11,0
41.502880,5.271000,119.000,16.340000,2.022000,127.016424,3624,324,0,130,255,2154,11,0
41.514392,11.512000,119.000,16.340000,2.022000,127.016859,3624,324,0,130,255,2154,11,0
41.517762,3.370000,119.000,16.340000,2.022000,127.014040,3618,324,0,130,255,2154,11,0
41.530813,13.051000,119.000,16.340000,2.022000,127.014521,3618,324,0,129,255,2154,11,0
41.533298,2.485000,119.000,16.340000,2.022000,127.014986,3618,324,0,129,255,2154,11,0
41.550325,17.027000,119.000,16.340000,2.022000,127.115023,3673,333,0,169,332,2308,11,0
41.563825,13.500000,119.000,16.340000,2.022000,127.113863,3670,333,0,131,288,2220,11,0
41.566305,2.480000,119.000,16.340000,2.022000,127.095861,3670,333,0,131,288,2220,11,0
41.580596,14.291000,119.000,16.340000,2.022000,127.096342,3670,333,0,131,288,2220,11,0
41.583470,2.874000,119.000,16.340000,2.022000,127.101297,3670,333,0,140,297,2238,11,0
41.597175,13.705000,119.000,16.340000,2.022000,127.090685,3650,333,0,140,297,2238,11,0
41.600010,2.835000,119.000,16.340000,2.022000,127.087275,3650,333,0,132,289,2222,11,0
41.613955,13.945000,119.000,16.340000,2.022000,127.087709,3650,333,0,132,289,2222,11,0
41.616611,2.656000,119.000,16.340000,2.022000,127.088190,3650,333,0,132,289,2222,11,0
41.630589,13.978000,119.000,16.340000,2.022000,127.088671,3650,333,0,132,289,2222,11,0
41.633061,2.472000,119.000,16.340000,2.022000,127.090822,3653,333,0,132,289,2222,11,0
41.647554,14.493000,119.000,16.340000,2.022000,127.091303,3653,333,0,132,289,2222,11,0
41.653160,5.606000,119.000,16.340000,2.022000,127.090143,3650,333,0,132,289,2222,11,0
41.656889,3.729000,119.000,16.340000,2.022000,127.090578,3650,333,0,132,289,2222,11,0
41.672775,15.886000,119.000,16.340000,2.022000,127.089418,3647,333,0,132,289,2222,11,0
41.681192,8.417000,117.000,16.395000,1.915000,127.087397,3643,333,0,132,289,2222,11,0
41.685571,4.379000,117.000,16.395000,1.915000,127.087889,3643,333,0,130,254,2152,11,0
41.698627,13.056000,117.000,16.395000,1.915000,127.088316,3643,333,0,131,254,2152,11,0
41.703898,5.271000,117.000,16.395000,1.915000,127.084387,3641,333,0,131,254,2152,11,0
41.713931,10.033000,117.000,16.395000,1.915000,127.054873,3641,333,0,131,254,2152,11,0
41.717046,3.115000,117.000,16.395000,1.915000,127.055334,3641,333,0,131,254,2152,11,0
41.731197,14.151000,117.000,16.395000,1.915000,127.055815,3641,333,0,131,253,2150,11,0
41.737971,6.774000,117.000,16.395000,1.915000,127.054655,3638,333,0,131,253,2150,11,0
41.746522,8.551000,117.000,16.395000,1.915000,127.053610,3638,333,0,131,253,2150,11,0
41.749456,2.934000,117.000,16.395000,1.915000,127.054117,3638,333,0,131,253,2150,11,0
41.764000,14.544000,117.000,16.395000,1.915000,127.054461,3638,333,0,130,253,2150,11,0
41.767322,3.322000,117.000,16.395000,1.915000,127.071333,3651,337,0,130,253,2150,11,0
41.801192,33.870000,117.000,16.395000,1.915000,127.070551,3648,337,0,132,254,2152,11,0
41.814656,13.464000,117.000,16.395000,1.915000,127.071016,3648,337,0,129,252,2148,11,0
41.816658,2.002000,117.000,16.395000,1.915000,127.061083,3644,333,0,129,251,2146,11,0
41.831208,14.550000,117.000,16.395000,1.915000,127.057154,3637,333,0,127,249,2142,11,0
41.833321,2.113000,117.000,16.395000,1.915000,127.057581,3637,333,0,126,248,2140,11,0
41.851234,17.913000,117.000,16.395000,1.915000,127.042528,3628,328,0,125,247,2138,11,0
41.866372,15.138000,117.000,16.395000,1.915000,127.036631,3618,328,0,125,247,2138,11,0
41.874385,8.013000,117.000,16.395000,1.915000,127.049414,3617,328,0,135,259,2162,11,0
41.889330,14.945000,117.000,16.395000,1.915000,127.049894,3617,328,0,135,259,2162,11,0
41.896539,7.209000,117.000,16.395000,1.915000,127.046438,3617,328,0,127,251,2146,11,0
41.900213,3.674000,117.000,16.395000,1.915000,127.046919,3617,328,0,127,251,2146,11,0
41.913845,13.632000,117.000,16.395000,1.915000,127.047400,3617,328,0,127,251,2146,11,0
41.916292,2.447000,117.000,16.395000,1.915000,127.046240,3614,328,0,127,251,2146,11,0
41.931294,15.002000,117.000,16.395000,1.915000,127.046721,3614,328,0,127,251,2146,11,0
41.933127,1.833000,117.000,16.395000,1.915000,127.047201,3614,328,0,127,251,2146,11,0
41.949216,16.089000,117.000,16.395000,1.915000,127.047667,3614,328,0,127,251,2146,11,0
41.953230,4.014000,117.000,16.395000,1.915000,127.048147,3614,328,0,127,251,2146,11,0
41.964921,11.691000,117.000,16.395000,1.915000,127.049204,3614,328,0,127,251,2146,11,1
41.967013,2.092000,117.000,16.395000,1.915000,127.049685,3614,328,0,127,251,2146,11,1
41.982457,15.444000,117.000,16.395000,1.915000,127.052141,3617,328,0,127,251,2146,11,1
41.986495,4.038000,117.000,16.395000,1.915000,127.052622,3617,328,0,127,251,2146,11,1
41.993771,7.276000,117.000,16.395000,1.915000,127.053747,3623,327,0,127,251,2146,11,0
42.006445,12.674000,117.000,16.395000,1.915000,127.050970,3618,327,0,126,247,2138,11,0
42.015906,9.461000,117.000,16.395000,1.915000,127.053102,3621,327,0,126,247,2138,11,0
42.020065,4.159000,117.000,16.395000,1.915000,127.053530,3621,327,0,126,247,2138,11,0
42.023549,3.484000,117.000,16.395000,1.915000,127.043985,3619,327,0,126,247,2138,11,0
42.040939,17.390000,117.000,16.395000,1.915000,127.044439,3619,327,0,126,247,2138,11,0
42.044669,3.730000,117.000,16.395000,1.915000,127.044920,3619,327,0,125,247,2138,11,0
42.056614,11.945000,117.000,16.395000,1.915000,127.045416,3619,327,0,125,247,2138,11,0
42.063957,7.343000,117.000,16.395000,1.915000,127.045897,3619,327,0,125,247,2138,11,0
42.066473,2.516000,117.000,16.395000,1.915000,127.046400,3619,327,0,125,247,2138,11,0
42.081259,14.786000,117.000,16.395000,1.915000,127.046881,3619,327,0,124,247,2138,11,0
42.083680,2.421000,117.000,16.395000,1.915000,127.047346,3619,327,0,124,247,2138,11,0
42.097411,13.731000,117.000,16.395000,1.915000,127.053785,3629,327,0,125,247,2138,11,0
42.099961,2.550000,117.000,16.395000,1.915000,127.054266,3629,327,0,125,247,2138,11,0
42.113816,13.855000,117.000,16.395000,1.915000,127.054747,3629,327,0,126,247,2138,11,0
42.116241,2.425000,117.000,16.395000,1.915000,127.056890,3632,327,0,126,247,2138,11,0
42.130608,14.367000,117.000,16.395000,1.915000,127.057371,3632,327,0,125,247,2138,11,0
42.133008,2.400000,117.000,16.395000,1.915000,127.059504,3635,327,0,125,247,2138,11,0
42.147280,14.272000,117.000,16.395000,1.915000,127.059984,3635,327,0,126,247,2138,11,0
42.165653,18.373000,117.000,16.395000,1.915000,127.165667,3692,336,0,174,337,2318,11,0
42.181004,15.351000,117.000,16.395000,1.915000,127.151556,3692,336,0,143,302,2248,11,0
42.183129,2.125000,117.000,16.395000,1.915000,127.153959,3692,336,0,143,302,2248,11,0
42.197670,14.541000,117.000,16.395000,1.915000,127.158178,3692,336,0,151,310,2264,11,0
42.200108,2.438000,117.000,16.395000,1.915000,127.147566,3672,336,0,151,310,2264,11,0
42.214454,14.346000,117.000,16.395000,1.915000,127.145826,3675,336,0,143,302,2248,11,0
42.216582,2.128000,117.000,16.395000,1.915000,127.144667,3672,336,0,143,302,2248,11,0
42.230925,14.343000,117.000,16.395000,1.915000,127.145147,3672,336,0,143,302,2248,11,0
42.232981,2.056000,117.000,16.395000,1.915000,127.145628,3672,336,0,143,302,2248,11,0
42.247810,14.829000,117.000,16.395000,1.915000,127.146109,3672,336,0,143,302,2248,11,0
42.250605,2.795000,117.000,16.395000,1.915000,127.144903,3669,336,0,143,302,2248,11,0
42.264444,13.839000,117.000,16.395000,1.915000,127.147036,3672,336,0,143,302,2248,11,0
42.267056,2.612000,117.000,16.395000,1.915000,127.137072,3667,333,0,142,301,2246,11,0
42.280722,13.666000,117.000,16.395000,1.915000,127.133860,3661,333,0,142,301,2246,11,0
42.283490,2.768000,117.000,16.395000,1.915000,127.149492,3671,337,0,142,301,2246,11,0
42.297409,13.919000,117.000,16.395000,1.915000,127.148058,3667,337,0,141,267,2178,11,0
42.300422,3.013000,117.000,16.395000,1.915000,127.144125,3665,337,0,141,267,2178,11,0
42.313903,13.481000,117.000,16.395000,1.915000,127.144606,3665,337,0,141,267,2178,11,0
42.316540,2.637000,117.000,16.395000,1.915000,127.113611,3665,337,0,141,267,2178,11,0
42.330578,14.038000,117.000,16.395000,1.915000,127.114046,3665,337,0,140,267,2178,11,0
42.332896,2.318000,117.000,16.395000,1.915000,127.116201,3668,337,0,140,267,2178,11,0
42.347243,14.347000,117.000,16.395000,1.915000,127.116682,3668,337,0,141,267,2178,11,0
42.349588,2.345000,117.000,16.395000,1.915000,127.117430,3668,337,0,141,267,2178,11,0
42.364082,14.494000,117.000,16.395000,1.915000,127.112295,3659,337,0,139,267,2178,11,0
42.366712,2.630000,117.000,16.395000,1.915000,127.112646,3659,337,0,139,267,2178,11,0
42.380853,14.141000,117.000,16.395000,1.915000,127.109625,3653,337,0,140,267,2178,11,0
42.390395,9.542000,117.000,16.395000,1.915000,127.111731,3656,337,0,139,266,2176,11,0
42.393979,3.584000,117.000,16.395000,1.915000,127.112211,3656,337,0,137,265,2174,11,0
42.406623,12.644000,117.000,16.395000,1.915000,127.112745,3656,337,0,136,264,2172,11,0
42.414239,7.616000,117.000,16.395000,1.915000,127.102812,3652,333,0,137,263,2170,11,0
42.418276,4.037000,117.000,16.395000,1.915000,127.098883,3645,333,0,137,263,2170,11,0
42.430534,12.258000,117.000,16.395000,1.915000,127.099363,3645,333,0,135,261,2166,11,0
42.433041,2.507000,117.000,16.395000,1.915000,127.098219,3642,333,0,135,261,2166,11,0
42.447970,14.929000,117.000,16.395000,1.915000,127.098616,3642,333,0,133,260,2164,11,0
42.452888,4.918000,117.000,16.395000,1.915000,127.083471,3633,328,0,132,259,2162,11,0
42.463950,11.062000,117.000,16.395000,1.915000,127.077635,3623,328,0,132,259,2162,11,0
42.467949,3.999000,117.000,16.395000,1.915000,127.092012,3625,328,0,143,271,2186,11,0
42.480871,12.922000,117.000,16.395000,1.915000,127.092493,3625,328,0,143,271,2186,11,0
42.484310,3.439000,117.000,16.395000,1.915000,127.087442,3622,328,0,135,263,2170,11,0
42.497561,13.251000,117.000,16.395000,1.915000,127.087877,3622,328,0,135,263,2170,11,0
42.504094,6.533000,117.000,16.395000,1.915000,127.088358,3622,328,0,135,263,2170,11,0
42.508348,4.254000,117.000,16.395000,1.915000,127.088839,3622,328,0,135,263,2170,11,0
42.523716,15.368000,117.000,16.395000,1.915000,127.089319,3622,328,0,135,263,2170,11,0
42.530736,7.020000,117.000,16.395000,1.915000,127.089800,3622,328,0,135,263,2170,11,0
42.534965,4.229000,117.000,16.395000,1.915000,127.099676,3635,329,0,135,263,2170,11,0
42.547713,12.748000,117.000,16.395000,1.915000,127.098257,3632,329,0,136,264,2172,11,0
42.552080,4.367000,117.000,16.395000,1.915000,127.098719,3632,329,0,136,264,2172,11,0
42.563867,11.787000,117.000,16.395000,1.915000,127.099154,3632,329,0,136,264,2172,11,0
42.566629,2.762000,117.000,16.395000,1.915000,127.097994,3629,329,0,136,264,2172,11,0
42.581214,14.585000,117.000,16.395000,1.915000,127.098475,3629,329,0,136,264,2172,11,0
42.589630,8.416000,117.000,16.395000,1.915000,127.098955,3629,329,0,136,264,2172,11,0
42.592819,3.189000,117.000,16.395000,1.915000,127.099390,3629,329,0,136,264,2172,11,0
42.606829,14.010000,117.000,16.395000,1.915000,127.098230,3626,329,0,136,264,2172,11,0
42.610831,4.002000,117.000,16.395000,1.915000,127.098711,3626,329,0,134,260,2164,11,0
42.623680,12.849000,117.000,16.395000,1.915000,127.097498,3623,329,0,134,260,2164,11,0
42.630530,6.850000,117.000,16.395000,1.915000,127.092550,3621,329,0,132,258,2160,11,0
42.632884,2.354000,117.000,16.395000,1.915000,127.087381,3621,329,0,132,258,2160,11,0
42.647615,14.731000,117.000,16.395000,1.915000,127.087862,3621,329,0,130,258,2160,11,0
42.653385,5.770000,117.000,16.395000,1.915000,127.088358,3621,329,0,130,258,2160,11,0
42.664647,11.262000,117.000,16.395000,1.915000,127.088839,3621,329,0,131,258,2160,11,0
42.666609,1.962000,112.000,33.206000,3.251000,127.089319,3621,329,0,130,258,2160,11,0
42.681988,15.379000,112.000,33.206000,3.251000,127.091459,3624,329,0,130,258,2160,11,0
42.685710,3.722000,112.000,33.206000,3.251000,127.091940,3624,329,0,131,258,2160,11,0
42.698927,13.217000,112.000,33.206000,3.251000,127.092340,3624,329,0,131,258,2160,11,0
42.703628,4.701000,112.000,33.206000,3.251000,127.098825,3634,329,0,130,258,2160,11,0
42.714651,11.023000,112.000,33.206000,3.251000,127.100969,3637,329,0,130,258,2160,11,0
42.716717,2.066000,112.000,33.206000,3.251000,127.101450,3637,329,0,130,257,2158,11,0
42.733116,16.399000,112.000,33.206000,3.251000,127.101923,3637,329,0,130,257,2158,11,0
42.738183,5.067000,112.000,33.206000,3.251000,127.102404,3637,329,0,130,257,2158,11,0
42.745795,7.612000,112.000,33.206000,3.251000,127.102884,3637,329,0,130,257,2158,11,0
42.749323,3.528000,112.000,33.206000,3.251000,127.103365,3637,329,0,130,257,2158,11,0
42.768933,19.610000,112.000,33.206000,3.251000,127.206461,3694,338,0,172,339,2322,11,0
42.781001,12.068000,112.000,33.206000,3.251000,127.187792,3691,338,0,136,295,2234,11,0
42.783046,2.045000,112.000,33.206000,3.251000,127.188272,3691,338,0,136,295,2234,11,0
42.798250,15.204000,112.000,33.206000,3.251000,127.192446,3691,338,0,144,303,2250,11,0
42.800541,2.291000,112.000,33.206000,3.251000,127.181833,3671,338,0,136,295,2234,11,0
42.814424,13.883000,112.000,33.206000,3.251000,127.180075,3674,338,0,136,295,2234,11,0
42.816384,1.960000,112.000,33.206000,3.251000,127.180555,3674,338,0,136,295,2234,11,0
42.830931,14.547000,112.000,33.206000,3.251000,127.182707,3677,338,0,136,295,2234,11,0
42.832979,2.048000,112.000,33.206000,3.251000,127.183187,3677,338,0,137,295,2234,11,0
42.847783,14.804000,112.000,33.206000,3.251000,127.183668,3677,338,0,137,295,2234,11,0
42.850405,2.622000,112.000,33.206000,3.251000,127.184149,3677,338,0,137,295,2234,11,0
42.864647,14.242000,112.000,33.206000,3.251000,127.184629,3677,338,0,137,295,2234,11,0
42.866770,2.123000,112.000,33.206000,3.251000,127.185110,3677,338,0,137,295,2234,11,0
42.881108,14.338000,112.000,33.206000,3.251000,127.185545,3677,338,0,137,295,2234,11,0
42.883219,2.111000,112.000,33.206000,3.251000,127.186026,3677,338,0,137,295,2234,11,0
42.898204,14.985000,112.000,33.206000,3.251000,127.185675,3676,338,0,136,294,2232,11,0
42.902062,3.858000,112.000,33.206000,3.251000,127.182913,3671,338,0,133,258,2160,11,0
42.914346,12.284000,112.000,33.206000,3.251000,127.177343,3666,338,0,134,258,2160,11,0
42.916270,1.924000,112.000,33.206000,3.251000,127.177824,3666,338,0,134,258,2160,11,0
42.933022,16.752000,112.000,33.206000,3.251000,127.146799,3666,338,0,134,258,2160,11,0
42.938097,5.075000,112.000,33.206000,3.251000,127.147280,3666,338,0,134,258,2160,11,0
42.943097,5.000000,112.000,33.206000,3.251000,127.147753,3666,338,0,134,258,2160,11,0
42.955832,12.735000,112.000,33.206000,3.251000,127.148233,3666,338,0,133,258,2160,11,0
42.965324,9.492000,112.000,33.206000,3.251000,127.148718,3666,338,0,133,258,2160,11,0
42.968713,3.389000,112.000,33.206000,3.251000,127.149199,3666,338,0,133,258,2160,11,0
42.981683,12.970000,112.000,33.206000,3.251000,127.149527,3666,338,0,133,258,2160,11,0
42.984930,3.247000,112.000,33.206000,3.251000,127.146505,3660,338,0,133,258,2160,11,0
42.998389,13.459000,112.000,33.206000,3.251000,127.146955,3660,338,0,132,257,2158,11,0
43.000979,2.590000,112.000,33.206000,3.251000,127.147436,3660,338,0,132,257,2158,11,0
43.014649,13.670000,112.000,33.206000,3.251000,127.147902,3660,338,0,130,255,2154,11,0
43.016760,2.111000,112.000,33.206000,3.251000,127.137968,3656,334,0,129,254,2152,11,0
43.031031,14.271000,112.000,33.206000,3.251000,127.135683,3652,334,0,129,254,2152,11,0
43.032816,1.785000,112.000,33.206000,3.251000,127.136164,3652,334,0,128,253,2150,11,0
43.047917,15.101000,112.000,33.206000,3.251000,127.134970,3649,334,0,127,252,2148,11,0
43.050076,2.159000,112.000,33.206000,3.251000,127.135366,3649,334,0,126,251,2146,11,0
43.064609,14.533000,112.000,33.206000,3.251000,127.119249,3637,329,0,125,250,2144,11,1
43.066686,2.077000,112.000,33.206000,3.251000,127.113413,3627,329,0,125,250,2144,11,1
43.081053,14.367000,112.000,33.206000,3.251000,127.132154,3632,329,0,137,265,2174,11,1
43.083024,1.971000,112.000,33.206000,3.251000,127.128744,3632,329,0,130,257,2158,11,1
43.097959,14.935000,112.000,33.206000,3.251000,127.129854,3638,328,0,130,257,2158,11,0
43.100165,2.206000,112.000,33.206000,3.251000,127.127077,3633,328,0,131,257,2158,11,0
43.114279,14.114000,112.000,33.206000,3.251000,127.127573,3633,328,0,131,257,2158,11,0
43.116150,1.871000,112.000,33.206000,3.251000,127.128054,3633,328,0,131,257,2158,11,0
43.130989,14.839000,112.000,33.206000,3.251000,127.126848,3630,328,0,131,257,2158,11,0
43.132824,1.835000,112.000,33.206000,3.251000,127.127329,3630,328,0,131,257,2158,11,0
43.148242,15.418000,112.000,33.206000,3.251000,127.127810,3630,328,0,131,257,2158,11,0
43.150416,2.174000,112.000,33.206000,3.251000,127.128290,3630,328,0,131,257,2158,11,0
43.164431,14.015000,112.000,33.206000,3.251000,127.128771,3630,328,0,131,257,2158,11,0
43.166319,1.888000,112.000,33.206000,3.251000,127.129251,3630,328,0,131,257,2158,11,0
43.181140,14.821000,112.000,33.206000,3.251000,127.128092,3627,328,0,131,257,2158,11,0
43.183065,1.925000,112.000,33.206000,3.251000,127.128527,3627,328,0,131,257,2158,11,0
43.197689,14.624000,112.000,33.206000,3.251000,127.129007,3627,328,0,131,257,2158,11,0
43.199619,1.930000,112.000,33.206000,3.251000,127.129488,3627,328,0,131,257,2158,11,0
43.214292,14.673000,112.000,33.206000,3.251000,127.129915,3627,328,0,131,257,2158,11,0
43.216050,1.758000,112.000,33.206000,3.251000,127.125986,3625,328,0,129,252,2148,11,0
43.231041,14.991000,112.000,33.206000,3.251000,127.126421,3625,328,0,129,252,2148,11,0
43.232870,1.829000,112.000,33.206000,3.251000,127.126902,3625,328,0,129,252,2148,11,0
43.248061,15.191000,112.000,33.206000,3.251000,127.120337,3625,328,0,129,252,2148,11,0
43.250601,2.540000,112.000,33.206000,3.251000,127.120817,3625,328,0,127,251,2146,11,0
43.265302,14.701000,112.000,33.206000,3.251000,127.119673,3622,328,0,127,251,2146,11,0
43.268726,3.424000,112.000,33.206000,3.251000,127.120153,3622,328,0,127,251,2146,11,0
43.282003,13.277000,112.000,33.206000,3.251000,127.120619,3622,328,0,127,251,2146,11,0
43.285342,3.339000,112.000,33.206000,3.251000,127.121099,3622,328,0,128,251,2146,11,0
43.299244,13.902000,112.000,33.206000,3.251000,127.121611,3622,328,0,128,251,2146,11,0
43.303876,4.632000,112.000,33.206000,3.251000,127.128096,3632,328,0,128,251,2146,11,0
43.307631,3.755000,112.000,33.206000,3.251000,127.126921,3629,328,0,128,251,2146,11,0
43.322202,14.571000,112.000,33.206000,3.251000,127.127401,3629,328,0,128,251,2146,11,0
43.331981,9.779000,112.000,33.206000,3.251000,127.127882,3629,328,0,128,251,2146,11,0
43.335106,3.125000,112.000,33.206000,3.251000,127.128363,3629,328,0,128,251,2146,11,0
43.349258,14.152000,112.000,33.206000,3.251000,127.128843,3629,328,0,128,251,2146,11,0
43.355848,6.590000,112.000,33.206000,3.251000,127.118925,3624,325,0,127,250,2144,11,0
43.372210,16.362000,112.000,33.206000,3.251000,127.215319,3670,334,0,171,333,2310,11,0
43.380836,8.626000,112.000,33.206000,3.251000,127.215754,3670,334,0,171,333,2310,11,0
43.383935,3.099000,112.000,33.206000,3.251000,127.217489,3683,338,0,139,295,2234,11,0
43.397168,13.233000,112.000,33.206000,3.251000,127.223104,3683,338,0,149,306,2256,11,0
43.406079,8.911000,112.000,33.206000,3.251000,127.212534,3663,338,0,149,306,2256,11,0
43.408718,2.639000,112.000,33.206000,3.251000,127.213015,3663,338,0,149,306,2256,11,0
43.422692,13.974000,112.000,33.206000,3.251000,127.211256,3666,338,0,141,298,2240,11,0
43.424845,2.153000,112.000,33.206000,3.251000,127.211737,3666,338,0,141,298,2240,11,0
43.439652,14.807000,112.000,33.206000,3.251000,127.084944,3616,298,0,141,298,2240,11,0
43.441875,2.223000,112.000,33.206000,3.251000,127.053259,3566,298,0,131,278,2200,11,0
43.456000,14.125000,112.000,33.206000,3.251000,127.055391,3569,298,0,131,278,2200,11,0
43.463845,7.845000,112.000,33.206000,3.251000,127.055803,3569,298,0,131,278,2200,11,0
43.466391,2.546000,112.000,33.206000,3.251000,127.056284,3569,298,0,131,278,2200,11,0
43.480670,14.279000,112.000,33.206000,3.251000,127.056765,3569,298,0,131,278,2200,11,0
43.483044,2.374000,112.000,33.206000,3.251000,127.057199,3569,298,0,131,278,2200,11,0
43.497629,14.585000,112.000,33.206000,3.251000,127.057680,3569,298,0,131,278,2200,11,0
43.501718,4.089000,112.000,33.206000,3.251000,127.055658,3565,298,0,131,278,2200,11,0
43.514487,12.769000,112.000,33.206000,3.251000,127.056086,3565,298,0,129,243,2130,11,0
43.532225,17.738000,112.000,33.206000,3.251000,127.053808,3566,298,0,129,243,2130,11,0
43.537138,4.913000,112.000,33.206000,3.251000,127.025972,3569,298,0,129,243,2130,11,0
43.544224,7.086000,112.000,33.206000,3.251000,127.026453,3569,298,0,128,242,2128,11,0
43.557723,13.499000,112.000,33.206000,3.251000,127.026918,3569,298,0,128,242,2128,11,0
43.563826,6.103000,112.000,33.206000,3.251000,127.025927,3569,298,0,127,242,2128,11,0
43.566572,2.746000,112.000,33.206000,3.251000,127.026381,3569,298,0,127,242,2128,11,0
43.580538,13.966000,112.000,33.206000,3.251000,127.026861,3569,298,0,126,242,2128,11,0
43.583089,2.551000,112.000,33.206000,3.251000,127.027220,3569,298,0,126,242,2128,11,0
43.597766,14.677000,112.000,33.206000,3.251000,127.024199,3563,298,0,126,242,2128,11,0
43.601661,3.895000,112.000,33.206000,3.251000,127.026354,3566,298,0,125,241,2126,11,0
43.614049,12.388000,112.000,33.206000,3.251000,127.026834,3566,298,0,126,241,2126,11,0
43.616900,2.851000,112.000,33.206000,3.251000,127.027269,3566,298,0,124,239,2122,11,0
43.630904,14.004000,112.000,33.206000,3.251000,127.017256,3562,294,0,121,238,2120,11,0
43.634711,3.807000,112.000,33.206000,3.251000,127.013369,3555,294,0,121,238,2120,11,0
43.647120,12.409000,112.000,33.206000,3.251000,127.013849,3555,294,0,121,237,2118,11,0
43.651479,4.359000,112.000,33.206000,3.251000,127.014277,3555,294,0,120,236,2116,11,0
43.665770,14.291000,112.000,33.206000,3.251000,127.014650,3555,294,0,119,235,2114,11,0
43.669417,3.647000,117.000,19.131000,2.048000,126.999552,3546,289,0,118,234,2112,11,0
43.681859,12.442000,117.000,19.131000,2.048000,126.993685,3536,289,0,119,234,2112,11,0
43.685163,3.304000,117.000,19.131000,2.048000,126.992525,3533,289,0,119,234,2112,11,0
43.692453,7.290000,117.000,19.131000,2.048000,127.009306,3535,289,0,132,249,2142,11,0
43.707029,14.576000,117.000,19.131000,2.048000,127.004923,3535,289,0,122,239,2122,11,0
43.715587,8.558000,117.000,19.131000,2.048000,127.005419,3535,289,0,122,239,2122,11,0
43.718732,3.145000,117.000,19.131000,2.048000,127.005899,3535,289,0,122,239,2122,11,0
43.730960,12.228000,117.000,19.131000,2.048000,127.008024,3538,289,0,122,239,2122,11,0
43.732883,1.923000,117.000,19.131000,2.048000,127.008459,3538,289,0,122,239,2122,11,0
43.748606,15.723000,117.000,19.131000,2.048000,127.008936,3538,289,0,122,239,2122,11,0
43.752771,4.165000,117.000,19.131000,2.048000,127.007776,3535,289,0,122,239,2122,11,0
43.764774,12.003000,117.000,19.131000,2.048000,127.006601,3532,289,0,122,239,2122,11,0
43.766442,1.668000,117.000,19.131000,2.048000,127.007082,3532,289,0,122,239,2122,11,0
43.781577,15.135000,117.000,19.131000,2.048000,127.009226,3535,289,0,122,239,2122,11,0
43.785205,3.628000,117.000,19.131000,2.048000,127.009706,3535,289,0,122,239,2122,11,0
43.799316,14.111000,117.000,19.131000,2.048000,127.010172,3535,289,0,122,239,2122,11,0
43.802957,3.641000,117.000,19.131000,2.048000,127.010653,3535,289,0,122,239,2122,11,0
43.814669,11.712000,117.000,19.131000,2.048000,127.011148,3535,289,0,122,239,2122,11,0
43.816513,1.844000,117.000,19.131000,2.048000,127.011629,3535,289,0,122,239,2122,11,0
43.831332,14.819000,117.000,19.131000,2.048000,127.010401,3532,289,0,122,239,2122,11,0
43.833309,1.977000,117.000,19.131000,2.048000,127.006472,3530,289,0,119,234,2112,11,0
43.848873,15.564000,117.000,19.131000,2.048000,127.006968,3530,289,0,119,234,2112,11,0
43.853256,4.383000,117.000,19.131000,2.048000,127.005808,3527,289,0,120,234,2112,11,0
43.857797,4.541000,117.000,19.131000,2.048000,126.999277,3527,289,0,120,234,2112,11,0
43.872199,14.402000,117.000,19.131000,2.048000,126.999758,3527,289,0,117,234,2112,11,0
43.883156,10.957000,117.000,19.131000,2.048000,127.000299,3527,289,0,117,234,2112,11,0
43.886194,3.038000,117.000,19.131000,2.048000,126.999140,3524,289,0,120,234,2112,11,0
43.899071,12.877000,117.000,19.131000,2.048000,126.999620,3524,289,0,120,234,2112,11,0
43.902630,3.559000,117.000,19.131000,2.048000,127.000101,3524,289,0,118,234,2112,11,0
43.915931,13.301000,117.000,19.131000,2.048000,127.006571,3534,289,0,118,234,2112,11,0
43.918602,2.671000,117.000,19.131000,2.048000,127.007051,3534,289,0,120,234,2112,11,0
43.932129,13.527000,117.000,19.131000,2.048000,127.007486,3534,289,0,120,234,2112,11,0
43.935616,3.487000,117.000,19.131000,2.048000,127.007967,3534,289,0,118,234,2112,11,0
43.949006,13.390000,117.000,19.131000,2.048000,127.008493,3534,289,0,118,234,2112,11,0
43.952335,3.329000,117.000,19.131000,2.048000,127.008974,3534,289,0,119,234,2112,11,0
43.966159,13.824000,117.000,19.131000,2.048000,127.007784,3531,289,0,119,234,2112,11,0
43.978932,12.773000,117.000,19.131000,2.048000,127.107180,3583,298,0,159,313,2270,11,0
43.989632,10.700000,117.000,19.131000,2.048000,127.107615,3583,298,0,159,313,2270,11,0
43.992686,3.054000,117.000,19.131000,2.048000,127.077894,3578,293,0,124,272,2188,11,0
44.006103,13.417000,117.000,19.131000,2.048000,127.072783,3568,293,0,124,272,2188,11,0
44.013961,7.858000,117.000,19.131000,2.048000,127.078711,3568,293,0,135,283,2210,11,0
44.016835,2.874000,117.000,19.131000,2.048000,127.059851,3540,293,0,127,275,2194,11,0
44.030457,13.622000,117.000,19.131000,2.048000,127.060331,3540,293,0,127,275,2194,11,0
44.033057,2.600000,117.000,19.131000,2.048000,127.060812,3540,293,0,127,275,2194,11,0
44.047559,14.502000,117.000,19.131000,2.048000,127.061293,3540,293,0,127,275,2194,11,0
44.054874,7.315000,117.000,19.131000,2.048000,127.061773,3540,293,0,127,275,2194,11,0
44.057724,2.850000,117.000,19.131000,2.048000,127.062254,3540,293,0,127,275,2194,11,0
44.072691,14.967000,117.000,19.131000,2.048000,127.062735,3540,293,0,127,275,2194,11,0
44.081308,8.617000,117.000,19.131000,2.048000,127.063215,3540,293,0,127,275,2194,11,0
44.085395,4.087000,117.000,19.131000,2.048000,127.065363,3543,293,0,127,275,2194,11,0
44.097688,12.293000,117.000,19.131000,2.048000,127.065844,3543,293,0,127,275,2194,11,0
44.103259,5.571000,117.000,19.131000,2.048000,127.066324,3543,293,0,127,275,2194,11,0
44.107149,3.890000,117.000,19.131000,2.048000,127.064302,3539,293,0,127,275,2194,11,0
44.123900,16.751000,117.000,19.131000,2.048000,127.066381,3542,293,0,125,240,2124,11,0
44.131246,7.346000,117.000,19.131000,2.048000,127.062384,3540,293,0,126,240,2124,11,0
44.134569,3.323000,117.000,19.131000,2.048000,127.062864,3540,293,0,126,240,2124,11,0
44.150369,15.800000,117.000,19.131000,2.048000,127.033381,3540,293,0,126,240,2124,11,0
44.154189,3.820000,117.000,19.131000,2.048000,127.033861,3540,293,0,126,239,2122,11,0
44.164755,10.566000,117.000,19.131000,2.048000,127.034933,3540,293,0,126,239,2122,11,1
44.167111,2.356000,117.000,19.131000,2.048000,127.033888,3540,293,0,125,239,2122,11,1
44.182905,15.794000,117.000,19.131000,2.048000,127.034708,3540,293,0,125,239,2122,11,1
44.197528,14.623000,117.000,19.131000,2.048000,127.035051,3540,293,0,126,239,2122,11,1
44.204742,7.214000,117.000,19.131000,2.048000,127.031645,3540,292,0,126,239,2122,11,0
44.209090,4.348000,117.000,19.131000,2.048000,127.028868,3535,292,0,123,238,2120,11,0
44.223866,14.776000,117.000,19.131000,2.048000,127.030996,3538,292,0,123,238,2120,11,0
44.230931,7.065000,117.000,19.131000,2.048000,127.031477,3538,292,0,124,236,2116,11,0
44.236289,5.358000,117.000,19.131000,2.048000,127.023088,3537,288,0,123,235,2114,11,0
44.247617,11.328000,117.000,19.131000,2.048000,127.019220,3530,288,0,123,235,2114,11,0
44.252695,5.078000,117.000,19.131000,2.048000,127.019728,3530,288,0,122,234,2112,11,0
44.263997,11.302000,117.000,19.131000,2.048000,127.020208,3530,288,0,119,233,2110,11,0
44.267776,3.779000,117.000,19.131000,2.048000,127.020575,3530,288,0,118,232,2108,11,0
44.282474,14.698000,117.000,19.131000,2.048000,127.005522,3521,283,0,118,231,2106,11,0
44.298930,16.456000,117.000,19.131000,2.048000,126.999685,3511,283,0,118,231,2106,11,0
44.303316,4.386000,117.000,19.131000,2.048000,127.001719,3514,283,0,118,231,2106,11,0
44.313927,10.611000,117.000,19.131000,2.048000,127.016134,3516,283,0,129,243,2130,11,0
44.316547,2.620000,117.000,19.131000,2.048000,127.014986,3513,283,0,119,233,2110,11,0
44.330893,14.346000,117.000,19.131000,2.048000,127.010603,3513,283,0,119,233,2110,11,0
44.334477,3.584000,117.000,19.131000,2.048000,127.011053,3513,283,0,119,233,2110,11,0
44.347565,13.088000,117.000,19.131000,2.048000,127.011534,3513,283,0,119,233,2110,11,0
44.351531,3.966000,117.000,19.131000,2.048000,127.012053,3513,283,0,119,233,2110,11,0
44.363902,12.371000,117.000,19.131000,2.048000,127.012533,3513,283,0,118,232,2108,11,0
44.366511,2.609000,117.000,19.131000,2.048000,127.012976,3513,283,0,118,232,2108,11,0
44.380583,14.072000,117.000,19.131000,2.048000,127.013456,3513,283,0,118,232,2108,11,0
44.382745,2.162000,117.000,19.131000,2.048000,127.013968,3513,283,0,118,232,2108,11,0
44.397878,15.133000,117.000,19.131000,2.048000,127.014448,3513,283,0,118,232,2108,11,0
44.406565,8.687000,117.000,19.131000,2.048000,127.034395,3532,287,0,118,232,2108,11,0
44.409251,2.686000,117.000,19.131000,2.048000,127.035299,3532,287,0,120,234,2112,11,0
44.422873,13.622000,117.000,19.131000,2.048000,127.035730,3532,287,0,120,234,2112,11,0
44.430639,7.766000,117.000,19.131000,2.048000,127.036211,3532,287,0,120,234,2112,11,0
44.434494,3.855000,117.000,19.131000,2.048000,127.222231,3655,335,0,120,234,2112,11,0
44.447702,13.208000,117.000,19.131000,2.048000,127.231455,3655,335,0,131,254,2152,11,0
44.453135,5.433000,117.000,19.131000,2.048000,127.230219,3652,335,0,131,254,2152,11,0
44.464030,10.895000,117.000,19.131000,2.048000,127.215891,3645,332,0,129,253,2150,11,0
44.466819,2.789000,117.000,19.131000,2.048000,127.205332,3636,332,0,129,253,2150,11,0
44.481243,14.424000,117.000,19.131000,2.048000,127.205812,3636,332,0,130,253,2150,11,0
44.486942,5.699000,117.000,19.131000,2.048000,127.223246,3649,336,0,130,253,2150,11,0
44.492224,5.282000,117.000,19.131000,2.048000,127.224413,3649,336,0,129,255,2154,11,0
44.508008,15.784000,117.000,19.131000,2.048000,127.224882,3649,336,0,129,255,2154,11,0
44.513868,5.860000,117.000,19.131000,2.048000,127.225363,3649,336,0,130,255,2154,11,0
44.516674,2.806000,117.000,19.131000,2.048000,127.231863,3659,336,0,130,255,2154,11,0
44.531252,14.578000,117.000,19.131000,2.048000,127.230703,3656,336,0,130,255,2154,11,0
44.535249,3.997000,117.000,19.131000,2.048000,127.232813,3659,336,0,130,255,2154,11,0
44.547526,12.277000,117.000,19.131000,2.048000,127.233294,3659,336,0,130,255,2154,11,0
44.550503,2.977000,117.000,19.131000,2.048000,127.233801,3659,336,0,130,255,2154,11,0
44.564511,14.008000,117.000,19.131000,2.048000,127.234282,3659,336,0,130,255,2154,11,0
44.573098,8.587000,117.000,19.131000,2.048000,127.234686,3659,336,0,130,255,2154,11,0
44.586909,13.811000,117.000,19.131000,2.048000,127.333361,3708,345,0,174,338,2320,11,0
44.597597,10.688000,117.000,19.131000,2.048000,127.333841,3708,345,0,174,338,2320,11,0
44.600592,2.995000,117.000,19.131000,2.048000,127.318758,3708,345,0,142,302,2248,11,0
44.613986,13.394000,117.000,19.131000,2.048000,127.319239,3708,345,0,142,302,2248,11,0
44.616610,2.624000,117.000,19.131000,2.048000,127.319719,3708,345,0,142,302,2248,11,0
44.630580,13.970000,117.000,19.131000,2.048000,127.325602,3708,345,0,153,313,2270,11,0
44.633014,2.434000,117.000,19.131000,2.048000,127.307364,3683,345,0,143,303,2250,11,0
44.647185,14.171000,117.000,19.131000,2.048000,127.307844,3683,345,0,143,303,2250,11,0
44.649488,2.303000,117.000,19.131000,2.048000,127.308325,3683,345,0,143,303,2250,11,0
44.664332,14.844000,117.000,19.131000,2.048000,127.308805,3683,345,0,143,303,2250,11,0
44.669582,5.250000,116.000,15.683000,1.906000,127.307646,3680,345,0,143,303,2250,11,0
44.682079,12.497000,116.000,15.683000,1.906000,127.308126,3680,345,0,143,303,2250,11,0
44.685278,3.199000,116.000,15.683000,1.906000,127.308607,3680,345,0,143,303,2250,11,0
44.698877,13.599000,116.000,15.683000,1.906000,127.310747,3683,345,0,143,303,2250,11,0
44.703133,4.256000,116.000,15.683000,1.906000,127.311228,3683,345,0,143,303,2250,11,0
44.714468,11.335000,116.000,15.683000,1.906000,127.309187,3679,345,0,143,303,2250,11,0
44.716659,2.191000,116.000,15.683000,1.906000,127.308027,3676,345,0,141,268,2180,11,0
44.731571,14.912000,116.000,15.683000,1.906000,127.308455,3676,345,0,141,268,2180,11,0
44.734975,3.404000,116.000,15.683000,1.906000,127.304525,3674,345,0,141,268,2180,11,0
44.748415,13.440000,116.000,15.683000,1.906000,127.275064,3674,345,0,141,268,2180,11,0
44.752790,4.375000,116.000,15.683000,1.906000,127.275545,3674,345,0,142,268,2180,11,0
44.764467,11.677000,116.000,15.683000,1.906000,127.275980,3674,345,0,141,267,2178,11,0
44.766683,2.216000,116.000,15.683000,1.906000,127.274820,3671,345,0,141,267,2178,11,0
44.782538,15.855000,116.000,15.683000,1.906000,127.276968,3674,345,0,141,267,2178,11,0
44.786072,3.534000,116.000,15.683000,1.906000,127.275923,3674,345,0,141,267,2178,11,0
44.802142,16.070000,116.000,15.683000,1.906000,127.276293,3674,345,0,141,267,2178,11,0
44.815582,13.440000,116.000,15.683000,1.906000,127.274920,3671,345,0,140,267,2178,11,0
44.818949,3.367000,116.000,15.683000,1.906000,127.275400,3671,345,0,140,266,2176,11,0
44.832240,13.291000,116.000,15.683000,1.906000,127.275873,3671,345,0,138,264,2172,11,0
44.836385,4.145000,116.000,15.683000,1.906000,127.265894,3667,341,0,136,263,2170,11,0
44.849259,12.874000,116.000,15.683000,1.906000,127.261965,3660,341,0,136,263,2170,11,0
44.853243,3.984000,116.000,15.683000,1.906000,127.262445,3660,341,0,136,262,2168,11,0
44.864585,11.342000,116.000,15.683000,1.906000,127.262941,3660,341,0,135,261,2166,11,0
44.866824,2.239000,116.000,15.683000,1.906000,127.263338,3660,341,0,134,260,2164,11,0
44.882644,15.820000,116.000,15.683000,1.906000,127.248255,3651,336,0,133,259,2162,11,0
44.898102,15.458000,116.000,15.683000,1.906000,127.242418,3641,336,0,133,259,2162,11,0
44.907871,9.769000,116.000,15.683000,1.906000,127.242868,3641,336,0,133,259,2162,11,0
44.914656,6.785000,116.000,15.683000,1.906000,127.258993,3646,336,0,143,271,2186,11,0
44.917174,2.518000,116.000,15.683000,1.906000,127.259474,3646,336,0,143,271,2186,11,0
44.931570,14.396000,116.000,15.683000,1.906000,127.256021,3646,336,0,135,263,2170,11,0
44.934051,2.481000,116.000,15.683000,1.906000,127.256456,3646,336,0,135,263,2170,11,0
44.948519,14.468000,116.000,15.683000,1.906000,127.256968,3646,336,0,135,263,2170,11,0
44.951110,2.591000,116.000,15.683000,1.906000,127.257448,3646,336,0,135,263,2170,11,0
44.965646,14.536000,116.000,15.683000,1.906000,127.257883,3646,336,0,135,263,2170,11,0
44.969185,3.539000,116.000,15.683000,1.906000,127.258364,3646,336,0,135,263,2170,11,0
44.983024,13.839000,116.000,15.683000,1.906000,127.258844,3646,336,0,135,263,2170,11,0
44.988485,5.461000,116.000,15.683000,1.906000,127.259325,3646,336,0,135,263,2170,11,0
44.991649,3.164000,116.000,15.683000,1.906000,127.261465,3649,336,0,135,263,2170,11,0
45.006417,14.768000,116.000,15.683000,1.906000,127.261946,3649,336,0,135,263,2170,11,0
45.015722,9.305000,116.000,15.683000,1.906000,127.260752,3646,336,0,135,263,2170,11,0
45.019001,3.279000,116.000,15.683000,1.906000,127.261232,3646,336,0,135,263,2170,11,0
45.031965,12.964000,116.000,15.683000,1.906000,127.261713,3646,336,0,135,263,2170,11,0
45.034879,2.914000,116.000,15.683000,1.906000,127.260553,3643,336,0,135,263,2170,11,0
45.049029,14.150000,116.000,15.683000,1.906000,127.262697,3646,336,0,133,259,2162,11,0
45.052865,3.836000,116.000,15.683000,1.906000,127.263178,3646,336,0,132,259,2162,11,0
45.064496,11.631000,116.000,15.683000,1.906000,127.263597,3646,336,0,132,259,2162,11,0
45.066552,2.056000,116.000,15.683000,1.906000,127.254053,3644,336,0,133,259,2162,11,0
45.081114,14.562000,116.000,15.683000,1.906000,127.254541,3644,336,0,133,259,2162,11,0
45.083240,2.126000,116.000,15.683000,1.906000,127.255022,3644,336,0,133,259,2162,11,0
45.099353,16.113000,116.000,15.683000,1.906000,127.255426,3644,336,0,133,259,2162,11,0
45.103286,3.933000,116.000,15.683000,1.906000,127.255907,3644,336,0,132,259,2162,11,0
45.115603,12.317000,116.000,15.683000,1.906000,127.256403,3644,336,0,132,259,2162,11,0
45.120552,4.949000,116.000,15.683000,1.906000,127.262888,3654,336,0,132,259,2162,11,0
45.124937,4.385000,116.000,15.683000,1.906000,127.265013,3657,336,0,132,259,2162,11,0
45.139236,14.299000,116.000,15.683000,1.906000,127.263853,3654,336,0,132,259,2162,11,0
45.143379,4.143000,116.000,15.683000,1.906000,127.264330,3654,336,0,132,259,2162,11,0
45.155656,12.277000,116.000,15.683000,1.906000,127.266710,3657,336,0,132,259,2162,11,0
45.164594,8.938000,116.000,15.683000,1.906000,127.259920,3645,336,0,132,259,2162,11,0
45.166535,1.941000,116.000,15.683000,1.906000,127.260401,3645,336,0,132,259,2162,11,0
45.180104,13.569000,116.000,15.683000,1.906000,127.361425,3700,345,0,175,338,2320,11,0
45.182393,2.289000,116.000,15.683000,1.906000,127.361906,3700,345,0,175,338,2320,11,0
45.197817,15.424000,116.000,15.683000,1.906000,127.345850,3700,345,0,141,298,2240,11,0
45.215159,17.342000,116.000,15.683000,1.906000,127.346331,3700,345,0,141,298,2240,11,0
45.230981,15.822000,116.000,15.683000,1.906000,127.348001,3700,345,0,141,298,2240,11,2
45.233888,2.907000,116.000,15.683000,1.906000,127.356974,3702,345,0,150,307,2258,11,2
45.247894,14.006000,116.000,15.683000,1.906000,127.345385,3679,345,0,150,307,2258,11,2
45.250600,2.706000,116.000,15.683000,1.906000,127.341002,3679,345,0,140,297,2238,11,2
45.264435,13.835000,116.000,15.683000,1.906000,127.342596,3691,343,0,140,297,2238,11,0
45.266489,2.054000,116.000,15.683000,1.906000,127.336607,3681,343,0,142,297,2238,11,0
45.281249,14.760000,116.000,15.683000,1.906000,127.337694,3681,343,0,142,297,2238,11,1
45.283364,2.115000,116.000,15.683000,1.906000,127.336535,3678,343,0,142,297,2238,11,1
45.297924,14.560000,116.000,15.683000,1.906000,127.337324,3678,343,0,142,297,2238,11,1
45.300619,2.695000,116.000,15.683000,1.906000,127.337805,3678,343,0,142,297,2238,11,1
45.314805,14.186000,116.000,15.683000,1.906000,127.338877,3684,342,0,142,297,2238,11,0
45.322809,8.004000,116.000,15.683000,1.906000,127.331690,3677,342,0,143,297,2238,11,0
45.324835,2.026000,116.000,15.683000,1.906000,127.329668,3673,342,0,140,262,2168,11,0
45.339523,14.688000,116.000,15.683000,1.906000,127.330149,3673,342,0,140,262,2168,11,0
45.342273,2.750000,116.000,15.683000,1.906000,127.330629,3673,342,0,140,262,2168,11,0
45.356363,14.090000,116.000,15.683000,1.906000,127.301161,3673,342,0,140,262,2168,11,0
45.364050,7.687000,116.000,15.683000,1.906000,127.301641,3673,342,0,141,262,2168,11,0
45.366625,2.575000,116.000,15.683000,1.906000,127.300436,3670,342,0,140,261,2166,11,0
45.380673,14.048000,116.000,15.683000,1.906000,127.300863,3670,342,0,139,261,2166,11,0
45.383079,2.406000,116.000,15.683000,1.906000,127.296919,3668,342,0,139,261,2166,11,0
45.397385,14.306000,116.000,15.683000,1.906000,127.295874,3668,342,0,140,261,2166,11,0
45.406551,9.166000,116.000,15.683000,1.906000,127.296236,3668,342,0,140,261,2166,11,0
45.409486,2.935000,116.000,15.683000,1.906000,127.296427,3667,342,0,139,261,2166,11,0
45.424035,14.549000,116.000,15.683000,1.906000,127.293352,3661,342,0,136,258,2160,11,0
45.430729,6.694000,116.000,15.683000,1.906000,127.293833,3661,342,0,136,258,2160,11,0
45.435148,4.419000,116.000,15.683000,1.906000,127.294344,3661,342,0,134,256,2156,11,0
45.447751,12.603000,116.000,15.683000,1.906000,127.294825,3661,342,0,132,255,2154,11,0
45.455364,7.613000,116.000,15.683000,1.906000,127.284815,3657,338,0,132,255,2154,11,0
45.458293,2.929000,116.000,15.683000,1.906000,127.280947,3650,338,0,133,255,2154,11,0
45.472917,14.624000,116.000,15.683000,1.906000,127.281443,3650,338,0,130,252,2148,11,0
45.480593,7.676000,116.000,15.683000,1.906000,127.281839,3650,338,0,128,251,2146,11,0
45.483661,3.068000,116.000,15.683000,1.906000,127.282270,3650,338,0,127,250,2144,11,0
45.498188,14.527000,116.000,15.683000,1.906000,127.269087,3644,333,0,128,250,2144,11,0
45.516392,18.204000,116.000,15.683000,1.906000,127.263231,3634,333,0,128,250,2144,11,0
45.531116,14.724000,116.000,15.683000,1.906000,127.279276,3639,333,0,139,262,2168,11,0
45.533239,2.123000,116.000,15.683000,1.906000,127.258841,3629,327,0,137,260,2164,11,0
45.549531,16.292000,116.000,15.683000,1.906000,127.247808,3617,327,0,129,252,2148,11,0
45.553531,4.000000,116.000,15.683000,1.906000,127.248289,3617,327,0,129,252,2148,11,0
45.564738,11.207000,116.000,15.683000,1.906000,127.248770,3617,327,0,129,252,2148,11,0
45.567062,2.324000,116.000,15.683000,1.906000,127.249250,3617,327,0,129,252,2148,11,0
45.581907,14.845000,116.000,15.683000,1.906000,127.239214,3612,324,0,128,251,2146,11,0
45.585999,4.092000,116.000,15.683000,1.906000,127.236002,3606,324,0,128,251,2146,11,0
45.593143,7.144000,116.000,15.683000,1.906000,127.251722,3616,328,0,127,250,2144,11,0
45.605606,12.463000,116.000,15.683000,1.906000,127.252890,3616,328,0,128,252,2148,11,0
45.609820,4.214000,116.000,15.683000,1.906000,127.253366,3616,328,0,128,252,2148,11,0
45.623997,14.177000,116.000,15.683000,1.906000,127.257101,3622,328,0,128,252,2148,11,0
45.630400,6.403000,116.000,15.683000,1.906000,127.257582,3622,328,0,128,252,2148,11,0
45.632649,2.249000,116.000,15.683000,1.906000,127.259630,3625,328,0,128,252,2148,11,0
45.647943,15.294000,116.000,15.683000,1.906000,127.260111,3625,328,0,128,252,2148,11,0
45.653568,5.625000,116.000,15.683000,1.906000,127.260592,3625,328,0,126,248,2140,11,0
45.664423,10.855000,116.000,15.683000,1.906000,127.261072,3625,328,0,125,248,2140,11,0
45.668560,4.137000,114.000,17.311000,1.852000,127.257105,3623,328,0,125,248,2140,11,0
45.681138,12.578000,114.000,17.311000,1.852000,127.251925,3623,328,0,126,248,2140,11,0
45.685068,3.930000,114.000,17.311000,1.852000,127.252378,3623,328,0,126,248,2140,11,0
45.697803,12.735000,114.000,17.311000,1.852000,127.252859,3623,328,0,124,248,2140,11,0
45.704170,6.367000,114.000,17.311000,1.852000,127.254999,3626,328,0,124,248,2140,11,0
45.707793,3.623000,114.000,17.311000,1.852000,127.255434,3626,328,0,126,248,2140,11,0
45.724347,16.554000,114.000,17.311000,1.852000,127.254225,3623,328,0,126,248,2140,11,0
45.730457,6.110000,114.000,17.311000,1.852000,127.254705,3623,328,0,124,248,2140,11,0
45.733120,2.663000,114.000,17.311000,1.852000,127.261206,3633,328,0,124,248,2140,11,0
45.747749,14.629000,114.000,17.311000,1.852000,127.260000,3630,328,0,125,248,2140,11,0
45.753821,6.072000,114.000,17.311000,1.852000,127.262159,3633,328,0,125,248,2140,11,0
45.758015,4.194000,114.000,17.311000,1.852000,127.262640,3633,328,0,124,248,2140,11,0
45.772751,14.736000,114.000,17.311000,1.852000,127.263083,3633,328,0,123,247,2138,11,0
45.780450,7.699000,114.000,17.311000,1.852000,127.263563,3633,328,0,125,247,2138,11,0
45.782757,2.307000,114.000,17.311000,1.852000,127.262484,3631,328,0,125,247,2138,11,0
45.794578,11.821000,114.000,17.311000,1.852000,127.363874,3683,337,0,168,334,2312,11,0
45.805853,11.275000,114.000,17.311000,1.852000,127.364290,3683,337,0,168,334,2312,11,0
45.813922,8.069000,114.000,17.311000,1.852000,127.349207,3683,337,0,136,298,2240,11,0
45.816646,2.724000,114.000,17.311000,1.852000,127.349688,3683,337,0,136,298,2240,11,0
45.830627,13.981000,114.000,17.311000,1.852000,127.350168,3683,337,0,136,298,2240,11,0
45.833621,2.994000,114.000,17.311000,1.852000,127.356771,3686,337,0,145,307,2258,11,0
45.847510,13.889000,114.000,17.311000,1.852000,127.342924,3660,337,0,145,307,2258,11,0
45.851438,3.928000,114.000,17.311000,1.852000,127.339468,3660,337,0,137,299,2242,11,0
45.864291,12.853000,114.000,17.311000,1.852000,127.339949,3660,337,0,137,299,2242,11,0
45.870142,5.851000,114.000,17.311000,1.852000,127.338789,3657,337,0,137,299,2242,11,0
45.880580,10.438000,114.000,17.311000,1.852000,127.339270,3657,337,0,137,299,2242,11,0
45.883099,2.519000,114.000,17.311000,1.852000,127.341375,3660,337,0,137,299,2242,11,0
45.897497,14.398000,114.000,17.311000,1.852000,127.341856,3660,337,0,138,299,2242,11,0
45.903710,6.213000,114.000,17.311000,1.852000,127.342337,3660,337,0,138,299,2242,11,0
45.907630,3.920000,114.000,17.311000,1.852000,127.342772,3660,337,0,138,299,2242,11,0
45.922923,15.293000,114.000,17.311000,1.852000,127.343206,3660,337,0,138,299,2242,11,0
45.930778,7.855000,114.000,17.311000,1.852000,127.341185,3656,337,0,138,299,2242,11,0
45.935523,4.745000,114.000,17.311000,1.852000,127.339972,3653,337,0,136,264,2172,11,0
45.947619,12.096000,114.000,17.311000,1.852000,127.336042,3651,337,0,136,264,2172,11,0
45.953151,5.532000,114.000,17.311000,1.852000,127.336523,3651,337,0,136,264,2172,11,0
45.957368,4.217000,114.000,17.311000,1.852000,127.295481,3647,333,0,136,264,2172,11,0
45.974427,17.059000,114.000,17.311000,1.852000,127.292746,3641,333,0,136,264,2172,11,0
45.999692,25.265000,114.000,17.311000,1.852000,127.293272,3641,333,0,136,263,2170,11,0
46.015906,16.214000,114.000,17.311000,1.852000,127.292109,3638,333,0,137,263,2170,11,0
46.020123,4.217000,114.000,17.311000,1.852000,127.290926,3638,333,0,135,263,2170,11,0
46.024617,4.494000,114.000,17.311000,1.852000,127.286280,3629,333,0,135,263,2170,11,0
46.040205,15.588000,114.000,17.311000,1.852000,127.286760,3629,333,0,135,262,2168,11,0
46.044136,3.931000,114.000,17.311000,1.852000,127.287241,3629,333,0,132,260,2164,11,0
46.057264,13.128000,114.000,17.311000,1.852000,127.277231,3625,329,0,131,259,2162,11,0
46.064802,7.538000,114.000,17.311000,1.852000,127.271753,3615,329,0,132,259,2162,11,0
46.067265,2.463000,114.000,17.311000,1.852000,127.272234,3615,329,0,129,257,2158,11,0
46.080997,13.732000,114.000,17.311000,1.852000,127.272676,3615,329,0,128,256,2156,11,0
46.083186,2.189000,114.000,17.311000,1.852000,127.257624,3606,324,0,127,255,2154,11,0
46.099560,16.374000,114.000,17.311000,1.852000,127.251711,3596,324,0,127,255,2154,11,0
46.104866,5.306000,114.000,17.311000,1.852000,127.266088,3598,324,0,139,267,2178,11,0
46.108118,3.252000,114.000,17.311000,1.852000,127.264959,3595,324,0,139,267,2178,11,0
46.122428,14.310000,114.000,17.311000,1.852000,127.265440,3595,324,0,131,259,2162,11,0
46.131885,9.457000,114.000,17.311000,1.852000,127.262045,3595,324,0,131,259,2162,11,0
46.135095,3.210000,114.000,17.311000,1.852000,127.262526,3595,324,0,131,259,2162,11,0
46.148788,13.693000,114.000,17.311000,1.852000,127.262976,3595,324,0,131,259,2162,11,0
46.152950,4.162000,114.000,17.311000,1.852000,127.263456,3595,324,0,131,259,2162,11,0
46.165618,12.668000,114.000,17.311000,1.852000,127.263906,3595,324,0,131,259,2162,11,0
46.168570,2.952000,114.000,17.311000,1.852000,127.264387,3595,324,0,131,259,2162,11,0
46.182947,14.377000,114.000,17.311000,1.852000,127.266474,3598,324,0,131,259,2162,11,0
46.185947,3.000000,114.000,17.311000,1.852000,127.266954,3598,324,0,131,259,2162,11,0
46.199331,13.384000,114.000,17.311000,1.852000,127.382647,3712,348,0,131,259,2162,11,0
46.203737,4.406000,114.000,17.311000,1.852000,127.385897,3712,348,0,143,271,2186,11,0
46.215148,11.411000,114.000,17.311000,1.852000,127.387983,3715,348,0,143,271,2186,11,0
46.218477,3.329000,114.000,17.311000,1.852000,127.388464,3715,348,0,143,271,2186,11,0
46.231479,13.002000,114.000,17.311000,1.852000,127.388945,3715,348,0,143,271,2186,11,0
46.234969,3.490000,114.000,17.311000,1.852000,127.389425,3715,348,0,143,271,2186,11,0
46.248254,13.285000,114.000,17.311000,1.852000,127.389853,3715,348,0,141,267,2178,11,0
46.250949,2.695000,114.000,17.311000,1.852000,127.385923,3713,348,0,141,267,2178,11,0
46.265123,14.174000,114.000,17.311000,1.852000,127.386389,3713,348,0,141,267,2178,11,0
46.268654,3.531000,114.000,17.311000,1.852000,127.380281,3713,348,0,139,265,2174,11,0
46.281830,13.176000,114.000,17.311000,1.852000,127.380766,3713,348,0,139,265,2174,11,0
46.285459,3.629000,114.000,17.311000,1.852000,127.381201,3713,348,0,137,265,2174,11,0
46.299163,13.704000,114.000,17.311000,1.852000,127.381651,3713,348,0,137,265,2174,11,0
46.303168,4.005000,114.000,17.311000,1.852000,127.382132,3713,348,0,138,265,2174,11,0
46.315600,12.432000,114.000,17.311000,1.852000,127.384306,3716,348,0,138,265,2174,11,0
46.317766,2.166000,114.000,17.311000,1.852000,127.384718,3716,348,0,138,265,2174,11,0
46.331765,13.999000,114.000,17.311000,1.852000,127.386805,3719,348,0,138,265,2174,11,0
46.334891,3.126000,114.000,17.311000,1.852000,127.393290,3729,348,0,139,265,2174,11,0
46.349644,14.753000,114.000,17.311000,1.852000,127.393782,3729,348,0,139,265,2174,11,0
46.364465,14.821000,114.000,17.311000,1.852000,127.394262,3729,348,0,137,265,2174,11,0
46.369233,4.768000,114.000,17.311000,1.852000,127.395334,3729,348,0,137,265,2174,11,1
46.381317,12.084000,114.000,17.311000,1.852000,127.396139,3729,348,0,137,265,2174,11,1
46.383666,2.349000,114.000,17.311000,1.852000,127.396620,3729,348,0,137,265,2174,11,1
46.402725,19.059000,114.000,17.311000,1.852000,127.502779,3795,356,0,182,349,2342,11,0
46.413764,11.039000,114.000,17.311000,1.852000,127.500002,3790,356,0,184,349,2342,11,0
46.416483,2.719000,114.000,17.311000,1.852000,127.483946,3790,356,0,150,307,2258,11,0
46.430786,14.303000,114.000,17.311000,1.852000,127.482786,3787,356,0,150,307,2258,11,0
46.433671,2.885000,114.000,17.311000,1.852000,127.487005,3787,356,0,158,315,2274,11,0
46.447440,13.769000,114.000,17.311000,1.852000,127.476439,3767,356,0,158,315,2274,11,0
46.450706,3.266000,114.000,17.311000,1.852000,127.476885,3767,356,0,158,315,2274,11,0
46.463823,13.117000,114.000,17.311000,1.852000,127.473475,3767,356,0,150,307,2258,11,0
46.466546,2.723000,114.000,17.311000,1.852000,127.473955,3767,356,0,150,307,2258,11,0
46.480911,14.365000,114.000,17.311000,1.852000,127.474436,3767,356,0,150,307,2258,11,0
46.482993,2.082000,114.000,17.311000,1.852000,127.474916,3767,356,0,150,307,2258,11,0
46.497947,14.954000,114.000,17.311000,1.852000,127.475397,3767,356,0,150,307,2258,11,0
46.500825,2.878000,114.000,17.311000,1.852000,127.475878,3767,356,0,150,307,2258,11,0
46.514540,13.715000,114.000,17.311000,1.852000,127.476358,3767,356,0,150,307,2258,11,0
46.517423,2.883000,114.000,17.311000,1.852000,127.476793,3767,356,0,150,307,2258,11,0
46.530943,13.520000,114.000,17.311000,1.852000,127.478872,3770,356,0,150,307,2258,11,0
46.533097,2.154000,114.000,17.311000,1.852000,127.472441,3764,356,0,148,271,2186,11,0
46.548871,15.774000,114.000,17.311000,1.852000,127.472921,3764,356,0,148,271,2186,11,0
46.552275,3.404000,114.000,17.311000,1.852000,127.471762,3761,356,0,147,270,2184,11,0
46.565853,13.578000,114.000,17.311000,1.852000,127.439184,3758,356,0,147,270,2184,11,0
46.569691,3.838000,114.000,17.311000,1.852000,127.439665,3758,356,0,147,270,2184,11,0
46.582953,13.262000,114.000,17.311000,1.852000,127.441790,3761,356,0,147,270,2184,11,0
46.585570,2.617000,114.000,17.311000,1.852000,127.462847,3761,356,0,146,270,2184,11,0
46.599191,13.621000,114.000,17.311000,1.852000,128.265757,3761,356,0,146,270,2184,11,0
46.603753,4.562000,114.000,17.311000,1.852000,128.266237,3761,356,0,146,270,2184,11,0
46.607703,3.950000,114.000,17.311000,1.852000,128.266748,3761,356,0,146,270,2184,11,0
46.622775,15.072000,114.000,17.311000,1.852000,128.267092,3761,356,0,146,270,2184,11,0
46.631069,8.294000,114.000,17.311000,1.852000,128.262415,3752,356,0,145,269,2182,11,0
46.633546,2.477000,114.000,17.311000,1.852000,128.262896,3752,356,0,144,269,2182,11,0
46.649724,16.178000,114.000,17.311000,1.852000,128.263376,3752,356,0,142,267,2178,11,0
46.654222,4.498000,114.000,17.311000,1.852000,128.242998,3743,349,0,141,265,2174,11,0
46.665951,11.729000,114.000,17.311000,1.852000,128.235392,3730,349,0,141,265,2174,11,0
46.669105,3.154000,115.000,23.575000,1.816000,128.235872,3730,349,0,140,264,2172,11,0
46.682329,13.224000,115.000,23.575000,1.816000,128.249952,3737,353,0,139,263,2170,11,0
46.685739,3.410000,115.000,23.575000,1.816000,128.262434,3755,353,0,138,264,2172,11,0
46.698193,12.454000,115.000,23.575000,1.816000,128.215269,3695,348,0,137,263,2170,11,0
46.701054,2.861000,115.000,23.575000,1.816000,128.209433,3685,348,0,137,263,2170,11,0
46.715666,14.612000,115.000,23.575000,1.816000,128.209909,3685,348,0,137,263,2170,11,0
46.719544,3.878000,115.000,23.575000,1.816000,128.224325,3687,348,0,149,275,2194,11,0
46.731031,11.487000,115.000,23.575000,1.816000,128.220869,3687,348,0,141,267,2178,11,0
46.733224,2.193000,115.000,23.575000,1.816000,128.221350,3687,348,0,141,267,2178,11,0
46.749250,16.026000,115.000,23.575000,1.816000,128.222006,3687,348,0,141,267,2178,11,0
46.752851,3.601000,115.000,23.575000,1.816000,128.222441,3687,348,0,141,267,2178,11,0
46.765329,12.478000,115.000,23.575000,1.816000,128.221296,3684,348,0,141,267,2178,11,0
46.768635,3.306000,115.000,23.575000,1.816000,128.221777,3684,348,0,141,267,2178,11,0
46.782441,13.806000,115.000,23.575000,1.816000,128.222242,3684,348,0,141,267,2178,11,0
46.785760,3.319000,115.000,23.575000,1.816000,128.222723,3684,348,0,141,267,2178,11,0
46.799074,13.314000,115.000,23.575000,1.816000,128.223173,3684,348,0,141,267,2178,11,0
46.803240,4.166000,115.000,23.575000,1.816000,128.223654,3684,348,0,141,267,2178,11,0
46.814417,11.177000,115.000,23.575000,1.816000,128.222433,3681,348,0,141,267,2178,11,0
46.816800,2.383000,115.000,23.575000,1.816000,128.222914,3681,348,0,141,267,2178,11,0
46.832054,15.254000,115.000,23.575000,1.816000,128.223345,3681,348,0,141,267,2178,11,0
46.835681,3.627000,115.000,23.575000,1.816000,128.223825,3681,348,0,141,267,2178,11,0
46.847816,12.135000,115.000,23.575000,1.816000,128.224276,3681,348,0,141,267,2178,11,0
46.850868,3.052000,115.000,23.575000,1.816000,128.250338,3716,349,0,141,267,2178,11,0
46.864463,13.595000,115.000,23.575000,1.816000,128.241056,3701,349,0,140,264,2172,11,0
46.866708,2.245000,115.000,23.575000,1.816000,128.237127,3699,349,0,140,264,2172,11,0
46.882322,15.614000,115.000,23.575000,1.816000,128.239210,3702,349,0,140,264,2172,11,0
46.884389,2.067000,115.000,23.575000,1.816000,128.234076,3702,349,0,140,264,2172,11,0
46.899280,14.891000,115.000,23.575000,1.816000,128.234625,3702,349,0,140,264,2172,11,0
46.906018,6.738000,115.000,23.575000,1.816000,128.235060,3702,349,0,139,264,2172,11,0
46.910593,4.575000,115.000,23.575000,1.816000,128.237173,3705,349,0,139,264,2172,11,0
46.922277,11.684000,115.000,23.575000,1.816000,128.237654,3705,349,0,140,264,2172,11,0
46.932519,10.242000,115.000,23.575000,1.816000,128.236502,3702,349,0,140,264,2172,11,0
46.947636,15.117000,115.000,23.575000,1.816000,128.236982,3702,349,0,139,264,2172,11,0
46.952063,4.427000,115.000,23.575000,1.816000,128.243437,3712,349,0,139,264,2172,11,0
46.964252,12.189000,115.000,23.575000,1.816000,128.243917,3712,349,0,139,264,2172,11,0
46.968663,4.411000,115.000,23.575000,1.816000,128.244413,3712,349,0,139,264,2172,11,0
46.980712,12.049000,115.000,23.575000,1.816000,128.244894,3712,349,0,139,264,2172,11,0
46.983420,2.708000,115.000,23.575000,1.816000,128.264864,3731,353,0,139,264,2172,11,0
46.997615,14.195000,115.000,23.575000,1.816000,128.265722,3731,353,0,141,266,2176,11,0
47.002402,4.787000,115.000,23.575000,1.816000,128.266142,3731,353,0,141,266,2176,11,0
47.012796,10.394000,115.000,23.575000,1.816000,128.366312,3783,362,0,186,349,2342,11,0
47.015506,2.710000,115.000,23.575000,1.816000,128.351885,3786,362,0,152,309,2262,11,0
47.030641,15.135000,115.000,23.575000,1.816000,128.352365,3786,362,0,152,309,2262,11,0
47.033173,2.532000,115.000,23.575000,1.816000,128.354498,3789,362,0,152,309,2262,11,0
47.047275,14.102000,115.000,23.575000,1.816000,128.359442,3789,362,0,150,312,2268,11,0
47.050462,3.187000,115.000,23.575000,1.816000,128.348875,3769,362,0,142,304,2252,11,0
47.063974,13.512000,115.000,23.575000,1.816000,128.345465,3769,362,0,142,304,2252,11,0
47.066782,2.808000,115.000,23.575000,1.816000,128.345945,3769,362,0,142,304,2252,11,0
47.080750,13.968000,115.000,23.575000,1.816000,128.346426,3769,362,0,142,304,2252,11,0
47.083292,2.542000,115.000,23.575000,1.816000,128.346861,3769,362,0,142,304,2252,11,0
47.097592,14.300000,115.000,23.575000,1.816000,128.347342,3769,362,0,142,304,2252,11,0
47.103056,5.464000,115.000,23.575000,1.816000,128.347853,3769,362,0,142,304,2252,11,0
47.115936,12.880000,115.000,23.575000,1.816000,128.348333,3769,362,0,142,304,2252,11,0
47.123202,7.266000,115.000,23.575000,1.816000,128.347174,3766,362,0,142,304,2252,11,0
47.126761,3.559000,115.000,23.575000,1.816000,128.347654,3766,362,0,142,304,2252,11,0
47.140112,13.351000,115.000,23.575000,1.816000,128.347944,3766,362,0,142,304,2252,11,0
47.144842,4.730000,115.000,23.575000,1.816000,128.345922,3762,362,0,142,304,2252,11,0
47.158925,14.083000,115.000,23.575000,1.816000,128.346361,3762,362,0,140,269,2182,11,0
47.163556,4.631000,115.000,23.575000,1.816000,128.342432,3760,362,0,140,269,2182,11,0
47.166658,3.102000,115.000,23.575000,1.816000,128.342913,3760,362,0,140,269,2182,11,0
47.180757,14.099000,115.000,23.575000,1.816000,128.313398,3760,362,0,140,269,2182,11,0
47.184049,3.292000,115.000,23.575000,1.816000,128.313860,3760,362,0,139,268,2180,11,0
47.197698,13.649000,115.000,23.575000,1.816000,128.314341,3760,362,0,139,268,2180,11,0
47.202678,4.980000,115.000,23.575000,1.816000,128.314791,3760,362,0,139,268,2180,11,0
47.214336,11.658000,115.000,23.575000,1.816000,128.313745,3760,362,0,139,268,2180,11,0
47.217510,3.174000,115.000,23.575000,1.816000,128.314299,3760,362,0,138,262,2168,11,0
47.231039,13.529000,115.000,23.575000,1.816000,128.295462,3730,362,0,138,262,2168,11,0
47.233646,2.607000,115.000,23.575000,1.816000,128.294058,3727,362,0,138,262,2168,11,0
47.247467,13.821000,115.000,23.575000,1.816000,128.294538,3727,362,0,137,261,2166,11,0
47.252688,5.221000,115.000,23.575000,1.816000,128.293402,3724,362,0,137,261,2166,11,0
47.264182,11.494000,115.000,23.575000,1.816000,128.293882,3724,362,0,135,259,2162,11,0
47.268059,3.877000,115.000,23.575000,1.816000,128.282248,3717,358,0,134,258,2160,11,0
47.280141,12.082000,115.000,23.575000,1.816000,128.278379,3710,358,0,134,258,2160,11,0
47.282659,2.518000,115.000,23.575000,1.816000,128.280535,3713,358,0,133,257,2158,11,0
47.297539,14.880000,115.000,23.575000,1.816000,128.281015,3713,358,0,132,256,2156,11,0
47.303198,5.659000,115.000,23.575000,1.816000,128.281378,3713,358,0,131,255,2154,11,0
47.307049,3.851000,115.000,23.575000,1.816000,128.266325,3704,353,0,130,254,2152,11,0
47.322718,15.669000,115.000,23.575000,1.816000,128.260443,3694,353,0,130,254,2152,11,0
47.330631,7.913000,115.000,23.575000,1.816000,128.277216,3696,353,0,142,269,2182,11,0
47.333100,2.469000,115.000,23.575000,1.816000,128.276041,3693,353,0,142,269,2182,11,0
47.347772,14.672000,115.000,23.575000,1.816000,128.272551,3693,353,0,134,261,2166,11,0
47.351590,3.818000,115.000,23.575000,1.816000,128.273046,3693,353,0,134,261,2166,11,0
47.364463,12.873000,115.000,23.575000,1.816000,128.273481,3693,353,0,134,261,2166,11,0
47.370135,5.672000,115.000,23.575000,1.816000,128.273947,3693,353,0,134,261,2166,11,0
47.380699,10.564000,115.000,23.575000,1.816000,128.274427,3693,353,0,134,261,2166,11,0
47.383423,2.724000,115.000,23.575000,1.816000,128.273268,3690,353,0,134,261,2166,11,0
47.398629,15.206000,115.000,23.575000,1.816000,128.273748,3690,353,0,134,261,2166,11,0
47.403060,4.431000,115.000,23.575000,1.816000,128.274229,3690,353,0,134,261,2166,11,0
47.409030,5.970000,115.000,23.575000,1.816000,128.274679,3690,353,0,134,261,2166,11,0
47.422234,13.204000,115.000,23.575000,1.816000,128.275114,3690,353,0,134,261,2166,11,0
47.431156,8.922000,115.000,23.575000,1.816000,128.275579,3690,353,0,134,261,2166,11,0
47.433208,2.052000,115.000,23.575000,1.816000,128.276060,3690,353,0,134,261,2166,11,0
47.448781,15.573000,115.000,23.575000,1.816000,128.149302,3640,313,0,134,261,2166,11,0
47.453337,4.556000,115.000,23.575000,1.816000,128.117617,3590,313,0,124,241,2126,11,0
47.464769,11.432000,115.000,23.575000,1.816000,128.118689,3590,313,0,124,241,2126,11,1
47.467090,2.321000,115.000,23.575000,1.816000,128.117529,3587,313,0,121,236,2116,11,1
47.481978,14.888000,115.000,23.575000,1.816000,128.118235,3587,313,0,121,236,2116,11,1
47.484990,3.012000,115.000,23.575000,1.816000,128.114305,3585,313,0,122,236,2116,11,1
47.498129,13.139000,115.000,23.575000,1.816000,128.106916,3591,312,0,122,236,2116,11,0
47.500473,2.344000,115.000,23.575000,1.816000,128.104139,3586,312,0,120,236,2116,11,0
47.515425,14.952000,115.000,23.575000,1.816000,128.104589,3586,312,0,120,236,2116,11,0
47.518724,3.299000,115.000,23.575000,1.816000,128.103430,3583,312,0,121,236,2116,11,0
47.532076,13.352000,115.000,23.575000,1.816000,128.103956,3583,312,0,121,236,2116,11,0
47.534465,2.389000,115.000,23.575000,1.816000,128.104437,3583,312,0,120,236,2116,11,0
47.549075,14.610000,115.000,23.575000,1.816000,128.104887,3583,312,0,120,236,2116,11,0
47.553234,4.159000,115.000,23.575000,1.816000,128.111372,3593,312,0,121,236,2116,11,0
47.557804,4.570000,115.000,23.575000,1.816000,128.113768,3596,312,0,121,236,2116,11,0
47.572414,14.610000,115.000,23.575000,1.816000,128.108633,3587,312,0,120,236,2116,11,0
47.581032,8.618000,115.000,23.575000,1.816000,128.110743,3590,312,0,120,236,2116,11,0
47.583303,2.271000,115.000,23.575000,1.816000,128.111223,3590,312,0,121,236,2116,11,0
47.599255,15.952000,115.000,23.575000,1.816000,128.111715,3590,312,0,121,236,2116,11,0
47.602845,3.590000,115.000,23.575000,1.816000,128.112196,3590,312,0,119,236,2116,11,0
47.620982,18.137000,115.000,23.575000,1.816000,128.213053,3645,321,0,161,315,2274,11,0
47.623561,2.579000,115.000,23.575000,1.816000,128.213533,3645,321,0,162,315,2274,11,0
47.639195,15.634000,115.000,23.575000,1.816000,128.197477,3645,321,0,128,275,2194,11,0
47.648228,9.033000,115.000,23.575000,1.816000,128.197958,3645,321,0,128,275,2194,11,0
47.651299,3.071000,115.000,23.575000,1.816000,128.202902,3645,321,0,137,284,2212,11,0
47.664301,13.002000,115.000,23.575000,1.816000,128.188444,3625,321,0,128,275,2194,11,0
47.672088,7.787000,115.000,23.575000,1.816000,128.188925,3625,321,0,128,275,2194,11,0
47.674493,2.405000,119.000,17.535000,2.158000,128.189405,3625,321,0,128,275,2194,11,0
47.688934,14.441000,119.000,17.535000,2.158000,128.189886,3625,321,0,128,275,2194,11,0
47.692627,3.693000,119.000,17.535000,2.158000,128.190367,3625,321,0,128,275,2194,11,0
47.705785,13.158000,119.000,17.535000,2.158000,128.190847,3625,321,0,128,275,2194,11,0
47.714506,8.721000,119.000,17.535000,2.158000,128.192976,3628,321,0,128,275,2194,11,0
47.716854,2.348000,119.000,17.535000,2.158000,128.193457,3628,321,0,128,275,2194,11,0
47.730814,13.960000,119.000,17.535000,2.158000,128.195608,3631,321,0,128,275,2194,11,0
47.732831,2.017000,119.000,17.535000,2.158000,128.196089,3631,321,0,130,275,2194,11,0
47.747650,14.819000,119.000,17.535000,2.158000,128.194067,3627,321,0,130,275,2194,11,0
47.750458,2.808000,119.000,17.535000,2.158000,128.187315,3627,318,0,127,239,2122,11,0
47.765004,14.546000,119.000,17.535000,2.158000,128.182104,3618,318,0,127,239,2122,11,0
47.768457,3.453000,119.000,17.535000,2.158000,128.178175,3616,318,0,127,239,2122,11,0
47.782230,13.773000,119.000,17.535000,2.158000,128.166899,3629,322,0,127,239,2122,11,0
47.785805,3.575000,119.000,17.535000,2.158000,128.168020,3629,322,0,129,241,2126,11,0
47.797954,12.149000,119.000,17.535000,2.158000,128.170156,3632,322,0,128,240,2124,11,0
47.800635,2.681000,119.000,17.535000,2.158000,128.170637,3632,322,0,128,240,2124,11,0
47.816049,15.414000,119.000,17.535000,2.158000,128.167933,3629,322,0,128,240,2124,11,0
47.819698,3.649000,119.000,17.535000,2.158000,128.168413,3629,322,0,128,240,2124,11,0
47.832479,12.781000,119.000,17.535000,2.158000,128.176004,3635,324,0,128,240,2124,11,0
47.836808,4.329000,119.000,17.535000,2.158000,128.173452,3629,324,0,126,241,2126,11,0
47.848936,12.128000,119.000,17.535000,2.158000,128.173983,3629,324,0,125,240,2124,11,0
47.853864,4.928000,119.000,17.535000,2.158000,128.174463,3629,324,0,126,240,2124,11,0
47.865136,11.272000,119.000,17.535000,2.158000,128.174921,3629,324,0,124,238,2120,11,0
47.867440,2.304000,119.000,17.535000,2.158000,128.164988,3625,320,0,125,237,2118,11,0
47.882365,14.925000,119.000,17.535000,2.158000,128.161043,3618,320,0,125,237,2118,11,0
47.885884,3.519000,119.000,17.535000,2.158000,128.161524,3618,320,0,121,236,2116,11,0
47.900534,14.650000,119.000,17.535000,2.158000,128.161959,3618,320,0,120,235,2114,11,0
47.903339,2.805000,119.000,17.535000,2.158000,128.162355,3618,320,0,121,234,2112,11,0
47.914597,11.258000,119.000,17.535000,2.158000,128.147303,3609,315,0,120,233,2110,11,0
47.916660,2.063000,119.000,17.535000,2.158000,128.141466,3599,315,0,120,233,2110,11,0
47.932667,16.007000,119.000,17.535000,2.158000,128.143534,3602,315,0,120,233,2110,11,0
47.947237,14.570000,119.000,17.535000,2.158000,128.157957,3604,315,0,130,244,2132,11,0
47.950799,3.562000,119.000,17.535000,2.158000,128.153585,3604,315,0,120,234,2112,11,0
47.963940,13.141000,119.000,17.535000,2.158000,128.154066,3604,315,0,120,234,2112,11,0
47.966594,2.654000,119.000,17.535000,2.158000,128.152857,3601,315,0,120,234,2112,11,0
47.981007,14.413000,119.000,17.535000,2.158000,128.153337,3601,315,0,120,234,2112,11,0
47.984999,3.992000,119.000,17.535000,2.158000,128.155462,3604,315,0,120,234,2112,11,0
47.997830,12.831000,119.000,17.535000,2.158000,128.155943,3604,315,0,120,234,2112,11,0
48.003365,5.535000,119.000,17.535000,2.158000,128.156359,3604,315,0,120,234,2112,11,0
48.007173,3.808000,119.000,17.535000,2.158000,128.156839,3604,315,0,120,234,2112,11,0
48.023752,16.579000,119.000,17.535000,2.158000,128.155695,3601,315,0,120,234,2112,11,0
48.030895,7.143000,119.000,17.535000,2.158000,128.156176,3601,315,0,120,234,2112,11,0
48.034678,3.783000,119.000,17.535000,2.158000,128.155001,3598,315,0,120,234,2112,11,0
48.047922,13.244000,119.000,17.535000,2.158000,128.155481,3598,315,0,120,234,2112,11,0
48.051756,3.834000,119.000,17.535000,2.158000,128.155962,3598,315,0,120,234,2112,11,0
48.063884,12.128000,119.000,17.535000,2.158000,128.156443,3598,315,0,120,234,2112,11,0
48.066455,2.571000,119.000,17.535000,2.158000,128.156923,3598,315,0,120,234,2112,11,0
48.080493,14.038000,119.000,17.535000,2.158000,128.157351,3598,315,0,120,234,2112,11,0
48.082745,2.252000,119.000,17.535000,2.158000,128.151781,3593,315,0,117,230,2104,11,0
48.097107,14.362000,119.000,17.535000,2.158000,128.152262,3593,315,0,117,230,2104,11,0
48.099540,2.433000,119.000,17.535000,2.158000,128.152727,3593,315,0,117,230,2104,11,0
48.113936,14.396000,119.000,17.535000,2.158000,128.147547,3593,315,0,117,230,2104,11,0
48.116215,2.279000,119.000,17.535000,2.158000,128.148069,3593,315,0,116,229,2102,11,0
48.130573,14.358000,119.000,17.535000,2.158000,128.145361,3588,315,0,116,229,2102,11,0
48.132801,2.228000,119.000,17.535000,2.158000,128.145842,3588,315,0,116,229,2102,11,0
48.147081,14.280000,119.000,17.535000,2.158000,128.146322,3588,315,0,114,229,2102,11,0
48.149182,2.101000,119.000,17.535000,2.158000,128.146803,3588,315,0,114,229,2102,11,0
48.163857,14.675000,119.000,17.535000,2.158000,128.153288,3598,315,0,116,229,2102,11,0
48.165979,2.122000,119.000,17.535000,2.158000,128.152113,3595,315,0,116,229,2102,11,0
48.180594,14.615000,119.000,17.535000,2.158000,128.152594,3595,315,0,114,229,2102,11,0
48.183482,2.888000,119.000,17.535000,2.158000,128.151449,3592,315,0,114,229,2102,11,0
48.197160,13.678000,119.000,17.535000,2.158000,128.151930,3592,315,0,116,229,2102,11,0
48.199698,2.538000,119.000,17.535000,2.158000,128.152365,3592,315,0,116,229,2102,11,0
48.213828,14.130000,119.000,17.535000,2.158000,128.152845,3592,315,0,114,229,2102,11,0
48.230195,16.367000,119.000,17.535000,2.158000,128.255930,3646,324,0,161,315,2274,11,0
48.233049,2.854000,119.000,17.535000,2.158000,128.256411,3646,324,0,161,315,2274,11,0
48.247424,14.375000,119.000,17.535000,2.158000,128.241327,3646,324,0,129,279,2202,11,0
48.251322,3.898000,119.000,17.535000,2.158000,128.241808,3646,324,0,129,279,2202,11,0
48.263918,12.596000,119.000,17.535000,2.158000,128.247000,3646,324,0,139,289,2222,11,0
48.266359,2.441000,119.000,17.535000,2.158000,128.233671,3621,324,0,139,289,2222,11,0
48.280762,14.403000,119.000,17.535000,2.158000,128.234152,3621,324,0,131,281,2206,11,0
48.283237,2.475000,119.000,17.535000,2.158000,128.232409,3624,324,0,131,281,2206,11,0
48.297068,13.831000,119.000,17.535000,2.158000,128.232889,3624,324,0,131,281,2206,11,0
48.300733,3.665000,119.000,17.535000,2.158000,128.233370,3624,324,0,131,281,2206,11,0
48.313740,13.007000,119.000,17.535000,2.158000,128.165091,3599,299,0,130,280,2204,11,0
48.316519,2.779000,119.000,17.535000,2.158000,128.145792,3562,299,0,130,280,2204,11,0
48.330573,14.054000,119.000,17.535000,2.158000,128.146273,3562,299,0,130,280,2204,11,0
48.333053,2.480000,119.000,17.535000,2.158000,128.146753,3562,299,0,130,280,2204,11,0
48.347241,14.188000,119.000,17.535000,2.158000,128.147234,3562,299,0,130,280,2204,11,0
48.352510,5.269000,119.000,17.535000,2.158000,128.145212,3558,299,0,130,280,2204,11,0
48.363969,11.459000,119.000,17.535000,2.158000,128.145594,3558,299,0,127,244,2132,11,0
48.366870,2.901000,119.000,17.535000,2.158000,128.141665,3556,299,0,127,244,2132,11,0
48.380613,13.743000,119.000,17.535000,2.158000,128.142099,3556,299,0,127,244,2132,11,0
48.383320,2.707000,119.000,17.535000,2.158000,128.111158,3556,299,0,127,244,2132,11,0
48.398508,15.188000,119.000,17.535000,2.158000,128.111593,3556,299,0,129,244,2132,11,0
48.402324,3.816000,119.000,17.535000,2.158000,128.112074,3556,299,0,128,244,2132,11,0
48.414792,12.468000,119.000,17.535000,2.158000,128.114214,3559,299,0,128,244,2132,11,0
48.417075,2.283000,119.000,17.535000,2.158000,128.114695,3559,299,0,129,244,2132,11,0
48.432348,15.273000,119.000,17.535000,2.158000,128.116800,3562,299,0,129,244,2132,11,0
48.436053,3.705000,119.000,17.535000,2.158000,128.117144,3562,299,0,130,244,2132,11,0
48.442714,6.661000,119.000,17.535000,2.158000,128.296694,3676,347,0,130,244,2132,11,0
48.455836,13.122000,119.000,17.535000,2.158000,128.305918,3676,347,0,140,267,2178,11,0
48.465185,9.349000,119.000,17.535000,2.158000,128.306379,3676,347,0,140,267,2178,11,0
48.467432,2.247000,119.000,17.535000,2.158000,128.306860,3676,347,0,138,265,2174,11,0
48.482288,14.856000,119.000,17.535000,2.158000,128.296896,3672,343,0,137,264,2172,11,0
48.485808,3.520000,119.000,17.535000,2.158000,128.293028,3665,343,0,137,264,2172,11,0
48.498840,13.032000,119.000,17.535000,2.158000,128.295168,3668,343,0,136,263,2170,11,0
48.502195,3.355000,119.000,17.535000,2.158000,128.295603,3668,343,0,136,262,2168,11,0
48.515896,13.701000,119.000,17.535000,2.158000,128.294310,3665,343,0,135,261,2166,11,0
48.519319,3.423000,119.000,17.535000,2.158000,128.279257,3656,338,0,132,260,2164,11,0
48.531933,12.614000,119.000,17.535000,2.158000,128.273405,3646,338,0,132,260,2164,11,0
48.536733,4.800000,119.000,17.535000,2.158000,128.273886,3646,338,0,134,260,2164,11,0
48.540615,3.882000,119.000,17.535000,2.158000,128.289957,3651,338,0,144,272,2188,11,0
48.556093,15.478000,119.000,17.535000,2.158000,128.288797,3648,338,0,144,272,2188,11,0
48.564841,8.748000,119.000,17.535000,2.158000,128.280607,3646,336,0,135,263,2170,11,1
48.567007,2.166000,119.000,17.535000,2.158000,128.278708,3642,336,0,135,263,2170,11,1
48.582129,15.122000,119.000,17.535000,2.158000,128.279497,3642,336,0,135,263,2170,11,1
48.598649,16.520000,119.000,17.535000,2.158000,128.280607,3648,335,0,135,263,2170,11,0
48.602667,4.018000,119.000,17.535000,2.158000,128.277830,3643,335,0,136,263,2170,11,0
48.607470,4.803000,119.000,17.535000,2.158000,128.278326,3643,335,0,136,263,2170,11,0
48.622186,14.716000,119.000,17.535000,2.158000,128.278761,3643,335,0,136,263,2170,11,0
48.631855,9.669000,119.000,17.535000,2.158000,128.280890,3646,335,0,136,263,2170,11,0
48.635604,3.749000,119.000,17.535000,2.158000,128.281370,3646,335,0,136,263,2170,11,0
48.647949,12.345000,119.000,17.535000,2.158000,128.280203,3643,335,0,136,263,2170,11,0
48.650569,2.620000,119.000,17.535000,2.158000,128.280684,3643,335,0,136,263,2170,11,0
48.665710,15.141000,119.000,17.535000,2.158000,128.279524,3640,335,0,136,263,2170,11,0
48.669373,3.663000,116.000,15.887000,2.544000,128.279959,3640,335,0,136,263,2170,11,0
48.682606,13.233000,116.000,15.887000,2.544000,128.282099,3643,335,0,136,263,2170,11,0
48.698864,16.258000,116.000,15.887000,2.544000,128.282507,3643,335,0,134,259,2162,11,0
48.703030,4.166000,116.000,15.887000,2.544000,128.278578,3641,335,0,133,259,2162,11,0
48.715409,12.379000,116.000,15.887000,2.544000,128.273424,3641,335,0,133,259,2162,11,0
48.718975,3.566000,116.000,15.887000,2.544000,128.273905,3641,335,0,132,259,2162,11,0
48.731038,12.063000,116.000,15.887000,2.544000,128.272745,3638,335,0,132,259,2162,11,0
48.733187,2.149000,116.000,15.887000,2.544000,128.273226,3638,335,0,132,259,2162,11,0
48.749294,16.107000,116.000,15.887000,2.544000,128.273691,3638,335,0,131,258,2160,11,0
48.753300,4.006000,116.000,15.887000,2.544000,128.274172,3638,335,0,130,258,2160,11,0
48.764448,11.148000,116.000,15.887000,2.544000,128.280607,3648,335,0,130,258,2160,11,0
48.766578,2.130000,116.000,15.887000,2.544000,128.281088,3648,335,0,131,258,2160,11,0
48.782115,15.537000,116.000,15.887000,2.544000,128.279928,3645,335,0,131,258,2160,11,0
48.788762,6.647000,116.000,15.887000,2.544000,128.280462,3645,335,0,132,258,2160,11,0
48.793420,4.658000,116.000,15.887000,2.544000,128.280928,3645,335,0,132,258,2160,11,0
48.805815,12.395000,116.000,15.887000,2.544000,128.281363,3645,335,0,132,258,2160,11,0
48.815619,9.804000,116.000,15.887000,2.544000,128.281843,3645,335,0,132,258,2160,11,0
48.828940,13.321000,116.000,15.887000,2.544000,128.380262,3697,344,0,172,335,2314,11,0
48.839459,10.519000,116.000,15.887000,2.544000,128.380651,3697,344,0,172,335,2314,11,0
48.844388,4.929000,116.000,15.887000,2.544000,128.363623,3697,344,0,136,293,2230,11,0
48.856026,11.638000,116.000,15.887000,2.544000,128.353659,3692,341,0,135,292,2228,11,0
48.863897,7.871000,116.000,15.887000,2.544000,128.350447,3686,341,0,135,292,2228,11,0
48.867025,3.128000,116.000,15.887000,2.544000,128.355436,3686,341,0,144,301,2246,11,0
48.880506,13.481000,116.000,15.887000,2.544000,128.344870,3666,341,0,134,291,2226,11,0
48.882991,2.485000,116.000,15.887000,2.544000,128.355639,3676,345,0,134,291,2226,11,0
48.897531,14.540000,116.000,15.887000,2.544000,128.356806,3676,345,0,135,293,2230,11,0
48.903667,6.136000,116.000,15.887000,2.544000,128.357283,3676,345,0,135,293,2230,11,0
48.907323,3.656000,116.000,15.887000,2.544000,128.357763,3676,345,0,135,293,2230,11,0
48.922818,15.495000,116.000,15.887000,2.544000,128.356604,3673,345,0,135,293,2230,11,0
48.931096,8.278000,116.000,15.887000,2.544000,128.357084,3673,345,0,135,293,2230,11,0
48.935761,4.665000,116.000,15.887000,2.544000,128.357565,3673,345,0,135,293,2230,11,0
48.947681,11.920000,116.000,15.887000,2.544000,128.358046,3673,345,0,135,293,2230,11,0
48.953237,5.556000,116.000,15.887000,2.544000,128.358526,3673,345,0,135,293,2230,11,0
48.964472,11.235000,116.000,15.887000,2.544000,128.356451,3669,345,0,135,293,2230,11,0
48.967076,2.604000,116.000,15.887000,2.544000,128.352522,3667,345,0,132,258,2160,11,0
48.981218,14.142000,116.000,15.887000,2.544000,128.353003,3667,345,0,132,258,2160,11,0
48.985575,4.357000,116.000,15.887000,2.544000,128.355135,3670,345,0,132,258,2160,11,0
48.997577,12.002000,116.000,15.887000,2.544000,128.325621,3670,345,0,133,258,2160,11,0
49.003463,5.886000,116.000,15.887000,2.544000,128.326166,3670,345,0,133,258,2160,11,0
49.007273,3.810000,116.000,15.887000,2.544000,128.326647,3670,345,0,133,257,2158,11,0
49.022700,15.427000,116.000,15.887000,2.544000,128.328779,3673,345,0,133,257,2158,11,0
49.030885,8.185000,116.000,15.887000,2.544000,128.329191,3673,345,0,133,257,2158,11,0
49.033215,2.330000,116.000,15.887000,2.544000,128.329771,3676,345,0,133,257,2158,11,0
49.047529,14.314000,116.000,15.887000,2.544000,128.330114,3676,345,0,133,257,2158,11,0
49.053105,5.576000,116.000,15.887000,2.544000,128.327059,3670,345,0,133,257,2158,11,0
49.056737,3.632000,116.000,15.887000,2.544000,128.327539,3670,345,0,132,256,2156,11,0
49.073610,16.873000,116.000,15.887000,2.544000,128.328035,3670,345,0,132,256,2156,11,0
49.080787,7.177000,116.000,15.887000,2.544000,128.328470,3670,345,0,128,254,2152,11,0
49.083162,2.375000,116.000,15.887000,2.544000,128.318476,3666,341,0,127,253,2150,11,0
49.097980,14.818000,116.000,15.887000,2.544000,128.314608,3659,341,0,128,253,2150,11,0
49.108397,10.417000,116.000,15.887000,2.544000,128.313402,3656,341,0,127,252,2148,11,0
49.111678,3.281000,116.000,15.887000,2.544000,128.313883,3656,341,0,124,251,2146,11,0
49.122729,11.051000,116.000,15.887000,2.544000,128.315939,3659,341,0,123,250,2144,11,0
49.130952,8.223000,116.000,15.887000,2.544000,128.300886,3650,336,0,124,249,2142,11,0
49.136027,5.075000,116.000,15.887000,2.544000,128.296629,3643,336,0,124,249,2142,11,0
49.148029,12.002000,116.000,15.887000,2.544000,128.297110,3643,336,0,125,249,2142,11,0
49.165618,17.589000,116.000,15.887000,2.544000,128.313879,3645,336,0,136,264,2172,11,0
49.169366,3.748000,116.000,15.887000,2.544000,128.314360,3645,336,0,136,264,2172,11,0
49.180795,11.429000,116.000,15.887000,2.544000,128.310949,3645,336,0,128,256,2156,11,0
49.184891,4.096000,116.000,15.887000,2.544000,128.311430,3645,336,0,128,256,2156,11,0
49.197749,12.858000,116.000,15.887000,2.544000,128.311911,3645,336,0,128,256,2156,11,0
49.203470,5.721000,116.000,15.887000,2.544000,128.314051,3648,336,0,128,256,2156,11,0
49.213916,10.446000,116.000,15.887000,2.544000,128.302885,3644,332,0,128,256,2156,11,0
49.242660,28.744000,116.000,15.887000,2.544000,128.298487,3635,332,0,128,256,2156,11,0
49.256206,13.546000,116.000,15.887000,2.544000,128.300127,3635,332,0,128,256,2156,11,2
49.264570,8.364000,116.000,15.887000,2.544000,128.302874,3638,332,0,128,256,2156,11,2
49.267004,2.434000,116.000,15.887000,2.544000,128.301668,3635,332,0,128,256,2156,11,2
49.281094,14.090000,116.000,15.887000,2.544000,128.302141,3644,330,0,128,256,2156,11,0
49.283191,2.097000,116.000,15.887000,2.544000,128.296152,3634,330,0,130,256,2156,11,0
49.297584,14.393000,116.000,15.887000,2.544000,128.296579,3634,330,0,127,251,2146,11,0
49.300366,2.782000,116.000,15.887000,2.544000,128.292635,3632,330,0,127,251,2146,11,0
49.315243,14.877000,116.000,15.887000,2.544000,128.286165,3632,330,0,127,251,2146,11,0
49.318183,2.940000,116.000,15.887000,2.544000,128.286646,3632,330,0,128,251,2146,11,0
49.332052,13.869000,116.000,15.887000,2.544000,128.288774,3635,330,0,128,251,2146,11,0
49.335587,3.535000,116.000,15.887000,2.544000,128.289255,3635,330,0,126,251,2146,11,0
49.348630,13.043000,116.000,15.887000,2.544000,128.288088,3632,330,0,126,251,2146,11,0
49.353049,4.419000,116.000,15.887000,2.544000,128.288523,3632,330,0,128,251,2146,11,0
49.365438,12.389000,116.000,15.887000,2.544000,128.293367,3639,330,0,128,251,2146,11,0
49.368708,3.270000,116.000,15.887000,2.544000,128.293848,3639,330,0,126,251,2146,11,0
49.381981,13.273000,116.000,15.887000,2.544000,128.295988,3642,330,0,126,251,2146,11,0
49.385173,3.192000,116.000,15.887000,2.544000,128.296469,3642,330,0,126,251,2146,11,0
49.397974,12.801000,116.000,15.887000,2.544000,128.296930,3642,330,0,126,251,2146,11,0
49.400833,2.859000,116.000,15.887000,2.544000,128.297426,3642,330,0,128,251,2146,11,0
49.413769,12.936000,116.000,15.887000,2.544000,128.297907,3642,330,0,126,251,2146,11,0
49.426988,13.219000,116.000,15.887000,2.544000,128.397566,3691,339,0,172,336,2316,11,0
49.430261,3.273000,116.000,15.887000,2.544000,128.398046,3691,339,0,170,334,2312,11,0
49.432933,2.672000,116.000,15.887000,2.544000,128.383982,3691,339,0,140,300,2244,11,0
49.447123,14.190000,116.000,15.887000,2.544000,128.384462,3691,339,0,140,300,2244,11,0
49.449899,2.776000,116.000,15.887000,2.544000,128.384943,3691,339,0,140,300,2244,11,0
49.464051,14.152000,116.000,15.887000,2.544000,128.389898,3691,339,0,149,309,2262,11,0
49.466944,2.893000,116.000,15.887000,2.544000,128.379332,3671,339,0,149,309,2262,11,0
49.480690,13.746000,116.000,15.887000,2.544000,128.374281,3668,339,0,141,301,2246,11,0
49.483415,2.725000,116.000,15.887000,2.544000,128.374716,3668,339,0,141,301,2246,11,0
49.497156,13.741000,116.000,15.887000,2.544000,128.375196,3668,339,0,141,301,2246,11,0
49.500434,3.278000,116.000,15.887000,2.544000,128.375677,3668,339,0,141,301,2246,11,0
49.513989,13.555000,116.000,15.887000,2.544000,128.376158,3668,339,0,141,301,2246,11,0
49.516852,2.863000,116.000,15.887000,2.544000,128.376638,3668,339,0,139,299,2242,11,0
49.530574,13.722000,116.000,15.887000,2.544000,128.355757,3658,333,0,139,299,2242,11,0
49.533037,2.463000,116.000,15.887000,2.544000,128.348806,3646,333,0,139,299,2242,11,0
49.547298,14.261000,116.000,15.887000,2.544000,128.349287,3646,333,0,139,299,2242,11,0
49.550684,3.386000,116.000,15.887000,2.544000,128.347265,3642,333,0,139,299,2242,11,0
49.563851,13.167000,116.000,15.887000,2.544000,128.346052,3639,333,0,137,264,2172,11,0
49.566557,2.706000,116.000,15.887000,2.544000,128.342123,3637,333,0,137,264,2172,11,0
49.580699,14.142000,116.000,15.887000,2.544000,128.342604,3637,333,0,137,264,2172,11,0
49.584676,3.977000,116.000,15.887000,2.544000,128.313116,3637,333,0,137,264,2172,11,0
49.597657,12.981000,116.000,15.887000,2.544000,128.313597,3637,333,0,139,264,2172,11,0
49.603345,5.688000,116.000,15.887000,2.544000,128.314093,3637,333,0,138,263,2170,11,0
49.613804,10.459000,116.000,15.887000,2.544000,128.312933,3634,333,0,138,263,2170,11,0
49.616736,2.932000,116.000,15.887000,2.544000,128.313414,3634,333,0,138,263,2170,11,0
49.631142,14.406000,116.000,15.887000,2.544000,128.312368,3634,333,0,138,263,2170,11,0
49.635987,4.845000,116.000,15.887000,2.544000,128.312719,3634,333,0,138,263,2170,11,0
49.647754,11.767000,116.000,15.887000,2.544000,128.309698,3628,333,0,139,263,2170,11,0
49.652245,4.491000,116.000,15.887000,2.544000,128.310785,3628,333,0,138,262,2168,11,1
49.663909,11.664000,116.000,15.887000,2.544000,128.311266,3628,333,0,136,262,2168,11,1
49.666174,2.265000,116.000,15.887000,2.544000,128.311747,3628,333,0,134,260,2164,11,1
49.682443,16.269000,115.000,28.006000,1.704000,128.314180,3631,333,0,134,260,2164,11,1
49.697794,15.351000,115.000,28.006000,1.704000,128.304247,3627,329,0,135,259,2162,11,1
49.704756,6.962000,115.000,28.006000,1.704000,128.301405,3626,328,0,135,259,2162,11,0
49.708684,3.928000,115.000,28.006000,1.704000,128.298628,3621,328,0,132,257,2158,11,0
49.724051,15.367000,115.000,28.006000,1.704000,128.300688,3624,328,0,131,256,2156,11,0
49.730824,6.773000,115.000,28.006000,1.704000,128.299299,3621,328,0,132,255,2154,11,0
49.735953,5.129000,115.000,28.006000,1.704000,128.286062,3615,323,0,132,255,2154,11,0
49.747410,11.457000,115.000,28.006000,1.704000,128.280226,3605,323,0,129,255,2154,11,0
49.752460,5.050000,115.000,28.006000,1.704000,128.294588,3607,323,0,142,267,2178,11,0
49.763951,11.491000,115.000,28.006000,1.704000,128.295023,3607,323,0,142,267,2178,11,0
49.767133,3.182000,115.000,28.006000,1.704000,128.295519,3607,323,0,132,257,2158,11,0
49.781103,13.970000,115.000,28.006000,1.704000,128.291136,3607,323,0,132,257,2158,11,0
49.785239,4.136000,115.000,28.006000,1.704000,128.291616,3607,323,0,132,257,2158,11,0
49.797557,12.318000,115.000,28.006000,1.704000,128.292097,3607,323,0,132,257,2158,11,0
49.803224,5.667000,115.000,28.006000,1.704000,128.292578,3607,323,0,132,257,2158,11,0
49.806994,3.770000,115.000,28.006000,1.704000,128.293058,3607,323,0,132,257,2158,11,0
49.822824,15.830000,115.000,28.006000,1.704000,128.295198,3610,323,0,132,257,2158,11,0
49.830620,7.796000,115.000,28.006000,1.704000,128.295679,3610,323,0,132,257,2158,11,0
49.833177,2.557000,115.000,28.006000,1.704000,128.297750,3613,323,0,132,257,2158,11,0
49.847826,14.649000,115.000,28.006000,1.704000,128.298231,3613,323,0,132,257,2158,11,0
49.853219,5.393000,115.000,28.006000,1.704000,128.298727,3613,323,0,132,257,2158,11,0
49.863831,10.612000,115.000,28.006000,1.704000,128.299208,3613,323,0,132,257,2158,11,0
49.866725,2.894000,115.000,28.006000,1.704000,128.299688,3613,323,0,131,256,2156,11,0
49.881865,15.140000,115.000,28.006000,1.704000,128.300169,3613,323,0,131,256,2156,11,0
49.890614,8.749000,115.000,28.006000,1.704000,128.300596,3613,323,0,131,256,2156,11,0
49.894105,3.491000,115.000,28.006000,1.704000,128.296667,3611,323,0,129,252,2148,11,0
49.906396,12.291000,115.000,28.006000,1.704000,128.298807,3614,323,0,129,252,2148,11,0
49.914329,7.933000,115.000,28.006000,1.704000,128.299288,3614,323,0,129,252,2148,11,0
49.920105,5.776000,115.000,28.006000,1.704000,128.292459,3611,323,0,129,252,2148,11,0
49.931050,10.945000,115.000,28.006000,1.704000,128.292940,3611,323,0,127,252,2148,11,0
49.933384,2.334000,115.000,28.006000,1.704000,128.293406,3611,323,0,127,252,2148,11,0
49.949204,15.820000,115.000,28.006000,1.704000,128.293886,3611,323,0,126,252,2148,11,0
49.965100,15.896000,115.000,28.006000,1.704000,128.296022,3614,323,0,126,252,2148,11,0
49.967688,2.588000,115.000,28.006000,1.704000,128.285528,3609,320,0,127,251,2146,11,0
49.980875,13.187000,115.000,28.006000,1.704000,128.288321,3613,320,0,126,251,2146,11,0
49.985038,4.163000,115.000,28.006000,1.704000,128.303953,3623,324,0,126,251,2146,11,0
49.997126,12.088000,115.000,28.006000,1.704000,128.305120,3623,324,0,128,253,2150,11,0
50.000373,3.247000,115.000,28.006000,1.704000,128.305567,3623,324,0,128,253,2150,11,0
50.014574,14.201000,115.000,28.006000,1.704000,128.306047,3623,324,0,127,253,2150,11,0
50.020444,5.870000,115.000,28.006000,1.704000,128.306559,3623,324,0,127,253,2150,11,0
50.035357,14.913000,115.000,28.006000,1.704000,128.411142,3683,333,0,171,335,2314,11,0
50.047064,11.707000,115.000,28.006000,1.704000,128.411623,3683,333,0,171,335,2314,11,0
50.050268,3.204000,115.000,28.006000,1.704000,128.394594,3683,333,0,135,293,2230,11,0
50.063830,13.562000,115.000,28.006000,1.704000,128.393435,3680,333,0,135,293,2230,11,0
50.066399,2.569000,115.000,28.006000,1.704000,128.392229,3677,333,0,135,293,2230,11,0
50.080588,14.189000,115.000,28.006000,1.704000,128.397421,3677,333,0,145,303,2250,11,0
50.083131,2.543000,115.000,28.006000,1.704000,128.385763,3655,333,0,145,303,2250,11,0
50.097701,14.570000,115.000,28.006000,1.704000,128.382353,3655,333,0,137,295,2234,11,0
50.100599,2.898000,115.000,28.006000,1.704000,128.382833,3655,333,0,137,295,2234,11,0
50.115571,14.972000,115.000,28.006000,1.704000,128.384974,3658,333,0,137,295,2234,11,0
50.119198,3.627000,115.000,28.006000,1.704000,128.385454,3658,333,0,137,295,2234,11,0
50.131812,12.614000,115.000,28.006000,1.704000,128.384275,3655,333,0,137,295,2234,11,0
50.135445,3.633000,115.000,28.006000,1.704000,128.384756,3655,333,0,137,295,2234,11,0
50.149233,13.788000,115.000,28.006000,1.704000,128.385237,3655,333,0,137,295,2234,11,0
50.152725,3.492000,115.000,28.006000,1.704000,128.385717,3655,333,0,137,295,2234,11,0
50.164727,12.002000,115.000,28.006000,1.704000,128.383696,3651,333,0,135,259,2162,11,0
50.167534,2.807000,115.000,28.006000,1.704000,128.384123,3651,333,0,135,259,2162,11,0
50.180812,13.278000,115.000,28.006000,1.704000,128.376913,3643,333,0,135,259,2162,11,0
50.183289,2.477000,115.000,28.006000,1.704000,128.345942,3643,333,0,135,259,2162,11,0
50.199586,16.297000,115.000,28.006000,1.704000,128.346457,3643,333,0,135,259,2162,11,0
50.204500,4.914000,115.000,28.006000,1.704000,128.346937,3643,333,0,135,259,2162,11,0
50.215612,11.112000,115.000,28.006000,1.704000,128.347322,3643,333,0,135,259,2162,11,0
50.219325,3.713000,115.000,28.006000,1.704000,128.347803,3643,333,0,134,259,2162,11,0
50.232285,12.960000,115.000,28.006000,1.704000,128.348284,3643,333,0,134,259,2162,11,0
50.247579,15.294000,115.000,28.006000,1.704000,128.348764,3643,333,0,134,259,2162,11,0
50.253808,6.229000,115.000,28.006000,1.704000,128.349131,3643,333,0,134,259,2162,11,0
50.257800,3.992000,115.000,28.006000,1.704000,128.344469,3634,333,0,133,258,2160,11,0
50.272819,15.019000,115.000,28.006000,1.704000,128.344839,3634,333,0,133,258,2160,11,0
50.280880,8.061000,115.000,28.006000,1.704000,128.345320,3634,333,0,131,256,2156,11,0
50.285318,4.438000,115.000,28.006000,1.704000,128.345785,3634,333,0,131,256,2156,11,0
50.297959,12.641000,115.000,28.006000,1.704000,128.335852,3630,329,0,130,255,2154,11,0
50.303796,5.837000,115.000,28.006000,1.704000,128.331923,3623,329,0,130,255,2154,11,0
50.314093,10.297000,115.000,28.006000,1.704000,128.332403,3623,329,0,128,253,2150,11,0
50.317026,2.933000,115.000,28.006000,1.704000,128.331259,3620,329,0,127,252,2148,11,0
50.331176,14.150000,115.000,28.006000,1.704000,128.331656,3620,329,0,128,252,2148,11,0
50.336363,5.187000,115.000,28.006000,1.704000,128.316542,3611,324,0,127,251,2146,11,0
50.347645,11.282000,115.000,28.006000,1.704000,128.309065,3598,324,0,127,251,2146,11,0
50.352845,5.200000,115.000,28.006000,1.704000,128.309561,3598,324,0,127,251,2146,11,0
50.357014,4.169000,115.000,28.006000,1.704000,128.323992,3600,324,0,137,263,2170,11,0
50.372839,15.825000,115.000,28.006000,1.704000,128.324472,3600,324,0,137,263,2170,11,0
50.380446,7.607000,115.000,28.006000,1.704000,128.321062,3600,324,0,129,255,2154,11,0
50.383255,2.809000,115.000,28.006000,1.704000,128.323195,3603,324,0,129,255,2154,11,0
50.397692,14.437000,115.000,28.006000,1.704000,128.323675,3603,324,0,129,255,2154,11,0
50.402354,4.662000,115.000,28.006000,1.704000,128.324171,3603,324,0,129,255,2154,11,0
50.413830,11.476000,115.000,28.006000,1.704000,128.324652,3603,324,0,129,255,2154,11,0
50.416490,2.660000,115.000,28.006000,1.704000,128.326738,3606,324,0,129,255,2154,11,0
50.431378,14.888000,115.000,28.006000,1.704000,128.327173,3606,324,0,129,255,2154,11,0
50.449326,17.948000,115.000,28.006000,1.704000,128.327654,3606,324,0,129,255,2154,11,0
50.454787,5.461000,115.000,28.006000,1.704000,128.328135,3606,324,0,129,255,2154,11,0
50.458312,3.525000,115.000,28.006000,1.704000,128.328615,3606,324,0,129,255,2154,11,0
50.473912,15.600000,115.000,28.006000,1.704000,128.329081,3606,324,0,129,255,2154,11,0
50.481028,7.116000,115.000,28.006000,1.704000,128.329561,3606,324,0,129,255,2154,11,0
50.483801,2.773000,115.000,28.006000,1.704000,128.330057,3606,324,0,129,255,2154,11,0
50.497995,14.194000,115.000,28.006000,1.704000,128.330484,3606,324,0,129,255,2154,11,0
50.503197,5.202000,115.000,28.006000,1.704000,128.326555,3604,324,0,127,251,2146,11,0
50.514074,10.877000,115.000,28.006000,1.704000,128.327036,3604,324,0,126,251,2146,11,0
50.521479,7.405000,115.000,28.006000,1.704000,128.329176,3607,324,0,126,251,2146,11,0
50.524540,3.061000,115.000,28.006000,1.704000,128.324041,3607,324,0,127,251,2146,11,0
50.539287,14.747000,115.000,28.006000,1.704000,128.326097,3610,324,0,127,251,2146,11,0
50.541819,2.532000,115.000,28.006000,1.704000,128.326529,3610,324,0,124,251,2146,11,0
50.556068,14.249000,115.000,28.006000,1.704000,128.327009,3610,324,0,125,251,2146,11,0
50.565223,9.155000,115.000,28.006000,1.704000,128.327505,3610,324,0,125,251,2146,11,0
50.570105,4.882000,115.000,28.006000,1.704000,128.327986,3610,324,0,125,251,2146,11,0
50.574004,3.899000,115.000,28.006000,1.704000,128.328497,3610,324,0,125,251,2146,11,0
50.588950,14.946000,115.000,28.006000,1.704000,128.334982,3620,324,0,126,251,2146,11,0
50.594629,5.679000,115.000,28.006000,1.704000,128.337061,3623,324,0,126,251,2146,11,0
50.605865,11.236000,115.000,28.006000,1.704000,128.337542,3623,324,0,127,251,2146,11,0
50.615222,9.357000,115.000,28.006000,1.704000,128.338003,3623,324,0,127,251,2146,11,0
50.618434,3.212000,115.000,28.006000,1.704000,128.336843,3620,324,0,126,251,2146,11,0
50.634935,16.501000,115.000,28.006000,1.704000,128.337324,3620,324,0,126,251,2146,11,0
50.638099,3.164000,115.000,28.006000,1.704000,128.337805,3620,324,0,127,251,2146,11,0
50.648555,10.456000,115.000,28.006000,1.704000,128.439787,3675,333,0,139,296,2236,11,0
50.664216,15.661000,115.000,28.006000,1.704000,128.423063,3672,333,0,139,296,2236,11,0
50.666179,1.963000,115.000,28.006000,1.704000,128.423544,3672,333,0,139,296,2236,11,0
50.681097,14.918000,114.000,16.265000,4.017000,128.428499,3672,333,0,148,305,2254,11,0
50.683061,1.964000,114.000,16.265000,4.017000,128.417933,3652,333,0,148,305,2254,11,0
50.697433,14.372000,114.000,16.265000,4.017000,128.418413,3652,333,0,138,295,2234,11,0
50.699323,1.890000,114.000,16.265000,4.017000,128.414030,3652,333,0,138,295,2234,11,0
50.714072,14.749000,114.000,16.265000,4.017000,128.414511,3652,333,0,138,295,2234,11,0
50.715955,1.883000,114.000,16.265000,4.017000,128.414991,3652,333,0,138,295,2234,11,0
50.731305,15.350000,114.000,16.265000,4.017000,128.417124,3655,333,0,138,295,2234,11,0
50.733296,1.991000,114.000,16.265000,4.017000,128.417604,3655,333,0,138,295,2234,11,0
50.747457,14.161000,114.000,16.265000,4.017000,128.416445,3652,333,0,138,295,2234,11,0
50.749394,1.937000,114.000,16.265000,4.017000,128.416925,3652,333,0,138,295,2234,11,0
50.765199,15.805000,114.000,16.265000,4.017000,128.418013,3652,333,0,138,295,2234,11,1
50.769800,4.601000,114.000,16.265000,4.017000,128.416853,3649,333,0,138,295,2234,11,1
50.781744,11.944000,114.000,16.265000,4.017000,128.416731,3648,333,0,138,295,2234,11,1
50.786092,4.348000,114.000,16.265000,4.017000,128.417158,3648,333,0,136,260,2164,11,1
50.798835,12.743000,114.000,16.265000,4.017000,128.414320,3652,332,0,136,260,2164,11,0
50.802394,3.559000,114.000,16.265000,4.017000,128.411543,3647,332,0,137,260,2164,11,0
50.815047,12.653000,114.000,16.265000,4.017000,128.382017,3647,332,0,137,260,2164,11,0
50.818639,3.592000,114.000,16.265000,4.017000,128.382498,3647,332,0,136,259,2162,11,0
50.831287,12.648000,114.000,16.265000,4.017000,128.381338,3644,332,0,136,259,2162,11,0
50.833320,2.033000,114.000,16.265000,4.017000,128.380293,3644,332,0,136,259,2162,11,0
50.860492,27.172000,114.000,16.265000,4.017000,128.380762,3644,332,0,136,259,2162,11,0
50.863979,3.487000,114.000,16.265000,4.017000,128.381243,3644,332,0,135,259,2162,11,0
50.872500,8.521000,114.000,16.265000,4.017000,128.381571,3644,332,0,135,259,2162,11,0
50.874454,1.954000,114.000,16.265000,4.017000,128.378469,3638,332,0,136,259,2162,11,0
50.888957,14.503000,114.000,16.265000,4.017000,128.377295,3635,332,0,135,258,2160,11,0
50.898928,9.971000,114.000,16.265000,4.017000,128.377775,3635,332,0,134,258,2160,11,0
50.935189,36.261000,114.000,16.265000,4.017000,128.378302,3635,332,0,132,256,2156,11,0
50.940105,4.916000,114.000,16.265000,4.017000,128.368292,3631,328,0,128,252,2148,11,0
50.984279,44.174000,114.000,16.265000,4.017000,128.350615,3618,323,0,127,251,2146,11,0
51.002387,18.108000,114.000,16.265000,4.017000,128.357557,3604,323,0,137,265,2174,11,0
51.006041,3.654000,114.000,16.265000,4.017000,128.354147,3604,323,0,129,257,2158,11,0
51.018079,12.038000,114.000,16.265000,4.017000,128.352987,3601,323,0,129,257,2158,11,0
51.031644,13.565000,114.000,16.265000,4.017000,128.355158,3604,323,0,129,257,2158,11,0
51.046962,15.318000,114.000,16.265000,4.017000,128.355623,3604,323,0,129,257,2158,11,0
51.052843,5.881000,114.000,16.265000,4.017000,128.346846,3599,320,0,128,256,2156,11,0
51.068842,15.999000,114.000,16.265000,4.017000,128.343603,3593,320,0,128,256,2156,11,0
51.073611,4.769000,114.000,16.265000,4.017000,128.360853,3606,324,0,128,256,2156,11,0
51.085044,11.433000,114.000,16.265000,4.017000,128.362020,3606,324,0,130,258,2160,11,0
51.089410,4.366000,114.000,16.265000,4.017000,128.362528,3606,324,0,130,258,2160,11,0
51.101609,12.199000,114.000,16.265000,4.017000,128.362963,3606,324,0,130,258,2160,11,0
51.110910,9.301000,114.000,16.265000,4.017000,128.365080,3609,324,0,128,253,2150,11,0
51.114812,3.902000,114.000,16.265000,4.017000,128.365515,3609,324,0,128,253,2150,11,0
51.127578,12.766000,114.000,16.265000,4.017000,128.365957,3609,324,0,128,253,2150,11,0
51.134750,7.172000,114.000,16.265000,4.017000,128.355024,3607,324,0,128,253,2150,11,0
51.137438,2.688000,114.000,16.265000,4.017000,128.355448,3607,324,0,128,253,2150,11,0
51.151508,14.070000,114.000,16.265000,4.017000,128.355928,3607,324,0,128,253,2150,11,0
51.156021,4.513000,114.000,16.265000,4.017000,128.356379,3607,324,0,128,253,2150,11,0
51.168357,12.336000,114.000,16.265000,4.017000,128.356859,3607,324,0,128,253,2150,11,0
51.172942,4.585000,114.000,16.265000,4.017000,128.357370,3607,324,0,128,253,2150,11,0
51.185003,12.061000,114.000,16.265000,4.017000,128.363855,3617,324,0,129,253,2150,11,0
51.189896,4.893000,114.000,16.265000,4.017000,128.365980,3620,324,0,129,253,2150,11,0
51.201707,11.811000,114.000,16.265000,4.017000,128.366461,3620,324,0,128,253,2150,11,0
51.207828,6.121000,114.000,16.265000,4.017000,128.368597,3623,324,0,128,253,2150,11,0
51.212631,4.803000,114.000,16.265000,4.017000,128.369078,3623,324,0,129,253,2150,11,0
51.226994,14.363000,114.000,16.265000,4.017000,128.371199,3626,324,0,129,253,2150,11,0
51.236489,9.495000,114.000,16.265000,4.017000,128.371679,3626,324,0,127,253,2150,11,0
51.259840,23.351000,114.000,16.265000,4.017000,128.471014,3678,333,0,168,332,2308,11,0
51.267883,8.043000,114.000,16.265000,4.017000,128.471449,3678,333,0,168,332,2308,11,0
51.270878,2.995000,114.000,16.265000,4.017000,128.453753,3675,333,0,134,292,2228,11,0
51.284926,14.048000,114.000,16.265000,4.017000,128.454233,3675,333,0,134,292,2228,11,0
51.288790,3.864000,114.000,16.265000,4.017000,128.459188,3675,333,0,143,301,2246,11,0
51.301270,12.480000,114.000,16.265000,4.017000,128.448576,3655,333,0,143,301,2246,11,0
51.303922,2.652000,114.000,16.265000,4.017000,128.446791,3658,333,0,135,293,2230,11,0
51.317833,13.911000,114.000,16.265000,4.017000,128.445631,3655,333,0,135,293,2230,11,0
51.320111,2.278000,114.000,16.265000,4.017000,128.446112,3655,333,0,135,293,2230,11,0
51.334608,14.497000,114.000,16.265000,4.017000,128.446592,3655,333,0,135,293,2230,11,0
51.336894,2.286000,114.000,16.265000,4.017000,128.447073,3655,333,0,135,293,2230,11,0
51.351117,14.223000,114.000,16.265000,4.017000,128.447554,3655,333,0,135,293,2230,11,0
51.353692,2.575000,114.000,16.265000,4.017000,128.448046,3655,333,0,135,293,2230,11,0
51.368263,14.571000,114.000,16.265000,4.017000,128.448526,3655,333,0,136,293,2230,11,0
51.377253,8.990000,114.000,16.265000,4.017000,128.449007,3655,333,0,136,293,2230,11,0
51.383654,6.401000,114.000,16.265000,4.017000,128.449488,3655,333,0,136,293,2230,11,0
51.393856,10.202000,114.000,16.265000,4.017000,128.447412,3651,333,0,136,293,2230,11,0
51.397802,3.946000,114.000,16.265000,4.017000,128.443483,3649,333,0,134,258,2160,11,0
51.410431,12.629000,114.000,16.265000,4.017000,128.443964,3649,333,0,134,258,2160,11,0
51.419098,8.667000,114.000,16.265000,4.017000,128.414465,3649,333,0,134,258,2160,11,0
51.422645,3.547000,114.000,16.265000,4.017000,128.414946,3649,333,0,135,258,2160,11,0
51.436214,13.569000,114.000,16.265000,4.017000,128.415419,3649,333,0,134,257,2158,11,0
51.438547,2.333000,114.000,16.265000,4.017000,128.415899,3649,333,0,134,257,2158,11,0
51.453524,14.977000,114.000,16.265000,4.017000,128.413229,3646,333,0,134,257,2158,11,0
51.457812,4.288000,114.000,16.265000,4.017000,128.413710,3646,333,0,134,257,2158,11,0
51.462271,4.459000,114.000,16.265000,4.017000,128.285208,3593,293,0,134,257,2158,11,0
51.476908,14.637000,114.000,16.265000,4.017000,128.253386,3543,293,0,124,237,2118,11,0
51.486346,9.438000,114.000,16.265000,4.017000,128.252069,3540,293,0,124,237,2118,11,0
51.492048,5.702000,114.000,16.265000,4.017000,128.252550,3540,293,0,122,236,2116,11,0
51.497628,5.580000,114.000,16.265000,4.017000,128.252981,3540,293,0,120,234,2112,11,0
51.510686,13.058000,114.000,16.265000,4.017000,128.253462,3540,293,0,122,234,2112,11,0
51.519873,9.187000,114.000,16.265000,4.017000,128.243483,3536,289,0,121,233,2110,11,0
51.523055,3.182000,114.000,16.265000,4.017000,128.239614,3529,289,0,120,233,2110,11,0
51.536363,13.308000,114.000,16.265000,4.017000,128.238470,3526,289,0,118,231,2106,11,0
51.540076,3.713000,114.000,16.265000,4.017000,128.238951,3526,289,0,118,230,2104,11,0
51.552662,12.586000,114.000,16.265000,4.017000,128.239347,3526,289,0,118,230,2104,11,0
51.556141,3.479000,114.000,16.265000,4.017000,128.224295,3517,284,0,116,229,2102,11,0
51.571038,14.897000,114.000,16.265000,4.017000,128.218382,3507,284,0,117,229,2102,11,0
51.574666,3.628000,114.000,16.265000,4.017000,128.232798,3509,284,0,127,241,2126,11,0
51.585251,10.585000,114.000,16.265000,4.017000,128.231638,3506,284,0,127,241,2126,11,0
51.587272,2.021000,114.000,16.265000,4.017000,128.232119,3506,284,0,127,241,2126,11,0
51.602562,15.290000,114.000,16.265000,4.017000,128.227751,3506,284,0,117,231,2106,11,0
51.605791,3.229000,114.000,16.265000,4.017000,128.228231,3506,284,0,117,231,2106,11,0
51.619568,13.777000,114.000,16.265000,4.017000,128.228682,3506,284,0,117,231,2106,11,0
51.623027,3.459000,114.000,16.265000,4.017000,128.229162,3506,284,0,117,231,2106,11,0
51.636440,13.413000,114.000,16.265000,4.017000,128.229673,3506,284,0,117,231,2106,11,0
51.652791,16.351000,114.000,16.265000,4.017000,128.230093,3506,284,0,117,231,2106,11,0
51.657100,4.309000,114.000,16.265000,4.017000,128.230574,3506,284,0,117,231,2106,11,0
51.661798,4.698000,114.000,16.265000,4.017000,128.229349,3503,284,0,117,231,2106,11,0
51.676496,14.698000,114.000,16.265000,4.017000,128.229830,3503,284,0,117,231,2106,11,0
51.685741,9.245000,106.000,42.429000,12.381000,128.230280,3503,284,0,117,231,2106,11,0
51.688860,3.119000,106.000,42.429000,12.381000,128.230761,3503,284,0,117,231,2106,11,0
51.702031,13.171000,106.000,42.429000,12.381000,128.231226,3503,284,0,117,231,2106,11,0
51.704559,2.528000,106.000,42.429000,12.381000,128.231707,3503,284,0,117,231,2106,11,0
51.718663,14.104000,106.000,42.429000,12.381000,128.230478,3500,284,0,115,227,2098,11,0
51.720896,2.233000,106.000,42.429000,12.381000,128.226549,3498,284,0,115,227,2098,11,0
51.736320,15.424000,106.000,42.429000,12.381000,128.227045,3498,284,0,115,227,2098,11,0
51.740156,3.836000,106.000,42.429000,12.381000,128.221865,3498,284,0,115,227,2098,11,0
51.751900,11.744000,106.000,42.429000,12.381000,128.222380,3498,284,0,115,227,2098,11,0
51.754328,2.428000,106.000,42.429000,12.381000,128.222792,3498,284,0,113,227,2098,11,0
51.769558,15.230000,106.000,42.429000,12.381000,128.223303,3498,284,0,113,227,2098,11,0
51.773891,4.333000,106.000,42.429000,12.381000,128.223783,3498,284,0,114,227,2098,11,0
51.777996,4.105000,106.000,42.429000,12.381000,128.225912,3501,284,0,114,227,2098,11,0
51.793470,15.474000,106.000,42.429000,12.381000,128.226393,3501,284,0,115,227,2098,11,0
51.798347,4.877000,106.000,42.429000,12.381000,128.232809,3511,284,0,115,227,2098,11,0
51.802776,4.429000,106.000,42.429000,12.381000,128.233290,3511,284,0,114,227,2098,11,0
51.819671,16.895000,106.000,42.429000,12.381000,128.235434,3514,284,0,114,227,2098,11,0
51.822889,3.218000,106.000,42.429000,12.381000,128.235914,3514,284,0,114,227,2098,11,0
51.836705,13.816000,106.000,42.429000,12.381000,128.236387,3514,284,0,114,227,2098,11,0
51.839267,2.562000,106.000,42.429000,12.381000,128.236868,3514,284,0,114,227,2098,11,0
51.852946,13.679000,106.000,42.429000,12.381000,128.237333,3514,284,0,114,227,2098,11,0
51.874057,21.111000,106.000,42.429000,12.381000,128.342669,3571,293,0,159,313,2270,11,1
51.884983,10.926000,106.000,42.429000,12.381000,128.343149,3571,293,0,127,277,2198,11,1
51.888543,3.560000,106.000,42.429000,12.381000,128.333086,3571,293,0,137,287,2218,11,1
51.901424,12.881000,106.000,42.429000,12.381000,128.319757,3546,293,0,137,287,2218,11,1
51.904573,3.149000,106.000,42.429000,12.381000,128.319883,3552,292,0,137,287,2218,11,0
51.917901,13.328000,106.000,42.429000,12.381000,128.313215,3547,292,0,129,279,2202,11,0
51.920412,2.511000,106.000,42.429000,12.381000,128.315367,3550,292,0,129,279,2202,11,0
51.934839,14.427000,106.000,42.429000,12.381000,128.315847,3550,292,0,129,279,2202,11,0
51.937394,2.555000,106.000,42.429000,12.381000,128.317980,3553,292,0,129,279,2202,11,0
51.951403,14.009000,106.000,42.429000,12.381000,128.318460,3553,292,0,129,279,2202,11,0
51.954823,3.420000,106.000,42.429000,12.381000,128.318941,3553,292,0,129,279,2202,11,0
51.967884,13.061000,106.000,42.429000,12.381000,128.319422,3553,292,0,129,279,2202,11,0
51.970379,2.495000,106.000,42.429000,12.381000,128.319902,3553,292,0,129,279,2202,11,0
51.987265,16.886000,106.000,42.429000,12.381000,128.320383,3553,292,0,129,279,2202,11,0
51.992607,5.342000,106.000,42.429000,12.381000,128.320864,3553,292,0,129,279,2202,11,0
52.002762,10.155000,106.000,42.429000,12.381000,128.320459,3552,292,0,127,243,2130,11,0
52.018278,15.516000,106.000,42.429000,12.381000,128.316530,3550,292,0,127,243,2130,11,0
52.022553,4.275000,106.000,42.429000,12.381000,128.315371,3547,292,0,127,243,2130,11,0
52.034594,12.041000,106.000,42.429000,12.381000,128.284399,3547,292,0,127,243,2130,11,0
52.037109,2.515000,106.000,42.429000,12.381000,128.284887,3547,292,0,127,243,2130,11,0
52.051442,14.333000,106.000,42.429000,12.381000,128.285368,3547,292,0,128,243,2130,11,0
52.054465,3.023000,106.000,42.429000,12.381000,128.285856,3547,292,0,128,243,2130,11,0
52.068342,13.877000,106.000,42.429000,12.381000,128.286337,3547,292,0,127,242,2128,11,0
52.072424,4.082000,106.000,42.429000,12.381000,128.286825,3547,292,0,127,242,2128,11,0
52.085321,12.897000,106.000,42.429000,12.381000,128.287169,3547,292,0,126,242,2128,11,0
52.089298,3.977000,106.000,42.429000,12.381000,128.284132,3541,292,0,126,242,2128,11,0
52.101716,12.418000,106.000,42.429000,12.381000,128.284613,3541,292,0,124,241,2126,11,0
52.106957,5.241000,106.000,42.429000,12.381000,128.285078,3541,292,0,123,240,2124,11,0
52.117999,11.042000,106.000,42.429000,12.381000,128.285559,3541,292,0,124,239,2122,11,0
52.120751,2.752000,106.000,42.429000,12.381000,128.277243,3540,288,0,123,238,2120,11,0
52.134754,14.003000,106.000,42.429000,12.381000,128.273375,3533,288,0,123,238,2120,11,0
52.138145,3.391000,106.000,42.429000,12.381000,128.275511,3536,288,0,121,236,2116,11,0
52.151379,13.234000,106.000,42.429000,12.381000,128.275991,3536,288,0,119,236,2116,11,0
52.154403,3.024000,106.000,42.429000,12.381000,128.274725,3533,288,0,118,235,2114,11,0
52.168041,13.638000,106.000,42.429000,12.381000,128.248781,3519,280,0,117,233,2110,11,0
52.170656,2.615000,106.000,42.429000,12.381000,128.237581,3500,280,0,117,233,2110,11,0
52.185484,14.828000,106.000,42.429000,12.381000,128.252016,3502,280,0,128,245,2134,11,0
52.190759,5.275000,106.000,42.429000,12.381000,128.270716,3515,284,0,128,245,2134,11,0
52.197904,7.145000,106.000,42.429000,12.381000,128.287916,3534,288,0,122,239,2122,11,0
52.209735,11.831000,106.000,42.429000,12.381000,128.288820,3534,288,0,124,241,2126,11,0
52.219726,9.991000,106.000,42.429000,12.381000,128.289270,3534,288,0,124,241,2126,11,0
52.222816,3.090000,106.000,42.429000,12.381000,128.289751,3534,288,0,124,241,2126,11,0
52.236773,13.957000,106.000,42.429000,12.381000,128.288576,3531,288,0,124,241,2126,11,0
52.256245,19.472000,106.000,42.429000,12.381000,128.289072,3531,288,0,124,241,2126,11,0
52.263063,6.818000,106.000,42.429000,12.381000,128.289553,3531,288,0,124,241,2126,11,0
52.277825,14.762000,106.000,42.429000,12.381000,128.290018,3531,288,0,124,241,2126,11,0
52.284764,6.939000,106.000,42.429000,12.381000,128.290499,3531,288,0,124,241,2126,11,0
52.287250,2.486000,106.000,42.429000,12.381000,128.291014,3531,288,0,124,241,2126,11,0
52.301663,14.413000,106.000,42.429000,12.381000,128.291449,3531,288,0,124,241,2126,11,0
52.305805,4.142000,106.000,42.429000,12.381000,128.291895,3531,288,0,124,241,2126,11,0
52.319047,13.242000,106.000,42.429000,12.381000,128.292376,3531,288,0,124,241,2126,11,0
52.322757,3.710000,106.000,42.429000,12.381000,128.292803,3531,288,0,121,237,2118,11,0
52.335876,13.119000,106.000,42.429000,12.381000,128.288889,3529,288,0,121,237,2118,11,0
52.338594,2.718000,106.000,42.429000,12.381000,128.283754,3529,288,0,122,237,2118,11,0
52.353502,14.908000,106.000,42.429000,12.381000,128.282595,3526,288,0,122,237,2118,11,0
52.357482,3.980000,106.000,42.429000,12.381000,128.283075,3526,288,0,122,237,2118,11,0
52.368624,11.142000,106.000,42.429000,12.381000,128.281916,3523,288,0,122,237,2118,11,0
52.371227,2.603000,106.000,42.429000,12.381000,128.282381,3523,288,0,123,237,2118,11,0
52.384941,13.714000,106.000,42.429000,12.381000,128.282862,3523,288,0,123,237,2118,11,0
52.388725,3.784000,106.000,42.429000,12.381000,128.283373,3523,288,0,123,237,2118,11,0
52.401602,12.877000,106.000,42.429000,12.381000,128.289858,3533,288,0,121,237,2118,11,0
52.405308,3.706000,106.000,42.429000,12.381000,128.290308,3533,288,0,121,237,2118,11,0
52.418205,12.897000,106.000,42.429000,12.381000,128.289148,3530,288,0,123,237,2118,11,0
52.422919,4.714000,106.000,42.429000,12.381000,128.289660,3530,288,0,123,237,2118,11,0
52.435025,12.106000,106.000,42.429000,12.381000,128.290140,3530,288,0,121,237,2118,11,0
52.438998,3.973000,106.000,42.429000,12.381000,128.290590,3530,288,0,121,237,2118,11,0
52.451520,12.522000,106.000,42.429000,12.381000,128.291071,3530,288,0,123,237,2118,11,0
52.464898,13.378000,106.000,42.429000,12.381000,128.572039,3702,345,0,163,314,2272,11,0
52.476793,11.895000,106.000,42.429000,12.381000,128.582926,3705,345,0,175,338,2320,11,0
52.484666,7.873000,106.000,42.429000,12.381000,128.565897,3705,345,0,139,296,2236,11,0
52.487218,2.552000,106.000,42.429000,12.381000,128.566378,3705,345,0,139,296,2236,11,0
52.501262,14.044000,106.000,42.429000,12.381000,128.566442,3705,345,0,138,295,2234,11,0
52.503623,2.361000,106.000,42.429000,12.381000,128.555887,3685,345,0,138,295,2234,11,0
52.518202,14.579000,106.000,42.429000,12.381000,128.556368,3685,345,0,138,295,2234,11,0
52.522173,3.971000,106.000,42.429000,12.381000,128.556849,3685,345,0,138,295,2234,11,0
52.535503,13.330000,106.000,42.429000,12.381000,128.557329,3685,345,0,138,295,2234,11,0
52.552905,17.402000,106.000,42.429000,12.381000,128.557810,3685,345,0,138,295,2234,11,0
52.557825,4.920000,106.000,42.429000,12.381000,128.558290,3685,345,0,138,295,2234,11,0
52.563255,5.430000,106.000,42.429000,12.381000,128.558825,3685,345,0,138,295,2234,11,0
52.577888,14.633000,106.000,42.429000,12.381000,128.559305,3685,345,0,138,295,2234,11,0
52.585071,7.183000,106.000,42.429000,12.381000,128.559786,3685,345,0,138,295,2234,11,0
52.591196,6.125000,106.000,42.429000,12.381000,128.557764,3681,345,0,138,295,2234,11,0
52.602035,10.839000,106.000,42.429000,12.381000,128.558191,3681,345,0,136,260,2164,11,0
52.606221,4.186000,106.000,42.429000,12.381000,128.555933,3682,345,0,136,260,2164,11,0
52.618418,12.197000,106.000,42.429000,12.381000,128.556414,3682,345,0,136,260,2164,11,0
52.622987,4.569000,106.000,42.429000,12.381000,128.528574,3685,345,0,136,260,2164,11,0
52.634745,11.758000,106.000,42.429000,12.381000,128.529055,3685,345,0,136,260,2164,11,0
52.637922,3.177000,106.000,42.429000,12.381000,128.529520,3685,345,0,135,259,2162,11,0
52.652086,14.164000,106.000,42.429000,12.381000,128.530001,3685,345,0,135,259,2162,11,0
52.669350,17.264000,106.000,42.429000,12.381000,128.530550,3685,345,0,135,259,2162,11,0
52.673832,4.482000,111.000,20.430000,1.809000,128.529428,3685,345,0,135,259,2162,11,0
52.684606,10.774000,111.000,20.430000,1.809000,128.529772,3685,345,0,135,259,2162,11,0
52.689164,4.558000,111.000,20.430000,1.809000,128.528414,3682,345,0,134,258,2160,11,0
52.701198,12.034000,111.000,20.430000,1.809000,128.527254,3679,345,0,131,258,2160,11,0
52.704155,2.957000,111.000,20.430000,1.809000,128.527712,3679,345,0,129,256,2156,11,0
52.718571,14.416000,111.000,20.430000,1.809000,128.528193,3679,345,0,132,256,2156,11,0
52.722850,4.279000,111.000,20.430000,1.809000,128.518213,3675,341,0,131,255,2154,11,0
52.735120,12.270000,111.000,20.430000,1.809000,128.514299,3668,341,0,129,255,2154,11,0
52.739765,4.645000,111.000,20.430000,1.809000,128.514742,3668,341,0,127,253,2150,11,0
52.751229,11.464000,111.000,20.430000,1.809000,128.515139,3668,341,0,128,252,2148,11,0
52.754164,2.935000,111.000,20.430000,1.809000,128.500032,3659,336,0,127,251,2146,11,0
52.768294,14.130000,111.000,20.430000,1.809000,128.496096,3652,336,0,126,251,2146,11,0
52.773749,5.455000,111.000,20.430000,1.809000,128.490976,3643,336,0,126,251,2146,11,0
52.784666,10.917000,111.000,20.430000,1.809000,128.507753,3645,336,0,139,266,2176,11,0
52.788176,3.510000,111.000,20.430000,1.809000,128.508234,3645,336,0,131,258,2160,11,0
52.801589,13.413000,111.000,20.430000,1.809000,128.504824,3645,336,0,131,258,2160,11,0
52.806767,5.178000,111.000,20.430000,1.809000,128.505320,3645,336,0,131,258,2160,11,0
52.817975,11.208000,111.000,20.430000,1.809000,128.505800,3645,336,0,131,258,2160,11,0
52.820453,2.478000,111.000,20.430000,1.809000,128.507914,3648,336,0,131,258,2160,11,0
52.834921,14.468000,111.000,20.430000,1.809000,128.508394,3648,336,0,131,258,2160,11,0
52.837434,2.513000,111.000,20.430000,1.809000,128.507242,3645,336,0,131,258,2160,11,0
52.851726,14.292000,111.000,20.430000,1.809000,128.507723,3645,336,0,131,258,2160,11,0
52.855623,3.897000,111.000,20.430000,1.809000,128.506548,3642,336,0,131,258,2160,11,0
52.868132,12.509000,111.000,20.430000,1.809000,128.507029,3642,336,0,131,258,2160,11,0
52.871591,3.459000,111.000,20.430000,1.809000,128.509195,3645,336,0,131,258,2160,11,0
52.884676,13.085000,111.000,20.430000,1.809000,128.509676,3645,336,0,131,258,2160,11,0
52.887115,2.439000,111.000,20.430000,1.809000,128.510141,3645,336,0,131,258,2160,11,0
52.901387,14.272000,111.000,20.430000,1.809000,128.510622,3645,336,0,131,258,2160,11,0
52.903768,2.381000,111.000,20.430000,1.809000,128.511103,3645,336,0,131,258,2160,11,0
52.918414,14.646000,111.000,20.430000,1.809000,128.511530,3645,336,0,131,258,2160,11,0
52.926870,8.456000,111.000,20.430000,1.809000,128.505976,3640,336,0,128,253,2150,11,0
52.929165,2.295000,111.000,20.430000,1.809000,128.506411,3640,336,0,129,253,2150,11,0
52.943507,14.342000,111.000,20.430000,1.809000,128.506876,3640,336,0,129,253,2150,11,0
52.946191,2.684000,111.000,20.430000,1.809000,128.500353,3640,336,0,128,253,2150,11,0
52.961120,14.929000,111.000,20.430000,1.809000,128.501444,3640,336,0,128,253,2150,11,1
52.968225,7.105000,111.000,20.430000,1.809000,128.509615,3650,337,0,128,253,2150,11,1
52.974016,5.791000,111.000,20.430000,1.809000,128.506834,3644,337,0,129,254,2152,11,1
52.985826,11.810000,111.000,20.430000,1.809000,128.507315,3644,337,0,129,254,2152,11,1
53.002799,16.973000,111.000,20.430000,1.809000,128.508486,3650,336,0,129,254,2152,11,0
53.006167,3.368000,111.000,20.430000,1.809000,128.505709,3645,336,0,128,254,2152,11,0
53.019386,13.219000,111.000,20.430000,1.809000,128.512163,3655,336,0,128,254,2152,11,0
53.022625,3.239000,111.000,20.430000,1.809000,128.512644,3655,336,0,130,254,2152,11,0
53.036050,13.425000,111.000,20.430000,1.809000,128.513124,3655,336,0,130,254,2152,11,0
53.040801,4.751000,111.000,20.430000,1.809000,128.513559,3655,336,0,130,254,2152,11,0
53.049010,8.209000,111.000,20.430000,1.809000,128.514055,3655,336,0,130,254,2152,11,0
53.052571,3.561000,111.000,20.430000,1.809000,128.512850,3652,336,0,131,254,2152,11,0
53.070633,18.062000,111.000,20.430000,1.809000,128.614317,3704,345,0,177,341,2326,11,0
53.085238,14.605000,111.000,20.430000,1.809000,128.614798,3704,345,0,177,341,2326,11,0
53.087884,2.646000,111.000,20.430000,1.809000,128.600687,3704,345,0,147,307,2258,11,0
53.101805,13.921000,111.000,20.430000,1.809000,128.601168,3704,345,0,147,307,2258,11,0
53.104798,2.993000,111.000,20.430000,1.809000,128.605997,3704,345,0,156,316,2276,11,0
53.118678,13.880000,111.000,20.430000,1.809000,128.593790,3681,345,0,156,316,2276,11,0
53.120855,2.177000,111.000,20.430000,1.809000,128.594271,3681,345,0,148,308,2260,11,0
53.135622,14.767000,111.000,20.430000,1.809000,128.590860,3681,345,0,148,308,2260,11,0
53.149490,13.868000,111.000,20.430000,1.809000,128.591341,3681,345,0,148,308,2260,11,0
53.163591,14.101000,111.000,20.430000,1.809000,128.591776,3681,345,0,148,308,2260,11,0
53.167705,4.114000,111.000,20.430000,1.809000,128.592257,3681,345,0,146,306,2256,11,0
53.176668,8.963000,111.000,20.430000,1.809000,128.592737,3681,345,0,146,306,2256,11,0
53.185297,8.629000,111.000,20.430000,1.809000,128.594870,3684,345,0,146,306,2256,11,0
53.187494,2.197000,111.000,20.430000,1.809000,128.595350,3684,345,0,146,306,2256,11,0
53.202041,14.547000,111.000,20.430000,1.809000,128.616892,3706,349,0,146,306,2256,11,0
53.205088,3.047000,111.000,20.430000,1.809000,128.615294,3702,349,0,148,308,2260,11,0
53.218324,13.236000,111.000,20.430000,1.809000,128.617308,3705,349,0,146,273,2190,11,0
53.220657,2.333000,111.000,20.430000,1.809000,128.613379,3703,349,0,145,273,2190,11,0
53.235117,14.460000,111.000,20.430000,1.809000,128.583921,3703,349,0,145,273,2190,11,0
53.237401,2.284000,111.000,20.430000,1.809000,128.584402,3703,349,0,145,273,2190,11,0
53.249587,12.186000,111.000,20.430000,1.809000,128.586058,3703,349,0,144,272,2188,11,2
53.259642,10.055000,111.000,20.430000,1.809000,128.576139,3698,346,0,142,271,2186,11,2
53.268642,9.000000,111.000,20.430000,1.809000,128.571989,3692,346,0,143,271,2186,11,2
53.270618,1.976000,111.000,20.430000,1.809000,128.572470,3692,346,0,144,271,2186,11,2
53.285406,14.788000,111.000,20.430000,1.809000,128.589945,3714,348,0,144,271,2186,11,0
53.287833,2.427000,111.000,20.430000,1.809000,128.583818,3704,348,0,146,273,2190,11,0
53.301845,14.012000,111.000,20.430000,1.809000,128.580809,3698,348,0,145,272,2188,11,0
53.303925,2.080000,111.000,20.430000,1.809000,128.581289,3698,348,0,143,272,2188,11,0
53.318365,14.440000,111.000,20.430000,1.809000,128.583414,3701,348,0,141,270,2184,11,0
53.320213,1.848000,111.000,20.430000,1.809000,128.583895,3701,348,0,144,270,2184,11,0
53.335234,15.021000,111.000,20.430000,1.809000,128.575556,3700,344,0,142,268,2180,11,0
53.337125,1.891000,111.000,20.430000,1.809000,128.568499,3688,344,0,142,268,2180,11,0
53.351965,14.840000,111.000,20.430000,1.809000,128.569006,3688,344,0,140,266,2176,11,0
53.353893,1.928000,111.000,20.430000,1.809000,128.569403,3688,344,0,138,265,2174,11,0
53.368614,14.721000,111.000,20.430000,1.809000,128.569628,3688,344,0,137,264,2172,11,0
53.370487,1.873000,111.000,20.430000,1.809000,128.556444,3682,339,0,138,264,2172,11,0
53.385113,14.626000,111.000,20.430000,1.809000,128.550573,3672,339,0,138,264,2172,11,0
53.388880,3.767000,111.000,20.430000,1.809000,128.565004,3674,339,0,148,276,2196,11,0
53.401731,12.851000,111.000,20.430000,1.809000,128.567083,3677,339,0,148,276,2196,11,0
53.403657,1.926000,111.000,20.430000,1.809000,128.561060,3674,339,0,138,266,2176,11,0
53.418573,14.916000,111.000,20.430000,1.809000,128.561537,3674,339,0,138,266,2176,11,0
53.420569,1.996000,111.000,20.430000,1.809000,128.560377,3671,339,0,138,266,2176,11,0
53.435048,14.479000,111.000,20.430000,1.809000,128.560858,3671,339,0,138,266,2176,11,0
53.437315,2.267000,111.000,20.430000,1.809000,128.561338,3671,339,0,136,264,2172,11,0
53.452760,15.445000,111.000,20.430000,1.809000,128.561827,3671,339,0,136,264,2172,11,0
53.456018,3.258000,111.000,20.430000,1.809000,128.562262,3671,339,0,136,264,2172,11,0
53.469886,13.868000,111.000,20.430000,1.809000,128.562719,3671,339,0,136,264,2172,11,0
53.474095,4.209000,111.000,20.430000,1.809000,128.563200,3671,339,0,136,264,2172,11,0
53.477868,3.773000,111.000,20.430000,1.809000,128.563696,3671,339,0,136,264,2172,11,0
53.493260,15.392000,111.000,20.430000,1.809000,128.564177,3671,339,0,136,264,2172,11,0
53.499211,5.951000,111.000,20.430000,1.809000,128.564596,3671,339,0,136,264,2172,11,0
53.502839,3.628000,111.000,20.430000,1.809000,128.565077,3671,339,0,136,264,2172,11,0
53.519109,16.270000,111.000,20.430000,1.809000,128.565573,3671,339,0,136,264,2172,11,0
53.523079,3.970000,111.000,20.430000,1.809000,128.566053,3671,339,0,136,264,2172,11,0
53.535973,12.894000,111.000,20.430000,1.809000,128.568113,3674,339,0,134,260,2164,11,0
53.538970,2.997000,111.000,20.430000,1.809000,128.543268,3662,333,0,131,258,2160,11,0
53.553552,14.582000,111.000,20.430000,1.809000,128.533667,3647,333,0,129,256,2156,11,0
53.557478,3.926000,111.000,20.430000,1.809000,128.528532,3647,333,0,130,256,2156,11,0
53.570769,13.291000,111.000,20.430000,1.809000,128.527361,3644,333,0,130,256,2156,11,0
53.574216,3.447000,111.000,20.430000,1.809000,128.527842,3644,333,0,128,256,2156,11,0
53.585270,11.054000,111.000,20.430000,1.809000,128.529997,3647,333,0,128,256,2156,11,0
53.587497,2.227000,111.000,20.430000,1.809000,128.530432,3647,333,0,128,256,2156,11,0
53.603437,15.940000,111.000,20.430000,1.809000,128.529253,3644,333,0,128,256,2156,11,0
53.607069,3.632000,111.000,20.430000,1.809000,128.529734,3644,333,0,128,256,2156,11,0
53.619761,12.692000,111.000,20.430000,1.809000,128.536203,3654,333,0,128,256,2156,11,0
53.636714,16.953000,111.000,20.430000,1.809000,128.536699,3654,333,0,129,256,2156,11,0
53.651879,15.165000,111.000,20.430000,1.809000,128.535540,3651,333,0,129,256,2156,11,0
53.658483,6.604000,111.000,20.430000,1.809000,128.536005,3651,333,0,129,256,2156,11,0
53.661775,3.292000,111.000,20.430000,1.809000,128.536486,3651,333,0,128,256,2156,11,0
53.677512,15.737000,111.000,20.430000,1.809000,128.637114,3703,342,0,172,339,2322,11,0
53.684699,7.187000,116.000,17.510000,1.905000,128.637594,3703,342,0,172,339,2322,11,0
53.687631,2.932000,116.000,17.510000,1.905000,128.636435,3700,342,0,138,297,2238,11,0
53.701239,13.608000,116.000,17.510000,1.905000,128.620378,3700,342,0,138,297,2238,11,0
53.704336,3.097000,116.000,17.510000,1.905000,128.620859,3700,342,0,138,297,2238,11,0
53.717883,13.547000,116.000,17.510000,1.905000,128.626787,3700,342,0,149,308,2260,11,0
53.720608,2.725000,116.000,17.510000,1.905000,128.613459,3675,342,0,149,308,2260,11,0
53.735058,14.450000,116.000,17.510000,1.905000,128.610048,3675,342,0,141,300,2244,11,0
53.737117,2.059000,116.000,17.510000,1.905000,128.610529,3675,342,0,141,300,2244,11,0
53.751771,14.654000,116.000,17.510000,1.905000,128.611010,3675,342,0,141,300,2244,11,0
53.754613,2.842000,116.000,17.510000,1.905000,128.611490,3675,342,0,141,300,2244,11,0
53.768259,13.646000,116.000,17.510000,1.905000,128.610331,3672,342,0,141,300,2244,11,0
53.770435,2.176000,116.000,17.510000,1.905000,128.610811,3672,342,0,141,300,2244,11,0
53.785034,14.599000,116.000,17.510000,1.905000,128.611292,3672,342,0,141,300,2244,11,0
53.787131,2.097000,116.000,17.510000,1.905000,128.611773,3672,342,0,141,300,2244,11,0
53.802418,15.287000,116.000,17.510000,1.905000,128.612253,3672,342,0,141,300,2244,11,0
53.806257,3.839000,116.000,17.510000,1.905000,128.610231,3668,342,0,139,265,2174,11,0
53.818254,11.997000,116.000,17.510000,1.905000,128.609018,3665,342,0,139,265,2174,11,0
53.820627,2.373000,116.000,17.510000,1.905000,128.605112,3663,342,0,139,265,2174,11,0
53.835204,14.577000,116.000,17.510000,1.905000,128.575598,3663,342,0,140,265,2174,11,0
53.843043,7.839000,116.000,17.510000,1.905000,128.576063,3663,342,0,140,265,2174,11,0
53.845946,2.903000,116.000,17.510000,1.905000,128.576544,3663,342,0,139,264,2172,11,0
53.860657,14.711000,116.000,17.510000,1.905000,128.577040,3663,342,0,139,264,2172,11,0
53.867954,7.297000,116.000,17.510000,1.905000,128.577520,3663,342,0,139,264,2172,11,0
53.870730,2.776000,116.000,17.510000,1.905000,128.578188,3666,342,0,139,264,2172,11,0
53.885686,14.956000,116.000,17.510000,1.905000,128.578623,3666,342,0,140,264,2172,11,0
53.903995,18.309000,116.000,17.510000,1.905000,128.578989,3666,342,0,140,264,2172,11,0
53.908652,4.657000,116.000,17.510000,1.905000,128.575968,3660,342,0,137,263,2170,11,0
53.912299,3.647000,116.000,17.510000,1.905000,128.578081,3663,342,0,137,263,2170,11,0
53.926458,14.159000,116.000,17.510000,1.905000,128.578562,3663,342,0,137,261,2166,11,0
53.936189,9.731000,116.000,17.510000,1.905000,128.579050,3663,342,0,136,260,2164,11,0
53.939580,3.391000,116.000,17.510000,1.905000,128.569117,3659,338,0,134,260,2164,11,0
53.952033,12.453000,116.000,17.510000,1.905000,128.567026,3655,338,0,134,260,2164,11,0
53.955814,3.781000,116.000,17.510000,1.905000,128.561892,3646,338,0,134,258,2160,11,0
53.969441,13.627000,116.000,17.510000,1.905000,128.562304,3646,338,0,133,257,2158,11,0
53.972922,3.481000,116.000,17.510000,1.905000,128.547251,3637,333,0,131,256,2156,11,0
53.986339,13.417000,116.000,17.510000,1.905000,128.541368,3627,333,0,131,256,2156,11,0
53.988637,2.298000,116.000,17.510000,1.905000,128.541849,3627,333,0,130,256,2156,11,0
54.002436,13.799000,116.000,17.510000,1.905000,128.556299,3629,333,0,141,268,2180,11,0
54.004572,2.136000,116.000,17.510000,1.905000,128.556780,3629,333,0,141,268,2180,11,0
54.019322,14.750000,116.000,17.510000,1.905000,128.555029,3632,333,0,133,260,2164,11,0
54.022939,3.617000,116.000,17.510000,1.905000,128.555510,3632,333,0,133,260,2164,11,0
54.036356,13.417000,116.000,17.510000,1.905000,128.557623,3635,333,0,133,260,2164,11,0
54.040518,4.162000,116.000,17.510000,1.905000,128.558104,3635,333,0,133,260,2164,11,0
54.052031,11.513000,116.000,17.510000,1.905000,128.558584,3635,333,0,133,260,2164,11,0
54.054733,2.702000,116.000,17.510000,1.905000,128.559065,3635,333,0,133,260,2164,11,0
54.069570,14.837000,116.000,17.510000,1.905000,128.560137,3635,333,0,133,260,2164,11,1
54.073559,3.989000,116.000,17.510000,1.905000,128.560572,3635,333,0,133,260,2164,11,1
54.086236,12.677000,116.000,17.510000,1.905000,128.561377,3635,333,0,133,260,2164,11,1
54.088918,2.682000,116.000,17.510000,1.905000,128.561857,3635,333,0,133,260,2164,11,1
54.104651,15.733000,116.000,17.510000,1.905000,128.564627,3644,332,0,133,260,2164,11,0
54.107297,2.646000,116.000,17.510000,1.905000,128.561850,3639,332,0,134,260,2164,11,0
54.118708,11.411000,116.000,17.510000,1.905000,128.560686,3636,332,0,134,260,2164,11,0
54.120874,2.166000,116.000,17.510000,1.905000,128.561167,3636,332,0,134,260,2164,11,0
54.136274,15.400000,116.000,17.510000,1.905000,128.561594,3636,332,0,134,260,2164,11,0
54.138978,2.704000,116.000,17.510000,1.905000,128.557665,3634,332,0,132,256,2156,11,0
54.152660,13.682000,116.000,17.510000,1.905000,128.558149,3634,332,0,132,256,2156,11,0
54.156351,3.691000,116.000,17.510000,1.905000,128.558584,3634,332,0,132,256,2156,11,0
54.176715,20.364000,116.000,17.510000,1.905000,128.553434,3634,332,0,132,256,2156,11,0
54.181024,4.309000,116.000,17.510000,1.905000,128.553900,3634,332,0,131,256,2156,11,0
54.193828,12.804000,116.000,17.510000,1.905000,128.554380,3634,332,0,131,256,2156,11,0
54.207597,13.769000,116.000,17.510000,1.905000,128.558104,3639,332,0,131,256,2156,11,0
54.212601,5.004000,116.000,17.510000,1.905000,128.556684,3636,332,0,133,256,2156,11,0
54.215593,2.992000,116.000,17.510000,1.905000,128.557135,3636,332,0,133,256,2156,11,0
54.230794,15.201000,116.000,17.510000,1.905000,128.563620,3646,332,0,131,256,2156,11,0
54.239978,9.184000,116.000,17.510000,1.905000,128.565779,3649,332,0,131,256,2156,11,0
54.243893,3.915000,116.000,17.510000,1.905000,128.566259,3649,332,0,131,256,2156,11,0
54.257412,13.519000,116.000,17.510000,1.905000,128.565046,3646,332,0,131,256,2156,11,0
54.262009,4.597000,116.000,17.510000,1.905000,128.565527,3646,332,0,131,255,2154,11,0
54.267051,5.042000,116.000,17.510000,1.905000,128.564413,3643,332,0,131,255,2154,11,0
54.280473,13.422000,116.000,17.510000,1.905000,128.564894,3643,332,0,130,255,2154,11,0
54.298294,17.821000,116.000,17.510000,1.905000,128.670645,3706,341,0,172,337,2318,11,0
54.305743,7.449000,116.000,17.510000,1.905000,128.654589,3706,341,0,138,297,2238,11,0
54.308213,2.470000,116.000,17.510000,1.905000,128.655069,3706,341,0,138,297,2238,11,0
54.322484,14.271000,116.000,17.510000,1.905000,128.655550,3706,341,0,138,297,2238,11,0
54.325270,2.786000,116.000,17.510000,1.905000,128.659758,3706,341,0,146,305,2254,11,0
54.339961,14.691000,116.000,17.510000,1.905000,128.647505,3683,341,0,136,295,2234,11,0
54.342501,2.540000,116.000,17.510000,1.905000,128.643122,3683,341,0,136,295,2234,11,0
54.355795,13.294000,116.000,17.510000,1.905000,128.643602,3683,341,0,136,295,2234,11,0
54.363706,7.911000,116.000,17.510000,1.905000,128.633684,3678,338,0,135,294,2232,11,0
54.366737,3.031000,116.000,17.510000,1.905000,128.630426,3672,338,0,135,294,2232,11,0
54.380476,13.739000,116.000,17.510000,1.905000,128.630907,3672,338,0,134,293,2230,11,0
54.391227,10.751000,116.000,17.510000,1.905000,128.644899,3679,342,0,134,293,2230,11,0
54.394474,3.247000,116.000,17.510000,1.905000,128.646067,3679,342,0,135,295,2234,11,0
54.406969,12.495000,116.000,17.510000,1.905000,128.646544,3679,342,0,135,295,2234,11,0
54.411355,4.386000,116.000,17.510000,1.905000,128.647024,3679,342,0,135,295,2234,11,0
54.422456,11.101000,116.000,17.510000,1.905000,128.631823,3670,337,0,134,294,2232,11,0
54.424646,2.190000,116.000,17.510000,1.905000,128.626757,3660,337,0,132,258,2160,11,0
54.439817,15.171000,116.000,17.510000,1.905000,128.627184,3660,337,0,132,258,2160,11,0
54.443528,3.711000,116.000,17.510000,1.905000,128.623255,3658,337,0,132,258,2160,11,0
54.456131,12.603000,116.000,17.510000,1.905000,128.593931,3661,337,0,132,258,2160,11,0
54.458840,2.709000,116.000,17.510000,1.905000,128.594412,3661,337,0,132,258,2160,11,0
54.473195,14.355000,116.000,17.510000,1.905000,128.593187,3658,337,0,132,258,2160,11,0
54.476353,3.158000,116.000,17.510000,1.905000,128.593668,3658,337,0,133,258,2160,11,0
54.489745,13.392000,116.000,17.510000,1.905000,128.594149,3658,337,0,133,258,2160,11,0
54.493870,4.125000,116.000,17.510000,1.905000,128.594629,3658,337,0,133,258,2160,11,0
54.506865,12.995000,116.000,17.510000,1.905000,128.594927,3658,337,0,133,258,2160,11,0
54.510561,3.696000,116.000,17.510000,1.905000,128.591906,3652,337,0,134,258,2160,11,0
54.522703,12.142000,116.000,17.510000,1.905000,128.589106,3646,337,0,133,257,2158,11,0
54.525092,2.389000,116.000,17.510000,1.905000,128.589586,3646,337,0,132,257,2158,11,0
54.539456,14.364000,116.000,17.510000,1.905000,128.590067,3646,337,0,130,255,2154,11,0
54.542001,2.545000,116.000,17.510000,1.905000,128.580133,3642,333,0,130,254,2152,11,0
54.557404,15.403000,116.000,17.510000,1.905000,128.576220,3635,333,0,130,254,2152,11,0
54.560780,3.376000,116.000,17.510000,1.905000,128.576700,3635,333,0,127,252,2148,11,0
54.573317,12.537000,116.000,17.510000,1.905000,128.573946,3630,333,0,126,251,2146,11,0
54.576315,2.998000,116.000,17.510000,1.905000,128.574343,3630,333,0,126,250,2144,11,0
54.590250,13.935000,116.000,17.510000,1.905000,128.560888,3624,328,0,125,249,2142,11,0
54.592602,2.352000,116.000,17.510000,1.905000,128.555006,3614,328,0,124,249,2142,11,0
54.605943,13.341000,116.000,17.510000,1.905000,128.569410,3616,328,0,135,261,2166,11,0
54.608381,2.438000,116.000,17.510000,1.905000,128.569891,3616,328,0,135,261,2166,11,0
54.622699,14.318000,116.000,17.510000,1.905000,128.568167,3619,328,0,127,253,2150,11,0
54.624585,1.886000,116.000,17.510000,1.905000,128.568647,3619,328,0,127,253,2150,11,0
54.639693,15.108000,116.000,17.510000,1.905000,128.569113,3619,328,0,127,253,2150,11,0
54.642177,2.484000,116.000,17.510000,1.905000,128.569593,3619,328,0,127,253,2150,11,0
54.657688,15.511000,116.000,17.510000,1.905000,128.570089,3619,328,0,127,253,2150,11,0
54.661404,3.716000,116.000,17.510000,1.905000,128.570570,3619,328,0,127,253,2150,11,0
54.672915,11.511000,116.000,17.510000,1.905000,128.571051,3619,328,0,127,253,2150,11,0
54.675225,2.310000,116.000,19.216000,1.867000,128.571531,3619,328,0,127,253,2150,11,0
54.689576,14.351000,116.000,19.216000,1.867000,128.570372,3616,328,0,127,253,2150,11,0
54.691804,2.228000,116.000,19.216000,1.867000,128.570852,3616,328,0,127,253,2150,11,0
54.707244,15.440000,116.000,19.216000,1.867000,128.571333,3616,328,0,127,253,2150,11,0
54.710542,3.298000,116.000,19.216000,1.867000,128.571814,3616,328,0,127,253,2150,11,0
54.723825,13.283000,116.000,19.216000,1.867000,128.573954,3619,328,0,127,253,2150,11,0
54.740044,16.219000,116.000,19.216000,1.867000,128.576063,3622,328,0,127,253,2150,11,0
54.743799,3.755000,116.000,19.216000,1.867000,128.576490,3622,328,0,127,253,2150,11,0
54.757784,13.985000,116.000,19.216000,1.867000,128.560987,3616,324,0,125,249,2142,11,0
54.761614,3.830000,116.000,19.216000,1.867000,128.558332,3610,324,0,125,249,2142,11,0
54.773835,12.221000,116.000,19.216000,1.867000,128.552214,3610,324,0,123,247,2138,11,0
54.777874,4.039000,116.000,19.216000,1.867000,128.552694,3610,324,0,120,247,2138,11,0
54.791545,13.671000,116.000,19.216000,1.867000,128.553175,3610,324,0,120,247,2138,11,0
54.806216,14.671000,116.000,19.216000,1.867000,128.553656,3610,324,0,123,247,2138,11,0
54.814927,8.711000,116.000,19.216000,1.867000,128.555765,3613,324,0,123,247,2138,11,0
54.817470,2.543000,116.000,19.216000,1.867000,128.556246,3613,324,0,121,247,2138,11,0
54.831736,14.266000,116.000,19.216000,1.867000,128.555067,3610,324,0,121,247,2138,11,0
54.839625,7.889000,116.000,19.216000,1.867000,128.561522,3620,324,0,123,247,2138,11,0
54.842430,2.805000,116.000,19.216000,1.867000,128.562002,3620,324,0,121,247,2138,11,0
54.857659,15.229000,116.000,19.216000,1.867000,128.564116,3623,324,0,121,247,2138,11,0
54.861649,3.990000,116.000,19.216000,1.867000,128.562956,3620,324,0,123,247,2138,11,0
54.873850,12.201000,116.000,19.216000,1.867000,128.563398,3620,324,0,123,247,2138,11,0
54.877227,3.377000,116.000,19.216000,1.867000,128.563833,3620,324,0,121,247,2138,11,0
54.894644,17.417000,116.000,19.216000,1.867000,128.666410,3672,333,0,169,334,2312,11,0
54.906255,11.611000,116.000,19.216000,1.867000,128.666891,3672,333,0,169,334,2312,11,0
54.909196,2.941000,116.000,19.216000,1.867000,128.652781,3672,333,0,139,298,2240,11,0
54.922640,13.444000,116.000,19.216000,1.867000,128.653261,3672,333,0,139,298,2240,11,0
54.930427,7.787000,116.000,19.216000,1.867000,128.658171,3672,333,0,148,307,2258,11,0
54.933317,2.890000,116.000,19.216000,1.867000,128.649256,3655,333,0,148,307,2258,11,0
54.947093,13.776000,116.000,19.216000,1.867000,128.645845,3655,333,0,140,299,2242,11,0
54.955670,8.577000,116.000,19.216000,1.867000,128.644686,3652,333,0,140,299,2242,11,0
54.958001,2.331000,116.000,19.216000,1.867000,128.643480,3649,333,0,140,299,2242,11,0
54.972545,14.544000,116.000,19.216000,1.867000,128.643961,3649,333,0,140,299,2242,11,0
54.978847,6.302000,116.000,19.216000,1.867000,128.646112,3652,333,0,140,299,2242,11,0
54.989167,10.320000,116.000,19.216000,1.867000,128.646593,3652,333,0,141,299,2242,11,0
54.993519,4.352000,116.000,19.216000,1.867000,128.647074,3652,333,0,141,299,2242,11,0
55.005976,12.457000,116.000,19.216000,1.867000,128.647554,3652,333,0,141,299,2242,11,0
55.014550,8.574000,116.000,19.216000,1.867000,128.648035,3652,333,0,141,299,2242,11,0
55.017262,2.712000,116.000,19.216000,1.867000,128.645967,3648,333,0,139,264,2172,11,0
55.031599,14.337000,116.000,19.216000,1.867000,128.644754,3645,333,0,139,264,2172,11,0
55.040004,8.405000,116.000,19.216000,1.867000,128.610792,3643,333,0,139,264,2172,11,0
55.044003,3.999000,116.000,19.216000,1.867000,128.611273,3643,333,0,139,264,2172,11,0
55.058171,14.168000,116.000,19.216000,1.867000,128.611784,3643,333,0,138,263,2170,11,0
55.060851,2.680000,116.000,19.216000,1.867000,128.612265,3643,333,0,139,263,2170,11,0
55.072625,11.774000,116.000,19.216000,1.867000,128.611074,3640,333,0,139,263,2170,11,0
55.074926,2.301000,116.000,19.216000,1.867000,128.610029,3640,333,0,138,263,2170,11,0
55.092621,17.695000,116.000,19.216000,1.867000,128.610575,3640,333,0,138,263,2170,11,0
55.100569,7.948000,116.000,19.216000,1.867000,128.610918,3640,333,0,138,263,2170,11,0
55.115809,15.240000,116.000,19.216000,1.867000,128.607912,3634,333,0,138,263,2170,11,0
55.119971,4.162000,116.000,19.216000,1.867000,128.608408,3634,333,0,136,262,2168,11,0
55.130917,10.946000,116.000,19.216000,1.867000,128.608889,3634,333,0,134,260,2164,11,0
55.140499,9.582000,116.000,19.216000,1.867000,128.598879,3630,329,0,133,259,2162,11,0
55.144239,3.740000,116.000,19.216000,1.867000,128.595011,3623,329,0,132,259,2162,11,0
55.158110,13.871000,116.000,19.216000,1.867000,128.594473,3620,329,0,130,257,2158,11,1
55.161457,3.347000,116.000,19.216000,1.867000,128.594908,3620,329,0,132,257,2158,11,1
55.172923,11.466000,116.000,19.216000,1.867000,128.595613,3620,329,0,131,256,2156,11,1
55.175290,2.367000,116.000,19.216000,1.867000,128.580561,3611,324,0,128,255,2154,11,1
55.191123,15.833000,116.000,19.216000,1.867000,128.693243,3721,347,0,128,255,2154,11,0
55.194949,3.826000,116.000,19.216000,1.867000,128.690466,3716,347,0,144,267,2178,11,0
55.199882,4.933000,116.000,19.216000,1.867000,128.705572,3715,347,0,156,282,2208,11,0
55.213876,13.994000,116.000,19.216000,1.867000,128.702162,3715,347,0,148,274,2192,11,0
55.222493,8.617000,116.000,19.216000,1.867000,128.702627,3715,347,0,148,274,2192,11,0
55.224531,2.038000,116.000,19.216000,1.867000,128.703108,3715,347,0,148,274,2192,11,0
55.240011,15.480000,116.000,19.216000,1.867000,128.703604,3715,347,0,148,274,2192,11,0
55.243341,3.330000,116.000,19.216000,1.867000,128.704084,3715,347,0,148,274,2192,11,0
55.256310,12.969000,116.000,19.216000,1.867000,128.704550,3715,347,0,148,274,2192,11,0
55.259687,3.377000,116.000,19.216000,1.867000,128.704985,3715,347,0,148,274,2192,11,0
55.272630,12.943000,116.000,19.216000,1.867000,128.707132,3718,347,0,148,274,2192,11,0
55.274635,2.005000,116.000,19.216000,1.867000,128.707567,3718,347,0,148,274,2192,11,0
55.290157,15.522000,116.000,19.216000,1.867000,128.708033,3718,347,0,148,274,2192,11,0
55.296587,6.430000,116.000,19.216000,1.867000,128.708513,3718,347,0,148,274,2192,11,0
55.300027,3.440000,116.000,19.216000,1.867000,128.710657,3721,347,0,148,274,2192,11,0
55.314588,14.561000,116.000,19.216000,1.867000,128.711138,3721,347,0,148,274,2192,11,0
55.322547,7.959000,116.000,19.216000,1.867000,128.711603,3721,347,0,148,274,2192,11,0
55.324452,1.905000,116.000,19.216000,1.867000,128.712084,3721,347,0,148,274,2192,11,0
55.339391,14.939000,116.000,19.216000,1.867000,128.712580,3721,347,0,148,274,2192,11,0
55.341628,2.237000,116.000,19.216000,1.867000,128.708597,3719,347,0,146,269,2182,11,0
55.356011,14.383000,116.000,19.216000,1.867000,128.710711,3722,347,0,145,268,2180,11,0
55.358273,2.262000,116.000,19.216000,1.867000,128.711191,3722,347,0,145,268,2180,11,0
55.373577,15.304000,116.000,19.216000,1.867000,128.704691,3722,347,0,145,268,2180,11,0
55.380359,6.782000,116.000,19.216000,1.867000,128.705172,3722,347,0,143,268,2180,11,0
55.382748,2.389000,116.000,19.216000,1.867000,128.705652,3722,347,0,143,268,2180,11,0
55.397124,14.376000,116.000,19.216000,1.867000,128.706133,3722,347,0,144,268,2180,11,0
55.405758,8.634000,116.000,19.216000,1.867000,128.708273,3725,347,0,144,268,2180,11,0
55.410031,4.273000,116.000,19.216000,1.867000,128.708754,3725,347,0,143,268,2180,11,0
55.422523,12.492000,116.000,19.216000,1.867000,128.710863,3728,347,0,143,268,2180,11,0
55.424556,2.033000,116.000,19.216000,1.867000,128.717348,3738,347,0,144,268,2180,11,0
55.439273,14.717000,116.000,19.216000,1.867000,128.717836,3738,347,0,144,268,2180,11,0
55.441215,1.942000,116.000,19.216000,1.867000,128.718317,3738,347,0,143,267,2178,11,0
55.455992,14.777000,116.000,19.216000,1.867000,128.708323,3733,344,0,143,267,2178,11,0
55.458017,2.025000,116.000,19.216000,1.867000,128.705111,3727,344,0,143,267,2178,11,0
55.472780,14.763000,116.000,19.216000,1.867000,128.594149,3687,308,0,143,267,2178,11,0
55.474808,2.028000,116.000,19.216000,1.867000,128.562471,3637,308,0,132,249,2142,11,0
55.487296,12.488000,116.000,19.216000,1.867000,128.661295,3692,317,0,170,326,2296,11,0
55.497015,9.719000,116.000,19.216000,1.867000,128.643293,3692,317,0,133,282,2208,11,0
55.505718,8.703000,116.000,19.216000,1.867000,128.642134,3689,317,0,133,282,2208,11,0
55.508057,2.339000,116.000,19.216000,1.867000,128.647089,3689,317,0,142,291,2226,11,0
55.524101,16.044000,116.000,19.216000,1.867000,128.638182,3672,317,0,142,291,2226,11,0
55.526253,2.152000,116.000,19.216000,1.867000,128.638662,3672,317,0,142,291,2226,11,0
55.528962,2.709000,116.000,19.216000,1.867000,128.635241,3672,317,0,134,283,2210,11,0
55.543804,14.842000,116.000,19.216000,1.867000,128.635721,3672,317,0,135,283,2210,11,0
55.548358,4.554000,116.000,19.216000,1.867000,128.636202,3672,317,0,135,283,2210,11,0
55.559582,11.224000,116.000,19.216000,1.867000,128.636683,3672,317,0,135,283,2210,11,0
55.568190,8.608000,116.000,19.216000,1.867000,128.637163,3672,317,0,135,283,2210,11,0
55.570228,2.038000,116.000,19.216000,1.867000,128.637598,3672,317,0,135,283,2210,11,0
55.580827,10.599000,116.000,19.216000,1.867000,128.636438,3669,317,0,135,283,2210,11,0
55.585726,4.899000,116.000,19.216000,1.867000,128.636919,3669,317,0,135,283,2210,11,0
55.597301,11.575000,116.000,19.216000,1.867000,128.637400,3669,317,0,135,283,2210,11,0
55.599219,1.918000,116.000,19.216000,1.867000,128.637880,3669,317,0,135,283,2210,11,0
55.614461,15.242000,116.000,19.216000,1.867000,128.637510,3668,317,0,135,283,2210,11,0
55.616531,2.070000,116.000,19.216000,1.867000,128.637991,3668,317,0,133,248,2140,11,0
55.630869,14.338000,116.000,19.216000,1.867000,128.636778,3665,317,0,133,248,2140,11,0
55.632836,1.967000,116.000,19.216000,1.867000,128.632849,3663,317,0,133,248,2140,11,0
55.647846,15.010000,116.000,19.216000,1.867000,128.601736,3660,317,0,132,247,2138,11,0
55.649670,1.824000,116.000,19.216000,1.867000,128.602217,3660,317,0,131,247,2138,11,0
55.663965,14.295000,116.000,19.216000,1.867000,128.604296,3663,317,0,131,247,2138,11,0
55.672209,8.244000,116.000,19.216000,1.867000,128.614649,3681,317,0,132,247,2138,11,0
55.684777,12.568000,117.000,16.742000,2.938000,128.581465,3627,317,0,132,247,2138,11,0
55.686973,2.196000,117.000,16.742000,2.938000,128.581945,3627,317,0,132,247,2138,11,0
55.702064,15.091000,117.000,16.742000,2.938000,128.582243,3627,317,0,132,247,2138,11,0
55.709399,7.335000,117.000,16.742000,2.938000,128.579222,3621,317,0,132,247,2138,11,0
55.711624,2.225000,117.000,16.742000,2.938000,128.578108,3618,317,0,131,246,2136,11,0
55.726206,14.582000,117.000,16.742000,2.938000,128.578588,3618,317,0,129,246,2136,11,0
55.728503,2.297000,117.000,16.742000,2.938000,128.579008,3618,317,0,127,244,2132,11,0
55.742910,14.407000,117.000,16.742000,2.938000,128.579489,3618,317,0,128,243,2130,11,0
55.745584,2.674000,117.000,16.742000,2.938000,128.567884,3611,313,0,128,243,2130,11,0
55.759565,13.981000,117.000,16.742000,2.938000,128.564016,3604,313,0,126,243,2130,11,0
55.761877,2.312000,117.000,16.742000,2.938000,128.562826,3601,313,0,124,241,2126,11,0
55.778829,16.952000,117.000,16.742000,2.938000,128.563223,3601,313,0,126,240,2124,11,0
55.798335,19.506000,117.000,16.742000,2.938000,128.548140,3592,308,0,125,239,2122,11,0
55.800320,1.985000,117.000,16.742000,2.938000,128.542303,3582,308,0,124,239,2122,11,0
55.813834,13.514000,117.000,16.742000,2.938000,128.556669,3584,308,0,135,251,2146,11,0
55.822141,8.307000,117.000,16.742000,2.938000,128.557150,3584,308,0,135,251,2146,11,0
55.824526,2.385000,117.000,16.742000,2.938000,128.557631,3584,308,0,135,251,2146,11,0
55.838783,14.257000,117.000,16.742000,2.938000,128.553247,3584,308,0,125,241,2126,11,0
55.841460,2.677000,117.000,16.742000,2.938000,128.579325,3619,309,0,125,241,2126,11,0
55.857051,15.591000,117.000,16.742000,2.938000,128.568361,3601,309,0,126,242,2128,11,0
55.864049,6.998000,117.000,16.742000,2.938000,128.567186,3598,309,0,126,242,2128,11,0
55.865712,1.663000,117.000,16.742000,2.938000,128.567667,3598,309,0,126,242,2128,11,0
55.880858,15.146000,117.000,16.742000,2.938000,128.568163,3598,309,0,126,242,2128,11,0
55.888666,7.808000,117.000,16.742000,2.938000,128.568644,3598,309,0,126,242,2128,11,0
55.892878,4.212000,117.000,16.742000,2.938000,128.569109,3598,309,0,126,242,2128,11,0
55.905345,12.467000,117.000,16.742000,2.938000,128.569590,3598,309,0,126,242,2128,11,0
55.907500,2.155000,117.000,16.742000,2.938000,128.568445,3595,309,0,126,242,2128,11,0
55.922116,14.616000,117.000,16.742000,2.938000,128.568846,3595,309,0,126,242,2128,11,0
55.932560,10.444000,117.000,16.742000,2.938000,128.569311,3595,309,0,126,242,2128,11,0
55.934440,1.880000,117.000,16.742000,2.938000,128.569746,3595,309,0,126,242,2128,11,0
55.947573,13.133000,117.000,16.742000,2.938000,128.570143,3595,309,0,126,242,2128,11,0
55.955354,7.781000,117.000,16.742000,2.938000,128.566214,3593,309,0,124,238,2120,11,0
55.957514,2.160000,117.000,16.742000,2.938000,128.566679,3593,309,0,124,238,2120,11,0
55.972067,14.553000,117.000,16.742000,2.938000,128.567160,3593,309,0,124,238,2120,11,0
55.974285,2.218000,117.000,16.742000,2.938000,128.562738,3596,309,0,122,236,2116,11,0
55.988776,14.491000,117.000,16.742000,2.938000,128.563219,3596,309,0,122,236,2116,11,0
55.991141,2.365000,117.000,16.742000,2.938000,128.563692,3596,309,0,122,236,2116,11,0
56.005249,14.108000,117.000,16.742000,2.938000,128.564173,3596,309,0,121,236,2116,11,0
56.014163,8.914000,117.000,16.742000,2.938000,128.566313,3599,309,0,121,236,2116,11,0
56.015833,1.670000,117.000,16.742000,2.938000,128.566793,3599,309,0,121,236,2116,11,0
56.030706,14.873000,117.000,16.742000,2.938000,128.567240,3599,309,0,110,230,2104,11,0
56.038658,7.952000,117.000,16.742000,2.938000,128.567720,3599,309,0,109,230,2104,11,0
56.042768,4.110000,117.000,16.742000,2.938000,128.574221,3609,309,0,109,230,2104,11,0
56.055376,12.608000,117.000,16.742000,2.938000,128.574701,3609,309,0,111,230,2104,11,0
56.057791,2.415000,117.000,16.742000,2.938000,128.582460,3615,311,0,111,230,2104,11,0
56.072020,14.229000,117.000,16.742000,2.938000,128.583410,3615,311,0,111,231,2106,11,0
56.074081,2.061000,117.000,16.742000,2.938000,128.583841,3615,311,0,111,231,2106,11,0
56.088399,14.318000,117.000,16.742000,2.938000,128.584322,3615,311,0,109,231,2106,11,0
56.090721,2.322000,117.000,16.742000,2.938000,128.584803,3615,311,0,110,231,2106,11,0
56.104668,13.947000,117.000,16.742000,2.938000,128.692499,3672,320,0,164,323,2290,11,0
56.113941,9.273000,117.000,16.742000,2.938000,128.694605,3675,320,0,164,323,2290,11,0
56.115806,1.865000,117.000,16.742000,2.938000,128.682440,3675,320,0,138,291,2226,11,0
56.131027,15.221000,117.000,16.742000,2.938000,128.684572,3678,320,0,138,291,2226,11,0
56.138609,7.582000,117.000,16.742000,2.938000,128.689753,3678,320,0,148,301,2246,11,0
56.141166,2.557000,117.000,16.742000,2.938000,128.672533,3653,320,0,140,293,2230,11,0
56.155318,14.152000,117.000,16.742000,2.938000,128.673014,3653,320,0,140,293,2230,11,0
56.157859,2.541000,117.000,16.742000,2.938000,128.673494,3653,320,0,140,293,2230,11,0
56.172081,14.222000,117.000,16.742000,2.938000,128.673975,3653,320,0,140,293,2230,11,0
56.174420,2.339000,117.000,16.742000,2.938000,128.674456,3653,320,0,140,293,2230,11,0
56.188715,14.295000,117.000,16.742000,2.938000,128.674891,3653,320,0,140,293,2230,11,0
56.193182,4.467000,117.000,16.742000,2.938000,128.677023,3656,320,0,140,293,2230,11,0
56.205302,12.120000,117.000,16.742000,2.938000,128.677504,3656,320,0,139,287,2218,11,0
56.207825,2.523000,117.000,16.742000,2.938000,128.676344,3653,320,0,139,287,2218,11,0
56.222046,14.221000,117.000,16.742000,2.938000,128.657690,3623,320,0,139,287,2218,11,0
56.224854,2.808000,117.000,16.742000,2.938000,128.658171,3623,320,0,139,287,2218,11,0
56.238855,14.001000,117.000,16.742000,2.938000,128.656096,3619,320,0,139,287,2218,11,0
56.241594,2.739000,117.000,16.742000,2.938000,128.652197,3617,320,0,137,251,2146,11,0
56.255361,13.767000,117.000,16.742000,2.938000,128.652678,3617,320,0,137,251,2146,11,0
56.257969,2.608000,117.000,16.742000,2.938000,128.653765,3617,320,0,137,251,2146,11,1
56.272027,14.058000,117.000,16.742000,2.938000,128.622793,3617,320,0,137,251,2146,11,1
56.274763,2.736000,117.000,16.742000,2.938000,128.623556,3617,320,0,137,251,2146,11,1
56.290467,15.704000,117.000,16.742000,2.938000,128.624037,3617,320,0,137,251,2146,11,1
56.308286,17.819000,117.000,16.742000,2.938000,128.623716,3623,319,0,137,251,2146,11,0
56.313417,5.131000,117.000,16.742000,2.938000,128.620939,3618,319,0,137,251,2146,11,0
56.316440,3.023000,117.000,16.742000,2.938000,128.621454,3618,319,0,137,251,2146,11,0
56.330413,13.973000,117.000,16.742000,2.938000,128.621752,3618,319,0,135,251,2146,11,0
56.340206,9.793000,117.000,16.742000,2.938000,128.620378,3615,319,0,135,251,2146,11,0
56.343539,3.333000,117.000,16.742000,2.938000,128.620859,3615,319,0,134,250,2144,11,0
56.357734,14.195000,117.000,16.742000,2.938000,128.619692,3612,319,0,134,250,2144,11,0
56.360897,3.163000,117.000,16.742000,2.938000,128.620173,3612,319,0,133,248,2140,11,0
56.372708,11.811000,117.000,16.742000,2.938000,128.619013,3609,319,0,132,247,2138,11,0
56.375203,2.495000,117.000,16.742000,2.938000,128.609079,3605,315,0,131,247,2138,11,0
56.389547,14.344000,117.000,16.742000,2.938000,128.606825,3601,315,0,131,247,2138,11,0
56.391858,2.311000,117.000,16.742000,2.938000,128.607306,3601,315,0,130,245,2134,11,0
56.406110,14.252000,117.000,16.742000,2.938000,128.607683,3601,315,0,129,244,2132,11,0
56.408732,2.622000,117.000,16.742000,2.938000,128.592585,3592,310,0,128,243,2130,11,0
56.423298,14.566000,117.000,16.742000,2.938000,128.586687,3582,310,0,128,243,2130,11,0
56.430315,7.017000,117.000,16.742000,2.938000,128.601110,3584,310,0,139,255,2154,11,0
56.432931,2.616000,117.000,16.742000,2.938000,128.599936,3581,310,0,131,247,2138,11,0
56.447275,14.344000,117.000,16.742000,2.938000,128.596525,3581,310,0,131,247,2138,11,0
56.451095,3.820000,117.000,16.742000,2.938000,128.598673,3584,310,0,131,247,2138,11,0
56.463884,12.789000,117.000,16.742000,2.938000,128.599154,3584,310,0,130,246,2136,11,0
56.472789,8.905000,117.000,16.742000,2.938000,128.599619,3584,310,0,130,246,2136,11,0
56.475380,2.591000,117.000,16.742000,2.938000,128.600100,3584,310,0,130,246,2136,11,0
56.491714,16.334000,117.000,16.742000,2.938000,128.782789,3701,358,0,130,246,2136,11,0
56.495469,3.755000,117.000,16.742000,2.938000,128.792013,3701,358,0,143,270,2184,11,0
56.501004,5.535000,117.000,16.742000,2.938000,128.792475,3701,358,0,143,270,2184,11,0
56.515749,14.745000,117.000,16.742000,2.938000,128.792955,3701,358,0,143,270,2184,11,0
56.530195,14.446000,117.000,16.742000,2.938000,128.793451,3701,358,0,143,270,2184,11,0
56.535489,5.294000,117.000,16.742000,2.938000,128.793917,3701,358,0,143,270,2184,11,0
56.547311,11.822000,117.000,16.742000,2.938000,128.794397,3701,358,0,143,270,2184,11,0
56.550797,3.486000,117.000,16.742000,2.938000,128.794893,3701,358,0,143,270,2184,11,0
56.564926,14.129000,117.000,16.742000,2.938000,128.795374,3701,358,0,143,270,2184,11,0
56.572737,7.811000,117.000,16.742000,2.938000,128.783701,3693,355,0,140,265,2174,11,0
56.574695,1.958000,117.000,16.742000,2.938000,128.776079,3685,355,0,140,265,2174,11,0
56.590468,15.773000,117.000,16.742000,2.938000,128.791845,3695,359,0,140,265,2174,11,0
56.594485,4.017000,117.000,16.742000,2.938000,128.787397,3695,359,0,141,267,2178,11,0
56.607422,12.937000,117.000,16.742000,2.938000,128.787889,3695,359,0,141,267,2178,11,0
56.610115,2.693000,117.000,16.742000,2.938000,128.788370,3695,359,0,140,267,2178,11,0
56.622662,12.547000,117.000,16.742000,2.938000,128.788870,3695,359,0,140,267,2178,11,0
56.624888,2.226000,117.000,16.742000,2.938000,128.789351,3695,359,0,139,267,2178,11,0
56.640122,15.234000,117.000,16.742000,2.938000,128.789797,3695,359,0,139,267,2178,11,0
56.644172,4.050000,117.000,16.742000,2.938000,128.790277,3695,359,0,140,267,2178,11,0
56.657321,13.149000,117.000,16.742000,2.938000,128.790773,3695,359,0,140,267,2178,11,0
56.660854,3.533000,117.000,16.742000,2.938000,128.797258,3705,359,0,140,267,2178,11,0
56.672721,11.867000,117.000,16.742000,2.938000,128.797739,3705,359,0,140,267,2178,11,0
56.674944,2.223000,116.000,18.956000,2.415000,128.798220,3705,359,0,140,267,2178,11,0
56.690170,15.226000,116.000,18.956000,2.415000,128.798704,3705,359,0,140,267,2178,11,0
56.693744,3.574000,116.000,18.956000,2.415000,128.799139,3705,359,0,139,267,2178,11,0
56.706397,12.653000,116.000,18.956000,2.415000,128.799601,3705,359,0,139,267,2178,11,0
56.709104,2.707000,116.000,18.956000,2.415000,128.800081,3705,359,0,141,267,2178,11,0
56.724359,15.255000,116.000,18.956000,2.415000,128.897013,3760,368,0,175,338,2320,11,0
56.739612,15.253000,116.000,18.956000,2.415000,128.877066,3760,368,0,133,290,2224,11,0
56.747473,7.861000,116.000,18.956000,2.415000,128.882010,3760,368,0,142,299,2242,11,0
56.751231,3.758000,116.000,18.956000,2.415000,128.871443,3740,368,0,142,299,2242,11,0
56.763834,12.603000,116.000,18.956000,2.415000,128.871923,3740,368,0,142,299,2242,11,0
56.766927,3.093000,116.000,18.956000,2.415000,128.867540,3740,368,0,132,289,2222,11,0
56.780563,13.636000,116.000,18.956000,2.415000,128.868021,3740,368,0,132,289,2222,11,0
56.789533,8.970000,116.000,18.956000,2.415000,128.868502,3740,368,0,132,289,2222,11,0
56.794500,4.967000,116.000,18.956000,2.415000,128.868982,3740,368,0,131,288,2220,11,0
56.807057,12.557000,116.000,18.956000,2.415000,128.864004,3738,366,0,131,288,2220,11,0
56.810651,3.594000,116.000,18.956000,2.415000,128.862104,3734,366,0,131,288,2220,11,0
56.823523,12.872000,116.000,18.956000,2.415000,128.864256,3737,366,0,131,288,2220,11,0
56.827008,3.485000,116.000,18.956000,2.415000,128.864737,3737,366,0,131,288,2220,11,0
56.840198,13.190000,116.000,18.956000,2.415000,128.866888,3740,366,0,131,288,2220,11,0
56.844916,4.718000,116.000,18.956000,2.415000,128.867369,3740,366,0,131,288,2220,11,0
56.855911,10.995000,116.000,18.956000,2.415000,128.863707,3733,366,0,131,288,2220,11,0
56.865515,9.604000,116.000,18.956000,2.415000,128.864187,3733,366,0,129,253,2150,11,0
56.869297,3.782000,116.000,18.956000,2.415000,128.860205,3731,366,0,129,253,2150,11,0
56.882645,13.348000,116.000,18.956000,2.415000,128.860697,3731,366,0,128,252,2148,11,0
56.885918,3.273000,116.000,18.956000,2.415000,128.831182,3731,366,0,128,252,2148,11,0
56.898710,12.792000,116.000,18.956000,2.415000,128.833326,3734,366,0,128,252,2148,11,0
56.902143,3.433000,116.000,18.956000,2.415000,128.832235,3734,366,0,128,252,2148,11,0
56.916187,14.044000,116.000,18.956000,2.415000,128.832670,3734,366,0,128,252,2148,11,0
56.921952,5.765000,116.000,18.956000,2.415000,128.831511,3731,366,0,127,252,2148,11,0
56.924885,2.933000,116.000,18.956000,2.415000,128.832022,3731,366,0,127,252,2148,11,0
56.939164,14.279000,116.000,18.956000,2.415000,128.832365,3731,366,0,127,252,2148,11,0
56.946450,7.286000,116.000,18.956000,2.415000,128.830973,3728,366,0,127,252,2148,11,0
56.950752,4.302000,116.000,18.956000,2.415000,128.829767,3725,366,0,126,251,2146,11,0
56.965927,15.175000,116.000,18.956000,2.415000,128.830259,3725,366,0,126,251,2146,11,0
56.972306,6.379000,116.000,18.956000,2.415000,128.830740,3725,366,0,122,249,2142,11,0
56.976410,4.104000,116.000,18.956000,2.415000,128.820745,3721,362,0,121,248,2140,11,0
56.989271,12.861000,116.000,18.956000,2.415000,128.816832,3714,362,0,124,248,2140,11,0
56.993537,4.266000,116.000,18.956000,2.415000,128.817327,3714,362,0,123,247,2138,11,0
57.006798,13.261000,116.000,18.956000,2.415000,128.817808,3714,362,0,119,246,2136,11,0
57.023905,17.107000,116.000,18.956000,2.415000,128.818190,3714,362,0,118,245,2134,11,0
57.030053,6.148000,116.000,18.956000,2.415000,128.804754,3708,357,0,119,244,2132,11,0
57.033024,2.971000,116.000,18.956000,2.415000,128.815214,3700,357,0,132,259,2162,11,0
57.049385,16.361000,116.000,18.956000,2.415000,128.811781,3700,357,0,124,251,2146,11,0
57.055937,6.552000,116.000,18.956000,2.415000,128.810621,3697,357,0,124,251,2146,11,0
57.061085,5.148000,116.000,18.956000,2.415000,128.811117,3697,357,0,124,251,2146,11,0
57.072192,11.107000,116.000,18.956000,2.415000,128.809958,3694,357,0,124,251,2146,11,0
57.074825,2.633000,116.000,18.956000,2.415000,128.812094,3697,357,0,124,251,2146,11,0
57.089232,14.407000,116.000,18.956000,2.415000,128.812574,3697,357,0,124,251,2146,11,0
57.093950,4.718000,116.000,18.956000,2.415000,128.813070,3697,357,0,124,251,2146,11,0
57.098254,4.304000,116.000,18.956000,2.415000,128.813505,3697,357,0,124,251,2146,11,0
57.115388,17.134000,116.000,18.956000,2.415000,128.813971,3697,357,0,124,251,2146,11,0
57.122344,6.956000,116.000,18.956000,2.415000,128.814451,3697,357,0,124,251,2146,11,0
57.124956,2.612000,116.000,18.956000,2.415000,128.813292,3694,357,0,124,251,2146,11,0
57.139202,14.246000,116.000,18.956000,2.415000,128.813772,3694,357,0,124,251,2146,11,0
57.143945,4.743000,116.000,18.956000,2.415000,128.814268,3694,357,0,124,251,2146,11,0
57.155716,11.771000,116.000,18.956000,2.415000,128.814749,3694,357,0,124,251,2146,11,0
57.158832,3.116000,116.000,18.956000,2.415000,128.815214,3694,357,0,124,251,2146,11,0
57.172032,13.200000,116.000,18.956000,2.415000,128.815695,3694,357,0,124,251,2146,11,0
57.174772,2.740000,116.000,18.956000,2.415000,128.814497,3691,357,0,122,246,2136,11,0
57.189246,14.474000,116.000,18.956000,2.415000,128.810568,3689,357,0,122,246,2136,11,0
57.193796,4.550000,116.000,18.956000,2.415000,128.804029,3689,357,0,122,246,2136,11,0
57.205538,11.742000,116.000,18.956000,2.415000,128.804510,3689,357,0,122,246,2136,11,0
57.214640,9.102000,116.000,18.956000,2.415000,128.804995,3689,357,0,122,246,2136,11,0
57.216977,2.337000,116.000,18.956000,2.415000,128.805429,3689,357,0,120,246,2136,11,0
57.232082,15.105000,116.000,18.956000,2.415000,128.805910,3689,357,0,120,246,2136,11,0
57.238768,6.686000,116.000,18.956000,2.415000,128.806391,3689,357,0,121,246,2136,11,0
57.245063,6.295000,116.000,18.956000,2.415000,128.806871,3689,357,0,121,246,2136,11,0
57.263754,18.691000,116.000,18.956000,2.415000,128.805712,3686,357,0,120,246,2136,11,0
57.272691,8.937000,116.000,18.956000,2.415000,128.813387,3696,357,0,120,246,2136,11,2
57.274433,1.742000,116.000,18.956000,2.415000,128.813868,3696,357,0,121,246,2136,11,2
57.289647,15.214000,116.000,18.956000,2.415000,128.814966,3696,357,0,121,246,2136,11,2
57.291965,2.318000,116.000,18.956000,2.415000,128.815447,3696,357,0,119,246,2136,11,2
57.306155,14.190000,116.000,18.956000,2.415000,128.748232,3683,330,0,118,245,2134,11,0
57.308387,2.232000,116.000,18.956000,2.415000,128.720903,3633,330,0,123,245,2134,11,0
57.322533,14.146000,116.000,18.956000,2.415000,128.719744,3630,330,0,123,245,2134,11,0
57.334171,11.638000,116.000,18.956000,2.415000,128.823961,3682,339,0,172,336,2316,11,0
57.347316,13.145000,116.000,18.956000,2.415000,128.824442,3682,339,0,148,308,2260,11,0
57.355892,8.576000,116.000,18.956000,2.415000,128.813250,3682,339,0,148,308,2260,11,0
57.359228,3.336000,116.000,18.956000,2.415000,128.818205,3682,339,0,149,309,2262,11,0
57.372817,13.589000,116.000,18.956000,2.415000,128.804354,3662,339,0,149,309,2262,11,1
57.375322,2.505000,116.000,18.956000,2.415000,128.804834,3662,339,0,149,309,2262,11,1
57.389995,14.673000,116.000,18.956000,2.415000,128.807276,3665,339,0,149,309,2262,11,1
57.397627,7.632000,116.000,18.956000,2.415000,128.807756,3665,339,0,150,309,2262,11,1
57.402584,4.957000,116.000,18.956000,2.415000,128.808882,3671,338,0,150,309,2262,11,0
57.414042,11.458000,116.000,18.956000,2.415000,128.806105,3666,338,0,151,309,2262,11,0
57.417105,3.063000,116.000,18.956000,2.415000,128.827757,3688,342,0,151,309,2262,11,0
57.430524,13.419000,116.000,18.956000,2.415000,128.828661,3688,342,0,154,311,2266,11,0
57.433000,2.476000,116.000,18.956000,2.415000,128.829096,3688,342,0,154,311,2266,11,0
57.447184,14.184000,116.000,18.956000,2.415000,128.829496,3688,342,0,154,311,2266,11,0
57.455926,8.742000,116.000,18.956000,2.415000,128.829977,3688,342,0,154,311,2266,11,0
57.458748,2.822000,116.000,18.956000,2.415000,128.827955,3684,342,0,152,309,2262,11,0
57.472463,13.715000,116.000,18.956000,2.415000,128.828436,3684,342,0,150,274,2192,11,0
57.474433,1.970000,116.000,18.956000,2.415000,128.824453,3682,342,0,150,274,2192,11,0
57.490332,15.899000,116.000,18.956000,2.415000,128.824934,3682,342,0,150,274,2192,11,0
57.494190,3.858000,116.000,18.956000,2.415000,128.795420,3682,342,0,150,274,2192,11,0
57.506435,12.245000,116.000,18.956000,2.415000,128.795874,3682,342,0,149,273,2190,11,0
57.513974,7.539000,116.000,18.956000,2.415000,128.796354,3682,342,0,150,273,2190,11,0
57.517484,3.510000,116.000,18.956000,2.415000,128.796984,3685,342,0,150,273,2190,11,0
57.530528,13.044000,116.000,18.956000,2.415000,128.797464,3685,342,0,150,273,2190,11,0
57.539489,8.961000,116.000,18.956000,2.415000,128.801207,3691,342,0,150,273,2190,11,0
57.542734,3.245000,116.000,18.956000,2.415000,128.801603,3691,342,0,149,273,2190,11,0
57.556676,13.942000,116.000,18.956000,2.415000,128.798586,3685,342,0,149,273,2190,11,0
57.560978,4.302000,116.000,18.956000,2.415000,128.778151,3675,336,0,145,269,2182,11,0
57.573311,12.333000,116.000,18.956000,2.415000,128.771170,3663,336,0,145,269,2182,11,0
57.576520,3.209000,116.000,18.956000,2.415000,128.771650,3663,336,0,143,267,2178,11,0
57.590315,13.795000,116.000,18.956000,2.415000,128.761656,3659,332,0,142,266,2176,11,0
57.594562,4.247000,116.000,18.956000,2.415000,128.757788,3652,332,0,140,266,2176,11,0
57.607213,12.651000,116.000,18.956000,2.415000,128.759901,3655,332,0,139,265,2174,11,0
57.611372,4.159000,116.000,18.956000,2.415000,128.760382,3655,332,0,140,264,2172,11,0
57.622691,11.319000,116.000,18.956000,2.415000,128.759130,3652,332,0,139,263,2170,11,0
57.624824,2.133000,116.000,18.956000,2.415000,128.744078,3643,327,0,137,262,2168,11,0
57.639046,14.222000,116.000,18.956000,2.415000,128.738195,3633,327,0,137,262,2168,11,0
57.641241,2.195000,116.000,18.956000,2.415000,128.738676,3633,327,0,136,262,2168,11,0
57.656722,15.481000,116.000,18.956000,2.415000,128.753157,3635,327,0,149,274,2192,11,0
57.660339,3.617000,116.000,18.956000,2.415000,128.738302,3630,324,0,138,263,2170,11,0
57.673285,12.946000,116.000,18.956000,2.415000,128.735041,3624,324,0,138,263,2170,11,0
57.677569,4.284000,116.000,18.670000,1.640000,128.735521,3624,324,0,138,263,2170,11,0
57.690528,12.959000,116.000,18.670000,1.640000,128.751226,3634,328,0,138,263,2170,11,0
57.694239,3.711000,116.000,18.670000,1.640000,128.752394,3634,328,0,139,265,2174,11,0
57.706482,12.243000,116.000,18.670000,1.640000,128.754530,3637,328,0,139,265,2174,11,0
57.709114,2.632000,116.000,18.670000,1.640000,128.755011,3637,328,0,139,265,2174,11,0
57.723594,14.480000,116.000,18.670000,1.640000,128.755472,3637,328,0,139,265,2174,11,0
57.727836,4.242000,116.000,18.670000,1.640000,128.755953,3637,328,0,139,265,2174,11,0
57.736424,8.588000,116.000,18.670000,1.640000,128.758081,3640,328,0,139,265,2174,11,0
57.747929,11.505000,116.000,18.670000,1.640000,128.758562,3640,328,0,139,265,2174,11,0
57.753184,5.255000,116.000,18.670000,1.640000,128.757433,3637,328,0,139,265,2174,11,0
57.764105,10.921000,116.000,18.670000,1.640000,128.757914,3637,328,0,139,265,2174,11,0
57.768616,4.511000,116.000,18.670000,1.640000,128.755129,3631,328,0,139,265,2174,11,0
57.780647,12.031000,116.000,18.670000,1.640000,128.755610,3631,328,0,139,265,2174,11,0
57.789954,9.307000,116.000,18.670000,1.640000,128.757681,3634,328,0,139,265,2174,11,0
57.792618,2.664000,116.000,18.670000,1.640000,128.753752,3632,328,0,137,261,2166,11,0
57.806823,14.205000,116.000,18.670000,1.640000,128.754213,3632,328,0,137,261,2166,11,0
57.810932,4.109000,116.000,18.670000,1.640000,128.754694,3632,328,0,137,261,2166,11,0
57.823967,13.035000,116.000,18.670000,1.640000,128.749586,3632,328,0,137,261,2166,11,0
57.826282,2.315000,116.000,18.670000,1.640000,128.750067,3632,328,0,136,261,2166,11,0
57.840869,14.587000,116.000,18.670000,1.640000,128.748922,3629,328,0,136,261,2166,11,0
57.845172,4.303000,116.000,18.670000,1.640000,128.749403,3629,328,0,136,261,2166,11,0
57.855642,10.470000,116.000,18.670000,1.640000,128.749884,3629,328,0,136,261,2166,11,0
57.859022,3.380000,116.000,18.670000,1.640000,128.750349,3629,328,0,136,261,2166,11,0
57.872433,13.411000,116.000,18.670000,1.640000,128.756834,3639,328,0,137,261,2166,11,0
57.876797,4.364000,116.000,18.670000,1.640000,128.757330,3639,328,0,137,261,2166,11,0
57.889467,12.670000,116.000,18.670000,1.640000,128.756170,3636,328,0,135,261,2166,11,0
57.895094,5.627000,116.000,18.670000,1.640000,128.756636,3636,328,0,135,261,2166,11,0
57.905875,10.781000,116.000,18.670000,1.640000,128.757116,3636,328,0,135,261,2166,11,0
57.910703,4.828000,116.000,18.670000,1.640000,128.757627,3636,328,0,135,261,2166,11,0
57.922151,11.448000,116.000,18.670000,1.640000,128.758108,3636,328,0,135,261,2166,11,0
57.935439,13.288000,116.000,18.670000,1.640000,128.857981,3693,337,0,171,335,2314,11,0
57.947744,12.305000,116.000,18.670000,1.640000,128.856821,3690,337,0,171,335,2314,11,0
57.955310,7.566000,116.000,18.670000,1.640000,128.836874,3690,337,0,129,287,2218,11,0
57.959204,3.894000,116.000,18.670000,1.640000,128.842020,3690,337,0,139,297,2238,11,0
57.972026,12.822000,116.000,18.670000,1.640000,128.827051,3662,337,0,139,297,2238,11,0
57.974420,2.394000,116.000,18.670000,1.640000,128.823641,3662,337,0,131,289,2222,11,0
57.988879,14.459000,116.000,18.670000,1.640000,128.824076,3662,337,0,131,289,2222,11,0
57.991674,2.795000,116.000,18.670000,1.640000,128.826456,3665,337,0,131,289,2222,11,0
58.006082,14.408000,116.000,18.670000,1.640000,128.821321,3656,337,0,131,289,2222,11,0
58.014104,8.022000,116.000,18.670000,1.640000,128.821802,3656,337,0,131,289,2222,11,0
58.016140,2.036000,116.000,18.670000,1.640000,128.820642,3653,337,0,131,289,2222,11,0
58.031627,15.487000,116.000,18.670000,1.640000,128.821077,3653,337,0,131,289,2222,11,0
58.038491,6.864000,116.000,18.670000,1.640000,128.821558,3653,337,0,131,289,2222,11,0
58.041699,3.208000,116.000,18.670000,1.640000,128.822039,3653,337,0,131,289,2222,11,0
58.055858,14.159000,116.000,18.670000,1.640000,128.822519,3653,337,0,131,289,2222,11,0
58.060930,5.072000,116.000,18.670000,1.640000,128.820498,3649,337,0,131,289,2222,11,0
58.072154,11.224000,116.000,18.670000,1.640000,128.820879,3649,337,0,129,253,2150,11,0
58.074483,2.329000,116.000,18.670000,1.640000,128.818602,3650,337,0,129,253,2150,11,0
58.089146,14.663000,116.000,18.670000,1.640000,128.819082,3650,337,0,130,253,2150,11,0
58.093222,4.076000,116.000,18.670000,1.640000,128.788118,3650,337,0,130,253,2150,11,0
58.105366,12.144000,116.000,18.670000,1.640000,128.788599,3650,337,0,131,253,2150,11,0
58.108557,3.191000,116.000,18.670000,1.640000,128.790766,3653,337,0,131,253,2150,11,0
58.122554,13.997000,116.000,18.670000,1.640000,128.791246,3653,337,0,131,253,2150,11,0
58.128650,6.096000,116.000,18.670000,1.640000,128.791689,3653,337,0,131,253,2150,11,0
58.139070,10.420000,116.000,18.670000,1.640000,128.792124,3653,337,0,130,253,2150,11,0
58.142179,3.109000,116.000,18.670000,1.640000,128.792452,3653,337,0,130,253,2150,11,0
58.155150,12.971000,116.000,18.670000,1.640000,128.789431,3647,337,0,129,253,2150,11,0
58.157630,2.480000,116.000,18.670000,1.640000,128.789850,3647,337,0,128,252,2148,11,0
58.172141,14.511000,116.000,18.670000,1.640000,128.790285,3647,337,0,129,252,2148,11,0
58.174592,2.451000,116.000,18.670000,1.640000,128.790781,3647,337,0,127,250,2144,11,0
58.188785,14.193000,116.000,18.670000,1.640000,128.788584,3653,334,0,126,249,2142,11,0
58.191215,2.430000,116.000,18.670000,1.640000,128.782755,3643,334,0,127,250,2144,11,0
58.205501,14.286000,116.000,18.670000,1.640000,128.783236,3643,334,0,127,249,2142,11,0
58.214859,9.358000,116.000,18.670000,1.640000,128.785391,3646,334,0,126,248,2140,11,0
58.216541,1.682000,116.000,18.670000,1.640000,128.785788,3646,334,0,124,247,2138,11,0
58.230975,14.434000,116.000,18.670000,1.640000,128.772287,3640,329,0,123,246,2136,11,0
58.238837,7.862000,116.000,18.670000,1.640000,128.766451,3630,329,0,123,246,2136,11,0
58.242131,3.294000,116.000,18.670000,1.640000,128.766924,3630,329,0,123,246,2136,11,0
58.255402,13.271000,116.000,18.670000,1.640000,128.781347,3632,329,0,134,258,2160,11,0
58.258299,2.897000,116.000,18.670000,1.640000,128.781828,3632,329,0,134,258,2160,11,0
58.272041,13.742000,116.000,18.670000,1.640000,128.778418,3632,329,0,126,250,2144,11,0
58.274260,2.219000,116.000,18.670000,1.640000,128.778898,3632,329,0,126,250,2144,11,0
58.288831,14.571000,116.000,18.670000,1.640000,128.779333,3632,329,0,126,250,2144,11,0
58.294478,5.647000,116.000,18.670000,1.640000,128.781462,3635,329,0,126,250,2144,11,0
58.305484,11.006000,116.000,18.670000,1.640000,128.781942,3635,329,0,126,250,2144,11,0
58.307873,2.389000,116.000,18.670000,1.640000,128.780775,3632,329,0,126,250,2144,11,0
58.322013,14.140000,116.000,18.670000,1.640000,128.781256,3632,329,0,126,250,2144,11,0
58.324288,2.275000,116.000,18.670000,1.640000,128.781736,3632,329,0,126,250,2144,11,0
58.338740,14.452000,116.000,18.670000,1.640000,128.782217,3632,329,0,126,250,2144,11,0
58.341600,2.860000,116.000,18.670000,1.640000,128.782671,3632,329,0,126,250,2144,11,0
58.355500,13.900000,116.000,18.670000,1.640000,128.783072,3632,329,0,126,250,2144,11,0
58.364299,8.799000,116.000,18.670000,1.640000,128.783464,3632,329,0,126,250,2144,11,0
58.366108,1.809000,116.000,18.670000,1.640000,128.783945,3632,329,0,125,249,2142,11,0
58.381929,15.821000,116.000,18.670000,1.640000,128.784426,3632,329,0,125,249,2142,11,0
58.389249,7.320000,116.000,18.670000,1.640000,128.784906,3632,329,0,125,249,2142,11,0
58.396081,6.832000,116.000,18.670000,1.640000,128.785334,3632,329,0,123,245,2134,11,0
58.399873,3.792000,116.000,18.670000,1.640000,128.781404,3630,329,0,123,245,2134,11,0
58.415692,15.819000,116.000,18.670000,1.640000,128.781885,3630,329,0,123,245,2134,11,0
58.431212,15.520000,116.000,18.670000,1.640000,128.776751,3630,329,0,123,245,2134,11,0
58.438009,6.797000,116.000,18.670000,1.640000,128.778906,3633,329,0,123,245,2134,11,0
58.442269,4.260000,116.000,18.670000,1.640000,128.779387,3633,329,0,121,245,2134,11,0
58.456459,14.190000,116.000,18.670000,1.640000,128.778219,3630,329,0,121,245,2134,11,0
58.459818,3.359000,116.000,18.670000,1.640000,128.778700,3630,329,0,122,245,2134,11,0
58.474120,14.302000,116.000,18.670000,1.640000,128.778147,3627,329,0,122,245,2134,11,1
58.477678,3.558000,116.000,18.670000,1.640000,128.784586,3637,329,0,121,245,2134,11,1
58.490537,12.859000,116.000,18.670000,1.640000,128.787035,3640,329,0,121,245,2134,11,1
58.493072,2.535000,116.000,18.670000,1.640000,128.787516,3640,329,0,122,245,2134,11,1
58.506992,13.920000,116.000,18.670000,1.640000,128.788549,3646,328,0,122,245,2134,11,0
58.514265,7.273000,116.000,18.670000,1.640000,128.785772,3641,328,0,122,245,2134,11,0
58.518475,4.210000,116.000,18.670000,1.640000,128.786253,3641,328,0,122,245,2134,11,0
58.530892,12.417000,116.000,18.670000,1.640000,128.786734,3641,328,0,122,245,2134,11,0
58.550091,19.199000,116.000,18.670000,1.640000,128.888330,3690,337,0,172,334,2312,11,0
58.555874,5.783000,116.000,18.670000,1.640000,128.888811,3690,337,0,172,334,2312,11,0
58.558091,2.217000,116.000,18.670000,1.640000,128.876646,3690,337,0,145,303,2250,11,0
58.572315,14.224000,116.000,18.670000,1.640000,128.873938,3685,337,0,145,303,2250,11,0
58.574962,2.647000,116.000,18.670000,1.640000,128.878893,3685,337,0,154,312,2268,11,0
58.589351,14.389000,116.000,18.670000,1.640000,128.866686,3662,337,0,144,302,2248,11,0
58.592135,2.784000,116.000,18.670000,1.640000,128.862303,3662,337,0,144,302,2248,11,0
58.606069,13.934000,116.000,18.670000,1.640000,128.862783,3662,337,0,144,302,2248,11,0
58.608953,2.884000,116.000,18.670000,1.640000,128.863264,3662,337,0,144,302,2248,11,0
58.622499,13.546000,116.000,18.670000,1.640000,128.865396,3665,337,0,144,302,2248,11,0
58.624917,2.418000,116.000,18.670000,1.640000,128.865931,3665,337,0,144,302,2248,11,0
58.639616,14.699000,116.000,18.670000,1.640000,128.866411,3665,337,0,144,302,2248,11,0
58.647331,7.715000,116.000,18.670000,1.640000,128.866892,3665,337,0,144,302,2248,11,0
58.650244,2.913000,116.000,18.670000,1.640000,128.867373,3665,337,0,144,302,2248,11,0
58.664503,14.259000,116.000,18.670000,1.640000,128.867853,3665,337,0,143,301,2246,11,0
58.673074,8.571000,116.000,18.603000,1.651000,128.864191,3658,337,0,143,301,2246,11,0
58.675574,2.500000,116.000,18.603000,1.651000,128.864672,3658,337,0,141,266,2176,11,0
58.690129,14.555000,116.000,18.603000,1.651000,128.865099,3658,337,0,141,266,2176,11,0
58.693624,3.495000,116.000,18.603000,1.651000,128.861170,3656,337,0,141,266,2176,11,0
58.706052,12.428000,116.000,18.603000,1.651000,128.831697,3656,337,0,141,266,2176,11,0
58.708082,2.030000,116.000,18.603000,1.651000,128.832178,3656,337,0,142,265,2174,11,0
58.723167,15.085000,116.000,18.603000,1.651000,128.831072,3653,337,0,142,265,2174,11,0
58.726377,3.210000,116.000,18.603000,1.651000,128.831553,3653,337,0,142,265,2174,11,0
58.739971,13.594000,116.000,18.603000,1.651000,128.830507,3653,337,0,142,265,2174,11,0
58.743346,3.375000,116.000,18.603000,1.651000,128.830988,3653,337,0,142,265,2174,11,0
58.756268,12.922000,116.000,18.603000,1.651000,128.831350,3653,337,0,142,265,2174,11,0
58.759097,2.829000,116.000,18.603000,1.651000,128.817930,3642,334,0,141,264,2172,11,0
58.772549,13.452000,116.000,18.603000,1.651000,128.814672,3636,334,0,140,263,2170,11,0
58.774467,1.918000,116.000,18.603000,1.651000,128.815153,3636,334,0,139,263,2170,11,0
58.791763,17.296000,116.000,18.603000,1.651000,128.834146,3652,338,0,137,261,2166,11,0
58.795964,4.201000,116.000,18.603000,1.651000,128.824900,3648,334,0,138,262,2168,11,0
58.802041,6.077000,116.000,18.603000,1.651000,128.820974,3641,334,0,138,262,2168,11,0
58.814280,12.239000,116.000,18.603000,1.651000,128.821455,3641,334,0,136,261,2166,11,0
58.818265,3.985000,116.000,18.603000,1.651000,128.823549,3644,334,0,135,260,2164,11,0
58.830894,12.629000,116.000,18.603000,1.651000,128.823946,3644,334,0,135,259,2162,11,0
58.836314,5.420000,116.000,18.603000,1.651000,128.808828,3635,329,0,134,258,2160,11,0
58.847142,10.828000,116.000,18.603000,1.651000,128.802992,3625,329,0,133,258,2160,11,0
58.852670,5.528000,116.000,18.603000,1.651000,128.801817,3622,329,0,133,258,2160,11,0
58.858057,5.387000,116.000,18.603000,1.651000,128.818537,3624,329,0,146,273,2190,11,0
58.872107,14.050000,116.000,18.603000,1.651000,128.819017,3624,329,0,146,273,2190,11,0
58.874465,2.358000,116.000,18.603000,1.651000,128.815607,3624,329,0,138,265,2174,11,0
58.889302,14.837000,116.000,18.603000,1.651000,128.816088,3624,329,0,138,265,2174,11,0
58.893586,4.284000,116.000,18.603000,1.651000,128.816568,3624,329,0,138,265,2174,11,0
58.905724,12.138000,116.000,18.603000,1.651000,128.817049,3624,329,0,138,265,2174,11,0
58.910857,5.133000,116.000,18.603000,1.651000,128.819189,3627,329,0,138,265,2174,11,0
58.922034,11.177000,116.000,18.603000,1.651000,128.819670,3627,329,0,138,265,2174,11,0
58.924818,2.784000,116.000,18.603000,1.651000,128.821806,3630,329,0,138,265,2174,11,0
58.939056,14.238000,116.000,18.603000,1.651000,128.822287,3630,329,0,138,265,2174,11,0
58.942990,3.934000,116.000,18.603000,1.651000,128.822767,3630,329,0,138,265,2174,11,0
58.955904,12.914000,116.000,18.603000,1.651000,128.823202,3630,329,0,138,265,2174,11,0
58.962564,6.660000,116.000,18.603000,1.651000,128.823683,3630,329,0,138,265,2174,11,0
58.966064,3.500000,116.000,18.603000,1.651000,128.824163,3630,329,0,138,265,2174,11,0
58.981005,14.941000,116.000,18.603000,1.651000,128.824644,3630,329,0,138,265,2174,11,0
58.988718,7.713000,116.000,18.603000,1.651000,128.825125,3630,329,0,138,265,2174,11,0
58.992684,3.966000,116.000,18.603000,1.651000,128.827253,3633,329,0,138,265,2174,11,0
59.006051,13.367000,116.000,18.603000,1.651000,128.827681,3633,329,0,136,260,2164,11,0
59.012136,6.085000,116.000,18.603000,1.651000,128.823744,3631,329,0,136,260,2164,11,0
59.014916,2.780000,116.000,18.603000,1.651000,128.820944,3625,329,0,136,260,2164,11,0
59.032344,17.428000,116.000,18.603000,1.651000,128.814447,3625,329,0,136,260,2164,11,0
59.058480,26.136000,116.000,18.603000,1.651000,128.816603,3628,329,0,134,260,2164,11,0
59.064111,5.631000,116.000,18.603000,1.651000,128.817038,3628,329,0,134,260,2164,11,0
59.067809,3.698000,116.000,18.603000,1.651000,128.815859,3625,329,0,134,260,2164,11,0
59.081270,13.461000,116.000,18.603000,1.651000,128.816339,3625,329,0,135,260,2164,11,0
59.090159,8.889000,116.000,18.603000,1.651000,128.822763,3635,329,0,135,260,2164,11,0
59.092900,2.741000,116.000,18.603000,1.651000,128.823244,3635,329,0,135,260,2164,11,0
59.107301,14.401000,116.000,18.603000,1.651000,128.823660,3635,329,0,135,260,2164,11,0
59.111897,4.596000,116.000,18.603000,1.651000,128.824141,3635,329,0,136,260,2164,11,0
59.123827,11.930000,116.000,18.603000,1.651000,128.824606,3635,329,0,136,260,2164,11,0
59.127357,3.530000,116.000,18.603000,1.651000,128.825087,3635,329,0,135,260,2164,11,0
59.139645,12.288000,116.000,18.603000,1.651000,128.938879,3692,339,0,171,335,2314,11,0
59.142933,3.288000,116.000,18.603000,1.651000,128.937719,3689,339,0,171,335,2314,11,0
59.155444,12.511000,116.000,18.603000,1.651000,128.918745,3689,339,0,131,289,2222,11,0
59.158682,3.238000,116.000,18.603000,1.651000,128.917585,3686,339,0,131,289,2222,11,0
59.172200,13.518000,116.000,18.603000,1.651000,128.918066,3686,339,0,131,289,2222,11,0
59.175618,3.418000,116.000,18.603000,1.651000,128.924623,3689,339,0,140,298,2240,11,0
59.188814,13.196000,116.000,18.603000,1.651000,128.914057,3669,339,0,132,290,2224,11,0
59.192405,3.591000,116.000,18.603000,1.651000,128.910646,3669,339,0,132,290,2224,11,0
59.205328,12.923000,116.000,18.603000,1.651000,128.911127,3669,339,0,132,290,2224,11,0
59.208212,2.884000,116.000,18.603000,1.651000,128.911608,3669,339,0,132,290,2224,11,0
59.221995,13.783000,116.000,18.603000,1.651000,128.912088,3669,339,0,132,290,2224,11,0
59.224416,2.421000,116.000,18.603000,1.651000,128.910929,3666,339,0,132,290,2224,11,0
59.238749,14.333000,116.000,18.603000,1.651000,128.911409,3666,339,0,132,290,2224,11,0
59.243024,4.275000,116.000,18.603000,1.651000,128.911890,3666,339,0,132,290,2224,11,0
59.255944,12.920000,116.000,18.603000,1.651000,128.912371,3666,339,0,132,290,2224,11,0
59.261358,5.414000,116.000,18.603000,1.651000,128.912851,3666,339,0,132,290,2224,11,0
59.272212,10.854000,116.000,18.603000,1.651000,128.909189,3659,339,0,132,290,2224,11,0
59.274690,2.478000,116.000,18.603000,1.651000,128.909670,3659,339,0,130,255,2154,11,0
59.290536,15.846000,116.000,18.603000,1.651000,128.910051,3659,339,0,130,255,2154,11,0
59.295776,5.240000,116.000,18.603000,1.651000,128.876127,3657,339,0,130,255,2154,11,0
59.300644,4.868000,116.000,18.603000,1.651000,128.876608,3657,339,0,131,255,2154,11,0
59.315506,14.862000,116.000,18.603000,1.651000,128.877104,3657,339,0,131,255,2154,11,0
59.318084,2.578000,116.000,18.603000,1.651000,128.877584,3657,339,0,130,254,2152,11,0
59.331836,13.752000,116.000,18.603000,1.651000,128.878050,3657,339,0,130,254,2152,11,0
59.339147,7.311000,116.000,18.603000,1.651000,128.878584,3657,339,0,130,254,2152,11,0
59.346210,7.063000,116.000,18.603000,1.651000,128.877581,3657,339,0,130,254,2152,11,0
59.349971,3.761000,116.000,18.603000,1.651000,128.877878,3657,339,0,129,254,2152,11,0
59.364410,14.439000,116.000,18.603000,1.651000,128.873217,3648,339,0,129,254,2152,11,0
59.372378,7.968000,116.000,18.603000,1.651000,128.873652,3648,339,0,128,253,2150,11,0
59.377771,5.393000,116.000,18.603000,1.651000,128.874117,3648,339,0,127,252,2148,11,0
59.381482,3.711000,116.000,18.603000,1.651000,128.874598,3648,339,0,126,251,2146,11,0
59.398217,16.735000,116.000,18.603000,1.651000,128.864618,3644,335,0,125,250,2144,11,0
59.405510,7.293000,116.000,18.603000,1.651000,128.860750,3637,335,0,124,250,2144,11,0
59.410282,4.772000,116.000,18.603000,1.651000,128.859545,3634,335,0,122,248,2140,11,0
59.422219,11.937000,116.000,18.603000,1.651000,128.860025,3634,335,0,124,248,2140,11,0
59.430985,8.766000,116.000,18.603000,1.651000,128.860437,3634,335,0,123,247,2138,11,0
59.433158,2.173000,116.000,18.603000,1.651000,128.845385,3625,330,0,121,246,2136,11,0
59.448987,15.829000,116.000,18.603000,1.651000,128.839487,3615,330,0,121,246,2136,11,0
59.453134,4.147000,116.000,18.603000,1.651000,128.839968,3615,330,0,122,246,2136,11,0
59.464665,11.531000,116.000,18.603000,1.651000,128.854391,3617,330,0,132,258,2160,11,0
59.467361,2.696000,116.000,18.603000,1.651000,128.854872,3617,330,0,132,258,2160,11,0
59.482229,14.868000,116.000,18.603000,1.651000,128.852140,3620,330,0,122,248,2140,11,0
59.488841,6.612000,116.000,18.603000,1.651000,128.852621,3620,330,0,122,248,2140,11,0
59.494930,6.089000,116.000,18.603000,1.651000,128.725863,3570,290,0,122,248,2140,11,0
59.505895,10.965000,116.000,18.603000,1.651000,128.694132,3520,290,0,112,228,2100,11,0
59.512218,6.323000,116.000,18.603000,1.651000,128.696283,3523,290,0,112,228,2100,11,0
59.515950,3.732000,116.000,18.603000,1.651000,128.696764,3523,290,0,112,228,2100,11,0
59.531060,15.110000,116.000,18.603000,1.651000,128.697199,3523,290,0,112,228,2100,11,0
59.539095,8.035000,116.000,18.603000,1.651000,128.697634,3523,290,0,112,228,2100,11,0
59.544778,5.683000,116.000,18.603000,1.651000,128.698114,3523,290,0,112,228,2100,11,0
59.548184,3.406000,116.000,18.603000,1.651000,128.698595,3523,290,0,112,228,2100,11,0
59.565960,17.776000,116.000,18.603000,1.651000,128.699636,3523,290,0,112,228,2100,11,1
59.572103,6.143000,116.000,18.603000,1.651000,128.700071,3523,290,0,112,228,2100,11,1
59.574670,2.567000,116.000,18.603000,1.651000,128.700861,3523,290,0,112,228,2100,11,1
59.589065,14.395000,116.000,18.603000,1.651000,128.701296,3523,290,0,112,228,2100,11,1
59.592832,3.767000,116.000,18.603000,1.651000,128.700903,3529,289,0,112,228,2100,11,0
59.606103,13.271000,116.000,18.603000,1.651000,128.698072,3524,289,0,110,224,2092,11,0
59.611580,5.477000,116.000,18.603000,1.651000,128.694830,3525,289,0,108,222,2088,11,0
59.615057,3.477000,116.000,18.603000,1.651000,128.695265,3525,289,0,108,222,2088,11,0
59.632674,17.617000,116.000,18.603000,1.651000,128.678480,3523,284,0,107,221,2086,11,0
59.638718,6.044000,116.000,18.603000,1.651000,128.673414,3513,284,0,106,221,2086,11,0
59.645007,6.289000,116.000,18.603000,1.651000,128.673887,3513,284,0,106,221,2086,11,0
59.655179,10.172000,116.000,18.603000,1.651000,128.674368,3513,284,0,106,221,2086,11,0
59.657991,2.812000,116.000,18.603000,1.651000,128.674864,3513,284,0,106,221,2086,11,0
59.672458,14.467000,116.000,18.603000,1.651000,128.675344,3513,284,0,107,221,2086,11,0
59.676422,3.964000,119.000,23.866000,2.161000,128.675810,3513,284,0,107,221,2086,11,0
59.689256,12.834000,119.000,23.866000,2.161000,128.682295,3523,284,0,106,221,2086,11,0
59.693934,4.678000,119.000,23.866000,2.161000,128.686083,3529,284,0,106,221,2086,11,0
59.705328,11.394000,119.000,23.866000,2.161000,128.686563,3529,284,0,106,221,2086,11,0
59.714275,8.947000,119.000,23.866000,2.161000,128.685377,3526,284,0,106,221,2086,11,0
59.715880,1.605000,119.000,23.866000,2.161000,128.685858,3526,284,0,105,221,2086,11,0
59.731775,15.895000,119.000,23.866000,2.161000,128.686308,3526,284,0,105,221,2086,11,0
59.739046,7.271000,119.000,23.866000,2.161000,128.686789,3526,284,0,105,221,2086,11,0
59.761650,22.604000,119.000,23.866000,2.161000,128.795469,3583,293,0,159,315,2274,11,0
59.772416,10.766000,119.000,23.866000,2.161000,128.784231,3583,293,0,134,284,2212,11,0
59.774548,2.132000,119.000,23.866000,2.161000,128.784712,3583,293,0,134,284,2212,11,0
59.789441,14.893000,119.000,23.866000,2.161000,128.785192,3583,293,0,134,284,2212,11,0
59.792544,3.103000,119.000,23.866000,2.161000,128.790060,3583,293,0,144,294,2232,11,0
59.805926,13.382000,119.000,23.866000,2.161000,128.776731,3558,293,0,144,294,2232,11,0
59.813882,7.956000,119.000,23.866000,2.161000,128.773321,3558,293,0,136,286,2216,11,0
59.816347,2.465000,119.000,23.866000,2.161000,128.773802,3558,293,0,136,286,2216,11,0
59.830399,14.052000,119.000,23.866000,2.161000,128.774282,3558,293,0,136,286,2216,11,0
59.839586,9.187000,119.000,23.866000,2.161000,128.776415,3561,293,0,136,286,2216,11,0
59.842934,3.348000,119.000,23.866000,2.161000,128.776896,3561,293,0,136,286,2216,11,0
59.855997,13.063000,119.000,23.866000,2.161000,128.775736,3558,293,0,136,286,2216,11,0
59.859679,3.682000,119.000,23.866000,2.161000,128.766985,3556,290,0,135,285,2214,11,0
59.872089,12.410000,119.000,23.866000,2.161000,128.762133,3547,290,0,135,285,2214,11,0
59.874861,2.772000,119.000,23.866000,2.161000,128.780840,3560,294,0,135,285,2214,11,0
59.889486,14.625000,119.000,23.866000,2.161000,128.779505,3556,294,0,137,287,2218,11,0
59.896603,7.117000,119.000,23.866000,2.161000,128.779928,3556,294,0,135,251,2146,11,0
59.901421,4.818000,119.000,23.866000,2.161000,128.775999,3554,294,0,135,251,2146,11,0
59.915613,14.192000,119.000,23.866000,2.161000,128.776468,3554,294,0,135,251,2146,11,0
59.919531,3.918000,119.000,23.866000,2.161000,128.745497,3554,294,0,137,251,2146,11,0
59.932017,12.486000,119.000,23.866000,2.161000,128.745977,3554,294,0,137,251,2146,11,0
59.935411,3.394000,119.000,23.866000,2.161000,128.743177,3548,294,0,137,251,2146,11,0
59.949593,14.182000,119.000,23.866000,2.161000,128.743658,3548,294,0,137,251,2146,11,0
59.955689,6.096000,119.000,23.866000,2.161000,128.744139,3548,294,0,137,251,2146,11,0
59.961578,5.889000,119.000,23.866000,2.161000,128.744623,3548,294,0,137,251,2146,11,0
59.972325,10.747000,119.000,23.866000,2.161000,128.744967,3548,294,0,136,251,2146,11,0
59.975186,2.861000,119.000,23.866000,2.161000,128.741945,3542,294,0,136,251,2146,11,0
59.989642,14.456000,119.000,23.866000,2.161000,128.740786,3539,294,0,134,250,2144,11,0
59.999472,9.830000,119.000,23.866000,2.161000,128.741266,3539,294,0,134,250,2144,11,0
60.003882,4.410000,119.000,23.866000,2.161000,128.741747,3539,294,0,133,248,2140,11,0
