elapsed_s,frame_ms,engine_fps,process_ms,physics_ms,memory_mib,objects,nodes,orphans,draw_calls,render_objects,primitives,physics_objects,collision_pairs
0.002955,2.955000,114.000,45.262000,4.071000,122.619656,3740,540,0,223,430,3464,49,0
0.016282,13.327000,114.000,45.262000,4.071000,122.614922,3740,536,0,222,429,3462,49,0
0.018387,2.105000,114.000,45.262000,4.071000,122.611015,3733,536,0,222,429,3462,49,0
0.032615,14.228000,114.000,45.262000,4.071000,122.615078,3739,536,0,220,427,3458,49,0
0.035424,2.809000,114.000,45.262000,4.071000,122.616108,3739,536,0,219,426,3456,49,0
0.050113,14.689000,114.000,45.262000,4.071000,122.619755,3745,536,0,219,426,3456,49,0
0.053152,3.039000,114.000,45.262000,4.071000,122.605549,3736,531,0,218,425,3454,49,0
0.066236,13.084000,114.000,45.262000,4.071000,122.599613,3726,531,0,218,425,3454,49,0
0.069741,3.505000,114.000,45.262000,4.071000,122.632885,3728,531,0,221,447,3498,49,0
0.082406,12.665000,114.000,45.262000,4.071000,122.632832,3725,531,0,221,447,3498,49,0
0.085318,2.912000,114.000,45.262000,4.071000,122.617702,3725,531,0,189,415,3434,49,0
0.098958,13.640000,114.000,45.262000,4.071000,122.618084,3725,531,0,189,415,3434,49,0
0.101628,2.670000,114.000,45.262000,4.071000,122.618565,3725,531,0,189,415,3434,49,0
0.116066,14.438000,114.000,45.262000,4.071000,122.622459,3728,531,0,189,415,3434,49,0
0.118185,2.119000,114.000,45.262000,4.071000,122.622894,3728,531,0,189,415,3434,49,0
0.132490,14.305000,114.000,45.262000,4.071000,122.625023,3731,531,0,189,415,3434,49,0
0.135472,2.982000,114.000,45.262000,4.071000,122.625423,3731,531,0,189,415,3434,49,0
0.149872,14.400000,114.000,45.262000,4.071000,122.625858,3731,531,0,189,415,3434,49,0
0.152570,2.698000,114.000,45.262000,4.071000,122.626362,3731,531,0,189,415,3434,49,0
0.166129,13.559000,114.000,45.262000,4.071000,122.629417,3731,531,0,189,415,3434,49,0
0.168536,2.407000,114.000,45.262000,4.071000,122.629852,3731,531,0,189,415,3434,49,0
0.182565,14.029000,114.000,45.262000,4.071000,122.631931,3734,531,0,189,415,3434,49,0
0.189698,7.133000,114.000,45.262000,4.071000,122.632366,3734,531,0,189,415,3434,49,0
0.192492,2.794000,114.000,45.262000,4.071000,122.632801,3734,531,0,189,415,3434,49,0
0.208368,15.876000,114.000,45.262000,4.071000,122.756134,3814,563,0,189,415,3434,49,0
0.214676,6.308000,114.000,45.262000,4.071000,122.760742,3811,563,0,197,411,3426,49,0
0.218698,4.022000,114.000,45.262000,4.071000,122.762730,3814,563,0,197,411,3426,49,0
0.231425,12.727000,114.000,45.262000,4.071000,122.758862,3812,563,0,197,411,3426,49,0
0.235744,4.319000,114.000,45.262000,4.071000,122.734966,3812,563,0,195,409,3422,49,0
0.248275,12.531000,114.000,45.262000,4.071000,122.733761,3809,563,0,195,409,3422,49,0
0.253153,4.878000,114.000,45.262000,4.071000,122.734295,3809,563,0,195,409,3422,49,0
0.264857,11.704000,114.000,45.262000,4.071000,122.731449,3803,563,0,195,409,3422,49,0
0.269010,4.153000,114.000,45.262000,4.071000,122.735165,3809,563,0,195,409,3422,49,0
0.281384,12.374000,114.000,45.262000,4.071000,122.735542,3809,563,0,195,409,3422,49,0
0.284724,3.340000,114.000,45.262000,4.071000,122.732697,3803,563,0,195,409,3422,49,0
0.300094,15.370000,114.000,45.262000,4.071000,122.733086,3803,563,0,195,409,3422,49,0
0.302648,2.554000,114.000,45.262000,4.071000,122.731880,3800,563,0,195,409,3422,49,0
0.316309,13.661000,114.000,45.262000,4.071000,122.738319,3810,563,0,195,409,3422,49,0
0.318363,2.054000,114.000,45.262000,4.071000,122.737114,3807,563,0,195,409,3422,49,0
0.332570,14.207000,114.000,45.262000,4.071000,122.739223,3810,563,0,195,409,3422,49,0
0.335064,2.494000,114.000,45.262000,4.071000,122.739624,3810,563,0,195,409,3422,49,0
0.350457,15.393000,114.000,45.262000,4.071000,122.740246,3810,563,0,195,409,3422,49,0
0.353209,2.752000,114.000,45.262000,4.071000,122.745289,3807,563,0,195,409,3422,49,0
0.366135,12.926000,114.000,45.262000,4.071000,122.745724,3807,563,0,195,409,3422,49,0
0.406733,40.598000,114.000,45.262000,4.071000,122.897846,3931,572,0,238,489,3582,49,0
0.410145,3.412000,114.000,45.262000,4.071000,122.897930,3931,572,0,238,485,3574,49,0
0.423855,13.710000,114.000,45.262000,4.071000,122.820911,3826,572,0,198,445,3494,49,0
0.431970,8.115000,114.000,45.262000,4.071000,122.819706,3823,572,0,198,445,3494,49,0
0.434165,2.195000,114.000,45.262000,4.071000,122.820084,3823,572,0,198,445,3494,49,0
0.449356,15.191000,114.000,45.262000,4.071000,122.820530,3823,572,0,198,445,3494,49,0
0.451071,1.715000,114.000,45.262000,4.071000,122.820965,3823,572,0,198,445,3494,49,0
0.465926,14.855000,114.000,45.262000,4.071000,122.823067,3826,572,0,198,445,3494,49,0
0.467660,1.734000,114.000,45.262000,4.071000,122.823502,3826,572,0,198,445,3494,49,0
0.482354,14.694000,114.000,45.262000,4.071000,122.823864,3826,572,0,198,445,3494,49,0
0.484237,1.883000,114.000,45.262000,4.071000,122.824299,3826,572,0,198,445,3494,49,0
0.499399,15.162000,114.000,45.262000,4.071000,122.818989,3816,572,0,198,445,3494,49,0
0.501321,1.922000,114.000,45.262000,4.071000,122.819424,3816,572,0,197,409,3422,49,0
0.515885,14.564000,114.000,45.262000,4.071000,122.819805,3816,572,0,197,409,3422,49,0
0.517712,1.827000,114.000,45.262000,4.071000,122.815830,3814,572,0,197,409,3422,49,0
0.532405,14.693000,114.000,45.262000,4.071000,122.773960,3814,572,0,197,409,3422,49,0
0.534690,2.285000,114.000,45.262000,4.071000,122.774395,3814,572,0,197,409,3422,49,0
0.549374,14.684000,114.000,45.262000,4.071000,122.776417,3817,572,0,197,409,3422,49,0
0.551623,2.249000,114.000,45.262000,4.071000,122.775448,3814,572,0,197,409,3422,49,0
0.566194,14.571000,114.000,45.262000,4.071000,122.786949,3817,572,0,197,409,3422,49,0
0.568394,2.200000,114.000,45.262000,4.071000,122.787384,3817,572,0,197,409,3422,49,0
0.582569,14.175000,114.000,45.262000,4.071000,122.787090,3817,572,0,197,409,3422,49,0
0.584981,2.412000,114.000,45.262000,4.071000,122.784023,3811,572,0,197,409,3422,49,0
0.599676,14.695000,114.000,45.262000,4.071000,122.784428,3811,572,0,196,408,3420,49,0
0.602023,2.347000,114.000,45.262000,4.071000,122.784863,3811,572,0,196,408,3420,49,0
0.615914,13.891000,114.000,45.262000,4.071000,122.785343,3811,572,0,194,406,3416,49,0
0.618090,2.176000,114.000,45.262000,4.071000,122.785778,3811,572,0,193,405,3414,49,0
0.632626,14.536000,114.000,45.262000,4.071000,122.775723,3807,568,0,193,405,3414,49,0
0.634949,2.323000,114.000,45.262000,4.071000,122.771809,3800,568,0,193,405,3414,49,0
0.649665,14.716000,114.000,45.262000,4.071000,122.772198,3800,568,0,191,403,3410,49,0
0.652158,2.493000,114.000,45.262000,4.071000,122.772549,3800,568,0,190,402,3408,49,0
0.666359,14.201000,114.000,45.262000,4.071000,122.757450,3791,563,0,189,401,3406,49,0
0.668645,2.286000,112.000,43.399000,2.370000,122.751568,3781,563,0,189,401,3406,49,0
0.682461,13.816000,112.000,43.399000,2.370000,122.802971,3780,563,0,230,462,3528,49,0
0.689424,6.963000,112.000,43.399000,2.370000,122.803406,3780,563,0,230,462,3528,49,0
0.692937,3.513000,112.000,43.399000,2.370000,122.801228,3777,563,0,228,460,3524,49,0
0.708109,15.172000,112.000,43.399000,2.370000,122.801662,3777,563,0,228,460,3524,49,0
0.714870,6.761000,112.000,43.399000,2.370000,122.802097,3777,563,0,228,460,3524,49,0
0.719269,4.399000,112.000,43.399000,2.370000,122.802429,3777,563,0,228,460,3524,49,0
0.731484,12.215000,112.000,43.399000,2.370000,122.802864,3777,563,0,228,460,3524,49,0
0.736042,4.558000,112.000,43.399000,2.370000,122.804932,3780,563,0,228,460,3524,49,0
0.748174,12.132000,112.000,43.399000,2.370000,122.805367,3780,563,0,228,460,3524,49,0
0.752875,4.701000,112.000,43.399000,2.370000,122.805794,3780,563,0,228,460,3524,49,0
0.764857,11.982000,112.000,43.399000,2.370000,122.806229,3780,563,0,228,460,3524,49,0
0.769211,4.354000,112.000,43.399000,2.370000,122.806664,3780,563,0,228,460,3524,49,0
0.781485,12.274000,112.000,43.399000,2.370000,122.805458,3777,563,0,228,460,3524,49,0
0.784915,3.430000,112.000,43.399000,2.370000,122.805946,3777,563,0,228,460,3524,49,0
0.799773,14.858000,112.000,43.399000,2.370000,122.808060,3780,563,0,228,460,3524,49,0
0.806455,6.682000,112.000,43.399000,2.370000,122.806854,3777,563,0,228,460,3524,49,0
0.811067,4.612000,112.000,43.399000,2.370000,122.808239,3777,563,0,228,460,3524,49,1
0.823019,11.952000,112.000,43.399000,2.370000,122.822605,3777,563,0,228,460,3524,49,1
0.826787,3.768000,112.000,43.399000,2.370000,122.820862,3778,563,0,227,439,3482,49,2
0.839919,13.132000,112.000,43.399000,2.370000,122.821297,3778,563,0,227,439,3482,49,2
0.844377,4.458000,112.000,43.399000,2.370000,122.822342,3778,563,0,227,439,3482,49,2
0.856484,12.107000,112.000,43.399000,2.370000,122.793983,3778,563,0,227,439,3482,49,2
0.866524,10.040000,112.000,43.399000,2.370000,122.798412,3793,561,0,227,439,3482,49,1
0.868790,2.266000,112.000,43.399000,2.370000,122.792377,3783,561,0,229,439,3482,49,1
0.882495,13.705000,112.000,43.399000,2.370000,122.795021,3783,561,0,229,439,3482,49,5
0.884910,2.415000,112.000,43.399000,2.370000,122.795456,3783,561,0,229,439,3482,49,5
0.900407,15.497000,112.000,43.399000,2.370000,122.798271,3783,561,0,229,439,3482,49,6
0.903563,3.156000,112.000,43.399000,2.370000,122.798706,3783,561,0,229,439,3482,49,6
0.916561,12.998000,112.000,43.399000,2.370000,122.801449,3819,555,0,229,439,3482,49,0
0.919373,2.812000,112.000,43.399000,2.370000,122.788570,3799,555,0,234,439,3482,49,0
0.933720,14.347000,112.000,43.399000,2.370000,122.790714,3802,555,0,234,439,3482,49,0
0.936319,2.599000,112.000,43.399000,2.370000,122.791168,3802,555,0,234,439,3482,49,0
0.950222,13.903000,112.000,43.399000,2.370000,122.794918,3808,555,0,234,439,3482,49,0
0.953023,2.801000,112.000,43.399000,2.370000,122.795353,3808,555,0,234,439,3482,49,0
0.966282,13.259000,112.000,43.399000,2.370000,122.795807,3808,555,0,234,439,3482,49,0
0.968602,2.320000,112.000,43.399000,2.370000,122.796242,3808,555,0,234,439,3482,49,0
1.014911,46.309000,112.000,43.399000,2.370000,122.940910,3947,564,0,245,487,3578,49,0
1.030158,15.247000,112.000,43.399000,2.370000,122.945930,3949,564,0,243,483,3570,49,0
1.034373,4.215000,112.000,43.399000,2.370000,122.885597,3846,564,0,235,475,3554,49,0
1.048319,13.946000,112.000,43.399000,2.370000,122.886032,3846,564,0,235,475,3554,49,0
1.051555,3.236000,112.000,43.399000,2.370000,122.886467,3846,564,0,235,475,3554,49,0
1.065721,14.166000,112.000,43.399000,2.370000,122.885262,3843,564,0,235,475,3554,49,0
1.068253,2.532000,112.000,43.399000,2.370000,122.885696,3843,564,0,235,475,3554,49,0
1.082275,14.022000,112.000,43.399000,2.370000,122.887802,3846,564,0,229,469,3542,49,0
1.085113,2.838000,112.000,43.399000,2.370000,122.888237,3846,564,0,229,469,3542,49,0
1.098798,13.685000,112.000,43.399000,2.370000,122.887032,3843,564,0,229,469,3542,49,0
1.101723,2.925000,112.000,43.399000,2.370000,122.887466,3843,564,0,229,469,3542,49,0
1.115719,13.996000,112.000,43.399000,2.370000,122.889473,3846,564,0,229,469,3542,49,0
1.118146,2.427000,112.000,43.399000,2.370000,122.882996,3840,564,0,229,469,3542,49,0
1.132342,14.196000,112.000,43.399000,2.370000,122.865807,3836,558,0,226,431,3466,49,0
1.135004,2.662000,112.000,43.399000,2.370000,122.858856,3824,558,0,226,431,3466,49,0
1.149509,14.505000,112.000,43.399000,2.370000,122.820187,3830,558,0,226,431,3466,49,0
1.152029,2.520000,112.000,43.399000,2.370000,122.820621,3830,558,0,226,431,3466,49,0
1.165814,13.785000,112.000,43.399000,2.370000,122.821056,3830,558,0,226,431,3466,49,0
1.172975,7.161000,112.000,43.399000,2.370000,122.817028,3828,558,0,226,431,3466,49,0
1.176836,3.861000,112.000,43.399000,2.370000,122.750607,3792,540,0,220,425,3454,49,0
1.189817,12.981000,112.000,43.399000,2.370000,122.728886,3756,540,0,220,425,3454,49,0
1.194453,4.636000,112.000,43.399000,2.370000,122.728649,3756,540,0,220,425,3454,49,0
1.206489,12.036000,112.000,43.399000,2.370000,122.725582,3750,540,0,220,425,3454,49,0
1.216186,9.697000,112.000,43.399000,2.370000,122.727692,3753,540,0,220,425,3454,49,0
1.218598,2.412000,112.000,43.399000,2.370000,122.728127,3753,540,0,219,424,3452,49,0
1.232803,14.205000,112.000,43.399000,2.370000,122.730186,3756,540,0,217,422,3448,49,0
1.235491,2.688000,112.000,43.399000,2.370000,122.730621,3756,540,0,217,422,3448,49,0
1.249940,14.449000,112.000,43.399000,2.370000,122.721123,3752,536,0,216,421,3446,49,0
1.252526,2.586000,112.000,43.399000,2.370000,122.738003,3745,536,0,216,421,3446,49,0
1.266312,13.786000,112.000,43.399000,2.370000,122.738422,3745,536,0,214,419,3442,49,0
1.268630,2.318000,112.000,43.399000,2.370000,122.738857,3745,536,0,214,419,3442,49,0
1.282712,14.082000,112.000,43.399000,2.370000,122.740826,3748,536,0,213,418,3440,49,0
1.285306,2.594000,112.000,43.399000,2.370000,122.725727,3739,531,0,212,417,3438,49,0
1.300221,14.915000,112.000,43.399000,2.370000,122.719826,3729,531,0,212,417,3438,49,0
1.305047,4.826000,112.000,43.399000,2.370000,122.754681,3731,531,0,221,444,3492,49,0
1.310540,5.493000,112.000,43.399000,2.370000,122.735695,3731,531,0,181,404,3412,49,0
1.323081,12.541000,112.000,43.399000,2.370000,122.736073,3731,531,0,181,404,3412,49,0
1.341136,18.055000,112.000,43.399000,2.370000,122.736473,3731,531,0,181,404,3412,49,0
1.357820,16.684000,112.000,43.399000,2.370000,122.738544,3734,531,0,181,404,3412,49,0
1.366033,8.213000,112.000,43.399000,2.370000,122.740604,3737,531,0,181,404,3412,49,0
1.367639,1.606000,112.000,43.399000,2.370000,122.737759,3731,531,0,181,404,3412,49,0
1.382565,14.926000,112.000,43.399000,2.370000,122.734921,3725,531,0,181,404,3412,49,0
1.385461,2.896000,112.000,43.399000,2.370000,122.733700,3722,531,0,181,404,3412,49,0
1.398088,12.627000,112.000,43.399000,2.370000,122.734135,3722,531,0,181,404,3412,49,0
1.401949,3.861000,112.000,43.399000,2.370000,122.859100,3805,563,0,181,404,3412,49,0
1.416208,14.259000,112.000,43.399000,2.370000,122.865318,3805,563,0,190,420,3444,49,0
1.418175,1.967000,112.000,43.399000,2.370000,122.865753,3805,563,0,190,420,3444,49,0
1.432541,14.366000,112.000,43.399000,2.370000,122.864563,3802,563,0,190,420,3444,49,0
1.434941,2.400000,112.000,43.399000,2.370000,122.864998,3802,563,0,189,401,3406,49,0
1.449800,14.859000,112.000,43.399000,2.370000,122.863739,3799,563,0,189,401,3406,49,0
1.452309,2.509000,112.000,43.399000,2.370000,122.833530,3797,563,0,189,401,3406,49,0
1.466458,14.149000,112.000,43.399000,2.370000,122.834137,3797,563,0,189,401,3406,49,0
1.468588,2.130000,112.000,43.399000,2.370000,122.834572,3797,563,0,189,401,3406,49,0
1.482589,14.001000,112.000,43.399000,2.370000,122.834961,3797,563,0,189,401,3406,49,0
1.484959,2.370000,112.000,43.399000,2.370000,122.835396,3797,563,0,189,401,3406,49,0
1.500077,15.118000,112.000,43.399000,2.370000,122.834160,3794,563,0,189,401,3406,49,0
1.502643,2.566000,112.000,43.399000,2.370000,122.834595,3794,563,0,189,401,3406,49,0
1.516173,13.530000,112.000,43.399000,2.370000,122.835030,3794,563,0,189,401,3406,49,0
1.518528,2.355000,112.000,43.399000,2.370000,122.841469,3804,563,0,189,401,3406,49,0
1.532751,14.223000,112.000,43.399000,2.370000,122.841908,3804,563,0,189,401,3406,49,0
1.535229,2.478000,112.000,43.399000,2.370000,122.842342,3804,563,0,189,401,3406,49,0
1.550589,15.360000,112.000,43.399000,2.370000,122.844448,3807,563,0,189,401,3406,49,0
1.553619,3.030000,112.000,43.399000,2.370000,122.844883,3807,563,0,189,401,3406,49,0
1.566137,12.518000,112.000,43.399000,2.370000,122.843735,3804,563,0,189,401,3406,49,0
1.568504,2.367000,112.000,43.399000,2.370000,122.844170,3804,563,0,189,401,3406,49,0
1.611125,42.621000,112.000,43.399000,2.370000,123.000832,3930,572,0,238,489,3582,49,0
1.615346,4.221000,112.000,43.399000,2.370000,123.001205,3930,572,0,238,487,3578,49,0
1.617781,2.435000,112.000,43.399000,2.370000,122.943642,3825,572,0,238,487,3578,49,0
1.632307,14.526000,112.000,43.399000,2.370000,122.944077,3825,572,0,238,487,3578,49,0
1.635111,2.804000,112.000,43.399000,2.370000,122.944511,3825,572,0,238,487,3578,49,0
1.649203,14.092000,112.000,43.399000,2.370000,122.928421,3825,572,0,204,453,3510,49,0
1.651865,2.662000,112.000,43.399000,2.370000,122.928856,3825,572,0,204,453,3510,49,0
1.665743,13.878000,112.000,43.399000,2.370000,122.930943,3828,572,0,204,453,3510,49,0
1.668203,2.460000,110.000,43.723000,2.399000,122.931377,3828,572,0,204,453,3510,49,0
1.682249,14.046000,110.000,43.723000,2.399000,122.931812,3828,572,0,204,453,3510,49,0
1.684906,2.657000,110.000,43.723000,2.399000,122.932247,3828,572,0,204,453,3510,49,0
1.699271,14.365000,110.000,43.723000,2.399000,122.932682,3828,572,0,204,453,3510,49,0
1.701954,2.683000,110.000,43.723000,2.399000,122.933117,3828,572,0,204,453,3510,49,0
1.715824,13.870000,110.000,43.723000,2.399000,122.933552,3828,572,0,204,453,3510,49,0
1.718410,2.586000,110.000,43.723000,2.399000,122.931484,3824,572,0,204,453,3510,49,0
1.732459,14.049000,110.000,43.723000,2.399000,122.933460,3827,572,0,203,417,3438,49,0
1.734879,2.420000,110.000,43.723000,2.399000,122.929485,3825,572,0,203,417,3438,49,0
1.749047,14.168000,110.000,43.723000,2.399000,122.929920,3825,572,0,203,417,3438,49,0
1.751633,2.586000,110.000,43.723000,2.399000,122.887344,3825,572,0,203,417,3438,49,0
1.766326,14.693000,110.000,43.723000,2.399000,122.887867,3825,572,0,203,417,3438,49,0
1.768775,2.449000,110.000,43.723000,2.399000,122.886662,3822,572,0,203,417,3438,49,0
1.782861,14.086000,110.000,43.723000,2.399000,122.887230,3822,572,0,203,417,3438,49,0
1.785441,2.580000,110.000,43.723000,2.399000,122.886024,3819,572,0,203,417,3438,49,0
1.800238,14.797000,110.000,43.723000,2.399000,122.886459,3819,572,0,203,417,3438,49,0
1.804874,4.636000,110.000,43.723000,2.399000,122.886253,3819,572,0,203,417,3438,49,0
1.814828,9.954000,110.000,43.723000,2.399000,122.883186,3813,572,0,203,417,3438,49,0
1.820558,5.730000,110.000,43.723000,2.399000,122.885281,3816,572,0,202,416,3436,49,0
1.831466,10.908000,110.000,43.723000,2.399000,122.885715,3816,572,0,202,416,3436,49,0
1.836122,4.656000,110.000,43.723000,2.399000,122.886162,3816,572,0,200,414,3432,49,0
1.848201,12.079000,110.000,43.723000,2.399000,122.876194,3812,568,0,199,413,3430,49,0
1.853653,5.452000,110.000,43.723000,2.399000,122.872204,3805,568,0,199,413,3430,49,0
1.864825,11.172000,110.000,43.723000,2.399000,122.872639,3805,568,0,197,411,3426,49,0
1.869285,4.460000,110.000,43.723000,2.399000,122.875565,3808,568,0,197,411,3426,49,0
1.881428,12.143000,110.000,43.723000,2.399000,122.905518,3805,568,0,196,410,3424,49,0
1.886141,4.713000,110.000,43.723000,2.399000,122.888668,3793,563,0,195,409,3422,49,0
1.898154,12.013000,110.000,43.723000,2.399000,122.882786,3783,563,0,195,409,3422,49,0
1.905578,7.424000,110.000,43.723000,2.399000,122.935825,3788,563,0,230,465,3534,49,0
1.909550,3.972000,110.000,43.723000,2.399000,122.936260,3788,563,0,230,465,3534,49,0
1.924272,14.722000,110.000,43.723000,2.399000,122.932728,3788,563,0,222,457,3518,49,0
1.931374,7.102000,110.000,43.723000,2.399000,122.933163,3788,563,0,222,457,3518,49,0
1.936101,4.727000,110.000,43.723000,2.399000,122.935215,3791,563,0,222,457,3518,49,0
1.948157,12.056000,110.000,43.723000,2.399000,122.935650,3791,563,0,222,457,3518,49,0
1.952638,4.481000,110.000,43.723000,2.399000,122.934444,3788,563,0,222,457,3518,49,0
1.964855,12.217000,110.000,43.723000,2.399000,122.934879,3788,563,0,222,457,3518,49,0
1.969400,4.545000,110.000,43.723000,2.399000,122.935299,3788,563,0,222,457,3518,49,0
1.981423,12.023000,110.000,43.723000,2.399000,122.935677,3788,563,0,222,457,3518,49,0
1.985555,4.132000,110.000,43.723000,2.399000,122.936111,3788,563,0,222,457,3518,49,0
1.998209,12.654000,110.000,43.723000,2.399000,122.936546,3788,563,0,222,457,3518,49,0
2.002653,4.444000,110.000,43.723000,2.399000,122.938755,3791,563,0,222,457,3518,49,0
2.014665,12.012000,110.000,43.723000,2.399000,122.939190,3791,563,0,222,457,3518,49,0
2.019047,4.382000,110.000,43.723000,2.399000,122.944141,3797,563,0,222,457,3518,49,2
2.031382,12.335000,110.000,43.723000,2.399000,122.944576,3797,563,0,222,457,3518,49,2
2.035790,4.408000,110.000,43.723000,2.399000,122.945644,3797,563,0,222,457,3518,49,2
2.048264,12.474000,110.000,43.723000,2.399000,122.945969,3797,563,0,221,435,3474,49,2
2.052898,4.634000,110.000,43.723000,2.399000,122.943172,3804,561,0,221,435,3474,49,2
2.064828,11.930000,110.000,43.723000,2.399000,122.937138,3794,561,0,221,433,3470,49,2
2.069123,4.295000,110.000,43.723000,2.399000,122.908356,3794,561,0,221,433,3470,49,5
2.081340,12.217000,110.000,43.723000,2.399000,122.908791,3794,561,0,221,433,3470,49,5
2.086221,4.881000,110.000,43.723000,2.399000,122.911629,3794,561,0,221,433,3470,49,6
2.098150,11.929000,110.000,43.723000,2.399000,122.912064,3794,561,0,221,433,3470,49,6
2.102878,4.728000,110.000,43.723000,2.399000,122.913071,3827,555,0,221,433,3470,49,0
2.114670,11.792000,110.000,43.723000,2.399000,122.894188,3797,555,0,226,433,3470,49,0
2.118776,4.106000,110.000,43.723000,2.399000,122.894650,3797,555,0,226,433,3470,49,0
2.131343,12.567000,110.000,43.723000,2.399000,122.901089,3807,555,0,226,433,3470,49,0
2.136370,5.027000,110.000,43.723000,2.399000,122.899883,3804,555,0,226,433,3470,49,0
2.148189,11.819000,110.000,43.723000,2.399000,122.900261,3804,555,0,226,433,3470,49,0
2.152859,4.670000,110.000,43.723000,2.399000,122.902390,3807,555,0,226,433,3470,49,0
2.164873,12.014000,110.000,43.723000,2.399000,122.902824,3807,555,0,226,433,3470,49,0
2.168845,3.972000,110.000,43.723000,2.399000,122.901596,3804,555,0,226,433,3470,49,0
2.181390,12.545000,110.000,43.723000,2.399000,122.902031,3804,555,0,226,433,3470,49,0
2.228672,47.282000,110.000,43.723000,2.399000,123.065617,3966,564,0,245,489,3582,49,0
2.249459,20.787000,110.000,43.723000,2.399000,123.067314,3969,564,0,241,481,3566,49,0
2.253537,4.078000,110.000,43.723000,2.399000,123.012661,3871,564,0,241,481,3566,49,0
2.265570,12.033000,110.000,43.723000,2.399000,123.009815,3865,564,0,241,481,3566,49,0
2.268220,2.650000,110.000,43.723000,2.399000,123.010216,3865,564,0,235,475,3554,49,0
2.282679,14.459000,110.000,43.723000,2.399000,123.012260,3868,564,0,235,475,3554,49,0
2.285748,3.069000,110.000,43.723000,2.399000,123.012695,3868,564,0,235,475,3554,49,0
2.299186,13.438000,110.000,43.723000,2.399000,123.014755,3871,564,0,235,475,3554,49,0
2.301911,2.725000,110.000,43.723000,2.399000,123.015190,3871,564,0,235,475,3554,49,0
2.315727,13.816000,110.000,43.723000,2.399000,122.992180,3857,558,0,233,473,3550,49,0
2.318297,2.570000,110.000,43.723000,2.399000,122.985229,3845,558,0,233,473,3550,49,0
2.332387,14.090000,110.000,43.723000,2.399000,122.985596,3845,558,0,232,437,3478,49,0
2.335079,2.692000,110.000,43.723000,2.399000,122.981621,3843,558,0,232,437,3478,49,0
2.349760,14.681000,110.000,43.723000,2.399000,122.939198,3846,558,0,232,437,3478,49,0
2.352383,2.623000,110.000,43.723000,2.399000,122.939598,3846,558,0,232,437,3478,49,0
2.366070,13.687000,110.000,43.723000,2.399000,122.876545,3816,540,0,226,431,3466,49,0
2.368493,2.423000,110.000,43.723000,2.399000,122.854790,3780,540,0,226,431,3466,49,0
2.382211,13.718000,110.000,43.723000,2.399000,122.855247,3780,540,0,226,431,3466,49,0
2.385159,2.948000,110.000,43.723000,2.399000,122.855682,3780,540,0,226,431,3466,49,0
2.399892,14.733000,110.000,43.723000,2.399000,122.856209,3780,540,0,226,431,3466,49,0
2.402527,2.635000,110.000,43.723000,2.399000,122.856003,3780,540,0,226,431,3466,49,0
2.416248,13.721000,110.000,43.723000,2.399000,122.844734,3759,540,0,226,431,3466,49,0
2.418656,2.408000,110.000,43.723000,2.399000,122.845169,3759,540,0,225,430,3464,49,0
2.432648,13.992000,110.000,43.723000,2.399000,122.848896,3765,540,0,224,429,3462,49,0
2.435109,2.461000,110.000,43.723000,2.399000,122.849331,3765,540,0,223,428,3460,49,0
2.449921,14.812000,110.000,43.723000,2.399000,122.839291,3761,536,0,222,427,3458,49,0
2.452497,2.576000,110.000,43.723000,2.399000,122.833736,3751,536,0,222,427,3458,49,0
2.465956,13.459000,110.000,43.723000,2.399000,122.834217,3751,536,0,220,425,3454,49,0
2.468091,2.135000,110.000,43.723000,2.399000,122.834652,3751,536,0,220,425,3454,49,0
2.482601,14.510000,110.000,43.723000,2.399000,122.836716,3754,536,0,219,424,3452,49,0
2.485283,2.682000,110.000,43.723000,2.399000,122.821617,3745,531,0,218,423,3450,49,0
2.500075,14.792000,110.000,43.723000,2.399000,122.815655,3735,531,0,218,423,3450,49,0
2.502686,2.611000,110.000,43.723000,2.399000,122.816090,3735,531,0,218,423,3450,49,0
2.516143,13.457000,110.000,43.723000,2.399000,122.847691,3734,531,0,221,445,3494,49,0
2.518609,2.466000,110.000,43.723000,2.399000,122.831589,3734,531,0,187,411,3426,49,0
2.532874,14.265000,110.000,43.723000,2.399000,122.830399,3731,531,0,187,411,3426,49,0
2.535526,2.652000,110.000,43.723000,2.399000,122.830833,3731,531,0,187,411,3426,49,0
2.550308,14.782000,110.000,43.723000,2.399000,122.831253,3731,531,0,187,411,3426,49,0
2.553444,3.136000,110.000,43.723000,2.399000,122.831688,3731,531,0,187,411,3426,49,0
2.566124,12.680000,110.000,43.723000,2.399000,122.832108,3731,531,0,187,411,3426,49,0
2.568929,2.805000,110.000,43.723000,2.399000,122.832542,3731,531,0,187,411,3426,49,0
2.582587,13.658000,110.000,43.723000,2.399000,122.831337,3728,531,0,187,411,3426,49,0
2.585062,2.475000,110.000,43.723000,2.399000,122.831772,3728,531,0,187,411,3426,49,0
2.599551,14.489000,110.000,43.723000,2.399000,122.955078,3808,563,0,187,411,3426,49,0
2.602313,2.762000,110.000,43.723000,2.399000,122.961327,3808,563,0,196,427,3458,49,0
2.616032,13.719000,110.000,43.723000,2.399000,122.961674,3808,563,0,196,427,3458,49,0
2.618608,2.576000,110.000,43.723000,2.399000,122.962109,3808,563,0,196,427,3458,49,0
2.632689,14.081000,110.000,43.723000,2.399000,122.964241,3811,563,0,196,427,3458,49,0
2.635281,2.592000,110.000,43.723000,2.399000,122.964676,3811,563,0,196,427,3458,49,0
2.649156,13.875000,110.000,43.723000,2.399000,122.965065,3811,563,0,196,427,3458,49,0
2.651435,2.279000,110.000,43.723000,2.399000,122.961090,3809,563,0,195,407,3418,49,0
2.665891,14.456000,110.000,43.723000,2.399000,122.958168,3803,563,0,195,407,3418,49,0
2.668263,2.372000,114.000,44.810000,2.056000,122.958603,3803,563,0,195,407,3418,49,0
2.682827,14.564000,114.000,44.810000,2.056000,122.931496,3803,563,0,195,407,3418,49,0
2.690008,7.181000,114.000,44.810000,2.056000,122.931931,3803,563,0,195,407,3418,49,0
2.693964,3.956000,114.000,44.810000,2.056000,122.932365,3803,563,0,195,407,3418,49,0
2.709347,15.383000,114.000,44.810000,2.056000,122.932800,3803,563,0,195,407,3418,49,0
2.714375,5.028000,114.000,44.810000,2.056000,122.931595,3800,563,0,195,407,3418,49,0
2.718792,4.417000,114.000,44.810000,2.056000,122.933586,3803,563,0,195,407,3418,49,0
2.731392,12.600000,114.000,44.810000,2.056000,122.934021,3803,563,0,195,407,3418,49,0
2.735547,4.155000,114.000,44.810000,2.056000,122.942127,3816,563,0,195,407,3418,49,0
2.748074,12.527000,114.000,44.810000,2.056000,122.942562,3816,563,0,195,407,3418,49,0
2.752136,4.062000,114.000,44.810000,2.056000,122.943039,3816,563,0,195,407,3418,49,0
2.764789,12.653000,114.000,44.810000,2.056000,122.943474,3816,563,0,195,407,3418,49,0
2.768856,4.067000,114.000,44.810000,2.056000,122.943863,3816,563,0,195,407,3418,49,0
2.781343,12.487000,114.000,44.810000,2.056000,122.944298,3816,563,0,195,407,3418,49,0
2.784742,3.399000,114.000,44.810000,2.056000,122.944733,3816,563,0,195,407,3418,49,0
2.835794,51.052000,114.000,44.810000,2.056000,123.108383,3958,572,0,238,487,3578,49,0
2.849833,14.039000,114.000,44.810000,2.056000,123.155678,3958,572,0,238,485,3574,49,0
2.852648,2.815000,114.000,44.810000,2.056000,123.075230,3845,572,0,200,447,3498,49,0
2.864822,12.174000,114.000,44.810000,2.056000,123.074024,3842,572,0,200,447,3498,49,0
2.867576,2.754000,114.000,44.810000,2.056000,123.074459,3842,572,0,200,447,3498,49,0
2.882255,14.679000,114.000,44.810000,2.056000,123.074894,3842,572,0,200,447,3498,49,0
2.884838,2.583000,114.000,44.810000,2.056000,123.075329,3842,572,0,200,447,3498,49,0
2.899246,14.408000,114.000,44.810000,2.056000,123.075855,3842,572,0,200,447,3498,49,0
2.901921,2.675000,114.000,44.810000,2.056000,123.076290,3842,572,0,200,447,3498,49,0
2.915895,13.974000,114.000,44.810000,2.056000,123.078369,3845,572,0,200,447,3498,49,0
2.918324,2.429000,114.000,44.810000,2.056000,123.078804,3845,572,0,200,447,3498,49,0
2.932271,13.947000,114.000,44.810000,2.056000,123.079239,3845,572,0,200,447,3498,49,0
2.935106,2.835000,114.000,44.810000,2.056000,123.079674,3845,572,0,200,447,3498,49,0
2.949333,14.227000,114.000,44.810000,2.056000,123.077553,3841,572,0,199,411,3426,49,0
2.951855,2.522000,114.000,44.810000,2.056000,123.073578,3839,572,0,199,411,3426,49,0
2.966091,14.236000,114.000,44.810000,2.056000,123.031166,3839,572,0,199,411,3426,49,0
2.968269,2.178000,114.000,44.810000,2.056000,123.031601,3839,572,0,199,411,3426,49,0
2.982435,14.166000,114.000,44.810000,2.056000,123.030396,3836,572,0,199,411,3426,49,0
2.984849,2.414000,114.000,44.810000,2.056000,123.030830,3836,572,0,199,411,3426,49,0
2.999644,14.795000,114.000,44.810000,2.056000,123.032925,3839,572,0,199,411,3426,49,0
3.002214,2.570000,114.000,44.810000,2.056000,123.033360,3839,572,0,199,411,3426,49,0
3.016210,13.996000,114.000,44.810000,2.056000,123.034039,3839,572,0,199,411,3426,49,0
3.018692,2.482000,114.000,44.810000,2.056000,123.033798,3839,572,0,199,411,3426,49,0
3.032588,13.896000,114.000,44.810000,2.056000,123.032364,3836,572,0,199,411,3426,49,0
3.034901,2.313000,114.000,44.810000,2.056000,123.032890,3836,572,0,198,410,3424,49,0
3.049825,14.924000,114.000,44.810000,2.056000,123.033333,3836,572,0,197,409,3422,49,0
3.052544,2.719000,114.000,44.810000,2.056000,123.033768,3836,572,0,196,408,3420,49,0
3.066041,13.497000,114.000,44.810000,2.056000,123.023769,3832,568,0,195,407,3418,49,0
3.068359,2.318000,114.000,44.810000,2.056000,123.019855,3825,568,0,195,407,3418,49,0
3.082587,14.228000,114.000,44.810000,2.056000,123.020306,3825,568,0,193,405,3414,49,0
3.085031,2.444000,114.000,44.810000,2.056000,123.020741,3825,568,0,193,405,3414,49,0
3.099720,14.689000,114.000,44.810000,2.056000,123.022739,3828,568,0,192,404,3412,49,0
3.102176,2.456000,114.000,44.810000,2.056000,123.007607,3819,563,0,191,403,3410,49,0
3.116167,13.991000,114.000,44.810000,2.056000,123.004948,3815,563,0,191,403,3410,49,0
3.118365,2.198000,114.000,44.810000,2.056000,123.005383,3815,563,0,191,403,3410,49,0
3.132612,14.247000,114.000,44.810000,2.056000,123.059940,3817,563,0,230,464,3532,49,0
3.135438,2.826000,114.000,44.810000,2.056000,123.060375,3817,563,0,230,464,3532,49,0
3.149671,14.233000,114.000,44.810000,2.056000,123.058182,3814,563,0,228,462,3528,49,0
3.152496,2.825000,114.000,44.810000,2.056000,123.058617,3814,563,0,228,462,3528,49,0
3.166061,13.565000,114.000,44.810000,2.056000,123.059067,3814,563,0,228,462,3528,49,0
3.168590,2.529000,114.000,44.810000,2.056000,123.059502,3814,563,0,228,462,3528,49,0
3.182563,13.973000,114.000,44.810000,2.056000,123.059879,3814,563,0,228,462,3528,49,0
3.189894,7.331000,114.000,44.810000,2.056000,123.060314,3814,563,0,228,462,3528,49,0
3.194376,4.482000,114.000,44.810000,2.056000,123.059055,3811,563,0,228,462,3528,49,0
3.206445,12.069000,114.000,44.810000,2.056000,123.059490,3811,563,0,228,462,3528,49,0
3.216016,9.571000,114.000,44.810000,2.056000,123.059925,3811,563,0,228,462,3528,49,0
3.218451,2.435000,114.000,44.810000,2.056000,123.060360,3811,563,0,228,462,3528,49,0
3.232563,14.112000,114.000,44.810000,2.056000,123.059216,3808,563,0,228,462,3528,49,0
3.235441,2.878000,114.000,44.810000,2.056000,123.059650,3808,563,0,228,462,3528,49,0
3.250249,14.808000,114.000,44.810000,2.056000,123.063229,3811,563,0,228,462,3528,49,2
3.253594,3.345000,114.000,44.810000,2.056000,123.063663,3811,563,0,228,462,3528,49,2
3.266100,12.506000,114.000,44.810000,2.056000,123.064384,3814,562,0,228,462,3528,49,2
3.268470,2.370000,114.000,44.810000,2.056000,123.061474,3809,562,0,228,439,3482,49,2
3.282839,14.369000,114.000,44.810000,2.056000,123.062767,3816,561,0,228,439,3482,49,6
3.285504,2.665000,114.000,44.810000,2.056000,123.059944,3811,561,0,229,439,3482,49,6
3.300613,15.109000,114.000,44.810000,2.056000,123.034218,3817,561,0,229,439,3482,49,6
3.303856,3.243000,114.000,44.810000,2.056000,123.034653,3817,561,0,229,439,3482,49,6
3.316562,12.706000,114.000,44.810000,2.056000,123.040653,3859,555,0,229,439,3482,49,0
3.318927,2.365000,114.000,44.810000,2.056000,123.021770,3829,555,0,234,439,3482,49,0
3.332676,13.749000,114.000,44.810000,2.056000,123.022163,3829,555,0,234,439,3482,49,0
3.335496,2.820000,114.000,44.810000,2.056000,123.022598,3829,555,0,234,439,3482,49,0
3.349529,14.033000,114.000,44.810000,2.056000,123.019733,3823,555,0,234,439,3482,49,0
3.352446,2.917000,114.000,44.810000,2.056000,123.026173,3833,555,0,234,439,3482,49,0
3.366215,13.769000,114.000,44.810000,2.056000,123.026608,3833,555,0,234,439,3482,49,0
3.368552,2.337000,114.000,44.810000,2.056000,123.027042,3833,555,0,234,439,3482,49,0
3.382786,14.234000,114.000,44.810000,2.056000,123.029232,3836,555,0,234,439,3482,49,0
3.385205,2.419000,114.000,44.810000,2.056000,123.029667,3836,555,0,234,439,3482,49,0
3.400154,14.949000,114.000,44.810000,2.056000,123.031738,3839,555,0,234,439,3482,49,0
3.403168,3.014000,114.000,44.810000,2.056000,123.032173,3839,555,0,234,439,3482,49,0
3.450021,46.853000,114.000,44.810000,2.056000,123.180737,3984,564,0,245,487,3578,49,0
3.454200,4.179000,114.000,44.810000,2.056000,123.180927,3984,564,0,243,483,3570,49,0
3.465480,11.280000,114.000,44.810000,2.056000,123.127743,3887,564,0,233,473,3550,49,0
3.467591,2.111000,114.000,44.810000,2.056000,123.121639,3884,564,0,227,467,3538,49,0
3.482283,14.692000,114.000,44.810000,2.056000,123.122074,3884,564,0,227,467,3538,49,0
3.484386,2.103000,114.000,44.810000,2.056000,123.122509,3884,564,0,227,467,3538,49,0
3.499245,14.859000,114.000,44.810000,2.056000,123.121304,3881,564,0,227,467,3538,49,0
3.501349,2.104000,114.000,44.810000,2.056000,123.121738,3881,564,0,227,467,3538,49,0
3.515924,14.575000,114.000,44.810000,2.056000,123.111794,3876,561,0,226,466,3536,49,0
3.517749,1.825000,114.000,44.810000,2.056000,123.108536,3870,561,0,226,466,3536,49,0
3.532273,14.524000,114.000,44.810000,2.056000,123.095184,3859,558,0,225,465,3534,49,0
3.534691,2.418000,114.000,44.810000,2.056000,123.089424,3849,558,0,225,465,3534,49,0
3.549135,14.444000,114.000,44.810000,2.056000,123.088173,3846,558,0,224,429,3462,49,0
3.551037,1.902000,114.000,44.810000,2.056000,123.088608,3846,558,0,224,429,3462,49,0
3.565961,14.924000,114.000,44.810000,2.056000,122.984203,3819,540,0,218,423,3450,49,0
3.568441,2.480000,114.000,44.810000,2.056000,122.958073,3781,540,0,218,423,3450,49,0
3.582483,14.042000,114.000,44.810000,2.056000,122.958458,3781,540,0,218,423,3450,49,0
3.584967,2.484000,114.000,44.810000,2.056000,122.958893,3781,540,0,218,423,3450,49,0
3.599570,14.603000,114.000,44.810000,2.056000,122.957672,3778,540,0,218,423,3450,49,0
3.602183,2.613000,114.000,44.810000,2.056000,122.958073,3778,540,0,218,423,3450,49,0
3.615913,13.730000,114.000,44.810000,2.056000,122.956909,3775,540,0,218,423,3450,49,0
3.618183,2.270000,114.000,44.810000,2.056000,122.956703,3775,540,0,218,423,3450,49,0
3.632652,14.469000,114.000,44.810000,2.056000,122.951965,3766,540,0,218,423,3450,49,0
3.635143,2.491000,114.000,44.810000,2.056000,122.952400,3766,540,0,217,422,3448,49,0
3.649784,14.641000,114.000,44.810000,2.056000,122.952850,3766,540,0,216,421,3446,49,0
3.652299,2.515000,114.000,44.810000,2.056000,122.953285,3766,540,0,215,420,3444,49,0
3.666224,13.925000,114.000,44.810000,2.056000,122.943287,3762,536,0,214,419,3442,49,0
3.668500,2.276000,111.000,48.940000,2.661000,122.939373,3755,536,0,214,419,3442,49,0
3.682374,13.874000,111.000,48.940000,2.661000,122.939720,3755,536,0,212,417,3438,49,0
3.684679,2.305000,111.000,48.940000,2.661000,122.938515,3752,536,0,212,417,3438,49,0
3.700094,15.415000,111.000,48.940000,2.661000,122.940540,3755,536,0,211,416,3436,49,0
3.703012,2.918000,111.000,48.940000,2.661000,122.925442,3746,531,0,210,415,3434,49,0
3.716124,13.112000,111.000,48.940000,2.661000,122.921158,3739,531,0,210,415,3434,49,0
3.719969,3.845000,111.000,48.940000,2.661000,122.960854,3741,531,0,221,447,3498,49,0
3.732590,12.621000,111.000,48.940000,2.661000,122.961319,3741,531,0,221,447,3498,49,0
3.735270,2.680000,111.000,48.940000,2.661000,122.943237,3741,531,0,183,409,3422,49,0
3.749870,14.600000,111.000,48.940000,2.661000,122.940334,3735,531,0,183,409,3422,49,0
3.752649,2.779000,111.000,48.940000,2.661000,122.940735,3735,531,0,183,409,3422,49,0
3.766132,13.483000,111.000,48.940000,2.661000,122.941154,3735,531,0,183,409,3422,49,0
3.768774,2.642000,111.000,48.940000,2.661000,122.941589,3735,531,0,183,409,3422,49,0
3.782471,13.697000,111.000,48.940000,2.661000,122.942024,3735,531,0,183,409,3422,49,0
3.784933,2.462000,111.000,48.940000,2.661000,122.942459,3735,531,0,183,409,3422,49,0
3.800592,15.659000,111.000,48.940000,2.661000,123.065830,3815,563,0,183,409,3422,49,0
3.803680,3.088000,111.000,48.940000,2.661000,123.072079,3815,563,0,192,425,3454,49,0
3.816213,12.533000,111.000,48.940000,2.661000,123.074066,3818,563,0,192,425,3454,49,0
3.818522,2.309000,111.000,48.940000,2.661000,123.074501,3818,563,0,192,425,3454,49,0
3.832558,14.036000,111.000,48.940000,2.661000,123.074936,3818,563,0,192,425,3454,49,0
3.835141,2.583000,111.000,48.940000,2.661000,123.075371,3818,563,0,192,425,3454,49,0
3.850220,15.079000,111.000,48.940000,2.661000,123.075806,3818,563,0,192,425,3454,49,0
3.853324,3.104000,111.000,48.940000,2.661000,123.076206,3818,563,0,192,425,3454,49,0
3.865968,12.644000,111.000,48.940000,2.661000,123.076572,3818,563,0,191,403,3410,49,0
3.868179,2.211000,111.000,48.940000,2.661000,123.072598,3816,563,0,191,403,3410,49,0
3.882537,14.358000,111.000,48.940000,2.661000,123.073078,3816,563,0,191,403,3410,49,0
3.885155,2.618000,111.000,48.940000,2.661000,123.043476,3816,563,0,191,403,3410,49,0
3.900111,14.956000,111.000,48.940000,2.661000,123.044044,3816,563,0,191,403,3410,49,0
3.903036,2.925000,111.000,48.940000,2.661000,123.044479,3816,563,0,191,403,3410,49,0
3.916314,13.278000,111.000,48.940000,2.661000,123.044823,3816,563,0,191,403,3410,49,0
3.918555,2.241000,111.000,48.940000,2.661000,123.045258,3816,563,0,191,403,3410,49,0
3.932754,14.199000,111.000,48.940000,2.661000,123.044159,3813,563,0,191,403,3410,49,0
3.935216,2.462000,111.000,48.940000,2.661000,123.044594,3813,563,0,191,403,3410,49,0
3.950397,15.181000,111.000,48.940000,2.661000,123.043381,3810,563,0,191,403,3410,49,0
3.953554,3.157000,111.000,48.940000,2.661000,123.049820,3820,563,0,191,403,3410,49,0
3.966307,12.753000,111.000,48.940000,2.661000,123.050240,3820,563,0,191,403,3410,49,0
3.968515,2.208000,111.000,48.940000,2.661000,123.050674,3820,563,0,191,403,3410,49,0
3.982780,14.265000,111.000,48.940000,2.661000,123.052773,3823,563,0,191,403,3410,49,0
3.985306,2.526000,111.000,48.940000,2.661000,123.053173,3823,563,0,191,403,3410,49,0
4.000344,15.038000,111.000,48.940000,2.661000,123.053585,3823,563,0,191,403,3410,49,0
4.003188,2.844000,111.000,48.940000,2.661000,123.054020,3823,563,0,191,403,3410,49,0
4.051318,48.130000,111.000,48.940000,2.661000,123.218922,3963,572,0,238,487,3578,49,0
4.056176,4.858000,111.000,48.940000,2.661000,123.219345,3963,572,0,238,485,3574,49,0
4.070083,13.907000,111.000,48.940000,2.661000,123.154629,3845,572,0,238,485,3574,49,0
4.071997,1.914000,111.000,48.940000,2.661000,123.138527,3845,572,0,204,451,3506,49,0
4.086558,14.561000,111.000,48.940000,2.661000,123.138962,3845,572,0,204,451,3506,49,0
4.088537,1.979000,111.000,48.940000,2.661000,123.139397,3845,572,0,204,451,3506,49,0
4.103630,15.093000,111.000,48.940000,2.661000,123.141479,3848,572,0,204,451,3506,49,0
4.105501,1.871000,111.000,48.940000,2.661000,123.141880,3848,572,0,204,451,3506,49,0
4.119465,13.964000,111.000,48.940000,2.661000,123.142315,3848,572,0,204,451,3506,49,0
4.121642,2.177000,111.000,48.940000,2.661000,123.142750,3848,572,0,204,451,3506,49,0
4.136965,15.323000,111.000,48.940000,2.661000,123.143185,3848,572,0,204,451,3506,49,0
4.139053,2.088000,111.000,48.940000,2.661000,123.143620,3848,572,0,204,451,3506,49,0
4.153450,14.397000,111.000,48.940000,2.661000,123.141499,3844,572,0,204,451,3506,49,0
4.155229,1.779000,111.000,48.940000,2.661000,123.137489,3842,572,0,203,415,3434,49,0
4.169667,14.438000,111.000,48.940000,2.661000,123.139591,3845,572,0,203,415,3434,49,0
4.171577,1.910000,111.000,48.940000,2.661000,123.095436,3845,572,0,203,415,3434,49,0
4.187323,15.746000,111.000,48.940000,2.661000,123.099316,3851,572,0,203,415,3434,49,0
4.189704,2.381000,111.000,48.940000,2.661000,123.099751,3851,572,0,203,415,3434,49,0
4.203816,14.112000,111.000,48.940000,2.661000,123.100189,3851,572,0,203,415,3434,49,0
4.206345,2.529000,111.000,48.940000,2.661000,123.100624,3851,572,0,203,415,3434,49,0
4.219912,13.567000,111.000,48.940000,2.661000,123.099586,3848,572,0,203,415,3434,49,0
4.222114,2.202000,111.000,48.940000,2.661000,123.101830,3848,572,0,203,415,3434,49,0
4.237588,15.474000,111.000,48.940000,2.661000,123.172188,3848,572,0,203,415,3434,49,0
4.240469,2.881000,111.000,48.940000,2.661000,123.169121,3842,572,0,203,415,3434,49,0
4.254172,13.703000,111.000,48.940000,2.661000,123.167915,3839,572,0,202,414,3432,49,0
4.256811,2.639000,111.000,48.940000,2.661000,123.168350,3839,572,0,202,414,3432,49,0
4.269942,13.131000,111.000,48.940000,2.661000,123.168785,3839,572,0,200,412,3428,49,0
4.272485,2.543000,111.000,48.940000,2.661000,123.158817,3835,568,0,199,411,3426,49,0
4.286730,14.245000,111.000,48.940000,2.661000,123.154888,3828,568,0,199,411,3426,49,0
4.289495,2.765000,111.000,48.940000,2.661000,123.155289,3828,568,0,198,410,3424,49,0
4.304229,14.734000,111.000,48.940000,2.661000,123.154022,3825,568,0,197,409,3422,49,0
4.306902,2.673000,111.000,48.940000,2.661000,123.154373,3825,568,0,196,408,3420,49,0
4.319903,13.001000,111.000,48.940000,2.661000,123.140892,3819,563,0,195,407,3418,49,0
4.322225,2.322000,111.000,48.940000,2.661000,123.135010,3809,563,0,195,407,3418,49,0
4.336123,13.898000,111.000,48.940000,2.661000,123.184746,3808,563,0,230,463,3530,49,0
4.339045,2.922000,111.000,48.940000,2.661000,123.185181,3808,563,0,220,453,3510,49,0
4.354067,15.022000,111.000,48.940000,2.661000,123.182434,3811,563,0,220,453,3510,49,0
4.356952,2.885000,111.000,48.940000,2.661000,123.182869,3811,563,0,220,453,3510,49,0
4.369734,12.782000,111.000,48.940000,2.661000,123.186573,3817,563,0,220,453,3510,49,0
4.372178,2.444000,111.000,48.940000,2.661000,123.187008,3817,563,0,220,453,3510,49,0
4.387554,15.376000,111.000,48.940000,2.661000,123.190868,3823,563,0,220,453,3510,49,0
4.390817,3.263000,111.000,48.940000,2.661000,123.191303,3823,563,0,220,453,3510,49,0
4.403972,13.155000,111.000,48.940000,2.661000,123.191727,3823,563,0,220,453,3510,49,0
4.406732,2.760000,111.000,48.940000,2.661000,123.192162,3823,563,0,220,453,3510,49,0
4.419928,13.196000,111.000,48.940000,2.661000,123.189323,3817,563,0,220,453,3510,49,0
4.422697,2.769000,111.000,48.940000,2.661000,123.189758,3817,563,0,220,453,3510,49,0
4.436821,14.124000,111.000,48.940000,2.661000,123.191677,3817,563,0,220,453,3510,49,2
4.439784,2.963000,111.000,48.940000,2.661000,123.192112,3817,563,0,220,453,3510,49,2
4.454170,14.386000,111.000,48.940000,2.661000,123.196136,3826,562,0,220,453,3510,49,2
4.456988,2.818000,111.000,48.940000,2.661000,123.193279,3821,562,0,221,453,3510,49,2
4.470145,13.157000,111.000,48.940000,2.661000,123.198940,3830,561,0,221,453,3510,49,6
4.477658,7.513000,111.000,48.940000,2.661000,123.196064,3825,561,0,221,431,3466,49,6
4.481987,4.329000,111.000,48.940000,2.661000,123.193920,3823,561,0,221,431,3466,49,6
4.493835,11.848000,111.000,48.940000,2.661000,123.194355,3823,561,0,221,431,3466,49,6
4.500710,6.875000,111.000,48.940000,2.661000,123.167049,3859,555,0,221,431,3466,49,0
4.504749,4.039000,111.000,48.940000,2.661000,123.148109,3829,555,0,226,431,3466,49,0
4.520200,15.451000,111.000,48.940000,2.661000,123.150223,3832,555,0,226,431,3466,49,0
4.526899,6.699000,111.000,48.940000,2.661000,123.150623,3832,555,0,226,431,3466,49,0
4.531199,4.300000,111.000,48.940000,2.661000,123.151035,3832,555,0,226,431,3466,49,0
4.543834,12.635000,111.000,48.940000,2.661000,123.151470,3832,555,0,226,431,3466,49,0
4.548458,4.624000,111.000,48.940000,2.661000,123.151897,3832,555,0,226,431,3466,49,0
4.560532,12.074000,111.000,48.940000,2.661000,123.152332,3832,555,0,226,431,3466,49,0
4.570130,9.598000,111.000,48.940000,2.661000,123.158794,3842,555,0,226,431,3466,49,0
4.573008,2.878000,111.000,48.940000,2.661000,123.159172,3842,555,0,226,431,3466,49,0
4.587308,14.300000,111.000,48.940000,2.661000,123.157982,3839,555,0,226,431,3466,49,0
4.589991,2.683000,111.000,48.940000,2.661000,123.158417,3839,555,0,226,431,3466,49,0
4.603924,13.933000,111.000,48.940000,2.661000,123.158836,3839,555,0,226,431,3466,49,0
4.610497,6.573000,111.000,48.940000,2.661000,123.159271,3839,555,0,226,431,3466,49,0
4.615313,4.816000,111.000,48.940000,2.661000,123.156349,3833,555,0,225,430,3464,49,0
4.657326,42.013000,111.000,48.940000,2.661000,123.301613,3965,564,0,244,486,3576,49,0
4.669865,12.539000,111.000,46.030000,2.441000,123.301899,3965,564,0,243,483,3570,49,0
4.672965,3.100000,111.000,46.030000,2.441000,123.241573,3855,564,0,237,477,3558,49,0
4.686252,13.287000,111.000,46.030000,2.441000,123.242008,3855,564,0,235,475,3554,49,0
4.690570,4.318000,111.000,46.030000,2.441000,123.239815,3852,564,0,235,475,3554,49,0
4.702228,11.658000,111.000,46.030000,2.441000,123.240192,3852,564,0,235,475,3554,49,0
4.706635,4.407000,111.000,46.030000,2.441000,123.238987,3849,564,0,235,475,3554,49,0
4.719886,13.251000,111.000,46.030000,2.441000,123.228985,3844,561,0,234,474,3552,49,0
4.723780,3.894000,111.000,46.030000,2.441000,123.215267,3833,558,0,233,473,3550,49,0
4.736266,12.486000,111.000,46.030000,2.441000,123.211906,3827,558,0,233,473,3550,49,0
4.739521,3.255000,111.000,46.030000,2.441000,123.212341,3827,558,0,233,473,3550,49,0
4.753242,13.721000,111.000,46.030000,2.441000,123.211136,3824,558,0,233,473,3550,49,0
4.756020,2.778000,111.000,46.030000,2.441000,123.145634,3790,540,0,227,467,3538,49,0
4.769520,13.500000,111.000,46.030000,2.441000,123.123756,3754,540,0,226,431,3466,49,0
4.772232,2.712000,111.000,46.030000,2.441000,123.119747,3752,540,0,226,431,3466,49,0
4.786531,14.299000,111.000,46.030000,2.441000,123.120216,3752,540,0,226,431,3466,49,0
4.789744,3.213000,111.000,46.030000,2.441000,123.077641,3752,540,0,226,431,3466,49,0
4.803713,13.969000,111.000,46.030000,2.441000,123.079926,3755,540,0,226,431,3466,49,0
4.806472,2.759000,111.000,46.030000,2.441000,123.080360,3755,540,0,226,431,3466,49,0
4.820081,13.609000,111.000,46.030000,2.441000,123.080940,3755,540,0,226,431,3466,49,0
4.822496,2.415000,111.000,46.030000,2.441000,123.081375,3755,540,0,226,431,3466,49,0
4.837226,14.730000,111.000,46.030000,2.441000,123.078545,3749,540,0,226,431,3466,49,0
4.840091,2.865000,111.000,46.030000,2.441000,123.078339,3749,540,0,226,431,3466,49,0
4.854043,13.952000,111.000,46.030000,2.441000,123.075279,3743,540,0,226,431,3466,49,0
4.856866,2.823000,111.000,46.030000,2.441000,123.075714,3743,540,0,225,430,3464,49,0
4.869917,13.051000,111.000,46.030000,2.441000,123.076118,3743,540,0,225,430,3464,49,0
4.872370,2.453000,111.000,46.030000,2.441000,123.076553,3743,540,0,223,428,3460,49,0
4.887389,15.019000,111.000,46.030000,2.441000,123.077076,3743,540,0,222,427,3458,49,0
4.890304,2.915000,111.000,46.030000,2.441000,123.067108,3739,536,0,222,427,3458,49,0
4.904041,13.737000,111.000,46.030000,2.441000,123.064743,3735,536,0,222,427,3458,49,0
4.906726,2.685000,111.000,46.030000,2.441000,123.065178,3735,536,0,220,425,3454,49,0
4.920048,13.322000,111.000,46.030000,2.441000,123.065453,3735,536,0,219,424,3452,49,0
4.922468,2.420000,111.000,46.030000,2.441000,123.050354,3726,531,0,218,423,3450,49,0
4.937107,14.639000,111.000,46.030000,2.441000,123.044456,3716,531,0,218,423,3450,49,0
4.941858,4.751000,111.000,46.030000,2.441000,123.078979,3718,531,0,221,446,3496,49,0
4.953817,11.959000,111.000,46.030000,2.441000,123.079399,3718,531,0,187,412,3428,49,0
4.956733,2.916000,111.000,46.030000,2.441000,123.063297,3718,531,0,187,412,3428,49,0
4.969868,13.135000,111.000,46.030000,2.441000,123.063717,3718,531,0,187,412,3428,49,0
4.972373,2.505000,111.000,46.030000,2.441000,123.064152,3718,531,0,187,412,3428,49,0
4.986419,14.046000,111.000,46.030000,2.441000,123.064587,3718,531,0,187,412,3428,49,0
4.990312,3.893000,111.000,46.030000,2.441000,123.065022,3718,531,0,187,412,3428,49,0
5.004658,14.346000,111.000,46.030000,2.441000,123.188324,3798,563,0,187,412,3428,49,0
5.007457,2.799000,111.000,46.030000,2.441000,123.194572,3798,563,0,196,428,3460,49,0
5.020082,12.625000,111.000,46.030000,2.441000,123.193314,3795,563,0,196,428,3460,49,0
5.029761,9.679000,111.000,46.030000,2.441000,123.193748,3795,563,0,196,428,3460,49,0
5.033408,3.647000,111.000,46.030000,2.441000,123.192543,3792,563,0,196,428,3460,49,0
5.043924,10.516000,111.000,46.030000,2.441000,123.192978,3792,563,0,196,428,3460,49,0
5.049046,5.122000,111.000,46.030000,2.441000,123.193413,3792,563,0,196,428,3460,49,0
5.060479,11.433000,111.000,46.030000,2.441000,123.193848,3792,563,0,196,428,3460,49,0
5.075152,14.673000,111.000,46.030000,2.441000,123.195972,3795,563,0,196,428,3460,49,0
5.085215,10.063000,111.000,46.030000,2.441000,123.196354,3795,563,0,196,428,3460,49,0
5.089775,4.560000,111.000,46.030000,2.441000,123.192375,3793,563,0,195,407,3418,49,0
5.102249,12.474000,111.000,46.030000,2.441000,123.192810,3793,563,0,195,407,3418,49,0
5.107184,4.935000,111.000,46.030000,2.441000,123.164467,3793,563,0,195,407,3418,49,0
5.118725,11.541000,111.000,46.030000,2.441000,123.164902,3793,563,0,195,407,3418,49,0
5.123133,4.408000,111.000,46.030000,2.441000,123.165512,3793,563,0,195,407,3418,49,0
5.135229,12.096000,111.000,46.030000,2.441000,123.165947,3793,563,0,195,407,3418,49,0
5.140054,4.825000,111.000,46.030000,2.441000,123.164692,3790,563,0,195,407,3418,49,0
5.152162,12.108000,111.000,46.030000,2.441000,123.165127,3790,563,0,195,407,3418,49,0
5.162347,10.185000,111.000,46.030000,2.441000,123.167210,3793,563,0,195,407,3418,49,0
5.164725,2.378000,111.000,46.030000,2.441000,123.167645,3793,563,0,195,407,3418,49,0
5.178324,13.599000,111.000,46.030000,2.441000,123.174122,3803,563,0,195,407,3418,49,0
5.180475,2.151000,111.000,46.030000,2.441000,123.174557,3803,563,0,195,407,3418,49,0
5.195613,15.138000,111.000,46.030000,2.441000,123.176636,3806,563,0,195,407,3418,49,0
5.198010,2.397000,111.000,46.030000,2.441000,123.177071,3806,563,0,195,407,3418,49,0
5.212109,14.099000,111.000,46.030000,2.441000,123.177353,3806,563,0,195,407,3418,49,0
5.214616,2.507000,111.000,46.030000,2.441000,123.177788,3806,563,0,195,407,3418,49,0
5.228422,13.806000,111.000,46.030000,2.441000,123.178299,3806,563,0,195,407,3418,49,0
5.276151,47.729000,111.000,46.030000,2.441000,123.345238,3956,572,0,238,487,3578,49,0
5.280910,4.759000,111.000,46.030000,2.441000,123.348820,3962,572,0,200,447,3498,49,0
5.295088,14.178000,111.000,46.030000,2.441000,123.269955,3852,572,0,200,447,3498,49,0
5.298823,3.735000,111.000,46.030000,2.441000,123.270390,3852,572,0,200,447,3498,49,0
5.310675,11.852000,111.000,46.030000,2.441000,123.269184,3849,572,0,200,447,3498,49,0
5.314872,4.197000,111.000,46.030000,2.441000,123.269527,3849,572,0,200,447,3498,49,0
5.327125,12.253000,111.000,46.030000,2.441000,123.269962,3849,572,0,200,447,3498,49,0
5.330931,3.806000,111.000,46.030000,2.441000,123.270397,3849,572,0,200,447,3498,49,0
5.344000,13.069000,111.000,46.030000,2.441000,123.270832,3849,572,0,200,447,3498,49,0
5.348084,4.084000,111.000,46.030000,2.441000,123.269627,3846,572,0,200,447,3498,49,0
5.360644,12.560000,111.000,46.030000,2.441000,123.270061,3846,572,0,200,447,3498,49,0
5.364919,4.275000,111.000,46.030000,2.441000,123.267994,3842,572,0,200,447,3498,49,0
5.377170,12.251000,111.000,46.030000,2.441000,123.268429,3842,572,0,199,411,3426,49,0
5.381077,3.907000,111.000,46.030000,2.441000,123.267136,3839,572,0,199,411,3426,49,0
5.393934,12.857000,111.000,46.030000,2.441000,123.220150,3837,572,0,199,411,3426,49,0
5.398528,4.594000,111.000,46.030000,2.441000,123.222401,3840,572,0,199,411,3426,49,0
5.410648,12.120000,111.000,46.030000,2.441000,123.222836,3840,572,0,199,411,3426,49,0
5.414568,3.920000,111.000,46.030000,2.441000,123.223286,3840,572,0,199,411,3426,49,0
5.427224,12.656000,111.000,46.030000,2.441000,123.222080,3837,572,0,199,411,3426,49,0
5.431481,4.257000,111.000,46.030000,2.441000,123.224163,3840,572,0,199,411,3426,49,0
5.443940,12.459000,111.000,46.030000,2.441000,123.224598,3840,572,0,199,411,3426,49,0
5.448166,4.226000,111.000,46.030000,2.441000,123.227627,3846,572,0,199,411,3426,49,0
5.460632,12.466000,111.000,46.030000,2.441000,123.224560,3840,572,0,199,411,3426,49,0
5.464789,4.157000,111.000,46.030000,2.441000,123.226635,3843,572,0,198,410,3424,49,0
5.477380,12.591000,111.000,46.030000,2.441000,123.227070,3843,572,0,198,410,3424,49,0
5.481959,4.579000,111.000,46.030000,2.441000,123.229122,3846,572,0,196,408,3420,49,0
5.494035,12.076000,111.000,46.030000,2.441000,123.219154,3842,568,0,195,407,3418,49,0
5.498435,4.400000,111.000,46.030000,2.441000,123.211876,3829,568,0,195,407,3418,49,0
5.510523,12.088000,111.000,46.030000,2.441000,123.212311,3829,568,0,194,406,3416,49,0
5.514676,4.153000,111.000,46.030000,2.441000,123.212715,3829,568,0,193,405,3414,49,0
5.527217,12.541000,111.000,46.030000,2.441000,123.213066,3829,568,0,192,404,3412,49,0
5.530848,3.631000,111.000,46.030000,2.441000,123.199627,3823,563,0,191,403,3410,49,0
5.543903,13.055000,111.000,46.030000,2.441000,123.193745,3813,563,0,191,403,3410,49,0
5.547493,3.590000,111.000,46.030000,2.441000,123.195881,3816,563,0,191,403,3410,49,0
5.560653,13.160000,111.000,46.030000,2.441000,123.246613,3818,563,0,230,461,3526,49,0
5.564698,4.045000,111.000,46.030000,2.441000,123.246040,3818,563,0,228,459,3522,49,0
5.577375,12.677000,111.000,46.030000,2.441000,123.246475,3818,563,0,228,459,3522,49,0
5.581763,4.388000,111.000,46.030000,2.441000,123.246895,3818,563,0,228,459,3522,49,0
5.594070,12.307000,111.000,46.030000,2.441000,123.247330,3818,563,0,228,459,3522,49,0
5.598524,4.454000,111.000,46.030000,2.441000,123.249378,3821,563,0,228,459,3522,49,0
5.610633,12.109000,111.000,46.030000,2.441000,123.249813,3821,563,0,228,459,3522,49,0
5.615257,4.624000,111.000,46.030000,2.441000,123.250832,3821,563,0,228,459,3522,49,1
5.627416,12.159000,111.000,46.030000,2.441000,123.251266,3821,563,0,228,459,3522,49,1
5.631620,4.204000,111.000,46.030000,2.441000,123.252613,3821,563,0,228,459,3522,49,2
5.644055,12.435000,111.000,46.030000,2.441000,123.252991,3821,563,0,228,459,3522,49,2
5.648731,4.676000,111.000,46.030000,2.441000,123.255337,3827,562,0,228,459,3522,49,2
5.660578,11.847000,111.000,46.030000,2.441000,123.252514,3822,562,0,229,459,3522,49,2
5.664675,4.097000,114.000,45.993000,2.552000,123.254902,3825,561,0,229,459,3522,49,6
5.677231,12.556000,114.000,45.993000,2.552000,123.252079,3820,561,0,230,459,3522,49,6
5.681541,4.310000,114.000,45.993000,2.552000,123.254337,3820,561,0,230,459,3522,49,6
5.694067,12.526000,114.000,45.993000,2.552000,123.254719,3820,561,0,230,459,3522,49,6
5.698742,4.675000,114.000,45.993000,2.552000,123.249752,3848,555,0,229,439,3482,49,0
5.710672,11.930000,114.000,45.993000,2.552000,123.230869,3818,555,0,234,439,3482,49,0
5.714832,4.160000,114.000,45.993000,2.552000,123.229740,3815,555,0,234,439,3482,49,0
5.727195,12.363000,114.000,45.993000,2.552000,123.202679,3815,555,0,234,439,3482,49,0
5.731137,3.942000,114.000,45.993000,2.552000,123.204937,3818,555,0,234,439,3482,49,0
5.743955,12.818000,114.000,45.993000,2.552000,123.205372,3818,555,0,234,439,3482,49,0
5.748249,4.294000,114.000,45.993000,2.552000,123.205635,3818,555,0,234,439,3482,49,0
5.760642,12.393000,114.000,45.993000,2.552000,123.206070,3818,555,0,234,439,3482,49,0
5.765201,4.559000,114.000,45.993000,2.552000,123.204910,3815,555,0,234,439,3482,49,0
5.777187,11.986000,114.000,45.993000,2.552000,123.205345,3815,555,0,234,439,3482,49,0
5.781065,3.878000,114.000,45.993000,2.552000,123.210083,3822,555,0,234,439,3482,49,0
5.793992,12.927000,114.000,45.993000,2.552000,123.210518,3822,555,0,234,439,3482,49,0
5.798596,4.604000,114.000,45.993000,2.552000,123.210953,3822,555,0,234,439,3482,49,0
5.810620,12.024000,114.000,45.993000,2.552000,123.211388,3822,555,0,234,439,3482,49,0
5.814808,4.188000,114.000,45.993000,2.552000,123.211819,3822,555,0,233,438,3480,49,0
5.827182,12.374000,114.000,45.993000,2.552000,123.212254,3822,555,0,233,438,3480,49,0
5.831302,4.120000,114.000,45.993000,2.552000,123.211063,3819,555,0,232,437,3478,49,0
5.874019,42.717000,114.000,45.993000,2.552000,123.357971,3961,564,0,243,485,3574,49,0
5.895236,21.217000,114.000,45.993000,2.552000,123.359901,3964,564,0,237,477,3558,49,0
5.898946,3.710000,114.000,45.993000,2.552000,123.302349,3859,564,0,227,467,3538,49,0
5.912028,13.082000,114.000,45.993000,2.552000,123.299587,3862,564,0,227,467,3538,49,0
5.914982,2.954000,114.000,45.993000,2.552000,123.289631,3857,561,0,226,466,3536,49,0
5.928253,13.271000,114.000,45.993000,2.552000,123.283031,3845,561,0,226,466,3536,49,0
5.932099,3.846000,114.000,45.993000,2.552000,123.272961,3840,558,0,225,465,3534,49,0
5.945191,13.092000,114.000,45.993000,2.552000,123.269703,3834,558,0,225,465,3534,49,0
5.948045,2.854000,114.000,45.993000,2.552000,123.270138,3834,558,0,225,465,3534,49,0
5.960673,12.628000,114.000,45.993000,2.552000,123.205498,3801,540,0,219,459,3522,49,0
5.964786,4.113000,114.000,45.993000,2.552000,123.185383,3768,540,0,219,459,3522,49,0
5.977180,12.394000,114.000,45.993000,2.552000,123.183262,3764,540,0,219,459,3522,49,0
5.980838,3.658000,114.000,45.993000,2.552000,123.180904,3765,540,0,218,423,3450,49,0
5.993960,13.122000,114.000,45.993000,2.552000,123.181339,3765,540,0,218,423,3450,49,0
5.997793,3.833000,114.000,45.993000,2.552000,123.181740,3765,540,0,218,423,3450,49,0
6.010500,12.707000,114.000,45.993000,2.552000,123.139164,3765,540,0,218,423,3450,49,0
6.014581,4.081000,114.000,45.993000,2.552000,123.139759,3765,540,0,218,423,3450,49,0
6.027196,12.615000,114.000,45.993000,2.552000,123.140194,3765,540,0,218,423,3450,49,0
6.031200,4.004000,114.000,45.993000,2.552000,123.140686,3765,540,0,218,423,3450,49,0
6.044024,12.824000,114.000,45.993000,2.552000,123.141064,3765,540,0,218,423,3450,49,0
6.047369,3.345000,114.000,45.993000,2.552000,123.141499,3765,540,0,218,423,3450,49,0
6.062162,14.793000,114.000,45.993000,2.552000,123.141323,3765,540,0,218,423,3450,49,0
6.064696,2.534000,114.000,45.993000,2.552000,123.138531,3759,540,0,218,423,3450,49,0
6.078354,13.658000,114.000,45.993000,2.552000,123.138920,3759,540,0,218,423,3450,49,0
6.080925,2.571000,114.000,45.993000,2.552000,123.139355,3759,540,0,217,422,3448,49,0
6.095771,14.846000,114.000,45.993000,2.552000,123.139774,3759,540,0,215,420,3444,49,0
6.098368,2.597000,114.000,45.993000,2.552000,123.140209,3759,540,0,215,420,3444,49,0
6.112002,13.634000,114.000,45.993000,2.552000,123.128555,3752,536,0,214,419,3442,49,0
6.114399,2.397000,114.000,45.993000,2.552000,123.124641,3745,536,0,214,419,3442,49,0
6.128506,14.107000,114.000,45.993000,2.552000,123.123405,3742,536,0,212,417,3438,49,0
6.131000,2.494000,114.000,45.993000,2.552000,123.123840,3742,536,0,212,417,3438,49,0
6.145519,14.519000,114.000,45.993000,2.552000,123.122520,3739,536,0,211,416,3436,49,0
6.148085,2.566000,114.000,45.993000,2.552000,123.107422,3730,531,0,210,415,3434,49,0
6.162429,14.344000,114.000,45.993000,2.552000,123.103138,3723,531,0,210,415,3434,49,0
6.167038,4.609000,114.000,45.993000,2.552000,123.144100,3725,531,0,221,448,3500,49,0
6.178455,11.417000,114.000,45.993000,2.552000,123.144547,3725,531,0,221,448,3500,49,0
6.180602,2.147000,114.000,45.993000,2.552000,123.144981,3725,531,0,183,410,3424,49,0
6.195489,14.887000,114.000,45.993000,2.552000,123.126934,3725,531,0,183,410,3424,49,0
6.197271,1.782000,114.000,45.993000,2.552000,123.127369,3725,531,0,183,410,3424,49,0
6.212290,15.019000,114.000,45.993000,2.552000,123.250683,3805,563,0,183,410,3424,49,0
6.214177,1.887000,114.000,45.993000,2.552000,123.256897,3805,563,0,192,426,3456,49,0
6.228145,13.968000,114.000,45.993000,2.552000,123.255653,3802,563,0,192,426,3456,49,0
6.229906,1.761000,114.000,45.993000,2.552000,123.256088,3802,563,0,192,426,3456,49,0
6.245476,15.570000,114.000,45.993000,2.552000,123.258213,3805,563,0,192,426,3456,49,0
6.247255,1.779000,114.000,45.993000,2.552000,123.258648,3805,563,0,192,426,3456,49,0
6.262037,14.782000,114.000,45.993000,2.552000,123.259109,3805,563,0,192,426,3456,49,0
6.263936,1.899000,114.000,45.993000,2.552000,123.259544,3805,563,0,192,426,3456,49,0
6.278231,14.295000,114.000,45.993000,2.552000,123.263283,3811,563,0,192,426,3456,49,0
6.280068,1.837000,114.000,45.993000,2.552000,123.263718,3811,563,0,192,426,3456,49,0
6.295053,14.985000,114.000,45.993000,2.552000,123.264137,3811,563,0,192,426,3456,49,0
6.297755,2.702000,114.000,45.993000,2.552000,123.264572,3811,563,0,192,426,3456,49,0
6.312247,14.492000,114.000,45.993000,2.552000,123.264969,3811,563,0,191,403,3410,49,0
6.314771,2.524000,114.000,45.993000,2.552000,123.260994,3809,563,0,191,403,3410,49,0
6.328212,13.441000,114.000,45.993000,2.552000,123.264137,3809,563,0,191,403,3410,49,0
6.330513,2.301000,114.000,45.993000,2.552000,123.338814,3809,563,0,191,403,3410,49,0
6.345887,15.374000,114.000,45.993000,2.552000,123.341049,3812,563,0,191,403,3410,49,0
6.348323,2.436000,114.000,45.993000,2.552000,123.341484,3812,563,0,191,403,3410,49,0
6.362476,14.153000,114.000,45.993000,2.552000,123.345215,3818,563,0,191,403,3410,49,0
6.365066,2.590000,114.000,45.993000,2.552000,123.345650,3818,563,0,191,403,3410,49,0
6.378585,13.519000,114.000,45.993000,2.552000,123.346016,3818,563,0,191,403,3410,49,0
6.380926,2.341000,114.000,45.993000,2.552000,123.346451,3818,563,0,191,403,3410,49,0
6.395883,14.957000,114.000,45.993000,2.552000,123.345276,3815,563,0,191,403,3410,49,0
6.398655,2.772000,114.000,45.993000,2.552000,123.351715,3825,563,0,191,403,3410,49,0
6.414700,16.045000,114.000,45.993000,2.552000,123.352333,3825,563,0,191,403,3410,49,0
6.417304,2.604000,114.000,45.993000,2.552000,123.352787,3825,563,0,191,403,3410,49,0
6.428590,11.286000,114.000,45.993000,2.552000,123.353260,3825,563,0,191,403,3410,49,0
6.430624,2.034000,114.000,45.993000,2.552000,123.353661,3825,563,0,191,403,3410,49,0
6.446000,15.376000,114.000,45.993000,2.552000,123.352409,3822,563,0,191,403,3410,49,0
6.448285,2.285000,114.000,45.993000,2.552000,123.352844,3822,563,0,191,403,3410,49,0
6.496217,47.932000,114.000,45.993000,2.552000,123.522404,3967,572,0,238,487,3578,49,0
6.500131,3.914000,114.000,45.993000,2.552000,123.522655,3967,572,0,238,485,3574,49,0
6.510596,10.465000,114.000,45.993000,2.552000,123.462933,3858,572,0,238,485,3574,49,0
6.515360,4.764000,114.000,45.993000,2.552000,123.465019,3861,572,0,238,485,3574,49,0
6.527066,11.706000,114.000,45.993000,2.552000,123.465397,3861,572,0,238,485,3574,49,0
6.530828,3.762000,114.000,45.993000,2.552000,123.469154,3867,572,0,238,485,3574,49,0
6.543975,13.147000,114.000,45.993000,2.552000,123.469589,3867,572,0,238,485,3574,49,0
6.548793,4.818000,114.000,45.993000,2.552000,123.473347,3873,572,0,238,485,3574,49,0
6.560641,11.848000,114.000,45.993000,2.552000,123.473782,3873,572,0,238,485,3574,49,0
6.565076,4.435000,114.000,45.993000,2.552000,123.474316,3873,572,0,238,485,3574,49,0
6.577122,12.046000,114.000,45.993000,2.552000,123.474751,3873,572,0,238,485,3574,49,0
6.581099,3.977000,114.000,45.993000,2.552000,123.469379,3863,572,0,238,485,3574,49,0
6.594026,12.927000,114.000,45.993000,2.552000,123.469814,3863,572,0,237,449,3502,49,0
6.598730,4.704000,114.000,45.993000,2.552000,123.470196,3863,572,0,237,449,3502,49,0
6.610584,11.854000,114.000,45.993000,2.552000,123.466164,3861,572,0,237,449,3502,49,0
6.615653,5.069000,114.000,45.993000,2.552000,123.421791,3864,572,0,237,449,3502,49,0
6.627131,11.478000,114.000,45.993000,2.552000,123.422226,3864,572,0,237,449,3502,49,0
6.631100,3.969000,114.000,45.993000,2.552000,123.424335,3867,572,0,237,449,3502,49,0
6.643995,12.895000,114.000,45.993000,2.552000,123.424713,3867,572,0,237,449,3502,49,0
6.648052,4.057000,114.000,45.993000,2.552000,123.425182,3867,572,0,237,449,3502,49,0
6.660452,12.400000,114.000,45.993000,2.552000,123.425617,3867,572,0,237,449,3502,49,0
6.665155,4.703000,111.000,45.526000,4.041000,123.425472,3867,572,0,237,449,3502,49,0
6.677190,12.035000,111.000,45.526000,4.041000,123.422405,3861,572,0,237,449,3502,49,0
6.681405,4.215000,111.000,45.526000,4.041000,123.422825,3861,572,0,236,448,3500,49,0
6.693948,12.543000,111.000,45.526000,4.041000,123.423260,3861,572,0,236,448,3500,49,0
6.698111,4.163000,111.000,45.526000,4.041000,123.423706,3861,572,0,234,446,3496,49,0
6.710607,12.496000,111.000,45.526000,4.041000,123.424141,3861,572,0,233,445,3494,49,0
6.715740,5.133000,111.000,45.526000,4.041000,123.415775,3860,568,0,233,445,3494,49,0
6.727123,11.383000,111.000,45.526000,4.041000,123.411804,3853,568,0,233,445,3494,49,0
6.731124,4.001000,111.000,45.526000,4.041000,123.412247,3853,568,0,231,443,3490,49,0
6.743990,12.866000,111.000,45.526000,4.041000,123.412598,3853,568,0,230,442,3488,49,0
6.748166,4.176000,111.000,45.526000,4.041000,123.409504,3847,568,0,229,441,3486,49,0
6.760569,12.403000,111.000,45.526000,4.041000,123.396275,3841,563,0,229,441,3486,49,0
6.765323,4.754000,111.000,45.526000,4.041000,123.390369,3831,563,0,229,441,3486,49,0
6.777258,11.935000,111.000,45.526000,4.041000,123.425209,3833,563,0,230,463,3530,49,0
6.781428,4.170000,111.000,45.526000,4.041000,123.417480,3827,563,0,220,453,3510,49,0
6.793975,12.547000,111.000,45.526000,4.041000,123.417915,3827,563,0,220,453,3510,49,0
6.798044,4.069000,111.000,45.526000,4.041000,123.416756,3824,563,0,220,453,3510,49,0
6.810650,12.606000,111.000,45.526000,4.041000,123.417191,3824,563,0,220,453,3510,49,0
6.815894,5.244000,111.000,45.526000,4.041000,123.419857,3827,563,0,220,453,3510,49,1
6.827199,11.305000,111.000,45.526000,4.041000,123.420292,3827,563,0,220,453,3510,49,1
6.831683,4.484000,111.000,45.526000,4.041000,123.421478,3827,563,0,220,453,3510,49,2
6.844057,12.374000,111.000,45.526000,4.041000,123.421913,3827,563,0,220,453,3510,49,2
6.848396,4.339000,111.000,45.526000,4.041000,123.423222,3830,562,0,220,453,3510,49,3
6.860486,12.090000,111.000,45.526000,4.041000,123.420399,3825,562,0,221,453,3510,49,3
6.864694,4.208000,111.000,45.526000,4.041000,123.422203,3828,561,0,221,453,3510,49,6
6.877181,12.487000,111.000,45.526000,4.041000,123.419380,3823,561,0,222,453,3510,49,6
6.881086,3.905000,111.000,45.526000,4.041000,123.421669,3823,561,0,222,453,3510,49,6
6.893915,12.829000,111.000,45.526000,4.041000,123.422104,3823,561,0,222,453,3510,49,6
6.898287,4.372000,111.000,45.526000,4.041000,123.424831,3859,555,0,222,453,3510,49,0
6.910624,12.337000,111.000,45.526000,4.041000,123.405949,3829,555,0,227,453,3510,49,0
6.915018,4.394000,111.000,45.526000,4.041000,123.404743,3826,555,0,226,431,3466,49,0
6.927148,12.130000,111.000,45.526000,4.041000,123.400715,3824,555,0,226,431,3466,49,0
6.930598,3.450000,111.000,45.526000,4.041000,123.401150,3824,555,0,226,431,3466,49,0
6.943844,13.246000,111.000,45.526000,4.041000,123.371494,3824,555,0,226,431,3466,49,0
6.948454,4.610000,111.000,45.526000,4.041000,123.372063,3824,555,0,226,431,3466,49,0
6.960638,12.184000,111.000,45.526000,4.041000,123.372498,3824,555,0,226,431,3466,49,0
6.965373,4.735000,111.000,45.526000,4.041000,123.374546,3827,555,0,226,431,3466,49,0
6.977209,11.836000,111.000,45.526000,4.041000,123.374981,3827,555,0,226,431,3466,49,0
6.981214,4.005000,111.000,45.526000,4.041000,123.375401,3827,555,0,226,431,3466,49,0
6.993965,12.751000,111.000,45.526000,4.041000,123.375835,3827,555,0,226,431,3466,49,0
6.998321,4.356000,111.000,45.526000,4.041000,123.378979,3831,555,0,226,431,3466,49,0
7.010623,12.302000,111.000,45.526000,4.041000,123.379414,3831,555,0,226,431,3466,49,0
7.015254,4.631000,111.000,45.526000,4.041000,123.379833,3831,555,0,225,430,3464,49,0
7.027194,11.940000,111.000,45.526000,4.041000,123.380268,3831,555,0,225,430,3464,49,0
7.031351,4.157000,111.000,45.526000,4.041000,123.380733,3831,555,0,224,429,3462,49,0
7.043816,12.465000,111.000,45.526000,4.041000,123.381168,3831,555,0,224,429,3462,49,0
7.048301,4.485000,111.000,45.526000,4.041000,123.381626,3831,555,0,224,429,3462,49,0
7.092781,44.480000,111.000,45.526000,4.041000,123.539715,3981,564,0,243,487,3578,49,0
7.097919,5.138000,111.000,45.526000,4.041000,123.539997,3981,564,0,237,479,3562,49,0
7.110610,12.691000,111.000,45.526000,4.041000,123.476910,3866,564,0,237,479,3562,49,0
7.114782,4.172000,111.000,45.526000,4.041000,123.477310,3866,564,0,237,479,3562,49,0
7.128017,13.235000,111.000,45.526000,4.041000,123.449799,3861,561,0,200,442,3488,49,0
7.130714,2.697000,111.000,45.526000,4.041000,123.436081,3850,558,0,199,441,3486,49,0
7.144947,14.233000,111.000,45.526000,4.041000,123.432800,3844,558,0,199,441,3486,49,0
7.148210,3.263000,111.000,45.526000,4.041000,123.433235,3844,558,0,199,441,3486,49,0
7.160588,12.378000,111.000,45.526000,4.041000,123.433613,3844,558,0,193,435,3474,49,0
7.165184,4.596000,111.000,45.526000,4.041000,123.370476,3814,540,0,193,435,3474,49,0
7.177097,11.913000,111.000,45.526000,4.041000,123.347115,3775,540,0,193,435,3474,49,0
7.180884,3.787000,111.000,45.526000,4.041000,123.347549,3775,540,0,193,435,3474,49,0
7.193988,13.104000,111.000,45.526000,4.041000,123.343788,3768,540,0,193,435,3474,49,0
7.203650,9.662000,111.000,45.526000,4.041000,123.339905,3766,540,0,192,399,3402,49,0
7.206019,2.369000,111.000,45.526000,4.041000,123.340282,3766,540,0,192,399,3402,49,0
7.219598,13.579000,111.000,45.526000,4.041000,123.340694,3766,540,0,192,399,3402,49,0
7.227146,7.548000,111.000,45.526000,4.041000,123.295280,3766,540,0,192,399,3402,49,0
7.231932,4.786000,111.000,45.526000,4.041000,123.297485,3769,540,0,192,399,3402,49,0
7.243970,12.038000,111.000,45.526000,4.041000,123.297920,3769,540,0,192,399,3402,49,0
7.249546,5.576000,111.000,45.526000,4.041000,123.298466,3769,540,0,192,399,3402,49,0
7.260590,11.044000,111.000,45.526000,4.041000,123.298901,3769,540,0,192,399,3402,49,0
7.265782,5.192000,111.000,45.526000,4.041000,123.299324,3769,540,0,192,399,3402,49,0
7.277188,11.406000,111.000,45.526000,4.041000,123.299118,3769,540,0,192,399,3402,49,0
7.281665,4.477000,111.000,45.526000,4.041000,123.296055,3763,540,0,192,399,3402,49,0
7.293829,12.164000,111.000,45.526000,4.041000,123.294849,3760,540,0,191,398,3400,49,0
7.298179,4.350000,111.000,45.526000,4.041000,123.295296,3760,540,0,191,398,3400,49,0
7.311010,12.831000,111.000,45.526000,4.041000,123.295731,3760,540,0,189,396,3396,49,0
7.315310,4.300000,111.000,45.526000,4.041000,123.297745,3763,540,0,188,395,3394,49,0
7.327139,11.829000,111.000,45.526000,4.041000,123.287720,3759,536,0,188,395,3394,49,0
7.330961,3.822000,111.000,45.526000,4.041000,123.283802,3752,536,0,188,395,3394,49,0
7.344006,13.045000,111.000,45.526000,4.041000,123.284237,3752,536,0,186,393,3390,49,0
7.348398,4.392000,111.000,45.526000,4.041000,123.287804,3758,536,0,185,392,3388,49,0
7.360614,12.216000,111.000,45.526000,4.041000,123.272705,3749,531,0,184,391,3386,49,0
7.364367,3.753000,111.000,45.526000,4.041000,123.266689,3739,531,0,184,391,3386,49,0
7.377227,12.860000,111.000,45.526000,4.041000,123.267124,3739,531,0,184,391,3386,49,0
7.383257,6.030000,111.000,45.526000,4.041000,123.319489,3741,531,0,221,449,3502,49,0
7.393818,10.561000,111.000,45.526000,4.041000,123.319923,3741,531,0,221,449,3502,49,0
7.398967,5.149000,111.000,45.526000,4.041000,123.443237,3821,563,0,221,449,3502,49,0
7.410645,11.678000,111.000,45.526000,4.041000,123.449486,3821,563,0,230,465,3534,49,0
7.415697,5.052000,111.000,45.526000,4.041000,123.451553,3824,563,0,230,465,3534,49,0
7.427181,11.484000,111.000,45.526000,4.041000,123.451988,3824,563,0,230,465,3534,49,0
7.431630,4.449000,111.000,45.526000,4.041000,123.455723,3830,563,0,230,465,3534,49,0
7.443967,12.337000,111.000,45.526000,4.041000,123.456100,3830,563,0,230,465,3534,49,0
7.448851,4.884000,111.000,45.526000,4.041000,123.456524,3830,563,0,230,465,3534,49,0
7.460557,11.706000,111.000,45.526000,4.041000,123.456959,3830,563,0,230,465,3534,49,0
7.464492,3.935000,111.000,45.526000,4.041000,123.455769,3827,563,0,230,465,3534,49,0
7.477121,12.629000,111.000,45.526000,4.041000,123.456203,3827,563,0,230,465,3534,49,0
7.487033,9.912000,111.000,45.526000,4.041000,123.456615,3827,563,0,230,465,3534,49,0
7.489821,2.788000,111.000,45.526000,4.041000,123.457050,3827,563,0,230,465,3534,49,0
7.503613,13.792000,111.000,45.526000,4.041000,123.457500,3827,563,0,230,465,3534,49,0
7.510572,6.959000,111.000,45.526000,4.041000,123.457935,3827,563,0,230,465,3534,49,0
7.515071,4.499000,111.000,45.526000,4.041000,123.456623,3824,563,0,230,465,3534,49,0
7.527132,12.061000,111.000,45.526000,4.041000,123.457005,3824,563,0,229,443,3490,49,0
7.531089,3.957000,111.000,45.526000,4.041000,123.453014,3822,563,0,229,443,3490,49,0
7.543918,12.829000,111.000,45.526000,4.041000,123.452477,3822,563,0,227,441,3486,49,0
7.548874,4.956000,111.000,45.526000,4.041000,123.421280,3819,563,0,227,441,3486,49,0
7.560588,11.714000,111.000,45.526000,4.041000,123.421715,3819,563,0,227,441,3486,49,0
7.565598,5.010000,111.000,45.526000,4.041000,123.423828,3822,563,0,227,441,3486,49,0
7.577191,11.593000,111.000,45.526000,4.041000,123.424263,3822,563,0,227,441,3486,49,0
7.581458,4.267000,111.000,45.526000,4.041000,123.421410,3816,563,0,227,441,3486,49,0
7.594027,12.569000,111.000,45.526000,4.041000,123.421844,3816,563,0,227,441,3486,49,0
7.598470,4.443000,111.000,45.526000,4.041000,123.423893,3819,563,0,227,441,3486,49,0
7.610638,12.168000,111.000,45.526000,4.041000,123.430275,3829,563,0,227,441,3486,49,0
7.615095,4.457000,111.000,45.526000,4.041000,123.434029,3835,563,0,227,441,3486,49,0
7.627142,12.047000,111.000,45.526000,4.041000,123.434464,3835,563,0,227,441,3486,49,0
7.631287,4.145000,111.000,45.526000,4.041000,123.438175,3841,563,0,227,441,3486,49,0
7.643913,12.626000,111.000,45.526000,4.041000,123.438610,3841,563,0,227,441,3486,49,0
7.649354,5.441000,111.000,45.526000,4.041000,123.438999,3841,563,0,227,441,3486,49,0
7.660621,11.267000,111.000,45.526000,4.041000,123.439434,3841,563,0,227,441,3486,49,0
7.706242,45.621000,116.000,43.583000,1.820000,123.589790,3985,572,0,238,489,3582,49,0
7.710586,4.344000,116.000,43.583000,1.820000,123.589863,3985,572,0,200,447,3498,49,0
7.715080,4.494000,116.000,43.583000,1.820000,123.512707,3878,572,0,200,447,3498,49,0
7.727181,12.101000,116.000,43.583000,1.820000,123.513084,3878,572,0,200,447,3498,49,0
7.730994,3.813000,116.000,43.583000,1.820000,123.513519,3878,572,0,200,447,3498,49,0
7.743850,12.856000,116.000,43.583000,1.820000,123.513954,3878,572,0,200,447,3498,49,0
7.747937,4.087000,116.000,43.583000,1.820000,123.514355,3878,572,0,200,447,3498,49,0
7.760686,12.749000,116.000,43.583000,1.820000,123.514790,3878,572,0,200,447,3498,49,0
7.764760,4.074000,116.000,43.583000,1.820000,123.516899,3881,572,0,200,447,3498,49,0
7.777111,12.351000,116.000,43.583000,1.820000,123.517277,3881,572,0,200,447,3498,49,0
7.780926,3.815000,116.000,43.583000,1.820000,123.517712,3881,572,0,200,447,3498,49,0
7.793871,12.945000,116.000,43.583000,1.820000,123.518147,3881,572,0,200,447,3498,49,0
7.797941,4.070000,116.000,43.583000,1.820000,123.516106,3877,572,0,200,447,3498,49,0
7.810636,12.695000,116.000,43.583000,1.820000,123.516487,3877,572,0,199,411,3426,49,0
7.814805,4.169000,116.000,43.583000,1.820000,123.512512,3875,572,0,199,411,3426,49,0
7.827203,12.398000,116.000,43.583000,1.820000,123.512947,3875,572,0,199,411,3426,49,0
7.832242,5.039000,116.000,43.583000,1.820000,123.466621,3872,572,0,199,411,3426,49,0
7.843938,11.696000,116.000,43.583000,1.820000,123.467056,3872,572,0,199,411,3426,49,0
7.849381,5.443000,116.000,43.583000,1.820000,123.467491,3872,572,0,199,411,3426,49,0
7.860556,11.175000,116.000,43.583000,1.820000,123.467926,3872,572,0,199,411,3426,49,0
7.865541,4.985000,116.000,43.583000,1.820000,123.465073,3866,572,0,199,411,3426,49,0
7.877217,11.676000,116.000,43.583000,1.820000,123.465508,3866,572,0,199,411,3426,49,0
7.881889,4.672000,116.000,43.583000,1.820000,123.463875,3863,572,0,199,411,3426,49,0
7.893816,11.927000,116.000,43.583000,1.820000,123.460808,3857,572,0,199,411,3426,49,0
7.898614,4.798000,116.000,43.583000,1.820000,123.461281,3857,572,0,198,410,3424,49,0
7.910741,12.127000,116.000,43.583000,1.820000,123.461716,3857,572,0,198,410,3424,49,0
7.916284,5.543000,116.000,43.583000,1.820000,123.462112,3857,572,0,196,408,3420,49,0
7.927124,10.840000,116.000,43.583000,1.820000,123.462547,3857,572,0,195,407,3418,49,0
7.931526,4.402000,116.000,43.583000,1.820000,123.452671,3853,568,0,195,407,3418,49,0
7.943986,12.460000,116.000,43.583000,1.820000,123.448757,3846,568,0,195,407,3418,49,0
7.948024,4.038000,116.000,43.583000,1.820000,123.447552,3843,568,0,193,405,3414,49,0
7.960599,12.575000,116.000,43.583000,1.820000,123.447903,3843,568,0,192,404,3412,49,0
7.964842,4.243000,116.000,43.583000,1.820000,123.432758,3834,563,0,191,403,3410,49,0
7.977124,12.282000,116.000,43.583000,1.820000,123.426876,3824,563,0,191,403,3410,49,0
7.981129,4.005000,116.000,43.583000,1.820000,123.427311,3824,563,0,191,403,3410,49,0
7.993974,12.845000,116.000,43.583000,1.820000,123.481930,3826,563,0,230,464,3532,49,0
7.998426,4.452000,116.000,43.583000,1.820000,123.480709,3823,563,0,230,464,3532,49,0
8.010639,12.213000,116.000,43.583000,1.820000,123.463634,3823,563,0,194,428,3460,49,0
8.015499,4.860000,116.000,43.583000,1.820000,123.464676,3823,563,0,194,428,3460,49,1
8.027152,11.653000,116.000,43.583000,1.820000,123.465111,3823,563,0,194,428,3460,49,1
8.031210,4.058000,116.000,43.583000,1.820000,123.466461,3823,563,0,194,428,3460,49,2
8.044002,12.792000,116.000,43.583000,1.820000,123.466839,3823,563,0,194,428,3460,49,2
8.048515,4.513000,116.000,43.583000,1.820000,123.471455,3832,562,0,194,428,3460,49,3
8.060581,12.066000,116.000,43.583000,1.820000,123.468632,3827,562,0,195,428,3460,49,3
8.065637,5.056000,116.000,43.583000,1.820000,123.472031,3833,561,0,195,428,3460,49,6
8.077174,11.537000,116.000,43.583000,1.820000,123.469208,3828,561,0,196,428,3460,49,6
8.081755,4.581000,116.000,43.583000,1.820000,123.468155,3822,561,0,196,428,3460,49,6
8.093959,12.204000,116.000,43.583000,1.820000,123.468590,3822,561,0,196,428,3460,49,6
8.098718,4.759000,116.000,43.583000,1.820000,123.471348,3858,555,0,196,428,3460,49,0
8.110653,11.935000,116.000,43.583000,1.820000,123.452465,3828,555,0,201,428,3460,49,0
8.115743,5.090000,116.000,43.583000,1.820000,123.452930,3828,555,0,201,428,3460,49,0
8.127215,11.472000,116.000,43.583000,1.820000,123.453365,3828,555,0,201,428,3460,49,0
8.131199,3.984000,116.000,43.583000,1.820000,123.453865,3828,555,0,200,405,3414,49,0
8.143950,12.751000,116.000,43.583000,1.820000,123.449837,3826,555,0,200,405,3414,49,0
8.148085,4.135000,116.000,43.583000,1.820000,123.451958,3829,555,0,200,405,3414,49,0
8.160647,12.562000,116.000,43.583000,1.820000,123.421005,3829,555,0,200,405,3414,49,0
8.165068,4.421000,116.000,43.583000,1.820000,123.421562,3829,555,0,200,405,3414,49,0
8.177178,12.110000,116.000,43.583000,1.820000,123.421997,3829,555,0,200,405,3414,49,0
8.181509,4.331000,116.000,43.583000,1.820000,123.422478,3829,555,0,200,405,3414,49,0
8.193988,12.479000,116.000,43.583000,1.820000,123.422913,3829,555,0,200,405,3414,49,0
8.198320,4.332000,116.000,43.583000,1.820000,123.423363,3829,555,0,200,405,3414,49,0
8.210656,12.336000,116.000,43.583000,1.820000,123.423740,3829,555,0,200,405,3414,49,0
8.214995,4.339000,116.000,43.583000,1.820000,123.430225,3839,555,0,199,404,3412,49,0
8.227182,12.187000,116.000,43.583000,1.820000,123.430660,3839,555,0,199,404,3412,49,0
8.231426,4.244000,116.000,43.583000,1.820000,123.431065,3839,555,0,198,403,3410,49,0
8.243956,12.530000,116.000,43.583000,1.820000,123.431499,3839,555,0,198,403,3410,49,0
8.248067,4.111000,116.000,43.583000,1.820000,123.431965,3839,555,0,198,403,3410,49,0
8.260653,12.586000,116.000,43.583000,1.820000,123.432400,3839,555,0,198,403,3410,49,0
8.264932,4.279000,116.000,43.583000,1.820000,123.431149,3836,555,0,192,397,3398,49,0
8.307367,42.435000,116.000,43.583000,1.820000,123.599529,3983,564,0,237,481,3566,49,0
8.310218,2.851000,116.000,43.583000,1.820000,123.597351,3980,564,0,235,477,3558,49,0
8.314451,4.233000,116.000,43.583000,1.820000,123.598583,3980,564,0,237,479,3562,49,0
8.327113,12.662000,116.000,43.583000,1.820000,123.527866,3865,561,0,236,478,3560,49,0
8.330957,3.844000,116.000,43.583000,1.820000,123.526138,3862,561,0,236,478,3560,49,0
8.343874,12.917000,116.000,43.583000,1.820000,123.512222,3857,558,0,227,469,3542,49,0
8.348052,4.178000,116.000,43.583000,1.820000,123.508919,3851,558,0,227,469,3542,49,0
8.360606,12.554000,116.000,43.583000,1.820000,123.509354,3851,558,0,227,469,3542,49,0
8.364682,4.076000,116.000,43.583000,1.820000,123.509789,3851,558,0,227,469,3542,49,0
8.377143,12.461000,116.000,43.583000,1.820000,123.445148,3818,540,0,221,463,3530,49,0
8.380935,3.792000,116.000,43.583000,1.820000,123.425053,3785,540,0,221,463,3530,49,0
8.394865,13.930000,116.000,43.583000,1.820000,123.423847,3782,540,0,221,463,3530,49,0
8.397592,2.727000,116.000,43.583000,1.820000,123.424282,3782,540,0,221,463,3530,49,0
8.411614,14.022000,116.000,43.583000,1.820000,123.426315,3785,540,0,221,463,3530,49,0
8.414313,2.699000,116.000,43.583000,1.820000,123.419838,3779,540,0,221,463,3530,49,0
8.428036,13.723000,116.000,43.583000,1.820000,123.420273,3779,540,0,220,427,3458,49,0
8.430473,2.437000,116.000,43.583000,1.820000,123.420708,3779,540,0,220,427,3458,49,0
8.445222,14.749000,116.000,43.583000,1.820000,123.379246,3785,540,0,220,427,3458,49,0
8.447723,2.501000,116.000,43.583000,1.820000,123.379681,3785,540,0,220,427,3458,49,0
8.461805,14.082000,116.000,43.583000,1.820000,123.380146,3785,540,0,220,427,3458,49,0
8.464356,2.551000,116.000,43.583000,1.820000,123.380581,3785,540,0,220,427,3458,49,0
8.478415,14.059000,116.000,43.583000,1.820000,123.381073,3785,540,0,220,427,3458,49,0
8.480752,2.337000,116.000,43.583000,1.820000,123.381508,3785,540,0,220,427,3458,49,0
8.495664,14.912000,116.000,43.583000,1.820000,123.381958,3785,540,0,220,427,3458,49,0
8.498279,2.615000,116.000,43.583000,1.820000,123.381752,3785,540,0,220,427,3458,49,0
8.512351,14.072000,116.000,43.583000,1.820000,123.380363,3782,540,0,220,427,3458,49,0
8.515090,2.739000,116.000,43.583000,1.820000,123.380798,3782,540,0,219,426,3456,49,0
8.528381,13.291000,116.000,43.583000,1.820000,123.384476,3788,540,0,217,424,3452,49,0
8.530789,2.408000,116.000,43.583000,1.820000,123.384911,3788,540,0,217,424,3452,49,0
8.545951,15.162000,116.000,43.583000,1.820000,123.374855,3784,536,0,216,423,3450,49,0
8.548854,2.903000,116.000,43.583000,1.820000,123.370941,3777,536,0,216,423,3450,49,0
8.562389,13.535000,116.000,43.583000,1.820000,123.369690,3774,536,0,214,421,3446,49,0
8.565250,2.861000,116.000,43.583000,1.820000,123.370125,3774,536,0,214,421,3446,49,0
8.578404,13.154000,116.000,43.583000,1.820000,123.370434,3774,536,0,213,420,3444,49,0
8.580899,2.495000,116.000,43.583000,1.820000,123.355335,3765,531,0,212,419,3442,49,0
8.595977,15.078000,116.000,43.583000,1.820000,123.349331,3755,531,0,212,419,3442,49,0
8.601282,5.305000,116.000,43.583000,1.820000,123.389359,3757,531,0,221,450,3504,49,0
8.608064,6.782000,116.000,43.583000,1.820000,123.511032,3834,563,0,221,450,3504,49,0
8.618811,10.747000,116.000,43.583000,1.820000,123.498798,3834,563,0,192,428,3460,49,0
8.628324,9.513000,116.000,43.583000,1.820000,123.499203,3834,563,0,192,428,3460,49,0
8.630983,2.659000,116.000,43.583000,1.820000,123.497997,3831,563,0,192,428,3460,49,0
8.645227,14.244000,116.000,43.583000,1.820000,123.498402,3831,563,0,192,428,3460,49,0
8.648214,2.987000,116.000,43.583000,1.820000,123.498837,3831,563,0,192,428,3460,49,0
8.662366,14.152000,116.000,43.583000,1.820000,123.500965,3834,563,0,192,428,3460,49,0
8.665242,2.876000,113.000,41.528000,2.016000,123.498119,3828,563,0,192,428,3460,49,0
8.678046,12.804000,113.000,41.528000,2.016000,123.498562,3828,563,0,192,428,3460,49,0
8.680620,2.574000,113.000,41.528000,2.016000,123.498997,3828,563,0,192,428,3460,49,0
8.695997,15.377000,113.000,41.528000,2.016000,123.501019,3831,563,0,192,428,3460,49,0
8.698928,2.931000,113.000,41.528000,2.016000,123.501453,3831,563,0,192,428,3460,49,0
8.712527,13.599000,113.000,41.528000,2.016000,123.505180,3837,563,0,192,428,3460,49,0
8.715574,3.047000,113.000,41.528000,2.016000,123.505615,3837,563,0,192,428,3460,49,0
8.728361,12.787000,113.000,41.528000,2.016000,123.509411,3843,563,0,192,428,3460,49,0
8.730879,2.518000,113.000,41.528000,2.016000,123.509846,3843,563,0,192,428,3460,49,0
8.745981,15.102000,113.000,41.528000,2.016000,123.510269,3843,563,0,191,405,3414,49,0
8.749163,3.182000,113.000,41.528000,2.016000,123.506294,3841,563,0,191,405,3414,49,0
8.762531,13.368000,113.000,41.528000,2.016000,123.502506,3835,563,0,189,403,3410,49,0
8.765352,2.821000,113.000,41.528000,2.016000,123.471554,3835,563,0,189,403,3410,49,0
8.778514,13.162000,113.000,41.528000,2.016000,123.472073,3835,563,0,189,403,3410,49,0
8.780970,2.456000,113.000,41.528000,2.016000,123.472507,3835,563,0,189,403,3410,49,0
8.796469,15.499000,113.000,41.528000,2.016000,123.474533,3838,563,0,189,403,3410,49,0
8.799629,3.160000,113.000,41.528000,2.016000,123.474968,3838,563,0,189,403,3410,49,0
8.812981,13.352000,113.000,41.528000,2.016000,123.477074,3841,563,0,189,403,3410,49,0
8.816052,3.071000,113.000,41.528000,2.016000,123.477509,3841,563,0,189,403,3410,49,0
8.828589,12.537000,113.000,41.528000,2.016000,123.483925,3851,563,0,189,403,3410,49,0
8.831056,2.467000,113.000,41.528000,2.016000,123.484360,3851,563,0,189,403,3410,49,0
8.846254,15.198000,113.000,41.528000,2.016000,123.484810,3851,563,0,189,403,3410,49,0
8.849325,3.071000,113.000,41.528000,2.016000,123.485245,3851,563,0,189,403,3410,49,0
8.862904,13.579000,113.000,41.528000,2.016000,123.487339,3854,563,0,189,403,3410,49,0
8.865645,2.741000,113.000,41.528000,2.016000,123.487774,3854,563,0,189,403,3410,49,0
8.878408,12.763000,113.000,41.528000,2.016000,123.488174,3854,563,0,189,403,3410,49,0
8.932877,54.469000,113.000,41.528000,2.016000,123.665844,4014,572,0,238,489,3582,49,0
8.939764,6.887000,113.000,41.528000,2.016000,123.671947,4019,572,0,238,485,3574,49,0
8.953013,13.249000,113.000,41.528000,2.016000,123.604008,3895,572,0,238,485,3574,49,0
8.967704,14.691000,113.000,41.528000,2.016000,123.604443,3895,572,0,238,485,3574,49,0
8.971210,3.506000,113.000,41.528000,2.016000,123.599957,3886,572,0,238,485,3574,49,0
8.986450,15.240000,113.000,41.528000,2.016000,123.602005,3889,572,0,238,485,3574,49,0
8.989235,2.785000,113.000,41.528000,2.016000,123.602406,3889,572,0,238,485,3574,49,0
9.003094,13.859000,113.000,41.528000,2.016000,123.602795,3889,572,0,238,485,3574,49,0
9.010469,7.375000,113.000,41.528000,2.016000,123.603230,3889,572,0,238,485,3574,49,0
9.013731,3.262000,113.000,41.528000,2.016000,123.599522,3882,572,0,237,449,3502,49,0
9.027178,13.447000,113.000,41.528000,2.016000,123.599903,3882,572,0,237,449,3502,49,0
9.030887,3.709000,113.000,41.528000,2.016000,123.595928,3880,572,0,237,449,3502,49,0
9.043991,13.104000,113.000,41.528000,2.016000,123.549503,3877,572,0,237,449,3502,49,0
9.048176,4.185000,113.000,41.528000,2.016000,123.550129,3877,572,0,237,449,3502,49,0
9.060607,12.431000,113.000,41.528000,2.016000,123.550564,3877,572,0,237,449,3502,49,0
9.064701,4.094000,113.000,41.528000,2.016000,123.550968,3877,572,0,237,449,3502,49,0
9.077096,12.395000,113.000,41.528000,2.016000,123.551403,3877,572,0,237,449,3502,49,0
9.081103,4.007000,113.000,41.528000,2.016000,123.551739,3877,572,0,237,449,3502,49,0
9.093967,12.864000,113.000,41.528000,2.016000,123.546124,3872,572,0,237,449,3502,49,0
9.108752,14.785000,113.000,41.528000,2.016000,123.546509,3872,572,0,237,449,3502,49,0
9.128398,19.646000,113.000,41.528000,2.016000,123.545090,3869,572,0,237,449,3502,49,0
9.130784,2.386000,113.000,41.528000,2.016000,123.543884,3866,572,0,236,448,3500,49,0
9.145244,14.460000,113.000,41.528000,2.016000,123.545975,3869,572,0,234,446,3496,49,0
9.147711,2.467000,113.000,41.528000,2.016000,123.536007,3865,568,0,233,445,3494,49,0
9.162037,14.326000,113.000,41.528000,2.016000,123.532070,3858,568,0,233,445,3494,49,0
9.164494,2.457000,113.000,41.528000,2.016000,123.532505,3858,568,0,231,443,3490,49,0
9.178412,13.918000,113.000,41.528000,2.016000,123.529583,3852,568,0,231,443,3490,49,0
9.180723,2.311000,113.000,41.528000,2.016000,123.529934,3852,568,0,230,442,3488,49,0
9.195682,14.959000,113.000,41.528000,2.016000,123.514759,3843,563,0,229,441,3486,49,0
9.198181,2.499000,113.000,41.528000,2.016000,123.508877,3833,563,0,229,441,3486,49,0
9.211878,13.697000,113.000,41.528000,2.016000,123.545048,3835,563,0,230,464,3532,49,0
9.214574,2.696000,113.000,41.528000,2.016000,123.545483,3835,563,0,230,464,3532,49,0
9.228360,13.786000,113.000,41.528000,2.016000,123.542046,3835,563,0,222,456,3516,49,0
9.230952,2.592000,113.000,41.528000,2.016000,123.542446,3835,563,0,222,456,3516,49,0
9.245609,14.657000,113.000,41.528000,2.016000,123.546013,3838,563,0,222,456,3516,49,2
9.248448,2.839000,113.000,41.528000,2.016000,123.546448,3838,563,0,222,456,3516,49,2
9.262206,13.758000,113.000,41.528000,2.016000,123.548767,3844,562,0,222,456,3516,49,2
9.264985,2.779000,113.000,41.528000,2.016000,123.545944,3839,562,0,223,456,3516,49,2
9.278687,13.702000,113.000,41.528000,2.016000,123.549957,3845,561,0,223,456,3516,49,6
9.281558,2.871000,113.000,41.528000,2.016000,123.547134,3840,561,0,224,456,3516,49,6
9.296057,14.499000,113.000,41.528000,2.016000,123.549423,3840,561,0,224,456,3516,49,6
9.299772,3.715000,113.000,41.528000,2.016000,123.549858,3840,561,0,224,456,3516,49,6
9.312737,12.965000,113.000,41.528000,2.016000,123.552570,3876,555,0,224,456,3516,49,0
9.316074,3.337000,113.000,41.528000,2.016000,123.533688,3846,555,0,229,456,3516,49,0
9.328265,12.191000,113.000,41.528000,2.016000,123.534138,3846,555,0,229,456,3516,49,0
9.330563,2.298000,113.000,41.528000,2.016000,123.534573,3846,555,0,229,456,3516,49,0
9.345912,15.349000,113.000,41.528000,2.016000,123.533451,3843,555,0,229,456,3516,49,0
9.348527,2.615000,113.000,41.528000,2.016000,123.533833,3843,555,0,228,433,3470,49,0
9.362346,13.819000,113.000,41.528000,2.016000,123.529858,3841,555,0,228,433,3470,49,0
9.364708,2.362000,113.000,41.528000,2.016000,123.497265,3838,555,0,228,433,3470,49,0
9.378458,13.750000,113.000,41.528000,2.016000,123.497787,3838,555,0,228,433,3470,49,0
9.380429,1.971000,113.000,41.528000,2.016000,123.498222,3838,555,0,228,433,3470,49,0
9.395542,15.113000,113.000,41.528000,2.016000,123.498688,3838,555,0,228,433,3470,49,0
9.397636,2.094000,113.000,41.528000,2.016000,123.499123,3838,555,0,228,433,3470,49,0
9.412652,15.016000,113.000,41.528000,2.016000,123.501186,3841,555,0,228,433,3470,49,0
9.414939,2.287000,113.000,41.528000,2.016000,123.501621,3841,555,0,227,432,3468,49,0
9.428181,13.242000,113.000,41.528000,2.016000,123.502022,3841,555,0,227,432,3468,49,0
9.430110,1.929000,113.000,41.528000,2.016000,123.508461,3851,555,0,227,432,3468,49,0
9.446136,16.026000,113.000,41.528000,2.016000,123.508884,3851,555,0,226,431,3466,49,0
9.449212,3.076000,113.000,41.528000,2.016000,123.509319,3851,555,0,226,431,3466,49,0
9.462842,13.630000,113.000,41.528000,2.016000,123.509716,3851,555,0,226,431,3466,49,0
9.466071,3.229000,113.000,41.528000,2.016000,123.510151,3851,555,0,226,431,3466,49,0
9.478408,12.337000,113.000,41.528000,2.016000,123.508938,3848,555,0,220,425,3454,49,0
9.480923,2.515000,113.000,41.528000,2.016000,123.513439,3848,555,0,220,425,3454,49,0
9.534814,53.891000,113.000,41.528000,2.016000,123.835220,4009,564,0,237,479,3562,49,0
9.539829,5.015000,113.000,41.528000,2.016000,123.819023,4001,558,0,235,475,3554,49,0
9.553133,13.304000,113.000,41.528000,2.016000,123.748550,3874,558,0,235,475,3554,49,0
9.560577,7.444000,113.000,41.528000,2.016000,123.731476,3874,558,0,199,439,3482,49,0
9.564716,4.139000,113.000,41.528000,2.016000,123.668430,3844,540,0,193,433,3470,49,0
9.577081,12.365000,113.000,41.528000,2.016000,123.646709,3808,540,0,193,433,3470,49,0
9.580816,3.735000,113.000,41.528000,2.016000,123.648792,3811,540,0,193,433,3470,49,0
9.593923,13.107000,113.000,41.528000,2.016000,123.649227,3811,540,0,193,433,3470,49,0
9.598307,4.384000,113.000,41.528000,2.016000,123.652916,3817,540,0,193,433,3470,49,0
9.610572,12.265000,113.000,41.528000,2.016000,123.653351,3817,540,0,193,433,3470,49,0
9.615068,4.496000,113.000,41.528000,2.016000,123.653786,3817,540,0,193,433,3470,49,0
9.627100,12.032000,113.000,41.528000,2.016000,123.651665,3813,540,0,193,433,3470,49,0
9.633276,6.176000,113.000,41.528000,2.016000,123.646015,3808,540,0,192,397,3398,49,0
9.643870,10.594000,113.000,41.528000,2.016000,123.646450,3808,540,0,192,397,3398,49,0
9.648425,4.555000,113.000,41.528000,2.016000,123.601177,3808,540,0,192,397,3398,49,0
9.660522,12.097000,113.000,41.528000,2.016000,123.601612,3808,540,0,192,397,3398,49,0
9.664905,4.383000,106.000,52.306000,2.508000,123.602032,3808,540,0,192,397,3398,49,0
9.677104,12.199000,106.000,52.306000,2.508000,123.602413,3808,540,0,192,397,3398,49,0
9.681398,4.294000,106.000,52.306000,2.508000,123.598454,3806,540,0,192,397,3398,49,0
9.693880,12.482000,106.000,52.306000,2.508000,123.597248,3803,540,0,192,397,3398,49,0
9.698858,4.978000,106.000,52.306000,2.508000,123.597820,3803,540,0,192,397,3398,49,0
9.710526,11.668000,106.000,52.306000,2.508000,123.597614,3803,540,0,192,397,3398,49,0
9.715222,4.696000,106.000,52.306000,2.508000,123.594608,3797,540,0,192,397,3398,49,0
9.727137,11.915000,106.000,52.306000,2.508000,123.590122,3788,540,0,191,396,3396,49,0
9.731779,4.642000,106.000,52.306000,2.508000,123.592232,3791,540,0,191,396,3396,49,0
9.743873,12.094000,106.000,52.306000,2.508000,123.592667,3791,540,0,189,394,3392,49,0
9.748422,4.549000,106.000,52.306000,2.508000,123.582630,3787,536,0,188,393,3390,49,0
9.760554,12.132000,106.000,52.306000,2.508000,123.578716,3780,536,0,188,393,3390,49,0
9.765319,4.765000,106.000,52.306000,2.508000,123.580841,3783,536,0,187,392,3388,49,0
9.777132,11.813000,106.000,52.306000,2.508000,123.581276,3783,536,0,186,391,3386,49,0
9.782231,5.099000,106.000,52.306000,2.508000,123.584873,3789,536,0,185,390,3384,49,0
9.793856,11.625000,106.000,52.306000,2.508000,123.569775,3780,531,0,184,389,3382,49,0
9.799122,5.266000,106.000,52.306000,2.508000,123.690010,3856,563,0,184,389,3382,49,0
9.804899,5.777000,106.000,52.306000,2.508000,123.752014,3858,563,0,230,466,3536,49,0
9.820051,15.152000,106.000,52.306000,2.508000,123.752445,3858,563,0,230,466,3536,49,0
9.822802,2.751000,106.000,52.306000,2.508000,123.752880,3858,563,0,230,466,3536,49,0
9.836481,13.679000,106.000,52.306000,2.508000,123.750034,3852,563,0,230,466,3536,49,0
9.839411,2.930000,106.000,52.306000,2.508000,123.750469,3852,563,0,230,466,3536,49,0
9.853588,14.177000,106.000,52.306000,2.508000,123.750820,3852,563,0,230,466,3536,49,0
9.856412,2.824000,106.000,52.306000,2.508000,123.751255,3852,563,0,230,466,3536,49,0
9.870116,13.704000,106.000,52.306000,2.508000,123.753181,3855,563,0,230,466,3536,49,0
9.872852,2.736000,106.000,52.306000,2.508000,123.753616,3855,563,0,230,466,3536,49,0
9.886708,13.856000,106.000,52.306000,2.508000,123.755684,3858,563,0,230,466,3536,49,0
9.889439,2.731000,106.000,52.306000,2.508000,123.756119,3858,563,0,230,466,3536,49,0
9.903224,13.785000,106.000,52.306000,2.508000,123.756538,3858,563,0,230,466,3536,49,0
9.905785,2.561000,106.000,52.306000,2.508000,123.756973,3858,563,0,230,466,3536,49,0
9.919821,14.036000,106.000,52.306000,2.508000,123.757393,3858,563,0,230,466,3536,49,0
9.923338,3.517000,106.000,52.306000,2.508000,123.757828,3858,563,0,230,466,3536,49,0
9.936174,12.836000,106.000,52.306000,2.508000,123.759914,3861,563,0,230,466,3536,49,0
9.938764,2.590000,106.000,52.306000,2.508000,123.760349,3861,563,0,230,466,3536,49,0
9.953105,14.341000,106.000,52.306000,2.508000,123.760731,3861,563,0,229,441,3486,49,0
9.956372,3.267000,106.000,52.306000,2.508000,123.756756,3859,563,0,229,441,3486,49,0
9.969680,13.308000,106.000,52.306000,2.508000,123.757202,3859,563,0,229,441,3486,49,0
9.973289,3.609000,106.000,52.306000,2.508000,123.723621,3859,563,0,229,441,3486,49,0
9.986785,13.496000,106.000,52.306000,2.508000,123.724182,3859,563,0,229,441,3486,49,0
9.989091,2.306000,106.000,52.306000,2.508000,123.724617,3859,563,0,229,441,3486,49,0
10.003315,14.224000,106.000,52.306000,2.508000,123.723427,3856,563,0,229,441,3486,49,0
10.005628,2.313000,106.000,52.306000,2.508000,123.723907,3856,563,0,229,441,3486,49,0
10.020026,14.398000,106.000,52.306000,2.508000,123.724415,3856,563,0,229,441,3486,49,0
10.023459,3.433000,106.000,52.306000,2.508000,123.724895,3856,563,0,229,441,3486,49,0
10.036587,13.128000,106.000,52.306000,2.508000,123.722099,3850,563,0,229,441,3486,49,0
10.039022,2.435000,106.000,52.306000,2.508000,123.728584,3860,563,0,229,441,3486,49,0
10.053275,14.253000,106.000,52.306000,2.508000,123.727440,3857,563,0,229,441,3486,49,0
10.056473,3.198000,106.000,52.306000,2.508000,123.727921,3857,563,0,229,441,3486,49,0
10.069945,13.472000,106.000,52.306000,2.508000,123.730080,3860,563,0,229,441,3486,49,0
10.072435,2.490000,106.000,52.306000,2.508000,123.730560,3860,563,0,229,441,3486,49,0
10.087716,15.281000,106.000,52.306000,2.508000,123.731125,3860,563,0,229,441,3486,49,0
10.090921,3.205000,106.000,52.306000,2.508000,123.731606,3860,563,0,229,441,3486,49,0
10.145611,54.690000,106.000,52.306000,2.508000,123.884201,4009,572,0,238,485,3574,49,0
10.149708,4.097000,106.000,52.306000,2.508000,123.888992,4011,572,0,238,483,3570,49,0
10.160664,10.956000,106.000,52.306000,2.508000,123.804855,3893,572,0,198,443,3490,49,0
10.164600,3.936000,106.000,52.306000,2.508000,123.803696,3890,572,0,198,443,3490,49,0
10.177065,12.465000,106.000,52.306000,2.508000,123.804096,3890,572,0,198,443,3490,49,0
10.180718,3.653000,106.000,52.306000,2.508000,123.804577,3890,572,0,198,443,3490,49,0
10.193978,13.260000,106.000,52.306000,2.508000,123.803417,3887,572,0,198,443,3490,49,0
10.197585,3.607000,106.000,52.306000,2.508000,123.805534,3890,572,0,198,443,3490,49,0
10.210621,13.036000,106.000,52.306000,2.508000,123.806015,3890,572,0,198,443,3490,49,0
10.214626,4.005000,106.000,52.306000,2.508000,123.808147,3893,572,0,198,443,3490,49,0
10.227081,12.455000,106.000,52.306000,2.508000,123.808628,3893,572,0,198,443,3490,49,0
10.230558,3.477000,106.000,52.306000,2.508000,123.806606,3889,572,0,198,443,3490,49,0
10.243935,13.377000,106.000,52.306000,2.508000,123.807034,3889,572,0,197,407,3418,49,0
10.247903,3.968000,106.000,52.306000,2.508000,123.799824,3881,572,0,197,407,3418,49,0
10.260451,12.548000,106.000,52.306000,2.508000,123.800304,3881,572,0,197,407,3418,49,0
10.264528,4.077000,106.000,52.306000,2.508000,123.754978,3881,572,0,197,407,3418,49,0
10.277192,12.664000,106.000,52.306000,2.508000,123.755459,3881,572,0,197,407,3418,49,0
10.281441,4.249000,106.000,52.306000,2.508000,123.755939,3881,572,0,197,407,3418,49,0
10.293898,12.457000,106.000,52.306000,2.508000,123.756420,3881,572,0,197,407,3418,49,0
10.298215,4.317000,106.000,52.306000,2.508000,123.756901,3881,572,0,197,407,3418,49,0
10.310630,12.415000,106.000,52.306000,2.508000,123.752972,3879,572,0,197,407,3418,49,0
10.315236,4.606000,106.000,52.306000,2.508000,123.754471,3882,572,0,197,407,3418,49,0
10.327473,12.237000,106.000,52.306000,2.508000,123.751450,3876,572,0,197,407,3418,49,0
10.331413,3.940000,106.000,52.306000,2.508000,123.751911,3876,572,0,196,406,3416,49,0
10.343954,12.541000,106.000,52.306000,2.508000,123.752392,3876,572,0,196,406,3416,49,0
10.348767,4.813000,106.000,52.306000,2.508000,123.752903,3876,572,0,194,404,3412,49,0
10.360461,11.694000,106.000,52.306000,2.508000,123.753384,3876,572,0,193,403,3410,49,0
10.364480,4.019000,106.000,52.306000,2.508000,123.743420,3872,568,0,193,403,3410,49,0
10.377184,12.704000,106.000,52.306000,2.508000,123.739506,3865,568,0,193,403,3410,49,0
10.381241,4.057000,106.000,52.306000,2.508000,123.740063,3865,568,0,191,401,3406,49,0
10.393971,12.730000,106.000,52.306000,2.508000,123.740459,3865,568,0,190,400,3404,49,0
10.397837,3.866000,106.000,52.306000,2.508000,123.739040,3862,568,0,189,399,3402,49,0
10.410603,12.766000,106.000,52.306000,2.508000,123.725857,3856,563,0,189,399,3402,49,0
10.417144,6.541000,106.000,52.306000,2.508000,123.776417,3848,563,0,230,463,3530,49,0
10.427128,9.984000,106.000,52.306000,2.508000,123.776897,3848,563,0,230,463,3530,49,0
10.431267,4.139000,106.000,52.306000,2.508000,123.759758,3845,563,0,194,427,3458,49,2
10.443965,12.698000,106.000,52.306000,2.508000,123.760239,3845,563,0,194,427,3458,49,2
10.448632,4.667000,106.000,52.306000,2.508000,123.760384,3848,562,0,194,427,3458,49,1
10.460592,11.960000,106.000,52.306000,2.508000,123.757607,3843,562,0,195,427,3458,49,1
10.464949,4.357000,106.000,52.306000,2.508000,123.761688,3849,561,0,195,427,3458,49,5
10.477178,12.229000,106.000,52.306000,2.508000,123.758911,3844,561,0,196,427,3458,49,5
10.481767,4.589000,106.000,52.306000,2.508000,123.763512,3847,561,0,196,427,3458,49,6
10.493953,12.186000,106.000,52.306000,2.508000,123.763992,3847,561,0,196,427,3458,49,6
10.498233,4.280000,106.000,52.306000,2.508000,123.766830,3883,555,0,196,427,3458,49,0
10.510590,12.357000,106.000,52.306000,2.508000,123.747993,3853,555,0,201,427,3458,49,0
10.515047,4.457000,106.000,52.306000,2.508000,123.748413,3853,555,0,201,427,3458,49,0
10.527201,12.154000,106.000,52.306000,2.508000,123.748894,3853,555,0,201,427,3458,49,0
10.531180,3.979000,106.000,52.306000,2.508000,123.749397,3853,555,0,201,427,3458,49,0
10.543876,12.696000,106.000,52.306000,2.508000,123.749832,3853,555,0,201,427,3458,49,0
10.548111,4.235000,106.000,52.306000,2.508000,123.748680,3850,555,0,201,427,3458,49,0
10.560466,12.355000,106.000,52.306000,2.508000,123.749107,3850,555,0,200,403,3410,49,0
10.564286,3.820000,106.000,52.306000,2.508000,123.746796,3851,555,0,200,403,3410,49,0
10.577143,12.857000,106.000,52.306000,2.508000,123.747276,3851,555,0,200,403,3410,49,0
10.581009,3.866000,106.000,52.306000,2.508000,123.715168,3851,555,0,200,403,3410,49,0
10.593950,12.941000,106.000,52.306000,2.508000,123.715649,3851,555,0,200,403,3410,49,0
10.597961,4.011000,106.000,52.306000,2.508000,123.719410,3857,555,0,200,403,3410,49,0
10.610593,12.632000,106.000,52.306000,2.508000,123.719891,3857,555,0,200,403,3410,49,0
10.614873,4.280000,106.000,52.306000,2.508000,123.720402,3857,555,0,199,402,3408,49,0
10.627114,12.241000,106.000,52.306000,2.508000,123.720882,3857,555,0,199,402,3408,49,0
10.630765,3.651000,106.000,52.306000,2.508000,123.721333,3857,555,0,198,401,3406,49,0
10.643984,13.219000,106.000,52.306000,2.508000,123.721813,3857,555,0,198,401,3406,49,0
10.647963,3.979000,106.000,52.306000,2.508000,123.728268,3867,555,0,198,401,3406,49,0
10.660594,12.631000,106.000,52.306000,2.508000,123.728748,3867,555,0,198,401,3406,49,0
10.664733,4.139000,115.000,52.257000,2.129000,123.731026,3870,555,0,192,395,3394,49,0
10.677085,12.352000,115.000,52.257000,2.129000,123.731506,3870,555,0,192,395,3394,49,0
10.680955,3.870000,115.000,52.257000,2.129000,123.735260,3876,555,0,192,395,3394,49,0
10.694054,13.099000,115.000,52.257000,2.129000,123.735741,3876,555,0,192,395,3394,49,0
10.698423,4.369000,115.000,52.257000,2.129000,123.736286,3876,555,0,192,395,3394,49,0
10.743122,44.699000,115.000,52.257000,2.129000,123.900661,4023,564,0,236,476,3556,49,0
10.747530,4.408000,115.000,52.257000,2.129000,123.878448,4010,558,0,235,475,3554,49,0
10.760623,13.093000,115.000,52.257000,2.129000,123.802452,3873,558,0,235,475,3554,49,0
10.764295,3.672000,115.000,52.257000,2.129000,123.802933,3873,558,0,235,475,3554,49,0
10.778045,13.750000,115.000,52.257000,2.129000,123.734402,3840,540,0,221,461,3526,49,0
10.779837,1.792000,115.000,52.257000,2.129000,123.712727,3804,540,0,221,461,3526,49,0
10.794951,15.114000,115.000,52.257000,2.129000,123.713207,3804,540,0,221,461,3526,49,0
10.797622,2.671000,115.000,52.257000,2.129000,123.712048,3801,540,0,221,461,3526,49,0
10.810374,12.752000,115.000,52.257000,2.129000,123.712528,3801,540,0,221,461,3526,49,0
10.814522,4.148000,115.000,52.257000,2.129000,123.714661,3804,540,0,221,461,3526,49,0
10.827041,12.519000,115.000,52.257000,2.129000,123.715141,3804,540,0,221,461,3526,49,0
10.830633,3.592000,115.000,52.257000,2.129000,123.712341,3798,540,0,221,461,3526,49,0
10.843954,13.321000,115.000,52.257000,2.129000,123.710320,3794,540,0,221,461,3526,49,0
10.847943,3.989000,115.000,52.257000,2.129000,123.712540,3797,540,0,220,425,3454,49,0
10.860540,12.597000,115.000,52.257000,2.129000,123.712967,3797,540,0,220,425,3454,49,0
10.864382,3.842000,115.000,52.257000,2.129000,123.712330,3801,540,0,220,425,3454,49,0
10.877105,12.723000,115.000,52.257000,2.129000,123.671688,3801,540,0,220,425,3454,49,0
10.881089,3.984000,115.000,52.257000,2.129000,123.675510,3807,540,0,220,425,3454,49,0
10.893982,12.893000,115.000,52.257000,2.129000,123.675991,3807,540,0,220,425,3454,49,0
10.898671,4.689000,115.000,52.257000,2.129000,123.676529,3807,540,0,220,425,3454,49,0
10.910571,11.900000,115.000,52.257000,2.129000,123.677010,3807,540,0,220,425,3454,49,0
10.915486,4.915000,115.000,52.257000,2.129000,123.674221,3801,540,0,220,425,3454,49,0
10.927119,11.633000,115.000,52.257000,2.129000,123.674061,3801,540,0,220,425,3454,49,0
10.931576,4.457000,115.000,52.257000,2.129000,123.671116,3795,540,0,220,425,3454,49,0
10.943982,12.406000,115.000,52.257000,2.129000,123.671597,3795,540,0,219,424,3452,49,0
10.948936,4.954000,115.000,52.257000,2.129000,123.673874,3798,540,0,219,424,3452,49,0
10.960617,11.681000,115.000,52.257000,2.129000,123.674355,3798,540,0,217,422,3448,49,0
10.964900,4.283000,115.000,52.257000,2.129000,123.676460,3801,540,0,216,421,3446,49,0
10.977165,12.265000,115.000,52.257000,2.129000,123.666447,3797,536,0,216,421,3446,49,0
10.981771,4.606000,115.000,52.257000,2.129000,123.662468,3790,536,0,216,421,3446,49,0
10.994006,12.235000,115.000,52.257000,2.129000,123.662949,3790,536,0,214,419,3442,49,0
10.998888,4.882000,115.000,52.257000,2.129000,123.786175,3870,568,0,213,418,3440,49,0
11.010564,11.676000,115.000,52.257000,2.129000,123.776989,3861,563,0,221,433,3470,49,0
11.015166,4.602000,115.000,52.257000,2.129000,123.772766,3854,563,0,221,433,3470,49,0
11.027183,12.017000,115.000,52.257000,2.129000,123.773247,3854,563,0,221,433,3470,49,0
11.032467,5.284000,115.000,52.257000,2.129000,123.814617,3856,563,0,230,465,3534,49,0
11.043953,11.486000,115.000,52.257000,2.129000,123.795643,3856,563,0,190,425,3454,49,0
11.048231,4.278000,115.000,52.257000,2.129000,123.796135,3856,563,0,190,425,3454,49,0
11.060487,12.256000,115.000,52.257000,2.129000,123.796616,3856,563,0,190,425,3454,49,0
11.064718,4.231000,115.000,52.257000,2.129000,123.797081,3856,563,0,190,425,3454,49,0
11.077135,12.417000,115.000,52.257000,2.129000,123.797562,3856,563,0,190,425,3454,49,0
11.080921,3.786000,115.000,52.257000,2.129000,123.796417,3853,563,0,190,425,3454,49,0
11.093933,13.012000,115.000,52.257000,2.129000,123.796898,3853,563,0,190,425,3454,49,0
11.098148,4.215000,115.000,52.257000,2.129000,123.797401,3853,563,0,190,425,3454,49,0
11.110598,12.450000,115.000,52.257000,2.129000,123.797882,3853,563,0,190,425,3454,49,0
11.115019,4.421000,115.000,52.257000,2.129000,123.795097,3847,563,0,190,425,3454,49,0
11.127095,12.076000,115.000,52.257000,2.129000,123.795578,3847,563,0,190,425,3454,49,0
11.130879,3.784000,115.000,52.257000,2.129000,123.794418,3844,563,0,190,425,3454,49,0
11.143935,13.056000,115.000,52.257000,2.129000,123.794899,3844,563,0,190,425,3454,49,0
11.148043,4.108000,115.000,52.257000,2.129000,123.797054,3847,563,0,190,425,3454,49,0
11.160563,12.520000,115.000,52.257000,2.129000,123.797535,3847,563,0,190,425,3454,49,0
11.164555,3.992000,115.000,52.257000,2.129000,123.797970,3847,563,0,190,425,3454,49,0
11.177151,12.596000,115.000,52.257000,2.129000,123.798397,3847,563,0,189,401,3406,49,0
11.181429,4.278000,115.000,52.257000,2.129000,123.792843,3842,563,0,189,401,3406,49,0
11.193938,12.509000,115.000,52.257000,2.129000,123.793324,3842,563,0,189,401,3406,49,0
11.198450,4.512000,115.000,52.257000,2.129000,123.759567,3839,563,0,189,401,3406,49,0
11.210573,12.123000,115.000,52.257000,2.129000,123.760002,3839,563,0,189,401,3406,49,0
11.214922,4.349000,115.000,52.257000,2.129000,123.760437,3839,563,0,189,401,3406,49,0
11.227173,12.251000,115.000,52.257000,2.129000,123.760918,3839,563,0,189,401,3406,49,0
11.231351,4.178000,115.000,52.257000,2.129000,123.761459,3839,563,0,189,401,3406,49,0
11.243908,12.557000,115.000,52.257000,2.129000,123.761940,3839,563,0,189,401,3406,49,0
11.248305,4.397000,115.000,52.257000,2.129000,123.760704,3836,563,0,189,401,3406,49,0
11.260649,12.344000,115.000,52.257000,2.129000,123.767189,3846,563,0,189,401,3406,49,0
11.264930,4.281000,115.000,52.257000,2.129000,123.767670,3846,563,0,189,401,3406,49,0
11.277140,12.210000,115.000,52.257000,2.129000,123.768105,3846,563,0,189,401,3406,49,0
11.281841,4.701000,115.000,52.257000,2.129000,123.768414,3846,563,0,189,401,3406,49,0
11.293876,12.035000,115.000,52.257000,2.129000,123.768894,3846,563,0,189,401,3406,49,0
11.298070,4.194000,115.000,52.257000,2.129000,123.770958,3849,563,0,189,401,3406,49,0
11.310622,12.552000,115.000,52.257000,2.129000,123.771393,3849,563,0,189,401,3406,49,0
11.356351,45.729000,115.000,52.257000,2.129000,123.937691,3996,572,0,238,487,3578,49,0
11.360601,4.250000,115.000,52.257000,2.129000,123.938019,3996,572,0,238,485,3574,49,0
11.364858,4.257000,115.000,52.257000,2.129000,123.869026,3870,572,0,238,485,3574,49,0
11.377089,12.231000,115.000,52.257000,2.129000,123.869507,3870,572,0,238,485,3574,49,0
11.380942,3.853000,115.000,52.257000,2.129000,123.870018,3870,572,0,238,485,3574,49,0
11.393796,12.854000,115.000,52.257000,2.129000,123.870499,3870,572,0,238,485,3574,49,0
11.397978,4.182000,115.000,52.257000,2.129000,123.872650,3873,572,0,238,485,3574,49,0
11.410569,12.591000,115.000,52.257000,2.129000,123.873131,3873,572,0,238,485,3574,49,0
11.414621,4.052000,115.000,52.257000,2.129000,123.873611,3873,572,0,238,485,3574,49,0
11.427104,12.483000,115.000,52.257000,2.129000,123.874092,3873,572,0,238,485,3574,49,0
11.431068,3.964000,115.000,52.257000,2.129000,123.874596,3873,572,0,238,485,3574,49,0
11.443711,12.643000,115.000,52.257000,2.129000,123.875076,3873,572,0,238,485,3574,49,0
11.447610,3.899000,115.000,52.257000,2.129000,123.872963,3869,572,0,238,485,3574,49,0
11.460478,12.868000,115.000,52.257000,2.129000,123.873344,3869,572,0,237,449,3502,49,0
11.464061,3.583000,115.000,52.257000,2.129000,123.869598,3867,572,0,237,449,3502,49,0
11.477068,13.007000,115.000,52.257000,2.129000,123.870079,3867,572,0,237,449,3502,49,0
11.481107,4.039000,115.000,52.257000,2.129000,123.829529,3867,572,0,237,449,3502,49,0
11.493819,12.712000,115.000,52.257000,2.129000,123.830009,3867,572,0,237,449,3502,49,0
11.497870,4.051000,115.000,52.257000,2.129000,123.830452,3867,572,0,237,449,3502,49,0
11.510566,12.696000,115.000,52.257000,2.129000,123.830887,3867,572,0,237,449,3502,49,0
11.515021,4.455000,115.000,52.257000,2.129000,123.829727,3864,572,0,237,449,3502,49,0
11.527196,12.175000,115.000,52.257000,2.129000,123.830208,3864,572,0,237,449,3502,49,0
11.531656,4.460000,115.000,52.257000,2.129000,123.828575,3861,572,0,237,449,3502,49,0
11.543833,12.177000,115.000,52.257000,2.129000,123.825554,3855,572,0,237,449,3502,49,0
11.548235,4.402000,115.000,52.257000,2.129000,123.826004,3855,572,0,236,448,3500,49,0
11.560569,12.334000,115.000,52.257000,2.129000,123.826485,3855,572,0,236,448,3500,49,0
11.565054,4.485000,115.000,52.257000,2.129000,123.828655,3858,572,0,234,446,3496,49,0
11.577142,12.088000,115.000,52.257000,2.129000,123.829136,3858,572,0,233,445,3494,49,0
11.581655,4.513000,115.000,52.257000,2.129000,123.819153,3854,568,0,233,445,3494,49,0
11.593795,12.140000,115.000,52.257000,2.129000,123.815285,3847,568,0,233,445,3494,49,0
11.598592,4.797000,115.000,52.257000,2.129000,123.815750,3847,568,0,231,443,3490,49,0
11.610583,11.991000,115.000,52.257000,2.129000,123.816147,3847,568,0,230,442,3488,49,0
11.614935,4.352000,115.000,52.257000,2.129000,123.801117,3838,563,0,229,441,3486,49,0
11.627151,12.216000,115.000,52.257000,2.129000,123.795280,3828,563,0,229,441,3486,49,0
11.631806,4.655000,115.000,52.257000,2.129000,123.795612,3825,563,0,229,441,3486,49,2
11.643892,12.086000,115.000,52.257000,2.129000,123.831802,3827,563,0,230,464,3532,49,2
11.648308,4.416000,115.000,52.257000,2.129000,123.835224,3836,562,0,230,464,3532,49,1
11.660514,12.206000,115.000,52.257000,2.129000,123.828556,3831,562,0,223,456,3516,49,1
11.665130,4.616000,112.000,43.830000,1.978000,123.832653,3837,561,0,223,456,3516,49,5
11.677146,12.016000,112.000,43.830000,1.978000,123.829830,3832,561,0,224,456,3516,49,5
11.681514,4.368000,112.000,43.830000,1.978000,123.836082,3838,561,0,224,456,3516,49,6
11.693982,12.468000,112.000,43.830000,1.978000,123.836563,3838,561,0,224,456,3516,49,6
11.698117,4.135000,112.000,43.830000,1.978000,123.839394,3874,555,0,224,456,3516,49,0
11.710564,12.447000,112.000,43.830000,1.978000,123.820557,3844,555,0,229,456,3516,49,0
11.714591,4.027000,112.000,43.830000,1.978000,123.821037,3844,555,0,229,456,3516,49,0
11.727190,12.599000,112.000,43.830000,1.978000,123.821518,3844,555,0,229,456,3516,49,0
11.731080,3.890000,112.000,43.830000,1.978000,123.821953,3844,555,0,229,456,3516,49,0
11.743918,12.838000,112.000,43.830000,1.978000,123.822388,3844,555,0,229,456,3516,49,0
11.748231,4.313000,112.000,43.830000,1.978000,123.824593,3847,555,0,229,456,3516,49,0
11.760590,12.359000,112.000,43.830000,1.978000,123.825073,3847,555,0,229,456,3516,49,0
11.764689,4.099000,112.000,43.830000,1.978000,123.828815,3853,555,0,229,456,3516,49,0
11.777152,12.463000,112.000,43.830000,1.978000,123.829296,3853,555,0,229,456,3516,49,0
11.781654,4.502000,112.000,43.830000,1.978000,123.829700,3853,555,0,228,433,3470,49,0
11.793830,12.176000,112.000,43.830000,1.978000,123.825771,3851,555,0,228,433,3470,49,0
11.797903,4.073000,112.000,43.830000,1.978000,123.824566,3848,555,0,228,433,3470,49,0
11.810575,12.672000,112.000,43.830000,1.978000,123.793659,3848,555,0,228,433,3470,49,0
11.815262,4.687000,112.000,43.830000,1.978000,123.793999,3848,555,0,227,432,3468,49,0
11.827164,11.902000,112.000,43.830000,1.978000,123.794479,3848,555,0,227,432,3468,49,0
11.831108,3.944000,112.000,43.830000,1.978000,123.794975,3848,555,0,226,431,3466,49,0
11.843973,12.865000,112.000,43.830000,1.978000,123.795456,3848,555,0,226,431,3466,49,0
11.848116,4.143000,112.000,43.830000,1.978000,123.794327,3845,555,0,226,431,3466,49,0
11.860580,12.464000,112.000,43.830000,1.978000,123.794807,3845,555,0,226,431,3466,49,0
11.865258,4.678000,112.000,43.830000,1.978000,123.801292,3855,555,0,220,425,3454,49,0
11.877124,11.866000,112.000,43.830000,1.978000,123.801773,3855,555,0,220,425,3454,49,0
11.881783,4.659000,112.000,43.830000,1.978000,123.800629,3852,555,0,220,425,3454,49,0
11.893932,12.149000,112.000,43.830000,1.978000,123.801109,3852,555,0,220,425,3454,49,0
11.898189,4.257000,112.000,43.830000,1.978000,123.803173,3855,555,0,220,425,3454,49,0
11.910568,12.379000,112.000,43.830000,1.978000,123.803654,3855,555,0,219,424,3452,49,0
11.914949,4.381000,112.000,43.830000,1.978000,123.790390,3844,552,0,219,424,3452,49,0
11.955869,40.920000,112.000,43.830000,1.978000,123.936985,3983,561,0,235,477,3558,49,0
11.960552,4.683000,112.000,43.830000,1.978000,123.907539,3978,558,0,195,435,3474,49,0
11.965186,4.634000,112.000,43.830000,1.978000,123.926922,3978,558,0,235,475,3554,49,0
11.976854,11.668000,112.000,43.830000,1.978000,123.797615,3828,540,0,229,469,3542,49,0
11.980873,4.019000,112.000,43.830000,1.978000,123.779198,3798,540,0,229,469,3542,49,0
11.993787,12.914000,112.000,43.830000,1.978000,123.760529,3795,540,0,193,433,3470,49,0
11.998017,4.230000,112.000,43.830000,1.978000,123.762680,3798,540,0,193,433,3470,49,0
12.010511,12.494000,112.000,43.830000,1.978000,123.759880,3792,540,0,193,433,3470,49,0
12.014701,4.190000,112.000,43.830000,1.978000,123.760361,3792,540,0,193,433,3470,49,0
12.027121,12.420000,112.000,43.830000,1.978000,123.760841,3792,540,0,193,433,3470,49,0
12.030807,3.686000,112.000,43.830000,1.978000,123.761322,3792,540,0,193,433,3470,49,0
12.045054,14.247000,112.000,43.830000,1.978000,123.763454,3795,540,0,193,433,3470,49,0
12.047732,2.678000,112.000,43.830000,1.978000,123.763935,3795,540,0,193,433,3470,49,0
12.061625,13.893000,112.000,43.830000,1.978000,123.766064,3798,540,0,193,433,3470,49,0
12.064242,2.617000,112.000,43.830000,1.978000,123.764042,3794,540,0,193,433,3470,49,0
12.078158,13.916000,112.000,43.830000,1.978000,123.764523,3794,540,0,192,397,3398,49,0
12.080806,2.648000,112.000,43.830000,1.978000,123.760540,3792,540,0,192,397,3398,49,0
12.095015,14.209000,112.000,43.830000,1.978000,123.719269,3792,540,0,192,397,3398,49,0
12.097625,2.610000,112.000,43.830000,1.978000,123.719749,3792,540,0,192,397,3398,49,0
12.111995,14.370000,112.000,43.830000,1.978000,123.721989,3795,540,0,192,397,3398,49,0
12.114573,2.578000,112.000,43.830000,1.978000,123.722469,3795,540,0,192,397,3398,49,0
12.128596,14.023000,112.000,43.830000,1.978000,123.722984,3795,540,0,192,397,3398,49,0
12.131165,2.569000,112.000,43.830000,1.978000,123.721825,3792,540,0,192,397,3398,49,0
12.145365,14.200000,112.000,43.830000,1.978000,123.723965,3795,540,0,192,397,3398,49,0
12.147996,2.631000,112.000,43.830000,1.978000,123.723804,3795,540,0,192,397,3398,49,0
12.162309,14.313000,112.000,43.830000,1.978000,123.719154,3786,540,0,192,397,3398,49,0
12.164974,2.665000,112.000,43.830000,1.978000,123.719635,3786,540,0,191,396,3396,49,0
12.178370,13.396000,112.000,43.830000,1.978000,123.720085,3786,540,0,189,394,3392,49,0
12.180798,2.428000,112.000,43.830000,1.978000,123.720520,3786,540,0,189,394,3392,49,0
12.195883,15.085000,112.000,43.830000,1.978000,123.710567,3782,536,0,188,393,3390,49,0
12.198471,2.588000,112.000,43.830000,1.978000,123.706699,3775,536,0,188,393,3390,49,0
12.213022,14.551000,112.000,43.830000,1.978000,123.826736,3849,568,0,186,391,3386,49,0
12.215888,2.866000,112.000,43.830000,1.978000,123.833031,3849,568,0,194,406,3416,49,0
12.228425,12.537000,112.000,43.830000,1.978000,123.831764,3846,568,0,194,406,3416,49,0
12.230850,2.425000,112.000,43.830000,1.978000,123.816711,3837,563,0,193,405,3414,49,0
12.245870,15.020000,112.000,43.830000,1.978000,123.812416,3830,563,0,193,405,3414,49,0
12.251913,6.043000,112.000,43.830000,1.978000,123.866058,3832,563,0,230,464,3532,49,0
12.257066,5.153000,112.000,43.830000,1.978000,123.866554,3832,563,0,230,464,3532,49,0
12.268709,11.643000,112.000,43.830000,1.978000,123.865395,3829,563,0,230,464,3532,49,0
12.278228,9.519000,112.000,43.830000,1.978000,123.865891,3829,563,0,230,464,3532,49,0
12.280848,2.620000,112.000,43.830000,1.978000,123.864731,3826,563,0,230,464,3532,49,0
12.295477,14.629000,112.000,43.830000,1.978000,123.865181,3826,563,0,230,464,3532,49,0
12.298282,2.805000,112.000,43.830000,1.978000,123.865662,3826,563,0,230,464,3532,49,0
12.312495,14.213000,112.000,43.830000,1.978000,123.866180,3826,563,0,230,464,3532,49,0
12.315821,3.326000,112.000,43.830000,1.978000,123.866661,3826,563,0,230,464,3532,49,0
12.328364,12.543000,112.000,43.830000,1.978000,123.867065,3826,563,0,230,464,3532,49,0
12.330483,2.119000,112.000,43.830000,1.978000,123.867546,3826,563,0,230,464,3532,49,0
12.345846,15.363000,112.000,43.830000,1.978000,123.866508,3823,563,0,230,464,3532,49,0
12.348643,2.797000,112.000,43.830000,1.978000,123.866989,3823,563,0,230,464,3532,49,0
12.361917,13.274000,112.000,43.830000,1.978000,123.867439,3823,563,0,230,464,3532,49,0
12.364363,2.446000,112.000,43.830000,1.978000,123.867920,3823,563,0,230,464,3532,49,0
12.378362,13.999000,112.000,43.830000,1.978000,123.868427,3823,563,0,230,464,3532,49,0
12.380482,2.120000,112.000,43.830000,1.978000,123.868908,3823,563,0,230,464,3532,49,0
12.395212,14.730000,112.000,43.830000,1.978000,123.870964,3826,563,0,229,441,3486,49,0
12.397988,2.776000,112.000,43.830000,1.978000,123.867035,3824,563,0,229,441,3486,49,0
12.412449,14.461000,112.000,43.830000,1.978000,123.867523,3824,563,0,229,441,3486,49,0
12.415472,3.023000,112.000,43.830000,1.978000,123.836617,3824,563,0,229,441,3486,49,0
12.428496,13.024000,112.000,43.830000,1.978000,123.833946,3818,563,0,229,441,3486,49,0
12.430625,2.129000,112.000,43.830000,1.978000,123.834427,3818,563,0,229,441,3486,49,0
12.446178,15.553000,112.000,43.830000,1.978000,123.834938,3818,563,0,229,441,3486,49,0
12.449382,3.204000,112.000,43.830000,1.978000,123.835419,3818,563,0,229,441,3486,49,0
12.462552,13.170000,112.000,43.830000,1.978000,123.835838,3818,563,0,229,441,3486,49,0
12.465515,2.963000,112.000,43.830000,1.978000,123.836319,3818,563,0,229,441,3486,49,0
12.478648,13.133000,112.000,43.830000,1.978000,123.842857,3828,563,0,229,441,3486,49,0
12.481432,2.784000,112.000,43.830000,1.978000,123.843338,3828,563,0,229,441,3486,49,0
12.496329,14.897000,112.000,43.830000,1.978000,123.845428,3831,563,0,229,441,3486,49,0
12.499668,3.339000,112.000,43.830000,1.978000,123.845909,3831,563,0,229,441,3486,49,0
12.512841,13.173000,112.000,43.830000,1.978000,123.846367,3831,563,0,229,441,3486,49,0
12.515854,3.013000,112.000,43.830000,1.978000,123.846848,3831,563,0,229,441,3486,49,0
12.528558,12.704000,112.000,43.830000,1.978000,123.847343,3831,563,0,229,441,3486,49,0
12.578306,49.748000,112.000,43.830000,1.978000,123.998188,3978,572,0,238,485,3574,49,0
12.582533,4.227000,112.000,43.830000,1.978000,123.998516,3978,572,0,238,483,3570,49,0
12.595065,12.532000,112.000,43.830000,1.978000,123.916019,3863,572,0,198,443,3490,49,0
12.598557,3.492000,112.000,43.830000,1.978000,123.916500,3863,572,0,198,443,3490,49,0
12.610533,11.976000,112.000,43.830000,1.978000,123.916004,3861,572,0,198,443,3490,49,0
12.615501,4.968000,112.000,43.830000,1.978000,123.914165,3857,572,0,198,443,3490,49,0
12.627073,11.572000,112.000,43.830000,1.978000,123.914646,3857,572,0,198,443,3490,49,0
12.631203,4.130000,112.000,43.830000,1.978000,123.915195,3857,572,0,198,443,3490,49,0
12.643921,12.718000,112.000,43.830000,1.978000,123.915676,3857,572,0,198,443,3490,49,0
12.647767,3.846000,112.000,43.830000,1.978000,123.917805,3860,572,0,198,443,3490,49,0
12.660615,12.848000,112.000,43.830000,1.978000,123.918949,3861,572,0,198,443,3490,49,0
12.664334,3.719000,112.000,47.967000,2.469000,123.916264,3856,572,0,198,443,3490,49,0
12.677215,12.881000,112.000,47.967000,2.469000,123.917355,3857,572,0,197,407,3418,49,0
12.680718,3.503000,112.000,47.967000,2.469000,123.912762,3854,572,0,197,407,3418,49,0
12.694054,13.336000,112.000,47.967000,2.469000,123.868687,3855,572,0,197,407,3418,49,0
12.698571,4.517000,112.000,47.967000,2.469000,123.870346,3857,572,0,197,407,3418,49,0
12.710518,11.947000,112.000,47.967000,2.469000,123.869186,3854,572,0,197,407,3418,49,0
12.714910,4.392000,112.000,47.967000,2.469000,123.869659,3854,572,0,197,407,3418,49,0
12.727160,12.250000,112.000,47.967000,2.469000,123.868454,3851,572,0,197,407,3418,49,0
12.731640,4.480000,112.000,47.967000,2.469000,123.870667,3854,572,0,197,407,3418,49,0
12.743974,12.334000,112.000,47.967000,2.469000,123.871765,3855,572,0,197,407,3418,49,0
12.748328,4.354000,112.000,47.967000,2.469000,123.870918,3854,572,0,197,407,3418,49,0
12.760630,12.302000,112.000,47.967000,2.469000,123.868561,3849,572,0,197,407,3418,49,0
12.764980,4.350000,112.000,47.967000,2.469000,123.871674,3854,572,0,196,406,3416,49,0
12.777310,12.330000,112.000,47.967000,2.469000,123.872772,3855,572,0,196,406,3416,49,0
12.781146,3.836000,112.000,47.967000,2.469000,123.872498,3854,572,0,194,404,3412,49,0
12.793978,12.832000,112.000,47.967000,2.469000,123.863228,3851,568,0,193,403,3410,49,0
12.798865,4.887000,112.000,47.967000,2.469000,123.858650,3843,568,0,193,403,3410,49,0
12.810591,11.726000,112.000,47.967000,2.469000,123.859131,3843,568,0,192,402,3408,49,0
12.815850,5.259000,112.000,47.967000,2.469000,123.859581,3843,568,0,191,401,3406,49,0
12.827314,11.464000,112.000,47.967000,2.469000,123.859932,3843,568,0,190,400,3404,49,0
12.831856,4.542000,112.000,47.967000,2.469000,123.848007,3837,563,0,189,399,3402,49,2
12.843987,12.131000,112.000,47.967000,2.469000,123.842834,3828,563,0,189,399,3402,49,2
12.848738,4.751000,112.000,47.967000,2.469000,123.847904,3839,562,0,189,399,3402,49,2
12.854295,5.557000,112.000,47.967000,2.469000,123.899624,3837,562,0,231,461,3526,49,2
12.870057,15.762000,112.000,47.967000,2.469000,123.902981,3842,561,0,195,425,3454,49,6
12.877172,7.115000,112.000,47.967000,2.469000,123.883358,3838,561,0,196,425,3454,49,6
12.881024,3.852000,112.000,47.967000,2.469000,123.883389,3834,561,0,196,425,3454,49,6
12.893956,12.932000,112.000,47.967000,2.469000,123.884533,3835,561,0,196,425,3454,49,6
12.898271,4.315000,112.000,47.967000,2.469000,123.886707,3870,555,0,196,425,3454,49,0
12.910666,12.395000,112.000,47.967000,2.469000,123.868534,3841,555,0,201,425,3454,49,0
12.914726,4.060000,112.000,47.967000,2.469000,123.868351,3840,555,0,201,425,3454,49,0
12.927113,12.387000,112.000,47.967000,2.469000,123.868832,3840,555,0,201,425,3454,49,0
12.931269,4.156000,112.000,47.967000,2.469000,123.867634,3837,555,0,201,425,3454,49,0
12.943903,12.634000,112.000,47.967000,2.469000,123.868114,3837,555,0,201,425,3454,49,0
12.948462,4.559000,112.000,47.967000,2.469000,123.868610,3837,555,0,201,425,3454,49,0
12.960568,12.106000,112.000,47.967000,2.469000,123.869755,3838,555,0,201,425,3454,49,0
12.964812,4.244000,112.000,47.967000,2.469000,123.867947,3834,555,0,201,425,3454,49,0
12.977273,12.461000,112.000,47.967000,2.469000,123.869091,3835,555,0,201,425,3454,49,0
12.981135,3.862000,112.000,47.967000,2.469000,123.870510,3837,555,0,201,425,3454,49,0
12.994015,12.880000,112.000,47.967000,2.469000,123.871655,3838,555,0,201,425,3454,49,0
12.997989,3.974000,112.000,47.967000,2.469000,123.868130,3831,555,0,200,403,3410,49,0
13.010555,12.566000,112.000,47.967000,2.469000,123.864864,3830,555,0,200,403,3410,49,0
13.014780,4.225000,112.000,47.967000,2.469000,123.866299,3832,555,0,199,402,3408,49,0
13.027229,12.449000,112.000,47.967000,2.469000,123.837307,3833,555,0,199,402,3408,49,0
13.031623,4.394000,112.000,47.967000,2.469000,123.840626,3838,555,0,198,401,3406,49,0
13.043935,12.312000,112.000,47.967000,2.469000,123.841106,3838,555,0,198,401,3406,49,0
13.048514,4.579000,112.000,47.967000,2.469000,123.844868,3844,555,0,198,401,3406,49,0
13.060756,12.242000,112.000,47.967000,2.469000,123.846012,3845,555,0,198,401,3406,49,0
13.065378,4.622000,112.000,47.967000,2.469000,123.845806,3844,555,0,192,395,3394,49,0
13.077296,11.918000,112.000,47.967000,2.469000,123.846951,3845,555,0,192,395,3394,49,0
13.081421,4.125000,112.000,47.967000,2.469000,123.849442,3848,555,0,192,395,3394,49,0
13.094005,12.584000,112.000,47.967000,2.469000,123.850586,3849,555,0,192,395,3394,49,0
13.098211,4.206000,112.000,47.967000,2.469000,123.850418,3848,555,0,192,395,3394,49,0
13.110608,12.397000,112.000,47.967000,2.469000,123.851562,3849,555,0,191,394,3392,49,0
13.115139,4.531000,112.000,47.967000,2.469000,123.842625,3846,552,0,191,394,3392,49,0
13.127147,12.008000,112.000,47.967000,2.469000,123.839413,3840,552,0,190,393,3390,49,0
13.132412,5.265000,112.000,47.967000,2.469000,123.830975,3838,549,0,190,393,3390,49,0
13.180177,47.765000,112.000,47.967000,2.469000,123.992889,3979,558,0,235,475,3554,49,0
13.193037,12.860000,112.000,47.967000,2.469000,123.936523,3954,540,0,229,469,3542,49,0
13.197543,4.506000,112.000,47.967000,2.469000,123.851326,3803,540,0,221,461,3526,49,0
13.210540,12.997000,112.000,47.967000,2.469000,123.848579,3804,540,0,221,461,3526,49,0
13.213210,2.670000,112.000,47.967000,2.469000,123.848381,3803,540,0,221,461,3526,49,0
13.227101,13.891000,112.000,47.967000,2.469000,123.848816,3803,540,0,221,461,3526,49,0
13.230894,3.793000,112.000,47.967000,2.469000,123.849297,3803,540,0,221,461,3526,49,0
13.243884,12.990000,112.000,47.967000,2.469000,123.850441,3804,540,0,221,461,3526,49,0
13.247052,3.168000,112.000,47.967000,2.469000,123.848618,3800,540,0,221,461,3526,49,0
13.260581,13.529000,112.000,47.967000,2.469000,123.849762,3801,540,0,221,461,3526,49,0
13.263509,2.928000,112.000,47.967000,2.469000,123.849602,3800,540,0,221,461,3526,49,0
13.277193,13.684000,112.000,47.967000,2.469000,123.848244,3797,540,0,221,461,3526,49,0
13.280094,2.901000,112.000,47.967000,2.469000,123.844780,3790,540,0,220,425,3454,49,0
13.294108,14.014000,112.000,47.967000,2.469000,123.845871,3791,540,0,220,425,3454,49,0
13.297732,3.624000,112.000,47.967000,2.469000,123.839638,3785,540,0,220,425,3454,49,0
13.310625,12.893000,112.000,47.967000,2.469000,123.797737,3785,540,0,220,425,3454,49,0
13.315545,4.920000,112.000,47.967000,2.469000,123.800018,3788,540,0,220,425,3454,49,0
13.327094,11.549000,112.000,47.967000,2.469000,123.800499,3788,540,0,220,425,3454,49,0
13.331315,4.221000,112.000,47.967000,2.469000,123.800949,3788,540,0,220,425,3454,49,0
13.343957,12.642000,112.000,47.967000,2.469000,123.801376,3788,540,0,220,425,3454,49,0
13.347884,3.927000,112.000,47.967000,2.469000,123.795868,3783,540,0,220,425,3454,49,0
13.360569,12.685000,112.000,47.967000,2.469000,123.796371,3784,540,0,220,425,3454,49,0
13.364303,3.734000,112.000,47.967000,2.469000,123.791061,3774,540,0,220,425,3454,49,0
13.377360,13.057000,112.000,47.967000,2.469000,123.792206,3775,540,0,219,424,3452,49,0
13.381451,4.091000,112.000,47.967000,2.469000,123.791977,3774,540,0,219,424,3452,49,0
13.393935,12.484000,112.000,47.967000,2.469000,123.793121,3775,540,0,217,422,3448,49,0
13.398315,4.380000,112.000,47.967000,2.469000,123.915924,3854,572,0,216,421,3446,49,0
13.410668,12.353000,112.000,47.967000,2.469000,123.910828,3848,568,0,225,437,3478,49,0
13.414660,3.992000,112.000,47.967000,2.469000,123.906120,3840,568,0,225,437,3478,49,0
13.427226,12.566000,112.000,47.967000,2.469000,123.907219,3841,568,0,223,435,3474,49,0
13.430825,3.599000,112.000,47.967000,2.469000,123.906982,3840,568,0,222,434,3472,49,0
13.443926,13.101000,112.000,47.967000,2.469000,123.905594,3837,568,0,221,433,3470,49,0
13.448558,4.632000,112.000,47.967000,2.469000,123.894039,3834,563,0,221,433,3470,49,0
13.460539,11.981000,112.000,47.967000,2.469000,123.926128,3823,563,0,230,464,3532,49,0
13.464909,4.370000,112.000,47.967000,2.469000,123.928230,3826,563,0,230,464,3532,49,0
13.477062,12.153000,112.000,47.967000,2.469000,123.928711,3826,563,0,230,464,3532,49,0
13.480885,3.823000,112.000,47.967000,2.469000,123.909775,3826,563,0,190,424,3452,49,0
13.493895,13.010000,112.000,47.967000,2.469000,123.910255,3826,563,0,190,424,3452,49,0
13.498368,4.473000,112.000,47.967000,2.469000,123.907425,3820,563,0,190,424,3452,49,0
13.510485,12.117000,112.000,47.967000,2.469000,123.907906,3820,563,0,190,424,3452,49,0
13.515085,4.600000,112.000,47.967000,2.469000,123.908356,3820,563,0,190,424,3452,49,0
13.527035,11.950000,112.000,47.967000,2.469000,123.908836,3820,563,0,190,424,3452,49,0
13.530846,3.811000,112.000,47.967000,2.469000,123.909348,3820,563,0,190,424,3452,49,0
13.543737,12.891000,112.000,47.967000,2.469000,123.909828,3820,563,0,190,424,3452,49,0
13.548093,4.356000,112.000,47.967000,2.469000,123.910316,3820,563,0,190,424,3452,49,0
13.560556,12.463000,112.000,47.967000,2.469000,123.910797,3820,563,0,190,424,3452,49,0
13.565281,4.725000,112.000,47.967000,2.469000,123.912918,3823,563,0,190,424,3452,49,0
13.577207,11.926000,112.000,47.967000,2.469000,123.913399,3823,563,0,190,424,3452,49,0
13.581276,4.069000,112.000,47.967000,2.469000,123.913849,3823,563,0,190,424,3452,49,0
13.594004,12.728000,112.000,47.967000,2.469000,123.914276,3823,563,0,190,424,3452,49,0
13.597745,3.741000,112.000,47.967000,2.469000,123.910362,3821,563,0,189,401,3406,49,0
13.610448,12.703000,112.000,47.967000,2.469000,123.910843,3821,563,0,189,401,3406,49,0
13.614951,4.503000,112.000,47.967000,2.469000,123.911217,3821,563,0,189,401,3406,49,0
13.627080,12.129000,112.000,47.967000,2.469000,123.880310,3821,563,0,189,401,3406,49,0
13.630815,3.735000,112.000,47.967000,2.469000,123.880943,3821,563,0,189,401,3406,49,0
13.643863,13.048000,112.000,47.967000,2.469000,123.881424,3821,563,0,189,401,3406,49,0
13.647678,3.815000,112.000,47.967000,2.469000,123.881905,3821,563,0,189,401,3406,49,0
13.660407,12.729000,112.000,47.967000,2.469000,123.882385,3821,563,0,189,401,3406,49,0
13.664210,3.803000,115.000,45.988000,1.934000,123.882912,3821,563,0,189,401,3406,49,0
13.677091,12.881000,115.000,45.988000,1.934000,123.883347,3821,563,0,189,401,3406,49,0
13.681326,4.235000,115.000,45.988000,1.934000,123.882217,3818,563,0,189,401,3406,49,0
13.693950,12.624000,115.000,45.988000,1.934000,123.888702,3828,563,0,189,401,3406,49,0
13.698116,4.166000,115.000,45.988000,1.934000,123.887466,3825,563,0,189,401,3406,49,0
13.710436,12.320000,115.000,45.988000,1.934000,123.887947,3825,563,0,189,401,3406,49,0
13.714796,4.360000,115.000,45.988000,1.934000,123.888428,3825,563,0,189,401,3406,49,0
13.727187,12.391000,115.000,45.988000,1.934000,123.888908,3825,563,0,189,401,3406,49,0
13.731160,3.973000,115.000,45.988000,1.934000,123.891052,3828,563,0,189,401,3406,49,0
13.743923,12.763000,115.000,45.988000,1.934000,123.891487,3828,563,0,189,401,3406,49,0
13.788490,44.567000,115.000,45.988000,1.934000,124.055161,3968,572,0,238,487,3578,49,0
13.792558,4.068000,115.000,45.988000,1.934000,124.055443,3968,572,0,238,485,3574,49,0
13.798650,6.092000,115.000,45.988000,1.934000,123.991905,3852,572,0,238,485,3574,49,0
13.810547,11.897000,115.000,45.988000,1.934000,123.992340,3852,572,0,238,485,3574,49,0
13.815047,4.500000,115.000,45.988000,1.934000,123.994469,3855,572,0,238,485,3574,49,0
13.827157,12.110000,115.000,45.988000,1.934000,123.994949,3855,572,0,238,485,3574,49,0
13.830928,3.771000,115.000,45.988000,1.934000,123.995430,3855,572,0,238,485,3574,49,0
13.843921,12.993000,115.000,45.988000,1.934000,123.995911,3855,572,0,238,485,3574,49,0
13.847987,4.066000,115.000,45.988000,1.934000,123.999710,3861,572,0,238,485,3574,49,0
13.860541,12.554000,115.000,45.988000,1.934000,124.000191,3861,572,0,238,485,3574,49,0
13.864427,3.886000,115.000,45.988000,1.934000,124.000671,3861,572,0,238,485,3574,49,0
13.877065,12.638000,115.000,45.988000,1.934000,124.001152,3861,572,0,238,485,3574,49,0
13.880849,3.784000,115.000,45.988000,1.934000,123.999130,3857,572,0,238,485,3574,49,0
13.893922,13.073000,115.000,45.988000,1.934000,123.999557,3857,572,0,237,449,3502,49,0
13.898104,4.182000,115.000,45.988000,1.934000,123.995628,3855,572,0,237,449,3502,49,0
13.910139,12.035000,115.000,45.988000,1.934000,123.996109,3855,572,0,237,449,3502,49,0
13.915003,4.864000,115.000,45.988000,1.934000,123.955864,3858,572,0,237,449,3502,49,0
13.927041,12.038000,115.000,45.988000,1.934000,123.956345,3858,572,0,237,449,3502,49,0
13.931057,4.016000,115.000,45.988000,1.934000,123.960152,3864,572,0,237,449,3502,49,0
13.943915,12.858000,115.000,45.988000,1.934000,123.960632,3864,572,0,237,449,3502,49,0
13.948355,4.440000,115.000,45.988000,1.934000,123.961109,3864,572,0,237,449,3502,49,0
13.960540,12.185000,115.000,45.988000,1.934000,123.961590,3864,572,0,237,449,3502,49,0
13.965230,4.690000,115.000,45.988000,1.934000,123.959671,3861,572,0,237,449,3502,49,0
13.977134,11.904000,115.000,45.988000,1.934000,123.956604,3855,572,0,237,449,3502,49,0
13.981764,4.630000,115.000,45.988000,1.934000,123.955444,3852,572,0,236,448,3500,49,0
13.993743,11.979000,115.000,45.988000,1.934000,123.955925,3852,572,0,236,448,3500,49,0
13.997998,4.255000,115.000,45.988000,1.934000,123.956375,3852,572,0,234,446,3496,49,0
14.010473,12.475000,115.000,45.988000,1.934000,123.956856,3852,572,0,233,445,3494,49,0
14.014596,4.123000,115.000,45.988000,1.934000,123.946907,3848,568,0,233,445,3494,49,0
14.027170,12.574000,115.000,45.988000,1.934000,123.943039,3841,568,0,233,445,3494,49,0
14.031310,4.140000,115.000,45.988000,1.934000,123.944080,3841,568,0,231,443,3490,49,1
14.043993,12.683000,115.000,45.988000,1.934000,123.944431,3841,568,0,230,442,3488,49,1
14.048417,4.424000,115.000,45.988000,1.934000,123.930092,3829,563,0,229,441,3486,49,4
14.060515,12.098000,115.000,45.988000,1.934000,123.924255,3819,563,0,229,441,3486,49,4
14.065824,5.309000,115.000,45.988000,1.934000,123.929794,3834,561,0,229,441,3486,49,5
14.077036,11.212000,115.000,45.988000,1.934000,123.959496,3826,561,0,224,456,3516,49,5
14.080753,3.717000,115.000,45.988000,1.934000,123.955193,3820,561,0,224,456,3516,49,6
14.093922,13.169000,115.000,45.988000,1.934000,123.955673,3820,561,0,224,456,3516,49,6
14.098582,4.660000,115.000,45.988000,1.934000,123.960155,3859,555,0,224,456,3516,49,0
14.110541,11.959000,115.000,45.988000,1.934000,123.941319,3829,555,0,229,456,3516,49,0
14.115537,4.996000,115.000,45.988000,1.934000,123.945129,3835,555,0,229,456,3516,49,0
14.127082,11.545000,115.000,45.988000,1.934000,123.945610,3835,555,0,229,456,3516,49,0
14.131001,3.919000,115.000,45.988000,1.934000,123.949390,3841,555,0,229,456,3516,49,0
14.143939,12.938000,115.000,45.988000,1.934000,123.949871,3841,555,0,229,456,3516,49,0
14.148349,4.410000,115.000,45.988000,1.934000,123.950420,3841,555,0,229,456,3516,49,0
14.160554,12.205000,115.000,45.988000,1.934000,123.950901,3841,555,0,229,456,3516,49,0
14.164773,4.219000,115.000,45.988000,1.934000,123.948071,3835,555,0,229,456,3516,49,0
14.177063,12.290000,115.000,45.988000,1.934000,123.948551,3835,555,0,229,456,3516,49,0
14.180868,3.805000,115.000,45.988000,1.934000,123.949017,3835,555,0,229,456,3516,49,0
14.193913,13.045000,115.000,45.988000,1.934000,123.949497,3835,555,0,229,456,3516,49,0
14.197876,3.963000,115.000,45.988000,1.934000,123.951630,3838,555,0,229,456,3516,49,0
14.210583,12.707000,115.000,45.988000,1.934000,123.952057,3838,555,0,229,456,3516,49,0
14.214169,3.586000,115.000,45.988000,1.934000,123.955864,3839,555,0,228,433,3470,49,0
14.226996,12.827000,115.000,45.988000,1.934000,124.194084,3839,555,0,228,433,3470,49,0
14.230940,3.944000,115.000,45.988000,1.934000,124.194565,3839,555,0,226,431,3466,49,0
14.243843,12.903000,115.000,45.988000,1.934000,124.163612,3839,555,0,226,431,3466,49,0
14.247793,3.950000,115.000,45.988000,1.934000,124.164139,3839,555,0,226,431,3466,49,0
14.260570,12.777000,115.000,45.988000,1.934000,124.164619,3839,555,0,226,431,3466,49,0
14.265007,4.437000,115.000,45.988000,1.934000,124.166683,3842,555,0,220,425,3454,49,0
14.277063,12.056000,115.000,45.988000,1.934000,124.167164,3842,555,0,220,425,3454,49,0
14.280777,3.714000,115.000,45.988000,1.934000,124.167625,3842,555,0,220,425,3454,49,0
14.293890,13.113000,115.000,45.988000,1.934000,124.168106,3842,555,0,220,425,3454,49,0
14.298072,4.182000,115.000,45.988000,1.934000,124.174580,3852,555,0,220,425,3454,49,0
14.310676,12.604000,115.000,45.988000,1.934000,124.175060,3852,555,0,220,425,3454,49,0
14.314932,4.256000,115.000,45.988000,1.934000,124.175507,3852,555,0,220,425,3454,49,0
14.327044,12.112000,115.000,45.988000,1.934000,124.175987,3852,555,0,218,423,3450,49,0
14.331150,4.106000,115.000,45.988000,1.934000,124.153896,3839,549,0,218,423,3450,49,0
14.343885,12.735000,115.000,45.988000,1.934000,124.146946,3827,549,0,218,423,3450,49,0
14.348480,4.595000,115.000,45.988000,1.934000,124.147499,3827,549,0,218,423,3450,49,0
14.391076,42.596000,115.000,45.988000,1.934000,124.296677,3969,558,0,229,471,3546,49,0
14.403066,11.990000,115.000,45.988000,1.934000,124.230175,3933,540,0,229,469,3542,49,0
14.411675,8.609000,115.000,45.988000,1.934000,124.145008,3782,540,0,229,469,3542,49,0
14.414223,2.548000,115.000,45.988000,1.934000,124.127979,3782,540,0,193,433,3470,49,0
14.428093,13.870000,115.000,45.988000,1.934000,124.128460,3782,540,0,193,433,3470,49,0
14.431560,3.467000,115.000,45.988000,1.934000,124.127300,3779,540,0,193,433,3470,49,0
14.443801,12.241000,115.000,45.988000,1.934000,124.127735,3779,540,0,193,433,3470,49,0
14.447741,3.940000,115.000,45.988000,1.934000,124.126598,3776,540,0,193,433,3470,49,0
14.460589,12.848000,115.000,45.988000,1.934000,124.127079,3776,540,0,193,433,3470,49,0
14.464409,3.820000,115.000,45.988000,1.934000,124.127560,3776,540,0,193,433,3470,49,0
14.476982,12.573000,115.000,45.988000,1.934000,124.128040,3776,540,0,193,433,3470,49,0
14.480828,3.846000,115.000,45.988000,1.934000,124.128521,3776,540,0,193,433,3470,49,0
14.493995,13.167000,115.000,45.988000,1.934000,124.126499,3772,540,0,193,433,3470,49,0
14.497704,3.709000,115.000,45.988000,1.934000,124.125340,3769,540,0,192,397,3398,49,0
14.510608,12.904000,115.000,45.988000,1.934000,124.125767,3769,540,0,192,397,3398,49,0
14.514283,3.675000,115.000,45.988000,1.934000,124.121838,3767,540,0,192,397,3398,49,0
14.527049,12.766000,115.000,45.988000,1.934000,124.079937,3767,540,0,192,397,3398,49,0
14.530869,3.820000,115.000,45.988000,1.934000,124.080513,3767,540,0,192,397,3398,49,0
14.543853,12.984000,115.000,45.988000,1.934000,124.080994,3767,540,0,192,397,3398,49,0
14.548483,4.630000,115.000,45.988000,1.934000,124.083282,3770,540,0,192,397,3398,49,0
14.560542,12.059000,115.000,45.988000,1.934000,124.083763,3770,540,0,192,397,3398,49,0
14.565221,4.679000,115.000,45.988000,1.934000,124.084190,3770,540,0,192,397,3398,49,0
14.577079,11.858000,115.000,45.988000,1.934000,124.084030,3770,540,0,192,397,3398,49,0
14.580995,3.916000,115.000,45.988000,1.934000,124.077728,3758,540,0,192,397,3398,49,0
14.593765,12.770000,115.000,45.988000,1.934000,124.078209,3758,540,0,191,396,3396,49,0
14.598730,4.965000,115.000,45.988000,1.934000,124.201553,3838,572,0,191,396,3396,49,0
14.610563,11.833000,115.000,45.988000,1.934000,124.207802,3838,572,0,198,410,3424,49,0
14.615480,4.917000,115.000,45.988000,1.934000,124.208344,3838,572,0,197,409,3422,49,0
14.627078,11.598000,115.000,45.988000,1.934000,124.198364,3834,568,0,197,409,3422,49,0
14.631792,4.714000,115.000,45.988000,1.934000,124.194469,3827,568,0,197,409,3422,49,0
14.643909,12.117000,115.000,45.988000,1.934000,124.194950,3827,568,0,195,407,3418,49,0
14.648295,4.386000,115.000,45.988000,1.934000,124.196968,3830,568,0,194,406,3416,49,0
14.660564,12.269000,115.000,45.988000,1.934000,124.181915,3821,563,0,193,405,3414,49,0
14.665873,5.309000,112.000,42.151000,1.891000,124.176010,3811,563,0,193,405,3414,49,0
14.677068,11.195000,112.000,42.151000,1.891000,124.176491,3811,563,0,193,405,3414,49,0
14.682703,5.635000,112.000,42.151000,1.891000,124.227615,3813,563,0,230,462,3528,49,0
14.693923,11.220000,112.000,42.151000,1.891000,124.228096,3813,563,0,230,462,3528,49,0
14.698217,4.294000,112.000,42.151000,1.891000,124.228592,3813,563,0,230,462,3528,49,0
14.710522,12.305000,112.000,42.151000,1.891000,124.229073,3813,563,0,230,462,3528,49,0
14.715167,4.645000,112.000,42.151000,1.891000,124.229553,3813,563,0,230,462,3528,49,0
14.727070,11.903000,112.000,42.151000,1.891000,124.230034,3813,563,0,230,462,3528,49,0
14.731293,4.223000,112.000,42.151000,1.891000,124.230484,3813,563,0,230,462,3528,49,0
14.743954,12.661000,112.000,42.151000,1.891000,124.230965,3813,563,0,230,462,3528,49,0
14.748444,4.490000,112.000,42.151000,1.891000,124.231384,3813,563,0,230,462,3528,49,0
14.760541,12.097000,112.000,42.151000,1.891000,124.231865,3813,563,0,230,462,3528,49,0
14.765468,4.927000,112.000,42.151000,1.891000,124.230736,3810,563,0,230,462,3528,49,0
14.777114,11.646000,112.000,42.151000,1.891000,124.231216,3810,563,0,230,462,3528,49,0
14.781264,4.150000,112.000,42.151000,1.891000,124.230042,3807,563,0,230,462,3528,49,0
14.793896,12.632000,112.000,42.151000,1.891000,124.230522,3807,563,0,230,462,3528,49,0
14.798540,4.644000,112.000,42.151000,1.891000,124.230911,3807,563,0,230,462,3528,49,0
14.810547,12.007000,112.000,42.151000,1.891000,124.231346,3807,563,0,230,462,3528,49,0
14.815150,4.603000,112.000,42.151000,1.891000,124.233498,3810,563,0,230,462,3528,49,0
14.827095,11.945000,112.000,42.151000,1.891000,124.233879,3810,563,0,229,441,3486,49,0
14.831633,4.538000,112.000,42.151000,1.891000,124.229919,3808,563,0,229,441,3486,49,0
14.843836,12.203000,112.000,42.151000,1.891000,124.230400,3808,563,0,229,441,3486,49,0
14.848531,4.695000,112.000,42.151000,1.891000,124.202301,3808,563,0,229,441,3486,49,0
14.860562,12.031000,112.000,42.151000,1.891000,124.202782,3808,563,0,229,441,3486,49,0
14.865309,4.747000,112.000,42.151000,1.891000,124.203182,3808,563,0,229,441,3486,49,0
14.877141,11.832000,112.000,42.151000,1.891000,124.203663,3808,563,0,229,441,3486,49,0
14.881310,4.169000,112.000,42.151000,1.891000,124.202545,3805,563,0,229,441,3486,49,0
14.893941,12.631000,112.000,42.151000,1.891000,124.202980,3805,563,0,229,441,3486,49,0
14.898435,4.494000,112.000,42.151000,1.891000,124.205151,3808,563,0,229,441,3486,49,0
14.910538,12.103000,112.000,42.151000,1.891000,124.211636,3818,563,0,229,441,3486,49,0
14.915232,4.694000,112.000,42.151000,1.891000,124.212082,3818,563,0,229,441,3486,49,0
14.927075,11.843000,112.000,42.151000,1.891000,124.212563,3818,563,0,229,441,3486,49,0
14.931529,4.454000,112.000,42.151000,1.891000,124.216370,3824,563,0,229,441,3486,49,0
14.943883,12.354000,112.000,42.151000,1.891000,124.216850,3824,563,0,229,441,3486,49,0
14.947996,4.113000,112.000,42.151000,1.891000,124.217285,3824,563,0,229,441,3486,49,0
14.960513,12.517000,112.000,42.151000,1.891000,124.217766,3824,563,0,229,441,3486,49,0
15.002712,42.199000,112.000,42.151000,1.891000,124.366455,3966,572,0,238,485,3574,49,0
15.006765,4.053000,112.000,42.151000,1.891000,124.368450,3969,572,0,198,443,3490,49,0
15.019507,12.742000,112.000,42.151000,1.891000,124.289291,3860,572,0,198,443,3490,49,0
15.027085,7.578000,112.000,42.151000,1.891000,124.289772,3860,572,0,198,443,3490,49,0
15.030849,3.764000,112.000,42.151000,1.891000,124.290253,3860,572,0,198,443,3490,49,0
15.043957,13.108000,112.000,42.151000,1.891000,124.289093,3857,572,0,198,443,3490,49,0
15.047929,3.972000,112.000,42.151000,1.891000,124.289642,3857,572,0,198,443,3490,49,0
15.060455,12.526000,112.000,42.151000,1.891000,124.290123,3857,572,0,198,443,3490,49,0
15.064664,4.209000,112.000,42.151000,1.891000,124.290535,3857,572,0,198,443,3490,49,0
15.077056,12.392000,112.000,42.151000,1.891000,124.291016,3857,572,0,198,443,3490,49,0
15.080727,3.671000,112.000,42.151000,1.891000,124.291496,3857,572,0,198,443,3490,49,0
15.093879,13.152000,112.000,42.151000,1.891000,124.291977,3857,572,0,198,443,3490,49,0
15.098804,4.925000,112.000,42.151000,1.891000,124.288338,3850,572,0,198,443,3490,49,0
15.110469,11.665000,112.000,42.151000,1.891000,124.288765,3850,572,0,197,407,3418,49,0
15.114488,4.019000,112.000,42.151000,1.891000,124.284767,3848,572,0,197,407,3418,49,0
15.127037,12.549000,112.000,42.151000,1.891000,124.285248,3848,572,0,197,407,3418,49,0
15.130795,3.758000,112.000,42.151000,1.891000,124.238358,3845,572,0,197,407,3418,49,0
15.143911,13.116000,112.000,42.151000,1.891000,124.238838,3845,572,0,197,407,3418,49,0
15.147937,4.026000,112.000,42.151000,1.891000,124.240967,3848,572,0,197,407,3418,49,0
15.160501,12.564000,112.000,42.151000,1.891000,124.241447,3848,572,0,197,407,3418,49,0
15.164561,4.060000,112.000,42.151000,1.891000,124.238686,3842,572,0,197,407,3418,49,0
15.177010,12.449000,112.000,42.151000,1.891000,124.239166,3842,572,0,197,407,3418,49,0
15.181053,4.043000,112.000,42.151000,1.891000,124.240704,3845,572,0,197,407,3418,49,0
15.193748,12.695000,112.000,42.151000,1.891000,124.237682,3839,572,0,197,407,3418,49,0
15.198078,4.330000,112.000,42.151000,1.891000,124.241375,3845,572,0,196,406,3416,49,0
15.210512,12.434000,112.000,42.151000,1.891000,124.241856,3845,572,0,196,406,3416,49,0
15.219999,9.487000,112.000,42.151000,1.891000,124.245628,3851,572,0,194,404,3412,49,0
15.222256,2.257000,112.000,42.151000,1.891000,124.246109,3851,572,0,193,403,3410,49,0
15.236549,14.293000,112.000,42.151000,1.891000,124.236099,3847,568,0,193,403,3410,49,0
15.239154,2.605000,112.000,42.151000,1.891000,124.232231,3840,568,0,193,403,3410,49,0
15.254073,14.919000,112.000,42.151000,1.891000,124.232780,3834,568,0,191,401,3406,49,5
15.260509,6.436000,112.000,42.151000,1.891000,124.233177,3834,568,0,190,400,3404,49,5
15.266027,5.518000,112.000,42.151000,1.891000,124.234344,3837,567,0,189,399,3402,49,6
15.277061,11.034000,112.000,42.151000,1.891000,124.217903,3826,562,0,190,399,3402,49,6
15.281918,4.857000,112.000,42.151000,1.891000,124.216846,3825,561,0,190,399,3402,49,6
15.293889,11.971000,112.000,42.151000,1.891000,124.267918,3822,561,0,232,461,3526,49,6
15.299457,5.568000,112.000,42.151000,1.891000,124.272369,3861,555,0,232,461,3526,49,0
15.310430,10.973000,112.000,42.151000,1.891000,124.236023,3831,555,0,201,425,3454,49,0
15.314616,4.186000,112.000,42.151000,1.891000,124.236473,3831,555,0,201,425,3454,49,0
15.327072,12.456000,112.000,42.151000,1.891000,124.236954,3831,555,0,201,425,3454,49,0
15.330971,3.899000,112.000,42.151000,1.891000,124.237312,3831,555,0,201,425,3454,49,0
15.343901,12.930000,112.000,42.151000,1.891000,124.237793,3831,555,0,201,425,3454,49,0
15.348562,4.661000,112.000,42.151000,1.891000,124.239922,3834,555,0,201,425,3454,49,0
15.360541,11.979000,112.000,42.151000,1.891000,124.240402,3834,555,0,201,425,3454,49,0
15.364914,4.373000,112.000,42.151000,1.891000,124.240845,3834,555,0,201,425,3454,49,0
15.377102,12.188000,112.000,42.151000,1.891000,124.241325,3834,555,0,201,425,3454,49,0
15.381344,4.242000,112.000,42.151000,1.891000,124.241833,3834,555,0,201,425,3454,49,0
15.393901,12.557000,112.000,42.151000,1.891000,124.242313,3834,555,0,201,425,3454,49,0
15.398721,4.820000,112.000,42.151000,1.891000,124.242825,3834,555,0,201,425,3454,49,0
15.410532,11.811000,112.000,42.151000,1.891000,124.243305,3834,555,0,201,425,3454,49,0
15.415607,5.075000,112.000,42.151000,1.891000,124.242130,3831,555,0,201,425,3454,49,0
15.427065,11.458000,112.000,42.151000,1.891000,124.242558,3831,555,0,201,425,3454,49,0
15.430921,3.856000,112.000,42.151000,1.891000,124.238705,3829,555,0,199,402,3408,49,0
15.443890,12.969000,112.000,42.151000,1.891000,124.239185,3829,555,0,199,402,3408,49,0
15.448430,4.540000,112.000,42.151000,1.891000,124.236324,3823,555,0,198,401,3406,49,0
15.460620,12.190000,112.000,42.151000,1.891000,124.206669,3823,555,0,198,401,3406,49,0
15.465121,4.501000,112.000,42.151000,1.891000,124.205460,3820,555,0,192,395,3394,49,0
15.477043,11.922000,112.000,42.151000,1.891000,124.205940,3820,555,0,192,395,3394,49,0
15.481200,4.157000,112.000,42.151000,1.891000,124.208096,3823,555,0,192,395,3394,49,0
15.493728,12.528000,112.000,42.151000,1.891000,124.208496,3823,555,0,192,395,3394,49,0
15.498290,4.562000,112.000,42.151000,1.891000,124.208927,3823,555,0,192,395,3394,49,0
15.510447,12.157000,112.000,42.151000,1.891000,124.209362,3823,555,0,192,395,3394,49,0
15.514635,4.188000,112.000,42.151000,1.891000,124.214191,3830,555,0,192,395,3394,49,0
15.527069,12.434000,112.000,42.151000,1.891000,124.214672,3830,555,0,191,394,3392,49,0
15.531371,4.302000,112.000,42.151000,1.891000,124.203144,3822,552,0,191,394,3392,49,0
15.543911,12.540000,112.000,42.151000,1.891000,124.199932,3816,552,0,190,393,3390,49,0
15.548793,4.882000,112.000,42.151000,1.891000,124.189880,3811,549,0,190,393,3390,49,0
15.560417,11.624000,112.000,42.151000,1.891000,124.186668,3805,549,0,184,387,3378,49,0
15.564667,4.250000,112.000,42.151000,1.891000,124.123684,3775,531,0,184,387,3378,49,0
15.607187,42.520000,112.000,42.151000,1.891000,124.265068,3876,540,0,229,469,3542,49,0
15.610441,3.254000,112.000,42.151000,1.891000,124.263908,3873,540,0,229,469,3542,49,0
15.614368,3.927000,112.000,42.151000,1.891000,124.206406,3768,540,0,229,469,3542,49,0
15.627073,12.705000,112.000,42.151000,1.891000,124.205246,3765,540,0,229,469,3542,49,0
15.630924,3.851000,112.000,42.151000,1.891000,124.207378,3768,540,0,221,461,3526,49,0
15.643872,12.948000,112.000,42.151000,1.891000,124.203968,3768,540,0,221,461,3526,49,0
15.647889,4.017000,112.000,42.151000,1.891000,124.206123,3771,540,0,221,461,3526,49,0
15.660401,12.512000,112.000,42.151000,1.891000,124.206604,3771,540,0,221,461,3526,49,0
15.664268,3.867000,113.000,41.498000,1.868000,124.207024,3771,540,0,221,461,3526,49,0
15.677018,12.750000,113.000,41.498000,1.868000,124.204224,3765,540,0,221,461,3526,49,0
15.680783,3.765000,113.000,41.498000,1.868000,124.204720,3765,540,0,221,461,3526,49,0
15.694981,14.198000,113.000,41.498000,1.868000,124.205093,3765,540,0,221,461,3526,49,0
15.697584,2.603000,113.000,41.498000,1.868000,124.205574,3765,540,0,221,461,3526,49,0
15.711444,13.860000,113.000,41.498000,1.868000,124.206055,3765,540,0,221,461,3526,49,0
15.718687,7.243000,113.000,41.498000,1.868000,124.203979,3761,540,0,221,461,3526,49,0
15.723291,4.604000,113.000,41.498000,1.868000,124.200085,3759,540,0,220,425,3454,49,0
15.735105,11.814000,113.000,41.498000,1.868000,124.200565,3759,540,0,220,425,3454,49,0
15.745088,9.983000,113.000,41.498000,1.868000,124.156868,3762,540,0,220,425,3454,49,0
15.747679,2.591000,113.000,41.498000,1.868000,124.157349,3762,540,0,220,425,3454,49,0
15.761870,14.191000,113.000,41.498000,1.868000,124.158035,3762,540,0,220,425,3454,49,0
15.764384,2.514000,113.000,41.498000,1.868000,124.158470,3762,540,0,220,425,3454,49,0
15.778562,14.178000,113.000,41.498000,1.868000,124.158947,3762,540,0,220,425,3454,49,0
15.781193,2.631000,113.000,41.498000,1.868000,124.159428,3762,540,0,220,425,3454,49,0
15.795652,14.459000,113.000,41.498000,1.868000,124.159954,3762,540,0,220,425,3454,49,0
15.798444,2.792000,113.000,41.498000,1.868000,124.159794,3762,540,0,220,425,3454,49,0
15.812749,14.305000,113.000,41.498000,1.868000,124.279560,3836,572,0,220,425,3454,49,0
15.815919,3.170000,113.000,41.498000,1.868000,124.285854,3836,572,0,228,440,3484,49,0
15.828317,12.398000,113.000,41.498000,1.868000,124.286282,3836,572,0,226,438,3480,49,0
15.830563,2.246000,113.000,41.498000,1.868000,124.286762,3836,572,0,226,438,3480,49,0
15.846076,15.513000,113.000,41.498000,1.868000,124.276783,3832,568,0,225,437,3478,49,0
15.848670,2.594000,113.000,41.498000,1.868000,124.272915,3825,568,0,225,437,3478,49,0
15.862158,13.488000,113.000,41.498000,1.868000,124.271694,3822,568,0,223,435,3474,49,0
15.864152,1.994000,113.000,41.498000,1.868000,124.272175,3822,568,0,222,434,3472,49,0
15.878339,14.187000,113.000,41.498000,1.868000,124.270931,3819,568,0,222,434,3472,49,0
15.880166,1.827000,113.000,41.498000,1.868000,124.255878,3810,563,0,221,433,3470,49,0
15.895832,15.666000,113.000,41.498000,1.868000,124.250011,3800,563,0,221,433,3470,49,0
15.900323,4.491000,113.000,41.498000,1.868000,124.288776,3802,563,0,230,463,3530,49,0
15.912382,12.059000,113.000,41.498000,1.868000,124.290943,3805,563,0,230,463,3530,49,0
15.914565,2.183000,113.000,41.498000,1.868000,124.271969,3805,563,0,190,423,3450,49,0
15.927977,13.412000,113.000,41.498000,1.868000,124.272449,3805,563,0,190,423,3450,49,0
15.929862,1.885000,113.000,41.498000,1.868000,124.272930,3805,563,0,190,423,3450,49,0
15.944981,15.119000,113.000,41.498000,1.868000,124.273411,3805,563,0,190,423,3450,49,0
15.947598,2.617000,113.000,41.498000,1.868000,124.272251,3802,563,0,190,423,3450,49,0
15.962135,14.537000,113.000,41.498000,1.868000,124.274471,3805,563,0,190,423,3450,49,0
15.964858,2.723000,113.000,41.498000,1.868000,124.273312,3802,563,0,190,423,3450,49,0
15.978190,13.332000,113.000,41.498000,1.868000,124.273815,3802,563,0,190,423,3450,49,0
15.980685,2.495000,113.000,41.498000,1.868000,124.274250,3802,563,0,190,423,3450,49,0
15.995930,15.245000,113.000,41.498000,1.868000,124.276375,3805,563,0,190,423,3450,49,0
15.999094,3.164000,113.000,41.498000,1.868000,124.276810,3805,563,0,190,423,3450,49,0
16.012492,13.398000,113.000,41.498000,1.868000,124.277290,3805,563,0,190,423,3450,49,0
16.015779,3.287000,113.000,41.498000,1.868000,124.277771,3805,563,0,190,423,3450,49,0
16.028386,12.607000,113.000,41.498000,1.868000,124.281578,3811,563,0,190,423,3450,49,0
16.030994,2.608000,113.000,41.498000,1.868000,124.282059,3811,563,0,190,423,3450,49,0
16.045619,14.625000,113.000,41.498000,1.868000,124.282524,3811,563,0,189,401,3406,49,0
16.049010,3.391000,113.000,41.498000,1.868000,124.278542,3809,563,0,189,401,3406,49,0
16.062513,13.503000,113.000,41.498000,1.868000,124.279053,3809,563,0,189,401,3406,49,0
16.065775,3.262000,113.000,41.498000,1.868000,124.249443,3809,563,0,189,401,3406,49,0
16.078628,12.853000,113.000,41.498000,1.868000,124.249973,3809,563,0,189,401,3406,49,0
16.080920,2.292000,113.000,41.498000,1.868000,124.250454,3809,563,0,189,401,3406,49,0
16.096716,15.796000,113.000,41.498000,1.868000,124.252552,3812,563,0,189,401,3406,49,0
16.099414,2.698000,113.000,41.498000,1.868000,124.253033,3812,563,0,189,401,3406,49,0
16.113104,13.690000,113.000,41.498000,1.868000,124.256783,3818,563,0,189,401,3406,49,0
16.115738,2.634000,113.000,41.498000,1.868000,124.257263,3818,563,0,189,401,3406,49,0
16.128364,12.626000,113.000,41.498000,1.868000,124.263691,3828,563,0,189,401,3406,49,0
16.130347,1.983000,113.000,41.498000,1.868000,124.264172,3828,563,0,189,401,3406,49,0
16.146377,16.030000,113.000,41.498000,1.868000,124.263042,3825,563,0,189,401,3406,49,0
16.149112,2.735000,113.000,41.498000,1.868000,124.263523,3825,563,0,189,401,3406,49,0
16.162773,13.661000,113.000,41.498000,1.868000,124.263973,3825,563,0,189,401,3406,49,0
16.165369,2.596000,113.000,41.498000,1.868000,124.264454,3825,563,0,189,401,3406,49,0
16.178249,12.880000,113.000,41.498000,1.868000,124.264881,3825,563,0,189,401,3406,49,0
16.227680,49.431000,113.000,41.498000,1.868000,124.430397,3962,572,0,238,487,3578,49,0
16.232700,5.020000,113.000,41.498000,1.868000,124.429039,3959,572,0,238,485,3574,49,0
16.244728,12.028000,113.000,41.498000,1.868000,124.368752,3849,572,0,238,485,3574,49,0
16.248129,3.401000,113.000,41.498000,1.868000,124.369232,3849,572,0,238,485,3574,49,0
16.260529,12.400000,113.000,41.498000,1.868000,124.366432,3843,572,0,238,485,3574,49,0
16.264738,4.209000,113.000,41.498000,1.868000,124.368671,3846,572,0,238,485,3574,49,0
16.277013,12.275000,113.000,41.498000,1.868000,124.369152,3846,572,0,238,485,3574,49,0
16.280959,3.946000,113.000,41.498000,1.868000,124.372932,3852,572,0,238,485,3574,49,0
16.293911,12.952000,113.000,41.498000,1.868000,124.373413,3852,572,0,238,485,3574,49,0
16.298134,4.223000,113.000,41.498000,1.868000,124.377220,3858,572,0,238,485,3574,49,0
16.310595,12.461000,113.000,41.498000,1.868000,124.377701,3858,572,0,238,485,3574,49,0
16.314661,4.066000,113.000,41.498000,1.868000,124.377350,3857,572,0,238,485,3574,49,0
16.327025,12.364000,113.000,41.498000,1.868000,124.376137,3854,572,0,237,449,3502,49,0
16.330721,3.696000,113.000,41.498000,1.868000,124.372208,3852,572,0,237,449,3502,49,0
16.343874,13.153000,113.000,41.498000,1.868000,124.323559,3846,572,0,237,449,3502,49,0
16.348424,4.550000,113.000,41.498000,1.868000,124.324104,3846,572,0,237,449,3502,49,0
16.360830,12.406000,113.000,41.498000,1.868000,124.324585,3846,572,0,237,449,3502,49,0
16.364898,4.068000,113.000,41.498000,1.868000,124.326729,3849,572,0,237,449,3502,49,0
16.377046,12.148000,113.000,41.498000,1.868000,124.327209,3849,572,0,237,449,3502,49,0
16.381345,4.299000,113.000,41.498000,1.868000,124.329388,3852,572,0,237,449,3502,49,0
16.393885,12.540000,113.000,41.498000,1.868000,124.329868,3852,572,0,237,449,3502,49,0
16.398588,4.703000,113.000,41.498000,1.868000,124.329689,3852,572,0,237,449,3502,49,0
16.410535,11.947000,113.000,41.498000,1.868000,124.326668,3846,572,0,237,449,3502,49,0
16.414746,4.211000,113.000,41.498000,1.868000,124.327011,3846,572,0,236,448,3500,49,0
16.427136,12.390000,113.000,41.498000,1.868000,124.327492,3846,572,0,236,448,3500,49,0
16.431465,4.329000,113.000,41.498000,1.868000,124.329647,3849,572,0,234,446,3496,49,0
16.443734,12.269000,113.000,41.498000,1.868000,124.319714,3845,568,0,233,445,3494,49,0
16.447921,4.187000,113.000,41.498000,1.868000,124.317833,3838,568,0,233,445,3494,49,3
16.460501,12.580000,113.000,41.498000,1.868000,124.318314,3838,568,0,232,444,3492,49,3
16.465479,4.978000,113.000,41.498000,1.868000,124.322426,3844,567,0,231,443,3490,49,6
16.477128,11.649000,113.000,41.498000,1.868000,124.319565,3839,567,0,231,442,3488,49,6
16.482147,5.019000,113.000,41.498000,1.868000,124.307594,3836,561,0,230,441,3486,49,6
16.493776,11.629000,113.000,41.498000,1.868000,124.298500,3821,561,0,231,441,3486,49,6
16.498357,4.581000,113.000,41.498000,1.868000,124.301338,3857,555,0,231,441,3486,49,0
16.510554,12.197000,113.000,41.498000,1.868000,124.313972,3826,555,0,237,462,3528,49,0
16.515071,4.517000,113.000,41.498000,1.868000,124.314507,3826,555,0,229,454,3512,49,0
16.527072,12.001000,113.000,41.498000,1.868000,124.311096,3826,555,0,229,454,3512,49,0
16.531086,4.014000,113.000,41.498000,1.868000,124.308289,3820,555,0,229,454,3512,49,0
16.543880,12.794000,113.000,41.498000,1.868000,124.308769,3820,555,0,229,454,3512,49,0
16.548240,4.360000,113.000,41.498000,1.868000,124.307533,3817,555,0,229,454,3512,49,0
16.560480,12.240000,113.000,41.498000,1.868000,124.307968,3817,555,0,229,454,3512,49,0
16.564689,4.209000,113.000,41.498000,1.868000,124.310104,3820,555,0,229,454,3512,49,0
16.577100,12.411000,113.000,41.498000,1.868000,124.310585,3820,555,0,229,454,3512,49,0
16.581470,4.370000,113.000,41.498000,1.868000,124.311028,3820,555,0,229,454,3512,49,0
16.593741,12.271000,113.000,41.498000,1.868000,124.311462,3820,555,0,229,454,3512,49,0
16.598204,4.463000,113.000,41.498000,1.868000,124.310333,3817,555,0,229,454,3512,49,0
16.610529,12.325000,113.000,41.498000,1.868000,124.310814,3817,555,0,229,454,3512,49,0
16.614678,4.149000,113.000,41.498000,1.868000,124.309593,3814,555,0,229,454,3512,49,0
16.627057,12.379000,113.000,41.498000,1.868000,124.310074,3814,555,0,229,454,3512,49,0
16.631418,4.361000,113.000,41.498000,1.868000,124.310539,3814,555,0,228,453,3510,49,0
16.643931,12.513000,113.000,41.498000,1.868000,124.310966,3814,555,0,228,453,3510,49,0
16.648608,4.677000,113.000,41.498000,1.868000,124.307022,3812,555,0,226,431,3466,49,0
16.660482,11.874000,113.000,41.498000,1.868000,124.307503,3812,555,0,226,431,3466,49,0
16.664672,4.190000,115.000,47.671000,2.797000,124.306358,3809,555,0,220,425,3454,49,0
16.677134,12.462000,115.000,47.671000,2.797000,124.278046,3809,555,0,220,425,3454,49,0
16.681565,4.431000,115.000,47.671000,2.797000,124.278641,3809,555,0,220,425,3454,49,0
16.693819,12.254000,115.000,47.671000,2.797000,124.279121,3809,555,0,220,425,3454,49,0
16.698342,4.523000,115.000,47.671000,2.797000,124.279655,3809,555,0,220,425,3454,49,0
16.710382,12.040000,115.000,47.671000,2.797000,124.280136,3809,555,0,220,425,3454,49,0
16.720162,9.780000,115.000,47.671000,2.797000,124.282227,3812,555,0,220,425,3454,49,0
16.722563,2.401000,115.000,47.671000,2.797000,124.282707,3812,555,0,219,424,3452,49,0
16.736655,14.092000,115.000,47.671000,2.797000,124.278725,3817,552,0,219,424,3452,49,0
16.739370,2.715000,115.000,47.671000,2.797000,124.275513,3811,552,0,218,423,3450,49,0
16.753895,14.525000,115.000,47.671000,2.797000,124.262135,3800,549,0,218,423,3450,49,0
16.760511,6.616000,115.000,47.671000,2.797000,124.258923,3794,549,0,212,417,3438,49,0
16.765346,4.835000,115.000,47.671000,2.797000,124.195808,3764,531,0,212,417,3438,49,0
16.777008,11.662000,115.000,47.671000,2.797000,124.174133,3728,531,0,212,417,3438,49,0
16.780977,3.969000,115.000,47.671000,2.797000,124.174599,3728,531,0,212,417,3438,49,0
16.825325,44.348000,115.000,47.671000,2.797000,124.326225,3868,540,0,229,471,3546,49,0
16.830641,5.316000,115.000,47.671000,2.797000,124.326580,3868,540,0,229,469,3542,49,0
16.843854,13.213000,115.000,47.671000,2.797000,124.266300,3758,540,0,229,469,3542,49,0
16.848201,4.347000,115.000,47.671000,2.797000,124.266804,3758,540,0,193,433,3470,49,0
16.861370,13.169000,115.000,47.671000,2.797000,124.249775,3758,540,0,193,433,3470,49,0
16.863773,2.403000,115.000,47.671000,2.797000,124.250210,3758,540,0,193,433,3470,49,0
16.877942,14.169000,115.000,47.671000,2.797000,124.250690,3758,540,0,193,433,3470,49,0
16.881233,3.291000,115.000,47.671000,2.797000,124.251171,3758,540,0,193,433,3470,49,0
16.893853,12.620000,115.000,47.671000,2.797000,124.251652,3758,540,0,193,433,3470,49,0
16.898186,4.333000,115.000,47.671000,2.797000,124.252132,3758,540,0,193,433,3470,49,0
16.910534,12.348000,115.000,47.671000,2.797000,124.252613,3758,540,0,193,433,3470,49,0
16.914872,4.338000,115.000,47.671000,2.797000,124.253094,3758,540,0,193,433,3470,49,0
16.926978,12.106000,115.000,47.671000,2.797000,124.251072,3754,540,0,193,433,3470,49,0
16.930551,3.573000,115.000,47.671000,2.797000,124.250004,3751,540,0,192,397,3398,49,0
16.943902,13.351000,115.000,47.671000,2.797000,124.246021,3749,540,0,192,397,3398,49,0
16.947958,4.056000,115.000,47.671000,2.797000,124.244839,3746,540,0,192,397,3398,49,0
16.960516,12.558000,115.000,47.671000,2.797000,124.199471,3746,540,0,192,397,3398,49,0
16.965008,4.492000,115.000,47.671000,2.797000,124.200096,3746,540,0,192,397,3398,49,0
16.977031,12.023000,115.000,47.671000,2.797000,124.200577,3746,540,0,192,397,3398,49,0
16.981082,4.051000,115.000,47.671000,2.797000,124.202969,3749,540,0,192,397,3398,49,0
16.993828,12.746000,115.000,47.671000,2.797000,124.203449,3749,540,0,192,397,3398,49,0
16.998837,5.009000,115.000,47.671000,2.797000,124.326675,3829,572,0,192,397,3398,49,0
17.010444,11.607000,115.000,47.671000,2.797000,124.332329,3829,572,0,201,413,3430,49,0
17.015378,4.934000,115.000,47.671000,2.797000,124.329193,3823,572,0,201,413,3430,49,0
17.027089,11.711000,115.000,47.671000,2.797000,124.328033,3820,572,0,200,412,3428,49,0
17.031839,4.750000,115.000,47.671000,2.797000,124.330181,3823,572,0,200,412,3428,49,0
17.043920,12.081000,115.000,47.671000,2.797000,124.330662,3823,572,0,198,410,3424,49,0
17.048112,4.192000,115.000,47.671000,2.797000,124.329376,3820,572,0,197,409,3422,49,0
17.060539,12.427000,115.000,47.671000,2.797000,124.319443,3816,568,0,197,409,3422,49,0
17.064932,4.393000,115.000,47.671000,2.797000,124.317234,3812,568,0,197,409,3422,49,0
17.077067,12.135000,115.000,47.671000,2.797000,124.317715,3812,568,0,195,407,3418,49,0
17.081254,4.187000,115.000,47.671000,2.797000,124.318253,3812,568,0,194,406,3416,49,0
17.093764,12.510000,115.000,47.671000,2.797000,124.303200,3803,563,0,193,405,3414,49,0
17.097988,4.224000,115.000,47.671000,2.797000,124.300640,3799,563,0,193,405,3414,49,0
17.110419,12.431000,115.000,47.671000,2.797000,124.351723,3801,563,0,230,462,3528,49,0
17.114682,4.263000,115.000,47.671000,2.797000,124.352146,3801,563,0,230,462,3528,49,0
17.127048,12.366000,115.000,47.671000,2.797000,124.352627,3801,563,0,230,462,3528,49,0
17.131156,4.108000,115.000,47.671000,2.797000,124.353077,3801,563,0,230,462,3528,49,0
17.143935,12.779000,115.000,47.671000,2.797000,124.353558,3801,563,0,230,462,3528,49,0
17.148157,4.222000,115.000,47.671000,2.797000,124.354015,3801,563,0,230,462,3528,49,0
17.160514,12.357000,115.000,47.671000,2.797000,124.354496,3801,563,0,230,462,3528,49,0
17.164762,4.248000,115.000,47.671000,2.797000,124.356667,3804,563,0,230,462,3528,49,0
17.177008,12.246000,115.000,47.671000,2.797000,124.357147,3804,563,0,230,462,3528,49,0
17.181025,4.017000,115.000,47.671000,2.797000,124.360947,3810,563,0,230,462,3528,49,0
17.193871,12.846000,115.000,47.671000,2.797000,124.361427,3810,563,0,230,462,3528,49,0
17.198109,4.238000,115.000,47.671000,2.797000,124.361816,3810,563,0,230,462,3528,49,0
17.210428,12.319000,115.000,47.671000,2.797000,124.362297,3810,563,0,230,462,3528,49,0
17.214401,3.973000,115.000,47.671000,2.797000,124.361153,3807,563,0,230,462,3528,49,0
17.227005,12.604000,115.000,47.671000,2.797000,124.361633,3807,563,0,230,462,3528,49,0
17.230968,3.963000,115.000,47.671000,2.797000,124.362411,3807,563,0,230,462,3528,49,0
17.243671,12.703000,115.000,47.671000,2.797000,124.358429,3805,563,0,230,462,3528,49,0
17.247947,4.276000,115.000,47.671000,2.797000,124.358841,3805,563,0,229,441,3486,49,0
17.260369,12.422000,115.000,47.671000,2.797000,124.359322,3805,563,0,229,441,3486,49,0
17.264357,3.988000,115.000,47.671000,2.797000,124.358162,3802,563,0,229,441,3486,49,0
17.277008,12.651000,115.000,47.671000,2.797000,124.329849,3802,563,0,229,441,3486,49,0
17.281114,4.106000,115.000,47.671000,2.797000,124.330452,3802,563,0,229,441,3486,49,0
17.293834,12.720000,115.000,47.671000,2.797000,124.330933,3802,563,0,229,441,3486,49,0
17.298491,4.657000,115.000,47.671000,2.797000,124.329712,3799,563,0,229,441,3486,49,0
17.310440,11.949000,115.000,47.671000,2.797000,124.330193,3799,563,0,229,441,3486,49,0
17.314508,4.068000,115.000,47.671000,2.797000,124.332256,3802,563,0,229,441,3486,49,0
17.327019,12.511000,115.000,47.671000,2.797000,124.332737,3802,563,0,229,441,3486,49,0
17.330872,3.853000,115.000,47.671000,2.797000,124.329933,3796,563,0,229,441,3486,49,0
17.343828,12.956000,115.000,47.671000,2.797000,124.336418,3806,563,0,229,441,3486,49,0
17.348671,4.843000,115.000,47.671000,2.797000,124.338573,3809,563,0,229,441,3486,49,0
17.360553,11.882000,115.000,47.671000,2.797000,124.339054,3809,563,0,229,441,3486,49,0
17.365163,4.610000,115.000,47.671000,2.797000,124.342827,3815,563,0,229,441,3486,49,0
17.377061,11.898000,115.000,47.671000,2.797000,124.343307,3815,563,0,229,441,3486,49,0
17.381777,4.716000,115.000,47.671000,2.797000,124.347206,3821,563,0,229,441,3486,49,0
17.393840,12.063000,115.000,47.671000,2.797000,124.347687,3821,563,0,229,441,3486,49,0
17.434542,40.702000,115.000,47.671000,2.797000,124.490784,3953,572,0,238,485,3574,49,0
17.439189,4.647000,115.000,47.671000,2.797000,124.491085,3953,572,0,238,483,3570,49,0
17.453059,13.870000,115.000,47.671000,2.797000,124.412426,3845,572,0,198,443,3490,49,0
17.460456,7.397000,115.000,47.671000,2.797000,124.412907,3845,572,0,198,443,3490,49,0
17.464601,4.145000,115.000,47.671000,2.797000,124.415039,3848,572,0,198,443,3490,49,0
17.477020,12.419000,115.000,47.671000,2.797000,124.415520,3848,572,0,198,443,3490,49,0
17.480675,3.655000,115.000,47.671000,2.797000,124.416023,3848,572,0,198,443,3490,49,0
17.493722,13.047000,115.000,47.671000,2.797000,124.416504,3848,572,0,198,443,3490,49,0
17.498037,4.315000,115.000,47.671000,2.797000,124.416985,3848,572,0,198,443,3490,49,0
17.510514,12.477000,115.000,47.671000,2.797000,124.417465,3848,572,0,198,443,3490,49,0
17.514606,4.092000,115.000,47.671000,2.797000,124.419617,3851,572,0,198,443,3490,49,0
17.527031,12.425000,115.000,47.671000,2.797000,124.420097,3851,572,0,198,443,3490,49,0
17.530819,3.788000,115.000,47.671000,2.797000,124.418076,3847,572,0,198,443,3490,49,0
17.543771,12.952000,115.000,47.671000,2.797000,124.418503,3847,572,0,197,407,3418,49,0
17.547137,3.366000,115.000,47.671000,2.797000,124.414585,3845,572,0,197,407,3418,49,0
17.560532,13.395000,115.000,47.671000,2.797000,124.415066,3845,572,0,197,407,3418,49,0
17.564683,4.151000,115.000,47.671000,2.797000,124.369827,3845,572,0,197,407,3418,49,0
17.577007,12.324000,115.000,47.671000,2.797000,124.370308,3845,572,0,197,407,3418,49,0
17.580788,3.781000,115.000,47.671000,2.797000,124.369156,3842,572,0,197,407,3418,49,0
17.593873,13.085000,115.000,47.671000,2.797000,124.369637,3842,572,0,197,407,3418,49,0
17.598313,4.440000,115.000,47.671000,2.797000,124.370121,3842,572,0,197,407,3418,49,0
17.610526,12.213000,115.000,47.671000,2.797000,124.370602,3842,572,0,197,407,3418,49,0
17.614799,4.273000,115.000,47.671000,2.797000,124.367210,3836,572,0,197,407,3418,49,0
17.627228,12.429000,115.000,47.671000,2.797000,124.364189,3830,572,0,197,407,3418,49,0
17.632126,4.898000,115.000,47.671000,2.797000,124.362984,3827,572,0,196,406,3416,49,0
17.643894,11.768000,115.000,47.671000,2.797000,124.363464,3827,572,0,196,406,3416,49,0
17.648426,4.532000,115.000,47.671000,2.797000,124.367092,3830,572,0,194,404,3412,49,2
17.660534,12.108000,115.000,47.671000,2.797000,124.367573,3830,572,0,193,403,3410,49,2
17.665133,4.599000,112.000,43.257000,1.760000,124.361855,3832,567,0,193,403,3410,49,6
17.677103,11.970000,112.000,43.257000,1.760000,124.354729,3820,567,0,194,403,3410,49,6
17.681882,4.779000,112.000,43.257000,1.760000,124.356689,3823,566,0,192,401,3406,49,6
17.693677,11.795000,112.000,43.257000,1.760000,124.353828,3818,566,0,192,400,3404,49,6
17.698342,4.665000,112.000,43.257000,1.760000,124.354851,3851,560,0,191,399,3402,49,0
17.710567,12.225000,112.000,43.257000,1.760000,124.320709,3812,555,0,196,399,3402,49,0
17.714882,4.315000,112.000,43.257000,1.760000,124.314827,3802,555,0,196,399,3402,49,0
17.726993,12.111000,112.000,43.257000,1.760000,124.367886,3804,555,0,237,460,3524,49,0
17.730702,3.709000,112.000,43.257000,1.760000,124.350948,3804,555,0,201,424,3452,49,0
17.743889,13.187000,112.000,43.257000,1.760000,124.351429,3804,555,0,201,424,3452,49,0
17.748141,4.252000,112.000,43.257000,1.760000,124.350285,3801,555,0,201,424,3452,49,0
17.760495,12.354000,112.000,43.257000,1.760000,124.350765,3801,555,0,201,424,3452,49,0
17.764788,4.293000,112.000,43.257000,1.760000,124.351246,3801,555,0,201,424,3452,49,0
17.777013,12.225000,112.000,43.257000,1.760000,124.351727,3801,555,0,201,424,3452,49,0
17.781063,4.050000,112.000,43.257000,1.760000,124.352173,3801,555,0,201,424,3452,49,0
17.793786,12.723000,112.000,43.257000,1.760000,124.352654,3801,555,0,201,424,3452,49,0
17.798405,4.619000,112.000,43.257000,1.760000,124.354824,3804,555,0,201,424,3452,49,0
17.810503,12.098000,112.000,43.257000,1.760000,124.355305,3804,555,0,201,424,3452,49,0
17.814817,4.314000,112.000,43.257000,1.760000,124.355705,3804,555,0,201,424,3452,49,0
17.827103,12.286000,112.000,43.257000,1.760000,124.356186,3804,555,0,201,424,3452,49,0
17.831697,4.594000,112.000,43.257000,1.760000,124.353340,3798,555,0,200,423,3450,49,0
17.843944,12.247000,112.000,43.257000,1.760000,124.353821,3798,555,0,200,423,3450,49,0
17.848060,4.116000,112.000,43.257000,1.760000,124.354362,3798,555,0,199,422,3448,49,0
17.860601,12.541000,112.000,43.257000,1.760000,124.354744,3798,555,0,199,422,3448,49,0
17.864515,3.914000,112.000,43.257000,1.760000,124.350830,3796,555,0,192,395,3394,49,0
17.877063,12.548000,112.000,43.257000,1.760000,124.351311,3796,555,0,192,395,3394,49,0
17.881062,3.999000,112.000,43.257000,1.760000,124.351711,3796,555,0,192,395,3394,49,0
17.893874,12.812000,112.000,43.257000,1.760000,124.323399,3796,555,0,192,395,3394,49,0
17.898412,4.538000,112.000,43.257000,1.760000,124.325626,3799,555,0,192,395,3394,49,0
17.910553,12.141000,112.000,43.257000,1.760000,124.326107,3799,555,0,192,395,3394,49,0
17.915273,4.720000,112.000,43.257000,1.760000,124.326584,3799,555,0,192,395,3394,49,0
17.927067,11.794000,112.000,43.257000,1.760000,124.327065,3799,555,0,191,394,3392,49,0
17.931279,4.212000,112.000,43.257000,1.760000,124.317146,3794,552,0,191,394,3392,49,0
17.943865,12.586000,112.000,43.257000,1.760000,124.313934,3788,552,0,190,393,3390,49,0
17.948558,4.693000,112.000,43.257000,1.760000,124.309856,3793,549,0,190,393,3390,49,0
17.960462,11.904000,112.000,43.257000,1.760000,124.306644,3787,549,0,184,387,3378,49,0
17.965403,4.941000,112.000,43.257000,1.760000,124.243576,3757,531,0,184,387,3378,49,0
17.977031,11.628000,112.000,43.257000,1.760000,124.221901,3721,531,0,184,387,3378,49,0
17.980576,3.545000,112.000,43.257000,1.760000,124.222443,3721,531,0,184,387,3378,49,0
17.993886,13.310000,112.000,43.257000,1.760000,124.222923,3721,531,0,184,387,3378,49,0
17.997924,4.038000,112.000,43.257000,1.760000,124.223404,3721,531,0,184,387,3378,49,0
18.038785,40.861000,112.000,43.257000,1.760000,124.384235,3853,540,0,229,469,3542,49,0
18.053067,14.282000,112.000,43.257000,1.760000,124.382984,3850,540,0,229,469,3542,49,0
18.060505,7.438000,112.000,43.257000,1.760000,124.323826,3742,540,0,229,469,3542,49,0
18.065028,4.523000,112.000,43.257000,1.760000,124.324306,3742,540,0,221,461,3526,49,0
18.077983,12.955000,112.000,43.257000,1.760000,124.322548,3745,540,0,221,461,3526,49,0
18.080623,2.640000,112.000,43.257000,1.760000,124.323029,3745,540,0,221,461,3526,49,0
18.094892,14.269000,112.000,43.257000,1.760000,124.323601,3745,540,0,221,461,3526,49,0
18.098505,3.613000,112.000,43.257000,1.760000,124.323990,3745,540,0,221,461,3526,49,0
18.110543,12.038000,112.000,43.257000,1.760000,124.324471,3745,540,0,221,461,3526,49,0
18.114688,4.145000,112.000,43.257000,1.760000,124.325001,3745,540,0,221,461,3526,49,0
18.126998,12.310000,112.000,43.257000,1.760000,124.323841,3742,540,0,221,461,3526,49,0
18.130811,3.813000,112.000,43.257000,1.760000,124.324322,3742,540,0,221,461,3526,49,0
18.143845,13.034000,112.000,43.257000,1.760000,124.322300,3738,540,0,221,461,3526,49,0
18.148107,4.262000,112.000,43.257000,1.760000,124.324398,3741,540,0,220,425,3454,49,0
18.160529,12.422000,112.000,43.257000,1.760000,124.320469,3739,540,0,220,425,3454,49,0
18.164645,4.116000,112.000,43.257000,1.760000,124.275085,3739,540,0,220,425,3454,49,0
18.177048,12.403000,112.000,43.257000,1.760000,124.275566,3739,540,0,220,425,3454,49,0
18.181670,4.622000,112.000,43.257000,1.760000,124.279469,3745,540,0,220,425,3454,49,0
18.193876,12.206000,112.000,43.257000,1.760000,124.279903,3745,540,0,220,425,3454,49,0
18.198681,4.805000,112.000,43.257000,1.760000,124.403374,3825,572,0,220,425,3454,49,0
18.210540,11.859000,112.000,43.257000,1.760000,124.409668,3825,572,0,229,441,3486,49,0
18.220132,9.592000,112.000,43.257000,1.760000,124.410027,3825,572,0,229,441,3486,49,0
18.222653,2.521000,112.000,43.257000,1.760000,124.409866,3825,572,0,229,441,3486,49,0
18.236336,13.683000,112.000,43.257000,1.760000,124.406830,3819,572,0,229,441,3486,49,0
18.239355,3.019000,112.000,43.257000,1.760000,124.407310,3819,572,0,228,440,3484,49,0
18.253665,14.310000,112.000,43.257000,1.760000,124.409531,3822,572,0,228,440,3484,49,0
18.260507,6.842000,112.000,43.257000,1.760000,124.410011,3822,572,0,226,438,3480,49,0
18.265298,4.791000,112.000,43.257000,1.760000,124.413853,3828,572,0,225,437,3478,49,0
18.277142,11.844000,112.000,43.257000,1.760000,124.403919,3824,568,0,225,437,3478,49,0
18.281589,4.447000,112.000,43.257000,1.760000,124.399994,3817,568,0,225,437,3478,49,0
18.293849,12.260000,112.000,43.257000,1.760000,124.400475,3817,568,0,223,435,3474,49,0
18.298788,4.939000,112.000,43.257000,1.760000,124.399216,3814,568,0,222,434,3472,49,0
18.310542,11.754000,112.000,43.257000,1.760000,124.384163,3805,563,0,221,433,3470,49,0
18.315414,4.872000,112.000,43.257000,1.760000,124.378281,3795,563,0,221,433,3470,49,0
18.327077,11.663000,112.000,43.257000,1.760000,124.378761,3795,563,0,221,433,3470,49,0
18.332138,5.061000,112.000,43.257000,1.760000,124.414986,3797,563,0,230,461,3526,49,0
18.343874,11.736000,112.000,43.257000,1.760000,124.415466,3797,563,0,190,421,3446,49,0
18.348403,4.529000,112.000,43.257000,1.760000,124.394867,3794,563,0,190,421,3446,49,0
18.360500,12.097000,112.000,43.257000,1.760000,124.395348,3794,563,0,190,421,3446,49,0
18.366206,5.706000,112.000,43.257000,1.760000,124.395744,3794,563,0,190,421,3446,49,0
18.377070,10.864000,112.000,43.257000,1.760000,124.396225,3794,563,0,190,421,3446,49,0
18.381468,4.398000,112.000,43.257000,1.760000,124.395020,3791,563,0,190,421,3446,49,0
18.393924,12.456000,112.000,43.257000,1.760000,124.395500,3791,563,0,190,421,3446,49,0
18.397904,3.980000,112.000,43.257000,1.760000,124.397610,3794,563,0,190,421,3446,49,0
18.410414,12.510000,112.000,43.257000,1.760000,124.398090,3794,563,0,190,421,3446,49,0
18.414630,4.216000,112.000,43.257000,1.760000,124.395241,3788,563,0,190,421,3446,49,0
18.427035,12.405000,112.000,43.257000,1.760000,124.395676,3788,563,0,190,421,3446,49,0
18.431292,4.257000,112.000,43.257000,1.760000,124.397888,3791,563,0,190,421,3446,49,0
18.443767,12.475000,112.000,43.257000,1.760000,124.398369,3791,563,0,190,421,3446,49,0
18.447888,4.121000,112.000,43.257000,1.760000,124.402168,3797,563,0,190,421,3446,49,0
18.460522,12.634000,112.000,43.257000,1.760000,124.402649,3797,563,0,190,421,3446,49,0
18.465189,4.667000,112.000,43.257000,1.760000,124.406441,3803,563,0,190,421,3446,49,0
18.477094,11.905000,112.000,43.257000,1.760000,124.406921,3803,563,0,189,401,3406,49,0
18.481657,4.563000,112.000,43.257000,1.760000,124.402859,3801,563,0,189,401,3406,49,0
18.493872,12.215000,112.000,43.257000,1.760000,124.403339,3801,563,0,189,401,3406,49,0
18.498135,4.263000,112.000,43.257000,1.760000,124.373039,3795,563,0,189,401,3406,49,0
18.510523,12.388000,112.000,43.257000,1.760000,124.373520,3795,563,0,189,401,3406,49,0
18.514910,4.387000,112.000,43.257000,1.760000,124.373985,3795,563,0,189,401,3406,49,0
18.527053,12.143000,112.000,43.257000,1.760000,124.374420,3795,563,0,189,401,3406,49,0
18.530765,3.712000,112.000,43.257000,1.760000,124.376564,3798,563,0,189,401,3406,49,0
18.543762,12.997000,112.000,43.257000,1.760000,124.377045,3798,563,0,189,401,3406,49,0
18.547984,4.222000,112.000,43.257000,1.760000,124.379230,3801,563,0,189,401,3406,49,0
18.560478,12.494000,112.000,43.257000,1.760000,124.385715,3811,563,0,189,401,3406,49,0
18.566078,5.600000,112.000,43.257000,1.760000,124.386253,3811,563,0,189,401,3406,49,0
18.577045,10.967000,112.000,43.257000,1.760000,124.386787,3811,563,0,189,401,3406,49,0
18.581286,4.241000,112.000,43.257000,1.760000,124.387268,3811,563,0,189,401,3406,49,0
18.593873,12.587000,112.000,43.257000,1.760000,124.387749,3811,563,0,189,401,3406,49,0
18.598664,4.791000,112.000,43.257000,1.760000,124.389847,3814,563,0,189,401,3406,49,0
18.610490,11.826000,112.000,43.257000,1.760000,124.390327,3814,563,0,189,401,3406,49,0
18.650557,40.067000,112.000,43.257000,1.760000,124.554626,3949,572,0,238,487,3578,49,0
18.656011,5.454000,112.000,43.257000,1.760000,124.554924,3949,572,0,238,485,3574,49,0
18.669479,13.468000,112.000,39.910000,2.682000,124.495766,3841,572,0,238,485,3574,49,0
18.676954,7.475000,112.000,39.910000,2.682000,124.494606,3838,572,0,238,485,3574,49,0
18.680878,3.924000,112.000,39.910000,2.682000,124.495129,3838,572,0,238,485,3574,49,0
18.693903,13.025000,112.000,39.910000,2.682000,124.492329,3832,572,0,238,485,3574,49,0
18.698029,4.126000,112.000,39.910000,2.682000,124.492741,3832,572,0,238,485,3574,49,0
18.710524,12.495000,112.000,39.910000,2.682000,124.493221,3832,572,0,238,485,3574,49,0
18.719528,9.004000,112.000,39.910000,2.682000,124.492062,3829,572,0,238,485,3574,49,0
18.722165,2.637000,112.000,39.910000,2.682000,124.492542,3829,572,0,238,485,3574,49,0
18.736691,14.526000,112.000,39.910000,2.682000,124.494785,3832,572,0,238,485,3574,49,0
18.739771,3.080000,112.000,39.910000,2.682000,124.495266,3832,572,0,238,485,3574,49,0
18.753307,13.536000,112.000,39.910000,2.682000,124.493244,3828,572,0,238,485,3574,49,0
18.760487,7.180000,112.000,39.910000,2.682000,124.493671,3828,572,0,237,449,3502,49,0
18.764706,4.219000,112.000,39.910000,2.682000,124.488102,3823,572,0,237,449,3502,49,0
18.776992,12.286000,112.000,39.910000,2.682000,124.488583,3823,572,0,237,449,3502,49,0
18.781147,4.155000,112.000,39.910000,2.682000,124.441704,3820,572,0,237,449,3502,49,0
18.793916,12.769000,112.000,39.910000,2.682000,124.442184,3820,572,0,237,449,3502,49,0
18.798166,4.250000,112.000,39.910000,2.682000,124.442650,3820,572,0,237,449,3502,49,0
18.810513,12.347000,112.000,39.910000,2.682000,124.443130,3820,572,0,237,449,3502,49,0
18.815352,4.839000,112.000,39.910000,2.682000,124.443733,3820,572,0,237,449,3502,49,0
18.826965,11.613000,112.000,39.910000,2.682000,124.444214,3820,572,0,237,449,3502,49,0
18.831121,4.156000,112.000,39.910000,2.682000,124.442413,3817,572,0,237,449,3502,49,0
18.843891,12.770000,112.000,39.910000,2.682000,124.439392,3811,572,0,237,449,3502,49,0
18.848229,4.338000,112.000,39.910000,2.682000,124.439732,3808,572,0,236,448,3500,49,2
18.860487,12.258000,112.000,39.910000,2.682000,124.440212,3808,572,0,236,448,3500,49,2
18.865559,5.072000,112.000,39.910000,2.682000,124.447189,3817,571,0,234,446,3496,49,7
18.877058,11.499000,112.000,39.910000,2.682000,124.444412,3812,571,0,234,445,3494,49,7
18.881810,4.752000,112.000,39.910000,2.682000,124.438534,3817,566,0,234,445,3494,49,6
18.893877,12.067000,112.000,39.910000,2.682000,124.431362,3805,566,0,235,445,3494,49,6
18.898158,4.281000,112.000,39.910000,2.682000,124.434258,3841,560,0,233,443,3490,49,0
18.910515,12.357000,112.000,39.910000,2.682000,124.415337,3811,560,0,237,442,3488,49,0
18.915222,4.707000,112.000,39.910000,2.682000,124.400223,3802,555,0,236,441,3486,49,0
18.927076,11.854000,112.000,39.910000,2.682000,124.391106,3786,555,0,236,441,3486,49,0
18.931227,4.151000,112.000,39.910000,2.682000,124.391685,3786,555,0,236,441,3486,49,0
18.943902,12.675000,112.000,39.910000,2.682000,124.424015,3788,555,0,237,461,3526,49,0
18.948079,4.177000,112.000,39.910000,2.682000,124.424511,3788,555,0,237,461,3526,49,0
18.960497,12.418000,112.000,39.910000,2.682000,124.421101,3788,555,0,229,453,3510,49,0
18.964786,4.289000,112.000,39.910000,2.682000,124.421585,3788,555,0,229,453,3510,49,0
18.976995,12.209000,112.000,39.910000,2.682000,124.422066,3788,555,0,229,453,3510,49,0
18.980874,3.879000,112.000,39.910000,2.682000,124.424210,3791,555,0,229,453,3510,49,0
18.993842,12.968000,112.000,39.910000,2.682000,124.424690,3791,555,0,229,453,3510,49,0
18.998306,4.464000,112.000,39.910000,2.682000,124.425171,3791,555,0,229,453,3510,49,0
19.010514,12.208000,112.000,39.910000,2.682000,124.425652,3791,555,0,229,453,3510,49,0
19.015064,4.550000,112.000,39.910000,2.682000,124.426102,3791,555,0,229,453,3510,49,0
19.027019,11.955000,112.000,39.910000,2.682000,124.426582,3791,555,0,229,453,3510,49,0
19.031000,3.981000,112.000,39.910000,2.682000,124.427048,3791,555,0,228,452,3508,49,0
19.043870,12.870000,112.000,39.910000,2.682000,124.427448,3791,555,0,228,452,3508,49,0
19.047987,4.117000,112.000,39.910000,2.682000,124.427883,3791,555,0,227,451,3506,49,0
19.060501,12.514000,112.000,39.910000,2.682000,124.428364,3791,555,0,227,451,3506,49,0
19.064320,3.819000,112.000,39.910000,2.682000,124.428860,3791,555,0,221,445,3494,49,0
19.077086,12.766000,112.000,39.910000,2.682000,124.429241,3791,555,0,221,445,3494,49,0
19.081192,4.106000,112.000,39.910000,2.682000,124.425297,3789,555,0,220,425,3454,49,0
19.093772,12.580000,112.000,39.910000,2.682000,124.425777,3789,555,0,220,425,3454,49,0
19.097779,4.007000,112.000,39.910000,2.682000,124.424648,3786,555,0,220,425,3454,49,0
19.110479,12.700000,112.000,39.910000,2.682000,124.397633,3786,555,0,220,425,3454,49,0
19.115121,4.642000,112.000,39.910000,2.682000,124.396481,3783,555,0,220,425,3454,49,0
19.127058,11.937000,112.000,39.910000,2.682000,124.396961,3783,555,0,219,424,3452,49,0
19.131506,4.448000,112.000,39.910000,2.682000,124.387012,3778,552,0,219,424,3452,49,0
19.143704,12.198000,112.000,39.910000,2.682000,124.383801,3772,552,0,218,423,3450,49,0
19.148060,4.356000,112.000,39.910000,2.682000,124.375423,3770,549,0,218,423,3450,49,0
19.160497,12.437000,112.000,39.910000,2.682000,124.372166,3764,549,0,212,417,3438,49,0
19.165148,4.651000,112.000,39.910000,2.682000,124.315090,3744,531,0,212,417,3438,49,0
19.177068,11.920000,112.000,39.910000,2.682000,124.293415,3708,531,0,212,417,3438,49,0
19.181382,4.314000,112.000,39.910000,2.682000,124.294003,3708,531,0,212,417,3438,49,0
19.193726,12.344000,112.000,39.910000,2.682000,124.294483,3708,531,0,212,417,3438,49,0
19.197844,4.118000,112.000,39.910000,2.682000,124.295002,3708,531,0,212,417,3438,49,0
19.210536,12.692000,112.000,39.910000,2.682000,124.295483,3708,531,0,212,417,3438,49,0
19.214830,4.294000,112.000,39.910000,2.682000,124.294361,3705,531,0,212,417,3438,49,0
19.252775,37.945000,112.000,39.910000,2.682000,124.438549,3840,540,0,229,473,3550,49,0
19.255154,2.379000,112.000,39.910000,2.682000,124.420399,3840,540,0,189,431,3466,49,0
19.269426,14.272000,112.000,39.910000,2.682000,124.440151,3840,540,0,229,471,3546,49,0
19.276945,7.519000,112.000,39.910000,2.682000,124.385395,3740,540,0,229,471,3546,49,0
19.280800,3.855000,112.000,39.910000,2.682000,124.371689,3746,540,0,193,435,3474,49,0
19.293834,13.034000,112.000,39.910000,2.682000,124.372089,3746,540,0,193,435,3474,49,0
19.297784,3.950000,112.000,39.910000,2.682000,124.372570,3746,540,0,193,435,3474,49,0
19.310484,12.700000,112.000,39.910000,2.682000,124.373051,3746,540,0,193,435,3474,49,0
19.314544,4.060000,112.000,39.910000,2.682000,124.373531,3746,540,0,193,435,3474,49,0
19.326953,12.409000,112.000,39.910000,2.682000,124.374012,3746,540,0,193,435,3474,49,0
19.330678,3.725000,112.000,39.910000,2.682000,124.374493,3746,540,0,193,435,3474,49,0
19.344880,14.202000,112.000,39.910000,2.682000,124.376625,3749,540,0,193,435,3474,49,0
19.347524,2.644000,112.000,39.910000,2.682000,124.377060,3749,540,0,193,435,3474,49,0
19.361378,13.854000,112.000,39.910000,2.682000,124.380836,3755,540,0,193,435,3474,49,0
19.363991,2.613000,112.000,39.910000,2.682000,124.378761,3751,540,0,193,435,3474,49,0
19.377896,13.905000,112.000,39.910000,2.682000,124.374832,3749,540,0,192,399,3402,49,0
19.380571,2.675000,112.000,39.910000,2.682000,124.375313,3749,540,0,192,399,3402,49,0
19.394893,14.322000,112.000,39.910000,2.682000,124.333031,3746,540,0,192,399,3402,49,0
19.397225,2.332000,112.000,39.910000,2.682000,124.333511,3746,540,0,192,399,3402,49,0
19.412512,15.287000,112.000,39.910000,2.682000,124.456833,3826,572,0,192,399,3402,49,0
19.415184,2.672000,112.000,39.910000,2.682000,124.463127,3826,572,0,201,415,3434,49,0
19.428331,13.147000,112.000,39.910000,2.682000,124.463657,3826,572,0,201,415,3434,49,0
19.430703,2.372000,112.000,39.910000,2.682000,124.464138,3826,572,0,201,415,3434,49,0
19.445560,14.857000,112.000,39.910000,2.682000,124.462948,3823,572,0,201,415,3434,49,0
19.448192,2.632000,112.000,39.910000,2.682000,124.462742,3823,572,0,201,415,3434,49,0
19.462100,13.908000,112.000,39.910000,2.682000,124.458035,3814,572,0,201,415,3434,49,0
19.464663,2.563000,112.000,39.910000,2.682000,124.458447,3814,572,0,200,414,3432,49,0
19.478323,13.660000,112.000,39.910000,2.682000,124.458942,3814,572,0,198,412,3428,49,0
19.480830,2.507000,112.000,39.910000,2.682000,124.459423,3814,572,0,198,412,3428,49,0
19.495860,15.030000,112.000,39.910000,2.682000,124.451015,3813,568,0,197,411,3426,49,0
19.498630,2.770000,112.000,39.910000,2.682000,124.447102,3806,568,0,197,411,3426,49,0
19.511938,13.308000,112.000,39.910000,2.682000,124.444294,3800,568,0,195,409,3422,49,0
19.514683,2.745000,112.000,39.910000,2.682000,124.444775,3800,568,0,194,408,3420,49,0
19.528517,13.834000,112.000,39.910000,2.682000,124.446850,3803,568,0,194,408,3420,49,0
19.531335,2.818000,112.000,39.910000,2.682000,124.431797,3794,563,0,193,407,3418,49,0
19.546104,14.769000,112.000,39.910000,2.682000,124.429199,3790,563,0,193,407,3418,49,0
19.552153,6.049000,112.000,39.910000,2.682000,124.478996,3792,563,0,230,463,3530,49,0
19.557965,5.812000,112.000,39.910000,2.682000,124.482765,3798,563,0,230,463,3530,49,0
19.568745,10.780000,112.000,39.910000,2.682000,124.481606,3795,563,0,230,463,3530,49,0
19.578329,9.584000,112.000,39.910000,2.682000,124.483711,3798,563,0,230,463,3530,49,0
19.581009,2.680000,112.000,39.910000,2.682000,124.480911,3792,563,0,230,463,3530,49,0
19.595691,14.682000,112.000,39.910000,2.682000,124.481400,3792,563,0,230,463,3530,49,0
19.598960,3.269000,112.000,39.910000,2.682000,124.481880,3792,563,0,230,463,3530,49,0
19.612166,13.206000,112.000,39.910000,2.682000,124.482300,3792,563,0,230,463,3530,49,0
19.615145,2.979000,112.000,39.910000,2.682000,124.482780,3792,563,0,230,463,3530,49,0
19.628250,13.105000,112.000,39.910000,2.682000,124.484901,3795,563,0,230,463,3530,49,0
19.630915,2.665000,112.000,39.910000,2.682000,124.485336,3795,563,0,230,463,3530,49,0
19.645832,14.917000,112.000,39.910000,2.682000,124.487465,3798,563,0,230,463,3530,49,0
19.648374,2.542000,112.000,39.910000,2.682000,124.487946,3798,563,0,230,463,3530,49,0
19.662305,13.931000,112.000,39.910000,2.682000,124.488388,3798,563,0,230,463,3530,49,0
19.665377,3.072000,117.000,37.013000,2.233000,124.488869,3798,563,0,230,463,3530,49,0
19.678132,12.755000,117.000,37.013000,2.233000,124.489334,3798,563,0,230,463,3530,49,0
19.680793,2.661000,117.000,37.013000,2.233000,124.489815,3798,563,0,230,463,3530,49,0
19.696372,15.579000,117.000,37.013000,2.233000,124.491917,3801,563,0,229,443,3490,49,0
19.700066,3.694000,117.000,37.013000,2.233000,124.487988,3799,563,0,229,443,3490,49,0
19.707451,7.385000,117.000,37.013000,2.233000,124.487507,3799,563,0,227,441,3486,49,0
19.718737,11.286000,117.000,37.013000,2.233000,124.460491,3799,563,0,227,441,3486,49,0
19.728140,9.403000,117.000,37.013000,2.233000,124.460999,3799,563,0,227,441,3486,49,0
19.730515,2.375000,117.000,37.013000,2.233000,124.461433,3799,563,0,227,441,3486,49,0
19.746141,15.626000,117.000,37.013000,2.233000,124.461906,3799,563,0,227,441,3486,49,0
19.749421,3.280000,117.000,37.013000,2.233000,124.462387,3799,563,0,227,441,3486,49,0
19.762672,13.251000,117.000,37.013000,2.233000,124.461258,3796,563,0,227,441,3486,49,0
19.766049,3.377000,117.000,37.013000,2.233000,124.461739,3796,563,0,227,441,3486,49,0
19.778331,12.282000,117.000,37.013000,2.233000,124.468266,3806,563,0,227,441,3486,49,0
19.780807,2.476000,117.000,37.013000,2.233000,124.468746,3806,563,0,227,441,3486,49,0
19.796094,15.287000,117.000,37.013000,2.233000,124.465919,3800,563,0,227,441,3486,49,0
19.799342,3.248000,117.000,37.013000,2.233000,124.466400,3800,563,0,227,441,3486,49,0
19.812687,13.345000,117.000,37.013000,2.233000,124.465210,3797,563,0,227,441,3486,49,0
19.815551,2.864000,117.000,37.013000,2.233000,124.465691,3797,563,0,227,441,3486,49,0
19.828245,12.694000,117.000,37.013000,2.233000,124.467846,3800,563,0,227,441,3486,49,0
19.876342,48.097000,117.000,37.013000,2.233000,124.612213,3937,572,0,238,489,3582,49,0
19.880824,4.482000,117.000,37.013000,2.233000,124.612251,3937,572,0,238,485,3574,49,0
19.894655,13.831000,117.000,37.013000,2.233000,124.534760,3831,572,0,198,445,3494,49,0
19.897960,3.305000,117.000,37.013000,2.233000,124.535240,3831,572,0,198,445,3494,49,0
19.910453,12.493000,117.000,37.013000,2.233000,124.535675,3831,572,0,198,445,3494,49,0
19.914745,4.292000,117.000,37.013000,2.233000,124.536156,3831,572,0,198,445,3494,49,0
19.926999,12.254000,117.000,37.013000,2.233000,124.534996,3828,572,0,198,445,3494,49,0
19.930569,3.570000,117.000,37.013000,2.233000,124.535477,3828,572,0,198,445,3494,49,0
19.943865,13.296000,117.000,37.013000,2.233000,124.535957,3828,572,0,198,445,3494,49,0
19.948311,4.446000,117.000,37.013000,2.233000,124.538177,3831,572,0,198,445,3494,49,0
19.960474,12.163000,117.000,37.013000,2.233000,124.537018,3828,572,0,198,445,3494,49,0
19.964701,4.227000,117.000,37.013000,2.233000,124.536644,3827,572,0,198,445,3494,49,0
19.976975,12.274000,117.000,37.013000,2.233000,124.537125,3827,572,0,197,409,3422,49,0
19.980704,3.729000,117.000,37.013000,2.233000,124.537605,3827,572,0,197,409,3422,49,0
19.993809,13.105000,117.000,37.013000,2.233000,124.495022,3827,572,0,197,409,3422,49,0
19.998456,4.647000,117.000,37.013000,2.233000,124.491219,3825,572,0,197,409,3422,49,0
20.010521,12.065000,117.000,37.013000,2.233000,124.488419,3819,572,0,197,409,3422,49,0
20.015008,4.487000,117.000,37.013000,2.233000,124.488884,3819,572,0,197,409,3422,49,0
20.027036,12.028000,117.000,37.013000,2.233000,124.489365,3819,572,0,197,409,3422,49,0
20.031499,4.463000,117.000,37.013000,2.233000,124.490028,3819,572,0,197,409,3422,49,0
20.043698,12.199000,117.000,37.013000,2.233000,124.490509,3819,572,0,197,409,3422,49,0
20.048753,5.055000,117.000,37.013000,2.233000,124.494202,3822,572,0,197,409,3422,49,3
20.060491,11.738000,117.000,37.013000,2.233000,124.489540,3813,572,0,197,409,3422,49,3
20.064968,4.477000,117.000,37.013000,2.233000,124.495304,3822,571,0,196,408,3420,49,6
20.076979,12.011000,117.000,37.013000,2.233000,124.492527,3817,571,0,197,408,3420,49,6
20.081253,4.274000,117.000,37.013000,2.233000,124.496109,3823,570,0,195,406,3416,49,6
20.093676,12.423000,117.000,37.013000,2.233000,124.482918,3814,566,0,195,405,3414,49,6
20.097959,4.283000,117.000,37.013000,2.233000,124.481346,3843,560,0,195,405,3414,49,0
20.110536,12.577000,117.000,37.013000,2.233000,124.462509,3813,560,0,199,404,3412,49,0
20.114675,4.139000,117.000,37.013000,2.233000,124.462990,3813,560,0,198,403,3410,49,0
20.127004,12.329000,117.000,37.013000,2.233000,124.463387,3813,560,0,197,402,3408,49,0
20.130887,3.883000,117.000,37.013000,2.233000,124.448288,3804,555,0,196,401,3406,49,0
20.143851,12.964000,117.000,37.013000,2.233000,124.442451,3794,555,0,196,401,3406,49,0
20.147727,3.876000,117.000,37.013000,2.233000,124.442917,3794,555,0,196,401,3406,49,0
20.160479,12.752000,117.000,37.013000,2.233000,124.494694,3796,555,0,237,461,3526,49,0
20.164514,4.035000,117.000,37.013000,2.233000,124.495174,3796,555,0,201,425,3454,49,0
20.176978,12.464000,117.000,37.013000,2.233000,124.478146,3796,555,0,201,425,3454,49,0
20.180958,3.980000,117.000,37.013000,2.233000,124.476971,3793,555,0,201,425,3454,49,0
20.193850,12.892000,117.000,37.013000,2.233000,124.477451,3793,555,0,201,425,3454,49,0
20.198026,4.176000,117.000,37.013000,2.233000,124.476154,3790,555,0,201,425,3454,49,0
20.210441,12.415000,117.000,37.013000,2.233000,124.476635,3790,555,0,201,425,3454,49,0
20.215054,4.613000,117.000,37.013000,2.233000,124.477131,3790,555,0,201,425,3454,49,0
20.227029,11.975000,117.000,37.013000,2.233000,124.477612,3790,555,0,201,425,3454,49,0
20.231630,4.601000,117.000,37.013000,2.233000,124.479740,3793,555,0,200,424,3452,49,0
20.243700,12.070000,117.000,37.013000,2.233000,124.480175,3793,555,0,200,424,3452,49,0
20.247637,3.937000,117.000,37.013000,2.233000,124.480564,3793,555,0,199,423,3450,49,0
20.260456,12.819000,117.000,37.013000,2.233000,124.481045,3793,555,0,199,423,3450,49,0
20.265242,4.786000,117.000,37.013000,2.233000,124.481556,3793,555,0,193,417,3438,49,0
20.277039,11.797000,117.000,37.013000,2.233000,124.482037,3793,555,0,193,417,3438,49,0
20.281508,4.469000,117.000,37.013000,2.233000,124.482498,3793,555,0,193,417,3438,49,0
20.293857,12.349000,117.000,37.013000,2.233000,124.482925,3793,555,0,193,417,3438,49,0
20.297808,3.951000,117.000,37.013000,2.233000,124.477234,3788,555,0,192,397,3398,49,0
20.310514,12.706000,117.000,37.013000,2.233000,124.477715,3788,555,0,192,397,3398,49,0
20.315199,4.685000,117.000,37.013000,2.233000,124.479881,3791,555,0,192,397,3398,49,0
20.327098,11.899000,117.000,37.013000,2.233000,124.452866,3791,555,0,191,396,3396,49,0
20.331074,3.976000,117.000,37.013000,2.233000,124.442993,3786,552,0,191,396,3396,49,0
20.343774,12.700000,117.000,37.013000,2.233000,124.439781,3780,552,0,190,395,3394,49,0
20.348275,4.501000,117.000,37.013000,2.233000,124.433060,3781,549,0,190,395,3394,49,0
20.360453,12.178000,117.000,37.013000,2.233000,124.429848,3775,549,0,184,389,3382,49,0
20.364716,4.263000,117.000,37.013000,2.233000,124.366768,3745,531,0,184,389,3382,49,0
20.377059,12.343000,117.000,37.013000,2.233000,124.345093,3709,531,0,184,389,3382,49,0
20.381669,4.610000,117.000,37.013000,2.233000,124.351639,3719,531,0,184,389,3382,49,0
20.393854,12.185000,117.000,37.013000,2.233000,124.352119,3719,531,0,184,389,3382,49,0
20.397671,3.817000,117.000,37.013000,2.233000,124.352585,3719,531,0,184,389,3382,49,0
20.410479,12.808000,117.000,37.013000,2.233000,124.353065,3719,531,0,184,389,3382,49,0
20.415209,4.730000,117.000,37.013000,2.233000,124.355145,3722,531,0,184,389,3382,49,0
20.427061,11.852000,117.000,37.013000,2.233000,124.355625,3722,531,0,184,389,3382,49,0
20.431297,4.236000,117.000,37.013000,2.233000,124.359398,3728,531,0,184,389,3382,49,0
20.475160,43.863000,117.000,37.013000,2.233000,124.525818,3870,540,0,229,473,3550,49,0
20.480493,5.333000,117.000,37.013000,2.233000,124.526169,3870,540,0,229,471,3546,49,0
20.493861,13.368000,117.000,37.013000,2.233000,124.469772,3767,540,0,229,471,3546,49,0
20.497995,4.134000,117.000,37.013000,2.233000,124.470253,3767,540,0,223,465,3534,49,0
20.511345,13.350000,117.000,37.013000,2.233000,124.467815,3767,540,0,223,465,3534,49,0
20.514133,2.788000,117.000,37.013000,2.233000,124.468296,3767,540,0,223,465,3534,49,0
20.527858,13.725000,117.000,37.013000,2.233000,124.467136,3764,540,0,223,465,3534,49,0
20.531311,3.453000,117.000,37.013000,2.233000,124.467617,3764,540,0,223,465,3534,49,0
20.543848,12.537000,117.000,37.013000,2.233000,124.468098,3764,540,0,223,465,3534,49,0
20.548102,4.254000,117.000,37.013000,2.233000,124.466938,3761,540,0,223,465,3534,49,0
20.560552,12.450000,117.000,37.013000,2.233000,124.467419,3761,540,0,223,465,3534,49,0
20.564303,3.751000,117.000,37.013000,2.233000,124.469551,3764,540,0,223,465,3534,49,0
20.576962,12.659000,117.000,37.013000,2.233000,124.467529,3760,540,0,223,465,3534,49,0
20.580373,3.411000,117.000,37.013000,2.233000,124.464676,3754,540,0,222,429,3462,49,0
20.593858,13.485000,117.000,37.013000,2.233000,124.460747,3752,540,0,222,429,3462,49,0
20.598513,4.655000,117.000,37.013000,2.233000,124.585819,3835,572,0,222,429,3462,49,0
20.610307,11.794000,117.000,37.013000,2.233000,124.546265,3835,572,0,231,445,3494,49,0
20.614361,4.054000,117.000,37.013000,2.233000,124.550125,3841,572,0,231,445,3494,49,0
20.627012,12.651000,117.000,37.013000,2.233000,124.550606,3841,572,0,231,445,3494,49,0
20.630962,3.950000,117.000,37.013000,2.233000,124.554302,3847,572,0,231,445,3494,49,0
20.643835,12.873000,117.000,37.013000,2.233000,124.554783,3847,572,0,231,445,3494,49,0
20.648229,4.394000,117.000,37.013000,2.233000,124.555290,3847,572,0,231,445,3494,49,0
20.660402,12.173000,117.000,37.013000,2.233000,124.555130,3847,572,0,231,445,3494,49,0
20.664597,4.195000,111.000,46.430000,2.480000,124.548805,3835,572,0,231,445,3494,49,0
20.677021,12.424000,111.000,46.430000,2.480000,124.549286,3835,572,0,230,444,3492,49,0
20.680924,3.903000,111.000,46.430000,2.480000,124.549843,3835,572,0,230,444,3492,49,0
20.693723,12.799000,111.000,46.430000,2.480000,124.550323,3835,572,0,228,442,3488,49,0
20.697966,4.243000,111.000,46.430000,2.480000,124.552418,3838,572,0,227,441,3486,49,0
20.710336,12.370000,111.000,46.430000,2.480000,124.542484,3834,568,0,227,441,3486,49,0
20.714954,4.618000,111.000,46.430000,2.480000,124.540199,3830,568,0,227,441,3486,49,0
20.726941,11.987000,111.000,46.430000,2.480000,124.540680,3830,568,0,225,439,3482,49,0
20.730846,3.905000,111.000,46.430000,2.480000,124.541023,3830,568,0,224,438,3480,49,0
20.743728,12.882000,111.000,46.430000,2.480000,124.525970,3821,563,0,223,437,3478,49,0
20.748305,4.577000,111.000,46.430000,2.480000,124.520073,3811,563,0,223,437,3478,49,0
20.760522,12.217000,111.000,46.430000,2.480000,124.556568,3813,563,0,230,464,3532,49,0
20.765000,4.478000,111.000,46.430000,2.480000,124.558681,3816,563,0,230,464,3532,49,0
20.777042,12.042000,111.000,46.430000,2.480000,124.559082,3816,563,0,230,464,3532,49,0
20.781460,4.418000,111.000,46.430000,2.480000,124.540115,3816,563,0,190,424,3452,49,0
20.793705,12.245000,111.000,46.430000,2.480000,124.540550,3816,563,0,190,424,3452,49,0
20.797411,3.706000,111.000,46.430000,2.480000,124.541042,3816,563,0,190,424,3452,49,0
20.810430,13.019000,111.000,46.430000,2.480000,124.541523,3816,563,0,190,424,3452,49,0
20.814848,4.418000,111.000,46.430000,2.480000,124.541897,3816,563,0,190,424,3452,49,0
20.827033,12.185000,111.000,46.430000,2.480000,124.542377,3816,563,0,190,424,3452,49,0
20.830870,3.837000,111.000,46.430000,2.480000,124.541203,3813,563,0,190,424,3452,49,0
20.843875,13.005000,111.000,46.430000,2.480000,124.541637,3813,563,0,190,424,3452,49,0
20.848249,4.374000,111.000,46.430000,2.480000,124.542110,3813,563,0,190,424,3452,49,0
20.860413,12.164000,111.000,46.430000,2.480000,124.542591,3813,563,0,190,424,3452,49,0
20.865155,4.742000,111.000,46.430000,2.480000,124.539806,3807,563,0,190,424,3452,49,0
20.876998,11.843000,111.000,46.430000,2.480000,124.540287,3807,563,0,190,424,3452,49,0
20.880970,3.972000,111.000,46.430000,2.480000,124.539143,3804,563,0,190,424,3452,49,0
20.893705,12.735000,111.000,46.430000,2.480000,124.539577,3804,563,0,190,424,3452,49,0
20.897484,3.779000,111.000,46.430000,2.480000,124.541832,3807,563,0,189,403,3410,49,0
20.910311,12.827000,111.000,46.430000,2.480000,124.542259,3807,563,0,189,403,3410,49,0
20.913863,3.552000,111.000,46.430000,2.480000,124.538322,3805,563,0,189,403,3410,49,0
20.927074,13.211000,111.000,46.430000,2.480000,124.509037,3805,563,0,187,401,3406,49,0
20.930840,3.766000,111.000,46.430000,2.480000,124.507992,3802,563,0,187,401,3406,49,0
20.943423,12.583000,111.000,46.430000,2.480000,124.508427,3802,563,0,187,401,3406,49,0
20.947537,4.114000,111.000,46.430000,2.480000,124.507313,3799,563,0,187,401,3406,49,0
20.960277,12.740000,111.000,46.430000,2.480000,124.507793,3799,563,0,187,401,3406,49,0
20.964322,4.045000,111.000,46.430000,2.480000,124.508228,3799,563,0,187,401,3406,49,0
20.977050,12.728000,111.000,46.430000,2.480000,124.508709,3799,563,0,187,401,3406,49,0
20.981182,4.132000,111.000,46.430000,2.480000,124.509159,3799,563,0,187,401,3406,49,0
20.993639,12.457000,111.000,46.430000,2.480000,124.515644,3809,563,0,187,401,3406,49,0
20.997362,3.723000,111.000,46.430000,2.480000,124.514469,3806,563,0,187,401,3406,49,0
21.010344,12.982000,111.000,46.430000,2.480000,124.514950,3806,563,0,187,401,3406,49,0
21.013982,3.638000,111.000,46.430000,2.480000,124.515446,3806,563,0,187,401,3406,49,0
21.027011,13.029000,111.000,46.430000,2.480000,124.515926,3806,563,0,187,401,3406,49,0
21.030796,3.785000,111.000,46.430000,2.480000,124.516617,3806,563,0,187,401,3406,49,0
21.043627,12.831000,111.000,46.430000,2.480000,124.517097,3806,563,0,187,401,3406,49,0
21.084127,40.500000,111.000,46.430000,2.480000,124.691498,3956,572,0,238,491,3586,49,0
21.089373,5.246000,111.000,46.430000,2.480000,124.691628,3956,572,0,238,487,3578,49,0
21.102935,13.562000,111.000,46.430000,2.480000,124.632618,3850,572,0,236,485,3574,49,0
21.110821,7.886000,111.000,46.430000,2.480000,124.633099,3850,572,0,236,485,3574,49,0
21.114470,3.649000,111.000,46.430000,2.480000,124.633579,3850,572,0,236,485,3574,49,0
21.127008,12.538000,111.000,46.430000,2.480000,124.632374,3847,572,0,236,485,3574,49,0
21.130896,3.888000,111.000,46.430000,2.480000,124.634506,3850,572,0,236,485,3574,49,0
21.143855,12.959000,111.000,46.430000,2.480000,124.634987,3850,572,0,236,485,3574,49,0
21.147751,3.896000,111.000,46.430000,2.480000,124.637142,3853,572,0,236,485,3574,49,0
21.160500,12.749000,111.000,46.430000,2.480000,124.637623,3853,572,0,236,485,3574,49,0
21.164531,4.031000,111.000,46.430000,2.480000,124.638035,3853,572,0,236,485,3574,49,0
21.176940,12.409000,111.000,46.430000,2.480000,124.638515,3853,572,0,236,485,3574,49,0
21.180600,3.660000,111.000,46.430000,2.480000,124.636448,3849,572,0,236,485,3574,49,0
21.193800,13.200000,111.000,46.430000,2.480000,124.636795,3849,572,0,235,449,3502,49,0
21.197746,3.946000,111.000,46.430000,2.480000,124.632797,3847,572,0,235,449,3502,49,0
21.210383,12.637000,111.000,46.430000,2.480000,124.633278,3847,572,0,235,449,3502,49,0
21.214683,4.300000,111.000,46.430000,2.480000,124.587383,3847,572,0,235,449,3502,49,0
21.226914,12.231000,111.000,46.430000,2.480000,124.587864,3847,572,0,235,449,3502,49,0
21.230659,3.745000,111.000,46.430000,2.480000,124.588345,3847,572,0,235,449,3502,49,0
21.243834,13.175000,111.000,46.430000,2.480000,124.588825,3847,572,0,235,449,3502,49,0
21.248314,4.480000,111.000,46.430000,2.480000,124.592113,3847,572,0,235,449,3502,49,4
21.260479,12.165000,111.000,46.430000,2.480000,124.592594,3847,572,0,235,449,3502,49,4
21.277014,16.535000,111.000,46.430000,2.480000,124.594433,3850,571,0,235,449,3502,49,7
21.280003,2.989000,111.000,46.430000,2.480000,124.597301,3839,571,0,236,449,3502,49,7
21.295702,15.699000,111.000,46.430000,2.480000,124.955391,3842,570,0,235,448,3500,49,6
21.298391,2.689000,111.000,46.430000,2.480000,124.952614,3837,570,0,236,448,3500,49,6
21.312294,13.903000,111.000,46.430000,2.480000,124.955482,3873,564,0,234,446,3496,49,0
21.314896,2.602000,111.000,46.430000,2.480000,124.926231,3839,560,0,238,445,3494,49,0
21.328317,13.421000,111.000,46.430000,2.480000,124.923916,3835,560,0,238,445,3494,49,0
21.330659,2.342000,111.000,46.430000,2.480000,124.924397,3835,560,0,236,443,3490,49,0
21.345301,14.642000,111.000,46.430000,2.480000,124.924950,3835,560,0,236,443,3490,49,0
21.347803,2.502000,111.000,46.430000,2.480000,124.925346,3835,560,0,235,442,3488,49,0
21.362107,14.304000,111.000,46.430000,2.480000,124.910202,3826,555,0,234,441,3486,49,0
21.364587,2.480000,111.000,46.430000,2.480000,124.904366,3816,555,0,234,441,3486,49,0
21.378108,13.521000,111.000,46.430000,2.480000,124.940254,3818,555,0,237,465,3534,49,0
21.380658,2.550000,111.000,46.430000,2.480000,124.936176,3815,555,0,231,459,3522,49,0
21.395227,14.569000,111.000,46.430000,2.480000,124.936638,3815,555,0,231,459,3522,49,0
21.397910,2.683000,111.000,46.430000,2.480000,124.937119,3815,555,0,231,459,3522,49,0
21.411825,13.915000,111.000,46.430000,2.480000,124.939217,3818,555,0,231,459,3522,49,0
21.414533,2.708000,111.000,46.430000,2.480000,124.939697,3818,555,0,231,459,3522,49,0
21.428115,13.582000,111.000,46.430000,2.480000,124.940186,3818,555,0,231,459,3522,49,0
21.430760,2.645000,111.000,46.430000,2.480000,124.940666,3818,555,0,230,458,3520,49,0
21.445468,14.708000,111.000,46.430000,2.480000,124.944386,3824,555,0,230,458,3520,49,0
21.448286,2.818000,111.000,46.430000,2.480000,124.944866,3824,555,0,229,457,3518,49,0
21.461582,13.296000,111.000,46.430000,2.480000,124.945362,3824,555,0,229,457,3518,49,0
21.464369,2.787000,111.000,46.430000,2.480000,124.945843,3824,555,0,223,451,3506,49,0
21.478205,13.836000,111.000,46.430000,2.480000,124.946308,3824,555,0,223,451,3506,49,0
21.480842,2.637000,111.000,46.430000,2.480000,124.946789,3824,555,0,223,451,3506,49,0
21.495383,14.541000,111.000,46.430000,2.480000,124.947300,3824,555,0,223,451,3506,49,0
21.498162,2.779000,111.000,46.430000,2.480000,124.947781,3824,555,0,223,451,3506,49,0
21.512067,13.905000,111.000,46.430000,2.480000,124.949841,3827,555,0,223,451,3506,49,0
21.514819,2.752000,111.000,46.430000,2.480000,124.945911,3825,555,0,222,429,3462,49,0
21.528255,13.436000,111.000,46.430000,2.480000,124.949680,3831,555,0,222,429,3462,49,0
21.530867,2.612000,111.000,46.430000,2.480000,124.938789,3826,552,0,219,426,3456,49,0
21.545934,15.067000,111.000,46.430000,2.480000,124.905499,3820,552,0,219,426,3456,49,0
21.548308,2.374000,111.000,46.430000,2.480000,124.895508,3815,549,0,218,425,3454,49,0
21.562280,13.972000,111.000,46.430000,2.480000,124.890625,3806,549,0,218,425,3454,49,0
21.565065,2.785000,111.000,46.430000,2.480000,124.827557,3776,531,0,212,419,3442,49,0
21.578280,13.215000,111.000,46.430000,2.480000,124.805882,3740,531,0,212,419,3442,49,0
21.580741,2.461000,111.000,46.430000,2.480000,124.806316,3740,531,0,212,419,3442,49,0
21.595951,15.210000,111.000,46.430000,2.480000,124.806843,3740,531,0,212,419,3442,49,0
21.599090,3.139000,111.000,46.430000,2.480000,124.813328,3750,531,0,212,419,3442,49,0
21.612425,13.335000,111.000,46.430000,2.480000,124.812038,3747,531,0,212,419,3442,49,0
21.615188,2.763000,111.000,46.430000,2.480000,124.812519,3747,531,0,212,419,3442,49,0
21.628204,13.016000,111.000,46.430000,2.480000,124.812984,3747,531,0,212,419,3442,49,0
21.630655,2.451000,111.000,46.430000,2.480000,124.813465,3747,531,0,212,419,3442,49,0
21.646426,15.771000,111.000,46.430000,2.480000,124.812321,3744,531,0,212,419,3442,49,0
21.649667,3.241000,111.000,46.430000,2.480000,124.812801,3744,531,0,212,419,3442,49,0
21.696935,47.268000,111.000,46.430000,2.480000,124.962639,3887,540,0,229,473,3550,49,0
21.702230,5.295000,115.000,44.680000,2.542000,124.965958,3893,540,0,229,469,3542,49,0
21.705232,3.002000,115.000,44.680000,2.542000,124.888577,3782,540,0,195,435,3474,49,0
21.719494,14.262000,115.000,44.680000,2.542000,124.892357,3788,540,0,195,435,3474,49,0
21.726897,7.403000,115.000,44.680000,2.542000,124.892838,3788,540,0,195,435,3474,49,0
21.730604,3.707000,115.000,44.680000,2.542000,124.893330,3788,540,0,195,435,3474,49,0
21.743806,13.202000,115.000,44.680000,2.542000,124.893810,3788,540,0,195,435,3474,49,0
21.748311,4.505000,115.000,44.680000,2.542000,124.894291,3788,540,0,195,435,3474,49,0
21.760479,12.168000,115.000,44.680000,2.542000,124.891491,3782,540,0,195,435,3474,49,0
21.764863,4.384000,115.000,44.680000,2.542000,124.891972,3782,540,0,195,435,3474,49,0
21.776954,12.091000,115.000,44.680000,2.542000,124.892452,3782,540,0,195,435,3474,49,0
21.780711,3.757000,115.000,44.680000,2.542000,124.894581,3785,540,0,195,435,3474,49,0
21.793775,13.064000,115.000,44.680000,2.542000,124.892559,3781,540,0,195,435,3474,49,0
21.798675,4.900000,115.000,44.680000,2.542000,125.017590,3864,572,0,194,399,3402,49,0
21.810479,11.804000,115.000,44.680000,2.542000,125.023830,3864,572,0,203,415,3434,49,0
21.814884,4.405000,115.000,44.680000,2.542000,124.977493,3862,572,0,203,415,3434,49,0
21.826937,12.053000,115.000,44.680000,2.542000,124.977974,3862,572,0,203,415,3434,49,0
21.831043,4.106000,115.000,44.680000,2.542000,124.978470,3862,572,0,203,415,3434,49,0
21.843832,12.789000,115.000,44.680000,2.542000,124.978951,3862,572,0,203,415,3434,49,0
21.848187,4.355000,115.000,44.680000,2.542000,124.981075,3865,572,0,203,415,3434,49,0
21.860495,12.308000,115.000,44.680000,2.542000,124.981556,3865,572,0,203,415,3434,49,0
21.866141,5.646000,115.000,44.680000,2.542000,124.982059,3865,572,0,203,415,3434,49,0
21.877003,10.862000,115.000,44.680000,2.542000,124.981899,3865,572,0,203,415,3434,49,0
21.881611,4.608000,115.000,44.680000,2.542000,124.980522,3862,572,0,203,415,3434,49,0
21.893852,12.241000,115.000,44.680000,2.542000,124.977722,3856,572,0,202,414,3432,49,0
21.898137,4.285000,115.000,44.680000,2.542000,124.978168,3856,572,0,202,414,3432,49,0
21.910482,12.345000,115.000,44.680000,2.542000,124.978649,3856,572,0,200,412,3428,49,0
21.915148,4.666000,115.000,44.680000,2.542000,124.968670,3852,568,0,199,411,3426,49,0
21.927022,11.874000,115.000,44.680000,2.542000,124.964802,3845,568,0,199,411,3426,49,0
21.931580,4.558000,115.000,44.680000,2.542000,124.965294,3845,568,0,198,410,3424,49,0
21.943737,12.157000,115.000,44.680000,2.542000,124.965729,3845,568,0,197,409,3422,49,0
21.948059,4.322000,115.000,44.680000,2.542000,124.962849,3839,568,0,196,408,3420,49,0
21.960446,12.387000,115.000,44.680000,2.542000,124.947796,3830,563,0,195,407,3418,49,0
21.964826,4.380000,115.000,44.680000,2.542000,124.941914,3820,563,0,195,407,3418,49,0
21.977053,12.227000,115.000,44.680000,2.542000,124.940754,3817,563,0,195,407,3418,49,0
21.982678,5.625000,115.000,44.680000,2.542000,124.995144,3822,563,0,230,464,3532,49,0
21.993822,11.144000,115.000,44.680000,2.542000,124.994652,3822,563,0,228,462,3528,49,0
21.998118,4.296000,115.000,44.680000,2.542000,124.995113,3822,563,0,228,462,3528,49,0
22.010493,12.375000,115.000,44.680000,2.542000,124.995594,3822,563,0,228,462,3528,49,0
22.014837,4.344000,115.000,44.680000,2.542000,124.994404,3819,563,0,228,462,3528,49,0
22.027026,12.189000,115.000,44.680000,2.542000,124.994884,3819,563,0,228,462,3528,49,0
22.031283,4.257000,115.000,44.680000,2.542000,124.993725,3816,563,0,228,462,3528,49,0
22.043662,12.379000,115.000,44.680000,2.542000,124.994205,3816,563,0,228,462,3528,49,0
22.047860,4.198000,115.000,44.680000,2.542000,124.994778,3816,563,0,228,462,3528,49,0
22.060504,12.644000,115.000,44.680000,2.542000,124.995213,3816,563,0,228,462,3528,49,0
22.064849,4.345000,115.000,44.680000,2.542000,124.995708,3816,563,0,228,462,3528,49,0
22.077086,12.237000,115.000,44.680000,2.542000,124.996189,3816,563,0,228,462,3528,49,0
22.081348,4.262000,115.000,44.680000,2.542000,124.995014,3813,563,0,228,462,3528,49,0
22.093784,12.436000,115.000,44.680000,2.542000,124.995495,3813,563,0,228,462,3528,49,0
22.097870,4.086000,115.000,44.680000,2.542000,124.995960,3813,563,0,228,462,3528,49,0
22.110485,12.615000,115.000,44.680000,2.542000,124.996395,3813,563,0,228,462,3528,49,0
22.114768,4.283000,115.000,44.680000,2.542000,124.996883,3813,563,0,228,462,3528,49,0
22.127003,12.235000,115.000,44.680000,2.542000,124.997311,3813,563,0,227,439,3482,49,0
22.131295,4.292000,115.000,44.680000,2.542000,124.995060,3814,563,0,227,439,3482,49,0
22.143695,12.400000,115.000,44.680000,2.542000,124.995541,3814,563,0,227,439,3482,49,0
22.148285,4.590000,115.000,44.680000,2.542000,124.964588,3814,563,0,227,439,3482,49,0
22.160480,12.195000,115.000,44.680000,2.542000,124.965069,3814,563,0,227,439,3482,49,0
22.165238,4.758000,115.000,44.680000,2.542000,124.962299,3808,563,0,227,439,3482,49,0
22.176992,11.754000,115.000,44.680000,2.542000,124.962780,3808,563,0,227,439,3482,49,0
22.181282,4.290000,115.000,44.680000,2.542000,124.963154,3808,563,0,227,439,3482,49,0
22.193374,12.092000,115.000,44.680000,2.542000,124.963634,3808,563,0,227,439,3482,49,0
22.197482,4.108000,115.000,44.680000,2.542000,124.964123,3808,563,0,227,439,3482,49,0
22.210466,12.984000,115.000,44.680000,2.542000,124.970608,3818,563,0,227,439,3482,49,0
22.214960,4.494000,115.000,44.680000,2.542000,124.971096,3818,563,0,227,439,3482,49,0
22.226968,12.008000,115.000,44.680000,2.542000,124.971531,3818,563,0,227,439,3482,49,0
22.230630,3.662000,115.000,44.680000,2.542000,124.973694,3821,563,0,227,439,3482,49,0
22.243861,13.231000,115.000,44.680000,2.542000,124.974129,3821,563,0,227,439,3482,49,0
22.248290,4.429000,115.000,44.680000,2.542000,124.974606,3821,563,0,227,439,3482,49,0
22.260475,12.185000,115.000,44.680000,2.542000,124.975040,3821,563,0,227,439,3482,49,0
22.302658,42.183000,115.000,44.680000,2.542000,125.119270,3958,572,0,238,487,3578,49,0
22.306157,3.499000,115.000,44.680000,2.542000,125.119591,3958,572,0,238,485,3574,49,0
22.319352,13.195000,115.000,44.680000,2.542000,125.059311,3848,572,0,198,445,3494,49,0
22.326886,7.534000,115.000,44.680000,2.542000,125.040337,3848,572,0,198,445,3494,49,0
22.330680,3.794000,115.000,44.680000,2.542000,125.040817,3848,572,0,198,445,3494,49,0
22.343670,12.990000,115.000,44.680000,2.542000,125.039612,3845,572,0,198,445,3494,49,0
22.347575,3.905000,115.000,44.680000,2.542000,125.040047,3845,572,0,198,445,3494,49,0
22.360450,12.875000,115.000,44.680000,2.542000,125.040527,3845,572,0,198,445,3494,49,0
22.364386,3.936000,115.000,44.680000,2.542000,125.039299,3842,572,0,198,445,3494,49,0
22.376940,12.554000,115.000,44.680000,2.542000,125.039780,3842,572,0,198,445,3494,49,0
22.380523,3.583000,115.000,44.680000,2.542000,125.040215,3842,572,0,198,445,3494,49,0
22.393610,13.087000,115.000,44.680000,2.542000,125.040695,3842,572,0,198,445,3494,49,0
22.397816,4.206000,115.000,44.680000,2.542000,125.040295,3841,572,0,198,445,3494,49,0
22.410410,12.594000,115.000,44.680000,2.542000,125.040775,3841,572,0,197,409,3422,49,0
22.414431,4.021000,115.000,44.680000,2.542000,125.041157,3841,572,0,197,409,3422,49,0
22.426916,12.485000,115.000,44.680000,2.542000,125.037228,3839,572,0,197,409,3422,49,0
22.430935,4.019000,115.000,44.680000,2.542000,124.994991,3839,572,0,197,409,3422,49,0
22.443831,12.896000,115.000,44.680000,2.542000,124.995472,3839,572,0,197,409,3422,49,0
22.448373,4.542000,115.000,44.680000,2.542000,124.998020,3839,572,0,197,409,3422,49,3
22.460458,12.085000,115.000,44.680000,2.542000,124.998501,3839,572,0,197,409,3422,49,3
22.465064,4.606000,115.000,44.680000,2.542000,125.001175,3842,571,0,197,409,3422,49,6
22.476944,11.880000,115.000,44.680000,2.542000,124.998398,3837,571,0,198,409,3422,49,6
22.481198,4.254000,115.000,44.680000,2.542000,125.002956,3846,570,0,198,409,3422,49,6
22.493813,12.615000,115.000,44.680000,2.542000,124.996677,3835,570,0,199,409,3422,49,6
22.498705,4.892000,115.000,44.680000,2.542000,124.999550,3871,564,0,198,408,3420,49,0
22.510447,11.742000,115.000,44.680000,2.542000,124.980713,3841,564,0,203,408,3420,49,0
22.514941,4.494000,115.000,44.680000,2.542000,124.984516,3847,564,0,201,406,3416,49,0
22.526947,12.006000,115.000,44.680000,2.542000,124.984997,3847,564,0,200,405,3414,49,0
22.530784,3.837000,115.000,44.680000,2.542000,124.975021,3843,560,0,200,405,3414,49,0
22.543794,13.010000,115.000,44.680000,2.542000,124.971153,3836,560,0,200,405,3414,49,0
22.548468,4.674000,115.000,44.680000,2.542000,124.971626,3836,560,0,198,403,3410,49,0
22.560469,12.001000,115.000,44.680000,2.542000,124.972023,3836,560,0,197,402,3408,49,0
22.565784,5.315000,115.000,44.680000,2.542000,124.956909,3827,555,0,196,401,3406,49,0
22.576969,11.185000,115.000,44.680000,2.542000,124.951073,3817,555,0,196,401,3406,49,0
22.582589,5.620000,115.000,44.680000,2.542000,125.005825,3822,555,0,237,462,3528,49,0
22.593835,11.246000,115.000,44.680000,2.542000,125.006306,3822,555,0,237,462,3528,49,0
22.598448,4.613000,115.000,44.680000,2.542000,125.010105,3828,555,0,237,462,3528,49,0
22.610460,12.012000,115.000,44.680000,2.542000,124.994049,3828,555,0,203,428,3460,49,0
22.614891,4.431000,115.000,44.680000,2.542000,124.994484,3828,555,0,203,428,3460,49,0
22.627033,12.142000,115.000,44.680000,2.542000,124.994965,3828,555,0,203,428,3460,49,0
22.630866,3.833000,115.000,44.680000,2.542000,124.993805,3825,555,0,202,427,3458,49,0
22.643698,12.832000,115.000,44.680000,2.542000,124.994286,3825,555,0,202,427,3458,49,0
22.648127,4.429000,115.000,44.680000,2.542000,124.994720,3825,555,0,201,426,3456,49,0
22.660355,12.228000,115.000,44.680000,2.542000,124.995201,3825,555,0,201,426,3456,49,0
22.664369,4.014000,112.000,40.358000,1.781000,124.995712,3825,555,0,195,420,3444,49,0
22.677010,12.641000,112.000,40.358000,1.781000,124.996193,3825,555,0,195,420,3444,49,0
22.681216,4.206000,112.000,40.358000,1.781000,124.994987,3822,555,0,195,420,3444,49,0
22.693848,12.632000,112.000,40.358000,1.781000,124.995468,3822,555,0,195,420,3444,49,0
22.698517,4.669000,112.000,40.358000,1.781000,124.995964,3822,555,0,195,420,3444,49,0
22.710456,11.939000,112.000,40.358000,1.781000,124.996445,3822,555,0,195,420,3444,49,0
22.714936,4.480000,112.000,40.358000,1.781000,124.995331,3819,555,0,195,420,3444,49,0
22.727046,12.110000,112.000,40.358000,1.781000,124.995758,3819,555,0,193,398,3400,49,0
22.731439,4.393000,112.000,40.358000,1.781000,124.983017,3815,552,0,193,398,3400,49,0
22.743822,12.383000,112.000,40.358000,1.781000,124.979805,3809,552,0,192,397,3398,49,0
22.748331,4.509000,112.000,40.358000,1.781000,124.937683,3798,549,0,192,397,3398,49,0
22.760429,12.098000,112.000,40.358000,1.781000,124.934471,3792,549,0,186,391,3386,49,0
22.765460,5.031000,112.000,40.358000,1.781000,124.873066,3765,531,0,186,391,3386,49,0
22.777049,11.589000,112.000,40.358000,1.781000,124.851345,3729,531,0,186,391,3386,49,0
22.781161,4.112000,112.000,40.358000,1.781000,124.855114,3735,531,0,186,391,3386,49,0
22.793797,12.636000,112.000,40.358000,1.781000,124.855595,3735,531,0,186,391,3386,49,0
22.798894,5.097000,112.000,40.358000,1.781000,124.859402,3741,531,0,186,391,3386,49,0
22.810461,11.567000,112.000,40.358000,1.781000,124.859882,3741,531,0,186,391,3386,49,0
22.814791,4.330000,112.000,40.358000,1.781000,124.866344,3751,531,0,186,391,3386,49,0
22.827112,12.321000,112.000,40.358000,1.781000,124.866825,3751,531,0,186,391,3386,49,0
22.832205,5.093000,112.000,40.358000,1.781000,124.864010,3745,531,0,186,391,3386,49,0
22.843848,11.643000,112.000,40.358000,1.781000,124.864491,3745,531,0,186,391,3386,49,0
22.848073,4.225000,112.000,40.358000,1.781000,124.864941,3745,531,0,186,391,3386,49,0
22.860446,12.373000,112.000,40.358000,1.781000,124.865421,3745,531,0,186,391,3386,49,0
22.865748,5.302000,112.000,40.358000,1.781000,124.867607,3748,531,0,186,391,3386,49,0
22.906287,40.539000,112.000,40.358000,1.781000,125.029045,3888,540,0,229,471,3546,49,0
22.910435,4.148000,112.000,40.358000,1.781000,125.028553,3888,540,0,227,467,3538,49,0
22.914323,3.888000,112.000,40.358000,1.781000,125.029835,3888,540,0,229,469,3542,49,0
22.926968,12.645000,112.000,40.358000,1.781000,124.966793,3773,540,0,229,469,3542,49,0
22.930754,3.786000,112.000,40.358000,1.781000,124.967274,3773,540,0,221,461,3526,49,0
22.943782,13.028000,112.000,40.358000,1.781000,124.963863,3773,540,0,221,461,3526,49,0
22.948017,4.235000,112.000,40.358000,1.781000,124.966015,3776,540,0,221,461,3526,49,0
22.960486,12.469000,112.000,40.358000,1.781000,124.966496,3776,540,0,221,461,3526,49,0
22.964567,4.081000,112.000,40.358000,1.781000,124.966976,3776,540,0,221,461,3526,49,0
22.976934,12.367000,112.000,40.358000,1.781000,124.965816,3773,540,0,221,461,3526,49,0
22.980485,3.551000,112.000,40.358000,1.781000,124.967949,3776,540,0,221,461,3526,49,0
22.994882,14.397000,112.000,40.358000,1.781000,124.968475,3776,540,0,221,461,3526,49,0
22.997529,2.647000,112.000,40.358000,1.781000,124.968956,3776,540,0,221,461,3526,49,0
23.011930,14.401000,112.000,40.358000,1.781000,125.090675,3853,572,0,221,461,3526,49,0
23.014836,2.906000,112.000,40.358000,1.781000,125.090012,3847,572,0,230,477,3558,49,0
23.028034,13.198000,112.000,40.358000,1.781000,125.090523,3847,572,0,229,441,3486,49,0
23.030579,2.545000,112.000,40.358000,1.781000,125.091003,3847,572,0,229,441,3486,49,0
23.044989,14.410000,112.000,40.358000,1.781000,125.045193,3841,572,0,229,441,3486,49,0
23.047717,2.728000,112.000,40.358000,1.781000,125.045673,3841,572,0,229,441,3486,49,0
23.061977,14.260000,112.000,40.358000,1.781000,125.044598,3838,572,0,229,441,3486,49,0
23.064883,2.906000,112.000,40.358000,1.781000,125.045078,3838,572,0,229,441,3486,49,0
23.078393,13.510000,112.000,40.358000,1.781000,125.047215,3841,572,0,229,441,3486,49,0
23.080977,2.584000,112.000,40.358000,1.781000,125.047695,3841,572,0,229,441,3486,49,0
23.095581,14.604000,112.000,40.358000,1.781000,125.048203,3841,572,0,229,441,3486,49,0
23.098240,2.659000,112.000,40.358000,1.781000,125.046402,3838,572,0,229,441,3486,49,0
23.112088,13.848000,112.000,40.358000,1.781000,125.041634,3829,572,0,229,441,3486,49,0
23.114764,2.676000,112.000,40.358000,1.781000,125.042114,3829,572,0,228,440,3484,49,0
23.128269,13.505000,112.000,40.358000,1.781000,125.042610,3829,572,0,226,438,3480,49,0
23.130781,2.512000,112.000,40.358000,1.781000,125.043091,3829,572,0,226,438,3480,49,0
23.145714,14.933000,112.000,40.358000,1.781000,125.033127,3825,568,0,225,437,3478,49,0
23.148293,2.579000,112.000,40.358000,1.781000,125.029259,3818,568,0,225,437,3478,49,0
23.161993,13.700000,112.000,40.358000,1.781000,125.029678,3818,568,0,223,435,3474,49,0
23.164634,2.641000,112.000,40.358000,1.781000,125.030159,3818,568,0,222,434,3472,49,0
23.178373,13.739000,112.000,40.358000,1.781000,125.028915,3815,568,0,222,434,3472,49,0
23.181111,2.738000,112.000,40.358000,1.781000,125.013863,3806,563,0,221,433,3470,49,0
23.195641,14.530000,112.000,40.358000,1.781000,125.008026,3796,563,0,221,433,3470,49,0
23.200940,5.299000,112.000,40.358000,1.781000,125.045525,3798,563,0,230,462,3528,49,0
23.207651,6.711000,112.000,40.358000,1.781000,125.026482,3798,563,0,190,422,3448,49,0
23.218631,10.980000,112.000,40.358000,1.781000,125.026962,3798,563,0,190,422,3448,49,0
23.222766,4.135000,112.000,40.358000,1.781000,125.029083,3801,563,0,190,422,3448,49,0
23.235368,12.602000,112.000,40.358000,1.781000,125.029564,3801,563,0,190,422,3448,49,0
23.240262,4.894000,112.000,40.358000,1.781000,125.030083,3801,563,0,190,422,3448,49,0
23.251992,11.730000,112.000,40.358000,1.781000,125.027283,3795,563,0,190,422,3448,49,0
23.261968,9.976000,112.000,40.358000,1.781000,125.027763,3795,563,0,190,422,3448,49,0
23.264635,2.667000,112.000,40.358000,1.781000,125.028244,3795,563,0,190,422,3448,49,0
23.278069,13.434000,112.000,40.358000,1.781000,125.028740,3795,563,0,190,422,3448,49,0
23.280347,2.278000,112.000,40.358000,1.781000,125.029221,3795,563,0,190,422,3448,49,0
23.294887,14.540000,112.000,40.358000,1.781000,125.029686,3795,563,0,190,422,3448,49,0
23.297395,2.508000,112.000,40.358000,1.781000,125.030167,3795,563,0,190,422,3448,49,0
23.312327,14.932000,112.000,40.358000,1.781000,125.030682,3795,563,0,190,422,3448,49,0
23.315635,3.308000,112.000,40.358000,1.781000,125.031162,3795,563,0,190,422,3448,49,0
23.328054,12.419000,112.000,40.358000,1.781000,125.033371,3798,563,0,190,422,3448,49,0
23.329833,1.779000,112.000,40.358000,1.781000,125.033852,3798,563,0,190,422,3448,49,0
23.345538,15.705000,112.000,40.358000,1.781000,125.034187,3798,563,0,189,401,3406,49,0
23.347486,1.948000,112.000,40.358000,1.781000,125.030258,3796,563,0,189,401,3406,49,0
23.362204,14.718000,112.000,40.358000,1.781000,125.030746,3796,563,0,189,401,3406,49,0
23.364169,1.965000,112.000,40.358000,1.781000,125.002434,3796,563,0,189,401,3406,49,0
23.378283,14.114000,112.000,40.358000,1.781000,125.003036,3796,563,0,189,401,3406,49,0
23.379918,1.635000,112.000,40.358000,1.781000,125.003517,3796,563,0,189,401,3406,49,0
23.395872,15.954000,112.000,40.358000,1.781000,125.003967,3796,563,0,189,401,3406,49,0
23.397822,1.950000,112.000,40.358000,1.781000,125.004448,3796,563,0,189,401,3406,49,0
23.412067,14.245000,112.000,40.358000,1.781000,125.004898,3796,563,0,189,401,3406,49,0
23.414111,2.044000,112.000,40.358000,1.781000,125.005379,3796,563,0,189,401,3406,49,0
23.428258,14.147000,112.000,40.358000,1.781000,125.011879,3806,563,0,189,401,3406,49,0
23.430172,1.914000,112.000,40.358000,1.781000,125.012360,3806,563,0,189,401,3406,49,0
23.446061,15.889000,112.000,40.358000,1.781000,125.011215,3803,563,0,189,401,3406,49,0
23.448780,2.719000,112.000,40.358000,1.781000,125.011696,3803,563,0,189,401,3406,49,0
23.462647,13.867000,112.000,40.358000,1.781000,125.010513,3800,563,0,189,401,3406,49,0
23.465555,2.908000,112.000,40.358000,1.781000,125.010994,3800,563,0,189,401,3406,49,0
23.478129,12.574000,112.000,40.358000,1.781000,125.011581,3800,563,0,189,401,3406,49,0
23.526559,48.430000,112.000,40.358000,1.781000,125.175976,3940,572,0,238,489,3582,49,0
23.531677,5.118000,112.000,40.358000,1.781000,125.176304,3940,572,0,238,487,3578,49,0
23.544799,13.122000,112.000,40.358000,1.781000,125.119396,3838,572,0,236,485,3574,49,0
23.547596,2.797000,112.000,40.358000,1.781000,125.118237,3835,572,0,236,485,3574,49,0
23.560414,12.818000,112.000,40.358000,1.781000,125.117077,3832,572,0,236,485,3574,49,0
23.564399,3.985000,112.000,40.358000,1.781000,125.119225,3835,572,0,236,485,3574,49,0
23.576920,12.521000,112.000,40.358000,1.781000,125.119705,3835,572,0,236,485,3574,49,0
23.580605,3.685000,112.000,40.358000,1.781000,125.120140,3835,572,0,236,485,3574,49,0
23.593763,13.158000,112.000,40.358000,1.781000,125.120621,3835,572,0,236,485,3574,49,0
23.597895,4.132000,112.000,40.358000,1.781000,125.124470,3841,572,0,236,485,3574,49,0
23.610466,12.571000,112.000,40.358000,1.781000,125.124950,3841,572,0,236,485,3574,49,0
23.614136,3.670000,112.000,40.358000,1.781000,125.122913,3837,572,0,236,485,3574,49,0
23.626923,12.787000,112.000,40.358000,1.781000,125.123394,3837,572,0,235,449,3502,49,0
23.630677,3.754000,112.000,40.358000,1.781000,125.123730,3837,572,0,235,449,3502,49,0
23.643784,13.107000,112.000,40.358000,1.781000,125.076790,3835,572,0,235,449,3502,49,0
23.648336,4.552000,112.000,40.358000,1.781000,125.079430,3835,572,0,235,449,3502,49,3
23.660446,12.110000,112.000,40.358000,1.781000,125.079910,3835,572,0,235,449,3502,49,3
23.665109,4.663000,112.000,46.669000,2.265000,125.085728,3844,571,0,235,449,3502,49,6
23.677030,11.921000,112.000,46.669000,2.265000,125.082951,3839,571,0,236,449,3502,49,6
23.681827,4.797000,112.000,46.669000,2.265000,125.089855,3851,570,0,236,449,3502,49,6
23.693865,12.038000,112.000,46.669000,2.265000,125.087078,3846,570,0,237,449,3502,49,6
23.698955,5.090000,112.000,46.669000,2.265000,125.089279,3882,564,0,237,449,3502,49,0
23.710444,11.489000,112.000,46.669000,2.265000,125.066940,3846,564,0,242,449,3502,49,0
23.714817,4.373000,112.000,46.669000,2.265000,125.065811,3843,564,0,241,448,3500,49,0
23.727038,12.221000,112.000,46.669000,2.265000,125.066292,3843,564,0,241,448,3500,49,0
23.731591,4.553000,112.000,46.669000,2.265000,125.066772,3843,564,0,239,446,3496,49,0
23.743793,12.202000,112.000,46.669000,2.265000,125.056839,3839,560,0,238,445,3494,49,0
23.748182,4.389000,112.000,46.669000,2.265000,125.052925,3832,560,0,238,445,3494,49,0
23.760478,12.296000,112.000,46.669000,2.265000,125.053406,3832,560,0,237,444,3492,49,0
23.764920,4.442000,112.000,46.669000,2.265000,125.052200,3829,560,0,236,443,3490,49,0
23.777017,12.097000,112.000,46.669000,2.265000,125.052551,3829,560,0,235,442,3488,49,0
23.781342,4.325000,112.000,46.669000,2.265000,125.037468,3820,555,0,234,441,3486,49,0
23.793803,12.461000,112.000,46.669000,2.265000,125.031631,3810,555,0,234,441,3486,49,0
23.798114,4.311000,112.000,46.669000,2.265000,125.032158,3810,555,0,234,441,3486,49,0
23.810477,12.363000,112.000,46.669000,2.265000,125.065109,3809,555,0,237,464,3532,49,0
23.814876,4.399000,112.000,46.669000,2.265000,125.067219,3812,555,0,229,456,3516,49,0
23.826999,12.123000,112.000,46.669000,2.265000,125.063808,3812,555,0,229,456,3516,49,0
23.831235,4.236000,112.000,46.669000,2.265000,125.061005,3806,555,0,228,455,3514,49,0
23.843889,12.654000,112.000,46.669000,2.265000,125.061485,3806,555,0,228,455,3514,49,0
23.848284,4.395000,112.000,46.669000,2.265000,125.063702,3809,555,0,227,454,3512,49,0
23.860425,12.141000,112.000,46.669000,2.265000,125.064182,3809,555,0,227,454,3512,49,0
23.865215,4.790000,112.000,46.669000,2.265000,125.067947,3815,555,0,221,448,3500,49,0
23.877012,11.797000,112.000,46.669000,2.265000,125.068428,3815,555,0,221,448,3500,49,0
23.881154,4.142000,112.000,46.669000,2.265000,125.072289,3821,555,0,221,448,3500,49,0
23.893864,12.710000,112.000,46.669000,2.265000,125.072769,3821,555,0,221,448,3500,49,0
23.898211,4.347000,112.000,46.669000,2.265000,125.073196,3821,555,0,221,448,3500,49,0
23.910460,12.249000,112.000,46.669000,2.265000,125.073677,3821,555,0,221,448,3500,49,0
23.914679,4.219000,112.000,46.669000,2.265000,125.070843,3815,555,0,221,448,3500,49,0
23.926994,12.315000,112.000,46.669000,2.265000,125.071323,3815,555,0,220,447,3498,49,0
23.931394,4.400000,112.000,46.669000,2.265000,125.061375,3810,552,0,220,447,3498,49,0
23.943756,12.362000,112.000,46.669000,2.265000,125.058109,3804,552,0,219,446,3496,49,0
23.948313,4.557000,112.000,46.669000,2.265000,125.045300,3800,549,0,218,425,3454,49,0
23.960432,12.119000,112.000,46.669000,2.265000,125.042088,3794,549,0,212,419,3442,49,0
23.964735,4.303000,112.000,46.669000,2.265000,124.979706,3767,531,0,210,417,3438,49,0
23.977001,12.266000,112.000,46.669000,2.265000,124.929237,3731,531,0,210,417,3438,49,0
23.981696,4.695000,112.000,46.669000,2.265000,124.929665,3731,531,0,210,417,3438,49,0
23.993631,11.935000,112.000,46.669000,2.265000,124.930145,3731,531,0,210,417,3438,49,0
23.997815,4.184000,112.000,46.669000,2.265000,124.930641,3731,531,0,210,417,3438,49,0
24.010450,12.635000,112.000,46.669000,2.265000,124.931122,3731,531,0,210,417,3438,49,0
24.014936,4.486000,112.000,46.669000,2.265000,124.933170,3734,531,0,210,417,3438,49,0
24.026968,12.032000,112.000,46.669000,2.265000,124.933651,3734,531,0,210,417,3438,49,0
24.031289,4.321000,112.000,46.669000,2.265000,124.940102,3744,531,0,210,417,3438,49,0
24.043878,12.589000,112.000,46.669000,2.265000,124.940582,3744,531,0,210,417,3438,49,0
24.048007,4.129000,112.000,46.669000,2.265000,124.941067,3744,531,0,210,417,3438,49,0
24.060451,12.444000,112.000,46.669000,2.265000,124.941547,3744,531,0,210,417,3438,49,0
24.065084,4.633000,112.000,46.669000,2.265000,124.942009,3744,531,0,210,417,3438,49,0
24.077020,11.936000,112.000,46.669000,2.265000,124.942490,3744,531,0,210,417,3438,49,0
24.081506,4.486000,112.000,46.669000,2.265000,124.941269,3741,531,0,210,417,3438,49,0
24.126183,44.677000,112.000,46.669000,2.265000,125.101170,3894,540,0,229,473,3550,49,0
24.130534,4.351000,112.000,46.669000,2.265000,125.097996,3888,540,0,229,469,3542,49,0
24.143887,13.353000,112.000,46.669000,2.265000,125.035557,3774,540,0,229,469,3542,49,0
24.147822,3.935000,112.000,46.669000,2.265000,125.036037,3774,540,0,195,435,3474,49,0
24.161190,13.368000,112.000,46.669000,2.265000,125.021652,3777,540,0,195,435,3474,49,0
24.163405,2.215000,112.000,46.669000,2.265000,125.022087,3777,540,0,195,435,3474,49,0
24.177812,14.407000,112.000,46.669000,2.265000,125.022568,3777,540,0,195,435,3474,49,0
24.180388,2.576000,112.000,46.669000,2.265000,125.021408,3774,540,0,195,435,3474,49,0
24.193785,13.397000,112.000,46.669000,2.265000,125.021889,3774,540,0,195,435,3474,49,0
24.198113,4.328000,112.000,46.669000,2.265000,125.143829,3851,572,0,195,435,3474,49,0
24.210506,12.393000,112.000,46.669000,2.265000,125.150124,3851,572,0,204,451,3506,49,0
24.214466,3.960000,112.000,46.669000,2.265000,125.150623,3851,572,0,204,451,3506,49,0
24.226921,12.455000,112.000,46.669000,2.265000,125.148548,3847,572,0,204,451,3506,49,0
24.236595,9.674000,112.000,46.669000,2.265000,125.144527,3845,572,0,203,415,3434,49,0
24.238683,2.088000,112.000,46.669000,2.265000,125.145008,3845,572,0,203,415,3434,49,0
24.253133,14.450000,112.000,46.669000,2.265000,125.143848,3842,572,0,203,415,3434,49,0
24.260475,7.342000,112.000,46.669000,2.265000,125.098480,3842,572,0,203,415,3434,49,0
24.264485,4.010000,112.000,46.669000,2.265000,125.099087,3842,572,0,203,415,3434,49,0
24.276939,12.454000,112.000,46.669000,2.265000,125.099567,3842,572,0,203,415,3434,49,0
24.281154,4.215000,112.000,46.669000,2.265000,125.100239,3842,572,0,203,415,3434,49,0
24.293818,12.664000,112.000,46.669000,2.265000,125.100719,3842,572,0,203,415,3434,49,0
24.298603,4.785000,112.000,46.669000,2.265000,125.102810,3845,572,0,203,415,3434,49,0
24.310245,11.642000,112.000,46.669000,2.265000,125.102650,3845,572,0,203,415,3434,49,0
24.314531,4.286000,112.000,46.669000,2.265000,125.099590,3839,572,0,203,415,3434,49,0
24.327026,12.495000,112.000,46.669000,2.265000,125.096790,3833,572,0,202,414,3432,49,0
24.331334,4.308000,112.000,46.669000,2.265000,125.097301,3833,572,0,202,414,3432,49,0
24.343799,12.465000,112.000,46.669000,2.265000,125.097782,3833,572,0,200,412,3428,49,0
24.348595,4.796000,112.000,46.669000,2.265000,125.098118,3833,572,0,199,411,3426,49,0
24.359968,11.373000,112.000,46.669000,2.265000,125.088184,3829,568,0,199,411,3426,49,0
24.364480,4.512000,112.000,46.669000,2.265000,125.084225,3822,568,0,199,411,3426,49,0
24.376954,12.474000,112.000,46.669000,2.265000,125.084660,3822,568,0,197,409,3422,49,0
24.381042,4.088000,112.000,46.669000,2.265000,125.085075,3822,568,0,196,408,3420,49,0
24.393799,12.757000,112.000,46.669000,2.265000,125.070023,3813,563,0,195,407,3418,49,0
24.398905,5.106000,112.000,46.669000,2.265000,125.065800,3806,563,0,195,407,3418,49,0
24.405021,6.116000,112.000,46.669000,2.265000,125.115932,3808,563,0,230,462,3528,49,0
24.419799,14.778000,112.000,46.669000,2.265000,125.116413,3808,563,0,230,462,3528,49,0
24.426911,7.112000,112.000,46.669000,2.265000,125.116894,3808,563,0,230,462,3528,49,0
24.431118,4.207000,112.000,46.669000,2.265000,125.116386,3808,563,0,228,460,3524,49,0
24.443813,12.695000,112.000,46.669000,2.265000,125.116867,3808,563,0,228,460,3524,49,0
24.448187,4.374000,112.000,46.669000,2.265000,125.117332,3808,563,0,228,460,3524,49,0
24.460450,12.263000,112.000,46.669000,2.265000,125.117813,3808,563,0,228,460,3524,49,0
24.464617,4.167000,112.000,46.669000,2.265000,125.118248,3808,563,0,228,460,3524,49,0
24.476947,12.330000,112.000,46.669000,2.265000,125.118729,3808,563,0,228,460,3524,49,0
24.480960,4.013000,112.000,46.669000,2.265000,125.119240,3808,563,0,228,460,3524,49,0
24.493753,12.793000,112.000,46.669000,2.265000,125.119675,3808,563,0,228,460,3524,49,0
24.497901,4.148000,112.000,46.669000,2.265000,125.120125,3808,563,0,228,460,3524,49,0
24.510459,12.558000,112.000,46.669000,2.265000,125.120605,3808,563,0,228,460,3524,49,0
24.514557,4.098000,112.000,46.669000,2.265000,125.119400,3805,563,0,228,460,3524,49,0
24.527038,12.481000,112.000,46.669000,2.265000,125.119881,3805,563,0,228,460,3524,49,0
24.531101,4.063000,112.000,46.669000,2.265000,125.118736,3802,563,0,228,460,3524,49,0
24.543655,12.554000,112.000,46.669000,2.265000,125.119217,3802,563,0,228,460,3524,49,0
24.547632,3.977000,112.000,46.669000,2.265000,125.119614,3802,563,0,227,439,3482,49,0
24.560510,12.878000,112.000,46.669000,2.265000,125.115685,3800,563,0,227,439,3482,49,0
24.564778,4.268000,112.000,46.669000,2.265000,125.117786,3803,563,0,227,439,3482,49,0
24.577022,12.244000,112.000,46.669000,2.265000,125.089474,3803,563,0,227,439,3482,49,0
24.581302,4.280000,112.000,46.669000,2.265000,125.090008,3803,563,0,227,439,3482,49,0
24.593800,12.498000,112.000,46.669000,2.265000,125.090488,3803,563,0,227,439,3482,49,0
24.598065,4.265000,112.000,46.669000,2.265000,125.091053,3803,563,0,227,439,3482,49,0
24.610427,12.362000,112.000,46.669000,2.265000,125.091534,3803,563,0,227,439,3482,49,0
24.615075,4.648000,112.000,46.669000,2.265000,125.092052,3803,563,0,227,439,3482,49,0
24.627049,11.974000,112.000,46.669000,2.265000,125.092533,3803,563,0,227,439,3482,49,0
24.631099,4.050000,112.000,46.669000,2.265000,125.091320,3800,563,0,227,439,3482,49,0
24.643643,12.544000,112.000,46.669000,2.265000,125.097805,3810,563,0,227,439,3482,49,0
24.647989,4.346000,112.000,46.669000,2.265000,125.099930,3813,563,0,227,439,3482,49,0
24.660479,12.490000,112.000,46.669000,2.265000,125.100410,3813,563,0,227,439,3482,49,0
24.666707,6.228000,116.000,43.641000,1.917000,125.100979,3813,563,0,227,439,3482,49,0
24.672247,5.540000,116.000,43.641000,1.917000,125.101460,3813,563,0,227,439,3482,49,0
24.687078,14.831000,116.000,43.641000,1.917000,125.105263,3819,563,0,227,439,3482,49,0
24.693685,6.607000,116.000,43.641000,1.917000,125.105743,3819,563,0,227,439,3482,49,0
24.738792,45.107000,116.000,43.641000,1.917000,125.258282,3966,572,0,238,487,3578,49,0
24.752944,14.152000,116.000,43.641000,1.917000,125.258610,3966,572,0,200,447,3498,49,0
24.761347,8.403000,116.000,43.641000,1.917000,125.184277,3864,572,0,200,447,3498,49,0
24.765139,3.792000,116.000,43.641000,1.917000,125.188080,3870,572,0,200,447,3498,49,0
24.777058,11.919000,116.000,43.641000,1.917000,125.188560,3870,572,0,200,447,3498,49,0
24.781023,3.965000,116.000,43.641000,1.917000,125.189041,3870,572,0,200,447,3498,49,0
24.793802,12.779000,116.000,43.641000,1.917000,125.187881,3867,572,0,200,447,3498,49,0
24.797866,4.064000,116.000,43.641000,1.917000,125.188362,3867,572,0,200,447,3498,49,0
24.810443,12.577000,116.000,43.641000,1.917000,125.188843,3867,572,0,200,447,3498,49,0
24.814393,3.950000,116.000,43.641000,1.917000,125.189323,3867,572,0,200,447,3498,49,0
24.827079,12.686000,116.000,43.641000,1.917000,125.189804,3867,572,0,200,447,3498,49,0
24.831153,4.074000,116.000,43.641000,1.917000,125.187782,3863,572,0,200,447,3498,49,0
24.843606,12.453000,116.000,43.641000,1.917000,125.188263,3863,572,0,199,411,3426,49,0
24.847776,4.170000,116.000,43.641000,1.917000,125.188549,3860,572,0,199,411,3426,49,2
24.860388,12.612000,116.000,43.641000,1.917000,125.184620,3858,572,0,199,411,3426,49,2
24.865055,4.667000,116.000,43.641000,1.917000,125.144249,3864,571,0,199,411,3426,49,7
24.877059,12.004000,116.000,43.641000,1.917000,125.141472,3859,571,0,200,411,3426,49,7
24.881268,4.209000,116.000,43.641000,1.917000,125.142742,3862,570,0,200,411,3426,49,6
24.893706,12.438000,116.000,43.641000,1.917000,125.139965,3857,570,0,201,411,3426,49,6
24.898234,4.528000,116.000,43.641000,1.917000,125.144573,3896,564,0,201,411,3426,49,0
24.910341,12.107000,116.000,43.641000,1.917000,125.125736,3866,564,0,206,411,3426,49,0
24.914246,3.905000,116.000,43.641000,1.917000,125.122272,3860,564,0,206,411,3426,49,0
24.926994,12.748000,116.000,43.641000,1.917000,125.119251,3854,564,0,206,411,3426,49,0
24.931293,4.299000,116.000,43.641000,1.917000,125.121376,3857,564,0,205,410,3424,49,0
24.943688,12.395000,116.000,43.641000,1.917000,125.121857,3857,564,0,205,410,3424,49,0
24.948038,4.350000,116.000,43.641000,1.917000,125.125683,3863,564,0,203,408,3420,49,0
24.960339,12.301000,116.000,43.641000,1.917000,125.126163,3863,564,0,202,407,3418,49,0
24.964094,3.755000,116.000,43.641000,1.917000,125.119560,3865,560,0,202,407,3418,49,0
24.977092,12.998000,116.000,43.641000,1.917000,125.115692,3858,560,0,202,407,3418,49,0
24.981281,4.189000,116.000,43.641000,1.917000,125.117794,3861,560,0,200,405,3414,49,0
24.993741,12.460000,116.000,43.641000,1.917000,125.116550,3858,560,0,199,404,3412,49,0
24.997454,3.713000,116.000,43.641000,1.917000,125.115292,3855,560,0,198,403,3410,49,0
25.010324,12.870000,116.000,43.641000,1.917000,125.098827,3843,555,0,198,403,3410,49,0
25.014839,4.515000,116.000,43.641000,1.917000,125.092960,3833,555,0,198,403,3410,49,0
25.027042,12.203000,116.000,43.641000,1.917000,125.147621,3835,555,0,237,464,3532,49,0
25.030982,3.940000,116.000,43.641000,1.917000,125.133121,3838,555,0,202,429,3462,49,0
25.043686,12.704000,116.000,43.641000,1.917000,125.133602,3838,555,0,202,429,3462,49,0
25.047589,3.903000,116.000,43.641000,1.917000,125.135727,3841,555,0,201,428,3460,49,0
25.060283,12.694000,116.000,43.641000,1.917000,125.136208,3841,555,0,201,428,3460,49,0
25.064139,3.856000,116.000,43.641000,1.917000,125.136673,3841,555,0,195,422,3448,49,0
25.077008,12.869000,116.000,43.641000,1.917000,125.137154,3841,555,0,195,422,3448,49,0
25.080875,3.867000,116.000,43.641000,1.917000,125.137680,3841,555,0,195,422,3448,49,0
25.093914,13.039000,116.000,43.641000,1.917000,125.138161,3841,555,0,195,422,3448,49,0
25.098252,4.338000,116.000,43.641000,1.917000,125.140282,3844,555,0,195,422,3448,49,0
25.110368,12.116000,116.000,43.641000,1.917000,125.140762,3844,555,0,195,422,3448,49,0
25.114866,4.498000,116.000,43.641000,1.917000,125.141228,3844,555,0,195,422,3448,49,0
25.126980,12.114000,116.000,43.641000,1.917000,125.141708,3844,555,0,195,422,3448,49,0
25.130555,3.575000,116.000,43.641000,1.917000,125.131721,3839,552,0,194,421,3446,49,0
25.143893,13.338000,116.000,43.641000,1.917000,125.128510,3833,552,0,194,421,3446,49,0
25.148374,4.481000,116.000,43.641000,1.917000,125.118511,3828,549,0,193,420,3444,49,0
25.160485,12.111000,116.000,43.641000,1.917000,125.115246,3822,549,0,187,414,3432,49,0
25.164995,4.510000,116.000,43.641000,1.917000,125.046143,3787,531,0,186,391,3386,49,0
25.176990,11.995000,116.000,43.641000,1.917000,125.024467,3751,531,0,186,391,3386,49,0
25.181113,4.123000,116.000,43.641000,1.917000,125.024956,3751,531,0,186,391,3386,49,0
25.193848,12.735000,116.000,43.641000,1.917000,124.994049,3751,531,0,186,391,3386,49,0
25.198209,4.361000,116.000,43.641000,1.917000,124.991199,3745,531,0,186,391,3386,49,0
25.210427,12.218000,116.000,43.641000,1.917000,124.991680,3745,531,0,186,391,3386,49,0
25.214957,4.530000,116.000,43.641000,1.917000,124.990604,3742,531,0,186,391,3386,49,0
25.226992,12.035000,116.000,43.641000,1.917000,124.991085,3742,531,0,186,391,3386,49,0
25.237108,10.116000,116.000,43.641000,1.917000,124.993225,3745,531,0,186,391,3386,49,0
25.239714,2.606000,116.000,43.641000,1.917000,124.993706,3745,531,0,186,391,3386,49,0
25.253836,14.122000,116.000,43.641000,1.917000,125.000217,3755,531,0,186,391,3386,49,0
25.260456,6.620000,116.000,43.641000,1.917000,125.000698,3755,531,0,186,391,3386,49,0
25.265843,5.387000,116.000,43.641000,1.917000,124.999538,3752,531,0,186,391,3386,49,0
25.276941,11.098000,116.000,43.641000,1.917000,125.000019,3752,531,0,186,391,3386,49,0
25.281065,4.124000,116.000,43.641000,1.917000,124.998829,3749,531,0,186,391,3386,49,0
25.293804,12.739000,116.000,43.641000,1.917000,124.999310,3749,531,0,186,391,3386,49,0
25.298476,4.672000,116.000,43.641000,1.917000,124.999790,3749,531,0,186,391,3386,49,0
25.343576,45.100000,116.000,43.641000,1.917000,125.161625,3891,540,0,229,471,3546,49,0
25.355200,11.624000,116.000,43.641000,1.917000,125.161953,3891,540,0,229,469,3542,49,0
25.360443,5.243000,116.000,43.641000,1.917000,125.102726,3783,540,0,229,469,3542,49,0
25.364183,3.740000,116.000,43.641000,1.917000,125.103207,3783,540,0,229,469,3542,49,0
25.377904,13.721000,116.000,43.641000,1.917000,125.098854,3783,540,0,219,459,3522,49,0
25.380221,2.317000,116.000,43.641000,1.917000,125.099335,3783,540,0,219,459,3522,49,0
25.394787,14.566000,116.000,43.641000,1.917000,125.101467,3786,540,0,219,459,3522,49,0
25.397876,3.089000,116.000,43.641000,1.917000,125.224884,3866,572,0,219,459,3522,49,0
25.410191,12.315000,116.000,43.641000,1.917000,125.231178,3866,572,0,228,475,3554,49,0
25.413867,3.676000,116.000,43.641000,1.917000,125.228367,3860,572,0,228,475,3554,49,0
25.426929,13.062000,116.000,43.641000,1.917000,125.228848,3860,572,0,228,475,3554,49,0
25.430742,3.813000,116.000,43.641000,1.917000,125.229328,3860,572,0,228,475,3554,49,0
25.443824,13.082000,116.000,43.641000,1.917000,125.227253,3856,572,0,228,475,3554,49,0
25.448635,4.811000,116.000,43.641000,1.917000,125.223324,3854,572,0,227,439,3482,49,0
25.460471,11.836000,116.000,43.641000,1.917000,125.223804,3854,572,0,227,439,3482,49,0
25.464582,4.111000,116.000,43.641000,1.917000,125.181931,3854,572,0,227,439,3482,49,0
25.476978,12.396000,116.000,43.641000,1.917000,125.182411,3854,572,0,227,439,3482,49,0
25.480939,3.961000,116.000,43.641000,1.917000,125.184517,3857,572,0,227,439,3482,49,0
25.493757,12.818000,116.000,43.641000,1.917000,125.184998,3857,572,0,227,439,3482,49,0
25.498199,4.442000,116.000,43.641000,1.917000,125.185665,3857,572,0,227,439,3482,49,0
25.510319,12.120000,116.000,43.641000,1.917000,125.186146,3857,572,0,227,439,3482,49,0
25.514217,3.898000,116.000,43.641000,1.917000,125.186657,3857,572,0,227,439,3482,49,0
25.526948,12.731000,116.000,43.641000,1.917000,125.186497,3857,572,0,227,439,3482,49,0
25.530960,4.012000,116.000,43.641000,1.917000,125.183430,3851,572,0,227,439,3482,49,0
25.543832,12.872000,116.000,43.641000,1.917000,125.183865,3851,572,0,226,438,3480,49,0
25.548363,4.531000,116.000,43.641000,1.917000,125.184315,3851,572,0,226,438,3480,49,0
25.560389,12.026000,116.000,43.641000,1.917000,125.184795,3851,572,0,224,436,3476,49,0
25.564336,3.947000,116.000,43.641000,1.917000,125.185261,3851,572,0,223,435,3474,49,0
25.576952,12.616000,116.000,43.641000,1.917000,125.175327,3847,568,0,223,435,3474,49,0
25.581063,4.111000,116.000,43.641000,1.917000,125.171429,3840,568,0,223,435,3474,49,0
25.593785,12.722000,116.000,43.641000,1.917000,125.171909,3840,568,0,221,433,3470,49,0
25.598122,4.337000,116.000,43.641000,1.917000,125.170727,3837,568,0,220,432,3468,49,0
25.610463,12.341000,116.000,43.641000,1.917000,125.169338,3834,568,0,219,431,3466,49,0
25.615034,4.571000,116.000,43.641000,1.917000,125.156139,3828,563,0,219,431,3466,49,0
25.626936,11.902000,116.000,43.641000,1.917000,125.148663,3815,563,0,219,431,3466,49,0
25.632201,5.265000,116.000,43.641000,1.917000,125.189686,3817,563,0,230,464,3532,49,0
25.643643,11.442000,116.000,43.641000,1.917000,125.190166,3817,563,0,230,464,3532,49,0
25.647935,4.292000,116.000,43.641000,1.917000,125.173843,3820,563,0,192,426,3456,49,0
25.660588,12.653000,116.000,43.641000,1.917000,125.174324,3820,563,0,192,426,3456,49,0
25.664867,4.279000,111.000,44.191000,2.015000,125.174828,3820,563,0,192,426,3456,49,0
25.676954,12.087000,111.000,44.191000,2.015000,125.175308,3820,563,0,192,426,3456,49,0
25.680995,4.041000,111.000,44.191000,2.015000,125.175789,3820,563,0,192,426,3456,49,0
25.693656,12.661000,111.000,44.191000,2.015000,125.176270,3820,563,0,192,426,3456,49,0
25.698090,4.434000,111.000,44.191000,2.015000,125.176716,3820,563,0,192,426,3456,49,0
25.710437,12.347000,111.000,44.191000,2.015000,125.177151,3820,563,0,192,426,3456,49,0
25.714889,4.452000,111.000,44.191000,2.015000,125.176006,3817,563,0,192,426,3456,49,0
25.726949,12.060000,111.000,44.191000,2.015000,125.176487,3817,563,0,192,426,3456,49,0
25.736198,9.249000,111.000,44.191000,2.015000,125.178596,3820,563,0,192,426,3456,49,0
25.738667,2.469000,111.000,44.191000,2.015000,125.179077,3820,563,0,192,426,3456,49,0
25.753237,14.570000,111.000,44.191000,2.015000,125.179523,3820,563,0,192,426,3456,49,0
25.760460,7.223000,111.000,44.191000,2.015000,125.180004,3820,563,0,192,426,3456,49,0
25.764900,4.440000,111.000,44.191000,2.015000,125.183826,3826,563,0,192,426,3456,49,0
25.776939,12.039000,111.000,44.191000,2.015000,125.184174,3826,563,0,191,403,3410,49,0
25.780701,3.762000,111.000,44.191000,2.015000,125.180244,3824,563,0,191,403,3410,49,0
25.793878,13.177000,111.000,44.191000,2.015000,125.180725,3824,563,0,191,403,3410,49,0
25.798838,4.960000,111.000,44.191000,2.015000,125.149986,3824,563,0,191,403,3410,49,0
25.810442,11.604000,111.000,44.191000,2.015000,125.150467,3824,563,0,191,403,3410,49,0
25.814725,4.283000,111.000,44.191000,2.015000,125.150948,3824,563,0,191,403,3410,49,0
25.826940,12.215000,111.000,44.191000,2.015000,125.151428,3824,563,0,191,403,3410,49,0
25.830684,3.744000,111.000,44.191000,2.015000,125.153469,3827,563,0,191,403,3410,49,0
25.843692,13.008000,111.000,44.191000,2.015000,125.153950,3827,563,0,191,403,3410,49,0
25.847872,4.180000,111.000,44.191000,2.015000,125.157734,3833,563,0,191,403,3410,49,0
25.860483,12.611000,111.000,44.191000,2.015000,125.164219,3843,563,0,191,403,3410,49,0
25.864954,4.471000,111.000,44.191000,2.015000,125.164658,3843,563,0,191,403,3410,49,0
25.876946,11.992000,111.000,44.191000,2.015000,125.165138,3843,563,0,191,403,3410,49,0
25.881168,4.222000,111.000,44.191000,2.015000,125.163994,3840,563,0,191,403,3410,49,0
25.893834,12.666000,111.000,44.191000,2.015000,125.164474,3840,563,0,191,403,3410,49,0
25.898158,4.324000,111.000,44.191000,2.015000,125.164978,3840,563,0,191,403,3410,49,0
25.910438,12.280000,111.000,44.191000,2.015000,125.165459,3840,563,0,191,403,3410,49,0
25.953871,43.433000,111.000,44.191000,2.015000,125.332668,3982,572,0,238,487,3578,49,0
25.958949,5.078000,111.000,44.191000,2.015000,125.332996,3982,572,0,236,483,3570,49,0
25.969366,10.417000,111.000,44.191000,2.015000,125.265701,3861,572,0,236,483,3570,49,0
25.976970,7.604000,111.000,44.191000,2.015000,125.266182,3861,572,0,236,483,3570,49,0
25.980581,3.611000,111.000,44.191000,2.015000,125.268269,3864,572,0,236,483,3570,49,0
25.993724,13.143000,111.000,44.191000,2.015000,125.265469,3858,572,0,236,483,3570,49,0
25.997928,4.204000,111.000,44.191000,2.015000,125.265949,3858,572,0,236,483,3570,49,0
26.010389,12.461000,111.000,44.191000,2.015000,125.266430,3858,572,0,236,483,3570,49,0
26.014994,4.605000,111.000,44.191000,2.015000,125.268559,3861,572,0,236,483,3570,49,0
26.027043,12.049000,111.000,44.191000,2.015000,125.269039,3861,572,0,236,483,3570,49,0
26.030826,3.783000,111.000,44.191000,2.015000,125.272839,3867,572,0,236,483,3570,49,0
26.043715,12.889000,111.000,44.191000,2.015000,125.273319,3867,572,0,236,483,3570,49,0
26.047881,4.166000,111.000,44.191000,2.015000,125.277283,3869,572,0,236,483,3570,49,4
26.060480,12.599000,111.000,44.191000,2.015000,125.277763,3869,572,0,235,447,3498,49,4
26.064484,4.004000,111.000,44.191000,2.015000,125.281277,3875,571,0,235,447,3498,49,6
26.076948,12.464000,111.000,44.191000,2.015000,125.274090,3868,571,0,236,447,3498,49,6
26.081297,4.349000,111.000,44.191000,2.015000,125.228653,3868,570,0,236,447,3498,49,6
26.093906,12.609000,111.000,44.191000,2.015000,125.225876,3863,570,0,237,447,3498,49,6
26.098507,4.601000,111.000,44.191000,2.015000,125.228714,3899,564,0,237,447,3498,49,0
26.110484,11.977000,111.000,44.191000,2.015000,125.209877,3869,564,0,242,447,3498,49,0
26.115217,4.733000,111.000,44.191000,2.015000,125.212162,3872,564,0,242,447,3498,49,0
26.126940,11.723000,111.000,44.191000,2.015000,125.212643,3872,564,0,242,447,3498,49,0
26.131099,4.159000,111.000,44.191000,2.015000,125.214020,3875,564,0,242,447,3498,49,0
26.143823,12.724000,111.000,44.191000,2.015000,125.210999,3869,564,0,242,447,3498,49,0
26.148342,4.519000,111.000,44.191000,2.015000,125.211456,3869,564,0,241,446,3496,49,0
26.160284,11.942000,111.000,44.191000,2.015000,125.211937,3869,564,0,241,446,3496,49,0
26.164449,4.165000,111.000,44.191000,2.015000,125.212418,3869,564,0,239,444,3492,49,0
26.176952,12.503000,111.000,44.191000,2.015000,125.212898,3869,564,0,238,443,3490,49,0
26.181112,4.160000,111.000,44.191000,2.015000,125.204582,3868,560,0,238,443,3490,49,0
26.193818,12.706000,111.000,44.191000,2.015000,125.200714,3861,560,0,238,443,3490,49,0
26.198485,4.667000,111.000,44.191000,2.015000,125.201157,3861,560,0,236,441,3486,49,0
26.210476,11.991000,111.000,44.191000,2.015000,125.201553,3861,560,0,235,440,3484,49,0
26.214863,4.387000,111.000,44.191000,2.015000,125.188148,3855,555,0,234,439,3482,49,0
26.227054,12.191000,111.000,44.191000,2.015000,125.180672,3842,555,0,234,439,3482,49,0
26.236282,9.228000,111.000,44.191000,2.015000,125.181175,3842,555,0,233,438,3480,49,0
26.240766,4.484000,111.000,44.191000,2.015000,125.217037,3844,555,0,236,462,3528,49,0
26.253379,12.613000,111.000,44.191000,2.015000,125.215893,3841,555,0,235,461,3526,49,0
26.255944,2.565000,111.000,44.191000,2.015000,125.211510,3841,555,0,225,451,3506,49,0
26.269732,13.788000,111.000,44.191000,2.015000,125.212048,3841,555,0,219,445,3494,49,0
26.276903,7.171000,111.000,44.191000,2.015000,125.212528,3841,555,0,219,445,3494,49,0
26.281020,4.117000,111.000,44.191000,2.015000,125.209728,3835,555,0,219,445,3494,49,0
26.293854,12.834000,111.000,44.191000,2.015000,125.210163,3835,555,0,219,445,3494,49,0
26.299210,5.356000,111.000,44.191000,2.015000,125.209003,3832,555,0,219,445,3494,49,0
26.310472,11.262000,111.000,44.191000,2.015000,125.209438,3832,555,0,219,445,3494,49,0
26.315143,4.671000,111.000,44.191000,2.015000,125.211552,3835,555,0,219,445,3494,49,0
26.326921,11.778000,111.000,44.191000,2.015000,125.212032,3835,555,0,218,444,3492,49,0
26.331022,4.101000,111.000,44.191000,2.015000,125.201977,3830,552,0,218,444,3492,49,0
26.343796,12.774000,111.000,44.191000,2.015000,125.198765,3824,552,0,217,443,3490,49,0
26.348657,4.861000,111.000,44.191000,2.015000,125.187088,3816,549,0,217,443,3490,49,0
26.360449,11.792000,111.000,44.191000,2.015000,125.183876,3810,549,0,211,437,3478,49,0
26.365200,4.751000,111.000,44.191000,2.015000,125.119213,3777,531,0,211,437,3478,49,0
26.376970,11.770000,111.000,44.191000,2.015000,125.097458,3741,531,0,211,437,3478,49,0
26.380767,3.797000,111.000,44.191000,2.015000,125.097862,3741,531,0,210,415,3434,49,0
26.393712,12.945000,111.000,44.191000,2.015000,125.098289,3741,531,0,210,415,3434,49,0
26.397820,4.108000,111.000,44.191000,2.015000,125.094345,3739,531,0,210,415,3434,49,0
26.410598,12.778000,111.000,44.191000,2.015000,125.064690,3739,531,0,210,415,3434,49,0
26.416406,5.808000,111.000,44.191000,2.015000,125.063618,3736,531,0,210,415,3434,49,0
26.426956,10.550000,111.000,44.191000,2.015000,125.064098,3736,531,0,210,415,3434,49,0
26.430777,3.821000,111.000,44.191000,2.015000,125.064594,3736,531,0,210,415,3434,49,0
26.443824,13.047000,111.000,44.191000,2.015000,125.065075,3736,531,0,210,415,3434,49,0
26.448651,4.827000,111.000,44.191000,2.015000,125.065548,3736,531,0,210,415,3434,49,0
26.460400,11.749000,111.000,44.191000,2.015000,125.066029,3736,531,0,210,415,3434,49,0
26.465139,4.739000,111.000,44.191000,2.015000,125.074070,3749,531,0,210,415,3434,49,0
26.476941,11.802000,111.000,44.191000,2.015000,125.074551,3749,531,0,210,415,3434,49,0
26.480939,3.998000,111.000,44.191000,2.015000,125.075085,3749,531,0,210,415,3434,49,0
26.493797,12.858000,111.000,44.191000,2.015000,125.075565,3749,531,0,210,415,3434,49,0
26.498234,4.437000,111.000,44.191000,2.015000,125.072750,3743,531,0,210,415,3434,49,0
26.510473,12.239000,111.000,44.191000,2.015000,125.073231,3743,531,0,210,415,3434,49,0
26.515668,5.195000,111.000,44.191000,2.015000,125.073711,3743,531,0,210,415,3434,49,0
26.560312,44.644000,111.000,44.191000,2.015000,125.228298,3890,540,0,229,471,3546,49,0
26.564149,3.837000,111.000,44.191000,2.015000,125.230320,3893,540,0,229,469,3542,49,0
26.576894,12.745000,111.000,44.191000,2.015000,125.165638,3775,540,0,229,469,3542,49,0
26.580665,3.771000,111.000,44.191000,2.015000,125.167789,3778,540,0,229,469,3542,49,0
26.594742,14.077000,111.000,44.191000,2.015000,125.151733,3778,540,0,195,435,3474,49,0
26.596776,2.034000,111.000,44.191000,2.015000,125.152214,3778,540,0,195,435,3474,49,0
26.611860,15.084000,111.000,44.191000,2.015000,125.275608,3858,572,0,195,435,3474,49,0
26.614592,2.732000,111.000,44.191000,2.015000,125.281837,3858,572,0,204,451,3506,49,0
26.626883,12.291000,111.000,44.191000,2.015000,125.282318,3858,572,0,204,451,3506,49,0
26.630856,3.973000,111.000,44.191000,2.015000,125.282799,3858,572,0,204,451,3506,49,0
26.643804,12.948000,111.000,44.191000,2.015000,125.283279,3858,572,0,204,451,3506,49,0
26.647698,3.894000,111.000,44.191000,2.015000,125.283760,3858,572,0,204,451,3506,49,0
26.660434,12.736000,111.000,44.191000,2.015000,125.281738,3854,572,0,204,451,3506,49,0
26.664562,4.128000,112.000,43.770000,1.887000,125.282219,3854,572,0,203,415,3434,49,0
26.676896,12.334000,112.000,43.770000,1.887000,125.282646,3854,572,0,203,415,3434,49,0
26.680650,3.754000,112.000,43.770000,1.887000,125.277054,3849,572,0,203,415,3434,49,0
26.693881,13.231000,112.000,43.770000,1.887000,125.233582,3849,572,0,203,415,3434,49,0
26.698220,4.339000,112.000,43.770000,1.887000,125.232521,3846,572,0,203,415,3434,49,0
26.710500,12.280000,112.000,43.770000,1.887000,125.232956,3846,572,0,203,415,3434,49,0
26.715797,5.297000,112.000,43.770000,1.887000,125.233372,3846,572,0,203,415,3434,49,0
26.726953,11.156000,112.000,43.770000,1.887000,125.233852,3846,572,0,203,415,3434,49,0
26.736443,9.490000,112.000,43.770000,1.887000,125.235977,3849,572,0,203,415,3434,49,0
26.739043,2.600000,112.000,43.770000,1.887000,125.235817,3849,572,0,203,415,3434,49,0
26.753622,14.579000,112.000,43.770000,1.887000,125.232777,3843,572,0,203,415,3434,49,0
26.760409,6.787000,112.000,43.770000,1.887000,125.233257,3843,572,0,202,414,3432,49,0
26.765248,4.839000,112.000,43.770000,1.887000,125.233799,3843,572,0,202,414,3432,49,0
26.776933,11.685000,112.000,43.770000,1.887000,125.234280,3843,572,0,200,412,3428,49,0
26.781172,4.239000,112.000,43.770000,1.887000,125.234810,3843,572,0,199,411,3426,49,0
26.793822,12.650000,112.000,43.770000,1.887000,125.224876,3839,568,0,199,411,3426,49,0
26.798760,4.938000,112.000,43.770000,1.887000,125.220943,3832,568,0,199,411,3426,49,0
26.810270,11.510000,112.000,43.770000,1.887000,125.219738,3829,568,0,197,409,3422,49,0
26.814257,3.987000,112.000,43.770000,1.887000,125.221703,3832,568,0,196,408,3420,49,0
26.826959,12.702000,112.000,43.770000,1.887000,125.220314,3829,568,0,195,407,3418,49,0
26.831046,4.087000,112.000,43.770000,1.887000,125.207066,3823,563,0,195,407,3418,49,0
26.843846,12.800000,112.000,43.770000,1.887000,125.201229,3813,563,0,195,407,3418,49,0
26.850672,6.826000,112.000,43.770000,1.887000,125.256001,3821,563,0,230,463,3530,49,0
26.855445,4.773000,112.000,43.770000,1.887000,125.256481,3821,563,0,230,463,3530,49,0
26.869535,14.090000,112.000,43.770000,1.887000,125.255974,3821,563,0,228,461,3526,49,0
26.876957,7.422000,112.000,43.770000,1.887000,125.256454,3821,563,0,228,461,3526,49,0
26.880909,3.952000,112.000,43.770000,1.887000,125.256935,3821,563,0,228,461,3526,49,0
26.893786,12.877000,112.000,43.770000,1.887000,125.257416,3821,563,0,228,461,3526,49,0
26.898154,4.368000,112.000,43.770000,1.887000,125.257881,3821,563,0,228,461,3526,49,0
26.910438,12.284000,112.000,43.770000,1.887000,125.258362,3821,563,0,228,461,3526,49,0
26.915060,4.622000,112.000,43.770000,1.887000,125.260475,3824,563,0,228,461,3526,49,0
26.926918,11.858000,112.000,43.770000,1.887000,125.260910,3824,563,0,228,461,3526,49,0
26.930804,3.886000,112.000,43.770000,1.887000,125.264687,3830,563,0,228,461,3526,49,0
26.943795,12.991000,112.000,43.770000,1.887000,125.265167,3830,563,0,228,461,3526,49,0
26.948526,4.731000,112.000,43.770000,1.887000,125.265625,3830,563,0,228,461,3526,49,0
26.960411,11.885000,112.000,43.770000,1.887000,125.266106,3830,563,0,228,461,3526,49,0
26.964434,4.023000,112.000,43.770000,1.887000,125.264931,3827,563,0,228,461,3526,49,0
26.976981,12.547000,112.000,43.770000,1.887000,125.265411,3827,563,0,228,461,3526,49,0
26.981121,4.140000,112.000,43.770000,1.887000,125.265884,3827,563,0,228,461,3526,49,0
27.014111,32.990000,112.000,43.770000,1.887000,125.266312,3827,563,0,227,439,3482,49,0
27.016863,2.752000,112.000,43.770000,1.887000,125.262383,3825,563,0,227,439,3482,49,0
27.028151,11.288000,112.000,43.770000,1.887000,125.231304,3822,563,0,227,439,3482,49,0
27.039393,11.242000,112.000,43.770000,1.887000,125.231785,3822,563,0,227,439,3482,49,0
27.044063,4.670000,112.000,43.770000,1.887000,125.232265,3822,563,0,227,439,3482,49,0
27.056154,12.091000,112.000,43.770000,1.887000,125.232746,3822,563,0,227,439,3482,49,0
27.059650,3.496000,112.000,43.770000,1.887000,125.231586,3819,563,0,227,439,3482,49,0
27.072725,13.075000,112.000,43.770000,1.887000,125.232021,3819,563,0,227,439,3482,49,0
27.076649,3.924000,112.000,43.770000,1.887000,125.240170,3832,563,0,227,439,3482,49,0
27.089447,12.798000,112.000,43.770000,1.887000,125.237370,3826,563,0,227,439,3482,49,0
27.093126,3.679000,112.000,43.770000,1.887000,125.237843,3826,563,0,227,439,3482,49,0
27.107840,14.714000,112.000,43.770000,1.887000,125.239986,3829,563,0,227,439,3482,49,0
27.109601,1.761000,112.000,43.770000,1.887000,125.240421,3829,563,0,227,439,3482,49,0
27.123912,14.311000,112.000,43.770000,1.887000,125.244171,3835,563,0,227,439,3482,49,0
27.168296,44.384000,112.000,43.770000,1.887000,125.396076,3986,572,0,238,487,3578,49,0
27.182103,13.807000,112.000,43.770000,1.887000,125.396374,3986,572,0,238,485,3574,49,0
27.186241,4.138000,112.000,43.770000,1.887000,125.312691,3867,572,0,200,447,3498,49,0
27.198627,12.386000,112.000,43.770000,1.887000,125.314819,3870,572,0,200,447,3498,49,0
27.201288,2.661000,112.000,43.770000,1.887000,125.315300,3870,572,0,200,447,3498,49,0
27.215428,14.140000,112.000,43.770000,1.887000,125.317429,3873,572,0,200,447,3498,49,0
27.217994,2.566000,112.000,43.770000,1.887000,125.317909,3873,572,0,200,447,3498,49,0
27.231978,13.984000,112.000,43.770000,1.887000,125.318390,3873,572,0,200,447,3498,49,0
27.234634,2.656000,112.000,43.770000,1.887000,125.318871,3873,572,0,200,447,3498,49,0
27.248970,14.336000,112.000,43.770000,1.887000,125.322086,3873,572,0,200,447,3498,49,4
27.251809,2.839000,112.000,43.770000,1.887000,125.322521,3873,572,0,200,447,3498,49,4
27.265884,14.075000,112.000,43.770000,1.887000,125.325275,3878,571,0,199,411,3426,49,6
27.269178,3.294000,112.000,43.770000,1.887000,125.322498,3873,571,0,200,411,3426,49,6
27.282307,13.129000,112.000,43.770000,1.887000,125.326031,3879,570,0,200,411,3426,49,6
27.284845,2.538000,112.000,43.770000,1.887000,125.275833,3872,570,0,201,411,3426,49,6
27.299346,14.501000,112.000,43.770000,1.887000,125.280502,3911,564,0,201,411,3426,49,0
27.301832,2.486000,112.000,43.770000,1.887000,125.260025,3878,564,0,206,411,3426,49,0
27.316144,14.312000,112.000,43.770000,1.887000,125.260464,3878,564,0,206,411,3426,49,0
27.319311,3.167000,112.000,43.770000,1.887000,125.260944,3878,564,0,206,411,3426,49,0
27.332509,13.198000,112.000,43.770000,1.887000,125.259869,3875,564,0,206,411,3426,49,0
27.335818,3.309000,112.000,43.770000,1.887000,125.260349,3875,564,0,206,411,3426,49,0
27.349649,13.831000,112.000,43.770000,1.887000,125.260090,3875,564,0,206,411,3426,49,0
27.352327,2.678000,112.000,43.770000,1.887000,125.252148,3860,564,0,205,410,3424,49,0
27.365967,13.640000,112.000,43.770000,1.887000,125.252560,3860,564,0,205,410,3424,49,0
27.368300,2.333000,112.000,43.770000,1.887000,125.253040,3860,564,0,203,408,3420,49,0
27.382557,14.257000,112.000,43.770000,1.887000,125.253487,3860,564,0,203,408,3420,49,0
27.384995,2.438000,112.000,43.770000,1.887000,125.243553,3856,560,0,202,407,3418,49,0
27.399468,14.473000,112.000,43.770000,1.887000,125.241364,3852,560,0,202,407,3418,49,0
27.402122,2.654000,112.000,43.770000,1.887000,125.241844,3852,560,0,200,405,3414,49,0
27.416196,14.074000,112.000,43.770000,1.887000,125.242264,3852,560,0,199,404,3412,49,0
27.419282,3.086000,112.000,43.770000,1.887000,125.240875,3849,560,0,197,402,3408,49,0
27.432414,13.132000,112.000,43.770000,1.887000,125.225960,3840,555,0,197,402,3408,49,0
27.435732,3.318000,112.000,43.770000,1.887000,125.220123,3830,555,0,197,402,3408,49,0
27.449593,13.861000,112.000,43.770000,1.887000,125.218964,3827,555,0,196,401,3406,49,0
27.455098,5.505000,112.000,43.770000,1.887000,125.273640,3829,555,0,229,456,3516,49,0
27.460041,4.943000,112.000,43.770000,1.887000,125.274120,3829,555,0,229,456,3516,49,0
27.474018,13.977000,112.000,43.770000,1.887000,125.258080,3829,555,0,195,422,3448,49,0
27.476505,2.487000,112.000,43.770000,1.887000,125.258560,3829,555,0,195,422,3448,49,0
27.491155,14.650000,112.000,43.770000,1.887000,125.259071,3829,555,0,195,422,3448,49,0
27.494654,3.499000,112.000,43.770000,1.887000,125.257912,3826,555,0,195,422,3448,49,0
27.507797,13.143000,112.000,43.770000,1.887000,125.258408,3826,555,0,195,422,3448,49,0
27.510549,2.752000,112.000,43.770000,1.887000,125.258888,3826,555,0,195,422,3448,49,0
27.523685,13.136000,112.000,43.770000,1.887000,125.259354,3826,555,0,195,422,3448,49,0
27.527080,3.395000,112.000,43.770000,1.887000,125.247795,3818,552,0,194,421,3446,49,0
27.540794,13.714000,112.000,43.770000,1.887000,125.246170,3815,552,0,194,421,3446,49,0
27.543630,2.836000,112.000,43.770000,1.887000,125.236179,3810,549,0,193,420,3444,49,0
27.557636,14.006000,112.000,43.770000,1.887000,125.234482,3807,549,0,193,420,3444,49,0
27.560393,2.757000,112.000,43.770000,1.887000,125.171459,3777,531,0,187,414,3432,49,0
27.573907,13.514000,112.000,43.770000,1.887000,125.149704,3741,531,0,187,414,3432,49,0
27.576443,2.536000,112.000,43.770000,1.887000,125.150185,3741,531,0,187,414,3432,49,0
27.591178,14.735000,112.000,43.770000,1.887000,125.147369,3735,531,0,187,414,3432,49,0
27.594040,2.862000,112.000,43.770000,1.887000,125.147850,3735,531,0,187,414,3432,49,0
27.607748,13.708000,112.000,43.770000,1.887000,125.148247,3735,531,0,186,391,3386,49,0
27.610395,2.647000,112.000,43.770000,1.887000,125.144318,3733,531,0,186,391,3386,49,0
27.623856,13.461000,112.000,43.770000,1.887000,125.144783,3733,531,0,186,391,3386,49,0
27.627175,3.319000,112.000,43.770000,1.887000,125.113876,3733,531,0,186,391,3386,49,0
27.640897,13.722000,112.000,43.770000,1.887000,125.114407,3733,531,0,186,391,3386,49,0
27.643133,2.236000,112.000,43.770000,1.887000,125.114887,3733,531,0,186,391,3386,49,0
27.657189,14.056000,112.000,43.770000,1.887000,125.117027,3736,531,0,186,391,3386,49,0
27.660220,3.031000,112.000,42.630000,1.831000,125.117508,3736,531,0,186,391,3386,49,0
27.674250,14.030000,112.000,42.630000,1.831000,125.117950,3736,531,0,186,391,3386,49,0
27.676651,2.401000,112.000,42.630000,1.831000,125.118385,3736,531,0,186,391,3386,49,0
27.691089,14.438000,112.000,42.630000,1.831000,125.124741,3746,531,0,186,391,3386,49,0
27.693801,2.712000,112.000,42.630000,1.831000,125.125221,3746,531,0,186,391,3386,49,0
27.707697,13.896000,112.000,42.630000,1.831000,125.125717,3746,531,0,186,391,3386,49,0
27.710414,2.717000,112.000,42.630000,1.831000,125.126198,3746,531,0,186,391,3386,49,0
27.724031,13.617000,112.000,42.630000,1.831000,125.126648,3746,531,0,186,391,3386,49,0
27.727008,2.977000,112.000,42.630000,1.831000,125.127129,3746,531,0,186,391,3386,49,0
27.740354,13.346000,112.000,42.630000,1.831000,125.127609,3746,531,0,186,391,3386,49,0
27.790810,50.456000,112.000,42.630000,1.831000,125.288219,3888,540,0,229,471,3546,49,0
27.795404,4.594000,112.000,42.630000,1.831000,125.288502,3888,540,0,229,469,3542,49,0
27.807429,12.025000,112.000,42.630000,1.831000,125.347858,3852,572,0,229,469,3542,49,0
27.810296,2.867000,112.000,42.630000,1.831000,125.354153,3852,572,0,238,485,3574,49,0
27.823884,13.588000,112.000,42.630000,1.831000,125.356289,3855,572,0,238,485,3574,49,0
27.826647,2.763000,112.000,42.630000,1.831000,125.356770,3855,572,0,238,485,3574,49,0
27.840483,13.836000,112.000,42.630000,1.831000,125.357250,3855,572,0,238,485,3574,49,0
27.843316,2.833000,112.000,42.630000,1.831000,125.357731,3855,572,0,238,485,3574,49,0
27.857455,14.139000,112.000,42.630000,1.831000,125.358212,3855,572,0,238,485,3574,49,0
27.860286,2.831000,112.000,42.630000,1.831000,125.357052,3852,572,0,238,485,3574,49,0
27.873776,13.490000,112.000,42.630000,1.831000,125.356682,3851,572,0,238,485,3574,49,0
27.876317,2.541000,112.000,42.630000,1.831000,125.355522,3848,572,0,237,449,3502,49,0
27.890846,14.529000,112.000,42.630000,1.831000,125.356003,3848,572,0,237,449,3502,49,0
27.893625,2.779000,112.000,42.630000,1.831000,125.356483,3848,572,0,237,449,3502,49,0
27.907627,14.002000,112.000,42.630000,1.831000,125.317459,3851,572,0,237,449,3502,49,0
27.910163,2.536000,112.000,42.630000,1.831000,125.313530,3849,572,0,237,449,3502,49,0
27.924030,13.867000,112.000,42.630000,1.831000,125.314098,3849,572,0,237,449,3502,49,0
27.926517,2.487000,112.000,42.630000,1.831000,125.314533,3849,572,0,237,449,3502,49,0
27.941020,14.503000,112.000,42.630000,1.831000,125.318363,3855,572,0,237,449,3502,49,0
27.944063,3.043000,112.000,42.630000,1.831000,125.318798,3855,572,0,237,449,3502,49,0
27.957777,13.714000,112.000,42.630000,1.831000,125.318745,3855,572,0,237,449,3502,49,0
27.960435,2.658000,112.000,42.630000,1.831000,125.315723,3849,572,0,237,449,3502,49,0
27.974021,13.586000,112.000,42.630000,1.831000,125.316410,3849,572,0,236,448,3500,49,0
27.976399,2.378000,112.000,42.630000,1.831000,125.316891,3849,572,0,236,448,3500,49,0
27.991579,15.180000,112.000,42.630000,1.831000,125.317341,3849,572,0,234,446,3496,49,0
27.994285,2.706000,112.000,42.630000,1.831000,125.317822,3849,572,0,234,446,3496,49,0
28.008221,13.936000,112.000,42.630000,1.831000,125.309502,3848,568,0,233,445,3494,49,0
28.011125,2.904000,112.000,42.630000,1.831000,125.305634,3841,568,0,233,445,3494,49,0
28.024056,12.931000,112.000,42.630000,1.831000,125.309414,3847,568,0,231,443,3490,49,0
28.026410,2.354000,112.000,42.630000,1.831000,125.309811,3847,568,0,230,442,3488,49,0
28.041857,15.447000,112.000,42.630000,1.831000,125.308323,3844,568,0,229,441,3486,49,0
28.045003,3.146000,112.000,42.630000,1.831000,125.295139,3838,563,0,229,441,3486,49,0
28.052592,7.589000,112.000,42.630000,1.831000,125.322041,3827,563,0,230,463,3530,49,0
28.064591,11.999000,112.000,42.630000,1.831000,125.322521,3827,563,0,230,463,3530,49,0
28.068506,3.915000,112.000,42.630000,1.831000,125.322987,3827,563,0,230,463,3530,49,0
28.081088,12.582000,112.000,42.630000,1.831000,125.304985,3827,563,0,192,425,3454,49,0
28.085755,4.667000,112.000,42.630000,1.831000,125.305435,3827,563,0,192,425,3454,49,0
28.097904,12.149000,112.000,42.630000,1.831000,125.305916,3827,563,0,192,425,3454,49,0
28.102777,4.873000,112.000,42.630000,1.831000,125.304741,3824,563,0,192,425,3454,49,0
28.114666,11.889000,112.000,42.630000,1.831000,125.305222,3824,563,0,192,425,3454,49,0
28.118542,3.876000,112.000,42.630000,1.831000,125.305702,3824,563,0,192,425,3454,49,0
28.131170,12.628000,112.000,42.630000,1.831000,125.306183,3824,563,0,192,425,3454,49,0
28.135163,3.993000,112.000,42.630000,1.831000,125.305023,3821,563,0,192,425,3454,49,0
28.147943,12.780000,112.000,42.630000,1.831000,125.305504,3821,563,0,192,425,3454,49,0
28.152738,4.795000,112.000,42.630000,1.831000,125.307446,3824,563,0,192,425,3454,49,0
28.164558,11.820000,112.000,42.630000,1.831000,125.307926,3824,563,0,192,425,3454,49,0
28.168546,3.988000,112.000,42.630000,1.831000,125.305111,3818,563,0,192,425,3454,49,0
28.181104,12.558000,112.000,42.630000,1.831000,125.305592,3818,563,0,192,425,3454,49,0
28.185291,4.187000,112.000,42.630000,1.831000,125.307777,3821,563,0,192,425,3454,49,0
28.197905,12.614000,112.000,42.630000,1.831000,125.308205,3821,563,0,191,403,3410,49,0
28.202429,4.524000,112.000,42.630000,1.831000,125.307560,3825,563,0,191,403,3410,49,0
28.214604,12.175000,112.000,42.630000,1.831000,125.308041,3825,563,0,191,403,3410,49,0
28.218702,4.098000,112.000,42.630000,1.831000,125.281822,3831,563,0,191,403,3410,49,0
28.231113,12.411000,112.000,42.630000,1.831000,125.282303,3831,563,0,191,403,3410,49,0
28.235454,4.341000,112.000,42.630000,1.831000,125.282757,3831,563,0,191,403,3410,49,0
28.247913,12.459000,112.000,42.630000,1.831000,125.283237,3831,563,0,191,403,3410,49,0
28.253181,5.268000,112.000,42.630000,1.831000,125.280449,3825,563,0,191,403,3410,49,0
28.264465,11.284000,112.000,42.630000,1.831000,125.280930,3825,563,0,191,403,3410,49,0
28.268736,4.271000,112.000,42.630000,1.831000,125.281410,3825,563,0,191,403,3410,49,0
28.281094,12.358000,112.000,42.630000,1.831000,125.281891,3825,563,0,191,403,3410,49,0
28.285344,4.250000,112.000,42.630000,1.831000,125.290051,3838,563,0,191,403,3410,49,0
28.297932,12.588000,112.000,42.630000,1.831000,125.290531,3838,563,0,191,403,3410,49,0
28.302581,4.649000,112.000,42.630000,1.831000,125.292625,3841,563,0,191,403,3410,49,0
28.314431,11.850000,112.000,42.630000,1.831000,125.293106,3841,563,0,191,403,3410,49,0
28.318502,4.071000,112.000,42.630000,1.831000,125.293594,3841,563,0,191,403,3410,49,0
28.331073,12.571000,112.000,42.630000,1.831000,125.294075,3841,563,0,191,403,3410,49,0
28.335680,4.607000,112.000,42.630000,1.831000,125.294586,3841,563,0,191,403,3410,49,0
28.381360,45.680000,112.000,42.630000,1.831000,125.456638,3981,572,0,238,487,3578,49,0
28.384968,3.608000,112.000,42.630000,1.831000,125.443489,3984,572,0,204,451,3506,49,0
28.398743,13.775000,112.000,42.630000,1.831000,125.458672,3981,572,0,238,485,3574,49,0
28.401290,2.547000,112.000,42.630000,1.831000,125.389793,3866,572,0,226,473,3550,49,0
28.415251,13.961000,112.000,42.630000,1.831000,125.388588,3863,572,0,226,473,3550,49,0
28.419201,3.950000,112.000,42.630000,1.831000,125.389069,3863,572,0,226,473,3550,49,0
28.432026,12.825000,112.000,42.630000,1.831000,125.389591,3863,572,0,226,473,3550,49,0
28.434822,2.796000,112.000,42.630000,1.831000,125.390072,3863,572,0,226,473,3550,49,0
28.448978,14.156000,112.000,42.630000,1.831000,125.389938,3857,572,0,226,473,3550,49,4
28.451571,2.593000,112.000,42.630000,1.831000,125.390419,3857,572,0,226,473,3550,49,4
28.465713,14.142000,112.000,42.630000,1.831000,125.394585,3863,571,0,226,473,3550,49,7
28.468172,2.459000,112.000,42.630000,1.831000,125.390167,3855,571,0,227,473,3550,49,7
28.482136,13.964000,112.000,42.630000,1.831000,125.392334,3860,570,0,227,473,3550,49,6
28.484730,2.594000,112.000,42.630000,1.831000,125.389503,3855,570,0,227,437,3478,49,6
28.499272,14.542000,112.000,42.630000,1.831000,125.387886,3889,564,0,227,437,3478,49,0
28.501815,2.543000,112.000,42.630000,1.831000,125.327297,3859,564,0,232,437,3478,49,0
28.515756,13.941000,112.000,42.630000,1.831000,125.327911,3859,564,0,232,437,3478,49,0
28.518117,2.361000,112.000,42.630000,1.831000,125.326752,3856,564,0,232,437,3478,49,0
28.532154,14.037000,112.000,42.630000,1.831000,125.327232,3856,564,0,232,437,3478,49,0
28.534691,2.537000,112.000,42.630000,1.831000,125.326073,3853,564,0,232,437,3478,49,0
28.549470,14.779000,112.000,42.630000,1.831000,125.326569,3853,564,0,232,437,3478,49,0
28.552065,2.595000,112.000,42.630000,1.831000,125.327003,3853,564,0,232,437,3478,49,0
28.565963,13.898000,112.000,42.630000,1.831000,125.326878,3853,564,0,232,437,3478,49,0
28.568339,2.376000,112.000,42.630000,1.831000,125.323856,3847,564,0,232,437,3478,49,0
28.582300,13.961000,112.000,42.630000,1.831000,125.322697,3844,564,0,231,436,3476,49,0
28.584744,2.444000,112.000,42.630000,1.831000,125.323109,3844,564,0,231,436,3476,49,0
28.599275,14.531000,112.000,42.630000,1.831000,125.323635,3844,564,0,229,434,3472,49,0
28.601937,2.662000,112.000,42.630000,1.831000,125.312061,3837,560,0,228,433,3470,49,0
28.616148,14.211000,112.000,42.630000,1.831000,125.309822,3833,560,0,228,433,3470,49,0
28.618426,2.278000,112.000,42.630000,1.831000,125.310303,3833,560,0,226,431,3466,49,0
28.632379,13.953000,112.000,42.630000,1.831000,125.312443,3836,560,0,225,430,3464,49,0
28.634887,2.508000,112.000,42.630000,1.831000,125.312840,3836,560,0,223,428,3460,49,0
28.649813,14.926000,112.000,42.630000,1.831000,125.297703,3827,555,0,222,427,3458,49,0
28.652521,2.708000,112.000,42.630000,1.831000,125.291866,3817,555,0,216,421,3446,49,0
28.666084,13.563000,112.000,42.630000,1.831000,125.289066,3811,555,0,216,421,3446,49,0
28.670466,4.382000,112.000,48.574000,2.154000,125.329807,3813,555,0,229,455,3514,49,0
28.682368,11.902000,112.000,48.574000,2.154000,125.330303,3813,555,0,229,455,3514,49,0
28.685042,2.674000,112.000,48.574000,2.154000,125.330784,3813,555,0,229,455,3514,49,0
28.699559,14.517000,112.000,48.574000,2.154000,125.331264,3813,555,0,229,455,3514,49,0
28.702587,3.028000,112.000,48.574000,2.154000,125.331745,3813,555,0,229,455,3514,49,0
28.716175,13.588000,112.000,48.574000,2.154000,125.332207,3813,555,0,229,455,3514,49,0
28.718733,2.558000,112.000,48.574000,2.154000,125.332687,3813,555,0,228,454,3512,49,0
28.732448,13.715000,112.000,48.574000,2.154000,125.324398,3811,552,0,228,454,3512,49,0
28.740365,7.917000,112.000,48.574000,2.154000,125.321186,3805,552,0,227,453,3510,49,0
28.743704,3.339000,112.000,48.574000,2.154000,125.311195,3800,549,0,227,453,3510,49,0
28.758172,14.468000,112.000,48.574000,2.154000,125.307987,3794,549,0,221,447,3498,49,0
28.764586,6.414000,112.000,48.574000,2.154000,125.244965,3764,531,0,221,447,3498,49,0
28.768960,4.374000,112.000,48.574000,2.154000,125.223244,3728,531,0,221,447,3498,49,0
28.781084,12.124000,112.000,48.574000,2.154000,125.223679,3728,531,0,221,447,3498,49,0
28.785069,3.985000,112.000,48.574000,2.154000,125.224113,3728,531,0,221,447,3498,49,0
28.797921,12.852000,112.000,48.574000,2.154000,125.224594,3728,531,0,221,447,3498,49,0
28.802863,4.942000,112.000,48.574000,2.154000,125.225090,3728,531,0,221,447,3498,49,0
28.814602,11.739000,112.000,48.574000,2.154000,125.225517,3728,531,0,221,447,3498,49,0
28.818435,3.833000,112.000,48.574000,2.154000,125.221588,3726,531,0,220,425,3454,49,0
28.831061,12.626000,112.000,48.574000,2.154000,125.222069,3726,531,0,220,425,3454,49,0
28.833919,2.858000,112.000,48.574000,2.154000,125.192459,3726,531,0,220,425,3454,49,0
28.849912,15.993000,112.000,48.574000,2.154000,125.192940,3726,531,0,220,425,3454,49,0
28.852899,2.987000,112.000,48.574000,2.154000,125.191780,3723,531,0,220,425,3454,49,0
28.865922,13.023000,112.000,48.574000,2.154000,125.192303,3723,531,0,220,425,3454,49,0
28.868283,2.361000,112.000,48.574000,2.154000,125.191143,3720,531,0,220,425,3454,49,0
28.882424,14.141000,112.000,48.574000,2.154000,125.191624,3720,531,0,220,425,3454,49,0
28.884967,2.543000,112.000,48.574000,2.154000,125.192104,3720,531,0,220,425,3454,49,0
28.899955,14.988000,112.000,48.574000,2.154000,125.192616,3720,531,0,220,425,3454,49,0
28.903224,3.269000,112.000,48.574000,2.154000,125.199100,3730,531,0,220,425,3454,49,0
28.916292,13.068000,112.000,48.574000,2.154000,125.201241,3733,531,0,220,425,3454,49,0
28.918721,2.429000,112.000,48.574000,2.154000,125.201721,3733,531,0,220,425,3454,49,0
28.932494,13.773000,112.000,48.574000,2.154000,125.202198,3733,531,0,220,425,3454,49,0
28.935054,2.560000,112.000,48.574000,2.154000,125.202679,3733,531,0,220,425,3454,49,0
28.950640,15.586000,112.000,48.574000,2.154000,125.203190,3733,531,0,220,425,3454,49,0
28.953907,3.267000,112.000,48.574000,2.154000,125.201984,3730,531,0,220,425,3454,49,0
29.001589,47.682000,112.000,48.574000,2.154000,125.345676,3868,540,0,229,469,3542,49,0
29.007291,5.702000,112.000,48.574000,2.154000,125.467266,3945,572,0,229,467,3538,49,0
29.010150,2.859000,112.000,48.574000,2.154000,125.412800,3835,572,0,204,449,3502,49,0
29.023785,13.635000,112.000,48.574000,2.154000,125.399982,3841,572,0,204,449,3502,49,0
29.031855,8.070000,112.000,48.574000,2.154000,125.400463,3841,572,0,204,449,3502,49,0
29.034404,2.549000,112.000,48.574000,2.154000,125.400944,3841,572,0,204,449,3502,49,0
29.049179,14.775000,112.000,48.574000,2.154000,125.401409,3841,572,0,204,449,3502,49,0
29.051996,2.817000,112.000,48.574000,2.154000,125.401890,3841,572,0,204,449,3502,49,0
29.065583,13.587000,112.000,48.574000,2.154000,125.402370,3841,572,0,204,449,3502,49,0
29.068093,2.510000,112.000,48.574000,2.154000,125.402851,3841,572,0,204,449,3502,49,0
29.082080,13.987000,112.000,48.574000,2.154000,125.405003,3844,572,0,204,449,3502,49,0
29.084743,2.663000,112.000,48.574000,2.154000,125.402935,3840,572,0,204,449,3502,49,0
29.099089,14.346000,112.000,48.574000,2.154000,125.406738,3846,572,0,203,413,3430,49,0
29.101595,2.506000,112.000,48.574000,2.154000,125.407166,3846,572,0,203,413,3430,49,0
29.115937,14.342000,112.000,48.574000,2.154000,125.403179,3844,572,0,203,413,3430,49,0
29.118331,2.394000,112.000,48.574000,2.154000,125.360649,3844,572,0,203,413,3430,49,0
29.132352,14.021000,112.000,48.574000,2.154000,125.361115,3844,572,0,203,413,3430,49,0
29.134943,2.591000,112.000,48.574000,2.154000,125.359955,3841,572,0,203,413,3430,49,0
29.149635,14.692000,112.000,48.574000,2.154000,125.360435,3841,572,0,203,413,3430,49,0
29.152416,2.781000,112.000,48.574000,2.154000,125.360916,3841,572,0,203,413,3430,49,0
29.166023,13.607000,112.000,48.574000,2.154000,125.361679,3841,572,0,203,413,3430,49,0
29.168576,2.553000,112.000,48.574000,2.154000,125.361519,3841,572,0,203,413,3430,49,0
29.182505,13.929000,112.000,48.574000,2.154000,125.358414,3835,572,0,203,413,3430,49,0
29.185042,2.537000,112.000,48.574000,2.154000,125.355614,3829,572,0,202,412,3428,49,0
29.199888,14.846000,112.000,48.574000,2.154000,125.356110,3829,572,0,202,412,3428,49,0
29.202855,2.967000,112.000,48.574000,2.154000,125.356590,3829,572,0,200,410,3424,49,0
29.216109,13.254000,112.000,48.574000,2.154000,125.346642,3825,568,0,199,409,3422,49,0
29.218639,2.530000,112.000,48.574000,2.154000,125.342773,3818,568,0,199,409,3422,49,0
29.232490,13.851000,112.000,48.574000,2.154000,125.344898,3821,568,0,197,407,3418,49,0
29.239594,7.104000,112.000,48.574000,2.154000,125.345333,3821,568,0,197,407,3418,49,0
29.244924,5.330000,112.000,48.574000,2.154000,125.342400,3815,568,0,196,406,3416,49,0
29.256250,11.326000,112.000,48.574000,2.154000,125.327347,3806,563,0,195,405,3414,49,0
29.266330,10.080000,112.000,48.574000,2.154000,125.323063,3799,563,0,195,405,3414,49,0
29.271135,4.805000,112.000,48.574000,2.154000,125.373146,3801,563,0,230,460,3524,49,0
29.282318,11.183000,112.000,48.574000,2.154000,125.376919,3807,563,0,230,460,3524,49,0
29.284370,2.052000,112.000,48.574000,2.154000,125.371563,3807,563,0,218,448,3500,49,0
29.300061,15.691000,112.000,48.574000,2.154000,125.375301,3813,563,0,218,448,3500,49,0
29.304258,4.197000,112.000,48.574000,2.154000,125.375778,3813,563,0,218,448,3500,49,0
29.314317,10.059000,112.000,48.574000,2.154000,125.376259,3813,563,0,218,448,3500,49,0
29.318389,4.072000,112.000,48.574000,2.154000,125.373440,3807,563,0,218,448,3500,49,0
29.331003,12.614000,112.000,48.574000,2.154000,125.373920,3807,563,0,218,448,3500,49,0
29.334724,3.721000,112.000,48.574000,2.154000,125.374416,3807,563,0,218,448,3500,49,0
29.347928,13.204000,112.000,48.574000,2.154000,125.374897,3807,563,0,218,448,3500,49,0
29.352546,4.618000,112.000,48.574000,2.154000,125.377041,3810,563,0,218,448,3500,49,0
29.364545,11.999000,112.000,48.574000,2.154000,125.377522,3810,563,0,218,448,3500,49,0
29.368246,3.701000,112.000,48.574000,2.154000,125.379646,3813,563,0,218,448,3500,49,0
29.381046,12.800000,112.000,48.574000,2.154000,125.380127,3813,563,0,218,448,3500,49,0
29.385699,4.653000,112.000,48.574000,2.154000,125.380608,3813,563,0,218,448,3500,49,0
29.400658,14.959000,112.000,48.574000,2.154000,125.381088,3813,563,0,218,448,3500,49,0
29.415962,15.304000,112.000,48.574000,2.154000,125.381516,3813,563,0,217,427,3458,49,0
29.419335,3.373000,112.000,48.574000,2.154000,125.379234,3814,563,0,217,427,3458,49,0
29.431045,11.710000,112.000,48.574000,2.154000,125.350922,3814,563,0,217,427,3458,49,0
29.435472,4.427000,112.000,48.574000,2.154000,125.351513,3814,563,0,217,427,3458,49,0
29.447891,12.419000,112.000,48.574000,2.154000,125.351994,3814,563,0,217,427,3458,49,0
29.452243,4.352000,112.000,48.574000,2.154000,125.352478,3814,563,0,217,427,3458,49,0
29.464543,12.300000,112.000,48.574000,2.154000,125.352959,3814,563,0,217,427,3458,49,0
29.469077,4.534000,112.000,48.574000,2.154000,125.353405,3814,563,0,217,427,3458,49,0
29.481061,11.984000,112.000,48.574000,2.154000,125.353886,3814,563,0,217,427,3458,49,0
29.485038,3.977000,112.000,48.574000,2.154000,125.358746,3821,563,0,217,427,3458,49,0
29.497905,12.867000,112.000,48.574000,2.154000,125.359226,3821,563,0,217,427,3458,49,0
29.502757,4.852000,112.000,48.574000,2.154000,125.359722,3821,563,0,217,427,3458,49,0
29.514566,11.809000,112.000,48.574000,2.154000,125.360203,3821,563,0,217,427,3458,49,0
29.518985,4.419000,112.000,48.574000,2.154000,125.357372,3815,563,0,217,427,3458,49,0
29.531113,12.128000,112.000,48.574000,2.154000,125.356213,3812,563,0,217,427,3458,49,0
29.574024,42.911000,112.000,48.574000,2.154000,125.505287,3949,572,0,238,485,3574,49,0
29.577432,3.408000,112.000,48.574000,2.154000,125.507404,3952,572,0,238,485,3574,49,0
29.589676,12.244000,112.000,48.574000,2.154000,125.507885,3952,572,0,238,485,3574,49,0
29.593672,3.996000,112.000,48.574000,2.154000,125.508366,3952,572,0,238,485,3574,49,0
29.606130,12.458000,112.000,48.574000,2.154000,125.513309,3954,572,0,238,485,3574,49,0
29.615385,9.255000,112.000,48.574000,2.154000,125.451344,3841,572,0,238,485,3574,49,0
29.618048,2.663000,112.000,48.574000,2.154000,125.451824,3841,572,0,238,485,3574,49,0
29.631973,13.925000,112.000,48.574000,2.154000,125.450665,3838,572,0,200,447,3498,49,0
29.634658,2.685000,112.000,48.574000,2.154000,125.432663,3838,572,0,200,447,3498,49,0
29.649040,14.382000,112.000,48.574000,2.154000,125.433144,3838,572,0,200,447,3498,49,0
29.651635,2.595000,112.000,48.574000,2.154000,125.433578,3838,572,0,200,447,3498,49,0
29.665686,14.051000,112.000,48.574000,2.154000,125.435848,3838,572,0,200,447,3498,49,3
29.669238,3.552000,111.000,44.985000,2.732000,125.437595,3835,572,0,200,447,3498,49,7
29.681095,11.857000,111.000,44.985000,2.732000,125.438023,3835,572,0,200,447,3498,49,7
29.685364,4.269000,111.000,44.985000,2.732000,125.438194,3845,570,0,200,447,3498,49,6
29.697907,12.543000,111.000,44.985000,2.732000,125.429703,3831,570,0,202,447,3498,49,6
29.702430,4.523000,111.000,44.985000,2.732000,125.432556,3867,564,0,201,411,3426,49,0
29.714581,12.151000,111.000,44.985000,2.732000,125.413673,3837,564,0,206,411,3426,49,0
29.719061,4.480000,111.000,44.985000,2.732000,125.373028,3840,564,0,206,411,3426,49,0
29.731134,12.073000,111.000,44.985000,2.732000,125.373508,3840,564,0,206,411,3426,49,0
29.740968,9.834000,111.000,44.985000,2.732000,125.373882,3840,564,0,206,411,3426,49,0
29.743616,2.648000,111.000,44.985000,2.732000,125.369900,3838,564,0,206,411,3426,49,0
29.757582,13.966000,111.000,44.985000,2.732000,125.367130,3832,564,0,206,411,3426,49,0
29.766056,8.474000,111.000,44.985000,2.732000,125.367645,3832,564,0,206,411,3426,49,0
29.768381,2.325000,111.000,44.985000,2.732000,125.367485,3832,564,0,206,411,3426,49,0
29.782424,14.043000,111.000,44.985000,2.732000,125.364464,3826,564,0,206,411,3426,49,0
29.784996,2.572000,111.000,44.985000,2.732000,125.364944,3826,564,0,205,410,3424,49,0
29.799735,14.739000,111.000,44.985000,2.732000,125.365494,3826,564,0,204,409,3422,49,0
29.802386,2.651000,111.000,44.985000,2.732000,125.365974,3826,564,0,203,408,3420,49,0
29.825279,22.893000,111.000,44.985000,2.732000,125.357555,3825,560,0,202,407,3418,49,0
29.839486,14.207000,111.000,44.985000,2.732000,125.353687,3818,560,0,202,407,3418,49,0
29.844544,5.058000,111.000,44.985000,2.732000,125.354149,3818,560,0,200,405,3414,49,0
29.856098,11.554000,111.000,44.985000,2.732000,125.354546,3818,560,0,197,402,3408,49,0
29.860946,4.848000,111.000,44.985000,2.732000,125.339531,3809,555,0,196,401,3406,49,0
29.874262,13.316000,111.000,44.985000,2.732000,125.333710,3799,555,0,190,395,3394,49,0
29.876572,2.310000,111.000,44.985000,2.732000,125.334190,3799,555,0,190,395,3394,49,0
29.891146,14.574000,111.000,44.985000,2.732000,125.385002,3801,555,0,229,453,3510,49,0
29.894131,2.985000,111.000,44.985000,2.732000,125.385483,3801,555,0,229,453,3510,49,0
29.907403,13.272000,111.000,44.985000,2.732000,125.369396,3801,555,0,195,419,3442,49,0
29.909999,2.596000,111.000,44.985000,2.732000,125.369877,3801,555,0,195,419,3442,49,0
29.924017,14.018000,111.000,44.985000,2.732000,125.370335,3801,555,0,195,419,3442,49,0
29.926511,2.494000,111.000,44.985000,2.732000,125.370815,3801,555,0,195,419,3442,49,0
29.941193,14.682000,111.000,44.985000,2.732000,125.369671,3798,555,0,195,419,3442,49,0
29.944199,3.006000,111.000,44.985000,2.732000,125.349236,3788,549,0,193,417,3438,49,0
29.958233,14.034000,111.000,44.985000,2.732000,125.340630,3773,549,0,193,417,3438,49,0
29.962756,4.523000,111.000,44.985000,2.732000,125.277561,3743,531,0,187,411,3426,49,0
29.972807,10.051000,111.000,44.985000,2.732000,125.255886,3707,531,0,187,411,3426,49,0
29.977841,5.034000,111.000,44.985000,2.732000,125.258041,3710,531,0,187,411,3426,49,0
29.989498,11.657000,111.000,44.985000,2.732000,125.258522,3710,531,0,187,411,3426,49,0
29.994790,5.292000,111.000,44.985000,2.732000,125.258968,3710,531,0,187,411,3426,49,0
30.006076,11.286000,111.000,44.985000,2.732000,125.259403,3710,531,0,187,411,3426,49,0
30.011241,5.165000,111.000,44.985000,2.732000,125.259914,3710,531,0,187,411,3426,49,0
30.022818,11.577000,111.000,44.985000,2.732000,125.260342,3710,531,0,186,391,3386,49,0
30.027311,4.493000,111.000,44.985000,2.732000,125.256634,3708,531,0,186,391,3386,49,0
30.039439,12.128000,111.000,44.985000,2.732000,125.229618,3708,531,0,186,391,3386,49,0
30.044744,5.305000,111.000,44.985000,2.732000,125.228477,3705,531,0,186,391,3386,49,0
30.057963,13.219000,111.000,44.985000,2.732000,125.230602,3708,531,0,186,391,3386,49,0
30.060449,2.486000,111.000,44.985000,2.732000,125.231083,3708,531,0,186,391,3386,49,0
30.074198,13.749000,111.000,44.985000,2.732000,125.231514,3708,531,0,186,391,3386,49,0
30.077621,3.423000,111.000,44.985000,2.732000,125.231995,3708,531,0,186,391,3386,49,0
30.091486,13.865000,111.000,44.985000,2.732000,125.235779,3714,531,0,186,391,3386,49,0
30.094300,2.814000,111.000,44.985000,2.732000,125.242264,3724,531,0,186,391,3386,49,0
30.107738,13.438000,111.000,44.985000,2.732000,125.242611,3724,531,0,186,391,3386,49,0
30.110345,2.607000,111.000,44.985000,2.732000,125.243092,3724,531,0,186,391,3386,49,0
30.124165,13.820000,111.000,44.985000,2.732000,125.243557,3724,531,0,186,391,3386,49,0
30.127264,3.099000,111.000,44.985000,2.732000,125.244038,3724,531,0,186,391,3386,49,0
30.141569,14.305000,111.000,44.985000,2.732000,125.244549,3724,531,0,186,391,3386,49,0
30.187206,45.637000,111.000,44.985000,2.732000,125.403206,3859,540,0,229,471,3546,49,0
30.198745,11.539000,111.000,44.985000,2.732000,125.401192,3865,540,0,217,457,3518,49,0
30.201312,2.567000,111.000,44.985000,2.732000,125.401672,3865,540,0,217,457,3518,49,0
30.215901,14.589000,111.000,44.985000,2.732000,125.535175,3947,572,0,229,469,3542,49,0
30.219775,3.874000,111.000,44.985000,2.732000,125.481632,3839,572,0,238,485,3574,49,0
30.231070,11.295000,111.000,44.985000,2.732000,125.482113,3839,572,0,238,485,3574,49,0
30.236448,5.378000,111.000,44.985000,2.732000,125.482548,3839,572,0,238,485,3574,49,0
30.248779,12.331000,111.000,44.985000,2.732000,125.483028,3839,572,0,238,485,3574,49,0
30.251562,2.783000,111.000,44.985000,2.732000,125.483509,3839,572,0,238,485,3574,49,0
30.265423,13.861000,111.000,44.985000,2.732000,125.482349,3836,572,0,238,485,3574,49,0
30.269061,3.638000,111.000,44.985000,2.732000,125.482830,3836,572,0,238,485,3574,49,0
30.282056,12.995000,111.000,44.985000,2.732000,125.483364,3836,572,0,238,485,3574,49,0
30.285990,3.934000,111.000,44.985000,2.732000,125.482151,3833,572,0,238,485,3574,49,0
30.299059,13.069000,111.000,44.985000,2.732000,125.475689,3827,572,0,237,449,3502,49,0
30.302323,3.264000,111.000,44.985000,2.732000,125.476170,3827,572,0,237,449,3502,49,0
30.315552,13.229000,111.000,44.985000,2.732000,125.435223,3830,572,0,237,449,3502,49,0
30.320123,4.571000,111.000,44.985000,2.732000,125.432518,3824,572,0,237,449,3502,49,0
30.331093,10.970000,111.000,44.985000,2.732000,125.432999,3824,572,0,237,449,3502,49,0
30.336397,5.304000,111.000,44.985000,2.732000,125.435150,3827,572,0,237,449,3502,49,0
30.347735,11.338000,111.000,44.985000,2.732000,125.435631,3827,572,0,237,449,3502,49,0
30.352548,4.813000,111.000,44.985000,2.732000,125.439438,3833,572,0,237,449,3502,49,0
30.364420,11.872000,111.000,44.985000,2.732000,125.435509,3831,572,0,237,449,3502,49,0
30.368867,4.447000,111.000,44.985000,2.732000,125.438595,3837,572,0,237,449,3502,49,0
30.381095,12.228000,111.000,44.985000,2.732000,125.433933,3828,572,0,236,448,3500,49,0
30.386738,5.643000,111.000,44.985000,2.732000,125.436047,3831,572,0,236,448,3500,49,0
30.397714,10.976000,111.000,44.985000,2.732000,125.433247,3825,572,0,234,446,3496,49,0
30.403232,5.518000,111.000,44.985000,2.732000,125.433708,3825,572,0,233,445,3494,49,0
30.414360,11.128000,111.000,44.985000,2.732000,125.423775,3821,568,0,233,445,3494,49,0
30.418548,4.188000,111.000,44.985000,2.732000,125.419739,3814,568,0,233,445,3494,49,0
30.431088,12.540000,111.000,44.985000,2.732000,125.420219,3814,568,0,231,443,3490,49,0
30.436515,5.427000,111.000,44.985000,2.732000,125.422352,3817,568,0,230,442,3488,49,0
30.447930,11.415000,111.000,44.985000,2.732000,125.407299,3808,563,0,229,441,3486,49,0
30.453303,5.373000,111.000,44.985000,2.732000,125.403027,3801,563,0,229,441,3486,49,0
30.464373,11.070000,111.000,44.985000,2.732000,125.403507,3801,563,0,229,441,3486,49,0
30.469482,5.109000,111.000,44.985000,2.732000,125.437096,3803,563,0,230,462,3528,49,0
30.481144,11.662000,111.000,44.985000,2.732000,125.437576,3803,563,0,230,462,3528,49,0
30.485916,4.772000,111.000,44.985000,2.732000,125.419590,3803,563,0,192,424,3452,49,0
30.497767,11.851000,111.000,44.985000,2.732000,125.420071,3803,563,0,192,424,3452,49,0
30.502258,4.491000,111.000,44.985000,2.732000,125.422180,3806,563,0,192,424,3452,49,0
30.514410,12.152000,111.000,44.985000,2.732000,125.422661,3806,563,0,192,424,3452,49,0
30.518996,4.586000,111.000,44.985000,2.732000,125.423107,3806,563,0,192,424,3452,49,0
30.531191,12.195000,111.000,44.985000,2.732000,125.423588,3806,563,0,192,424,3452,49,0
30.535544,4.353000,111.000,44.985000,2.732000,125.424103,3806,563,0,192,424,3452,49,0
30.549374,13.830000,111.000,44.985000,2.732000,125.424580,3806,563,0,192,424,3452,49,0
30.552159,2.785000,111.000,44.985000,2.732000,125.425060,3806,563,0,192,424,3452,49,0
30.565747,13.588000,111.000,44.985000,2.732000,125.423916,3803,563,0,192,424,3452,49,0
30.569201,3.454000,111.000,44.985000,2.732000,125.424397,3803,563,0,192,424,3452,49,0
30.582458,13.257000,111.000,44.985000,2.732000,125.424904,3803,563,0,192,424,3452,49,0
30.585948,3.490000,111.000,44.985000,2.732000,125.425385,3803,563,0,192,424,3452,49,0
30.599280,13.332000,111.000,44.985000,2.732000,125.422607,3797,563,0,192,424,3452,49,0
30.602087,2.807000,111.000,44.985000,2.732000,125.423042,3797,563,0,192,424,3452,49,0
30.615962,13.875000,111.000,44.985000,2.732000,125.421844,3794,563,0,191,403,3410,49,0
30.618370,2.408000,111.000,44.985000,2.732000,125.417915,3792,563,0,191,403,3410,49,0
30.632602,14.232000,111.000,44.985000,2.732000,125.391323,3795,563,0,191,403,3410,49,0
30.635083,2.481000,111.000,44.985000,2.732000,125.391804,3795,563,0,191,403,3410,49,0
30.649760,14.677000,111.000,44.985000,2.732000,125.392277,3795,563,0,191,403,3410,49,0
30.652412,2.652000,111.000,44.985000,2.732000,125.392712,3795,563,0,191,403,3410,49,0
30.666134,13.722000,111.000,44.985000,2.732000,125.391506,3792,563,0,191,403,3410,49,0
30.670116,3.982000,113.000,44.615000,2.121000,125.391972,3792,563,0,191,403,3410,49,0
30.681101,10.985000,113.000,44.615000,2.121000,125.390812,3789,563,0,191,403,3410,49,0
30.686394,5.293000,113.000,44.615000,2.121000,125.397312,3799,563,0,191,403,3410,49,0
30.697840,11.446000,113.000,44.615000,2.121000,125.397793,3799,563,0,191,403,3410,49,0
30.702262,4.422000,113.000,44.615000,2.121000,125.398258,3799,563,0,191,403,3410,49,0
30.714414,12.152000,113.000,44.615000,2.121000,125.398739,3799,563,0,191,403,3410,49,0
30.718484,4.070000,113.000,44.615000,2.121000,125.397617,3796,563,0,191,403,3410,49,0
30.731025,12.541000,113.000,44.615000,2.121000,125.398098,3796,563,0,191,403,3410,49,0
30.769999,38.974000,113.000,44.615000,2.121000,125.557068,3928,572,0,238,487,3578,49,0
30.781077,11.078000,113.000,44.615000,2.121000,125.557549,3928,572,0,238,487,3578,49,0
30.786281,5.204000,113.000,44.615000,2.121000,125.541523,3928,572,0,204,451,3506,49,0
30.797775,11.494000,113.000,44.615000,2.121000,125.542004,3928,572,0,204,451,3506,49,0
30.801718,3.943000,113.000,44.615000,2.121000,125.544159,3931,572,0,204,451,3506,49,0
30.815330,13.612000,113.000,44.615000,2.121000,125.565460,3933,572,0,238,485,3574,49,0
30.818716,3.386000,113.000,44.615000,2.121000,125.510658,3833,572,0,226,473,3550,49,0
30.832175,13.459000,113.000,44.615000,2.121000,125.502022,3827,572,0,226,473,3550,49,0
30.835841,3.666000,113.000,44.615000,2.121000,125.502502,3827,572,0,226,473,3550,49,0
30.849071,13.230000,113.000,44.615000,2.121000,125.504757,3827,572,0,226,473,3550,49,3
30.851861,2.790000,113.000,44.615000,2.121000,125.505238,3827,572,0,226,473,3550,49,3
30.865623,13.762000,113.000,44.615000,2.121000,125.508671,3827,572,0,226,473,3550,49,7
30.869222,3.599000,113.000,44.615000,2.121000,125.509151,3827,572,0,226,473,3550,49,7
30.882501,13.279000,113.000,44.615000,2.121000,125.513767,3839,570,0,226,473,3550,49,6
30.885834,3.333000,113.000,44.615000,2.121000,125.503315,3827,570,0,228,473,3550,49,6
30.899359,13.525000,113.000,44.615000,2.121000,125.507915,3866,564,0,228,473,3550,49,0
30.902110,2.751000,113.000,44.615000,2.121000,125.486576,3832,564,0,232,437,3478,49,0
30.915653,13.543000,113.000,44.615000,2.121000,125.487011,3832,564,0,232,437,3478,49,0
30.919137,3.484000,113.000,44.615000,2.121000,125.444481,3832,564,0,232,437,3478,49,0
30.932502,13.365000,113.000,44.615000,2.121000,125.445023,3832,564,0,232,437,3478,49,0
30.936071,3.569000,113.000,44.615000,2.121000,125.445480,3832,564,0,232,437,3478,49,0
30.947754,11.683000,113.000,44.615000,2.121000,125.445908,3832,564,0,232,437,3478,49,0
30.952029,4.275000,113.000,44.615000,2.121000,125.442009,3830,564,0,232,437,3478,49,0
30.964047,12.018000,113.000,44.615000,2.121000,125.442490,3830,564,0,232,437,3478,49,0
30.968791,4.744000,113.000,44.615000,2.121000,125.443123,3830,564,0,232,437,3478,49,0
30.981154,12.363000,113.000,44.615000,2.121000,125.442963,3830,564,0,232,437,3478,49,0
30.986534,5.380000,113.000,44.615000,2.121000,125.439941,3824,564,0,231,436,3476,49,0
30.997766,11.232000,113.000,44.615000,2.121000,125.440422,3824,564,0,231,436,3476,49,0
31.002415,4.649000,113.000,44.615000,2.121000,125.439285,3821,564,0,229,434,3472,49,0
31.014408,11.993000,113.000,44.615000,2.121000,125.439766,3821,564,0,228,433,3470,49,0
31.019305,4.897000,113.000,44.615000,2.121000,125.428238,3814,560,0,228,433,3470,49,0
31.031135,11.830000,113.000,44.615000,2.121000,125.424370,3807,560,0,225,430,3464,49,0
31.035741,4.606000,113.000,44.615000,2.121000,125.424820,3807,560,0,224,429,3462,49,0
31.049583,13.842000,113.000,44.615000,2.121000,125.426849,3810,560,0,217,422,3448,49,0
31.052346,2.763000,113.000,44.615000,2.121000,125.411797,3801,555,0,216,421,3446,49,0
31.065912,13.566000,113.000,44.615000,2.121000,125.405922,3791,555,0,216,421,3446,49,0
31.070059,4.147000,113.000,44.615000,2.121000,125.444080,3793,555,0,229,453,3510,49,0
31.082444,12.385000,113.000,44.615000,2.121000,125.444576,3793,555,0,229,453,3510,49,0
31.084982,2.538000,113.000,44.615000,2.121000,125.445057,3793,555,0,229,453,3510,49,0
31.099542,14.560000,113.000,44.615000,2.121000,125.445515,3793,555,0,229,453,3510,49,0
31.102532,2.990000,113.000,44.615000,2.121000,125.445995,3793,555,0,229,453,3510,49,0
31.115794,13.262000,113.000,44.615000,2.121000,125.444759,3790,555,0,229,453,3510,49,0
31.119238,3.444000,113.000,44.615000,2.121000,125.445240,3790,555,0,227,451,3506,49,0
31.132239,13.001000,113.000,44.615000,2.121000,125.426418,3783,549,0,227,451,3506,49,0
31.135378,3.139000,113.000,44.615000,2.121000,125.419514,3771,549,0,221,445,3494,49,0
31.149396,14.018000,113.000,44.615000,2.121000,125.356396,3741,531,0,221,445,3494,49,0
31.152217,2.821000,113.000,44.615000,2.121000,125.334721,3705,531,0,221,445,3494,49,0
31.165963,13.746000,113.000,44.615000,2.121000,125.338562,3711,531,0,221,445,3494,49,0
31.169626,3.663000,113.000,44.615000,2.121000,125.339020,3711,531,0,221,445,3494,49,0
31.181151,11.525000,113.000,44.615000,2.121000,125.339500,3711,531,0,221,445,3494,49,0
31.186378,5.227000,113.000,44.615000,2.121000,125.339951,3711,531,0,221,445,3494,49,0
31.197727,11.349000,113.000,44.615000,2.121000,125.340431,3711,531,0,221,445,3494,49,0
31.202941,5.214000,113.000,44.615000,2.121000,125.340942,3711,531,0,220,425,3454,49,0
31.214385,11.444000,113.000,44.615000,2.121000,125.341370,3711,531,0,220,425,3454,49,0
31.218677,4.292000,113.000,44.615000,2.121000,125.311626,3712,531,0,220,425,3454,49,0
31.231144,12.467000,113.000,44.615000,2.121000,125.312107,3712,531,0,220,425,3454,49,0
31.235540,4.396000,113.000,44.615000,2.121000,125.315945,3718,531,0,220,425,3454,49,0
31.247752,12.212000,113.000,44.615000,2.121000,125.316380,3718,531,0,220,425,3454,49,0
31.253113,5.361000,113.000,44.615000,2.121000,125.316803,3718,531,0,220,425,3454,49,0
31.264403,11.290000,113.000,44.615000,2.121000,125.315643,3715,531,0,220,425,3454,49,0
31.268866,4.463000,113.000,44.615000,2.121000,125.316139,3715,531,0,220,425,3454,49,0
31.282720,13.854000,113.000,44.615000,2.121000,125.316635,3715,531,0,220,425,3454,49,0
31.285171,2.451000,113.000,44.615000,2.121000,125.323074,3725,531,0,220,425,3454,49,0
31.300027,14.856000,113.000,44.615000,2.121000,125.323479,3725,531,0,220,425,3454,49,0
31.303364,3.337000,113.000,44.615000,2.121000,125.323959,3725,531,0,220,425,3454,49,0
31.316133,12.769000,113.000,44.615000,2.121000,125.322830,3722,531,0,220,425,3454,49,0
31.318665,2.532000,113.000,44.615000,2.121000,125.323311,3722,531,0,220,425,3454,49,0
31.332335,13.670000,113.000,44.615000,2.121000,125.323792,3722,531,0,220,425,3454,49,0
31.376994,44.659000,113.000,44.615000,2.121000,125.464180,3854,540,0,229,469,3542,49,0
31.390412,13.418000,113.000,44.615000,2.121000,125.463081,3851,540,0,229,469,3542,49,0
31.394183,3.771000,113.000,44.615000,2.121000,125.445080,3851,540,0,191,429,3462,49,0
31.407387,13.204000,113.000,44.615000,2.121000,125.570152,3934,572,0,191,429,3462,49,0
31.412106,4.719000,113.000,44.615000,2.121000,125.599239,3936,572,0,238,483,3570,49,0
31.423628,11.522000,113.000,44.615000,2.121000,125.538441,3825,572,0,238,483,3570,49,0
31.431511,7.883000,113.000,44.615000,2.121000,125.538921,3825,572,0,238,483,3570,49,0
31.435600,4.089000,113.000,44.615000,2.121000,125.524502,3828,572,0,204,449,3502,49,0
31.448805,13.205000,113.000,44.615000,2.121000,125.528225,3834,572,0,204,449,3502,49,0
31.451297,2.492000,113.000,44.615000,2.121000,125.528706,3834,572,0,204,449,3502,49,0
31.465643,14.346000,113.000,44.615000,2.121000,125.532524,3840,572,0,204,449,3502,49,0
31.468253,2.610000,113.000,44.615000,2.121000,125.533005,3840,572,0,204,449,3502,49,0
31.482043,13.790000,113.000,44.615000,2.121000,125.533443,3840,572,0,204,449,3502,49,0
31.484811,2.768000,113.000,44.615000,2.121000,125.529514,3838,572,0,204,449,3502,49,0
31.499121,14.310000,113.000,44.615000,2.121000,125.526760,3832,572,0,204,449,3502,49,0
31.501814,2.693000,113.000,44.615000,2.121000,125.527241,3832,572,0,204,449,3502,49,0
31.515542,13.728000,113.000,44.615000,2.121000,125.525219,3828,572,0,203,413,3430,49,0
31.517900,2.358000,113.000,44.615000,2.121000,125.525700,3828,572,0,203,413,3430,49,0
31.532299,14.399000,113.000,44.615000,2.121000,125.484737,3831,572,0,203,413,3430,49,0
31.534956,2.657000,113.000,44.615000,2.121000,125.485218,3831,572,0,203,413,3430,49,0
31.549427,14.471000,113.000,44.615000,2.121000,125.487339,3834,572,0,203,413,3430,49,0
31.553332,3.905000,113.000,44.615000,2.121000,125.487816,3834,572,0,203,413,3430,49,0
31.564468,11.136000,113.000,44.615000,2.121000,125.488243,3834,572,0,203,413,3430,49,0
31.569451,4.983000,113.000,44.615000,2.121000,125.484371,3832,572,0,203,413,3430,49,0
31.581181,11.730000,113.000,44.615000,2.121000,125.484852,3832,572,0,203,413,3430,49,0
31.585677,4.496000,113.000,44.615000,2.121000,125.486340,3835,572,0,203,413,3430,49,0
31.597924,12.247000,113.000,44.615000,2.121000,125.483318,3829,572,0,202,412,3428,49,0
31.602607,4.683000,113.000,44.615000,2.121000,125.483776,3829,572,0,202,412,3428,49,0
31.614370,11.763000,113.000,44.615000,2.121000,125.484257,3829,572,0,200,410,3424,49,0
31.618881,4.511000,113.000,44.615000,2.121000,125.484669,3829,572,0,199,409,3422,49,0
31.631162,12.281000,113.000,44.615000,2.121000,125.474735,3825,568,0,199,409,3422,49,0
31.635470,4.308000,113.000,44.615000,2.121000,125.470921,3818,568,0,198,408,3420,49,0
31.647948,12.478000,113.000,44.615000,2.121000,125.471355,3818,568,0,197,407,3418,49,0
31.652629,4.681000,113.000,44.615000,2.121000,125.470066,3815,568,0,196,406,3416,49,0
31.664521,11.892000,113.000,44.615000,2.121000,125.451733,3800,563,0,195,405,3414,49,0
31.668510,3.989000,111.000,44.625000,2.180000,125.449154,3796,563,0,195,405,3414,49,0
31.682206,13.696000,111.000,44.625000,2.180000,125.494682,3792,563,0,230,459,3522,49,0
31.684774,2.568000,111.000,44.625000,2.180000,125.495163,3792,563,0,230,459,3522,49,0
31.699439,14.665000,111.000,44.625000,2.180000,125.488121,3789,563,0,218,447,3498,49,0
31.702075,2.636000,111.000,44.625000,2.180000,125.488602,3789,563,0,218,447,3498,49,0
31.716134,14.059000,111.000,44.625000,2.180000,125.490784,3792,563,0,218,447,3498,49,0
31.718834,2.700000,111.000,44.625000,2.180000,125.491264,3792,563,0,218,447,3498,49,0
31.732172,13.338000,111.000,44.625000,2.180000,125.491737,3792,563,0,218,447,3498,49,0
31.734723,2.551000,111.000,44.625000,2.180000,125.492218,3792,563,0,218,447,3498,49,0
31.749590,14.867000,111.000,44.625000,2.180000,125.491089,3789,563,0,218,447,3498,49,0
31.752398,2.808000,111.000,44.625000,2.180000,125.491524,3789,563,0,218,447,3498,49,0
31.765833,13.435000,111.000,44.625000,2.180000,125.490364,3786,563,0,218,447,3498,49,0
31.768074,2.241000,111.000,44.625000,2.180000,125.490845,3786,563,0,218,447,3498,49,0
31.782115,14.041000,111.000,44.625000,2.180000,125.491325,3786,563,0,218,447,3498,49,0
31.786123,4.008000,111.000,44.625000,2.180000,125.491837,3786,563,0,218,447,3498,49,0
31.797859,11.736000,111.000,44.625000,2.180000,125.492317,3786,563,0,218,447,3498,49,0
31.802272,4.413000,111.000,44.625000,2.180000,125.491142,3783,563,0,218,447,3498,49,0
31.814492,12.220000,111.000,44.625000,2.180000,125.491570,3783,563,0,217,427,3458,49,0
31.818368,3.876000,111.000,44.625000,2.180000,125.487640,3781,563,0,217,427,3458,49,0
31.831035,12.667000,111.000,44.625000,2.180000,125.460625,3781,563,0,217,427,3458,49,0
31.835815,4.780000,111.000,44.625000,2.180000,125.461163,3781,563,0,217,427,3458,49,0
31.847848,12.033000,111.000,44.625000,2.180000,125.461643,3781,563,0,217,427,3458,49,0
31.852595,4.747000,111.000,44.625000,2.180000,125.463737,3784,563,0,217,427,3458,49,0
31.864410,11.815000,111.000,44.625000,2.180000,125.464218,3784,563,0,217,427,3458,49,0
31.869072,4.662000,111.000,44.625000,2.180000,125.464645,3784,563,0,217,427,3458,49,0
31.881100,12.028000,111.000,44.625000,2.180000,125.465126,3784,563,0,217,427,3458,49,0
31.884900,3.800000,111.000,44.625000,2.180000,125.462288,3778,563,0,217,427,3458,49,0
31.897725,12.825000,111.000,44.625000,2.180000,125.468693,3788,563,0,217,427,3458,49,0
31.901984,4.259000,111.000,44.625000,2.180000,125.469204,3788,563,0,217,427,3458,49,0
31.915536,13.552000,111.000,44.625000,2.180000,125.469685,3788,563,0,217,427,3458,49,0
31.917777,2.241000,111.000,44.625000,2.180000,125.470165,3788,563,0,217,427,3458,49,0
31.932317,14.540000,111.000,44.625000,2.180000,125.484413,3788,563,0,217,427,3458,49,0
31.934614,2.297000,111.000,44.625000,2.180000,126.019882,3788,563,0,217,427,3458,49,0
31.968749,34.135000,111.000,44.625000,2.180000,126.166626,3923,572,0,238,485,3574,49,0
31.981061,12.312000,111.000,44.625000,2.180000,126.167107,3923,572,0,238,485,3574,49,0
31.984884,3.823000,111.000,44.625000,2.180000,126.167587,3923,572,0,238,485,3574,49,0
31.997680,12.796000,111.000,44.625000,2.180000,126.168068,3923,572,0,238,485,3574,49,0
32.001791,4.111000,111.000,44.625000,2.180000,126.172955,3925,572,0,238,485,3574,49,0
32.014326,12.535000,111.000,44.625000,2.180000,126.118198,3825,572,0,238,485,3574,49,0
32.018064,3.738000,111.000,44.625000,2.180000,126.100197,3825,572,0,200,447,3498,49,0
32.031061,12.997000,111.000,44.625000,2.180000,126.100677,3825,572,0,200,447,3498,49,0
32.035033,3.972000,111.000,44.625000,2.180000,126.102947,3825,572,0,200,447,3498,49,3
32.048658,13.625000,111.000,44.625000,2.180000,126.106380,3825,572,0,200,447,3498,49,7
32.051236,2.578000,111.000,44.625000,2.180000,126.106861,3825,572,0,200,447,3498,49,7
32.065507,14.271000,111.000,44.625000,2.180000,126.111443,3837,570,0,200,447,3498,49,6
32.068365,2.858000,111.000,44.625000,2.180000,126.105453,3827,570,0,202,447,3498,49,6
32.082304,13.939000,111.000,44.625000,2.180000,126.106598,3860,564,0,202,447,3498,49,0
32.084972,2.668000,111.000,44.625000,2.180000,126.083351,3828,564,0,207,447,3498,49,0
32.099329,14.357000,111.000,44.625000,2.180000,126.082191,3825,564,0,207,447,3498,49,0
32.102052,2.723000,111.000,44.625000,2.180000,126.080170,3821,564,0,206,411,3426,49,0
32.115717,13.665000,111.000,44.625000,2.180000,126.080650,3821,564,0,206,411,3426,49,0
32.118119,2.402000,111.000,44.625000,2.180000,126.039379,3821,564,0,206,411,3426,49,0
32.132467,14.348000,111.000,44.625000,2.180000,126.041721,3824,564,0,206,411,3426,49,0
32.134890,2.423000,111.000,44.625000,2.180000,126.042202,3824,564,0,206,411,3426,49,0
32.149103,14.213000,111.000,44.625000,2.180000,126.042549,3824,564,0,206,411,3426,49,0
32.151989,2.886000,111.000,44.625000,2.180000,126.038620,3822,564,0,206,411,3426,49,0
32.166238,14.249000,111.000,44.625000,2.180000,126.039207,3822,564,0,206,411,3426,49,0
32.169984,3.746000,111.000,44.625000,2.180000,126.039711,3822,564,0,206,411,3426,49,0
32.181115,11.131000,111.000,44.625000,2.180000,126.039551,3822,564,0,206,411,3426,49,0
32.185197,4.082000,111.000,44.625000,2.180000,126.034851,3813,564,0,205,410,3424,49,0
32.197893,12.696000,111.000,44.625000,2.180000,126.035332,3813,564,0,205,410,3424,49,0
32.202928,5.035000,111.000,44.625000,2.180000,126.037457,3816,564,0,203,408,3420,49,0
32.214520,11.592000,111.000,44.625000,2.180000,126.037937,3816,564,0,200,405,3414,49,0
32.219291,4.771000,111.000,44.625000,2.180000,126.027786,3812,560,0,200,405,3414,49,0
32.231211,11.920000,111.000,44.625000,2.180000,126.023918,3805,560,0,193,398,3400,49,0
32.235828,4.617000,111.000,44.625000,2.180000,126.027691,3811,560,0,192,397,3398,49,0
32.247916,12.088000,111.000,44.625000,2.180000,126.028088,3811,560,0,191,396,3396,49,0
32.252694,4.778000,111.000,44.625000,2.180000,126.012962,3802,555,0,190,395,3394,49,0
32.264510,11.816000,111.000,44.625000,2.180000,126.007126,3792,555,0,190,395,3394,49,0
32.270827,6.317000,111.000,44.625000,2.180000,126.057873,3794,555,0,229,453,3510,49,0
32.282331,11.504000,111.000,44.625000,2.180000,126.058353,3794,555,0,229,453,3510,49,0
32.284975,2.644000,111.000,44.625000,2.180000,126.042297,3794,555,0,195,419,3442,49,0
32.299608,14.633000,111.000,44.625000,2.180000,126.044430,3797,555,0,195,419,3442,49,0
32.302338,2.730000,111.000,44.625000,2.180000,126.044910,3797,555,0,193,417,3438,49,0
32.315987,13.649000,111.000,44.625000,2.180000,126.027729,3793,549,0,193,417,3438,49,0
32.318413,2.426000,111.000,44.625000,2.180000,126.020824,3781,549,0,187,411,3426,49,0
32.332330,13.917000,111.000,44.625000,2.180000,125.957733,3751,531,0,187,411,3426,49,0
32.334897,2.567000,111.000,44.625000,2.180000,125.936012,3715,531,0,187,411,3426,49,0
32.349524,14.627000,111.000,44.625000,2.180000,125.934837,3712,531,0,187,411,3426,49,0
32.352437,2.913000,111.000,44.625000,2.180000,125.935318,3712,531,0,187,411,3426,49,0
32.365881,13.444000,111.000,44.625000,2.180000,125.935783,3712,531,0,187,411,3426,49,0
32.368227,2.346000,111.000,44.625000,2.180000,125.936264,3712,531,0,187,411,3426,49,0
32.382209,13.982000,111.000,44.625000,2.180000,125.936745,3712,531,0,187,411,3426,49,0
32.384778,2.569000,111.000,44.625000,2.180000,125.935585,3709,531,0,187,411,3426,49,0
32.399714,14.936000,111.000,44.625000,2.180000,125.936066,3709,531,0,187,411,3426,49,0
32.404756,5.042000,111.000,44.625000,2.180000,125.936577,3709,531,0,186,391,3386,49,0
32.410117,5.361000,111.000,44.625000,2.180000,125.937004,3709,531,0,186,391,3386,49,0
32.424227,14.110000,111.000,44.625000,2.180000,125.904022,3704,531,0,186,391,3386,49,0
32.431041,6.814000,111.000,44.625000,2.180000,125.904503,3704,531,0,186,391,3386,49,0
32.436053,5.012000,111.000,44.625000,2.180000,125.906631,3707,531,0,186,391,3386,49,0
32.448247,12.194000,111.000,44.625000,2.180000,125.907112,3707,531,0,186,391,3386,49,0
32.453034,4.787000,111.000,44.625000,2.180000,125.904320,3701,531,0,186,391,3386,49,0
32.464514,11.480000,111.000,44.625000,2.180000,125.904800,3701,531,0,186,391,3386,49,0
32.469058,4.544000,111.000,44.625000,2.180000,125.906940,3704,531,0,186,391,3386,49,0
32.481118,12.060000,111.000,44.625000,2.180000,125.907421,3704,531,0,186,391,3386,49,0
32.485591,4.473000,111.000,44.625000,2.180000,125.917076,3720,531,0,186,391,3386,49,0
32.497888,12.297000,111.000,44.625000,2.180000,125.917557,3720,531,0,186,391,3386,49,0
32.502201,4.313000,111.000,44.625000,2.180000,125.921318,3726,531,0,186,391,3386,49,0
32.516004,13.803000,111.000,44.625000,2.180000,125.921822,3726,531,0,186,391,3386,49,0
32.518185,2.181000,111.000,44.625000,2.180000,125.922302,3726,531,0,186,391,3386,49,0
32.532493,14.308000,111.000,44.625000,2.180000,125.919525,3720,531,0,186,391,3386,49,0
32.576313,43.820000,111.000,44.625000,2.180000,126.078136,3857,540,0,229,471,3546,49,0
32.582196,5.883000,111.000,44.625000,2.180000,126.201469,3937,572,0,229,471,3546,49,0
32.584891,2.695000,111.000,44.625000,2.180000,126.201927,3937,572,0,226,473,3550,49,0
32.598859,13.968000,111.000,44.625000,2.180000,126.204041,3940,572,0,226,473,3550,49,0
32.602519,3.660000,111.000,44.625000,2.180000,126.214657,3942,572,0,238,485,3574,49,0
32.615503,12.984000,111.000,44.625000,2.180000,126.161549,3845,572,0,238,485,3574,49,0
32.617975,2.472000,111.000,44.625000,2.180000,126.162029,3845,572,0,238,485,3574,49,0
32.631951,13.976000,111.000,44.625000,2.180000,126.162510,3845,572,0,238,485,3574,49,0
32.634726,2.775000,111.000,44.625000,2.180000,126.162991,3845,572,0,238,485,3574,49,0
32.648874,14.148000,111.000,44.625000,2.180000,126.163471,3845,572,0,238,485,3574,49,0
32.651602,2.728000,111.000,44.625000,2.180000,126.163952,3845,572,0,238,485,3574,49,0
32.665602,14.000000,111.000,44.625000,2.180000,126.166084,3848,572,0,238,485,3574,49,0
32.669084,3.482000,113.000,43.795000,1.942000,126.166565,3848,572,0,238,485,3574,49,0
32.681078,11.994000,113.000,43.795000,1.942000,126.167046,3848,572,0,238,485,3574,49,0
32.684840,3.762000,113.000,43.795000,1.942000,126.167538,3848,572,0,238,485,3574,49,0
32.697758,12.918000,113.000,43.795000,1.942000,126.167919,3848,572,0,238,485,3574,49,0
32.702190,4.432000,113.000,43.795000,1.942000,126.161488,3842,572,0,237,449,3502,49,0
32.714569,12.379000,113.000,43.795000,1.942000,126.161922,3842,572,0,237,449,3502,49,0
32.718484,3.915000,113.000,43.795000,1.942000,126.119011,3839,572,0,237,449,3502,49,0
32.731029,12.545000,113.000,43.795000,1.942000,126.119492,3839,572,0,237,449,3502,49,0
32.735410,4.381000,113.000,43.795000,1.942000,126.119995,3839,572,0,237,449,3502,49,0
32.747731,12.321000,113.000,43.795000,1.942000,126.120377,3839,572,0,237,449,3502,49,0
32.752177,4.446000,113.000,43.795000,1.942000,126.113148,3831,572,0,237,449,3502,49,0
32.764542,12.365000,113.000,43.795000,1.942000,126.111988,3828,572,0,237,449,3502,49,0
32.768726,4.184000,113.000,43.795000,1.942000,126.112492,3828,572,0,237,449,3502,49,0
32.782431,13.705000,113.000,43.795000,1.942000,126.114010,3831,572,0,237,449,3502,49,0
32.785198,2.767000,113.000,43.795000,1.942000,126.110989,3825,572,0,236,448,3500,49,0
32.799415,14.217000,113.000,43.795000,1.942000,126.111462,3825,572,0,236,448,3500,49,0
32.801969,2.554000,113.000,43.795000,1.942000,126.111942,3825,572,0,234,446,3496,49,0
32.815836,13.867000,113.000,43.795000,1.942000,126.110889,3822,572,0,233,445,3494,49,0
32.818165,2.329000,113.000,43.795000,1.942000,126.100956,3818,568,0,233,445,3494,49,0
32.832318,14.153000,113.000,43.795000,1.942000,126.095448,3808,568,0,232,444,3492,49,0
32.834906,2.588000,113.000,43.795000,1.942000,126.095928,3808,568,0,231,443,3490,49,0
32.849469,14.563000,113.000,43.795000,1.942000,126.096355,3808,568,0,230,442,3488,49,0
32.851971,2.502000,113.000,43.795000,1.942000,126.081303,3799,563,0,229,441,3486,49,0
32.865908,13.937000,113.000,43.795000,1.942000,126.075390,3789,563,0,229,441,3486,49,0
32.869614,3.706000,113.000,43.795000,1.942000,126.107697,3791,563,0,230,461,3526,49,0
32.882305,12.691000,113.000,43.795000,1.942000,126.106583,3788,563,0,230,461,3526,49,0
32.884997,2.692000,113.000,43.795000,1.942000,126.088581,3788,563,0,192,423,3450,49,0
32.899166,14.169000,113.000,43.795000,1.942000,126.089046,3788,563,0,192,423,3450,49,0
32.903389,4.223000,113.000,43.795000,1.942000,126.089516,3788,563,0,192,423,3450,49,0
32.914513,11.124000,113.000,43.795000,1.942000,126.089996,3788,563,0,192,423,3450,49,0
32.918495,3.982000,113.000,43.795000,1.942000,126.092148,3791,563,0,192,423,3450,49,0
32.931013,12.518000,113.000,43.795000,1.942000,126.092628,3791,563,0,192,423,3450,49,0
32.935475,4.462000,113.000,43.795000,1.942000,126.093094,3791,563,0,192,423,3450,49,0
32.947912,12.437000,113.000,43.795000,1.942000,126.093575,3791,563,0,192,423,3450,49,0
32.952538,4.626000,113.000,43.795000,1.942000,126.090759,3785,563,0,192,423,3450,49,0
32.964504,11.966000,113.000,43.795000,1.942000,126.091240,3785,563,0,192,423,3450,49,0
32.969172,4.668000,113.000,43.795000,1.942000,126.091751,3785,563,0,192,423,3450,49,0
32.981194,12.022000,113.000,43.795000,1.942000,126.092232,3785,563,0,192,423,3450,49,0
32.985676,4.482000,113.000,43.795000,1.942000,126.092773,3785,563,0,192,423,3450,49,0
32.997821,12.145000,113.000,43.795000,1.942000,126.091614,3782,563,0,192,423,3450,49,0
33.001895,4.074000,113.000,43.795000,1.942000,126.093708,3785,563,0,191,403,3410,49,0
33.015929,14.034000,113.000,43.795000,1.942000,126.095798,3788,563,0,191,403,3410,49,0
33.018322,2.393000,113.000,43.795000,1.942000,126.064320,3786,563,0,191,403,3410,49,0
33.032325,14.003000,113.000,43.795000,1.942000,126.064880,3786,563,0,191,403,3410,49,0
33.034521,2.196000,113.000,43.795000,1.942000,126.065361,3786,563,0,191,403,3410,49,0
33.049354,14.833000,113.000,43.795000,1.942000,126.065826,3786,563,0,191,403,3410,49,0
33.051708,2.354000,113.000,43.795000,1.942000,126.066307,3786,563,0,191,403,3410,49,0
33.065688,13.980000,113.000,43.795000,1.942000,126.066803,3786,563,0,191,403,3410,49,0
33.067794,2.106000,113.000,43.795000,1.942000,126.067284,3786,563,0,191,403,3410,49,0
33.082228,14.434000,113.000,43.795000,1.942000,126.067749,3786,563,0,191,403,3410,49,0
33.084623,2.395000,113.000,43.795000,1.942000,126.074234,3796,563,0,191,403,3410,49,0
33.099192,14.569000,113.000,43.795000,1.942000,126.074669,3796,563,0,191,403,3410,49,0
33.101555,2.363000,113.000,43.795000,1.942000,126.075150,3796,563,0,191,403,3410,49,0
33.115927,14.372000,113.000,43.795000,1.942000,126.075615,3796,563,0,191,403,3410,49,0
33.118129,2.202000,113.000,43.795000,1.942000,126.074455,3793,563,0,191,403,3410,49,0
33.132392,14.263000,113.000,43.795000,1.942000,126.074982,3793,563,0,191,403,3410,49,0
33.174927,42.535000,113.000,43.795000,1.942000,126.231049,3922,572,0,238,487,3578,49,0
33.180967,6.040000,113.000,43.795000,1.942000,126.231529,3922,572,0,238,487,3578,49,0
33.184984,4.017000,113.000,43.795000,1.942000,126.215473,3922,572,0,204,451,3506,49,0
33.197788,12.804000,113.000,43.795000,1.942000,126.215954,3922,572,0,204,451,3506,49,0
33.202933,5.145000,113.000,43.795000,1.942000,126.238953,3927,572,0,238,485,3574,49,0
33.214534,11.601000,113.000,43.795000,1.942000,126.184196,3827,572,0,238,485,3574,49,0
33.218144,3.610000,113.000,43.795000,1.942000,126.180031,3827,572,0,226,473,3550,49,2
33.231024,12.880000,113.000,43.795000,1.942000,126.180511,3827,572,0,226,473,3550,49,2
33.235368,4.344000,113.000,43.795000,1.942000,126.184528,3827,572,0,226,473,3550,49,7
33.247855,12.487000,113.000,43.795000,1.942000,126.185009,3827,572,0,226,473,3550,49,7
33.252414,4.559000,113.000,43.795000,1.942000,126.189602,3839,570,0,226,473,3550,49,6
33.264549,12.135000,113.000,43.795000,1.942000,126.181973,3826,570,0,228,473,3550,49,6
33.268532,3.983000,113.000,43.795000,1.942000,126.184811,3862,564,0,228,473,3550,49,0
33.282047,13.515000,113.000,43.795000,1.942000,126.167625,3835,564,0,233,473,3550,49,0
33.284840,2.793000,113.000,43.795000,1.942000,126.168053,3835,564,0,233,473,3550,49,0
33.298915,14.075000,113.000,43.795000,1.942000,126.164078,3833,564,0,233,473,3550,49,0
33.301352,2.437000,113.000,43.795000,1.942000,126.162056,3829,564,0,232,437,3478,49,0
33.315532,14.180000,113.000,43.795000,1.942000,126.165928,3835,564,0,232,437,3478,49,0
33.317883,2.351000,113.000,43.795000,1.942000,126.124657,3835,564,0,232,437,3478,49,0
33.331968,14.085000,113.000,43.795000,1.942000,126.125256,3835,564,0,232,437,3478,49,0
33.334469,2.501000,113.000,43.795000,1.942000,126.125736,3835,564,0,232,437,3478,49,0
33.349289,14.820000,113.000,43.795000,1.942000,126.126179,3835,564,0,232,437,3478,49,0
33.351849,2.560000,113.000,43.795000,1.942000,126.122250,3833,564,0,232,437,3478,49,0
33.365891,14.042000,113.000,43.795000,1.942000,126.122845,3833,564,0,232,437,3478,49,0
33.368273,2.382000,113.000,43.795000,1.942000,126.123325,3833,564,0,232,437,3478,49,0
33.382430,14.157000,113.000,43.795000,1.942000,126.124844,3836,564,0,232,437,3478,49,0
33.385098,2.668000,113.000,43.795000,1.942000,126.121777,3830,564,0,231,436,3476,49,0
33.399469,14.371000,113.000,43.795000,1.942000,126.125572,3836,564,0,231,436,3476,49,0
33.403712,4.243000,113.000,43.795000,1.942000,126.126011,3836,564,0,227,432,3468,49,0
33.417881,14.169000,113.000,43.795000,1.942000,126.126492,3836,564,0,226,431,3466,49,0
33.432237,14.356000,113.000,43.795000,1.942000,126.114780,3829,560,0,220,425,3454,49,0
33.434790,2.553000,113.000,43.795000,1.942000,126.110912,3822,560,0,219,424,3452,49,0
33.449335,14.545000,113.000,43.795000,1.942000,126.111378,3822,560,0,218,423,3450,49,0
33.451737,2.402000,113.000,43.795000,1.942000,126.111774,3822,560,0,217,422,3448,49,0
33.465810,14.073000,113.000,43.795000,1.942000,126.096661,3813,555,0,216,421,3446,49,0
33.467974,2.164000,113.000,43.795000,1.942000,126.090778,3803,555,0,216,421,3446,49,0
33.482186,14.212000,113.000,43.795000,1.942000,126.128567,3802,555,0,229,454,3512,49,0
33.484824,2.638000,113.000,43.795000,1.942000,126.129047,3802,555,0,229,454,3512,49,0
33.499436,14.612000,113.000,43.795000,1.942000,126.129513,3802,555,0,229,454,3512,49,0
33.502260,2.824000,113.000,43.795000,1.942000,126.128353,3799,555,0,227,452,3508,49,0
33.515850,13.590000,113.000,43.795000,1.942000,126.107811,3789,549,0,227,452,3508,49,0
33.519592,3.742000,113.000,43.795000,1.942000,126.102638,3780,549,0,221,446,3496,49,0
33.531094,11.502000,113.000,43.795000,1.942000,126.039616,3750,531,0,221,446,3496,49,0
33.535234,4.140000,113.000,43.795000,1.942000,126.014606,3708,531,0,221,446,3496,49,0
33.547845,12.611000,113.000,43.795000,1.942000,126.015087,3708,531,0,221,446,3496,49,0
33.552869,5.024000,113.000,43.795000,1.942000,126.017254,3711,531,0,221,446,3496,49,0
33.564485,11.616000,113.000,43.795000,1.942000,126.017735,3711,531,0,221,446,3496,49,0
33.569035,4.550000,113.000,43.795000,1.942000,126.021534,3717,531,0,221,446,3496,49,0
33.581084,12.049000,113.000,43.795000,1.942000,126.022015,3717,531,0,221,446,3496,49,0
33.585413,4.329000,113.000,43.795000,1.942000,126.025784,3723,531,0,221,446,3496,49,0
33.597889,12.476000,113.000,43.795000,1.942000,126.026264,3723,531,0,221,446,3496,49,0
33.602566,4.677000,113.000,43.795000,1.942000,126.026730,3723,531,0,221,446,3496,49,0
33.614467,11.901000,113.000,43.795000,1.942000,126.027157,3723,531,0,220,425,3454,49,0
33.618931,4.464000,113.000,43.795000,1.942000,126.019989,3715,531,0,220,425,3454,49,0
33.631090,12.159000,113.000,43.795000,1.942000,125.991676,3715,531,0,220,425,3454,49,0
33.635679,4.589000,113.000,43.795000,1.942000,125.992123,3715,531,0,220,425,3454,49,0
33.649340,13.661000,113.000,43.795000,1.942000,125.994129,3718,531,0,220,425,3454,49,0
33.651741,2.401000,113.000,43.795000,1.942000,125.994564,3718,531,0,220,425,3454,49,0
33.665761,14.020000,113.000,43.795000,1.942000,125.996803,3721,531,0,220,425,3454,49,0
33.668128,2.367000,115.000,41.514000,1.670000,125.997284,3721,531,0,220,425,3454,49,0
33.682437,14.309000,115.000,41.514000,1.670000,125.997746,3721,531,0,220,425,3454,49,0
33.684926,2.489000,115.000,41.514000,1.670000,125.998226,3721,531,0,220,425,3454,49,0
33.699577,14.651000,115.000,41.514000,1.670000,126.004520,3731,531,0,220,425,3454,49,0
33.702235,2.658000,115.000,41.514000,1.670000,126.005001,3731,531,0,220,425,3454,49,0
33.715897,13.662000,115.000,41.514000,1.670000,126.007130,3734,531,0,220,425,3454,49,0
33.718195,2.298000,115.000,41.514000,1.670000,126.007610,3734,531,0,220,425,3454,49,0
33.732358,14.163000,115.000,41.514000,1.670000,126.008053,3734,531,0,220,425,3454,49,0
33.734950,2.592000,115.000,41.514000,1.670000,126.006893,3731,531,0,220,425,3454,49,0
33.778430,43.480000,115.000,41.514000,1.670000,126.270512,3946,572,0,229,469,3542,49,0
33.782463,4.033000,115.000,41.514000,1.670000,126.276726,3946,572,0,238,485,3574,49,0
33.785245,2.782000,115.000,41.514000,1.670000,126.258724,3946,572,0,200,445,3494,49,0
33.798806,13.561000,115.000,41.514000,1.670000,126.257656,3943,572,0,200,445,3494,49,0
33.803315,4.509000,115.000,41.514000,1.670000,126.280930,3945,572,0,238,483,3570,49,0
33.815508,12.193000,115.000,41.514000,1.670000,126.226200,3845,572,0,238,483,3570,49,0
33.818250,2.742000,115.000,41.514000,1.670000,126.210144,3845,572,0,204,449,3502,49,0
33.832022,13.772000,115.000,41.514000,1.670000,126.207268,3839,572,0,204,449,3502,49,0
33.834786,2.764000,115.000,41.514000,1.670000,126.207748,3839,572,0,204,449,3502,49,0
33.849041,14.255000,115.000,41.514000,1.670000,126.206604,3836,572,0,204,449,3502,49,0
33.851783,2.742000,115.000,41.514000,1.670000,126.207085,3836,572,0,204,449,3502,49,0
33.865415,13.632000,115.000,41.514000,1.670000,126.209240,3839,572,0,204,449,3502,49,0
33.867906,2.491000,115.000,41.514000,1.670000,126.209721,3839,572,0,204,449,3502,49,0
33.882005,14.099000,115.000,41.514000,1.670000,126.210148,3839,572,0,204,449,3502,49,0
33.884594,2.589000,115.000,41.514000,1.670000,126.204578,3834,572,0,204,449,3502,49,0
33.898966,14.372000,115.000,41.514000,1.670000,126.205059,3834,572,0,204,449,3502,49,0
33.902539,3.573000,115.000,41.514000,1.670000,126.201397,3827,572,0,203,413,3430,49,0
33.914533,11.994000,115.000,41.514000,1.670000,126.201878,3827,572,0,203,413,3430,49,0
33.919285,4.752000,115.000,41.514000,1.670000,126.160648,3827,572,0,203,413,3430,49,0
33.931045,11.760000,115.000,41.514000,1.670000,126.161129,3827,572,0,203,413,3430,49,0
33.935705,4.660000,115.000,41.514000,1.670000,126.161625,3827,572,0,203,413,3430,49,0
33.947866,12.161000,115.000,41.514000,1.670000,126.162052,3827,572,0,203,413,3430,49,0
33.952542,4.676000,115.000,41.514000,1.670000,126.156483,3822,572,0,203,413,3430,49,0
33.964519,11.977000,115.000,41.514000,1.670000,126.156963,3822,572,0,203,413,3430,49,0
33.968963,4.444000,115.000,41.514000,1.670000,126.157509,3822,572,0,203,413,3430,49,0
33.981092,12.129000,115.000,41.514000,1.670000,126.157349,3822,572,0,203,413,3430,49,0
33.985865,4.773000,115.000,41.514000,1.670000,126.154320,3816,572,0,202,412,3428,49,0
33.997829,11.964000,115.000,41.514000,1.670000,126.154800,3816,572,0,202,412,3428,49,0
34.002400,4.571000,115.000,41.514000,1.670000,126.156967,3819,572,0,200,410,3424,49,0
34.015950,13.550000,115.000,41.514000,1.670000,126.157375,3819,572,0,199,409,3422,49,0
34.018398,2.448000,115.000,41.514000,1.670000,126.147396,3815,568,0,199,409,3422,49,0
34.032563,14.165000,115.000,41.514000,1.670000,126.140263,3802,568,0,198,408,3420,49,0
34.035123,2.560000,115.000,41.514000,1.670000,126.140743,3802,568,0,197,407,3418,49,0
34.049677,14.554000,115.000,41.514000,1.670000,126.141171,3802,568,0,196,406,3416,49,0
34.052482,2.805000,115.000,41.514000,1.670000,126.126118,3793,563,0,195,405,3414,49,0
34.066108,13.626000,115.000,41.514000,1.670000,126.120205,3783,563,0,195,405,3414,49,0
34.070811,4.703000,115.000,41.514000,1.670000,126.169060,3785,563,0,230,459,3522,49,0
34.082280,11.469000,115.000,41.514000,1.670000,126.169533,3785,563,0,230,459,3522,49,0
34.084816,2.536000,115.000,41.514000,1.670000,126.164131,3785,563,0,218,447,3498,49,0
34.099466,14.650000,115.000,41.514000,1.670000,126.166233,3788,563,0,218,447,3498,49,0
34.102215,2.749000,115.000,41.514000,1.670000,126.166714,3788,563,0,218,447,3498,49,0
34.115834,13.619000,115.000,41.514000,1.670000,126.167160,3788,563,0,218,447,3498,49,0
34.118143,2.309000,115.000,41.514000,1.670000,126.167641,3788,563,0,218,447,3498,49,0
34.132171,14.028000,115.000,41.514000,1.670000,126.168137,3788,563,0,218,447,3498,49,0
34.136532,4.361000,115.000,41.514000,1.670000,126.168587,3788,563,0,218,447,3498,49,0
34.147807,11.275000,115.000,41.514000,1.670000,126.169067,3788,563,0,218,447,3498,49,0
34.152340,4.533000,115.000,41.514000,1.670000,126.169563,3788,563,0,218,447,3498,49,0
34.164509,12.169000,115.000,41.514000,1.670000,126.169998,3788,563,0,218,447,3498,49,0
34.168779,4.270000,115.000,41.514000,1.670000,126.170479,3788,563,0,218,447,3498,49,0
34.181185,12.406000,115.000,41.514000,1.670000,126.170959,3788,563,0,218,447,3498,49,0
34.185423,4.238000,115.000,41.514000,1.670000,126.171410,3788,563,0,218,447,3498,49,0
34.197721,12.298000,115.000,41.514000,1.670000,126.171890,3788,563,0,218,447,3498,49,0
34.202558,4.837000,115.000,41.514000,1.670000,126.170746,3785,563,0,217,427,3458,49,0
34.214567,12.009000,115.000,41.514000,1.670000,126.171173,3785,563,0,217,427,3458,49,0
34.218991,4.424000,115.000,41.514000,1.670000,126.138077,3780,563,0,217,427,3458,49,0
34.231175,12.184000,115.000,41.514000,1.670000,126.138557,3780,563,0,217,427,3458,49,0
34.235812,4.637000,115.000,41.514000,1.670000,126.139145,3780,563,0,217,427,3458,49,0
34.249859,14.047000,115.000,41.514000,1.670000,126.141289,3783,563,0,217,427,3458,49,0
34.252821,2.962000,115.000,41.514000,1.670000,126.141769,3783,563,0,217,427,3458,49,0
34.265983,13.162000,115.000,41.514000,1.670000,126.142227,3783,563,0,217,427,3458,49,0
34.268398,2.415000,115.000,41.514000,1.670000,126.142708,3783,563,0,217,427,3458,49,0
34.282594,14.196000,115.000,41.514000,1.670000,126.143143,3783,563,0,217,427,3458,49,0
34.285371,2.777000,115.000,41.514000,1.670000,126.149628,3793,563,0,217,427,3458,49,0
34.299872,14.501000,115.000,41.514000,1.670000,126.150116,3793,563,0,217,427,3458,49,0
34.302860,2.988000,115.000,41.514000,1.670000,126.150597,3793,563,0,217,427,3458,49,0
34.315947,13.087000,115.000,41.514000,1.670000,126.149323,3790,563,0,217,427,3458,49,0
34.318285,2.338000,115.000,41.514000,1.670000,126.149803,3790,563,0,217,427,3458,49,0
34.332557,14.272000,115.000,41.514000,1.670000,126.151989,3793,563,0,217,427,3458,49,0
34.378489,45.932000,115.000,41.514000,1.670000,126.299801,3930,572,0,238,485,3574,49,0
34.382411,3.922000,115.000,41.514000,1.670000,126.300236,3930,572,0,238,485,3574,49,0
34.385355,2.944000,115.000,41.514000,1.670000,126.300716,3930,572,0,238,485,3574,49,0
34.398846,13.491000,115.000,41.514000,1.670000,126.304535,3936,572,0,238,485,3574,49,0
34.403109,4.263000,115.000,41.514000,1.670000,126.312393,3938,572,0,238,485,3574,49,5
34.414341,11.232000,115.000,41.514000,1.670000,126.254875,3833,572,0,238,485,3574,49,5
34.418881,4.540000,115.000,41.514000,1.670000,126.239243,3833,572,0,200,447,3498,49,8
34.431065,12.184000,115.000,41.514000,1.670000,126.239723,3833,572,0,200,447,3498,49,8
34.435274,4.209000,115.000,41.514000,1.670000,126.243721,3845,570,0,200,447,3498,49,6
34.447793,12.519000,115.000,41.514000,1.670000,126.237732,3835,570,0,202,447,3498,49,6
34.452342,4.549000,115.000,41.514000,1.670000,126.242126,3874,564,0,202,447,3498,49,0
34.464688,12.346000,115.000,41.514000,1.670000,126.223289,3844,564,0,207,447,3498,49,0
34.468551,3.863000,115.000,41.514000,1.670000,126.227070,3850,564,0,207,447,3498,49,0
34.481026,12.475000,115.000,41.514000,1.670000,126.227497,3850,564,0,207,447,3498,49,0
34.485419,4.393000,115.000,41.514000,1.670000,126.223568,3848,564,0,207,447,3498,49,0
34.497817,12.398000,115.000,41.514000,1.670000,126.222408,3845,564,0,207,447,3498,49,0
34.501928,4.111000,115.000,41.514000,1.670000,126.220387,3841,564,0,206,411,3426,49,0
34.515469,13.541000,115.000,41.514000,1.670000,126.220867,3841,564,0,206,411,3426,49,0
34.517933,2.464000,115.000,41.514000,1.670000,126.179596,3841,564,0,206,411,3426,49,0
34.532429,14.496000,115.000,41.514000,1.670000,126.180248,3841,564,0,206,411,3426,49,0
34.535012,2.583000,115.000,41.514000,1.670000,126.180729,3841,564,0,206,411,3426,49,0
34.549259,14.247000,115.000,41.514000,1.670000,126.179531,3838,564,0,206,411,3426,49,0
34.551729,2.470000,115.000,41.514000,1.670000,126.175602,3836,564,0,206,411,3426,49,0
34.566074,14.345000,115.000,41.514000,1.670000,126.176418,3836,564,0,206,411,3426,49,0
34.568511,2.437000,115.000,41.514000,1.670000,126.176899,3836,564,0,206,411,3426,49,0
34.582616,14.105000,115.000,41.514000,1.670000,126.175053,3833,564,0,206,411,3426,49,0
34.585202,2.586000,115.000,41.514000,1.670000,126.172031,3827,564,0,203,408,3420,49,0
34.599610,14.408000,115.000,41.514000,1.670000,126.174030,3830,564,0,203,408,3420,49,0
34.602069,2.459000,115.000,41.514000,1.670000,126.174465,3830,564,0,195,400,3404,49,0
34.615816,13.747000,115.000,41.514000,1.670000,126.171658,3824,564,0,194,399,3402,49,0
34.618195,2.379000,115.000,41.514000,1.670000,126.161724,3820,560,0,194,399,3402,49,0
34.632629,14.434000,115.000,41.514000,1.670000,126.159260,3816,560,0,193,398,3400,49,0
34.636328,3.699000,115.000,41.514000,1.670000,126.163013,3822,560,0,192,397,3398,49,0
34.647864,11.536000,115.000,41.514000,1.670000,126.163410,3822,560,0,191,396,3396,49,0
34.652793,4.929000,115.000,41.514000,1.670000,126.151573,3819,555,0,190,395,3394,49,0
34.664444,11.651000,115.000,41.514000,1.670000,126.145737,3809,555,0,190,395,3394,49,0
34.670912,6.468000,113.000,45.895000,2.000000,126.196480,3811,555,0,229,453,3510,49,0
34.681077,10.165000,113.000,45.895000,2.000000,126.196960,3811,555,0,227,451,3506,49,0
34.685299,4.222000,113.000,45.895000,2.000000,126.156654,3795,549,0,193,417,3438,49,0
34.697902,12.603000,113.000,45.895000,2.000000,126.149750,3783,549,0,187,411,3426,49,0
34.702155,4.253000,113.000,45.895000,2.000000,126.086712,3753,531,0,187,411,3426,49,0
34.714524,12.369000,113.000,45.895000,2.000000,126.065037,3717,531,0,187,411,3426,49,0
34.718933,4.409000,113.000,45.895000,2.000000,126.067181,3720,531,0,187,411,3426,49,0
34.731097,12.164000,113.000,45.895000,2.000000,126.067661,3720,531,0,187,411,3426,49,0
34.735538,4.441000,113.000,45.895000,2.000000,126.069771,3723,531,0,187,411,3426,49,0
34.749291,13.753000,113.000,45.895000,2.000000,126.070267,3723,531,0,187,411,3426,49,0
34.752275,2.984000,113.000,45.895000,2.000000,126.070747,3723,531,0,187,411,3426,49,0
34.765862,13.587000,113.000,45.895000,2.000000,126.071213,3723,531,0,187,411,3426,49,0
34.768242,2.380000,113.000,45.895000,2.000000,126.071693,3723,531,0,187,411,3426,49,0
34.782357,14.115000,113.000,45.895000,2.000000,126.073875,3726,531,0,187,411,3426,49,0
34.785118,2.761000,113.000,45.895000,2.000000,126.074356,3726,531,0,187,411,3426,49,0
34.799414,14.296000,113.000,45.895000,2.000000,126.074791,3726,531,0,187,411,3426,49,0
34.801978,2.564000,113.000,45.895000,2.000000,126.075272,3726,531,0,186,391,3386,49,0
34.815724,13.746000,113.000,45.895000,2.000000,126.075691,3726,531,0,186,391,3386,49,0
34.818501,2.777000,113.000,45.895000,2.000000,126.044266,3724,531,0,186,391,3386,49,0
34.832692,14.191000,113.000,45.895000,2.000000,126.044888,3724,531,0,186,391,3386,49,0
34.835415,2.723000,113.000,45.895000,2.000000,126.045368,3724,531,0,186,391,3386,49,0
34.849766,14.351000,113.000,45.895000,2.000000,126.044209,3721,531,0,186,391,3386,49,0
34.852262,2.496000,113.000,45.895000,2.000000,126.041409,3715,531,0,186,391,3386,49,0
34.866120,13.858000,113.000,45.895000,2.000000,126.045181,3721,531,0,186,391,3386,49,0
34.869893,3.773000,113.000,45.895000,2.000000,126.042294,3715,531,0,186,391,3386,49,0
34.881177,11.284000,113.000,45.895000,2.000000,126.042774,3715,531,0,186,391,3386,49,0
34.885949,4.772000,113.000,45.895000,2.000000,126.047588,3722,531,0,186,391,3386,49,0
34.897850,11.901000,113.000,45.895000,2.000000,126.048069,3722,531,0,186,391,3386,49,0
34.903167,5.317000,113.000,45.895000,2.000000,126.050163,3725,531,0,186,391,3386,49,0
34.914470,11.303000,113.000,45.895000,2.000000,126.050644,3725,531,0,186,391,3386,49,0
34.920361,5.891000,113.000,45.895000,2.000000,126.173847,3805,563,0,186,391,3386,49,0
34.931213,10.852000,113.000,45.895000,2.000000,126.180141,3805,563,0,195,407,3418,49,0
34.976440,45.227000,113.000,45.895000,2.000000,126.336365,3939,572,0,238,487,3578,49,0
34.980966,4.526000,113.000,45.895000,2.000000,126.336800,3939,572,0,238,487,3578,49,0
34.984920,3.954000,113.000,45.895000,2.000000,126.329803,3936,572,0,226,473,3550,49,0
34.997782,12.862000,113.000,45.895000,2.000000,126.330238,3936,572,0,226,473,3550,49,0
35.002408,4.626000,113.000,45.895000,2.000000,126.340866,3938,572,0,238,485,3574,49,0
35.015370,12.962000,113.000,45.895000,2.000000,126.286110,3838,572,0,238,485,3574,49,0
35.017868,2.498000,113.000,45.895000,2.000000,126.286545,3838,572,0,238,485,3574,49,0
35.032012,14.144000,113.000,45.895000,2.000000,126.285385,3835,572,0,238,485,3574,49,0
35.034685,2.673000,113.000,45.895000,2.000000,126.285866,3835,572,0,238,485,3574,49,0
35.048827,14.142000,113.000,45.895000,2.000000,126.286346,3835,572,0,238,485,3574,49,0
35.051582,2.755000,113.000,45.895000,2.000000,126.286827,3835,572,0,238,485,3574,49,0
35.065607,14.025000,113.000,45.895000,2.000000,126.287384,3835,572,0,238,485,3574,49,0
35.068288,2.681000,113.000,45.895000,2.000000,126.287865,3835,572,0,238,485,3574,49,0
35.081994,13.706000,113.000,45.895000,2.000000,126.289944,3838,572,0,238,485,3574,49,0
35.084790,2.796000,113.000,45.895000,2.000000,126.286015,3836,572,0,238,485,3574,49,0
35.098905,14.115000,113.000,45.895000,2.000000,126.286449,3836,572,0,238,485,3574,49,0
35.101493,2.588000,113.000,45.895000,2.000000,126.284428,3832,572,0,237,449,3502,49,0
35.115448,13.955000,113.000,45.895000,2.000000,126.281628,3826,572,0,237,449,3502,49,0
35.117826,2.378000,113.000,45.895000,2.000000,126.240986,3826,572,0,237,449,3502,49,0
35.132266,14.440000,113.000,45.895000,2.000000,126.241562,3826,572,0,237,449,3502,49,0
35.136195,3.929000,113.000,45.895000,2.000000,126.242027,3826,572,0,237,449,3502,49,0
35.147846,11.651000,113.000,45.895000,2.000000,126.242455,3826,572,0,237,449,3502,49,0
35.152637,4.791000,113.000,45.895000,2.000000,126.238762,3824,572,0,237,449,3502,49,0
35.164463,11.826000,113.000,45.895000,2.000000,126.239243,3824,572,0,237,449,3502,49,0
35.168377,3.914000,113.000,45.895000,2.000000,126.241344,3827,572,0,237,449,3502,49,0
35.181001,12.624000,113.000,45.895000,2.000000,126.241184,3827,572,0,237,449,3502,49,0
35.185207,4.206000,113.000,45.895000,2.000000,126.238174,3821,572,0,236,448,3500,49,0
35.197663,12.456000,113.000,45.895000,2.000000,126.238655,3821,572,0,236,448,3500,49,0
35.201866,4.203000,113.000,45.895000,2.000000,126.239151,3821,572,0,234,446,3496,49,0
35.214453,12.587000,113.000,45.895000,2.000000,126.239632,3821,572,0,233,445,3494,49,0
35.218596,4.143000,113.000,45.895000,2.000000,126.229637,3817,568,0,233,445,3494,49,0
35.231036,12.440000,113.000,45.895000,2.000000,126.225769,3810,568,0,232,444,3492,49,0
35.235340,4.304000,113.000,45.895000,2.000000,126.226311,3810,568,0,231,443,3490,49,0
35.249009,13.669000,113.000,45.895000,2.000000,126.226662,3810,568,0,230,442,3488,49,0
35.256184,7.175000,113.000,45.895000,2.000000,126.211609,3801,563,0,229,441,3486,49,0
35.260857,4.673000,113.000,45.895000,2.000000,126.205681,3791,563,0,229,441,3486,49,0
35.272720,11.863000,113.000,45.895000,2.000000,126.239285,3793,563,0,229,462,3528,49,0
35.282083,9.363000,113.000,45.895000,2.000000,126.238094,3790,563,0,229,462,3528,49,0
35.284556,2.473000,113.000,45.895000,2.000000,126.220093,3790,563,0,191,424,3452,49,0
35.299144,14.588000,113.000,45.895000,2.000000,126.218964,3787,563,0,191,424,3452,49,0
35.301664,2.520000,113.000,45.895000,2.000000,126.219444,3787,563,0,191,424,3452,49,0
35.315686,14.022000,113.000,45.895000,2.000000,126.219879,3787,563,0,191,424,3452,49,0
35.318035,2.349000,113.000,45.895000,2.000000,126.220360,3787,563,0,192,424,3452,49,0
35.332394,14.359000,113.000,45.895000,2.000000,126.222504,3790,563,0,192,424,3452,49,0
35.335102,2.708000,113.000,45.895000,2.000000,126.222984,3790,563,0,192,424,3452,49,0
35.349322,14.220000,113.000,45.895000,2.000000,126.223473,3790,563,0,192,424,3452,49,0
35.352016,2.694000,113.000,45.895000,2.000000,126.223953,3790,563,0,192,424,3452,49,0
35.365986,13.970000,113.000,45.895000,2.000000,126.224419,3790,563,0,192,424,3452,49,0
35.369733,3.747000,113.000,45.895000,2.000000,126.224899,3790,563,0,192,424,3452,49,0
35.381021,11.288000,113.000,45.895000,2.000000,126.225380,3790,563,0,192,424,3452,49,0
35.384997,3.976000,113.000,45.895000,2.000000,126.224220,3787,563,0,192,424,3452,49,0
35.397857,12.860000,113.000,45.895000,2.000000,126.224701,3787,563,0,192,424,3452,49,0
35.402448,4.591000,113.000,45.895000,2.000000,126.226845,3790,563,0,191,403,3410,49,0
35.414070,11.622000,113.000,45.895000,2.000000,126.227272,3790,563,0,191,403,3410,49,0
35.420118,6.048000,113.000,45.895000,2.000000,126.194496,3788,563,0,191,403,3410,49,0
35.431113,10.995000,113.000,45.895000,2.000000,126.194977,3788,563,0,191,403,3410,49,0
35.435673,4.560000,113.000,45.895000,2.000000,126.198864,3794,563,0,191,403,3410,49,0
35.447897,12.224000,113.000,45.895000,2.000000,126.199345,3794,563,0,191,403,3410,49,0
35.452142,4.245000,113.000,45.895000,2.000000,126.199772,3794,563,0,191,403,3410,49,0
35.464466,12.324000,113.000,45.895000,2.000000,126.200253,3794,563,0,191,403,3410,49,0
35.469799,5.333000,113.000,45.895000,2.000000,126.200924,3794,563,0,191,403,3410,49,0
35.482420,12.621000,113.000,45.895000,2.000000,126.201351,3794,563,0,191,403,3410,49,0
35.484960,2.540000,113.000,45.895000,2.000000,126.207790,3804,563,0,191,403,3410,49,0
35.499686,14.726000,113.000,45.895000,2.000000,126.209869,3807,563,0,191,403,3410,49,0
35.502145,2.459000,113.000,45.895000,2.000000,126.210350,3807,563,0,191,403,3410,49,0
35.515933,13.788000,113.000,45.895000,2.000000,126.214096,3813,563,0,191,403,3410,49,0
35.518254,2.321000,113.000,45.895000,2.000000,126.214577,3813,563,0,191,403,3410,49,0
35.532484,14.230000,113.000,45.895000,2.000000,126.215076,3813,563,0,191,403,3410,49,0
35.573869,41.385000,113.000,45.895000,2.000000,126.377705,3955,572,0,238,487,3578,49,0
35.581826,7.957000,113.000,45.895000,2.000000,126.376499,3952,572,0,238,487,3578,49,0
35.584421,2.595000,113.000,45.895000,2.000000,126.360443,3952,572,0,204,451,3506,49,0
35.598694,14.273000,113.000,45.895000,2.000000,126.362114,3952,572,0,204,451,3506,49,2
35.602365,3.671000,113.000,45.895000,2.000000,126.383442,3954,572,0,238,485,3574,49,2
35.615400,13.035000,113.000,45.895000,2.000000,126.332222,3854,572,0,238,485,3574,49,7
35.618021,2.621000,113.000,45.895000,2.000000,126.325157,3851,572,0,226,473,3550,49,7
35.632321,14.300000,113.000,45.895000,2.000000,126.329739,3863,570,0,226,473,3550,49,6
35.636036,3.715000,113.000,45.895000,2.000000,126.326107,3889,564,0,228,473,3550,49,0
35.647681,11.645000,113.000,45.895000,2.000000,126.307270,3859,564,0,233,473,3550,49,0
35.651480,3.799000,113.000,45.895000,2.000000,126.306110,3856,564,0,233,473,3550,49,0
35.664587,13.107000,113.000,45.895000,2.000000,126.306545,3856,564,0,233,473,3550,49,0
35.668440,3.853000,112.000,44.148000,1.922000,126.308678,3859,564,0,233,473,3550,49,0
35.681010,12.570000,112.000,44.148000,1.922000,126.309113,3859,564,0,233,473,3550,49,0
35.684964,3.954000,112.000,44.148000,1.922000,126.306213,3853,564,0,233,473,3550,49,0
35.697630,12.666000,112.000,44.148000,1.922000,126.302284,3851,564,0,233,473,3550,49,0
35.701567,3.937000,112.000,44.148000,1.922000,126.301888,3850,564,0,232,437,3478,49,0
35.714365,12.798000,112.000,44.148000,1.922000,126.302368,3850,564,0,232,437,3478,49,0
35.718124,3.759000,112.000,44.148000,1.922000,126.265022,3856,564,0,232,437,3478,49,0
35.731025,12.901000,112.000,44.148000,1.922000,126.265503,3856,564,0,232,437,3478,49,0
35.735185,4.160000,112.000,44.148000,1.922000,126.269390,3862,564,0,232,437,3478,49,0
35.748721,13.536000,112.000,44.148000,1.922000,126.269848,3862,564,0,232,437,3478,49,0
35.756177,7.456000,112.000,44.148000,1.922000,126.265919,3860,564,0,232,437,3478,49,0
35.760565,4.388000,112.000,44.148000,1.922000,126.263214,3854,564,0,232,437,3478,49,0
35.772653,12.088000,112.000,44.148000,1.922000,126.263695,3854,564,0,232,437,3478,49,0
35.782096,9.443000,112.000,44.148000,1.922000,126.263634,3854,564,0,230,435,3474,49,0
35.784462,2.366000,112.000,44.148000,1.922000,126.260612,3848,564,0,223,428,3460,49,0
35.798907,14.445000,112.000,44.148000,1.922000,126.262695,3851,564,0,223,428,3460,49,0
35.801209,2.302000,112.000,44.148000,1.922000,126.263176,3851,564,0,221,426,3456,49,0
35.815741,14.532000,112.000,44.148000,1.922000,126.265373,3854,564,0,220,425,3454,49,0
35.817971,2.230000,112.000,44.148000,1.922000,126.255440,3850,560,0,220,425,3454,49,0
35.832250,14.279000,112.000,44.148000,1.922000,126.251488,3843,560,0,219,424,3452,49,0
35.834472,2.222000,112.000,44.148000,1.922000,126.251923,3843,560,0,218,423,3450,49,0
35.849309,14.837000,112.000,44.148000,1.922000,126.252365,3843,560,0,217,422,3448,49,0
35.851740,2.431000,112.000,44.148000,1.922000,126.237312,3834,555,0,216,421,3446,49,0
35.865893,14.153000,112.000,44.148000,1.922000,126.233063,3827,555,0,216,421,3446,49,0
35.871203,5.310000,112.000,44.148000,1.922000,126.272522,3829,555,0,227,452,3508,49,0
35.880979,9.776000,112.000,44.148000,1.922000,126.252087,3819,549,0,221,446,3496,49,0
35.884708,3.729000,112.000,44.148000,1.922000,126.181625,3777,531,0,221,446,3496,49,0
35.897858,13.150000,112.000,44.148000,1.922000,126.159950,3741,531,0,221,446,3496,49,0
35.902498,4.640000,112.000,44.148000,1.922000,126.160408,3741,531,0,221,446,3496,49,0
35.914480,11.982000,112.000,44.148000,1.922000,126.160889,3741,531,0,221,446,3496,49,0
35.918687,4.207000,112.000,44.148000,1.922000,126.159683,3738,531,0,221,446,3496,49,0
35.931055,12.368000,112.000,44.148000,1.922000,126.160164,3738,531,0,221,446,3496,49,0
35.934928,3.873000,112.000,44.148000,1.922000,126.160622,3738,531,0,221,446,3496,49,0
35.947836,12.908000,112.000,44.148000,1.922000,126.161102,3738,531,0,221,446,3496,49,0
35.952507,4.671000,112.000,44.148000,1.922000,126.158279,3732,531,0,221,446,3496,49,0
35.964494,11.987000,112.000,44.148000,1.922000,126.157120,3729,531,0,221,446,3496,49,0
35.969047,4.553000,112.000,44.148000,1.922000,126.157600,3729,531,0,221,446,3496,49,0
35.982314,13.267000,112.000,44.148000,1.922000,126.159733,3732,531,0,221,446,3496,49,0
35.985009,2.695000,112.000,44.148000,1.922000,126.160213,3732,531,0,221,446,3496,49,0
35.999357,14.348000,112.000,44.148000,1.922000,126.160694,3732,531,0,221,446,3496,49,0
36.002095,2.738000,112.000,44.148000,1.922000,126.161175,3732,531,0,220,425,3454,49,0
36.015699,13.604000,112.000,44.148000,1.922000,126.159916,3729,531,0,220,425,3454,49,0
36.018361,2.662000,112.000,44.148000,1.922000,126.127193,3727,531,0,220,425,3454,49,0
36.032474,14.113000,112.000,44.148000,1.922000,126.125992,3724,531,0,220,425,3454,49,0
36.034982,2.508000,112.000,44.148000,1.922000,126.126472,3724,531,0,220,425,3454,49,0
36.049796,14.814000,112.000,44.148000,1.922000,126.126907,3724,531,0,220,425,3454,49,0
36.052848,3.052000,112.000,44.148000,1.922000,126.127388,3724,531,0,220,425,3454,49,0
36.065976,13.128000,112.000,44.148000,1.922000,126.127892,3724,531,0,220,425,3454,49,0
36.068322,2.346000,112.000,44.148000,1.922000,126.128372,3724,531,0,220,425,3454,49,0
36.082490,14.168000,112.000,44.148000,1.922000,126.127167,3721,531,0,220,425,3454,49,0
36.084989,2.499000,112.000,44.148000,1.922000,126.133606,3731,531,0,220,425,3454,49,0
36.099500,14.511000,112.000,44.148000,1.922000,126.134087,3731,531,0,220,425,3454,49,0
36.104370,4.870000,112.000,44.148000,1.922000,126.257420,3811,563,0,220,425,3454,49,0
36.114474,10.104000,112.000,44.148000,1.922000,126.263668,3811,563,0,229,441,3486,49,0
36.118656,4.182000,112.000,44.148000,1.922000,126.265717,3814,563,0,229,441,3486,49,0
36.131014,12.358000,112.000,44.148000,1.922000,126.266197,3814,563,0,229,441,3486,49,0
36.176058,45.044000,112.000,44.148000,1.922000,126.407997,3951,572,0,238,485,3574,49,0
36.180945,4.887000,112.000,44.148000,1.922000,126.408478,3951,572,0,238,485,3574,49,0
36.184803,3.858000,112.000,44.148000,1.922000,126.387196,3945,572,0,200,445,3494,49,0
36.197831,13.028000,112.000,44.148000,1.922000,126.387676,3945,572,0,200,445,3494,49,0
36.203158,5.327000,112.000,44.148000,1.922000,126.410950,3947,572,0,238,483,3570,49,0
36.214488,11.330000,112.000,44.148000,1.922000,126.353432,3842,572,0,238,483,3570,49,0
36.218417,3.929000,112.000,44.148000,1.922000,126.337376,3842,572,0,204,449,3502,49,0
36.231009,12.592000,112.000,44.148000,1.922000,126.336216,3839,572,0,204,449,3502,49,0
36.235048,4.039000,112.000,44.148000,1.922000,126.338367,3842,572,0,204,449,3502,49,0
36.248724,13.676000,112.000,44.148000,1.922000,126.340515,3845,572,0,204,449,3502,49,0
36.256084,7.360000,112.000,44.148000,1.922000,126.340996,3845,572,0,204,449,3502,49,0
36.260268,4.184000,112.000,44.148000,1.922000,126.341492,3845,572,0,204,449,3502,49,0
36.272683,12.415000,112.000,44.148000,1.922000,126.341972,3845,572,0,204,449,3502,49,0
36.281936,9.253000,112.000,44.148000,1.922000,126.342445,3845,572,0,204,449,3502,49,0
36.284588,2.652000,112.000,44.148000,1.922000,126.338516,3843,572,0,204,449,3502,49,0
36.298945,14.357000,112.000,44.148000,1.922000,126.338997,3843,572,0,204,449,3502,49,0
36.301342,2.397000,112.000,44.148000,1.922000,126.336975,3839,572,0,203,413,3430,49,0
36.315528,14.186000,112.000,44.148000,1.922000,126.337456,3839,572,0,203,413,3430,49,0
36.317817,2.289000,112.000,44.148000,1.922000,126.296185,3839,572,0,203,413,3430,49,0
36.332111,14.294000,112.000,44.148000,1.922000,126.296768,3839,572,0,203,413,3430,49,0
36.334456,2.345000,112.000,44.148000,1.922000,126.297249,3839,572,0,203,413,3430,49,0
36.349489,15.033000,112.000,44.148000,1.922000,126.297661,3839,572,0,203,413,3430,49,0
36.352016,2.527000,112.000,44.148000,1.922000,126.292091,3834,572,0,203,413,3430,49,0
36.365817,13.801000,112.000,44.148000,1.922000,126.292728,3834,572,0,203,413,3430,49,0
36.369561,3.744000,112.000,44.148000,1.922000,126.291615,3831,572,0,203,413,3430,49,0
36.381072,11.511000,112.000,44.148000,1.922000,126.291454,3831,572,0,203,413,3430,49,0
36.385532,4.460000,112.000,44.148000,1.922000,126.288464,3825,572,0,202,412,3428,49,0
36.397829,12.297000,112.000,44.148000,1.922000,126.288944,3825,572,0,202,412,3428,49,0
36.402979,5.150000,112.000,44.148000,1.922000,126.291245,3828,572,0,200,410,3424,49,0
36.414465,11.486000,112.000,44.148000,1.922000,126.291725,3828,572,0,199,409,3422,49,0
36.419706,5.241000,112.000,44.148000,1.922000,126.281727,3824,568,0,199,409,3422,49,0
36.431107,11.401000,112.000,44.148000,1.922000,126.277859,3817,568,0,198,408,3420,49,0
36.435776,4.669000,112.000,44.148000,1.922000,126.278309,3817,568,0,197,407,3418,49,0
36.447797,12.021000,112.000,44.148000,1.922000,126.278706,3817,568,0,196,406,3416,49,0
36.453357,5.560000,112.000,44.148000,1.922000,126.263615,3808,563,0,195,405,3414,49,0
36.464466,11.109000,112.000,44.148000,1.922000,126.256138,3795,563,0,195,405,3414,49,0
36.471253,6.787000,112.000,44.148000,1.922000,126.307556,3797,563,0,230,461,3526,49,0
36.477422,6.169000,112.000,44.148000,1.922000,126.309700,3800,563,0,230,461,3526,49,0
36.489143,11.721000,112.000,44.148000,1.922000,126.304344,3800,563,0,218,449,3502,49,0
36.493940,4.797000,112.000,44.148000,1.922000,126.304802,3800,563,0,218,449,3502,49,0
36.506167,12.227000,112.000,44.148000,1.922000,126.305237,3800,563,0,218,449,3502,49,0
36.515725,9.558000,112.000,44.148000,1.922000,126.309059,3806,563,0,218,449,3502,49,0
36.518412,2.687000,112.000,44.148000,1.922000,126.309540,3806,563,0,218,449,3502,49,0
36.531919,13.507000,112.000,44.148000,1.922000,126.310032,3806,563,0,218,449,3502,49,0
36.534429,2.510000,112.000,44.148000,1.922000,126.310513,3806,563,0,218,449,3502,49,0
36.549480,15.051000,112.000,44.148000,1.922000,126.310993,3806,563,0,218,449,3502,49,0
36.552107,2.627000,112.000,44.148000,1.922000,126.311428,3806,563,0,218,449,3502,49,0
36.565796,13.689000,112.000,44.148000,1.922000,126.311924,3806,563,0,218,449,3502,49,0
36.568572,2.776000,112.000,44.148000,1.922000,126.312405,3806,563,0,218,449,3502,49,0
36.582382,13.810000,112.000,44.148000,1.922000,126.314510,3809,563,0,218,449,3502,49,0
36.584997,2.615000,112.000,44.148000,1.922000,126.314991,3809,563,0,218,449,3502,49,0
36.599563,14.566000,112.000,44.148000,1.922000,126.318779,3815,563,0,218,449,3502,49,0
36.603633,4.070000,112.000,44.148000,1.922000,126.319202,3815,563,0,217,427,3458,49,0
36.614247,10.614000,112.000,44.148000,1.922000,126.319630,3815,563,0,217,427,3458,49,0
36.618918,4.671000,112.000,44.148000,1.922000,126.284149,3810,563,0,217,427,3458,49,0
36.630995,12.077000,112.000,44.148000,1.922000,126.284630,3810,563,0,217,427,3458,49,0
36.635625,4.630000,112.000,44.148000,1.922000,126.285141,3810,563,0,217,427,3458,49,0
36.647845,12.220000,112.000,44.148000,1.922000,126.285622,3810,563,0,217,427,3458,49,0
36.652629,4.784000,112.000,44.148000,1.922000,126.286087,3810,563,0,217,427,3458,49,0
36.664468,11.839000,112.000,44.148000,1.922000,126.286568,3810,563,0,217,427,3458,49,0
36.668746,4.278000,116.000,44.069000,2.244000,126.285378,3807,563,0,217,427,3458,49,0
36.680987,12.241000,116.000,44.069000,2.244000,126.285858,3807,563,0,217,427,3458,49,0
36.685327,4.340000,116.000,44.069000,2.244000,126.292343,3817,563,0,217,427,3458,49,0
36.697863,12.536000,116.000,44.069000,2.244000,126.291183,3814,563,0,217,427,3458,49,0
36.702025,4.162000,116.000,44.069000,2.244000,126.291649,3814,563,0,217,427,3458,49,0
36.715953,13.928000,116.000,44.069000,2.244000,126.293762,3817,563,0,217,427,3458,49,0
36.718544,2.591000,116.000,44.069000,2.244000,126.294243,3817,563,0,217,427,3458,49,0
36.731979,13.435000,116.000,44.069000,2.244000,126.291451,3811,563,0,217,427,3458,49,0
36.777356,45.377000,116.000,44.069000,2.244000,126.445526,3953,572,0,238,485,3574,49,0
36.781767,4.411000,116.000,44.069000,2.244000,126.448326,3956,572,0,238,485,3574,49,1
36.784781,3.014000,116.000,44.069000,2.244000,126.448807,3956,572,0,238,485,3574,49,1
36.798831,14.050000,116.000,44.069000,2.244000,126.456417,3962,572,0,238,485,3574,49,7
36.801972,3.141000,116.000,44.069000,2.244000,126.461323,3964,572,0,238,485,3574,49,7
36.815469,13.497000,116.000,44.069000,2.244000,126.410919,3871,571,0,238,485,3574,49,7
36.818033,2.564000,116.000,44.069000,2.244000,126.389660,3866,571,0,201,447,3498,49,7
36.832208,14.175000,116.000,44.069000,2.244000,126.393147,3908,564,0,201,447,3498,49,0
36.834967,2.759000,116.000,44.069000,2.244000,126.371098,3873,564,0,207,447,3498,49,0
36.848939,13.972000,116.000,44.069000,2.244000,126.368298,3867,564,0,207,447,3498,49,0
36.851649,2.710000,116.000,44.069000,2.244000,126.368778,3867,564,0,207,447,3498,49,0
36.865195,13.546000,116.000,44.069000,2.244000,126.369259,3867,564,0,207,447,3498,49,0
36.868649,3.454000,116.000,44.069000,2.244000,126.371410,3870,564,0,207,447,3498,49,0
36.880966,12.317000,116.000,44.069000,2.244000,126.371838,3870,564,0,207,447,3498,49,0
36.885067,4.101000,116.000,44.069000,2.244000,126.369583,3871,564,0,207,447,3498,49,0
36.897817,12.750000,116.000,44.069000,2.244000,126.370064,3871,564,0,207,447,3498,49,0
36.901868,4.051000,116.000,44.069000,2.244000,126.367828,3867,564,0,206,411,3426,49,0
36.914352,12.484000,116.000,44.069000,2.244000,126.368309,3867,564,0,206,411,3426,49,0
36.918264,3.912000,116.000,44.069000,2.244000,126.323570,3867,564,0,206,411,3426,49,0
36.931056,12.792000,116.000,44.069000,2.244000,126.324051,3867,564,0,206,411,3426,49,0
36.935314,4.258000,116.000,44.069000,2.244000,126.326237,3870,564,0,206,411,3426,49,0
36.947860,12.546000,116.000,44.069000,2.244000,126.326664,3870,564,0,206,411,3426,49,0
36.952493,4.633000,116.000,44.069000,2.244000,126.322720,3868,564,0,206,411,3426,49,0
36.964368,11.875000,116.000,44.069000,2.244000,126.321560,3865,564,0,205,410,3424,49,0
36.968232,3.864000,116.000,44.069000,2.244000,126.323788,3868,564,0,205,410,3424,49,0
36.982238,14.006000,116.000,44.069000,2.244000,126.323620,3868,564,0,198,403,3410,49,0
36.984739,2.501000,116.000,44.069000,2.244000,126.320599,3862,564,0,197,402,3408,49,0
36.999494,14.755000,116.000,44.069000,2.244000,126.319469,3859,564,0,197,402,3408,49,0
37.001940,2.446000,116.000,44.069000,2.244000,126.319950,3859,564,0,195,400,3404,49,0
37.016021,14.081000,116.000,44.069000,2.244000,126.320396,3859,564,0,194,399,3402,49,0
37.018412,2.391000,116.000,44.069000,2.244000,126.310463,3855,560,0,194,399,3402,49,0
37.032186,13.774000,116.000,44.069000,2.244000,126.303257,3842,560,0,193,398,3400,49,0
37.034501,2.315000,116.000,44.069000,2.244000,126.303738,3842,560,0,192,397,3398,49,0
37.049928,15.427000,116.000,44.069000,2.244000,126.302479,3839,560,0,191,396,3396,49,0
37.052913,2.985000,116.000,44.069000,2.244000,126.287426,3830,555,0,189,394,3392,49,0
37.065976,13.063000,116.000,44.069000,2.244000,126.272732,3818,552,0,189,394,3392,49,0
37.070728,4.752000,116.000,44.069000,2.244000,126.321106,3814,552,0,221,446,3496,49,0
37.082222,11.494000,116.000,44.069000,2.244000,126.247551,3779,531,0,221,446,3496,49,0
37.084733,2.511000,116.000,44.069000,2.244000,126.204006,3734,531,0,187,412,3428,49,0
37.099283,14.550000,116.000,44.069000,2.244000,126.204456,3734,531,0,187,412,3428,49,0
37.103539,4.256000,116.000,44.069000,2.244000,126.203297,3731,531,0,187,412,3428,49,0
37.114462,10.923000,116.000,44.069000,2.244000,126.203777,3731,531,0,187,412,3428,49,0
37.118885,4.423000,116.000,44.069000,2.244000,126.204243,3731,531,0,187,412,3428,49,0
37.131067,12.182000,116.000,44.069000,2.244000,126.204723,3731,531,0,187,412,3428,49,0
37.135333,4.266000,116.000,44.069000,2.244000,126.205235,3731,531,0,187,412,3428,49,0
37.147707,12.374000,116.000,44.069000,2.244000,126.205715,3731,531,0,187,412,3428,49,0
37.152279,4.572000,116.000,44.069000,2.244000,126.204510,3728,531,0,187,412,3428,49,0
37.164472,12.193000,116.000,44.069000,2.244000,126.204990,3728,531,0,187,412,3428,49,0
37.168612,4.140000,116.000,44.069000,2.244000,126.205456,3728,531,0,187,412,3428,49,0
37.181044,12.432000,116.000,44.069000,2.244000,126.205936,3728,531,0,187,412,3428,49,0
37.185683,4.639000,116.000,44.069000,2.244000,126.206417,3728,531,0,187,412,3428,49,0
37.197732,12.049000,116.000,44.069000,2.244000,126.206898,3728,531,0,187,412,3428,49,0
37.202634,4.902000,116.000,44.069000,2.244000,126.209045,3731,531,0,186,391,3386,49,0
37.215864,13.230000,116.000,44.069000,2.244000,126.209503,3731,531,0,186,391,3386,49,0
37.218146,2.282000,116.000,44.069000,2.244000,126.176781,3729,531,0,186,391,3386,49,0
37.232378,14.232000,116.000,44.069000,2.244000,126.173992,3723,531,0,186,391,3386,49,0
37.234856,2.478000,116.000,44.069000,2.244000,126.174473,3723,531,0,186,391,3386,49,0
37.249650,14.794000,116.000,44.069000,2.244000,126.174992,3723,531,0,186,391,3386,49,0
37.256144,6.494000,116.000,44.069000,2.244000,126.175426,3723,531,0,186,391,3386,49,0
37.261178,5.034000,116.000,44.069000,2.244000,126.175922,3723,531,0,186,391,3386,49,0
37.272790,11.612000,116.000,44.069000,2.244000,126.176403,3723,531,0,186,391,3386,49,0
37.282380,9.590000,116.000,44.069000,2.244000,126.176918,3723,531,0,186,391,3386,49,0
37.284848,2.468000,116.000,44.069000,2.244000,126.183357,3733,531,0,186,391,3386,49,0
37.300648,15.800000,116.000,44.069000,2.244000,126.308392,3816,563,0,186,391,3386,49,0
37.303894,3.246000,116.000,44.069000,2.244000,126.314686,3816,563,0,195,407,3418,49,0
37.316051,12.157000,116.000,44.069000,2.244000,126.315105,3816,563,0,195,407,3418,49,0
37.318450,2.399000,116.000,44.069000,2.244000,126.315586,3816,563,0,195,407,3418,49,0
37.332405,13.955000,116.000,44.069000,2.244000,126.315975,3816,563,0,195,407,3418,49,0
37.375266,42.861000,116.000,44.069000,2.244000,126.472412,3943,572,0,238,487,3578,49,0
37.380939,5.673000,116.000,44.069000,2.244000,126.472893,3943,572,0,238,487,3578,49,0
37.385111,4.172000,116.000,44.069000,2.244000,126.467491,3943,572,0,226,473,3550,49,0
37.397795,12.684000,116.000,44.069000,2.244000,126.467972,3943,572,0,226,473,3550,49,0
37.402519,4.724000,116.000,44.069000,2.244000,126.478584,3945,572,0,238,485,3574,49,0
37.414510,11.991000,116.000,44.069000,2.244000,126.418304,3835,572,0,238,485,3574,49,0
37.418609,4.099000,116.000,44.069000,2.244000,126.418739,3835,572,0,238,485,3574,49,0
37.431039,12.430000,116.000,44.069000,2.244000,126.419220,3835,572,0,238,485,3574,49,0
37.435404,4.365000,116.000,44.069000,2.244000,126.418060,3832,572,0,238,485,3574,49,0
37.448254,12.850000,116.000,44.069000,2.244000,126.418541,3832,572,0,238,485,3574,49,0
37.451960,3.706000,116.000,44.069000,2.244000,126.417381,3829,572,0,238,485,3574,49,0
37.464456,12.496000,116.000,44.069000,2.244000,126.417816,3829,572,0,238,485,3574,49,0
37.468463,4.007000,116.000,44.069000,2.244000,126.418297,3829,572,0,238,485,3574,49,0
37.482279,13.816000,116.000,44.069000,2.244000,126.420448,3832,572,0,238,485,3574,49,0
37.484972,2.693000,116.000,44.069000,2.244000,126.420929,3832,572,0,238,485,3574,49,0
37.498832,13.860000,116.000,44.069000,2.244000,126.416946,3830,572,0,238,485,3574,49,0
37.501353,2.521000,116.000,44.069000,2.244000,126.414925,3826,572,0,237,449,3502,49,0
37.515354,14.001000,116.000,44.069000,2.244000,126.415405,3826,572,0,237,449,3502,49,0
37.517667,2.313000,116.000,44.069000,2.244000,126.370667,3826,572,0,237,449,3502,49,0
37.532144,14.477000,116.000,44.069000,2.244000,126.371288,3826,572,0,237,449,3502,49,0
37.534644,2.500000,116.000,44.069000,2.244000,126.371769,3826,572,0,237,449,3502,49,0
37.549130,14.486000,116.000,44.069000,2.244000,126.370522,3823,572,0,237,449,3502,49,0
37.551706,2.576000,116.000,44.069000,2.244000,126.366547,3821,572,0,237,449,3502,49,0
37.566053,14.347000,116.000,44.069000,2.244000,126.368931,3824,572,0,237,449,3502,49,0
37.568355,2.302000,116.000,44.069000,2.244000,126.369411,3824,572,0,237,449,3502,49,0
37.582292,13.937000,116.000,44.069000,2.244000,126.369293,3824,572,0,237,449,3502,49,0
37.584863,2.571000,116.000,44.069000,2.244000,126.366272,3818,572,0,236,448,3500,49,0
37.599607,14.744000,116.000,44.069000,2.244000,126.370064,3824,572,0,236,448,3500,49,0
37.603473,3.866000,116.000,44.069000,2.244000,126.370499,3824,572,0,234,446,3496,49,0
37.614421,10.948000,116.000,44.069000,2.244000,126.370979,3824,572,0,233,445,3494,49,0
37.619179,4.758000,116.000,44.069000,2.244000,126.360954,3820,568,0,233,445,3494,49,0
37.631065,11.886000,116.000,44.069000,2.244000,126.357086,3813,568,0,232,444,3492,49,0
37.635557,4.492000,116.000,44.069000,2.244000,126.357567,3813,568,0,231,443,3490,49,0
37.647826,12.269000,116.000,44.069000,2.244000,126.357964,3813,568,0,230,442,3488,49,0
37.652570,4.744000,116.000,44.069000,2.244000,126.344543,3807,563,0,229,441,3486,49,0
37.664457,11.887000,116.000,44.069000,2.244000,126.338661,3797,563,0,229,441,3486,49,0
37.669297,4.840000,112.000,45.343000,2.897000,126.376877,3805,563,0,230,463,3530,49,0
37.681016,11.719000,112.000,45.343000,2.897000,126.377357,3805,563,0,230,463,3530,49,0
37.685299,4.283000,112.000,45.343000,2.897000,126.359280,3805,563,0,192,425,3454,49,0
37.697655,12.356000,112.000,45.343000,2.897000,126.358120,3802,563,0,192,425,3454,49,0
37.702178,4.523000,112.000,45.343000,2.897000,126.358631,3802,563,0,192,425,3454,49,0
37.715722,13.544000,112.000,45.343000,2.897000,126.359142,3802,563,0,192,425,3454,49,0
37.718094,2.372000,112.000,45.343000,2.897000,126.359623,3802,563,0,192,425,3454,49,0
37.732278,14.184000,112.000,45.343000,2.897000,126.360027,3802,563,0,192,425,3454,49,0
37.734908,2.630000,112.000,45.343000,2.897000,126.360508,3802,563,0,192,425,3454,49,0
37.749372,14.464000,112.000,45.343000,2.897000,126.359348,3799,563,0,192,425,3454,49,0
37.752095,2.723000,112.000,45.343000,2.897000,126.359829,3799,563,0,192,425,3454,49,0
37.765984,13.889000,112.000,45.343000,2.897000,126.360325,3799,563,0,192,425,3454,49,0
37.768436,2.452000,112.000,45.343000,2.897000,126.360806,3799,563,0,192,425,3454,49,0
37.782247,13.811000,112.000,45.343000,2.897000,126.359676,3796,563,0,192,425,3454,49,0
37.784807,2.560000,112.000,45.343000,2.897000,126.360157,3796,563,0,192,425,3454,49,0
37.799546,14.739000,112.000,45.343000,2.897000,126.362316,3799,563,0,192,425,3454,49,0
37.802236,2.690000,112.000,45.343000,2.897000,126.362797,3799,563,0,191,403,3410,49,0
37.815817,13.581000,112.000,45.343000,2.897000,126.359943,3793,563,0,191,403,3410,49,0
37.818378,2.561000,112.000,45.343000,2.897000,126.325924,3791,563,0,191,403,3410,49,0
37.832680,14.302000,112.000,45.343000,2.897000,126.328072,3794,563,0,191,403,3410,49,0
37.836712,4.032000,112.000,45.343000,2.897000,126.331806,3800,563,0,191,403,3410,49,0
37.847646,10.934000,112.000,45.343000,2.897000,126.332287,3800,563,0,191,403,3410,49,0
37.853165,5.519000,112.000,45.343000,2.897000,126.336033,3806,563,0,191,403,3410,49,0
37.864461,11.296000,112.000,45.343000,2.897000,126.336514,3806,563,0,191,403,3410,49,0
37.869684,5.223000,112.000,45.343000,2.897000,126.337109,3806,563,0,191,403,3410,49,0
37.881215,11.531000,112.000,45.343000,2.897000,126.337589,3806,563,0,191,403,3410,49,0
37.886076,4.861000,112.000,45.343000,2.897000,126.340755,3810,563,0,191,403,3410,49,0
37.897823,11.747000,112.000,45.343000,2.897000,126.341236,3810,563,0,191,403,3410,49,0
37.903034,5.211000,112.000,45.343000,2.897000,126.341747,3810,563,0,191,403,3410,49,0
37.914463,11.429000,112.000,45.343000,2.897000,126.342228,3810,563,0,191,403,3410,49,0
37.919853,5.390000,112.000,45.343000,2.897000,126.344357,3813,563,0,191,403,3410,49,0
37.931104,11.251000,112.000,45.343000,2.897000,126.344837,3813,563,0,191,403,3410,49,0
37.974742,43.638000,112.000,45.343000,2.897000,126.508240,3948,572,0,238,487,3578,49,1
37.981904,7.162000,112.000,45.343000,2.897000,126.512531,3948,572,0,238,487,3578,49,7
37.984504,2.600000,112.000,45.343000,2.897000,126.496475,3948,572,0,204,451,3506,49,7
37.998856,14.352000,112.000,45.343000,2.897000,126.500652,3954,571,0,204,451,3506,49,7
38.003314,4.458000,112.000,45.343000,2.897000,126.518711,3951,571,0,239,485,3574,49,7
38.015621,12.307000,112.000,45.343000,2.897000,126.465843,3891,564,0,239,485,3574,49,0
38.018105,2.484000,112.000,45.343000,2.897000,126.437958,3856,564,0,233,473,3550,49,0
38.031933,13.828000,112.000,45.343000,2.897000,126.438438,3856,564,0,233,473,3550,49,0
38.034853,2.920000,112.000,45.343000,2.897000,126.438919,3856,564,0,233,473,3550,49,0
38.048736,13.883000,112.000,45.343000,2.897000,126.439407,3856,564,0,233,473,3550,49,0
38.051575,2.839000,112.000,45.343000,2.897000,126.439888,3856,564,0,233,473,3550,49,0
38.065497,13.922000,112.000,45.343000,2.897000,126.440437,3856,564,0,233,473,3550,49,0
38.068074,2.577000,112.000,45.343000,2.897000,126.440918,3856,564,0,233,473,3550,49,0
38.081830,13.756000,112.000,45.343000,2.897000,126.439758,3853,564,0,233,473,3550,49,0
38.084755,2.925000,112.000,45.343000,2.897000,126.436859,3847,564,0,233,473,3550,49,0
38.099138,14.383000,112.000,45.343000,2.897000,126.436203,3851,564,0,233,473,3550,49,0
38.102897,3.759000,112.000,45.343000,2.897000,126.430901,3841,564,0,232,437,3478,49,0
38.114447,11.550000,112.000,45.343000,2.897000,126.431381,3841,564,0,232,437,3478,49,0
38.118514,4.067000,112.000,45.343000,2.897000,126.385185,3838,564,0,232,437,3478,49,0
38.131054,12.540000,112.000,45.343000,2.897000,126.385666,3838,564,0,232,437,3478,49,0
38.135438,4.384000,112.000,45.343000,2.897000,126.387867,3841,564,0,232,437,3478,49,0
38.147692,12.254000,112.000,45.343000,2.897000,126.388294,3841,564,0,231,436,3476,49,0
38.152134,4.442000,112.000,45.343000,2.897000,126.384281,3839,564,0,231,436,3476,49,0
38.164510,12.376000,112.000,45.343000,2.897000,126.384762,3839,564,0,224,429,3462,49,0
38.169326,4.816000,112.000,45.343000,2.897000,126.383575,3836,564,0,224,429,3462,49,0
38.181059,11.733000,112.000,45.343000,2.897000,126.383415,3836,564,0,224,429,3462,49,0
38.185935,4.876000,112.000,45.343000,2.897000,126.378754,3827,564,0,224,429,3462,49,0
38.197684,11.749000,112.000,45.343000,2.897000,126.379234,3827,564,0,223,428,3460,49,0
38.201811,4.127000,112.000,45.343000,2.897000,126.379715,3827,564,0,221,426,3456,49,0
38.214476,12.665000,112.000,45.343000,2.897000,126.380196,3827,564,0,221,426,3456,49,0
38.218547,4.071000,112.000,45.343000,2.897000,126.370232,3823,560,0,220,425,3454,49,0
38.231027,12.480000,112.000,45.343000,2.897000,126.366364,3816,560,0,220,425,3454,49,0
38.235661,4.634000,112.000,45.343000,2.897000,126.365204,3813,560,0,218,423,3450,49,0
38.247774,12.113000,112.000,45.343000,2.897000,126.355286,3808,557,0,217,422,3448,49,0
38.257420,9.646000,112.000,45.343000,2.897000,126.351898,3802,557,0,216,421,3446,49,0
38.260202,2.782000,112.000,45.343000,2.897000,126.262733,3758,531,0,208,413,3430,49,0
38.273996,13.794000,112.000,45.343000,2.897000,126.231052,3706,531,0,208,413,3430,49,0
38.280900,6.904000,112.000,45.343000,2.897000,126.267902,3708,531,0,221,444,3492,49,0
38.284801,3.901000,112.000,45.343000,2.897000,126.269974,3711,531,0,221,444,3492,49,0
38.297741,12.940000,112.000,45.343000,2.897000,126.270454,3711,531,0,221,444,3492,49,0
38.302409,4.668000,112.000,45.343000,2.897000,126.270992,3711,531,0,221,444,3492,49,0
38.314440,12.031000,112.000,45.343000,2.897000,126.271473,3711,531,0,221,444,3492,49,0
38.318427,3.987000,112.000,45.343000,2.897000,126.268597,3705,531,0,221,444,3492,49,0
38.331009,12.582000,112.000,45.343000,2.897000,126.269077,3705,531,0,221,444,3492,49,0
38.335115,4.106000,112.000,45.343000,2.897000,126.269451,3705,531,0,221,444,3492,49,0
38.347827,12.712000,112.000,45.343000,2.897000,126.269932,3705,531,0,221,444,3492,49,0
38.352047,4.220000,112.000,45.343000,2.897000,126.270412,3705,531,0,221,444,3492,49,0
38.364453,12.406000,112.000,45.343000,2.897000,126.270893,3705,531,0,221,444,3492,49,0
38.368869,4.416000,112.000,45.343000,2.897000,126.271465,3705,531,0,221,444,3492,49,0
38.381052,12.183000,112.000,45.343000,2.897000,126.271946,3705,531,0,221,444,3492,49,0
38.385594,4.542000,112.000,45.343000,2.897000,126.274101,3708,531,0,221,444,3492,49,0
38.397838,12.244000,112.000,45.343000,2.897000,126.274582,3708,531,0,221,444,3492,49,0
38.402241,4.403000,112.000,45.343000,2.897000,126.275135,3708,531,0,221,444,3492,49,0
38.414127,11.886000,112.000,45.343000,2.897000,126.275616,3708,531,0,221,444,3492,49,0
38.418140,4.013000,112.000,45.343000,2.897000,126.276081,3708,531,0,220,425,3454,49,0
38.431157,13.017000,112.000,45.343000,2.897000,126.276463,3708,531,0,220,425,3454,49,0
38.435322,4.165000,112.000,45.343000,2.897000,126.272579,3706,531,0,220,425,3454,49,0
38.447887,12.565000,112.000,45.343000,2.897000,126.246861,3706,531,0,220,425,3454,49,0
38.452943,5.056000,112.000,45.343000,2.897000,126.247532,3706,531,0,220,425,3454,49,0
38.464482,11.539000,112.000,45.343000,2.897000,126.248013,3706,531,0,220,425,3454,49,0
38.468574,4.092000,112.000,45.343000,2.897000,126.248447,3706,531,0,220,425,3454,49,0
38.481077,12.503000,112.000,45.343000,2.897000,126.248928,3706,531,0,220,425,3454,49,0
38.485334,4.257000,112.000,45.343000,2.897000,126.249348,3706,531,0,220,425,3454,49,0
38.497810,12.476000,112.000,45.343000,2.897000,126.249828,3706,531,0,220,425,3454,49,0
38.503005,5.195000,112.000,45.343000,2.897000,126.371487,3783,563,0,220,425,3454,49,0
38.514450,11.445000,112.000,45.343000,2.897000,126.383785,3793,563,0,229,441,3486,49,0
38.518385,3.935000,112.000,45.343000,2.897000,126.382534,3790,563,0,229,441,3486,49,0
38.530979,12.594000,112.000,45.343000,2.897000,126.383015,3790,563,0,229,441,3486,49,0
38.535308,4.329000,112.000,45.343000,2.897000,126.383465,3790,563,0,229,441,3486,49,0
38.547815,12.507000,112.000,45.343000,2.897000,126.383945,3790,563,0,229,441,3486,49,0
38.552490,4.675000,112.000,45.343000,2.897000,126.386116,3793,563,0,229,441,3486,49,0
38.564467,11.977000,112.000,45.343000,2.897000,126.386551,3793,563,0,229,441,3486,49,0
38.604478,40.011000,112.000,45.343000,2.897000,126.529095,3925,572,0,238,485,3574,49,0
38.609955,5.477000,112.000,45.343000,2.897000,126.531094,3928,572,0,238,483,3570,49,0
38.623609,13.654000,112.000,45.343000,2.897000,126.450996,3812,572,0,204,449,3502,49,0
38.631868,8.259000,112.000,45.343000,2.897000,126.453053,3815,572,0,204,449,3502,49,0
38.634502,2.634000,112.000,45.343000,2.897000,126.453533,3815,572,0,204,449,3502,49,0
38.648760,14.258000,112.000,45.343000,2.897000,126.453999,3815,572,0,204,449,3502,49,0
38.651358,2.598000,112.000,45.343000,2.897000,126.454433,3815,572,0,204,449,3502,49,0
38.665450,14.092000,112.000,45.343000,2.897000,126.458218,3821,572,0,204,449,3502,49,0
38.667999,2.549000,112.000,42.440000,2.128000,126.458652,3821,572,0,204,449,3502,49,0
38.681742,13.743000,112.000,42.440000,2.128000,126.459118,3821,572,0,204,449,3502,49,0
38.684383,2.641000,112.000,42.440000,2.128000,126.459599,3821,572,0,204,449,3502,49,0
38.698825,14.442000,112.000,42.440000,2.128000,126.460079,3821,572,0,204,449,3502,49,0
38.701467,2.642000,112.000,42.440000,2.128000,126.458057,3817,572,0,204,449,3502,49,0
38.715569,14.102000,112.000,42.440000,2.128000,126.458485,3817,572,0,203,413,3430,49,0
38.717806,2.237000,112.000,42.440000,2.128000,126.454556,3815,572,0,203,413,3430,49,0
38.732206,14.400000,112.000,42.440000,2.128000,126.411655,3818,572,0,203,413,3430,49,0
38.734823,2.617000,112.000,42.440000,2.128000,126.412136,3818,572,0,203,413,3430,49,0
38.749284,14.461000,112.000,42.440000,2.128000,126.415909,3824,572,0,203,413,3430,49,0
38.751769,2.485000,112.000,42.440000,2.128000,126.416389,3824,572,0,203,413,3430,49,0
38.765881,14.112000,112.000,42.440000,2.128000,126.416908,3824,572,0,203,413,3430,49,0
38.768331,2.450000,112.000,42.440000,2.128000,126.417389,3824,572,0,203,413,3430,49,0
38.782288,13.957000,112.000,42.440000,2.128000,126.416245,3821,572,0,203,413,3430,49,0
38.784874,2.586000,112.000,42.440000,2.128000,126.416084,3821,572,0,203,413,3430,49,0
38.799703,14.829000,112.000,42.440000,2.128000,126.413094,3815,572,0,203,413,3430,49,0
38.802335,2.632000,112.000,42.440000,2.128000,126.413574,3815,572,0,202,412,3428,49,0
38.815918,13.583000,112.000,42.440000,2.128000,126.414070,3815,572,0,201,411,3426,49,0
38.818433,2.515000,112.000,42.440000,2.128000,126.414551,3815,572,0,200,410,3424,49,0
38.832451,14.018000,112.000,42.440000,2.128000,126.404541,3811,568,0,199,409,3422,49,0
38.834979,2.528000,112.000,42.440000,2.128000,126.399033,3801,568,0,199,409,3422,49,0
38.849830,14.851000,112.000,42.440000,2.128000,126.399635,3801,568,0,197,407,3418,49,0
38.852504,2.674000,112.000,42.440000,2.128000,126.400070,3801,568,0,197,407,3418,49,0
38.865964,13.460000,112.000,42.440000,2.128000,126.398857,3798,568,0,196,406,3416,49,0
38.868630,2.666000,112.000,42.440000,2.128000,126.383804,3789,563,0,195,405,3414,49,0
38.882476,13.846000,112.000,42.440000,2.128000,126.379509,3782,563,0,195,405,3414,49,0
38.887224,4.748000,112.000,42.440000,2.128000,126.428368,3784,563,0,230,459,3522,49,0
38.899446,12.222000,112.000,42.440000,2.128000,126.419746,3778,563,0,218,447,3498,49,0
38.902597,3.151000,112.000,42.440000,2.128000,126.420227,3778,563,0,218,447,3498,49,0
38.916099,13.502000,112.000,42.440000,2.128000,126.422356,3781,563,0,218,447,3498,49,0
38.918616,2.517000,112.000,42.440000,2.128000,126.422836,3781,563,0,218,447,3498,49,0
38.932237,13.621000,112.000,42.440000,2.128000,126.426590,3787,563,0,218,447,3498,49,0
38.934866,2.629000,112.000,42.440000,2.128000,126.427071,3787,563,0,218,447,3498,49,0
38.949748,14.882000,112.000,42.440000,2.128000,126.430832,3793,563,0,218,447,3498,49,0
38.953188,3.440000,112.000,42.440000,2.128000,126.431313,3793,563,0,218,447,3498,49,0
38.965681,12.493000,112.000,42.440000,2.128000,126.431782,3793,563,0,218,447,3498,49,0
38.968490,2.809000,112.000,42.440000,2.128000,126.432262,3793,563,0,218,447,3498,49,0
38.982373,13.883000,112.000,42.440000,2.128000,126.429371,3787,563,0,218,447,3498,49,0
38.985129,2.756000,112.000,42.440000,2.128000,126.429852,3787,563,0,218,447,3498,49,0
39.000148,15.019000,112.000,42.440000,2.128000,126.430363,3787,563,0,218,447,3498,49,0
39.003804,3.656000,112.000,42.440000,2.128000,126.430843,3787,563,0,218,447,3498,49,0
39.015714,11.910000,112.000,42.440000,2.128000,126.432941,3790,563,0,218,447,3498,49,0
39.018144,2.430000,112.000,42.440000,2.128000,126.433422,3790,563,0,218,447,3498,49,0
39.032267,14.123000,112.000,42.440000,2.128000,126.435551,3793,563,0,217,427,3458,49,0
39.034841,2.574000,112.000,42.440000,2.128000,126.431568,3791,563,0,217,427,3458,49,0
39.049704,14.863000,112.000,42.440000,2.128000,126.432056,3791,563,0,217,427,3458,49,0
39.053056,3.352000,112.000,42.440000,2.128000,126.405041,3791,563,0,217,427,3458,49,0
39.066242,13.186000,112.000,42.440000,2.128000,126.405544,3791,563,0,217,427,3458,49,0
39.068491,2.249000,112.000,42.440000,2.128000,126.406025,3791,563,0,217,427,3458,49,0
39.082262,13.771000,112.000,42.440000,2.128000,126.408150,3794,563,0,217,427,3458,49,0
39.084720,2.458000,112.000,42.440000,2.128000,126.408630,3794,563,0,217,427,3458,49,0
39.100069,15.349000,112.000,42.440000,2.128000,126.409061,3794,563,0,217,427,3458,49,0
39.103284,3.215000,112.000,42.440000,2.128000,126.409542,3794,563,0,217,427,3458,49,0
39.115722,12.438000,112.000,42.440000,2.128000,126.416016,3804,563,0,217,427,3458,49,0
39.118071,2.349000,112.000,42.440000,2.128000,126.416496,3804,563,0,217,427,3458,49,0
39.132511,14.440000,112.000,42.440000,2.128000,126.416943,3804,563,0,217,427,3458,49,0
39.135044,2.533000,112.000,42.440000,2.128000,126.417423,3804,563,0,217,427,3458,49,0
39.150500,15.456000,112.000,42.440000,2.128000,126.418652,3801,563,0,217,427,3458,49,4
39.153646,3.146000,112.000,42.440000,2.128000,126.419064,3801,563,0,217,427,3458,49,4
39.166130,12.484000,112.000,42.440000,2.128000,126.422211,3801,563,0,217,427,3458,49,8
39.208657,42.527000,112.000,42.440000,2.128000,126.573853,3939,571,0,238,485,3574,49,7
39.215683,7.026000,112.000,42.440000,2.128000,126.570774,3970,564,0,239,485,3574,49,0
39.218572,2.889000,112.000,42.440000,2.128000,126.494610,3837,564,0,245,485,3574,49,0
39.231877,13.305000,112.000,42.440000,2.128000,126.496765,3840,564,0,245,485,3574,49,0
39.235604,3.727000,112.000,42.440000,2.128000,126.478764,3840,564,0,207,447,3498,49,0
39.247827,12.223000,112.000,42.440000,2.128000,126.479244,3840,564,0,207,447,3498,49,0
39.257085,9.258000,112.000,42.440000,2.128000,126.478069,3837,564,0,207,447,3498,49,0
39.259881,2.796000,112.000,42.440000,2.128000,126.476910,3834,564,0,207,447,3498,49,0
39.273531,13.650000,112.000,42.440000,2.128000,126.477322,3834,564,0,207,447,3498,49,0
39.281839,8.308000,112.000,42.440000,2.128000,126.477802,3834,564,0,207,447,3498,49,0
39.284615,2.776000,112.000,42.440000,2.128000,126.478283,3834,564,0,207,447,3498,49,0
39.298942,14.327000,112.000,42.440000,2.128000,126.478764,3834,564,0,207,447,3498,49,0
39.301701,2.759000,112.000,42.440000,2.128000,126.476742,3830,564,0,207,447,3498,49,0
39.315620,13.919000,112.000,42.440000,2.128000,126.475544,3827,564,0,206,411,3426,49,0
39.317970,2.350000,112.000,42.440000,2.128000,126.471569,3825,564,0,206,411,3426,49,0
39.331851,13.881000,112.000,42.440000,2.128000,126.472004,3825,564,0,206,411,3426,49,0
39.334312,2.461000,112.000,42.440000,2.128000,126.427265,3825,564,0,205,410,3424,49,0
39.349526,15.214000,112.000,42.440000,2.128000,126.427864,3825,564,0,205,410,3424,49,0
39.352160,2.634000,112.000,42.440000,2.128000,126.428345,3825,564,0,205,410,3424,49,0
39.365988,13.828000,112.000,42.440000,2.128000,126.430614,3828,564,0,198,403,3410,49,0
39.368287,2.299000,112.000,42.440000,2.128000,126.431095,3828,564,0,198,403,3410,49,0
39.382226,13.939000,112.000,42.440000,2.128000,126.431511,3828,564,0,198,403,3410,49,0
39.384688,2.462000,112.000,42.440000,2.128000,126.431351,3828,564,0,198,403,3410,49,0
39.399634,14.946000,112.000,42.440000,2.128000,126.425049,3816,564,0,198,403,3410,49,0
39.402291,2.657000,112.000,42.440000,2.128000,126.425529,3816,564,0,197,402,3408,49,0
39.416094,13.803000,112.000,42.440000,2.128000,126.426025,3816,564,0,197,402,3408,49,0
39.418416,2.322000,112.000,42.440000,2.128000,126.426506,3816,564,0,195,400,3404,49,0
39.432122,13.706000,112.000,42.440000,2.128000,126.427094,3816,564,0,195,400,3404,49,0
39.434498,2.376000,112.000,42.440000,2.128000,126.406715,3807,557,0,193,398,3400,49,0
39.450015,15.517000,112.000,42.440000,2.128000,126.400803,3797,557,0,193,398,3400,49,0
39.453101,3.086000,112.000,42.440000,2.128000,126.399643,3794,557,0,191,396,3396,49,0
39.465812,12.711000,112.000,42.440000,2.128000,126.327579,3762,536,0,183,388,3380,49,0
39.467823,2.011000,112.000,42.440000,2.128000,126.286678,3711,531,0,182,387,3378,49,0
39.482150,14.327000,112.000,42.440000,2.128000,126.280762,3701,531,0,182,387,3378,49,0
39.484374,2.224000,112.000,42.440000,2.128000,126.281197,3701,531,0,182,387,3378,49,0
39.499679,15.305000,112.000,42.440000,2.128000,126.331810,3703,531,0,221,445,3494,49,0
39.502860,3.181000,112.000,42.440000,2.128000,126.332291,3703,531,0,221,445,3494,49,0
39.515825,12.965000,112.000,42.440000,2.128000,126.316219,3703,531,0,187,411,3426,49,0
39.517980,2.155000,112.000,42.440000,2.128000,126.316700,3703,531,0,187,411,3426,49,0
39.532012,14.032000,112.000,42.440000,2.128000,126.317135,3703,531,0,187,411,3426,49,0
39.534415,2.403000,112.000,42.440000,2.128000,126.317616,3703,531,0,187,411,3426,49,0
39.549381,14.966000,112.000,42.440000,2.128000,126.318096,3703,531,0,187,411,3426,49,0
39.552344,2.963000,112.000,42.440000,2.128000,126.318577,3703,531,0,187,411,3426,49,0
39.566053,13.709000,112.000,42.440000,2.128000,126.319057,3703,531,0,187,411,3426,49,0
39.568420,2.367000,112.000,42.440000,2.128000,126.319538,3703,531,0,187,411,3426,49,0
39.582205,13.785000,112.000,42.440000,2.128000,126.318333,3700,531,0,187,411,3426,49,0
39.584839,2.634000,112.000,42.440000,2.128000,126.318813,3700,531,0,187,411,3426,49,0
39.600031,15.192000,112.000,42.440000,2.128000,126.317638,3697,531,0,187,411,3426,49,0
39.603353,3.322000,112.000,42.440000,2.128000,126.318119,3697,531,0,187,411,3426,49,0
39.616017,12.664000,112.000,42.440000,2.128000,126.318600,3697,531,0,187,411,3426,49,0
39.618410,2.393000,112.000,42.440000,2.128000,126.319080,3697,531,0,187,411,3426,49,0
39.632315,13.905000,112.000,42.440000,2.128000,126.321098,3700,531,0,187,411,3426,49,0
39.634781,2.466000,112.000,42.440000,2.128000,126.317169,3698,531,0,186,391,3386,49,0
39.651306,16.525000,112.000,42.440000,2.128000,126.317604,3698,531,0,186,391,3386,49,0
39.655584,4.278000,112.000,42.440000,2.128000,126.318085,3698,531,0,186,391,3386,49,0
39.659358,3.774000,115.000,41.247000,3.097000,126.291069,3698,531,0,186,391,3386,49,0
39.674250,14.892000,115.000,41.247000,3.097000,126.291618,3698,531,0,186,391,3386,49,0
39.680944,6.694000,115.000,41.247000,3.097000,126.290413,3695,531,0,186,391,3386,49,0
39.686107,5.163000,115.000,41.247000,3.097000,126.292553,3698,531,0,186,391,3386,49,0
39.697841,11.734000,115.000,41.247000,3.097000,126.291393,3695,531,0,186,391,3386,49,0
39.703884,6.043000,115.000,41.247000,3.097000,126.414764,3775,563,0,186,391,3386,49,0
39.714438,10.554000,115.000,41.247000,3.097000,126.421059,3775,563,0,195,407,3418,49,0
39.719006,4.568000,115.000,41.247000,3.097000,126.423134,3778,563,0,195,407,3418,49,0
39.731045,12.039000,115.000,41.247000,3.097000,126.429619,3788,563,0,195,407,3418,49,0
39.736444,5.399000,115.000,41.247000,3.097000,126.430168,3788,563,0,195,407,3418,49,0
39.747837,11.393000,115.000,41.247000,3.097000,126.430649,3788,563,0,195,407,3418,49,0
39.758524,10.687000,115.000,41.247000,3.097000,126.434437,3794,563,0,195,407,3418,49,0
39.761508,2.984000,115.000,41.247000,3.097000,126.434917,3794,563,0,195,407,3418,49,0
39.773799,12.291000,115.000,41.247000,3.097000,126.435341,3794,563,0,195,407,3418,49,0
39.780968,7.169000,115.000,41.247000,3.097000,126.435822,3794,563,0,195,407,3418,49,0
39.827553,46.585000,115.000,41.247000,3.097000,126.593319,3924,572,0,238,487,3578,49,0
39.832031,4.478000,115.000,41.247000,3.097000,126.596966,3930,572,0,238,485,3574,49,0
39.834768,2.737000,115.000,41.247000,3.097000,126.542210,3830,572,0,238,485,3574,49,0
39.848850,14.082000,115.000,41.247000,3.097000,126.542782,3830,572,0,238,485,3574,49,0
39.851628,2.778000,115.000,41.247000,3.097000,126.543217,3830,572,0,238,485,3574,49,0
39.865351,13.723000,115.000,41.247000,3.097000,126.542057,3827,572,0,238,485,3574,49,0
39.867865,2.514000,115.000,41.247000,3.097000,126.542538,3827,572,0,238,485,3574,49,0
39.881899,14.034000,115.000,41.247000,3.097000,126.543018,3827,572,0,238,485,3574,49,0
39.884719,2.820000,115.000,41.247000,3.097000,126.543499,3827,572,0,238,485,3574,49,0
39.898856,14.137000,115.000,41.247000,3.097000,126.543980,3827,572,0,238,485,3574,49,0
39.901670,2.814000,115.000,41.247000,3.097000,126.544460,3827,572,0,238,485,3574,49,0
39.915456,13.786000,115.000,41.247000,3.097000,126.544910,3827,572,0,238,485,3574,49,0
39.917853,2.397000,115.000,41.247000,3.097000,126.541248,3820,572,0,237,449,3502,49,0
39.931952,14.099000,115.000,41.247000,3.097000,126.541676,3820,572,0,237,449,3502,49,0
39.934452,2.500000,115.000,41.247000,3.097000,126.537746,3818,572,0,237,449,3502,49,0
39.949551,15.099000,115.000,41.247000,3.097000,126.492130,3815,572,0,237,449,3502,49,0
39.952282,2.731000,115.000,41.247000,3.097000,126.492611,3815,572,0,237,449,3502,49,0
39.965874,13.592000,115.000,41.247000,3.097000,126.494762,3818,572,0,237,449,3502,49,0
39.968343,2.469000,115.000,41.247000,3.097000,126.495243,3818,572,0,237,449,3502,49,0
39.981970,13.627000,115.000,41.247000,3.097000,126.492489,3812,572,0,237,449,3502,49,0
39.984881,2.911000,115.000,41.247000,3.097000,126.492924,3812,572,0,237,449,3502,49,0
40.000101,15.220000,115.000,41.247000,3.097000,126.495148,3815,572,0,237,449,3502,49,0
40.003206,3.105000,115.000,41.247000,3.097000,126.494987,3815,572,0,237,449,3502,49,0
40.015855,12.649000,115.000,41.247000,3.097000,126.493599,3812,572,0,236,448,3500,49,0
40.018326,2.471000,115.000,41.247000,3.097000,126.494080,3812,572,0,236,448,3500,49,0
40.032393,14.067000,115.000,41.247000,3.097000,126.497814,3818,572,0,234,446,3496,49,0
40.035015,2.622000,115.000,41.247000,3.097000,126.498295,3818,572,0,234,446,3496,49,0
40.049677,14.662000,115.000,41.247000,3.097000,126.489960,3817,568,0,233,445,3494,49,0
40.052808,3.131000,115.000,41.247000,3.097000,126.482811,3804,568,0,233,445,3494,49,0
40.065846,13.038000,115.000,41.247000,3.097000,126.483242,3804,568,0,231,443,3490,49,0
40.068335,2.489000,115.000,41.247000,3.097000,126.483639,3804,568,0,230,442,3488,49,0
40.082241,13.906000,115.000,41.247000,3.097000,126.482265,3801,568,0,230,442,3488,49,0
40.084999,2.758000,115.000,41.247000,3.097000,126.469082,3795,563,0,229,441,3486,49,0
40.100073,15.074000,115.000,41.247000,3.097000,126.464863,3788,563,0,229,441,3486,49,0
40.104683,4.610000,115.000,41.247000,3.097000,126.497162,3790,563,0,230,461,3526,49,0
40.108762,4.079000,115.000,41.247000,3.097000,126.497643,3790,563,0,192,423,3450,49,0
40.123922,15.160000,115.000,41.247000,3.097000,126.481312,3793,563,0,192,423,3450,49,0
40.131064,7.142000,115.000,41.247000,3.097000,126.481792,3793,563,0,192,423,3450,49,0
40.135291,4.227000,115.000,41.247000,3.097000,126.482281,3793,563,0,192,423,3450,49,0
40.147809,12.518000,115.000,41.247000,3.097000,126.482761,3793,563,0,192,423,3450,49,0
40.152413,4.604000,115.000,41.247000,3.097000,126.483242,3793,563,0,192,423,3450,49,0
40.164487,12.074000,115.000,41.247000,3.097000,126.483723,3793,563,0,192,423,3450,49,0
40.168819,4.332000,115.000,41.247000,3.097000,126.485806,3796,563,0,192,423,3450,49,0
40.181029,12.210000,115.000,41.247000,3.097000,126.486286,3796,563,0,192,423,3450,49,0
40.185372,4.343000,115.000,41.247000,3.097000,126.486729,3796,563,0,192,423,3450,49,0
40.197829,12.457000,115.000,41.247000,3.097000,126.487209,3796,563,0,192,423,3450,49,0
40.200661,2.832000,115.000,41.247000,3.097000,126.486050,3793,563,0,192,423,3450,49,0
40.215685,15.024000,115.000,41.247000,3.097000,126.488201,3796,563,0,192,423,3450,49,0
40.217662,1.977000,115.000,41.247000,3.097000,126.488682,3796,563,0,192,423,3450,49,0
40.232078,14.416000,115.000,41.247000,3.097000,126.489269,3796,563,0,192,423,3450,49,0
40.234392,2.314000,115.000,41.247000,3.097000,126.488110,3793,563,0,192,423,3450,49,0
40.249877,15.485000,115.000,41.247000,3.097000,126.488522,3793,563,0,192,423,3450,49,0
40.253021,3.144000,115.000,41.247000,3.097000,126.481312,3785,563,0,191,403,3410,49,0
40.265995,12.974000,115.000,41.247000,3.097000,126.485092,3791,563,0,191,403,3410,49,0
40.268147,2.152000,115.000,41.247000,3.097000,126.482292,3785,563,0,191,403,3410,49,0
40.282090,13.943000,115.000,41.247000,3.097000,126.455254,3785,563,0,191,403,3410,49,0
40.284462,2.372000,115.000,41.247000,3.097000,126.454048,3782,563,0,191,403,3410,49,0
40.299436,14.974000,115.000,41.247000,3.097000,126.454659,3782,563,0,191,403,3410,49,0
40.302331,2.895000,115.000,41.247000,3.097000,126.455139,3782,563,0,191,403,3410,49,0
40.316105,13.774000,115.000,41.247000,3.097000,126.457249,3785,563,0,191,403,3410,49,0
40.318335,2.230000,115.000,41.247000,3.097000,126.457729,3785,563,0,191,403,3410,49,0
40.332604,14.269000,115.000,41.247000,3.097000,126.458252,3785,563,0,191,403,3410,49,0
40.335196,2.592000,115.000,41.247000,3.097000,126.463097,3792,563,0,191,403,3410,49,0
40.350473,15.277000,115.000,41.247000,3.097000,126.463593,3792,563,0,191,403,3410,49,0
40.353713,3.240000,115.000,41.247000,3.097000,126.464073,3792,563,0,191,403,3410,49,0
40.366285,12.572000,115.000,41.247000,3.097000,126.465271,3789,563,0,191,403,3410,49,4
40.368957,2.672000,115.000,41.247000,3.097000,126.465752,3789,563,0,191,403,3410,49,4
40.382621,13.664000,115.000,41.247000,3.097000,126.468884,3789,563,0,191,403,3410,49,8
40.385436,2.815000,115.000,41.247000,3.097000,126.469364,3789,563,0,191,403,3410,49,8
40.436309,50.873000,115.000,41.247000,3.097000,126.636650,3969,564,0,238,487,3578,49,0
40.449528,13.219000,115.000,41.247000,3.097000,126.612949,3932,564,0,245,485,3574,49,0
40.452481,2.953000,115.000,41.247000,3.097000,126.550716,3829,564,0,233,473,3550,49,0
40.464397,11.916000,115.000,41.247000,3.097000,126.551197,3829,564,0,233,473,3550,49,0
40.467275,2.878000,115.000,41.247000,3.097000,126.551678,3829,564,0,233,473,3550,49,0
40.481860,14.585000,115.000,41.247000,3.097000,126.552189,3829,564,0,233,473,3550,49,0
40.484854,2.994000,115.000,41.247000,3.097000,126.552624,3829,564,0,233,473,3550,49,0
40.499090,14.236000,115.000,41.247000,3.097000,126.549824,3823,564,0,233,473,3550,49,0
40.501936,2.846000,115.000,41.247000,3.097000,126.550259,3823,564,0,233,473,3550,49,0
40.515526,13.590000,115.000,41.247000,3.097000,126.550709,3823,564,0,233,473,3550,49,0
40.518346,2.820000,115.000,41.247000,3.097000,126.551189,3823,564,0,233,473,3550,49,0
40.531938,13.592000,115.000,41.247000,3.097000,126.551701,3823,564,0,233,473,3550,49,0
40.534788,2.850000,115.000,41.247000,3.097000,126.549679,3819,564,0,233,473,3550,49,0
40.549004,14.216000,115.000,41.247000,3.097000,126.550125,3819,564,0,232,437,3478,49,0
40.551645,2.641000,115.000,41.247000,3.097000,126.546196,3817,564,0,232,437,3478,49,0
40.565806,14.161000,115.000,41.247000,3.097000,126.503273,3820,564,0,224,429,3462,49,0
40.568401,2.595000,115.000,41.247000,3.097000,126.503754,3820,564,0,224,429,3462,49,0
40.582151,13.750000,115.000,41.247000,3.097000,126.504211,3820,564,0,224,429,3462,49,0
40.584566,2.415000,115.000,41.247000,3.097000,126.504692,3820,564,0,224,429,3462,49,0
40.599388,14.822000,115.000,41.247000,3.097000,126.505325,3820,564,0,224,429,3462,49,0
40.602071,2.683000,115.000,41.247000,3.097000,126.505806,3820,564,0,224,429,3462,49,0
40.615742,13.671000,115.000,41.247000,3.097000,126.505550,3820,564,0,224,429,3462,49,0
40.618083,2.341000,115.000,41.247000,3.097000,126.502529,3814,564,0,223,429,3462,49,0
40.632199,14.116000,115.000,41.247000,3.097000,126.503086,3814,564,0,223,429,3462,49,0
40.634789,2.590000,115.000,41.247000,3.097000,126.503567,3814,564,0,222,428,3460,49,0
40.649305,14.516000,115.000,41.247000,3.097000,126.504047,3814,564,0,220,426,3456,49,0
40.651964,2.659000,115.000,41.247000,3.097000,126.504528,3814,564,0,220,426,3456,49,0
40.665696,13.732000,115.000,41.247000,3.097000,126.410038,3770,536,0,211,417,3438,49,0
40.668153,2.457000,112.000,48.009000,2.786000,126.376629,3715,536,0,211,417,3438,49,0
40.682273,14.120000,112.000,48.009000,2.786000,126.373928,3709,536,0,209,415,3434,49,0
40.684835,2.562000,112.000,48.009000,2.786000,126.374409,3709,536,0,210,415,3434,49,0
40.700100,15.265000,112.000,48.009000,2.786000,126.374699,3709,536,0,209,414,3432,49,0
40.703129,3.029000,112.000,48.009000,2.786000,126.359577,3700,531,0,207,413,3430,49,0
40.715944,12.815000,112.000,48.009000,2.786000,126.353741,3690,531,0,207,413,3430,49,0
40.720037,4.093000,112.000,48.009000,2.786000,126.390602,3692,531,0,221,444,3492,49,0
40.732322,12.285000,112.000,48.009000,2.786000,126.392715,3695,531,0,221,444,3492,49,0
40.735128,2.806000,112.000,48.009000,2.786000,126.393196,3695,531,0,221,444,3492,49,0
40.748869,13.741000,112.000,48.009000,2.786000,126.393646,3695,531,0,221,444,3492,49,0
40.751497,2.628000,112.000,48.009000,2.786000,126.394127,3695,531,0,221,444,3492,49,0
40.765726,14.229000,112.000,48.009000,2.786000,126.394531,3695,531,0,221,444,3492,49,0
40.768116,2.390000,112.000,48.009000,2.786000,126.395012,3695,531,0,221,444,3492,49,0
40.782032,13.916000,112.000,48.009000,2.786000,126.395458,3695,531,0,221,444,3492,49,0
40.784529,2.497000,112.000,48.009000,2.786000,126.395939,3695,531,0,221,444,3492,49,0
40.799231,14.702000,112.000,48.009000,2.786000,126.394810,3692,531,0,221,444,3492,49,0
40.801895,2.664000,112.000,48.009000,2.786000,126.395290,3692,531,0,221,444,3492,49,0
40.815578,13.683000,112.000,48.009000,2.786000,126.397396,3695,531,0,221,444,3492,49,0
40.817853,2.275000,112.000,48.009000,2.786000,126.397877,3695,531,0,221,444,3492,49,0
40.832085,14.232000,112.000,48.009000,2.786000,126.398342,3695,531,0,221,444,3492,49,0
40.834645,2.560000,112.000,48.009000,2.786000,126.398823,3695,531,0,221,444,3492,49,0
40.849453,14.808000,112.000,48.009000,2.786000,126.402615,3701,531,0,221,444,3492,49,0
40.852096,2.643000,112.000,48.009000,2.786000,126.403095,3701,531,0,221,444,3492,49,0
40.865267,13.171000,112.000,48.009000,2.786000,126.403519,3701,531,0,220,425,3454,49,0
40.867728,2.461000,112.000,48.009000,2.786000,126.399590,3699,531,0,220,425,3454,49,0
40.882204,14.476000,112.000,48.009000,2.786000,126.400215,3699,531,0,220,425,3454,49,0
40.884925,2.721000,112.000,48.009000,2.786000,126.374496,3699,531,0,220,425,3454,49,0
40.899505,14.580000,112.000,48.009000,2.786000,126.375011,3699,531,0,220,425,3454,49,0
40.902517,3.012000,112.000,48.009000,2.786000,126.375492,3699,531,0,220,425,3454,49,0
40.916274,13.757000,112.000,48.009000,2.786000,126.500523,3782,563,0,220,425,3454,49,0
40.918969,2.695000,112.000,48.009000,2.786000,126.506817,3782,563,0,229,441,3486,49,0
40.932374,13.405000,112.000,48.009000,2.786000,126.510555,3788,563,0,229,441,3486,49,0
40.934676,2.302000,112.000,48.009000,2.786000,126.511036,3788,563,0,229,441,3486,49,0
40.949925,15.249000,112.000,48.009000,2.786000,126.517506,3798,563,0,229,441,3486,49,0
40.952985,3.060000,112.000,48.009000,2.786000,126.517986,3798,563,0,229,441,3486,49,0
40.966096,13.111000,112.000,48.009000,2.786000,126.516872,3795,563,0,229,441,3486,49,0
40.968426,2.330000,112.000,48.009000,2.786000,126.517353,3795,563,0,229,441,3486,49,0
40.982217,13.791000,112.000,48.009000,2.786000,126.517834,3795,563,0,229,441,3486,49,0
40.984515,2.298000,112.000,48.009000,2.786000,126.518314,3795,563,0,229,441,3486,49,0
40.999964,15.449000,112.000,48.009000,2.786000,126.518810,3795,563,0,229,441,3486,49,0
41.044903,44.939000,112.000,48.009000,2.786000,126.661327,3927,572,0,238,485,3574,49,0
41.057087,12.184000,112.000,48.009000,2.786000,126.660015,3924,572,0,238,483,3570,49,0
41.065435,8.348000,112.000,48.009000,2.786000,126.605289,3824,572,0,204,449,3502,49,0
41.068932,3.497000,112.000,48.009000,2.786000,126.585953,3818,572,0,204,449,3502,49,0
41.081998,13.066000,112.000,48.009000,2.786000,126.588085,3821,572,0,204,449,3502,49,0
41.084611,2.613000,112.000,48.009000,2.786000,126.588566,3821,572,0,204,449,3502,49,0
41.098728,14.117000,112.000,48.009000,2.786000,126.592350,3827,572,0,204,449,3502,49,0
41.101192,2.464000,112.000,48.009000,2.786000,126.592831,3827,572,0,204,449,3502,49,0
41.115461,14.269000,112.000,48.009000,2.786000,126.596615,3833,572,0,204,449,3502,49,0
41.117854,2.393000,112.000,48.009000,2.786000,126.597095,3833,572,0,204,449,3502,49,0
41.131962,14.108000,112.000,48.009000,2.786000,126.595104,3829,572,0,204,449,3502,49,0
41.134386,2.424000,112.000,48.009000,2.786000,126.595585,3829,572,0,203,413,3430,49,0
41.148969,14.583000,112.000,48.009000,2.786000,126.592785,3823,572,0,203,413,3430,49,0
41.151532,2.563000,112.000,48.009000,2.786000,126.548046,3823,572,0,203,413,3430,49,0
41.165691,14.159000,112.000,48.009000,2.786000,126.548393,3823,572,0,203,413,3430,49,0
41.167979,2.288000,112.000,48.009000,2.786000,126.544464,3821,572,0,203,413,3430,49,0
41.182209,14.230000,112.000,48.009000,2.786000,126.546608,3824,572,0,203,413,3430,49,0
41.184711,2.502000,112.000,48.009000,2.786000,126.547089,3824,572,0,203,413,3430,49,0
41.199581,14.870000,112.000,48.009000,2.786000,126.549278,3827,572,0,203,413,3430,49,0
41.202115,2.534000,112.000,48.009000,2.786000,126.549759,3827,572,0,203,413,3430,49,0
41.215997,13.882000,112.000,48.009000,2.786000,126.549545,3827,572,0,203,413,3430,49,0
41.218543,2.546000,112.000,48.009000,2.786000,126.546524,3821,572,0,203,413,3430,49,0
41.232432,13.889000,112.000,48.009000,2.786000,126.546928,3821,572,0,202,412,3428,49,0
41.234965,2.533000,112.000,48.009000,2.786000,126.547409,3821,572,0,200,410,3424,49,0
41.249854,14.889000,112.000,48.009000,2.786000,126.549614,3824,572,0,200,410,3424,49,0
41.252872,3.018000,112.000,48.009000,2.786000,126.539680,3820,568,0,199,409,3422,49,0
41.266238,13.366000,112.000,48.009000,2.786000,126.535866,3813,568,0,199,409,3422,49,0
41.269202,2.964000,112.000,48.009000,2.786000,126.536346,3813,568,0,197,407,3418,49,0
41.282356,13.154000,112.000,48.009000,2.786000,126.538475,3816,568,0,197,407,3418,49,0
41.285164,2.808000,112.000,48.009000,2.786000,126.537231,3813,568,0,196,406,3416,49,0
41.299749,14.585000,112.000,48.009000,2.786000,126.522102,3804,563,0,195,405,3414,49,0
41.302662,2.913000,112.000,48.009000,2.786000,126.516266,3794,563,0,195,405,3414,49,0
41.309373,6.711000,112.000,48.009000,2.786000,126.563465,3793,563,0,230,459,3522,49,0
41.323930,14.557000,112.000,48.009000,2.786000,126.563946,3793,563,0,230,459,3522,49,0
41.331203,7.273000,112.000,48.009000,2.786000,126.561100,3787,563,0,218,447,3498,49,0
41.336252,5.049000,112.000,48.009000,2.786000,126.559029,3793,563,0,218,447,3498,49,0
41.347679,11.427000,112.000,48.009000,2.786000,126.556229,3787,563,0,218,447,3498,49,0
41.352747,5.068000,112.000,48.009000,2.786000,126.556686,3787,563,0,218,447,3498,49,0
41.364462,11.715000,112.000,48.009000,2.786000,126.555527,3784,563,0,218,447,3498,49,0
41.368684,4.222000,112.000,48.009000,2.786000,126.555977,3784,563,0,218,447,3498,49,0
41.380956,12.272000,112.000,48.009000,2.786000,126.556458,3784,563,0,218,447,3498,49,0
41.385483,4.527000,112.000,48.009000,2.786000,126.558582,3787,563,0,218,447,3498,49,0
41.397764,12.281000,112.000,48.009000,2.786000,126.559063,3787,563,0,218,447,3498,49,0
41.400664,2.900000,112.000,48.009000,2.786000,126.559544,3787,563,0,218,447,3498,49,0
41.415589,14.925000,112.000,48.009000,2.786000,126.560112,3787,563,0,218,447,3498,49,0
41.417989,2.400000,112.000,48.009000,2.786000,126.558952,3784,563,0,218,447,3498,49,0
41.432149,14.160000,112.000,48.009000,2.786000,126.559311,3784,563,0,218,447,3498,49,0
41.434780,2.631000,112.000,48.009000,2.786000,126.558151,3781,563,0,218,447,3498,49,0
41.449435,14.655000,112.000,48.009000,2.786000,126.558411,3781,563,0,218,447,3498,49,0
41.452287,2.852000,112.000,48.009000,2.786000,126.558891,3781,563,0,218,447,3498,49,0
41.465682,13.395000,112.000,48.009000,2.786000,126.559334,3781,563,0,217,427,3458,49,0
41.479730,14.048000,112.000,48.009000,2.786000,126.555405,3779,563,0,217,427,3458,49,0
41.484004,4.274000,112.000,48.009000,2.786000,126.555840,3779,563,0,217,427,3458,49,0
41.499548,15.544000,112.000,48.009000,2.786000,126.527325,3776,563,0,217,427,3458,49,0
41.502091,2.543000,112.000,48.009000,2.786000,126.527805,3776,563,0,217,427,3458,49,0
41.515525,13.434000,112.000,48.009000,2.786000,126.528271,3776,563,0,217,427,3458,49,0
41.517986,2.461000,112.000,48.009000,2.786000,126.527111,3773,563,0,217,427,3458,49,0
41.532387,14.401000,112.000,48.009000,2.786000,126.529305,3776,563,0,217,427,3458,49,0
41.535038,2.651000,112.000,48.009000,2.786000,126.529785,3776,563,0,217,427,3458,49,0
41.549526,14.488000,112.000,48.009000,2.786000,126.531906,3779,563,0,217,427,3458,49,0
41.552164,2.638000,112.000,48.009000,2.786000,126.538391,3789,563,0,217,427,3458,49,0
41.566008,13.844000,112.000,48.009000,2.786000,126.539997,3789,563,0,217,427,3458,49,2
41.568127,2.119000,112.000,48.009000,2.786000,126.540478,3789,563,0,217,427,3458,49,2
41.582233,14.106000,112.000,48.009000,2.786000,126.541504,3783,563,0,217,427,3458,49,8
41.584554,2.321000,112.000,48.009000,2.786000,126.541985,3783,563,0,217,427,3458,49,8
41.599820,15.266000,112.000,48.009000,2.786000,126.545609,3789,562,0,217,427,3458,49,7
41.644368,44.548000,112.000,48.009000,2.786000,126.698174,3966,564,0,239,485,3574,49,0
41.656958,12.590000,112.000,48.009000,2.786000,126.677845,3934,564,0,245,485,3574,49,0
41.665125,8.167000,108.000,43.242000,2.332000,126.624210,3836,564,0,245,485,3574,49,0
41.668743,3.618000,108.000,43.242000,2.332000,126.606209,3836,564,0,207,447,3498,49,0
41.682007,13.264000,108.000,43.242000,2.332000,126.606689,3836,564,0,207,447,3498,49,0
41.684736,2.729000,108.000,43.242000,2.332000,126.607170,3836,564,0,207,447,3498,49,0
41.698496,13.760000,108.000,43.242000,2.332000,126.607559,3836,564,0,207,447,3498,49,0
41.700765,2.269000,108.000,43.242000,2.332000,126.608040,3836,564,0,207,447,3498,49,0
41.715202,14.437000,108.000,43.242000,2.332000,126.608521,3836,564,0,207,447,3498,49,0
41.717357,2.155000,108.000,43.242000,2.332000,126.609001,3836,564,0,207,447,3498,49,0
41.731937,14.580000,108.000,43.242000,2.332000,126.609482,3836,564,0,207,447,3498,49,0
41.733732,1.795000,108.000,43.242000,2.332000,126.607460,3832,564,0,206,411,3426,49,0
41.748860,15.128000,108.000,43.242000,2.332000,126.607941,3832,564,0,206,411,3426,49,0
41.750704,1.844000,108.000,43.242000,2.332000,126.606735,3829,564,0,205,410,3424,49,0
41.765851,15.147000,108.000,43.242000,2.332000,126.562035,3829,564,0,198,403,3410,49,0
41.767541,1.690000,108.000,43.242000,2.332000,126.556465,3824,564,0,198,403,3410,49,0
41.782070,14.529000,108.000,43.242000,2.332000,126.556946,3824,564,0,198,403,3410,49,0
41.784072,2.002000,108.000,43.242000,2.332000,126.557381,3824,564,0,198,403,3410,49,0
41.799466,15.394000,108.000,43.242000,2.332000,126.559681,3827,564,0,198,403,3410,49,0
41.801337,1.871000,108.000,43.242000,2.332000,126.560162,3827,564,0,196,403,3410,49,0
41.815667,14.330000,108.000,43.242000,2.332000,126.560593,3827,564,0,196,403,3410,49,0
41.817834,2.167000,108.000,43.242000,2.332000,126.560432,3827,564,0,196,403,3410,49,0
41.832226,14.392000,108.000,43.242000,2.332000,126.555771,3818,564,0,195,402,3408,49,0
41.834627,2.401000,108.000,43.242000,2.332000,126.556252,3818,564,0,195,402,3408,49,0
41.849564,14.937000,108.000,43.242000,2.332000,126.558598,3821,564,0,193,400,3404,49,0
41.852031,2.467000,108.000,43.242000,2.332000,126.548679,3816,561,0,194,399,3402,49,0
41.865618,13.587000,108.000,43.242000,2.332000,126.460869,3771,536,0,186,391,3386,49,0
41.867707,2.089000,108.000,43.242000,2.332000,126.429512,3719,536,0,184,391,3386,49,0
41.882190,14.483000,108.000,43.242000,2.332000,126.431641,3722,536,0,182,389,3382,49,0
41.884532,2.342000,108.000,43.242000,2.332000,126.431992,3722,536,0,181,388,3380,49,0
41.899492,14.960000,108.000,43.242000,2.332000,126.430595,3719,536,0,183,388,3380,49,0
41.902163,2.671000,108.000,43.242000,2.332000,126.417412,3713,531,0,182,387,3378,49,0
41.915888,13.725000,108.000,43.242000,2.332000,126.414772,3709,531,0,182,387,3378,49,0
41.920601,4.713000,108.000,43.242000,2.332000,126.465553,3711,531,0,220,445,3494,49,0
41.932012,11.411000,108.000,43.242000,2.332000,126.466015,3711,531,0,220,445,3494,49,0
41.934363,2.351000,108.000,43.242000,2.332000,126.449959,3711,531,0,186,411,3426,49,0
41.949334,14.971000,108.000,43.242000,2.332000,126.450455,3711,531,0,186,411,3426,49,0
41.952073,2.739000,108.000,43.242000,2.332000,126.450935,3711,531,0,186,411,3426,49,0
41.965605,13.532000,108.000,43.242000,2.332000,126.451401,3711,531,0,186,411,3426,49,0
41.967785,2.180000,108.000,43.242000,2.332000,126.451881,3711,531,0,186,411,3426,49,0
41.982056,14.271000,108.000,43.242000,2.332000,126.454006,3714,531,0,186,411,3426,49,0
41.984551,2.495000,108.000,43.242000,2.332000,126.454487,3714,531,0,186,411,3426,49,0
41.999647,15.096000,108.000,43.242000,2.332000,126.458252,3720,531,0,186,411,3426,49,0
42.002524,2.877000,108.000,43.242000,2.332000,126.458733,3720,531,0,186,411,3426,49,0
42.015966,13.442000,108.000,43.242000,2.332000,126.459229,3720,531,0,186,411,3426,49,0
42.018362,2.396000,108.000,43.242000,2.332000,126.459709,3720,531,0,186,411,3426,49,0
42.031920,13.558000,108.000,43.242000,2.332000,126.458565,3717,531,0,186,411,3426,49,0
42.034978,3.058000,108.000,43.242000,2.332000,126.459000,3717,531,0,186,411,3426,49,0
42.049732,14.754000,108.000,43.242000,2.332000,126.459526,3717,531,0,186,411,3426,49,0
42.053018,3.286000,108.000,43.242000,2.332000,126.460007,3717,531,0,186,411,3426,49,0
42.066034,13.016000,108.000,43.242000,2.332000,126.460403,3717,531,0,185,391,3386,49,0
42.068303,2.269000,108.000,43.242000,2.332000,126.456474,3715,531,0,185,391,3386,49,0
42.082222,13.919000,108.000,43.242000,2.332000,126.455315,3712,531,0,185,391,3386,49,0
42.084674,2.452000,108.000,43.242000,2.332000,126.428299,3712,531,0,185,391,3386,49,0
42.101139,16.465000,108.000,43.242000,2.332000,126.551693,3792,563,0,185,391,3386,49,0
42.104378,3.239000,108.000,43.242000,2.332000,126.557987,3792,563,0,195,407,3418,49,0
42.109337,4.959000,108.000,43.242000,2.332000,126.556828,3789,563,0,195,407,3418,49,0
42.124124,14.787000,108.000,43.242000,2.332000,126.557281,3789,563,0,195,407,3418,49,0
42.130995,6.871000,108.000,43.242000,2.332000,126.557762,3789,563,0,195,407,3418,49,0
42.135562,4.567000,108.000,43.242000,2.332000,126.559814,3792,563,0,195,407,3418,49,0
42.147618,12.056000,108.000,43.242000,2.332000,126.557014,3786,563,0,195,407,3418,49,0
42.152504,4.886000,108.000,43.242000,2.332000,126.563507,3796,563,0,195,407,3418,49,0
42.164422,11.918000,108.000,43.242000,2.332000,126.563988,3796,563,0,195,407,3418,49,0
42.169008,4.586000,108.000,43.242000,2.332000,126.566181,3799,563,0,195,407,3418,49,0
42.181056,12.048000,108.000,43.242000,2.332000,126.566662,3799,563,0,195,407,3418,49,0
42.184893,3.837000,108.000,43.242000,2.332000,126.570477,3805,563,0,195,407,3418,49,0
42.197714,12.821000,108.000,43.242000,2.332000,126.570957,3805,563,0,195,407,3418,49,0
42.200231,2.517000,108.000,43.242000,2.332000,126.571438,3805,563,0,195,407,3418,49,0
42.241385,41.154000,108.000,43.242000,2.332000,126.738377,3951,572,0,237,487,3578,49,0
42.245049,3.664000,108.000,43.242000,2.332000,126.731380,3948,572,0,225,473,3550,49,0
42.256757,11.708000,108.000,43.242000,2.332000,126.734203,3942,572,0,237,485,3574,49,0
42.259628,2.871000,108.000,43.242000,2.332000,126.679447,3842,572,0,237,485,3574,49,0
42.273516,13.888000,108.000,43.242000,2.332000,126.681599,3845,572,0,237,485,3574,49,0
42.281836,8.320000,108.000,43.242000,2.332000,126.683731,3848,572,0,237,485,3574,49,0
42.284645,2.809000,108.000,43.242000,2.332000,126.684212,3848,572,0,237,485,3574,49,0
42.298694,14.049000,108.000,43.242000,2.332000,126.684692,3848,572,0,237,485,3574,49,0
42.301633,2.939000,108.000,43.242000,2.332000,126.685173,3848,572,0,237,485,3574,49,0
42.315413,13.780000,108.000,43.242000,2.332000,126.685654,3848,572,0,237,485,3574,49,0
42.317967,2.554000,108.000,43.242000,2.332000,126.686134,3848,572,0,237,485,3574,49,0
42.331969,14.002000,108.000,43.242000,2.332000,126.688286,3851,572,0,237,485,3574,49,0
42.334700,2.731000,108.000,43.242000,2.332000,126.688766,3851,572,0,237,485,3574,49,0
42.348738,14.038000,108.000,43.242000,2.332000,126.686665,3847,572,0,236,449,3502,49,0
42.351237,2.499000,108.000,43.242000,2.332000,126.687092,3847,572,0,236,449,3502,49,0
42.365423,14.186000,108.000,43.242000,2.332000,126.684975,3848,572,0,236,449,3502,49,0
42.367716,2.293000,108.000,43.242000,2.332000,126.638596,3845,572,0,237,449,3502,49,0
42.382094,14.378000,108.000,43.242000,2.332000,126.639076,3845,572,0,237,449,3502,49,0
42.384576,2.482000,108.000,43.242000,2.332000,126.639557,3845,572,0,237,449,3502,49,0
42.399075,14.499000,108.000,43.242000,2.332000,126.638397,3842,572,0,237,449,3502,49,0
42.401563,2.488000,108.000,43.242000,2.332000,126.638878,3842,572,0,237,449,3502,49,0
42.415904,14.341000,108.000,43.242000,2.332000,126.639473,3842,572,0,237,449,3502,49,0
42.418207,2.303000,108.000,43.242000,2.332000,126.639954,3842,572,0,237,449,3502,49,0
42.432112,13.905000,108.000,43.242000,2.332000,126.639778,3842,572,0,237,449,3502,49,0
42.434564,2.452000,108.000,43.242000,2.332000,126.631836,3827,572,0,235,448,3500,49,0
42.449249,14.685000,108.000,43.242000,2.332000,126.632286,3827,572,0,235,448,3500,49,0
42.451943,2.694000,108.000,43.242000,2.332000,126.632767,3827,572,0,232,446,3496,49,0
42.465727,13.784000,108.000,43.242000,2.332000,126.634922,3830,572,0,231,445,3494,49,0
42.468026,2.299000,108.000,43.242000,2.332000,126.626911,3826,568,0,231,445,3494,49,0
42.482226,14.200000,108.000,43.242000,2.332000,126.622963,3819,568,0,232,445,3494,49,0
42.484712,2.486000,108.000,43.242000,2.332000,126.623444,3819,568,0,230,443,3490,49,0
42.499305,14.593000,108.000,43.242000,2.332000,126.623856,3819,568,0,229,442,3488,49,0
42.501717,2.412000,108.000,43.242000,2.332000,126.620827,3813,568,0,228,441,3486,49,0
42.515822,14.105000,108.000,43.242000,2.332000,126.605988,3804,563,0,229,441,3486,49,0
42.517954,2.132000,108.000,43.242000,2.332000,126.600151,3794,563,0,229,441,3486,49,0
42.532060,14.106000,108.000,43.242000,2.332000,126.633766,3796,563,0,229,462,3528,49,0
42.534594,2.534000,108.000,43.242000,2.332000,126.634201,3796,563,0,229,462,3528,49,0
42.549192,14.598000,108.000,43.242000,2.332000,126.616253,3796,563,0,191,424,3452,49,0
42.551657,2.465000,108.000,43.242000,2.332000,126.616734,3796,563,0,191,424,3452,49,0
42.565771,14.114000,108.000,43.242000,2.332000,126.615589,3793,563,0,191,424,3452,49,0
42.567999,2.228000,108.000,43.242000,2.332000,126.616070,3793,563,0,191,424,3452,49,0
42.581836,13.837000,108.000,43.242000,2.332000,126.616535,3793,563,0,191,424,3452,49,0
42.584145,2.309000,108.000,43.242000,2.332000,126.617016,3793,563,0,191,424,3452,49,0
42.599465,15.320000,108.000,43.242000,2.332000,126.617542,3793,563,0,191,424,3452,49,0
42.602098,2.633000,108.000,43.242000,2.332000,126.618023,3793,563,0,191,424,3452,49,0
42.615748,13.650000,108.000,43.242000,2.332000,126.620148,3796,563,0,191,424,3452,49,0
42.618117,2.369000,108.000,43.242000,2.332000,126.620628,3796,563,0,191,424,3452,49,0
42.632124,14.007000,108.000,43.242000,2.332000,126.621326,3796,563,0,191,424,3452,49,0
42.634721,2.597000,108.000,43.242000,2.332000,126.621807,3796,563,0,191,424,3452,49,0
42.649421,14.700000,108.000,43.242000,2.332000,126.619007,3790,563,0,191,424,3452,49,0
42.652100,2.679000,108.000,43.242000,2.332000,126.619488,3790,563,0,191,424,3452,49,0
42.665862,13.762000,108.000,43.242000,2.332000,126.619865,3790,563,0,191,424,3452,49,0
42.668470,2.608000,118.000,39.491000,3.339000,126.615936,3788,563,0,190,403,3410,49,0
42.682132,13.662000,118.000,39.491000,3.339000,126.616371,3788,563,0,190,403,3410,49,0
42.684599,2.467000,118.000,39.491000,3.339000,126.616852,3788,563,0,190,403,3410,49,0
42.700265,15.666000,118.000,39.491000,3.339000,126.588619,3788,563,0,190,403,3410,49,0
42.702975,2.710000,118.000,39.491000,3.339000,126.589100,3788,563,0,191,403,3410,49,0
42.716078,13.103000,118.000,39.491000,3.339000,126.591240,3791,563,0,191,403,3410,49,0
42.718610,2.532000,118.000,39.491000,3.339000,126.591721,3791,563,0,191,403,3410,49,0
42.732216,13.606000,118.000,39.491000,3.339000,126.592178,3791,563,0,191,403,3410,49,0
42.734488,2.272000,118.000,39.491000,3.339000,126.592659,3791,563,0,191,403,3410,49,0
42.750064,15.576000,118.000,39.491000,3.339000,126.594254,3791,563,0,191,403,3410,49,2
42.753109,3.045000,118.000,39.491000,3.339000,126.600739,3801,563,0,191,403,3410,49,2
42.766118,13.009000,118.000,39.491000,3.339000,126.604416,3801,563,0,191,403,3410,49,7
42.768158,2.040000,118.000,39.491000,3.339000,126.604897,3801,563,0,191,403,3410,49,7
42.782292,14.134000,118.000,39.491000,3.339000,126.609165,3807,562,0,191,403,3410,49,7
42.784715,2.423000,118.000,39.491000,3.339000,126.606388,3802,562,0,192,403,3410,49,7
42.799977,15.262000,118.000,39.491000,3.339000,126.609848,3844,555,0,192,403,3410,49,0
42.802979,3.002000,118.000,39.491000,3.339000,126.587799,3809,555,0,198,403,3410,49,0
42.850813,47.834000,118.000,39.491000,3.339000,126.751762,3946,564,0,245,487,3578,49,0
42.856169,5.356000,118.000,39.491000,3.339000,126.752090,3946,564,0,245,485,3574,49,0
42.858751,2.582000,118.000,39.491000,3.339000,126.694054,3840,564,0,233,473,3550,49,0
42.873604,14.853000,118.000,39.491000,3.339000,126.688698,3840,564,0,233,473,3550,49,0
42.881862,8.258000,118.000,39.491000,3.339000,126.690845,3843,564,0,233,473,3550,49,0
42.884093,2.231000,118.000,39.491000,3.339000,126.691326,3843,564,0,233,473,3550,49,0
42.898583,14.490000,118.000,39.491000,3.339000,126.691807,3843,564,0,233,473,3550,49,0
42.900486,1.903000,118.000,39.491000,3.339000,126.692287,3843,564,0,233,473,3550,49,0
42.915181,14.695000,118.000,39.491000,3.339000,126.692768,3843,564,0,233,473,3550,49,0
42.917168,1.987000,118.000,39.491000,3.339000,126.693249,3843,564,0,233,473,3550,49,0
42.931851,14.683000,118.000,39.491000,3.339000,126.693783,3843,564,0,233,473,3550,49,0
42.933869,2.018000,118.000,39.491000,3.339000,126.694263,3843,564,0,232,472,3548,49,0
42.948431,14.562000,118.000,39.491000,3.339000,126.690601,3836,564,0,232,472,3548,49,0
42.950256,1.825000,118.000,39.491000,3.339000,126.691082,3836,564,0,224,429,3462,49,0
42.965097,14.841000,118.000,39.491000,3.339000,126.693130,3839,564,0,224,429,3462,49,0
42.967269,2.172000,118.000,39.491000,3.339000,126.689201,3837,564,0,224,429,3462,49,0
42.982036,14.767000,118.000,39.491000,3.339000,126.644756,3837,564,0,224,429,3462,49,0
42.984292,2.256000,118.000,39.491000,3.339000,126.645237,3837,564,0,224,429,3462,49,0
42.998604,14.312000,118.000,39.491000,3.339000,126.649017,3843,564,0,224,429,3462,49,0
43.000832,2.228000,118.000,39.491000,3.339000,126.649498,3843,564,0,223,429,3462,49,0
43.015197,14.365000,118.000,39.491000,3.339000,126.649990,3843,564,0,223,429,3462,49,0
43.017439,2.242000,118.000,39.491000,3.339000,126.650471,3843,564,0,223,429,3462,49,0
43.032204,14.765000,118.000,39.491000,3.339000,126.650326,3843,564,0,223,429,3462,49,0
43.034536,2.332000,118.000,39.491000,3.339000,126.647305,3837,564,0,222,428,3460,49,0
43.048618,14.082000,118.000,39.491000,3.339000,126.637295,3832,561,0,221,427,3458,49,0
43.050821,2.203000,118.000,39.491000,3.339000,126.634083,3826,561,0,214,420,3444,49,0
43.065370,14.549000,118.000,39.491000,3.339000,126.562145,3794,540,0,212,418,3440,49,0
43.067566,2.196000,118.000,39.491000,3.339000,126.536732,3752,540,0,211,417,3438,49,0
43.082447,14.881000,118.000,39.491000,3.339000,126.530037,3754,536,0,211,417,3438,49,0
43.085021,2.574000,118.000,39.491000,3.339000,126.526169,3747,536,0,211,417,3438,49,0
43.099315,14.294000,118.000,39.491000,3.339000,126.526623,3747,536,0,210,415,3434,49,0
43.101900,2.585000,118.000,39.491000,3.339000,126.527020,3747,536,0,209,414,3432,49,0
43.115838,13.938000,118.000,39.491000,3.339000,126.523926,3741,536,0,208,413,3430,49,0
43.118081,2.243000,118.000,39.491000,3.339000,126.510742,3735,531,0,208,413,3430,49,0
43.132462,14.381000,118.000,39.491000,3.339000,126.504860,3725,531,0,208,413,3430,49,0
43.136737,4.275000,118.000,39.491000,3.339000,126.544273,3727,531,0,221,446,3496,49,0
43.149436,12.699000,118.000,39.491000,3.339000,126.544739,3727,531,0,221,446,3496,49,0
43.152260,2.824000,118.000,39.491000,3.339000,126.545219,3727,531,0,221,446,3496,49,0
43.165791,13.531000,118.000,39.491000,3.339000,126.544014,3724,531,0,221,446,3496,49,0
43.168190,2.399000,118.000,39.491000,3.339000,126.544495,3724,531,0,220,446,3496,49,0
43.182366,14.176000,118.000,39.491000,3.339000,126.544754,3724,531,0,221,446,3496,49,0
43.185142,2.776000,118.000,39.491000,3.339000,126.545235,3724,531,0,221,446,3496,49,0
43.199375,14.233000,118.000,39.491000,3.339000,126.544075,3721,531,0,221,446,3496,49,0
43.202264,2.889000,118.000,39.491000,3.339000,126.544556,3721,531,0,221,446,3496,49,0
43.216049,13.785000,118.000,39.491000,3.339000,126.546654,3724,531,0,221,446,3496,49,0
43.218881,2.832000,118.000,39.491000,3.339000,126.547134,3724,531,0,221,446,3496,49,0
43.232141,13.260000,118.000,39.491000,3.339000,126.544350,3718,531,0,221,446,3496,49,0
43.235172,3.031000,118.000,39.491000,3.339000,126.544830,3718,531,0,221,446,3496,49,0
43.249954,14.782000,118.000,39.491000,3.339000,126.546974,3721,531,0,221,446,3496,49,0
43.253556,3.602000,118.000,39.491000,3.339000,126.547455,3721,531,0,221,446,3496,49,0
43.265966,12.410000,118.000,39.491000,3.339000,126.551193,3727,531,0,221,446,3496,49,0
43.268697,2.731000,118.000,39.491000,3.339000,126.551674,3727,531,0,221,446,3496,49,0
43.282311,13.614000,118.000,39.491000,3.339000,126.555412,3733,531,0,220,425,3454,49,0
43.285138,2.827000,118.000,39.491000,3.339000,126.551483,3731,531,0,220,425,3454,49,0
43.300491,15.353000,118.000,39.491000,3.339000,126.674824,3811,563,0,220,425,3454,49,0
43.304240,3.749000,118.000,39.491000,3.339000,126.652325,3811,563,0,229,441,3486,49,0
43.308932,4.692000,118.000,39.491000,3.339000,126.649479,3805,563,0,229,441,3486,49,0
43.324351,15.419000,118.000,39.491000,3.339000,126.650047,3805,563,0,229,441,3486,49,0
43.331179,6.828000,118.000,39.491000,3.339000,126.650528,3805,563,0,229,441,3486,49,0
43.335419,4.240000,118.000,39.491000,3.339000,126.650932,3805,563,0,229,441,3486,49,0
43.347797,12.378000,118.000,39.491000,3.339000,126.651413,3805,563,0,228,441,3486,49,0
43.352991,5.194000,118.000,39.491000,3.339000,126.653557,3808,563,0,228,441,3486,49,0
43.364414,11.423000,118.000,39.491000,3.339000,126.654037,3808,563,0,228,441,3486,49,0
43.369048,4.634000,118.000,39.491000,3.339000,126.662235,3821,563,0,227,441,3486,49,0
43.381060,12.012000,118.000,39.491000,3.339000,126.662716,3821,563,0,227,441,3486,49,0
43.384422,3.362000,118.000,39.491000,3.339000,126.663086,3821,563,0,229,441,3486,49,0
43.397776,13.354000,118.000,39.491000,3.339000,126.663567,3821,563,0,229,441,3486,49,0
43.400761,2.985000,118.000,39.491000,3.339000,126.664047,3821,563,0,229,441,3486,49,0
43.416221,15.460000,118.000,39.491000,3.339000,126.664528,3821,563,0,229,441,3486,49,0
43.418306,2.085000,118.000,39.491000,3.339000,126.665009,3821,563,0,229,441,3486,49,0
43.460569,42.263000,118.000,39.491000,3.339000,126.808022,3959,572,0,237,485,3574,49,0
43.465597,5.028000,118.000,39.491000,3.339000,126.808338,3959,572,0,237,483,3570,49,0
43.468123,2.526000,118.000,39.491000,3.339000,126.732643,3851,572,0,203,449,3502,49,0
43.481870,13.747000,118.000,39.491000,3.339000,126.731483,3848,572,0,203,449,3502,49,0
43.484559,2.689000,118.000,39.491000,3.339000,126.731918,3848,572,0,203,449,3502,49,0
43.498849,14.290000,118.000,39.491000,3.339000,126.732456,3848,572,0,203,449,3502,49,0
43.501604,2.755000,118.000,39.491000,3.339000,126.732937,3848,572,0,204,449,3502,49,0
43.515804,14.200000,118.000,39.491000,3.339000,126.730068,3842,572,0,204,449,3502,49,0
43.518396,2.592000,118.000,39.491000,3.339000,126.730549,3842,572,0,204,449,3502,49,0
43.531914,13.518000,118.000,39.491000,3.339000,126.729389,3839,572,0,204,449,3502,49,0
43.534496,2.582000,118.000,39.491000,3.339000,126.729870,3839,572,0,204,449,3502,49,0
43.548818,14.322000,118.000,39.491000,3.339000,126.732025,3842,572,0,204,449,3502,49,0
43.551422,2.604000,118.000,39.491000,3.339000,126.732506,3842,572,0,204,449,3502,49,0
43.565525,14.103000,118.000,39.491000,3.339000,126.730484,3838,572,0,203,413,3430,49,0
43.568034,2.509000,118.000,39.491000,3.339000,126.726501,3836,572,0,203,413,3430,49,0
43.582130,14.096000,118.000,39.491000,3.339000,126.725437,3833,572,0,203,413,3430,49,0
43.584567,2.437000,118.000,39.491000,3.339000,126.683491,3833,572,0,202,413,3430,49,0
43.599548,14.981000,118.000,39.491000,3.339000,126.682331,3830,572,0,202,413,3430,49,0
43.602130,2.582000,118.000,39.491000,3.339000,126.682812,3830,572,0,202,413,3430,49,0
43.615985,13.855000,118.000,39.491000,3.339000,126.683277,3830,572,0,202,413,3430,49,0
43.618697,2.712000,118.000,39.491000,3.339000,126.683758,3830,572,0,203,413,3430,49,0
43.632830,14.133000,118.000,39.491000,3.339000,126.684414,3830,572,0,203,413,3430,49,0
43.635707,2.877000,118.000,39.491000,3.339000,126.684208,3830,572,0,202,413,3430,49,0
43.649910,14.203000,118.000,39.491000,3.339000,126.681202,3824,572,0,202,413,3430,49,0
43.652955,3.045000,118.000,39.491000,3.339000,126.678356,3818,572,0,201,412,3428,49,0
43.665890,12.935000,112.000,45.879000,2.720000,126.678791,3818,572,0,201,412,3428,49,0
43.668258,2.368000,112.000,45.879000,2.720000,126.679226,3818,572,0,199,410,3424,49,0
43.682507,14.249000,112.000,45.879000,2.720000,126.681305,3821,572,0,198,409,3422,49,0
43.685277,2.770000,112.000,45.879000,2.720000,126.672035,3818,568,0,198,409,3422,49,0
43.699788,14.511000,112.000,45.879000,2.720000,126.669098,3813,568,0,198,409,3422,49,0
43.703069,3.281000,112.000,45.879000,2.720000,126.670242,3814,568,0,197,407,3418,49,0
43.715996,12.927000,112.000,45.879000,2.720000,126.669956,3813,568,0,196,406,3416,49,0
43.718456,2.460000,112.000,45.879000,2.720000,126.654903,3804,563,0,195,405,3414,49,0
43.732583,14.127000,112.000,45.879000,2.720000,126.645756,3788,563,0,195,405,3414,49,0
43.735030,2.447000,112.000,45.879000,2.720000,126.646236,3788,563,0,195,405,3414,49,0
43.749789,14.759000,112.000,45.879000,2.720000,126.696335,3790,563,0,230,460,3524,49,0
43.753162,3.373000,112.000,45.879000,2.720000,126.696815,3790,563,0,230,460,3524,49,0
43.765839,12.677000,112.000,45.879000,2.720000,126.691444,3790,563,0,218,448,3500,49,0
43.770661,4.822000,112.000,45.879000,2.720000,126.692589,3791,563,0,218,448,3500,49,0
43.782322,11.661000,112.000,45.879000,2.720000,126.692410,3790,563,0,218,448,3500,49,0
43.785152,2.830000,112.000,45.879000,2.720000,126.692890,3790,563,0,218,448,3500,49,0
43.799879,14.727000,112.000,45.879000,2.720000,126.694969,3793,563,0,218,448,3500,49,0
43.803229,3.350000,112.000,45.879000,2.720000,126.695450,3793,563,0,218,448,3500,49,0
43.818565,15.336000,112.000,45.879000,2.720000,126.695923,3793,563,0,218,448,3500,49,0
43.821382,2.817000,112.000,45.879000,2.720000,126.696404,3793,563,0,218,448,3500,49,0
43.825615,4.233000,112.000,45.879000,2.720000,126.696884,3793,563,0,218,448,3500,49,0
43.842590,16.975000,112.000,45.879000,2.720000,126.698769,3794,563,0,218,448,3500,49,0
43.845814,3.224000,112.000,45.879000,2.720000,126.699203,3794,563,0,218,448,3500,49,0
43.858006,12.192000,112.000,45.879000,2.720000,126.700390,3795,563,0,218,448,3500,49,0
43.864450,6.444000,112.000,45.879000,2.720000,126.700871,3795,563,0,218,448,3500,49,0
43.868995,4.545000,112.000,45.879000,2.720000,126.700630,3795,563,0,218,448,3500,49,0
43.880983,11.988000,112.000,45.879000,2.720000,126.701111,3795,563,0,218,448,3500,49,0
43.884468,3.485000,112.000,45.879000,2.720000,126.701591,3795,563,0,218,448,3500,49,0
43.898844,14.376000,112.000,45.879000,2.720000,126.702682,3796,563,0,217,427,3458,49,0
43.903057,4.213000,112.000,45.879000,2.720000,126.698120,3793,563,0,217,427,3458,49,0
43.915390,12.333000,112.000,45.879000,2.720000,126.670471,3794,563,0,217,427,3458,49,0
43.917471,2.081000,112.000,45.879000,2.720000,126.669266,3791,563,0,217,427,3458,49,0
43.934572,17.101000,112.000,45.879000,2.720000,126.669212,3790,563,0,217,427,3458,49,0
43.936647,2.075000,112.000,45.879000,2.720000,126.668053,3787,563,0,216,427,3458,49,0
43.950001,13.354000,112.000,45.879000,2.720000,126.668549,3787,563,0,216,427,3458,49,0
43.952007,2.006000,112.000,45.879000,2.720000,126.669029,3787,563,0,216,427,3458,49,0
43.966895,14.888000,112.000,45.879000,2.720000,126.670162,3787,563,0,216,427,3458,49,1
43.969066,2.171000,112.000,45.879000,2.720000,126.670643,3787,563,0,216,427,3458,49,1
43.984830,15.764000,112.000,45.879000,2.720000,126.682323,3800,563,0,216,427,3458,49,7
43.987677,2.847000,112.000,45.879000,2.720000,126.682758,3800,563,0,216,427,3458,49,7
43.999104,11.427000,112.000,45.879000,2.720000,126.686272,3800,563,0,216,427,3458,49,8
44.001571,2.467000,112.000,45.879000,2.720000,126.687416,3801,563,0,217,427,3458,49,8
44.016284,14.713000,112.000,45.879000,2.720000,126.691208,3848,555,0,217,427,3458,49,0
44.018605,2.321000,112.000,45.879000,2.720000,126.664307,3805,555,0,224,427,3458,49,0
44.034528,15.923000,112.000,45.879000,2.720000,126.666435,3808,555,0,224,427,3458,49,0
44.076738,42.210000,112.000,45.879000,2.720000,126.820473,3950,564,0,245,485,3574,49,0
44.084334,7.596000,112.000,45.879000,2.720000,126.820942,3950,564,0,245,485,3574,49,0
44.088205,3.871000,112.000,45.879000,2.720000,126.748245,3851,564,0,207,447,3498,49,0
44.092214,4.009000,112.000,45.879000,2.720000,126.748726,3851,564,0,207,447,3498,49,0
44.107013,14.799000,112.000,45.879000,2.720000,126.749207,3851,564,0,207,447,3498,49,0
44.115308,8.295000,112.000,45.879000,2.720000,126.749687,3851,564,0,207,447,3498,49,0
44.117099,1.791000,112.000,45.879000,2.720000,126.750168,3851,564,0,207,447,3498,49,0
44.133071,15.972000,112.000,45.879000,2.720000,126.750648,3851,564,0,207,447,3498,49,0
44.135198,2.127000,112.000,45.879000,2.720000,126.751129,3851,564,0,207,447,3498,49,0
44.150006,14.808000,112.000,45.879000,2.720000,126.753284,3854,564,0,207,447,3498,49,0
44.152153,2.147000,112.000,45.879000,2.720000,126.753765,3854,564,0,207,447,3498,49,0
44.166450,14.297000,112.000,45.879000,2.720000,126.755020,3856,564,0,199,439,3482,49,0
44.168433,1.983000,112.000,45.879000,2.720000,126.755455,3856,564,0,198,403,3410,49,0
44.182339,13.906000,112.000,45.879000,2.720000,126.755936,3856,564,0,198,403,3410,49,0
44.184614,2.275000,112.000,45.879000,2.720000,126.756363,3856,564,0,198,403,3410,49,0
44.199103,14.489000,112.000,45.879000,2.720000,126.707253,3854,564,0,198,403,3410,49,0
44.201136,2.033000,112.000,45.879000,2.720000,126.706093,3851,564,0,198,403,3410,49,0
44.215600,14.464000,112.000,45.879000,2.720000,126.706573,3851,564,0,198,403,3410,49,0
44.218657,3.057000,112.000,45.879000,2.720000,126.707649,3852,564,0,198,403,3410,49,0
44.232404,13.747000,112.000,45.879000,2.720000,126.707508,3851,564,0,198,403,3410,49,0
44.234884,2.480000,112.000,45.879000,2.720000,126.707989,3851,564,0,197,403,3410,49,0
44.248957,14.073000,112.000,45.879000,2.720000,126.707813,3851,564,0,197,403,3410,49,0
44.251396,2.439000,112.000,45.879000,2.720000,126.703152,3842,564,0,197,403,3410,49,0
44.265540,14.144000,112.000,45.879000,2.720000,126.702007,3839,564,0,188,394,3392,49,0
44.267954,2.414000,112.000,45.879000,2.720000,126.617977,3799,540,0,188,394,3392,49,0
44.282074,14.120000,112.000,45.879000,2.720000,126.588886,3751,540,0,186,392,3388,49,0
44.284450,2.376000,112.000,45.879000,2.720000,126.589367,3751,540,0,185,391,3386,49,0
44.298886,14.436000,112.000,45.879000,2.720000,126.581017,3750,536,0,185,391,3386,49,0
44.301338,2.452000,112.000,45.879000,2.720000,126.577148,3743,536,0,185,391,3386,49,0
44.315215,13.877000,112.000,45.879000,2.720000,126.577625,3743,536,0,183,389,3382,49,0
44.321943,6.728000,112.000,45.879000,2.720000,126.574741,3737,536,0,182,388,3380,49,0
44.332495,10.552000,112.000,45.879000,2.720000,126.561371,3731,531,0,181,387,3378,49,0
44.335022,2.527000,112.000,45.879000,2.720000,126.554829,3720,531,0,181,387,3378,49,0
44.353316,18.294000,112.000,45.879000,2.720000,126.558598,3726,531,0,181,387,3378,49,0
44.367309,13.993000,112.000,45.879000,2.720000,126.608654,3727,531,0,221,445,3494,49,0
44.373539,6.230000,112.000,45.879000,2.720000,126.612392,3733,531,0,187,411,3426,49,0
44.376253,2.714000,112.000,45.879000,2.720000,126.596336,3733,531,0,187,411,3426,49,0
44.390440,14.187000,112.000,45.879000,2.720000,126.596859,3733,531,0,187,411,3426,49,0
44.397620,7.180000,112.000,45.879000,2.720000,126.597958,3734,531,0,187,411,3426,49,0
44.402367,4.747000,112.000,45.879000,2.720000,126.594429,3727,531,0,187,411,3426,49,0
44.463970,61.603000,112.000,45.879000,2.720000,126.598160,3733,531,0,187,411,3426,49,0
44.469382,5.412000,112.000,45.879000,2.720000,126.598633,3733,531,0,187,411,3426,49,0
44.481994,12.612000,112.000,45.879000,2.720000,126.599037,3733,531,0,187,411,3426,49,0
44.485633,3.639000,112.000,45.879000,2.720000,126.599518,3733,531,0,187,411,3426,49,0
44.499117,13.484000,112.000,45.879000,2.720000,126.724510,3816,563,0,187,411,3426,49,0
44.501400,2.283000,112.000,45.879000,2.720000,126.726395,3814,563,0,195,407,3418,49,0
44.515553,14.153000,112.000,45.879000,2.720000,126.726727,3814,563,0,195,407,3418,49,0
44.517754,2.201000,112.000,45.879000,2.720000,126.699711,3814,563,0,195,407,3418,49,0
44.532203,14.449000,112.000,45.879000,2.720000,126.700241,3814,563,0,195,407,3418,49,0
44.534390,2.187000,112.000,45.879000,2.720000,126.700722,3814,563,0,195,407,3418,49,0
44.548984,14.594000,112.000,45.879000,2.720000,126.701149,3814,563,0,195,407,3418,49,0
44.551342,2.358000,112.000,45.879000,2.720000,126.701630,3814,563,0,195,407,3418,49,0
44.565474,14.132000,112.000,45.879000,2.720000,126.700470,3811,563,0,195,407,3418,49,0
44.567623,2.149000,112.000,45.879000,2.720000,126.700951,3811,563,0,195,407,3418,49,0
44.582502,14.879000,112.000,45.879000,2.720000,126.707523,3821,563,0,195,407,3418,49,0
44.585073,2.571000,112.000,45.879000,2.720000,126.708004,3821,563,0,195,407,3418,49,0
44.599078,14.005000,112.000,45.879000,2.720000,126.705063,3815,563,0,195,407,3418,49,0
44.601606,2.528000,112.000,45.879000,2.720000,126.705544,3815,563,0,195,407,3418,49,0
44.615618,14.012000,112.000,45.879000,2.720000,126.704430,3812,563,0,195,407,3418,49,0
44.617911,2.293000,112.000,45.879000,2.720000,126.704910,3812,563,0,195,407,3418,49,0
44.632380,14.469000,112.000,45.879000,2.720000,126.707176,3815,563,0,195,407,3418,49,0
44.671693,39.313000,112.000,45.879000,2.720000,126.865635,3951,572,0,238,487,3578,49,0
44.674770,3.077000,107.000,58.537000,2.096000,126.860279,3951,572,0,226,473,3550,49,0
44.690306,15.536000,107.000,58.537000,2.096000,126.866444,3951,572,0,238,485,3574,49,0
44.693058,2.752000,107.000,58.537000,2.096000,126.808926,3846,572,0,238,485,3574,49,0
44.706869,13.811000,107.000,58.537000,2.096000,126.809406,3846,572,0,238,485,3574,49,0
44.715223,8.354000,107.000,58.537000,2.096000,126.809910,3846,572,0,238,485,3574,49,0
44.717865,2.642000,107.000,58.537000,2.096000,126.810390,3846,572,0,238,485,3574,49,0
44.731982,14.117000,107.000,58.537000,2.096000,126.810871,3846,572,0,238,485,3574,49,0
44.734675,2.693000,107.000,58.537000,2.096000,126.809711,3843,572,0,238,485,3574,49,0
44.748853,14.178000,107.000,58.537000,2.096000,126.810238,3843,572,0,238,485,3574,49,0
44.751664,2.811000,107.000,58.537000,2.096000,126.810719,3843,572,0,238,485,3574,49,0
44.765171,13.507000,107.000,58.537000,2.096000,126.811199,3843,572,0,238,485,3574,49,0
44.769322,4.151000,107.000,58.537000,2.096000,126.811802,3843,572,0,238,485,3574,49,0
44.781034,11.712000,107.000,58.537000,2.096000,126.809727,3839,572,0,238,485,3574,49,0
44.785094,4.060000,107.000,58.537000,2.096000,126.807468,3840,572,0,237,449,3502,49,0
44.797777,12.683000,107.000,58.537000,2.096000,126.807949,3840,572,0,237,449,3502,49,0
44.801979,4.202000,107.000,58.537000,2.096000,126.766048,3840,572,0,237,449,3502,49,0
44.814406,12.427000,107.000,58.537000,2.096000,126.763248,3834,572,0,237,449,3502,49,0
44.818967,4.561000,107.000,58.537000,2.096000,126.763969,3834,572,0,237,449,3502,49,0
44.832532,13.565000,107.000,58.537000,2.096000,126.764530,3834,572,0,236,449,3502,49,0
44.835031,2.499000,107.000,58.537000,2.096000,126.765011,3834,572,0,236,449,3502,49,0
44.849226,14.195000,107.000,58.537000,2.096000,126.765537,3834,572,0,236,449,3502,49,0
44.851873,2.647000,107.000,58.537000,2.096000,126.765377,3834,572,0,235,449,3502,49,0
44.865986,14.113000,107.000,58.537000,2.096000,126.762333,3828,572,0,235,449,3502,49,0
44.868529,2.543000,107.000,58.537000,2.096000,126.762814,3828,572,0,234,448,3500,49,0
44.882439,13.910000,107.000,58.537000,2.096000,126.764900,3831,572,0,234,448,3500,49,0
44.884924,2.485000,107.000,58.537000,2.096000,126.765381,3831,572,0,232,446,3496,49,0
44.899408,14.484000,107.000,58.537000,2.096000,126.765858,3831,572,0,232,446,3496,49,0
44.901997,2.589000,107.000,58.537000,2.096000,126.755924,3827,568,0,233,445,3494,49,0
44.916009,14.012000,107.000,58.537000,2.096000,126.751995,3820,568,0,233,445,3494,49,0
44.918528,2.519000,107.000,58.537000,2.096000,126.752476,3820,568,0,231,443,3490,49,0
44.932320,13.792000,107.000,58.537000,2.096000,126.752918,3820,568,0,230,442,3488,49,0
44.934730,2.410000,107.000,58.537000,2.096000,126.751484,3817,568,0,229,441,3486,49,0
44.948937,14.207000,107.000,58.537000,2.096000,126.738255,3811,563,0,229,441,3486,49,0
44.951510,2.573000,107.000,58.537000,2.096000,126.732418,3801,563,0,229,441,3486,49,0
44.965177,13.667000,107.000,58.537000,2.096000,126.767288,3803,563,0,230,463,3530,49,0
44.967908,2.731000,107.000,58.537000,2.096000,126.767769,3803,563,0,230,463,3530,49,0
44.982147,14.239000,107.000,58.537000,2.096000,126.749783,3803,563,0,192,425,3454,49,0
44.984679,2.532000,107.000,58.537000,2.096000,126.750263,3803,563,0,192,425,3454,49,0
44.998874,14.195000,107.000,58.537000,2.096000,126.749104,3800,563,0,192,425,3454,49,0
45.001452,2.578000,107.000,58.537000,2.096000,126.749584,3800,563,0,192,425,3454,49,0
45.015481,14.029000,107.000,58.537000,2.096000,126.748440,3797,563,0,192,425,3454,49,0
45.017984,2.503000,107.000,58.537000,2.096000,126.748920,3797,563,0,192,425,3454,49,0
45.032062,14.078000,107.000,58.537000,2.096000,126.749416,3797,563,0,192,425,3454,49,0
45.034449,2.387000,107.000,58.537000,2.096000,126.749897,3797,563,0,192,425,3454,49,0
45.048889,14.440000,107.000,58.537000,2.096000,126.752045,3800,563,0,192,425,3454,49,0
45.051295,2.406000,107.000,58.537000,2.096000,126.752525,3800,563,0,192,425,3454,49,0
45.065578,14.283000,107.000,58.537000,2.096000,126.752983,3800,563,0,192,425,3454,49,0
45.067947,2.369000,107.000,58.537000,2.096000,126.753464,3800,563,0,192,425,3454,49,0
45.082146,14.199000,107.000,58.537000,2.096000,126.753914,3800,563,0,192,425,3454,49,0
45.084545,2.399000,107.000,58.537000,2.096000,126.754395,3800,563,0,192,425,3454,49,0
45.098579,14.034000,107.000,58.537000,2.096000,126.754871,3800,563,0,192,425,3454,49,0
45.101029,2.450000,107.000,58.537000,2.096000,126.755299,3800,563,0,191,403,3410,49,0
45.115077,14.048000,107.000,58.537000,2.096000,126.749775,3795,563,0,191,403,3410,49,0
45.117443,2.366000,107.000,58.537000,2.096000,126.750256,3795,563,0,191,403,3410,49,0
45.132317,14.874000,107.000,58.537000,2.096000,126.722282,3798,563,0,191,403,3410,49,0
45.134522,2.205000,107.000,58.537000,2.096000,126.722763,3798,563,0,190,403,3410,49,0
45.148684,14.162000,107.000,58.537000,2.096000,126.724411,3798,563,0,190,403,3410,49,2
45.150667,1.983000,107.000,58.537000,2.096000,126.724892,3798,563,0,190,403,3410,49,2
45.165354,14.687000,107.000,58.537000,2.096000,126.731647,3804,563,0,190,403,3410,49,7
45.167654,2.300000,107.000,58.537000,2.096000,126.732128,3804,563,0,190,403,3410,49,7
45.182054,14.400000,107.000,58.537000,2.096000,126.735664,3804,563,0,190,403,3410,49,8
45.184532,2.478000,107.000,58.537000,2.096000,126.742149,3814,563,0,190,403,3410,49,8
45.199149,14.617000,107.000,58.537000,2.096000,126.746605,3862,555,0,190,403,3410,49,0
45.201280,2.131000,107.000,58.537000,2.096000,126.721344,3822,555,0,197,403,3410,49,0
45.215384,14.104000,107.000,58.537000,2.096000,126.721832,3822,555,0,197,403,3410,49,0
45.217674,2.290000,107.000,58.537000,2.096000,126.722313,3822,555,0,197,403,3410,49,0
45.232157,14.483000,107.000,58.537000,2.096000,126.724335,3825,555,0,197,403,3410,49,0
45.234526,2.369000,107.000,58.537000,2.096000,126.724815,3825,555,0,197,403,3410,49,0
45.270652,36.126000,107.000,58.537000,2.096000,126.889313,3968,564,0,244,489,3582,49,0
45.281969,11.317000,107.000,58.537000,2.096000,126.873165,3968,564,0,211,453,3510,49,0
45.289239,7.270000,107.000,58.537000,2.096000,126.890003,3968,564,0,244,487,3578,49,0
45.293497,4.258000,107.000,58.537000,2.096000,126.833607,3865,564,0,244,487,3578,49,0
45.305874,12.377000,107.000,58.537000,2.096000,126.828251,3865,564,0,232,475,3554,49,0
45.315186,9.312000,107.000,58.537000,2.096000,126.828732,3865,564,0,232,475,3554,49,0
45.318474,3.288000,107.000,58.537000,2.096000,126.829212,3865,564,0,232,475,3554,49,0
45.332020,13.546000,107.000,58.537000,2.096000,126.829693,3865,564,0,232,475,3554,49,0
45.339227,7.207000,107.000,58.537000,2.096000,126.828487,3862,564,0,232,475,3554,49,0
45.343110,3.883000,107.000,58.537000,2.096000,126.828968,3862,564,0,232,475,3554,49,0
45.356226,13.116000,107.000,58.537000,2.096000,126.829403,3862,564,0,233,475,3554,49,0
45.365489,9.263000,107.000,58.537000,2.096000,126.829792,3862,564,0,225,467,3538,49,0
45.368117,2.628000,107.000,58.537000,2.096000,126.828632,3859,564,0,225,467,3538,49,0
45.381903,13.786000,107.000,58.537000,2.096000,126.829060,3859,564,0,225,467,3538,49,0
45.384919,3.016000,107.000,58.537000,2.096000,126.822628,3853,564,0,224,467,3538,49,0
45.398768,13.849000,107.000,58.537000,2.096000,126.824780,3856,564,0,223,431,3466,49,0
45.401154,2.386000,107.000,58.537000,2.096000,126.821980,3850,564,0,223,431,3466,49,0
45.415150,13.996000,107.000,58.537000,2.096000,126.822430,3850,564,0,223,431,3466,49,0
45.417598,2.448000,107.000,58.537000,2.096000,126.780483,3850,564,0,223,431,3466,49,0
45.432224,14.626000,107.000,58.537000,2.096000,126.782665,3853,564,0,223,431,3466,49,0
45.434804,2.580000,107.000,58.537000,2.096000,126.783146,3853,564,0,224,431,3466,49,0
45.449029,14.225000,107.000,58.537000,2.096000,126.786888,3859,564,0,224,431,3466,49,0
45.451834,2.805000,107.000,58.537000,2.096000,126.787369,3859,564,0,224,431,3466,49,0
45.465867,14.033000,107.000,58.537000,2.096000,126.791161,3865,564,0,216,423,3450,49,0
45.468599,2.732000,107.000,58.537000,2.096000,126.704895,3822,540,0,216,423,3450,49,0
45.482390,13.791000,107.000,58.537000,2.096000,126.673897,3771,540,0,216,423,3450,49,0
45.496791,14.401000,107.000,58.537000,2.096000,126.671120,3765,540,0,215,422,3448,49,0
45.501204,4.413000,107.000,58.537000,2.096000,126.671600,3765,540,0,215,422,3448,49,0
45.515667,14.463000,107.000,58.537000,2.096000,126.672066,3765,540,0,213,420,3444,49,0
45.517948,2.281000,107.000,58.537000,2.096000,126.662132,3761,536,0,212,419,3442,49,0
45.532141,14.193000,107.000,58.537000,2.096000,126.659908,3757,536,0,212,419,3442,49,0
45.534516,2.375000,107.000,58.537000,2.096000,126.660389,3757,536,0,209,417,3438,49,0
45.549139,14.623000,107.000,58.537000,2.096000,126.662430,3760,536,0,208,416,3436,49,0
45.551438,2.299000,107.000,58.537000,2.096000,126.661041,3757,536,0,207,415,3434,49,0
45.565586,14.148000,107.000,58.537000,2.096000,126.647804,3751,531,0,207,415,3434,49,0
45.567728,2.142000,107.000,58.537000,2.096000,126.641968,3741,531,0,207,415,3434,49,0
45.581983,14.255000,107.000,58.537000,2.096000,126.682678,3743,531,0,221,449,3502,49,0
45.584544,2.561000,107.000,58.537000,2.096000,126.683159,3743,531,0,221,449,3502,49,0
45.599102,14.558000,107.000,58.537000,2.096000,126.685303,3746,531,0,221,449,3502,49,0
45.601659,2.557000,107.000,58.537000,2.096000,126.685783,3746,531,0,221,449,3502,49,0
45.615680,14.021000,107.000,58.537000,2.096000,126.686256,3746,531,0,221,449,3502,49,0
45.618146,2.466000,107.000,58.537000,2.096000,126.686691,3746,531,0,221,449,3502,49,0
45.631856,13.710000,107.000,58.537000,2.096000,126.687195,3746,531,0,221,449,3502,49,0
45.634400,2.544000,107.000,58.537000,2.096000,126.687675,3746,531,0,221,449,3502,49,0
45.649240,14.840000,107.000,58.537000,2.096000,126.688068,3746,531,0,221,449,3502,49,0
45.652006,2.766000,107.000,58.537000,2.096000,126.688503,3746,531,0,221,449,3502,49,0
45.665721,13.715000,107.000,58.537000,2.096000,126.687313,3743,531,0,221,449,3502,49,0
45.668168,2.447000,115.000,35.203000,1.682000,126.687794,3743,531,0,221,449,3502,49,0
45.682163,13.995000,115.000,35.203000,1.682000,126.688316,3743,531,0,221,449,3502,49,0
45.684980,2.817000,115.000,35.203000,1.682000,126.688797,3743,531,0,221,449,3502,49,0
45.699269,14.289000,115.000,35.203000,1.682000,126.686028,3737,531,0,221,449,3502,49,0
45.708124,8.855000,115.000,35.203000,1.682000,126.809372,3817,563,0,221,449,3502,49,0
45.711239,3.115000,115.000,35.203000,1.682000,126.813972,3814,563,0,230,465,3534,49,0
45.723898,12.659000,115.000,35.203000,1.682000,126.811634,3815,563,0,229,443,3490,49,0
45.730974,7.076000,115.000,35.203000,1.682000,126.812115,3815,563,0,227,441,3486,49,0
45.735928,4.954000,115.000,35.203000,1.682000,126.781670,3815,563,0,227,441,3486,49,0
45.747686,11.758000,115.000,35.203000,1.682000,126.782150,3815,563,0,227,441,3486,49,0
45.752617,4.931000,115.000,35.203000,1.682000,126.780922,3812,563,0,227,441,3486,49,0
45.764192,11.575000,115.000,35.203000,1.682000,126.781403,3812,563,0,227,441,3486,49,0
45.768729,4.537000,115.000,35.203000,1.682000,126.780289,3809,563,0,227,441,3486,49,0
45.780947,12.218000,115.000,35.203000,1.682000,126.780769,3809,563,0,227,441,3486,49,0
45.785087,4.140000,115.000,35.203000,1.682000,126.781204,3809,563,0,227,441,3486,49,0
45.797617,12.530000,115.000,35.203000,1.682000,126.781685,3809,563,0,226,441,3486,49,0
45.801856,4.239000,115.000,35.203000,1.682000,126.788170,3819,563,0,226,441,3486,49,0
45.814372,12.516000,115.000,35.203000,1.682000,126.788651,3819,563,0,226,441,3486,49,0
45.818718,4.346000,115.000,35.203000,1.682000,126.787491,3816,563,0,226,441,3486,49,0
45.830905,12.187000,115.000,35.203000,1.682000,126.787971,3816,563,0,226,441,3486,49,0
45.834632,3.727000,115.000,35.203000,1.682000,126.788498,3816,563,0,227,441,3486,49,0
45.847738,13.106000,115.000,35.203000,1.682000,126.788979,3816,563,0,227,441,3486,49,0
45.852438,4.700000,115.000,35.203000,1.682000,126.789448,3816,563,0,227,441,3486,49,0
45.893523,41.085000,115.000,35.203000,1.682000,126.941959,3966,572,0,238,489,3582,49,0
45.906823,13.300000,115.000,35.203000,1.682000,126.942089,3966,572,0,238,485,3574,49,0
45.915109,8.286000,115.000,35.203000,1.682000,126.865273,3856,572,0,204,451,3506,49,0
45.917633,2.524000,115.000,35.203000,1.682000,126.862473,3850,572,0,204,451,3506,49,0
45.931967,14.334000,115.000,35.203000,1.682000,126.862968,3850,572,0,204,451,3506,49,0
45.935579,3.612000,115.000,35.203000,1.682000,126.863434,3850,572,0,204,451,3506,49,0
45.948593,13.014000,115.000,35.203000,1.682000,126.865582,3853,572,0,204,451,3506,49,0
45.951109,2.516000,115.000,35.203000,1.682000,126.864422,3850,572,0,204,451,3506,49,0
45.965325,14.216000,115.000,35.203000,1.682000,126.866550,3853,572,0,204,451,3506,49,0
45.967754,2.429000,115.000,35.203000,1.682000,126.867031,3853,572,0,204,451,3506,49,0
45.981837,14.083000,115.000,35.203000,1.682000,126.867527,3853,572,0,204,451,3506,49,0
45.984509,2.672000,115.000,35.203000,1.682000,126.868008,3853,572,0,204,451,3506,49,0
45.998617,14.108000,115.000,35.203000,1.682000,126.865932,3849,572,0,204,451,3506,49,0
46.000863,2.246000,115.000,35.203000,1.682000,126.862003,3847,572,0,203,415,3434,49,0
46.015247,14.384000,115.000,35.203000,1.682000,126.862484,3847,572,0,203,415,3434,49,0
46.017479,2.232000,115.000,35.203000,1.682000,126.819004,3847,572,0,203,415,3434,49,0
46.032050,14.571000,115.000,35.203000,1.682000,126.819557,3847,572,0,203,415,3434,49,0
46.034478,2.428000,115.000,35.203000,1.682000,126.819992,3847,572,0,203,415,3434,49,0
46.048956,14.478000,115.000,35.203000,1.682000,126.820522,3847,572,0,203,415,3434,49,0
46.051305,2.349000,115.000,35.203000,1.682000,126.821003,3847,572,0,203,415,3434,49,0
46.065972,14.667000,115.000,35.203000,1.682000,126.821514,3847,572,0,203,415,3434,49,0
46.068345,2.373000,115.000,35.203000,1.682000,126.821995,3847,572,0,203,415,3434,49,0
46.082091,13.746000,115.000,35.203000,1.682000,126.820232,3844,572,0,203,415,3434,49,0
46.084626,2.535000,115.000,35.203000,1.682000,126.815571,3835,572,0,203,415,3434,49,0
46.098962,14.336000,115.000,35.203000,1.682000,126.815945,3835,572,0,202,414,3432,49,0
46.101281,2.319000,115.000,35.203000,1.682000,126.816425,3835,572,0,200,412,3428,49,0
46.115280,13.999000,115.000,35.203000,1.682000,126.816952,3835,572,0,200,412,3428,49,0
46.117322,2.042000,115.000,35.203000,1.682000,126.806973,3831,568,0,199,411,3426,49,0
46.132176,14.854000,115.000,35.203000,1.682000,126.804707,3827,568,0,199,411,3426,49,0
46.134419,2.243000,115.000,35.203000,1.682000,126.805187,3827,568,0,197,409,3422,49,0
46.148514,14.095000,115.000,35.203000,1.682000,126.805691,3827,568,0,197,409,3422,49,0
46.150442,1.928000,115.000,35.203000,1.682000,126.806087,3827,568,0,196,408,3420,49,0
46.165163,14.721000,115.000,35.203000,1.682000,126.790958,3818,563,0,195,407,3418,49,0
46.169142,3.979000,115.000,35.203000,1.682000,126.834785,3810,563,0,230,462,3528,49,0
46.182033,12.891000,115.000,35.203000,1.682000,126.835293,3810,563,0,230,462,3528,49,0
46.184441,2.408000,115.000,35.203000,1.682000,126.835773,3810,563,0,230,462,3528,49,0
46.198361,13.920000,115.000,35.203000,1.682000,126.828793,3807,563,0,218,450,3504,49,0
46.200625,2.264000,115.000,35.203000,1.682000,126.829273,3807,563,0,218,450,3504,49,0
46.215235,14.610000,115.000,35.203000,1.682000,126.831444,3810,563,0,218,450,3504,49,0
46.217646,2.411000,115.000,35.203000,1.682000,126.831924,3810,563,0,218,450,3504,49,0
46.232061,14.415000,115.000,35.203000,1.682000,126.832218,3810,563,0,218,450,3504,49,0
46.234614,2.553000,115.000,35.203000,1.682000,126.832699,3810,563,0,218,450,3504,49,0
46.248661,14.047000,115.000,35.203000,1.682000,126.836533,3816,563,0,218,450,3504,49,0
46.250911,2.250000,115.000,35.203000,1.682000,126.837013,3816,563,0,218,450,3504,49,0
46.264841,13.930000,115.000,35.203000,1.682000,126.837494,3816,563,0,218,450,3504,49,0
46.272589,7.748000,115.000,35.203000,1.682000,126.837975,3816,563,0,218,450,3504,49,0
46.275381,2.792000,115.000,35.203000,1.682000,126.838455,3816,563,0,218,450,3504,49,0
46.290580,15.199000,115.000,35.203000,1.682000,126.838875,3816,563,0,218,450,3504,49,0
46.292975,2.395000,115.000,35.203000,1.682000,126.839310,3816,563,0,218,450,3504,49,0
46.306811,13.836000,115.000,35.203000,1.682000,126.839806,3816,563,0,218,450,3504,49,0
46.314411,7.600000,115.000,35.203000,1.682000,126.835823,3814,563,0,218,450,3504,49,0
46.318417,4.006000,115.000,35.203000,1.682000,126.837959,3817,563,0,217,429,3462,49,0
46.330945,12.528000,115.000,35.203000,1.682000,126.838440,3817,563,0,217,429,3462,49,0
46.334926,3.981000,115.000,35.203000,1.682000,126.813412,3823,563,0,217,429,3462,49,0
46.347733,12.807000,115.000,35.203000,1.682000,126.813892,3823,563,0,217,429,3462,49,0
46.352640,4.907000,115.000,35.203000,1.682000,126.816128,3823,563,0,217,429,3462,49,3
46.364367,11.727000,115.000,35.203000,1.682000,126.814922,3820,563,0,217,429,3462,49,3
46.367271,2.904000,115.000,35.203000,1.682000,126.815403,3820,563,0,217,429,3462,49,3
46.382176,14.905000,115.000,35.203000,1.682000,126.818188,3820,563,0,217,429,3462,49,7
46.384598,2.422000,115.000,35.203000,1.682000,126.818668,3820,563,0,217,429,3462,49,7
46.399156,14.558000,115.000,35.203000,1.682000,126.822174,3820,563,0,217,429,3462,49,8
46.401518,2.362000,115.000,35.203000,1.682000,126.822655,3820,563,0,217,429,3462,49,8
46.416059,14.541000,115.000,35.203000,1.682000,126.827141,3868,555,0,217,429,3462,49,0
46.418497,2.438000,115.000,35.203000,1.682000,126.806244,3835,555,0,224,429,3462,49,0
46.432249,13.752000,115.000,35.203000,1.682000,126.806770,3835,555,0,224,429,3462,49,0
46.434645,2.396000,115.000,35.203000,1.682000,126.807251,3835,555,0,224,429,3462,49,0
46.449328,14.683000,115.000,35.203000,1.682000,126.807732,3835,555,0,224,429,3462,49,0
46.451805,2.477000,115.000,35.203000,1.682000,126.806572,3832,555,0,224,429,3462,49,0
46.465823,14.018000,115.000,35.203000,1.682000,126.807106,3832,555,0,224,429,3462,49,0
46.468288,2.465000,115.000,35.203000,1.682000,126.807587,3832,555,0,224,429,3462,49,0
46.509705,41.417000,115.000,35.203000,1.682000,126.954926,3967,564,0,245,487,3578,49,0
46.515111,5.406000,115.000,35.203000,1.682000,126.953609,3964,564,0,209,449,3502,49,0
46.518551,3.440000,115.000,35.203000,1.682000,126.879169,3860,564,0,209,449,3502,49,0
46.532322,13.771000,115.000,35.203000,1.682000,126.882965,3866,564,0,209,449,3502,49,0
46.534926,2.604000,115.000,35.203000,1.682000,126.883446,3866,564,0,209,449,3502,49,0
46.548634,13.708000,115.000,35.203000,1.682000,126.883953,3866,564,0,209,449,3502,49,0
46.551341,2.707000,115.000,35.203000,1.682000,126.884434,3866,564,0,209,449,3502,49,0
46.565188,13.847000,115.000,35.203000,1.682000,126.881634,3860,564,0,209,449,3502,49,0
46.567506,2.318000,115.000,35.203000,1.682000,126.882114,3860,564,0,201,441,3486,49,0
46.581972,14.466000,115.000,35.203000,1.682000,126.882595,3860,564,0,201,441,3486,49,0
46.584611,2.639000,115.000,35.203000,1.682000,126.883076,3860,564,0,201,441,3486,49,0
46.598923,14.312000,115.000,35.203000,1.682000,126.885113,3863,564,0,201,441,3486,49,0
46.601547,2.624000,115.000,35.203000,1.682000,126.883091,3859,564,0,201,441,3486,49,0
46.615315,13.768000,115.000,35.203000,1.682000,126.885223,3862,564,0,200,405,3414,49,0
46.618079,2.764000,115.000,35.203000,1.682000,126.885651,3862,564,0,200,405,3414,49,0
46.632214,14.135000,115.000,35.203000,1.682000,126.881779,3860,564,0,200,405,3414,49,0
46.634742,2.528000,115.000,35.203000,1.682000,126.839878,3860,564,0,200,405,3414,49,0
46.648985,14.243000,115.000,35.203000,1.682000,126.840359,3860,564,0,200,405,3414,49,0
46.651448,2.463000,115.000,35.203000,1.682000,126.840839,3860,564,0,200,405,3414,49,0
46.665986,14.538000,115.000,35.203000,1.682000,126.843113,3863,564,0,192,397,3398,49,0
46.668617,2.631000,113.000,40.150000,2.081000,126.759129,3823,540,0,191,397,3398,49,0
46.682438,13.821000,113.000,40.150000,2.081000,126.730003,3775,540,0,191,397,3398,49,0
46.684983,2.545000,113.000,40.150000,2.081000,126.729843,3775,540,0,191,397,3398,49,0
46.699332,14.349000,113.000,40.150000,2.081000,126.728466,3772,540,0,191,397,3398,49,0
46.702019,2.687000,113.000,40.150000,2.081000,126.727306,3769,540,0,190,396,3396,49,0
46.716167,14.148000,113.000,40.150000,2.081000,126.727783,3769,540,0,190,396,3396,49,0
46.718768,2.601000,113.000,40.150000,2.081000,126.728264,3769,540,0,188,394,3392,49,0
46.732235,13.467000,113.000,40.150000,2.081000,126.728760,3769,540,0,187,393,3390,49,0
46.734524,2.289000,113.000,40.150000,2.081000,126.717186,3762,536,0,187,393,3390,49,0
46.749781,15.257000,113.000,40.150000,2.081000,126.716549,3761,536,0,187,393,3390,49,0
46.752634,2.853000,113.000,40.150000,2.081000,126.713749,3755,536,0,186,391,3386,49,0
46.766016,13.382000,113.000,40.150000,2.081000,126.710884,3749,536,0,185,390,3384,49,0
46.772581,6.565000,113.000,40.150000,2.081000,126.695831,3740,531,0,184,389,3382,49,0
46.775940,3.359000,113.000,40.150000,2.081000,126.688309,3727,531,0,184,389,3382,49,0
46.791390,15.450000,113.000,40.150000,2.081000,126.741962,3729,531,0,220,448,3500,49,0
46.794603,3.213000,113.000,40.150000,2.081000,126.725861,3729,531,0,186,414,3432,49,0
46.807585,12.982000,113.000,40.150000,2.081000,126.727978,3732,531,0,186,414,3432,49,0
46.814390,6.805000,113.000,40.150000,2.081000,126.728458,3732,531,0,186,414,3432,49,0
46.818869,4.479000,113.000,40.150000,2.081000,126.728931,3732,531,0,186,414,3432,49,0
46.831056,12.187000,113.000,40.150000,2.081000,126.727772,3729,531,0,186,414,3432,49,0
46.835799,4.743000,113.000,40.150000,2.081000,126.728237,3729,531,0,186,414,3432,49,0
46.847742,11.943000,113.000,40.150000,2.081000,126.727077,3726,531,0,186,414,3432,49,0
46.852810,5.068000,113.000,40.150000,2.081000,126.727558,3726,531,0,186,414,3432,49,0
46.864387,11.577000,113.000,40.150000,2.081000,126.727993,3726,531,0,186,414,3432,49,0
46.867632,3.245000,113.000,40.150000,2.081000,126.728474,3726,531,0,186,414,3432,49,0
46.882162,14.530000,113.000,40.150000,2.081000,126.728939,3726,531,0,186,414,3432,49,0
46.884763,2.601000,113.000,40.150000,2.081000,126.729420,3726,531,0,186,414,3432,49,0
46.899507,14.744000,113.000,40.150000,2.081000,126.729931,3726,531,0,186,414,3432,49,0
46.902430,2.923000,113.000,40.150000,2.081000,126.728771,3723,531,0,186,414,3432,49,0
46.916263,13.833000,113.000,40.150000,2.081000,126.852032,3803,563,0,186,414,3432,49,0
46.918948,2.685000,113.000,40.150000,2.081000,126.858326,3803,563,0,195,430,3464,49,0
46.931969,13.021000,113.000,40.150000,2.081000,126.858707,3803,563,0,195,430,3464,49,0
46.934475,2.506000,113.000,40.150000,2.081000,126.853138,3798,563,0,194,407,3418,49,0
46.949209,14.734000,113.000,40.150000,2.081000,126.855293,3801,563,0,194,407,3418,49,0
46.951974,2.765000,113.000,40.150000,2.081000,126.855774,3801,563,0,194,407,3418,49,0
46.966006,14.032000,113.000,40.150000,2.081000,126.826622,3804,563,0,194,407,3418,49,0
46.968240,2.234000,113.000,40.150000,2.081000,126.827103,3804,563,0,193,407,3418,49,0
46.982308,14.068000,113.000,40.150000,2.081000,126.827518,3804,563,0,193,407,3418,49,0
46.984745,2.437000,113.000,40.150000,2.081000,126.824718,3798,563,0,193,407,3418,49,0
46.999978,15.233000,113.000,40.150000,2.081000,126.825184,3798,563,0,193,407,3418,49,0
47.003062,3.084000,113.000,40.150000,2.081000,126.825665,3798,563,0,193,407,3418,49,0
47.016133,13.071000,113.000,40.150000,2.081000,126.826160,3798,563,0,193,407,3418,49,0
47.018632,2.499000,113.000,40.150000,2.081000,126.826641,3798,563,0,194,407,3418,49,0
47.032176,13.544000,113.000,40.150000,2.081000,126.833126,3808,563,0,194,407,3418,49,0
47.034698,2.522000,113.000,40.150000,2.081000,126.833607,3808,563,0,194,407,3418,49,0
47.050088,15.390000,113.000,40.150000,2.081000,126.834106,3808,563,0,194,407,3418,49,0
47.053175,3.087000,113.000,40.150000,2.081000,126.834587,3808,563,0,195,407,3418,49,0
47.065821,12.646000,113.000,40.150000,2.081000,126.836739,3811,563,0,195,407,3418,49,0
47.068522,2.701000,113.000,40.150000,2.081000,126.837219,3811,563,0,195,407,3418,49,0
47.082351,13.829000,113.000,40.150000,2.081000,126.837681,3811,563,0,195,407,3418,49,0
47.130703,48.352000,113.000,40.150000,2.081000,126.996788,3948,572,0,238,489,3582,49,0
47.135117,4.414000,113.000,40.150000,2.081000,126.997116,3948,572,0,238,487,3578,49,0
47.148553,13.436000,113.000,40.150000,2.081000,126.939667,3843,572,0,238,487,3578,49,0
47.151125,2.572000,113.000,40.150000,2.081000,126.940147,3843,572,0,238,487,3578,49,0
47.165266,14.141000,113.000,40.150000,2.081000,126.938896,3840,572,0,238,487,3578,49,0
47.167712,2.446000,113.000,40.150000,2.081000,126.939377,3840,572,0,238,487,3578,49,0
47.181905,14.193000,113.000,40.150000,2.081000,126.938217,3837,572,0,238,487,3578,49,0
47.184815,2.910000,113.000,40.150000,2.081000,126.938698,3837,572,0,238,487,3578,49,0
47.198678,13.863000,113.000,40.150000,2.081000,126.939178,3837,572,0,238,487,3578,49,0
47.201394,2.716000,113.000,40.150000,2.081000,126.939659,3837,572,0,238,487,3578,49,0
47.215483,14.089000,113.000,40.150000,2.081000,126.939289,3836,572,0,238,487,3578,49,0
47.217862,2.379000,113.000,40.150000,2.081000,126.939770,3836,572,0,237,451,3506,49,0
47.231765,13.903000,113.000,40.150000,2.081000,126.940250,3836,572,0,237,451,3506,49,0
47.234255,2.490000,113.000,40.150000,2.081000,126.940678,3836,572,0,237,451,3506,49,0
47.249230,14.975000,113.000,40.150000,2.081000,126.894489,3834,572,0,237,451,3506,49,0
47.251850,2.620000,113.000,40.150000,2.081000,126.894924,3834,572,0,237,451,3506,49,0
47.265719,13.869000,113.000,40.150000,2.081000,126.896965,3837,572,0,237,451,3506,49,0
47.272690,6.971000,113.000,40.150000,2.081000,126.895805,3834,572,0,237,451,3506,49,0
47.276236,3.546000,113.000,40.150000,2.081000,126.896240,3834,572,0,237,451,3506,49,0
47.291123,14.887000,113.000,40.150000,2.081000,126.895096,3831,572,0,237,451,3506,49,0
47.294144,3.021000,113.000,40.150000,2.081000,126.894936,3831,572,0,237,451,3506,49,0
47.307835,13.691000,113.000,40.150000,2.081000,126.893799,3828,572,0,237,451,3506,49,0
47.314390,6.555000,113.000,40.150000,2.081000,126.894279,3828,572,0,236,450,3504,49,0
47.318964,4.574000,113.000,40.150000,2.081000,126.894718,3828,572,0,236,450,3504,49,0
47.331017,12.053000,113.000,40.150000,2.081000,126.895199,3828,572,0,234,448,3500,49,0
47.335270,4.253000,113.000,40.150000,2.081000,126.899052,3834,572,0,234,448,3500,49,0
47.347719,12.449000,113.000,40.150000,2.081000,126.889072,3830,568,0,233,447,3498,49,0
47.352110,4.391000,113.000,40.150000,2.081000,126.885143,3823,568,0,233,447,3498,49,0
47.364381,12.271000,113.000,40.150000,2.081000,126.885578,3823,568,0,231,445,3494,49,0
47.367225,2.844000,113.000,40.150000,2.081000,126.886059,3823,568,0,231,445,3494,49,0
47.382096,14.871000,113.000,40.150000,2.081000,126.886440,3823,568,0,230,444,3492,49,0
47.384614,2.518000,113.000,40.150000,2.081000,126.871387,3814,563,0,229,443,3490,49,0
47.398994,14.380000,113.000,40.150000,2.081000,126.865520,3804,563,0,229,443,3490,49,0
47.401415,2.421000,113.000,40.150000,2.081000,126.866001,3804,563,0,229,443,3490,49,0
47.415366,13.951000,113.000,40.150000,2.081000,126.899952,3809,563,0,194,427,3458,49,0
47.417741,2.375000,113.000,40.150000,2.081000,126.882923,3809,563,0,194,427,3458,49,0
47.432085,14.344000,113.000,40.150000,2.081000,126.886715,3815,563,0,194,427,3458,49,0
47.434602,2.517000,113.000,40.150000,2.081000,126.887196,3815,563,0,194,427,3458,49,0
47.448813,14.211000,113.000,40.150000,2.081000,126.887657,3815,563,0,194,427,3458,49,0
47.450963,2.150000,113.000,40.150000,2.081000,126.886497,3812,563,0,194,427,3458,49,0
47.465345,14.382000,113.000,40.150000,2.081000,126.886978,3812,563,0,194,427,3458,49,0
47.467549,2.204000,113.000,40.150000,2.081000,126.887459,3812,563,0,194,427,3458,49,0
47.482048,14.499000,113.000,40.150000,2.081000,126.887924,3812,563,0,194,427,3458,49,0
47.484711,2.663000,113.000,40.150000,2.081000,126.888405,3812,563,0,194,427,3458,49,0
47.498896,14.185000,113.000,40.150000,2.081000,126.888885,3812,563,0,194,427,3458,49,0
47.501162,2.266000,113.000,40.150000,2.081000,126.887726,3809,563,0,194,427,3458,49,0
47.515499,14.337000,113.000,40.150000,2.081000,126.888222,3809,563,0,194,427,3458,49,0
47.518063,2.564000,113.000,40.150000,2.081000,126.888702,3809,563,0,194,427,3458,49,0
47.532030,13.967000,113.000,40.150000,2.081000,126.889183,3809,563,0,194,427,3458,49,0
47.534731,2.701000,113.000,40.150000,2.081000,126.889618,3809,563,0,194,427,3458,49,0
47.548806,14.075000,113.000,40.150000,2.081000,126.888390,3806,563,0,194,427,3458,49,0
47.551083,2.277000,113.000,40.150000,2.081000,126.884460,3804,563,0,193,407,3418,49,0
47.565655,14.572000,113.000,40.150000,2.081000,126.888966,3807,563,0,193,407,3418,49,4
47.567975,2.320000,113.000,40.150000,2.081000,126.885193,3801,563,0,191,405,3414,49,4
47.582202,14.227000,113.000,40.150000,2.081000,126.860588,3801,563,0,191,405,3414,49,8
47.584626,2.424000,113.000,40.150000,2.081000,126.861069,3801,563,0,190,405,3414,49,8
47.599014,14.388000,113.000,40.150000,2.081000,126.865685,3804,563,0,190,405,3414,49,8
47.601465,2.451000,113.000,40.150000,2.081000,126.866165,3804,563,0,191,405,3414,49,8
47.616226,14.761000,113.000,40.150000,2.081000,126.873981,3858,555,0,191,405,3414,49,0
47.618583,2.357000,113.000,40.150000,2.081000,126.848721,3818,555,0,198,405,3414,49,0
47.632294,13.711000,113.000,40.150000,2.081000,126.852543,3824,555,0,198,405,3414,49,0
47.634896,2.602000,113.000,40.150000,2.081000,126.859028,3834,555,0,198,405,3414,49,0
47.649258,14.362000,113.000,40.150000,2.081000,126.859459,3834,555,0,198,405,3414,49,0
47.651606,2.348000,113.000,40.150000,2.081000,126.859940,3834,555,0,198,405,3414,49,0
47.665962,14.356000,113.000,40.150000,2.081000,126.857117,3828,555,0,198,405,3414,49,0
47.668261,2.299000,115.000,45.889000,2.358000,126.857597,3828,555,0,197,405,3414,49,0
47.682029,13.768000,115.000,45.889000,2.358000,126.858124,3828,555,0,197,405,3414,49,0
47.684357,2.328000,115.000,45.889000,2.358000,126.858604,3828,555,0,197,405,3414,49,0
47.731079,46.722000,115.000,45.889000,2.358000,127.023411,3971,564,0,244,489,3582,49,0
47.735890,4.811000,115.000,45.889000,2.358000,127.023529,3971,564,0,244,485,3574,49,0
47.748573,12.683000,115.000,45.889000,2.358000,126.962112,3859,564,0,244,485,3574,49,0
47.751277,2.704000,115.000,45.889000,2.358000,126.955784,3859,564,0,230,471,3546,49,0
47.765123,13.846000,115.000,45.889000,2.358000,126.956264,3859,564,0,222,463,3530,49,0
47.772498,7.375000,115.000,45.889000,2.358000,126.956745,3859,564,0,222,463,3530,49,0
47.775365,2.867000,115.000,45.889000,2.358000,126.955585,3856,564,0,222,463,3530,49,0
47.790256,14.891000,115.000,45.889000,2.358000,126.957718,3859,564,0,222,463,3530,49,0
47.793067,2.811000,115.000,45.889000,2.358000,126.958199,3859,564,0,223,463,3530,49,0
47.807079,14.012000,115.000,45.889000,2.358000,126.958679,3859,564,0,223,463,3530,49,0
47.814363,7.284000,115.000,45.889000,2.358000,126.959160,3859,564,0,223,463,3530,49,0
47.818305,3.942000,115.000,45.889000,2.358000,126.955498,3852,564,0,223,463,3530,49,0
47.830886,12.581000,115.000,45.889000,2.358000,126.955978,3852,564,0,222,427,3458,49,0
47.834929,4.043000,115.000,45.889000,2.358000,126.956451,3852,564,0,222,427,3458,49,0
47.847697,12.768000,115.000,45.889000,2.358000,126.952522,3850,564,0,222,427,3458,49,0
47.852346,4.649000,115.000,45.889000,2.358000,126.907372,3844,564,0,222,427,3458,49,0
47.864355,12.009000,115.000,45.889000,2.358000,126.907852,3844,564,0,222,427,3458,49,0
47.867289,2.934000,115.000,45.889000,2.358000,126.822227,3801,540,0,214,419,3442,49,0
47.882031,14.742000,115.000,45.889000,2.358000,126.813667,3753,540,0,214,419,3442,49,0
47.884641,2.610000,115.000,45.889000,2.358000,127.616631,3753,540,0,214,419,3442,49,0
47.898954,14.313000,115.000,45.889000,2.358000,127.618797,3756,540,0,214,419,3442,49,0
47.901453,2.499000,115.000,45.889000,2.358000,127.619278,3756,540,0,214,419,3442,49,0
47.915735,14.282000,115.000,45.889000,2.358000,127.619137,3756,540,0,214,419,3442,49,0
47.918154,2.419000,115.000,45.889000,2.358000,127.616116,3750,540,0,214,419,3442,49,0
47.932177,14.023000,115.000,45.889000,2.358000,127.613346,3744,540,0,213,418,3440,49,0
47.934543,2.366000,115.000,45.889000,2.358000,127.613827,3744,540,0,213,418,3440,49,0
47.949152,14.609000,115.000,45.889000,2.358000,127.614338,3744,540,0,211,416,3436,49,0
47.951573,2.421000,115.000,45.889000,2.358000,127.614819,3744,540,0,210,415,3434,49,0
47.965568,13.995000,115.000,45.889000,2.358000,127.604824,3740,536,0,210,415,3434,49,0
47.967646,2.078000,115.000,45.889000,2.358000,127.600956,3733,536,0,209,415,3434,49,0
47.982183,14.537000,115.000,45.889000,2.358000,127.599857,3730,536,0,207,413,3430,49,0
47.984497,2.314000,115.000,45.889000,2.358000,127.600254,3730,536,0,207,412,3428,49,0
47.999091,14.594000,115.000,45.889000,2.358000,127.585079,3721,531,0,206,411,3426,49,0
48.001339,2.248000,115.000,45.889000,2.358000,127.579243,3711,531,0,206,411,3426,49,0
48.015401,14.062000,115.000,45.889000,2.358000,127.579708,3711,531,0,206,411,3426,49,0
48.019515,4.114000,115.000,45.889000,2.358000,127.620117,3713,531,0,221,446,3496,49,0
48.032130,12.615000,115.000,45.889000,2.358000,127.620605,3713,531,0,221,446,3496,49,0
48.034637,2.507000,115.000,45.889000,2.358000,127.621040,3713,531,0,221,446,3496,49,0
48.048956,14.319000,115.000,45.889000,2.358000,127.623165,3716,531,0,221,446,3496,49,0
48.051451,2.495000,115.000,45.889000,2.358000,127.623646,3716,531,0,221,446,3496,49,0
48.065674,14.223000,115.000,45.889000,2.358000,127.624218,3716,531,0,221,446,3496,49,0
48.068396,2.722000,115.000,45.889000,2.358000,127.624699,3716,531,0,221,446,3496,49,0
48.082169,13.773000,115.000,45.889000,2.358000,127.621830,3710,531,0,221,446,3496,49,0
48.084888,2.719000,115.000,45.889000,2.358000,127.622311,3710,531,0,221,446,3496,49,0
48.099218,14.330000,115.000,45.889000,2.358000,127.622913,3710,531,0,221,446,3496,49,0
48.102018,2.800000,115.000,45.889000,2.358000,127.623394,3710,531,0,221,446,3496,49,0
48.116246,14.228000,115.000,45.889000,2.358000,127.746674,3790,563,0,221,446,3496,49,0
48.119128,2.882000,115.000,45.889000,2.358000,127.752968,3790,563,0,230,462,3528,49,0
48.132293,13.165000,115.000,45.889000,2.358000,127.753483,3790,563,0,230,462,3528,49,0
48.134940,2.647000,115.000,45.889000,2.358000,127.753963,3790,563,0,230,462,3528,49,0
48.149271,14.331000,115.000,45.889000,2.358000,127.756023,3793,563,0,230,462,3528,49,0
48.152197,2.926000,115.000,45.889000,2.358000,127.756504,3793,563,0,230,462,3528,49,0
48.165724,13.527000,115.000,45.889000,2.358000,127.756947,3793,563,0,229,441,3486,49,0
48.168133,2.409000,115.000,45.889000,2.358000,127.753017,3791,563,0,229,441,3486,49,0
48.182312,14.179000,115.000,45.889000,2.358000,127.753590,3791,563,0,229,441,3486,49,0
48.184820,2.508000,115.000,45.889000,2.358000,127.725277,3791,563,0,229,441,3486,49,0
48.199444,14.624000,115.000,45.889000,2.358000,127.725800,3791,563,0,229,441,3486,49,0
48.202097,2.653000,115.000,45.889000,2.358000,127.726280,3791,563,0,228,441,3486,49,0
48.215909,13.812000,115.000,45.889000,2.358000,127.726746,3791,563,0,228,441,3486,49,0
48.218195,2.286000,115.000,45.889000,2.358000,127.727226,3791,563,0,228,441,3486,49,0
48.232037,13.842000,115.000,45.889000,2.358000,127.727676,3791,563,0,228,441,3486,49,0
48.234400,2.363000,115.000,45.889000,2.358000,127.728157,3791,563,0,229,441,3486,49,0
48.249872,15.472000,115.000,45.889000,2.358000,127.734562,3801,563,0,229,441,3486,49,0
48.252812,2.940000,115.000,45.889000,2.358000,127.735043,3801,563,0,229,441,3486,49,0
48.266055,13.243000,115.000,45.889000,2.358000,127.733868,3798,563,0,229,441,3486,49,0
48.272577,6.522000,115.000,45.889000,2.358000,127.734348,3798,563,0,229,441,3486,49,0
48.277074,4.497000,115.000,45.889000,2.358000,127.733204,3795,563,0,229,441,3486,49,0
48.289449,12.375000,115.000,45.889000,2.358000,127.733685,3795,563,0,229,441,3486,49,0
48.294315,4.866000,115.000,45.889000,2.358000,127.734241,3795,563,0,229,441,3486,49,0
48.341948,47.633000,115.000,45.889000,2.358000,127.880520,3935,572,0,238,485,3574,49,0
48.346988,5.040000,115.000,45.889000,2.358000,127.880657,3935,572,0,238,483,3570,49,0
48.351439,4.451000,115.000,45.889000,2.358000,127.827553,3838,572,0,206,451,3506,49,0
48.365161,13.722000,115.000,45.889000,2.358000,127.810829,3835,572,0,206,451,3506,49,0
48.367142,1.981000,115.000,45.889000,2.358000,127.809669,3832,572,0,206,451,3506,49,0
48.381863,14.721000,115.000,45.889000,2.358000,127.811821,3835,572,0,206,451,3506,49,0
48.383699,1.836000,115.000,45.889000,2.358000,127.812302,3835,572,0,206,451,3506,49,0
48.398725,15.026000,115.000,45.889000,2.358000,127.812782,3835,572,0,206,451,3506,49,0
48.400608,1.883000,115.000,45.889000,2.358000,127.813263,3835,572,0,206,451,3506,49,0
48.415329,14.721000,115.000,45.889000,2.358000,127.817081,3841,572,0,206,451,3506,49,0
48.417178,1.849000,115.000,45.889000,2.358000,127.817562,3841,572,0,206,451,3506,49,0
48.431639,14.461000,115.000,45.889000,2.358000,127.815540,3837,572,0,206,451,3506,49,0
48.433572,1.933000,115.000,45.889000,2.358000,127.816021,3837,572,0,205,415,3434,49,0
48.448791,15.219000,115.000,45.889000,2.358000,127.816448,3837,572,0,205,415,3434,49,0
48.450679,1.888000,115.000,45.889000,2.358000,127.767929,3835,572,0,205,415,3434,49,0
48.465678,14.999000,115.000,45.889000,2.358000,127.768482,3835,572,0,205,415,3434,49,0
48.468005,2.327000,115.000,45.889000,2.358000,127.768963,3835,572,0,205,415,3434,49,0
48.482055,14.050000,115.000,45.889000,2.358000,127.771130,3838,572,0,205,415,3434,49,0
48.484474,2.419000,115.000,45.889000,2.358000,127.771610,3838,572,0,205,415,3434,49,0
48.499369,14.895000,115.000,45.889000,2.358000,127.775585,3844,572,0,205,415,3434,49,0
48.502064,2.695000,115.000,45.889000,2.358000,127.776066,3844,572,0,205,415,3434,49,0
48.515929,13.865000,115.000,45.889000,2.358000,127.775829,3844,572,0,205,415,3434,49,0
48.518783,2.854000,115.000,45.889000,2.358000,127.772808,3838,572,0,205,415,3434,49,0
48.532333,13.550000,115.000,45.889000,2.358000,127.771618,3835,572,0,204,414,3432,49,0
48.534970,2.637000,115.000,45.889000,2.358000,127.772099,3835,572,0,204,414,3432,49,0
48.548821,13.851000,115.000,45.889000,2.358000,127.772533,3835,572,0,202,412,3428,49,0
48.551149,2.328000,115.000,45.889000,2.358000,127.762600,3831,568,0,201,411,3426,49,0
48.565528,14.379000,115.000,45.889000,2.358000,127.758717,3824,568,0,201,411,3426,49,0
48.567974,2.446000,115.000,45.889000,2.358000,127.759197,3824,568,0,200,410,3424,49,0
48.582166,14.192000,115.000,45.889000,2.358000,127.758053,3821,568,0,199,409,3422,49,0
48.584521,2.355000,115.000,45.889000,2.358000,127.758450,3821,568,0,197,408,3420,49,0
48.599571,15.050000,115.000,45.889000,2.358000,127.743351,3812,563,0,196,407,3418,49,0
48.602124,2.553000,115.000,45.889000,2.358000,127.737514,3802,563,0,197,407,3418,49,0
48.609379,7.255000,115.000,45.889000,2.358000,127.785053,3801,563,0,230,460,3524,49,0
48.623559,14.180000,115.000,45.889000,2.358000,127.785473,3801,563,0,230,460,3524,49,0
48.630815,7.256000,115.000,45.889000,2.358000,127.785954,3801,563,0,230,460,3524,49,0
48.635066,4.251000,115.000,45.889000,2.358000,127.781269,3804,563,0,216,446,3496,49,0
48.647739,12.673000,115.000,45.889000,2.358000,127.778469,3798,563,0,216,446,3496,49,0
48.652198,4.459000,115.000,45.889000,2.358000,127.778915,3798,563,0,216,446,3496,49,0
48.664227,12.029000,115.000,45.889000,2.358000,127.779396,3798,563,0,216,446,3496,49,0
48.669048,4.821000,112.000,45.911000,2.130000,127.781525,3801,563,0,216,446,3496,49,0
48.680858,11.810000,112.000,45.911000,2.130000,127.782005,3801,563,0,216,446,3496,49,0
48.684862,4.004000,112.000,45.911000,2.130000,127.785763,3807,563,0,216,446,3496,49,0
48.697750,12.888000,112.000,45.911000,2.130000,127.786243,3807,563,0,216,446,3496,49,0
48.700869,3.119000,112.000,45.911000,2.130000,127.786678,3807,563,0,216,446,3496,49,0
48.715769,14.900000,112.000,45.911000,2.130000,127.790459,3813,563,0,216,446,3496,49,0
48.718200,2.431000,112.000,45.911000,2.130000,127.789299,3810,563,0,216,446,3496,49,0
48.732090,13.890000,112.000,45.911000,2.130000,127.791325,3813,563,0,216,446,3496,49,0
48.734840,2.750000,112.000,45.911000,2.130000,127.788479,3807,563,0,216,446,3496,49,0
48.749491,14.651000,112.000,45.911000,2.130000,127.788895,3807,563,0,216,446,3496,49,0
48.752318,2.827000,112.000,45.911000,2.130000,127.784912,3805,563,0,216,446,3496,49,0
48.765931,13.613000,112.000,45.911000,2.130000,127.787136,3805,563,0,215,425,3454,49,3
48.772693,6.762000,112.000,45.911000,2.130000,127.787617,3805,563,0,215,425,3454,49,3
48.778464,5.771000,112.000,45.911000,2.130000,127.792706,3808,563,0,215,425,3454,49,8
48.789414,10.950000,112.000,45.911000,2.130000,127.764393,3808,563,0,215,425,3454,49,8
48.794832,5.418000,112.000,45.911000,2.130000,127.769058,3811,563,0,215,425,3454,49,8
48.806045,11.213000,112.000,45.911000,2.130000,127.769539,3811,563,0,215,425,3454,49,8
48.816211,10.166000,112.000,45.911000,2.130000,127.774006,3859,555,0,215,425,3454,49,0
48.818358,2.147000,112.000,45.911000,2.130000,127.748745,3819,555,0,222,425,3454,49,0
48.832055,13.697000,112.000,45.911000,2.130000,127.749210,3819,555,0,222,425,3454,49,0
48.834607,2.552000,112.000,45.911000,2.130000,127.749691,3819,555,0,222,425,3454,49,0
48.849214,14.607000,112.000,45.911000,2.130000,127.751820,3822,555,0,222,425,3454,49,0
48.851958,2.744000,112.000,45.911000,2.130000,127.758305,3832,555,0,222,425,3454,49,0
48.865570,13.612000,112.000,45.911000,2.130000,127.758732,3832,555,0,222,425,3454,49,0
48.867760,2.190000,112.000,45.911000,2.130000,127.759167,3832,555,0,222,425,3454,49,0
48.881868,14.108000,112.000,45.911000,2.130000,127.759579,3832,555,0,222,425,3454,49,0
48.884645,2.777000,112.000,45.911000,2.130000,127.760059,3832,555,0,222,425,3454,49,0
48.900003,15.358000,112.000,45.911000,2.130000,127.760563,3832,555,0,222,425,3454,49,0
48.903119,3.116000,112.000,45.911000,2.130000,127.759403,3829,555,0,222,425,3454,49,0
48.951755,48.636000,112.000,45.911000,2.130000,127.914917,3977,564,0,245,485,3574,49,0
48.965986,14.231000,112.000,45.911000,2.130000,127.913666,3974,564,0,207,447,3498,49,0
48.968729,2.743000,112.000,45.911000,2.130000,127.832745,3860,564,0,199,439,3482,49,0
48.980892,12.163000,112.000,45.911000,2.130000,127.833225,3860,564,0,199,439,3482,49,0
48.983743,2.851000,112.000,45.911000,2.130000,127.833706,3860,564,0,199,439,3482,49,0
48.998760,15.017000,112.000,45.911000,2.130000,127.834187,3860,564,0,199,439,3482,49,0
49.001269,2.509000,112.000,45.911000,2.130000,127.834621,3860,564,0,199,439,3482,49,0
49.015376,14.107000,112.000,45.911000,2.130000,127.833462,3857,564,0,199,439,3482,49,0
49.017967,2.591000,112.000,45.911000,2.130000,127.833942,3857,564,0,199,439,3482,49,0
49.031829,13.862000,112.000,45.911000,2.130000,127.832783,3854,564,0,199,439,3482,49,0
49.034551,2.722000,112.000,45.911000,2.130000,127.833263,3854,564,0,199,439,3482,49,0
49.048725,14.174000,112.000,45.911000,2.130000,127.833691,3854,564,0,199,439,3482,49,0
49.051437,2.712000,112.000,45.911000,2.130000,127.827259,3848,564,0,199,439,3482,49,0
49.065259,13.822000,112.000,45.911000,2.130000,127.827831,3848,564,0,198,403,3410,49,0
49.067593,2.334000,112.000,45.911000,2.130000,127.828312,3848,564,0,198,403,3410,49,0
49.082076,14.483000,112.000,45.911000,2.130000,127.700405,3805,540,0,190,395,3394,49,0
49.084552,2.476000,112.000,45.911000,2.130000,127.671345,3757,540,0,190,395,3394,49,0
49.098762,14.210000,112.000,45.911000,2.130000,127.671856,3757,540,0,190,395,3394,49,0
49.101163,2.401000,112.000,45.911000,2.130000,127.672337,3757,540,0,190,395,3394,49,0
49.115792,14.629000,112.000,45.911000,2.130000,127.672779,3757,540,0,190,395,3394,49,0
49.118142,2.350000,112.000,45.911000,2.130000,127.673260,3757,540,0,190,395,3394,49,0
49.132320,14.178000,112.000,45.911000,2.130000,127.675560,3760,540,0,190,395,3394,49,0
49.134842,2.522000,112.000,45.911000,2.130000,127.675354,3760,540,0,190,395,3394,49,0
49.149425,14.583000,112.000,45.911000,2.130000,127.669018,3748,540,0,190,395,3394,49,0
49.151990,2.565000,112.000,45.911000,2.130000,127.669498,3748,540,0,189,394,3392,49,0
49.165637,13.647000,112.000,45.911000,2.130000,127.669888,3748,540,0,187,392,3388,49,0
49.167881,2.244000,112.000,45.911000,2.130000,127.670368,3748,540,0,187,392,3388,49,0
49.182381,14.500000,112.000,45.911000,2.130000,127.660404,3744,536,0,186,391,3386,49,0
49.184842,2.461000,112.000,45.911000,2.130000,127.656536,3737,536,0,185,391,3386,49,0
49.199420,14.578000,112.000,45.911000,2.130000,127.655415,3734,536,0,183,389,3382,49,0
49.201696,2.276000,112.000,45.911000,2.130000,127.655849,3734,536,0,183,389,3382,49,0
49.215967,14.271000,112.000,45.911000,2.130000,127.657814,3737,536,0,182,388,3380,49,0
49.218286,2.319000,112.000,45.911000,2.130000,127.642761,3728,531,0,181,387,3378,49,0
49.232150,13.864000,112.000,45.911000,2.130000,127.638432,3721,531,0,181,387,3378,49,0
49.236878,4.728000,112.000,45.911000,2.130000,127.690453,3723,531,0,220,446,3496,49,0
49.249389,12.511000,112.000,45.911000,2.130000,127.675377,3723,531,0,188,414,3432,49,0
49.252047,2.658000,112.000,45.911000,2.130000,127.675858,3723,531,0,188,414,3432,49,0
49.265738,13.691000,112.000,45.911000,2.130000,127.676338,3723,531,0,188,414,3432,49,0
49.272490,6.752000,112.000,45.911000,2.130000,127.676819,3723,531,0,189,414,3432,49,0
49.276394,3.904000,112.000,45.911000,2.130000,127.677254,3723,531,0,189,414,3432,49,0
49.289384,12.990000,112.000,45.911000,2.130000,127.677734,3723,531,0,189,414,3432,49,0
49.294076,4.692000,112.000,45.911000,2.130000,127.678215,3723,531,0,189,414,3432,49,0
49.306009,11.933000,112.000,45.911000,2.130000,127.678696,3723,531,0,189,414,3432,49,0
49.315985,9.976000,112.000,45.911000,2.130000,127.802063,3803,563,0,189,414,3432,49,0
49.318376,2.391000,112.000,45.911000,2.130000,127.808357,3803,563,0,197,430,3464,49,0
49.332207,13.831000,112.000,45.911000,2.130000,127.808807,3803,563,0,197,430,3464,49,0
49.334789,2.582000,112.000,45.911000,2.130000,127.809288,3803,563,0,197,430,3464,49,0
49.349659,14.870000,112.000,45.911000,2.130000,127.808159,3800,563,0,197,430,3464,49,0
49.352454,2.795000,112.000,45.911000,2.130000,127.808640,3800,563,0,197,430,3464,49,0
49.365924,13.470000,112.000,45.911000,2.130000,127.807571,3797,563,0,197,430,3464,49,0
49.368305,2.381000,112.000,45.911000,2.130000,127.808052,3797,563,0,197,430,3464,49,0
49.382111,13.806000,112.000,45.911000,2.130000,127.808388,3797,563,0,196,409,3422,49,0
49.384694,2.583000,112.000,45.911000,2.130000,127.804459,3795,563,0,197,409,3422,49,0
49.399733,15.039000,112.000,45.911000,2.130000,127.806606,3798,563,0,197,409,3422,49,0
49.402806,3.073000,112.000,45.911000,2.130000,127.778294,3798,563,0,197,409,3422,49,0
49.416038,13.232000,112.000,45.911000,2.130000,127.778931,3798,563,0,197,409,3422,49,0
49.418253,2.215000,112.000,45.911000,2.130000,127.779411,3798,563,0,197,409,3422,49,0
49.432305,14.052000,112.000,45.911000,2.130000,127.779861,3798,563,0,197,409,3422,49,0
49.434781,2.476000,112.000,45.911000,2.130000,127.780342,3798,563,0,197,409,3422,49,0
49.450278,15.497000,112.000,45.911000,2.130000,127.780815,3798,563,0,197,409,3422,49,0
49.453417,3.139000,112.000,45.911000,2.130000,127.781296,3798,563,0,197,409,3422,49,0
49.466018,12.601000,112.000,45.911000,2.130000,127.786133,3805,563,0,197,409,3422,49,0
49.468543,2.525000,112.000,45.911000,2.130000,127.786613,3805,563,0,197,409,3422,49,0
49.482392,13.849000,112.000,45.911000,2.130000,127.788784,3808,563,0,197,409,3422,49,0
49.484854,2.462000,112.000,45.911000,2.130000,127.789265,3808,563,0,197,409,3422,49,0
49.500132,15.278000,112.000,45.911000,2.130000,127.789742,3808,563,0,197,409,3422,49,0
49.503300,3.168000,112.000,45.911000,2.130000,127.790222,3808,563,0,197,409,3422,49,0
49.515952,12.652000,112.000,45.911000,2.130000,127.793930,3814,563,0,197,409,3422,49,0
49.569390,53.438000,112.000,45.911000,2.130000,127.949326,3946,572,0,238,487,3578,49,0
49.582810,13.420000,112.000,45.911000,2.130000,127.954601,3955,572,0,238,485,3574,49,0
49.589441,6.631000,112.000,45.911000,2.130000,127.897038,3850,572,0,238,485,3574,49,0
49.592472,3.031000,112.000,45.911000,2.130000,127.897518,3850,572,0,238,485,3574,49,0
49.632780,40.308000,112.000,45.911000,2.130000,127.898190,3850,572,0,238,485,3574,49,0
49.648486,15.706000,112.000,45.911000,2.130000,127.898624,3850,572,0,238,485,3574,49,0
49.652335,3.849000,112.000,45.911000,2.130000,127.897465,3847,572,0,238,485,3574,49,0
49.655278,2.943000,112.000,45.911000,2.130000,127.895443,3843,572,0,237,449,3502,49,0
49.669438,14.160000,105.000,51.022000,2.580000,127.894283,3840,572,0,237,449,3502,49,0
49.671376,1.938000,105.000,51.022000,2.580000,127.852383,3840,572,0,237,449,3502,49,0
49.685874,14.498000,105.000,51.022000,2.580000,127.852917,3840,572,0,237,449,3502,49,0
49.688072,2.198000,105.000,51.022000,2.580000,127.848988,3838,572,0,237,449,3502,49,0
49.702877,14.805000,105.000,51.022000,2.580000,127.847858,3835,572,0,237,449,3502,49,0
49.705090,2.213000,105.000,51.022000,2.580000,127.848339,3835,572,0,237,449,3502,49,0
49.719528,14.438000,105.000,51.022000,2.580000,127.850407,3838,572,0,237,449,3502,49,0
49.721213,1.685000,105.000,51.022000,2.580000,127.850246,3838,572,0,237,449,3502,49,0
49.735722,14.509000,105.000,51.022000,2.580000,127.843983,3826,572,0,237,449,3502,49,0
49.737961,2.239000,105.000,51.022000,2.580000,127.844463,3826,572,0,234,448,3500,49,0
49.753378,15.417000,105.000,51.022000,2.580000,127.846588,3829,572,0,234,448,3500,49,0
49.755220,1.842000,105.000,51.022000,2.580000,127.847069,3829,572,0,234,446,3496,49,0
49.769368,14.148000,105.000,51.022000,2.580000,127.850811,3835,572,0,234,446,3496,49,0
49.771153,1.785000,105.000,51.022000,2.580000,127.840878,3831,568,0,232,445,3494,49,0
49.786185,15.032000,105.000,51.022000,2.580000,127.840282,3830,568,0,232,445,3494,49,0
49.788361,2.176000,105.000,51.022000,2.580000,127.840763,3830,568,0,231,443,3490,49,0
49.803312,14.951000,105.000,51.022000,2.580000,127.837891,3824,568,0,230,442,3488,49,0
49.805719,2.407000,105.000,51.022000,2.580000,127.836502,3821,568,0,230,442,3488,49,0
49.819453,13.734000,105.000,51.022000,2.580000,127.823254,3815,563,0,229,441,3486,49,0
49.826599,7.146000,105.000,51.022000,2.580000,127.817417,3805,563,0,228,441,3486,49,0
49.830924,4.325000,105.000,51.022000,2.580000,127.852345,3807,563,0,230,463,3530,49,0
49.843497,12.573000,105.000,51.022000,2.580000,127.852825,3807,563,0,230,463,3530,49,0
49.847938,4.441000,105.000,51.022000,2.580000,127.836491,3810,563,0,192,425,3454,49,0
49.860179,12.241000,105.000,51.022000,2.580000,127.836971,3810,563,0,192,425,3454,49,0
49.869330,9.151000,105.000,51.022000,2.580000,127.839115,3813,563,0,192,425,3454,49,0
49.871192,1.862000,105.000,51.022000,2.580000,127.839550,3813,563,0,192,425,3454,49,0
49.886773,15.581000,105.000,51.022000,2.580000,127.840130,3813,563,0,192,425,3454,49,0
49.888713,1.940000,105.000,51.022000,2.580000,127.840611,3813,563,0,192,425,3454,49,0
49.903372,14.659000,105.000,51.022000,2.580000,127.841084,3813,563,0,192,425,3454,49,0
49.905204,1.832000,105.000,51.022000,2.580000,127.841564,3813,563,0,192,425,3454,49,0
49.919354,14.150000,105.000,51.022000,2.580000,127.843708,3816,563,0,192,425,3454,49,0
49.921043,1.689000,105.000,51.022000,2.580000,127.844189,3816,563,0,192,425,3454,49,0
49.936185,15.142000,105.000,51.022000,2.580000,127.844807,3816,563,0,192,425,3454,49,0
49.938340,2.155000,105.000,51.022000,2.580000,127.845287,3816,563,0,192,425,3454,49,0
49.953088,14.748000,105.000,51.022000,2.580000,127.846333,3816,563,0,192,425,3454,49,1
49.955249,2.161000,105.000,51.022000,2.580000,127.846813,3816,563,0,192,425,3454,49,1
49.969529,14.280000,105.000,51.022000,2.580000,127.851322,3816,563,0,192,425,3454,49,8
49.971776,2.247000,105.000,51.022000,2.580000,127.851803,3816,563,0,191,403,3410,49,8
49.985972,14.196000,105.000,51.022000,2.580000,127.853039,3813,563,0,191,403,3410,49,8
49.988926,2.954000,105.000,51.022000,2.580000,127.849110,3811,563,0,191,403,3410,49,8
50.004081,15.155000,105.000,51.022000,2.580000,127.823414,3859,555,0,191,403,3410,49,0
50.006864,2.783000,105.000,51.022000,2.580000,127.798153,3819,555,0,197,403,3410,49,0
50.019535,12.671000,105.000,51.022000,2.580000,127.795341,3813,555,0,197,403,3410,49,0
50.021865,2.330000,105.000,51.022000,2.580000,127.795822,3813,555,0,197,403,3410,49,0
50.036483,14.618000,105.000,51.022000,2.580000,127.794647,3810,555,0,197,403,3410,49,0
50.039064,2.581000,105.000,51.022000,2.580000,127.795128,3810,555,0,198,403,3410,49,0
50.053472,14.408000,105.000,51.022000,2.580000,127.797283,3813,555,0,198,403,3410,49,0
50.056171,2.699000,105.000,51.022000,2.580000,127.803768,3823,555,0,198,403,3410,49,0
50.069728,13.557000,105.000,51.022000,2.580000,127.804230,3823,555,0,198,403,3410,49,0
50.072064,2.336000,105.000,51.022000,2.580000,127.804710,3823,555,0,198,403,3410,49,0
50.086001,13.937000,105.000,51.022000,2.580000,127.803551,3820,555,0,198,403,3410,49,0
50.088384,2.383000,105.000,51.022000,2.580000,127.804031,3820,555,0,198,403,3410,49,0
50.103701,15.317000,105.000,51.022000,2.580000,127.802872,3817,555,0,198,403,3410,49,0
50.106340,2.639000,105.000,51.022000,2.580000,127.803352,3817,555,0,198,403,3410,49,0
50.151456,45.116000,105.000,51.022000,2.580000,127.964401,3954,564,0,245,487,3578,49,0
50.156226,4.770000,105.000,51.022000,2.580000,127.964821,3954,564,0,245,485,3574,49,0
50.168932,12.706000,105.000,51.022000,2.580000,127.905663,3846,564,0,237,477,3558,49,0
50.171743,2.811000,105.000,51.022000,2.580000,127.906143,3846,564,0,237,477,3558,49,0
50.186363,14.620000,105.000,51.022000,2.580000,127.906563,3846,564,0,237,477,3558,49,0
50.188211,1.848000,105.000,51.022000,2.580000,127.900234,3846,564,0,223,463,3530,49,0
50.202625,14.414000,105.000,51.022000,2.580000,127.902386,3849,564,0,223,463,3530,49,0
50.204651,2.026000,105.000,51.022000,2.580000,127.902866,3849,564,0,223,463,3530,49,0
50.219206,14.555000,105.000,51.022000,2.580000,127.903347,3849,564,0,223,463,3530,49,0
50.221323,2.117000,105.000,51.022000,2.580000,127.903828,3849,564,0,223,463,3530,49,0
50.235753,14.430000,105.000,51.022000,2.580000,127.901028,3843,564,0,223,463,3530,49,0
50.237744,1.991000,105.000,51.022000,2.580000,127.901508,3843,564,0,223,463,3530,49,0
50.252845,15.101000,105.000,51.022000,2.580000,127.899273,3839,564,0,223,463,3530,49,0
50.254844,1.999000,105.000,51.022000,2.580000,127.895290,3837,564,0,214,419,3442,49,0
50.269190,14.346000,105.000,51.022000,2.580000,127.811260,3797,540,0,214,419,3442,49,0
50.276579,7.389000,105.000,51.022000,2.580000,127.782154,3749,540,0,214,419,3442,49,0
50.280621,4.042000,105.000,51.022000,2.580000,127.740402,3749,540,0,214,419,3442,49,0
50.293101,12.480000,105.000,51.022000,2.580000,127.740883,3749,540,0,214,419,3442,49,0
50.303153,10.052000,105.000,51.022000,2.580000,127.743027,3752,540,0,214,419,3442,49,0
50.305295,2.142000,105.000,51.022000,2.580000,127.743507,3752,540,0,214,419,3442,49,0
50.319929,14.634000,105.000,51.022000,2.580000,127.744034,3752,540,0,214,419,3442,49,0
50.322415,2.486000,105.000,51.022000,2.580000,127.744514,3752,540,0,213,419,3442,49,0
50.336501,14.086000,105.000,51.022000,2.580000,127.744347,3752,540,0,213,419,3442,49,0
50.338991,2.490000,105.000,51.022000,2.580000,127.741325,3746,540,0,214,419,3442,49,0
50.353556,14.565000,105.000,51.022000,2.580000,127.741837,3746,540,0,213,418,3440,49,0
50.356127,2.571000,105.000,51.022000,2.580000,127.742317,3746,540,0,212,418,3440,49,0
50.369563,13.436000,105.000,51.022000,2.580000,127.742767,3746,540,0,210,416,3436,49,0
50.371714,2.151000,105.000,51.022000,2.580000,127.743248,3746,540,0,209,415,3434,49,0
50.386159,14.445000,105.000,51.022000,2.580000,127.733284,3742,536,0,209,415,3434,49,0
50.388726,2.567000,105.000,51.022000,2.580000,127.729416,3735,536,0,209,415,3434,49,0
50.403491,14.765000,105.000,51.022000,2.580000,127.729858,3735,536,0,207,413,3430,49,0
50.405955,2.464000,105.000,51.022000,2.580000,127.730255,3735,536,0,207,412,3428,49,0
50.419680,13.725000,105.000,51.022000,2.580000,127.713501,3723,531,0,206,411,3426,49,0
50.422061,2.381000,105.000,51.022000,2.580000,127.707619,3713,531,0,206,411,3426,49,0
50.436651,14.590000,105.000,51.022000,2.580000,127.706413,3710,531,0,206,411,3426,49,0
50.441899,5.248000,105.000,51.022000,2.580000,127.745491,3712,531,0,221,445,3494,49,0
50.447989,6.090000,105.000,51.022000,2.580000,127.746002,3712,531,0,221,445,3494,49,0
50.460160,12.171000,105.000,51.022000,2.580000,127.746483,3712,531,0,221,445,3494,49,0
50.469652,9.492000,105.000,51.022000,2.580000,127.748550,3715,531,0,221,445,3494,49,0
50.472204,2.552000,105.000,51.022000,2.580000,127.749031,3715,531,0,221,445,3494,49,0
50.486346,14.142000,105.000,51.022000,2.580000,127.749474,3715,531,0,221,445,3494,49,0
50.489251,2.905000,105.000,51.022000,2.580000,127.749954,3715,531,0,221,445,3494,49,0
50.503867,14.616000,105.000,51.022000,2.580000,127.873322,3795,563,0,221,445,3494,49,0
50.507098,3.231000,105.000,51.022000,2.580000,127.879616,3795,563,0,230,461,3526,49,0
50.519632,12.534000,105.000,51.022000,2.580000,127.880096,3795,563,0,230,461,3526,49,0
50.522598,2.966000,105.000,51.022000,2.580000,127.880577,3795,563,0,230,461,3526,49,0
50.536286,13.688000,105.000,51.022000,2.580000,127.879387,3792,563,0,230,461,3526,49,0
50.539038,2.752000,105.000,51.022000,2.580000,127.879868,3792,563,0,230,461,3526,49,0
50.554109,15.071000,105.000,51.022000,2.580000,127.881981,3795,563,0,230,461,3526,49,0
50.557389,3.280000,105.000,51.022000,2.580000,127.882462,3795,563,0,230,461,3526,49,0
50.569696,12.307000,105.000,51.022000,2.580000,127.882950,3795,563,0,230,461,3526,49,0
50.572655,2.959000,105.000,51.022000,2.580000,127.883430,3795,563,0,230,461,3526,49,0
50.586347,13.692000,105.000,51.022000,2.580000,127.887199,3801,563,0,229,441,3486,49,0
50.589062,2.715000,105.000,51.022000,2.580000,127.883270,3799,563,0,229,441,3486,49,0
50.603181,14.119000,105.000,51.022000,2.580000,127.883766,3799,563,0,229,441,3486,49,0
50.606037,2.856000,105.000,51.022000,2.580000,127.856750,3799,563,0,229,441,3486,49,0
50.619677,13.640000,105.000,51.022000,2.580000,127.857464,3799,563,0,229,441,3486,49,0
50.622055,2.378000,105.000,51.022000,2.580000,127.857944,3799,563,0,228,441,3486,49,0
50.636778,14.723000,105.000,51.022000,2.580000,127.858410,3799,563,0,228,441,3486,49,0
50.640276,3.498000,105.000,51.022000,2.580000,127.858891,3799,563,0,228,441,3486,49,0
50.654094,13.818000,105.000,51.022000,2.580000,127.860943,3802,563,0,228,441,3486,49,0
50.657329,3.235000,105.000,51.022000,2.580000,127.861423,3802,563,0,229,441,3486,49,0
50.669574,12.245000,116.000,43.323000,2.471000,127.871223,3818,563,0,229,441,3486,49,0
50.672004,2.430000,116.000,43.323000,2.471000,127.871704,3818,563,0,229,441,3486,49,0
50.686470,14.466000,116.000,43.323000,2.471000,127.872143,3818,563,0,229,441,3486,49,0
50.689320,2.850000,116.000,43.323000,2.471000,127.872578,3818,563,0,228,441,3486,49,0
50.703257,13.937000,116.000,43.323000,2.471000,127.871357,3815,563,0,228,441,3486,49,0
50.705900,2.643000,116.000,43.323000,2.471000,127.871838,3815,563,0,227,441,3486,49,0
50.719557,13.657000,116.000,43.323000,2.471000,127.872238,3815,563,0,227,441,3486,49,0
50.764003,44.446000,116.000,43.323000,2.471000,128.017475,3957,572,0,237,485,3574,49,0
50.769122,5.119000,116.000,43.323000,2.471000,128.017803,3957,572,0,237,483,3570,49,0
50.771691,2.569000,116.000,43.323000,2.471000,127.940319,3844,572,0,205,451,3506,49,0
50.786148,14.457000,116.000,43.323000,2.471000,127.939159,3841,572,0,205,451,3506,49,0
50.788777,2.629000,116.000,43.323000,2.471000,127.939640,3841,572,0,205,451,3506,49,0
50.802670,13.893000,116.000,43.323000,2.471000,127.941788,3844,572,0,205,451,3506,49,0
50.805200,2.530000,116.000,43.323000,2.471000,127.942223,3844,572,0,205,451,3506,49,0
50.819155,13.955000,116.000,43.323000,2.471000,127.939342,3838,572,0,205,451,3506,49,0
50.821849,2.694000,116.000,43.323000,2.471000,127.939823,3838,572,0,205,451,3506,49,0
50.835820,13.971000,116.000,43.323000,2.471000,127.941975,3841,572,0,205,451,3506,49,0
50.838491,2.671000,116.000,43.323000,2.471000,127.942410,3841,572,0,205,451,3506,49,0
50.852853,14.362000,116.000,43.323000,2.471000,127.946232,3847,572,0,205,451,3506,49,0
50.855633,2.780000,116.000,43.323000,2.471000,127.944210,3843,572,0,205,451,3506,49,0
50.869343,13.710000,116.000,43.323000,2.471000,127.948013,3849,572,0,204,415,3434,49,0
50.871673,2.330000,116.000,43.323000,2.471000,127.948441,3849,572,0,204,415,3434,49,0
50.885838,14.165000,116.000,43.323000,2.471000,127.944542,3847,572,0,204,415,3434,49,0
50.888496,2.658000,116.000,43.323000,2.471000,127.902641,3847,572,0,204,415,3434,49,0
50.902991,14.495000,116.000,43.323000,2.471000,127.899971,3841,572,0,204,415,3434,49,0
50.905374,2.383000,116.000,43.323000,2.471000,127.900452,3841,572,0,205,415,3434,49,0
50.919361,13.987000,116.000,43.323000,2.471000,127.900917,3841,572,0,205,415,3434,49,0
50.921665,2.304000,116.000,43.323000,2.471000,127.901398,3841,572,0,205,415,3434,49,0
50.936365,14.700000,116.000,43.323000,2.471000,127.903667,3844,572,0,205,415,3434,49,0
50.938972,2.607000,116.000,43.323000,2.471000,127.903507,3844,572,0,205,415,3434,49,0
50.953362,14.390000,116.000,43.323000,2.471000,127.902096,3841,572,0,205,415,3434,49,0
50.955784,2.422000,116.000,43.323000,2.471000,127.902576,3841,572,0,204,414,3432,49,0
50.970229,14.445000,116.000,43.323000,2.471000,127.903080,3841,572,0,204,414,3432,49,0
50.973110,2.881000,116.000,43.323000,2.471000,127.903561,3841,572,0,201,412,3428,49,0
50.986705,13.595000,116.000,43.323000,2.471000,127.904026,3841,572,0,200,411,3426,49,0
50.989555,2.850000,116.000,43.323000,2.471000,127.894093,3837,568,0,201,411,3426,49,0
51.003160,13.605000,116.000,43.323000,2.471000,127.891853,3833,568,0,201,411,3426,49,0
51.005519,2.359000,116.000,43.323000,2.471000,127.892288,3833,568,0,198,409,3422,49,0
51.019737,14.218000,116.000,43.323000,2.471000,127.892635,3833,568,0,197,408,3420,49,0
51.022187,2.450000,116.000,43.323000,2.471000,127.877583,3824,563,0,196,407,3418,49,0
51.036130,13.943000,116.000,43.323000,2.471000,127.871677,3814,563,0,196,407,3418,49,0
51.038508,2.378000,116.000,43.323000,2.471000,127.872112,3814,563,0,196,407,3418,49,0
51.053573,15.065000,116.000,43.323000,2.471000,127.921295,3816,563,0,230,460,3524,49,0
51.056319,2.746000,116.000,43.323000,2.471000,127.921776,3816,563,0,216,446,3496,49,0
51.069540,13.221000,116.000,43.323000,2.471000,127.913822,3813,563,0,216,446,3496,49,0
51.072215,2.675000,116.000,43.323000,2.471000,127.914257,3813,563,0,216,446,3496,49,0
51.086928,14.713000,116.000,43.323000,2.471000,127.914749,3813,563,0,216,446,3496,49,0
51.089795,2.867000,116.000,43.323000,2.471000,127.915230,3813,563,0,216,446,3496,49,0
51.103313,13.518000,116.000,43.323000,2.471000,127.912415,3807,563,0,216,446,3496,49,0
51.106041,2.728000,116.000,43.323000,2.471000,127.912895,3807,563,0,216,446,3496,49,0
51.119449,13.408000,116.000,43.323000,2.471000,127.911736,3804,563,0,216,446,3496,49,0
51.121982,2.533000,116.000,43.323000,2.471000,127.912216,3804,563,0,216,446,3496,49,0
51.136288,14.306000,116.000,43.323000,2.471000,127.914375,3807,563,0,216,446,3496,49,0
51.139464,3.176000,116.000,43.323000,2.471000,127.914856,3807,563,0,216,446,3496,49,0
51.153617,14.153000,116.000,43.323000,2.471000,127.915314,3807,563,0,216,446,3496,49,0
51.156433,2.816000,116.000,43.323000,2.471000,127.915794,3807,563,0,216,446,3496,49,0
51.169501,13.068000,116.000,43.323000,2.471000,127.918774,3804,563,0,216,446,3496,49,7
51.172254,2.753000,116.000,43.323000,2.471000,127.919254,3804,563,0,216,446,3496,49,7
51.186512,14.258000,116.000,43.323000,2.471000,127.921097,3801,563,0,216,446,3496,49,8
51.189476,2.964000,116.000,43.323000,2.471000,127.917168,3799,563,0,215,425,3454,49,8
51.203597,14.121000,116.000,43.323000,2.471000,127.921608,3847,555,0,215,425,3454,49,0
51.206548,2.951000,116.000,43.323000,2.471000,127.896347,3807,555,0,222,425,3454,49,0
51.219758,13.210000,116.000,43.323000,2.471000,127.868118,3807,555,0,222,425,3454,49,0
51.222139,2.381000,116.000,43.323000,2.471000,127.868599,3807,555,0,222,425,3454,49,0
51.236209,14.070000,116.000,43.323000,2.471000,127.867439,3804,555,0,222,425,3454,49,0
51.239089,2.880000,116.000,43.323000,2.471000,127.867920,3804,555,0,222,425,3454,49,0
51.253299,14.210000,116.000,43.323000,2.471000,127.868370,3804,555,0,222,425,3454,49,0
51.255886,2.587000,116.000,43.323000,2.471000,127.868851,3804,555,0,222,425,3454,49,0
51.269624,13.738000,116.000,43.323000,2.471000,127.869324,3804,555,0,222,425,3454,49,0
51.276658,7.034000,116.000,43.323000,2.471000,127.875809,3814,555,0,222,425,3454,49,0
51.281292,4.634000,116.000,43.323000,2.471000,127.877956,3817,555,0,222,425,3454,49,0
51.293476,12.184000,116.000,43.323000,2.471000,127.878437,3817,555,0,222,425,3454,49,0
51.297905,4.429000,116.000,43.323000,2.471000,127.878944,3817,555,0,222,425,3454,49,0
51.310022,12.117000,116.000,43.323000,2.471000,127.879425,3817,555,0,222,425,3454,49,0
51.319684,9.662000,116.000,43.323000,2.471000,127.876656,3811,555,0,222,425,3454,49,0
51.322119,2.435000,116.000,43.323000,2.471000,127.877136,3811,555,0,222,425,3454,49,0
51.367919,45.800000,116.000,43.323000,2.471000,128.026600,3948,564,0,245,485,3574,49,0
51.372393,4.474000,116.000,43.323000,2.471000,128.028732,3951,564,0,237,477,3558,49,0
51.386240,13.847000,116.000,43.323000,2.471000,127.955479,3851,564,0,199,439,3482,49,0
51.389071,2.831000,116.000,43.323000,2.471000,127.955914,3851,564,0,199,439,3482,49,0
51.402748,13.677000,116.000,43.323000,2.471000,127.956394,3851,564,0,199,439,3482,49,0
51.405284,2.536000,116.000,43.323000,2.471000,127.956875,3851,564,0,199,439,3482,49,0
51.419136,13.852000,116.000,43.323000,2.471000,127.957355,3851,564,0,199,439,3482,49,0
51.421548,2.412000,116.000,43.323000,2.471000,127.957836,3851,564,0,199,439,3482,49,0
51.435819,14.271000,116.000,43.323000,2.471000,127.958317,3851,564,0,199,439,3482,49,0
51.438539,2.720000,116.000,43.323000,2.471000,127.958797,3851,564,0,199,439,3482,49,0
51.452838,14.299000,116.000,43.323000,2.471000,127.959278,3851,564,0,199,439,3482,49,0
51.455665,2.827000,116.000,43.323000,2.471000,127.959759,3851,564,0,191,431,3466,49,0
51.469075,13.410000,116.000,43.323000,2.471000,127.873226,3807,540,0,191,431,3466,49,0
51.471402,2.327000,116.000,43.323000,2.471000,127.839703,3757,540,0,190,395,3394,49,0
51.486045,14.643000,116.000,43.323000,2.471000,127.840183,3757,540,0,190,395,3394,49,0
51.488738,2.693000,116.000,43.323000,2.471000,127.840664,3757,540,0,190,395,3394,49,0
51.503067,14.329000,116.000,43.323000,2.471000,127.797146,3754,540,0,190,395,3394,49,0
51.505476,2.409000,116.000,43.323000,2.471000,127.797626,3754,540,0,190,395,3394,49,0
51.519409,13.933000,116.000,43.323000,2.471000,127.796467,3751,540,0,190,395,3394,49,0
51.521624,2.215000,116.000,43.323000,2.471000,127.796947,3751,540,0,190,395,3394,49,0
51.536823,15.199000,116.000,43.323000,2.471000,127.797432,3751,540,0,190,395,3394,49,0
51.539325,2.502000,116.000,43.323000,2.471000,127.797913,3751,540,0,189,395,3394,49,0
51.553454,14.129000,116.000,43.323000,2.471000,127.799446,3754,540,0,189,395,3394,49,0
51.555902,2.448000,116.000,43.323000,2.471000,127.796425,3748,540,0,189,395,3394,49,0
51.569460,13.558000,116.000,43.323000,2.471000,127.796883,3748,540,0,188,394,3392,49,0
51.571857,2.397000,116.000,43.323000,2.471000,127.797318,3748,540,0,189,394,3392,49,0
51.587148,15.291000,116.000,43.323000,2.471000,127.797813,3748,540,0,187,392,3388,49,0
51.589729,2.581000,116.000,43.323000,2.471000,127.798294,3748,540,0,186,391,3386,49,0
51.603553,13.824000,116.000,43.323000,2.471000,127.788273,3744,536,0,186,391,3386,49,0
51.610187,6.634000,116.000,43.323000,2.471000,127.784405,3737,536,0,186,391,3386,49,0
51.615434,5.247000,116.000,43.323000,2.471000,127.783241,3734,536,0,184,389,3382,49,0
51.626388,10.954000,116.000,43.323000,2.471000,127.783638,3734,536,0,183,388,3380,49,0
51.631066,4.678000,116.000,43.323000,2.471000,127.770184,3728,531,0,182,387,3378,49,0
51.643548,12.482000,116.000,43.323000,2.471000,127.764347,3718,531,0,182,387,3378,49,0
51.648324,4.776000,116.000,43.323000,2.471000,127.764832,3718,531,0,182,387,3378,49,0
51.655048,6.724000,116.000,43.323000,2.471000,127.818172,3720,531,0,221,447,3498,49,0
51.669379,14.331000,112.000,44.018000,1.950000,127.821995,3726,531,0,221,447,3498,49,0
51.671733,2.354000,112.000,44.018000,1.950000,127.806911,3726,531,0,189,415,3434,49,0
51.685947,14.214000,112.000,44.018000,1.950000,127.807377,3726,531,0,189,415,3434,49,0
51.688717,2.770000,112.000,44.018000,1.950000,127.807858,3726,531,0,189,415,3434,49,0
51.703694,14.977000,112.000,44.018000,1.950000,127.931225,3806,563,0,189,415,3434,49,0
51.706548,2.854000,112.000,44.018000,1.950000,127.937519,3806,563,0,198,431,3466,49,0
51.719460,12.912000,112.000,44.018000,1.950000,127.938023,3806,563,0,198,431,3466,49,0
51.721825,2.365000,112.000,44.018000,1.950000,127.938457,3806,563,0,198,431,3466,49,0
51.736840,15.015000,112.000,44.018000,1.950000,127.940624,3809,563,0,198,431,3466,49,0
51.739671,2.831000,112.000,44.018000,1.950000,127.941059,3809,563,0,198,431,3466,49,0
51.753252,13.581000,112.000,44.018000,1.950000,127.944878,3815,563,0,198,431,3466,49,0
51.755802,2.550000,112.000,44.018000,1.950000,127.945358,3815,563,0,198,431,3466,49,0
51.769381,13.579000,112.000,44.018000,1.950000,127.945854,3815,563,0,198,431,3466,49,0
51.771777,2.396000,112.000,44.018000,1.950000,127.946335,3815,563,0,198,431,3466,49,0
51.786989,15.212000,112.000,44.018000,1.950000,127.945175,3812,563,0,198,431,3466,49,0
51.790190,3.201000,112.000,44.018000,1.950000,127.945602,3812,563,0,198,431,3466,49,0
51.803538,13.348000,112.000,44.018000,1.950000,127.941582,3810,563,0,197,409,3422,49,0
51.806221,2.683000,112.000,44.018000,1.950000,127.942062,3810,563,0,197,409,3422,49,0
51.819372,13.151000,112.000,44.018000,1.950000,127.942558,3810,563,0,197,409,3422,49,0
51.822174,2.802000,112.000,44.018000,1.950000,127.912949,3810,563,0,197,409,3422,49,0
51.836519,14.345000,112.000,44.018000,1.950000,127.911846,3807,563,0,197,409,3422,49,0
51.839448,2.929000,112.000,44.018000,1.950000,127.912327,3807,563,0,196,409,3422,49,0
51.853805,14.357000,112.000,44.018000,1.950000,127.912777,3807,563,0,196,409,3422,49,0
51.856436,2.631000,112.000,44.018000,1.950000,127.913258,3807,563,0,196,409,3422,49,0
51.869726,13.290000,112.000,44.018000,1.950000,127.912113,3804,563,0,196,409,3422,49,0
51.872515,2.789000,112.000,44.018000,1.950000,127.912594,3804,563,0,197,409,3422,49,0
51.886444,13.929000,112.000,44.018000,1.950000,127.920708,3817,563,0,197,409,3422,49,0
51.889505,3.061000,112.000,44.018000,1.950000,127.921188,3817,563,0,197,409,3422,49,0
51.903664,14.159000,112.000,44.018000,1.950000,127.918369,3811,563,0,197,409,3422,49,0
51.906912,3.248000,112.000,44.018000,1.950000,127.918850,3811,563,0,197,409,3422,49,0
51.919941,13.029000,112.000,44.018000,1.950000,127.920994,3814,563,0,197,409,3422,49,0
51.922867,2.926000,112.000,44.018000,1.950000,127.921474,3814,563,0,196,409,3422,49,0
51.936677,13.810000,112.000,44.018000,1.950000,127.925297,3820,563,0,196,409,3422,49,0
51.986053,49.376000,112.000,44.018000,1.950000,128.088463,3966,572,0,237,487,3578,49,0
51.990395,4.342000,112.000,44.018000,1.950000,128.088825,3966,572,0,237,485,3574,49,0
52.002654,12.259000,112.000,44.018000,1.950000,128.026386,3852,572,0,237,485,3574,49,0
52.005219,2.565000,112.000,44.018000,1.950000,128.026867,3852,572,0,237,485,3574,49,0
52.019126,13.907000,112.000,44.018000,1.950000,128.028999,3855,572,0,237,485,3574,49,0
52.021629,2.503000,112.000,44.018000,1.950000,128.029480,3855,572,0,237,485,3574,49,0
52.036293,14.664000,112.000,44.018000,1.950000,128.031609,3858,572,0,237,485,3574,49,0
52.039183,2.890000,112.000,44.018000,1.950000,128.032089,3858,572,0,237,485,3574,49,0
52.052867,13.684000,112.000,44.018000,1.950000,128.032570,3858,572,0,237,485,3574,49,0
52.055648,2.781000,112.000,44.018000,1.950000,128.033051,3858,572,0,237,485,3574,49,0
52.069342,13.694000,112.000,44.018000,1.950000,128.033531,3858,572,0,237,485,3574,49,0
52.072104,2.762000,112.000,44.018000,1.950000,128.031509,3854,572,0,237,485,3574,49,0
52.086610,14.506000,112.000,44.018000,1.950000,128.033638,3857,572,0,236,449,3502,49,0
52.089479,2.869000,112.000,44.018000,1.950000,128.034019,3857,572,0,236,449,3502,49,0
52.103014,13.535000,112.000,44.018000,1.950000,128.030136,3855,572,0,236,449,3502,49,0
52.105669,2.655000,112.000,44.018000,1.950000,127.988235,3855,572,0,236,449,3502,49,0
52.119318,13.649000,112.000,44.018000,1.950000,127.988777,3855,572,0,236,449,3502,49,0
52.122016,2.698000,112.000,44.018000,1.950000,127.989258,3855,572,0,237,449,3502,49,0
52.136379,14.363000,112.000,44.018000,1.950000,127.989716,3855,572,0,237,449,3502,49,0
52.139271,2.892000,112.000,44.018000,1.950000,127.990196,3855,572,0,237,449,3502,49,0
52.153619,14.348000,112.000,44.018000,1.950000,127.989193,3852,572,0,237,449,3502,49,0
52.156395,2.776000,112.000,44.018000,1.950000,127.989033,3852,572,0,237,449,3502,49,0
52.170029,13.634000,112.000,44.018000,1.950000,127.986111,3846,572,0,237,449,3502,49,0
52.173076,3.047000,112.000,44.018000,1.950000,127.981670,3837,572,0,236,448,3500,49,0
52.186324,13.248000,112.000,44.018000,1.950000,127.982052,3837,572,0,236,448,3500,49,0
52.188770,2.446000,112.000,44.018000,1.950000,127.982533,3837,572,0,234,446,3496,49,0
52.203135,14.365000,112.000,44.018000,1.950000,127.982937,3837,572,0,233,445,3494,49,0
52.205557,2.422000,112.000,44.018000,1.950000,127.973003,3833,568,0,232,445,3494,49,0
52.219797,14.240000,112.000,44.018000,1.950000,127.970779,3829,568,0,232,445,3494,49,0
52.222214,2.417000,112.000,44.018000,1.950000,127.971260,3829,568,0,230,443,3490,49,0
52.236021,13.807000,112.000,44.018000,1.950000,127.971684,3829,568,0,229,442,3488,49,0
52.238584,2.563000,112.000,44.018000,1.950000,127.956631,3820,563,0,228,441,3486,49,0
52.253184,14.600000,112.000,44.018000,1.950000,127.949108,3807,563,0,228,441,3486,49,0
52.255497,2.313000,112.000,44.018000,1.950000,127.949589,3807,563,0,229,441,3486,49,0
52.269355,13.858000,112.000,44.018000,1.950000,127.981503,3806,563,0,230,462,3528,49,0
52.271752,2.397000,112.000,44.018000,1.950000,127.981983,3806,563,0,192,424,3452,49,0
52.286156,14.404000,112.000,44.018000,1.950000,127.963905,3806,563,0,192,424,3452,49,0
52.288955,2.799000,112.000,44.018000,1.950000,127.964386,3806,563,0,192,424,3452,49,0
52.303090,14.135000,112.000,44.018000,1.950000,127.964874,3806,563,0,192,424,3452,49,0
52.305535,2.445000,112.000,44.018000,1.950000,127.965309,3806,563,0,192,424,3452,49,0
52.319700,14.165000,112.000,44.018000,1.950000,127.964119,3803,563,0,192,424,3452,49,0
52.322347,2.647000,112.000,44.018000,1.950000,127.964531,3803,563,0,192,424,3452,49,0
52.336273,13.926000,112.000,44.018000,1.950000,127.965027,3803,563,0,192,424,3452,49,0
52.339949,3.676000,112.000,44.018000,1.950000,127.965508,3803,563,0,192,424,3452,49,0
52.353635,13.686000,112.000,44.018000,1.950000,127.967751,3803,563,0,192,424,3452,49,3
52.356389,2.754000,112.000,44.018000,1.950000,127.968231,3803,563,0,192,424,3452,49,3
52.369958,13.569000,112.000,44.018000,1.950000,127.972725,3806,563,0,192,424,3452,49,7
52.372511,2.553000,112.000,44.018000,1.950000,127.973206,3806,563,0,192,424,3452,49,7
52.386301,13.790000,112.000,44.018000,1.950000,127.976833,3806,563,0,192,424,3452,49,8
52.388724,2.423000,112.000,44.018000,1.950000,127.977314,3806,563,0,192,424,3452,49,8
52.404010,15.286000,112.000,44.018000,1.950000,127.978466,3848,555,0,192,424,3452,49,0
52.407064,3.054000,112.000,44.018000,1.950000,127.948750,3806,555,0,198,403,3410,49,0
52.419607,12.543000,112.000,44.018000,1.950000,127.949139,3806,555,0,198,403,3410,49,0
52.421996,2.389000,112.000,44.018000,1.950000,127.949619,3806,555,0,198,403,3410,49,0
52.436866,14.870000,112.000,44.018000,1.950000,127.921432,3806,555,0,198,403,3410,49,0
52.439705,2.839000,112.000,44.018000,1.950000,127.921913,3806,555,0,198,403,3410,49,0
52.453723,14.018000,112.000,44.018000,1.950000,127.922329,3806,555,0,198,403,3410,49,0
52.456679,2.956000,112.000,44.018000,1.950000,127.922810,3806,555,0,197,403,3410,49,0
52.469762,13.083000,112.000,44.018000,1.950000,127.924965,3809,555,0,197,403,3410,49,0
52.472264,2.502000,112.000,44.018000,1.950000,127.925446,3809,555,0,197,403,3410,49,0
52.486503,14.239000,112.000,44.018000,1.950000,127.925873,3809,555,0,197,403,3410,49,0
52.489868,3.365000,112.000,44.018000,1.950000,127.932358,3819,555,0,197,403,3410,49,0
52.504011,14.143000,112.000,44.018000,1.950000,127.932793,3819,555,0,197,403,3410,49,0
52.506883,2.872000,112.000,44.018000,1.950000,127.933273,3819,555,0,197,403,3410,49,0
52.519681,12.798000,112.000,44.018000,1.950000,127.933754,3819,555,0,197,403,3410,49,0
52.522614,2.933000,112.000,44.018000,1.950000,127.934235,3819,555,0,198,403,3410,49,0
52.536504,13.890000,112.000,44.018000,1.950000,127.934746,3819,555,0,198,403,3410,49,0
52.539293,2.789000,112.000,44.018000,1.950000,127.935226,3819,555,0,198,403,3410,49,0
52.588638,49.345000,112.000,44.018000,1.950000,128.096310,3956,564,0,244,487,3578,49,0
52.602517,13.879000,112.000,44.018000,1.950000,128.096638,3956,564,0,236,477,3558,49,0
52.606117,3.600000,112.000,44.018000,1.950000,128.026245,3840,564,0,222,463,3530,49,0
52.619094,12.977000,112.000,44.018000,1.950000,128.026726,3840,564,0,222,463,3530,49,0
52.621591,2.497000,112.000,44.018000,1.950000,128.027206,3840,564,0,222,463,3530,49,0
52.635966,14.375000,112.000,44.018000,1.950000,128.029339,3843,564,0,222,463,3530,49,0
52.638793,2.827000,112.000,44.018000,1.950000,128.029819,3843,564,0,222,463,3530,49,0
52.652564,13.771000,112.000,44.018000,1.950000,128.030315,3843,564,0,222,463,3530,49,0
52.655336,2.772000,112.000,44.018000,1.950000,127.946331,3803,540,0,215,455,3514,49,0
52.669256,13.920000,110.000,47.640000,2.269000,127.917225,3755,540,0,215,455,3514,49,0
52.671794,2.538000,110.000,47.640000,2.269000,127.917706,3755,540,0,215,455,3514,49,0
52.685905,14.111000,110.000,47.640000,2.269000,127.915714,3751,540,0,215,455,3514,49,0
52.688581,2.676000,110.000,47.640000,2.269000,127.911732,3749,540,0,214,419,3442,49,0
52.702757,14.176000,110.000,47.640000,2.269000,127.910572,3746,540,0,214,419,3442,49,0
52.705251,2.494000,110.000,47.640000,2.269000,127.911053,3746,540,0,214,419,3442,49,0
52.719601,14.350000,110.000,47.640000,2.269000,127.870987,3749,540,0,214,419,3442,49,0
52.722126,2.525000,110.000,47.640000,2.269000,127.871468,3749,540,0,214,419,3442,49,0
52.736209,14.083000,110.000,47.640000,2.269000,127.871948,3749,540,0,214,419,3442,49,0
52.738863,2.654000,110.000,47.640000,2.269000,127.872429,3749,540,0,214,419,3442,49,0
52.753389,14.526000,110.000,47.640000,2.269000,127.876301,3755,540,0,214,419,3442,49,0
52.755817,2.428000,110.000,47.640000,2.269000,127.876781,3755,540,0,214,419,3442,49,0
52.769334,13.517000,110.000,47.640000,2.269000,127.876610,3755,540,0,214,419,3442,49,0
52.772089,2.755000,110.000,47.640000,2.269000,127.873589,3749,540,0,214,419,3442,49,0
52.786390,14.301000,110.000,47.640000,2.269000,127.874130,3749,540,0,213,418,3440,49,0
52.789262,2.872000,110.000,47.640000,2.269000,127.874565,3749,540,0,213,418,3440,49,0
52.803317,14.055000,110.000,47.640000,2.269000,127.875031,3749,540,0,211,416,3436,49,0
52.805783,2.466000,110.000,47.640000,2.269000,127.875511,3749,540,0,210,415,3434,49,0
52.819607,13.824000,110.000,47.640000,2.269000,127.867191,3748,536,0,210,415,3434,49,0
52.822017,2.410000,110.000,47.640000,2.269000,127.863323,3741,536,0,209,415,3434,49,0
52.836396,14.379000,110.000,47.640000,2.269000,127.867077,3747,536,0,207,413,3430,49,0
52.839308,2.912000,110.000,47.640000,2.269000,127.867474,3747,536,0,206,412,3428,49,0
52.853655,14.347000,110.000,47.640000,2.269000,127.852379,3738,531,0,205,411,3426,49,0
52.856415,2.760000,110.000,47.640000,2.269000,127.846542,3728,531,0,206,411,3426,49,0
52.869630,13.215000,110.000,47.640000,2.269000,127.845459,3725,531,0,206,411,3426,49,0
52.874120,4.490000,110.000,47.640000,2.269000,127.885849,3727,531,0,221,446,3496,49,0
52.886190,12.070000,110.000,47.640000,2.269000,127.886299,3727,531,0,221,446,3496,49,0
52.889299,3.109000,110.000,47.640000,2.269000,127.886734,3727,531,0,221,446,3496,49,0
52.904381,15.082000,110.000,47.640000,2.269000,128.010101,3807,563,0,221,446,3496,49,0
52.907947,3.566000,110.000,47.640000,2.269000,128.016396,3807,563,0,230,462,3528,49,0
52.919574,11.627000,110.000,47.640000,2.269000,128.015190,3804,563,0,230,462,3528,49,0
52.922417,2.843000,110.000,47.640000,2.269000,128.015671,3804,563,0,230,462,3528,49,0
52.936205,13.788000,110.000,47.640000,2.269000,128.016151,3804,563,0,230,462,3528,49,0
52.939607,3.402000,110.000,47.640000,2.269000,128.016632,3804,563,0,230,462,3528,49,0
52.953647,14.040000,110.000,47.640000,2.269000,128.015472,3801,563,0,230,462,3528,49,0
52.956736,3.089000,110.000,47.640000,2.269000,128.015953,3801,563,0,230,462,3528,49,0
52.969575,12.839000,110.000,47.640000,2.269000,128.018105,3804,563,0,230,462,3528,49,0
52.972398,2.823000,110.000,47.640000,2.269000,128.018585,3804,563,0,230,462,3528,49,0
52.986035,13.637000,110.000,47.640000,2.269000,128.015785,3798,563,0,230,462,3528,49,0
52.989311,3.276000,110.000,47.640000,2.269000,128.016266,3798,563,0,230,462,3528,49,0
53.004025,14.714000,110.000,47.640000,2.269000,128.018364,3801,563,0,230,462,3528,49,0
53.007535,3.510000,110.000,47.640000,2.269000,128.018845,3801,563,0,230,462,3528,49,0
53.019460,11.925000,110.000,47.640000,2.269000,128.022564,3807,563,0,229,441,3486,49,0
53.021911,2.451000,110.000,47.640000,2.269000,128.018589,3805,563,0,229,441,3486,49,0
53.036872,14.961000,110.000,47.640000,2.269000,128.022354,3811,563,0,229,441,3486,49,0
53.040378,3.506000,110.000,47.640000,2.269000,127.994041,3811,563,0,229,441,3486,49,0
53.054124,13.746000,110.000,47.640000,2.269000,127.994293,3811,563,0,229,441,3486,49,0
53.057428,3.304000,110.000,47.640000,2.269000,127.994774,3811,563,0,229,441,3486,49,0
53.069812,12.384000,110.000,47.640000,2.269000,127.992001,3805,563,0,229,441,3486,49,0
53.072366,2.554000,110.000,47.640000,2.269000,127.992481,3805,563,0,229,441,3486,49,0
53.086419,14.053000,110.000,47.640000,2.269000,127.992962,3805,563,0,229,441,3486,49,0
53.089656,3.237000,110.000,47.640000,2.269000,127.993443,3805,563,0,229,441,3486,49,0
53.104153,14.497000,110.000,47.640000,2.269000,128.001568,3818,563,0,229,441,3486,49,0
53.107330,3.177000,110.000,47.640000,2.269000,128.002048,3818,563,0,229,441,3486,49,0
53.119797,12.467000,110.000,47.640000,2.269000,128.004135,3821,563,0,229,441,3486,49,0
53.122490,2.693000,110.000,47.640000,2.269000,128.004616,3821,563,0,229,441,3486,49,0
53.136361,13.871000,110.000,47.640000,2.269000,128.005093,3821,563,0,229,441,3486,49,0
53.138921,2.560000,110.000,47.640000,2.269000,128.005573,3821,563,0,229,441,3486,49,0
53.153156,14.235000,110.000,47.640000,2.269000,128.006069,3821,563,0,229,441,3486,49,0
53.193990,40.834000,110.000,47.640000,2.269000,128.150192,3961,572,0,238,485,3574,49,0
53.198176,4.186000,110.000,47.640000,2.269000,128.150532,3961,572,0,238,483,3570,49,0
53.210151,11.975000,110.000,47.640000,2.269000,128.091373,3853,572,0,238,483,3570,49,0
53.219207,9.056000,110.000,47.640000,2.269000,128.093506,3856,572,0,238,483,3570,49,0
53.221940,2.733000,110.000,47.640000,2.269000,128.078423,3856,572,0,206,451,3506,49,0
53.234666,12.726000,110.000,47.640000,2.269000,128.078857,3856,572,0,206,451,3506,49,0
53.239111,4.445000,110.000,47.640000,2.269000,128.077698,3853,572,0,206,451,3506,49,0
53.252995,13.884000,110.000,47.640000,2.269000,128.078236,3853,572,0,206,451,3506,49,0
53.254917,1.922000,110.000,47.640000,2.269000,128.078716,3853,572,0,206,451,3506,49,0
53.269164,14.247000,110.000,47.640000,2.269000,128.075916,3847,572,0,206,451,3506,49,0
53.271084,1.920000,110.000,47.640000,2.269000,128.076397,3847,572,0,206,451,3506,49,0
53.285757,14.673000,110.000,47.640000,2.269000,128.075237,3844,572,0,206,451,3506,49,0
53.288036,2.279000,110.000,47.640000,2.269000,128.073215,3840,572,0,206,451,3506,49,0
53.302903,14.867000,110.000,47.640000,2.269000,128.075371,3843,572,0,205,415,3434,49,0
53.305067,2.164000,110.000,47.640000,2.269000,128.075798,3843,572,0,205,415,3434,49,0
53.319481,14.414000,110.000,47.640000,2.269000,128.071777,3841,572,0,205,415,3434,49,0
53.321992,2.511000,110.000,47.640000,2.269000,128.029877,3841,572,0,205,415,3434,49,0
53.336281,14.289000,110.000,47.640000,2.269000,128.028816,3838,572,0,205,415,3434,49,0
53.338821,2.540000,110.000,47.640000,2.269000,128.029297,3838,572,0,205,415,3434,49,0
53.353735,14.914000,110.000,47.640000,2.269000,128.028233,3835,572,0,205,415,3434,49,0
53.356428,2.693000,110.000,47.640000,2.269000,128.028713,3835,572,0,205,415,3434,49,0
53.369562,13.134000,110.000,47.640000,2.269000,128.029179,3835,572,0,205,415,3434,49,0
53.371857,2.295000,110.000,47.640000,2.269000,128.029018,3835,572,0,205,415,3434,49,0
53.386692,14.835000,110.000,47.640000,2.269000,128.025997,3829,572,0,205,415,3434,49,0
53.389500,2.808000,110.000,47.640000,2.269000,128.024837,3826,572,0,204,414,3432,49,0
53.403790,14.290000,110.000,47.640000,2.269000,128.025223,3826,572,0,204,414,3432,49,0
53.406381,2.591000,110.000,47.640000,2.269000,128.025658,3826,572,0,202,412,3428,49,0
53.419359,12.978000,110.000,47.640000,2.269000,128.026138,3826,572,0,201,411,3426,49,0
53.421736,2.377000,110.000,47.640000,2.269000,128.016205,3822,568,0,201,411,3426,49,0
53.436590,14.854000,110.000,47.640000,2.269000,128.013950,3818,568,0,201,411,3426,49,0
53.439589,2.999000,110.000,47.640000,2.269000,128.012745,3815,568,0,199,409,3422,49,0
53.453925,14.336000,110.000,47.640000,2.269000,128.014767,3818,568,0,198,408,3420,49,0
53.456625,2.700000,110.000,47.640000,2.269000,128.013378,3815,568,0,197,407,3418,49,0
53.469833,13.208000,110.000,47.640000,2.269000,128.000145,3809,563,0,197,407,3418,49,0
53.472518,2.685000,110.000,47.640000,2.269000,127.994308,3799,563,0,197,407,3418,49,0
53.486297,13.779000,110.000,47.640000,2.269000,128.040176,3795,563,0,230,460,3524,49,0
53.489501,3.204000,110.000,47.640000,2.269000,128.040657,3795,563,0,230,460,3524,49,0
53.503923,14.422000,110.000,47.640000,2.269000,128.034328,3795,563,0,216,446,3496,49,0
53.507226,3.303000,110.000,47.640000,2.269000,128.034809,3795,563,0,216,446,3496,49,0
53.519381,12.155000,110.000,47.640000,2.269000,128.035236,3795,563,0,216,446,3496,49,0
53.522248,2.867000,110.000,47.640000,2.269000,128.035717,3795,563,0,216,446,3496,49,0
53.536559,14.311000,110.000,47.640000,2.269000,128.036327,3795,563,0,216,446,3496,49,0
53.556238,19.679000,110.000,47.640000,2.269000,128.040195,3798,563,0,216,446,3496,49,3
53.568656,12.418000,110.000,47.640000,2.269000,128.040676,3798,563,0,216,446,3496,49,3
53.572541,3.885000,110.000,47.640000,2.269000,128.044090,3798,563,0,216,446,3496,49,8
53.584687,12.146000,110.000,47.640000,2.269000,128.044571,3798,563,0,216,446,3496,49,8
53.589151,4.464000,110.000,47.640000,2.269000,128.047523,3798,563,0,216,446,3496,49,8
53.601954,12.803000,110.000,47.640000,2.269000,128.048004,3798,563,0,216,446,3496,49,8
53.606750,4.796000,110.000,47.640000,2.269000,128.052460,3846,555,0,216,446,3496,49,0
53.618304,11.554000,110.000,47.640000,2.269000,128.027100,3806,555,0,223,446,3496,49,0
53.622350,4.046000,110.000,47.640000,2.269000,128.023170,3804,555,0,223,446,3496,49,0
53.634708,12.358000,110.000,47.640000,2.269000,128.023605,3804,555,0,222,425,3454,49,0
53.639026,4.318000,110.000,47.640000,2.269000,128.024132,3804,555,0,222,425,3454,49,0
53.651801,12.775000,110.000,47.640000,2.269000,127.995819,3804,555,0,222,425,3454,49,0
53.656724,4.923000,110.000,47.640000,2.269000,127.996349,3804,555,0,222,425,3454,49,0
53.668226,11.502000,114.000,39.644000,2.597000,127.996830,3804,555,0,222,425,3454,49,0
53.672304,4.078000,114.000,39.644000,2.597000,127.995686,3801,555,0,222,425,3454,49,0
53.685192,12.888000,114.000,39.644000,2.597000,127.994526,3798,555,0,222,425,3454,49,0
53.689615,4.423000,114.000,39.644000,2.597000,127.994930,3798,555,0,222,425,3454,49,0
53.701898,12.283000,114.000,39.644000,2.597000,127.995411,3798,555,0,222,425,3454,49,0
53.706438,4.540000,114.000,39.644000,2.597000,128.001865,3808,555,0,222,425,3454,49,0
53.718285,11.847000,114.000,39.644000,2.597000,128.002346,3808,555,0,222,425,3454,49,0
53.722655,4.370000,114.000,39.644000,2.597000,128.004486,3811,555,0,222,425,3454,49,0
53.734736,12.081000,114.000,39.644000,2.597000,128.004967,3811,555,0,222,425,3454,49,0
53.739334,4.598000,114.000,39.644000,2.597000,128.005466,3811,555,0,222,425,3454,49,0
53.751731,12.397000,114.000,39.644000,2.597000,128.005947,3811,555,0,222,425,3454,49,0
53.756451,4.720000,114.000,39.644000,2.597000,128.006428,3811,555,0,222,425,3454,49,0
53.797878,41.427000,114.000,39.644000,2.597000,128.155945,3948,564,0,237,479,3562,49,0
53.810971,13.093000,114.000,39.644000,2.597000,128.156437,3948,564,0,237,479,3562,49,0
53.819183,8.212000,114.000,39.644000,2.597000,128.161369,3950,564,0,237,479,3562,49,0
53.821905,2.722000,114.000,39.644000,2.597000,128.103851,3845,564,0,237,479,3562,49,0
53.835781,13.876000,114.000,39.644000,2.597000,128.107635,3851,564,0,237,479,3562,49,0
53.838606,2.825000,114.000,39.644000,2.597000,128.108116,3851,564,0,237,479,3562,49,0
53.852593,13.987000,114.000,39.644000,2.597000,128.108597,3851,564,0,237,479,3562,49,0
53.855604,3.011000,114.000,39.644000,2.597000,128.024612,3811,540,0,229,471,3546,49,0
53.869379,13.775000,114.000,39.644000,2.597000,127.995506,3763,540,0,229,471,3546,49,0
53.872068,2.689000,114.000,39.644000,2.597000,127.995987,3763,540,0,229,471,3546,49,0
53.886419,14.351000,114.000,39.644000,2.597000,127.996468,3763,540,0,229,471,3546,49,0
53.889475,3.056000,114.000,39.644000,2.597000,127.996948,3763,540,0,229,471,3546,49,0
53.902882,13.407000,114.000,39.644000,2.597000,127.996544,3762,540,0,229,471,3546,49,0
53.905378,2.496000,114.000,39.644000,2.597000,127.992615,3760,540,0,228,435,3474,49,0
53.919222,13.844000,114.000,39.644000,2.597000,127.996391,3766,540,0,228,435,3474,49,0
53.921614,2.392000,114.000,39.644000,2.597000,127.954491,3766,540,0,228,435,3474,49,0
53.936316,14.702000,114.000,39.644000,2.597000,127.955078,3766,540,0,228,435,3474,49,0
53.939079,2.763000,114.000,39.644000,2.597000,127.955559,3766,540,0,228,435,3474,49,0
53.953075,13.996000,114.000,39.644000,2.597000,127.956055,3766,540,0,228,435,3474,49,0
53.955658,2.583000,114.000,39.644000,2.597000,127.954842,3763,540,0,228,435,3474,49,0
53.969313,13.655000,114.000,39.644000,2.597000,127.950882,3761,540,0,228,435,3474,49,0
53.971648,2.335000,114.000,39.644000,2.597000,127.951363,3761,540,0,228,435,3474,49,0
53.986157,14.509000,114.000,39.644000,2.597000,127.951336,3761,540,0,228,435,3474,49,0
53.988918,2.761000,114.000,39.644000,2.597000,127.948315,3755,540,0,228,435,3474,49,0
54.003421,14.503000,114.000,39.644000,2.597000,127.947140,3752,540,0,227,434,3472,49,0
54.005996,2.575000,114.000,39.644000,2.597000,127.947620,3752,540,0,226,433,3470,49,0
54.019759,13.763000,114.000,39.644000,2.597000,127.948116,3752,540,0,225,432,3468,49,0
54.022283,2.524000,114.000,39.644000,2.597000,127.936543,3745,536,0,224,431,3466,49,0
54.036124,13.841000,114.000,39.644000,2.597000,127.932674,3738,536,0,224,431,3466,49,0
54.038607,2.483000,114.000,39.644000,2.597000,127.933155,3738,536,0,222,429,3462,49,0
54.052999,14.392000,114.000,39.644000,2.597000,127.935253,3741,536,0,222,429,3462,49,0
54.055309,2.310000,114.000,39.644000,2.597000,127.935650,3741,536,0,221,428,3460,49,0
54.069443,14.134000,114.000,39.644000,2.597000,127.917248,3726,531,0,220,427,3458,49,0
54.071783,2.340000,114.000,39.644000,2.597000,127.911411,3716,531,0,220,427,3458,49,0
54.086905,15.122000,114.000,39.644000,2.597000,127.913551,3719,531,0,220,427,3458,49,0
54.091542,4.637000,114.000,39.644000,2.597000,127.947166,3721,531,0,221,448,3500,49,0
54.103903,12.361000,114.000,39.644000,2.597000,128.073814,3807,563,0,221,448,3500,49,0
54.106760,2.857000,114.000,39.644000,2.597000,128.064545,3807,563,0,198,432,3468,49,0
54.119417,12.657000,114.000,39.644000,2.597000,128.068230,3813,563,0,198,432,3468,49,0
54.121764,2.347000,114.000,39.644000,2.597000,128.068710,3813,563,0,198,432,3468,49,0
54.136291,14.527000,114.000,39.644000,2.597000,128.069210,3813,563,0,198,432,3468,49,0
54.139254,2.963000,114.000,39.644000,2.597000,128.069691,3813,563,0,198,432,3468,49,0
54.153543,14.289000,114.000,39.644000,2.597000,128.066853,3807,563,0,198,432,3468,49,0
54.156379,2.836000,114.000,39.644000,2.597000,128.067333,3807,563,0,198,432,3468,49,0
54.169641,13.262000,114.000,39.644000,2.597000,128.068005,3807,563,0,198,432,3468,49,0
54.172209,2.568000,114.000,39.644000,2.597000,128.068485,3807,563,0,198,432,3468,49,0
54.185866,13.657000,114.000,39.644000,2.597000,128.070629,3810,563,0,198,432,3468,49,0
54.188407,2.541000,114.000,39.644000,2.597000,128.071110,3810,563,0,198,432,3468,49,0
54.203891,15.484000,114.000,39.644000,2.597000,128.073250,3813,563,0,198,432,3468,49,0
54.207181,3.290000,114.000,39.644000,2.597000,128.073730,3813,563,0,198,432,3468,49,0
54.219441,12.260000,114.000,39.644000,2.597000,128.074154,3813,563,0,198,432,3468,49,0
54.221866,2.425000,114.000,39.644000,2.597000,128.074635,3813,563,0,198,432,3468,49,0
54.235941,14.075000,114.000,39.644000,2.597000,128.075092,3813,563,0,197,411,3426,49,0
54.239023,3.082000,114.000,39.644000,2.597000,128.071163,3811,563,0,195,409,3422,49,0
54.253819,14.796000,114.000,39.644000,2.597000,128.072311,3814,563,0,195,409,3422,49,0
54.256993,3.174000,114.000,39.644000,2.597000,128.043999,3814,563,0,195,409,3422,49,0
54.269614,12.621000,114.000,39.644000,2.597000,128.044395,3814,563,0,195,409,3422,49,0
54.271871,2.257000,114.000,39.644000,2.597000,128.044876,3814,563,0,195,409,3422,49,0
54.286620,14.749000,114.000,39.644000,2.597000,128.045364,3814,563,0,195,409,3422,49,0
54.289590,2.970000,114.000,39.644000,2.597000,128.045799,3814,563,0,195,409,3422,49,0
54.303964,14.374000,114.000,39.644000,2.597000,128.046242,3814,563,0,195,409,3422,49,0
54.306902,2.938000,114.000,39.644000,2.597000,128.046722,3814,563,0,194,409,3422,49,0
54.319495,12.593000,114.000,39.644000,2.597000,128.051598,3821,563,0,194,409,3422,49,0
54.322045,2.550000,114.000,39.644000,2.597000,128.052078,3821,563,0,194,409,3422,49,0
54.336185,14.140000,114.000,39.644000,2.597000,128.052612,3821,563,0,194,409,3422,49,0
54.339548,3.363000,114.000,39.644000,2.597000,128.053093,3821,563,0,195,409,3422,49,0
54.354604,15.056000,114.000,39.644000,2.597000,128.050301,3815,563,0,195,409,3422,49,0
54.357762,3.158000,114.000,39.644000,2.597000,128.050781,3815,563,0,195,409,3422,49,0
54.369692,11.930000,114.000,39.644000,2.597000,128.049606,3812,563,0,195,409,3422,49,0
54.416041,46.349000,114.000,39.644000,2.597000,128.209961,3952,572,0,238,489,3582,49,0
54.436402,20.361000,114.000,39.644000,2.597000,128.210075,3952,572,0,238,485,3574,49,0
54.440397,3.995000,114.000,39.644000,2.597000,128.132450,3844,572,0,200,447,3498,49,0
54.452641,12.244000,114.000,39.644000,2.597000,128.131275,3841,572,0,200,447,3498,49,0
54.455062,2.421000,114.000,39.644000,2.597000,128.131756,3841,572,0,200,447,3498,49,0
54.469187,14.125000,114.000,39.644000,2.597000,128.132236,3841,572,0,200,447,3498,49,0
54.471843,2.656000,114.000,39.644000,2.597000,128.132717,3841,572,0,200,447,3498,49,0
54.485911,14.068000,114.000,39.644000,2.597000,128.131557,3838,572,0,200,447,3498,49,0
54.488789,2.878000,114.000,39.644000,2.597000,128.132038,3838,572,0,200,447,3498,49,0
54.502562,13.773000,114.000,39.644000,2.597000,128.132534,3838,572,0,200,447,3498,49,0
54.505136,2.574000,114.000,39.644000,2.597000,128.130512,3834,572,0,200,447,3498,49,0
54.519362,14.226000,114.000,39.644000,2.597000,128.130989,3834,572,0,199,411,3426,49,0
54.521721,2.359000,114.000,39.644000,2.597000,128.131416,3834,572,0,199,411,3426,49,0
54.535674,13.953000,114.000,39.644000,2.597000,128.129135,3835,572,0,199,411,3426,49,0
54.538511,2.837000,114.000,39.644000,2.597000,128.087864,3835,572,0,199,411,3426,49,0
54.553217,14.706000,114.000,39.644000,2.597000,128.088356,3835,572,0,199,411,3426,49,0
54.555681,2.464000,114.000,39.644000,2.597000,128.088837,3835,572,0,199,411,3426,49,0
54.569437,13.756000,114.000,39.644000,2.597000,128.086128,3829,572,0,199,411,3426,49,0
54.572063,2.626000,114.000,39.644000,2.597000,128.086609,3829,572,0,199,411,3426,49,0
54.586478,14.415000,114.000,39.644000,2.597000,128.087284,3829,572,0,199,411,3426,49,0
54.589162,2.684000,114.000,39.644000,2.597000,128.087124,3829,572,0,199,411,3426,49,0
54.603286,14.124000,114.000,39.644000,2.597000,128.084126,3823,572,0,199,411,3426,49,0
54.605883,2.597000,114.000,39.644000,2.597000,128.082966,3820,572,0,198,410,3424,49,0
54.619641,13.758000,114.000,39.644000,2.597000,128.085083,3823,572,0,198,410,3424,49,0
54.622075,2.434000,114.000,39.644000,2.597000,128.085564,3823,572,0,196,408,3420,49,0
54.636551,14.476000,114.000,39.644000,2.597000,128.087566,3826,572,0,195,407,3418,49,0
54.639425,2.874000,114.000,39.644000,2.597000,128.077633,3822,568,0,195,407,3418,49,0
54.653589,14.164000,114.000,39.644000,2.597000,128.073696,3815,568,0,195,407,3418,49,0
54.656207,2.618000,114.000,39.644000,2.597000,128.074177,3815,568,0,193,405,3414,49,0
54.669604,13.397000,110.000,44.553000,2.754000,128.074589,3815,568,0,192,404,3412,49,0
54.671979,2.375000,110.000,44.553000,2.754000,128.059536,3806,563,0,191,403,3410,49,0
54.685965,13.986000,110.000,44.553000,2.754000,128.053593,3796,563,0,191,403,3410,49,0
54.691889,5.924000,110.000,44.553000,2.754000,128.105659,3798,563,0,230,462,3528,49,0
54.697714,5.825000,110.000,44.553000,2.754000,128.106110,3798,563,0,230,462,3528,49,0
54.710143,12.429000,110.000,44.553000,2.754000,128.106590,3798,563,0,230,462,3528,49,0
54.719131,8.988000,110.000,44.553000,2.754000,128.107086,3798,563,0,230,462,3528,49,0
54.721087,1.956000,110.000,44.553000,2.754000,128.107567,3798,563,0,230,462,3528,49,0
54.735693,14.606000,110.000,44.553000,2.754000,128.108017,3798,563,0,230,462,3528,49,0
54.737919,2.226000,110.000,44.553000,2.754000,128.108498,3798,563,0,230,462,3528,49,0
54.753455,15.536000,110.000,44.553000,2.754000,128.108513,3795,563,0,230,462,3528,49,2
54.755613,2.158000,110.000,44.553000,2.754000,128.108994,3795,563,0,230,462,3528,49,2
54.769338,13.725000,110.000,44.553000,2.754000,128.111366,3792,563,0,230,462,3528,49,8
54.771137,1.799000,110.000,44.553000,2.754000,128.111847,3792,563,0,230,462,3528,49,8
54.786420,15.283000,110.000,44.553000,2.754000,128.114784,3792,563,0,230,462,3528,49,8
54.789065,2.645000,110.000,44.553000,2.754000,128.115219,3792,563,0,230,462,3528,49,8
54.803925,14.860000,110.000,44.553000,2.754000,128.121380,3843,555,0,230,462,3528,49,0
54.806672,2.747000,110.000,44.553000,2.754000,128.096119,3803,555,0,237,462,3528,49,0
54.819311,12.639000,110.000,44.553000,2.754000,128.096405,3803,555,0,237,462,3528,49,0
54.822380,3.069000,110.000,44.553000,2.754000,128.096886,3803,555,0,237,462,3528,49,0
54.836038,13.658000,110.000,44.553000,2.754000,128.097282,3803,555,0,236,441,3486,49,0
54.839387,3.349000,110.000,44.553000,2.754000,128.093353,3801,555,0,236,441,3486,49,0
54.853480,14.093000,110.000,44.553000,2.754000,128.093876,3801,555,0,236,441,3486,49,0
54.856623,3.143000,110.000,44.553000,2.754000,128.065517,3801,555,0,236,441,3486,49,0
54.869675,13.052000,110.000,44.553000,2.754000,128.064560,3798,555,0,236,441,3486,49,0
54.872203,2.528000,110.000,44.553000,2.754000,128.065041,3798,555,0,235,441,3486,49,0
54.886274,14.071000,110.000,44.553000,2.754000,128.067242,3801,555,0,235,441,3486,49,0
54.888883,2.609000,110.000,44.553000,2.754000,128.067722,3801,555,0,236,441,3486,49,0
54.902839,13.956000,110.000,44.553000,2.754000,128.068245,3801,555,0,236,441,3486,49,0
54.905074,2.235000,110.000,44.553000,2.754000,128.068726,3801,555,0,236,441,3486,49,0
54.919473,14.399000,110.000,44.553000,2.754000,128.072464,3807,555,0,236,441,3486,49,0
54.921843,2.370000,110.000,44.553000,2.754000,128.078949,3817,555,0,236,441,3486,49,0
54.935971,14.128000,110.000,44.553000,2.754000,128.079430,3817,555,0,236,441,3486,49,0
54.938309,2.338000,110.000,44.553000,2.754000,128.079910,3817,555,0,236,441,3486,49,0
54.952729,14.420000,110.000,44.553000,2.754000,128.080406,3817,555,0,236,441,3486,49,0
54.957009,4.280000,110.000,44.553000,2.754000,128.080887,3817,555,0,235,441,3486,49,0
54.971029,14.020000,110.000,44.553000,2.754000,128.081451,3817,555,0,227,433,3470,49,0
54.972953,1.924000,110.000,44.553000,2.754000,128.081932,3817,555,0,228,433,3470,49,0
55.008072,35.119000,110.000,44.553000,2.754000,128.224804,3957,564,0,237,477,3558,49,0
55.019184,11.112000,110.000,44.553000,2.754000,128.212074,3963,564,0,203,441,3486,49,0
55.022081,2.897000,110.000,44.553000,2.754000,128.228916,3963,564,0,236,475,3554,49,0
55.035448,13.367000,110.000,44.553000,2.754000,128.171398,3858,564,0,236,475,3554,49,0
55.037665,2.217000,110.000,44.553000,2.754000,128.164402,3855,564,0,224,463,3530,49,0
55.052306,14.641000,110.000,44.553000,2.754000,128.164883,3855,564,0,224,463,3530,49,0
55.054408,2.102000,110.000,44.553000,2.754000,128.165363,3855,564,0,224,463,3530,49,0
55.069161,14.753000,110.000,44.553000,2.754000,128.165844,3855,564,0,224,463,3530,49,0
55.071363,2.202000,110.000,44.553000,2.754000,128.081860,3815,540,0,216,455,3514,49,0
55.086548,15.185000,110.000,44.553000,2.754000,128.052753,3767,540,0,216,455,3514,49,0
55.088961,2.413000,110.000,44.553000,2.754000,128.051594,3764,540,0,216,455,3514,49,0
55.102925,13.964000,110.000,44.553000,2.754000,128.052074,3764,540,0,217,455,3514,49,0
55.107278,4.353000,110.000,44.553000,2.754000,128.052464,3764,540,0,217,455,3514,49,0
55.118346,11.068000,110.000,44.553000,2.754000,128.052891,3764,540,0,217,455,3514,49,0
55.122417,4.071000,110.000,44.553000,2.754000,128.044727,3755,540,0,215,455,3514,49,0
55.134667,12.250000,110.000,44.553000,2.754000,128.045208,3755,540,0,214,419,3442,49,0
55.139589,4.922000,110.000,44.553000,2.754000,128.047359,3758,540,0,214,419,3442,49,0
55.151716,12.127000,110.000,44.553000,2.754000,128.047840,3758,540,0,214,419,3442,49,0
55.156058,4.342000,110.000,44.553000,2.754000,128.004040,3752,540,0,214,419,3442,49,0
55.168237,12.179000,110.000,44.553000,2.754000,128.004520,3752,540,0,215,419,3442,49,0
55.172747,4.510000,110.000,44.553000,2.754000,128.006702,3755,540,0,215,419,3442,49,0
55.184982,12.235000,110.000,44.553000,2.754000,128.007183,3755,540,0,215,419,3442,49,0
55.189979,4.997000,110.000,44.553000,2.754000,128.010983,3761,540,0,216,419,3442,49,0
55.201624,11.645000,110.000,44.553000,2.754000,128.011463,3761,540,0,214,419,3442,49,0
55.206491,4.867000,110.000,44.553000,2.754000,128.014690,3767,540,0,214,419,3442,49,0
55.218269,11.778000,110.000,44.553000,2.754000,128.010029,3758,540,0,214,419,3442,49,0
55.223491,5.222000,110.000,44.553000,2.754000,128.012123,3761,540,0,213,418,3440,49,0
55.234829,11.338000,110.000,44.553000,2.754000,128.012604,3761,540,0,211,416,3436,49,0
55.239777,4.948000,110.000,44.553000,2.754000,128.009750,3755,540,0,211,416,3436,49,0
55.251770,11.993000,110.000,44.553000,2.754000,127.999817,3751,536,0,210,415,3434,49,0
55.256684,4.914000,110.000,44.553000,2.754000,127.995857,3744,536,0,210,415,3434,49,0
55.268305,11.621000,110.000,44.553000,2.754000,127.996338,3744,536,0,209,413,3430,49,0
55.273057,4.752000,110.000,44.553000,2.754000,127.998482,3747,536,0,209,413,3430,49,0
55.285068,12.011000,110.000,44.553000,2.754000,127.998878,3747,536,0,208,412,3428,49,0
55.289924,4.856000,110.000,44.553000,2.754000,127.985405,3741,531,0,207,411,3426,49,0
55.301792,11.868000,110.000,44.553000,2.754000,127.979568,3731,531,0,207,411,3426,49,0
55.307890,6.098000,110.000,44.553000,2.754000,128.141869,3813,563,0,220,444,3492,49,0
55.318254,10.364000,110.000,44.553000,2.754000,128.129635,3813,563,0,191,422,3448,49,0
55.322676,4.422000,110.000,44.553000,2.754000,128.130054,3813,563,0,191,422,3448,49,0
55.334832,12.156000,110.000,44.553000,2.754000,128.130535,3813,563,0,191,422,3448,49,0
55.339763,4.931000,110.000,44.553000,2.754000,128.132603,3816,563,0,191,422,3448,49,0
55.351779,12.016000,110.000,44.553000,2.754000,128.133083,3816,563,0,192,422,3448,49,0
55.356526,4.747000,110.000,44.553000,2.754000,128.133564,3816,563,0,192,422,3448,49,0
55.368313,11.787000,110.000,44.553000,2.754000,128.132404,3813,563,0,192,422,3448,49,0
55.372200,3.887000,110.000,44.553000,2.754000,128.134499,3816,563,0,192,422,3448,49,0
55.385055,12.855000,110.000,44.553000,2.754000,128.134899,3816,563,0,191,422,3448,49,0
55.390133,5.078000,110.000,44.553000,2.754000,128.135414,3816,563,0,191,422,3448,49,0
55.401776,11.643000,110.000,44.553000,2.754000,128.135895,3816,563,0,191,422,3448,49,0
55.406147,4.371000,110.000,44.553000,2.754000,128.134804,3813,563,0,191,422,3448,49,0
55.418271,12.124000,110.000,44.553000,2.754000,128.135284,3813,563,0,191,422,3448,49,0
55.422566,4.295000,110.000,44.553000,2.754000,128.135689,3813,563,0,191,422,3448,49,0
55.434747,12.181000,110.000,44.553000,2.754000,128.136169,3813,563,0,192,422,3448,49,0
55.439888,5.141000,110.000,44.553000,2.754000,128.133335,3807,563,0,192,422,3448,49,0
55.451656,11.768000,110.000,44.553000,2.754000,128.133762,3807,563,0,191,401,3406,49,0
55.456282,4.626000,110.000,44.553000,2.754000,128.128193,3802,563,0,191,401,3406,49,0
55.468409,12.127000,110.000,44.553000,2.754000,128.128674,3802,563,0,189,401,3406,49,0
55.473251,4.842000,110.000,44.553000,2.754000,128.102177,3805,563,0,189,401,3406,49,0
55.484742,11.491000,110.000,44.553000,2.754000,128.102657,3805,563,0,189,401,3406,49,0
55.489726,4.984000,110.000,44.553000,2.754000,128.103104,3805,563,0,189,401,3406,49,0
55.501645,11.919000,110.000,44.553000,2.754000,128.103584,3805,563,0,189,401,3406,49,0
55.506015,4.370000,110.000,44.553000,2.754000,128.102470,3802,563,0,189,401,3406,49,0
55.518223,12.208000,110.000,44.553000,2.754000,128.102951,3802,563,0,190,401,3406,49,0
55.522222,3.999000,110.000,44.553000,2.754000,128.101791,3799,563,0,190,401,3406,49,0
55.535303,13.081000,110.000,44.553000,2.754000,128.108276,3809,563,0,191,401,3406,49,0
55.539919,4.616000,110.000,44.553000,2.754000,128.108795,3809,563,0,191,401,3406,49,0
55.551806,11.887000,110.000,44.553000,2.754000,128.109276,3809,563,0,191,401,3406,49,0
55.555917,4.111000,110.000,44.553000,2.754000,128.109772,3809,563,0,190,401,3406,49,0
55.568260,12.343000,110.000,44.553000,2.754000,128.110252,3809,563,0,190,401,3406,49,0
55.571815,3.555000,110.000,44.553000,2.754000,128.109016,3806,563,0,190,401,3406,49,0
55.585200,13.385000,110.000,44.553000,2.754000,128.109497,3806,563,0,190,401,3406,49,0
55.630495,45.295000,110.000,44.553000,2.754000,128.273190,3949,572,0,236,485,3574,49,0
55.636073,5.578000,110.000,44.553000,2.754000,128.273663,3949,572,0,202,451,3506,49,0
55.638723,2.650000,110.000,44.553000,2.754000,128.197968,3841,572,0,202,451,3506,49,0
55.652575,13.852000,110.000,44.553000,2.754000,128.198448,3841,572,0,202,451,3506,49,0
55.655172,2.597000,110.000,44.553000,2.754000,128.195648,3835,572,0,202,451,3506,49,0
55.669124,13.952000,113.000,43.084000,2.514000,128.196129,3835,572,0,202,451,3506,49,0
55.671566,2.442000,113.000,43.084000,2.514000,128.196609,3835,572,0,203,451,3506,49,0
55.686182,14.616000,113.000,43.084000,2.514000,128.197090,3835,572,0,203,451,3506,49,0
55.688934,2.752000,113.000,43.084000,2.514000,128.197571,3835,572,0,203,451,3506,49,0
55.702729,13.795000,113.000,43.084000,2.514000,128.198082,3835,572,0,203,451,3506,49,0
55.705408,2.679000,113.000,43.084000,2.514000,128.198563,3835,572,0,203,451,3506,49,0
55.719085,13.677000,113.000,43.084000,2.514000,128.200645,3838,572,0,203,451,3506,49,0
55.721533,2.448000,113.000,43.084000,2.514000,128.198624,3834,572,0,203,451,3506,49,0
55.736360,14.827000,113.000,43.084000,2.514000,128.199150,3834,572,0,202,415,3434,49,0
55.739003,2.643000,113.000,43.084000,2.514000,128.195122,3832,572,0,202,415,3434,49,0
55.753216,14.213000,113.000,43.084000,2.514000,128.154015,3832,572,0,202,415,3434,49,0
55.755591,2.375000,113.000,43.084000,2.514000,128.154495,3832,572,0,203,415,3434,49,0
55.769312,13.721000,113.000,43.084000,2.514000,128.154831,3832,572,0,203,415,3434,49,0
55.771744,2.432000,113.000,43.084000,2.514000,128.155312,3832,572,0,202,415,3434,49,0
55.785711,13.967000,113.000,43.084000,2.514000,128.155792,3832,572,0,202,415,3434,49,0
55.788373,2.662000,113.000,43.084000,2.514000,128.156273,3832,572,0,202,415,3434,49,0
55.803002,14.629000,113.000,43.084000,2.514000,128.156891,3832,572,0,202,415,3434,49,0
55.805416,2.414000,113.000,43.084000,2.514000,128.156731,3832,572,0,202,415,3434,49,0
55.819534,14.118000,113.000,43.084000,2.514000,128.153755,3826,572,0,202,415,3434,49,0
55.821811,2.277000,113.000,43.084000,2.514000,128.150955,3820,572,0,201,414,3432,49,0
55.836450,14.639000,113.000,43.084000,2.514000,128.151436,3820,572,0,201,414,3432,49,0
55.838977,2.527000,113.000,43.084000,2.514000,128.151871,3820,572,0,200,412,3428,49,0
55.853166,14.189000,113.000,43.084000,2.514000,128.141876,3816,568,0,199,411,3426,49,0
55.855582,2.416000,113.000,43.084000,2.514000,128.138008,3809,568,0,199,411,3426,49,0
55.869651,14.069000,113.000,43.084000,2.514000,128.138504,3809,568,0,197,409,3422,49,0
55.871879,2.228000,113.000,43.084000,2.514000,128.138985,3809,568,0,197,409,3422,49,0
55.886299,14.420000,113.000,43.084000,2.514000,128.140968,3812,568,0,196,408,3420,49,0
55.888801,2.502000,113.000,43.084000,2.514000,128.125916,3803,563,0,195,407,3418,49,0
55.902636,13.835000,113.000,43.084000,2.514000,128.120026,3793,563,0,195,407,3418,49,0
55.904912,2.276000,113.000,43.084000,2.514000,128.120506,3793,563,0,195,407,3418,49,0
55.919344,14.432000,113.000,43.084000,2.514000,128.170719,3795,563,0,230,462,3528,49,0
55.921740,2.396000,113.000,43.084000,2.514000,128.171200,3795,563,0,218,450,3504,49,0
55.936183,14.443000,113.000,43.084000,2.514000,128.165764,3795,563,0,218,450,3504,49,0
55.938949,2.766000,113.000,43.084000,2.514000,128.166245,3795,563,0,218,450,3504,49,0
55.953255,14.306000,113.000,43.084000,2.514000,128.166298,3792,563,0,218,450,3504,49,2
55.955812,2.557000,113.000,43.084000,2.514000,128.166779,3792,563,0,218,450,3504,49,2
55.969446,13.634000,113.000,43.084000,2.514000,128.171810,3795,563,0,218,450,3504,49,7
55.972020,2.574000,113.000,43.084000,2.514000,128.172291,3795,563,0,218,450,3504,49,7
55.985965,13.945000,113.000,43.084000,2.514000,128.175758,3795,563,0,218,450,3504,49,8
55.988844,2.879000,113.000,43.084000,2.514000,128.176239,3795,563,0,218,450,3504,49,8
56.003769,14.925000,113.000,43.084000,2.514000,128.184090,3849,555,0,218,450,3504,49,0
56.006543,2.774000,113.000,43.084000,2.514000,128.158829,3809,555,0,225,450,3504,49,0
56.019083,12.540000,113.000,43.084000,2.514000,128.159279,3809,555,0,225,450,3504,49,0
56.021649,2.566000,113.000,43.084000,2.514000,128.159760,3809,555,0,225,450,3504,49,0
56.035911,14.262000,113.000,43.084000,2.514000,128.160225,3809,555,0,225,450,3504,49,0
56.038894,2.983000,113.000,43.084000,2.514000,128.160706,3809,555,0,225,450,3504,49,0
56.053284,14.390000,113.000,43.084000,2.514000,128.161133,3809,555,0,225,450,3504,49,0
56.056183,2.899000,113.000,43.084000,2.514000,128.157204,3807,555,0,224,429,3462,49,0
56.069542,13.359000,113.000,43.084000,2.514000,128.159264,3810,555,0,224,429,3462,49,0
56.072096,2.554000,113.000,43.084000,2.514000,128.159744,3810,555,0,224,429,3462,49,0
56.086212,14.116000,113.000,43.084000,2.514000,128.134739,3816,555,0,224,429,3462,49,0
56.089246,3.034000,113.000,43.084000,2.514000,128.135220,3816,555,0,224,429,3462,49,0
56.104067,14.821000,113.000,43.084000,2.514000,128.135677,3816,555,0,224,429,3462,49,0
56.107089,3.022000,113.000,43.084000,2.514000,128.136158,3816,555,0,224,429,3462,49,0
56.119340,12.251000,113.000,43.084000,2.514000,128.135029,3813,555,0,224,429,3462,49,0
56.121853,2.513000,113.000,43.084000,2.514000,128.135464,3813,555,0,224,429,3462,49,0
56.137084,15.231000,113.000,43.084000,2.514000,128.135944,3813,555,0,224,429,3462,49,0
56.140115,3.031000,113.000,43.084000,2.514000,128.142429,3823,555,0,224,429,3462,49,0
56.154024,13.909000,113.000,43.084000,2.514000,128.142895,3823,555,0,224,429,3462,49,0
56.157492,3.468000,113.000,43.084000,2.514000,128.143375,3823,555,0,224,429,3462,49,0
56.169776,12.284000,113.000,43.084000,2.514000,128.142216,3820,555,0,216,421,3446,49,0
56.172437,2.661000,113.000,43.084000,2.514000,128.142696,3820,555,0,216,421,3446,49,0
56.186203,13.766000,113.000,43.084000,2.514000,128.143162,3820,555,0,216,421,3446,49,0
56.188662,2.459000,113.000,43.084000,2.514000,128.143642,3820,555,0,216,421,3446,49,0
56.230133,41.471000,113.000,43.084000,2.514000,128.291454,3957,564,0,237,479,3562,49,0
56.235386,5.253000,113.000,43.084000,2.514000,128.291782,3957,564,0,237,477,3558,49,0
56.238445,3.059000,113.000,43.084000,2.514000,128.230984,3846,564,0,237,477,3558,49,0
56.252933,14.488000,113.000,43.084000,2.514000,128.233116,3849,564,0,237,477,3558,49,0
56.255870,2.937000,113.000,43.084000,2.514000,128.149132,3809,540,0,229,469,3542,49,0
56.269090,13.220000,113.000,43.084000,2.514000,128.123295,3767,540,0,229,469,3542,49,0
56.271588,2.498000,113.000,43.084000,2.514000,128.123730,3767,540,0,229,469,3542,49,0
56.286322,14.734000,113.000,43.084000,2.514000,128.127510,3773,540,0,229,469,3542,49,0
56.289147,2.825000,113.000,43.084000,2.514000,128.127991,3773,540,0,229,469,3542,49,0
56.302787,13.640000,113.000,43.084000,2.514000,128.128502,3773,540,0,229,469,3542,49,0
56.305455,2.668000,113.000,43.084000,2.514000,128.128983,3773,540,0,229,469,3542,49,0
56.319118,13.663000,113.000,43.084000,2.514000,128.126183,3767,540,0,229,469,3542,49,0
56.321667,2.549000,113.000,43.084000,2.514000,128.126663,3767,540,0,229,469,3542,49,0
56.336198,14.531000,113.000,43.084000,2.514000,128.124588,3763,540,0,229,469,3542,49,0
56.338912,2.714000,113.000,43.084000,2.514000,128.120659,3761,540,0,228,433,3470,49,0
56.353121,14.209000,113.000,43.084000,2.514000,128.122814,3764,540,0,228,433,3470,49,0
56.355880,2.759000,113.000,43.084000,2.514000,128.123295,3764,540,0,228,433,3470,49,0
56.369380,13.500000,113.000,43.084000,2.514000,128.083733,3767,540,0,228,433,3470,49,0
56.371695,2.315000,113.000,43.084000,2.514000,128.084167,3767,540,0,227,433,3470,49,0
56.386091,14.396000,113.000,43.084000,2.514000,128.084709,3767,540,0,227,433,3470,49,0
56.388844,2.753000,113.000,43.084000,2.514000,128.085190,3767,540,0,227,433,3470,49,0
56.403345,14.501000,113.000,43.084000,2.514000,128.085712,3767,540,0,227,433,3470,49,0
56.405960,2.615000,113.000,43.084000,2.514000,128.086193,3767,540,0,227,433,3470,49,0
56.419692,13.732000,113.000,43.084000,2.514000,128.087635,3770,540,0,227,433,3470,49,0
56.422225,2.533000,113.000,43.084000,2.514000,128.084614,3764,540,0,228,433,3470,49,0
56.436181,13.956000,113.000,43.084000,2.514000,128.083492,3761,540,0,227,432,3468,49,0
56.438686,2.505000,113.000,43.084000,2.514000,128.083973,3761,540,0,227,432,3468,49,0
56.453579,14.893000,113.000,43.084000,2.514000,128.086040,3764,540,0,225,430,3464,49,0
56.456412,2.833000,113.000,43.084000,2.514000,128.086521,3764,540,0,224,429,3462,49,0
56.469649,13.237000,113.000,43.084000,2.514000,128.076511,3760,536,0,224,429,3462,49,0
56.471940,2.291000,113.000,43.084000,2.514000,128.072643,3753,536,0,223,429,3462,49,0
56.486006,14.066000,113.000,43.084000,2.514000,128.071445,3750,536,0,221,427,3458,49,0
56.488411,2.405000,113.000,43.084000,2.514000,128.071842,3750,536,0,220,426,3456,49,0
56.505044,16.633000,113.000,43.084000,2.514000,128.179611,3821,563,0,219,425,3454,49,0
56.508373,3.329000,113.000,43.084000,2.514000,128.179588,3811,563,0,228,441,3486,49,0
56.514917,6.544000,113.000,43.084000,2.514000,128.209885,3807,563,0,229,462,3528,49,0
56.526626,11.709000,113.000,43.084000,2.514000,128.210365,3807,563,0,229,462,3528,49,0
56.537163,10.537000,113.000,43.084000,2.514000,128.209190,3804,563,0,229,462,3528,49,0
56.540552,3.389000,113.000,43.084000,2.514000,128.193134,3804,563,0,196,428,3460,49,0
56.553423,12.871000,113.000,43.084000,2.514000,128.195309,3807,563,0,196,428,3460,49,0
56.556231,2.808000,113.000,43.084000,2.514000,128.195789,3807,563,0,196,428,3460,49,0
56.569322,13.091000,113.000,43.084000,2.514000,128.196255,3807,563,0,196,428,3460,49,0
56.571606,2.284000,113.000,43.084000,2.514000,128.196735,3807,563,0,196,428,3460,49,0
56.586339,14.733000,113.000,43.084000,2.514000,128.195576,3804,563,0,196,428,3460,49,0
56.589415,3.076000,113.000,43.084000,2.514000,128.196056,3804,563,0,196,428,3460,49,0
56.603049,13.634000,113.000,43.084000,2.514000,128.194927,3801,563,0,196,428,3460,49,0
56.605511,2.462000,113.000,43.084000,2.514000,128.195408,3801,563,0,196,428,3460,49,0
56.619374,13.863000,113.000,43.084000,2.514000,128.195934,3801,563,0,196,428,3460,49,0
56.621978,2.604000,113.000,43.084000,2.514000,128.196415,3801,563,0,196,428,3460,49,0
56.636241,14.263000,113.000,43.084000,2.514000,128.196911,3801,563,0,196,428,3460,49,0
56.639036,2.795000,113.000,43.084000,2.514000,128.197392,3801,563,0,196,428,3460,49,0
56.653214,14.178000,113.000,43.084000,2.514000,128.196186,3798,563,0,196,428,3460,49,0
56.655850,2.636000,113.000,43.084000,2.514000,128.192204,3796,563,0,195,407,3418,49,0
56.669102,13.252000,117.000,39.681000,3.032000,128.192638,3796,563,0,195,407,3418,49,0
56.671947,2.845000,117.000,39.681000,3.032000,128.193119,3796,563,0,195,407,3418,49,0
56.686668,14.721000,117.000,39.681000,3.032000,128.164906,3796,563,0,195,407,3418,49,0
56.689293,2.625000,117.000,39.681000,3.032000,128.165386,3796,563,0,195,407,3418,49,0
56.703524,14.231000,117.000,39.681000,3.032000,128.167492,3799,563,0,195,407,3418,49,0
56.706043,2.519000,117.000,39.681000,3.032000,128.167973,3799,563,0,195,407,3418,49,0
56.719381,13.338000,117.000,39.681000,3.032000,128.168404,3799,563,0,195,407,3418,49,0
56.721548,2.167000,117.000,39.681000,3.032000,128.168884,3799,563,0,195,407,3418,49,0
56.736504,14.956000,117.000,39.681000,3.032000,128.166100,3793,563,0,195,407,3418,49,0
56.739241,2.737000,117.000,39.681000,3.032000,128.166580,3793,563,0,195,407,3418,49,0
56.753927,14.686000,117.000,39.681000,3.032000,128.173080,3803,563,0,195,407,3418,49,0
56.756632,2.705000,117.000,39.681000,3.032000,128.173561,3803,563,0,195,407,3418,49,0
56.769361,12.729000,117.000,39.681000,3.032000,128.174026,3803,563,0,195,407,3418,49,0
56.771744,2.383000,117.000,39.681000,3.032000,128.174507,3803,563,0,195,407,3418,49,0
56.786963,15.219000,117.000,39.681000,3.032000,128.175030,3803,563,0,195,407,3418,49,0
56.789814,2.851000,117.000,39.681000,3.032000,128.175510,3803,563,0,195,407,3418,49,0
56.803899,14.085000,117.000,39.681000,3.032000,128.177650,3806,563,0,195,407,3418,49,0
56.849143,45.244000,117.000,39.681000,3.032000,128.333385,3938,572,0,238,487,3578,49,0
56.861068,11.925000,117.000,39.681000,3.032000,128.333714,3938,572,0,238,485,3574,49,0
56.869083,8.015000,117.000,39.681000,3.032000,128.257713,3833,572,0,200,447,3498,49,0
56.871517,2.434000,117.000,39.681000,3.032000,128.258194,3833,572,0,200,447,3498,49,0
56.885452,13.935000,117.000,39.681000,3.032000,128.258675,3833,572,0,200,447,3498,49,0
56.888564,3.112000,117.000,39.681000,3.032000,128.259155,3833,572,0,200,447,3498,49,0
56.902858,14.294000,117.000,39.681000,3.032000,128.259636,3833,572,0,200,447,3498,49,0
56.905572,2.714000,117.000,39.681000,3.032000,128.260117,3833,572,0,200,447,3498,49,0
56.919187,13.615000,117.000,39.681000,3.032000,128.258957,3830,572,0,200,447,3498,49,0
56.921716,2.529000,117.000,39.681000,3.032000,128.259438,3830,572,0,200,447,3498,49,0
56.935752,14.036000,117.000,39.681000,3.032000,128.258278,3827,572,0,200,447,3498,49,0
56.938572,2.820000,117.000,39.681000,3.032000,128.256256,3823,572,0,200,447,3498,49,0
56.952870,14.298000,117.000,39.681000,3.032000,128.256683,3823,572,0,199,411,3426,49,0
56.955386,2.516000,117.000,39.681000,3.032000,128.252708,3821,572,0,199,411,3426,49,0
56.969330,13.944000,117.000,39.681000,3.032000,128.254864,3824,572,0,199,411,3426,49,0
56.971952,2.622000,117.000,39.681000,3.032000,128.213547,3824,572,0,199,411,3426,49,0
56.986119,14.167000,117.000,39.681000,3.032000,128.214127,3824,572,0,199,411,3426,49,0
56.988895,2.776000,117.000,39.681000,3.032000,128.214607,3824,572,0,199,411,3426,49,0
57.003367,14.472000,117.000,39.681000,3.032000,128.215134,3824,572,0,199,411,3426,49,0
57.005965,2.598000,117.000,39.681000,3.032000,128.215614,3824,572,0,199,411,3426,49,0
57.019641,13.676000,117.000,39.681000,3.032000,128.216267,3824,572,0,199,411,3426,49,0
57.022019,2.378000,117.000,39.681000,3.032000,128.216106,3824,572,0,199,411,3426,49,0
57.036523,14.504000,117.000,39.681000,3.032000,128.211426,3815,572,0,199,411,3426,49,0
57.039369,2.846000,117.000,39.681000,3.032000,128.211906,3815,572,0,198,410,3424,49,0
57.053480,14.111000,117.000,39.681000,3.032000,128.214001,3818,572,0,198,410,3424,49,0
57.055905,2.425000,117.000,39.681000,3.032000,128.214436,3818,572,0,196,408,3420,49,0
57.069738,13.833000,117.000,39.681000,3.032000,128.214882,3818,572,0,195,407,3418,49,0
57.072212,2.474000,117.000,39.681000,3.032000,128.204948,3814,568,0,195,407,3418,49,0
57.086401,14.189000,117.000,39.681000,3.032000,128.204388,3813,568,0,195,407,3418,49,0
57.089097,2.696000,117.000,39.681000,3.032000,128.204868,3813,568,0,193,405,3414,49,0
57.103528,14.431000,117.000,39.681000,3.032000,128.205208,3813,568,0,192,404,3412,49,0
57.106331,2.803000,117.000,39.681000,3.032000,128.190155,3804,563,0,191,403,3410,49,0
57.119617,13.286000,117.000,39.681000,3.032000,128.184395,3794,563,0,191,403,3410,49,0
57.121966,2.349000,117.000,39.681000,3.032000,128.184875,3794,563,0,191,403,3410,49,0
57.135810,13.844000,117.000,39.681000,3.032000,128.236938,3796,563,0,230,462,3528,49,0
57.138833,3.023000,117.000,39.681000,3.032000,128.237373,3796,563,0,230,462,3528,49,0
57.153565,14.732000,117.000,39.681000,3.032000,128.241295,3799,563,0,230,462,3528,49,3
57.156383,2.818000,117.000,39.681000,3.032000,128.241776,3799,563,0,230,462,3528,49,3
57.169408,13.025000,117.000,39.681000,3.032000,128.247307,3805,563,0,230,462,3528,49,6
57.171956,2.548000,117.000,39.681000,3.032000,128.247787,3805,563,0,230,462,3528,49,6
57.186981,15.025000,117.000,39.681000,3.032000,128.251881,3805,563,0,230,462,3528,49,8
57.190349,3.368000,117.000,39.681000,3.032000,128.252361,3805,563,0,229,462,3528,49,8
57.203779,13.430000,117.000,39.681000,3.032000,128.255192,3850,555,0,229,462,3528,49,0
57.206934,3.155000,117.000,39.681000,3.032000,128.229931,3810,555,0,236,462,3528,49,0
57.219329,12.395000,117.000,39.681000,3.032000,128.230412,3810,555,0,236,462,3528,49,0
57.222059,2.730000,117.000,39.681000,3.032000,128.230892,3810,555,0,236,462,3528,49,0
57.235789,13.730000,117.000,39.681000,3.032000,128.231388,3810,555,0,236,462,3528,49,0
57.238872,3.083000,117.000,39.681000,3.032000,128.231869,3810,555,0,237,462,3528,49,0
57.253565,14.693000,117.000,39.681000,3.032000,128.230740,3807,555,0,237,462,3528,49,0
57.256472,2.907000,117.000,39.681000,3.032000,128.231220,3807,555,0,237,462,3528,49,0
57.269238,12.766000,117.000,39.681000,3.032000,128.231892,3807,555,0,237,462,3528,49,0
57.271503,2.265000,117.000,39.681000,3.032000,128.232319,3807,555,0,236,441,3486,49,0
57.286287,14.784000,117.000,39.681000,3.032000,128.226742,3802,555,0,236,441,3486,49,0
57.289484,3.197000,117.000,39.681000,3.032000,128.227222,3802,555,0,236,441,3486,49,0
57.304134,14.650000,117.000,39.681000,3.032000,128.200596,3805,555,0,236,441,3486,49,0
57.307456,3.322000,117.000,39.681000,3.032000,128.201077,3805,555,0,236,441,3486,49,0
57.319205,11.749000,117.000,39.681000,3.032000,128.198315,3799,555,0,236,441,3486,49,0
57.321638,2.433000,117.000,39.681000,3.032000,128.198795,3799,555,0,236,441,3486,49,0
57.337019,15.381000,117.000,39.681000,3.032000,128.200802,3802,555,0,236,441,3486,49,0
57.340075,3.056000,117.000,39.681000,3.032000,128.201283,3802,555,0,236,441,3486,49,0
57.353865,13.790000,117.000,39.681000,3.032000,128.205044,3808,555,0,236,441,3486,49,0
57.357167,3.302000,117.000,39.681000,3.032000,128.211529,3818,555,0,236,441,3486,49,0
57.369656,12.489000,117.000,39.681000,3.032000,128.215336,3824,555,0,228,433,3470,49,0
57.372172,2.516000,117.000,39.681000,3.032000,128.215816,3824,555,0,228,433,3470,49,0
57.386827,14.655000,117.000,39.681000,3.032000,128.216232,3824,555,0,228,433,3470,49,0
57.390006,3.179000,117.000,39.681000,3.032000,128.216713,3824,555,0,228,433,3470,49,0
57.403723,13.717000,117.000,39.681000,3.032000,128.213940,3818,555,0,228,433,3470,49,0
57.406435,2.712000,117.000,39.681000,3.032000,128.214420,3818,555,0,227,433,3470,49,0
57.448185,41.750000,117.000,39.681000,3.032000,128.357880,3953,564,0,236,477,3558,49,0
57.452992,4.807000,117.000,39.681000,3.032000,128.359859,3956,564,0,236,475,3554,49,0
57.455603,2.611000,117.000,39.681000,3.032000,128.212040,3811,540,0,216,455,3514,49,0
57.469097,13.494000,117.000,39.681000,3.032000,128.182865,3763,540,0,216,455,3514,49,0
57.471647,2.550000,117.000,39.681000,3.032000,128.183346,3763,540,0,216,455,3514,49,0
57.485819,14.172000,117.000,39.681000,3.032000,128.183826,3763,540,0,216,455,3514,49,0
57.488599,2.780000,117.000,39.681000,3.032000,128.184307,3763,540,0,216,455,3514,49,0
57.502794,14.195000,117.000,39.681000,3.032000,128.186459,3766,540,0,216,455,3514,49,0
57.505334,2.540000,117.000,39.681000,3.032000,128.186939,3766,540,0,217,455,3514,49,0
57.519045,13.711000,117.000,39.681000,3.032000,128.187420,3766,540,0,217,455,3514,49,0
57.521543,2.498000,117.000,39.681000,3.032000,128.187901,3766,540,0,217,455,3514,49,0
57.535625,14.082000,117.000,39.681000,3.032000,128.188393,3766,540,0,217,455,3514,49,0
57.538676,3.051000,117.000,39.681000,3.032000,128.188873,3766,540,0,217,455,3514,49,0
57.553012,14.336000,117.000,39.681000,3.032000,128.186920,3762,540,0,217,455,3514,49,0
57.566439,13.427000,117.000,39.681000,3.032000,128.182938,3760,540,0,216,419,3442,49,0
57.585593,19.154000,117.000,39.681000,3.032000,128.181778,3757,540,0,216,419,3442,49,0
57.588858,3.265000,117.000,39.681000,3.032000,128.141163,3763,540,0,216,419,3442,49,0
57.601816,12.958000,117.000,39.681000,3.032000,128.138363,3757,540,0,216,419,3442,49,0
57.605971,4.155000,117.000,39.681000,3.032000,128.135544,3751,540,0,216,419,3442,49,0
57.618226,12.255000,117.000,39.681000,3.032000,128.136024,3751,540,0,216,419,3442,49,0
57.622756,4.530000,117.000,39.681000,3.032000,128.135014,3748,540,0,216,419,3442,49,0
57.634670,11.914000,117.000,39.681000,3.032000,128.135494,3748,540,0,216,419,3442,49,0
57.639048,4.378000,117.000,39.681000,3.032000,128.136982,3751,540,0,216,419,3442,49,0
57.651784,12.736000,117.000,39.681000,3.032000,128.133961,3745,540,0,216,419,3442,49,0
57.655990,4.206000,117.000,39.681000,3.032000,128.132763,3742,540,0,215,418,3440,49,0
57.668215,12.225000,110.000,43.430000,2.373000,128.133198,3742,540,0,215,418,3440,49,0
57.672259,4.044000,110.000,43.430000,2.373000,128.133678,3742,540,0,213,416,3436,49,0
57.684673,12.414000,110.000,43.430000,2.373000,128.123745,3738,536,0,212,415,3434,49,0
57.689427,4.754000,110.000,43.430000,2.373000,128.118198,3728,536,0,212,415,3434,49,0
57.701796,12.369000,110.000,43.430000,2.373000,128.118679,3728,536,0,211,414,3432,49,0
57.706802,5.006000,110.000,43.430000,2.373000,128.242039,3808,568,0,210,413,3430,49,0
57.718187,11.385000,110.000,43.430000,2.373000,128.248249,3808,568,0,216,428,3460,49,0
57.722891,4.704000,110.000,43.430000,2.373000,128.233097,3799,563,0,215,427,3458,49,0
57.735050,12.159000,110.000,43.430000,2.373000,128.225620,3786,563,0,216,427,3458,49,0
57.740710,5.660000,110.000,43.430000,2.373000,128.263660,3788,563,0,229,459,3522,49,0
57.751616,10.906000,110.000,43.430000,2.373000,128.264095,3788,563,0,229,459,3522,49,0
57.755256,3.640000,110.000,43.430000,2.373000,128.246094,3788,563,0,192,421,3446,49,0
57.768252,12.996000,110.000,43.430000,2.373000,128.244934,3785,563,0,192,421,3446,49,0
57.772266,4.014000,110.000,43.430000,2.373000,128.247131,3788,563,0,192,421,3446,49,0
57.785088,12.822000,110.000,43.430000,2.373000,128.247612,3788,563,0,192,421,3446,49,0
57.795045,9.957000,110.000,43.430000,2.373000,128.249763,3791,563,0,192,421,3446,49,0
57.797769,2.724000,110.000,43.430000,2.373000,128.250244,3791,563,0,192,421,3446,49,0
57.811436,13.667000,110.000,43.430000,2.373000,128.250740,3791,563,0,192,421,3446,49,0
57.818348,6.912000,110.000,43.430000,2.373000,128.247940,3785,563,0,192,421,3446,49,0
57.823638,5.290000,110.000,43.430000,2.373000,128.248390,3785,563,0,191,421,3446,49,0
57.835014,11.376000,110.000,43.430000,2.373000,128.248871,3785,563,0,192,421,3446,49,0
57.839952,4.938000,110.000,43.430000,2.373000,128.249321,3785,563,0,192,421,3446,49,0
57.851715,11.763000,110.000,43.430000,2.373000,128.249802,3785,563,0,192,421,3446,49,0
57.856463,4.748000,110.000,43.430000,2.373000,128.250458,3785,563,0,192,421,3446,49,0
57.868214,11.751000,110.000,43.430000,2.373000,128.249298,3782,563,0,192,421,3446,49,0
57.872877,4.663000,110.000,43.430000,2.373000,128.251484,3785,563,0,192,421,3446,49,0
57.884720,11.843000,110.000,43.430000,2.373000,128.251911,3785,563,0,191,401,3406,49,0
57.889698,4.978000,110.000,43.430000,2.373000,128.249550,3786,563,0,191,401,3406,49,0
57.901769,12.071000,110.000,43.430000,2.373000,128.250031,3786,563,0,191,401,3406,49,0
57.906375,4.606000,110.000,43.430000,2.373000,128.223106,3786,563,0,191,401,3406,49,0
57.918276,11.901000,110.000,43.430000,2.373000,128.223587,3786,563,0,191,401,3406,49,0
57.922581,4.305000,110.000,43.430000,2.373000,128.224098,3786,563,0,191,401,3406,49,0
57.934749,12.168000,110.000,43.430000,2.373000,128.224579,3786,563,0,191,401,3406,49,0
57.939338,4.589000,110.000,43.430000,2.373000,128.225090,3786,563,0,191,401,3406,49,0
57.951744,12.406000,110.000,43.430000,2.373000,128.225571,3786,563,0,191,401,3406,49,0
57.956360,4.616000,110.000,43.430000,2.373000,128.226021,3786,563,0,191,401,3406,49,0
57.968251,11.891000,110.000,43.430000,2.373000,128.232460,3796,563,0,191,401,3406,49,0
57.972279,4.028000,110.000,43.430000,2.373000,128.232941,3796,563,0,191,401,3406,49,0
57.984733,12.454000,110.000,43.430000,2.373000,128.233421,3796,563,0,191,401,3406,49,0
57.989520,4.787000,110.000,43.430000,2.373000,128.233902,3796,563,0,191,401,3406,49,0
58.001667,12.147000,110.000,43.430000,2.373000,128.234337,3796,563,0,191,401,3406,49,0
58.005824,4.157000,110.000,43.430000,2.373000,128.233101,3793,563,0,191,401,3406,49,0
58.018270,12.446000,110.000,43.430000,2.373000,128.233582,3793,563,0,191,401,3406,49,0
58.060493,42.223000,110.000,43.430000,2.373000,128.395863,3927,572,0,237,485,3574,49,0
58.063535,3.042000,110.000,43.430000,2.373000,128.398087,3930,572,0,237,485,3574,49,0
58.077402,13.867000,110.000,43.430000,2.373000,128.324032,3825,572,0,203,451,3506,49,0
58.086170,8.768000,110.000,43.430000,2.373000,128.324512,3825,572,0,203,451,3506,49,0
58.087915,1.745000,110.000,43.430000,2.373000,128.324947,3825,572,0,203,451,3506,49,0
58.102747,14.832000,110.000,43.430000,2.373000,128.325439,3825,572,0,203,451,3506,49,0
58.104756,2.009000,110.000,43.430000,2.373000,128.325920,3825,572,0,203,451,3506,49,0
58.119059,14.303000,110.000,43.430000,2.373000,128.324760,3822,572,0,203,451,3506,49,0
58.121089,2.030000,110.000,43.430000,2.373000,128.325241,3822,572,0,202,451,3506,49,0
58.135729,14.640000,110.000,43.430000,2.373000,128.327393,3825,572,0,202,451,3506,49,0
58.137678,1.949000,110.000,43.430000,2.373000,128.327873,3825,572,0,202,451,3506,49,0
58.152793,15.115000,110.000,43.430000,2.373000,128.328354,3825,572,0,202,451,3506,49,0
58.154854,2.061000,110.000,43.430000,2.373000,128.326332,3821,572,0,202,451,3506,49,0
58.169200,14.346000,110.000,43.430000,2.373000,128.330124,3827,572,0,201,415,3434,49,0
58.171173,1.973000,110.000,43.430000,2.373000,128.326126,3825,572,0,201,415,3434,49,0
58.186457,15.284000,110.000,43.430000,2.373000,128.281479,3825,572,0,201,415,3434,49,0
58.189013,2.556000,110.000,43.430000,2.373000,128.281960,3825,572,0,202,415,3434,49,0
58.203138,14.125000,110.000,43.430000,2.373000,128.282425,3825,572,0,202,415,3434,49,0
58.205648,2.510000,110.000,43.430000,2.373000,128.282906,3825,572,0,202,415,3434,49,0
58.219585,13.937000,110.000,43.430000,2.373000,128.283478,3825,572,0,202,415,3434,49,0
58.222104,2.519000,110.000,43.430000,2.373000,128.283958,3825,572,0,202,415,3434,49,0
58.235928,13.824000,110.000,43.430000,2.373000,128.286133,3828,572,0,202,415,3434,49,0
58.238638,2.710000,110.000,43.430000,2.373000,128.285973,3828,572,0,203,415,3434,49,0
58.253358,14.720000,110.000,43.430000,2.373000,128.286270,3828,572,0,203,415,3434,49,0
58.255857,2.499000,110.000,43.430000,2.373000,128.286751,3828,572,0,202,414,3432,49,0
58.269447,13.590000,110.000,43.430000,2.373000,128.287247,3828,572,0,202,414,3432,49,0
58.271820,2.373000,110.000,43.430000,2.373000,128.287727,3828,572,0,200,412,3428,49,0
58.286509,14.689000,110.000,43.430000,2.373000,128.277687,3824,568,0,199,411,3426,49,0
58.289421,2.912000,110.000,43.430000,2.373000,128.272179,3814,568,0,199,411,3426,49,0
58.303631,14.210000,110.000,43.430000,2.373000,128.272644,3814,568,0,198,410,3424,49,0
58.306238,2.607000,110.000,43.430000,2.373000,128.273125,3814,568,0,197,409,3422,49,0
58.319440,13.202000,110.000,43.430000,2.373000,128.273521,3814,568,0,196,408,3420,49,0
58.321872,2.432000,110.000,43.430000,2.373000,128.258423,3805,563,0,195,407,3418,49,0
58.336828,14.956000,110.000,43.430000,2.373000,128.250931,3792,563,0,195,407,3418,49,0
58.339712,2.884000,110.000,43.430000,2.373000,128.251411,3792,563,0,195,407,3418,49,0
58.348425,8.713000,110.000,43.430000,2.373000,128.301464,3794,563,0,230,461,3526,49,2
58.360099,11.674000,110.000,43.430000,2.373000,128.301945,3794,563,0,218,449,3502,49,2
58.369557,9.458000,110.000,43.430000,2.373000,128.297882,3791,563,0,218,449,3502,49,7
58.372323,2.766000,110.000,43.430000,2.373000,128.298363,3791,563,0,218,449,3502,49,7
58.386258,13.935000,110.000,43.430000,2.373000,128.303654,3794,563,0,218,449,3502,49,8
58.389166,2.908000,110.000,43.430000,2.373000,128.304134,3794,563,0,218,449,3502,49,8
58.403455,14.289000,110.000,43.430000,2.373000,128.305302,3836,555,0,218,449,3502,49,0
58.406295,2.840000,110.000,43.430000,2.373000,128.280041,3796,555,0,225,449,3502,49,0
58.419630,13.335000,110.000,43.430000,2.373000,128.282196,3799,555,0,225,449,3502,49,0
58.422649,3.019000,110.000,43.430000,2.373000,128.282631,3799,555,0,225,449,3502,49,0
58.436080,13.431000,110.000,43.430000,2.373000,128.286373,3805,555,0,225,449,3502,49,0
58.439121,3.041000,110.000,43.430000,2.373000,128.286808,3805,555,0,225,449,3502,49,0
58.453779,14.658000,110.000,43.430000,2.373000,128.290585,3811,555,0,225,449,3502,49,0
58.457160,3.381000,110.000,43.430000,2.373000,128.291065,3811,555,0,225,449,3502,49,0
58.469373,12.213000,110.000,43.430000,2.373000,128.291527,3811,555,0,225,449,3502,49,0
58.472189,2.816000,110.000,43.430000,2.373000,128.292007,3811,555,0,225,449,3502,49,0
58.486003,13.814000,110.000,43.430000,2.373000,128.289223,3805,555,0,225,449,3502,49,0
58.489139,3.136000,110.000,43.430000,2.373000,128.289650,3805,555,0,224,429,3462,49,0
58.503300,14.161000,110.000,43.430000,2.373000,128.285721,3803,555,0,224,429,3462,49,0
58.506014,2.714000,110.000,43.430000,2.373000,128.286133,3803,555,0,224,429,3462,49,0
58.519481,13.467000,110.000,43.430000,2.373000,128.260586,3806,555,0,224,429,3462,49,0
58.522037,2.556000,110.000,43.430000,2.373000,128.261066,3806,555,0,224,429,3462,49,0
58.537040,15.003000,110.000,43.430000,2.373000,128.263172,3809,555,0,224,429,3462,49,0
58.540201,3.161000,110.000,43.430000,2.373000,128.263607,3809,555,0,224,429,3462,49,0
58.553794,13.593000,110.000,43.430000,2.373000,128.264050,3809,555,0,224,429,3462,49,0
58.556760,2.966000,110.000,43.430000,2.373000,128.264530,3809,555,0,224,429,3462,49,0
58.569346,12.586000,110.000,43.430000,2.373000,128.265018,3809,555,0,216,421,3446,49,0
58.571792,2.446000,110.000,43.430000,2.373000,128.271503,3819,555,0,216,421,3446,49,0
58.587638,15.846000,110.000,43.430000,2.373000,128.273628,3822,555,0,216,421,3446,49,0
58.590976,3.338000,110.000,43.430000,2.373000,128.274109,3822,555,0,216,421,3446,49,0
58.603873,12.897000,110.000,43.430000,2.373000,128.274586,3822,555,0,216,421,3446,49,0
58.606753,2.880000,110.000,43.430000,2.373000,128.275066,3822,555,0,216,421,3446,49,0
58.619185,12.432000,110.000,43.430000,2.373000,128.275600,3822,555,0,216,421,3446,49,0
58.621425,2.240000,110.000,43.430000,2.373000,128.276081,3822,555,0,216,421,3446,49,0
58.667894,46.469000,110.000,43.430000,2.373000,128.426651,3964,564,0,237,479,3562,49,0
58.672698,4.804000,113.000,44.782000,2.438000,128.345737,3930,540,0,229,469,3542,49,0
58.686214,13.516000,113.000,44.782000,2.438000,128.253239,3767,540,0,229,469,3542,49,0
58.689005,2.791000,113.000,44.782000,2.438000,128.253719,3767,540,0,229,469,3542,49,0
58.702708,13.703000,113.000,44.782000,2.438000,128.252560,3764,540,0,229,469,3542,49,0
58.705237,2.529000,113.000,44.782000,2.438000,128.253040,3764,540,0,229,469,3542,49,0
58.718927,13.690000,113.000,44.782000,2.438000,128.255150,3767,540,0,229,469,3542,49,0
58.721472,2.545000,113.000,44.782000,2.438000,128.255630,3767,540,0,229,469,3542,49,0
58.736055,14.583000,113.000,44.782000,2.438000,128.256111,3767,540,0,229,469,3542,49,0
58.738871,2.816000,113.000,44.782000,2.438000,128.256592,3767,540,0,229,469,3542,49,0
58.752805,13.934000,113.000,44.782000,2.438000,128.255478,3764,540,0,229,469,3542,49,0
58.755416,2.611000,113.000,44.782000,2.438000,128.255959,3764,540,0,229,469,3542,49,0
58.769022,13.606000,113.000,44.782000,2.438000,128.252243,3757,540,0,229,469,3542,49,0
58.771349,2.327000,113.000,44.782000,2.438000,128.248314,3755,540,0,228,433,3470,49,0
58.786267,14.918000,113.000,44.782000,2.438000,128.248703,3755,540,0,228,433,3470,49,0
58.789022,2.755000,113.000,44.782000,2.438000,128.249184,3755,540,0,228,433,3470,49,0
58.803147,14.125000,113.000,44.782000,2.438000,128.208000,3755,540,0,228,433,3470,49,0
58.805770,2.623000,113.000,44.782000,2.438000,128.208481,3755,540,0,228,433,3470,49,0
58.819344,13.574000,113.000,44.782000,2.438000,128.207260,3752,540,0,228,433,3470,49,0
58.821896,2.552000,113.000,44.782000,2.438000,128.207741,3752,540,0,228,433,3470,49,0
58.835798,13.902000,113.000,44.782000,2.438000,128.208271,3752,540,0,228,433,3470,49,0
58.838570,2.772000,113.000,44.782000,2.438000,128.208752,3752,540,0,228,433,3470,49,0
58.853486,14.916000,113.000,44.782000,2.438000,128.208641,3752,540,0,228,433,3470,49,0
58.856188,2.702000,113.000,44.782000,2.438000,128.205620,3746,540,0,228,433,3470,49,0
58.869485,13.297000,113.000,44.782000,2.438000,128.207726,3749,540,0,227,432,3468,49,0
58.872080,2.595000,113.000,44.782000,2.438000,128.208206,3749,540,0,227,432,3468,49,0
58.885919,13.839000,113.000,44.782000,2.438000,128.208576,3749,540,0,225,430,3464,49,0
58.888834,2.915000,113.000,44.782000,2.438000,128.209057,3749,540,0,224,429,3462,49,0
58.904208,15.374000,113.000,44.782000,2.438000,128.318729,3819,568,0,224,429,3462,49,0
58.907576,3.368000,113.000,44.782000,2.438000,128.320675,3812,568,0,233,445,3494,49,0
58.919633,12.057000,113.000,44.782000,2.438000,128.320988,3812,568,0,231,443,3490,49,0
58.922155,2.522000,113.000,44.782000,2.438000,128.321384,3812,568,0,230,442,3488,49,0
58.936035,13.880000,113.000,44.782000,2.438000,128.306324,3803,563,0,229,441,3486,49,0
58.939021,2.986000,113.000,44.782000,2.438000,128.300488,3793,563,0,229,441,3486,49,0
58.953542,14.521000,113.000,44.782000,2.438000,128.334152,3795,563,0,230,462,3528,49,0
58.956520,2.978000,113.000,44.782000,2.438000,128.334633,3795,563,0,230,462,3528,49,0
58.969347,12.827000,113.000,44.782000,2.438000,128.336731,3798,563,0,230,462,3528,49,0
58.972240,2.893000,113.000,44.782000,2.438000,128.320675,3798,563,0,196,428,3460,49,0
58.986210,13.970000,113.000,44.782000,2.438000,128.321049,3798,563,0,196,428,3460,49,0
58.989153,2.943000,113.000,44.782000,2.438000,128.321484,3798,563,0,196,428,3460,49,0
59.003728,14.575000,113.000,44.782000,2.438000,128.321980,3798,563,0,196,428,3460,49,0
59.006860,3.132000,113.000,44.782000,2.438000,128.322460,3798,563,0,196,428,3460,49,0
59.019347,12.487000,113.000,44.782000,2.438000,128.322865,3798,563,0,196,428,3460,49,0
59.021992,2.645000,113.000,44.782000,2.438000,128.323345,3798,563,0,196,428,3460,49,0
59.035870,13.878000,113.000,44.782000,2.438000,128.323826,3798,563,0,196,428,3460,49,0
59.039041,3.171000,113.000,44.782000,2.438000,128.324261,3798,563,0,196,428,3460,49,0
59.053261,14.220000,113.000,44.782000,2.438000,128.324741,3798,563,0,196,428,3460,49,0
59.056188,2.927000,113.000,44.782000,2.438000,128.325222,3798,563,0,196,428,3460,49,0
59.069592,13.404000,113.000,44.782000,2.438000,128.325733,3798,563,0,196,428,3460,49,0
59.072213,2.621000,113.000,44.782000,2.438000,128.326214,3798,563,0,196,428,3460,49,0
59.086816,14.603000,113.000,44.782000,2.438000,128.325100,3795,563,0,196,428,3460,49,0
59.090121,3.305000,113.000,44.782000,2.438000,128.321117,3793,563,0,195,407,3418,49,0
59.103656,13.535000,113.000,44.782000,2.438000,128.319942,3790,563,0,195,407,3418,49,0
59.106675,3.019000,113.000,44.782000,2.438000,128.320423,3790,563,0,195,407,3418,49,0
59.119524,12.849000,113.000,44.782000,2.438000,128.292259,3790,563,0,195,407,3418,49,0
59.121853,2.329000,113.000,44.782000,2.438000,128.292740,3790,563,0,194,407,3418,49,0
59.137287,15.434000,113.000,44.782000,2.438000,128.294853,3793,563,0,194,407,3418,49,0
59.140328,3.041000,113.000,44.782000,2.438000,128.295334,3793,563,0,195,407,3418,49,0
59.153781,13.453000,113.000,44.782000,2.438000,128.295822,3793,563,0,195,407,3418,49,0
59.156434,2.653000,113.000,44.782000,2.438000,128.296303,3793,563,0,195,407,3418,49,0
59.169447,13.013000,113.000,44.782000,2.438000,128.296753,3793,563,0,195,407,3418,49,0
59.171860,2.413000,113.000,44.782000,2.438000,128.297234,3793,563,0,195,407,3418,49,0
59.186111,14.251000,113.000,44.782000,2.438000,128.303604,3803,563,0,195,407,3418,49,0
59.189347,3.236000,113.000,44.782000,2.438000,128.304085,3803,563,0,195,407,3418,49,0
59.204190,14.843000,113.000,44.782000,2.438000,128.302902,3800,563,0,195,407,3418,49,0
59.207233,3.043000,113.000,44.782000,2.438000,128.303337,3800,563,0,195,407,3418,49,0
59.219516,12.283000,113.000,44.782000,2.438000,128.305538,3803,563,0,195,407,3418,49,0
59.222075,2.559000,113.000,44.782000,2.438000,128.306019,3803,563,0,195,407,3418,49,0
59.236199,14.124000,113.000,44.782000,2.438000,128.306480,3803,563,0,195,407,3418,49,0
59.286762,50.563000,113.000,44.782000,2.438000,128.468929,3946,572,0,238,487,3578,49,0
59.291387,4.625000,113.000,44.782000,2.438000,128.469204,3946,572,0,238,485,3574,49,0
59.302650,11.263000,113.000,44.782000,2.438000,128.395966,3846,572,0,200,447,3498,49,0
59.305205,2.555000,113.000,44.782000,2.438000,128.396400,3846,572,0,200,447,3498,49,0
59.319136,13.931000,113.000,44.782000,2.438000,128.398365,3849,572,0,200,447,3498,49,0
59.321543,2.407000,113.000,44.782000,2.438000,128.398846,3849,572,0,200,447,3498,49,0
59.336091,14.548000,113.000,44.782000,2.438000,128.402649,3855,572,0,200,447,3498,49,0
59.338877,2.786000,113.000,44.782000,2.438000,128.403130,3855,572,0,200,447,3498,49,0
59.353003,14.126000,113.000,44.782000,2.438000,128.403610,3855,572,0,200,447,3498,49,0
59.355747,2.744000,113.000,44.782000,2.438000,128.404091,3855,572,0,200,447,3498,49,0
59.369065,13.318000,113.000,44.782000,2.438000,128.402840,3852,572,0,200,447,3498,49,0
59.371582,2.517000,113.000,44.782000,2.438000,128.400818,3848,572,0,200,447,3498,49,0
59.385611,14.029000,113.000,44.782000,2.438000,128.401245,3848,572,0,199,411,3426,49,0
59.388269,2.658000,113.000,44.782000,2.438000,128.397316,3846,572,0,199,411,3426,49,0
59.402768,14.499000,113.000,44.782000,2.438000,128.397797,3846,572,0,199,411,3426,49,0
59.405238,2.470000,113.000,44.782000,2.438000,128.355896,3846,572,0,199,411,3426,49,0
59.419476,14.238000,113.000,44.782000,2.438000,128.354935,3843,572,0,199,411,3426,49,0
59.421861,2.385000,113.000,44.782000,2.438000,128.355415,3843,572,0,198,411,3426,49,0
59.436320,14.459000,113.000,44.782000,2.438000,128.355881,3843,572,0,198,411,3426,49,0
59.439107,2.787000,113.000,44.782000,2.438000,128.356316,3843,572,0,199,411,3426,49,0
59.453578,14.471000,113.000,44.782000,2.438000,128.355309,3840,572,0,199,411,3426,49,0
59.456111,2.533000,113.000,44.782000,2.438000,128.355148,3840,572,0,199,411,3426,49,0
59.469476,13.365000,113.000,44.782000,2.438000,128.353775,3837,572,0,199,411,3426,49,0
59.471777,2.301000,113.000,44.782000,2.438000,128.350975,3831,572,0,198,410,3424,49,0
59.486347,14.570000,113.000,44.782000,2.438000,128.351418,3831,572,0,198,410,3424,49,0
59.489050,2.703000,113.000,44.782000,2.438000,128.351898,3831,572,0,196,408,3420,49,0
59.503859,14.809000,113.000,44.782000,2.438000,128.354008,3834,572,0,195,407,3418,49,0
59.506722,2.863000,113.000,44.782000,2.438000,128.344074,3830,568,0,195,407,3418,49,0
59.519567,12.845000,113.000,44.782000,2.438000,128.343498,3829,568,0,195,407,3418,49,0
59.521889,2.322000,113.000,44.782000,2.438000,128.343979,3829,568,0,193,405,3414,49,0
59.536350,14.461000,113.000,44.782000,2.438000,128.347656,3835,568,0,192,404,3412,49,0
59.539212,2.862000,113.000,44.782000,2.438000,128.332558,3826,563,0,191,403,3410,49,0
59.553699,14.487000,113.000,44.782000,2.438000,128.327873,3816,563,0,191,403,3410,49,2
59.556293,2.594000,113.000,44.782000,2.438000,128.328354,3816,563,0,191,403,3410,49,2
59.565035,8.742000,113.000,44.782000,2.438000,128.381348,3812,563,0,230,463,3530,49,7
59.576598,11.563000,113.000,44.782000,2.438000,128.381828,3812,563,0,230,463,3530,49,7
59.586109,9.511000,113.000,44.782000,2.438000,128.385334,3812,563,0,230,463,3530,49,8
59.589307,3.198000,113.000,44.782000,2.438000,128.385815,3812,563,0,230,463,3530,49,8
59.604431,15.124000,113.000,44.782000,2.438000,128.391903,3863,555,0,230,463,3530,49,0
59.607811,3.380000,113.000,44.782000,2.438000,128.366642,3823,555,0,237,463,3530,49,0
59.619356,11.545000,113.000,44.782000,2.438000,128.368782,3826,555,0,237,463,3530,49,0
59.621920,2.564000,113.000,44.782000,2.438000,128.369263,3826,555,0,237,463,3530,49,0
59.635965,14.045000,113.000,44.782000,2.438000,128.369652,3826,555,0,237,463,3530,49,0
59.639142,3.177000,113.000,44.782000,2.438000,128.370132,3826,555,0,237,463,3530,49,0
59.653346,14.204000,113.000,44.782000,2.438000,128.370613,3826,555,0,237,463,3530,49,0
59.656317,2.971000,113.000,44.782000,2.438000,128.371094,3826,555,0,237,463,3530,49,0
59.669466,13.149000,114.000,48.898000,2.588000,128.373257,3829,555,0,237,463,3530,49,0
59.672226,2.760000,114.000,48.898000,2.588000,128.373737,3829,555,0,237,463,3530,49,0
59.686660,14.434000,114.000,48.898000,2.588000,128.374294,3829,555,0,237,463,3530,49,0
59.690354,3.694000,114.000,48.898000,2.588000,128.374729,3829,555,0,237,463,3530,49,0
59.702960,12.606000,114.000,48.898000,2.588000,128.375229,3829,555,0,237,463,3530,49,0
59.705850,2.890000,114.000,48.898000,2.588000,128.375610,3829,555,0,236,441,3486,49,0
59.719456,13.606000,114.000,48.898000,2.588000,128.371754,3827,555,0,236,441,3486,49,0
59.722359,2.903000,114.000,48.898000,2.588000,128.372234,3827,555,0,236,441,3486,49,0
59.736500,14.141000,114.000,48.898000,2.588000,128.341129,3824,555,0,236,441,3486,49,0
59.739440,2.940000,114.000,48.898000,2.588000,128.341541,3824,555,0,236,441,3486,49,0
59.754051,14.611000,114.000,48.898000,2.588000,128.341988,3824,555,0,236,441,3486,49,0
59.757570,3.519000,114.000,48.898000,2.588000,128.342468,3824,555,0,235,441,3486,49,0
59.769706,12.136000,114.000,48.898000,2.588000,128.339611,3818,555,0,227,433,3470,49,0
59.772754,3.048000,114.000,48.898000,2.588000,128.340092,3818,555,0,227,433,3470,49,0
59.786295,13.541000,114.000,48.898000,2.588000,128.338947,3815,555,0,227,433,3470,49,0
59.793491,7.196000,114.000,48.898000,2.588000,128.345432,3825,555,0,228,433,3470,49,0
59.798860,5.369000,114.000,48.898000,2.588000,128.347576,3828,555,0,228,433,3470,49,0
59.810087,11.227000,114.000,48.898000,2.588000,128.348011,3828,555,0,228,433,3470,49,0
59.819492,9.405000,114.000,48.898000,2.588000,128.348484,3828,555,0,228,433,3470,49,0
59.821861,2.369000,114.000,48.898000,2.588000,128.348965,3828,555,0,228,433,3470,49,0
59.837047,15.186000,114.000,48.898000,2.588000,128.347790,3825,555,0,228,433,3470,49,0
59.840645,3.598000,114.000,48.898000,2.588000,128.348270,3825,555,0,228,433,3470,49,0
59.886719,46.074000,114.000,48.898000,2.588000,128.489079,3954,564,0,237,477,3558,49,0
59.891618,4.899000,114.000,48.898000,2.588000,128.404896,3914,540,0,229,467,3538,49,0
59.902618,11.000000,114.000,48.898000,2.588000,128.310360,3758,540,0,217,455,3514,49,0
59.905137,2.519000,114.000,48.898000,2.588000,128.310841,3758,540,0,217,455,3514,49,0
59.918930,13.793000,114.000,48.898000,2.588000,128.311321,3758,540,0,217,455,3514,49,0
59.921590,2.660000,114.000,48.898000,2.588000,128.311756,3758,540,0,217,455,3514,49,0
59.935833,14.243000,114.000,48.898000,2.588000,128.312202,3758,540,0,217,455,3514,49,0
59.938589,2.756000,114.000,48.898000,2.588000,128.312683,3758,540,0,217,455,3514,49,0
59.952761,14.172000,114.000,48.898000,2.588000,128.314903,3761,540,0,217,455,3514,49,0
59.955339,2.578000,114.000,48.898000,2.588000,128.315384,3761,540,0,217,455,3514,49,0
59.969140,13.801000,114.000,48.898000,2.588000,128.315842,3761,540,0,217,455,3514,49,0
59.971864,2.724000,114.000,48.898000,2.588000,128.316277,3761,540,0,217,455,3514,49,0
59.985836,13.972000,114.000,48.898000,2.588000,128.310974,3751,540,0,217,455,3514,49,0
59.988558,2.722000,114.000,48.898000,2.588000,128.311455,3751,540,0,216,419,3442,49,0
60.002825,14.267000,114.000,48.898000,2.588000,128.311882,3751,540,0,216,419,3442,49,0
