godot_gate: import cache missing, running headless import first
Godot Engine v4.7.stable.official.5b4e0cb0f - https://godotengine.org

[   0% ] [90m[1mfirst_scan_filesystem[22m | Started Project initialization (5 steps)[39m[0m
[   0% ] [90m[1mfirst_scan_filesystem[22m | Scanning file structure...[39m[0m
[  16% ] [90m[1mfirst_scan_filesystem[22m | Loading global class names...[39m[0m
[  33% ] [90m[1mfirst_scan_filesystem[22m | Verifying GDExtensions...[39m[0m
[  50% ] [90m[1mfirst_scan_filesystem[22m | Creating autoload scripts...[39m[0m
[  66% ] [90m[1mfirst_scan_filesystem[22m | Initializing plugins...[39m[0m
[  83% ] [90m[1mfirst_scan_filesystem[22m | Starting file scan...[39m[0m
[92m[ DONE ][39m [1mfirst_scan_filesystem[22m
[0m
WARNING: UID duplicate detected between res://docs/design/references/chars_cartoon/skeleton_parts/dark_mage/parts/cloak_back_l.png and res://assets/sprites/characters/skeleton_parts/dark_mage/parts/cloak_back_l.png.
     at: _process_file_system (editor/file_system/editor_file_system.cpp:1405)
WARNING: UID duplicate detected between res://docs/design/references/chars_cartoon/skeleton_parts/dark_mage/parts/cloak_back_r.png and res://assets/sprites/characters/skeleton_parts/dark_mage/parts/cloak_back_r.png.
     at: _process_file_system (editor/file_system/editor_file_system.cpp:1405)
WARNING: UID duplicate detected between res://docs/design/references/chars_cartoon/skeleton_parts/dark_mage/parts/foot_l.png and res://assets/sprites/characters/skeleton_parts/dark_mage/parts/foot_l.png.
     at: _process_file_system (editor/file_system/editor_file_system.cpp:1405)
WARNING: UID duplicate detected between res://docs/design/references/chars_cartoon/skeleton_parts/dark_mage/parts/foot_r.png and res://assets/sprites/characters/skeleton_parts/dark_mage/parts/foot_r.png.
     at: _process_file_system (editor/file_system/editor_file_system.cpp:1405)
WARNING: UID duplicate detected between res://docs/design/references/chars_cartoon/skeleton_parts/dark_mage/parts/hand_l.png and res://assets/sprites/characters/skeleton_parts/dark_mage/parts/hand_l.png.
     at: _process_file_system (editor/file_system/editor_file_system.cpp:1405)
WARNING: UID duplicate detected between res://docs/design/references/chars_cartoon/skeleton_parts/dark_mage/parts/hand_r.png and res://assets/sprites/characters/skeleton_parts/dark_mage/parts/hand_r.png.
     at: _process_file_system (editor/file_system/editor_file_system.cpp:1405)
WARNING: UID duplicate detected between res://docs/design/references/chars_cartoon/skeleton_parts/dark_mage/parts/head.png and res://assets/sprites/characters/skeleton_parts/dark_mage/parts/head.png.
     at: _process_file_system (editor/file_system/editor_file_system.cpp:1405)
WARNING: UID duplicate detected between res://docs/design/references/chars_cartoon/skeleton_parts/dark_mage/parts/hood_shadow.png and res://assets/sprites/characters/skeleton_parts/dark_mage/parts/hood_shadow.png.
     at: _process_file_system (editor/file_system/editor_file_system.cpp:1405)
WARNING: UID duplicate detected between res://docs/design/references/chars_cartoon/skeleton_parts/dark_mage/parts/lower_arm_l.png and res://assets/sprites/characters/skeleton_parts/dark_mage/parts/lower_arm_l.png.
     at: _process_file_system (editor/file_system/editor_file_system.cpp:1405)
WARNING: UID duplicate detected between res://docs/design/references/chars_cartoon/skeleton_parts/dark_mage/parts/lower_arm_r.png and res://assets/sprites/characters/skeleton_parts/dark_mage/parts/lower_arm_r.png.
     at: _process_file_system (editor/file_system/editor_file_system.cpp:1405)
WARNING: UID duplicate detected between res://docs/design/references/chars_cartoon/skeleton_parts/dark_mage/parts/pelvis.png and res://assets/sprites/characters/skeleton_parts/dark_mage/parts/pelvis.png.
     at: _process_file_system (editor/file_system/editor_file_system.cpp:1405)
WARNING: UID duplicate detected between res://docs/design/references/chars_cartoon/skeleton_parts/dark_mage/parts/robe_front.png and res://assets/sprites/characters/skeleton_parts/dark_mage/parts/robe_front.png.
     at: _process_file_system (editor/file_system/editor_file_system.cpp:1405)
WARNING: UID duplicate detected between res://docs/design/references/chars_cartoon/skeleton_parts/dark_mage/parts/shin_l.png and res://assets/sprites/characters/skeleton_parts/dark_mage/parts/shin_l.png.
     at: _process_file_system (editor/file_system/editor_file_system.cpp:1405)
WARNING: UID duplicate detected between res://docs/design/references/chars_cartoon/skeleton_parts/dark_mage/parts/shin_r.png and res://assets/sprites/characters/skeleton_parts/dark_mage/parts/shin_r.png.
     at: _process_file_system (editor/file_system/editor_file_system.cpp:1405)
WARNING: UID duplicate detected between res://docs/design/references/chars_cartoon/skeleton_parts/dark_mage/parts/thigh_l.png and res://assets/sprites/characters/skeleton_parts/dark_mage/parts/thigh_l.png.
     at: _process_file_system (editor/file_system/editor_file_system.cpp:1405)
WARNING: UID duplicate detected between res://docs/design/references/chars_cartoon/skeleton_parts/dark_mage/parts/thigh_r.png and res://assets/sprites/characters/skeleton_parts/dark_mage/parts/thigh_r.png.
     at: _process_file_system (editor/file_system/editor_file_system.cpp:1405)
WARNING: UID duplicate detected between res://docs/design/references/chars_cartoon/skeleton_parts/dark_mage/parts/torso.png and res://assets/sprites/characters/skeleton_parts/dark_mage/parts/torso.png.
     at: _process_file_system (editor/file_system/editor_file_system.cpp:1405)
WARNING: UID duplicate detected between res://docs/design/references/chars_cartoon/skeleton_parts/dark_mage/parts/upper_arm_l.png and res://assets/sprites/characters/skeleton_parts/dark_mage/parts/upper_arm_l.png.
     at: _process_file_system (editor/file_system/editor_file_system.cpp:1405)
WARNING: UID duplicate detected between res://docs/design/references/chars_cartoon/skeleton_parts/dark_mage/parts/upper_arm_r.png and res://assets/sprites/characters/skeleton_parts/dark_mage/parts/upper_arm_r.png.
     at: _process_file_system (editor/file_system/editor_file_system.cpp:1405)
WARNING: UID duplicate detected between res://docs/design/references/chars_cartoon/skeleton_parts/knight/parts/cape_l.png and res://assets/sprites/characters/skeleton_parts/knight/parts/cape_l.png.
     at: _process_file_system (editor/file_system/editor_file_system.cpp:1405)
WARNING: UID duplicate detected between res://docs/design/references/chars_cartoon/skeleton_parts/knight/parts/cape_r.png and res://assets/sprites/characters/skeleton_parts/knight/parts/cape_r.png.
     at: _process_file_system (editor/file_system/editor_file_system.cpp:1405)
WARNING: UID duplicate detected between res://docs/design/references/chars_cartoon/skeleton_parts/knight/parts/foot_l.png and res://assets/sprites/characters/skeleton_parts/knight/parts/foot_l.png.
     at: _process_file_system (editor/file_system/editor_file_system.cpp:1405)
WARNING: UID duplicate detected between res://docs/design/references/chars_cartoon/skeleton_parts/knight/parts/foot_r.png and res://assets/sprites/characters/skeleton_parts/knight/parts/foot_r.png.
     at: _process_file_system (editor/file_system/editor_file_system.cpp:1405)
WARNING: UID duplicate detected between res://docs/design/references/chars_cartoon/skeleton_parts/knight/parts/hand_l.png and res://assets/sprites/characters/skeleton_parts/knight/parts/hand_l.png.
     at: _process_file_system (editor/file_system/editor_file_system.cpp:1405)
WARNING: UID duplicate detected between res://docs/design/references/chars_cartoon/skeleton_parts/knight/parts/hand_r.png and res://assets/sprites/characters/skeleton_parts/knight/parts/hand_r.png.
     at: _process_file_system (editor/file_system/editor_file_system.cpp:1405)
WARNING: UID duplicate detected between res://docs/design/references/chars_cartoon/skeleton_parts/knight/parts/head.png and res://assets/sprites/characters/skeleton_parts/knight/parts/head.png.
     at: _process_file_system (editor/file_system/editor_file_system.cpp:1405)
WARNING: UID duplicate detected between res://docs/design/references/chars_cartoon/skeleton_parts/knight/parts/lower_arm_l.png and res://assets/sprites/characters/skeleton_parts/knight/parts/lower_arm_l.png.
     at: _process_file_system (editor/file_system/editor_file_system.cpp:1405)
WARNING: UID duplicate detected between res://docs/design/references/chars_cartoon/skeleton_parts/knight/parts/lower_arm_r.png and res://assets/sprites/characters/skeleton_parts/knight/parts/lower_arm_r.png.
     at: _process_file_system (editor/file_system/editor_file_system.cpp:1405)
WARNING: UID duplicate detected between res://docs/design/references/chars_cartoon/skeleton_parts/knight/parts/pelvis.png and res://assets/sprites/characters/skeleton_parts/knight/parts/pelvis.png.
     at: _process_file_system (editor/file_system/editor_file_system.cpp:1405)
WARNING: UID duplicate detected between res://docs/design/references/chars_cartoon/skeleton_parts/knight/parts/shin_l.png and res://assets/sprites/characters/skeleton_parts/knight/parts/shin_l.png.
     at: _process_file_system (editor/file_system/editor_file_system.cpp:1405)
WARNING: UID duplicate detected between res://docs/design/references/chars_cartoon/skeleton_parts/knight/parts/shin_r.png and res://assets/sprites/characters/skeleton_parts/knight/parts/shin_r.png.
     at: _process_file_system (editor/file_system/editor_file_system.cpp:1405)
WARNING: UID duplicate detected between res://docs/design/references/chars_cartoon/skeleton_parts/knight/parts/shoulder_armor_l.png and res://assets/sprites/characters/skeleton_parts/knight/parts/shoulder_armor_l.png.
     at: _process_file_system (editor/file_system/editor_file_system.cpp:1405)
WARNING: UID duplicate detected between res://docs/design/references/chars_cartoon/skeleton_parts/knight/parts/shoulder_armor_r.png and res://assets/sprites/characters/skeleton_parts/knight/parts/shoulder_armor_r.png.
     at: _process_file_system (editor/file_system/editor_file_system.cpp:1405)
WARNING: UID duplicate detected between res://docs/design/references/chars_cartoon/skeleton_parts/knight/parts/thigh_l.png and res://assets/sprites/characters/skeleton_parts/knight/parts/thigh_l.png.
     at: _process_file_system (editor/file_system/editor_file_system.cpp:1405)
WARNING: UID duplicate detected between res://docs/design/references/chars_cartoon/skeleton_parts/knight/parts/thigh_r.png and res://assets/sprites/characters/skeleton_parts/knight/parts/thigh_r.png.
     at: _process_file_system (editor/file_system/editor_file_system.cpp:1405)
WARNING: UID duplicate detected between res://docs/design/references/chars_cartoon/skeleton_parts/knight/parts/torso.png and res://assets/sprites/characters/skeleton_parts/knight/parts/torso.png.
     at: _process_file_system (editor/file_system/editor_file_system.cpp:1405)
WARNING: UID duplicate detected between res://docs/design/references/chars_cartoon/skeleton_parts/knight/parts/upper_arm_l.png and res://assets/sprites/characters/skeleton_parts/knight/parts/upper_arm_l.png.
     at: _process_file_system (editor/file_system/editor_file_system.cpp:1405)
WARNING: UID duplicate detected between res://docs/design/references/chars_cartoon/skeleton_parts/knight/parts/upper_arm_r.png and res://assets/sprites/characters/skeleton_parts/knight/parts/upper_arm_r.png.
     at: _process_file_system (editor/file_system/editor_file_system.cpp:1405)
[   0% ] [90m[1mupdate_scripts_classes[22m | Started Registering global classes... (177 steps)[39m[0m
[   0% ] [90m[1mupdate_scripts_classes[22m | [39m[0m
[   0% ] [90m[1mupdate_scripts_classes[22m | HeroSelectConstants[39m[0m
[   1% ] [90m[1mupdate_scripts_classes[22m | HeroStatRadar[39m[0m
[   1% ] [90m[1mupdate_scripts_classes[22m | ShopUIConstants[39m[0m
[   2% ] [90m[1mupdate_scripts_classes[22m | UIThemePaths[39m[0m
[   2% ] [90m[1mupdate_scripts_classes[22m | [39m[0m
[   3% ] [90m[1mupdate_scripts_classes[22m | [39m[0m
[   3% ] [90m[1mupdate_scripts_classes[22m | AttackVfx[39m[0m
[   4% ] [90m[1mupdate_scripts_classes[22m | [39m[0m
[   5% ] [90m[1mupdate_scripts_classes[22m | BerserkWeapon[39m[0m
[   5% ] [90m[1mupdate_scripts_classes[22m | [39m[0m
[   6% ] [90m[1mupdate_scripts_classes[22m | ClassWeapon[39m[0m
[   6% ] [90m[1mupdate_scripts_classes[22m | [39m[0m
[   7% ] [90m[1mupdate_scripts_classes[22m | [39m[0m
[   7% ] [90m[1mupdate_scripts_classes[22m | CombatTargetQuery[39m[0m
[   8% ] [90m[1mupdate_scripts_classes[22m | [39m[0m
[   8% ] [90m[1mupdate_scripts_classes[22m | [39m[0m
[   9% ] [90m[1mupdate_scripts_classes[22m | [39m[0m
[  10% ] [90m[1mupdate_scripts_classes[22m | [39m[0m
[  10% ] [90m[1mupdate_scripts_classes[22m | [39m[0m
[  11% ] [90m[1mupdate_scripts_classes[22m | [39m[0m
[  11% ] [90m[1mupdate_scripts_classes[22m | FeedbackReporter[39m[0m
[  12% ] [90m[1mupdate_scripts_classes[22m | FullFrameAnimationRegistry[39m[0m
[  12% ] [90m[1mupdate_scripts_classes[22m | [39m[0m
[  13% ] [90m[1mupdate_scripts_classes[22m | [39m[0m
[  14% ] [90m[1mupdate_scripts_classes[22m | HazardVfx[39m[0m
[  14% ] [90m[1mupdate_scripts_classes[22m | [39m[0m
[  15% ] [90m[1mupdate_scripts_classes[22m | [39m[0m
[  15% ] [90m[1mupdate_scripts_classes[22m | [39m[0m
[  16% ] [90m[1mupdate_scripts_classes[22m | [39m[0m
[  16% ] [90m[1mupdate_scripts_classes[22m | [39m[0m
[  17% ] [90m[1mupdate_scripts_classes[22m | [39m[0m
[  17% ] [90m[1mupdate_scripts_classes[22m | [39m[0m
[  18% ] [90m[1mupdate_scripts_classes[22m | [39m[0m
[  19% ] [90m[1mupdate_scripts_classes[22m | ProgressionData[39m[0m
[  19% ] [90m[1mupdate_scripts_classes[22m | [39m[0m
[  20% ] [90m[1mupdate_scripts_classes[22m | [39m[0m
[  20% ] [90m[1mupdate_scripts_classes[22m | [39m[0m
[  21% ] [90m[1mupdate_scripts_classes[22m | [39m[0m
[  21% ] [90m[1mupdate_scripts_classes[22m | [39m[0m
[  22% ] [90m[1mupdate_scripts_classes[22m | [39m[0m
[  23% ] [90m[1mupdate_scripts_classes[22m | [39m[0m
[  23% ] [90m[1mupdate_scripts_classes[22m | [39m[0m
[  24% ] [90m[1mupdate_scripts_classes[22m | [39m[0m
[  24% ] [90m[1mupdate_scripts_classes[22m | RunAutosave[39m[0m
[  25% ] [90m[1mupdate_scripts_classes[22m | [39m[0m
[  25% ] [90m[1mupdate_scripts_classes[22m | [39m[0m
[  26% ] [90m[1mupdate_scripts_classes[22m | StatusEffects[39m[0m
[  26% ] [90m[1mupdate_scripts_classes[22m | StatFormulas[39m[0m
[  27% ] [90m[1mupdate_scripts_classes[22m | [39m[0m
[  28% ] [90m[1mupdate_scripts_classes[22m | [39m[0m
[  28% ] [90m[1mupdate_scripts_classes[22m | [39m[0m
[  29% ] [90m[1mupdate_scripts_classes[22m | [39m[0m
[  29% ] [90m[1mupdate_scripts_classes[22m | [39m[0m
[  30% ] [90m[1mupdate_scripts_classes[22m | [39m[0m
[  30% ] [90m[1mupdate_scripts_classes[22m | [39m[0m
[  31% ] [90m[1mupdate_scripts_classes[22m | [39m[0m
[  32% ] [90m[1mupdate_scripts_classes[22m | [39m[0m
[  32% ] [90m[1mupdate_scripts_classes[22m | [39m[0m
[  33% ] [90m[1mupdate_scripts_classes[22m | [39m[0m
[  33% ] [90m[1mupdate_scripts_classes[22m | [39m[0m
[  34% ] [90m[1mupdate_scripts_classes[22m | [39m[0m
[  34% ] [90m[1mupdate_scripts_classes[22m | [39m[0m
[  35% ] [90m[1mupdate_scripts_classes[22m | [39m[0m
[  35% ] [90m[1mupdate_scripts_classes[22m | [39m[0m
[  36% ] [90m[1mupdate_scripts_classes[22m | [39m[0m
[  37% ] [90m[1mupdate_scripts_classes[22m | [39m[0m
[  37% ] [90m[1mupdate_scripts_classes[22m | [39m[0m
[  38% ] [90m[1mupdate_scripts_classes[22m | [39m[0m
[  38% ] [90m[1mupdate_scripts_classes[22m | [39m[0m
[  39% ] [90m[1mupdate_scripts_classes[22m | [39m[0m
[  39% ] [90m[1mupdate_scripts_classes[22m | [39m[0m
[  40% ] [90m[1mupdate_scripts_classes[22m | [39m[0m
[  41% ] [90m[1mupdate_scripts_classes[22m | [39m[0m
[  41% ] [90m[1mupdate_scripts_classes[22m | [39m[0m
[  42% ] [90m[1mupdate_scripts_classes[22m | [39m[0m
[  42% ] [90m[1mupdate_scripts_classes[22m | [39m[0m
[  43% ] [90m[1mupdate_scripts_classes[22m | [39m[0m
[  43% ] [90m[1mupdate_scripts_classes[22m | [39m[0m
[  44% ] [90m[1mupdate_scripts_classes[22m | [39m[0m
[  44% ] [90m[1mupdate_scripts_classes[22m | [39m[0m
[  45% ] [90m[1mupdate_scripts_classes[22m | [39m[0m
[  46% ] [90m[1mupdate_scripts_classes[22m | [39m[0m
[  46% ] [90m[1mupdate_scripts_classes[22m | [39m[0m
[  47% ] [90m[1mupdate_scripts_classes[22m | [39m[0m
[  47% ] [90m[1mupdate_scripts_classes[22m | [39m[0m
[  48% ] [90m[1mupdate_scripts_classes[22m | [39m[0m
[  48% ] [90m[1mupdate_scripts_classes[22m | [39m[0m
[  49% ] [90m[1mupdate_scripts_classes[22m | [39m[0m
[  50% ] [90m[1mupdate_scripts_classes[22m | [39m[0m
[  50% ] [90m[1mupdate_scripts_classes[22m | [39m[0m
[  51% ] [90m[1mupdate_scripts_classes[22m | [39m[0m
[  51% ] [90m[1mupdate_scripts_classes[22m | [39m[0m
[  52% ] [90m[1mupdate_scripts_classes[22m | [39m[0m
[  52% ] [90m[1mupdate_scripts_classes[22m | [39m[0m
[  53% ] [90m[1mupdate_scripts_classes[22m | [39m[0m
[  53% ] [90m[1mupdate_scripts_classes[22m | [39m[0m
[  54% ] [90m[1mupdate_scripts_classes[22m | [39m[0m
[  55% ] [90m[1mupdate_scripts_classes[22m | [39m[0m
[  55% ] [90m[1mupdate_scripts_classes[22m | [39m[0m
[  56% ] [90m[1mupdate_scripts_classes[22m | [39m[0m
[  56% ] [90m[1mupdate_scripts_classes[22m | [39m[0m
[  57% ] [90m[1mupdate_scripts_classes[22m | [39m[0m
[  57% ] [90m[1mupdate_scripts_classes[22m | [39m[0m
[  58% ] [90m[1mupdate_scripts_classes[22m | [39m[0m
[  58% ] [90m[1mupdate_scripts_classes[22m | [39m[0m
[  59% ] [90m[1mupdate_scripts_classes[22m | [39m[0m
[  60% ] [90m[1mupdate_scripts_classes[22m | [39m[0m
[  60% ] [90m[1mupdate_scripts_classes[22m | [39m[0m
[  61% ] [90m[1mupdate_scripts_classes[22m | [39m[0m
[  61% ] [90m[1mupdate_scripts_classes[22m | [39m[0m
[  62% ] [90m[1mupdate_scripts_classes[22m | [39m[0m
[  62% ] [90m[1mupdate_scripts_classes[22m | [39m[0m
[  63% ] [90m[1mupdate_scripts_classes[22m | [39m[0m
[  64% ] [90m[1mupdate_scripts_classes[22m | [39m[0m
[  64% ] [90m[1mupdate_scripts_classes[22m | [39m[0m
[  65% ] [90m[1mupdate_scripts_classes[22m | [39m[0m
[  65% ] [90m[1mupdate_scripts_classes[22m | [39m[0m
[  66% ] [90m[1mupdate_scripts_classes[22m | [39m[0m
[  66% ] [90m[1mupdate_scripts_classes[22m | [39m[0m
[  67% ] [90m[1mupdate_scripts_classes[22m | [39m[0m
[  67% ] [90m[1mupdate_scripts_classes[22m | [39m[0m
[  68% ] [90m[1mupdate_scripts_classes[22m | [39m[0m
[  69% ] [90m[1mupdate_scripts_classes[22m | [39m[0m
[  69% ] [90m[1mupdate_scripts_classes[22m | [39m[0m
[  70% ] [90m[1mupdate_scripts_classes[22m | [39m[0m
[  70% ] [90m[1mupdate_scripts_classes[22m | [39m[0m
[  71% ] [90m[1mupdate_scripts_classes[22m | [39m[0m
[  71% ] [90m[1mupdate_scripts_classes[22m | [39m[0m
[  72% ] [90m[1mupdate_scripts_classes[22m | [39m[0m
[  73% ] [90m[1mupdate_scripts_classes[22m | [39m[0m
[  73% ] [90m[1mupdate_scripts_classes[22m | [39m[0m
[  74% ] [90m[1mupdate_scripts_classes[22m | [39m[0m
[  74% ] [90m[1mupdate_scripts_classes[22m | [39m[0m
[  75% ] [90m[1mupdate_scripts_classes[22m | [39m[0m
[  75% ] [90m[1mupdate_scripts_classes[22m | [39m[0m
[  76% ] [90m[1mupdate_scripts_classes[22m | [39m[0m
[  76% ] [90m[1mupdate_scripts_classes[22m | [39m[0m
[  77% ] [90m[1mupdate_scripts_classes[22m | [39m[0m
[  78% ] [90m[1mupdate_scripts_classes[22m | [39m[0m
[  78% ] [90m[1mupdate_scripts_classes[22m | [39m[0m
[  79% ] [90m[1mupdate_scripts_classes[22m | [39m[0m
[  79% ] [90m[1mupdate_scripts_classes[22m | [39m[0m
[  80% ] [90m[1mupdate_scripts_classes[22m | [39m[0m
[  80% ] [90m[1mupdate_scripts_classes[22m | [39m[0m
[  81% ] [90m[1mupdate_scripts_classes[22m | [39m[0m
[  82% ] [90m[1mupdate_scripts_classes[22m | [39m[0m
[  82% ] [90m[1mupdate_scripts_classes[22m | [39m[0m
[  83% ] [90m[1mupdate_scripts_classes[22m | [39m[0m
[  83% ] [90m[1mupdate_scripts_classes[22m | [39m[0m
[  84% ] [90m[1mupdate_scripts_classes[22m | [39m[0m
[  84% ] [90m[1mupdate_scripts_classes[22m | [39m[0m
[  85% ] [90m[1mupdate_scripts_classes[22m | [39m[0m
[  85% ] [90m[1mupdate_scripts_classes[22m | [39m[0m
[  86% ] [90m[1mupdate_scripts_classes[22m | [39m[0m
[  87% ] [90m[1mupdate_scripts_classes[22m | [39m[0m
[  87% ] [90m[1mupdate_scripts_classes[22m | [39m[0m
[  88% ] [90m[1mupdate_scripts_classes[22m | [39m[0m
[  88% ] [90m[1mupdate_scripts_classes[22m | [39m[0m
[  89% ] [90m[1mupdate_scripts_classes[22m | [39m[0m
[  89% ] [90m[1mupdate_scripts_classes[22m | [39m[0m
[  90% ] [90m[1mupdate_scripts_classes[22m | [39m[0m
[  91% ] [90m[1mupdate_scripts_classes[22m | [39m[0m
[  91% ] [90m[1mupdate_scripts_classes[22m | [39m[0m
[  92% ] [90m[1mupdate_scripts_classes[22m | [39m[0m
[  92% ] [90m[1mupdate_scripts_classes[22m | [39m[0m
[  93% ] [90m[1mupdate_scripts_classes[22m | [39m[0m
[  93% ] [90m[1mupdate_scripts_classes[22m | [39m[0m
[  94% ] [90m[1mupdate_scripts_classes[22m | [39m[0m
[  94% ] [90m[1mupdate_scripts_classes[22m | [39m[0m
[  95% ] [90m[1mupdate_scripts_classes[22m | [39m[0m
[  96% ] [90m[1mupdate_scripts_classes[22m | [39m[0m
[  96% ] [90m[1mupdate_scripts_classes[22m | [39m[0m
[  97% ] [90m[1mupdate_scripts_classes[22m | [39m[0m
[  97% ] [90m[1mupdate_scripts_classes[22m | [39m[0m
[  98% ] [90m[1mupdate_scripts_classes[22m | [39m[0m
[  98% ] [90m[1mupdate_scripts_classes[22m | [39m[0m
[92m[ DONE ][39m [1mupdate_scripts_classes[22m
[0m
[   0% ] [90m[1m_update_scan_actions[22m | Started Scanning actions... (3954 steps)[39m[0m
[   0% ] [90m[1m_update_scan_actions[22m | music_boss_battle.mp3[39m[0m
[   0% ] [90m[1m_update_scan_actions[22m | music_combat_minstrel.wav[39m[0m
[   0% ] [90m[1m_update_scan_actions[22m | music_menu_tavern.wav[39m[0m
[   0% ] [90m[1m_update_scan_actions[22m | sfx_dodge.wav[39m[0m
[   0% ] [90m[1m_update_scan_actions[22m | sfx_hit.wav[39m[0m
[   0% ] [90m[1m_update_scan_actions[22m | sfx_level_up.wav[39m[0m
[   0% ] [90m[1m_update_scan_actions[22m | sfx_pickup_money.wav[39m[0m
[   0% ] [90m[1m_update_scan_actions[22m | sfx_pickup_xp.wav[39m[0m
[   0% ] [90m[1m_update_scan_actions[22m | sfx_player_hit.wav[39m[0m
[   0% ] [90m[1m_update_scan_actions[22m | ui_backdrop_arcane_lab.png[39m[0m
[   0% ] [90m[1m_update_scan_actions[22m | ui_backdrop_defeat_crypt.png[39m[0m
[   0% ] [90m[1m_update_scan_actions[22m | ui_backdrop_merchant_archive.png[39m[0m
[   0% ] [90m[1m_update_scan_actions[22m | ui_backdrop_rest_campfire.png[39m[0m
[   0% ] [90m[1m_update_scan_actions[22m | ui_backdrop_reward_hall.png[39m[0m
[   0% ] [90m[1m_update_scan_actions[22m | ui_backdrop_settings.png[39m[0m
[   0% ] [90m[1m_update_scan_actions[22m | ui_backdrop_skill_tree.png[39m[0m
[   0% ] [90m[1m_update_scan_actions[22m | ui_backdrop_system_cathedral.png[39m[0m
[   0% ] [90m[1m_update_scan_actions[22m | ui_backdrop_victory.png[39m[0m
[   0% ] [90m[1m_update_scan_actions[22m | field_ashen_rift.png[39m[0m
[   0% ] [90m[1m_update_scan_actions[22m | field_cursed_grove.png[39m[0m
[   0% ] [90m[1m_update_scan_actions[22m | field_dry_road.png[39m[0m
[   0% ] [90m[1m_update_scan_actions[22m | field_dusty_badlands.png[39m[0m
[   0% ] [90m[1m_update_scan_actions[22m | field_enchanted_meadow.png[39m[0m
[   0% ] [90m[1m_update_scan_actions[22m | field_marsh.png[39m[0m
[   0% ] [90m[1m_update_scan_actions[22m | field_meadow.png[39m[0m
[   0% ] [90m[1m_update_scan_actions[22m | field_misty_marsh.png[39m[0m
[   0% ] [90m[1m_update_scan_actions[22m | field_ruined_courtyard.png[39m[0m
[   0% ] [90m[1m_update_scan_actions[22m | field_stone_garden.png[39m[0m
[   0% ] [90m[1m_update_scan_actions[22m | main_menu_epic_battle_v3.png[39m[0m
[   0% ] [90m[1m_update_scan_actions[22m | route_map_backdrop.png[39m[0m
[   0% ] [90m[1m_update_scan_actions[22m | new_bosses_promo.png[39m[0m
[   0% ] [90m[1m_update_scan_actions[22m | fantasydisk_steam_library_logo.png[39m[0m
[   0% ] [90m[1m_update_scan_actions[22m | fantasydisk_steam_library_logo_preview.png[39m[0m
[   0% ] [90m[1m_update_scan_actions[22m | ally_druid_wolf_attack_00.png[39m[0m
[   0% ] [90m[1m_update_scan_actions[22m | ally_druid_wolf_attack_01.png[39m[0m
[   0% ] [90m[1m_update_scan_actions[22m | ally_druid_wolf_attack_02.png[39m[0m
[   0% ] [90m[1m_update_scan_actions[22m | ally_druid_wolf_attack_03.png[39m[0m
[   0% ] [90m[1m_update_scan_actions[22m | ally_druid_wolf_attack_04.png[39m[0m
[   0% ] [90m[1m_update_scan_actions[22m | ally_druid_wolf_attack_05.png[39m[0m
[   0% ] [90m[1m_update_scan_actions[22m | ally_druid_wolf_death_00.png[39m[0m
[   1% ] [90m[1m_update_scan_actions[22m | ally_druid_wolf_death_01.png[39m[0m
[   1% ] [90m[1m_update_scan_actions[22m | ally_druid_wolf_death_02.png[39m[0m
[   1% ] [90m[1m_update_scan_actions[22m | ally_druid_wolf_death_03.png[39m[0m
[   1% ] [90m[1m_update_scan_actions[22m | ally_druid_wolf_death_04.png[39m[0m
[   1% ] [90m[1m_update_scan_actions[22m | ally_druid_wolf_death_05.png[39m[0m
[   1% ] [90m[1m_update_scan_actions[22m | ally_druid_wolf_death_row.png[39m[0m
[   1% ] [90m[1m_update_scan_actions[22m | ally_druid_wolf_move_00.png[39m[0m
[   1% ] [90m[1m_update_scan_actions[22m | ally_druid_wolf_move_01.png[39m[0m
[   1% ] [90m[1m_update_scan_actions[22m | ally_druid_wolf_move_02.png[39m[0m
[   1% ] [90m[1m_update_scan_actions[22m | ally_druid_wolf_move_03.png[39m[0m
[   1% ] [90m[1m_update_scan_actions[22m | ally_druid_wolf_move_04.png[39m[0m
[   1% ] [90m[1m_update_scan_actions[22m | ally_druid_wolf_move_05.png[39m[0m
[   1% ] [90m[1m_update_scan_actions[22m | ally_druid_wolf_move_06.png[39m[0m
[   1% ] [90m[1m_update_scan_actions[22m | ally_druid_wolf_move_07.png[39m[0m
[   1% ] [90m[1m_update_scan_actions[22m | ally_homunculus_attack_00.png[39m[0m
[   1% ] [90m[1m_update_scan_actions[22m | ally_homunculus_attack_01.png[39m[0m
[   1% ] [90m[1m_update_scan_actions[22m | ally_homunculus_attack_02.png[39m[0m
[   1% ] [90m[1m_update_scan_actions[22m | ally_homunculus_attack_03.png[39m[0m
[   1% ] [90m[1m_update_scan_actions[22m | ally_homunculus_attack_04.png[39m[0m
[   1% ] [90m[1m_update_scan_actions[22m | ally_homunculus_attack_05.png[39m[0m
[   1% ] [90m[1m_update_scan_actions[22m | ally_homunculus_death_00.png[39m[0m
[   1% ] [90m[1m_update_scan_actions[22m | ally_homunculus_death_01.png[39m[0m
[   1% ] [90m[1m_update_scan_actions[22m | ally_homunculus_death_02.png[39m[0m
[   1% ] [90m[1m_update_scan_actions[22m | ally_homunculus_death_03.png[39m[0m
[   1% ] [90m[1m_update_scan_actions[22m | ally_homunculus_death_04.png[39m[0m
[   1% ] [90m[1m_update_scan_actions[22m | ally_homunculus_death_05.png[39m[0m
[   1% ] [90m[1m_update_scan_actions[22m | ally_homunculus_death_row.png[39m[0m
[   1% ] [90m[1m_update_scan_actions[22m | ally_homunculus_move_00.png[39m[0m
[   1% ] [90m[1m_update_scan_actions[22m | ally_homunculus_move_01.png[39m[0m
[   1% ] [90m[1m_update_scan_actions[22m | ally_homunculus_move_02.png[39m[0m
[   1% ] [90m[1m_update_scan_actions[22m | ally_homunculus_move_03.png[39m[0m
[   1% ] [90m[1m_update_scan_actions[22m | ally_homunculus_move_04.png[39m[0m
[   1% ] [90m[1m_update_scan_actions[22m | ally_homunculus_move_05.png[39m[0m
[   1% ] [90m[1m_update_scan_actions[22m | ally_homunculus_move_06.png[39m[0m
[   1% ] [90m[1m_update_scan_actions[22m | ally_homunculus_move_07.png[39m[0m
[   1% ] [90m[1m_update_scan_actions[22m | ally_leadership_echo_attack_00.png[39m[0m
[   1% ] [90m[1m_update_scan_actions[22m | ally_leadership_echo_attack_01.png[39m[0m
[   1% ] [90m[1m_update_scan_actions[22m | ally_leadership_echo_attack_02.png[39m[0m
[   1% ] [90m[1m_update_scan_actions[22m | ally_leadership_echo_attack_03.png[39m[0m
[   1% ] [90m[1m_update_scan_actions[22m | ally_leadership_echo_attack_04.png[39m[0m
[   2% ] [90m[1m_update_scan_actions[22m | ally_leadership_echo_attack_05.png[39m[0m
[   2% ] [90m[1m_update_scan_actions[22m | ally_leadership_echo_death_00.png[39m[0m
[   2% ] [90m[1m_update_scan_actions[22m | ally_leadership_echo_death_01.png[39m[0m
[   2% ] [90m[1m_update_scan_actions[22m | ally_leadership_echo_death_02.png[39m[0m
[   2% ] [90m[1m_update_scan_actions[22m | ally_leadership_echo_death_03.png[39m[0m
[   2% ] [90m[1m_update_scan_actions[22m | ally_leadership_echo_death_04.png[39m[0m
[   2% ] [90m[1m_update_scan_actions[22m | ally_leadership_echo_death_05.png[39m[0m
[   2% ] [90m[1m_update_scan_actions[22m | ally_leadership_echo_death_row.png[39m[0m
[   2% ] [90m[1m_update_scan_actions[22m | ally_leadership_echo_move_00.png[39m[0m
[   2% ] [90m[1m_update_scan_actions[22m | ally_leadership_echo_move_01.png[39m[0m
[   2% ] [90m[1m_update_scan_actions[22m | ally_leadership_echo_move_02.png[39m[0m
[   2% ] [90m[1m_update_scan_actions[22m | ally_leadership_echo_move_03.png[39m[0m
[   2% ] [90m[1m_update_scan_actions[22m | ally_leadership_echo_move_04.png[39m[0m
[   2% ] [90m[1m_update_scan_actions[22m | ally_leadership_echo_move_05.png[39m[0m
[   2% ] [90m[1m_update_scan_actions[22m | ally_leadership_echo_move_06.png[39m[0m
[   2% ] [90m[1m_update_scan_actions[22m | ally_leadership_echo_move_07.png[39m[0m
[   2% ] [90m[1m_update_scan_actions[22m | ally_pack_spirit_attack_00.png[39m[0m
[   2% ] [90m[1m_update_scan_actions[22m | ally_pack_spirit_attack_01.png[39m[0m
[   2% ] [90m[1m_update_scan_actions[22m | ally_pack_spirit_attack_02.png[39m[0m
[   2% ] [90m[1m_update_scan_actions[22m | ally_pack_spirit_attack_03.png[39m[0m
[   2% ] [90m[1m_update_scan_actions[22m | ally_pack_spirit_attack_04.png[39m[0m
[   2% ] [90m[1m_update_scan_actions[22m | ally_pack_spirit_attack_05.png[39m[0m
[   2% ] [90m[1m_update_scan_actions[22m | ally_pack_spirit_death_00.png[39m[0m
[   2% ] [90m[1m_update_scan_actions[22m | ally_pack_spirit_death_01.png[39m[0m
[   2% ] [90m[1m_update_scan_actions[22m | ally_pack_spirit_death_02.png[39m[0m
[   2% ] [90m[1m_update_scan_actions[22m | ally_pack_spirit_death_03.png[39m[0m
[   2% ] [90m[1m_update_scan_actions[22m | ally_pack_spirit_death_04.png[39m[0m
[   2% ] [90m[1m_update_scan_actions[22m | ally_pack_spirit_death_05.png[39m[0m
[   2% ] [90m[1m_update_scan_actions[22m | ally_pack_spirit_death_row.png[39m[0m
[   2% ] [90m[1m_update_scan_actions[22m | ally_pack_spirit_move_00.png[39m[0m
[   2% ] [90m[1m_update_scan_actions[22m | ally_pack_spirit_move_01.png[39m[0m
[   2% ] [90m[1m_update_scan_actions[22m | ally_pack_spirit_move_02.png[39m[0m
[   2% ] [90m[1m_update_scan_actions[22m | ally_pack_spirit_move_03.png[39m[0m
[   2% ] [90m[1m_update_scan_actions[22m | ally_pack_spirit_move_04.png[39m[0m
[   2% ] [90m[1m_update_scan_actions[22m | ally_pack_spirit_move_05.png[39m[0m
[   2% ] [90m[1m_update_scan_actions[22m | ally_pack_spirit_move_06.png[39m[0m
[   2% ] [90m[1m_update_scan_actions[22m | ally_pack_spirit_move_07.png[39m[0m
[   2% ] [90m[1m_update_scan_actions[22m | ally_druid_beast.png[39m[0m
[   2% ] [90m[1m_update_scan_actions[22m | ally_druid_pack_spirit.png[39m[0m
[   3% ] [90m[1m_update_scan_actions[22m | ally_homunculus.png[39m[0m
[   3% ] [90m[1m_update_scan_actions[22m | ally_leadership_echo.png[39m[0m
[   3% ] [90m[1m_update_scan_actions[22m | deploy_raven_totem_field.png[39m[0m
[   3% ] [90m[1m_update_scan_actions[22m | deploy_sound_amp_field.png[39m[0m
[   3% ] [90m[1m_update_scan_actions[22m | disk_devourer_torso.png[39m[0m
[   3% ] [90m[1m_update_scan_actions[22m | rift_warden_arm_l.png[39m[0m
[   3% ] [90m[1m_update_scan_actions[22m | rift_warden_arm_r.png[39m[0m
[   3% ] [90m[1m_update_scan_actions[22m | rift_warden_torso.png[39m[0m
[   3% ] [90m[1m_update_scan_actions[22m | rift_warden_vortex.png[39m[0m
[   3% ] [90m[1m_update_scan_actions[22m | ashen_colossus_attack_primary_00.png[39m[0m
[   3% ] [90m[1m_update_scan_actions[22m | ashen_colossus_attack_primary_01.png[39m[0m
[   3% ] [90m[1m_update_scan_actions[22m | ashen_colossus_attack_primary_02.png[39m[0m
[   3% ] [90m[1m_update_scan_actions[22m | ashen_colossus_attack_primary_03.png[39m[0m
[   3% ] [90m[1m_update_scan_actions[22m | ashen_colossus_attack_primary_04.png[39m[0m
[   3% ] [90m[1m_update_scan_actions[22m | ashen_colossus_attack_primary_05.png[39m[0m
[   3% ] [90m[1m_update_scan_actions[22m | ashen_colossus_death_00.png[39m[0m
[   3% ] [90m[1m_update_scan_actions[22m | ashen_colossus_death_01.png[39m[0m
[   3% ] [90m[1m_update_scan_actions[22m | ashen_colossus_death_02.png[39m[0m
[   3% ] [90m[1m_update_scan_actions[22m | ashen_colossus_death_03.png[39m[0m
[   3% ] [90m[1m_update_scan_actions[22m | ashen_colossus_death_04.png[39m[0m
[   3% ] [90m[1m_update_scan_actions[22m | ashen_colossus_death_05.png[39m[0m
[   3% ] [90m[1m_update_scan_actions[22m | ashen_colossus_death_row.png[39m[0m
[   3% ] [90m[1m_update_scan_actions[22m | ashen_colossus_move_00.png[39m[0m
[   3% ] [90m[1m_update_scan_actions[22m | ashen_colossus_move_01.png[39m[0m
[   3% ] [90m[1m_update_scan_actions[22m | ashen_colossus_move_02.png[39m[0m
[   3% ] [90m[1m_update_scan_actions[22m | ashen_colossus_move_03.png[39m[0m
[   3% ] [90m[1m_update_scan_actions[22m | ashen_colossus_move_04.png[39m[0m
[   3% ] [90m[1m_update_scan_actions[22m | ashen_colossus_move_05.png[39m[0m
[   3% ] [90m[1m_update_scan_actions[22m | ashen_colossus_skill_armor_pulse_00.png[39m[0m
[   3% ] [90m[1m_update_scan_actions[22m | ashen_colossus_skill_armor_pulse_01.png[39m[0m
[   3% ] [90m[1m_update_scan_actions[22m | ashen_colossus_skill_armor_pulse_02.png[39m[0m
[   3% ] [90m[1m_update_scan_actions[22m | ashen_colossus_skill_armor_pulse_03.png[39m[0m
[   3% ] [90m[1m_update_scan_actions[22m | ashen_colossus_skill_armor_pulse_04.png[39m[0m
[   3% ] [90m[1m_update_scan_actions[22m | ashen_colossus_skill_armor_pulse_05.png[39m[0m
[   3% ] [90m[1m_update_scan_actions[22m | ashen_colossus_skill_molten_slam_00.png[39m[0m
[   3% ] [90m[1m_update_scan_actions[22m | ashen_colossus_skill_molten_slam_01.png[39m[0m
[   3% ] [90m[1m_update_scan_actions[22m | ashen_colossus_skill_molten_slam_02.png[39m[0m
[   3% ] [90m[1m_update_scan_actions[22m | ashen_colossus_skill_molten_slam_03.png[39m[0m
[   3% ] [90m[1m_update_scan_actions[22m | ashen_colossus_skill_molten_slam_04.png[39m[0m
[   3% ] [90m[1m_update_scan_actions[22m | ashen_colossus_skill_molten_slam_05.png[39m[0m
[   4% ] [90m[1m_update_scan_actions[22m | bone_archon_attack_primary_00.png[39m[0m
[   4% ] [90m[1m_update_scan_actions[22m | bone_archon_attack_primary_01.png[39m[0m
[   4% ] [90m[1m_update_scan_actions[22m | bone_archon_attack_primary_02.png[39m[0m
[   4% ] [90m[1m_update_scan_actions[22m | bone_archon_attack_primary_03.png[39m[0m
[   4% ] [90m[1m_update_scan_actions[22m | bone_archon_attack_primary_04.png[39m[0m
[   4% ] [90m[1m_update_scan_actions[22m | bone_archon_attack_primary_05.png[39m[0m
[   4% ] [90m[1m_update_scan_actions[22m | bone_archon_death_00.png[39m[0m
[   4% ] [90m[1m_update_scan_actions[22m | bone_archon_death_01.png[39m[0m
[   4% ] [90m[1m_update_scan_actions[22m | bone_archon_death_02.png[39m[0m
[   4% ] [90m[1m_update_scan_actions[22m | bone_archon_death_03.png[39m[0m
[   4% ] [90m[1m_update_scan_actions[22m | bone_archon_death_04.png[39m[0m
[   4% ] [90m[1m_update_scan_actions[22m | bone_archon_death_05.png[39m[0m
[   4% ] [90m[1m_update_scan_actions[22m | bone_archon_death_row.png[39m[0m
[   4% ] [90m[1m_update_scan_actions[22m | bone_archon_move_00.png[39m[0m
[   4% ] [90m[1m_update_scan_actions[22m | bone_archon_move_01.png[39m[0m
[   4% ] [90m[1m_update_scan_actions[22m | bone_archon_move_02.png[39m[0m
[   4% ] [90m[1m_update_scan_actions[22m | bone_archon_move_03.png[39m[0m
[   4% ] [90m[1m_update_scan_actions[22m | bone_archon_move_04.png[39m[0m
[   4% ] [90m[1m_update_scan_actions[22m | bone_archon_move_05.png[39m[0m
[   4% ] [90m[1m_update_scan_actions[22m | bone_archon_skill_bone_prison_00.png[39m[0m
[   4% ] [90m[1m_update_scan_actions[22m | bone_archon_skill_bone_prison_01.png[39m[0m
[   4% ] [90m[1m_update_scan_actions[22m | bone_archon_skill_bone_prison_02.png[39m[0m
[   4% ] [90m[1m_update_scan_actions[22m | bone_archon_skill_bone_prison_03.png[39m[0m
[   4% ] [90m[1m_update_scan_actions[22m | bone_archon_skill_bone_prison_04.png[39m[0m
[   4% ] [90m[1m_update_scan_actions[22m | bone_archon_skill_bone_prison_05.png[39m[0m
[   4% ] [90m[1m_update_scan_actions[22m | bone_archon_skill_skull_volley_00.png[39m[0m
[   4% ] [90m[1m_update_scan_actions[22m | bone_archon_skill_skull_volley_01.png[39m[0m
[   4% ] [90m[1m_update_scan_actions[22m | bone_archon_skill_skull_volley_02.png[39m[0m
[   4% ] [90m[1m_update_scan_actions[22m | bone_archon_skill_skull_volley_03.png[39m[0m
[   4% ] [90m[1m_update_scan_actions[22m | bone_archon_skill_skull_volley_04.png[39m[0m
[   4% ] [90m[1m_update_scan_actions[22m | bone_archon_skill_skull_volley_05.png[39m[0m
[   4% ] [90m[1m_update_scan_actions[22m | brood_mother_attack_primary_00.png[39m[0m
[   4% ] [90m[1m_update_scan_actions[22m | brood_mother_attack_primary_01.png[39m[0m
[   4% ] [90m[1m_update_scan_actions[22m | brood_mother_attack_primary_02.png[39m[0m
[   4% ] [90m[1m_update_scan_actions[22m | brood_mother_attack_primary_03.png[39m[0m
[   4% ] [90m[1m_update_scan_actions[22m | brood_mother_attack_primary_04.png[39m[0m
[   4% ] [90m[1m_update_scan_actions[22m | brood_mother_attack_primary_05.png[39m[0m
[   4% ] [90m[1m_update_scan_actions[22m | brood_mother_death_00.png[39m[0m
[   4% ] [90m[1m_update_scan_actions[22m | brood_mother_death_01.png[39m[0m
[   5% ] [90m[1m_update_scan_actions[22m | brood_mother_death_02.png[39m[0m
[   5% ] [90m[1m_update_scan_actions[22m | brood_mother_death_03.png[39m[0m
[   5% ] [90m[1m_update_scan_actions[22m | brood_mother_death_04.png[39m[0m
[   5% ] [90m[1m_update_scan_actions[22m | brood_mother_death_05.png[39m[0m
[   5% ] [90m[1m_update_scan_actions[22m | brood_mother_death_row.png[39m[0m
[   5% ] [90m[1m_update_scan_actions[22m | brood_mother_move_00.png[39m[0m
[   5% ] [90m[1m_update_scan_actions[22m | brood_mother_move_01.png[39m[0m
[   5% ] [90m[1m_update_scan_actions[22m | brood_mother_move_02.png[39m[0m
[   5% ] [90m[1m_update_scan_actions[22m | brood_mother_move_03.png[39m[0m
[   5% ] [90m[1m_update_scan_actions[22m | brood_mother_move_04.png[39m[0m
[   5% ] [90m[1m_update_scan_actions[22m | brood_mother_move_05.png[39m[0m
[   5% ] [90m[1m_update_scan_actions[22m | brood_mother_skill_brood_spawn_00.png[39m[0m
[   5% ] [90m[1m_update_scan_actions[22m | brood_mother_skill_brood_spawn_01.png[39m[0m
[   5% ] [90m[1m_update_scan_actions[22m | brood_mother_skill_brood_spawn_02.png[39m[0m
[   5% ] [90m[1m_update_scan_actions[22m | brood_mother_skill_brood_spawn_03.png[39m[0m
[   5% ] [90m[1m_update_scan_actions[22m | brood_mother_skill_brood_spawn_04.png[39m[0m
[   5% ] [90m[1m_update_scan_actions[22m | brood_mother_skill_brood_spawn_05.png[39m[0m
[   5% ] [90m[1m_update_scan_actions[22m | brood_mother_skill_web_zone_00.png[39m[0m
[   5% ] [90m[1m_update_scan_actions[22m | brood_mother_skill_web_zone_01.png[39m[0m
[   5% ] [90m[1m_update_scan_actions[22m | brood_mother_skill_web_zone_02.png[39m[0m
[   5% ] [90m[1m_update_scan_actions[22m | brood_mother_skill_web_zone_03.png[39m[0m
[   5% ] [90m[1m_update_scan_actions[22m | brood_mother_skill_web_zone_04.png[39m[0m
[   5% ] [90m[1m_update_scan_actions[22m | brood_mother_skill_web_zone_05.png[39m[0m
[   5% ] [90m[1m_update_scan_actions[22m | disk_devourer_attack_primary_00.png[39m[0m
[   5% ] [90m[1m_update_scan_actions[22m | disk_devourer_attack_primary_01.png[39m[0m
[   5% ] [90m[1m_update_scan_actions[22m | disk_devourer_attack_primary_02.png[39m[0m
[   5% ] [90m[1m_update_scan_actions[22m | disk_devourer_attack_primary_03.png[39m[0m
[   5% ] [90m[1m_update_scan_actions[22m | disk_devourer_attack_primary_04.png[39m[0m
[   5% ] [90m[1m_update_scan_actions[22m | disk_devourer_attack_primary_05.png[39m[0m
[   5% ] [90m[1m_update_scan_actions[22m | disk_devourer_death_00.png[39m[0m
[   5% ] [90m[1m_update_scan_actions[22m | disk_devourer_death_01.png[39m[0m
[   5% ] [90m[1m_update_scan_actions[22m | disk_devourer_death_02.png[39m[0m
[   5% ] [90m[1m_update_scan_actions[22m | disk_devourer_death_03.png[39m[0m
[   5% ] [90m[1m_update_scan_actions[22m | disk_devourer_death_04.png[39m[0m
[   5% ] [90m[1m_update_scan_actions[22m | disk_devourer_death_05.png[39m[0m
[   5% ] [90m[1m_update_scan_actions[22m | disk_devourer_death_row.png[39m[0m
[   5% ] [90m[1m_update_scan_actions[22m | disk_devourer_move_00.png[39m[0m
[   5% ] [90m[1m_update_scan_actions[22m | disk_devourer_move_01.png[39m[0m
[   5% ] [90m[1m_update_scan_actions[22m | disk_devourer_move_02.png[39m[0m
[   5% ] [90m[1m_update_scan_actions[22m | disk_devourer_move_03.png[39m[0m
[   6% ] [90m[1m_update_scan_actions[22m | disk_devourer_move_04.png[39m[0m
[   6% ] [90m[1m_update_scan_actions[22m | disk_devourer_move_05.png[39m[0m
[   6% ] [90m[1m_update_scan_actions[22m | disk_devourer_skill_rift_zone_00.png[39m[0m
[   6% ] [90m[1m_update_scan_actions[22m | disk_devourer_skill_rift_zone_01.png[39m[0m
[   6% ] [90m[1m_update_scan_actions[22m | disk_devourer_skill_rift_zone_02.png[39m[0m
[   6% ] [90m[1m_update_scan_actions[22m | disk_devourer_skill_rift_zone_03.png[39m[0m
[   6% ] [90m[1m_update_scan_actions[22m | disk_devourer_skill_rift_zone_04.png[39m[0m
[   6% ] [90m[1m_update_scan_actions[22m | disk_devourer_skill_rift_zone_05.png[39m[0m
[   6% ] [90m[1m_update_scan_actions[22m | disk_devourer_skill_vampiric_bite_00.png[39m[0m
[   6% ] [90m[1m_update_scan_actions[22m | disk_devourer_skill_vampiric_bite_01.png[39m[0m
[   6% ] [90m[1m_update_scan_actions[22m | disk_devourer_skill_vampiric_bite_02.png[39m[0m
[   6% ] [90m[1m_update_scan_actions[22m | disk_devourer_skill_vampiric_bite_03.png[39m[0m
[   6% ] [90m[1m_update_scan_actions[22m | disk_devourer_skill_vampiric_bite_04.png[39m[0m
[   6% ] [90m[1m_update_scan_actions[22m | disk_devourer_skill_vampiric_bite_05.png[39m[0m
[   6% ] [90m[1m_update_scan_actions[22m | rift_warden_attack_primary_00.png[39m[0m
[   6% ] [90m[1m_update_scan_actions[22m | rift_warden_attack_primary_01.png[39m[0m
[   6% ] [90m[1m_update_scan_actions[22m | rift_warden_attack_primary_02.png[39m[0m
[   6% ] [90m[1m_update_scan_actions[22m | rift_warden_attack_primary_03.png[39m[0m
[   6% ] [90m[1m_update_scan_actions[22m | rift_warden_attack_primary_04.png[39m[0m
[   6% ] [90m[1m_update_scan_actions[22m | rift_warden_attack_primary_05.png[39m[0m
[   6% ] [90m[1m_update_scan_actions[22m | rift_warden_death_00.png[39m[0m
[   6% ] [90m[1m_update_scan_actions[22m | rift_warden_death_01.png[39m[0m
[   6% ] [90m[1m_update_scan_actions[22m | rift_warden_death_02.png[39m[0m
[   6% ] [90m[1m_update_scan_actions[22m | rift_warden_death_03.png[39m[0m
[   6% ] [90m[1m_update_scan_actions[22m | rift_warden_death_04.png[39m[0m
[   6% ] [90m[1m_update_scan_actions[22m | rift_warden_death_05.png[39m[0m
[   6% ] [90m[1m_update_scan_actions[22m | rift_warden_death_row.png[39m[0m
[   6% ] [90m[1m_update_scan_actions[22m | rift_warden_move_00.png[39m[0m
[   6% ] [90m[1m_update_scan_actions[22m | rift_warden_move_01.png[39m[0m
[   6% ] [90m[1m_update_scan_actions[22m | rift_warden_move_02.png[39m[0m
[   6% ] [90m[1m_update_scan_actions[22m | rift_warden_move_03.png[39m[0m
[   6% ] [90m[1m_update_scan_actions[22m | rift_warden_move_04.png[39m[0m
[   6% ] [90m[1m_update_scan_actions[22m | rift_warden_move_05.png[39m[0m
[   6% ] [90m[1m_update_scan_actions[22m | rift_warden_skill_gravity_well_00.png[39m[0m
[   6% ] [90m[1m_update_scan_actions[22m | rift_warden_skill_gravity_well_01.png[39m[0m
[   6% ] [90m[1m_update_scan_actions[22m | rift_warden_skill_gravity_well_02.png[39m[0m
[   6% ] [90m[1m_update_scan_actions[22m | rift_warden_skill_gravity_well_03.png[39m[0m
[   6% ] [90m[1m_update_scan_actions[22m | rift_warden_skill_gravity_well_04.png[39m[0m
[   6% ] [90m[1m_update_scan_actions[22m | rift_warden_skill_gravity_well_05.png[39m[0m
[   7% ] [90m[1m_update_scan_actions[22m | rift_warden_skill_rift_zone_00.png[39m[0m
[   7% ] [90m[1m_update_scan_actions[22m | rift_warden_skill_rift_zone_01.png[39m[0m
[   7% ] [90m[1m_update_scan_actions[22m | rift_warden_skill_rift_zone_02.png[39m[0m
[   7% ] [90m[1m_update_scan_actions[22m | rift_warden_skill_rift_zone_03.png[39m[0m
[   7% ] [90m[1m_update_scan_actions[22m | rift_warden_skill_rift_zone_04.png[39m[0m
[   7% ] [90m[1m_update_scan_actions[22m | rift_warden_skill_rift_zone_05.png[39m[0m
[   7% ] [90m[1m_update_scan_actions[22m | secret_ascension_boss_attack_primary_00.png[39m[0m
[   7% ] [90m[1m_update_scan_actions[22m | secret_ascension_boss_attack_primary_01.png[39m[0m
[   7% ] [90m[1m_update_scan_actions[22m | secret_ascension_boss_attack_primary_02.png[39m[0m
[   7% ] [90m[1m_update_scan_actions[22m | secret_ascension_boss_attack_primary_03.png[39m[0m
[   7% ] [90m[1m_update_scan_actions[22m | secret_ascension_boss_attack_primary_04.png[39m[0m
[   7% ] [90m[1m_update_scan_actions[22m | secret_ascension_boss_attack_primary_05.png[39m[0m
[   7% ] [90m[1m_update_scan_actions[22m | secret_ascension_boss_attack_primary_release_00.png[39m[0m
[   7% ] [90m[1m_update_scan_actions[22m | secret_ascension_boss_attack_primary_release_01.png[39m[0m
[   7% ] [90m[1m_update_scan_actions[22m | secret_ascension_boss_attack_primary_release_02.png[39m[0m
[   7% ] [90m[1m_update_scan_actions[22m | secret_ascension_boss_attack_primary_release_03.png[39m[0m
[   7% ] [90m[1m_update_scan_actions[22m | secret_ascension_boss_attack_primary_release_04.png[39m[0m
[   7% ] [90m[1m_update_scan_actions[22m | secret_ascension_boss_attack_primary_release_05.png[39m[0m
[   7% ] [90m[1m_update_scan_actions[22m | secret_ascension_boss_attack_primary_windup_00.png[39m[0m
[   7% ] [90m[1m_update_scan_actions[22m | secret_ascension_boss_attack_primary_windup_01.png[39m[0m
[   7% ] [90m[1m_update_scan_actions[22m | secret_ascension_boss_attack_primary_windup_02.png[39m[0m
[   7% ] [90m[1m_update_scan_actions[22m | secret_ascension_boss_attack_primary_windup_03.png[39m[0m
[   7% ] [90m[1m_update_scan_actions[22m | secret_ascension_boss_attack_primary_windup_04.png[39m[0m
[   7% ] [90m[1m_update_scan_actions[22m | secret_ascension_boss_attack_primary_windup_05.png[39m[0m
[   7% ] [90m[1m_update_scan_actions[22m | secret_ascension_boss_death_00.png[39m[0m
[   7% ] [90m[1m_update_scan_actions[22m | secret_ascension_boss_death_01.png[39m[0m
[   7% ] [90m[1m_update_scan_actions[22m | secret_ascension_boss_death_02.png[39m[0m
[   7% ] [90m[1m_update_scan_actions[22m | secret_ascension_boss_death_03.png[39m[0m
[   7% ] [90m[1m_update_scan_actions[22m | secret_ascension_boss_death_04.png[39m[0m
[   7% ] [90m[1m_update_scan_actions[22m | secret_ascension_boss_death_05.png[39m[0m
[   7% ] [90m[1m_update_scan_actions[22m | secret_ascension_boss_hit_00.png[39m[0m
[   7% ] [90m[1m_update_scan_actions[22m | secret_ascension_boss_hit_01.png[39m[0m
[   7% ] [90m[1m_update_scan_actions[22m | secret_ascension_boss_hit_02.png[39m[0m
[   7% ] [90m[1m_update_scan_actions[22m | secret_ascension_boss_hit_03.png[39m[0m
[   7% ] [90m[1m_update_scan_actions[22m | secret_ascension_boss_hit_04.png[39m[0m
[   7% ] [90m[1m_update_scan_actions[22m | secret_ascension_boss_hit_05.png[39m[0m
[   7% ] [90m[1m_update_scan_actions[22m | secret_ascension_boss_move_00.png[39m[0m
[   7% ] [90m[1m_update_scan_actions[22m | secret_ascension_boss_move_01.png[39m[0m
[   7% ] [90m[1m_update_scan_actions[22m | secret_ascension_boss_move_02.png[39m[0m
[   7% ] [90m[1m_update_scan_actions[22m | secret_ascension_boss_move_03.png[39m[0m
[   8% ] [90m[1m_update_scan_actions[22m | secret_ascension_boss_move_04.png[39m[0m
[   8% ] [90m[1m_update_scan_actions[22m | secret_ascension_boss_move_05.png[39m[0m
[   8% ] [90m[1m_update_scan_actions[22m | secret_ascension_boss_skill_beam_00.png[39m[0m
[   8% ] [90m[1m_update_scan_actions[22m | secret_ascension_boss_skill_beam_01.png[39m[0m
[   8% ] [90m[1m_update_scan_actions[22m | secret_ascension_boss_skill_beam_02.png[39m[0m
[   8% ] [90m[1m_update_scan_actions[22m | secret_ascension_boss_skill_beam_03.png[39m[0m
[   8% ] [90m[1m_update_scan_actions[22m | secret_ascension_boss_skill_beam_04.png[39m[0m
[   8% ] [90m[1m_update_scan_actions[22m | secret_ascension_boss_skill_beam_05.png[39m[0m
[   8% ] [90m[1m_update_scan_actions[22m | secret_ascension_boss_skill_cone_00.png[39m[0m
[   8% ] [90m[1m_update_scan_actions[22m | secret_ascension_boss_skill_cone_01.png[39m[0m
[   8% ] [90m[1m_update_scan_actions[22m | secret_ascension_boss_skill_cone_02.png[39m[0m
[   8% ] [90m[1m_update_scan_actions[22m | secret_ascension_boss_skill_cone_03.png[39m[0m
[   8% ] [90m[1m_update_scan_actions[22m | secret_ascension_boss_skill_cone_04.png[39m[0m
[   8% ] [90m[1m_update_scan_actions[22m | secret_ascension_boss_skill_cone_05.png[39m[0m
[   8% ] [90m[1m_update_scan_actions[22m | secret_ascension_boss_skill_ring_00.png[39m[0m
[   8% ] [90m[1m_update_scan_actions[22m | secret_ascension_boss_skill_ring_01.png[39m[0m
[   8% ] [90m[1m_update_scan_actions[22m | secret_ascension_boss_skill_ring_02.png[39m[0m
[   8% ] [90m[1m_update_scan_actions[22m | secret_ascension_boss_skill_ring_03.png[39m[0m
[   8% ] [90m[1m_update_scan_actions[22m | secret_ascension_boss_skill_ring_04.png[39m[0m
[   8% ] [90m[1m_update_scan_actions[22m | secret_ascension_boss_skill_ring_05.png[39m[0m
[   8% ] [90m[1m_update_scan_actions[22m | secret_ascension_boss_skill_rupture_00.png[39m[0m
[   8% ] [90m[1m_update_scan_actions[22m | secret_ascension_boss_skill_rupture_01.png[39m[0m
[   8% ] [90m[1m_update_scan_actions[22m | secret_ascension_boss_skill_rupture_02.png[39m[0m
[   8% ] [90m[1m_update_scan_actions[22m | secret_ascension_boss_skill_rupture_03.png[39m[0m
[   8% ] [90m[1m_update_scan_actions[22m | secret_ascension_boss_skill_rupture_04.png[39m[0m
[   8% ] [90m[1m_update_scan_actions[22m | secret_ascension_boss_skill_rupture_05.png[39m[0m
[   8% ] [90m[1m_update_scan_actions[22m | ashen_colossus_full_frame_sheet.png[39m[0m
[   8% ] [90m[1m_update_scan_actions[22m | bone_archon_full_frame_sheet.png[39m[0m
[   8% ] [90m[1m_update_scan_actions[22m | brood_mother_full_frame_sheet.png[39m[0m
[   8% ] [90m[1m_update_scan_actions[22m | disk_devourer_full_frame_sheet.png[39m[0m
[   8% ] [90m[1m_update_scan_actions[22m | rift_warden_full_frame_sheet.png[39m[0m
[   8% ] [90m[1m_update_scan_actions[22m | secret_ascension_boss_full_frame_sheet.png[39m[0m
[   8% ] [90m[1m_update_scan_actions[22m | ashen_colossus_pixellab_alpha.png[39m[0m
[   8% ] [90m[1m_update_scan_actions[22m | bloodthorn_lion_pixellab_alpha.png[39m[0m
[   8% ] [90m[1m_update_scan_actions[22m | bloodthorn_lion_pixellab_south.png[39m[0m
[   8% ] [90m[1m_update_scan_actions[22m | bone_archon_pixellab_alpha.png[39m[0m
[   8% ] [90m[1m_update_scan_actions[22m | brood_mother_pixellab_alpha.png[39m[0m
[   8% ] [90m[1m_update_scan_actions[22m | disk_devourer_pixellab_alpha.png[39m[0m
[   8% ] [90m[1m_update_scan_actions[22m | rift_warden_pixellab_south.png[39m[0m
[   9% ] [90m[1m_update_scan_actions[22m | secret_ascension_boss_pixellab_alpha.png[39m[0m
[   9% ] [90m[1m_update_scan_actions[22m | skeletal_dragon_pixellab_alpha.png[39m[0m
[   9% ] [90m[1m_update_scan_actions[22m | boss_ashen_colossus.png[39m[0m
[   9% ] [90m[1m_update_scan_actions[22m | boss_bloodthorn_lion.png[39m[0m
[   9% ] [90m[1m_update_scan_actions[22m | boss_bone_archon.png[39m[0m
[   9% ] [90m[1m_update_scan_actions[22m | boss_brood_mother.png[39m[0m
[   9% ] [90m[1m_update_scan_actions[22m | boss_disk_devourer.png[39m[0m
[   9% ] [90m[1m_update_scan_actions[22m | boss_rift_warden.png[39m[0m
[   9% ] [90m[1m_update_scan_actions[22m | secret_ascension_boss.png[39m[0m
[   9% ] [90m[1m_update_scan_actions[22m | berserk_v2_attack_primary_00.png[39m[0m
[   9% ] [90m[1m_update_scan_actions[22m | berserk_v2_attack_primary_01.png[39m[0m
[   9% ] [90m[1m_update_scan_actions[22m | berserk_v2_attack_primary_02.png[39m[0m
[   9% ] [90m[1m_update_scan_actions[22m | berserk_v2_attack_primary_03.png[39m[0m
[   9% ] [90m[1m_update_scan_actions[22m | berserk_v2_attack_primary_04.png[39m[0m
[   9% ] [90m[1m_update_scan_actions[22m | berserk_v2_attack_primary_05.png[39m[0m
[   9% ] [90m[1m_update_scan_actions[22m | berserk_v2_move_00.png[39m[0m
[   9% ] [90m[1m_update_scan_actions[22m | berserk_v2_move_01.png[39m[0m
[   9% ] [90m[1m_update_scan_actions[22m | berserk_v2_move_02.png[39m[0m
[   9% ] [90m[1m_update_scan_actions[22m | berserk_v2_move_03.png[39m[0m
[   9% ] [90m[1m_update_scan_actions[22m | berserk_v2_move_04.png[39m[0m
[   9% ] [90m[1m_update_scan_actions[22m | berserk_v2_anim_sheet.png[39m[0m
[   9% ] [90m[1m_update_scan_actions[22m | berserk_v2_idle_cell_512.png[39m[0m
[   9% ] [90m[1m_update_scan_actions[22m | berserk_v2_sheet_source_handoff.png[39m[0m
[   9% ] [90m[1m_update_scan_actions[22m | berserk_v2_source_clean.png[39m[0m
[   9% ] [90m[1m_update_scan_actions[22m | dark_mage_cartoon2_anim_sheet.png[39m[0m
[   9% ] [90m[1m_update_scan_actions[22m | knight_cartoon2_anim_sheet.png[39m[0m
[   9% ] [90m[1m_update_scan_actions[22m | assassin_arm_l.png[39m[0m
[   9% ] [90m[1m_update_scan_actions[22m | assassin_arm_r.png[39m[0m
[   9% ] [90m[1m_update_scan_actions[22m | assassin_leg_l.png[39m[0m
[   9% ] [90m[1m_update_scan_actions[22m | assassin_leg_r.png[39m[0m
[   9% ] [90m[1m_update_scan_actions[22m | assassin_torso.png[39m[0m
[   9% ] [90m[1m_update_scan_actions[22m | berserk_arm_l.png[39m[0m
[   9% ] [90m[1m_update_scan_actions[22m | berserk_arm_r.png[39m[0m
[   9% ] [90m[1m_update_scan_actions[22m | berserk_leg_l.png[39m[0m
[   9% ] [90m[1m_update_scan_actions[22m | berserk_leg_r.png[39m[0m
[   9% ] [90m[1m_update_scan_actions[22m | berserk_torso.png[39m[0m
[   9% ] [90m[1m_update_scan_actions[22m | biologist_arm_l.png[39m[0m
[   9% ] [90m[1m_update_scan_actions[22m | biologist_arm_r.png[39m[0m
[   9% ] [90m[1m_update_scan_actions[22m | biologist_leg_l.png[39m[0m
[   9% ] [90m[1m_update_scan_actions[22m | biologist_leg_r.png[39m[0m
[  10% ] [90m[1m_update_scan_actions[22m | biologist_torso.png[39m[0m
[  10% ] [90m[1m_update_scan_actions[22m | chemist_arm_l.png[39m[0m
[  10% ] [90m[1m_update_scan_actions[22m | chemist_arm_r.png[39m[0m
[  10% ] [90m[1m_update_scan_actions[22m | chemist_leg_l.png[39m[0m
[  10% ] [90m[1m_update_scan_actions[22m | chemist_leg_r.png[39m[0m
[  10% ] [90m[1m_update_scan_actions[22m | chemist_torso.png[39m[0m
[  10% ] [90m[1m_update_scan_actions[22m | dark_mage_arm_l.png[39m[0m
[  10% ] [90m[1m_update_scan_actions[22m | dark_mage_arm_r.png[39m[0m
[  10% ] [90m[1m_update_scan_actions[22m | dark_mage_leg_l.png[39m[0m
[  10% ] [90m[1m_update_scan_actions[22m | dark_mage_leg_r.png[39m[0m
[  10% ] [90m[1m_update_scan_actions[22m | dark_mage_torso.png[39m[0m
[  10% ] [90m[1m_update_scan_actions[22m | doctor_arm_l.png[39m[0m
[  10% ] [90m[1m_update_scan_actions[22m | doctor_arm_r.png[39m[0m
[  10% ] [90m[1m_update_scan_actions[22m | doctor_leg_l.png[39m[0m
[  10% ] [90m[1m_update_scan_actions[22m | doctor_leg_r.png[39m[0m
[  10% ] [90m[1m_update_scan_actions[22m | doctor_torso.png[39m[0m
[  10% ] [90m[1m_update_scan_actions[22m | druid_arm_l.png[39m[0m
[  10% ] [90m[1m_update_scan_actions[22m | druid_arm_r.png[39m[0m
[  10% ] [90m[1m_update_scan_actions[22m | druid_leg_l.png[39m[0m
[  10% ] [90m[1m_update_scan_actions[22m | druid_leg_r.png[39m[0m
[  10% ] [90m[1m_update_scan_actions[22m | druid_torso.png[39m[0m
[  10% ] [90m[1m_update_scan_actions[22m | elementalist_arm_l.png[39m[0m
[  10% ] [90m[1m_update_scan_actions[22m | elementalist_arm_r.png[39m[0m
[  10% ] [90m[1m_update_scan_actions[22m | elementalist_leg_l.png[39m[0m
[  10% ] [90m[1m_update_scan_actions[22m | elementalist_leg_r.png[39m[0m
[  10% ] [90m[1m_update_scan_actions[22m | elementalist_torso.png[39m[0m
[  10% ] [90m[1m_update_scan_actions[22m | engineer_arm_l.png[39m[0m
[  10% ] [90m[1m_update_scan_actions[22m | engineer_arm_r.png[39m[0m
[  10% ] [90m[1m_update_scan_actions[22m | engineer_leg_l.png[39m[0m
[  10% ] [90m[1m_update_scan_actions[22m | engineer_leg_r.png[39m[0m
[  10% ] [90m[1m_update_scan_actions[22m | engineer_torso.png[39m[0m
[  10% ] [90m[1m_update_scan_actions[22m | guitarist_arm_l.png[39m[0m
[  10% ] [90m[1m_update_scan_actions[22m | guitarist_arm_r.png[39m[0m
[  10% ] [90m[1m_update_scan_actions[22m | guitarist_leg_l.png[39m[0m
[  10% ] [90m[1m_update_scan_actions[22m | guitarist_leg_r.png[39m[0m
[  10% ] [90m[1m_update_scan_actions[22m | guitarist_torso.png[39m[0m
[  10% ] [90m[1m_update_scan_actions[22m | knight_arm_l.png[39m[0m
[  10% ] [90m[1m_update_scan_actions[22m | knight_arm_r.png[39m[0m
[  10% ] [90m[1m_update_scan_actions[22m | knight_leg_l.png[39m[0m
[  10% ] [90m[1m_update_scan_actions[22m | knight_leg_r.png[39m[0m
[  11% ] [90m[1m_update_scan_actions[22m | knight_torso.png[39m[0m
[  11% ] [90m[1m_update_scan_actions[22m | priest_arm_l.png[39m[0m
[  11% ] [90m[1m_update_scan_actions[22m | priest_arm_r.png[39m[0m
[  11% ] [90m[1m_update_scan_actions[22m | priest_leg_l.png[39m[0m
[  11% ] [90m[1m_update_scan_actions[22m | priest_leg_r.png[39m[0m
[  11% ] [90m[1m_update_scan_actions[22m | priest_torso.png[39m[0m
[  11% ] [90m[1m_update_scan_actions[22m | ranger_arm_l.png[39m[0m
[  11% ] [90m[1m_update_scan_actions[22m | ranger_arm_r.png[39m[0m
[  11% ] [90m[1m_update_scan_actions[22m | ranger_leg_l.png[39m[0m
[  11% ] [90m[1m_update_scan_actions[22m | ranger_leg_r.png[39m[0m
[  11% ] [90m[1m_update_scan_actions[22m | ranger_torso.png[39m[0m
[  11% ] [90m[1m_update_scan_actions[22m | robot_arm_l.png[39m[0m
[  11% ] [90m[1m_update_scan_actions[22m | robot_arm_r.png[39m[0m
[  11% ] [90m[1m_update_scan_actions[22m | robot_leg_l.png[39m[0m
[  11% ] [90m[1m_update_scan_actions[22m | robot_leg_r.png[39m[0m
[  11% ] [90m[1m_update_scan_actions[22m | robot_torso.png[39m[0m
[  11% ] [90m[1m_update_scan_actions[22m | sniper_arm_l.png[39m[0m
[  11% ] [90m[1m_update_scan_actions[22m | sniper_arm_r.png[39m[0m
[  11% ] [90m[1m_update_scan_actions[22m | sniper_leg_l.png[39m[0m
[  11% ] [90m[1m_update_scan_actions[22m | sniper_leg_r.png[39m[0m
[  11% ] [90m[1m_update_scan_actions[22m | sniper_torso.png[39m[0m
[  11% ] [90m[1m_update_scan_actions[22m | soldier_arm_l.png[39m[0m
[  11% ] [90m[1m_update_scan_actions[22m | soldier_arm_r.png[39m[0m
[  11% ] [90m[1m_update_scan_actions[22m | soldier_leg_l.png[39m[0m
[  11% ] [90m[1m_update_scan_actions[22m | soldier_leg_r.png[39m[0m
[  11% ] [90m[1m_update_scan_actions[22m | soldier_torso.png[39m[0m
[  11% ] [90m[1m_update_scan_actions[22m | thief_arm_l.png[39m[0m
[  11% ] [90m[1m_update_scan_actions[22m | thief_arm_r.png[39m[0m
[  11% ] [90m[1m_update_scan_actions[22m | thief_leg_l.png[39m[0m
[  11% ] [90m[1m_update_scan_actions[22m | thief_leg_r.png[39m[0m
[  11% ] [90m[1m_update_scan_actions[22m | thief_torso.png[39m[0m
[  11% ] [90m[1m_update_scan_actions[22m | assassin_attack_primary_00.png[39m[0m
[  11% ] [90m[1m_update_scan_actions[22m | assassin_attack_primary_01.png[39m[0m
[  11% ] [90m[1m_update_scan_actions[22m | assassin_attack_primary_02.png[39m[0m
[  11% ] [90m[1m_update_scan_actions[22m | assassin_attack_primary_03.png[39m[0m
[  11% ] [90m[1m_update_scan_actions[22m | assassin_attack_primary_04.png[39m[0m
[  11% ] [90m[1m_update_scan_actions[22m | assassin_idle_00.png[39m[0m
[  11% ] [90m[1m_update_scan_actions[22m | assassin_idle_01.png[39m[0m
[  11% ] [90m[1m_update_scan_actions[22m | assassin_idle_02.png[39m[0m
[  12% ] [90m[1m_update_scan_actions[22m | assassin_idle_03.png[39m[0m
[  12% ] [90m[1m_update_scan_actions[22m | assassin_idle_04.png[39m[0m
[  12% ] [90m[1m_update_scan_actions[22m | assassin_walk_00.png[39m[0m
[  12% ] [90m[1m_update_scan_actions[22m | assassin_walk_01.png[39m[0m
[  12% ] [90m[1m_update_scan_actions[22m | assassin_walk_02.png[39m[0m
[  12% ] [90m[1m_update_scan_actions[22m | assassin_walk_03.png[39m[0m
[  12% ] [90m[1m_update_scan_actions[22m | assassin_walk_04.png[39m[0m
[  12% ] [90m[1m_update_scan_actions[22m | berserk_attack_primary_00.png[39m[0m
[  12% ] [90m[1m_update_scan_actions[22m | berserk_attack_primary_01.png[39m[0m
[  12% ] [90m[1m_update_scan_actions[22m | berserk_attack_primary_02.png[39m[0m
[  12% ] [90m[1m_update_scan_actions[22m | berserk_attack_primary_03.png[39m[0m
[  12% ] [90m[1m_update_scan_actions[22m | berserk_attack_primary_04.png[39m[0m
[  12% ] [90m[1m_update_scan_actions[22m | berserk_idle_00.png[39m[0m
[  12% ] [90m[1m_update_scan_actions[22m | berserk_idle_01.png[39m[0m
[  12% ] [90m[1m_update_scan_actions[22m | berserk_idle_02.png[39m[0m
[  12% ] [90m[1m_update_scan_actions[22m | berserk_idle_03.png[39m[0m
[  12% ] [90m[1m_update_scan_actions[22m | berserk_idle_04.png[39m[0m
[  12% ] [90m[1m_update_scan_actions[22m | berserk_walk_00.png[39m[0m
[  12% ] [90m[1m_update_scan_actions[22m | berserk_walk_01.png[39m[0m
[  12% ] [90m[1m_update_scan_actions[22m | berserk_walk_02.png[39m[0m
[  12% ] [90m[1m_update_scan_actions[22m | berserk_walk_03.png[39m[0m
[  12% ] [90m[1m_update_scan_actions[22m | berserk_walk_04.png[39m[0m
[  12% ] [90m[1m_update_scan_actions[22m | berserk_idle_east.png[39m[0m
[  12% ] [90m[1m_update_scan_actions[22m | berserk_idle_north-east.png[39m[0m
[  12% ] [90m[1m_update_scan_actions[22m | berserk_idle_north-west.png[39m[0m
[  12% ] [90m[1m_update_scan_actions[22m | berserk_idle_north.png[39m[0m
[  12% ] [90m[1m_update_scan_actions[22m | berserk_idle_south-east.png[39m[0m
[  12% ] [90m[1m_update_scan_actions[22m | berserk_idle_south-west.png[39m[0m
[  12% ] [90m[1m_update_scan_actions[22m | berserk_idle_south.png[39m[0m
[  12% ] [90m[1m_update_scan_actions[22m | berserk_idle_west.png[39m[0m
[  12% ] [90m[1m_update_scan_actions[22m | berserk_move_east_00.png[39m[0m
[  12% ] [90m[1m_update_scan_actions[22m | berserk_move_east_01.png[39m[0m
[  12% ] [90m[1m_update_scan_actions[22m | berserk_move_east_02.png[39m[0m
[  12% ] [90m[1m_update_scan_actions[22m | berserk_move_east_03.png[39m[0m
[  12% ] [90m[1m_update_scan_actions[22m | berserk_move_east_04.png[39m[0m
[  12% ] [90m[1m_update_scan_actions[22m | berserk_move_east_05.png[39m[0m
[  12% ] [90m[1m_update_scan_actions[22m | berserk_move_north-east_00.png[39m[0m
[  12% ] [90m[1m_update_scan_actions[22m | berserk_move_north-east_01.png[39m[0m
[  12% ] [90m[1m_update_scan_actions[22m | berserk_move_north-east_02.png[39m[0m
[  12% ] [90m[1m_update_scan_actions[22m | berserk_move_north-east_03.png[39m[0m
[  13% ] [90m[1m_update_scan_actions[22m | berserk_move_north-east_04.png[39m[0m
[  13% ] [90m[1m_update_scan_actions[22m | berserk_move_north-east_05.png[39m[0m
[  13% ] [90m[1m_update_scan_actions[22m | berserk_move_north-west_00.png[39m[0m
[  13% ] [90m[1m_update_scan_actions[22m | berserk_move_north-west_01.png[39m[0m
[  13% ] [90m[1m_update_scan_actions[22m | berserk_move_north-west_02.png[39m[0m
[  13% ] [90m[1m_update_scan_actions[22m | berserk_move_north-west_03.png[39m[0m
[  13% ] [90m[1m_update_scan_actions[22m | berserk_move_north-west_04.png[39m[0m
[  13% ] [90m[1m_update_scan_actions[22m | berserk_move_north-west_05.png[39m[0m
[  13% ] [90m[1m_update_scan_actions[22m | berserk_move_north_00.png[39m[0m
[  13% ] [90m[1m_update_scan_actions[22m | berserk_move_north_01.png[39m[0m
[  13% ] [90m[1m_update_scan_actions[22m | berserk_move_north_02.png[39m[0m
[  13% ] [90m[1m_update_scan_actions[22m | berserk_move_north_03.png[39m[0m
[  13% ] [90m[1m_update_scan_actions[22m | berserk_move_north_04.png[39m[0m
[  13% ] [90m[1m_update_scan_actions[22m | berserk_move_north_05.png[39m[0m
[  13% ] [90m[1m_update_scan_actions[22m | berserk_move_south-east_00.png[39m[0m
[  13% ] [90m[1m_update_scan_actions[22m | berserk_move_south-east_01.png[39m[0m
[  13% ] [90m[1m_update_scan_actions[22m | berserk_move_south-east_02.png[39m[0m
[  13% ] [90m[1m_update_scan_actions[22m | berserk_move_south-east_03.png[39m[0m
[  13% ] [90m[1m_update_scan_actions[22m | berserk_move_south-east_04.png[39m[0m
[  13% ] [90m[1m_update_scan_actions[22m | berserk_move_south-east_05.png[39m[0m
[  13% ] [90m[1m_update_scan_actions[22m | berserk_move_south-west_00.png[39m[0m
[  13% ] [90m[1m_update_scan_actions[22m | berserk_move_south-west_01.png[39m[0m
[  13% ] [90m[1m_update_scan_actions[22m | berserk_move_south-west_02.png[39m[0m
[  13% ] [90m[1m_update_scan_actions[22m | berserk_move_south-west_03.png[39m[0m
[  13% ] [90m[1m_update_scan_actions[22m | berserk_move_south-west_04.png[39m[0m
[  13% ] [90m[1m_update_scan_actions[22m | berserk_move_south-west_05.png[39m[0m
[  13% ] [90m[1m_update_scan_actions[22m | berserk_move_south_00.png[39m[0m
[  13% ] [90m[1m_update_scan_actions[22m | berserk_move_south_01.png[39m[0m
[  13% ] [90m[1m_update_scan_actions[22m | berserk_move_south_02.png[39m[0m
[  13% ] [90m[1m_update_scan_actions[22m | berserk_move_south_03.png[39m[0m
[  13% ] [90m[1m_update_scan_actions[22m | berserk_move_south_04.png[39m[0m
[  13% ] [90m[1m_update_scan_actions[22m | berserk_move_south_05.png[39m[0m
[  13% ] [90m[1m_update_scan_actions[22m | berserk_move_west_00.png[39m[0m
[  13% ] [90m[1m_update_scan_actions[22m | berserk_move_west_01.png[39m[0m
[  13% ] [90m[1m_update_scan_actions[22m | berserk_move_west_02.png[39m[0m
[  13% ] [90m[1m_update_scan_actions[22m | berserk_move_west_03.png[39m[0m
[  13% ] [90m[1m_update_scan_actions[22m | berserk_move_west_04.png[39m[0m
[  13% ] [90m[1m_update_scan_actions[22m | berserk_move_west_05.png[39m[0m
[  13% ] [90m[1m_update_scan_actions[22m | biologist_attack_primary_00.png[39m[0m
[  14% ] [90m[1m_update_scan_actions[22m | biologist_attack_primary_01.png[39m[0m
[  14% ] [90m[1m_update_scan_actions[22m | biologist_attack_primary_02.png[39m[0m
[  14% ] [90m[1m_update_scan_actions[22m | biologist_attack_primary_03.png[39m[0m
[  14% ] [90m[1m_update_scan_actions[22m | biologist_attack_primary_04.png[39m[0m
[  14% ] [90m[1m_update_scan_actions[22m | biologist_idle_00.png[39m[0m
[  14% ] [90m[1m_update_scan_actions[22m | biologist_idle_01.png[39m[0m
[  14% ] [90m[1m_update_scan_actions[22m | biologist_idle_02.png[39m[0m
[  14% ] [90m[1m_update_scan_actions[22m | biologist_idle_03.png[39m[0m
[  14% ] [90m[1m_update_scan_actions[22m | biologist_idle_04.png[39m[0m
[  14% ] [90m[1m_update_scan_actions[22m | biologist_walk_00.png[39m[0m
[  14% ] [90m[1m_update_scan_actions[22m | biologist_walk_01.png[39m[0m
[  14% ] [90m[1m_update_scan_actions[22m | biologist_walk_02.png[39m[0m
[  14% ] [90m[1m_update_scan_actions[22m | biologist_walk_03.png[39m[0m
[  14% ] [90m[1m_update_scan_actions[22m | biologist_walk_04.png[39m[0m
[  14% ] [90m[1m_update_scan_actions[22m | chemist_attack_primary_00.png[39m[0m
[  14% ] [90m[1m_update_scan_actions[22m | chemist_attack_primary_01.png[39m[0m
[  14% ] [90m[1m_update_scan_actions[22m | chemist_attack_primary_02.png[39m[0m
[  14% ] [90m[1m_update_scan_actions[22m | chemist_attack_primary_03.png[39m[0m
[  14% ] [90m[1m_update_scan_actions[22m | chemist_attack_primary_04.png[39m[0m
[  14% ] [90m[1m_update_scan_actions[22m | chemist_idle_00.png[39m[0m
[  14% ] [90m[1m_update_scan_actions[22m | chemist_idle_01.png[39m[0m
[  14% ] [90m[1m_update_scan_actions[22m | chemist_idle_02.png[39m[0m
[  14% ] [90m[1m_update_scan_actions[22m | chemist_idle_03.png[39m[0m
[  14% ] [90m[1m_update_scan_actions[22m | chemist_idle_04.png[39m[0m
[  14% ] [90m[1m_update_scan_actions[22m | chemist_walk_00.png[39m[0m
[  14% ] [90m[1m_update_scan_actions[22m | chemist_walk_01.png[39m[0m
[  14% ] [90m[1m_update_scan_actions[22m | chemist_walk_02.png[39m[0m
[  14% ] [90m[1m_update_scan_actions[22m | chemist_walk_03.png[39m[0m
[  14% ] [90m[1m_update_scan_actions[22m | chemist_walk_04.png[39m[0m
[  14% ] [90m[1m_update_scan_actions[22m | dark_mage_attack_primary_00.png[39m[0m
[  14% ] [90m[1m_update_scan_actions[22m | dark_mage_attack_primary_01.png[39m[0m
[  14% ] [90m[1m_update_scan_actions[22m | dark_mage_attack_primary_02.png[39m[0m
[  14% ] [90m[1m_update_scan_actions[22m | dark_mage_attack_primary_03.png[39m[0m
[  14% ] [90m[1m_update_scan_actions[22m | dark_mage_attack_primary_04.png[39m[0m
[  14% ] [90m[1m_update_scan_actions[22m | dark_mage_idle_00.png[39m[0m
[  14% ] [90m[1m_update_scan_actions[22m | dark_mage_idle_01.png[39m[0m
[  14% ] [90m[1m_update_scan_actions[22m | dark_mage_idle_02.png[39m[0m
[  14% ] [90m[1m_update_scan_actions[22m | dark_mage_idle_03.png[39m[0m
[  14% ] [90m[1m_update_scan_actions[22m | dark_mage_idle_04.png[39m[0m
[  14% ] [90m[1m_update_scan_actions[22m | dark_mage_walk_00.png[39m[0m
[  15% ] [90m[1m_update_scan_actions[22m | dark_mage_walk_01.png[39m[0m
[  15% ] [90m[1m_update_scan_actions[22m | dark_mage_walk_02.png[39m[0m
[  15% ] [90m[1m_update_scan_actions[22m | dark_mage_walk_03.png[39m[0m
[  15% ] [90m[1m_update_scan_actions[22m | dark_mage_walk_04.png[39m[0m
[  15% ] [90m[1m_update_scan_actions[22m | dark_mage_idle_east.png[39m[0m
[  15% ] [90m[1m_update_scan_actions[22m | dark_mage_idle_north-east.png[39m[0m
[  15% ] [90m[1m_update_scan_actions[22m | dark_mage_idle_north-west.png[39m[0m
[  15% ] [90m[1m_update_scan_actions[22m | dark_mage_idle_north.png[39m[0m
[  15% ] [90m[1m_update_scan_actions[22m | dark_mage_idle_south-east.png[39m[0m
[  15% ] [90m[1m_update_scan_actions[22m | dark_mage_idle_south-west.png[39m[0m
[  15% ] [90m[1m_update_scan_actions[22m | dark_mage_idle_south.png[39m[0m
[  15% ] [90m[1m_update_scan_actions[22m | dark_mage_idle_west.png[39m[0m
[  15% ] [90m[1m_update_scan_actions[22m | dark_mage_move_east_00.png[39m[0m
[  15% ] [90m[1m_update_scan_actions[22m | dark_mage_move_east_01.png[39m[0m
[  15% ] [90m[1m_update_scan_actions[22m | dark_mage_move_east_02.png[39m[0m
[  15% ] [90m[1m_update_scan_actions[22m | dark_mage_move_east_03.png[39m[0m
[  15% ] [90m[1m_update_scan_actions[22m | dark_mage_move_east_04.png[39m[0m
[  15% ] [90m[1m_update_scan_actions[22m | dark_mage_move_east_05.png[39m[0m
[  15% ] [90m[1m_update_scan_actions[22m | dark_mage_move_north-east_00.png[39m[0m
[  15% ] [90m[1m_update_scan_actions[22m | dark_mage_move_north-east_01.png[39m[0m
[  15% ] [90m[1m_update_scan_actions[22m | dark_mage_move_north-east_02.png[39m[0m
[  15% ] [90m[1m_update_scan_actions[22m | dark_mage_move_north-east_03.png[39m[0m
[  15% ] [90m[1m_update_scan_actions[22m | dark_mage_move_north-east_04.png[39m[0m
[  15% ] [90m[1m_update_scan_actions[22m | dark_mage_move_north-east_05.png[39m[0m
[  15% ] [90m[1m_update_scan_actions[22m | dark_mage_move_north-west_00.png[39m[0m
[  15% ] [90m[1m_update_scan_actions[22m | dark_mage_move_north-west_01.png[39m[0m
[  15% ] [90m[1m_update_scan_actions[22m | dark_mage_move_north-west_02.png[39m[0m
[  15% ] [90m[1m_update_scan_actions[22m | dark_mage_move_north-west_03.png[39m[0m
[  15% ] [90m[1m_update_scan_actions[22m | dark_mage_move_north-west_04.png[39m[0m
[  15% ] [90m[1m_update_scan_actions[22m | dark_mage_move_north-west_05.png[39m[0m
[  15% ] [90m[1m_update_scan_actions[22m | dark_mage_move_north_00.png[39m[0m
[  15% ] [90m[1m_update_scan_actions[22m | dark_mage_move_north_01.png[39m[0m
[  15% ] [90m[1m_update_scan_actions[22m | dark_mage_move_north_02.png[39m[0m
[  15% ] [90m[1m_update_scan_actions[22m | dark_mage_move_north_03.png[39m[0m
[  15% ] [90m[1m_update_scan_actions[22m | dark_mage_move_north_04.png[39m[0m
[  15% ] [90m[1m_update_scan_actions[22m | dark_mage_move_north_05.png[39m[0m
[  15% ] [90m[1m_update_scan_actions[22m | dark_mage_move_south-east_00.png[39m[0m
[  15% ] [90m[1m_update_scan_actions[22m | dark_mage_move_south-east_01.png[39m[0m
[  15% ] [90m[1m_update_scan_actions[22m | dark_mage_move_south-east_02.png[39m[0m
[  16% ] [90m[1m_update_scan_actions[22m | dark_mage_move_south-east_03.png[39m[0m
[  16% ] [90m[1m_update_scan_actions[22m | dark_mage_move_south-east_04.png[39m[0m
[  16% ] [90m[1m_update_scan_actions[22m | dark_mage_move_south-east_05.png[39m[0m
[  16% ] [90m[1m_update_scan_actions[22m | dark_mage_move_south-west_00.png[39m[0m
[  16% ] [90m[1m_update_scan_actions[22m | dark_mage_move_south-west_01.png[39m[0m
[  16% ] [90m[1m_update_scan_actions[22m | dark_mage_move_south-west_02.png[39m[0m
[  16% ] [90m[1m_update_scan_actions[22m | dark_mage_move_south-west_03.png[39m[0m
[  16% ] [90m[1m_update_scan_actions[22m | dark_mage_move_south-west_04.png[39m[0m
[  16% ] [90m[1m_update_scan_actions[22m | dark_mage_move_south-west_05.png[39m[0m
[  16% ] [90m[1m_update_scan_actions[22m | dark_mage_move_south_00.png[39m[0m
[  16% ] [90m[1m_update_scan_actions[22m | dark_mage_move_south_01.png[39m[0m
[  16% ] [90m[1m_update_scan_actions[22m | dark_mage_move_south_02.png[39m[0m
[  16% ] [90m[1m_update_scan_actions[22m | dark_mage_move_south_03.png[39m[0m
[  16% ] [90m[1m_update_scan_actions[22m | dark_mage_move_south_04.png[39m[0m
[  16% ] [90m[1m_update_scan_actions[22m | dark_mage_move_south_05.png[39m[0m
[  16% ] [90m[1m_update_scan_actions[22m | dark_mage_move_west_00.png[39m[0m
[  16% ] [90m[1m_update_scan_actions[22m | dark_mage_move_west_01.png[39m[0m
[  16% ] [90m[1m_update_scan_actions[22m | dark_mage_move_west_02.png[39m[0m
[  16% ] [90m[1m_update_scan_actions[22m | dark_mage_move_west_03.png[39m[0m
[  16% ] [90m[1m_update_scan_actions[22m | dark_mage_move_west_04.png[39m[0m
[  16% ] [90m[1m_update_scan_actions[22m | dark_mage_move_west_05.png[39m[0m
[  16% ] [90m[1m_update_scan_actions[22m | doctor_attack_primary_00.png[39m[0m
[  16% ] [90m[1m_update_scan_actions[22m | doctor_attack_primary_01.png[39m[0m
[  16% ] [90m[1m_update_scan_actions[22m | doctor_attack_primary_02.png[39m[0m
[  16% ] [90m[1m_update_scan_actions[22m | doctor_attack_primary_03.png[39m[0m
[  16% ] [90m[1m_update_scan_actions[22m | doctor_attack_primary_04.png[39m[0m
[  16% ] [90m[1m_update_scan_actions[22m | doctor_idle_00.png[39m[0m
[  16% ] [90m[1m_update_scan_actions[22m | doctor_idle_01.png[39m[0m
[  16% ] [90m[1m_update_scan_actions[22m | doctor_idle_02.png[39m[0m
[  16% ] [90m[1m_update_scan_actions[22m | doctor_idle_03.png[39m[0m
[  16% ] [90m[1m_update_scan_actions[22m | doctor_idle_04.png[39m[0m
[  16% ] [90m[1m_update_scan_actions[22m | doctor_walk_00.png[39m[0m
[  16% ] [90m[1m_update_scan_actions[22m | doctor_walk_01.png[39m[0m
[  16% ] [90m[1m_update_scan_actions[22m | doctor_walk_02.png[39m[0m
[  16% ] [90m[1m_update_scan_actions[22m | doctor_walk_03.png[39m[0m
[  16% ] [90m[1m_update_scan_actions[22m | doctor_walk_04.png[39m[0m
[  16% ] [90m[1m_update_scan_actions[22m | doctor_idle_east.png[39m[0m
[  16% ] [90m[1m_update_scan_actions[22m | doctor_idle_north-east.png[39m[0m
[  16% ] [90m[1m_update_scan_actions[22m | doctor_idle_north-west.png[39m[0m
[  16% ] [90m[1m_update_scan_actions[22m | doctor_idle_north.png[39m[0m
[  17% ] [90m[1m_update_scan_actions[22m | doctor_idle_south-east.png[39m[0m
[  17% ] [90m[1m_update_scan_actions[22m | doctor_idle_south-west.png[39m[0m
[  17% ] [90m[1m_update_scan_actions[22m | doctor_idle_south.png[39m[0m
[  17% ] [90m[1m_update_scan_actions[22m | doctor_idle_west.png[39m[0m
[  17% ] [90m[1m_update_scan_actions[22m | doctor_move_east_00.png[39m[0m
[  17% ] [90m[1m_update_scan_actions[22m | doctor_move_east_01.png[39m[0m
[  17% ] [90m[1m_update_scan_actions[22m | doctor_move_east_02.png[39m[0m
[  17% ] [90m[1m_update_scan_actions[22m | doctor_move_east_03.png[39m[0m
[  17% ] [90m[1m_update_scan_actions[22m | doctor_move_east_04.png[39m[0m
[  17% ] [90m[1m_update_scan_actions[22m | doctor_move_east_05.png[39m[0m
[  17% ] [90m[1m_update_scan_actions[22m | doctor_move_north-east_00.png[39m[0m
[  17% ] [90m[1m_update_scan_actions[22m | doctor_move_north-east_01.png[39m[0m
[  17% ] [90m[1m_update_scan_actions[22m | doctor_move_north-east_02.png[39m[0m
[  17% ] [90m[1m_update_scan_actions[22m | doctor_move_north-east_03.png[39m[0m
[  17% ] [90m[1m_update_scan_actions[22m | doctor_move_north-east_04.png[39m[0m
[  17% ] [90m[1m_update_scan_actions[22m | doctor_move_north-east_05.png[39m[0m
[  17% ] [90m[1m_update_scan_actions[22m | doctor_move_north-west_00.png[39m[0m
[  17% ] [90m[1m_update_scan_actions[22m | doctor_move_north-west_01.png[39m[0m
[  17% ] [90m[1m_update_scan_actions[22m | doctor_move_north-west_02.png[39m[0m
[  17% ] [90m[1m_update_scan_actions[22m | doctor_move_north-west_03.png[39m[0m
[  17% ] [90m[1m_update_scan_actions[22m | doctor_move_north-west_04.png[39m[0m
[  17% ] [90m[1m_update_scan_actions[22m | doctor_move_north-west_05.png[39m[0m
[  17% ] [90m[1m_update_scan_actions[22m | doctor_move_north_00.png[39m[0m
[  17% ] [90m[1m_update_scan_actions[22m | doctor_move_north_01.png[39m[0m
[  17% ] [90m[1m_update_scan_actions[22m | doctor_move_north_02.png[39m[0m
[  17% ] [90m[1m_update_scan_actions[22m | doctor_move_north_03.png[39m[0m
[  17% ] [90m[1m_update_scan_actions[22m | doctor_move_north_04.png[39m[0m
[  17% ] [90m[1m_update_scan_actions[22m | doctor_move_north_05.png[39m[0m
[  17% ] [90m[1m_update_scan_actions[22m | doctor_move_south-east_00.png[39m[0m
[  17% ] [90m[1m_update_scan_actions[22m | doctor_move_south-east_01.png[39m[0m
[  17% ] [90m[1m_update_scan_actions[22m | doctor_move_south-east_02.png[39m[0m
[  17% ] [90m[1m_update_scan_actions[22m | doctor_move_south-east_03.png[39m[0m
[  17% ] [90m[1m_update_scan_actions[22m | doctor_move_south-east_04.png[39m[0m
[  17% ] [90m[1m_update_scan_actions[22m | doctor_move_south-east_05.png[39m[0m
[  17% ] [90m[1m_update_scan_actions[22m | doctor_move_south-west_00.png[39m[0m
[  17% ] [90m[1m_update_scan_actions[22m | doctor_move_south-west_01.png[39m[0m
[  17% ] [90m[1m_update_scan_actions[22m | doctor_move_south-west_02.png[39m[0m
[  17% ] [90m[1m_update_scan_actions[22m | doctor_move_south-west_03.png[39m[0m
[  17% ] [90m[1m_update_scan_actions[22m | doctor_move_south-west_04.png[39m[0m
[  18% ] [90m[1m_update_scan_actions[22m | doctor_move_south-west_05.png[39m[0m
[  18% ] [90m[1m_update_scan_actions[22m | doctor_move_south_00.png[39m[0m
[  18% ] [90m[1m_update_scan_actions[22m | doctor_move_south_01.png[39m[0m
[  18% ] [90m[1m_update_scan_actions[22m | doctor_move_south_02.png[39m[0m
[  18% ] [90m[1m_update_scan_actions[22m | doctor_move_south_03.png[39m[0m
[  18% ] [90m[1m_update_scan_actions[22m | doctor_move_south_04.png[39m[0m
[  18% ] [90m[1m_update_scan_actions[22m | doctor_move_south_05.png[39m[0m
[  18% ] [90m[1m_update_scan_actions[22m | doctor_move_west_00.png[39m[0m
[  18% ] [90m[1m_update_scan_actions[22m | doctor_move_west_01.png[39m[0m
[  18% ] [90m[1m_update_scan_actions[22m | doctor_move_west_02.png[39m[0m
[  18% ] [90m[1m_update_scan_actions[22m | doctor_move_west_03.png[39m[0m
[  18% ] [90m[1m_update_scan_actions[22m | doctor_move_west_04.png[39m[0m
[  18% ] [90m[1m_update_scan_actions[22m | doctor_move_west_05.png[39m[0m
[  18% ] [90m[1m_update_scan_actions[22m | druid_attack_primary_00.png[39m[0m
[  18% ] [90m[1m_update_scan_actions[22m | druid_attack_primary_01.png[39m[0m
[  18% ] [90m[1m_update_scan_actions[22m | druid_attack_primary_02.png[39m[0m
[  18% ] [90m[1m_update_scan_actions[22m | druid_attack_primary_03.png[39m[0m
[  18% ] [90m[1m_update_scan_actions[22m | druid_attack_primary_04.png[39m[0m
[  18% ] [90m[1m_update_scan_actions[22m | druid_idle_00.png[39m[0m
[  18% ] [90m[1m_update_scan_actions[22m | druid_idle_01.png[39m[0m
[  18% ] [90m[1m_update_scan_actions[22m | druid_idle_02.png[39m[0m
[  18% ] [90m[1m_update_scan_actions[22m | druid_idle_03.png[39m[0m
[  18% ] [90m[1m_update_scan_actions[22m | druid_idle_04.png[39m[0m
[  18% ] [90m[1m_update_scan_actions[22m | druid_walk_00.png[39m[0m
[  18% ] [90m[1m_update_scan_actions[22m | druid_walk_01.png[39m[0m
[  18% ] [90m[1m_update_scan_actions[22m | druid_walk_02.png[39m[0m
[  18% ] [90m[1m_update_scan_actions[22m | druid_walk_03.png[39m[0m
[  18% ] [90m[1m_update_scan_actions[22m | druid_walk_04.png[39m[0m
[  18% ] [90m[1m_update_scan_actions[22m | elementalist_attack_primary_00.png[39m[0m
[  18% ] [90m[1m_update_scan_actions[22m | elementalist_attack_primary_01.png[39m[0m
[  18% ] [90m[1m_update_scan_actions[22m | elementalist_attack_primary_02.png[39m[0m
[  18% ] [90m[1m_update_scan_actions[22m | elementalist_attack_primary_03.png[39m[0m
[  18% ] [90m[1m_update_scan_actions[22m | elementalist_attack_primary_04.png[39m[0m
[  18% ] [90m[1m_update_scan_actions[22m | elementalist_idle_00.png[39m[0m
[  18% ] [90m[1m_update_scan_actions[22m | elementalist_idle_01.png[39m[0m
[  18% ] [90m[1m_update_scan_actions[22m | elementalist_idle_02.png[39m[0m
[  18% ] [90m[1m_update_scan_actions[22m | elementalist_idle_03.png[39m[0m
[  18% ] [90m[1m_update_scan_actions[22m | elementalist_idle_04.png[39m[0m
[  18% ] [90m[1m_update_scan_actions[22m | elementalist_walk_00.png[39m[0m
[  18% ] [90m[1m_update_scan_actions[22m | elementalist_walk_01.png[39m[0m
[  19% ] [90m[1m_update_scan_actions[22m | elementalist_walk_02.png[39m[0m
[  19% ] [90m[1m_update_scan_actions[22m | elementalist_walk_03.png[39m[0m
[  19% ] [90m[1m_update_scan_actions[22m | elementalist_walk_04.png[39m[0m
[  19% ] [90m[1m_update_scan_actions[22m | engineer_attack_primary_00.png[39m[0m
[  19% ] [90m[1m_update_scan_actions[22m | engineer_attack_primary_01.png[39m[0m
[  19% ] [90m[1m_update_scan_actions[22m | engineer_attack_primary_02.png[39m[0m
[  19% ] [90m[1m_update_scan_actions[22m | engineer_attack_primary_03.png[39m[0m
[  19% ] [90m[1m_update_scan_actions[22m | engineer_attack_primary_04.png[39m[0m
[  19% ] [90m[1m_update_scan_actions[22m | engineer_idle_00.png[39m[0m
[  19% ] [90m[1m_update_scan_actions[22m | engineer_idle_01.png[39m[0m
[  19% ] [90m[1m_update_scan_actions[22m | engineer_idle_02.png[39m[0m
[  19% ] [90m[1m_update_scan_actions[22m | engineer_idle_03.png[39m[0m
[  19% ] [90m[1m_update_scan_actions[22m | engineer_idle_04.png[39m[0m
[  19% ] [90m[1m_update_scan_actions[22m | engineer_walk_00.png[39m[0m
[  19% ] [90m[1m_update_scan_actions[22m | engineer_walk_01.png[39m[0m
[  19% ] [90m[1m_update_scan_actions[22m | engineer_walk_02.png[39m[0m
[  19% ] [90m[1m_update_scan_actions[22m | engineer_walk_03.png[39m[0m
[  19% ] [90m[1m_update_scan_actions[22m | engineer_walk_04.png[39m[0m
[  19% ] [90m[1m_update_scan_actions[22m | guitarist_attack_primary_00.png[39m[0m
[  19% ] [90m[1m_update_scan_actions[22m | guitarist_attack_primary_01.png[39m[0m
[  19% ] [90m[1m_update_scan_actions[22m | guitarist_attack_primary_02.png[39m[0m
[  19% ] [90m[1m_update_scan_actions[22m | guitarist_attack_primary_03.png[39m[0m
[  19% ] [90m[1m_update_scan_actions[22m | guitarist_attack_primary_04.png[39m[0m
[  19% ] [90m[1m_update_scan_actions[22m | guitarist_idle_00.png[39m[0m
[  19% ] [90m[1m_update_scan_actions[22m | guitarist_idle_01.png[39m[0m
[  19% ] [90m[1m_update_scan_actions[22m | guitarist_idle_02.png[39m[0m
[  19% ] [90m[1m_update_scan_actions[22m | guitarist_idle_03.png[39m[0m
[  19% ] [90m[1m_update_scan_actions[22m | guitarist_idle_04.png[39m[0m
[  19% ] [90m[1m_update_scan_actions[22m | guitarist_walk_00.png[39m[0m
[  19% ] [90m[1m_update_scan_actions[22m | guitarist_walk_01.png[39m[0m
[  19% ] [90m[1m_update_scan_actions[22m | guitarist_walk_02.png[39m[0m
[  19% ] [90m[1m_update_scan_actions[22m | guitarist_walk_03.png[39m[0m
[  19% ] [90m[1m_update_scan_actions[22m | guitarist_walk_04.png[39m[0m
[  19% ] [90m[1m_update_scan_actions[22m | guitarist_idle_east.png[39m[0m
[  19% ] [90m[1m_update_scan_actions[22m | guitarist_idle_north-east.png[39m[0m
[  19% ] [90m[1m_update_scan_actions[22m | guitarist_idle_north-west.png[39m[0m
[  19% ] [90m[1m_update_scan_actions[22m | guitarist_idle_north.png[39m[0m
[  19% ] [90m[1m_update_scan_actions[22m | guitarist_idle_south-east.png[39m[0m
[  19% ] [90m[1m_update_scan_actions[22m | guitarist_idle_south-west.png[39m[0m
[  20% ] [90m[1m_update_scan_actions[22m | guitarist_idle_south.png[39m[0m
[  20% ] [90m[1m_update_scan_actions[22m | guitarist_idle_west.png[39m[0m
[  20% ] [90m[1m_update_scan_actions[22m | guitarist_move_east_00.png[39m[0m
[  20% ] [90m[1m_update_scan_actions[22m | guitarist_move_east_01.png[39m[0m
[  20% ] [90m[1m_update_scan_actions[22m | guitarist_move_east_02.png[39m[0m
[  20% ] [90m[1m_update_scan_actions[22m | guitarist_move_east_03.png[39m[0m
[  20% ] [90m[1m_update_scan_actions[22m | guitarist_move_east_04.png[39m[0m
[  20% ] [90m[1m_update_scan_actions[22m | guitarist_move_east_05.png[39m[0m
[  20% ] [90m[1m_update_scan_actions[22m | guitarist_move_north-east_00.png[39m[0m
[  20% ] [90m[1m_update_scan_actions[22m | guitarist_move_north-east_01.png[39m[0m
[  20% ] [90m[1m_update_scan_actions[22m | guitarist_move_north-east_02.png[39m[0m
[  20% ] [90m[1m_update_scan_actions[22m | guitarist_move_north-east_03.png[39m[0m
[  20% ] [90m[1m_update_scan_actions[22m | guitarist_move_north-east_04.png[39m[0m
[  20% ] [90m[1m_update_scan_actions[22m | guitarist_move_north-east_05.png[39m[0m
[  20% ] [90m[1m_update_scan_actions[22m | guitarist_move_north-west_00.png[39m[0m
[  20% ] [90m[1m_update_scan_actions[22m | guitarist_move_north-west_01.png[39m[0m
[  20% ] [90m[1m_update_scan_actions[22m | guitarist_move_north-west_02.png[39m[0m
[  20% ] [90m[1m_update_scan_actions[22m | guitarist_move_north-west_03.png[39m[0m
[  20% ] [90m[1m_update_scan_actions[22m | guitarist_move_north-west_04.png[39m[0m
[  20% ] [90m[1m_update_scan_actions[22m | guitarist_move_north-west_05.png[39m[0m
[  20% ] [90m[1m_update_scan_actions[22m | guitarist_move_north_00.png[39m[0m
[  20% ] [90m[1m_update_scan_actions[22m | guitarist_move_north_01.png[39m[0m
[  20% ] [90m[1m_update_scan_actions[22m | guitarist_move_north_02.png[39m[0m
[  20% ] [90m[1m_update_scan_actions[22m | guitarist_move_north_03.png[39m[0m
[  20% ] [90m[1m_update_scan_actions[22m | guitarist_move_north_04.png[39m[0m
[  20% ] [90m[1m_update_scan_actions[22m | guitarist_move_north_05.png[39m[0m
[  20% ] [90m[1m_update_scan_actions[22m | guitarist_move_south-east_00.png[39m[0m
[  20% ] [90m[1m_update_scan_actions[22m | guitarist_move_south-east_01.png[39m[0m
[  20% ] [90m[1m_update_scan_actions[22m | guitarist_move_south-east_02.png[39m[0m
[  20% ] [90m[1m_update_scan_actions[22m | guitarist_move_south-east_03.png[39m[0m
[  20% ] [90m[1m_update_scan_actions[22m | guitarist_move_south-east_04.png[39m[0m
[  20% ] [90m[1m_update_scan_actions[22m | guitarist_move_south-east_05.png[39m[0m
[  20% ] [90m[1m_update_scan_actions[22m | guitarist_move_south-west_00.png[39m[0m
[  20% ] [90m[1m_update_scan_actions[22m | guitarist_move_south-west_01.png[39m[0m
[  20% ] [90m[1m_update_scan_actions[22m | guitarist_move_south-west_02.png[39m[0m
[  20% ] [90m[1m_update_scan_actions[22m | guitarist_move_south-west_03.png[39m[0m
[  20% ] [90m[1m_update_scan_actions[22m | guitarist_move_south-west_04.png[39m[0m
[  20% ] [90m[1m_update_scan_actions[22m | guitarist_move_south-west_05.png[39m[0m
[  20% ] [90m[1m_update_scan_actions[22m | guitarist_move_south_00.png[39m[0m
[  20% ] [90m[1m_update_scan_actions[22m | guitarist_move_south_01.png[39m[0m
[  21% ] [90m[1m_update_scan_actions[22m | guitarist_move_south_02.png[39m[0m
[  21% ] [90m[1m_update_scan_actions[22m | guitarist_move_south_03.png[39m[0m
[  21% ] [90m[1m_update_scan_actions[22m | guitarist_move_south_04.png[39m[0m
[  21% ] [90m[1m_update_scan_actions[22m | guitarist_move_south_05.png[39m[0m
[  21% ] [90m[1m_update_scan_actions[22m | guitarist_move_west_00.png[39m[0m
[  21% ] [90m[1m_update_scan_actions[22m | guitarist_move_west_01.png[39m[0m
[  21% ] [90m[1m_update_scan_actions[22m | guitarist_move_west_02.png[39m[0m
[  21% ] [90m[1m_update_scan_actions[22m | guitarist_move_west_03.png[39m[0m
[  21% ] [90m[1m_update_scan_actions[22m | guitarist_move_west_04.png[39m[0m
[  21% ] [90m[1m_update_scan_actions[22m | guitarist_move_west_05.png[39m[0m
[  21% ] [90m[1m_update_scan_actions[22m | knight_attack_primary_00.png[39m[0m
[  21% ] [90m[1m_update_scan_actions[22m | knight_attack_primary_01.png[39m[0m
[  21% ] [90m[1m_update_scan_actions[22m | knight_attack_primary_02.png[39m[0m
[  21% ] [90m[1m_update_scan_actions[22m | knight_attack_primary_03.png[39m[0m
[  21% ] [90m[1m_update_scan_actions[22m | knight_attack_primary_04.png[39m[0m
[  21% ] [90m[1m_update_scan_actions[22m | knight_idle_00.png[39m[0m
[  21% ] [90m[1m_update_scan_actions[22m | knight_idle_01.png[39m[0m
[  21% ] [90m[1m_update_scan_actions[22m | knight_idle_02.png[39m[0m
[  21% ] [90m[1m_update_scan_actions[22m | knight_idle_03.png[39m[0m
[  21% ] [90m[1m_update_scan_actions[22m | knight_idle_04.png[39m[0m
[  21% ] [90m[1m_update_scan_actions[22m | knight_walk_00.png[39m[0m
[  21% ] [90m[1m_update_scan_actions[22m | knight_walk_01.png[39m[0m
[  21% ] [90m[1m_update_scan_actions[22m | knight_walk_02.png[39m[0m
[  21% ] [90m[1m_update_scan_actions[22m | knight_walk_03.png[39m[0m
[  21% ] [90m[1m_update_scan_actions[22m | knight_walk_04.png[39m[0m
[  21% ] [90m[1m_update_scan_actions[22m | priest_attack_primary_00.png[39m[0m
[  21% ] [90m[1m_update_scan_actions[22m | priest_attack_primary_01.png[39m[0m
[  21% ] [90m[1m_update_scan_actions[22m | priest_attack_primary_02.png[39m[0m
[  21% ] [90m[1m_update_scan_actions[22m | priest_attack_primary_03.png[39m[0m
[  21% ] [90m[1m_update_scan_actions[22m | priest_attack_primary_04.png[39m[0m
[  21% ] [90m[1m_update_scan_actions[22m | priest_idle_00.png[39m[0m
[  21% ] [90m[1m_update_scan_actions[22m | priest_idle_01.png[39m[0m
[  21% ] [90m[1m_update_scan_actions[22m | priest_idle_02.png[39m[0m
[  21% ] [90m[1m_update_scan_actions[22m | priest_idle_03.png[39m[0m
[  21% ] [90m[1m_update_scan_actions[22m | priest_idle_04.png[39m[0m
[  21% ] [90m[1m_update_scan_actions[22m | priest_walk_00.png[39m[0m
[  21% ] [90m[1m_update_scan_actions[22m | priest_walk_01.png[39m[0m
[  21% ] [90m[1m_update_scan_actions[22m | priest_walk_02.png[39m[0m
[  21% ] [90m[1m_update_scan_actions[22m | priest_walk_03.png[39m[0m
[  21% ] [90m[1m_update_scan_actions[22m | priest_walk_04.png[39m[0m
[  22% ] [90m[1m_update_scan_actions[22m | priest_idle_east.png[39m[0m
[  22% ] [90m[1m_update_scan_actions[22m | priest_idle_north-east.png[39m[0m
[  22% ] [90m[1m_update_scan_actions[22m | priest_idle_north-west.png[39m[0m
[  22% ] [90m[1m_update_scan_actions[22m | priest_idle_north.png[39m[0m
[  22% ] [90m[1m_update_scan_actions[22m | priest_idle_south-east.png[39m[0m
[  22% ] [90m[1m_update_scan_actions[22m | priest_idle_south-west.png[39m[0m
[  22% ] [90m[1m_update_scan_actions[22m | priest_idle_south.png[39m[0m
[  22% ] [90m[1m_update_scan_actions[22m | priest_idle_west.png[39m[0m
[  22% ] [90m[1m_update_scan_actions[22m | priest_move_east_00.png[39m[0m
[  22% ] [90m[1m_update_scan_actions[22m | priest_move_east_01.png[39m[0m
[  22% ] [90m[1m_update_scan_actions[22m | priest_move_east_02.png[39m[0m
[  22% ] [90m[1m_update_scan_actions[22m | priest_move_east_03.png[39m[0m
[  22% ] [90m[1m_update_scan_actions[22m | priest_move_east_04.png[39m[0m
[  22% ] [90m[1m_update_scan_actions[22m | priest_move_east_05.png[39m[0m
[  22% ] [90m[1m_update_scan_actions[22m | priest_move_north-east_00.png[39m[0m
[  22% ] [90m[1m_update_scan_actions[22m | priest_move_north-east_01.png[39m[0m
[  22% ] [90m[1m_update_scan_actions[22m | priest_move_north-east_02.png[39m[0m
[  22% ] [90m[1m_update_scan_actions[22m | priest_move_north-east_03.png[39m[0m
[  22% ] [90m[1m_update_scan_actions[22m | priest_move_north-east_04.png[39m[0m
[  22% ] [90m[1m_update_scan_actions[22m | priest_move_north-east_05.png[39m[0m
[  22% ] [90m[1m_update_scan_actions[22m | priest_move_north-west_00.png[39m[0m
[  22% ] [90m[1m_update_scan_actions[22m | priest_move_north-west_01.png[39m[0m
[  22% ] [90m[1m_update_scan_actions[22m | priest_move_north-west_02.png[39m[0m
[  22% ] [90m[1m_update_scan_actions[22m | priest_move_north-west_03.png[39m[0m
[  22% ] [90m[1m_update_scan_actions[22m | priest_move_north-west_04.png[39m[0m
[  22% ] [90m[1m_update_scan_actions[22m | priest_move_north-west_05.png[39m[0m
[  22% ] [90m[1m_update_scan_actions[22m | priest_move_north_00.png[39m[0m
[  22% ] [90m[1m_update_scan_actions[22m | priest_move_north_01.png[39m[0m
[  22% ] [90m[1m_update_scan_actions[22m | priest_move_north_02.png[39m[0m
[  22% ] [90m[1m_update_scan_actions[22m | priest_move_north_03.png[39m[0m
[  22% ] [90m[1m_update_scan_actions[22m | priest_move_north_04.png[39m[0m
[  22% ] [90m[1m_update_scan_actions[22m | priest_move_north_05.png[39m[0m
[  22% ] [90m[1m_update_scan_actions[22m | priest_move_south-east_00.png[39m[0m
[  22% ] [90m[1m_update_scan_actions[22m | priest_move_south-east_01.png[39m[0m
[  22% ] [90m[1m_update_scan_actions[22m | priest_move_south-east_02.png[39m[0m
[  22% ] [90m[1m_update_scan_actions[22m | priest_move_south-east_03.png[39m[0m
[  22% ] [90m[1m_update_scan_actions[22m | priest_move_south-east_04.png[39m[0m
[  22% ] [90m[1m_update_scan_actions[22m | priest_move_south-east_05.png[39m[0m
[  22% ] [90m[1m_update_scan_actions[22m | priest_move_south-west_00.png[39m[0m
[  23% ] [90m[1m_update_scan_actions[22m | priest_move_south-west_01.png[39m[0m
[  23% ] [90m[1m_update_scan_actions[22m | priest_move_south-west_02.png[39m[0m
[  23% ] [90m[1m_update_scan_actions[22m | priest_move_south-west_03.png[39m[0m
[  23% ] [90m[1m_update_scan_actions[22m | priest_move_south-west_04.png[39m[0m
[  23% ] [90m[1m_update_scan_actions[22m | priest_move_south-west_05.png[39m[0m
[  23% ] [90m[1m_update_scan_actions[22m | priest_move_south_00.png[39m[0m
[  23% ] [90m[1m_update_scan_actions[22m | priest_move_south_01.png[39m[0m
[  23% ] [90m[1m_update_scan_actions[22m | priest_move_south_02.png[39m[0m
[  23% ] [90m[1m_update_scan_actions[22m | priest_move_south_03.png[39m[0m
[  23% ] [90m[1m_update_scan_actions[22m | priest_move_south_04.png[39m[0m
[  23% ] [90m[1m_update_scan_actions[22m | priest_move_south_05.png[39m[0m
[  23% ] [90m[1m_update_scan_actions[22m | priest_move_west_00.png[39m[0m
[  23% ] [90m[1m_update_scan_actions[22m | priest_move_west_01.png[39m[0m
[  23% ] [90m[1m_update_scan_actions[22m | priest_move_west_02.png[39m[0m
[  23% ] [90m[1m_update_scan_actions[22m | priest_move_west_03.png[39m[0m
[  23% ] [90m[1m_update_scan_actions[22m | priest_move_west_04.png[39m[0m
[  23% ] [90m[1m_update_scan_actions[22m | priest_move_west_05.png[39m[0m
[  23% ] [90m[1m_update_scan_actions[22m | ranger_attack_primary_00.png[39m[0m
[  23% ] [90m[1m_update_scan_actions[22m | ranger_attack_primary_01.png[39m[0m
[  23% ] [90m[1m_update_scan_actions[22m | ranger_attack_primary_02.png[39m[0m
[  23% ] [90m[1m_update_scan_actions[22m | ranger_attack_primary_03.png[39m[0m
[  23% ] [90m[1m_update_scan_actions[22m | ranger_attack_primary_04.png[39m[0m
[  23% ] [90m[1m_update_scan_actions[22m | ranger_idle_00.png[39m[0m
[  23% ] [90m[1m_update_scan_actions[22m | ranger_idle_01.png[39m[0m
[  23% ] [90m[1m_update_scan_actions[22m | ranger_idle_02.png[39m[0m
[  23% ] [90m[1m_update_scan_actions[22m | ranger_idle_03.png[39m[0m
[  23% ] [90m[1m_update_scan_actions[22m | ranger_idle_04.png[39m[0m
[  23% ] [90m[1m_update_scan_actions[22m | ranger_walk_00.png[39m[0m
[  23% ] [90m[1m_update_scan_actions[22m | ranger_walk_01.png[39m[0m
[  23% ] [90m[1m_update_scan_actions[22m | ranger_walk_02.png[39m[0m
[  23% ] [90m[1m_update_scan_actions[22m | ranger_walk_03.png[39m[0m
[  23% ] [90m[1m_update_scan_actions[22m | ranger_walk_04.png[39m[0m
[  23% ] [90m[1m_update_scan_actions[22m | robot_attack_primary_00.png[39m[0m
[  23% ] [90m[1m_update_scan_actions[22m | robot_attack_primary_01.png[39m[0m
[  23% ] [90m[1m_update_scan_actions[22m | robot_attack_primary_02.png[39m[0m
[  23% ] [90m[1m_update_scan_actions[22m | robot_attack_primary_03.png[39m[0m
[  23% ] [90m[1m_update_scan_actions[22m | robot_attack_primary_04.png[39m[0m
[  23% ] [90m[1m_update_scan_actions[22m | robot_idle_00.png[39m[0m
[  23% ] [90m[1m_update_scan_actions[22m | robot_idle_01.png[39m[0m
[  23% ] [90m[1m_update_scan_actions[22m | robot_idle_02.png[39m[0m
[  24% ] [90m[1m_update_scan_actions[22m | robot_idle_03.png[39m[0m
[  24% ] [90m[1m_update_scan_actions[22m | robot_idle_04.png[39m[0m
[  24% ] [90m[1m_update_scan_actions[22m | robot_walk_00.png[39m[0m
[  24% ] [90m[1m_update_scan_actions[22m | robot_walk_01.png[39m[0m
[  24% ] [90m[1m_update_scan_actions[22m | robot_walk_02.png[39m[0m
[  24% ] [90m[1m_update_scan_actions[22m | robot_walk_03.png[39m[0m
[  24% ] [90m[1m_update_scan_actions[22m | robot_walk_04.png[39m[0m
[  24% ] [90m[1m_update_scan_actions[22m | sniper_attack_primary_00.png[39m[0m
[  24% ] [90m[1m_update_scan_actions[22m | sniper_attack_primary_01.png[39m[0m
[  24% ] [90m[1m_update_scan_actions[22m | sniper_attack_primary_02.png[39m[0m
[  24% ] [90m[1m_update_scan_actions[22m | sniper_attack_primary_03.png[39m[0m
[  24% ] [90m[1m_update_scan_actions[22m | sniper_attack_primary_04.png[39m[0m
[  24% ] [90m[1m_update_scan_actions[22m | sniper_idle_00.png[39m[0m
[  24% ] [90m[1m_update_scan_actions[22m | sniper_idle_01.png[39m[0m
[  24% ] [90m[1m_update_scan_actions[22m | sniper_idle_02.png[39m[0m
[  24% ] [90m[1m_update_scan_actions[22m | sniper_idle_03.png[39m[0m
[  24% ] [90m[1m_update_scan_actions[22m | sniper_idle_04.png[39m[0m
[  24% ] [90m[1m_update_scan_actions[22m | sniper_walk_00.png[39m[0m
[  24% ] [90m[1m_update_scan_actions[22m | sniper_walk_01.png[39m[0m
[  24% ] [90m[1m_update_scan_actions[22m | sniper_walk_02.png[39m[0m
[  24% ] [90m[1m_update_scan_actions[22m | sniper_walk_03.png[39m[0m
[  24% ] [90m[1m_update_scan_actions[22m | sniper_walk_04.png[39m[0m
[  24% ] [90m[1m_update_scan_actions[22m | soldier_attack_primary_00.png[39m[0m
[  24% ] [90m[1m_update_scan_actions[22m | soldier_attack_primary_01.png[39m[0m
[  24% ] [90m[1m_update_scan_actions[22m | soldier_attack_primary_02.png[39m[0m
[  24% ] [90m[1m_update_scan_actions[22m | soldier_attack_primary_03.png[39m[0m
[  24% ] [90m[1m_update_scan_actions[22m | soldier_attack_primary_04.png[39m[0m
[  24% ] [90m[1m_update_scan_actions[22m | soldier_idle_00.png[39m[0m
[  24% ] [90m[1m_update_scan_actions[22m | soldier_idle_01.png[39m[0m
[  24% ] [90m[1m_update_scan_actions[22m | soldier_idle_02.png[39m[0m
[  24% ] [90m[1m_update_scan_actions[22m | soldier_idle_03.png[39m[0m
[  24% ] [90m[1m_update_scan_actions[22m | soldier_idle_04.png[39m[0m
[  24% ] [90m[1m_update_scan_actions[22m | soldier_walk_00.png[39m[0m
[  24% ] [90m[1m_update_scan_actions[22m | soldier_walk_01.png[39m[0m
[  24% ] [90m[1m_update_scan_actions[22m | soldier_walk_02.png[39m[0m
[  24% ] [90m[1m_update_scan_actions[22m | soldier_walk_03.png[39m[0m
[  24% ] [90m[1m_update_scan_actions[22m | soldier_walk_04.png[39m[0m
[  24% ] [90m[1m_update_scan_actions[22m | thief_attack_primary_00.png[39m[0m
[  24% ] [90m[1m_update_scan_actions[22m | thief_attack_primary_01.png[39m[0m
[  25% ] [90m[1m_update_scan_actions[22m | thief_attack_primary_02.png[39m[0m
[  25% ] [90m[1m_update_scan_actions[22m | thief_attack_primary_03.png[39m[0m
[  25% ] [90m[1m_update_scan_actions[22m | thief_attack_primary_04.png[39m[0m
[  25% ] [90m[1m_update_scan_actions[22m | thief_idle_00.png[39m[0m
[  25% ] [90m[1m_update_scan_actions[22m | thief_idle_01.png[39m[0m
[  25% ] [90m[1m_update_scan_actions[22m | thief_idle_02.png[39m[0m
[  25% ] [90m[1m_update_scan_actions[22m | thief_idle_03.png[39m[0m
[  25% ] [90m[1m_update_scan_actions[22m | thief_idle_04.png[39m[0m
[  25% ] [90m[1m_update_scan_actions[22m | thief_walk_00.png[39m[0m
[  25% ] [90m[1m_update_scan_actions[22m | thief_walk_01.png[39m[0m
[  25% ] [90m[1m_update_scan_actions[22m | thief_walk_02.png[39m[0m
[  25% ] [90m[1m_update_scan_actions[22m | thief_walk_03.png[39m[0m
[  25% ] [90m[1m_update_scan_actions[22m | thief_walk_04.png[39m[0m
[  25% ] [90m[1m_update_scan_actions[22m | berserk_idle_east.png[39m[0m
[  25% ] [90m[1m_update_scan_actions[22m | berserk_idle_north-east.png[39m[0m
[  25% ] [90m[1m_update_scan_actions[22m | berserk_idle_north-west.png[39m[0m
[  25% ] [90m[1m_update_scan_actions[22m | berserk_idle_north.png[39m[0m
[  25% ] [90m[1m_update_scan_actions[22m | berserk_idle_south-east.png[39m[0m
[  25% ] [90m[1m_update_scan_actions[22m | berserk_idle_south-west.png[39m[0m
[  25% ] [90m[1m_update_scan_actions[22m | berserk_idle_south.png[39m[0m
[  25% ] [90m[1m_update_scan_actions[22m | berserk_idle_west.png[39m[0m
[  25% ] [90m[1m_update_scan_actions[22m | berserk_move_east_00.png[39m[0m
[  25% ] [90m[1m_update_scan_actions[22m | berserk_move_east_01.png[39m[0m
[  25% ] [90m[1m_update_scan_actions[22m | berserk_move_east_02.png[39m[0m
[  25% ] [90m[1m_update_scan_actions[22m | berserk_move_east_03.png[39m[0m
[  25% ] [90m[1m_update_scan_actions[22m | berserk_move_east_04.png[39m[0m
[  25% ] [90m[1m_update_scan_actions[22m | berserk_move_east_05.png[39m[0m
[  25% ] [90m[1m_update_scan_actions[22m | berserk_move_north-east_00.png[39m[0m
[  25% ] [90m[1m_update_scan_actions[22m | berserk_move_north-east_01.png[39m[0m
[  25% ] [90m[1m_update_scan_actions[22m | berserk_move_north-east_02.png[39m[0m
[  25% ] [90m[1m_update_scan_actions[22m | berserk_move_north-east_03.png[39m[0m
[  25% ] [90m[1m_update_scan_actions[22m | berserk_move_north-east_04.png[39m[0m
[  25% ] [90m[1m_update_scan_actions[22m | berserk_move_north-east_05.png[39m[0m
[  25% ] [90m[1m_update_scan_actions[22m | berserk_move_north-west_00.png[39m[0m
[  25% ] [90m[1m_update_scan_actions[22m | berserk_move_north-west_01.png[39m[0m
[  25% ] [90m[1m_update_scan_actions[22m | berserk_move_north-west_02.png[39m[0m
[  25% ] [90m[1m_update_scan_actions[22m | berserk_move_north-west_03.png[39m[0m
[  25% ] [90m[1m_update_scan_actions[22m | berserk_move_north-west_04.png[39m[0m
[  25% ] [90m[1m_update_scan_actions[22m | berserk_move_north-west_05.png[39m[0m
[  25% ] [90m[1m_update_scan_actions[22m | berserk_move_north_00.png[39m[0m
[  26% ] [90m[1m_update_scan_actions[22m | berserk_move_north_01.png[39m[0m
[  26% ] [90m[1m_update_scan_actions[22m | berserk_move_north_02.png[39m[0m
[  26% ] [90m[1m_update_scan_actions[22m | berserk_move_north_03.png[39m[0m
[  26% ] [90m[1m_update_scan_actions[22m | berserk_move_north_04.png[39m[0m
[  26% ] [90m[1m_update_scan_actions[22m | berserk_move_north_05.png[39m[0m
[  26% ] [90m[1m_update_scan_actions[22m | berserk_move_south-east_00.png[39m[0m
[  26% ] [90m[1m_update_scan_actions[22m | berserk_move_south-east_01.png[39m[0m
[  26% ] [90m[1m_update_scan_actions[22m | berserk_move_south-east_02.png[39m[0m
[  26% ] [90m[1m_update_scan_actions[22m | berserk_move_south-east_03.png[39m[0m
[  26% ] [90m[1m_update_scan_actions[22m | berserk_move_south-east_04.png[39m[0m
[  26% ] [90m[1m_update_scan_actions[22m | berserk_move_south-east_05.png[39m[0m
[  26% ] [90m[1m_update_scan_actions[22m | berserk_move_south-west_00.png[39m[0m
[  26% ] [90m[1m_update_scan_actions[22m | berserk_move_south-west_01.png[39m[0m
[  26% ] [90m[1m_update_scan_actions[22m | berserk_move_south-west_02.png[39m[0m
[  26% ] [90m[1m_update_scan_actions[22m | berserk_move_south-west_03.png[39m[0m
[  26% ] [90m[1m_update_scan_actions[22m | berserk_move_south-west_04.png[39m[0m
[  26% ] [90m[1m_update_scan_actions[22m | berserk_move_south-west_05.png[39m[0m
[  26% ] [90m[1m_update_scan_actions[22m | berserk_move_south_00.png[39m[0m
[  26% ] [90m[1m_update_scan_actions[22m | berserk_move_south_01.png[39m[0m
[  26% ] [90m[1m_update_scan_actions[22m | berserk_move_south_02.png[39m[0m
[  26% ] [90m[1m_update_scan_actions[22m | berserk_move_south_03.png[39m[0m
[  26% ] [90m[1m_update_scan_actions[22m | berserk_move_south_04.png[39m[0m
[  26% ] [90m[1m_update_scan_actions[22m | berserk_move_south_05.png[39m[0m
[  26% ] [90m[1m_update_scan_actions[22m | berserk_move_west_00.png[39m[0m
[  26% ] [90m[1m_update_scan_actions[22m | berserk_move_west_01.png[39m[0m
[  26% ] [90m[1m_update_scan_actions[22m | berserk_move_west_02.png[39m[0m
[  26% ] [90m[1m_update_scan_actions[22m | berserk_move_west_03.png[39m[0m
[  26% ] [90m[1m_update_scan_actions[22m | berserk_move_west_04.png[39m[0m
[  26% ] [90m[1m_update_scan_actions[22m | berserk_move_west_05.png[39m[0m
[  26% ] [90m[1m_update_scan_actions[22m | dark_mage_idle_east.png[39m[0m
[  26% ] [90m[1m_update_scan_actions[22m | dark_mage_idle_north-east.png[39m[0m
[  26% ] [90m[1m_update_scan_actions[22m | dark_mage_idle_north-west.png[39m[0m
[  26% ] [90m[1m_update_scan_actions[22m | dark_mage_idle_north.png[39m[0m
[  26% ] [90m[1m_update_scan_actions[22m | dark_mage_idle_south-east.png[39m[0m
[  26% ] [90m[1m_update_scan_actions[22m | dark_mage_idle_south-west.png[39m[0m
[  26% ] [90m[1m_update_scan_actions[22m | dark_mage_idle_south.png[39m[0m
[  26% ] [90m[1m_update_scan_actions[22m | dark_mage_idle_west.png[39m[0m
[  26% ] [90m[1m_update_scan_actions[22m | dark_mage_move_east_00.png[39m[0m
[  26% ] [90m[1m_update_scan_actions[22m | dark_mage_move_east_01.png[39m[0m
[  27% ] [90m[1m_update_scan_actions[22m | dark_mage_move_east_02.png[39m[0m
[  27% ] [90m[1m_update_scan_actions[22m | dark_mage_move_east_03.png[39m[0m
[  27% ] [90m[1m_update_scan_actions[22m | dark_mage_move_east_04.png[39m[0m
[  27% ] [90m[1m_update_scan_actions[22m | dark_mage_move_east_05.png[39m[0m
[  27% ] [90m[1m_update_scan_actions[22m | dark_mage_move_north-east_00.png[39m[0m
[  27% ] [90m[1m_update_scan_actions[22m | dark_mage_move_north-east_01.png[39m[0m
[  27% ] [90m[1m_update_scan_actions[22m | dark_mage_move_north-east_02.png[39m[0m
[  27% ] [90m[1m_update_scan_actions[22m | dark_mage_move_north-east_03.png[39m[0m
[  27% ] [90m[1m_update_scan_actions[22m | dark_mage_move_north-east_04.png[39m[0m
[  27% ] [90m[1m_update_scan_actions[22m | dark_mage_move_north-east_05.png[39m[0m
[  27% ] [90m[1m_update_scan_actions[22m | dark_mage_move_north-west_00.png[39m[0m
[  27% ] [90m[1m_update_scan_actions[22m | dark_mage_move_north-west_01.png[39m[0m
[  27% ] [90m[1m_update_scan_actions[22m | dark_mage_move_north-west_02.png[39m[0m
[  27% ] [90m[1m_update_scan_actions[22m | dark_mage_move_north-west_03.png[39m[0m
[  27% ] [90m[1m_update_scan_actions[22m | dark_mage_move_north-west_04.png[39m[0m
[  27% ] [90m[1m_update_scan_actions[22m | dark_mage_move_north-west_05.png[39m[0m
[  27% ] [90m[1m_update_scan_actions[22m | dark_mage_move_north_00.png[39m[0m
[  27% ] [90m[1m_update_scan_actions[22m | dark_mage_move_north_01.png[39m[0m
[  27% ] [90m[1m_update_scan_actions[22m | dark_mage_move_north_02.png[39m[0m
[  27% ] [90m[1m_update_scan_actions[22m | dark_mage_move_north_03.png[39m[0m
[  27% ] [90m[1m_update_scan_actions[22m | dark_mage_move_north_04.png[39m[0m
[  27% ] [90m[1m_update_scan_actions[22m | dark_mage_move_north_05.png[39m[0m
[  27% ] [90m[1m_update_scan_actions[22m | dark_mage_move_south-east_00.png[39m[0m
[  27% ] [90m[1m_update_scan_actions[22m | dark_mage_move_south-east_01.png[39m[0m
[  27% ] [90m[1m_update_scan_actions[22m | dark_mage_move_south-east_02.png[39m[0m
[  27% ] [90m[1m_update_scan_actions[22m | dark_mage_move_south-east_03.png[39m[0m
[  27% ] [90m[1m_update_scan_actions[22m | dark_mage_move_south-east_04.png[39m[0m
[  27% ] [90m[1m_update_scan_actions[22m | dark_mage_move_south-east_05.png[39m[0m
[  27% ] [90m[1m_update_scan_actions[22m | dark_mage_move_south-west_00.png[39m[0m
[  27% ] [90m[1m_update_scan_actions[22m | dark_mage_move_south-west_01.png[39m[0m
[  27% ] [90m[1m_update_scan_actions[22m | dark_mage_move_south-west_02.png[39m[0m
[  27% ] [90m[1m_update_scan_actions[22m | dark_mage_move_south-west_03.png[39m[0m
[  27% ] [90m[1m_update_scan_actions[22m | dark_mage_move_south-west_04.png[39m[0m
[  27% ] [90m[1m_update_scan_actions[22m | dark_mage_move_south-west_05.png[39m[0m
[  27% ] [90m[1m_update_scan_actions[22m | dark_mage_move_south_00.png[39m[0m
[  27% ] [90m[1m_update_scan_actions[22m | dark_mage_move_south_01.png[39m[0m
[  27% ] [90m[1m_update_scan_actions[22m | dark_mage_move_south_02.png[39m[0m
[  27% ] [90m[1m_update_scan_actions[22m | dark_mage_move_south_03.png[39m[0m
[  27% ] [90m[1m_update_scan_actions[22m | dark_mage_move_south_04.png[39m[0m
[  27% ] [90m[1m_update_scan_actions[22m | dark_mage_move_south_05.png[39m[0m
[  28% ] [90m[1m_update_scan_actions[22m | dark_mage_move_west_00.png[39m[0m
[  28% ] [90m[1m_update_scan_actions[22m | dark_mage_move_west_01.png[39m[0m
[  28% ] [90m[1m_update_scan_actions[22m | dark_mage_move_west_02.png[39m[0m
[  28% ] [90m[1m_update_scan_actions[22m | dark_mage_move_west_03.png[39m[0m
[  28% ] [90m[1m_update_scan_actions[22m | dark_mage_move_west_04.png[39m[0m
[  28% ] [90m[1m_update_scan_actions[22m | dark_mage_move_west_05.png[39m[0m
[  28% ] [90m[1m_update_scan_actions[22m | doctor_idle_east.png[39m[0m
[  28% ] [90m[1m_update_scan_actions[22m | doctor_idle_north-east.png[39m[0m
[  28% ] [90m[1m_update_scan_actions[22m | doctor_idle_north-west.png[39m[0m
[  28% ] [90m[1m_update_scan_actions[22m | doctor_idle_north.png[39m[0m
[  28% ] [90m[1m_update_scan_actions[22m | doctor_idle_south-east.png[39m[0m
[  28% ] [90m[1m_update_scan_actions[22m | doctor_idle_south-west.png[39m[0m
[  28% ] [90m[1m_update_scan_actions[22m | doctor_idle_south.png[39m[0m
[  28% ] [90m[1m_update_scan_actions[22m | doctor_idle_west.png[39m[0m
[  28% ] [90m[1m_update_scan_actions[22m | doctor_move_east_00.png[39m[0m
[  28% ] [90m[1m_update_scan_actions[22m | doctor_move_east_01.png[39m[0m
[  28% ] [90m[1m_update_scan_actions[22m | doctor_move_east_02.png[39m[0m
[  28% ] [90m[1m_update_scan_actions[22m | doctor_move_east_03.png[39m[0m
[  28% ] [90m[1m_update_scan_actions[22m | doctor_move_east_04.png[39m[0m
[  28% ] [90m[1m_update_scan_actions[22m | doctor_move_east_05.png[39m[0m
[  28% ] [90m[1m_update_scan_actions[22m | doctor_move_north-east_00.png[39m[0m
[  28% ] [90m[1m_update_scan_actions[22m | doctor_move_north-east_01.png[39m[0m
[  28% ] [90m[1m_update_scan_actions[22m | doctor_move_north-east_02.png[39m[0m
[  28% ] [90m[1m_update_scan_actions[22m | doctor_move_north-east_03.png[39m[0m
[  28% ] [90m[1m_update_scan_actions[22m | doctor_move_north-east_04.png[39m[0m
[  28% ] [90m[1m_update_scan_actions[22m | doctor_move_north-east_05.png[39m[0m
[  28% ] [90m[1m_update_scan_actions[22m | doctor_move_north-west_00.png[39m[0m
[  28% ] [90m[1m_update_scan_actions[22m | doctor_move_north-west_01.png[39m[0m
[  28% ] [90m[1m_update_scan_actions[22m | doctor_move_north-west_02.png[39m[0m
[  28% ] [90m[1m_update_scan_actions[22m | doctor_move_north-west_03.png[39m[0m
[  28% ] [90m[1m_update_scan_actions[22m | doctor_move_north-west_04.png[39m[0m
[  28% ] [90m[1m_update_scan_actions[22m | doctor_move_north-west_05.png[39m[0m
[  28% ] [90m[1m_update_scan_actions[22m | doctor_move_north_00.png[39m[0m
[  28% ] [90m[1m_update_scan_actions[22m | doctor_move_north_01.png[39m[0m
[  28% ] [90m[1m_update_scan_actions[22m | doctor_move_north_02.png[39m[0m
[  28% ] [90m[1m_update_scan_actions[22m | doctor_move_north_03.png[39m[0m
[  28% ] [90m[1m_update_scan_actions[22m | doctor_move_north_04.png[39m[0m
[  28% ] [90m[1m_update_scan_actions[22m | doctor_move_north_05.png[39m[0m
[  28% ] [90m[1m_update_scan_actions[22m | doctor_move_south-east_00.png[39m[0m
[  29% ] [90m[1m_update_scan_actions[22m | doctor_move_south-east_01.png[39m[0m
[  29% ] [90m[1m_update_scan_actions[22m | doctor_move_south-east_02.png[39m[0m
[  29% ] [90m[1m_update_scan_actions[22m | doctor_move_south-east_03.png[39m[0m
[  29% ] [90m[1m_update_scan_actions[22m | doctor_move_south-east_04.png[39m[0m
[  29% ] [90m[1m_update_scan_actions[22m | doctor_move_south-east_05.png[39m[0m
[  29% ] [90m[1m_update_scan_actions[22m | doctor_move_south-west_00.png[39m[0m
[  29% ] [90m[1m_update_scan_actions[22m | doctor_move_south-west_01.png[39m[0m
[  29% ] [90m[1m_update_scan_actions[22m | doctor_move_south-west_02.png[39m[0m
[  29% ] [90m[1m_update_scan_actions[22m | doctor_move_south-west_03.png[39m[0m
[  29% ] [90m[1m_update_scan_actions[22m | doctor_move_south-west_04.png[39m[0m
[  29% ] [90m[1m_update_scan_actions[22m | doctor_move_south-west_05.png[39m[0m
[  29% ] [90m[1m_update_scan_actions[22m | doctor_move_south_00.png[39m[0m
[  29% ] [90m[1m_update_scan_actions[22m | doctor_move_south_01.png[39m[0m
[  29% ] [90m[1m_update_scan_actions[22m | doctor_move_south_02.png[39m[0m
[  29% ] [90m[1m_update_scan_actions[22m | doctor_move_south_03.png[39m[0m
[  29% ] [90m[1m_update_scan_actions[22m | doctor_move_south_04.png[39m[0m
[  29% ] [90m[1m_update_scan_actions[22m | doctor_move_south_05.png[39m[0m
[  29% ] [90m[1m_update_scan_actions[22m | doctor_move_west_00.png[39m[0m
[  29% ] [90m[1m_update_scan_actions[22m | doctor_move_west_01.png[39m[0m
[  29% ] [90m[1m_update_scan_actions[22m | doctor_move_west_02.png[39m[0m
[  29% ] [90m[1m_update_scan_actions[22m | doctor_move_west_03.png[39m[0m
[  29% ] [90m[1m_update_scan_actions[22m | doctor_move_west_04.png[39m[0m
[  29% ] [90m[1m_update_scan_actions[22m | doctor_move_west_05.png[39m[0m
[  29% ] [90m[1m_update_scan_actions[22m | guitarist_idle_east.png[39m[0m
[  29% ] [90m[1m_update_scan_actions[22m | guitarist_idle_north-east.png[39m[0m
[  29% ] [90m[1m_update_scan_actions[22m | guitarist_idle_north-west.png[39m[0m
[  29% ] [90m[1m_update_scan_actions[22m | guitarist_idle_north.png[39m[0m
[  29% ] [90m[1m_update_scan_actions[22m | guitarist_idle_south-east.png[39m[0m
[  29% ] [90m[1m_update_scan_actions[22m | guitarist_idle_south-west.png[39m[0m
[  29% ] [90m[1m_update_scan_actions[22m | guitarist_idle_south.png[39m[0m
[  29% ] [90m[1m_update_scan_actions[22m | guitarist_idle_west.png[39m[0m
[  29% ] [90m[1m_update_scan_actions[22m | guitarist_move_east_00.png[39m[0m
[  29% ] [90m[1m_update_scan_actions[22m | guitarist_move_east_01.png[39m[0m
[  29% ] [90m[1m_update_scan_actions[22m | guitarist_move_east_02.png[39m[0m
[  29% ] [90m[1m_update_scan_actions[22m | guitarist_move_east_03.png[39m[0m
[  29% ] [90m[1m_update_scan_actions[22m | guitarist_move_east_04.png[39m[0m
[  29% ] [90m[1m_update_scan_actions[22m | guitarist_move_east_05.png[39m[0m
[  29% ] [90m[1m_update_scan_actions[22m | guitarist_move_north-east_00.png[39m[0m
[  29% ] [90m[1m_update_scan_actions[22m | guitarist_move_north-east_01.png[39m[0m
[  29% ] [90m[1m_update_scan_actions[22m | guitarist_move_north-east_02.png[39m[0m
[  30% ] [90m[1m_update_scan_actions[22m | guitarist_move_north-east_03.png[39m[0m
[  30% ] [90m[1m_update_scan_actions[22m | guitarist_move_north-east_04.png[39m[0m
[  30% ] [90m[1m_update_scan_actions[22m | guitarist_move_north-east_05.png[39m[0m
[  30% ] [90m[1m_update_scan_actions[22m | guitarist_move_north-west_00.png[39m[0m
[  30% ] [90m[1m_update_scan_actions[22m | guitarist_move_north-west_01.png[39m[0m
[  30% ] [90m[1m_update_scan_actions[22m | guitarist_move_north-west_02.png[39m[0m
[  30% ] [90m[1m_update_scan_actions[22m | guitarist_move_north-west_03.png[39m[0m
[  30% ] [90m[1m_update_scan_actions[22m | guitarist_move_north-west_04.png[39m[0m
[  30% ] [90m[1m_update_scan_actions[22m | guitarist_move_north-west_05.png[39m[0m
[  30% ] [90m[1m_update_scan_actions[22m | guitarist_move_north_00.png[39m[0m
[  30% ] [90m[1m_update_scan_actions[22m | guitarist_move_north_01.png[39m[0m
[  30% ] [90m[1m_update_scan_actions[22m | guitarist_move_north_02.png[39m[0m
[  30% ] [90m[1m_update_scan_actions[22m | guitarist_move_north_03.png[39m[0m
[  30% ] [90m[1m_update_scan_actions[22m | guitarist_move_north_04.png[39m[0m
[  30% ] [90m[1m_update_scan_actions[22m | guitarist_move_north_05.png[39m[0m
[  30% ] [90m[1m_update_scan_actions[22m | guitarist_move_south-east_00.png[39m[0m
[  30% ] [90m[1m_update_scan_actions[22m | guitarist_move_south-east_01.png[39m[0m
[  30% ] [90m[1m_update_scan_actions[22m | guitarist_move_south-east_02.png[39m[0m
[  30% ] [90m[1m_update_scan_actions[22m | guitarist_move_south-east_03.png[39m[0m
[  30% ] [90m[1m_update_scan_actions[22m | guitarist_move_south-east_04.png[39m[0m
[  30% ] [90m[1m_update_scan_actions[22m | guitarist_move_south-east_05.png[39m[0m
[  30% ] [90m[1m_update_scan_actions[22m | guitarist_move_south-west_00.png[39m[0m
[  30% ] [90m[1m_update_scan_actions[22m | guitarist_move_south-west_01.png[39m[0m
[  30% ] [90m[1m_update_scan_actions[22m | guitarist_move_south-west_02.png[39m[0m
[  30% ] [90m[1m_update_scan_actions[22m | guitarist_move_south-west_03.png[39m[0m
[  30% ] [90m[1m_update_scan_actions[22m | guitarist_move_south-west_04.png[39m[0m
[  30% ] [90m[1m_update_scan_actions[22m | guitarist_move_south-west_05.png[39m[0m
[  30% ] [90m[1m_update_scan_actions[22m | guitarist_move_south_00.png[39m[0m
[  30% ] [90m[1m_update_scan_actions[22m | guitarist_move_south_01.png[39m[0m
[  30% ] [90m[1m_update_scan_actions[22m | guitarist_move_south_02.png[39m[0m
[  30% ] [90m[1m_update_scan_actions[22m | guitarist_move_south_03.png[39m[0m
[  30% ] [90m[1m_update_scan_actions[22m | guitarist_move_south_04.png[39m[0m
[  30% ] [90m[1m_update_scan_actions[22m | guitarist_move_south_05.png[39m[0m
[  30% ] [90m[1m_update_scan_actions[22m | guitarist_move_west_00.png[39m[0m
[  30% ] [90m[1m_update_scan_actions[22m | guitarist_move_west_01.png[39m[0m
[  30% ] [90m[1m_update_scan_actions[22m | guitarist_move_west_02.png[39m[0m
[  30% ] [90m[1m_update_scan_actions[22m | guitarist_move_west_03.png[39m[0m
[  30% ] [90m[1m_update_scan_actions[22m | guitarist_move_west_04.png[39m[0m
[  30% ] [90m[1m_update_scan_actions[22m | guitarist_move_west_05.png[39m[0m
[  30% ] [90m[1m_update_scan_actions[22m | priest_idle_east.png[39m[0m
[  31% ] [90m[1m_update_scan_actions[22m | priest_idle_north-east.png[39m[0m
[  31% ] [90m[1m_update_scan_actions[22m | priest_idle_north-west.png[39m[0m
[  31% ] [90m[1m_update_scan_actions[22m | priest_idle_north.png[39m[0m
[  31% ] [90m[1m_update_scan_actions[22m | priest_idle_south-east.png[39m[0m
[  31% ] [90m[1m_update_scan_actions[22m | priest_idle_south-west.png[39m[0m
[  31% ] [90m[1m_update_scan_actions[22m | priest_idle_south.png[39m[0m
[  31% ] [90m[1m_update_scan_actions[22m | priest_idle_west.png[39m[0m
[  31% ] [90m[1m_update_scan_actions[22m | priest_move_east_00.png[39m[0m
[  31% ] [90m[1m_update_scan_actions[22m | priest_move_east_01.png[39m[0m
[  31% ] [90m[1m_update_scan_actions[22m | priest_move_east_02.png[39m[0m
[  31% ] [90m[1m_update_scan_actions[22m | priest_move_east_03.png[39m[0m
[  31% ] [90m[1m_update_scan_actions[22m | priest_move_east_04.png[39m[0m
[  31% ] [90m[1m_update_scan_actions[22m | priest_move_east_05.png[39m[0m
[  31% ] [90m[1m_update_scan_actions[22m | priest_move_north-east_00.png[39m[0m
[  31% ] [90m[1m_update_scan_actions[22m | priest_move_north-east_01.png[39m[0m
[  31% ] [90m[1m_update_scan_actions[22m | priest_move_north-east_02.png[39m[0m
[  31% ] [90m[1m_update_scan_actions[22m | priest_move_north-east_03.png[39m[0m
[  31% ] [90m[1m_update_scan_actions[22m | priest_move_north-east_04.png[39m[0m
[  31% ] [90m[1m_update_scan_actions[22m | priest_move_north-east_05.png[39m[0m
[  31% ] [90m[1m_update_scan_actions[22m | priest_move_north-west_00.png[39m[0m
[  31% ] [90m[1m_update_scan_actions[22m | priest_move_north-west_01.png[39m[0m
[  31% ] [90m[1m_update_scan_actions[22m | priest_move_north-west_02.png[39m[0m
[  31% ] [90m[1m_update_scan_actions[22m | priest_move_north-west_03.png[39m[0m
[  31% ] [90m[1m_update_scan_actions[22m | priest_move_north-west_04.png[39m[0m
[  31% ] [90m[1m_update_scan_actions[22m | priest_move_north-west_05.png[39m[0m
[  31% ] [90m[1m_update_scan_actions[22m | priest_move_north_00.png[39m[0m
[  31% ] [90m[1m_update_scan_actions[22m | priest_move_north_01.png[39m[0m
[  31% ] [90m[1m_update_scan_actions[22m | priest_move_north_02.png[39m[0m
[  31% ] [90m[1m_update_scan_actions[22m | priest_move_north_03.png[39m[0m
[  31% ] [90m[1m_update_scan_actions[22m | priest_move_north_04.png[39m[0m
[  31% ] [90m[1m_update_scan_actions[22m | priest_move_north_05.png[39m[0m
[  31% ] [90m[1m_update_scan_actions[22m | priest_move_south-east_00.png[39m[0m
[  31% ] [90m[1m_update_scan_actions[22m | priest_move_south-east_01.png[39m[0m
[  31% ] [90m[1m_update_scan_actions[22m | priest_move_south-east_02.png[39m[0m
[  31% ] [90m[1m_update_scan_actions[22m | priest_move_south-east_03.png[39m[0m
[  31% ] [90m[1m_update_scan_actions[22m | priest_move_south-east_04.png[39m[0m
[  31% ] [90m[1m_update_scan_actions[22m | priest_move_south-east_05.png[39m[0m
[  31% ] [90m[1m_update_scan_actions[22m | priest_move_south-west_00.png[39m[0m
[  31% ] [90m[1m_update_scan_actions[22m | priest_move_south-west_01.png[39m[0m
[  32% ] [90m[1m_update_scan_actions[22m | priest_move_south-west_02.png[39m[0m
[  32% ] [90m[1m_update_scan_actions[22m | priest_move_south-west_03.png[39m[0m
[  32% ] [90m[1m_update_scan_actions[22m | priest_move_south-west_04.png[39m[0m
[  32% ] [90m[1m_update_scan_actions[22m | priest_move_south-west_05.png[39m[0m
[  32% ] [90m[1m_update_scan_actions[22m | priest_move_south_00.png[39m[0m
[  32% ] [90m[1m_update_scan_actions[22m | priest_move_south_01.png[39m[0m
[  32% ] [90m[1m_update_scan_actions[22m | priest_move_south_02.png[39m[0m
[  32% ] [90m[1m_update_scan_actions[22m | priest_move_south_03.png[39m[0m
[  32% ] [90m[1m_update_scan_actions[22m | priest_move_south_04.png[39m[0m
[  32% ] [90m[1m_update_scan_actions[22m | priest_move_south_05.png[39m[0m
[  32% ] [90m[1m_update_scan_actions[22m | priest_move_west_00.png[39m[0m
[  32% ] [90m[1m_update_scan_actions[22m | priest_move_west_01.png[39m[0m
[  32% ] [90m[1m_update_scan_actions[22m | priest_move_west_02.png[39m[0m
[  32% ] [90m[1m_update_scan_actions[22m | priest_move_west_03.png[39m[0m
[  32% ] [90m[1m_update_scan_actions[22m | priest_move_west_04.png[39m[0m
[  32% ] [90m[1m_update_scan_actions[22m | priest_move_west_05.png[39m[0m
[  32% ] [90m[1m_update_scan_actions[22m | cloak_back_l.png[39m[0m
[  32% ] [90m[1m_update_scan_actions[22m | cloak_back_r.png[39m[0m
[  32% ] [90m[1m_update_scan_actions[22m | foot_l.png[39m[0m
[  32% ] [90m[1m_update_scan_actions[22m | foot_r.png[39m[0m
[  32% ] [90m[1m_update_scan_actions[22m | hand_l.png[39m[0m
[  32% ] [90m[1m_update_scan_actions[22m | hand_r.png[39m[0m
[  32% ] [90m[1m_update_scan_actions[22m | head.png[39m[0m
[  32% ] [90m[1m_update_scan_actions[22m | hood_shadow.png[39m[0m
[  32% ] [90m[1m_update_scan_actions[22m | lower_arm_l.png[39m[0m
[  32% ] [90m[1m_update_scan_actions[22m | lower_arm_r.png[39m[0m
[  32% ] [90m[1m_update_scan_actions[22m | pelvis.png[39m[0m
[  32% ] [90m[1m_update_scan_actions[22m | robe_front.png[39m[0m
[  32% ] [90m[1m_update_scan_actions[22m | shin_l.png[39m[0m
[  32% ] [90m[1m_update_scan_actions[22m | shin_r.png[39m[0m
[  32% ] [90m[1m_update_scan_actions[22m | thigh_l.png[39m[0m
[  32% ] [90m[1m_update_scan_actions[22m | thigh_r.png[39m[0m
[  32% ] [90m[1m_update_scan_actions[22m | torso.png[39m[0m
[  32% ] [90m[1m_update_scan_actions[22m | upper_arm_l.png[39m[0m
[  32% ] [90m[1m_update_scan_actions[22m | upper_arm_r.png[39m[0m
[  32% ] [90m[1m_update_scan_actions[22m | dark_mage_skeleton_source_from_runtime.png[39m[0m
[  32% ] [90m[1m_update_scan_actions[22m | cape_l.png[39m[0m
[  32% ] [90m[1m_update_scan_actions[22m | cape_r.png[39m[0m
[  32% ] [90m[1m_update_scan_actions[22m | foot_l.png[39m[0m
[  32% ] [90m[1m_update_scan_actions[22m | foot_r.png[39m[0m
[  33% ] [90m[1m_update_scan_actions[22m | hand_l.png[39m[0m
[  33% ] [90m[1m_update_scan_actions[22m | hand_r.png[39m[0m
[  33% ] [90m[1m_update_scan_actions[22m | head.png[39m[0m
[  33% ] [90m[1m_update_scan_actions[22m | lower_arm_l.png[39m[0m
[  33% ] [90m[1m_update_scan_actions[22m | lower_arm_r.png[39m[0m
[  33% ] [90m[1m_update_scan_actions[22m | pelvis.png[39m[0m
[  33% ] [90m[1m_update_scan_actions[22m | shin_l.png[39m[0m
[  33% ] [90m[1m_update_scan_actions[22m | shin_r.png[39m[0m
[  33% ] [90m[1m_update_scan_actions[22m | shoulder_armor_l.png[39m[0m
[  33% ] [90m[1m_update_scan_actions[22m | shoulder_armor_r.png[39m[0m
[  33% ] [90m[1m_update_scan_actions[22m | thigh_l.png[39m[0m
[  33% ] [90m[1m_update_scan_actions[22m | thigh_r.png[39m[0m
[  33% ] [90m[1m_update_scan_actions[22m | torso.png[39m[0m
[  33% ] [90m[1m_update_scan_actions[22m | upper_arm_l.png[39m[0m
[  33% ] [90m[1m_update_scan_actions[22m | upper_arm_r.png[39m[0m
[  33% ] [90m[1m_update_scan_actions[22m | knight_skeleton_source_from_runtime.png[39m[0m
[  33% ] [90m[1m_update_scan_actions[22m | assassin_v2_anim_sheet.png[39m[0m
[  33% ] [90m[1m_update_scan_actions[22m | assassin_v2_idle_source.png[39m[0m
[  33% ] [90m[1m_update_scan_actions[22m | assassin_v2_sheet_source_handoff.png[39m[0m
[  33% ] [90m[1m_update_scan_actions[22m | berserk_v2_anim_sheet.png[39m[0m
[  33% ] [90m[1m_update_scan_actions[22m | berserk_v2_idle_source.png[39m[0m
[  33% ] [90m[1m_update_scan_actions[22m | berserk_v2_sheet_source_handoff.png[39m[0m
[  33% ] [90m[1m_update_scan_actions[22m | biologist_v2_idle_source.png[39m[0m
[  33% ] [90m[1m_update_scan_actions[22m | biologist_v2_sheet.png[39m[0m
[  33% ] [90m[1m_update_scan_actions[22m | biologist_v2_sheet_source_handoff.png[39m[0m
[  33% ] [90m[1m_update_scan_actions[22m | dark_mage_v2_anim_sheet.png[39m[0m
[  33% ] [90m[1m_update_scan_actions[22m | dark_mage_v2_idle_source.png[39m[0m
[  33% ] [90m[1m_update_scan_actions[22m | dark_mage_v2_sheet_source_handoff.png[39m[0m
[  33% ] [90m[1m_update_scan_actions[22m | elementalist_v2_anim_sheet.png[39m[0m
[  33% ] [90m[1m_update_scan_actions[22m | elementalist_v2_idle_source.png[39m[0m
[  33% ] [90m[1m_update_scan_actions[22m | elementalist_v2_sheet.png[39m[0m
[  33% ] [90m[1m_update_scan_actions[22m | elementalist_v2_sheet_source_handoff.png[39m[0m
[  33% ] [90m[1m_update_scan_actions[22m | engineer_v2_idle_source.png[39m[0m
[  33% ] [90m[1m_update_scan_actions[22m | engineer_v2_sheet.png[39m[0m
[  33% ] [90m[1m_update_scan_actions[22m | engineer_v2_sheet_source_handoff.png[39m[0m
[  33% ] [90m[1m_update_scan_actions[22m | guitarist_v2_anim_sheet.png[39m[0m
[  33% ] [90m[1m_update_scan_actions[22m | guitarist_v2_idle_source.png[39m[0m
[  33% ] [90m[1m_update_scan_actions[22m | guitarist_v2_sheet.png[39m[0m
[  33% ] [90m[1m_update_scan_actions[22m | guitarist_v2_sheet_source_handoff.png[39m[0m
[  34% ] [90m[1m_update_scan_actions[22m | priest_v2_idle_source.png[39m[0m
[  34% ] [90m[1m_update_scan_actions[22m | priest_v2_sheet.png[39m[0m
[  34% ] [90m[1m_update_scan_actions[22m | priest_v2_sheet_source_handoff.png[39m[0m
[  34% ] [90m[1m_update_scan_actions[22m | robot_v2_idle_source.png[39m[0m
[  34% ] [90m[1m_update_scan_actions[22m | robot_v2_sheet_source_handoff.png[39m[0m
[  34% ] [90m[1m_update_scan_actions[22m | sniper_v2_idle_source.png[39m[0m
[  34% ] [90m[1m_update_scan_actions[22m | sniper_v2_sheet.png[39m[0m
[  34% ] [90m[1m_update_scan_actions[22m | sniper_v2_sheet_source_handoff.png[39m[0m
[  34% ] [90m[1m_update_scan_actions[22m | thief_v2_anim_sheet.png[39m[0m
[  34% ] [90m[1m_update_scan_actions[22m | thief_v2_idle_source.png[39m[0m
[  34% ] [90m[1m_update_scan_actions[22m | thief_v2_sheet.png[39m[0m
[  34% ] [90m[1m_update_scan_actions[22m | thief_v2_sheet_source_handoff.png[39m[0m
[  34% ] [90m[1m_update_scan_actions[22m | assassin.png[39m[0m
[  34% ] [90m[1m_update_scan_actions[22m | berserk_unarmed.png[39m[0m
[  34% ] [90m[1m_update_scan_actions[22m | berserk_v3_sprite.png[39m[0m
[  34% ] [90m[1m_update_scan_actions[22m | berserk_walk_sheet_v2.png[39m[0m
[  34% ] [90m[1m_update_scan_actions[22m | biologist.png[39m[0m
[  34% ] [90m[1m_update_scan_actions[22m | biologist_sheet.png[39m[0m
[  34% ] [90m[1m_update_scan_actions[22m | chemist.png[39m[0m
[  34% ] [90m[1m_update_scan_actions[22m | dark_mage.png[39m[0m
[  34% ] [90m[1m_update_scan_actions[22m | doctor.png[39m[0m
[  34% ] [90m[1m_update_scan_actions[22m | druid.png[39m[0m
[  34% ] [90m[1m_update_scan_actions[22m | elementalist.png[39m[0m
[  34% ] [90m[1m_update_scan_actions[22m | elementalist_sheet.png[39m[0m
[  34% ] [90m[1m_update_scan_actions[22m | engineer.png[39m[0m
[  34% ] [90m[1m_update_scan_actions[22m | guitarist.png[39m[0m
[  34% ] [90m[1m_update_scan_actions[22m | guitarist_sheet.png[39m[0m
[  34% ] [90m[1m_update_scan_actions[22m | knight.png[39m[0m
[  34% ] [90m[1m_update_scan_actions[22m | priest.png[39m[0m
[  34% ] [90m[1m_update_scan_actions[22m | ranger.png[39m[0m
[  34% ] [90m[1m_update_scan_actions[22m | robot.png[39m[0m
[  34% ] [90m[1m_update_scan_actions[22m | sniper.png[39m[0m
[  34% ] [90m[1m_update_scan_actions[22m | soldier.png[39m[0m
[  34% ] [90m[1m_update_scan_actions[22m | thief.png[39m[0m
[  34% ] [90m[1m_update_scan_actions[22m | thief_sheet.png[39m[0m
[  34% ] [90m[1m_update_scan_actions[22m | beam_strip.png[39m[0m
[  34% ] [90m[1m_update_scan_actions[22m | boss_ash_ember_zone.png[39m[0m
[  34% ] [90m[1m_update_scan_actions[22m | boss_bone_prison_zone.png[39m[0m
[  34% ] [90m[1m_update_scan_actions[22m | boss_brood_web_zone.png[39m[0m
[  34% ] [90m[1m_update_scan_actions[22m | boss_gravity_well_zone.png[39m[0m
[  35% ] [90m[1m_update_scan_actions[22m | boss_molten_armor_pulse.png[39m[0m
[  35% ] [90m[1m_update_scan_actions[22m | boss_rift_zone.png[39m[0m
[  35% ] [90m[1m_update_scan_actions[22m | boss_vampiric_bite_zone.png[39m[0m
[  35% ] [90m[1m_update_scan_actions[22m | briar_pool.png[39m[0m
[  35% ] [90m[1m_update_scan_actions[22m | dust_puff_0.png[39m[0m
[  35% ] [90m[1m_update_scan_actions[22m | dust_puff_1.png[39m[0m
[  35% ] [90m[1m_update_scan_actions[22m | dust_puff_2.png[39m[0m
[  35% ] [90m[1m_update_scan_actions[22m | elite_crystal_shard.png[39m[0m
[  35% ] [90m[1m_update_scan_actions[22m | elite_poison_lob.png[39m[0m
[  35% ] [90m[1m_update_scan_actions[22m | elite_shadow_trail.png[39m[0m
[  35% ] [90m[1m_update_scan_actions[22m | elite_shockwave_ring.png[39m[0m
[  35% ] [90m[1m_update_scan_actions[22m | elite_telegraph_circle.png[39m[0m
[  35% ] [90m[1m_update_scan_actions[22m | enemy_command_aura_pulse.png[39m[0m
[  35% ] [90m[1m_update_scan_actions[22m | enemy_reflect_thorns_aura.png[39m[0m
[  35% ] [90m[1m_update_scan_actions[22m | enemy_shadow_blink_mark.png[39m[0m
[  35% ] [90m[1m_update_scan_actions[22m | enemy_shard_fan_burst.png[39m[0m
[  35% ] [90m[1m_update_scan_actions[22m | enemy_shield_block_front.png[39m[0m
[  35% ] [90m[1m_update_scan_actions[22m | enemy_summon_portal.png[39m[0m
[  35% ] [90m[1m_update_scan_actions[22m | hazard_zone.png[39m[0m
[  35% ] [90m[1m_update_scan_actions[22m | impact_flash.png[39m[0m
[  35% ] [90m[1m_update_scan_actions[22m | impact_ring.png[39m[0m
[  35% ] [90m[1m_update_scan_actions[22m | level_up_popup_badge.png[39m[0m
[  35% ] [90m[1m_update_scan_actions[22m | music_note.png[39m[0m
[  35% ] [90m[1m_update_scan_actions[22m | poison_pool.png[39m[0m
[  35% ] [90m[1m_update_scan_actions[22m | secret_ascension_boss_beam_telegraph.png[39m[0m
[  35% ] [90m[1m_update_scan_actions[22m | secret_ascension_boss_cone_telegraph.png[39m[0m
[  35% ] [90m[1m_update_scan_actions[22m | secret_ascension_boss_ring_telegraph.png[39m[0m
[  35% ] [90m[1m_update_scan_actions[22m | secret_ascension_boss_rupture_telegraph.png[39m[0m
[  35% ] [90m[1m_update_scan_actions[22m | slash_arc.png[39m[0m
[  35% ] [90m[1m_update_scan_actions[22m | sound_wave.png[39m[0m
[  35% ] [90m[1m_update_scan_actions[22m | spark_pool.png[39m[0m
[  35% ] [90m[1m_update_scan_actions[22m | vfx_weapon_acid_flask.png[39m[0m
[  35% ] [90m[1m_update_scan_actions[22m | vfx_weapon_axe.png[39m[0m
[  35% ] [90m[1m_update_scan_actions[22m | vfx_weapon_bass_guitar.png[39m[0m
[  35% ] [90m[1m_update_scan_actions[22m | vfx_weapon_biologist_sample_injector.png[39m[0m
[  35% ] [90m[1m_update_scan_actions[22m | vfx_weapon_biologist_spore_lens.png[39m[0m
[  35% ] [90m[1m_update_scan_actions[22m | vfx_weapon_biologist_symbiote_seed.png[39m[0m
[  35% ] [90m[1m_update_scan_actions[22m | vfx_weapon_blast_powder.png[39m[0m
[  35% ] [90m[1m_update_scan_actions[22m | vfx_weapon_bone_saw.png[39m[0m
[  36% ] [90m[1m_update_scan_actions[22m | vfx_weapon_briar_staff.png[39m[0m
[  36% ] [90m[1m_update_scan_actions[22m | vfx_weapon_chakrams.png[39m[0m
[  36% ] [90m[1m_update_scan_actions[22m | vfx_weapon_cursed_skull.png[39m[0m
[  36% ] [90m[1m_update_scan_actions[22m | vfx_weapon_dark_book.png[39m[0m
[  36% ] [90m[1m_update_scan_actions[22m | vfx_weapon_dark_wand.png[39m[0m
[  36% ] [90m[1m_update_scan_actions[22m | vfx_weapon_electric_guitar.png[39m[0m
[  36% ] [90m[1m_update_scan_actions[22m | vfx_weapon_elementalist_meteor_core.png[39m[0m
[  36% ] [90m[1m_update_scan_actions[22m | vfx_weapon_elementalist_orb_ring.png[39m[0m
[  36% ] [90m[1m_update_scan_actions[22m | vfx_weapon_elementalist_prism_focus.png[39m[0m
[  36% ] [90m[1m_update_scan_actions[22m | vfx_weapon_engineer_pressure_mines.png[39m[0m
[  36% ] [90m[1m_update_scan_actions[22m | vfx_weapon_engineer_repair_drone.png[39m[0m
[  36% ] [90m[1m_update_scan_actions[22m | vfx_weapon_engineer_sentry_wrench.png[39m[0m
[  36% ] [90m[1m_update_scan_actions[22m | vfx_weapon_hammer.png[39m[0m
[  36% ] [90m[1m_update_scan_actions[22m | vfx_weapon_holy_flail.png[39m[0m
[  36% ] [90m[1m_update_scan_actions[22m | vfx_weapon_homunculus_vial.png[39m[0m
[  36% ] [90m[1m_update_scan_actions[22m | vfx_weapon_hunter_trap.png[39m[0m
[  36% ] [90m[1m_update_scan_actions[22m | vfx_weapon_long_spear.png[39m[0m
[  36% ] [90m[1m_update_scan_actions[22m | vfx_weapon_moon_crossbow.png[39m[0m
[  36% ] [90m[1m_update_scan_actions[22m | vfx_weapon_plague_syringe.png[39m[0m
[  36% ] [90m[1m_update_scan_actions[22m | vfx_weapon_priest_censer.png[39m[0m
[  36% ] [90m[1m_update_scan_actions[22m | vfx_weapon_priest_chime.png[39m[0m
[  36% ] [90m[1m_update_scan_actions[22m | vfx_weapon_priest_reliquary.png[39m[0m
[  36% ] [90m[1m_update_scan_actions[22m | vfx_weapon_raven_totem.png[39m[0m
[  36% ] [90m[1m_update_scan_actions[22m | vfx_weapon_restore_potion.png[39m[0m
[  36% ] [90m[1m_update_scan_actions[22m | vfx_weapon_robot_hydraulic_press.png[39m[0m
[  36% ] [90m[1m_update_scan_actions[22m | vfx_weapon_robot_magnetic_anchor.png[39m[0m
[  36% ] [90m[1m_update_scan_actions[22m | vfx_weapon_robot_reactor_core.png[39m[0m
[  36% ] [90m[1m_update_scan_actions[22m | vfx_weapon_shadow_daggers.png[39m[0m
[  36% ] [90m[1m_update_scan_actions[22m | vfx_weapon_sniper_deadeye_rifle.png[39m[0m
[  36% ] [90m[1m_update_scan_actions[22m | vfx_weapon_sniper_shatter_rounds.png[39m[0m
[  36% ] [90m[1m_update_scan_actions[22m | vfx_weapon_sniper_spotter_scope.png[39m[0m
[  36% ] [90m[1m_update_scan_actions[22m | vfx_weapon_soldier_bayonet.png[39m[0m
[  36% ] [90m[1m_update_scan_actions[22m | vfx_weapon_soldier_grenade.png[39m[0m
[  36% ] [90m[1m_update_scan_actions[22m | vfx_weapon_soldier_rifle.png[39m[0m
[  36% ] [90m[1m_update_scan_actions[22m | vfx_weapon_sound_amp.png[39m[0m
[  36% ] [90m[1m_update_scan_actions[22m | vfx_weapon_storm_longbow.png[39m[0m
[  36% ] [90m[1m_update_scan_actions[22m | vfx_weapon_summon_amulet.png[39m[0m
[  36% ] [90m[1m_update_scan_actions[22m | vfx_weapon_sword.png[39m[0m
[  36% ] [90m[1m_update_scan_actions[22m | vfx_weapon_thief_coin_pouch.png[39m[0m
[  36% ] [90m[1m_update_scan_actions[22m | vfx_weapon_thief_shadow_cloak.png[39m[0m
[  37% ] [90m[1m_update_scan_actions[22m | vfx_weapon_thief_smoke_bomb.png[39m[0m
[  37% ] [90m[1m_update_scan_actions[22m | vfx_weapon_tower_shield.png[39m[0m
[  37% ] [90m[1m_update_scan_actions[22m | vfx_weapon_venom_wire.png[39m[0m
[  37% ] [90m[1m_update_scan_actions[22m | void_orb.png[39m[0m
[  37% ] [90m[1m_update_scan_actions[22m | iron_bastion_arm_r.png[39m[0m
[  37% ] [90m[1m_update_scan_actions[22m | iron_bastion_leg_r.png[39m[0m
[  37% ] [90m[1m_update_scan_actions[22m | iron_bastion_shield.png[39m[0m
[  37% ] [90m[1m_update_scan_actions[22m | iron_bastion_torso.png[39m[0m
[  37% ] [90m[1m_update_scan_actions[22m | night_stalker_arm_l.png[39m[0m
[  37% ] [90m[1m_update_scan_actions[22m | night_stalker_arm_r.png[39m[0m
[  37% ] [90m[1m_update_scan_actions[22m | night_stalker_leg_l.png[39m[0m
[  37% ] [90m[1m_update_scan_actions[22m | night_stalker_leg_r.png[39m[0m
[  37% ] [90m[1m_update_scan_actions[22m | night_stalker_torso.png[39m[0m
[  37% ] [90m[1m_update_scan_actions[22m | plague_prophet_arm_l.png[39m[0m
[  37% ] [90m[1m_update_scan_actions[22m | plague_prophet_arm_r.png[39m[0m
[  37% ] [90m[1m_update_scan_actions[22m | plague_prophet_torso.png[39m[0m
[  37% ] [90m[1m_update_scan_actions[22m | shard_marshal_arm_l.png[39m[0m
[  37% ] [90m[1m_update_scan_actions[22m | shard_marshal_arm_r.png[39m[0m
[  37% ] [90m[1m_update_scan_actions[22m | shard_marshal_leg_l.png[39m[0m
[  37% ] [90m[1m_update_scan_actions[22m | shard_marshal_leg_r.png[39m[0m
[  37% ] [90m[1m_update_scan_actions[22m | shard_marshal_torso.png[39m[0m
[  37% ] [90m[1m_update_scan_actions[22m | iron_bastion_attack_primary_00.png[39m[0m
[  37% ] [90m[1m_update_scan_actions[22m | iron_bastion_attack_primary_01.png[39m[0m
[  37% ] [90m[1m_update_scan_actions[22m | iron_bastion_attack_primary_02.png[39m[0m
[  37% ] [90m[1m_update_scan_actions[22m | iron_bastion_attack_primary_03.png[39m[0m
[  37% ] [90m[1m_update_scan_actions[22m | iron_bastion_attack_primary_04.png[39m[0m
[  37% ] [90m[1m_update_scan_actions[22m | iron_bastion_attack_primary_05.png[39m[0m
[  37% ] [90m[1m_update_scan_actions[22m | iron_bastion_death_00.png[39m[0m
[  37% ] [90m[1m_update_scan_actions[22m | iron_bastion_death_01.png[39m[0m
[  37% ] [90m[1m_update_scan_actions[22m | iron_bastion_death_02.png[39m[0m
[  37% ] [90m[1m_update_scan_actions[22m | iron_bastion_death_03.png[39m[0m
[  37% ] [90m[1m_update_scan_actions[22m | iron_bastion_death_04.png[39m[0m
[  37% ] [90m[1m_update_scan_actions[22m | iron_bastion_death_05.png[39m[0m
[  37% ] [90m[1m_update_scan_actions[22m | iron_bastion_death_row.png[39m[0m
[  37% ] [90m[1m_update_scan_actions[22m | iron_bastion_move_00.png[39m[0m
[  37% ] [90m[1m_update_scan_actions[22m | iron_bastion_move_01.png[39m[0m
[  37% ] [90m[1m_update_scan_actions[22m | iron_bastion_move_02.png[39m[0m
[  37% ] [90m[1m_update_scan_actions[22m | iron_bastion_move_03.png[39m[0m
[  37% ] [90m[1m_update_scan_actions[22m | iron_bastion_move_04.png[39m[0m
[  38% ] [90m[1m_update_scan_actions[22m | iron_bastion_move_05.png[39m[0m
[  38% ] [90m[1m_update_scan_actions[22m | iron_bastion_skill_shield_block_00.png[39m[0m
[  38% ] [90m[1m_update_scan_actions[22m | iron_bastion_skill_shield_block_01.png[39m[0m
[  38% ] [90m[1m_update_scan_actions[22m | iron_bastion_skill_shield_block_02.png[39m[0m
[  38% ] [90m[1m_update_scan_actions[22m | iron_bastion_skill_shield_block_03.png[39m[0m
[  38% ] [90m[1m_update_scan_actions[22m | iron_bastion_skill_shield_block_04.png[39m[0m
[  38% ] [90m[1m_update_scan_actions[22m | iron_bastion_skill_shield_block_05.png[39m[0m
[  38% ] [90m[1m_update_scan_actions[22m | iron_bastion_skill_slam_wave_00.png[39m[0m
[  38% ] [90m[1m_update_scan_actions[22m | iron_bastion_skill_slam_wave_01.png[39m[0m
[  38% ] [90m[1m_update_scan_actions[22m | iron_bastion_skill_slam_wave_02.png[39m[0m
[  38% ] [90m[1m_update_scan_actions[22m | iron_bastion_skill_slam_wave_03.png[39m[0m
[  38% ] [90m[1m_update_scan_actions[22m | iron_bastion_skill_slam_wave_04.png[39m[0m
[  38% ] [90m[1m_update_scan_actions[22m | iron_bastion_skill_slam_wave_05.png[39m[0m
[  38% ] [90m[1m_update_scan_actions[22m | mini_bone_warden_attack_primary_00.png[39m[0m
[  38% ] [90m[1m_update_scan_actions[22m | mini_bone_warden_attack_primary_01.png[39m[0m
[  38% ] [90m[1m_update_scan_actions[22m | mini_bone_warden_attack_primary_02.png[39m[0m
[  38% ] [90m[1m_update_scan_actions[22m | mini_bone_warden_attack_primary_03.png[39m[0m
[  38% ] [90m[1m_update_scan_actions[22m | mini_bone_warden_attack_primary_04.png[39m[0m
[  38% ] [90m[1m_update_scan_actions[22m | mini_bone_warden_attack_primary_05.png[39m[0m
[  38% ] [90m[1m_update_scan_actions[22m | mini_bone_warden_death_00.png[39m[0m
[  38% ] [90m[1m_update_scan_actions[22m | mini_bone_warden_death_01.png[39m[0m
[  38% ] [90m[1m_update_scan_actions[22m | mini_bone_warden_death_02.png[39m[0m
[  38% ] [90m[1m_update_scan_actions[22m | mini_bone_warden_death_03.png[39m[0m
[  38% ] [90m[1m_update_scan_actions[22m | mini_bone_warden_death_04.png[39m[0m
[  38% ] [90m[1m_update_scan_actions[22m | mini_bone_warden_death_05.png[39m[0m
[  38% ] [90m[1m_update_scan_actions[22m | mini_bone_warden_death_row.png[39m[0m
[  38% ] [90m[1m_update_scan_actions[22m | mini_bone_warden_move_00.png[39m[0m
[  38% ] [90m[1m_update_scan_actions[22m | mini_bone_warden_move_01.png[39m[0m
[  38% ] [90m[1m_update_scan_actions[22m | mini_bone_warden_move_02.png[39m[0m
[  38% ] [90m[1m_update_scan_actions[22m | mini_bone_warden_move_03.png[39m[0m
[  38% ] [90m[1m_update_scan_actions[22m | mini_bone_warden_move_04.png[39m[0m
[  38% ] [90m[1m_update_scan_actions[22m | mini_bone_warden_move_05.png[39m[0m
[  38% ] [90m[1m_update_scan_actions[22m | mini_bone_warden_skill_bone_guard_00.png[39m[0m
[  38% ] [90m[1m_update_scan_actions[22m | mini_bone_warden_skill_bone_guard_01.png[39m[0m
[  38% ] [90m[1m_update_scan_actions[22m | mini_bone_warden_skill_bone_guard_02.png[39m[0m
[  38% ] [90m[1m_update_scan_actions[22m | mini_bone_warden_skill_bone_guard_03.png[39m[0m
[  38% ] [90m[1m_update_scan_actions[22m | mini_bone_warden_skill_bone_guard_04.png[39m[0m
[  38% ] [90m[1m_update_scan_actions[22m | mini_bone_warden_skill_bone_guard_05.png[39m[0m
[  38% ] [90m[1m_update_scan_actions[22m | mini_bone_warden_skill_slam_wave_00.png[39m[0m
[  38% ] [90m[1m_update_scan_actions[22m | mini_bone_warden_skill_slam_wave_01.png[39m[0m
[  39% ] [90m[1m_update_scan_actions[22m | mini_bone_warden_skill_slam_wave_02.png[39m[0m
[  39% ] [90m[1m_update_scan_actions[22m | mini_bone_warden_skill_slam_wave_03.png[39m[0m
[  39% ] [90m[1m_update_scan_actions[22m | mini_bone_warden_skill_slam_wave_04.png[39m[0m
[  39% ] [90m[1m_update_scan_actions[22m | mini_bone_warden_skill_slam_wave_05.png[39m[0m
[  39% ] [90m[1m_update_scan_actions[22m | mini_plague_bellringer_attack_primary_00.png[39m[0m
[  39% ] [90m[1m_update_scan_actions[22m | mini_plague_bellringer_attack_primary_01.png[39m[0m
[  39% ] [90m[1m_update_scan_actions[22m | mini_plague_bellringer_attack_primary_02.png[39m[0m
[  39% ] [90m[1m_update_scan_actions[22m | mini_plague_bellringer_attack_primary_03.png[39m[0m
[  39% ] [90m[1m_update_scan_actions[22m | mini_plague_bellringer_attack_primary_04.png[39m[0m
[  39% ] [90m[1m_update_scan_actions[22m | mini_plague_bellringer_attack_primary_05.png[39m[0m
[  39% ] [90m[1m_update_scan_actions[22m | mini_plague_bellringer_death_00.png[39m[0m
[  39% ] [90m[1m_update_scan_actions[22m | mini_plague_bellringer_death_01.png[39m[0m
[  39% ] [90m[1m_update_scan_actions[22m | mini_plague_bellringer_death_02.png[39m[0m
[  39% ] [90m[1m_update_scan_actions[22m | mini_plague_bellringer_death_03.png[39m[0m
[  39% ] [90m[1m_update_scan_actions[22m | mini_plague_bellringer_death_04.png[39m[0m
[  39% ] [90m[1m_update_scan_actions[22m | mini_plague_bellringer_death_05.png[39m[0m
[  39% ] [90m[1m_update_scan_actions[22m | mini_plague_bellringer_death_row.png[39m[0m
[  39% ] [90m[1m_update_scan_actions[22m | mini_plague_bellringer_move_00.png[39m[0m
[  39% ] [90m[1m_update_scan_actions[22m | mini_plague_bellringer_move_01.png[39m[0m
[  39% ] [90m[1m_update_scan_actions[22m | mini_plague_bellringer_move_02.png[39m[0m
[  39% ] [90m[1m_update_scan_actions[22m | mini_plague_bellringer_move_03.png[39m[0m
[  39% ] [90m[1m_update_scan_actions[22m | mini_plague_bellringer_move_04.png[39m[0m
[  39% ] [90m[1m_update_scan_actions[22m | mini_plague_bellringer_move_05.png[39m[0m
[  39% ] [90m[1m_update_scan_actions[22m | mini_plague_bellringer_skill_bell_toll_00.png[39m[0m
[  39% ] [90m[1m_update_scan_actions[22m | mini_plague_bellringer_skill_bell_toll_01.png[39m[0m
[  39% ] [90m[1m_update_scan_actions[22m | mini_plague_bellringer_skill_bell_toll_02.png[39m[0m
[  39% ] [90m[1m_update_scan_actions[22m | mini_plague_bellringer_skill_bell_toll_03.png[39m[0m
[  39% ] [90m[1m_update_scan_actions[22m | mini_plague_bellringer_skill_bell_toll_04.png[39m[0m
[  39% ] [90m[1m_update_scan_actions[22m | mini_plague_bellringer_skill_bell_toll_05.png[39m[0m
[  39% ] [90m[1m_update_scan_actions[22m | mini_plague_bellringer_skill_poison_pool_00.png[39m[0m
[  39% ] [90m[1m_update_scan_actions[22m | mini_plague_bellringer_skill_poison_pool_01.png[39m[0m
[  39% ] [90m[1m_update_scan_actions[22m | mini_plague_bellringer_skill_poison_pool_02.png[39m[0m
[  39% ] [90m[1m_update_scan_actions[22m | mini_plague_bellringer_skill_poison_pool_03.png[39m[0m
[  39% ] [90m[1m_update_scan_actions[22m | mini_plague_bellringer_skill_poison_pool_04.png[39m[0m
[  39% ] [90m[1m_update_scan_actions[22m | mini_plague_bellringer_skill_poison_pool_05.png[39m[0m
[  39% ] [90m[1m_update_scan_actions[22m | mini_rot_hound_attack_primary_00.png[39m[0m
[  39% ] [90m[1m_update_scan_actions[22m | mini_rot_hound_attack_primary_01.png[39m[0m
[  39% ] [90m[1m_update_scan_actions[22m | mini_rot_hound_attack_primary_02.png[39m[0m
[  39% ] [90m[1m_update_scan_actions[22m | mini_rot_hound_attack_primary_03.png[39m[0m
[  40% ] [90m[1m_update_scan_actions[22m | mini_rot_hound_attack_primary_04.png[39m[0m
[  40% ] [90m[1m_update_scan_actions[22m | mini_rot_hound_attack_primary_05.png[39m[0m
[  40% ] [90m[1m_update_scan_actions[22m | mini_rot_hound_death_00.png[39m[0m
[  40% ] [90m[1m_update_scan_actions[22m | mini_rot_hound_death_01.png[39m[0m
[  40% ] [90m[1m_update_scan_actions[22m | mini_rot_hound_death_02.png[39m[0m
[  40% ] [90m[1m_update_scan_actions[22m | mini_rot_hound_death_03.png[39m[0m
[  40% ] [90m[1m_update_scan_actions[22m | mini_rot_hound_death_04.png[39m[0m
[  40% ] [90m[1m_update_scan_actions[22m | mini_rot_hound_death_05.png[39m[0m
[  40% ] [90m[1m_update_scan_actions[22m | mini_rot_hound_death_row.png[39m[0m
[  40% ] [90m[1m_update_scan_actions[22m | mini_rot_hound_move_00.png[39m[0m
[  40% ] [90m[1m_update_scan_actions[22m | mini_rot_hound_move_01.png[39m[0m
[  40% ] [90m[1m_update_scan_actions[22m | mini_rot_hound_move_02.png[39m[0m
[  40% ] [90m[1m_update_scan_actions[22m | mini_rot_hound_move_03.png[39m[0m
[  40% ] [90m[1m_update_scan_actions[22m | mini_rot_hound_move_04.png[39m[0m
[  40% ] [90m[1m_update_scan_actions[22m | mini_rot_hound_move_05.png[39m[0m
[  40% ] [90m[1m_update_scan_actions[22m | mini_rot_hound_skill_bleed_howl_00.png[39m[0m
[  40% ] [90m[1m_update_scan_actions[22m | mini_rot_hound_skill_bleed_howl_01.png[39m[0m
[  40% ] [90m[1m_update_scan_actions[22m | mini_rot_hound_skill_bleed_howl_02.png[39m[0m
[  40% ] [90m[1m_update_scan_actions[22m | mini_rot_hound_skill_bleed_howl_03.png[39m[0m
[  40% ] [90m[1m_update_scan_actions[22m | mini_rot_hound_skill_bleed_howl_04.png[39m[0m
[  40% ] [90m[1m_update_scan_actions[22m | mini_rot_hound_skill_bleed_howl_05.png[39m[0m
[  40% ] [90m[1m_update_scan_actions[22m | mini_rot_hound_skill_rot_lunge_00.png[39m[0m
[  40% ] [90m[1m_update_scan_actions[22m | mini_rot_hound_skill_rot_lunge_01.png[39m[0m
[  40% ] [90m[1m_update_scan_actions[22m | mini_rot_hound_skill_rot_lunge_02.png[39m[0m
[  40% ] [90m[1m_update_scan_actions[22m | mini_rot_hound_skill_rot_lunge_03.png[39m[0m
[  40% ] [90m[1m_update_scan_actions[22m | mini_rot_hound_skill_rot_lunge_04.png[39m[0m
[  40% ] [90m[1m_update_scan_actions[22m | mini_rot_hound_skill_rot_lunge_05.png[39m[0m
[  40% ] [90m[1m_update_scan_actions[22m | mini_scavenger_reaper_attack_primary_00.png[39m[0m
[  40% ] [90m[1m_update_scan_actions[22m | mini_scavenger_reaper_attack_primary_01.png[39m[0m
[  40% ] [90m[1m_update_scan_actions[22m | mini_scavenger_reaper_attack_primary_02.png[39m[0m
[  40% ] [90m[1m_update_scan_actions[22m | mini_scavenger_reaper_attack_primary_03.png[39m[0m
[  40% ] [90m[1m_update_scan_actions[22m | mini_scavenger_reaper_attack_primary_04.png[39m[0m
[  40% ] [90m[1m_update_scan_actions[22m | mini_scavenger_reaper_attack_primary_05.png[39m[0m
[  40% ] [90m[1m_update_scan_actions[22m | mini_scavenger_reaper_death_00.png[39m[0m
[  40% ] [90m[1m_update_scan_actions[22m | mini_scavenger_reaper_death_01.png[39m[0m
[  40% ] [90m[1m_update_scan_actions[22m | mini_scavenger_reaper_death_02.png[39m[0m
[  40% ] [90m[1m_update_scan_actions[22m | mini_scavenger_reaper_death_03.png[39m[0m
[  40% ] [90m[1m_update_scan_actions[22m | mini_scavenger_reaper_death_04.png[39m[0m
[  40% ] [90m[1m_update_scan_actions[22m | mini_scavenger_reaper_death_05.png[39m[0m
[  40% ] [90m[1m_update_scan_actions[22m | mini_scavenger_reaper_death_row.png[39m[0m
[  41% ] [90m[1m_update_scan_actions[22m | mini_scavenger_reaper_move_00.png[39m[0m
[  41% ] [90m[1m_update_scan_actions[22m | mini_scavenger_reaper_move_01.png[39m[0m
[  41% ] [90m[1m_update_scan_actions[22m | mini_scavenger_reaper_move_02.png[39m[0m
[  41% ] [90m[1m_update_scan_actions[22m | mini_scavenger_reaper_move_03.png[39m[0m
[  41% ] [90m[1m_update_scan_actions[22m | mini_scavenger_reaper_move_04.png[39m[0m
[  41% ] [90m[1m_update_scan_actions[22m | mini_scavenger_reaper_move_05.png[39m[0m
[  41% ] [90m[1m_update_scan_actions[22m | mini_scavenger_reaper_skill_bleed_finish_00.png[39m[0m
[  41% ] [90m[1m_update_scan_actions[22m | mini_scavenger_reaper_skill_bleed_finish_01.png[39m[0m
[  41% ] [90m[1m_update_scan_actions[22m | mini_scavenger_reaper_skill_bleed_finish_02.png[39m[0m
[  41% ] [90m[1m_update_scan_actions[22m | mini_scavenger_reaper_skill_bleed_finish_03.png[39m[0m
[  41% ] [90m[1m_update_scan_actions[22m | mini_scavenger_reaper_skill_bleed_finish_04.png[39m[0m
[  41% ] [90m[1m_update_scan_actions[22m | mini_scavenger_reaper_skill_bleed_finish_05.png[39m[0m
[  41% ] [90m[1m_update_scan_actions[22m | mini_scavenger_reaper_skill_reaping_dash_00.png[39m[0m
[  41% ] [90m[1m_update_scan_actions[22m | mini_scavenger_reaper_skill_reaping_dash_01.png[39m[0m
[  41% ] [90m[1m_update_scan_actions[22m | mini_scavenger_reaper_skill_reaping_dash_02.png[39m[0m
[  41% ] [90m[1m_update_scan_actions[22m | mini_scavenger_reaper_skill_reaping_dash_03.png[39m[0m
[  41% ] [90m[1m_update_scan_actions[22m | mini_scavenger_reaper_skill_reaping_dash_04.png[39m[0m
[  41% ] [90m[1m_update_scan_actions[22m | mini_scavenger_reaper_skill_reaping_dash_05.png[39m[0m
[  41% ] [90m[1m_update_scan_actions[22m | mini_shadow_devourer_attack_primary_00.png[39m[0m
[  41% ] [90m[1m_update_scan_actions[22m | mini_shadow_devourer_attack_primary_01.png[39m[0m
[  41% ] [90m[1m_update_scan_actions[22m | mini_shadow_devourer_attack_primary_02.png[39m[0m
[  41% ] [90m[1m_update_scan_actions[22m | mini_shadow_devourer_attack_primary_03.png[39m[0m
[  41% ] [90m[1m_update_scan_actions[22m | mini_shadow_devourer_attack_primary_04.png[39m[0m
[  41% ] [90m[1m_update_scan_actions[22m | mini_shadow_devourer_attack_primary_05.png[39m[0m
[  41% ] [90m[1m_update_scan_actions[22m | mini_shadow_devourer_death_00.png[39m[0m
[  41% ] [90m[1m_update_scan_actions[22m | mini_shadow_devourer_death_01.png[39m[0m
[  41% ] [90m[1m_update_scan_actions[22m | mini_shadow_devourer_death_02.png[39m[0m
[  41% ] [90m[1m_update_scan_actions[22m | mini_shadow_devourer_death_03.png[39m[0m
[  41% ] [90m[1m_update_scan_actions[22m | mini_shadow_devourer_death_04.png[39m[0m
[  41% ] [90m[1m_update_scan_actions[22m | mini_shadow_devourer_death_05.png[39m[0m
[  41% ] [90m[1m_update_scan_actions[22m | mini_shadow_devourer_death_row.png[39m[0m
[  41% ] [90m[1m_update_scan_actions[22m | mini_shadow_devourer_move_00.png[39m[0m
[  41% ] [90m[1m_update_scan_actions[22m | mini_shadow_devourer_move_01.png[39m[0m
[  41% ] [90m[1m_update_scan_actions[22m | mini_shadow_devourer_move_02.png[39m[0m
[  41% ] [90m[1m_update_scan_actions[22m | mini_shadow_devourer_move_03.png[39m[0m
[  41% ] [90m[1m_update_scan_actions[22m | mini_shadow_devourer_move_04.png[39m[0m
[  41% ] [90m[1m_update_scan_actions[22m | mini_shadow_devourer_move_05.png[39m[0m
[  41% ] [90m[1m_update_scan_actions[22m | mini_shadow_devourer_skill_devour_bite_00.png[39m[0m
[  41% ] [90m[1m_update_scan_actions[22m | mini_shadow_devourer_skill_devour_bite_01.png[39m[0m
[  41% ] [90m[1m_update_scan_actions[22m | mini_shadow_devourer_skill_devour_bite_02.png[39m[0m
[  42% ] [90m[1m_update_scan_actions[22m | mini_shadow_devourer_skill_devour_bite_03.png[39m[0m
[  42% ] [90m[1m_update_scan_actions[22m | mini_shadow_devourer_skill_devour_bite_04.png[39m[0m
[  42% ] [90m[1m_update_scan_actions[22m | mini_shadow_devourer_skill_devour_bite_05.png[39m[0m
[  42% ] [90m[1m_update_scan_actions[22m | mini_shadow_devourer_skill_shadow_blink_00.png[39m[0m
[  42% ] [90m[1m_update_scan_actions[22m | mini_shadow_devourer_skill_shadow_blink_01.png[39m[0m
[  42% ] [90m[1m_update_scan_actions[22m | mini_shadow_devourer_skill_shadow_blink_02.png[39m[0m
[  42% ] [90m[1m_update_scan_actions[22m | mini_shadow_devourer_skill_shadow_blink_03.png[39m[0m
[  42% ] [90m[1m_update_scan_actions[22m | mini_shadow_devourer_skill_shadow_blink_04.png[39m[0m
[  42% ] [90m[1m_update_scan_actions[22m | mini_shadow_devourer_skill_shadow_blink_05.png[39m[0m
[  42% ] [90m[1m_update_scan_actions[22m | mini_spark_wight_attack_primary_00.png[39m[0m
[  42% ] [90m[1m_update_scan_actions[22m | mini_spark_wight_attack_primary_01.png[39m[0m
[  42% ] [90m[1m_update_scan_actions[22m | mini_spark_wight_attack_primary_02.png[39m[0m
[  42% ] [90m[1m_update_scan_actions[22m | mini_spark_wight_attack_primary_03.png[39m[0m
[  42% ] [90m[1m_update_scan_actions[22m | mini_spark_wight_attack_primary_04.png[39m[0m
[  42% ] [90m[1m_update_scan_actions[22m | mini_spark_wight_attack_primary_05.png[39m[0m
[  42% ] [90m[1m_update_scan_actions[22m | mini_spark_wight_death_00.png[39m[0m
[  42% ] [90m[1m_update_scan_actions[22m | mini_spark_wight_death_01.png[39m[0m
[  42% ] [90m[1m_update_scan_actions[22m | mini_spark_wight_death_02.png[39m[0m
[  42% ] [90m[1m_update_scan_actions[22m | mini_spark_wight_death_03.png[39m[0m
[  42% ] [90m[1m_update_scan_actions[22m | mini_spark_wight_death_04.png[39m[0m
[  42% ] [90m[1m_update_scan_actions[22m | mini_spark_wight_death_05.png[39m[0m
[  42% ] [90m[1m_update_scan_actions[22m | mini_spark_wight_death_row.png[39m[0m
[  42% ] [90m[1m_update_scan_actions[22m | mini_spark_wight_move_00.png[39m[0m
[  42% ] [90m[1m_update_scan_actions[22m | mini_spark_wight_move_01.png[39m[0m
[  42% ] [90m[1m_update_scan_actions[22m | mini_spark_wight_move_02.png[39m[0m
[  42% ] [90m[1m_update_scan_actions[22m | mini_spark_wight_move_03.png[39m[0m
[  42% ] [90m[1m_update_scan_actions[22m | mini_spark_wight_move_04.png[39m[0m
[  42% ] [90m[1m_update_scan_actions[22m | mini_spark_wight_move_05.png[39m[0m
[  42% ] [90m[1m_update_scan_actions[22m | mini_spark_wight_skill_spark_fan_00.png[39m[0m
[  42% ] [90m[1m_update_scan_actions[22m | mini_spark_wight_skill_spark_fan_01.png[39m[0m
[  42% ] [90m[1m_update_scan_actions[22m | mini_spark_wight_skill_spark_fan_02.png[39m[0m
[  42% ] [90m[1m_update_scan_actions[22m | mini_spark_wight_skill_spark_fan_03.png[39m[0m
[  42% ] [90m[1m_update_scan_actions[22m | mini_spark_wight_skill_spark_fan_04.png[39m[0m
[  42% ] [90m[1m_update_scan_actions[22m | mini_spark_wight_skill_spark_fan_05.png[39m[0m
[  42% ] [90m[1m_update_scan_actions[22m | mini_spark_wight_skill_static_field_00.png[39m[0m
[  42% ] [90m[1m_update_scan_actions[22m | mini_spark_wight_skill_static_field_01.png[39m[0m
[  42% ] [90m[1m_update_scan_actions[22m | mini_spark_wight_skill_static_field_02.png[39m[0m
[  42% ] [90m[1m_update_scan_actions[22m | mini_spark_wight_skill_static_field_03.png[39m[0m
[  42% ] [90m[1m_update_scan_actions[22m | mini_spark_wight_skill_static_field_04.png[39m[0m
[  43% ] [90m[1m_update_scan_actions[22m | mini_spark_wight_skill_static_field_05.png[39m[0m
[  43% ] [90m[1m_update_scan_actions[22m | night_stalker_attack_primary_00.png[39m[0m
[  43% ] [90m[1m_update_scan_actions[22m | night_stalker_attack_primary_01.png[39m[0m
[  43% ] [90m[1m_update_scan_actions[22m | night_stalker_attack_primary_02.png[39m[0m
[  43% ] [90m[1m_update_scan_actions[22m | night_stalker_attack_primary_03.png[39m[0m
[  43% ] [90m[1m_update_scan_actions[22m | night_stalker_attack_primary_04.png[39m[0m
[  43% ] [90m[1m_update_scan_actions[22m | night_stalker_attack_primary_05.png[39m[0m
[  43% ] [90m[1m_update_scan_actions[22m | night_stalker_death_00.png[39m[0m
[  43% ] [90m[1m_update_scan_actions[22m | night_stalker_death_01.png[39m[0m
[  43% ] [90m[1m_update_scan_actions[22m | night_stalker_death_02.png[39m[0m
[  43% ] [90m[1m_update_scan_actions[22m | night_stalker_death_03.png[39m[0m
[  43% ] [90m[1m_update_scan_actions[22m | night_stalker_death_04.png[39m[0m
[  43% ] [90m[1m_update_scan_actions[22m | night_stalker_death_05.png[39m[0m
[  43% ] [90m[1m_update_scan_actions[22m | night_stalker_death_row.png[39m[0m
[  43% ] [90m[1m_update_scan_actions[22m | night_stalker_move_00.png[39m[0m
[  43% ] [90m[1m_update_scan_actions[22m | night_stalker_move_01.png[39m[0m
[  43% ] [90m[1m_update_scan_actions[22m | night_stalker_move_02.png[39m[0m
[  43% ] [90m[1m_update_scan_actions[22m | night_stalker_move_03.png[39m[0m
[  43% ] [90m[1m_update_scan_actions[22m | night_stalker_move_04.png[39m[0m
[  43% ] [90m[1m_update_scan_actions[22m | night_stalker_move_05.png[39m[0m
[  43% ] [90m[1m_update_scan_actions[22m | night_stalker_skill_phase_dash_00.png[39m[0m
[  43% ] [90m[1m_update_scan_actions[22m | night_stalker_skill_phase_dash_01.png[39m[0m
[  43% ] [90m[1m_update_scan_actions[22m | night_stalker_skill_phase_dash_02.png[39m[0m
[  43% ] [90m[1m_update_scan_actions[22m | night_stalker_skill_phase_dash_03.png[39m[0m
[  43% ] [90m[1m_update_scan_actions[22m | night_stalker_skill_phase_dash_04.png[39m[0m
[  43% ] [90m[1m_update_scan_actions[22m | night_stalker_skill_phase_dash_05.png[39m[0m
[  43% ] [90m[1m_update_scan_actions[22m | night_stalker_skill_shadow_strike_00.png[39m[0m
[  43% ] [90m[1m_update_scan_actions[22m | night_stalker_skill_shadow_strike_01.png[39m[0m
[  43% ] [90m[1m_update_scan_actions[22m | night_stalker_skill_shadow_strike_02.png[39m[0m
[  43% ] [90m[1m_update_scan_actions[22m | night_stalker_skill_shadow_strike_03.png[39m[0m
[  43% ] [90m[1m_update_scan_actions[22m | night_stalker_skill_shadow_strike_04.png[39m[0m
[  43% ] [90m[1m_update_scan_actions[22m | night_stalker_skill_shadow_strike_05.png[39m[0m
[  43% ] [90m[1m_update_scan_actions[22m | plague_prophet_attack_primary_00.png[39m[0m
[  43% ] [90m[1m_update_scan_actions[22m | plague_prophet_attack_primary_01.png[39m[0m
[  43% ] [90m[1m_update_scan_actions[22m | plague_prophet_attack_primary_02.png[39m[0m
[  43% ] [90m[1m_update_scan_actions[22m | plague_prophet_attack_primary_03.png[39m[0m
[  43% ] [90m[1m_update_scan_actions[22m | plague_prophet_attack_primary_04.png[39m[0m
[  43% ] [90m[1m_update_scan_actions[22m | plague_prophet_attack_primary_05.png[39m[0m
[  43% ] [90m[1m_update_scan_actions[22m | plague_prophet_death_00.png[39m[0m
[  43% ] [90m[1m_update_scan_actions[22m | plague_prophet_death_01.png[39m[0m
[  44% ] [90m[1m_update_scan_actions[22m | plague_prophet_death_02.png[39m[0m
[  44% ] [90m[1m_update_scan_actions[22m | plague_prophet_death_03.png[39m[0m
[  44% ] [90m[1m_update_scan_actions[22m | plague_prophet_death_04.png[39m[0m
[  44% ] [90m[1m_update_scan_actions[22m | plague_prophet_death_05.png[39m[0m
[  44% ] [90m[1m_update_scan_actions[22m | plague_prophet_death_row.png[39m[0m
[  44% ] [90m[1m_update_scan_actions[22m | plague_prophet_move_00.png[39m[0m
[  44% ] [90m[1m_update_scan_actions[22m | plague_prophet_move_01.png[39m[0m
[  44% ] [90m[1m_update_scan_actions[22m | plague_prophet_move_02.png[39m[0m
[  44% ] [90m[1m_update_scan_actions[22m | plague_prophet_move_03.png[39m[0m
[  44% ] [90m[1m_update_scan_actions[22m | plague_prophet_move_04.png[39m[0m
[  44% ] [90m[1m_update_scan_actions[22m | plague_prophet_move_05.png[39m[0m
[  44% ] [90m[1m_update_scan_actions[22m | plague_prophet_skill_plague_aura_00.png[39m[0m
[  44% ] [90m[1m_update_scan_actions[22m | plague_prophet_skill_plague_aura_01.png[39m[0m
[  44% ] [90m[1m_update_scan_actions[22m | plague_prophet_skill_plague_aura_02.png[39m[0m
[  44% ] [90m[1m_update_scan_actions[22m | plague_prophet_skill_plague_aura_03.png[39m[0m
[  44% ] [90m[1m_update_scan_actions[22m | plague_prophet_skill_plague_aura_04.png[39m[0m
[  44% ] [90m[1m_update_scan_actions[22m | plague_prophet_skill_plague_aura_05.png[39m[0m
[  44% ] [90m[1m_update_scan_actions[22m | plague_prophet_skill_poison_volley_00.png[39m[0m
[  44% ] [90m[1m_update_scan_actions[22m | plague_prophet_skill_poison_volley_01.png[39m[0m
[  44% ] [90m[1m_update_scan_actions[22m | plague_prophet_skill_poison_volley_02.png[39m[0m
[  44% ] [90m[1m_update_scan_actions[22m | plague_prophet_skill_poison_volley_03.png[39m[0m
[  44% ] [90m[1m_update_scan_actions[22m | plague_prophet_skill_poison_volley_04.png[39m[0m
[  44% ] [90m[1m_update_scan_actions[22m | plague_prophet_skill_poison_volley_05.png[39m[0m
[  44% ] [90m[1m_update_scan_actions[22m | shard_marshal_attack_primary_00.png[39m[0m
[  44% ] [90m[1m_update_scan_actions[22m | shard_marshal_attack_primary_01.png[39m[0m
[  44% ] [90m[1m_update_scan_actions[22m | shard_marshal_attack_primary_02.png[39m[0m
[  44% ] [90m[1m_update_scan_actions[22m | shard_marshal_attack_primary_03.png[39m[0m
[  44% ] [90m[1m_update_scan_actions[22m | shard_marshal_attack_primary_04.png[39m[0m
[  44% ] [90m[1m_update_scan_actions[22m | shard_marshal_attack_primary_05.png[39m[0m
[  44% ] [90m[1m_update_scan_actions[22m | shard_marshal_death_00.png[39m[0m
[  44% ] [90m[1m_update_scan_actions[22m | shard_marshal_death_01.png[39m[0m
[  44% ] [90m[1m_update_scan_actions[22m | shard_marshal_death_02.png[39m[0m
[  44% ] [90m[1m_update_scan_actions[22m | shard_marshal_death_03.png[39m[0m
[  44% ] [90m[1m_update_scan_actions[22m | shard_marshal_death_04.png[39m[0m
[  44% ] [90m[1m_update_scan_actions[22m | shard_marshal_death_05.png[39m[0m
[  44% ] [90m[1m_update_scan_actions[22m | shard_marshal_death_row.png[39m[0m
[  44% ] [90m[1m_update_scan_actions[22m | shard_marshal_move_00.png[39m[0m
[  44% ] [90m[1m_update_scan_actions[22m | shard_marshal_move_01.png[39m[0m
[  44% ] [90m[1m_update_scan_actions[22m | shard_marshal_move_02.png[39m[0m
[  45% ] [90m[1m_update_scan_actions[22m | shard_marshal_move_03.png[39m[0m
[  45% ] [90m[1m_update_scan_actions[22m | shard_marshal_move_04.png[39m[0m
[  45% ] [90m[1m_update_scan_actions[22m | shard_marshal_move_05.png[39m[0m
[  45% ] [90m[1m_update_scan_actions[22m | shard_marshal_skill_command_pulse_00.png[39m[0m
[  45% ] [90m[1m_update_scan_actions[22m | shard_marshal_skill_command_pulse_01.png[39m[0m
[  45% ] [90m[1m_update_scan_actions[22m | shard_marshal_skill_command_pulse_02.png[39m[0m
[  45% ] [90m[1m_update_scan_actions[22m | shard_marshal_skill_command_pulse_03.png[39m[0m
[  45% ] [90m[1m_update_scan_actions[22m | shard_marshal_skill_command_pulse_04.png[39m[0m
[  45% ] [90m[1m_update_scan_actions[22m | shard_marshal_skill_command_pulse_05.png[39m[0m
[  45% ] [90m[1m_update_scan_actions[22m | shard_marshal_skill_shard_fan_00.png[39m[0m
[  45% ] [90m[1m_update_scan_actions[22m | shard_marshal_skill_shard_fan_01.png[39m[0m
[  45% ] [90m[1m_update_scan_actions[22m | shard_marshal_skill_shard_fan_02.png[39m[0m
[  45% ] [90m[1m_update_scan_actions[22m | shard_marshal_skill_shard_fan_03.png[39m[0m
[  45% ] [90m[1m_update_scan_actions[22m | shard_marshal_skill_shard_fan_04.png[39m[0m
[  45% ] [90m[1m_update_scan_actions[22m | shard_marshal_skill_shard_fan_05.png[39m[0m
[  45% ] [90m[1m_update_scan_actions[22m | iron_bastion_full_frame_sheet.png[39m[0m
[  45% ] [90m[1m_update_scan_actions[22m | mini_bone_warden_full_frame_sheet.png[39m[0m
[  45% ] [90m[1m_update_scan_actions[22m | mini_plague_bellringer_full_frame_sheet.png[39m[0m
[  45% ] [90m[1m_update_scan_actions[22m | mini_rot_hound_full_frame_sheet.png[39m[0m
[  45% ] [90m[1m_update_scan_actions[22m | mini_scavenger_reaper_full_frame_sheet.png[39m[0m
[  45% ] [90m[1m_update_scan_actions[22m | mini_shadow_devourer_full_frame_sheet.png[39m[0m
[  45% ] [90m[1m_update_scan_actions[22m | mini_spark_wight_full_frame_sheet.png[39m[0m
[  45% ] [90m[1m_update_scan_actions[22m | night_stalker_full_frame_sheet.png[39m[0m
[  45% ] [90m[1m_update_scan_actions[22m | plague_prophet_full_frame_sheet.png[39m[0m
[  45% ] [90m[1m_update_scan_actions[22m | shard_marshal_full_frame_sheet.png[39m[0m
[  45% ] [90m[1m_update_scan_actions[22m | iron_bastion.png[39m[0m
[  45% ] [90m[1m_update_scan_actions[22m | mini_bone_warden.png[39m[0m
[  45% ] [90m[1m_update_scan_actions[22m | mini_plague_bellringer.png[39m[0m
[  45% ] [90m[1m_update_scan_actions[22m | mini_rot_hound.png[39m[0m
[  45% ] [90m[1m_update_scan_actions[22m | mini_scavenger_reaper.png[39m[0m
[  45% ] [90m[1m_update_scan_actions[22m | mini_shadow_devourer.png[39m[0m
[  45% ] [90m[1m_update_scan_actions[22m | mini_spark_wight.png[39m[0m
[  45% ] [90m[1m_update_scan_actions[22m | night_stalker.png[39m[0m
[  45% ] [90m[1m_update_scan_actions[22m | plague_prophet.png[39m[0m
[  45% ] [90m[1m_update_scan_actions[22m | shard_marshal.png[39m[0m
[  45% ] [90m[1m_update_scan_actions[22m | ash_marksman_leg_l.png[39m[0m
[  45% ] [90m[1m_update_scan_actions[22m | ash_marksman_leg_r.png[39m[0m
[  45% ] [90m[1m_update_scan_actions[22m | ash_marksman_torso.png[39m[0m
[  45% ] [90m[1m_update_scan_actions[22m | ash_marksman_weapon.png[39m[0m
[  45% ] [90m[1m_update_scan_actions[22m | bone_caller_arm_l.png[39m[0m
[  46% ] [90m[1m_update_scan_actions[22m | bone_caller_arm_r.png[39m[0m
[  46% ] [90m[1m_update_scan_actions[22m | bone_caller_torso.png[39m[0m
[  46% ] [90m[1m_update_scan_actions[22m | bone_shaman_arm_l.png[39m[0m
[  46% ] [90m[1m_update_scan_actions[22m | bone_shaman_arm_r.png[39m[0m
[  46% ] [90m[1m_update_scan_actions[22m | bone_shaman_torso.png[39m[0m
[  46% ] [90m[1m_update_scan_actions[22m | rift_cutter_arm_l.png[39m[0m
[  46% ] [90m[1m_update_scan_actions[22m | rift_cutter_arm_r.png[39m[0m
[  46% ] [90m[1m_update_scan_actions[22m | rift_cutter_leg_l.png[39m[0m
[  46% ] [90m[1m_update_scan_actions[22m | rift_cutter_leg_r.png[39m[0m
[  46% ] [90m[1m_update_scan_actions[22m | rift_cutter_torso.png[39m[0m
[  46% ] [90m[1m_update_scan_actions[22m | rift_shieldbearer_arm_l.png[39m[0m
[  46% ] [90m[1m_update_scan_actions[22m | rift_shieldbearer_leg_l.png[39m[0m
[  46% ] [90m[1m_update_scan_actions[22m | rift_shieldbearer_leg_r.png[39m[0m
[  46% ] [90m[1m_update_scan_actions[22m | rift_shieldbearer_shield.png[39m[0m
[  46% ] [90m[1m_update_scan_actions[22m | rift_shieldbearer_torso.png[39m[0m
[  46% ] [90m[1m_update_scan_actions[22m | small_biter_arm_l.png[39m[0m
[  46% ] [90m[1m_update_scan_actions[22m | small_biter_arm_r.png[39m[0m
[  46% ] [90m[1m_update_scan_actions[22m | small_biter_leg_r.png[39m[0m
[  46% ] [90m[1m_update_scan_actions[22m | small_biter_torso.png[39m[0m
[  46% ] [90m[1m_update_scan_actions[22m | spark_runner_arm_l.png[39m[0m
[  46% ] [90m[1m_update_scan_actions[22m | spark_runner_arm_r.png[39m[0m
[  46% ] [90m[1m_update_scan_actions[22m | spark_runner_leg_l.png[39m[0m
[  46% ] [90m[1m_update_scan_actions[22m | spark_runner_tail.png[39m[0m
[  46% ] [90m[1m_update_scan_actions[22m | spark_runner_torso.png[39m[0m
[  46% ] [90m[1m_update_scan_actions[22m | stone_bruiser_arm_l.png[39m[0m
[  46% ] [90m[1m_update_scan_actions[22m | stone_bruiser_arm_r.png[39m[0m
[  46% ] [90m[1m_update_scan_actions[22m | stone_bruiser_leg_l.png[39m[0m
[  46% ] [90m[1m_update_scan_actions[22m | stone_bruiser_leg_r.png[39m[0m
[  46% ] [90m[1m_update_scan_actions[22m | stone_bruiser_torso.png[39m[0m
[  46% ] [90m[1m_update_scan_actions[22m | venom_spitter_leg_l.png[39m[0m
[  46% ] [90m[1m_update_scan_actions[22m | venom_spitter_leg_r.png[39m[0m
[  46% ] [90m[1m_update_scan_actions[22m | venom_spitter_torso.png[39m[0m
[  46% ] [90m[1m_update_scan_actions[22m | void_mage_arm_l.png[39m[0m
[  46% ] [90m[1m_update_scan_actions[22m | void_mage_arm_r.png[39m[0m
[  46% ] [90m[1m_update_scan_actions[22m | void_mage_torso.png[39m[0m
[  46% ] [90m[1m_update_scan_actions[22m | winged_spark_arm_l.png[39m[0m
[  46% ] [90m[1m_update_scan_actions[22m | winged_spark_arm_r.png[39m[0m
[  46% ] [90m[1m_update_scan_actions[22m | winged_spark_leg_l.png[39m[0m
[  46% ] [90m[1m_update_scan_actions[22m | winged_spark_leg_r.png[39m[0m
[  47% ] [90m[1m_update_scan_actions[22m | winged_spark_torso.png[39m[0m
[  47% ] [90m[1m_update_scan_actions[22m | winged_spark_wing_l.png[39m[0m
[  47% ] [90m[1m_update_scan_actions[22m | winged_spark_wing_r.png[39m[0m
[  47% ] [90m[1m_update_scan_actions[22m | ash_marksman_attack_primary_00.png[39m[0m
[  47% ] [90m[1m_update_scan_actions[22m | ash_marksman_attack_primary_01.png[39m[0m
[  47% ] [90m[1m_update_scan_actions[22m | ash_marksman_attack_primary_02.png[39m[0m
[  47% ] [90m[1m_update_scan_actions[22m | ash_marksman_attack_primary_03.png[39m[0m
[  47% ] [90m[1m_update_scan_actions[22m | ash_marksman_attack_primary_04.png[39m[0m
[  47% ] [90m[1m_update_scan_actions[22m | ash_marksman_attack_primary_05.png[39m[0m
[  47% ] [90m[1m_update_scan_actions[22m | ash_marksman_death_00.png[39m[0m
[  47% ] [90m[1m_update_scan_actions[22m | ash_marksman_death_01.png[39m[0m
[  47% ] [90m[1m_update_scan_actions[22m | ash_marksman_death_02.png[39m[0m
[  47% ] [90m[1m_update_scan_actions[22m | ash_marksman_death_03.png[39m[0m
[  47% ] [90m[1m_update_scan_actions[22m | ash_marksman_death_04.png[39m[0m
[  47% ] [90m[1m_update_scan_actions[22m | ash_marksman_death_05.png[39m[0m
[  47% ] [90m[1m_update_scan_actions[22m | ash_marksman_hit_00.png[39m[0m
[  47% ] [90m[1m_update_scan_actions[22m | ash_marksman_hit_01.png[39m[0m
[  47% ] [90m[1m_update_scan_actions[22m | ash_marksman_hit_02.png[39m[0m
[  47% ] [90m[1m_update_scan_actions[22m | ash_marksman_hit_03.png[39m[0m
[  47% ] [90m[1m_update_scan_actions[22m | ash_marksman_hit_04.png[39m[0m
[  47% ] [90m[1m_update_scan_actions[22m | ash_marksman_hit_05.png[39m[0m
[  47% ] [90m[1m_update_scan_actions[22m | ash_marksman_move_00.png[39m[0m
[  47% ] [90m[1m_update_scan_actions[22m | ash_marksman_move_01.png[39m[0m
[  47% ] [90m[1m_update_scan_actions[22m | ash_marksman_move_02.png[39m[0m
[  47% ] [90m[1m_update_scan_actions[22m | ash_marksman_move_03.png[39m[0m
[  47% ] [90m[1m_update_scan_actions[22m | ash_marksman_move_04.png[39m[0m
[  47% ] [90m[1m_update_scan_actions[22m | ash_marksman_move_05.png[39m[0m
[  47% ] [90m[1m_update_scan_actions[22m | bone_caller_attack_primary_00.png[39m[0m
[  47% ] [90m[1m_update_scan_actions[22m | bone_caller_attack_primary_01.png[39m[0m
[  47% ] [90m[1m_update_scan_actions[22m | bone_caller_attack_primary_02.png[39m[0m
[  47% ] [90m[1m_update_scan_actions[22m | bone_caller_attack_primary_03.png[39m[0m
[  47% ] [90m[1m_update_scan_actions[22m | bone_caller_attack_primary_04.png[39m[0m
[  47% ] [90m[1m_update_scan_actions[22m | bone_caller_attack_primary_05.png[39m[0m
[  47% ] [90m[1m_update_scan_actions[22m | bone_caller_death_00.png[39m[0m
[  47% ] [90m[1m_update_scan_actions[22m | bone_caller_death_01.png[39m[0m
[  47% ] [90m[1m_update_scan_actions[22m | bone_caller_death_02.png[39m[0m
[  47% ] [90m[1m_update_scan_actions[22m | bone_caller_death_03.png[39m[0m
[  47% ] [90m[1m_update_scan_actions[22m | bone_caller_death_04.png[39m[0m
[  47% ] [90m[1m_update_scan_actions[22m | bone_caller_death_05.png[39m[0m
[  47% ] [90m[1m_update_scan_actions[22m | bone_caller_hit_00.png[39m[0m
[  48% ] [90m[1m_update_scan_actions[22m | bone_caller_hit_01.png[39m[0m
[  48% ] [90m[1m_update_scan_actions[22m | bone_caller_hit_02.png[39m[0m
[  48% ] [90m[1m_update_scan_actions[22m | bone_caller_hit_03.png[39m[0m
[  48% ] [90m[1m_update_scan_actions[22m | bone_caller_hit_04.png[39m[0m
[  48% ] [90m[1m_update_scan_actions[22m | bone_caller_hit_05.png[39m[0m
[  48% ] [90m[1m_update_scan_actions[22m | bone_caller_move_00.png[39m[0m
[  48% ] [90m[1m_update_scan_actions[22m | bone_caller_move_01.png[39m[0m
[  48% ] [90m[1m_update_scan_actions[22m | bone_caller_move_02.png[39m[0m
[  48% ] [90m[1m_update_scan_actions[22m | bone_caller_move_03.png[39m[0m
[  48% ] [90m[1m_update_scan_actions[22m | bone_caller_move_04.png[39m[0m
[  48% ] [90m[1m_update_scan_actions[22m | bone_caller_move_05.png[39m[0m
[  48% ] [90m[1m_update_scan_actions[22m | bone_shaman_attack_primary_00.png[39m[0m
[  48% ] [90m[1m_update_scan_actions[22m | bone_shaman_attack_primary_01.png[39m[0m
[  48% ] [90m[1m_update_scan_actions[22m | bone_shaman_attack_primary_02.png[39m[0m
[  48% ] [90m[1m_update_scan_actions[22m | bone_shaman_attack_primary_03.png[39m[0m
[  48% ] [90m[1m_update_scan_actions[22m | bone_shaman_attack_primary_04.png[39m[0m
[  48% ] [90m[1m_update_scan_actions[22m | bone_shaman_attack_primary_05.png[39m[0m
[  48% ] [90m[1m_update_scan_actions[22m | bone_shaman_death_00.png[39m[0m
[  48% ] [90m[1m_update_scan_actions[22m | bone_shaman_death_01.png[39m[0m
[  48% ] [90m[1m_update_scan_actions[22m | bone_shaman_death_02.png[39m[0m
[  48% ] [90m[1m_update_scan_actions[22m | bone_shaman_death_03.png[39m[0m
[  48% ] [90m[1m_update_scan_actions[22m | bone_shaman_death_04.png[39m[0m
[  48% ] [90m[1m_update_scan_actions[22m | bone_shaman_death_05.png[39m[0m
[  48% ] [90m[1m_update_scan_actions[22m | bone_shaman_hit_00.png[39m[0m
[  48% ] [90m[1m_update_scan_actions[22m | bone_shaman_hit_01.png[39m[0m
[  48% ] [90m[1m_update_scan_actions[22m | bone_shaman_hit_02.png[39m[0m
[  48% ] [90m[1m_update_scan_actions[22m | bone_shaman_hit_03.png[39m[0m
[  48% ] [90m[1m_update_scan_actions[22m | bone_shaman_hit_04.png[39m[0m
[  48% ] [90m[1m_update_scan_actions[22m | bone_shaman_hit_05.png[39m[0m
[  48% ] [90m[1m_update_scan_actions[22m | bone_shaman_move_00.png[39m[0m
[  48% ] [90m[1m_update_scan_actions[22m | bone_shaman_move_01.png[39m[0m
[  48% ] [90m[1m_update_scan_actions[22m | bone_shaman_move_02.png[39m[0m
[  48% ] [90m[1m_update_scan_actions[22m | bone_shaman_move_03.png[39m[0m
[  48% ] [90m[1m_update_scan_actions[22m | bone_shaman_move_04.png[39m[0m
[  48% ] [90m[1m_update_scan_actions[22m | bone_shaman_move_05.png[39m[0m
[  48% ] [90m[1m_update_scan_actions[22m | rift_cutter_attack_primary_00.png[39m[0m
[  48% ] [90m[1m_update_scan_actions[22m | rift_cutter_attack_primary_01.png[39m[0m
[  48% ] [90m[1m_update_scan_actions[22m | rift_cutter_attack_primary_02.png[39m[0m
[  48% ] [90m[1m_update_scan_actions[22m | rift_cutter_attack_primary_03.png[39m[0m
[  49% ] [90m[1m_update_scan_actions[22m | rift_cutter_attack_primary_04.png[39m[0m
[  49% ] [90m[1m_update_scan_actions[22m | rift_cutter_attack_primary_05.png[39m[0m
[  49% ] [90m[1m_update_scan_actions[22m | rift_cutter_death_00.png[39m[0m
[  49% ] [90m[1m_update_scan_actions[22m | rift_cutter_death_01.png[39m[0m
[  49% ] [90m[1m_update_scan_actions[22m | rift_cutter_death_02.png[39m[0m
[  49% ] [90m[1m_update_scan_actions[22m | rift_cutter_death_03.png[39m[0m
[  49% ] [90m[1m_update_scan_actions[22m | rift_cutter_death_04.png[39m[0m
[  49% ] [90m[1m_update_scan_actions[22m | rift_cutter_death_05.png[39m[0m
[  49% ] [90m[1m_update_scan_actions[22m | rift_cutter_hit_00.png[39m[0m
[  49% ] [90m[1m_update_scan_actions[22m | rift_cutter_hit_01.png[39m[0m
[  49% ] [90m[1m_update_scan_actions[22m | rift_cutter_hit_02.png[39m[0m
[  49% ] [90m[1m_update_scan_actions[22m | rift_cutter_hit_03.png[39m[0m
[  49% ] [90m[1m_update_scan_actions[22m | rift_cutter_hit_04.png[39m[0m
[  49% ] [90m[1m_update_scan_actions[22m | rift_cutter_hit_05.png[39m[0m
[  49% ] [90m[1m_update_scan_actions[22m | rift_cutter_move_00.png[39m[0m
[  49% ] [90m[1m_update_scan_actions[22m | rift_cutter_move_01.png[39m[0m
[  49% ] [90m[1m_update_scan_actions[22m | rift_cutter_move_02.png[39m[0m
[  49% ] [90m[1m_update_scan_actions[22m | rift_cutter_move_03.png[39m[0m
[  49% ] [90m[1m_update_scan_actions[22m | rift_cutter_move_04.png[39m[0m
[  49% ] [90m[1m_update_scan_actions[22m | rift_cutter_move_05.png[39m[0m
[  49% ] [90m[1m_update_scan_actions[22m | rift_shieldbearer_attack_primary_00.png[39m[0m
[  49% ] [90m[1m_update_scan_actions[22m | rift_shieldbearer_attack_primary_01.png[39m[0m
[  49% ] [90m[1m_update_scan_actions[22m | rift_shieldbearer_attack_primary_02.png[39m[0m
[  49% ] [90m[1m_update_scan_actions[22m | rift_shieldbearer_attack_primary_03.png[39m[0m
[  49% ] [90m[1m_update_scan_actions[22m | rift_shieldbearer_attack_primary_04.png[39m[0m
[  49% ] [90m[1m_update_scan_actions[22m | rift_shieldbearer_attack_primary_05.png[39m[0m
[  49% ] [90m[1m_update_scan_actions[22m | rift_shieldbearer_death_00.png[39m[0m
[  49% ] [90m[1m_update_scan_actions[22m | rift_shieldbearer_death_01.png[39m[0m
[  49% ] [90m[1m_update_scan_actions[22m | rift_shieldbearer_death_02.png[39m[0m
[  49% ] [90m[1m_update_scan_actions[22m | rift_shieldbearer_death_03.png[39m[0m
[  49% ] [90m[1m_update_scan_actions[22m | rift_shieldbearer_death_04.png[39m[0m
[  49% ] [90m[1m_update_scan_actions[22m | rift_shieldbearer_death_05.png[39m[0m
[  49% ] [90m[1m_update_scan_actions[22m | rift_shieldbearer_hit_00.png[39m[0m
[  49% ] [90m[1m_update_scan_actions[22m | rift_shieldbearer_hit_01.png[39m[0m
[  49% ] [90m[1m_update_scan_actions[22m | rift_shieldbearer_hit_02.png[39m[0m
[  49% ] [90m[1m_update_scan_actions[22m | rift_shieldbearer_hit_03.png[39m[0m
[  49% ] [90m[1m_update_scan_actions[22m | rift_shieldbearer_hit_04.png[39m[0m
[  49% ] [90m[1m_update_scan_actions[22m | rift_shieldbearer_hit_05.png[39m[0m
[  49% ] [90m[1m_update_scan_actions[22m | rift_shieldbearer_move_00.png[39m[0m
[  49% ] [90m[1m_update_scan_actions[22m | rift_shieldbearer_move_01.png[39m[0m
[  50% ] [90m[1m_update_scan_actions[22m | rift_shieldbearer_move_02.png[39m[0m
[  50% ] [90m[1m_update_scan_actions[22m | rift_shieldbearer_move_03.png[39m[0m
[  50% ] [90m[1m_update_scan_actions[22m | rift_shieldbearer_move_04.png[39m[0m
[  50% ] [90m[1m_update_scan_actions[22m | rift_shieldbearer_move_05.png[39m[0m
[  50% ] [90m[1m_update_scan_actions[22m | small_biter_attack_primary_00.png[39m[0m
[  50% ] [90m[1m_update_scan_actions[22m | small_biter_attack_primary_01.png[39m[0m
[  50% ] [90m[1m_update_scan_actions[22m | small_biter_attack_primary_02.png[39m[0m
[  50% ] [90m[1m_update_scan_actions[22m | small_biter_attack_primary_03.png[39m[0m
[  50% ] [90m[1m_update_scan_actions[22m | small_biter_attack_primary_04.png[39m[0m
[  50% ] [90m[1m_update_scan_actions[22m | small_biter_attack_primary_05.png[39m[0m
[  50% ] [90m[1m_update_scan_actions[22m | small_biter_death_00.png[39m[0m
[  50% ] [90m[1m_update_scan_actions[22m | small_biter_death_01.png[39m[0m
[  50% ] [90m[1m_update_scan_actions[22m | small_biter_death_02.png[39m[0m
[  50% ] [90m[1m_update_scan_actions[22m | small_biter_death_03.png[39m[0m
[  50% ] [90m[1m_update_scan_actions[22m | small_biter_death_04.png[39m[0m
[  50% ] [90m[1m_update_scan_actions[22m | small_biter_death_05.png[39m[0m
[  50% ] [90m[1m_update_scan_actions[22m | small_biter_hit_00.png[39m[0m
[  50% ] [90m[1m_update_scan_actions[22m | small_biter_hit_01.png[39m[0m
[  50% ] [90m[1m_update_scan_actions[22m | small_biter_hit_02.png[39m[0m
[  50% ] [90m[1m_update_scan_actions[22m | small_biter_hit_03.png[39m[0m
[  50% ] [90m[1m_update_scan_actions[22m | small_biter_hit_04.png[39m[0m
[  50% ] [90m[1m_update_scan_actions[22m | small_biter_hit_05.png[39m[0m
[  50% ] [90m[1m_update_scan_actions[22m | small_biter_move_00.png[39m[0m
[  50% ] [90m[1m_update_scan_actions[22m | small_biter_move_01.png[39m[0m
[  50% ] [90m[1m_update_scan_actions[22m | small_biter_move_02.png[39m[0m
[  50% ] [90m[1m_update_scan_actions[22m | small_biter_move_03.png[39m[0m
[  50% ] [90m[1m_update_scan_actions[22m | small_biter_move_04.png[39m[0m
[  50% ] [90m[1m_update_scan_actions[22m | small_biter_move_05.png[39m[0m
[  50% ] [90m[1m_update_scan_actions[22m | spark_runner_attack_primary_00.png[39m[0m
[  50% ] [90m[1m_update_scan_actions[22m | spark_runner_attack_primary_01.png[39m[0m
[  50% ] [90m[1m_update_scan_actions[22m | spark_runner_attack_primary_02.png[39m[0m
[  50% ] [90m[1m_update_scan_actions[22m | spark_runner_attack_primary_03.png[39m[0m
[  50% ] [90m[1m_update_scan_actions[22m | spark_runner_attack_primary_04.png[39m[0m
[  50% ] [90m[1m_update_scan_actions[22m | spark_runner_attack_primary_05.png[39m[0m
[  50% ] [90m[1m_update_scan_actions[22m | spark_runner_death_00.png[39m[0m
[  50% ] [90m[1m_update_scan_actions[22m | spark_runner_death_01.png[39m[0m
[  50% ] [90m[1m_update_scan_actions[22m | spark_runner_death_02.png[39m[0m
[  50% ] [90m[1m_update_scan_actions[22m | spark_runner_death_03.png[39m[0m
[  50% ] [90m[1m_update_scan_actions[22m | spark_runner_death_04.png[39m[0m
[  50% ] [90m[1m_update_scan_actions[22m | spark_runner_death_05.png[39m[0m
[  51% ] [90m[1m_update_scan_actions[22m | spark_runner_hit_00.png[39m[0m
[  51% ] [90m[1m_update_scan_actions[22m | spark_runner_hit_01.png[39m[0m
[  51% ] [90m[1m_update_scan_actions[22m | spark_runner_hit_02.png[39m[0m
[  51% ] [90m[1m_update_scan_actions[22m | spark_runner_hit_03.png[39m[0m
[  51% ] [90m[1m_update_scan_actions[22m | spark_runner_hit_04.png[39m[0m
[  51% ] [90m[1m_update_scan_actions[22m | spark_runner_hit_05.png[39m[0m
[  51% ] [90m[1m_update_scan_actions[22m | spark_runner_move_00.png[39m[0m
[  51% ] [90m[1m_update_scan_actions[22m | spark_runner_move_01.png[39m[0m
[  51% ] [90m[1m_update_scan_actions[22m | spark_runner_move_02.png[39m[0m
[  51% ] [90m[1m_update_scan_actions[22m | spark_runner_move_03.png[39m[0m
[  51% ] [90m[1m_update_scan_actions[22m | spark_runner_move_04.png[39m[0m
[  51% ] [90m[1m_update_scan_actions[22m | spark_runner_move_05.png[39m[0m
[  51% ] [90m[1m_update_scan_actions[22m | stone_bruiser_attack_primary_00.png[39m[0m
[  51% ] [90m[1m_update_scan_actions[22m | stone_bruiser_attack_primary_01.png[39m[0m
[  51% ] [90m[1m_update_scan_actions[22m | stone_bruiser_attack_primary_02.png[39m[0m
[  51% ] [90m[1m_update_scan_actions[22m | stone_bruiser_attack_primary_03.png[39m[0m
[  51% ] [90m[1m_update_scan_actions[22m | stone_bruiser_attack_primary_04.png[39m[0m
[  51% ] [90m[1m_update_scan_actions[22m | stone_bruiser_attack_primary_05.png[39m[0m
[  51% ] [90m[1m_update_scan_actions[22m | stone_bruiser_death_00.png[39m[0m
[  51% ] [90m[1m_update_scan_actions[22m | stone_bruiser_death_01.png[39m[0m
[  51% ] [90m[1m_update_scan_actions[22m | stone_bruiser_death_02.png[39m[0m
[  51% ] [90m[1m_update_scan_actions[22m | stone_bruiser_death_03.png[39m[0m
[  51% ] [90m[1m_update_scan_actions[22m | stone_bruiser_death_04.png[39m[0m
[  51% ] [90m[1m_update_scan_actions[22m | stone_bruiser_death_05.png[39m[0m
[  51% ] [90m[1m_update_scan_actions[22m | stone_bruiser_hit_00.png[39m[0m
[  51% ] [90m[1m_update_scan_actions[22m | stone_bruiser_hit_01.png[39m[0m
[  51% ] [90m[1m_update_scan_actions[22m | stone_bruiser_hit_02.png[39m[0m
[  51% ] [90m[1m_update_scan_actions[22m | stone_bruiser_hit_03.png[39m[0m
[  51% ] [90m[1m_update_scan_actions[22m | stone_bruiser_hit_04.png[39m[0m
[  51% ] [90m[1m_update_scan_actions[22m | stone_bruiser_hit_05.png[39m[0m
[  51% ] [90m[1m_update_scan_actions[22m | stone_bruiser_move_00.png[39m[0m
[  51% ] [90m[1m_update_scan_actions[22m | stone_bruiser_move_01.png[39m[0m
[  51% ] [90m[1m_update_scan_actions[22m | stone_bruiser_move_02.png[39m[0m
[  51% ] [90m[1m_update_scan_actions[22m | stone_bruiser_move_03.png[39m[0m
[  51% ] [90m[1m_update_scan_actions[22m | stone_bruiser_move_04.png[39m[0m
[  51% ] [90m[1m_update_scan_actions[22m | stone_bruiser_move_05.png[39m[0m
[  51% ] [90m[1m_update_scan_actions[22m | venom_spitter_attack_primary_00.png[39m[0m
[  51% ] [90m[1m_update_scan_actions[22m | venom_spitter_attack_primary_01.png[39m[0m
[  51% ] [90m[1m_update_scan_actions[22m | venom_spitter_attack_primary_02.png[39m[0m
[  52% ] [90m[1m_update_scan_actions[22m | venom_spitter_attack_primary_03.png[39m[0m
[  52% ] [90m[1m_update_scan_actions[22m | venom_spitter_attack_primary_04.png[39m[0m
[  52% ] [90m[1m_update_scan_actions[22m | venom_spitter_attack_primary_05.png[39m[0m
[  52% ] [90m[1m_update_scan_actions[22m | venom_spitter_death_00.png[39m[0m
[  52% ] [90m[1m_update_scan_actions[22m | venom_spitter_death_01.png[39m[0m
[  52% ] [90m[1m_update_scan_actions[22m | venom_spitter_death_02.png[39m[0m
[  52% ] [90m[1m_update_scan_actions[22m | venom_spitter_death_03.png[39m[0m
[  52% ] [90m[1m_update_scan_actions[22m | venom_spitter_death_04.png[39m[0m
[  52% ] [90m[1m_update_scan_actions[22m | venom_spitter_death_05.png[39m[0m
[  52% ] [90m[1m_update_scan_actions[22m | venom_spitter_hit_00.png[39m[0m
[  52% ] [90m[1m_update_scan_actions[22m | venom_spitter_hit_01.png[39m[0m
[  52% ] [90m[1m_update_scan_actions[22m | venom_spitter_hit_02.png[39m[0m
[  52% ] [90m[1m_update_scan_actions[22m | venom_spitter_hit_03.png[39m[0m
[  52% ] [90m[1m_update_scan_actions[22m | venom_spitter_hit_04.png[39m[0m
[  52% ] [90m[1m_update_scan_actions[22m | venom_spitter_hit_05.png[39m[0m
[  52% ] [90m[1m_update_scan_actions[22m | venom_spitter_move_00.png[39m[0m
[  52% ] [90m[1m_update_scan_actions[22m | venom_spitter_move_01.png[39m[0m
[  52% ] [90m[1m_update_scan_actions[22m | venom_spitter_move_02.png[39m[0m
[  52% ] [90m[1m_update_scan_actions[22m | venom_spitter_move_03.png[39m[0m
[  52% ] [90m[1m_update_scan_actions[22m | venom_spitter_move_04.png[39m[0m
[  52% ] [90m[1m_update_scan_actions[22m | venom_spitter_move_05.png[39m[0m
[  52% ] [90m[1m_update_scan_actions[22m | void_mage_attack_primary_00.png[39m[0m
[  52% ] [90m[1m_update_scan_actions[22m | void_mage_attack_primary_01.png[39m[0m
[  52% ] [90m[1m_update_scan_actions[22m | void_mage_attack_primary_02.png[39m[0m
[  52% ] [90m[1m_update_scan_actions[22m | void_mage_attack_primary_03.png[39m[0m
[  52% ] [90m[1m_update_scan_actions[22m | void_mage_attack_primary_04.png[39m[0m
[  52% ] [90m[1m_update_scan_actions[22m | void_mage_attack_primary_05.png[39m[0m
[  52% ] [90m[1m_update_scan_actions[22m | void_mage_death_00.png[39m[0m
[  52% ] [90m[1m_update_scan_actions[22m | void_mage_death_01.png[39m[0m
[  52% ] [90m[1m_update_scan_actions[22m | void_mage_death_02.png[39m[0m
[  52% ] [90m[1m_update_scan_actions[22m | void_mage_death_03.png[39m[0m
[  52% ] [90m[1m_update_scan_actions[22m | void_mage_death_04.png[39m[0m
[  52% ] [90m[1m_update_scan_actions[22m | void_mage_death_05.png[39m[0m
[  52% ] [90m[1m_update_scan_actions[22m | void_mage_hit_00.png[39m[0m
[  52% ] [90m[1m_update_scan_actions[22m | void_mage_hit_01.png[39m[0m
[  52% ] [90m[1m_update_scan_actions[22m | void_mage_hit_02.png[39m[0m
[  52% ] [90m[1m_update_scan_actions[22m | void_mage_hit_03.png[39m[0m
[  52% ] [90m[1m_update_scan_actions[22m | void_mage_hit_04.png[39m[0m
[  52% ] [90m[1m_update_scan_actions[22m | void_mage_hit_05.png[39m[0m
[  52% ] [90m[1m_update_scan_actions[22m | void_mage_move_00.png[39m[0m
[  53% ] [90m[1m_update_scan_actions[22m | void_mage_move_01.png[39m[0m
[  53% ] [90m[1m_update_scan_actions[22m | void_mage_move_02.png[39m[0m
[  53% ] [90m[1m_update_scan_actions[22m | void_mage_move_03.png[39m[0m
[  53% ] [90m[1m_update_scan_actions[22m | void_mage_move_04.png[39m[0m
[  53% ] [90m[1m_update_scan_actions[22m | void_mage_move_05.png[39m[0m
[  53% ] [90m[1m_update_scan_actions[22m | winged_spark_attack_primary_00.png[39m[0m
[  53% ] [90m[1m_update_scan_actions[22m | winged_spark_attack_primary_01.png[39m[0m
[  53% ] [90m[1m_update_scan_actions[22m | winged_spark_attack_primary_02.png[39m[0m
[  53% ] [90m[1m_update_scan_actions[22m | winged_spark_attack_primary_03.png[39m[0m
[  53% ] [90m[1m_update_scan_actions[22m | winged_spark_attack_primary_04.png[39m[0m
[  53% ] [90m[1m_update_scan_actions[22m | winged_spark_attack_primary_05.png[39m[0m
[  53% ] [90m[1m_update_scan_actions[22m | winged_spark_death_00.png[39m[0m
[  53% ] [90m[1m_update_scan_actions[22m | winged_spark_death_01.png[39m[0m
[  53% ] [90m[1m_update_scan_actions[22m | winged_spark_death_02.png[39m[0m
[  53% ] [90m[1m_update_scan_actions[22m | winged_spark_death_03.png[39m[0m
[  53% ] [90m[1m_update_scan_actions[22m | winged_spark_death_04.png[39m[0m
[  53% ] [90m[1m_update_scan_actions[22m | winged_spark_death_05.png[39m[0m
[  53% ] [90m[1m_update_scan_actions[22m | winged_spark_hover_flap_00.png[39m[0m
[  53% ] [90m[1m_update_scan_actions[22m | winged_spark_hover_flap_01.png[39m[0m
[  53% ] [90m[1m_update_scan_actions[22m | winged_spark_hover_flap_02.png[39m[0m
[  53% ] [90m[1m_update_scan_actions[22m | winged_spark_hover_flap_03.png[39m[0m
[  53% ] [90m[1m_update_scan_actions[22m | winged_spark_hover_flap_04.png[39m[0m
[  53% ] [90m[1m_update_scan_actions[22m | winged_spark_hover_flap_05.png[39m[0m
[  53% ] [90m[1m_update_scan_actions[22m | winged_spark_move_00.png[39m[0m
[  53% ] [90m[1m_update_scan_actions[22m | winged_spark_move_01.png[39m[0m
[  53% ] [90m[1m_update_scan_actions[22m | winged_spark_move_02.png[39m[0m
[  53% ] [90m[1m_update_scan_actions[22m | winged_spark_move_03.png[39m[0m
[  53% ] [90m[1m_update_scan_actions[22m | winged_spark_move_04.png[39m[0m
[  53% ] [90m[1m_update_scan_actions[22m | winged_spark_move_05.png[39m[0m
[  53% ] [90m[1m_update_scan_actions[22m | ash_marksman_full_frame_sheet.png[39m[0m
[  53% ] [90m[1m_update_scan_actions[22m | bone_caller_full_frame_sheet.png[39m[0m
[  53% ] [90m[1m_update_scan_actions[22m | bone_shaman_full_frame_sheet.png[39m[0m
[  53% ] [90m[1m_update_scan_actions[22m | rift_cutter_full_frame_sheet.png[39m[0m
[  53% ] [90m[1m_update_scan_actions[22m | rift_shieldbearer_full_frame_sheet.png[39m[0m
[  53% ] [90m[1m_update_scan_actions[22m | small_biter_full_frame_sheet.png[39m[0m
[  53% ] [90m[1m_update_scan_actions[22m | spark_runner_full_frame_sheet.png[39m[0m
[  53% ] [90m[1m_update_scan_actions[22m | stone_bruiser_full_frame_sheet.png[39m[0m
[  53% ] [90m[1m_update_scan_actions[22m | venom_spitter_full_frame_sheet.png[39m[0m
[  53% ] [90m[1m_update_scan_actions[22m | void_mage_full_frame_sheet.png[39m[0m
[  54% ] [90m[1m_update_scan_actions[22m | winged_spark_full_frame_sheet.png[39m[0m
[  54% ] [90m[1m_update_scan_actions[22m | enemy_bone_shaman.png[39m[0m
[  54% ] [90m[1m_update_scan_actions[22m | enemy_bruiser_slow.png[39m[0m
[  54% ] [90m[1m_update_scan_actions[22m | enemy_melee.png[39m[0m
[  54% ] [90m[1m_update_scan_actions[22m | enemy_ranged.png[39m[0m
[  54% ] [90m[1m_update_scan_actions[22m | enemy_rift_shieldbearer.png[39m[0m
[  54% ] [90m[1m_update_scan_actions[22m | enemy_small_biter.png[39m[0m
[  54% ] [90m[1m_update_scan_actions[22m | enemy_suicide_runner.png[39m[0m
[  54% ] [90m[1m_update_scan_actions[22m | enemy_summoner.png[39m[0m
[  54% ] [90m[1m_update_scan_actions[22m | enemy_venom_spitter.png[39m[0m
[  54% ] [90m[1m_update_scan_actions[22m | enemy_void_mage.png[39m[0m
[  54% ] [90m[1m_update_scan_actions[22m | enemy_winged_spark.png[39m[0m
[  54% ] [90m[1m_update_scan_actions[22m | map_battle_skull.png[39m[0m
[  54% ] [90m[1m_update_scan_actions[22m | map_boss_disk_devourer.png[39m[0m
[  54% ] [90m[1m_update_scan_actions[22m | map_boss_rift_warden.png[39m[0m
[  54% ] [90m[1m_update_scan_actions[22m | map_chest_artifact.png[39m[0m
[  54% ] [90m[1m_update_scan_actions[22m | map_elite_skull_bones.png[39m[0m
[  54% ] [90m[1m_update_scan_actions[22m | map_event_question.png[39m[0m
[  54% ] [90m[1m_update_scan_actions[22m | map_rest_campfire.png[39m[0m
[  54% ] [90m[1m_update_scan_actions[22m | map_shop_tent.png[39m[0m
[  54% ] [90m[1m_update_scan_actions[22m | enemy_projectile_magic_64.png[39m[0m
[  54% ] [90m[1m_update_scan_actions[22m | player_projectile_spark_64.png[39m[0m
[  54% ] [90m[1m_update_scan_actions[22m | btn_disabled.png[39m[0m
[  54% ] [90m[1m_update_scan_actions[22m | btn_hover.png[39m[0m
[  54% ] [90m[1m_update_scan_actions[22m | btn_normal.png[39m[0m
[  54% ] [90m[1m_update_scan_actions[22m | btn_pressed.png[39m[0m
[  54% ] [90m[1m_update_scan_actions[22m | game_cursor.png[39m[0m
[  54% ] [90m[1m_update_scan_actions[22m | game_cursor_attack.png[39m[0m
[  54% ] [90m[1m_update_scan_actions[22m | game_cursor_hover.png[39m[0m
[  54% ] [90m[1m_update_scan_actions[22m | ui_frame_codex_entry_card.png[39m[0m
[  54% ] [90m[1m_update_scan_actions[22m | ui_frame_codex_entry_card_hover.png[39m[0m
[  54% ] [90m[1m_update_scan_actions[22m | ui_frame_codex_main_panel.png[39m[0m
[  54% ] [90m[1m_update_scan_actions[22m | ui_frame_codex_portrait_slot.png[39m[0m
[  54% ] [90m[1m_update_scan_actions[22m | ui_frame_codex_section_panel.png[39m[0m
[  54% ] [90m[1m_update_scan_actions[22m | ui_frame_codex_tab.png[39m[0m
[  54% ] [90m[1m_update_scan_actions[22m | ui_frame_codex_tab_disabled.png[39m[0m
[  54% ] [90m[1m_update_scan_actions[22m | ui_frame_codex_tab_hover.png[39m[0m
[  54% ] [90m[1m_update_scan_actions[22m | ui_frame_codex_tab_pressed.png[39m[0m
[  54% ] [90m[1m_update_scan_actions[22m | ui_frame_codex_tooltip.png[39m[0m
[  54% ] [90m[1m_update_scan_actions[22m | ui_btn_cg_back_disabled.png[39m[0m
[  55% ] [90m[1m_update_scan_actions[22m | ui_btn_cg_back_hover.png[39m[0m
[  55% ] [90m[1m_update_scan_actions[22m | ui_btn_cg_back_normal.png[39m[0m
[  55% ] [90m[1m_update_scan_actions[22m | ui_btn_cg_back_pressed.png[39m[0m
[  55% ] [90m[1m_update_scan_actions[22m | ui_btn_cg_category_active.png[39m[0m
[  55% ] [90m[1m_update_scan_actions[22m | ui_btn_cg_category_hover.png[39m[0m
[  55% ] [90m[1m_update_scan_actions[22m | ui_btn_cg_category_normal.png[39m[0m
[  55% ] [90m[1m_update_scan_actions[22m | ui_btn_cg_category_pressed.png[39m[0m
[  55% ] [90m[1m_update_scan_actions[22m | ui_frame_cg_detail.png[39m[0m
[  55% ] [90m[1m_update_scan_actions[22m | ui_frame_cg_entry_separator.png[39m[0m
[  55% ] [90m[1m_update_scan_actions[22m | ui_frame_cg_grid.png[39m[0m
[  55% ] [90m[1m_update_scan_actions[22m | ui_frame_cg_grid_hover_glow.png[39m[0m
[  55% ] [90m[1m_update_scan_actions[22m | ui_frame_cg_main.png[39m[0m
[  55% ] [90m[1m_update_scan_actions[22m | ui_frame_cg_nav.png[39m[0m
[  55% ] [90m[1m_update_scan_actions[22m | codex_pl_back_button.png[39m[0m
[  55% ] [90m[1m_update_scan_actions[22m | codex_pl_category_button.png[39m[0m
[  55% ] [90m[1m_update_scan_actions[22m | codex_pl_detail_panel.png[39m[0m
[  55% ] [90m[1m_update_scan_actions[22m | codex_pl_entry_card.png[39m[0m
[  55% ] [90m[1m_update_scan_actions[22m | codex_pl_grid_panel.png[39m[0m
[  55% ] [90m[1m_update_scan_actions[22m | codex_pl_main_shell.png[39m[0m
[  55% ] [90m[1m_update_scan_actions[22m | codex_pl_nav_panel.png[39m[0m
[  55% ] [90m[1m_update_scan_actions[22m | codex_pl_backdrop.png[39m[0m
[  55% ] [90m[1m_update_scan_actions[22m | codex_pl_back_button.png[39m[0m
[  55% ] [90m[1m_update_scan_actions[22m | codex_pl_category_button.png[39m[0m
[  55% ] [90m[1m_update_scan_actions[22m | codex_pl_detail_panel.png[39m[0m
[  55% ] [90m[1m_update_scan_actions[22m | codex_pl_entry_card.png[39m[0m
[  55% ] [90m[1m_update_scan_actions[22m | codex_pl_grid_panel.png[39m[0m
[  55% ] [90m[1m_update_scan_actions[22m | codex_pl_icon_artifacts.png[39m[0m
[  55% ] [90m[1m_update_scan_actions[22m | codex_pl_icon_ascensions.png[39m[0m
[  55% ] [90m[1m_update_scan_actions[22m | codex_pl_icon_characters.png[39m[0m
[  55% ] [90m[1m_update_scan_actions[22m | codex_pl_icon_glossary.png[39m[0m
[  55% ] [90m[1m_update_scan_actions[22m | codex_pl_icon_monsters.png[39m[0m
[  55% ] [90m[1m_update_scan_actions[22m | codex_pl_icon_stats.png[39m[0m
[  55% ] [90m[1m_update_scan_actions[22m | codex_pl_main_shell.png[39m[0m
[  55% ] [90m[1m_update_scan_actions[22m | codex_pl_nav_panel.png[39m[0m
[  55% ] [90m[1m_update_scan_actions[22m | ui_btn_combat_level_up_plus.png[39m[0m
[  55% ] [90m[1m_update_scan_actions[22m | ui_btn_combat_level_up_plus_disabled.png[39m[0m
[  55% ] [90m[1m_update_scan_actions[22m | ui_btn_combat_level_up_plus_hover.png[39m[0m
[  55% ] [90m[1m_update_scan_actions[22m | ui_btn_combat_level_up_plus_pressed.png[39m[0m
[  55% ] [90m[1m_update_scan_actions[22m | ui_frame_combat_hud_ascension_badge.png[39m[0m
[  56% ] [90m[1m_update_scan_actions[22m | ui_frame_combat_hud_card_gold.png[39m[0m
[  56% ] [90m[1m_update_scan_actions[22m | ui_frame_combat_hud_card_hp.png[39m[0m
[  56% ] [90m[1m_update_scan_actions[22m | ui_frame_combat_hud_card_ult.png[39m[0m
[  56% ] [90m[1m_update_scan_actions[22m | ui_frame_combat_hud_card_xp.png[39m[0m
[  56% ] [90m[1m_update_scan_actions[22m | ui_frame_combat_hud_resource_panel.png[39m[0m
[  56% ] [90m[1m_update_scan_actions[22m | ui_frame_combat_hud_timer.png[39m[0m
[  56% ] [90m[1m_update_scan_actions[22m | ui_df_button_danger_disabled.png[39m[0m
[  56% ] [90m[1m_update_scan_actions[22m | ui_df_button_danger_hover.png[39m[0m
[  56% ] [90m[1m_update_scan_actions[22m | ui_df_button_danger_idle.png[39m[0m
[  56% ] [90m[1m_update_scan_actions[22m | ui_df_button_danger_pressed.png[39m[0m
[  56% ] [90m[1m_update_scan_actions[22m | ui_df_button_primary_disabled.png[39m[0m
[  56% ] [90m[1m_update_scan_actions[22m | ui_df_button_primary_hover.png[39m[0m
[  56% ] [90m[1m_update_scan_actions[22m | ui_df_button_primary_idle.png[39m[0m
[  56% ] [90m[1m_update_scan_actions[22m | ui_df_button_primary_pressed.png[39m[0m
[  56% ] [90m[1m_update_scan_actions[22m | ui_df_button_secondary_disabled.png[39m[0m
[  56% ] [90m[1m_update_scan_actions[22m | ui_df_button_secondary_hover.png[39m[0m
[  56% ] [90m[1m_update_scan_actions[22m | ui_df_button_secondary_idle.png[39m[0m
[  56% ] [90m[1m_update_scan_actions[22m | ui_df_button_secondary_pressed.png[39m[0m
[  56% ] [90m[1m_update_scan_actions[22m | ui_df_card_frame.png[39m[0m
[  56% ] [90m[1m_update_scan_actions[22m | ui_df_hud_card_frame.png[39m[0m
[  56% ] [90m[1m_update_scan_actions[22m | ui_df_hud_panel_frame.png[39m[0m
[  56% ] [90m[1m_update_scan_actions[22m | ui_df_level_panel_frame.png[39m[0m
[  56% ] [90m[1m_update_scan_actions[22m | ui_df_panel_frame.png[39m[0m
[  56% ] [90m[1m_update_scan_actions[22m | ui_df_section_divider.png[39m[0m
[  56% ] [90m[1m_update_scan_actions[22m | ui_df_shop_frame.png[39m[0m
[  56% ] [90m[1m_update_scan_actions[22m | ui_df_stat_chip_frame.png[39m[0m
[  56% ] [90m[1m_update_scan_actions[22m | ui_df_stat_row_frame.png[39m[0m
[  56% ] [90m[1m_update_scan_actions[22m | ui_df_stat_value_state_swatches.png[39m[0m
[  56% ] [90m[1m_update_scan_actions[22m | ui_df_tooltip_frame.png[39m[0m
[  56% ] [90m[1m_update_scan_actions[22m | ui_frame_economy_choice_card.png[39m[0m
[  56% ] [90m[1m_update_scan_actions[22m | ui_frame_economy_choice_card_hover.png[39m[0m
[  56% ] [90m[1m_update_scan_actions[22m | ui_frame_economy_choice_card_wide.png[39m[0m
[  56% ] [90m[1m_update_scan_actions[22m | ui_frame_economy_choice_card_wide_hover.png[39m[0m
[  56% ] [90m[1m_update_scan_actions[22m | ui_frame_economy_dragon_panel.png[39m[0m
[  56% ] [90m[1m_update_scan_actions[22m | ui_frame_economy_panel.png[39m[0m
[  56% ] [90m[1m_update_scan_actions[22m | ui_frame_economy_price_badge.png[39m[0m
[  56% ] [90m[1m_update_scan_actions[22m | ui_frame_economy_tooltip.png[39m[0m
[  56% ] [90m[1m_update_scan_actions[22m | escape_stats_visual_kit_preview.png[39m[0m
[  56% ] [90m[1m_update_scan_actions[22m | ui_escape_button_frame.png[39m[0m
[  56% ] [90m[1m_update_scan_actions[22m | ui_escape_panel_frame.png[39m[0m
[  57% ] [90m[1m_update_scan_actions[22m | ui_stat_basic_row_frame.png[39m[0m
[  57% ] [90m[1m_update_scan_actions[22m | ui_stat_chip_frame.png[39m[0m
[  57% ] [90m[1m_update_scan_actions[22m | ui_stat_group_frame.png[39m[0m
[  57% ] [90m[1m_update_scan_actions[22m | ui_stat_section_divider.png[39m[0m
[  57% ] [90m[1m_update_scan_actions[22m | ui_stat_tooltip_frame.png[39m[0m
[  57% ] [90m[1m_update_scan_actions[22m | ui_stat_value_state_swatches.png[39m[0m
[  57% ] [90m[1m_update_scan_actions[22m | ui_button_frame.png[39m[0m
[  57% ] [90m[1m_update_scan_actions[22m | ui_card_frame.png[39m[0m
[  57% ] [90m[1m_update_scan_actions[22m | ui_hud_card_frame.png[39m[0m
[  57% ] [90m[1m_update_scan_actions[22m | ui_hud_panel_frame.png[39m[0m
[  57% ] [90m[1m_update_scan_actions[22m | ui_level_panel_frame.png[39m[0m
[  57% ] [90m[1m_update_scan_actions[22m | ui_panel_frame.png[39m[0m
[  57% ] [90m[1m_update_scan_actions[22m | ui_tooltip_frame.png[39m[0m
[  57% ] [90m[1m_update_scan_actions[22m | ui_frame_hero_select_asc_button.png[39m[0m
[  57% ] [90m[1m_update_scan_actions[22m | ui_frame_hero_select_asc_button_small.png[39m[0m
[  57% ] [90m[1m_update_scan_actions[22m | ui_frame_hero_select_asc_label.png[39m[0m
[  57% ] [90m[1m_update_scan_actions[22m | ui_frame_hero_select_asc_mods.png[39m[0m
[  57% ] [90m[1m_update_scan_actions[22m | ui_frame_hero_select_dossier.png[39m[0m
[  57% ] [90m[1m_update_scan_actions[22m | ui_frame_hero_select_portrait.png[39m[0m
[  57% ] [90m[1m_update_scan_actions[22m | ui_frame_hero_select_radar.png[39m[0m
[  57% ] [90m[1m_update_scan_actions[22m | ui_frame_hero_select_thumbnail.png[39m[0m
[  57% ] [90m[1m_update_scan_actions[22m | ui_frame_hero_select_thumbnail_strip.png[39m[0m
[  57% ] [90m[1m_update_scan_actions[22m | ui_frame_hero_select_unified_panel.png[39m[0m
[  57% ] [90m[1m_update_scan_actions[22m | background.png[39m[0m
[  57% ] [90m[1m_update_scan_actions[22m | button_asc_minus.png[39m[0m
[  57% ] [90m[1m_update_scan_actions[22m | button_asc_plus.png[39m[0m
[  57% ] [90m[1m_update_scan_actions[22m | button_back.png[39m[0m
[  57% ] [90m[1m_update_scan_actions[22m | button_carousel_left.png[39m[0m
[  57% ] [90m[1m_update_scan_actions[22m | button_carousel_right.png[39m[0m
[  57% ] [90m[1m_update_scan_actions[22m | button_choose.png[39m[0m
[  57% ] [90m[1m_update_scan_actions[22m | frame_ascension.png[39m[0m
[  57% ] [90m[1m_update_scan_actions[22m | frame_carousel.png[39m[0m
[  57% ] [90m[1m_update_scan_actions[22m | frame_dossier.png[39m[0m
[  57% ] [90m[1m_update_scan_actions[22m | frame_hero_slot.png[39m[0m
[  57% ] [90m[1m_update_scan_actions[22m | frame_portrait.png[39m[0m
[  57% ] [90m[1m_update_scan_actions[22m | frame_radar.png[39m[0m
[  57% ] [90m[1m_update_scan_actions[22m | frame_title.png[39m[0m
[  57% ] [90m[1m_update_scan_actions[22m | ui_hero_select_ascension_stepper.png[39m[0m
[  57% ] [90m[1m_update_scan_actions[22m | ui_hero_select_back_button.png[39m[0m
[  58% ] [90m[1m_update_scan_actions[22m | ui_hero_select_carousel_strip.png[39m[0m
[  58% ] [90m[1m_update_scan_actions[22m | ui_hero_select_dossier_panel.png[39m[0m
[  58% ] [90m[1m_update_scan_actions[22m | ui_hero_select_portrait_panel.png[39m[0m
[  58% ] [90m[1m_update_scan_actions[22m | ui_hero_select_select_button.png[39m[0m
[  58% ] [90m[1m_update_scan_actions[22m | ui_hero_select_stat_radar.png[39m[0m
[  58% ] [90m[1m_update_scan_actions[22m | ui_hero_select_title_banner.png[39m[0m
[  58% ] [90m[1m_update_scan_actions[22m | background.png[39m[0m
[  58% ] [90m[1m_update_scan_actions[22m | frame_carousel.png[39m[0m
[  58% ] [90m[1m_update_scan_actions[22m | frame_dossier.png[39m[0m
[  58% ] [90m[1m_update_scan_actions[22m | frame_preview.png[39m[0m
[  58% ] [90m[1m_update_scan_actions[22m | frame_radar.png[39m[0m
[  58% ] [90m[1m_update_scan_actions[22m | ui_btn_lu682_later.png[39m[0m
[  58% ] [90m[1m_update_scan_actions[22m | ui_btn_lu682_later_hover.png[39m[0m
[  58% ] [90m[1m_update_scan_actions[22m | ui_btn_lu682_later_pressed.png[39m[0m
[  58% ] [90m[1m_update_scan_actions[22m | ui_frame_lu682_card.png[39m[0m
[  58% ] [90m[1m_update_scan_actions[22m | ui_frame_lu682_card_hover.png[39m[0m
[  58% ] [90m[1m_update_scan_actions[22m | ui_frame_lu682_card_selected.png[39m[0m
[  58% ] [90m[1m_update_scan_actions[22m | ui_frame_lu682_effect_preview.png[39m[0m
[  58% ] [90m[1m_update_scan_actions[22m | ui_frame_lu682_panel.png[39m[0m
[  58% ] [90m[1m_update_scan_actions[22m | ui_frame_lu682_portrait.png[39m[0m
[  58% ] [90m[1m_update_scan_actions[22m | ui_frame_minimal_metal_card.png[39m[0m
[  58% ] [90m[1m_update_scan_actions[22m | ui_frame_minimal_metal_field.png[39m[0m
[  58% ] [90m[1m_update_scan_actions[22m | ui_frame_minimal_metal_hud_strip.png[39m[0m
[  58% ] [90m[1m_update_scan_actions[22m | ui_frame_minimal_metal_modal.png[39m[0m
[  58% ] [90m[1m_update_scan_actions[22m | ui_frame_minimal_metal_panel.png[39m[0m
[  58% ] [90m[1m_update_scan_actions[22m | ui_frame_minimal_metal_tooltip.png[39m[0m
[  58% ] [90m[1m_update_scan_actions[22m | ui_btn_minimal_metal_attr_selector.png[39m[0m
[  58% ] [90m[1m_update_scan_actions[22m | ui_btn_minimal_metal_attr_selector_disabled.png[39m[0m
[  58% ] [90m[1m_update_scan_actions[22m | ui_btn_minimal_metal_attr_selector_focus.png[39m[0m
[  58% ] [90m[1m_update_scan_actions[22m | ui_btn_minimal_metal_attr_selector_hover.png[39m[0m
[  58% ] [90m[1m_update_scan_actions[22m | ui_btn_minimal_metal_attr_selector_pressed.png[39m[0m
[  58% ] [90m[1m_update_scan_actions[22m | ui_btn_minimal_metal_back_l.png[39m[0m
[  58% ] [90m[1m_update_scan_actions[22m | ui_btn_minimal_metal_back_l_disabled.png[39m[0m
[  58% ] [90m[1m_update_scan_actions[22m | ui_btn_minimal_metal_back_l_focus.png[39m[0m
[  58% ] [90m[1m_update_scan_actions[22m | ui_btn_minimal_metal_back_l_hover.png[39m[0m
[  58% ] [90m[1m_update_scan_actions[22m | ui_btn_minimal_metal_back_l_pressed.png[39m[0m
[  58% ] [90m[1m_update_scan_actions[22m | ui_btn_minimal_metal_back_m.png[39m[0m
[  58% ] [90m[1m_update_scan_actions[22m | ui_btn_minimal_metal_back_m_disabled.png[39m[0m
[  58% ] [90m[1m_update_scan_actions[22m | ui_btn_minimal_metal_back_m_focus.png[39m[0m
[  58% ] [90m[1m_update_scan_actions[22m | ui_btn_minimal_metal_back_m_hover.png[39m[0m
[  59% ] [90m[1m_update_scan_actions[22m | ui_btn_minimal_metal_back_m_pressed.png[39m[0m
[  59% ] [90m[1m_update_scan_actions[22m | ui_btn_minimal_metal_back_s.png[39m[0m
[  59% ] [90m[1m_update_scan_actions[22m | ui_btn_minimal_metal_back_s_disabled.png[39m[0m
[  59% ] [90m[1m_update_scan_actions[22m | ui_btn_minimal_metal_back_s_focus.png[39m[0m
[  59% ] [90m[1m_update_scan_actions[22m | ui_btn_minimal_metal_back_s_hover.png[39m[0m
[  59% ] [90m[1m_update_scan_actions[22m | ui_btn_minimal_metal_back_s_pressed.png[39m[0m
[  59% ] [90m[1m_update_scan_actions[22m | ui_btn_minimal_metal_codex_tab.png[39m[0m
[  59% ] [90m[1m_update_scan_actions[22m | ui_btn_minimal_metal_codex_tab_disabled.png[39m[0m
[  59% ] [90m[1m_update_scan_actions[22m | ui_btn_minimal_metal_codex_tab_focus.png[39m[0m
[  59% ] [90m[1m_update_scan_actions[22m | ui_btn_minimal_metal_codex_tab_hover.png[39m[0m
[  59% ] [90m[1m_update_scan_actions[22m | ui_btn_minimal_metal_codex_tab_pressed.png[39m[0m
[  59% ] [90m[1m_update_scan_actions[22m | ui_btn_minimal_metal_fab.png[39m[0m
[  59% ] [90m[1m_update_scan_actions[22m | ui_btn_minimal_metal_fab_disabled.png[39m[0m
[  59% ] [90m[1m_update_scan_actions[22m | ui_btn_minimal_metal_fab_focus.png[39m[0m
[  59% ] [90m[1m_update_scan_actions[22m | ui_btn_minimal_metal_fab_hover.png[39m[0m
[  59% ] [90m[1m_update_scan_actions[22m | ui_btn_minimal_metal_fab_pressed.png[39m[0m
[  59% ] [90m[1m_update_scan_actions[22m | ui_btn_minimal_metal_hero_confirm.png[39m[0m
[  59% ] [90m[1m_update_scan_actions[22m | ui_btn_minimal_metal_hero_confirm_disabled.png[39m[0m
[  59% ] [90m[1m_update_scan_actions[22m | ui_btn_minimal_metal_hero_confirm_focus.png[39m[0m
[  59% ] [90m[1m_update_scan_actions[22m | ui_btn_minimal_metal_hero_confirm_hover.png[39m[0m
[  59% ] [90m[1m_update_scan_actions[22m | ui_btn_minimal_metal_hero_confirm_pressed.png[39m[0m
[  59% ] [90m[1m_update_scan_actions[22m | ui_btn_minimal_metal_main_menu.png[39m[0m
[  59% ] [90m[1m_update_scan_actions[22m | ui_btn_minimal_metal_main_menu_disabled.png[39m[0m
[  59% ] [90m[1m_update_scan_actions[22m | ui_btn_minimal_metal_main_menu_focus.png[39m[0m
[  59% ] [90m[1m_update_scan_actions[22m | ui_btn_minimal_metal_main_menu_hover.png[39m[0m
[  59% ] [90m[1m_update_scan_actions[22m | ui_btn_minimal_metal_main_menu_pressed.png[39m[0m
[  59% ] [90m[1m_update_scan_actions[22m | ui_btn_minimal_metal_max.png[39m[0m
[  59% ] [90m[1m_update_scan_actions[22m | ui_btn_minimal_metal_max_disabled.png[39m[0m
[  59% ] [90m[1m_update_scan_actions[22m | ui_btn_minimal_metal_max_focus.png[39m[0m
[  59% ] [90m[1m_update_scan_actions[22m | ui_btn_minimal_metal_max_hover.png[39m[0m
[  59% ] [90m[1m_update_scan_actions[22m | ui_btn_minimal_metal_max_pressed.png[39m[0m
[  59% ] [90m[1m_update_scan_actions[22m | ui_btn_minimal_metal_pause.png[39m[0m
[  59% ] [90m[1m_update_scan_actions[22m | ui_btn_minimal_metal_pause_disabled.png[39m[0m
[  59% ] [90m[1m_update_scan_actions[22m | ui_btn_minimal_metal_pause_focus.png[39m[0m
[  59% ] [90m[1m_update_scan_actions[22m | ui_btn_minimal_metal_pause_hover.png[39m[0m
[  59% ] [90m[1m_update_scan_actions[22m | ui_btn_minimal_metal_pause_pressed.png[39m[0m
[  59% ] [90m[1m_update_scan_actions[22m | ui_btn_minimal_metal_rebind.png[39m[0m
[  59% ] [90m[1m_update_scan_actions[22m | ui_btn_minimal_metal_rebind_disabled.png[39m[0m
[  59% ] [90m[1m_update_scan_actions[22m | ui_btn_minimal_metal_rebind_focus.png[39m[0m
[  60% ] [90m[1m_update_scan_actions[22m | ui_btn_minimal_metal_rebind_hover.png[39m[0m
[  60% ] [90m[1m_update_scan_actions[22m | ui_btn_minimal_metal_rebind_pressed.png[39m[0m
[  60% ] [90m[1m_update_scan_actions[22m | ui_btn_minimal_metal_reset_audio.png[39m[0m
[  60% ] [90m[1m_update_scan_actions[22m | ui_btn_minimal_metal_reset_audio_disabled.png[39m[0m
[  60% ] [90m[1m_update_scan_actions[22m | ui_btn_minimal_metal_reset_audio_focus.png[39m[0m
[  60% ] [90m[1m_update_scan_actions[22m | ui_btn_minimal_metal_reset_audio_hover.png[39m[0m
[  60% ] [90m[1m_update_scan_actions[22m | ui_btn_minimal_metal_reset_audio_pressed.png[39m[0m
[  60% ] [90m[1m_update_scan_actions[22m | ui_btn_minimal_metal_reset_bindings.png[39m[0m
[  60% ] [90m[1m_update_scan_actions[22m | ui_btn_minimal_metal_reset_bindings_disabled.png[39m[0m
[  60% ] [90m[1m_update_scan_actions[22m | ui_btn_minimal_metal_reset_bindings_focus.png[39m[0m
[  60% ] [90m[1m_update_scan_actions[22m | ui_btn_minimal_metal_reset_bindings_hover.png[39m[0m
[  60% ] [90m[1m_update_scan_actions[22m | ui_btn_minimal_metal_reset_bindings_pressed.png[39m[0m
[  60% ] [90m[1m_update_scan_actions[22m | ui_btn_minimal_metal_standard.png[39m[0m
[  60% ] [90m[1m_update_scan_actions[22m | ui_btn_minimal_metal_standard_disabled.png[39m[0m
[  60% ] [90m[1m_update_scan_actions[22m | ui_btn_minimal_metal_standard_focus.png[39m[0m
[  60% ] [90m[1m_update_scan_actions[22m | ui_btn_minimal_metal_standard_hover.png[39m[0m
[  60% ] [90m[1m_update_scan_actions[22m | ui_btn_minimal_metal_standard_pressed.png[39m[0m
[  60% ] [90m[1m_update_scan_actions[22m | ui_btn_minimal_metal_utility.png[39m[0m
[  60% ] [90m[1m_update_scan_actions[22m | ui_btn_minimal_metal_utility_disabled.png[39m[0m
[  60% ] [90m[1m_update_scan_actions[22m | ui_btn_minimal_metal_utility_focus.png[39m[0m
[  60% ] [90m[1m_update_scan_actions[22m | ui_btn_minimal_metal_utility_hover.png[39m[0m
[  60% ] [90m[1m_update_scan_actions[22m | ui_btn_minimal_metal_utility_pressed.png[39m[0m
[  60% ] [90m[1m_update_scan_actions[22m | ui_frame_ornate_card_frame.png[39m[0m
[  60% ] [90m[1m_update_scan_actions[22m | ui_frame_ornate_card_hover.png[39m[0m
[  60% ] [90m[1m_update_scan_actions[22m | ui_frame_ornate_global_panel.png[39m[0m
[  60% ] [90m[1m_update_scan_actions[22m | ui_frame_ornate_hero_card.png[39m[0m
[  60% ] [90m[1m_update_scan_actions[22m | ui_frame_ornate_hud_card.png[39m[0m
[  60% ] [90m[1m_update_scan_actions[22m | ui_frame_ornate_hud_panel.png[39m[0m
[  60% ] [90m[1m_update_scan_actions[22m | ui_frame_ornate_level_panel.png[39m[0m
[  60% ] [90m[1m_update_scan_actions[22m | ui_frame_ornate_pause_main.png[39m[0m
[  60% ] [90m[1m_update_scan_actions[22m | ui_frame_ornate_pause_stat_chip.png[39m[0m
[  60% ] [90m[1m_update_scan_actions[22m | ui_frame_ornate_pause_stat_group.png[39m[0m
[  60% ] [90m[1m_update_scan_actions[22m | ui_frame_ornate_pause_stat_tooltip.png[39m[0m
[  60% ] [90m[1m_update_scan_actions[22m | ui_frame_ornate_timer_panel.png[39m[0m
[  60% ] [90m[1m_update_scan_actions[22m | ui_frame_ornate_tooltip.png[39m[0m
[  60% ] [90m[1m_update_scan_actions[22m | ui_frame_2k_attr_panel.png[39m[0m
[  60% ] [90m[1m_update_scan_actions[22m | ui_frame_2k_chud_artifact_row.png[39m[0m
[  60% ] [90m[1m_update_scan_actions[22m | ui_frame_2k_chud_resource_panel.png[39m[0m
[  60% ] [90m[1m_update_scan_actions[22m | ui_frame_2k_chud_timer.png[39m[0m
[  60% ] [90m[1m_update_scan_actions[22m | ui_frame_2k_codex_back_btn.png[39m[0m
[  61% ] [90m[1m_update_scan_actions[22m | ui_frame_2k_codex_detail.png[39m[0m
[  61% ] [90m[1m_update_scan_actions[22m | ui_frame_2k_codex_entry_card.png[39m[0m
[  61% ] [90m[1m_update_scan_actions[22m | ui_frame_2k_codex_list.png[39m[0m
[  61% ] [90m[1m_update_scan_actions[22m | ui_frame_2k_codex_main.png[39m[0m
[  61% ] [90m[1m_update_scan_actions[22m | ui_frame_2k_codex_nav.png[39m[0m
[  61% ] [90m[1m_update_scan_actions[22m | ui_frame_2k_codex_tab_btn.png[39m[0m
[  61% ] [90m[1m_update_scan_actions[22m | ui_frame_2k_cr_btn.png[39m[0m
[  61% ] [90m[1m_update_scan_actions[22m | ui_frame_2k_cr_panel.png[39m[0m
[  61% ] [90m[1m_update_scan_actions[22m | ui_frame_2k_ctb_big.png[39m[0m
[  61% ] [90m[1m_update_scan_actions[22m | ui_frame_2k_ctb_small.png[39m[0m
[  61% ] [90m[1m_update_scan_actions[22m | ui_frame_2k_evt_card.png[39m[0m
[  61% ] [90m[1m_update_scan_actions[22m | ui_frame_2k_evt_panel.png[39m[0m
[  61% ] [90m[1m_update_scan_actions[22m | ui_frame_2k_fb_btn_cancel.png[39m[0m
[  61% ] [90m[1m_update_scan_actions[22m | ui_frame_2k_fb_btn_send.png[39m[0m
[  61% ] [90m[1m_update_scan_actions[22m | ui_frame_2k_fb_panel.png[39m[0m
[  61% ] [90m[1m_update_scan_actions[22m | ui_frame_2k_gt_panel.png[39m[0m
[  61% ] [90m[1m_update_scan_actions[22m | ui_frame_2k_hs4_asc_btn.png[39m[0m
[  61% ] [90m[1m_update_scan_actions[22m | ui_frame_2k_hs4_carousel_panel.png[39m[0m
[  61% ] [90m[1m_update_scan_actions[22m | ui_frame_2k_hs4_choose_btn.png[39m[0m
[  61% ] [90m[1m_update_scan_actions[22m | ui_frame_2k_hs4_dossier_panel.png[39m[0m
[  61% ] [90m[1m_update_scan_actions[22m | ui_frame_2k_hs4_portrait_panel.png[39m[0m
[  61% ] [90m[1m_update_scan_actions[22m | ui_frame_2k_hs4_radar_panel.png[39m[0m
[  61% ] [90m[1m_update_scan_actions[22m | ui_frame_2k_level_up_card.png[39m[0m
[  61% ] [90m[1m_update_scan_actions[22m | ui_frame_2k_level_up_panel.png[39m[0m
[  61% ] [90m[1m_update_scan_actions[22m | ui_frame_2k_lut_toast.png[39m[0m
[  61% ] [90m[1m_update_scan_actions[22m | ui_frame_2k_mm_btn.png[39m[0m
[  61% ] [90m[1m_update_scan_actions[22m | ui_frame_2k_pd_btn.png[39m[0m
[  61% ] [90m[1m_update_scan_actions[22m | ui_frame_2k_pd_panel.png[39m[0m
[  61% ] [90m[1m_update_scan_actions[22m | ui_frame_2k_pm_btn.png[39m[0m
[  61% ] [90m[1m_update_scan_actions[22m | ui_frame_2k_pm_panel.png[39m[0m
[  61% ] [90m[1m_update_scan_actions[22m | ui_frame_2k_pn_panel.png[39m[0m
[  61% ] [90m[1m_update_scan_actions[22m | ui_frame_2k_qc_btn.png[39m[0m
[  61% ] [90m[1m_update_scan_actions[22m | ui_frame_2k_qc_modal.png[39m[0m
[  61% ] [90m[1m_update_scan_actions[22m | ui_frame_2k_qc_panel.png[39m[0m
[  61% ] [90m[1m_update_scan_actions[22m | ui_frame_2k_rc_btn.png[39m[0m
[  61% ] [90m[1m_update_scan_actions[22m | ui_frame_2k_rc_panel.png[39m[0m
[  61% ] [90m[1m_update_scan_actions[22m | ui_frame_2k_result_panel.png[39m[0m
[  61% ] [90m[1m_update_scan_actions[22m | ui_frame_2k_stat_tooltip.png[39m[0m
[  61% ] [90m[1m_update_scan_actions[22m | ui_frame_2k_st_panel.png[39m[0m
[  61% ] [90m[1m_update_scan_actions[22m | ui_frame_2k_upgrade_panel.png[39m[0m
[  62% ] [90m[1m_update_scan_actions[22m | ui_frame_2k_vbn_frame.png[39m[0m
[  62% ] [90m[1m_update_scan_actions[22m | ui_frame_2k_ws_btn_back.png[39m[0m
[  62% ] [90m[1m_update_scan_actions[22m | ui_frame_2k_ws_card.png[39m[0m
[  62% ] [90m[1m_update_scan_actions[22m | ui_frame_2k_ws_panel.png[39m[0m
[  62% ] [90m[1m_update_scan_actions[22m | ui_frame_pause_end_modal.png[39m[0m
[  62% ] [90m[1m_update_scan_actions[22m | ui_frame_progression_branch_panel.png[39m[0m
[  62% ] [90m[1m_update_scan_actions[22m | ui_frame_progression_class_panel.png[39m[0m
[  62% ] [90m[1m_update_scan_actions[22m | ui_frame_progression_main_panel.png[39m[0m
[  62% ] [90m[1m_update_scan_actions[22m | ui_frame_progression_node_available.png[39m[0m
[  62% ] [90m[1m_update_scan_actions[22m | ui_frame_progression_node_focus.png[39m[0m
[  62% ] [90m[1m_update_scan_actions[22m | ui_frame_progression_node_locked.png[39m[0m
[  62% ] [90m[1m_update_scan_actions[22m | ui_frame_progression_node_purchased.png[39m[0m
[  62% ] [90m[1m_update_scan_actions[22m | ui_frame_progression_points_badge.png[39m[0m
[  62% ] [90m[1m_update_scan_actions[22m | ui_frame_progression_tooltip.png[39m[0m
[  62% ] [90m[1m_update_scan_actions[22m | ui_btn_red_gold_attr_selector.png[39m[0m
[  62% ] [90m[1m_update_scan_actions[22m | ui_btn_red_gold_attr_selector_disabled.png[39m[0m
[  62% ] [90m[1m_update_scan_actions[22m | ui_btn_red_gold_attr_selector_hover.png[39m[0m
[  62% ] [90m[1m_update_scan_actions[22m | ui_btn_red_gold_attr_selector_pressed.png[39m[0m
[  62% ] [90m[1m_update_scan_actions[22m | ui_btn_red_gold_back_l.png[39m[0m
[  62% ] [90m[1m_update_scan_actions[22m | ui_btn_red_gold_back_l_disabled.png[39m[0m
[  62% ] [90m[1m_update_scan_actions[22m | ui_btn_red_gold_back_l_hover.png[39m[0m
[  62% ] [90m[1m_update_scan_actions[22m | ui_btn_red_gold_back_l_pressed.png[39m[0m
[  62% ] [90m[1m_update_scan_actions[22m | ui_btn_red_gold_back_m.png[39m[0m
[  62% ] [90m[1m_update_scan_actions[22m | ui_btn_red_gold_back_m_disabled.png[39m[0m
[  62% ] [90m[1m_update_scan_actions[22m | ui_btn_red_gold_back_m_hover.png[39m[0m
[  62% ] [90m[1m_update_scan_actions[22m | ui_btn_red_gold_back_m_pressed.png[39m[0m
[  62% ] [90m[1m_update_scan_actions[22m | ui_btn_red_gold_back_s.png[39m[0m
[  62% ] [90m[1m_update_scan_actions[22m | ui_btn_red_gold_back_s_disabled.png[39m[0m
[  62% ] [90m[1m_update_scan_actions[22m | ui_btn_red_gold_back_s_hover.png[39m[0m
[  62% ] [90m[1m_update_scan_actions[22m | ui_btn_red_gold_back_s_pressed.png[39m[0m
[  62% ] [90m[1m_update_scan_actions[22m | ui_btn_red_gold_codex_tab.png[39m[0m
[  62% ] [90m[1m_update_scan_actions[22m | ui_btn_red_gold_codex_tab_disabled.png[39m[0m
[  62% ] [90m[1m_update_scan_actions[22m | ui_btn_red_gold_codex_tab_hover.png[39m[0m
[  62% ] [90m[1m_update_scan_actions[22m | ui_btn_red_gold_codex_tab_pressed.png[39m[0m
[  62% ] [90m[1m_update_scan_actions[22m | ui_btn_red_gold_fab.png[39m[0m
[  62% ] [90m[1m_update_scan_actions[22m | ui_btn_red_gold_fab_disabled.png[39m[0m
[  62% ] [90m[1m_update_scan_actions[22m | ui_btn_red_gold_fab_hover.png[39m[0m
[  62% ] [90m[1m_update_scan_actions[22m | ui_btn_red_gold_fab_pressed.png[39m[0m
[  62% ] [90m[1m_update_scan_actions[22m | ui_btn_red_gold_hero_confirm.png[39m[0m
[  63% ] [90m[1m_update_scan_actions[22m | ui_btn_red_gold_hero_confirm_disabled.png[39m[0m
[  63% ] [90m[1m_update_scan_actions[22m | ui_btn_red_gold_hero_confirm_hover.png[39m[0m
[  63% ] [90m[1m_update_scan_actions[22m | ui_btn_red_gold_hero_confirm_pressed.png[39m[0m
[  63% ] [90m[1m_update_scan_actions[22m | ui_btn_red_gold_main_menu.png[39m[0m
[  63% ] [90m[1m_update_scan_actions[22m | ui_btn_red_gold_main_menu_disabled.png[39m[0m
[  63% ] [90m[1m_update_scan_actions[22m | ui_btn_red_gold_main_menu_hover.png[39m[0m
[  63% ] [90m[1m_update_scan_actions[22m | ui_btn_red_gold_main_menu_pressed.png[39m[0m
[  63% ] [90m[1m_update_scan_actions[22m | ui_btn_red_gold_max.png[39m[0m
[  63% ] [90m[1m_update_scan_actions[22m | ui_btn_red_gold_max_disabled.png[39m[0m
[  63% ] [90m[1m_update_scan_actions[22m | ui_btn_red_gold_max_hover.png[39m[0m
[  63% ] [90m[1m_update_scan_actions[22m | ui_btn_red_gold_max_pressed.png[39m[0m
[  63% ] [90m[1m_update_scan_actions[22m | ui_btn_red_gold_pause.png[39m[0m
[  63% ] [90m[1m_update_scan_actions[22m | ui_btn_red_gold_pause_disabled.png[39m[0m
[  63% ] [90m[1m_update_scan_actions[22m | ui_btn_red_gold_pause_hover.png[39m[0m
[  63% ] [90m[1m_update_scan_actions[22m | ui_btn_red_gold_pause_pressed.png[39m[0m
[  63% ] [90m[1m_update_scan_actions[22m | ui_btn_red_gold_rebind.png[39m[0m
[  63% ] [90m[1m_update_scan_actions[22m | ui_btn_red_gold_rebind_disabled.png[39m[0m
[  63% ] [90m[1m_update_scan_actions[22m | ui_btn_red_gold_rebind_hover.png[39m[0m
[  63% ] [90m[1m_update_scan_actions[22m | ui_btn_red_gold_rebind_pressed.png[39m[0m
[  63% ] [90m[1m_update_scan_actions[22m | ui_btn_red_gold_reset_audio.png[39m[0m
[  63% ] [90m[1m_update_scan_actions[22m | ui_btn_red_gold_reset_audio_disabled.png[39m[0m
[  63% ] [90m[1m_update_scan_actions[22m | ui_btn_red_gold_reset_audio_hover.png[39m[0m
[  63% ] [90m[1m_update_scan_actions[22m | ui_btn_red_gold_reset_audio_pressed.png[39m[0m
[  63% ] [90m[1m_update_scan_actions[22m | ui_btn_red_gold_reset_bindings.png[39m[0m
[  63% ] [90m[1m_update_scan_actions[22m | ui_btn_red_gold_reset_bindings_disabled.png[39m[0m
[  63% ] [90m[1m_update_scan_actions[22m | ui_btn_red_gold_reset_bindings_hover.png[39m[0m
[  63% ] [90m[1m_update_scan_actions[22m | ui_btn_red_gold_reset_bindings_pressed.png[39m[0m
[  63% ] [90m[1m_update_scan_actions[22m | ui_btn_red_gold_standard.png[39m[0m
[  63% ] [90m[1m_update_scan_actions[22m | ui_btn_red_gold_standard_disabled.png[39m[0m
[  63% ] [90m[1m_update_scan_actions[22m | ui_btn_red_gold_standard_hover.png[39m[0m
[  63% ] [90m[1m_update_scan_actions[22m | ui_btn_red_gold_standard_pressed.png[39m[0m
[  63% ] [90m[1m_update_scan_actions[22m | ui_btn_red_gold_utility.png[39m[0m
[  63% ] [90m[1m_update_scan_actions[22m | ui_btn_red_gold_utility_disabled.png[39m[0m
[  63% ] [90m[1m_update_scan_actions[22m | ui_btn_red_gold_utility_hover.png[39m[0m
[  63% ] [90m[1m_update_scan_actions[22m | ui_btn_red_gold_utility_pressed.png[39m[0m
[  63% ] [90m[1m_update_scan_actions[22m | ui_frame_reward_card.png[39m[0m
[  63% ] [90m[1m_update_scan_actions[22m | ui_frame_reward_card_hover.png[39m[0m
[  63% ] [90m[1m_update_scan_actions[22m | ui_frame_reward_elite_artifact_card.png[39m[0m
[  63% ] [90m[1m_update_scan_actions[22m | ui_frame_reward_elite_artifact_card_hover.png[39m[0m
[  63% ] [90m[1m_update_scan_actions[22m | ui_frame_settings_tab_switcher.png[39m[0m
[  64% ] [90m[1m_update_scan_actions[22m | ui_frame_settings_tab_switcher_3slot.png[39m[0m
[  64% ] [90m[1m_update_scan_actions[22m | ui_frame_settings_v2_control_row.png[39m[0m
[  64% ] [90m[1m_update_scan_actions[22m | ui_frame_settings_v2_main_modal.png[39m[0m
[  64% ] [90m[1m_update_scan_actions[22m | ui_frame_settings_v2_section_panel.png[39m[0m
[  64% ] [90m[1m_update_scan_actions[22m | ui_frame_settings_v2_tab_switcher_3slot.png[39m[0m
[  64% ] [90m[1m_update_scan_actions[22m | ui_frame_settings_v3_action_button.png[39m[0m
[  64% ] [90m[1m_update_scan_actions[22m | ui_frame_settings_v3_content_panel.png[39m[0m
[  64% ] [90m[1m_update_scan_actions[22m | ui_frame_settings_v3_inset_field.png[39m[0m
[  64% ] [90m[1m_update_scan_actions[22m | ui_frame_settings_v3_main_modal.png[39m[0m
[  64% ] [90m[1m_update_scan_actions[22m | ui_frame_settings_v3_tab_switcher.png[39m[0m
[  64% ] [90m[1m_update_scan_actions[22m | ui_btn_text_unique_back_260x104_disabled.png[39m[0m
[  64% ] [90m[1m_update_scan_actions[22m | ui_btn_text_unique_back_260x104_focus.png[39m[0m
[  64% ] [90m[1m_update_scan_actions[22m | ui_btn_text_unique_back_260x104_hover.png[39m[0m
[  64% ] [90m[1m_update_scan_actions[22m | ui_btn_text_unique_back_260x104_normal.png[39m[0m
[  64% ] [90m[1m_update_scan_actions[22m | ui_btn_text_unique_back_260x104_pressed.png[39m[0m
[  64% ] [90m[1m_update_scan_actions[22m | ui_btn_text_unique_continue_240x72_disabled.png[39m[0m
[  64% ] [90m[1m_update_scan_actions[22m | ui_btn_text_unique_continue_240x72_focus.png[39m[0m
[  64% ] [90m[1m_update_scan_actions[22m | ui_btn_text_unique_continue_240x72_hover.png[39m[0m
[  64% ] [90m[1m_update_scan_actions[22m | ui_btn_text_unique_continue_240x72_normal.png[39m[0m
[  64% ] [90m[1m_update_scan_actions[22m | ui_btn_text_unique_continue_240x72_pressed.png[39m[0m
[  64% ] [90m[1m_update_scan_actions[22m | ui_btn_text_unique_continue_run_long_420x72_disabled.png[39m[0m
[  64% ] [90m[1m_update_scan_actions[22m | ui_btn_text_unique_continue_run_long_420x72_focus.png[39m[0m
[  64% ] [90m[1m_update_scan_actions[22m | ui_btn_text_unique_continue_run_long_420x72_hover.png[39m[0m
[  64% ] [90m[1m_update_scan_actions[22m | ui_btn_text_unique_continue_run_long_420x72_normal.png[39m[0m
[  64% ] [90m[1m_update_scan_actions[22m | ui_btn_text_unique_continue_run_long_420x72_pressed.png[39m[0m
[  64% ] [90m[1m_update_scan_actions[22m | ui_btn_text_unique_event_back_380x54_disabled.png[39m[0m
[  64% ] [90m[1m_update_scan_actions[22m | ui_btn_text_unique_event_back_380x54_focus.png[39m[0m
[  64% ] [90m[1m_update_scan_actions[22m | ui_btn_text_unique_event_back_380x54_hover.png[39m[0m
[  64% ] [90m[1m_update_scan_actions[22m | ui_btn_text_unique_event_back_380x54_normal.png[39m[0m
[  64% ] [90m[1m_update_scan_actions[22m | ui_btn_text_unique_event_back_380x54_pressed.png[39m[0m
[  64% ] [90m[1m_update_scan_actions[22m | ui_btn_text_unique_feedback_260x64_disabled.png[39m[0m
[  64% ] [90m[1m_update_scan_actions[22m | ui_btn_text_unique_feedback_260x64_focus.png[39m[0m
[  64% ] [90m[1m_update_scan_actions[22m | ui_btn_text_unique_feedback_260x64_hover.png[39m[0m
[  64% ] [90m[1m_update_scan_actions[22m | ui_btn_text_unique_feedback_260x64_normal.png[39m[0m
[  64% ] [90m[1m_update_scan_actions[22m | ui_btn_text_unique_feedback_260x64_pressed.png[39m[0m
[  64% ] [90m[1m_update_scan_actions[22m | ui_btn_text_unique_feedback_cancel_220x64_disabled.png[39m[0m
[  64% ] [90m[1m_update_scan_actions[22m | ui_btn_text_unique_feedback_cancel_220x64_focus.png[39m[0m
[  64% ] [90m[1m_update_scan_actions[22m | ui_btn_text_unique_feedback_cancel_220x64_hover.png[39m[0m
[  64% ] [90m[1m_update_scan_actions[22m | ui_btn_text_unique_feedback_cancel_220x64_normal.png[39m[0m
[  65% ] [90m[1m_update_scan_actions[22m | ui_btn_text_unique_feedback_cancel_220x64_pressed.png[39m[0m
[  65% ] [90m[1m_update_scan_actions[22m | ui_btn_text_unique_later_260x72_disabled.png[39m[0m
[  65% ] [90m[1m_update_scan_actions[22m | ui_btn_text_unique_later_260x72_focus.png[39m[0m
[  65% ] [90m[1m_update_scan_actions[22m | ui_btn_text_unique_later_260x72_hover.png[39m[0m
[  65% ] [90m[1m_update_scan_actions[22m | ui_btn_text_unique_later_260x72_normal.png[39m[0m
[  65% ] [90m[1m_update_scan_actions[22m | ui_btn_text_unique_later_260x72_pressed.png[39m[0m
[  65% ] [90m[1m_update_scan_actions[22m | ui_btn_text_unique_main_menu_380x104_disabled.png[39m[0m
[  65% ] [90m[1m_update_scan_actions[22m | ui_btn_text_unique_main_menu_380x104_focus.png[39m[0m
[  65% ] [90m[1m_update_scan_actions[22m | ui_btn_text_unique_main_menu_380x104_hover.png[39m[0m
[  65% ] [90m[1m_update_scan_actions[22m | ui_btn_text_unique_main_menu_380x104_normal.png[39m[0m
[  65% ] [90m[1m_update_scan_actions[22m | ui_btn_text_unique_main_menu_380x104_pressed.png[39m[0m
[  65% ] [90m[1m_update_scan_actions[22m | ui_btn_text_unique_pause_280x60_disabled.png[39m[0m
[  65% ] [90m[1m_update_scan_actions[22m | ui_btn_text_unique_pause_280x60_focus.png[39m[0m
[  65% ] [90m[1m_update_scan_actions[22m | ui_btn_text_unique_pause_280x60_hover.png[39m[0m
[  65% ] [90m[1m_update_scan_actions[22m | ui_btn_text_unique_pause_280x60_normal.png[39m[0m
[  65% ] [90m[1m_update_scan_actions[22m | ui_btn_text_unique_pause_280x60_pressed.png[39m[0m
[  65% ] [90m[1m_update_scan_actions[22m | ui_btn_text_unique_quit_220x72_disabled.png[39m[0m
[  65% ] [90m[1m_update_scan_actions[22m | ui_btn_text_unique_quit_220x72_focus.png[39m[0m
[  65% ] [90m[1m_update_scan_actions[22m | ui_btn_text_unique_quit_220x72_hover.png[39m[0m
[  65% ] [90m[1m_update_scan_actions[22m | ui_btn_text_unique_quit_220x72_normal.png[39m[0m
[  65% ] [90m[1m_update_scan_actions[22m | ui_btn_text_unique_quit_220x72_pressed.png[39m[0m
[  65% ] [90m[1m_update_scan_actions[22m | ui_btn_text_unique_rebind_420x62_disabled.png[39m[0m
[  65% ] [90m[1m_update_scan_actions[22m | ui_btn_text_unique_rebind_420x62_focus.png[39m[0m
[  65% ] [90m[1m_update_scan_actions[22m | ui_btn_text_unique_rebind_420x62_hover.png[39m[0m
[  65% ] [90m[1m_update_scan_actions[22m | ui_btn_text_unique_rebind_420x62_normal.png[39m[0m
[  65% ] [90m[1m_update_scan_actions[22m | ui_btn_text_unique_rebind_420x62_pressed.png[39m[0m
[  65% ] [90m[1m_update_scan_actions[22m | ui_btn_text_unique_reset_bindings_long_560x104_disabled.png[39m[0m
[  65% ] [90m[1m_update_scan_actions[22m | ui_btn_text_unique_reset_bindings_long_560x104_focus.png[39m[0m
[  65% ] [90m[1m_update_scan_actions[22m | ui_btn_text_unique_reset_bindings_long_560x104_hover.png[39m[0m
[  65% ] [90m[1m_update_scan_actions[22m | ui_btn_text_unique_reset_bindings_long_560x104_normal.png[39m[0m
[  65% ] [90m[1m_update_scan_actions[22m | ui_btn_text_unique_reset_bindings_long_560x104_pressed.png[39m[0m
[  65% ] [90m[1m_update_scan_actions[22m | ui_btn_text_unique_settings_back_280x64_disabled.png[39m[0m
[  65% ] [90m[1m_update_scan_actions[22m | ui_btn_text_unique_settings_back_280x64_focus.png[39m[0m
[  65% ] [90m[1m_update_scan_actions[22m | ui_btn_text_unique_settings_back_280x64_hover.png[39m[0m
[  65% ] [90m[1m_update_scan_actions[22m | ui_btn_text_unique_settings_back_280x64_normal.png[39m[0m
[  65% ] [90m[1m_update_scan_actions[22m | ui_btn_text_unique_settings_back_280x64_pressed.png[39m[0m
[  65% ] [90m[1m_update_scan_actions[22m | ui_btn_text_unique_standard_420x104_disabled.png[39m[0m
[  65% ] [90m[1m_update_scan_actions[22m | ui_btn_text_unique_standard_420x104_focus.png[39m[0m
[  65% ] [90m[1m_update_scan_actions[22m | ui_btn_text_unique_standard_420x104_hover.png[39m[0m
[  65% ] [90m[1m_update_scan_actions[22m | ui_btn_text_unique_standard_420x104_normal.png[39m[0m
[  66% ] [90m[1m_update_scan_actions[22m | ui_btn_text_unique_standard_420x104_pressed.png[39m[0m
[  66% ] [90m[1m_update_scan_actions[22m | ui_btn_text_unique_wide_440x104_disabled.png[39m[0m
[  66% ] [90m[1m_update_scan_actions[22m | ui_btn_text_unique_wide_440x104_focus.png[39m[0m
[  66% ] [90m[1m_update_scan_actions[22m | ui_btn_text_unique_wide_440x104_hover.png[39m[0m
[  66% ] [90m[1m_update_scan_actions[22m | ui_btn_text_unique_wide_440x104_normal.png[39m[0m
[  66% ] [90m[1m_update_scan_actions[22m | ui_btn_text_unique_wide_440x104_pressed.png[39m[0m
[  66% ] [90m[1m_update_scan_actions[22m | ui_frame_unified_hover_overlay.png[39m[0m
[  66% ] [90m[1m_update_scan_actions[22m | ui_frame_unified_inner_fill.png[39m[0m
[  66% ] [90m[1m_update_scan_actions[22m | ui_frame_unified_master.png[39m[0m
[  66% ] [90m[1m_update_scan_actions[22m | ui_frame_unified_master_fill.png[39m[0m
[  66% ] [90m[1m_update_scan_actions[22m | ui_frame_unified_ornament_bottom.png[39m[0m
[  66% ] [90m[1m_update_scan_actions[22m | ui_frame_unified_ornament_top.png[39m[0m
[  66% ] [90m[1m_update_scan_actions[22m | background.png[39m[0m
[  66% ] [90m[1m_update_scan_actions[22m | ui_hud_bar_fill_gold.png[39m[0m
[  66% ] [90m[1m_update_scan_actions[22m | ui_hud_bar_fill_hp.png[39m[0m
[  66% ] [90m[1m_update_scan_actions[22m | ui_hud_bar_fill_ult.png[39m[0m
[  66% ] [90m[1m_update_scan_actions[22m | ui_hud_bar_fill_xp.png[39m[0m
[  66% ] [90m[1m_update_scan_actions[22m | ui_hud_gold_medallion.png[39m[0m
[  66% ] [90m[1m_update_scan_actions[22m | hud_hp.png[39m[0m
[  66% ] [90m[1m_update_scan_actions[22m | hud_money.png[39m[0m
[  66% ] [90m[1m_update_scan_actions[22m | hud_xp.png[39m[0m
[  66% ] [90m[1m_update_scan_actions[22m | timer_frame.png[39m[0m
[  66% ] [90m[1m_update_scan_actions[22m | timer_frame_alarm.png[39m[0m
[  66% ] [90m[1m_update_scan_actions[22m | artifact_ash_page.png[39m[0m
[  66% ] [90m[1m_update_scan_actions[22m | artifact_banner_seed.png[39m[0m
[  66% ] [90m[1m_update_scan_actions[22m | artifact_bass_cable.png[39m[0m
[  66% ] [90m[1m_update_scan_actions[22m | artifact_berserk_totem.png[39m[0m
[  66% ] [90m[1m_update_scan_actions[22m | artifact_blood_pact.png[39m[0m
[  66% ] [90m[1m_update_scan_actions[22m | artifact_blood_sigil.png[39m[0m
[  66% ] [90m[1m_update_scan_actions[22m | artifact_breather_totem.png[39m[0m
[  66% ] [90m[1m_update_scan_actions[22m | artifact_broken_pick.png[39m[0m
[  66% ] [90m[1m_update_scan_actions[22m | artifact_bulwark_echo.png[39m[0m
[  66% ] [90m[1m_update_scan_actions[22m | artifact_burning_shard.png[39m[0m
[  66% ] [90m[1m_update_scan_actions[22m | artifact_captains_coin.png[39m[0m
[  66% ] [90m[1m_update_scan_actions[22m | artifact_chain_spark.png[39m[0m
[  66% ] [90m[1m_update_scan_actions[22m | artifact_copper_string.png[39m[0m
[  66% ] [90m[1m_update_scan_actions[22m | artifact_counterwave_sigil.png[39m[0m
[  66% ] [90m[1m_update_scan_actions[22m | artifact_cracked_shield.png[39m[0m
[  66% ] [90m[1m_update_scan_actions[22m | artifact_crit_impulse.png[39m[0m
[  67% ] [90m[1m_update_scan_actions[22m | artifact_cursed_crown.png[39m[0m
[  67% ] [90m[1m_update_scan_actions[22m | artifact_dark_crystal.png[39m[0m
[  67% ] [90m[1m_update_scan_actions[22m | artifact_duelist_spur.png[39m[0m
[  67% ] [90m[1m_update_scan_actions[22m | artifact_echo_core.png[39m[0m
[  67% ] [90m[1m_update_scan_actions[22m | artifact_echo_pick.png[39m[0m
[  67% ] [90m[1m_update_scan_actions[22m | artifact_ember_core.png[39m[0m
[  67% ] [90m[1m_update_scan_actions[22m | artifact_fast_boots.png[39m[0m
[  67% ] [90m[1m_update_scan_actions[22m | artifact_field_kit.png[39m[0m
[  67% ] [90m[1m_update_scan_actions[22m | artifact_focus_lens.png[39m[0m
[  67% ] [90m[1m_update_scan_actions[22m | artifact_fox_boots.png[39m[0m
[  67% ] [90m[1m_update_scan_actions[22m | artifact_fragile_heart.png[39m[0m
[  67% ] [90m[1m_update_scan_actions[22m | artifact_glass_edge.png[39m[0m
[  67% ] [90m[1m_update_scan_actions[22m | artifact_glass_orb.png[39m[0m
[  67% ] [90m[1m_update_scan_actions[22m | artifact_golden_route_mark.png[39m[0m
[  67% ] [90m[1m_update_scan_actions[22m | artifact_greedy_purse.png[39m[0m
[  67% ] [90m[1m_update_scan_actions[22m | artifact_guardian_bulwark.png[39m[0m
[  67% ] [90m[1m_update_scan_actions[22m | artifact_hawk_lens.png[39m[0m
[  67% ] [90m[1m_update_scan_actions[22m | artifact_heavy_grip.png[39m[0m
[  67% ] [90m[1m_update_scan_actions[22m | artifact_heavy_totem.png[39m[0m
[  67% ] [90m[1m_update_scan_actions[22m | artifact_hungry_amulet.png[39m[0m
[  67% ] [90m[1m_update_scan_actions[22m | artifact_ink_candle.png[39m[0m
[  67% ] [90m[1m_update_scan_actions[22m | artifact_jagged_blade.png[39m[0m
[  67% ] [90m[1m_update_scan_actions[22m | artifact_leech_fang.png[39m[0m
[  67% ] [90m[1m_update_scan_actions[22m | artifact_leech_heart.png[39m[0m
[  67% ] [90m[1m_update_scan_actions[22m | artifact_living_root.png[39m[0m
[  67% ] [90m[1m_update_scan_actions[22m | artifact_loud_amp.png[39m[0m
[  67% ] [90m[1m_update_scan_actions[22m | artifact_magnetic_buckle.png[39m[0m
[  67% ] [90m[1m_update_scan_actions[22m | artifact_old_codex.png[39m[0m
[  67% ] [90m[1m_update_scan_actions[22m | artifact_phantom_step.png[39m[0m
[  67% ] [90m[1m_update_scan_actions[22m | artifact_powder_charge.png[39m[0m
[  67% ] [90m[1m_update_scan_actions[22m | artifact_quickstring.png[39m[0m
[  67% ] [90m[1m_update_scan_actions[22m | artifact_red_whetstone.png[39m[0m
[  67% ] [90m[1m_update_scan_actions[22m | artifact_rift_key.png[39m[0m
[  67% ] [90m[1m_update_scan_actions[22m | artifact_sacrifice_seal.png[39m[0m
[  67% ] [90m[1m_update_scan_actions[22m | artifact_second_wind.png[39m[0m
[  67% ] [90m[1m_update_scan_actions[22m | artifact_sharp_talisman.png[39m[0m
[  67% ] [90m[1m_update_scan_actions[22m | artifact_silver_coin.png[39m[0m
[  67% ] [90m[1m_update_scan_actions[22m | artifact_skull_resonator.png[39m[0m
[  67% ] [90m[1m_update_scan_actions[22m | artifact_soul_harvest.png[39m[0m
[  67% ] [90m[1m_update_scan_actions[22m | artifact_splinter_gloves.png[39m[0m
[  68% ] [90m[1m_update_scan_actions[22m | artifact_split_core.png[39m[0m
[  68% ] [90m[1m_update_scan_actions[22m | artifact_star_compass.png[39m[0m
[  68% ] [90m[1m_update_scan_actions[22m | artifact_stone_heart.png[39m[0m
[  68% ] [90m[1m_update_scan_actions[22m | artifact_stone_hide.png[39m[0m
[  68% ] [90m[1m_update_scan_actions[22m | artifact_sturdy_amulet.png[39m[0m
[  68% ] [90m[1m_update_scan_actions[22m | artifact_summoners_bell.png[39m[0m
[  68% ] [90m[1m_update_scan_actions[22m | artifact_survival_manual.png[39m[0m
[  68% ] [90m[1m_update_scan_actions[22m | artifact_swift_ink.png[39m[0m
[  68% ] [90m[1m_update_scan_actions[22m | artifact_thorn_pact.png[39m[0m
[  68% ] [90m[1m_update_scan_actions[22m | artifact_vital_siphon.png[39m[0m
[  68% ] [90m[1m_update_scan_actions[22m | artifact_void_ink.png[39m[0m
[  68% ] [90m[1m_update_scan_actions[22m | artifact_warriors_rage.png[39m[0m
[  68% ] [90m[1m_update_scan_actions[22m | artifact_warrior_charm.png[39m[0m
[  68% ] [90m[1m_update_scan_actions[22m | artifact_war_belt.png[39m[0m
[  68% ] [90m[1m_update_scan_actions[22m | artifact_wide_sigil.png[39m[0m
[  68% ] [90m[1m_update_scan_actions[22m | attr_absorb.png[39m[0m
[  68% ] [90m[1m_update_scan_actions[22m | attr_aoe_radius.png[39m[0m
[  68% ] [90m[1m_update_scan_actions[22m | attr_attack_range.png[39m[0m
[  68% ] [90m[1m_update_scan_actions[22m | attr_attack_speed.png[39m[0m
[  68% ] [90m[1m_update_scan_actions[22m | attr_aura_radius.png[39m[0m
[  68% ] [90m[1m_update_scan_actions[22m | attr_buff_power.png[39m[0m
[  68% ] [90m[1m_update_scan_actions[22m | attr_crit_chance.png[39m[0m
[  68% ] [90m[1m_update_scan_actions[22m | attr_crit_damage_multiplier.png[39m[0m
[  68% ] [90m[1m_update_scan_actions[22m | attr_damage.png[39m[0m
[  68% ] [90m[1m_update_scan_actions[22m | attr_defense.png[39m[0m
[  68% ] [90m[1m_update_scan_actions[22m | attr_dodge.png[39m[0m
[  68% ] [90m[1m_update_scan_actions[22m | attr_dot_damage.png[39m[0m
[  68% ] [90m[1m_update_scan_actions[22m | attr_dot_speed.png[39m[0m
[  68% ] [90m[1m_update_scan_actions[22m | attr_health_point.png[39m[0m
[  68% ] [90m[1m_update_scan_actions[22m | attr_knockback_distance.png[39m[0m
[  68% ] [90m[1m_update_scan_actions[22m | attr_knockback_power.png[39m[0m
[  68% ] [90m[1m_update_scan_actions[22m | attr_magic_damage.png[39m[0m
[  68% ] [90m[1m_update_scan_actions[22m | attr_move_speed.png[39m[0m
[  68% ] [90m[1m_update_scan_actions[22m | attr_pickup_radius.png[39m[0m
[  68% ] [90m[1m_update_scan_actions[22m | attr_projectile_speed.png[39m[0m
[  68% ] [90m[1m_update_scan_actions[22m | attr_range_multiplier.png[39m[0m
[  68% ] [90m[1m_update_scan_actions[22m | attr_regeneration.png[39m[0m
[  68% ] [90m[1m_update_scan_actions[22m | attr_sound_wave_damage.png[39m[0m
[  68% ] [90m[1m_update_scan_actions[22m | attr_summon_amount.png[39m[0m
[  69% ] [90m[1m_update_scan_actions[22m | attr_ultimate_multiplier.png[39m[0m
[  69% ] [90m[1m_update_scan_actions[22m | attr_vampiric_amount.png[39m[0m
[  69% ] [90m[1m_update_scan_actions[22m | attr_vampiric_chance.png[39m[0m
[  69% ] [90m[1m_update_scan_actions[22m | shop_shop_artifact.png[39m[0m
[  69% ] [90m[1m_update_scan_actions[22m | shop_shop_damage.png[39m[0m
[  69% ] [90m[1m_update_scan_actions[22m | shop_shop_heal.png[39m[0m
[  69% ] [90m[1m_update_scan_actions[22m | shop_shop_pickup.png[39m[0m
[  69% ] [90m[1m_update_scan_actions[22m | shop_shop_range.png[39m[0m
[  69% ] [90m[1m_update_scan_actions[22m | shop_shop_speed.png[39m[0m
[  69% ] [90m[1m_update_scan_actions[22m | shop_shop_weapon_cooldown.png[39m[0m
[  69% ] [90m[1m_update_scan_actions[22m | stat_agility.png[39m[0m
[  69% ] [90m[1m_update_scan_actions[22m | stat_endurance.png[39m[0m
[  69% ] [90m[1m_update_scan_actions[22m | stat_energy.png[39m[0m
[  69% ] [90m[1m_update_scan_actions[22m | stat_intelligence.png[39m[0m
[  69% ] [90m[1m_update_scan_actions[22m | stat_knowledge.png[39m[0m
[  69% ] [90m[1m_update_scan_actions[22m | stat_leadership.png[39m[0m
[  69% ] [90m[1m_update_scan_actions[22m | stat_perception.png[39m[0m
[  69% ] [90m[1m_update_scan_actions[22m | stat_strength.png[39m[0m
[  69% ] [90m[1m_update_scan_actions[22m | ui_arrow_down.png[39m[0m
[  69% ] [90m[1m_update_scan_actions[22m | ui_arrow_left.png[39m[0m
[  69% ] [90m[1m_update_scan_actions[22m | ui_arrow_right.png[39m[0m
[  69% ] [90m[1m_update_scan_actions[22m | ui_arrow_up.png[39m[0m
[  69% ] [90m[1m_update_scan_actions[22m | ui_back.png[39m[0m
[  69% ] [90m[1m_update_scan_actions[22m | ui_checkbox_checked.png[39m[0m
[  69% ] [90m[1m_update_scan_actions[22m | ui_checkbox_unchecked.png[39m[0m
[  69% ] [90m[1m_update_scan_actions[22m | ui_close.png[39m[0m
[  69% ] [90m[1m_update_scan_actions[22m | ui_scrollbar_grabber.png[39m[0m
[  69% ] [90m[1m_update_scan_actions[22m | ui_settings.png[39m[0m
[  69% ] [90m[1m_update_scan_actions[22m | ui_slider_grabber.png[39m[0m
[  69% ] [90m[1m_update_scan_actions[22m | ui_slider_track.png[39m[0m
[  69% ] [90m[1m_update_scan_actions[22m | continue_run_title.png[39m[0m
[  69% ] [90m[1m_update_scan_actions[22m | main_menu_title_fantasy_disk.png[39m[0m
[  69% ] [90m[1m_update_scan_actions[22m | ui_crest_defeat.png[39m[0m
[  69% ] [90m[1m_update_scan_actions[22m | ui_crest_victory.png[39m[0m
[  69% ] [90m[1m_update_scan_actions[22m | ui_shop_artifact_slot_frame.png[39m[0m
[  69% ] [90m[1m_update_scan_actions[22m | ui_shop_artifact_slot_hover.png[39m[0m
[  69% ] [90m[1m_update_scan_actions[22m | ui_shop_caption_plate.png[39m[0m
[  69% ] [90m[1m_update_scan_actions[22m | ui_shop_price_badge.png[39m[0m
[  69% ] [90m[1m_update_scan_actions[22m | ui_shop_purchased_overlay.png[39m[0m
[  69% ] [90m[1m_update_scan_actions[22m | ui_shop_tooltip_frame.png[39m[0m
[  70% ] [90m[1m_update_scan_actions[22m | bg_canvas.png[39m[0m
[  70% ] [90m[1m_update_scan_actions[22m | btn_back.png[39m[0m
[  70% ] [90m[1m_update_scan_actions[22m | btn_info.png[39m[0m
[  70% ] [90m[1m_update_scan_actions[22m | btn_reset.png[39m[0m
[  70% ] [90m[1m_update_scan_actions[22m | btn_zoom_in.png[39m[0m
[  70% ] [90m[1m_update_scan_actions[22m | btn_zoom_out.png[39m[0m
[  70% ] [90m[1m_update_scan_actions[22m | class_entry_marker.png[39m[0m
[  70% ] [90m[1m_update_scan_actions[22m | connector_active.png[39m[0m
[  70% ] [90m[1m_update_scan_actions[22m | connector_locked.png[39m[0m
[  70% ] [90m[1m_update_scan_actions[22m | header_bar.png[39m[0m
[  70% ] [90m[1m_update_scan_actions[22m | node_keystone_allocated.png[39m[0m
[  70% ] [90m[1m_update_scan_actions[22m | node_keystone_available.png[39m[0m
[  70% ] [90m[1m_update_scan_actions[22m | node_keystone_locked.png[39m[0m
[  70% ] [90m[1m_update_scan_actions[22m | node_notable_allocated.png[39m[0m
[  70% ] [90m[1m_update_scan_actions[22m | node_notable_available.png[39m[0m
[  70% ] [90m[1m_update_scan_actions[22m | node_notable_locked.png[39m[0m
[  70% ] [90m[1m_update_scan_actions[22m | node_state_available.png[39m[0m
[  70% ] [90m[1m_update_scan_actions[22m | node_state_locked.png[39m[0m
[  70% ] [90m[1m_update_scan_actions[22m | node_state_purchased.png[39m[0m
[  70% ] [90m[1m_update_scan_actions[22m | ui_badge_skill_points.png[39m[0m
[  70% ] [90m[1m_update_scan_actions[22m | ui_btn_skill_points.png[39m[0m
[  70% ] [90m[1m_update_scan_actions[22m | ui_frame_skill_tree_class_popup.png[39m[0m
[  70% ] [90m[1m_update_scan_actions[22m | ui_frame_skill_tree_class_select.png[39m[0m
[  70% ] [90m[1m_update_scan_actions[22m | ui_frame_skill_tree_main.png[39m[0m
[  70% ] [90m[1m_update_scan_actions[22m | ui_frame_skill_tree_path_endure.png[39m[0m
[  70% ] [90m[1m_update_scan_actions[22m | ui_frame_skill_tree_path_lore.png[39m[0m
[  70% ] [90m[1m_update_scan_actions[22m | ui_frame_skill_tree_path_might.png[39m[0m
[  70% ] [90m[1m_update_scan_actions[22m | ui_frame_skill_tree_path_wealth.png[39m[0m
[  70% ] [90m[1m_update_scan_actions[22m | acid_flask.png[39m[0m
[  70% ] [90m[1m_update_scan_actions[22m | bass_guitar.png[39m[0m
[  70% ] [90m[1m_update_scan_actions[22m | biologist_sample_injector.png[39m[0m
[  70% ] [90m[1m_update_scan_actions[22m | biologist_spore_lens.png[39m[0m
[  70% ] [90m[1m_update_scan_actions[22m | biologist_symbiote_seed.png[39m[0m
[  70% ] [90m[1m_update_scan_actions[22m | blast_powder.png[39m[0m
[  70% ] [90m[1m_update_scan_actions[22m | bone_saw.png[39m[0m
[  70% ] [90m[1m_update_scan_actions[22m | briar_staff.png[39m[0m
[  70% ] [90m[1m_update_scan_actions[22m | chakrams.png[39m[0m
[  70% ] [90m[1m_update_scan_actions[22m | cursed_skull.png[39m[0m
[  70% ] [90m[1m_update_scan_actions[22m | dark_book.png[39m[0m
[  70% ] [90m[1m_update_scan_actions[22m | dark_wand.png[39m[0m
[  71% ] [90m[1m_update_scan_actions[22m | electric_guitar.png[39m[0m
[  71% ] [90m[1m_update_scan_actions[22m | elementalist_meteor_core.png[39m[0m
[  71% ] [90m[1m_update_scan_actions[22m | elementalist_orb_ring.png[39m[0m
[  71% ] [90m[1m_update_scan_actions[22m | elementalist_prism_focus.png[39m[0m
[  71% ] [90m[1m_update_scan_actions[22m | engineer_pressure_mines.png[39m[0m
[  71% ] [90m[1m_update_scan_actions[22m | engineer_repair_drone.png[39m[0m
[  71% ] [90m[1m_update_scan_actions[22m | engineer_sentry_wrench.png[39m[0m
[  71% ] [90m[1m_update_scan_actions[22m | holy_flail.png[39m[0m
[  71% ] [90m[1m_update_scan_actions[22m | homunculus_vial.png[39m[0m
[  71% ] [90m[1m_update_scan_actions[22m | hunter_trap.png[39m[0m
[  71% ] [90m[1m_update_scan_actions[22m | long_spear.png[39m[0m
[  71% ] [90m[1m_update_scan_actions[22m | moon_crossbow.png[39m[0m
[  71% ] [90m[1m_update_scan_actions[22m | plague_syringe.png[39m[0m
[  71% ] [90m[1m_update_scan_actions[22m | priest_censer.png[39m[0m
[  71% ] [90m[1m_update_scan_actions[22m | priest_chime.png[39m[0m
[  71% ] [90m[1m_update_scan_actions[22m | priest_reliquary.png[39m[0m
[  71% ] [90m[1m_update_scan_actions[22m | raven_totem.png[39m[0m
[  71% ] [90m[1m_update_scan_actions[22m | restore_potion.png[39m[0m
[  71% ] [90m[1m_update_scan_actions[22m | robot_hydraulic_press.png[39m[0m
[  71% ] [90m[1m_update_scan_actions[22m | robot_magnetic_anchor.png[39m[0m
[  71% ] [90m[1m_update_scan_actions[22m | robot_reactor_core.png[39m[0m
[  71% ] [90m[1m_update_scan_actions[22m | shadow_daggers.png[39m[0m
[  71% ] [90m[1m_update_scan_actions[22m | sniper_deadeye_rifle.png[39m[0m
[  71% ] [90m[1m_update_scan_actions[22m | sniper_shatter_rounds.png[39m[0m
[  71% ] [90m[1m_update_scan_actions[22m | sniper_spotter_scope.png[39m[0m
[  71% ] [90m[1m_update_scan_actions[22m | soldier_bayonet.png[39m[0m
[  71% ] [90m[1m_update_scan_actions[22m | soldier_grenade.png[39m[0m
[  71% ] [90m[1m_update_scan_actions[22m | soldier_rifle.png[39m[0m
[  71% ] [90m[1m_update_scan_actions[22m | sound_amp.png[39m[0m
[  71% ] [90m[1m_update_scan_actions[22m | storm_longbow.png[39m[0m
[  71% ] [90m[1m_update_scan_actions[22m | summon_amulet.png[39m[0m
[  71% ] [90m[1m_update_scan_actions[22m | thief_coin_pouch.png[39m[0m
[  71% ] [90m[1m_update_scan_actions[22m | thief_shadow_cloak.png[39m[0m
[  71% ] [90m[1m_update_scan_actions[22m | thief_smoke_bomb.png[39m[0m
[  71% ] [90m[1m_update_scan_actions[22m | tower_shield.png[39m[0m
[  71% ] [90m[1m_update_scan_actions[22m | two_handed_axe.png[39m[0m
[  71% ] [90m[1m_update_scan_actions[22m | two_handed_hammer.png[39m[0m
[  71% ] [90m[1m_update_scan_actions[22m | two_handed_sword.png[39m[0m
[  71% ] [90m[1m_update_scan_actions[22m | venom_wire.png[39m[0m
[  72% ] [90m[1m_update_scan_actions[22m | class_damage_table_3variants.csv[39m[0m
[  72% ] [90m[1m_update_scan_actions[22m | berserk_v2_contact.png[39m[0m
[  72% ] [90m[1m_update_scan_actions[22m | secret_ascension_boss_contact.png[39m[0m
[  72% ] [90m[1m_update_scan_actions[22m | codex_1920x1080.png[39m[0m
[  72% ] [90m[1m_update_scan_actions[22m | combat_hud_1920x1080.png[39m[0m
[  72% ] [90m[1m_update_scan_actions[22m | death_1920x1080.png[39m[0m
[  72% ] [90m[1m_update_scan_actions[22m | event_1920x1080.png[39m[0m
[  72% ] [90m[1m_update_scan_actions[22m | hero_select_1920x1080.png[39m[0m
[  72% ] [90m[1m_update_scan_actions[22m | level_up_1920x1080.png[39m[0m
[  72% ] [90m[1m_update_scan_actions[22m | main_menu_1920x1080.png[39m[0m
[  72% ] [90m[1m_update_scan_actions[22m | pause_stats_1920x1080.png[39m[0m
[  72% ] [90m[1m_update_scan_actions[22m | settings_display_1920x1080.png[39m[0m
[  72% ] [90m[1m_update_scan_actions[22m | shop_1920x1080.png[39m[0m
[  72% ] [90m[1m_update_scan_actions[22m | victory_1920x1080.png[39m[0m
[  72% ] [90m[1m_update_scan_actions[22m | weapon_select_1920x1080.png[39m[0m
[  72% ] [90m[1m_update_scan_actions[22m | character_balance_dps.csv[39m[0m
[  72% ] [90m[1m_update_scan_actions[22m | vfx_boss_ashen_colossus_ember_slam.png[39m[0m
[  72% ] [90m[1m_update_scan_actions[22m | vfx_boss_bone_archon_bone_spikes.png[39m[0m
[  72% ] [90m[1m_update_scan_actions[22m | vfx_boss_brood_mother_web_zone.png[39m[0m
[  72% ] [90m[1m_update_scan_actions[22m | vfx_class_assassin_shadow_dash.png[39m[0m
[  72% ] [90m[1m_update_scan_actions[22m | vfx_class_berserk_fury_arc.png[39m[0m
[  72% ] [90m[1m_update_scan_actions[22m | vfx_class_biologist_spore_bloom.png[39m[0m
[  72% ] [90m[1m_update_scan_actions[22m | vfx_class_chemist_combo_burst.png[39m[0m
[  72% ] [90m[1m_update_scan_actions[22m | vfx_class_dark_mage_void_sigil.png[39m[0m
[  72% ] [90m[1m_update_scan_actions[22m | vfx_class_doctor_drain_link.png[39m[0m
[  72% ] [90m[1m_update_scan_actions[22m | vfx_class_druid_command_bloom.png[39m[0m
[  72% ] [90m[1m_update_scan_actions[22m | vfx_class_elementalist_orbit_triune.png[39m[0m
[  72% ] [90m[1m_update_scan_actions[22m | vfx_class_engineer_sentry_link.png[39m[0m
[  72% ] [90m[1m_update_scan_actions[22m | vfx_class_guitarist_resonance_wave.png[39m[0m
[  72% ] [90m[1m_update_scan_actions[22m | vfx_class_knight_counter_guard.png[39m[0m
[  72% ] [90m[1m_update_scan_actions[22m | vfx_class_priest_sanctify_seal.png[39m[0m
[  72% ] [90m[1m_update_scan_actions[22m | vfx_class_ranger_focus_mark.png[39m[0m
[  72% ] [90m[1m_update_scan_actions[22m | vfx_class_robot_magnetic_anchor_field.png[39m[0m
[  72% ] [90m[1m_update_scan_actions[22m | vfx_class_sniper_deadeye_mark.png[39m[0m
[  72% ] [90m[1m_update_scan_actions[22m | vfx_class_soldier_suppression_tracer.png[39m[0m
[  72% ] [90m[1m_update_scan_actions[22m | vfx_class_thief_ricochet_coin_trail.png[39m[0m
[  72% ] [90m[1m_update_scan_actions[22m | vfx_elite_plague_bell_aura.png[39m[0m
[  72% ] [90m[1m_update_scan_actions[22m | vfx_elite_shadow_blink_mark.png[39m[0m
[  72% ] [90m[1m_update_scan_actions[22m | vfx_elite_spark_wight_static_field.png[39m[0m
[  72% ] [90m[1m_update_scan_actions[22m | vfx_enemy_acid_pool.png[39m[0m
[  73% ] [90m[1m_update_scan_actions[22m | vfx_enemy_command_aura_pulse.png[39m[0m
[  73% ] [90m[1m_update_scan_actions[22m | vfx_enemy_fire_pool.png[39m[0m
[  73% ] [90m[1m_update_scan_actions[22m | vfx_enemy_poison_pool_heavy.png[39m[0m
[  73% ] [90m[1m_update_scan_actions[22m | vfx_enemy_shield_block_front.png[39m[0m
[  73% ] [90m[1m_update_scan_actions[22m | vfx_enemy_slow_gravity_zone.png[39m[0m
[  73% ] [90m[1m_update_scan_actions[22m | vfx_enemy_summon_portal.png[39m[0m
[  73% ] [90m[1m_update_scan_actions[22m | vfx_enemy_teleport_gate_in.png[39m[0m
[  73% ] [90m[1m_update_scan_actions[22m | vfx_enemy_teleport_gate_out.png[39m[0m
[  73% ] [90m[1m_update_scan_actions[22m | elite_boss_skills_vfx_contact.png[39m[0m
[  73% ] [90m[1m_update_scan_actions[22m | unique_enemy_vfx_readability_field_meadow.png[39m[0m
[  73% ] [90m[1m_update_scan_actions[22m | unique_weapons_vfx_contact.png[39m[0m
[  73% ] [90m[1m_update_scan_actions[22m | berserk_stat_bars.png[39m[0m
[  73% ] [90m[1m_update_scan_actions[22m | berserk_windrose_radar.png[39m[0m
[  73% ] [90m[1m_update_scan_actions[22m | carousel_large_icons.png[39m[0m
[  73% ] [90m[1m_update_scan_actions[22m | mockup.png[39m[0m
[  73% ] [90m[1m_update_scan_actions[22m | mockup_zones_annotated.png[39m[0m
[  73% ] [90m[1m_update_scan_actions[22m | scrum331_progression_codex_mockup.png[39m[0m
[  73% ] [90m[1m_update_scan_actions[22m | scrum332_economy_cluster_mockup.png[39m[0m
[  73% ] [90m[1m_update_scan_actions[22m | hero_select_v2_mockup_1920x1080.png[39m[0m
[  73% ] [90m[1m_update_scan_actions[22m | hero_select_v2_safe_zones_annotated_1920x1080.png[39m[0m
[  73% ] [90m[1m_update_scan_actions[22m | scrum437_wide_option_card_mockup.png[39m[0m
[  73% ] [90m[1m_update_scan_actions[22m | codex_v2_mockup_1920x1080.png[39m[0m
[  73% ] [90m[1m_update_scan_actions[22m | codex_v2_safe_zones_annotated_1920x1080.png[39m[0m
[  73% ] [90m[1m_update_scan_actions[22m | scrum439_settings_v2_mockup.png[39m[0m
[  73% ] [90m[1m_update_scan_actions[22m | scrum448_minimalist_ui_style_board.png[39m[0m
[  73% ] [90m[1m_update_scan_actions[22m | layout_guide.png[39m[0m
[  73% ] [90m[1m_update_scan_actions[22m | ui_plan_guide.png[39m[0m
[  73% ] [90m[1m_update_scan_actions[22m | ui_plan_guide.png[39m[0m
[  73% ] [90m[1m_update_scan_actions[22m | layout_guide.png[39m[0m
[  73% ] [90m[1m_update_scan_actions[22m | reward_ordinary_2k_mockup.png[39m[0m
[  73% ] [90m[1m_update_scan_actions[22m | reward_ordinary_2k_mockup_debug.png[39m[0m
[  73% ] [90m[1m_update_scan_actions[22m | ui_plan_guide.png[39m[0m
[  73% ] [90m[1m_update_scan_actions[22m | elite_artifact_reward_2k_mockup.png[39m[0m
[  73% ] [90m[1m_update_scan_actions[22m | elite_artifact_reward_2k_mockup_debug.png[39m[0m
[  73% ] [90m[1m_update_scan_actions[22m | layout_guide.png[39m[0m
[  73% ] [90m[1m_update_scan_actions[22m | ui_plan_guide.png[39m[0m
[  73% ] [90m[1m_update_scan_actions[22m | mockup.png[39m[0m
[  73% ] [90m[1m_update_scan_actions[22m | mockup_2k.png[39m[0m
[  73% ] [90m[1m_update_scan_actions[22m | mockup.png[39m[0m
[  74% ] [90m[1m_update_scan_actions[22m | settings_apply_flow_mockup.png[39m[0m
[  74% ] [90m[1m_update_scan_actions[22m | debug_overlay.png[39m[0m
[  74% ] [90m[1m_update_scan_actions[22m | mockup_composite.png[39m[0m
[  74% ] [90m[1m_update_scan_actions[22m | mockup_controls.png[39m[0m
[  74% ] [90m[1m_update_scan_actions[22m | mockup_screen.png[39m[0m
[  74% ] [90m[1m_update_scan_actions[22m | mockup_sound.png[39m[0m
[  74% ] [90m[1m_update_scan_actions[22m | ui_frame_settings_v3_action_button.png[39m[0m
[  74% ] [90m[1m_update_scan_actions[22m | ui_frame_settings_v3_content_panel.png[39m[0m
[  74% ] [90m[1m_update_scan_actions[22m | ui_frame_settings_v3_inset_field.png[39m[0m
[  74% ] [90m[1m_update_scan_actions[22m | ui_frame_settings_v3_main_modal.png[39m[0m
[  74% ] [90m[1m_update_scan_actions[22m | ui_frame_settings_v3_tab_switcher.png[39m[0m
[  74% ] [90m[1m_update_scan_actions[22m | _char_batch1_montage.png[39m[0m
[  74% ] [90m[1m_update_scan_actions[22m | arena_backgrounds_6_dnd_contact.png[39m[0m
[  74% ] [90m[1m_update_scan_actions[22m | arena_backgrounds_scrum369_contact.png[39m[0m
[  74% ] [90m[1m_update_scan_actions[22m | arena_backgrounds_scrum369_readability.png[39m[0m
[  74% ] [90m[1m_update_scan_actions[22m | artifact_icons_606_609_contact.png[39m[0m
[  74% ] [90m[1m_update_scan_actions[22m | artifact_icons_scrum340_40px_readability.png[39m[0m
[  74% ] [90m[1m_update_scan_actions[22m | artifact_icons_scrum340_contact.png[39m[0m
[  74% ] [90m[1m_update_scan_actions[22m | assassin_sheet_normalized.png[39m[0m
[  74% ] [90m[1m_update_scan_actions[22m | attribute_icons_openai_redraw_contact.png[39m[0m
[  74% ] [90m[1m_update_scan_actions[22m | audit_artifact_icons_1.png[39m[0m
[  74% ] [90m[1m_update_scan_actions[22m | audit_artifact_icons_2.png[39m[0m
[  74% ] [90m[1m_update_scan_actions[22m | audit_backgrounds.png[39m[0m
[  74% ] [90m[1m_update_scan_actions[22m | audit_characters_active.png[39m[0m
[  74% ] [90m[1m_update_scan_actions[22m | audit_characters_legacy_placeholders.png[39m[0m
[  74% ] [90m[1m_update_scan_actions[22m | audit_effects_projectiles_allies.png[39m[0m
[  74% ] [90m[1m_update_scan_actions[22m | audit_enemies_active.png[39m[0m
[  74% ] [90m[1m_update_scan_actions[22m | audit_enemies_legacy_root.png[39m[0m
[  74% ] [90m[1m_update_scan_actions[22m | audit_map_cursor_hud_frames.png[39m[0m
[  74% ] [90m[1m_update_scan_actions[22m | audit_ui_stat_shop_icons.png[39m[0m
[  74% ] [90m[1m_update_scan_actions[22m | audit_weapons_active.png[39m[0m
[  74% ] [90m[1m_update_scan_actions[22m | berserk_sheet_normalized.png[39m[0m
[  74% ] [90m[1m_update_scan_actions[22m | biologist_art_contact.png[39m[0m
[  74% ] [90m[1m_update_scan_actions[22m | biologist_sheet_normalized.png[39m[0m
[  74% ] [90m[1m_update_scan_actions[22m | boss_elite_style_refs_contact.png[39m[0m
[  74% ] [90m[1m_update_scan_actions[22m | boss_pixellab_roster_redraw_2026_06_bloodthorn_lion_rotations.png[39m[0m
[  74% ] [90m[1m_update_scan_actions[22m | boss_pixellab_roster_redraw_2026_06_candidates_contact.png[39m[0m
[  74% ] [90m[1m_update_scan_actions[22m | boss_pixellab_roster_redraw_2026_06_candidates_partial.png[39m[0m
[  74% ] [90m[1m_update_scan_actions[22m | boss_pixellab_roster_redraw_2026_06_openai_concepts.png[39m[0m
[  74% ] [90m[1m_update_scan_actions[22m | boss_pixellab_roster_redraw_2026_06_rift_warden_rotations.png[39m[0m
[  75% ] [90m[1m_update_scan_actions[22m | chemist_sheet_normalized.png[39m[0m
[  75% ] [90m[1m_update_scan_actions[22m | codex_glossary_scrum678_asset_contact.png[39m[0m
[  75% ] [90m[1m_update_scan_actions[22m | codex_glossary_scrum678_safe_zones.png[39m[0m
[  75% ] [90m[1m_update_scan_actions[22m | codex_ui_texture_kit_contact.png[39m[0m
[  75% ] [90m[1m_update_scan_actions[22m | combat_hud_redraw_contact.png[39m[0m
[  75% ] [90m[1m_update_scan_actions[22m | combat_hud_redraw_safe_zones.png[39m[0m
[  75% ] [90m[1m_update_scan_actions[22m | contextual_ui_dnd_reference_contact.png[39m[0m
[  75% ] [90m[1m_update_scan_actions[22m | current_ui_frames_audit_contact.png[39m[0m
[  75% ] [90m[1m_update_scan_actions[22m | cursor_clawed_fire_before_after.png[39m[0m
[  75% ] [90m[1m_update_scan_actions[22m | dark_mage_sheet_normalized.png[39m[0m
[  75% ] [90m[1m_update_scan_actions[22m | doctor_sheet_normalized.png[39m[0m
[  75% ] [90m[1m_update_scan_actions[22m | druid_sheet_normalized.png[39m[0m
[  75% ] [90m[1m_update_scan_actions[22m | elementalist_art_contact.png[39m[0m
[  75% ] [90m[1m_update_scan_actions[22m | elementalist_sheet_normalized.png[39m[0m
[  75% ] [90m[1m_update_scan_actions[22m | elite_boss_blur_proof.png[39m[0m
[  75% ] [90m[1m_update_scan_actions[22m | elite_boss_upscale_after_contact.png[39m[0m
[  75% ] [90m[1m_update_scan_actions[22m | elite_boss_upscale_before_contact.png[39m[0m
[  75% ] [90m[1m_update_scan_actions[22m | elite_boss_upscale_rig_debug_contact.png[39m[0m
[  75% ] [90m[1m_update_scan_actions[22m | engineer_art_contact.png[39m[0m
[  75% ] [90m[1m_update_scan_actions[22m | engineer_sheet_normalized.png[39m[0m
[  75% ] [90m[1m_update_scan_actions[22m | guitarist_sheet_normalized.png[39m[0m
[  75% ] [90m[1m_update_scan_actions[22m | herouiframe_reference_contact.png[39m[0m
[  75% ] [90m[1m_update_scan_actions[22m | hero_select_assembled_preview.png[39m[0m
[  75% ] [90m[1m_update_scan_actions[22m | hero_select_carousel_frame_contact.png[39m[0m
[  75% ] [90m[1m_update_scan_actions[22m | hero_select_dossier_frame_content_zone.png[39m[0m
[  75% ] [90m[1m_update_scan_actions[22m | hero_select_frame_kit_contact.png[39m[0m
[  75% ] [90m[1m_update_scan_actions[22m | hero_select_large_carousel_user_layout_guide.png[39m[0m
[  75% ] [90m[1m_update_scan_actions[22m | hero_select_large_carousel_user_mockup.png[39m[0m
[  75% ] [90m[1m_update_scan_actions[22m | hero_select_large_carousel_user_mockup_debug.png[39m[0m
[  75% ] [90m[1m_update_scan_actions[22m | hero_select_large_carousel_user_ui_plan_guide.png[39m[0m
[  75% ] [90m[1m_update_scan_actions[22m | hero_select_new_frames_contact.png[39m[0m
[  75% ] [90m[1m_update_scan_actions[22m | hero_select_parts_assembled_preview.png[39m[0m
[  75% ] [90m[1m_update_scan_actions[22m | hero_select_parts_contact.png[39m[0m
[  75% ] [90m[1m_update_scan_actions[22m | hero_select_portrait_frame_content_zone.png[39m[0m
[  75% ] [90m[1m_update_scan_actions[22m | hero_select_thin_frames_content_zones.png[39m[0m
[  75% ] [90m[1m_update_scan_actions[22m | hero_select_v3_frames_contact.png[39m[0m
[  75% ] [90m[1m_update_scan_actions[22m | hero_select_windrose_radar_content_zone.png[39m[0m
[  75% ] [90m[1m_update_scan_actions[22m | interface_leather_gold_panel_kit_contact.png[39m[0m
[  75% ] [90m[1m_update_scan_actions[22m | interface_refs_contact.png[39m[0m
[  76% ] [90m[1m_update_scan_actions[22m | knight_sheet_normalized.png[39m[0m
[  76% ] [90m[1m_update_scan_actions[22m | level_up_popup_badge_contact_sheet.png[39m[0m
[  76% ] [90m[1m_update_scan_actions[22m | level_up_scrum682_contact.png[39m[0m
[  76% ] [90m[1m_update_scan_actions[22m | level_up_scrum682_safe_zones.png[39m[0m
[  76% ] [90m[1m_update_scan_actions[22m | main_menu_epic_battle_v2_preview.png[39m[0m
[  76% ] [90m[1m_update_scan_actions[22m | map_chest_artifact_contact_sheet.png[39m[0m
[  76% ] [90m[1m_update_scan_actions[22m | new_bosses_mini_elites_contact.png[39m[0m
[  76% ] [90m[1m_update_scan_actions[22m | new_bosses_mini_elites_scale_preview.png[39m[0m
[  76% ] [90m[1m_update_scan_actions[22m | ornate_dark_frame_kit_contact.png[39m[0m
[  76% ] [90m[1m_update_scan_actions[22m | pixellab_dark_mage_rotations_contact.png[39m[0m
[  76% ] [90m[1m_update_scan_actions[22m | priest_art_contact.png[39m[0m
[  76% ] [90m[1m_update_scan_actions[22m | priest_sheet_normalized.png[39m[0m
[  76% ] [90m[1m_update_scan_actions[22m | ranger_sheet_normalized.png[39m[0m
[  76% ] [90m[1m_update_scan_actions[22m | red_gold_button_kit_contact.png[39m[0m
[  76% ] [90m[1m_update_scan_actions[22m | reward_frames_scrum338_contact_safe_zones.png[39m[0m
[  76% ] [90m[1m_update_scan_actions[22m | reward_frames_scrum338_sources_contact.png[39m[0m
[  76% ] [90m[1m_update_scan_actions[22m | robot_art_contact.png[39m[0m
[  76% ] [90m[1m_update_scan_actions[22m | robot_sheet_normalized.png[39m[0m
[  76% ] [90m[1m_update_scan_actions[22m | scrum258_unique_weapon_vfx_contact.png[39m[0m
[  76% ] [90m[1m_update_scan_actions[22m | scrum258_unique_weapon_vfx_readability.png[39m[0m
[  76% ] [90m[1m_update_scan_actions[22m | scrum261_elite_boss_vfx_contact.png[39m[0m
[  76% ] [90m[1m_update_scan_actions[22m | scrum283_berserk_sheet_contact.png[39m[0m
[  76% ] [90m[1m_update_scan_actions[22m | scrum284_biologist_sheet_contact.png[39m[0m
[  76% ] [90m[1m_update_scan_actions[22m | scrum286_dark_mage_sheet_contact.png[39m[0m
[  76% ] [90m[1m_update_scan_actions[22m | scrum289_elementalist_sheet_contact.png[39m[0m
[  76% ] [90m[1m_update_scan_actions[22m | scrum291_guitarist_sheet_contact.png[39m[0m
[  76% ] [90m[1m_update_scan_actions[22m | scrum297_thief_sheet_contact.png[39m[0m
[  76% ] [90m[1m_update_scan_actions[22m | scrum331_progression_frame_kit_contact.png[39m[0m
[  76% ] [90m[1m_update_scan_actions[22m | scrum332_shop_economy_frame_kit_contact.png[39m[0m
[  76% ] [90m[1m_update_scan_actions[22m | scrum337_attack_vfx_core_contact.png[39m[0m
[  76% ] [90m[1m_update_scan_actions[22m | scrum337_attack_vfx_weapon_contact.png[39m[0m
[  76% ] [90m[1m_update_scan_actions[22m | scrum352_current_static_inventory.png[39m[0m
[  76% ] [90m[1m_update_scan_actions[22m | scrum352_full_frame_sheets_contact.png[39m[0m
[  76% ] [90m[1m_update_scan_actions[22m | scrum352_full_frame_sheets_preview.png[39m[0m
[  76% ] [90m[1m_update_scan_actions[22m | scrum356_hero_select_unified_panel_content_zones.png[39m[0m
[  76% ] [90m[1m_update_scan_actions[22m | scrum380_death_rows_contact.png[39m[0m
[  76% ] [90m[1m_update_scan_actions[22m | scrum380_death_rows_readability.png[39m[0m
[  76% ] [90m[1m_update_scan_actions[22m | scrum394_safe_gutter_source_sheets_contact.png[39m[0m
[  76% ] [90m[1m_update_scan_actions[22m | scrum419_assassin_v2_contact.png[39m[0m
[  76% ] [90m[1m_update_scan_actions[22m | scrum420_berserk_v2_contact.png[39m[0m
[  77% ] [90m[1m_update_scan_actions[22m | scrum421_biologist_v2_contact.png[39m[0m
[  77% ] [90m[1m_update_scan_actions[22m | scrum424_dark_mage_v2_contact.png[39m[0m
[  77% ] [90m[1m_update_scan_actions[22m | scrum427_elementalist_v2_contact.png[39m[0m
[  77% ] [90m[1m_update_scan_actions[22m | scrum428_engineer_v2_contact.png[39m[0m
[  77% ] [90m[1m_update_scan_actions[22m | scrum428_engineer_v2_dark_bg.png[39m[0m
[  77% ] [90m[1m_update_scan_actions[22m | scrum429_guitarist_v2_contact.png[39m[0m
[  77% ] [90m[1m_update_scan_actions[22m | scrum431_priest_pixellab_contact.png[39m[0m
[  77% ] [90m[1m_update_scan_actions[22m | scrum431_priest_v2_contact.png[39m[0m
[  77% ] [90m[1m_update_scan_actions[22m | scrum432_robot_v2_contact.png[39m[0m
[  77% ] [90m[1m_update_scan_actions[22m | scrum433_sniper_v2_contact.png[39m[0m
[  77% ] [90m[1m_update_scan_actions[22m | scrum435_thief_v2_contact.png[39m[0m
[  77% ] [90m[1m_update_scan_actions[22m | scrum436_hero_select_v2_mockup_preview.png[39m[0m
[  77% ] [90m[1m_update_scan_actions[22m | scrum436_hero_select_v2_safe_zones.png[39m[0m
[  77% ] [90m[1m_update_scan_actions[22m | scrum437_wide_economy_choice_card_1280_layout_preview.png[39m[0m
[  77% ] [90m[1m_update_scan_actions[22m | scrum437_wide_economy_choice_card_safe_zone.png[39m[0m
[  77% ] [90m[1m_update_scan_actions[22m | scrum438_codex_v2_mockup_preview.png[39m[0m
[  77% ] [90m[1m_update_scan_actions[22m | scrum438_codex_v2_safe_zones.png[39m[0m
[  77% ] [90m[1m_update_scan_actions[22m | scrum439_settings_v2_assets_contact.png[39m[0m
[  77% ] [90m[1m_update_scan_actions[22m | scrum439_settings_v2_safe_zones.png[39m[0m
[  77% ] [90m[1m_update_scan_actions[22m | scrum442_berserk_v3_contact.png[39m[0m
[  77% ] [90m[1m_update_scan_actions[22m | scrum442_berserk_v3_dark_bg.png[39m[0m
[  77% ] [90m[1m_update_scan_actions[22m | scrum448_minimal_ui_frame_contact.png[39m[0m
[  77% ] [90m[1m_update_scan_actions[22m | scrum450_minimal_metal_button_contact.png[39m[0m
[  77% ] [90m[1m_update_scan_actions[22m | scrum450_minimal_metal_button_safe_zones.png[39m[0m
[  77% ] [90m[1m_update_scan_actions[22m | scrum451_minimal_metal_rollout_contact.png[39m[0m
[  77% ] [90m[1m_update_scan_actions[22m | scrum452_minimal_metal_anchor_contact.png[39m[0m
[  77% ] [90m[1m_update_scan_actions[22m | scrum452_minimal_metal_safe_zones.png[39m[0m
[  77% ] [90m[1m_update_scan_actions[22m | scrum456_berserk_cartoon_anchor_dark_bg.png[39m[0m
[  77% ] [90m[1m_update_scan_actions[22m | scrum456_chars_cartoon_anchor_contact.png[39m[0m
[  77% ] [90m[1m_update_scan_actions[22m | scrum464_economy_matte_free_live_frames.png[39m[0m
[  77% ] [90m[1m_update_scan_actions[22m | scrum466_minimal_metal_no_seams_contact.png[39m[0m
[  77% ] [90m[1m_update_scan_actions[22m | scrum466_minimal_metal_no_seams_visual_contact.png[39m[0m
[  77% ] [90m[1m_update_scan_actions[22m | scrum531_berserk_v2_contact.png[39m[0m
[  77% ] [90m[1m_update_scan_actions[22m | scrum531_berserk_v2_dark_bg.png[39m[0m
[  77% ] [90m[1m_update_scan_actions[22m | scrum539_secret_ascension_boss_contact.png[39m[0m
[  77% ] [90m[1m_update_scan_actions[22m | scrum539_secret_ascension_boss_scale_preview.png[39m[0m
[  77% ] [90m[1m_update_scan_actions[22m | scrum561_hero_select_2k_layout_guide.png[39m[0m
[  77% ] [90m[1m_update_scan_actions[22m | scrum561_hero_select_2k_mockup_debug_overlay.png[39m[0m
[  77% ] [90m[1m_update_scan_actions[22m | scrum561_hero_select_2k_mockup_labeled_preview.png[39m[0m
[  78% ] [90m[1m_update_scan_actions[22m | scrum561_hero_select_2k_ui_plan_guide.png[39m[0m
[  78% ] [90m[1m_update_scan_actions[22m | scrum562_weapon_select_2k_debug.png[39m[0m
[  78% ] [90m[1m_update_scan_actions[22m | scrum562_weapon_select_2k_preview.png[39m[0m
[  78% ] [90m[1m_update_scan_actions[22m | scrum563_route_map_2k_mockup_safe_zones.png[39m[0m
[  78% ] [90m[1m_update_scan_actions[22m | scrum563_route_map_2k_plan_guide.png[39m[0m
[  78% ] [90m[1m_update_scan_actions[22m | scrum564_combat_hud_topbar.png[39m[0m
[  78% ] [90m[1m_update_scan_actions[22m | scrum570_levelup_2k_contact.png[39m[0m
[  78% ] [90m[1m_update_scan_actions[22m | scrum570_levelup_2k_safe_zones.png[39m[0m
[  78% ] [90m[1m_update_scan_actions[22m | scrum570_levelup_2k_safe_zones_v2.png[39m[0m
[  78% ] [90m[1m_update_scan_actions[22m | scrum571_reward_2k_base.png[39m[0m
[  78% ] [90m[1m_update_scan_actions[22m | scrum571_reward_2k_layout_guide.png[39m[0m
[  78% ] [90m[1m_update_scan_actions[22m | scrum571_reward_2k_mockup.png[39m[0m
[  78% ] [90m[1m_update_scan_actions[22m | scrum571_reward_2k_mockup_debug.png[39m[0m
[  78% ] [90m[1m_update_scan_actions[22m | scrum571_reward_2k_ui_plan_guide.png[39m[0m
[  78% ] [90m[1m_update_scan_actions[22m | scrum572_elite_artifact_reward_2k_base.png[39m[0m
[  78% ] [90m[1m_update_scan_actions[22m | scrum572_elite_artifact_reward_2k_layout_guide.png[39m[0m
[  78% ] [90m[1m_update_scan_actions[22m | scrum572_elite_artifact_reward_2k_mockup.png[39m[0m
[  78% ] [90m[1m_update_scan_actions[22m | scrum572_elite_artifact_reward_2k_mockup_debug.png[39m[0m
[  78% ] [90m[1m_update_scan_actions[22m | scrum572_elite_artifact_reward_2k_ui_plan_guide.png[39m[0m
[  78% ] [90m[1m_update_scan_actions[22m | scrum573_upgrade_layout.png[39m[0m
[  78% ] [90m[1m_update_scan_actions[22m | scrum574_codex_2k_safe_zones.png[39m[0m
[  78% ] [90m[1m_update_scan_actions[22m | scrum578_death_layout.png[39m[0m
[  78% ] [90m[1m_update_scan_actions[22m | scrum581_quit_confirm_layout.png[39m[0m
[  78% ] [90m[1m_update_scan_actions[22m | scrum583_feedback_form_2k_safe_zones.png[39m[0m
[  78% ] [90m[1m_update_scan_actions[22m | scrum584_rebind_conflict_2k_safe_zones.png[39m[0m
[  78% ] [90m[1m_update_scan_actions[22m | scrum585_glossary_tooltip_contact.png[39m[0m
[  78% ] [90m[1m_update_scan_actions[22m | scrum585_glossary_tooltip_safe_zone.png[39m[0m
[  78% ] [90m[1m_update_scan_actions[22m | scrum586_stat_tooltip_contact.png[39m[0m
[  78% ] [90m[1m_update_scan_actions[22m | scrum586_stat_tooltip_safe_zones.png[39m[0m
[  78% ] [90m[1m_update_scan_actions[22m | scrum588_levelup_toast_safe_zone.png[39m[0m
[  78% ] [90m[1m_update_scan_actions[22m | scrum666_combat_hud_2k_composited_preview.png[39m[0m
[  78% ] [90m[1m_update_scan_actions[22m | scrum666_combat_hud_2k_composited_preview_rejected_drift.png[39m[0m
[  78% ] [90m[1m_update_scan_actions[22m | scrum666_combat_hud_2k_debug_overlay.png[39m[0m
[  78% ] [90m[1m_update_scan_actions[22m | scrum666_combat_hud_2k_debug_overlay_rejected_drift.png[39m[0m
[  78% ] [90m[1m_update_scan_actions[22m | scrum666_combat_hud_2k_layout_guide.png[39m[0m
[  78% ] [90m[1m_update_scan_actions[22m | scrum666_combat_hud_2k_ui_plan_guide.png[39m[0m
[  78% ] [90m[1m_update_scan_actions[22m | scrum675_skill_tree_2k_debug_overlay.png[39m[0m
[  78% ] [90m[1m_update_scan_actions[22m | scrum675_skill_tree_frame_kit_contact.png[39m[0m
[  78% ] [90m[1m_update_scan_actions[22m | scrum703_berserk_pixellab_contact.png[39m[0m
[  78% ] [90m[1m_update_scan_actions[22m | scrum704_dark_mage_pixellab_contact.png[39m[0m
[  79% ] [90m[1m_update_scan_actions[22m | scrum705_doctor_pixellab_240_contact.png[39m[0m
[  79% ] [90m[1m_update_scan_actions[22m | scrum706_guitarist_pixellab_contact.png[39m[0m
[  79% ] [90m[1m_update_scan_actions[22m | scrum_hero_select_pixellab_rebuild_debug.png[39m[0m
[  79% ] [90m[1m_update_scan_actions[22m | scrum_hero_select_pixellab_rebuild_mockup.png[39m[0m
[  79% ] [90m[1m_update_scan_actions[22m | scrum_text_buttons_unique_size_dark_contact.png[39m[0m
[  79% ] [90m[1m_update_scan_actions[22m | scrum_text_buttons_unique_size_light_contact.png[39m[0m
[  79% ] [90m[1m_update_scan_actions[22m | settings_menu_3slot_switcher_safe_zone.png[39m[0m
[  79% ] [90m[1m_update_scan_actions[22m | settings_menu_unified_restyle_contact.png[39m[0m
[  79% ] [90m[1m_update_scan_actions[22m | settings_tab_switcher_frame_content_zone.png[39m[0m
[  79% ] [90m[1m_update_scan_actions[22m | settings_tab_switcher_frame_preview.png[39m[0m
[  79% ] [90m[1m_update_scan_actions[22m | sniper_art_contact.png[39m[0m
[  79% ] [90m[1m_update_scan_actions[22m | sniper_sheet_normalized.png[39m[0m
[  79% ] [90m[1m_update_scan_actions[22m | soldier_art_contact.png[39m[0m
[  79% ] [90m[1m_update_scan_actions[22m | soldier_sheet_normalized.png[39m[0m
[  79% ] [90m[1m_update_scan_actions[22m | summons_ethereal_readability_meadow.png[39m[0m
[  79% ] [90m[1m_update_scan_actions[22m | summons_ethereal_redraw_contact.png[39m[0m
[  79% ] [90m[1m_update_scan_actions[22m | summon_allies_asset_contact.png[39m[0m
[  79% ] [90m[1m_update_scan_actions[22m | summon_allies_scale_meadow_preview.png[39m[0m
[  79% ] [90m[1m_update_scan_actions[22m | summon_allies_style_references.png[39m[0m
[  79% ] [90m[1m_update_scan_actions[22m | summon_contour_glow_before_after.png[39m[0m
[  79% ] [90m[1m_update_scan_actions[22m | summon_proc_animation_frames.png[39m[0m
[  79% ] [90m[1m_update_scan_actions[22m | thief_art_contact.png[39m[0m
[  79% ] [90m[1m_update_scan_actions[22m | thief_sheet_normalized.png[39m[0m
[  79% ] [90m[1m_update_scan_actions[22m | ui478_anchor_buttons.png[39m[0m
[  79% ] [90m[1m_update_scan_actions[22m | ui478_bright_buttons_applied.png[39m[0m
[  79% ] [90m[1m_update_scan_actions[22m | ui478_bright_frames.png[39m[0m
[  79% ] [90m[1m_update_scan_actions[22m | ui_2k_frame_kit_contact.png[39m[0m
[  79% ] [90m[1m_update_scan_actions[22m | ui_backdrops_hero_boss_references.png[39m[0m
[  79% ] [90m[1m_update_scan_actions[22m | ui_button_only_legacy_panels_contact.png[39m[0m
[  79% ] [90m[1m_update_scan_actions[22m | ui_dark_fantasy_reference_contact.png[39m[0m
[  79% ] [90m[1m_update_scan_actions[22m | ui_dark_fantasy_restyle_kit_contact.png[39m[0m
[  79% ] [90m[1m_update_scan_actions[22m | ui_icon_unification_40px_preview.png[39m[0m
[  79% ] [90m[1m_update_scan_actions[22m | ui_icon_unification_after_contact.png[39m[0m
[  79% ] [90m[1m_update_scan_actions[22m | ui_icon_unification_before_contact.png[39m[0m
[  79% ] [90m[1m_update_scan_actions[22m | ui_overhaul_pause_end_contact.png[39m[0m
[  79% ] [90m[1m_update_scan_actions[22m | ui_overhaul_pause_end_mockup_1920x1080.png[39m[0m
[  79% ] [90m[1m_update_scan_actions[22m | ui_overhaul_pause_end_safe_zones.png[39m[0m
[  79% ] [90m[1m_update_scan_actions[22m | ui_parchment_kit_reference_contact.png[39m[0m
[  79% ] [90m[1m_update_scan_actions[22m | ui_parchment_wax_scrum147_reference_match_contact.png[39m[0m
[  80% ] [90m[1m_update_scan_actions[22m | ui_screen_backdrops_dark_fantasy_contact.png[39m[0m
[  80% ] [90m[1m_update_scan_actions[22m | unified_master_frame_9slice_contact.png[39m[0m
[  80% ] [90m[1m_update_scan_actions[22m | unified_master_frame_safe_zone.png[39m[0m
[  80% ] [90m[1m_update_scan_actions[22m | unified_master_frame_thin_revision_contact.png[39m[0m
[  80% ] [90m[1m_update_scan_actions[22m | unified_master_frame_thin_safe_zone.png[39m[0m
[  80% ] [90m[1m_update_scan_actions[22m | vfx_polish_after_contact.png[39m[0m
[  80% ] [90m[1m_update_scan_actions[22m | vfx_polish_before_after_contact.png[39m[0m
[  80% ] [90m[1m_update_scan_actions[22m | vfx_polish_before_contact.png[39m[0m
[  80% ] [90m[1m_update_scan_actions[22m | vfx_polish_readability_field_marsh.png[39m[0m
[  80% ] [90m[1m_update_scan_actions[22m | vfx_polish_readability_field_meadow.png[39m[0m
[  80% ] [90m[1m_update_scan_actions[22m | vfx_pool_assets_contact.png[39m[0m
[  80% ] [90m[1m_update_scan_actions[22m | weapon_v2_assets_contact.png[39m[0m
[  80% ] [90m[1m_update_scan_actions[22m | weapon_v2_socket_contact.png[39m[0m
[  80% ] [90m[1m_update_scan_actions[22m | rift_key_gpt_image_source.png[39m[0m
[  80% ] [90m[1m_update_scan_actions[22m | main_menu_epic_battle_v3.png[39m[0m
[  80% ] [90m[1m_update_scan_actions[22m | boss_elite_sheet.png[39m[0m
[  80% ] [90m[1m_update_scan_actions[22m | generic_core_sheet.png[39m[0m
[  80% ] [90m[1m_update_scan_actions[22m | weapon_signatures_sheet_1.png[39m[0m
[  80% ] [90m[1m_update_scan_actions[22m | weapon_signatures_sheet_2.png[39m[0m
[  80% ] [90m[1m_update_scan_actions[22m | weapon_signatures_sheet_3.png[39m[0m
[  80% ] [90m[1m_update_scan_actions[22m | weapon_signatures_sheet_4.png[39m[0m
[  80% ] [90m[1m_update_scan_actions[22m | field_ashen_rift_reference.png[39m[0m
[  80% ] [90m[1m_update_scan_actions[22m | field_cursed_grove_reference.png[39m[0m
[  80% ] [90m[1m_update_scan_actions[22m | field_dry_road_reference.png[39m[0m
[  80% ] [90m[1m_update_scan_actions[22m | field_dusty_badlands_reference.png[39m[0m
[  80% ] [90m[1m_update_scan_actions[22m | field_enchanted_meadow_reference.png[39m[0m
[  80% ] [90m[1m_update_scan_actions[22m | field_marsh_reference.png[39m[0m
[  80% ] [90m[1m_update_scan_actions[22m | field_meadow_reference.png[39m[0m
[  80% ] [90m[1m_update_scan_actions[22m | field_misty_marsh_reference.png[39m[0m
[  80% ] [90m[1m_update_scan_actions[22m | field_ruined_courtyard_reference.png[39m[0m
[  80% ] [90m[1m_update_scan_actions[22m | field_stone_garden_reference.png[39m[0m
[  80% ] [90m[1m_update_scan_actions[22m | berserk_v2_idle_cell_512.png[39m[0m
[  80% ] [90m[1m_update_scan_actions[22m | berserk_v2_sheet_source_handoff.png[39m[0m
[  80% ] [90m[1m_update_scan_actions[22m | berserk_v2_source_clean.png[39m[0m
[  80% ] [90m[1m_update_scan_actions[22m | berserk_v2_source_raw.png[39m[0m
[  80% ] [90m[1m_update_scan_actions[22m | bloodthorn_lion_concept_openai.png[39m[0m
[  80% ] [90m[1m_update_scan_actions[22m | skeletal_dragon_concept_openai.png[39m[0m
[  80% ] [90m[1m_update_scan_actions[22m | ashen_colossus_pixellab_object.png[39m[0m
[  80% ] [90m[1m_update_scan_actions[22m | ashen_colossus_pixellab_object_alpha.png[39m[0m
[  80% ] [90m[1m_update_scan_actions[22m | bloodthorn_lion_pixellab_object.png[39m[0m
[  81% ] [90m[1m_update_scan_actions[22m | bloodthorn_lion_pixellab_object_alpha.png[39m[0m
[  81% ] [90m[1m_update_scan_actions[22m | east.png[39m[0m
[  81% ] [90m[1m_update_scan_actions[22m | north-east.png[39m[0m
[  81% ] [90m[1m_update_scan_actions[22m | north-west.png[39m[0m
[  81% ] [90m[1m_update_scan_actions[22m | north.png[39m[0m
[  81% ] [90m[1m_update_scan_actions[22m | south-east.png[39m[0m
[  81% ] [90m[1m_update_scan_actions[22m | south-west.png[39m[0m
[  81% ] [90m[1m_update_scan_actions[22m | south.png[39m[0m
[  81% ] [90m[1m_update_scan_actions[22m | west.png[39m[0m
[  81% ] [90m[1m_update_scan_actions[22m | bone_archon_pixellab_object.png[39m[0m
[  81% ] [90m[1m_update_scan_actions[22m | bone_archon_pixellab_object_alpha.png[39m[0m
[  81% ] [90m[1m_update_scan_actions[22m | brood_mother_pixellab_object.png[39m[0m
[  81% ] [90m[1m_update_scan_actions[22m | brood_mother_pixellab_object_alpha.png[39m[0m
[  81% ] [90m[1m_update_scan_actions[22m | disk_devourer_pixellab_object.png[39m[0m
[  81% ] [90m[1m_update_scan_actions[22m | disk_devourer_pixellab_object_alpha.png[39m[0m
[  81% ] [90m[1m_update_scan_actions[22m | east.png[39m[0m
[  81% ] [90m[1m_update_scan_actions[22m | north-east.png[39m[0m
[  81% ] [90m[1m_update_scan_actions[22m | north-west.png[39m[0m
[  81% ] [90m[1m_update_scan_actions[22m | north.png[39m[0m
[  81% ] [90m[1m_update_scan_actions[22m | south-east.png[39m[0m
[  81% ] [90m[1m_update_scan_actions[22m | south-west.png[39m[0m
[  81% ] [90m[1m_update_scan_actions[22m | south.png[39m[0m
[  81% ] [90m[1m_update_scan_actions[22m | west.png[39m[0m
[  81% ] [90m[1m_update_scan_actions[22m | secret_ascension_boss_pixellab_object.png[39m[0m
[  81% ] [90m[1m_update_scan_actions[22m | secret_ascension_boss_pixellab_object_alpha.png[39m[0m
[  81% ] [90m[1m_update_scan_actions[22m | skeletal_dragon_pixellab_object.png[39m[0m
[  81% ] [90m[1m_update_scan_actions[22m | skeletal_dragon_pixellab_object_alpha.png[39m[0m
[  81% ] [90m[1m_update_scan_actions[22m | ashen_colossus_ref_160.png[39m[0m
[  81% ] [90m[1m_update_scan_actions[22m | bone_archon_ref_160.png[39m[0m
[  81% ] [90m[1m_update_scan_actions[22m | brood_mother_ref_160.png[39m[0m
[  81% ] [90m[1m_update_scan_actions[22m | disk_devourer_ref_160.png[39m[0m
[  81% ] [90m[1m_update_scan_actions[22m | rift_warden_ref_160.png[39m[0m
[  81% ] [90m[1m_update_scan_actions[22m | secret_ascension_boss_ref_160.png[39m[0m
[  81% ] [90m[1m_update_scan_actions[22m | secret_ascension_boss_runtime_candidate_1024.png[39m[0m
[  81% ] [90m[1m_update_scan_actions[22m | secret_ascension_boss_source_alpha.png[39m[0m
[  81% ] [90m[1m_update_scan_actions[22m | secret_ascension_boss_source_raw.png[39m[0m
[  81% ] [90m[1m_update_scan_actions[22m | secret_ascension_boss_telegraph_beam.png[39m[0m
[  81% ] [90m[1m_update_scan_actions[22m | secret_ascension_boss_telegraph_cone.png[39m[0m
[  81% ] [90m[1m_update_scan_actions[22m | secret_ascension_boss_telegraph_ring.png[39m[0m
[  81% ] [90m[1m_update_scan_actions[22m | secret_ascension_boss_telegraph_rupture.png[39m[0m
[  82% ] [90m[1m_update_scan_actions[22m | secret_ascension_boss_telegraph_vfx_source_alpha.png[39m[0m
[  82% ] [90m[1m_update_scan_actions[22m | secret_ascension_boss_telegraph_vfx_source_raw.png[39m[0m
[  82% ] [90m[1m_update_scan_actions[22m | button_kit_red_gold_dragon_sheet.png[39m[0m
[  82% ] [90m[1m_update_scan_actions[22m | ChatGPT Image Jun 14, 2026, 10_57_24 AM.png[39m[0m
[  82% ] [90m[1m_update_scan_actions[22m | assassin_sheet_keyed.png[39m[0m
[  82% ] [90m[1m_update_scan_actions[22m | assassin_sheet_source.png[39m[0m
[  82% ] [90m[1m_update_scan_actions[22m | berserk_sheet_alpha_clean.png[39m[0m
[  82% ] [90m[1m_update_scan_actions[22m | berserk_sheet_keyed.png[39m[0m
[  82% ] [90m[1m_update_scan_actions[22m | berserk_sheet_source.png[39m[0m
[  82% ] [90m[1m_update_scan_actions[22m | biologist_sheet_alpha_clean.png[39m[0m
[  82% ] [90m[1m_update_scan_actions[22m | biologist_sheet_guttered_source.png[39m[0m
[  82% ] [90m[1m_update_scan_actions[22m | biologist_sheet_keyed.png[39m[0m
[  82% ] [90m[1m_update_scan_actions[22m | biologist_sheet_source.png[39m[0m
[  82% ] [90m[1m_update_scan_actions[22m | chemist_sheet_keyed.png[39m[0m
[  82% ] [90m[1m_update_scan_actions[22m | chemist_sheet_source.png[39m[0m
[  82% ] [90m[1m_update_scan_actions[22m | dark_mage_sheet_alpha_clean.png[39m[0m
[  82% ] [90m[1m_update_scan_actions[22m | dark_mage_sheet_guttered_source.png[39m[0m
[  82% ] [90m[1m_update_scan_actions[22m | dark_mage_sheet_keyed.png[39m[0m
[  82% ] [90m[1m_update_scan_actions[22m | dark_mage_sheet_source.png[39m[0m
[  82% ] [90m[1m_update_scan_actions[22m | doctor_sheet_keyed.png[39m[0m
[  82% ] [90m[1m_update_scan_actions[22m | doctor_sheet_source.png[39m[0m
[  82% ] [90m[1m_update_scan_actions[22m | druid_sheet_keyed.png[39m[0m
[  82% ] [90m[1m_update_scan_actions[22m | druid_sheet_source.png[39m[0m
[  82% ] [90m[1m_update_scan_actions[22m | elementalist_sheet_alpha_clean.png[39m[0m
[  82% ] [90m[1m_update_scan_actions[22m | elementalist_sheet_guttered_source.png[39m[0m
[  82% ] [90m[1m_update_scan_actions[22m | elementalist_sheet_keyed.png[39m[0m
[  82% ] [90m[1m_update_scan_actions[22m | elementalist_sheet_source.png[39m[0m
[  82% ] [90m[1m_update_scan_actions[22m | engineer_sheet_keyed.png[39m[0m
[  82% ] [90m[1m_update_scan_actions[22m | engineer_sheet_source.png[39m[0m
[  82% ] [90m[1m_update_scan_actions[22m | guitarist_sheet_alpha_clean.png[39m[0m
[  82% ] [90m[1m_update_scan_actions[22m | guitarist_sheet_guttered_source.png[39m[0m
[  82% ] [90m[1m_update_scan_actions[22m | guitarist_sheet_keyed.png[39m[0m
[  82% ] [90m[1m_update_scan_actions[22m | guitarist_sheet_source.png[39m[0m
[  82% ] [90m[1m_update_scan_actions[22m | knight_sheet_keyed.png[39m[0m
[  82% ] [90m[1m_update_scan_actions[22m | knight_sheet_source.png[39m[0m
[  82% ] [90m[1m_update_scan_actions[22m | priest_sheet_keyed.png[39m[0m
[  82% ] [90m[1m_update_scan_actions[22m | priest_sheet_source.png[39m[0m
[  82% ] [90m[1m_update_scan_actions[22m | ranger_sheet_keyed.png[39m[0m
[  82% ] [90m[1m_update_scan_actions[22m | ranger_sheet_source.png[39m[0m
[  83% ] [90m[1m_update_scan_actions[22m | robot_sheet_keyed.png[39m[0m
[  83% ] [90m[1m_update_scan_actions[22m | robot_sheet_source.png[39m[0m
[  83% ] [90m[1m_update_scan_actions[22m | sniper_sheet_keyed.png[39m[0m
[  83% ] [90m[1m_update_scan_actions[22m | sniper_sheet_source.png[39m[0m
[  83% ] [90m[1m_update_scan_actions[22m | soldier_sheet_keyed.png[39m[0m
[  83% ] [90m[1m_update_scan_actions[22m | soldier_sheet_source.png[39m[0m
[  83% ] [90m[1m_update_scan_actions[22m | thief_sheet_alpha_clean.png[39m[0m
[  83% ] [90m[1m_update_scan_actions[22m | thief_sheet_guttered_source.png[39m[0m
[  83% ] [90m[1m_update_scan_actions[22m | thief_sheet_keyed.png[39m[0m
[  83% ] [90m[1m_update_scan_actions[22m | thief_sheet_source.png[39m[0m
[  83% ] [90m[1m_update_scan_actions[22m | assassin_v2_idle_cell_512.png[39m[0m
[  83% ] [90m[1m_update_scan_actions[22m | assassin_v2_sheet_source_handoff.png[39m[0m
[  83% ] [90m[1m_update_scan_actions[22m | assassin_v2_source_clean.png[39m[0m
[  83% ] [90m[1m_update_scan_actions[22m | assassin_v2_source_raw.png[39m[0m
[  83% ] [90m[1m_update_scan_actions[22m | berserk_v2_idle_cell_512.png[39m[0m
[  83% ] [90m[1m_update_scan_actions[22m | berserk_v2_sheet_source_handoff.png[39m[0m
[  83% ] [90m[1m_update_scan_actions[22m | berserk_v2_source_clean.png[39m[0m
[  83% ] [90m[1m_update_scan_actions[22m | berserk_v2_source_raw.png[39m[0m
[  83% ] [90m[1m_update_scan_actions[22m | biologist_v2_idle_cell_512.png[39m[0m
[  83% ] [90m[1m_update_scan_actions[22m | biologist_v2_sheet_source_handoff.png[39m[0m
[  83% ] [90m[1m_update_scan_actions[22m | biologist_v2_source_clean.png[39m[0m
[  83% ] [90m[1m_update_scan_actions[22m | biologist_v2_source_raw.png[39m[0m
[  83% ] [90m[1m_update_scan_actions[22m | berserk_v2_idle_cell_512.png[39m[0m
[  83% ] [90m[1m_update_scan_actions[22m | berserk_v2_source_clean.png[39m[0m
[  83% ] [90m[1m_update_scan_actions[22m | berserk_v2_source_raw.png[39m[0m
[  83% ] [90m[1m_update_scan_actions[22m | character_v2_anchor_dark_bg_preview.png[39m[0m
[  83% ] [90m[1m_update_scan_actions[22m | dark_mage_v2_idle_cell_512.png[39m[0m
[  83% ] [90m[1m_update_scan_actions[22m | dark_mage_v2_sheet_source_handoff.png[39m[0m
[  83% ] [90m[1m_update_scan_actions[22m | dark_mage_v2_source_clean.png[39m[0m
[  83% ] [90m[1m_update_scan_actions[22m | dark_mage_v2_source_raw.png[39m[0m
[  83% ] [90m[1m_update_scan_actions[22m | elementalist_v2_idle_cell_512.png[39m[0m
[  83% ] [90m[1m_update_scan_actions[22m | elementalist_v2_sheet_source_handoff.png[39m[0m
[  83% ] [90m[1m_update_scan_actions[22m | elementalist_v2_source_clean.png[39m[0m
[  83% ] [90m[1m_update_scan_actions[22m | elementalist_v2_source_raw.png[39m[0m
[  83% ] [90m[1m_update_scan_actions[22m | engineer_v2_idle_cell_512.png[39m[0m
[  83% ] [90m[1m_update_scan_actions[22m | engineer_v2_sheet_source_handoff.png[39m[0m
[  83% ] [90m[1m_update_scan_actions[22m | engineer_v2_source_clean.png[39m[0m
[  83% ] [90m[1m_update_scan_actions[22m | engineer_v2_source_raw.png[39m[0m
[  83% ] [90m[1m_update_scan_actions[22m | guitarist_v2_idle_cell_512.png[39m[0m
[  83% ] [90m[1m_update_scan_actions[22m | guitarist_v2_sheet_source_handoff.png[39m[0m
[  84% ] [90m[1m_update_scan_actions[22m | guitarist_v2_source_clean.png[39m[0m
[  84% ] [90m[1m_update_scan_actions[22m | guitarist_v2_source_raw.png[39m[0m
[  84% ] [90m[1m_update_scan_actions[22m | priest_v2_idle_cell_512.png[39m[0m
[  84% ] [90m[1m_update_scan_actions[22m | priest_v2_sheet_source_handoff.png[39m[0m
[  84% ] [90m[1m_update_scan_actions[22m | priest_v2_source_clean.png[39m[0m
[  84% ] [90m[1m_update_scan_actions[22m | priest_v2_source_raw.png[39m[0m
[  84% ] [90m[1m_update_scan_actions[22m | robot_v2_idle_cell_512.png[39m[0m
[  84% ] [90m[1m_update_scan_actions[22m | robot_v2_sheet_source_handoff.png[39m[0m
[  84% ] [90m[1m_update_scan_actions[22m | robot_v2_source_clean.png[39m[0m
[  84% ] [90m[1m_update_scan_actions[22m | robot_v2_source_raw.png[39m[0m
[  84% ] [90m[1m_update_scan_actions[22m | sniper_v2_idle_cell_512.png[39m[0m
[  84% ] [90m[1m_update_scan_actions[22m | sniper_v2_sheet_source_handoff.png[39m[0m
[  84% ] [90m[1m_update_scan_actions[22m | sniper_v2_source_clean.png[39m[0m
[  84% ] [90m[1m_update_scan_actions[22m | sniper_v2_source_raw.png[39m[0m
[  84% ] [90m[1m_update_scan_actions[22m | thief_v2_idle_cell_512.png[39m[0m
[  84% ] [90m[1m_update_scan_actions[22m | thief_v2_sheet_source_handoff.png[39m[0m
[  84% ] [90m[1m_update_scan_actions[22m | thief_v2_source_clean.png[39m[0m
[  84% ] [90m[1m_update_scan_actions[22m | thief_v2_source_raw.png[39m[0m
[  84% ] [90m[1m_update_scan_actions[22m | berserk_v3_source.png[39m[0m
[  84% ] [90m[1m_update_scan_actions[22m | berserk_v3_source_clean.png[39m[0m
[  84% ] [90m[1m_update_scan_actions[22m | berserk_v3_source_raw.png[39m[0m
[  84% ] [90m[1m_update_scan_actions[22m | berserk_v3_sprite_512.png[39m[0m
[  84% ] [90m[1m_update_scan_actions[22m | cloak_back_l.png[39m[0m
[  84% ] [90m[1m_update_scan_actions[22m | cloak_back_r.png[39m[0m
[  84% ] [90m[1m_update_scan_actions[22m | foot_l.png[39m[0m
[  84% ] [90m[1m_update_scan_actions[22m | foot_r.png[39m[0m
[  84% ] [90m[1m_update_scan_actions[22m | hand_l.png[39m[0m
[  84% ] [90m[1m_update_scan_actions[22m | hand_r.png[39m[0m
[  84% ] [90m[1m_update_scan_actions[22m | head.png[39m[0m
[  84% ] [90m[1m_update_scan_actions[22m | hood_shadow.png[39m[0m
[  84% ] [90m[1m_update_scan_actions[22m | lower_arm_l.png[39m[0m
[  84% ] [90m[1m_update_scan_actions[22m | lower_arm_r.png[39m[0m
[  84% ] [90m[1m_update_scan_actions[22m | pelvis.png[39m[0m
[  84% ] [90m[1m_update_scan_actions[22m | robe_front.png[39m[0m
[  84% ] [90m[1m_update_scan_actions[22m | shin_l.png[39m[0m
[  84% ] [90m[1m_update_scan_actions[22m | shin_r.png[39m[0m
[  84% ] [90m[1m_update_scan_actions[22m | thigh_l.png[39m[0m
[  84% ] [90m[1m_update_scan_actions[22m | thigh_r.png[39m[0m
[  84% ] [90m[1m_update_scan_actions[22m | torso.png[39m[0m
[  85% ] [90m[1m_update_scan_actions[22m | upper_arm_l.png[39m[0m
[  85% ] [90m[1m_update_scan_actions[22m | upper_arm_r.png[39m[0m
[  85% ] [90m[1m_update_scan_actions[22m | dark_mage_parts_contact.png[39m[0m
[  85% ] [90m[1m_update_scan_actions[22m | dark_mage_source_dark_bg_preview.png[39m[0m
[  85% ] [90m[1m_update_scan_actions[22m | dark_mage_skeleton_source_from_runtime.png[39m[0m
[  85% ] [90m[1m_update_scan_actions[22m | cape_l.png[39m[0m
[  85% ] [90m[1m_update_scan_actions[22m | cape_r.png[39m[0m
[  85% ] [90m[1m_update_scan_actions[22m | foot_l.png[39m[0m
[  85% ] [90m[1m_update_scan_actions[22m | foot_r.png[39m[0m
[  85% ] [90m[1m_update_scan_actions[22m | hand_l.png[39m[0m
[  85% ] [90m[1m_update_scan_actions[22m | hand_r.png[39m[0m
[  85% ] [90m[1m_update_scan_actions[22m | head.png[39m[0m
[  85% ] [90m[1m_update_scan_actions[22m | lower_arm_l.png[39m[0m
[  85% ] [90m[1m_update_scan_actions[22m | lower_arm_r.png[39m[0m
[  85% ] [90m[1m_update_scan_actions[22m | pelvis.png[39m[0m
[  85% ] [90m[1m_update_scan_actions[22m | shin_l.png[39m[0m
[  85% ] [90m[1m_update_scan_actions[22m | shin_r.png[39m[0m
[  85% ] [90m[1m_update_scan_actions[22m | shoulder_armor_l.png[39m[0m
[  85% ] [90m[1m_update_scan_actions[22m | shoulder_armor_r.png[39m[0m
[  85% ] [90m[1m_update_scan_actions[22m | thigh_l.png[39m[0m
[  85% ] [90m[1m_update_scan_actions[22m | thigh_r.png[39m[0m
[  85% ] [90m[1m_update_scan_actions[22m | torso.png[39m[0m
[  85% ] [90m[1m_update_scan_actions[22m | upper_arm_l.png[39m[0m
[  85% ] [90m[1m_update_scan_actions[22m | upper_arm_r.png[39m[0m
[  85% ] [90m[1m_update_scan_actions[22m | knight_parts_contact.png[39m[0m
[  85% ] [90m[1m_update_scan_actions[22m | knight_source_dark_bg_preview.png[39m[0m
[  85% ] [90m[1m_update_scan_actions[22m | knight_skeleton_source_from_runtime.png[39m[0m
[  85% ] [90m[1m_update_scan_actions[22m | dark_mage_cartoon.png[39m[0m
[  85% ] [90m[1m_update_scan_actions[22m | dark_mage_cartoon_clean.png[39m[0m
[  85% ] [90m[1m_update_scan_actions[22m | knight_cartoon.png[39m[0m
[  85% ] [90m[1m_update_scan_actions[22m | knight_cartoon_clean.png[39m[0m
[  85% ] [90m[1m_update_scan_actions[22m | dark_mage_cartoon2.png[39m[0m
[  85% ] [90m[1m_update_scan_actions[22m | knight_cartoon2.png[39m[0m
[  85% ] [90m[1m_update_scan_actions[22m | berserk_cartoon_anchor_idle_cell_512.png[39m[0m
[  85% ] [90m[1m_update_scan_actions[22m | berserk_cartoon_anchor_sheet_source_handoff.png[39m[0m
[  85% ] [90m[1m_update_scan_actions[22m | berserk_cartoon_anchor_source_clean.png[39m[0m
[  85% ] [90m[1m_update_scan_actions[22m | berserk_cartoon_anchor_source_raw.png[39m[0m
[  85% ] [90m[1m_update_scan_actions[22m | codex_ui_texture_kit_reference.png[39m[0m
[  85% ] [90m[1m_update_scan_actions[22m | codex_glossary_2k_mockup.png[39m[0m
[  85% ] [90m[1m_update_scan_actions[22m | codex_glossary_2k_mockup_v2.png[39m[0m
[  86% ] [90m[1m_update_scan_actions[22m | codex_v2_full_window_mockup_1920x1088.png[39m[0m
[  86% ] [90m[1m_update_scan_actions[22m | combat_hud_redraw_reference_sheet.png[39m[0m
[  86% ] [90m[1m_update_scan_actions[22m | combat_hud_redraw_reference_sheet_alpha_clean.png[39m[0m
[  86% ] [90m[1m_update_scan_actions[22m | ChatGPT Image Jun 14, 2026, 11_12_12 AM (1).png[39m[0m
[  86% ] [90m[1m_update_scan_actions[22m | ChatGPT Image Jun 14, 2026, 11_12_12 AM (2).png[39m[0m
[  86% ] [90m[1m_update_scan_actions[22m | ChatGPT Image Jun 14, 2026, 11_12_12 AM (3).png[39m[0m
[  86% ] [90m[1m_update_scan_actions[22m | ChatGPT Image Jun 14, 2026, 11_12_13 AM (4).png[39m[0m
[  86% ] [90m[1m_update_scan_actions[22m | ChatGPT Image Jun 14, 2026, 11_12_13 AM (5).png[39m[0m
[  86% ] [90m[1m_update_scan_actions[22m | ChatGPT Image Jun 14, 2026, 11_12_13 AM (6).png[39m[0m
[  86% ] [90m[1m_update_scan_actions[22m | ChatGPT Image Jun 14, 2026, 11_12_14 AM (7).png[39m[0m
[  86% ] [90m[1m_update_scan_actions[22m | ChatGPT Image Jun 14, 2026, 11_12_14 AM (8).png[39m[0m
[  86% ] [90m[1m_update_scan_actions[22m | ChatGPT Image Jun 14, 2026, 11_01_30 AM.png[39m[0m
[  86% ] [90m[1m_update_scan_actions[22m | ChatGPT Image Jun 14, 2026, 09_13_08 AM (1).png[39m[0m
[  86% ] [90m[1m_update_scan_actions[22m | ChatGPT Image Jun 14, 2026, 09_13_08 AM (2).png[39m[0m
[  86% ] [90m[1m_update_scan_actions[22m | ChatGPT Image Jun 14, 2026, 09_13_08 AM (3).png[39m[0m
[  86% ] [90m[1m_update_scan_actions[22m | ChatGPT Image Jun 14, 2026, 09_13_08 AM (4).png[39m[0m
[  86% ] [90m[1m_update_scan_actions[22m | ChatGPT Image Jun 14, 2026, 09_13_08 AM (5).png[39m[0m
[  86% ] [90m[1m_update_scan_actions[22m | ChatGPT Image Jun 14, 2026, 09_13_08 AM (6).png[39m[0m
[  86% ] [90m[1m_update_scan_actions[22m | ChatGPT Image Jun 14, 2026, 09_13_08 AM (7).png[39m[0m
[  86% ] [90m[1m_update_scan_actions[22m | ChatGPT Image Jun 14, 2026, 09_13_08 AM (8).png[39m[0m
[  86% ] [90m[1m_update_scan_actions[22m | frame_carousel.png[39m[0m
[  86% ] [90m[1m_update_scan_actions[22m | frame_compass.png[39m[0m
[  86% ] [90m[1m_update_scan_actions[22m | frame_dossier.png[39m[0m
[  86% ] [90m[1m_update_scan_actions[22m | frame_portrait.png[39m[0m
[  86% ] [90m[1m_update_scan_actions[22m | frame_carousel.png[39m[0m
[  86% ] [90m[1m_update_scan_actions[22m | frame_compass.png[39m[0m
[  86% ] [90m[1m_update_scan_actions[22m | frame_dossier.png[39m[0m
[  86% ] [90m[1m_update_scan_actions[22m | frame_dossier_wide.png[39m[0m
[  86% ] [90m[1m_update_scan_actions[22m | frame_portrait.png[39m[0m
[  86% ] [90m[1m_update_scan_actions[22m | hero_select_mockup.png[39m[0m
[  86% ] [90m[1m_update_scan_actions[22m | hero_select_large_carousel_base.png[39m[0m
[  86% ] [90m[1m_update_scan_actions[22m | ui_hero_select_ascension_stepper.png[39m[0m
[  86% ] [90m[1m_update_scan_actions[22m | ui_hero_select_back_button.png[39m[0m
[  86% ] [90m[1m_update_scan_actions[22m | ui_hero_select_carousel_strip.png[39m[0m
[  86% ] [90m[1m_update_scan_actions[22m | ui_hero_select_dossier_panel.png[39m[0m
[  86% ] [90m[1m_update_scan_actions[22m | ui_hero_select_portrait_panel.png[39m[0m
[  86% ] [90m[1m_update_scan_actions[22m | ui_hero_select_select_button.png[39m[0m
[  86% ] [90m[1m_update_scan_actions[22m | ui_hero_select_stat_radar.png[39m[0m
[  86% ] [90m[1m_update_scan_actions[22m | ui_hero_select_title_banner.png[39m[0m
[  87% ] [90m[1m_update_scan_actions[22m | hero_select_layout_mockup.png[39m[0m
[  87% ] [90m[1m_update_scan_actions[22m | button_asc_minus_labeled.png[39m[0m
[  87% ] [90m[1m_update_scan_actions[22m | button_asc_plus_labeled.png[39m[0m
[  87% ] [90m[1m_update_scan_actions[22m | button_back_labeled.png[39m[0m
[  87% ] [90m[1m_update_scan_actions[22m | button_carousel_left_labeled.png[39m[0m
[  87% ] [90m[1m_update_scan_actions[22m | button_carousel_right_labeled.png[39m[0m
[  87% ] [90m[1m_update_scan_actions[22m | button_choose_labeled.png[39m[0m
[  87% ] [90m[1m_update_scan_actions[22m | frame_title_labeled.png[39m[0m
[  87% ] [90m[1m_update_scan_actions[22m | background.png[39m[0m
[  87% ] [90m[1m_update_scan_actions[22m | button_asc_minus.png[39m[0m
[  87% ] [90m[1m_update_scan_actions[22m | button_asc_plus.png[39m[0m
[  87% ] [90m[1m_update_scan_actions[22m | button_asc_stepper.png[39m[0m
[  87% ] [90m[1m_update_scan_actions[22m | button_back.png[39m[0m
[  87% ] [90m[1m_update_scan_actions[22m | button_carousel_arrow.png[39m[0m
[  87% ] [90m[1m_update_scan_actions[22m | button_carousel_left.png[39m[0m
[  87% ] [90m[1m_update_scan_actions[22m | button_carousel_right.png[39m[0m
[  87% ] [90m[1m_update_scan_actions[22m | button_choose.png[39m[0m
[  87% ] [90m[1m_update_scan_actions[22m | frame_ascension.png[39m[0m
[  87% ] [90m[1m_update_scan_actions[22m | frame_carousel.png[39m[0m
[  87% ] [90m[1m_update_scan_actions[22m | frame_dossier.png[39m[0m
[  87% ] [90m[1m_update_scan_actions[22m | frame_hero_slot.png[39m[0m
[  87% ] [90m[1m_update_scan_actions[22m | frame_portrait.png[39m[0m
[  87% ] [90m[1m_update_scan_actions[22m | frame_radar.png[39m[0m
[  87% ] [90m[1m_update_scan_actions[22m | frame_title.png[39m[0m
[  87% ] [90m[1m_update_scan_actions[22m | background.png[39m[0m
[  87% ] [90m[1m_update_scan_actions[22m | button_asc_stepper.png[39m[0m
[  87% ] [90m[1m_update_scan_actions[22m | button_back.png[39m[0m
[  87% ] [90m[1m_update_scan_actions[22m | button_carousel_arrow.png[39m[0m
[  87% ] [90m[1m_update_scan_actions[22m | button_choose.png[39m[0m
[  87% ] [90m[1m_update_scan_actions[22m | frame_ascension.png[39m[0m
[  87% ] [90m[1m_update_scan_actions[22m | frame_carousel.png[39m[0m
[  87% ] [90m[1m_update_scan_actions[22m | frame_dossier.png[39m[0m
[  87% ] [90m[1m_update_scan_actions[22m | frame_hero_slot.png[39m[0m
[  87% ] [90m[1m_update_scan_actions[22m | frame_portrait.png[39m[0m
[  87% ] [90m[1m_update_scan_actions[22m | frame_radar.png[39m[0m
[  87% ] [90m[1m_update_scan_actions[22m | frame_title.png[39m[0m
[  87% ] [90m[1m_update_scan_actions[22m | scrum356_edit_input_existing_frames.png[39m[0m
[  87% ] [90m[1m_update_scan_actions[22m | ui_frame_hero_select_asc_button_small_source.png[39m[0m
[  87% ] [90m[1m_update_scan_actions[22m | ui_frame_hero_select_unified_panel_source.png[39m[0m
[  87% ] [90m[1m_update_scan_actions[22m | hero_select_v2_full_window_mockup_1920x1088.png[39m[0m
[  88% ] [90m[1m_update_scan_actions[22m | frame_carousel_raw.png[39m[0m
[  88% ] [90m[1m_update_scan_actions[22m | frame_dossier_raw.png[39m[0m
[  88% ] [90m[1m_update_scan_actions[22m | frame_preview_raw.png[39m[0m
[  88% ] [90m[1m_update_scan_actions[22m | frame_radar_raw.png[39m[0m
[  88% ] [90m[1m_update_scan_actions[22m | background.png[39m[0m
[  88% ] [90m[1m_update_scan_actions[22m | mockup.png[39m[0m
[  88% ] [90m[1m_update_scan_actions[22m | mockup_zones_annotated.png[39m[0m
[  88% ] [90m[1m_update_scan_actions[22m | mockup.png[39m[0m
[  88% ] [90m[1m_update_scan_actions[22m | berserk_totem_source.png[39m[0m
[  88% ] [90m[1m_update_scan_actions[22m | breather_totem_source_openai.png[39m[0m
[  88% ] [90m[1m_update_scan_actions[22m | breather_totem_source_openai_alpha_clean.png[39m[0m
[  88% ] [90m[1m_update_scan_actions[22m | bulwark_echo_source.png[39m[0m
[  88% ] [90m[1m_update_scan_actions[22m | chain_spark_source_openai.png[39m[0m
[  88% ] [90m[1m_update_scan_actions[22m | chain_spark_source_openai_alpha_clean.png[39m[0m
[  88% ] [90m[1m_update_scan_actions[22m | counterwave_sigil_source_openai.png[39m[0m
[  88% ] [90m[1m_update_scan_actions[22m | counterwave_sigil_source_openai_alpha_clean.png[39m[0m
[  88% ] [90m[1m_update_scan_actions[22m | crit_impulse_source_openai.png[39m[0m
[  88% ] [90m[1m_update_scan_actions[22m | crit_impulse_source_openai_alpha_clean.png[39m[0m
[  88% ] [90m[1m_update_scan_actions[22m | duelist_spur_source.png[39m[0m
[  88% ] [90m[1m_update_scan_actions[22m | field_kit_source.png[39m[0m
[  88% ] [90m[1m_update_scan_actions[22m | focus_lens_source.png[39m[0m
[  88% ] [90m[1m_update_scan_actions[22m | guardian_bulwark_source_openai.png[39m[0m
[  88% ] [90m[1m_update_scan_actions[22m | guardian_bulwark_source_openai_alpha_clean.png[39m[0m
[  88% ] [90m[1m_update_scan_actions[22m | hungry_amulet_source.png[39m[0m
[  88% ] [90m[1m_update_scan_actions[22m | powder_charge_source.png[39m[0m
[  88% ] [90m[1m_update_scan_actions[22m | sacrifice_seal_source.png[39m[0m
[  88% ] [90m[1m_update_scan_actions[22m | second_wind_source_openai.png[39m[0m
[  88% ] [90m[1m_update_scan_actions[22m | second_wind_source_openai_alpha_clean.png[39m[0m
[  88% ] [90m[1m_update_scan_actions[22m | soul_harvest_source_openai.png[39m[0m
[  88% ] [90m[1m_update_scan_actions[22m | soul_harvest_source_openai_alpha_clean.png[39m[0m
[  88% ] [90m[1m_update_scan_actions[22m | stone_hide_source.png[39m[0m
[  88% ] [90m[1m_update_scan_actions[22m | vital_siphon_source.png[39m[0m
[  88% ] [90m[1m_update_scan_actions[22m | artifact_ash_page_source.png[39m[0m
[  88% ] [90m[1m_update_scan_actions[22m | artifact_banner_seed_source.png[39m[0m
[  88% ] [90m[1m_update_scan_actions[22m | artifact_bass_cable_source.png[39m[0m
[  88% ] [90m[1m_update_scan_actions[22m | artifact_blood_pact_source.png[39m[0m
[  88% ] [90m[1m_update_scan_actions[22m | artifact_blood_sigil_source.png[39m[0m
[  88% ] [90m[1m_update_scan_actions[22m | artifact_broken_pick_source.png[39m[0m
[  88% ] [90m[1m_update_scan_actions[22m | artifact_burning_shard_source.png[39m[0m
[  89% ] [90m[1m_update_scan_actions[22m | artifact_captains_coin_source.png[39m[0m
[  89% ] [90m[1m_update_scan_actions[22m | artifact_copper_string_source.png[39m[0m
[  89% ] [90m[1m_update_scan_actions[22m | artifact_cracked_shield_source.png[39m[0m
[  89% ] [90m[1m_update_scan_actions[22m | artifact_cursed_crown_source.png[39m[0m
[  89% ] [90m[1m_update_scan_actions[22m | artifact_dark_crystal_source.png[39m[0m
[  89% ] [90m[1m_update_scan_actions[22m | artifact_echo_core_source.png[39m[0m
[  89% ] [90m[1m_update_scan_actions[22m | artifact_echo_pick_source.png[39m[0m
[  89% ] [90m[1m_update_scan_actions[22m | artifact_ember_core_source.png[39m[0m
[  89% ] [90m[1m_update_scan_actions[22m | artifact_fast_boots_source.png[39m[0m
[  89% ] [90m[1m_update_scan_actions[22m | artifact_fox_boots_source.png[39m[0m
[  89% ] [90m[1m_update_scan_actions[22m | artifact_fragile_heart_source.png[39m[0m
[  89% ] [90m[1m_update_scan_actions[22m | artifact_glass_edge_source.png[39m[0m
[  89% ] [90m[1m_update_scan_actions[22m | artifact_glass_orb_source.png[39m[0m
[  89% ] [90m[1m_update_scan_actions[22m | artifact_golden_route_mark_source.png[39m[0m
[  89% ] [90m[1m_update_scan_actions[22m | artifact_greedy_purse_source.png[39m[0m
[  89% ] [90m[1m_update_scan_actions[22m | artifact_hawk_lens_source.png[39m[0m
[  89% ] [90m[1m_update_scan_actions[22m | artifact_heavy_grip_source.png[39m[0m
[  89% ] [90m[1m_update_scan_actions[22m | artifact_heavy_totem_source.png[39m[0m
[  89% ] [90m[1m_update_scan_actions[22m | artifact_ink_candle_source.png[39m[0m
[  89% ] [90m[1m_update_scan_actions[22m | artifact_jagged_blade_source.png[39m[0m
[  89% ] [90m[1m_update_scan_actions[22m | artifact_leech_fang_source.png[39m[0m
[  89% ] [90m[1m_update_scan_actions[22m | artifact_leech_heart_source.png[39m[0m
[  89% ] [90m[1m_update_scan_actions[22m | artifact_living_root_source.png[39m[0m
[  89% ] [90m[1m_update_scan_actions[22m | artifact_loud_amp_source.png[39m[0m
[  89% ] [90m[1m_update_scan_actions[22m | artifact_magnetic_buckle_source.png[39m[0m
[  89% ] [90m[1m_update_scan_actions[22m | artifact_old_codex_source.png[39m[0m
[  89% ] [90m[1m_update_scan_actions[22m | artifact_phantom_step_source.png[39m[0m
[  89% ] [90m[1m_update_scan_actions[22m | artifact_quickstring_source.png[39m[0m
[  89% ] [90m[1m_update_scan_actions[22m | artifact_red_whetstone_source.png[39m[0m
[  89% ] [90m[1m_update_scan_actions[22m | artifact_sharp_talisman_source.png[39m[0m
[  89% ] [90m[1m_update_scan_actions[22m | artifact_silver_coin_source.png[39m[0m
[  89% ] [90m[1m_update_scan_actions[22m | artifact_skull_resonator_source.png[39m[0m
[  89% ] [90m[1m_update_scan_actions[22m | artifact_splinter_gloves_source.png[39m[0m
[  89% ] [90m[1m_update_scan_actions[22m | artifact_split_core_source.png[39m[0m
[  89% ] [90m[1m_update_scan_actions[22m | artifact_star_compass_source.png[39m[0m
[  89% ] [90m[1m_update_scan_actions[22m | artifact_stone_heart_source.png[39m[0m
[  89% ] [90m[1m_update_scan_actions[22m | artifact_sturdy_amulet_source.png[39m[0m
[  89% ] [90m[1m_update_scan_actions[22m | artifact_summoners_bell_source.png[39m[0m
[  89% ] [90m[1m_update_scan_actions[22m | artifact_survival_manual_source.png[39m[0m
[  89% ] [90m[1m_update_scan_actions[22m | artifact_swift_ink_source.png[39m[0m
[  90% ] [90m[1m_update_scan_actions[22m | artifact_thorn_pact_source.png[39m[0m
[  90% ] [90m[1m_update_scan_actions[22m | artifact_void_ink_source.png[39m[0m
[  90% ] [90m[1m_update_scan_actions[22m | artifact_warriors_rage_source.png[39m[0m
[  90% ] [90m[1m_update_scan_actions[22m | artifact_warrior_charm_source.png[39m[0m
[  90% ] [90m[1m_update_scan_actions[22m | artifact_war_belt_source.png[39m[0m
[  90% ] [90m[1m_update_scan_actions[22m | artifact_wide_sigil_source.png[39m[0m
[  90% ] [90m[1m_update_scan_actions[22m | absorb_source_openai.png[39m[0m
[  90% ] [90m[1m_update_scan_actions[22m | absorb_source_openai_alpha_clean.png[39m[0m
[  90% ] [90m[1m_update_scan_actions[22m | aoe_radius_source_openai.png[39m[0m
[  90% ] [90m[1m_update_scan_actions[22m | aoe_radius_source_openai_alpha_clean.png[39m[0m
[  90% ] [90m[1m_update_scan_actions[22m | attack_range_source_openai.png[39m[0m
[  90% ] [90m[1m_update_scan_actions[22m | attack_range_source_openai_alpha_clean.png[39m[0m
[  90% ] [90m[1m_update_scan_actions[22m | attack_speed_source_openai.png[39m[0m
[  90% ] [90m[1m_update_scan_actions[22m | attack_speed_source_openai_alpha_clean.png[39m[0m
[  90% ] [90m[1m_update_scan_actions[22m | aura_radius_source_openai.png[39m[0m
[  90% ] [90m[1m_update_scan_actions[22m | aura_radius_source_openai_alpha_clean.png[39m[0m
[  90% ] [90m[1m_update_scan_actions[22m | buff_power_source_openai.png[39m[0m
[  90% ] [90m[1m_update_scan_actions[22m | buff_power_source_openai_alpha_clean.png[39m[0m
[  90% ] [90m[1m_update_scan_actions[22m | crit_chance_source_openai.png[39m[0m
[  90% ] [90m[1m_update_scan_actions[22m | crit_chance_source_openai_alpha_clean.png[39m[0m
[  90% ] [90m[1m_update_scan_actions[22m | crit_damage_multiplier_source_openai.png[39m[0m
[  90% ] [90m[1m_update_scan_actions[22m | crit_damage_multiplier_source_openai_alpha_clean.png[39m[0m
[  90% ] [90m[1m_update_scan_actions[22m | damage_source_openai.png[39m[0m
[  90% ] [90m[1m_update_scan_actions[22m | damage_source_openai_alpha_clean.png[39m[0m
[  90% ] [90m[1m_update_scan_actions[22m | defense_source_openai.png[39m[0m
[  90% ] [90m[1m_update_scan_actions[22m | defense_source_openai_alpha_clean.png[39m[0m
[  90% ] [90m[1m_update_scan_actions[22m | dodge_source_openai.png[39m[0m
[  90% ] [90m[1m_update_scan_actions[22m | dodge_source_openai_alpha_clean.png[39m[0m
[  90% ] [90m[1m_update_scan_actions[22m | dot_damage_source_openai.png[39m[0m
[  90% ] [90m[1m_update_scan_actions[22m | dot_damage_source_openai_alpha_clean.png[39m[0m
[  90% ] [90m[1m_update_scan_actions[22m | dot_speed_source_openai.png[39m[0m
[  90% ] [90m[1m_update_scan_actions[22m | dot_speed_source_openai_alpha_clean.png[39m[0m
[  90% ] [90m[1m_update_scan_actions[22m | health_point_source_openai.png[39m[0m
[  90% ] [90m[1m_update_scan_actions[22m | health_point_source_openai_alpha_clean.png[39m[0m
[  90% ] [90m[1m_update_scan_actions[22m | knockback_distance_source_openai.png[39m[0m
[  90% ] [90m[1m_update_scan_actions[22m | knockback_distance_source_openai_alpha_clean.png[39m[0m
[  90% ] [90m[1m_update_scan_actions[22m | knockback_power_source_openai.png[39m[0m
[  90% ] [90m[1m_update_scan_actions[22m | knockback_power_source_openai_alpha_clean.png[39m[0m
[  90% ] [90m[1m_update_scan_actions[22m | magic_damage_source_openai.png[39m[0m
[  90% ] [90m[1m_update_scan_actions[22m | magic_damage_source_openai_alpha_clean.png[39m[0m
[  91% ] [90m[1m_update_scan_actions[22m | move_speed_source_openai.png[39m[0m
[  91% ] [90m[1m_update_scan_actions[22m | move_speed_source_openai_alpha_clean.png[39m[0m
[  91% ] [90m[1m_update_scan_actions[22m | pickup_radius_source_openai.png[39m[0m
[  91% ] [90m[1m_update_scan_actions[22m | pickup_radius_source_openai_alpha_clean.png[39m[0m
[  91% ] [90m[1m_update_scan_actions[22m | projectile_speed_source_openai.png[39m[0m
[  91% ] [90m[1m_update_scan_actions[22m | projectile_speed_source_openai_alpha_clean.png[39m[0m
[  91% ] [90m[1m_update_scan_actions[22m | range_multiplier_source_openai.png[39m[0m
[  91% ] [90m[1m_update_scan_actions[22m | range_multiplier_source_openai_alpha_clean.png[39m[0m
[  91% ] [90m[1m_update_scan_actions[22m | regeneration_source_openai.png[39m[0m
[  91% ] [90m[1m_update_scan_actions[22m | regeneration_source_openai_alpha_clean.png[39m[0m
[  91% ] [90m[1m_update_scan_actions[22m | sound_wave_damage_source_openai.png[39m[0m
[  91% ] [90m[1m_update_scan_actions[22m | sound_wave_damage_source_openai_alpha_clean.png[39m[0m
[  91% ] [90m[1m_update_scan_actions[22m | summon_amount_source_openai.png[39m[0m
[  91% ] [90m[1m_update_scan_actions[22m | summon_amount_source_openai_alpha_clean.png[39m[0m
[  91% ] [90m[1m_update_scan_actions[22m | ultimate_multiplier_source_openai.png[39m[0m
[  91% ] [90m[1m_update_scan_actions[22m | ultimate_multiplier_source_openai_alpha_clean.png[39m[0m
[  91% ] [90m[1m_update_scan_actions[22m | vampiric_amount_source_openai.png[39m[0m
[  91% ] [90m[1m_update_scan_actions[22m | vampiric_amount_source_openai_alpha_clean.png[39m[0m
[  91% ] [90m[1m_update_scan_actions[22m | vampiric_chance_source_openai.png[39m[0m
[  91% ] [90m[1m_update_scan_actions[22m | vampiric_chance_source_openai_alpha_clean.png[39m[0m
[  91% ] [90m[1m_update_scan_actions[22m | agility_source_openai.png[39m[0m
[  91% ] [90m[1m_update_scan_actions[22m | agility_source_openai_alpha_clean.png[39m[0m
[  91% ] [90m[1m_update_scan_actions[22m | endurance_source_openai.png[39m[0m
[  91% ] [90m[1m_update_scan_actions[22m | endurance_source_openai_alpha_clean.png[39m[0m
[  91% ] [90m[1m_update_scan_actions[22m | energy_source_openai.png[39m[0m
[  91% ] [90m[1m_update_scan_actions[22m | energy_source_openai_alpha_clean.png[39m[0m
[  91% ] [90m[1m_update_scan_actions[22m | intelligence_source_openai.png[39m[0m
[  91% ] [90m[1m_update_scan_actions[22m | intelligence_source_openai_alpha_clean.png[39m[0m
[  91% ] [90m[1m_update_scan_actions[22m | knowledge_source_openai.png[39m[0m
[  91% ] [90m[1m_update_scan_actions[22m | knowledge_source_openai_alpha_clean.png[39m[0m
[  91% ] [90m[1m_update_scan_actions[22m | leadership_source_openai.png[39m[0m
[  91% ] [90m[1m_update_scan_actions[22m | leadership_source_openai_alpha_clean.png[39m[0m
[  91% ] [90m[1m_update_scan_actions[22m | perception_source_openai.png[39m[0m
[  91% ] [90m[1m_update_scan_actions[22m | perception_source_openai_alpha_clean.png[39m[0m
[  91% ] [90m[1m_update_scan_actions[22m | strength_source_openai.png[39m[0m
[  91% ] [90m[1m_update_scan_actions[22m | strength_source_openai_alpha_clean.png[39m[0m
[  91% ] [90m[1m_update_scan_actions[22m | ChatGPT Image Jun 13, 2026, 08_12_22 PM (1).png[39m[0m
[  91% ] [90m[1m_update_scan_actions[22m | ChatGPT Image Jun 13, 2026, 08_12_23 PM (2).png[39m[0m
[  91% ] [90m[1m_update_scan_actions[22m | ChatGPT Image Jun 13, 2026, 08_12_23 PM (3).png[39m[0m
[  92% ] [90m[1m_update_scan_actions[22m | ChatGPT Image Jun 13, 2026, 08_12_23 PM (4).png[39m[0m
[  92% ] [90m[1m_update_scan_actions[22m | ChatGPT Image Jun 13, 2026, 08_12_24 PM (5).png[39m[0m
[  92% ] [90m[1m_update_scan_actions[22m | level_up_popup_badge_base.png[39m[0m
[  92% ] [90m[1m_update_scan_actions[22m | level_up_popup_badge_base_alpha.png[39m[0m
[  92% ] [90m[1m_update_scan_actions[22m | level_up_popup_badge_final.png[39m[0m
[  92% ] [90m[1m_update_scan_actions[22m | level_up_popup_badge_final_debug.png[39m[0m
[  92% ] [90m[1m_update_scan_actions[22m | level_up_popup_layout_guide.png[39m[0m
[  92% ] [90m[1m_update_scan_actions[22m | level_up_popup_text_guide.png[39m[0m
[  92% ] [90m[1m_update_scan_actions[22m | level_up_2k_mockup.png[39m[0m
[  92% ] [90m[1m_update_scan_actions[22m | level_up_frame_kit_reference.png[39m[0m
[  92% ] [90m[1m_update_scan_actions[22m | current_level_up_empty_cards_user_feedback.png[39m[0m
[  92% ] [90m[1m_update_scan_actions[22m | main_menu_epic_battle_v2_source.png[39m[0m
[  92% ] [90m[1m_update_scan_actions[22m | map_chest_artifact_alpha.png[39m[0m
[  92% ] [90m[1m_update_scan_actions[22m | map_chest_artifact_source.png[39m[0m
[  92% ] [90m[1m_update_scan_actions[22m | scrum478_bright_minimal_button_anchor_sheet.png[39m[0m
[  92% ] [90m[1m_update_scan_actions[22m | scrum478_bright_minimal_button_anchor_sheet_transparent.png[39m[0m
[  92% ] [90m[1m_update_scan_actions[22m | scrum478_exact_size_frame_source_sheet.png[39m[0m
[  92% ] [90m[1m_update_scan_actions[22m | scrum478_exact_size_frame_source_sheet_transparent.png[39m[0m
[  92% ] [90m[1m_update_scan_actions[22m | scrum478_full_screen_mockup_board.png[39m[0m
[  92% ] [90m[1m_update_scan_actions[22m | release_0_1_7_heroes_vs_bosses.png[39m[0m
[  92% ] [90m[1m_update_scan_actions[22m | ui_backdrop_rest_campfire.png[39m[0m
[  92% ] [90m[1m_update_scan_actions[22m | reward_card_common_source.png[39m[0m
[  92% ] [90m[1m_update_scan_actions[22m | reward_card_elite_artifact_source.png[39m[0m
[  92% ] [90m[1m_update_scan_actions[22m | ashen_colossus_full_frame_sheet_raw.png[39m[0m
[  92% ] [90m[1m_update_scan_actions[22m | ash_marksman_full_frame_sheet_raw.png[39m[0m
[  92% ] [90m[1m_update_scan_actions[22m | bone_archon_full_frame_sheet_raw.png[39m[0m
[  92% ] [90m[1m_update_scan_actions[22m | bone_caller_full_frame_sheet_raw.png[39m[0m
[  92% ] [90m[1m_update_scan_actions[22m | bone_shaman_full_frame_sheet_raw.png[39m[0m
[  92% ] [90m[1m_update_scan_actions[22m | brood_mother_full_frame_sheet_raw.png[39m[0m
[  92% ] [90m[1m_update_scan_actions[22m | disk_devourer_full_frame_sheet_raw.png[39m[0m
[  92% ] [90m[1m_update_scan_actions[22m | iron_bastion_full_frame_sheet_raw.png[39m[0m
[  92% ] [90m[1m_update_scan_actions[22m | mini_bone_warden_full_frame_sheet_raw.png[39m[0m
[  92% ] [90m[1m_update_scan_actions[22m | mini_plague_bellringer_full_frame_sheet_raw.png[39m[0m
[  92% ] [90m[1m_update_scan_actions[22m | mini_rot_hound_full_frame_sheet_raw.png[39m[0m
[  92% ] [90m[1m_update_scan_actions[22m | mini_scavenger_reaper_full_frame_sheet_raw.png[39m[0m
[  92% ] [90m[1m_update_scan_actions[22m | mini_shadow_devourer_full_frame_sheet_raw.png[39m[0m
[  92% ] [90m[1m_update_scan_actions[22m | mini_spark_wight_full_frame_sheet_raw.png[39m[0m
[  92% ] [90m[1m_update_scan_actions[22m | night_stalker_full_frame_sheet_raw.png[39m[0m
[  92% ] [90m[1m_update_scan_actions[22m | plague_prophet_full_frame_sheet_raw.png[39m[0m
[  92% ] [90m[1m_update_scan_actions[22m | rift_cutter_full_frame_sheet_raw.png[39m[0m
[  93% ] [90m[1m_update_scan_actions[22m | rift_shieldbearer_full_frame_sheet_raw.png[39m[0m
[  93% ] [90m[1m_update_scan_actions[22m | rift_warden_full_frame_sheet_raw.png[39m[0m
[  93% ] [90m[1m_update_scan_actions[22m | shard_marshal_full_frame_sheet_raw.png[39m[0m
[  93% ] [90m[1m_update_scan_actions[22m | small_biter_full_frame_sheet_raw.png[39m[0m
[  93% ] [90m[1m_update_scan_actions[22m | spark_runner_full_frame_sheet_raw.png[39m[0m
[  93% ] [90m[1m_update_scan_actions[22m | stone_bruiser_full_frame_sheet_raw.png[39m[0m
[  93% ] [90m[1m_update_scan_actions[22m | venom_spitter_full_frame_sheet_raw.png[39m[0m
[  93% ] [90m[1m_update_scan_actions[22m | void_mage_full_frame_sheet_raw.png[39m[0m
[  93% ] [90m[1m_update_scan_actions[22m | winged_spark_full_frame_sheet_raw.png[39m[0m
[  93% ] [90m[1m_update_scan_actions[22m | ashen_colossus_death_row_reference.png[39m[0m
[  93% ] [90m[1m_update_scan_actions[22m | bone_archon_death_row_reference.png[39m[0m
[  93% ] [90m[1m_update_scan_actions[22m | brood_mother_death_row_reference.png[39m[0m
[  93% ] [90m[1m_update_scan_actions[22m | disk_devourer_death_row_reference.png[39m[0m
[  93% ] [90m[1m_update_scan_actions[22m | druid_beast_death_row_reference.png[39m[0m
[  93% ] [90m[1m_update_scan_actions[22m | druid_pack_spirit_death_row_reference.png[39m[0m
[  93% ] [90m[1m_update_scan_actions[22m | homunculus_death_row_reference.png[39m[0m
[  93% ] [90m[1m_update_scan_actions[22m | iron_bastion_death_row_reference.png[39m[0m
[  93% ] [90m[1m_update_scan_actions[22m | leadership_echo_death_row_reference.png[39m[0m
[  93% ] [90m[1m_update_scan_actions[22m | mini_bone_warden_death_row_reference.png[39m[0m
[  93% ] [90m[1m_update_scan_actions[22m | mini_plague_bellringer_death_row_reference.png[39m[0m
[  93% ] [90m[1m_update_scan_actions[22m | mini_rot_hound_death_row_reference.png[39m[0m
[  93% ] [90m[1m_update_scan_actions[22m | mini_scavenger_reaper_death_row_reference.png[39m[0m
[  93% ] [90m[1m_update_scan_actions[22m | mini_shadow_devourer_death_row_reference.png[39m[0m
[  93% ] [90m[1m_update_scan_actions[22m | mini_spark_wight_death_row_reference.png[39m[0m
[  93% ] [90m[1m_update_scan_actions[22m | night_stalker_death_row_reference.png[39m[0m
[  93% ] [90m[1m_update_scan_actions[22m | plague_prophet_death_row_reference.png[39m[0m
[  93% ] [90m[1m_update_scan_actions[22m | rift_warden_death_row_reference.png[39m[0m
[  93% ] [90m[1m_update_scan_actions[22m | shard_marshal_death_row_reference.png[39m[0m
[  93% ] [90m[1m_update_scan_actions[22m | ui_frame_economy_choice_card_wide.png[39m[0m
[  93% ] [90m[1m_update_scan_actions[22m | ui_frame_economy_choice_card_wide_hover.png[39m[0m
[  93% ] [90m[1m_update_scan_actions[22m | scrum437_wide_option_card_frame_source.png[39m[0m
[  93% ] [90m[1m_update_scan_actions[22m | scrum437_wide_option_card_mockup.png[39m[0m
[  93% ] [90m[1m_update_scan_actions[22m | mockup.png[39m[0m
[  93% ] [90m[1m_update_scan_actions[22m | main_menu_mockup.png[39m[0m
[  93% ] [90m[1m_update_scan_actions[22m | main_menu_runtime_background_v3.png[39m[0m
[  93% ] [90m[1m_update_scan_actions[22m | hero_select_2k_mockup.png[39m[0m
[  93% ] [90m[1m_update_scan_actions[22m | openai_mockup_source.png[39m[0m
[  93% ] [90m[1m_update_scan_actions[22m | route_map_2k_mockup.png[39m[0m
[  93% ] [90m[1m_update_scan_actions[22m | levelup_overlay_2k_mockup.png[39m[0m
[  94% ] [90m[1m_update_scan_actions[22m | levelup_overlay_2k_mockup_v2.png[39m[0m
[  94% ] [90m[1m_update_scan_actions[22m | reward_ordinary_2k_base.png[39m[0m
[  94% ] [90m[1m_update_scan_actions[22m | elite_artifact_reward_2k_base.png[39m[0m
[  94% ] [90m[1m_update_scan_actions[22m | codex_2k_mockup.png[39m[0m
[  94% ] [90m[1m_update_scan_actions[22m | feedback_form_2k_mockup.png[39m[0m
[  94% ] [90m[1m_update_scan_actions[22m | rebind_conflict_2k_mockup_reference.png[39m[0m
[  94% ] [90m[1m_update_scan_actions[22m | rebind_conflict_2k_mockup_reference_v2.png[39m[0m
[  94% ] [90m[1m_update_scan_actions[22m | scrum585_glossary_tooltip_frame_alpha.png[39m[0m
[  94% ] [90m[1m_update_scan_actions[22m | scrum585_glossary_tooltip_frame_source.png[39m[0m
[  94% ] [90m[1m_update_scan_actions[22m | scrum585_glossary_tooltip_mockup_source.png[39m[0m
[  94% ] [90m[1m_update_scan_actions[22m | ui_frame_2k_gt_panel_pre_scrum585.png[39m[0m
[  94% ] [90m[1m_update_scan_actions[22m | stat_tooltip_frame_source.png[39m[0m
[  94% ] [90m[1m_update_scan_actions[22m | ui_frame_2k_stat_tooltip_candidate.png[39m[0m
[  94% ] [90m[1m_update_scan_actions[22m | levelup_toast_2k_mockup.png[39m[0m
[  94% ] [90m[1m_update_scan_actions[22m | ui_frame_2k_lut_toast_alpha.png[39m[0m
[  94% ] [90m[1m_update_scan_actions[22m | ui_frame_2k_lut_toast_source.png[39m[0m
[  94% ] [90m[1m_update_scan_actions[22m | combat_hud_2k_mockup_base.png[39m[0m
[  94% ] [90m[1m_update_scan_actions[22m | combat_hud_2k_mockup_base_rejected_drift.png[39m[0m
[  94% ] [90m[1m_update_scan_actions[22m | settings_apply_flow_mockup.png[39m[0m
[  94% ] [90m[1m_update_scan_actions[22m | ui_backdrop_settings.png[39m[0m
[  94% ] [90m[1m_update_scan_actions[22m | settings_tab_switcher_3slot_reference.png[39m[0m
[  94% ] [90m[1m_update_scan_actions[22m | settings_tab_switcher_3slot_reference_alpha_clean.png[39m[0m
[  94% ] [90m[1m_update_scan_actions[22m | settings_tab_switcher_frame_reference.png[39m[0m
[  94% ] [90m[1m_update_scan_actions[22m | settings_tab_switcher_frame_transparent.png[39m[0m
[  94% ] [90m[1m_update_scan_actions[22m | ui_frame_settings_v2_control_row.png[39m[0m
[  94% ] [90m[1m_update_scan_actions[22m | ui_frame_settings_v2_main_modal.png[39m[0m
[  94% ] [90m[1m_update_scan_actions[22m | ui_frame_settings_v2_section_panel.png[39m[0m
[  94% ] [90m[1m_update_scan_actions[22m | ui_frame_settings_v2_tab_switcher_3slot.png[39m[0m
[  94% ] [90m[1m_update_scan_actions[22m | scrum439_settings_v2_frame_kit_alpha_clean.png[39m[0m
[  94% ] [90m[1m_update_scan_actions[22m | scrum439_settings_v2_frame_kit_source.png[39m[0m
[  94% ] [90m[1m_update_scan_actions[22m | scrum439_settings_v2_main_modal_frame_alpha_clean.png[39m[0m
[  94% ] [90m[1m_update_scan_actions[22m | scrum439_settings_v2_main_modal_frame_source.png[39m[0m
[  94% ] [90m[1m_update_scan_actions[22m | scrum439_settings_v2_mockup.png[39m[0m
[  94% ] [90m[1m_update_scan_actions[22m | ui_frame_settings_v3_action_button.png[39m[0m
[  94% ] [90m[1m_update_scan_actions[22m | ui_frame_settings_v3_content_panel.png[39m[0m
[  94% ] [90m[1m_update_scan_actions[22m | ui_frame_settings_v3_inset_field.png[39m[0m
[  94% ] [90m[1m_update_scan_actions[22m | ui_frame_settings_v3_main_modal.png[39m[0m
[  94% ] [90m[1m_update_scan_actions[22m | ui_frame_settings_v3_tab_switcher.png[39m[0m
[  94% ] [90m[1m_update_scan_actions[22m | ui_shop_caption_plate.png[39m[0m
[  94% ] [90m[1m_update_scan_actions[22m | ui_backdrop_skill_tree.png[39m[0m
[  95% ] [90m[1m_update_scan_actions[22m | druid_beast_ethereal_static_source.png[39m[0m
[  95% ] [90m[1m_update_scan_actions[22m | druid_pack_spirit_ethereal_static_source.png[39m[0m
[  95% ] [90m[1m_update_scan_actions[22m | homunculus_ethereal_static_source.png[39m[0m
[  95% ] [90m[1m_update_scan_actions[22m | leadership_echo_ethereal_static_source.png[39m[0m
[  95% ] [90m[1m_update_scan_actions[22m | summons_ethereal_source_sheet.png[39m[0m
[  95% ] [90m[1m_update_scan_actions[22m | frame_kit_ornate_dark_sheet_a.png[39m[0m
[  95% ] [90m[1m_update_scan_actions[22m | frame_kit_ornate_dark_sheet_b_spec.png[39m[0m
[  95% ] [90m[1m_update_scan_actions[22m | button_bone_skulls.png[39m[0m
[  95% ] [90m[1m_update_scan_actions[22m | button_dragon_scale.png[39m[0m
[  95% ] [90m[1m_update_scan_actions[22m | button_dwarven_stone.png[39m[0m
[  95% ] [90m[1m_update_scan_actions[22m | button_eldritch_void.png[39m[0m
[  95% ] [90m[1m_update_scan_actions[22m | button_necromancer_green.png[39m[0m
[  95% ] [90m[1m_update_scan_actions[22m | button_obsidian_brass_runed.png[39m[0m
[  95% ] [90m[1m_update_scan_actions[22m | button_parchment_wax_seal.png[39m[0m
[  95% ] [90m[1m_update_scan_actions[22m | button_royal_crimson_gold.png[39m[0m
[  95% ] [90m[1m_update_scan_actions[22m | button_warplate_iron.png[39m[0m
[  95% ] [90m[1m_update_scan_actions[22m | screen_necromantic_lab_reference.png[39m[0m
[  95% ] [90m[1m_update_scan_actions[22m | screen_settings_full_reference.png[39m[0m
[  95% ] [90m[1m_update_scan_actions[22m | ui_frame_minimal_card_raw.png[39m[0m
[  95% ] [90m[1m_update_scan_actions[22m | ui_frame_minimal_field_raw.png[39m[0m
[  95% ] [90m[1m_update_scan_actions[22m | ui_frame_minimal_hud_strip_raw.png[39m[0m
[  95% ] [90m[1m_update_scan_actions[22m | ui_frame_minimal_modal_raw.png[39m[0m
[  95% ] [90m[1m_update_scan_actions[22m | ui_frame_minimal_panel_raw.png[39m[0m
[  95% ] [90m[1m_update_scan_actions[22m | ui_frame_minimal_tooltip_raw.png[39m[0m
[  95% ] [90m[1m_update_scan_actions[22m | scrum448_minimalist_frame_kit_source_sheet.png[39m[0m
[  95% ] [90m[1m_update_scan_actions[22m | scrum448_minimalist_ui_style_board.png[39m[0m
[  95% ] [90m[1m_update_scan_actions[22m | btn_disabled.png[39m[0m
[  95% ] [90m[1m_update_scan_actions[22m | btn_hover.png[39m[0m
[  95% ] [90m[1m_update_scan_actions[22m | btn_normal.png[39m[0m
[  95% ] [90m[1m_update_scan_actions[22m | btn_pressed.png[39m[0m
[  95% ] [90m[1m_update_scan_actions[22m | ui_frame_minimal_metal_card_raw.png[39m[0m
[  95% ] [90m[1m_update_scan_actions[22m | ui_frame_minimal_metal_field_raw.png[39m[0m
[  95% ] [90m[1m_update_scan_actions[22m | ui_frame_minimal_metal_hud_strip_raw.png[39m[0m
[  95% ] [90m[1m_update_scan_actions[22m | ui_frame_minimal_metal_modal_raw.png[39m[0m
[  95% ] [90m[1m_update_scan_actions[22m | ui_frame_minimal_metal_panel_raw.png[39m[0m
[  95% ] [90m[1m_update_scan_actions[22m | ui_frame_minimal_metal_tooltip_raw.png[39m[0m
[  95% ] [90m[1m_update_scan_actions[22m | ui_frame_minimal_metal_card.png[39m[0m
[  95% ] [90m[1m_update_scan_actions[22m | ui_frame_minimal_metal_card_raw.png[39m[0m
[  95% ] [90m[1m_update_scan_actions[22m | ui_frame_minimal_metal_field.png[39m[0m
[  96% ] [90m[1m_update_scan_actions[22m | ui_frame_minimal_metal_field_raw.png[39m[0m
[  96% ] [90m[1m_update_scan_actions[22m | ui_frame_minimal_metal_hud_strip.png[39m[0m
[  96% ] [90m[1m_update_scan_actions[22m | ui_frame_minimal_metal_hud_strip_raw.png[39m[0m
[  96% ] [90m[1m_update_scan_actions[22m | ui_frame_minimal_metal_modal.png[39m[0m
[  96% ] [90m[1m_update_scan_actions[22m | ui_frame_minimal_metal_modal_raw.png[39m[0m
[  96% ] [90m[1m_update_scan_actions[22m | ui_frame_minimal_metal_panel.png[39m[0m
[  96% ] [90m[1m_update_scan_actions[22m | ui_frame_minimal_metal_panel_raw.png[39m[0m
[  96% ] [90m[1m_update_scan_actions[22m | ui_frame_minimal_metal_tooltip.png[39m[0m
[  96% ] [90m[1m_update_scan_actions[22m | ui_frame_minimal_metal_tooltip_raw.png[39m[0m
[  96% ] [90m[1m_update_scan_actions[22m | scrum452_minimal_metal_frame_source_sheet.png[39m[0m
[  96% ] [90m[1m_update_scan_actions[22m | scrum452_minimal_metal_style_board.png[39m[0m
[  96% ] [90m[1m_update_scan_actions[22m | scrum466_minimal_metal_frame_source_sheet_no_seams.png[39m[0m
[  96% ] [90m[1m_update_scan_actions[22m | ui_btn_minimal_metal_attr_selector.png[39m[0m
[  96% ] [90m[1m_update_scan_actions[22m | ui_btn_minimal_metal_attr_selector_disabled.png[39m[0m
[  96% ] [90m[1m_update_scan_actions[22m | ui_btn_minimal_metal_attr_selector_focus.png[39m[0m
[  96% ] [90m[1m_update_scan_actions[22m | ui_btn_minimal_metal_attr_selector_hover.png[39m[0m
[  96% ] [90m[1m_update_scan_actions[22m | ui_btn_minimal_metal_attr_selector_pressed.png[39m[0m
[  96% ] [90m[1m_update_scan_actions[22m | ui_btn_minimal_metal_back_l.png[39m[0m
[  96% ] [90m[1m_update_scan_actions[22m | ui_btn_minimal_metal_back_l_disabled.png[39m[0m
[  96% ] [90m[1m_update_scan_actions[22m | ui_btn_minimal_metal_back_l_focus.png[39m[0m
[  96% ] [90m[1m_update_scan_actions[22m | ui_btn_minimal_metal_back_l_hover.png[39m[0m
[  96% ] [90m[1m_update_scan_actions[22m | ui_btn_minimal_metal_back_l_pressed.png[39m[0m
[  96% ] [90m[1m_update_scan_actions[22m | ui_btn_minimal_metal_back_m.png[39m[0m
[  96% ] [90m[1m_update_scan_actions[22m | ui_btn_minimal_metal_back_m_disabled.png[39m[0m
[  96% ] [90m[1m_update_scan_actions[22m | ui_btn_minimal_metal_back_m_focus.png[39m[0m
[  96% ] [90m[1m_update_scan_actions[22m | ui_btn_minimal_metal_back_m_hover.png[39m[0m
[  96% ] [90m[1m_update_scan_actions[22m | ui_btn_minimal_metal_back_m_pressed.png[39m[0m
[  96% ] [90m[1m_update_scan_actions[22m | ui_btn_minimal_metal_back_s.png[39m[0m
[  96% ] [90m[1m_update_scan_actions[22m | ui_btn_minimal_metal_back_s_disabled.png[39m[0m
[  96% ] [90m[1m_update_scan_actions[22m | ui_btn_minimal_metal_back_s_focus.png[39m[0m
[  96% ] [90m[1m_update_scan_actions[22m | ui_btn_minimal_metal_back_s_hover.png[39m[0m
[  96% ] [90m[1m_update_scan_actions[22m | ui_btn_minimal_metal_back_s_pressed.png[39m[0m
[  96% ] [90m[1m_update_scan_actions[22m | ui_btn_minimal_metal_codex_tab.png[39m[0m
[  96% ] [90m[1m_update_scan_actions[22m | ui_btn_minimal_metal_codex_tab_disabled.png[39m[0m
[  96% ] [90m[1m_update_scan_actions[22m | ui_btn_minimal_metal_codex_tab_focus.png[39m[0m
[  96% ] [90m[1m_update_scan_actions[22m | ui_btn_minimal_metal_codex_tab_hover.png[39m[0m
[  96% ] [90m[1m_update_scan_actions[22m | ui_btn_minimal_metal_codex_tab_pressed.png[39m[0m
[  96% ] [90m[1m_update_scan_actions[22m | ui_btn_minimal_metal_fab.png[39m[0m
[  96% ] [90m[1m_update_scan_actions[22m | ui_btn_minimal_metal_fab_disabled.png[39m[0m
[  96% ] [90m[1m_update_scan_actions[22m | ui_btn_minimal_metal_fab_focus.png[39m[0m
[  97% ] [90m[1m_update_scan_actions[22m | ui_btn_minimal_metal_fab_hover.png[39m[0m
[  97% ] [90m[1m_update_scan_actions[22m | ui_btn_minimal_metal_fab_pressed.png[39m[0m
[  97% ] [90m[1m_update_scan_actions[22m | ui_btn_minimal_metal_hero_confirm.png[39m[0m
[  97% ] [90m[1m_update_scan_actions[22m | ui_btn_minimal_metal_hero_confirm_disabled.png[39m[0m
[  97% ] [90m[1m_update_scan_actions[22m | ui_btn_minimal_metal_hero_confirm_focus.png[39m[0m
[  97% ] [90m[1m_update_scan_actions[22m | ui_btn_minimal_metal_hero_confirm_hover.png[39m[0m
[  97% ] [90m[1m_update_scan_actions[22m | ui_btn_minimal_metal_hero_confirm_pressed.png[39m[0m
[  97% ] [90m[1m_update_scan_actions[22m | ui_btn_minimal_metal_main_menu.png[39m[0m
[  97% ] [90m[1m_update_scan_actions[22m | ui_btn_minimal_metal_main_menu_disabled.png[39m[0m
[  97% ] [90m[1m_update_scan_actions[22m | ui_btn_minimal_metal_main_menu_focus.png[39m[0m
[  97% ] [90m[1m_update_scan_actions[22m | ui_btn_minimal_metal_main_menu_hover.png[39m[0m
[  97% ] [90m[1m_update_scan_actions[22m | ui_btn_minimal_metal_main_menu_pressed.png[39m[0m
[  97% ] [90m[1m_update_scan_actions[22m | ui_btn_minimal_metal_max.png[39m[0m
[  97% ] [90m[1m_update_scan_actions[22m | ui_btn_minimal_metal_max_disabled.png[39m[0m
[  97% ] [90m[1m_update_scan_actions[22m | ui_btn_minimal_metal_max_focus.png[39m[0m
[  97% ] [90m[1m_update_scan_actions[22m | ui_btn_minimal_metal_max_hover.png[39m[0m
[  97% ] [90m[1m_update_scan_actions[22m | ui_btn_minimal_metal_max_pressed.png[39m[0m
[  97% ] [90m[1m_update_scan_actions[22m | ui_btn_minimal_metal_pause.png[39m[0m
[  97% ] [90m[1m_update_scan_actions[22m | ui_btn_minimal_metal_pause_disabled.png[39m[0m
[  97% ] [90m[1m_update_scan_actions[22m | ui_btn_minimal_metal_pause_focus.png[39m[0m
[  97% ] [90m[1m_update_scan_actions[22m | ui_btn_minimal_metal_pause_hover.png[39m[0m
[  97% ] [90m[1m_update_scan_actions[22m | ui_btn_minimal_metal_pause_pressed.png[39m[0m
[  97% ] [90m[1m_update_scan_actions[22m | ui_btn_minimal_metal_rebind.png[39m[0m
[  97% ] [90m[1m_update_scan_actions[22m | ui_btn_minimal_metal_rebind_disabled.png[39m[0m
[  97% ] [90m[1m_update_scan_actions[22m | ui_btn_minimal_metal_rebind_focus.png[39m[0m
[  97% ] [90m[1m_update_scan_actions[22m | ui_btn_minimal_metal_rebind_hover.png[39m[0m
[  97% ] [90m[1m_update_scan_actions[22m | ui_btn_minimal_metal_rebind_pressed.png[39m[0m
[  97% ] [90m[1m_update_scan_actions[22m | ui_btn_minimal_metal_reset_audio.png[39m[0m
[  97% ] [90m[1m_update_scan_actions[22m | ui_btn_minimal_metal_reset_audio_disabled.png[39m[0m
[  97% ] [90m[1m_update_scan_actions[22m | ui_btn_minimal_metal_reset_audio_focus.png[39m[0m
[  97% ] [90m[1m_update_scan_actions[22m | ui_btn_minimal_metal_reset_audio_hover.png[39m[0m
[  97% ] [90m[1m_update_scan_actions[22m | ui_btn_minimal_metal_reset_audio_pressed.png[39m[0m
[  97% ] [90m[1m_update_scan_actions[22m | ui_btn_minimal_metal_reset_bindings.png[39m[0m
[  97% ] [90m[1m_update_scan_actions[22m | ui_btn_minimal_metal_reset_bindings_disabled.png[39m[0m
[  97% ] [90m[1m_update_scan_actions[22m | ui_btn_minimal_metal_reset_bindings_focus.png[39m[0m
[  97% ] [90m[1m_update_scan_actions[22m | ui_btn_minimal_metal_reset_bindings_hover.png[39m[0m
[  97% ] [90m[1m_update_scan_actions[22m | ui_btn_minimal_metal_reset_bindings_pressed.png[39m[0m
[  97% ] [90m[1m_update_scan_actions[22m | ui_btn_minimal_metal_standard.png[39m[0m
[  97% ] [90m[1m_update_scan_actions[22m | ui_btn_minimal_metal_standard_disabled.png[39m[0m
[  98% ] [90m[1m_update_scan_actions[22m | ui_btn_minimal_metal_standard_focus.png[39m[0m
[  98% ] [90m[1m_update_scan_actions[22m | ui_btn_minimal_metal_standard_hover.png[39m[0m
[  98% ] [90m[1m_update_scan_actions[22m | ui_btn_minimal_metal_standard_pressed.png[39m[0m
[  98% ] [90m[1m_update_scan_actions[22m | ui_btn_minimal_metal_utility.png[39m[0m
[  98% ] [90m[1m_update_scan_actions[22m | ui_btn_minimal_metal_utility_disabled.png[39m[0m
[  98% ] [90m[1m_update_scan_actions[22m | ui_btn_minimal_metal_utility_focus.png[39m[0m
[  98% ] [90m[1m_update_scan_actions[22m | ui_btn_minimal_metal_utility_hover.png[39m[0m
[  98% ] [90m[1m_update_scan_actions[22m | ui_btn_minimal_metal_utility_pressed.png[39m[0m
[  98% ] [90m[1m_update_scan_actions[22m | scrum450_minimal_metal_button_source_sheet.png[39m[0m
[  98% ] [90m[1m_update_scan_actions[22m | crest_defeat.png[39m[0m
[  98% ] [90m[1m_update_scan_actions[22m | crest_victory.png[39m[0m
[  98% ] [90m[1m_update_scan_actions[22m | frame_modal.png[39m[0m
[  98% ] [90m[1m_update_scan_actions[22m | frame_pause_menu.png[39m[0m
[  98% ] [90m[1m_update_scan_actions[22m | pause_end_cluster_mockup.png[39m[0m
[  98% ] [90m[1m_update_scan_actions[22m | ui_frame_progression_branch_panel.png[39m[0m
[  98% ] [90m[1m_update_scan_actions[22m | ui_frame_progression_class_panel.png[39m[0m
[  98% ] [90m[1m_update_scan_actions[22m | ui_frame_progression_main_panel.png[39m[0m
[  98% ] [90m[1m_update_scan_actions[22m | ui_frame_progression_node_available.png[39m[0m
[  98% ] [90m[1m_update_scan_actions[22m | ui_frame_progression_node_focus.png[39m[0m
[  98% ] [90m[1m_update_scan_actions[22m | ui_frame_progression_node_locked.png[39m[0m
[  98% ] [90m[1m_update_scan_actions[22m | ui_frame_progression_node_purchased.png[39m[0m
[  98% ] [90m[1m_update_scan_actions[22m | ui_frame_progression_points_badge.png[39m[0m
[  98% ] [90m[1m_update_scan_actions[22m | ui_frame_progression_tooltip.png[39m[0m
[  98% ] [90m[1m_update_scan_actions[22m | scrum331_progression_codex_mockup.png[39m[0m
[  98% ] [90m[1m_update_scan_actions[22m | scrum331_progression_frame_asset_sheet.png[39m[0m
[  98% ] [90m[1m_update_scan_actions[22m | ui_frame_economy_choice_card.png[39m[0m
[  98% ] [90m[1m_update_scan_actions[22m | ui_frame_economy_choice_card_hover.png[39m[0m
[  98% ] [90m[1m_update_scan_actions[22m | ui_frame_economy_dragon_panel.png[39m[0m
[  98% ] [90m[1m_update_scan_actions[22m | ui_frame_economy_panel.png[39m[0m
[  98% ] [90m[1m_update_scan_actions[22m | ui_frame_economy_price_badge.png[39m[0m
[  98% ] [90m[1m_update_scan_actions[22m | ui_frame_economy_tooltip.png[39m[0m
[  98% ] [90m[1m_update_scan_actions[22m | scrum332_economy_cluster_mockup.png[39m[0m
[  98% ] [90m[1m_update_scan_actions[22m | scrum332_economy_frame_asset_sheet.png[39m[0m
[  98% ] [90m[1m_update_scan_actions[22m | back_260x104_source.png[39m[0m
[  98% ] [90m[1m_update_scan_actions[22m | continue_240x72_source.png[39m[0m
[  98% ] [90m[1m_update_scan_actions[22m | continue_run_long_420x72_source.png[39m[0m
[  98% ] [90m[1m_update_scan_actions[22m | event_back_380x54_source.png[39m[0m
[  98% ] [90m[1m_update_scan_actions[22m | feedback_260x64_source.png[39m[0m
[  98% ] [90m[1m_update_scan_actions[22m | feedback_cancel_220x64_source.png[39m[0m
[  98% ] [90m[1m_update_scan_actions[22m | later_260x72_source.png[39m[0m
[  99% ] [90m[1m_update_scan_actions[22m | main_menu_380x104_source.png[39m[0m
[  99% ] [90m[1m_update_scan_actions[22m | pause_280x60_source.png[39m[0m
[  99% ] [90m[1m_update_scan_actions[22m | quit_220x72_source.png[39m[0m
[  99% ] [90m[1m_update_scan_actions[22m | rebind_420x62_source.png[39m[0m
[  99% ] [90m[1m_update_scan_actions[22m | reset_bindings_long_560x104_source.png[39m[0m
[  99% ] [90m[1m_update_scan_actions[22m | settings_back_280x64_source.png[39m[0m
[  99% ] [90m[1m_update_scan_actions[22m | standard_420x104_source.png[39m[0m
[  99% ] [90m[1m_update_scan_actions[22m | wide_440x104_source.png[39m[0m
[  99% ] [90m[1m_update_scan_actions[22m | scrum657_text_button_family_reference.png[39m[0m
[  99% ] [90m[1m_update_scan_actions[22m | thin_metallic_unified_frame_reference.png[39m[0m
[  99% ] [90m[1m_update_scan_actions[22m | thin_metallic_unified_frame_reference_alpha_clean.png[39m[0m
[  99% ] [90m[1m_update_scan_actions[22m | ui_frame_unified_master_reference.png[39m[0m
[  99% ] [90m[1m_update_scan_actions[22m | ui_frame_unified_master_reference_alpha_clean.png[39m[0m
[  99% ] [90m[1m_update_scan_actions[22m | ChatGPT Image Jun 14, 2026, 08_59_00 AM (1).png[39m[0m
[  99% ] [90m[1m_update_scan_actions[22m | ChatGPT Image Jun 14, 2026, 08_59_00 AM (2).png[39m[0m
[  99% ] [90m[1m_update_scan_actions[22m | ChatGPT Image Jun 14, 2026, 08_59_00 AM (3).png[39m[0m
[  99% ] [90m[1m_update_scan_actions[22m | ChatGPT Image Jun 14, 2026, 08_59_00 AM (4).png[39m[0m
[  99% ] [90m[1m_update_scan_actions[22m | ChatGPT Image Jun 14, 2026, 08_59_01 AM (5).png[39m[0m
[  99% ] [90m[1m_update_scan_actions[22m | ui_backdrop_victory.png[39m[0m
[  99% ] [90m[1m_update_scan_actions[22m | ChatGPT Image Jun 14, 2026, 11_07_47 AM.png[39m[0m
[  99% ] [90m[1m_update_scan_actions[22m | wolfattacking.png[39m[0m
[  99% ] [90m[1m_update_scan_actions[22m | Wolfmoving.png[39m[0m
[  99% ] [90m[1m_update_scan_actions[22m | fantasydisk_progress_stats_2026_06_27.png[39m[0m
[  99% ] [90m[1m_update_scan_actions[22m | fantasydisk_progress_stats_2026_06_27_base.png[39m[0m
[  99% ] [90m[1m_update_scan_actions[22m | fantasydisk_progress_stats_2026_06_27_debug.png[39m[0m
[  99% ] [90m[1m_update_scan_actions[22m | fantasydisk_progress_stats_2026_06_27_guide.png[39m[0m
[  99% ] [90m[1m_update_scan_actions[22m | ChatGPT Image Jun 13, 2026, 07_59_05 PM (1).png[39m[0m
[  99% ] [90m[1m_update_scan_actions[22m | ChatGPT Image Jun 13, 2026, 07_59_05 PM (2).png[39m[0m
[  99% ] [90m[1m_update_scan_actions[22m | ChatGPT Image Jun 13, 2026, 07_59_05 PM (3).png[39m[0m
[  99% ] [90m[1m_update_scan_actions[22m | ChatGPT Image Jun 13, 2026, 07_59_06 PM (4).png[39m[0m
[  99% ] [90m[1m_update_scan_actions[22m | ChatGPT Image Jun 13, 2026, 07_59_06 PM (5).png[39m[0m
[  99% ] [90m[1m_update_scan_actions[22m | ChatGPT Image Jun 13, 2026, 07_06_19 PM (1).png[39m[0m
[  99% ] [90m[1m_update_scan_actions[22m | ChatGPT Image Jun 13, 2026, 07_06_19 PM (2).png[39m[0m
[  99% ] [90m[1m_update_scan_actions[22m | ChatGPT Image Jun 13, 2026, 07_06_19 PM (3).png[39m[0m
[  99% ] [90m[1m_update_scan_actions[22m | ChatGPT Image Jun 13, 2026, 07_06_19 PM (4).png[39m[0m
[  99% ] [90m[1m_update_scan_actions[22m | ChatGPT Image Jun 13, 2026, 07_06_19 PM (5).png[39m[0m
[  99% ] [90m[1m_update_scan_actions[22m | ChatGPT Image Jun 13, 2026, 07_06_19 PM (6).png[39m[0m
[  99% ] [90m[1m_update_scan_actions[22m | icon.svg[39m[0m
[92m[ DONE ][39m [1m_update_scan_actions[22m
[0m
[   0% ] [90m[1mreimport[22m | Started (Re)Importing Assets (3954 steps)[39m[0m
[   0% ] [90m[1mreimport[22m | Preparing files to reimport...[39m[0m
[   0% ] [90m[1mreimport[22m | Preparing files to reimport...[39m[0m
[   0% ] [90m[1mreimport[22m | Preparing files to reimport...[39m[0m
[   0% ] [90m[1mreimport[22m | Preparing files to reimport...[39m[0m
[   0% ] [90m[1mreimport[22m | Preparing files to reimport...[39m[0m
[   0% ] [90m[1mreimport[22m | Preparing files to reimport...[39m[0m
[   0% ] [90m[1mreimport[22m | Preparing files to reimport...[39m[0m
[   0% ] [90m[1mreimport[22m | Preparing files to reimport...[39m[0m
[   0% ] [90m[1mreimport[22m | Preparing files to reimport...[39m[0m
[   0% ] [90m[1mreimport[22m | Preparing files to reimport...[39m[0m
[   0% ] [90m[1mreimport[22m | Preparing files to reimport...[39m[0m
[   0% ] [90m[1mreimport[22m | Preparing files to reimport...[39m[0m
[   0% ] [90m[1mreimport[22m | Preparing files to reimport...[39m[0m
[   0% ] [90m[1mreimport[22m | Preparing files to reimport...[39m[0m
[   0% ] [90m[1mreimport[22m | Preparing files to reimport...[39m[0m
[   0% ] [90m[1mreimport[22m | Preparing files to reimport...[39m[0m
[   0% ] [90m[1mreimport[22m | Preparing files to reimport...[39m[0m
[   0% ] [90m[1mreimport[22m | Preparing files to reimport...[39m[0m
[   0% ] [90m[1mreimport[22m | Preparing files to reimport...[39m[0m
[   0% ] [90m[1mreimport[22m | Preparing files to reimport...[39m[0m
[   0% ] [90m[1mreimport[22m | Preparing files to reimport...[39m[0m
[   0% ] [90m[1mreimport[22m | Preparing files to reimport...[39m[0m
[   0% ] [90m[1mreimport[22m | Preparing files to reimport...[39m[0m
[   0% ] [90m[1mreimport[22m | Preparing files to reimport...[39m[0m
[   0% ] [90m[1mreimport[22m | Preparing files to reimport...[39m[0m
[   0% ] [90m[1mreimport[22m | Preparing files to reimport...[39m[0m
[   0% ] [90m[1mreimport[22m | Preparing files to reimport...[39m[0m
[   0% ] [90m[1mreimport[22m | Preparing files to reimport...[39m[0m
[   0% ] [90m[1mreimport[22m | Preparing files to reimport...[39m[0m
[   0% ] [90m[1mreimport[22m | Preparing files to reimport...[39m[0m
[   0% ] [90m[1mreimport[22m | Preparing files to reimport...[39m[0m
[   0% ] [90m[1mreimport[22m | Preparing files to reimport...[39m[0m
[   0% ] [90m[1mreimport[22m | Preparing files to reimport...[39m[0m
[   0% ] [90m[1mreimport[22m | Preparing files to reimport...[39m[0m
[   0% ] [90m[1mreimport[22m | Preparing files to reimport...[39m[0m
[   0% ] [90m[1mreimport[22m | Preparing files to reimport...[39m[0m
[   0% ] [90m[1mreimport[22m | Preparing files to reimport...[39m[0m
[   0% ] [90m[1mreimport[22m | Preparing files to reimport...[39m[0m
[   0% ] [90m[1mreimport[22m | Preparing files to reimport...[39m[0m
[   0% ] [90m[1mreimport[22m | Preparing files to reimport...[39m[0m
[   1% ] [90m[1mreimport[22m | Preparing files to reimport...[39m[0m
[   1% ] [90m[1mreimport[22m | Preparing files to reimport...[39m[0m
[   1% ] [90m[1mreimport[22m | Preparing files to reimport...[39m[0m
[   1% ] [90m[1mreimport[22m | Preparing files to reimport...[39m[0m
[   1% ] [90m[1mreimport[22m | Preparing files to reimport...[39m[0m
[   1% ] [90m[1mreimport[22m | Preparing files to reimport...[39m[0m
[   1% ] [90m[1mreimport[22m | Preparing files to reimport...[39m[0m
[   1% ] [90m[1mreimport[22m | Preparing files to reimport...[39m[0m
[   1% ] [90m[1mreimport[22m | Preparing files to reimport...[39m[0m
[   1% ] [90m[1mreimport[22m | Preparing files to reimport...[39m[0m
[   1% ] [90m[1mreimport[22m | Preparing files to reimport...[39m[0m
[   1% ] [90m[1mreimport[22m | Preparing files to reimport...[39m[0m
[   1% ] [90m[1mreimport[22m | Preparing files to reimport...[39m[0m
[   1% ] [90m[1mreimport[22m | Preparing files to reimport...[39m[0m
[   1% ] [90m[1mreimport[22m | Preparing files to reimport...[39m[0m
[   1% ] [90m[1mreimport[22m | Preparing files to reimport...[39m[0m
[   1% ] [90m[1mreimport[22m | Preparing files to reimport...[39m[0m
[   1% ] [90m[1mreimport[22m | Preparing files to reimport...[39m[0m
[   1% ] [90m[1mreimport[22m | Preparing files to reimport...[39m[0m
[   1% ] [90m[1mreimport[22m | Preparing files to reimport...[39m[0m
[   1% ] [90m[1mreimport[22m | Preparing files to reimport...[39m[0m
[   1% ] [90m[1mreimport[22m | Preparing files to reimport...[39m[0m
[   1% ] [90m[1mreimport[22m | Preparing files to reimport...[39m[0m
[   1% ] [90m[1mreimport[22m | Preparing files to reimport...[39m[0m
[   1% ] [90m[1mreimport[22m | Preparing files to reimport...[39m[0m
[   1% ] [90m[1mreimport[22m | Preparing files to reimport...[39m[0m
[   1% ] [90m[1mreimport[22m | Preparing files to reimport...[39m[0m
[   1% ] [90m[1mreimport[22m | Preparing files to reimport...[39m[0m
[   1% ] [90m[1mreimport[22m | Preparing files to reimport...[39m[0m
[   1% ] [90m[1mreimport[22m | Preparing files to reimport...[39m[0m
[   1% ] [90m[1mreimport[22m | Preparing files to reimport...[39m[0m
[   1% ] [90m[1mreimport[22m | Preparing files to reimport...[39m[0m
[   1% ] [90m[1mreimport[22m | Preparing files to reimport...[39m[0m
[   1% ] [90m[1mreimport[22m | Preparing files to reimport...[39m[0m
[   1% ] [90m[1mreimport[22m | Preparing files to reimport...[39m[0m
[   1% ] [90m[1mreimport[22m | Preparing files to reimport...[39m[0m
[   1% ] [90m[1mreimport[22m | Preparing files to reimport...[39m[0m
[   1% ] [90m[1mreimport[22m | Preparing files to reimport...[39m[0m
[   1% ] [90m[1mreimport[22m | Preparing files to reimport...[39m[0m
[   1% ] [90m[1mreimport[22m | Preparing files to reimport...[39m[0m
[   2% ] [90m[1mreimport[22m | Preparing files to reimport...[39m[0m
[   2% ] [90m[1mreimport[22m | Preparing files to reimport...[39m[0m
[   2% ] [90m[1mreimport[22m | Preparing files to reimport...[39m[0m
[   2% ] [90m[1mreimport[22m | Preparing files to reimport...[39m[0m
[   2% ] [90m[1mreimport[22m | Preparing files to reimport...[39m[0m
[   2% ] [90m[1mreimport[22m | Preparing files to reimport...[39m[0m
[   2% ] [90m[1mreimport[22m | Preparing files to reimport...[39m[0m
[   2% ] [90m[1mreimport[22m | Preparing files to reimport...[39m[0m
[   2% ] [90m[1mreimport[22m | Preparing files to reimport...[39m[0m
[   2% ] [90m[1mreimport[22m | Preparing files to reimport...[39m[0m
[   2% ] [90m[1mreimport[22m | Preparing files to reimport...[39m[0m
[   2% ] [90m[1mreimport[22m | Preparing files to reimport...[39m[0m
[   2% ] [90m[1mreimport[22m | Preparing files to reimport...[39m[0m
[   2% ] [90m[1mreimport[22m | Preparing files to reimport...[39m[0m
[   2% ] [90m[1mreimport[22m | Preparing files to reimport...[39m[0m
[   2% ] [90m[1mreimport[22m | Preparing files to reimport...[39m[0m
[   2% ] [90m[1mreimport[22m | Preparing files to reimport...[39m[0m
[   2% ] [90m[1mreimport[22m | Preparing files to reimport...[39m[0m
[   2% ] [90m[1mreimport[22m | Preparing files to reimport...[39m[0m
[   2% ] [90m[1mreimport[22m | Preparing files to reimport...[39m[0m
[   2% ] [90m[1mreimport[22m | Preparing files to reimport...[39m[0m
[   2% ] [90m[1mreimport[22m | Preparing files to reimport...[39m[0m
[   2% ] [90m[1mreimport[22m | Preparing files to reimport...[39m[0m
[   2% ] [90m[1mreimport[22m | Preparing files to reimport...[39m[0m
[   2% ] [90m[1mreimport[22m | Preparing files to reimport...[39m[0m
[   2% ] [90m[1mreimport[22m | Preparing files to reimport...[39m[0m
[   2% ] [90m[1mreimport[22m | Preparing files to reimport...[39m[0m
[   2% ] [90m[1mreimport[22m | Preparing files to reimport...[39m[0m
[   2% ] [90m[1mreimport[22m | Preparing files to reimport...[39m[0m
[   2% ] [90m[1mreimport[22m | Preparing files to reimport...[39m[0m
[   2% ] [90m[1mreimport[22m | Preparing files to reimport...[39m[0m
[   2% ] [90m[1mreimport[22m | Preparing files to reimport...[39m[0m
[   2% ] [90m[1mreimport[22m | Preparing files to reimport...[39m[0m
[   2% ] [90m[1mreimport[22m | Preparing files to reimport...[39m[0m
[   2% ] [90m[1mreimport[22m | Preparing files to reimport...[39m[0m
[   2% ] [90m[1mreimport[22m | Preparing files to reimport...[39m[0m
[   2% ] [90m[1mreimport[22m | Preparing files to reimport...[39m[0m
[   2% ] [90m[1mreimport[22m | Preparing files to reimport...[39m[0m
[   2% ] [90m[1mreimport[22m | Preparing files to reimport...[39m[0m
[   3% ] [90m[1mreimport[22m | Preparing files to reimport...[39m[0m
[   3% ] [90m[1mreimport[22m | Preparing files to reimport...[39m[0m
[   3% ] [90m[1mreimport[22m | Preparing files to reimport...[39m[0m
[   3% ] [90m[1mreimport[22m | Preparing files to reimport...[39m[0m
[   3% ] [90m[1mreimport[22m | Preparing files to reimport...[39m[0m
[   3% ] [90m[1mreimport[22m | Preparing files to reimport...[39m[0m
[   3% ] [90m[1mreimport[22m | Preparing files to reimport...[39m[0m
[   3% ] [90m[1mreimport[22m | Preparing files to reimport...[39m[0m
[   3% ] [90m[1mreimport[22m | Preparing files to reimport...[39m[0m
[   3% ] [90m[1mreimport[22m | Preparing files to reimport...[39m[0m
[   3% ] [90m[1mreimport[22m | Preparing files to reimport...[39m[0m
[   3% ] [90m[1mreimport[22m | Preparing files to reimport...[39m[0m
[   3% ] [90m[1mreimport[22m | Preparing files to reimport...[39m[0m
[   3% ] [90m[1mreimport[22m | Preparing files to reimport...[39m[0m
[   3% ] [90m[1mreimport[22m | Preparing files to reimport...[39m[0m
[   3% ] [90m[1mreimport[22m | Preparing files to reimport...[39m[0m
[   3% ] [90m[1mreimport[22m | Preparing files to reimport...[39m[0m
[   3% ] [90m[1mreimport[22m | Preparing files to reimport...[39m[0m
[   3% ] [90m[1mreimport[22m | Preparing files to reimport...[39m[0m
[   3% ] [90m[1mreimport[22m | Preparing files to reimport...[39m[0m
[   3% ] [90m[1mreimport[22m | Preparing files to reimport...[39m[0m
[   3% ] [90m[1mreimport[22m | Preparing files to reimport...[39m[0m
[   3% ] [90m[1mreimport[22m | Preparing files to reimport...[39m[0m
[   3% ] [90m[1mreimport[22m | Preparing files to reimport...[39m[0m
[   3% ] [90m[1mreimport[22m | Preparing files to reimport...[39m[0m
[   3% ] [90m[1mreimport[22m | Preparing files to reimport...[39m[0m
[   3% ] [90m[1mreimport[22m | Preparing files to reimport...[39m[0m
[   3% ] [90m[1mreimport[22m | Preparing files to reimport...[39m[0m
[   3% ] [90m[1mreimport[22m | Preparing files to reimport...[39m[0m
[   3% ] [90m[1mreimport[22m | Preparing files to reimport...[39m[0m
[   3% ] [90m[1mreimport[22m | Preparing files to reimport...[39m[0m
[   3% ] [90m[1mreimport[22m | Preparing files to reimport...[39m[0m
[   3% ] [90m[1mreimport[22m | Preparing files to reimport...[39m[0m
[   3% ] [90m[1mreimport[22m | Preparing files to reimport...[39m[0m
[   3% ] [90m[1mreimport[22m | Preparing files to reimport...[39m[0m
[   3% ] [90m[1mreimport[22m | Preparing files to reimport...[39m[0m
[   3% ] [90m[1mreimport[22m | Preparing files to reimport...[39m[0m
[   3% ] [90m[1mreimport[22m | Preparing files to reimport...[39m[0m
[   3% ] [90m[1mreimport[22m | Preparing files to reimport...[39m[0m
[   3% ] [90m[1mreimport[22m | Preparing files to reimport...[39m[0m
[   4% ] [90m[1mreimport[22m | Preparing files to reimport...[39m[0m
[   4% ] [90m[1mreimport[22m | Preparing files to reimport...[39m[0m
[   4% ] [90m[1mreimport[22m | Preparing files to reimport...[39m[0m
[   4% ] [90m[1mreimport[22m | Preparing files to reimport...[39m[0m
[   4% ] [90m[1mreimport[22m | Preparing files to reimport...[39m[0m
[   4% ] [90m[1mreimport[22m | Preparing files to reimport...[39m[0m
[   4% ] [90m[1mreimport[22m | Preparing files to reimport...[39m[0m
[   4% ] [90m[1mreimport[22m | Preparing files to reimport...[39m[0m
[   4% ] [90m[1mreimport[22m | Preparing files to reimport...[39m[0m
[   4% ] [90m[1mreimport[22m | Preparing files to reimport...[39m[0m
[   4% ] [90m[1mreimport[22m | Preparing files to reimport...[39m[0m
[   4% ] [90m[1mreimport[22m | Preparing files to reimport...[39m[0m
[   4% ] [90m[1mreimport[22m | Preparing files to reimport...[39m[0m
[   4% ] [90m[1mreimport[22m | Preparing files to reimport...[39m[0m
[   4% ] [90m[1mreimport[22m | Preparing files to reimport...[39m[0m
[   4% ] [90m[1mreimport[22m | Preparing files to reimport...[39m[0m
[   4% ] [90m[1mreimport[22m | Preparing files to reimport...[39m[0m
[   4% ] [90m[1mreimport[22m | Preparing files to reimport...[39m[0m
[   4% ] [90m[1mreimport[22m | Preparing files to reimport...[39m[0m
[   4% ] [90m[1mreimport[22m | Preparing files to reimport...[39m[0m
[   4% ] [90m[1mreimport[22m | Preparing files to reimport...[39m[0m
[   4% ] [90m[1mreimport[22m | Preparing files to reimport...[39m[0m
[   4% ] [90m[1mreimport[22m | Preparing files to reimport...[39m[0m
[   4% ] [90m[1mreimport[22m | Preparing files to reimport...[39m[0m
[   4% ] [90m[1mreimport[22m | Preparing files to reimport...[39m[0m
[   4% ] [90m[1mreimport[22m | Preparing files to reimport...[39m[0m
[   4% ] [90m[1mreimport[22m | Preparing files to reimport...[39m[0m
[   4% ] [90m[1mreimport[22m | Preparing files to reimport...[39m[0m
[   4% ] [90m[1mreimport[22m | Preparing files to reimport...[39m[0m
[   4% ] [90m[1mreimport[22m | Preparing files to reimport...[39m[0m
[   4% ] [90m[1mreimport[22m | Preparing files to reimport...[39m[0m
[   4% ] [90m[1mreimport[22m | Preparing files to reimport...[39m[0m
[   4% ] [90m[1mreimport[22m | Preparing files to reimport...[39m[0m
[   4% ] [90m[1mreimport[22m | Preparing files to reimport...[39m[0m
[   4% ] [90m[1mreimport[22m | Preparing files to reimport...[39m[0m
[   4% ] [90m[1mreimport[22m | Preparing files to reimport...[39m[0m
[   4% ] [90m[1mreimport[22m | Preparing files to reimport...[39m[0m
[   4% ] [90m[1mreimport[22m | Preparing files to reimport...[39m[0m
[   4% ] [90m[1mreimport[22m | Preparing files to reimport...[39m[0m
[   5% ] [90m[1mreimport[22m | Preparing files to reimport...[39m[0m
[   5% ] [90m[1mreimport[22m | Preparing files to reimport...[39m[0m
[   5% ] [90m[1mreimport[22m | Preparing files to reimport...[39m[0m
[   5% ] [90m[1mreimport[22m | Preparing files to reimport...[39m[0m
[   5% ] [90m[1mreimport[22m | Preparing files to reimport...[39m[0m
[   5% ] [90m[1mreimport[22m | Preparing files to reimport...[39m[0m
[   5% ] [90m[1mreimport[22m | Preparing files to reimport...[39m[0m
[   5% ] [90m[1mreimport[22m | Preparing files to reimport...[39m[0m
[   5% ] [90m[1mreimport[22m | Preparing files to reimport...[39m[0m
[   5% ] [90m[1mreimport[22m | Preparing files to reimport...[39m[0m
[   5% ] [90m[1mreimport[22m | Preparing files to reimport...[39m[0m
[   5% ] [90m[1mreimport[22m | Preparing files to reimport...[39m[0m
[   5% ] [90m[1mreimport[22m | Preparing files to reimport...[39m[0m
[   5% ] [90m[1mreimport[22m | Preparing files to reimport...[39m[0m
[   5% ] [90m[1mreimport[22m | Preparing files to reimport...[39m[0m
[   5% ] [90m[1mreimport[22m | Preparing files to reimport...[39m[0m
[   5% ] [90m[1mreimport[22m | Preparing files to reimport...[39m[0m
[   5% ] [90m[1mreimport[22m | Preparing files to reimport...[39m[0m
[   5% ] [90m[1mreimport[22m | Preparing files to reimport...[39m[0m
[   5% ] [90m[1mreimport[22m | Preparing files to reimport...[39m[0m
[   5% ] [90m[1mreimport[22m | Preparing files to reimport...[39m[0m
[   5% ] [90m[1mreimport[22m | Preparing files to reimport...[39m[0m
[   5% ] [90m[1mreimport[22m | Preparing files to reimport...[39m[0m
[   5% ] [90m[1mreimport[22m | Preparing files to reimport...[39m[0m
[   5% ] [90m[1mreimport[22m | Preparing files to reimport...[39m[0m
[   5% ] [90m[1mreimport[22m | Preparing files to reimport...[39m[0m
[   5% ] [90m[1mreimport[22m | Preparing files to reimport...[39m[0m
[   5% ] [90m[1mreimport[22m | Preparing files to reimport...[39m[0m
[   5% ] [90m[1mreimport[22m | Preparing files to reimport...[39m[0m
[   5% ] [90m[1mreimport[22m | Preparing files to reimport...[39m[0m
[   5% ] [90m[1mreimport[22m | Preparing files to reimport...[39m[0m
[   5% ] [90m[1mreimport[22m | Preparing files to reimport...[39m[0m
[   5% ] [90m[1mreimport[22m | Preparing files to reimport...[39m[0m
[   5% ] [90m[1mreimport[22m | Preparing files to reimport...[39m[0m
[   5% ] [90m[1mreimport[22m | Preparing files to reimport...[39m[0m
[   5% ] [90m[1mreimport[22m | Preparing files to reimport...[39m[0m
[   5% ] [90m[1mreimport[22m | Preparing files to reimport...[39m[0m
[   5% ] [90m[1mreimport[22m | Preparing files to reimport...[39m[0m
[   5% ] [90m[1mreimport[22m | Preparing files to reimport...[39m[0m
[   5% ] [90m[1mreimport[22m | Preparing files to reimport...[39m[0m
[   6% ] [90m[1mreimport[22m | Preparing files to reimport...[39m[0m
[   6% ] [90m[1mreimport[22m | Preparing files to reimport...[39m[0m
[   6% ] [90m[1mreimport[22m | Preparing files to reimport...[39m[0m
[   6% ] [90m[1mreimport[22m | Preparing files to reimport...[39m[0m
[   6% ] [90m[1mreimport[22m | Preparing files to reimport...[39m[0m
[   6% ] [90m[1mreimport[22m | Preparing files to reimport...[39m[0m
[   6% ] [90m[1mreimport[22m | Preparing files to reimport...[39m[0m
[   6% ] [90m[1mreimport[22m | Preparing files to reimport...[39m[0m
[   6% ] [90m[1mreimport[22m | Preparing files to reimport...[39m[0m
[   6% ] [90m[1mreimport[22m | Preparing files to reimport...[39m[0m
[   6% ] [90m[1mreimport[22m | Preparing files to reimport...[39m[0m
[   6% ] [90m[1mreimport[22m | Preparing files to reimport...[39m[0m
[   6% ] [90m[1mreimport[22m | Preparing files to reimport...[39m[0m
[   6% ] [90m[1mreimport[22m | Preparing files to reimport...[39m[0m
[   6% ] [90m[1mreimport[22m | Preparing files to reimport...[39m[0m
[   6% ] [90m[1mreimport[22m | Preparing files to reimport...[39m[0m
[   6% ] [90m[1mreimport[22m | Preparing files to reimport...[39m[0m
[   6% ] [90m[1mreimport[22m | Preparing files to reimport...[39m[0m
[   6% ] [90m[1mreimport[22m | Preparing files to reimport...[39m[0m
[   6% ] [90m[1mreimport[22m | Preparing files to reimport...[39m[0m
[   6% ] [90m[1mreimport[22m | Preparing files to reimport...[39m[0m
[   6% ] [90m[1mreimport[22m | Preparing files to reimport...[39m[0m
[   6% ] [90m[1mreimport[22m | Preparing files to reimport...[39m[0m
[   6% ] [90m[1mreimport[22m | Preparing files to reimport...[39m[0m
[   6% ] [90m[1mreimport[22m | Preparing files to reimport...[39m[0m
[   6% ] [90m[1mreimport[22m | Preparing files to reimport...[39m[0m
[   6% ] [90m[1mreimport[22m | Preparing files to reimport...[39m[0m
[   6% ] [90m[1mreimport[22m | Preparing files to reimport...[39m[0m
[   6% ] [90m[1mreimport[22m | Preparing files to reimport...[39m[0m
[   6% ] [90m[1mreimport[22m | Preparing files to reimport...[39m[0m
[   6% ] [90m[1mreimport[22m | Preparing files to reimport...[39m[0m
[   6% ] [90m[1mreimport[22m | Preparing files to reimport...[39m[0m
[   6% ] [90m[1mreimport[22m | Preparing files to reimport...[39m[0m
[   6% ] [90m[1mreimport[22m | Preparing files to reimport...[39m[0m
[   6% ] [90m[1mreimport[22m | Preparing files to reimport...[39m[0m
[   6% ] [90m[1mreimport[22m | Preparing files to reimport...[39m[0m
[   6% ] [90m[1mreimport[22m | Preparing files to reimport...[39m[0m
[   6% ] [90m[1mreimport[22m | Preparing files to reimport...[39m[0m
[   6% ] [90m[1mreimport[22m | Preparing files to reimport...[39m[0m
[   7% ] [90m[1mreimport[22m | Preparing files to reimport...[39m[0m
[   7% ] [90m[1mreimport[22m | Preparing files to reimport...[39m[0m
[   7% ] [90m[1mreimport[22m | Preparing files to reimport...[39m[0m
[   7% ] [90m[1mreimport[22m | Preparing files to reimport...[39m[0m
[   7% ] [90m[1mreimport[22m | Preparing files to reimport...[39m[0m
[   7% ] [90m[1mreimport[22m | Preparing files to reimport...[39m[0m
[   7% ] [90m[1mreimport[22m | Preparing files to reimport...[39m[0m
[   7% ] [90m[1mreimport[22m | Preparing files to reimport...[39m[0m
[   7% ] [90m[1mreimport[22m | Preparing files to reimport...[39m[0m
[   7% ] [90m[1mreimport[22m | Preparing files to reimport...[39m[0m
[   7% ] [90m[1mreimport[22m | Preparing files to reimport...[39m[0m
[   7% ] [90m[1mreimport[22m | Preparing files to reimport...[39m[0m
[   7% ] [90m[1mreimport[22m | Preparing files to reimport...[39m[0m
[   7% ] [90m[1mreimport[22m | Preparing files to reimport...[39m[0m
[   7% ] [90m[1mreimport[22m | Preparing files to reimport...[39m[0m
[   7% ] [90m[1mreimport[22m | Preparing files to reimport...[39m[0m
[   7% ] [90m[1mreimport[22m | Preparing files to reimport...[39m[0m
[   7% ] [90m[1mreimport[22m | Preparing files to reimport...[39m[0m
[   7% ] [90m[1mreimport[22m | Preparing files to reimport...[39m[0m
[   7% ] [90m[1mreimport[22m | Preparing files to reimport...[39m[0m
[   7% ] [90m[1mreimport[22m | Preparing files to reimport...[39m[0m
[   7% ] [90m[1mreimport[22m | Preparing files to reimport...[39m[0m
[   7% ] [90m[1mreimport[22m | Preparing files to reimport...[39m[0m
[   7% ] [90m[1mreimport[22m | Preparing files to reimport...[39m[0m
[   7% ] [90m[1mreimport[22m | Preparing files to reimport...[39m[0m
[   7% ] [90m[1mreimport[22m | Preparing files to reimport...[39m[0m
[   7% ] [90m[1mreimport[22m | Preparing files to reimport...[39m[0m
[   7% ] [90m[1mreimport[22m | Preparing files to reimport...[39m[0m
[   7% ] [90m[1mreimport[22m | Preparing files to reimport...[39m[0m
[   7% ] [90m[1mreimport[22m | Preparing files to reimport...[39m[0m
[   7% ] [90m[1mreimport[22m | Preparing files to reimport...[39m[0m
[   7% ] [90m[1mreimport[22m | Preparing files to reimport...[39m[0m
[   7% ] [90m[1mreimport[22m | Preparing files to reimport...[39m[0m
[   7% ] [90m[1mreimport[22m | Preparing files to reimport...[39m[0m
[   7% ] [90m[1mreimport[22m | Preparing files to reimport...[39m[0m
[   7% ] [90m[1mreimport[22m | Preparing files to reimport...[39m[0m
[   7% ] [90m[1mreimport[22m | Preparing files to reimport...[39m[0m
[   7% ] [90m[1mreimport[22m | Preparing files to reimport...[39m[0m
[   7% ] [90m[1mreimport[22m | Preparing files to reimport...[39m[0m
[   7% ] [90m[1mreimport[22m | Preparing files to reimport...[39m[0m
[   8% ] [90m[1mreimport[22m | Preparing files to reimport...[39m[0m
[   8% ] [90m[1mreimport[22m | Preparing files to reimport...[39m[0m
[   8% ] [90m[1mreimport[22m | Preparing files to reimport...[39m[0m
[   8% ] [90m[1mreimport[22m | Preparing files to reimport...[39m[0m
[   8% ] [90m[1mreimport[22m | Preparing files to reimport...[39m[0m
[   8% ] [90m[1mreimport[22m | Preparing files to reimport...[39m[0m
[   8% ] [90m[1mreimport[22m | Preparing files to reimport...[39m[0m
[   8% ] [90m[1mreimport[22m | Preparing files to reimport...[39m[0m
[   8% ] [90m[1mreimport[22m | Preparing files to reimport...[39m[0m
[   8% ] [90m[1mreimport[22m | Preparing files to reimport...[39m[0m
[   8% ] [90m[1mreimport[22m | Preparing files to reimport...[39m[0m
[   8% ] [90m[1mreimport[22m | Preparing files to reimport...[39m[0m
[   8% ] [90m[1mreimport[22m | Preparing files to reimport...[39m[0m
[   8% ] [90m[1mreimport[22m | Preparing files to reimport...[39m[0m
[   8% ] [90m[1mreimport[22m | Preparing files to reimport...[39m[0m
[   8% ] [90m[1mreimport[22m | Preparing files to reimport...[39m[0m
[   8% ] [90m[1mreimport[22m | Preparing files to reimport...[39m[0m
[   8% ] [90m[1mreimport[22m | Preparing files to reimport...[39m[0m
[   8% ] [90m[1mreimport[22m | Preparing files to reimport...[39m[0m
[   8% ] [90m[1mreimport[22m | Preparing files to reimport...[39m[0m
[   8% ] [90m[1mreimport[22m | Preparing files to reimport...[39m[0m
[   8% ] [90m[1mreimport[22m | Preparing files to reimport...[39m[0m
[   8% ] [90m[1mreimport[22m | Preparing files to reimport...[39m[0m
[   8% ] [90m[1mreimport[22m | Preparing files to reimport...[39m[0m
[   8% ] [90m[1mreimport[22m | Preparing files to reimport...[39m[0m
[   8% ] [90m[1mreimport[22m | Preparing files to reimport...[39m[0m
[   8% ] [90m[1mreimport[22m | Preparing files to reimport...[39m[0m
[   8% ] [90m[1mreimport[22m | Preparing files to reimport...[39m[0m
[   8% ] [90m[1mreimport[22m | Preparing files to reimport...[39m[0m
[   8% ] [90m[1mreimport[22m | Preparing files to reimport...[39m[0m
[   8% ] [90m[1mreimport[22m | Preparing files to reimport...[39m[0m
[   8% ] [90m[1mreimport[22m | Preparing files to reimport...[39m[0m
[   8% ] [90m[1mreimport[22m | Preparing files to reimport...[39m[0m
[   8% ] [90m[1mreimport[22m | Preparing files to reimport...[39m[0m
[   8% ] [90m[1mreimport[22m | Preparing files to reimport...[39m[0m
[   8% ] [90m[1mreimport[22m | Preparing files to reimport...[39m[0m
[   8% ] [90m[1mreimport[22m | Preparing files to reimport...[39m[0m
[   8% ] [90m[1mreimport[22m | Preparing files to reimport...[39m[0m
[   8% ] [90m[1mreimport[22m | Preparing files to reimport...[39m[0m
[   9% ] [90m[1mreimport[22m | Preparing files to reimport...[39m[0m
[   9% ] [90m[1mreimport[22m | Preparing files to reimport...[39m[0m
[   9% ] [90m[1mreimport[22m | Preparing files to reimport...[39m[0m
[   9% ] [90m[1mreimport[22m | Preparing files to reimport...[39m[0m
[   9% ] [90m[1mreimport[22m | Preparing files to reimport...[39m[0m
[   9% ] [90m[1mreimport[22m | Preparing files to reimport...[39m[0m
[   9% ] [90m[1mreimport[22m | Preparing files to reimport...[39m[0m
[   9% ] [90m[1mreimport[22m | Preparing files to reimport...[39m[0m
[   9% ] [90m[1mreimport[22m | Preparing files to reimport...[39m[0m
[   9% ] [90m[1mreimport[22m | Preparing files to reimport...[39m[0m
[   9% ] [90m[1mreimport[22m | Preparing files to reimport...[39m[0m
[   9% ] [90m[1mreimport[22m | Preparing files to reimport...[39m[0m
[   9% ] [90m[1mreimport[22m | Preparing files to reimport...[39m[0m
[   9% ] [90m[1mreimport[22m | Preparing files to reimport...[39m[0m
[   9% ] [90m[1mreimport[22m | Preparing files to reimport...[39m[0m
[   9% ] [90m[1mreimport[22m | Preparing files to reimport...[39m[0m
[   9% ] [90m[1mreimport[22m | Preparing files to reimport...[39m[0m
[   9% ] [90m[1mreimport[22m | Preparing files to reimport...[39m[0m
[   9% ] [90m[1mreimport[22m | Preparing files to reimport...[39m[0m
[   9% ] [90m[1mreimport[22m | Preparing files to reimport...[39m[0m
[   9% ] [90m[1mreimport[22m | Preparing files to reimport...[39m[0m
[   9% ] [90m[1mreimport[22m | Preparing files to reimport...[39m[0m
[   9% ] [90m[1mreimport[22m | Preparing files to reimport...[39m[0m
[   9% ] [90m[1mreimport[22m | Preparing files to reimport...[39m[0m
[   9% ] [90m[1mreimport[22m | Preparing files to reimport...[39m[0m
[   9% ] [90m[1mreimport[22m | Preparing files to reimport...[39m[0m
[   9% ] [90m[1mreimport[22m | Preparing files to reimport...[39m[0m
[   9% ] [90m[1mreimport[22m | Preparing files to reimport...[39m[0m
[   9% ] [90m[1mreimport[22m | Preparing files to reimport...[39m[0m
[   9% ] [90m[1mreimport[22m | Preparing files to reimport...[39m[0m
[   9% ] [90m[1mreimport[22m | Preparing files to reimport...[39m[0m
[   9% ] [90m[1mreimport[22m | Preparing files to reimport...[39m[0m
[   9% ] [90m[1mreimport[22m | Preparing files to reimport...[39m[0m
[   9% ] [90m[1mreimport[22m | Preparing files to reimport...[39m[0m
[   9% ] [90m[1mreimport[22m | Preparing files to reimport...[39m[0m
[   9% ] [90m[1mreimport[22m | Preparing files to reimport...[39m[0m
[   9% ] [90m[1mreimport[22m | Preparing files to reimport...[39m[0m
[   9% ] [90m[1mreimport[22m | Preparing files to reimport...[39m[0m
[   9% ] [90m[1mreimport[22m | Preparing files to reimport...[39m[0m
[   9% ] [90m[1mreimport[22m | Preparing files to reimport...[39m[0m
[  10% ] [90m[1mreimport[22m | Preparing files to reimport...[39m[0m
[  10% ] [90m[1mreimport[22m | Preparing files to reimport...[39m[0m
[  10% ] [90m[1mreimport[22m | Preparing files to reimport...[39m[0m
[  10% ] [90m[1mreimport[22m | Preparing files to reimport...[39m[0m
[  10% ] [90m[1mreimport[22m | Preparing files to reimport...[39m[0m
[  10% ] [90m[1mreimport[22m | Preparing files to reimport...[39m[0m
[  10% ] [90m[1mreimport[22m | Preparing files to reimport...[39m[0m
[  10% ] [90m[1mreimport[22m | Preparing files to reimport...[39m[0m
[  10% ] [90m[1mreimport[22m | Preparing files to reimport...[39m[0m
[  10% ] [90m[1mreimport[22m | Preparing files to reimport...[39m[0m
[  10% ] [90m[1mreimport[22m | Preparing files to reimport...[39m[0m
[  10% ] [90m[1mreimport[22m | Preparing files to reimport...[39m[0m
[  10% ] [90m[1mreimport[22m | Preparing files to reimport...[39m[0m
[  10% ] [90m[1mreimport[22m | Preparing files to reimport...[39m[0m
[  10% ] [90m[1mreimport[22m | Preparing files to reimport...[39m[0m
[  10% ] [90m[1mreimport[22m | Preparing files to reimport...[39m[0m
[  10% ] [90m[1mreimport[22m | Preparing files to reimport...[39m[0m
[  10% ] [90m[1mreimport[22m | Preparing files to reimport...[39m[0m
[  10% ] [90m[1mreimport[22m | Preparing files to reimport...[39m[0m
[  10% ] [90m[1mreimport[22m | Preparing files to reimport...[39m[0m
[  10% ] [90m[1mreimport[22m | Preparing files to reimport...[39m[0m
[  10% ] [90m[1mreimport[22m | Preparing files to reimport...[39m[0m
[  10% ] [90m[1mreimport[22m | Preparing files to reimport...[39m[0m
[  10% ] [90m[1mreimport[22m | Preparing files to reimport...[39m[0m
[  10% ] [90m[1mreimport[22m | Preparing files to reimport...[39m[0m
[  10% ] [90m[1mreimport[22m | Preparing files to reimport...[39m[0m
[  10% ] [90m[1mreimport[22m | Preparing files to reimport...[39m[0m
[  10% ] [90m[1mreimport[22m | Preparing files to reimport...[39m[0m
[  10% ] [90m[1mreimport[22m | Preparing files to reimport...[39m[0m
[  10% ] [90m[1mreimport[22m | Preparing files to reimport...[39m[0m
[  10% ] [90m[1mreimport[22m | Preparing files to reimport...[39m[0m
[  10% ] [90m[1mreimport[22m | Preparing files to reimport...[39m[0m
[  10% ] [90m[1mreimport[22m | Preparing files to reimport...[39m[0m
[  10% ] [90m[1mreimport[22m | Preparing files to reimport...[39m[0m
[  10% ] [90m[1mreimport[22m | Preparing files to reimport...[39m[0m
[  10% ] [90m[1mreimport[22m | Preparing files to reimport...[39m[0m
[  10% ] [90m[1mreimport[22m | Preparing files to reimport...[39m[0m
[  10% ] [90m[1mreimport[22m | Preparing files to reimport...[39m[0m
[  10% ] [90m[1mreimport[22m | Preparing files to reimport...[39m[0m
[  10% ] [90m[1mreimport[22m | Preparing files to reimport...[39m[0m
[  11% ] [90m[1mreimport[22m | Preparing files to reimport...[39m[0m
[  11% ] [90m[1mreimport[22m | Preparing files to reimport...[39m[0m
[  11% ] [90m[1mreimport[22m | Preparing files to reimport...[39m[0m
[  11% ] [90m[1mreimport[22m | Preparing files to reimport...[39m[0m
[  11% ] [90m[1mreimport[22m | Preparing files to reimport...[39m[0m
[  11% ] [90m[1mreimport[22m | Preparing files to reimport...[39m[0m
[  11% ] [90m[1mreimport[22m | Preparing files to reimport...[39m[0m
[  11% ] [90m[1mreimport[22m | Preparing files to reimport...[39m[0m
[  11% ] [90m[1mreimport[22m | Preparing files to reimport...[39m[0m
[  11% ] [90m[1mreimport[22m | Preparing files to reimport...[39m[0m
[  11% ] [90m[1mreimport[22m | Preparing files to reimport...[39m[0m
[  11% ] [90m[1mreimport[22m | Preparing files to reimport...[39m[0m
[  11% ] [90m[1mreimport[22m | Preparing files to reimport...[39m[0m
[  11% ] [90m[1mreimport[22m | Preparing files to reimport...[39m[0m
[  11% ] [90m[1mreimport[22m | Preparing files to reimport...[39m[0m
[  11% ] [90m[1mreimport[22m | Preparing files to reimport...[39m[0m
[  11% ] [90m[1mreimport[22m | Preparing files to reimport...[39m[0m
[  11% ] [90m[1mreimport[22m | Preparing files to reimport...[39m[0m
[  11% ] [90m[1mreimport[22m | Preparing files to reimport...[39m[0m
[  11% ] [90m[1mreimport[22m | Preparing files to reimport...[39m[0m
[  11% ] [90m[1mreimport[22m | Preparing files to reimport...[39m[0m
[  11% ] [90m[1mreimport[22m | Preparing files to reimport...[39m[0m
[  11% ] [90m[1mreimport[22m | Preparing files to reimport...[39m[0m
[  11% ] [90m[1mreimport[22m | Preparing files to reimport...[39m[0m
[  11% ] [90m[1mreimport[22m | Preparing files to reimport...[39m[0m
[  11% ] [90m[1mreimport[22m | Preparing files to reimport...[39m[0m
[  11% ] [90m[1mreimport[22m | Preparing files to reimport...[39m[0m
[  11% ] [90m[1mreimport[22m | Preparing files to reimport...[39m[0m
[  11% ] [90m[1mreimport[22m | Preparing files to reimport...[39m[0m
[  11% ] [90m[1mreimport[22m | Preparing files to reimport...[39m[0m
[  11% ] [90m[1mreimport[22m | Preparing files to reimport...[39m[0m
[  11% ] [90m[1mreimport[22m | Preparing files to reimport...[39m[0m
[  11% ] [90m[1mreimport[22m | Preparing files to reimport...[39m[0m
[  11% ] [90m[1mreimport[22m | Preparing files to reimport...[39m[0m
[  11% ] [90m[1mreimport[22m | Preparing files to reimport...[39m[0m
[  11% ] [90m[1mreimport[22m | Preparing files to reimport...[39m[0m
[  11% ] [90m[1mreimport[22m | Preparing files to reimport...[39m[0m
[  11% ] [90m[1mreimport[22m | Preparing files to reimport...[39m[0m
[  11% ] [90m[1mreimport[22m | Preparing files to reimport...[39m[0m
[  12% ] [90m[1mreimport[22m | Preparing files to reimport...[39m[0m
[  12% ] [90m[1mreimport[22m | Preparing files to reimport...[39m[0m
[  12% ] [90m[1mreimport[22m | Preparing files to reimport...[39m[0m
[  12% ] [90m[1mreimport[22m | Preparing files to reimport...[39m[0m
[  12% ] [90m[1mreimport[22m | Preparing files to reimport...[39m[0m
[  12% ] [90m[1mreimport[22m | Preparing files to reimport...[39m[0m
[  12% ] [90m[1mreimport[22m | Preparing files to reimport...[39m[0m
[  12% ] [90m[1mreimport[22m | Preparing files to reimport...[39m[0m
[  12% ] [90m[1mreimport[22m | Preparing files to reimport...[39m[0m
[  12% ] [90m[1mreimport[22m | Preparing files to reimport...[39m[0m
[  12% ] [90m[1mreimport[22m | Preparing files to reimport...[39m[0m
[  12% ] [90m[1mreimport[22m | Preparing files to reimport...[39m[0m
[  12% ] [90m[1mreimport[22m | Preparing files to reimport...[39m[0m
[  12% ] [90m[1mreimport[22m | Preparing files to reimport...[39m[0m
[  12% ] [90m[1mreimport[22m | Preparing files to reimport...[39m[0m
[  12% ] [90m[1mreimport[22m | Preparing files to reimport...[39m[0m
[  12% ] [90m[1mreimport[22m | Preparing files to reimport...[39m[0m
[  12% ] [90m[1mreimport[22m | Preparing files to reimport...[39m[0m
[  12% ] [90m[1mreimport[22m | Preparing files to reimport...[39m[0m
[  12% ] [90m[1mreimport[22m | Preparing files to reimport...[39m[0m
[  12% ] [90m[1mreimport[22m | Preparing files to reimport...[39m[0m
[  12% ] [90m[1mreimport[22m | Preparing files to reimport...[39m[0m
[  12% ] [90m[1mreimport[22m | Preparing files to reimport...[39m[0m
[  12% ] [90m[1mreimport[22m | Preparing files to reimport...[39m[0m
[  12% ] [90m[1mreimport[22m | Preparing files to reimport...[39m[0m
[  12% ] [90m[1mreimport[22m | Preparing files to reimport...[39m[0m
[  12% ] [90m[1mreimport[22m | Preparing files to reimport...[39m[0m
[  12% ] [90m[1mreimport[22m | Preparing files to reimport...[39m[0m
[  12% ] [90m[1mreimport[22m | Preparing files to reimport...[39m[0m
[  12% ] [90m[1mreimport[22m | Preparing files to reimport...[39m[0m
[  12% ] [90m[1mreimport[22m | Preparing files to reimport...[39m[0m
[  12% ] [90m[1mreimport[22m | Preparing files to reimport...[39m[0m
[  12% ] [90m[1mreimport[22m | Preparing files to reimport...[39m[0m
[  12% ] [90m[1mreimport[22m | Preparing files to reimport...[39m[0m
[  12% ] [90m[1mreimport[22m | Preparing files to reimport...[39m[0m
[  12% ] [90m[1mreimport[22m | Preparing files to reimport...[39m[0m
[  12% ] [90m[1mreimport[22m | Preparing files to reimport...[39m[0m
[  12% ] [90m[1mreimport[22m | Preparing files to reimport...[39m[0m
[  12% ] [90m[1mreimport[22m | Preparing files to reimport...[39m[0m
[  12% ] [90m[1mreimport[22m | Preparing files to reimport...[39m[0m
[  13% ] [90m[1mreimport[22m | Preparing files to reimport...[39m[0m
[  13% ] [90m[1mreimport[22m | Preparing files to reimport...[39m[0m
[  13% ] [90m[1mreimport[22m | Preparing files to reimport...[39m[0m
[  13% ] [90m[1mreimport[22m | Preparing files to reimport...[39m[0m
[  13% ] [90m[1mreimport[22m | Preparing files to reimport...[39m[0m
[  13% ] [90m[1mreimport[22m | Preparing files to reimport...[39m[0m
[  13% ] [90m[1mreimport[22m | Preparing files to reimport...[39m[0m
[  13% ] [90m[1mreimport[22m | Preparing files to reimport...[39m[0m
[  13% ] [90m[1mreimport[22m | Preparing files to reimport...[39m[0m
[  13% ] [90m[1mreimport[22m | Preparing files to reimport...[39m[0m
[  13% ] [90m[1mreimport[22m | Preparing files to reimport...[39m[0m
[  13% ] [90m[1mreimport[22m | Preparing files to reimport...[39m[0m
[  13% ] [90m[1mreimport[22m | Preparing files to reimport...[39m[0m
[  13% ] [90m[1mreimport[22m | Preparing files to reimport...[39m[0m
[  13% ] [90m[1mreimport[22m | Preparing files to reimport...[39m[0m
[  13% ] [90m[1mreimport[22m | Preparing files to reimport...[39m[0m
[  13% ] [90m[1mreimport[22m | Preparing files to reimport...[39m[0m
[  13% ] [90m[1mreimport[22m | Preparing files to reimport...[39m[0m
[  13% ] [90m[1mreimport[22m | Preparing files to reimport...[39m[0m
[  13% ] [90m[1mreimport[22m | Preparing files to reimport...[39m[0m
[  13% ] [90m[1mreimport[22m | Preparing files to reimport...[39m[0m
[  13% ] [90m[1mreimport[22m | Preparing files to reimport...[39m[0m
[  13% ] [90m[1mreimport[22m | Preparing files to reimport...[39m[0m
[  13% ] [90m[1mreimport[22m | Preparing files to reimport...[39m[0m
[  13% ] [90m[1mreimport[22m | Preparing files to reimport...[39m[0m
[  13% ] [90m[1mreimport[22m | Preparing files to reimport...[39m[0m
[  13% ] [90m[1mreimport[22m | Preparing files to reimport...[39m[0m
[  13% ] [90m[1mreimport[22m | Preparing files to reimport...[39m[0m
[  13% ] [90m[1mreimport[22m | Preparing files to reimport...[39m[0m
[  13% ] [90m[1mreimport[22m | Preparing files to reimport...[39m[0m
[  13% ] [90m[1mreimport[22m | Preparing files to reimport...[39m[0m
[  13% ] [90m[1mreimport[22m | Preparing files to reimport...[39m[0m
[  13% ] [90m[1mreimport[22m | Preparing files to reimport...[39m[0m
[  13% ] [90m[1mreimport[22m | Preparing files to reimport...[39m[0m
[  13% ] [90m[1mreimport[22m | Preparing files to reimport...[39m[0m
[  13% ] [90m[1mreimport[22m | Preparing files to reimport...[39m[0m
[  13% ] [90m[1mreimport[22m | Preparing files to reimport...[39m[0m
[  13% ] [90m[1mreimport[22m | Preparing files to reimport...[39m[0m
[  13% ] [90m[1mreimport[22m | Preparing files to reimport...[39m[0m
[  14% ] [90m[1mreimport[22m | Preparing files to reimport...[39m[0m
[  14% ] [90m[1mreimport[22m | Preparing files to reimport...[39m[0m
[  14% ] [90m[1mreimport[22m | Preparing files to reimport...[39m[0m
[  14% ] [90m[1mreimport[22m | Preparing files to reimport...[39m[0m
[  14% ] [90m[1mreimport[22m | Preparing files to reimport...[39m[0m
[  14% ] [90m[1mreimport[22m | Preparing files to reimport...[39m[0m
[  14% ] [90m[1mreimport[22m | Preparing files to reimport...[39m[0m
[  14% ] [90m[1mreimport[22m | Preparing files to reimport...[39m[0m
[  14% ] [90m[1mreimport[22m | Preparing files to reimport...[39m[0m
[  14% ] [90m[1mreimport[22m | Preparing files to reimport...[39m[0m
[  14% ] [90m[1mreimport[22m | Preparing files to reimport...[39m[0m
[  14% ] [90m[1mreimport[22m | Preparing files to reimport...[39m[0m
[  14% ] [90m[1mreimport[22m | Preparing files to reimport...[39m[0m
[  14% ] [90m[1mreimport[22m | Preparing files to reimport...[39m[0m
[  14% ] [90m[1mreimport[22m | Preparing files to reimport...[39m[0m
[  14% ] [90m[1mreimport[22m | Preparing files to reimport...[39m[0m
[  14% ] [90m[1mreimport[22m | Preparing files to reimport...[39m[0m
[  14% ] [90m[1mreimport[22m | Preparing files to reimport...[39m[0m
[  14% ] [90m[1mreimport[22m | Preparing files to reimport...[39m[0m
[  14% ] [90m[1mreimport[22m | Preparing files to reimport...[39m[0m
[  14% ] [90m[1mreimport[22m | Preparing files to reimport...[39m[0m
[  14% ] [90m[1mreimport[22m | Preparing files to reimport...[39m[0m
[  14% ] [90m[1mreimport[22m | Preparing files to reimport...[39m[0m
[  14% ] [90m[1mreimport[22m | Preparing files to reimport...[39m[0m
[  14% ] [90m[1mreimport[22m | Preparing files to reimport...[39m[0m
[  14% ] [90m[1mreimport[22m | Preparing files to reimport...[39m[0m
[  14% ] [90m[1mreimport[22m | Preparing files to reimport...[39m[0m
[  14% ] [90m[1mreimport[22m | Preparing files to reimport...[39m[0m
[  14% ] [90m[1mreimport[22m | Preparing files to reimport...[39m[0m
[  14% ] [90m[1mreimport[22m | Preparing files to reimport...[39m[0m
[  14% ] [90m[1mreimport[22m | Preparing files to reimport...[39m[0m
[  14% ] [90m[1mreimport[22m | Preparing files to reimport...[39m[0m
[  14% ] [90m[1mreimport[22m | Preparing files to reimport...[39m[0m
[  14% ] [90m[1mreimport[22m | Preparing files to reimport...[39m[0m
[  14% ] [90m[1mreimport[22m | Preparing files to reimport...[39m[0m
[  14% ] [90m[1mreimport[22m | Preparing files to reimport...[39m[0m
[  14% ] [90m[1mreimport[22m | Preparing files to reimport...[39m[0m
[  14% ] [90m[1mreimport[22m | Preparing files to reimport...[39m[0m
[  14% ] [90m[1mreimport[22m | Preparing files to reimport...[39m[0m
[  14% ] [90m[1mreimport[22m | Preparing files to reimport...[39m[0m
[  15% ] [90m[1mreimport[22m | Preparing files to reimport...[39m[0m
[  15% ] [90m[1mreimport[22m | Preparing files to reimport...[39m[0m
[  15% ] [90m[1mreimport[22m | Preparing files to reimport...[39m[0m
[  15% ] [90m[1mreimport[22m | Preparing files to reimport...[39m[0m
[  15% ] [90m[1mreimport[22m | Preparing files to reimport...[39m[0m
[  15% ] [90m[1mreimport[22m | Preparing files to reimport...[39m[0m
[  15% ] [90m[1mreimport[22m | Preparing files to reimport...[39m[0m
[  15% ] [90m[1mreimport[22m | Preparing files to reimport...[39m[0m
[  15% ] [90m[1mreimport[22m | Preparing files to reimport...[39m[0m
[  15% ] [90m[1mreimport[22m | Preparing files to reimport...[39m[0m
[  15% ] [90m[1mreimport[22m | Preparing files to reimport...[39m[0m
[  15% ] [90m[1mreimport[22m | Preparing files to reimport...[39m[0m
[  15% ] [90m[1mreimport[22m | Preparing files to reimport...[39m[0m
[  15% ] [90m[1mreimport[22m | Preparing files to reimport...[39m[0m
[  15% ] [90m[1mreimport[22m | Preparing files to reimport...[39m[0m
[  15% ] [90m[1mreimport[22m | Preparing files to reimport...[39m[0m
[  15% ] [90m[1mreimport[22m | Preparing files to reimport...[39m[0m
[  15% ] [90m[1mreimport[22m | Preparing files to reimport...[39m[0m
[  15% ] [90m[1mreimport[22m | Preparing files to reimport...[39m[0m
[  15% ] [90m[1mreimport[22m | Preparing files to reimport...[39m[0m
[  15% ] [90m[1mreimport[22m | Preparing files to reimport...[39m[0m
[  15% ] [90m[1mreimport[22m | Preparing files to reimport...[39m[0m
[  15% ] [90m[1mreimport[22m | Preparing files to reimport...[39m[0m
[  15% ] [90m[1mreimport[22m | Preparing files to reimport...[39m[0m
[  15% ] [90m[1mreimport[22m | Preparing files to reimport...[39m[0m
[  15% ] [90m[1mreimport[22m | Preparing files to reimport...[39m[0m
[  15% ] [90m[1mreimport[22m | Preparing files to reimport...[39m[0m
[  15% ] [90m[1mreimport[22m | Preparing files to reimport...[39m[0m
[  15% ] [90m[1mreimport[22m | Preparing files to reimport...[39m[0m
[  15% ] [90m[1mreimport[22m | Preparing files to reimport...[39m[0m
[  15% ] [90m[1mreimport[22m | Preparing files to reimport...[39m[0m
[  15% ] [90m[1mreimport[22m | Preparing files to reimport...[39m[0m
[  15% ] [90m[1mreimport[22m | Preparing files to reimport...[39m[0m
[  15% ] [90m[1mreimport[22m | Preparing files to reimport...[39m[0m
[  15% ] [90m[1mreimport[22m | Preparing files to reimport...[39m[0m
[  15% ] [90m[1mreimport[22m | Preparing files to reimport...[39m[0m
[  15% ] [90m[1mreimport[22m | Preparing files to reimport...[39m[0m
[  15% ] [90m[1mreimport[22m | Preparing files to reimport...[39m[0m
[  15% ] [90m[1mreimport[22m | Preparing files to reimport...[39m[0m
[  16% ] [90m[1mreimport[22m | Preparing files to reimport...[39m[0m
[  16% ] [90m[1mreimport[22m | Preparing files to reimport...[39m[0m
[  16% ] [90m[1mreimport[22m | Preparing files to reimport...[39m[0m
[  16% ] [90m[1mreimport[22m | Preparing files to reimport...[39m[0m
[  16% ] [90m[1mreimport[22m | Preparing files to reimport...[39m[0m
[  16% ] [90m[1mreimport[22m | Preparing files to reimport...[39m[0m
[  16% ] [90m[1mreimport[22m | Preparing files to reimport...[39m[0m
[  16% ] [90m[1mreimport[22m | Preparing files to reimport...[39m[0m
[  16% ] [90m[1mreimport[22m | Preparing files to reimport...[39m[0m
[  16% ] [90m[1mreimport[22m | Preparing files to reimport...[39m[0m
[  16% ] [90m[1mreimport[22m | Preparing files to reimport...[39m[0m
[  16% ] [90m[1mreimport[22m | Preparing files to reimport...[39m[0m
[  16% ] [90m[1mreimport[22m | Preparing files to reimport...[39m[0m
[  16% ] [90m[1mreimport[22m | Preparing files to reimport...[39m[0m
[  16% ] [90m[1mreimport[22m | Preparing files to reimport...[39m[0m
[  16% ] [90m[1mreimport[22m | Preparing files to reimport...[39m[0m
[  16% ] [90m[1mreimport[22m | Preparing files to reimport...[39m[0m
[  16% ] [90m[1mreimport[22m | Preparing files to reimport...[39m[0m
[  16% ] [90m[1mreimport[22m | Preparing files to reimport...[39m[0m
[  16% ] [90m[1mreimport[22m | Preparing files to reimport...[39m[0m
[  16% ] [90m[1mreimport[22m | Preparing files to reimport...[39m[0m
[  16% ] [90m[1mreimport[22m | Preparing files to reimport...[39m[0m
[  16% ] [90m[1mreimport[22m | Preparing files to reimport...[39m[0m
[  16% ] [90m[1mreimport[22m | Preparing files to reimport...[39m[0m
[  16% ] [90m[1mreimport[22m | Preparing files to reimport...[39m[0m
[  16% ] [90m[1mreimport[22m | Preparing files to reimport...[39m[0m
[  16% ] [90m[1mreimport[22m | Preparing files to reimport...[39m[0m
[  16% ] [90m[1mreimport[22m | Preparing files to reimport...[39m[0m
[  16% ] [90m[1mreimport[22m | Preparing files to reimport...[39m[0m
[  16% ] [90m[1mreimport[22m | Preparing files to reimport...[39m[0m
[  16% ] [90m[1mreimport[22m | Preparing files to reimport...[39m[0m
[  16% ] [90m[1mreimport[22m | Preparing files to reimport...[39m[0m
[  16% ] [90m[1mreimport[22m | Preparing files to reimport...[39m[0m
[  16% ] [90m[1mreimport[22m | Preparing files to reimport...[39m[0m
[  16% ] [90m[1mreimport[22m | Preparing files to reimport...[39m[0m
[  16% ] [90m[1mreimport[22m | Preparing files to reimport...[39m[0m
[  16% ] [90m[1mreimport[22m | Preparing files to reimport...[39m[0m
[  16% ] [90m[1mreimport[22m | Preparing files to reimport...[39m[0m
[  16% ] [90m[1mreimport[22m | Preparing files to reimport...[39m[0m
[  16% ] [90m[1mreimport[22m | Preparing files to reimport...[39m[0m
[  17% ] [90m[1mreimport[22m | Preparing files to reimport...[39m[0m
[  17% ] [90m[1mreimport[22m | Preparing files to reimport...[39m[0m
[  17% ] [90m[1mreimport[22m | Preparing files to reimport...[39m[0m
[  17% ] [90m[1mreimport[22m | Preparing files to reimport...[39m[0m
[  17% ] [90m[1mreimport[22m | Preparing files to reimport...[39m[0m
[  17% ] [90m[1mreimport[22m | Preparing files to reimport...[39m[0m
[  17% ] [90m[1mreimport[22m | Preparing files to reimport...[39m[0m
[  17% ] [90m[1mreimport[22m | Preparing files to reimport...[39m[0m
[  17% ] [90m[1mreimport[22m | Preparing files to reimport...[39m[0m
[  17% ] [90m[1mreimport[22m | Preparing files to reimport...[39m[0m
[  17% ] [90m[1mreimport[22m | Preparing files to reimport...[39m[0m
[  17% ] [90m[1mreimport[22m | Preparing files to reimport...[39m[0m
[  17% ] [90m[1mreimport[22m | Preparing files to reimport...[39m[0m
[  17% ] [90m[1mreimport[22m | Preparing files to reimport...[39m[0m
[  17% ] [90m[1mreimport[22m | Preparing files to reimport...[39m[0m
[  17% ] [90m[1mreimport[22m | Preparing files to reimport...[39m[0m
[  17% ] [90m[1mreimport[22m | Preparing files to reimport...[39m[0m
[  17% ] [90m[1mreimport[22m | Preparing files to reimport...[39m[0m
[  17% ] [90m[1mreimport[22m | Preparing files to reimport...[39m[0m
[  17% ] [90m[1mreimport[22m | Preparing files to reimport...[39m[0m
[  17% ] [90m[1mreimport[22m | Preparing files to reimport...[39m[0m
[  17% ] [90m[1mreimport[22m | Preparing files to reimport...[39m[0m
[  17% ] [90m[1mreimport[22m | Preparing files to reimport...[39m[0m
[  17% ] [90m[1mreimport[22m | Preparing files to reimport...[39m[0m
[  17% ] [90m[1mreimport[22m | Preparing files to reimport...[39m[0m
[  17% ] [90m[1mreimport[22m | Preparing files to reimport...[39m[0m
[  17% ] [90m[1mreimport[22m | Preparing files to reimport...[39m[0m
[  17% ] [90m[1mreimport[22m | Preparing files to reimport...[39m[0m
[  17% ] [90m[1mreimport[22m | Preparing files to reimport...[39m[0m
[  17% ] [90m[1mreimport[22m | Preparing files to reimport...[39m[0m
[  17% ] [90m[1mreimport[22m | Preparing files to reimport...[39m[0m
[  17% ] [90m[1mreimport[22m | Preparing files to reimport...[39m[0m
[  17% ] [90m[1mreimport[22m | Preparing files to reimport...[39m[0m
[  17% ] [90m[1mreimport[22m | Preparing files to reimport...[39m[0m
[  17% ] [90m[1mreimport[22m | Preparing files to reimport...[39m[0m
[  17% ] [90m[1mreimport[22m | Preparing files to reimport...[39m[0m
[  17% ] [90m[1mreimport[22m | Preparing files to reimport...[39m[0m
[  17% ] [90m[1mreimport[22m | Preparing files to reimport...[39m[0m
[  17% ] [90m[1mreimport[22m | Preparing files to reimport...[39m[0m
[  18% ] [90m[1mreimport[22m | Preparing files to reimport...[39m[0m
[  18% ] [90m[1mreimport[22m | Preparing files to reimport...[39m[0m
[  18% ] [90m[1mreimport[22m | Preparing files to reimport...[39m[0m
[  18% ] [90m[1mreimport[22m | Preparing files to reimport...[39m[0m
[  18% ] [90m[1mreimport[22m | Preparing files to reimport...[39m[0m
[  18% ] [90m[1mreimport[22m | Preparing files to reimport...[39m[0m
[  18% ] [90m[1mreimport[22m | Preparing files to reimport...[39m[0m
[  18% ] [90m[1mreimport[22m | Preparing files to reimport...[39m[0m
[  18% ] [90m[1mreimport[22m | Preparing files to reimport...[39m[0m
[  18% ] [90m[1mreimport[22m | Preparing files to reimport...[39m[0m
[  18% ] [90m[1mreimport[22m | Preparing files to reimport...[39m[0m
[  18% ] [90m[1mreimport[22m | Preparing files to reimport...[39m[0m
[  18% ] [90m[1mreimport[22m | Preparing files to reimport...[39m[0m
[  18% ] [90m[1mreimport[22m | Preparing files to reimport...[39m[0m
[  18% ] [90m[1mreimport[22m | Preparing files to reimport...[39m[0m
[  18% ] [90m[1mreimport[22m | Preparing files to reimport...[39m[0m
[  18% ] [90m[1mreimport[22m | Preparing files to reimport...[39m[0m
[  18% ] [90m[1mreimport[22m | Preparing files to reimport...[39m[0m
[  18% ] [90m[1mreimport[22m | Preparing files to reimport...[39m[0m
[  18% ] [90m[1mreimport[22m | Preparing files to reimport...[39m[0m
[  18% ] [90m[1mreimport[22m | Preparing files to reimport...[39m[0m
[  18% ] [90m[1mreimport[22m | Preparing files to reimport...[39m[0m
[  18% ] [90m[1mreimport[22m | Preparing files to reimport...[39m[0m
[  18% ] [90m[1mreimport[22m | Preparing files to reimport...[39m[0m
[  18% ] [90m[1mreimport[22m | Preparing files to reimport...[39m[0m
[  18% ] [90m[1mreimport[22m | Preparing files to reimport...[39m[0m
[  18% ] [90m[1mreimport[22m | Preparing files to reimport...[39m[0m
[  18% ] [90m[1mreimport[22m | Preparing files to reimport...[39m[0m
[  18% ] [90m[1mreimport[22m | Preparing files to reimport...[39m[0m
[  18% ] [90m[1mreimport[22m | Preparing files to reimport...[39m[0m
[  18% ] [90m[1mreimport[22m | Preparing files to reimport...[39m[0m
[  18% ] [90m[1mreimport[22m | Preparing files to reimport...[39m[0m
[  18% ] [90m[1mreimport[22m | Preparing files to reimport...[39m[0m
[  18% ] [90m[1mreimport[22m | Preparing files to reimport...[39m[0m
[  18% ] [90m[1mreimport[22m | Preparing files to reimport...[39m[0m
[  18% ] [90m[1mreimport[22m | Preparing files to reimport...[39m[0m
[  18% ] [90m[1mreimport[22m | Preparing files to reimport...[39m[0m
[  18% ] [90m[1mreimport[22m | Preparing files to reimport...[39m[0m
[  18% ] [90m[1mreimport[22m | Preparing files to reimport...[39m[0m
[  18% ] [90m[1mreimport[22m | Preparing files to reimport...[39m[0m
[  19% ] [90m[1mreimport[22m | Preparing files to reimport...[39m[0m
[  19% ] [90m[1mreimport[22m | Preparing files to reimport...[39m[0m
[  19% ] [90m[1mreimport[22m | Preparing files to reimport...[39m[0m
[  19% ] [90m[1mreimport[22m | Preparing files to reimport...[39m[0m
[  19% ] [90m[1mreimport[22m | Preparing files to reimport...[39m[0m
[  19% ] [90m[1mreimport[22m | Preparing files to reimport...[39m[0m
[  19% ] [90m[1mreimport[22m | Preparing files to reimport...[39m[0m
[  19% ] [90m[1mreimport[22m | Preparing files to reimport...[39m[0m
[  19% ] [90m[1mreimport[22m | Preparing files to reimport...[39m[0m
[  19% ] [90m[1mreimport[22m | Preparing files to reimport...[39m[0m
[  19% ] [90m[1mreimport[22m | Preparing files to reimport...[39m[0m
[  19% ] [90m[1mreimport[22m | Preparing files to reimport...[39m[0m
[  19% ] [90m[1mreimport[22m | Preparing files to reimport...[39m[0m
[  19% ] [90m[1mreimport[22m | Preparing files to reimport...[39m[0m
[  19% ] [90m[1mreimport[22m | Preparing files to reimport...[39m[0m
[  19% ] [90m[1mreimport[22m | Preparing files to reimport...[39m[0m
[  19% ] [90m[1mreimport[22m | Preparing files to reimport...[39m[0m
[  19% ] [90m[1mreimport[22m | Preparing files to reimport...[39m[0m
[  19% ] [90m[1mreimport[22m | Preparing files to reimport...[39m[0m
[  19% ] [90m[1mreimport[22m | Preparing files to reimport...[39m[0m
[  19% ] [90m[1mreimport[22m | Preparing files to reimport...[39m[0m
[  19% ] [90m[1mreimport[22m | Preparing files to reimport...[39m[0m
[  19% ] [90m[1mreimport[22m | Preparing files to reimport...[39m[0m
[  19% ] [90m[1mreimport[22m | Preparing files to reimport...[39m[0m
[  19% ] [90m[1mreimport[22m | Preparing files to reimport...[39m[0m
[  19% ] [90m[1mreimport[22m | Preparing files to reimport...[39m[0m
[  19% ] [90m[1mreimport[22m | Preparing files to reimport...[39m[0m
[  19% ] [90m[1mreimport[22m | Preparing files to reimport...[39m[0m
[  19% ] [90m[1mreimport[22m | Preparing files to reimport...[39m[0m
[  19% ] [90m[1mreimport[22m | Preparing files to reimport...[39m[0m
[  19% ] [90m[1mreimport[22m | Preparing files to reimport...[39m[0m
[  19% ] [90m[1mreimport[22m | Preparing files to reimport...[39m[0m
[  19% ] [90m[1mreimport[22m | Preparing files to reimport...[39m[0m
[  19% ] [90m[1mreimport[22m | Preparing files to reimport...[39m[0m
[  19% ] [90m[1mreimport[22m | Preparing files to reimport...[39m[0m
[  19% ] [90m[1mreimport[22m | Preparing files to reimport...[39m[0m
[  19% ] [90m[1mreimport[22m | Preparing files to reimport...[39m[0m
[  19% ] [90m[1mreimport[22m | Preparing files to reimport...[39m[0m
[  19% ] [90m[1mreimport[22m | Preparing files to reimport...[39m[0m
[  20% ] [90m[1mreimport[22m | Preparing files to reimport...[39m[0m
[  20% ] [90m[1mreimport[22m | Preparing files to reimport...[39m[0m
[  20% ] [90m[1mreimport[22m | Preparing files to reimport...[39m[0m
[  20% ] [90m[1mreimport[22m | Preparing files to reimport...[39m[0m
[  20% ] [90m[1mreimport[22m | Preparing files to reimport...[39m[0m
[  20% ] [90m[1mreimport[22m | Preparing files to reimport...[39m[0m
[  20% ] [90m[1mreimport[22m | Preparing files to reimport...[39m[0m
[  20% ] [90m[1mreimport[22m | Preparing files to reimport...[39m[0m
[  20% ] [90m[1mreimport[22m | Preparing files to reimport...[39m[0m
[  20% ] [90m[1mreimport[22m | Preparing files to reimport...[39m[0m
[  20% ] [90m[1mreimport[22m | Preparing files to reimport...[39m[0m
[  20% ] [90m[1mreimport[22m | Preparing files to reimport...[39m[0m
[  20% ] [90m[1mreimport[22m | Preparing files to reimport...[39m[0m
[  20% ] [90m[1mreimport[22m | Preparing files to reimport...[39m[0m
[  20% ] [90m[1mreimport[22m | Preparing files to reimport...[39m[0m
[  20% ] [90m[1mreimport[22m | Preparing files to reimport...[39m[0m
[  20% ] [90m[1mreimport[22m | Preparing files to reimport...[39m[0m
[  20% ] [90m[1mreimport[22m | Preparing files to reimport...[39m[0m
[  20% ] [90m[1mreimport[22m | Preparing files to reimport...[39m[0m
[  20% ] [90m[1mreimport[22m | Preparing files to reimport...[39m[0m
[  20% ] [90m[1mreimport[22m | Preparing files to reimport...[39m[0m
[  20% ] [90m[1mreimport[22m | Preparing files to reimport...[39m[0m
[  20% ] [90m[1mreimport[22m | Preparing files to reimport...[39m[0m
[  20% ] [90m[1mreimport[22m | Preparing files to reimport...[39m[0m
[  20% ] [90m[1mreimport[22m | Preparing files to reimport...[39m[0m
[  20% ] [90m[1mreimport[22m | Preparing files to reimport...[39m[0m
[  20% ] [90m[1mreimport[22m | Preparing files to reimport...[39m[0m
[  20% ] [90m[1mreimport[22m | Preparing files to reimport...[39m[0m
[  20% ] [90m[1mreimport[22m | Preparing files to reimport...[39m[0m
[  20% ] [90m[1mreimport[22m | Preparing files to reimport...[39m[0m
[  20% ] [90m[1mreimport[22m | Preparing files to reimport...[39m[0m
[  20% ] [90m[1mreimport[22m | Preparing files to reimport...[39m[0m
[  20% ] [90m[1mreimport[22m | Preparing files to reimport...[39m[0m
[  20% ] [90m[1mreimport[22m | Preparing files to reimport...[39m[0m
[  20% ] [90m[1mreimport[22m | Preparing files to reimport...[39m[0m
[  20% ] [90m[1mreimport[22m | Preparing files to reimport...[39m[0m
[  20% ] [90m[1mreimport[22m | Preparing files to reimport...[39m[0m
[  20% ] [90m[1mreimport[22m | Preparing files to reimport...[39m[0m
[  20% ] [90m[1mreimport[22m | Preparing files to reimport...[39m[0m
[  20% ] [90m[1mreimport[22m | Preparing files to reimport...[39m[0m
[  21% ] [90m[1mreimport[22m | Preparing files to reimport...[39m[0m
[  21% ] [90m[1mreimport[22m | Preparing files to reimport...[39m[0m
[  21% ] [90m[1mreimport[22m | Preparing files to reimport...[39m[0m
[  21% ] [90m[1mreimport[22m | Preparing files to reimport...[39m[0m
[  21% ] [90m[1mreimport[22m | Preparing files to reimport...[39m[0m
[  21% ] [90m[1mreimport[22m | Preparing files to reimport...[39m[0m
[  21% ] [90m[1mreimport[22m | Preparing files to reimport...[39m[0m
[  21% ] [90m[1mreimport[22m | Preparing files to reimport...[39m[0m
[  21% ] [90m[1mreimport[22m | Preparing files to reimport...[39m[0m
[  21% ] [90m[1mreimport[22m | Preparing files to reimport...[39m[0m
[  21% ] [90m[1mreimport[22m | Preparing files to reimport...[39m[0m
[  21% ] [90m[1mreimport[22m | Preparing files to reimport...[39m[0m
[  21% ] [90m[1mreimport[22m | Preparing files to reimport...[39m[0m
[  21% ] [90m[1mreimport[22m | Preparing files to reimport...[39m[0m
[  21% ] [90m[1mreimport[22m | Preparing files to reimport...[39m[0m
[  21% ] [90m[1mreimport[22m | Preparing files to reimport...[39m[0m
[  21% ] [90m[1mreimport[22m | Preparing files to reimport...[39m[0m
[  21% ] [90m[1mreimport[22m | Preparing files to reimport...[39m[0m
[  21% ] [90m[1mreimport[22m | Preparing files to reimport...[39m[0m
[  21% ] [90m[1mreimport[22m | Preparing files to reimport...[39m[0m
[  21% ] [90m[1mreimport[22m | Preparing files to reimport...[39m[0m
[  21% ] [90m[1mreimport[22m | Preparing files to reimport...[39m[0m
[  21% ] [90m[1mreimport[22m | Preparing files to reimport...[39m[0m
[  21% ] [90m[1mreimport[22m | Preparing files to reimport...[39m[0m
[  21% ] [90m[1mreimport[22m | Preparing files to reimport...[39m[0m
[  21% ] [90m[1mreimport[22m | Preparing files to reimport...[39m[0m
[  21% ] [90m[1mreimport[22m | Preparing files to reimport...[39m[0m
[  21% ] [90m[1mreimport[22m | Preparing files to reimport...[39m[0m
[  21% ] [90m[1mreimport[22m | Preparing files to reimport...[39m[0m
[  21% ] [90m[1mreimport[22m | Preparing files to reimport...[39m[0m
[  21% ] [90m[1mreimport[22m | Preparing files to reimport...[39m[0m
[  21% ] [90m[1mreimport[22m | Preparing files to reimport...[39m[0m
[  21% ] [90m[1mreimport[22m | Preparing files to reimport...[39m[0m
[  21% ] [90m[1mreimport[22m | Preparing files to reimport...[39m[0m
[  21% ] [90m[1mreimport[22m | Preparing files to reimport...[39m[0m
[  21% ] [90m[1mreimport[22m | Preparing files to reimport...[39m[0m
[  21% ] [90m[1mreimport[22m | Preparing files to reimport...[39m[0m
[  21% ] [90m[1mreimport[22m | Preparing files to reimport...[39m[0m
[  21% ] [90m[1mreimport[22m | Preparing files to reimport...[39m[0m
[  21% ] [90m[1mreimport[22m | Preparing files to reimport...[39m[0m
[  22% ] [90m[1mreimport[22m | Preparing files to reimport...[39m[0m
[  22% ] [90m[1mreimport[22m | Preparing files to reimport...[39m[0m
[  22% ] [90m[1mreimport[22m | Preparing files to reimport...[39m[0m
[  22% ] [90m[1mreimport[22m | Preparing files to reimport...[39m[0m
[  22% ] [90m[1mreimport[22m | Preparing files to reimport...[39m[0m
[  22% ] [90m[1mreimport[22m | Preparing files to reimport...[39m[0m
[  22% ] [90m[1mreimport[22m | Preparing files to reimport...[39m[0m
[  22% ] [90m[1mreimport[22m | Preparing files to reimport...[39m[0m
[  22% ] [90m[1mreimport[22m | Preparing files to reimport...[39m[0m
[  22% ] [90m[1mreimport[22m | Preparing files to reimport...[39m[0m
[  22% ] [90m[1mreimport[22m | Preparing files to reimport...[39m[0m
[  22% ] [90m[1mreimport[22m | Preparing files to reimport...[39m[0m
[  22% ] [90m[1mreimport[22m | Preparing files to reimport...[39m[0m
[  22% ] [90m[1mreimport[22m | Preparing files to reimport...[39m[0m
[  22% ] [90m[1mreimport[22m | Preparing files to reimport...[39m[0m
[  22% ] [90m[1mreimport[22m | Preparing files to reimport...[39m[0m
[  22% ] [90m[1mreimport[22m | Preparing files to reimport...[39m[0m
[  22% ] [90m[1mreimport[22m | Preparing files to reimport...[39m[0m
[  22% ] [90m[1mreimport[22m | Preparing files to reimport...[39m[0m
[  22% ] [90m[1mreimport[22m | Preparing files to reimport...[39m[0m
[  22% ] [90m[1mreimport[22m | Preparing files to reimport...[39m[0m
[  22% ] [90m[1mreimport[22m | Preparing files to reimport...[39m[0m
[  22% ] [90m[1mreimport[22m | Preparing files to reimport...[39m[0m
[  22% ] [90m[1mreimport[22m | Preparing files to reimport...[39m[0m
[  22% ] [90m[1mreimport[22m | Preparing files to reimport...[39m[0m
[  22% ] [90m[1mreimport[22m | Preparing files to reimport...[39m[0m
[  22% ] [90m[1mreimport[22m | Preparing files to reimport...[39m[0m
[  22% ] [90m[1mreimport[22m | Preparing files to reimport...[39m[0m
[  22% ] [90m[1mreimport[22m | Preparing files to reimport...[39m[0m
[  22% ] [90m[1mreimport[22m | Preparing files to reimport...[39m[0m
[  22% ] [90m[1mreimport[22m | Preparing files to reimport...[39m[0m
[  22% ] [90m[1mreimport[22m | Preparing files to reimport...[39m[0m
[  22% ] [90m[1mreimport[22m | Preparing files to reimport...[39m[0m
[  22% ] [90m[1mreimport[22m | Preparing files to reimport...[39m[0m
[  22% ] [90m[1mreimport[22m | Preparing files to reimport...[39m[0m
[  22% ] [90m[1mreimport[22m | Preparing files to reimport...[39m[0m
[  22% ] [90m[1mreimport[22m | Preparing files to reimport...[39m[0m
[  22% ] [90m[1mreimport[22m | Preparing files to reimport...[39m[0m
[  22% ] [90m[1mreimport[22m | Preparing files to reimport...[39m[0m
[  23% ] [90m[1mreimport[22m | Preparing files to reimport...[39m[0m
[  23% ] [90m[1mreimport[22m | Preparing files to reimport...[39m[0m
[  23% ] [90m[1mreimport[22m | Preparing files to reimport...[39m[0m
[  23% ] [90m[1mreimport[22m | Preparing files to reimport...[39m[0m
[  23% ] [90m[1mreimport[22m | Preparing files to reimport...[39m[0m
[  23% ] [90m[1mreimport[22m | Preparing files to reimport...[39m[0m
[  23% ] [90m[1mreimport[22m | Preparing files to reimport...[39m[0m
[  23% ] [90m[1mreimport[22m | Preparing files to reimport...[39m[0m
[  23% ] [90m[1mreimport[22m | Preparing files to reimport...[39m[0m
[  23% ] [90m[1mreimport[22m | Preparing files to reimport...[39m[0m
[  23% ] [90m[1mreimport[22m | Preparing files to reimport...[39m[0m
[  23% ] [90m[1mreimport[22m | Preparing files to reimport...[39m[0m
[  23% ] [90m[1mreimport[22m | Preparing files to reimport...[39m[0m
[  23% ] [90m[1mreimport[22m | Preparing files to reimport...[39m[0m
[  23% ] [90m[1mreimport[22m | Preparing files to reimport...[39m[0m
[  23% ] [90m[1mreimport[22m | Preparing files to reimport...[39m[0m
[  23% ] [90m[1mreimport[22m | Preparing files to reimport...[39m[0m
[  23% ] [90m[1mreimport[22m | Preparing files to reimport...[39m[0m
[  23% ] [90m[1mreimport[22m | Preparing files to reimport...[39m[0m
[  23% ] [90m[1mreimport[22m | Preparing files to reimport...[39m[0m
[  23% ] [90m[1mreimport[22m | Preparing files to reimport...[39m[0m
[  23% ] [90m[1mreimport[22m | Preparing files to reimport...[39m[0m
[  23% ] [90m[1mreimport[22m | Preparing files to reimport...[39m[0m
[  23% ] [90m[1mreimport[22m | Preparing files to reimport...[39m[0m
[  23% ] [90m[1mreimport[22m | Preparing files to reimport...[39m[0m
[  23% ] [90m[1mreimport[22m | Preparing files to reimport...[39m[0m
[  23% ] [90m[1mreimport[22m | Preparing files to reimport...[39m[0m
[  23% ] [90m[1mreimport[22m | Preparing files to reimport...[39m[0m
[  23% ] [90m[1mreimport[22m | Preparing files to reimport...[39m[0m
[  23% ] [90m[1mreimport[22m | Preparing files to reimport...[39m[0m
[  23% ] [90m[1mreimport[22m | Preparing files to reimport...[39m[0m
[  23% ] [90m[1mreimport[22m | Preparing files to reimport...[39m[0m
[  23% ] [90m[1mreimport[22m | Preparing files to reimport...[39m[0m
[  23% ] [90m[1mreimport[22m | Preparing files to reimport...[39m[0m
[  23% ] [90m[1mreimport[22m | Preparing files to reimport...[39m[0m
[  23% ] [90m[1mreimport[22m | Preparing files to reimport...[39m[0m
[  23% ] [90m[1mreimport[22m | Preparing files to reimport...[39m[0m
[  23% ] [90m[1mreimport[22m | Preparing files to reimport...[39m[0m
[  23% ] [90m[1mreimport[22m | Preparing files to reimport...[39m[0m
[  23% ] [90m[1mreimport[22m | Preparing files to reimport...[39m[0m
[  24% ] [90m[1mreimport[22m | Preparing files to reimport...[39m[0m
[  24% ] [90m[1mreimport[22m | Preparing files to reimport...[39m[0m
[  24% ] [90m[1mreimport[22m | Preparing files to reimport...[39m[0m
[  24% ] [90m[1mreimport[22m | Preparing files to reimport...[39m[0m
[  24% ] [90m[1mreimport[22m | Preparing files to reimport...[39m[0m
[  24% ] [90m[1mreimport[22m | Preparing files to reimport...[39m[0m
[  24% ] [90m[1mreimport[22m | Preparing files to reimport...[39m[0m
[  24% ] [90m[1mreimport[22m | Preparing files to reimport...[39m[0m
[  24% ] [90m[1mreimport[22m | Preparing files to reimport...[39m[0m
[  24% ] [90m[1mreimport[22m | Preparing files to reimport...[39m[0m
[  24% ] [90m[1mreimport[22m | Preparing files to reimport...[39m[0m
[  24% ] [90m[1mreimport[22m | Preparing files to reimport...[39m[0m
[  24% ] [90m[1mreimport[22m | Preparing files to reimport...[39m[0m
[  24% ] [90m[1mreimport[22m | Preparing files to reimport...[39m[0m
[  24% ] [90m[1mreimport[22m | Preparing files to reimport...[39m[0m
[  24% ] [90m[1mreimport[22m | Preparing files to reimport...[39m[0m
[  24% ] [90m[1mreimport[22m | Preparing files to reimport...[39m[0m
[  24% ] [90m[1mreimport[22m | Preparing files to reimport...[39m[0m
[  24% ] [90m[1mreimport[22m | Preparing files to reimport...[39m[0m
[  24% ] [90m[1mreimport[22m | Preparing files to reimport...[39m[0m
[  24% ] [90m[1mreimport[22m | Preparing files to reimport...[39m[0m
[  24% ] [90m[1mreimport[22m | Preparing files to reimport...[39m[0m
[  24% ] [90m[1mreimport[22m | Preparing files to reimport...[39m[0m
[  24% ] [90m[1mreimport[22m | Preparing files to reimport...[39m[0m
[  24% ] [90m[1mreimport[22m | Preparing files to reimport...[39m[0m
[  24% ] [90m[1mreimport[22m | Preparing files to reimport...[39m[0m
[  24% ] [90m[1mreimport[22m | Preparing files to reimport...[39m[0m
[  24% ] [90m[1mreimport[22m | Preparing files to reimport...[39m[0m
[  24% ] [90m[1mreimport[22m | Preparing files to reimport...[39m[0m
[  24% ] [90m[1mreimport[22m | Preparing files to reimport...[39m[0m
[  24% ] [90m[1mreimport[22m | Preparing files to reimport...[39m[0m
[  24% ] [90m[1mreimport[22m | Preparing files to reimport...[39m[0m
[  24% ] [90m[1mreimport[22m | Preparing files to reimport...[39m[0m
[  24% ] [90m[1mreimport[22m | Preparing files to reimport...[39m[0m
[  24% ] [90m[1mreimport[22m | Preparing files to reimport...[39m[0m
[  24% ] [90m[1mreimport[22m | Preparing files to reimport...[39m[0m
[  24% ] [90m[1mreimport[22m | Preparing files to reimport...[39m[0m
[  24% ] [90m[1mreimport[22m | Preparing files to reimport...[39m[0m
[  24% ] [90m[1mreimport[22m | Preparing files to reimport...[39m[0m
[  25% ] [90m[1mreimport[22m | Preparing files to reimport...[39m[0m
[  25% ] [90m[1mreimport[22m | Preparing files to reimport...[39m[0m
[  25% ] [90m[1mreimport[22m | Preparing files to reimport...[39m[0m
[  25% ] [90m[1mreimport[22m | Preparing files to reimport...[39m[0m
[  25% ] [90m[1mreimport[22m | Preparing files to reimport...[39m[0m
[  25% ] [90m[1mreimport[22m | Preparing files to reimport...[39m[0m
[  25% ] [90m[1mreimport[22m | Preparing files to reimport...[39m[0m
[  25% ] [90m[1mreimport[22m | Preparing files to reimport...[39m[0m
[  25% ] [90m[1mreimport[22m | Preparing files to reimport...[39m[0m
[  25% ] [90m[1mreimport[22m | Preparing files to reimport...[39m[0m
[  25% ] [90m[1mreimport[22m | Preparing files to reimport...[39m[0m
[  25% ] [90m[1mreimport[22m | Preparing files to reimport...[39m[0m
[  25% ] [90m[1mreimport[22m | Preparing files to reimport...[39m[0m
[  25% ] [90m[1mreimport[22m | Preparing files to reimport...[39m[0m
[  25% ] [90m[1mreimport[22m | Preparing files to reimport...[39m[0m
[  25% ] [90m[1mreimport[22m | Preparing files to reimport...[39m[0m
[  25% ] [90m[1mreimport[22m | Preparing files to reimport...[39m[0m
[  25% ] [90m[1mreimport[22m | Preparing files to reimport...[39m[0m
[  25% ] [90m[1mreimport[22m | Preparing files to reimport...[39m[0m
[  25% ] [90m[1mreimport[22m | Preparing files to reimport...[39m[0m
[  25% ] [90m[1mreimport[22m | Preparing files to reimport...[39m[0m
[  25% ] [90m[1mreimport[22m | Preparing files to reimport...[39m[0m
[  25% ] [90m[1mreimport[22m | Preparing files to reimport...[39m[0m
[  25% ] [90m[1mreimport[22m | Preparing files to reimport...[39m[0m
[  25% ] [90m[1mreimport[22m | Preparing files to reimport...[39m[0m
[  25% ] [90m[1mreimport[22m | Preparing files to reimport...[39m[0m
[  25% ] [90m[1mreimport[22m | Preparing files to reimport...[39m[0m
[  25% ] [90m[1mreimport[22m | Preparing files to reimport...[39m[0m
[  25% ] [90m[1mreimport[22m | Preparing files to reimport...[39m[0m
[  25% ] [90m[1mreimport[22m | Preparing files to reimport...[39m[0m
[  25% ] [90m[1mreimport[22m | Preparing files to reimport...[39m[0m
[  25% ] [90m[1mreimport[22m | Preparing files to reimport...[39m[0m
[  25% ] [90m[1mreimport[22m | Preparing files to reimport...[39m[0m
[  25% ] [90m[1mreimport[22m | Preparing files to reimport...[39m[0m
[  25% ] [90m[1mreimport[22m | Preparing files to reimport...[39m[0m
[  25% ] [90m[1mreimport[22m | Preparing files to reimport...[39m[0m
[  25% ] [90m[1mreimport[22m | Preparing files to reimport...[39m[0m
[  25% ] [90m[1mreimport[22m | Preparing files to reimport...[39m[0m
[  25% ] [90m[1mreimport[22m | Preparing files to reimport...[39m[0m
[  25% ] [90m[1mreimport[22m | Preparing files to reimport...[39m[0m
[  26% ] [90m[1mreimport[22m | Preparing files to reimport...[39m[0m
[  26% ] [90m[1mreimport[22m | Preparing files to reimport...[39m[0m
[  26% ] [90m[1mreimport[22m | Preparing files to reimport...[39m[0m
[  26% ] [90m[1mreimport[22m | Preparing files to reimport...[39m[0m
[  26% ] [90m[1mreimport[22m | Preparing files to reimport...[39m[0m
[  26% ] [90m[1mreimport[22m | Preparing files to reimport...[39m[0m
[  26% ] [90m[1mreimport[22m | Preparing files to reimport...[39m[0m
[  26% ] [90m[1mreimport[22m | Preparing files to reimport...[39m[0m
[  26% ] [90m[1mreimport[22m | Preparing files to reimport...[39m[0m
[  26% ] [90m[1mreimport[22m | Preparing files to reimport...[39m[0m
[  26% ] [90m[1mreimport[22m | Preparing files to reimport...[39m[0m
[  26% ] [90m[1mreimport[22m | Preparing files to reimport...[39m[0m
[  26% ] [90m[1mreimport[22m | Preparing files to reimport...[39m[0m
[  26% ] [90m[1mreimport[22m | Preparing files to reimport...[39m[0m
[  26% ] [90m[1mreimport[22m | Preparing files to reimport...[39m[0m
[  26% ] [90m[1mreimport[22m | Preparing files to reimport...[39m[0m
[  26% ] [90m[1mreimport[22m | Preparing files to reimport...[39m[0m
[  26% ] [90m[1mreimport[22m | Preparing files to reimport...[39m[0m
[  26% ] [90m[1mreimport[22m | Preparing files to reimport...[39m[0m
[  26% ] [90m[1mreimport[22m | Preparing files to reimport...[39m[0m
[  26% ] [90m[1mreimport[22m | Preparing files to reimport...[39m[0m
[  26% ] [90m[1mreimport[22m | Preparing files to reimport...[39m[0m
[  26% ] [90m[1mreimport[22m | Preparing files to reimport...[39m[0m
[  26% ] [90m[1mreimport[22m | Preparing files to reimport...[39m[0m
[  26% ] [90m[1mreimport[22m | Preparing files to reimport...[39m[0m
[  26% ] [90m[1mreimport[22m | Preparing files to reimport...[39m[0m
[  26% ] [90m[1mreimport[22m | Preparing files to reimport...[39m[0m
[  26% ] [90m[1mreimport[22m | Preparing files to reimport...[39m[0m
[  26% ] [90m[1mreimport[22m | Preparing files to reimport...[39m[0m
[  26% ] [90m[1mreimport[22m | Preparing files to reimport...[39m[0m
[  26% ] [90m[1mreimport[22m | Preparing files to reimport...[39m[0m
[  26% ] [90m[1mreimport[22m | Preparing files to reimport...[39m[0m
[  26% ] [90m[1mreimport[22m | Preparing files to reimport...[39m[0m
[  26% ] [90m[1mreimport[22m | Preparing files to reimport...[39m[0m
[  26% ] [90m[1mreimport[22m | Preparing files to reimport...[39m[0m
[  26% ] [90m[1mreimport[22m | Preparing files to reimport...[39m[0m
[  26% ] [90m[1mreimport[22m | Preparing files to reimport...[39m[0m
[  26% ] [90m[1mreimport[22m | Preparing files to reimport...[39m[0m
[  26% ] [90m[1mreimport[22m | Preparing files to reimport...[39m[0m
[  27% ] [90m[1mreimport[22m | Preparing files to reimport...[39m[0m
[  27% ] [90m[1mreimport[22m | Preparing files to reimport...[39m[0m
[  27% ] [90m[1mreimport[22m | Preparing files to reimport...[39m[0m
[  27% ] [90m[1mreimport[22m | Preparing files to reimport...[39m[0m
[  27% ] [90m[1mreimport[22m | Preparing files to reimport...[39m[0m
[  27% ] [90m[1mreimport[22m | Preparing files to reimport...[39m[0m
[  27% ] [90m[1mreimport[22m | Preparing files to reimport...[39m[0m
[  27% ] [90m[1mreimport[22m | Preparing files to reimport...[39m[0m
[  27% ] [90m[1mreimport[22m | Preparing files to reimport...[39m[0m
[  27% ] [90m[1mreimport[22m | Preparing files to reimport...[39m[0m
[  27% ] [90m[1mreimport[22m | Preparing files to reimport...[39m[0m
[  27% ] [90m[1mreimport[22m | Preparing files to reimport...[39m[0m
[  27% ] [90m[1mreimport[22m | Preparing files to reimport...[39m[0m
[  27% ] [90m[1mreimport[22m | Preparing files to reimport...[39m[0m
[  27% ] [90m[1mreimport[22m | Preparing files to reimport...[39m[0m
[  27% ] [90m[1mreimport[22m | Preparing files to reimport...[39m[0m
[  27% ] [90m[1mreimport[22m | Preparing files to reimport...[39m[0m
[  27% ] [90m[1mreimport[22m | Preparing files to reimport...[39m[0m
[  27% ] [90m[1mreimport[22m | Preparing files to reimport...[39m[0m
[  27% ] [90m[1mreimport[22m | Preparing files to reimport...[39m[0m
[  27% ] [90m[1mreimport[22m | Preparing files to reimport...[39m[0m
[  27% ] [90m[1mreimport[22m | Preparing files to reimport...[39m[0m
[  27% ] [90m[1mreimport[22m | Preparing files to reimport...[39m[0m
[  27% ] [90m[1mreimport[22m | Preparing files to reimport...[39m[0m
[  27% ] [90m[1mreimport[22m | Preparing files to reimport...[39m[0m
[  27% ] [90m[1mreimport[22m | Preparing files to reimport...[39m[0m
[  27% ] [90m[1mreimport[22m | Preparing files to reimport...[39m[0m
[  27% ] [90m[1mreimport[22m | Preparing files to reimport...[39m[0m
[  27% ] [90m[1mreimport[22m | Preparing files to reimport...[39m[0m
[  27% ] [90m[1mreimport[22m | Preparing files to reimport...[39m[0m
[  27% ] [90m[1mreimport[22m | Preparing files to reimport...[39m[0m
[  27% ] [90m[1mreimport[22m | Preparing files to reimport...[39m[0m
[  27% ] [90m[1mreimport[22m | Preparing files to reimport...[39m[0m
[  27% ] [90m[1mreimport[22m | Preparing files to reimport...[39m[0m
[  27% ] [90m[1mreimport[22m | Preparing files to reimport...[39m[0m
[  27% ] [90m[1mreimport[22m | Preparing files to reimport...[39m[0m
[  27% ] [90m[1mreimport[22m | Preparing files to reimport...[39m[0m
[  27% ] [90m[1mreimport[22m | Preparing files to reimport...[39m[0m
[  27% ] [90m[1mreimport[22m | Preparing files to reimport...[39m[0m
[  27% ] [90m[1mreimport[22m | Preparing files to reimport...[39m[0m
[  28% ] [90m[1mreimport[22m | Preparing files to reimport...[39m[0m
[  28% ] [90m[1mreimport[22m | Preparing files to reimport...[39m[0m
[  28% ] [90m[1mreimport[22m | Preparing files to reimport...[39m[0m
[  28% ] [90m[1mreimport[22m | Preparing files to reimport...[39m[0m
[  28% ] [90m[1mreimport[22m | Preparing files to reimport...[39m[0m
[  28% ] [90m[1mreimport[22m | Preparing files to reimport...[39m[0m
[  28% ] [90m[1mreimport[22m | Preparing files to reimport...[39m[0m
[  28% ] [90m[1mreimport[22m | Preparing files to reimport...[39m[0m
[  28% ] [90m[1mreimport[22m | Preparing files to reimport...[39m[0m
[  28% ] [90m[1mreimport[22m | Preparing files to reimport...[39m[0m
[  28% ] [90m[1mreimport[22m | Preparing files to reimport...[39m[0m
[  28% ] [90m[1mreimport[22m | Preparing files to reimport...[39m[0m
[  28% ] [90m[1mreimport[22m | Preparing files to reimport...[39m[0m
[  28% ] [90m[1mreimport[22m | Preparing files to reimport...[39m[0m
[  28% ] [90m[1mreimport[22m | Preparing files to reimport...[39m[0m
[  28% ] [90m[1mreimport[22m | Preparing files to reimport...[39m[0m
[  28% ] [90m[1mreimport[22m | Preparing files to reimport...[39m[0m
[  28% ] [90m[1mreimport[22m | Preparing files to reimport...[39m[0m
[  28% ] [90m[1mreimport[22m | Preparing files to reimport...[39m[0m
[  28% ] [90m[1mreimport[22m | Preparing files to reimport...[39m[0m
[  28% ] [90m[1mreimport[22m | Preparing files to reimport...[39m[0m
[  28% ] [90m[1mreimport[22m | Preparing files to reimport...[39m[0m
[  28% ] [90m[1mreimport[22m | Preparing files to reimport...[39m[0m
[  28% ] [90m[1mreimport[22m | Preparing files to reimport...[39m[0m
[  28% ] [90m[1mreimport[22m | Preparing files to reimport...[39m[0m
[  28% ] [90m[1mreimport[22m | Preparing files to reimport...[39m[0m
[  28% ] [90m[1mreimport[22m | Preparing files to reimport...[39m[0m
[  28% ] [90m[1mreimport[22m | Preparing files to reimport...[39m[0m
[  28% ] [90m[1mreimport[22m | Preparing files to reimport...[39m[0m
[  28% ] [90m[1mreimport[22m | Preparing files to reimport...[39m[0m
[  28% ] [90m[1mreimport[22m | Preparing files to reimport...[39m[0m
[  28% ] [90m[1mreimport[22m | Preparing files to reimport...[39m[0m
[  28% ] [90m[1mreimport[22m | Preparing files to reimport...[39m[0m
[  28% ] [90m[1mreimport[22m | Preparing files to reimport...[39m[0m
[  28% ] [90m[1mreimport[22m | Preparing files to reimport...[39m[0m
[  28% ] [90m[1mreimport[22m | Preparing files to reimport...[39m[0m
[  28% ] [90m[1mreimport[22m | Preparing files to reimport...[39m[0m
[  28% ] [90m[1mreimport[22m | Preparing files to reimport...[39m[0m
[  28% ] [90m[1mreimport[22m | Preparing files to reimport...[39m[0m
[  29% ] [90m[1mreimport[22m | Preparing files to reimport...[39m[0m
[  29% ] [90m[1mreimport[22m | Preparing files to reimport...[39m[0m
[  29% ] [90m[1mreimport[22m | Preparing files to reimport...[39m[0m
[  29% ] [90m[1mreimport[22m | Preparing files to reimport...[39m[0m
[  29% ] [90m[1mreimport[22m | Preparing files to reimport...[39m[0m
[  29% ] [90m[1mreimport[22m | Preparing files to reimport...[39m[0m
[  29% ] [90m[1mreimport[22m | Preparing files to reimport...[39m[0m
[  29% ] [90m[1mreimport[22m | Preparing files to reimport...[39m[0m
[  29% ] [90m[1mreimport[22m | Preparing files to reimport...[39m[0m
[  29% ] [90m[1mreimport[22m | Preparing files to reimport...[39m[0m
[  29% ] [90m[1mreimport[22m | Preparing files to reimport...[39m[0m
[  29% ] [90m[1mreimport[22m | Preparing files to reimport...[39m[0m
[  29% ] [90m[1mreimport[22m | Preparing files to reimport...[39m[0m
[  29% ] [90m[1mreimport[22m | Preparing files to reimport...[39m[0m
[  29% ] [90m[1mreimport[22m | Preparing files to reimport...[39m[0m
[  29% ] [90m[1mreimport[22m | Preparing files to reimport...[39m[0m
[  29% ] [90m[1mreimport[22m | Preparing files to reimport...[39m[0m
[  29% ] [90m[1mreimport[22m | Preparing files to reimport...[39m[0m
[  29% ] [90m[1mreimport[22m | Preparing files to reimport...[39m[0m
[  29% ] [90m[1mreimport[22m | Preparing files to reimport...[39m[0m
[  29% ] [90m[1mreimport[22m | Preparing files to reimport...[39m[0m
[  29% ] [90m[1mreimport[22m | Preparing files to reimport...[39m[0m
[  29% ] [90m[1mreimport[22m | Preparing files to reimport...[39m[0m
[  29% ] [90m[1mreimport[22m | Preparing files to reimport...[39m[0m
[  29% ] [90m[1mreimport[22m | Preparing files to reimport...[39m[0m
[  29% ] [90m[1mreimport[22m | Preparing files to reimport...[39m[0m
[  29% ] [90m[1mreimport[22m | Preparing files to reimport...[39m[0m
[  29% ] [90m[1mreimport[22m | Preparing files to reimport...[39m[0m
[  29% ] [90m[1mreimport[22m | Preparing files to reimport...[39m[0m
[  29% ] [90m[1mreimport[22m | Preparing files to reimport...[39m[0m
[  29% ] [90m[1mreimport[22m | Preparing files to reimport...[39m[0m
[  29% ] [90m[1mreimport[22m | Preparing files to reimport...[39m[0m
[  29% ] [90m[1mreimport[22m | Preparing files to reimport...[39m[0m
[  29% ] [90m[1mreimport[22m | Preparing files to reimport...[39m[0m
[  29% ] [90m[1mreimport[22m | Preparing files to reimport...[39m[0m
[  29% ] [90m[1mreimport[22m | Preparing files to reimport...[39m[0m
[  29% ] [90m[1mreimport[22m | Preparing files to reimport...[39m[0m
[  29% ] [90m[1mreimport[22m | Preparing files to reimport...[39m[0m
[  29% ] [90m[1mreimport[22m | Preparing files to reimport...[39m[0m
[  29% ] [90m[1mreimport[22m | Preparing files to reimport...[39m[0m
[  30% ] [90m[1mreimport[22m | Preparing files to reimport...[39m[0m
[  30% ] [90m[1mreimport[22m | Preparing files to reimport...[39m[0m
[  30% ] [90m[1mreimport[22m | Preparing files to reimport...[39m[0m
[  30% ] [90m[1mreimport[22m | Preparing files to reimport...[39m[0m
[  30% ] [90m[1mreimport[22m | Preparing files to reimport...[39m[0m
[  30% ] [90m[1mreimport[22m | Preparing files to reimport...[39m[0m
[  30% ] [90m[1mreimport[22m | Preparing files to reimport...[39m[0m
[  30% ] [90m[1mreimport[22m | Preparing files to reimport...[39m[0m
[  30% ] [90m[1mreimport[22m | Preparing files to reimport...[39m[0m
[  30% ] [90m[1mreimport[22m | Preparing files to reimport...[39m[0m
[  30% ] [90m[1mreimport[22m | Preparing files to reimport...[39m[0m
[  30% ] [90m[1mreimport[22m | Preparing files to reimport...[39m[0m
[  30% ] [90m[1mreimport[22m | Preparing files to reimport...[39m[0m
[  30% ] [90m[1mreimport[22m | Preparing files to reimport...[39m[0m
[  30% ] [90m[1mreimport[22m | Preparing files to reimport...[39m[0m
[  30% ] [90m[1mreimport[22m | Preparing files to reimport...[39m[0m
[  30% ] [90m[1mreimport[22m | Preparing files to reimport...[39m[0m
[  30% ] [90m[1mreimport[22m | Preparing files to reimport...[39m[0m
[  30% ] [90m[1mreimport[22m | Preparing files to reimport...[39m[0m
[  30% ] [90m[1mreimport[22m | Preparing files to reimport...[39m[0m
[  30% ] [90m[1mreimport[22m | Preparing files to reimport...[39m[0m
[  30% ] [90m[1mreimport[22m | Preparing files to reimport...[39m[0m
[  30% ] [90m[1mreimport[22m | Preparing files to reimport...[39m[0m
[  30% ] [90m[1mreimport[22m | Preparing files to reimport...[39m[0m
[  30% ] [90m[1mreimport[22m | Preparing files to reimport...[39m[0m
[  30% ] [90m[1mreimport[22m | Preparing files to reimport...[39m[0m
[  30% ] [90m[1mreimport[22m | Preparing files to reimport...[39m[0m
[  30% ] [90m[1mreimport[22m | Preparing files to reimport...[39m[0m
[  30% ] [90m[1mreimport[22m | Preparing files to reimport...[39m[0m
[  30% ] [90m[1mreimport[22m | Preparing files to reimport...[39m[0m
[  30% ] [90m[1mreimport[22m | Preparing files to reimport...[39m[0m
[  30% ] [90m[1mreimport[22m | Preparing files to reimport...[39m[0m
[  30% ] [90m[1mreimport[22m | Preparing files to reimport...[39m[0m
[  30% ] [90m[1mreimport[22m | Preparing files to reimport...[39m[0m
[  30% ] [90m[1mreimport[22m | Preparing files to reimport...[39m[0m
[  30% ] [90m[1mreimport[22m | Preparing files to reimport...[39m[0m
[  30% ] [90m[1mreimport[22m | Preparing files to reimport...[39m[0m
[  30% ] [90m[1mreimport[22m | Preparing files to reimport...[39m[0m
[  30% ] [90m[1mreimport[22m | Preparing files to reimport...[39m[0m
[  30% ] [90m[1mreimport[22m | Preparing files to reimport...[39m[0m
[  31% ] [90m[1mreimport[22m | Preparing files to reimport...[39m[0m
[  31% ] [90m[1mreimport[22m | Preparing files to reimport...[39m[0m
[  31% ] [90m[1mreimport[22m | Preparing files to reimport...[39m[0m
[  31% ] [90m[1mreimport[22m | Preparing files to reimport...[39m[0m
[  31% ] [90m[1mreimport[22m | Preparing files to reimport...[39m[0m
[  31% ] [90m[1mreimport[22m | Preparing files to reimport...[39m[0m
[  31% ] [90m[1mreimport[22m | Preparing files to reimport...[39m[0m
[  31% ] [90m[1mreimport[22m | Preparing files to reimport...[39m[0m
[  31% ] [90m[1mreimport[22m | Preparing files to reimport...[39m[0m
[  31% ] [90m[1mreimport[22m | Preparing files to reimport...[39m[0m
[  31% ] [90m[1mreimport[22m | Preparing files to reimport...[39m[0m
[  31% ] [90m[1mreimport[22m | Preparing files to reimport...[39m[0m
[  31% ] [90m[1mreimport[22m | Preparing files to reimport...[39m[0m
[  31% ] [90m[1mreimport[22m | Preparing files to reimport...[39m[0m
[  31% ] [90m[1mreimport[22m | Preparing files to reimport...[39m[0m
[  31% ] [90m[1mreimport[22m | Preparing files to reimport...[39m[0m
[  31% ] [90m[1mreimport[22m | Preparing files to reimport...[39m[0m
[  31% ] [90m[1mreimport[22m | Preparing files to reimport...[39m[0m
[  31% ] [90m[1mreimport[22m | Preparing files to reimport...[39m[0m
[  31% ] [90m[1mreimport[22m | Preparing files to reimport...[39m[0m
[  31% ] [90m[1mreimport[22m | Preparing files to reimport...[39m[0m
[  31% ] [90m[1mreimport[22m | Preparing files to reimport...[39m[0m
[  31% ] [90m[1mreimport[22m | Preparing files to reimport...[39m[0m
[  31% ] [90m[1mreimport[22m | Preparing files to reimport...[39m[0m
[  31% ] [90m[1mreimport[22m | Preparing files to reimport...[39m[0m
[  31% ] [90m[1mreimport[22m | Preparing files to reimport...[39m[0m
[  31% ] [90m[1mreimport[22m | Preparing files to reimport...[39m[0m
[  31% ] [90m[1mreimport[22m | Preparing files to reimport...[39m[0m
[  31% ] [90m[1mreimport[22m | Preparing files to reimport...[39m[0m
[  31% ] [90m[1mreimport[22m | Preparing files to reimport...[39m[0m
[  31% ] [90m[1mreimport[22m | Preparing files to reimport...[39m[0m
[  31% ] [90m[1mreimport[22m | Preparing files to reimport...[39m[0m
[  31% ] [90m[1mreimport[22m | Preparing files to reimport...[39m[0m
[  31% ] [90m[1mreimport[22m | Preparing files to reimport...[39m[0m
[  31% ] [90m[1mreimport[22m | Preparing files to reimport...[39m[0m
[  31% ] [90m[1mreimport[22m | Preparing files to reimport...[39m[0m
[  31% ] [90m[1mreimport[22m | Preparing files to reimport...[39m[0m
[  31% ] [90m[1mreimport[22m | Preparing files to reimport...[39m[0m
[  31% ] [90m[1mreimport[22m | Preparing files to reimport...[39m[0m
[  32% ] [90m[1mreimport[22m | Preparing files to reimport...[39m[0m
[  32% ] [90m[1mreimport[22m | Preparing files to reimport...[39m[0m
[  32% ] [90m[1mreimport[22m | Preparing files to reimport...[39m[0m
[  32% ] [90m[1mreimport[22m | Preparing files to reimport...[39m[0m
[  32% ] [90m[1mreimport[22m | Preparing files to reimport...[39m[0m
[  32% ] [90m[1mreimport[22m | Preparing files to reimport...[39m[0m
[  32% ] [90m[1mreimport[22m | Preparing files to reimport...[39m[0m
[  32% ] [90m[1mreimport[22m | Preparing files to reimport...[39m[0m
[  32% ] [90m[1mreimport[22m | Preparing files to reimport...[39m[0m
[  32% ] [90m[1mreimport[22m | Preparing files to reimport...[39m[0m
[  32% ] [90m[1mreimport[22m | Preparing files to reimport...[39m[0m
[  32% ] [90m[1mreimport[22m | Preparing files to reimport...[39m[0m
[  32% ] [90m[1mreimport[22m | Preparing files to reimport...[39m[0m
[  32% ] [90m[1mreimport[22m | Preparing files to reimport...[39m[0m
[  32% ] [90m[1mreimport[22m | Preparing files to reimport...[39m[0m
[  32% ] [90m[1mreimport[22m | Preparing files to reimport...[39m[0m
[  32% ] [90m[1mreimport[22m | Preparing files to reimport...[39m[0m
[  32% ] [90m[1mreimport[22m | Preparing files to reimport...[39m[0m
[  32% ] [90m[1mreimport[22m | Preparing files to reimport...[39m[0m
[  32% ] [90m[1mreimport[22m | Preparing files to reimport...[39m[0m
[  32% ] [90m[1mreimport[22m | Preparing files to reimport...[39m[0m
[  32% ] [90m[1mreimport[22m | Preparing files to reimport...[39m[0m
[  32% ] [90m[1mreimport[22m | Preparing files to reimport...[39m[0m
[  32% ] [90m[1mreimport[22m | Preparing files to reimport...[39m[0m
[  32% ] [90m[1mreimport[22m | Preparing files to reimport...[39m[0m
[  32% ] [90m[1mreimport[22m | Preparing files to reimport...[39m[0m
[  32% ] [90m[1mreimport[22m | Preparing files to reimport...[39m[0m
[  32% ] [90m[1mreimport[22m | Preparing files to reimport...[39m[0m
[  32% ] [90m[1mreimport[22m | Preparing files to reimport...[39m[0m
[  32% ] [90m[1mreimport[22m | Preparing files to reimport...[39m[0m
[  32% ] [90m[1mreimport[22m | Preparing files to reimport...[39m[0m
[  32% ] [90m[1mreimport[22m | Preparing files to reimport...[39m[0m
[  32% ] [90m[1mreimport[22m | Preparing files to reimport...[39m[0m
[  32% ] [90m[1mreimport[22m | Preparing files to reimport...[39m[0m
[  32% ] [90m[1mreimport[22m | Preparing files to reimport...[39m[0m
[  32% ] [90m[1mreimport[22m | Preparing files to reimport...[39m[0m
[  32% ] [90m[1mreimport[22m | Preparing files to reimport...[39m[0m
[  32% ] [90m[1mreimport[22m | Preparing files to reimport...[39m[0m
[  32% ] [90m[1mreimport[22m | Preparing files to reimport...[39m[0m
[  32% ] [90m[1mreimport[22m | Preparing files to reimport...[39m[0m
[  33% ] [90m[1mreimport[22m | Preparing files to reimport...[39m[0m
[  33% ] [90m[1mreimport[22m | Preparing files to reimport...[39m[0m
[  33% ] [90m[1mreimport[22m | Preparing files to reimport...[39m[0m
[  33% ] [90m[1mreimport[22m | Preparing files to reimport...[39m[0m
[  33% ] [90m[1mreimport[22m | Preparing files to reimport...[39m[0m
[  33% ] [90m[1mreimport[22m | Preparing files to reimport...[39m[0m
[  33% ] [90m[1mreimport[22m | Preparing files to reimport...[39m[0m
[  33% ] [90m[1mreimport[22m | Preparing files to reimport...[39m[0m
[  33% ] [90m[1mreimport[22m | Preparing files to reimport...[39m[0m
[  33% ] [90m[1mreimport[22m | Preparing files to reimport...[39m[0m
[  33% ] [90m[1mreimport[22m | Preparing files to reimport...[39m[0m
[  33% ] [90m[1mreimport[22m | Preparing files to reimport...[39m[0m
[  33% ] [90m[1mreimport[22m | Preparing files to reimport...[39m[0m
[  33% ] [90m[1mreimport[22m | Preparing files to reimport...[39m[0m
[  33% ] [90m[1mreimport[22m | Preparing files to reimport...[39m[0m
[  33% ] [90m[1mreimport[22m | Preparing files to reimport...[39m[0m
[  33% ] [90m[1mreimport[22m | Preparing files to reimport...[39m[0m
[  33% ] [90m[1mreimport[22m | Preparing files to reimport...[39m[0m
[  33% ] [90m[1mreimport[22m | Preparing files to reimport...[39m[0m
[  33% ] [90m[1mreimport[22m | Preparing files to reimport...[39m[0m
[  33% ] [90m[1mreimport[22m | Preparing files to reimport...[39m[0m
[  33% ] [90m[1mreimport[22m | Preparing files to reimport...[39m[0m
[  33% ] [90m[1mreimport[22m | Preparing files to reimport...[39m[0m
[  33% ] [90m[1mreimport[22m | Preparing files to reimport...[39m[0m
[  33% ] [90m[1mreimport[22m | Preparing files to reimport...[39m[0m
[  33% ] [90m[1mreimport[22m | Preparing files to reimport...[39m[0m
[  33% ] [90m[1mreimport[22m | Preparing files to reimport...[39m[0m
[  33% ] [90m[1mreimport[22m | Preparing files to reimport...[39m[0m
[  33% ] [90m[1mreimport[22m | Preparing files to reimport...[39m[0m
[  33% ] [90m[1mreimport[22m | Preparing files to reimport...[39m[0m
[  33% ] [90m[1mreimport[22m | Preparing files to reimport...[39m[0m
[  33% ] [90m[1mreimport[22m | Preparing files to reimport...[39m[0m
[  33% ] [90m[1mreimport[22m | Preparing files to reimport...[39m[0m
[  33% ] [90m[1mreimport[22m | Preparing files to reimport...[39m[0m
[  33% ] [90m[1mreimport[22m | Preparing files to reimport...[39m[0m
[  33% ] [90m[1mreimport[22m | Preparing files to reimport...[39m[0m
[  33% ] [90m[1mreimport[22m | Preparing files to reimport...[39m[0m
[  33% ] [90m[1mreimport[22m | Preparing files to reimport...[39m[0m
[  33% ] [90m[1mreimport[22m | Preparing files to reimport...[39m[0m
[  34% ] [90m[1mreimport[22m | Preparing files to reimport...[39m[0m
[  34% ] [90m[1mreimport[22m | Preparing files to reimport...[39m[0m
[  34% ] [90m[1mreimport[22m | Preparing files to reimport...[39m[0m
[  34% ] [90m[1mreimport[22m | Preparing files to reimport...[39m[0m
[  34% ] [90m[1mreimport[22m | Preparing files to reimport...[39m[0m
[  34% ] [90m[1mreimport[22m | Preparing files to reimport...[39m[0m
[  34% ] [90m[1mreimport[22m | Preparing files to reimport...[39m[0m
[  34% ] [90m[1mreimport[22m | Preparing files to reimport...[39m[0m
[  34% ] [90m[1mreimport[22m | Preparing files to reimport...[39m[0m
[  34% ] [90m[1mreimport[22m | Preparing files to reimport...[39m[0m
[  34% ] [90m[1mreimport[22m | Preparing files to reimport...[39m[0m
[  34% ] [90m[1mreimport[22m | Preparing files to reimport...[39m[0m
[  34% ] [90m[1mreimport[22m | Preparing files to reimport...[39m[0m
[  34% ] [90m[1mreimport[22m | Preparing files to reimport...[39m[0m
[  34% ] [90m[1mreimport[22m | Preparing files to reimport...[39m[0m
[  34% ] [90m[1mreimport[22m | Preparing files to reimport...[39m[0m
[  34% ] [90m[1mreimport[22m | Preparing files to reimport...[39m[0m
[  34% ] [90m[1mreimport[22m | Preparing files to reimport...[39m[0m
[  34% ] [90m[1mreimport[22m | Preparing files to reimport...[39m[0m
[  34% ] [90m[1mreimport[22m | Preparing files to reimport...[39m[0m
[  34% ] [90m[1mreimport[22m | Preparing files to reimport...[39m[0m
[  34% ] [90m[1mreimport[22m | Preparing files to reimport...[39m[0m
[  34% ] [90m[1mreimport[22m | Preparing files to reimport...[39m[0m
[  34% ] [90m[1mreimport[22m | Preparing files to reimport...[39m[0m
[  34% ] [90m[1mreimport[22m | Preparing files to reimport...[39m[0m
[  34% ] [90m[1mreimport[22m | Preparing files to reimport...[39m[0m
[  34% ] [90m[1mreimport[22m | Preparing files to reimport...[39m[0m
[  34% ] [90m[1mreimport[22m | Preparing files to reimport...[39m[0m
[  34% ] [90m[1mreimport[22m | Preparing files to reimport...[39m[0m
[  34% ] [90m[1mreimport[22m | Preparing files to reimport...[39m[0m
[  34% ] [90m[1mreimport[22m | Preparing files to reimport...[39m[0m
[  34% ] [90m[1mreimport[22m | Preparing files to reimport...[39m[0m
[  34% ] [90m[1mreimport[22m | Preparing files to reimport...[39m[0m
[  34% ] [90m[1mreimport[22m | Preparing files to reimport...[39m[0m
[  34% ] [90m[1mreimport[22m | Preparing files to reimport...[39m[0m
[  34% ] [90m[1mreimport[22m | Preparing files to reimport...[39m[0m
[  34% ] [90m[1mreimport[22m | Preparing files to reimport...[39m[0m
[  34% ] [90m[1mreimport[22m | Preparing files to reimport...[39m[0m
[  34% ] [90m[1mreimport[22m | Preparing files to reimport...[39m[0m
[  34% ] [90m[1mreimport[22m | Preparing files to reimport...[39m[0m
[  35% ] [90m[1mreimport[22m | Preparing files to reimport...[39m[0m
[  35% ] [90m[1mreimport[22m | Preparing files to reimport...[39m[0m
[  35% ] [90m[1mreimport[22m | Preparing files to reimport...[39m[0m
[  35% ] [90m[1mreimport[22m | Preparing files to reimport...[39m[0m
[  35% ] [90m[1mreimport[22m | Preparing files to reimport...[39m[0m
[  35% ] [90m[1mreimport[22m | Preparing files to reimport...[39m[0m
[  35% ] [90m[1mreimport[22m | Preparing files to reimport...[39m[0m
[  35% ] [90m[1mreimport[22m | Preparing files to reimport...[39m[0m
[  35% ] [90m[1mreimport[22m | Preparing files to reimport...[39m[0m
[  35% ] [90m[1mreimport[22m | Preparing files to reimport...[39m[0m
[  35% ] [90m[1mreimport[22m | Preparing files to reimport...[39m[0m
[  35% ] [90m[1mreimport[22m | Preparing files to reimport...[39m[0m
[  35% ] [90m[1mreimport[22m | Preparing files to reimport...[39m[0m
[  35% ] [90m[1mreimport[22m | Preparing files to reimport...[39m[0m
[  35% ] [90m[1mreimport[22m | Preparing files to reimport...[39m[0m
[  35% ] [90m[1mreimport[22m | Preparing files to reimport...[39m[0m
[  35% ] [90m[1mreimport[22m | Preparing files to reimport...[39m[0m
[  35% ] [90m[1mreimport[22m | Preparing files to reimport...[39m[0m
[  35% ] [90m[1mreimport[22m | Preparing files to reimport...[39m[0m
[  35% ] [90m[1mreimport[22m | Preparing files to reimport...[39m[0m
[  35% ] [90m[1mreimport[22m | Preparing files to reimport...[39m[0m
[  35% ] [90m[1mreimport[22m | Preparing files to reimport...[39m[0m
[  35% ] [90m[1mreimport[22m | Preparing files to reimport...[39m[0m
[  35% ] [90m[1mreimport[22m | Preparing files to reimport...[39m[0m
[  35% ] [90m[1mreimport[22m | Preparing files to reimport...[39m[0m
[  35% ] [90m[1mreimport[22m | Preparing files to reimport...[39m[0m
[  35% ] [90m[1mreimport[22m | Preparing files to reimport...[39m[0m
[  35% ] [90m[1mreimport[22m | Preparing files to reimport...[39m[0m
[  35% ] [90m[1mreimport[22m | Preparing files to reimport...[39m[0m
[  35% ] [90m[1mreimport[22m | Preparing files to reimport...[39m[0m
[  35% ] [90m[1mreimport[22m | Preparing files to reimport...[39m[0m
[  35% ] [90m[1mreimport[22m | Preparing files to reimport...[39m[0m
[  35% ] [90m[1mreimport[22m | Preparing files to reimport...[39m[0m
[  35% ] [90m[1mreimport[22m | Preparing files to reimport...[39m[0m
[  35% ] [90m[1mreimport[22m | Preparing files to reimport...[39m[0m
[  35% ] [90m[1mreimport[22m | Preparing files to reimport...[39m[0m
[  35% ] [90m[1mreimport[22m | Preparing files to reimport...[39m[0m
[  35% ] [90m[1mreimport[22m | Preparing files to reimport...[39m[0m
[  35% ] [90m[1mreimport[22m | Preparing files to reimport...[39m[0m
[  36% ] [90m[1mreimport[22m | Preparing files to reimport...[39m[0m
[  36% ] [90m[1mreimport[22m | Preparing files to reimport...[39m[0m
[  36% ] [90m[1mreimport[22m | Preparing files to reimport...[39m[0m
[  36% ] [90m[1mreimport[22m | Preparing files to reimport...[39m[0m
[  36% ] [90m[1mreimport[22m | Preparing files to reimport...[39m[0m
[  36% ] [90m[1mreimport[22m | Preparing files to reimport...[39m[0m
[  36% ] [90m[1mreimport[22m | Preparing files to reimport...[39m[0m
[  36% ] [90m[1mreimport[22m | Preparing files to reimport...[39m[0m
[  36% ] [90m[1mreimport[22m | Preparing files to reimport...[39m[0m
[  36% ] [90m[1mreimport[22m | Preparing files to reimport...[39m[0m
[  36% ] [90m[1mreimport[22m | Preparing files to reimport...[39m[0m
[  36% ] [90m[1mreimport[22m | Preparing files to reimport...[39m[0m
[  36% ] [90m[1mreimport[22m | Preparing files to reimport...[39m[0m
[  36% ] [90m[1mreimport[22m | Preparing files to reimport...[39m[0m
[  36% ] [90m[1mreimport[22m | Preparing files to reimport...[39m[0m
[  36% ] [90m[1mreimport[22m | Preparing files to reimport...[39m[0m
[  36% ] [90m[1mreimport[22m | Preparing files to reimport...[39m[0m
[  36% ] [90m[1mreimport[22m | Preparing files to reimport...[39m[0m
[  36% ] [90m[1mreimport[22m | Preparing files to reimport...[39m[0m
[  36% ] [90m[1mreimport[22m | Preparing files to reimport...[39m[0m
[  36% ] [90m[1mreimport[22m | Preparing files to reimport...[39m[0m
[  36% ] [90m[1mreimport[22m | Preparing files to reimport...[39m[0m
[  36% ] [90m[1mreimport[22m | Preparing files to reimport...[39m[0m
[  36% ] [90m[1mreimport[22m | Preparing files to reimport...[39m[0m
[  36% ] [90m[1mreimport[22m | Preparing files to reimport...[39m[0m
[  36% ] [90m[1mreimport[22m | Preparing files to reimport...[39m[0m
[  36% ] [90m[1mreimport[22m | Preparing files to reimport...[39m[0m
[  36% ] [90m[1mreimport[22m | Preparing files to reimport...[39m[0m
[  36% ] [90m[1mreimport[22m | Preparing files to reimport...[39m[0m
[  36% ] [90m[1mreimport[22m | Preparing files to reimport...[39m[0m
[  36% ] [90m[1mreimport[22m | Preparing files to reimport...[39m[0m
[  36% ] [90m[1mreimport[22m | Preparing files to reimport...[39m[0m
[  36% ] [90m[1mreimport[22m | Preparing files to reimport...[39m[0m
[  36% ] [90m[1mreimport[22m | Preparing files to reimport...[39m[0m
[  36% ] [90m[1mreimport[22m | Preparing files to reimport...[39m[0m
[  36% ] [90m[1mreimport[22m | Preparing files to reimport...[39m[0m
[  36% ] [90m[1mreimport[22m | Preparing files to reimport...[39m[0m
[  36% ] [90m[1mreimport[22m | Preparing files to reimport...[39m[0m
[  36% ] [90m[1mreimport[22m | Preparing files to reimport...[39m[0m
[  36% ] [90m[1mreimport[22m | Preparing files to reimport...[39m[0m
[  37% ] [90m[1mreimport[22m | Preparing files to reimport...[39m[0m
[  37% ] [90m[1mreimport[22m | Preparing files to reimport...[39m[0m
[  37% ] [90m[1mreimport[22m | Preparing files to reimport...[39m[0m
[  37% ] [90m[1mreimport[22m | Preparing files to reimport...[39m[0m
[  37% ] [90m[1mreimport[22m | Preparing files to reimport...[39m[0m
[  37% ] [90m[1mreimport[22m | Preparing files to reimport...[39m[0m
[  37% ] [90m[1mreimport[22m | Preparing files to reimport...[39m[0m
[  37% ] [90m[1mreimport[22m | Preparing files to reimport...[39m[0m
[  37% ] [90m[1mreimport[22m | Preparing files to reimport...[39m[0m
[  37% ] [90m[1mreimport[22m | Preparing files to reimport...[39m[0m
[  37% ] [90m[1mreimport[22m | Preparing files to reimport...[39m[0m
[  37% ] [90m[1mreimport[22m | Preparing files to reimport...[39m[0m
[  37% ] [90m[1mreimport[22m | Preparing files to reimport...[39m[0m
[  37% ] [90m[1mreimport[22m | Preparing files to reimport...[39m[0m
[  37% ] [90m[1mreimport[22m | Preparing files to reimport...[39m[0m
[  37% ] [90m[1mreimport[22m | Preparing files to reimport...[39m[0m
[  37% ] [90m[1mreimport[22m | Preparing files to reimport...[39m[0m
[  37% ] [90m[1mreimport[22m | Preparing files to reimport...[39m[0m
[  37% ] [90m[1mreimport[22m | Preparing files to reimport...[39m[0m
[  37% ] [90m[1mreimport[22m | Preparing files to reimport...[39m[0m
[  37% ] [90m[1mreimport[22m | Preparing files to reimport...[39m[0m
[  37% ] [90m[1mreimport[22m | Preparing files to reimport...[39m[0m
[  37% ] [90m[1mreimport[22m | Preparing files to reimport...[39m[0m
[  37% ] [90m[1mreimport[22m | Preparing files to reimport...[39m[0m
[  37% ] [90m[1mreimport[22m | Preparing files to reimport...[39m[0m
[  37% ] [90m[1mreimport[22m | Preparing files to reimport...[39m[0m
[  37% ] [90m[1mreimport[22m | Preparing files to reimport...[39m[0m
[  37% ] [90m[1mreimport[22m | Preparing files to reimport...[39m[0m
[  37% ] [90m[1mreimport[22m | Preparing files to reimport...[39m[0m
[  37% ] [90m[1mreimport[22m | Preparing files to reimport...[39m[0m
[  37% ] [90m[1mreimport[22m | Preparing files to reimport...[39m[0m
[  37% ] [90m[1mreimport[22m | Preparing files to reimport...[39m[0m
[  37% ] [90m[1mreimport[22m | Preparing files to reimport...[39m[0m
[  37% ] [90m[1mreimport[22m | Preparing files to reimport...[39m[0m
[  37% ] [90m[1mreimport[22m | Preparing files to reimport...[39m[0m
[  37% ] [90m[1mreimport[22m | Preparing files to reimport...[39m[0m
[  37% ] [90m[1mreimport[22m | Preparing files to reimport...[39m[0m
[  37% ] [90m[1mreimport[22m | Preparing files to reimport...[39m[0m
[  37% ] [90m[1mreimport[22m | Preparing files to reimport...[39m[0m
[  38% ] [90m[1mreimport[22m | Preparing files to reimport...[39m[0m
[  38% ] [90m[1mreimport[22m | Preparing files to reimport...[39m[0m
[  38% ] [90m[1mreimport[22m | Preparing files to reimport...[39m[0m
[  38% ] [90m[1mreimport[22m | Preparing files to reimport...[39m[0m
[  38% ] [90m[1mreimport[22m | Preparing files to reimport...[39m[0m
[  38% ] [90m[1mreimport[22m | Preparing files to reimport...[39m[0m
[  38% ] [90m[1mreimport[22m | Preparing files to reimport...[39m[0m
[  38% ] [90m[1mreimport[22m | Preparing files to reimport...[39m[0m
[  38% ] [90m[1mreimport[22m | Preparing files to reimport...[39m[0m
[  38% ] [90m[1mreimport[22m | Preparing files to reimport...[39m[0m
[  38% ] [90m[1mreimport[22m | Preparing files to reimport...[39m[0m
[  38% ] [90m[1mreimport[22m | Preparing files to reimport...[39m[0m
[  38% ] [90m[1mreimport[22m | Preparing files to reimport...[39m[0m
[  38% ] [90m[1mreimport[22m | Preparing files to reimport...[39m[0m
[  38% ] [90m[1mreimport[22m | Preparing files to reimport...[39m[0m
[  38% ] [90m[1mreimport[22m | Preparing files to reimport...[39m[0m
[  38% ] [90m[1mreimport[22m | Preparing files to reimport...[39m[0m
[  38% ] [90m[1mreimport[22m | Preparing files to reimport...[39m[0m
[  38% ] [90m[1mreimport[22m | Preparing files to reimport...[39m[0m
[  38% ] [90m[1mreimport[22m | Preparing files to reimport...[39m[0m
[  38% ] [90m[1mreimport[22m | Preparing files to reimport...[39m[0m
[  38% ] [90m[1mreimport[22m | Preparing files to reimport...[39m[0m
[  38% ] [90m[1mreimport[22m | Preparing files to reimport...[39m[0m
[  38% ] [90m[1mreimport[22m | Preparing files to reimport...[39m[0m
[  38% ] [90m[1mreimport[22m | Preparing files to reimport...[39m[0m
[  38% ] [90m[1mreimport[22m | Preparing files to reimport...[39m[0m
[  38% ] [90m[1mreimport[22m | Preparing files to reimport...[39m[0m
[  38% ] [90m[1mreimport[22m | Preparing files to reimport...[39m[0m
[  38% ] [90m[1mreimport[22m | Preparing files to reimport...[39m[0m
[  38% ] [90m[1mreimport[22m | Preparing files to reimport...[39m[0m
[  38% ] [90m[1mreimport[22m | Preparing files to reimport...[39m[0m
[  38% ] [90m[1mreimport[22m | Preparing files to reimport...[39m[0m
[  38% ] [90m[1mreimport[22m | Preparing files to reimport...[39m[0m
[  38% ] [90m[1mreimport[22m | Preparing files to reimport...[39m[0m
[  38% ] [90m[1mreimport[22m | Preparing files to reimport...[39m[0m
[  38% ] [90m[1mreimport[22m | Preparing files to reimport...[39m[0m
[  38% ] [90m[1mreimport[22m | Preparing files to reimport...[39m[0m
[  38% ] [90m[1mreimport[22m | Preparing files to reimport...[39m[0m
[  38% ] [90m[1mreimport[22m | Preparing files to reimport...[39m[0m
[  38% ] [90m[1mreimport[22m | Preparing files to reimport...[39m[0m
[  39% ] [90m[1mreimport[22m | Preparing files to reimport...[39m[0m
[  39% ] [90m[1mreimport[22m | Preparing files to reimport...[39m[0m
[  39% ] [90m[1mreimport[22m | Preparing files to reimport...[39m[0m
[  39% ] [90m[1mreimport[22m | Preparing files to reimport...[39m[0m
[  39% ] [90m[1mreimport[22m | Preparing files to reimport...[39m[0m
[  39% ] [90m[1mreimport[22m | Preparing files to reimport...[39m[0m
[  39% ] [90m[1mreimport[22m | Preparing files to reimport...[39m[0m
[  39% ] [90m[1mreimport[22m | Preparing files to reimport...[39m[0m
[  39% ] [90m[1mreimport[22m | Preparing files to reimport...[39m[0m
[  39% ] [90m[1mreimport[22m | Preparing files to reimport...[39m[0m
[  39% ] [90m[1mreimport[22m | Preparing files to reimport...[39m[0m
[  39% ] [90m[1mreimport[22m | Preparing files to reimport...[39m[0m
[  39% ] [90m[1mreimport[22m | Preparing files to reimport...[39m[0m
[  39% ] [90m[1mreimport[22m | Preparing files to reimport...[39m[0m
[  39% ] [90m[1mreimport[22m | Preparing files to reimport...[39m[0m
[  39% ] [90m[1mreimport[22m | Preparing files to reimport...[39m[0m
[  39% ] [90m[1mreimport[22m | Preparing files to reimport...[39m[0m
[  39% ] [90m[1mreimport[22m | Preparing files to reimport...[39m[0m
[  39% ] [90m[1mreimport[22m | Preparing files to reimport...[39m[0m
[  39% ] [90m[1mreimport[22m | Preparing files to reimport...[39m[0m
[  39% ] [90m[1mreimport[22m | Preparing files to reimport...[39m[0m
[  39% ] [90m[1mreimport[22m | Preparing files to reimport...[39m[0m
[  39% ] [90m[1mreimport[22m | Preparing files to reimport...[39m[0m
[  39% ] [90m[1mreimport[22m | Preparing files to reimport...[39m[0m
[  39% ] [90m[1mreimport[22m | Preparing files to reimport...[39m[0m
[  39% ] [90m[1mreimport[22m | Preparing files to reimport...[39m[0m
[  39% ] [90m[1mreimport[22m | Preparing files to reimport...[39m[0m
[  39% ] [90m[1mreimport[22m | Preparing files to reimport...[39m[0m
[  39% ] [90m[1mreimport[22m | Preparing files to reimport...[39m[0m
[  39% ] [90m[1mreimport[22m | Preparing files to reimport...[39m[0m
[  39% ] [90m[1mreimport[22m | Preparing files to reimport...[39m[0m
[  39% ] [90m[1mreimport[22m | Preparing files to reimport...[39m[0m
[  39% ] [90m[1mreimport[22m | Preparing files to reimport...[39m[0m
[  39% ] [90m[1mreimport[22m | Preparing files to reimport...[39m[0m
[  39% ] [90m[1mreimport[22m | Preparing files to reimport...[39m[0m
[  39% ] [90m[1mreimport[22m | Preparing files to reimport...[39m[0m
[  39% ] [90m[1mreimport[22m | Preparing files to reimport...[39m[0m
[  39% ] [90m[1mreimport[22m | Preparing files to reimport...[39m[0m
[  39% ] [90m[1mreimport[22m | Preparing files to reimport...[39m[0m
[  40% ] [90m[1mreimport[22m | Preparing files to reimport...[39m[0m
[  40% ] [90m[1mreimport[22m | Preparing files to reimport...[39m[0m
[  40% ] [90m[1mreimport[22m | Preparing files to reimport...[39m[0m
[  40% ] [90m[1mreimport[22m | Preparing files to reimport...[39m[0m
[  40% ] [90m[1mreimport[22m | Preparing files to reimport...[39m[0m
[  40% ] [90m[1mreimport[22m | Preparing files to reimport...[39m[0m
[  40% ] [90m[1mreimport[22m | Preparing files to reimport...[39m[0m
[  40% ] [90m[1mreimport[22m | Preparing files to reimport...[39m[0m
[  40% ] [90m[1mreimport[22m | Preparing files to reimport...[39m[0m
[  40% ] [90m[1mreimport[22m | Preparing files to reimport...[39m[0m
[  40% ] [90m[1mreimport[22m | Preparing files to reimport...[39m[0m
[  40% ] [90m[1mreimport[22m | Preparing files to reimport...[39m[0m
[  40% ] [90m[1mreimport[22m | Preparing files to reimport...[39m[0m
[  40% ] [90m[1mreimport[22m | Preparing files to reimport...[39m[0m
[  40% ] [90m[1mreimport[22m | Preparing files to reimport...[39m[0m
[  40% ] [90m[1mreimport[22m | Preparing files to reimport...[39m[0m
[  40% ] [90m[1mreimport[22m | Preparing files to reimport...[39m[0m
[  40% ] [90m[1mreimport[22m | Preparing files to reimport...[39m[0m
[  40% ] [90m[1mreimport[22m | Preparing files to reimport...[39m[0m
[  40% ] [90m[1mreimport[22m | Preparing files to reimport...[39m[0m
[  40% ] [90m[1mreimport[22m | Preparing files to reimport...[39m[0m
[  40% ] [90m[1mreimport[22m | Preparing files to reimport...[39m[0m
[  40% ] [90m[1mreimport[22m | Preparing files to reimport...[39m[0m
[  40% ] [90m[1mreimport[22m | Preparing files to reimport...[39m[0m
[  40% ] [90m[1mreimport[22m | Preparing files to reimport...[39m[0m
[  40% ] [90m[1mreimport[22m | Preparing files to reimport...[39m[0m
[  40% ] [90m[1mreimport[22m | Preparing files to reimport...[39m[0m
[  40% ] [90m[1mreimport[22m | Preparing files to reimport...[39m[0m
[  40% ] [90m[1mreimport[22m | Preparing files to reimport...[39m[0m
[  40% ] [90m[1mreimport[22m | Preparing files to reimport...[39m[0m
[  40% ] [90m[1mreimport[22m | Preparing files to reimport...[39m[0m
[  40% ] [90m[1mreimport[22m | Preparing files to reimport...[39m[0m
[  40% ] [90m[1mreimport[22m | Preparing files to reimport...[39m[0m
[  40% ] [90m[1mreimport[22m | Preparing files to reimport...[39m[0m
[  40% ] [90m[1mreimport[22m | Preparing files to reimport...[39m[0m
[  40% ] [90m[1mreimport[22m | Preparing files to reimport...[39m[0m
[  40% ] [90m[1mreimport[22m | Preparing files to reimport...[39m[0m
[  40% ] [90m[1mreimport[22m | Preparing files to reimport...[39m[0m
[  40% ] [90m[1mreimport[22m | Preparing files to reimport...[39m[0m
[  40% ] [90m[1mreimport[22m | Preparing files to reimport...[39m[0m
[  41% ] [90m[1mreimport[22m | Preparing files to reimport...[39m[0m
[  41% ] [90m[1mreimport[22m | Preparing files to reimport...[39m[0m
[  41% ] [90m[1mreimport[22m | Preparing files to reimport...[39m[0m
[  41% ] [90m[1mreimport[22m | Preparing files to reimport...[39m[0m
[  41% ] [90m[1mreimport[22m | Preparing files to reimport...[39m[0m
[  41% ] [90m[1mreimport[22m | Preparing files to reimport...[39m[0m
[  41% ] [90m[1mreimport[22m | Preparing files to reimport...[39m[0m
[  41% ] [90m[1mreimport[22m | Preparing files to reimport...[39m[0m
[  41% ] [90m[1mreimport[22m | Preparing files to reimport...[39m[0m
[  41% ] [90m[1mreimport[22m | Preparing files to reimport...[39m[0m
[  41% ] [90m[1mreimport[22m | Preparing files to reimport...[39m[0m
[  41% ] [90m[1mreimport[22m | Preparing files to reimport...[39m[0m
[  41% ] [90m[1mreimport[22m | Preparing files to reimport...[39m[0m
[  41% ] [90m[1mreimport[22m | Preparing files to reimport...[39m[0m
[  41% ] [90m[1mreimport[22m | Preparing files to reimport...[39m[0m
[  41% ] [90m[1mreimport[22m | Preparing files to reimport...[39m[0m
[  41% ] [90m[1mreimport[22m | Preparing files to reimport...[39m[0m
[  41% ] [90m[1mreimport[22m | Preparing files to reimport...[39m[0m
[  41% ] [90m[1mreimport[22m | Preparing files to reimport...[39m[0m
[  41% ] [90m[1mreimport[22m | Preparing files to reimport...[39m[0m
[  41% ] [90m[1mreimport[22m | Preparing files to reimport...[39m[0m
[  41% ] [90m[1mreimport[22m | Preparing files to reimport...[39m[0m
[  41% ] [90m[1mreimport[22m | Preparing files to reimport...[39m[0m
[  41% ] [90m[1mreimport[22m | Preparing files to reimport...[39m[0m
[  41% ] [90m[1mreimport[22m | Preparing files to reimport...[39m[0m
[  41% ] [90m[1mreimport[22m | Preparing files to reimport...[39m[0m
[  41% ] [90m[1mreimport[22m | Preparing files to reimport...[39m[0m
[  41% ] [90m[1mreimport[22m | Preparing files to reimport...[39m[0m
[  41% ] [90m[1mreimport[22m | Preparing files to reimport...[39m[0m
[  41% ] [90m[1mreimport[22m | Preparing files to reimport...[39m[0m
[  41% ] [90m[1mreimport[22m | Preparing files to reimport...[39m[0m
[  41% ] [90m[1mreimport[22m | Preparing files to reimport...[39m[0m
[  41% ] [90m[1mreimport[22m | Preparing files to reimport...[39m[0m
[  41% ] [90m[1mreimport[22m | Preparing files to reimport...[39m[0m
[  41% ] [90m[1mreimport[22m | Preparing files to reimport...[39m[0m
[  41% ] [90m[1mreimport[22m | Preparing files to reimport...[39m[0m
[  41% ] [90m[1mreimport[22m | Preparing files to reimport...[39m[0m
[  41% ] [90m[1mreimport[22m | Preparing files to reimport...[39m[0m
[  41% ] [90m[1mreimport[22m | Preparing files to reimport...[39m[0m
[  41% ] [90m[1mreimport[22m | Preparing files to reimport...[39m[0m
[  42% ] [90m[1mreimport[22m | Preparing files to reimport...[39m[0m
[  42% ] [90m[1mreimport[22m | Preparing files to reimport...[39m[0m
[  42% ] [90m[1mreimport[22m | Preparing files to reimport...[39m[0m
[  42% ] [90m[1mreimport[22m | Preparing files to reimport...[39m[0m
[  42% ] [90m[1mreimport[22m | Preparing files to reimport...[39m[0m
[  42% ] [90m[1mreimport[22m | Preparing files to reimport...[39m[0m
[  42% ] [90m[1mreimport[22m | Preparing files to reimport...[39m[0m
[  42% ] [90m[1mreimport[22m | Preparing files to reimport...[39m[0m
[  42% ] [90m[1mreimport[22m | Preparing files to reimport...[39m[0m
[  42% ] [90m[1mreimport[22m | Preparing files to reimport...[39m[0m
[  42% ] [90m[1mreimport[22m | Preparing files to reimport...[39m[0m
[  42% ] [90m[1mreimport[22m | Preparing files to reimport...[39m[0m
[  42% ] [90m[1mreimport[22m | Preparing files to reimport...[39m[0m
[  42% ] [90m[1mreimport[22m | Preparing files to reimport...[39m[0m
[  42% ] [90m[1mreimport[22m | Preparing files to reimport...[39m[0m
[  42% ] [90m[1mreimport[22m | Preparing files to reimport...[39m[0m
[  42% ] [90m[1mreimport[22m | Preparing files to reimport...[39m[0m
[  42% ] [90m[1mreimport[22m | Preparing files to reimport...[39m[0m
[  42% ] [90m[1mreimport[22m | Preparing files to reimport...[39m[0m
[  42% ] [90m[1mreimport[22m | Preparing files to reimport...[39m[0m
[  42% ] [90m[1mreimport[22m | Preparing files to reimport...[39m[0m
[  42% ] [90m[1mreimport[22m | Preparing files to reimport...[39m[0m
[  42% ] [90m[1mreimport[22m | Preparing files to reimport...[39m[0m
[  42% ] [90m[1mreimport[22m | Preparing files to reimport...[39m[0m
[  42% ] [90m[1mreimport[22m | Preparing files to reimport...[39m[0m
[  42% ] [90m[1mreimport[22m | Preparing files to reimport...[39m[0m
[  42% ] [90m[1mreimport[22m | Preparing files to reimport...[39m[0m
[  42% ] [90m[1mreimport[22m | Preparing files to reimport...[39m[0m
[  42% ] [90m[1mreimport[22m | Preparing files to reimport...[39m[0m
[  42% ] [90m[1mreimport[22m | Preparing files to reimport...[39m[0m
[  42% ] [90m[1mreimport[22m | Preparing files to reimport...[39m[0m
[  42% ] [90m[1mreimport[22m | Preparing files to reimport...[39m[0m
[  42% ] [90m[1mreimport[22m | Preparing files to reimport...[39m[0m
[  42% ] [90m[1mreimport[22m | Preparing files to reimport...[39m[0m
[  42% ] [90m[1mreimport[22m | Preparing files to reimport...[39m[0m
[  42% ] [90m[1mreimport[22m | Preparing files to reimport...[39m[0m
[  42% ] [90m[1mreimport[22m | Preparing files to reimport...[39m[0m
[  42% ] [90m[1mreimport[22m | Preparing files to reimport...[39m[0m
[  42% ] [90m[1mreimport[22m | Preparing files to reimport...[39m[0m
[  43% ] [90m[1mreimport[22m | Preparing files to reimport...[39m[0m
[  43% ] [90m[1mreimport[22m | Preparing files to reimport...[39m[0m
[  43% ] [90m[1mreimport[22m | Preparing files to reimport...[39m[0m
[  43% ] [90m[1mreimport[22m | Preparing files to reimport...[39m[0m
[  43% ] [90m[1mreimport[22m | Preparing files to reimport...[39m[0m
[  43% ] [90m[1mreimport[22m | Preparing files to reimport...[39m[0m
[  43% ] [90m[1mreimport[22m | Preparing files to reimport...[39m[0m
[  43% ] [90m[1mreimport[22m | Preparing files to reimport...[39m[0m
[  43% ] [90m[1mreimport[22m | Preparing files to reimport...[39m[0m
[  43% ] [90m[1mreimport[22m | Preparing files to reimport...[39m[0m
[  43% ] [90m[1mreimport[22m | Preparing files to reimport...[39m[0m
[  43% ] [90m[1mreimport[22m | Preparing files to reimport...[39m[0m
[  43% ] [90m[1mreimport[22m | Preparing files to reimport...[39m[0m
[  43% ] [90m[1mreimport[22m | Preparing files to reimport...[39m[0m
[  43% ] [90m[1mreimport[22m | Preparing files to reimport...[39m[0m
[  43% ] [90m[1mreimport[22m | Preparing files to reimport...[39m[0m
[  43% ] [90m[1mreimport[22m | Preparing files to reimport...[39m[0m
[  43% ] [90m[1mreimport[22m | Preparing files to reimport...[39m[0m
[  43% ] [90m[1mreimport[22m | Preparing files to reimport...[39m[0m
[  43% ] [90m[1mreimport[22m | Preparing files to reimport...[39m[0m
[  43% ] [90m[1mreimport[22m | Preparing files to reimport...[39m[0m
[  43% ] [90m[1mreimport[22m | Preparing files to reimport...[39m[0m
[  43% ] [90m[1mreimport[22m | Preparing files to reimport...[39m[0m
[  43% ] [90m[1mreimport[22m | Preparing files to reimport...[39m[0m
[  43% ] [90m[1mreimport[22m | Preparing files to reimport...[39m[0m
[  43% ] [90m[1mreimport[22m | Preparing files to reimport...[39m[0m
[  43% ] [90m[1mreimport[22m | Preparing files to reimport...[39m[0m
[  43% ] [90m[1mreimport[22m | Preparing files to reimport...[39m[0m
[  43% ] [90m[1mreimport[22m | Preparing files to reimport...[39m[0m
[  43% ] [90m[1mreimport[22m | Preparing files to reimport...[39m[0m
[  43% ] [90m[1mreimport[22m | Preparing files to reimport...[39m[0m
[  43% ] [90m[1mreimport[22m | Preparing files to reimport...[39m[0m
[  43% ] [90m[1mreimport[22m | Preparing files to reimport...[39m[0m
[  43% ] [90m[1mreimport[22m | Preparing files to reimport...[39m[0m
[  43% ] [90m[1mreimport[22m | Preparing files to reimport...[39m[0m
[  43% ] [90m[1mreimport[22m | Preparing files to reimport...[39m[0m
[  43% ] [90m[1mreimport[22m | Preparing files to reimport...[39m[0m
[  43% ] [90m[1mreimport[22m | Preparing files to reimport...[39m[0m
[  43% ] [90m[1mreimport[22m | Preparing files to reimport...[39m[0m
[  43% ] [90m[1mreimport[22m | Preparing files to reimport...[39m[0m
[  44% ] [90m[1mreimport[22m | Preparing files to reimport...[39m[0m
[  44% ] [90m[1mreimport[22m | Preparing files to reimport...[39m[0m
[  44% ] [90m[1mreimport[22m | Preparing files to reimport...[39m[0m
[  44% ] [90m[1mreimport[22m | Preparing files to reimport...[39m[0m
[  44% ] [90m[1mreimport[22m | Preparing files to reimport...[39m[0m
[  44% ] [90m[1mreimport[22m | Preparing files to reimport...[39m[0m
[  44% ] [90m[1mreimport[22m | Preparing files to reimport...[39m[0m
[  44% ] [90m[1mreimport[22m | Preparing files to reimport...[39m[0m
[  44% ] [90m[1mreimport[22m | Preparing files to reimport...[39m[0m
[  44% ] [90m[1mreimport[22m | Preparing files to reimport...[39m[0m
[  44% ] [90m[1mreimport[22m | Preparing files to reimport...[39m[0m
[  44% ] [90m[1mreimport[22m | Preparing files to reimport...[39m[0m
[  44% ] [90m[1mreimport[22m | Preparing files to reimport...[39m[0m
[  44% ] [90m[1mreimport[22m | Preparing files to reimport...[39m[0m
[  44% ] [90m[1mreimport[22m | Preparing files to reimport...[39m[0m
[  44% ] [90m[1mreimport[22m | Preparing files to reimport...[39m[0m
[  44% ] [90m[1mreimport[22m | Preparing files to reimport...[39m[0m
[  44% ] [90m[1mreimport[22m | Preparing files to reimport...[39m[0m
[  44% ] [90m[1mreimport[22m | Preparing files to reimport...[39m[0m
[  44% ] [90m[1mreimport[22m | Preparing files to reimport...[39m[0m
[  44% ] [90m[1mreimport[22m | Preparing files to reimport...[39m[0m
[  44% ] [90m[1mreimport[22m | Preparing files to reimport...[39m[0m
[  44% ] [90m[1mreimport[22m | Preparing files to reimport...[39m[0m
[  44% ] [90m[1mreimport[22m | Preparing files to reimport...[39m[0m
[  44% ] [90m[1mreimport[22m | Preparing files to reimport...[39m[0m
[  44% ] [90m[1mreimport[22m | Preparing files to reimport...[39m[0m
[  44% ] [90m[1mreimport[22m | Preparing files to reimport...[39m[0m
[  44% ] [90m[1mreimport[22m | Preparing files to reimport...[39m[0m
[  44% ] [90m[1mreimport[22m | Preparing files to reimport...[39m[0m
[  44% ] [90m[1mreimport[22m | Preparing files to reimport...[39m[0m
[  44% ] [90m[1mreimport[22m | Preparing files to reimport...[39m[0m
[  44% ] [90m[1mreimport[22m | Preparing files to reimport...[39m[0m
[  44% ] [90m[1mreimport[22m | Preparing files to reimport...[39m[0m
[  44% ] [90m[1mreimport[22m | Preparing files to reimport...[39m[0m
[  44% ] [90m[1mreimport[22m | Preparing files to reimport...[39m[0m
[  44% ] [90m[1mreimport[22m | Preparing files to reimport...[39m[0m
[  44% ] [90m[1mreimport[22m | Preparing files to reimport...[39m[0m
[  44% ] [90m[1mreimport[22m | Preparing files to reimport...[39m[0m
[  44% ] [90m[1mreimport[22m | Preparing files to reimport...[39m[0m
[  45% ] [90m[1mreimport[22m | Preparing files to reimport...[39m[0m
[  45% ] [90m[1mreimport[22m | Preparing files to reimport...[39m[0m
[  45% ] [90m[1mreimport[22m | Preparing files to reimport...[39m[0m
[  45% ] [90m[1mreimport[22m | Preparing files to reimport...[39m[0m
[  45% ] [90m[1mreimport[22m | Preparing files to reimport...[39m[0m
[  45% ] [90m[1mreimport[22m | Preparing files to reimport...[39m[0m
[  45% ] [90m[1mreimport[22m | Preparing files to reimport...[39m[0m
[  45% ] [90m[1mreimport[22m | Preparing files to reimport...[39m[0m
[  45% ] [90m[1mreimport[22m | Preparing files to reimport...[39m[0m
[  45% ] [90m[1mreimport[22m | Preparing files to reimport...[39m[0m
[  45% ] [90m[1mreimport[22m | Preparing files to reimport...[39m[0m
[  45% ] [90m[1mreimport[22m | Preparing files to reimport...[39m[0m
[  45% ] [90m[1mreimport[22m | Preparing files to reimport...[39m[0m
[  45% ] [90m[1mreimport[22m | Preparing files to reimport...[39m[0m
[  45% ] [90m[1mreimport[22m | Preparing files to reimport...[39m[0m
[  45% ] [90m[1mreimport[22m | Preparing files to reimport...[39m[0m
[  45% ] [90m[1mreimport[22m | Preparing files to reimport...[39m[0m
[  45% ] [90m[1mreimport[22m | Preparing files to reimport...[39m[0m
[  45% ] [90m[1mreimport[22m | Preparing files to reimport...[39m[0m
[  45% ] [90m[1mreimport[22m | Preparing files to reimport...[39m[0m
[  45% ] [90m[1mreimport[22m | Preparing files to reimport...[39m[0m
[  45% ] [90m[1mreimport[22m | Preparing files to reimport...[39m[0m
[  45% ] [90m[1mreimport[22m | Preparing files to reimport...[39m[0m
[  45% ] [90m[1mreimport[22m | Preparing files to reimport...[39m[0m
[  45% ] [90m[1mreimport[22m | Preparing files to reimport...[39m[0m
[  45% ] [90m[1mreimport[22m | Preparing files to reimport...[39m[0m
[  45% ] [90m[1mreimport[22m | Preparing files to reimport...[39m[0m
[  45% ] [90m[1mreimport[22m | Preparing files to reimport...[39m[0m
[  45% ] [90m[1mreimport[22m | Preparing files to reimport...[39m[0m
[  45% ] [90m[1mreimport[22m | Preparing files to reimport...[39m[0m
[  45% ] [90m[1mreimport[22m | Preparing files to reimport...[39m[0m
[  45% ] [90m[1mreimport[22m | Preparing files to reimport...[39m[0m
[  45% ] [90m[1mreimport[22m | Preparing files to reimport...[39m[0m
[  45% ] [90m[1mreimport[22m | Preparing files to reimport...[39m[0m
[  45% ] [90m[1mreimport[22m | Preparing files to reimport...[39m[0m
[  45% ] [90m[1mreimport[22m | Preparing files to reimport...[39m[0m
[  45% ] [90m[1mreimport[22m | Preparing files to reimport...[39m[0m
[  45% ] [90m[1mreimport[22m | Preparing files to reimport...[39m[0m
[  45% ] [90m[1mreimport[22m | Preparing files to reimport...[39m[0m
[  45% ] [90m[1mreimport[22m | Preparing files to reimport...[39m[0m
[  46% ] [90m[1mreimport[22m | Preparing files to reimport...[39m[0m
[  46% ] [90m[1mreimport[22m | Preparing files to reimport...[39m[0m
[  46% ] [90m[1mreimport[22m | Preparing files to reimport...[39m[0m
[  46% ] [90m[1mreimport[22m | Preparing files to reimport...[39m[0m
[  46% ] [90m[1mreimport[22m | Preparing files to reimport...[39m[0m
[  46% ] [90m[1mreimport[22m | Preparing files to reimport...[39m[0m
[  46% ] [90m[1mreimport[22m | Preparing files to reimport...[39m[0m
[  46% ] [90m[1mreimport[22m | Preparing files to reimport...[39m[0m
[  46% ] [90m[1mreimport[22m | Preparing files to reimport...[39m[0m
[  46% ] [90m[1mreimport[22m | Preparing files to reimport...[39m[0m
[  46% ] [90m[1mreimport[22m | Preparing files to reimport...[39m[0m
[  46% ] [90m[1mreimport[22m | Preparing files to reimport...[39m[0m
[  46% ] [90m[1mreimport[22m | Preparing files to reimport...[39m[0m
[  46% ] [90m[1mreimport[22m | Preparing files to reimport...[39m[0m
[  46% ] [90m[1mreimport[22m | Preparing files to reimport...[39m[0m
[  46% ] [90m[1mreimport[22m | Preparing files to reimport...[39m[0m
[  46% ] [90m[1mreimport[22m | Preparing files to reimport...[39m[0m
[  46% ] [90m[1mreimport[22m | Preparing files to reimport...[39m[0m
[  46% ] [90m[1mreimport[22m | Preparing files to reimport...[39m[0m
[  46% ] [90m[1mreimport[22m | Preparing files to reimport...[39m[0m
[  46% ] [90m[1mreimport[22m | Preparing files to reimport...[39m[0m
[  46% ] [90m[1mreimport[22m | Preparing files to reimport...[39m[0m
[  46% ] [90m[1mreimport[22m | Preparing files to reimport...[39m[0m
[  46% ] [90m[1mreimport[22m | Preparing files to reimport...[39m[0m
[  46% ] [90m[1mreimport[22m | Preparing files to reimport...[39m[0m
[  46% ] [90m[1mreimport[22m | Preparing files to reimport...[39m[0m
[  46% ] [90m[1mreimport[22m | Preparing files to reimport...[39m[0m
[  46% ] [90m[1mreimport[22m | Preparing files to reimport...[39m[0m
[  46% ] [90m[1mreimport[22m | Preparing files to reimport...[39m[0m
[  46% ] [90m[1mreimport[22m | Preparing files to reimport...[39m[0m
[  46% ] [90m[1mreimport[22m | Preparing files to reimport...[39m[0m
[  46% ] [90m[1mreimport[22m | Preparing files to reimport...[39m[0m
[  46% ] [90m[1mreimport[22m | Preparing files to reimport...[39m[0m
[  46% ] [90m[1mreimport[22m | Preparing files to reimport...[39m[0m
[  46% ] [90m[1mreimport[22m | Preparing files to reimport...[39m[0m
[  46% ] [90m[1mreimport[22m | Preparing files to reimport...[39m[0m
[  46% ] [90m[1mreimport[22m | Preparing files to reimport...[39m[0m
[  46% ] [90m[1mreimport[22m | Preparing files to reimport...[39m[0m
[  46% ] [90m[1mreimport[22m | Preparing files to reimport...[39m[0m
[  47% ] [90m[1mreimport[22m | Preparing files to reimport...[39m[0m
[  47% ] [90m[1mreimport[22m | Preparing files to reimport...[39m[0m
[  47% ] [90m[1mreimport[22m | Preparing files to reimport...[39m[0m
[  47% ] [90m[1mreimport[22m | Preparing files to reimport...[39m[0m
[  47% ] [90m[1mreimport[22m | Preparing files to reimport...[39m[0m
[  47% ] [90m[1mreimport[22m | Preparing files to reimport...[39m[0m
[  47% ] [90m[1mreimport[22m | Preparing files to reimport...[39m[0m
[  47% ] [90m[1mreimport[22m | Preparing files to reimport...[39m[0m
[  47% ] [90m[1mreimport[22m | Preparing files to reimport...[39m[0m
[  47% ] [90m[1mreimport[22m | Preparing files to reimport...[39m[0m
[  47% ] [90m[1mreimport[22m | Preparing files to reimport...[39m[0m
[  47% ] [90m[1mreimport[22m | Preparing files to reimport...[39m[0m
[  47% ] [90m[1mreimport[22m | Preparing files to reimport...[39m[0m
[  47% ] [90m[1mreimport[22m | Preparing files to reimport...[39m[0m
[  47% ] [90m[1mreimport[22m | Preparing files to reimport...[39m[0m
[  47% ] [90m[1mreimport[22m | Preparing files to reimport...[39m[0m
[  47% ] [90m[1mreimport[22m | Preparing files to reimport...[39m[0m
[  47% ] [90m[1mreimport[22m | Preparing files to reimport...[39m[0m
[  47% ] [90m[1mreimport[22m | Preparing files to reimport...[39m[0m
[  47% ] [90m[1mreimport[22m | Preparing files to reimport...[39m[0m
[  47% ] [90m[1mreimport[22m | Preparing files to reimport...[39m[0m
[  47% ] [90m[1mreimport[22m | Preparing files to reimport...[39m[0m
[  47% ] [90m[1mreimport[22m | Preparing files to reimport...[39m[0m
[  47% ] [90m[1mreimport[22m | Preparing files to reimport...[39m[0m
[  47% ] [90m[1mreimport[22m | Preparing files to reimport...[39m[0m
[  47% ] [90m[1mreimport[22m | Preparing files to reimport...[39m[0m
[  47% ] [90m[1mreimport[22m | Preparing files to reimport...[39m[0m
[  47% ] [90m[1mreimport[22m | Preparing files to reimport...[39m[0m
[  47% ] [90m[1mreimport[22m | Preparing files to reimport...[39m[0m
[  47% ] [90m[1mreimport[22m | Preparing files to reimport...[39m[0m
[  47% ] [90m[1mreimport[22m | Preparing files to reimport...[39m[0m
[  47% ] [90m[1mreimport[22m | Preparing files to reimport...[39m[0m
[  47% ] [90m[1mreimport[22m | Preparing files to reimport...[39m[0m
[  47% ] [90m[1mreimport[22m | Preparing files to reimport...[39m[0m
[  47% ] [90m[1mreimport[22m | Preparing files to reimport...[39m[0m
[  47% ] [90m[1mreimport[22m | Preparing files to reimport...[39m[0m
[  47% ] [90m[1mreimport[22m | Preparing files to reimport...[39m[0m
[  47% ] [90m[1mreimport[22m | Preparing files to reimport...[39m[0m
[  47% ] [90m[1mreimport[22m | Preparing files to reimport...[39m[0m
[  47% ] [90m[1mreimport[22m | Preparing files to reimport...[39m[0m
[  48% ] [90m[1mreimport[22m | Preparing files to reimport...[39m[0m
[  48% ] [90m[1mreimport[22m | Preparing files to reimport...[39m[0m
[  48% ] [90m[1mreimport[22m | Preparing files to reimport...[39m[0m
[  48% ] [90m[1mreimport[22m | Preparing files to reimport...[39m[0m
[  48% ] [90m[1mreimport[22m | Preparing files to reimport...[39m[0m
[  48% ] [90m[1mreimport[22m | Preparing files to reimport...[39m[0m
[  48% ] [90m[1mreimport[22m | Preparing files to reimport...[39m[0m
[  48% ] [90m[1mreimport[22m | Preparing files to reimport...[39m[0m
[  48% ] [90m[1mreimport[22m | Preparing files to reimport...[39m[0m
[  48% ] [90m[1mreimport[22m | Preparing files to reimport...[39m[0m
[  48% ] [90m[1mreimport[22m | Preparing files to reimport...[39m[0m
[  48% ] [90m[1mreimport[22m | Preparing files to reimport...[39m[0m
[  48% ] [90m[1mreimport[22m | Preparing files to reimport...[39m[0m
[  48% ] [90m[1mreimport[22m | Preparing files to reimport...[39m[0m
[  48% ] [90m[1mreimport[22m | Preparing files to reimport...[39m[0m
[  48% ] [90m[1mreimport[22m | Preparing files to reimport...[39m[0m
[  48% ] [90m[1mreimport[22m | Preparing files to reimport...[39m[0m
[  48% ] [90m[1mreimport[22m | Preparing files to reimport...[39m[0m
[  48% ] [90m[1mreimport[22m | Preparing files to reimport...[39m[0m
[  48% ] [90m[1mreimport[22m | Preparing files to reimport...[39m[0m
[  48% ] [90m[1mreimport[22m | Preparing files to reimport...[39m[0m
[  48% ] [90m[1mreimport[22m | Preparing files to reimport...[39m[0m
[  48% ] [90m[1mreimport[22m | Preparing files to reimport...[39m[0m
[  48% ] [90m[1mreimport[22m | Preparing files to reimport...[39m[0m
[  48% ] [90m[1mreimport[22m | Preparing files to reimport...[39m[0m
[  48% ] [90m[1mreimport[22m | Preparing files to reimport...[39m[0m
[  48% ] [90m[1mreimport[22m | Preparing files to reimport...[39m[0m
[  48% ] [90m[1mreimport[22m | Preparing files to reimport...[39m[0m
[  48% ] [90m[1mreimport[22m | Preparing files to reimport...[39m[0m
[  48% ] [90m[1mreimport[22m | Preparing files to reimport...[39m[0m
[  48% ] [90m[1mreimport[22m | Preparing files to reimport...[39m[0m
[  48% ] [90m[1mreimport[22m | Preparing files to reimport...[39m[0m
[  48% ] [90m[1mreimport[22m | Preparing files to reimport...[39m[0m
[  48% ] [90m[1mreimport[22m | Preparing files to reimport...[39m[0m
[  48% ] [90m[1mreimport[22m | Preparing files to reimport...[39m[0m
[  48% ] [90m[1mreimport[22m | Preparing files to reimport...[39m[0m
[  48% ] [90m[1mreimport[22m | Preparing files to reimport...[39m[0m
[  48% ] [90m[1mreimport[22m | Preparing files to reimport...[39m[0m
[  48% ] [90m[1mreimport[22m | Preparing files to reimport...[39m[0m
[  49% ] [90m[1mreimport[22m | Preparing files to reimport...[39m[0m
[  49% ] [90m[1mreimport[22m | Preparing files to reimport...[39m[0m
[  49% ] [90m[1mreimport[22m | Preparing files to reimport...[39m[0m
[  49% ] [90m[1mreimport[22m | Preparing files to reimport...[39m[0m
[  49% ] [90m[1mreimport[22m | Preparing files to reimport...[39m[0m
[  49% ] [90m[1mreimport[22m | Preparing files to reimport...[39m[0m
[  49% ] [90m[1mreimport[22m | Preparing files to reimport...[39m[0m
[  49% ] [90m[1mreimport[22m | Preparing files to reimport...[39m[0m
[  49% ] [90m[1mreimport[22m | Preparing files to reimport...[39m[0m
[  49% ] [90m[1mreimport[22m | Preparing files to reimport...[39m[0m
[  49% ] [90m[1mreimport[22m | Preparing files to reimport...[39m[0m
[  49% ] [90m[1mreimport[22m | Preparing files to reimport...[39m[0m
[  49% ] [90m[1mreimport[22m | Preparing files to reimport...[39m[0m
[  49% ] [90m[1mreimport[22m | Preparing files to reimport...[39m[0m
[  49% ] [90m[1mreimport[22m | Preparing files to reimport...[39m[0m
[  49% ] [90m[1mreimport[22m | Preparing files to reimport...[39m[0m
[  49% ] [90m[1mreimport[22m | Preparing files to reimport...[39m[0m
[  49% ] [90m[1mreimport[22m | Preparing files to reimport...[39m[0m
[  49% ] [90m[1mreimport[22m | Preparing files to reimport...[39m[0m
[  49% ] [90m[1mreimport[22m | Preparing files to reimport...[39m[0m
[  49% ] [90m[1mreimport[22m | Preparing files to reimport...[39m[0m
[  49% ] [90m[1mreimport[22m | Preparing files to reimport...[39m[0m
[  49% ] [90m[1mreimport[22m | Preparing files to reimport...[39m[0m
[  49% ] [90m[1mreimport[22m | Preparing files to reimport...[39m[0m
[  49% ] [90m[1mreimport[22m | Preparing files to reimport...[39m[0m
[  49% ] [90m[1mreimport[22m | Preparing files to reimport...[39m[0m
[  49% ] [90m[1mreimport[22m | Preparing files to reimport...[39m[0m
[  49% ] [90m[1mreimport[22m | Preparing files to reimport...[39m[0m
[  49% ] [90m[1mreimport[22m | Preparing files to reimport...[39m[0m
[  49% ] [90m[1mreimport[22m | Preparing files to reimport...[39m[0m
[  49% ] [90m[1mreimport[22m | Preparing files to reimport...[39m[0m
[  49% ] [90m[1mreimport[22m | Preparing files to reimport...[39m[0m
[  49% ] [90m[1mreimport[22m | Preparing files to reimport...[39m[0m
[  49% ] [90m[1mreimport[22m | Preparing files to reimport...[39m[0m
[  49% ] [90m[1mreimport[22m | Preparing files to reimport...[39m[0m
[  49% ] [90m[1mreimport[22m | Preparing files to reimport...[39m[0m
[  49% ] [90m[1mreimport[22m | Preparing files to reimport...[39m[0m
[  49% ] [90m[1mreimport[22m | Preparing files to reimport...[39m[0m
[  49% ] [90m[1mreimport[22m | Preparing files to reimport...[39m[0m
[  49% ] [90m[1mreimport[22m | Preparing files to reimport...[39m[0m
[  50% ] [90m[1mreimport[22m | Preparing files to reimport...[39m[0m
[  50% ] [90m[1mreimport[22m | Preparing files to reimport...[39m[0m
[  50% ] [90m[1mreimport[22m | Preparing files to reimport...[39m[0m
[  50% ] [90m[1mreimport[22m | Preparing files to reimport...[39m[0m
[  50% ] [90m[1mreimport[22m | Preparing files to reimport...[39m[0m
[  50% ] [90m[1mreimport[22m | Preparing files to reimport...[39m[0m
[  50% ] [90m[1mreimport[22m | Preparing files to reimport...[39m[0m
[  50% ] [90m[1mreimport[22m | Preparing files to reimport...[39m[0m
[  50% ] [90m[1mreimport[22m | Preparing files to reimport...[39m[0m
[  50% ] [90m[1mreimport[22m | Preparing files to reimport...[39m[0m
[  50% ] [90m[1mreimport[22m | Preparing files to reimport...[39m[0m
[  50% ] [90m[1mreimport[22m | Preparing files to reimport...[39m[0m
[  50% ] [90m[1mreimport[22m | Preparing files to reimport...[39m[0m
[  50% ] [90m[1mreimport[22m | Preparing files to reimport...[39m[0m
[  50% ] [90m[1mreimport[22m | Preparing files to reimport...[39m[0m
[  50% ] [90m[1mreimport[22m | Preparing files to reimport...[39m[0m
[  50% ] [90m[1mreimport[22m | Preparing files to reimport...[39m[0m
[  50% ] [90m[1mreimport[22m | Preparing files to reimport...[39m[0m
[  50% ] [90m[1mreimport[22m | Preparing files to reimport...[39m[0m
[  50% ] [90m[1mreimport[22m | Preparing files to reimport...[39m[0m
[  50% ] [90m[1mreimport[22m | Preparing files to reimport...[39m[0m
[  50% ] [90m[1mreimport[22m | Preparing files to reimport...[39m[0m
[  50% ] [90m[1mreimport[22m | Preparing files to reimport...[39m[0m
[  50% ] [90m[1mreimport[22m | Preparing files to reimport...[39m[0m
[  50% ] [90m[1mreimport[22m | Preparing files to reimport...[39m[0m
[  50% ] [90m[1mreimport[22m | Preparing files to reimport...[39m[0m
[  50% ] [90m[1mreimport[22m | Preparing files to reimport...[39m[0m
[  50% ] [90m[1mreimport[22m | Preparing files to reimport...[39m[0m
[  50% ] [90m[1mreimport[22m | Preparing files to reimport...[39m[0m
[  50% ] [90m[1mreimport[22m | Preparing files to reimport...[39m[0m
[  50% ] [90m[1mreimport[22m | Preparing files to reimport...[39m[0m
[  50% ] [90m[1mreimport[22m | Preparing files to reimport...[39m[0m
[  50% ] [90m[1mreimport[22m | Preparing files to reimport...[39m[0m
[  50% ] [90m[1mreimport[22m | Preparing files to reimport...[39m[0m
[  50% ] [90m[1mreimport[22m | Preparing files to reimport...[39m[0m
[  50% ] [90m[1mreimport[22m | Preparing files to reimport...[39m[0m
[  50% ] [90m[1mreimport[22m | Preparing files to reimport...[39m[0m
[  50% ] [90m[1mreimport[22m | Preparing files to reimport...[39m[0m
[  50% ] [90m[1mreimport[22m | Preparing files to reimport...[39m[0m
[  50% ] [90m[1mreimport[22m | Preparing files to reimport...[39m[0m
[  51% ] [90m[1mreimport[22m | Preparing files to reimport...[39m[0m
[  51% ] [90m[1mreimport[22m | Preparing files to reimport...[39m[0m
[  51% ] [90m[1mreimport[22m | Preparing files to reimport...[39m[0m
[  51% ] [90m[1mreimport[22m | Preparing files to reimport...[39m[0m
[  51% ] [90m[1mreimport[22m | Preparing files to reimport...[39m[0m
[  51% ] [90m[1mreimport[22m | Preparing files to reimport...[39m[0m
[  51% ] [90m[1mreimport[22m | Preparing files to reimport...[39m[0m
[  51% ] [90m[1mreimport[22m | Preparing files to reimport...[39m[0m
[  51% ] [90m[1mreimport[22m | Preparing files to reimport...[39m[0m
[  51% ] [90m[1mreimport[22m | Preparing files to reimport...[39m[0m
[  51% ] [90m[1mreimport[22m | Preparing files to reimport...[39m[0m
[  51% ] [90m[1mreimport[22m | Preparing files to reimport...[39m[0m
[  51% ] [90m[1mreimport[22m | Preparing files to reimport...[39m[0m
[  51% ] [90m[1mreimport[22m | Preparing files to reimport...[39m[0m
[  51% ] [90m[1mreimport[22m | Preparing files to reimport...[39m[0m
[  51% ] [90m[1mreimport[22m | Preparing files to reimport...[39m[0m
[  51% ] [90m[1mreimport[22m | Preparing files to reimport...[39m[0m
[  51% ] [90m[1mreimport[22m | Preparing files to reimport...[39m[0m
[  51% ] [90m[1mreimport[22m | Preparing files to reimport...[39m[0m
[  51% ] [90m[1mreimport[22m | Preparing files to reimport...[39m[0m
[  51% ] [90m[1mreimport[22m | Preparing files to reimport...[39m[0m
[  51% ] [90m[1mreimport[22m | Preparing files to reimport...[39m[0m
[  51% ] [90m[1mreimport[22m | Preparing files to reimport...[39m[0m
[  51% ] [90m[1mreimport[22m | Preparing files to reimport...[39m[0m
[  51% ] [90m[1mreimport[22m | Preparing files to reimport...[39m[0m
[  51% ] [90m[1mreimport[22m | Preparing files to reimport...[39m[0m
[  51% ] [90m[1mreimport[22m | Preparing files to reimport...[39m[0m
[  51% ] [90m[1mreimport[22m | Preparing files to reimport...[39m[0m
[  51% ] [90m[1mreimport[22m | Preparing files to reimport...[39m[0m
[  51% ] [90m[1mreimport[22m | Preparing files to reimport...[39m[0m
[  51% ] [90m[1mreimport[22m | Preparing files to reimport...[39m[0m
[  51% ] [90m[1mreimport[22m | Preparing files to reimport...[39m[0m
[  51% ] [90m[1mreimport[22m | Preparing files to reimport...[39m[0m
[  51% ] [90m[1mreimport[22m | Preparing files to reimport...[39m[0m
[  51% ] [90m[1mreimport[22m | Preparing files to reimport...[39m[0m
[  51% ] [90m[1mreimport[22m | Preparing files to reimport...[39m[0m
[  51% ] [90m[1mreimport[22m | Preparing files to reimport...[39m[0m
[  51% ] [90m[1mreimport[22m | Preparing files to reimport...[39m[0m
[  51% ] [90m[1mreimport[22m | Preparing files to reimport...[39m[0m
[  52% ] [90m[1mreimport[22m | Preparing files to reimport...[39m[0m
[  52% ] [90m[1mreimport[22m | Preparing files to reimport...[39m[0m
[  52% ] [90m[1mreimport[22m | Preparing files to reimport...[39m[0m
[  52% ] [90m[1mreimport[22m | Preparing files to reimport...[39m[0m
[  52% ] [90m[1mreimport[22m | Preparing files to reimport...[39m[0m
[  52% ] [90m[1mreimport[22m | Preparing files to reimport...[39m[0m
[  52% ] [90m[1mreimport[22m | Preparing files to reimport...[39m[0m
[  52% ] [90m[1mreimport[22m | Preparing files to reimport...[39m[0m
[  52% ] [90m[1mreimport[22m | Preparing files to reimport...[39m[0m
[  52% ] [90m[1mreimport[22m | Preparing files to reimport...[39m[0m
[  52% ] [90m[1mreimport[22m | Preparing files to reimport...[39m[0m
[  52% ] [90m[1mreimport[22m | Preparing files to reimport...[39m[0m
[  52% ] [90m[1mreimport[22m | Preparing files to reimport...[39m[0m
[  52% ] [90m[1mreimport[22m | Preparing files to reimport...[39m[0m
[  52% ] [90m[1mreimport[22m | Preparing files to reimport...[39m[0m
[  52% ] [90m[1mreimport[22m | Preparing files to reimport...[39m[0m
[  52% ] [90m[1mreimport[22m | Preparing files to reimport...[39m[0m
[  52% ] [90m[1mreimport[22m | Preparing files to reimport...[39m[0m
[  52% ] [90m[1mreimport[22m | Preparing files to reimport...[39m[0m
[  52% ] [90m[1mreimport[22m | Preparing files to reimport...[39m[0m
[  52% ] [90m[1mreimport[22m | Preparing files to reimport...[39m[0m
[  52% ] [90m[1mreimport[22m | Preparing files to reimport...[39m[0m
[  52% ] [90m[1mreimport[22m | Preparing files to reimport...[39m[0m
[  52% ] [90m[1mreimport[22m | Preparing files to reimport...[39m[0m
[  52% ] [90m[1mreimport[22m | Preparing files to reimport...[39m[0m
[  52% ] [90m[1mreimport[22m | Preparing files to reimport...[39m[0m
[  52% ] [90m[1mreimport[22m | Preparing files to reimport...[39m[0m
[  52% ] [90m[1mreimport[22m | Preparing files to reimport...[39m[0m
[  52% ] [90m[1mreimport[22m | Preparing files to reimport...[39m[0m
[  52% ] [90m[1mreimport[22m | Preparing files to reimport...[39m[0m
[  52% ] [90m[1mreimport[22m | Preparing files to reimport...[39m[0m
[  52% ] [90m[1mreimport[22m | Preparing files to reimport...[39m[0m
[  52% ] [90m[1mreimport[22m | Preparing files to reimport...[39m[0m
[  52% ] [90m[1mreimport[22m | Preparing files to reimport...[39m[0m
[  52% ] [90m[1mreimport[22m | Preparing files to reimport...[39m[0m
[  52% ] [90m[1mreimport[22m | Preparing files to reimport...[39m[0m
[  52% ] [90m[1mreimport[22m | Preparing files to reimport...[39m[0m
[  52% ] [90m[1mreimport[22m | Preparing files to reimport...[39m[0m
[  52% ] [90m[1mreimport[22m | Preparing files to reimport...[39m[0m
[  52% ] [90m[1mreimport[22m | Preparing files to reimport...[39m[0m
[  53% ] [90m[1mreimport[22m | Preparing files to reimport...[39m[0m
[  53% ] [90m[1mreimport[22m | Preparing files to reimport...[39m[0m
[  53% ] [90m[1mreimport[22m | Preparing files to reimport...[39m[0m
[  53% ] [90m[1mreimport[22m | Preparing files to reimport...[39m[0m
[  53% ] [90m[1mreimport[22m | Preparing files to reimport...[39m[0m
[  53% ] [90m[1mreimport[22m | Preparing files to reimport...[39m[0m
[  53% ] [90m[1mreimport[22m | Preparing files to reimport...[39m[0m
[  53% ] [90m[1mreimport[22m | Preparing files to reimport...[39m[0m
[  53% ] [90m[1mreimport[22m | Preparing files to reimport...[39m[0m
[  53% ] [90m[1mreimport[22m | Preparing files to reimport...[39m[0m
[  53% ] [90m[1mreimport[22m | Preparing files to reimport...[39m[0m
[  53% ] [90m[1mreimport[22m | Preparing files to reimport...[39m[0m
[  53% ] [90m[1mreimport[22m | Preparing files to reimport...[39m[0m
[  53% ] [90m[1mreimport[22m | Preparing files to reimport...[39m[0m
[  53% ] [90m[1mreimport[22m | Preparing files to reimport...[39m[0m
[  53% ] [90m[1mreimport[22m | Preparing files to reimport...[39m[0m
[  53% ] [90m[1mreimport[22m | Preparing files to reimport...[39m[0m
[  53% ] [90m[1mreimport[22m | Preparing files to reimport...[39m[0m
[  53% ] [90m[1mreimport[22m | Preparing files to reimport...[39m[0m
[  53% ] [90m[1mreimport[22m | Preparing files to reimport...[39m[0m
[  53% ] [90m[1mreimport[22m | Preparing files to reimport...[39m[0m
[  53% ] [90m[1mreimport[22m | Preparing files to reimport...[39m[0m
[  53% ] [90m[1mreimport[22m | Preparing files to reimport...[39m[0m
[  53% ] [90m[1mreimport[22m | Preparing files to reimport...[39m[0m
[  53% ] [90m[1mreimport[22m | Preparing files to reimport...[39m[0m
[  53% ] [90m[1mreimport[22m | Preparing files to reimport...[39m[0m
[  53% ] [90m[1mreimport[22m | Preparing files to reimport...[39m[0m
[  53% ] [90m[1mreimport[22m | Preparing files to reimport...[39m[0m
[  53% ] [90m[1mreimport[22m | Preparing files to reimport...[39m[0m
[  53% ] [90m[1mreimport[22m | Preparing files to reimport...[39m[0m
[  53% ] [90m[1mreimport[22m | Preparing files to reimport...[39m[0m
[  53% ] [90m[1mreimport[22m | Preparing files to reimport...[39m[0m
[  53% ] [90m[1mreimport[22m | Preparing files to reimport...[39m[0m
[  53% ] [90m[1mreimport[22m | Preparing files to reimport...[39m[0m
[  53% ] [90m[1mreimport[22m | Preparing files to reimport...[39m[0m
[  53% ] [90m[1mreimport[22m | Preparing files to reimport...[39m[0m
[  53% ] [90m[1mreimport[22m | Preparing files to reimport...[39m[0m
[  53% ] [90m[1mreimport[22m | Preparing files to reimport...[39m[0m
[  53% ] [90m[1mreimport[22m | Preparing files to reimport...[39m[0m
[  54% ] [90m[1mreimport[22m | Preparing files to reimport...[39m[0m
[  54% ] [90m[1mreimport[22m | Preparing files to reimport...[39m[0m
[  54% ] [90m[1mreimport[22m | Preparing files to reimport...[39m[0m
[  54% ] [90m[1mreimport[22m | Preparing files to reimport...[39m[0m
[  54% ] [90m[1mreimport[22m | Preparing files to reimport...[39m[0m
[  54% ] [90m[1mreimport[22m | Preparing files to reimport...[39m[0m
[  54% ] [90m[1mreimport[22m | Preparing files to reimport...[39m[0m
[  54% ] [90m[1mreimport[22m | Preparing files to reimport...[39m[0m
[  54% ] [90m[1mreimport[22m | Preparing files to reimport...[39m[0m
[  54% ] [90m[1mreimport[22m | Preparing files to reimport...[39m[0m
[  54% ] [90m[1mreimport[22m | Preparing files to reimport...[39m[0m
[  54% ] [90m[1mreimport[22m | Preparing files to reimport...[39m[0m
[  54% ] [90m[1mreimport[22m | Preparing files to reimport...[39m[0m
[  54% ] [90m[1mreimport[22m | Preparing files to reimport...[39m[0m
[  54% ] [90m[1mreimport[22m | Preparing files to reimport...[39m[0m
[  54% ] [90m[1mreimport[22m | Preparing files to reimport...[39m[0m
[  54% ] [90m[1mreimport[22m | Preparing files to reimport...[39m[0m
[  54% ] [90m[1mreimport[22m | Preparing files to reimport...[39m[0m
[  54% ] [90m[1mreimport[22m | Preparing files to reimport...[39m[0m
[  54% ] [90m[1mreimport[22m | Preparing files to reimport...[39m[0m
[  54% ] [90m[1mreimport[22m | Preparing files to reimport...[39m[0m
[  54% ] [90m[1mreimport[22m | Preparing files to reimport...[39m[0m
[  54% ] [90m[1mreimport[22m | Preparing files to reimport...[39m[0m
[  54% ] [90m[1mreimport[22m | Preparing files to reimport...[39m[0m
[  54% ] [90m[1mreimport[22m | Preparing files to reimport...[39m[0m
[  54% ] [90m[1mreimport[22m | Preparing files to reimport...[39m[0m
[  54% ] [90m[1mreimport[22m | Preparing files to reimport...[39m[0m
[  54% ] [90m[1mreimport[22m | Preparing files to reimport...[39m[0m
[  54% ] [90m[1mreimport[22m | Preparing files to reimport...[39m[0m
[  54% ] [90m[1mreimport[22m | Preparing files to reimport...[39m[0m
[  54% ] [90m[1mreimport[22m | Preparing files to reimport...[39m[0m
[  54% ] [90m[1mreimport[22m | Preparing files to reimport...[39m[0m
[  54% ] [90m[1mreimport[22m | Preparing files to reimport...[39m[0m
[  54% ] [90m[1mreimport[22m | Preparing files to reimport...[39m[0m
[  54% ] [90m[1mreimport[22m | Preparing files to reimport...[39m[0m
[  54% ] [90m[1mreimport[22m | Preparing files to reimport...[39m[0m
[  54% ] [90m[1mreimport[22m | Preparing files to reimport...[39m[0m
[  54% ] [90m[1mreimport[22m | Preparing files to reimport...[39m[0m
[  54% ] [90m[1mreimport[22m | Preparing files to reimport...[39m[0m
[  54% ] [90m[1mreimport[22m | Preparing files to reimport...[39m[0m
[  55% ] [90m[1mreimport[22m | Preparing files to reimport...[39m[0m
[  55% ] [90m[1mreimport[22m | Preparing files to reimport...[39m[0m
[  55% ] [90m[1mreimport[22m | Preparing files to reimport...[39m[0m
[  55% ] [90m[1mreimport[22m | Preparing files to reimport...[39m[0m
[  55% ] [90m[1mreimport[22m | Preparing files to reimport...[39m[0m
[  55% ] [90m[1mreimport[22m | Preparing files to reimport...[39m[0m
[  55% ] [90m[1mreimport[22m | Preparing files to reimport...[39m[0m
[  55% ] [90m[1mreimport[22m | Preparing files to reimport...[39m[0m
[  55% ] [90m[1mreimport[22m | Preparing files to reimport...[39m[0m
[  55% ] [90m[1mreimport[22m | Preparing files to reimport...[39m[0m
[  55% ] [90m[1mreimport[22m | Preparing files to reimport...[39m[0m
[  55% ] [90m[1mreimport[22m | Preparing files to reimport...[39m[0m
[  55% ] [90m[1mreimport[22m | Preparing files to reimport...[39m[0m
[  55% ] [90m[1mreimport[22m | Preparing files to reimport...[39m[0m
[  55% ] [90m[1mreimport[22m | Preparing files to reimport...[39m[0m
[  55% ] [90m[1mreimport[22m | Preparing files to reimport...[39m[0m
[  55% ] [90m[1mreimport[22m | Preparing files to reimport...[39m[0m
[  55% ] [90m[1mreimport[22m | Preparing files to reimport...[39m[0m
[  55% ] [90m[1mreimport[22m | Preparing files to reimport...[39m[0m
[  55% ] [90m[1mreimport[22m | Preparing files to reimport...[39m[0m
[  55% ] [90m[1mreimport[22m | Preparing files to reimport...[39m[0m
[  55% ] [90m[1mreimport[22m | Preparing files to reimport...[39m[0m
[  55% ] [90m[1mreimport[22m | Preparing files to reimport...[39m[0m
[  55% ] [90m[1mreimport[22m | Preparing files to reimport...[39m[0m
[  55% ] [90m[1mreimport[22m | Preparing files to reimport...[39m[0m
[  55% ] [90m[1mreimport[22m | Preparing files to reimport...[39m[0m
[  55% ] [90m[1mreimport[22m | Preparing files to reimport...[39m[0m
[  55% ] [90m[1mreimport[22m | Preparing files to reimport...[39m[0m
[  55% ] [90m[1mreimport[22m | Preparing files to reimport...[39m[0m
[  55% ] [90m[1mreimport[22m | Preparing files to reimport...[39m[0m
[  55% ] [90m[1mreimport[22m | Preparing files to reimport...[39m[0m
[  55% ] [90m[1mreimport[22m | Preparing files to reimport...[39m[0m
[  55% ] [90m[1mreimport[22m | Preparing files to reimport...[39m[0m
[  55% ] [90m[1mreimport[22m | Preparing files to reimport...[39m[0m
[  55% ] [90m[1mreimport[22m | Preparing files to reimport...[39m[0m
[  55% ] [90m[1mreimport[22m | Preparing files to reimport...[39m[0m
[  55% ] [90m[1mreimport[22m | Preparing files to reimport...[39m[0m
[  55% ] [90m[1mreimport[22m | Preparing files to reimport...[39m[0m
[  55% ] [90m[1mreimport[22m | Preparing files to reimport...[39m[0m
[  56% ] [90m[1mreimport[22m | Preparing files to reimport...[39m[0m
[  56% ] [90m[1mreimport[22m | Preparing files to reimport...[39m[0m
[  56% ] [90m[1mreimport[22m | Preparing files to reimport...[39m[0m
[  56% ] [90m[1mreimport[22m | Preparing files to reimport...[39m[0m
[  56% ] [90m[1mreimport[22m | Preparing files to reimport...[39m[0m
[  56% ] [90m[1mreimport[22m | Preparing files to reimport...[39m[0m
[  56% ] [90m[1mreimport[22m | Preparing files to reimport...[39m[0m
[  56% ] [90m[1mreimport[22m | Preparing files to reimport...[39m[0m
[  56% ] [90m[1mreimport[22m | Preparing files to reimport...[39m[0m
[  56% ] [90m[1mreimport[22m | Preparing files to reimport...[39m[0m
[  56% ] [90m[1mreimport[22m | Preparing files to reimport...[39m[0m
[  56% ] [90m[1mreimport[22m | Preparing files to reimport...[39m[0m
[  56% ] [90m[1mreimport[22m | Preparing files to reimport...[39m[0m
[  56% ] [90m[1mreimport[22m | Preparing files to reimport...[39m[0m
[  56% ] [90m[1mreimport[22m | Preparing files to reimport...[39m[0m
[  56% ] [90m[1mreimport[22m | Preparing files to reimport...[39m[0m
[  56% ] [90m[1mreimport[22m | Preparing files to reimport...[39m[0m
[  56% ] [90m[1mreimport[22m | Preparing files to reimport...[39m[0m
[  56% ] [90m[1mreimport[22m | Preparing files to reimport...[39m[0m
[  56% ] [90m[1mreimport[22m | Preparing files to reimport...[39m[0m
[  56% ] [90m[1mreimport[22m | Preparing files to reimport...[39m[0m
[  56% ] [90m[1mreimport[22m | Preparing files to reimport...[39m[0m
[  56% ] [90m[1mreimport[22m | Preparing files to reimport...[39m[0m
[  56% ] [90m[1mreimport[22m | Preparing files to reimport...[39m[0m
[  56% ] [90m[1mreimport[22m | Preparing files to reimport...[39m[0m
[  56% ] [90m[1mreimport[22m | Preparing files to reimport...[39m[0m
[  56% ] [90m[1mreimport[22m | Preparing files to reimport...[39m[0m
[  56% ] [90m[1mreimport[22m | Preparing files to reimport...[39m[0m
[  56% ] [90m[1mreimport[22m | Preparing files to reimport...[39m[0m
[  56% ] [90m[1mreimport[22m | Preparing files to reimport...[39m[0m
[  56% ] [90m[1mreimport[22m | Preparing files to reimport...[39m[0m
[  56% ] [90m[1mreimport[22m | Preparing files to reimport...[39m[0m
[  56% ] [90m[1mreimport[22m | Preparing files to reimport...[39m[0m
[  56% ] [90m[1mreimport[22m | Preparing files to reimport...[39m[0m
[  56% ] [90m[1mreimport[22m | Preparing files to reimport...[39m[0m
[  56% ] [90m[1mreimport[22m | Preparing files to reimport...[39m[0m
[  56% ] [90m[1mreimport[22m | Preparing files to reimport...[39m[0m
[  56% ] [90m[1mreimport[22m | Preparing files to reimport...[39m[0m
[  56% ] [90m[1mreimport[22m | Preparing files to reimport...[39m[0m
[  56% ] [90m[1mreimport[22m | Preparing files to reimport...[39m[0m
[  57% ] [90m[1mreimport[22m | Preparing files to reimport...[39m[0m
[  57% ] [90m[1mreimport[22m | Preparing files to reimport...[39m[0m
[  57% ] [90m[1mreimport[22m | Preparing files to reimport...[39m[0m
[  57% ] [90m[1mreimport[22m | Preparing files to reimport...[39m[0m
[  57% ] [90m[1mreimport[22m | Preparing files to reimport...[39m[0m
[  57% ] [90m[1mreimport[22m | Preparing files to reimport...[39m[0m
[  57% ] [90m[1mreimport[22m | Preparing files to reimport...[39m[0m
[  57% ] [90m[1mreimport[22m | Preparing files to reimport...[39m[0m
[  57% ] [90m[1mreimport[22m | Preparing files to reimport...[39m[0m
[  57% ] [90m[1mreimport[22m | Preparing files to reimport...[39m[0m
[  57% ] [90m[1mreimport[22m | Preparing files to reimport...[39m[0m
[  57% ] [90m[1mreimport[22m | Preparing files to reimport...[39m[0m
[  57% ] [90m[1mreimport[22m | Preparing files to reimport...[39m[0m
[  57% ] [90m[1mreimport[22m | Preparing files to reimport...[39m[0m
[  57% ] [90m[1mreimport[22m | Preparing files to reimport...[39m[0m
[  57% ] [90m[1mreimport[22m | Preparing files to reimport...[39m[0m
[  57% ] [90m[1mreimport[22m | Preparing files to reimport...[39m[0m
[  57% ] [90m[1mreimport[22m | Preparing files to reimport...[39m[0m
[  57% ] [90m[1mreimport[22m | Preparing files to reimport...[39m[0m
[  57% ] [90m[1mreimport[22m | Preparing files to reimport...[39m[0m
[  57% ] [90m[1mreimport[22m | Preparing files to reimport...[39m[0m
[  57% ] [90m[1mreimport[22m | Preparing files to reimport...[39m[0m
[  57% ] [90m[1mreimport[22m | Preparing files to reimport...[39m[0m
[  57% ] [90m[1mreimport[22m | Preparing files to reimport...[39m[0m
[  57% ] [90m[1mreimport[22m | Preparing files to reimport...[39m[0m
[  57% ] [90m[1mreimport[22m | Preparing files to reimport...[39m[0m
[  57% ] [90m[1mreimport[22m | Preparing files to reimport...[39m[0m
[  57% ] [90m[1mreimport[22m | Preparing files to reimport...[39m[0m
[  57% ] [90m[1mreimport[22m | Preparing files to reimport...[39m[0m
[  57% ] [90m[1mreimport[22m | Preparing files to reimport...[39m[0m
[  57% ] [90m[1mreimport[22m | Preparing files to reimport...[39m[0m
[  57% ] [90m[1mreimport[22m | Preparing files to reimport...[39m[0m
[  57% ] [90m[1mreimport[22m | Preparing files to reimport...[39m[0m
[  57% ] [90m[1mreimport[22m | Preparing files to reimport...[39m[0m
[  57% ] [90m[1mreimport[22m | Preparing files to reimport...[39m[0m
[  57% ] [90m[1mreimport[22m | Preparing files to reimport...[39m[0m
[  57% ] [90m[1mreimport[22m | Preparing files to reimport...[39m[0m
[  57% ] [90m[1mreimport[22m | Preparing files to reimport...[39m[0m
[  57% ] [90m[1mreimport[22m | Preparing files to reimport...[39m[0m
[  58% ] [90m[1mreimport[22m | Preparing files to reimport...[39m[0m
[  58% ] [90m[1mreimport[22m | Preparing files to reimport...[39m[0m
[  58% ] [90m[1mreimport[22m | Preparing files to reimport...[39m[0m
[  58% ] [90m[1mreimport[22m | Preparing files to reimport...[39m[0m
[  58% ] [90m[1mreimport[22m | Preparing files to reimport...[39m[0m
[  58% ] [90m[1mreimport[22m | Preparing files to reimport...[39m[0m
[  58% ] [90m[1mreimport[22m | Preparing files to reimport...[39m[0m
[  58% ] [90m[1mreimport[22m | Preparing files to reimport...[39m[0m
[  58% ] [90m[1mreimport[22m | Preparing files to reimport...[39m[0m
[  58% ] [90m[1mreimport[22m | Preparing files to reimport...[39m[0m
[  58% ] [90m[1mreimport[22m | Preparing files to reimport...[39m[0m
[  58% ] [90m[1mreimport[22m | Preparing files to reimport...[39m[0m
[  58% ] [90m[1mreimport[22m | Preparing files to reimport...[39m[0m
[  58% ] [90m[1mreimport[22m | Preparing files to reimport...[39m[0m
[  58% ] [90m[1mreimport[22m | Preparing files to reimport...[39m[0m
[  58% ] [90m[1mreimport[22m | Preparing files to reimport...[39m[0m
[  58% ] [90m[1mreimport[22m | Preparing files to reimport...[39m[0m
[  58% ] [90m[1mreimport[22m | Preparing files to reimport...[39m[0m
[  58% ] [90m[1mreimport[22m | Preparing files to reimport...[39m[0m
[  58% ] [90m[1mreimport[22m | Preparing files to reimport...[39m[0m
[  58% ] [90m[1mreimport[22m | Preparing files to reimport...[39m[0m
[  58% ] [90m[1mreimport[22m | Preparing files to reimport...[39m[0m
[  58% ] [90m[1mreimport[22m | Preparing files to reimport...[39m[0m
[  58% ] [90m[1mreimport[22m | Preparing files to reimport...[39m[0m
[  58% ] [90m[1mreimport[22m | Preparing files to reimport...[39m[0m
[  58% ] [90m[1mreimport[22m | Preparing files to reimport...[39m[0m
[  58% ] [90m[1mreimport[22m | Preparing files to reimport...[39m[0m
[  58% ] [90m[1mreimport[22m | Preparing files to reimport...[39m[0m
[  58% ] [90m[1mreimport[22m | Preparing files to reimport...[39m[0m
[  58% ] [90m[1mreimport[22m | Preparing files to reimport...[39m[0m
[  58% ] [90m[1mreimport[22m | Preparing files to reimport...[39m[0m
[  58% ] [90m[1mreimport[22m | Preparing files to reimport...[39m[0m
[  58% ] [90m[1mreimport[22m | Preparing files to reimport...[39m[0m
[  58% ] [90m[1mreimport[22m | Preparing files to reimport...[39m[0m
[  58% ] [90m[1mreimport[22m | Preparing files to reimport...[39m[0m
[  58% ] [90m[1mreimport[22m | Preparing files to reimport...[39m[0m
[  58% ] [90m[1mreimport[22m | Preparing files to reimport...[39m[0m
[  58% ] [90m[1mreimport[22m | Preparing files to reimport...[39m[0m
[  58% ] [90m[1mreimport[22m | Preparing files to reimport...[39m[0m
[  58% ] [90m[1mreimport[22m | Preparing files to reimport...[39m[0m
[  59% ] [90m[1mreimport[22m | Preparing files to reimport...[39m[0m
[  59% ] [90m[1mreimport[22m | Preparing files to reimport...[39m[0m
[  59% ] [90m[1mreimport[22m | Preparing files to reimport...[39m[0m
[  59% ] [90m[1mreimport[22m | Preparing files to reimport...[39m[0m
[  59% ] [90m[1mreimport[22m | Preparing files to reimport...[39m[0m
[  59% ] [90m[1mreimport[22m | Preparing files to reimport...[39m[0m
[  59% ] [90m[1mreimport[22m | Preparing files to reimport...[39m[0m
[  59% ] [90m[1mreimport[22m | Preparing files to reimport...[39m[0m
[  59% ] [90m[1mreimport[22m | Preparing files to reimport...[39m[0m
[  59% ] [90m[1mreimport[22m | Preparing files to reimport...[39m[0m
[  59% ] [90m[1mreimport[22m | Preparing files to reimport...[39m[0m
[  59% ] [90m[1mreimport[22m | Preparing files to reimport...[39m[0m
[  59% ] [90m[1mreimport[22m | Preparing files to reimport...[39m[0m
[  59% ] [90m[1mreimport[22m | Preparing files to reimport...[39m[0m
[  59% ] [90m[1mreimport[22m | Preparing files to reimport...[39m[0m
[  59% ] [90m[1mreimport[22m | Preparing files to reimport...[39m[0m
[  59% ] [90m[1mreimport[22m | Preparing files to reimport...[39m[0m
[  59% ] [90m[1mreimport[22m | Preparing files to reimport...[39m[0m
[  59% ] [90m[1mreimport[22m | Preparing files to reimport...[39m[0m
[  59% ] [90m[1mreimport[22m | Preparing files to reimport...[39m[0m
[  59% ] [90m[1mreimport[22m | Preparing files to reimport...[39m[0m
[  59% ] [90m[1mreimport[22m | Preparing files to reimport...[39m[0m
[  59% ] [90m[1mreimport[22m | Preparing files to reimport...[39m[0m
[  59% ] [90m[1mreimport[22m | Preparing files to reimport...[39m[0m
[  59% ] [90m[1mreimport[22m | Preparing files to reimport...[39m[0m
[  59% ] [90m[1mreimport[22m | Preparing files to reimport...[39m[0m
[  59% ] [90m[1mreimport[22m | Preparing files to reimport...[39m[0m
[  59% ] [90m[1mreimport[22m | Preparing files to reimport...[39m[0m
[  59% ] [90m[1mreimport[22m | Preparing files to reimport...[39m[0m
[  59% ] [90m[1mreimport[22m | Preparing files to reimport...[39m[0m
[  59% ] [90m[1mreimport[22m | Preparing files to reimport...[39m[0m
[  59% ] [90m[1mreimport[22m | Preparing files to reimport...[39m[0m
[  59% ] [90m[1mreimport[22m | Preparing files to reimport...[39m[0m
[  59% ] [90m[1mreimport[22m | Preparing files to reimport...[39m[0m
[  59% ] [90m[1mreimport[22m | Preparing files to reimport...[39m[0m
[  59% ] [90m[1mreimport[22m | Preparing files to reimport...[39m[0m
[  59% ] [90m[1mreimport[22m | Preparing files to reimport...[39m[0m
[  59% ] [90m[1mreimport[22m | Preparing files to reimport...[39m[0m
[  59% ] [90m[1mreimport[22m | Preparing files to reimport...[39m[0m
[  60% ] [90m[1mreimport[22m | Preparing files to reimport...[39m[0m
[  60% ] [90m[1mreimport[22m | Preparing files to reimport...[39m[0m
[  60% ] [90m[1mreimport[22m | Preparing files to reimport...[39m[0m
[  60% ] [90m[1mreimport[22m | Preparing files to reimport...[39m[0m
[  60% ] [90m[1mreimport[22m | Preparing files to reimport...[39m[0m
[  60% ] [90m[1mreimport[22m | Preparing files to reimport...[39m[0m
[  60% ] [90m[1mreimport[22m | Preparing files to reimport...[39m[0m
[  60% ] [90m[1mreimport[22m | Preparing files to reimport...[39m[0m
[  60% ] [90m[1mreimport[22m | Preparing files to reimport...[39m[0m
[  60% ] [90m[1mreimport[22m | Preparing files to reimport...[39m[0m
[  60% ] [90m[1mreimport[22m | Preparing files to reimport...[39m[0m
[  60% ] [90m[1mreimport[22m | Preparing files to reimport...[39m[0m
[  60% ] [90m[1mreimport[22m | Preparing files to reimport...[39m[0m
[  60% ] [90m[1mreimport[22m | Preparing files to reimport...[39m[0m
[  60% ] [90m[1mreimport[22m | Preparing files to reimport...[39m[0m
[  60% ] [90m[1mreimport[22m | Preparing files to reimport...[39m[0m
[  60% ] [90m[1mreimport[22m | Preparing files to reimport...[39m[0m
[  60% ] [90m[1mreimport[22m | Preparing files to reimport...[39m[0m
[  60% ] [90m[1mreimport[22m | Preparing files to reimport...[39m[0m
[  60% ] [90m[1mreimport[22m | Preparing files to reimport...[39m[0m
[  60% ] [90m[1mreimport[22m | Preparing files to reimport...[39m[0m
[  60% ] [90m[1mreimport[22m | Preparing files to reimport...[39m[0m
[  60% ] [90m[1mreimport[22m | Preparing files to reimport...[39m[0m
[  60% ] [90m[1mreimport[22m | Preparing files to reimport...[39m[0m
[  60% ] [90m[1mreimport[22m | Preparing files to reimport...[39m[0m
[  60% ] [90m[1mreimport[22m | Preparing files to reimport...[39m[0m
[  60% ] [90m[1mreimport[22m | Preparing files to reimport...[39m[0m
[  60% ] [90m[1mreimport[22m | Preparing files to reimport...[39m[0m
[  60% ] [90m[1mreimport[22m | Preparing files to reimport...[39m[0m
[  60% ] [90m[1mreimport[22m | Preparing files to reimport...[39m[0m
[  60% ] [90m[1mreimport[22m | Preparing files to reimport...[39m[0m
[  60% ] [90m[1mreimport[22m | Preparing files to reimport...[39m[0m
[  60% ] [90m[1mreimport[22m | Preparing files to reimport...[39m[0m
[  60% ] [90m[1mreimport[22m | Preparing files to reimport...[39m[0m
[  60% ] [90m[1mreimport[22m | Preparing files to reimport...[39m[0m
[  60% ] [90m[1mreimport[22m | Preparing files to reimport...[39m[0m
[  60% ] [90m[1mreimport[22m | Preparing files to reimport...[39m[0m
[  60% ] [90m[1mreimport[22m | Preparing files to reimport...[39m[0m
[  60% ] [90m[1mreimport[22m | Preparing files to reimport...[39m[0m
[  60% ] [90m[1mreimport[22m | Preparing files to reimport...[39m[0m
[  61% ] [90m[1mreimport[22m | Preparing files to reimport...[39m[0m
[  61% ] [90m[1mreimport[22m | Preparing files to reimport...[39m[0m
[  61% ] [90m[1mreimport[22m | Preparing files to reimport...[39m[0m
[  61% ] [90m[1mreimport[22m | Preparing files to reimport...[39m[0m
[  61% ] [90m[1mreimport[22m | Preparing files to reimport...[39m[0m
[  61% ] [90m[1mreimport[22m | Preparing files to reimport...[39m[0m
[  61% ] [90m[1mreimport[22m | Preparing files to reimport...[39m[0m
[  61% ] [90m[1mreimport[22m | Preparing files to reimport...[39m[0m
[  61% ] [90m[1mreimport[22m | Preparing files to reimport...[39m[0m
[  61% ] [90m[1mreimport[22m | Preparing files to reimport...[39m[0m
[  61% ] [90m[1mreimport[22m | Preparing files to reimport...[39m[0m
[  61% ] [90m[1mreimport[22m | Preparing files to reimport...[39m[0m
[  61% ] [90m[1mreimport[22m | Preparing files to reimport...[39m[0m
[  61% ] [90m[1mreimport[22m | Preparing files to reimport...[39m[0m
[  61% ] [90m[1mreimport[22m | Preparing files to reimport...[39m[0m
[  61% ] [90m[1mreimport[22m | Preparing files to reimport...[39m[0m
[  61% ] [90m[1mreimport[22m | Preparing files to reimport...[39m[0m
[  61% ] [90m[1mreimport[22m | Preparing files to reimport...[39m[0m
[  61% ] [90m[1mreimport[22m | Preparing files to reimport...[39m[0m
[  61% ] [90m[1mreimport[22m | Preparing files to reimport...[39m[0m
[  61% ] [90m[1mreimport[22m | Preparing files to reimport...[39m[0m
[  61% ] [90m[1mreimport[22m | Preparing files to reimport...[39m[0m
[  61% ] [90m[1mreimport[22m | Preparing files to reimport...[39m[0m
[  61% ] [90m[1mreimport[22m | Preparing files to reimport...[39m[0m
[  61% ] [90m[1mreimport[22m | Preparing files to reimport...[39m[0m
[  61% ] [90m[1mreimport[22m | Preparing files to reimport...[39m[0m
[  61% ] [90m[1mreimport[22m | Preparing files to reimport...[39m[0m
[  61% ] [90m[1mreimport[22m | Preparing files to reimport...[39m[0m
[  61% ] [90m[1mreimport[22m | Preparing files to reimport...[39m[0m
[  61% ] [90m[1mreimport[22m | Preparing files to reimport...[39m[0m
[  61% ] [90m[1mreimport[22m | Preparing files to reimport...[39m[0m
[  61% ] [90m[1mreimport[22m | Preparing files to reimport...[39m[0m
[  61% ] [90m[1mreimport[22m | Preparing files to reimport...[39m[0m
[  61% ] [90m[1mreimport[22m | Preparing files to reimport...[39m[0m
[  61% ] [90m[1mreimport[22m | Preparing files to reimport...[39m[0m
[  61% ] [90m[1mreimport[22m | Preparing files to reimport...[39m[0m
[  61% ] [90m[1mreimport[22m | Preparing files to reimport...[39m[0m
[  61% ] [90m[1mreimport[22m | Preparing files to reimport...[39m[0m
[  61% ] [90m[1mreimport[22m | Preparing files to reimport...[39m[0m
[  61% ] [90m[1mreimport[22m | Preparing files to reimport...[39m[0m
[  62% ] [90m[1mreimport[22m | Preparing files to reimport...[39m[0m
[  62% ] [90m[1mreimport[22m | Preparing files to reimport...[39m[0m
[  62% ] [90m[1mreimport[22m | Preparing files to reimport...[39m[0m
[  62% ] [90m[1mreimport[22m | Preparing files to reimport...[39m[0m
[  62% ] [90m[1mreimport[22m | Preparing files to reimport...[39m[0m
[  62% ] [90m[1mreimport[22m | Preparing files to reimport...[39m[0m
[  62% ] [90m[1mreimport[22m | Preparing files to reimport...[39m[0m
[  62% ] [90m[1mreimport[22m | Preparing files to reimport...[39m[0m
[  62% ] [90m[1mreimport[22m | Preparing files to reimport...[39m[0m
[  62% ] [90m[1mreimport[22m | Preparing files to reimport...[39m[0m
[  62% ] [90m[1mreimport[22m | Preparing files to reimport...[39m[0m
[  62% ] [90m[1mreimport[22m | Preparing files to reimport...[39m[0m
[  62% ] [90m[1mreimport[22m | Preparing files to reimport...[39m[0m
[  62% ] [90m[1mreimport[22m | Preparing files to reimport...[39m[0m
[  62% ] [90m[1mreimport[22m | Preparing files to reimport...[39m[0m
[  62% ] [90m[1mreimport[22m | Preparing files to reimport...[39m[0m
[  62% ] [90m[1mreimport[22m | Preparing files to reimport...[39m[0m
[  62% ] [90m[1mreimport[22m | Preparing files to reimport...[39m[0m
[  62% ] [90m[1mreimport[22m | Preparing files to reimport...[39m[0m
[  62% ] [90m[1mreimport[22m | Preparing files to reimport...[39m[0m
[  62% ] [90m[1mreimport[22m | Preparing files to reimport...[39m[0m
[  62% ] [90m[1mreimport[22m | Preparing files to reimport...[39m[0m
[  62% ] [90m[1mreimport[22m | Preparing files to reimport...[39m[0m
[  62% ] [90m[1mreimport[22m | Preparing files to reimport...[39m[0m
[  62% ] [90m[1mreimport[22m | Preparing files to reimport...[39m[0m
[  62% ] [90m[1mreimport[22m | Preparing files to reimport...[39m[0m
[  62% ] [90m[1mreimport[22m | Preparing files to reimport...[39m[0m
[  62% ] [90m[1mreimport[22m | Preparing files to reimport...[39m[0m
[  62% ] [90m[1mreimport[22m | Preparing files to reimport...[39m[0m
[  62% ] [90m[1mreimport[22m | Preparing files to reimport...[39m[0m
[  62% ] [90m[1mreimport[22m | Preparing files to reimport...[39m[0m
[  62% ] [90m[1mreimport[22m | Preparing files to reimport...[39m[0m
[  62% ] [90m[1mreimport[22m | Preparing files to reimport...[39m[0m
[  62% ] [90m[1mreimport[22m | Preparing files to reimport...[39m[0m
[  62% ] [90m[1mreimport[22m | Preparing files to reimport...[39m[0m
[  62% ] [90m[1mreimport[22m | Preparing files to reimport...[39m[0m
[  62% ] [90m[1mreimport[22m | Preparing files to reimport...[39m[0m
[  62% ] [90m[1mreimport[22m | Preparing files to reimport...[39m[0m
[  62% ] [90m[1mreimport[22m | Preparing files to reimport...[39m[0m
[  63% ] [90m[1mreimport[22m | Preparing files to reimport...[39m[0m
[  63% ] [90m[1mreimport[22m | Preparing files to reimport...[39m[0m
[  63% ] [90m[1mreimport[22m | Preparing files to reimport...[39m[0m
[  63% ] [90m[1mreimport[22m | Preparing files to reimport...[39m[0m
[  63% ] [90m[1mreimport[22m | Preparing files to reimport...[39m[0m
[  63% ] [90m[1mreimport[22m | Preparing files to reimport...[39m[0m
[  63% ] [90m[1mreimport[22m | Preparing files to reimport...[39m[0m
[  63% ] [90m[1mreimport[22m | Preparing files to reimport...[39m[0m
[  63% ] [90m[1mreimport[22m | Preparing files to reimport...[39m[0m
[  63% ] [90m[1mreimport[22m | Preparing files to reimport...[39m[0m
[  63% ] [90m[1mreimport[22m | Preparing files to reimport...[39m[0m
[  63% ] [90m[1mreimport[22m | Preparing files to reimport...[39m[0m
[  63% ] [90m[1mreimport[22m | Preparing files to reimport...[39m[0m
[  63% ] [90m[1mreimport[22m | Preparing files to reimport...[39m[0m
[  63% ] [90m[1mreimport[22m | Preparing files to reimport...[39m[0m
[  63% ] [90m[1mreimport[22m | Preparing files to reimport...[39m[0m
[  63% ] [90m[1mreimport[22m | Preparing files to reimport...[39m[0m
[  63% ] [90m[1mreimport[22m | Preparing files to reimport...[39m[0m
[  63% ] [90m[1mreimport[22m | Preparing files to reimport...[39m[0m
[  63% ] [90m[1mreimport[22m | Preparing files to reimport...[39m[0m
[  63% ] [90m[1mreimport[22m | Preparing files to reimport...[39m[0m
[  63% ] [90m[1mreimport[22m | Preparing files to reimport...[39m[0m
[  63% ] [90m[1mreimport[22m | Preparing files to reimport...[39m[0m
[  63% ] [90m[1mreimport[22m | Preparing files to reimport...[39m[0m
[  63% ] [90m[1mreimport[22m | Preparing files to reimport...[39m[0m
[  63% ] [90m[1mreimport[22m | Preparing files to reimport...[39m[0m
[  63% ] [90m[1mreimport[22m | Preparing files to reimport...[39m[0m
[  63% ] [90m[1mreimport[22m | Preparing files to reimport...[39m[0m
[  63% ] [90m[1mreimport[22m | Preparing files to reimport...[39m[0m
[  63% ] [90m[1mreimport[22m | Preparing files to reimport...[39m[0m
[  63% ] [90m[1mreimport[22m | Preparing files to reimport...[39m[0m
[  63% ] [90m[1mreimport[22m | Preparing files to reimport...[39m[0m
[  63% ] [90m[1mreimport[22m | Preparing files to reimport...[39m[0m
[  63% ] [90m[1mreimport[22m | Preparing files to reimport...[39m[0m
[  63% ] [90m[1mreimport[22m | Preparing files to reimport...[39m[0m
[  63% ] [90m[1mreimport[22m | Preparing files to reimport...[39m[0m
[  63% ] [90m[1mreimport[22m | Preparing files to reimport...[39m[0m
[  63% ] [90m[1mreimport[22m | Preparing files to reimport...[39m[0m
[  63% ] [90m[1mreimport[22m | Preparing files to reimport...[39m[0m
[  63% ] [90m[1mreimport[22m | Preparing files to reimport...[39m[0m
[  64% ] [90m[1mreimport[22m | Preparing files to reimport...[39m[0m
[  64% ] [90m[1mreimport[22m | Preparing files to reimport...[39m[0m
[  64% ] [90m[1mreimport[22m | Preparing files to reimport...[39m[0m
[  64% ] [90m[1mreimport[22m | Preparing files to reimport...[39m[0m
[  64% ] [90m[1mreimport[22m | Preparing files to reimport...[39m[0m
[  64% ] [90m[1mreimport[22m | Preparing files to reimport...[39m[0m
[  64% ] [90m[1mreimport[22m | Preparing files to reimport...[39m[0m
[  64% ] [90m[1mreimport[22m | Preparing files to reimport...[39m[0m
[  64% ] [90m[1mreimport[22m | Preparing files to reimport...[39m[0m
[  64% ] [90m[1mreimport[22m | Preparing files to reimport...[39m[0m
[  64% ] [90m[1mreimport[22m | Preparing files to reimport...[39m[0m
[  64% ] [90m[1mreimport[22m | Preparing files to reimport...[39m[0m
[  64% ] [90m[1mreimport[22m | Preparing files to reimport...[39m[0m
[  64% ] [90m[1mreimport[22m | Preparing files to reimport...[39m[0m
[  64% ] [90m[1mreimport[22m | Preparing files to reimport...[39m[0m
[  64% ] [90m[1mreimport[22m | Preparing files to reimport...[39m[0m
[  64% ] [90m[1mreimport[22m | Preparing files to reimport...[39m[0m
[  64% ] [90m[1mreimport[22m | Preparing files to reimport...[39m[0m
[  64% ] [90m[1mreimport[22m | Preparing files to reimport...[39m[0m
[  64% ] [90m[1mreimport[22m | Preparing files to reimport...[39m[0m
[  64% ] [90m[1mreimport[22m | Preparing files to reimport...[39m[0m
[  64% ] [90m[1mreimport[22m | Preparing files to reimport...[39m[0m
[  64% ] [90m[1mreimport[22m | Preparing files to reimport...[39m[0m
[  64% ] [90m[1mreimport[22m | Preparing files to reimport...[39m[0m
[  64% ] [90m[1mreimport[22m | Preparing files to reimport...[39m[0m
[  64% ] [90m[1mreimport[22m | Preparing files to reimport...[39m[0m
[  64% ] [90m[1mreimport[22m | Preparing files to reimport...[39m[0m
[  64% ] [90m[1mreimport[22m | Preparing files to reimport...[39m[0m
[  64% ] [90m[1mreimport[22m | Preparing files to reimport...[39m[0m
[  64% ] [90m[1mreimport[22m | Preparing files to reimport...[39m[0m
[  64% ] [90m[1mreimport[22m | Preparing files to reimport...[39m[0m
[  64% ] [90m[1mreimport[22m | Preparing files to reimport...[39m[0m
[  64% ] [90m[1mreimport[22m | Preparing files to reimport...[39m[0m
[  64% ] [90m[1mreimport[22m | Preparing files to reimport...[39m[0m
[  64% ] [90m[1mreimport[22m | Preparing files to reimport...[39m[0m
[  64% ] [90m[1mreimport[22m | Preparing files to reimport...[39m[0m
[  64% ] [90m[1mreimport[22m | Preparing files to reimport...[39m[0m
[  64% ] [90m[1mreimport[22m | Preparing files to reimport...[39m[0m
[  64% ] [90m[1mreimport[22m | Preparing files to reimport...[39m[0m
[  65% ] [90m[1mreimport[22m | Preparing files to reimport...[39m[0m
[  65% ] [90m[1mreimport[22m | Preparing files to reimport...[39m[0m
[  65% ] [90m[1mreimport[22m | Preparing files to reimport...[39m[0m
[  65% ] [90m[1mreimport[22m | Preparing files to reimport...[39m[0m
[  65% ] [90m[1mreimport[22m | Preparing files to reimport...[39m[0m
[  65% ] [90m[1mreimport[22m | Preparing files to reimport...[39m[0m
[  65% ] [90m[1mreimport[22m | Preparing files to reimport...[39m[0m
[  65% ] [90m[1mreimport[22m | Preparing files to reimport...[39m[0m
[  65% ] [90m[1mreimport[22m | Preparing files to reimport...[39m[0m
[  65% ] [90m[1mreimport[22m | Preparing files to reimport...[39m[0m
[  65% ] [90m[1mreimport[22m | Preparing files to reimport...[39m[0m
[  65% ] [90m[1mreimport[22m | Preparing files to reimport...[39m[0m
[  65% ] [90m[1mreimport[22m | Preparing files to reimport...[39m[0m
[  65% ] [90m[1mreimport[22m | Preparing files to reimport...[39m[0m
[  65% ] [90m[1mreimport[22m | Preparing files to reimport...[39m[0m
[  65% ] [90m[1mreimport[22m | Preparing files to reimport...[39m[0m
[  65% ] [90m[1mreimport[22m | Preparing files to reimport...[39m[0m
[  65% ] [90m[1mreimport[22m | Preparing files to reimport...[39m[0m
[  65% ] [90m[1mreimport[22m | Preparing files to reimport...[39m[0m
[  65% ] [90m[1mreimport[22m | Preparing files to reimport...[39m[0m
[  65% ] [90m[1mreimport[22m | Preparing files to reimport...[39m[0m
[  65% ] [90m[1mreimport[22m | Preparing files to reimport...[39m[0m
[  65% ] [90m[1mreimport[22m | Preparing files to reimport...[39m[0m
[  65% ] [90m[1mreimport[22m | Preparing files to reimport...[39m[0m
[  65% ] [90m[1mreimport[22m | Preparing files to reimport...[39m[0m
[  65% ] [90m[1mreimport[22m | Preparing files to reimport...[39m[0m
[  65% ] [90m[1mreimport[22m | Preparing files to reimport...[39m[0m
[  65% ] [90m[1mreimport[22m | Preparing files to reimport...[39m[0m
[  65% ] [90m[1mreimport[22m | Preparing files to reimport...[39m[0m
[  65% ] [90m[1mreimport[22m | Preparing files to reimport...[39m[0m
[  65% ] [90m[1mreimport[22m | Preparing files to reimport...[39m[0m
[  65% ] [90m[1mreimport[22m | Preparing files to reimport...[39m[0m
[  65% ] [90m[1mreimport[22m | Preparing files to reimport...[39m[0m
[  65% ] [90m[1mreimport[22m | Preparing files to reimport...[39m[0m
[  65% ] [90m[1mreimport[22m | Preparing files to reimport...[39m[0m
[  65% ] [90m[1mreimport[22m | Preparing files to reimport...[39m[0m
[  65% ] [90m[1mreimport[22m | Preparing files to reimport...[39m[0m
[  65% ] [90m[1mreimport[22m | Preparing files to reimport...[39m[0m
[  65% ] [90m[1mreimport[22m | Preparing files to reimport...[39m[0m
[  65% ] [90m[1mreimport[22m | Preparing files to reimport...[39m[0m
[  66% ] [90m[1mreimport[22m | Preparing files to reimport...[39m[0m
[  66% ] [90m[1mreimport[22m | Preparing files to reimport...[39m[0m
[  66% ] [90m[1mreimport[22m | Preparing files to reimport...[39m[0m
[  66% ] [90m[1mreimport[22m | Preparing files to reimport...[39m[0m
[  66% ] [90m[1mreimport[22m | Preparing files to reimport...[39m[0m
[  66% ] [90m[1mreimport[22m | Preparing files to reimport...[39m[0m
[  66% ] [90m[1mreimport[22m | Preparing files to reimport...[39m[0m
[  66% ] [90m[1mreimport[22m | Preparing files to reimport...[39m[0m
[  66% ] [90m[1mreimport[22m | Preparing files to reimport...[39m[0m
[  66% ] [90m[1mreimport[22m | Preparing files to reimport...[39m[0m
[  66% ] [90m[1mreimport[22m | Preparing files to reimport...[39m[0m
[  66% ] [90m[1mreimport[22m | Preparing files to reimport...[39m[0m
[  66% ] [90m[1mreimport[22m | Preparing files to reimport...[39m[0m
[  66% ] [90m[1mreimport[22m | Preparing files to reimport...[39m[0m
[  66% ] [90m[1mreimport[22m | Preparing files to reimport...[39m[0m
[  66% ] [90m[1mreimport[22m | Preparing files to reimport...[39m[0m
[  66% ] [90m[1mreimport[22m | Preparing files to reimport...[39m[0m
[  66% ] [90m[1mreimport[22m | Preparing files to reimport...[39m[0m
[  66% ] [90m[1mreimport[22m | Preparing files to reimport...[39m[0m
[  66% ] [90m[1mreimport[22m | Preparing files to reimport...[39m[0m
[  66% ] [90m[1mreimport[22m | Preparing files to reimport...[39m[0m
[  66% ] [90m[1mreimport[22m | Preparing files to reimport...[39m[0m
[  66% ] [90m[1mreimport[22m | Preparing files to reimport...[39m[0m
[  66% ] [90m[1mreimport[22m | Preparing files to reimport...[39m[0m
[  66% ] [90m[1mreimport[22m | Preparing files to reimport...[39m[0m
[  66% ] [90m[1mreimport[22m | Preparing files to reimport...[39m[0m
[  66% ] [90m[1mreimport[22m | Preparing files to reimport...[39m[0m
[  66% ] [90m[1mreimport[22m | Preparing files to reimport...[39m[0m
[  66% ] [90m[1mreimport[22m | Preparing files to reimport...[39m[0m
[  66% ] [90m[1mreimport[22m | Preparing files to reimport...[39m[0m
[  66% ] [90m[1mreimport[22m | Preparing files to reimport...[39m[0m
[  66% ] [90m[1mreimport[22m | Preparing files to reimport...[39m[0m
[  66% ] [90m[1mreimport[22m | Preparing files to reimport...[39m[0m
[  66% ] [90m[1mreimport[22m | Preparing files to reimport...[39m[0m
[  66% ] [90m[1mreimport[22m | Preparing files to reimport...[39m[0m
[  66% ] [90m[1mreimport[22m | Preparing files to reimport...[39m[0m
[  66% ] [90m[1mreimport[22m | Preparing files to reimport...[39m[0m
[  66% ] [90m[1mreimport[22m | Preparing files to reimport...[39m[0m
[  66% ] [90m[1mreimport[22m | Preparing files to reimport...[39m[0m
[  67% ] [90m[1mreimport[22m | Preparing files to reimport...[39m[0m
[  67% ] [90m[1mreimport[22m | Preparing files to reimport...[39m[0m
[  67% ] [90m[1mreimport[22m | Preparing files to reimport...[39m[0m
[  67% ] [90m[1mreimport[22m | Preparing files to reimport...[39m[0m
[  67% ] [90m[1mreimport[22m | Preparing files to reimport...[39m[0m
[  67% ] [90m[1mreimport[22m | Preparing files to reimport...[39m[0m
[  67% ] [90m[1mreimport[22m | Preparing files to reimport...[39m[0m
[  67% ] [90m[1mreimport[22m | Preparing files to reimport...[39m[0m
[  67% ] [90m[1mreimport[22m | Preparing files to reimport...[39m[0m
[  67% ] [90m[1mreimport[22m | Preparing files to reimport...[39m[0m
[  67% ] [90m[1mreimport[22m | Preparing files to reimport...[39m[0m
[  67% ] [90m[1mreimport[22m | Preparing files to reimport...[39m[0m
[  67% ] [90m[1mreimport[22m | Preparing files to reimport...[39m[0m
[  67% ] [90m[1mreimport[22m | Preparing files to reimport...[39m[0m
[  67% ] [90m[1mreimport[22m | Preparing files to reimport...[39m[0m
[  67% ] [90m[1mreimport[22m | Preparing files to reimport...[39m[0m
[  67% ] [90m[1mreimport[22m | Preparing files to reimport...[39m[0m
[  67% ] [90m[1mreimport[22m | Preparing files to reimport...[39m[0m
[  67% ] [90m[1mreimport[22m | Preparing files to reimport...[39m[0m
[  67% ] [90m[1mreimport[22m | Preparing files to reimport...[39m[0m
[  67% ] [90m[1mreimport[22m | Preparing files to reimport...[39m[0m
[  67% ] [90m[1mreimport[22m | Preparing files to reimport...[39m[0m
[  67% ] [90m[1mreimport[22m | Preparing files to reimport...[39m[0m
[  67% ] [90m[1mreimport[22m | Preparing files to reimport...[39m[0m
[  67% ] [90m[1mreimport[22m | Preparing files to reimport...[39m[0m
[  67% ] [90m[1mreimport[22m | Preparing files to reimport...[39m[0m
[  67% ] [90m[1mreimport[22m | Preparing files to reimport...[39m[0m
[  67% ] [90m[1mreimport[22m | Preparing files to reimport...[39m[0m
[  67% ] [90m[1mreimport[22m | Preparing files to reimport...[39m[0m
[  67% ] [90m[1mreimport[22m | Preparing files to reimport...[39m[0m
[  67% ] [90m[1mreimport[22m | Preparing files to reimport...[39m[0m
[  67% ] [90m[1mreimport[22m | Preparing files to reimport...[39m[0m
[  67% ] [90m[1mreimport[22m | Preparing files to reimport...[39m[0m
[  67% ] [90m[1mreimport[22m | Preparing files to reimport...[39m[0m
[  67% ] [90m[1mreimport[22m | Preparing files to reimport...[39m[0m
[  67% ] [90m[1mreimport[22m | Preparing files to reimport...[39m[0m
[  67% ] [90m[1mreimport[22m | Preparing files to reimport...[39m[0m
[  67% ] [90m[1mreimport[22m | Preparing files to reimport...[39m[0m
[  67% ] [90m[1mreimport[22m | Preparing files to reimport...[39m[0m
[  67% ] [90m[1mreimport[22m | Preparing files to reimport...[39m[0m
[  68% ] [90m[1mreimport[22m | Preparing files to reimport...[39m[0m
[  68% ] [90m[1mreimport[22m | Preparing files to reimport...[39m[0m
[  68% ] [90m[1mreimport[22m | Preparing files to reimport...[39m[0m
[  68% ] [90m[1mreimport[22m | Preparing files to reimport...[39m[0m
[  68% ] [90m[1mreimport[22m | Preparing files to reimport...[39m[0m
[  68% ] [90m[1mreimport[22m | Preparing files to reimport...[39m[0m
[  68% ] [90m[1mreimport[22m | Preparing files to reimport...[39m[0m
[  68% ] [90m[1mreimport[22m | Preparing files to reimport...[39m[0m
[  68% ] [90m[1mreimport[22m | Preparing files to reimport...[39m[0m
[  68% ] [90m[1mreimport[22m | Preparing files to reimport...[39m[0m
[  68% ] [90m[1mreimport[22m | Preparing files to reimport...[39m[0m
[  68% ] [90m[1mreimport[22m | Preparing files to reimport...[39m[0m
[  68% ] [90m[1mreimport[22m | Preparing files to reimport...[39m[0m
[  68% ] [90m[1mreimport[22m | Preparing files to reimport...[39m[0m
[  68% ] [90m[1mreimport[22m | Preparing files to reimport...[39m[0m
[  68% ] [90m[1mreimport[22m | Preparing files to reimport...[39m[0m
[  68% ] [90m[1mreimport[22m | Preparing files to reimport...[39m[0m
[  68% ] [90m[1mreimport[22m | Preparing files to reimport...[39m[0m
[  68% ] [90m[1mreimport[22m | Preparing files to reimport...[39m[0m
[  68% ] [90m[1mreimport[22m | Preparing files to reimport...[39m[0m
[  68% ] [90m[1mreimport[22m | Preparing files to reimport...[39m[0m
[  68% ] [90m[1mreimport[22m | Preparing files to reimport...[39m[0m
[  68% ] [90m[1mreimport[22m | Preparing files to reimport...[39m[0m
[  68% ] [90m[1mreimport[22m | Preparing files to reimport...[39m[0m
[  68% ] [90m[1mreimport[22m | Preparing files to reimport...[39m[0m
[  68% ] [90m[1mreimport[22m | Preparing files to reimport...[39m[0m
[  68% ] [90m[1mreimport[22m | Preparing files to reimport...[39m[0m
[  68% ] [90m[1mreimport[22m | Preparing files to reimport...[39m[0m
[  68% ] [90m[1mreimport[22m | Preparing files to reimport...[39m[0m
[  68% ] [90m[1mreimport[22m | Preparing files to reimport...[39m[0m
[  68% ] [90m[1mreimport[22m | Preparing files to reimport...[39m[0m
[  68% ] [90m[1mreimport[22m | Preparing files to reimport...[39m[0m
[  68% ] [90m[1mreimport[22m | Preparing files to reimport...[39m[0m
[  68% ] [90m[1mreimport[22m | Preparing files to reimport...[39m[0m
[  68% ] [90m[1mreimport[22m | Preparing files to reimport...[39m[0m
[  68% ] [90m[1mreimport[22m | Preparing files to reimport...[39m[0m
[  68% ] [90m[1mreimport[22m | Preparing files to reimport...[39m[0m
[  68% ] [90m[1mreimport[22m | Preparing files to reimport...[39m[0m
[  68% ] [90m[1mreimport[22m | Preparing files to reimport...[39m[0m
[  69% ] [90m[1mreimport[22m | Preparing files to reimport...[39m[0m
[  69% ] [90m[1mreimport[22m | Preparing files to reimport...[39m[0m
[  69% ] [90m[1mreimport[22m | Preparing files to reimport...[39m[0m
[  69% ] [90m[1mreimport[22m | Preparing files to reimport...[39m[0m
[  69% ] [90m[1mreimport[22m | Preparing files to reimport...[39m[0m
[  69% ] [90m[1mreimport[22m | Preparing files to reimport...[39m[0m
[  69% ] [90m[1mreimport[22m | Preparing files to reimport...[39m[0m
[  69% ] [90m[1mreimport[22m | Preparing files to reimport...[39m[0m
[  69% ] [90m[1mreimport[22m | Preparing files to reimport...[39m[0m
[  69% ] [90m[1mreimport[22m | Preparing files to reimport...[39m[0m
[  69% ] [90m[1mreimport[22m | Preparing files to reimport...[39m[0m
[  69% ] [90m[1mreimport[22m | Preparing files to reimport...[39m[0m
[  69% ] [90m[1mreimport[22m | Preparing files to reimport...[39m[0m
[  69% ] [90m[1mreimport[22m | Preparing files to reimport...[39m[0m
[  69% ] [90m[1mreimport[22m | Preparing files to reimport...[39m[0m
[  69% ] [90m[1mreimport[22m | Preparing files to reimport...[39m[0m
[  69% ] [90m[1mreimport[22m | Preparing files to reimport...[39m[0m
[  69% ] [90m[1mreimport[22m | Preparing files to reimport...[39m[0m
[  69% ] [90m[1mreimport[22m | Preparing files to reimport...[39m[0m
[  69% ] [90m[1mreimport[22m | Preparing files to reimport...[39m[0m
[  69% ] [90m[1mreimport[22m | Preparing files to reimport...[39m[0m
[  69% ] [90m[1mreimport[22m | Preparing files to reimport...[39m[0m
[  69% ] [90m[1mreimport[22m | Preparing files to reimport...[39m[0m
[  69% ] [90m[1mreimport[22m | Preparing files to reimport...[39m[0m
[  69% ] [90m[1mreimport[22m | Preparing files to reimport...[39m[0m
[  69% ] [90m[1mreimport[22m | Preparing files to reimport...[39m[0m
[  69% ] [90m[1mreimport[22m | Preparing files to reimport...[39m[0m
[  69% ] [90m[1mreimport[22m | Preparing files to reimport...[39m[0m
[  69% ] [90m[1mreimport[22m | Preparing files to reimport...[39m[0m
[  69% ] [90m[1mreimport[22m | Preparing files to reimport...[39m[0m
[  69% ] [90m[1mreimport[22m | Preparing files to reimport...[39m[0m
[  69% ] [90m[1mreimport[22m | Preparing files to reimport...[39m[0m
[  69% ] [90m[1mreimport[22m | Preparing files to reimport...[39m[0m
[  69% ] [90m[1mreimport[22m | Preparing files to reimport...[39m[0m
[  69% ] [90m[1mreimport[22m | Preparing files to reimport...[39m[0m
[  69% ] [90m[1mreimport[22m | Preparing files to reimport...[39m[0m
[  69% ] [90m[1mreimport[22m | Preparing files to reimport...[39m[0m
[  69% ] [90m[1mreimport[22m | Preparing files to reimport...[39m[0m
[  69% ] [90m[1mreimport[22m | Preparing files to reimport...[39m[0m
[  69% ] [90m[1mreimport[22m | Preparing files to reimport...[39m[0m
[  70% ] [90m[1mreimport[22m | Preparing files to reimport...[39m[0m
[  70% ] [90m[1mreimport[22m | Preparing files to reimport...[39m[0m
[  70% ] [90m[1mreimport[22m | Preparing files to reimport...[39m[0m
[  70% ] [90m[1mreimport[22m | Preparing files to reimport...[39m[0m
[  70% ] [90m[1mreimport[22m | Preparing files to reimport...[39m[0m
[  70% ] [90m[1mreimport[22m | Preparing files to reimport...[39m[0m
[  70% ] [90m[1mreimport[22m | Preparing files to reimport...[39m[0m
[  70% ] [90m[1mreimport[22m | Preparing files to reimport...[39m[0m
[  70% ] [90m[1mreimport[22m | Preparing files to reimport...[39m[0m
[  70% ] [90m[1mreimport[22m | Preparing files to reimport...[39m[0m
[  70% ] [90m[1mreimport[22m | Preparing files to reimport...[39m[0m
[  70% ] [90m[1mreimport[22m | Preparing files to reimport...[39m[0m
[  70% ] [90m[1mreimport[22m | Preparing files to reimport...[39m[0m
[  70% ] [90m[1mreimport[22m | Preparing files to reimport...[39m[0m
[  70% ] [90m[1mreimport[22m | Preparing files to reimport...[39m[0m
[  70% ] [90m[1mreimport[22m | Preparing files to reimport...[39m[0m
[  70% ] [90m[1mreimport[22m | Preparing files to reimport...[39m[0m
[  70% ] [90m[1mreimport[22m | Preparing files to reimport...[39m[0m
[  70% ] [90m[1mreimport[22m | Preparing files to reimport...[39m[0m
[  70% ] [90m[1mreimport[22m | Preparing files to reimport...[39m[0m
[  70% ] [90m[1mreimport[22m | Preparing files to reimport...[39m[0m
[  70% ] [90m[1mreimport[22m | Preparing files to reimport...[39m[0m
[  70% ] [90m[1mreimport[22m | Preparing files to reimport...[39m[0m
[  70% ] [90m[1mreimport[22m | Preparing files to reimport...[39m[0m
[  70% ] [90m[1mreimport[22m | Preparing files to reimport...[39m[0m
[  70% ] [90m[1mreimport[22m | Preparing files to reimport...[39m[0m
[  70% ] [90m[1mreimport[22m | Preparing files to reimport...[39m[0m
[  70% ] [90m[1mreimport[22m | Preparing files to reimport...[39m[0m
[  70% ] [90m[1mreimport[22m | Preparing files to reimport...[39m[0m
[  70% ] [90m[1mreimport[22m | Preparing files to reimport...[39m[0m
[  70% ] [90m[1mreimport[22m | Preparing files to reimport...[39m[0m
[  70% ] [90m[1mreimport[22m | Preparing files to reimport...[39m[0m
[  70% ] [90m[1mreimport[22m | Preparing files to reimport...[39m[0m
[  70% ] [90m[1mreimport[22m | Preparing files to reimport...[39m[0m
[  70% ] [90m[1mreimport[22m | Preparing files to reimport...[39m[0m
[  70% ] [90m[1mreimport[22m | Preparing files to reimport...[39m[0m
[  70% ] [90m[1mreimport[22m | Preparing files to reimport...[39m[0m
[  70% ] [90m[1mreimport[22m | Preparing files to reimport...[39m[0m
[  70% ] [90m[1mreimport[22m | Preparing files to reimport...[39m[0m
[  70% ] [90m[1mreimport[22m | Preparing files to reimport...[39m[0m
[  71% ] [90m[1mreimport[22m | Preparing files to reimport...[39m[0m
[  71% ] [90m[1mreimport[22m | Preparing files to reimport...[39m[0m
[  71% ] [90m[1mreimport[22m | Preparing files to reimport...[39m[0m
[  71% ] [90m[1mreimport[22m | Preparing files to reimport...[39m[0m
[  71% ] [90m[1mreimport[22m | Preparing files to reimport...[39m[0m
[  71% ] [90m[1mreimport[22m | Preparing files to reimport...[39m[0m
[  71% ] [90m[1mreimport[22m | Preparing files to reimport...[39m[0m
[  71% ] [90m[1mreimport[22m | Preparing files to reimport...[39m[0m
[  71% ] [90m[1mreimport[22m | Preparing files to reimport...[39m[0m
[  71% ] [90m[1mreimport[22m | Preparing files to reimport...[39m[0m
[  71% ] [90m[1mreimport[22m | Preparing files to reimport...[39m[0m
[  71% ] [90m[1mreimport[22m | Preparing files to reimport...[39m[0m
[  71% ] [90m[1mreimport[22m | Preparing files to reimport...[39m[0m
[  71% ] [90m[1mreimport[22m | Preparing files to reimport...[39m[0m
[  71% ] [90m[1mreimport[22m | Preparing files to reimport...[39m[0m
[  71% ] [90m[1mreimport[22m | Preparing files to reimport...[39m[0m
[  71% ] [90m[1mreimport[22m | Preparing files to reimport...[39m[0m
[  71% ] [90m[1mreimport[22m | Preparing files to reimport...[39m[0m
[  71% ] [90m[1mreimport[22m | Preparing files to reimport...[39m[0m
[  71% ] [90m[1mreimport[22m | Preparing files to reimport...[39m[0m
[  71% ] [90m[1mreimport[22m | Preparing files to reimport...[39m[0m
[  71% ] [90m[1mreimport[22m | Preparing files to reimport...[39m[0m
[  71% ] [90m[1mreimport[22m | Preparing files to reimport...[39m[0m
[  71% ] [90m[1mreimport[22m | Preparing files to reimport...[39m[0m
[  71% ] [90m[1mreimport[22m | Preparing files to reimport...[39m[0m
[  71% ] [90m[1mreimport[22m | Preparing files to reimport...[39m[0m
[  71% ] [90m[1mreimport[22m | Preparing files to reimport...[39m[0m
[  71% ] [90m[1mreimport[22m | Preparing files to reimport...[39m[0m
[  71% ] [90m[1mreimport[22m | Preparing files to reimport...[39m[0m
[  71% ] [90m[1mreimport[22m | Preparing files to reimport...[39m[0m
[  71% ] [90m[1mreimport[22m | Preparing files to reimport...[39m[0m
[  71% ] [90m[1mreimport[22m | Preparing files to reimport...[39m[0m
[  71% ] [90m[1mreimport[22m | Preparing files to reimport...[39m[0m
[  71% ] [90m[1mreimport[22m | Preparing files to reimport...[39m[0m
[  71% ] [90m[1mreimport[22m | Preparing files to reimport...[39m[0m
[  71% ] [90m[1mreimport[22m | Preparing files to reimport...[39m[0m
[  71% ] [90m[1mreimport[22m | Preparing files to reimport...[39m[0m
[  71% ] [90m[1mreimport[22m | Preparing files to reimport...[39m[0m
[  71% ] [90m[1mreimport[22m | Preparing files to reimport...[39m[0m
[  72% ] [90m[1mreimport[22m | Preparing files to reimport...[39m[0m
[  72% ] [90m[1mreimport[22m | Preparing files to reimport...[39m[0m
[  72% ] [90m[1mreimport[22m | Preparing files to reimport...[39m[0m
[  72% ] [90m[1mreimport[22m | Preparing files to reimport...[39m[0m
[  72% ] [90m[1mreimport[22m | Preparing files to reimport...[39m[0m
[  72% ] [90m[1mreimport[22m | Preparing files to reimport...[39m[0m
[  72% ] [90m[1mreimport[22m | Preparing files to reimport...[39m[0m
[  72% ] [90m[1mreimport[22m | Preparing files to reimport...[39m[0m
[  72% ] [90m[1mreimport[22m | Preparing files to reimport...[39m[0m
[  72% ] [90m[1mreimport[22m | Preparing files to reimport...[39m[0m
[  72% ] [90m[1mreimport[22m | Preparing files to reimport...[39m[0m
[  72% ] [90m[1mreimport[22m | Preparing files to reimport...[39m[0m
[  72% ] [90m[1mreimport[22m | Preparing files to reimport...[39m[0m
[  72% ] [90m[1mreimport[22m | Preparing files to reimport...[39m[0m
[  72% ] [90m[1mreimport[22m | Preparing files to reimport...[39m[0m
[  72% ] [90m[1mreimport[22m | Preparing files to reimport...[39m[0m
[  72% ] [90m[1mreimport[22m | Preparing files to reimport...[39m[0m
[  72% ] [90m[1mreimport[22m | Preparing files to reimport...[39m[0m
[  72% ] [90m[1mreimport[22m | Preparing files to reimport...[39m[0m
[  72% ] [90m[1mreimport[22m | Preparing files to reimport...[39m[0m
[  72% ] [90m[1mreimport[22m | Preparing files to reimport...[39m[0m
[  72% ] [90m[1mreimport[22m | Preparing files to reimport...[39m[0m
[  72% ] [90m[1mreimport[22m | Preparing files to reimport...[39m[0m
[  72% ] [90m[1mreimport[22m | Preparing files to reimport...[39m[0m
[  72% ] [90m[1mreimport[22m | Preparing files to reimport...[39m[0m
[  72% ] [90m[1mreimport[22m | Preparing files to reimport...[39m[0m
[  72% ] [90m[1mreimport[22m | Preparing files to reimport...[39m[0m
[  72% ] [90m[1mreimport[22m | Preparing files to reimport...[39m[0m
[  72% ] [90m[1mreimport[22m | Preparing files to reimport...[39m[0m
[  72% ] [90m[1mreimport[22m | Preparing files to reimport...[39m[0m
[  72% ] [90m[1mreimport[22m | Preparing files to reimport...[39m[0m
[  72% ] [90m[1mreimport[22m | Preparing files to reimport...[39m[0m
[  72% ] [90m[1mreimport[22m | Preparing files to reimport...[39m[0m
[  72% ] [90m[1mreimport[22m | Preparing files to reimport...[39m[0m
[  72% ] [90m[1mreimport[22m | Preparing files to reimport...[39m[0m
[  72% ] [90m[1mreimport[22m | Preparing files to reimport...[39m[0m
[  72% ] [90m[1mreimport[22m | Preparing files to reimport...[39m[0m
[  72% ] [90m[1mreimport[22m | Preparing files to reimport...[39m[0m
[  72% ] [90m[1mreimport[22m | Preparing files to reimport...[39m[0m
[  72% ] [90m[1mreimport[22m | Preparing files to reimport...[39m[0m
[  73% ] [90m[1mreimport[22m | Preparing files to reimport...[39m[0m
[  73% ] [90m[1mreimport[22m | Preparing files to reimport...[39m[0m
[  73% ] [90m[1mreimport[22m | Preparing files to reimport...[39m[0m
[  73% ] [90m[1mreimport[22m | Preparing files to reimport...[39m[0m
[  73% ] [90m[1mreimport[22m | Preparing files to reimport...[39m[0m
[  73% ] [90m[1mreimport[22m | Preparing files to reimport...[39m[0m
[  73% ] [90m[1mreimport[22m | Preparing files to reimport...[39m[0m
[  73% ] [90m[1mreimport[22m | Preparing files to reimport...[39m[0m
[  73% ] [90m[1mreimport[22m | Preparing files to reimport...[39m[0m
[  73% ] [90m[1mreimport[22m | Preparing files to reimport...[39m[0m
[  73% ] [90m[1mreimport[22m | Preparing files to reimport...[39m[0m
[  73% ] [90m[1mreimport[22m | Preparing files to reimport...[39m[0m
[  73% ] [90m[1mreimport[22m | Preparing files to reimport...[39m[0m
[  73% ] [90m[1mreimport[22m | Preparing files to reimport...[39m[0m
[  73% ] [90m[1mreimport[22m | Preparing files to reimport...[39m[0m
[  73% ] [90m[1mreimport[22m | Preparing files to reimport...[39m[0m
[  73% ] [90m[1mreimport[22m | Preparing files to reimport...[39m[0m
[  73% ] [90m[1mreimport[22m | Preparing files to reimport...[39m[0m
[  73% ] [90m[1mreimport[22m | Preparing files to reimport...[39m[0m
[  73% ] [90m[1mreimport[22m | Preparing files to reimport...[39m[0m
[  73% ] [90m[1mreimport[22m | Preparing files to reimport...[39m[0m
[  73% ] [90m[1mreimport[22m | Preparing files to reimport...[39m[0m
[  73% ] [90m[1mreimport[22m | Preparing files to reimport...[39m[0m
[  73% ] [90m[1mreimport[22m | Preparing files to reimport...[39m[0m
[  73% ] [90m[1mreimport[22m | Preparing files to reimport...[39m[0m
[  73% ] [90m[1mreimport[22m | Preparing files to reimport...[39m[0m
[  73% ] [90m[1mreimport[22m | Preparing files to reimport...[39m[0m
[  73% ] [90m[1mreimport[22m | Preparing files to reimport...[39m[0m
[  73% ] [90m[1mreimport[22m | Preparing files to reimport...[39m[0m
[  73% ] [90m[1mreimport[22m | Preparing files to reimport...[39m[0m
[  73% ] [90m[1mreimport[22m | Preparing files to reimport...[39m[0m
[  73% ] [90m[1mreimport[22m | Preparing files to reimport...[39m[0m
[  73% ] [90m[1mreimport[22m | Preparing files to reimport...[39m[0m
[  73% ] [90m[1mreimport[22m | Preparing files to reimport...[39m[0m
[  73% ] [90m[1mreimport[22m | Preparing files to reimport...[39m[0m
[  73% ] [90m[1mreimport[22m | Preparing files to reimport...[39m[0m
[  73% ] [90m[1mreimport[22m | Preparing files to reimport...[39m[0m
[  73% ] [90m[1mreimport[22m | Preparing files to reimport...[39m[0m
[  73% ] [90m[1mreimport[22m | Preparing files to reimport...[39m[0m
[  74% ] [90m[1mreimport[22m | Preparing files to reimport...[39m[0m
[  74% ] [90m[1mreimport[22m | Preparing files to reimport...[39m[0m
[  74% ] [90m[1mreimport[22m | Preparing files to reimport...[39m[0m
[  74% ] [90m[1mreimport[22m | Preparing files to reimport...[39m[0m
[  74% ] [90m[1mreimport[22m | Preparing files to reimport...[39m[0m
[  74% ] [90m[1mreimport[22m | Preparing files to reimport...[39m[0m
[  74% ] [90m[1mreimport[22m | Preparing files to reimport...[39m[0m
[  74% ] [90m[1mreimport[22m | Preparing files to reimport...[39m[0m
[  74% ] [90m[1mreimport[22m | Preparing files to reimport...[39m[0m
[  74% ] [90m[1mreimport[22m | Preparing files to reimport...[39m[0m
[  74% ] [90m[1mreimport[22m | Preparing files to reimport...[39m[0m
[  74% ] [90m[1mreimport[22m | Preparing files to reimport...[39m[0m
[  74% ] [90m[1mreimport[22m | Preparing files to reimport...[39m[0m
[  74% ] [90m[1mreimport[22m | Preparing files to reimport...[39m[0m
[  74% ] [90m[1mreimport[22m | Preparing files to reimport...[39m[0m
[  74% ] [90m[1mreimport[22m | Preparing files to reimport...[39m[0m
[  74% ] [90m[1mreimport[22m | Preparing files to reimport...[39m[0m
[  74% ] [90m[1mreimport[22m | Preparing files to reimport...[39m[0m
[  74% ] [90m[1mreimport[22m | Preparing files to reimport...[39m[0m
[  74% ] [90m[1mreimport[22m | Preparing files to reimport...[39m[0m
[  74% ] [90m[1mreimport[22m | Preparing files to reimport...[39m[0m
[  74% ] [90m[1mreimport[22m | Preparing files to reimport...[39m[0m
[  74% ] [90m[1mreimport[22m | Preparing files to reimport...[39m[0m
[  74% ] [90m[1mreimport[22m | Preparing files to reimport...[39m[0m
[  74% ] [90m[1mreimport[22m | Preparing files to reimport...[39m[0m
[  74% ] [90m[1mreimport[22m | Preparing files to reimport...[39m[0m
[  74% ] [90m[1mreimport[22m | Preparing files to reimport...[39m[0m
[  74% ] [90m[1mreimport[22m | Preparing files to reimport...[39m[0m
[  74% ] [90m[1mreimport[22m | Preparing files to reimport...[39m[0m
[  74% ] [90m[1mreimport[22m | Preparing files to reimport...[39m[0m
[  74% ] [90m[1mreimport[22m | Preparing files to reimport...[39m[0m
[  74% ] [90m[1mreimport[22m | Preparing files to reimport...[39m[0m
[  74% ] [90m[1mreimport[22m | Preparing files to reimport...[39m[0m
[  74% ] [90m[1mreimport[22m | Preparing files to reimport...[39m[0m
[  74% ] [90m[1mreimport[22m | Preparing files to reimport...[39m[0m
[  74% ] [90m[1mreimport[22m | Preparing files to reimport...[39m[0m
[  74% ] [90m[1mreimport[22m | Preparing files to reimport...[39m[0m
[  74% ] [90m[1mreimport[22m | Preparing files to reimport...[39m[0m
[  74% ] [90m[1mreimport[22m | Preparing files to reimport...[39m[0m
[  74% ] [90m[1mreimport[22m | Preparing files to reimport...[39m[0m
[  75% ] [90m[1mreimport[22m | Preparing files to reimport...[39m[0m
[  75% ] [90m[1mreimport[22m | Preparing files to reimport...[39m[0m
[  75% ] [90m[1mreimport[22m | Preparing files to reimport...[39m[0m
[  75% ] [90m[1mreimport[22m | Preparing files to reimport...[39m[0m
[  75% ] [90m[1mreimport[22m | Preparing files to reimport...[39m[0m
[  75% ] [90m[1mreimport[22m | Preparing files to reimport...[39m[0m
[  75% ] [90m[1mreimport[22m | Preparing files to reimport...[39m[0m
[  75% ] [90m[1mreimport[22m | Preparing files to reimport...[39m[0m
[  75% ] [90m[1mreimport[22m | Preparing files to reimport...[39m[0m
[  75% ] [90m[1mreimport[22m | Preparing files to reimport...[39m[0m
[  75% ] [90m[1mreimport[22m | Preparing files to reimport...[39m[0m
[  75% ] [90m[1mreimport[22m | Preparing files to reimport...[39m[0m
[  75% ] [90m[1mreimport[22m | Preparing files to reimport...[39m[0m
[  75% ] [90m[1mreimport[22m | Preparing files to reimport...[39m[0m
[  75% ] [90m[1mreimport[22m | Preparing files to reimport...[39m[0m
[  75% ] [90m[1mreimport[22m | Preparing files to reimport...[39m[0m
[  75% ] [90m[1mreimport[22m | Preparing files to reimport...[39m[0m
[  75% ] [90m[1mreimport[22m | Preparing files to reimport...[39m[0m
[  75% ] [90m[1mreimport[22m | Preparing files to reimport...[39m[0m
[  75% ] [90m[1mreimport[22m | Preparing files to reimport...[39m[0m
[  75% ] [90m[1mreimport[22m | Preparing files to reimport...[39m[0m
[  75% ] [90m[1mreimport[22m | Preparing files to reimport...[39m[0m
[  75% ] [90m[1mreimport[22m | Preparing files to reimport...[39m[0m
[  75% ] [90m[1mreimport[22m | Preparing files to reimport...[39m[0m
[  75% ] [90m[1mreimport[22m | Preparing files to reimport...[39m[0m
[  75% ] [90m[1mreimport[22m | Preparing files to reimport...[39m[0m
[  75% ] [90m[1mreimport[22m | Preparing files to reimport...[39m[0m
[  75% ] [90m[1mreimport[22m | Preparing files to reimport...[39m[0m
[  75% ] [90m[1mreimport[22m | Preparing files to reimport...[39m[0m
[  75% ] [90m[1mreimport[22m | Preparing files to reimport...[39m[0m
[  75% ] [90m[1mreimport[22m | Preparing files to reimport...[39m[0m
[  75% ] [90m[1mreimport[22m | Preparing files to reimport...[39m[0m
[  75% ] [90m[1mreimport[22m | Preparing files to reimport...[39m[0m
[  75% ] [90m[1mreimport[22m | Preparing files to reimport...[39m[0m
[  75% ] [90m[1mreimport[22m | Preparing files to reimport...[39m[0m
[  75% ] [90m[1mreimport[22m | Preparing files to reimport...[39m[0m
[  75% ] [90m[1mreimport[22m | Preparing files to reimport...[39m[0m
[  75% ] [90m[1mreimport[22m | Preparing files to reimport...[39m[0m
[  75% ] [90m[1mreimport[22m | Preparing files to reimport...[39m[0m
[  76% ] [90m[1mreimport[22m | Preparing files to reimport...[39m[0m
[  76% ] [90m[1mreimport[22m | Preparing files to reimport...[39m[0m
[  76% ] [90m[1mreimport[22m | Preparing files to reimport...[39m[0m
[  76% ] [90m[1mreimport[22m | Preparing files to reimport...[39m[0m
[  76% ] [90m[1mreimport[22m | Preparing files to reimport...[39m[0m
[  76% ] [90m[1mreimport[22m | Preparing files to reimport...[39m[0m
[  76% ] [90m[1mreimport[22m | Preparing files to reimport...[39m[0m
[  76% ] [90m[1mreimport[22m | Preparing files to reimport...[39m[0m
[  76% ] [90m[1mreimport[22m | Preparing files to reimport...[39m[0m
[  76% ] [90m[1mreimport[22m | Preparing files to reimport...[39m[0m
[  76% ] [90m[1mreimport[22m | Preparing files to reimport...[39m[0m
[  76% ] [90m[1mreimport[22m | Preparing files to reimport...[39m[0m
[  76% ] [90m[1mreimport[22m | Preparing files to reimport...[39m[0m
[  76% ] [90m[1mreimport[22m | Preparing files to reimport...[39m[0m
[  76% ] [90m[1mreimport[22m | Preparing files to reimport...[39m[0m
[  76% ] [90m[1mreimport[22m | Preparing files to reimport...[39m[0m
[  76% ] [90m[1mreimport[22m | Preparing files to reimport...[39m[0m
[  76% ] [90m[1mreimport[22m | Preparing files to reimport...[39m[0m
[  76% ] [90m[1mreimport[22m | Preparing files to reimport...[39m[0m
[  76% ] [90m[1mreimport[22m | Preparing files to reimport...[39m[0m
[  76% ] [90m[1mreimport[22m | Preparing files to reimport...[39m[0m
[  76% ] [90m[1mreimport[22m | Preparing files to reimport...[39m[0m
[  76% ] [90m[1mreimport[22m | Preparing files to reimport...[39m[0m
[  76% ] [90m[1mreimport[22m | Preparing files to reimport...[39m[0m
[  76% ] [90m[1mreimport[22m | Preparing files to reimport...[39m[0m
[  76% ] [90m[1mreimport[22m | Preparing files to reimport...[39m[0m
[  76% ] [90m[1mreimport[22m | Preparing files to reimport...[39m[0m
[  76% ] [90m[1mreimport[22m | Preparing files to reimport...[39m[0m
[  76% ] [90m[1mreimport[22m | Preparing files to reimport...[39m[0m
[  76% ] [90m[1mreimport[22m | Preparing files to reimport...[39m[0m
[  76% ] [90m[1mreimport[22m | Preparing files to reimport...[39m[0m
[  76% ] [90m[1mreimport[22m | Preparing files to reimport...[39m[0m
[  76% ] [90m[1mreimport[22m | Preparing files to reimport...[39m[0m
[  76% ] [90m[1mreimport[22m | Preparing files to reimport...[39m[0m
[  76% ] [90m[1mreimport[22m | Preparing files to reimport...[39m[0m
[  76% ] [90m[1mreimport[22m | Preparing files to reimport...[39m[0m
[  76% ] [90m[1mreimport[22m | Preparing files to reimport...[39m[0m
[  76% ] [90m[1mreimport[22m | Preparing files to reimport...[39m[0m
[  76% ] [90m[1mreimport[22m | Preparing files to reimport...[39m[0m
[  76% ] [90m[1mreimport[22m | Preparing files to reimport...[39m[0m
[  77% ] [90m[1mreimport[22m | Preparing files to reimport...[39m[0m
[  77% ] [90m[1mreimport[22m | Preparing files to reimport...[39m[0m
[  77% ] [90m[1mreimport[22m | Preparing files to reimport...[39m[0m
[  77% ] [90m[1mreimport[22m | Preparing files to reimport...[39m[0m
[  77% ] [90m[1mreimport[22m | Preparing files to reimport...[39m[0m
[  77% ] [90m[1mreimport[22m | Preparing files to reimport...[39m[0m
[  77% ] [90m[1mreimport[22m | Preparing files to reimport...[39m[0m
[  77% ] [90m[1mreimport[22m | Preparing files to reimport...[39m[0m
[  77% ] [90m[1mreimport[22m | Preparing files to reimport...[39m[0m
[  77% ] [90m[1mreimport[22m | Preparing files to reimport...[39m[0m
[  77% ] [90m[1mreimport[22m | Preparing files to reimport...[39m[0m
[  77% ] [90m[1mreimport[22m | Preparing files to reimport...[39m[0m
[  77% ] [90m[1mreimport[22m | Preparing files to reimport...[39m[0m
[  77% ] [90m[1mreimport[22m | Preparing files to reimport...[39m[0m
[  77% ] [90m[1mreimport[22m | Preparing files to reimport...[39m[0m
[  77% ] [90m[1mreimport[22m | Preparing files to reimport...[39m[0m
[  77% ] [90m[1mreimport[22m | Preparing files to reimport...[39m[0m
[  77% ] [90m[1mreimport[22m | Preparing files to reimport...[39m[0m
[  77% ] [90m[1mreimport[22m | Preparing files to reimport...[39m[0m
[  77% ] [90m[1mreimport[22m | Preparing files to reimport...[39m[0m
[  77% ] [90m[1mreimport[22m | Preparing files to reimport...[39m[0m
[  77% ] [90m[1mreimport[22m | Preparing files to reimport...[39m[0m
[  77% ] [90m[1mreimport[22m | Preparing files to reimport...[39m[0m
[  77% ] [90m[1mreimport[22m | Preparing files to reimport...[39m[0m
[  77% ] [90m[1mreimport[22m | Preparing files to reimport...[39m[0m
[  77% ] [90m[1mreimport[22m | Preparing files to reimport...[39m[0m
[  77% ] [90m[1mreimport[22m | Preparing files to reimport...[39m[0m
[  77% ] [90m[1mreimport[22m | Preparing files to reimport...[39m[0m
[  77% ] [90m[1mreimport[22m | Preparing files to reimport...[39m[0m
[  77% ] [90m[1mreimport[22m | Preparing files to reimport...[39m[0m
[  77% ] [90m[1mreimport[22m | Preparing files to reimport...[39m[0m
[  77% ] [90m[1mreimport[22m | Preparing files to reimport...[39m[0m
[  77% ] [90m[1mreimport[22m | Preparing files to reimport...[39m[0m
[  77% ] [90m[1mreimport[22m | Preparing files to reimport...[39m[0m
[  77% ] [90m[1mreimport[22m | Preparing files to reimport...[39m[0m
[  77% ] [90m[1mreimport[22m | Preparing files to reimport...[39m[0m
[  77% ] [90m[1mreimport[22m | Preparing files to reimport...[39m[0m
[  77% ] [90m[1mreimport[22m | Preparing files to reimport...[39m[0m
[  77% ] [90m[1mreimport[22m | Preparing files to reimport...[39m[0m
[  78% ] [90m[1mreimport[22m | Preparing files to reimport...[39m[0m
[  78% ] [90m[1mreimport[22m | Preparing files to reimport...[39m[0m
[  78% ] [90m[1mreimport[22m | Preparing files to reimport...[39m[0m
[  78% ] [90m[1mreimport[22m | Preparing files to reimport...[39m[0m
[  78% ] [90m[1mreimport[22m | Preparing files to reimport...[39m[0m
[  78% ] [90m[1mreimport[22m | Preparing files to reimport...[39m[0m
[  78% ] [90m[1mreimport[22m | Preparing files to reimport...[39m[0m
[  78% ] [90m[1mreimport[22m | Preparing files to reimport...[39m[0m
[  78% ] [90m[1mreimport[22m | Preparing files to reimport...[39m[0m
[  78% ] [90m[1mreimport[22m | Preparing files to reimport...[39m[0m
[  78% ] [90m[1mreimport[22m | Preparing files to reimport...[39m[0m
[  78% ] [90m[1mreimport[22m | Preparing files to reimport...[39m[0m
[  78% ] [90m[1mreimport[22m | Preparing files to reimport...[39m[0m
[  78% ] [90m[1mreimport[22m | Preparing files to reimport...[39m[0m
[  78% ] [90m[1mreimport[22m | Preparing files to reimport...[39m[0m
[  78% ] [90m[1mreimport[22m | Preparing files to reimport...[39m[0m
[  78% ] [90m[1mreimport[22m | Preparing files to reimport...[39m[0m
[  78% ] [90m[1mreimport[22m | Preparing files to reimport...[39m[0m
[  78% ] [90m[1mreimport[22m | Preparing files to reimport...[39m[0m
[  78% ] [90m[1mreimport[22m | Preparing files to reimport...[39m[0m
[  78% ] [90m[1mreimport[22m | Preparing files to reimport...[39m[0m
[  78% ] [90m[1mreimport[22m | Preparing files to reimport...[39m[0m
[  78% ] [90m[1mreimport[22m | Preparing files to reimport...[39m[0m
[  78% ] [90m[1mreimport[22m | Preparing files to reimport...[39m[0m
[  78% ] [90m[1mreimport[22m | Preparing files to reimport...[39m[0m
[  78% ] [90m[1mreimport[22m | Preparing files to reimport...[39m[0m
[  78% ] [90m[1mreimport[22m | Preparing files to reimport...[39m[0m
[  78% ] [90m[1mreimport[22m | Preparing files to reimport...[39m[0m
[  78% ] [90m[1mreimport[22m | Preparing files to reimport...[39m[0m
[  78% ] [90m[1mreimport[22m | Preparing files to reimport...[39m[0m
[  78% ] [90m[1mreimport[22m | Preparing files to reimport...[39m[0m
[  78% ] [90m[1mreimport[22m | Preparing files to reimport...[39m[0m
[  78% ] [90m[1mreimport[22m | Preparing files to reimport...[39m[0m
[  78% ] [90m[1mreimport[22m | Preparing files to reimport...[39m[0m
[  78% ] [90m[1mreimport[22m | Preparing files to reimport...[39m[0m
[  78% ] [90m[1mreimport[22m | Preparing files to reimport...[39m[0m
[  78% ] [90m[1mreimport[22m | Preparing files to reimport...[39m[0m
[  78% ] [90m[1mreimport[22m | Preparing files to reimport...[39m[0m
[  78% ] [90m[1mreimport[22m | Preparing files to reimport...[39m[0m
[  78% ] [90m[1mreimport[22m | Preparing files to reimport...[39m[0m
[  79% ] [90m[1mreimport[22m | Preparing files to reimport...[39m[0m
[  79% ] [90m[1mreimport[22m | Preparing files to reimport...[39m[0m
[  79% ] [90m[1mreimport[22m | Preparing files to reimport...[39m[0m
[  79% ] [90m[1mreimport[22m | Preparing files to reimport...[39m[0m
[  79% ] [90m[1mreimport[22m | Preparing files to reimport...[39m[0m
[  79% ] [90m[1mreimport[22m | Preparing files to reimport...[39m[0m
[  79% ] [90m[1mreimport[22m | Preparing files to reimport...[39m[0m
[  79% ] [90m[1mreimport[22m | Preparing files to reimport...[39m[0m
[  79% ] [90m[1mreimport[22m | Preparing files to reimport...[39m[0m
[  79% ] [90m[1mreimport[22m | Preparing files to reimport...[39m[0m
[  79% ] [90m[1mreimport[22m | Preparing files to reimport...[39m[0m
[  79% ] [90m[1mreimport[22m | Preparing files to reimport...[39m[0m
[  79% ] [90m[1mreimport[22m | Preparing files to reimport...[39m[0m
[  79% ] [90m[1mreimport[22m | Preparing files to reimport...[39m[0m
[  79% ] [90m[1mreimport[22m | Preparing files to reimport...[39m[0m
[  79% ] [90m[1mreimport[22m | Preparing files to reimport...[39m[0m
[  79% ] [90m[1mreimport[22m | Preparing files to reimport...[39m[0m
[  79% ] [90m[1mreimport[22m | Preparing files to reimport...[39m[0m
[  79% ] [90m[1mreimport[22m | Preparing files to reimport...[39m[0m
[  79% ] [90m[1mreimport[22m | Preparing files to reimport...[39m[0m
[  79% ] [90m[1mreimport[22m | Preparing files to reimport...[39m[0m
[  79% ] [90m[1mreimport[22m | Preparing files to reimport...[39m[0m
[  79% ] [90m[1mreimport[22m | Preparing files to reimport...[39m[0m
[  79% ] [90m[1mreimport[22m | Preparing files to reimport...[39m[0m
[  79% ] [90m[1mreimport[22m | Preparing files to reimport...[39m[0m
[  79% ] [90m[1mreimport[22m | Preparing files to reimport...[39m[0m
[  79% ] [90m[1mreimport[22m | Preparing files to reimport...[39m[0m
[  79% ] [90m[1mreimport[22m | Preparing files to reimport...[39m[0m
[  79% ] [90m[1mreimport[22m | Preparing files to reimport...[39m[0m
[  79% ] [90m[1mreimport[22m | Preparing files to reimport...[39m[0m
[  79% ] [90m[1mreimport[22m | Preparing files to reimport...[39m[0m
[  79% ] [90m[1mreimport[22m | Preparing files to reimport...[39m[0m
[  79% ] [90m[1mreimport[22m | Preparing files to reimport...[39m[0m
[  79% ] [90m[1mreimport[22m | Preparing files to reimport...[39m[0m
[  79% ] [90m[1mreimport[22m | Preparing files to reimport...[39m[0m
[  79% ] [90m[1mreimport[22m | Preparing files to reimport...[39m[0m
[  79% ] [90m[1mreimport[22m | Preparing files to reimport...[39m[0m
[  79% ] [90m[1mreimport[22m | Preparing files to reimport...[39m[0m
[  79% ] [90m[1mreimport[22m | Preparing files to reimport...[39m[0m
[  80% ] [90m[1mreimport[22m | Preparing files to reimport...[39m[0m
[  80% ] [90m[1mreimport[22m | Preparing files to reimport...[39m[0m
[  80% ] [90m[1mreimport[22m | Preparing files to reimport...[39m[0m
[  80% ] [90m[1mreimport[22m | Preparing files to reimport...[39m[0m
[  80% ] [90m[1mreimport[22m | Preparing files to reimport...[39m[0m
[  80% ] [90m[1mreimport[22m | Preparing files to reimport...[39m[0m
[  80% ] [90m[1mreimport[22m | Preparing files to reimport...[39m[0m
[  80% ] [90m[1mreimport[22m | Preparing files to reimport...[39m[0m
[  80% ] [90m[1mreimport[22m | Preparing files to reimport...[39m[0m
[  80% ] [90m[1mreimport[22m | Preparing files to reimport...[39m[0m
[  80% ] [90m[1mreimport[22m | Preparing files to reimport...[39m[0m
[  80% ] [90m[1mreimport[22m | Preparing files to reimport...[39m[0m
[  80% ] [90m[1mreimport[22m | Preparing files to reimport...[39m[0m
[  80% ] [90m[1mreimport[22m | Preparing files to reimport...[39m[0m
[  80% ] [90m[1mreimport[22m | Preparing files to reimport...[39m[0m
[  80% ] [90m[1mreimport[22m | Preparing files to reimport...[39m[0m
[  80% ] [90m[1mreimport[22m | Preparing files to reimport...[39m[0m
[  80% ] [90m[1mreimport[22m | Preparing files to reimport...[39m[0m
[  80% ] [90m[1mreimport[22m | Preparing files to reimport...[39m[0m
[  80% ] [90m[1mreimport[22m | Preparing files to reimport...[39m[0m
[  80% ] [90m[1mreimport[22m | Preparing files to reimport...[39m[0m
[  80% ] [90m[1mreimport[22m | Preparing files to reimport...[39m[0m
[  80% ] [90m[1mreimport[22m | Preparing files to reimport...[39m[0m
[  80% ] [90m[1mreimport[22m | Preparing files to reimport...[39m[0m
[  80% ] [90m[1mreimport[22m | Preparing files to reimport...[39m[0m
[  80% ] [90m[1mreimport[22m | Preparing files to reimport...[39m[0m
[  80% ] [90m[1mreimport[22m | Preparing files to reimport...[39m[0m
[  80% ] [90m[1mreimport[22m | Preparing files to reimport...[39m[0m
[  80% ] [90m[1mreimport[22m | Preparing files to reimport...[39m[0m
[  80% ] [90m[1mreimport[22m | Preparing files to reimport...[39m[0m
[  80% ] [90m[1mreimport[22m | Preparing files to reimport...[39m[0m
[  80% ] [90m[1mreimport[22m | Preparing files to reimport...[39m[0m
[  80% ] [90m[1mreimport[22m | Preparing files to reimport...[39m[0m
[  80% ] [90m[1mreimport[22m | Preparing files to reimport...[39m[0m
[  80% ] [90m[1mreimport[22m | Preparing files to reimport...[39m[0m
[  80% ] [90m[1mreimport[22m | Preparing files to reimport...[39m[0m
[  80% ] [90m[1mreimport[22m | Preparing files to reimport...[39m[0m
[  80% ] [90m[1mreimport[22m | Preparing files to reimport...[39m[0m
[  80% ] [90m[1mreimport[22m | Preparing files to reimport...[39m[0m
[  80% ] [90m[1mreimport[22m | Preparing files to reimport...[39m[0m
[  81% ] [90m[1mreimport[22m | Preparing files to reimport...[39m[0m
[  81% ] [90m[1mreimport[22m | Preparing files to reimport...[39m[0m
[  81% ] [90m[1mreimport[22m | Preparing files to reimport...[39m[0m
[  81% ] [90m[1mreimport[22m | Preparing files to reimport...[39m[0m
[  81% ] [90m[1mreimport[22m | Preparing files to reimport...[39m[0m
[  81% ] [90m[1mreimport[22m | Preparing files to reimport...[39m[0m
[  81% ] [90m[1mreimport[22m | Preparing files to reimport...[39m[0m
[  81% ] [90m[1mreimport[22m | Preparing files to reimport...[39m[0m
[  81% ] [90m[1mreimport[22m | Preparing files to reimport...[39m[0m
[  81% ] [90m[1mreimport[22m | Preparing files to reimport...[39m[0m
[  81% ] [90m[1mreimport[22m | Preparing files to reimport...[39m[0m
[  81% ] [90m[1mreimport[22m | Preparing files to reimport...[39m[0m
[  81% ] [90m[1mreimport[22m | Preparing files to reimport...[39m[0m
[  81% ] [90m[1mreimport[22m | Preparing files to reimport...[39m[0m
[  81% ] [90m[1mreimport[22m | Preparing files to reimport...[39m[0m
[  81% ] [90m[1mreimport[22m | Preparing files to reimport...[39m[0m
[  81% ] [90m[1mreimport[22m | Preparing files to reimport...[39m[0m
[  81% ] [90m[1mreimport[22m | Preparing files to reimport...[39m[0m
[  81% ] [90m[1mreimport[22m | Preparing files to reimport...[39m[0m
[  81% ] [90m[1mreimport[22m | Preparing files to reimport...[39m[0m
[  81% ] [90m[1mreimport[22m | Preparing files to reimport...[39m[0m
[  81% ] [90m[1mreimport[22m | Preparing files to reimport...[39m[0m
[  81% ] [90m[1mreimport[22m | Preparing files to reimport...[39m[0m
[  81% ] [90m[1mreimport[22m | Preparing files to reimport...[39m[0m
[  81% ] [90m[1mreimport[22m | Preparing files to reimport...[39m[0m
[  81% ] [90m[1mreimport[22m | Preparing files to reimport...[39m[0m
[  81% ] [90m[1mreimport[22m | Preparing files to reimport...[39m[0m
[  81% ] [90m[1mreimport[22m | Preparing files to reimport...[39m[0m
[  81% ] [90m[1mreimport[22m | Preparing files to reimport...[39m[0m
[  81% ] [90m[1mreimport[22m | Preparing files to reimport...[39m[0m
[  81% ] [90m[1mreimport[22m | Preparing files to reimport...[39m[0m
[  81% ] [90m[1mreimport[22m | Preparing files to reimport...[39m[0m
[  81% ] [90m[1mreimport[22m | Preparing files to reimport...[39m[0m
[  81% ] [90m[1mreimport[22m | Preparing files to reimport...[39m[0m
[  81% ] [90m[1mreimport[22m | Preparing files to reimport...[39m[0m
[  81% ] [90m[1mreimport[22m | Preparing files to reimport...[39m[0m
[  81% ] [90m[1mreimport[22m | Preparing files to reimport...[39m[0m
[  81% ] [90m[1mreimport[22m | Preparing files to reimport...[39m[0m
[  81% ] [90m[1mreimport[22m | Preparing files to reimport...[39m[0m
[  81% ] [90m[1mreimport[22m | Preparing files to reimport...[39m[0m
[  82% ] [90m[1mreimport[22m | Preparing files to reimport...[39m[0m
[  82% ] [90m[1mreimport[22m | Preparing files to reimport...[39m[0m
[  82% ] [90m[1mreimport[22m | Preparing files to reimport...[39m[0m
[  82% ] [90m[1mreimport[22m | Preparing files to reimport...[39m[0m
[  82% ] [90m[1mreimport[22m | Preparing files to reimport...[39m[0m
[  82% ] [90m[1mreimport[22m | Preparing files to reimport...[39m[0m
[  82% ] [90m[1mreimport[22m | Preparing files to reimport...[39m[0m
[  82% ] [90m[1mreimport[22m | Preparing files to reimport...[39m[0m
[  82% ] [90m[1mreimport[22m | Preparing files to reimport...[39m[0m
[  82% ] [90m[1mreimport[22m | Preparing files to reimport...[39m[0m
[  82% ] [90m[1mreimport[22m | Preparing files to reimport...[39m[0m
[  82% ] [90m[1mreimport[22m | Preparing files to reimport...[39m[0m
[  82% ] [90m[1mreimport[22m | Preparing files to reimport...[39m[0m
[  82% ] [90m[1mreimport[22m | Preparing files to reimport...[39m[0m
[  82% ] [90m[1mreimport[22m | Preparing files to reimport...[39m[0m
[  82% ] [90m[1mreimport[22m | Preparing files to reimport...[39m[0m
[  82% ] [90m[1mreimport[22m | Preparing files to reimport...[39m[0m
[  82% ] [90m[1mreimport[22m | Preparing files to reimport...[39m[0m
[  82% ] [90m[1mreimport[22m | Preparing files to reimport...[39m[0m
[  82% ] [90m[1mreimport[22m | Preparing files to reimport...[39m[0m
[  82% ] [90m[1mreimport[22m | Preparing files to reimport...[39m[0m
[  82% ] [90m[1mreimport[22m | Preparing files to reimport...[39m[0m
[  82% ] [90m[1mreimport[22m | Preparing files to reimport...[39m[0m
[  82% ] [90m[1mreimport[22m | Preparing files to reimport...[39m[0m
[  82% ] [90m[1mreimport[22m | Preparing files to reimport...[39m[0m
[  82% ] [90m[1mreimport[22m | Preparing files to reimport...[39m[0m
[  82% ] [90m[1mreimport[22m | Preparing files to reimport...[39m[0m
[  82% ] [90m[1mreimport[22m | Preparing files to reimport...[39m[0m
[  82% ] [90m[1mreimport[22m | Preparing files to reimport...[39m[0m
[  82% ] [90m[1mreimport[22m | Preparing files to reimport...[39m[0m
[  82% ] [90m[1mreimport[22m | Preparing files to reimport...[39m[0m
[  82% ] [90m[1mreimport[22m | Preparing files to reimport...[39m[0m
[  82% ] [90m[1mreimport[22m | Preparing files to reimport...[39m[0m
[  82% ] [90m[1mreimport[22m | Preparing files to reimport...[39m[0m
[  82% ] [90m[1mreimport[22m | Preparing files to reimport...[39m[0m
[  82% ] [90m[1mreimport[22m | Preparing files to reimport...[39m[0m
[  82% ] [90m[1mreimport[22m | Preparing files to reimport...[39m[0m
[  82% ] [90m[1mreimport[22m | Preparing files to reimport...[39m[0m
[  82% ] [90m[1mreimport[22m | Preparing files to reimport...[39m[0m
[  83% ] [90m[1mreimport[22m | Preparing files to reimport...[39m[0m
[  83% ] [90m[1mreimport[22m | Preparing files to reimport...[39m[0m
[  83% ] [90m[1mreimport[22m | Preparing files to reimport...[39m[0m
[  83% ] [90m[1mreimport[22m | Preparing files to reimport...[39m[0m
[  83% ] [90m[1mreimport[22m | Preparing files to reimport...[39m[0m
[  83% ] [90m[1mreimport[22m | Preparing files to reimport...[39m[0m
[  83% ] [90m[1mreimport[22m | Preparing files to reimport...[39m[0m
[  83% ] [90m[1mreimport[22m | Preparing files to reimport...[39m[0m
[  83% ] [90m[1mreimport[22m | Preparing files to reimport...[39m[0m
[  83% ] [90m[1mreimport[22m | Preparing files to reimport...[39m[0m
[  83% ] [90m[1mreimport[22m | Preparing files to reimport...[39m[0m
[  83% ] [90m[1mreimport[22m | Preparing files to reimport...[39m[0m
[  83% ] [90m[1mreimport[22m | Preparing files to reimport...[39m[0m
[  83% ] [90m[1mreimport[22m | Preparing files to reimport...[39m[0m
[  83% ] [90m[1mreimport[22m | Preparing files to reimport...[39m[0m
[  83% ] [90m[1mreimport[22m | Preparing files to reimport...[39m[0m
[  83% ] [90m[1mreimport[22m | Preparing files to reimport...[39m[0m
[  83% ] [90m[1mreimport[22m | Preparing files to reimport...[39m[0m
[  83% ] [90m[1mreimport[22m | Preparing files to reimport...[39m[0m
[  83% ] [90m[1mreimport[22m | Preparing files to reimport...[39m[0m
[  83% ] [90m[1mreimport[22m | Preparing files to reimport...[39m[0m
[  83% ] [90m[1mreimport[22m | Preparing files to reimport...[39m[0m
[  83% ] [90m[1mreimport[22m | Preparing files to reimport...[39m[0m
[  83% ] [90m[1mreimport[22m | Preparing files to reimport...[39m[0m
[  83% ] [90m[1mreimport[22m | Preparing files to reimport...[39m[0m
[  83% ] [90m[1mreimport[22m | Preparing files to reimport...[39m[0m
[  83% ] [90m[1mreimport[22m | Preparing files to reimport...[39m[0m
[  83% ] [90m[1mreimport[22m | Preparing files to reimport...[39m[0m
[  83% ] [90m[1mreimport[22m | Preparing files to reimport...[39m[0m
[  83% ] [90m[1mreimport[22m | Preparing files to reimport...[39m[0m
[  83% ] [90m[1mreimport[22m | Preparing files to reimport...[39m[0m
[  83% ] [90m[1mreimport[22m | Preparing files to reimport...[39m[0m
[  83% ] [90m[1mreimport[22m | Preparing files to reimport...[39m[0m
[  83% ] [90m[1mreimport[22m | Preparing files to reimport...[39m[0m
[  83% ] [90m[1mreimport[22m | Preparing files to reimport...[39m[0m
[  83% ] [90m[1mreimport[22m | Preparing files to reimport...[39m[0m
[  83% ] [90m[1mreimport[22m | Preparing files to reimport...[39m[0m
[  83% ] [90m[1mreimport[22m | Preparing files to reimport...[39m[0m
[  83% ] [90m[1mreimport[22m | Preparing files to reimport...[39m[0m
[  83% ] [90m[1mreimport[22m | Preparing files to reimport...[39m[0m
[  84% ] [90m[1mreimport[22m | Preparing files to reimport...[39m[0m
[  84% ] [90m[1mreimport[22m | Preparing files to reimport...[39m[0m
[  84% ] [90m[1mreimport[22m | Preparing files to reimport...[39m[0m
[  84% ] [90m[1mreimport[22m | Preparing files to reimport...[39m[0m
[  84% ] [90m[1mreimport[22m | Preparing files to reimport...[39m[0m
[  84% ] [90m[1mreimport[22m | Preparing files to reimport...[39m[0m
[  84% ] [90m[1mreimport[22m | Preparing files to reimport...[39m[0m
[  84% ] [90m[1mreimport[22m | Preparing files to reimport...[39m[0m
[  84% ] [90m[1mreimport[22m | Preparing files to reimport...[39m[0m
[  84% ] [90m[1mreimport[22m | Preparing files to reimport...[39m[0m
[  84% ] [90m[1mreimport[22m | Preparing files to reimport...[39m[0m
[  84% ] [90m[1mreimport[22m | Preparing files to reimport...[39m[0m
[  84% ] [90m[1mreimport[22m | Preparing files to reimport...[39m[0m
[  84% ] [90m[1mreimport[22m | Preparing files to reimport...[39m[0m
[  84% ] [90m[1mreimport[22m | Preparing files to reimport...[39m[0m
[  84% ] [90m[1mreimport[22m | Preparing files to reimport...[39m[0m
[  84% ] [90m[1mreimport[22m | Preparing files to reimport...[39m[0m
[  84% ] [90m[1mreimport[22m | Preparing files to reimport...[39m[0m
[  84% ] [90m[1mreimport[22m | Preparing files to reimport...[39m[0m
[  84% ] [90m[1mreimport[22m | Preparing files to reimport...[39m[0m
[  84% ] [90m[1mreimport[22m | Preparing files to reimport...[39m[0m
[  84% ] [90m[1mreimport[22m | Preparing files to reimport...[39m[0m
[  84% ] [90m[1mreimport[22m | Preparing files to reimport...[39m[0m
[  84% ] [90m[1mreimport[22m | Preparing files to reimport...[39m[0m
[  84% ] [90m[1mreimport[22m | Preparing files to reimport...[39m[0m
[  84% ] [90m[1mreimport[22m | Preparing files to reimport...[39m[0m
[  84% ] [90m[1mreimport[22m | Preparing files to reimport...[39m[0m
[  84% ] [90m[1mreimport[22m | Preparing files to reimport...[39m[0m
[  84% ] [90m[1mreimport[22m | Preparing files to reimport...[39m[0m
[  84% ] [90m[1mreimport[22m | Preparing files to reimport...[39m[0m
[  84% ] [90m[1mreimport[22m | Preparing files to reimport...[39m[0m
[  84% ] [90m[1mreimport[22m | Preparing files to reimport...[39m[0m
[  84% ] [90m[1mreimport[22m | Preparing files to reimport...[39m[0m
[  84% ] [90m[1mreimport[22m | Preparing files to reimport...[39m[0m
[  84% ] [90m[1mreimport[22m | Preparing files to reimport...[39m[0m
[  84% ] [90m[1mreimport[22m | Preparing files to reimport...[39m[0m
[  84% ] [90m[1mreimport[22m | Preparing files to reimport...[39m[0m
[  84% ] [90m[1mreimport[22m | Preparing files to reimport...[39m[0m
[  84% ] [90m[1mreimport[22m | Preparing files to reimport...[39m[0m
[  85% ] [90m[1mreimport[22m | Preparing files to reimport...[39m[0m
[  85% ] [90m[1mreimport[22m | Preparing files to reimport...[39m[0m
[  85% ] [90m[1mreimport[22m | Preparing files to reimport...[39m[0m
[  85% ] [90m[1mreimport[22m | Preparing files to reimport...[39m[0m
[  85% ] [90m[1mreimport[22m | Preparing files to reimport...[39m[0m
[  85% ] [90m[1mreimport[22m | Preparing files to reimport...[39m[0m
[  85% ] [90m[1mreimport[22m | Preparing files to reimport...[39m[0m
[  85% ] [90m[1mreimport[22m | Preparing files to reimport...[39m[0m
[  85% ] [90m[1mreimport[22m | Preparing files to reimport...[39m[0m
[  85% ] [90m[1mreimport[22m | Preparing files to reimport...[39m[0m
[  85% ] [90m[1mreimport[22m | Preparing files to reimport...[39m[0m
[  85% ] [90m[1mreimport[22m | Preparing files to reimport...[39m[0m
[  85% ] [90m[1mreimport[22m | Preparing files to reimport...[39m[0m
[  85% ] [90m[1mreimport[22m | Preparing files to reimport...[39m[0m
[  85% ] [90m[1mreimport[22m | Preparing files to reimport...[39m[0m
[  85% ] [90m[1mreimport[22m | Preparing files to reimport...[39m[0m
[  85% ] [90m[1mreimport[22m | Preparing files to reimport...[39m[0m
[  85% ] [90m[1mreimport[22m | Preparing files to reimport...[39m[0m
[  85% ] [90m[1mreimport[22m | Preparing files to reimport...[39m[0m
[  85% ] [90m[1mreimport[22m | Preparing files to reimport...[39m[0m
[  85% ] [90m[1mreimport[22m | Preparing files to reimport...[39m[0m
[  85% ] [90m[1mreimport[22m | Preparing files to reimport...[39m[0m
[  85% ] [90m[1mreimport[22m | Preparing files to reimport...[39m[0m
[  85% ] [90m[1mreimport[22m | Preparing files to reimport...[39m[0m
[  85% ] [90m[1mreimport[22m | Preparing files to reimport...[39m[0m
[  85% ] [90m[1mreimport[22m | Preparing files to reimport...[39m[0m
[  85% ] [90m[1mreimport[22m | Preparing files to reimport...[39m[0m
[  85% ] [90m[1mreimport[22m | Preparing files to reimport...[39m[0m
[  85% ] [90m[1mreimport[22m | Preparing files to reimport...[39m[0m
[  85% ] [90m[1mreimport[22m | Preparing files to reimport...[39m[0m
[  85% ] [90m[1mreimport[22m | Preparing files to reimport...[39m[0m
[  85% ] [90m[1mreimport[22m | Preparing files to reimport...[39m[0m
[  85% ] [90m[1mreimport[22m | Preparing files to reimport...[39m[0m
[  85% ] [90m[1mreimport[22m | Preparing files to reimport...[39m[0m
[  85% ] [90m[1mreimport[22m | Preparing files to reimport...[39m[0m
[  85% ] [90m[1mreimport[22m | Preparing files to reimport...[39m[0m
[  85% ] [90m[1mreimport[22m | Preparing files to reimport...[39m[0m
[  85% ] [90m[1mreimport[22m | Preparing files to reimport...[39m[0m
[  85% ] [90m[1mreimport[22m | Preparing files to reimport...[39m[0m
[  85% ] [90m[1mreimport[22m | Preparing files to reimport...[39m[0m
[  86% ] [90m[1mreimport[22m | Preparing files to reimport...[39m[0m
[  86% ] [90m[1mreimport[22m | Preparing files to reimport...[39m[0m
[  86% ] [90m[1mreimport[22m | Preparing files to reimport...[39m[0m
[  86% ] [90m[1mreimport[22m | Preparing files to reimport...[39m[0m
[  86% ] [90m[1mreimport[22m | Preparing files to reimport...[39m[0m
[  86% ] [90m[1mreimport[22m | Preparing files to reimport...[39m[0m
[  86% ] [90m[1mreimport[22m | Preparing files to reimport...[39m[0m
[  86% ] [90m[1mreimport[22m | Preparing files to reimport...[39m[0m
[  86% ] [90m[1mreimport[22m | Preparing files to reimport...[39m[0m
[  86% ] [90m[1mreimport[22m | Preparing files to reimport...[39m[0m
[  86% ] [90m[1mreimport[22m | Preparing files to reimport...[39m[0m
[  86% ] [90m[1mreimport[22m | Preparing files to reimport...[39m[0m
[  86% ] [90m[1mreimport[22m | Preparing files to reimport...[39m[0m
[  86% ] [90m[1mreimport[22m | Preparing files to reimport...[39m[0m
[  86% ] [90m[1mreimport[22m | Preparing files to reimport...[39m[0m
[  86% ] [90m[1mreimport[22m | Preparing files to reimport...[39m[0m
[  86% ] [90m[1mreimport[22m | Preparing files to reimport...[39m[0m
[  86% ] [90m[1mreimport[22m | Preparing files to reimport...[39m[0m
[  86% ] [90m[1mreimport[22m | Preparing files to reimport...[39m[0m
[  86% ] [90m[1mreimport[22m | Preparing files to reimport...[39m[0m
[  86% ] [90m[1mreimport[22m | Preparing files to reimport...[39m[0m
[  86% ] [90m[1mreimport[22m | Preparing files to reimport...[39m[0m
[  86% ] [90m[1mreimport[22m | Preparing files to reimport...[39m[0m
[  86% ] [90m[1mreimport[22m | Preparing files to reimport...[39m[0m
[  86% ] [90m[1mreimport[22m | Preparing files to reimport...[39m[0m
[  86% ] [90m[1mreimport[22m | Preparing files to reimport...[39m[0m
[  86% ] [90m[1mreimport[22m | Preparing files to reimport...[39m[0m
[  86% ] [90m[1mreimport[22m | Preparing files to reimport...[39m[0m
[  86% ] [90m[1mreimport[22m | Preparing files to reimport...[39m[0m
[  86% ] [90m[1mreimport[22m | Preparing files to reimport...[39m[0m
[  86% ] [90m[1mreimport[22m | Preparing files to reimport...[39m[0m
[  86% ] [90m[1mreimport[22m | Preparing files to reimport...[39m[0m
[  86% ] [90m[1mreimport[22m | Preparing files to reimport...[39m[0m
[  86% ] [90m[1mreimport[22m | Preparing files to reimport...[39m[0m
[  86% ] [90m[1mreimport[22m | Preparing files to reimport...[39m[0m
[  86% ] [90m[1mreimport[22m | Preparing files to reimport...[39m[0m
[  86% ] [90m[1mreimport[22m | Preparing files to reimport...[39m[0m
[  86% ] [90m[1mreimport[22m | Preparing files to reimport...[39m[0m
[  86% ] [90m[1mreimport[22m | Preparing files to reimport...[39m[0m
[  87% ] [90m[1mreimport[22m | Preparing files to reimport...[39m[0m
[  87% ] [90m[1mreimport[22m | Preparing files to reimport...[39m[0m
[  87% ] [90m[1mreimport[22m | Preparing files to reimport...[39m[0m
[  87% ] [90m[1mreimport[22m | Preparing files to reimport...[39m[0m
[  87% ] [90m[1mreimport[22m | Preparing files to reimport...[39m[0m
[  87% ] [90m[1mreimport[22m | Preparing files to reimport...[39m[0m
[  87% ] [90m[1mreimport[22m | Preparing files to reimport...[39m[0m
[  87% ] [90m[1mreimport[22m | Preparing files to reimport...[39m[0m
[  87% ] [90m[1mreimport[22m | Preparing files to reimport...[39m[0m
[  87% ] [90m[1mreimport[22m | Preparing files to reimport...[39m[0m
[  87% ] [90m[1mreimport[22m | Preparing files to reimport...[39m[0m
[  87% ] [90m[1mreimport[22m | Preparing files to reimport...[39m[0m
[  87% ] [90m[1mreimport[22m | Preparing files to reimport...[39m[0m
[  87% ] [90m[1mreimport[22m | Preparing files to reimport...[39m[0m
[  87% ] [90m[1mreimport[22m | Preparing files to reimport...[39m[0m
[  87% ] [90m[1mreimport[22m | Preparing files to reimport...[39m[0m
[  87% ] [90m[1mreimport[22m | Preparing files to reimport...[39m[0m
[  87% ] [90m[1mreimport[22m | Preparing files to reimport...[39m[0m
[  87% ] [90m[1mreimport[22m | Preparing files to reimport...[39m[0m
[  87% ] [90m[1mreimport[22m | Preparing files to reimport...[39m[0m
[  87% ] [90m[1mreimport[22m | Preparing files to reimport...[39m[0m
[  87% ] [90m[1mreimport[22m | Preparing files to reimport...[39m[0m
[  87% ] [90m[1mreimport[22m | Preparing files to reimport...[39m[0m
[  87% ] [90m[1mreimport[22m | Preparing files to reimport...[39m[0m
[  87% ] [90m[1mreimport[22m | Preparing files to reimport...[39m[0m
[  87% ] [90m[1mreimport[22m | Preparing files to reimport...[39m[0m
[  87% ] [90m[1mreimport[22m | Preparing files to reimport...[39m[0m
[  87% ] [90m[1mreimport[22m | Preparing files to reimport...[39m[0m
[  87% ] [90m[1mreimport[22m | Preparing files to reimport...[39m[0m
[  87% ] [90m[1mreimport[22m | Preparing files to reimport...[39m[0m
[  87% ] [90m[1mreimport[22m | Preparing files to reimport...[39m[0m
[  87% ] [90m[1mreimport[22m | Preparing files to reimport...[39m[0m
[  87% ] [90m[1mreimport[22m | Preparing files to reimport...[39m[0m
[  87% ] [90m[1mreimport[22m | Preparing files to reimport...[39m[0m
[  87% ] [90m[1mreimport[22m | Preparing files to reimport...[39m[0m
[  87% ] [90m[1mreimport[22m | Preparing files to reimport...[39m[0m
[  87% ] [90m[1mreimport[22m | Preparing files to reimport...[39m[0m
[  87% ] [90m[1mreimport[22m | Preparing files to reimport...[39m[0m
[  87% ] [90m[1mreimport[22m | Preparing files to reimport...[39m[0m
[  87% ] [90m[1mreimport[22m | Preparing files to reimport...[39m[0m
[  88% ] [90m[1mreimport[22m | Preparing files to reimport...[39m[0m
[  88% ] [90m[1mreimport[22m | Preparing files to reimport...[39m[0m
[  88% ] [90m[1mreimport[22m | Preparing files to reimport...[39m[0m
[  88% ] [90m[1mreimport[22m | Preparing files to reimport...[39m[0m
[  88% ] [90m[1mreimport[22m | Preparing files to reimport...[39m[0m
[  88% ] [90m[1mreimport[22m | Preparing files to reimport...[39m[0m
[  88% ] [90m[1mreimport[22m | Preparing files to reimport...[39m[0m
[  88% ] [90m[1mreimport[22m | Preparing files to reimport...[39m[0m
[  88% ] [90m[1mreimport[22m | Preparing files to reimport...[39m[0m
[  88% ] [90m[1mreimport[22m | Preparing files to reimport...[39m[0m
[  88% ] [90m[1mreimport[22m | Preparing files to reimport...[39m[0m
[  88% ] [90m[1mreimport[22m | Preparing files to reimport...[39m[0m
[  88% ] [90m[1mreimport[22m | Preparing files to reimport...[39m[0m
[  88% ] [90m[1mreimport[22m | Preparing files to reimport...[39m[0m
[  88% ] [90m[1mreimport[22m | Preparing files to reimport...[39m[0m
[  88% ] [90m[1mreimport[22m | Preparing files to reimport...[39m[0m
[  88% ] [90m[1mreimport[22m | Preparing files to reimport...[39m[0m
[  88% ] [90m[1mreimport[22m | Preparing files to reimport...[39m[0m
[  88% ] [90m[1mreimport[22m | Preparing files to reimport...[39m[0m
[  88% ] [90m[1mreimport[22m | Preparing files to reimport...[39m[0m
[  88% ] [90m[1mreimport[22m | Preparing files to reimport...[39m[0m
[  88% ] [90m[1mreimport[22m | Preparing files to reimport...[39m[0m
[  88% ] [90m[1mreimport[22m | Preparing files to reimport...[39m[0m
[  88% ] [90m[1mreimport[22m | Preparing files to reimport...[39m[0m
[  88% ] [90m[1mreimport[22m | Preparing files to reimport...[39m[0m
[  88% ] [90m[1mreimport[22m | Preparing files to reimport...[39m[0m
[  88% ] [90m[1mreimport[22m | Preparing files to reimport...[39m[0m
[  88% ] [90m[1mreimport[22m | Preparing files to reimport...[39m[0m
[  88% ] [90m[1mreimport[22m | Preparing files to reimport...[39m[0m
[  88% ] [90m[1mreimport[22m | Preparing files to reimport...[39m[0m
[  88% ] [90m[1mreimport[22m | Preparing files to reimport...[39m[0m
[  88% ] [90m[1mreimport[22m | Preparing files to reimport...[39m[0m
[  88% ] [90m[1mreimport[22m | Preparing files to reimport...[39m[0m
[  88% ] [90m[1mreimport[22m | Preparing files to reimport...[39m[0m
[  88% ] [90m[1mreimport[22m | Preparing files to reimport...[39m[0m
[  88% ] [90m[1mreimport[22m | Preparing files to reimport...[39m[0m
[  88% ] [90m[1mreimport[22m | Preparing files to reimport...[39m[0m
[  88% ] [90m[1mreimport[22m | Preparing files to reimport...[39m[0m
[  88% ] [90m[1mreimport[22m | Preparing files to reimport...[39m[0m
[  89% ] [90m[1mreimport[22m | Preparing files to reimport...[39m[0m
[  89% ] [90m[1mreimport[22m | Preparing files to reimport...[39m[0m
[  89% ] [90m[1mreimport[22m | Preparing files to reimport...[39m[0m
[  89% ] [90m[1mreimport[22m | Preparing files to reimport...[39m[0m
[  89% ] [90m[1mreimport[22m | Preparing files to reimport...[39m[0m
[  89% ] [90m[1mreimport[22m | Preparing files to reimport...[39m[0m
[  89% ] [90m[1mreimport[22m | Preparing files to reimport...[39m[0m
[  89% ] [90m[1mreimport[22m | Preparing files to reimport...[39m[0m
[  89% ] [90m[1mreimport[22m | Preparing files to reimport...[39m[0m
[  89% ] [90m[1mreimport[22m | Preparing files to reimport...[39m[0m
[  89% ] [90m[1mreimport[22m | Preparing files to reimport...[39m[0m
[  89% ] [90m[1mreimport[22m | Preparing files to reimport...[39m[0m
[  89% ] [90m[1mreimport[22m | Preparing files to reimport...[39m[0m
[  89% ] [90m[1mreimport[22m | Preparing files to reimport...[39m[0m
[  89% ] [90m[1mreimport[22m | Preparing files to reimport...[39m[0m
[  89% ] [90m[1mreimport[22m | Preparing files to reimport...[39m[0m
[  89% ] [90m[1mreimport[22m | Preparing files to reimport...[39m[0m
[  89% ] [90m[1mreimport[22m | Preparing files to reimport...[39m[0m
[  89% ] [90m[1mreimport[22m | Preparing files to reimport...[39m[0m
[  89% ] [90m[1mreimport[22m | Preparing files to reimport...[39m[0m
[  89% ] [90m[1mreimport[22m | Preparing files to reimport...[39m[0m
[  89% ] [90m[1mreimport[22m | Preparing files to reimport...[39m[0m
[  89% ] [90m[1mreimport[22m | Preparing files to reimport...[39m[0m
[  89% ] [90m[1mreimport[22m | Preparing files to reimport...[39m[0m
[  89% ] [90m[1mreimport[22m | Preparing files to reimport...[39m[0m
[  89% ] [90m[1mreimport[22m | Preparing files to reimport...[39m[0m
[  89% ] [90m[1mreimport[22m | Preparing files to reimport...[39m[0m
[  89% ] [90m[1mreimport[22m | Preparing files to reimport...[39m[0m
[  89% ] [90m[1mreimport[22m | Preparing files to reimport...[39m[0m
[  89% ] [90m[1mreimport[22m | Preparing files to reimport...[39m[0m
[  89% ] [90m[1mreimport[22m | Preparing files to reimport...[39m[0m
[  89% ] [90m[1mreimport[22m | Preparing files to reimport...[39m[0m
[  89% ] [90m[1mreimport[22m | Preparing files to reimport...[39m[0m
[  89% ] [90m[1mreimport[22m | Preparing files to reimport...[39m[0m
[  89% ] [90m[1mreimport[22m | Preparing files to reimport...[39m[0m
[  89% ] [90m[1mreimport[22m | Preparing files to reimport...[39m[0m
[  89% ] [90m[1mreimport[22m | Preparing files to reimport...[39m[0m
[  89% ] [90m[1mreimport[22m | Preparing files to reimport...[39m[0m
[  89% ] [90m[1mreimport[22m | Preparing files to reimport...[39m[0m
[  89% ] [90m[1mreimport[22m | Preparing files to reimport...[39m[0m
[  90% ] [90m[1mreimport[22m | Preparing files to reimport...[39m[0m
[  90% ] [90m[1mreimport[22m | Preparing files to reimport...[39m[0m
[  90% ] [90m[1mreimport[22m | Preparing files to reimport...[39m[0m
[  90% ] [90m[1mreimport[22m | Preparing files to reimport...[39m[0m
[  90% ] [90m[1mreimport[22m | Preparing files to reimport...[39m[0m
[  90% ] [90m[1mreimport[22m | Preparing files to reimport...[39m[0m
[  90% ] [90m[1mreimport[22m | Preparing files to reimport...[39m[0m
[  90% ] [90m[1mreimport[22m | Preparing files to reimport...[39m[0m
[  90% ] [90m[1mreimport[22m | Preparing files to reimport...[39m[0m
[  90% ] [90m[1mreimport[22m | Preparing files to reimport...[39m[0m
[  90% ] [90m[1mreimport[22m | Preparing files to reimport...[39m[0m
[  90% ] [90m[1mreimport[22m | Preparing files to reimport...[39m[0m
[  90% ] [90m[1mreimport[22m | Preparing files to reimport...[39m[0m
[  90% ] [90m[1mreimport[22m | Preparing files to reimport...[39m[0m
[  90% ] [90m[1mreimport[22m | Preparing files to reimport...[39m[0m
[  90% ] [90m[1mreimport[22m | Preparing files to reimport...[39m[0m
[  90% ] [90m[1mreimport[22m | Preparing files to reimport...[39m[0m
[  90% ] [90m[1mreimport[22m | Preparing files to reimport...[39m[0m
[  90% ] [90m[1mreimport[22m | Preparing files to reimport...[39m[0m
[  90% ] [90m[1mreimport[22m | Preparing files to reimport...[39m[0m
[  90% ] [90m[1mreimport[22m | Preparing files to reimport...[39m[0m
[  90% ] [90m[1mreimport[22m | Preparing files to reimport...[39m[0m
[  90% ] [90m[1mreimport[22m | Preparing files to reimport...[39m[0m
[  90% ] [90m[1mreimport[22m | Preparing files to reimport...[39m[0m
[  90% ] [90m[1mreimport[22m | Preparing files to reimport...[39m[0m
[  90% ] [90m[1mreimport[22m | Preparing files to reimport...[39m[0m
[  90% ] [90m[1mreimport[22m | Preparing files to reimport...[39m[0m
[  90% ] [90m[1mreimport[22m | Preparing files to reimport...[39m[0m
[  90% ] [90m[1mreimport[22m | Preparing files to reimport...[39m[0m
[  90% ] [90m[1mreimport[22m | Preparing files to reimport...[39m[0m
[  90% ] [90m[1mreimport[22m | Preparing files to reimport...[39m[0m
[  90% ] [90m[1mreimport[22m | Preparing files to reimport...[39m[0m
[  90% ] [90m[1mreimport[22m | Preparing files to reimport...[39m[0m
[  90% ] [90m[1mreimport[22m | Preparing files to reimport...[39m[0m
[  90% ] [90m[1mreimport[22m | Preparing files to reimport...[39m[0m
[  90% ] [90m[1mreimport[22m | Preparing files to reimport...[39m[0m
[  90% ] [90m[1mreimport[22m | Preparing files to reimport...[39m[0m
[  90% ] [90m[1mreimport[22m | Preparing files to reimport...[39m[0m
[  90% ] [90m[1mreimport[22m | Preparing files to reimport...[39m[0m
[  90% ] [90m[1mreimport[22m | Preparing files to reimport...[39m[0m
[  91% ] [90m[1mreimport[22m | Preparing files to reimport...[39m[0m
[  91% ] [90m[1mreimport[22m | Preparing files to reimport...[39m[0m
[  91% ] [90m[1mreimport[22m | Preparing files to reimport...[39m[0m
[  91% ] [90m[1mreimport[22m | Preparing files to reimport...[39m[0m
[  91% ] [90m[1mreimport[22m | Preparing files to reimport...[39m[0m
[  91% ] [90m[1mreimport[22m | Preparing files to reimport...[39m[0m
[  91% ] [90m[1mreimport[22m | Preparing files to reimport...[39m[0m
[  91% ] [90m[1mreimport[22m | Preparing files to reimport...[39m[0m
[  91% ] [90m[1mreimport[22m | Preparing files to reimport...[39m[0m
[  91% ] [90m[1mreimport[22m | Preparing files to reimport...[39m[0m
[  91% ] [90m[1mreimport[22m | Preparing files to reimport...[39m[0m
[  91% ] [90m[1mreimport[22m | Preparing files to reimport...[39m[0m
[  91% ] [90m[1mreimport[22m | Preparing files to reimport...[39m[0m
[  91% ] [90m[1mreimport[22m | Preparing files to reimport...[39m[0m
[  91% ] [90m[1mreimport[22m | Preparing files to reimport...[39m[0m
[  91% ] [90m[1mreimport[22m | Preparing files to reimport...[39m[0m
[  91% ] [90m[1mreimport[22m | Preparing files to reimport...[39m[0m
[  91% ] [90m[1mreimport[22m | Preparing files to reimport...[39m[0m
[  91% ] [90m[1mreimport[22m | Preparing files to reimport...[39m[0m
[  91% ] [90m[1mreimport[22m | Preparing files to reimport...[39m[0m
[  91% ] [90m[1mreimport[22m | Preparing files to reimport...[39m[0m
[  91% ] [90m[1mreimport[22m | Preparing files to reimport...[39m[0m
[  91% ] [90m[1mreimport[22m | Preparing files to reimport...[39m[0m
[  91% ] [90m[1mreimport[22m | Preparing files to reimport...[39m[0m
[  91% ] [90m[1mreimport[22m | Preparing files to reimport...[39m[0m
[  91% ] [90m[1mreimport[22m | Preparing files to reimport...[39m[0m
[  91% ] [90m[1mreimport[22m | Preparing files to reimport...[39m[0m
[  91% ] [90m[1mreimport[22m | Preparing files to reimport...[39m[0m
[  91% ] [90m[1mreimport[22m | Preparing files to reimport...[39m[0m
[  91% ] [90m[1mreimport[22m | Preparing files to reimport...[39m[0m
[  91% ] [90m[1mreimport[22m | Preparing files to reimport...[39m[0m
[  91% ] [90m[1mreimport[22m | Preparing files to reimport...[39m[0m
[  91% ] [90m[1mreimport[22m | Preparing files to reimport...[39m[0m
[  91% ] [90m[1mreimport[22m | Preparing files to reimport...[39m[0m
[  91% ] [90m[1mreimport[22m | Preparing files to reimport...[39m[0m
[  91% ] [90m[1mreimport[22m | Preparing files to reimport...[39m[0m
[  91% ] [90m[1mreimport[22m | Preparing files to reimport...[39m[0m
[  91% ] [90m[1mreimport[22m | Preparing files to reimport...[39m[0m
[  91% ] [90m[1mreimport[22m | Preparing files to reimport...[39m[0m
[  92% ] [90m[1mreimport[22m | Preparing files to reimport...[39m[0m
[  92% ] [90m[1mreimport[22m | Preparing files to reimport...[39m[0m
[  92% ] [90m[1mreimport[22m | Preparing files to reimport...[39m[0m
[  92% ] [90m[1mreimport[22m | Preparing files to reimport...[39m[0m
[  92% ] [90m[1mreimport[22m | Preparing files to reimport...[39m[0m
[  92% ] [90m[1mreimport[22m | Preparing files to reimport...[39m[0m
[  92% ] [90m[1mreimport[22m | Preparing files to reimport...[39m[0m
[  92% ] [90m[1mreimport[22m | Preparing files to reimport...[39m[0m
[  92% ] [90m[1mreimport[22m | Preparing files to reimport...[39m[0m
[  92% ] [90m[1mreimport[22m | Preparing files to reimport...[39m[0m
[  92% ] [90m[1mreimport[22m | Preparing files to reimport...[39m[0m
[  92% ] [90m[1mreimport[22m | Preparing files to reimport...[39m[0m
[  92% ] [90m[1mreimport[22m | Preparing files to reimport...[39m[0m
[  92% ] [90m[1mreimport[22m | Preparing files to reimport...[39m[0m
[  92% ] [90m[1mreimport[22m | Preparing files to reimport...[39m[0m
[  92% ] [90m[1mreimport[22m | Preparing files to reimport...[39m[0m
[  92% ] [90m[1mreimport[22m | Preparing files to reimport...[39m[0m
[  92% ] [90m[1mreimport[22m | Preparing files to reimport...[39m[0m
[  92% ] [90m[1mreimport[22m | Preparing files to reimport...[39m[0m
[  92% ] [90m[1mreimport[22m | Preparing files to reimport...[39m[0m
[  92% ] [90m[1mreimport[22m | Preparing files to reimport...[39m[0m
[  92% ] [90m[1mreimport[22m | Preparing files to reimport...[39m[0m
[  92% ] [90m[1mreimport[22m | Preparing files to reimport...[39m[0m
[  92% ] [90m[1mreimport[22m | Preparing files to reimport...[39m[0m
[  92% ] [90m[1mreimport[22m | Preparing files to reimport...[39m[0m
[  92% ] [90m[1mreimport[22m | Preparing files to reimport...[39m[0m
[  92% ] [90m[1mreimport[22m | Preparing files to reimport...[39m[0m
[  92% ] [90m[1mreimport[22m | Preparing files to reimport...[39m[0m
[  92% ] [90m[1mreimport[22m | Preparing files to reimport...[39m[0m
[  92% ] [90m[1mreimport[22m | Preparing files to reimport...[39m[0m
[  92% ] [90m[1mreimport[22m | Preparing files to reimport...[39m[0m
[  92% ] [90m[1mreimport[22m | Preparing files to reimport...[39m[0m
[  92% ] [90m[1mreimport[22m | Preparing files to reimport...[39m[0m
[  92% ] [90m[1mreimport[22m | Preparing files to reimport...[39m[0m
[  92% ] [90m[1mreimport[22m | Preparing files to reimport...[39m[0m
[  92% ] [90m[1mreimport[22m | Preparing files to reimport...[39m[0m
[  92% ] [90m[1mreimport[22m | Preparing files to reimport...[39m[0m
[  92% ] [90m[1mreimport[22m | Preparing files to reimport...[39m[0m
[  92% ] [90m[1mreimport[22m | Preparing files to reimport...[39m[0m
[  92% ] [90m[1mreimport[22m | Preparing files to reimport...[39m[0m
[  93% ] [90m[1mreimport[22m | Preparing files to reimport...[39m[0m
[  93% ] [90m[1mreimport[22m | Preparing files to reimport...[39m[0m
[  93% ] [90m[1mreimport[22m | Preparing files to reimport...[39m[0m
[  93% ] [90m[1mreimport[22m | Preparing files to reimport...[39m[0m
[  93% ] [90m[1mreimport[22m | Preparing files to reimport...[39m[0m
[  93% ] [90m[1mreimport[22m | Preparing files to reimport...[39m[0m
[  93% ] [90m[1mreimport[22m | Preparing files to reimport...[39m[0m
[  93% ] [90m[1mreimport[22m | Preparing files to reimport...[39m[0m
[  93% ] [90m[1mreimport[22m | Preparing files to reimport...[39m[0m
[  93% ] [90m[1mreimport[22m | Preparing files to reimport...[39m[0m
[  93% ] [90m[1mreimport[22m | Preparing files to reimport...[39m[0m
[  93% ] [90m[1mreimport[22m | Preparing files to reimport...[39m[0m
[  93% ] [90m[1mreimport[22m | Preparing files to reimport...[39m[0m
[  93% ] [90m[1mreimport[22m | Preparing files to reimport...[39m[0m
[  93% ] [90m[1mreimport[22m | Preparing files to reimport...[39m[0m
[  93% ] [90m[1mreimport[22m | Preparing files to reimport...[39m[0m
[  93% ] [90m[1mreimport[22m | Preparing files to reimport...[39m[0m
[  93% ] [90m[1mreimport[22m | Preparing files to reimport...[39m[0m
[  93% ] [90m[1mreimport[22m | Preparing files to reimport...[39m[0m
[  93% ] [90m[1mreimport[22m | Preparing files to reimport...[39m[0m
[  93% ] [90m[1mreimport[22m | Preparing files to reimport...[39m[0m
[  93% ] [90m[1mreimport[22m | Preparing files to reimport...[39m[0m
[  93% ] [90m[1mreimport[22m | Preparing files to reimport...[39m[0m
[  93% ] [90m[1mreimport[22m | Preparing files to reimport...[39m[0m
[  93% ] [90m[1mreimport[22m | Preparing files to reimport...[39m[0m
[  93% ] [90m[1mreimport[22m | Preparing files to reimport...[39m[0m
[  93% ] [90m[1mreimport[22m | Preparing files to reimport...[39m[0m
[  93% ] [90m[1mreimport[22m | Preparing files to reimport...[39m[0m
[  93% ] [90m[1mreimport[22m | Preparing files to reimport...[39m[0m
[  93% ] [90m[1mreimport[22m | Preparing files to reimport...[39m[0m
[  93% ] [90m[1mreimport[22m | Preparing files to reimport...[39m[0m
[  93% ] [90m[1mreimport[22m | Preparing files to reimport...[39m[0m
[  93% ] [90m[1mreimport[22m | Preparing files to reimport...[39m[0m
[  93% ] [90m[1mreimport[22m | Preparing files to reimport...[39m[0m
[  93% ] [90m[1mreimport[22m | Preparing files to reimport...[39m[0m
[  93% ] [90m[1mreimport[22m | Preparing files to reimport...[39m[0m
[  93% ] [90m[1mreimport[22m | Preparing files to reimport...[39m[0m
[  93% ] [90m[1mreimport[22m | Preparing files to reimport...[39m[0m
[  93% ] [90m[1mreimport[22m | Preparing files to reimport...[39m[0m
[  94% ] [90m[1mreimport[22m | Preparing files to reimport...[39m[0m
[  94% ] [90m[1mreimport[22m | Preparing files to reimport...[39m[0m
[  94% ] [90m[1mreimport[22m | Preparing files to reimport...[39m[0m
[  94% ] [90m[1mreimport[22m | Preparing files to reimport...[39m[0m
[  94% ] [90m[1mreimport[22m | Preparing files to reimport...[39m[0m
[  94% ] [90m[1mreimport[22m | Preparing files to reimport...[39m[0m
[  94% ] [90m[1mreimport[22m | Preparing files to reimport...[39m[0m
[  94% ] [90m[1mreimport[22m | Preparing files to reimport...[39m[0m
[  94% ] [90m[1mreimport[22m | Preparing files to reimport...[39m[0m
[  94% ] [90m[1mreimport[22m | Preparing files to reimport...[39m[0m
[  94% ] [90m[1mreimport[22m | Preparing files to reimport...[39m[0m
[  94% ] [90m[1mreimport[22m | Preparing files to reimport...[39m[0m
[  94% ] [90m[1mreimport[22m | Preparing files to reimport...[39m[0m
[  94% ] [90m[1mreimport[22m | Preparing files to reimport...[39m[0m
[  94% ] [90m[1mreimport[22m | Preparing files to reimport...[39m[0m
[  94% ] [90m[1mreimport[22m | Preparing files to reimport...[39m[0m
[  94% ] [90m[1mreimport[22m | Preparing files to reimport...[39m[0m
[  94% ] [90m[1mreimport[22m | Preparing files to reimport...[39m[0m
[  94% ] [90m[1mreimport[22m | Preparing files to reimport...[39m[0m
[  94% ] [90m[1mreimport[22m | Preparing files to reimport...[39m[0m
[  94% ] [90m[1mreimport[22m | Preparing files to reimport...[39m[0m
[  94% ] [90m[1mreimport[22m | Preparing files to reimport...[39m[0m
[  94% ] [90m[1mreimport[22m | Preparing files to reimport...[39m[0m
[  94% ] [90m[1mreimport[22m | Preparing files to reimport...[39m[0m
[  94% ] [90m[1mreimport[22m | Preparing files to reimport...[39m[0m
[  94% ] [90m[1mreimport[22m | Preparing files to reimport...[39m[0m
[  94% ] [90m[1mreimport[22m | Preparing files to reimport...[39m[0m
[  94% ] [90m[1mreimport[22m | Preparing files to reimport...[39m[0m
[  94% ] [90m[1mreimport[22m | Preparing files to reimport...[39m[0m
[  94% ] [90m[1mreimport[22m | Preparing files to reimport...[39m[0m
[  94% ] [90m[1mreimport[22m | Preparing files to reimport...[39m[0m
[  94% ] [90m[1mreimport[22m | Preparing files to reimport...[39m[0m
[  94% ] [90m[1mreimport[22m | Preparing files to reimport...[39m[0m
[  94% ] [90m[1mreimport[22m | Preparing files to reimport...[39m[0m
[  94% ] [90m[1mreimport[22m | Preparing files to reimport...[39m[0m
[  94% ] [90m[1mreimport[22m | Preparing files to reimport...[39m[0m
[  94% ] [90m[1mreimport[22m | Preparing files to reimport...[39m[0m
[  94% ] [90m[1mreimport[22m | Preparing files to reimport...[39m[0m
[  94% ] [90m[1mreimport[22m | Preparing files to reimport...[39m[0m
[  94% ] [90m[1mreimport[22m | Preparing files to reimport...[39m[0m
[  95% ] [90m[1mreimport[22m | Preparing files to reimport...[39m[0m
[  95% ] [90m[1mreimport[22m | Preparing files to reimport...[39m[0m
[  95% ] [90m[1mreimport[22m | Preparing files to reimport...[39m[0m
[  95% ] [90m[1mreimport[22m | Preparing files to reimport...[39m[0m
[  95% ] [90m[1mreimport[22m | Preparing files to reimport...[39m[0m
[  95% ] [90m[1mreimport[22m | Preparing files to reimport...[39m[0m
[  95% ] [90m[1mreimport[22m | Preparing files to reimport...[39m[0m
[  95% ] [90m[1mreimport[22m | Preparing files to reimport...[39m[0m
[  95% ] [90m[1mreimport[22m | Preparing files to reimport...[39m[0m
[  95% ] [90m[1mreimport[22m | Preparing files to reimport...[39m[0m
[  95% ] [90m[1mreimport[22m | Preparing files to reimport...[39m[0m
[  95% ] [90m[1mreimport[22m | Preparing files to reimport...[39m[0m
[  95% ] [90m[1mreimport[22m | Preparing files to reimport...[39m[0m
[  95% ] [90m[1mreimport[22m | Preparing files to reimport...[39m[0m
[  95% ] [90m[1mreimport[22m | Preparing files to reimport...[39m[0m
[  95% ] [90m[1mreimport[22m | Preparing files to reimport...[39m[0m
[  95% ] [90m[1mreimport[22m | Preparing files to reimport...[39m[0m
[  95% ] [90m[1mreimport[22m | Preparing files to reimport...[39m[0m
[  95% ] [90m[1mreimport[22m | Preparing files to reimport...[39m[0m
[  95% ] [90m[1mreimport[22m | Preparing files to reimport...[39m[0m
[  95% ] [90m[1mreimport[22m | Preparing files to reimport...[39m[0m
[  95% ] [90m[1mreimport[22m | Preparing files to reimport...[39m[0m
[  95% ] [90m[1mreimport[22m | Preparing files to reimport...[39m[0m
[  95% ] [90m[1mreimport[22m | Preparing files to reimport...[39m[0m
[  95% ] [90m[1mreimport[22m | Preparing files to reimport...[39m[0m
[  95% ] [90m[1mreimport[22m | Preparing files to reimport...[39m[0m
[  95% ] [90m[1mreimport[22m | Preparing files to reimport...[39m[0m
[  95% ] [90m[1mreimport[22m | Preparing files to reimport...[39m[0m
[  95% ] [90m[1mreimport[22m | Preparing files to reimport...[39m[0m
[  95% ] [90m[1mreimport[22m | Preparing files to reimport...[39m[0m
[  95% ] [90m[1mreimport[22m | Preparing files to reimport...[39m[0m
[  95% ] [90m[1mreimport[22m | Preparing files to reimport...[39m[0m
[  95% ] [90m[1mreimport[22m | Preparing files to reimport...[39m[0m
[  95% ] [90m[1mreimport[22m | Preparing files to reimport...[39m[0m
[  95% ] [90m[1mreimport[22m | Preparing files to reimport...[39m[0m
[  95% ] [90m[1mreimport[22m | Preparing files to reimport...[39m[0m
[  95% ] [90m[1mreimport[22m | Preparing files to reimport...[39m[0m
[  95% ] [90m[1mreimport[22m | Preparing files to reimport...[39m[0m
[  95% ] [90m[1mreimport[22m | Preparing files to reimport...[39m[0m
[  96% ] [90m[1mreimport[22m | Preparing files to reimport...[39m[0m
[  96% ] [90m[1mreimport[22m | Preparing files to reimport...[39m[0m
[  96% ] [90m[1mreimport[22m | Preparing files to reimport...[39m[0m
[  96% ] [90m[1mreimport[22m | Preparing files to reimport...[39m[0m
[  96% ] [90m[1mreimport[22m | Preparing files to reimport...[39m[0m
[  96% ] [90m[1mreimport[22m | Preparing files to reimport...[39m[0m
[  96% ] [90m[1mreimport[22m | Preparing files to reimport...[39m[0m
[  96% ] [90m[1mreimport[22m | Preparing files to reimport...[39m[0m
[  96% ] [90m[1mreimport[22m | Preparing files to reimport...[39m[0m
[  96% ] [90m[1mreimport[22m | Preparing files to reimport...[39m[0m
[  96% ] [90m[1mreimport[22m | Preparing files to reimport...[39m[0m
[  96% ] [90m[1mreimport[22m | Preparing files to reimport...[39m[0m
[  96% ] [90m[1mreimport[22m | Preparing files to reimport...[39m[0m
[  96% ] [90m[1mreimport[22m | Preparing files to reimport...[39m[0m
[  96% ] [90m[1mreimport[22m | Preparing files to reimport...[39m[0m
[  96% ] [90m[1mreimport[22m | Preparing files to reimport...[39m[0m
[  96% ] [90m[1mreimport[22m | Preparing files to reimport...[39m[0m
[  96% ] [90m[1mreimport[22m | Preparing files to reimport...[39m[0m
[  96% ] [90m[1mreimport[22m | Preparing files to reimport...[39m[0m
[  96% ] [90m[1mreimport[22m | Preparing files to reimport...[39m[0m
[  96% ] [90m[1mreimport[22m | Preparing files to reimport...[39m[0m
[  96% ] [90m[1mreimport[22m | Preparing files to reimport...[39m[0m
[  96% ] [90m[1mreimport[22m | Preparing files to reimport...[39m[0m
[  96% ] [90m[1mreimport[22m | Preparing files to reimport...[39m[0m
[  96% ] [90m[1mreimport[22m | Preparing files to reimport...[39m[0m
[  96% ] [90m[1mreimport[22m | Preparing files to reimport...[39m[0m
[  96% ] [90m[1mreimport[22m | Preparing files to reimport...[39m[0m
[  96% ] [90m[1mreimport[22m | Preparing files to reimport...[39m[0m
[  96% ] [90m[1mreimport[22m | Preparing files to reimport...[39m[0m
[  96% ] [90m[1mreimport[22m | Preparing files to reimport...[39m[0m
[  96% ] [90m[1mreimport[22m | Preparing files to reimport...[39m[0m
[  96% ] [90m[1mreimport[22m | Preparing files to reimport...[39m[0m
[  96% ] [90m[1mreimport[22m | Preparing files to reimport...[39m[0m
[  96% ] [90m[1mreimport[22m | Preparing files to reimport...[39m[0m
[  96% ] [90m[1mreimport[22m | Preparing files to reimport...[39m[0m
[  96% ] [90m[1mreimport[22m | Preparing files to reimport...[39m[0m
[  96% ] [90m[1mreimport[22m | Preparing files to reimport...[39m[0m
[  96% ] [90m[1mreimport[22m | Preparing files to reimport...[39m[0m
[  96% ] [90m[1mreimport[22m | Preparing files to reimport...[39m[0m
[  96% ] [90m[1mreimport[22m | Preparing files to reimport...[39m[0m
[  97% ] [90m[1mreimport[22m | Preparing files to reimport...[39m[0m
[  97% ] [90m[1mreimport[22m | Preparing files to reimport...[39m[0m
[  97% ] [90m[1mreimport[22m | Preparing files to reimport...[39m[0m
[  97% ] [90m[1mreimport[22m | Preparing files to reimport...[39m[0m
[  97% ] [90m[1mreimport[22m | Preparing files to reimport...[39m[0m
[  97% ] [90m[1mreimport[22m | Preparing files to reimport...[39m[0m
[  97% ] [90m[1mreimport[22m | Preparing files to reimport...[39m[0m
[  97% ] [90m[1mreimport[22m | Preparing files to reimport...[39m[0m
[  97% ] [90m[1mreimport[22m | Preparing files to reimport...[39m[0m
[  97% ] [90m[1mreimport[22m | Preparing files to reimport...[39m[0m
[  97% ] [90m[1mreimport[22m | Preparing files to reimport...[39m[0m
[  97% ] [90m[1mreimport[22m | Preparing files to reimport...[39m[0m
[  97% ] [90m[1mreimport[22m | Preparing files to reimport...[39m[0m
[  97% ] [90m[1mreimport[22m | Preparing files to reimport...[39m[0m
[  97% ] [90m[1mreimport[22m | Preparing files to reimport...[39m[0m
[  97% ] [90m[1mreimport[22m | Preparing files to reimport...[39m[0m
[  97% ] [90m[1mreimport[22m | Preparing files to reimport...[39m[0m
[  97% ] [90m[1mreimport[22m | Preparing files to reimport...[39m[0m
[  97% ] [90m[1mreimport[22m | Preparing files to reimport...[39m[0m
[  97% ] [90m[1mreimport[22m | Preparing files to reimport...[39m[0m
[  97% ] [90m[1mreimport[22m | Preparing files to reimport...[39m[0m
[  97% ] [90m[1mreimport[22m | Preparing files to reimport...[39m[0m
[  97% ] [90m[1mreimport[22m | Preparing files to reimport...[39m[0m
[  97% ] [90m[1mreimport[22m | Preparing files to reimport...[39m[0m
[  97% ] [90m[1mreimport[22m | Preparing files to reimport...[39m[0m
[  97% ] [90m[1mreimport[22m | Preparing files to reimport...[39m[0m
[  97% ] [90m[1mreimport[22m | Preparing files to reimport...[39m[0m
[  97% ] [90m[1mreimport[22m | Preparing files to reimport...[39m[0m
[  97% ] [90m[1mreimport[22m | Preparing files to reimport...[39m[0m
[  97% ] [90m[1mreimport[22m | Preparing files to reimport...[39m[0m
[  97% ] [90m[1mreimport[22m | Preparing files to reimport...[39m[0m
[  97% ] [90m[1mreimport[22m | Preparing files to reimport...[39m[0m
[  97% ] [90m[1mreimport[22m | Preparing files to reimport...[39m[0m
[  97% ] [90m[1mreimport[22m | Preparing files to reimport...[39m[0m
[  97% ] [90m[1mreimport[22m | Preparing files to reimport...[39m[0m
[  97% ] [90m[1mreimport[22m | Preparing files to reimport...[39m[0m
[  97% ] [90m[1mreimport[22m | Preparing files to reimport...[39m[0m
[  97% ] [90m[1mreimport[22m | Preparing files to reimport...[39m[0m
[  97% ] [90m[1mreimport[22m | Preparing files to reimport...[39m[0m
[  98% ] [90m[1mreimport[22m | Preparing files to reimport...[39m[0m
[  98% ] [90m[1mreimport[22m | Preparing files to reimport...[39m[0m
[  98% ] [90m[1mreimport[22m | Preparing files to reimport...[39m[0m
[  98% ] [90m[1mreimport[22m | Preparing files to reimport...[39m[0m
[  98% ] [90m[1mreimport[22m | Preparing files to reimport...[39m[0m
[  98% ] [90m[1mreimport[22m | Preparing files to reimport...[39m[0m
[  98% ] [90m[1mreimport[22m | Preparing files to reimport...[39m[0m
[  98% ] [90m[1mreimport[22m | Preparing files to reimport...[39m[0m
[  98% ] [90m[1mreimport[22m | Preparing files to reimport...[39m[0m
[  98% ] [90m[1mreimport[22m | Preparing files to reimport...[39m[0m
[  98% ] [90m[1mreimport[22m | Preparing files to reimport...[39m[0m
[  98% ] [90m[1mreimport[22m | Preparing files to reimport...[39m[0m
[  98% ] [90m[1mreimport[22m | Preparing files to reimport...[39m[0m
[  98% ] [90m[1mreimport[22m | Preparing files to reimport...[39m[0m
[  98% ] [90m[1mreimport[22m | Preparing files to reimport...[39m[0m
[  98% ] [90m[1mreimport[22m | Preparing files to reimport...[39m[0m
[  98% ] [90m[1mreimport[22m | Preparing files to reimport...[39m[0m
[  98% ] [90m[1mreimport[22m | Preparing files to reimport...[39m[0m
[  98% ] [90m[1mreimport[22m | Preparing files to reimport...[39m[0m
[  98% ] [90m[1mreimport[22m | Preparing files to reimport...[39m[0m
[  98% ] [90m[1mreimport[22m | Preparing files to reimport...[39m[0m
[  98% ] [90m[1mreimport[22m | Preparing files to reimport...[39m[0m
[  98% ] [90m[1mreimport[22m | Preparing files to reimport...[39m[0m
[  98% ] [90m[1mreimport[22m | Preparing files to reimport...[39m[0m
[  98% ] [90m[1mreimport[22m | Preparing files to reimport...[39m[0m
[  98% ] [90m[1mreimport[22m | Preparing files to reimport...[39m[0m
[  98% ] [90m[1mreimport[22m | Preparing files to reimport...[39m[0m
[  98% ] [90m[1mreimport[22m | Preparing files to reimport...[39m[0m
[  98% ] [90m[1mreimport[22m | Preparing files to reimport...[39m[0m
[  98% ] [90m[1mreimport[22m | Preparing files to reimport...[39m[0m
[  98% ] [90m[1mreimport[22m | Preparing files to reimport...[39m[0m
[  98% ] [90m[1mreimport[22m | Preparing files to reimport...[39m[0m
[  98% ] [90m[1mreimport[22m | Preparing files to reimport...[39m[0m
[  98% ] [90m[1mreimport[22m | Preparing files to reimport...[39m[0m
[  98% ] [90m[1mreimport[22m | Preparing files to reimport...[39m[0m
[  98% ] [90m[1mreimport[22m | Preparing files to reimport...[39m[0m
[  98% ] [90m[1mreimport[22m | Preparing files to reimport...[39m[0m
[  98% ] [90m[1mreimport[22m | Preparing files to reimport...[39m[0m
[  98% ] [90m[1mreimport[22m | Preparing files to reimport...[39m[0m
[  98% ] [90m[1mreimport[22m | Preparing files to reimport...[39m[0m
[  99% ] [90m[1mreimport[22m | Preparing files to reimport...[39m[0m
[  99% ] [90m[1mreimport[22m | Preparing files to reimport...[39m[0m
[  99% ] [90m[1mreimport[22m | Preparing files to reimport...[39m[0m
[  99% ] [90m[1mreimport[22m | Preparing files to reimport...[39m[0m
[  99% ] [90m[1mreimport[22m | Preparing files to reimport...[39m[0m
[  99% ] [90m[1mreimport[22m | Preparing files to reimport...[39m[0m
[  99% ] [90m[1mreimport[22m | Preparing files to reimport...[39m[0m
[  99% ] [90m[1mreimport[22m | Preparing files to reimport...[39m[0m
[  99% ] [90m[1mreimport[22m | Preparing files to reimport...[39m[0m
[  99% ] [90m[1mreimport[22m | Preparing files to reimport...[39m[0m
[  99% ] [90m[1mreimport[22m | Preparing files to reimport...[39m[0m
[  99% ] [90m[1mreimport[22m | Preparing files to reimport...[39m[0m
[  99% ] [90m[1mreimport[22m | Preparing files to reimport...[39m[0m
[  99% ] [90m[1mreimport[22m | Preparing files to reimport...[39m[0m
[  99% ] [90m[1mreimport[22m | Preparing files to reimport...[39m[0m
[  99% ] [90m[1mreimport[22m | Preparing files to reimport...[39m[0m
[  99% ] [90m[1mreimport[22m | Preparing files to reimport...[39m[0m
[  99% ] [90m[1mreimport[22m | Preparing files to reimport...[39m[0m
[  99% ] [90m[1mreimport[22m | Preparing files to reimport...[39m[0m
[  99% ] [90m[1mreimport[22m | Preparing files to reimport...[39m[0m
[  99% ] [90m[1mreimport[22m | Preparing files to reimport...[39m[0m
[  99% ] [90m[1mreimport[22m | Preparing files to reimport...[39m[0m
[  99% ] [90m[1mreimport[22m | Preparing files to reimport...[39m[0m
[  99% ] [90m[1mreimport[22m | Preparing files to reimport...[39m[0m
[  99% ] [90m[1mreimport[22m | Preparing files to reimport...[39m[0m
[  99% ] [90m[1mreimport[22m | Preparing files to reimport...[39m[0m
[  99% ] [90m[1mreimport[22m | Preparing files to reimport...[39m[0m
[  99% ] [90m[1mreimport[22m | Preparing files to reimport...[39m[0m
[  99% ] [90m[1mreimport[22m | Preparing files to reimport...[39m[0m
[  99% ] [90m[1mreimport[22m | Preparing files to reimport...[39m[0m
[  99% ] [90m[1mreimport[22m | Preparing files to reimport...[39m[0m
[  99% ] [90m[1mreimport[22m | Preparing files to reimport...[39m[0m
[  99% ] [90m[1mreimport[22m | Preparing files to reimport...[39m[0m
[  99% ] [90m[1mreimport[22m | Preparing files to reimport...[39m[0m
[  99% ] [90m[1mreimport[22m | Preparing files to reimport...[39m[0m
[  99% ] [90m[1mreimport[22m | Preparing files to reimport...[39m[0m
[  99% ] [90m[1mreimport[22m | Preparing files to reimport...[39m[0m
[  99% ] [90m[1mreimport[22m | Preparing files to reimport...[39m[0m
[   0% ] [90m[1mreimport[22m | Executing pre-reimport operations...[39m[0m
[   0% ] [90m[1mreimport[22m | character_balance_dps.csv[39m[0m
[   0% ] [90m[1mreimport[22m | class_damage_table_3variants.csv[39m[0m
[   0% ] [90m[1mreimport[22m | music_boss_battle.mp3[39m[0m
[   0% ] [90m[1mreimport[22m | character_balance_dps.csv[39m[0m
[   0% ] [90m[1mreimport[22m | class_damage_table_3variants.csv[39m[0m
[   0% ] [90m[1mreimport[22m | music_boss_battle.mp3[39m[0m
[   0% ] [90m[1mreimport[22m | ui_hud_bar_fill_ult.png[39m[0m
[   0% ] [90m[1mreimport[22m | ui_hud_bar_fill_xp.png[39m[0m
[   0% ] [90m[1mreimport[22m | ui_hud_gold_medallion.png[39m[0m
[   0% ] [90m[1mreimport[22m | hud_hp.png[39m[0m
[   0% ] [90m[1mreimport[22m | hud_money.png[39m[0m
[   0% ] [90m[1mreimport[22m | hud_xp.png[39m[0m
[   0% ] [90m[1mreimport[22m | ui_hud_bar_fill_hp.png[39m[0m
[   0% ] [90m[1mreimport[22m | timer_frame.png[39m[0m
[   0% ] [90m[1mreimport[22m | timer_frame_alarm.png[39m[0m
[   0% ] [90m[1mreimport[22m | artifact_ash_page.png[39m[0m
[   0% ] [90m[1mreimport[22m | artifact_banner_seed.png[39m[0m
[   0% ] [90m[1mreimport[22m | artifact_bass_cable.png[39m[0m
[   0% ] [90m[1mreimport[22m | artifact_berserk_totem.png[39m[0m
[   0% ] [90m[1mreimport[22m | artifact_blood_pact.png[39m[0m
[   0% ] [90m[1mreimport[22m | artifact_blood_sigil.png[39m[0m
[   0% ] [90m[1mreimport[22m | artifact_breather_totem.png[39m[0m
[   0% ] [90m[1mreimport[22m | artifact_broken_pick.png[39m[0m
[   0% ] [90m[1mreimport[22m | artifact_bulwark_echo.png[39m[0m
[   0% ] [90m[1mreimport[22m | artifact_burning_shard.png[39m[0m
[   0% ] [90m[1mreimport[22m | artifact_captains_coin.png[39m[0m
[   0% ] [90m[1mreimport[22m | artifact_chain_spark.png[39m[0m
[   0% ] [90m[1mreimport[22m | artifact_copper_string.png[39m[0m
[   0% ] [90m[1mreimport[22m | artifact_counterwave_sigil.png[39m[0m
[   0% ] [90m[1mreimport[22m | artifact_cracked_shield.png[39m[0m
[   0% ] [90m[1mreimport[22m | artifact_crit_impulse.png[39m[0m
[   0% ] [90m[1mreimport[22m | artifact_cursed_crown.png[39m[0m
[   0% ] [90m[1mreimport[22m | artifact_dark_crystal.png[39m[0m
[   0% ] [90m[1mreimport[22m | artifact_duelist_spur.png[39m[0m
[   0% ] [90m[1mreimport[22m | artifact_echo_core.png[39m[0m
[   0% ] [90m[1mreimport[22m | artifact_echo_pick.png[39m[0m
[   0% ] [90m[1mreimport[22m | ui_btn_text_unique_rebind_420x62_normal.png[39m[0m
[   0% ] [90m[1mreimport[22m | ui_btn_text_unique_rebind_420x62_pressed.png[39m[0m
[   0% ] [90m[1mreimport[22m | ui_btn_text_unique_reset_bindings_long_560x104_disabled.png[39m[0m
[   0% ] [90m[1mreimport[22m | ui_btn_text_unique_reset_bindings_long_560x104_focus.png[39m[0m
[   1% ] [90m[1mreimport[22m | ui_btn_text_unique_reset_bindings_long_560x104_hover.png[39m[0m
[   1% ] [90m[1mreimport[22m | ui_btn_text_unique_reset_bindings_long_560x104_normal.png[39m[0m
[   1% ] [90m[1mreimport[22m | ui_btn_text_unique_reset_bindings_long_560x104_pressed.png[39m[0m
[   1% ] [90m[1mreimport[22m | ui_btn_text_unique_settings_back_280x64_disabled.png[39m[0m
[   1% ] [90m[1mreimport[22m | ui_btn_text_unique_settings_back_280x64_focus.png[39m[0m
[   1% ] [90m[1mreimport[22m | ui_btn_text_unique_settings_back_280x64_hover.png[39m[0m
[   1% ] [90m[1mreimport[22m | ui_btn_text_unique_settings_back_280x64_normal.png[39m[0m
[   1% ] [90m[1mreimport[22m | ui_btn_text_unique_settings_back_280x64_pressed.png[39m[0m
[   1% ] [90m[1mreimport[22m | ui_btn_text_unique_standard_420x104_disabled.png[39m[0m
[   1% ] [90m[1mreimport[22m | ui_btn_text_unique_standard_420x104_focus.png[39m[0m
[   1% ] [90m[1mreimport[22m | ui_btn_text_unique_standard_420x104_hover.png[39m[0m
[   1% ] [90m[1mreimport[22m | ui_btn_text_unique_standard_420x104_normal.png[39m[0m
[   1% ] [90m[1mreimport[22m | ui_btn_text_unique_standard_420x104_pressed.png[39m[0m
[   1% ] [90m[1mreimport[22m | ui_btn_text_unique_wide_440x104_disabled.png[39m[0m
[   1% ] [90m[1mreimport[22m | ui_btn_text_unique_wide_440x104_focus.png[39m[0m
[   1% ] [90m[1mreimport[22m | ui_btn_text_unique_wide_440x104_hover.png[39m[0m
[   1% ] [90m[1mreimport[22m | ui_btn_text_unique_wide_440x104_normal.png[39m[0m
[   1% ] [90m[1mreimport[22m | ui_btn_text_unique_wide_440x104_pressed.png[39m[0m
[   1% ] [90m[1mreimport[22m | ui_frame_unified_hover_overlay.png[39m[0m
[   1% ] [90m[1mreimport[22m | ui_frame_unified_inner_fill.png[39m[0m
[   1% ] [90m[1mreimport[22m | ui_frame_unified_master.png[39m[0m
[   1% ] [90m[1mreimport[22m | ui_frame_unified_master_fill.png[39m[0m
[   1% ] [90m[1mreimport[22m | ui_frame_unified_ornament_bottom.png[39m[0m
[   1% ] [90m[1mreimport[22m | ui_frame_unified_ornament_top.png[39m[0m
[   1% ] [90m[1mreimport[22m | background.png[39m[0m
[   1% ] [90m[1mreimport[22m | ui_hud_bar_fill_gold.png[39m[0m
[   1% ] [90m[1mreimport[22m | artifact_skull_resonator.png[39m[0m
[   1% ] [90m[1mreimport[22m | artifact_soul_harvest.png[39m[0m
[   1% ] [90m[1mreimport[22m | artifact_splinter_gloves.png[39m[0m
[   1% ] [90m[1mreimport[22m | artifact_split_core.png[39m[0m
[   1% ] [90m[1mreimport[22m | artifact_star_compass.png[39m[0m
[   1% ] [90m[1mreimport[22m | artifact_stone_heart.png[39m[0m
[   1% ] [90m[1mreimport[22m | artifact_stone_hide.png[39m[0m
[   1% ] [90m[1mreimport[22m | artifact_sturdy_amulet.png[39m[0m
[   1% ] [90m[1mreimport[22m | artifact_summoners_bell.png[39m[0m
[   1% ] [90m[1mreimport[22m | artifact_survival_manual.png[39m[0m
[   1% ] [90m[1mreimport[22m | artifact_swift_ink.png[39m[0m
[   1% ] [90m[1mreimport[22m | artifact_thorn_pact.png[39m[0m
[   1% ] [90m[1mreimport[22m | artifact_vital_siphon.png[39m[0m
[   1% ] [90m[1mreimport[22m | artifact_void_ink.png[39m[0m
[   2% ] [90m[1mreimport[22m | artifact_warriors_rage.png[39m[0m
[   2% ] [90m[1mreimport[22m | artifact_warrior_charm.png[39m[0m
[   2% ] [90m[1mreimport[22m | artifact_war_belt.png[39m[0m
[   2% ] [90m[1mreimport[22m | artifact_wide_sigil.png[39m[0m
[   2% ] [90m[1mreimport[22m | attr_absorb.png[39m[0m
[   2% ] [90m[1mreimport[22m | attr_aoe_radius.png[39m[0m
[   2% ] [90m[1mreimport[22m | attr_attack_range.png[39m[0m
[   2% ] [90m[1mreimport[22m | attr_attack_speed.png[39m[0m
[   2% ] [90m[1mreimport[22m | attr_aura_radius.png[39m[0m
[   2% ] [90m[1mreimport[22m | attr_buff_power.png[39m[0m
[   2% ] [90m[1mreimport[22m | attr_crit_chance.png[39m[0m
[   2% ] [90m[1mreimport[22m | attr_crit_damage_multiplier.png[39m[0m
[   2% ] [90m[1mreimport[22m | attr_damage.png[39m[0m
[   2% ] [90m[1mreimport[22m | attr_defense.png[39m[0m
[   2% ] [90m[1mreimport[22m | attr_dodge.png[39m[0m
[   2% ] [90m[1mreimport[22m | attr_dot_damage.png[39m[0m
[   2% ] [90m[1mreimport[22m | attr_dot_speed.png[39m[0m
[   2% ] [90m[1mreimport[22m | artifact_ember_core.png[39m[0m
[   2% ] [90m[1mreimport[22m | artifact_fast_boots.png[39m[0m
[   2% ] [90m[1mreimport[22m | artifact_field_kit.png[39m[0m
[   2% ] [90m[1mreimport[22m | artifact_focus_lens.png[39m[0m
[   2% ] [90m[1mreimport[22m | artifact_fox_boots.png[39m[0m
[   2% ] [90m[1mreimport[22m | artifact_fragile_heart.png[39m[0m
[   2% ] [90m[1mreimport[22m | artifact_glass_edge.png[39m[0m
[   2% ] [90m[1mreimport[22m | artifact_glass_orb.png[39m[0m
[   2% ] [90m[1mreimport[22m | artifact_golden_route_mark.png[39m[0m
[   2% ] [90m[1mreimport[22m | artifact_greedy_purse.png[39m[0m
[   2% ] [90m[1mreimport[22m | artifact_guardian_bulwark.png[39m[0m
[   2% ] [90m[1mreimport[22m | artifact_hawk_lens.png[39m[0m
[   2% ] [90m[1mreimport[22m | artifact_heavy_grip.png[39m[0m
[   2% ] [90m[1mreimport[22m | artifact_heavy_totem.png[39m[0m
[   2% ] [90m[1mreimport[22m | artifact_hungry_amulet.png[39m[0m
[   2% ] [90m[1mreimport[22m | artifact_ink_candle.png[39m[0m
[   2% ] [90m[1mreimport[22m | artifact_jagged_blade.png[39m[0m
[   2% ] [90m[1mreimport[22m | artifact_leech_fang.png[39m[0m
[   2% ] [90m[1mreimport[22m | artifact_leech_heart.png[39m[0m
[   2% ] [90m[1mreimport[22m | artifact_living_root.png[39m[0m
[   2% ] [90m[1mreimport[22m | artifact_loud_amp.png[39m[0m
[   2% ] [90m[1mreimport[22m | artifact_magnetic_buckle.png[39m[0m
[   3% ] [90m[1mreimport[22m | artifact_old_codex.png[39m[0m
[   3% ] [90m[1mreimport[22m | artifact_phantom_step.png[39m[0m
[   3% ] [90m[1mreimport[22m | artifact_powder_charge.png[39m[0m
[   3% ] [90m[1mreimport[22m | artifact_quickstring.png[39m[0m
[   3% ] [90m[1mreimport[22m | artifact_red_whetstone.png[39m[0m
[   3% ] [90m[1mreimport[22m | artifact_rift_key.png[39m[0m
[   3% ] [90m[1mreimport[22m | artifact_sacrifice_seal.png[39m[0m
[   3% ] [90m[1mreimport[22m | artifact_second_wind.png[39m[0m
[   3% ] [90m[1mreimport[22m | artifact_sharp_talisman.png[39m[0m
[   3% ] [90m[1mreimport[22m | artifact_silver_coin.png[39m[0m
[   3% ] [90m[1mreimport[22m | ui_btn_red_gold_pause.png[39m[0m
[   3% ] [90m[1mreimport[22m | ui_btn_red_gold_pause_disabled.png[39m[0m
[   3% ] [90m[1mreimport[22m | ui_btn_red_gold_pause_hover.png[39m[0m
[   3% ] [90m[1mreimport[22m | ui_btn_red_gold_pause_pressed.png[39m[0m
[   3% ] [90m[1mreimport[22m | ui_btn_red_gold_rebind.png[39m[0m
[   3% ] [90m[1mreimport[22m | ui_btn_red_gold_rebind_disabled.png[39m[0m
[   3% ] [90m[1mreimport[22m | ui_btn_red_gold_rebind_hover.png[39m[0m
[   3% ] [90m[1mreimport[22m | ui_btn_red_gold_rebind_pressed.png[39m[0m
[   3% ] [90m[1mreimport[22m | ui_btn_red_gold_reset_audio.png[39m[0m
[   3% ] [90m[1mreimport[22m | ui_btn_red_gold_reset_audio_disabled.png[39m[0m
[   3% ] [90m[1mreimport[22m | ui_btn_red_gold_reset_audio_hover.png[39m[0m
[   3% ] [90m[1mreimport[22m | ui_btn_red_gold_reset_audio_pressed.png[39m[0m
[   3% ] [90m[1mreimport[22m | ui_btn_red_gold_reset_bindings.png[39m[0m
[   3% ] [90m[1mreimport[22m | ui_btn_red_gold_reset_bindings_disabled.png[39m[0m
[   3% ] [90m[1mreimport[22m | ui_btn_red_gold_reset_bindings_hover.png[39m[0m
[   3% ] [90m[1mreimport[22m | ui_btn_red_gold_reset_bindings_pressed.png[39m[0m
[   3% ] [90m[1mreimport[22m | ui_btn_red_gold_standard.png[39m[0m
[   3% ] [90m[1mreimport[22m | ui_btn_red_gold_standard_disabled.png[39m[0m
[   3% ] [90m[1mreimport[22m | ui_btn_red_gold_standard_hover.png[39m[0m
[   3% ] [90m[1mreimport[22m | ui_btn_red_gold_standard_pressed.png[39m[0m
[   3% ] [90m[1mreimport[22m | ui_btn_red_gold_utility.png[39m[0m
[   3% ] [90m[1mreimport[22m | ui_btn_red_gold_utility_disabled.png[39m[0m
[   3% ] [90m[1mreimport[22m | ui_btn_red_gold_utility_hover.png[39m[0m
[   3% ] [90m[1mreimport[22m | ui_btn_red_gold_utility_pressed.png[39m[0m
[   3% ] [90m[1mreimport[22m | ui_frame_reward_card.png[39m[0m
[   3% ] [90m[1mreimport[22m | ui_frame_reward_card_hover.png[39m[0m
[   3% ] [90m[1mreimport[22m | ui_frame_reward_elite_artifact_card.png[39m[0m
[   3% ] [90m[1mreimport[22m | ui_frame_reward_elite_artifact_card_hover.png[39m[0m
[   3% ] [90m[1mreimport[22m | ui_frame_settings_tab_switcher.png[39m[0m
[   3% ] [90m[1mreimport[22m | ui_frame_settings_tab_switcher_3slot.png[39m[0m
[   4% ] [90m[1mreimport[22m | ui_btn_red_gold_back_l_disabled.png[39m[0m
[   4% ] [90m[1mreimport[22m | ui_btn_red_gold_back_l_hover.png[39m[0m
[   4% ] [90m[1mreimport[22m | ui_btn_red_gold_back_l_pressed.png[39m[0m
[   4% ] [90m[1mreimport[22m | ui_btn_red_gold_back_m.png[39m[0m
[   4% ] [90m[1mreimport[22m | ui_btn_red_gold_back_m_disabled.png[39m[0m
[   4% ] [90m[1mreimport[22m | ui_btn_red_gold_back_m_hover.png[39m[0m
[   4% ] [90m[1mreimport[22m | ui_btn_red_gold_back_m_pressed.png[39m[0m
[   4% ] [90m[1mreimport[22m | ui_btn_red_gold_back_s.png[39m[0m
[   4% ] [90m[1mreimport[22m | ui_btn_red_gold_back_s_disabled.png[39m[0m
[   4% ] [90m[1mreimport[22m | ui_btn_red_gold_back_s_hover.png[39m[0m
[   4% ] [90m[1mreimport[22m | ui_btn_red_gold_back_s_pressed.png[39m[0m
[   4% ] [90m[1mreimport[22m | ui_btn_red_gold_codex_tab.png[39m[0m
[   4% ] [90m[1mreimport[22m | ui_btn_red_gold_codex_tab_disabled.png[39m[0m
[   4% ] [90m[1mreimport[22m | ui_btn_red_gold_codex_tab_hover.png[39m[0m
[   4% ] [90m[1mreimport[22m | ui_btn_red_gold_codex_tab_pressed.png[39m[0m
[   4% ] [90m[1mreimport[22m | ui_btn_red_gold_fab.png[39m[0m
[   4% ] [90m[1mreimport[22m | ui_btn_red_gold_fab_disabled.png[39m[0m
[   4% ] [90m[1mreimport[22m | ui_btn_red_gold_fab_hover.png[39m[0m
[   4% ] [90m[1mreimport[22m | ui_btn_red_gold_fab_pressed.png[39m[0m
[   4% ] [90m[1mreimport[22m | ui_btn_red_gold_hero_confirm.png[39m[0m
[   4% ] [90m[1mreimport[22m | ui_btn_red_gold_hero_confirm_disabled.png[39m[0m
[   4% ] [90m[1mreimport[22m | ui_btn_red_gold_hero_confirm_hover.png[39m[0m
[   4% ] [90m[1mreimport[22m | ui_btn_red_gold_hero_confirm_pressed.png[39m[0m
[   4% ] [90m[1mreimport[22m | ui_btn_red_gold_main_menu.png[39m[0m
[   4% ] [90m[1mreimport[22m | ui_btn_red_gold_main_menu_disabled.png[39m[0m
[   4% ] [90m[1mreimport[22m | ui_btn_red_gold_main_menu_hover.png[39m[0m
[   4% ] [90m[1mreimport[22m | ui_btn_red_gold_main_menu_pressed.png[39m[0m
[   4% ] [90m[1mreimport[22m | ui_btn_red_gold_max.png[39m[0m
[   4% ] [90m[1mreimport[22m | ui_btn_red_gold_max_disabled.png[39m[0m
[   4% ] [90m[1mreimport[22m | ui_btn_red_gold_max_hover.png[39m[0m
[   4% ] [90m[1mreimport[22m | ui_btn_red_gold_max_pressed.png[39m[0m
[   4% ] [90m[1mreimport[22m | ui_btn_text_unique_feedback_260x64_hover.png[39m[0m
[   4% ] [90m[1mreimport[22m | ui_btn_text_unique_feedback_260x64_normal.png[39m[0m
[   4% ] [90m[1mreimport[22m | ui_btn_text_unique_feedback_260x64_pressed.png[39m[0m
[   4% ] [90m[1mreimport[22m | ui_btn_text_unique_feedback_cancel_220x64_disabled.png[39m[0m
[   4% ] [90m[1mreimport[22m | ui_btn_text_unique_feedback_cancel_220x64_focus.png[39m[0m
[   4% ] [90m[1mreimport[22m | ui_btn_text_unique_feedback_cancel_220x64_hover.png[39m[0m
[   4% ] [90m[1mreimport[22m | ui_btn_text_unique_feedback_cancel_220x64_normal.png[39m[0m
[   4% ] [90m[1mreimport[22m | ui_btn_text_unique_feedback_cancel_220x64_pressed.png[39m[0m
[   5% ] [90m[1mreimport[22m | ui_btn_text_unique_later_260x72_disabled.png[39m[0m
[   5% ] [90m[1mreimport[22m | ui_btn_text_unique_later_260x72_focus.png[39m[0m
[   5% ] [90m[1mreimport[22m | ui_btn_text_unique_later_260x72_hover.png[39m[0m
[   5% ] [90m[1mreimport[22m | ui_btn_text_unique_later_260x72_normal.png[39m[0m
[   5% ] [90m[1mreimport[22m | ui_btn_text_unique_later_260x72_pressed.png[39m[0m
[   5% ] [90m[1mreimport[22m | ui_btn_text_unique_main_menu_380x104_disabled.png[39m[0m
[   5% ] [90m[1mreimport[22m | ui_btn_text_unique_main_menu_380x104_focus.png[39m[0m
[   5% ] [90m[1mreimport[22m | ui_btn_text_unique_main_menu_380x104_hover.png[39m[0m
[   5% ] [90m[1mreimport[22m | ui_btn_text_unique_main_menu_380x104_normal.png[39m[0m
[   5% ] [90m[1mreimport[22m | ui_btn_text_unique_main_menu_380x104_pressed.png[39m[0m
[   5% ] [90m[1mreimport[22m | ui_btn_text_unique_pause_280x60_disabled.png[39m[0m
[   5% ] [90m[1mreimport[22m | ui_btn_text_unique_pause_280x60_focus.png[39m[0m
[   5% ] [90m[1mreimport[22m | ui_btn_text_unique_pause_280x60_hover.png[39m[0m
[   5% ] [90m[1mreimport[22m | ui_btn_text_unique_pause_280x60_normal.png[39m[0m
[   5% ] [90m[1mreimport[22m | ui_btn_text_unique_pause_280x60_pressed.png[39m[0m
[   5% ] [90m[1mreimport[22m | ui_btn_text_unique_quit_220x72_disabled.png[39m[0m
[   5% ] [90m[1mreimport[22m | ui_btn_text_unique_quit_220x72_focus.png[39m[0m
[   5% ] [90m[1mreimport[22m | ui_btn_text_unique_quit_220x72_hover.png[39m[0m
[   5% ] [90m[1mreimport[22m | ui_btn_text_unique_quit_220x72_normal.png[39m[0m
[   5% ] [90m[1mreimport[22m | ui_btn_text_unique_quit_220x72_pressed.png[39m[0m
[   5% ] [90m[1mreimport[22m | ui_btn_text_unique_rebind_420x62_disabled.png[39m[0m
[   5% ] [90m[1mreimport[22m | ui_btn_text_unique_rebind_420x62_focus.png[39m[0m
[   5% ] [90m[1mreimport[22m | ui_btn_text_unique_rebind_420x62_hover.png[39m[0m
[   5% ] [90m[1mreimport[22m | ui_frame_settings_v2_control_row.png[39m[0m
[   5% ] [90m[1mreimport[22m | ui_frame_settings_v2_main_modal.png[39m[0m
[   5% ] [90m[1mreimport[22m | ui_frame_settings_v2_section_panel.png[39m[0m
[   5% ] [90m[1mreimport[22m | ui_frame_settings_v2_tab_switcher_3slot.png[39m[0m
[   5% ] [90m[1mreimport[22m | ui_frame_settings_v3_action_button.png[39m[0m
[   5% ] [90m[1mreimport[22m | ui_frame_settings_v3_content_panel.png[39m[0m
[   5% ] [90m[1mreimport[22m | ui_frame_settings_v3_inset_field.png[39m[0m
[   5% ] [90m[1mreimport[22m | ui_frame_settings_v3_main_modal.png[39m[0m
[   5% ] [90m[1mreimport[22m | ui_frame_settings_v3_tab_switcher.png[39m[0m
[   5% ] [90m[1mreimport[22m | ui_btn_text_unique_back_260x104_disabled.png[39m[0m
[   5% ] [90m[1mreimport[22m | ui_btn_text_unique_back_260x104_focus.png[39m[0m
[   5% ] [90m[1mreimport[22m | ui_btn_text_unique_back_260x104_hover.png[39m[0m
[   5% ] [90m[1mreimport[22m | ui_btn_text_unique_back_260x104_normal.png[39m[0m
[   5% ] [90m[1mreimport[22m | ui_btn_text_unique_back_260x104_pressed.png[39m[0m
[   5% ] [90m[1mreimport[22m | ui_btn_text_unique_continue_240x72_disabled.png[39m[0m
[   5% ] [90m[1mreimport[22m | ui_btn_text_unique_continue_240x72_focus.png[39m[0m
[   5% ] [90m[1mreimport[22m | ui_btn_text_unique_continue_240x72_hover.png[39m[0m
[   6% ] [90m[1mreimport[22m | ui_btn_text_unique_continue_240x72_normal.png[39m[0m
[   6% ] [90m[1mreimport[22m | ui_btn_text_unique_continue_240x72_pressed.png[39m[0m
[   6% ] [90m[1mreimport[22m | ui_btn_text_unique_continue_run_long_420x72_disabled.png[39m[0m
[   6% ] [90m[1mreimport[22m | ui_btn_text_unique_continue_run_long_420x72_focus.png[39m[0m
[   6% ] [90m[1mreimport[22m | ui_btn_text_unique_continue_run_long_420x72_hover.png[39m[0m
[   6% ] [90m[1mreimport[22m | ui_btn_text_unique_continue_run_long_420x72_normal.png[39m[0m
[   6% ] [90m[1mreimport[22m | ui_btn_text_unique_continue_run_long_420x72_pressed.png[39m[0m
[   6% ] [90m[1mreimport[22m | ui_btn_text_unique_event_back_380x54_disabled.png[39m[0m
[   6% ] [90m[1mreimport[22m | ui_btn_text_unique_event_back_380x54_focus.png[39m[0m
[   6% ] [90m[1mreimport[22m | ui_btn_text_unique_event_back_380x54_hover.png[39m[0m
[   6% ] [90m[1mreimport[22m | ui_btn_text_unique_event_back_380x54_normal.png[39m[0m
[   6% ] [90m[1mreimport[22m | ui_btn_text_unique_event_back_380x54_pressed.png[39m[0m
[   6% ] [90m[1mreimport[22m | ui_btn_text_unique_feedback_260x64_disabled.png[39m[0m
[   6% ] [90m[1mreimport[22m | ui_btn_text_unique_feedback_260x64_focus.png[39m[0m
[   6% ] [90m[1mreimport[22m | vfx_class_elementalist_orbit_triune.png[39m[0m
[   6% ] [90m[1mreimport[22m | vfx_class_engineer_sentry_link.png[39m[0m
[   6% ] [90m[1mreimport[22m | vfx_class_guitarist_resonance_wave.png[39m[0m
[   6% ] [90m[1mreimport[22m | vfx_class_knight_counter_guard.png[39m[0m
[   6% ] [90m[1mreimport[22m | vfx_class_priest_sanctify_seal.png[39m[0m
[   6% ] [90m[1mreimport[22m | vfx_class_ranger_focus_mark.png[39m[0m
[   6% ] [90m[1mreimport[22m | vfx_class_robot_magnetic_anchor_field.png[39m[0m
[   6% ] [90m[1mreimport[22m | vfx_class_sniper_deadeye_mark.png[39m[0m
[   6% ] [90m[1mreimport[22m | vfx_class_soldier_suppression_tracer.png[39m[0m
[   6% ] [90m[1mreimport[22m | vfx_class_thief_ricochet_coin_trail.png[39m[0m
[   6% ] [90m[1mreimport[22m | vfx_elite_plague_bell_aura.png[39m[0m
[   6% ] [90m[1mreimport[22m | vfx_elite_shadow_blink_mark.png[39m[0m
[   6% ] [90m[1mreimport[22m | vfx_elite_spark_wight_static_field.png[39m[0m
[   6% ] [90m[1mreimport[22m | vfx_enemy_acid_pool.png[39m[0m
[   6% ] [90m[1mreimport[22m | vfx_enemy_command_aura_pulse.png[39m[0m
[   6% ] [90m[1mreimport[22m | vfx_enemy_fire_pool.png[39m[0m
[   6% ] [90m[1mreimport[22m | vfx_enemy_poison_pool_heavy.png[39m[0m
[   6% ] [90m[1mreimport[22m | vfx_enemy_shield_block_front.png[39m[0m
[   6% ] [90m[1mreimport[22m | vfx_enemy_slow_gravity_zone.png[39m[0m
[   6% ] [90m[1mreimport[22m | vfx_enemy_summon_portal.png[39m[0m
[   6% ] [90m[1mreimport[22m | vfx_enemy_teleport_gate_in.png[39m[0m
[   6% ] [90m[1mreimport[22m | vfx_enemy_teleport_gate_out.png[39m[0m
[   6% ] [90m[1mreimport[22m | elite_boss_skills_vfx_contact.png[39m[0m
[   6% ] [90m[1mreimport[22m | unique_enemy_vfx_readability_field_meadow.png[39m[0m
[   6% ] [90m[1mreimport[22m | unique_weapons_vfx_contact.png[39m[0m
[   7% ] [90m[1mreimport[22m | berserk_stat_bars.png[39m[0m
[   7% ] [90m[1mreimport[22m | berserk_windrose_radar.png[39m[0m
[   7% ] [90m[1mreimport[22m | carousel_large_icons.png[39m[0m
[   7% ] [90m[1mreimport[22m | mockup.png[39m[0m
[   7% ] [90m[1mreimport[22m | mockup_zones_annotated.png[39m[0m
[   7% ] [90m[1mreimport[22m | thief_shadow_cloak.png[39m[0m
[   7% ] [90m[1mreimport[22m | thief_smoke_bomb.png[39m[0m
[   7% ] [90m[1mreimport[22m | tower_shield.png[39m[0m
[   7% ] [90m[1mreimport[22m | two_handed_axe.png[39m[0m
[   7% ] [90m[1mreimport[22m | two_handed_hammer.png[39m[0m
[   7% ] [90m[1mreimport[22m | two_handed_sword.png[39m[0m
[   7% ] [90m[1mreimport[22m | venom_wire.png[39m[0m
[   7% ] [90m[1mreimport[22m | berserk_v2_contact.png[39m[0m
[   7% ] [90m[1mreimport[22m | secret_ascension_boss_contact.png[39m[0m
[   7% ] [90m[1mreimport[22m | codex_1920x1080.png[39m[0m
[   7% ] [90m[1mreimport[22m | combat_hud_1920x1080.png[39m[0m
[   7% ] [90m[1mreimport[22m | death_1920x1080.png[39m[0m
[   7% ] [90m[1mreimport[22m | event_1920x1080.png[39m[0m
[   7% ] [90m[1mreimport[22m | hero_select_1920x1080.png[39m[0m
[   7% ] [90m[1mreimport[22m | level_up_1920x1080.png[39m[0m
[   7% ] [90m[1mreimport[22m | main_menu_1920x1080.png[39m[0m
[   7% ] [90m[1mreimport[22m | pause_stats_1920x1080.png[39m[0m
[   7% ] [90m[1mreimport[22m | settings_display_1920x1080.png[39m[0m
[   7% ] [90m[1mreimport[22m | shop_1920x1080.png[39m[0m
[   7% ] [90m[1mreimport[22m | victory_1920x1080.png[39m[0m
[   7% ] [90m[1mreimport[22m | weapon_select_1920x1080.png[39m[0m
[   7% ] [90m[1mreimport[22m | vfx_boss_ashen_colossus_ember_slam.png[39m[0m
[   7% ] [90m[1mreimport[22m | vfx_boss_bone_archon_bone_spikes.png[39m[0m
[   7% ] [90m[1mreimport[22m | vfx_boss_brood_mother_web_zone.png[39m[0m
[   7% ] [90m[1mreimport[22m | vfx_class_assassin_shadow_dash.png[39m[0m
[   7% ] [90m[1mreimport[22m | vfx_class_berserk_fury_arc.png[39m[0m
[   7% ] [90m[1mreimport[22m | vfx_class_biologist_spore_bloom.png[39m[0m
[   7% ] [90m[1mreimport[22m | vfx_class_chemist_combo_burst.png[39m[0m
[   7% ] [90m[1mreimport[22m | vfx_class_dark_mage_void_sigil.png[39m[0m
[   7% ] [90m[1mreimport[22m | vfx_class_doctor_drain_link.png[39m[0m
[   7% ] [90m[1mreimport[22m | vfx_class_druid_command_bloom.png[39m[0m
[   7% ] [90m[1mreimport[22m | ui_frame_settings_v3_inset_field.png[39m[0m
[   7% ] [90m[1mreimport[22m | ui_frame_settings_v3_main_modal.png[39m[0m
[   7% ] [90m[1mreimport[22m | ui_frame_settings_v3_tab_switcher.png[39m[0m
[   7% ] [90m[1mreimport[22m | _char_batch1_montage.png[39m[0m
[   8% ] [90m[1mreimport[22m | arena_backgrounds_6_dnd_contact.png[39m[0m
[   8% ] [90m[1mreimport[22m | arena_backgrounds_scrum369_contact.png[39m[0m
[   8% ] [90m[1mreimport[22m | arena_backgrounds_scrum369_readability.png[39m[0m
[   8% ] [90m[1mreimport[22m | artifact_icons_606_609_contact.png[39m[0m
[   8% ] [90m[1mreimport[22m | artifact_icons_scrum340_40px_readability.png[39m[0m
[   8% ] [90m[1mreimport[22m | artifact_icons_scrum340_contact.png[39m[0m
[   8% ] [90m[1mreimport[22m | assassin_sheet_normalized.png[39m[0m
[   8% ] [90m[1mreimport[22m | attribute_icons_openai_redraw_contact.png[39m[0m
[   8% ] [90m[1mreimport[22m | audit_artifact_icons_1.png[39m[0m
[   8% ] [90m[1mreimport[22m | audit_artifact_icons_2.png[39m[0m
[   8% ] [90m[1mreimport[22m | audit_backgrounds.png[39m[0m
[   8% ] [90m[1mreimport[22m | audit_characters_active.png[39m[0m
[   8% ] [90m[1mreimport[22m | audit_characters_legacy_placeholders.png[39m[0m
[   8% ] [90m[1mreimport[22m | audit_effects_projectiles_allies.png[39m[0m
[   8% ] [90m[1mreimport[22m | audit_enemies_active.png[39m[0m
[   8% ] [90m[1mreimport[22m | audit_enemies_legacy_root.png[39m[0m
[   8% ] [90m[1mreimport[22m | audit_map_cursor_hud_frames.png[39m[0m
[   8% ] [90m[1mreimport[22m | audit_ui_stat_shop_icons.png[39m[0m
[   8% ] [90m[1mreimport[22m | audit_weapons_active.png[39m[0m
[   8% ] [90m[1mreimport[22m | berserk_sheet_normalized.png[39m[0m
[   8% ] [90m[1mreimport[22m | biologist_art_contact.png[39m[0m
[   8% ] [90m[1mreimport[22m | biologist_sheet_normalized.png[39m[0m
[   8% ] [90m[1mreimport[22m | boss_elite_style_refs_contact.png[39m[0m
[   8% ] [90m[1mreimport[22m | boss_pixellab_roster_redraw_2026_06_bloodthorn_lion_rotations.png[39m[0m
[   8% ] [90m[1mreimport[22m | boss_pixellab_roster_redraw_2026_06_candidates_contact.png[39m[0m
[   8% ] [90m[1mreimport[22m | boss_pixellab_roster_redraw_2026_06_candidates_partial.png[39m[0m
[   8% ] [90m[1mreimport[22m | boss_pixellab_roster_redraw_2026_06_openai_concepts.png[39m[0m
[   8% ] [90m[1mreimport[22m | scrum331_progression_codex_mockup.png[39m[0m
[   8% ] [90m[1mreimport[22m | scrum332_economy_cluster_mockup.png[39m[0m
[   8% ] [90m[1mreimport[22m | hero_select_v2_mockup_1920x1080.png[39m[0m
[   8% ] [90m[1mreimport[22m | hero_select_v2_safe_zones_annotated_1920x1080.png[39m[0m
[   8% ] [90m[1mreimport[22m | scrum437_wide_option_card_mockup.png[39m[0m
[   8% ] [90m[1mreimport[22m | codex_v2_mockup_1920x1080.png[39m[0m
[   8% ] [90m[1mreimport[22m | codex_v2_safe_zones_annotated_1920x1080.png[39m[0m
[   8% ] [90m[1mreimport[22m | scrum439_settings_v2_mockup.png[39m[0m
[   8% ] [90m[1mreimport[22m | scrum448_minimalist_ui_style_board.png[39m[0m
[   8% ] [90m[1mreimport[22m | layout_guide.png[39m[0m
[   8% ] [90m[1mreimport[22m | ui_plan_guide.png[39m[0m
[   8% ] [90m[1mreimport[22m | ui_plan_guide.png[39m[0m
[   9% ] [90m[1mreimport[22m | layout_guide.png[39m[0m
[   9% ] [90m[1mreimport[22m | reward_ordinary_2k_mockup.png[39m[0m
[   9% ] [90m[1mreimport[22m | reward_ordinary_2k_mockup.png[39m[0m
[   9% ] [90m[1mreimport[22m | reward_ordinary_2k_mockup_debug.png[39m[0m
[   9% ] [90m[1mreimport[22m | ui_plan_guide.png[39m[0m
[   9% ] [90m[1mreimport[22m | elite_artifact_reward_2k_mockup.png[39m[0m
[   9% ] [90m[1mreimport[22m | elite_artifact_reward_2k_mockup_debug.png[39m[0m
[   9% ] [90m[1mreimport[22m | layout_guide.png[39m[0m
[   9% ] [90m[1mreimport[22m | ui_plan_guide.png[39m[0m
[   9% ] [90m[1mreimport[22m | mockup.png[39m[0m
[   9% ] [90m[1mreimport[22m | mockup_2k.png[39m[0m
[   9% ] [90m[1mreimport[22m | mockup.png[39m[0m
[   9% ] [90m[1mreimport[22m | settings_apply_flow_mockup.png[39m[0m
[   9% ] [90m[1mreimport[22m | debug_overlay.png[39m[0m
[   9% ] [90m[1mreimport[22m | mockup_composite.png[39m[0m
[   9% ] [90m[1mreimport[22m | mockup_controls.png[39m[0m
[   9% ] [90m[1mreimport[22m | mockup_screen.png[39m[0m
[   9% ] [90m[1mreimport[22m | mockup_sound.png[39m[0m
[   9% ] [90m[1mreimport[22m | ui_frame_settings_v3_action_button.png[39m[0m
[   9% ] [90m[1mreimport[22m | ui_frame_settings_v3_content_panel.png[39m[0m
[   9% ] [90m[1mreimport[22m | ui_arrow_right.png[39m[0m
[   9% ] [90m[1mreimport[22m | ui_arrow_up.png[39m[0m
[   9% ] [90m[1mreimport[22m | ui_back.png[39m[0m
[   9% ] [90m[1mreimport[22m | ui_checkbox_checked.png[39m[0m
[   9% ] [90m[1mreimport[22m | ui_checkbox_unchecked.png[39m[0m
[   9% ] [90m[1mreimport[22m | ui_close.png[39m[0m
[   9% ] [90m[1mreimport[22m | ui_scrollbar_grabber.png[39m[0m
[   9% ] [90m[1mreimport[22m | ui_settings.png[39m[0m
[   9% ] [90m[1mreimport[22m | ui_slider_grabber.png[39m[0m
[   9% ] [90m[1mreimport[22m | ui_slider_track.png[39m[0m
[   9% ] [90m[1mreimport[22m | continue_run_title.png[39m[0m
[   9% ] [90m[1mreimport[22m | main_menu_title_fantasy_disk.png[39m[0m
[   9% ] [90m[1mreimport[22m | ui_crest_defeat.png[39m[0m
[   9% ] [90m[1mreimport[22m | ui_crest_victory.png[39m[0m
[   9% ] [90m[1mreimport[22m | ui_shop_artifact_slot_frame.png[39m[0m
[   9% ] [90m[1mreimport[22m | ui_shop_artifact_slot_hover.png[39m[0m
[   9% ] [90m[1mreimport[22m | ui_shop_caption_plate.png[39m[0m
[   9% ] [90m[1mreimport[22m | ui_shop_price_badge.png[39m[0m
[   9% ] [90m[1mreimport[22m | ui_shop_purchased_overlay.png[39m[0m
[   9% ] [90m[1mreimport[22m | ui_shop_tooltip_frame.png[39m[0m
[   9% ] [90m[1mreimport[22m | bg_canvas.png[39m[0m
[  10% ] [90m[1mreimport[22m | btn_back.png[39m[0m
[  10% ] [90m[1mreimport[22m | btn_info.png[39m[0m
[  10% ] [90m[1mreimport[22m | btn_reset.png[39m[0m
[  10% ] [90m[1mreimport[22m | btn_zoom_in.png[39m[0m
[  10% ] [90m[1mreimport[22m | btn_zoom_out.png[39m[0m
[  10% ] [90m[1mreimport[22m | class_entry_marker.png[39m[0m
[  10% ] [90m[1mreimport[22m | connector_active.png[39m[0m
[  10% ] [90m[1mreimport[22m | connector_locked.png[39m[0m
[  10% ] [90m[1mreimport[22m | header_bar.png[39m[0m
[  10% ] [90m[1mreimport[22m | attr_health_point.png[39m[0m
[  10% ] [90m[1mreimport[22m | attr_knockback_distance.png[39m[0m
[  10% ] [90m[1mreimport[22m | attr_knockback_power.png[39m[0m
[  10% ] [90m[1mreimport[22m | attr_magic_damage.png[39m[0m
[  10% ] [90m[1mreimport[22m | attr_move_speed.png[39m[0m
[  10% ] [90m[1mreimport[22m | attr_pickup_radius.png[39m[0m
[  10% ] [90m[1mreimport[22m | attr_projectile_speed.png[39m[0m
[  10% ] [90m[1mreimport[22m | attr_range_multiplier.png[39m[0m
[  10% ] [90m[1mreimport[22m | attr_regeneration.png[39m[0m
[  10% ] [90m[1mreimport[22m | attr_sound_wave_damage.png[39m[0m
[  10% ] [90m[1mreimport[22m | attr_summon_amount.png[39m[0m
[  10% ] [90m[1mreimport[22m | attr_ultimate_multiplier.png[39m[0m
[  10% ] [90m[1mreimport[22m | attr_vampiric_amount.png[39m[0m
[  10% ] [90m[1mreimport[22m | attr_vampiric_chance.png[39m[0m
[  10% ] [90m[1mreimport[22m | shop_shop_artifact.png[39m[0m
[  10% ] [90m[1mreimport[22m | shop_shop_damage.png[39m[0m
[  10% ] [90m[1mreimport[22m | shop_shop_heal.png[39m[0m
[  10% ] [90m[1mreimport[22m | shop_shop_pickup.png[39m[0m
[  10% ] [90m[1mreimport[22m | shop_shop_range.png[39m[0m
[  10% ] [90m[1mreimport[22m | shop_shop_speed.png[39m[0m
[  10% ] [90m[1mreimport[22m | shop_shop_weapon_cooldown.png[39m[0m
[  10% ] [90m[1mreimport[22m | stat_agility.png[39m[0m
[  10% ] [90m[1mreimport[22m | stat_endurance.png[39m[0m
[  10% ] [90m[1mreimport[22m | stat_energy.png[39m[0m
[  10% ] [90m[1mreimport[22m | stat_intelligence.png[39m[0m
[  10% ] [90m[1mreimport[22m | stat_knowledge.png[39m[0m
[  10% ] [90m[1mreimport[22m | stat_leadership.png[39m[0m
[  10% ] [90m[1mreimport[22m | stat_perception.png[39m[0m
[  10% ] [90m[1mreimport[22m | stat_strength.png[39m[0m
[  10% ] [90m[1mreimport[22m | ui_arrow_down.png[39m[0m
[  10% ] [90m[1mreimport[22m | ui_arrow_left.png[39m[0m
[  11% ] [90m[1mreimport[22m | elementalist_meteor_core.png[39m[0m
[  11% ] [90m[1mreimport[22m | elementalist_orb_ring.png[39m[0m
[  11% ] [90m[1mreimport[22m | elementalist_prism_focus.png[39m[0m
[  11% ] [90m[1mreimport[22m | engineer_pressure_mines.png[39m[0m
[  11% ] [90m[1mreimport[22m | engineer_repair_drone.png[39m[0m
[  11% ] [90m[1mreimport[22m | engineer_sentry_wrench.png[39m[0m
[  11% ] [90m[1mreimport[22m | holy_flail.png[39m[0m
[  11% ] [90m[1mreimport[22m | homunculus_vial.png[39m[0m
[  11% ] [90m[1mreimport[22m | hunter_trap.png[39m[0m
[  11% ] [90m[1mreimport[22m | long_spear.png[39m[0m
[  11% ] [90m[1mreimport[22m | moon_crossbow.png[39m[0m
[  11% ] [90m[1mreimport[22m | plague_syringe.png[39m[0m
[  11% ] [90m[1mreimport[22m | priest_censer.png[39m[0m
[  11% ] [90m[1mreimport[22m | priest_chime.png[39m[0m
[  11% ] [90m[1mreimport[22m | priest_reliquary.png[39m[0m
[  11% ] [90m[1mreimport[22m | raven_totem.png[39m[0m
[  11% ] [90m[1mreimport[22m | restore_potion.png[39m[0m
[  11% ] [90m[1mreimport[22m | robot_hydraulic_press.png[39m[0m
[  11% ] [90m[1mreimport[22m | robot_magnetic_anchor.png[39m[0m
[  11% ] [90m[1mreimport[22m | robot_reactor_core.png[39m[0m
[  11% ] [90m[1mreimport[22m | shadow_daggers.png[39m[0m
[  11% ] [90m[1mreimport[22m | sniper_deadeye_rifle.png[39m[0m
[  11% ] [90m[1mreimport[22m | sniper_shatter_rounds.png[39m[0m
[  11% ] [90m[1mreimport[22m | sniper_spotter_scope.png[39m[0m
[  11% ] [90m[1mreimport[22m | soldier_bayonet.png[39m[0m
[  11% ] [90m[1mreimport[22m | soldier_grenade.png[39m[0m
[  11% ] [90m[1mreimport[22m | soldier_rifle.png[39m[0m
[  11% ] [90m[1mreimport[22m | sound_amp.png[39m[0m
[  11% ] [90m[1mreimport[22m | storm_longbow.png[39m[0m
[  11% ] [90m[1mreimport[22m | summon_amulet.png[39m[0m
[  11% ] [90m[1mreimport[22m | thief_coin_pouch.png[39m[0m
[  11% ] [90m[1mreimport[22m | node_keystone_allocated.png[39m[0m
[  11% ] [90m[1mreimport[22m | node_keystone_available.png[39m[0m
[  11% ] [90m[1mreimport[22m | node_keystone_locked.png[39m[0m
[  11% ] [90m[1mreimport[22m | node_notable_allocated.png[39m[0m
[  11% ] [90m[1mreimport[22m | node_notable_available.png[39m[0m
[  11% ] [90m[1mreimport[22m | node_notable_locked.png[39m[0m
[  11% ] [90m[1mreimport[22m | node_state_available.png[39m[0m
[  11% ] [90m[1mreimport[22m | node_state_locked.png[39m[0m
[  12% ] [90m[1mreimport[22m | node_state_purchased.png[39m[0m
[  12% ] [90m[1mreimport[22m | ui_badge_skill_points.png[39m[0m
[  12% ] [90m[1mreimport[22m | ui_btn_skill_points.png[39m[0m
[  12% ] [90m[1mreimport[22m | ui_frame_skill_tree_class_popup.png[39m[0m
[  12% ] [90m[1mreimport[22m | ui_frame_skill_tree_class_select.png[39m[0m
[  12% ] [90m[1mreimport[22m | ui_frame_skill_tree_main.png[39m[0m
[  12% ] [90m[1mreimport[22m | ui_frame_skill_tree_path_endure.png[39m[0m
[  12% ] [90m[1mreimport[22m | ui_frame_skill_tree_path_lore.png[39m[0m
[  12% ] [90m[1mreimport[22m | ui_frame_skill_tree_path_might.png[39m[0m
[  12% ] [90m[1mreimport[22m | ui_frame_skill_tree_path_wealth.png[39m[0m
[  12% ] [90m[1mreimport[22m | acid_flask.png[39m[0m
[  12% ] [90m[1mreimport[22m | bass_guitar.png[39m[0m
[  12% ] [90m[1mreimport[22m | biologist_sample_injector.png[39m[0m
[  12% ] [90m[1mreimport[22m | biologist_spore_lens.png[39m[0m
[  12% ] [90m[1mreimport[22m | biologist_symbiote_seed.png[39m[0m
[  12% ] [90m[1mreimport[22m | blast_powder.png[39m[0m
[  12% ] [90m[1mreimport[22m | bone_saw.png[39m[0m
[  12% ] [90m[1mreimport[22m | briar_staff.png[39m[0m
[  12% ] [90m[1mreimport[22m | chakrams.png[39m[0m
[  12% ] [90m[1mreimport[22m | cursed_skull.png[39m[0m
[  12% ] [90m[1mreimport[22m | dark_book.png[39m[0m
[  12% ] [90m[1mreimport[22m | dark_wand.png[39m[0m
[  12% ] [90m[1mreimport[22m | electric_guitar.png[39m[0m
[  12% ] [90m[1mreimport[22m | stone_bruiser_full_frame_sheet.png[39m[0m
[  12% ] [90m[1mreimport[22m | venom_spitter_full_frame_sheet.png[39m[0m
[  12% ] [90m[1mreimport[22m | void_mage_full_frame_sheet.png[39m[0m
[  12% ] [90m[1mreimport[22m | winged_spark_full_frame_sheet.png[39m[0m
[  12% ] [90m[1mreimport[22m | enemy_bone_shaman.png[39m[0m
[  12% ] [90m[1mreimport[22m | enemy_bruiser_slow.png[39m[0m
[  12% ] [90m[1mreimport[22m | enemy_melee.png[39m[0m
[  12% ] [90m[1mreimport[22m | enemy_ranged.png[39m[0m
[  12% ] [90m[1mreimport[22m | enemy_rift_shieldbearer.png[39m[0m
[  12% ] [90m[1mreimport[22m | enemy_small_biter.png[39m[0m
[  12% ] [90m[1mreimport[22m | enemy_suicide_runner.png[39m[0m
[  12% ] [90m[1mreimport[22m | enemy_summoner.png[39m[0m
[  12% ] [90m[1mreimport[22m | enemy_venom_spitter.png[39m[0m
[  12% ] [90m[1mreimport[22m | enemy_void_mage.png[39m[0m
[  12% ] [90m[1mreimport[22m | enemy_winged_spark.png[39m[0m
[  12% ] [90m[1mreimport[22m | map_battle_skull.png[39m[0m
[  12% ] [90m[1mreimport[22m | map_boss_disk_devourer.png[39m[0m
[  13% ] [90m[1mreimport[22m | map_boss_rift_warden.png[39m[0m
[  13% ] [90m[1mreimport[22m | map_chest_artifact.png[39m[0m
[  13% ] [90m[1mreimport[22m | map_elite_skull_bones.png[39m[0m
[  13% ] [90m[1mreimport[22m | map_event_question.png[39m[0m
[  13% ] [90m[1mreimport[22m | map_rest_campfire.png[39m[0m
[  13% ] [90m[1mreimport[22m | map_shop_tent.png[39m[0m
[  13% ] [90m[1mreimport[22m | enemy_projectile_magic_64.png[39m[0m
[  13% ] [90m[1mreimport[22m | player_projectile_spark_64.png[39m[0m
[  13% ] [90m[1mreimport[22m | btn_disabled.png[39m[0m
[  13% ] [90m[1mreimport[22m | btn_hover.png[39m[0m
[  13% ] [90m[1mreimport[22m | btn_normal.png[39m[0m
[  13% ] [90m[1mreimport[22m | btn_pressed.png[39m[0m
[  13% ] [90m[1mreimport[22m | game_cursor.png[39m[0m
[  13% ] [90m[1mreimport[22m | winged_spark_attack_primary_00.png[39m[0m
[  13% ] [90m[1mreimport[22m | winged_spark_attack_primary_01.png[39m[0m
[  13% ] [90m[1mreimport[22m | winged_spark_attack_primary_02.png[39m[0m
[  13% ] [90m[1mreimport[22m | winged_spark_attack_primary_03.png[39m[0m
[  13% ] [90m[1mreimport[22m | winged_spark_attack_primary_04.png[39m[0m
[  13% ] [90m[1mreimport[22m | winged_spark_attack_primary_05.png[39m[0m
[  13% ] [90m[1mreimport[22m | winged_spark_death_00.png[39m[0m
[  13% ] [90m[1mreimport[22m | winged_spark_death_01.png[39m[0m
[  13% ] [90m[1mreimport[22m | winged_spark_death_02.png[39m[0m
[  13% ] [90m[1mreimport[22m | winged_spark_death_03.png[39m[0m
[  13% ] [90m[1mreimport[22m | winged_spark_death_04.png[39m[0m
[  13% ] [90m[1mreimport[22m | winged_spark_death_05.png[39m[0m
[  13% ] [90m[1mreimport[22m | winged_spark_hover_flap_00.png[39m[0m
[  13% ] [90m[1mreimport[22m | winged_spark_hover_flap_01.png[39m[0m
[  13% ] [90m[1mreimport[22m | winged_spark_hover_flap_02.png[39m[0m
[  13% ] [90m[1mreimport[22m | winged_spark_hover_flap_03.png[39m[0m
[  13% ] [90m[1mreimport[22m | winged_spark_hover_flap_04.png[39m[0m
[  13% ] [90m[1mreimport[22m | winged_spark_hover_flap_05.png[39m[0m
[  13% ] [90m[1mreimport[22m | winged_spark_move_00.png[39m[0m
[  13% ] [90m[1mreimport[22m | winged_spark_move_01.png[39m[0m
[  13% ] [90m[1mreimport[22m | winged_spark_move_02.png[39m[0m
[  13% ] [90m[1mreimport[22m | winged_spark_move_03.png[39m[0m
[  13% ] [90m[1mreimport[22m | winged_spark_move_04.png[39m[0m
[  13% ] [90m[1mreimport[22m | winged_spark_move_05.png[39m[0m
[  13% ] [90m[1mreimport[22m | ash_marksman_full_frame_sheet.png[39m[0m
[  13% ] [90m[1mreimport[22m | bone_caller_full_frame_sheet.png[39m[0m
[  14% ] [90m[1mreimport[22m | bone_shaman_full_frame_sheet.png[39m[0m
[  14% ] [90m[1mreimport[22m | rift_cutter_full_frame_sheet.png[39m[0m
[  14% ] [90m[1mreimport[22m | rift_shieldbearer_full_frame_sheet.png[39m[0m
[  14% ] [90m[1mreimport[22m | small_biter_full_frame_sheet.png[39m[0m
[  14% ] [90m[1mreimport[22m | spark_runner_full_frame_sheet.png[39m[0m
[  14% ] [90m[1mreimport[22m | codex_pl_main_shell.png[39m[0m
[  14% ] [90m[1mreimport[22m | codex_pl_nav_panel.png[39m[0m
[  14% ] [90m[1mreimport[22m | codex_pl_backdrop.png[39m[0m
[  14% ] [90m[1mreimport[22m | codex_pl_back_button.png[39m[0m
[  14% ] [90m[1mreimport[22m | codex_pl_category_button.png[39m[0m
[  14% ] [90m[1mreimport[22m | codex_pl_detail_panel.png[39m[0m
[  14% ] [90m[1mreimport[22m | codex_pl_entry_card.png[39m[0m
[  14% ] [90m[1mreimport[22m | codex_pl_grid_panel.png[39m[0m
[  14% ] [90m[1mreimport[22m | codex_pl_icon_artifacts.png[39m[0m
[  14% ] [90m[1mreimport[22m | codex_pl_icon_ascensions.png[39m[0m
[  14% ] [90m[1mreimport[22m | codex_pl_icon_characters.png[39m[0m
[  14% ] [90m[1mreimport[22m | codex_pl_icon_glossary.png[39m[0m
[  14% ] [90m[1mreimport[22m | codex_pl_icon_monsters.png[39m[0m
[  14% ] [90m[1mreimport[22m | codex_pl_icon_stats.png[39m[0m
[  14% ] [90m[1mreimport[22m | codex_pl_main_shell.png[39m[0m
[  14% ] [90m[1mreimport[22m | codex_pl_nav_panel.png[39m[0m
[  14% ] [90m[1mreimport[22m | ui_btn_combat_level_up_plus.png[39m[0m
[  14% ] [90m[1mreimport[22m | ui_btn_combat_level_up_plus_disabled.png[39m[0m
[  14% ] [90m[1mreimport[22m | ui_btn_combat_level_up_plus_hover.png[39m[0m
[  14% ] [90m[1mreimport[22m | ui_btn_combat_level_up_plus_pressed.png[39m[0m
[  14% ] [90m[1mreimport[22m | ui_frame_combat_hud_ascension_badge.png[39m[0m
[  14% ] [90m[1mreimport[22m | ui_frame_combat_hud_card_gold.png[39m[0m
[  14% ] [90m[1mreimport[22m | ui_frame_combat_hud_card_hp.png[39m[0m
[  14% ] [90m[1mreimport[22m | ui_frame_combat_hud_card_ult.png[39m[0m
[  14% ] [90m[1mreimport[22m | ui_frame_combat_hud_card_xp.png[39m[0m
[  14% ] [90m[1mreimport[22m | ui_frame_combat_hud_resource_panel.png[39m[0m
[  14% ] [90m[1mreimport[22m | ui_frame_combat_hud_timer.png[39m[0m
[  14% ] [90m[1mreimport[22m | ui_df_button_danger_disabled.png[39m[0m
[  14% ] [90m[1mreimport[22m | ui_df_button_danger_hover.png[39m[0m
[  14% ] [90m[1mreimport[22m | ui_df_button_danger_idle.png[39m[0m
[  14% ] [90m[1mreimport[22m | ui_df_button_danger_pressed.png[39m[0m
[  14% ] [90m[1mreimport[22m | game_cursor_attack.png[39m[0m
[  14% ] [90m[1mreimport[22m | game_cursor_hover.png[39m[0m
[  14% ] [90m[1mreimport[22m | ui_frame_codex_entry_card.png[39m[0m
[  14% ] [90m[1mreimport[22m | ui_frame_codex_entry_card_hover.png[39m[0m
[  15% ] [90m[1mreimport[22m | ui_frame_codex_main_panel.png[39m[0m
[  15% ] [90m[1mreimport[22m | ui_frame_codex_portrait_slot.png[39m[0m
[  15% ] [90m[1mreimport[22m | ui_frame_codex_section_panel.png[39m[0m
[  15% ] [90m[1mreimport[22m | ui_frame_codex_tab.png[39m[0m
[  15% ] [90m[1mreimport[22m | ui_frame_codex_tab_disabled.png[39m[0m
[  15% ] [90m[1mreimport[22m | ui_frame_codex_tab_hover.png[39m[0m
[  15% ] [90m[1mreimport[22m | ui_frame_codex_tab_pressed.png[39m[0m
[  15% ] [90m[1mreimport[22m | ui_frame_codex_tooltip.png[39m[0m
[  15% ] [90m[1mreimport[22m | ui_btn_cg_back_disabled.png[39m[0m
[  15% ] [90m[1mreimport[22m | ui_btn_cg_back_hover.png[39m[0m
[  15% ] [90m[1mreimport[22m | ui_btn_cg_back_normal.png[39m[0m
[  15% ] [90m[1mreimport[22m | ui_btn_cg_back_pressed.png[39m[0m
[  15% ] [90m[1mreimport[22m | ui_btn_cg_category_active.png[39m[0m
[  15% ] [90m[1mreimport[22m | ui_btn_cg_category_hover.png[39m[0m
[  15% ] [90m[1mreimport[22m | ui_btn_cg_category_normal.png[39m[0m
[  15% ] [90m[1mreimport[22m | ui_btn_cg_category_pressed.png[39m[0m
[  15% ] [90m[1mreimport[22m | ui_frame_cg_detail.png[39m[0m
[  15% ] [90m[1mreimport[22m | ui_frame_cg_entry_separator.png[39m[0m
[  15% ] [90m[1mreimport[22m | ui_frame_cg_grid.png[39m[0m
[  15% ] [90m[1mreimport[22m | ui_frame_cg_grid_hover_glow.png[39m[0m
[  15% ] [90m[1mreimport[22m | ui_frame_cg_main.png[39m[0m
[  15% ] [90m[1mreimport[22m | ui_frame_cg_nav.png[39m[0m
[  15% ] [90m[1mreimport[22m | codex_pl_back_button.png[39m[0m
[  15% ] [90m[1mreimport[22m | codex_pl_category_button.png[39m[0m
[  15% ] [90m[1mreimport[22m | codex_pl_detail_panel.png[39m[0m
[  15% ] [90m[1mreimport[22m | codex_pl_entry_card.png[39m[0m
[  15% ] [90m[1mreimport[22m | codex_pl_grid_panel.png[39m[0m
[  15% ] [90m[1mreimport[22m | spark_runner_attack_primary_03.png[39m[0m
[  15% ] [90m[1mreimport[22m | spark_runner_attack_primary_04.png[39m[0m
[  15% ] [90m[1mreimport[22m | spark_runner_attack_primary_05.png[39m[0m
[  15% ] [90m[1mreimport[22m | spark_runner_death_00.png[39m[0m
[  15% ] [90m[1mreimport[22m | spark_runner_death_01.png[39m[0m
[  15% ] [90m[1mreimport[22m | spark_runner_death_02.png[39m[0m
[  15% ] [90m[1mreimport[22m | spark_runner_death_03.png[39m[0m
[  15% ] [90m[1mreimport[22m | spark_runner_death_04.png[39m[0m
[  15% ] [90m[1mreimport[22m | spark_runner_death_05.png[39m[0m
[  15% ] [90m[1mreimport[22m | spark_runner_hit_00.png[39m[0m
[  15% ] [90m[1mreimport[22m | spark_runner_hit_01.png[39m[0m
[  15% ] [90m[1mreimport[22m | spark_runner_hit_02.png[39m[0m
[  16% ] [90m[1mreimport[22m | spark_runner_hit_03.png[39m[0m
[  16% ] [90m[1mreimport[22m | spark_runner_hit_04.png[39m[0m
[  16% ] [90m[1mreimport[22m | spark_runner_hit_05.png[39m[0m
[  16% ] [90m[1mreimport[22m | spark_runner_move_00.png[39m[0m
[  16% ] [90m[1mreimport[22m | spark_runner_move_01.png[39m[0m
[  16% ] [90m[1mreimport[22m | spark_runner_move_02.png[39m[0m
[  16% ] [90m[1mreimport[22m | spark_runner_move_03.png[39m[0m
[  16% ] [90m[1mreimport[22m | spark_runner_move_04.png[39m[0m
[  16% ] [90m[1mreimport[22m | spark_runner_move_05.png[39m[0m
[  16% ] [90m[1mreimport[22m | stone_bruiser_attack_primary_00.png[39m[0m
[  16% ] [90m[1mreimport[22m | stone_bruiser_attack_primary_01.png[39m[0m
[  16% ] [90m[1mreimport[22m | stone_bruiser_attack_primary_02.png[39m[0m
[  16% ] [90m[1mreimport[22m | stone_bruiser_attack_primary_03.png[39m[0m
[  16% ] [90m[1mreimport[22m | stone_bruiser_attack_primary_04.png[39m[0m
[  16% ] [90m[1mreimport[22m | stone_bruiser_attack_primary_05.png[39m[0m
[  16% ] [90m[1mreimport[22m | stone_bruiser_death_00.png[39m[0m
[  16% ] [90m[1mreimport[22m | stone_bruiser_death_01.png[39m[0m
[  16% ] [90m[1mreimport[22m | stone_bruiser_death_02.png[39m[0m
[  16% ] [90m[1mreimport[22m | stone_bruiser_death_03.png[39m[0m
[  16% ] [90m[1mreimport[22m | rift_shieldbearer_move_02.png[39m[0m
[  16% ] [90m[1mreimport[22m | rift_shieldbearer_move_03.png[39m[0m
[  16% ] [90m[1mreimport[22m | rift_shieldbearer_move_04.png[39m[0m
[  16% ] [90m[1mreimport[22m | rift_shieldbearer_move_05.png[39m[0m
[  16% ] [90m[1mreimport[22m | small_biter_attack_primary_00.png[39m[0m
[  16% ] [90m[1mreimport[22m | small_biter_attack_primary_01.png[39m[0m
[  16% ] [90m[1mreimport[22m | small_biter_attack_primary_02.png[39m[0m
[  16% ] [90m[1mreimport[22m | small_biter_attack_primary_03.png[39m[0m
[  16% ] [90m[1mreimport[22m | small_biter_attack_primary_04.png[39m[0m
[  16% ] [90m[1mreimport[22m | small_biter_attack_primary_05.png[39m[0m
[  16% ] [90m[1mreimport[22m | small_biter_death_00.png[39m[0m
[  16% ] [90m[1mreimport[22m | small_biter_death_01.png[39m[0m
[  16% ] [90m[1mreimport[22m | small_biter_death_02.png[39m[0m
[  16% ] [90m[1mreimport[22m | small_biter_death_03.png[39m[0m
[  16% ] [90m[1mreimport[22m | small_biter_death_04.png[39m[0m
[  16% ] [90m[1mreimport[22m | small_biter_death_05.png[39m[0m
[  16% ] [90m[1mreimport[22m | small_biter_hit_00.png[39m[0m
[  16% ] [90m[1mreimport[22m | small_biter_hit_01.png[39m[0m
[  16% ] [90m[1mreimport[22m | small_biter_hit_02.png[39m[0m
[  16% ] [90m[1mreimport[22m | small_biter_hit_03.png[39m[0m
[  16% ] [90m[1mreimport[22m | small_biter_hit_04.png[39m[0m
[  17% ] [90m[1mreimport[22m | small_biter_hit_05.png[39m[0m
[  17% ] [90m[1mreimport[22m | small_biter_move_00.png[39m[0m
[  17% ] [90m[1mreimport[22m | small_biter_move_01.png[39m[0m
[  17% ] [90m[1mreimport[22m | small_biter_move_02.png[39m[0m
[  17% ] [90m[1mreimport[22m | small_biter_move_03.png[39m[0m
[  17% ] [90m[1mreimport[22m | small_biter_move_04.png[39m[0m
[  17% ] [90m[1mreimport[22m | small_biter_move_05.png[39m[0m
[  17% ] [90m[1mreimport[22m | spark_runner_attack_primary_00.png[39m[0m
[  17% ] [90m[1mreimport[22m | spark_runner_attack_primary_01.png[39m[0m
[  17% ] [90m[1mreimport[22m | spark_runner_attack_primary_02.png[39m[0m
[  17% ] [90m[1mreimport[22m | venom_spitter_hit_05.png[39m[0m
[  17% ] [90m[1mreimport[22m | venom_spitter_move_00.png[39m[0m
[  17% ] [90m[1mreimport[22m | venom_spitter_move_01.png[39m[0m
[  17% ] [90m[1mreimport[22m | venom_spitter_move_02.png[39m[0m
[  17% ] [90m[1mreimport[22m | venom_spitter_move_03.png[39m[0m
[  17% ] [90m[1mreimport[22m | venom_spitter_move_04.png[39m[0m
[  17% ] [90m[1mreimport[22m | venom_spitter_move_05.png[39m[0m
[  17% ] [90m[1mreimport[22m | void_mage_attack_primary_00.png[39m[0m
[  17% ] [90m[1mreimport[22m | void_mage_attack_primary_01.png[39m[0m
[  17% ] [90m[1mreimport[22m | void_mage_attack_primary_02.png[39m[0m
[  17% ] [90m[1mreimport[22m | void_mage_attack_primary_03.png[39m[0m
[  17% ] [90m[1mreimport[22m | void_mage_attack_primary_04.png[39m[0m
[  17% ] [90m[1mreimport[22m | void_mage_attack_primary_05.png[39m[0m
[  17% ] [90m[1mreimport[22m | void_mage_death_00.png[39m[0m
[  17% ] [90m[1mreimport[22m | void_mage_death_01.png[39m[0m
[  17% ] [90m[1mreimport[22m | void_mage_death_02.png[39m[0m
[  17% ] [90m[1mreimport[22m | void_mage_death_03.png[39m[0m
[  17% ] [90m[1mreimport[22m | void_mage_death_04.png[39m[0m
[  17% ] [90m[1mreimport[22m | void_mage_death_05.png[39m[0m
[  17% ] [90m[1mreimport[22m | void_mage_hit_00.png[39m[0m
[  17% ] [90m[1mreimport[22m | void_mage_hit_01.png[39m[0m
[  17% ] [90m[1mreimport[22m | void_mage_hit_02.png[39m[0m
[  17% ] [90m[1mreimport[22m | void_mage_hit_03.png[39m[0m
[  17% ] [90m[1mreimport[22m | void_mage_hit_04.png[39m[0m
[  17% ] [90m[1mreimport[22m | void_mage_hit_05.png[39m[0m
[  17% ] [90m[1mreimport[22m | void_mage_move_00.png[39m[0m
[  17% ] [90m[1mreimport[22m | void_mage_move_01.png[39m[0m
[  17% ] [90m[1mreimport[22m | void_mage_move_02.png[39m[0m
[  17% ] [90m[1mreimport[22m | void_mage_move_03.png[39m[0m
[  18% ] [90m[1mreimport[22m | void_mage_move_04.png[39m[0m
[  18% ] [90m[1mreimport[22m | void_mage_move_05.png[39m[0m
[  18% ] [90m[1mreimport[22m | stone_bruiser_death_04.png[39m[0m
[  18% ] [90m[1mreimport[22m | stone_bruiser_death_05.png[39m[0m
[  18% ] [90m[1mreimport[22m | stone_bruiser_hit_00.png[39m[0m
[  18% ] [90m[1mreimport[22m | stone_bruiser_hit_01.png[39m[0m
[  18% ] [90m[1mreimport[22m | stone_bruiser_hit_02.png[39m[0m
[  18% ] [90m[1mreimport[22m | stone_bruiser_hit_03.png[39m[0m
[  18% ] [90m[1mreimport[22m | stone_bruiser_hit_04.png[39m[0m
[  18% ] [90m[1mreimport[22m | stone_bruiser_hit_05.png[39m[0m
[  18% ] [90m[1mreimport[22m | stone_bruiser_move_00.png[39m[0m
[  18% ] [90m[1mreimport[22m | stone_bruiser_move_01.png[39m[0m
[  18% ] [90m[1mreimport[22m | stone_bruiser_move_02.png[39m[0m
[  18% ] [90m[1mreimport[22m | stone_bruiser_move_03.png[39m[0m
[  18% ] [90m[1mreimport[22m | stone_bruiser_move_04.png[39m[0m
[  18% ] [90m[1mreimport[22m | stone_bruiser_move_05.png[39m[0m
[  18% ] [90m[1mreimport[22m | venom_spitter_attack_primary_00.png[39m[0m
[  18% ] [90m[1mreimport[22m | venom_spitter_attack_primary_01.png[39m[0m
[  18% ] [90m[1mreimport[22m | venom_spitter_attack_primary_02.png[39m[0m
[  18% ] [90m[1mreimport[22m | venom_spitter_attack_primary_03.png[39m[0m
[  18% ] [90m[1mreimport[22m | venom_spitter_attack_primary_04.png[39m[0m
[  18% ] [90m[1mreimport[22m | venom_spitter_attack_primary_05.png[39m[0m
[  18% ] [90m[1mreimport[22m | venom_spitter_death_00.png[39m[0m
[  18% ] [90m[1mreimport[22m | venom_spitter_death_01.png[39m[0m
[  18% ] [90m[1mreimport[22m | venom_spitter_death_02.png[39m[0m
[  18% ] [90m[1mreimport[22m | venom_spitter_death_03.png[39m[0m
[  18% ] [90m[1mreimport[22m | venom_spitter_death_04.png[39m[0m
[  18% ] [90m[1mreimport[22m | venom_spitter_death_05.png[39m[0m
[  18% ] [90m[1mreimport[22m | venom_spitter_hit_00.png[39m[0m
[  18% ] [90m[1mreimport[22m | venom_spitter_hit_01.png[39m[0m
[  18% ] [90m[1mreimport[22m | venom_spitter_hit_02.png[39m[0m
[  18% ] [90m[1mreimport[22m | venom_spitter_hit_03.png[39m[0m
[  18% ] [90m[1mreimport[22m | venom_spitter_hit_04.png[39m[0m
[  18% ] [90m[1mreimport[22m | ui_btn_minimal_metal_reset_bindings.png[39m[0m
[  18% ] [90m[1mreimport[22m | ui_btn_minimal_metal_reset_bindings_disabled.png[39m[0m
[  18% ] [90m[1mreimport[22m | ui_btn_minimal_metal_reset_bindings_focus.png[39m[0m
[  18% ] [90m[1mreimport[22m | ui_btn_minimal_metal_reset_bindings_hover.png[39m[0m
[  18% ] [90m[1mreimport[22m | ui_btn_minimal_metal_reset_bindings_pressed.png[39m[0m
[  18% ] [90m[1mreimport[22m | ui_btn_minimal_metal_standard.png[39m[0m
[  18% ] [90m[1mreimport[22m | ui_btn_minimal_metal_standard_disabled.png[39m[0m
[  19% ] [90m[1mreimport[22m | ui_btn_minimal_metal_standard_focus.png[39m[0m
[  19% ] [90m[1mreimport[22m | ui_btn_minimal_metal_standard_hover.png[39m[0m
[  19% ] [90m[1mreimport[22m | ui_btn_minimal_metal_standard_pressed.png[39m[0m
[  19% ] [90m[1mreimport[22m | ui_btn_minimal_metal_utility.png[39m[0m
[  19% ] [90m[1mreimport[22m | ui_btn_minimal_metal_utility_disabled.png[39m[0m
[  19% ] [90m[1mreimport[22m | ui_btn_minimal_metal_utility_focus.png[39m[0m
[  19% ] [90m[1mreimport[22m | ui_btn_minimal_metal_utility_hover.png[39m[0m
[  19% ] [90m[1mreimport[22m | ui_btn_minimal_metal_utility_pressed.png[39m[0m
[  19% ] [90m[1mreimport[22m | ui_frame_ornate_card_frame.png[39m[0m
[  19% ] [90m[1mreimport[22m | ui_frame_ornate_card_hover.png[39m[0m
[  19% ] [90m[1mreimport[22m | ui_frame_ornate_global_panel.png[39m[0m
[  19% ] [90m[1mreimport[22m | ui_frame_ornate_hero_card.png[39m[0m
[  19% ] [90m[1mreimport[22m | ui_frame_ornate_hud_card.png[39m[0m
[  19% ] [90m[1mreimport[22m | ui_frame_ornate_hud_panel.png[39m[0m
[  19% ] [90m[1mreimport[22m | ui_frame_ornate_level_panel.png[39m[0m
[  19% ] [90m[1mreimport[22m | ui_frame_ornate_pause_main.png[39m[0m
[  19% ] [90m[1mreimport[22m | ui_frame_ornate_pause_stat_chip.png[39m[0m
[  19% ] [90m[1mreimport[22m | ui_frame_ornate_pause_stat_group.png[39m[0m
[  19% ] [90m[1mreimport[22m | ui_frame_ornate_pause_stat_tooltip.png[39m[0m
[  19% ] [90m[1mreimport[22m | ui_frame_ornate_timer_panel.png[39m[0m
[  19% ] [90m[1mreimport[22m | ui_frame_ornate_tooltip.png[39m[0m
[  19% ] [90m[1mreimport[22m | ui_frame_2k_attr_panel.png[39m[0m
[  19% ] [90m[1mreimport[22m | ui_frame_2k_chud_artifact_row.png[39m[0m
[  19% ] [90m[1mreimport[22m | ui_btn_minimal_metal_fab_pressed.png[39m[0m
[  19% ] [90m[1mreimport[22m | ui_btn_minimal_metal_hero_confirm.png[39m[0m
[  19% ] [90m[1mreimport[22m | ui_btn_minimal_metal_hero_confirm_disabled.png[39m[0m
[  19% ] [90m[1mreimport[22m | ui_btn_minimal_metal_hero_confirm_focus.png[39m[0m
[  19% ] [90m[1mreimport[22m | ui_btn_minimal_metal_hero_confirm_hover.png[39m[0m
[  19% ] [90m[1mreimport[22m | ui_btn_minimal_metal_hero_confirm_pressed.png[39m[0m
[  19% ] [90m[1mreimport[22m | ui_btn_minimal_metal_main_menu.png[39m[0m
[  19% ] [90m[1mreimport[22m | ui_btn_minimal_metal_main_menu_disabled.png[39m[0m
[  19% ] [90m[1mreimport[22m | ui_btn_minimal_metal_main_menu_focus.png[39m[0m
[  19% ] [90m[1mreimport[22m | ui_btn_minimal_metal_main_menu_hover.png[39m[0m
[  19% ] [90m[1mreimport[22m | ui_btn_minimal_metal_main_menu_pressed.png[39m[0m
[  19% ] [90m[1mreimport[22m | ui_btn_minimal_metal_max.png[39m[0m
[  19% ] [90m[1mreimport[22m | ui_btn_minimal_metal_max_disabled.png[39m[0m
[  19% ] [90m[1mreimport[22m | ui_btn_minimal_metal_max_focus.png[39m[0m
[  19% ] [90m[1mreimport[22m | ui_btn_minimal_metal_max_hover.png[39m[0m
[  19% ] [90m[1mreimport[22m | ui_btn_minimal_metal_max_pressed.png[39m[0m
[  20% ] [90m[1mreimport[22m | ui_btn_minimal_metal_pause.png[39m[0m
[  20% ] [90m[1mreimport[22m | ui_btn_minimal_metal_pause_disabled.png[39m[0m
[  20% ] [90m[1mreimport[22m | ui_btn_minimal_metal_pause_focus.png[39m[0m
[  20% ] [90m[1mreimport[22m | ui_btn_minimal_metal_pause_hover.png[39m[0m
[  20% ] [90m[1mreimport[22m | ui_btn_minimal_metal_pause_pressed.png[39m[0m
[  20% ] [90m[1mreimport[22m | ui_btn_minimal_metal_rebind.png[39m[0m
[  20% ] [90m[1mreimport[22m | ui_btn_minimal_metal_rebind_disabled.png[39m[0m
[  20% ] [90m[1mreimport[22m | ui_btn_minimal_metal_rebind_focus.png[39m[0m
[  20% ] [90m[1mreimport[22m | ui_btn_minimal_metal_rebind_hover.png[39m[0m
[  20% ] [90m[1mreimport[22m | ui_btn_minimal_metal_rebind_pressed.png[39m[0m
[  20% ] [90m[1mreimport[22m | ui_btn_minimal_metal_reset_audio.png[39m[0m
[  20% ] [90m[1mreimport[22m | ui_btn_minimal_metal_reset_audio_disabled.png[39m[0m
[  20% ] [90m[1mreimport[22m | ui_btn_minimal_metal_reset_audio_focus.png[39m[0m
[  20% ] [90m[1mreimport[22m | ui_btn_minimal_metal_reset_audio_hover.png[39m[0m
[  20% ] [90m[1mreimport[22m | ui_btn_minimal_metal_reset_audio_pressed.png[39m[0m
[  20% ] [90m[1mreimport[22m | ui_frame_2k_pm_btn.png[39m[0m
[  20% ] [90m[1mreimport[22m | ui_frame_2k_pm_panel.png[39m[0m
[  20% ] [90m[1mreimport[22m | ui_frame_2k_pn_panel.png[39m[0m
[  20% ] [90m[1mreimport[22m | ui_frame_2k_qc_btn.png[39m[0m
[  20% ] [90m[1mreimport[22m | ui_frame_2k_qc_modal.png[39m[0m
[  20% ] [90m[1mreimport[22m | ui_frame_2k_qc_panel.png[39m[0m
[  20% ] [90m[1mreimport[22m | ui_frame_2k_rc_btn.png[39m[0m
[  20% ] [90m[1mreimport[22m | ui_frame_2k_rc_panel.png[39m[0m
[  20% ] [90m[1mreimport[22m | ui_frame_2k_result_panel.png[39m[0m
[  20% ] [90m[1mreimport[22m | ui_frame_2k_stat_tooltip.png[39m[0m
[  20% ] [90m[1mreimport[22m | ui_frame_2k_st_panel.png[39m[0m
[  20% ] [90m[1mreimport[22m | ui_frame_2k_upgrade_panel.png[39m[0m
[  20% ] [90m[1mreimport[22m | ui_frame_2k_vbn_frame.png[39m[0m
[  20% ] [90m[1mreimport[22m | ui_frame_2k_ws_btn_back.png[39m[0m
[  20% ] [90m[1mreimport[22m | ui_frame_2k_ws_card.png[39m[0m
[  20% ] [90m[1mreimport[22m | ui_frame_2k_ws_panel.png[39m[0m
[  20% ] [90m[1mreimport[22m | ui_frame_pause_end_modal.png[39m[0m
[  20% ] [90m[1mreimport[22m | ui_frame_progression_branch_panel.png[39m[0m
[  20% ] [90m[1mreimport[22m | ui_frame_progression_class_panel.png[39m[0m
[  20% ] [90m[1mreimport[22m | ui_frame_progression_main_panel.png[39m[0m
[  20% ] [90m[1mreimport[22m | ui_frame_progression_node_available.png[39m[0m
[  20% ] [90m[1mreimport[22m | ui_frame_progression_node_focus.png[39m[0m
[  20% ] [90m[1mreimport[22m | ui_frame_progression_node_locked.png[39m[0m
[  20% ] [90m[1mreimport[22m | ui_frame_progression_node_purchased.png[39m[0m
[  20% ] [90m[1mreimport[22m | ui_frame_progression_points_badge.png[39m[0m
[  21% ] [90m[1mreimport[22m | ui_frame_progression_tooltip.png[39m[0m
[  21% ] [90m[1mreimport[22m | ui_btn_red_gold_attr_selector.png[39m[0m
[  21% ] [90m[1mreimport[22m | ui_btn_red_gold_attr_selector_disabled.png[39m[0m
[  21% ] [90m[1mreimport[22m | ui_btn_red_gold_attr_selector_hover.png[39m[0m
[  21% ] [90m[1mreimport[22m | ui_btn_red_gold_attr_selector_pressed.png[39m[0m
[  21% ] [90m[1mreimport[22m | ui_btn_red_gold_back_l.png[39m[0m
[  21% ] [90m[1mreimport[22m | ui_frame_2k_chud_resource_panel.png[39m[0m
[  21% ] [90m[1mreimport[22m | ui_frame_2k_chud_timer.png[39m[0m
[  21% ] [90m[1mreimport[22m | ui_frame_2k_codex_back_btn.png[39m[0m
[  21% ] [90m[1mreimport[22m | ui_frame_2k_codex_detail.png[39m[0m
[  21% ] [90m[1mreimport[22m | ui_frame_2k_codex_entry_card.png[39m[0m
[  21% ] [90m[1mreimport[22m | ui_frame_2k_codex_list.png[39m[0m
[  21% ] [90m[1mreimport[22m | ui_frame_2k_codex_main.png[39m[0m
[  21% ] [90m[1mreimport[22m | ui_frame_2k_codex_nav.png[39m[0m
[  21% ] [90m[1mreimport[22m | ui_frame_2k_codex_tab_btn.png[39m[0m
[  21% ] [90m[1mreimport[22m | ui_frame_2k_cr_btn.png[39m[0m
[  21% ] [90m[1mreimport[22m | ui_frame_2k_cr_panel.png[39m[0m
[  21% ] [90m[1mreimport[22m | ui_frame_2k_ctb_big.png[39m[0m
[  21% ] [90m[1mreimport[22m | ui_frame_2k_ctb_small.png[39m[0m
[  21% ] [90m[1mreimport[22m | ui_frame_2k_evt_card.png[39m[0m
[  21% ] [90m[1mreimport[22m | ui_frame_2k_evt_panel.png[39m[0m
[  21% ] [90m[1mreimport[22m | ui_frame_2k_fb_btn_cancel.png[39m[0m
[  21% ] [90m[1mreimport[22m | ui_frame_2k_fb_btn_send.png[39m[0m
[  21% ] [90m[1mreimport[22m | ui_frame_2k_fb_panel.png[39m[0m
[  21% ] [90m[1mreimport[22m | ui_frame_2k_gt_panel.png[39m[0m
[  21% ] [90m[1mreimport[22m | ui_frame_2k_hs4_asc_btn.png[39m[0m
[  21% ] [90m[1mreimport[22m | ui_frame_2k_hs4_carousel_panel.png[39m[0m
[  21% ] [90m[1mreimport[22m | ui_frame_2k_hs4_choose_btn.png[39m[0m
[  21% ] [90m[1mreimport[22m | ui_frame_2k_hs4_dossier_panel.png[39m[0m
[  21% ] [90m[1mreimport[22m | ui_frame_2k_hs4_portrait_panel.png[39m[0m
[  21% ] [90m[1mreimport[22m | ui_frame_2k_hs4_radar_panel.png[39m[0m
[  21% ] [90m[1mreimport[22m | ui_frame_2k_level_up_card.png[39m[0m
[  21% ] [90m[1mreimport[22m | ui_frame_2k_level_up_panel.png[39m[0m
[  21% ] [90m[1mreimport[22m | ui_frame_2k_lut_toast.png[39m[0m
[  21% ] [90m[1mreimport[22m | ui_frame_2k_mm_btn.png[39m[0m
[  21% ] [90m[1mreimport[22m | ui_frame_2k_pd_btn.png[39m[0m
[  21% ] [90m[1mreimport[22m | ui_frame_2k_pd_panel.png[39m[0m
[  21% ] [90m[1mreimport[22m | ui_stat_chip_frame.png[39m[0m
[  21% ] [90m[1mreimport[22m | ui_stat_group_frame.png[39m[0m
[  21% ] [90m[1mreimport[22m | ui_stat_section_divider.png[39m[0m
[  22% ] [90m[1mreimport[22m | ui_stat_tooltip_frame.png[39m[0m
[  22% ] [90m[1mreimport[22m | ui_stat_value_state_swatches.png[39m[0m
[  22% ] [90m[1mreimport[22m | ui_button_frame.png[39m[0m
[  22% ] [90m[1mreimport[22m | ui_card_frame.png[39m[0m
[  22% ] [90m[1mreimport[22m | ui_hud_card_frame.png[39m[0m
[  22% ] [90m[1mreimport[22m | ui_hud_panel_frame.png[39m[0m
[  22% ] [90m[1mreimport[22m | ui_level_panel_frame.png[39m[0m
[  22% ] [90m[1mreimport[22m | ui_panel_frame.png[39m[0m
[  22% ] [90m[1mreimport[22m | ui_tooltip_frame.png[39m[0m
[  22% ] [90m[1mreimport[22m | ui_frame_hero_select_asc_button.png[39m[0m
[  22% ] [90m[1mreimport[22m | ui_frame_hero_select_asc_button_small.png[39m[0m
[  22% ] [90m[1mreimport[22m | ui_frame_hero_select_asc_label.png[39m[0m
[  22% ] [90m[1mreimport[22m | ui_frame_hero_select_asc_mods.png[39m[0m
[  22% ] [90m[1mreimport[22m | ui_frame_hero_select_dossier.png[39m[0m
[  22% ] [90m[1mreimport[22m | ui_frame_hero_select_portrait.png[39m[0m
[  22% ] [90m[1mreimport[22m | ui_frame_hero_select_radar.png[39m[0m
[  22% ] [90m[1mreimport[22m | ui_frame_hero_select_thumbnail.png[39m[0m
[  22% ] [90m[1mreimport[22m | ui_frame_hero_select_thumbnail_strip.png[39m[0m
[  22% ] [90m[1mreimport[22m | ui_frame_hero_select_unified_panel.png[39m[0m
[  22% ] [90m[1mreimport[22m | background.png[39m[0m
[  22% ] [90m[1mreimport[22m | button_asc_minus.png[39m[0m
[  22% ] [90m[1mreimport[22m | button_asc_plus.png[39m[0m
[  22% ] [90m[1mreimport[22m | button_back.png[39m[0m
[  22% ] [90m[1mreimport[22m | button_carousel_left.png[39m[0m
[  22% ] [90m[1mreimport[22m | button_carousel_right.png[39m[0m
[  22% ] [90m[1mreimport[22m | button_choose.png[39m[0m
[  22% ] [90m[1mreimport[22m | frame_ascension.png[39m[0m
[  22% ] [90m[1mreimport[22m | frame_carousel.png[39m[0m
[  22% ] [90m[1mreimport[22m | ui_df_button_primary_disabled.png[39m[0m
[  22% ] [90m[1mreimport[22m | ui_df_button_primary_hover.png[39m[0m
[  22% ] [90m[1mreimport[22m | ui_df_button_primary_idle.png[39m[0m
[  22% ] [90m[1mreimport[22m | ui_df_button_primary_pressed.png[39m[0m
[  22% ] [90m[1mreimport[22m | ui_df_button_secondary_disabled.png[39m[0m
[  22% ] [90m[1mreimport[22m | ui_df_button_secondary_hover.png[39m[0m
[  22% ] [90m[1mreimport[22m | ui_df_button_secondary_idle.png[39m[0m
[  22% ] [90m[1mreimport[22m | ui_df_button_secondary_pressed.png[39m[0m
[  22% ] [90m[1mreimport[22m | ui_df_card_frame.png[39m[0m
[  22% ] [90m[1mreimport[22m | ui_df_hud_card_frame.png[39m[0m
[  22% ] [90m[1mreimport[22m | ui_df_hud_panel_frame.png[39m[0m
[  23% ] [90m[1mreimport[22m | ui_df_level_panel_frame.png[39m[0m
[  23% ] [90m[1mreimport[22m | ui_df_panel_frame.png[39m[0m
[  23% ] [90m[1mreimport[22m | ui_df_section_divider.png[39m[0m
[  23% ] [90m[1mreimport[22m | ui_df_shop_frame.png[39m[0m
[  23% ] [90m[1mreimport[22m | ui_df_stat_chip_frame.png[39m[0m
[  23% ] [90m[1mreimport[22m | ui_df_stat_row_frame.png[39m[0m
[  23% ] [90m[1mreimport[22m | ui_df_stat_value_state_swatches.png[39m[0m
[  23% ] [90m[1mreimport[22m | ui_df_tooltip_frame.png[39m[0m
[  23% ] [90m[1mreimport[22m | ui_frame_economy_choice_card.png[39m[0m
[  23% ] [90m[1mreimport[22m | ui_frame_economy_choice_card_hover.png[39m[0m
[  23% ] [90m[1mreimport[22m | ui_frame_economy_choice_card_wide.png[39m[0m
[  23% ] [90m[1mreimport[22m | ui_frame_economy_choice_card_wide_hover.png[39m[0m
[  23% ] [90m[1mreimport[22m | ui_frame_economy_dragon_panel.png[39m[0m
[  23% ] [90m[1mreimport[22m | ui_frame_economy_panel.png[39m[0m
[  23% ] [90m[1mreimport[22m | ui_frame_economy_price_badge.png[39m[0m
[  23% ] [90m[1mreimport[22m | ui_frame_economy_tooltip.png[39m[0m
[  23% ] [90m[1mreimport[22m | escape_stats_visual_kit_preview.png[39m[0m
[  23% ] [90m[1mreimport[22m | ui_escape_button_frame.png[39m[0m
[  23% ] [90m[1mreimport[22m | ui_escape_panel_frame.png[39m[0m
[  23% ] [90m[1mreimport[22m | ui_stat_basic_row_frame.png[39m[0m
[  23% ] [90m[1mreimport[22m | ui_frame_minimal_metal_panel.png[39m[0m
[  23% ] [90m[1mreimport[22m | ui_frame_minimal_metal_tooltip.png[39m[0m
[  23% ] [90m[1mreimport[22m | ui_btn_minimal_metal_attr_selector.png[39m[0m
[  23% ] [90m[1mreimport[22m | ui_btn_minimal_metal_attr_selector_disabled.png[39m[0m
[  23% ] [90m[1mreimport[22m | ui_btn_minimal_metal_attr_selector_focus.png[39m[0m
[  23% ] [90m[1mreimport[22m | ui_btn_minimal_metal_attr_selector_hover.png[39m[0m
[  23% ] [90m[1mreimport[22m | ui_btn_minimal_metal_attr_selector_pressed.png[39m[0m
[  23% ] [90m[1mreimport[22m | ui_btn_minimal_metal_back_l.png[39m[0m
[  23% ] [90m[1mreimport[22m | ui_btn_minimal_metal_back_l_disabled.png[39m[0m
[  23% ] [90m[1mreimport[22m | ui_btn_minimal_metal_back_l_focus.png[39m[0m
[  23% ] [90m[1mreimport[22m | ui_btn_minimal_metal_back_l_hover.png[39m[0m
[  23% ] [90m[1mreimport[22m | ui_btn_minimal_metal_back_l_pressed.png[39m[0m
[  23% ] [90m[1mreimport[22m | ui_btn_minimal_metal_back_m.png[39m[0m
[  23% ] [90m[1mreimport[22m | ui_btn_minimal_metal_back_m_disabled.png[39m[0m
[  23% ] [90m[1mreimport[22m | ui_btn_minimal_metal_back_m_focus.png[39m[0m
[  23% ] [90m[1mreimport[22m | ui_btn_minimal_metal_back_m_hover.png[39m[0m
[  23% ] [90m[1mreimport[22m | ui_btn_minimal_metal_back_m_pressed.png[39m[0m
[  23% ] [90m[1mreimport[22m | ui_btn_minimal_metal_back_s.png[39m[0m
[  23% ] [90m[1mreimport[22m | ui_btn_minimal_metal_back_s_disabled.png[39m[0m
[  23% ] [90m[1mreimport[22m | ui_btn_minimal_metal_back_s_focus.png[39m[0m
[  24% ] [90m[1mreimport[22m | ui_btn_minimal_metal_back_s_hover.png[39m[0m
[  24% ] [90m[1mreimport[22m | ui_btn_minimal_metal_back_s_pressed.png[39m[0m
[  24% ] [90m[1mreimport[22m | ui_btn_minimal_metal_codex_tab.png[39m[0m
[  24% ] [90m[1mreimport[22m | ui_btn_minimal_metal_codex_tab_disabled.png[39m[0m
[  24% ] [90m[1mreimport[22m | ui_btn_minimal_metal_codex_tab_focus.png[39m[0m
[  24% ] [90m[1mreimport[22m | ui_btn_minimal_metal_codex_tab_hover.png[39m[0m
[  24% ] [90m[1mreimport[22m | ui_btn_minimal_metal_codex_tab_pressed.png[39m[0m
[  24% ] [90m[1mreimport[22m | ui_btn_minimal_metal_fab.png[39m[0m
[  24% ] [90m[1mreimport[22m | ui_btn_minimal_metal_fab_disabled.png[39m[0m
[  24% ] [90m[1mreimport[22m | ui_btn_minimal_metal_fab_focus.png[39m[0m
[  24% ] [90m[1mreimport[22m | ui_btn_minimal_metal_fab_hover.png[39m[0m
[  24% ] [90m[1mreimport[22m | frame_dossier.png[39m[0m
[  24% ] [90m[1mreimport[22m | frame_hero_slot.png[39m[0m
[  24% ] [90m[1mreimport[22m | frame_portrait.png[39m[0m
[  24% ] [90m[1mreimport[22m | frame_radar.png[39m[0m
[  24% ] [90m[1mreimport[22m | frame_title.png[39m[0m
[  24% ] [90m[1mreimport[22m | ui_hero_select_ascension_stepper.png[39m[0m
[  24% ] [90m[1mreimport[22m | ui_hero_select_back_button.png[39m[0m
[  24% ] [90m[1mreimport[22m | ui_hero_select_carousel_strip.png[39m[0m
[  24% ] [90m[1mreimport[22m | ui_hero_select_dossier_panel.png[39m[0m
[  24% ] [90m[1mreimport[22m | ui_hero_select_portrait_panel.png[39m[0m
[  24% ] [90m[1mreimport[22m | ui_hero_select_select_button.png[39m[0m
[  24% ] [90m[1mreimport[22m | ui_hero_select_stat_radar.png[39m[0m
[  24% ] [90m[1mreimport[22m | ui_hero_select_title_banner.png[39m[0m
[  24% ] [90m[1mreimport[22m | background.png[39m[0m
[  24% ] [90m[1mreimport[22m | frame_carousel.png[39m[0m
[  24% ] [90m[1mreimport[22m | frame_dossier.png[39m[0m
[  24% ] [90m[1mreimport[22m | frame_preview.png[39m[0m
[  24% ] [90m[1mreimport[22m | frame_radar.png[39m[0m
[  24% ] [90m[1mreimport[22m | ui_btn_lu682_later.png[39m[0m
[  24% ] [90m[1mreimport[22m | ui_btn_lu682_later_hover.png[39m[0m
[  24% ] [90m[1mreimport[22m | ui_btn_lu682_later_pressed.png[39m[0m
[  24% ] [90m[1mreimport[22m | ui_frame_lu682_card.png[39m[0m
[  24% ] [90m[1mreimport[22m | ui_frame_lu682_card_hover.png[39m[0m
[  24% ] [90m[1mreimport[22m | ui_frame_lu682_card_selected.png[39m[0m
[  24% ] [90m[1mreimport[22m | ui_frame_lu682_effect_preview.png[39m[0m
[  24% ] [90m[1mreimport[22m | ui_frame_lu682_panel.png[39m[0m
[  24% ] [90m[1mreimport[22m | ui_frame_lu682_portrait.png[39m[0m
[  24% ] [90m[1mreimport[22m | ui_frame_minimal_metal_card.png[39m[0m
[  25% ] [90m[1mreimport[22m | ui_frame_minimal_metal_field.png[39m[0m
[  25% ] [90m[1mreimport[22m | ui_frame_minimal_metal_hud_strip.png[39m[0m
[  25% ] [90m[1mreimport[22m | ui_frame_minimal_metal_modal.png[39m[0m
[  25% ] [90m[1mreimport[22m | ultimate_multiplier_source_openai_alpha_clean.png[39m[0m
[  25% ] [90m[1mreimport[22m | vampiric_amount_source_openai.png[39m[0m
[  25% ] [90m[1mreimport[22m | vampiric_amount_source_openai_alpha_clean.png[39m[0m
[  25% ] [90m[1mreimport[22m | vampiric_chance_source_openai.png[39m[0m
[  25% ] [90m[1mreimport[22m | vampiric_chance_source_openai_alpha_clean.png[39m[0m
[  25% ] [90m[1mreimport[22m | agility_source_openai.png[39m[0m
[  25% ] [90m[1mreimport[22m | agility_source_openai_alpha_clean.png[39m[0m
[  25% ] [90m[1mreimport[22m | endurance_source_openai.png[39m[0m
[  25% ] [90m[1mreimport[22m | endurance_source_openai_alpha_clean.png[39m[0m
[  25% ] [90m[1mreimport[22m | energy_source_openai.png[39m[0m
[  25% ] [90m[1mreimport[22m | energy_source_openai_alpha_clean.png[39m[0m
[  25% ] [90m[1mreimport[22m | intelligence_source_openai.png[39m[0m
[  25% ] [90m[1mreimport[22m | intelligence_source_openai_alpha_clean.png[39m[0m
[  25% ] [90m[1mreimport[22m | knowledge_source_openai.png[39m[0m
[  25% ] [90m[1mreimport[22m | knowledge_source_openai_alpha_clean.png[39m[0m
[  25% ] [90m[1mreimport[22m | leadership_source_openai.png[39m[0m
[  25% ] [90m[1mreimport[22m | leadership_source_openai_alpha_clean.png[39m[0m
[  25% ] [90m[1mreimport[22m | perception_source_openai.png[39m[0m
[  25% ] [90m[1mreimport[22m | perception_source_openai_alpha_clean.png[39m[0m
[  25% ] [90m[1mreimport[22m | strength_source_openai.png[39m[0m
[  25% ] [90m[1mreimport[22m | strength_source_openai_alpha_clean.png[39m[0m
[  25% ] [90m[1mreimport[22m | ChatGPT Image Jun 13, 2026, 08_12_22 PM (1).png[39m[0m
[  25% ] [90m[1mreimport[22m | ChatGPT Image Jun 13, 2026, 08_12_23 PM (2).png[39m[0m
[  25% ] [90m[1mreimport[22m | ChatGPT Image Jun 13, 2026, 08_12_23 PM (3).png[39m[0m
[  25% ] [90m[1mreimport[22m | ChatGPT Image Jun 13, 2026, 08_12_23 PM (4).png[39m[0m
[  25% ] [90m[1mreimport[22m | ChatGPT Image Jun 13, 2026, 08_12_24 PM (5).png[39m[0m
[  25% ] [90m[1mreimport[22m | level_up_popup_badge_base.png[39m[0m
[  25% ] [90m[1mreimport[22m | level_up_popup_badge_base_alpha.png[39m[0m
[  25% ] [90m[1mreimport[22m | level_up_popup_badge_final.png[39m[0m
[  25% ] [90m[1mreimport[22m | level_up_popup_badge_final_debug.png[39m[0m
[  25% ] [90m[1mreimport[22m | defense_source_openai.png[39m[0m
[  25% ] [90m[1mreimport[22m | defense_source_openai_alpha_clean.png[39m[0m
[  25% ] [90m[1mreimport[22m | dodge_source_openai.png[39m[0m
[  25% ] [90m[1mreimport[22m | dodge_source_openai_alpha_clean.png[39m[0m
[  25% ] [90m[1mreimport[22m | dot_damage_source_openai.png[39m[0m
[  25% ] [90m[1mreimport[22m | dot_damage_source_openai_alpha_clean.png[39m[0m
[  25% ] [90m[1mreimport[22m | dot_speed_source_openai.png[39m[0m
[  26% ] [90m[1mreimport[22m | dot_speed_source_openai_alpha_clean.png[39m[0m
[  26% ] [90m[1mreimport[22m | health_point_source_openai.png[39m[0m
[  26% ] [90m[1mreimport[22m | health_point_source_openai_alpha_clean.png[39m[0m
[  26% ] [90m[1mreimport[22m | knockback_distance_source_openai.png[39m[0m
[  26% ] [90m[1mreimport[22m | knockback_distance_source_openai_alpha_clean.png[39m[0m
[  26% ] [90m[1mreimport[22m | knockback_power_source_openai.png[39m[0m
[  26% ] [90m[1mreimport[22m | knockback_power_source_openai_alpha_clean.png[39m[0m
[  26% ] [90m[1mreimport[22m | magic_damage_source_openai.png[39m[0m
[  26% ] [90m[1mreimport[22m | magic_damage_source_openai_alpha_clean.png[39m[0m
[  26% ] [90m[1mreimport[22m | move_speed_source_openai.png[39m[0m
[  26% ] [90m[1mreimport[22m | move_speed_source_openai_alpha_clean.png[39m[0m
[  26% ] [90m[1mreimport[22m | pickup_radius_source_openai.png[39m[0m
[  26% ] [90m[1mreimport[22m | pickup_radius_source_openai_alpha_clean.png[39m[0m
[  26% ] [90m[1mreimport[22m | projectile_speed_source_openai.png[39m[0m
[  26% ] [90m[1mreimport[22m | projectile_speed_source_openai_alpha_clean.png[39m[0m
[  26% ] [90m[1mreimport[22m | range_multiplier_source_openai.png[39m[0m
[  26% ] [90m[1mreimport[22m | range_multiplier_source_openai_alpha_clean.png[39m[0m
[  26% ] [90m[1mreimport[22m | regeneration_source_openai.png[39m[0m
[  26% ] [90m[1mreimport[22m | regeneration_source_openai_alpha_clean.png[39m[0m
[  26% ] [90m[1mreimport[22m | sound_wave_damage_source_openai.png[39m[0m
[  26% ] [90m[1mreimport[22m | sound_wave_damage_source_openai_alpha_clean.png[39m[0m
[  26% ] [90m[1mreimport[22m | summon_amount_source_openai.png[39m[0m
[  26% ] [90m[1mreimport[22m | summon_amount_source_openai_alpha_clean.png[39m[0m
[  26% ] [90m[1mreimport[22m | ultimate_multiplier_source_openai.png[39m[0m
[  26% ] [90m[1mreimport[22m | night_stalker_full_frame_sheet_raw.png[39m[0m
[  26% ] [90m[1mreimport[22m | plague_prophet_full_frame_sheet_raw.png[39m[0m
[  26% ] [90m[1mreimport[22m | rift_cutter_full_frame_sheet_raw.png[39m[0m
[  26% ] [90m[1mreimport[22m | rift_shieldbearer_full_frame_sheet_raw.png[39m[0m
[  26% ] [90m[1mreimport[22m | rift_warden_full_frame_sheet_raw.png[39m[0m
[  26% ] [90m[1mreimport[22m | shard_marshal_full_frame_sheet_raw.png[39m[0m
[  26% ] [90m[1mreimport[22m | small_biter_full_frame_sheet_raw.png[39m[0m
[  26% ] [90m[1mreimport[22m | spark_runner_full_frame_sheet_raw.png[39m[0m
[  26% ] [90m[1mreimport[22m | stone_bruiser_full_frame_sheet_raw.png[39m[0m
[  26% ] [90m[1mreimport[22m | venom_spitter_full_frame_sheet_raw.png[39m[0m
[  26% ] [90m[1mreimport[22m | void_mage_full_frame_sheet_raw.png[39m[0m
[  26% ] [90m[1mreimport[22m | winged_spark_full_frame_sheet_raw.png[39m[0m
[  26% ] [90m[1mreimport[22m | ashen_colossus_death_row_reference.png[39m[0m
[  26% ] [90m[1mreimport[22m | bone_archon_death_row_reference.png[39m[0m
[  26% ] [90m[1mreimport[22m | brood_mother_death_row_reference.png[39m[0m
[  27% ] [90m[1mreimport[22m | disk_devourer_death_row_reference.png[39m[0m
[  27% ] [90m[1mreimport[22m | druid_beast_death_row_reference.png[39m[0m
[  27% ] [90m[1mreimport[22m | druid_pack_spirit_death_row_reference.png[39m[0m
[  27% ] [90m[1mreimport[22m | homunculus_death_row_reference.png[39m[0m
[  27% ] [90m[1mreimport[22m | iron_bastion_death_row_reference.png[39m[0m
[  27% ] [90m[1mreimport[22m | leadership_echo_death_row_reference.png[39m[0m
[  27% ] [90m[1mreimport[22m | mini_bone_warden_death_row_reference.png[39m[0m
[  27% ] [90m[1mreimport[22m | mini_plague_bellringer_death_row_reference.png[39m[0m
[  27% ] [90m[1mreimport[22m | mini_rot_hound_death_row_reference.png[39m[0m
[  27% ] [90m[1mreimport[22m | mini_scavenger_reaper_death_row_reference.png[39m[0m
[  27% ] [90m[1mreimport[22m | mini_shadow_devourer_death_row_reference.png[39m[0m
[  27% ] [90m[1mreimport[22m | mini_spark_wight_death_row_reference.png[39m[0m
[  27% ] [90m[1mreimport[22m | night_stalker_death_row_reference.png[39m[0m
[  27% ] [90m[1mreimport[22m | plague_prophet_death_row_reference.png[39m[0m
[  27% ] [90m[1mreimport[22m | rift_warden_death_row_reference.png[39m[0m
[  27% ] [90m[1mreimport[22m | shard_marshal_death_row_reference.png[39m[0m
[  27% ] [90m[1mreimport[22m | level_up_popup_layout_guide.png[39m[0m
[  27% ] [90m[1mreimport[22m | level_up_popup_text_guide.png[39m[0m
[  27% ] [90m[1mreimport[22m | level_up_2k_mockup.png[39m[0m
[  27% ] [90m[1mreimport[22m | level_up_frame_kit_reference.png[39m[0m
[  27% ] [90m[1mreimport[22m | current_level_up_empty_cards_user_feedback.png[39m[0m
[  27% ] [90m[1mreimport[22m | main_menu_epic_battle_v2_source.png[39m[0m
[  27% ] [90m[1mreimport[22m | map_chest_artifact_alpha.png[39m[0m
[  27% ] [90m[1mreimport[22m | map_chest_artifact_source.png[39m[0m
[  27% ] [90m[1mreimport[22m | scrum478_bright_minimal_button_anchor_sheet.png[39m[0m
[  27% ] [90m[1mreimport[22m | scrum478_bright_minimal_button_anchor_sheet_transparent.png[39m[0m
[  27% ] [90m[1mreimport[22m | scrum478_exact_size_frame_source_sheet.png[39m[0m
[  27% ] [90m[1mreimport[22m | scrum478_exact_size_frame_source_sheet_transparent.png[39m[0m
[  27% ] [90m[1mreimport[22m | scrum478_full_screen_mockup_board.png[39m[0m
[  27% ] [90m[1mreimport[22m | release_0_1_7_heroes_vs_bosses.png[39m[0m
[  27% ] [90m[1mreimport[22m | ui_backdrop_rest_campfire.png[39m[0m
[  27% ] [90m[1mreimport[22m | reward_card_common_source.png[39m[0m
[  27% ] [90m[1mreimport[22m | reward_card_elite_artifact_source.png[39m[0m
[  27% ] [90m[1mreimport[22m | ashen_colossus_full_frame_sheet_raw.png[39m[0m
[  27% ] [90m[1mreimport[22m | ash_marksman_full_frame_sheet_raw.png[39m[0m
[  27% ] [90m[1mreimport[22m | bone_archon_full_frame_sheet_raw.png[39m[0m
[  27% ] [90m[1mreimport[22m | bone_caller_full_frame_sheet_raw.png[39m[0m
[  27% ] [90m[1mreimport[22m | bone_shaman_full_frame_sheet_raw.png[39m[0m
[  27% ] [90m[1mreimport[22m | brood_mother_full_frame_sheet_raw.png[39m[0m
[  27% ] [90m[1mreimport[22m | disk_devourer_full_frame_sheet_raw.png[39m[0m
[  28% ] [90m[1mreimport[22m | iron_bastion_full_frame_sheet_raw.png[39m[0m
[  28% ] [90m[1mreimport[22m | mini_bone_warden_full_frame_sheet_raw.png[39m[0m
[  28% ] [90m[1mreimport[22m | mini_plague_bellringer_full_frame_sheet_raw.png[39m[0m
[  28% ] [90m[1mreimport[22m | mini_rot_hound_full_frame_sheet_raw.png[39m[0m
[  28% ] [90m[1mreimport[22m | mini_scavenger_reaper_full_frame_sheet_raw.png[39m[0m
[  28% ] [90m[1mreimport[22m | mini_shadow_devourer_full_frame_sheet_raw.png[39m[0m
[  28% ] [90m[1mreimport[22m | mini_spark_wight_full_frame_sheet_raw.png[39m[0m
[  28% ] [90m[1mreimport[22m | breather_totem_source_openai_alpha_clean.png[39m[0m
[  28% ] [90m[1mreimport[22m | bulwark_echo_source.png[39m[0m
[  28% ] [90m[1mreimport[22m | chain_spark_source_openai.png[39m[0m
[  28% ] [90m[1mreimport[22m | chain_spark_source_openai_alpha_clean.png[39m[0m
[  28% ] [90m[1mreimport[22m | counterwave_sigil_source_openai.png[39m[0m
[  28% ] [90m[1mreimport[22m | counterwave_sigil_source_openai_alpha_clean.png[39m[0m
[  28% ] [90m[1mreimport[22m | crit_impulse_source_openai.png[39m[0m
[  28% ] [90m[1mreimport[22m | crit_impulse_source_openai_alpha_clean.png[39m[0m
[  28% ] [90m[1mreimport[22m | duelist_spur_source.png[39m[0m
[  28% ] [90m[1mreimport[22m | field_kit_source.png[39m[0m
[  28% ] [90m[1mreimport[22m | focus_lens_source.png[39m[0m
[  28% ] [90m[1mreimport[22m | guardian_bulwark_source_openai.png[39m[0m
[  28% ] [90m[1mreimport[22m | guardian_bulwark_source_openai_alpha_clean.png[39m[0m
[  28% ] [90m[1mreimport[22m | hungry_amulet_source.png[39m[0m
[  28% ] [90m[1mreimport[22m | powder_charge_source.png[39m[0m
[  28% ] [90m[1mreimport[22m | sacrifice_seal_source.png[39m[0m
[  28% ] [90m[1mreimport[22m | second_wind_source_openai.png[39m[0m
[  28% ] [90m[1mreimport[22m | second_wind_source_openai_alpha_clean.png[39m[0m
[  28% ] [90m[1mreimport[22m | soul_harvest_source_openai.png[39m[0m
[  28% ] [90m[1mreimport[22m | soul_harvest_source_openai_alpha_clean.png[39m[0m
[  28% ] [90m[1mreimport[22m | stone_hide_source.png[39m[0m
[  28% ] [90m[1mreimport[22m | vital_siphon_source.png[39m[0m
[  28% ] [90m[1mreimport[22m | artifact_ash_page_source.png[39m[0m
[  28% ] [90m[1mreimport[22m | artifact_banner_seed_source.png[39m[0m
[  28% ] [90m[1mreimport[22m | artifact_bass_cable_source.png[39m[0m
[  28% ] [90m[1mreimport[22m | artifact_blood_pact_source.png[39m[0m
[  28% ] [90m[1mreimport[22m | artifact_blood_sigil_source.png[39m[0m
[  28% ] [90m[1mreimport[22m | artifact_broken_pick_source.png[39m[0m
[  28% ] [90m[1mreimport[22m | artifact_burning_shard_source.png[39m[0m
[  28% ] [90m[1mreimport[22m | artifact_captains_coin_source.png[39m[0m
[  28% ] [90m[1mreimport[22m | artifact_copper_string_source.png[39m[0m
[  28% ] [90m[1mreimport[22m | frame_dossier.png[39m[0m
[  29% ] [90m[1mreimport[22m | frame_hero_slot.png[39m[0m
[  29% ] [90m[1mreimport[22m | frame_portrait.png[39m[0m
[  29% ] [90m[1mreimport[22m | frame_radar.png[39m[0m
[  29% ] [90m[1mreimport[22m | frame_title.png[39m[0m
[  29% ] [90m[1mreimport[22m | background.png[39m[0m
[  29% ] [90m[1mreimport[22m | button_asc_stepper.png[39m[0m
[  29% ] [90m[1mreimport[22m | button_back.png[39m[0m
[  29% ] [90m[1mreimport[22m | button_carousel_arrow.png[39m[0m
[  29% ] [90m[1mreimport[22m | button_choose.png[39m[0m
[  29% ] [90m[1mreimport[22m | frame_ascension.png[39m[0m
[  29% ] [90m[1mreimport[22m | frame_carousel.png[39m[0m
[  29% ] [90m[1mreimport[22m | frame_dossier.png[39m[0m
[  29% ] [90m[1mreimport[22m | frame_hero_slot.png[39m[0m
[  29% ] [90m[1mreimport[22m | frame_portrait.png[39m[0m
[  29% ] [90m[1mreimport[22m | frame_radar.png[39m[0m
[  29% ] [90m[1mreimport[22m | frame_title.png[39m[0m
[  29% ] [90m[1mreimport[22m | scrum356_edit_input_existing_frames.png[39m[0m
[  29% ] [90m[1mreimport[22m | ui_frame_hero_select_asc_button_small_source.png[39m[0m
[  29% ] [90m[1mreimport[22m | ui_frame_hero_select_unified_panel_source.png[39m[0m
[  29% ] [90m[1mreimport[22m | hero_select_v2_full_window_mockup_1920x1088.png[39m[0m
[  29% ] [90m[1mreimport[22m | frame_carousel_raw.png[39m[0m
[  29% ] [90m[1mreimport[22m | frame_dossier_raw.png[39m[0m
[  29% ] [90m[1mreimport[22m | frame_preview_raw.png[39m[0m
[  29% ] [90m[1mreimport[22m | frame_radar_raw.png[39m[0m
[  29% ] [90m[1mreimport[22m | background.png[39m[0m
[  29% ] [90m[1mreimport[22m | mockup.png[39m[0m
[  29% ] [90m[1mreimport[22m | mockup_zones_annotated.png[39m[0m
[  29% ] [90m[1mreimport[22m | mockup.png[39m[0m
[  29% ] [90m[1mreimport[22m | berserk_totem_source.png[39m[0m
[  29% ] [90m[1mreimport[22m | breather_totem_source_openai.png[39m[0m
[  29% ] [90m[1mreimport[22m | artifact_split_core_source.png[39m[0m
[  29% ] [90m[1mreimport[22m | artifact_star_compass_source.png[39m[0m
[  29% ] [90m[1mreimport[22m | artifact_stone_heart_source.png[39m[0m
[  29% ] [90m[1mreimport[22m | artifact_sturdy_amulet_source.png[39m[0m
[  29% ] [90m[1mreimport[22m | artifact_summoners_bell_source.png[39m[0m
[  29% ] [90m[1mreimport[22m | artifact_survival_manual_source.png[39m[0m
[  29% ] [90m[1mreimport[22m | artifact_swift_ink_source.png[39m[0m
[  29% ] [90m[1mreimport[22m | artifact_thorn_pact_source.png[39m[0m
[  29% ] [90m[1mreimport[22m | artifact_void_ink_source.png[39m[0m
[  29% ] [90m[1mreimport[22m | artifact_warriors_rage_source.png[39m[0m
[  30% ] [90m[1mreimport[22m | artifact_warrior_charm_source.png[39m[0m
[  30% ] [90m[1mreimport[22m | artifact_war_belt_source.png[39m[0m
[  30% ] [90m[1mreimport[22m | artifact_wide_sigil_source.png[39m[0m
[  30% ] [90m[1mreimport[22m | absorb_source_openai.png[39m[0m
[  30% ] [90m[1mreimport[22m | absorb_source_openai_alpha_clean.png[39m[0m
[  30% ] [90m[1mreimport[22m | aoe_radius_source_openai.png[39m[0m
[  30% ] [90m[1mreimport[22m | aoe_radius_source_openai_alpha_clean.png[39m[0m
[  30% ] [90m[1mreimport[22m | attack_range_source_openai.png[39m[0m
[  30% ] [90m[1mreimport[22m | attack_range_source_openai_alpha_clean.png[39m[0m
[  30% ] [90m[1mreimport[22m | attack_speed_source_openai.png[39m[0m
[  30% ] [90m[1mreimport[22m | attack_speed_source_openai_alpha_clean.png[39m[0m
[  30% ] [90m[1mreimport[22m | aura_radius_source_openai.png[39m[0m
[  30% ] [90m[1mreimport[22m | aura_radius_source_openai_alpha_clean.png[39m[0m
[  30% ] [90m[1mreimport[22m | buff_power_source_openai.png[39m[0m
[  30% ] [90m[1mreimport[22m | buff_power_source_openai_alpha_clean.png[39m[0m
[  30% ] [90m[1mreimport[22m | crit_chance_source_openai.png[39m[0m
[  30% ] [90m[1mreimport[22m | crit_chance_source_openai_alpha_clean.png[39m[0m
[  30% ] [90m[1mreimport[22m | crit_damage_multiplier_source_openai.png[39m[0m
[  30% ] [90m[1mreimport[22m | crit_damage_multiplier_source_openai_alpha_clean.png[39m[0m
[  30% ] [90m[1mreimport[22m | damage_source_openai.png[39m[0m
[  30% ] [90m[1mreimport[22m | damage_source_openai_alpha_clean.png[39m[0m
[  30% ] [90m[1mreimport[22m | artifact_cracked_shield_source.png[39m[0m
[  30% ] [90m[1mreimport[22m | artifact_cursed_crown_source.png[39m[0m
[  30% ] [90m[1mreimport[22m | artifact_dark_crystal_source.png[39m[0m
[  30% ] [90m[1mreimport[22m | artifact_echo_core_source.png[39m[0m
[  30% ] [90m[1mreimport[22m | artifact_echo_pick_source.png[39m[0m
[  30% ] [90m[1mreimport[22m | artifact_ember_core_source.png[39m[0m
[  30% ] [90m[1mreimport[22m | artifact_fast_boots_source.png[39m[0m
[  30% ] [90m[1mreimport[22m | artifact_fox_boots_source.png[39m[0m
[  30% ] [90m[1mreimport[22m | artifact_fragile_heart_source.png[39m[0m
[  30% ] [90m[1mreimport[22m | artifact_glass_edge_source.png[39m[0m
[  30% ] [90m[1mreimport[22m | artifact_glass_orb_source.png[39m[0m
[  30% ] [90m[1mreimport[22m | artifact_golden_route_mark_source.png[39m[0m
[  30% ] [90m[1mreimport[22m | artifact_greedy_purse_source.png[39m[0m
[  30% ] [90m[1mreimport[22m | artifact_hawk_lens_source.png[39m[0m
[  30% ] [90m[1mreimport[22m | artifact_heavy_grip_source.png[39m[0m
[  30% ] [90m[1mreimport[22m | artifact_heavy_totem_source.png[39m[0m
[  30% ] [90m[1mreimport[22m | artifact_ink_candle_source.png[39m[0m
[  30% ] [90m[1mreimport[22m | artifact_jagged_blade_source.png[39m[0m
[  30% ] [90m[1mreimport[22m | artifact_leech_fang_source.png[39m[0m
[  31% ] [90m[1mreimport[22m | artifact_leech_heart_source.png[39m[0m
[  31% ] [90m[1mreimport[22m | artifact_living_root_source.png[39m[0m
[  31% ] [90m[1mreimport[22m | artifact_loud_amp_source.png[39m[0m
[  31% ] [90m[1mreimport[22m | artifact_magnetic_buckle_source.png[39m[0m
[  31% ] [90m[1mreimport[22m | artifact_old_codex_source.png[39m[0m
[  31% ] [90m[1mreimport[22m | artifact_phantom_step_source.png[39m[0m
[  31% ] [90m[1mreimport[22m | artifact_quickstring_source.png[39m[0m
[  31% ] [90m[1mreimport[22m | artifact_red_whetstone_source.png[39m[0m
[  31% ] [90m[1mreimport[22m | artifact_sharp_talisman_source.png[39m[0m
[  31% ] [90m[1mreimport[22m | artifact_silver_coin_source.png[39m[0m
[  31% ] [90m[1mreimport[22m | artifact_skull_resonator_source.png[39m[0m
[  31% ] [90m[1mreimport[22m | artifact_splinter_gloves_source.png[39m[0m
[  31% ] [90m[1mreimport[22m | ui_btn_minimal_metal_rebind_hover.png[39m[0m
[  31% ] [90m[1mreimport[22m | ui_btn_minimal_metal_rebind_pressed.png[39m[0m
[  31% ] [90m[1mreimport[22m | ui_btn_minimal_metal_reset_audio.png[39m[0m
[  31% ] [90m[1mreimport[22m | ui_btn_minimal_metal_reset_audio_disabled.png[39m[0m
[  31% ] [90m[1mreimport[22m | ui_btn_minimal_metal_reset_audio_focus.png[39m[0m
[  31% ] [90m[1mreimport[22m | ui_btn_minimal_metal_reset_audio_hover.png[39m[0m
[  31% ] [90m[1mreimport[22m | ui_btn_minimal_metal_reset_audio_pressed.png[39m[0m
[  31% ] [90m[1mreimport[22m | ui_btn_minimal_metal_reset_bindings.png[39m[0m
[  31% ] [90m[1mreimport[22m | ui_btn_minimal_metal_reset_bindings_disabled.png[39m[0m
[  31% ] [90m[1mreimport[22m | ui_btn_minimal_metal_reset_bindings_focus.png[39m[0m
[  31% ] [90m[1mreimport[22m | ui_btn_minimal_metal_reset_bindings_hover.png[39m[0m
[  31% ] [90m[1mreimport[22m | ui_btn_minimal_metal_reset_bindings_pressed.png[39m[0m
[  31% ] [90m[1mreimport[22m | ui_btn_minimal_metal_standard.png[39m[0m
[  31% ] [90m[1mreimport[22m | ui_btn_minimal_metal_standard_disabled.png[39m[0m
[  31% ] [90m[1mreimport[22m | ui_btn_minimal_metal_standard_focus.png[39m[0m
[  31% ] [90m[1mreimport[22m | ui_btn_minimal_metal_standard_hover.png[39m[0m
[  31% ] [90m[1mreimport[22m | ui_btn_minimal_metal_standard_pressed.png[39m[0m
[  31% ] [90m[1mreimport[22m | ui_btn_minimal_metal_utility.png[39m[0m
[  31% ] [90m[1mreimport[22m | ui_btn_minimal_metal_utility_disabled.png[39m[0m
[  31% ] [90m[1mreimport[22m | ui_btn_minimal_metal_utility_focus.png[39m[0m
[  31% ] [90m[1mreimport[22m | ui_btn_minimal_metal_utility_hover.png[39m[0m
[  31% ] [90m[1mreimport[22m | ui_btn_minimal_metal_utility_pressed.png[39m[0m
[  31% ] [90m[1mreimport[22m | scrum450_minimal_metal_button_source_sheet.png[39m[0m
[  31% ] [90m[1mreimport[22m | crest_defeat.png[39m[0m
[  31% ] [90m[1mreimport[22m | crest_victory.png[39m[0m
[  31% ] [90m[1mreimport[22m | frame_modal.png[39m[0m
[  31% ] [90m[1mreimport[22m | frame_pause_menu.png[39m[0m
[  32% ] [90m[1mreimport[22m | pause_end_cluster_mockup.png[39m[0m
[  32% ] [90m[1mreimport[22m | ui_frame_progression_branch_panel.png[39m[0m
[  32% ] [90m[1mreimport[22m | ui_frame_progression_class_panel.png[39m[0m
[  32% ] [90m[1mreimport[22m | ui_btn_minimal_metal_codex_tab_focus.png[39m[0m
[  32% ] [90m[1mreimport[22m | ui_btn_minimal_metal_codex_tab_hover.png[39m[0m
[  32% ] [90m[1mreimport[22m | ui_btn_minimal_metal_codex_tab_pressed.png[39m[0m
[  32% ] [90m[1mreimport[22m | ui_btn_minimal_metal_fab.png[39m[0m
[  32% ] [90m[1mreimport[22m | ui_btn_minimal_metal_fab_disabled.png[39m[0m
[  32% ] [90m[1mreimport[22m | ui_btn_minimal_metal_fab_focus.png[39m[0m
[  32% ] [90m[1mreimport[22m | ui_btn_minimal_metal_fab_hover.png[39m[0m
[  32% ] [90m[1mreimport[22m | ui_btn_minimal_metal_fab_pressed.png[39m[0m
[  32% ] [90m[1mreimport[22m | ui_btn_minimal_metal_hero_confirm.png[39m[0m
[  32% ] [90m[1mreimport[22m | ui_btn_minimal_metal_hero_confirm_disabled.png[39m[0m
[  32% ] [90m[1mreimport[22m | ui_btn_minimal_metal_hero_confirm_focus.png[39m[0m
[  32% ] [90m[1mreimport[22m | ui_btn_minimal_metal_hero_confirm_hover.png[39m[0m
[  32% ] [90m[1mreimport[22m | ui_btn_minimal_metal_hero_confirm_pressed.png[39m[0m
[  32% ] [90m[1mreimport[22m | ui_btn_minimal_metal_main_menu.png[39m[0m
[  32% ] [90m[1mreimport[22m | ui_btn_minimal_metal_main_menu_disabled.png[39m[0m
[  32% ] [90m[1mreimport[22m | ui_btn_minimal_metal_main_menu_focus.png[39m[0m
[  32% ] [90m[1mreimport[22m | ui_btn_minimal_metal_main_menu_hover.png[39m[0m
[  32% ] [90m[1mreimport[22m | ui_btn_minimal_metal_main_menu_pressed.png[39m[0m
[  32% ] [90m[1mreimport[22m | ui_btn_minimal_metal_max.png[39m[0m
[  32% ] [90m[1mreimport[22m | ui_btn_minimal_metal_max_disabled.png[39m[0m
[  32% ] [90m[1mreimport[22m | ui_btn_minimal_metal_max_focus.png[39m[0m
[  32% ] [90m[1mreimport[22m | ui_btn_minimal_metal_max_hover.png[39m[0m
[  32% ] [90m[1mreimport[22m | ui_btn_minimal_metal_max_pressed.png[39m[0m
[  32% ] [90m[1mreimport[22m | ui_btn_minimal_metal_pause.png[39m[0m
[  32% ] [90m[1mreimport[22m | ui_btn_minimal_metal_pause_disabled.png[39m[0m
[  32% ] [90m[1mreimport[22m | ui_btn_minimal_metal_pause_focus.png[39m[0m
[  32% ] [90m[1mreimport[22m | ui_btn_minimal_metal_pause_hover.png[39m[0m
[  32% ] [90m[1mreimport[22m | ui_btn_minimal_metal_pause_pressed.png[39m[0m
[  32% ] [90m[1mreimport[22m | ui_btn_minimal_metal_rebind.png[39m[0m
[  32% ] [90m[1mreimport[22m | ui_btn_minimal_metal_rebind_disabled.png[39m[0m
[  32% ] [90m[1mreimport[22m | ui_btn_minimal_metal_rebind_focus.png[39m[0m
[  32% ] [90m[1mreimport[22m | wide_440x104_source.png[39m[0m
[  32% ] [90m[1mreimport[22m | scrum657_text_button_family_reference.png[39m[0m
[  32% ] [90m[1mreimport[22m | thin_metallic_unified_frame_reference.png[39m[0m
[  32% ] [90m[1mreimport[22m | thin_metallic_unified_frame_reference_alpha_clean.png[39m[0m
[  32% ] [90m[1mreimport[22m | ui_frame_unified_master_reference.png[39m[0m
[  32% ] [90m[1mreimport[22m | ui_frame_unified_master_reference_alpha_clean.png[39m[0m
[  33% ] [90m[1mreimport[22m | ChatGPT Image Jun 14, 2026, 08_59_00 AM (1).png[39m[0m
[  33% ] [90m[1mreimport[22m | ChatGPT Image Jun 14, 2026, 08_59_00 AM (2).png[39m[0m
[  33% ] [90m[1mreimport[22m | ChatGPT Image Jun 14, 2026, 08_59_00 AM (3).png[39m[0m
[  33% ] [90m[1mreimport[22m | ChatGPT Image Jun 14, 2026, 08_59_00 AM (4).png[39m[0m
[  33% ] [90m[1mreimport[22m | ChatGPT Image Jun 14, 2026, 08_59_01 AM (5).png[39m[0m
[  33% ] [90m[1mreimport[22m | ui_backdrop_victory.png[39m[0m
[  33% ] [90m[1mreimport[22m | ChatGPT Image Jun 14, 2026, 11_07_47 AM.png[39m[0m
[  33% ] [90m[1mreimport[22m | wolfattacking.png[39m[0m
[  33% ] [90m[1mreimport[22m | Wolfmoving.png[39m[0m
[  33% ] [90m[1mreimport[22m | fantasydisk_progress_stats_2026_06_27.png[39m[0m
[  33% ] [90m[1mreimport[22m | fantasydisk_progress_stats_2026_06_27_base.png[39m[0m
[  33% ] [90m[1mreimport[22m | fantasydisk_progress_stats_2026_06_27_debug.png[39m[0m
[  33% ] [90m[1mreimport[22m | fantasydisk_progress_stats_2026_06_27_guide.png[39m[0m
[  33% ] [90m[1mreimport[22m | ChatGPT Image Jun 13, 2026, 07_59_05 PM (1).png[39m[0m
[  33% ] [90m[1mreimport[22m | ChatGPT Image Jun 13, 2026, 07_59_05 PM (2).png[39m[0m
[  33% ] [90m[1mreimport[22m | ChatGPT Image Jun 13, 2026, 07_59_05 PM (3).png[39m[0m
[  33% ] [90m[1mreimport[22m | ChatGPT Image Jun 13, 2026, 07_59_06 PM (4).png[39m[0m
[  33% ] [90m[1mreimport[22m | ChatGPT Image Jun 13, 2026, 07_59_06 PM (5).png[39m[0m
[  33% ] [90m[1mreimport[22m | ChatGPT Image Jun 13, 2026, 07_06_19 PM (1).png[39m[0m
[  33% ] [90m[1mreimport[22m | ChatGPT Image Jun 13, 2026, 07_06_19 PM (2).png[39m[0m
[  33% ] [90m[1mreimport[22m | ChatGPT Image Jun 13, 2026, 07_06_19 PM (3).png[39m[0m
[  33% ] [90m[1mreimport[22m | ChatGPT Image Jun 13, 2026, 07_06_19 PM (4).png[39m[0m
[  33% ] [90m[1mreimport[22m | ChatGPT Image Jun 13, 2026, 07_06_19 PM (5).png[39m[0m
[  33% ] [90m[1mreimport[22m | ChatGPT Image Jun 13, 2026, 07_06_19 PM (6).png[39m[0m
[  33% ] [90m[1mreimport[22m | icon.svg[39m[0m
[  33% ] [90m[1mreimport[22m | ui_frame_progression_main_panel.png[39m[0m
[  33% ] [90m[1mreimport[22m | ui_frame_progression_node_available.png[39m[0m
[  33% ] [90m[1mreimport[22m | ui_frame_progression_node_focus.png[39m[0m
[  33% ] [90m[1mreimport[22m | ui_frame_progression_node_locked.png[39m[0m
[  33% ] [90m[1mreimport[22m | ui_frame_progression_node_purchased.png[39m[0m
[  33% ] [90m[1mreimport[22m | ui_frame_progression_points_badge.png[39m[0m
[  33% ] [90m[1mreimport[22m | ui_frame_progression_tooltip.png[39m[0m
[  33% ] [90m[1mreimport[22m | scrum331_progression_codex_mockup.png[39m[0m
[  33% ] [90m[1mreimport[22m | scrum331_progression_frame_asset_sheet.png[39m[0m
[  33% ] [90m[1mreimport[22m | ui_frame_economy_choice_card.png[39m[0m
[  33% ] [90m[1mreimport[22m | ui_frame_economy_choice_card_hover.png[39m[0m
[  33% ] [90m[1mreimport[22m | ui_frame_economy_choice_card_hover.png[39m[0m
[  33% ] [90m[1mreimport[22m | ui_frame_economy_dragon_panel.png[39m[0m
[  33% ] [90m[1mreimport[22m | ui_frame_economy_panel.png[39m[0m
[  33% ] [90m[1mreimport[22m | ui_frame_economy_price_badge.png[39m[0m
[  34% ] [90m[1mreimport[22m | ui_frame_economy_tooltip.png[39m[0m
[  34% ] [90m[1mreimport[22m | scrum332_economy_cluster_mockup.png[39m[0m
[  34% ] [90m[1mreimport[22m | scrum332_economy_frame_asset_sheet.png[39m[0m
[  34% ] [90m[1mreimport[22m | back_260x104_source.png[39m[0m
[  34% ] [90m[1mreimport[22m | continue_240x72_source.png[39m[0m
[  34% ] [90m[1mreimport[22m | continue_run_long_420x72_source.png[39m[0m
[  34% ] [90m[1mreimport[22m | event_back_380x54_source.png[39m[0m
[  34% ] [90m[1mreimport[22m | feedback_260x64_source.png[39m[0m
[  34% ] [90m[1mreimport[22m | feedback_cancel_220x64_source.png[39m[0m
[  34% ] [90m[1mreimport[22m | later_260x72_source.png[39m[0m
[  34% ] [90m[1mreimport[22m | main_menu_380x104_source.png[39m[0m
[  34% ] [90m[1mreimport[22m | pause_280x60_source.png[39m[0m
[  34% ] [90m[1mreimport[22m | quit_220x72_source.png[39m[0m
[  34% ] [90m[1mreimport[22m | rebind_420x62_source.png[39m[0m
[  34% ] [90m[1mreimport[22m | reset_bindings_long_560x104_source.png[39m[0m
[  34% ] [90m[1mreimport[22m | settings_back_280x64_source.png[39m[0m
[  34% ] [90m[1mreimport[22m | standard_420x104_source.png[39m[0m
[  34% ] [90m[1mreimport[22m | settings_tab_switcher_3slot_reference.png[39m[0m
[  34% ] [90m[1mreimport[22m | settings_tab_switcher_3slot_reference_alpha_clean.png[39m[0m
[  34% ] [90m[1mreimport[22m | settings_tab_switcher_frame_reference.png[39m[0m
[  34% ] [90m[1mreimport[22m | settings_tab_switcher_frame_transparent.png[39m[0m
[  34% ] [90m[1mreimport[22m | ui_frame_settings_v2_control_row.png[39m[0m
[  34% ] [90m[1mreimport[22m | ui_frame_settings_v2_main_modal.png[39m[0m
[  34% ] [90m[1mreimport[22m | ui_frame_settings_v2_section_panel.png[39m[0m
[  34% ] [90m[1mreimport[22m | ui_frame_settings_v2_tab_switcher_3slot.png[39m[0m
[  34% ] [90m[1mreimport[22m | scrum439_settings_v2_frame_kit_alpha_clean.png[39m[0m
[  34% ] [90m[1mreimport[22m | scrum439_settings_v2_frame_kit_source.png[39m[0m
[  34% ] [90m[1mreimport[22m | scrum439_settings_v2_main_modal_frame_alpha_clean.png[39m[0m
[  34% ] [90m[1mreimport[22m | scrum439_settings_v2_main_modal_frame_source.png[39m[0m
[  34% ] [90m[1mreimport[22m | scrum439_settings_v2_mockup.png[39m[0m
[  34% ] [90m[1mreimport[22m | ui_frame_settings_v3_action_button.png[39m[0m
[  34% ] [90m[1mreimport[22m | ui_frame_settings_v3_content_panel.png[39m[0m
[  34% ] [90m[1mreimport[22m | ui_frame_settings_v3_inset_field.png[39m[0m
[  34% ] [90m[1mreimport[22m | ui_frame_settings_v3_main_modal.png[39m[0m
[  34% ] [90m[1mreimport[22m | ui_frame_settings_v3_tab_switcher.png[39m[0m
[  34% ] [90m[1mreimport[22m | ui_shop_caption_plate.png[39m[0m
[  34% ] [90m[1mreimport[22m | ui_backdrop_skill_tree.png[39m[0m
[  34% ] [90m[1mreimport[22m | druid_beast_ethereal_static_source.png[39m[0m
[  34% ] [90m[1mreimport[22m | druid_pack_spirit_ethereal_static_source.png[39m[0m
[  34% ] [90m[1mreimport[22m | homunculus_ethereal_static_source.png[39m[0m
[  35% ] [90m[1mreimport[22m | leadership_echo_ethereal_static_source.png[39m[0m
[  35% ] [90m[1mreimport[22m | summons_ethereal_source_sheet.png[39m[0m
[  35% ] [90m[1mreimport[22m | frame_kit_ornate_dark_sheet_a.png[39m[0m
[  35% ] [90m[1mreimport[22m | frame_kit_ornate_dark_sheet_b_spec.png[39m[0m
[  35% ] [90m[1mreimport[22m | button_bone_skulls.png[39m[0m
[  35% ] [90m[1mreimport[22m | button_dragon_scale.png[39m[0m
[  35% ] [90m[1mreimport[22m | button_dwarven_stone.png[39m[0m
[  35% ] [90m[1mreimport[22m | button_eldritch_void.png[39m[0m
[  35% ] [90m[1mreimport[22m | ui_frame_economy_choice_card_wide.png[39m[0m
[  35% ] [90m[1mreimport[22m | ui_frame_economy_choice_card_wide_hover.png[39m[0m
[  35% ] [90m[1mreimport[22m | scrum437_wide_option_card_frame_source.png[39m[0m
[  35% ] [90m[1mreimport[22m | scrum437_wide_option_card_frame_source.png[39m[0m
[  35% ] [90m[1mreimport[22m | scrum437_wide_option_card_mockup.png[39m[0m
[  35% ] [90m[1mreimport[22m | mockup.png[39m[0m
[  35% ] [90m[1mreimport[22m | main_menu_mockup.png[39m[0m
[  35% ] [90m[1mreimport[22m | main_menu_runtime_background_v3.png[39m[0m
[  35% ] [90m[1mreimport[22m | hero_select_2k_mockup.png[39m[0m
[  35% ] [90m[1mreimport[22m | openai_mockup_source.png[39m[0m
[  35% ] [90m[1mreimport[22m | route_map_2k_mockup.png[39m[0m
[  35% ] [90m[1mreimport[22m | levelup_overlay_2k_mockup.png[39m[0m
[  35% ] [90m[1mreimport[22m | levelup_overlay_2k_mockup_v2.png[39m[0m
[  35% ] [90m[1mreimport[22m | reward_ordinary_2k_base.png[39m[0m
[  35% ] [90m[1mreimport[22m | elite_artifact_reward_2k_base.png[39m[0m
[  35% ] [90m[1mreimport[22m | codex_2k_mockup.png[39m[0m
[  35% ] [90m[1mreimport[22m | feedback_form_2k_mockup.png[39m[0m
[  35% ] [90m[1mreimport[22m | rebind_conflict_2k_mockup_reference.png[39m[0m
[  35% ] [90m[1mreimport[22m | rebind_conflict_2k_mockup_reference_v2.png[39m[0m
[  35% ] [90m[1mreimport[22m | scrum585_glossary_tooltip_frame_alpha.png[39m[0m
[  35% ] [90m[1mreimport[22m | scrum585_glossary_tooltip_frame_source.png[39m[0m
[  35% ] [90m[1mreimport[22m | scrum585_glossary_tooltip_mockup_source.png[39m[0m
[  35% ] [90m[1mreimport[22m | ui_frame_2k_gt_panel_pre_scrum585.png[39m[0m
[  35% ] [90m[1mreimport[22m | stat_tooltip_frame_source.png[39m[0m
[  35% ] [90m[1mreimport[22m | ui_frame_2k_stat_tooltip_candidate.png[39m[0m
[  35% ] [90m[1mreimport[22m | levelup_toast_2k_mockup.png[39m[0m
[  35% ] [90m[1mreimport[22m | ui_frame_2k_lut_toast_alpha.png[39m[0m
[  35% ] [90m[1mreimport[22m | ui_frame_2k_lut_toast_source.png[39m[0m
[  35% ] [90m[1mreimport[22m | combat_hud_2k_mockup_base.png[39m[0m
[  35% ] [90m[1mreimport[22m | combat_hud_2k_mockup_base_rejected_drift.png[39m[0m
[  35% ] [90m[1mreimport[22m | settings_apply_flow_mockup.png[39m[0m
[  35% ] [90m[1mreimport[22m | ui_backdrop_settings.png[39m[0m
[  36% ] [90m[1mreimport[22m | ui_frame_minimal_metal_modal.png[39m[0m
[  36% ] [90m[1mreimport[22m | ui_frame_minimal_metal_modal_raw.png[39m[0m
[  36% ] [90m[1mreimport[22m | ui_frame_minimal_metal_panel.png[39m[0m
[  36% ] [90m[1mreimport[22m | ui_frame_minimal_metal_panel_raw.png[39m[0m
[  36% ] [90m[1mreimport[22m | ui_frame_minimal_metal_tooltip.png[39m[0m
[  36% ] [90m[1mreimport[22m | ui_frame_minimal_metal_tooltip_raw.png[39m[0m
[  36% ] [90m[1mreimport[22m | scrum452_minimal_metal_frame_source_sheet.png[39m[0m
[  36% ] [90m[1mreimport[22m | scrum452_minimal_metal_style_board.png[39m[0m
[  36% ] [90m[1mreimport[22m | scrum466_minimal_metal_frame_source_sheet_no_seams.png[39m[0m
[  36% ] [90m[1mreimport[22m | ui_btn_minimal_metal_attr_selector.png[39m[0m
[  36% ] [90m[1mreimport[22m | ui_btn_minimal_metal_attr_selector_disabled.png[39m[0m
[  36% ] [90m[1mreimport[22m | ui_btn_minimal_metal_attr_selector_focus.png[39m[0m
[  36% ] [90m[1mreimport[22m | ui_btn_minimal_metal_attr_selector_hover.png[39m[0m
[  36% ] [90m[1mreimport[22m | ui_btn_minimal_metal_attr_selector_pressed.png[39m[0m
[  36% ] [90m[1mreimport[22m | ui_btn_minimal_metal_back_l.png[39m[0m
[  36% ] [90m[1mreimport[22m | ui_btn_minimal_metal_back_l_disabled.png[39m[0m
[  36% ] [90m[1mreimport[22m | ui_btn_minimal_metal_back_l_focus.png[39m[0m
[  36% ] [90m[1mreimport[22m | ui_btn_minimal_metal_back_l_hover.png[39m[0m
[  36% ] [90m[1mreimport[22m | ui_btn_minimal_metal_back_l_pressed.png[39m[0m
[  36% ] [90m[1mreimport[22m | ui_btn_minimal_metal_back_m.png[39m[0m
[  36% ] [90m[1mreimport[22m | ui_btn_minimal_metal_back_m_disabled.png[39m[0m
[  36% ] [90m[1mreimport[22m | ui_btn_minimal_metal_back_m_focus.png[39m[0m
[  36% ] [90m[1mreimport[22m | ui_btn_minimal_metal_back_m_hover.png[39m[0m
[  36% ] [90m[1mreimport[22m | ui_btn_minimal_metal_back_m_pressed.png[39m[0m
[  36% ] [90m[1mreimport[22m | ui_btn_minimal_metal_back_s.png[39m[0m
[  36% ] [90m[1mreimport[22m | ui_btn_minimal_metal_back_s_disabled.png[39m[0m
[  36% ] [90m[1mreimport[22m | ui_btn_minimal_metal_back_s_focus.png[39m[0m
[  36% ] [90m[1mreimport[22m | ui_btn_minimal_metal_back_s_hover.png[39m[0m
[  36% ] [90m[1mreimport[22m | ui_btn_minimal_metal_back_s_pressed.png[39m[0m
[  36% ] [90m[1mreimport[22m | ui_btn_minimal_metal_codex_tab.png[39m[0m
[  36% ] [90m[1mreimport[22m | ui_btn_minimal_metal_codex_tab_disabled.png[39m[0m
[  36% ] [90m[1mreimport[22m | button_necromancer_green.png[39m[0m
[  36% ] [90m[1mreimport[22m | button_obsidian_brass_runed.png[39m[0m
[  36% ] [90m[1mreimport[22m | button_parchment_wax_seal.png[39m[0m
[  36% ] [90m[1mreimport[22m | button_royal_crimson_gold.png[39m[0m
[  36% ] [90m[1mreimport[22m | button_warplate_iron.png[39m[0m
[  36% ] [90m[1mreimport[22m | screen_necromantic_lab_reference.png[39m[0m
[  36% ] [90m[1mreimport[22m | screen_settings_full_reference.png[39m[0m
[  36% ] [90m[1mreimport[22m | ui_frame_minimal_card_raw.png[39m[0m
[  36% ] [90m[1mreimport[22m | ui_frame_minimal_field_raw.png[39m[0m
[  37% ] [90m[1mreimport[22m | ui_frame_minimal_hud_strip_raw.png[39m[0m
[  37% ] [90m[1mreimport[22m | ui_frame_minimal_modal_raw.png[39m[0m
[  37% ] [90m[1mreimport[22m | ui_frame_minimal_panel_raw.png[39m[0m
[  37% ] [90m[1mreimport[22m | ui_frame_minimal_tooltip_raw.png[39m[0m
[  37% ] [90m[1mreimport[22m | scrum448_minimalist_frame_kit_source_sheet.png[39m[0m
[  37% ] [90m[1mreimport[22m | scrum448_minimalist_ui_style_board.png[39m[0m
[  37% ] [90m[1mreimport[22m | btn_disabled.png[39m[0m
[  37% ] [90m[1mreimport[22m | btn_hover.png[39m[0m
[  37% ] [90m[1mreimport[22m | btn_normal.png[39m[0m
[  37% ] [90m[1mreimport[22m | btn_pressed.png[39m[0m
[  37% ] [90m[1mreimport[22m | ui_frame_minimal_metal_card_raw.png[39m[0m
[  37% ] [90m[1mreimport[22m | ui_frame_minimal_metal_field_raw.png[39m[0m
[  37% ] [90m[1mreimport[22m | ui_frame_minimal_metal_hud_strip_raw.png[39m[0m
[  37% ] [90m[1mreimport[22m | ui_frame_minimal_metal_modal_raw.png[39m[0m
[  37% ] [90m[1mreimport[22m | ui_frame_minimal_metal_panel_raw.png[39m[0m
[  37% ] [90m[1mreimport[22m | ui_frame_minimal_metal_tooltip_raw.png[39m[0m
[  37% ] [90m[1mreimport[22m | ui_frame_minimal_metal_card.png[39m[0m
[  37% ] [90m[1mreimport[22m | ui_frame_minimal_metal_card_raw.png[39m[0m
[  37% ] [90m[1mreimport[22m | ui_frame_minimal_metal_field.png[39m[0m
[  37% ] [90m[1mreimport[22m | ui_frame_minimal_metal_field_raw.png[39m[0m
[  37% ] [90m[1mreimport[22m | ui_frame_minimal_metal_hud_strip.png[39m[0m
[  37% ] [90m[1mreimport[22m | ui_frame_minimal_metal_hud_strip_raw.png[39m[0m
[  37% ] [90m[1mreimport[22m | scrum675_skill_tree_2k_debug_overlay.png[39m[0m
[  37% ] [90m[1mreimport[22m | scrum675_skill_tree_frame_kit_contact.png[39m[0m
[  37% ] [90m[1mreimport[22m | scrum703_berserk_pixellab_contact.png[39m[0m
[  37% ] [90m[1mreimport[22m | scrum704_dark_mage_pixellab_contact.png[39m[0m
[  37% ] [90m[1mreimport[22m | scrum705_doctor_pixellab_240_contact.png[39m[0m
[  37% ] [90m[1mreimport[22m | scrum706_guitarist_pixellab_contact.png[39m[0m
[  37% ] [90m[1mreimport[22m | scrum_hero_select_pixellab_rebuild_debug.png[39m[0m
[  37% ] [90m[1mreimport[22m | scrum_hero_select_pixellab_rebuild_mockup.png[39m[0m
[  37% ] [90m[1mreimport[22m | scrum_text_buttons_unique_size_dark_contact.png[39m[0m
[  37% ] [90m[1mreimport[22m | scrum_text_buttons_unique_size_light_contact.png[39m[0m
[  37% ] [90m[1mreimport[22m | settings_menu_3slot_switcher_safe_zone.png[39m[0m
[  37% ] [90m[1mreimport[22m | settings_menu_unified_restyle_contact.png[39m[0m
[  37% ] [90m[1mreimport[22m | settings_tab_switcher_frame_content_zone.png[39m[0m
[  37% ] [90m[1mreimport[22m | settings_tab_switcher_frame_preview.png[39m[0m
[  37% ] [90m[1mreimport[22m | sniper_art_contact.png[39m[0m
[  37% ] [90m[1mreimport[22m | sniper_sheet_normalized.png[39m[0m
[  37% ] [90m[1mreimport[22m | soldier_art_contact.png[39m[0m
[  38% ] [90m[1mreimport[22m | soldier_sheet_normalized.png[39m[0m
[  38% ] [90m[1mreimport[22m | summons_ethereal_readability_meadow.png[39m[0m
[  38% ] [90m[1mreimport[22m | summons_ethereal_redraw_contact.png[39m[0m
[  38% ] [90m[1mreimport[22m | summon_allies_asset_contact.png[39m[0m
[  38% ] [90m[1mreimport[22m | summon_allies_scale_meadow_preview.png[39m[0m
[  38% ] [90m[1mreimport[22m | summon_allies_style_references.png[39m[0m
[  38% ] [90m[1mreimport[22m | summon_contour_glow_before_after.png[39m[0m
[  38% ] [90m[1mreimport[22m | summon_proc_animation_frames.png[39m[0m
[  38% ] [90m[1mreimport[22m | thief_art_contact.png[39m[0m
[  38% ] [90m[1mreimport[22m | thief_sheet_normalized.png[39m[0m
[  38% ] [90m[1mreimport[22m | ui478_anchor_buttons.png[39m[0m
[  38% ] [90m[1mreimport[22m | ui478_bright_buttons_applied.png[39m[0m
[  38% ] [90m[1mreimport[22m | ui478_bright_frames.png[39m[0m
[  38% ] [90m[1mreimport[22m | scrum564_combat_hud_topbar.png[39m[0m
[  38% ] [90m[1mreimport[22m | scrum570_levelup_2k_contact.png[39m[0m
[  38% ] [90m[1mreimport[22m | scrum570_levelup_2k_safe_zones.png[39m[0m
[  38% ] [90m[1mreimport[22m | scrum570_levelup_2k_safe_zones_v2.png[39m[0m
[  38% ] [90m[1mreimport[22m | scrum571_reward_2k_base.png[39m[0m
[  38% ] [90m[1mreimport[22m | scrum571_reward_2k_layout_guide.png[39m[0m
[  38% ] [90m[1mreimport[22m | scrum571_reward_2k_mockup.png[39m[0m
[  38% ] [90m[1mreimport[22m | scrum571_reward_2k_mockup_debug.png[39m[0m
[  38% ] [90m[1mreimport[22m | scrum571_reward_2k_ui_plan_guide.png[39m[0m
[  38% ] [90m[1mreimport[22m | scrum572_elite_artifact_reward_2k_base.png[39m[0m
[  38% ] [90m[1mreimport[22m | scrum572_elite_artifact_reward_2k_layout_guide.png[39m[0m
[  38% ] [90m[1mreimport[22m | scrum572_elite_artifact_reward_2k_mockup.png[39m[0m
[  38% ] [90m[1mreimport[22m | scrum572_elite_artifact_reward_2k_mockup_debug.png[39m[0m
[  38% ] [90m[1mreimport[22m | scrum572_elite_artifact_reward_2k_ui_plan_guide.png[39m[0m
[  38% ] [90m[1mreimport[22m | scrum573_upgrade_layout.png[39m[0m
[  38% ] [90m[1mreimport[22m | scrum574_codex_2k_safe_zones.png[39m[0m
[  38% ] [90m[1mreimport[22m | scrum578_death_layout.png[39m[0m
[  38% ] [90m[1mreimport[22m | scrum581_quit_confirm_layout.png[39m[0m
[  38% ] [90m[1mreimport[22m | scrum583_feedback_form_2k_safe_zones.png[39m[0m
[  38% ] [90m[1mreimport[22m | scrum584_rebind_conflict_2k_safe_zones.png[39m[0m
[  38% ] [90m[1mreimport[22m | scrum585_glossary_tooltip_contact.png[39m[0m
[  38% ] [90m[1mreimport[22m | scrum585_glossary_tooltip_safe_zone.png[39m[0m
[  38% ] [90m[1mreimport[22m | scrum586_stat_tooltip_contact.png[39m[0m
[  38% ] [90m[1mreimport[22m | scrum586_stat_tooltip_safe_zones.png[39m[0m
[  38% ] [90m[1mreimport[22m | scrum588_levelup_toast_safe_zone.png[39m[0m
[  38% ] [90m[1mreimport[22m | scrum666_combat_hud_2k_composited_preview.png[39m[0m
[  38% ] [90m[1mreimport[22m | scrum666_combat_hud_2k_composited_preview_rejected_drift.png[39m[0m
[  39% ] [90m[1mreimport[22m | scrum666_combat_hud_2k_debug_overlay.png[39m[0m
[  39% ] [90m[1mreimport[22m | scrum666_combat_hud_2k_debug_overlay_rejected_drift.png[39m[0m
[  39% ] [90m[1mreimport[22m | scrum666_combat_hud_2k_layout_guide.png[39m[0m
[  39% ] [90m[1mreimport[22m | scrum666_combat_hud_2k_ui_plan_guide.png[39m[0m
[  39% ] [90m[1mreimport[22m | weapon_signatures_sheet_2.png[39m[0m
[  39% ] [90m[1mreimport[22m | weapon_signatures_sheet_3.png[39m[0m
[  39% ] [90m[1mreimport[22m | weapon_signatures_sheet_4.png[39m[0m
[  39% ] [90m[1mreimport[22m | field_ashen_rift_reference.png[39m[0m
[  39% ] [90m[1mreimport[22m | field_cursed_grove_reference.png[39m[0m
[  39% ] [90m[1mreimport[22m | field_dry_road_reference.png[39m[0m
[  39% ] [90m[1mreimport[22m | field_dusty_badlands_reference.png[39m[0m
[  39% ] [90m[1mreimport[22m | field_enchanted_meadow_reference.png[39m[0m
[  39% ] [90m[1mreimport[22m | field_marsh_reference.png[39m[0m
[  39% ] [90m[1mreimport[22m | field_meadow_reference.png[39m[0m
[  39% ] [90m[1mreimport[22m | field_misty_marsh_reference.png[39m[0m
[  39% ] [90m[1mreimport[22m | field_ruined_courtyard_reference.png[39m[0m
[  39% ] [90m[1mreimport[22m | field_stone_garden_reference.png[39m[0m
[  39% ] [90m[1mreimport[22m | berserk_v2_idle_cell_512.png[39m[0m
[  39% ] [90m[1mreimport[22m | berserk_v2_sheet_source_handoff.png[39m[0m
[  39% ] [90m[1mreimport[22m | berserk_v2_source_clean.png[39m[0m
[  39% ] [90m[1mreimport[22m | berserk_v2_source_raw.png[39m[0m
[  39% ] [90m[1mreimport[22m | bloodthorn_lion_concept_openai.png[39m[0m
[  39% ] [90m[1mreimport[22m | skeletal_dragon_concept_openai.png[39m[0m
[  39% ] [90m[1mreimport[22m | ashen_colossus_pixellab_object.png[39m[0m
[  39% ] [90m[1mreimport[22m | ashen_colossus_pixellab_object_alpha.png[39m[0m
[  39% ] [90m[1mreimport[22m | bloodthorn_lion_pixellab_object.png[39m[0m
[  39% ] [90m[1mreimport[22m | bloodthorn_lion_pixellab_object_alpha.png[39m[0m
[  39% ] [90m[1mreimport[22m | east.png[39m[0m
[  39% ] [90m[1mreimport[22m | north-east.png[39m[0m
[  39% ] [90m[1mreimport[22m | north-west.png[39m[0m
[  39% ] [90m[1mreimport[22m | north.png[39m[0m
[  39% ] [90m[1mreimport[22m | south-east.png[39m[0m
[  39% ] [90m[1mreimport[22m | south-west.png[39m[0m
[  39% ] [90m[1mreimport[22m | south.png[39m[0m
[  39% ] [90m[1mreimport[22m | west.png[39m[0m
[  39% ] [90m[1mreimport[22m | ui_2k_frame_kit_contact.png[39m[0m
[  39% ] [90m[1mreimport[22m | ui_backdrops_hero_boss_references.png[39m[0m
[  39% ] [90m[1mreimport[22m | ui_button_only_legacy_panels_contact.png[39m[0m
[  39% ] [90m[1mreimport[22m | ui_dark_fantasy_reference_contact.png[39m[0m
[  40% ] [90m[1mreimport[22m | ui_dark_fantasy_restyle_kit_contact.png[39m[0m
[  40% ] [90m[1mreimport[22m | ui_icon_unification_40px_preview.png[39m[0m
[  40% ] [90m[1mreimport[22m | ui_icon_unification_after_contact.png[39m[0m
[  40% ] [90m[1mreimport[22m | ui_icon_unification_before_contact.png[39m[0m
[  40% ] [90m[1mreimport[22m | ui_overhaul_pause_end_contact.png[39m[0m
[  40% ] [90m[1mreimport[22m | ui_overhaul_pause_end_mockup_1920x1080.png[39m[0m
[  40% ] [90m[1mreimport[22m | ui_overhaul_pause_end_safe_zones.png[39m[0m
[  40% ] [90m[1mreimport[22m | ui_parchment_kit_reference_contact.png[39m[0m
[  40% ] [90m[1mreimport[22m | ui_parchment_wax_scrum147_reference_match_contact.png[39m[0m
[  40% ] [90m[1mreimport[22m | ui_screen_backdrops_dark_fantasy_contact.png[39m[0m
[  40% ] [90m[1mreimport[22m | unified_master_frame_9slice_contact.png[39m[0m
[  40% ] [90m[1mreimport[22m | unified_master_frame_safe_zone.png[39m[0m
[  40% ] [90m[1mreimport[22m | unified_master_frame_thin_revision_contact.png[39m[0m
[  40% ] [90m[1mreimport[22m | unified_master_frame_thin_safe_zone.png[39m[0m
[  40% ] [90m[1mreimport[22m | vfx_polish_after_contact.png[39m[0m
[  40% ] [90m[1mreimport[22m | vfx_polish_before_after_contact.png[39m[0m
[  40% ] [90m[1mreimport[22m | vfx_polish_before_contact.png[39m[0m
[  40% ] [90m[1mreimport[22m | vfx_polish_readability_field_marsh.png[39m[0m
[  40% ] [90m[1mreimport[22m | vfx_polish_readability_field_meadow.png[39m[0m
[  40% ] [90m[1mreimport[22m | vfx_pool_assets_contact.png[39m[0m
[  40% ] [90m[1mreimport[22m | weapon_v2_assets_contact.png[39m[0m
[  40% ] [90m[1mreimport[22m | weapon_v2_socket_contact.png[39m[0m
[  40% ] [90m[1mreimport[22m | rift_key_gpt_image_source.png[39m[0m
[  40% ] [90m[1mreimport[22m | main_menu_epic_battle_v3.png[39m[0m
[  40% ] [90m[1mreimport[22m | boss_elite_sheet.png[39m[0m
[  40% ] [90m[1mreimport[22m | generic_core_sheet.png[39m[0m
[  40% ] [90m[1mreimport[22m | weapon_signatures_sheet_1.png[39m[0m
[  40% ] [90m[1mreimport[22m | hero_select_new_frames_contact.png[39m[0m
[  40% ] [90m[1mreimport[22m | hero_select_parts_assembled_preview.png[39m[0m
[  40% ] [90m[1mreimport[22m | hero_select_parts_contact.png[39m[0m
[  40% ] [90m[1mreimport[22m | hero_select_portrait_frame_content_zone.png[39m[0m
[  40% ] [90m[1mreimport[22m | hero_select_thin_frames_content_zones.png[39m[0m
[  40% ] [90m[1mreimport[22m | hero_select_v3_frames_contact.png[39m[0m
[  40% ] [90m[1mreimport[22m | hero_select_windrose_radar_content_zone.png[39m[0m
[  40% ] [90m[1mreimport[22m | interface_leather_gold_panel_kit_contact.png[39m[0m
[  40% ] [90m[1mreimport[22m | interface_refs_contact.png[39m[0m
[  40% ] [90m[1mreimport[22m | knight_sheet_normalized.png[39m[0m
[  40% ] [90m[1mreimport[22m | level_up_popup_badge_contact_sheet.png[39m[0m
[  40% ] [90m[1mreimport[22m | level_up_scrum682_contact.png[39m[0m
[  40% ] [90m[1mreimport[22m | level_up_scrum682_safe_zones.png[39m[0m
[  41% ] [90m[1mreimport[22m | main_menu_epic_battle_v2_preview.png[39m[0m
[  41% ] [90m[1mreimport[22m | map_chest_artifact_contact_sheet.png[39m[0m
[  41% ] [90m[1mreimport[22m | new_bosses_mini_elites_contact.png[39m[0m
[  41% ] [90m[1mreimport[22m | new_bosses_mini_elites_scale_preview.png[39m[0m
[  41% ] [90m[1mreimport[22m | ornate_dark_frame_kit_contact.png[39m[0m
[  41% ] [90m[1mreimport[22m | pixellab_dark_mage_rotations_contact.png[39m[0m
[  41% ] [90m[1mreimport[22m | priest_art_contact.png[39m[0m
[  41% ] [90m[1mreimport[22m | priest_sheet_normalized.png[39m[0m
[  41% ] [90m[1mreimport[22m | ranger_sheet_normalized.png[39m[0m
[  41% ] [90m[1mreimport[22m | red_gold_button_kit_contact.png[39m[0m
[  41% ] [90m[1mreimport[22m | reward_frames_scrum338_contact_safe_zones.png[39m[0m
[  41% ] [90m[1mreimport[22m | reward_frames_scrum338_sources_contact.png[39m[0m
[  41% ] [90m[1mreimport[22m | robot_art_contact.png[39m[0m
[  41% ] [90m[1mreimport[22m | robot_sheet_normalized.png[39m[0m
[  41% ] [90m[1mreimport[22m | scrum258_unique_weapon_vfx_contact.png[39m[0m
[  41% ] [90m[1mreimport[22m | scrum258_unique_weapon_vfx_readability.png[39m[0m
[  41% ] [90m[1mreimport[22m | scrum261_elite_boss_vfx_contact.png[39m[0m
[  41% ] [90m[1mreimport[22m | scrum283_berserk_sheet_contact.png[39m[0m
[  41% ] [90m[1mreimport[22m | boss_pixellab_roster_redraw_2026_06_rift_warden_rotations.png[39m[0m
[  41% ] [90m[1mreimport[22m | chemist_sheet_normalized.png[39m[0m
[  41% ] [90m[1mreimport[22m | codex_glossary_scrum678_asset_contact.png[39m[0m
[  41% ] [90m[1mreimport[22m | codex_glossary_scrum678_safe_zones.png[39m[0m
[  41% ] [90m[1mreimport[22m | codex_ui_texture_kit_contact.png[39m[0m
[  41% ] [90m[1mreimport[22m | combat_hud_redraw_contact.png[39m[0m
[  41% ] [90m[1mreimport[22m | combat_hud_redraw_safe_zones.png[39m[0m
[  41% ] [90m[1mreimport[22m | contextual_ui_dnd_reference_contact.png[39m[0m
[  41% ] [90m[1mreimport[22m | current_ui_frames_audit_contact.png[39m[0m
[  41% ] [90m[1mreimport[22m | cursor_clawed_fire_before_after.png[39m[0m
[  41% ] [90m[1mreimport[22m | dark_mage_sheet_normalized.png[39m[0m
[  41% ] [90m[1mreimport[22m | doctor_sheet_normalized.png[39m[0m
[  41% ] [90m[1mreimport[22m | druid_sheet_normalized.png[39m[0m
[  41% ] [90m[1mreimport[22m | elementalist_art_contact.png[39m[0m
[  41% ] [90m[1mreimport[22m | elementalist_sheet_normalized.png[39m[0m
[  41% ] [90m[1mreimport[22m | elite_boss_blur_proof.png[39m[0m
[  41% ] [90m[1mreimport[22m | elite_boss_upscale_after_contact.png[39m[0m
[  41% ] [90m[1mreimport[22m | elite_boss_upscale_before_contact.png[39m[0m
[  41% ] [90m[1mreimport[22m | elite_boss_upscale_rig_debug_contact.png[39m[0m
[  41% ] [90m[1mreimport[22m | engineer_art_contact.png[39m[0m
[  41% ] [90m[1mreimport[22m | engineer_sheet_normalized.png[39m[0m
[  41% ] [90m[1mreimport[22m | guitarist_sheet_normalized.png[39m[0m
[  42% ] [90m[1mreimport[22m | herouiframe_reference_contact.png[39m[0m
[  42% ] [90m[1mreimport[22m | hero_select_assembled_preview.png[39m[0m
[  42% ] [90m[1mreimport[22m | hero_select_carousel_frame_contact.png[39m[0m
[  42% ] [90m[1mreimport[22m | hero_select_dossier_frame_content_zone.png[39m[0m
[  42% ] [90m[1mreimport[22m | hero_select_frame_kit_contact.png[39m[0m
[  42% ] [90m[1mreimport[22m | hero_select_large_carousel_user_layout_guide.png[39m[0m
[  42% ] [90m[1mreimport[22m | hero_select_large_carousel_user_mockup.png[39m[0m
[  42% ] [90m[1mreimport[22m | hero_select_large_carousel_user_mockup_debug.png[39m[0m
[  42% ] [90m[1mreimport[22m | hero_select_large_carousel_user_ui_plan_guide.png[39m[0m
[  42% ] [90m[1mreimport[22m | scrum437_wide_economy_choice_card_1280_layout_preview.png[39m[0m
[  42% ] [90m[1mreimport[22m | scrum437_wide_economy_choice_card_safe_zone.png[39m[0m
[  42% ] [90m[1mreimport[22m | scrum438_codex_v2_mockup_preview.png[39m[0m
[  42% ] [90m[1mreimport[22m | scrum438_codex_v2_safe_zones.png[39m[0m
[  42% ] [90m[1mreimport[22m | scrum439_settings_v2_assets_contact.png[39m[0m
[  42% ] [90m[1mreimport[22m | scrum439_settings_v2_safe_zones.png[39m[0m
[  42% ] [90m[1mreimport[22m | scrum442_berserk_v3_contact.png[39m[0m
[  42% ] [90m[1mreimport[22m | scrum442_berserk_v3_dark_bg.png[39m[0m
[  42% ] [90m[1mreimport[22m | scrum448_minimal_ui_frame_contact.png[39m[0m
[  42% ] [90m[1mreimport[22m | scrum450_minimal_metal_button_contact.png[39m[0m
[  42% ] [90m[1mreimport[22m | scrum450_minimal_metal_button_safe_zones.png[39m[0m
[  42% ] [90m[1mreimport[22m | scrum451_minimal_metal_rollout_contact.png[39m[0m
[  42% ] [90m[1mreimport[22m | scrum452_minimal_metal_anchor_contact.png[39m[0m
[  42% ] [90m[1mreimport[22m | scrum452_minimal_metal_safe_zones.png[39m[0m
[  42% ] [90m[1mreimport[22m | scrum456_berserk_cartoon_anchor_dark_bg.png[39m[0m
[  42% ] [90m[1mreimport[22m | scrum456_chars_cartoon_anchor_contact.png[39m[0m
[  42% ] [90m[1mreimport[22m | scrum464_economy_matte_free_live_frames.png[39m[0m
[  42% ] [90m[1mreimport[22m | scrum466_minimal_metal_no_seams_contact.png[39m[0m
[  42% ] [90m[1mreimport[22m | scrum466_minimal_metal_no_seams_visual_contact.png[39m[0m
[  42% ] [90m[1mreimport[22m | scrum531_berserk_v2_contact.png[39m[0m
[  42% ] [90m[1mreimport[22m | scrum531_berserk_v2_dark_bg.png[39m[0m
[  42% ] [90m[1mreimport[22m | scrum539_secret_ascension_boss_contact.png[39m[0m
[  42% ] [90m[1mreimport[22m | scrum539_secret_ascension_boss_scale_preview.png[39m[0m
[  42% ] [90m[1mreimport[22m | scrum561_hero_select_2k_layout_guide.png[39m[0m
[  42% ] [90m[1mreimport[22m | scrum561_hero_select_2k_mockup_debug_overlay.png[39m[0m
[  42% ] [90m[1mreimport[22m | scrum561_hero_select_2k_mockup_labeled_preview.png[39m[0m
[  42% ] [90m[1mreimport[22m | scrum561_hero_select_2k_ui_plan_guide.png[39m[0m
[  42% ] [90m[1mreimport[22m | scrum562_weapon_select_2k_debug.png[39m[0m
[  42% ] [90m[1mreimport[22m | scrum562_weapon_select_2k_preview.png[39m[0m
[  42% ] [90m[1mreimport[22m | scrum563_route_map_2k_mockup_safe_zones.png[39m[0m
[  43% ] [90m[1mreimport[22m | scrum563_route_map_2k_plan_guide.png[39m[0m
[  43% ] [90m[1mreimport[22m | scrum284_biologist_sheet_contact.png[39m[0m
[  43% ] [90m[1mreimport[22m | scrum286_dark_mage_sheet_contact.png[39m[0m
[  43% ] [90m[1mreimport[22m | scrum289_elementalist_sheet_contact.png[39m[0m
[  43% ] [90m[1mreimport[22m | scrum291_guitarist_sheet_contact.png[39m[0m
[  43% ] [90m[1mreimport[22m | scrum297_thief_sheet_contact.png[39m[0m
[  43% ] [90m[1mreimport[22m | scrum331_progression_frame_kit_contact.png[39m[0m
[  43% ] [90m[1mreimport[22m | scrum332_shop_economy_frame_kit_contact.png[39m[0m
[  43% ] [90m[1mreimport[22m | scrum337_attack_vfx_core_contact.png[39m[0m
[  43% ] [90m[1mreimport[22m | scrum337_attack_vfx_weapon_contact.png[39m[0m
[  43% ] [90m[1mreimport[22m | scrum352_current_static_inventory.png[39m[0m
[  43% ] [90m[1mreimport[22m | scrum352_full_frame_sheets_contact.png[39m[0m
[  43% ] [90m[1mreimport[22m | scrum352_full_frame_sheets_preview.png[39m[0m
[  43% ] [90m[1mreimport[22m | scrum356_hero_select_unified_panel_content_zones.png[39m[0m
[  43% ] [90m[1mreimport[22m | scrum380_death_rows_contact.png[39m[0m
[  43% ] [90m[1mreimport[22m | scrum380_death_rows_readability.png[39m[0m
[  43% ] [90m[1mreimport[22m | scrum394_safe_gutter_source_sheets_contact.png[39m[0m
[  43% ] [90m[1mreimport[22m | scrum419_assassin_v2_contact.png[39m[0m
[  43% ] [90m[1mreimport[22m | scrum420_berserk_v2_contact.png[39m[0m
[  43% ] [90m[1mreimport[22m | scrum421_biologist_v2_contact.png[39m[0m
[  43% ] [90m[1mreimport[22m | scrum424_dark_mage_v2_contact.png[39m[0m
[  43% ] [90m[1mreimport[22m | scrum427_elementalist_v2_contact.png[39m[0m
[  43% ] [90m[1mreimport[22m | scrum428_engineer_v2_contact.png[39m[0m
[  43% ] [90m[1mreimport[22m | scrum428_engineer_v2_dark_bg.png[39m[0m
[  43% ] [90m[1mreimport[22m | scrum429_guitarist_v2_contact.png[39m[0m
[  43% ] [90m[1mreimport[22m | scrum431_priest_pixellab_contact.png[39m[0m
[  43% ] [90m[1mreimport[22m | scrum431_priest_v2_contact.png[39m[0m
[  43% ] [90m[1mreimport[22m | scrum432_robot_v2_contact.png[39m[0m
[  43% ] [90m[1mreimport[22m | scrum433_sniper_v2_contact.png[39m[0m
[  43% ] [90m[1mreimport[22m | scrum435_thief_v2_contact.png[39m[0m
[  43% ] [90m[1mreimport[22m | scrum436_hero_select_v2_mockup_preview.png[39m[0m
[  43% ] [90m[1mreimport[22m | scrum436_hero_select_v2_safe_zones.png[39m[0m
[  43% ] [90m[1mreimport[22m | cape_r.png[39m[0m
[  43% ] [90m[1mreimport[22m | foot_l.png[39m[0m
[  43% ] [90m[1mreimport[22m | foot_r.png[39m[0m
[  43% ] [90m[1mreimport[22m | hand_l.png[39m[0m
[  43% ] [90m[1mreimport[22m | hand_r.png[39m[0m
[  43% ] [90m[1mreimport[22m | head.png[39m[0m
[  43% ] [90m[1mreimport[22m | lower_arm_l.png[39m[0m
[  43% ] [90m[1mreimport[22m | lower_arm_r.png[39m[0m
[  44% ] [90m[1mreimport[22m | pelvis.png[39m[0m
[  44% ] [90m[1mreimport[22m | shin_l.png[39m[0m
[  44% ] [90m[1mreimport[22m | shin_r.png[39m[0m
[  44% ] [90m[1mreimport[22m | shoulder_armor_l.png[39m[0m
[  44% ] [90m[1mreimport[22m | shoulder_armor_r.png[39m[0m
[  44% ] [90m[1mreimport[22m | thigh_l.png[39m[0m
[  44% ] [90m[1mreimport[22m | thigh_r.png[39m[0m
[  44% ] [90m[1mreimport[22m | torso.png[39m[0m
[  44% ] [90m[1mreimport[22m | upper_arm_l.png[39m[0m
[  44% ] [90m[1mreimport[22m | upper_arm_r.png[39m[0m
[  44% ] [90m[1mreimport[22m | knight_parts_contact.png[39m[0m
[  44% ] [90m[1mreimport[22m | knight_source_dark_bg_preview.png[39m[0m
[  44% ] [90m[1mreimport[22m | knight_skeleton_source_from_runtime.png[39m[0m
[  44% ] [90m[1mreimport[22m | dark_mage_cartoon.png[39m[0m
[  44% ] [90m[1mreimport[22m | dark_mage_cartoon_clean.png[39m[0m
[  44% ] [90m[1mreimport[22m | knight_cartoon.png[39m[0m
[  44% ] [90m[1mreimport[22m | knight_cartoon_clean.png[39m[0m
[  44% ] [90m[1mreimport[22m | dark_mage_cartoon2.png[39m[0m
[  44% ] [90m[1mreimport[22m | knight_cartoon2.png[39m[0m
[  44% ] [90m[1mreimport[22m | berserk_cartoon_anchor_idle_cell_512.png[39m[0m
[  44% ] [90m[1mreimport[22m | berserk_cartoon_anchor_sheet_source_handoff.png[39m[0m
[  44% ] [90m[1mreimport[22m | berserk_cartoon_anchor_source_clean.png[39m[0m
[  44% ] [90m[1mreimport[22m | thief_v2_idle_cell_512.png[39m[0m
[  44% ] [90m[1mreimport[22m | thief_v2_sheet_source_handoff.png[39m[0m
[  44% ] [90m[1mreimport[22m | thief_v2_source_clean.png[39m[0m
[  44% ] [90m[1mreimport[22m | thief_v2_source_raw.png[39m[0m
[  44% ] [90m[1mreimport[22m | berserk_v3_source.png[39m[0m
[  44% ] [90m[1mreimport[22m | berserk_v3_source_clean.png[39m[0m
[  44% ] [90m[1mreimport[22m | berserk_v3_source_raw.png[39m[0m
[  44% ] [90m[1mreimport[22m | berserk_v3_sprite_512.png[39m[0m
[  44% ] [90m[1mreimport[22m | cloak_back_l.png[39m[0m
[  44% ] [90m[1mreimport[22m | cloak_back_r.png[39m[0m
[  44% ] [90m[1mreimport[22m | foot_l.png[39m[0m
[  44% ] [90m[1mreimport[22m | foot_r.png[39m[0m
[  44% ] [90m[1mreimport[22m | hand_l.png[39m[0m
[  44% ] [90m[1mreimport[22m | hand_r.png[39m[0m
[  44% ] [90m[1mreimport[22m | head.png[39m[0m
[  44% ] [90m[1mreimport[22m | hood_shadow.png[39m[0m
[  44% ] [90m[1mreimport[22m | lower_arm_l.png[39m[0m
[  45% ] [90m[1mreimport[22m | lower_arm_r.png[39m[0m
[  45% ] [90m[1mreimport[22m | pelvis.png[39m[0m
[  45% ] [90m[1mreimport[22m | robe_front.png[39m[0m
[  45% ] [90m[1mreimport[22m | shin_l.png[39m[0m
[  45% ] [90m[1mreimport[22m | shin_r.png[39m[0m
[  45% ] [90m[1mreimport[22m | thigh_l.png[39m[0m
[  45% ] [90m[1mreimport[22m | thigh_r.png[39m[0m
[  45% ] [90m[1mreimport[22m | torso.png[39m[0m
[  45% ] [90m[1mreimport[22m | upper_arm_l.png[39m[0m
[  45% ] [90m[1mreimport[22m | upper_arm_r.png[39m[0m
[  45% ] [90m[1mreimport[22m | dark_mage_parts_contact.png[39m[0m
[  45% ] [90m[1mreimport[22m | dark_mage_source_dark_bg_preview.png[39m[0m
[  45% ] [90m[1mreimport[22m | dark_mage_skeleton_source_from_runtime.png[39m[0m
[  45% ] [90m[1mreimport[22m | cape_l.png[39m[0m
[  45% ] [90m[1mreimport[22m | frame_dossier_wide.png[39m[0m
[  45% ] [90m[1mreimport[22m | frame_portrait.png[39m[0m
[  45% ] [90m[1mreimport[22m | hero_select_mockup.png[39m[0m
[  45% ] [90m[1mreimport[22m | hero_select_large_carousel_base.png[39m[0m
[  45% ] [90m[1mreimport[22m | ui_hero_select_ascension_stepper.png[39m[0m
[  45% ] [90m[1mreimport[22m | ui_hero_select_back_button.png[39m[0m
[  45% ] [90m[1mreimport[22m | ui_hero_select_carousel_strip.png[39m[0m
[  45% ] [90m[1mreimport[22m | ui_hero_select_dossier_panel.png[39m[0m
[  45% ] [90m[1mreimport[22m | ui_hero_select_portrait_panel.png[39m[0m
[  45% ] [90m[1mreimport[22m | ui_hero_select_select_button.png[39m[0m
[  45% ] [90m[1mreimport[22m | ui_hero_select_stat_radar.png[39m[0m
[  45% ] [90m[1mreimport[22m | ui_hero_select_title_banner.png[39m[0m
[  45% ] [90m[1mreimport[22m | hero_select_layout_mockup.png[39m[0m
[  45% ] [90m[1mreimport[22m | button_asc_minus_labeled.png[39m[0m
[  45% ] [90m[1mreimport[22m | button_asc_plus_labeled.png[39m[0m
[  45% ] [90m[1mreimport[22m | button_back_labeled.png[39m[0m
[  45% ] [90m[1mreimport[22m | button_carousel_left_labeled.png[39m[0m
[  45% ] [90m[1mreimport[22m | button_carousel_right_labeled.png[39m[0m
[  45% ] [90m[1mreimport[22m | button_choose_labeled.png[39m[0m
[  45% ] [90m[1mreimport[22m | frame_title_labeled.png[39m[0m
[  45% ] [90m[1mreimport[22m | background.png[39m[0m
[  45% ] [90m[1mreimport[22m | button_asc_minus.png[39m[0m
[  45% ] [90m[1mreimport[22m | button_asc_plus.png[39m[0m
[  45% ] [90m[1mreimport[22m | button_asc_stepper.png[39m[0m
[  45% ] [90m[1mreimport[22m | button_back.png[39m[0m
[  45% ] [90m[1mreimport[22m | button_carousel_arrow.png[39m[0m
[  46% ] [90m[1mreimport[22m | button_carousel_left.png[39m[0m
[  46% ] [90m[1mreimport[22m | button_carousel_right.png[39m[0m
[  46% ] [90m[1mreimport[22m | button_choose.png[39m[0m
[  46% ] [90m[1mreimport[22m | frame_ascension.png[39m[0m
[  46% ] [90m[1mreimport[22m | frame_carousel.png[39m[0m
[  46% ] [90m[1mreimport[22m | berserk_cartoon_anchor_source_raw.png[39m[0m
[  46% ] [90m[1mreimport[22m | codex_ui_texture_kit_reference.png[39m[0m
[  46% ] [90m[1mreimport[22m | codex_glossary_2k_mockup.png[39m[0m
[  46% ] [90m[1mreimport[22m | codex_glossary_2k_mockup_v2.png[39m[0m
[  46% ] [90m[1mreimport[22m | codex_v2_full_window_mockup_1920x1088.png[39m[0m
[  46% ] [90m[1mreimport[22m | combat_hud_redraw_reference_sheet.png[39m[0m
[  46% ] [90m[1mreimport[22m | combat_hud_redraw_reference_sheet_alpha_clean.png[39m[0m
[  46% ] [90m[1mreimport[22m | ChatGPT Image Jun 14, 2026, 11_12_12 AM (1).png[39m[0m
[  46% ] [90m[1mreimport[22m | ChatGPT Image Jun 14, 2026, 11_12_12 AM (2).png[39m[0m
[  46% ] [90m[1mreimport[22m | ChatGPT Image Jun 14, 2026, 11_12_12 AM (3).png[39m[0m
[  46% ] [90m[1mreimport[22m | ChatGPT Image Jun 14, 2026, 11_12_13 AM (4).png[39m[0m
[  46% ] [90m[1mreimport[22m | ChatGPT Image Jun 14, 2026, 11_12_13 AM (5).png[39m[0m
[  46% ] [90m[1mreimport[22m | ChatGPT Image Jun 14, 2026, 11_12_13 AM (6).png[39m[0m
[  46% ] [90m[1mreimport[22m | ChatGPT Image Jun 14, 2026, 11_12_14 AM (7).png[39m[0m
[  46% ] [90m[1mreimport[22m | ChatGPT Image Jun 14, 2026, 11_12_14 AM (8).png[39m[0m
[  46% ] [90m[1mreimport[22m | ChatGPT Image Jun 14, 2026, 11_01_30 AM.png[39m[0m
[  46% ] [90m[1mreimport[22m | ChatGPT Image Jun 14, 2026, 09_13_08 AM (1).png[39m[0m
[  46% ] [90m[1mreimport[22m | ChatGPT Image Jun 14, 2026, 09_13_08 AM (2).png[39m[0m
[  46% ] [90m[1mreimport[22m | ChatGPT Image Jun 14, 2026, 09_13_08 AM (3).png[39m[0m
[  46% ] [90m[1mreimport[22m | ChatGPT Image Jun 14, 2026, 09_13_08 AM (4).png[39m[0m
[  46% ] [90m[1mreimport[22m | ChatGPT Image Jun 14, 2026, 09_13_08 AM (5).png[39m[0m
[  46% ] [90m[1mreimport[22m | ChatGPT Image Jun 14, 2026, 09_13_08 AM (6).png[39m[0m
[  46% ] [90m[1mreimport[22m | ChatGPT Image Jun 14, 2026, 09_13_08 AM (7).png[39m[0m
[  46% ] [90m[1mreimport[22m | ChatGPT Image Jun 14, 2026, 09_13_08 AM (8).png[39m[0m
[  46% ] [90m[1mreimport[22m | frame_carousel.png[39m[0m
[  46% ] [90m[1mreimport[22m | frame_compass.png[39m[0m
[  46% ] [90m[1mreimport[22m | frame_dossier.png[39m[0m
[  46% ] [90m[1mreimport[22m | frame_portrait.png[39m[0m
[  46% ] [90m[1mreimport[22m | frame_carousel.png[39m[0m
[  46% ] [90m[1mreimport[22m | frame_compass.png[39m[0m
[  46% ] [90m[1mreimport[22m | frame_dossier.png[39m[0m
[  46% ] [90m[1mreimport[22m | secret_ascension_boss_telegraph_vfx_source_alpha.png[39m[0m
[  46% ] [90m[1mreimport[22m | secret_ascension_boss_telegraph_vfx_source_raw.png[39m[0m
[  46% ] [90m[1mreimport[22m | button_kit_red_gold_dragon_sheet.png[39m[0m
[  47% ] [90m[1mreimport[22m | ChatGPT Image Jun 14, 2026, 10_57_24 AM.png[39m[0m
[  47% ] [90m[1mreimport[22m | assassin_sheet_keyed.png[39m[0m
[  47% ] [90m[1mreimport[22m | assassin_sheet_source.png[39m[0m
[  47% ] [90m[1mreimport[22m | berserk_sheet_alpha_clean.png[39m[0m
[  47% ] [90m[1mreimport[22m | berserk_sheet_keyed.png[39m[0m
[  47% ] [90m[1mreimport[22m | berserk_sheet_source.png[39m[0m
[  47% ] [90m[1mreimport[22m | biologist_sheet_alpha_clean.png[39m[0m
[  47% ] [90m[1mreimport[22m | biologist_sheet_guttered_source.png[39m[0m
[  47% ] [90m[1mreimport[22m | biologist_sheet_keyed.png[39m[0m
[  47% ] [90m[1mreimport[22m | biologist_sheet_source.png[39m[0m
[  47% ] [90m[1mreimport[22m | chemist_sheet_keyed.png[39m[0m
[  47% ] [90m[1mreimport[22m | chemist_sheet_source.png[39m[0m
[  47% ] [90m[1mreimport[22m | dark_mage_sheet_alpha_clean.png[39m[0m
[  47% ] [90m[1mreimport[22m | dark_mage_sheet_guttered_source.png[39m[0m
[  47% ] [90m[1mreimport[22m | dark_mage_sheet_keyed.png[39m[0m
[  47% ] [90m[1mreimport[22m | dark_mage_sheet_source.png[39m[0m
[  47% ] [90m[1mreimport[22m | doctor_sheet_keyed.png[39m[0m
[  47% ] [90m[1mreimport[22m | doctor_sheet_source.png[39m[0m
[  47% ] [90m[1mreimport[22m | druid_sheet_keyed.png[39m[0m
[  47% ] [90m[1mreimport[22m | druid_sheet_source.png[39m[0m
[  47% ] [90m[1mreimport[22m | elementalist_sheet_alpha_clean.png[39m[0m
[  47% ] [90m[1mreimport[22m | elementalist_sheet_guttered_source.png[39m[0m
[  47% ] [90m[1mreimport[22m | elementalist_sheet_keyed.png[39m[0m
[  47% ] [90m[1mreimport[22m | elementalist_sheet_source.png[39m[0m
[  47% ] [90m[1mreimport[22m | engineer_sheet_keyed.png[39m[0m
[  47% ] [90m[1mreimport[22m | engineer_sheet_source.png[39m[0m
[  47% ] [90m[1mreimport[22m | guitarist_sheet_alpha_clean.png[39m[0m
[  47% ] [90m[1mreimport[22m | guitarist_sheet_guttered_source.png[39m[0m
[  47% ] [90m[1mreimport[22m | bone_archon_pixellab_object.png[39m[0m
[  47% ] [90m[1mreimport[22m | bone_archon_pixellab_object_alpha.png[39m[0m
[  47% ] [90m[1mreimport[22m | brood_mother_pixellab_object.png[39m[0m
[  47% ] [90m[1mreimport[22m | brood_mother_pixellab_object_alpha.png[39m[0m
[  47% ] [90m[1mreimport[22m | disk_devourer_pixellab_object.png[39m[0m
[  47% ] [90m[1mreimport[22m | disk_devourer_pixellab_object_alpha.png[39m[0m
[  47% ] [90m[1mreimport[22m | east.png[39m[0m
[  47% ] [90m[1mreimport[22m | north-east.png[39m[0m
[  47% ] [90m[1mreimport[22m | north-west.png[39m[0m
[  47% ] [90m[1mreimport[22m | north.png[39m[0m
[  47% ] [90m[1mreimport[22m | south-east.png[39m[0m
[  47% ] [90m[1mreimport[22m | south-west.png[39m[0m
[  48% ] [90m[1mreimport[22m | south.png[39m[0m
[  48% ] [90m[1mreimport[22m | west.png[39m[0m
[  48% ] [90m[1mreimport[22m | secret_ascension_boss_pixellab_object.png[39m[0m
[  48% ] [90m[1mreimport[22m | secret_ascension_boss_pixellab_object_alpha.png[39m[0m
[  48% ] [90m[1mreimport[22m | skeletal_dragon_pixellab_object.png[39m[0m
[  48% ] [90m[1mreimport[22m | skeletal_dragon_pixellab_object_alpha.png[39m[0m
[  48% ] [90m[1mreimport[22m | ashen_colossus_ref_160.png[39m[0m
[  48% ] [90m[1mreimport[22m | bone_archon_ref_160.png[39m[0m
[  48% ] [90m[1mreimport[22m | brood_mother_ref_160.png[39m[0m
[  48% ] [90m[1mreimport[22m | disk_devourer_ref_160.png[39m[0m
[  48% ] [90m[1mreimport[22m | rift_warden_ref_160.png[39m[0m
[  48% ] [90m[1mreimport[22m | secret_ascension_boss_ref_160.png[39m[0m
[  48% ] [90m[1mreimport[22m | secret_ascension_boss_runtime_candidate_1024.png[39m[0m
[  48% ] [90m[1mreimport[22m | secret_ascension_boss_source_alpha.png[39m[0m
[  48% ] [90m[1mreimport[22m | secret_ascension_boss_source_raw.png[39m[0m
[  48% ] [90m[1mreimport[22m | secret_ascension_boss_telegraph_beam.png[39m[0m
[  48% ] [90m[1mreimport[22m | secret_ascension_boss_telegraph_cone.png[39m[0m
[  48% ] [90m[1mreimport[22m | secret_ascension_boss_telegraph_ring.png[39m[0m
[  48% ] [90m[1mreimport[22m | secret_ascension_boss_telegraph_rupture.png[39m[0m
[  48% ] [90m[1mreimport[22m | berserk_v2_source_clean.png[39m[0m
[  48% ] [90m[1mreimport[22m | berserk_v2_source_raw.png[39m[0m
[  48% ] [90m[1mreimport[22m | character_v2_anchor_dark_bg_preview.png[39m[0m
[  48% ] [90m[1mreimport[22m | dark_mage_v2_idle_cell_512.png[39m[0m
[  48% ] [90m[1mreimport[22m | dark_mage_v2_sheet_source_handoff.png[39m[0m
[  48% ] [90m[1mreimport[22m | dark_mage_v2_source_clean.png[39m[0m
[  48% ] [90m[1mreimport[22m | dark_mage_v2_source_raw.png[39m[0m
[  48% ] [90m[1mreimport[22m | elementalist_v2_idle_cell_512.png[39m[0m
[  48% ] [90m[1mreimport[22m | elementalist_v2_sheet_source_handoff.png[39m[0m
[  48% ] [90m[1mreimport[22m | elementalist_v2_source_clean.png[39m[0m
[  48% ] [90m[1mreimport[22m | elementalist_v2_source_raw.png[39m[0m
[  48% ] [90m[1mreimport[22m | engineer_v2_idle_cell_512.png[39m[0m
[  48% ] [90m[1mreimport[22m | engineer_v2_sheet_source_handoff.png[39m[0m
[  48% ] [90m[1mreimport[22m | engineer_v2_source_clean.png[39m[0m
[  48% ] [90m[1mreimport[22m | engineer_v2_source_raw.png[39m[0m
[  48% ] [90m[1mreimport[22m | guitarist_v2_idle_cell_512.png[39m[0m
[  48% ] [90m[1mreimport[22m | guitarist_v2_sheet_source_handoff.png[39m[0m
[  48% ] [90m[1mreimport[22m | guitarist_v2_source_clean.png[39m[0m
[  48% ] [90m[1mreimport[22m | guitarist_v2_source_raw.png[39m[0m
[  48% ] [90m[1mreimport[22m | priest_v2_idle_cell_512.png[39m[0m
[  49% ] [90m[1mreimport[22m | priest_v2_sheet_source_handoff.png[39m[0m
[  49% ] [90m[1mreimport[22m | priest_v2_source_clean.png[39m[0m
[  49% ] [90m[1mreimport[22m | priest_v2_source_raw.png[39m[0m
[  49% ] [90m[1mreimport[22m | robot_v2_idle_cell_512.png[39m[0m
[  49% ] [90m[1mreimport[22m | robot_v2_sheet_source_handoff.png[39m[0m
[  49% ] [90m[1mreimport[22m | robot_v2_source_clean.png[39m[0m
[  49% ] [90m[1mreimport[22m | robot_v2_source_raw.png[39m[0m
[  49% ] [90m[1mreimport[22m | sniper_v2_idle_cell_512.png[39m[0m
[  49% ] [90m[1mreimport[22m | sniper_v2_sheet_source_handoff.png[39m[0m
[  49% ] [90m[1mreimport[22m | sniper_v2_source_clean.png[39m[0m
[  49% ] [90m[1mreimport[22m | sniper_v2_source_raw.png[39m[0m
[  49% ] [90m[1mreimport[22m | guitarist_sheet_keyed.png[39m[0m
[  49% ] [90m[1mreimport[22m | guitarist_sheet_source.png[39m[0m
[  49% ] [90m[1mreimport[22m | knight_sheet_keyed.png[39m[0m
[  49% ] [90m[1mreimport[22m | knight_sheet_source.png[39m[0m
[  49% ] [90m[1mreimport[22m | priest_sheet_keyed.png[39m[0m
[  49% ] [90m[1mreimport[22m | priest_sheet_source.png[39m[0m
[  49% ] [90m[1mreimport[22m | ranger_sheet_keyed.png[39m[0m
[  49% ] [90m[1mreimport[22m | ranger_sheet_source.png[39m[0m
[  49% ] [90m[1mreimport[22m | robot_sheet_keyed.png[39m[0m
[  49% ] [90m[1mreimport[22m | robot_sheet_source.png[39m[0m
[  49% ] [90m[1mreimport[22m | sniper_sheet_keyed.png[39m[0m
[  49% ] [90m[1mreimport[22m | sniper_sheet_source.png[39m[0m
[  49% ] [90m[1mreimport[22m | soldier_sheet_keyed.png[39m[0m
[  49% ] [90m[1mreimport[22m | soldier_sheet_source.png[39m[0m
[  49% ] [90m[1mreimport[22m | thief_sheet_alpha_clean.png[39m[0m
[  49% ] [90m[1mreimport[22m | thief_sheet_guttered_source.png[39m[0m
[  49% ] [90m[1mreimport[22m | thief_sheet_keyed.png[39m[0m
[  49% ] [90m[1mreimport[22m | thief_sheet_source.png[39m[0m
[  49% ] [90m[1mreimport[22m | assassin_v2_idle_cell_512.png[39m[0m
[  49% ] [90m[1mreimport[22m | assassin_v2_sheet_source_handoff.png[39m[0m
[  49% ] [90m[1mreimport[22m | assassin_v2_source_clean.png[39m[0m
[  49% ] [90m[1mreimport[22m | assassin_v2_source_raw.png[39m[0m
[  49% ] [90m[1mreimport[22m | berserk_v2_idle_cell_512.png[39m[0m
[  49% ] [90m[1mreimport[22m | berserk_v2_sheet_source_handoff.png[39m[0m
[  49% ] [90m[1mreimport[22m | berserk_v2_source_clean.png[39m[0m
[  49% ] [90m[1mreimport[22m | berserk_v2_source_raw.png[39m[0m
[  49% ] [90m[1mreimport[22m | biologist_v2_idle_cell_512.png[39m[0m
[  49% ] [90m[1mreimport[22m | biologist_v2_sheet_source_handoff.png[39m[0m
[  49% ] [90m[1mreimport[22m | biologist_v2_source_clean.png[39m[0m
[  50% ] [90m[1mreimport[22m | biologist_v2_source_raw.png[39m[0m
[  50% ] [90m[1mreimport[22m | berserk_v2_idle_cell_512.png[39m[0m
[  50% ] [90m[1mreimport[22m | doctor_attack_primary_01.png[39m[0m
[  50% ] [90m[1mreimport[22m | doctor_attack_primary_02.png[39m[0m
[  50% ] [90m[1mreimport[22m | doctor_attack_primary_03.png[39m[0m
[  50% ] [90m[1mreimport[22m | doctor_attack_primary_04.png[39m[0m
[  50% ] [90m[1mreimport[22m | doctor_idle_00.png[39m[0m
[  50% ] [90m[1mreimport[22m | doctor_idle_01.png[39m[0m
[  50% ] [90m[1mreimport[22m | doctor_idle_02.png[39m[0m
[  50% ] [90m[1mreimport[22m | doctor_idle_03.png[39m[0m
[  50% ] [90m[1mreimport[22m | doctor_idle_04.png[39m[0m
[  50% ] [90m[1mreimport[22m | doctor_walk_00.png[39m[0m
[  50% ] [90m[1mreimport[22m | doctor_walk_01.png[39m[0m
[  50% ] [90m[1mreimport[22m | doctor_walk_02.png[39m[0m
[  50% ] [90m[1mreimport[22m | doctor_walk_03.png[39m[0m
[  50% ] [90m[1mreimport[22m | doctor_walk_04.png[39m[0m
[  50% ] [90m[1mreimport[22m | doctor_idle_east.png[39m[0m
[  50% ] [90m[1mreimport[22m | doctor_idle_north-east.png[39m[0m
[  50% ] [90m[1mreimport[22m | doctor_idle_north-west.png[39m[0m
[  50% ] [90m[1mreimport[22m | doctor_idle_north.png[39m[0m
[  50% ] [90m[1mreimport[22m | doctor_idle_south-east.png[39m[0m
[  50% ] [90m[1mreimport[22m | doctor_idle_south-west.png[39m[0m
[  50% ] [90m[1mreimport[22m | doctor_idle_south.png[39m[0m
[  50% ] [90m[1mreimport[22m | doctor_idle_west.png[39m[0m
[  50% ] [90m[1mreimport[22m | doctor_move_east_00.png[39m[0m
[  50% ] [90m[1mreimport[22m | doctor_move_east_01.png[39m[0m
[  50% ] [90m[1mreimport[22m | doctor_move_east_02.png[39m[0m
[  50% ] [90m[1mreimport[22m | doctor_move_east_03.png[39m[0m
[  50% ] [90m[1mreimport[22m | doctor_move_east_04.png[39m[0m
[  50% ] [90m[1mreimport[22m | doctor_move_east_05.png[39m[0m
[  50% ] [90m[1mreimport[22m | doctor_move_north-east_00.png[39m[0m
[  50% ] [90m[1mreimport[22m | doctor_move_north-east_01.png[39m[0m
[  50% ] [90m[1mreimport[22m | dark_mage_move_north_00.png[39m[0m
[  50% ] [90m[1mreimport[22m | dark_mage_move_north_01.png[39m[0m
[  50% ] [90m[1mreimport[22m | dark_mage_move_north_02.png[39m[0m
[  50% ] [90m[1mreimport[22m | dark_mage_move_north_03.png[39m[0m
[  50% ] [90m[1mreimport[22m | dark_mage_move_north_04.png[39m[0m
[  50% ] [90m[1mreimport[22m | dark_mage_move_north_05.png[39m[0m
[  50% ] [90m[1mreimport[22m | dark_mage_move_south-east_00.png[39m[0m
[  50% ] [90m[1mreimport[22m | dark_mage_move_south-east_01.png[39m[0m
[  51% ] [90m[1mreimport[22m | dark_mage_move_south-east_02.png[39m[0m
[  51% ] [90m[1mreimport[22m | dark_mage_move_south-east_03.png[39m[0m
[  51% ] [90m[1mreimport[22m | dark_mage_move_south-east_04.png[39m[0m
[  51% ] [90m[1mreimport[22m | dark_mage_move_south-east_05.png[39m[0m
[  51% ] [90m[1mreimport[22m | dark_mage_move_south-west_00.png[39m[0m
[  51% ] [90m[1mreimport[22m | dark_mage_move_south-west_01.png[39m[0m
[  51% ] [90m[1mreimport[22m | dark_mage_move_south-west_02.png[39m[0m
[  51% ] [90m[1mreimport[22m | dark_mage_move_south-west_03.png[39m[0m
[  51% ] [90m[1mreimport[22m | dark_mage_move_south-west_04.png[39m[0m
[  51% ] [90m[1mreimport[22m | dark_mage_move_south-west_05.png[39m[0m
[  51% ] [90m[1mreimport[22m | dark_mage_move_south_00.png[39m[0m
[  51% ] [90m[1mreimport[22m | dark_mage_move_south_01.png[39m[0m
[  51% ] [90m[1mreimport[22m | dark_mage_move_south_02.png[39m[0m
[  51% ] [90m[1mreimport[22m | dark_mage_move_south_03.png[39m[0m
[  51% ] [90m[1mreimport[22m | dark_mage_move_south_04.png[39m[0m
[  51% ] [90m[1mreimport[22m | dark_mage_move_south_05.png[39m[0m
[  51% ] [90m[1mreimport[22m | dark_mage_move_west_00.png[39m[0m
[  51% ] [90m[1mreimport[22m | dark_mage_move_west_01.png[39m[0m
[  51% ] [90m[1mreimport[22m | dark_mage_move_west_02.png[39m[0m
[  51% ] [90m[1mreimport[22m | dark_mage_move_west_03.png[39m[0m
[  51% ] [90m[1mreimport[22m | dark_mage_move_west_04.png[39m[0m
[  51% ] [90m[1mreimport[22m | dark_mage_move_west_05.png[39m[0m
[  51% ] [90m[1mreimport[22m | doctor_attack_primary_00.png[39m[0m
[  51% ] [90m[1mreimport[22m | doctor_move_south_03.png[39m[0m
[  51% ] [90m[1mreimport[22m | doctor_move_south_04.png[39m[0m
[  51% ] [90m[1mreimport[22m | doctor_move_south_05.png[39m[0m
[  51% ] [90m[1mreimport[22m | doctor_move_west_00.png[39m[0m
[  51% ] [90m[1mreimport[22m | doctor_move_west_01.png[39m[0m
[  51% ] [90m[1mreimport[22m | doctor_move_west_02.png[39m[0m
[  51% ] [90m[1mreimport[22m | doctor_move_west_03.png[39m[0m
[  51% ] [90m[1mreimport[22m | doctor_move_west_04.png[39m[0m
[  51% ] [90m[1mreimport[22m | doctor_move_west_05.png[39m[0m
[  51% ] [90m[1mreimport[22m | druid_attack_primary_00.png[39m[0m
[  51% ] [90m[1mreimport[22m | druid_attack_primary_01.png[39m[0m
[  51% ] [90m[1mreimport[22m | druid_attack_primary_02.png[39m[0m
[  51% ] [90m[1mreimport[22m | druid_attack_primary_03.png[39m[0m
[  51% ] [90m[1mreimport[22m | druid_attack_primary_04.png[39m[0m
[  51% ] [90m[1mreimport[22m | druid_idle_00.png[39m[0m
[  51% ] [90m[1mreimport[22m | druid_idle_01.png[39m[0m
[  52% ] [90m[1mreimport[22m | druid_idle_02.png[39m[0m
[  52% ] [90m[1mreimport[22m | druid_idle_03.png[39m[0m
[  52% ] [90m[1mreimport[22m | druid_idle_04.png[39m[0m
[  52% ] [90m[1mreimport[22m | druid_walk_00.png[39m[0m
[  52% ] [90m[1mreimport[22m | druid_walk_01.png[39m[0m
[  52% ] [90m[1mreimport[22m | druid_walk_02.png[39m[0m
[  52% ] [90m[1mreimport[22m | druid_walk_03.png[39m[0m
[  52% ] [90m[1mreimport[22m | druid_walk_04.png[39m[0m
[  52% ] [90m[1mreimport[22m | elementalist_attack_primary_00.png[39m[0m
[  52% ] [90m[1mreimport[22m | elementalist_attack_primary_01.png[39m[0m
[  52% ] [90m[1mreimport[22m | elementalist_attack_primary_02.png[39m[0m
[  52% ] [90m[1mreimport[22m | elementalist_attack_primary_03.png[39m[0m
[  52% ] [90m[1mreimport[22m | elementalist_attack_primary_04.png[39m[0m
[  52% ] [90m[1mreimport[22m | elementalist_idle_00.png[39m[0m
[  52% ] [90m[1mreimport[22m | elementalist_idle_01.png[39m[0m
[  52% ] [90m[1mreimport[22m | doctor_move_north-east_02.png[39m[0m
[  52% ] [90m[1mreimport[22m | doctor_move_north-east_03.png[39m[0m
[  52% ] [90m[1mreimport[22m | doctor_move_north-east_04.png[39m[0m
[  52% ] [90m[1mreimport[22m | doctor_move_north-east_05.png[39m[0m
[  52% ] [90m[1mreimport[22m | doctor_move_north-west_00.png[39m[0m
[  52% ] [90m[1mreimport[22m | doctor_move_north-west_01.png[39m[0m
[  52% ] [90m[1mreimport[22m | doctor_move_north-west_02.png[39m[0m
[  52% ] [90m[1mreimport[22m | doctor_move_north-west_03.png[39m[0m
[  52% ] [90m[1mreimport[22m | doctor_move_north-west_04.png[39m[0m
[  52% ] [90m[1mreimport[22m | doctor_move_north-west_05.png[39m[0m
[  52% ] [90m[1mreimport[22m | doctor_move_north_00.png[39m[0m
[  52% ] [90m[1mreimport[22m | doctor_move_north_01.png[39m[0m
[  52% ] [90m[1mreimport[22m | doctor_move_north_02.png[39m[0m
[  52% ] [90m[1mreimport[22m | doctor_move_north_03.png[39m[0m
[  52% ] [90m[1mreimport[22m | doctor_move_north_04.png[39m[0m
[  52% ] [90m[1mreimport[22m | doctor_move_north_05.png[39m[0m
[  52% ] [90m[1mreimport[22m | doctor_move_south-east_00.png[39m[0m
[  52% ] [90m[1mreimport[22m | doctor_move_south-east_01.png[39m[0m
[  52% ] [90m[1mreimport[22m | doctor_move_south-east_02.png[39m[0m
[  52% ] [90m[1mreimport[22m | doctor_move_south-east_03.png[39m[0m
[  52% ] [90m[1mreimport[22m | doctor_move_south-east_04.png[39m[0m
[  52% ] [90m[1mreimport[22m | doctor_move_south-east_05.png[39m[0m
[  52% ] [90m[1mreimport[22m | doctor_move_south-west_00.png[39m[0m
[  52% ] [90m[1mreimport[22m | doctor_move_south-west_01.png[39m[0m
[  52% ] [90m[1mreimport[22m | doctor_move_south-west_02.png[39m[0m
[  53% ] [90m[1mreimport[22m | doctor_move_south-west_03.png[39m[0m
[  53% ] [90m[1mreimport[22m | doctor_move_south-west_04.png[39m[0m
[  53% ] [90m[1mreimport[22m | doctor_move_south-west_05.png[39m[0m
[  53% ] [90m[1mreimport[22m | doctor_move_south_00.png[39m[0m
[  53% ] [90m[1mreimport[22m | doctor_move_south_01.png[39m[0m
[  53% ] [90m[1mreimport[22m | doctor_move_south_02.png[39m[0m
[  53% ] [90m[1mreimport[22m | berserk_move_south-east_03.png[39m[0m
[  53% ] [90m[1mreimport[22m | berserk_move_south-east_04.png[39m[0m
[  53% ] [90m[1mreimport[22m | berserk_move_south-east_05.png[39m[0m
[  53% ] [90m[1mreimport[22m | berserk_move_south-west_00.png[39m[0m
[  53% ] [90m[1mreimport[22m | berserk_move_south-west_01.png[39m[0m
[  53% ] [90m[1mreimport[22m | berserk_move_south-west_02.png[39m[0m
[  53% ] [90m[1mreimport[22m | berserk_move_south-west_03.png[39m[0m
[  53% ] [90m[1mreimport[22m | berserk_move_south-west_04.png[39m[0m
[  53% ] [90m[1mreimport[22m | berserk_move_south-west_05.png[39m[0m
[  53% ] [90m[1mreimport[22m | berserk_move_south_00.png[39m[0m
[  53% ] [90m[1mreimport[22m | berserk_move_south_01.png[39m[0m
[  53% ] [90m[1mreimport[22m | berserk_move_south_02.png[39m[0m
[  53% ] [90m[1mreimport[22m | berserk_move_south_03.png[39m[0m
[  53% ] [90m[1mreimport[22m | berserk_move_south_04.png[39m[0m
[  53% ] [90m[1mreimport[22m | berserk_move_south_05.png[39m[0m
[  53% ] [90m[1mreimport[22m | berserk_move_west_00.png[39m[0m
[  53% ] [90m[1mreimport[22m | berserk_move_west_01.png[39m[0m
[  53% ] [90m[1mreimport[22m | berserk_move_west_02.png[39m[0m
[  53% ] [90m[1mreimport[22m | berserk_move_west_03.png[39m[0m
[  53% ] [90m[1mreimport[22m | berserk_move_west_04.png[39m[0m
[  53% ] [90m[1mreimport[22m | berserk_move_west_05.png[39m[0m
[  53% ] [90m[1mreimport[22m | biologist_attack_primary_00.png[39m[0m
[  53% ] [90m[1mreimport[22m | biologist_attack_primary_01.png[39m[0m
[  53% ] [90m[1mreimport[22m | biologist_attack_primary_02.png[39m[0m
[  53% ] [90m[1mreimport[22m | biologist_attack_primary_03.png[39m[0m
[  53% ] [90m[1mreimport[22m | biologist_attack_primary_04.png[39m[0m
[  53% ] [90m[1mreimport[22m | biologist_idle_00.png[39m[0m
[  53% ] [90m[1mreimport[22m | biologist_idle_01.png[39m[0m
[  53% ] [90m[1mreimport[22m | biologist_idle_02.png[39m[0m
[  53% ] [90m[1mreimport[22m | biologist_idle_03.png[39m[0m
[  53% ] [90m[1mreimport[22m | berserk_idle_south-east.png[39m[0m
[  53% ] [90m[1mreimport[22m | berserk_idle_south-west.png[39m[0m
[  53% ] [90m[1mreimport[22m | berserk_idle_south.png[39m[0m
[  54% ] [90m[1mreimport[22m | berserk_idle_west.png[39m[0m
[  54% ] [90m[1mreimport[22m | berserk_move_east_00.png[39m[0m
[  54% ] [90m[1mreimport[22m | berserk_move_east_01.png[39m[0m
[  54% ] [90m[1mreimport[22m | berserk_move_east_02.png[39m[0m
[  54% ] [90m[1mreimport[22m | berserk_move_east_03.png[39m[0m
[  54% ] [90m[1mreimport[22m | berserk_move_east_04.png[39m[0m
[  54% ] [90m[1mreimport[22m | berserk_move_east_05.png[39m[0m
[  54% ] [90m[1mreimport[22m | berserk_move_north-east_00.png[39m[0m
[  54% ] [90m[1mreimport[22m | berserk_move_north-east_01.png[39m[0m
[  54% ] [90m[1mreimport[22m | berserk_move_north-east_02.png[39m[0m
[  54% ] [90m[1mreimport[22m | berserk_move_north-east_03.png[39m[0m
[  54% ] [90m[1mreimport[22m | berserk_move_north-east_04.png[39m[0m
[  54% ] [90m[1mreimport[22m | berserk_move_north-east_05.png[39m[0m
[  54% ] [90m[1mreimport[22m | berserk_move_north-west_00.png[39m[0m
[  54% ] [90m[1mreimport[22m | berserk_move_north-west_01.png[39m[0m
[  54% ] [90m[1mreimport[22m | berserk_move_north-west_02.png[39m[0m
[  54% ] [90m[1mreimport[22m | berserk_move_north-west_03.png[39m[0m
[  54% ] [90m[1mreimport[22m | berserk_move_north-west_04.png[39m[0m
[  54% ] [90m[1mreimport[22m | berserk_move_north-west_05.png[39m[0m
[  54% ] [90m[1mreimport[22m | berserk_move_north_00.png[39m[0m
[  54% ] [90m[1mreimport[22m | berserk_move_north_01.png[39m[0m
[  54% ] [90m[1mreimport[22m | berserk_move_north_02.png[39m[0m
[  54% ] [90m[1mreimport[22m | berserk_move_north_03.png[39m[0m
[  54% ] [90m[1mreimport[22m | berserk_move_north_04.png[39m[0m
[  54% ] [90m[1mreimport[22m | berserk_move_north_05.png[39m[0m
[  54% ] [90m[1mreimport[22m | berserk_move_south-east_00.png[39m[0m
[  54% ] [90m[1mreimport[22m | berserk_move_south-east_01.png[39m[0m
[  54% ] [90m[1mreimport[22m | berserk_move_south-east_02.png[39m[0m
[  54% ] [90m[1mreimport[22m | dark_mage_walk_00.png[39m[0m
[  54% ] [90m[1mreimport[22m | dark_mage_walk_01.png[39m[0m
[  54% ] [90m[1mreimport[22m | dark_mage_walk_02.png[39m[0m
[  54% ] [90m[1mreimport[22m | dark_mage_walk_03.png[39m[0m
[  54% ] [90m[1mreimport[22m | dark_mage_walk_04.png[39m[0m
[  54% ] [90m[1mreimport[22m | dark_mage_idle_east.png[39m[0m
[  54% ] [90m[1mreimport[22m | dark_mage_idle_north-east.png[39m[0m
[  54% ] [90m[1mreimport[22m | dark_mage_idle_north-west.png[39m[0m
[  54% ] [90m[1mreimport[22m | dark_mage_idle_north.png[39m[0m
[  54% ] [90m[1mreimport[22m | dark_mage_idle_south-east.png[39m[0m
[  54% ] [90m[1mreimport[22m | dark_mage_idle_south-west.png[39m[0m
[  54% ] [90m[1mreimport[22m | dark_mage_idle_south.png[39m[0m
[  55% ] [90m[1mreimport[22m | dark_mage_idle_west.png[39m[0m
[  55% ] [90m[1mreimport[22m | dark_mage_move_east_00.png[39m[0m
[  55% ] [90m[1mreimport[22m | dark_mage_move_east_01.png[39m[0m
[  55% ] [90m[1mreimport[22m | dark_mage_move_east_02.png[39m[0m
[  55% ] [90m[1mreimport[22m | dark_mage_move_east_03.png[39m[0m
[  55% ] [90m[1mreimport[22m | dark_mage_move_east_04.png[39m[0m
[  55% ] [90m[1mreimport[22m | dark_mage_move_east_05.png[39m[0m
[  55% ] [90m[1mreimport[22m | dark_mage_move_north-east_00.png[39m[0m
[  55% ] [90m[1mreimport[22m | dark_mage_move_north-east_01.png[39m[0m
[  55% ] [90m[1mreimport[22m | dark_mage_move_north-east_02.png[39m[0m
[  55% ] [90m[1mreimport[22m | dark_mage_move_north-east_03.png[39m[0m
[  55% ] [90m[1mreimport[22m | dark_mage_move_north-east_04.png[39m[0m
[  55% ] [90m[1mreimport[22m | dark_mage_move_north-east_05.png[39m[0m
[  55% ] [90m[1mreimport[22m | dark_mage_move_north-west_00.png[39m[0m
[  55% ] [90m[1mreimport[22m | dark_mage_move_north-west_01.png[39m[0m
[  55% ] [90m[1mreimport[22m | dark_mage_move_north-west_02.png[39m[0m
[  55% ] [90m[1mreimport[22m | dark_mage_move_north-west_03.png[39m[0m
[  55% ] [90m[1mreimport[22m | dark_mage_move_north-west_04.png[39m[0m
[  55% ] [90m[1mreimport[22m | dark_mage_move_north-west_05.png[39m[0m
[  55% ] [90m[1mreimport[22m | biologist_idle_04.png[39m[0m
[  55% ] [90m[1mreimport[22m | biologist_walk_00.png[39m[0m
[  55% ] [90m[1mreimport[22m | biologist_walk_01.png[39m[0m
[  55% ] [90m[1mreimport[22m | biologist_walk_02.png[39m[0m
[  55% ] [90m[1mreimport[22m | biologist_walk_03.png[39m[0m
[  55% ] [90m[1mreimport[22m | biologist_walk_04.png[39m[0m
[  55% ] [90m[1mreimport[22m | chemist_attack_primary_00.png[39m[0m
[  55% ] [90m[1mreimport[22m | chemist_attack_primary_01.png[39m[0m
[  55% ] [90m[1mreimport[22m | chemist_attack_primary_02.png[39m[0m
[  55% ] [90m[1mreimport[22m | chemist_attack_primary_03.png[39m[0m
[  55% ] [90m[1mreimport[22m | chemist_attack_primary_04.png[39m[0m
[  55% ] [90m[1mreimport[22m | chemist_idle_00.png[39m[0m
[  55% ] [90m[1mreimport[22m | chemist_idle_01.png[39m[0m
[  55% ] [90m[1mreimport[22m | chemist_idle_02.png[39m[0m
[  55% ] [90m[1mreimport[22m | chemist_idle_03.png[39m[0m
[  55% ] [90m[1mreimport[22m | chemist_idle_04.png[39m[0m
[  55% ] [90m[1mreimport[22m | chemist_walk_00.png[39m[0m
[  55% ] [90m[1mreimport[22m | chemist_walk_01.png[39m[0m
[  55% ] [90m[1mreimport[22m | chemist_walk_02.png[39m[0m
[  55% ] [90m[1mreimport[22m | chemist_walk_03.png[39m[0m
[  56% ] [90m[1mreimport[22m | chemist_walk_04.png[39m[0m
[  56% ] [90m[1mreimport[22m | dark_mage_attack_primary_00.png[39m[0m
[  56% ] [90m[1mreimport[22m | dark_mage_attack_primary_01.png[39m[0m
[  56% ] [90m[1mreimport[22m | dark_mage_attack_primary_02.png[39m[0m
[  56% ] [90m[1mreimport[22m | dark_mage_attack_primary_03.png[39m[0m
[  56% ] [90m[1mreimport[22m | dark_mage_attack_primary_04.png[39m[0m
[  56% ] [90m[1mreimport[22m | dark_mage_idle_00.png[39m[0m
[  56% ] [90m[1mreimport[22m | dark_mage_idle_01.png[39m[0m
[  56% ] [90m[1mreimport[22m | dark_mage_idle_02.png[39m[0m
[  56% ] [90m[1mreimport[22m | dark_mage_idle_03.png[39m[0m
[  56% ] [90m[1mreimport[22m | dark_mage_idle_04.png[39m[0m
[  56% ] [90m[1mreimport[22m | priest_move_north_04.png[39m[0m
[  56% ] [90m[1mreimport[22m | priest_move_north_05.png[39m[0m
[  56% ] [90m[1mreimport[22m | priest_move_south-east_00.png[39m[0m
[  56% ] [90m[1mreimport[22m | priest_move_south-east_01.png[39m[0m
[  56% ] [90m[1mreimport[22m | priest_move_south-east_02.png[39m[0m
[  56% ] [90m[1mreimport[22m | priest_move_south-east_03.png[39m[0m
[  56% ] [90m[1mreimport[22m | priest_move_south-east_04.png[39m[0m
[  56% ] [90m[1mreimport[22m | priest_move_south-east_05.png[39m[0m
[  56% ] [90m[1mreimport[22m | priest_move_south-west_00.png[39m[0m
[  56% ] [90m[1mreimport[22m | priest_move_south-west_01.png[39m[0m
[  56% ] [90m[1mreimport[22m | priest_move_south-west_02.png[39m[0m
[  56% ] [90m[1mreimport[22m | priest_move_south-west_03.png[39m[0m
[  56% ] [90m[1mreimport[22m | priest_move_south-west_04.png[39m[0m
[  56% ] [90m[1mreimport[22m | priest_move_south-west_05.png[39m[0m
[  56% ] [90m[1mreimport[22m | priest_move_south_00.png[39m[0m
[  56% ] [90m[1mreimport[22m | priest_move_south_01.png[39m[0m
[  56% ] [90m[1mreimport[22m | priest_move_south_02.png[39m[0m
[  56% ] [90m[1mreimport[22m | priest_move_south_03.png[39m[0m
[  56% ] [90m[1mreimport[22m | priest_move_south_04.png[39m[0m
[  56% ] [90m[1mreimport[22m | priest_move_south_05.png[39m[0m
[  56% ] [90m[1mreimport[22m | priest_move_west_00.png[39m[0m
[  56% ] [90m[1mreimport[22m | priest_move_west_01.png[39m[0m
[  56% ] [90m[1mreimport[22m | priest_move_west_02.png[39m[0m
[  56% ] [90m[1mreimport[22m | priest_move_west_03.png[39m[0m
[  56% ] [90m[1mreimport[22m | priest_move_west_04.png[39m[0m
[  56% ] [90m[1mreimport[22m | priest_move_west_05.png[39m[0m
[  56% ] [90m[1mreimport[22m | ranger_attack_primary_00.png[39m[0m
[  56% ] [90m[1mreimport[22m | ranger_attack_primary_01.png[39m[0m
[  56% ] [90m[1mreimport[22m | ranger_attack_primary_02.png[39m[0m
[  57% ] [90m[1mreimport[22m | ranger_attack_primary_03.png[39m[0m
[  57% ] [90m[1mreimport[22m | priest_walk_04.png[39m[0m
[  57% ] [90m[1mreimport[22m | priest_idle_east.png[39m[0m
[  57% ] [90m[1mreimport[22m | priest_idle_north-east.png[39m[0m
[  57% ] [90m[1mreimport[22m | priest_idle_north-west.png[39m[0m
[  57% ] [90m[1mreimport[22m | priest_idle_north.png[39m[0m
[  57% ] [90m[1mreimport[22m | priest_idle_south-east.png[39m[0m
[  57% ] [90m[1mreimport[22m | priest_idle_south-west.png[39m[0m
[  57% ] [90m[1mreimport[22m | priest_idle_south.png[39m[0m
[  57% ] [90m[1mreimport[22m | priest_idle_west.png[39m[0m
[  57% ] [90m[1mreimport[22m | priest_move_east_00.png[39m[0m
[  57% ] [90m[1mreimport[22m | priest_move_east_01.png[39m[0m
[  57% ] [90m[1mreimport[22m | priest_move_east_02.png[39m[0m
[  57% ] [90m[1mreimport[22m | priest_move_east_03.png[39m[0m
[  57% ] [90m[1mreimport[22m | priest_move_east_04.png[39m[0m
[  57% ] [90m[1mreimport[22m | priest_move_east_05.png[39m[0m
[  57% ] [90m[1mreimport[22m | priest_move_north-east_00.png[39m[0m
[  57% ] [90m[1mreimport[22m | priest_move_north-east_01.png[39m[0m
[  57% ] [90m[1mreimport[22m | priest_move_north-east_02.png[39m[0m
[  57% ] [90m[1mreimport[22m | priest_move_north-east_03.png[39m[0m
[  57% ] [90m[1mreimport[22m | priest_move_north-east_04.png[39m[0m
[  57% ] [90m[1mreimport[22m | priest_move_north-east_05.png[39m[0m
[  57% ] [90m[1mreimport[22m | priest_move_north-west_00.png[39m[0m
[  57% ] [90m[1mreimport[22m | priest_move_north-west_01.png[39m[0m
[  57% ] [90m[1mreimport[22m | priest_move_north-west_02.png[39m[0m
[  57% ] [90m[1mreimport[22m | priest_move_north-west_03.png[39m[0m
[  57% ] [90m[1mreimport[22m | priest_move_north-west_04.png[39m[0m
[  57% ] [90m[1mreimport[22m | priest_move_north-west_05.png[39m[0m
[  57% ] [90m[1mreimport[22m | priest_move_north_00.png[39m[0m
[  57% ] [90m[1mreimport[22m | priest_move_north_01.png[39m[0m
[  57% ] [90m[1mreimport[22m | priest_move_north_02.png[39m[0m
[  57% ] [90m[1mreimport[22m | priest_move_north_03.png[39m[0m
[  57% ] [90m[1mreimport[22m | sniper_idle_00.png[39m[0m
[  57% ] [90m[1mreimport[22m | sniper_idle_01.png[39m[0m
[  57% ] [90m[1mreimport[22m | sniper_idle_02.png[39m[0m
[  57% ] [90m[1mreimport[22m | sniper_idle_03.png[39m[0m
[  57% ] [90m[1mreimport[22m | sniper_idle_04.png[39m[0m
[  57% ] [90m[1mreimport[22m | sniper_walk_00.png[39m[0m
[  57% ] [90m[1mreimport[22m | sniper_walk_01.png[39m[0m
[  58% ] [90m[1mreimport[22m | sniper_walk_02.png[39m[0m
[  58% ] [90m[1mreimport[22m | sniper_walk_03.png[39m[0m
[  58% ] [90m[1mreimport[22m | sniper_walk_04.png[39m[0m
[  58% ] [90m[1mreimport[22m | soldier_attack_primary_00.png[39m[0m
[  58% ] [90m[1mreimport[22m | soldier_attack_primary_01.png[39m[0m
[  58% ] [90m[1mreimport[22m | soldier_attack_primary_02.png[39m[0m
[  58% ] [90m[1mreimport[22m | soldier_attack_primary_03.png[39m[0m
[  58% ] [90m[1mreimport[22m | soldier_attack_primary_04.png[39m[0m
[  58% ] [90m[1mreimport[22m | soldier_idle_00.png[39m[0m
[  58% ] [90m[1mreimport[22m | soldier_idle_01.png[39m[0m
[  58% ] [90m[1mreimport[22m | soldier_idle_02.png[39m[0m
[  58% ] [90m[1mreimport[22m | soldier_idle_03.png[39m[0m
[  58% ] [90m[1mreimport[22m | soldier_idle_04.png[39m[0m
[  58% ] [90m[1mreimport[22m | soldier_walk_00.png[39m[0m
[  58% ] [90m[1mreimport[22m | soldier_walk_01.png[39m[0m
[  58% ] [90m[1mreimport[22m | soldier_walk_02.png[39m[0m
[  58% ] [90m[1mreimport[22m | soldier_walk_03.png[39m[0m
[  58% ] [90m[1mreimport[22m | soldier_walk_04.png[39m[0m
[  58% ] [90m[1mreimport[22m | thief_attack_primary_00.png[39m[0m
[  58% ] [90m[1mreimport[22m | thief_attack_primary_01.png[39m[0m
[  58% ] [90m[1mreimport[22m | thief_attack_primary_02.png[39m[0m
[  58% ] [90m[1mreimport[22m | thief_attack_primary_03.png[39m[0m
[  58% ] [90m[1mreimport[22m | thief_attack_primary_04.png[39m[0m
[  58% ] [90m[1mreimport[22m | thief_idle_00.png[39m[0m
[  58% ] [90m[1mreimport[22m | ranger_attack_primary_04.png[39m[0m
[  58% ] [90m[1mreimport[22m | ranger_idle_00.png[39m[0m
[  58% ] [90m[1mreimport[22m | ranger_idle_01.png[39m[0m
[  58% ] [90m[1mreimport[22m | ranger_idle_02.png[39m[0m
[  58% ] [90m[1mreimport[22m | ranger_idle_03.png[39m[0m
[  58% ] [90m[1mreimport[22m | ranger_idle_04.png[39m[0m
[  58% ] [90m[1mreimport[22m | ranger_walk_00.png[39m[0m
[  58% ] [90m[1mreimport[22m | ranger_walk_01.png[39m[0m
[  58% ] [90m[1mreimport[22m | ranger_walk_02.png[39m[0m
[  58% ] [90m[1mreimport[22m | ranger_walk_03.png[39m[0m
[  58% ] [90m[1mreimport[22m | ranger_walk_04.png[39m[0m
[  58% ] [90m[1mreimport[22m | robot_attack_primary_00.png[39m[0m
[  58% ] [90m[1mreimport[22m | robot_attack_primary_01.png[39m[0m
[  58% ] [90m[1mreimport[22m | robot_attack_primary_02.png[39m[0m
[  58% ] [90m[1mreimport[22m | robot_attack_primary_03.png[39m[0m
[  58% ] [90m[1mreimport[22m | robot_attack_primary_04.png[39m[0m
[  59% ] [90m[1mreimport[22m | robot_idle_00.png[39m[0m
[  59% ] [90m[1mreimport[22m | robot_idle_01.png[39m[0m
[  59% ] [90m[1mreimport[22m | robot_idle_02.png[39m[0m
[  59% ] [90m[1mreimport[22m | robot_idle_03.png[39m[0m
[  59% ] [90m[1mreimport[22m | robot_idle_04.png[39m[0m
[  59% ] [90m[1mreimport[22m | robot_walk_00.png[39m[0m
[  59% ] [90m[1mreimport[22m | robot_walk_01.png[39m[0m
[  59% ] [90m[1mreimport[22m | robot_walk_02.png[39m[0m
[  59% ] [90m[1mreimport[22m | robot_walk_03.png[39m[0m
[  59% ] [90m[1mreimport[22m | robot_walk_04.png[39m[0m
[  59% ] [90m[1mreimport[22m | sniper_attack_primary_00.png[39m[0m
[  59% ] [90m[1mreimport[22m | sniper_attack_primary_01.png[39m[0m
[  59% ] [90m[1mreimport[22m | sniper_attack_primary_02.png[39m[0m
[  59% ] [90m[1mreimport[22m | sniper_attack_primary_03.png[39m[0m
[  59% ] [90m[1mreimport[22m | sniper_attack_primary_04.png[39m[0m
[  59% ] [90m[1mreimport[22m | guitarist_idle_03.png[39m[0m
[  59% ] [90m[1mreimport[22m | guitarist_idle_04.png[39m[0m
[  59% ] [90m[1mreimport[22m | guitarist_walk_00.png[39m[0m
[  59% ] [90m[1mreimport[22m | guitarist_walk_01.png[39m[0m
[  59% ] [90m[1mreimport[22m | guitarist_walk_02.png[39m[0m
[  59% ] [90m[1mreimport[22m | guitarist_walk_03.png[39m[0m
[  59% ] [90m[1mreimport[22m | guitarist_walk_04.png[39m[0m
[  59% ] [90m[1mreimport[22m | guitarist_idle_east.png[39m[0m
[  59% ] [90m[1mreimport[22m | guitarist_idle_north-east.png[39m[0m
[  59% ] [90m[1mreimport[22m | guitarist_idle_north-west.png[39m[0m
[  59% ] [90m[1mreimport[22m | guitarist_idle_north.png[39m[0m
[  59% ] [90m[1mreimport[22m | guitarist_idle_south-east.png[39m[0m
[  59% ] [90m[1mreimport[22m | guitarist_idle_south-west.png[39m[0m
[  59% ] [90m[1mreimport[22m | guitarist_idle_south.png[39m[0m
[  59% ] [90m[1mreimport[22m | guitarist_idle_west.png[39m[0m
[  59% ] [90m[1mreimport[22m | guitarist_move_east_00.png[39m[0m
[  59% ] [90m[1mreimport[22m | guitarist_move_east_01.png[39m[0m
[  59% ] [90m[1mreimport[22m | guitarist_move_east_02.png[39m[0m
[  59% ] [90m[1mreimport[22m | guitarist_move_east_03.png[39m[0m
[  59% ] [90m[1mreimport[22m | guitarist_move_east_04.png[39m[0m
[  59% ] [90m[1mreimport[22m | guitarist_move_east_05.png[39m[0m
[  59% ] [90m[1mreimport[22m | guitarist_move_north-east_00.png[39m[0m
[  59% ] [90m[1mreimport[22m | guitarist_move_north-east_01.png[39m[0m
[  59% ] [90m[1mreimport[22m | guitarist_move_north-east_02.png[39m[0m
[  60% ] [90m[1mreimport[22m | guitarist_move_north-east_03.png[39m[0m
[  60% ] [90m[1mreimport[22m | guitarist_move_north-east_04.png[39m[0m
[  60% ] [90m[1mreimport[22m | guitarist_move_north-east_05.png[39m[0m
[  60% ] [90m[1mreimport[22m | guitarist_move_north-west_00.png[39m[0m
[  60% ] [90m[1mreimport[22m | guitarist_move_north-west_01.png[39m[0m
[  60% ] [90m[1mreimport[22m | guitarist_move_north-west_02.png[39m[0m
[  60% ] [90m[1mreimport[22m | elementalist_idle_02.png[39m[0m
[  60% ] [90m[1mreimport[22m | elementalist_idle_03.png[39m[0m
[  60% ] [90m[1mreimport[22m | elementalist_idle_04.png[39m[0m
[  60% ] [90m[1mreimport[22m | elementalist_walk_00.png[39m[0m
[  60% ] [90m[1mreimport[22m | elementalist_walk_01.png[39m[0m
[  60% ] [90m[1mreimport[22m | elementalist_walk_02.png[39m[0m
[  60% ] [90m[1mreimport[22m | elementalist_walk_03.png[39m[0m
[  60% ] [90m[1mreimport[22m | elementalist_walk_04.png[39m[0m
[  60% ] [90m[1mreimport[22m | engineer_attack_primary_00.png[39m[0m
[  60% ] [90m[1mreimport[22m | engineer_attack_primary_01.png[39m[0m
[  60% ] [90m[1mreimport[22m | engineer_attack_primary_02.png[39m[0m
[  60% ] [90m[1mreimport[22m | engineer_attack_primary_03.png[39m[0m
[  60% ] [90m[1mreimport[22m | engineer_attack_primary_04.png[39m[0m
[  60% ] [90m[1mreimport[22m | engineer_idle_00.png[39m[0m
[  60% ] [90m[1mreimport[22m | engineer_idle_01.png[39m[0m
[  60% ] [90m[1mreimport[22m | engineer_idle_02.png[39m[0m
[  60% ] [90m[1mreimport[22m | engineer_idle_03.png[39m[0m
[  60% ] [90m[1mreimport[22m | engineer_idle_04.png[39m[0m
[  60% ] [90m[1mreimport[22m | engineer_walk_00.png[39m[0m
[  60% ] [90m[1mreimport[22m | engineer_walk_01.png[39m[0m
[  60% ] [90m[1mreimport[22m | engineer_walk_02.png[39m[0m
[  60% ] [90m[1mreimport[22m | engineer_walk_03.png[39m[0m
[  60% ] [90m[1mreimport[22m | engineer_walk_04.png[39m[0m
[  60% ] [90m[1mreimport[22m | guitarist_attack_primary_00.png[39m[0m
[  60% ] [90m[1mreimport[22m | guitarist_attack_primary_01.png[39m[0m
[  60% ] [90m[1mreimport[22m | guitarist_attack_primary_02.png[39m[0m
[  60% ] [90m[1mreimport[22m | guitarist_attack_primary_03.png[39m[0m
[  60% ] [90m[1mreimport[22m | guitarist_attack_primary_04.png[39m[0m
[  60% ] [90m[1mreimport[22m | guitarist_idle_00.png[39m[0m
[  60% ] [90m[1mreimport[22m | guitarist_idle_01.png[39m[0m
[  60% ] [90m[1mreimport[22m | guitarist_idle_02.png[39m[0m
[  60% ] [90m[1mreimport[22m | guitarist_move_west_04.png[39m[0m
[  60% ] [90m[1mreimport[22m | guitarist_move_west_05.png[39m[0m
[  60% ] [90m[1mreimport[22m | knight_attack_primary_00.png[39m[0m
[  61% ] [90m[1mreimport[22m | knight_attack_primary_01.png[39m[0m
[  61% ] [90m[1mreimport[22m | knight_attack_primary_02.png[39m[0m
[  61% ] [90m[1mreimport[22m | knight_attack_primary_03.png[39m[0m
[  61% ] [90m[1mreimport[22m | knight_attack_primary_04.png[39m[0m
[  61% ] [90m[1mreimport[22m | knight_idle_00.png[39m[0m
[  61% ] [90m[1mreimport[22m | knight_idle_01.png[39m[0m
[  61% ] [90m[1mreimport[22m | knight_idle_02.png[39m[0m
[  61% ] [90m[1mreimport[22m | knight_idle_03.png[39m[0m
[  61% ] [90m[1mreimport[22m | knight_idle_04.png[39m[0m
[  61% ] [90m[1mreimport[22m | knight_walk_00.png[39m[0m
[  61% ] [90m[1mreimport[22m | knight_walk_01.png[39m[0m
[  61% ] [90m[1mreimport[22m | knight_walk_02.png[39m[0m
[  61% ] [90m[1mreimport[22m | knight_walk_03.png[39m[0m
[  61% ] [90m[1mreimport[22m | knight_walk_04.png[39m[0m
[  61% ] [90m[1mreimport[22m | priest_attack_primary_00.png[39m[0m
[  61% ] [90m[1mreimport[22m | priest_attack_primary_01.png[39m[0m
[  61% ] [90m[1mreimport[22m | priest_attack_primary_02.png[39m[0m
[  61% ] [90m[1mreimport[22m | priest_attack_primary_03.png[39m[0m
[  61% ] [90m[1mreimport[22m | priest_attack_primary_04.png[39m[0m
[  61% ] [90m[1mreimport[22m | priest_idle_00.png[39m[0m
[  61% ] [90m[1mreimport[22m | priest_idle_01.png[39m[0m
[  61% ] [90m[1mreimport[22m | priest_idle_02.png[39m[0m
[  61% ] [90m[1mreimport[22m | priest_idle_03.png[39m[0m
[  61% ] [90m[1mreimport[22m | priest_idle_04.png[39m[0m
[  61% ] [90m[1mreimport[22m | priest_walk_00.png[39m[0m
[  61% ] [90m[1mreimport[22m | priest_walk_01.png[39m[0m
[  61% ] [90m[1mreimport[22m | priest_walk_02.png[39m[0m
[  61% ] [90m[1mreimport[22m | priest_walk_03.png[39m[0m
[  61% ] [90m[1mreimport[22m | guitarist_move_north-west_03.png[39m[0m
[  61% ] [90m[1mreimport[22m | guitarist_move_north-west_04.png[39m[0m
[  61% ] [90m[1mreimport[22m | guitarist_move_north-west_05.png[39m[0m
[  61% ] [90m[1mreimport[22m | guitarist_move_north_00.png[39m[0m
[  61% ] [90m[1mreimport[22m | guitarist_move_north_01.png[39m[0m
[  61% ] [90m[1mreimport[22m | guitarist_move_north_02.png[39m[0m
[  61% ] [90m[1mreimport[22m | guitarist_move_north_03.png[39m[0m
[  61% ] [90m[1mreimport[22m | guitarist_move_north_04.png[39m[0m
[  61% ] [90m[1mreimport[22m | guitarist_move_north_05.png[39m[0m
[  61% ] [90m[1mreimport[22m | guitarist_move_south-east_00.png[39m[0m
[  61% ] [90m[1mreimport[22m | guitarist_move_south-east_01.png[39m[0m
[  61% ] [90m[1mreimport[22m | guitarist_move_south-east_02.png[39m[0m
[  62% ] [90m[1mreimport[22m | guitarist_move_south-east_03.png[39m[0m
[  62% ] [90m[1mreimport[22m | guitarist_move_south-east_04.png[39m[0m
[  62% ] [90m[1mreimport[22m | guitarist_move_south-east_05.png[39m[0m
[  62% ] [90m[1mreimport[22m | guitarist_move_south-west_00.png[39m[0m
[  62% ] [90m[1mreimport[22m | guitarist_move_south-west_01.png[39m[0m
[  62% ] [90m[1mreimport[22m | guitarist_move_south-west_02.png[39m[0m
[  62% ] [90m[1mreimport[22m | guitarist_move_south-west_03.png[39m[0m
[  62% ] [90m[1mreimport[22m | guitarist_move_south-west_04.png[39m[0m
[  62% ] [90m[1mreimport[22m | guitarist_move_south-west_05.png[39m[0m
[  62% ] [90m[1mreimport[22m | guitarist_move_south_00.png[39m[0m
[  62% ] [90m[1mreimport[22m | guitarist_move_south_01.png[39m[0m
[  62% ] [90m[1mreimport[22m | guitarist_move_south_02.png[39m[0m
[  62% ] [90m[1mreimport[22m | guitarist_move_south_03.png[39m[0m
[  62% ] [90m[1mreimport[22m | guitarist_move_south_04.png[39m[0m
[  62% ] [90m[1mreimport[22m | guitarist_move_south_05.png[39m[0m
[  62% ] [90m[1mreimport[22m | guitarist_move_west_00.png[39m[0m
[  62% ] [90m[1mreimport[22m | guitarist_move_west_01.png[39m[0m
[  62% ] [90m[1mreimport[22m | guitarist_move_west_02.png[39m[0m
[  62% ] [90m[1mreimport[22m | guitarist_move_west_03.png[39m[0m
[  62% ] [90m[1mreimport[22m | bone_archon_attack_primary_04.png[39m[0m
[  62% ] [90m[1mreimport[22m | bone_archon_attack_primary_05.png[39m[0m
[  62% ] [90m[1mreimport[22m | bone_archon_death_00.png[39m[0m
[  62% ] [90m[1mreimport[22m | bone_archon_death_01.png[39m[0m
[  62% ] [90m[1mreimport[22m | bone_archon_death_02.png[39m[0m
[  62% ] [90m[1mreimport[22m | bone_archon_death_03.png[39m[0m
[  62% ] [90m[1mreimport[22m | bone_archon_death_04.png[39m[0m
[  62% ] [90m[1mreimport[22m | bone_archon_death_05.png[39m[0m
[  62% ] [90m[1mreimport[22m | bone_archon_death_row.png[39m[0m
[  62% ] [90m[1mreimport[22m | bone_archon_move_00.png[39m[0m
[  62% ] [90m[1mreimport[22m | bone_archon_move_01.png[39m[0m
[  62% ] [90m[1mreimport[22m | bone_archon_move_02.png[39m[0m
[  62% ] [90m[1mreimport[22m | bone_archon_move_03.png[39m[0m
[  62% ] [90m[1mreimport[22m | bone_archon_move_04.png[39m[0m
[  62% ] [90m[1mreimport[22m | bone_archon_move_05.png[39m[0m
[  62% ] [90m[1mreimport[22m | bone_archon_skill_bone_prison_00.png[39m[0m
[  62% ] [90m[1mreimport[22m | bone_archon_skill_bone_prison_01.png[39m[0m
[  62% ] [90m[1mreimport[22m | bone_archon_skill_bone_prison_02.png[39m[0m
[  62% ] [90m[1mreimport[22m | bone_archon_skill_bone_prison_03.png[39m[0m
[  62% ] [90m[1mreimport[22m | bone_archon_skill_bone_prison_04.png[39m[0m
[  63% ] [90m[1mreimport[22m | bone_archon_skill_bone_prison_05.png[39m[0m
[  63% ] [90m[1mreimport[22m | bone_archon_skill_skull_volley_00.png[39m[0m
[  63% ] [90m[1mreimport[22m | bone_archon_skill_skull_volley_01.png[39m[0m
[  63% ] [90m[1mreimport[22m | bone_archon_skill_skull_volley_02.png[39m[0m
[  63% ] [90m[1mreimport[22m | bone_archon_skill_skull_volley_03.png[39m[0m
[  63% ] [90m[1mreimport[22m | bone_archon_skill_skull_volley_04.png[39m[0m
[  63% ] [90m[1mreimport[22m | bone_archon_skill_skull_volley_05.png[39m[0m
[  63% ] [90m[1mreimport[22m | brood_mother_attack_primary_00.png[39m[0m
[  63% ] [90m[1mreimport[22m | brood_mother_attack_primary_01.png[39m[0m
[  63% ] [90m[1mreimport[22m | brood_mother_attack_primary_02.png[39m[0m
[  63% ] [90m[1mreimport[22m | ashen_colossus_attack_primary_04.png[39m[0m
[  63% ] [90m[1mreimport[22m | ashen_colossus_attack_primary_05.png[39m[0m
[  63% ] [90m[1mreimport[22m | ashen_colossus_death_00.png[39m[0m
[  63% ] [90m[1mreimport[22m | ashen_colossus_death_01.png[39m[0m
[  63% ] [90m[1mreimport[22m | ashen_colossus_death_02.png[39m[0m
[  63% ] [90m[1mreimport[22m | ashen_colossus_death_03.png[39m[0m
[  63% ] [90m[1mreimport[22m | ashen_colossus_death_04.png[39m[0m
[  63% ] [90m[1mreimport[22m | ashen_colossus_death_05.png[39m[0m
[  63% ] [90m[1mreimport[22m | ashen_colossus_death_row.png[39m[0m
[  63% ] [90m[1mreimport[22m | ashen_colossus_move_00.png[39m[0m
[  63% ] [90m[1mreimport[22m | ashen_colossus_move_01.png[39m[0m
[  63% ] [90m[1mreimport[22m | ashen_colossus_move_02.png[39m[0m
[  63% ] [90m[1mreimport[22m | ashen_colossus_move_03.png[39m[0m
[  63% ] [90m[1mreimport[22m | ashen_colossus_move_04.png[39m[0m
[  63% ] [90m[1mreimport[22m | ashen_colossus_move_05.png[39m[0m
[  63% ] [90m[1mreimport[22m | ashen_colossus_skill_armor_pulse_00.png[39m[0m
[  63% ] [90m[1mreimport[22m | ashen_colossus_skill_armor_pulse_01.png[39m[0m
[  63% ] [90m[1mreimport[22m | ashen_colossus_skill_armor_pulse_02.png[39m[0m
[  63% ] [90m[1mreimport[22m | ashen_colossus_skill_armor_pulse_03.png[39m[0m
[  63% ] [90m[1mreimport[22m | ashen_colossus_skill_armor_pulse_04.png[39m[0m
[  63% ] [90m[1mreimport[22m | ashen_colossus_skill_armor_pulse_05.png[39m[0m
[  63% ] [90m[1mreimport[22m | ashen_colossus_skill_molten_slam_00.png[39m[0m
[  63% ] [90m[1mreimport[22m | ashen_colossus_skill_molten_slam_01.png[39m[0m
[  63% ] [90m[1mreimport[22m | ashen_colossus_skill_molten_slam_02.png[39m[0m
[  63% ] [90m[1mreimport[22m | ashen_colossus_skill_molten_slam_03.png[39m[0m
[  63% ] [90m[1mreimport[22m | ashen_colossus_skill_molten_slam_04.png[39m[0m
[  63% ] [90m[1mreimport[22m | ashen_colossus_skill_molten_slam_05.png[39m[0m
[  63% ] [90m[1mreimport[22m | bone_archon_attack_primary_00.png[39m[0m
[  63% ] [90m[1mreimport[22m | bone_archon_attack_primary_01.png[39m[0m
[  63% ] [90m[1mreimport[22m | bone_archon_attack_primary_02.png[39m[0m
[  64% ] [90m[1mreimport[22m | bone_archon_attack_primary_03.png[39m[0m
[  64% ] [90m[1mreimport[22m | disk_devourer_attack_primary_03.png[39m[0m
[  64% ] [90m[1mreimport[22m | disk_devourer_attack_primary_04.png[39m[0m
[  64% ] [90m[1mreimport[22m | disk_devourer_attack_primary_05.png[39m[0m
[  64% ] [90m[1mreimport[22m | disk_devourer_death_00.png[39m[0m
[  64% ] [90m[1mreimport[22m | disk_devourer_death_01.png[39m[0m
[  64% ] [90m[1mreimport[22m | disk_devourer_death_02.png[39m[0m
[  64% ] [90m[1mreimport[22m | disk_devourer_death_03.png[39m[0m
[  64% ] [90m[1mreimport[22m | disk_devourer_death_04.png[39m[0m
[  64% ] [90m[1mreimport[22m | disk_devourer_death_05.png[39m[0m
[  64% ] [90m[1mreimport[22m | disk_devourer_death_row.png[39m[0m
[  64% ] [90m[1mreimport[22m | disk_devourer_move_00.png[39m[0m
[  64% ] [90m[1mreimport[22m | disk_devourer_move_01.png[39m[0m
[  64% ] [90m[1mreimport[22m | disk_devourer_move_02.png[39m[0m
[  64% ] [90m[1mreimport[22m | disk_devourer_move_03.png[39m[0m
[  64% ] [90m[1mreimport[22m | disk_devourer_move_04.png[39m[0m
[  64% ] [90m[1mreimport[22m | disk_devourer_move_05.png[39m[0m
[  64% ] [90m[1mreimport[22m | disk_devourer_skill_rift_zone_00.png[39m[0m
[  64% ] [90m[1mreimport[22m | disk_devourer_skill_rift_zone_01.png[39m[0m
[  64% ] [90m[1mreimport[22m | disk_devourer_skill_rift_zone_02.png[39m[0m
[  64% ] [90m[1mreimport[22m | disk_devourer_skill_rift_zone_03.png[39m[0m
[  64% ] [90m[1mreimport[22m | disk_devourer_skill_rift_zone_04.png[39m[0m
[  64% ] [90m[1mreimport[22m | disk_devourer_skill_rift_zone_05.png[39m[0m
[  64% ] [90m[1mreimport[22m | disk_devourer_skill_vampiric_bite_00.png[39m[0m
[  64% ] [90m[1mreimport[22m | disk_devourer_skill_vampiric_bite_01.png[39m[0m
[  64% ] [90m[1mreimport[22m | disk_devourer_skill_vampiric_bite_02.png[39m[0m
[  64% ] [90m[1mreimport[22m | disk_devourer_skill_vampiric_bite_03.png[39m[0m
[  64% ] [90m[1mreimport[22m | disk_devourer_skill_vampiric_bite_04.png[39m[0m
[  64% ] [90m[1mreimport[22m | disk_devourer_skill_vampiric_bite_05.png[39m[0m
[  64% ] [90m[1mreimport[22m | rift_warden_attack_primary_00.png[39m[0m
[  64% ] [90m[1mreimport[22m | rift_warden_attack_primary_01.png[39m[0m
[  64% ] [90m[1mreimport[22m | rift_warden_attack_primary_02.png[39m[0m
[  64% ] [90m[1mreimport[22m | brood_mother_attack_primary_03.png[39m[0m
[  64% ] [90m[1mreimport[22m | brood_mother_attack_primary_04.png[39m[0m
[  64% ] [90m[1mreimport[22m | brood_mother_attack_primary_05.png[39m[0m
[  64% ] [90m[1mreimport[22m | brood_mother_death_00.png[39m[0m
[  64% ] [90m[1mreimport[22m | brood_mother_death_01.png[39m[0m
[  64% ] [90m[1mreimport[22m | brood_mother_death_02.png[39m[0m
[  64% ] [90m[1mreimport[22m | brood_mother_death_03.png[39m[0m
[  65% ] [90m[1mreimport[22m | brood_mother_death_04.png[39m[0m
[  65% ] [90m[1mreimport[22m | brood_mother_death_05.png[39m[0m
[  65% ] [90m[1mreimport[22m | brood_mother_death_row.png[39m[0m
[  65% ] [90m[1mreimport[22m | brood_mother_move_00.png[39m[0m
[  65% ] [90m[1mreimport[22m | brood_mother_move_01.png[39m[0m
[  65% ] [90m[1mreimport[22m | brood_mother_move_02.png[39m[0m
[  65% ] [90m[1mreimport[22m | brood_mother_move_03.png[39m[0m
[  65% ] [90m[1mreimport[22m | brood_mother_move_04.png[39m[0m
[  65% ] [90m[1mreimport[22m | brood_mother_move_05.png[39m[0m
[  65% ] [90m[1mreimport[22m | brood_mother_skill_brood_spawn_00.png[39m[0m
[  65% ] [90m[1mreimport[22m | brood_mother_skill_brood_spawn_01.png[39m[0m
[  65% ] [90m[1mreimport[22m | brood_mother_skill_brood_spawn_02.png[39m[0m
[  65% ] [90m[1mreimport[22m | brood_mother_skill_brood_spawn_03.png[39m[0m
[  65% ] [90m[1mreimport[22m | brood_mother_skill_brood_spawn_04.png[39m[0m
[  65% ] [90m[1mreimport[22m | brood_mother_skill_brood_spawn_05.png[39m[0m
[  65% ] [90m[1mreimport[22m | brood_mother_skill_web_zone_00.png[39m[0m
[  65% ] [90m[1mreimport[22m | brood_mother_skill_web_zone_01.png[39m[0m
[  65% ] [90m[1mreimport[22m | brood_mother_skill_web_zone_02.png[39m[0m
[  65% ] [90m[1mreimport[22m | brood_mother_skill_web_zone_03.png[39m[0m
[  65% ] [90m[1mreimport[22m | brood_mother_skill_web_zone_04.png[39m[0m
[  65% ] [90m[1mreimport[22m | brood_mother_skill_web_zone_05.png[39m[0m
[  65% ] [90m[1mreimport[22m | disk_devourer_attack_primary_00.png[39m[0m
[  65% ] [90m[1mreimport[22m | disk_devourer_attack_primary_01.png[39m[0m
[  65% ] [90m[1mreimport[22m | disk_devourer_attack_primary_02.png[39m[0m
[  65% ] [90m[1mreimport[22m | ally_druid_wolf_death_01.png[39m[0m
[  65% ] [90m[1mreimport[22m | ally_druid_wolf_death_02.png[39m[0m
[  65% ] [90m[1mreimport[22m | ally_druid_wolf_death_03.png[39m[0m
[  65% ] [90m[1mreimport[22m | ally_druid_wolf_death_04.png[39m[0m
[  65% ] [90m[1mreimport[22m | ally_druid_wolf_death_05.png[39m[0m
[  65% ] [90m[1mreimport[22m | ally_druid_wolf_death_row.png[39m[0m
[  65% ] [90m[1mreimport[22m | ally_druid_wolf_move_00.png[39m[0m
[  65% ] [90m[1mreimport[22m | ally_druid_wolf_move_01.png[39m[0m
[  65% ] [90m[1mreimport[22m | ally_druid_wolf_move_02.png[39m[0m
[  65% ] [90m[1mreimport[22m | ally_druid_wolf_move_03.png[39m[0m
[  65% ] [90m[1mreimport[22m | ally_druid_wolf_move_04.png[39m[0m
[  65% ] [90m[1mreimport[22m | ally_druid_wolf_move_05.png[39m[0m
[  65% ] [90m[1mreimport[22m | ally_druid_wolf_move_06.png[39m[0m
[  65% ] [90m[1mreimport[22m | ally_druid_wolf_move_07.png[39m[0m
[  65% ] [90m[1mreimport[22m | ally_homunculus_attack_00.png[39m[0m
[  65% ] [90m[1mreimport[22m | ally_homunculus_attack_01.png[39m[0m
[  66% ] [90m[1mreimport[22m | ally_homunculus_attack_02.png[39m[0m
[  66% ] [90m[1mreimport[22m | ally_homunculus_attack_03.png[39m[0m
[  66% ] [90m[1mreimport[22m | ally_homunculus_attack_04.png[39m[0m
[  66% ] [90m[1mreimport[22m | ally_homunculus_attack_05.png[39m[0m
[  66% ] [90m[1mreimport[22m | ally_homunculus_death_00.png[39m[0m
[  66% ] [90m[1mreimport[22m | ally_homunculus_death_01.png[39m[0m
[  66% ] [90m[1mreimport[22m | ally_homunculus_death_02.png[39m[0m
[  66% ] [90m[1mreimport[22m | ally_homunculus_death_03.png[39m[0m
[  66% ] [90m[1mreimport[22m | ally_homunculus_death_04.png[39m[0m
[  66% ] [90m[1mreimport[22m | ally_homunculus_death_05.png[39m[0m
[  66% ] [90m[1mreimport[22m | ally_homunculus_death_row.png[39m[0m
[  66% ] [90m[1mreimport[22m | ally_homunculus_move_00.png[39m[0m
[  66% ] [90m[1mreimport[22m | ally_homunculus_move_00.png[39m[0m
[  66% ] [90m[1mreimport[22m | ally_homunculus_move_01.png[39m[0m
[  66% ] [90m[1mreimport[22m | ally_homunculus_move_02.png[39m[0m
[  66% ] [90m[1mreimport[22m | ui_backdrop_arcane_lab.png[39m[0m
[  66% ] [90m[1mreimport[22m | ui_backdrop_defeat_crypt.png[39m[0m
[  66% ] [90m[1mreimport[22m | ui_backdrop_merchant_archive.png[39m[0m
[  66% ] [90m[1mreimport[22m | ui_backdrop_rest_campfire.png[39m[0m
[  66% ] [90m[1mreimport[22m | ui_backdrop_reward_hall.png[39m[0m
[  66% ] [90m[1mreimport[22m | ui_backdrop_settings.png[39m[0m
[  66% ] [90m[1mreimport[22m | ui_backdrop_skill_tree.png[39m[0m
[  66% ] [90m[1mreimport[22m | ui_backdrop_system_cathedral.png[39m[0m
[  66% ] [90m[1mreimport[22m | ui_backdrop_system_cathedral.png[39m[0m
[  66% ] [90m[1mreimport[22m | ui_backdrop_victory.png[39m[0m
[  66% ] [90m[1mreimport[22m | field_ashen_rift.png[39m[0m
[  66% ] [90m[1mreimport[22m | field_cursed_grove.png[39m[0m
[  66% ] [90m[1mreimport[22m | field_dry_road.png[39m[0m
[  66% ] [90m[1mreimport[22m | field_dusty_badlands.png[39m[0m
[  66% ] [90m[1mreimport[22m | field_enchanted_meadow.png[39m[0m
[  66% ] [90m[1mreimport[22m | field_marsh.png[39m[0m
[  66% ] [90m[1mreimport[22m | field_meadow.png[39m[0m
[  66% ] [90m[1mreimport[22m | field_misty_marsh.png[39m[0m
[  66% ] [90m[1mreimport[22m | field_ruined_courtyard.png[39m[0m
[  66% ] [90m[1mreimport[22m | field_stone_garden.png[39m[0m
[  66% ] [90m[1mreimport[22m | main_menu_epic_battle_v3.png[39m[0m
[  66% ] [90m[1mreimport[22m | route_map_backdrop.png[39m[0m
[  66% ] [90m[1mreimport[22m | new_bosses_promo.png[39m[0m
[  66% ] [90m[1mreimport[22m | fantasydisk_steam_library_logo.png[39m[0m
[  66% ] [90m[1mreimport[22m | fantasydisk_steam_library_logo_preview.png[39m[0m
[  66% ] [90m[1mreimport[22m | ally_druid_wolf_attack_00.png[39m[0m
[  67% ] [90m[1mreimport[22m | ally_druid_wolf_attack_01.png[39m[0m
[  67% ] [90m[1mreimport[22m | ally_druid_wolf_attack_02.png[39m[0m
[  67% ] [90m[1mreimport[22m | ally_druid_wolf_attack_03.png[39m[0m
[  67% ] [90m[1mreimport[22m | ally_druid_wolf_attack_04.png[39m[0m
[  67% ] [90m[1mreimport[22m | ally_druid_wolf_attack_05.png[39m[0m
[  67% ] [90m[1mreimport[22m | ally_druid_wolf_death_00.png[39m[0m
[  67% ] [90m[1mreimport[22m | ally_pack_spirit_attack_05.png[39m[0m
[  67% ] [90m[1mreimport[22m | ally_pack_spirit_death_00.png[39m[0m
[  67% ] [90m[1mreimport[22m | ally_pack_spirit_death_01.png[39m[0m
[  67% ] [90m[1mreimport[22m | ally_pack_spirit_death_02.png[39m[0m
[  67% ] [90m[1mreimport[22m | ally_pack_spirit_death_03.png[39m[0m
[  67% ] [90m[1mreimport[22m | ally_pack_spirit_death_04.png[39m[0m
[  67% ] [90m[1mreimport[22m | ally_pack_spirit_death_05.png[39m[0m
[  67% ] [90m[1mreimport[22m | ally_pack_spirit_death_row.png[39m[0m
[  67% ] [90m[1mreimport[22m | ally_pack_spirit_move_00.png[39m[0m
[  67% ] [90m[1mreimport[22m | ally_pack_spirit_move_01.png[39m[0m
[  67% ] [90m[1mreimport[22m | ally_pack_spirit_move_02.png[39m[0m
[  67% ] [90m[1mreimport[22m | ally_pack_spirit_move_03.png[39m[0m
[  67% ] [90m[1mreimport[22m | ally_pack_spirit_move_04.png[39m[0m
[  67% ] [90m[1mreimport[22m | ally_pack_spirit_move_05.png[39m[0m
[  67% ] [90m[1mreimport[22m | ally_pack_spirit_move_06.png[39m[0m
[  67% ] [90m[1mreimport[22m | ally_pack_spirit_move_07.png[39m[0m
[  67% ] [90m[1mreimport[22m | ally_druid_beast.png[39m[0m
[  67% ] [90m[1mreimport[22m | ally_druid_pack_spirit.png[39m[0m
[  67% ] [90m[1mreimport[22m | ally_homunculus.png[39m[0m
[  67% ] [90m[1mreimport[22m | ally_leadership_echo.png[39m[0m
[  67% ] [90m[1mreimport[22m | deploy_raven_totem_field.png[39m[0m
[  67% ] [90m[1mreimport[22m | deploy_sound_amp_field.png[39m[0m
[  67% ] [90m[1mreimport[22m | disk_devourer_torso.png[39m[0m
[  67% ] [90m[1mreimport[22m | rift_warden_arm_l.png[39m[0m
[  67% ] [90m[1mreimport[22m | rift_warden_arm_r.png[39m[0m
[  67% ] [90m[1mreimport[22m | rift_warden_torso.png[39m[0m
[  67% ] [90m[1mreimport[22m | rift_warden_vortex.png[39m[0m
[  67% ] [90m[1mreimport[22m | ashen_colossus_attack_primary_00.png[39m[0m
[  67% ] [90m[1mreimport[22m | ashen_colossus_attack_primary_01.png[39m[0m
[  67% ] [90m[1mreimport[22m | ashen_colossus_attack_primary_02.png[39m[0m
[  67% ] [90m[1mreimport[22m | ashen_colossus_attack_primary_03.png[39m[0m
[  67% ] [90m[1mreimport[22m | ally_homunculus_move_03.png[39m[0m
[  67% ] [90m[1mreimport[22m | ally_homunculus_move_04.png[39m[0m
[  67% ] [90m[1mreimport[22m | ally_homunculus_move_05.png[39m[0m
[  68% ] [90m[1mreimport[22m | ally_homunculus_move_06.png[39m[0m
[  68% ] [90m[1mreimport[22m | ally_homunculus_move_07.png[39m[0m
[  68% ] [90m[1mreimport[22m | ally_leadership_echo_attack_00.png[39m[0m
[  68% ] [90m[1mreimport[22m | ally_leadership_echo_attack_01.png[39m[0m
[  68% ] [90m[1mreimport[22m | ally_leadership_echo_attack_02.png[39m[0m
[  68% ] [90m[1mreimport[22m | ally_leadership_echo_attack_03.png[39m[0m
[  68% ] [90m[1mreimport[22m | ally_leadership_echo_attack_04.png[39m[0m
[  68% ] [90m[1mreimport[22m | ally_leadership_echo_attack_05.png[39m[0m
[  68% ] [90m[1mreimport[22m | ally_leadership_echo_death_00.png[39m[0m
[  68% ] [90m[1mreimport[22m | ally_leadership_echo_death_01.png[39m[0m
[  68% ] [90m[1mreimport[22m | ally_leadership_echo_death_02.png[39m[0m
[  68% ] [90m[1mreimport[22m | ally_leadership_echo_death_03.png[39m[0m
[  68% ] [90m[1mreimport[22m | ally_leadership_echo_death_04.png[39m[0m
[  68% ] [90m[1mreimport[22m | ally_leadership_echo_death_05.png[39m[0m
[  68% ] [90m[1mreimport[22m | ally_leadership_echo_death_row.png[39m[0m
[  68% ] [90m[1mreimport[22m | ally_leadership_echo_move_00.png[39m[0m
[  68% ] [90m[1mreimport[22m | ally_leadership_echo_move_01.png[39m[0m
[  68% ] [90m[1mreimport[22m | ally_leadership_echo_move_02.png[39m[0m
[  68% ] [90m[1mreimport[22m | ally_leadership_echo_move_03.png[39m[0m
[  68% ] [90m[1mreimport[22m | ally_leadership_echo_move_04.png[39m[0m
[  68% ] [90m[1mreimport[22m | ally_leadership_echo_move_05.png[39m[0m
[  68% ] [90m[1mreimport[22m | ally_leadership_echo_move_06.png[39m[0m
[  68% ] [90m[1mreimport[22m | ally_leadership_echo_move_07.png[39m[0m
[  68% ] [90m[1mreimport[22m | ally_pack_spirit_attack_00.png[39m[0m
[  68% ] [90m[1mreimport[22m | ally_pack_spirit_attack_01.png[39m[0m
[  68% ] [90m[1mreimport[22m | ally_pack_spirit_attack_02.png[39m[0m
[  68% ] [90m[1mreimport[22m | ally_pack_spirit_attack_03.png[39m[0m
[  68% ] [90m[1mreimport[22m | ally_pack_spirit_attack_04.png[39m[0m
[  68% ] [90m[1mreimport[22m | doctor_leg_l.png[39m[0m
[  68% ] [90m[1mreimport[22m | doctor_leg_r.png[39m[0m
[  68% ] [90m[1mreimport[22m | doctor_torso.png[39m[0m
[  68% ] [90m[1mreimport[22m | druid_arm_l.png[39m[0m
[  68% ] [90m[1mreimport[22m | druid_arm_r.png[39m[0m
[  68% ] [90m[1mreimport[22m | druid_leg_l.png[39m[0m
[  68% ] [90m[1mreimport[22m | druid_leg_r.png[39m[0m
[  68% ] [90m[1mreimport[22m | druid_torso.png[39m[0m
[  68% ] [90m[1mreimport[22m | elementalist_arm_l.png[39m[0m
[  68% ] [90m[1mreimport[22m | elementalist_arm_r.png[39m[0m
[  68% ] [90m[1mreimport[22m | elementalist_leg_l.png[39m[0m
[  69% ] [90m[1mreimport[22m | elementalist_leg_r.png[39m[0m
[  69% ] [90m[1mreimport[22m | elementalist_torso.png[39m[0m
[  69% ] [90m[1mreimport[22m | engineer_arm_l.png[39m[0m
[  69% ] [90m[1mreimport[22m | engineer_arm_r.png[39m[0m
[  69% ] [90m[1mreimport[22m | engineer_leg_l.png[39m[0m
[  69% ] [90m[1mreimport[22m | engineer_leg_r.png[39m[0m
[  69% ] [90m[1mreimport[22m | engineer_torso.png[39m[0m
[  69% ] [90m[1mreimport[22m | guitarist_arm_l.png[39m[0m
[  69% ] [90m[1mreimport[22m | guitarist_arm_r.png[39m[0m
[  69% ] [90m[1mreimport[22m | guitarist_leg_l.png[39m[0m
[  69% ] [90m[1mreimport[22m | guitarist_leg_r.png[39m[0m
[  69% ] [90m[1mreimport[22m | guitarist_torso.png[39m[0m
[  69% ] [90m[1mreimport[22m | knight_arm_l.png[39m[0m
[  69% ] [90m[1mreimport[22m | knight_arm_r.png[39m[0m
[  69% ] [90m[1mreimport[22m | knight_leg_l.png[39m[0m
[  69% ] [90m[1mreimport[22m | knight_leg_r.png[39m[0m
[  69% ] [90m[1mreimport[22m | knight_torso.png[39m[0m
[  69% ] [90m[1mreimport[22m | priest_arm_l.png[39m[0m
[  69% ] [90m[1mreimport[22m | priest_arm_r.png[39m[0m
[  69% ] [90m[1mreimport[22m | berserk_v2_sheet_source_handoff.png[39m[0m
[  69% ] [90m[1mreimport[22m | berserk_v2_source_clean.png[39m[0m
[  69% ] [90m[1mreimport[22m | dark_mage_cartoon2_anim_sheet.png[39m[0m
[  69% ] [90m[1mreimport[22m | knight_cartoon2_anim_sheet.png[39m[0m
[  69% ] [90m[1mreimport[22m | assassin_arm_l.png[39m[0m
[  69% ] [90m[1mreimport[22m | assassin_arm_r.png[39m[0m
[  69% ] [90m[1mreimport[22m | assassin_leg_l.png[39m[0m
[  69% ] [90m[1mreimport[22m | assassin_leg_r.png[39m[0m
[  69% ] [90m[1mreimport[22m | assassin_torso.png[39m[0m
[  69% ] [90m[1mreimport[22m | berserk_arm_l.png[39m[0m
[  69% ] [90m[1mreimport[22m | berserk_arm_r.png[39m[0m
[  69% ] [90m[1mreimport[22m | berserk_leg_l.png[39m[0m
[  69% ] [90m[1mreimport[22m | berserk_leg_r.png[39m[0m
[  69% ] [90m[1mreimport[22m | berserk_torso.png[39m[0m
[  69% ] [90m[1mreimport[22m | biologist_arm_l.png[39m[0m
[  69% ] [90m[1mreimport[22m | biologist_arm_r.png[39m[0m
[  69% ] [90m[1mreimport[22m | biologist_leg_l.png[39m[0m
[  69% ] [90m[1mreimport[22m | biologist_leg_r.png[39m[0m
[  69% ] [90m[1mreimport[22m | biologist_torso.png[39m[0m
[  69% ] [90m[1mreimport[22m | chemist_arm_l.png[39m[0m
[  69% ] [90m[1mreimport[22m | chemist_arm_r.png[39m[0m
[  70% ] [90m[1mreimport[22m | chemist_leg_l.png[39m[0m
[  70% ] [90m[1mreimport[22m | chemist_leg_r.png[39m[0m
[  70% ] [90m[1mreimport[22m | chemist_torso.png[39m[0m
[  70% ] [90m[1mreimport[22m | dark_mage_arm_l.png[39m[0m
[  70% ] [90m[1mreimport[22m | dark_mage_arm_r.png[39m[0m
[  70% ] [90m[1mreimport[22m | dark_mage_leg_l.png[39m[0m
[  70% ] [90m[1mreimport[22m | dark_mage_leg_r.png[39m[0m
[  70% ] [90m[1mreimport[22m | dark_mage_torso.png[39m[0m
[  70% ] [90m[1mreimport[22m | doctor_arm_l.png[39m[0m
[  70% ] [90m[1mreimport[22m | doctor_arm_r.png[39m[0m
[  70% ] [90m[1mreimport[22m | assassin_attack_primary_03.png[39m[0m
[  70% ] [90m[1mreimport[22m | assassin_attack_primary_04.png[39m[0m
[  70% ] [90m[1mreimport[22m | assassin_idle_00.png[39m[0m
[  70% ] [90m[1mreimport[22m | assassin_idle_01.png[39m[0m
[  70% ] [90m[1mreimport[22m | assassin_idle_02.png[39m[0m
[  70% ] [90m[1mreimport[22m | assassin_idle_03.png[39m[0m
[  70% ] [90m[1mreimport[22m | assassin_idle_04.png[39m[0m
[  70% ] [90m[1mreimport[22m | assassin_walk_00.png[39m[0m
[  70% ] [90m[1mreimport[22m | assassin_walk_01.png[39m[0m
[  70% ] [90m[1mreimport[22m | assassin_walk_02.png[39m[0m
[  70% ] [90m[1mreimport[22m | assassin_walk_03.png[39m[0m
[  70% ] [90m[1mreimport[22m | assassin_walk_04.png[39m[0m
[  70% ] [90m[1mreimport[22m | berserk_attack_primary_00.png[39m[0m
[  70% ] [90m[1mreimport[22m | berserk_attack_primary_01.png[39m[0m
[  70% ] [90m[1mreimport[22m | berserk_attack_primary_02.png[39m[0m
[  70% ] [90m[1mreimport[22m | berserk_attack_primary_03.png[39m[0m
[  70% ] [90m[1mreimport[22m | berserk_attack_primary_04.png[39m[0m
[  70% ] [90m[1mreimport[22m | berserk_idle_00.png[39m[0m
[  70% ] [90m[1mreimport[22m | berserk_idle_01.png[39m[0m
[  70% ] [90m[1mreimport[22m | berserk_idle_02.png[39m[0m
[  70% ] [90m[1mreimport[22m | berserk_idle_03.png[39m[0m
[  70% ] [90m[1mreimport[22m | berserk_idle_04.png[39m[0m
[  70% ] [90m[1mreimport[22m | berserk_walk_00.png[39m[0m
[  70% ] [90m[1mreimport[22m | berserk_walk_01.png[39m[0m
[  70% ] [90m[1mreimport[22m | berserk_walk_02.png[39m[0m
[  70% ] [90m[1mreimport[22m | berserk_walk_03.png[39m[0m
[  70% ] [90m[1mreimport[22m | berserk_walk_04.png[39m[0m
[  70% ] [90m[1mreimport[22m | berserk_idle_east.png[39m[0m
[  70% ] [90m[1mreimport[22m | berserk_idle_north-east.png[39m[0m
[  70% ] [90m[1mreimport[22m | berserk_idle_north-west.png[39m[0m
[  71% ] [90m[1mreimport[22m | berserk_idle_north.png[39m[0m
[  71% ] [90m[1mreimport[22m | priest_leg_l.png[39m[0m
[  71% ] [90m[1mreimport[22m | priest_leg_r.png[39m[0m
[  71% ] [90m[1mreimport[22m | priest_torso.png[39m[0m
[  71% ] [90m[1mreimport[22m | ranger_arm_l.png[39m[0m
[  71% ] [90m[1mreimport[22m | ranger_arm_r.png[39m[0m
[  71% ] [90m[1mreimport[22m | ranger_leg_l.png[39m[0m
[  71% ] [90m[1mreimport[22m | ranger_leg_r.png[39m[0m
[  71% ] [90m[1mreimport[22m | ranger_torso.png[39m[0m
[  71% ] [90m[1mreimport[22m | robot_arm_l.png[39m[0m
[  71% ] [90m[1mreimport[22m | robot_arm_r.png[39m[0m
[  71% ] [90m[1mreimport[22m | robot_leg_l.png[39m[0m
[  71% ] [90m[1mreimport[22m | robot_leg_r.png[39m[0m
[  71% ] [90m[1mreimport[22m | robot_torso.png[39m[0m
[  71% ] [90m[1mreimport[22m | sniper_arm_l.png[39m[0m
[  71% ] [90m[1mreimport[22m | sniper_arm_r.png[39m[0m
[  71% ] [90m[1mreimport[22m | sniper_leg_l.png[39m[0m
[  71% ] [90m[1mreimport[22m | sniper_leg_r.png[39m[0m
[  71% ] [90m[1mreimport[22m | sniper_torso.png[39m[0m
[  71% ] [90m[1mreimport[22m | soldier_arm_l.png[39m[0m
[  71% ] [90m[1mreimport[22m | soldier_arm_r.png[39m[0m
[  71% ] [90m[1mreimport[22m | soldier_leg_l.png[39m[0m
[  71% ] [90m[1mreimport[22m | soldier_leg_r.png[39m[0m
[  71% ] [90m[1mreimport[22m | soldier_torso.png[39m[0m
[  71% ] [90m[1mreimport[22m | thief_arm_l.png[39m[0m
[  71% ] [90m[1mreimport[22m | thief_arm_r.png[39m[0m
[  71% ] [90m[1mreimport[22m | thief_leg_l.png[39m[0m
[  71% ] [90m[1mreimport[22m | thief_leg_r.png[39m[0m
[  71% ] [90m[1mreimport[22m | thief_torso.png[39m[0m
[  71% ] [90m[1mreimport[22m | assassin_attack_primary_00.png[39m[0m
[  71% ] [90m[1mreimport[22m | assassin_attack_primary_01.png[39m[0m
[  71% ] [90m[1mreimport[22m | assassin_attack_primary_02.png[39m[0m
[  71% ] [90m[1mreimport[22m | secret_ascension_boss_attack_primary_03.png[39m[0m
[  71% ] [90m[1mreimport[22m | secret_ascension_boss_attack_primary_04.png[39m[0m
[  71% ] [90m[1mreimport[22m | secret_ascension_boss_attack_primary_05.png[39m[0m
[  71% ] [90m[1mreimport[22m | secret_ascension_boss_attack_primary_release_00.png[39m[0m
[  71% ] [90m[1mreimport[22m | secret_ascension_boss_attack_primary_release_01.png[39m[0m
[  71% ] [90m[1mreimport[22m | secret_ascension_boss_attack_primary_release_02.png[39m[0m
[  71% ] [90m[1mreimport[22m | secret_ascension_boss_attack_primary_release_03.png[39m[0m
[  72% ] [90m[1mreimport[22m | secret_ascension_boss_attack_primary_release_04.png[39m[0m
[  72% ] [90m[1mreimport[22m | secret_ascension_boss_attack_primary_release_05.png[39m[0m
[  72% ] [90m[1mreimport[22m | secret_ascension_boss_attack_primary_windup_00.png[39m[0m
[  72% ] [90m[1mreimport[22m | secret_ascension_boss_attack_primary_windup_01.png[39m[0m
[  72% ] [90m[1mreimport[22m | secret_ascension_boss_attack_primary_windup_02.png[39m[0m
[  72% ] [90m[1mreimport[22m | secret_ascension_boss_attack_primary_windup_03.png[39m[0m
[  72% ] [90m[1mreimport[22m | secret_ascension_boss_attack_primary_windup_04.png[39m[0m
[  72% ] [90m[1mreimport[22m | secret_ascension_boss_attack_primary_windup_05.png[39m[0m
[  72% ] [90m[1mreimport[22m | secret_ascension_boss_death_00.png[39m[0m
[  72% ] [90m[1mreimport[22m | secret_ascension_boss_death_01.png[39m[0m
[  72% ] [90m[1mreimport[22m | secret_ascension_boss_death_02.png[39m[0m
[  72% ] [90m[1mreimport[22m | secret_ascension_boss_death_03.png[39m[0m
[  72% ] [90m[1mreimport[22m | secret_ascension_boss_death_04.png[39m[0m
[  72% ] [90m[1mreimport[22m | secret_ascension_boss_death_05.png[39m[0m
[  72% ] [90m[1mreimport[22m | secret_ascension_boss_hit_00.png[39m[0m
[  72% ] [90m[1mreimport[22m | secret_ascension_boss_hit_01.png[39m[0m
[  72% ] [90m[1mreimport[22m | secret_ascension_boss_hit_02.png[39m[0m
[  72% ] [90m[1mreimport[22m | secret_ascension_boss_hit_03.png[39m[0m
[  72% ] [90m[1mreimport[22m | secret_ascension_boss_hit_04.png[39m[0m
[  72% ] [90m[1mreimport[22m | secret_ascension_boss_hit_05.png[39m[0m
[  72% ] [90m[1mreimport[22m | secret_ascension_boss_move_00.png[39m[0m
[  72% ] [90m[1mreimport[22m | secret_ascension_boss_move_01.png[39m[0m
[  72% ] [90m[1mreimport[22m | secret_ascension_boss_move_02.png[39m[0m
[  72% ] [90m[1mreimport[22m | rift_warden_attack_primary_03.png[39m[0m
[  72% ] [90m[1mreimport[22m | rift_warden_attack_primary_04.png[39m[0m
[  72% ] [90m[1mreimport[22m | rift_warden_attack_primary_05.png[39m[0m
[  72% ] [90m[1mreimport[22m | rift_warden_death_00.png[39m[0m
[  72% ] [90m[1mreimport[22m | rift_warden_death_01.png[39m[0m
[  72% ] [90m[1mreimport[22m | rift_warden_death_02.png[39m[0m
[  72% ] [90m[1mreimport[22m | rift_warden_death_03.png[39m[0m
[  72% ] [90m[1mreimport[22m | rift_warden_death_04.png[39m[0m
[  72% ] [90m[1mreimport[22m | rift_warden_death_05.png[39m[0m
[  72% ] [90m[1mreimport[22m | rift_warden_death_row.png[39m[0m
[  72% ] [90m[1mreimport[22m | rift_warden_move_00.png[39m[0m
[  72% ] [90m[1mreimport[22m | rift_warden_move_01.png[39m[0m
[  72% ] [90m[1mreimport[22m | rift_warden_move_02.png[39m[0m
[  72% ] [90m[1mreimport[22m | rift_warden_move_03.png[39m[0m
[  72% ] [90m[1mreimport[22m | rift_warden_move_04.png[39m[0m
[  72% ] [90m[1mreimport[22m | rift_warden_move_05.png[39m[0m
[  72% ] [90m[1mreimport[22m | rift_warden_skill_gravity_well_00.png[39m[0m
[  73% ] [90m[1mreimport[22m | rift_warden_skill_gravity_well_01.png[39m[0m
[  73% ] [90m[1mreimport[22m | rift_warden_skill_gravity_well_02.png[39m[0m
[  73% ] [90m[1mreimport[22m | rift_warden_skill_gravity_well_03.png[39m[0m
[  73% ] [90m[1mreimport[22m | rift_warden_skill_gravity_well_04.png[39m[0m
[  73% ] [90m[1mreimport[22m | rift_warden_skill_gravity_well_05.png[39m[0m
[  73% ] [90m[1mreimport[22m | rift_warden_skill_rift_zone_00.png[39m[0m
[  73% ] [90m[1mreimport[22m | rift_warden_skill_rift_zone_01.png[39m[0m
[  73% ] [90m[1mreimport[22m | rift_warden_skill_rift_zone_02.png[39m[0m
[  73% ] [90m[1mreimport[22m | rift_warden_skill_rift_zone_03.png[39m[0m
[  73% ] [90m[1mreimport[22m | rift_warden_skill_rift_zone_04.png[39m[0m
[  73% ] [90m[1mreimport[22m | rift_warden_skill_rift_zone_05.png[39m[0m
[  73% ] [90m[1mreimport[22m | secret_ascension_boss_attack_primary_00.png[39m[0m
[  73% ] [90m[1mreimport[22m | secret_ascension_boss_attack_primary_01.png[39m[0m
[  73% ] [90m[1mreimport[22m | secret_ascension_boss_attack_primary_02.png[39m[0m
[  73% ] [90m[1mreimport[22m | rift_warden_full_frame_sheet.png[39m[0m
[  73% ] [90m[1mreimport[22m | secret_ascension_boss_full_frame_sheet.png[39m[0m
[  73% ] [90m[1mreimport[22m | ashen_colossus_pixellab_alpha.png[39m[0m
[  73% ] [90m[1mreimport[22m | bloodthorn_lion_pixellab_alpha.png[39m[0m
[  73% ] [90m[1mreimport[22m | bloodthorn_lion_pixellab_south.png[39m[0m
[  73% ] [90m[1mreimport[22m | bone_archon_pixellab_alpha.png[39m[0m
[  73% ] [90m[1mreimport[22m | brood_mother_pixellab_alpha.png[39m[0m
[  73% ] [90m[1mreimport[22m | disk_devourer_pixellab_alpha.png[39m[0m
[  73% ] [90m[1mreimport[22m | rift_warden_pixellab_south.png[39m[0m
[  73% ] [90m[1mreimport[22m | secret_ascension_boss_pixellab_alpha.png[39m[0m
[  73% ] [90m[1mreimport[22m | skeletal_dragon_pixellab_alpha.png[39m[0m
[  73% ] [90m[1mreimport[22m | boss_ashen_colossus.png[39m[0m
[  73% ] [90m[1mreimport[22m | boss_bloodthorn_lion.png[39m[0m
[  73% ] [90m[1mreimport[22m | boss_bone_archon.png[39m[0m
[  73% ] [90m[1mreimport[22m | boss_brood_mother.png[39m[0m
[  73% ] [90m[1mreimport[22m | boss_disk_devourer.png[39m[0m
[  73% ] [90m[1mreimport[22m | boss_rift_warden.png[39m[0m
[  73% ] [90m[1mreimport[22m | secret_ascension_boss.png[39m[0m
[  73% ] [90m[1mreimport[22m | berserk_v2_attack_primary_00.png[39m[0m
[  73% ] [90m[1mreimport[22m | berserk_v2_attack_primary_01.png[39m[0m
[  73% ] [90m[1mreimport[22m | berserk_v2_attack_primary_02.png[39m[0m
[  73% ] [90m[1mreimport[22m | berserk_v2_attack_primary_03.png[39m[0m
[  73% ] [90m[1mreimport[22m | berserk_v2_attack_primary_04.png[39m[0m
[  73% ] [90m[1mreimport[22m | berserk_v2_attack_primary_05.png[39m[0m
[  73% ] [90m[1mreimport[22m | berserk_v2_move_00.png[39m[0m
[  74% ] [90m[1mreimport[22m | berserk_v2_move_01.png[39m[0m
[  74% ] [90m[1mreimport[22m | berserk_v2_move_02.png[39m[0m
[  74% ] [90m[1mreimport[22m | berserk_v2_move_03.png[39m[0m
[  74% ] [90m[1mreimport[22m | berserk_v2_move_04.png[39m[0m
[  74% ] [90m[1mreimport[22m | berserk_v2_anim_sheet.png[39m[0m
[  74% ] [90m[1mreimport[22m | berserk_v2_idle_cell_512.png[39m[0m
[  74% ] [90m[1mreimport[22m | secret_ascension_boss_move_03.png[39m[0m
[  74% ] [90m[1mreimport[22m | secret_ascension_boss_move_04.png[39m[0m
[  74% ] [90m[1mreimport[22m | secret_ascension_boss_move_05.png[39m[0m
[  74% ] [90m[1mreimport[22m | secret_ascension_boss_skill_beam_00.png[39m[0m
[  74% ] [90m[1mreimport[22m | secret_ascension_boss_skill_beam_01.png[39m[0m
[  74% ] [90m[1mreimport[22m | secret_ascension_boss_skill_beam_02.png[39m[0m
[  74% ] [90m[1mreimport[22m | secret_ascension_boss_skill_beam_03.png[39m[0m
[  74% ] [90m[1mreimport[22m | secret_ascension_boss_skill_beam_04.png[39m[0m
[  74% ] [90m[1mreimport[22m | secret_ascension_boss_skill_beam_05.png[39m[0m
[  74% ] [90m[1mreimport[22m | secret_ascension_boss_skill_cone_00.png[39m[0m
[  74% ] [90m[1mreimport[22m | secret_ascension_boss_skill_cone_01.png[39m[0m
[  74% ] [90m[1mreimport[22m | secret_ascension_boss_skill_cone_02.png[39m[0m
[  74% ] [90m[1mreimport[22m | secret_ascension_boss_skill_cone_03.png[39m[0m
[  74% ] [90m[1mreimport[22m | secret_ascension_boss_skill_cone_04.png[39m[0m
[  74% ] [90m[1mreimport[22m | secret_ascension_boss_skill_cone_05.png[39m[0m
[  74% ] [90m[1mreimport[22m | secret_ascension_boss_skill_ring_00.png[39m[0m
[  74% ] [90m[1mreimport[22m | secret_ascension_boss_skill_ring_01.png[39m[0m
[  74% ] [90m[1mreimport[22m | secret_ascension_boss_skill_ring_02.png[39m[0m
[  74% ] [90m[1mreimport[22m | secret_ascension_boss_skill_ring_03.png[39m[0m
[  74% ] [90m[1mreimport[22m | secret_ascension_boss_skill_ring_04.png[39m[0m
[  74% ] [90m[1mreimport[22m | secret_ascension_boss_skill_ring_05.png[39m[0m
[  74% ] [90m[1mreimport[22m | secret_ascension_boss_skill_rupture_00.png[39m[0m
[  74% ] [90m[1mreimport[22m | secret_ascension_boss_skill_rupture_01.png[39m[0m
[  74% ] [90m[1mreimport[22m | secret_ascension_boss_skill_rupture_02.png[39m[0m
[  74% ] [90m[1mreimport[22m | secret_ascension_boss_skill_rupture_03.png[39m[0m
[  74% ] [90m[1mreimport[22m | secret_ascension_boss_skill_rupture_04.png[39m[0m
[  74% ] [90m[1mreimport[22m | secret_ascension_boss_skill_rupture_05.png[39m[0m
[  74% ] [90m[1mreimport[22m | ashen_colossus_full_frame_sheet.png[39m[0m
[  74% ] [90m[1mreimport[22m | bone_archon_full_frame_sheet.png[39m[0m
[  74% ] [90m[1mreimport[22m | brood_mother_full_frame_sheet.png[39m[0m
[  74% ] [90m[1mreimport[22m | disk_devourer_full_frame_sheet.png[39m[0m
[  74% ] [90m[1mreimport[22m | mini_shadow_devourer_attack_primary_00.png[39m[0m
[  74% ] [90m[1mreimport[22m | mini_shadow_devourer_attack_primary_01.png[39m[0m
[  74% ] [90m[1mreimport[22m | mini_shadow_devourer_attack_primary_02.png[39m[0m
[  75% ] [90m[1mreimport[22m | mini_shadow_devourer_attack_primary_03.png[39m[0m
[  75% ] [90m[1mreimport[22m | mini_shadow_devourer_attack_primary_04.png[39m[0m
[  75% ] [90m[1mreimport[22m | mini_shadow_devourer_attack_primary_05.png[39m[0m
[  75% ] [90m[1mreimport[22m | mini_shadow_devourer_death_00.png[39m[0m
[  75% ] [90m[1mreimport[22m | mini_shadow_devourer_death_01.png[39m[0m
[  75% ] [90m[1mreimport[22m | mini_shadow_devourer_death_02.png[39m[0m
[  75% ] [90m[1mreimport[22m | mini_shadow_devourer_death_03.png[39m[0m
[  75% ] [90m[1mreimport[22m | mini_shadow_devourer_death_04.png[39m[0m
[  75% ] [90m[1mreimport[22m | mini_shadow_devourer_death_05.png[39m[0m
[  75% ] [90m[1mreimport[22m | mini_shadow_devourer_death_row.png[39m[0m
[  75% ] [90m[1mreimport[22m | mini_shadow_devourer_move_00.png[39m[0m
[  75% ] [90m[1mreimport[22m | mini_shadow_devourer_move_01.png[39m[0m
[  75% ] [90m[1mreimport[22m | mini_shadow_devourer_move_02.png[39m[0m
[  75% ] [90m[1mreimport[22m | mini_shadow_devourer_move_03.png[39m[0m
[  75% ] [90m[1mreimport[22m | mini_shadow_devourer_move_04.png[39m[0m
[  75% ] [90m[1mreimport[22m | mini_shadow_devourer_move_05.png[39m[0m
[  75% ] [90m[1mreimport[22m | mini_shadow_devourer_skill_devour_bite_00.png[39m[0m
[  75% ] [90m[1mreimport[22m | mini_shadow_devourer_skill_devour_bite_01.png[39m[0m
[  75% ] [90m[1mreimport[22m | mini_shadow_devourer_skill_devour_bite_02.png[39m[0m
[  75% ] [90m[1mreimport[22m | mini_shadow_devourer_skill_devour_bite_03.png[39m[0m
[  75% ] [90m[1mreimport[22m | mini_shadow_devourer_skill_devour_bite_04.png[39m[0m
[  75% ] [90m[1mreimport[22m | mini_shadow_devourer_skill_devour_bite_05.png[39m[0m
[  75% ] [90m[1mreimport[22m | mini_shadow_devourer_skill_shadow_blink_00.png[39m[0m
[  75% ] [90m[1mreimport[22m | mini_shadow_devourer_skill_shadow_blink_01.png[39m[0m
[  75% ] [90m[1mreimport[22m | mini_shadow_devourer_skill_shadow_blink_02.png[39m[0m
[  75% ] [90m[1mreimport[22m | mini_shadow_devourer_skill_shadow_blink_03.png[39m[0m
[  75% ] [90m[1mreimport[22m | mini_shadow_devourer_skill_shadow_blink_04.png[39m[0m
[  75% ] [90m[1mreimport[22m | mini_scavenger_reaper_attack_primary_00.png[39m[0m
[  75% ] [90m[1mreimport[22m | mini_scavenger_reaper_attack_primary_01.png[39m[0m
[  75% ] [90m[1mreimport[22m | mini_scavenger_reaper_attack_primary_02.png[39m[0m
[  75% ] [90m[1mreimport[22m | mini_scavenger_reaper_attack_primary_03.png[39m[0m
[  75% ] [90m[1mreimport[22m | mini_scavenger_reaper_attack_primary_04.png[39m[0m
[  75% ] [90m[1mreimport[22m | mini_scavenger_reaper_attack_primary_05.png[39m[0m
[  75% ] [90m[1mreimport[22m | mini_scavenger_reaper_death_00.png[39m[0m
[  75% ] [90m[1mreimport[22m | mini_scavenger_reaper_death_01.png[39m[0m
[  75% ] [90m[1mreimport[22m | mini_scavenger_reaper_death_02.png[39m[0m
[  75% ] [90m[1mreimport[22m | mini_scavenger_reaper_death_03.png[39m[0m
[  75% ] [90m[1mreimport[22m | mini_scavenger_reaper_death_04.png[39m[0m
[  75% ] [90m[1mreimport[22m | mini_scavenger_reaper_death_05.png[39m[0m
[  76% ] [90m[1mreimport[22m | mini_scavenger_reaper_death_row.png[39m[0m
[  76% ] [90m[1mreimport[22m | mini_scavenger_reaper_move_00.png[39m[0m
[  76% ] [90m[1mreimport[22m | mini_scavenger_reaper_move_01.png[39m[0m
[  76% ] [90m[1mreimport[22m | mini_scavenger_reaper_move_02.png[39m[0m
[  76% ] [90m[1mreimport[22m | mini_scavenger_reaper_move_03.png[39m[0m
[  76% ] [90m[1mreimport[22m | mini_scavenger_reaper_move_04.png[39m[0m
[  76% ] [90m[1mreimport[22m | mini_scavenger_reaper_move_05.png[39m[0m
[  76% ] [90m[1mreimport[22m | mini_scavenger_reaper_skill_bleed_finish_00.png[39m[0m
[  76% ] [90m[1mreimport[22m | mini_scavenger_reaper_skill_bleed_finish_01.png[39m[0m
[  76% ] [90m[1mreimport[22m | mini_scavenger_reaper_skill_bleed_finish_02.png[39m[0m
[  76% ] [90m[1mreimport[22m | mini_scavenger_reaper_skill_bleed_finish_03.png[39m[0m
[  76% ] [90m[1mreimport[22m | mini_scavenger_reaper_skill_bleed_finish_04.png[39m[0m
[  76% ] [90m[1mreimport[22m | mini_scavenger_reaper_skill_bleed_finish_05.png[39m[0m
[  76% ] [90m[1mreimport[22m | mini_scavenger_reaper_skill_reaping_dash_00.png[39m[0m
[  76% ] [90m[1mreimport[22m | mini_scavenger_reaper_skill_reaping_dash_01.png[39m[0m
[  76% ] [90m[1mreimport[22m | mini_scavenger_reaper_skill_reaping_dash_02.png[39m[0m
[  76% ] [90m[1mreimport[22m | mini_scavenger_reaper_skill_reaping_dash_03.png[39m[0m
[  76% ] [90m[1mreimport[22m | mini_scavenger_reaper_skill_reaping_dash_04.png[39m[0m
[  76% ] [90m[1mreimport[22m | mini_scavenger_reaper_skill_reaping_dash_05.png[39m[0m
[  76% ] [90m[1mreimport[22m | mini_spark_wight_skill_static_field_05.png[39m[0m
[  76% ] [90m[1mreimport[22m | night_stalker_attack_primary_00.png[39m[0m
[  76% ] [90m[1mreimport[22m | night_stalker_attack_primary_01.png[39m[0m
[  76% ] [90m[1mreimport[22m | night_stalker_attack_primary_02.png[39m[0m
[  76% ] [90m[1mreimport[22m | night_stalker_attack_primary_03.png[39m[0m
[  76% ] [90m[1mreimport[22m | night_stalker_attack_primary_04.png[39m[0m
[  76% ] [90m[1mreimport[22m | night_stalker_attack_primary_05.png[39m[0m
[  76% ] [90m[1mreimport[22m | night_stalker_death_00.png[39m[0m
[  76% ] [90m[1mreimport[22m | night_stalker_death_01.png[39m[0m
[  76% ] [90m[1mreimport[22m | night_stalker_death_02.png[39m[0m
[  76% ] [90m[1mreimport[22m | night_stalker_death_03.png[39m[0m
[  76% ] [90m[1mreimport[22m | night_stalker_death_04.png[39m[0m
[  76% ] [90m[1mreimport[22m | night_stalker_death_05.png[39m[0m
[  76% ] [90m[1mreimport[22m | night_stalker_death_row.png[39m[0m
[  76% ] [90m[1mreimport[22m | night_stalker_move_00.png[39m[0m
[  76% ] [90m[1mreimport[22m | night_stalker_move_01.png[39m[0m
[  76% ] [90m[1mreimport[22m | night_stalker_move_02.png[39m[0m
[  76% ] [90m[1mreimport[22m | night_stalker_move_03.png[39m[0m
[  76% ] [90m[1mreimport[22m | night_stalker_move_04.png[39m[0m
[  76% ] [90m[1mreimport[22m | night_stalker_move_05.png[39m[0m
[  76% ] [90m[1mreimport[22m | night_stalker_skill_phase_dash_00.png[39m[0m
[  77% ] [90m[1mreimport[22m | night_stalker_skill_phase_dash_01.png[39m[0m
[  77% ] [90m[1mreimport[22m | night_stalker_skill_phase_dash_02.png[39m[0m
[  77% ] [90m[1mreimport[22m | night_stalker_skill_phase_dash_03.png[39m[0m
[  77% ] [90m[1mreimport[22m | night_stalker_skill_phase_dash_04.png[39m[0m
[  77% ] [90m[1mreimport[22m | night_stalker_skill_phase_dash_05.png[39m[0m
[  77% ] [90m[1mreimport[22m | night_stalker_skill_shadow_strike_00.png[39m[0m
[  77% ] [90m[1mreimport[22m | night_stalker_skill_shadow_strike_01.png[39m[0m
[  77% ] [90m[1mreimport[22m | night_stalker_skill_shadow_strike_02.png[39m[0m
[  77% ] [90m[1mreimport[22m | night_stalker_skill_shadow_strike_03.png[39m[0m
[  77% ] [90m[1mreimport[22m | night_stalker_skill_shadow_strike_04.png[39m[0m
[  77% ] [90m[1mreimport[22m | mini_shadow_devourer_skill_shadow_blink_05.png[39m[0m
[  77% ] [90m[1mreimport[22m | mini_spark_wight_attack_primary_00.png[39m[0m
[  77% ] [90m[1mreimport[22m | mini_spark_wight_attack_primary_01.png[39m[0m
[  77% ] [90m[1mreimport[22m | mini_spark_wight_attack_primary_02.png[39m[0m
[  77% ] [90m[1mreimport[22m | mini_spark_wight_attack_primary_03.png[39m[0m
[  77% ] [90m[1mreimport[22m | mini_spark_wight_attack_primary_04.png[39m[0m
[  77% ] [90m[1mreimport[22m | mini_spark_wight_attack_primary_05.png[39m[0m
[  77% ] [90m[1mreimport[22m | mini_spark_wight_death_00.png[39m[0m
[  77% ] [90m[1mreimport[22m | mini_spark_wight_death_01.png[39m[0m
[  77% ] [90m[1mreimport[22m | mini_spark_wight_death_02.png[39m[0m
[  77% ] [90m[1mreimport[22m | mini_spark_wight_death_03.png[39m[0m
[  77% ] [90m[1mreimport[22m | mini_spark_wight_death_04.png[39m[0m
[  77% ] [90m[1mreimport[22m | mini_spark_wight_death_05.png[39m[0m
[  77% ] [90m[1mreimport[22m | mini_spark_wight_death_row.png[39m[0m
[  77% ] [90m[1mreimport[22m | mini_spark_wight_move_00.png[39m[0m
[  77% ] [90m[1mreimport[22m | mini_spark_wight_move_01.png[39m[0m
[  77% ] [90m[1mreimport[22m | mini_spark_wight_move_02.png[39m[0m
[  77% ] [90m[1mreimport[22m | mini_spark_wight_move_03.png[39m[0m
[  77% ] [90m[1mreimport[22m | mini_spark_wight_move_04.png[39m[0m
[  77% ] [90m[1mreimport[22m | mini_spark_wight_move_05.png[39m[0m
[  77% ] [90m[1mreimport[22m | mini_spark_wight_skill_spark_fan_00.png[39m[0m
[  77% ] [90m[1mreimport[22m | mini_spark_wight_skill_spark_fan_01.png[39m[0m
[  77% ] [90m[1mreimport[22m | mini_spark_wight_skill_spark_fan_02.png[39m[0m
[  77% ] [90m[1mreimport[22m | mini_spark_wight_skill_spark_fan_03.png[39m[0m
[  77% ] [90m[1mreimport[22m | mini_spark_wight_skill_spark_fan_04.png[39m[0m
[  77% ] [90m[1mreimport[22m | mini_spark_wight_skill_spark_fan_05.png[39m[0m
[  77% ] [90m[1mreimport[22m | mini_spark_wight_skill_static_field_00.png[39m[0m
[  77% ] [90m[1mreimport[22m | mini_spark_wight_skill_static_field_01.png[39m[0m
[  77% ] [90m[1mreimport[22m | mini_spark_wight_skill_static_field_02.png[39m[0m
[  78% ] [90m[1mreimport[22m | mini_spark_wight_skill_static_field_03.png[39m[0m
[  78% ] [90m[1mreimport[22m | mini_spark_wight_skill_static_field_04.png[39m[0m
[  78% ] [90m[1mreimport[22m | mini_bone_warden_attack_primary_01.png[39m[0m
[  78% ] [90m[1mreimport[22m | mini_bone_warden_attack_primary_02.png[39m[0m
[  78% ] [90m[1mreimport[22m | mini_bone_warden_attack_primary_03.png[39m[0m
[  78% ] [90m[1mreimport[22m | mini_bone_warden_attack_primary_04.png[39m[0m
[  78% ] [90m[1mreimport[22m | mini_bone_warden_attack_primary_05.png[39m[0m
[  78% ] [90m[1mreimport[22m | mini_bone_warden_death_00.png[39m[0m
[  78% ] [90m[1mreimport[22m | mini_bone_warden_death_01.png[39m[0m
[  78% ] [90m[1mreimport[22m | mini_bone_warden_death_02.png[39m[0m
[  78% ] [90m[1mreimport[22m | mini_bone_warden_death_03.png[39m[0m
[  78% ] [90m[1mreimport[22m | mini_bone_warden_death_04.png[39m[0m
[  78% ] [90m[1mreimport[22m | mini_bone_warden_death_05.png[39m[0m
[  78% ] [90m[1mreimport[22m | mini_bone_warden_death_row.png[39m[0m
[  78% ] [90m[1mreimport[22m | mini_bone_warden_move_00.png[39m[0m
[  78% ] [90m[1mreimport[22m | mini_bone_warden_move_01.png[39m[0m
[  78% ] [90m[1mreimport[22m | mini_bone_warden_move_02.png[39m[0m
[  78% ] [90m[1mreimport[22m | mini_bone_warden_move_03.png[39m[0m
[  78% ] [90m[1mreimport[22m | mini_bone_warden_move_04.png[39m[0m
[  78% ] [90m[1mreimport[22m | mini_bone_warden_move_05.png[39m[0m
[  78% ] [90m[1mreimport[22m | mini_bone_warden_skill_bone_guard_00.png[39m[0m
[  78% ] [90m[1mreimport[22m | mini_bone_warden_skill_bone_guard_01.png[39m[0m
[  78% ] [90m[1mreimport[22m | mini_bone_warden_skill_bone_guard_02.png[39m[0m
[  78% ] [90m[1mreimport[22m | mini_bone_warden_skill_bone_guard_03.png[39m[0m
[  78% ] [90m[1mreimport[22m | mini_bone_warden_skill_bone_guard_04.png[39m[0m
[  78% ] [90m[1mreimport[22m | mini_bone_warden_skill_bone_guard_05.png[39m[0m
[  78% ] [90m[1mreimport[22m | mini_bone_warden_skill_slam_wave_00.png[39m[0m
[  78% ] [90m[1mreimport[22m | mini_bone_warden_skill_slam_wave_01.png[39m[0m
[  78% ] [90m[1mreimport[22m | mini_bone_warden_skill_slam_wave_02.png[39m[0m
[  78% ] [90m[1mreimport[22m | mini_bone_warden_skill_slam_wave_03.png[39m[0m
[  78% ] [90m[1mreimport[22m | mini_bone_warden_skill_slam_wave_04.png[39m[0m
[  78% ] [90m[1mreimport[22m | mini_bone_warden_skill_slam_wave_05.png[39m[0m
[  78% ] [90m[1mreimport[22m | iron_bastion_attack_primary_01.png[39m[0m
[  78% ] [90m[1mreimport[22m | iron_bastion_attack_primary_02.png[39m[0m
[  78% ] [90m[1mreimport[22m | iron_bastion_attack_primary_03.png[39m[0m
[  78% ] [90m[1mreimport[22m | iron_bastion_attack_primary_04.png[39m[0m
[  78% ] [90m[1mreimport[22m | iron_bastion_attack_primary_05.png[39m[0m
[  78% ] [90m[1mreimport[22m | iron_bastion_death_00.png[39m[0m
[  78% ] [90m[1mreimport[22m | iron_bastion_death_01.png[39m[0m
[  78% ] [90m[1mreimport[22m | iron_bastion_death_02.png[39m[0m
[  79% ] [90m[1mreimport[22m | iron_bastion_death_03.png[39m[0m
[  79% ] [90m[1mreimport[22m | iron_bastion_death_04.png[39m[0m
[  79% ] [90m[1mreimport[22m | iron_bastion_death_05.png[39m[0m
[  79% ] [90m[1mreimport[22m | iron_bastion_death_row.png[39m[0m
[  79% ] [90m[1mreimport[22m | iron_bastion_move_00.png[39m[0m
[  79% ] [90m[1mreimport[22m | iron_bastion_move_01.png[39m[0m
[  79% ] [90m[1mreimport[22m | iron_bastion_move_02.png[39m[0m
[  79% ] [90m[1mreimport[22m | iron_bastion_move_03.png[39m[0m
[  79% ] [90m[1mreimport[22m | iron_bastion_move_04.png[39m[0m
[  79% ] [90m[1mreimport[22m | iron_bastion_move_05.png[39m[0m
[  79% ] [90m[1mreimport[22m | iron_bastion_skill_shield_block_00.png[39m[0m
[  79% ] [90m[1mreimport[22m | iron_bastion_skill_shield_block_01.png[39m[0m
[  79% ] [90m[1mreimport[22m | iron_bastion_skill_shield_block_02.png[39m[0m
[  79% ] [90m[1mreimport[22m | iron_bastion_skill_shield_block_03.png[39m[0m
[  79% ] [90m[1mreimport[22m | iron_bastion_skill_shield_block_04.png[39m[0m
[  79% ] [90m[1mreimport[22m | iron_bastion_skill_shield_block_05.png[39m[0m
[  79% ] [90m[1mreimport[22m | iron_bastion_skill_slam_wave_00.png[39m[0m
[  79% ] [90m[1mreimport[22m | iron_bastion_skill_slam_wave_01.png[39m[0m
[  79% ] [90m[1mreimport[22m | iron_bastion_skill_slam_wave_02.png[39m[0m
[  79% ] [90m[1mreimport[22m | iron_bastion_skill_slam_wave_03.png[39m[0m
[  79% ] [90m[1mreimport[22m | iron_bastion_skill_slam_wave_04.png[39m[0m
[  79% ] [90m[1mreimport[22m | iron_bastion_skill_slam_wave_05.png[39m[0m
[  79% ] [90m[1mreimport[22m | mini_bone_warden_attack_primary_00.png[39m[0m
[  79% ] [90m[1mreimport[22m | mini_rot_hound_attack_primary_00.png[39m[0m
[  79% ] [90m[1mreimport[22m | mini_rot_hound_attack_primary_01.png[39m[0m
[  79% ] [90m[1mreimport[22m | mini_rot_hound_attack_primary_02.png[39m[0m
[  79% ] [90m[1mreimport[22m | mini_rot_hound_attack_primary_03.png[39m[0m
[  79% ] [90m[1mreimport[22m | mini_rot_hound_attack_primary_04.png[39m[0m
[  79% ] [90m[1mreimport[22m | mini_rot_hound_attack_primary_05.png[39m[0m
[  79% ] [90m[1mreimport[22m | mini_rot_hound_death_00.png[39m[0m
[  79% ] [90m[1mreimport[22m | mini_rot_hound_death_01.png[39m[0m
[  79% ] [90m[1mreimport[22m | mini_rot_hound_death_02.png[39m[0m
[  79% ] [90m[1mreimport[22m | mini_rot_hound_death_03.png[39m[0m
[  79% ] [90m[1mreimport[22m | mini_rot_hound_death_04.png[39m[0m
[  79% ] [90m[1mreimport[22m | mini_rot_hound_death_05.png[39m[0m
[  79% ] [90m[1mreimport[22m | mini_rot_hound_death_row.png[39m[0m
[  79% ] [90m[1mreimport[22m | mini_rot_hound_move_00.png[39m[0m
[  79% ] [90m[1mreimport[22m | mini_rot_hound_move_01.png[39m[0m
[  79% ] [90m[1mreimport[22m | mini_rot_hound_move_02.png[39m[0m
[  80% ] [90m[1mreimport[22m | mini_rot_hound_move_03.png[39m[0m
[  80% ] [90m[1mreimport[22m | mini_rot_hound_move_04.png[39m[0m
[  80% ] [90m[1mreimport[22m | mini_rot_hound_move_05.png[39m[0m
[  80% ] [90m[1mreimport[22m | mini_rot_hound_skill_bleed_howl_00.png[39m[0m
[  80% ] [90m[1mreimport[22m | mini_rot_hound_skill_bleed_howl_01.png[39m[0m
[  80% ] [90m[1mreimport[22m | mini_rot_hound_skill_bleed_howl_02.png[39m[0m
[  80% ] [90m[1mreimport[22m | mini_rot_hound_skill_bleed_howl_03.png[39m[0m
[  80% ] [90m[1mreimport[22m | mini_rot_hound_skill_bleed_howl_04.png[39m[0m
[  80% ] [90m[1mreimport[22m | mini_rot_hound_skill_bleed_howl_05.png[39m[0m
[  80% ] [90m[1mreimport[22m | mini_rot_hound_skill_rot_lunge_00.png[39m[0m
[  80% ] [90m[1mreimport[22m | mini_rot_hound_skill_rot_lunge_01.png[39m[0m
[  80% ] [90m[1mreimport[22m | mini_rot_hound_skill_rot_lunge_02.png[39m[0m
[  80% ] [90m[1mreimport[22m | mini_rot_hound_skill_rot_lunge_03.png[39m[0m
[  80% ] [90m[1mreimport[22m | mini_rot_hound_skill_rot_lunge_04.png[39m[0m
[  80% ] [90m[1mreimport[22m | mini_rot_hound_skill_rot_lunge_05.png[39m[0m
[  80% ] [90m[1mreimport[22m | mini_plague_bellringer_attack_primary_00.png[39m[0m
[  80% ] [90m[1mreimport[22m | mini_plague_bellringer_attack_primary_01.png[39m[0m
[  80% ] [90m[1mreimport[22m | mini_plague_bellringer_attack_primary_02.png[39m[0m
[  80% ] [90m[1mreimport[22m | mini_plague_bellringer_attack_primary_03.png[39m[0m
[  80% ] [90m[1mreimport[22m | mini_plague_bellringer_attack_primary_04.png[39m[0m
[  80% ] [90m[1mreimport[22m | mini_plague_bellringer_attack_primary_05.png[39m[0m
[  80% ] [90m[1mreimport[22m | mini_plague_bellringer_death_00.png[39m[0m
[  80% ] [90m[1mreimport[22m | mini_plague_bellringer_death_01.png[39m[0m
[  80% ] [90m[1mreimport[22m | mini_plague_bellringer_death_02.png[39m[0m
[  80% ] [90m[1mreimport[22m | mini_plague_bellringer_death_03.png[39m[0m
[  80% ] [90m[1mreimport[22m | mini_plague_bellringer_death_04.png[39m[0m
[  80% ] [90m[1mreimport[22m | mini_plague_bellringer_death_05.png[39m[0m
[  80% ] [90m[1mreimport[22m | mini_plague_bellringer_death_row.png[39m[0m
[  80% ] [90m[1mreimport[22m | mini_plague_bellringer_move_00.png[39m[0m
[  80% ] [90m[1mreimport[22m | mini_plague_bellringer_move_01.png[39m[0m
[  80% ] [90m[1mreimport[22m | mini_plague_bellringer_move_02.png[39m[0m
[  80% ] [90m[1mreimport[22m | mini_plague_bellringer_move_03.png[39m[0m
[  80% ] [90m[1mreimport[22m | mini_plague_bellringer_move_04.png[39m[0m
[  80% ] [90m[1mreimport[22m | mini_plague_bellringer_move_05.png[39m[0m
[  80% ] [90m[1mreimport[22m | mini_plague_bellringer_skill_bell_toll_00.png[39m[0m
[  80% ] [90m[1mreimport[22m | mini_plague_bellringer_skill_bell_toll_01.png[39m[0m
[  80% ] [90m[1mreimport[22m | mini_plague_bellringer_skill_bell_toll_02.png[39m[0m
[  80% ] [90m[1mreimport[22m | mini_plague_bellringer_skill_bell_toll_03.png[39m[0m
[  80% ] [90m[1mreimport[22m | mini_plague_bellringer_skill_bell_toll_04.png[39m[0m
[  80% ] [90m[1mreimport[22m | mini_plague_bellringer_skill_bell_toll_05.png[39m[0m
[  81% ] [90m[1mreimport[22m | mini_plague_bellringer_skill_poison_pool_00.png[39m[0m
[  81% ] [90m[1mreimport[22m | mini_plague_bellringer_skill_poison_pool_01.png[39m[0m
[  81% ] [90m[1mreimport[22m | mini_plague_bellringer_skill_poison_pool_02.png[39m[0m
[  81% ] [90m[1mreimport[22m | mini_plague_bellringer_skill_poison_pool_03.png[39m[0m
[  81% ] [90m[1mreimport[22m | mini_plague_bellringer_skill_poison_pool_04.png[39m[0m
[  81% ] [90m[1mreimport[22m | mini_plague_bellringer_skill_poison_pool_05.png[39m[0m
[  81% ] [90m[1mreimport[22m | bone_caller_attack_primary_00.png[39m[0m
[  81% ] [90m[1mreimport[22m | bone_caller_attack_primary_01.png[39m[0m
[  81% ] [90m[1mreimport[22m | bone_caller_attack_primary_02.png[39m[0m
[  81% ] [90m[1mreimport[22m | bone_caller_attack_primary_03.png[39m[0m
[  81% ] [90m[1mreimport[22m | bone_caller_attack_primary_04.png[39m[0m
[  81% ] [90m[1mreimport[22m | bone_caller_attack_primary_05.png[39m[0m
[  81% ] [90m[1mreimport[22m | bone_caller_death_00.png[39m[0m
[  81% ] [90m[1mreimport[22m | bone_caller_death_01.png[39m[0m
[  81% ] [90m[1mreimport[22m | bone_caller_death_02.png[39m[0m
[  81% ] [90m[1mreimport[22m | bone_caller_death_03.png[39m[0m
[  81% ] [90m[1mreimport[22m | bone_caller_death_04.png[39m[0m
[  81% ] [90m[1mreimport[22m | bone_caller_death_05.png[39m[0m
[  81% ] [90m[1mreimport[22m | bone_caller_hit_00.png[39m[0m
[  81% ] [90m[1mreimport[22m | bone_caller_hit_01.png[39m[0m
[  81% ] [90m[1mreimport[22m | bone_caller_hit_02.png[39m[0m
[  81% ] [90m[1mreimport[22m | bone_caller_hit_03.png[39m[0m
[  81% ] [90m[1mreimport[22m | bone_caller_hit_04.png[39m[0m
[  81% ] [90m[1mreimport[22m | bone_caller_hit_05.png[39m[0m
[  81% ] [90m[1mreimport[22m | bone_caller_move_00.png[39m[0m
[  81% ] [90m[1mreimport[22m | bone_caller_move_01.png[39m[0m
[  81% ] [90m[1mreimport[22m | bone_caller_move_02.png[39m[0m
[  81% ] [90m[1mreimport[22m | bone_caller_move_03.png[39m[0m
[  81% ] [90m[1mreimport[22m | bone_caller_move_04.png[39m[0m
[  81% ] [90m[1mreimport[22m | bone_caller_move_05.png[39m[0m
[  81% ] [90m[1mreimport[22m | bone_shaman_attack_primary_00.png[39m[0m
[  81% ] [90m[1mreimport[22m | bone_shaman_attack_primary_01.png[39m[0m
[  81% ] [90m[1mreimport[22m | bone_shaman_attack_primary_02.png[39m[0m
[  81% ] [90m[1mreimport[22m | bone_shaman_attack_primary_03.png[39m[0m
[  81% ] [90m[1mreimport[22m | bone_shaman_attack_primary_04.png[39m[0m
[  81% ] [90m[1mreimport[22m | bone_shaman_attack_primary_05.png[39m[0m
[  81% ] [90m[1mreimport[22m | winged_spark_arm_l.png[39m[0m
[  81% ] [90m[1mreimport[22m | winged_spark_arm_r.png[39m[0m
[  81% ] [90m[1mreimport[22m | winged_spark_leg_l.png[39m[0m
[  81% ] [90m[1mreimport[22m | winged_spark_leg_r.png[39m[0m
[  82% ] [90m[1mreimport[22m | winged_spark_torso.png[39m[0m
[  82% ] [90m[1mreimport[22m | winged_spark_wing_l.png[39m[0m
[  82% ] [90m[1mreimport[22m | winged_spark_wing_r.png[39m[0m
[  82% ] [90m[1mreimport[22m | ash_marksman_attack_primary_00.png[39m[0m
[  82% ] [90m[1mreimport[22m | ash_marksman_attack_primary_01.png[39m[0m
[  82% ] [90m[1mreimport[22m | ash_marksman_attack_primary_02.png[39m[0m
[  82% ] [90m[1mreimport[22m | ash_marksman_attack_primary_03.png[39m[0m
[  82% ] [90m[1mreimport[22m | ash_marksman_attack_primary_04.png[39m[0m
[  82% ] [90m[1mreimport[22m | ash_marksman_attack_primary_05.png[39m[0m
[  82% ] [90m[1mreimport[22m | ash_marksman_death_00.png[39m[0m
[  82% ] [90m[1mreimport[22m | ash_marksman_death_01.png[39m[0m
[  82% ] [90m[1mreimport[22m | ash_marksman_death_02.png[39m[0m
[  82% ] [90m[1mreimport[22m | ash_marksman_death_03.png[39m[0m
[  82% ] [90m[1mreimport[22m | ash_marksman_death_04.png[39m[0m
[  82% ] [90m[1mreimport[22m | ash_marksman_death_05.png[39m[0m
[  82% ] [90m[1mreimport[22m | ash_marksman_hit_00.png[39m[0m
[  82% ] [90m[1mreimport[22m | ash_marksman_hit_01.png[39m[0m
[  82% ] [90m[1mreimport[22m | ash_marksman_hit_02.png[39m[0m
[  82% ] [90m[1mreimport[22m | ash_marksman_hit_03.png[39m[0m
[  82% ] [90m[1mreimport[22m | ash_marksman_hit_04.png[39m[0m
[  82% ] [90m[1mreimport[22m | ash_marksman_hit_05.png[39m[0m
[  82% ] [90m[1mreimport[22m | ash_marksman_move_00.png[39m[0m
[  82% ] [90m[1mreimport[22m | ash_marksman_move_01.png[39m[0m
[  82% ] [90m[1mreimport[22m | ash_marksman_move_02.png[39m[0m
[  82% ] [90m[1mreimport[22m | ash_marksman_move_03.png[39m[0m
[  82% ] [90m[1mreimport[22m | ash_marksman_move_04.png[39m[0m
[  82% ] [90m[1mreimport[22m | ash_marksman_move_05.png[39m[0m
[  82% ] [90m[1mreimport[22m | rift_cutter_hit_01.png[39m[0m
[  82% ] [90m[1mreimport[22m | rift_cutter_hit_02.png[39m[0m
[  82% ] [90m[1mreimport[22m | rift_cutter_hit_03.png[39m[0m
[  82% ] [90m[1mreimport[22m | rift_cutter_hit_04.png[39m[0m
[  82% ] [90m[1mreimport[22m | rift_cutter_hit_05.png[39m[0m
[  82% ] [90m[1mreimport[22m | rift_cutter_move_00.png[39m[0m
[  82% ] [90m[1mreimport[22m | rift_cutter_move_01.png[39m[0m
[  82% ] [90m[1mreimport[22m | rift_cutter_move_02.png[39m[0m
[  82% ] [90m[1mreimport[22m | rift_cutter_move_03.png[39m[0m
[  82% ] [90m[1mreimport[22m | rift_cutter_move_04.png[39m[0m
[  82% ] [90m[1mreimport[22m | rift_cutter_move_05.png[39m[0m
[  82% ] [90m[1mreimport[22m | rift_shieldbearer_attack_primary_00.png[39m[0m
[  83% ] [90m[1mreimport[22m | rift_shieldbearer_attack_primary_01.png[39m[0m
[  83% ] [90m[1mreimport[22m | rift_shieldbearer_attack_primary_02.png[39m[0m
[  83% ] [90m[1mreimport[22m | rift_shieldbearer_attack_primary_03.png[39m[0m
[  83% ] [90m[1mreimport[22m | rift_shieldbearer_attack_primary_04.png[39m[0m
[  83% ] [90m[1mreimport[22m | rift_shieldbearer_attack_primary_05.png[39m[0m
[  83% ] [90m[1mreimport[22m | rift_shieldbearer_death_00.png[39m[0m
[  83% ] [90m[1mreimport[22m | rift_shieldbearer_death_01.png[39m[0m
[  83% ] [90m[1mreimport[22m | rift_shieldbearer_death_02.png[39m[0m
[  83% ] [90m[1mreimport[22m | rift_shieldbearer_death_03.png[39m[0m
[  83% ] [90m[1mreimport[22m | rift_shieldbearer_death_04.png[39m[0m
[  83% ] [90m[1mreimport[22m | rift_shieldbearer_death_05.png[39m[0m
[  83% ] [90m[1mreimport[22m | rift_shieldbearer_hit_00.png[39m[0m
[  83% ] [90m[1mreimport[22m | rift_shieldbearer_hit_01.png[39m[0m
[  83% ] [90m[1mreimport[22m | rift_shieldbearer_hit_02.png[39m[0m
[  83% ] [90m[1mreimport[22m | rift_shieldbearer_hit_03.png[39m[0m
[  83% ] [90m[1mreimport[22m | rift_shieldbearer_hit_04.png[39m[0m
[  83% ] [90m[1mreimport[22m | rift_shieldbearer_hit_05.png[39m[0m
[  83% ] [90m[1mreimport[22m | rift_shieldbearer_move_00.png[39m[0m
[  83% ] [90m[1mreimport[22m | rift_shieldbearer_move_01.png[39m[0m
[  83% ] [90m[1mreimport[22m | bone_shaman_death_00.png[39m[0m
[  83% ] [90m[1mreimport[22m | bone_shaman_death_01.png[39m[0m
[  83% ] [90m[1mreimport[22m | bone_shaman_death_02.png[39m[0m
[  83% ] [90m[1mreimport[22m | bone_shaman_death_03.png[39m[0m
[  83% ] [90m[1mreimport[22m | bone_shaman_death_04.png[39m[0m
[  83% ] [90m[1mreimport[22m | bone_shaman_death_05.png[39m[0m
[  83% ] [90m[1mreimport[22m | bone_shaman_hit_00.png[39m[0m
[  83% ] [90m[1mreimport[22m | bone_shaman_hit_01.png[39m[0m
[  83% ] [90m[1mreimport[22m | bone_shaman_hit_02.png[39m[0m
[  83% ] [90m[1mreimport[22m | bone_shaman_hit_03.png[39m[0m
[  83% ] [90m[1mreimport[22m | bone_shaman_hit_04.png[39m[0m
[  83% ] [90m[1mreimport[22m | bone_shaman_hit_05.png[39m[0m
[  83% ] [90m[1mreimport[22m | bone_shaman_move_00.png[39m[0m
[  83% ] [90m[1mreimport[22m | bone_shaman_move_01.png[39m[0m
[  83% ] [90m[1mreimport[22m | bone_shaman_move_02.png[39m[0m
[  83% ] [90m[1mreimport[22m | bone_shaman_move_03.png[39m[0m
[  83% ] [90m[1mreimport[22m | bone_shaman_move_04.png[39m[0m
[  83% ] [90m[1mreimport[22m | bone_shaman_move_05.png[39m[0m
[  83% ] [90m[1mreimport[22m | rift_cutter_attack_primary_00.png[39m[0m
[  83% ] [90m[1mreimport[22m | rift_cutter_attack_primary_01.png[39m[0m
[  83% ] [90m[1mreimport[22m | rift_cutter_attack_primary_02.png[39m[0m
[  84% ] [90m[1mreimport[22m | rift_cutter_attack_primary_03.png[39m[0m
[  84% ] [90m[1mreimport[22m | rift_cutter_attack_primary_04.png[39m[0m
[  84% ] [90m[1mreimport[22m | rift_cutter_attack_primary_05.png[39m[0m
[  84% ] [90m[1mreimport[22m | rift_cutter_death_00.png[39m[0m
[  84% ] [90m[1mreimport[22m | rift_cutter_death_01.png[39m[0m
[  84% ] [90m[1mreimport[22m | rift_cutter_death_02.png[39m[0m
[  84% ] [90m[1mreimport[22m | rift_cutter_death_03.png[39m[0m
[  84% ] [90m[1mreimport[22m | rift_cutter_death_04.png[39m[0m
[  84% ] [90m[1mreimport[22m | rift_cutter_death_05.png[39m[0m
[  84% ] [90m[1mreimport[22m | rift_cutter_hit_00.png[39m[0m
[  84% ] [90m[1mreimport[22m | plague_prophet_skill_poison_volley_05.png[39m[0m
[  84% ] [90m[1mreimport[22m | shard_marshal_attack_primary_00.png[39m[0m
[  84% ] [90m[1mreimport[22m | shard_marshal_attack_primary_01.png[39m[0m
[  84% ] [90m[1mreimport[22m | shard_marshal_attack_primary_02.png[39m[0m
[  84% ] [90m[1mreimport[22m | shard_marshal_attack_primary_03.png[39m[0m
[  84% ] [90m[1mreimport[22m | shard_marshal_attack_primary_04.png[39m[0m
[  84% ] [90m[1mreimport[22m | shard_marshal_attack_primary_05.png[39m[0m
[  84% ] [90m[1mreimport[22m | shard_marshal_death_00.png[39m[0m
[  84% ] [90m[1mreimport[22m | shard_marshal_death_01.png[39m[0m
[  84% ] [90m[1mreimport[22m | shard_marshal_death_02.png[39m[0m
[  84% ] [90m[1mreimport[22m | shard_marshal_death_03.png[39m[0m
[  84% ] [90m[1mreimport[22m | shard_marshal_death_04.png[39m[0m
[  84% ] [90m[1mreimport[22m | shard_marshal_death_05.png[39m[0m
[  84% ] [90m[1mreimport[22m | shard_marshal_death_row.png[39m[0m
[  84% ] [90m[1mreimport[22m | shard_marshal_move_00.png[39m[0m
[  84% ] [90m[1mreimport[22m | shard_marshal_move_01.png[39m[0m
[  84% ] [90m[1mreimport[22m | shard_marshal_move_02.png[39m[0m
[  84% ] [90m[1mreimport[22m | shard_marshal_move_03.png[39m[0m
[  84% ] [90m[1mreimport[22m | shard_marshal_move_04.png[39m[0m
[  84% ] [90m[1mreimport[22m | shard_marshal_move_05.png[39m[0m
[  84% ] [90m[1mreimport[22m | shard_marshal_skill_command_pulse_00.png[39m[0m
[  84% ] [90m[1mreimport[22m | shard_marshal_skill_command_pulse_01.png[39m[0m
[  84% ] [90m[1mreimport[22m | shard_marshal_skill_command_pulse_02.png[39m[0m
[  84% ] [90m[1mreimport[22m | shard_marshal_skill_command_pulse_03.png[39m[0m
[  84% ] [90m[1mreimport[22m | shard_marshal_skill_command_pulse_04.png[39m[0m
[  84% ] [90m[1mreimport[22m | shard_marshal_skill_command_pulse_05.png[39m[0m
[  84% ] [90m[1mreimport[22m | shard_marshal_skill_shard_fan_00.png[39m[0m
[  84% ] [90m[1mreimport[22m | shard_marshal_skill_shard_fan_01.png[39m[0m
[  84% ] [90m[1mreimport[22m | shard_marshal_skill_shard_fan_02.png[39m[0m
[  85% ] [90m[1mreimport[22m | shard_marshal_skill_shard_fan_03.png[39m[0m
[  85% ] [90m[1mreimport[22m | night_stalker_skill_shadow_strike_05.png[39m[0m
[  85% ] [90m[1mreimport[22m | plague_prophet_attack_primary_00.png[39m[0m
[  85% ] [90m[1mreimport[22m | plague_prophet_attack_primary_01.png[39m[0m
[  85% ] [90m[1mreimport[22m | plague_prophet_attack_primary_02.png[39m[0m
[  85% ] [90m[1mreimport[22m | plague_prophet_attack_primary_03.png[39m[0m
[  85% ] [90m[1mreimport[22m | plague_prophet_attack_primary_04.png[39m[0m
[  85% ] [90m[1mreimport[22m | plague_prophet_attack_primary_05.png[39m[0m
[  85% ] [90m[1mreimport[22m | plague_prophet_death_00.png[39m[0m
[  85% ] [90m[1mreimport[22m | plague_prophet_death_01.png[39m[0m
[  85% ] [90m[1mreimport[22m | plague_prophet_death_02.png[39m[0m
[  85% ] [90m[1mreimport[22m | plague_prophet_death_03.png[39m[0m
[  85% ] [90m[1mreimport[22m | plague_prophet_death_04.png[39m[0m
[  85% ] [90m[1mreimport[22m | plague_prophet_death_05.png[39m[0m
[  85% ] [90m[1mreimport[22m | plague_prophet_death_row.png[39m[0m
[  85% ] [90m[1mreimport[22m | plague_prophet_move_00.png[39m[0m
[  85% ] [90m[1mreimport[22m | plague_prophet_move_01.png[39m[0m
[  85% ] [90m[1mreimport[22m | plague_prophet_move_02.png[39m[0m
[  85% ] [90m[1mreimport[22m | plague_prophet_move_03.png[39m[0m
[  85% ] [90m[1mreimport[22m | plague_prophet_move_04.png[39m[0m
[  85% ] [90m[1mreimport[22m | plague_prophet_move_05.png[39m[0m
[  85% ] [90m[1mreimport[22m | plague_prophet_skill_plague_aura_00.png[39m[0m
[  85% ] [90m[1mreimport[22m | plague_prophet_skill_plague_aura_01.png[39m[0m
[  85% ] [90m[1mreimport[22m | plague_prophet_skill_plague_aura_02.png[39m[0m
[  85% ] [90m[1mreimport[22m | plague_prophet_skill_plague_aura_03.png[39m[0m
[  85% ] [90m[1mreimport[22m | plague_prophet_skill_plague_aura_04.png[39m[0m
[  85% ] [90m[1mreimport[22m | plague_prophet_skill_plague_aura_05.png[39m[0m
[  85% ] [90m[1mreimport[22m | plague_prophet_skill_poison_volley_00.png[39m[0m
[  85% ] [90m[1mreimport[22m | plague_prophet_skill_poison_volley_01.png[39m[0m
[  85% ] [90m[1mreimport[22m | plague_prophet_skill_poison_volley_02.png[39m[0m
[  85% ] [90m[1mreimport[22m | plague_prophet_skill_poison_volley_03.png[39m[0m
[  85% ] [90m[1mreimport[22m | plague_prophet_skill_poison_volley_04.png[39m[0m
[  85% ] [90m[1mreimport[22m | bone_shaman_torso.png[39m[0m
[  85% ] [90m[1mreimport[22m | rift_cutter_arm_l.png[39m[0m
[  85% ] [90m[1mreimport[22m | rift_cutter_arm_r.png[39m[0m
[  85% ] [90m[1mreimport[22m | rift_cutter_leg_l.png[39m[0m
[  85% ] [90m[1mreimport[22m | rift_cutter_leg_r.png[39m[0m
[  85% ] [90m[1mreimport[22m | rift_cutter_torso.png[39m[0m
[  85% ] [90m[1mreimport[22m | rift_shieldbearer_arm_l.png[39m[0m
[  85% ] [90m[1mreimport[22m | rift_shieldbearer_leg_l.png[39m[0m
[  86% ] [90m[1mreimport[22m | rift_shieldbearer_leg_r.png[39m[0m
[  86% ] [90m[1mreimport[22m | rift_shieldbearer_shield.png[39m[0m
[  86% ] [90m[1mreimport[22m | rift_shieldbearer_torso.png[39m[0m
[  86% ] [90m[1mreimport[22m | small_biter_arm_l.png[39m[0m
[  86% ] [90m[1mreimport[22m | small_biter_arm_r.png[39m[0m
[  86% ] [90m[1mreimport[22m | small_biter_leg_r.png[39m[0m
[  86% ] [90m[1mreimport[22m | small_biter_torso.png[39m[0m
[  86% ] [90m[1mreimport[22m | spark_runner_arm_l.png[39m[0m
[  86% ] [90m[1mreimport[22m | spark_runner_arm_r.png[39m[0m
[  86% ] [90m[1mreimport[22m | spark_runner_leg_l.png[39m[0m
[  86% ] [90m[1mreimport[22m | spark_runner_tail.png[39m[0m
[  86% ] [90m[1mreimport[22m | spark_runner_torso.png[39m[0m
[  86% ] [90m[1mreimport[22m | stone_bruiser_arm_l.png[39m[0m
[  86% ] [90m[1mreimport[22m | stone_bruiser_arm_r.png[39m[0m
[  86% ] [90m[1mreimport[22m | stone_bruiser_leg_l.png[39m[0m
[  86% ] [90m[1mreimport[22m | stone_bruiser_leg_r.png[39m[0m
[  86% ] [90m[1mreimport[22m | stone_bruiser_torso.png[39m[0m
[  86% ] [90m[1mreimport[22m | venom_spitter_leg_l.png[39m[0m
[  86% ] [90m[1mreimport[22m | venom_spitter_leg_r.png[39m[0m
[  86% ] [90m[1mreimport[22m | venom_spitter_torso.png[39m[0m
[  86% ] [90m[1mreimport[22m | void_mage_arm_l.png[39m[0m
[  86% ] [90m[1mreimport[22m | void_mage_arm_r.png[39m[0m
[  86% ] [90m[1mreimport[22m | void_mage_torso.png[39m[0m
[  86% ] [90m[1mreimport[22m | shard_marshal_skill_shard_fan_04.png[39m[0m
[  86% ] [90m[1mreimport[22m | shard_marshal_skill_shard_fan_05.png[39m[0m
[  86% ] [90m[1mreimport[22m | iron_bastion_full_frame_sheet.png[39m[0m
[  86% ] [90m[1mreimport[22m | mini_bone_warden_full_frame_sheet.png[39m[0m
[  86% ] [90m[1mreimport[22m | mini_plague_bellringer_full_frame_sheet.png[39m[0m
[  86% ] [90m[1mreimport[22m | mini_rot_hound_full_frame_sheet.png[39m[0m
[  86% ] [90m[1mreimport[22m | mini_scavenger_reaper_full_frame_sheet.png[39m[0m
[  86% ] [90m[1mreimport[22m | mini_shadow_devourer_full_frame_sheet.png[39m[0m
[  86% ] [90m[1mreimport[22m | mini_spark_wight_full_frame_sheet.png[39m[0m
[  86% ] [90m[1mreimport[22m | night_stalker_full_frame_sheet.png[39m[0m
[  86% ] [90m[1mreimport[22m | plague_prophet_full_frame_sheet.png[39m[0m
[  86% ] [90m[1mreimport[22m | shard_marshal_full_frame_sheet.png[39m[0m
[  86% ] [90m[1mreimport[22m | iron_bastion.png[39m[0m
[  86% ] [90m[1mreimport[22m | mini_bone_warden.png[39m[0m
[  86% ] [90m[1mreimport[22m | mini_plague_bellringer.png[39m[0m
[  86% ] [90m[1mreimport[22m | mini_rot_hound.png[39m[0m
[  87% ] [90m[1mreimport[22m | mini_scavenger_reaper.png[39m[0m
[  87% ] [90m[1mreimport[22m | mini_shadow_devourer.png[39m[0m
[  87% ] [90m[1mreimport[22m | mini_spark_wight.png[39m[0m
[  87% ] [90m[1mreimport[22m | night_stalker.png[39m[0m
[  87% ] [90m[1mreimport[22m | plague_prophet.png[39m[0m
[  87% ] [90m[1mreimport[22m | shard_marshal.png[39m[0m
[  87% ] [90m[1mreimport[22m | ash_marksman_leg_l.png[39m[0m
[  87% ] [90m[1mreimport[22m | ash_marksman_leg_r.png[39m[0m
[  87% ] [90m[1mreimport[22m | ash_marksman_torso.png[39m[0m
[  87% ] [90m[1mreimport[22m | ash_marksman_weapon.png[39m[0m
[  87% ] [90m[1mreimport[22m | bone_caller_arm_l.png[39m[0m
[  87% ] [90m[1mreimport[22m | bone_caller_arm_r.png[39m[0m
[  87% ] [90m[1mreimport[22m | bone_caller_torso.png[39m[0m
[  87% ] [90m[1mreimport[22m | bone_shaman_arm_l.png[39m[0m
[  87% ] [90m[1mreimport[22m | bone_shaman_arm_r.png[39m[0m
[  87% ] [90m[1mreimport[22m | doctor_move_south-east_01.png[39m[0m
[  87% ] [90m[1mreimport[22m | doctor_move_south-east_02.png[39m[0m
[  87% ] [90m[1mreimport[22m | doctor_move_south-east_03.png[39m[0m
[  87% ] [90m[1mreimport[22m | doctor_move_south-east_04.png[39m[0m
[  87% ] [90m[1mreimport[22m | doctor_move_south-east_05.png[39m[0m
[  87% ] [90m[1mreimport[22m | doctor_move_south-west_00.png[39m[0m
[  87% ] [90m[1mreimport[22m | doctor_move_south-west_01.png[39m[0m
[  87% ] [90m[1mreimport[22m | doctor_move_south-west_02.png[39m[0m
[  87% ] [90m[1mreimport[22m | doctor_move_south-west_03.png[39m[0m
[  87% ] [90m[1mreimport[22m | doctor_move_south-west_04.png[39m[0m
[  87% ] [90m[1mreimport[22m | doctor_move_south-west_05.png[39m[0m
[  87% ] [90m[1mreimport[22m | doctor_move_south_00.png[39m[0m
[  87% ] [90m[1mreimport[22m | doctor_move_south_01.png[39m[0m
[  87% ] [90m[1mreimport[22m | doctor_move_south_02.png[39m[0m
[  87% ] [90m[1mreimport[22m | doctor_move_south_03.png[39m[0m
[  87% ] [90m[1mreimport[22m | doctor_move_south_04.png[39m[0m
[  87% ] [90m[1mreimport[22m | doctor_move_south_05.png[39m[0m
[  87% ] [90m[1mreimport[22m | doctor_move_west_00.png[39m[0m
[  87% ] [90m[1mreimport[22m | doctor_move_west_01.png[39m[0m
[  87% ] [90m[1mreimport[22m | doctor_move_west_02.png[39m[0m
[  87% ] [90m[1mreimport[22m | doctor_move_west_03.png[39m[0m
[  87% ] [90m[1mreimport[22m | doctor_move_west_04.png[39m[0m
[  87% ] [90m[1mreimport[22m | doctor_move_west_05.png[39m[0m
[  87% ] [90m[1mreimport[22m | guitarist_idle_east.png[39m[0m
[  87% ] [90m[1mreimport[22m | guitarist_idle_north-east.png[39m[0m
[  88% ] [90m[1mreimport[22m | guitarist_idle_north-west.png[39m[0m
[  88% ] [90m[1mreimport[22m | guitarist_idle_north.png[39m[0m
[  88% ] [90m[1mreimport[22m | guitarist_idle_south-east.png[39m[0m
[  88% ] [90m[1mreimport[22m | guitarist_idle_south-west.png[39m[0m
[  88% ] [90m[1mreimport[22m | guitarist_idle_south.png[39m[0m
[  88% ] [90m[1mreimport[22m | doctor_idle_north-west.png[39m[0m
[  88% ] [90m[1mreimport[22m | doctor_idle_north.png[39m[0m
[  88% ] [90m[1mreimport[22m | doctor_idle_south-east.png[39m[0m
[  88% ] [90m[1mreimport[22m | doctor_idle_south-west.png[39m[0m
[  88% ] [90m[1mreimport[22m | doctor_idle_south.png[39m[0m
[  88% ] [90m[1mreimport[22m | doctor_idle_west.png[39m[0m
[  88% ] [90m[1mreimport[22m | doctor_move_east_00.png[39m[0m
[  88% ] [90m[1mreimport[22m | doctor_move_east_01.png[39m[0m
[  88% ] [90m[1mreimport[22m | doctor_move_east_02.png[39m[0m
[  88% ] [90m[1mreimport[22m | doctor_move_east_03.png[39m[0m
[  88% ] [90m[1mreimport[22m | doctor_move_east_04.png[39m[0m
[  88% ] [90m[1mreimport[22m | doctor_move_east_05.png[39m[0m
[  88% ] [90m[1mreimport[22m | doctor_move_north-east_00.png[39m[0m
[  88% ] [90m[1mreimport[22m | doctor_move_north-east_01.png[39m[0m
[  88% ] [90m[1mreimport[22m | doctor_move_north-east_02.png[39m[0m
[  88% ] [90m[1mreimport[22m | doctor_move_north-east_03.png[39m[0m
[  88% ] [90m[1mreimport[22m | doctor_move_north-east_04.png[39m[0m
[  88% ] [90m[1mreimport[22m | doctor_move_north-east_05.png[39m[0m
[  88% ] [90m[1mreimport[22m | doctor_move_north-west_00.png[39m[0m
[  88% ] [90m[1mreimport[22m | doctor_move_north-west_01.png[39m[0m
[  88% ] [90m[1mreimport[22m | doctor_move_north-west_02.png[39m[0m
[  88% ] [90m[1mreimport[22m | doctor_move_north-west_03.png[39m[0m
[  88% ] [90m[1mreimport[22m | doctor_move_north-west_04.png[39m[0m
[  88% ] [90m[1mreimport[22m | doctor_move_north-west_05.png[39m[0m
[  88% ] [90m[1mreimport[22m | doctor_move_north_00.png[39m[0m
[  88% ] [90m[1mreimport[22m | doctor_move_north_01.png[39m[0m
[  88% ] [90m[1mreimport[22m | doctor_move_north_02.png[39m[0m
[  88% ] [90m[1mreimport[22m | doctor_move_north_03.png[39m[0m
[  88% ] [90m[1mreimport[22m | doctor_move_north_04.png[39m[0m
[  88% ] [90m[1mreimport[22m | doctor_move_north_05.png[39m[0m
[  88% ] [90m[1mreimport[22m | doctor_move_south-east_00.png[39m[0m
[  88% ] [90m[1mreimport[22m | guitarist_move_south-west_00.png[39m[0m
[  88% ] [90m[1mreimport[22m | guitarist_move_south-west_01.png[39m[0m
[  88% ] [90m[1mreimport[22m | guitarist_move_south-west_02.png[39m[0m
[  89% ] [90m[1mreimport[22m | guitarist_move_south-west_03.png[39m[0m
[  89% ] [90m[1mreimport[22m | guitarist_move_south-west_04.png[39m[0m
[  89% ] [90m[1mreimport[22m | guitarist_move_south-west_05.png[39m[0m
[  89% ] [90m[1mreimport[22m | guitarist_move_south_00.png[39m[0m
[  89% ] [90m[1mreimport[22m | guitarist_move_south_01.png[39m[0m
[  89% ] [90m[1mreimport[22m | guitarist_move_south_02.png[39m[0m
[  89% ] [90m[1mreimport[22m | guitarist_move_south_03.png[39m[0m
[  89% ] [90m[1mreimport[22m | guitarist_move_south_04.png[39m[0m
[  89% ] [90m[1mreimport[22m | guitarist_move_south_05.png[39m[0m
[  89% ] [90m[1mreimport[22m | guitarist_move_west_00.png[39m[0m
[  89% ] [90m[1mreimport[22m | guitarist_move_west_01.png[39m[0m
[  89% ] [90m[1mreimport[22m | guitarist_move_west_02.png[39m[0m
[  89% ] [90m[1mreimport[22m | guitarist_move_west_03.png[39m[0m
[  89% ] [90m[1mreimport[22m | guitarist_move_west_04.png[39m[0m
[  89% ] [90m[1mreimport[22m | guitarist_move_west_05.png[39m[0m
[  89% ] [90m[1mreimport[22m | priest_idle_east.png[39m[0m
[  89% ] [90m[1mreimport[22m | priest_idle_north-east.png[39m[0m
[  89% ] [90m[1mreimport[22m | priest_idle_north-west.png[39m[0m
[  89% ] [90m[1mreimport[22m | priest_idle_north.png[39m[0m
[  89% ] [90m[1mreimport[22m | priest_idle_south-east.png[39m[0m
[  89% ] [90m[1mreimport[22m | priest_idle_south-west.png[39m[0m
[  89% ] [90m[1mreimport[22m | priest_idle_south.png[39m[0m
[  89% ] [90m[1mreimport[22m | priest_idle_west.png[39m[0m
[  89% ] [90m[1mreimport[22m | priest_move_east_00.png[39m[0m
[  89% ] [90m[1mreimport[22m | priest_move_east_01.png[39m[0m
[  89% ] [90m[1mreimport[22m | priest_move_east_02.png[39m[0m
[  89% ] [90m[1mreimport[22m | priest_move_east_03.png[39m[0m
[  89% ] [90m[1mreimport[22m | priest_move_east_04.png[39m[0m
[  89% ] [90m[1mreimport[22m | guitarist_idle_west.png[39m[0m
[  89% ] [90m[1mreimport[22m | guitarist_move_east_00.png[39m[0m
[  89% ] [90m[1mreimport[22m | guitarist_move_east_01.png[39m[0m
[  89% ] [90m[1mreimport[22m | guitarist_move_east_02.png[39m[0m
[  89% ] [90m[1mreimport[22m | guitarist_move_east_03.png[39m[0m
[  89% ] [90m[1mreimport[22m | guitarist_move_east_04.png[39m[0m
[  89% ] [90m[1mreimport[22m | guitarist_move_east_05.png[39m[0m
[  89% ] [90m[1mreimport[22m | guitarist_move_north-east_00.png[39m[0m
[  89% ] [90m[1mreimport[22m | guitarist_move_north-east_01.png[39m[0m
[  89% ] [90m[1mreimport[22m | guitarist_move_north-east_02.png[39m[0m
[  89% ] [90m[1mreimport[22m | guitarist_move_north-east_03.png[39m[0m
[  89% ] [90m[1mreimport[22m | guitarist_move_north-east_04.png[39m[0m
[  90% ] [90m[1mreimport[22m | guitarist_move_north-east_05.png[39m[0m
[  90% ] [90m[1mreimport[22m | guitarist_move_north-west_00.png[39m[0m
[  90% ] [90m[1mreimport[22m | guitarist_move_north-west_01.png[39m[0m
[  90% ] [90m[1mreimport[22m | guitarist_move_north-west_02.png[39m[0m
[  90% ] [90m[1mreimport[22m | guitarist_move_north-west_03.png[39m[0m
[  90% ] [90m[1mreimport[22m | guitarist_move_north-west_04.png[39m[0m
[  90% ] [90m[1mreimport[22m | guitarist_move_north-west_05.png[39m[0m
[  90% ] [90m[1mreimport[22m | guitarist_move_north_00.png[39m[0m
[  90% ] [90m[1mreimport[22m | guitarist_move_north_01.png[39m[0m
[  90% ] [90m[1mreimport[22m | guitarist_move_north_02.png[39m[0m
[  90% ] [90m[1mreimport[22m | guitarist_move_north_03.png[39m[0m
[  90% ] [90m[1mreimport[22m | guitarist_move_north_04.png[39m[0m
[  90% ] [90m[1mreimport[22m | guitarist_move_north_05.png[39m[0m
[  90% ] [90m[1mreimport[22m | guitarist_move_south-east_00.png[39m[0m
[  90% ] [90m[1mreimport[22m | guitarist_move_south-east_01.png[39m[0m
[  90% ] [90m[1mreimport[22m | guitarist_move_south-east_02.png[39m[0m
[  90% ] [90m[1mreimport[22m | guitarist_move_south-east_03.png[39m[0m
[  90% ] [90m[1mreimport[22m | guitarist_move_south-east_04.png[39m[0m
[  90% ] [90m[1mreimport[22m | guitarist_move_south-east_05.png[39m[0m
[  90% ] [90m[1mreimport[22m | berserk_move_north-west_02.png[39m[0m
[  90% ] [90m[1mreimport[22m | berserk_move_north-west_03.png[39m[0m
[  90% ] [90m[1mreimport[22m | berserk_move_north-west_04.png[39m[0m
[  90% ] [90m[1mreimport[22m | berserk_move_north-west_05.png[39m[0m
[  90% ] [90m[1mreimport[22m | berserk_move_north_00.png[39m[0m
[  90% ] [90m[1mreimport[22m | berserk_move_north_01.png[39m[0m
[  90% ] [90m[1mreimport[22m | berserk_move_north_02.png[39m[0m
[  90% ] [90m[1mreimport[22m | berserk_move_north_03.png[39m[0m
[  90% ] [90m[1mreimport[22m | berserk_move_north_04.png[39m[0m
[  90% ] [90m[1mreimport[22m | berserk_move_north_05.png[39m[0m
[  90% ] [90m[1mreimport[22m | berserk_move_south-east_00.png[39m[0m
[  90% ] [90m[1mreimport[22m | berserk_move_south-east_01.png[39m[0m
[  90% ] [90m[1mreimport[22m | berserk_move_south-east_02.png[39m[0m
[  90% ] [90m[1mreimport[22m | berserk_move_south-east_03.png[39m[0m
[  90% ] [90m[1mreimport[22m | berserk_move_south-east_04.png[39m[0m
[  90% ] [90m[1mreimport[22m | berserk_move_south-east_05.png[39m[0m
[  90% ] [90m[1mreimport[22m | berserk_move_south-west_00.png[39m[0m
[  90% ] [90m[1mreimport[22m | berserk_move_south-west_01.png[39m[0m
[  90% ] [90m[1mreimport[22m | berserk_move_south-west_02.png[39m[0m
[  90% ] [90m[1mreimport[22m | berserk_move_south-west_03.png[39m[0m
[  90% ] [90m[1mreimport[22m | berserk_move_south-west_04.png[39m[0m
[  91% ] [90m[1mreimport[22m | berserk_move_south-west_05.png[39m[0m
[  91% ] [90m[1mreimport[22m | berserk_move_south_00.png[39m[0m
[  91% ] [90m[1mreimport[22m | berserk_move_south_01.png[39m[0m
[  91% ] [90m[1mreimport[22m | berserk_move_south_02.png[39m[0m
[  91% ] [90m[1mreimport[22m | berserk_move_south_03.png[39m[0m
[  91% ] [90m[1mreimport[22m | berserk_move_south_04.png[39m[0m
[  91% ] [90m[1mreimport[22m | berserk_move_south_05.png[39m[0m
[  91% ] [90m[1mreimport[22m | berserk_move_west_00.png[39m[0m
[  91% ] [90m[1mreimport[22m | berserk_move_west_01.png[39m[0m
[  91% ] [90m[1mreimport[22m | thief_idle_01.png[39m[0m
[  91% ] [90m[1mreimport[22m | thief_idle_02.png[39m[0m
[  91% ] [90m[1mreimport[22m | thief_idle_03.png[39m[0m
[  91% ] [90m[1mreimport[22m | thief_idle_04.png[39m[0m
[  91% ] [90m[1mreimport[22m | thief_walk_00.png[39m[0m
[  91% ] [90m[1mreimport[22m | thief_walk_01.png[39m[0m
[  91% ] [90m[1mreimport[22m | thief_walk_02.png[39m[0m
[  91% ] [90m[1mreimport[22m | thief_walk_03.png[39m[0m
[  91% ] [90m[1mreimport[22m | thief_walk_04.png[39m[0m
[  91% ] [90m[1mreimport[22m | berserk_idle_east.png[39m[0m
[  91% ] [90m[1mreimport[22m | berserk_idle_north-east.png[39m[0m
[  91% ] [90m[1mreimport[22m | berserk_idle_north-west.png[39m[0m
[  91% ] [90m[1mreimport[22m | berserk_idle_north.png[39m[0m
[  91% ] [90m[1mreimport[22m | berserk_idle_south-east.png[39m[0m
[  91% ] [90m[1mreimport[22m | berserk_idle_south-west.png[39m[0m
[  91% ] [90m[1mreimport[22m | berserk_idle_south.png[39m[0m
[  91% ] [90m[1mreimport[22m | berserk_idle_west.png[39m[0m
[  91% ] [90m[1mreimport[22m | berserk_move_east_00.png[39m[0m
[  91% ] [90m[1mreimport[22m | berserk_move_east_01.png[39m[0m
[  91% ] [90m[1mreimport[22m | berserk_move_east_02.png[39m[0m
[  91% ] [90m[1mreimport[22m | berserk_move_east_03.png[39m[0m
[  91% ] [90m[1mreimport[22m | berserk_move_east_04.png[39m[0m
[  91% ] [90m[1mreimport[22m | berserk_move_east_05.png[39m[0m
[  91% ] [90m[1mreimport[22m | berserk_move_north-east_00.png[39m[0m
[  91% ] [90m[1mreimport[22m | berserk_move_north-east_01.png[39m[0m
[  91% ] [90m[1mreimport[22m | berserk_move_north-east_02.png[39m[0m
[  91% ] [90m[1mreimport[22m | berserk_move_north-east_03.png[39m[0m
[  91% ] [90m[1mreimport[22m | berserk_move_north-east_04.png[39m[0m
[  91% ] [90m[1mreimport[22m | berserk_move_north-east_05.png[39m[0m
[  91% ] [90m[1mreimport[22m | berserk_move_north-west_00.png[39m[0m
[  92% ] [90m[1mreimport[22m | berserk_move_north-west_01.png[39m[0m
[  92% ] [90m[1mreimport[22m | dark_mage_move_north_01.png[39m[0m
[  92% ] [90m[1mreimport[22m | dark_mage_move_north_02.png[39m[0m
[  92% ] [90m[1mreimport[22m | dark_mage_move_north_03.png[39m[0m
[  92% ] [90m[1mreimport[22m | dark_mage_move_north_04.png[39m[0m
[  92% ] [90m[1mreimport[22m | dark_mage_move_north_05.png[39m[0m
[  92% ] [90m[1mreimport[22m | dark_mage_move_south-east_00.png[39m[0m
[  92% ] [90m[1mreimport[22m | dark_mage_move_south-east_01.png[39m[0m
[  92% ] [90m[1mreimport[22m | dark_mage_move_south-east_02.png[39m[0m
[  92% ] [90m[1mreimport[22m | dark_mage_move_south-east_03.png[39m[0m
[  92% ] [90m[1mreimport[22m | dark_mage_move_south-east_04.png[39m[0m
[  92% ] [90m[1mreimport[22m | dark_mage_move_south-east_05.png[39m[0m
[  92% ] [90m[1mreimport[22m | dark_mage_move_south-west_00.png[39m[0m
[  92% ] [90m[1mreimport[22m | dark_mage_move_south-west_01.png[39m[0m
[  92% ] [90m[1mreimport[22m | dark_mage_move_south-west_02.png[39m[0m
[  92% ] [90m[1mreimport[22m | dark_mage_move_south-west_03.png[39m[0m
[  92% ] [90m[1mreimport[22m | dark_mage_move_south-west_04.png[39m[0m
[  92% ] [90m[1mreimport[22m | dark_mage_move_south-west_05.png[39m[0m
[  92% ] [90m[1mreimport[22m | dark_mage_move_south_00.png[39m[0m
[  92% ] [90m[1mreimport[22m | dark_mage_move_south_01.png[39m[0m
[  92% ] [90m[1mreimport[22m | dark_mage_move_south_02.png[39m[0m
[  92% ] [90m[1mreimport[22m | dark_mage_move_south_03.png[39m[0m
[  92% ] [90m[1mreimport[22m | dark_mage_move_south_04.png[39m[0m
[  92% ] [90m[1mreimport[22m | dark_mage_move_south_05.png[39m[0m
[  92% ] [90m[1mreimport[22m | dark_mage_move_west_00.png[39m[0m
[  92% ] [90m[1mreimport[22m | dark_mage_move_west_01.png[39m[0m
[  92% ] [90m[1mreimport[22m | dark_mage_move_west_02.png[39m[0m
[  92% ] [90m[1mreimport[22m | dark_mage_move_west_03.png[39m[0m
[  92% ] [90m[1mreimport[22m | dark_mage_move_west_04.png[39m[0m
[  92% ] [90m[1mreimport[22m | dark_mage_move_west_05.png[39m[0m
[  92% ] [90m[1mreimport[22m | doctor_idle_east.png[39m[0m
[  92% ] [90m[1mreimport[22m | doctor_idle_north-east.png[39m[0m
[  92% ] [90m[1mreimport[22m | berserk_move_west_02.png[39m[0m
[  92% ] [90m[1mreimport[22m | berserk_move_west_03.png[39m[0m
[  92% ] [90m[1mreimport[22m | berserk_move_west_04.png[39m[0m
[  92% ] [90m[1mreimport[22m | berserk_move_west_05.png[39m[0m
[  92% ] [90m[1mreimport[22m | dark_mage_idle_east.png[39m[0m
[  92% ] [90m[1mreimport[22m | dark_mage_idle_north-east.png[39m[0m
[  92% ] [90m[1mreimport[22m | dark_mage_idle_north-west.png[39m[0m
[  92% ] [90m[1mreimport[22m | dark_mage_idle_north.png[39m[0m
[  93% ] [90m[1mreimport[22m | dark_mage_idle_south-east.png[39m[0m
[  93% ] [90m[1mreimport[22m | dark_mage_idle_south-west.png[39m[0m
[  93% ] [90m[1mreimport[22m | dark_mage_idle_south.png[39m[0m
[  93% ] [90m[1mreimport[22m | dark_mage_idle_west.png[39m[0m
[  93% ] [90m[1mreimport[22m | dark_mage_move_east_00.png[39m[0m
[  93% ] [90m[1mreimport[22m | dark_mage_move_east_01.png[39m[0m
[  93% ] [90m[1mreimport[22m | dark_mage_move_east_02.png[39m[0m
[  93% ] [90m[1mreimport[22m | dark_mage_move_east_03.png[39m[0m
[  93% ] [90m[1mreimport[22m | dark_mage_move_east_04.png[39m[0m
[  93% ] [90m[1mreimport[22m | dark_mage_move_east_05.png[39m[0m
[  93% ] [90m[1mreimport[22m | dark_mage_move_north-east_00.png[39m[0m
[  93% ] [90m[1mreimport[22m | dark_mage_move_north-east_01.png[39m[0m
[  93% ] [90m[1mreimport[22m | dark_mage_move_north-east_02.png[39m[0m
[  93% ] [90m[1mreimport[22m | dark_mage_move_north-east_03.png[39m[0m
[  93% ] [90m[1mreimport[22m | dark_mage_move_north-east_04.png[39m[0m
[  93% ] [90m[1mreimport[22m | dark_mage_move_north-east_05.png[39m[0m
[  93% ] [90m[1mreimport[22m | dark_mage_move_north-west_00.png[39m[0m
[  93% ] [90m[1mreimport[22m | dark_mage_move_north-west_01.png[39m[0m
[  93% ] [90m[1mreimport[22m | dark_mage_move_north-west_02.png[39m[0m
[  93% ] [90m[1mreimport[22m | dark_mage_move_north-west_03.png[39m[0m
[  93% ] [90m[1mreimport[22m | dark_mage_move_north-west_04.png[39m[0m
[  93% ] [90m[1mreimport[22m | dark_mage_move_north-west_05.png[39m[0m
[  93% ] [90m[1mreimport[22m | dark_mage_move_north_00.png[39m[0m
[  93% ] [90m[1mreimport[22m | elite_shadow_trail.png[39m[0m
[  93% ] [90m[1mreimport[22m | elite_shockwave_ring.png[39m[0m
[  93% ] [90m[1mreimport[22m | elite_telegraph_circle.png[39m[0m
[  93% ] [90m[1mreimport[22m | enemy_command_aura_pulse.png[39m[0m
[  93% ] [90m[1mreimport[22m | enemy_reflect_thorns_aura.png[39m[0m
[  93% ] [90m[1mreimport[22m | enemy_shadow_blink_mark.png[39m[0m
[  93% ] [90m[1mreimport[22m | enemy_shard_fan_burst.png[39m[0m
[  93% ] [90m[1mreimport[22m | enemy_shield_block_front.png[39m[0m
[  93% ] [90m[1mreimport[22m | enemy_summon_portal.png[39m[0m
[  93% ] [90m[1mreimport[22m | hazard_zone.png[39m[0m
[  93% ] [90m[1mreimport[22m | impact_flash.png[39m[0m
[  93% ] [90m[1mreimport[22m | impact_ring.png[39m[0m
[  93% ] [90m[1mreimport[22m | level_up_popup_badge.png[39m[0m
[  93% ] [90m[1mreimport[22m | music_note.png[39m[0m
[  93% ] [90m[1mreimport[22m | poison_pool.png[39m[0m
[  93% ] [90m[1mreimport[22m | secret_ascension_boss_beam_telegraph.png[39m[0m
[  94% ] [90m[1mreimport[22m | secret_ascension_boss_cone_telegraph.png[39m[0m
[  94% ] [90m[1mreimport[22m | secret_ascension_boss_ring_telegraph.png[39m[0m
[  94% ] [90m[1mreimport[22m | secret_ascension_boss_rupture_telegraph.png[39m[0m
[  94% ] [90m[1mreimport[22m | slash_arc.png[39m[0m
[  94% ] [90m[1mreimport[22m | sound_wave.png[39m[0m
[  94% ] [90m[1mreimport[22m | spark_pool.png[39m[0m
[  94% ] [90m[1mreimport[22m | vfx_weapon_acid_flask.png[39m[0m
[  94% ] [90m[1mreimport[22m | vfx_weapon_axe.png[39m[0m
[  94% ] [90m[1mreimport[22m | vfx_weapon_bass_guitar.png[39m[0m
[  94% ] [90m[1mreimport[22m | vfx_weapon_biologist_sample_injector.png[39m[0m
[  94% ] [90m[1mreimport[22m | vfx_weapon_biologist_spore_lens.png[39m[0m
[  94% ] [90m[1mreimport[22m | vfx_weapon_biologist_symbiote_seed.png[39m[0m
[  94% ] [90m[1mreimport[22m | vfx_weapon_blast_powder.png[39m[0m
[  94% ] [90m[1mreimport[22m | vfx_weapon_bone_saw.png[39m[0m
[  94% ] [90m[1mreimport[22m | chemist.png[39m[0m
[  94% ] [90m[1mreimport[22m | dark_mage.png[39m[0m
[  94% ] [90m[1mreimport[22m | doctor.png[39m[0m
[  94% ] [90m[1mreimport[22m | druid.png[39m[0m
[  94% ] [90m[1mreimport[22m | elementalist.png[39m[0m
[  94% ] [90m[1mreimport[22m | elementalist_sheet.png[39m[0m
[  94% ] [90m[1mreimport[22m | engineer.png[39m[0m
[  94% ] [90m[1mreimport[22m | guitarist.png[39m[0m
[  94% ] [90m[1mreimport[22m | guitarist_sheet.png[39m[0m
[  94% ] [90m[1mreimport[22m | knight.png[39m[0m
[  94% ] [90m[1mreimport[22m | priest.png[39m[0m
[  94% ] [90m[1mreimport[22m | ranger.png[39m[0m
[  94% ] [90m[1mreimport[22m | robot.png[39m[0m
[  94% ] [90m[1mreimport[22m | sniper.png[39m[0m
[  94% ] [90m[1mreimport[22m | soldier.png[39m[0m
[  94% ] [90m[1mreimport[22m | thief.png[39m[0m
[  94% ] [90m[1mreimport[22m | thief_sheet.png[39m[0m
[  94% ] [90m[1mreimport[22m | beam_strip.png[39m[0m
[  94% ] [90m[1mreimport[22m | boss_ash_ember_zone.png[39m[0m
[  94% ] [90m[1mreimport[22m | boss_bone_prison_zone.png[39m[0m
[  94% ] [90m[1mreimport[22m | boss_brood_web_zone.png[39m[0m
[  94% ] [90m[1mreimport[22m | boss_gravity_well_zone.png[39m[0m
[  94% ] [90m[1mreimport[22m | boss_molten_armor_pulse.png[39m[0m
[  94% ] [90m[1mreimport[22m | boss_rift_zone.png[39m[0m
[  94% ] [90m[1mreimport[22m | boss_vampiric_bite_zone.png[39m[0m
[  94% ] [90m[1mreimport[22m | briar_pool.png[39m[0m
[  95% ] [90m[1mreimport[22m | dust_puff_0.png[39m[0m
[  95% ] [90m[1mreimport[22m | dust_puff_1.png[39m[0m
[  95% ] [90m[1mreimport[22m | dust_puff_2.png[39m[0m
[  95% ] [90m[1mreimport[22m | elite_crystal_shard.png[39m[0m
[  95% ] [90m[1mreimport[22m | elite_poison_lob.png[39m[0m
[  95% ] [90m[1mreimport[22m | vfx_weapon_soldier_bayonet.png[39m[0m
[  95% ] [90m[1mreimport[22m | vfx_weapon_soldier_grenade.png[39m[0m
[  95% ] [90m[1mreimport[22m | vfx_weapon_soldier_rifle.png[39m[0m
[  95% ] [90m[1mreimport[22m | vfx_weapon_sound_amp.png[39m[0m
[  95% ] [90m[1mreimport[22m | vfx_weapon_storm_longbow.png[39m[0m
[  95% ] [90m[1mreimport[22m | vfx_weapon_summon_amulet.png[39m[0m
[  95% ] [90m[1mreimport[22m | vfx_weapon_sword.png[39m[0m
[  95% ] [90m[1mreimport[22m | vfx_weapon_thief_coin_pouch.png[39m[0m
[  95% ] [90m[1mreimport[22m | vfx_weapon_thief_shadow_cloak.png[39m[0m
[  95% ] [90m[1mreimport[22m | vfx_weapon_thief_smoke_bomb.png[39m[0m
[  95% ] [90m[1mreimport[22m | vfx_weapon_tower_shield.png[39m[0m
[  95% ] [90m[1mreimport[22m | vfx_weapon_venom_wire.png[39m[0m
[  95% ] [90m[1mreimport[22m | void_orb.png[39m[0m
[  95% ] [90m[1mreimport[22m | iron_bastion_arm_r.png[39m[0m
[  95% ] [90m[1mreimport[22m | iron_bastion_leg_r.png[39m[0m
[  95% ] [90m[1mreimport[22m | iron_bastion_shield.png[39m[0m
[  95% ] [90m[1mreimport[22m | iron_bastion_torso.png[39m[0m
[  95% ] [90m[1mreimport[22m | night_stalker_arm_l.png[39m[0m
[  95% ] [90m[1mreimport[22m | night_stalker_arm_r.png[39m[0m
[  95% ] [90m[1mreimport[22m | night_stalker_leg_l.png[39m[0m
[  95% ] [90m[1mreimport[22m | night_stalker_leg_r.png[39m[0m
[  95% ] [90m[1mreimport[22m | night_stalker_torso.png[39m[0m
[  95% ] [90m[1mreimport[22m | plague_prophet_arm_l.png[39m[0m
[  95% ] [90m[1mreimport[22m | plague_prophet_arm_r.png[39m[0m
[  95% ] [90m[1mreimport[22m | plague_prophet_torso.png[39m[0m
[  95% ] [90m[1mreimport[22m | shard_marshal_arm_l.png[39m[0m
[  95% ] [90m[1mreimport[22m | shard_marshal_arm_r.png[39m[0m
[  95% ] [90m[1mreimport[22m | shard_marshal_leg_l.png[39m[0m
[  95% ] [90m[1mreimport[22m | shard_marshal_leg_r.png[39m[0m
[  95% ] [90m[1mreimport[22m | shard_marshal_torso.png[39m[0m
[  95% ] [90m[1mreimport[22m | iron_bastion_attack_primary_00.png[39m[0m
[  95% ] [90m[1mreimport[22m | vfx_weapon_briar_staff.png[39m[0m
[  95% ] [90m[1mreimport[22m | vfx_weapon_chakrams.png[39m[0m
[  95% ] [90m[1mreimport[22m | vfx_weapon_cursed_skull.png[39m[0m
[  96% ] [90m[1mreimport[22m | vfx_weapon_dark_book.png[39m[0m
[  96% ] [90m[1mreimport[22m | vfx_weapon_dark_wand.png[39m[0m
[  96% ] [90m[1mreimport[22m | vfx_weapon_electric_guitar.png[39m[0m
[  96% ] [90m[1mreimport[22m | vfx_weapon_elementalist_meteor_core.png[39m[0m
[  96% ] [90m[1mreimport[22m | vfx_weapon_elementalist_orb_ring.png[39m[0m
[  96% ] [90m[1mreimport[22m | vfx_weapon_elementalist_prism_focus.png[39m[0m
[  96% ] [90m[1mreimport[22m | vfx_weapon_engineer_pressure_mines.png[39m[0m
[  96% ] [90m[1mreimport[22m | vfx_weapon_engineer_repair_drone.png[39m[0m
[  96% ] [90m[1mreimport[22m | vfx_weapon_engineer_sentry_wrench.png[39m[0m
[  96% ] [90m[1mreimport[22m | vfx_weapon_hammer.png[39m[0m
[  96% ] [90m[1mreimport[22m | vfx_weapon_holy_flail.png[39m[0m
[  96% ] [90m[1mreimport[22m | vfx_weapon_homunculus_vial.png[39m[0m
[  96% ] [90m[1mreimport[22m | vfx_weapon_hunter_trap.png[39m[0m
[  96% ] [90m[1mreimport[22m | vfx_weapon_long_spear.png[39m[0m
[  96% ] [90m[1mreimport[22m | vfx_weapon_moon_crossbow.png[39m[0m
[  96% ] [90m[1mreimport[22m | vfx_weapon_plague_syringe.png[39m[0m
[  96% ] [90m[1mreimport[22m | vfx_weapon_priest_censer.png[39m[0m
[  96% ] [90m[1mreimport[22m | vfx_weapon_priest_chime.png[39m[0m
[  96% ] [90m[1mreimport[22m | vfx_weapon_priest_reliquary.png[39m[0m
[  96% ] [90m[1mreimport[22m | vfx_weapon_raven_totem.png[39m[0m
[  96% ] [90m[1mreimport[22m | vfx_weapon_restore_potion.png[39m[0m
[  96% ] [90m[1mreimport[22m | vfx_weapon_robot_hydraulic_press.png[39m[0m
[  96% ] [90m[1mreimport[22m | vfx_weapon_robot_magnetic_anchor.png[39m[0m
[  96% ] [90m[1mreimport[22m | vfx_weapon_robot_reactor_core.png[39m[0m
[  96% ] [90m[1mreimport[22m | vfx_weapon_shadow_daggers.png[39m[0m
[  96% ] [90m[1mreimport[22m | vfx_weapon_sniper_deadeye_rifle.png[39m[0m
[  96% ] [90m[1mreimport[22m | vfx_weapon_sniper_shatter_rounds.png[39m[0m
[  96% ] [90m[1mreimport[22m | vfx_weapon_sniper_spotter_scope.png[39m[0m
[  96% ] [90m[1mreimport[22m | priest_move_south_00.png[39m[0m
[  96% ] [90m[1mreimport[22m | priest_move_south_01.png[39m[0m
[  96% ] [90m[1mreimport[22m | priest_move_south_02.png[39m[0m
[  96% ] [90m[1mreimport[22m | priest_move_south_03.png[39m[0m
[  96% ] [90m[1mreimport[22m | priest_move_south_04.png[39m[0m
[  96% ] [90m[1mreimport[22m | priest_move_south_05.png[39m[0m
[  96% ] [90m[1mreimport[22m | priest_move_west_00.png[39m[0m
[  96% ] [90m[1mreimport[22m | priest_move_west_01.png[39m[0m
[  96% ] [90m[1mreimport[22m | priest_move_west_02.png[39m[0m
[  96% ] [90m[1mreimport[22m | priest_move_west_03.png[39m[0m
[  96% ] [90m[1mreimport[22m | priest_move_west_04.png[39m[0m
[  96% ] [90m[1mreimport[22m | priest_move_west_05.png[39m[0m
[  97% ] [90m[1mreimport[22m | cloak_back_l.png[39m[0m
[  97% ] [90m[1mreimport[22m | cloak_back_r.png[39m[0m
[  97% ] [90m[1mreimport[22m | foot_l.png[39m[0m
[  97% ] [90m[1mreimport[22m | foot_r.png[39m[0m
[  97% ] [90m[1mreimport[22m | hand_l.png[39m[0m
[  97% ] [90m[1mreimport[22m | hand_r.png[39m[0m
[  97% ] [90m[1mreimport[22m | head.png[39m[0m
[  97% ] [90m[1mreimport[22m | hood_shadow.png[39m[0m
[  97% ] [90m[1mreimport[22m | lower_arm_l.png[39m[0m
[  97% ] [90m[1mreimport[22m | lower_arm_r.png[39m[0m
[  97% ] [90m[1mreimport[22m | pelvis.png[39m[0m
[  97% ] [90m[1mreimport[22m | robe_front.png[39m[0m
[  97% ] [90m[1mreimport[22m | shin_l.png[39m[0m
[  97% ] [90m[1mreimport[22m | shin_r.png[39m[0m
[  97% ] [90m[1mreimport[22m | thigh_l.png[39m[0m
[  97% ] [90m[1mreimport[22m | thigh_r.png[39m[0m
[  97% ] [90m[1mreimport[22m | torso.png[39m[0m
[  97% ] [90m[1mreimport[22m | upper_arm_l.png[39m[0m
[  97% ] [90m[1mreimport[22m | upper_arm_r.png[39m[0m
[  97% ] [90m[1mreimport[22m | priest_move_east_05.png[39m[0m
[  97% ] [90m[1mreimport[22m | priest_move_north-east_00.png[39m[0m
[  97% ] [90m[1mreimport[22m | priest_move_north-east_01.png[39m[0m
[  97% ] [90m[1mreimport[22m | priest_move_north-east_02.png[39m[0m
[  97% ] [90m[1mreimport[22m | priest_move_north-east_03.png[39m[0m
[  97% ] [90m[1mreimport[22m | priest_move_north-east_04.png[39m[0m
[  97% ] [90m[1mreimport[22m | priest_move_north-east_05.png[39m[0m
[  97% ] [90m[1mreimport[22m | priest_move_north-west_00.png[39m[0m
[  97% ] [90m[1mreimport[22m | priest_move_north-west_01.png[39m[0m
[  97% ] [90m[1mreimport[22m | priest_move_north-west_02.png[39m[0m
[  97% ] [90m[1mreimport[22m | priest_move_north-west_03.png[39m[0m
[  97% ] [90m[1mreimport[22m | priest_move_north-west_04.png[39m[0m
[  97% ] [90m[1mreimport[22m | priest_move_north-west_05.png[39m[0m
[  97% ] [90m[1mreimport[22m | priest_move_north_00.png[39m[0m
[  97% ] [90m[1mreimport[22m | priest_move_north_01.png[39m[0m
[  97% ] [90m[1mreimport[22m | priest_move_north_02.png[39m[0m
[  97% ] [90m[1mreimport[22m | priest_move_north_03.png[39m[0m
[  97% ] [90m[1mreimport[22m | priest_move_north_04.png[39m[0m
[  97% ] [90m[1mreimport[22m | priest_move_north_05.png[39m[0m
[  97% ] [90m[1mreimport[22m | priest_move_south-east_00.png[39m[0m
[  98% ] [90m[1mreimport[22m | priest_move_south-east_01.png[39m[0m
[  98% ] [90m[1mreimport[22m | priest_move_south-east_02.png[39m[0m
[  98% ] [90m[1mreimport[22m | priest_move_south-east_03.png[39m[0m
[  98% ] [90m[1mreimport[22m | priest_move_south-east_04.png[39m[0m
[  98% ] [90m[1mreimport[22m | priest_move_south-east_05.png[39m[0m
[  98% ] [90m[1mreimport[22m | priest_move_south-west_00.png[39m[0m
[  98% ] [90m[1mreimport[22m | priest_move_south-west_01.png[39m[0m
[  98% ] [90m[1mreimport[22m | priest_move_south-west_02.png[39m[0m
[  98% ] [90m[1mreimport[22m | priest_move_south-west_03.png[39m[0m
[  98% ] [90m[1mreimport[22m | priest_move_south-west_04.png[39m[0m
[  98% ] [90m[1mreimport[22m | priest_move_south-west_05.png[39m[0m
[  98% ] [90m[1mreimport[22m | dark_mage_v2_idle_source.png[39m[0m
[  98% ] [90m[1mreimport[22m | dark_mage_v2_sheet_source_handoff.png[39m[0m
[  98% ] [90m[1mreimport[22m | elementalist_v2_anim_sheet.png[39m[0m
[  98% ] [90m[1mreimport[22m | elementalist_v2_idle_source.png[39m[0m
[  98% ] [90m[1mreimport[22m | elementalist_v2_sheet.png[39m[0m
[  98% ] [90m[1mreimport[22m | elementalist_v2_sheet_source_handoff.png[39m[0m
[  98% ] [90m[1mreimport[22m | engineer_v2_idle_source.png[39m[0m
[  98% ] [90m[1mreimport[22m | engineer_v2_sheet.png[39m[0m
[  98% ] [90m[1mreimport[22m | engineer_v2_sheet_source_handoff.png[39m[0m
[  98% ] [90m[1mreimport[22m | guitarist_v2_anim_sheet.png[39m[0m
[  98% ] [90m[1mreimport[22m | guitarist_v2_idle_source.png[39m[0m
[  98% ] [90m[1mreimport[22m | guitarist_v2_sheet.png[39m[0m
[  98% ] [90m[1mreimport[22m | guitarist_v2_sheet_source_handoff.png[39m[0m
[  98% ] [90m[1mreimport[22m | priest_v2_idle_source.png[39m[0m
[  98% ] [90m[1mreimport[22m | priest_v2_sheet.png[39m[0m
[  98% ] [90m[1mreimport[22m | priest_v2_sheet_source_handoff.png[39m[0m
[  98% ] [90m[1mreimport[22m | robot_v2_idle_source.png[39m[0m
[  98% ] [90m[1mreimport[22m | robot_v2_sheet_source_handoff.png[39m[0m
[  98% ] [90m[1mreimport[22m | sniper_v2_idle_source.png[39m[0m
[  98% ] [90m[1mreimport[22m | sniper_v2_sheet.png[39m[0m
[  98% ] [90m[1mreimport[22m | sniper_v2_sheet_source_handoff.png[39m[0m
[  98% ] [90m[1mreimport[22m | thief_v2_anim_sheet.png[39m[0m
[  98% ] [90m[1mreimport[22m | thief_v2_idle_source.png[39m[0m
[  98% ] [90m[1mreimport[22m | thief_v2_sheet.png[39m[0m
[  98% ] [90m[1mreimport[22m | thief_v2_sheet_source_handoff.png[39m[0m
[  98% ] [90m[1mreimport[22m | assassin.png[39m[0m
[  98% ] [90m[1mreimport[22m | berserk_unarmed.png[39m[0m
[  98% ] [90m[1mreimport[22m | berserk_v3_sprite.png[39m[0m
[  98% ] [90m[1mreimport[22m | berserk_walk_sheet_v2.png[39m[0m
[  99% ] [90m[1mreimport[22m | biologist.png[39m[0m
[  99% ] [90m[1mreimport[22m | biologist_sheet.png[39m[0m
[  99% ] [90m[1mreimport[22m | dark_mage_skeleton_source_from_runtime.png[39m[0m
[  99% ] [90m[1mreimport[22m | cape_l.png[39m[0m
[  99% ] [90m[1mreimport[22m | cape_r.png[39m[0m
[  99% ] [90m[1mreimport[22m | foot_l.png[39m[0m
[  99% ] [90m[1mreimport[22m | foot_r.png[39m[0m
[  99% ] [90m[1mreimport[22m | hand_l.png[39m[0m
[  99% ] [90m[1mreimport[22m | hand_r.png[39m[0m
[  99% ] [90m[1mreimport[22m | head.png[39m[0m
[  99% ] [90m[1mreimport[22m | lower_arm_l.png[39m[0m
[  99% ] [90m[1mreimport[22m | lower_arm_r.png[39m[0m
[  99% ] [90m[1mreimport[22m | pelvis.png[39m[0m
[  99% ] [90m[1mreimport[22m | shin_l.png[39m[0m
[  99% ] [90m[1mreimport[22m | shin_r.png[39m[0m
[  99% ] [90m[1mreimport[22m | shoulder_armor_l.png[39m[0m
[  99% ] [90m[1mreimport[22m | shoulder_armor_r.png[39m[0m
[  99% ] [90m[1mreimport[22m | dark_mage_v2_anim_sheet.png[39m[0m
[  99% ] [90m[1mreimport[22m | biologist_v2_sheet_source_handoff.png[39m[0m
[  99% ] [90m[1mreimport[22m | biologist_v2_sheet.png[39m[0m
[  99% ] [90m[1mreimport[22m | biologist_v2_idle_source.png[39m[0m
[  99% ] [90m[1mreimport[22m | berserk_v2_sheet_source_handoff.png[39m[0m
[  99% ] [90m[1mreimport[22m | berserk_v2_idle_source.png[39m[0m
[  99% ] [90m[1mreimport[22m | berserk_v2_anim_sheet.png[39m[0m
[  99% ] [90m[1mreimport[22m | assassin_v2_sheet_source_handoff.png[39m[0m
[  99% ] [90m[1mreimport[22m | assassin_v2_idle_source.png[39m[0m
[  99% ] [90m[1mreimport[22m | assassin_v2_anim_sheet.png[39m[0m
[  99% ] [90m[1mreimport[22m | knight_skeleton_source_from_runtime.png[39m[0m
[  99% ] [90m[1mreimport[22m | upper_arm_r.png[39m[0m
[  99% ] [90m[1mreimport[22m | upper_arm_l.png[39m[0m
[  99% ] [90m[1mreimport[22m | character_balance_dps.csv[39m[0m
[  99% ] [90m[1mreimport[22m | class_damage_table_3variants.csv[39m[0m
[  99% ] [90m[1mreimport[22m | music_boss_battle.mp3[39m[0m
[  99% ] [90m[1mreimport[22m | ui_hud_bar_fill_ult.png[39m[0m
[  99% ] [90m[1mreimport[22m | ui_hud_bar_fill_xp.png[39m[0m
[  99% ] [90m[1mreimport[22m | ui_hud_gold_medallion.png[39m[0m
[  99% ] [90m[1mreimport[22m | hud_hp.png[39m[0m
[  99% ] [90m[1mreimport[22m | hud_money.png[39m[0m
[  99% ] [90m[1mreimport[22m | Finalizing Asset Import...[39m[0m
[92m[ DONE ][39m [1mreimport[22m
[0m
[   0% ] [90m[1mreimport[22m | Started (Re)Importing Assets (3954 steps)[39m[0m
[   0% ] [90m[1mreimport[22m | Executing post-reimport operations...[39m[0m
[92m[ DONE ][39m [1mreimport[22m
[0m
[   0% ] [90m[1mloading_editor_layout[22m | Started Loading editor (5 steps)[39m[0m
[   0% ] [90m[1mloading_editor_layout[22m | Loading editor layout...[39m[0m
[  16% ] [90m[1mloading_editor_layout[22m | Loading docks...[39m[0m
[92m[ DONE ][39m [1mloading_editor_layout[22m
[0m
Godot Engine v4.7.stable.official.5b4e0cb0f - https://godotengine.org

Runtime UI smoke suite passed.
