elapsed_s,frame_ms,engine_fps,process_ms,physics_ms,memory_mib,objects,nodes,orphans,draw_calls,render_objects,primitives,physics_objects,collision_pairs
0.013767,13.767000,120.000,14.642000,0.019000,117.273852,2688,43,0,23,88,176,0,0
0.018200,4.433000,120.000,14.642000,0.019000,117.277919,2689,43,0,23,88,176,0,0
0.030475,12.275000,120.000,14.642000,0.019000,117.278304,2689,43,0,23,88,176,0,0
0.033071,2.596000,120.000,14.642000,0.019000,117.279052,2689,43,0,23,88,176,0,0
0.047211,14.140000,120.000,14.642000,0.019000,117.280082,2689,43,0,23,88,176,0,0
0.049754,2.543000,120.000,14.642000,0.019000,117.280540,2689,43,0,23,88,176,0,0
0.063663,13.909000,120.000,14.642000,0.019000,117.281867,2689,43,0,23,88,176,0,0
0.066605,2.942000,120.000,14.642000,0.019000,117.282302,2689,43,0,23,88,176,0,0
0.080765,14.160000,120.000,14.642000,0.019000,117.282767,2689,43,0,23,88,176,0,0
0.083379,2.614000,120.000,14.642000,0.019000,117.284392,2689,43,0,23,88,176,0,0
0.096565,13.186000,120.000,14.642000,0.019000,117.284827,2689,43,0,23,88,176,0,0
0.099352,2.787000,120.000,14.642000,0.019000,117.285262,2689,43,0,23,88,176,0,0
0.113867,14.515000,120.000,14.642000,0.019000,117.285743,2689,43,0,23,88,176,0,0
0.116497,2.630000,120.000,14.642000,0.019000,117.287963,2689,43,0,23,88,176,0,0
0.130530,14.033000,120.000,14.642000,0.019000,117.288398,2689,43,0,23,88,176,0,0
0.133350,2.820000,120.000,14.642000,0.019000,117.288798,2689,43,0,23,88,176,0,0
0.147135,13.785000,120.000,14.642000,0.019000,117.289176,2689,43,0,23,88,176,0,0
0.150395,3.260000,120.000,14.642000,0.019000,117.289611,2689,43,0,23,88,176,0,0
0.163787,13.392000,120.000,14.642000,0.019000,117.290114,2689,43,0,23,88,176,0,0
0.167351,3.564000,120.000,14.642000,0.019000,117.293227,2689,43,0,23,88,176,0,0
0.180561,13.210000,120.000,14.642000,0.019000,117.293662,2689,43,0,23,88,176,0,0
0.183985,3.424000,120.000,14.642000,0.019000,117.294097,2689,43,0,23,88,176,0,0
0.197449,13.464000,120.000,14.642000,0.019000,117.294532,2689,43,0,23,88,176,0,0
0.200680,3.231000,120.000,14.642000,0.019000,117.294967,2689,43,0,23,88,176,0,0
0.214229,13.549000,120.000,14.642000,0.019000,117.295344,2689,43,0,23,88,176,0,0
0.217410,3.181000,120.000,14.642000,0.019000,117.295779,2689,43,0,23,88,176,0,0
0.230751,13.341000,120.000,14.642000,0.019000,117.296157,2689,43,0,23,88,176,0,0
0.234041,3.290000,120.000,14.642000,0.019000,117.296699,2689,43,0,23,88,176,0,0
0.247576,13.535000,120.000,14.642000,0.019000,117.301299,2689,43,0,23,88,176,0,0
0.252497,4.921000,120.000,14.642000,0.019000,117.301734,2689,43,0,23,88,176,0,0
0.264147,11.650000,120.000,14.642000,0.019000,117.302169,2689,43,0,23,88,176,0,0
0.268087,3.940000,120.000,14.642000,0.019000,117.302604,2689,43,0,23,88,176,0,0
0.280780,12.693000,120.000,14.642000,0.019000,117.303039,2689,43,0,23,88,176,0,0
0.284322,3.542000,120.000,14.642000,0.019000,117.303439,2689,43,0,23,88,176,0,0
0.297313,12.991000,120.000,14.642000,0.019000,117.303874,2689,43,0,23,88,176,0,0
0.300456,3.143000,120.000,14.642000,0.019000,117.304309,2689,43,0,23,88,176,0,0
0.313959,13.503000,120.000,14.642000,0.019000,117.304744,2689,43,0,23,88,176,0,0
0.317013,3.054000,120.000,14.642000,0.019000,117.305179,2689,43,0,23,88,176,0,0
0.330817,13.804000,120.000,14.642000,0.019000,117.305614,2689,43,0,23,88,176,0,0
0.334000,3.183000,120.000,14.642000,0.019000,117.306048,2689,43,0,23,88,176,0,0
0.347443,13.443000,120.000,14.642000,0.019000,117.306483,2689,43,0,23,88,176,0,0
0.351041,3.598000,120.000,14.642000,0.019000,117.307078,2689,43,0,23,88,176,0,0
0.364151,13.110000,120.000,14.642000,0.019000,117.313762,2689,43,0,23,88,176,0,0
0.367647,3.496000,120.000,14.642000,0.019000,117.314197,2689,43,0,23,88,176,0,0
0.380892,13.245000,120.000,14.642000,0.019000,117.314631,2689,43,0,23,88,176,0,0
0.384903,4.011000,120.000,14.642000,0.019000,117.315066,2689,43,0,23,88,176,0,0
0.397454,12.551000,120.000,14.642000,0.019000,117.315501,2689,43,0,23,88,176,0,0
0.400878,3.424000,120.000,14.642000,0.019000,117.315936,2689,43,0,23,88,176,0,0
0.414254,13.376000,118.000,16.512000,0.020000,117.316371,2689,43,0,23,88,176,0,0
0.417707,3.453000,118.000,16.512000,0.020000,117.316806,2689,43,0,23,88,176,0,0
0.430383,12.676000,118.000,16.512000,0.020000,117.317241,2689,43,0,23,88,176,0,0
0.434412,4.029000,118.000,16.512000,0.020000,117.317676,2689,43,0,23,88,176,0,0
0.447519,13.107000,118.000,16.512000,0.020000,117.318110,2689,43,0,23,88,176,0,0
0.451264,3.745000,118.000,16.512000,0.020000,117.318545,2689,43,0,23,88,176,0,0
0.464100,12.836000,118.000,16.512000,0.020000,117.318980,2689,43,0,23,88,176,0,0
0.467594,3.494000,118.000,16.512000,0.020000,117.319381,2689,43,0,23,88,176,0,0
0.480789,13.195000,118.000,16.512000,0.020000,117.319816,2689,43,0,23,88,176,0,0
0.484403,3.614000,118.000,16.512000,0.020000,117.320251,2689,43,0,23,88,176,0,0
0.496980,12.577000,118.000,16.512000,0.020000,117.320685,2689,43,0,23,88,176,0,0
0.500546,3.566000,118.000,16.512000,0.020000,117.321086,2689,43,0,23,88,176,0,0
0.514164,13.618000,118.000,16.512000,0.020000,117.321521,2689,43,0,23,88,176,0,0
0.517663,3.499000,118.000,16.512000,0.020000,117.321956,2689,43,0,23,88,176,0,0
0.530782,13.119000,118.000,16.512000,0.020000,117.322627,2689,43,0,23,88,176,0,0
0.534336,3.554000,118.000,16.512000,0.020000,117.332286,2689,43,0,23,88,176,0,0
0.547447,13.111000,118.000,16.512000,0.020000,117.332721,2689,43,0,23,88,176,0,0
0.551009,3.562000,118.000,16.512000,0.020000,117.333156,2689,43,0,23,88,176,0,0
0.564081,13.072000,118.000,16.512000,0.020000,117.333591,2689,43,0,23,88,176,0,0
0.568033,3.952000,118.000,16.512000,0.020000,117.334025,2689,43,0,23,88,176,0,0
0.580842,12.809000,118.000,16.512000,0.020000,117.334460,2689,43,0,23,88,176,0,0
0.584121,3.279000,118.000,16.512000,0.020000,117.334895,2689,43,0,23,88,176,0,0
0.597219,13.098000,118.000,16.512000,0.020000,117.335330,2689,43,0,23,88,176,0,0
0.600616,3.397000,118.000,16.512000,0.020000,117.335765,2689,43,0,23,88,176,0,0
0.613510,12.894000,118.000,16.512000,0.020000,117.336200,2689,43,0,23,88,176,0,0
0.617146,3.636000,118.000,16.512000,0.020000,117.336600,2689,43,0,23,88,176,0,0
0.630702,13.556000,118.000,16.512000,0.020000,117.337035,2689,43,0,23,88,176,0,0
0.634130,3.428000,118.000,16.512000,0.020000,117.337470,2689,43,0,23,88,176,0,0
0.647517,13.387000,118.000,16.512000,0.020000,117.337848,2689,43,0,23,88,176,0,0
0.651147,3.630000,118.000,16.512000,0.020000,117.338283,2689,43,0,23,88,176,0,0
0.664150,13.003000,118.000,16.512000,0.020000,117.338717,2689,43,0,23,88,176,0,0
0.667732,3.582000,118.000,16.512000,0.020000,117.339118,2689,43,0,23,88,176,0,0
0.680772,13.040000,118.000,16.512000,0.020000,117.339553,2689,43,0,23,88,176,0,0
0.683971,3.199000,118.000,16.512000,0.020000,117.339988,2689,43,0,23,88,176,0,0
0.697149,13.178000,118.000,16.512000,0.020000,117.340423,2689,43,0,23,88,176,0,0
0.706071,8.922000,118.000,16.512000,0.020000,117.340858,2689,43,0,23,88,176,0,0
0.710632,4.561000,118.000,16.512000,0.020000,117.341292,2689,43,0,23,88,176,0,0
0.721683,11.051000,118.000,16.512000,0.020000,117.341727,2689,43,0,23,88,176,0,0
0.725489,3.806000,118.000,16.512000,0.020000,117.342162,2689,43,0,23,88,176,0,0
0.738780,13.291000,118.000,16.512000,0.020000,117.342597,2689,43,0,23,88,176,0,0
0.742281,3.501000,118.000,16.512000,0.020000,117.342998,2689,43,0,23,88,176,0,0
0.755421,13.140000,118.000,16.512000,0.020000,117.343432,2689,43,0,23,88,176,0,0
0.758888,3.467000,118.000,16.512000,0.020000,117.343867,2689,43,0,23,88,176,0,0
0.772219,13.331000,118.000,16.512000,0.020000,117.344302,2689,43,0,23,88,176,0,0
0.775670,3.451000,118.000,16.512000,0.020000,117.344737,2689,43,0,23,88,176,0,0
0.788828,13.158000,118.000,16.512000,0.020000,117.345473,2689,43,0,23,88,176,0,0
0.792103,3.275000,118.000,16.512000,0.020000,117.359893,2689,43,0,23,88,176,0,0
0.805489,13.386000,118.000,16.512000,0.020000,117.360328,2689,43,0,23,88,176,0,0
0.809006,3.517000,118.000,16.512000,0.020000,117.360763,2689,43,0,23,88,176,0,0
0.822047,13.041000,118.000,16.512000,0.020000,117.361197,2689,43,0,23,88,176,0,0
0.825452,3.405000,118.000,16.512000,0.020000,117.361632,2689,43,0,23,88,176,0,0
0.838780,13.328000,118.000,16.512000,0.020000,117.362067,2689,43,0,23,88,176,0,0
0.842314,3.534000,118.000,16.512000,0.020000,117.362468,2689,43,0,23,88,176,0,0
0.855479,13.165000,118.000,16.512000,0.020000,117.362903,2689,43,0,23,88,176,0,0
0.858902,3.423000,118.000,16.512000,0.020000,117.363338,2689,43,0,23,88,176,0,0
0.872378,13.476000,118.000,16.512000,0.020000,117.363772,2689,43,0,23,88,176,0,0
0.875815,3.437000,118.000,16.512000,0.020000,117.364207,2689,43,0,23,88,176,0,0
0.889193,13.378000,118.000,16.512000,0.020000,117.364642,2689,43,0,23,88,176,0,0
0.892732,3.539000,118.000,16.512000,0.020000,117.365077,2689,43,0,23,88,176,0,0
0.905840,13.108000,118.000,16.512000,0.020000,117.365512,2689,43,0,23,88,176,0,0
0.909408,3.568000,118.000,16.512000,0.020000,117.365912,2689,43,0,23,88,176,0,0
0.922257,12.849000,118.000,16.512000,0.020000,117.366347,2689,43,0,23,88,176,0,0
0.925790,3.533000,118.000,16.512000,0.020000,117.366782,2689,43,0,23,88,176,0,0
0.939132,13.342000,118.000,16.512000,0.020000,117.367160,2689,43,0,23,88,176,0,0
0.942286,3.154000,118.000,16.512000,0.020000,117.367595,2689,43,0,23,88,176,0,0
0.955506,13.220000,118.000,16.512000,0.020000,117.368030,2689,43,0,23,88,176,0,0
0.963272,7.766000,118.000,16.512000,0.020000,117.368464,2689,43,0,23,88,176,0,0
0.968647,5.375000,118.000,16.512000,0.020000,117.368899,2689,43,0,23,88,176,0,0
0.979960,11.313000,118.000,16.512000,0.020000,117.369334,2689,43,0,23,88,176,0,0
0.983394,3.434000,118.000,16.512000,0.020000,117.369735,2689,43,0,23,88,176,0,0
0.997094,13.700000,118.000,16.512000,0.020000,117.370170,2689,43,0,23,88,176,0,0
1.002510,5.416000,118.000,16.512000,0.020000,117.370605,2689,43,0,23,88,176,0,0
1.013692,11.182000,118.000,16.512000,0.020000,117.371257,2689,43,0,23,88,176,0,0
1.017095,3.403000,118.000,16.512000,0.020000,117.371692,2689,43,0,23,88,176,0,0
1.030495,13.400000,118.000,16.512000,0.020000,117.372127,2689,43,0,23,88,176,0,0
1.034088,3.593000,118.000,16.512000,0.020000,117.372561,2689,43,0,23,88,176,0,0
1.047137,13.049000,118.000,16.512000,0.020000,117.372996,2689,43,0,23,88,176,0,0
1.050477,3.340000,118.000,16.512000,0.020000,117.373431,2689,43,0,23,88,176,0,0
1.063740,13.263000,118.000,16.512000,0.020000,117.373866,2689,43,0,23,88,176,0,0
1.066989,3.249000,118.000,16.512000,0.020000,117.374267,2689,43,0,23,88,176,0,0
1.080407,13.418000,118.000,16.512000,0.020000,117.374701,2689,43,0,23,88,176,0,0
1.083457,3.050000,118.000,16.512000,0.020000,117.375136,2689,43,0,23,88,176,0,0
1.097163,13.706000,118.000,16.512000,0.020000,117.375571,2689,43,0,23,88,176,0,0
1.100364,3.201000,118.000,16.512000,0.020000,117.376006,2689,43,0,23,88,176,0,0
1.116566,16.202000,118.000,16.512000,0.020000,117.376441,2689,43,0,23,88,176,0,0
1.119000,2.434000,118.000,16.512000,0.020000,117.376876,2689,43,0,23,88,176,0,0
1.130418,11.418000,118.000,16.512000,0.020000,117.377311,2689,43,0,23,88,176,0,0
1.132818,2.400000,118.000,16.512000,0.020000,117.377746,2689,43,0,23,88,176,0,0
1.147231,14.413000,118.000,16.512000,0.020000,117.378181,2689,43,0,23,88,176,0,0
1.149676,2.445000,118.000,16.512000,0.020000,117.378615,2689,43,0,23,88,176,0,0
1.163858,14.182000,118.000,16.512000,0.020000,117.379050,2689,43,0,23,88,176,0,0
1.166401,2.543000,118.000,16.512000,0.020000,117.379485,2689,43,0,23,88,176,0,0
1.180486,14.085000,118.000,16.512000,0.020000,117.380454,2689,43,0,23,88,176,0,0
1.183085,2.599000,118.000,16.512000,0.020000,117.401717,2689,43,0,23,88,176,0,0
1.197121,14.036000,118.000,16.512000,0.020000,117.402152,2689,43,0,23,88,176,0,0
1.199783,2.662000,118.000,16.512000,0.020000,117.402587,2689,43,0,23,88,176,0,0
1.213936,14.153000,118.000,16.512000,0.020000,117.403022,2689,43,0,23,88,176,0,0
1.216445,2.509000,118.000,16.512000,0.020000,117.403457,2689,43,0,23,88,176,0,0
1.230474,14.029000,118.000,16.512000,0.020000,117.403892,2689,43,0,23,88,176,0,0
1.232866,2.392000,118.000,16.512000,0.020000,117.404326,2689,43,0,23,88,176,0,0
1.246598,13.732000,118.000,16.512000,0.020000,117.404761,2689,43,0,23,88,176,0,0
1.250620,4.022000,118.000,16.512000,0.020000,117.405196,2689,43,0,23,88,176,0,0
1.263793,13.173000,118.000,16.512000,0.020000,117.405574,2689,43,0,23,88,176,0,0
1.266716,2.923000,118.000,16.512000,0.020000,117.406009,2689,43,0,23,88,176,0,0
1.280416,13.700000,118.000,16.512000,0.020000,117.406444,2689,43,0,23,88,176,0,0
1.283989,3.573000,118.000,16.512000,0.020000,117.406878,2689,43,0,23,88,176,0,0
1.297023,13.034000,118.000,16.512000,0.020000,117.407313,2689,43,0,23,88,176,0,0
1.300599,3.576000,118.000,16.512000,0.020000,117.407748,2689,43,0,23,88,176,0,0
1.313654,13.055000,118.000,16.512000,0.020000,117.408183,2689,43,0,23,88,176,0,0
1.317226,3.572000,118.000,16.512000,0.020000,117.408618,2689,43,0,23,88,176,0,0
1.330447,13.221000,118.000,16.512000,0.020000,117.409053,2689,43,0,23,88,176,0,0
1.333986,3.539000,118.000,16.512000,0.020000,117.409488,2689,43,0,23,88,176,0,0
1.347098,13.112000,118.000,16.512000,0.020000,117.409923,2689,43,0,23,88,176,0,0
1.350649,3.551000,118.000,16.512000,0.020000,117.410357,2689,43,0,23,88,176,0,0
1.363450,12.801000,118.000,16.512000,0.020000,117.410792,2689,43,0,23,88,176,0,0
1.366877,3.427000,118.000,16.512000,0.020000,117.411193,2689,43,0,23,88,176,0,0
1.380481,13.604000,118.000,16.512000,0.020000,117.411628,2689,43,0,23,88,176,0,0
1.384026,3.545000,118.000,16.512000,0.020000,117.412063,2689,43,0,23,88,176,0,0
1.397118,13.092000,118.000,16.512000,0.020000,117.412498,2689,43,0,23,88,176,0,0
1.400605,3.487000,118.000,16.512000,0.020000,117.412932,2689,43,0,23,88,176,0,0
1.413704,13.099000,120.000,14.359000,0.035000,117.413367,2689,43,0,23,88,176,0,0
1.417263,3.559000,120.000,14.359000,0.035000,117.413802,2689,43,0,23,88,176,0,0
1.430493,13.230000,120.000,14.359000,0.035000,117.414237,2689,43,0,23,88,176,0,0
1.433927,3.434000,120.000,14.359000,0.035000,117.414672,2689,43,0,23,88,176,0,0
1.447136,13.209000,120.000,14.359000,0.035000,117.415107,2689,43,0,23,88,176,0,0
1.450586,3.450000,120.000,14.359000,0.035000,117.415542,2689,43,0,23,88,176,0,0
1.463351,12.765000,120.000,14.359000,0.035000,117.415977,2689,43,0,23,88,176,0,0
1.466712,3.361000,120.000,14.359000,0.035000,117.416411,2689,43,0,23,88,176,0,0
1.480417,13.705000,120.000,14.359000,0.035000,117.416846,2689,43,0,23,88,176,0,0
1.483974,3.557000,120.000,14.359000,0.035000,117.417281,2689,43,0,23,88,176,0,0
1.497052,13.078000,120.000,14.359000,0.035000,117.417716,2689,43,0,23,88,176,0,0
1.500572,3.520000,120.000,14.359000,0.035000,117.418151,2689,43,0,23,88,176,0,0
1.513805,13.233000,120.000,14.359000,0.035000,117.418586,2689,43,0,23,88,176,0,0
1.517265,3.460000,120.000,14.359000,0.035000,117.419021,2689,43,0,23,88,176,0,0
1.530458,13.193000,120.000,14.359000,0.035000,117.419456,2689,43,0,23,88,176,0,0
1.533710,3.252000,120.000,14.359000,0.035000,117.419890,2689,43,0,23,88,176,0,0
1.547121,13.411000,120.000,14.359000,0.035000,117.420268,2689,43,0,23,88,176,0,0
1.550659,3.538000,120.000,14.359000,0.035000,117.420703,2689,43,0,23,88,176,0,0
1.563724,13.065000,120.000,14.359000,0.035000,117.421138,2689,43,0,23,88,176,0,0
1.567175,3.451000,120.000,14.359000,0.035000,117.421573,2689,43,0,23,88,176,0,0
1.580321,13.146000,120.000,14.359000,0.035000,117.422008,2689,43,0,23,88,176,0,0
1.583819,3.498000,120.000,14.359000,0.035000,117.422442,2689,43,0,23,88,176,0,0
1.597134,13.315000,120.000,14.359000,0.035000,117.422877,2689,43,0,23,88,176,0,0
1.600697,3.563000,120.000,14.359000,0.035000,117.423312,2689,43,0,23,88,176,0,0
1.613756,13.059000,120.000,14.359000,0.035000,117.423747,2689,43,0,23,88,176,0,0
1.617289,3.533000,120.000,14.359000,0.035000,117.424182,2689,43,0,23,88,176,0,0
1.630396,13.107000,120.000,14.359000,0.035000,117.424617,2689,43,0,23,88,176,0,0
1.633874,3.478000,120.000,14.359000,0.035000,117.425052,2689,43,0,23,88,176,0,0
1.647183,13.309000,120.000,14.359000,0.035000,117.425487,2689,43,0,23,88,176,0,0
1.650757,3.574000,120.000,14.359000,0.035000,117.425921,2689,43,0,23,88,176,0,0
1.663783,13.026000,120.000,14.359000,0.035000,117.426356,2689,43,0,23,88,176,0,0
1.667201,3.418000,120.000,14.359000,0.035000,117.426791,2689,43,0,23,88,176,0,0
1.680019,12.818000,120.000,14.359000,0.035000,117.427226,2689,43,0,23,88,176,0,0
1.683537,3.518000,120.000,14.359000,0.035000,117.427661,2689,43,0,23,88,176,0,0
1.697227,13.690000,120.000,14.359000,0.035000,117.428096,2689,43,0,23,88,176,0,0
1.700778,3.551000,120.000,14.359000,0.035000,117.428531,2689,43,0,23,88,176,0,0
1.713828,13.050000,120.000,14.359000,0.035000,117.428966,2689,43,0,23,88,176,0,0
1.717289,3.461000,120.000,14.359000,0.035000,117.429400,2689,43,0,23,88,176,0,0
1.730292,13.003000,120.000,14.359000,0.035000,117.429835,2689,43,0,23,88,176,0,0
1.733812,3.520000,120.000,14.359000,0.035000,117.430270,2689,43,0,23,88,176,0,0
1.746597,12.785000,120.000,14.359000,0.035000,117.430705,2689,43,0,23,88,176,0,0
1.750055,3.458000,120.000,14.359000,0.035000,117.431140,2689,43,0,23,88,176,0,0
1.763743,13.688000,120.000,14.359000,0.035000,117.432376,2689,43,0,23,88,176,0,0
1.767289,3.546000,120.000,14.359000,0.035000,117.464053,2689,43,0,23,88,176,0,0
1.780355,13.066000,120.000,14.359000,0.035000,117.464488,2689,43,0,23,88,176,0,0
1.786330,5.975000,120.000,14.359000,0.035000,117.464923,2689,43,0,23,88,176,0,0
1.796412,10.082000,120.000,14.359000,0.035000,117.465301,2689,43,0,23,88,176,0,0
1.799681,3.269000,120.000,14.359000,0.035000,117.465735,2689,43,0,23,88,176,0,0
1.813127,13.446000,120.000,14.359000,0.035000,117.466170,2689,43,0,23,88,176,0,0
1.816582,3.455000,120.000,14.359000,0.035000,117.466605,2689,43,0,23,88,176,0,0
1.830355,13.773000,120.000,14.359000,0.035000,117.467040,2689,43,0,23,88,176,0,0
1.833743,3.388000,120.000,14.359000,0.035000,117.467475,2689,43,0,23,88,176,0,0
1.847201,13.458000,120.000,14.359000,0.035000,117.467910,2689,43,0,23,88,176,0,0
1.850768,3.567000,120.000,14.359000,0.035000,117.468345,2689,43,0,23,88,176,0,0
1.863789,13.021000,120.000,14.359000,0.035000,117.468780,2689,43,0,23,88,176,0,0
1.867211,3.422000,120.000,14.359000,0.035000,117.469214,2689,43,0,23,88,176,0,0
1.880438,13.227000,120.000,14.359000,0.035000,117.469649,2689,43,0,23,88,176,0,0
1.883944,3.506000,120.000,14.359000,0.035000,117.470084,2689,43,0,23,88,176,0,0
1.897060,13.116000,120.000,14.359000,0.035000,117.470519,2689,43,0,23,88,176,0,0
1.900620,3.560000,120.000,14.359000,0.035000,117.470920,2689,43,0,23,88,176,0,0
1.913704,13.084000,120.000,14.359000,0.035000,117.471297,2689,43,0,23,88,176,0,0
1.917232,3.528000,120.000,14.359000,0.035000,117.471732,2689,43,0,23,88,176,0,0
1.929865,12.633000,120.000,14.359000,0.035000,117.472167,2689,43,0,23,88,176,0,0
1.933356,3.491000,120.000,14.359000,0.035000,117.472602,2689,43,0,23,88,176,0,0
1.946549,13.193000,120.000,14.359000,0.035000,117.473037,2689,43,0,23,88,176,0,0
1.949996,3.447000,120.000,14.359000,0.035000,117.473472,2689,43,0,23,88,176,0,0
1.963724,13.728000,120.000,14.359000,0.035000,117.473907,2689,43,0,23,88,176,0,0
1.967277,3.553000,120.000,14.359000,0.035000,117.474341,2689,43,0,23,88,176,0,0
1.980365,13.088000,120.000,14.359000,0.035000,117.474776,2689,43,0,23,88,176,0,0
1.983821,3.456000,120.000,14.359000,0.035000,117.475211,2689,43,0,23,88,176,0,0
1.997144,13.323000,120.000,14.359000,0.035000,117.475646,2689,43,0,23,88,176,0,0
2.000592,3.448000,120.000,14.359000,0.035000,117.476081,2689,43,0,23,88,176,0,0
2.013811,13.219000,120.000,14.359000,0.035000,117.476516,2689,43,0,23,88,176,0,0
2.017368,3.557000,120.000,14.359000,0.035000,117.476951,2689,43,0,23,88,176,0,0
2.030460,13.092000,120.000,14.359000,0.035000,117.477386,2689,43,0,23,88,176,0,0
2.033842,3.382000,120.000,14.359000,0.035000,117.477786,2689,43,0,23,88,176,0,0
2.047220,13.378000,120.000,14.359000,0.035000,117.478221,2689,43,0,23,88,176,0,0
2.050237,3.017000,120.000,14.359000,0.035000,117.478621,2689,43,0,23,88,176,0,0
2.063691,13.454000,120.000,14.359000,0.035000,117.479056,2689,43,0,23,88,176,0,0
2.066991,3.300000,120.000,14.359000,0.035000,117.479491,2689,43,0,23,88,176,0,0
2.080448,13.457000,120.000,14.359000,0.035000,117.479926,2689,43,0,23,88,176,0,0
2.084000,3.552000,120.000,14.359000,0.035000,117.480361,2689,43,0,23,88,176,0,0
2.097079,13.079000,120.000,14.359000,0.035000,117.480796,2689,43,0,23,88,176,0,0
2.100609,3.530000,120.000,14.359000,0.035000,117.481231,2689,43,0,23,88,176,0,0
2.113741,13.132000,120.000,14.359000,0.035000,117.481666,2689,43,0,23,88,176,0,0
2.117208,3.467000,120.000,14.359000,0.035000,117.482100,2689,43,0,23,88,176,0,0
2.130508,13.300000,120.000,14.359000,0.035000,117.482535,2689,43,0,23,88,176,0,0
2.134099,3.591000,120.000,14.359000,0.035000,117.482970,2689,43,0,23,88,176,0,0
2.147071,12.972000,120.000,14.359000,0.035000,117.483405,2689,43,0,23,88,176,0,0
2.150599,3.528000,120.000,14.359000,0.035000,117.483840,2689,43,0,23,88,176,0,0
2.163754,13.155000,120.000,14.359000,0.035000,117.484275,2689,43,0,23,88,176,0,0
2.167236,3.482000,120.000,14.359000,0.035000,117.484710,2689,43,0,23,88,176,0,0
2.180410,13.174000,120.000,14.359000,0.035000,117.485145,2689,43,0,23,88,176,0,0
2.183785,3.375000,120.000,14.359000,0.035000,117.485545,2689,43,0,23,88,176,0,0
2.197124,13.339000,120.000,14.359000,0.035000,117.485980,2689,43,0,23,88,176,0,0
2.200611,3.487000,120.000,14.359000,0.035000,117.486415,2689,43,0,23,88,176,0,0
2.213632,13.021000,120.000,14.359000,0.035000,117.486850,2689,43,0,23,88,176,0,0
2.217162,3.530000,120.000,14.359000,0.035000,117.487285,2689,43,0,23,88,176,0,0
2.230436,13.274000,120.000,14.359000,0.035000,117.487720,2689,43,0,23,88,176,0,0
2.233969,3.533000,120.000,14.359000,0.035000,117.488154,2689,43,0,23,88,176,0,0
2.247057,13.088000,120.000,14.359000,0.035000,117.488589,2689,43,0,23,88,176,0,0
2.250576,3.519000,120.000,14.359000,0.035000,117.489024,2689,43,0,23,88,176,0,0
2.263665,13.089000,120.000,14.359000,0.035000,117.489459,2689,43,0,23,88,176,0,0
2.267167,3.502000,120.000,14.359000,0.035000,117.489894,2689,43,0,23,88,176,0,0
2.280457,13.290000,120.000,14.359000,0.035000,117.490329,2689,43,0,23,88,176,0,0
2.283985,3.528000,120.000,14.359000,0.035000,117.490764,2689,43,0,23,88,176,0,0
2.296677,12.692000,120.000,14.359000,0.035000,117.491199,2689,43,0,23,88,176,0,0
2.300207,3.530000,120.000,14.359000,0.035000,117.491633,2689,43,0,23,88,176,0,0
2.314241,14.034000,120.000,14.359000,0.035000,117.492068,2689,43,0,23,88,176,0,0
2.317808,3.567000,120.000,14.359000,0.035000,117.492503,2689,43,0,23,88,176,0,0
2.330490,12.682000,120.000,14.359000,0.035000,117.492938,2689,43,0,23,88,176,0,0
2.333084,2.594000,120.000,14.359000,0.035000,117.493339,2689,43,0,23,88,176,0,0
2.347151,14.067000,120.000,14.359000,0.035000,117.493773,2689,43,0,23,88,176,0,0
2.349771,2.620000,120.000,14.359000,0.035000,117.494208,2689,43,0,23,88,176,0,0
2.363771,14.000000,120.000,14.359000,0.035000,117.494643,2689,43,0,23,88,176,0,0
2.366452,2.681000,120.000,14.359000,0.035000,117.495078,2689,43,0,23,88,176,0,0
2.380364,13.912000,120.000,14.359000,0.035000,117.495513,2689,43,0,23,88,176,0,0
2.383143,2.779000,120.000,14.359000,0.035000,117.495948,2689,43,0,23,88,176,0,0
2.397173,14.030000,120.000,14.359000,0.035000,117.496383,2689,43,0,23,88,176,0,0
2.400457,3.284000,120.000,14.359000,0.035000,117.496818,2689,43,0,23,88,176,0,0
2.413806,13.349000,120.000,14.019000,0.015000,117.497252,2689,43,0,23,88,176,0,0
2.417285,3.479000,120.000,14.019000,0.015000,117.497687,2689,43,0,23,88,176,0,0
2.430247,12.962000,120.000,14.019000,0.015000,117.498122,2689,43,0,23,88,176,0,0
2.433755,3.508000,120.000,14.019000,0.015000,117.498557,2689,43,0,23,88,176,0,0
2.447066,13.311000,120.000,14.019000,0.015000,117.498992,2689,43,0,23,88,176,0,0
2.450633,3.567000,120.000,14.019000,0.015000,117.499427,2689,43,0,23,88,176,0,0
2.463642,13.009000,120.000,14.019000,0.015000,117.499862,2689,43,0,23,88,176,0,0
2.467029,3.387000,120.000,14.019000,0.015000,117.500297,2689,43,0,23,88,176,0,0
2.479915,12.886000,120.000,14.019000,0.015000,117.500731,2689,43,0,23,88,176,0,0
2.483397,3.482000,120.000,14.019000,0.015000,117.501166,2689,43,0,23,88,176,0,0
2.497131,13.734000,120.000,14.019000,0.015000,117.501601,2689,43,0,23,88,176,0,0
2.500548,3.417000,120.000,14.019000,0.015000,117.502036,2689,43,0,23,88,176,0,0
2.513292,12.744000,120.000,14.019000,0.015000,117.502471,2689,43,0,23,88,176,0,0
2.516828,3.536000,120.000,14.019000,0.015000,117.502906,2689,43,0,23,88,176,0,0
2.529947,13.119000,120.000,14.019000,0.015000,117.503341,2689,43,0,23,88,176,0,0
2.533397,3.450000,120.000,14.019000,0.015000,117.503776,2689,43,0,23,88,176,0,0
2.547148,13.751000,120.000,14.019000,0.015000,117.504210,2689,43,0,23,88,176,0,0
2.550603,3.455000,120.000,14.019000,0.015000,117.504645,2689,43,0,23,88,176,0,0
2.563263,12.660000,120.000,14.019000,0.015000,117.505080,2689,43,0,23,88,176,0,0
2.566873,3.610000,120.000,14.019000,0.015000,117.505515,2689,43,0,23,88,176,0,0
2.580407,13.534000,120.000,14.019000,0.015000,117.505950,2689,43,0,23,88,176,0,0
2.583815,3.408000,120.000,14.019000,0.015000,117.506385,2689,43,0,23,88,176,0,0
2.597076,13.261000,120.000,14.019000,0.015000,117.506820,2689,43,0,23,88,176,0,0
2.600660,3.584000,120.000,14.019000,0.015000,117.507255,2689,43,0,23,88,176,0,0
2.613817,13.157000,120.000,14.019000,0.015000,117.507632,2689,43,0,23,88,176,0,0
2.617282,3.465000,120.000,14.019000,0.015000,117.508067,2689,43,0,23,88,176,0,0
2.630038,12.756000,120.000,14.019000,0.015000,117.508502,2689,43,0,23,88,176,0,0
2.633479,3.441000,120.000,14.019000,0.015000,117.510142,2689,43,0,23,88,176,0,0
2.647049,13.570000,120.000,14.019000,0.015000,117.557590,2689,43,0,23,88,176,0,0
2.650492,3.443000,120.000,14.019000,0.015000,117.558024,2689,43,0,23,88,176,0,0
2.663727,13.235000,120.000,14.019000,0.015000,117.558459,2689,43,0,23,88,176,0,0
2.667067,3.340000,120.000,14.019000,0.015000,117.558894,2689,43,0,23,88,176,0,0
2.680337,13.270000,120.000,14.019000,0.015000,117.559329,2689,43,0,23,88,176,0,0
2.683499,3.162000,120.000,14.019000,0.015000,117.559764,2689,43,0,23,88,176,0,0
2.697096,13.597000,120.000,14.019000,0.015000,117.560199,2689,43,0,23,88,176,0,0
2.700075,2.979000,120.000,14.019000,0.015000,117.560634,2689,43,0,23,88,176,0,0
2.713757,13.682000,120.000,14.019000,0.015000,117.561069,2689,43,0,23,88,176,0,0
2.716873,3.116000,120.000,14.019000,0.015000,117.561503,2689,43,0,23,88,176,0,0
2.730395,13.522000,120.000,14.019000,0.015000,117.561938,2689,43,0,23,88,176,0,0
2.733956,3.561000,120.000,14.019000,0.015000,117.562373,2689,43,0,23,88,176,0,0
2.747204,13.248000,120.000,14.019000,0.015000,117.562808,2689,43,0,23,88,176,0,0
2.750670,3.466000,120.000,14.019000,0.015000,117.563243,2689,43,0,23,88,176,0,0
2.763817,13.147000,120.000,14.019000,0.015000,117.563621,2689,43,0,23,88,176,0,0
2.767413,3.596000,120.000,14.019000,0.015000,117.564055,2689,43,0,23,88,176,0,0
2.780405,12.992000,120.000,14.019000,0.015000,117.564490,2689,43,0,23,88,176,0,0
2.783934,3.529000,120.000,14.019000,0.015000,117.564925,2689,43,0,23,88,176,0,0
2.797519,13.585000,120.000,14.019000,0.015000,117.565360,2689,43,0,23,88,176,0,0
2.801521,4.002000,120.000,14.019000,0.015000,117.565795,2689,43,0,23,88,176,0,0
2.813664,12.143000,120.000,14.019000,0.015000,117.566230,2689,43,0,23,88,176,0,0
2.816818,3.154000,120.000,14.019000,0.015000,117.566665,2689,43,0,23,88,176,0,0
2.830056,13.238000,120.000,14.019000,0.015000,117.567100,2689,43,0,23,88,176,0,0
2.833599,3.543000,120.000,14.019000,0.015000,117.567534,2689,43,0,23,88,176,0,0
2.847099,13.500000,120.000,14.019000,0.015000,117.567969,2689,43,0,23,88,176,0,0
2.850585,3.486000,120.000,14.019000,0.015000,117.568404,2689,43,0,23,88,176,0,0
2.863205,12.620000,120.000,14.019000,0.015000,117.568839,2689,43,0,23,88,176,0,0
2.866759,3.554000,120.000,14.019000,0.015000,117.569274,2689,43,0,23,88,176,0,0
2.880518,13.759000,120.000,14.019000,0.015000,117.569709,2689,43,0,23,88,176,0,0
2.884196,3.678000,120.000,14.019000,0.015000,117.570144,2689,43,0,23,88,176,0,0
2.897387,13.191000,120.000,14.019000,0.015000,117.570579,2689,43,0,23,88,176,0,0
2.900959,3.572000,120.000,14.019000,0.015000,117.571013,2689,43,0,23,88,176,0,0
2.913723,12.764000,120.000,14.019000,0.015000,117.571448,2689,43,0,23,88,176,0,0
2.917162,3.439000,120.000,14.019000,0.015000,117.571883,2689,43,0,23,88,176,0,0
2.930410,13.248000,120.000,14.019000,0.015000,117.572318,2689,43,0,23,88,176,0,0
2.933959,3.549000,120.000,14.019000,0.015000,117.572719,2689,43,0,23,88,176,0,0
2.947212,13.253000,120.000,14.019000,0.015000,117.573153,2689,43,0,23,88,176,0,0
2.950533,3.321000,120.000,14.019000,0.015000,117.573588,2689,43,0,23,88,176,0,0
2.963852,13.319000,120.000,14.019000,0.015000,117.574023,2689,43,0,23,88,176,0,0
2.967445,3.593000,120.000,14.019000,0.015000,117.574458,2689,43,0,23,88,176,0,0
2.980422,12.977000,120.000,14.019000,0.015000,117.574893,2689,43,0,23,88,176,0,0
2.983858,3.436000,120.000,14.019000,0.015000,117.575328,2689,43,0,23,88,176,0,0
2.997071,13.213000,120.000,14.019000,0.015000,117.575763,2689,43,0,23,88,176,0,0
3.000623,3.552000,120.000,14.019000,0.015000,117.576198,2689,43,0,23,88,176,0,0
3.013702,13.079000,120.000,14.019000,0.015000,117.576632,2689,43,0,23,88,176,0,0
3.017162,3.460000,120.000,14.019000,0.015000,117.577067,2689,43,0,23,88,176,0,0
3.029923,12.761000,120.000,14.019000,0.015000,117.577594,2689,43,0,23,88,176,0,0
3.033755,3.832000,120.000,14.019000,0.015000,117.578029,2689,43,0,23,88,176,0,0
3.046568,12.813000,120.000,14.019000,0.015000,117.578464,2689,43,0,23,88,176,0,0
3.050063,3.495000,120.000,14.019000,0.015000,117.578898,2689,43,0,23,88,176,0,0
3.063783,13.720000,120.000,14.019000,0.015000,117.579333,2689,43,0,23,88,176,0,0
3.067307,3.524000,120.000,14.019000,0.015000,117.579768,2689,43,0,23,88,176,0,0
3.080338,13.031000,120.000,14.019000,0.015000,117.580203,2689,43,0,23,88,176,0,0
3.082451,2.113000,120.000,14.019000,0.015000,117.580638,2689,43,0,23,88,176,0,0
3.097147,14.696000,120.000,14.019000,0.015000,117.581073,2689,43,0,23,88,176,0,0
3.099140,1.993000,120.000,14.019000,0.015000,117.581508,2689,43,0,23,88,176,0,0
3.113767,14.627000,120.000,14.019000,0.015000,117.581885,2689,43,0,23,88,176,0,0
3.115792,2.025000,120.000,14.019000,0.015000,117.582320,2689,43,0,23,88,176,0,0
3.130431,14.639000,120.000,14.019000,0.015000,117.582755,2689,43,0,23,88,176,0,0
3.132434,2.003000,120.000,14.019000,0.015000,117.583190,2689,43,0,23,88,176,0,0
3.147066,14.632000,120.000,14.019000,0.015000,117.583625,2689,43,0,23,88,176,0,0
3.149168,2.102000,120.000,14.019000,0.015000,117.584060,2689,43,0,23,88,176,0,0
3.163849,14.681000,120.000,14.019000,0.015000,117.584495,2689,43,0,23,88,176,0,0
3.166164,2.315000,120.000,14.019000,0.015000,117.584929,2689,43,0,23,88,176,0,0
3.180462,14.298000,120.000,14.019000,0.015000,117.585364,2689,43,0,23,88,176,0,0
3.182738,2.276000,120.000,14.019000,0.015000,117.585799,2689,43,0,23,88,176,0,0
3.197080,14.342000,120.000,14.019000,0.015000,117.586234,2689,43,0,23,88,176,0,0
3.200034,2.954000,120.000,14.019000,0.015000,117.586635,2689,43,0,23,88,176,0,0
3.213724,13.690000,120.000,14.019000,0.015000,117.587070,2689,43,0,23,88,176,0,0
3.217228,3.504000,120.000,14.019000,0.015000,117.587504,2689,43,0,23,88,176,0,0
3.230495,13.267000,120.000,14.019000,0.015000,117.587939,2689,43,0,23,88,176,0,0
3.233922,3.427000,120.000,14.019000,0.015000,117.588374,2689,43,0,23,88,176,0,0
3.247130,13.208000,120.000,14.019000,0.015000,117.588809,2689,43,0,23,88,176,0,0
3.249270,2.140000,120.000,14.019000,0.015000,117.589210,2689,43,0,23,88,176,0,0
3.263780,14.510000,120.000,14.019000,0.015000,117.589587,2689,43,0,23,88,176,0,0
3.266010,2.230000,120.000,14.019000,0.015000,117.589988,2689,43,0,23,88,176,0,0
3.280707,14.697000,120.000,14.019000,0.015000,117.590365,2689,43,0,23,88,176,0,0
3.283138,2.431000,120.000,14.019000,0.015000,117.590800,2689,43,0,23,88,176,0,0
3.297195,14.057000,120.000,14.019000,0.015000,117.591235,2689,43,0,23,88,176,0,0
3.299701,2.506000,120.000,14.019000,0.015000,117.591670,2689,43,0,23,88,176,0,0
3.313274,13.573000,120.000,14.019000,0.015000,117.592105,2689,43,0,23,88,176,0,0
3.315531,2.257000,120.000,14.019000,0.015000,117.592540,2689,43,0,23,88,176,0,0
3.330405,14.874000,120.000,14.019000,0.015000,117.592975,2689,43,0,23,88,176,0,0
3.332969,2.564000,120.000,14.019000,0.015000,117.593410,2689,43,0,23,88,176,0,0
3.347034,14.065000,120.000,14.019000,0.015000,117.593844,2689,43,0,23,88,176,0,0
3.349533,2.499000,120.000,14.019000,0.015000,117.594279,2689,43,0,23,88,176,0,0
3.363813,14.280000,120.000,14.019000,0.015000,117.594714,2689,43,0,23,88,176,0,0
3.367018,3.205000,120.000,14.019000,0.015000,117.595149,2689,43,0,23,88,176,0,0
3.379886,12.868000,120.000,14.019000,0.015000,117.595584,2689,43,0,23,88,176,0,0
3.383252,3.366000,120.000,14.019000,0.015000,117.596019,2689,43,0,23,88,176,0,0
3.397064,13.812000,120.000,14.019000,0.015000,117.596454,2689,43,0,23,88,176,0,0
3.400637,3.573000,120.000,14.019000,0.015000,117.596889,2689,43,0,23,88,176,0,0
3.414140,13.503000,120.000,14.812000,0.021000,117.597323,2689,43,0,23,88,176,0,0
3.417689,3.549000,120.000,14.812000,0.021000,117.597724,2689,43,0,23,88,176,0,0
3.430847,13.158000,120.000,14.812000,0.021000,117.598159,2689,43,0,23,88,176,0,0
3.433776,2.929000,120.000,14.812000,0.021000,117.598594,2689,43,0,23,88,176,0,0
3.446588,12.812000,120.000,14.812000,0.021000,117.599029,2689,43,0,23,88,176,0,0
3.449942,3.354000,120.000,14.812000,0.021000,117.599463,2689,43,0,23,88,176,0,0
3.463750,13.808000,120.000,14.812000,0.021000,117.599898,2689,43,0,23,88,176,0,0
3.467355,3.605000,120.000,14.812000,0.021000,117.600299,2689,43,0,23,88,176,0,0
3.480424,13.069000,120.000,14.812000,0.021000,117.600734,2689,43,0,23,88,176,0,0
3.483998,3.574000,120.000,14.812000,0.021000,117.601169,2689,43,0,23,88,176,0,0
3.497038,13.040000,120.000,14.812000,0.021000,117.601604,2689,43,0,23,88,176,0,0
3.500592,3.554000,120.000,14.812000,0.021000,117.602038,2689,43,0,23,88,176,0,0
3.513838,13.246000,120.000,14.812000,0.021000,117.602473,2689,43,0,23,88,176,0,0
3.517333,3.495000,120.000,14.812000,0.021000,117.602908,2689,43,0,23,88,176,0,0
3.530418,13.085000,120.000,14.812000,0.021000,117.603343,2689,43,0,23,88,176,0,0
3.533545,3.127000,120.000,14.812000,0.021000,117.603778,2689,43,0,23,88,176,0,0
3.547061,13.516000,120.000,14.812000,0.021000,117.604213,2689,43,0,23,88,176,0,0
3.550329,3.268000,120.000,14.812000,0.021000,117.604648,2689,43,0,23,88,176,0,0
3.563729,13.400000,120.000,14.812000,0.021000,117.605083,2689,43,0,23,88,176,0,0
3.566874,3.145000,120.000,14.812000,0.021000,117.605517,2689,43,0,23,88,176,0,0
3.580494,13.620000,120.000,14.812000,0.021000,117.605952,2689,43,0,23,88,176,0,0
3.583741,3.247000,120.000,14.812000,0.021000,117.606387,2689,43,0,23,88,176,0,0
3.597125,13.384000,120.000,14.812000,0.021000,117.606822,2689,43,0,23,88,176,0,0
3.600641,3.516000,120.000,14.812000,0.021000,117.607257,2689,43,0,23,88,176,0,0
3.613727,13.086000,120.000,14.812000,0.021000,117.607692,2689,43,0,23,88,176,0,0
3.617153,3.426000,120.000,14.812000,0.021000,117.608127,2689,43,0,23,88,176,0,0
3.630522,13.369000,120.000,14.812000,0.021000,117.608562,2689,43,0,23,88,176,0,0
3.633967,3.445000,120.000,14.812000,0.021000,117.608996,2689,43,0,23,88,176,0,0
3.647142,13.175000,120.000,14.812000,0.021000,117.609431,2689,43,0,23,88,176,0,0
3.650504,3.362000,120.000,14.812000,0.021000,117.609866,2689,43,0,23,88,176,0,0
3.663771,13.267000,120.000,14.812000,0.021000,117.610301,2689,43,0,23,88,176,0,0
3.667219,3.448000,120.000,14.812000,0.021000,117.610736,2689,43,0,23,88,176,0,0
3.680427,13.208000,120.000,14.812000,0.021000,117.611171,2689,43,0,23,88,176,0,0
3.683976,3.549000,120.000,14.812000,0.021000,117.611606,2689,43,0,23,88,176,0,0
3.697062,13.086000,120.000,14.812000,0.021000,117.612041,2689,43,0,23,88,176,0,0
3.700643,3.581000,120.000,14.812000,0.021000,117.612475,2689,43,0,23,88,176,0,0
3.713670,13.027000,120.000,14.812000,0.021000,117.612910,2689,43,0,23,88,176,0,0
3.717294,3.624000,120.000,14.812000,0.021000,117.613311,2689,43,0,23,88,176,0,0
3.729882,12.588000,120.000,14.812000,0.021000,117.613746,2689,43,0,23,88,176,0,0
3.733222,3.340000,120.000,14.812000,0.021000,117.614181,2689,43,0,23,88,176,0,0
3.746589,13.367000,120.000,14.812000,0.021000,117.614615,2689,43,0,23,88,176,0,0
3.749877,3.288000,120.000,14.812000,0.021000,117.615050,2689,43,0,23,88,176,0,0
3.763436,13.559000,120.000,14.812000,0.021000,117.615485,2689,43,0,23,88,176,0,0
3.766835,3.399000,120.000,14.812000,0.021000,117.615920,2689,43,0,23,88,176,0,0
3.780509,13.674000,120.000,14.812000,0.021000,117.616355,2689,43,0,23,88,176,0,0
3.782721,2.212000,120.000,14.812000,0.021000,117.616790,2689,43,0,23,88,176,0,0
3.797139,14.418000,120.000,14.812000,0.021000,117.617225,2689,43,0,23,88,176,0,0
3.799480,2.341000,120.000,14.812000,0.021000,117.617660,2689,43,0,23,88,176,0,0
3.813753,14.273000,120.000,14.812000,0.021000,117.618037,2689,43,0,23,88,176,0,0
3.816258,2.505000,120.000,14.812000,0.021000,117.618472,2689,43,0,23,88,176,0,0
3.830423,14.165000,120.000,14.812000,0.021000,117.618907,2689,43,0,23,88,176,0,0
3.832906,2.483000,120.000,14.812000,0.021000,117.619342,2689,43,0,23,88,176,0,0
3.847188,14.282000,120.000,14.812000,0.021000,117.619777,2689,43,0,23,88,176,0,0
3.850700,3.512000,120.000,14.812000,0.021000,117.620212,2689,43,0,23,88,176,0,0
3.863825,13.125000,120.000,14.812000,0.021000,117.620589,2689,43,0,23,88,176,0,0
3.866294,2.469000,120.000,14.812000,0.021000,117.621024,2689,43,0,23,88,176,0,0
3.880471,14.177000,120.000,14.812000,0.021000,117.621459,2689,43,0,23,88,176,0,0
3.886438,5.967000,120.000,14.812000,0.021000,117.621894,2689,43,0,23,88,176,0,0
3.896950,10.512000,120.000,14.812000,0.021000,117.622329,2689,43,0,23,88,176,0,0
3.899488,2.538000,120.000,14.812000,0.021000,117.622729,2689,43,0,23,88,176,0,0
3.913857,14.369000,120.000,14.812000,0.021000,117.623164,2689,43,0,23,88,176,0,0
3.916391,2.534000,120.000,14.812000,0.021000,117.623599,2689,43,0,23,88,176,0,0
3.930492,14.101000,120.000,14.812000,0.021000,117.624034,2689,43,0,23,88,176,0,0
3.932841,2.349000,120.000,14.812000,0.021000,117.624469,2689,43,0,23,88,176,0,0
3.947098,14.257000,120.000,14.812000,0.021000,117.624904,2689,43,0,23,88,176,0,0
3.949578,2.480000,120.000,14.812000,0.021000,117.627147,2689,43,0,23,88,176,0,0
3.963721,14.143000,120.000,14.812000,0.021000,117.698100,2689,43,0,23,88,176,0,0
3.966532,2.811000,120.000,14.812000,0.021000,117.698535,2689,43,0,23,88,176,0,0
3.980353,13.821000,120.000,14.812000,0.021000,117.698970,2689,43,0,23,88,176,0,0
3.983899,3.546000,120.000,14.812000,0.021000,117.699405,2689,43,0,23,88,176,0,0
3.997173,13.274000,120.000,14.812000,0.021000,117.699840,2689,43,0,23,88,176,0,0
4.000829,3.656000,120.000,14.812000,0.021000,117.700274,2689,43,0,23,88,176,0,0
4.013775,12.946000,120.000,14.812000,0.021000,117.700709,2689,43,0,23,88,176,0,0
4.017325,3.550000,120.000,14.812000,0.021000,117.701144,2689,43,0,23,88,176,0,0
4.030429,13.104000,120.000,14.812000,0.021000,117.701762,2689,43,0,23,88,176,0,0
4.033823,3.394000,120.000,14.812000,0.021000,117.702197,2689,43,0,23,88,176,0,0
4.047069,13.246000,120.000,14.812000,0.021000,117.702632,2689,43,0,23,88,176,0,0
4.050624,3.555000,120.000,14.812000,0.021000,117.703067,2689,43,0,23,88,176,0,0
4.063642,13.018000,120.000,14.812000,0.021000,117.703502,2689,43,0,23,88,176,0,0
4.067133,3.491000,120.000,14.812000,0.021000,117.703937,2689,43,0,23,88,176,0,0
4.080273,13.140000,120.000,14.812000,0.021000,117.704371,2689,43,0,23,88,176,0,0
4.083784,3.511000,120.000,14.812000,0.021000,117.704806,2689,43,0,23,88,176,0,0
4.097070,13.286000,120.000,14.812000,0.021000,117.705241,2689,43,0,23,88,176,0,0
4.100604,3.534000,120.000,14.812000,0.021000,117.705642,2689,43,0,23,88,176,0,0
4.113701,13.097000,120.000,14.812000,0.021000,117.706077,2689,43,0,23,88,176,0,0
4.117147,3.446000,120.000,14.812000,0.021000,117.706511,2689,43,0,23,88,176,0,0
4.130462,13.315000,120.000,14.812000,0.021000,117.706946,2689,43,0,23,88,176,0,0
4.133939,3.477000,120.000,14.812000,0.021000,117.707381,2689,43,0,23,88,176,0,0
4.146695,12.756000,120.000,14.812000,0.021000,117.707816,2689,43,0,23,88,176,0,0
4.150123,3.428000,120.000,14.812000,0.021000,117.708251,2689,43,0,23,88,176,0,0
4.163233,13.110000,120.000,14.812000,0.021000,117.708686,2689,43,0,23,88,176,0,0
4.167771,4.538000,120.000,14.812000,0.021000,117.709121,2689,43,0,23,88,176,0,0
4.179957,12.186000,120.000,14.812000,0.021000,117.709556,2689,43,0,23,88,176,0,0
4.183349,3.392000,120.000,14.812000,0.021000,117.709991,2689,43,0,23,88,176,0,0
4.197002,13.653000,120.000,14.812000,0.021000,117.710425,2689,43,0,23,88,176,0,0
4.200553,3.551000,120.000,14.812000,0.021000,117.710860,2689,43,0,23,88,176,0,0
4.213739,13.186000,120.000,14.812000,0.021000,117.711295,2689,43,0,23,88,176,0,0
4.217202,3.463000,120.000,14.812000,0.021000,117.711730,2689,43,0,23,88,176,0,0
4.230001,12.799000,120.000,14.812000,0.021000,117.712165,2689,43,0,23,88,176,0,0
4.233495,3.494000,120.000,14.812000,0.021000,117.712600,2689,43,0,23,88,176,0,0
4.246700,13.205000,120.000,14.812000,0.021000,117.713035,2689,43,0,23,88,176,0,0
4.250154,3.454000,120.000,14.812000,0.021000,117.713435,2689,43,0,23,88,176,0,0
4.263833,13.679000,120.000,14.812000,0.021000,117.713870,2689,43,0,23,88,176,0,0
4.267267,3.434000,120.000,14.812000,0.021000,117.714305,2689,43,0,23,88,176,0,0
4.280445,13.178000,120.000,14.812000,0.021000,117.714740,2689,43,0,23,88,176,0,0
4.283919,3.474000,120.000,14.812000,0.021000,117.715175,2689,43,0,23,88,176,0,0
4.297085,13.166000,120.000,14.812000,0.021000,117.715610,2689,43,0,23,88,176,0,0
4.300504,3.419000,120.000,14.812000,0.021000,117.716044,2689,43,0,23,88,176,0,0
4.313658,13.154000,120.000,14.812000,0.021000,117.716479,2689,43,0,23,88,176,0,0
4.317090,3.432000,120.000,14.812000,0.021000,117.716914,2689,43,0,23,88,176,0,0
4.330505,13.415000,120.000,14.812000,0.021000,117.717292,2689,43,0,23,88,176,0,0
4.333887,3.382000,120.000,14.812000,0.021000,117.717727,2689,43,0,23,88,176,0,0
4.347124,13.237000,120.000,14.812000,0.021000,117.718162,2689,43,0,23,88,176,0,0
4.350592,3.468000,120.000,14.812000,0.021000,117.718596,2689,43,0,23,88,176,0,0
4.363743,13.151000,120.000,14.812000,0.021000,117.719031,2689,43,0,23,88,176,0,0
4.367157,3.414000,120.000,14.812000,0.021000,117.719466,2689,43,0,23,88,176,0,0
4.380397,13.240000,120.000,14.812000,0.021000,117.719901,2689,43,0,23,88,176,0,0
4.383942,3.545000,120.000,14.812000,0.021000,117.720336,2689,43,0,23,88,176,0,0
4.397029,13.087000,120.000,14.812000,0.021000,117.720771,2689,43,0,23,88,176,0,0
4.400514,3.485000,120.000,14.812000,0.021000,117.721206,2689,43,0,23,88,176,0,0
4.413759,13.245000,120.000,14.369000,0.025000,117.721641,2689,43,0,23,88,176,0,0
4.417231,3.472000,120.000,14.369000,0.025000,117.722075,2689,43,0,23,88,176,0,0
4.430413,13.182000,120.000,14.369000,0.025000,117.722510,2689,43,0,23,88,176,0,0
4.433822,3.409000,120.000,14.369000,0.025000,117.722945,2689,43,0,23,88,176,0,0
4.447056,13.234000,120.000,14.369000,0.025000,117.723380,2689,43,0,23,88,176,0,0
4.450617,3.561000,120.000,14.369000,0.025000,117.723815,2689,43,0,23,88,176,0,0
4.463838,13.221000,120.000,14.369000,0.025000,117.724250,2689,43,0,23,88,176,0,0
4.467231,3.393000,120.000,14.369000,0.025000,117.724685,2689,43,0,23,88,176,0,0
4.480475,13.244000,120.000,14.369000,0.025000,117.725120,2689,43,0,23,88,176,0,0
4.484023,3.548000,120.000,14.369000,0.025000,117.725554,2689,43,0,23,88,176,0,0
4.497095,13.072000,120.000,14.369000,0.025000,117.725989,2689,43,0,23,88,176,0,0
4.500511,3.416000,120.000,14.369000,0.025000,117.726424,2689,43,0,23,88,176,0,0
4.513728,13.217000,120.000,14.369000,0.025000,117.726859,2689,43,0,23,88,176,0,0
4.517240,3.512000,120.000,14.369000,0.025000,117.727294,2689,43,0,23,88,176,0,0
4.530390,13.150000,120.000,14.369000,0.025000,117.727672,2689,43,0,23,88,176,0,0
4.533914,3.524000,120.000,14.369000,0.025000,117.728072,2689,43,0,23,88,176,0,0
4.547144,13.230000,120.000,14.369000,0.025000,117.728507,2689,43,0,23,88,176,0,0
4.550685,3.541000,120.000,14.369000,0.025000,117.728942,2689,43,0,23,88,176,0,0
4.563785,13.100000,120.000,14.369000,0.025000,117.729377,2689,43,0,23,88,176,0,0
4.567284,3.499000,120.000,14.369000,0.025000,117.729812,2689,43,0,23,88,176,0,0
4.580377,13.093000,120.000,14.369000,0.025000,117.730247,2689,43,0,23,88,176,0,0
4.583871,3.494000,120.000,14.369000,0.025000,117.730681,2689,43,0,23,88,176,0,0
4.597184,13.313000,120.000,14.369000,0.025000,117.731116,2689,43,0,23,88,176,0,0
4.600617,3.433000,120.000,14.369000,0.025000,117.731551,2689,43,0,23,88,176,0,0
4.613658,13.041000,120.000,14.369000,0.025000,117.731986,2689,43,0,23,88,176,0,0
4.617231,3.573000,120.000,14.369000,0.025000,117.732421,2689,43,0,23,88,176,0,0
4.629909,12.678000,120.000,14.369000,0.025000,117.732856,2689,43,0,23,88,176,0,0
4.633383,3.474000,120.000,14.369000,0.025000,117.733291,2689,43,0,23,88,176,0,0
4.647062,13.679000,120.000,14.369000,0.025000,117.733726,2689,43,0,23,88,176,0,0
4.650673,3.611000,120.000,14.369000,0.025000,117.734160,2689,43,0,23,88,176,0,0
4.663740,13.067000,120.000,14.369000,0.025000,117.734595,2689,43,0,23,88,176,0,0
4.667254,3.514000,120.000,14.369000,0.025000,117.734996,2689,43,0,23,88,176,0,0
4.680332,13.078000,120.000,14.369000,0.025000,117.735431,2689,43,0,23,88,176,0,0
4.683513,3.181000,120.000,14.369000,0.025000,117.735866,2689,43,0,23,88,176,0,0
4.697125,13.612000,120.000,14.369000,0.025000,117.736300,2689,43,0,23,88,176,0,0
4.700270,3.145000,120.000,14.369000,0.025000,117.736735,2689,43,0,23,88,176,0,0
4.713788,13.518000,120.000,14.369000,0.025000,117.737113,2689,43,0,23,88,176,0,0
4.716984,3.196000,120.000,14.369000,0.025000,117.737548,2689,43,0,23,88,176,0,0
4.730374,13.390000,120.000,14.369000,0.025000,117.737983,2689,43,0,23,88,176,0,0
4.733891,3.517000,120.000,14.369000,0.025000,117.738418,2689,43,0,23,88,176,0,0
4.747134,13.243000,120.000,14.369000,0.025000,117.738853,2689,43,0,23,88,176,0,0
4.750690,3.556000,120.000,14.369000,0.025000,117.739287,2689,43,0,23,88,176,0,0
4.763265,12.575000,120.000,14.369000,0.025000,117.739665,2689,43,0,23,88,176,0,0
4.766822,3.557000,120.000,14.369000,0.025000,117.740100,2689,43,0,23,88,176,0,0
4.780448,13.626000,120.000,14.369000,0.025000,117.740535,2689,43,0,23,88,176,0,0
4.783974,3.526000,120.000,14.369000,0.025000,117.740970,2689,43,0,23,88,176,0,0
4.797034,13.060000,120.000,14.369000,0.025000,117.741405,2689,43,0,23,88,176,0,0
4.800217,3.183000,120.000,14.369000,0.025000,117.741839,2689,43,0,23,88,176,0,0
4.813817,13.600000,120.000,14.369000,0.025000,117.742274,2689,43,0,23,88,176,0,0
4.816898,3.081000,120.000,14.369000,0.025000,117.742709,2689,43,0,23,88,176,0,0
4.830432,13.534000,120.000,14.369000,0.025000,117.743144,2689,43,0,23,88,176,0,0
4.833718,3.286000,120.000,14.369000,0.025000,117.743579,2689,43,0,23,88,176,0,0
4.847114,13.396000,120.000,14.369000,0.025000,117.744014,2689,43,0,23,88,176,0,0
4.850771,3.657000,120.000,14.369000,0.025000,117.744449,2689,43,0,23,88,176,0,0
4.863879,13.108000,120.000,14.369000,0.025000,117.744884,2689,43,0,23,88,176,0,0
4.866857,2.978000,120.000,14.369000,0.025000,117.745318,2689,43,0,23,88,176,0,0
4.880359,13.502000,120.000,14.369000,0.025000,117.745753,2689,43,0,23,88,176,0,0
4.883722,3.363000,120.000,14.369000,0.025000,117.746188,2689,43,0,23,88,176,0,0
4.897114,13.392000,120.000,14.369000,0.025000,117.746623,2689,43,0,23,88,176,0,0
4.900507,3.393000,120.000,14.369000,0.025000,117.747058,2689,43,0,23,88,176,0,0
4.913313,12.806000,120.000,14.369000,0.025000,117.747493,2689,43,0,23,88,176,0,0
4.916670,3.357000,120.000,14.369000,0.025000,117.747928,2689,43,0,23,88,176,0,0
4.930376,13.706000,120.000,14.369000,0.025000,117.748305,2689,43,0,23,88,176,0,0
4.933855,3.479000,120.000,14.369000,0.025000,117.748740,2689,43,0,23,88,176,0,0
4.947178,13.323000,120.000,14.369000,0.025000,117.749175,2689,43,0,23,88,176,0,0
4.950641,3.463000,120.000,14.369000,0.025000,117.749610,2689,43,0,23,88,176,0,0
4.963889,13.248000,120.000,14.369000,0.025000,117.750045,2689,43,0,23,88,176,0,0
4.967456,3.567000,120.000,14.369000,0.025000,117.750480,2689,43,0,23,88,176,0,0
4.980435,12.979000,120.000,14.369000,0.025000,117.750915,2689,43,0,23,88,176,0,0
4.983985,3.550000,120.000,14.369000,0.025000,117.751349,2689,43,0,23,88,176,0,0
4.997102,13.117000,120.000,14.369000,0.025000,117.751784,2689,43,0,23,88,176,0,0
5.000676,3.574000,120.000,14.369000,0.025000,117.752219,2689,43,0,23,88,176,0,0
5.013716,13.040000,120.000,14.369000,0.025000,117.752654,2689,43,0,23,88,176,0,0
5.017275,3.559000,120.000,14.369000,0.025000,117.753089,2689,43,0,23,88,176,0,0
5.030437,13.162000,120.000,14.369000,0.025000,117.753524,2689,43,0,23,88,176,0,0
5.033896,3.459000,120.000,14.369000,0.025000,117.753959,2689,43,0,23,88,176,0,0
5.047059,13.163000,120.000,14.369000,0.025000,117.754394,2689,43,0,23,88,176,0,0
5.050510,3.451000,120.000,14.369000,0.025000,117.754828,2689,43,0,23,88,176,0,0
5.063694,13.184000,120.000,14.369000,0.025000,117.755206,2689,43,0,23,88,176,0,0
5.067089,3.395000,120.000,14.369000,0.025000,117.755641,2689,43,0,23,88,176,0,0
5.080509,13.420000,120.000,14.369000,0.025000,117.756076,2689,43,0,23,88,176,0,0
5.083771,3.262000,120.000,14.369000,0.025000,117.756511,2689,43,0,23,88,176,0,0
5.097148,13.377000,120.000,14.369000,0.025000,117.756946,2689,43,0,23,88,176,0,0
5.100500,3.352000,120.000,14.369000,0.025000,117.757380,2689,43,0,23,88,176,0,0
5.113761,13.261000,120.000,14.369000,0.025000,117.757758,2689,43,0,23,88,176,0,0
5.116941,3.180000,120.000,14.369000,0.025000,117.758193,2689,43,0,23,88,176,0,0
5.130410,13.469000,120.000,14.369000,0.025000,117.758628,2689,43,0,23,88,176,0,0
5.134010,3.600000,120.000,14.369000,0.025000,117.759028,2689,43,0,23,88,176,0,0
5.147032,13.022000,120.000,14.369000,0.025000,117.759406,2689,43,0,23,88,176,0,0
5.150432,3.400000,120.000,14.369000,0.025000,117.759841,2689,43,0,23,88,176,0,0
5.163363,12.931000,120.000,14.369000,0.025000,117.760276,2689,43,0,23,88,176,0,0
5.166788,3.425000,120.000,14.369000,0.025000,117.760711,2689,43,0,23,88,176,0,0
5.180421,13.633000,120.000,14.369000,0.025000,117.761146,2689,43,0,23,88,176,0,0
5.183981,3.560000,120.000,14.369000,0.025000,117.761580,2689,43,0,23,88,176,0,0
5.196633,12.652000,120.000,14.369000,0.025000,117.762015,2689,43,0,23,88,176,0,0
5.199992,3.359000,120.000,14.369000,0.025000,117.762450,2689,43,0,23,88,176,0,0
5.213680,13.688000,120.000,14.369000,0.025000,117.762885,2689,43,0,23,88,176,0,0
5.217178,3.498000,120.000,14.369000,0.025000,117.763286,2689,43,0,23,88,176,0,0
5.230287,13.109000,120.000,14.369000,0.025000,117.763721,2689,43,0,23,88,176,0,0
5.233720,3.433000,120.000,14.369000,0.025000,117.764155,2689,43,0,23,88,176,0,0
5.247073,13.353000,120.000,14.369000,0.025000,117.764533,2689,43,0,23,88,176,0,0
5.250496,3.423000,120.000,14.369000,0.025000,117.764968,2689,43,0,23,88,176,0,0
5.263763,13.267000,120.000,14.369000,0.025000,117.765403,2689,43,0,23,88,176,0,0
5.267127,3.364000,120.000,14.369000,0.025000,117.765838,2689,43,0,23,88,176,0,0
5.280357,13.230000,120.000,14.369000,0.025000,117.766273,2689,43,0,23,88,176,0,0
5.283364,3.007000,120.000,14.369000,0.025000,117.766707,2689,43,0,23,88,176,0,0
5.296974,13.610000,120.000,14.369000,0.025000,117.767142,2689,43,0,23,88,176,0,0
5.299980,3.006000,120.000,14.369000,0.025000,117.767577,2689,43,0,23,88,176,0,0
5.313228,13.248000,120.000,14.369000,0.025000,117.767955,2689,43,0,23,88,176,0,0
5.316391,3.163000,120.000,14.369000,0.025000,117.768390,2689,43,0,23,88,176,0,0
5.330385,13.994000,120.000,14.369000,0.025000,117.768825,2689,43,0,23,88,176,0,0
5.333442,3.057000,120.000,14.369000,0.025000,117.769259,2689,43,0,23,88,176,0,0
5.347056,13.614000,120.000,14.369000,0.025000,117.769694,2689,43,0,23,88,176,0,0
5.350620,3.564000,120.000,14.369000,0.025000,117.770129,2689,43,0,23,88,176,0,0
5.363699,13.079000,120.000,14.369000,0.025000,117.770507,2689,43,0,23,88,176,0,0
5.367198,3.499000,120.000,14.369000,0.025000,117.770942,2689,43,0,23,88,176,0,0
5.380450,13.252000,120.000,14.369000,0.025000,117.771377,2689,43,0,23,88,176,0,0
5.383989,3.539000,120.000,14.369000,0.025000,117.771777,2689,43,0,23,88,176,0,0
5.397066,13.077000,120.000,14.369000,0.025000,117.772212,2689,43,0,23,88,176,0,0
5.400501,3.435000,120.000,14.369000,0.025000,117.772647,2689,43,0,23,88,176,0,0
5.413263,12.762000,120.000,13.942000,0.023000,117.773082,2689,43,0,23,88,176,0,0
5.416864,3.601000,120.000,13.942000,0.023000,117.773517,2689,43,0,23,88,176,0,0
5.430086,13.222000,120.000,13.942000,0.023000,117.773952,2689,43,0,23,88,176,0,0
5.433460,3.374000,120.000,13.942000,0.023000,117.774386,2689,43,0,23,88,176,0,0
5.446943,13.483000,120.000,13.942000,0.023000,117.774764,2689,43,0,23,88,176,0,0
5.450461,3.518000,120.000,13.942000,0.023000,117.775199,2689,43,0,23,88,176,0,0
5.463493,13.032000,120.000,13.942000,0.023000,117.775634,2689,43,0,23,88,176,0,0
5.466994,3.501000,120.000,13.942000,0.023000,117.776069,2689,43,0,23,88,176,0,0
5.480386,13.392000,120.000,13.942000,0.023000,117.776504,2689,43,0,23,88,176,0,0
5.483167,2.781000,120.000,13.942000,0.023000,117.776938,2689,43,0,23,88,176,0,0
5.497044,13.877000,120.000,13.942000,0.023000,117.777373,2689,43,0,23,88,176,0,0
5.499419,2.375000,120.000,13.942000,0.023000,117.777808,2689,43,0,23,88,176,0,0
5.513811,14.392000,120.000,13.942000,0.023000,117.778243,2689,43,0,23,88,176,0,0
5.516163,2.352000,120.000,13.942000,0.023000,117.778678,2689,43,0,23,88,176,0,0
5.530359,14.196000,120.000,13.942000,0.023000,117.779113,2689,43,0,23,88,176,0,0
5.532745,2.386000,120.000,13.942000,0.023000,117.779548,2689,43,0,23,88,176,0,0
5.547073,14.328000,120.000,13.942000,0.023000,117.779983,2689,43,0,23,88,176,0,0
5.549490,2.417000,120.000,13.942000,0.023000,117.780417,2689,43,0,23,88,176,0,0
5.563375,13.885000,120.000,13.942000,0.023000,117.780795,2689,43,0,23,88,176,0,0
5.566331,2.956000,120.000,13.942000,0.023000,117.781230,2689,43,0,23,88,176,0,0
5.580503,14.172000,120.000,13.942000,0.023000,117.781665,2689,43,0,23,88,176,0,0
5.582793,2.290000,120.000,13.942000,0.023000,117.782100,2689,43,0,23,88,176,0,0
5.597088,14.295000,120.000,13.942000,0.023000,117.782535,2689,43,0,23,88,176,0,0
5.600068,2.980000,120.000,13.942000,0.023000,117.782969,2689,43,0,23,88,176,0,0
5.613693,13.625000,120.000,13.942000,0.023000,117.783404,2689,43,0,23,88,176,0,0
5.617159,3.466000,120.000,13.942000,0.023000,117.783839,2689,43,0,23,88,176,0,0
5.630495,13.336000,120.000,13.942000,0.023000,117.784274,2689,43,0,23,88,176,0,0
5.634000,3.505000,120.000,13.942000,0.023000,117.784709,2689,43,0,23,88,176,0,0
5.647143,13.143000,120.000,13.942000,0.023000,117.785144,2689,43,0,23,88,176,0,0
5.650574,3.431000,120.000,13.942000,0.023000,117.785579,2689,43,0,23,88,176,0,0
5.663579,13.005000,120.000,13.942000,0.023000,117.786014,2689,43,0,23,88,176,0,0
5.666935,3.356000,120.000,13.942000,0.023000,117.786448,2689,43,0,23,88,176,0,0
5.680395,13.460000,120.000,13.942000,0.023000,117.786883,2689,43,0,23,88,176,0,0
5.683805,3.410000,120.000,13.942000,0.023000,117.787318,2689,43,0,23,88,176,0,0
5.697048,13.243000,120.000,13.942000,0.023000,117.787753,2689,43,0,23,88,176,0,0
5.699424,2.376000,120.000,13.942000,0.023000,117.788188,2689,43,0,23,88,176,0,0
5.713823,14.399000,120.000,13.942000,0.023000,117.788623,2689,43,0,23,88,176,0,0
5.715901,2.078000,120.000,13.942000,0.023000,117.789058,2689,43,0,23,88,176,0,0
5.730428,14.527000,120.000,13.942000,0.023000,117.789493,2689,43,0,23,88,176,0,0
5.732535,2.107000,120.000,13.942000,0.023000,117.789927,2689,43,0,23,88,176,0,0
5.747082,14.547000,120.000,13.942000,0.023000,117.790362,2689,43,0,23,88,176,0,0
5.749293,2.211000,120.000,13.942000,0.023000,117.790797,2689,43,0,23,88,176,0,0
5.763702,14.409000,120.000,13.942000,0.023000,117.791232,2689,43,0,23,88,176,0,0
5.766234,2.532000,120.000,13.942000,0.023000,117.791667,2689,43,0,23,88,176,0,0
5.780781,14.547000,120.000,13.942000,0.023000,117.792102,2689,43,0,23,88,176,0,0
5.783312,2.531000,120.000,13.942000,0.023000,117.792537,2689,43,0,23,88,176,0,0
5.796357,13.045000,120.000,13.942000,0.023000,117.792972,2689,43,0,23,88,176,0,0
5.799250,2.893000,120.000,13.942000,0.023000,117.793406,2689,43,0,23,88,176,0,0
5.813713,14.463000,120.000,13.942000,0.023000,117.793784,2689,43,0,23,88,176,0,0
5.816813,3.100000,120.000,13.942000,0.023000,117.794219,2689,43,0,23,88,176,0,0
5.830118,13.305000,120.000,13.942000,0.023000,117.794654,2689,43,0,23,88,176,0,0
5.833527,3.409000,120.000,13.942000,0.023000,117.795089,2689,43,0,23,88,176,0,0
5.847173,13.646000,120.000,13.942000,0.023000,117.795524,2689,43,0,23,88,176,0,0
5.850739,3.566000,120.000,13.942000,0.023000,117.795959,2689,43,0,23,88,176,0,0
5.863779,13.040000,120.000,13.942000,0.023000,117.796393,2689,43,0,23,88,176,0,0
5.866109,2.330000,120.000,13.942000,0.023000,117.796828,2689,43,0,23,88,176,0,0
5.880453,14.344000,120.000,13.942000,0.023000,117.797263,2689,43,0,23,88,176,0,0
5.882562,2.109000,120.000,13.942000,0.023000,117.797698,2689,43,0,23,88,176,0,0
5.897073,14.511000,120.000,13.942000,0.023000,117.798133,2689,43,0,23,88,176,0,0
5.899450,2.377000,120.000,13.942000,0.023000,117.798568,2689,43,0,23,88,176,0,0
5.913819,14.369000,120.000,13.942000,0.023000,117.798945,2689,43,0,23,88,176,0,0
5.916073,2.254000,120.000,13.942000,0.023000,117.799380,2689,43,0,23,88,176,0,0
5.930475,14.402000,120.000,13.942000,0.023000,117.802524,2689,43,0,23,88,176,0,0
5.932765,2.290000,120.000,13.942000,0.023000,117.908587,2689,43,0,23,88,176,0,0
5.947112,14.347000,120.000,13.942000,0.023000,117.909022,2689,43,0,23,88,176,0,0
5.949473,2.361000,120.000,13.942000,0.023000,117.909457,2689,43,0,23,88,176,0,0
5.963875,14.402000,120.000,13.942000,0.023000,117.909892,2689,43,0,23,88,176,0,0
5.966125,2.250000,120.000,13.942000,0.023000,117.910327,2689,43,0,23,88,176,0,0
5.980318,14.193000,120.000,13.942000,0.023000,117.910762,2689,43,0,23,88,176,0,0
5.983154,2.836000,120.000,13.942000,0.023000,117.911197,2689,43,0,23,88,176,0,0
5.997114,13.960000,120.000,13.942000,0.023000,117.911632,2689,43,0,23,88,176,0,0
6.000693,3.579000,120.000,13.942000,0.023000,117.912066,2689,43,0,23,88,176,0,0
6.013589,12.896000,120.000,13.942000,0.023000,117.912501,2689,43,0,23,88,176,0,0
6.016996,3.407000,120.000,13.942000,0.023000,117.912936,2689,43,0,23,88,176,0,0
6.030411,13.415000,120.000,13.942000,0.023000,117.913371,2689,43,0,23,88,176,0,0
6.033947,3.536000,120.000,13.942000,0.023000,117.913806,2689,43,0,23,88,176,0,0
6.047028,13.081000,120.000,13.942000,0.023000,117.914515,2689,43,0,23,88,176,0,0
6.050591,3.563000,120.000,13.942000,0.023000,117.914950,2689,43,0,23,88,176,0,0
6.063630,13.039000,120.000,13.942000,0.023000,117.915385,2689,43,0,23,88,176,0,0
6.067168,3.538000,120.000,13.942000,0.023000,117.915786,2689,43,0,23,88,176,0,0
6.080258,13.090000,120.000,13.942000,0.023000,117.916221,2689,43,0,23,88,176,0,0
6.083774,3.516000,120.000,13.942000,0.023000,117.916656,2689,43,0,23,88,176,0,0
6.097070,13.296000,120.000,13.942000,0.023000,117.917090,2689,43,0,23,88,176,0,0
6.100443,3.373000,120.000,13.942000,0.023000,117.917491,2689,43,0,23,88,176,0,0
6.113687,13.244000,120.000,13.942000,0.023000,117.917926,2689,43,0,23,88,176,0,0
6.117241,3.554000,120.000,13.942000,0.023000,117.918361,2689,43,0,23,88,176,0,0
6.130279,13.038000,120.000,13.942000,0.023000,117.918796,2689,43,0,23,88,176,0,0
6.133679,3.400000,120.000,13.942000,0.023000,117.919230,2689,43,0,23,88,176,0,0
6.146938,13.259000,120.000,13.942000,0.023000,117.919665,2689,43,0,23,88,176,0,0
6.150515,3.577000,120.000,13.942000,0.023000,117.920100,2689,43,0,23,88,176,0,0
6.163738,13.223000,120.000,13.942000,0.023000,117.920535,2689,43,0,23,88,176,0,0
6.167309,3.571000,120.000,13.942000,0.023000,117.920970,2689,43,0,23,88,176,0,0
6.180315,13.006000,120.000,13.942000,0.023000,117.921405,2689,43,0,23,88,176,0,0
6.183874,3.559000,120.000,13.942000,0.023000,117.921840,2689,43,0,23,88,176,0,0
6.196983,13.109000,120.000,13.942000,0.023000,117.922275,2689,43,0,23,88,176,0,0
6.200485,3.502000,120.000,13.942000,0.023000,117.922709,2689,43,0,23,88,176,0,0
6.213606,13.121000,120.000,13.942000,0.023000,117.923144,2689,43,0,23,88,176,0,0
6.217159,3.553000,120.000,13.942000,0.023000,117.923579,2689,43,0,23,88,176,0,0
6.230398,13.239000,120.000,13.942000,0.023000,117.924014,2689,43,0,23,88,176,0,0
6.233971,3.573000,120.000,13.942000,0.023000,117.924449,2689,43,0,23,88,176,0,0
6.247027,13.056000,120.000,13.942000,0.023000,117.924884,2689,43,0,23,88,176,0,0
6.250570,3.543000,120.000,13.942000,0.023000,117.925319,2689,43,0,23,88,176,0,0
6.263688,13.118000,120.000,13.942000,0.023000,117.925696,2689,43,0,23,88,176,0,0
6.267233,3.545000,120.000,13.942000,0.023000,117.926131,2689,43,0,23,88,176,0,0
6.280451,13.218000,120.000,13.942000,0.023000,117.926566,2689,43,0,23,88,176,0,0
6.284034,3.583000,120.000,13.942000,0.023000,117.927001,2689,43,0,23,88,176,0,0
6.297073,13.039000,120.000,13.942000,0.023000,117.927436,2689,43,0,23,88,176,0,0
6.300604,3.531000,120.000,13.942000,0.023000,117.927871,2689,43,0,23,88,176,0,0
6.313722,13.118000,120.000,13.942000,0.023000,117.928306,2689,43,0,23,88,176,0,0
6.317276,3.554000,120.000,13.942000,0.023000,117.928741,2689,43,0,23,88,176,0,0
6.330046,12.770000,120.000,13.942000,0.023000,117.929175,2689,43,0,23,88,176,0,0
6.333476,3.430000,120.000,13.942000,0.023000,117.929610,2689,43,0,23,88,176,0,0
6.346650,13.174000,120.000,13.942000,0.023000,117.930045,2689,43,0,23,88,176,0,0
6.350217,3.567000,120.000,13.942000,0.023000,117.930446,2689,43,0,23,88,176,0,0
6.363227,13.010000,120.000,13.942000,0.023000,117.930881,2689,43,0,23,88,176,0,0
6.366664,3.437000,120.000,13.942000,0.023000,117.931315,2689,43,0,23,88,176,0,0
6.379856,13.192000,120.000,13.942000,0.023000,117.931750,2689,43,0,23,88,176,0,0
6.383279,3.423000,120.000,13.942000,0.023000,117.932185,2689,43,0,23,88,176,0,0
6.397172,13.893000,120.000,13.942000,0.023000,117.932620,2689,43,0,23,88,176,0,0
6.400761,3.589000,120.000,13.942000,0.023000,117.933055,2689,43,0,23,88,176,0,0
6.413778,13.017000,120.000,14.492000,0.017000,117.933490,2689,43,0,23,88,176,0,0
6.417217,3.439000,120.000,14.492000,0.017000,117.933925,2689,43,0,23,88,176,0,0
6.430357,13.140000,120.000,14.492000,0.017000,117.934360,2689,43,0,23,88,176,0,0
6.433795,3.438000,120.000,14.492000,0.017000,117.934794,2689,43,0,23,88,176,0,0
6.447040,13.245000,120.000,14.492000,0.017000,117.935229,2689,43,0,23,88,176,0,0
6.450563,3.523000,120.000,14.492000,0.017000,117.935630,2689,43,0,23,88,176,0,0
6.463268,12.705000,120.000,14.492000,0.017000,117.936065,2689,43,0,23,88,176,0,0
6.466611,3.343000,120.000,14.492000,0.017000,117.936500,2689,43,0,23,88,176,0,0
6.479964,13.353000,120.000,14.492000,0.017000,117.936934,2689,43,0,23,88,176,0,0
6.483606,3.642000,120.000,14.492000,0.017000,117.937369,2689,43,0,23,88,176,0,0
6.497069,13.463000,120.000,14.492000,0.017000,117.937804,2689,43,0,23,88,176,0,0
6.500120,3.051000,120.000,14.492000,0.017000,117.938239,2689,43,0,23,88,176,0,0
6.513665,13.545000,120.000,14.492000,0.017000,117.938617,2689,43,0,23,88,176,0,0
6.516839,3.174000,120.000,14.492000,0.017000,117.939052,2689,43,0,23,88,176,0,0
6.530356,13.517000,120.000,14.492000,0.017000,117.939487,2689,43,0,23,88,176,0,0
6.533813,3.457000,120.000,14.492000,0.017000,117.939921,2689,43,0,23,88,176,0,0
6.547118,13.305000,120.000,14.492000,0.017000,117.940356,2689,43,0,23,88,176,0,0
6.550631,3.513000,120.000,14.492000,0.017000,117.940791,2689,43,0,23,88,176,0,0
6.563210,12.579000,120.000,14.492000,0.017000,117.941226,2689,43,0,23,88,176,0,0
6.566636,3.426000,120.000,14.492000,0.017000,117.941627,2689,43,0,23,88,176,0,0
6.580387,13.751000,120.000,14.492000,0.017000,117.942061,2689,43,0,23,88,176,0,0
6.583828,3.441000,120.000,14.492000,0.017000,117.942496,2689,43,0,23,88,176,0,0
6.596765,12.937000,120.000,14.492000,0.017000,117.942931,2689,43,0,23,88,176,0,0
6.600082,3.317000,120.000,14.492000,0.017000,117.943366,2689,43,0,23,88,176,0,0
6.613366,13.284000,120.000,14.492000,0.017000,117.943801,2689,43,0,23,88,176,0,0
6.616879,3.513000,120.000,14.492000,0.017000,117.944236,2689,43,0,23,88,176,0,0
6.630429,13.550000,120.000,14.492000,0.017000,117.944671,2689,43,0,23,88,176,0,0
6.632642,2.213000,120.000,14.492000,0.017000,117.945106,2689,43,0,23,88,176,0,0
6.647057,14.415000,120.000,14.492000,0.017000,117.945540,2689,43,0,23,88,176,0,0
6.649182,2.125000,120.000,14.492000,0.017000,117.945975,2689,43,0,23,88,176,0,0
6.663665,14.483000,120.000,14.492000,0.017000,117.946410,2689,43,0,23,88,176,0,0
6.666005,2.340000,120.000,14.492000,0.017000,117.946845,2689,43,0,23,88,176,0,0
6.680497,14.492000,120.000,14.492000,0.017000,117.947280,2689,43,0,23,88,176,0,0
6.682868,2.371000,120.000,14.492000,0.017000,117.947715,2689,43,0,23,88,176,0,0
6.697090,14.222000,120.000,14.492000,0.017000,117.948150,2689,43,0,23,88,176,0,0
6.699441,2.351000,120.000,14.492000,0.017000,117.948550,2689,43,0,23,88,176,0,0
6.713737,14.296000,120.000,14.492000,0.017000,117.948985,2689,43,0,23,88,176,0,0
6.715999,2.262000,120.000,14.492000,0.017000,117.949420,2689,43,0,23,88,176,0,0
6.730328,14.329000,120.000,14.492000,0.017000,117.949855,2689,43,0,23,88,176,0,0
6.733389,3.061000,120.000,14.492000,0.017000,117.950290,2689,43,0,23,88,176,0,0
6.747119,13.730000,120.000,14.492000,0.017000,117.950725,2689,43,0,23,88,176,0,0
6.750048,2.929000,120.000,14.492000,0.017000,117.951159,2689,43,0,23,88,176,0,0
6.763773,13.725000,120.000,14.492000,0.017000,117.951594,2689,43,0,23,88,176,0,0
6.767435,3.662000,120.000,14.492000,0.017000,117.952029,2689,43,0,23,88,176,0,0
6.779885,12.450000,120.000,14.492000,0.017000,117.952464,2689,43,0,23,88,176,0,0
6.783257,3.372000,120.000,14.492000,0.017000,117.952899,2689,43,0,23,88,176,0,0
6.797050,13.793000,120.000,14.492000,0.017000,117.953334,2689,43,0,23,88,176,0,0
6.799297,2.247000,120.000,14.492000,0.017000,117.953734,2689,43,0,23,88,176,0,0
6.813647,14.350000,120.000,14.492000,0.017000,117.954169,2689,43,0,23,88,176,0,0
6.815876,2.229000,120.000,14.492000,0.017000,117.954604,2689,43,0,23,88,176,0,0
6.830420,14.544000,120.000,14.492000,0.017000,117.955039,2689,43,0,23,88,176,0,0
6.832904,2.484000,120.000,14.492000,0.017000,117.955440,2689,43,0,23,88,176,0,0
6.847115,14.211000,120.000,14.492000,0.017000,117.955874,2689,43,0,23,88,176,0,0
6.849789,2.674000,120.000,14.492000,0.017000,117.956309,2689,43,0,23,88,176,0,0
6.863868,14.079000,120.000,14.492000,0.017000,117.956744,2689,43,0,23,88,176,0,0
6.866579,2.711000,120.000,14.492000,0.017000,117.957179,2689,43,0,23,88,176,0,0
6.880504,13.925000,120.000,14.492000,0.017000,117.957614,2689,43,0,23,88,176,0,0
6.882808,2.304000,120.000,14.492000,0.017000,117.958049,2689,43,0,23,88,176,0,0
6.897128,14.320000,120.000,14.492000,0.017000,117.958484,2689,43,0,23,88,176,0,0
6.899437,2.309000,120.000,14.492000,0.017000,117.958919,2689,43,0,23,88,176,0,0
6.913166,13.729000,120.000,14.492000,0.017000,117.959353,2689,43,0,23,88,176,0,0
6.916282,3.116000,120.000,14.492000,0.017000,117.959788,2689,43,0,23,88,176,0,0
6.930392,14.110000,120.000,14.492000,0.017000,117.960223,2689,43,0,23,88,176,0,0
6.933957,3.565000,120.000,14.492000,0.017000,117.960658,2689,43,0,23,88,176,0,0
6.946989,13.032000,120.000,14.492000,0.017000,117.961093,2689,43,0,23,88,176,0,0
6.950411,3.422000,120.000,14.492000,0.017000,117.961528,2689,43,0,23,88,176,0,0
6.963619,13.208000,120.000,14.492000,0.017000,117.961963,2689,43,0,23,88,176,0,0
6.967058,3.439000,120.000,14.492000,0.017000,117.962398,2689,43,0,23,88,176,0,0
6.980410,13.352000,120.000,14.492000,0.017000,117.962832,2689,43,0,23,88,176,0,0
6.983951,3.541000,120.000,14.492000,0.017000,117.963233,2689,43,0,23,88,176,0,0
6.997017,13.066000,120.000,14.492000,0.017000,117.963668,2689,43,0,23,88,176,0,0
7.000422,3.405000,120.000,14.492000,0.017000,117.964103,2689,43,0,23,88,176,0,0
7.013843,13.421000,120.000,14.492000,0.017000,117.964538,2689,43,0,23,88,176,0,0
7.017385,3.542000,120.000,14.492000,0.017000,117.964972,2689,43,0,23,88,176,0,0
7.030832,13.447000,120.000,14.492000,0.017000,117.965407,2689,43,0,23,88,176,0,0
7.034832,4.000000,120.000,14.492000,0.017000,117.965842,2689,43,0,23,88,176,0,0
7.047084,12.252000,120.000,14.492000,0.017000,117.966277,2689,43,0,23,88,176,0,0
7.049637,2.553000,120.000,14.492000,0.017000,117.966712,2689,43,0,23,88,176,0,0
7.063737,14.100000,120.000,14.492000,0.017000,117.967147,2689,43,0,23,88,176,0,0
7.066024,2.287000,120.000,14.492000,0.017000,117.967582,2689,43,0,23,88,176,0,0
7.080449,14.425000,120.000,14.492000,0.017000,117.968017,2689,43,0,23,88,176,0,0
7.082690,2.241000,120.000,14.492000,0.017000,117.968451,2689,43,0,23,88,176,0,0
7.097419,14.729000,120.000,14.492000,0.017000,117.968829,2689,43,0,23,88,176,0,0
7.099687,2.268000,120.000,14.492000,0.017000,117.969264,2689,43,0,23,88,176,0,0
7.113561,13.874000,120.000,14.492000,0.017000,117.969699,2689,43,0,23,88,176,0,0
7.116017,2.456000,120.000,14.492000,0.017000,117.970134,2689,43,0,23,88,176,0,0
7.129688,13.671000,120.000,14.492000,0.017000,117.970569,2689,43,0,23,88,176,0,0
7.132258,2.570000,120.000,14.492000,0.017000,117.971004,2689,43,0,23,88,176,0,0
7.146666,14.408000,120.000,14.492000,0.017000,117.971438,2689,43,0,23,88,176,0,0
7.149550,2.884000,120.000,14.492000,0.017000,117.971873,2689,43,0,23,88,176,0,0
7.163192,13.642000,120.000,14.492000,0.017000,117.972251,2689,43,0,23,88,176,0,0
7.166584,3.392000,120.000,14.492000,0.017000,117.972686,2689,43,0,23,88,176,0,0
7.180360,13.776000,120.000,14.492000,0.017000,117.973121,2689,43,0,23,88,176,0,0
7.183848,3.488000,120.000,14.492000,0.017000,117.973521,2689,43,0,23,88,176,0,0
7.197037,13.189000,120.000,14.492000,0.017000,117.973956,2689,43,0,23,88,176,0,0
7.200494,3.457000,120.000,14.492000,0.017000,117.974391,2689,43,0,23,88,176,0,0
7.213683,13.189000,120.000,14.492000,0.017000,117.974826,2689,43,0,23,88,176,0,0
7.217132,3.449000,120.000,14.492000,0.017000,117.975261,2689,43,0,23,88,176,0,0
7.230294,13.162000,120.000,14.492000,0.017000,117.975696,2689,43,0,23,88,176,0,0
7.233870,3.576000,120.000,14.492000,0.017000,117.976130,2689,43,0,23,88,176,0,0
7.246531,12.661000,120.000,14.492000,0.017000,117.976508,2689,43,0,23,88,176,0,0
7.250676,4.145000,120.000,14.492000,0.017000,117.976943,2689,43,0,23,88,176,0,0
7.263486,12.810000,120.000,14.492000,0.017000,117.977378,2689,43,0,23,88,176,0,0
7.266624,3.138000,120.000,14.492000,0.017000,117.977813,2689,43,0,23,88,176,0,0
7.280035,13.411000,120.000,14.492000,0.017000,117.978248,2689,43,0,23,88,176,0,0
7.283234,3.199000,120.000,14.492000,0.017000,117.978683,2689,43,0,23,88,176,0,0
7.296795,13.561000,120.000,14.492000,0.017000,117.979117,2689,43,0,23,88,176,0,0
7.300095,3.300000,120.000,14.492000,0.017000,117.979552,2689,43,0,23,88,176,0,0
7.313427,13.332000,120.000,14.492000,0.017000,117.979987,2689,43,0,23,88,176,0,0
7.316761,3.334000,120.000,14.492000,0.017000,117.980422,2689,43,0,23,88,176,0,0
7.330070,13.309000,120.000,14.492000,0.017000,117.980857,2689,43,0,23,88,176,0,0
7.333453,3.383000,120.000,14.492000,0.017000,117.981257,2689,43,0,23,88,176,0,0
7.346892,13.439000,120.000,14.492000,0.017000,117.981692,2689,43,0,23,88,176,0,0
7.349023,2.131000,120.000,14.492000,0.017000,117.982127,2689,43,0,23,88,176,0,0
7.363599,14.576000,120.000,14.492000,0.017000,117.982562,2689,43,0,23,88,176,0,0
7.365556,1.957000,120.000,14.492000,0.017000,117.982997,2689,43,0,23,88,176,0,0
7.380153,14.597000,120.000,14.492000,0.017000,117.983432,2689,43,0,23,88,176,0,0
7.382326,2.173000,120.000,14.492000,0.017000,117.983867,2689,43,0,23,88,176,0,0
7.396844,14.518000,120.000,14.492000,0.017000,117.984302,2689,43,0,23,88,176,0,0
7.398925,2.081000,120.000,14.492000,0.017000,117.984736,2689,43,0,23,88,176,0,0
7.413512,14.587000,120.000,14.683000,0.020000,117.985171,2689,43,0,23,88,176,0,0
7.415694,2.182000,120.000,14.683000,0.020000,117.985606,2689,43,0,23,88,176,0,0
7.430287,14.593000,120.000,14.683000,0.020000,117.986041,2689,43,0,23,88,176,0,0
7.432595,2.308000,120.000,14.683000,0.020000,117.986476,2689,43,0,23,88,176,0,0
7.447119,14.524000,120.000,14.683000,0.020000,117.986911,2689,43,0,23,88,176,0,0
7.449449,2.330000,120.000,14.683000,0.020000,117.987346,2689,43,0,23,88,176,0,0
7.463726,14.277000,120.000,14.683000,0.020000,117.987781,2689,43,0,23,88,176,0,0
7.466811,3.085000,120.000,14.683000,0.020000,117.988215,2689,43,0,23,88,176,0,0
7.480386,13.575000,120.000,14.683000,0.020000,117.988650,2689,43,0,23,88,176,0,0
7.483773,3.387000,120.000,14.683000,0.020000,117.989085,2689,43,0,23,88,176,0,0
7.497013,13.240000,120.000,14.683000,0.020000,117.989520,2689,43,0,23,88,176,0,0
7.500472,3.459000,120.000,14.683000,0.020000,117.989955,2689,43,0,23,88,176,0,0
7.513802,13.330000,120.000,14.683000,0.020000,117.990390,2689,43,0,23,88,176,0,0
7.516143,2.341000,120.000,14.683000,0.020000,117.990825,2689,43,0,23,88,176,0,0
7.530421,14.278000,120.000,14.683000,0.020000,117.991260,2689,43,0,23,88,176,0,0
7.532677,2.256000,120.000,14.683000,0.020000,117.991694,2689,43,0,23,88,176,0,0
7.546366,13.689000,120.000,14.683000,0.020000,117.992129,2689,43,0,23,88,176,0,0
7.549066,2.700000,120.000,14.683000,0.020000,117.992564,2689,43,0,23,88,176,0,0
7.563838,14.772000,120.000,14.683000,0.020000,117.992999,2689,43,0,23,88,176,0,0
7.566619,2.781000,120.000,14.683000,0.020000,117.993434,2689,43,0,23,88,176,0,0
7.580461,13.842000,120.000,14.683000,0.020000,117.993869,2689,43,0,23,88,176,0,0
7.582805,2.344000,120.000,14.683000,0.020000,117.994304,2689,43,0,23,88,176,0,0
7.597124,14.319000,120.000,14.683000,0.020000,117.994739,2689,43,0,23,88,176,0,0
7.599402,2.278000,120.000,14.683000,0.020000,117.995173,2689,43,0,23,88,176,0,0
7.613728,14.326000,120.000,14.683000,0.020000,117.995608,2689,43,0,23,88,176,0,0
7.619267,5.539000,120.000,14.683000,0.020000,117.996043,2689,43,0,23,88,176,0,0
7.630306,11.039000,120.000,14.683000,0.020000,117.996478,2689,43,0,23,88,176,0,0
7.633275,2.969000,120.000,14.683000,0.020000,117.996913,2689,43,0,23,88,176,0,0
7.647139,13.864000,120.000,14.683000,0.020000,117.997348,2689,43,0,23,88,176,0,0
7.650616,3.477000,120.000,14.683000,0.020000,117.997783,2689,43,0,23,88,176,0,0
7.663748,13.132000,120.000,14.683000,0.020000,117.998218,2689,43,0,23,88,176,0,0
7.667230,3.482000,120.000,14.683000,0.020000,117.998652,2689,43,0,23,88,176,0,0
7.680398,13.168000,120.000,14.683000,0.020000,117.999030,2689,43,0,23,88,176,0,0
7.682633,2.235000,120.000,14.683000,0.020000,117.999465,2689,43,0,23,88,176,0,0
7.697023,14.390000,120.000,14.683000,0.020000,117.999900,2689,43,0,23,88,176,0,0
7.699115,2.092000,120.000,14.683000,0.020000,118.000335,2689,43,0,23,88,176,0,0
7.713781,14.666000,120.000,14.683000,0.020000,118.000770,2689,43,0,23,88,176,0,0
7.715796,2.015000,120.000,14.683000,0.020000,118.001204,2689,43,0,23,88,176,0,0
7.730444,14.648000,120.000,14.683000,0.020000,118.001639,2689,43,0,23,88,176,0,0
7.735682,5.238000,120.000,14.683000,0.020000,118.002074,2689,43,0,23,88,176,0,0
7.747072,11.390000,120.000,14.683000,0.020000,118.002509,2689,43,0,23,88,176,0,0
7.749422,2.350000,120.000,14.683000,0.020000,118.002944,2689,43,0,23,88,176,0,0
7.763752,14.330000,120.000,14.683000,0.020000,118.003379,2689,43,0,23,88,176,0,0
7.766071,2.319000,120.000,14.683000,0.020000,118.003814,2689,43,0,23,88,176,0,0
7.780494,14.423000,120.000,14.683000,0.020000,118.004249,2689,43,0,23,88,176,0,0
7.783004,2.510000,120.000,14.683000,0.020000,118.004683,2689,43,0,23,88,176,0,0
7.797150,14.146000,120.000,14.683000,0.020000,118.005118,2689,43,0,23,88,176,0,0
7.802904,5.754000,120.000,14.683000,0.020000,118.005519,2689,43,0,23,88,176,0,0
7.813142,10.238000,120.000,14.683000,0.020000,118.005954,2689,43,0,23,88,176,0,0
7.816596,3.454000,120.000,14.683000,0.020000,118.006389,2689,43,0,23,88,176,0,0
7.830390,13.794000,120.000,14.683000,0.020000,118.006824,2689,43,0,23,88,176,0,0
7.833909,3.519000,120.000,14.683000,0.020000,118.007224,2689,43,0,23,88,176,0,0
7.847137,13.228000,120.000,14.683000,0.020000,118.007659,2689,43,0,23,88,176,0,0
7.850402,3.265000,120.000,14.683000,0.020000,118.008094,2689,43,0,23,88,176,0,0
7.863748,13.346000,120.000,14.683000,0.020000,118.008529,2689,43,0,23,88,176,0,0
7.867228,3.480000,120.000,14.683000,0.020000,118.008964,2689,43,0,23,88,176,0,0
7.880392,13.164000,120.000,14.683000,0.020000,118.009398,2689,43,0,23,88,176,0,0
7.883992,3.600000,120.000,14.683000,0.020000,118.009833,2689,43,0,23,88,176,0,0
7.897018,13.026000,120.000,14.683000,0.020000,118.010268,2689,43,0,23,88,176,0,0
7.900480,3.462000,120.000,14.683000,0.020000,118.010703,2689,43,0,23,88,176,0,0
7.913818,13.338000,120.000,14.683000,0.020000,118.011081,2689,43,0,23,88,176,0,0
7.917334,3.516000,120.000,14.683000,0.020000,118.011516,2689,43,0,23,88,176,0,0
7.930427,13.093000,120.000,14.683000,0.020000,118.011950,2689,43,0,23,88,176,0,0
7.933911,3.484000,120.000,14.683000,0.020000,118.012385,2689,43,0,23,88,176,0,0
7.947063,13.152000,120.000,14.683000,0.020000,118.012820,2689,43,0,23,88,176,0,0
7.950553,3.490000,120.000,14.683000,0.020000,118.013255,2689,43,0,23,88,176,0,0
7.963709,13.156000,120.000,14.683000,0.020000,118.013690,2689,43,0,23,88,176,0,0
7.967262,3.553000,120.000,14.683000,0.020000,118.014125,2689,43,0,23,88,176,0,0
7.980331,13.069000,120.000,14.683000,0.020000,118.014560,2689,43,0,23,88,176,0,0
7.983858,3.527000,120.000,14.683000,0.020000,118.014995,2689,43,0,23,88,176,0,0
7.997065,13.207000,120.000,14.683000,0.020000,118.015429,2689,43,0,23,88,176,0,0
8.000473,3.408000,120.000,14.683000,0.020000,118.015864,2689,43,0,23,88,176,0,0
8.013724,13.251000,120.000,14.683000,0.020000,118.016299,2689,43,0,23,88,176,0,0
8.017161,3.437000,120.000,14.683000,0.020000,118.016734,2689,43,0,23,88,176,0,0
8.030327,13.166000,120.000,14.683000,0.020000,118.017169,2689,43,0,23,88,176,0,0
8.033806,3.479000,120.000,14.683000,0.020000,118.017604,2689,43,0,23,88,176,0,0
8.047001,13.195000,120.000,14.683000,0.020000,118.018039,2689,43,0,23,88,176,0,0
8.050554,3.553000,120.000,14.683000,0.020000,118.018474,2689,43,0,23,88,176,0,0
8.063808,13.254000,120.000,14.683000,0.020000,118.018909,2689,43,0,23,88,176,0,0
8.067379,3.571000,120.000,14.683000,0.020000,118.019343,2689,43,0,23,88,176,0,0
8.080417,13.038000,120.000,14.683000,0.020000,118.019778,2689,43,0,23,88,176,0,0
8.083857,3.440000,120.000,14.683000,0.020000,118.020213,2689,43,0,23,88,176,0,0
8.097022,13.165000,120.000,14.683000,0.020000,118.020648,2689,43,0,23,88,176,0,0
8.100461,3.439000,120.000,14.683000,0.020000,118.021083,2689,43,0,23,88,176,0,0
8.113701,13.240000,120.000,14.683000,0.020000,118.021518,2689,43,0,23,88,176,0,0
8.117195,3.494000,120.000,14.683000,0.020000,118.021953,2689,43,0,23,88,176,0,0
8.130297,13.102000,120.000,14.683000,0.020000,118.022388,2689,43,0,23,88,176,0,0
8.133844,3.547000,120.000,14.683000,0.020000,118.022822,2689,43,0,23,88,176,0,0
8.147059,13.215000,120.000,14.683000,0.020000,118.023257,2689,43,0,23,88,176,0,0
8.150473,3.414000,120.000,14.683000,0.020000,118.023692,2689,43,0,23,88,176,0,0
8.163708,13.235000,120.000,14.683000,0.020000,118.024127,2689,43,0,23,88,176,0,0
8.167255,3.547000,120.000,14.683000,0.020000,118.024562,2689,43,0,23,88,176,0,0
8.180366,13.111000,120.000,14.683000,0.020000,118.024997,2689,43,0,23,88,176,0,0
8.183856,3.490000,120.000,14.683000,0.020000,118.025432,2689,43,0,23,88,176,0,0
8.197118,13.262000,120.000,14.683000,0.020000,118.025867,2689,43,0,23,88,176,0,0
8.200577,3.459000,120.000,14.683000,0.020000,118.026301,2689,43,0,23,88,176,0,0
8.213703,13.126000,120.000,14.683000,0.020000,118.026736,2689,43,0,23,88,176,0,0
8.217171,3.468000,120.000,14.683000,0.020000,118.027171,2689,43,0,23,88,176,0,0
8.229856,12.685000,120.000,14.683000,0.020000,118.027606,2689,43,0,23,88,176,0,0
8.233375,3.519000,120.000,14.683000,0.020000,118.028041,2689,43,0,23,88,176,0,0
8.247064,13.689000,120.000,14.683000,0.020000,118.028476,2689,43,0,23,88,176,0,0
8.250555,3.491000,120.000,14.683000,0.020000,118.028911,2689,43,0,23,88,176,0,0
8.263664,13.109000,120.000,14.683000,0.020000,118.029346,2689,43,0,23,88,176,0,0
8.267194,3.530000,120.000,14.683000,0.020000,118.029780,2689,43,0,23,88,176,0,0
8.280432,13.238000,120.000,14.683000,0.020000,118.030215,2689,43,0,23,88,176,0,0
8.283837,3.405000,120.000,14.683000,0.020000,118.030650,2689,43,0,23,88,176,0,0
8.297028,13.191000,120.000,14.683000,0.020000,118.031085,2689,43,0,23,88,176,0,0
8.300547,3.519000,120.000,14.683000,0.020000,118.031520,2689,43,0,23,88,176,0,0
8.313680,13.133000,120.000,14.683000,0.020000,118.031955,2689,43,0,23,88,176,0,0
8.317154,3.474000,120.000,14.683000,0.020000,118.032355,2689,43,0,23,88,176,0,0
8.330473,13.319000,120.000,14.683000,0.020000,118.032790,2689,43,0,23,88,176,0,0
8.333996,3.523000,120.000,14.683000,0.020000,118.033225,2689,43,0,23,88,176,0,0
8.346914,12.918000,120.000,14.683000,0.020000,118.033660,2689,43,0,23,88,176,0,0
8.350350,3.436000,120.000,14.683000,0.020000,118.034095,2689,43,0,23,88,176,0,0
8.363725,13.375000,120.000,14.683000,0.020000,118.034472,2689,43,0,23,88,176,0,0
8.367207,3.482000,120.000,14.683000,0.020000,118.034907,2689,43,0,23,88,176,0,0
8.380348,13.141000,120.000,14.683000,0.020000,118.035342,2689,43,0,23,88,176,0,0
8.383841,3.493000,120.000,14.683000,0.020000,118.035777,2689,43,0,23,88,176,0,0
8.397171,13.330000,120.000,14.683000,0.020000,118.036212,2689,43,0,23,88,176,0,0
8.400652,3.481000,120.000,14.683000,0.020000,118.036647,2689,43,0,23,88,176,0,0
8.413783,13.131000,120.000,14.710000,0.017000,118.037082,2689,43,0,23,88,176,0,0
8.417315,3.532000,120.000,14.710000,0.017000,118.037517,2689,43,0,23,88,176,0,0
8.430401,13.086000,120.000,14.710000,0.017000,118.037951,2689,43,0,23,88,176,0,0
8.433932,3.531000,120.000,14.710000,0.017000,118.038386,2689,43,0,23,88,176,0,0
8.447022,13.090000,120.000,14.710000,0.017000,118.038821,2689,43,0,23,88,176,0,0
8.450537,3.515000,120.000,14.710000,0.017000,118.039256,2689,43,0,23,88,176,0,0
8.463831,13.294000,120.000,14.710000,0.017000,118.039691,2689,43,0,23,88,176,0,0
8.467304,3.473000,120.000,14.710000,0.017000,118.040126,2689,43,0,23,88,176,0,0
8.480004,12.700000,120.000,14.710000,0.017000,118.040561,2689,43,0,23,88,176,0,0
8.483412,3.408000,120.000,14.710000,0.017000,118.040996,2689,43,0,23,88,176,0,0
8.497089,13.677000,120.000,14.710000,0.017000,118.041430,2689,43,0,23,88,176,0,0
8.500691,3.602000,120.000,14.710000,0.017000,118.041865,2689,43,0,23,88,176,0,0
8.513688,12.997000,120.000,14.710000,0.017000,118.042300,2689,43,0,23,88,176,0,0
8.517107,3.419000,120.000,14.710000,0.017000,118.042735,2689,43,0,23,88,176,0,0
8.530478,13.371000,120.000,14.710000,0.017000,118.043170,2689,43,0,23,88,176,0,0
8.533950,3.472000,120.000,14.710000,0.017000,118.043605,2689,43,0,23,88,176,0,0
8.547090,13.140000,120.000,14.710000,0.017000,118.043983,2689,43,0,23,88,176,0,0
8.550498,3.408000,120.000,14.710000,0.017000,118.044383,2689,43,0,23,88,176,0,0
8.563191,12.693000,120.000,14.710000,0.017000,118.044818,2689,43,0,23,88,176,0,0
8.566679,3.488000,120.000,14.710000,0.017000,118.045253,2689,43,0,23,88,176,0,0
8.580351,13.672000,120.000,14.710000,0.017000,118.045688,2689,43,0,23,88,176,0,0
8.583830,3.479000,120.000,14.710000,0.017000,118.046123,2689,43,0,23,88,176,0,0
8.597184,13.354000,120.000,14.710000,0.017000,118.046500,2689,43,0,23,88,176,0,0
8.600785,3.601000,120.000,14.710000,0.017000,118.046935,2689,43,0,23,88,176,0,0
8.613781,12.996000,120.000,14.710000,0.017000,118.047370,2689,43,0,23,88,176,0,0
8.617238,3.457000,120.000,14.710000,0.017000,118.047805,2689,43,0,23,88,176,0,0
8.630423,13.185000,120.000,14.710000,0.017000,118.048240,2689,43,0,23,88,176,0,0
8.633969,3.546000,120.000,14.710000,0.017000,118.048675,2689,43,0,23,88,176,0,0
8.647006,13.037000,120.000,14.710000,0.017000,118.049109,2689,43,0,23,88,176,0,0
8.650227,3.221000,120.000,14.710000,0.017000,118.049544,2689,43,0,23,88,176,0,0
8.663848,13.621000,120.000,14.710000,0.017000,118.049979,2689,43,0,23,88,176,0,0
8.669282,5.434000,120.000,14.710000,0.017000,118.050414,2689,43,0,23,88,176,0,0
8.680296,11.014000,120.000,14.710000,0.017000,118.050849,2689,43,0,23,88,176,0,0
8.683837,3.541000,120.000,14.710000,0.017000,118.051284,2689,43,0,23,88,176,0,0
8.697098,13.261000,120.000,14.710000,0.017000,118.051719,2689,43,0,23,88,176,0,0
8.700735,3.637000,120.000,14.710000,0.017000,118.052154,2689,43,0,23,88,176,0,0
8.713692,12.957000,120.000,14.710000,0.017000,118.052588,2689,43,0,23,88,176,0,0
8.717274,3.582000,120.000,14.710000,0.017000,118.053023,2689,43,0,23,88,176,0,0
8.730347,13.073000,120.000,14.710000,0.017000,118.053458,2689,43,0,23,88,176,0,0
8.733924,3.577000,120.000,14.710000,0.017000,118.053893,2689,43,0,23,88,176,0,0
8.746984,13.060000,120.000,14.710000,0.017000,118.054328,2689,43,0,23,88,176,0,0
8.749819,2.835000,120.000,14.710000,0.017000,118.054763,2689,43,0,23,88,176,0,0
8.763816,13.997000,120.000,14.710000,0.017000,118.055198,2689,43,0,23,88,176,0,0
8.766301,2.485000,120.000,14.710000,0.017000,118.055633,2689,43,0,23,88,176,0,0
8.780433,14.132000,120.000,14.710000,0.017000,118.056067,2689,43,0,23,88,176,0,0
8.782875,2.442000,120.000,14.710000,0.017000,118.056502,2689,43,0,23,88,176,0,0
8.797078,14.203000,120.000,14.710000,0.017000,118.056937,2689,43,0,23,88,176,0,0
8.799491,2.413000,120.000,14.710000,0.017000,118.057372,2689,43,0,23,88,176,0,0
8.814123,14.632000,120.000,14.710000,0.017000,118.057807,2689,43,0,23,88,176,0,0
8.816499,2.376000,120.000,14.710000,0.017000,118.058242,2689,43,0,23,88,176,0,0
8.829944,13.445000,120.000,14.710000,0.017000,118.058677,2689,43,0,23,88,176,0,0
8.839599,9.655000,120.000,14.710000,0.017000,118.059112,2689,43,0,23,88,176,0,0
8.842998,3.399000,120.000,14.710000,0.017000,118.059546,2689,43,0,23,88,176,0,0
8.854729,11.731000,120.000,14.710000,0.017000,118.059981,2689,43,0,23,88,176,0,0
8.857870,3.141000,120.000,14.710000,0.017000,118.060416,2689,43,0,23,88,176,0,0
8.872122,14.252000,120.000,14.710000,0.017000,118.060794,2689,43,0,23,88,176,0,0
8.875257,3.135000,120.000,14.710000,0.017000,118.061229,2689,43,0,23,88,176,0,0
8.888764,13.507000,120.000,14.710000,0.017000,118.065730,2689,43,0,23,88,176,0,0
8.891293,2.529000,120.000,14.710000,0.017000,118.224757,2689,43,0,23,88,176,0,0
8.905351,14.058000,120.000,14.710000,0.017000,118.225192,2689,43,0,23,88,176,0,0
8.907958,2.607000,120.000,14.710000,0.017000,118.225627,2689,43,0,23,88,176,0,0
8.922105,14.147000,120.000,14.710000,0.017000,118.226062,2689,43,0,23,88,176,0,0
8.925371,3.266000,120.000,14.710000,0.017000,118.226497,2689,43,0,23,88,176,0,0
8.938568,13.197000,120.000,14.710000,0.017000,118.226932,2689,43,0,23,88,176,0,0
8.941938,3.370000,120.000,14.710000,0.017000,118.227366,2689,43,0,23,88,176,0,0
8.955121,13.183000,120.000,14.710000,0.017000,118.227801,2689,43,0,23,88,176,0,0
8.958492,3.371000,120.000,14.710000,0.017000,118.228236,2689,43,0,23,88,176,0,0
8.971748,13.256000,120.000,14.710000,0.017000,118.228671,2689,43,0,23,88,176,0,0
8.975168,3.420000,120.000,14.710000,0.017000,118.229106,2689,43,0,23,88,176,0,0
8.988371,13.203000,120.000,14.710000,0.017000,118.229541,2689,43,0,23,88,176,0,0
8.991770,3.399000,120.000,14.710000,0.017000,118.229976,2689,43,0,23,88,176,0,0
9.005443,13.673000,120.000,14.710000,0.017000,118.230353,2689,43,0,23,88,176,0,0
9.007910,2.467000,120.000,14.710000,0.017000,118.230788,2689,43,0,23,88,176,0,0
9.022061,14.151000,120.000,14.710000,0.017000,118.231166,2689,43,0,23,88,176,0,0
9.024505,2.444000,120.000,14.710000,0.017000,118.231601,2689,43,0,23,88,176,0,0
9.038727,14.222000,120.000,14.710000,0.017000,118.232036,2689,43,0,23,88,176,0,0
9.041131,2.404000,120.000,14.710000,0.017000,118.232471,2689,43,0,23,88,176,0,0
9.055459,14.328000,120.000,14.710000,0.017000,118.232905,2689,43,0,23,88,176,0,0
9.057889,2.430000,120.000,14.710000,0.017000,118.233706,2689,43,0,23,88,176,0,0
9.072127,14.238000,120.000,14.710000,0.017000,118.234141,2689,43,0,23,88,176,0,0
9.074416,2.289000,120.000,14.710000,0.017000,118.234576,2689,43,0,23,88,176,0,0
9.088721,14.305000,120.000,14.710000,0.017000,118.235011,2689,43,0,23,88,176,0,0
9.091015,2.294000,120.000,14.710000,0.017000,118.235446,2689,43,0,23,88,176,0,0
9.105315,14.300000,120.000,14.710000,0.017000,118.235881,2689,43,0,23,88,176,0,0
9.108116,2.801000,120.000,14.710000,0.017000,118.236316,2689,43,0,23,88,176,0,0
9.122169,14.053000,120.000,14.710000,0.017000,118.236751,2689,43,0,23,88,176,0,0
9.125114,2.945000,120.000,14.710000,0.017000,118.237185,2689,43,0,23,88,176,0,0
9.138597,13.483000,120.000,14.710000,0.017000,118.237620,2689,43,0,23,88,176,0,0
9.141959,3.362000,120.000,14.710000,0.017000,118.238055,2689,43,0,23,88,176,0,0
9.155412,13.453000,120.000,14.710000,0.017000,118.238490,2689,43,0,23,88,176,0,0
9.159002,3.590000,120.000,14.710000,0.017000,118.238925,2689,43,0,23,88,176,0,0
9.172043,13.041000,120.000,14.710000,0.017000,118.239360,2689,43,0,23,88,176,0,0
9.175482,3.439000,120.000,14.710000,0.017000,118.239795,2689,43,0,23,88,176,0,0
9.188815,13.333000,120.000,14.710000,0.017000,118.240230,2689,43,0,23,88,176,0,0
9.192233,3.418000,120.000,14.710000,0.017000,118.240664,2689,43,0,23,88,176,0,0
9.205455,13.222000,120.000,14.710000,0.017000,118.241099,2689,43,0,23,88,176,0,0
9.209034,3.579000,120.000,14.710000,0.017000,118.241534,2689,43,0,23,88,176,0,0
9.222041,13.007000,120.000,14.710000,0.017000,118.241969,2689,43,0,23,88,176,0,0
9.225416,3.375000,120.000,14.710000,0.017000,118.242404,2689,43,0,23,88,176,0,0
9.238915,13.499000,120.000,14.710000,0.017000,118.242839,2689,43,0,23,88,176,0,0
9.242358,3.443000,120.000,14.710000,0.017000,118.243274,2689,43,0,23,88,176,0,0
9.255379,13.021000,120.000,14.710000,0.017000,118.243709,2689,43,0,23,88,176,0,0
9.258746,3.367000,120.000,14.710000,0.017000,118.244143,2689,43,0,23,88,176,0,0
9.271648,12.902000,120.000,14.710000,0.017000,118.244578,2689,43,0,23,88,176,0,0
9.274759,3.111000,120.000,14.710000,0.017000,118.245013,2689,43,0,23,88,176,0,0
9.288300,13.541000,120.000,14.710000,0.017000,118.245448,2689,43,0,23,88,176,0,0
9.291359,3.059000,120.000,14.710000,0.017000,118.245849,2689,43,0,23,88,176,0,0
9.304919,13.560000,120.000,14.710000,0.017000,118.246284,2689,43,0,23,88,176,0,0
9.308210,3.291000,120.000,14.710000,0.017000,118.246718,2689,43,0,23,88,176,0,0
9.321370,13.160000,120.000,14.710000,0.017000,118.247096,2689,43,0,23,88,176,0,0
9.324551,3.181000,120.000,14.710000,0.017000,118.247497,2689,43,0,23,88,176,0,0
9.338412,13.861000,120.000,14.710000,0.017000,118.247931,2689,43,0,23,88,176,0,0
9.341913,3.501000,120.000,14.710000,0.017000,118.248366,2689,43,0,23,88,176,0,0
9.354719,12.806000,120.000,14.710000,0.017000,118.248801,2689,43,0,23,88,176,0,0
9.357890,3.171000,120.000,14.710000,0.017000,118.249236,2689,43,0,23,88,176,0,0
9.371724,13.834000,120.000,14.710000,0.017000,118.249614,2689,43,0,23,88,176,0,0
9.374885,3.161000,120.000,14.710000,0.017000,118.250049,2689,43,0,23,88,176,0,0
9.388078,13.193000,120.000,14.710000,0.017000,118.250484,2689,43,0,23,88,176,0,0
9.391211,3.133000,120.000,14.710000,0.017000,118.250918,2689,43,0,23,88,176,0,0
9.404960,13.749000,120.000,14.710000,0.017000,118.251353,2689,43,0,23,88,176,0,0
9.408215,3.255000,120.000,14.575000,0.025000,118.251754,2689,43,0,23,88,176,0,0
9.421591,13.376000,120.000,14.575000,0.025000,118.252189,2689,43,0,23,88,176,0,0
9.424891,3.300000,120.000,14.575000,0.025000,118.252624,2689,43,0,23,88,176,0,0
9.438400,13.509000,120.000,14.575000,0.025000,118.253058,2689,43,0,23,88,176,0,0
9.441847,3.447000,120.000,14.575000,0.025000,118.253459,2689,43,0,23,88,176,0,0
9.455313,13.466000,120.000,14.575000,0.025000,118.253894,2689,43,0,23,88,176,0,0
9.460779,5.466000,120.000,14.575000,0.025000,118.254329,2689,43,0,23,88,176,0,0
9.471691,10.912000,120.000,14.575000,0.025000,118.254764,2689,43,0,23,88,176,0,0
9.475086,3.395000,120.000,14.575000,0.025000,118.255198,2689,43,0,23,88,176,0,0
9.488752,13.666000,120.000,14.575000,0.025000,118.255633,2689,43,0,23,88,176,0,0
9.492196,3.444000,120.000,14.575000,0.025000,118.256068,2689,43,0,23,88,176,0,0
9.505372,13.176000,120.000,14.575000,0.025000,118.256503,2689,43,0,23,88,176,0,0
9.507601,2.229000,120.000,14.575000,0.025000,118.256938,2689,43,0,23,88,176,0,0
9.522017,14.416000,120.000,14.575000,0.025000,118.257373,2689,43,0,23,88,176,0,0
9.524506,2.489000,120.000,14.575000,0.025000,118.257808,2689,43,0,23,88,176,0,0
9.538683,14.177000,120.000,14.575000,0.025000,118.258243,2689,43,0,23,88,176,0,0
9.540937,2.254000,120.000,14.575000,0.025000,118.258677,2689,43,0,23,88,176,0,0
9.555476,14.539000,120.000,14.575000,0.025000,118.259112,2689,43,0,23,88,176,0,0
9.557934,2.458000,120.000,14.575000,0.025000,118.259547,2689,43,0,23,88,176,0,0
9.572051,14.117000,120.000,14.575000,0.025000,118.259982,2689,43,0,23,88,176,0,0
9.574458,2.407000,120.000,14.575000,0.025000,118.260417,2689,43,0,23,88,176,0,0
9.588692,14.234000,120.000,14.575000,0.025000,118.260852,2689,43,0,23,88,176,0,0
9.591139,2.447000,120.000,14.575000,0.025000,118.261287,2689,43,0,23,88,176,0,0
9.605475,14.336000,120.000,14.575000,0.025000,118.261722,2689,43,0,23,88,176,0,0
9.607774,2.299000,120.000,14.575000,0.025000,118.262156,2689,43,0,23,88,176,0,0
9.622085,14.311000,120.000,14.575000,0.025000,118.262591,2689,43,0,23,88,176,0,0
9.624817,2.732000,120.000,14.575000,0.025000,118.263026,2689,43,0,23,88,176,0,0
9.638751,13.934000,120.000,14.575000,0.025000,118.263461,2689,43,0,23,88,176,0,0
9.642300,3.549000,120.000,14.575000,0.025000,118.263896,2689,43,0,23,88,176,0,0
9.655357,13.057000,120.000,14.575000,0.025000,118.264274,2689,43,0,23,88,176,0,0
9.658832,3.475000,120.000,14.575000,0.025000,118.264709,2689,43,0,23,88,176,0,0
9.671961,13.129000,120.000,14.575000,0.025000,118.265143,2689,43,0,23,88,176,0,0
9.675383,3.422000,120.000,14.575000,0.025000,118.265578,2689,43,0,23,88,176,0,0
9.688776,13.393000,120.000,14.575000,0.025000,118.266013,2689,43,0,23,88,176,0,0
9.692253,3.477000,120.000,14.575000,0.025000,118.266448,2689,43,0,23,88,176,0,0
9.705372,13.119000,120.000,14.575000,0.025000,118.266883,2689,43,0,23,88,176,0,0
9.708879,3.507000,120.000,14.575000,0.025000,118.267318,2689,43,0,23,88,176,0,0
9.722008,13.129000,120.000,14.575000,0.025000,118.267753,2689,43,0,23,88,176,0,0
9.725403,3.395000,120.000,14.575000,0.025000,118.268188,2689,43,0,23,88,176,0,0
9.738651,13.248000,120.000,14.575000,0.025000,118.268622,2689,43,0,23,88,176,0,0
9.742167,3.516000,120.000,14.575000,0.025000,118.269057,2689,43,0,23,88,176,0,0
9.755433,13.266000,120.000,14.575000,0.025000,118.269492,2689,43,0,23,88,176,0,0
9.758861,3.428000,120.000,14.575000,0.025000,118.269927,2689,43,0,23,88,176,0,0
9.772048,13.187000,120.000,14.575000,0.025000,118.270362,2689,43,0,23,88,176,0,0
9.775565,3.517000,120.000,14.575000,0.025000,118.270797,2689,43,0,23,88,176,0,0
9.788705,13.140000,120.000,14.575000,0.025000,118.271232,2689,43,0,23,88,176,0,0
9.792253,3.548000,120.000,14.575000,0.025000,118.271667,2689,43,0,23,88,176,0,0
9.805304,13.051000,120.000,14.575000,0.025000,118.272101,2689,43,0,23,88,176,0,0
9.808815,3.511000,120.000,14.575000,0.025000,118.272536,2689,43,0,23,88,176,0,0
9.822089,13.274000,120.000,14.575000,0.025000,118.272971,2689,43,0,23,88,176,0,0
9.825523,3.434000,120.000,14.575000,0.025000,118.273406,2689,43,0,23,88,176,0,0
9.838709,13.186000,120.000,14.575000,0.025000,118.273841,2689,43,0,23,88,176,0,0
9.842191,3.482000,120.000,14.575000,0.025000,118.274276,2689,43,0,23,88,176,0,0
9.855357,13.166000,120.000,14.575000,0.025000,118.274711,2689,43,0,23,88,176,0,0
9.858752,3.395000,120.000,14.575000,0.025000,118.275146,2689,43,0,23,88,176,0,0
9.871996,13.244000,120.000,14.575000,0.025000,118.275580,2689,43,0,23,88,176,0,0
9.875562,3.566000,120.000,14.575000,0.025000,118.276015,2689,43,0,23,88,176,0,0
9.888806,13.244000,120.000,14.575000,0.025000,118.276450,2689,43,0,23,88,176,0,0
9.892249,3.443000,120.000,14.575000,0.025000,118.276885,2689,43,0,23,88,176,0,0
9.905388,13.139000,120.000,14.575000,0.025000,118.277320,2689,43,0,23,88,176,0,0
9.908823,3.435000,120.000,14.575000,0.025000,118.277755,2689,43,0,23,88,176,0,0
9.922038,13.215000,120.000,14.575000,0.025000,118.278190,2689,43,0,23,88,176,0,0
9.925480,3.442000,120.000,14.575000,0.025000,118.278625,2689,43,0,23,88,176,0,0
9.938912,13.432000,120.000,14.575000,0.025000,118.279002,2689,43,0,23,88,176,0,0
9.942975,4.063000,120.000,14.575000,0.025000,118.279437,2689,43,0,23,88,176,0,0
9.955436,12.461000,120.000,14.575000,0.025000,118.279872,2689,43,0,23,88,176,0,0
9.958024,2.588000,120.000,14.575000,0.025000,118.280307,2689,43,0,23,88,176,0,0
9.972019,13.995000,120.000,14.575000,0.025000,118.280742,2689,43,0,23,88,176,0,0
9.974808,2.789000,120.000,14.575000,0.025000,118.281177,2689,43,0,23,88,176,0,0
9.988721,13.913000,120.000,14.575000,0.025000,118.281611,2689,43,0,23,88,176,0,0
9.991271,2.550000,120.000,14.575000,0.025000,118.282046,2689,43,0,23,88,176,0,0
10.005346,14.075000,120.000,14.575000,0.025000,118.282481,2689,43,0,23,88,176,0,0
10.007958,2.612000,120.000,14.575000,0.025000,118.282962,2689,43,0,23,88,176,0,0
10.022080,14.122000,120.000,14.575000,0.025000,118.283442,2689,43,0,23,88,176,0,0
10.025008,2.928000,120.000,14.575000,0.025000,118.283877,2689,43,0,23,88,176,0,0
10.038709,13.701000,120.000,14.575000,0.025000,118.284358,2689,43,0,23,88,176,0,0
10.041974,3.265000,120.000,14.575000,0.025000,118.284839,2689,43,0,23,88,176,0,0
10.055338,13.364000,120.000,14.575000,0.025000,118.285319,2689,43,0,23,88,176,0,0
10.058883,3.545000,120.000,14.575000,0.025000,118.285800,2689,43,0,23,88,176,0,0
10.072018,13.135000,120.000,14.575000,0.025000,118.286281,2689,43,0,23,88,176,0,0
10.075537,3.519000,120.000,14.575000,0.025000,118.286761,2689,43,0,23,88,176,0,0
10.088812,13.275000,120.000,14.575000,0.025000,118.287242,2689,43,0,23,88,176,0,0
10.092358,3.546000,120.000,14.575000,0.025000,118.287723,2689,43,0,23,88,176,0,0
10.105396,13.038000,120.000,14.575000,0.025000,118.288203,2689,43,0,23,88,176,0,0
10.108873,3.477000,120.000,14.575000,0.025000,118.288684,2689,43,0,23,88,176,0,0
10.121887,13.014000,120.000,14.575000,0.025000,118.289165,2689,43,0,23,88,176,0,0
10.125405,3.518000,120.000,14.575000,0.025000,118.289645,2689,43,0,23,88,176,0,0
10.138673,13.268000,120.000,14.575000,0.025000,118.290126,2689,43,0,23,88,176,0,0
10.142084,3.411000,120.000,14.575000,0.025000,118.290606,2689,43,0,23,88,176,0,0
10.155479,13.395000,120.000,14.575000,0.025000,118.291087,2689,43,0,23,88,176,0,0
10.158723,3.244000,120.000,14.575000,0.025000,118.291568,2689,43,0,23,88,176,0,0
10.172081,13.358000,120.000,14.575000,0.025000,118.292048,2689,43,0,23,88,176,0,0
10.175103,3.022000,120.000,14.575000,0.025000,118.292529,2689,43,0,23,88,176,0,0
10.188691,13.588000,120.000,14.575000,0.025000,118.293010,2689,43,0,23,88,176,0,0
10.191952,3.261000,120.000,14.575000,0.025000,118.293490,2689,43,0,23,88,176,0,0
10.205318,13.366000,120.000,14.575000,0.025000,118.293971,2689,43,0,23,88,176,0,0
10.208710,3.392000,120.000,14.575000,0.025000,118.294452,2689,43,0,23,88,176,0,0
10.222017,13.307000,120.000,14.575000,0.025000,118.294887,2689,43,0,23,88,176,0,0
10.225551,3.534000,120.000,14.575000,0.025000,118.295367,2689,43,0,23,88,176,0,0
10.238324,12.773000,120.000,14.575000,0.025000,118.295848,2689,43,0,23,88,176,0,0
10.241683,3.359000,120.000,14.575000,0.025000,118.296329,2689,43,0,23,88,176,0,0
10.254833,13.150000,120.000,14.575000,0.025000,118.296809,2689,43,0,23,88,176,0,0
10.258302,3.469000,120.000,14.575000,0.025000,118.297290,2689,43,0,23,88,176,0,0
10.271491,13.189000,120.000,14.575000,0.025000,118.297771,2689,43,0,23,88,176,0,0
10.274888,3.397000,120.000,14.575000,0.025000,118.298251,2689,43,0,23,88,176,0,0
10.288636,13.748000,120.000,14.575000,0.025000,118.298732,2689,43,0,23,88,176,0,0
10.292202,3.566000,120.000,14.575000,0.025000,118.299212,2689,43,0,23,88,176,0,0
10.305424,13.222000,120.000,14.575000,0.025000,118.299693,2689,43,0,23,88,176,0,0
10.307554,2.130000,120.000,14.575000,0.025000,118.300174,2689,43,0,23,88,176,0,0
10.322055,14.501000,120.000,14.575000,0.025000,118.300654,2689,43,0,23,88,176,0,0
10.324242,2.187000,120.000,14.575000,0.025000,118.301135,2689,43,0,23,88,176,0,0
10.338720,14.478000,120.000,14.575000,0.025000,118.301616,2689,43,0,23,88,176,0,0
10.340834,2.114000,120.000,14.575000,0.025000,118.302051,2689,43,0,23,88,176,0,0
10.355280,14.446000,120.000,14.575000,0.025000,118.302531,2689,43,0,23,88,176,0,0
10.357939,2.659000,120.000,14.575000,0.025000,118.302966,2689,43,0,23,88,176,0,0
10.371992,14.053000,120.000,14.575000,0.025000,118.303447,2689,43,0,23,88,176,0,0
10.374438,2.446000,120.000,14.575000,0.025000,118.303927,2689,43,0,23,88,176,0,0
10.388721,14.283000,120.000,14.575000,0.025000,118.304408,2689,43,0,23,88,176,0,0
10.391169,2.448000,120.000,14.575000,0.025000,118.304889,2689,43,0,23,88,176,0,0
10.405317,14.148000,120.000,14.575000,0.025000,118.305369,2689,43,0,23,88,176,0,0
10.407866,2.549000,120.000,14.472000,0.023000,118.305850,2689,43,0,23,88,176,0,0
10.422020,14.154000,120.000,14.472000,0.023000,118.306331,2689,43,0,23,88,176,0,0
10.425165,3.145000,120.000,14.472000,0.023000,118.306766,2689,43,0,23,88,176,0,0
10.438626,13.461000,120.000,14.472000,0.023000,118.307246,2689,43,0,23,88,176,0,0
10.442042,3.416000,120.000,14.472000,0.023000,118.307727,2689,43,0,23,88,176,0,0
10.455023,12.981000,120.000,14.472000,0.023000,118.308208,2689,43,0,23,88,176,0,0
10.458225,3.202000,120.000,14.472000,0.023000,118.308688,2689,43,0,23,88,176,0,0
10.471572,13.347000,120.000,14.472000,0.023000,118.309169,2689,43,0,23,88,176,0,0
10.475184,3.612000,120.000,14.472000,0.023000,118.309649,2689,43,0,23,88,176,0,0
10.488456,13.272000,120.000,14.472000,0.023000,118.310130,2689,43,0,23,88,176,0,0
10.490872,2.416000,120.000,14.472000,0.023000,118.310611,2689,43,0,23,88,176,0,0
10.505068,14.196000,120.000,14.472000,0.023000,118.311091,2689,43,0,23,88,176,0,0
10.507523,2.455000,120.000,14.472000,0.023000,118.311572,2689,43,0,23,88,176,0,0
10.521862,14.339000,120.000,14.472000,0.023000,118.312053,2689,43,0,23,88,176,0,0
10.523902,2.040000,120.000,14.472000,0.023000,118.312533,2689,43,0,23,88,176,0,0
10.538372,14.470000,120.000,14.472000,0.023000,118.313014,2689,43,0,23,88,176,0,0
10.540535,2.163000,120.000,14.472000,0.023000,118.313495,2689,43,0,23,88,176,0,0
10.555074,14.539000,120.000,14.472000,0.023000,118.313975,2689,43,0,23,88,176,0,0
10.557638,2.564000,120.000,14.472000,0.023000,118.314456,2689,43,0,23,88,176,0,0
10.571698,14.060000,120.000,14.472000,0.023000,118.314937,2689,43,0,23,88,176,0,0
10.573945,2.247000,120.000,14.472000,0.023000,118.315417,2689,43,0,23,88,176,0,0
10.588394,14.449000,120.000,14.472000,0.023000,118.315898,2689,43,0,23,88,176,0,0
10.590765,2.371000,120.000,14.472000,0.023000,118.316379,2689,43,0,23,88,176,0,0
10.605243,14.478000,120.000,14.472000,0.023000,118.316859,2689,43,0,23,88,176,0,0
10.608733,3.490000,120.000,14.472000,0.023000,118.317340,2689,43,0,23,88,176,0,0
10.621977,13.244000,120.000,14.472000,0.023000,118.317821,2689,43,0,23,88,176,0,0
10.627514,5.537000,120.000,14.472000,0.023000,118.318301,2689,43,0,23,88,176,0,0
10.638065,10.551000,120.000,14.472000,0.023000,118.318782,2689,43,0,23,88,176,0,0
10.642131,4.066000,120.000,14.472000,0.023000,118.319263,2689,43,0,23,88,176,0,0
10.654870,12.739000,120.000,14.472000,0.023000,118.319743,2689,43,0,23,88,176,0,0
10.658160,3.290000,120.000,14.472000,0.023000,118.320178,2689,43,0,23,88,176,0,0
10.671845,13.685000,120.000,14.472000,0.023000,118.320613,2689,43,0,23,88,176,0,0
10.675208,3.363000,120.000,14.472000,0.023000,118.321094,2689,43,0,23,88,176,0,0
10.688335,13.127000,120.000,14.472000,0.023000,118.321574,2689,43,0,23,88,176,0,0
10.691262,2.927000,120.000,14.472000,0.023000,118.322055,2689,43,0,23,88,176,0,0
10.704943,13.681000,120.000,14.472000,0.023000,118.322536,2689,43,0,23,88,176,0,0
10.708112,3.169000,120.000,14.472000,0.023000,118.323016,2689,43,0,23,88,176,0,0
10.721594,13.482000,120.000,14.472000,0.023000,118.323497,2689,43,0,23,88,176,0,0
10.724845,3.251000,120.000,14.472000,0.023000,118.323977,2689,43,0,23,88,176,0,0
10.738463,13.618000,120.000,14.472000,0.023000,118.324458,2689,43,0,23,88,176,0,0
10.741771,3.308000,120.000,14.472000,0.023000,118.324939,2689,43,0,23,88,176,0,0
10.755032,13.261000,120.000,14.472000,0.023000,118.325419,2689,43,0,23,88,176,0,0
10.758464,3.432000,120.000,14.472000,0.023000,118.325900,2689,43,0,23,88,176,0,0
10.771982,13.518000,120.000,14.472000,0.023000,118.326381,2689,43,0,23,88,176,0,0
10.775088,3.106000,120.000,14.472000,0.023000,118.326861,2689,43,0,23,88,176,0,0
10.788306,13.218000,120.000,14.472000,0.023000,118.327342,2689,43,0,23,88,176,0,0
10.791643,3.337000,120.000,14.472000,0.023000,118.327823,2689,43,0,23,88,176,0,0
10.805030,13.387000,120.000,14.472000,0.023000,118.328303,2689,43,0,23,88,176,0,0
10.808192,3.162000,120.000,14.472000,0.023000,118.328738,2689,43,0,23,88,176,0,0
10.821630,13.438000,120.000,14.472000,0.023000,118.329219,2689,43,0,23,88,176,0,0
10.824945,3.315000,120.000,14.472000,0.023000,118.329654,2689,43,0,23,88,176,0,0
10.838477,13.532000,120.000,14.472000,0.023000,118.330134,2689,43,0,23,88,176,0,0
10.841858,3.381000,120.000,14.472000,0.023000,118.330615,2689,43,0,23,88,176,0,0
10.855222,13.364000,120.000,14.472000,0.023000,118.331096,2689,43,0,23,88,176,0,0
10.857475,2.253000,120.000,14.472000,0.023000,118.331576,2689,43,0,23,88,176,0,0
10.871910,14.435000,120.000,14.472000,0.023000,118.332057,2689,43,0,23,88,176,0,0
10.873916,2.006000,120.000,14.472000,0.023000,118.332492,2689,43,0,23,88,176,0,0
10.888609,14.693000,120.000,14.472000,0.023000,118.332973,2689,43,0,23,88,176,0,0
10.890770,2.161000,120.000,14.472000,0.023000,118.333453,2689,43,0,23,88,176,0,0
10.905197,14.427000,120.000,14.472000,0.023000,118.333888,2689,43,0,23,88,176,0,0
10.907452,2.255000,120.000,14.472000,0.023000,118.334369,2689,43,0,23,88,176,0,0
10.922110,14.658000,120.000,14.472000,0.023000,118.334849,2689,43,0,23,88,176,0,0
10.927133,5.023000,120.000,14.472000,0.023000,118.335284,2689,43,0,23,88,176,0,0
10.938528,11.395000,120.000,14.472000,0.023000,118.335765,2689,43,0,23,88,176,0,0
10.940999,2.471000,120.000,14.472000,0.023000,118.336246,2689,43,0,23,88,176,0,0
10.955297,14.298000,120.000,14.472000,0.023000,118.336726,2689,43,0,23,88,176,0,0
10.957598,2.301000,120.000,14.472000,0.023000,118.337207,2689,43,0,23,88,176,0,0
10.971988,14.390000,120.000,14.472000,0.023000,118.337687,2689,43,0,23,88,176,0,0
10.975883,3.895000,120.000,14.472000,0.023000,118.338168,2689,43,0,23,88,176,0,0
10.988793,12.910000,120.000,14.472000,0.023000,118.338649,2689,43,0,23,88,176,0,0
10.994333,5.540000,120.000,14.472000,0.023000,118.339129,2689,43,0,23,88,176,0,0
11.004654,10.321000,120.000,14.472000,0.023000,118.339610,2689,43,0,23,88,176,0,0
11.007939,3.285000,120.000,14.472000,0.023000,118.340091,2689,43,0,23,88,176,0,0
11.022028,14.089000,120.000,14.472000,0.023000,118.340571,2689,43,0,23,88,176,0,0
11.025438,3.410000,120.000,14.472000,0.023000,118.341052,2689,43,0,23,88,176,0,0
11.038558,13.120000,120.000,14.472000,0.023000,118.341533,2689,43,0,23,88,176,0,0
11.041768,3.210000,120.000,14.472000,0.023000,118.342013,2689,43,0,23,88,176,0,0
11.054771,13.003000,120.000,14.472000,0.023000,118.342494,2689,43,0,23,88,176,0,0
11.057754,2.983000,120.000,14.472000,0.023000,118.342975,2689,43,0,23,88,176,0,0
11.071588,13.834000,120.000,14.472000,0.023000,118.343455,2689,43,0,23,88,176,0,0
11.074737,3.149000,120.000,14.472000,0.023000,118.343936,2689,43,0,23,88,176,0,0
11.088214,13.477000,120.000,14.472000,0.023000,118.344417,2689,43,0,23,88,176,0,0
11.091340,3.126000,120.000,14.472000,0.023000,118.344897,2689,43,0,23,88,176,0,0
11.105005,13.665000,120.000,14.472000,0.023000,118.345332,2689,43,0,23,88,176,0,0
11.108265,3.260000,120.000,14.472000,0.023000,118.345813,2689,43,0,23,88,176,0,0
11.121571,13.306000,120.000,14.472000,0.023000,118.346293,2689,43,0,23,88,176,0,0
11.124876,3.305000,120.000,14.472000,0.023000,118.346774,2689,43,0,23,88,176,0,0
11.138561,13.685000,120.000,14.472000,0.023000,118.347255,2689,43,0,23,88,176,0,0
11.144113,5.552000,120.000,14.472000,0.023000,118.347735,2689,43,0,23,88,176,0,0
11.155374,11.261000,120.000,14.472000,0.023000,118.348216,2689,43,0,23,88,176,0,0
11.158740,3.366000,120.000,14.472000,0.023000,118.348697,2689,43,0,23,88,176,0,0
11.172038,13.298000,120.000,14.472000,0.023000,118.349132,2689,43,0,23,88,176,0,0
11.175531,3.493000,120.000,14.472000,0.023000,118.349612,2689,43,0,23,88,176,0,0
11.188385,12.854000,120.000,14.472000,0.023000,118.350093,2689,43,0,23,88,176,0,0
11.191924,3.539000,120.000,14.472000,0.023000,118.350574,2689,43,0,23,88,176,0,0
11.205008,13.084000,120.000,14.472000,0.023000,118.351054,2689,43,0,23,88,176,0,0
11.208388,3.380000,120.000,14.472000,0.023000,118.351535,2689,43,0,23,88,176,0,0
11.221480,13.092000,120.000,14.472000,0.023000,118.352015,2689,43,0,23,88,176,0,0
11.224939,3.459000,120.000,14.472000,0.023000,118.352450,2689,43,0,23,88,176,0,0
11.238693,13.754000,120.000,14.472000,0.023000,118.352931,2689,43,0,23,88,176,0,0
11.242123,3.430000,120.000,14.472000,0.023000,118.353412,2689,43,0,23,88,176,0,0
11.255279,13.156000,120.000,14.472000,0.023000,118.353892,2689,43,0,23,88,176,0,0
11.258624,3.345000,120.000,14.472000,0.023000,118.354373,2689,43,0,23,88,176,0,0
11.271943,13.319000,120.000,14.472000,0.023000,118.354854,2689,43,0,23,88,176,0,0
11.275332,3.389000,120.000,14.472000,0.023000,118.355334,2689,43,0,23,88,176,0,0
11.288736,13.404000,120.000,14.472000,0.023000,118.355815,2689,43,0,23,88,176,0,0
11.292061,3.325000,120.000,14.472000,0.023000,118.356296,2689,43,0,23,88,176,0,0
11.305340,13.279000,120.000,14.472000,0.023000,118.356776,2689,43,0,23,88,176,0,0
11.308872,3.532000,120.000,14.472000,0.023000,118.357211,2689,43,0,23,88,176,0,0
11.321998,13.126000,120.000,14.472000,0.023000,118.357692,2689,43,0,23,88,176,0,0
11.325539,3.541000,120.000,14.472000,0.023000,118.358172,2689,43,0,23,88,176,0,0
11.338583,13.044000,120.000,14.472000,0.023000,118.358653,2689,43,0,23,88,176,0,0
11.341981,3.398000,120.000,14.472000,0.023000,118.359134,2689,43,0,23,88,176,0,0
11.354750,12.769000,120.000,14.472000,0.023000,118.359614,2689,43,0,23,88,176,0,0
11.358570,3.820000,120.000,14.472000,0.023000,118.360049,2689,43,0,23,88,176,0,0
11.371783,13.213000,120.000,14.472000,0.023000,118.360484,2689,43,0,23,88,176,0,0
11.375031,3.248000,120.000,14.472000,0.023000,118.360965,2689,43,0,23,88,176,0,0
11.388650,13.619000,120.000,14.472000,0.023000,118.361445,2689,43,0,23,88,176,0,0
11.390910,2.260000,120.000,14.472000,0.023000,118.361880,2689,43,0,23,88,176,0,0
11.405157,14.247000,120.000,14.472000,0.023000,118.362315,2689,43,0,23,88,176,0,0
11.407293,2.136000,120.000,14.642000,0.027000,118.362796,2689,43,0,23,88,176,0,0
11.421640,14.347000,120.000,14.642000,0.027000,118.363276,2689,43,0,23,88,176,0,0
11.423644,2.004000,120.000,14.642000,0.027000,118.363711,2689,43,0,23,88,176,0,0
11.438227,14.583000,120.000,14.642000,0.027000,118.364192,2689,43,0,23,88,176,0,0
11.440525,2.298000,120.000,14.642000,0.027000,118.364673,2689,43,0,23,88,176,0,0
11.454891,14.366000,120.000,14.642000,0.027000,118.365153,2689,43,0,23,88,176,0,0
11.457255,2.364000,120.000,14.642000,0.027000,118.365634,2689,43,0,23,88,176,0,0
11.471561,14.306000,120.000,14.642000,0.027000,118.366115,2689,43,0,23,88,176,0,0
11.473910,2.349000,120.000,14.642000,0.027000,118.366595,2689,43,0,23,88,176,0,0
11.488359,14.449000,120.000,14.642000,0.027000,118.367030,2689,43,0,23,88,176,0,0
11.492803,4.444000,120.000,14.642000,0.027000,118.367511,2689,43,0,23,88,176,0,0
11.505295,12.492000,120.000,14.642000,0.027000,118.367991,2689,43,0,23,88,176,0,0
11.509770,4.475000,120.000,14.642000,0.027000,118.368472,2689,43,0,23,88,176,0,0
11.521830,12.060000,120.000,14.642000,0.027000,118.368907,2689,43,0,23,88,176,0,0
11.525305,3.475000,120.000,14.642000,0.027000,118.369342,2689,43,0,23,88,176,0,0
11.538180,12.875000,120.000,14.642000,0.027000,118.369823,2689,43,0,23,88,176,0,0
11.541580,3.400000,120.000,14.642000,0.027000,118.370257,2689,43,0,23,88,176,0,0
11.555429,13.849000,120.000,14.642000,0.027000,118.370692,2689,43,0,23,88,176,0,0
11.558962,3.533000,120.000,14.642000,0.027000,118.371173,2689,43,0,23,88,176,0,0
11.572067,13.105000,120.000,14.642000,0.027000,118.371654,2689,43,0,23,88,176,0,0
11.576476,4.409000,120.000,14.642000,0.027000,118.372134,2689,43,0,23,88,176,0,0
11.588660,12.184000,120.000,14.642000,0.027000,118.372615,2689,43,0,23,88,176,0,0
11.591641,2.981000,120.000,14.642000,0.027000,118.373050,2689,43,0,23,88,176,0,0
11.605401,13.760000,120.000,14.642000,0.027000,118.373530,2689,43,0,23,88,176,0,0
11.607887,2.486000,120.000,14.642000,0.027000,118.374011,2689,43,0,23,88,176,0,0
11.621902,14.015000,120.000,14.642000,0.027000,118.374492,2689,43,0,23,88,176,0,0
11.624321,2.419000,120.000,14.642000,0.027000,118.374972,2689,43,0,23,88,176,0,0
11.638430,14.109000,120.000,14.642000,0.027000,118.375453,2689,43,0,23,88,176,0,0
11.640662,2.232000,120.000,14.642000,0.027000,118.375888,2689,43,0,23,88,176,0,0
11.654978,14.316000,120.000,14.642000,0.027000,118.376369,2689,43,0,23,88,176,0,0
11.658500,3.522000,120.000,14.642000,0.027000,118.376849,2689,43,0,23,88,176,0,0
11.671563,13.063000,120.000,14.642000,0.027000,118.377250,2689,43,0,23,88,176,0,0
11.674257,2.694000,120.000,14.642000,0.027000,118.377730,2689,43,0,23,88,176,0,0
11.688749,14.492000,120.000,14.642000,0.027000,118.378211,2689,43,0,23,88,176,0,0
11.693803,5.054000,120.000,14.642000,0.027000,118.378692,2689,43,0,23,88,176,0,0
11.704972,11.169000,120.000,14.642000,0.027000,118.379172,2689,43,0,23,88,176,0,0
11.708295,3.323000,120.000,14.642000,0.027000,118.379653,2689,43,0,23,88,176,0,0
11.721822,13.527000,120.000,14.642000,0.027000,118.380134,2689,43,0,23,88,176,0,0
11.725180,3.358000,120.000,14.642000,0.027000,118.380614,2689,43,0,23,88,176,0,0
11.738389,13.209000,120.000,14.642000,0.027000,118.381049,2689,43,0,23,88,176,0,0
11.741788,3.399000,120.000,14.642000,0.027000,118.381530,2689,43,0,23,88,176,0,0
11.755557,13.769000,120.000,14.642000,0.027000,118.382010,2689,43,0,23,88,176,0,0
11.759330,3.773000,120.000,14.642000,0.027000,118.382491,2689,43,0,23,88,176,0,0
11.772026,12.696000,120.000,14.642000,0.027000,118.382926,2689,43,0,23,88,176,0,0
11.774366,2.340000,120.000,14.642000,0.027000,118.383407,2689,43,0,23,88,176,0,0
11.788509,14.143000,120.000,14.642000,0.027000,118.383887,2689,43,0,23,88,176,0,0
11.791222,2.713000,120.000,14.642000,0.027000,118.384368,2689,43,0,23,88,176,0,0
11.808569,17.347000,120.000,14.642000,0.027000,118.782496,2691,43,0,23,88,176,0,0
11.811011,2.442000,120.000,14.642000,0.027000,118.783683,2692,43,0,23,88,176,0,0
11.821844,10.833000,120.000,14.642000,0.027000,118.784163,2692,43,0,23,88,176,0,0
11.824473,2.629000,120.000,14.642000,0.027000,118.784644,2692,43,0,23,88,176,0,0
11.840439,15.966000,120.000,14.642000,0.027000,118.785830,2693,43,0,23,88,176,0,0
11.841980,1.541000,120.000,14.642000,0.027000,118.786311,2693,43,0,23,88,176,0,0
11.857230,15.250000,120.000,14.642000,0.027000,118.787452,2694,43,0,23,88,176,0,0
11.858959,1.729000,120.000,14.642000,0.027000,118.787887,2694,43,0,23,88,176,0,0
11.874467,15.508000,120.000,14.642000,0.027000,118.789073,2695,43,0,23,88,176,0,0
11.876343,1.876000,120.000,14.642000,0.027000,118.789554,2695,43,0,23,88,176,0,0
11.890733,14.390000,120.000,14.642000,0.027000,118.790740,2696,43,0,23,88,176,0,0
11.892594,1.861000,120.000,14.642000,0.027000,118.791221,2696,43,0,23,88,176,0,0
11.907312,14.718000,120.000,14.642000,0.027000,118.792407,2697,43,0,23,88,176,0,0
11.909293,1.981000,120.000,14.642000,0.027000,118.792888,2697,43,0,23,88,176,0,0
11.921731,12.438000,120.000,14.642000,0.027000,118.793368,2697,43,0,23,88,176,0,0
11.925026,3.295000,120.000,14.642000,0.027000,118.793849,2697,43,0,23,88,176,0,0
11.940747,15.721000,120.000,14.642000,0.027000,118.795035,2698,43,0,23,88,176,0,0
11.943951,3.204000,120.000,14.642000,0.027000,118.796222,2699,43,0,23,88,176,0,0
11.954987,11.036000,120.000,14.642000,0.027000,118.796702,2699,43,0,23,88,176,0,0
11.958196,3.209000,120.000,14.642000,0.027000,118.797183,2699,43,0,23,88,176,0,0
11.973487,15.291000,120.000,14.642000,0.027000,118.798369,2700,43,0,23,88,176,0,0
11.975565,2.078000,120.000,14.642000,0.027000,118.798850,2700,43,0,23,88,176,0,0
11.989689,14.124000,120.000,14.642000,0.027000,118.800036,2701,43,0,23,88,176,0,0
11.992048,2.359000,120.000,14.642000,0.027000,118.800517,2701,43,0,23,88,176,0,0
12.006558,14.510000,120.000,14.642000,0.027000,118.801703,2702,43,0,23,88,176,0,0
12.008753,2.195000,120.000,14.642000,0.027000,118.802184,2702,43,0,23,88,176,0,0
12.023127,14.374000,120.000,14.642000,0.027000,118.803370,2703,43,0,23,88,176,0,0
12.025347,2.220000,120.000,14.642000,0.027000,118.803851,2703,43,0,23,88,176,0,0
12.039659,14.312000,120.000,14.642000,0.027000,118.805037,2704,43,0,23,88,176,0,0
12.041955,2.296000,120.000,14.642000,0.027000,118.805518,2704,43,0,23,88,176,0,0
12.054887,12.932000,120.000,14.642000,0.027000,118.805999,2704,43,0,23,88,176,0,0
12.057999,3.112000,120.000,14.642000,0.027000,118.806479,2704,43,0,23,88,176,0,0
12.073330,15.331000,120.000,14.642000,0.027000,118.807666,2705,43,0,23,88,176,0,0
12.075526,2.196000,120.000,14.642000,0.027000,118.808101,2705,43,0,23,88,176,0,0
12.089950,14.424000,120.000,14.642000,0.027000,118.809287,2706,43,0,23,88,176,0,0
12.092376,2.426000,120.000,14.642000,0.027000,118.809722,2706,43,0,23,88,176,0,0
12.110176,17.800000,120.000,14.642000,0.027000,118.810908,2707,43,0,23,88,176,0,0
12.111846,1.670000,120.000,14.642000,0.027000,118.811389,2707,43,0,23,88,176,0,0
12.123924,12.078000,120.000,14.642000,0.027000,118.812575,2708,43,0,23,88,176,0,0
12.125975,2.051000,120.000,14.642000,0.027000,118.813056,2708,43,0,23,88,176,0,0
12.138471,12.496000,120.000,14.642000,0.027000,118.813537,2708,43,0,23,88,176,0,0
12.141854,3.383000,120.000,14.642000,0.027000,118.814017,2708,43,0,23,88,176,0,0
12.157247,15.393000,120.000,14.642000,0.027000,118.815204,2709,43,0,23,88,176,0,0
12.160205,2.958000,120.000,14.642000,0.027000,118.816390,2710,43,0,23,88,176,0,0
12.172049,11.844000,120.000,14.642000,0.027000,118.816871,2710,43,0,23,88,176,0,0
12.175480,3.431000,120.000,14.642000,0.027000,118.817351,2710,43,0,23,88,176,0,0
12.190820,15.340000,120.000,14.642000,0.027000,118.818492,2711,43,0,23,88,176,0,0
12.193316,2.496000,120.000,14.642000,0.027000,118.818927,2711,43,0,23,88,176,0,0
12.207234,13.918000,120.000,14.642000,0.027000,118.820113,2712,43,0,23,88,176,0,0
12.209797,2.563000,120.000,14.642000,0.027000,118.820594,2712,43,0,23,88,176,0,0
12.225146,15.349000,120.000,14.642000,0.027000,118.821780,2713,43,0,23,88,176,0,0
12.226956,1.810000,120.000,14.642000,0.027000,118.822261,2713,43,0,23,88,176,0,0
12.241230,14.274000,120.000,14.642000,0.027000,118.823447,2714,43,0,23,88,176,0,0
12.243080,1.850000,120.000,14.642000,0.027000,118.823882,2714,43,0,23,88,176,0,0
12.255362,12.282000,120.000,14.642000,0.027000,118.824317,2714,43,0,23,88,176,0,0
12.257871,2.509000,120.000,14.642000,0.027000,118.824798,2714,43,0,23,88,176,0,0
12.273942,16.071000,120.000,14.642000,0.027000,118.825984,2715,43,0,23,88,176,0,0
12.275592,1.650000,120.000,14.642000,0.027000,118.826465,2715,43,0,23,88,176,0,0
12.290829,15.237000,120.000,14.642000,0.027000,118.827651,2716,43,0,23,88,176,0,0
12.292389,1.560000,120.000,14.642000,0.027000,118.828132,2716,43,0,23,88,176,0,0
12.307202,14.813000,120.000,14.642000,0.027000,118.828612,2716,43,0,23,88,176,0,0
12.308539,1.337000,120.000,14.642000,0.027000,118.828387,2715,43,0,23,88,176,0,0
12.323853,15.314000,120.000,14.642000,0.027000,118.829574,2716,43,0,23,88,176,0,0
12.325203,1.350000,120.000,14.642000,0.027000,118.830054,2716,43,0,23,88,176,0,0
12.340839,15.636000,120.000,14.642000,0.027000,118.830535,2716,43,0,23,88,176,0,0
12.342474,1.635000,120.000,14.642000,0.027000,118.831016,2716,43,0,23,88,176,0,0
12.355469,12.995000,120.000,14.642000,0.027000,118.830791,2715,43,0,23,88,176,0,0
12.357994,2.525000,120.000,14.642000,0.027000,118.831271,2715,43,0,23,88,176,0,0
12.373931,15.937000,120.000,14.642000,0.027000,118.831752,2715,43,0,23,88,176,0,0
12.375785,1.854000,120.000,14.642000,0.027000,118.832232,2715,43,0,23,88,176,0,0
12.390521,14.736000,120.000,14.642000,0.027000,118.832713,2715,43,0,23,88,176,0,0
12.392311,1.790000,120.000,14.642000,0.027000,118.833194,2715,43,0,23,88,176,0,0
12.407730,15.419000,120.000,14.642000,0.027000,118.833674,2715,43,0,23,88,176,0,0
12.409621,1.891000,120.000,14.515000,1.154000,118.834109,2715,43,0,23,88,176,0,0
12.424206,14.585000,120.000,14.515000,1.154000,118.835296,2716,43,0,23,88,176,0,0
12.426064,1.858000,120.000,14.515000,1.154000,118.835776,2716,43,0,23,88,176,0,0
12.440748,14.684000,120.000,14.515000,1.154000,118.836257,2716,43,0,23,88,176,0,0
12.442667,1.919000,120.000,14.515000,1.154000,118.836032,2715,43,0,23,88,176,0,0
12.455417,12.750000,120.000,14.515000,1.154000,118.836513,2715,43,0,23,88,176,0,0
12.458824,3.407000,120.000,14.515000,1.154000,118.836993,2715,43,0,23,88,176,0,0
12.473408,14.584000,120.000,14.515000,1.154000,118.837474,2715,43,0,23,88,176,0,0
12.474867,1.459000,120.000,14.515000,1.154000,118.837955,2715,43,0,23,88,176,0,0
12.489890,15.023000,120.000,14.515000,1.154000,118.838435,2715,43,0,23,88,176,0,0
12.491312,1.422000,120.000,14.515000,1.154000,118.838870,2715,43,0,23,88,176,0,0
12.506749,15.437000,120.000,14.515000,1.154000,118.839351,2715,43,0,23,88,176,0,0
12.508200,1.451000,120.000,14.515000,1.154000,118.839831,2715,43,0,23,88,176,0,0
12.523367,15.167000,120.000,14.515000,1.154000,118.840232,2715,43,0,23,88,176,0,0
12.525003,1.636000,120.000,14.515000,1.154000,118.840713,2715,43,0,23,88,176,0,0
12.539852,14.849000,120.000,14.515000,1.154000,118.841193,2715,43,0,23,88,176,0,0
12.542017,2.165000,120.000,14.515000,1.154000,118.841674,2715,43,0,23,88,176,0,0
12.556404,14.387000,120.000,14.515000,1.154000,118.842860,2716,43,0,23,88,176,0,0
12.558543,2.139000,120.000,14.515000,1.154000,118.843341,2716,43,0,23,88,176,0,0
12.571389,12.846000,120.000,14.515000,1.154000,118.843116,2715,43,0,23,88,176,0,0
12.574378,2.989000,120.000,14.515000,1.154000,118.843596,2715,43,0,23,88,176,0,0
12.589940,15.562000,120.000,14.515000,1.154000,118.844077,2715,43,0,23,88,176,0,0
12.592278,2.338000,120.000,14.515000,1.154000,118.844512,2715,43,0,23,88,176,0,0
12.606391,14.113000,120.000,14.515000,1.154000,118.844993,2715,43,0,23,88,176,0,0
12.608778,2.387000,120.000,14.515000,1.154000,118.845473,2715,43,0,23,88,176,0,0
12.623234,14.456000,120.000,14.515000,1.154000,118.845954,2715,43,0,23,88,176,0,0
12.625547,2.313000,120.000,14.515000,1.154000,118.846435,2715,43,0,23,88,176,0,0
12.638119,12.572000,120.000,14.515000,1.154000,118.846915,2715,43,0,23,88,176,0,0
12.641115,2.996000,120.000,14.515000,1.154000,118.847396,2715,43,0,23,88,176,0,0
12.654649,13.534000,120.000,14.515000,1.154000,118.847171,2714,43,0,23,88,176,0,0
12.657599,2.950000,120.000,14.515000,1.154000,118.846946,2713,43,0,23,88,176,0,0
12.671384,13.785000,120.000,14.515000,1.154000,118.847426,2713,43,0,23,88,176,0,0
12.674310,2.926000,120.000,14.515000,1.154000,118.847907,2713,43,0,23,88,176,0,0
12.688049,13.739000,120.000,14.515000,1.154000,118.847636,2712,43,0,23,88,176,0,0
12.691033,2.984000,120.000,14.515000,1.154000,118.848117,2712,43,0,23,88,176,0,0
12.704831,13.798000,120.000,14.515000,1.154000,118.847892,2711,43,0,23,88,176,0,0
12.708074,3.243000,120.000,14.515000,1.154000,118.848372,2711,43,0,23,88,176,0,0
12.721521,13.447000,120.000,14.515000,1.154000,118.848147,2710,43,0,23,88,176,0,0
12.724506,2.985000,120.000,14.515000,1.154000,118.848628,2710,43,0,23,88,176,0,0
12.737981,13.475000,120.000,14.515000,1.154000,118.848403,2709,43,0,23,88,176,0,0
12.741001,3.020000,120.000,14.515000,1.154000,118.848884,2709,43,0,23,88,176,0,0
12.754711,13.710000,120.000,14.515000,1.154000,118.849364,2709,43,0,23,88,176,0,0
12.757626,2.915000,120.000,14.515000,1.154000,118.849845,2709,43,0,23,88,176,0,0
12.771412,13.786000,120.000,14.515000,1.154000,118.849620,2708,43,0,23,88,176,0,0
12.775303,3.891000,120.000,14.515000,1.154000,118.850101,2708,43,0,23,88,176,0,0
12.788158,12.855000,120.000,14.515000,1.154000,118.849875,2707,43,0,23,88,176,0,0
12.791343,3.185000,120.000,14.515000,1.154000,118.850356,2707,43,0,23,88,176,0,0
12.804742,13.399000,120.000,14.515000,1.154000,118.850131,2706,43,0,23,88,176,0,0
12.807801,3.059000,120.000,14.515000,1.154000,118.850612,2706,43,0,23,88,176,0,0
12.821445,13.644000,120.000,14.515000,1.154000,118.850387,2705,43,0,23,88,176,0,0
12.824416,2.971000,120.000,14.515000,1.154000,118.850867,2705,43,0,23,88,176,0,0
12.838362,13.946000,120.000,14.515000,1.154000,118.850642,2704,43,0,23,88,176,0,0
12.841483,3.121000,120.000,14.515000,1.154000,118.851123,2704,43,0,23,88,176,0,0
12.855210,13.727000,120.000,14.515000,1.154000,118.851604,2704,43,0,23,88,176,0,0
12.859561,4.351000,120.000,14.515000,1.154000,118.852038,2704,43,0,23,88,176,0,0
12.871772,12.211000,120.000,14.515000,1.154000,118.851813,2703,43,0,23,88,176,0,0
12.875225,3.453000,120.000,14.515000,1.154000,118.852294,2703,43,0,23,88,176,0,0
12.888590,13.365000,120.000,14.515000,1.154000,118.852069,2702,43,0,23,88,176,0,0
12.892073,3.483000,120.000,14.515000,1.154000,118.852504,2702,43,0,23,88,176,0,0
12.905241,13.168000,120.000,14.515000,1.154000,118.852279,2701,43,0,23,88,176,0,0
12.907672,2.431000,120.000,14.515000,1.154000,118.852759,2701,43,0,23,88,176,0,0
12.921902,14.230000,120.000,14.515000,1.154000,118.852534,2700,43,0,23,88,176,0,0
12.923968,2.066000,120.000,14.515000,1.154000,118.853015,2700,43,0,23,88,176,0,0
12.938597,14.629000,120.000,14.515000,1.154000,118.852790,2699,43,0,23,88,176,0,0
12.942051,3.454000,120.000,14.515000,1.154000,118.853271,2699,43,0,23,88,176,0,0
12.955356,13.305000,120.000,14.515000,1.154000,118.853751,2699,43,0,23,88,176,0,0
12.958004,2.648000,120.000,14.515000,1.154000,118.854232,2699,43,0,23,88,176,0,0
12.971438,13.434000,120.000,14.515000,1.154000,118.854007,2698,43,0,23,88,176,0,0
12.973707,2.269000,120.000,14.515000,1.154000,118.854487,2698,43,0,23,88,176,0,0
12.988089,14.382000,120.000,14.515000,1.154000,118.854262,2697,43,0,23,88,176,0,0
12.990271,2.182000,120.000,14.515000,1.154000,118.854743,2697,43,0,23,88,176,0,0
13.004729,14.458000,120.000,14.515000,1.154000,118.854518,2696,43,0,23,88,176,0,0
13.008941,4.212000,120.000,14.515000,1.154000,118.854999,2696,43,0,23,88,176,0,0
13.021415,12.474000,120.000,14.515000,1.154000,118.854774,2695,43,0,23,88,176,0,0
13.024674,3.259000,120.000,14.515000,1.154000,118.855254,2695,43,0,23,88,176,0,0
13.038626,13.952000,120.000,14.515000,1.154000,118.855029,2694,43,0,23,88,176,0,0
13.043155,4.529000,120.000,14.515000,1.154000,118.855510,2694,43,0,23,88,176,0,0
13.054933,11.778000,120.000,14.515000,1.154000,118.855285,2693,43,0,23,88,176,0,0
13.058152,3.219000,120.000,14.515000,1.154000,118.855765,2693,43,0,23,88,176,0,0
13.071860,13.708000,120.000,14.515000,1.154000,118.856246,2693,43,0,23,88,176,0,0
13.075216,3.356000,120.000,14.515000,1.154000,118.856681,2693,43,0,23,88,176,0,0
13.087787,12.571000,120.000,14.515000,1.154000,118.857005,2692,43,0,23,88,176,0,0
13.090622,2.835000,120.000,14.515000,1.154000,118.857486,2692,43,0,23,88,176,0,0
13.105056,14.434000,120.000,14.515000,1.154000,118.857261,2691,43,0,23,88,176,0,0
13.107373,2.317000,120.000,14.515000,1.154000,118.857741,2691,43,0,23,88,176,0,0
13.121587,14.214000,120.000,14.515000,1.154000,118.858169,2691,43,0,23,88,176,0,0
13.123982,2.395000,120.000,14.515000,1.154000,118.858649,2691,43,0,23,88,176,0,0
13.138198,14.216000,120.000,14.515000,1.154000,118.859130,2691,43,0,23,88,176,0,0
13.140450,2.252000,120.000,14.515000,1.154000,118.859611,2691,43,0,23,88,176,0,0
13.155000,14.550000,120.000,14.515000,1.154000,118.860045,2691,43,0,23,88,176,0,0
13.157297,2.297000,120.000,14.515000,1.154000,118.860457,2691,43,0,23,88,176,0,0
13.171652,14.355000,120.000,14.515000,1.154000,118.860938,2691,43,0,23,88,176,0,0
13.174171,2.519000,120.000,14.515000,1.154000,118.861419,2691,43,0,23,88,176,0,0
13.188436,14.265000,120.000,14.515000,1.154000,118.861899,2691,43,0,23,88,176,0,0
13.190858,2.422000,120.000,14.515000,1.154000,118.862380,2691,43,0,23,88,176,0,0
13.205016,14.158000,120.000,14.515000,1.154000,118.862861,2691,43,0,23,88,176,0,0
13.208309,3.293000,120.000,14.515000,1.154000,118.863341,2691,43,0,23,88,176,0,0
13.222022,13.713000,120.000,14.515000,1.154000,118.863822,2691,43,0,23,88,176,0,0
13.226588,4.566000,120.000,14.515000,1.154000,118.864303,2691,43,0,23,88,176,0,0
13.238247,11.659000,120.000,14.515000,1.154000,118.864783,2691,43,0,23,88,176,0,0
13.241554,3.307000,120.000,14.515000,1.154000,118.865264,2691,43,0,23,88,176,0,0
13.255299,13.745000,120.000,14.515000,1.154000,118.865745,2691,43,0,23,88,176,0,0
13.257377,2.078000,120.000,14.515000,1.154000,118.866225,2691,43,0,23,88,176,0,0
13.272082,14.705000,120.000,14.515000,1.154000,118.866706,2691,43,0,23,88,176,0,0
13.274232,2.150000,120.000,14.515000,1.154000,118.867187,2691,43,0,23,88,176,0,0
13.288722,14.490000,120.000,14.515000,1.154000,118.867667,2691,43,0,23,88,176,0,0
13.290945,2.223000,120.000,14.515000,1.154000,118.868148,2691,43,0,23,88,176,0,0
13.305351,14.406000,120.000,14.515000,1.154000,118.868629,2691,43,0,23,88,176,0,0
13.308044,2.693000,120.000,14.515000,1.154000,118.869109,2691,43,0,23,88,176,0,0
13.321927,13.883000,120.000,14.515000,1.154000,118.869590,2691,43,0,23,88,176,0,0
13.324332,2.405000,120.000,14.515000,1.154000,118.876166,2691,43,0,23,88,176,0,0
13.339594,15.262000,120.000,14.515000,1.154000,119.114387,2691,43,0,23,88,176,0,0
13.348044,8.450000,120.000,14.515000,1.154000,119.114867,2691,43,0,23,88,176,0,0
13.363619,15.575000,120.000,14.515000,1.154000,119.115348,2691,43,0,23,88,176,0,0
13.366840,3.221000,120.000,14.515000,1.154000,119.115829,2691,43,0,23,88,176,0,0
13.380384,13.544000,120.000,14.515000,1.154000,119.116263,2691,43,0,23,88,176,0,0
13.383947,3.563000,120.000,14.515000,1.154000,119.116744,2691,43,0,23,88,176,0,0
13.396988,13.041000,120.000,14.515000,1.154000,119.117225,2691,43,0,23,88,176,0,0
13.400421,3.433000,120.000,14.515000,1.154000,119.117705,2691,43,0,23,88,176,0,0
13.413654,13.233000,119.000,15.539000,0.037000,119.118186,2691,43,0,23,88,176,0,0
13.417110,3.456000,119.000,15.539000,0.037000,119.118667,2691,43,0,23,88,176,0,0
13.430253,13.143000,119.000,15.539000,0.037000,119.119102,2691,43,0,23,88,176,0,0
13.433690,3.437000,119.000,15.539000,0.037000,119.119582,2691,43,0,23,88,176,0,0
13.446878,13.188000,119.000,15.539000,0.037000,119.120017,2691,43,0,23,88,176,0,0
13.450456,3.578000,119.000,15.539000,0.037000,119.120498,2691,43,0,23,88,176,0,0
13.463692,13.236000,119.000,15.539000,0.037000,119.120978,2691,43,0,23,88,176,0,0
13.467138,3.446000,119.000,15.539000,0.037000,119.121459,2691,43,0,23,88,176,0,0
13.480304,13.166000,119.000,15.539000,0.037000,119.121940,2691,43,0,23,88,176,0,0
13.483386,3.082000,119.000,15.539000,0.037000,119.122420,2691,43,0,23,88,176,0,0
13.496947,13.561000,119.000,15.539000,0.037000,119.122901,2691,43,0,23,88,176,0,0
13.500151,3.204000,119.000,15.539000,0.037000,119.123382,2691,43,0,23,88,176,0,0
13.513591,13.440000,119.000,15.539000,0.037000,119.123862,2691,43,0,23,88,176,0,0
13.516963,3.372000,119.000,15.539000,0.037000,119.124343,2691,43,0,23,88,176,0,0
13.530376,13.413000,119.000,15.539000,0.037000,119.124824,2691,43,0,23,88,176,0,0
13.533941,3.565000,119.000,15.539000,0.037000,119.125304,2691,43,0,23,88,176,0,0
13.546979,13.038000,119.000,15.539000,0.037000,119.125785,2691,43,0,23,88,176,0,0
13.550551,3.572000,119.000,15.539000,0.037000,119.126266,2691,43,0,23,88,176,0,0
13.563784,13.233000,119.000,15.539000,0.037000,119.126746,2691,43,0,23,88,176,0,0
13.568282,4.498000,119.000,15.539000,0.037000,119.127227,2691,43,0,23,88,176,0,0
13.580271,11.989000,119.000,15.539000,0.037000,119.127707,2691,43,0,23,88,176,0,0
13.583777,3.506000,119.000,15.539000,0.037000,119.128188,2691,43,0,23,88,176,0,0
13.597002,13.225000,119.000,15.539000,0.037000,119.128669,2691,43,0,23,88,176,0,0
13.600490,3.488000,119.000,15.539000,0.037000,119.129149,2691,43,0,23,88,176,0,0
13.613665,13.175000,119.000,15.539000,0.037000,119.129584,2691,43,0,23,88,176,0,0
13.617101,3.436000,119.000,15.539000,0.037000,119.130065,2691,43,0,23,88,176,0,0
13.630325,13.224000,119.000,15.539000,0.037000,119.130546,2691,43,0,23,88,176,0,0
13.633330,3.005000,119.000,15.539000,0.037000,119.131026,2691,43,0,23,88,176,0,0
13.646917,13.587000,119.000,15.539000,0.037000,119.131461,2691,43,0,23,88,176,0,0
13.650070,3.153000,119.000,15.539000,0.037000,119.131942,2691,43,0,23,88,176,0,0
13.663707,13.637000,119.000,15.539000,0.037000,119.132377,2691,43,0,23,88,176,0,0
13.666809,3.102000,119.000,15.539000,0.037000,119.132857,2691,43,0,23,88,176,0,0
13.680327,13.518000,119.000,15.539000,0.037000,119.133338,2691,43,0,23,88,176,0,0
13.683906,3.579000,119.000,15.539000,0.037000,119.133819,2691,43,0,23,88,176,0,0
13.696955,13.049000,119.000,15.539000,0.037000,119.134299,2691,43,0,23,88,176,0,0
13.700474,3.519000,119.000,15.539000,0.037000,119.134780,2691,43,0,23,88,176,0,0
13.713617,13.143000,119.000,15.539000,0.037000,119.135261,2691,43,0,23,88,176,0,0
13.717205,3.588000,119.000,15.539000,0.037000,119.135741,2691,43,0,23,88,176,0,0
13.730334,13.129000,119.000,15.539000,0.037000,119.136222,2691,43,0,23,88,176,0,0
13.733781,3.447000,119.000,15.539000,0.037000,119.136703,2691,43,0,23,88,176,0,0
13.746995,13.214000,119.000,15.539000,0.037000,119.137183,2691,43,0,23,88,176,0,0
13.750575,3.580000,119.000,15.539000,0.037000,119.137664,2691,43,0,23,88,176,0,0
13.763622,13.047000,119.000,15.539000,0.037000,119.138144,2691,43,0,23,88,176,0,0
13.767042,3.420000,119.000,15.539000,0.037000,119.138625,2691,43,0,23,88,176,0,0
13.779972,12.930000,119.000,15.539000,0.037000,119.139106,2691,43,0,23,88,176,0,0
13.783425,3.453000,119.000,15.539000,0.037000,119.139586,2691,43,0,23,88,176,0,0
13.797027,13.602000,119.000,15.539000,0.037000,119.140067,2691,43,0,23,88,176,0,0
13.800583,3.556000,119.000,15.539000,0.037000,119.140548,2691,43,0,23,88,176,0,0
13.813630,13.047000,119.000,15.539000,0.037000,119.141028,2691,43,0,23,88,176,0,0
13.817069,3.439000,119.000,15.539000,0.037000,119.141463,2691,43,0,23,88,176,0,0
13.830299,13.230000,119.000,15.539000,0.037000,119.141944,2691,43,0,23,88,176,0,0
13.833874,3.575000,119.000,15.539000,0.037000,119.142425,2691,43,0,23,88,176,0,0
13.846947,13.073000,119.000,15.539000,0.037000,119.142905,2691,43,0,23,88,176,0,0
13.850417,3.470000,119.000,15.539000,0.037000,119.143386,2691,43,0,23,88,176,0,0
13.863721,13.304000,119.000,15.539000,0.037000,119.143867,2691,43,0,23,88,176,0,0
13.867312,3.591000,119.000,15.539000,0.037000,119.144347,2691,43,0,23,88,176,0,0
13.880355,13.043000,119.000,15.539000,0.037000,119.144828,2691,43,0,23,88,176,0,0
13.883776,3.421000,119.000,15.539000,0.037000,119.145308,2691,43,0,23,88,176,0,0
13.897001,13.225000,119.000,15.539000,0.037000,119.145789,2691,43,0,23,88,176,0,0
13.900591,3.590000,119.000,15.539000,0.037000,119.146270,2691,43,0,23,88,176,0,0
13.913610,13.019000,119.000,15.539000,0.037000,119.146750,2691,43,0,23,88,176,0,0
13.917140,3.530000,119.000,15.539000,0.037000,119.147185,2691,43,0,23,88,176,0,0
13.929949,12.809000,119.000,15.539000,0.037000,119.147620,2691,43,0,23,88,176,0,0
13.933416,3.467000,119.000,15.539000,0.037000,119.148101,2691,43,0,23,88,176,0,0
13.947022,13.606000,119.000,15.539000,0.037000,119.148582,2691,43,0,23,88,176,0,0
13.950469,3.447000,119.000,15.539000,0.037000,119.149062,2691,43,0,23,88,176,0,0
13.963916,13.447000,119.000,15.539000,0.037000,119.149543,2691,43,0,23,88,176,0,0
13.968070,4.154000,119.000,15.539000,0.037000,119.150023,2691,43,0,23,88,176,0,0
13.980291,12.221000,119.000,15.539000,0.037000,119.150458,2691,43,0,23,88,176,0,0
13.983111,2.820000,119.000,15.539000,0.037000,119.150939,2691,43,0,23,88,176,0,0
13.997070,13.959000,119.000,15.539000,0.037000,119.151420,2691,43,0,23,88,176,0,0
13.999543,2.473000,119.000,15.539000,0.037000,119.151855,2691,43,0,23,88,176,0,0
14.013676,14.133000,119.000,15.539000,0.037000,119.152335,2691,43,0,23,88,176,0,0
14.016232,2.556000,119.000,15.539000,0.037000,119.152816,2691,43,0,23,88,176,0,0
14.030345,14.113000,119.000,15.539000,0.037000,119.153296,2691,43,0,23,88,176,0,0
14.032823,2.478000,119.000,15.539000,0.037000,119.153777,2691,43,0,23,88,176,0,0
14.046977,14.154000,119.000,15.539000,0.037000,119.154258,2691,43,0,23,88,176,0,0
14.049711,2.734000,119.000,15.539000,0.037000,119.154738,2691,43,0,23,88,176,0,0
14.063728,14.017000,119.000,15.539000,0.037000,119.155219,2691,43,0,23,88,176,0,0
14.066525,2.797000,119.000,15.539000,0.037000,119.155700,2691,43,0,23,88,176,0,0
14.080348,13.823000,119.000,15.539000,0.037000,119.156180,2691,43,0,23,88,176,0,0
14.083656,3.308000,119.000,15.539000,0.037000,119.156661,2691,43,0,23,88,176,0,0
14.097014,13.358000,119.000,15.539000,0.037000,119.157142,2691,43,0,23,88,176,0,0
14.100571,3.557000,119.000,15.539000,0.037000,119.157622,2691,43,0,23,88,176,0,0
14.113594,13.023000,119.000,15.539000,0.037000,119.158103,2691,43,0,23,88,176,0,0
14.117108,3.514000,119.000,15.539000,0.037000,119.158584,2691,43,0,23,88,176,0,0
14.130250,13.142000,119.000,15.539000,0.037000,119.159064,2691,43,0,23,88,176,0,0
14.133836,3.586000,119.000,15.539000,0.037000,119.159499,2691,43,0,23,88,176,0,0
14.147055,13.219000,119.000,15.539000,0.037000,119.159980,2691,43,0,23,88,176,0,0
14.150503,3.448000,119.000,15.539000,0.037000,119.160460,2691,43,0,23,88,176,0,0
14.163654,13.151000,119.000,15.539000,0.037000,119.160941,2691,43,0,23,88,176,0,0
14.167036,3.382000,119.000,15.539000,0.037000,119.161422,2691,43,0,23,88,176,0,0
14.180265,13.229000,119.000,15.539000,0.037000,119.161902,2691,43,0,23,88,176,0,0
14.183656,3.391000,119.000,15.539000,0.037000,119.162383,2691,43,0,23,88,176,0,0
14.196917,13.261000,119.000,15.539000,0.037000,119.162864,2691,43,0,23,88,176,0,0
14.200452,3.535000,119.000,15.539000,0.037000,119.163344,2691,43,0,23,88,176,0,0
14.213560,13.108000,119.000,15.539000,0.037000,119.163825,2691,43,0,23,88,176,0,0
14.217116,3.556000,119.000,15.539000,0.037000,119.164260,2691,43,0,23,88,176,0,0
14.229820,12.704000,119.000,15.539000,0.037000,119.164741,2691,43,0,23,88,176,0,0
14.233287,3.467000,119.000,15.539000,0.037000,119.165175,2691,43,0,23,88,176,0,0
14.246960,13.673000,119.000,15.539000,0.037000,119.165656,2691,43,0,23,88,176,0,0
14.250534,3.574000,119.000,15.539000,0.037000,119.166091,2691,43,0,23,88,176,0,0
14.263638,13.104000,119.000,15.539000,0.037000,119.166572,2691,43,0,23,88,176,0,0
14.267223,3.585000,119.000,15.539000,0.037000,119.167052,2691,43,0,23,88,176,0,0
14.280370,13.147000,119.000,15.539000,0.037000,119.167533,2691,43,0,23,88,176,0,0
14.283966,3.596000,119.000,15.539000,0.037000,119.167968,2691,43,0,23,88,176,0,0
14.297001,13.035000,119.000,15.539000,0.037000,119.168448,2691,43,0,23,88,176,0,0
14.300087,3.086000,119.000,15.539000,0.037000,119.168929,2691,43,0,23,88,176,0,0
14.313674,13.587000,119.000,15.539000,0.037000,119.169410,2691,43,0,23,88,176,0,0
14.316978,3.304000,119.000,15.539000,0.037000,119.169890,2691,43,0,23,88,176,0,0
14.330254,13.276000,119.000,15.539000,0.037000,119.170371,2691,43,0,23,88,176,0,0
14.333291,3.037000,119.000,15.539000,0.037000,119.170852,2691,43,0,23,88,176,0,0
14.347018,13.727000,119.000,15.539000,0.037000,119.171332,2691,43,0,23,88,176,0,0
14.350074,3.056000,119.000,15.539000,0.037000,119.171813,2691,43,0,23,88,176,0,0
14.363690,13.616000,119.000,15.539000,0.037000,119.172294,2691,43,0,23,88,176,0,0
14.367264,3.574000,119.000,15.539000,0.037000,119.172729,2691,43,0,23,88,176,0,0
14.380308,13.044000,119.000,15.539000,0.037000,119.173209,2691,43,0,23,88,176,0,0
14.383935,3.627000,119.000,15.539000,0.037000,119.173690,2691,43,0,23,88,176,0,0
14.396927,12.992000,119.000,15.539000,0.037000,119.174170,2691,43,0,23,88,176,0,0
14.400495,3.568000,119.000,15.539000,0.037000,119.174651,2691,43,0,23,88,176,0,0
14.413185,12.690000,120.000,14.108000,0.024000,119.175132,2691,43,0,23,88,176,0,0
14.416824,3.639000,120.000,14.108000,0.024000,119.175612,2691,43,0,23,88,176,0,0
14.430401,13.577000,120.000,14.108000,0.024000,119.176093,2691,43,0,23,88,176,0,0
14.433923,3.522000,120.000,14.108000,0.024000,119.176574,2691,43,0,23,88,176,0,0
14.447000,13.077000,120.000,14.108000,0.024000,119.177054,2691,43,0,23,88,176,0,0
14.450560,3.560000,120.000,14.108000,0.024000,119.177466,2691,43,0,23,88,176,0,0
14.463625,13.065000,120.000,14.108000,0.024000,119.177901,2691,43,0,23,88,176,0,0
14.467153,3.528000,120.000,14.108000,0.024000,119.178382,2691,43,0,23,88,176,0,0
14.480245,13.092000,120.000,14.108000,0.024000,119.178863,2691,43,0,23,88,176,0,0
14.483809,3.564000,120.000,14.108000,0.024000,119.179343,2691,43,0,23,88,176,0,0
14.497018,13.209000,120.000,14.108000,0.024000,119.179824,2691,43,0,23,88,176,0,0
14.500462,3.444000,120.000,14.108000,0.024000,119.180305,2691,43,0,23,88,176,0,0
14.513651,13.189000,120.000,14.108000,0.024000,119.180785,2691,43,0,23,88,176,0,0
14.517242,3.591000,120.000,14.108000,0.024000,119.181266,2691,43,0,23,88,176,0,0
14.530305,13.063000,120.000,14.108000,0.024000,119.181746,2691,43,0,23,88,176,0,0
14.533823,3.518000,120.000,14.108000,0.024000,119.182227,2691,43,0,23,88,176,0,0
14.546933,13.110000,120.000,14.108000,0.024000,119.182708,2691,43,0,23,88,176,0,0
14.550502,3.569000,120.000,14.108000,0.024000,119.183188,2691,43,0,23,88,176,0,0
14.563665,13.163000,120.000,14.108000,0.024000,119.183669,2691,43,0,23,88,176,0,0
14.567128,3.463000,120.000,14.108000,0.024000,119.184150,2691,43,0,23,88,176,0,0
14.580310,13.182000,120.000,14.108000,0.024000,119.184630,2691,43,0,23,88,176,0,0
14.583891,3.581000,120.000,14.108000,0.024000,119.185065,2691,43,0,23,88,176,0,0
14.596671,12.780000,120.000,14.108000,0.024000,119.185546,2691,43,0,23,88,176,0,0
14.600121,3.450000,120.000,14.108000,0.024000,119.186027,2691,43,0,23,88,176,0,0
14.613583,13.462000,120.000,14.108000,0.024000,119.186507,2691,43,0,23,88,176,0,0
14.617192,3.609000,120.000,14.108000,0.024000,119.186988,2691,43,0,23,88,176,0,0
14.630361,13.169000,120.000,14.108000,0.024000,119.187469,2691,43,0,23,88,176,0,0
14.633948,3.587000,120.000,14.108000,0.024000,119.187949,2691,43,0,23,88,176,0,0
14.646985,13.037000,120.000,14.108000,0.024000,119.188430,2691,43,0,23,88,176,0,0
14.650037,3.052000,120.000,14.108000,0.024000,119.188910,2691,43,0,23,88,176,0,0
14.663621,13.584000,120.000,14.108000,0.024000,119.189391,2691,43,0,23,88,176,0,0
14.666641,3.020000,120.000,14.108000,0.024000,119.189872,2691,43,0,23,88,176,0,0
14.680277,13.636000,120.000,14.108000,0.024000,119.190352,2691,43,0,23,88,176,0,0
14.683644,3.367000,120.000,14.108000,0.024000,119.190833,2691,43,0,23,88,176,0,0
14.697008,13.364000,120.000,14.108000,0.024000,119.191314,2691,43,0,23,88,176,0,0
14.700497,3.489000,120.000,14.108000,0.024000,119.191794,2691,43,0,23,88,176,0,0
14.713123,12.626000,120.000,14.108000,0.024000,119.192275,2691,43,0,23,88,176,0,0
14.716599,3.476000,120.000,14.108000,0.024000,119.192756,2691,43,0,23,88,176,0,0
14.730283,13.684000,120.000,14.108000,0.024000,119.193236,2691,43,0,23,88,176,0,0
14.733863,3.580000,120.000,14.108000,0.024000,119.193717,2691,43,0,23,88,176,0,0
14.747104,13.241000,120.000,14.108000,0.024000,119.194198,2691,43,0,23,88,176,0,0
14.750774,3.670000,120.000,14.108000,0.024000,119.194678,2691,43,0,23,88,176,0,0
14.763722,12.948000,120.000,14.108000,0.024000,119.195159,2691,43,0,23,88,176,0,0
14.766985,3.263000,120.000,14.108000,0.024000,119.195640,2691,43,0,23,88,176,0,0
14.780334,13.349000,120.000,14.108000,0.024000,119.196120,2691,43,0,23,88,176,0,0
14.783835,3.501000,120.000,14.108000,0.024000,119.196601,2691,43,0,23,88,176,0,0
14.796958,13.123000,120.000,14.108000,0.024000,119.197082,2691,43,0,23,88,176,0,0
14.800552,3.594000,120.000,14.108000,0.024000,119.197562,2691,43,0,23,88,176,0,0
14.813604,13.052000,120.000,14.108000,0.024000,119.198043,2691,43,0,23,88,176,0,0
14.817122,3.518000,120.000,14.108000,0.024000,119.198524,2691,43,0,23,88,176,0,0
14.830404,13.282000,120.000,14.108000,0.024000,119.199004,2691,43,0,23,88,176,0,0
14.833982,3.578000,120.000,14.108000,0.024000,119.199485,2691,43,0,23,88,176,0,0
14.847266,13.284000,120.000,14.108000,0.024000,119.199965,2691,43,0,23,88,176,0,0
14.850821,3.555000,120.000,14.108000,0.024000,119.200446,2691,43,0,23,88,176,0,0
14.864066,13.245000,120.000,14.108000,0.024000,119.200927,2691,43,0,23,88,176,0,0
14.867630,3.564000,120.000,14.108000,0.024000,119.201407,2691,43,0,23,88,176,0,0
14.880470,12.840000,120.000,14.108000,0.024000,119.201842,2691,43,0,23,88,176,0,0
14.883943,3.473000,120.000,14.108000,0.024000,119.202277,2691,43,0,23,88,176,0,0
14.897321,13.378000,120.000,14.108000,0.024000,119.202758,2691,43,0,23,88,176,0,0
14.900904,3.583000,120.000,14.108000,0.024000,119.203238,2691,43,0,23,88,176,0,0
14.913938,13.034000,120.000,14.108000,0.024000,119.203719,2691,43,0,23,88,176,0,0
14.916567,2.629000,120.000,14.108000,0.024000,119.204200,2691,43,0,23,88,176,0,0
14.930694,14.127000,120.000,14.108000,0.024000,119.204680,2691,43,0,23,88,176,0,0
14.933306,2.612000,120.000,14.108000,0.024000,119.205161,2691,43,0,23,88,176,0,0
14.947396,14.090000,120.000,14.108000,0.024000,119.205642,2691,43,0,23,88,176,0,0
14.950388,2.992000,120.000,14.108000,0.024000,119.206122,2691,43,0,23,88,176,0,0
14.963580,13.192000,120.000,14.108000,0.024000,119.206603,2691,43,0,23,88,176,0,0
14.974224,10.644000,120.000,14.108000,0.024000,119.207038,2691,43,0,23,88,176,0,0
14.988057,13.833000,120.000,14.108000,0.024000,119.207519,2691,43,0,23,88,176,0,0
14.991498,3.441000,120.000,14.108000,0.024000,119.207999,2691,43,0,23,88,176,0,0
15.005236,13.738000,120.000,14.108000,0.024000,119.208480,2691,43,0,23,88,176,0,0
15.008767,3.531000,120.000,14.108000,0.024000,119.208961,2691,43,0,23,88,176,0,0
15.022012,13.245000,120.000,14.108000,0.024000,119.209441,2691,43,0,23,88,176,0,0
15.025502,3.490000,120.000,14.108000,0.024000,119.209922,2691,43,0,23,88,176,0,0
15.038672,13.170000,120.000,14.108000,0.024000,119.210402,2691,43,0,23,88,176,0,0
15.041853,3.181000,120.000,14.108000,0.024000,119.210883,2691,43,0,23,88,176,0,0
15.055447,13.594000,120.000,14.108000,0.024000,119.211364,2691,43,0,23,88,176,0,0
15.058415,2.968000,120.000,14.108000,0.024000,119.211844,2691,43,0,23,88,176,0,0
15.072075,13.660000,120.000,14.108000,0.024000,119.212325,2691,43,0,23,88,176,0,0
15.075273,3.198000,120.000,14.108000,0.024000,119.212806,2691,43,0,23,88,176,0,0
15.088697,13.424000,120.000,14.108000,0.024000,119.213286,2691,43,0,23,88,176,0,0
15.092172,3.475000,120.000,14.108000,0.024000,119.213767,2691,43,0,23,88,176,0,0
15.104822,12.650000,120.000,14.108000,0.024000,119.214248,2691,43,0,23,88,176,0,0
15.108282,3.460000,120.000,14.108000,0.024000,119.214728,2691,43,0,23,88,176,0,0
15.121660,13.378000,120.000,14.108000,0.024000,119.215209,2691,43,0,23,88,176,0,0
15.126293,4.633000,120.000,14.108000,0.024000,119.215644,2691,43,0,23,88,176,0,0
15.138720,12.427000,120.000,14.108000,0.024000,119.216125,2691,43,0,23,88,176,0,0
15.142181,3.461000,120.000,14.108000,0.024000,119.216559,2691,43,0,23,88,176,0,0
15.155371,13.190000,120.000,14.108000,0.024000,119.217040,2691,43,0,23,88,176,0,0
15.158764,3.393000,120.000,14.108000,0.024000,119.217521,2691,43,0,23,88,176,0,0
15.171993,13.229000,120.000,14.108000,0.024000,119.218001,2691,43,0,23,88,176,0,0
15.175510,3.517000,120.000,14.108000,0.024000,119.218482,2691,43,0,23,88,176,0,0
15.188608,13.098000,120.000,14.108000,0.024000,119.218917,2691,43,0,23,88,176,0,0
15.191944,3.336000,120.000,14.108000,0.024000,119.219398,2691,43,0,23,88,176,0,0
15.205373,13.429000,120.000,14.108000,0.024000,119.219878,2691,43,0,23,88,176,0,0
15.208644,3.271000,120.000,14.108000,0.024000,119.220359,2691,43,0,23,88,176,0,0
15.222003,13.359000,120.000,14.108000,0.024000,119.220840,2691,43,0,23,88,176,0,0
15.225477,3.474000,120.000,14.108000,0.024000,119.221320,2691,43,0,23,88,176,0,0
15.238647,13.170000,120.000,14.108000,0.024000,119.221801,2691,43,0,23,88,176,0,0
15.242229,3.582000,120.000,14.108000,0.024000,119.222281,2691,43,0,23,88,176,0,0
15.255280,13.051000,120.000,14.108000,0.024000,119.222762,2691,43,0,23,88,176,0,0
15.258801,3.521000,120.000,14.108000,0.024000,119.223197,2691,43,0,23,88,176,0,0
15.272062,13.261000,120.000,14.108000,0.024000,119.223678,2691,43,0,23,88,176,0,0
15.275494,3.432000,120.000,14.108000,0.024000,119.224158,2691,43,0,23,88,176,0,0
15.288288,12.794000,120.000,14.108000,0.024000,119.224639,2691,43,0,23,88,176,0,0
15.291663,3.375000,120.000,14.108000,0.024000,119.225120,2691,43,0,23,88,176,0,0
15.305295,13.632000,120.000,14.108000,0.024000,119.225600,2691,43,0,23,88,176,0,0
15.308869,3.574000,120.000,14.108000,0.024000,119.226081,2691,43,0,23,88,176,0,0
15.321968,13.099000,120.000,14.108000,0.024000,119.226562,2691,43,0,23,88,176,0,0
15.325292,3.324000,120.000,14.108000,0.024000,119.227042,2691,43,0,23,88,176,0,0
15.338741,13.449000,120.000,14.108000,0.024000,119.227523,2691,43,0,23,88,176,0,0
15.341802,3.061000,120.000,14.108000,0.024000,119.228004,2691,43,0,23,88,176,0,0
15.355342,13.540000,120.000,14.108000,0.024000,119.228484,2691,43,0,23,88,176,0,0
15.358356,3.014000,120.000,14.108000,0.024000,119.228965,2691,43,0,23,88,176,0,0
15.371960,13.604000,120.000,14.108000,0.024000,119.229445,2691,43,0,23,88,176,0,0
15.375314,3.354000,120.000,14.108000,0.024000,119.229880,2691,43,0,23,88,176,0,0
15.388650,13.336000,120.000,14.108000,0.024000,119.230361,2691,43,0,23,88,176,0,0
15.392171,3.521000,120.000,14.108000,0.024000,119.230796,2691,43,0,23,88,176,0,0
15.405277,13.106000,120.000,14.108000,0.024000,119.231277,2691,43,0,23,88,176,0,0
15.410431,5.154000,119.000,14.078000,0.036000,119.231757,2691,43,0,23,88,176,0,0
15.421871,11.440000,119.000,14.078000,0.036000,119.232238,2691,43,0,23,88,176,0,0
15.425354,3.483000,119.000,14.078000,0.036000,119.232718,2691,43,0,23,88,176,0,0
15.438676,13.322000,119.000,14.078000,0.036000,119.233199,2691,43,0,23,88,176,0,0
15.442072,3.396000,119.000,14.078000,0.036000,119.233680,2691,43,0,23,88,176,0,0
15.455236,13.164000,119.000,14.078000,0.036000,119.234160,2691,43,0,23,88,176,0,0
15.458646,3.410000,119.000,14.078000,0.036000,119.234641,2691,43,0,23,88,176,0,0
15.472099,13.453000,119.000,14.078000,0.036000,119.235122,2691,43,0,23,88,176,0,0
15.475507,3.408000,119.000,14.078000,0.036000,119.235602,2691,43,0,23,88,176,0,0
15.488676,13.169000,119.000,14.078000,0.036000,119.236083,2691,43,0,23,88,176,0,0
15.492115,3.439000,119.000,14.078000,0.036000,119.236564,2691,43,0,23,88,176,0,0
15.504799,12.684000,119.000,14.078000,0.036000,119.237044,2691,43,0,23,88,176,0,0
15.508250,3.451000,119.000,14.078000,0.036000,119.237525,2691,43,0,23,88,176,0,0
15.522044,13.794000,119.000,14.078000,0.036000,119.237960,2691,43,0,23,88,176,0,0
15.525591,3.547000,119.000,14.078000,0.036000,119.238441,2691,43,0,23,88,176,0,0
15.538773,13.182000,119.000,14.078000,0.036000,119.238921,2691,43,0,23,88,176,0,0
15.542309,3.536000,119.000,14.078000,0.036000,119.239402,2691,43,0,23,88,176,0,0
15.555267,12.958000,119.000,14.078000,0.036000,119.239882,2691,43,0,23,88,176,0,0
15.558806,3.539000,119.000,14.078000,0.036000,119.240363,2691,43,0,23,88,176,0,0
15.571842,13.036000,119.000,14.078000,0.036000,119.240844,2691,43,0,23,88,176,0,0
15.575268,3.426000,119.000,14.078000,0.036000,119.241324,2691,43,0,23,88,176,0,0
15.588456,13.188000,119.000,14.078000,0.036000,119.241805,2691,43,0,23,88,176,0,0
15.591805,3.349000,119.000,14.078000,0.036000,119.242286,2691,43,0,23,88,176,0,0
15.605006,13.201000,119.000,14.078000,0.036000,119.242766,2691,43,0,23,88,176,0,0
15.608223,3.217000,119.000,14.078000,0.036000,119.243247,2691,43,0,23,88,176,0,0
15.621592,13.369000,119.000,14.078000,0.036000,119.243728,2691,43,0,23,88,176,0,0
15.624892,3.300000,119.000,14.078000,0.036000,119.244208,2691,43,0,23,88,176,0,0
15.638112,13.220000,119.000,14.078000,0.036000,119.244689,2691,43,0,23,88,176,0,0
15.641387,3.275000,119.000,14.078000,0.036000,119.245170,2691,43,0,23,88,176,0,0
15.654882,13.495000,119.000,14.078000,0.036000,119.245650,2691,43,0,23,88,176,0,0
15.658187,3.305000,119.000,14.078000,0.036000,119.246131,2691,43,0,23,88,176,0,0
15.671679,13.492000,119.000,14.078000,0.036000,119.246612,2691,43,0,23,88,176,0,0
15.675073,3.394000,119.000,14.078000,0.036000,119.247092,2691,43,0,23,88,176,0,0
15.688795,13.722000,119.000,14.078000,0.036000,119.247573,2691,43,0,23,88,176,0,0
15.691129,2.334000,119.000,14.078000,0.036000,119.248054,2691,43,0,23,88,176,0,0
15.705051,13.922000,119.000,14.078000,0.036000,119.248534,2691,43,0,23,88,176,0,0
15.707497,2.446000,119.000,14.078000,0.036000,119.249015,2691,43,0,23,88,176,0,0
15.721668,14.171000,119.000,14.078000,0.036000,119.249496,2691,43,0,23,88,176,0,0
15.723845,2.177000,119.000,14.078000,0.036000,119.249976,2691,43,0,23,88,176,0,0
15.738214,14.369000,119.000,14.078000,0.036000,119.250457,2691,43,0,23,88,176,0,0
15.740207,1.993000,119.000,14.078000,0.036000,119.250937,2691,43,0,23,88,176,0,0
15.754832,14.625000,119.000,14.078000,0.036000,119.251418,2691,43,0,23,88,176,0,0
15.757608,2.776000,119.000,14.078000,0.036000,119.251899,2691,43,0,23,88,176,0,0
15.771526,13.918000,119.000,14.078000,0.036000,119.252379,2691,43,0,23,88,176,0,0
15.773943,2.417000,119.000,14.078000,0.036000,119.252860,2691,43,0,23,88,176,0,0
15.788204,14.261000,119.000,14.078000,0.036000,119.253341,2691,43,0,23,88,176,0,0
15.790472,2.268000,119.000,14.078000,0.036000,119.253821,2691,43,0,23,88,176,0,0
15.804897,14.425000,119.000,14.078000,0.036000,119.254302,2691,43,0,23,88,176,0,0
15.808202,3.305000,119.000,14.078000,0.036000,119.254783,2691,43,0,23,88,176,0,0
15.821704,13.502000,119.000,14.078000,0.036000,119.255263,2691,43,0,23,88,176,0,0
15.824960,3.256000,119.000,14.078000,0.036000,119.255744,2691,43,0,23,88,176,0,0
15.838117,13.157000,119.000,14.078000,0.036000,119.256179,2691,43,0,23,88,176,0,0
15.841333,3.216000,119.000,14.078000,0.036000,119.256660,2691,43,0,23,88,176,0,0
15.854517,13.184000,119.000,14.078000,0.036000,119.257140,2691,43,0,23,88,176,0,0
15.857560,3.043000,119.000,14.078000,0.036000,119.257621,2691,43,0,23,88,176,0,0
15.871390,13.830000,119.000,14.078000,0.036000,119.258056,2691,43,0,23,88,176,0,0
15.874383,2.993000,119.000,14.078000,0.036000,119.258491,2691,43,0,23,88,176,0,0
15.888092,13.709000,119.000,14.078000,0.036000,119.258971,2691,43,0,23,88,176,0,0
15.891996,3.904000,119.000,14.078000,0.036000,119.259452,2691,43,0,23,88,176,0,0
15.904802,12.806000,119.000,14.078000,0.036000,119.259933,2691,43,0,23,88,176,0,0
15.908304,3.502000,119.000,14.078000,0.036000,119.260413,2691,43,0,23,88,176,0,0
15.921443,13.139000,119.000,14.078000,0.036000,119.260894,2691,43,0,23,88,176,0,0
15.923722,2.279000,119.000,14.078000,0.036000,119.261374,2691,43,0,23,88,176,0,0
15.938199,14.477000,119.000,14.078000,0.036000,119.261855,2691,43,0,23,88,176,0,0
15.940366,2.167000,119.000,14.078000,0.036000,119.262336,2691,43,0,23,88,176,0,0
15.954874,14.508000,119.000,14.078000,0.036000,119.262816,2691,43,0,23,88,176,0,0
15.957021,2.147000,119.000,14.078000,0.036000,119.263297,2691,43,0,23,88,176,0,0
15.971587,14.566000,119.000,14.078000,0.036000,119.263778,2691,43,0,23,88,176,0,0
15.973863,2.276000,119.000,14.078000,0.036000,119.264258,2691,43,0,23,88,176,0,0
15.988346,14.483000,119.000,14.078000,0.036000,119.264739,2691,43,0,23,88,176,0,0
15.992504,4.158000,119.000,14.078000,0.036000,119.265220,2691,43,0,23,88,176,0,0
16.004919,12.415000,119.000,14.078000,0.036000,119.265700,2691,43,0,23,88,176,0,0
16.007358,2.439000,119.000,14.078000,0.036000,119.266181,2691,43,0,23,88,176,0,0
16.021755,14.397000,119.000,14.078000,0.036000,119.266662,2691,43,0,23,88,176,0,0
16.025331,3.576000,119.000,14.078000,0.036000,119.267142,2691,43,0,23,88,176,0,0
16.038696,13.365000,119.000,14.078000,0.036000,119.267623,2691,43,0,23,88,176,0,0
16.042475,3.779000,119.000,14.078000,0.036000,119.268104,2691,43,0,23,88,176,0,0
16.055113,12.638000,119.000,14.078000,0.036000,119.268584,2691,43,0,23,88,176,0,0
16.058395,3.282000,119.000,14.078000,0.036000,119.269065,2691,43,0,23,88,176,0,0
16.071120,12.725000,119.000,14.078000,0.036000,119.269546,2691,43,0,23,88,176,0,0
16.074088,2.968000,119.000,14.078000,0.036000,119.269980,2691,43,0,23,88,176,0,0
16.088048,13.960000,119.000,14.078000,0.036000,119.270461,2691,43,0,23,88,176,0,0
16.090969,2.921000,119.000,14.078000,0.036000,119.270942,2691,43,0,23,88,176,0,0
16.104687,13.718000,119.000,14.078000,0.036000,119.271422,2691,43,0,23,88,176,0,0
16.107808,3.121000,119.000,14.078000,0.036000,119.271903,2691,43,0,23,88,176,0,0
16.121412,13.604000,119.000,14.078000,0.036000,119.272384,2691,43,0,23,88,176,0,0
16.124609,3.197000,119.000,14.078000,0.036000,119.272864,2691,43,0,23,88,176,0,0
16.138066,13.457000,119.000,14.078000,0.036000,119.273345,2691,43,0,23,88,176,0,0
16.141293,3.227000,119.000,14.078000,0.036000,119.273826,2691,43,0,23,88,176,0,0
16.154944,13.651000,119.000,14.078000,0.036000,119.274306,2691,43,0,23,88,176,0,0
16.158268,3.324000,119.000,14.078000,0.036000,119.274787,2691,43,0,23,88,176,0,0
16.171767,13.499000,119.000,14.078000,0.036000,119.275268,2691,43,0,23,88,176,0,0
16.175180,3.413000,119.000,14.078000,0.036000,119.275748,2691,43,0,23,88,176,0,0
16.188678,13.498000,119.000,14.078000,0.036000,119.276183,2691,43,0,23,88,176,0,0
16.191973,3.295000,119.000,14.078000,0.036000,119.276664,2691,43,0,23,88,176,0,0
16.204731,12.758000,119.000,14.078000,0.036000,119.277144,2691,43,0,23,88,176,0,0
16.208007,3.276000,119.000,14.078000,0.036000,119.277625,2691,43,0,23,88,176,0,0
16.221214,13.207000,119.000,14.078000,0.036000,119.278106,2691,43,0,23,88,176,0,0
16.224262,3.048000,119.000,14.078000,0.036000,119.278586,2691,43,0,23,88,176,0,0
16.238037,13.775000,119.000,14.078000,0.036000,119.279067,2691,43,0,23,88,176,0,0
16.241011,2.974000,119.000,14.078000,0.036000,119.279548,2691,43,0,23,88,176,0,0
16.254895,13.884000,119.000,14.078000,0.036000,119.280028,2691,43,0,23,88,176,0,0
16.258165,3.270000,119.000,14.078000,0.036000,119.280509,2691,43,0,23,88,176,0,0
16.271502,13.337000,119.000,14.078000,0.036000,119.280990,2691,43,0,23,88,176,0,0
16.274602,3.100000,119.000,14.078000,0.036000,119.281470,2691,43,0,23,88,176,0,0
16.288071,13.469000,119.000,14.078000,0.036000,119.281951,2691,43,0,23,88,176,0,0
16.292833,4.762000,119.000,14.078000,0.036000,119.282432,2691,43,0,23,88,176,0,0
16.304713,11.880000,119.000,14.078000,0.036000,119.282912,2691,43,0,23,88,176,0,0
16.307644,2.931000,119.000,14.078000,0.036000,119.283393,2691,43,0,23,88,176,0,0
16.321343,13.699000,119.000,14.078000,0.036000,119.283874,2691,43,0,23,88,176,0,0
16.324325,2.982000,119.000,14.078000,0.036000,119.284354,2691,43,0,23,88,176,0,0
16.338045,13.720000,119.000,14.078000,0.036000,119.284835,2691,43,0,23,88,176,0,0
16.341911,3.866000,119.000,14.078000,0.036000,119.285316,2691,43,0,23,88,176,0,0
16.354594,12.683000,119.000,14.078000,0.036000,119.285796,2691,43,0,23,88,176,0,0
16.357664,3.070000,119.000,14.078000,0.036000,119.286277,2691,43,0,23,88,176,0,0
16.371494,13.830000,119.000,14.078000,0.036000,119.286757,2691,43,0,23,88,176,0,0
16.374691,3.197000,119.000,14.078000,0.036000,119.287238,2691,43,0,23,88,176,0,0
16.388107,13.416000,119.000,14.078000,0.036000,119.287719,2691,43,0,23,88,176,0,0
16.391277,3.170000,119.000,14.078000,0.036000,119.288199,2691,43,0,23,88,176,0,0
16.404953,13.676000,119.000,14.078000,0.036000,119.288680,2691,43,0,23,88,176,0,0
16.408172,3.219000,120.000,14.554000,0.035000,119.289161,2691,43,0,23,88,176,0,0
16.421565,13.393000,120.000,14.554000,0.035000,119.289641,2691,43,0,23,88,176,0,0
16.425942,4.377000,120.000,14.554000,0.035000,119.290122,2691,43,0,23,88,176,0,0
16.438309,12.367000,120.000,14.554000,0.035000,119.290603,2691,43,0,23,88,176,0,0
16.441707,3.398000,120.000,14.554000,0.035000,119.291083,2691,43,0,23,88,176,0,0
16.454945,13.238000,120.000,14.554000,0.035000,119.291564,2691,43,0,23,88,176,0,0
16.458363,3.418000,120.000,14.554000,0.035000,119.292045,2691,43,0,23,88,176,0,0
16.472000,13.637000,120.000,14.554000,0.035000,119.292525,2691,43,0,23,88,176,0,0
16.475488,3.488000,120.000,14.554000,0.035000,119.292937,2691,43,0,23,88,176,0,0
16.488648,13.160000,120.000,14.554000,0.035000,119.293418,2691,43,0,23,88,176,0,0
16.490745,2.097000,120.000,14.554000,0.035000,119.293899,2691,43,0,23,88,176,0,0
16.505270,14.525000,120.000,14.554000,0.035000,119.294379,2691,43,0,23,88,176,0,0
16.507427,2.157000,120.000,14.554000,0.035000,119.294814,2691,43,0,23,88,176,0,0
16.522031,14.604000,120.000,14.554000,0.035000,119.295295,2691,43,0,23,88,176,0,0
16.524120,2.089000,120.000,14.554000,0.035000,119.295775,2691,43,0,23,88,176,0,0
16.538700,14.580000,120.000,14.554000,0.035000,119.296210,2691,43,0,23,88,176,0,0
16.540942,2.242000,120.000,14.554000,0.035000,119.296622,2691,43,0,23,88,176,0,0
16.555327,14.385000,120.000,14.554000,0.035000,119.297103,2691,43,0,23,88,176,0,0
16.557871,2.544000,120.000,14.554000,0.035000,119.297584,2691,43,0,23,88,176,0,0
16.572063,14.192000,120.000,14.554000,0.035000,119.298064,2691,43,0,23,88,176,0,0
16.574413,2.350000,120.000,14.554000,0.035000,119.298545,2691,43,0,23,88,176,0,0
16.588739,14.326000,120.000,14.554000,0.035000,119.299026,2691,43,0,23,88,176,0,0
16.591264,2.525000,120.000,14.554000,0.035000,119.299506,2691,43,0,23,88,176,0,0
16.605342,14.078000,120.000,14.554000,0.035000,119.299987,2691,43,0,23,88,176,0,0
16.608315,2.973000,120.000,14.554000,0.035000,119.300467,2691,43,0,23,88,176,0,0
16.621978,13.663000,120.000,14.554000,0.035000,119.300948,2691,43,0,23,88,176,0,0
16.625512,3.534000,120.000,14.554000,0.035000,119.301429,2691,43,0,23,88,176,0,0
16.638620,13.108000,120.000,14.554000,0.035000,119.301909,2691,43,0,23,88,176,0,0
16.642178,3.558000,120.000,14.554000,0.035000,119.302344,2691,43,0,23,88,176,0,0
16.655345,13.167000,120.000,14.554000,0.035000,119.302825,2691,43,0,23,88,176,0,0
16.658776,3.431000,120.000,14.554000,0.035000,119.303306,2691,43,0,23,88,176,0,0
16.671844,13.068000,120.000,14.554000,0.035000,119.303786,2691,43,0,23,88,176,0,0
16.675355,3.511000,120.000,14.554000,0.035000,119.304267,2691,43,0,23,88,176,0,0
16.688617,13.262000,120.000,14.554000,0.035000,119.304748,2691,43,0,23,88,176,0,0
16.692037,3.420000,120.000,14.554000,0.035000,119.305228,2691,43,0,23,88,176,0,0
16.705281,13.244000,120.000,14.554000,0.035000,119.305709,2691,43,0,23,88,176,0,0
16.708830,3.549000,120.000,14.554000,0.035000,119.306190,2691,43,0,23,88,176,0,0
16.722145,13.315000,120.000,14.554000,0.035000,119.306624,2691,43,0,23,88,176,0,0
16.725899,3.754000,120.000,14.554000,0.035000,119.307105,2691,43,0,23,88,176,0,0
16.738175,12.276000,120.000,14.554000,0.035000,119.307586,2691,43,0,23,88,176,0,0
16.741437,3.262000,120.000,14.554000,0.035000,119.308066,2691,43,0,23,88,176,0,0
16.755108,13.671000,120.000,14.554000,0.035000,119.308547,2691,43,0,23,88,176,0,0
16.757885,2.777000,120.000,14.554000,0.035000,119.309028,2691,43,0,23,88,176,0,0
16.771591,13.706000,120.000,14.554000,0.035000,119.309508,2691,43,0,23,88,176,0,0
16.773884,2.293000,120.000,14.554000,0.035000,119.309989,2691,43,0,23,88,176,0,0
16.788091,14.207000,120.000,14.554000,0.035000,119.310470,2691,43,0,23,88,176,0,0
16.790450,2.359000,120.000,14.554000,0.035000,119.310950,2691,43,0,23,88,176,0,0
16.804851,14.401000,120.000,14.554000,0.035000,119.311385,2691,43,0,23,88,176,0,0
16.807959,3.108000,120.000,14.554000,0.035000,119.311866,2691,43,0,23,88,176,0,0
16.821603,13.644000,120.000,14.554000,0.035000,119.312346,2691,43,0,23,88,176,0,0
16.824798,3.195000,120.000,14.554000,0.035000,119.312827,2691,43,0,23,88,176,0,0
16.838203,13.405000,120.000,14.554000,0.035000,119.313308,2691,43,0,23,88,176,0,0
16.841330,3.127000,120.000,14.554000,0.035000,119.313788,2691,43,0,23,88,176,0,0
16.854968,13.638000,120.000,14.554000,0.035000,119.314223,2691,43,0,23,88,176,0,0
16.858192,3.224000,120.000,14.554000,0.035000,119.314704,2691,43,0,23,88,176,0,0
16.871855,13.663000,120.000,14.554000,0.035000,119.315185,2691,43,0,23,88,176,0,0
16.875359,3.504000,120.000,14.554000,0.035000,119.315665,2691,43,0,23,88,176,0,0
16.888644,13.285000,120.000,14.554000,0.035000,119.316146,2691,43,0,23,88,176,0,0
16.891098,2.454000,120.000,14.554000,0.035000,119.316627,2691,43,0,23,88,176,0,0
16.905259,14.161000,120.000,14.554000,0.035000,119.317107,2691,43,0,23,88,176,0,0
16.907702,2.443000,120.000,14.554000,0.035000,119.317588,2691,43,0,23,88,176,0,0
16.921858,14.156000,120.000,14.554000,0.035000,119.318069,2691,43,0,23,88,176,0,0
16.925292,3.434000,120.000,14.554000,0.035000,119.318549,2691,43,0,23,88,176,0,0
16.938686,13.394000,120.000,14.554000,0.035000,119.319030,2691,43,0,23,88,176,0,0
16.943544,4.858000,120.000,14.554000,0.035000,119.319510,2691,43,0,23,88,176,0,0
16.955126,11.582000,120.000,14.554000,0.035000,119.319991,2691,43,0,23,88,176,0,0
16.957574,2.448000,120.000,14.554000,0.035000,119.320472,2691,43,0,23,88,176,0,0
16.971943,14.369000,120.000,14.554000,0.035000,119.320952,2691,43,0,23,88,176,0,0
16.975142,3.199000,120.000,14.554000,0.035000,119.321433,2691,43,0,23,88,176,0,0
16.988731,13.589000,120.000,14.554000,0.035000,119.321914,2691,43,0,23,88,176,0,0
16.991180,2.449000,120.000,14.554000,0.035000,119.322394,2691,43,0,23,88,176,0,0
17.005370,14.190000,120.000,14.554000,0.035000,119.322829,2691,43,0,23,88,176,0,0
17.008331,2.961000,120.000,14.554000,0.035000,119.323264,2691,43,0,23,88,176,0,0
17.021471,13.140000,120.000,14.554000,0.035000,119.323745,2691,43,0,23,88,176,0,0
17.024906,3.435000,120.000,14.554000,0.035000,119.324225,2691,43,0,23,88,176,0,0
17.038635,13.729000,120.000,14.554000,0.035000,119.324706,2691,43,0,23,88,176,0,0
17.042186,3.551000,120.000,14.554000,0.035000,119.325187,2691,43,0,23,88,176,0,0
17.055292,13.106000,120.000,14.554000,0.035000,119.325667,2691,43,0,23,88,176,0,0
17.057754,2.462000,120.000,14.554000,0.035000,119.326148,2691,43,0,23,88,176,0,0
17.072092,14.338000,120.000,14.554000,0.035000,119.326629,2691,43,0,23,88,176,0,0
17.076201,4.109000,120.000,14.554000,0.035000,119.327109,2691,43,0,23,88,176,0,0
17.088627,12.426000,120.000,14.554000,0.035000,119.327590,2691,43,0,23,88,176,0,0
17.090960,2.333000,120.000,14.554000,0.035000,119.328071,2691,43,0,23,88,176,0,0
17.105311,14.351000,120.000,14.554000,0.035000,119.328506,2691,43,0,23,88,176,0,0
17.107589,2.278000,120.000,14.554000,0.035000,119.328986,2691,43,0,23,88,176,0,0
17.121944,14.355000,120.000,14.554000,0.035000,119.329467,2691,43,0,23,88,176,0,0
17.123946,2.002000,120.000,14.554000,0.035000,119.329947,2691,43,0,23,88,176,0,0
17.138720,14.774000,120.000,14.554000,0.035000,119.330428,2691,43,0,23,88,176,0,0
17.141400,2.680000,120.000,14.554000,0.035000,119.330863,2691,43,0,23,88,176,0,0
17.155365,13.965000,120.000,14.554000,0.035000,119.331264,2691,43,0,23,88,176,0,0
17.157737,2.372000,120.000,14.554000,0.035000,119.331744,2691,43,0,23,88,176,0,0
17.171956,14.219000,120.000,14.554000,0.035000,119.332225,2691,43,0,23,88,176,0,0
17.174882,2.926000,120.000,14.554000,0.035000,119.332705,2691,43,0,23,88,176,0,0
17.188622,13.740000,120.000,14.554000,0.035000,119.333186,2691,43,0,23,88,176,0,0
17.192167,3.545000,120.000,14.554000,0.035000,119.333667,2691,43,0,23,88,176,0,0
17.205375,13.208000,120.000,14.554000,0.035000,119.334147,2691,43,0,23,88,176,0,0
17.208793,3.418000,120.000,14.554000,0.035000,119.334628,2691,43,0,23,88,176,0,0
17.221973,13.180000,120.000,14.554000,0.035000,119.335109,2691,43,0,23,88,176,0,0
17.225442,3.469000,120.000,14.554000,0.035000,119.335589,2691,43,0,23,88,176,0,0
17.238611,13.169000,120.000,14.554000,0.035000,119.336070,2691,43,0,23,88,176,0,0
17.242048,3.437000,120.000,14.554000,0.035000,119.336551,2691,43,0,23,88,176,0,0
17.255273,13.225000,120.000,14.554000,0.035000,119.337031,2691,43,0,23,88,176,0,0
17.258792,3.519000,120.000,14.554000,0.035000,119.337512,2691,43,0,23,88,176,0,0
17.271915,13.123000,120.000,14.554000,0.035000,119.337993,2691,43,0,23,88,176,0,0
17.275379,3.464000,120.000,14.554000,0.035000,119.338473,2691,43,0,23,88,176,0,0
17.288664,13.285000,120.000,14.554000,0.035000,119.338954,2691,43,0,23,88,176,0,0
17.292098,3.434000,120.000,14.554000,0.035000,119.339435,2691,43,0,23,88,176,0,0
17.305340,13.242000,120.000,14.554000,0.035000,119.339915,2691,43,0,23,88,176,0,0
17.308959,3.619000,120.000,14.554000,0.035000,119.340350,2691,43,0,23,88,176,0,0
17.321967,13.008000,120.000,14.554000,0.035000,119.340831,2691,43,0,23,88,176,0,0
17.325519,3.552000,120.000,14.554000,0.035000,119.341311,2691,43,0,23,88,176,0,0
17.338547,13.028000,120.000,14.554000,0.035000,119.341792,2691,43,0,23,88,176,0,0
17.342078,3.531000,120.000,14.554000,0.035000,119.342273,2691,43,0,23,88,176,0,0
17.354782,12.704000,120.000,14.554000,0.035000,119.342753,2691,43,0,23,88,176,0,0
17.358191,3.409000,120.000,14.554000,0.035000,119.343234,2691,43,0,23,88,176,0,0
17.371725,13.534000,120.000,14.554000,0.035000,119.343715,2691,43,0,23,88,176,0,0
17.375075,3.350000,120.000,14.554000,0.035000,119.344195,2691,43,0,23,88,176,0,0
17.388651,13.576000,120.000,14.554000,0.035000,119.344676,2691,43,0,23,88,176,0,0
17.392172,3.521000,120.000,14.554000,0.035000,119.345157,2691,43,0,23,88,176,0,0
17.405223,13.051000,120.000,14.554000,0.035000,119.345637,2691,43,0,23,88,176,0,0
17.408699,3.476000,120.000,14.698000,0.033000,119.346118,2691,43,0,23,88,176,0,0
17.422019,13.320000,120.000,14.698000,0.033000,119.346599,2691,43,0,23,88,176,0,0
17.425564,3.545000,120.000,14.698000,0.033000,119.347079,2691,43,0,23,88,176,0,0
17.438657,13.093000,120.000,14.698000,0.033000,119.347560,2691,43,0,23,88,176,0,0
17.442215,3.558000,120.000,14.698000,0.033000,119.348041,2691,43,0,23,88,176,0,0
17.455272,13.057000,120.000,14.698000,0.033000,119.348521,2691,43,0,23,88,176,0,0
17.458805,3.533000,120.000,14.698000,0.033000,119.349002,2691,43,0,23,88,176,0,0
17.471883,13.078000,120.000,14.698000,0.033000,119.349483,2691,43,0,23,88,176,0,0
17.475419,3.536000,120.000,14.698000,0.033000,119.349963,2691,43,0,23,88,176,0,0
17.488655,13.236000,120.000,14.698000,0.033000,119.350444,2691,43,0,23,88,176,0,0
17.492110,3.455000,120.000,14.698000,0.033000,119.350924,2691,43,0,23,88,176,0,0
17.505325,13.215000,120.000,14.698000,0.033000,119.351359,2691,43,0,23,88,176,0,0
17.508868,3.543000,120.000,14.698000,0.033000,119.351840,2691,43,0,23,88,176,0,0
17.521945,13.077000,120.000,14.698000,0.033000,119.352321,2691,43,0,23,88,176,0,0
17.525335,3.390000,120.000,14.698000,0.033000,119.352801,2691,43,0,23,88,176,0,0
17.538584,13.249000,120.000,14.698000,0.033000,119.353282,2691,43,0,23,88,176,0,0
17.542166,3.582000,120.000,14.698000,0.033000,119.353763,2691,43,0,23,88,176,0,0
17.555370,13.204000,120.000,14.698000,0.033000,119.354243,2691,43,0,23,88,176,0,0
17.558750,3.380000,120.000,14.698000,0.033000,119.354678,2691,43,0,23,88,176,0,0
17.571958,13.208000,120.000,14.698000,0.033000,119.355113,2691,43,0,23,88,176,0,0
17.575406,3.448000,120.000,14.698000,0.033000,119.355594,2691,43,0,23,88,176,0,0
17.588633,13.227000,120.000,14.698000,0.033000,119.356074,2691,43,0,23,88,176,0,0
17.592143,3.510000,120.000,14.698000,0.033000,119.356555,2691,43,0,23,88,176,0,0
17.605257,13.114000,120.000,14.698000,0.033000,119.357036,2691,43,0,23,88,176,0,0
17.608796,3.539000,120.000,14.698000,0.033000,119.357516,2691,43,0,23,88,176,0,0
17.622056,13.260000,120.000,14.698000,0.033000,119.357997,2691,43,0,23,88,176,0,0
17.625492,3.436000,120.000,14.698000,0.033000,119.358478,2691,43,0,23,88,176,0,0
17.638680,13.188000,120.000,14.698000,0.033000,119.358958,2691,43,0,23,88,176,0,0
17.642286,3.606000,120.000,14.698000,0.033000,119.359393,2691,43,0,23,88,176,0,0
17.655278,12.992000,120.000,14.698000,0.033000,119.359874,2691,43,0,23,88,176,0,0
17.658958,3.680000,120.000,14.698000,0.033000,119.360354,2691,43,0,23,88,176,0,0
17.672095,13.137000,120.000,14.698000,0.033000,119.360835,2691,43,0,23,88,176,0,0
17.675262,3.167000,120.000,14.698000,0.033000,119.361316,2691,43,0,23,88,176,0,0
17.688336,13.074000,120.000,14.698000,0.033000,119.361796,2691,43,0,23,88,176,0,0
17.691543,3.207000,120.000,14.698000,0.033000,119.362277,2691,43,0,23,88,176,0,0
17.704610,13.067000,120.000,14.698000,0.033000,119.362758,2691,43,0,23,88,176,0,0
17.707753,3.143000,120.000,14.698000,0.033000,119.363193,2691,43,0,23,88,176,0,0
17.721544,13.791000,120.000,14.698000,0.033000,119.363673,2691,43,0,23,88,176,0,0
17.725488,3.944000,120.000,14.698000,0.033000,119.364154,2691,43,0,23,88,176,0,0
17.738501,13.013000,120.000,14.698000,0.033000,119.364635,2691,43,0,23,88,176,0,0
17.743202,4.701000,120.000,14.698000,0.033000,119.365115,2691,43,0,23,88,176,0,0
17.754756,11.554000,120.000,14.698000,0.033000,119.365596,2691,43,0,23,88,176,0,0
17.757822,3.066000,120.000,14.698000,0.033000,119.366076,2691,43,0,23,88,176,0,0
17.771503,13.681000,120.000,14.698000,0.033000,119.366557,2691,43,0,23,88,176,0,0
17.774781,3.278000,120.000,14.698000,0.033000,119.367038,2691,43,0,23,88,176,0,0
17.788306,13.525000,120.000,14.698000,0.033000,119.367518,2691,43,0,23,88,176,0,0
17.791530,3.224000,120.000,14.698000,0.033000,119.367999,2691,43,0,23,88,176,0,0
17.805198,13.668000,120.000,14.698000,0.033000,119.368434,2691,43,0,23,88,176,0,0
17.808679,3.481000,120.000,14.698000,0.033000,119.368915,2691,43,0,23,88,176,0,0
17.821935,13.256000,120.000,14.698000,0.033000,119.369395,2691,43,0,23,88,176,0,0
17.824070,2.135000,120.000,14.698000,0.033000,119.369876,2691,43,0,23,88,176,0,0
17.838753,14.683000,120.000,14.698000,0.033000,119.370311,2691,43,0,23,88,176,0,0
17.842920,4.167000,120.000,14.698000,0.033000,119.370791,2691,43,0,23,88,176,0,0
17.855128,12.208000,120.000,14.698000,0.033000,119.371226,2691,43,0,23,88,176,0,0
17.857390,2.262000,120.000,14.698000,0.033000,119.371707,2691,43,0,23,88,176,0,0
17.871836,14.446000,120.000,14.698000,0.033000,119.372142,2691,43,0,23,88,176,0,0
17.874094,2.258000,120.000,14.698000,0.033000,119.372622,2691,43,0,23,88,176,0,0
17.888119,14.025000,120.000,14.698000,0.033000,119.373103,2691,43,0,23,88,176,0,0
17.891178,3.059000,120.000,14.698000,0.033000,119.373584,2691,43,0,23,88,176,0,0
17.905217,14.039000,120.000,14.698000,0.033000,119.374064,2691,43,0,23,88,176,0,0
17.907745,2.528000,120.000,14.698000,0.033000,119.374545,2691,43,0,23,88,176,0,0
17.922030,14.285000,120.000,14.698000,0.033000,119.375026,2691,43,0,23,88,176,0,0
17.924599,2.569000,120.000,14.698000,0.033000,119.375461,2691,43,0,23,88,176,0,0
17.938615,14.016000,120.000,14.698000,0.033000,119.375941,2691,43,0,23,88,176,0,0
17.941814,3.199000,120.000,14.698000,0.033000,119.376422,2691,43,0,23,88,176,0,0
17.955248,13.434000,120.000,14.698000,0.033000,119.376903,2691,43,0,23,88,176,0,0
17.958797,3.549000,120.000,14.698000,0.033000,119.377383,2691,43,0,23,88,176,0,0
17.971820,13.023000,120.000,14.698000,0.033000,119.377864,2691,43,0,23,88,176,0,0
17.975220,3.400000,120.000,14.698000,0.033000,119.378299,2691,43,0,23,88,176,0,0
17.988874,13.654000,120.000,14.698000,0.033000,119.378734,2691,43,0,23,88,176,0,0
17.992963,4.089000,120.000,14.698000,0.033000,119.379214,2691,43,0,23,88,176,0,0
18.005267,12.304000,120.000,14.698000,0.033000,119.379695,2691,43,0,23,88,176,0,0
18.007830,2.563000,120.000,14.698000,0.033000,119.380176,2691,43,0,23,88,176,0,0
18.021895,14.065000,120.000,14.698000,0.033000,119.380610,2691,43,0,23,88,176,0,0
18.024664,2.769000,120.000,14.698000,0.033000,119.381091,2691,43,0,23,88,176,0,0
18.038660,13.996000,120.000,14.698000,0.033000,119.381572,2691,43,0,23,88,176,0,0
18.041307,2.647000,120.000,14.698000,0.033000,119.382007,2691,43,0,23,88,176,0,0
18.055315,14.008000,120.000,14.698000,0.033000,119.382487,2691,43,0,23,88,176,0,0
18.058255,2.940000,120.000,14.698000,0.033000,119.382968,2691,43,0,23,88,176,0,0
18.071938,13.683000,120.000,14.698000,0.033000,119.383449,2691,43,0,23,88,176,0,0
18.075278,3.340000,120.000,14.698000,0.033000,119.383929,2691,43,0,23,88,176,0,0
18.088590,13.312000,120.000,14.698000,0.033000,119.384410,2691,43,0,23,88,176,0,0
18.092129,3.539000,120.000,14.698000,0.033000,119.384845,2691,43,0,23,88,176,0,0
18.105384,13.255000,120.000,14.698000,0.033000,119.385325,2691,43,0,23,88,176,0,0
18.108843,3.459000,120.000,14.698000,0.033000,119.385806,2691,43,0,23,88,176,0,0
18.121986,13.143000,120.000,14.698000,0.033000,119.386287,2691,43,0,23,88,176,0,0
18.125517,3.531000,120.000,14.698000,0.033000,119.386767,2691,43,0,23,88,176,0,0
18.138622,13.105000,120.000,14.698000,0.033000,119.387248,2691,43,0,23,88,176,0,0
18.142129,3.507000,120.000,14.698000,0.033000,119.387729,2691,43,0,23,88,176,0,0
18.155246,13.117000,120.000,14.698000,0.033000,119.388209,2691,43,0,23,88,176,0,0
18.158774,3.528000,120.000,14.698000,0.033000,119.388690,2691,43,0,23,88,176,0,0
18.172033,13.259000,120.000,14.698000,0.033000,119.389171,2691,43,0,23,88,176,0,0
18.175537,3.504000,120.000,14.698000,0.033000,119.389651,2691,43,0,23,88,176,0,0
18.188683,13.146000,120.000,14.698000,0.033000,119.390132,2691,43,0,23,88,176,0,0
18.192241,3.558000,120.000,14.698000,0.033000,119.390613,2691,43,0,23,88,176,0,0
18.205287,13.046000,120.000,14.698000,0.033000,119.391093,2691,43,0,23,88,176,0,0
18.208687,3.400000,120.000,14.698000,0.033000,119.391574,2691,43,0,23,88,176,0,0
18.221933,13.246000,120.000,14.698000,0.033000,119.392055,2691,43,0,23,88,176,0,0
18.225492,3.559000,120.000,14.698000,0.033000,119.392535,2691,43,0,23,88,176,0,0
18.238590,13.098000,120.000,14.698000,0.033000,119.393016,2691,43,0,23,88,176,0,0
18.242119,3.529000,120.000,14.698000,0.033000,119.393451,2691,43,0,23,88,176,0,0
18.255335,13.216000,120.000,14.698000,0.033000,119.393931,2691,43,0,23,88,176,0,0
18.258895,3.560000,120.000,14.698000,0.033000,119.394412,2691,43,0,23,88,176,0,0
18.271925,13.030000,120.000,14.698000,0.033000,119.394893,2691,43,0,23,88,176,0,0
18.275344,3.419000,120.000,14.698000,0.033000,119.395373,2691,43,0,23,88,176,0,0
18.288602,13.258000,120.000,14.698000,0.033000,119.395854,2691,43,0,23,88,176,0,0
18.292006,3.404000,120.000,14.698000,0.033000,119.396335,2691,43,0,23,88,176,0,0
18.305172,13.166000,120.000,14.698000,0.033000,119.396815,2691,43,0,23,88,176,0,0
18.308591,3.419000,120.000,14.698000,0.033000,119.397296,2691,43,0,23,88,176,0,0
18.322027,13.436000,120.000,14.698000,0.033000,119.397777,2691,43,0,23,88,176,0,0
18.325516,3.489000,120.000,14.698000,0.033000,119.398257,2691,43,0,23,88,176,0,0
18.338634,13.118000,120.000,14.698000,0.033000,119.398738,2691,43,0,23,88,176,0,0
18.341672,3.038000,120.000,14.698000,0.033000,119.399219,2691,43,0,23,88,176,0,0
18.355263,13.591000,120.000,14.698000,0.033000,119.399699,2691,43,0,23,88,176,0,0
18.358253,2.990000,120.000,14.698000,0.033000,119.400180,2691,43,0,23,88,176,0,0
18.371933,13.680000,120.000,14.698000,0.033000,119.400661,2691,43,0,23,88,176,0,0
18.375004,3.071000,120.000,14.698000,0.033000,119.401141,2691,43,0,23,88,176,0,0
18.388633,13.629000,120.000,14.698000,0.033000,119.401622,2691,43,0,23,88,176,0,0
18.391906,3.273000,120.000,14.698000,0.033000,119.402102,2691,43,0,23,88,176,0,0
18.405282,13.376000,120.000,14.698000,0.033000,119.402583,2691,43,0,23,88,176,0,0
18.408886,3.604000,120.000,14.604000,0.035000,119.403064,2691,43,0,23,88,176,0,0
18.421934,13.048000,120.000,14.604000,0.035000,119.403544,2691,43,0,23,88,176,0,0
18.425478,3.544000,120.000,14.604000,0.035000,119.404025,2691,43,0,23,88,176,0,0
18.438751,13.273000,120.000,14.604000,0.035000,119.404506,2691,43,0,23,88,176,0,0
18.442366,3.615000,120.000,14.604000,0.035000,119.404986,2691,43,0,23,88,176,0,0
18.455370,13.004000,120.000,14.604000,0.035000,119.405467,2691,43,0,23,88,176,0,0
18.458430,3.060000,120.000,14.604000,0.035000,119.405902,2691,43,0,23,88,176,0,0
18.471976,13.546000,120.000,14.604000,0.035000,119.406337,2691,43,0,23,88,176,0,0
18.475308,3.332000,120.000,14.604000,0.035000,119.406817,2691,43,0,23,88,176,0,0
18.488605,13.297000,120.000,14.604000,0.035000,119.407298,2691,43,0,23,88,176,0,0
18.492118,3.513000,120.000,14.604000,0.035000,119.407779,2691,43,0,23,88,176,0,0
18.505427,13.309000,120.000,14.604000,0.035000,119.408259,2691,43,0,23,88,176,0,0
18.508978,3.551000,120.000,14.604000,0.035000,119.408740,2691,43,0,23,88,176,0,0
18.522311,13.333000,120.000,14.604000,0.035000,119.409221,2691,43,0,23,88,176,0,0
18.525788,3.477000,120.000,14.604000,0.035000,119.409701,2691,43,0,23,88,176,0,0
18.537989,12.201000,120.000,14.604000,0.035000,119.410182,2691,43,0,23,88,176,0,0
18.541397,3.408000,120.000,14.604000,0.035000,119.410663,2691,43,0,23,88,176,0,0
18.555246,13.849000,120.000,14.604000,0.035000,119.411143,2691,43,0,23,88,176,0,0
18.558724,3.478000,120.000,14.604000,0.035000,119.411624,2691,43,0,23,88,176,0,0
18.571926,13.202000,120.000,14.604000,0.035000,119.412105,2691,43,0,23,88,176,0,0
18.575452,3.526000,120.000,14.604000,0.035000,119.412585,2691,43,0,23,88,176,0,0
18.588534,13.082000,120.000,14.604000,0.035000,119.413066,2691,43,0,23,88,176,0,0
18.592057,3.523000,120.000,14.604000,0.035000,119.413547,2691,43,0,23,88,176,0,0
18.605294,13.237000,120.000,14.604000,0.035000,119.414027,2691,43,0,23,88,176,0,0
18.608713,3.419000,120.000,14.604000,0.035000,119.414508,2691,43,0,23,88,176,0,0
18.621902,13.189000,120.000,14.604000,0.035000,119.414989,2691,43,0,23,88,176,0,0
18.625328,3.426000,120.000,14.604000,0.035000,119.415469,2691,43,0,23,88,176,0,0
18.638601,13.273000,120.000,14.604000,0.035000,119.415950,2691,43,0,23,88,176,0,0
18.642093,3.492000,120.000,14.604000,0.035000,119.416430,2691,43,0,23,88,176,0,0
18.655347,13.254000,120.000,14.604000,0.035000,119.416911,2691,43,0,23,88,176,0,0
18.658793,3.446000,120.000,14.604000,0.035000,119.417392,2691,43,0,23,88,176,0,0
18.672125,13.332000,120.000,14.604000,0.035000,119.417872,2691,43,0,23,88,176,0,0
18.675739,3.614000,120.000,14.604000,0.035000,119.418353,2691,43,0,23,88,176,0,0
18.688650,12.911000,120.000,14.604000,0.035000,119.418834,2691,43,0,23,88,176,0,0
18.691912,3.262000,120.000,14.604000,0.035000,119.419269,2691,43,0,23,88,176,0,0
18.705423,13.511000,120.000,14.604000,0.035000,119.419749,2691,43,0,23,88,176,0,0
18.708125,2.702000,120.000,14.604000,0.035000,119.420230,2691,43,0,23,88,176,0,0
18.721367,13.242000,120.000,14.604000,0.035000,119.420711,2691,43,0,23,88,176,0,0
18.724413,3.046000,120.000,14.604000,0.035000,119.421191,2691,43,0,23,88,176,0,0
18.738323,13.910000,120.000,14.604000,0.035000,119.421672,2691,43,0,23,88,176,0,0
18.740992,2.669000,120.000,14.604000,0.035000,119.422153,2691,43,0,23,88,176,0,0
18.755003,14.011000,120.000,14.604000,0.035000,119.422633,2691,43,0,23,88,176,0,0
18.757828,2.825000,120.000,14.604000,0.035000,119.423114,2691,43,0,23,88,176,0,0
18.771779,13.951000,120.000,14.604000,0.035000,119.423594,2691,43,0,23,88,176,0,0
18.774988,3.209000,120.000,14.604000,0.035000,119.424075,2691,43,0,23,88,176,0,0
18.788544,13.556000,120.000,14.604000,0.035000,119.424556,2691,43,0,23,88,176,0,0
18.792094,3.550000,120.000,14.604000,0.035000,119.425036,2691,43,0,23,88,176,0,0
18.805330,13.236000,120.000,14.604000,0.035000,119.425517,2691,43,0,23,88,176,0,0
18.808790,3.460000,120.000,14.604000,0.035000,119.425952,2691,43,0,23,88,176,0,0
18.821923,13.133000,120.000,14.604000,0.035000,119.426387,2691,43,0,23,88,176,0,0
18.825401,3.478000,120.000,14.604000,0.035000,119.426867,2691,43,0,23,88,176,0,0
18.838609,13.208000,120.000,14.604000,0.035000,119.427348,2691,43,0,23,88,176,0,0
18.842137,3.528000,120.000,14.604000,0.035000,119.427829,2691,43,0,23,88,176,0,0
18.855239,13.102000,120.000,14.604000,0.035000,119.428309,2691,43,0,23,88,176,0,0
18.858776,3.537000,120.000,14.604000,0.035000,119.428790,2691,43,0,23,88,176,0,0
18.871991,13.215000,120.000,14.604000,0.035000,119.429271,2691,43,0,23,88,176,0,0
18.875539,3.548000,120.000,14.604000,0.035000,119.429751,2691,43,0,23,88,176,0,0
18.888617,13.078000,120.000,14.604000,0.035000,119.430232,2691,43,0,23,88,176,0,0
18.892028,3.411000,120.000,14.604000,0.035000,119.430713,2691,43,0,23,88,176,0,0
18.905214,13.186000,120.000,14.604000,0.035000,119.431193,2691,43,0,23,88,176,0,0
18.908604,3.390000,120.000,14.604000,0.035000,119.431674,2691,43,0,23,88,176,0,0
18.921904,13.300000,120.000,14.604000,0.035000,119.432155,2691,43,0,23,88,176,0,0
18.925444,3.540000,120.000,14.604000,0.035000,119.432635,2691,43,0,23,88,176,0,0
18.938669,13.225000,120.000,14.604000,0.035000,119.433116,2691,43,0,23,88,176,0,0
18.942103,3.434000,120.000,14.604000,0.035000,119.433597,2691,43,0,23,88,176,0,0
18.955136,13.033000,120.000,14.604000,0.035000,119.434077,2691,43,0,23,88,176,0,0
18.958300,3.164000,120.000,14.604000,0.035000,119.434558,2691,43,0,23,88,176,0,0
18.971902,13.602000,120.000,14.604000,0.035000,119.434958,2691,43,0,23,88,176,0,0
18.974996,3.094000,120.000,14.604000,0.035000,119.435439,2691,43,0,23,88,176,0,0
18.988597,13.601000,120.000,14.604000,0.035000,119.435920,2691,43,0,23,88,176,0,0
18.991734,3.137000,120.000,14.604000,0.035000,119.436400,2691,43,0,23,88,176,0,0
19.005217,13.483000,120.000,14.604000,0.035000,119.436881,2691,43,0,23,88,176,0,0
19.008617,3.400000,120.000,14.604000,0.035000,119.437362,2691,43,0,23,88,176,0,0
19.021806,13.189000,120.000,14.604000,0.035000,119.437842,2691,43,0,23,88,176,0,0
19.025268,3.462000,120.000,14.604000,0.035000,119.438323,2691,43,0,23,88,176,0,0
19.038647,13.379000,120.000,14.604000,0.035000,119.438804,2691,43,0,23,88,176,0,0
19.042194,3.547000,120.000,14.604000,0.035000,119.439284,2691,43,0,23,88,176,0,0
19.055217,13.023000,120.000,14.604000,0.035000,119.439765,2691,43,0,23,88,176,0,0
19.058642,3.425000,120.000,14.604000,0.035000,119.440246,2691,43,0,23,88,176,0,0
19.071861,13.219000,120.000,14.604000,0.035000,119.440726,2691,43,0,23,88,176,0,0
19.075335,3.474000,120.000,14.604000,0.035000,119.441207,2691,43,0,23,88,176,0,0
19.088634,13.299000,120.000,14.604000,0.035000,119.441688,2691,43,0,23,88,176,0,0
19.092049,3.415000,120.000,14.604000,0.035000,119.442168,2691,43,0,23,88,176,0,0
19.105244,13.195000,120.000,14.604000,0.035000,119.442649,2691,43,0,23,88,176,0,0
19.108666,3.422000,120.000,14.604000,0.035000,119.443130,2691,43,0,23,88,176,0,0
19.121909,13.243000,120.000,14.604000,0.035000,119.444434,2691,43,0,23,88,176,0,0
19.125378,3.469000,120.000,14.604000,0.035000,119.444915,2691,43,0,23,88,176,0,0
19.138509,13.131000,120.000,14.604000,0.035000,119.445395,2691,43,0,23,88,176,0,0
19.142034,3.525000,120.000,14.604000,0.035000,119.445876,2691,43,0,23,88,176,0,0
19.155284,13.250000,120.000,14.604000,0.035000,119.446357,2691,43,0,23,88,176,0,0
19.158680,3.396000,120.000,14.604000,0.035000,119.446837,2691,43,0,23,88,176,0,0
19.171914,13.234000,120.000,14.604000,0.035000,119.447272,2691,43,0,23,88,176,0,0
19.175361,3.447000,120.000,14.604000,0.035000,119.447753,2691,43,0,23,88,176,0,0
19.188542,13.181000,120.000,14.604000,0.035000,119.448234,2691,43,0,23,88,176,0,0
19.191961,3.419000,120.000,14.604000,0.035000,119.448714,2691,43,0,23,88,176,0,0
19.205183,13.222000,120.000,14.604000,0.035000,119.449195,2691,43,0,23,88,176,0,0
19.208666,3.483000,120.000,14.604000,0.035000,119.449676,2691,43,0,23,88,176,0,0
19.221980,13.314000,120.000,14.604000,0.035000,119.450156,2691,43,0,23,88,176,0,0
19.225445,3.465000,120.000,14.604000,0.035000,119.450591,2691,43,0,23,88,176,0,0
19.238433,12.988000,120.000,14.604000,0.035000,119.451072,2691,43,0,23,88,176,0,0
19.241960,3.527000,120.000,14.604000,0.035000,119.451552,2691,43,0,23,88,176,0,0
19.254713,12.753000,120.000,14.604000,0.035000,119.451987,2691,43,0,23,88,176,0,0
19.258152,3.439000,120.000,14.604000,0.035000,119.452468,2691,43,0,23,88,176,0,0
19.271906,13.754000,120.000,14.604000,0.035000,119.452949,2691,43,0,23,88,176,0,0
19.275462,3.556000,120.000,14.604000,0.035000,119.453429,2691,43,0,23,88,176,0,0
19.288654,13.192000,120.000,14.604000,0.035000,119.453910,2691,43,0,23,88,176,0,0
19.292064,3.410000,120.000,14.604000,0.035000,119.454391,2691,43,0,23,88,176,0,0
19.305304,13.240000,120.000,14.604000,0.035000,119.454871,2691,43,0,23,88,176,0,0
19.308599,3.295000,120.000,14.604000,0.035000,119.455352,2691,43,0,23,88,176,0,0
19.321892,13.293000,120.000,14.604000,0.035000,119.455832,2691,43,0,23,88,176,0,0
19.325227,3.335000,120.000,14.604000,0.035000,119.456313,2691,43,0,23,88,176,0,0
19.338570,13.343000,120.000,14.604000,0.035000,119.456794,2691,43,0,23,88,176,0,0
19.342054,3.484000,120.000,14.604000,0.035000,119.457229,2691,43,0,23,88,176,0,0
19.355316,13.262000,120.000,14.604000,0.035000,119.457709,2691,43,0,23,88,176,0,0
19.358738,3.422000,120.000,14.604000,0.035000,119.458190,2691,43,0,23,88,176,0,0
19.371953,13.215000,120.000,14.604000,0.035000,119.458671,2691,43,0,23,88,176,0,0
19.375421,3.468000,120.000,14.604000,0.035000,119.459151,2691,43,0,23,88,176,0,0
19.388589,13.168000,120.000,14.604000,0.035000,119.459632,2691,43,0,23,88,176,0,0
19.392085,3.496000,120.000,14.604000,0.035000,119.460113,2691,43,0,23,88,176,0,0
19.405252,13.167000,120.000,14.604000,0.035000,119.460593,2691,43,0,23,88,176,0,0
19.408773,3.521000,120.000,13.956000,0.037000,119.461074,2691,43,0,23,88,176,0,0
19.421975,13.202000,120.000,13.956000,0.037000,119.461555,2691,43,0,23,88,176,0,0
19.425463,3.488000,120.000,13.956000,0.037000,119.462035,2691,43,0,23,88,176,0,0
19.438619,13.156000,120.000,13.956000,0.037000,119.462516,2691,43,0,23,88,176,0,0
19.442051,3.432000,120.000,13.956000,0.037000,119.462996,2691,43,0,23,88,176,0,0
19.454727,12.676000,120.000,13.956000,0.037000,119.463477,2691,43,0,23,88,176,0,0
19.458150,3.423000,120.000,13.956000,0.037000,119.463958,2691,43,0,23,88,176,0,0
19.471901,13.751000,120.000,13.956000,0.037000,119.464393,2691,43,0,23,88,176,0,0
19.475424,3.523000,120.000,13.956000,0.037000,119.464873,2691,43,0,23,88,176,0,0
19.488672,13.248000,120.000,13.956000,0.037000,119.465354,2691,43,0,23,88,176,0,0
19.492210,3.538000,120.000,13.956000,0.037000,119.465835,2691,43,0,23,88,176,0,0
19.505292,13.082000,120.000,13.956000,0.037000,119.466269,2691,43,0,23,88,176,0,0
19.508718,3.426000,120.000,13.956000,0.037000,119.466750,2691,43,0,23,88,176,0,0
19.521953,13.235000,120.000,13.956000,0.037000,119.467231,2691,43,0,23,88,176,0,0
19.525343,3.390000,120.000,13.956000,0.037000,119.467711,2691,43,0,23,88,176,0,0
19.538735,13.392000,120.000,13.956000,0.037000,119.468192,2691,43,0,23,88,176,0,0
19.542158,3.423000,120.000,13.956000,0.037000,119.468673,2691,43,0,23,88,176,0,0
19.555009,12.851000,120.000,13.956000,0.037000,119.469153,2691,43,0,23,88,176,0,0
19.558283,3.274000,120.000,13.956000,0.037000,119.469634,2691,43,0,23,88,176,0,0
19.571501,13.218000,120.000,13.956000,0.037000,119.470115,2691,43,0,23,88,176,0,0
19.574581,3.080000,120.000,13.956000,0.037000,119.470595,2691,43,0,23,88,176,0,0
19.588047,13.466000,120.000,13.956000,0.037000,119.471076,2691,43,0,23,88,176,0,0
19.591039,2.992000,120.000,13.956000,0.037000,119.471557,2691,43,0,23,88,176,0,0
19.604733,13.694000,120.000,13.956000,0.037000,119.472037,2691,43,0,23,88,176,0,0
19.607784,3.051000,120.000,13.956000,0.037000,119.472518,2691,43,0,23,88,176,0,0
19.621417,13.633000,120.000,13.956000,0.037000,119.472999,2691,43,0,23,88,176,0,0
19.625023,3.606000,120.000,13.956000,0.037000,119.473479,2691,43,0,23,88,176,0,0
19.638185,13.162000,120.000,13.956000,0.037000,119.473960,2691,43,0,23,88,176,0,0
19.641241,3.056000,120.000,13.956000,0.037000,119.474441,2691,43,0,23,88,176,0,0
19.654703,13.462000,120.000,13.956000,0.037000,119.474921,2691,43,0,23,88,176,0,0
19.657776,3.073000,120.000,13.956000,0.037000,119.475402,2691,43,0,23,88,176,0,0
19.671064,13.288000,120.000,13.956000,0.037000,119.475883,2691,43,0,23,88,176,0,0
19.674032,2.968000,120.000,13.956000,0.037000,119.476363,2691,43,0,23,88,176,0,0
19.688053,14.021000,120.000,13.956000,0.037000,119.476844,2691,43,0,23,88,176,0,0
19.691954,3.901000,120.000,13.956000,0.037000,119.477324,2691,43,0,23,88,176,0,0
19.704788,12.834000,120.000,13.956000,0.037000,119.477805,2691,43,0,23,88,176,0,0
19.708105,3.317000,120.000,13.956000,0.037000,119.478286,2691,43,0,23,88,176,0,0
19.722008,13.903000,120.000,13.956000,0.037000,119.478766,2691,43,0,23,88,176,0,0
19.725908,3.900000,120.000,13.956000,0.037000,119.479247,2691,43,0,23,88,176,0,0
19.738571,12.663000,120.000,13.956000,0.037000,119.479728,2691,43,0,23,88,176,0,0
19.743033,4.462000,120.000,13.956000,0.037000,119.480208,2691,43,0,23,88,176,0,0
19.754941,11.908000,120.000,13.956000,0.037000,119.480689,2691,43,0,23,88,176,0,0
19.757454,2.513000,120.000,13.956000,0.037000,119.481170,2691,43,0,23,88,176,0,0
19.771673,14.219000,120.000,13.956000,0.037000,119.481650,2691,43,0,23,88,176,0,0
19.773736,2.063000,120.000,13.956000,0.037000,119.482131,2691,43,0,23,88,176,0,0
19.788510,14.774000,120.000,13.956000,0.037000,119.482612,2691,43,0,23,88,176,0,0
19.790844,2.334000,120.000,13.956000,0.037000,119.483047,2691,43,0,23,88,176,0,0
19.804564,13.720000,120.000,13.956000,0.037000,119.483527,2691,43,0,23,88,176,0,0
19.807096,2.532000,120.000,13.956000,0.037000,119.484008,2691,43,0,23,88,176,0,0
19.822057,14.961000,120.000,13.956000,0.037000,119.484488,2691,43,0,23,88,176,0,0
19.825245,3.188000,120.000,13.956000,0.037000,119.484969,2691,43,0,23,88,176,0,0
19.838639,13.394000,120.000,13.956000,0.037000,119.485450,2691,43,0,23,88,176,0,0
19.842015,3.376000,120.000,13.956000,0.037000,119.485930,2691,43,0,23,88,176,0,0
19.855288,13.273000,120.000,13.956000,0.037000,119.486411,2691,43,0,23,88,176,0,0
19.858615,3.327000,120.000,13.956000,0.037000,119.486892,2691,43,0,23,88,176,0,0
19.871907,13.292000,120.000,13.956000,0.037000,119.487372,2691,43,0,23,88,176,0,0
19.875306,3.399000,120.000,13.956000,0.037000,119.487853,2691,43,0,23,88,176,0,0
19.888551,13.245000,120.000,13.956000,0.037000,119.488334,2691,43,0,23,88,176,0,0
19.891893,3.342000,120.000,13.956000,0.037000,119.488814,2691,43,0,23,88,176,0,0
19.905311,13.418000,120.000,13.956000,0.037000,119.489295,2691,43,0,23,88,176,0,0
19.908684,3.373000,120.000,13.956000,0.037000,119.489776,2691,43,0,23,88,176,0,0
19.921944,13.260000,120.000,13.956000,0.037000,119.490256,2691,43,0,23,88,176,0,0
19.925358,3.414000,120.000,13.956000,0.037000,119.490737,2691,43,0,23,88,176,0,0
19.938560,13.202000,120.000,13.956000,0.037000,119.491218,2691,43,0,23,88,176,0,0
19.941938,3.378000,120.000,13.956000,0.037000,119.491652,2691,43,0,23,88,176,0,0
19.955195,13.257000,120.000,13.956000,0.037000,119.492133,2691,43,0,23,88,176,0,0
19.958699,3.504000,120.000,13.956000,0.037000,119.492614,2691,43,0,23,88,176,0,0
19.971951,13.252000,120.000,13.956000,0.037000,119.493094,2691,43,0,23,88,176,0,0
19.975064,3.113000,120.000,13.956000,0.037000,119.493575,2691,43,0,23,88,176,0,0
19.988159,13.095000,120.000,13.956000,0.037000,119.494056,2691,43,0,23,88,176,0,0
19.991380,3.221000,120.000,13.956000,0.037000,119.494536,2691,43,0,23,88,176,0,0
20.004713,13.333000,120.000,13.956000,0.037000,119.504119,2691,43,0,23,88,176,0,0
20.007992,3.279000,120.000,13.956000,0.037000,119.861358,2691,43,0,23,88,176,0,0
20.021504,13.512000,120.000,13.956000,0.037000,119.861838,2691,43,0,23,88,176,0,0
20.024689,3.185000,120.000,13.956000,0.037000,119.862319,2691,43,0,23,88,176,0,0
20.038248,13.559000,120.000,13.956000,0.037000,119.862800,2691,43,0,23,88,176,0,0
20.041451,3.203000,120.000,13.956000,0.037000,119.863280,2691,43,0,23,88,176,0,0
20.054856,13.405000,120.000,13.956000,0.037000,119.863761,2691,43,0,23,88,176,0,0
20.058122,3.266000,120.000,13.956000,0.037000,119.864242,2691,43,0,23,88,176,0,0
20.071559,13.437000,120.000,13.956000,0.037000,119.864722,2691,43,0,23,88,176,0,0
20.074856,3.297000,120.000,13.956000,0.037000,119.865203,2691,43,0,23,88,176,0,0
20.088041,13.185000,120.000,13.956000,0.037000,119.865684,2691,43,0,23,88,176,0,0
20.091372,3.331000,120.000,13.956000,0.037000,119.866164,2691,43,0,23,88,176,0,0
20.105362,13.990000,120.000,13.956000,0.037000,119.866645,2691,43,0,23,88,176,0,0
20.108710,3.348000,120.000,13.956000,0.037000,119.867126,2691,43,0,23,88,176,0,0
20.122010,13.300000,120.000,13.956000,0.037000,119.867560,2691,43,0,23,88,176,0,0
20.123961,1.951000,120.000,13.956000,0.037000,119.867995,2691,43,0,23,88,176,0,0
20.138593,14.632000,120.000,13.956000,0.037000,119.868476,2691,43,0,23,88,176,0,0
20.140584,1.991000,120.000,13.956000,0.037000,119.868957,2691,43,0,23,88,176,0,0
20.155225,14.641000,120.000,13.956000,0.037000,119.869437,2691,43,0,23,88,176,0,0
20.157655,2.430000,120.000,13.956000,0.037000,119.869918,2691,43,0,23,88,176,0,0
20.172045,14.390000,120.000,13.956000,0.037000,119.870399,2691,43,0,23,88,176,0,0
20.174134,2.089000,120.000,13.956000,0.037000,119.870879,2691,43,0,23,88,176,0,0
20.188648,14.514000,120.000,13.956000,0.037000,119.871360,2691,43,0,23,88,176,0,0
20.190848,2.200000,120.000,13.956000,0.037000,119.871840,2691,43,0,23,88,176,0,0
20.205295,14.447000,120.000,13.956000,0.037000,119.872321,2691,43,0,23,88,176,0,0
20.207539,2.244000,120.000,13.956000,0.037000,119.872802,2691,43,0,23,88,176,0,0
20.222077,14.538000,120.000,13.956000,0.037000,119.873282,2691,43,0,23,88,176,0,0
20.226385,4.308000,120.000,13.956000,0.037000,119.873763,2691,43,0,23,88,176,0,0
20.238520,12.135000,120.000,13.956000,0.037000,119.874244,2691,43,0,23,88,176,0,0
20.241249,2.729000,120.000,13.956000,0.037000,119.874679,2691,43,0,23,88,176,0,0
20.255294,14.045000,120.000,13.956000,0.037000,119.875159,2691,43,0,23,88,176,0,0
20.258731,3.437000,120.000,13.956000,0.037000,119.875640,2691,43,0,23,88,176,0,0
20.271952,13.221000,120.000,13.956000,0.037000,119.876121,2691,43,0,23,88,176,0,0
20.275462,3.510000,120.000,13.956000,0.037000,119.876601,2691,43,0,23,88,176,0,0
20.288528,13.066000,120.000,13.956000,0.037000,119.877082,2691,43,0,23,88,176,0,0
20.291902,3.374000,120.000,13.956000,0.037000,119.877563,2691,43,0,23,88,176,0,0
20.305204,13.302000,120.000,13.956000,0.037000,119.878043,2691,43,0,23,88,176,0,0
20.308722,3.518000,120.000,13.956000,0.037000,119.878524,2691,43,0,23,88,176,0,0
20.321960,13.238000,120.000,13.956000,0.037000,119.879004,2691,43,0,23,88,176,0,0
20.325344,3.384000,120.000,13.956000,0.037000,119.879439,2691,43,0,23,88,176,0,0
20.338442,13.098000,120.000,13.956000,0.037000,119.879920,2691,43,0,23,88,176,0,0
20.341951,3.509000,120.000,13.956000,0.037000,119.880401,2691,43,0,23,88,176,0,0
20.355255,13.304000,120.000,13.956000,0.037000,119.880881,2691,43,0,23,88,176,0,0
20.358637,3.382000,120.000,13.956000,0.037000,119.881362,2691,43,0,23,88,176,0,0
20.371610,12.973000,120.000,13.956000,0.037000,119.881843,2691,43,0,23,88,176,0,0
20.375179,3.569000,120.000,13.956000,0.037000,119.882277,2691,43,0,23,88,176,0,0
20.388658,13.479000,120.000,13.956000,0.037000,119.882758,2691,43,0,23,88,176,0,0
20.392178,3.520000,120.000,13.956000,0.037000,119.883239,2691,43,0,23,88,176,0,0
20.405246,13.068000,120.000,13.956000,0.037000,119.883719,2691,43,0,23,88,176,0,0
20.408658,3.412000,120.000,14.861000,0.039000,119.884200,2691,43,0,23,88,176,0,0
20.421914,13.256000,120.000,14.861000,0.039000,119.884681,2691,43,0,23,88,176,0,0
20.425310,3.396000,120.000,14.861000,0.039000,119.885161,2691,43,0,23,88,176,0,0
20.438527,13.217000,120.000,14.861000,0.039000,119.885596,2691,43,0,23,88,176,0,0
20.442024,3.497000,120.000,14.861000,0.039000,119.886077,2691,43,0,23,88,176,0,0
20.455338,13.314000,120.000,14.861000,0.039000,119.886558,2691,43,0,23,88,176,0,0
20.458790,3.452000,120.000,14.861000,0.039000,119.887038,2691,43,0,23,88,176,0,0
20.471953,13.163000,120.000,14.861000,0.039000,119.887473,2691,43,0,23,88,176,0,0
20.475366,3.413000,120.000,14.861000,0.039000,119.887954,2691,43,0,23,88,176,0,0
20.488558,13.192000,120.000,14.861000,0.039000,119.888434,2691,43,0,23,88,176,0,0
20.491927,3.369000,120.000,14.861000,0.039000,119.888915,2691,43,0,23,88,176,0,0
20.505177,13.250000,120.000,14.861000,0.039000,119.889396,2691,43,0,23,88,176,0,0
20.508684,3.507000,120.000,14.861000,0.039000,119.889876,2691,43,0,23,88,176,0,0
20.521836,13.152000,120.000,14.861000,0.039000,119.890357,2691,43,0,23,88,176,0,0
20.525310,3.474000,120.000,14.861000,0.039000,119.890838,2691,43,0,23,88,176,0,0
20.538605,13.295000,120.000,14.861000,0.039000,119.891273,2691,43,0,23,88,176,0,0
20.542044,3.439000,120.000,14.861000,0.039000,119.891753,2691,43,0,23,88,176,0,0
20.555254,13.210000,120.000,14.861000,0.039000,119.892234,2691,43,0,23,88,176,0,0
20.558651,3.397000,120.000,14.861000,0.039000,119.892715,2691,43,0,23,88,176,0,0
20.572071,13.420000,120.000,14.861000,0.039000,119.893195,2691,43,0,23,88,176,0,0
20.576194,4.123000,120.000,14.861000,0.039000,119.893676,2691,43,0,23,88,176,0,0
20.588483,12.289000,120.000,14.861000,0.039000,119.894156,2691,43,0,23,88,176,0,0
20.591848,3.365000,120.000,14.861000,0.039000,119.894637,2691,43,0,23,88,176,0,0
20.605299,13.451000,120.000,14.861000,0.039000,119.895118,2691,43,0,23,88,176,0,0
20.608705,3.406000,120.000,14.861000,0.039000,119.895598,2691,43,0,23,88,176,0,0
20.621667,12.962000,120.000,14.861000,0.039000,119.896079,2691,43,0,23,88,176,0,0
20.624929,3.262000,120.000,14.861000,0.039000,119.896560,2691,43,0,23,88,176,0,0
20.638241,13.312000,120.000,14.861000,0.039000,119.897040,2691,43,0,23,88,176,0,0
20.641338,3.097000,120.000,14.861000,0.039000,119.897521,2691,43,0,23,88,176,0,0
20.654967,13.629000,120.000,14.861000,0.039000,119.898002,2691,43,0,23,88,176,0,0
20.658297,3.330000,120.000,14.861000,0.039000,119.898482,2691,43,0,23,88,176,0,0
20.671602,13.305000,120.000,14.861000,0.039000,119.898963,2691,43,0,23,88,176,0,0
20.674849,3.247000,120.000,14.861000,0.039000,119.899444,2691,43,0,23,88,176,0,0
20.688399,13.550000,120.000,14.861000,0.039000,119.899924,2691,43,0,23,88,176,0,0
20.691859,3.460000,120.000,14.861000,0.039000,119.900405,2691,43,0,23,88,176,0,0
20.705147,13.288000,120.000,14.861000,0.039000,119.900886,2691,43,0,23,88,176,0,0
20.708653,3.506000,120.000,14.861000,0.039000,119.901366,2691,43,0,23,88,176,0,0
20.721518,12.865000,120.000,14.861000,0.039000,119.901847,2691,43,0,23,88,176,0,0
20.724705,3.187000,120.000,14.861000,0.039000,119.902328,2691,43,0,23,88,176,0,0
20.738314,13.609000,120.000,14.861000,0.039000,119.902808,2691,43,0,23,88,176,0,0
20.741585,3.271000,120.000,14.861000,0.039000,119.903289,2691,43,0,23,88,176,0,0
20.754888,13.303000,120.000,14.861000,0.039000,119.903769,2691,43,0,23,88,176,0,0
20.758077,3.189000,120.000,14.861000,0.039000,119.904250,2691,43,0,23,88,176,0,0
20.771605,13.528000,120.000,14.861000,0.039000,119.904731,2691,43,0,23,88,176,0,0
20.774853,3.248000,120.000,14.861000,0.039000,119.905211,2691,43,0,23,88,176,0,0
20.788126,13.273000,120.000,14.861000,0.039000,119.905692,2691,43,0,23,88,176,0,0
20.791339,3.213000,120.000,14.861000,0.039000,119.906173,2691,43,0,23,88,176,0,0
20.805124,13.785000,120.000,14.861000,0.039000,119.906653,2691,43,0,23,88,176,0,0
20.808502,3.378000,120.000,14.861000,0.039000,119.907134,2691,43,0,23,88,176,0,0
20.821729,13.227000,120.000,14.861000,0.039000,119.907615,2691,43,0,23,88,176,0,0
20.825080,3.351000,120.000,14.861000,0.039000,119.908095,2691,43,0,23,88,176,0,0
20.838549,13.469000,120.000,14.861000,0.039000,119.908530,2691,43,0,23,88,176,0,0
20.841947,3.398000,120.000,14.861000,0.039000,119.909011,2691,43,0,23,88,176,0,0
20.854976,13.029000,120.000,14.861000,0.039000,119.909492,2691,43,0,23,88,176,0,0
20.858300,3.324000,120.000,14.861000,0.039000,119.909972,2691,43,0,23,88,176,0,0
20.871967,13.667000,120.000,14.861000,0.039000,119.910373,2691,43,0,23,88,176,0,0
20.875384,3.417000,120.000,14.861000,0.039000,119.910853,2691,43,0,23,88,176,0,0
20.888588,13.204000,120.000,14.861000,0.039000,119.911334,2691,43,0,23,88,176,0,0
20.891953,3.365000,120.000,14.861000,0.039000,119.911815,2691,43,0,23,88,176,0,0
20.905250,13.297000,120.000,14.861000,0.039000,119.912295,2691,43,0,23,88,176,0,0
20.908763,3.513000,120.000,14.861000,0.039000,119.912730,2691,43,0,23,88,176,0,0
20.921939,13.176000,120.000,14.861000,0.039000,119.913211,2691,43,0,23,88,176,0,0
20.925382,3.443000,120.000,14.861000,0.039000,119.913692,2691,43,0,23,88,176,0,0
20.938390,13.008000,120.000,14.861000,0.039000,119.914172,2691,43,0,23,88,176,0,0
20.941756,3.366000,120.000,14.861000,0.039000,119.914607,2691,43,0,23,88,176,0,0
20.954902,13.146000,120.000,14.861000,0.039000,119.915088,2691,43,0,23,88,176,0,0
20.958046,3.144000,120.000,14.861000,0.039000,119.915568,2691,43,0,23,88,176,0,0
20.971511,13.465000,120.000,14.861000,0.039000,119.916049,2691,43,0,23,88,176,0,0
20.974604,3.093000,120.000,14.861000,0.039000,119.916530,2691,43,0,23,88,176,0,0
20.988118,13.514000,120.000,14.861000,0.039000,119.917010,2691,43,0,23,88,176,0,0
20.991099,2.981000,120.000,14.861000,0.039000,119.917491,2691,43,0,23,88,176,0,0
21.005165,14.066000,120.000,14.861000,0.039000,119.917972,2691,43,0,23,88,176,0,0
21.008487,3.322000,120.000,14.861000,0.039000,119.918452,2691,43,0,23,88,176,0,0
21.021074,12.587000,120.000,14.861000,0.039000,119.918933,2691,43,0,23,88,176,0,0
21.024033,2.959000,120.000,14.861000,0.039000,119.919414,2691,43,0,23,88,176,0,0
21.038190,14.157000,120.000,14.861000,0.039000,119.919894,2691,43,0,23,88,176,0,0
21.041378,3.188000,120.000,14.861000,0.039000,119.920329,2691,43,0,23,88,176,0,0
21.054496,13.118000,120.000,14.861000,0.039000,119.920810,2691,43,0,23,88,176,0,0
21.057544,3.048000,120.000,14.861000,0.039000,119.921290,2691,43,0,23,88,176,0,0
21.071622,14.078000,120.000,14.861000,0.039000,119.921771,2691,43,0,23,88,176,0,0
21.074833,3.211000,120.000,14.861000,0.039000,119.922252,2691,43,0,23,88,176,0,0
21.088091,13.258000,120.000,14.861000,0.039000,119.922732,2691,43,0,23,88,176,0,0
21.091008,2.917000,120.000,14.861000,0.039000,119.923213,2691,43,0,23,88,176,0,0
21.104688,13.680000,120.000,14.861000,0.039000,119.923694,2691,43,0,23,88,176,0,0
21.107743,3.055000,120.000,14.861000,0.039000,119.924174,2691,43,0,23,88,176,0,0
21.121395,13.652000,120.000,14.861000,0.039000,119.924655,2691,43,0,23,88,176,0,0
21.125378,3.983000,120.000,14.861000,0.039000,119.925136,2691,43,0,23,88,176,0,0
21.138063,12.685000,120.000,14.861000,0.039000,119.925616,2691,43,0,23,88,176,0,0
21.141170,3.107000,120.000,14.861000,0.039000,119.926097,2691,43,0,23,88,176,0,0
21.154436,13.266000,120.000,14.861000,0.039000,119.926532,2691,43,0,23,88,176,0,0
21.157341,2.905000,120.000,14.861000,0.039000,119.927012,2691,43,0,23,88,176,0,0
21.171397,14.056000,120.000,14.861000,0.039000,119.927493,2691,43,0,23,88,176,0,0
21.174446,3.049000,120.000,14.861000,0.039000,119.927974,2691,43,0,23,88,176,0,0
21.188373,13.927000,120.000,14.861000,0.039000,119.928454,2691,43,0,23,88,176,0,0
21.191710,3.337000,120.000,14.861000,0.039000,119.928935,2691,43,0,23,88,176,0,0
21.205032,13.322000,120.000,14.861000,0.039000,119.929370,2691,43,0,23,88,176,0,0
21.209477,4.445000,120.000,14.861000,0.039000,119.929851,2691,43,0,23,88,176,0,0
21.221264,11.787000,120.000,14.861000,0.039000,119.930331,2691,43,0,23,88,176,0,0
21.224284,3.020000,120.000,14.861000,0.039000,119.930812,2691,43,0,23,88,176,0,0
21.238104,13.820000,120.000,14.861000,0.039000,119.931293,2691,43,0,23,88,176,0,0
21.241148,3.044000,120.000,14.861000,0.039000,119.931773,2691,43,0,23,88,176,0,0
21.254473,13.325000,120.000,14.861000,0.039000,119.932254,2691,43,0,23,88,176,0,0
21.256705,2.232000,120.000,14.861000,0.039000,119.932734,2691,43,0,23,88,176,0,0
21.271448,14.743000,120.000,14.861000,0.039000,119.933215,2691,43,0,23,88,176,0,0
21.273297,1.849000,120.000,14.861000,0.039000,119.933696,2691,43,0,23,88,176,0,0
21.288011,14.714000,120.000,14.861000,0.039000,119.934176,2691,43,0,23,88,176,0,0
21.291431,3.420000,120.000,14.861000,0.039000,119.934657,2691,43,0,23,88,176,0,0
21.304673,13.242000,120.000,14.861000,0.039000,119.935138,2691,43,0,23,88,176,0,0
21.306814,2.141000,120.000,14.861000,0.039000,119.935618,2691,43,0,23,88,176,0,0
21.321444,14.630000,120.000,14.861000,0.039000,119.936099,2691,43,0,23,88,176,0,0
21.323271,1.827000,120.000,14.861000,0.039000,119.936580,2691,43,0,23,88,176,0,0
21.338409,15.138000,120.000,14.861000,0.039000,119.937060,2691,43,0,23,88,176,0,0
21.342183,3.774000,120.000,14.861000,0.039000,119.937541,2691,43,0,23,88,176,0,0
21.354755,12.572000,120.000,14.861000,0.039000,119.938022,2691,43,0,23,88,176,0,0
21.356671,1.916000,120.000,14.861000,0.039000,119.938502,2691,43,0,23,88,176,0,0
21.371421,14.750000,120.000,14.861000,0.039000,119.938983,2691,43,0,23,88,176,0,0
21.374292,2.871000,120.000,14.861000,0.039000,119.939464,2691,43,0,23,88,176,0,0
21.387931,13.639000,120.000,14.861000,0.039000,119.939944,2691,43,0,23,88,176,0,0
21.391437,3.506000,120.000,14.861000,0.039000,119.940425,2691,43,0,23,88,176,0,0
21.404619,13.182000,120.000,14.861000,0.039000,119.940906,2691,43,0,23,88,176,0,0
21.407508,2.889000,120.000,15.098000,0.037000,119.941386,2691,43,0,23,88,176,0,0
21.421336,13.828000,120.000,15.098000,0.037000,119.941867,2691,43,0,23,88,176,0,0
21.424846,3.510000,120.000,15.098000,0.037000,119.942348,2691,43,0,23,88,176,0,0
21.437963,13.117000,120.000,15.098000,0.037000,119.942828,2691,43,0,23,88,176,0,0
21.440867,2.904000,120.000,15.098000,0.037000,119.943309,2691,43,0,23,88,176,0,0
21.455049,14.182000,120.000,15.098000,0.037000,119.943789,2691,43,0,23,88,176,0,0
21.459462,4.413000,120.000,15.098000,0.037000,119.944270,2691,43,0,23,88,176,0,0
21.471396,11.934000,120.000,15.098000,0.037000,119.944751,2691,43,0,23,88,176,0,0
21.474342,2.946000,120.000,15.098000,0.037000,119.945231,2691,43,0,23,88,176,0,0
21.488040,13.698000,120.000,15.098000,0.037000,119.945712,2691,43,0,23,88,176,0,0
21.491211,3.171000,120.000,15.098000,0.037000,119.946147,2691,43,0,23,88,176,0,0
21.504285,13.074000,120.000,15.098000,0.037000,119.946628,2691,43,0,23,88,176,0,0
21.507236,2.951000,120.000,15.098000,0.037000,119.947108,2691,43,0,23,88,176,0,0
21.521445,14.209000,120.000,15.098000,0.037000,119.947589,2691,43,0,23,88,176,0,0
21.524584,3.139000,120.000,15.098000,0.037000,119.948070,2691,43,0,23,88,176,0,0
21.538097,13.513000,120.000,15.098000,0.037000,119.948550,2691,43,0,23,88,176,0,0
21.541093,2.996000,120.000,15.098000,0.037000,119.949031,2691,43,0,23,88,176,0,0
21.555138,14.045000,120.000,15.098000,0.037000,119.949512,2691,43,0,23,88,176,0,0
21.559457,4.319000,120.000,15.098000,0.037000,119.949992,2691,43,0,23,88,176,0,0
21.571424,11.967000,120.000,15.098000,0.037000,119.950473,2691,43,0,23,88,176,0,0
21.574452,3.028000,120.000,15.098000,0.037000,119.950953,2691,43,0,23,88,176,0,0
21.588391,13.939000,120.000,15.098000,0.037000,119.951434,2691,43,0,23,88,176,0,0
21.592085,3.694000,120.000,15.098000,0.037000,119.951915,2691,43,0,23,88,176,0,0
21.604901,12.816000,120.000,15.098000,0.037000,119.952395,2691,43,0,23,88,176,0,0
21.608026,3.125000,120.000,15.098000,0.037000,119.952876,2691,43,0,23,88,176,0,0
21.621836,13.810000,120.000,15.098000,0.037000,119.953357,2691,43,0,23,88,176,0,0
21.626934,5.098000,120.000,15.098000,0.037000,119.953837,2691,43,0,23,88,176,0,0
21.638331,11.397000,120.000,15.098000,0.037000,119.954318,2691,43,0,23,88,176,0,0
21.641600,3.269000,120.000,15.098000,0.037000,119.954799,2691,43,0,23,88,176,0,0
21.655095,13.495000,120.000,15.098000,0.037000,119.955199,2691,43,0,23,88,176,0,0
21.658542,3.447000,120.000,15.098000,0.037000,119.955680,2691,43,0,23,88,176,0,0
21.671781,13.239000,120.000,15.098000,0.037000,119.956161,2691,43,0,23,88,176,0,0
21.673612,1.831000,120.000,15.098000,0.037000,119.956641,2691,43,0,23,88,176,0,0
21.687869,14.257000,120.000,15.098000,0.037000,119.957122,2691,43,0,23,88,176,0,0
21.690578,2.709000,120.000,15.098000,0.037000,119.957603,2691,43,0,23,88,176,0,0
21.705333,14.755000,120.000,15.098000,0.037000,119.958083,2691,43,0,23,88,176,0,0
21.707219,1.886000,120.000,15.098000,0.037000,119.958564,2691,43,0,23,88,176,0,0
21.721195,13.976000,120.000,15.098000,0.037000,119.959044,2691,43,0,23,88,176,0,0
21.723760,2.565000,120.000,15.098000,0.037000,119.959525,2691,43,0,23,88,176,0,0
21.738711,14.951000,120.000,15.098000,0.037000,119.959960,2691,43,0,23,88,176,0,0
21.740718,2.007000,120.000,15.098000,0.037000,119.960441,2691,43,0,23,88,176,0,0
21.755352,14.634000,120.000,15.098000,0.037000,119.960921,2691,43,0,23,88,176,0,0
21.757593,2.241000,120.000,15.098000,0.037000,119.961402,2691,43,0,23,88,176,0,0
21.771963,14.370000,120.000,15.098000,0.037000,119.961883,2691,43,0,23,88,176,0,0
21.774123,2.160000,120.000,15.098000,0.037000,119.962363,2691,43,0,23,88,176,0,0
21.788600,14.477000,120.000,15.098000,0.037000,119.962844,2691,43,0,23,88,176,0,0
21.791400,2.800000,120.000,15.098000,0.037000,119.963256,2691,43,0,23,88,176,0,0
21.805233,13.833000,120.000,15.098000,0.037000,119.963656,2691,43,0,23,88,176,0,0
21.808709,3.476000,120.000,15.098000,0.037000,119.964137,2691,43,0,23,88,176,0,0
21.821987,13.278000,120.000,15.098000,0.037000,119.964618,2691,43,0,23,88,176,0,0
21.826507,4.520000,120.000,15.098000,0.037000,119.965098,2691,43,0,23,88,176,0,0
21.838643,12.136000,120.000,15.098000,0.037000,119.965579,2691,43,0,23,88,176,0,0
21.842020,3.377000,120.000,15.098000,0.037000,119.966060,2691,43,0,23,88,176,0,0
21.855306,13.286000,120.000,15.098000,0.037000,119.966495,2691,43,0,23,88,176,0,0
21.857213,1.907000,120.000,15.098000,0.037000,119.966975,2691,43,0,23,88,176,0,0
21.871936,14.723000,120.000,15.098000,0.037000,119.967456,2691,43,0,23,88,176,0,0
21.873752,1.816000,120.000,15.098000,0.037000,119.967937,2691,43,0,23,88,176,0,0
21.888548,14.796000,120.000,15.098000,0.037000,119.968417,2691,43,0,23,88,176,0,0
21.890577,2.029000,120.000,15.098000,0.037000,119.968898,2691,43,0,23,88,176,0,0
21.905236,14.659000,120.000,15.098000,0.037000,119.969378,2691,43,0,23,88,176,0,0
21.907324,2.088000,120.000,15.098000,0.037000,119.969859,2691,43,0,23,88,176,0,0
21.922033,14.709000,120.000,15.098000,0.037000,119.970340,2691,43,0,23,88,176,0,0
21.924204,2.171000,120.000,15.098000,0.037000,119.970820,2691,43,0,23,88,176,0,0
21.938608,14.404000,120.000,15.098000,0.037000,119.971301,2691,43,0,23,88,176,0,0
21.940784,2.176000,120.000,15.098000,0.037000,119.971782,2691,43,0,23,88,176,0,0
21.955383,14.599000,120.000,15.098000,0.037000,119.972262,2691,43,0,23,88,176,0,0
21.957850,2.467000,120.000,15.098000,0.037000,119.972743,2691,43,0,23,88,176,0,0
21.972035,14.185000,120.000,15.098000,0.037000,119.973178,2691,43,0,23,88,176,0,0
21.975443,3.408000,120.000,15.098000,0.037000,119.973659,2691,43,0,23,88,176,0,0
21.988443,13.000000,120.000,15.098000,0.037000,119.974139,2691,43,0,23,88,176,0,0
21.991854,3.411000,120.000,15.098000,0.037000,119.974620,2691,43,0,23,88,176,0,0
22.005031,13.177000,120.000,15.098000,0.037000,119.975101,2691,43,0,23,88,176,0,0
22.008439,3.408000,120.000,15.098000,0.037000,119.975581,2691,43,0,23,88,176,0,0
22.021657,13.218000,120.000,15.098000,0.037000,119.976062,2691,43,0,23,88,176,0,0
22.024668,3.011000,120.000,15.098000,0.037000,119.976542,2691,43,0,23,88,176,0,0
22.038103,13.435000,120.000,15.098000,0.037000,119.977023,2691,43,0,23,88,176,0,0
22.041230,3.127000,120.000,15.098000,0.037000,119.977504,2691,43,0,23,88,176,0,0
22.054778,13.548000,120.000,15.098000,0.037000,119.977939,2691,43,0,23,88,176,0,0
22.057739,2.961000,120.000,15.098000,0.037000,119.978419,2691,43,0,23,88,176,0,0
22.071236,13.497000,120.000,15.098000,0.037000,119.978900,2691,43,0,23,88,176,0,0
22.074277,3.041000,120.000,15.098000,0.037000,119.979381,2691,43,0,23,88,176,0,0
22.088056,13.779000,120.000,15.098000,0.037000,119.979861,2691,43,0,23,88,176,0,0
22.091253,3.197000,120.000,15.098000,0.037000,119.980342,2691,43,0,23,88,176,0,0
22.105355,14.102000,120.000,15.098000,0.037000,119.980823,2691,43,0,23,88,176,0,0
22.110248,4.893000,120.000,15.098000,0.037000,119.981303,2691,43,0,23,88,176,0,0
22.121771,11.523000,120.000,15.098000,0.037000,119.981784,2691,43,0,23,88,176,0,0
22.124045,2.274000,120.000,15.098000,0.037000,119.982265,2691,43,0,23,88,176,0,0
22.138439,14.394000,120.000,15.098000,0.037000,119.982745,2691,43,0,23,88,176,0,0
22.140552,2.113000,120.000,15.098000,0.037000,119.983226,2691,43,0,23,88,176,0,0
22.154971,14.419000,120.000,15.098000,0.037000,119.983706,2691,43,0,23,88,176,0,0
22.157285,2.314000,120.000,15.098000,0.037000,119.984187,2691,43,0,23,88,176,0,0
22.171778,14.493000,120.000,15.098000,0.037000,119.984668,2691,43,0,23,88,176,0,0
22.173833,2.055000,120.000,15.098000,0.037000,119.985148,2691,43,0,23,88,176,0,0
22.188450,14.617000,120.000,15.098000,0.037000,119.985629,2691,43,0,23,88,176,0,0
22.190650,2.200000,120.000,15.098000,0.037000,119.986064,2691,43,0,23,88,176,0,0
22.205161,14.511000,120.000,15.098000,0.037000,119.986499,2691,43,0,23,88,176,0,0
22.208223,3.062000,120.000,15.098000,0.037000,119.986979,2691,43,0,23,88,176,0,0
22.221871,13.648000,120.000,15.098000,0.037000,119.987460,2691,43,0,23,88,176,0,0
22.224923,3.052000,120.000,15.098000,0.037000,119.987941,2691,43,0,23,88,176,0,0
22.238529,13.606000,120.000,15.098000,0.037000,119.988421,2691,43,0,23,88,176,0,0
22.241880,3.351000,120.000,15.098000,0.037000,119.988902,2691,43,0,23,88,176,0,0
22.254835,12.955000,120.000,15.098000,0.037000,119.989337,2691,43,0,23,88,176,0,0
22.258095,3.260000,120.000,15.098000,0.037000,119.989818,2691,43,0,23,88,176,0,0
22.271172,13.077000,120.000,15.098000,0.037000,119.990298,2691,43,0,23,88,176,0,0
22.274330,3.158000,120.000,15.098000,0.037000,119.990779,2691,43,0,23,88,176,0,0
22.288040,13.710000,120.000,15.098000,0.037000,119.991214,2691,43,0,23,88,176,0,0
22.291152,3.112000,120.000,15.098000,0.037000,119.991649,2691,43,0,23,88,176,0,0
22.304774,13.622000,120.000,15.098000,0.037000,119.992129,2691,43,0,23,88,176,0,0
22.307952,3.178000,120.000,15.098000,0.037000,119.992610,2691,43,0,23,88,176,0,0
22.321530,13.578000,120.000,15.098000,0.037000,119.993091,2691,43,0,23,88,176,0,0
22.324614,3.084000,120.000,15.098000,0.037000,119.993526,2691,43,0,23,88,176,0,0
22.338196,13.582000,120.000,15.098000,0.037000,119.994006,2691,43,0,23,88,176,0,0
22.341405,3.209000,120.000,15.098000,0.037000,119.994487,2691,43,0,23,88,176,0,0
22.354552,13.147000,120.000,15.098000,0.037000,119.994967,2691,43,0,23,88,176,0,0
22.357679,3.127000,120.000,15.098000,0.037000,119.995448,2691,43,0,23,88,176,0,0
22.371679,14.000000,120.000,15.098000,0.037000,119.995929,2691,43,0,23,88,176,0,0
22.374979,3.300000,120.000,15.098000,0.037000,119.996409,2691,43,0,23,88,176,0,0
22.388345,13.366000,120.000,15.098000,0.037000,119.996890,2691,43,0,23,88,176,0,0
22.390175,1.830000,120.000,15.098000,0.037000,119.997371,2691,43,0,23,88,176,0,0
22.405156,14.981000,120.000,15.098000,0.037000,119.997851,2691,43,0,23,88,176,0,0
22.407118,1.962000,120.000,14.911000,0.032000,119.998332,2691,43,0,23,88,176,0,0
22.421760,14.642000,120.000,14.911000,0.032000,119.998813,2691,43,0,23,88,176,0,0
22.423612,1.852000,120.000,14.911000,0.032000,119.999248,2691,43,0,23,88,176,0,0
22.438252,14.640000,120.000,14.911000,0.032000,119.999728,2691,43,0,23,88,176,0,0
22.440288,2.036000,120.000,14.911000,0.032000,120.000209,2691,43,0,23,88,176,0,0
22.455167,14.879000,120.000,14.911000,0.032000,120.000690,2691,43,0,23,88,176,0,0
22.459368,4.201000,120.000,14.911000,0.032000,120.001170,2691,43,0,23,88,176,0,0
22.471472,12.104000,120.000,14.911000,0.032000,120.001651,2691,43,0,23,88,176,0,0
22.473607,2.135000,120.000,14.911000,0.032000,120.002131,2691,43,0,23,88,176,0,0
22.488047,14.440000,120.000,14.911000,0.032000,120.002612,2691,43,0,23,88,176,0,0
22.490294,2.247000,120.000,14.911000,0.032000,120.003093,2691,43,0,23,88,176,0,0
22.504738,14.444000,120.000,14.911000,0.032000,120.003573,2691,43,0,23,88,176,0,0
22.507877,3.139000,120.000,14.911000,0.032000,120.004054,2691,43,0,23,88,176,0,0
22.521342,13.465000,120.000,14.911000,0.032000,120.004535,2691,43,0,23,88,176,0,0
22.524453,3.111000,120.000,14.911000,0.032000,120.005015,2691,43,0,23,88,176,0,0
22.538098,13.645000,120.000,14.911000,0.032000,120.005496,2691,43,0,23,88,176,0,0
22.541250,3.152000,120.000,14.911000,0.032000,120.005977,2691,43,0,23,88,176,0,0
22.554832,13.582000,120.000,14.911000,0.032000,120.006412,2691,43,0,23,88,176,0,0
22.557971,3.139000,120.000,14.911000,0.032000,120.006892,2691,43,0,23,88,176,0,0
22.571155,13.184000,120.000,14.911000,0.032000,120.007373,2691,43,0,23,88,176,0,0
22.573725,2.570000,120.000,14.911000,0.032000,120.007854,2691,43,0,23,88,176,0,0
22.588200,14.475000,120.000,14.911000,0.032000,120.008334,2691,43,0,23,88,176,0,0
22.590380,2.180000,120.000,14.911000,0.032000,120.008746,2691,43,0,23,88,176,0,0
22.604857,14.477000,120.000,14.911000,0.032000,120.009181,2691,43,0,23,88,176,0,0
22.607040,2.183000,120.000,14.911000,0.032000,120.009662,2691,43,0,23,88,176,0,0
22.621315,14.275000,120.000,14.911000,0.032000,120.010097,2691,43,0,23,88,176,0,0
22.625393,4.078000,120.000,14.911000,0.032000,120.010577,2691,43,0,23,88,176,0,0
22.638049,12.656000,120.000,14.911000,0.032000,120.011058,2691,43,0,23,88,176,0,0
22.640043,1.994000,120.000,14.911000,0.032000,120.011539,2691,43,0,23,88,176,0,0
22.654714,14.671000,120.000,14.911000,0.032000,120.012019,2691,43,0,23,88,176,0,0
22.656563,1.849000,120.000,14.911000,0.032000,120.012500,2691,43,0,23,88,176,0,0
22.671377,14.814000,120.000,14.911000,0.032000,120.012980,2691,43,0,23,88,176,0,0
22.673338,1.961000,120.000,14.911000,0.032000,120.013461,2691,43,0,23,88,176,0,0
22.688016,14.678000,120.000,14.911000,0.032000,120.013942,2691,43,0,23,88,176,0,0
22.690626,2.610000,120.000,14.911000,0.032000,120.014422,2691,43,0,23,88,176,0,0
22.704746,14.120000,120.000,14.911000,0.032000,120.014903,2691,43,0,23,88,176,0,0
22.707831,3.085000,120.000,14.911000,0.032000,120.015384,2691,43,0,23,88,176,0,0
22.721849,14.018000,120.000,14.911000,0.032000,120.015864,2691,43,0,23,88,176,0,0
22.726152,4.303000,120.000,14.911000,0.032000,120.016345,2691,43,0,23,88,176,0,0
22.738211,12.059000,120.000,14.911000,0.032000,120.016826,2691,43,0,23,88,176,0,0
22.741507,3.296000,120.000,14.911000,0.032000,120.017306,2691,43,0,23,88,176,0,0
22.754989,13.482000,120.000,14.911000,0.032000,120.017787,2691,43,0,23,88,176,0,0
22.758320,3.331000,120.000,14.911000,0.032000,120.018268,2691,43,0,23,88,176,0,0
22.771668,13.348000,120.000,14.911000,0.032000,120.018703,2691,43,0,23,88,176,0,0
22.774696,3.028000,120.000,14.911000,0.032000,120.019183,2691,43,0,23,88,176,0,0
22.788518,13.822000,120.000,14.911000,0.032000,120.019664,2691,43,0,23,88,176,0,0
22.792660,4.142000,120.000,14.911000,0.032000,120.020144,2691,43,0,23,88,176,0,0
22.804757,12.097000,120.000,14.911000,0.032000,120.020579,2691,43,0,23,88,176,0,0
22.806911,2.154000,120.000,14.911000,0.032000,120.021060,2691,43,0,23,88,176,0,0
22.821322,14.411000,120.000,14.911000,0.032000,120.021541,2691,43,0,23,88,176,0,0
22.823288,1.966000,120.000,14.911000,0.032000,120.022021,2691,43,0,23,88,176,0,0
22.838092,14.804000,120.000,14.911000,0.032000,120.022502,2691,43,0,23,88,176,0,0
22.840157,2.065000,120.000,14.911000,0.032000,120.022983,2691,43,0,23,88,176,0,0
22.854797,14.640000,120.000,14.911000,0.032000,120.023463,2691,43,0,23,88,176,0,0
22.856791,1.994000,120.000,14.911000,0.032000,120.023944,2691,43,0,23,88,176,0,0
22.871488,14.697000,120.000,14.911000,0.032000,120.024425,2691,43,0,23,88,176,0,0
22.874189,2.701000,120.000,14.911000,0.032000,120.024905,2691,43,0,23,88,176,0,0
22.888549,14.360000,120.000,14.911000,0.032000,120.025386,2691,43,0,23,88,176,0,0
22.892843,4.294000,120.000,14.911000,0.032000,120.025867,2691,43,0,23,88,176,0,0
22.904698,11.855000,120.000,14.911000,0.032000,120.026347,2691,43,0,23,88,176,0,0
22.907800,3.102000,120.000,14.911000,0.032000,120.026828,2691,43,0,23,88,176,0,0
22.921464,13.664000,120.000,14.911000,0.032000,120.027228,2691,43,0,23,88,176,0,0
22.924623,3.159000,120.000,14.911000,0.032000,120.027709,2691,43,0,23,88,176,0,0
22.938126,13.503000,120.000,14.911000,0.032000,120.028190,2691,43,0,23,88,176,0,0
22.941496,3.370000,120.000,14.911000,0.032000,120.028670,2691,43,0,23,88,176,0,0
22.955240,13.744000,120.000,14.911000,0.032000,120.029151,2691,43,0,23,88,176,0,0
22.959221,3.981000,120.000,14.911000,0.032000,120.029586,2691,43,0,23,88,176,0,0
22.971897,12.676000,120.000,14.911000,0.032000,120.030066,2691,43,0,23,88,176,0,0
22.976062,4.165000,120.000,14.911000,0.032000,120.030547,2691,43,0,23,88,176,0,0
22.988421,12.359000,120.000,14.911000,0.032000,120.031028,2691,43,0,23,88,176,0,0
22.990566,2.145000,120.000,14.911000,0.032000,120.031508,2691,43,0,23,88,176,0,0
23.005110,14.544000,120.000,14.911000,0.032000,120.031989,2691,43,0,23,88,176,0,0
23.008544,3.434000,120.000,14.911000,0.032000,120.032424,2691,43,0,23,88,176,0,0
23.021953,13.409000,120.000,14.911000,0.032000,120.032905,2691,43,0,23,88,176,0,0
23.025872,3.919000,120.000,14.911000,0.032000,120.033385,2691,43,0,23,88,176,0,0
23.038200,12.328000,120.000,14.911000,0.032000,120.033866,2691,43,0,23,88,176,0,0
23.042207,4.007000,120.000,14.911000,0.032000,120.034278,2691,43,0,23,88,176,0,0
23.054787,12.580000,120.000,14.911000,0.032000,120.034759,2691,43,0,23,88,176,0,0
23.056807,2.020000,120.000,14.911000,0.032000,120.035239,2691,43,0,23,88,176,0,0
23.071481,14.674000,120.000,14.911000,0.032000,120.035720,2691,43,0,23,88,176,0,0
23.073488,2.007000,120.000,14.911000,0.032000,120.036201,2691,43,0,23,88,176,0,0
23.088229,14.741000,120.000,14.911000,0.032000,120.036681,2691,43,0,23,88,176,0,0
23.090483,2.254000,120.000,14.911000,0.032000,120.037162,2691,43,0,23,88,176,0,0
23.104934,14.451000,120.000,14.911000,0.032000,120.037642,2691,43,0,23,88,176,0,0
23.108157,3.223000,120.000,14.911000,0.032000,120.038123,2691,43,0,23,88,176,0,0
23.121570,13.413000,120.000,14.911000,0.032000,120.038604,2691,43,0,23,88,176,0,0
23.124960,3.390000,120.000,14.911000,0.032000,120.039039,2691,43,0,23,88,176,0,0
23.138418,13.458000,120.000,14.911000,0.032000,120.039474,2691,43,0,23,88,176,0,0
23.141778,3.360000,120.000,14.911000,0.032000,120.039954,2691,43,0,23,88,176,0,0
23.155015,13.237000,120.000,14.911000,0.032000,120.040435,2691,43,0,23,88,176,0,0
23.158577,3.562000,120.000,14.911000,0.032000,120.040915,2691,43,0,23,88,176,0,0
23.171755,13.178000,120.000,14.911000,0.032000,120.041396,2691,43,0,23,88,176,0,0
23.175231,3.476000,120.000,14.911000,0.032000,120.041877,2691,43,0,23,88,176,0,0
23.188417,13.186000,120.000,14.911000,0.032000,120.042357,2691,43,0,23,88,176,0,0
23.190984,2.567000,120.000,14.911000,0.032000,120.042838,2691,43,0,23,88,176,0,0
23.205125,14.141000,120.000,14.911000,0.032000,120.043319,2691,43,0,23,88,176,0,0
23.209095,3.970000,120.000,14.911000,0.032000,120.043799,2691,43,0,23,88,176,0,0
23.221989,12.894000,120.000,14.911000,0.032000,120.044280,2691,43,0,23,88,176,0,0
23.224236,2.247000,120.000,14.911000,0.032000,120.044761,2691,43,0,23,88,176,0,0
23.238596,14.360000,120.000,14.911000,0.032000,120.045241,2691,43,0,23,88,176,0,0
23.240899,2.303000,120.000,14.911000,0.032000,120.045722,2691,43,0,23,88,176,0,0
23.254715,13.816000,120.000,14.911000,0.032000,120.046203,2691,43,0,23,88,176,0,0
23.256925,2.210000,120.000,14.911000,0.032000,120.046683,2691,43,0,23,88,176,0,0
23.271420,14.495000,120.000,14.911000,0.032000,120.047164,2691,43,0,23,88,176,0,0
23.273440,2.020000,120.000,14.911000,0.032000,120.047599,2691,43,0,23,88,176,0,0
23.288139,14.699000,120.000,14.911000,0.032000,120.048034,2691,43,0,23,88,176,0,0
23.290269,2.130000,120.000,14.911000,0.032000,120.048514,2691,43,0,23,88,176,0,0
23.304941,14.672000,120.000,14.911000,0.032000,120.048995,2691,43,0,23,88,176,0,0
23.308005,3.064000,120.000,14.911000,0.032000,120.049476,2691,43,0,23,88,176,0,0
23.321210,13.205000,120.000,14.911000,0.032000,120.049956,2691,43,0,23,88,176,0,0
23.324338,3.128000,120.000,14.911000,0.032000,120.050391,2691,43,0,23,88,176,0,0
23.338357,14.019000,120.000,14.911000,0.032000,120.050872,2691,43,0,23,88,176,0,0
23.341803,3.446000,120.000,14.911000,0.032000,120.051353,2691,43,0,23,88,176,0,0
23.355127,13.324000,120.000,14.911000,0.032000,120.051833,2691,43,0,23,88,176,0,0
23.357338,2.211000,120.000,14.911000,0.032000,120.052314,2691,43,0,23,88,176,0,0
23.371764,14.426000,120.000,14.911000,0.032000,120.052794,2691,43,0,23,88,176,0,0
23.373803,2.039000,120.000,14.911000,0.032000,120.053275,2691,43,0,23,88,176,0,0
23.388453,14.650000,120.000,14.911000,0.032000,120.053756,2691,43,0,23,88,176,0,0
23.390719,2.266000,120.000,14.911000,0.032000,120.054236,2691,43,0,23,88,176,0,0
23.405117,14.398000,120.000,14.911000,0.032000,120.054717,2691,43,0,23,88,176,0,0
23.407485,2.368000,120.000,14.824000,0.038000,120.055198,2691,43,0,23,88,176,0,0
23.421964,14.479000,120.000,14.824000,0.038000,120.055678,2691,43,0,23,88,176,0,0
23.424244,2.280000,120.000,14.824000,0.038000,120.056159,2691,43,0,23,88,176,0,0
23.438616,14.372000,120.000,14.824000,0.038000,120.056640,2691,43,0,23,88,176,0,0
23.441112,2.496000,120.000,14.824000,0.038000,120.057120,2691,43,0,23,88,176,0,0
23.454871,13.759000,120.000,14.824000,0.038000,120.057601,2691,43,0,23,88,176,0,0
23.457209,2.338000,120.000,14.824000,0.038000,120.058082,2691,43,0,23,88,176,0,0
23.471521,14.312000,120.000,14.824000,0.038000,120.058562,2691,43,0,23,88,176,0,0
23.474627,3.106000,120.000,14.824000,0.038000,120.059043,2691,43,0,23,88,176,0,0
23.488283,13.656000,120.000,14.824000,0.038000,120.059524,2691,43,0,23,88,176,0,0
23.491714,3.431000,120.000,14.824000,0.038000,120.060004,2691,43,0,23,88,176,0,0
23.505092,13.378000,120.000,14.824000,0.038000,120.060485,2691,43,0,23,88,176,0,0
23.509780,4.688000,120.000,14.824000,0.038000,120.060966,2691,43,0,23,88,176,0,0
23.521834,12.054000,120.000,14.824000,0.038000,120.061400,2691,43,0,23,88,176,0,0
23.525201,3.367000,120.000,14.824000,0.038000,120.061881,2691,43,0,23,88,176,0,0
23.538515,13.314000,120.000,14.824000,0.038000,120.062362,2691,43,0,23,88,176,0,0
23.542019,3.504000,120.000,14.824000,0.038000,120.062842,2691,43,0,23,88,176,0,0
23.555334,13.315000,120.000,14.824000,0.038000,120.063323,2691,43,0,23,88,176,0,0
23.558205,2.871000,120.000,14.824000,0.038000,120.063804,2691,43,0,23,88,176,0,0
23.571360,13.155000,120.000,14.824000,0.038000,120.064284,2691,43,0,23,88,176,0,0
23.574588,3.228000,120.000,14.824000,0.038000,120.064719,2691,43,0,23,88,176,0,0
23.588521,13.933000,120.000,14.824000,0.038000,120.065200,2691,43,0,23,88,176,0,0
23.591274,2.753000,120.000,14.824000,0.038000,120.065681,2691,43,0,23,88,176,0,0
23.605380,14.106000,120.000,14.824000,0.038000,120.066161,2691,43,0,23,88,176,0,0
23.608029,2.649000,120.000,14.824000,0.038000,120.066596,2691,43,0,23,88,176,0,0
23.621494,13.465000,120.000,14.824000,0.038000,120.067077,2691,43,0,23,88,176,0,0
23.624218,2.724000,120.000,14.824000,0.038000,120.067557,2691,43,0,23,88,176,0,0
23.638042,13.824000,120.000,14.824000,0.038000,120.068038,2691,43,0,23,88,176,0,0
23.640370,2.328000,120.000,14.824000,0.038000,120.068519,2691,43,0,23,88,176,0,0
23.654703,14.333000,120.000,14.824000,0.038000,120.068954,2691,43,0,23,88,176,0,0
23.656959,2.256000,120.000,14.824000,0.038000,120.069434,2691,43,0,23,88,176,0,0
23.671766,14.807000,120.000,14.824000,0.038000,120.069915,2691,43,0,23,88,176,0,0
23.675080,3.314000,120.000,14.824000,0.038000,120.070395,2691,43,0,23,88,176,0,0
23.688016,12.936000,120.000,14.824000,0.038000,120.070830,2691,43,0,23,88,176,0,0
23.691102,3.086000,120.000,14.824000,0.038000,120.071311,2691,43,0,23,88,176,0,0
23.704748,13.646000,120.000,14.824000,0.038000,120.071792,2691,43,0,23,88,176,0,0
23.707837,3.089000,120.000,14.824000,0.038000,120.072272,2691,43,0,23,88,176,0,0
23.721457,13.620000,120.000,14.824000,0.038000,120.072753,2691,43,0,23,88,176,0,0
23.724541,3.084000,120.000,14.824000,0.038000,120.073234,2691,43,0,23,88,176,0,0
23.738201,13.660000,120.000,14.824000,0.038000,120.073714,2691,43,0,23,88,176,0,0
23.741347,3.146000,120.000,14.824000,0.038000,120.074195,2691,43,0,23,88,176,0,0
23.755158,13.811000,120.000,14.824000,0.038000,120.074676,2691,43,0,23,88,176,0,0
23.760221,5.063000,120.000,14.824000,0.038000,120.075156,2691,43,0,23,88,176,0,0
23.771423,11.202000,120.000,14.824000,0.038000,120.075637,2691,43,0,23,88,176,0,0
23.774480,3.057000,120.000,14.824000,0.038000,120.076118,2691,43,0,23,88,176,0,0
23.788033,13.553000,120.000,14.824000,0.038000,120.076552,2691,43,0,23,88,176,0,0
23.791593,3.560000,120.000,14.824000,0.038000,120.077033,2691,43,0,23,88,176,0,0
23.804916,13.323000,120.000,14.824000,0.038000,120.077514,2691,43,0,23,88,176,0,0
23.808597,3.681000,120.000,14.824000,0.038000,120.077994,2691,43,0,23,88,176,0,0
23.821475,12.878000,120.000,14.824000,0.038000,120.078475,2691,43,0,23,88,176,0,0
23.824543,3.068000,120.000,14.824000,0.038000,120.078956,2691,43,0,23,88,176,0,0
23.838052,13.509000,120.000,14.824000,0.038000,120.079436,2691,43,0,23,88,176,0,0
23.841025,2.973000,120.000,14.824000,0.038000,120.079917,2691,43,0,23,88,176,0,0
23.854404,13.379000,120.000,14.824000,0.038000,120.080398,2691,43,0,23,88,176,0,0
23.857478,3.074000,120.000,14.824000,0.038000,120.080878,2691,43,0,23,88,176,0,0
23.871459,13.981000,120.000,14.824000,0.038000,120.081359,2691,43,0,23,88,176,0,0
23.874573,3.114000,120.000,14.824000,0.038000,120.081840,2691,43,0,23,88,176,0,0
23.887811,13.238000,120.000,14.824000,0.038000,120.082320,2691,43,0,23,88,176,0,0
23.890937,3.126000,120.000,14.824000,0.038000,120.082801,2691,43,0,23,88,176,0,0
23.904960,14.023000,120.000,14.824000,0.038000,120.083282,2691,43,0,23,88,176,0,0
23.908316,3.356000,120.000,14.824000,0.038000,120.083716,2691,43,0,23,88,176,0,0
23.921739,13.423000,120.000,14.824000,0.038000,120.084197,2691,43,0,23,88,176,0,0
23.926307,4.568000,120.000,14.824000,0.038000,120.084678,2691,43,0,23,88,176,0,0
23.938304,11.997000,120.000,14.824000,0.038000,120.085158,2691,43,0,23,88,176,0,0
23.940232,1.928000,120.000,14.824000,0.038000,120.085639,2691,43,0,23,88,176,0,0
23.955130,14.898000,120.000,14.824000,0.038000,120.086120,2691,43,0,23,88,176,0,0
23.957216,2.086000,120.000,14.824000,0.038000,120.086555,2691,43,0,23,88,176,0,0
23.971298,14.082000,120.000,14.824000,0.038000,120.087035,2691,43,0,23,88,176,0,0
23.973712,2.414000,120.000,14.824000,0.038000,120.087516,2691,43,0,23,88,176,0,0
23.988661,14.949000,120.000,14.824000,0.038000,120.087996,2691,43,0,23,88,176,0,0
23.991149,2.488000,120.000,14.824000,0.038000,120.088477,2691,43,0,23,88,176,0,0
24.005047,13.898000,120.000,14.824000,0.038000,120.088958,2691,43,0,23,88,176,0,0
24.007649,2.602000,120.000,14.824000,0.038000,120.089438,2691,43,0,23,88,176,0,0
24.021323,13.674000,120.000,14.824000,0.038000,120.089919,2691,43,0,23,88,176,0,0
24.023643,2.320000,120.000,14.824000,0.038000,120.090400,2691,43,0,23,88,176,0,0
24.037991,14.348000,120.000,14.824000,0.038000,120.090880,2691,43,0,23,88,176,0,0
24.041020,3.029000,120.000,14.824000,0.038000,120.091361,2691,43,0,23,88,176,0,0
24.054736,13.716000,120.000,14.824000,0.038000,120.091796,2691,43,0,23,88,176,0,0
24.057916,3.180000,120.000,14.824000,0.038000,120.092277,2691,43,0,23,88,176,0,0
24.071176,13.260000,120.000,14.824000,0.038000,120.092757,2691,43,0,23,88,176,0,0
24.074218,3.042000,120.000,14.824000,0.038000,120.093238,2691,43,0,23,88,176,0,0
24.088390,14.172000,120.000,14.824000,0.038000,120.093719,2691,43,0,23,88,176,0,0
24.091759,3.369000,120.000,14.824000,0.038000,120.094153,2691,43,0,23,88,176,0,0
24.104803,13.044000,120.000,14.824000,0.038000,120.094634,2691,43,0,23,88,176,0,0
24.107287,2.484000,120.000,14.824000,0.038000,120.095115,2691,43,0,23,88,176,0,0
24.121360,14.073000,120.000,14.824000,0.038000,120.095595,2691,43,0,23,88,176,0,0
24.123505,2.145000,120.000,14.824000,0.038000,120.096030,2691,43,0,23,88,176,0,0
24.138023,14.518000,120.000,14.824000,0.038000,120.096511,2691,43,0,23,88,176,0,0
24.139749,1.726000,120.000,14.824000,0.038000,120.096992,2691,43,0,23,88,176,0,0
24.154690,14.941000,120.000,14.824000,0.038000,120.097472,2691,43,0,23,88,176,0,0
24.156520,1.830000,120.000,14.824000,0.038000,120.097907,2691,43,0,23,88,176,0,0
24.171283,14.763000,120.000,14.824000,0.038000,120.098342,2691,43,0,23,88,176,0,0
24.173665,2.382000,120.000,14.824000,0.038000,120.098823,2691,43,0,23,88,176,0,0
24.187978,14.313000,120.000,14.824000,0.038000,120.099303,2691,43,0,23,88,176,0,0
24.189820,1.842000,120.000,14.824000,0.038000,120.099784,2691,43,0,23,88,176,0,0
24.204709,14.889000,120.000,14.824000,0.038000,120.100219,2691,43,0,23,88,176,0,0
24.206601,1.892000,120.000,14.824000,0.038000,120.100699,2691,43,0,23,88,176,0,0
24.221404,14.803000,120.000,14.824000,0.038000,120.101180,2691,43,0,23,88,176,0,0
24.224542,3.138000,120.000,14.824000,0.038000,120.101661,2691,43,0,23,88,176,0,0
24.238458,13.916000,120.000,14.824000,0.038000,120.102141,2691,43,0,23,88,176,0,0
24.243910,5.452000,120.000,14.824000,0.038000,120.102622,2691,43,0,23,88,176,0,0
24.254461,10.551000,120.000,14.824000,0.038000,120.103057,2691,43,0,23,88,176,0,0
24.257143,2.682000,120.000,14.824000,0.038000,120.103538,2691,43,0,23,88,176,0,0
24.271615,14.472000,120.000,14.824000,0.038000,120.104018,2691,43,0,23,88,176,0,0
24.274604,2.989000,120.000,14.824000,0.038000,120.104499,2691,43,0,23,88,176,0,0
24.288215,13.611000,120.000,14.824000,0.038000,120.104980,2691,43,0,23,88,176,0,0
24.291528,3.313000,120.000,14.824000,0.038000,120.105460,2691,43,0,23,88,176,0,0
24.305037,13.509000,120.000,14.824000,0.038000,120.105941,2691,43,0,23,88,176,0,0
24.308328,3.291000,120.000,14.824000,0.038000,120.106421,2691,43,0,23,88,176,0,0
24.321974,13.646000,120.000,14.824000,0.038000,120.106902,2691,43,0,23,88,176,0,0
24.327496,5.522000,120.000,14.824000,0.038000,120.107383,2691,43,0,23,88,176,0,0
24.337933,10.437000,120.000,14.824000,0.038000,120.107863,2691,43,0,23,88,176,0,0
24.341160,3.227000,120.000,14.824000,0.038000,120.108344,2691,43,0,23,88,176,0,0
24.355217,14.057000,120.000,14.824000,0.038000,120.108779,2691,43,0,23,88,176,0,0
24.358584,3.367000,120.000,14.824000,0.038000,120.109260,2691,43,0,23,88,176,0,0
24.371840,13.256000,120.000,14.824000,0.038000,120.109740,2691,43,0,23,88,176,0,0
24.373767,1.927000,120.000,14.824000,0.038000,120.110175,2691,43,0,23,88,176,0,0
24.388623,14.856000,120.000,14.824000,0.038000,120.110656,2691,43,0,23,88,176,0,0
24.390483,1.860000,120.000,14.824000,0.038000,120.111136,2691,43,0,23,88,176,0,0
24.405293,14.810000,120.000,14.824000,0.038000,120.111617,2691,43,0,23,88,176,0,0
24.407195,1.902000,120.000,14.888000,0.032000,120.112098,2691,43,0,23,88,176,0,0
24.421118,13.923000,120.000,14.888000,0.032000,120.112578,2691,43,0,23,88,176,0,0
24.423630,2.512000,120.000,14.888000,0.032000,120.113059,2691,43,0,23,88,176,0,0
24.438535,14.905000,120.000,14.888000,0.032000,120.113494,2691,43,0,23,88,176,0,0
24.440908,2.373000,120.000,14.888000,0.032000,120.113975,2691,43,0,23,88,176,0,0
24.455303,14.395000,120.000,14.888000,0.032000,120.114455,2691,43,0,23,88,176,0,0
24.457369,2.066000,120.000,14.888000,0.032000,120.114936,2691,43,0,23,88,176,0,0
24.471932,14.563000,120.000,14.888000,0.032000,120.115417,2691,43,0,23,88,176,0,0
24.474168,2.236000,120.000,14.888000,0.032000,120.115897,2691,43,0,23,88,176,0,0
24.488559,14.391000,120.000,14.888000,0.032000,120.116378,2691,43,0,23,88,176,0,0
24.491443,2.884000,120.000,14.888000,0.032000,120.116858,2691,43,0,23,88,176,0,0
24.505217,13.774000,120.000,14.888000,0.032000,120.117339,2691,43,0,23,88,176,0,0
24.508705,3.488000,120.000,14.888000,0.032000,120.117820,2691,43,0,23,88,176,0,0
24.521981,13.276000,120.000,14.888000,0.032000,120.118300,2691,43,0,23,88,176,0,0
24.527426,5.445000,120.000,14.888000,0.032000,120.118781,2691,43,0,23,88,176,0,0
24.538412,10.986000,120.000,14.888000,0.032000,120.119262,2691,43,0,23,88,176,0,0
24.540975,2.563000,120.000,14.888000,0.032000,120.119742,2691,43,0,23,88,176,0,0
24.555249,14.274000,120.000,14.888000,0.032000,120.120223,2691,43,0,23,88,176,0,0
24.557671,2.422000,120.000,14.888000,0.032000,120.120704,2691,43,0,23,88,176,0,0
24.571867,14.196000,120.000,14.888000,0.032000,120.121184,2691,43,0,23,88,176,0,0
24.574724,2.857000,120.000,14.888000,0.032000,120.121665,2691,43,0,23,88,176,0,0
24.588353,13.629000,120.000,14.888000,0.032000,120.122146,2691,43,0,23,88,176,0,0
24.591339,2.986000,120.000,14.888000,0.032000,120.122626,2691,43,0,23,88,176,0,0
24.605092,13.753000,120.000,14.888000,0.032000,120.123107,2691,43,0,23,88,176,0,0
24.608228,3.136000,120.000,14.888000,0.032000,120.123588,2691,43,0,23,88,176,0,0
24.621902,13.674000,120.000,14.888000,0.032000,120.124068,2691,43,0,23,88,176,0,0
24.625303,3.401000,120.000,14.888000,0.032000,120.124549,2691,43,0,23,88,176,0,0
24.638732,13.429000,120.000,14.888000,0.032000,120.125030,2691,43,0,23,88,176,0,0
24.642383,3.651000,120.000,14.888000,0.032000,120.125510,2691,43,0,23,88,176,0,0
24.654645,12.262000,120.000,14.888000,0.032000,120.125991,2691,43,0,23,88,176,0,0
24.657686,3.041000,120.000,14.888000,0.032000,120.126472,2691,43,0,23,88,176,0,0
24.671392,13.706000,120.000,14.888000,0.032000,120.126952,2691,43,0,23,88,176,0,0
24.674579,3.187000,120.000,14.888000,0.032000,120.127433,2691,43,0,23,88,176,0,0
24.688016,13.437000,120.000,14.888000,0.032000,120.127913,2691,43,0,23,88,176,0,0
24.691255,3.239000,120.000,14.888000,0.032000,120.128394,2691,43,0,23,88,176,0,0
24.704779,13.524000,120.000,14.888000,0.032000,120.128875,2691,43,0,23,88,176,0,0
24.708114,3.335000,120.000,14.888000,0.032000,120.129355,2691,43,0,23,88,176,0,0
24.721729,13.615000,120.000,14.888000,0.032000,120.129836,2691,43,0,23,88,176,0,0
24.725091,3.362000,120.000,14.888000,0.032000,120.130317,2691,43,0,23,88,176,0,0
24.738638,13.547000,120.000,14.888000,0.032000,120.130797,2691,43,0,23,88,176,0,0
24.740641,2.003000,120.000,14.888000,0.032000,120.131278,2691,43,0,23,88,176,0,0
24.755182,14.541000,120.000,14.888000,0.032000,120.131759,2691,43,0,23,88,176,0,0
24.757689,2.507000,120.000,14.888000,0.032000,120.132239,2691,43,0,23,88,176,0,0
24.771656,13.967000,120.000,14.888000,0.032000,120.132720,2691,43,0,23,88,176,0,0
24.774365,2.709000,120.000,14.888000,0.032000,120.133201,2691,43,0,23,88,176,0,0
24.788208,13.843000,120.000,14.888000,0.032000,120.133681,2691,43,0,23,88,176,0,0
24.790295,2.087000,120.000,14.888000,0.032000,120.134162,2691,43,0,23,88,176,0,0
24.805104,14.809000,120.000,14.888000,0.032000,120.134643,2691,43,0,23,88,176,0,0
24.809579,4.475000,120.000,14.888000,0.032000,120.135123,2691,43,0,23,88,176,0,0
24.821400,11.821000,120.000,14.888000,0.032000,120.135604,2691,43,0,23,88,176,0,0
24.823422,2.022000,120.000,14.888000,0.032000,120.136016,2691,43,0,23,88,176,0,0
24.838160,14.738000,120.000,14.888000,0.032000,120.136497,2691,43,0,23,88,176,0,0
24.840322,2.162000,120.000,14.888000,0.032000,120.136931,2691,43,0,23,88,176,0,0
24.855150,14.828000,120.000,14.888000,0.032000,120.137412,2691,43,0,23,88,176,0,0
24.860091,4.941000,120.000,14.888000,0.032000,120.137847,2691,43,0,23,88,176,0,0
24.871401,11.310000,120.000,14.888000,0.032000,120.138328,2691,43,0,23,88,176,0,0
24.874563,3.162000,120.000,14.888000,0.032000,120.138808,2691,43,0,23,88,176,0,0
24.888195,13.632000,120.000,14.888000,0.032000,120.139289,2691,43,0,23,88,176,0,0
24.891489,3.294000,120.000,14.888000,0.032000,120.139770,2691,43,0,23,88,176,0,0
24.905102,13.613000,120.000,14.888000,0.032000,120.140250,2691,43,0,23,88,176,0,0
24.908464,3.362000,120.000,14.888000,0.032000,120.140731,2691,43,0,23,88,176,0,0
24.921430,12.966000,120.000,14.888000,0.032000,120.141212,2691,43,0,23,88,176,0,0
24.924665,3.235000,120.000,14.888000,0.032000,120.141646,2691,43,0,23,88,176,0,0
24.938487,13.822000,120.000,14.888000,0.032000,120.142127,2691,43,0,23,88,176,0,0
24.941954,3.467000,120.000,14.888000,0.032000,120.142608,2691,43,0,23,88,176,0,0
24.955237,13.283000,120.000,14.888000,0.032000,120.143088,2691,43,0,23,88,176,0,0
24.957113,1.876000,120.000,14.888000,0.032000,120.143569,2691,43,0,23,88,176,0,0
24.971908,14.795000,120.000,14.888000,0.032000,120.144050,2691,43,0,23,88,176,0,0
24.973799,1.891000,120.000,14.888000,0.032000,120.144530,2691,43,0,23,88,176,0,0
24.988358,14.559000,120.000,14.888000,0.032000,120.145011,2691,43,0,23,88,176,0,0
24.990860,2.502000,120.000,14.888000,0.032000,120.145492,2691,43,0,23,88,176,0,0
25.005304,14.444000,120.000,14.888000,0.032000,120.145926,2691,43,0,23,88,176,0,0
25.007411,2.107000,120.000,14.888000,0.032000,120.146407,2691,43,0,23,88,176,0,0
25.021737,14.326000,120.000,14.888000,0.032000,120.146888,2691,43,0,23,88,176,0,0
25.024102,2.365000,120.000,14.888000,0.032000,120.147368,2691,43,0,23,88,176,0,0
25.038582,14.480000,120.000,14.888000,0.032000,120.147849,2691,43,0,23,88,176,0,0
25.040990,2.408000,120.000,14.888000,0.032000,120.148330,2691,43,0,23,88,176,0,0
25.055315,14.325000,120.000,14.888000,0.032000,120.148765,2691,43,0,23,88,176,0,0
25.059073,3.758000,120.000,14.888000,0.032000,120.149245,2691,43,0,23,88,176,0,0
25.071715,12.642000,120.000,14.888000,0.032000,120.149726,2691,43,0,23,88,176,0,0
25.074698,2.983000,120.000,14.888000,0.032000,120.150207,2691,43,0,23,88,176,0,0
25.088407,13.709000,120.000,14.888000,0.032000,120.150687,2691,43,0,23,88,176,0,0
25.091856,3.449000,120.000,14.888000,0.032000,120.151168,2691,43,0,23,88,176,0,0
25.105226,13.370000,120.000,14.888000,0.032000,120.151649,2691,43,0,23,88,176,0,0
25.108571,3.345000,120.000,14.888000,0.032000,120.152129,2691,43,0,23,88,176,0,0
25.121854,13.283000,120.000,14.888000,0.032000,120.152610,2691,43,0,23,88,176,0,0
25.125328,3.474000,120.000,14.888000,0.032000,120.153090,2691,43,0,23,88,176,0,0
25.138664,13.336000,120.000,14.888000,0.032000,120.153571,2691,43,0,23,88,176,0,0
25.142139,3.475000,120.000,14.888000,0.032000,120.154052,2691,43,0,23,88,176,0,0
25.154750,12.611000,120.000,14.888000,0.032000,120.154532,2691,43,0,23,88,176,0,0
25.158167,3.417000,120.000,14.888000,0.032000,120.154967,2691,43,0,23,88,176,0,0
25.171896,13.729000,120.000,14.888000,0.032000,120.155448,2691,43,0,23,88,176,0,0
25.175368,3.472000,120.000,14.888000,0.032000,120.155929,2691,43,0,23,88,176,0,0
25.188535,13.167000,120.000,14.888000,0.032000,120.156409,2691,43,0,23,88,176,0,0
25.190611,2.076000,120.000,14.888000,0.032000,120.156890,2691,43,0,23,88,176,0,0
25.205345,14.734000,120.000,14.888000,0.032000,120.157371,2691,43,0,23,88,176,0,0
25.209462,4.117000,120.000,14.888000,0.032000,120.157851,2691,43,0,23,88,176,0,0
25.221927,12.465000,120.000,14.888000,0.032000,120.158332,2691,43,0,23,88,176,0,0
25.224151,2.224000,120.000,14.888000,0.032000,120.158813,2691,43,0,23,88,176,0,0
25.238192,14.041000,120.000,14.888000,0.032000,120.159293,2691,43,0,23,88,176,0,0
25.240202,2.010000,120.000,14.888000,0.032000,120.159774,2691,43,0,23,88,176,0,0
25.254699,14.497000,120.000,14.888000,0.032000,120.160254,2691,43,0,23,88,176,0,0
25.256730,2.031000,120.000,14.888000,0.032000,120.160735,2691,43,0,23,88,176,0,0
25.271404,14.674000,120.000,14.888000,0.032000,120.161170,2691,43,0,23,88,176,0,0
25.273349,1.945000,120.000,14.888000,0.032000,120.161651,2691,43,0,23,88,176,0,0
25.288071,14.722000,120.000,14.888000,0.032000,120.162131,2691,43,0,23,88,176,0,0
25.290263,2.192000,120.000,14.888000,0.032000,120.162612,2691,43,0,23,88,176,0,0
25.304849,14.586000,120.000,14.888000,0.032000,120.163093,2691,43,0,23,88,176,0,0
25.308922,4.073000,120.000,14.888000,0.032000,120.163573,2691,43,0,23,88,176,0,0
25.321845,12.923000,120.000,14.888000,0.032000,120.164054,2691,43,0,23,88,176,0,0
25.326840,4.995000,120.000,14.888000,0.032000,120.164535,2691,43,0,23,88,176,0,0
25.338272,11.432000,120.000,14.888000,0.032000,120.164969,2691,43,0,23,88,176,0,0
25.341586,3.314000,120.000,14.888000,0.032000,120.165450,2691,43,0,23,88,176,0,0
25.355064,13.478000,120.000,14.888000,0.032000,120.165931,2691,43,0,23,88,176,0,0
25.358459,3.395000,120.000,14.888000,0.032000,120.166411,2691,43,0,23,88,176,0,0
25.371893,13.434000,120.000,14.888000,0.032000,120.166892,2691,43,0,23,88,176,0,0
25.373986,2.093000,120.000,14.888000,0.032000,120.167373,2691,43,0,23,88,176,0,0
25.388529,14.543000,120.000,14.888000,0.032000,120.167853,2691,43,0,23,88,176,0,0
25.393165,4.636000,120.000,14.888000,0.032000,120.168334,2691,43,0,23,88,176,0,0
25.404453,11.288000,120.000,14.888000,0.032000,120.168815,2691,43,0,23,88,176,0,0
25.406788,2.335000,120.000,14.840000,0.039000,120.169295,2691,43,0,23,88,176,0,0
25.421946,15.158000,120.000,14.840000,0.039000,120.169776,2691,43,0,23,88,176,0,0
25.424025,2.079000,120.000,14.840000,0.039000,120.170257,2691,43,0,23,88,176,0,0
25.438598,14.573000,120.000,14.840000,0.039000,120.170737,2691,43,0,23,88,176,0,0
25.440773,2.175000,120.000,14.840000,0.039000,120.171218,2691,43,0,23,88,176,0,0
25.455226,14.453000,120.000,14.840000,0.039000,120.171699,2691,43,0,23,88,176,0,0
25.457483,2.257000,120.000,14.840000,0.039000,120.172179,2691,43,0,23,88,176,0,0
25.471841,14.358000,120.000,14.840000,0.039000,120.172660,2691,43,0,23,88,176,0,0
25.477512,5.671000,120.000,14.840000,0.039000,120.173141,2691,43,0,23,88,176,0,0
25.487894,10.382000,120.000,14.840000,0.039000,120.173621,2691,43,0,23,88,176,0,0
25.490861,2.967000,120.000,14.840000,0.039000,120.174102,2691,43,0,23,88,176,0,0
25.505267,14.406000,120.000,14.840000,0.039000,120.174582,2691,43,0,23,88,176,0,0
25.508708,3.441000,120.000,14.840000,0.039000,120.175063,2691,43,0,23,88,176,0,0
25.521872,13.164000,120.000,14.840000,0.039000,120.175544,2691,43,0,23,88,176,0,0
25.525277,3.405000,120.000,14.840000,0.039000,120.176024,2691,43,0,23,88,176,0,0
25.538563,13.286000,120.000,14.840000,0.039000,120.176505,2691,43,0,23,88,176,0,0
25.540823,2.260000,120.000,14.840000,0.039000,120.176986,2691,43,0,23,88,176,0,0
25.555156,14.333000,120.000,14.840000,0.039000,120.177466,2691,43,0,23,88,176,0,0
25.557349,2.193000,120.000,14.840000,0.039000,120.177947,2691,43,0,23,88,176,0,0
25.571915,14.566000,120.000,14.840000,0.039000,120.178428,2691,43,0,23,88,176,0,0
25.573968,2.053000,120.000,14.840000,0.039000,120.178908,2691,43,0,23,88,176,0,0
25.588571,14.603000,120.000,14.840000,0.039000,120.179389,2691,43,0,23,88,176,0,0
25.590815,2.244000,120.000,14.840000,0.039000,120.179870,2691,43,0,23,88,176,0,0
25.605194,14.379000,120.000,14.840000,0.039000,120.180350,2691,43,0,23,88,176,0,0
25.607376,2.182000,120.000,14.840000,0.039000,120.180831,2691,43,0,23,88,176,0,0
25.621983,14.607000,120.000,14.840000,0.039000,120.181312,2691,43,0,23,88,176,0,0
25.626116,4.133000,120.000,14.840000,0.039000,120.181792,2691,43,0,23,88,176,0,0
25.638588,12.472000,120.000,14.840000,0.039000,120.182273,2691,43,0,23,88,176,0,0
25.641023,2.435000,120.000,14.840000,0.039000,120.182754,2691,43,0,23,88,176,0,0
25.654842,13.819000,120.000,14.840000,0.039000,120.183234,2691,43,0,23,88,176,0,0
25.657846,3.004000,120.000,14.840000,0.039000,120.183715,2691,43,0,23,88,176,0,0
25.671893,14.047000,120.000,14.840000,0.039000,120.184196,2691,43,0,23,88,176,0,0
25.675397,3.504000,120.000,14.840000,0.039000,120.184676,2691,43,0,23,88,176,0,0
25.688505,13.108000,120.000,14.840000,0.039000,120.185157,2691,43,0,23,88,176,0,0
25.692023,3.518000,120.000,14.840000,0.039000,120.185637,2691,43,0,23,88,176,0,0
25.705296,13.273000,120.000,14.840000,0.039000,120.186118,2691,43,0,23,88,176,0,0
25.708729,3.433000,120.000,14.840000,0.039000,120.186599,2691,43,0,23,88,176,0,0
25.721897,13.168000,120.000,14.840000,0.039000,120.187079,2691,43,0,23,88,176,0,0
25.725324,3.427000,120.000,14.840000,0.039000,120.187560,2691,43,0,23,88,176,0,0
25.738527,13.203000,120.000,14.840000,0.039000,120.188041,2691,43,0,23,88,176,0,0
25.742027,3.500000,120.000,14.840000,0.039000,120.188521,2691,43,0,23,88,176,0,0
25.755171,13.144000,120.000,14.840000,0.039000,120.189002,2691,43,0,23,88,176,0,0
25.758512,3.341000,120.000,14.840000,0.039000,120.189483,2691,43,0,23,88,176,0,0
25.771920,13.408000,120.000,14.840000,0.039000,120.189963,2691,43,0,23,88,176,0,0
25.775351,3.431000,120.000,14.840000,0.039000,120.190398,2691,43,0,23,88,176,0,0
25.788553,13.202000,120.000,14.840000,0.039000,120.190879,2691,43,0,23,88,176,0,0
25.792071,3.518000,120.000,14.840000,0.039000,120.191360,2691,43,0,23,88,176,0,0
25.805162,13.091000,120.000,14.840000,0.039000,120.191840,2691,43,0,23,88,176,0,0
25.808664,3.502000,120.000,14.840000,0.039000,120.192321,2691,43,0,23,88,176,0,0
25.821839,13.175000,120.000,14.840000,0.039000,120.192801,2691,43,0,23,88,176,0,0
25.825363,3.524000,120.000,14.840000,0.039000,120.193282,2691,43,0,23,88,176,0,0
25.838626,13.263000,120.000,14.840000,0.039000,120.193763,2691,43,0,23,88,176,0,0
25.843738,5.112000,120.000,14.840000,0.039000,120.194243,2691,43,0,23,88,176,0,0
25.855227,11.489000,120.000,14.840000,0.039000,120.194724,2691,43,0,23,88,176,0,0
25.858613,3.386000,120.000,14.840000,0.039000,120.195205,2691,43,0,23,88,176,0,0
25.871837,13.224000,120.000,14.840000,0.039000,120.195685,2691,43,0,23,88,176,0,0
25.875069,3.232000,120.000,14.840000,0.039000,120.196166,2691,43,0,23,88,176,0,0
25.888658,13.589000,120.000,14.840000,0.039000,120.196647,2691,43,0,23,88,176,0,0
25.892202,3.544000,120.000,14.840000,0.039000,120.197127,2691,43,0,23,88,176,0,0
25.905078,12.876000,120.000,14.840000,0.039000,120.197608,2691,43,0,23,88,176,0,0
25.908537,3.459000,120.000,14.840000,0.039000,120.198089,2691,43,0,23,88,176,0,0
25.921761,13.224000,120.000,14.840000,0.039000,120.198569,2691,43,0,23,88,176,0,0
25.925188,3.427000,120.000,14.840000,0.039000,120.199050,2691,43,0,23,88,176,0,0
25.938230,13.042000,120.000,14.840000,0.039000,120.199531,2691,43,0,23,88,176,0,0
25.941487,3.257000,120.000,14.840000,0.039000,120.199965,2691,43,0,23,88,176,0,0
25.955074,13.587000,120.000,14.840000,0.039000,120.200446,2691,43,0,23,88,176,0,0
25.958421,3.347000,120.000,14.840000,0.039000,120.200927,2691,43,0,23,88,176,0,0
25.971739,13.318000,120.000,14.840000,0.039000,120.201407,2691,43,0,23,88,176,0,0
25.975079,3.340000,120.000,14.840000,0.039000,120.201888,2691,43,0,23,88,176,0,0
25.988298,13.219000,120.000,14.840000,0.039000,120.202369,2691,43,0,23,88,176,0,0
25.993148,4.850000,120.000,14.840000,0.039000,120.202849,2691,43,0,23,88,176,0,0
26.004820,11.672000,120.000,14.840000,0.039000,120.203330,2691,43,0,23,88,176,0,0
26.008105,3.285000,120.000,14.840000,0.039000,120.203765,2691,43,0,23,88,176,0,0
26.021695,13.590000,120.000,14.840000,0.039000,120.204246,2691,43,0,23,88,176,0,0
26.023619,1.924000,120.000,14.840000,0.039000,120.204726,2691,43,0,23,88,176,0,0
26.038428,14.809000,120.000,14.840000,0.039000,120.205207,2691,43,0,23,88,176,0,0
26.040463,2.035000,120.000,14.840000,0.039000,120.205688,2691,43,0,23,88,176,0,0
26.055118,14.655000,120.000,14.840000,0.039000,120.206168,2691,43,0,23,88,176,0,0
26.057057,1.939000,120.000,14.840000,0.039000,120.206649,2691,43,0,23,88,176,0,0
26.071762,14.705000,120.000,14.840000,0.039000,120.207129,2691,43,0,23,88,176,0,0
26.073949,2.187000,120.000,14.840000,0.039000,120.207610,2691,43,0,23,88,176,0,0
26.088530,14.581000,120.000,14.840000,0.039000,120.208091,2691,43,0,23,88,176,0,0
26.090643,2.113000,120.000,14.840000,0.039000,120.208526,2691,43,0,23,88,176,0,0
26.105278,14.635000,120.000,14.840000,0.039000,120.209006,2691,43,0,23,88,176,0,0
26.108778,3.500000,120.000,14.840000,0.039000,120.209487,2691,43,0,23,88,176,0,0
26.121937,13.159000,120.000,14.840000,0.039000,120.209968,2691,43,0,23,88,176,0,0
26.124151,2.214000,120.000,14.840000,0.039000,120.210448,2691,43,0,23,88,176,0,0
26.138532,14.381000,120.000,14.840000,0.039000,120.210929,2691,43,0,23,88,176,0,0
26.143174,4.642000,120.000,14.840000,0.039000,120.211410,2691,43,0,23,88,176,0,0
26.155208,12.034000,120.000,14.840000,0.039000,120.211890,2691,43,0,23,88,176,0,0
26.158631,3.423000,120.000,14.840000,0.039000,120.212371,2691,43,0,23,88,176,0,0
26.171987,13.356000,120.000,14.840000,0.039000,120.212852,2691,43,0,23,88,176,0,0
26.175389,3.402000,120.000,14.840000,0.039000,120.213332,2691,43,0,23,88,176,0,0
26.188003,12.614000,120.000,14.840000,0.039000,120.213813,2691,43,0,23,88,176,0,0
26.190989,2.986000,120.000,14.840000,0.039000,120.214293,2691,43,0,23,88,176,0,0
26.204743,13.754000,120.000,14.840000,0.039000,120.214774,2691,43,0,23,88,176,0,0
26.207878,3.135000,120.000,14.840000,0.039000,120.215255,2691,43,0,23,88,176,0,0
26.221357,13.479000,120.000,14.840000,0.039000,120.215735,2691,43,0,23,88,176,0,0
26.224549,3.192000,120.000,14.840000,0.039000,120.216216,2691,43,0,23,88,176,0,0
26.238027,13.478000,120.000,14.840000,0.039000,120.216697,2691,43,0,23,88,176,0,0
26.241315,3.288000,120.000,14.840000,0.039000,120.217177,2691,43,0,23,88,176,0,0
26.254795,13.480000,120.000,14.840000,0.039000,120.217658,2691,43,0,23,88,176,0,0
26.258058,3.263000,120.000,14.840000,0.039000,120.218139,2691,43,0,23,88,176,0,0
26.271871,13.813000,120.000,14.840000,0.039000,120.218619,2691,43,0,23,88,176,0,0
26.273876,2.005000,120.000,14.840000,0.039000,120.219100,2691,43,0,23,88,176,0,0
26.288402,14.526000,120.000,14.840000,0.039000,120.219581,2691,43,0,23,88,176,0,0
26.290471,2.069000,120.000,14.840000,0.039000,120.220061,2691,43,0,23,88,176,0,0
26.305075,14.604000,120.000,14.840000,0.039000,120.220542,2691,43,0,23,88,176,0,0
26.308360,3.285000,120.000,14.840000,0.039000,120.221023,2691,43,0,23,88,176,0,0
26.321920,13.560000,120.000,14.840000,0.039000,120.221457,2691,43,0,23,88,176,0,0
26.325091,3.171000,120.000,14.840000,0.039000,120.221892,2691,43,0,23,88,176,0,0
26.338621,13.530000,120.000,14.840000,0.039000,120.222373,2691,43,0,23,88,176,0,0
26.344250,5.629000,120.000,14.840000,0.039000,120.222854,2691,43,0,23,88,176,0,0
26.354644,10.394000,120.000,14.840000,0.039000,120.223289,2691,43,0,23,88,176,0,0
26.357240,2.596000,120.000,14.840000,0.039000,120.223769,2691,43,0,23,88,176,0,0
26.371978,14.738000,120.000,14.840000,0.039000,120.224204,2691,43,0,23,88,176,0,0
26.374287,2.309000,120.000,14.840000,0.039000,120.224685,2691,43,0,23,88,176,0,0
26.388621,14.334000,120.000,14.840000,0.039000,120.225165,2691,43,0,23,88,176,0,0
26.391561,2.940000,120.000,14.840000,0.039000,120.225646,2691,43,0,23,88,176,0,0
26.405207,13.646000,120.000,14.840000,0.039000,120.226127,2691,43,0,23,88,176,0,0
26.408630,3.423000,120.000,15.086000,0.032000,120.226607,2691,43,0,23,88,176,0,0
26.421847,13.217000,120.000,15.086000,0.032000,120.227042,2691,43,0,23,88,176,0,0
26.425225,3.378000,120.000,15.086000,0.032000,120.227523,2691,43,0,23,88,176,0,0
26.438446,13.221000,120.000,15.086000,0.032000,120.228004,2691,43,0,23,88,176,0,0
26.441928,3.482000,120.000,15.086000,0.032000,120.228484,2691,43,0,23,88,176,0,0
26.455156,13.228000,120.000,15.086000,0.032000,120.228965,2691,43,0,23,88,176,0,0
26.458698,3.542000,120.000,15.086000,0.032000,120.229445,2691,43,0,23,88,176,0,0
26.471905,13.207000,120.000,15.086000,0.032000,120.229926,2691,43,0,23,88,176,0,0
26.475324,3.419000,120.000,15.086000,0.032000,120.230407,2691,43,0,23,88,176,0,0
26.488527,13.203000,120.000,15.086000,0.032000,120.230887,2691,43,0,23,88,176,0,0
26.492066,3.539000,120.000,15.086000,0.032000,120.231368,2691,43,0,23,88,176,0,0
26.505170,13.104000,120.000,15.086000,0.032000,120.231849,2691,43,0,23,88,176,0,0
26.508492,3.322000,120.000,15.086000,0.032000,120.232284,2691,43,0,23,88,176,0,0
26.521828,13.336000,120.000,15.086000,0.032000,120.232764,2691,43,0,23,88,176,0,0
26.527239,5.411000,120.000,15.086000,0.032000,120.233245,2691,43,0,23,88,176,0,0
26.538530,11.291000,120.000,15.086000,0.032000,120.233726,2691,43,0,23,88,176,0,0
26.541978,3.448000,120.000,15.086000,0.032000,120.234160,2691,43,0,23,88,176,0,0
26.555226,13.248000,120.000,15.086000,0.032000,120.234641,2691,43,0,23,88,176,0,0
26.558797,3.571000,120.000,15.086000,0.032000,120.235122,2691,43,0,23,88,176,0,0
26.571321,12.524000,120.000,15.086000,0.032000,120.235602,2691,43,0,23,88,176,0,0
26.574749,3.428000,120.000,15.086000,0.032000,120.236083,2691,43,0,23,88,176,0,0
26.588449,13.700000,120.000,15.086000,0.032000,120.236564,2691,43,0,23,88,176,0,0
26.591847,3.398000,120.000,15.086000,0.032000,120.237044,2691,43,0,23,88,176,0,0
26.605271,13.424000,120.000,15.086000,0.032000,120.237525,2691,43,0,23,88,176,0,0
26.608683,3.412000,120.000,15.086000,0.032000,120.238006,2691,43,0,23,88,176,0,0
26.621732,13.049000,120.000,15.086000,0.032000,120.238486,2691,43,0,23,88,176,0,0
26.625235,3.503000,120.000,15.086000,0.032000,120.238967,2691,43,0,23,88,176,0,0
26.637985,12.750000,120.000,15.086000,0.032000,120.239448,2691,43,0,23,88,176,0,0
26.641378,3.393000,120.000,15.086000,0.032000,120.239928,2691,43,0,23,88,176,0,0
26.655301,13.923000,120.000,15.086000,0.032000,120.240409,2691,43,0,23,88,176,0,0
26.658711,3.410000,120.000,15.086000,0.032000,120.240890,2691,43,0,23,88,176,0,0
26.671928,13.217000,120.000,15.086000,0.032000,120.241370,2691,43,0,23,88,176,0,0
26.675348,3.420000,120.000,15.086000,0.032000,120.241851,2691,43,0,23,88,176,0,0
26.688544,13.196000,120.000,15.086000,0.032000,120.242332,2691,43,0,23,88,176,0,0
26.692030,3.486000,120.000,15.086000,0.032000,120.242812,2691,43,0,23,88,176,0,0
26.705192,13.162000,120.000,15.086000,0.032000,120.243247,2691,43,0,23,88,176,0,0
26.708694,3.502000,120.000,15.086000,0.032000,120.243728,2691,43,0,23,88,176,0,0
26.721778,13.084000,120.000,15.086000,0.032000,120.244208,2691,43,0,23,88,176,0,0
26.725254,3.476000,120.000,15.086000,0.032000,120.244689,2691,43,0,23,88,176,0,0
26.738579,13.325000,120.000,15.086000,0.032000,120.245170,2691,43,0,23,88,176,0,0
26.741990,3.411000,120.000,15.086000,0.032000,120.245650,2691,43,0,23,88,176,0,0
26.755190,13.200000,120.000,15.086000,0.032000,120.246085,2691,43,0,23,88,176,0,0
26.758620,3.430000,120.000,15.086000,0.032000,120.246520,2691,43,0,23,88,176,0,0
26.771872,13.252000,120.000,15.086000,0.032000,120.246955,2691,43,0,23,88,176,0,0
26.775393,3.521000,120.000,15.086000,0.032000,120.247436,2691,43,0,23,88,176,0,0
26.788523,13.130000,120.000,15.086000,0.032000,120.247916,2691,43,0,23,88,176,0,0
26.792024,3.501000,120.000,15.086000,0.032000,120.248397,2691,43,0,23,88,176,0,0
26.805275,13.251000,120.000,15.086000,0.032000,120.248878,2691,43,0,23,88,176,0,0
26.808419,3.144000,120.000,15.086000,0.032000,120.249358,2691,43,0,23,88,176,0,0
26.821901,13.482000,120.000,15.086000,0.032000,120.249839,2691,43,0,23,88,176,0,0
26.825326,3.425000,120.000,15.086000,0.032000,120.250319,2691,43,0,23,88,176,0,0
26.838538,13.212000,120.000,15.086000,0.032000,120.250800,2691,43,0,23,88,176,0,0
26.842126,3.588000,120.000,15.086000,0.032000,120.251281,2691,43,0,23,88,176,0,0
26.855141,13.015000,120.000,15.086000,0.032000,120.251761,2691,43,0,23,88,176,0,0
26.858643,3.502000,120.000,15.086000,0.032000,120.252242,2691,43,0,23,88,176,0,0
26.871751,13.108000,120.000,15.086000,0.032000,120.252723,2691,43,0,23,88,176,0,0
26.875219,3.468000,120.000,15.086000,0.032000,120.253203,2691,43,0,23,88,176,0,0
26.888412,13.193000,120.000,15.086000,0.032000,120.253684,2691,43,0,23,88,176,0,0
26.891956,3.544000,120.000,15.086000,0.032000,120.254165,2691,43,0,23,88,176,0,0
26.905228,13.272000,120.000,15.086000,0.032000,120.254645,2691,43,0,23,88,176,0,0
26.909368,4.140000,120.000,15.086000,0.032000,120.255126,2691,43,0,23,88,176,0,0
26.921833,12.465000,120.000,15.086000,0.032000,120.255607,2691,43,0,23,88,176,0,0
26.924810,2.977000,120.000,15.086000,0.032000,120.256087,2691,43,0,23,88,176,0,0
26.938476,13.666000,120.000,15.086000,0.032000,120.256522,2691,43,0,23,88,176,0,0
26.941187,2.711000,120.000,15.086000,0.032000,120.257003,2691,43,0,23,88,176,0,0
26.955236,14.049000,120.000,15.086000,0.032000,120.257483,2691,43,0,23,88,176,0,0
26.957967,2.731000,120.000,15.086000,0.032000,120.257964,2691,43,0,23,88,176,0,0
26.971341,13.374000,120.000,15.086000,0.032000,120.258445,2691,43,0,23,88,176,0,0
26.974058,2.717000,120.000,15.086000,0.032000,120.258925,2691,43,0,23,88,176,0,0
26.988483,14.425000,120.000,15.086000,0.032000,120.259406,2691,43,0,23,88,176,0,0
26.991031,2.548000,120.000,15.086000,0.032000,120.259887,2691,43,0,23,88,176,0,0
27.005149,14.118000,120.000,15.086000,0.032000,120.260367,2691,43,0,23,88,176,0,0
27.008453,3.304000,120.000,15.086000,0.032000,120.260848,2691,43,0,23,88,176,0,0
27.021490,13.037000,120.000,15.086000,0.032000,120.261329,2691,43,0,23,88,176,0,0
27.025028,3.538000,120.000,15.086000,0.032000,120.261764,2691,43,0,23,88,176,0,0
27.038570,13.542000,120.000,15.086000,0.032000,120.262244,2691,43,0,23,88,176,0,0
27.042138,3.568000,120.000,15.086000,0.032000,120.262679,2691,43,0,23,88,176,0,0
27.055342,13.204000,120.000,15.086000,0.032000,120.263160,2691,43,0,23,88,176,0,0
27.060562,5.220000,120.000,15.086000,0.032000,120.263640,2691,43,0,23,88,176,0,0
27.071425,10.863000,120.000,15.086000,0.032000,120.264121,2691,43,0,23,88,176,0,0
27.075420,3.995000,120.000,15.086000,0.032000,120.264602,2691,43,0,23,88,176,0,0
27.087898,12.478000,120.000,15.086000,0.032000,120.265037,2691,43,0,23,88,176,0,0
27.091260,3.362000,120.000,15.086000,0.032000,120.265517,2691,43,0,23,88,176,0,0
27.104672,13.412000,120.000,15.086000,0.032000,120.265952,2691,43,0,23,88,176,0,0
27.108027,3.355000,120.000,15.086000,0.032000,120.266433,2691,43,0,23,88,176,0,0
27.121549,13.522000,120.000,15.086000,0.032000,120.266913,2691,43,0,23,88,176,0,0
27.124687,3.138000,120.000,15.086000,0.032000,120.267394,2691,43,0,23,88,176,0,0
27.138181,13.494000,120.000,15.086000,0.032000,120.267875,2691,43,0,23,88,176,0,0
27.141337,3.156000,120.000,15.086000,0.032000,120.268355,2691,43,0,23,88,176,0,0
27.154569,13.232000,120.000,15.086000,0.032000,120.268836,2691,43,0,23,88,176,0,0
27.157841,3.272000,120.000,15.086000,0.032000,120.269317,2691,43,0,23,88,176,0,0
27.171307,13.466000,120.000,15.086000,0.032000,120.269797,2691,43,0,23,88,176,0,0
27.174384,3.077000,120.000,15.086000,0.032000,120.270278,2691,43,0,23,88,176,0,0
27.188066,13.682000,120.000,15.086000,0.032000,120.270759,2691,43,0,23,88,176,0,0
27.191374,3.308000,120.000,15.086000,0.032000,120.271239,2691,43,0,23,88,176,0,0
27.205023,13.649000,120.000,15.086000,0.032000,120.271720,2691,43,0,23,88,176,0,0
27.208419,3.396000,120.000,15.086000,0.032000,120.272201,2691,43,0,23,88,176,0,0
27.221721,13.302000,120.000,15.086000,0.032000,120.272681,2691,43,0,23,88,176,0,0
27.225113,3.392000,120.000,15.086000,0.032000,120.273162,2691,43,0,23,88,176,0,0
27.238546,13.433000,120.000,15.086000,0.032000,120.273643,2691,43,0,23,88,176,0,0
27.241894,3.348000,120.000,15.086000,0.032000,120.274123,2691,43,0,23,88,176,0,0
27.255198,13.304000,120.000,15.086000,0.032000,120.274604,2691,43,0,23,88,176,0,0
27.258121,2.923000,120.000,15.086000,0.032000,120.275084,2691,43,0,23,88,176,0,0
27.271776,13.655000,120.000,15.086000,0.032000,120.275565,2691,43,0,23,88,176,0,0
27.274542,2.766000,120.000,15.086000,0.032000,120.276046,2691,43,0,23,88,176,0,0
27.288550,14.008000,120.000,15.086000,0.032000,120.276526,2691,43,0,23,88,176,0,0
27.291267,2.717000,120.000,15.086000,0.032000,120.276961,2691,43,0,23,88,176,0,0
27.305260,13.993000,120.000,15.086000,0.032000,120.277442,2691,43,0,23,88,176,0,0
27.308003,2.743000,120.000,15.086000,0.032000,120.277877,2691,43,0,23,88,176,0,0
27.321842,13.839000,120.000,15.086000,0.032000,120.278358,2691,43,0,23,88,176,0,0
27.326015,4.173000,120.000,15.086000,0.032000,120.278838,2691,43,0,23,88,176,0,0
27.338459,12.444000,120.000,15.086000,0.032000,120.279319,2691,43,0,23,88,176,0,0
27.341814,3.355000,120.000,15.086000,0.032000,120.279799,2691,43,0,23,88,176,0,0
27.355090,13.276000,120.000,15.086000,0.032000,120.280280,2691,43,0,23,88,176,0,0
27.360593,5.503000,120.000,15.086000,0.032000,120.280715,2691,43,0,23,88,176,0,0
27.371861,11.268000,120.000,15.086000,0.032000,120.281196,2691,43,0,23,88,176,0,0
27.375240,3.379000,120.000,15.086000,0.032000,120.281676,2691,43,0,23,88,176,0,0
27.388116,12.876000,120.000,15.086000,0.032000,120.282111,2691,43,0,23,88,176,0,0
27.391496,3.380000,120.000,15.086000,0.032000,120.282592,2691,43,0,23,88,176,0,0
27.405130,13.634000,120.000,15.086000,0.032000,120.283072,2691,43,0,23,88,176,0,0
27.408526,3.396000,120.000,14.360000,0.033000,120.283507,2691,43,0,23,88,176,0,0
27.421938,13.412000,120.000,14.360000,0.033000,120.283988,2691,43,0,23,88,176,0,0
27.425333,3.395000,120.000,14.360000,0.033000,120.284469,2691,43,0,23,88,176,0,0
27.438554,13.221000,120.000,14.360000,0.033000,120.284949,2691,43,0,23,88,176,0,0
27.441797,3.243000,120.000,14.360000,0.033000,120.285430,2691,43,0,23,88,176,0,0
27.455177,13.380000,120.000,14.360000,0.033000,120.285911,2691,43,0,23,88,176,0,0
27.458163,2.986000,120.000,14.360000,0.033000,120.286391,2691,43,0,23,88,176,0,0
27.471824,13.661000,120.000,14.360000,0.033000,120.286872,2691,43,0,23,88,176,0,0
27.474779,2.955000,120.000,14.360000,0.033000,120.287353,2691,43,0,23,88,176,0,0
27.488612,13.833000,120.000,14.360000,0.033000,120.287833,2691,43,0,23,88,176,0,0
27.491861,3.249000,120.000,14.360000,0.033000,120.288314,2691,43,0,23,88,176,0,0
27.505214,13.353000,120.000,14.360000,0.033000,120.288795,2691,43,0,23,88,176,0,0
27.508687,3.473000,120.000,14.360000,0.033000,120.289275,2691,43,0,23,88,176,0,0
27.521318,12.631000,120.000,14.360000,0.033000,120.289756,2691,43,0,23,88,176,0,0
27.524801,3.483000,120.000,14.360000,0.033000,120.290236,2691,43,0,23,88,176,0,0
27.537919,13.118000,120.000,14.360000,0.033000,120.290717,2691,43,0,23,88,176,0,0
27.542054,4.135000,120.000,14.360000,0.033000,120.291198,2691,43,0,23,88,176,0,0
27.554723,12.669000,120.000,14.360000,0.033000,120.291678,2691,43,0,23,88,176,0,0
27.558141,3.418000,120.000,14.360000,0.033000,120.292159,2691,43,0,23,88,176,0,0
27.571920,13.779000,120.000,14.360000,0.033000,120.292640,2691,43,0,23,88,176,0,0
27.575464,3.544000,120.000,14.360000,0.033000,120.293075,2691,43,0,23,88,176,0,0
27.588548,13.084000,120.000,14.360000,0.033000,120.293555,2691,43,0,23,88,176,0,0
27.592086,3.538000,120.000,14.360000,0.033000,120.294036,2691,43,0,23,88,176,0,0
27.605172,13.086000,120.000,14.360000,0.033000,120.294517,2691,43,0,23,88,176,0,0
27.607757,2.585000,120.000,14.360000,0.033000,120.294997,2691,43,0,23,88,176,0,0
27.622042,14.285000,120.000,14.360000,0.033000,120.295478,2691,43,0,23,88,176,0,0
27.624627,2.585000,120.000,14.360000,0.033000,120.295959,2691,43,0,23,88,176,0,0
27.638404,13.777000,120.000,14.360000,0.033000,120.296439,2691,43,0,23,88,176,0,0
27.640754,2.350000,120.000,14.360000,0.033000,120.296920,2691,43,0,23,88,176,0,0
27.654676,13.922000,120.000,14.360000,0.033000,120.297400,2691,43,0,23,88,176,0,0
27.658522,3.846000,120.000,14.360000,0.033000,120.297881,2691,43,0,23,88,176,0,0
27.671318,12.796000,120.000,14.360000,0.033000,120.298362,2691,43,0,23,88,176,0,0
27.675025,3.707000,120.000,14.360000,0.033000,120.298842,2691,43,0,23,88,176,0,0
27.688126,13.101000,120.000,14.360000,0.033000,120.299323,2691,43,0,23,88,176,0,0
27.690565,2.439000,120.000,14.360000,0.033000,120.299804,2691,43,0,23,88,176,0,0
27.704716,14.151000,120.000,14.360000,0.033000,120.300284,2691,43,0,23,88,176,0,0
27.706951,2.235000,120.000,14.360000,0.033000,120.300765,2691,43,0,23,88,176,0,0
27.721856,14.905000,120.000,14.360000,0.033000,120.301246,2691,43,0,23,88,176,0,0
27.727002,5.146000,120.000,14.360000,0.033000,120.301726,2691,43,0,23,88,176,0,0
27.738205,11.203000,120.000,14.360000,0.033000,120.302207,2691,43,0,23,88,176,0,0
27.741500,3.295000,120.000,14.360000,0.033000,120.302688,2691,43,0,23,88,176,0,0
27.754952,13.452000,120.000,14.360000,0.033000,120.303088,2691,43,0,23,88,176,0,0
27.758342,3.390000,120.000,14.360000,0.033000,120.303569,2691,43,0,23,88,176,0,0
27.771920,13.578000,120.000,14.360000,0.033000,120.304049,2691,43,0,23,88,176,0,0
27.774283,2.363000,120.000,14.360000,0.033000,120.304484,2691,43,0,23,88,176,0,0
27.788564,14.281000,120.000,14.360000,0.033000,120.304965,2691,43,0,23,88,176,0,0
27.790761,2.197000,120.000,14.360000,0.033000,120.305446,2691,43,0,23,88,176,0,0
27.805196,14.435000,120.000,14.360000,0.033000,120.305926,2691,43,0,23,88,176,0,0
27.809082,3.886000,120.000,14.360000,0.033000,120.306407,2691,43,0,23,88,176,0,0
27.821290,12.208000,120.000,14.360000,0.033000,120.306888,2691,43,0,23,88,176,0,0
27.823952,2.662000,120.000,14.360000,0.033000,120.307323,2691,43,0,23,88,176,0,0
27.838432,14.480000,120.000,14.360000,0.033000,120.307803,2691,43,0,23,88,176,0,0
27.841230,2.798000,120.000,14.360000,0.033000,120.308284,2691,43,0,23,88,176,0,0
27.855114,13.884000,120.000,14.360000,0.033000,120.308719,2691,43,0,23,88,176,0,0
27.857554,2.440000,120.000,14.360000,0.033000,120.309199,2691,43,0,23,88,176,0,0
27.871586,14.032000,120.000,14.360000,0.033000,120.309680,2691,43,0,23,88,176,0,0
27.873739,2.153000,120.000,14.360000,0.033000,120.310161,2691,43,0,23,88,176,0,0
27.887956,14.217000,120.000,14.360000,0.033000,120.310641,2691,43,0,23,88,176,0,0
27.891681,3.725000,120.000,14.360000,0.033000,120.311122,2691,43,0,23,88,176,0,0
27.905149,13.468000,120.000,14.360000,0.033000,120.311603,2691,43,0,23,88,176,0,0
27.909629,4.480000,120.000,14.360000,0.033000,120.312083,2691,43,0,23,88,176,0,0
27.921612,11.983000,120.000,14.360000,0.033000,120.312564,2691,43,0,23,88,176,0,0
27.926184,4.572000,120.000,14.360000,0.033000,120.313045,2691,43,0,23,88,176,0,0
27.937912,11.728000,120.000,14.360000,0.033000,120.313525,2691,43,0,23,88,176,0,0
27.941118,3.206000,120.000,14.360000,0.033000,120.314006,2691,43,0,23,88,176,0,0
27.954668,13.550000,120.000,14.360000,0.033000,120.314487,2691,43,0,23,88,176,0,0
27.957962,3.294000,120.000,14.360000,0.033000,120.314967,2691,43,0,23,88,176,0,0
27.971542,13.580000,120.000,14.360000,0.033000,120.315448,2691,43,0,23,88,176,0,0
27.974908,3.366000,120.000,14.360000,0.033000,120.315928,2691,43,0,23,88,176,0,0
27.988288,13.380000,120.000,14.360000,0.033000,120.316409,2691,43,0,23,88,176,0,0
27.992033,3.745000,120.000,14.360000,0.033000,120.316890,2691,43,0,23,88,176,0,0
28.004970,12.937000,120.000,14.360000,0.033000,120.317370,2691,43,0,23,88,176,0,0
28.007900,2.930000,120.000,14.360000,0.033000,120.317805,2691,43,0,23,88,176,0,0
28.021392,13.492000,120.000,14.360000,0.033000,120.318206,2691,43,0,23,88,176,0,0
28.025054,3.662000,120.000,14.360000,0.033000,120.318686,2691,43,0,23,88,176,0,0
28.037977,12.923000,120.000,14.360000,0.033000,120.319167,2691,43,0,23,88,176,0,0
28.040138,2.161000,120.000,14.360000,0.033000,120.319648,2691,43,0,23,88,176,0,0
28.054605,14.467000,120.000,14.360000,0.033000,120.320128,2691,43,0,23,88,176,0,0
28.056561,1.956000,120.000,14.360000,0.033000,120.320609,2691,43,0,23,88,176,0,0
28.071356,14.795000,120.000,14.360000,0.033000,120.321090,2691,43,0,23,88,176,0,0
28.073692,2.336000,120.000,14.360000,0.033000,120.321570,2691,43,0,23,88,176,0,0
28.088041,14.349000,120.000,14.360000,0.033000,120.322051,2691,43,0,23,88,176,0,0
28.090145,2.104000,120.000,14.360000,0.033000,120.322532,2691,43,0,23,88,176,0,0
28.104719,14.574000,120.000,14.360000,0.033000,120.323012,2691,43,0,23,88,176,0,0
28.107109,2.390000,120.000,14.360000,0.033000,120.323493,2691,43,0,23,88,176,0,0
28.121530,14.421000,120.000,14.360000,0.033000,120.323974,2691,43,0,23,88,176,0,0
28.124616,3.086000,120.000,14.360000,0.033000,120.324409,2691,43,0,23,88,176,0,0
28.138191,13.575000,120.000,14.360000,0.033000,120.324889,2691,43,0,23,88,176,0,0
28.141631,3.440000,120.000,14.360000,0.033000,120.325370,2691,43,0,23,88,176,0,0
28.154470,12.839000,120.000,14.360000,0.033000,120.325850,2691,43,0,23,88,176,0,0
28.157825,3.355000,120.000,14.360000,0.033000,120.326285,2691,43,0,23,88,176,0,0
28.171795,13.970000,120.000,14.360000,0.033000,120.328048,2691,43,0,23,88,176,0,0
28.175298,3.503000,120.000,14.360000,0.033000,120.328528,2691,43,0,23,88,176,0,0
28.188592,13.294000,120.000,14.360000,0.033000,120.329009,2691,43,0,23,88,176,0,0
28.191988,3.396000,120.000,14.360000,0.033000,120.329490,2691,43,0,23,88,176,0,0
28.205213,13.225000,120.000,14.360000,0.033000,120.329970,2691,43,0,23,88,176,0,0
28.207391,2.178000,120.000,14.360000,0.033000,120.330451,2691,43,0,23,88,176,0,0
28.221842,14.451000,120.000,14.360000,0.033000,120.330932,2691,43,0,23,88,176,0,0
28.223812,1.970000,120.000,14.360000,0.033000,120.331412,2691,43,0,23,88,176,0,0
28.238505,14.693000,120.000,14.360000,0.033000,120.331893,2691,43,0,23,88,176,0,0
28.241052,2.547000,120.000,14.360000,0.033000,120.332374,2691,43,0,23,88,176,0,0
28.255257,14.205000,120.000,14.360000,0.033000,120.332854,2691,43,0,23,88,176,0,0
28.257978,2.721000,120.000,14.360000,0.033000,120.333335,2691,43,0,23,88,176,0,0
28.271805,13.827000,120.000,14.360000,0.033000,120.333816,2691,43,0,23,88,176,0,0
28.274290,2.485000,120.000,14.360000,0.033000,120.334296,2691,43,0,23,88,176,0,0
28.288240,13.950000,120.000,14.360000,0.033000,120.334731,2691,43,0,23,88,176,0,0
28.290595,2.355000,120.000,14.360000,0.033000,120.335166,2691,43,0,23,88,176,0,0
28.304738,14.143000,120.000,14.360000,0.033000,120.335647,2691,43,0,23,88,176,0,0
28.307172,2.434000,120.000,14.360000,0.033000,120.336127,2691,43,0,23,88,176,0,0
28.321368,14.196000,120.000,14.360000,0.033000,120.336608,2691,43,0,23,88,176,0,0
28.324475,3.107000,120.000,14.360000,0.033000,120.337089,2691,43,0,23,88,176,0,0
28.338005,13.530000,120.000,14.360000,0.033000,120.337569,2691,43,0,23,88,176,0,0
28.341232,3.227000,120.000,14.360000,0.033000,120.338050,2691,43,0,23,88,176,0,0
28.355085,13.853000,120.000,14.360000,0.033000,120.338531,2691,43,0,23,88,176,0,0
28.359573,4.488000,120.000,14.360000,0.033000,120.339011,2691,43,0,23,88,176,0,0
28.371369,11.796000,120.000,14.360000,0.033000,120.339492,2691,43,0,23,88,176,0,0
28.374668,3.299000,120.000,14.360000,0.033000,120.339972,2691,43,0,23,88,176,0,0
28.388214,13.546000,120.000,14.360000,0.033000,120.340453,2691,43,0,23,88,176,0,0
28.391583,3.369000,120.000,14.360000,0.033000,120.340934,2691,43,0,23,88,176,0,0
28.405002,13.419000,120.000,14.360000,0.033000,120.341414,2691,43,0,23,88,176,0,0
28.408502,3.500000,120.000,14.822000,0.033000,120.341895,2691,43,0,23,88,176,0,0
28.421842,13.340000,120.000,14.822000,0.033000,120.342376,2691,43,0,23,88,176,0,0
28.424140,2.298000,120.000,14.822000,0.033000,120.342856,2691,43,0,23,88,176,0,0
28.438472,14.332000,120.000,14.822000,0.033000,120.343291,2691,43,0,23,88,176,0,0
28.440640,2.168000,120.000,14.822000,0.033000,120.343772,2691,43,0,23,88,176,0,0
28.455150,14.510000,120.000,14.822000,0.033000,120.344207,2691,43,0,23,88,176,0,0
28.457234,2.084000,120.000,14.822000,0.033000,120.344642,2691,43,0,23,88,176,0,0
28.471878,14.644000,120.000,14.822000,0.033000,120.345122,2691,43,0,23,88,176,0,0
28.474256,2.378000,120.000,14.822000,0.033000,120.345603,2691,43,0,23,88,176,0,0
28.488565,14.309000,120.000,14.822000,0.033000,120.346084,2691,43,0,23,88,176,0,0
28.491677,3.112000,120.000,14.822000,0.033000,120.346564,2691,43,0,23,88,176,0,0
28.505307,13.630000,120.000,14.822000,0.033000,120.347045,2691,43,0,23,88,176,0,0
28.507915,2.608000,120.000,14.822000,0.033000,120.347526,2691,43,0,23,88,176,0,0
28.521452,13.537000,120.000,14.822000,0.033000,120.348006,2691,43,0,23,88,176,0,0
28.523943,2.491000,120.000,14.822000,0.033000,120.348487,2691,43,0,23,88,176,0,0
28.537875,13.932000,120.000,14.822000,0.033000,120.348968,2691,43,0,23,88,176,0,0
28.540794,2.919000,120.000,14.822000,0.033000,120.349448,2691,43,0,23,88,176,0,0
28.554681,13.887000,120.000,14.822000,0.033000,120.349929,2691,43,0,23,88,176,0,0
28.559295,4.614000,120.000,14.822000,0.033000,120.350410,2691,43,0,23,88,176,0,0
28.571330,12.035000,120.000,14.822000,0.033000,120.350890,2691,43,0,23,88,176,0,0
28.574510,3.180000,120.000,14.822000,0.033000,120.351325,2691,43,0,23,88,176,0,0
28.588085,13.575000,120.000,14.822000,0.033000,120.351760,2691,43,0,23,88,176,0,0
28.591309,3.224000,120.000,14.822000,0.033000,120.352241,2691,43,0,23,88,176,0,0
28.604837,13.528000,120.000,14.822000,0.033000,120.352721,2691,43,0,23,88,176,0,0
28.608108,3.271000,120.000,14.822000,0.033000,120.353202,2691,43,0,23,88,176,0,0
28.621741,13.633000,120.000,14.822000,0.033000,120.353683,2691,43,0,23,88,176,0,0
28.625167,3.426000,120.000,14.822000,0.033000,120.354163,2691,43,0,23,88,176,0,0
28.638344,13.177000,120.000,14.822000,0.033000,120.354644,2691,43,0,23,88,176,0,0
28.641681,3.337000,120.000,14.822000,0.033000,120.355124,2691,43,0,23,88,176,0,0
28.654535,12.854000,120.000,14.822000,0.033000,120.355605,2691,43,0,23,88,176,0,0
28.657829,3.294000,120.000,14.822000,0.033000,120.356086,2691,43,0,23,88,176,0,0
28.671369,13.540000,120.000,14.822000,0.033000,120.356566,2691,43,0,23,88,176,0,0
28.674428,3.059000,120.000,14.822000,0.033000,120.357047,2691,43,0,23,88,176,0,0
28.687918,13.490000,120.000,14.822000,0.033000,120.357528,2691,43,0,23,88,176,0,0
28.690863,2.945000,120.000,14.822000,0.033000,120.358008,2691,43,0,23,88,176,0,0
28.705104,14.241000,120.000,14.822000,0.033000,120.358489,2691,43,0,23,88,176,0,0
28.709630,4.526000,120.000,14.822000,0.033000,120.358970,2691,43,0,23,88,176,0,0
28.721428,11.798000,120.000,14.822000,0.033000,120.359405,2691,43,0,23,88,176,0,0
28.725297,3.869000,120.000,14.822000,0.033000,120.359885,2691,43,0,23,88,176,0,0
28.737871,12.574000,120.000,14.822000,0.033000,120.360366,2691,43,0,23,88,176,0,0
28.740939,3.068000,120.000,14.822000,0.033000,120.360847,2691,43,0,23,88,176,0,0
28.755035,14.096000,120.000,14.822000,0.033000,120.361327,2691,43,0,23,88,176,0,0
28.760202,5.167000,120.000,14.822000,0.033000,120.361808,2691,43,0,23,88,176,0,0
28.771519,11.317000,120.000,14.822000,0.033000,120.362288,2691,43,0,23,88,176,0,0
28.774912,3.393000,120.000,14.822000,0.033000,120.362769,2691,43,0,23,88,176,0,0
28.788177,13.265000,120.000,14.822000,0.033000,120.363250,2691,43,0,23,88,176,0,0
28.791545,3.368000,120.000,14.822000,0.033000,120.363730,2691,43,0,23,88,176,0,0
28.805278,13.733000,120.000,14.822000,0.033000,120.364211,2691,43,0,23,88,176,0,0
28.808777,3.499000,120.000,14.822000,0.033000,120.364692,2691,43,0,23,88,176,0,0
28.821874,13.097000,120.000,14.822000,0.033000,120.365172,2691,43,0,23,88,176,0,0
28.823940,2.066000,120.000,14.822000,0.033000,120.365653,2691,43,0,23,88,176,0,0
28.838515,14.575000,120.000,14.822000,0.033000,120.366088,2691,43,0,23,88,176,0,0
28.841788,3.273000,120.000,14.822000,0.033000,120.366569,2691,43,0,23,88,176,0,0
28.855304,13.516000,120.000,14.822000,0.033000,120.367049,2691,43,0,23,88,176,0,0
28.859842,4.538000,120.000,14.822000,0.033000,120.367530,2691,43,0,23,88,176,0,0
28.871814,11.972000,120.000,14.822000,0.033000,120.368011,2691,43,0,23,88,176,0,0
28.874414,2.600000,120.000,14.822000,0.033000,120.368491,2691,43,0,23,88,176,0,0
28.888566,14.152000,120.000,14.822000,0.033000,120.368972,2691,43,0,23,88,176,0,0
28.890847,2.281000,120.000,14.822000,0.033000,120.369452,2691,43,0,23,88,176,0,0
28.905326,14.479000,120.000,14.822000,0.033000,120.369933,2691,43,0,23,88,176,0,0
28.908636,3.310000,120.000,14.822000,0.033000,120.370414,2691,43,0,23,88,176,0,0
28.921820,13.184000,120.000,14.822000,0.033000,120.370894,2691,43,0,23,88,176,0,0
28.924930,3.110000,120.000,14.822000,0.033000,120.371329,2691,43,0,23,88,176,0,0
28.938588,13.658000,120.000,14.822000,0.033000,120.371764,2691,43,0,23,88,176,0,0
28.941520,2.932000,120.000,14.822000,0.033000,120.372245,2691,43,0,23,88,176,0,0
28.955256,13.736000,120.000,14.822000,0.033000,120.372680,2691,43,0,23,88,176,0,0
28.958687,3.431000,120.000,14.822000,0.033000,120.373160,2691,43,0,23,88,176,0,0
28.971854,13.167000,120.000,14.822000,0.033000,120.373641,2691,43,0,23,88,176,0,0
28.975350,3.496000,120.000,14.822000,0.033000,120.374122,2691,43,0,23,88,176,0,0
28.988475,13.125000,120.000,14.822000,0.033000,120.374557,2691,43,0,23,88,176,0,0
28.991972,3.497000,120.000,14.822000,0.033000,120.375037,2691,43,0,23,88,176,0,0
29.005160,13.188000,120.000,14.822000,0.033000,120.375518,2691,43,0,23,88,176,0,0
29.008665,3.505000,120.000,14.822000,0.033000,120.375953,2691,43,0,23,88,176,0,0
29.021915,13.250000,120.000,14.822000,0.033000,120.376433,2691,43,0,23,88,176,0,0
29.025442,3.527000,120.000,14.822000,0.033000,120.376914,2691,43,0,23,88,176,0,0
29.039893,14.451000,120.000,14.822000,0.033000,120.377395,2691,43,0,23,88,176,0,0
29.050628,10.735000,120.000,14.822000,0.033000,120.377875,2691,43,0,23,88,176,0,0
29.063227,12.599000,120.000,14.822000,0.033000,120.378356,2691,43,0,23,88,176,0,0
29.065966,2.739000,120.000,14.822000,0.033000,120.378837,2691,43,0,23,88,176,0,0
29.079639,13.673000,120.000,14.822000,0.033000,120.379317,2691,43,0,23,88,176,0,0
29.081949,2.310000,120.000,14.822000,0.033000,120.379798,2691,43,0,23,88,176,0,0
29.096248,14.299000,120.000,14.822000,0.033000,120.380279,2691,43,0,23,88,176,0,0
29.098371,2.123000,120.000,14.822000,0.033000,120.380759,2691,43,0,23,88,176,0,0
29.113011,14.640000,120.000,14.822000,0.033000,120.381240,2691,43,0,23,88,176,0,0
29.115572,2.561000,120.000,14.822000,0.033000,120.381721,2691,43,0,23,88,176,0,0
29.129649,14.077000,120.000,14.822000,0.033000,120.382201,2691,43,0,23,88,176,0,0
29.131750,2.101000,120.000,14.822000,0.033000,120.382682,2691,43,0,23,88,176,0,0
29.146345,14.595000,120.000,14.822000,0.033000,120.383117,2691,43,0,23,88,176,0,0
29.148514,2.169000,120.000,14.822000,0.033000,120.383597,2691,43,0,23,88,176,0,0
29.163033,14.519000,120.000,14.822000,0.033000,120.384078,2691,43,0,23,88,176,0,0
29.165218,2.185000,120.000,14.822000,0.033000,120.384559,2691,43,0,23,88,176,0,0
29.179857,14.639000,120.000,14.822000,0.033000,120.385039,2691,43,0,23,88,176,0,0
29.182819,2.962000,120.000,14.822000,0.033000,120.385520,2691,43,0,23,88,176,0,0
29.196840,14.021000,120.000,14.822000,0.033000,120.386001,2691,43,0,23,88,176,0,0
29.202294,5.454000,120.000,14.822000,0.033000,120.386436,2691,43,0,23,88,176,0,0
29.213441,11.147000,120.000,14.822000,0.033000,120.386916,2691,43,0,23,88,176,0,0
29.216880,3.439000,120.000,14.822000,0.033000,120.387397,2691,43,0,23,88,176,0,0
29.230135,13.255000,120.000,14.822000,0.033000,120.387832,2691,43,0,23,88,176,0,0
29.233682,3.547000,120.000,14.822000,0.033000,120.388312,2691,43,0,23,88,176,0,0
29.246765,13.083000,120.000,14.822000,0.033000,120.388793,2691,43,0,23,88,176,0,0
29.250161,3.396000,120.000,14.822000,0.033000,120.389274,2691,43,0,23,88,176,0,0
29.263511,13.350000,120.000,14.822000,0.033000,120.389754,2691,43,0,23,88,176,0,0
29.266955,3.444000,120.000,14.822000,0.033000,120.390235,2691,43,0,23,88,176,0,0
29.280168,13.213000,120.000,14.822000,0.033000,120.390716,2691,43,0,23,88,176,0,0
29.283742,3.574000,120.000,14.822000,0.033000,120.391196,2691,43,0,23,88,176,0,0
29.296794,13.052000,120.000,14.822000,0.033000,120.391677,2691,43,0,23,88,176,0,0
29.300228,3.434000,120.000,14.822000,0.033000,120.392158,2691,43,0,23,88,176,0,0
29.313451,13.223000,120.000,14.822000,0.033000,120.392638,2691,43,0,23,88,176,0,0
29.317005,3.554000,120.000,14.822000,0.033000,120.393119,2691,43,0,23,88,176,0,0
29.329752,12.747000,120.000,14.822000,0.033000,120.393600,2691,43,0,23,88,176,0,0
29.333158,3.406000,120.000,14.822000,0.033000,120.394080,2691,43,0,23,88,176,0,0
29.346835,13.677000,120.000,14.822000,0.033000,120.394561,2691,43,0,23,88,176,0,0
29.350367,3.532000,120.000,14.822000,0.033000,120.395041,2691,43,0,23,88,176,0,0
29.363528,13.161000,120.000,14.822000,0.033000,120.395522,2691,43,0,23,88,176,0,0
29.369196,5.668000,120.000,14.822000,0.033000,120.396003,2691,43,0,23,88,176,0,0
29.379821,10.625000,120.000,14.822000,0.033000,120.396483,2691,43,0,23,88,176,0,0
29.383264,3.443000,120.000,14.822000,0.033000,120.396964,2691,43,0,23,88,176,0,0
29.396903,13.639000,120.000,14.822000,0.033000,120.397445,2691,43,0,23,88,176,0,0
29.399811,2.908000,120.000,14.822000,0.033000,120.397925,2691,43,0,23,88,176,0,0
29.413481,13.670000,119.000,14.599000,0.085000,120.398406,2691,43,0,23,88,176,0,0
29.415844,2.363000,119.000,14.599000,0.085000,120.398887,2691,43,0,23,88,176,0,0
29.429750,13.906000,119.000,14.599000,0.085000,120.399367,2691,43,0,23,88,176,0,0
29.432461,2.711000,119.000,14.599000,0.085000,120.399802,2691,43,0,23,88,176,0,0
29.446337,13.876000,119.000,14.599000,0.085000,120.400283,2691,43,0,23,88,176,0,0
29.448750,2.413000,119.000,14.599000,0.085000,120.400764,2691,43,0,23,88,176,0,0
29.463000,14.250000,119.000,14.599000,0.085000,120.401198,2691,43,0,23,88,176,0,0
29.465629,2.629000,119.000,14.599000,0.085000,120.401610,2691,43,0,23,88,176,0,0
29.479691,14.062000,119.000,14.599000,0.085000,120.402091,2691,43,0,23,88,176,0,0
29.482901,3.210000,119.000,14.599000,0.085000,120.402572,2691,43,0,23,88,176,0,0
29.496322,13.421000,119.000,14.599000,0.085000,120.403052,2691,43,0,23,88,176,0,0
29.499506,3.184000,119.000,14.599000,0.085000,120.403533,2691,43,0,23,88,176,0,0
29.513089,13.583000,119.000,14.599000,0.085000,120.404014,2691,43,0,23,88,176,0,0
29.516338,3.249000,119.000,14.599000,0.085000,120.404494,2691,43,0,23,88,176,0,0
29.529913,13.575000,119.000,14.599000,0.085000,120.404975,2691,43,0,23,88,176,0,0
29.533447,3.534000,119.000,14.599000,0.085000,120.405456,2691,43,0,23,88,176,0,0
29.546643,13.196000,119.000,14.599000,0.085000,120.405936,2691,43,0,23,88,176,0,0
29.550081,3.438000,119.000,14.599000,0.085000,120.406417,2691,43,0,23,88,176,0,0
29.563455,13.374000,119.000,14.599000,0.085000,120.406898,2691,43,0,23,88,176,0,0
29.566902,3.447000,119.000,14.599000,0.085000,120.407378,2691,43,0,23,88,176,0,0
29.580113,13.211000,119.000,14.599000,0.085000,120.407859,2691,43,0,23,88,176,0,0
29.583661,3.548000,119.000,14.599000,0.085000,120.408340,2691,43,0,23,88,176,0,0
29.596748,13.087000,119.000,14.599000,0.085000,120.408820,2691,43,0,23,88,176,0,0
29.598991,2.243000,119.000,14.599000,0.085000,120.409301,2691,43,0,23,88,176,0,0
29.613544,14.553000,119.000,14.599000,0.085000,120.409781,2691,43,0,23,88,176,0,0
29.615599,2.055000,119.000,14.599000,0.085000,120.410262,2691,43,0,23,88,176,0,0
29.629417,13.818000,119.000,14.599000,0.085000,120.410743,2691,43,0,23,88,176,0,0
29.632175,2.758000,119.000,14.599000,0.085000,120.411223,2691,43,0,23,88,176,0,0
29.646840,14.665000,119.000,14.599000,0.085000,120.411704,2691,43,0,23,88,176,0,0
29.649801,2.961000,119.000,14.599000,0.085000,120.412139,2691,43,0,23,88,176,0,0
29.663606,13.805000,119.000,14.599000,0.085000,120.412620,2691,43,0,23,88,176,0,0
29.666329,2.723000,119.000,14.599000,0.085000,120.413100,2691,43,0,23,88,176,0,0
29.679860,13.531000,119.000,14.599000,0.085000,120.413581,2691,43,0,23,88,176,0,0
29.682594,2.734000,119.000,14.599000,0.085000,120.414016,2691,43,0,23,88,176,0,0
29.696265,13.671000,119.000,14.599000,0.085000,120.414496,2691,43,0,23,88,176,0,0
29.698454,2.189000,119.000,14.599000,0.085000,120.414977,2691,43,0,23,88,176,0,0
29.712864,14.410000,119.000,14.599000,0.085000,120.415458,2691,43,0,23,88,176,0,0
29.715778,2.914000,119.000,14.599000,0.085000,120.415938,2691,43,0,23,88,176,0,0
29.729709,13.931000,119.000,14.599000,0.085000,120.416419,2691,43,0,23,88,176,0,0
29.732958,3.249000,119.000,14.599000,0.085000,120.416900,2691,43,0,23,88,176,0,0
29.746313,13.355000,119.000,14.599000,0.085000,120.417380,2691,43,0,23,88,176,0,0
29.749583,3.270000,119.000,14.599000,0.085000,120.417861,2691,43,0,23,88,176,0,0
29.762977,13.394000,119.000,14.599000,0.085000,120.418342,2691,43,0,23,88,176,0,0
29.766262,3.285000,119.000,14.599000,0.085000,120.418822,2691,43,0,23,88,176,0,0
29.779499,13.237000,119.000,14.599000,0.085000,120.419303,2691,43,0,23,88,176,0,0
29.782761,3.262000,119.000,14.599000,0.085000,120.419784,2691,43,0,23,88,176,0,0
29.796563,13.802000,119.000,14.599000,0.085000,120.420264,2691,43,0,23,88,176,0,0
29.800030,3.467000,119.000,14.599000,0.085000,120.420745,2691,43,0,23,88,176,0,0
29.813579,13.549000,119.000,14.599000,0.085000,120.421180,2691,43,0,23,88,176,0,0
29.815875,2.296000,119.000,14.599000,0.085000,120.421660,2691,43,0,23,88,176,0,0
29.830191,14.316000,119.000,14.599000,0.085000,120.422141,2691,43,0,23,88,176,0,0
29.832503,2.312000,119.000,14.599000,0.085000,120.422622,2691,43,0,23,88,176,0,0
29.846811,14.308000,119.000,14.599000,0.085000,120.423102,2691,43,0,23,88,176,0,0
29.851518,4.707000,119.000,14.599000,0.085000,120.423583,2691,43,0,23,88,176,0,0
29.863615,12.097000,119.000,14.599000,0.085000,120.424064,2691,43,0,23,88,176,0,0
29.866476,2.861000,119.000,14.599000,0.085000,120.424544,2691,43,0,23,88,176,0,0
29.880096,13.620000,119.000,14.599000,0.085000,120.425025,2691,43,0,23,88,176,0,0
29.882584,2.488000,119.000,14.599000,0.085000,120.425506,2691,43,0,23,88,176,0,0
29.896939,14.355000,119.000,14.599000,0.085000,120.425986,2691,43,0,23,88,176,0,0
29.899627,2.688000,119.000,14.599000,0.085000,120.426467,2691,43,0,23,88,176,0,0
29.913623,13.996000,119.000,14.599000,0.085000,120.426948,2691,43,0,23,88,176,0,0
29.916315,2.692000,119.000,14.599000,0.085000,120.427428,2691,43,0,23,88,176,0,0
29.929544,13.229000,119.000,14.599000,0.085000,120.427909,2691,43,0,23,88,176,0,0
29.932517,2.973000,119.000,14.599000,0.085000,120.428390,2691,43,0,23,88,176,0,0
29.946180,13.663000,119.000,14.599000,0.085000,120.428870,2691,43,0,23,88,176,0,0
29.949169,2.989000,119.000,14.599000,0.085000,120.429305,2691,43,0,23,88,176,0,0
29.962911,13.742000,119.000,14.599000,0.085000,120.429786,2691,43,0,23,88,176,0,0
29.965903,2.992000,119.000,14.599000,0.085000,120.430266,2691,43,0,23,88,176,0,0
29.979657,13.754000,119.000,14.599000,0.085000,120.430747,2691,43,0,23,88,176,0,0
29.982800,3.143000,119.000,14.599000,0.085000,120.431228,2691,43,0,23,88,176,0,0
29.996301,13.501000,119.000,14.599000,0.085000,120.431628,2691,43,0,23,88,176,0,0
29.999631,3.330000,119.000,14.599000,0.085000,120.445827,2691,43,0,23,88,176,0,0
30.013118,13.487000,119.000,14.599000,0.085000,120.981296,2691,43,0,23,88,176,0,0
30.016430,3.312000,119.000,14.599000,0.085000,120.981776,2691,43,0,23,88,176,0,0
30.029690,13.260000,119.000,14.599000,0.085000,120.982211,2691,43,0,23,88,176,0,0
30.033086,3.396000,119.000,14.599000,0.085000,120.982646,2691,43,0,23,88,176,0,0
30.046896,13.810000,119.000,14.599000,0.085000,120.983127,2691,43,0,23,88,176,0,0
30.050446,3.550000,119.000,14.599000,0.085000,120.983607,2691,43,0,23,88,176,0,0
30.063493,13.047000,119.000,14.599000,0.085000,120.984088,2691,43,0,23,88,176,0,0
30.065788,2.295000,119.000,14.599000,0.085000,120.984569,2691,43,0,23,88,176,0,0
30.080089,14.301000,119.000,14.599000,0.085000,120.985049,2691,43,0,23,88,176,0,0
30.082575,2.486000,119.000,14.599000,0.085000,120.985530,2691,43,0,23,88,176,0,0
30.096842,14.267000,119.000,14.599000,0.085000,120.986011,2691,43,0,23,88,176,0,0
30.099070,2.228000,119.000,14.599000,0.085000,120.986491,2691,43,0,23,88,176,0,0
30.113497,14.427000,119.000,14.599000,0.085000,120.986926,2691,43,0,23,88,176,0,0
30.115896,2.399000,119.000,14.599000,0.085000,120.987407,2691,43,0,23,88,176,0,0
30.130153,14.257000,119.000,14.599000,0.085000,120.987887,2691,43,0,23,88,176,0,0
30.132498,2.345000,119.000,14.599000,0.085000,120.988368,2691,43,0,23,88,176,0,0
30.147194,14.696000,119.000,14.599000,0.085000,120.988849,2691,43,0,23,88,176,0,0
30.149549,2.355000,119.000,14.599000,0.085000,120.989329,2691,43,0,23,88,176,0,0
30.162875,13.326000,119.000,14.599000,0.085000,120.989810,2691,43,0,23,88,176,0,0
30.167810,4.935000,119.000,14.599000,0.085000,120.990291,2691,43,0,23,88,176,0,0
30.179716,11.906000,119.000,14.599000,0.085000,120.990726,2691,43,0,23,88,176,0,0
30.182785,3.069000,119.000,14.599000,0.085000,120.991206,2691,43,0,23,88,176,0,0
30.196747,13.962000,119.000,14.599000,0.085000,120.991687,2691,43,0,23,88,176,0,0
30.200243,3.496000,119.000,14.599000,0.085000,120.992167,2691,43,0,23,88,176,0,0
30.213382,13.139000,119.000,14.599000,0.085000,120.992648,2691,43,0,23,88,176,0,0
30.216788,3.406000,119.000,14.599000,0.085000,120.993129,2691,43,0,23,88,176,0,0
30.230041,13.253000,119.000,14.599000,0.085000,120.993609,2691,43,0,23,88,176,0,0
30.233601,3.560000,119.000,14.599000,0.085000,120.994090,2691,43,0,23,88,176,0,0
30.246682,13.081000,119.000,14.599000,0.085000,120.994571,2691,43,0,23,88,176,0,0
30.250185,3.503000,119.000,14.599000,0.085000,120.995051,2691,43,0,23,88,176,0,0
30.263476,13.291000,119.000,14.599000,0.085000,120.995532,2691,43,0,23,88,176,0,0
30.267065,3.589000,119.000,14.599000,0.085000,120.996013,2691,43,0,23,88,176,0,0
30.280122,13.057000,119.000,14.599000,0.085000,120.996493,2691,43,0,23,88,176,0,0
30.283567,3.445000,119.000,14.599000,0.085000,120.996974,2691,43,0,23,88,176,0,0
30.296855,13.288000,119.000,14.599000,0.085000,120.997455,2691,43,0,23,88,176,0,0
30.300309,3.454000,119.000,14.599000,0.085000,120.997935,2691,43,0,23,88,176,0,0
30.313552,13.243000,119.000,14.599000,0.085000,120.998416,2691,43,0,23,88,176,0,0
30.317124,3.572000,119.000,14.599000,0.085000,120.998897,2691,43,0,23,88,176,0,0
30.330122,12.998000,119.000,14.599000,0.085000,120.999377,2691,43,0,23,88,176,0,0
30.333706,3.584000,119.000,14.599000,0.085000,120.999858,2691,43,0,23,88,176,0,0
30.346953,13.247000,119.000,14.599000,0.085000,121.000339,2691,43,0,23,88,176,0,0
30.350515,3.562000,119.000,14.599000,0.085000,121.000819,2691,43,0,23,88,176,0,0
30.363339,12.824000,119.000,14.599000,0.085000,121.001300,2691,43,0,23,88,176,0,0
30.366794,3.455000,119.000,14.599000,0.085000,121.001781,2691,43,0,23,88,176,0,0
30.380154,13.360000,119.000,14.599000,0.085000,121.002261,2691,43,0,23,88,176,0,0
30.383640,3.486000,119.000,14.599000,0.085000,121.002742,2691,43,0,23,88,176,0,0
30.396743,13.103000,119.000,14.599000,0.085000,121.003177,2691,43,0,23,88,176,0,0
30.400197,3.454000,119.000,14.599000,0.085000,121.003657,2691,43,0,23,88,176,0,0
30.413408,13.211000,120.000,14.643000,0.034000,121.004138,2691,43,0,23,88,176,0,0
30.416970,3.562000,120.000,14.643000,0.034000,121.004619,2691,43,0,23,88,176,0,0
30.430228,13.258000,120.000,14.643000,0.034000,121.005054,2691,43,0,23,88,176,0,0
30.433274,3.046000,120.000,14.643000,0.034000,121.005534,2691,43,0,23,88,176,0,0
30.446676,13.402000,120.000,14.643000,0.034000,121.006015,2691,43,0,23,88,176,0,0
30.449720,3.044000,120.000,14.643000,0.034000,121.006495,2691,43,0,23,88,176,0,0
30.463430,13.710000,120.000,14.643000,0.034000,121.006930,2691,43,0,23,88,176,0,0
30.466423,2.993000,120.000,14.643000,0.034000,121.007365,2691,43,0,23,88,176,0,0
30.480150,13.727000,120.000,14.643000,0.034000,121.007846,2691,43,0,23,88,176,0,0
30.483115,2.965000,120.000,14.643000,0.034000,121.008281,2691,43,0,23,88,176,0,0
30.496887,13.772000,120.000,14.643000,0.034000,121.008761,2691,43,0,23,88,176,0,0
30.500214,3.327000,120.000,14.643000,0.034000,121.009242,2691,43,0,23,88,176,0,0
30.513505,13.291000,120.000,14.643000,0.034000,121.009723,2691,43,0,23,88,176,0,0
30.517026,3.521000,120.000,14.643000,0.034000,121.010203,2691,43,0,23,88,176,0,0
30.530135,13.109000,120.000,14.643000,0.034000,121.010684,2691,43,0,23,88,176,0,0
30.533693,3.558000,120.000,14.643000,0.034000,121.011165,2691,43,0,23,88,176,0,0
30.546746,13.053000,120.000,14.643000,0.034000,121.011645,2691,43,0,23,88,176,0,0
30.550324,3.578000,120.000,14.643000,0.034000,121.012126,2691,43,0,23,88,176,0,0
30.563377,13.053000,120.000,14.643000,0.034000,121.012607,2691,43,0,23,88,176,0,0
30.566896,3.519000,120.000,14.643000,0.034000,121.013087,2691,43,0,23,88,176,0,0
30.579774,12.878000,120.000,14.643000,0.034000,121.013568,2691,43,0,23,88,176,0,0
30.583285,3.511000,120.000,14.643000,0.034000,121.014049,2691,43,0,23,88,176,0,0
30.596904,13.619000,120.000,14.643000,0.034000,121.014529,2691,43,0,23,88,176,0,0
30.600789,3.885000,120.000,14.643000,0.034000,121.015010,2691,43,0,23,88,176,0,0
30.613464,12.675000,120.000,14.643000,0.034000,121.015491,2691,43,0,23,88,176,0,0
30.617091,3.627000,120.000,14.643000,0.034000,121.015971,2691,43,0,23,88,176,0,0
30.629896,12.805000,120.000,14.643000,0.034000,121.016452,2691,43,0,23,88,176,0,0
30.632086,2.190000,120.000,14.643000,0.034000,121.016932,2691,43,0,23,88,176,0,0
30.646508,14.422000,120.000,14.643000,0.034000,121.017413,2691,43,0,23,88,176,0,0
30.648710,2.202000,120.000,14.643000,0.034000,121.017894,2691,43,0,23,88,176,0,0
30.663073,14.363000,120.000,14.643000,0.034000,121.018329,2691,43,0,23,88,176,0,0
30.665062,1.989000,120.000,14.643000,0.034000,121.018809,2691,43,0,23,88,176,0,0
30.679864,14.802000,120.000,14.643000,0.034000,121.019290,2691,43,0,23,88,176,0,0
30.682233,2.369000,120.000,14.643000,0.034000,121.019771,2691,43,0,23,88,176,0,0
30.695982,13.749000,120.000,14.643000,0.034000,121.020251,2691,43,0,23,88,176,0,0
30.698566,2.584000,120.000,14.643000,0.034000,121.020732,2691,43,0,23,88,176,0,0
30.713000,14.434000,120.000,14.643000,0.034000,121.021213,2691,43,0,23,88,176,0,0
30.715387,2.387000,120.000,14.643000,0.034000,121.021625,2691,43,0,23,88,176,0,0
30.729764,14.377000,120.000,14.643000,0.034000,121.022105,2691,43,0,23,88,176,0,0
30.732052,2.288000,120.000,14.643000,0.034000,121.022586,2691,43,0,23,88,176,0,0
30.746815,14.763000,120.000,14.643000,0.034000,121.023067,2691,43,0,23,88,176,0,0
30.750332,3.517000,120.000,14.643000,0.034000,121.023547,2691,43,0,23,88,176,0,0
30.763229,12.897000,120.000,14.643000,0.034000,121.024028,2691,43,0,23,88,176,0,0
30.766846,3.617000,120.000,14.643000,0.034000,121.024508,2691,43,0,23,88,176,0,0
30.779944,13.098000,120.000,14.643000,0.034000,121.024989,2691,43,0,23,88,176,0,0
30.783245,3.301000,120.000,14.643000,0.034000,121.025470,2691,43,0,23,88,176,0,0
30.796343,13.098000,120.000,14.643000,0.034000,121.025950,2691,43,0,23,88,176,0,0
30.799438,3.095000,120.000,14.643000,0.034000,121.026431,2691,43,0,23,88,176,0,0
30.813115,13.677000,120.000,14.643000,0.034000,121.026912,2691,43,0,23,88,176,0,0
30.816587,3.472000,120.000,14.643000,0.034000,121.027392,2691,43,0,23,88,176,0,0
30.830113,13.526000,120.000,14.643000,0.034000,121.027873,2691,43,0,23,88,176,0,0
30.833461,3.348000,120.000,14.643000,0.034000,121.028354,2691,43,0,23,88,176,0,0
30.846864,13.403000,120.000,14.643000,0.034000,121.028834,2691,43,0,23,88,176,0,0
30.848999,2.135000,120.000,14.643000,0.034000,121.029315,2691,43,0,23,88,176,0,0
30.863249,14.250000,120.000,14.643000,0.034000,121.029796,2691,43,0,23,88,176,0,0
30.865716,2.467000,120.000,14.643000,0.034000,121.030276,2691,43,0,23,88,176,0,0
30.879885,14.169000,120.000,14.643000,0.034000,121.030757,2691,43,0,23,88,176,0,0
30.882244,2.359000,120.000,14.643000,0.034000,121.031238,2691,43,0,23,88,176,0,0
30.896989,14.745000,120.000,14.643000,0.034000,121.031718,2691,43,0,23,88,176,0,0
30.899021,2.032000,120.000,14.643000,0.034000,121.032199,2691,43,0,23,88,176,0,0
30.912768,13.747000,120.000,14.643000,0.034000,121.032680,2691,43,0,23,88,176,0,0
30.922721,9.953000,120.000,14.643000,0.034000,121.033160,2691,43,0,23,88,176,0,0
30.938573,15.852000,120.000,14.643000,0.034000,121.033641,2691,43,0,23,88,176,0,0
30.941402,2.829000,120.000,14.643000,0.034000,121.034122,2691,43,0,23,88,176,0,0
30.955187,13.785000,120.000,14.643000,0.034000,121.034602,2691,43,0,23,88,176,0,0
30.958653,3.466000,120.000,14.643000,0.034000,121.035083,2691,43,0,23,88,176,0,0
30.971867,13.214000,120.000,14.643000,0.034000,121.035563,2691,43,0,23,88,176,0,0
30.976531,4.664000,120.000,14.643000,0.034000,121.036044,2691,43,0,23,88,176,0,0
30.988437,11.906000,120.000,14.643000,0.034000,121.036525,2691,43,0,23,88,176,0,0
30.991973,3.536000,120.000,14.643000,0.034000,121.037005,2691,43,0,23,88,176,0,0
31.005086,13.113000,120.000,14.643000,0.034000,121.037486,2691,43,0,23,88,176,0,0
31.008596,3.510000,120.000,14.643000,0.034000,121.037967,2691,43,0,23,88,176,0,0
31.021858,13.262000,120.000,14.643000,0.034000,121.038447,2691,43,0,23,88,176,0,0
31.025230,3.372000,120.000,14.643000,0.034000,121.038928,2691,43,0,23,88,176,0,0
31.038370,13.140000,120.000,14.643000,0.034000,121.039363,2691,43,0,23,88,176,0,0
31.041934,3.564000,120.000,14.643000,0.034000,121.039798,2691,43,0,23,88,176,0,0
31.055167,13.233000,120.000,14.643000,0.034000,121.040278,2691,43,0,23,88,176,0,0
31.058723,3.556000,120.000,14.643000,0.034000,121.040759,2691,43,0,23,88,176,0,0
31.071759,13.036000,120.000,14.643000,0.034000,121.041240,2691,43,0,23,88,176,0,0
31.075310,3.551000,120.000,14.643000,0.034000,121.041720,2691,43,0,23,88,176,0,0
31.088376,13.066000,120.000,14.643000,0.034000,121.042155,2691,43,0,23,88,176,0,0
31.091920,3.544000,120.000,14.643000,0.034000,121.042636,2691,43,0,23,88,176,0,0
31.105157,13.237000,120.000,14.643000,0.034000,121.043071,2691,43,0,23,88,176,0,0
31.108575,3.418000,120.000,14.643000,0.034000,121.043551,2691,43,0,23,88,176,0,0
31.121125,12.550000,120.000,14.643000,0.034000,121.044032,2691,43,0,23,88,176,0,0
31.124423,3.298000,120.000,14.643000,0.034000,121.044513,2691,43,0,23,88,176,0,0
31.138471,14.048000,120.000,14.643000,0.034000,121.044993,2691,43,0,23,88,176,0,0
31.141791,3.320000,120.000,14.643000,0.034000,121.045474,2691,43,0,23,88,176,0,0
31.155072,13.281000,120.000,14.643000,0.034000,121.045955,2691,43,0,23,88,176,0,0
31.160208,5.136000,120.000,14.643000,0.034000,121.046435,2691,43,0,23,88,176,0,0
31.171814,11.606000,120.000,14.643000,0.034000,121.046916,2691,43,0,23,88,176,0,0
31.175210,3.396000,120.000,14.643000,0.034000,121.047397,2691,43,0,23,88,176,0,0
31.188443,13.233000,120.000,14.643000,0.034000,121.047832,2691,43,0,23,88,176,0,0
31.191847,3.404000,120.000,14.643000,0.034000,121.048312,2691,43,0,23,88,176,0,0
31.205096,13.249000,120.000,14.643000,0.034000,121.048793,2691,43,0,23,88,176,0,0
31.208478,3.382000,120.000,14.643000,0.034000,121.049273,2691,43,0,23,88,176,0,0
31.221850,13.372000,120.000,14.643000,0.034000,121.049754,2691,43,0,23,88,176,0,0
31.225291,3.441000,120.000,14.643000,0.034000,121.050189,2691,43,0,23,88,176,0,0
31.238502,13.211000,120.000,14.643000,0.034000,121.050670,2691,43,0,23,88,176,0,0
31.241927,3.425000,120.000,14.643000,0.034000,121.051150,2691,43,0,23,88,176,0,0
31.255184,13.257000,120.000,14.643000,0.034000,121.051631,2691,43,0,23,88,176,0,0
31.259663,4.479000,120.000,14.643000,0.034000,121.052112,2691,43,0,23,88,176,0,0
31.271754,12.091000,120.000,14.643000,0.034000,121.052592,2691,43,0,23,88,176,0,0
31.277911,6.157000,120.000,14.643000,0.034000,121.053073,2691,43,0,23,88,176,0,0
31.287725,9.814000,120.000,14.643000,0.034000,121.053554,2691,43,0,23,88,176,0,0
31.290986,3.261000,120.000,14.643000,0.034000,121.054034,2691,43,0,23,88,176,0,0
31.305184,14.198000,120.000,14.643000,0.034000,121.054515,2691,43,0,23,88,176,0,0
31.308586,3.402000,120.000,14.643000,0.034000,121.054996,2691,43,0,23,88,176,0,0
31.321820,13.234000,120.000,14.643000,0.034000,121.055476,2691,43,0,23,88,176,0,0
31.325365,3.545000,120.000,14.643000,0.034000,121.055911,2691,43,0,23,88,176,0,0
31.338463,13.098000,120.000,14.643000,0.034000,121.056392,2691,43,0,23,88,176,0,0
31.341585,3.122000,120.000,14.643000,0.034000,121.056872,2691,43,0,23,88,176,0,0
31.355235,13.650000,120.000,14.643000,0.034000,121.057353,2691,43,0,23,88,176,0,0
31.358165,2.930000,120.000,14.643000,0.034000,121.057834,2691,43,0,23,88,176,0,0
31.371128,12.963000,120.000,14.643000,0.034000,121.058314,2691,43,0,23,88,176,0,0
31.374482,3.354000,120.000,14.643000,0.034000,121.058795,2691,43,0,23,88,176,0,0
31.388455,13.973000,120.000,14.643000,0.034000,121.059276,2691,43,0,23,88,176,0,0
31.391704,3.249000,120.000,14.643000,0.034000,121.059756,2691,43,0,23,88,176,0,0
31.405112,13.408000,120.000,14.643000,0.034000,121.060237,2691,43,0,23,88,176,0,0
31.408589,3.477000,119.000,15.781000,0.032000,121.060718,2691,43,0,23,88,176,0,0
31.421751,13.162000,119.000,15.781000,0.032000,121.061198,2691,43,0,23,88,176,0,0
31.425267,3.516000,119.000,15.781000,0.032000,121.061679,2691,43,0,23,88,176,0,0
31.438368,13.101000,119.000,15.781000,0.032000,121.062160,2691,43,0,23,88,176,0,0
31.441898,3.530000,119.000,15.781000,0.032000,121.062640,2691,43,0,23,88,176,0,0
31.454584,12.686000,119.000,15.781000,0.032000,121.063121,2691,43,0,23,88,176,0,0
31.458007,3.423000,119.000,15.781000,0.032000,121.063601,2691,43,0,23,88,176,0,0
31.471759,13.752000,119.000,15.781000,0.032000,121.064082,2691,43,0,23,88,176,0,0
31.475259,3.500000,119.000,15.781000,0.032000,121.064563,2691,43,0,23,88,176,0,0
31.488414,13.155000,119.000,15.781000,0.032000,121.065043,2691,43,0,23,88,176,0,0
31.491890,3.476000,119.000,15.781000,0.032000,121.065524,2691,43,0,23,88,176,0,0
31.504738,12.848000,119.000,15.781000,0.032000,121.065959,2691,43,0,23,88,176,0,0
31.508115,3.377000,119.000,15.781000,0.032000,121.066440,2691,43,0,23,88,176,0,0
31.521664,13.549000,119.000,15.781000,0.032000,121.066920,2691,43,0,23,88,176,0,0
31.525208,3.544000,119.000,15.781000,0.032000,121.067401,2691,43,0,23,88,176,0,0
31.538463,13.255000,119.000,15.781000,0.032000,121.067882,2691,43,0,23,88,176,0,0
31.541854,3.391000,119.000,15.781000,0.032000,121.068362,2691,43,0,23,88,176,0,0
31.555106,13.252000,119.000,15.781000,0.032000,121.068843,2691,43,0,23,88,176,0,0
31.558616,3.510000,119.000,15.781000,0.032000,121.069324,2691,43,0,23,88,176,0,0
31.571863,13.247000,119.000,15.781000,0.032000,121.069804,2691,43,0,23,88,176,0,0
31.575413,3.550000,119.000,15.781000,0.032000,121.070285,2691,43,0,23,88,176,0,0
31.588553,13.140000,119.000,15.781000,0.032000,121.070765,2691,43,0,23,88,176,0,0
31.593979,5.426000,119.000,15.781000,0.032000,121.071246,2691,43,0,23,88,176,0,0
31.605163,11.184000,119.000,15.781000,0.032000,121.071727,2691,43,0,23,88,176,0,0
31.608715,3.552000,119.000,15.781000,0.032000,121.072207,2691,43,0,23,88,176,0,0
31.621820,13.105000,119.000,15.781000,0.032000,121.072688,2691,43,0,23,88,176,0,0
31.625357,3.537000,119.000,15.781000,0.032000,121.073123,2691,43,0,23,88,176,0,0
31.638545,13.188000,119.000,15.781000,0.032000,121.073604,2691,43,0,23,88,176,0,0
31.641983,3.438000,119.000,15.781000,0.032000,121.074084,2691,43,0,23,88,176,0,0
31.655179,13.196000,119.000,15.781000,0.032000,121.074565,2691,43,0,23,88,176,0,0
31.658783,3.604000,119.000,15.781000,0.032000,121.075046,2691,43,0,23,88,176,0,0
31.671275,12.492000,119.000,15.781000,0.032000,121.075526,2691,43,0,23,88,176,0,0
31.674486,3.211000,119.000,15.781000,0.032000,121.076007,2691,43,0,23,88,176,0,0
31.688654,14.168000,119.000,15.781000,0.032000,121.076488,2691,43,0,23,88,176,0,0
31.692105,3.451000,119.000,15.781000,0.032000,121.076968,2691,43,0,23,88,176,0,0
31.704557,12.452000,119.000,15.781000,0.032000,121.077449,2691,43,0,23,88,176,0,0
31.708073,3.516000,119.000,15.781000,0.032000,121.077929,2691,43,0,23,88,176,0,0
31.721719,13.646000,119.000,15.781000,0.032000,121.078410,2691,43,0,23,88,176,0,0
31.724657,2.938000,119.000,15.781000,0.032000,121.078891,2691,43,0,23,88,176,0,0
31.738343,13.686000,119.000,15.781000,0.032000,121.079371,2691,43,0,23,88,176,0,0
31.741135,2.792000,119.000,15.781000,0.032000,121.079852,2691,43,0,23,88,176,0,0
31.755145,14.010000,119.000,15.781000,0.032000,121.080333,2691,43,0,23,88,176,0,0
31.758223,3.078000,119.000,15.781000,0.032000,121.080813,2691,43,0,23,88,176,0,0
31.771750,13.527000,119.000,15.781000,0.032000,121.081294,2691,43,0,23,88,176,0,0
31.775256,3.506000,119.000,15.781000,0.032000,121.081729,2691,43,0,23,88,176,0,0
31.788542,13.286000,119.000,15.781000,0.032000,121.082210,2691,43,0,23,88,176,0,0
31.792079,3.537000,119.000,15.781000,0.032000,121.082690,2691,43,0,23,88,176,0,0
31.805173,13.094000,119.000,15.781000,0.032000,121.083171,2691,43,0,23,88,176,0,0
31.808673,3.500000,119.000,15.781000,0.032000,121.083652,2691,43,0,23,88,176,0,0
31.821780,13.107000,119.000,15.781000,0.032000,121.084132,2691,43,0,23,88,176,0,0
31.825268,3.488000,119.000,15.781000,0.032000,121.084567,2691,43,0,23,88,176,0,0
31.838426,13.158000,119.000,15.781000,0.032000,121.085048,2691,43,0,23,88,176,0,0
31.841933,3.507000,119.000,15.781000,0.032000,121.085528,2691,43,0,23,88,176,0,0
31.855192,13.259000,119.000,15.781000,0.032000,121.086009,2691,43,0,23,88,176,0,0
31.858618,3.426000,119.000,15.781000,0.032000,121.086490,2691,43,0,23,88,176,0,0
31.871858,13.240000,119.000,15.781000,0.032000,121.086970,2691,43,0,23,88,176,0,0
31.875414,3.556000,119.000,15.781000,0.032000,121.087451,2691,43,0,23,88,176,0,0
31.888463,13.049000,119.000,15.781000,0.032000,121.087932,2691,43,0,23,88,176,0,0
31.891916,3.453000,119.000,15.781000,0.032000,121.088412,2691,43,0,23,88,176,0,0
31.905092,13.176000,119.000,15.781000,0.032000,121.088893,2691,43,0,23,88,176,0,0
31.908605,3.513000,119.000,15.781000,0.032000,121.089374,2691,43,0,23,88,176,0,0
31.921838,13.233000,119.000,15.781000,0.032000,121.089854,2691,43,0,23,88,176,0,0
31.925258,3.420000,119.000,15.781000,0.032000,121.090335,2691,43,0,23,88,176,0,0
31.938450,13.192000,119.000,15.781000,0.032000,121.090816,2691,43,0,23,88,176,0,0
31.941906,3.456000,119.000,15.781000,0.032000,121.091250,2691,43,0,23,88,176,0,0
31.955138,13.232000,119.000,15.781000,0.032000,121.091731,2691,43,0,23,88,176,0,0
31.958778,3.640000,119.000,15.781000,0.032000,121.092212,2691,43,0,23,88,176,0,0
31.971773,12.995000,119.000,15.781000,0.032000,121.092692,2691,43,0,23,88,176,0,0
31.975296,3.523000,119.000,15.781000,0.032000,121.093173,2691,43,0,23,88,176,0,0
31.988560,13.264000,119.000,15.781000,0.032000,121.093654,2691,43,0,23,88,176,0,0
31.993978,5.418000,119.000,15.781000,0.032000,121.094089,2691,43,0,23,88,176,0,0
32.005157,11.179000,119.000,15.781000,0.032000,121.094569,2691,43,0,23,88,176,0,0
32.008641,3.484000,119.000,15.781000,0.032000,121.095050,2691,43,0,23,88,176,0,0
32.021774,13.133000,119.000,15.781000,0.032000,121.095531,2691,43,0,23,88,176,0,0
32.027292,5.518000,119.000,15.781000,0.032000,121.096011,2691,43,0,23,88,176,0,0
32.037885,10.593000,119.000,15.781000,0.032000,121.096492,2691,43,0,23,88,176,0,0
32.046815,8.930000,119.000,15.781000,0.032000,121.096972,2691,43,0,23,88,176,0,0
32.050186,3.371000,119.000,15.781000,0.032000,121.097453,2691,43,0,23,88,176,0,0
32.063468,13.282000,119.000,15.781000,0.032000,121.097934,2691,43,0,23,88,176,0,0
32.067002,3.534000,119.000,15.781000,0.032000,121.098414,2691,43,0,23,88,176,0,0
32.080052,13.050000,119.000,15.781000,0.032000,121.098895,2691,43,0,23,88,176,0,0
32.084129,4.077000,119.000,15.781000,0.032000,121.099376,2691,43,0,23,88,176,0,0
32.096826,12.697000,119.000,15.781000,0.032000,121.099856,2691,43,0,23,88,176,0,0
32.100253,3.427000,119.000,15.781000,0.032000,121.100337,2691,43,0,23,88,176,0,0
32.113442,13.189000,119.000,15.781000,0.032000,121.100818,2691,43,0,23,88,176,0,0
32.116891,3.449000,119.000,15.781000,0.032000,121.101298,2691,43,0,23,88,176,0,0
32.130086,13.195000,119.000,15.781000,0.032000,121.101779,2691,43,0,23,88,176,0,0
32.133474,3.388000,119.000,15.781000,0.032000,121.102260,2691,43,0,23,88,176,0,0
32.146773,13.299000,119.000,15.781000,0.032000,121.102740,2691,43,0,23,88,176,0,0
32.150293,3.520000,119.000,15.781000,0.032000,121.103221,2691,43,0,23,88,176,0,0
32.163496,13.203000,119.000,15.781000,0.032000,121.103702,2691,43,0,23,88,176,0,0
32.167040,3.544000,119.000,15.781000,0.032000,121.104182,2691,43,0,23,88,176,0,0
32.180137,13.097000,119.000,15.781000,0.032000,121.104617,2691,43,0,23,88,176,0,0
32.183560,3.423000,119.000,15.781000,0.032000,121.105098,2691,43,0,23,88,176,0,0
32.196745,13.185000,119.000,15.781000,0.032000,121.105533,2691,43,0,23,88,176,0,0
32.200205,3.460000,119.000,15.781000,0.032000,121.106013,2691,43,0,23,88,176,0,0
32.213403,13.198000,119.000,15.781000,0.032000,121.106494,2691,43,0,23,88,176,0,0
32.216913,3.510000,119.000,15.781000,0.032000,121.106975,2691,43,0,23,88,176,0,0
32.230170,13.257000,119.000,15.781000,0.032000,121.107455,2691,43,0,23,88,176,0,0
32.233629,3.459000,119.000,15.781000,0.032000,121.107890,2691,43,0,23,88,176,0,0
32.246796,13.167000,119.000,15.781000,0.032000,121.108371,2691,43,0,23,88,176,0,0
32.250207,3.411000,119.000,15.781000,0.032000,121.108851,2691,43,0,23,88,176,0,0
32.263049,12.842000,119.000,15.781000,0.032000,121.109332,2691,43,0,23,88,176,0,0
32.267008,3.959000,119.000,15.781000,0.032000,121.109813,2691,43,0,23,88,176,0,0
32.280090,13.082000,119.000,15.781000,0.032000,121.110293,2691,43,0,23,88,176,0,0
32.283577,3.487000,119.000,15.781000,0.032000,121.110728,2691,43,0,23,88,176,0,0
32.296842,13.265000,119.000,15.781000,0.032000,121.111209,2691,43,0,23,88,176,0,0
32.300307,3.465000,119.000,15.781000,0.032000,121.111690,2691,43,0,23,88,176,0,0
32.313334,13.027000,119.000,15.781000,0.032000,121.112170,2691,43,0,23,88,176,0,0
32.316835,3.501000,119.000,15.781000,0.032000,121.112651,2691,43,0,23,88,176,0,0
32.329921,13.086000,119.000,15.781000,0.032000,121.113132,2691,43,0,23,88,176,0,0
32.333378,3.457000,119.000,15.781000,0.032000,121.113612,2691,43,0,23,88,176,0,0
32.346741,13.363000,119.000,15.781000,0.032000,121.114093,2691,43,0,23,88,176,0,0
32.350262,3.521000,119.000,15.781000,0.032000,121.114573,2691,43,0,23,88,176,0,0
32.363512,13.250000,119.000,15.781000,0.032000,121.115054,2691,43,0,23,88,176,0,0
32.366948,3.436000,119.000,15.781000,0.032000,121.115535,2691,43,0,23,88,176,0,0
32.380143,13.195000,119.000,15.781000,0.032000,121.116015,2691,43,0,23,88,176,0,0
32.383580,3.437000,119.000,15.781000,0.032000,121.116496,2691,43,0,23,88,176,0,0
32.396603,13.023000,119.000,15.781000,0.032000,121.116931,2691,43,0,23,88,176,0,0
32.400131,3.528000,119.000,15.781000,0.032000,121.117412,2691,43,0,23,88,176,0,0
32.413436,13.305000,120.000,14.085000,0.035000,121.117892,2691,43,0,23,88,176,0,0
32.416977,3.541000,120.000,14.085000,0.035000,121.118373,2691,43,0,23,88,176,0,0
32.430185,13.208000,120.000,14.085000,0.035000,121.118854,2691,43,0,23,88,176,0,0
32.433690,3.505000,120.000,14.085000,0.035000,121.119334,2691,43,0,23,88,176,0,0
32.446802,13.112000,120.000,14.085000,0.035000,121.119769,2691,43,0,23,88,176,0,0
32.450264,3.462000,120.000,14.085000,0.035000,121.120250,2691,43,0,23,88,176,0,0
32.463455,13.191000,120.000,14.085000,0.035000,121.120730,2691,43,0,23,88,176,0,0
32.467037,3.582000,120.000,14.085000,0.035000,121.121211,2691,43,0,23,88,176,0,0
32.480102,13.065000,120.000,14.085000,0.035000,121.121692,2691,43,0,23,88,176,0,0
32.483585,3.483000,120.000,14.085000,0.035000,121.122172,2691,43,0,23,88,176,0,0
32.496712,13.127000,120.000,14.085000,0.035000,121.122653,2691,43,0,23,88,176,0,0
32.501232,4.520000,120.000,14.085000,0.035000,121.123134,2691,43,0,23,88,176,0,0
32.513509,12.277000,120.000,14.085000,0.035000,121.123614,2691,43,0,23,88,176,0,0
32.516925,3.416000,120.000,14.085000,0.035000,121.124095,2691,43,0,23,88,176,0,0
32.530143,13.218000,120.000,14.085000,0.035000,121.124576,2691,43,0,23,88,176,0,0
32.532463,2.320000,120.000,14.085000,0.035000,121.125056,2691,43,0,23,88,176,0,0
32.546777,14.314000,120.000,14.085000,0.035000,121.125537,2691,43,0,23,88,176,0,0
32.549122,2.345000,120.000,14.085000,0.035000,121.126018,2691,43,0,23,88,176,0,0
32.563406,14.284000,120.000,14.085000,0.035000,121.126498,2691,43,0,23,88,176,0,0
32.565826,2.420000,120.000,14.085000,0.035000,121.126979,2691,43,0,23,88,176,0,0
32.580189,14.363000,120.000,14.085000,0.035000,121.127460,2691,43,0,23,88,176,0,0
32.582555,2.366000,120.000,14.085000,0.035000,121.127940,2691,43,0,23,88,176,0,0
32.596842,14.287000,120.000,14.085000,0.035000,121.128421,2691,43,0,23,88,176,0,0
32.601450,4.608000,120.000,14.085000,0.035000,121.128901,2691,43,0,23,88,176,0,0
32.613425,11.975000,120.000,14.085000,0.035000,121.129336,2691,43,0,23,88,176,0,0
32.615854,2.429000,120.000,14.085000,0.035000,121.129817,2691,43,0,23,88,176,0,0
32.630232,14.378000,120.000,14.085000,0.035000,121.130298,2691,43,0,23,88,176,0,0
32.632759,2.527000,120.000,14.085000,0.035000,121.130778,2691,43,0,23,88,176,0,0
32.646834,14.075000,120.000,14.085000,0.035000,121.131259,2691,43,0,23,88,176,0,0
32.649836,3.002000,120.000,14.085000,0.035000,121.131740,2691,43,0,23,88,176,0,0
32.663307,13.471000,120.000,14.085000,0.035000,121.132220,2691,43,0,23,88,176,0,0
32.666819,3.512000,120.000,14.085000,0.035000,121.132701,2691,43,0,23,88,176,0,0
32.679833,13.014000,120.000,14.085000,0.035000,121.133182,2691,43,0,23,88,176,0,0
32.683415,3.582000,120.000,14.085000,0.035000,121.133662,2691,43,0,23,88,176,0,0
32.696496,13.081000,120.000,14.085000,0.035000,121.134143,2691,43,0,23,88,176,0,0
32.700073,3.577000,120.000,14.085000,0.035000,121.134624,2691,43,0,23,88,176,0,0
32.713524,13.451000,120.000,14.085000,0.035000,121.135104,2691,43,0,23,88,176,0,0
32.716787,3.263000,120.000,14.085000,0.035000,121.135585,2691,43,0,23,88,176,0,0
32.730148,13.361000,120.000,14.085000,0.035000,121.136065,2691,43,0,23,88,176,0,0
32.732918,2.770000,120.000,14.085000,0.035000,121.136546,2691,43,0,23,88,176,0,0
32.746794,13.876000,120.000,14.085000,0.035000,121.137027,2691,43,0,23,88,176,0,0
32.749577,2.783000,120.000,14.085000,0.035000,121.137507,2691,43,0,23,88,176,0,0
32.763565,13.988000,120.000,14.085000,0.035000,121.137988,2691,43,0,23,88,176,0,0
32.766225,2.660000,120.000,14.085000,0.035000,121.138469,2691,43,0,23,88,176,0,0
32.780197,13.972000,120.000,14.085000,0.035000,121.138949,2691,43,0,23,88,176,0,0
32.782835,2.638000,120.000,14.085000,0.035000,121.139430,2691,43,0,23,88,176,0,0
32.796382,13.547000,120.000,14.085000,0.035000,121.139911,2691,43,0,23,88,176,0,0
32.799880,3.498000,120.000,14.085000,0.035000,121.140391,2691,43,0,23,88,176,0,0
32.813399,13.519000,120.000,14.085000,0.035000,121.140826,2691,43,0,23,88,176,0,0
32.816239,2.840000,120.000,14.085000,0.035000,121.141307,2691,43,0,23,88,176,0,0
32.830554,14.315000,120.000,14.085000,0.035000,121.141788,2691,43,0,23,88,176,0,0
32.833616,3.062000,120.000,14.085000,0.035000,121.142268,2691,43,0,23,88,176,0,0
32.846433,12.817000,120.000,14.085000,0.035000,121.142749,2691,43,0,23,88,176,0,0
32.852016,5.583000,120.000,14.085000,0.035000,121.143229,2691,43,0,23,88,176,0,0
32.863294,11.278000,120.000,14.085000,0.035000,121.143710,2691,43,0,23,88,176,0,0
32.866815,3.521000,120.000,14.085000,0.035000,121.144191,2691,43,0,23,88,176,0,0
32.880068,13.253000,120.000,14.085000,0.035000,121.144671,2691,43,0,23,88,176,0,0
32.883492,3.424000,120.000,14.085000,0.035000,121.145152,2691,43,0,23,88,176,0,0
32.896342,12.850000,120.000,14.085000,0.035000,121.145633,2691,43,0,23,88,176,0,0
32.899675,3.333000,120.000,14.085000,0.035000,121.146113,2691,43,0,23,88,176,0,0
32.913517,13.842000,120.000,14.085000,0.035000,121.146594,2691,43,0,23,88,176,0,0
32.916925,3.408000,120.000,14.085000,0.035000,121.147075,2691,43,0,23,88,176,0,0
32.930160,13.235000,120.000,14.085000,0.035000,121.147555,2691,43,0,23,88,176,0,0
32.933143,2.983000,120.000,14.085000,0.035000,121.147990,2691,43,0,23,88,176,0,0
32.946787,13.644000,120.000,14.085000,0.035000,121.148471,2691,43,0,23,88,176,0,0
32.949774,2.987000,120.000,14.085000,0.035000,121.148952,2691,43,0,23,88,176,0,0
32.963428,13.654000,120.000,14.085000,0.035000,121.149432,2691,43,0,23,88,176,0,0
32.966641,3.213000,120.000,14.085000,0.035000,121.149913,2691,43,0,23,88,176,0,0
32.980044,13.403000,120.000,14.085000,0.035000,121.150393,2691,43,0,23,88,176,0,0
32.983470,3.426000,120.000,14.085000,0.035000,121.150874,2691,43,0,23,88,176,0,0
32.996812,13.342000,120.000,14.085000,0.035000,121.151309,2691,43,0,23,88,176,0,0
33.000243,3.431000,120.000,14.085000,0.035000,121.151790,2691,43,0,23,88,176,0,0
33.013396,13.153000,120.000,14.085000,0.035000,121.152270,2691,43,0,23,88,176,0,0
33.016866,3.470000,120.000,14.085000,0.035000,121.152751,2691,43,0,23,88,176,0,0
33.030086,13.220000,120.000,14.085000,0.035000,121.153232,2691,43,0,23,88,176,0,0
33.033488,3.402000,120.000,14.085000,0.035000,121.153712,2691,43,0,23,88,176,0,0
33.046687,13.199000,120.000,14.085000,0.035000,121.154193,2691,43,0,23,88,176,0,0
33.050218,3.531000,120.000,14.085000,0.035000,121.154674,2691,43,0,23,88,176,0,0
33.063522,13.304000,120.000,14.085000,0.035000,121.155154,2691,43,0,23,88,176,0,0
33.066890,3.368000,120.000,14.085000,0.035000,121.155635,2691,43,0,23,88,176,0,0
33.080112,13.222000,120.000,14.085000,0.035000,121.156070,2691,43,0,23,88,176,0,0
33.083753,3.641000,120.000,14.085000,0.035000,121.156550,2691,43,0,23,88,176,0,0
33.096726,12.973000,120.000,14.085000,0.035000,121.157031,2691,43,0,23,88,176,0,0
33.100112,3.386000,120.000,14.085000,0.035000,121.157512,2691,43,0,23,88,176,0,0
33.113363,13.251000,120.000,14.085000,0.035000,121.157992,2691,43,0,23,88,176,0,0
33.116801,3.438000,120.000,14.085000,0.035000,121.158473,2691,43,0,23,88,176,0,0
33.130175,13.374000,120.000,14.085000,0.035000,121.158954,2691,43,0,23,88,176,0,0
33.133609,3.434000,120.000,14.085000,0.035000,121.159434,2691,43,0,23,88,176,0,0
33.146622,13.013000,120.000,14.085000,0.035000,121.159915,2691,43,0,23,88,176,0,0
33.150171,3.549000,120.000,14.085000,0.035000,121.160396,2691,43,0,23,88,176,0,0
33.163456,13.285000,120.000,14.085000,0.035000,121.160876,2691,43,0,23,88,176,0,0
33.166993,3.537000,120.000,14.085000,0.035000,121.161357,2691,43,0,23,88,176,0,0
33.180060,13.067000,120.000,14.085000,0.035000,121.161838,2691,43,0,23,88,176,0,0
33.183633,3.573000,120.000,14.085000,0.035000,121.162272,2691,43,0,23,88,176,0,0
33.196395,12.762000,120.000,14.085000,0.035000,121.162753,2691,43,0,23,88,176,0,0
33.199815,3.420000,120.000,14.085000,0.035000,121.163234,2691,43,0,23,88,176,0,0
33.213462,13.647000,120.000,14.085000,0.035000,121.163714,2691,43,0,23,88,176,0,0
33.217013,3.551000,120.000,14.085000,0.035000,121.164195,2691,43,0,23,88,176,0,0
33.229553,12.540000,120.000,14.085000,0.035000,121.164676,2691,43,0,23,88,176,0,0
33.232979,3.426000,120.000,14.085000,0.035000,121.165156,2691,43,0,23,88,176,0,0
33.246735,13.756000,120.000,14.085000,0.035000,121.165637,2691,43,0,23,88,176,0,0
33.250279,3.544000,120.000,14.085000,0.035000,121.166118,2691,43,0,23,88,176,0,0
33.263334,13.055000,120.000,14.085000,0.035000,121.166598,2691,43,0,23,88,176,0,0
33.266872,3.538000,120.000,14.085000,0.035000,121.167079,2691,43,0,23,88,176,0,0
33.280112,13.240000,120.000,14.085000,0.035000,121.167560,2691,43,0,23,88,176,0,0
33.283559,3.447000,120.000,14.085000,0.035000,121.168040,2691,43,0,23,88,176,0,0
33.296742,13.183000,120.000,14.085000,0.035000,121.168521,2691,43,0,23,88,176,0,0
33.300303,3.561000,120.000,14.085000,0.035000,121.169002,2691,43,0,23,88,176,0,0
33.313374,13.071000,120.000,14.085000,0.035000,121.169482,2691,43,0,23,88,176,0,0
33.316856,3.482000,120.000,14.085000,0.035000,121.169963,2691,43,0,23,88,176,0,0
33.330148,13.292000,120.000,14.085000,0.035000,121.170444,2691,43,0,23,88,176,0,0
33.333586,3.438000,120.000,14.085000,0.035000,121.170924,2691,43,0,23,88,176,0,0
33.346782,13.196000,120.000,14.085000,0.035000,121.171405,2691,43,0,23,88,176,0,0
33.350291,3.509000,120.000,14.085000,0.035000,121.171885,2691,43,0,23,88,176,0,0
33.363412,13.121000,120.000,14.085000,0.035000,121.172366,2691,43,0,23,88,176,0,0
33.366944,3.532000,120.000,14.085000,0.035000,121.172847,2691,43,0,23,88,176,0,0
33.380077,13.133000,120.000,14.085000,0.035000,121.173327,2691,43,0,23,88,176,0,0
33.383467,3.390000,120.000,14.085000,0.035000,121.173808,2691,43,0,23,88,176,0,0
33.396690,13.223000,120.000,14.085000,0.035000,121.174289,2691,43,0,23,88,176,0,0
33.400233,3.543000,120.000,14.085000,0.035000,121.174724,2691,43,0,23,88,176,0,0
33.413312,13.079000,120.000,14.317000,0.051000,121.175204,2691,43,0,23,88,176,0,0
33.416849,3.537000,120.000,14.317000,0.051000,121.175685,2691,43,0,23,88,176,0,0
33.429539,12.690000,120.000,14.317000,0.051000,121.176166,2691,43,0,23,88,176,0,0
33.433029,3.490000,120.000,14.317000,0.051000,121.176646,2691,43,0,23,88,176,0,0
33.446772,13.743000,120.000,14.317000,0.051000,121.177127,2691,43,0,23,88,176,0,0
33.450269,3.497000,120.000,14.317000,0.051000,121.177608,2691,43,0,23,88,176,0,0
33.463517,13.248000,120.000,14.317000,0.051000,121.178088,2691,43,0,23,88,176,0,0
33.467048,3.531000,120.000,14.317000,0.051000,121.178569,2691,43,0,23,88,176,0,0
33.480150,13.102000,120.000,14.317000,0.051000,121.179049,2691,43,0,23,88,176,0,0
33.483690,3.540000,120.000,14.317000,0.051000,121.179484,2691,43,0,23,88,176,0,0
33.496772,13.082000,120.000,14.317000,0.051000,121.179919,2691,43,0,23,88,176,0,0
33.500166,3.394000,120.000,14.317000,0.051000,121.180400,2691,43,0,23,88,176,0,0
33.513400,13.234000,120.000,14.317000,0.051000,121.180881,2691,43,0,23,88,176,0,0
33.516533,3.133000,120.000,14.317000,0.051000,121.181293,2691,43,0,23,88,176,0,0
33.530066,13.533000,120.000,14.317000,0.051000,121.181773,2691,43,0,23,88,176,0,0
33.533902,3.836000,120.000,14.317000,0.051000,121.182254,2691,43,0,23,88,176,0,0
33.546832,12.930000,120.000,14.317000,0.051000,121.182734,2691,43,0,23,88,176,0,0
33.550325,3.493000,120.000,14.317000,0.051000,121.183215,2691,43,0,23,88,176,0,0
33.563448,13.123000,120.000,14.317000,0.051000,121.183696,2691,43,0,23,88,176,0,0
33.566879,3.431000,120.000,14.317000,0.051000,121.184176,2691,43,0,23,88,176,0,0
33.580103,13.224000,120.000,14.317000,0.051000,121.184657,2691,43,0,23,88,176,0,0
33.583653,3.550000,120.000,14.317000,0.051000,121.185138,2691,43,0,23,88,176,0,0
33.596864,13.211000,120.000,14.317000,0.051000,121.185618,2691,43,0,23,88,176,0,0
33.600323,3.459000,120.000,14.317000,0.051000,121.186099,2691,43,0,23,88,176,0,0
33.613491,13.168000,120.000,14.317000,0.051000,121.186580,2691,43,0,23,88,176,0,0
33.616962,3.471000,120.000,14.317000,0.051000,121.187060,2691,43,0,23,88,176,0,0
33.629970,13.008000,120.000,14.317000,0.051000,121.187541,2691,43,0,23,88,176,0,0
33.633502,3.532000,120.000,14.317000,0.051000,121.187976,2691,43,0,23,88,176,0,0
33.646772,13.270000,120.000,14.317000,0.051000,121.188457,2691,43,0,23,88,176,0,0
33.650392,3.620000,120.000,14.317000,0.051000,121.188937,2691,43,0,23,88,176,0,0
33.663547,13.155000,120.000,14.317000,0.051000,121.189418,2691,43,0,23,88,176,0,0
33.667034,3.487000,120.000,14.317000,0.051000,121.189898,2691,43,0,23,88,176,0,0
33.680170,13.136000,120.000,14.317000,0.051000,121.190379,2691,43,0,23,88,176,0,0
33.683658,3.488000,120.000,14.317000,0.051000,121.190814,2691,43,0,23,88,176,0,0
33.696806,13.148000,120.000,14.317000,0.051000,121.191295,2691,43,0,23,88,176,0,0
33.700389,3.583000,120.000,14.317000,0.051000,121.191775,2691,43,0,23,88,176,0,0
33.713412,13.023000,120.000,14.317000,0.051000,121.192256,2691,43,0,23,88,176,0,0
33.716985,3.573000,120.000,14.317000,0.051000,121.192737,2691,43,0,23,88,176,0,0
33.730196,13.211000,120.000,14.317000,0.051000,121.193217,2691,43,0,23,88,176,0,0
33.733659,3.463000,120.000,14.317000,0.051000,121.193698,2691,43,0,23,88,176,0,0
33.746662,13.003000,120.000,14.317000,0.051000,121.194179,2691,43,0,23,88,176,0,0
33.750212,3.550000,120.000,14.317000,0.051000,121.194659,2691,43,0,23,88,176,0,0
33.763302,13.090000,120.000,14.317000,0.051000,121.195140,2691,43,0,23,88,176,0,0
33.766841,3.539000,120.000,14.317000,0.051000,121.195621,2691,43,0,23,88,176,0,0
33.780067,13.226000,120.000,14.317000,0.051000,121.196101,2691,43,0,23,88,176,0,0
33.783614,3.547000,120.000,14.317000,0.051000,121.196582,2691,43,0,23,88,176,0,0
33.796742,13.128000,120.000,14.317000,0.051000,121.197062,2691,43,0,23,88,176,0,0
33.800298,3.556000,120.000,14.317000,0.051000,121.197543,2691,43,0,23,88,176,0,0
33.813494,13.196000,120.000,14.317000,0.051000,121.198024,2691,43,0,23,88,176,0,0
33.816981,3.487000,120.000,14.317000,0.051000,121.198504,2691,43,0,23,88,176,0,0
33.830106,13.125000,120.000,14.317000,0.051000,121.198985,2691,43,0,23,88,176,0,0
33.833589,3.483000,120.000,14.317000,0.051000,121.199466,2691,43,0,23,88,176,0,0
33.846741,13.152000,120.000,14.317000,0.051000,121.199946,2691,43,0,23,88,176,0,0
33.850359,3.618000,120.000,14.317000,0.051000,121.200427,2691,43,0,23,88,176,0,0
33.863855,13.496000,120.000,14.317000,0.051000,121.200908,2691,43,0,23,88,176,0,0
33.866981,3.126000,120.000,14.317000,0.051000,121.201388,2691,43,0,23,88,176,0,0
33.880700,13.719000,120.000,14.317000,0.051000,121.201869,2691,43,0,23,88,176,0,0
33.885607,4.907000,120.000,14.317000,0.051000,121.202281,2691,43,0,23,88,176,0,0
33.896286,10.679000,120.000,14.317000,0.051000,121.202762,2691,43,0,23,88,176,0,0
33.899846,3.560000,120.000,14.317000,0.051000,121.203242,2691,43,0,23,88,176,0,0
33.912932,13.086000,120.000,14.317000,0.051000,121.203723,2691,43,0,23,88,176,0,0
33.916306,3.374000,120.000,14.317000,0.051000,121.204204,2691,43,0,23,88,176,0,0
33.930089,13.783000,120.000,14.317000,0.051000,121.204684,2691,43,0,23,88,176,0,0
33.933634,3.545000,120.000,14.317000,0.051000,121.205165,2691,43,0,23,88,176,0,0
33.946702,13.068000,120.000,14.317000,0.051000,121.205646,2691,43,0,23,88,176,0,0
33.950219,3.517000,120.000,14.317000,0.051000,121.206126,2691,43,0,23,88,176,0,0
33.963462,13.243000,120.000,14.317000,0.051000,121.206607,2691,43,0,23,88,176,0,0
33.966952,3.490000,120.000,14.317000,0.051000,121.207088,2691,43,0,23,88,176,0,0
33.980080,13.128000,120.000,14.317000,0.051000,121.207568,2691,43,0,23,88,176,0,0
33.983516,3.436000,120.000,14.317000,0.051000,121.208003,2691,43,0,23,88,176,0,0
33.996726,13.210000,120.000,14.317000,0.051000,121.208484,2691,43,0,23,88,176,0,0
34.000064,3.338000,120.000,14.317000,0.051000,121.208964,2691,43,0,23,88,176,0,0
34.013372,13.308000,120.000,14.317000,0.051000,121.209445,2691,43,0,23,88,176,0,0
34.016368,2.996000,120.000,14.317000,0.051000,121.209926,2691,43,0,23,88,176,0,0
34.030137,13.769000,120.000,14.317000,0.051000,121.210406,2691,43,0,23,88,176,0,0
34.033172,3.035000,120.000,14.317000,0.051000,121.210887,2691,43,0,23,88,176,0,0
34.046607,13.435000,120.000,14.317000,0.051000,121.211368,2691,43,0,23,88,176,0,0
34.049775,3.168000,120.000,14.317000,0.051000,121.211848,2691,43,0,23,88,176,0,0
34.063427,13.652000,120.000,14.317000,0.051000,121.212329,2691,43,0,23,88,176,0,0
34.066979,3.552000,120.000,14.317000,0.051000,121.212810,2691,43,0,23,88,176,0,0
34.080045,13.066000,120.000,14.317000,0.051000,121.213290,2691,43,0,23,88,176,0,0
34.083516,3.471000,120.000,14.317000,0.051000,121.213771,2691,43,0,23,88,176,0,0
34.097091,13.575000,120.000,14.317000,0.051000,121.214252,2691,43,0,23,88,176,0,0
34.101570,4.479000,120.000,14.317000,0.051000,121.214732,2691,43,0,23,88,176,0,0
34.113418,11.848000,120.000,14.317000,0.051000,121.215167,2691,43,0,23,88,176,0,0
34.116832,3.414000,120.000,14.317000,0.051000,121.215648,2691,43,0,23,88,176,0,0
34.130088,13.256000,120.000,14.317000,0.051000,121.216128,2691,43,0,23,88,176,0,0
34.133637,3.549000,120.000,14.317000,0.051000,121.216609,2691,43,0,23,88,176,0,0
34.146376,12.739000,120.000,14.317000,0.051000,121.217090,2691,43,0,23,88,176,0,0
34.149810,3.434000,120.000,14.317000,0.051000,121.217570,2691,43,0,23,88,176,0,0
34.163356,13.546000,120.000,14.317000,0.051000,121.218005,2691,43,0,23,88,176,0,0
34.166894,3.538000,120.000,14.317000,0.051000,121.218486,2691,43,0,23,88,176,0,0
34.180131,13.237000,120.000,14.317000,0.051000,121.218966,2691,43,0,23,88,176,0,0
34.183580,3.449000,120.000,14.317000,0.051000,121.219447,2691,43,0,23,88,176,0,0
34.196201,12.621000,120.000,14.317000,0.051000,121.219882,2691,43,0,23,88,176,0,0
34.199681,3.480000,120.000,14.317000,0.051000,121.220363,2691,43,0,23,88,176,0,0
34.213379,13.698000,120.000,14.317000,0.051000,121.220843,2691,43,0,23,88,176,0,0
34.216787,3.408000,120.000,14.317000,0.051000,121.221324,2691,43,0,23,88,176,0,0
34.230160,13.373000,120.000,14.317000,0.051000,121.221805,2691,43,0,23,88,176,0,0
34.233623,3.463000,120.000,14.317000,0.051000,121.222239,2691,43,0,23,88,176,0,0
34.246633,13.010000,120.000,14.317000,0.051000,121.222720,2691,43,0,23,88,176,0,0
34.250083,3.450000,120.000,14.317000,0.051000,121.223201,2691,43,0,23,88,176,0,0
34.263410,13.327000,120.000,14.317000,0.051000,121.223681,2691,43,0,23,88,176,0,0
34.266948,3.538000,120.000,14.317000,0.051000,121.224116,2691,43,0,23,88,176,0,0
34.280035,13.087000,120.000,14.317000,0.051000,121.224597,2691,43,0,23,88,176,0,0
34.283565,3.530000,120.000,14.317000,0.051000,121.225078,2691,43,0,23,88,176,0,0
34.296705,13.140000,120.000,14.317000,0.051000,121.225558,2691,43,0,23,88,176,0,0
34.300245,3.540000,120.000,14.317000,0.051000,121.226039,2691,43,0,23,88,176,0,0
34.313031,12.786000,120.000,14.317000,0.051000,121.226520,2691,43,0,23,88,176,0,0
34.316426,3.395000,120.000,14.317000,0.051000,121.227000,2691,43,0,23,88,176,0,0
34.329555,13.129000,120.000,14.317000,0.051000,121.227481,2691,43,0,23,88,176,0,0
34.332973,3.418000,120.000,14.317000,0.051000,121.227962,2691,43,0,23,88,176,0,0
34.346745,13.772000,120.000,14.317000,0.051000,121.228442,2691,43,0,23,88,176,0,0
34.350244,3.499000,120.000,14.317000,0.051000,121.228923,2691,43,0,23,88,176,0,0
34.363347,13.103000,120.000,14.317000,0.051000,121.229403,2691,43,0,23,88,176,0,0
34.366809,3.462000,120.000,14.317000,0.051000,121.229884,2691,43,0,23,88,176,0,0
34.380116,13.307000,120.000,14.317000,0.051000,121.230365,2691,43,0,23,88,176,0,0
34.383557,3.441000,120.000,14.317000,0.051000,121.230845,2691,43,0,23,88,176,0,0
34.396764,13.207000,120.000,14.317000,0.051000,121.231326,2691,43,0,23,88,176,0,0
34.400033,3.269000,120.000,14.317000,0.051000,121.231807,2691,43,0,23,88,176,0,0
34.413403,13.370000,120.000,13.730000,0.041000,121.232287,2691,43,0,23,88,176,0,0
34.416584,3.181000,120.000,13.730000,0.041000,121.232768,2691,43,0,23,88,176,0,0
34.429718,13.134000,120.000,13.730000,0.041000,121.233249,2691,43,0,23,88,176,0,0
34.433112,3.394000,120.000,13.730000,0.041000,121.233729,2691,43,0,23,88,176,0,0
34.446811,13.699000,120.000,13.730000,0.041000,121.234210,2691,43,0,23,88,176,0,0
34.450064,3.253000,120.000,13.730000,0.041000,121.234691,2691,43,0,23,88,176,0,0
34.463440,13.376000,120.000,13.730000,0.041000,121.235171,2691,43,0,23,88,176,0,0
34.466793,3.353000,120.000,13.730000,0.041000,121.235606,2691,43,0,23,88,176,0,0
34.480058,13.265000,120.000,13.730000,0.041000,121.236087,2691,43,0,23,88,176,0,0
34.483592,3.534000,120.000,13.730000,0.041000,121.236567,2691,43,0,23,88,176,0,0
34.496568,12.976000,120.000,13.730000,0.041000,121.237048,2691,43,0,23,88,176,0,0
34.500027,3.459000,120.000,13.730000,0.041000,121.237529,2691,43,0,23,88,176,0,0
34.513102,13.075000,120.000,13.730000,0.041000,121.238009,2691,43,0,23,88,176,0,0
34.516412,3.310000,120.000,13.730000,0.041000,121.238490,2691,43,0,23,88,176,0,0
34.529705,13.293000,120.000,13.730000,0.041000,121.238971,2691,43,0,23,88,176,0,0
34.533008,3.303000,120.000,13.730000,0.041000,121.239451,2691,43,0,23,88,176,0,0
34.546295,13.287000,120.000,13.730000,0.041000,121.239932,2691,43,0,23,88,176,0,0
34.549455,3.160000,120.000,13.730000,0.041000,121.240413,2691,43,0,23,88,176,0,0
34.562860,13.405000,120.000,13.730000,0.041000,121.240893,2691,43,0,23,88,176,0,0
34.566114,3.254000,120.000,13.730000,0.041000,121.241328,2691,43,0,23,88,176,0,0
34.579484,13.370000,120.000,13.730000,0.041000,121.241809,2691,43,0,23,88,176,0,0
34.582854,3.370000,120.000,13.730000,0.041000,121.242290,2691,43,0,23,88,176,0,0
34.596570,13.716000,120.000,13.730000,0.041000,121.242770,2691,43,0,23,88,176,0,0
34.600024,3.454000,120.000,13.730000,0.041000,121.243205,2691,43,0,23,88,176,0,0
34.613373,13.349000,120.000,13.730000,0.041000,121.243686,2691,43,0,23,88,176,0,0
34.616835,3.462000,120.000,13.730000,0.041000,121.244166,2691,43,0,23,88,176,0,0
34.630044,13.209000,120.000,13.730000,0.041000,121.244647,2691,43,0,23,88,176,0,0
34.633451,3.407000,120.000,13.730000,0.041000,121.245128,2691,43,0,23,88,176,0,0
34.646803,13.352000,120.000,13.730000,0.041000,121.245608,2691,43,0,23,88,176,0,0
34.649577,2.774000,120.000,13.730000,0.041000,121.246089,2691,43,0,23,88,176,0,0
34.663289,13.712000,120.000,13.730000,0.041000,121.246570,2691,43,0,23,88,176,0,0
34.666022,2.733000,120.000,13.730000,0.041000,121.247050,2691,43,0,23,88,176,0,0
34.680066,14.044000,120.000,13.730000,0.041000,121.247531,2691,43,0,23,88,176,0,0
34.682717,2.651000,120.000,13.730000,0.041000,121.248012,2691,43,0,23,88,176,0,0
34.696660,13.943000,120.000,13.730000,0.041000,121.248492,2691,43,0,23,88,176,0,0
34.699307,2.647000,120.000,13.730000,0.041000,121.248927,2691,43,0,23,88,176,0,0
34.713490,14.183000,120.000,13.730000,0.041000,121.249408,2691,43,0,23,88,176,0,0
34.716317,2.827000,120.000,13.730000,0.041000,121.249843,2691,43,0,23,88,176,0,0
34.730116,13.799000,120.000,13.730000,0.041000,121.250323,2691,43,0,23,88,176,0,0
34.733202,3.086000,120.000,13.730000,0.041000,121.250804,2691,43,0,23,88,176,0,0
34.746747,13.545000,120.000,13.730000,0.041000,121.251285,2691,43,0,23,88,176,0,0
34.750321,3.574000,120.000,13.730000,0.041000,121.251765,2691,43,0,23,88,176,0,0
34.763390,13.069000,120.000,13.730000,0.041000,121.252246,2691,43,0,23,88,176,0,0
34.766919,3.529000,120.000,13.730000,0.041000,121.252681,2691,43,0,23,88,176,0,0
34.780119,13.200000,120.000,13.730000,0.041000,121.253161,2691,43,0,23,88,176,0,0
34.783590,3.471000,120.000,13.730000,0.041000,121.253642,2691,43,0,23,88,176,0,0
34.796781,13.191000,120.000,13.730000,0.041000,121.254077,2691,43,0,23,88,176,0,0
34.800190,3.409000,120.000,13.730000,0.041000,121.254558,2691,43,0,23,88,176,0,0
34.813386,13.196000,120.000,13.730000,0.041000,121.254992,2691,43,0,23,88,176,0,0
34.816853,3.467000,120.000,13.730000,0.041000,121.255473,2691,43,0,23,88,176,0,0
34.829546,12.693000,120.000,13.730000,0.041000,121.255954,2691,43,0,23,88,176,0,0
34.832921,3.375000,120.000,13.730000,0.041000,121.256434,2691,43,0,23,88,176,0,0
34.846618,13.697000,120.000,13.730000,0.041000,121.256915,2691,43,0,23,88,176,0,0
34.850022,3.404000,120.000,13.730000,0.041000,121.257396,2691,43,0,23,88,176,0,0
34.863075,13.053000,120.000,13.730000,0.041000,121.257876,2691,43,0,23,88,176,0,0
34.866175,3.100000,120.000,13.730000,0.041000,121.258357,2691,43,0,23,88,176,0,0
34.879383,13.208000,120.000,13.730000,0.041000,121.258838,2691,43,0,23,88,176,0,0
34.882528,3.145000,120.000,13.730000,0.041000,121.259318,2691,43,0,23,88,176,0,0
34.896242,13.714000,120.000,13.730000,0.041000,121.259799,2691,43,0,23,88,176,0,0
34.899632,3.390000,120.000,13.730000,0.041000,121.260280,2691,43,0,23,88,176,0,0
34.912987,13.355000,120.000,13.730000,0.041000,121.260760,2691,43,0,23,88,176,0,0
34.916280,3.293000,120.000,13.730000,0.041000,121.261241,2691,43,0,23,88,176,0,0
34.929439,13.159000,120.000,13.730000,0.041000,121.261676,2691,43,0,23,88,176,0,0
34.932578,3.139000,120.000,13.730000,0.041000,121.262156,2691,43,0,23,88,176,0,0
34.945952,13.374000,120.000,13.730000,0.041000,121.262637,2691,43,0,23,88,176,0,0
34.948980,3.028000,120.000,13.730000,0.041000,121.263118,2691,43,0,23,88,176,0,0
34.962829,13.849000,120.000,13.730000,0.041000,121.263553,2691,43,0,23,88,176,0,0
34.966521,3.692000,120.000,13.730000,0.041000,121.264033,2691,43,0,23,88,176,0,0
34.979584,13.063000,120.000,13.730000,0.041000,121.264514,2691,43,0,23,88,176,0,0
34.983468,3.884000,120.000,13.730000,0.041000,121.264995,2691,43,0,23,88,176,0,0
34.996376,12.908000,120.000,13.730000,0.041000,121.265475,2691,43,0,23,88,176,0,0
34.999755,3.379000,120.000,13.730000,0.041000,121.265956,2691,43,0,23,88,176,0,0
35.012912,13.157000,120.000,13.730000,0.041000,121.266437,2691,43,0,23,88,176,0,0
35.016177,3.265000,120.000,13.730000,0.041000,121.266917,2691,43,0,23,88,176,0,0
35.029414,13.237000,120.000,13.730000,0.041000,121.267398,2691,43,0,23,88,176,0,0
35.032673,3.259000,120.000,13.730000,0.041000,121.267879,2691,43,0,23,88,176,0,0
35.046382,13.709000,120.000,13.730000,0.041000,121.268359,2691,43,0,23,88,176,0,0
35.049712,3.330000,120.000,13.730000,0.041000,121.268840,2691,43,0,23,88,176,0,0
35.063314,13.602000,120.000,13.730000,0.041000,121.269320,2691,43,0,23,88,176,0,0
35.068954,5.640000,120.000,13.730000,0.041000,121.269801,2691,43,0,23,88,176,0,0
35.079671,10.717000,120.000,13.730000,0.041000,121.270282,2691,43,0,23,88,176,0,0
35.083062,3.391000,120.000,13.730000,0.041000,121.270762,2691,43,0,23,88,176,0,0
35.096683,13.621000,120.000,13.730000,0.041000,121.271243,2691,43,0,23,88,176,0,0
35.100079,3.396000,120.000,13.730000,0.041000,121.271724,2691,43,0,23,88,176,0,0
35.113380,13.301000,120.000,13.730000,0.041000,121.272204,2691,43,0,23,88,176,0,0
35.116919,3.539000,120.000,13.730000,0.041000,121.272639,2691,43,0,23,88,176,0,0
35.130150,13.231000,120.000,13.730000,0.041000,121.273120,2691,43,0,23,88,176,0,0
35.132415,2.265000,120.000,13.730000,0.041000,121.273555,2691,43,0,23,88,176,0,0
35.146796,14.381000,120.000,13.730000,0.041000,121.274035,2691,43,0,23,88,176,0,0
35.148817,2.021000,120.000,13.730000,0.041000,121.274516,2691,43,0,23,88,176,0,0
35.163407,14.590000,120.000,13.730000,0.041000,121.274997,2691,43,0,23,88,176,0,0
35.166382,2.975000,120.000,13.730000,0.041000,121.275477,2691,43,0,23,88,176,0,0
35.180211,13.829000,120.000,13.730000,0.041000,121.275958,2691,43,0,23,88,176,0,0
35.183006,2.795000,120.000,13.730000,0.041000,121.276439,2691,43,0,23,88,176,0,0
35.196496,13.490000,120.000,13.730000,0.041000,121.276919,2691,43,0,23,88,176,0,0
35.199196,2.700000,120.000,13.730000,0.041000,121.277400,2691,43,0,23,88,176,0,0
35.213063,13.867000,120.000,13.730000,0.041000,121.277881,2691,43,0,23,88,176,0,0
35.215231,2.168000,120.000,13.730000,0.041000,121.278361,2691,43,0,23,88,176,0,0
35.229701,14.470000,120.000,13.730000,0.041000,121.278842,2691,43,0,23,88,176,0,0
35.231719,2.018000,120.000,13.730000,0.041000,121.279323,2691,43,0,23,88,176,0,0
35.246329,14.610000,120.000,13.730000,0.041000,121.279803,2691,43,0,23,88,176,0,0
35.249531,3.202000,120.000,13.730000,0.041000,121.280284,2691,43,0,23,88,176,0,0
35.262613,13.082000,120.000,13.730000,0.041000,121.280765,2691,43,0,23,88,176,0,0
35.265732,3.119000,120.000,13.730000,0.041000,121.281245,2691,43,0,23,88,176,0,0
35.279562,13.830000,120.000,13.730000,0.041000,121.281726,2691,43,0,23,88,176,0,0
35.282747,3.185000,120.000,13.730000,0.041000,121.282207,2691,43,0,23,88,176,0,0
35.296349,13.602000,120.000,13.730000,0.041000,121.282687,2691,43,0,23,88,176,0,0
35.299591,3.242000,120.000,13.730000,0.041000,121.283168,2691,43,0,23,88,176,0,0
35.313155,13.564000,120.000,13.730000,0.041000,121.283648,2691,43,0,23,88,176,0,0
35.316671,3.516000,120.000,13.730000,0.041000,121.284129,2691,43,0,23,88,176,0,0
35.330016,13.345000,120.000,13.730000,0.041000,121.284610,2691,43,0,23,88,176,0,0
35.332201,2.185000,120.000,13.730000,0.041000,121.285090,2691,43,0,23,88,176,0,0
35.346789,14.588000,120.000,13.730000,0.041000,121.285571,2691,43,0,23,88,176,0,0
35.349178,2.389000,120.000,13.730000,0.041000,121.286052,2691,43,0,23,88,176,0,0
35.363427,14.249000,120.000,13.730000,0.041000,121.286532,2691,43,0,23,88,176,0,0
35.365756,2.329000,120.000,13.730000,0.041000,121.287013,2691,43,0,23,88,176,0,0
35.380275,14.519000,120.000,13.730000,0.041000,121.287494,2691,43,0,23,88,176,0,0
35.383005,2.730000,120.000,13.730000,0.041000,121.287974,2691,43,0,23,88,176,0,0
35.396661,13.656000,120.000,13.730000,0.041000,121.288455,2691,43,0,23,88,176,0,0
35.398936,2.275000,120.000,13.730000,0.041000,121.288936,2691,43,0,23,88,176,0,0
35.413496,14.560000,120.000,14.570000,0.040000,121.289416,2691,43,0,23,88,176,0,0
35.416140,2.644000,120.000,14.570000,0.040000,121.289897,2691,43,0,23,88,176,0,0
35.430161,14.021000,120.000,14.570000,0.040000,121.290332,2691,43,0,23,88,176,0,0
35.432766,2.605000,120.000,14.570000,0.040000,121.290812,2691,43,0,23,88,176,0,0
35.446733,13.967000,120.000,14.570000,0.040000,121.291293,2691,43,0,23,88,176,0,0
35.449743,3.010000,120.000,14.570000,0.040000,121.291774,2691,43,0,23,88,176,0,0
35.463374,13.631000,120.000,14.570000,0.040000,121.292254,2691,43,0,23,88,176,0,0
35.466795,3.421000,120.000,14.570000,0.040000,121.292735,2691,43,0,23,88,176,0,0
35.479488,12.693000,120.000,14.570000,0.040000,121.293216,2691,43,0,23,88,176,0,0
35.482935,3.447000,120.000,14.570000,0.040000,121.293696,2691,43,0,23,88,176,0,0
35.496562,13.627000,120.000,14.570000,0.040000,121.294177,2691,43,0,23,88,176,0,0
35.499789,3.227000,120.000,14.570000,0.040000,121.294658,2691,43,0,23,88,176,0,0
35.512655,12.866000,120.000,14.570000,0.040000,121.295138,2691,43,0,23,88,176,0,0
35.515734,3.079000,120.000,14.570000,0.040000,121.295619,2691,43,0,23,88,176,0,0
35.529511,13.777000,120.000,14.570000,0.040000,121.296100,2691,43,0,23,88,176,0,0
35.532438,2.927000,120.000,14.570000,0.040000,121.296580,2691,43,0,23,88,176,0,0
35.546235,13.797000,120.000,14.570000,0.040000,121.297061,2691,43,0,23,88,176,0,0
35.549346,3.111000,120.000,14.570000,0.040000,121.297542,2691,43,0,23,88,176,0,0
35.562808,13.462000,120.000,14.570000,0.040000,121.298022,2691,43,0,23,88,176,0,0
35.566051,3.243000,120.000,14.570000,0.040000,121.298503,2691,43,0,23,88,176,0,0
35.579641,13.590000,120.000,14.570000,0.040000,121.298984,2691,43,0,23,88,176,0,0
35.582931,3.290000,120.000,14.570000,0.040000,121.299464,2691,43,0,23,88,176,0,0
35.596399,13.468000,120.000,14.570000,0.040000,121.299945,2691,43,0,23,88,176,0,0
35.599598,3.199000,120.000,14.570000,0.040000,121.300426,2691,43,0,23,88,176,0,0
35.613460,13.862000,120.000,14.570000,0.040000,121.300906,2691,43,0,23,88,176,0,0
35.619040,5.580000,120.000,14.570000,0.040000,121.301341,2691,43,0,23,88,176,0,0
35.629617,10.577000,120.000,14.570000,0.040000,121.301776,2691,43,0,23,88,176,0,0
35.633799,4.182000,120.000,14.570000,0.040000,121.302257,2691,43,0,23,88,176,0,0
35.646513,12.714000,120.000,14.570000,0.040000,121.302737,2691,43,0,23,88,176,0,0
35.649918,3.405000,120.000,14.570000,0.040000,121.303218,2691,43,0,23,88,176,0,0
35.662954,13.036000,120.000,14.570000,0.040000,121.303699,2691,43,0,23,88,176,0,0
35.666092,3.138000,120.000,14.570000,0.040000,121.304179,2691,43,0,23,88,176,0,0
35.679609,13.517000,120.000,14.570000,0.040000,121.304660,2691,43,0,23,88,176,0,0
35.682871,3.262000,120.000,14.570000,0.040000,121.305140,2691,43,0,23,88,176,0,0
35.696249,13.378000,120.000,14.570000,0.040000,121.305621,2691,43,0,23,88,176,0,0
35.699314,3.065000,120.000,14.570000,0.040000,121.306102,2691,43,0,23,88,176,0,0
35.712995,13.681000,120.000,14.570000,0.040000,121.306582,2691,43,0,23,88,176,0,0
35.716244,3.249000,120.000,14.570000,0.040000,121.307063,2691,43,0,23,88,176,0,0
35.729893,13.649000,120.000,14.570000,0.040000,121.307544,2691,43,0,23,88,176,0,0
35.735536,5.643000,120.000,14.570000,0.040000,121.308024,2691,43,0,23,88,176,0,0
35.746078,10.542000,120.000,14.570000,0.040000,121.308505,2691,43,0,23,88,176,0,0
35.749284,3.206000,120.000,14.570000,0.040000,121.308986,2691,43,0,23,88,176,0,0
35.763070,13.786000,120.000,14.570000,0.040000,121.309466,2691,43,0,23,88,176,0,0
35.766407,3.337000,120.000,14.570000,0.040000,121.309901,2691,43,0,23,88,176,0,0
35.779754,13.347000,120.000,14.570000,0.040000,121.310382,2691,43,0,23,88,176,0,0
35.783194,3.440000,120.000,14.570000,0.040000,121.310863,2691,43,0,23,88,176,0,0
35.796733,13.539000,120.000,14.570000,0.040000,121.311343,2691,43,0,23,88,176,0,0
35.798717,1.984000,120.000,14.570000,0.040000,121.311824,2691,43,0,23,88,176,0,0
35.813306,14.589000,120.000,14.570000,0.040000,121.312304,2691,43,0,23,88,176,0,0
35.815393,2.087000,120.000,14.570000,0.040000,121.312785,2691,43,0,23,88,176,0,0
35.829989,14.596000,120.000,14.570000,0.040000,121.313266,2691,43,0,23,88,176,0,0
35.832033,2.044000,120.000,14.570000,0.040000,121.313746,2691,43,0,23,88,176,0,0
35.846768,14.735000,120.000,14.570000,0.040000,121.314227,2691,43,0,23,88,176,0,0
35.848871,2.103000,120.000,14.570000,0.040000,121.314708,2691,43,0,23,88,176,0,0
35.863550,14.679000,120.000,14.570000,0.040000,121.315188,2691,43,0,23,88,176,0,0
35.865704,2.154000,120.000,14.570000,0.040000,121.315623,2691,43,0,23,88,176,0,0
35.880147,14.443000,120.000,14.570000,0.040000,121.316104,2691,43,0,23,88,176,0,0
35.882454,2.307000,120.000,14.570000,0.040000,121.316585,2691,43,0,23,88,176,0,0
35.896828,14.374000,120.000,14.570000,0.040000,121.317065,2691,43,0,23,88,176,0,0
35.899157,2.329000,120.000,14.570000,0.040000,121.317546,2691,43,0,23,88,176,0,0
35.913438,14.281000,120.000,14.570000,0.040000,121.318027,2691,43,0,23,88,176,0,0
35.917625,4.187000,120.000,14.570000,0.040000,121.318507,2691,43,0,23,88,176,0,0
35.930057,12.432000,120.000,14.570000,0.040000,121.318988,2691,43,0,23,88,176,0,0
35.933586,3.529000,120.000,14.570000,0.040000,121.319468,2691,43,0,23,88,176,0,0
35.946685,13.099000,120.000,14.570000,0.040000,121.319949,2691,43,0,23,88,176,0,0
35.950207,3.522000,120.000,14.570000,0.040000,121.320430,2691,43,0,23,88,176,0,0
35.963026,12.819000,120.000,14.570000,0.040000,121.320910,2691,43,0,23,88,176,0,0
35.966489,3.463000,120.000,14.570000,0.040000,121.321391,2691,43,0,23,88,176,0,0
35.979917,13.428000,120.000,14.570000,0.040000,121.321872,2691,43,0,23,88,176,0,0
35.983459,3.542000,120.000,14.570000,0.040000,121.322352,2691,43,0,23,88,176,0,0
35.996722,13.263000,120.000,14.570000,0.040000,121.322833,2691,43,0,23,88,176,0,0
35.999225,2.503000,120.000,14.570000,0.040000,121.323314,2691,43,0,23,88,176,0,0
36.013397,14.172000,120.000,14.570000,0.040000,121.323794,2691,43,0,23,88,176,0,0
36.017935,4.538000,120.000,14.570000,0.040000,121.324275,2691,43,0,23,88,176,0,0
36.030130,12.195000,120.000,14.570000,0.040000,121.324756,2691,43,0,23,88,176,0,0
36.032506,2.376000,120.000,14.570000,0.040000,121.325191,2691,43,0,23,88,176,0,0
36.046838,14.332000,120.000,14.570000,0.040000,121.325671,2691,43,0,23,88,176,0,0
36.051364,4.526000,120.000,14.570000,0.040000,121.326152,2691,43,0,23,88,176,0,0
36.063405,12.041000,120.000,14.570000,0.040000,121.326632,2691,43,0,23,88,176,0,0
36.065748,2.343000,120.000,14.570000,0.040000,121.327113,2691,43,0,23,88,176,0,0
36.080159,14.411000,120.000,14.570000,0.040000,121.327594,2691,43,0,23,88,176,0,0
36.082645,2.486000,120.000,14.570000,0.040000,121.328074,2691,43,0,23,88,176,0,0
36.096802,14.157000,120.000,14.570000,0.040000,121.328555,2691,43,0,23,88,176,0,0
36.100641,3.839000,120.000,14.570000,0.040000,121.329036,2691,43,0,23,88,176,0,0
36.113442,12.801000,120.000,14.570000,0.040000,121.329516,2691,43,0,23,88,176,0,0
36.116035,2.593000,120.000,14.570000,0.040000,121.329997,2691,43,0,23,88,176,0,0
36.130085,14.050000,120.000,14.570000,0.040000,121.330478,2691,43,0,23,88,176,0,0
36.132784,2.699000,120.000,14.570000,0.040000,121.330958,2691,43,0,23,88,176,0,0
36.146674,13.890000,120.000,14.570000,0.040000,121.331439,2691,43,0,23,88,176,0,0
36.150144,3.470000,120.000,14.570000,0.040000,121.331920,2691,43,0,23,88,176,0,0
36.163475,13.331000,120.000,14.570000,0.040000,121.332400,2691,43,0,23,88,176,0,0
36.166978,3.503000,120.000,14.570000,0.040000,121.332881,2691,43,0,23,88,176,0,0
36.179603,12.625000,120.000,14.570000,0.040000,121.333362,2691,43,0,23,88,176,0,0
36.183033,3.430000,120.000,14.570000,0.040000,121.333842,2691,43,0,23,88,176,0,0
36.196687,13.654000,120.000,14.570000,0.040000,121.334323,2691,43,0,23,88,176,0,0
36.200152,3.465000,120.000,14.570000,0.040000,121.334804,2691,43,0,23,88,176,0,0
36.213317,13.165000,120.000,14.570000,0.040000,121.335284,2691,43,0,23,88,176,0,0
36.216757,3.440000,120.000,14.570000,0.040000,121.335765,2691,43,0,23,88,176,0,0
36.229713,12.956000,120.000,14.570000,0.040000,121.336246,2691,43,0,23,88,176,0,0
36.233138,3.425000,120.000,14.570000,0.040000,121.336726,2691,43,0,23,88,176,0,0
36.246371,13.233000,120.000,14.570000,0.040000,121.337207,2691,43,0,23,88,176,0,0
36.249880,3.509000,120.000,14.570000,0.040000,121.337687,2691,43,0,23,88,176,0,0
36.262585,12.705000,120.000,14.570000,0.040000,121.338122,2691,43,0,23,88,176,0,0
36.265177,2.592000,120.000,14.570000,0.040000,121.338603,2691,43,0,23,88,176,0,0
36.280052,14.875000,120.000,14.570000,0.040000,121.339084,2691,43,0,23,88,176,0,0
36.282136,2.084000,120.000,14.570000,0.040000,121.339564,2691,43,0,23,88,176,0,0
36.296855,14.719000,120.000,14.570000,0.040000,121.340045,2691,43,0,23,88,176,0,0
36.299172,2.317000,120.000,14.570000,0.040000,121.340526,2691,43,0,23,88,176,0,0
36.313441,14.269000,120.000,14.570000,0.040000,121.341006,2691,43,0,23,88,176,0,0
36.316280,2.839000,120.000,14.570000,0.040000,121.341487,2691,43,0,23,88,176,0,0
36.330074,13.794000,120.000,14.570000,0.040000,121.341922,2691,43,0,23,88,176,0,0
36.332494,2.420000,120.000,14.570000,0.040000,121.342402,2691,43,0,23,88,176,0,0
36.346756,14.262000,120.000,14.570000,0.040000,121.342883,2691,43,0,23,88,176,0,0
36.349173,2.417000,120.000,14.570000,0.040000,121.343364,2691,43,0,23,88,176,0,0
36.363505,14.332000,120.000,14.570000,0.040000,121.343844,2691,43,0,23,88,176,0,0
36.366036,2.531000,120.000,14.570000,0.040000,121.344325,2691,43,0,23,88,176,0,0
36.380129,14.093000,120.000,14.570000,0.040000,121.344806,2691,43,0,23,88,176,0,0
36.383137,3.008000,120.000,14.570000,0.040000,121.345286,2691,43,0,23,88,176,0,0
36.396768,13.631000,120.000,14.570000,0.040000,121.345767,2691,43,0,23,88,176,0,0
36.400369,3.601000,120.000,14.570000,0.040000,121.346248,2691,43,0,23,88,176,0,0
36.413389,13.020000,120.000,14.827000,0.055000,121.346728,2691,43,0,23,88,176,0,0
36.416961,3.572000,120.000,14.827000,0.055000,121.347209,2691,43,0,23,88,176,0,0
36.429994,13.033000,120.000,14.827000,0.055000,121.347690,2691,43,0,23,88,176,0,0
36.433574,3.580000,120.000,14.827000,0.055000,121.348170,2691,43,0,23,88,176,0,0
36.446646,13.072000,120.000,14.827000,0.055000,121.348651,2691,43,0,23,88,176,0,0
36.450198,3.552000,120.000,14.827000,0.055000,121.349132,2691,43,0,23,88,176,0,0
36.463437,13.239000,120.000,14.827000,0.055000,121.349612,2691,43,0,23,88,176,0,0
36.467034,3.597000,120.000,14.827000,0.055000,121.350093,2691,43,0,23,88,176,0,0
36.480058,13.024000,120.000,14.827000,0.055000,121.350574,2691,43,0,23,88,176,0,0
36.483671,3.613000,120.000,14.827000,0.055000,121.351054,2691,43,0,23,88,176,0,0
36.496833,13.162000,120.000,14.827000,0.055000,121.351535,2691,43,0,23,88,176,0,0
36.499939,3.106000,120.000,14.827000,0.055000,121.352015,2691,43,0,23,88,176,0,0
36.513473,13.534000,120.000,14.827000,0.055000,121.352496,2691,43,0,23,88,176,0,0
36.516580,3.107000,120.000,14.827000,0.055000,121.352977,2691,43,0,23,88,176,0,0
36.530093,13.513000,120.000,14.827000,0.055000,121.353412,2691,43,0,23,88,176,0,0
36.533220,3.127000,120.000,14.827000,0.055000,121.353892,2691,43,0,23,88,176,0,0
36.546712,13.492000,120.000,14.827000,0.055000,121.354327,2691,43,0,23,88,176,0,0
36.550278,3.566000,120.000,14.827000,0.055000,121.354808,2691,43,0,23,88,176,0,0
36.563363,13.085000,120.000,14.827000,0.055000,121.355289,2691,43,0,23,88,176,0,0
36.566872,3.509000,120.000,14.827000,0.055000,121.355769,2691,43,0,23,88,176,0,0
36.580118,13.246000,120.000,14.827000,0.055000,121.356250,2691,43,0,23,88,176,0,0
36.583582,3.464000,120.000,14.827000,0.055000,121.356730,2691,43,0,23,88,176,0,0
36.596763,13.181000,120.000,14.827000,0.055000,121.357211,2691,43,0,23,88,176,0,0
36.600191,3.428000,120.000,14.827000,0.055000,121.357692,2691,43,0,23,88,176,0,0
36.613404,13.213000,120.000,14.827000,0.055000,121.358172,2691,43,0,23,88,176,0,0
36.616952,3.548000,120.000,14.827000,0.055000,121.358653,2691,43,0,23,88,176,0,0
36.629991,13.039000,120.000,14.827000,0.055000,121.359134,2691,43,0,23,88,176,0,0
36.633548,3.557000,120.000,14.827000,0.055000,121.359614,2691,43,0,23,88,176,0,0
36.646813,13.265000,120.000,14.827000,0.055000,121.360095,2691,43,0,23,88,176,0,0
36.650301,3.488000,120.000,14.827000,0.055000,121.360576,2691,43,0,23,88,176,0,0
36.662841,12.540000,120.000,14.827000,0.055000,121.361056,2691,43,0,23,88,176,0,0
36.666165,3.324000,120.000,14.827000,0.055000,121.361537,2691,43,0,23,88,176,0,0
36.679865,13.700000,120.000,14.827000,0.055000,121.362018,2691,43,0,23,88,176,0,0
36.683318,3.453000,120.000,14.827000,0.055000,121.362498,2691,43,0,23,88,176,0,0
36.696394,13.076000,120.000,14.827000,0.055000,121.362979,2691,43,0,23,88,176,0,0
36.699512,3.118000,120.000,14.827000,0.055000,121.363460,2691,43,0,23,88,176,0,0
36.712688,13.176000,120.000,14.827000,0.055000,121.363940,2691,43,0,23,88,176,0,0
36.715832,3.144000,120.000,14.827000,0.055000,121.364421,2691,43,0,23,88,176,0,0
36.729408,13.576000,120.000,14.827000,0.055000,121.364902,2691,43,0,23,88,176,0,0
36.732570,3.162000,120.000,14.827000,0.055000,121.365382,2691,43,0,23,88,176,0,0
36.746005,13.435000,120.000,14.827000,0.055000,121.365817,2691,43,0,23,88,176,0,0
36.749300,3.295000,120.000,14.827000,0.055000,121.366298,2691,43,0,23,88,176,0,0
36.763245,13.945000,120.000,14.827000,0.055000,121.366698,2691,43,0,23,88,176,0,0
36.766718,3.473000,120.000,14.827000,0.055000,121.367179,2691,43,0,23,88,176,0,0
36.779940,13.222000,120.000,14.827000,0.055000,121.367660,2691,43,0,23,88,176,0,0
36.783347,3.407000,120.000,14.827000,0.055000,121.368094,2691,43,0,23,88,176,0,0
36.796766,13.419000,120.000,14.827000,0.055000,121.368575,2691,43,0,23,88,176,0,0
36.800210,3.444000,120.000,14.827000,0.055000,121.369056,2691,43,0,23,88,176,0,0
36.813622,13.412000,120.000,14.827000,0.055000,121.369491,2691,43,0,23,88,176,0,0
36.816827,3.205000,120.000,14.827000,0.055000,121.369971,2691,43,0,23,88,176,0,0
36.830031,13.204000,120.000,14.827000,0.055000,121.370452,2691,43,0,23,88,176,0,0
36.832978,2.947000,120.000,14.827000,0.055000,121.370933,2691,43,0,23,88,176,0,0
36.846488,13.510000,120.000,14.827000,0.055000,121.371413,2691,43,0,23,88,176,0,0
36.849160,2.672000,120.000,14.827000,0.055000,121.371894,2691,43,0,23,88,176,0,0
36.862868,13.708000,120.000,14.827000,0.055000,121.372329,2691,43,0,23,88,176,0,0
36.865057,2.189000,120.000,14.827000,0.055000,121.372809,2691,43,0,23,88,176,0,0
36.879468,14.411000,120.000,14.827000,0.055000,121.373290,2691,43,0,23,88,176,0,0
36.883067,3.599000,120.000,14.827000,0.055000,121.373771,2691,43,0,23,88,176,0,0
36.896287,13.220000,120.000,14.827000,0.055000,121.374251,2691,43,0,23,88,176,0,0
36.898580,2.293000,120.000,14.827000,0.055000,121.374732,2691,43,0,23,88,176,0,0
36.913282,14.702000,120.000,14.827000,0.055000,121.375167,2691,43,0,23,88,176,0,0
36.916907,3.625000,120.000,14.827000,0.055000,121.375648,2691,43,0,23,88,176,0,0
36.929961,13.054000,120.000,14.827000,0.055000,121.376128,2691,43,0,23,88,176,0,0
36.935195,5.234000,120.000,14.827000,0.055000,121.376609,2691,43,0,23,88,176,0,0
36.946418,11.223000,120.000,14.827000,0.055000,121.377090,2691,43,0,23,88,176,0,0
36.949797,3.379000,120.000,14.827000,0.055000,121.377570,2691,43,0,23,88,176,0,0
36.963211,13.414000,120.000,14.827000,0.055000,121.378051,2691,43,0,23,88,176,0,0
36.966638,3.427000,120.000,14.827000,0.055000,121.378531,2691,43,0,23,88,176,0,0
36.979860,13.222000,120.000,14.827000,0.055000,121.379012,2691,43,0,23,88,176,0,0
36.983361,3.501000,120.000,14.827000,0.055000,121.379447,2691,43,0,23,88,176,0,0
36.996196,12.835000,120.000,14.827000,0.055000,121.379928,2691,43,0,23,88,176,0,0
36.999579,3.383000,120.000,14.827000,0.055000,121.380408,2691,43,0,23,88,176,0,0
37.013407,13.828000,120.000,14.827000,0.055000,121.380889,2691,43,0,23,88,176,0,0
37.016844,3.437000,120.000,14.827000,0.055000,121.381370,2691,43,0,23,88,176,0,0
37.030039,13.195000,120.000,14.827000,0.055000,121.381850,2691,43,0,23,88,176,0,0
37.033490,3.451000,120.000,14.827000,0.055000,121.382331,2691,43,0,23,88,176,0,0
37.046695,13.205000,120.000,14.827000,0.055000,121.382766,2691,43,0,23,88,176,0,0
37.050181,3.486000,120.000,14.827000,0.055000,121.383246,2691,43,0,23,88,176,0,0
37.063311,13.130000,120.000,14.827000,0.055000,121.383727,2691,43,0,23,88,176,0,0
37.066879,3.568000,120.000,14.827000,0.055000,121.384208,2691,43,0,23,88,176,0,0
37.080065,13.186000,120.000,14.827000,0.055000,121.384688,2691,43,0,23,88,176,0,0
37.083043,2.978000,120.000,14.827000,0.055000,121.385169,2691,43,0,23,88,176,0,0
37.096753,13.710000,120.000,14.827000,0.055000,121.385650,2691,43,0,23,88,176,0,0
37.099840,3.087000,120.000,14.827000,0.055000,121.386130,2691,43,0,23,88,176,0,0
37.113365,13.525000,120.000,14.827000,0.055000,121.386565,2691,43,0,23,88,176,0,0
37.116868,3.503000,120.000,14.827000,0.055000,121.387046,2691,43,0,23,88,176,0,0
37.130087,13.219000,120.000,14.827000,0.055000,121.387527,2691,43,0,23,88,176,0,0
37.133513,3.426000,120.000,14.827000,0.055000,121.388007,2691,43,0,23,88,176,0,0
37.146743,13.230000,120.000,14.827000,0.055000,121.388488,2691,43,0,23,88,176,0,0
37.150329,3.586000,120.000,14.827000,0.055000,121.388968,2691,43,0,23,88,176,0,0
37.163437,13.108000,120.000,14.827000,0.055000,121.389449,2691,43,0,23,88,176,0,0
37.166992,3.555000,120.000,14.827000,0.055000,121.389930,2691,43,0,23,88,176,0,0
37.180162,13.170000,120.000,14.827000,0.055000,121.390410,2691,43,0,23,88,176,0,0
37.183643,3.481000,120.000,14.827000,0.055000,121.390891,2691,43,0,23,88,176,0,0
37.196398,12.755000,120.000,14.827000,0.055000,121.391372,2691,43,0,23,88,176,0,0
37.199874,3.476000,120.000,14.827000,0.055000,121.391852,2691,43,0,23,88,176,0,0
37.213444,13.570000,120.000,14.827000,0.055000,121.392333,2691,43,0,23,88,176,0,0
37.216915,3.471000,120.000,14.827000,0.055000,121.392814,2691,43,0,23,88,176,0,0
37.229471,12.556000,120.000,14.827000,0.055000,121.393294,2691,43,0,23,88,176,0,0
37.233055,3.584000,120.000,14.827000,0.055000,121.393775,2691,43,0,23,88,176,0,0
37.246583,13.528000,120.000,14.827000,0.055000,121.394256,2691,43,0,23,88,176,0,0
37.250057,3.474000,120.000,14.827000,0.055000,121.394736,2691,43,0,23,88,176,0,0
37.263027,12.970000,120.000,14.827000,0.055000,121.395217,2691,43,0,23,88,176,0,0
37.266166,3.139000,120.000,14.827000,0.055000,121.395698,2691,43,0,23,88,176,0,0
37.279675,13.509000,120.000,14.827000,0.055000,121.396178,2691,43,0,23,88,176,0,0
37.282666,2.991000,120.000,14.827000,0.055000,121.396659,2691,43,0,23,88,176,0,0
37.296117,13.451000,120.000,14.827000,0.055000,121.397140,2691,43,0,23,88,176,0,0
37.299283,3.166000,120.000,14.827000,0.055000,121.397620,2691,43,0,23,88,176,0,0
37.312780,13.497000,120.000,14.827000,0.055000,121.398101,2691,43,0,23,88,176,0,0
37.316027,3.247000,120.000,14.827000,0.055000,121.398536,2691,43,0,23,88,176,0,0
37.329463,13.436000,120.000,14.827000,0.055000,121.399016,2691,43,0,23,88,176,0,0
37.332679,3.216000,120.000,14.827000,0.055000,121.399497,2691,43,0,23,88,176,0,0
37.346397,13.718000,120.000,14.827000,0.055000,121.399978,2691,43,0,23,88,176,0,0
37.349579,3.182000,120.000,14.827000,0.055000,121.400458,2691,43,0,23,88,176,0,0
37.362828,13.249000,120.000,14.827000,0.055000,121.400939,2691,43,0,23,88,176,0,0
37.366073,3.245000,120.000,14.827000,0.055000,121.401420,2691,43,0,23,88,176,0,0
37.379940,13.867000,120.000,14.827000,0.055000,121.401900,2691,43,0,23,88,176,0,0
37.383364,3.424000,120.000,14.827000,0.055000,121.402335,2691,43,0,23,88,176,0,0
37.396823,13.459000,120.000,14.827000,0.055000,121.402816,2691,43,0,23,88,176,0,0
37.399026,2.203000,120.000,14.827000,0.055000,121.403296,2691,43,0,23,88,176,0,0
37.413338,14.312000,120.000,14.656000,0.025000,121.403777,2691,43,0,23,88,176,0,0
37.415419,2.081000,120.000,14.656000,0.025000,121.404258,2691,43,0,23,88,176,0,0
37.429954,14.535000,120.000,14.656000,0.025000,121.404738,2691,43,0,23,88,176,0,0
37.432646,2.692000,120.000,14.656000,0.025000,121.405219,2691,43,0,23,88,176,0,0
37.446745,14.099000,120.000,14.656000,0.025000,121.405700,2691,43,0,23,88,176,0,0
37.450564,3.819000,120.000,14.656000,0.025000,121.406180,2691,43,0,23,88,176,0,0
37.463230,12.666000,120.000,14.656000,0.025000,121.406661,2691,43,0,23,88,176,0,0
37.465740,2.510000,120.000,14.656000,0.025000,121.407096,2691,43,0,23,88,176,0,0
37.480126,14.386000,120.000,14.656000,0.025000,121.407531,2691,43,0,23,88,176,0,0
37.482653,2.527000,120.000,14.656000,0.025000,121.408011,2691,43,0,23,88,176,0,0
37.496748,14.095000,120.000,14.656000,0.025000,121.408492,2691,43,0,23,88,176,0,0
37.499110,2.362000,120.000,14.656000,0.025000,121.408973,2691,43,0,23,88,176,0,0
37.513378,14.268000,120.000,14.656000,0.025000,121.409408,2691,43,0,23,88,176,0,0
37.516357,2.979000,120.000,14.656000,0.025000,121.409888,2691,43,0,23,88,176,0,0
37.530003,13.646000,120.000,14.656000,0.025000,121.410369,2691,43,0,23,88,176,0,0
37.533496,3.493000,120.000,14.656000,0.025000,121.410850,2691,43,0,23,88,176,0,0
37.546789,13.293000,120.000,14.656000,0.025000,121.411330,2691,43,0,23,88,176,0,0
37.550251,3.462000,120.000,14.656000,0.025000,121.411811,2691,43,0,23,88,176,0,0
37.563470,13.219000,120.000,14.656000,0.025000,121.412292,2691,43,0,23,88,176,0,0
37.568089,4.619000,120.000,14.656000,0.025000,121.412726,2691,43,0,23,88,176,0,0
37.580044,11.955000,120.000,14.656000,0.025000,121.413207,2691,43,0,23,88,176,0,0
37.583563,3.519000,120.000,14.656000,0.025000,121.413688,2691,43,0,23,88,176,0,0
37.596707,13.144000,120.000,14.656000,0.025000,121.414168,2691,43,0,23,88,176,0,0
37.598911,2.204000,120.000,14.656000,0.025000,121.414649,2691,43,0,23,88,176,0,0
37.613603,14.692000,120.000,14.656000,0.025000,121.415130,2691,43,0,23,88,176,0,0
37.616283,2.680000,120.000,14.656000,0.025000,121.415610,2691,43,0,23,88,176,0,0
37.630144,13.861000,120.000,14.656000,0.025000,121.416091,2691,43,0,23,88,176,0,0
37.632584,2.440000,120.000,14.656000,0.025000,121.416572,2691,43,0,23,88,176,0,0
37.646570,13.986000,120.000,14.656000,0.025000,121.417052,2691,43,0,23,88,176,0,0
37.649024,2.454000,120.000,14.656000,0.025000,121.417487,2691,43,0,23,88,176,0,0
37.663048,14.024000,120.000,14.656000,0.025000,121.417968,2691,43,0,23,88,176,0,0
37.665393,2.345000,120.000,14.656000,0.025000,121.418448,2691,43,0,23,88,176,0,0
37.679737,14.344000,120.000,14.656000,0.025000,121.418929,2691,43,0,23,88,176,0,0
37.682898,3.161000,120.000,14.656000,0.025000,121.419410,2691,43,0,23,88,176,0,0
37.696278,13.380000,120.000,14.656000,0.025000,121.419890,2691,43,0,23,88,176,0,0
37.698656,2.378000,120.000,14.656000,0.025000,121.420371,2691,43,0,23,88,176,0,0
37.713281,14.625000,120.000,14.656000,0.025000,121.420852,2691,43,0,23,88,176,0,0
37.717025,3.744000,120.000,14.656000,0.025000,121.421332,2691,43,0,23,88,176,0,0
37.729530,12.505000,120.000,14.656000,0.025000,121.421813,2691,43,0,23,88,176,0,0
37.733524,3.994000,120.000,14.656000,0.025000,121.422248,2691,43,0,23,88,176,0,0
37.746158,12.634000,120.000,14.656000,0.025000,121.422729,2691,43,0,23,88,176,0,0
37.749096,2.938000,120.000,14.656000,0.025000,121.423209,2691,43,0,23,88,176,0,0
37.762791,13.695000,120.000,14.656000,0.025000,121.423690,2691,43,0,23,88,176,0,0
37.766615,3.824000,120.000,14.656000,0.025000,121.424170,2691,43,0,23,88,176,0,0
37.779561,12.946000,120.000,14.656000,0.025000,121.424651,2691,43,0,23,88,176,0,0
37.782631,3.070000,120.000,14.656000,0.025000,121.425132,2691,43,0,23,88,176,0,0
37.796103,13.472000,120.000,14.656000,0.025000,121.425612,2691,43,0,23,88,176,0,0
37.799351,3.248000,120.000,14.656000,0.025000,121.426093,2691,43,0,23,88,176,0,0
37.812909,13.558000,120.000,14.656000,0.025000,121.426574,2691,43,0,23,88,176,0,0
37.816127,3.218000,120.000,14.656000,0.025000,121.427054,2691,43,0,23,88,176,0,0
37.829567,13.440000,120.000,14.656000,0.025000,121.427535,2691,43,0,23,88,176,0,0
37.832950,3.383000,120.000,14.656000,0.025000,121.428016,2691,43,0,23,88,176,0,0
37.846369,13.419000,120.000,14.656000,0.025000,121.428451,2691,43,0,23,88,176,0,0
37.849741,3.372000,120.000,14.656000,0.025000,121.428931,2691,43,0,23,88,176,0,0
37.863528,13.787000,120.000,14.656000,0.025000,121.429412,2691,43,0,23,88,176,0,0
37.867493,3.965000,120.000,14.656000,0.025000,121.429893,2691,43,0,23,88,176,0,0
37.879809,12.316000,120.000,14.656000,0.025000,121.430373,2691,43,0,23,88,176,0,0
37.882159,2.350000,120.000,14.656000,0.025000,121.430854,2691,43,0,23,88,176,0,0
37.896394,14.235000,120.000,14.656000,0.025000,121.431334,2691,43,0,23,88,176,0,0
37.898642,2.248000,120.000,14.656000,0.025000,121.431815,2691,43,0,23,88,176,0,0
37.912818,14.176000,120.000,14.656000,0.025000,121.432296,2691,43,0,23,88,176,0,0
37.916654,3.836000,120.000,14.656000,0.025000,121.432776,2691,43,0,23,88,176,0,0
37.929485,12.831000,120.000,14.656000,0.025000,121.433257,2691,43,0,23,88,176,0,0
37.932196,2.711000,120.000,14.656000,0.025000,121.433738,2691,43,0,23,88,176,0,0
37.946135,13.939000,120.000,14.656000,0.025000,121.434218,2691,43,0,23,88,176,0,0
37.948258,2.123000,120.000,14.656000,0.025000,121.434699,2691,43,0,23,88,176,0,0
37.962773,14.515000,120.000,14.656000,0.025000,121.435180,2691,43,0,23,88,176,0,0
37.965060,2.287000,120.000,14.656000,0.025000,121.435660,2691,43,0,23,88,176,0,0
37.979523,14.463000,120.000,14.656000,0.025000,121.436095,2691,43,0,23,88,176,0,0
37.982923,3.400000,120.000,14.656000,0.025000,121.436576,2691,43,0,23,88,176,0,0
37.996106,13.183000,120.000,14.656000,0.025000,121.437057,2691,43,0,23,88,176,0,0
37.999102,2.996000,120.000,14.656000,0.025000,121.437537,2691,43,0,23,88,176,0,0
38.012839,13.737000,120.000,14.656000,0.025000,121.438018,2691,43,0,23,88,176,0,0
38.015899,3.060000,120.000,14.656000,0.025000,121.438498,2691,43,0,23,88,176,0,0
38.029473,13.574000,120.000,14.656000,0.025000,121.438979,2691,43,0,23,88,176,0,0
38.038731,9.258000,120.000,14.656000,0.025000,121.439460,2691,43,0,23,88,176,0,0
38.041394,2.663000,120.000,14.656000,0.025000,121.439940,2691,43,0,23,88,176,0,0
38.054808,13.414000,120.000,14.656000,0.025000,121.440421,2691,43,0,23,88,176,0,0
38.063076,8.268000,120.000,14.656000,0.025000,121.440902,2691,43,0,23,88,176,0,0
38.067303,4.227000,120.000,14.656000,0.025000,121.441382,2691,43,0,23,88,176,0,0
38.079509,12.206000,120.000,14.656000,0.025000,121.441863,2691,43,0,23,88,176,0,0
38.084194,4.685000,120.000,14.656000,0.025000,121.442344,2691,43,0,23,88,176,0,0
38.096583,12.389000,120.000,14.656000,0.025000,121.442824,2691,43,0,23,88,176,0,0
38.100381,3.798000,120.000,14.656000,0.025000,121.443305,2691,43,0,23,88,176,0,0
38.112896,12.515000,120.000,14.656000,0.025000,121.443786,2691,43,0,23,88,176,0,0
38.115956,3.060000,120.000,14.656000,0.025000,121.444266,2691,43,0,23,88,176,0,0
38.129225,13.269000,120.000,14.656000,0.025000,121.444747,2691,43,0,23,88,176,0,0
38.132095,2.870000,120.000,14.656000,0.025000,121.445228,2691,43,0,23,88,176,0,0
38.146272,14.177000,120.000,14.656000,0.025000,121.445708,2691,43,0,23,88,176,0,0
38.149436,3.164000,120.000,14.656000,0.025000,121.446189,2691,43,0,23,88,176,0,0
38.163282,13.846000,120.000,14.656000,0.025000,121.446670,2691,43,0,23,88,176,0,0
38.168349,5.067000,120.000,14.656000,0.025000,121.447150,2691,43,0,23,88,176,0,0
38.179205,10.856000,120.000,14.656000,0.025000,121.447631,2691,43,0,23,88,176,0,0
38.182201,2.996000,120.000,14.656000,0.025000,121.448112,2691,43,0,23,88,176,0,0
38.196170,13.969000,120.000,14.656000,0.025000,121.448592,2691,43,0,23,88,176,0,0
38.199105,2.935000,120.000,14.656000,0.025000,121.449027,2691,43,0,23,88,176,0,0
38.212820,13.715000,120.000,14.656000,0.025000,121.449508,2691,43,0,23,88,176,0,0
38.215815,2.995000,120.000,14.656000,0.025000,121.449943,2691,43,0,23,88,176,0,0
38.229488,13.673000,120.000,14.656000,0.025000,121.450423,2691,43,0,23,88,176,0,0
38.237595,8.107000,120.000,14.656000,0.025000,121.450904,2691,43,0,23,88,176,0,0
38.241912,4.317000,120.000,14.656000,0.025000,121.451385,2691,43,0,23,88,176,0,0
38.254519,12.607000,120.000,14.656000,0.025000,121.451865,2691,43,0,23,88,176,0,0
38.262785,8.266000,120.000,14.656000,0.025000,121.452346,2691,43,0,23,88,176,0,0
38.265612,2.827000,120.000,14.656000,0.025000,121.452826,2691,43,0,23,88,176,0,0
38.279456,13.844000,120.000,14.656000,0.025000,121.453307,2691,43,0,23,88,176,0,0
38.287857,8.401000,120.000,14.656000,0.025000,121.453788,2691,43,0,23,88,176,0,0
38.292400,4.543000,120.000,14.656000,0.025000,121.454268,2691,43,0,23,88,176,0,0
38.304546,12.146000,120.000,14.656000,0.025000,121.454669,2691,43,0,23,88,176,0,0
38.312825,8.279000,120.000,14.656000,0.025000,121.455150,2691,43,0,23,88,176,0,0
38.315687,2.862000,120.000,14.656000,0.025000,121.455630,2691,43,0,23,88,176,0,0
38.329456,13.769000,120.000,14.656000,0.025000,121.456111,2691,43,0,23,88,176,0,0
38.337856,8.400000,120.000,14.656000,0.025000,121.456592,2691,43,0,23,88,176,0,0
38.340647,2.791000,120.000,14.656000,0.025000,121.457072,2691,43,0,23,88,176,0,0
38.354470,13.823000,120.000,14.656000,0.025000,121.457553,2691,43,0,23,88,176,0,0
38.358375,3.905000,120.000,14.656000,0.025000,121.457988,2691,43,0,23,88,176,0,0
38.371167,12.792000,120.000,14.656000,0.025000,121.458468,2691,43,0,23,88,176,0,0
38.375264,4.097000,120.000,14.656000,0.025000,121.458949,2691,43,0,23,88,176,0,0
38.387826,12.562000,120.000,14.656000,0.025000,121.459430,2691,43,0,23,88,176,0,0
38.390810,2.984000,120.000,14.656000,0.025000,121.459910,2691,43,0,23,88,176,0,0
38.404552,13.742000,120.000,14.656000,0.025000,121.460345,2691,43,0,23,88,176,0,0
38.408738,4.186000,120.000,14.647000,0.037000,121.460826,2691,43,0,23,88,176,0,0
38.421187,12.449000,120.000,14.647000,0.037000,121.461307,2691,43,0,23,88,176,0,0
38.425118,3.931000,120.000,14.647000,0.037000,121.461787,2691,43,0,23,88,176,0,0
38.437833,12.715000,120.000,14.647000,0.037000,121.462268,2691,43,0,23,88,176,0,0
38.441565,3.732000,120.000,14.647000,0.037000,121.462749,2691,43,0,23,88,176,0,0
38.454523,12.958000,120.000,14.647000,0.037000,121.463229,2691,43,0,23,88,176,0,0
38.458211,3.688000,120.000,14.647000,0.037000,121.463710,2691,43,0,23,88,176,0,0
38.471180,12.969000,120.000,14.647000,0.037000,121.464190,2691,43,0,23,88,176,0,0
38.474124,2.944000,120.000,14.647000,0.037000,121.464625,2691,43,0,23,88,176,0,0
38.488287,14.163000,120.000,14.647000,0.037000,121.465106,2691,43,0,23,88,176,0,0
38.493799,5.512000,120.000,14.647000,0.037000,121.465587,2691,43,0,23,88,176,0,0
38.504514,10.715000,120.000,14.647000,0.037000,121.466067,2691,43,0,23,88,176,0,0
38.507446,2.932000,120.000,14.647000,0.037000,121.466548,2691,43,0,23,88,176,0,0
38.521170,13.724000,120.000,14.647000,0.037000,121.467029,2691,43,0,23,88,176,0,0
38.524197,3.027000,120.000,14.647000,0.037000,121.467463,2691,43,0,23,88,176,0,0
38.537858,13.661000,120.000,14.647000,0.037000,121.467944,2691,43,0,23,88,176,0,0
38.541875,4.017000,120.000,14.647000,0.037000,121.468425,2691,43,0,23,88,176,0,0
38.554467,12.592000,120.000,14.647000,0.037000,121.468905,2691,43,0,23,88,176,0,0
38.562747,8.280000,120.000,14.647000,0.037000,121.469386,2691,43,0,23,88,176,0,0
38.565429,2.682000,120.000,14.647000,0.037000,121.469867,2691,43,0,23,88,176,0,0
38.579471,14.042000,120.000,14.647000,0.037000,121.470347,2691,43,0,23,88,176,0,0
38.587581,8.110000,120.000,14.647000,0.037000,121.470828,2691,43,0,23,88,176,0,0
38.591744,4.163000,120.000,14.647000,0.037000,121.471309,2691,43,0,23,88,176,0,0
38.604205,12.461000,120.000,14.647000,0.037000,121.471789,2691,43,0,23,88,176,0,0
38.608900,4.695000,120.000,14.647000,0.037000,121.472270,2691,43,0,23,88,176,0,0
38.621155,12.255000,120.000,14.647000,0.037000,121.472671,2691,43,0,23,88,176,0,0
38.623895,2.740000,120.000,14.647000,0.037000,121.473151,2691,43,0,23,88,176,0,0
38.638338,14.443000,120.000,14.647000,0.037000,121.473632,2691,43,0,23,88,176,0,0
38.642094,3.756000,120.000,14.647000,0.037000,121.474113,2691,43,0,23,88,176,0,0
38.654516,12.422000,120.000,14.647000,0.037000,121.474593,2691,43,0,23,88,176,0,0
38.656289,1.773000,120.000,14.647000,0.037000,121.475074,2691,43,0,23,88,176,0,0
38.671637,15.348000,120.000,14.647000,0.037000,121.475554,2691,43,0,23,88,176,0,0
38.675782,4.145000,120.000,14.647000,0.037000,121.476035,2691,43,0,23,88,176,0,0
38.687869,12.087000,120.000,14.647000,0.037000,121.476516,2691,43,0,23,88,176,0,0
38.689803,1.934000,120.000,14.647000,0.037000,121.476996,2691,43,0,23,88,176,0,0
38.704701,14.898000,120.000,14.647000,0.037000,121.477477,2691,43,0,23,88,176,0,0
38.708376,3.675000,120.000,14.647000,0.037000,121.477958,2691,43,0,23,88,176,0,0
38.721309,12.933000,120.000,14.647000,0.037000,121.478438,2691,43,0,23,88,176,0,0
38.725005,3.696000,120.000,14.647000,0.037000,121.478919,2691,43,0,23,88,176,0,0
38.737909,12.904000,120.000,14.647000,0.037000,121.479400,2691,43,0,23,88,176,0,0
38.740979,3.070000,120.000,14.647000,0.037000,121.479880,2691,43,0,23,88,176,0,0
38.754712,13.733000,120.000,14.647000,0.037000,121.480361,2691,43,0,23,88,176,0,0
38.757821,3.109000,120.000,14.647000,0.037000,121.480842,2691,43,0,23,88,176,0,0
38.771750,13.929000,120.000,14.647000,0.037000,121.481322,2691,43,0,23,88,176,0,0
38.777453,5.703000,120.000,14.647000,0.037000,121.481757,2691,43,0,23,88,176,0,0
38.787535,10.082000,120.000,14.647000,0.037000,121.482238,2691,43,0,23,88,176,0,0
38.789909,2.374000,120.000,14.647000,0.037000,121.482718,2691,43,0,23,88,176,0,0
38.804945,15.036000,120.000,14.647000,0.037000,121.483199,2691,43,0,23,88,176,0,0
38.807404,2.459000,120.000,14.647000,0.037000,121.483680,2691,43,0,23,88,176,0,0
38.821804,14.400000,120.000,14.647000,0.037000,121.484160,2691,43,0,23,88,176,0,0
38.823758,1.954000,120.000,14.647000,0.037000,121.484641,2691,43,0,23,88,176,0,0
38.838427,14.669000,120.000,14.647000,0.037000,121.485122,2691,43,0,23,88,176,0,0
38.840407,1.980000,120.000,14.647000,0.037000,121.485602,2691,43,0,23,88,176,0,0
38.855033,14.626000,120.000,14.647000,0.037000,121.486083,2691,43,0,23,88,176,0,0
38.857165,2.132000,120.000,14.647000,0.037000,121.486564,2691,43,0,23,88,176,0,0
38.870797,13.632000,120.000,14.647000,0.037000,121.487044,2691,43,0,23,88,176,0,0
38.873272,2.475000,120.000,14.647000,0.037000,121.487525,2691,43,0,23,88,176,0,0
38.887789,14.517000,120.000,14.647000,0.037000,121.488006,2691,43,0,23,88,176,0,0
38.890145,2.356000,120.000,14.647000,0.037000,121.488486,2691,43,0,23,88,176,0,0
38.904454,14.309000,120.000,14.647000,0.037000,121.488967,2691,43,0,23,88,176,0,0
38.907905,3.451000,120.000,14.647000,0.037000,121.489448,2691,43,0,23,88,176,0,0
38.921134,13.229000,120.000,14.647000,0.037000,121.489928,2691,43,0,23,88,176,0,0
38.924116,2.982000,120.000,14.647000,0.037000,121.490409,2691,43,0,23,88,176,0,0
38.937912,13.796000,120.000,14.647000,0.037000,121.490890,2691,43,0,23,88,176,0,0
38.941550,3.638000,120.000,14.647000,0.037000,121.491370,2691,43,0,23,88,176,0,0
38.954808,13.258000,120.000,14.647000,0.037000,121.491805,2691,43,0,23,88,176,0,0
38.958341,3.533000,120.000,14.647000,0.037000,121.492286,2691,43,0,23,88,176,0,0
38.971255,12.914000,120.000,14.647000,0.037000,121.492766,2691,43,0,23,88,176,0,0
38.974206,2.951000,120.000,14.647000,0.037000,121.493247,2691,43,0,23,88,176,0,0
38.987839,13.633000,120.000,14.647000,0.037000,121.493728,2691,43,0,23,88,176,0,0
38.990717,2.878000,120.000,14.647000,0.037000,121.494208,2691,43,0,23,88,176,0,0
39.004350,13.633000,120.000,14.647000,0.037000,121.494689,2691,43,0,23,88,176,0,0
39.007315,2.965000,120.000,14.647000,0.037000,121.495124,2691,43,0,23,88,176,0,0
39.021141,13.826000,120.000,14.647000,0.037000,121.495605,2691,43,0,23,88,176,0,0
39.024486,3.345000,120.000,14.647000,0.037000,121.496085,2691,43,0,23,88,176,0,0
39.037848,13.362000,120.000,14.647000,0.037000,121.496566,2691,43,0,23,88,176,0,0
39.041786,3.938000,120.000,14.647000,0.037000,121.497046,2691,43,0,23,88,176,0,0
39.054442,12.656000,120.000,14.647000,0.037000,121.497527,2691,43,0,23,88,176,0,0
39.058137,3.695000,120.000,14.647000,0.037000,121.498008,2691,43,0,23,88,176,0,0
39.071133,12.996000,120.000,14.647000,0.037000,121.498488,2691,43,0,23,88,176,0,0
39.074883,3.750000,120.000,14.647000,0.037000,121.498969,2691,43,0,23,88,176,0,0
39.087982,13.099000,120.000,14.647000,0.037000,121.499450,2691,43,0,23,88,176,0,0
39.090995,3.013000,120.000,14.647000,0.037000,121.499930,2691,43,0,23,88,176,0,0
39.104579,13.584000,120.000,14.647000,0.037000,121.500411,2691,43,0,23,88,176,0,0
39.108941,4.362000,120.000,14.647000,0.037000,121.500892,2691,43,0,23,88,176,0,0
39.121208,12.267000,120.000,14.647000,0.037000,121.501372,2691,43,0,23,88,176,0,0
39.124171,2.963000,120.000,14.647000,0.037000,121.501853,2691,43,0,23,88,176,0,0
39.137838,13.667000,120.000,14.647000,0.037000,121.502334,2691,43,0,23,88,176,0,0
39.140977,3.139000,120.000,14.647000,0.037000,121.502814,2691,43,0,23,88,176,0,0
39.154470,13.493000,120.000,14.647000,0.037000,121.503295,2691,43,0,23,88,176,0,0
39.157310,2.840000,120.000,14.647000,0.037000,121.503730,2691,43,0,23,88,176,0,0
39.171148,13.838000,120.000,14.647000,0.037000,121.504165,2691,43,0,23,88,176,0,0
39.174241,3.093000,120.000,14.647000,0.037000,121.504645,2691,43,0,23,88,176,0,0
39.188351,14.110000,120.000,14.647000,0.037000,121.505126,2691,43,0,23,88,176,0,0
39.192779,4.428000,120.000,14.647000,0.037000,121.505607,2691,43,0,23,88,176,0,0
39.204510,11.731000,120.000,14.647000,0.037000,121.506087,2691,43,0,23,88,176,0,0
39.207576,3.066000,120.000,14.647000,0.037000,121.506522,2691,43,0,23,88,176,0,0
39.221238,13.662000,120.000,14.647000,0.037000,121.507003,2691,43,0,23,88,176,0,0
39.224252,3.014000,120.000,14.647000,0.037000,121.507483,2691,43,0,23,88,176,0,0
39.238341,14.089000,120.000,14.647000,0.037000,121.507964,2691,43,0,23,88,176,0,0
39.243837,5.496000,120.000,14.647000,0.037000,121.508445,2691,43,0,23,88,176,0,0
39.254151,10.314000,120.000,14.647000,0.037000,121.508925,2691,43,0,23,88,176,0,0
39.256345,2.194000,120.000,14.647000,0.037000,121.509406,2691,43,0,23,88,176,0,0
39.271337,14.992000,120.000,14.647000,0.037000,121.509887,2691,43,0,23,88,176,0,0
39.275867,4.530000,120.000,14.647000,0.037000,121.510367,2691,43,0,23,88,176,0,0
39.287913,12.046000,120.000,14.647000,0.037000,121.510848,2691,43,0,23,88,176,0,0
39.289690,1.777000,120.000,14.647000,0.037000,121.511329,2691,43,0,23,88,176,0,0
39.304697,15.007000,120.000,14.647000,0.037000,121.511764,2691,43,0,23,88,176,0,0
39.308933,4.236000,120.000,14.647000,0.037000,121.512244,2691,43,0,23,88,176,0,0
39.321240,12.307000,120.000,14.647000,0.037000,121.512725,2691,43,0,23,88,176,0,0
39.325711,4.471000,120.000,14.647000,0.037000,121.513160,2691,43,0,23,88,176,0,0
39.338040,12.329000,120.000,14.647000,0.037000,121.513640,2691,43,0,23,88,176,0,0
39.340069,2.029000,120.000,14.647000,0.037000,121.514075,2691,43,0,23,88,176,0,0
39.354606,14.537000,120.000,14.647000,0.037000,121.514556,2691,43,0,23,88,176,0,0
39.356909,2.303000,120.000,14.647000,0.037000,121.515037,2691,43,0,23,88,176,0,0
39.371600,14.691000,120.000,14.647000,0.037000,121.515517,2691,43,0,23,88,176,0,0
39.376216,4.616000,120.000,14.647000,0.037000,121.515929,2691,43,0,23,88,176,0,0
39.387820,11.604000,120.000,14.647000,0.037000,121.516410,2691,43,0,23,88,176,0,0
39.390909,3.089000,120.000,14.647000,0.037000,121.516845,2691,43,0,23,88,176,0,0
39.404631,13.722000,120.000,14.647000,0.037000,121.517325,2691,43,0,23,88,176,0,0
39.408316,3.685000,120.000,15.294000,0.029000,121.517806,2691,43,0,23,88,176,0,0
39.421682,13.366000,120.000,15.294000,0.029000,121.518287,2691,43,0,23,88,176,0,0
39.425566,3.884000,120.000,15.294000,0.029000,121.518767,2691,43,0,23,88,176,0,0
39.437771,12.205000,120.000,15.294000,0.029000,121.519248,2691,43,0,23,88,176,0,0
39.439938,2.167000,120.000,15.294000,0.029000,121.519729,2691,43,0,23,88,176,0,0
39.454618,14.680000,120.000,15.294000,0.029000,121.520209,2691,43,0,23,88,176,0,0
39.456279,1.661000,120.000,15.294000,0.029000,121.520690,2691,43,0,23,88,176,0,0
39.471185,14.906000,120.000,15.294000,0.029000,121.521171,2691,43,0,23,88,176,0,0
39.473166,1.981000,120.000,15.294000,0.029000,121.521651,2691,43,0,23,88,176,0,0
39.488333,15.167000,120.000,15.294000,0.029000,121.522132,2691,43,0,23,88,176,0,0
39.492239,3.906000,120.000,15.294000,0.029000,121.522613,2691,43,0,23,88,176,0,0
39.504984,12.745000,120.000,15.294000,0.029000,121.523093,2691,43,0,23,88,176,0,0
39.510055,5.071000,120.000,15.294000,0.029000,121.523574,2691,43,0,23,88,176,0,0
39.520906,10.851000,120.000,15.294000,0.029000,121.524055,2691,43,0,23,88,176,0,0
39.523569,2.663000,120.000,15.294000,0.029000,121.524535,2691,43,0,23,88,176,0,0
39.538373,14.804000,120.000,15.294000,0.029000,121.525016,2691,43,0,23,88,176,0,0
39.542332,3.959000,120.000,15.294000,0.029000,121.525496,2691,43,0,23,88,176,0,0
39.554528,12.196000,120.000,15.294000,0.029000,121.525977,2691,43,0,23,88,176,0,0
39.557622,3.094000,120.000,15.294000,0.029000,121.526458,2691,43,0,23,88,176,0,0
39.571471,13.849000,120.000,15.294000,0.029000,121.526938,2691,43,0,23,88,176,0,0
39.575527,4.056000,120.000,15.294000,0.029000,121.527419,2691,43,0,23,88,176,0,0
39.587913,12.386000,120.000,15.294000,0.029000,121.527900,2691,43,0,23,88,176,0,0
39.591044,3.131000,120.000,15.294000,0.029000,121.528380,2691,43,0,23,88,176,0,0
39.604496,13.452000,120.000,15.294000,0.029000,121.528861,2691,43,0,23,88,176,0,0
39.607478,2.982000,120.000,15.294000,0.029000,121.529342,2691,43,0,23,88,176,0,0
39.621136,13.658000,120.000,15.294000,0.029000,121.529822,2691,43,0,23,88,176,0,0
39.624993,3.857000,120.000,15.294000,0.029000,121.530303,2691,43,0,23,88,176,0,0
39.637840,12.847000,120.000,15.294000,0.029000,121.530784,2691,43,0,23,88,176,0,0
39.640858,3.018000,120.000,15.294000,0.029000,121.531219,2691,43,0,23,88,176,0,0
39.654490,13.632000,120.000,15.294000,0.029000,121.531699,2691,43,0,23,88,176,0,0
39.657422,2.932000,120.000,15.294000,0.029000,121.532134,2691,43,0,23,88,176,0,0
39.671137,13.715000,120.000,15.294000,0.029000,121.532615,2691,43,0,23,88,176,0,0
39.674126,2.989000,120.000,15.294000,0.029000,121.533095,2691,43,0,23,88,176,0,0
39.687780,13.654000,120.000,15.294000,0.029000,121.533576,2691,43,0,23,88,176,0,0
39.691380,3.600000,120.000,15.294000,0.029000,121.534011,2691,43,0,23,88,176,0,0
39.704402,13.022000,120.000,15.294000,0.029000,121.534446,2691,43,0,23,88,176,0,0
39.707347,2.945000,120.000,15.294000,0.029000,121.534926,2691,43,0,23,88,176,0,0
39.721109,13.762000,120.000,15.294000,0.029000,121.535407,2691,43,0,23,88,176,0,0
39.724050,2.941000,120.000,15.294000,0.029000,121.535888,2691,43,0,23,88,176,0,0
39.737707,13.657000,120.000,15.294000,0.029000,121.536323,2691,43,0,23,88,176,0,0
39.741357,3.650000,120.000,15.294000,0.029000,121.536803,2691,43,0,23,88,176,0,0
39.754200,12.843000,120.000,15.294000,0.029000,121.537284,2691,43,0,23,88,176,0,0
39.758503,4.303000,120.000,15.294000,0.029000,121.537696,2691,43,0,23,88,176,0,0
39.771119,12.616000,120.000,15.294000,0.029000,121.538177,2691,43,0,23,88,176,0,0
39.773317,2.198000,120.000,15.294000,0.029000,121.538657,2691,43,0,23,88,176,0,0
39.787786,14.469000,120.000,15.294000,0.029000,121.539138,2691,43,0,23,88,176,0,0
39.791616,3.830000,120.000,15.294000,0.029000,121.539618,2691,43,0,23,88,176,0,0
39.804421,12.805000,120.000,15.294000,0.029000,121.540099,2691,43,0,23,88,176,0,0
39.806305,1.884000,120.000,15.294000,0.029000,121.540580,2691,43,0,23,88,176,0,0
39.821173,14.868000,120.000,15.294000,0.029000,121.541060,2691,43,0,23,88,176,0,0
39.824874,3.701000,120.000,15.294000,0.029000,121.541541,2691,43,0,23,88,176,0,0
39.837787,12.913000,120.000,15.294000,0.029000,121.542022,2691,43,0,23,88,176,0,0
39.839903,2.116000,120.000,15.294000,0.029000,121.542502,2691,43,0,23,88,176,0,0
39.854443,14.540000,120.000,15.294000,0.029000,121.542983,2691,43,0,23,88,176,0,0
39.857678,3.235000,120.000,15.294000,0.029000,121.543464,2691,43,0,23,88,176,0,0
39.871116,13.438000,120.000,15.294000,0.029000,121.543944,2691,43,0,23,88,176,0,0
39.873168,2.052000,120.000,15.294000,0.029000,121.544425,2691,43,0,23,88,176,0,0
39.887816,14.648000,120.000,15.294000,0.029000,121.544906,2691,43,0,23,88,176,0,0
39.890932,3.116000,120.000,15.294000,0.029000,121.545386,2691,43,0,23,88,176,0,0
39.905008,14.076000,120.000,15.294000,0.029000,121.545867,2691,43,0,23,88,176,0,0
39.909105,4.097000,120.000,15.294000,0.029000,121.546348,2691,43,0,23,88,176,0,0
39.921137,12.032000,120.000,15.294000,0.029000,121.546828,2691,43,0,23,88,176,0,0
39.924263,3.126000,120.000,15.294000,0.029000,121.547309,2691,43,0,23,88,176,0,0
39.937872,13.609000,120.000,15.294000,0.029000,121.547790,2691,43,0,23,88,176,0,0
39.940888,3.016000,120.000,15.294000,0.029000,121.548270,2691,43,0,23,88,176,0,0
39.954478,13.590000,120.000,15.294000,0.029000,121.548751,2691,43,0,23,88,176,0,0
39.957517,3.039000,120.000,15.294000,0.029000,121.549232,2691,43,0,23,88,176,0,0
39.971394,13.877000,120.000,15.294000,0.029000,121.549712,2691,43,0,23,88,176,0,0
39.976441,5.047000,120.000,15.294000,0.029000,121.550193,2691,43,0,23,88,176,0,0
39.987922,11.481000,120.000,15.294000,0.029000,121.550673,2691,43,0,23,88,176,0,0
39.989740,1.818000,120.000,15.294000,0.029000,121.551154,2691,43,0,23,88,176,0,0
40.005093,15.353000,120.000,15.294000,0.029000,121.551589,2691,43,0,23,88,176,0,0
40.009218,4.125000,120.000,15.294000,0.029000,121.552070,2691,43,0,23,88,176,0,0
40.021323,12.105000,120.000,15.294000,0.029000,121.552550,2691,43,0,23,88,176,0,0
40.023234,1.911000,120.000,15.294000,0.029000,121.553031,2691,43,0,23,88,176,0,0
40.038081,14.847000,120.000,15.294000,0.029000,121.553512,2691,43,0,23,88,176,0,0
40.040065,1.984000,120.000,15.294000,0.029000,121.553992,2691,43,0,23,88,176,0,0
40.054480,14.415000,120.000,15.294000,0.029000,121.554473,2691,43,0,23,88,176,0,0
40.056770,2.290000,120.000,15.294000,0.029000,121.554908,2691,43,0,23,88,176,0,0
40.071515,14.745000,120.000,15.294000,0.029000,121.555343,2691,43,0,23,88,176,0,0
40.074639,3.124000,120.000,15.294000,0.029000,121.555823,2691,43,0,23,88,176,0,0
40.087789,13.150000,120.000,15.294000,0.029000,121.556304,2691,43,0,23,88,176,0,0
40.089721,1.932000,120.000,15.294000,0.029000,121.556785,2691,43,0,23,88,176,0,0
40.104960,15.239000,120.000,15.294000,0.029000,121.557265,2691,43,0,23,88,176,0,0
40.109911,4.951000,120.000,15.294000,0.029000,121.557700,2691,43,0,23,88,176,0,0
40.121175,11.264000,120.000,15.294000,0.029000,121.558181,2691,43,0,23,88,176,0,0
40.124296,3.121000,120.000,15.294000,0.029000,121.558661,2691,43,0,23,88,176,0,0
40.138002,13.706000,120.000,15.294000,0.029000,121.559142,2691,43,0,23,88,176,0,0
40.141118,3.116000,120.000,15.294000,0.029000,121.559623,2691,43,0,23,88,176,0,0
40.154617,13.499000,120.000,15.294000,0.029000,121.560103,2691,43,0,23,88,176,0,0
40.157728,3.111000,120.000,15.294000,0.029000,121.560584,2691,43,0,23,88,176,0,0
40.171708,13.980000,120.000,15.294000,0.029000,121.561065,2691,43,0,23,88,176,0,0
40.176567,4.859000,120.000,15.294000,0.029000,121.561545,2691,43,0,23,88,176,0,0
40.188076,11.509000,120.000,15.294000,0.029000,121.562026,2691,43,0,23,88,176,0,0
40.191358,3.282000,120.000,15.294000,0.029000,121.562507,2691,43,0,23,88,176,0,0
40.204905,13.547000,120.000,15.294000,0.029000,121.562987,2691,43,0,23,88,176,0,0
40.207067,2.162000,120.000,15.294000,0.029000,121.563468,2691,43,0,23,88,176,0,0
40.221755,14.688000,120.000,15.294000,0.029000,121.563949,2691,43,0,23,88,176,0,0
40.223754,1.999000,120.000,15.294000,0.029000,121.564429,2691,43,0,23,88,176,0,0
40.238364,14.610000,120.000,15.294000,0.029000,121.564910,2691,43,0,23,88,176,0,0
40.240433,2.069000,120.000,15.294000,0.029000,121.565391,2691,43,0,23,88,176,0,0
40.255189,14.756000,120.000,15.294000,0.029000,121.565871,2691,43,0,23,88,176,0,0
40.257423,2.234000,120.000,15.294000,0.029000,121.566352,2691,43,0,23,88,176,0,0
40.271778,14.355000,120.000,15.294000,0.029000,121.566833,2691,43,0,23,88,176,0,0
40.273788,2.010000,120.000,15.294000,0.029000,121.567313,2691,43,0,23,88,176,0,0
40.288465,14.677000,120.000,15.294000,0.029000,121.567794,2691,43,0,23,88,176,0,0
40.290706,2.241000,120.000,15.294000,0.029000,121.568274,2691,43,0,23,88,176,0,0
40.304284,13.578000,120.000,15.294000,0.029000,121.568755,2691,43,0,23,88,176,0,0
40.306842,2.558000,120.000,15.294000,0.029000,121.569236,2691,43,0,23,88,176,0,0
40.321867,15.025000,120.000,15.294000,0.029000,121.569716,2691,43,0,23,88,176,0,0
40.324728,2.861000,120.000,15.294000,0.029000,121.570197,2691,43,0,23,88,176,0,0
40.338454,13.726000,120.000,15.294000,0.029000,121.570678,2691,43,0,23,88,176,0,0
40.341847,3.393000,120.000,15.294000,0.029000,121.571158,2691,43,0,23,88,176,0,0
40.354915,13.068000,120.000,15.294000,0.029000,121.571639,2691,43,0,23,88,176,0,0
40.358351,3.436000,120.000,15.294000,0.029000,121.572120,2691,43,0,23,88,176,0,0
40.371693,13.342000,120.000,15.294000,0.029000,121.572600,2691,43,0,23,88,176,0,0
40.375086,3.393000,120.000,15.294000,0.029000,121.573081,2691,43,0,23,88,176,0,0
40.388360,13.274000,120.000,15.294000,0.029000,121.573562,2691,43,0,23,88,176,0,0
40.391783,3.423000,120.000,15.294000,0.029000,121.573997,2691,43,0,23,88,176,0,0
40.405124,13.341000,120.000,15.294000,0.029000,121.574477,2691,43,0,23,88,176,0,0
40.408523,3.399000,120.000,15.297000,0.030000,121.574958,2691,43,0,23,88,176,0,0
40.421731,13.208000,120.000,15.297000,0.030000,121.575438,2691,43,0,23,88,176,0,0
40.425145,3.414000,120.000,15.297000,0.030000,121.575919,2691,43,0,23,88,176,0,0
40.438367,13.222000,120.000,15.297000,0.030000,121.576400,2691,43,0,23,88,176,0,0
40.441536,3.169000,120.000,15.297000,0.030000,121.576880,2691,43,0,23,88,176,0,0
40.454510,12.974000,120.000,15.297000,0.030000,121.577361,2691,43,0,23,88,176,0,0
40.457590,3.080000,120.000,15.297000,0.030000,121.577796,2691,43,0,23,88,176,0,0
40.471133,13.543000,120.000,15.297000,0.030000,121.578231,2691,43,0,23,88,176,0,0
40.474229,3.096000,120.000,15.297000,0.030000,121.578712,2691,43,0,23,88,176,0,0
40.487877,13.648000,120.000,15.297000,0.030000,121.579192,2691,43,0,23,88,176,0,0
40.491061,3.184000,120.000,15.297000,0.030000,121.579673,2691,43,0,23,88,176,0,0
40.504643,13.582000,120.000,15.297000,0.030000,121.580153,2691,43,0,23,88,176,0,0
40.508741,4.098000,120.000,15.297000,0.030000,121.580634,2691,43,0,23,88,176,0,0
40.521244,12.503000,120.000,15.297000,0.030000,121.581115,2691,43,0,23,88,176,0,0
40.524383,3.139000,120.000,15.297000,0.030000,121.581595,2691,43,0,23,88,176,0,0
40.537999,13.616000,120.000,15.297000,0.030000,121.582076,2691,43,0,23,88,176,0,0
40.541300,3.301000,120.000,15.297000,0.030000,121.582557,2691,43,0,23,88,176,0,0
40.554438,13.138000,120.000,15.297000,0.030000,121.582957,2691,43,0,23,88,176,0,0
40.556845,2.407000,120.000,15.297000,0.030000,121.583438,2691,43,0,23,88,176,0,0
40.571553,14.708000,120.000,15.297000,0.030000,121.583919,2691,43,0,23,88,176,0,0
40.573555,2.002000,120.000,15.297000,0.030000,121.584399,2691,43,0,23,88,176,0,0
40.587991,14.436000,120.000,15.297000,0.030000,121.584880,2691,43,0,23,88,176,0,0
40.590494,2.503000,120.000,15.297000,0.030000,121.585361,2691,43,0,23,88,176,0,0
40.604480,13.986000,120.000,15.297000,0.030000,121.585841,2691,43,0,23,88,176,0,0
40.606766,2.286000,120.000,15.297000,0.030000,121.586276,2691,43,0,23,88,176,0,0
40.621225,14.459000,120.000,15.297000,0.030000,121.586757,2691,43,0,23,88,176,0,0
40.623246,2.021000,120.000,15.297000,0.030000,121.587237,2691,43,0,23,88,176,0,0
40.637865,14.619000,120.000,15.297000,0.030000,121.587718,2691,43,0,23,88,176,0,0
40.639840,1.975000,120.000,15.297000,0.030000,121.588199,2691,43,0,23,88,176,0,0
40.654549,14.709000,120.000,15.297000,0.030000,121.588634,2691,43,0,23,88,176,0,0
40.658391,3.842000,120.000,15.297000,0.030000,121.589114,2691,43,0,23,88,176,0,0
40.671141,12.750000,120.000,15.297000,0.030000,121.589595,2691,43,0,23,88,176,0,0
40.675857,4.716000,120.000,15.297000,0.030000,121.590075,2691,43,0,23,88,176,0,0
40.687763,11.906000,120.000,15.297000,0.030000,121.590556,2691,43,0,23,88,176,0,0
40.690929,3.166000,120.000,15.297000,0.030000,121.591037,2691,43,0,23,88,176,0,0
40.704542,13.613000,120.000,15.297000,0.030000,121.591517,2691,43,0,23,88,176,0,0
40.707549,3.007000,120.000,15.297000,0.030000,121.591998,2691,43,0,23,88,176,0,0
40.721350,13.801000,120.000,15.297000,0.030000,121.592479,2691,43,0,23,88,176,0,0
40.724587,3.237000,120.000,15.297000,0.030000,121.592914,2691,43,0,23,88,176,0,0
40.738347,13.760000,120.000,15.297000,0.030000,121.593394,2691,43,0,23,88,176,0,0
40.742801,4.454000,120.000,15.297000,0.030000,121.593875,2691,43,0,23,88,176,0,0
40.754501,11.700000,120.000,15.297000,0.030000,121.594356,2691,43,0,23,88,176,0,0
40.757546,3.045000,120.000,15.297000,0.030000,121.594836,2691,43,0,23,88,176,0,0
40.771091,13.545000,120.000,15.297000,0.030000,121.595317,2691,43,0,23,88,176,0,0
40.773980,2.889000,120.000,15.297000,0.030000,121.595798,2691,43,0,23,88,176,0,0
40.787878,13.898000,120.000,15.297000,0.030000,121.596232,2691,43,0,23,88,176,0,0
40.792921,5.043000,120.000,15.297000,0.030000,121.596713,2691,43,0,23,88,176,0,0
40.804512,11.591000,120.000,15.297000,0.030000,121.597194,2691,43,0,23,88,176,0,0
40.806480,1.968000,120.000,15.297000,0.030000,121.597674,2691,43,0,23,88,176,0,0
40.821209,14.729000,120.000,15.297000,0.030000,121.598109,2691,43,0,23,88,176,0,0
40.823231,2.022000,120.000,15.297000,0.030000,121.598590,2691,43,0,23,88,176,0,0
40.838036,14.805000,120.000,15.297000,0.030000,121.599071,2691,43,0,23,88,176,0,0
40.842037,4.001000,120.000,15.297000,0.030000,121.599551,2691,43,0,23,88,176,0,0
40.854393,12.356000,120.000,15.297000,0.030000,121.600032,2691,43,0,23,88,176,0,0
40.856246,1.853000,120.000,15.297000,0.030000,121.600513,2691,43,0,23,88,176,0,0
40.871242,14.996000,120.000,15.297000,0.030000,121.600993,2691,43,0,23,88,176,0,0
40.873081,1.839000,120.000,15.297000,0.030000,121.601474,2691,43,0,23,88,176,0,0
40.888211,15.130000,120.000,15.297000,0.030000,121.601954,2691,43,0,23,88,176,0,0
40.892460,4.249000,120.000,15.297000,0.030000,121.602435,2691,43,0,23,88,176,0,0
40.904858,12.398000,120.000,15.297000,0.030000,121.602870,2691,43,0,23,88,176,0,0
40.910009,5.151000,120.000,15.297000,0.030000,121.603351,2691,43,0,23,88,176,0,0
40.920861,10.852000,120.000,15.297000,0.030000,121.603831,2691,43,0,23,88,176,0,0
40.925425,4.564000,120.000,15.297000,0.030000,121.604312,2691,43,0,23,88,176,0,0
40.937776,12.351000,120.000,15.297000,0.030000,121.604793,2691,43,0,23,88,176,0,0
40.940721,2.945000,120.000,15.297000,0.030000,121.605273,2691,43,0,23,88,176,0,0
40.954358,13.637000,120.000,15.297000,0.030000,121.605754,2691,43,0,23,88,176,0,0
40.957303,2.945000,120.000,15.297000,0.030000,121.606235,2691,43,0,23,88,176,0,0
40.971125,13.822000,120.000,15.297000,0.030000,121.606715,2691,43,0,23,88,176,0,0
40.974149,3.024000,120.000,15.297000,0.030000,121.607196,2691,43,0,23,88,176,0,0
40.987770,13.621000,120.000,15.297000,0.030000,121.607677,2691,43,0,23,88,176,0,0
40.992089,4.319000,120.000,15.297000,0.030000,121.608111,2691,43,0,23,88,176,0,0
41.004539,12.450000,120.000,15.297000,0.030000,121.608592,2691,43,0,23,88,176,0,0
41.007674,3.135000,120.000,15.297000,0.030000,121.609073,2691,43,0,23,88,176,0,0
41.021271,13.597000,120.000,15.297000,0.030000,121.609553,2691,43,0,23,88,176,0,0
41.023068,1.797000,120.000,15.297000,0.030000,121.610034,2691,43,0,23,88,176,0,0
41.037454,14.386000,120.000,15.297000,0.030000,121.610515,2691,43,0,23,88,176,0,0
41.039946,2.492000,120.000,15.297000,0.030000,121.610995,2691,43,0,23,88,176,0,0
41.054689,14.743000,120.000,15.297000,0.030000,121.611476,2691,43,0,23,88,176,0,0
41.056597,1.908000,120.000,15.297000,0.030000,121.611957,2691,43,0,23,88,176,0,0
41.071725,15.128000,120.000,15.297000,0.030000,121.612437,2691,43,0,23,88,176,0,0
41.076286,4.561000,120.000,15.297000,0.030000,121.612918,2691,43,0,23,88,176,0,0
41.088070,11.784000,120.000,15.297000,0.030000,121.613399,2691,43,0,23,88,176,0,0
41.090302,2.232000,120.000,15.297000,0.030000,121.613833,2691,43,0,23,88,176,0,0
41.104264,13.962000,120.000,15.297000,0.030000,121.614314,2691,43,0,23,88,176,0,0
41.107084,2.820000,120.000,15.297000,0.030000,121.614795,2691,43,0,23,88,176,0,0
41.121374,14.290000,120.000,15.297000,0.030000,121.615275,2691,43,0,23,88,176,0,0
41.124942,3.568000,120.000,15.297000,0.030000,121.615756,2691,43,0,23,88,176,0,0
41.137754,12.812000,120.000,15.297000,0.030000,121.616237,2691,43,0,23,88,176,0,0
41.140684,2.930000,120.000,15.297000,0.030000,121.616717,2691,43,0,23,88,176,0,0
41.154449,13.765000,120.000,15.297000,0.030000,121.617198,2691,43,0,23,88,176,0,0
41.157319,2.870000,120.000,15.297000,0.030000,121.617679,2691,43,0,23,88,176,0,0
41.171135,13.816000,120.000,15.297000,0.030000,121.618159,2691,43,0,23,88,176,0,0
41.174767,3.632000,120.000,15.297000,0.030000,121.618640,2691,43,0,23,88,176,0,0
41.187828,13.061000,120.000,15.297000,0.030000,121.619121,2691,43,0,23,88,176,0,0
41.193162,5.334000,120.000,15.297000,0.030000,121.619601,2691,43,0,23,88,176,0,0
41.204432,11.270000,120.000,15.297000,0.030000,121.620082,2691,43,0,23,88,176,0,0
41.207412,2.980000,120.000,15.297000,0.030000,121.620563,2691,43,0,23,88,176,0,0
41.221130,13.718000,120.000,15.297000,0.030000,121.621043,2691,43,0,23,88,176,0,0
41.224132,3.002000,120.000,15.297000,0.030000,121.621478,2691,43,0,23,88,176,0,0
41.237752,13.620000,120.000,15.297000,0.030000,121.621959,2691,43,0,23,88,176,0,0
41.240705,2.953000,120.000,15.297000,0.030000,121.622439,2691,43,0,23,88,176,0,0
41.254903,14.198000,120.000,15.297000,0.030000,121.622920,2691,43,0,23,88,176,0,0
41.258311,3.408000,120.000,15.297000,0.030000,121.623401,2691,43,0,23,88,176,0,0
41.271211,12.900000,120.000,15.297000,0.030000,121.623881,2691,43,0,23,88,176,0,0
41.274266,3.055000,120.000,15.297000,0.030000,121.624362,2691,43,0,23,88,176,0,0
41.287936,13.670000,120.000,15.297000,0.030000,121.624843,2691,43,0,23,88,176,0,0
41.290921,2.985000,120.000,15.297000,0.030000,121.625323,2691,43,0,23,88,176,0,0
41.304631,13.710000,120.000,15.297000,0.030000,121.625804,2691,43,0,23,88,176,0,0
41.307792,3.161000,120.000,15.297000,0.030000,121.626285,2691,43,0,23,88,176,0,0
41.321595,13.803000,120.000,15.297000,0.030000,121.626765,2691,43,0,23,88,176,0,0
41.326265,4.670000,120.000,15.297000,0.030000,121.627246,2691,43,0,23,88,176,0,0
41.337913,11.648000,120.000,15.297000,0.030000,121.627727,2691,43,0,23,88,176,0,0
41.340971,3.058000,120.000,15.297000,0.030000,121.628207,2691,43,0,23,88,176,0,0
41.354291,13.320000,120.000,15.297000,0.030000,121.628688,2691,43,0,23,88,176,0,0
41.357415,3.124000,120.000,15.297000,0.030000,121.629169,2691,43,0,23,88,176,0,0
41.371251,13.836000,120.000,15.297000,0.030000,121.629649,2691,43,0,23,88,176,0,0
41.374345,3.094000,120.000,15.297000,0.030000,121.630130,2691,43,0,23,88,176,0,0
41.388116,13.771000,120.000,15.297000,0.030000,121.630610,2691,43,0,23,88,176,0,0
41.391149,3.033000,120.000,15.297000,0.030000,121.631091,2691,43,0,23,88,176,0,0
41.404395,13.246000,120.000,15.297000,0.030000,121.631572,2691,43,0,23,88,176,0,0
41.407395,3.000000,120.000,15.092000,0.034000,121.632052,2691,43,0,23,88,176,0,0
41.421117,13.722000,120.000,15.092000,0.034000,121.632533,2691,43,0,23,88,176,0,0
41.424010,2.893000,120.000,15.092000,0.034000,121.633014,2691,43,0,23,88,176,0,0
41.438213,14.203000,120.000,15.092000,0.034000,121.633449,2691,43,0,23,88,176,0,0
41.442647,4.434000,120.000,15.092000,0.034000,121.633929,2691,43,0,23,88,176,0,0
41.454480,11.833000,120.000,15.092000,0.034000,121.634410,2691,43,0,23,88,176,0,0
41.457478,2.998000,120.000,15.092000,0.034000,121.634845,2691,43,0,23,88,176,0,0
41.471493,14.015000,120.000,15.092000,0.034000,121.635325,2691,43,0,23,88,176,0,0
41.475231,3.738000,120.000,15.092000,0.034000,121.635806,2691,43,0,23,88,176,0,0
41.488092,12.861000,120.000,15.092000,0.034000,121.636287,2691,43,0,23,88,176,0,0
41.491252,3.160000,120.000,15.092000,0.034000,121.636767,2691,43,0,23,88,176,0,0
41.504383,13.131000,120.000,15.092000,0.034000,121.637248,2691,43,0,23,88,176,0,0
41.508737,4.354000,120.000,15.092000,0.034000,121.637729,2691,43,0,23,88,176,0,0
41.521250,12.513000,120.000,15.092000,0.034000,121.638209,2691,43,0,23,88,176,0,0
41.524467,3.217000,120.000,15.092000,0.034000,121.638644,2691,43,0,23,88,176,0,0
41.538155,13.688000,120.000,15.092000,0.034000,121.639125,2691,43,0,23,88,176,0,0
41.541486,3.331000,120.000,15.092000,0.034000,121.639606,2691,43,0,23,88,176,0,0
41.554910,13.424000,120.000,15.092000,0.034000,121.640086,2691,43,0,23,88,176,0,0
41.558273,3.363000,120.000,15.092000,0.034000,121.640521,2691,43,0,23,88,176,0,0
41.571597,13.324000,120.000,15.092000,0.034000,121.641002,2691,43,0,23,88,176,0,0
41.573500,1.903000,120.000,15.092000,0.034000,121.641482,2691,43,0,23,88,176,0,0
41.588085,14.585000,120.000,15.092000,0.034000,121.641883,2691,43,0,23,88,176,0,0
41.590275,2.190000,120.000,15.092000,0.034000,121.642364,2691,43,0,23,88,176,0,0
41.605262,14.987000,120.000,15.092000,0.034000,121.642844,2691,43,0,23,88,176,0,0
41.608106,2.844000,120.000,15.092000,0.034000,121.643325,2691,43,0,23,88,176,0,0
41.621158,13.052000,120.000,15.092000,0.034000,121.643806,2691,43,0,23,88,176,0,0
41.623741,2.583000,120.000,15.092000,0.034000,121.644286,2691,43,0,23,88,176,0,0
41.637791,14.050000,120.000,15.092000,0.034000,121.644767,2691,43,0,23,88,176,0,0
41.640063,2.272000,120.000,15.092000,0.034000,121.645247,2691,43,0,23,88,176,0,0
41.654409,14.346000,120.000,15.092000,0.034000,121.645728,2691,43,0,23,88,176,0,0
41.658088,3.679000,120.000,15.092000,0.034000,121.646209,2691,43,0,23,88,176,0,0
41.671230,13.142000,120.000,15.092000,0.034000,121.646689,2691,43,0,23,88,176,0,0
41.673405,2.175000,120.000,15.092000,0.034000,121.647124,2691,43,0,23,88,176,0,0
41.687841,14.436000,120.000,15.092000,0.034000,121.647605,2691,43,0,23,88,176,0,0
41.690940,3.099000,120.000,15.092000,0.034000,121.648086,2691,43,0,23,88,176,0,0
41.704982,14.042000,120.000,15.092000,0.034000,121.648520,2691,43,0,23,88,176,0,0
41.709582,4.600000,120.000,15.092000,0.034000,121.649001,2691,43,0,23,88,176,0,0
41.721193,11.611000,120.000,15.092000,0.034000,121.649482,2691,43,0,23,88,176,0,0
41.724352,3.159000,120.000,15.092000,0.034000,121.649962,2691,43,0,23,88,176,0,0
41.738068,13.716000,120.000,15.092000,0.034000,121.650443,2691,43,0,23,88,176,0,0
41.741435,3.367000,120.000,15.092000,0.034000,121.650924,2691,43,0,23,88,176,0,0
41.754907,13.472000,120.000,15.092000,0.034000,121.651404,2691,43,0,23,88,176,0,0
41.756998,2.091000,120.000,15.092000,0.034000,121.651885,2691,43,0,23,88,176,0,0
41.771599,14.601000,120.000,15.092000,0.034000,121.652366,2691,43,0,23,88,176,0,0
41.773790,2.191000,120.000,15.092000,0.034000,121.652846,2691,43,0,23,88,176,0,0
41.788449,14.659000,120.000,15.092000,0.034000,121.653281,2691,43,0,23,88,176,0,0
41.792851,4.402000,120.000,15.092000,0.034000,121.653762,2691,43,0,23,88,176,0,0
41.804895,12.044000,120.000,15.092000,0.034000,121.654243,2691,43,0,23,88,176,0,0
41.807261,2.366000,120.000,15.092000,0.034000,121.654723,2691,43,0,23,88,176,0,0
41.821595,14.334000,120.000,15.092000,0.034000,121.655204,2691,43,0,23,88,176,0,0
41.823758,2.163000,120.000,15.092000,0.034000,121.655684,2691,43,0,23,88,176,0,0
41.838460,14.702000,120.000,15.092000,0.034000,121.656165,2691,43,0,23,88,176,0,0
41.840678,2.218000,120.000,15.092000,0.034000,121.656600,2691,43,0,23,88,176,0,0
41.855113,14.435000,120.000,15.092000,0.034000,121.657081,2691,43,0,23,88,176,0,0
41.857187,2.074000,120.000,15.092000,0.034000,121.657561,2691,43,0,23,88,176,0,0
41.870917,13.730000,120.000,15.092000,0.034000,121.658042,2691,43,0,23,88,176,0,0
41.874148,3.231000,120.000,15.092000,0.034000,121.658523,2691,43,0,23,88,176,0,0
41.888312,14.164000,120.000,15.092000,0.034000,121.659003,2691,43,0,23,88,176,0,0
41.891762,3.450000,120.000,15.092000,0.034000,121.659484,2691,43,0,23,88,176,0,0
41.905046,13.284000,120.000,15.092000,0.034000,121.659965,2691,43,0,23,88,176,0,0
41.908573,3.527000,120.000,15.092000,0.034000,121.660445,2691,43,0,23,88,176,0,0
41.921637,13.064000,120.000,15.092000,0.034000,121.660926,2691,43,0,23,88,176,0,0
41.925150,3.513000,120.000,15.092000,0.034000,121.661407,2691,43,0,23,88,176,0,0
41.938381,13.231000,120.000,15.092000,0.034000,121.661841,2691,43,0,23,88,176,0,0
41.941849,3.468000,120.000,15.092000,0.034000,121.662322,2691,43,0,23,88,176,0,0
41.955105,13.256000,120.000,15.092000,0.034000,121.662803,2691,43,0,23,88,176,0,0
41.958665,3.560000,120.000,15.092000,0.034000,121.663283,2691,43,0,23,88,176,0,0
41.971691,13.026000,120.000,15.092000,0.034000,121.663764,2691,43,0,23,88,176,0,0
41.975260,3.569000,120.000,15.092000,0.034000,121.664245,2691,43,0,23,88,176,0,0
41.988284,13.024000,120.000,15.092000,0.034000,121.664680,2691,43,0,23,88,176,0,0
41.991638,3.354000,120.000,15.092000,0.034000,121.665160,2691,43,0,23,88,176,0,0
42.005076,13.438000,120.000,15.092000,0.034000,121.665641,2691,43,0,23,88,176,0,0
42.008589,3.513000,120.000,15.092000,0.034000,121.666121,2691,43,0,23,88,176,0,0
42.021685,13.096000,120.000,15.092000,0.034000,121.666602,2691,43,0,23,88,176,0,0
42.025047,3.362000,120.000,15.092000,0.034000,121.667083,2691,43,0,23,88,176,0,0
42.038336,13.289000,120.000,15.092000,0.034000,121.667563,2691,43,0,23,88,176,0,0
42.041825,3.489000,120.000,15.092000,0.034000,121.668044,2691,43,0,23,88,176,0,0
42.054982,13.157000,120.000,15.092000,0.034000,121.668525,2691,43,0,23,88,176,0,0
42.058503,3.521000,120.000,15.092000,0.034000,121.669005,2691,43,0,23,88,176,0,0
42.071735,13.232000,120.000,15.092000,0.034000,121.669486,2691,43,0,23,88,176,0,0
42.077445,5.710000,120.000,15.092000,0.034000,121.669967,2691,43,0,23,88,176,0,0
42.087660,10.215000,120.000,15.092000,0.034000,121.670447,2691,43,0,23,88,176,0,0
42.093382,5.722000,120.000,15.092000,0.034000,121.670882,2691,43,0,23,88,176,0,0
42.104727,11.345000,120.000,15.092000,0.034000,121.671363,2691,43,0,23,88,176,0,0
42.108211,3.484000,120.000,15.092000,0.034000,121.671844,2691,43,0,23,88,176,0,0
42.121108,12.897000,120.000,15.092000,0.034000,121.672324,2691,43,0,23,88,176,0,0
42.124067,2.959000,120.000,15.092000,0.034000,121.672805,2691,43,0,23,88,176,0,0
42.137785,13.718000,120.000,15.092000,0.034000,121.673285,2691,43,0,23,88,176,0,0
42.140719,2.934000,120.000,15.092000,0.034000,121.673766,2691,43,0,23,88,176,0,0
42.154441,13.722000,120.000,15.092000,0.034000,121.674247,2691,43,0,23,88,176,0,0
42.157389,2.948000,120.000,15.092000,0.034000,121.674727,2691,43,0,23,88,176,0,0
42.171174,13.785000,120.000,15.092000,0.034000,121.675208,2691,43,0,23,88,176,0,0
42.174341,3.167000,120.000,15.092000,0.034000,121.675689,2691,43,0,23,88,176,0,0
42.188037,13.696000,120.000,15.092000,0.034000,121.676169,2691,43,0,23,88,176,0,0
42.192443,4.406000,120.000,15.092000,0.034000,121.676650,2691,43,0,23,88,176,0,0
42.204562,12.119000,120.000,15.092000,0.034000,121.677131,2691,43,0,23,88,176,0,0
42.207618,3.056000,120.000,15.092000,0.034000,121.677611,2691,43,0,23,88,176,0,0
42.221718,14.100000,120.000,15.092000,0.034000,121.678092,2691,43,0,23,88,176,0,0
42.227210,5.492000,120.000,15.092000,0.034000,121.678573,2691,43,0,23,88,176,0,0
42.237887,10.677000,120.000,15.092000,0.034000,121.680930,2691,43,0,23,88,176,0,0
42.241246,3.359000,120.000,15.092000,0.034000,121.681411,2691,43,0,23,88,176,0,0
42.254904,13.658000,120.000,15.092000,0.034000,121.681891,2691,43,0,23,88,176,0,0
42.258292,3.388000,120.000,15.092000,0.034000,121.682372,2691,43,0,23,88,176,0,0
42.271762,13.470000,120.000,15.092000,0.034000,121.682853,2691,43,0,23,88,176,0,0
42.275305,3.543000,120.000,15.092000,0.034000,121.683333,2691,43,0,23,88,176,0,0
42.288423,13.118000,120.000,15.092000,0.034000,121.683814,2691,43,0,23,88,176,0,0
42.290473,2.050000,120.000,15.092000,0.034000,121.684295,2691,43,0,23,88,176,0,0
42.305031,14.558000,120.000,15.092000,0.034000,121.684775,2691,43,0,23,88,176,0,0
42.307260,2.229000,120.000,15.092000,0.034000,121.685256,2691,43,0,23,88,176,0,0
42.321597,14.337000,120.000,15.092000,0.034000,121.685691,2691,43,0,23,88,176,0,0
42.323613,2.016000,120.000,15.092000,0.034000,121.686172,2691,43,0,23,88,176,0,0
42.338475,14.862000,120.000,15.092000,0.034000,121.686652,2691,43,0,23,88,176,0,0
42.342804,4.329000,120.000,15.092000,0.034000,121.687133,2691,43,0,23,88,176,0,0
42.355044,12.240000,120.000,15.092000,0.034000,121.687613,2691,43,0,23,88,176,0,0
42.357222,2.178000,120.000,15.092000,0.034000,121.688094,2691,43,0,23,88,176,0,0
42.371678,14.456000,120.000,15.092000,0.034000,121.688575,2691,43,0,23,88,176,0,0
42.373925,2.247000,120.000,15.092000,0.034000,121.689055,2691,43,0,23,88,176,0,0
42.388338,14.413000,120.000,15.092000,0.034000,121.689536,2691,43,0,23,88,176,0,0
42.390599,2.261000,120.000,15.092000,0.034000,121.690017,2691,43,0,23,88,176,0,0
42.404963,14.364000,120.000,15.092000,0.034000,121.690497,2691,43,0,23,88,176,0,0
42.407862,2.899000,120.000,14.888000,0.033000,121.690978,2691,43,0,23,88,176,0,0
42.421782,13.920000,120.000,14.888000,0.033000,121.691459,2691,43,0,23,88,176,0,0
42.427372,5.590000,120.000,14.888000,0.033000,121.691939,2691,43,0,23,88,176,0,0
42.438135,10.763000,120.000,14.888000,0.033000,121.692420,2691,43,0,23,88,176,0,0
42.448084,9.949000,120.000,14.888000,0.033000,121.692901,2691,43,0,23,88,176,0,0
42.462819,14.735000,120.000,14.888000,0.033000,121.693381,2691,43,0,23,88,176,0,0
42.465952,3.133000,120.000,14.888000,0.033000,121.693862,2691,43,0,23,88,176,0,0
42.479429,13.477000,120.000,14.888000,0.033000,121.694343,2691,43,0,23,88,176,0,0
42.482438,3.009000,120.000,14.888000,0.033000,121.694823,2691,43,0,23,88,176,0,0
42.496042,13.604000,120.000,14.888000,0.033000,121.695304,2691,43,0,23,88,176,0,0
42.500137,4.095000,120.000,14.888000,0.033000,121.695785,2691,43,0,23,88,176,0,0
42.513293,13.156000,120.000,14.888000,0.033000,121.696265,2691,43,0,23,88,176,0,0
42.517243,3.950000,120.000,14.888000,0.033000,121.696746,2691,43,0,23,88,176,0,0
42.529411,12.168000,120.000,14.888000,0.033000,121.697227,2691,43,0,23,88,176,0,0
42.532604,3.193000,120.000,14.888000,0.033000,121.697707,2691,43,0,23,88,176,0,0
42.546158,13.554000,120.000,14.888000,0.033000,121.698188,2691,43,0,23,88,176,0,0
42.549321,3.163000,120.000,14.888000,0.033000,121.698668,2691,43,0,23,88,176,0,0
42.562516,13.195000,120.000,14.888000,0.033000,121.699149,2691,43,0,23,88,176,0,0
42.565123,2.607000,120.000,14.888000,0.033000,121.699630,2691,43,0,23,88,176,0,0
42.579518,14.395000,120.000,14.888000,0.033000,121.700110,2691,43,0,23,88,176,0,0
42.581992,2.474000,120.000,14.888000,0.033000,121.700591,2691,43,0,23,88,176,0,0
42.596135,14.143000,120.000,14.888000,0.033000,121.701072,2691,43,0,23,88,176,0,0
42.598627,2.492000,120.000,14.888000,0.033000,121.701552,2691,43,0,23,88,176,0,0
42.612855,14.228000,120.000,14.888000,0.033000,121.702033,2691,43,0,23,88,176,0,0
42.614967,2.112000,120.000,14.888000,0.033000,121.702514,2691,43,0,23,88,176,0,0
42.629598,14.631000,120.000,14.888000,0.033000,121.702994,2691,43,0,23,88,176,0,0
42.631553,1.955000,120.000,14.888000,0.033000,121.703475,2691,43,0,23,88,176,0,0
42.646212,14.659000,120.000,14.888000,0.033000,121.703956,2691,43,0,23,88,176,0,0
42.648358,2.146000,120.000,14.888000,0.033000,121.704436,2691,43,0,23,88,176,0,0
42.663446,15.088000,120.000,14.888000,0.033000,121.704917,2691,43,0,23,88,176,0,0
42.668444,4.998000,120.000,14.888000,0.033000,121.705398,2691,43,0,23,88,176,0,0
42.679702,11.258000,120.000,14.888000,0.033000,121.705878,2691,43,0,23,88,176,0,0
42.682703,3.001000,120.000,14.888000,0.033000,121.706359,2691,43,0,23,88,176,0,0
42.696370,13.667000,120.000,14.888000,0.033000,121.706840,2691,43,0,23,88,176,0,0
42.699677,3.307000,120.000,14.888000,0.033000,121.707274,2691,43,0,23,88,176,0,0
42.713117,13.440000,120.000,14.888000,0.033000,121.707755,2691,43,0,23,88,176,0,0
42.716494,3.377000,120.000,14.888000,0.033000,121.708236,2691,43,0,23,88,176,0,0
42.729890,13.396000,120.000,14.888000,0.033000,121.708716,2691,43,0,23,88,176,0,0
42.731978,2.088000,120.000,14.888000,0.033000,121.709151,2691,43,0,23,88,176,0,0
42.746571,14.593000,120.000,14.888000,0.033000,121.709632,2691,43,0,23,88,176,0,0
42.748474,1.903000,120.000,14.888000,0.033000,121.710113,2691,43,0,23,88,176,0,0
42.763475,15.001000,120.000,14.888000,0.033000,121.710593,2691,43,0,23,88,176,0,0
42.767520,4.045000,120.000,14.888000,0.033000,121.711074,2691,43,0,23,88,176,0,0
42.779263,11.743000,120.000,14.888000,0.033000,121.711509,2691,43,0,23,88,176,0,0
42.782730,3.467000,120.000,14.888000,0.033000,121.711989,2691,43,0,23,88,176,0,0
42.799512,16.782000,120.000,14.888000,0.033000,121.712424,2691,43,0,23,88,176,0,0
42.801211,1.699000,120.000,14.888000,0.033000,121.712905,2691,43,0,23,88,176,0,0
42.814903,13.692000,120.000,14.888000,0.033000,121.713439,2691,43,0,23,88,176,0,0
42.816373,1.470000,120.000,14.888000,0.033000,121.713920,2691,43,0,23,88,176,0,0
42.829337,12.964000,120.000,14.888000,0.033000,121.714400,2691,43,0,23,88,176,0,0
42.832065,2.728000,120.000,14.888000,0.033000,121.715587,2692,43,0,23,88,176,0,0
42.846067,14.002000,120.000,14.888000,0.033000,121.716067,2692,43,0,23,88,176,0,0
42.849019,2.952000,120.000,14.888000,0.033000,121.716548,2692,43,0,23,88,176,0,0
42.864847,15.828000,120.000,14.888000,0.033000,121.717734,2693,43,0,23,88,176,0,0
42.867254,2.407000,120.000,14.888000,0.033000,121.718215,2693,43,0,23,88,176,0,0
42.881346,14.092000,120.000,14.888000,0.033000,121.719401,2694,43,0,23,88,176,0,0
42.883761,2.415000,120.000,14.888000,0.033000,121.719882,2694,43,0,23,88,176,0,0
42.898403,14.642000,120.000,14.888000,0.033000,121.721068,2695,43,0,23,88,176,0,0
42.900677,2.274000,120.000,14.888000,0.033000,121.721549,2695,43,0,23,88,176,0,0
42.914718,14.041000,120.000,14.888000,0.033000,121.722735,2696,43,0,23,88,176,0,0
42.917101,2.383000,120.000,14.888000,0.033000,121.723216,2696,43,0,23,88,176,0,0
42.931852,14.751000,120.000,14.888000,0.033000,121.724402,2697,43,0,23,88,176,0,0
42.934395,2.543000,120.000,14.888000,0.033000,121.724883,2697,43,0,23,88,176,0,0
42.948337,13.942000,120.000,14.888000,0.033000,121.726069,2698,43,0,23,88,176,0,0
42.950703,2.366000,120.000,14.888000,0.033000,121.726550,2698,43,0,23,88,176,0,0
42.963021,12.318000,120.000,14.888000,0.033000,121.727031,2698,43,0,23,88,176,0,0
42.965358,2.337000,120.000,14.888000,0.033000,121.727511,2698,43,0,23,88,176,0,0
42.982325,16.967000,120.000,14.888000,0.033000,121.728698,2699,43,0,23,88,176,0,0
42.983609,1.284000,120.000,14.888000,0.033000,121.729178,2699,43,0,23,88,176,0,0
42.998046,14.437000,120.000,14.888000,0.033000,121.730365,2700,43,0,23,88,176,0,0
42.999317,1.271000,120.000,14.888000,0.033000,121.730845,2700,43,0,23,88,176,0,0
43.015066,15.749000,120.000,14.888000,0.033000,121.732032,2701,43,0,23,88,176,0,0
43.016453,1.387000,120.000,14.888000,0.033000,121.732512,2701,43,0,23,88,176,0,0
43.031702,15.249000,120.000,14.888000,0.033000,121.733699,2702,43,0,23,88,176,0,0
43.033060,1.358000,120.000,14.888000,0.033000,121.734179,2702,43,0,23,88,176,0,0
43.048370,15.310000,120.000,14.888000,0.033000,121.735320,2703,43,0,23,88,176,0,0
43.050121,1.751000,120.000,14.888000,0.033000,121.735755,2703,43,0,23,88,176,0,0
43.063169,13.048000,120.000,14.888000,0.033000,121.736236,2703,43,0,23,88,176,0,0
43.065846,2.677000,120.000,14.888000,0.033000,121.736716,2703,43,0,23,88,176,0,0
43.082937,17.091000,120.000,14.888000,0.033000,121.737903,2704,43,0,23,88,176,0,0
43.085289,2.352000,120.000,14.888000,0.033000,121.739142,2705,43,0,23,88,176,0,0
43.096127,10.838000,120.000,14.888000,0.033000,121.739623,2705,43,0,23,88,176,0,0
43.099204,3.077000,120.000,14.888000,0.033000,121.740104,2705,43,0,23,88,176,0,0
43.114536,15.332000,120.000,14.888000,0.033000,121.741290,2706,43,0,23,88,176,0,0
43.116755,2.219000,120.000,14.888000,0.033000,121.741771,2706,43,0,23,88,176,0,0
43.131808,15.053000,120.000,14.888000,0.033000,121.742957,2707,43,0,23,88,176,0,0
43.134207,2.399000,120.000,14.888000,0.033000,121.743438,2707,43,0,23,88,176,0,0
43.149483,15.276000,120.000,14.888000,0.033000,121.744624,2708,43,0,23,88,176,0,0
43.152044,2.561000,120.000,14.888000,0.033000,121.745105,2708,43,0,23,88,176,0,0
43.165683,13.639000,120.000,14.888000,0.033000,121.746291,2709,43,0,23,88,176,0,0
43.168255,2.572000,120.000,14.888000,0.033000,121.746772,2709,43,0,23,88,176,0,0
43.179707,11.452000,120.000,14.888000,0.033000,121.747252,2709,43,0,23,88,176,0,0
43.183093,3.386000,120.000,14.888000,0.033000,121.747733,2709,43,0,23,88,176,0,0
43.198647,15.554000,120.000,14.888000,0.033000,121.748919,2710,43,0,23,88,176,0,0
43.199959,1.312000,120.000,14.888000,0.033000,121.749400,2710,43,0,23,88,176,0,0
43.215141,15.182000,120.000,14.888000,0.033000,121.750587,2711,43,0,23,88,176,0,0
43.216407,1.266000,120.000,14.888000,0.033000,121.751067,2711,43,0,23,88,176,0,0
43.231971,15.564000,120.000,14.888000,0.033000,121.752254,2712,43,0,23,88,176,0,0
43.233262,1.291000,120.000,14.888000,0.033000,121.752734,2712,43,0,23,88,176,0,0
43.248889,15.627000,120.000,14.888000,0.033000,121.753921,2713,43,0,23,88,176,0,0
43.250466,1.577000,120.000,14.888000,0.033000,121.754401,2713,43,0,23,88,176,0,0
43.265768,15.302000,120.000,14.888000,0.033000,121.755588,2714,43,0,23,88,176,0,0
43.267296,1.528000,120.000,14.888000,0.033000,121.756068,2714,43,0,23,88,176,0,0
43.282188,14.892000,120.000,14.888000,0.033000,121.757255,2715,43,0,23,88,176,0,0
43.283833,1.645000,120.000,14.888000,0.033000,121.757735,2715,43,0,23,88,176,0,0
43.296715,12.882000,120.000,14.888000,0.033000,121.758216,2715,43,0,23,88,176,0,0
43.299371,2.656000,120.000,14.888000,0.033000,121.758697,2715,43,0,23,88,176,0,0
43.316198,16.827000,120.000,14.888000,0.033000,121.759177,2715,43,0,23,88,176,0,0
43.318319,2.121000,120.000,14.888000,0.033000,121.760364,2716,43,0,23,88,176,0,0
43.329936,11.617000,120.000,14.888000,0.033000,121.760844,2716,43,0,23,88,176,0,0
43.333378,3.442000,120.000,14.888000,0.033000,121.760619,2715,43,0,23,88,176,0,0
43.347137,13.759000,120.000,14.888000,0.033000,121.760440,2715,43,0,23,88,176,0,0
43.350722,3.585000,120.000,14.888000,0.033000,121.760921,2715,43,0,23,88,176,0,0
43.363690,12.968000,120.000,14.888000,0.033000,121.760695,2714,43,0,23,88,176,0,0
43.366231,2.541000,120.000,14.888000,0.033000,121.761130,2714,43,0,23,88,176,0,0
43.380244,14.013000,120.000,14.888000,0.033000,121.760905,2713,43,0,23,88,176,0,0
43.383111,2.867000,120.000,14.888000,0.033000,121.761386,2713,43,0,23,88,176,0,0
43.396988,13.877000,120.000,14.888000,0.033000,121.761161,2712,43,0,23,88,176,0,0
43.399862,2.874000,120.000,14.888000,0.033000,121.761642,2712,43,0,23,88,176,0,0
43.413568,13.706000,119.000,15.038000,0.146000,121.761416,2711,43,0,23,88,176,0,0
43.416914,3.346000,119.000,15.038000,0.146000,121.761897,2711,43,0,23,88,176,0,0
43.430009,13.095000,119.000,15.038000,0.146000,121.761672,2710,43,0,23,88,176,0,0
43.433432,3.423000,119.000,15.038000,0.146000,121.762153,2710,43,0,23,88,176,0,0
43.446906,13.474000,119.000,15.038000,0.146000,121.761928,2709,43,0,23,88,176,0,0
43.450289,3.383000,119.000,15.038000,0.146000,121.762408,2709,43,0,23,88,176,0,0
43.463541,13.252000,119.000,15.038000,0.146000,121.762889,2709,43,0,23,88,176,0,0
43.467032,3.491000,119.000,15.038000,0.146000,121.763370,2709,43,0,23,88,176,0,0
43.480300,13.268000,119.000,15.038000,0.146000,121.763144,2708,43,0,23,88,176,0,0
43.483795,3.495000,119.000,15.038000,0.146000,121.763556,2708,43,0,23,88,176,0,0
43.496961,13.166000,119.000,15.038000,0.146000,121.763331,2707,43,0,23,88,176,0,0
43.500037,3.076000,119.000,15.038000,0.146000,121.763812,2707,43,0,23,88,176,0,0
43.513528,13.491000,119.000,15.038000,0.146000,121.763587,2706,43,0,23,88,176,0,0
43.516482,2.954000,119.000,15.038000,0.146000,121.764068,2706,43,0,23,88,176,0,0
43.530192,13.710000,119.000,15.038000,0.146000,121.763843,2705,43,0,23,88,176,0,0
43.533306,3.114000,119.000,15.038000,0.146000,121.764323,2705,43,0,23,88,176,0,0
43.546601,13.295000,119.000,15.038000,0.146000,121.764098,2704,43,0,23,88,176,0,0
43.549921,3.320000,119.000,15.038000,0.146000,121.764579,2704,43,0,23,88,176,0,0
43.563669,13.748000,119.000,15.038000,0.146000,121.765059,2704,43,0,23,88,176,0,0
43.567025,3.356000,119.000,15.038000,0.146000,121.765540,2704,43,0,23,88,176,0,0
43.580282,13.257000,119.000,15.038000,0.146000,121.765315,2703,43,0,23,88,176,0,0
43.583802,3.520000,119.000,15.038000,0.146000,121.765090,2702,43,0,23,88,176,0,0
43.596377,12.575000,119.000,15.038000,0.146000,121.765571,2702,43,0,23,88,176,0,0
43.599461,3.084000,119.000,15.038000,0.146000,121.766051,2702,43,0,23,88,176,0,0
43.612950,13.489000,119.000,15.038000,0.146000,121.765826,2701,43,0,23,88,176,0,0
43.616071,3.121000,119.000,15.038000,0.146000,121.766261,2701,43,0,23,88,176,0,0
43.629537,13.466000,119.000,15.038000,0.146000,121.766036,2700,43,0,23,88,176,0,0
43.632561,3.024000,119.000,15.038000,0.146000,121.766517,2700,43,0,23,88,176,0,0
43.646279,13.718000,119.000,15.038000,0.146000,121.766292,2699,43,0,23,88,176,0,0
43.649435,3.156000,119.000,15.038000,0.146000,121.766772,2699,43,0,23,88,176,0,0
43.662997,13.562000,119.000,15.038000,0.146000,121.766547,2698,43,0,23,88,176,0,0
43.666276,3.279000,119.000,15.038000,0.146000,121.767028,2698,43,0,23,88,176,0,0
43.679794,13.518000,119.000,15.038000,0.146000,121.767509,2698,43,0,23,88,176,0,0
43.682956,3.162000,119.000,15.038000,0.146000,121.767989,2698,43,0,23,88,176,0,0
43.696432,13.476000,119.000,15.038000,0.146000,121.767764,2697,43,0,23,88,176,0,0
43.699822,3.390000,119.000,15.038000,0.146000,121.768245,2697,43,0,23,88,176,0,0
43.712997,13.175000,119.000,15.038000,0.146000,121.768020,2696,43,0,23,88,176,0,0
43.716177,3.180000,119.000,15.038000,0.146000,121.768500,2696,43,0,23,88,176,0,0
43.729769,13.592000,119.000,15.038000,0.146000,121.768275,2695,43,0,23,88,176,0,0
43.733161,3.392000,119.000,15.038000,0.146000,121.768756,2695,43,0,23,88,176,0,0
43.746571,13.410000,119.000,15.038000,0.146000,121.768531,2694,43,0,23,88,176,0,0
43.748661,2.090000,119.000,15.038000,0.146000,121.769011,2694,43,0,23,88,176,0,0
43.763432,14.771000,119.000,15.038000,0.146000,121.768786,2693,43,0,23,88,176,0,0
43.765547,2.115000,119.000,15.038000,0.146000,121.769267,2693,43,0,23,88,176,0,0
43.780114,14.567000,119.000,15.038000,0.146000,121.769042,2692,43,0,23,88,176,0,0
43.782194,2.080000,119.000,15.038000,0.146000,121.769523,2692,43,0,23,88,176,0,0
43.796280,14.086000,119.000,15.038000,0.146000,121.770003,2692,43,0,23,88,176,0,0
43.799318,3.038000,119.000,15.038000,0.146000,121.770438,2692,43,0,23,88,176,0,0
43.813545,14.227000,119.000,15.038000,0.146000,121.770213,2691,43,0,23,88,176,0,0
43.816388,2.843000,119.000,15.038000,0.146000,121.769965,2690,43,0,23,88,176,0,0
43.829555,13.167000,119.000,15.038000,0.146000,121.770446,2690,43,0,23,88,176,0,0
43.831742,2.187000,119.000,15.038000,0.146000,121.770926,2690,43,0,23,88,176,0,0
43.845996,14.254000,119.000,15.038000,0.146000,121.771407,2690,43,0,23,88,176,0,0
43.848331,2.335000,119.000,15.038000,0.146000,121.771888,2690,43,0,23,88,176,0,0
43.862742,14.411000,119.000,15.038000,0.146000,121.772368,2690,43,0,23,88,176,0,0
43.865668,2.926000,119.000,15.038000,0.146000,121.772849,2690,43,0,23,88,176,0,0
43.879546,13.878000,119.000,15.038000,0.146000,121.773330,2690,43,0,23,88,176,0,0
43.882743,3.197000,119.000,15.038000,0.146000,121.773810,2690,43,0,23,88,176,0,0
43.896153,13.410000,119.000,15.038000,0.146000,121.774291,2690,43,0,23,88,176,0,0
43.899128,2.975000,119.000,15.038000,0.146000,121.774772,2690,43,0,23,88,176,0,0
43.912755,13.627000,119.000,15.038000,0.146000,121.775252,2690,43,0,23,88,176,0,0
43.915694,2.939000,119.000,15.038000,0.146000,121.775733,2690,43,0,23,88,176,0,0
43.929304,13.610000,119.000,15.038000,0.146000,121.776214,2690,43,0,23,88,176,0,0
43.932471,3.167000,119.000,15.038000,0.146000,121.776694,2690,43,0,23,88,176,0,0
43.946068,13.597000,119.000,15.038000,0.146000,121.777175,2690,43,0,23,88,176,0,0
43.949206,3.138000,119.000,15.038000,0.146000,121.777656,2690,43,0,23,88,176,0,0
43.962863,13.657000,119.000,15.038000,0.146000,121.778136,2690,43,0,23,88,176,0,0
43.966164,3.301000,119.000,15.038000,0.146000,121.778617,2690,43,0,23,88,176,0,0
43.979800,13.636000,119.000,15.038000,0.146000,121.779098,2690,43,0,23,88,176,0,0
43.984674,4.874000,119.000,15.038000,0.146000,121.779510,2690,43,0,23,88,176,0,0
43.996165,11.491000,119.000,15.038000,0.146000,121.779990,2690,43,0,23,88,176,0,0
43.999235,3.070000,119.000,15.038000,0.146000,121.780471,2690,43,0,23,88,176,0,0
44.012938,13.703000,119.000,15.038000,0.146000,121.780951,2690,43,0,23,88,176,0,0
44.016198,3.260000,119.000,15.038000,0.146000,121.781432,2690,43,0,23,88,176,0,0
44.029578,13.380000,119.000,15.038000,0.146000,121.781913,2690,43,0,23,88,176,0,0
44.032933,3.355000,119.000,15.038000,0.146000,121.782393,2690,43,0,23,88,176,0,0
44.046398,13.465000,119.000,15.038000,0.146000,121.782874,2690,43,0,23,88,176,0,0
44.048514,2.116000,119.000,15.038000,0.146000,121.783355,2690,43,0,23,88,176,0,0
44.063169,14.655000,119.000,15.038000,0.146000,121.783835,2690,43,0,23,88,176,0,0
44.065237,2.068000,119.000,15.038000,0.146000,121.784316,2690,43,0,23,88,176,0,0
44.079909,14.672000,119.000,15.038000,0.146000,121.784797,2690,43,0,23,88,176,0,0
44.082061,2.152000,119.000,15.038000,0.146000,121.785277,2690,43,0,23,88,176,0,0
44.096757,14.696000,119.000,15.038000,0.146000,121.785758,2690,43,0,23,88,176,0,0
44.102232,5.475000,119.000,15.038000,0.146000,121.786239,2690,43,0,23,88,176,0,0
44.113388,11.156000,119.000,15.038000,0.146000,121.786719,2690,43,0,23,88,176,0,0
44.115503,2.115000,119.000,15.038000,0.146000,121.787200,2690,43,0,23,88,176,0,0
44.130031,14.528000,119.000,15.038000,0.146000,121.787681,2690,43,0,23,88,176,0,0
44.132300,2.269000,119.000,15.038000,0.146000,121.788161,2690,43,0,23,88,176,0,0
44.145937,13.637000,119.000,15.038000,0.146000,121.788562,2690,43,0,23,88,176,0,0
44.148434,2.497000,119.000,15.038000,0.146000,121.789042,2690,43,0,23,88,176,0,0
44.163425,14.991000,119.000,15.038000,0.146000,121.789523,2690,43,0,23,88,176,0,0
44.166615,3.190000,119.000,15.038000,0.146000,121.790004,2690,43,0,23,88,176,0,0
44.180073,13.458000,119.000,15.038000,0.146000,121.790484,2690,43,0,23,88,176,0,0
44.183473,3.400000,119.000,15.038000,0.146000,121.790965,2690,43,0,23,88,176,0,0
44.196688,13.215000,119.000,15.038000,0.146000,121.791446,2690,43,0,23,88,176,0,0
44.200102,3.414000,119.000,15.038000,0.146000,121.791926,2690,43,0,23,88,176,0,0
44.213320,13.218000,119.000,15.038000,0.146000,121.792407,2690,43,0,23,88,176,0,0
44.216824,3.504000,119.000,15.038000,0.146000,121.792842,2690,43,0,23,88,176,0,0
44.230113,13.289000,119.000,15.038000,0.146000,121.793323,2690,43,0,23,88,176,0,0
44.233991,3.878000,119.000,15.038000,0.146000,121.793803,2690,43,0,23,88,176,0,0
44.246715,12.724000,119.000,15.038000,0.146000,121.794284,2690,43,0,23,88,176,0,0
44.248774,2.059000,119.000,15.038000,0.146000,121.794765,2690,43,0,23,88,176,0,0
44.263350,14.576000,119.000,15.038000,0.146000,121.795245,2690,43,0,23,88,176,0,0
44.265429,2.079000,119.000,15.038000,0.146000,121.795680,2690,43,0,23,88,176,0,0
44.280021,14.592000,119.000,15.038000,0.146000,121.796161,2690,43,0,23,88,176,0,0
44.282345,2.324000,119.000,15.038000,0.146000,121.796641,2690,43,0,23,88,176,0,0
44.295818,13.473000,119.000,15.038000,0.146000,121.797122,2690,43,0,23,88,176,0,0
44.298225,2.407000,119.000,15.038000,0.146000,121.797603,2690,43,0,23,88,176,0,0
44.313411,15.186000,119.000,15.038000,0.146000,121.798083,2690,43,0,23,88,176,0,0
44.315631,2.220000,119.000,15.038000,0.146000,121.798564,2690,43,0,23,88,176,0,0
44.330007,14.376000,119.000,15.038000,0.146000,121.799045,2690,43,0,23,88,176,0,0
44.332383,2.376000,119.000,15.038000,0.146000,121.799525,2690,43,0,23,88,176,0,0
44.346699,14.316000,119.000,15.038000,0.146000,121.800006,2690,43,0,23,88,176,0,0
44.351948,5.249000,119.000,15.038000,0.146000,121.800487,2690,43,0,23,88,176,0,0
44.363250,11.302000,119.000,15.038000,0.146000,121.800967,2690,43,0,23,88,176,0,0
44.366624,3.374000,119.000,15.038000,0.146000,121.801402,2690,43,0,23,88,176,0,0
44.380061,13.437000,119.000,15.038000,0.146000,121.801883,2690,43,0,23,88,176,0,0
44.384066,4.005000,119.000,15.038000,0.146000,121.802363,2690,43,0,23,88,176,0,0
44.396627,12.561000,119.000,15.038000,0.146000,121.802844,2690,43,0,23,88,176,0,0
44.399467,2.840000,119.000,15.038000,0.146000,121.803325,2690,43,0,23,88,176,0,0
44.413326,13.859000,120.000,15.118000,0.031000,121.803805,2690,43,0,23,88,176,0,0
44.416447,3.121000,120.000,15.118000,0.031000,121.804286,2690,43,0,23,88,176,0,0
44.429964,13.517000,120.000,15.118000,0.031000,121.804767,2690,43,0,23,88,176,0,0
44.433439,3.475000,120.000,15.118000,0.031000,121.805247,2690,43,0,23,88,176,0,0
44.446734,13.295000,120.000,15.118000,0.031000,121.805728,2690,43,0,23,88,176,0,0
44.450175,3.441000,120.000,15.118000,0.031000,121.806209,2690,43,0,23,88,176,0,0
44.462910,12.735000,120.000,15.118000,0.031000,121.806689,2690,43,0,23,88,176,0,0
44.466301,3.391000,120.000,15.118000,0.031000,121.807124,2690,43,0,23,88,176,0,0
44.479993,13.692000,120.000,15.118000,0.031000,121.807605,2690,43,0,23,88,176,0,0
44.483440,3.447000,120.000,15.118000,0.031000,121.808085,2690,43,0,23,88,176,0,0
44.496615,13.175000,120.000,15.118000,0.031000,121.808520,2690,43,0,23,88,176,0,0
44.499983,3.368000,120.000,15.118000,0.031000,121.809001,2690,43,0,23,88,176,0,0
44.513415,13.432000,120.000,15.118000,0.031000,121.809482,2690,43,0,23,88,176,0,0
44.516807,3.392000,120.000,15.118000,0.031000,121.809962,2690,43,0,23,88,176,0,0
44.530025,13.218000,120.000,15.118000,0.031000,121.810443,2690,43,0,23,88,176,0,0
44.533510,3.485000,120.000,15.118000,0.031000,121.810924,2690,43,0,23,88,176,0,0
44.546649,13.139000,120.000,15.118000,0.031000,121.811358,2690,43,0,23,88,176,0,0
44.549747,3.098000,120.000,15.118000,0.031000,121.811839,2690,43,0,23,88,176,0,0
44.563266,13.519000,120.000,15.118000,0.031000,121.812320,2690,43,0,23,88,176,0,0
44.566479,3.213000,120.000,15.118000,0.031000,121.812800,2690,43,0,23,88,176,0,0
44.579929,13.450000,120.000,15.118000,0.031000,121.813281,2690,43,0,23,88,176,0,0
44.583061,3.132000,120.000,15.118000,0.031000,121.813762,2690,43,0,23,88,176,0,0
44.596702,13.641000,120.000,15.118000,0.031000,121.814242,2690,43,0,23,88,176,0,0
44.599990,3.288000,120.000,15.118000,0.031000,121.814723,2690,43,0,23,88,176,0,0
44.613328,13.338000,120.000,15.118000,0.031000,121.815158,2690,43,0,23,88,176,0,0
44.616737,3.409000,120.000,15.118000,0.031000,121.815639,2690,43,0,23,88,176,0,0
44.629935,13.198000,120.000,15.118000,0.031000,121.816119,2690,43,0,23,88,176,0,0
44.633291,3.356000,120.000,15.118000,0.031000,121.816600,2690,43,0,23,88,176,0,0
44.646757,13.466000,120.000,15.118000,0.031000,121.817080,2690,43,0,23,88,176,0,0
44.650164,3.407000,120.000,15.118000,0.031000,121.817561,2690,43,0,23,88,176,0,0
44.663389,13.225000,120.000,15.118000,0.031000,121.818042,2690,43,0,23,88,176,0,0
44.666775,3.386000,120.000,15.118000,0.031000,121.818522,2690,43,0,23,88,176,0,0
44.680008,13.233000,120.000,15.118000,0.031000,121.819003,2690,43,0,23,88,176,0,0
44.683262,3.254000,120.000,15.118000,0.031000,121.819484,2690,43,0,23,88,176,0,0
44.696638,13.376000,120.000,15.118000,0.031000,121.819964,2690,43,0,23,88,176,0,0
44.699941,3.303000,120.000,15.118000,0.031000,121.820445,2690,43,0,23,88,176,0,0
44.712820,12.879000,120.000,15.118000,0.031000,121.820926,2690,43,0,23,88,176,0,0
44.715801,2.981000,120.000,15.118000,0.031000,121.821361,2690,43,0,23,88,176,0,0
44.729616,13.815000,120.000,15.118000,0.031000,121.821841,2690,43,0,23,88,176,0,0
44.732635,3.019000,120.000,15.118000,0.031000,121.822322,2690,43,0,23,88,176,0,0
44.746374,13.739000,120.000,15.118000,0.031000,121.822803,2690,43,0,23,88,176,0,0
44.750358,3.984000,120.000,15.118000,0.031000,121.823283,2690,43,0,23,88,176,0,0
44.762826,12.468000,120.000,15.118000,0.031000,121.823764,2690,43,0,23,88,176,0,0
44.765813,2.987000,120.000,15.118000,0.031000,121.824244,2690,43,0,23,88,176,0,0
44.779848,14.035000,120.000,15.118000,0.031000,121.824725,2690,43,0,23,88,176,0,0
44.783421,3.573000,120.000,15.118000,0.031000,121.825206,2690,43,0,23,88,176,0,0
44.796184,12.763000,120.000,15.118000,0.031000,121.825686,2690,43,0,23,88,176,0,0
44.799288,3.104000,120.000,15.118000,0.031000,121.826167,2690,43,0,23,88,176,0,0
44.812856,13.568000,120.000,15.118000,0.031000,121.826648,2690,43,0,23,88,176,0,0
44.815934,3.078000,120.000,15.118000,0.031000,121.827128,2690,43,0,23,88,176,0,0
44.829575,13.641000,120.000,15.118000,0.031000,121.827609,2690,43,0,23,88,176,0,0
44.832639,3.064000,120.000,15.118000,0.031000,121.828090,2690,43,0,23,88,176,0,0
44.846333,13.694000,120.000,15.118000,0.031000,121.828570,2690,43,0,23,88,176,0,0
44.849534,3.201000,120.000,15.118000,0.031000,121.829051,2690,43,0,23,88,176,0,0
44.862627,13.093000,120.000,15.118000,0.031000,121.829532,2690,43,0,23,88,176,0,0
44.865727,3.100000,120.000,15.118000,0.031000,121.830012,2690,43,0,23,88,176,0,0
44.879914,14.187000,120.000,15.118000,0.031000,121.830493,2690,43,0,23,88,176,0,0
44.883356,3.442000,120.000,15.118000,0.031000,121.830974,2690,43,0,23,88,176,0,0
44.896539,13.183000,120.000,15.118000,0.031000,121.831454,2690,43,0,23,88,176,0,0
44.898582,2.043000,120.000,15.118000,0.031000,121.831935,2690,43,0,23,88,176,0,0
44.913312,14.730000,120.000,15.118000,0.031000,121.832416,2690,43,0,23,88,176,0,0
44.918272,4.960000,120.000,15.118000,0.031000,121.832896,2690,43,0,23,88,176,0,0
44.930025,11.753000,120.000,15.118000,0.031000,121.833377,2690,43,0,23,88,176,0,0
44.931856,1.831000,120.000,15.118000,0.031000,121.833858,2690,43,0,23,88,176,0,0
44.946724,14.868000,120.000,15.118000,0.031000,121.834338,2690,43,0,23,88,176,0,0
44.948744,2.020000,120.000,15.118000,0.031000,121.834819,2690,43,0,23,88,176,0,0
44.963341,14.597000,120.000,15.118000,0.031000,121.835299,2690,43,0,23,88,176,0,0
44.965341,2.000000,120.000,15.118000,0.031000,121.835780,2690,43,0,23,88,176,0,0
44.979240,13.899000,120.000,15.118000,0.031000,121.836261,2690,43,0,23,88,176,0,0
44.981802,2.562000,120.000,15.118000,0.031000,121.836696,2690,43,0,23,88,176,0,0
44.996779,14.977000,120.000,15.118000,0.031000,121.837176,2690,43,0,23,88,176,0,0
44.999058,2.279000,120.000,15.118000,0.031000,121.858233,2690,43,0,23,88,176,0,0
45.013214,14.156000,120.000,15.118000,0.031000,122.661197,2690,43,0,23,88,176,0,0
45.016179,2.965000,120.000,15.118000,0.031000,122.661677,2690,43,0,23,88,176,0,0
45.029996,13.817000,120.000,15.118000,0.031000,122.662158,2690,43,0,23,88,176,0,0
45.033414,3.418000,120.000,15.118000,0.031000,122.662639,2690,43,0,23,88,176,0,0
45.046621,13.207000,120.000,15.118000,0.031000,122.663119,2690,43,0,23,88,176,0,0
45.049964,3.343000,120.000,15.118000,0.031000,122.663600,2690,43,0,23,88,176,0,0
45.063261,13.297000,120.000,15.118000,0.031000,122.664081,2690,43,0,23,88,176,0,0
45.066714,3.453000,120.000,15.118000,0.031000,122.664561,2690,43,0,23,88,176,0,0
45.080039,13.325000,120.000,15.118000,0.031000,122.665042,2690,43,0,23,88,176,0,0
45.083420,3.381000,120.000,15.118000,0.031000,122.665523,2690,43,0,23,88,176,0,0
45.096651,13.231000,120.000,15.118000,0.031000,122.665957,2690,43,0,23,88,176,0,0
45.100078,3.427000,120.000,15.118000,0.031000,122.666438,2690,43,0,23,88,176,0,0
45.113338,13.260000,120.000,15.118000,0.031000,122.666919,2690,43,0,23,88,176,0,0
45.116715,3.377000,120.000,15.118000,0.031000,122.667399,2690,43,0,23,88,176,0,0
45.129947,13.232000,120.000,15.118000,0.031000,122.667880,2690,43,0,23,88,176,0,0
45.133406,3.459000,120.000,15.118000,0.031000,122.668361,2690,43,0,23,88,176,0,0
45.146698,13.292000,120.000,15.118000,0.031000,122.668841,2690,43,0,23,88,176,0,0
45.150113,3.415000,120.000,15.118000,0.031000,122.669322,2690,43,0,23,88,176,0,0
45.163332,13.219000,120.000,15.118000,0.031000,122.669803,2690,43,0,23,88,176,0,0
45.166877,3.545000,120.000,15.118000,0.031000,122.670283,2690,43,0,23,88,176,0,0
45.179928,13.051000,120.000,15.118000,0.031000,122.670764,2690,43,0,23,88,176,0,0
45.183356,3.428000,120.000,15.118000,0.031000,122.671245,2690,43,0,23,88,176,0,0
45.196031,12.675000,120.000,15.118000,0.031000,122.671725,2690,43,0,23,88,176,0,0
45.199350,3.319000,120.000,15.118000,0.031000,122.672206,2690,43,0,23,88,176,0,0
45.212914,13.564000,120.000,15.118000,0.031000,122.672641,2690,43,0,23,88,176,0,0
45.216514,3.600000,120.000,15.118000,0.031000,122.673121,2690,43,0,23,88,176,0,0
45.229545,13.031000,120.000,15.118000,0.031000,122.673602,2690,43,0,23,88,176,0,0
45.232930,3.385000,120.000,15.118000,0.031000,122.674083,2690,43,0,23,88,176,0,0
45.246440,13.510000,120.000,15.118000,0.031000,122.674518,2690,43,0,23,88,176,0,0
45.249911,3.471000,120.000,15.118000,0.031000,122.674953,2690,43,0,23,88,176,0,0
45.263304,13.393000,120.000,15.118000,0.031000,122.675433,2690,43,0,23,88,176,0,0
45.265327,2.023000,120.000,15.118000,0.031000,122.675914,2690,43,0,23,88,176,0,0
45.280082,14.755000,120.000,15.118000,0.031000,122.676394,2690,43,0,23,88,176,0,0
45.282173,2.091000,120.000,15.118000,0.031000,122.676875,2690,43,0,23,88,176,0,0
45.296690,14.517000,120.000,15.118000,0.031000,122.677356,2690,43,0,23,88,176,0,0
45.299118,2.428000,120.000,15.118000,0.031000,122.677791,2690,43,0,23,88,176,0,0
45.313310,14.192000,120.000,15.118000,0.031000,122.678271,2690,43,0,23,88,176,0,0
45.315522,2.212000,120.000,15.118000,0.031000,122.678706,2690,43,0,23,88,176,0,0
45.329987,14.465000,120.000,15.118000,0.031000,122.679187,2690,43,0,23,88,176,0,0
45.332235,2.248000,120.000,15.118000,0.031000,122.679667,2690,43,0,23,88,176,0,0
45.346751,14.516000,120.000,15.118000,0.031000,122.680148,2690,43,0,23,88,176,0,0
45.349024,2.273000,120.000,15.118000,0.031000,122.680629,2690,43,0,23,88,176,0,0
45.363395,14.371000,120.000,15.118000,0.031000,122.681109,2690,43,0,23,88,176,0,0
45.365709,2.314000,120.000,15.118000,0.031000,122.681590,2690,43,0,23,88,176,0,0
45.380004,14.295000,120.000,15.118000,0.031000,122.682071,2690,43,0,23,88,176,0,0
45.382943,2.939000,120.000,15.118000,0.031000,122.682551,2690,43,0,23,88,176,0,0
45.396632,13.689000,120.000,15.118000,0.031000,122.683032,2690,43,0,23,88,176,0,0
45.400192,3.560000,120.000,15.118000,0.031000,122.683513,2690,43,0,23,88,176,0,0
45.412935,12.743000,120.000,14.896000,0.030000,122.683993,2690,43,0,23,88,176,0,0
45.416365,3.430000,120.000,14.896000,0.030000,122.684474,2690,43,0,23,88,176,0,0
45.429986,13.621000,120.000,14.896000,0.030000,122.684955,2690,43,0,23,88,176,0,0
45.433504,3.518000,120.000,14.896000,0.030000,122.685435,2690,43,0,23,88,176,0,0
45.446652,13.148000,120.000,14.896000,0.030000,122.685916,2690,43,0,23,88,176,0,0
45.450127,3.475000,120.000,14.896000,0.030000,122.686397,2690,43,0,23,88,176,0,0
45.463330,13.203000,120.000,14.896000,0.030000,122.686877,2690,43,0,23,88,176,0,0
45.466864,3.534000,120.000,14.896000,0.030000,122.687312,2690,43,0,23,88,176,0,0
45.479154,12.290000,120.000,14.896000,0.030000,122.687793,2690,43,0,23,88,176,0,0
45.481753,2.599000,120.000,14.896000,0.030000,122.688273,2690,43,0,23,88,176,0,0
45.496751,14.998000,120.000,14.896000,0.030000,122.688754,2690,43,0,23,88,176,0,0
45.499404,2.653000,120.000,14.896000,0.030000,122.689235,2690,43,0,23,88,176,0,0
45.513373,13.969000,120.000,14.896000,0.030000,122.689715,2690,43,0,23,88,176,0,0
45.515646,2.273000,120.000,14.896000,0.030000,122.690196,2690,43,0,23,88,176,0,0
45.529980,14.334000,120.000,14.896000,0.030000,122.690677,2690,43,0,23,88,176,0,0
45.532643,2.663000,120.000,14.896000,0.030000,122.691112,2690,43,0,23,88,176,0,0
45.546567,13.924000,120.000,14.896000,0.030000,122.691592,2690,43,0,23,88,176,0,0
45.549554,2.987000,120.000,14.896000,0.030000,122.692073,2690,43,0,23,88,176,0,0
45.563407,13.853000,120.000,14.896000,0.030000,122.692554,2690,43,0,23,88,176,0,0
45.565678,2.271000,120.000,14.896000,0.030000,122.693034,2690,43,0,23,88,176,0,0
45.580046,14.368000,120.000,14.896000,0.030000,122.693515,2690,43,0,23,88,176,0,0
45.582640,2.594000,120.000,14.896000,0.030000,122.693995,2690,43,0,23,88,176,0,0
45.596647,14.007000,120.000,14.896000,0.030000,122.694430,2690,43,0,23,88,176,0,0
45.599610,2.963000,120.000,14.896000,0.030000,122.694911,2690,43,0,23,88,176,0,0
45.613278,13.668000,120.000,14.896000,0.030000,122.695346,2690,43,0,23,88,176,0,0
45.616835,3.557000,120.000,14.896000,0.030000,122.695827,2690,43,0,23,88,176,0,0
45.630026,13.191000,120.000,14.896000,0.030000,122.696307,2690,43,0,23,88,176,0,0
45.633477,3.451000,120.000,14.896000,0.030000,122.696788,2690,43,0,23,88,176,0,0
45.646301,12.824000,120.000,14.896000,0.030000,122.697268,2690,43,0,23,88,176,0,0
45.649782,3.481000,120.000,14.896000,0.030000,122.697749,2690,43,0,23,88,176,0,0
45.663044,13.262000,120.000,14.896000,0.030000,122.698230,2690,43,0,23,88,176,0,0
45.666475,3.431000,120.000,14.896000,0.030000,122.698710,2690,43,0,23,88,176,0,0
45.679904,13.429000,120.000,14.896000,0.030000,122.699191,2690,43,0,23,88,176,0,0
45.683299,3.395000,120.000,14.896000,0.030000,122.699672,2690,43,0,23,88,176,0,0
45.696686,13.387000,120.000,14.896000,0.030000,122.700152,2690,43,0,23,88,176,0,0
45.700072,3.386000,120.000,14.896000,0.030000,122.700633,2690,43,0,23,88,176,0,0
45.713359,13.287000,120.000,14.896000,0.030000,122.701114,2690,43,0,23,88,176,0,0
45.716328,2.969000,120.000,14.896000,0.030000,122.701594,2690,43,0,23,88,176,0,0
45.729953,13.625000,120.000,14.896000,0.030000,122.702075,2690,43,0,23,88,176,0,0
45.732703,2.750000,120.000,14.896000,0.030000,122.702556,2690,43,0,23,88,176,0,0
45.746584,13.881000,120.000,14.896000,0.030000,122.703036,2690,43,0,23,88,176,0,0
45.749602,3.018000,120.000,14.896000,0.030000,122.703517,2690,43,0,23,88,176,0,0
45.763360,13.758000,120.000,14.896000,0.030000,122.703998,2690,43,0,23,88,176,0,0
45.766319,2.959000,120.000,14.896000,0.030000,122.704432,2690,43,0,23,88,176,0,0
45.779997,13.678000,120.000,14.896000,0.030000,122.704913,2690,43,0,23,88,176,0,0
45.783418,3.421000,120.000,14.896000,0.030000,122.705394,2690,43,0,23,88,176,0,0
45.796651,13.233000,120.000,14.896000,0.030000,122.705874,2690,43,0,23,88,176,0,0
45.800245,3.594000,120.000,14.896000,0.030000,122.706355,2690,43,0,23,88,176,0,0
45.813251,13.006000,120.000,14.896000,0.030000,122.706836,2690,43,0,23,88,176,0,0
45.816782,3.531000,120.000,14.896000,0.030000,122.707316,2690,43,0,23,88,176,0,0
45.830092,13.310000,120.000,14.896000,0.030000,122.707797,2690,43,0,23,88,176,0,0
45.833665,3.573000,120.000,14.896000,0.030000,122.708278,2690,43,0,23,88,176,0,0
45.846701,13.036000,120.000,14.896000,0.030000,122.708758,2690,43,0,23,88,176,0,0
45.850237,3.536000,120.000,14.896000,0.030000,122.709239,2690,43,0,23,88,176,0,0
45.863323,13.086000,120.000,14.896000,0.030000,122.709720,2690,43,0,23,88,176,0,0
45.866892,3.569000,120.000,14.896000,0.030000,122.710200,2690,43,0,23,88,176,0,0
45.879982,13.090000,120.000,14.896000,0.030000,122.710681,2690,43,0,23,88,176,0,0
45.883473,3.491000,120.000,14.896000,0.030000,122.711162,2690,43,0,23,88,176,0,0
45.896760,13.287000,120.000,14.896000,0.030000,122.711642,2690,43,0,23,88,176,0,0
45.900326,3.566000,120.000,14.896000,0.030000,122.712077,2690,43,0,23,88,176,0,0
45.913366,13.040000,120.000,14.896000,0.030000,122.712558,2690,43,0,23,88,176,0,0
45.916839,3.473000,120.000,14.896000,0.030000,122.713038,2690,43,0,23,88,176,0,0
45.929989,13.150000,120.000,14.896000,0.030000,122.713519,2690,43,0,23,88,176,0,0
45.933528,3.539000,120.000,14.896000,0.030000,122.714000,2690,43,0,23,88,176,0,0
45.946615,13.087000,120.000,14.896000,0.030000,122.714480,2690,43,0,23,88,176,0,0
45.950134,3.519000,120.000,14.896000,0.030000,122.714961,2690,43,0,23,88,176,0,0
45.963218,13.084000,120.000,14.896000,0.030000,122.715442,2690,43,0,23,88,176,0,0
45.966686,3.468000,120.000,14.896000,0.030000,122.715922,2690,43,0,23,88,176,0,0
45.980017,13.331000,120.000,14.896000,0.030000,122.716403,2690,43,0,23,88,176,0,0
45.983526,3.509000,120.000,14.896000,0.030000,122.716884,2690,43,0,23,88,176,0,0
45.996695,13.169000,120.000,14.896000,0.030000,122.717364,2690,43,0,23,88,176,0,0
46.001687,4.992000,120.000,14.896000,0.030000,122.717845,2690,43,0,23,88,176,0,0
46.013289,11.602000,120.000,14.896000,0.030000,122.718326,2690,43,0,23,88,176,0,0
46.016611,3.322000,120.000,14.896000,0.030000,122.718806,2690,43,0,23,88,176,0,0
46.029912,13.301000,120.000,14.896000,0.030000,122.719287,2690,43,0,23,88,176,0,0
46.033297,3.385000,120.000,14.896000,0.030000,122.719768,2690,43,0,23,88,176,0,0
46.046702,13.405000,120.000,14.896000,0.030000,122.720248,2690,43,0,23,88,176,0,0
46.050119,3.417000,120.000,14.896000,0.030000,122.720729,2690,43,0,23,88,176,0,0
46.063310,13.191000,120.000,14.896000,0.030000,122.721210,2690,43,0,23,88,176,0,0
46.066752,3.442000,120.000,14.896000,0.030000,122.721644,2690,43,0,23,88,176,0,0
46.079958,13.206000,120.000,14.896000,0.030000,122.722125,2690,43,0,23,88,176,0,0
46.083396,3.438000,120.000,14.896000,0.030000,122.722606,2690,43,0,23,88,176,0,0
46.096582,13.186000,120.000,14.896000,0.030000,122.723086,2690,43,0,23,88,176,0,0
46.100083,3.501000,120.000,14.896000,0.030000,122.723567,2690,43,0,23,88,176,0,0
46.113338,13.255000,120.000,14.896000,0.030000,122.724048,2690,43,0,23,88,176,0,0
46.116786,3.448000,120.000,14.896000,0.030000,122.724528,2690,43,0,23,88,176,0,0
46.129824,13.038000,120.000,14.896000,0.030000,122.725009,2690,43,0,23,88,176,0,0
46.133347,3.523000,120.000,14.896000,0.030000,122.725490,2690,43,0,23,88,176,0,0
46.146646,13.299000,120.000,14.896000,0.030000,122.725970,2690,43,0,23,88,176,0,0
46.149780,3.134000,120.000,14.896000,0.030000,122.726451,2690,43,0,23,88,176,0,0
46.163670,13.890000,120.000,14.896000,0.030000,122.726886,2690,43,0,23,88,176,0,0
46.180054,16.384000,120.000,14.896000,0.030000,122.727321,2690,43,0,23,88,176,0,0
46.183515,3.461000,120.000,14.896000,0.030000,122.727801,2690,43,0,23,88,176,0,0
46.196658,13.143000,120.000,14.896000,0.030000,122.728282,2690,43,0,23,88,176,0,0
46.200159,3.501000,120.000,14.896000,0.030000,122.728763,2690,43,0,23,88,176,0,0
46.213315,13.156000,120.000,14.896000,0.030000,122.729243,2690,43,0,23,88,176,0,0
46.216923,3.608000,120.000,14.896000,0.030000,122.729724,2690,43,0,23,88,176,0,0
46.229880,12.957000,120.000,14.896000,0.030000,122.730205,2690,43,0,23,88,176,0,0
46.233355,3.475000,120.000,14.896000,0.030000,122.730639,2690,43,0,23,88,176,0,0
46.246698,13.343000,120.000,14.896000,0.030000,122.731120,2690,43,0,23,88,176,0,0
46.250159,3.461000,120.000,14.896000,0.030000,122.731601,2690,43,0,23,88,176,0,0
46.263342,13.183000,120.000,14.896000,0.030000,122.732081,2690,43,0,23,88,176,0,0
46.266545,3.203000,120.000,14.896000,0.030000,122.732562,2690,43,0,23,88,176,0,0
46.279989,13.444000,120.000,14.896000,0.030000,122.733043,2690,43,0,23,88,176,0,0
46.283362,3.373000,120.000,14.896000,0.030000,122.733523,2690,43,0,23,88,176,0,0
46.296336,12.974000,120.000,14.896000,0.030000,122.734004,2690,43,0,23,88,176,0,0
46.299496,3.160000,120.000,14.896000,0.030000,122.734485,2690,43,0,23,88,176,0,0
46.312901,13.405000,120.000,14.896000,0.030000,122.734965,2690,43,0,23,88,176,0,0
46.315965,3.064000,120.000,14.896000,0.030000,122.735446,2690,43,0,23,88,176,0,0
46.329367,13.402000,120.000,14.896000,0.030000,122.735927,2690,43,0,23,88,176,0,0
46.332359,2.992000,120.000,14.896000,0.030000,122.736407,2690,43,0,23,88,176,0,0
46.346066,13.707000,120.000,14.896000,0.030000,122.736888,2690,43,0,23,88,176,0,0
46.349020,2.954000,120.000,14.896000,0.030000,122.737369,2690,43,0,23,88,176,0,0
46.362793,13.773000,120.000,14.896000,0.030000,122.737803,2690,43,0,23,88,176,0,0
46.365838,3.045000,120.000,14.896000,0.030000,122.738284,2690,43,0,23,88,176,0,0
46.379429,13.591000,120.000,14.896000,0.030000,122.738765,2690,43,0,23,88,176,0,0
46.382468,3.039000,120.000,14.896000,0.030000,122.739245,2690,43,0,23,88,176,0,0
46.396110,13.642000,120.000,14.896000,0.030000,122.739726,2690,43,0,23,88,176,0,0
46.399286,3.176000,120.000,14.896000,0.030000,122.740161,2690,43,0,23,88,176,0,0
46.412680,13.394000,119.000,16.332000,0.030000,122.740642,2690,43,0,23,88,176,0,0
46.415930,3.250000,119.000,16.332000,0.030000,122.741076,2690,43,0,23,88,176,0,0
46.429490,13.560000,119.000,16.332000,0.030000,122.741511,2690,43,0,23,88,176,0,0
46.432641,3.151000,119.000,16.332000,0.030000,122.741946,2690,43,0,23,88,176,0,0
46.446183,13.542000,119.000,16.332000,0.030000,122.742427,2690,43,0,23,88,176,0,0
46.449252,3.069000,119.000,16.332000,0.030000,122.742908,2690,43,0,23,88,176,0,0
46.462512,13.260000,119.000,16.332000,0.030000,122.743388,2690,43,0,23,88,176,0,0
46.465615,3.103000,119.000,16.332000,0.030000,122.743869,2690,43,0,23,88,176,0,0
46.479480,13.865000,119.000,16.332000,0.030000,122.744349,2690,43,0,23,88,176,0,0
46.482983,3.503000,119.000,16.332000,0.030000,122.744784,2690,43,0,23,88,176,0,0
46.496224,13.241000,119.000,16.332000,0.030000,122.745265,2690,43,0,23,88,176,0,0
46.499407,3.183000,119.000,16.332000,0.030000,122.745746,2690,43,0,23,88,176,0,0
46.512844,13.437000,119.000,16.332000,0.030000,122.746226,2690,43,0,23,88,176,0,0
46.515905,3.061000,119.000,16.332000,0.030000,122.746707,2690,43,0,23,88,176,0,0
46.529280,13.375000,119.000,16.332000,0.030000,122.747188,2690,43,0,23,88,176,0,0
46.532435,3.155000,119.000,16.332000,0.030000,122.747622,2690,43,0,23,88,176,0,0
46.546175,13.740000,119.000,16.332000,0.030000,122.748103,2690,43,0,23,88,176,0,0
46.549353,3.178000,119.000,16.332000,0.030000,122.748584,2690,43,0,23,88,176,0,0
46.563171,13.818000,119.000,16.332000,0.030000,122.749064,2690,43,0,23,88,176,0,0
46.566556,3.385000,119.000,16.332000,0.030000,122.749545,2690,43,0,23,88,176,0,0
46.579798,13.242000,119.000,16.332000,0.030000,122.750026,2690,43,0,23,88,176,0,0
46.581864,2.066000,119.000,16.332000,0.030000,122.750506,2690,43,0,23,88,176,0,0
46.596615,14.751000,119.000,16.332000,0.030000,122.750987,2690,43,0,23,88,176,0,0
46.598701,2.086000,119.000,16.332000,0.030000,122.751468,2690,43,0,23,88,176,0,0
46.613337,14.636000,119.000,16.332000,0.030000,122.751948,2690,43,0,23,88,176,0,0
46.615735,2.398000,119.000,16.332000,0.030000,122.752429,2690,43,0,23,88,176,0,0
46.630145,14.410000,119.000,16.332000,0.030000,122.752910,2690,43,0,23,88,176,0,0
46.632535,2.390000,119.000,16.332000,0.030000,122.753390,2690,43,0,23,88,176,0,0
46.646757,14.222000,119.000,16.332000,0.030000,122.753871,2690,43,0,23,88,176,0,0
46.649098,2.341000,119.000,16.332000,0.030000,122.754352,2690,43,0,23,88,176,0,0
46.663349,14.251000,119.000,16.332000,0.030000,122.754832,2690,43,0,23,88,176,0,0
46.665642,2.293000,119.000,16.332000,0.030000,122.755313,2690,43,0,23,88,176,0,0
46.680000,14.358000,119.000,16.332000,0.030000,122.755794,2690,43,0,23,88,176,0,0
46.682267,2.267000,119.000,16.332000,0.030000,122.756274,2690,43,0,23,88,176,0,0
46.696645,14.378000,119.000,16.332000,0.030000,122.756755,2690,43,0,23,88,176,0,0
46.699746,3.101000,119.000,16.332000,0.030000,122.757236,2690,43,0,23,88,176,0,0
46.713246,13.500000,119.000,16.332000,0.030000,122.757716,2690,43,0,23,88,176,0,0
46.716768,3.522000,119.000,16.332000,0.030000,122.758197,2690,43,0,23,88,176,0,0
46.730039,13.271000,119.000,16.332000,0.030000,122.758677,2690,43,0,23,88,176,0,0
46.734353,4.314000,119.000,16.332000,0.030000,122.759158,2690,43,0,23,88,176,0,0
46.746653,12.300000,119.000,16.332000,0.030000,122.759639,2690,43,0,23,88,176,0,0
46.750036,3.383000,119.000,16.332000,0.030000,122.760119,2690,43,0,23,88,176,0,0
46.763316,13.280000,119.000,16.332000,0.030000,122.760600,2690,43,0,23,88,176,0,0
46.765394,2.078000,119.000,16.332000,0.030000,122.761081,2690,43,0,23,88,176,0,0
46.779940,14.546000,119.000,16.332000,0.030000,122.761561,2690,43,0,23,88,176,0,0
46.782069,2.129000,119.000,16.332000,0.030000,122.761996,2690,43,0,23,88,176,0,0
46.795750,13.681000,119.000,16.332000,0.030000,122.762477,2690,43,0,23,88,176,0,0
46.798228,2.478000,119.000,16.332000,0.030000,122.762912,2690,43,0,23,88,176,0,0
46.812805,14.577000,119.000,16.332000,0.030000,122.763392,2690,43,0,23,88,176,0,0
46.814951,2.146000,119.000,16.332000,0.030000,122.763873,2690,43,0,23,88,176,0,0
46.829523,14.572000,119.000,16.332000,0.030000,122.764354,2690,43,0,23,88,176,0,0
46.831708,2.185000,119.000,16.332000,0.030000,122.764834,2690,43,0,23,88,176,0,0
46.846374,14.666000,119.000,16.332000,0.030000,122.765315,2690,43,0,23,88,176,0,0
46.848776,2.402000,119.000,16.332000,0.030000,122.765796,2690,43,0,23,88,176,0,0
46.862919,14.143000,119.000,16.332000,0.030000,122.766276,2690,43,0,23,88,176,0,0
46.865067,2.148000,119.000,16.332000,0.030000,122.766757,2690,43,0,23,88,176,0,0
46.879682,14.615000,119.000,16.332000,0.030000,122.767238,2690,43,0,23,88,176,0,0
46.883037,3.355000,119.000,16.332000,0.030000,122.767718,2690,43,0,23,88,176,0,0
46.896618,13.581000,119.000,16.332000,0.030000,122.768199,2690,43,0,23,88,176,0,0
46.900819,4.201000,119.000,16.332000,0.030000,122.768680,2690,43,0,23,88,176,0,0
46.913028,12.209000,119.000,16.332000,0.030000,122.769160,2690,43,0,23,88,176,0,0
46.916344,3.316000,119.000,16.332000,0.030000,122.769641,2690,43,0,23,88,176,0,0
46.929686,13.342000,119.000,16.332000,0.030000,122.770122,2690,43,0,23,88,176,0,0
46.933002,3.316000,119.000,16.332000,0.030000,122.770602,2690,43,0,23,88,176,0,0
46.946481,13.479000,119.000,16.332000,0.030000,122.771083,2690,43,0,23,88,176,0,0
46.951882,5.401000,119.000,16.332000,0.030000,122.771564,2690,43,0,23,88,176,0,0
46.963302,11.420000,119.000,16.332000,0.030000,122.772044,2690,43,0,23,88,176,0,0
46.966714,3.412000,119.000,16.332000,0.030000,122.772525,2690,43,0,23,88,176,0,0
46.979926,13.212000,119.000,16.332000,0.030000,122.773005,2690,43,0,23,88,176,0,0
46.982136,2.210000,119.000,16.332000,0.030000,122.773486,2690,43,0,23,88,176,0,0
46.996500,14.364000,119.000,16.332000,0.030000,122.773967,2690,43,0,23,88,176,0,0
46.998811,2.311000,119.000,16.332000,0.030000,122.774379,2690,43,0,23,88,176,0,0
47.013153,14.342000,119.000,16.332000,0.030000,122.774859,2690,43,0,23,88,176,0,0
47.015161,2.008000,119.000,16.332000,0.030000,122.775340,2690,43,0,23,88,176,0,0
47.029069,13.908000,119.000,16.332000,0.030000,122.775821,2690,43,0,23,88,176,0,0
47.031832,2.763000,119.000,16.332000,0.030000,122.776301,2690,43,0,23,88,176,0,0
47.046550,14.718000,119.000,16.332000,0.030000,122.776782,2690,43,0,23,88,176,0,0
47.048801,2.251000,119.000,16.332000,0.030000,122.777217,2690,43,0,23,88,176,0,0
47.063215,14.414000,119.000,16.332000,0.030000,122.777698,2690,43,0,23,88,176,0,0
47.068609,5.394000,119.000,16.332000,0.030000,122.778178,2690,43,0,23,88,176,0,0
47.079177,10.568000,119.000,16.332000,0.030000,122.778659,2690,43,0,23,88,176,0,0
47.081811,2.634000,119.000,16.332000,0.030000,122.779140,2690,43,0,23,88,176,0,0
47.096634,14.823000,119.000,16.332000,0.030000,122.779620,2690,43,0,23,88,176,0,0
47.099647,3.013000,119.000,16.332000,0.030000,122.780101,2690,43,0,23,88,176,0,0
47.113212,13.565000,119.000,16.332000,0.030000,122.780581,2690,43,0,23,88,176,0,0
47.116602,3.390000,119.000,16.332000,0.030000,122.781062,2690,43,0,23,88,176,0,0
47.129879,13.277000,119.000,16.332000,0.030000,122.781543,2690,43,0,23,88,176,0,0
47.133245,3.366000,119.000,16.332000,0.030000,122.782023,2690,43,0,23,88,176,0,0
47.146686,13.441000,119.000,16.332000,0.030000,122.782504,2690,43,0,23,88,176,0,0
47.148741,2.055000,119.000,16.332000,0.030000,122.782985,2690,43,0,23,88,176,0,0
47.163310,14.569000,119.000,16.332000,0.030000,122.783465,2690,43,0,23,88,176,0,0
47.165482,2.172000,119.000,16.332000,0.030000,122.783900,2690,43,0,23,88,176,0,0
47.179949,14.467000,119.000,16.332000,0.030000,122.784381,2690,43,0,23,88,176,0,0
47.182017,2.068000,119.000,16.332000,0.030000,122.784862,2690,43,0,23,88,176,0,0
47.196572,14.555000,119.000,16.332000,0.030000,122.785342,2690,43,0,23,88,176,0,0
47.198862,2.290000,119.000,16.332000,0.030000,122.785823,2690,43,0,23,88,176,0,0
47.212520,13.658000,119.000,16.332000,0.030000,122.786304,2690,43,0,23,88,176,0,0
47.215384,2.864000,119.000,16.332000,0.030000,122.786738,2690,43,0,23,88,176,0,0
47.230023,14.639000,119.000,16.332000,0.030000,122.787219,2690,43,0,23,88,176,0,0
47.232539,2.516000,119.000,16.332000,0.030000,122.787700,2690,43,0,23,88,176,0,0
47.246634,14.095000,119.000,16.332000,0.030000,122.788180,2690,43,0,23,88,176,0,0
47.249136,2.502000,119.000,16.332000,0.030000,122.788661,2690,43,0,23,88,176,0,0
47.263224,14.088000,119.000,16.332000,0.030000,122.789142,2690,43,0,23,88,176,0,0
47.266278,3.054000,119.000,16.332000,0.030000,122.789622,2690,43,0,23,88,176,0,0
47.280039,13.761000,119.000,16.332000,0.030000,122.790103,2690,43,0,23,88,176,0,0
47.285767,5.728000,119.000,16.332000,0.030000,122.790584,2690,43,0,23,88,176,0,0
47.295919,10.152000,119.000,16.332000,0.030000,122.791064,2690,43,0,23,88,176,0,0
47.298957,3.038000,119.000,16.332000,0.030000,122.791545,2690,43,0,23,88,176,0,0
47.313231,14.274000,119.000,16.332000,0.030000,122.792026,2690,43,0,23,88,176,0,0
47.316583,3.352000,119.000,16.332000,0.030000,122.792506,2690,43,0,23,88,176,0,0
47.329881,13.298000,119.000,16.332000,0.030000,122.792987,2690,43,0,23,88,176,0,0
47.333488,3.607000,119.000,16.332000,0.030000,122.793468,2690,43,0,23,88,176,0,0
47.346662,13.174000,119.000,16.332000,0.030000,122.793948,2690,43,0,23,88,176,0,0
47.350132,3.470000,119.000,16.332000,0.030000,122.794429,2690,43,0,23,88,176,0,0
47.363288,13.156000,119.000,16.332000,0.030000,122.794909,2690,43,0,23,88,176,0,0
47.366755,3.467000,119.000,16.332000,0.030000,122.795390,2690,43,0,23,88,176,0,0
47.379935,13.180000,119.000,16.332000,0.030000,122.795871,2690,43,0,23,88,176,0,0
47.383400,3.465000,119.000,16.332000,0.030000,122.796351,2690,43,0,23,88,176,0,0
47.396580,13.180000,119.000,16.332000,0.030000,122.796752,2690,43,0,23,88,176,0,0
47.400115,3.535000,119.000,16.332000,0.030000,122.797187,2690,43,0,23,88,176,0,0
47.413211,13.096000,120.000,14.781000,0.028000,122.797668,2690,43,0,23,88,176,0,0
47.416652,3.441000,120.000,14.781000,0.028000,122.798148,2690,43,0,23,88,176,0,0
47.429976,13.324000,120.000,14.781000,0.028000,122.798629,2690,43,0,23,88,176,0,0
47.433427,3.451000,120.000,14.781000,0.028000,122.799109,2690,43,0,23,88,176,0,0
47.446602,13.175000,120.000,14.781000,0.028000,122.799590,2690,43,0,23,88,176,0,0
47.450035,3.433000,120.000,14.781000,0.028000,122.800071,2690,43,0,23,88,176,0,0
47.463270,13.235000,120.000,14.781000,0.028000,122.800551,2690,43,0,23,88,176,0,0
47.469422,6.152000,120.000,14.781000,0.028000,122.800986,2690,43,0,23,88,176,0,0
47.479410,9.988000,120.000,14.781000,0.028000,122.801467,2690,43,0,23,88,176,0,0
47.482946,3.536000,120.000,14.781000,0.028000,122.801902,2690,43,0,23,88,176,0,0
47.496228,13.282000,120.000,14.781000,0.028000,122.802382,2690,43,0,23,88,176,0,0
47.499632,3.404000,120.000,14.781000,0.028000,122.802863,2690,43,0,23,88,176,0,0
47.513282,13.650000,120.000,14.781000,0.028000,122.803344,2690,43,0,23,88,176,0,0
47.516797,3.515000,120.000,14.781000,0.028000,122.803824,2690,43,0,23,88,176,0,0
47.529908,13.111000,120.000,14.781000,0.028000,122.804305,2690,43,0,23,88,176,0,0
47.533312,3.404000,120.000,14.781000,0.028000,122.804786,2690,43,0,23,88,176,0,0
47.546551,13.239000,120.000,14.781000,0.028000,122.805266,2690,43,0,23,88,176,0,0
47.550060,3.509000,120.000,14.781000,0.028000,122.805747,2690,43,0,23,88,176,0,0
47.563336,13.276000,120.000,14.781000,0.028000,122.806182,2690,43,0,23,88,176,0,0
47.566778,3.442000,120.000,14.781000,0.028000,122.806663,2690,43,0,23,88,176,0,0
47.579947,13.169000,120.000,14.781000,0.028000,122.807143,2690,43,0,23,88,176,0,0
47.583379,3.432000,120.000,14.781000,0.028000,122.807624,2690,43,0,23,88,176,0,0
47.596599,13.220000,120.000,14.781000,0.028000,122.808105,2690,43,0,23,88,176,0,0
47.600025,3.426000,120.000,14.781000,0.028000,122.808585,2690,43,0,23,88,176,0,0
47.613225,13.200000,120.000,14.781000,0.028000,122.809066,2690,43,0,23,88,176,0,0
47.616747,3.522000,120.000,14.781000,0.028000,122.809546,2690,43,0,23,88,176,0,0
47.630031,13.284000,120.000,14.781000,0.028000,122.810027,2690,43,0,23,88,176,0,0
47.633442,3.411000,120.000,14.781000,0.028000,122.810508,2690,43,0,23,88,176,0,0
47.646110,12.668000,120.000,14.781000,0.028000,122.810988,2690,43,0,23,88,176,0,0
47.649586,3.476000,120.000,14.781000,0.028000,122.811423,2690,43,0,23,88,176,0,0
47.663276,13.690000,120.000,14.781000,0.028000,122.811904,2690,43,0,23,88,176,0,0
47.666658,3.382000,120.000,14.781000,0.028000,122.812385,2690,43,0,23,88,176,0,0
47.680054,13.396000,120.000,14.781000,0.028000,122.812865,2690,43,0,23,88,176,0,0
47.685602,5.548000,120.000,14.781000,0.028000,122.813346,2690,43,0,23,88,176,0,0
47.696028,10.426000,120.000,14.781000,0.028000,122.813827,2690,43,0,23,88,176,0,0
47.698669,2.641000,120.000,14.781000,0.028000,122.814307,2690,43,0,23,88,176,0,0
47.713323,14.654000,120.000,14.781000,0.028000,122.814788,2690,43,0,23,88,176,0,0
47.715695,2.372000,120.000,14.781000,0.028000,122.815269,2690,43,0,23,88,176,0,0
47.729955,14.260000,120.000,14.781000,0.028000,122.815749,2690,43,0,23,88,176,0,0
47.732440,2.485000,120.000,14.781000,0.028000,122.816230,2690,43,0,23,88,176,0,0
47.746705,14.265000,120.000,14.781000,0.028000,122.816665,2690,43,0,23,88,176,0,0
47.749157,2.452000,120.000,14.781000,0.028000,122.817145,2690,43,0,23,88,176,0,0
47.763407,14.250000,120.000,14.781000,0.028000,122.817626,2690,43,0,23,88,176,0,0
47.765773,2.366000,120.000,14.781000,0.028000,122.818107,2690,43,0,23,88,176,0,0
47.780030,14.257000,120.000,14.781000,0.028000,122.818587,2690,43,0,23,88,176,0,0
47.782371,2.341000,120.000,14.781000,0.028000,122.819022,2690,43,0,23,88,176,0,0
47.796777,14.406000,120.000,14.781000,0.028000,122.819503,2690,43,0,23,88,176,0,0
47.799601,2.824000,120.000,14.781000,0.028000,122.819983,2690,43,0,23,88,176,0,0
47.813420,13.819000,120.000,14.781000,0.028000,122.820464,2690,43,0,23,88,176,0,0
47.815879,2.459000,120.000,14.781000,0.028000,122.820899,2690,43,0,23,88,176,0,0
47.829987,14.108000,120.000,14.781000,0.028000,122.821380,2690,43,0,23,88,176,0,0
47.832486,2.499000,120.000,14.781000,0.028000,122.821860,2690,43,0,23,88,176,0,0
47.846651,14.165000,120.000,14.781000,0.028000,122.822341,2690,43,0,23,88,176,0,0
47.852396,5.745000,120.000,14.781000,0.028000,122.822822,2690,43,0,23,88,176,0,0
47.862756,10.360000,120.000,14.781000,0.028000,122.823302,2690,43,0,23,88,176,0,0
47.865807,3.051000,120.000,14.781000,0.028000,122.823783,2690,43,0,23,88,176,0,0
47.879894,14.087000,120.000,14.781000,0.028000,122.824264,2690,43,0,23,88,176,0,0
47.882686,2.792000,120.000,14.781000,0.028000,122.824744,2690,43,0,23,88,176,0,0
47.896700,14.014000,120.000,14.781000,0.028000,122.825225,2690,43,0,23,88,176,0,0
47.899017,2.317000,120.000,14.781000,0.028000,122.825637,2690,43,0,23,88,176,0,0
47.913283,14.266000,120.000,14.781000,0.028000,122.826118,2690,43,0,23,88,176,0,0
47.915709,2.426000,120.000,14.781000,0.028000,122.826598,2690,43,0,23,88,176,0,0
47.929977,14.268000,120.000,14.781000,0.028000,122.827079,2690,43,0,23,88,176,0,0
47.935265,5.288000,120.000,14.781000,0.028000,122.827559,2690,43,0,23,88,176,0,0
47.946543,11.278000,120.000,14.781000,0.028000,122.828040,2690,43,0,23,88,176,0,0
47.948817,2.274000,120.000,14.781000,0.028000,122.828521,2690,43,0,23,88,176,0,0
47.963262,14.445000,120.000,14.781000,0.028000,122.829001,2690,43,0,23,88,176,0,0
47.967431,4.169000,120.000,14.781000,0.028000,122.829482,2690,43,0,23,88,176,0,0
47.979792,12.361000,120.000,14.781000,0.028000,122.829963,2690,43,0,23,88,176,0,0
47.982096,2.304000,120.000,14.781000,0.028000,122.830443,2690,43,0,23,88,176,0,0
47.996546,14.450000,120.000,14.781000,0.028000,122.830924,2690,43,0,23,88,176,0,0
48.000715,4.169000,120.000,14.781000,0.028000,122.831405,2690,43,0,23,88,176,0,0
48.013058,12.343000,120.000,14.781000,0.028000,122.831885,2690,43,0,23,88,176,0,0
48.016147,3.089000,120.000,14.781000,0.028000,122.832366,2690,43,0,23,88,176,0,0
48.029616,13.469000,120.000,14.781000,0.028000,122.832847,2690,43,0,23,88,176,0,0
48.032522,2.906000,120.000,14.781000,0.028000,122.833327,2690,43,0,23,88,176,0,0
48.046487,13.965000,120.000,14.781000,0.028000,122.833808,2690,43,0,23,88,176,0,0
48.048766,2.279000,120.000,14.781000,0.028000,122.834289,2690,43,0,23,88,176,0,0
48.063121,14.355000,120.000,14.781000,0.028000,122.834769,2690,43,0,23,88,176,0,0
48.065931,2.810000,120.000,14.781000,0.028000,122.835250,2690,43,0,23,88,176,0,0
48.079935,14.004000,120.000,14.781000,0.028000,122.835731,2690,43,0,23,88,176,0,0
48.083482,3.547000,120.000,14.781000,0.028000,122.836211,2690,43,0,23,88,176,0,0
48.096536,13.054000,120.000,14.781000,0.028000,122.836692,2690,43,0,23,88,176,0,0
48.099958,3.422000,120.000,14.781000,0.028000,122.837173,2690,43,0,23,88,176,0,0
48.113333,13.375000,120.000,14.781000,0.028000,122.837653,2690,43,0,23,88,176,0,0
48.116854,3.521000,120.000,14.781000,0.028000,122.838134,2690,43,0,23,88,176,0,0
48.129967,13.113000,120.000,14.781000,0.028000,122.838614,2690,43,0,23,88,176,0,0
48.133406,3.439000,120.000,14.781000,0.028000,122.839095,2690,43,0,23,88,176,0,0
48.146570,13.164000,120.000,14.781000,0.028000,122.839576,2690,43,0,23,88,176,0,0
48.150101,3.531000,120.000,14.781000,0.028000,122.840011,2690,43,0,23,88,176,0,0
48.163227,13.126000,120.000,14.781000,0.028000,122.840491,2690,43,0,23,88,176,0,0
48.166673,3.446000,120.000,14.781000,0.028000,122.840972,2690,43,0,23,88,176,0,0
48.179996,13.323000,120.000,14.781000,0.028000,122.841453,2690,43,0,23,88,176,0,0
48.183467,3.471000,120.000,14.781000,0.028000,122.841933,2690,43,0,23,88,176,0,0
48.196644,13.177000,120.000,14.781000,0.028000,122.842414,2690,43,0,23,88,176,0,0
48.200110,3.466000,120.000,14.781000,0.028000,122.842895,2690,43,0,23,88,176,0,0
48.213219,13.109000,120.000,14.781000,0.028000,122.843329,2690,43,0,23,88,176,0,0
48.216699,3.480000,120.000,14.781000,0.028000,122.843810,2690,43,0,23,88,176,0,0
48.229857,13.158000,120.000,14.781000,0.028000,122.844291,2690,43,0,23,88,176,0,0
48.233270,3.413000,120.000,14.781000,0.028000,122.844771,2690,43,0,23,88,176,0,0
48.246520,13.250000,120.000,14.781000,0.028000,122.845206,2690,43,0,23,88,176,0,0
48.249998,3.478000,120.000,14.781000,0.028000,122.845641,2690,43,0,23,88,176,0,0
48.263242,13.244000,120.000,14.781000,0.028000,122.846122,2690,43,0,23,88,176,0,0
48.266726,3.484000,120.000,14.781000,0.028000,122.846602,2690,43,0,23,88,176,0,0
48.279887,13.161000,120.000,14.781000,0.028000,122.847083,2690,43,0,23,88,176,0,0
48.283322,3.435000,120.000,14.781000,0.028000,122.847564,2690,43,0,23,88,176,0,0
48.296592,13.270000,120.000,14.781000,0.028000,122.848044,2690,43,0,23,88,176,0,0
48.300132,3.540000,120.000,14.781000,0.028000,122.848525,2690,43,0,23,88,176,0,0
48.313323,13.191000,120.000,14.781000,0.028000,122.849006,2690,43,0,23,88,176,0,0
48.316786,3.463000,120.000,14.781000,0.028000,122.849486,2690,43,0,23,88,176,0,0
48.329826,13.040000,120.000,14.781000,0.028000,122.849967,2690,43,0,23,88,176,0,0
48.333409,3.583000,120.000,14.781000,0.028000,122.850448,2690,43,0,23,88,176,0,0
48.346607,13.198000,120.000,14.781000,0.028000,122.850928,2690,43,0,23,88,176,0,0
48.350141,3.534000,120.000,14.781000,0.028000,122.851409,2690,43,0,23,88,176,0,0
48.363409,13.268000,120.000,14.781000,0.028000,122.851890,2690,43,0,23,88,176,0,0
48.366935,3.526000,120.000,14.781000,0.028000,122.852370,2690,43,0,23,88,176,0,0
48.379873,12.938000,120.000,14.781000,0.028000,122.852851,2690,43,0,23,88,176,0,0
48.383388,3.515000,120.000,14.781000,0.028000,122.853332,2690,43,0,23,88,176,0,0
48.396632,13.244000,120.000,14.781000,0.028000,122.853812,2690,43,0,23,88,176,0,0
48.400177,3.545000,120.000,14.781000,0.028000,122.854293,2690,43,0,23,88,176,0,0
48.413261,13.084000,120.000,14.610000,0.028000,122.854774,2690,43,0,23,88,176,0,0
48.416800,3.539000,120.000,14.610000,0.028000,122.855254,2690,43,0,23,88,176,0,0
48.429932,13.132000,120.000,14.610000,0.028000,122.855655,2690,43,0,23,88,176,0,0
48.433521,3.589000,120.000,14.610000,0.028000,122.856135,2690,43,0,23,88,176,0,0
48.446691,13.170000,120.000,14.610000,0.028000,122.856616,2690,43,0,23,88,176,0,0
48.450284,3.593000,120.000,14.610000,0.028000,122.857097,2690,43,0,23,88,176,0,0
48.463308,13.024000,120.000,14.610000,0.028000,122.857577,2690,43,0,23,88,176,0,0
48.466899,3.591000,120.000,14.610000,0.028000,122.858058,2690,43,0,23,88,176,0,0
48.479895,12.996000,120.000,14.610000,0.028000,122.858539,2690,43,0,23,88,176,0,0
48.483309,3.414000,120.000,14.610000,0.028000,122.859019,2690,43,0,23,88,176,0,0
48.495889,12.580000,120.000,14.610000,0.028000,122.859500,2690,43,0,23,88,176,0,0
48.499433,3.544000,120.000,14.610000,0.028000,122.859981,2690,43,0,23,88,176,0,0
48.513379,13.946000,120.000,14.610000,0.028000,122.860461,2690,43,0,23,88,176,0,0
48.516844,3.465000,120.000,14.610000,0.028000,122.860942,2690,43,0,23,88,176,0,0
48.529632,12.788000,120.000,14.610000,0.028000,122.861423,2690,43,0,23,88,176,0,0
48.532845,3.213000,120.000,14.610000,0.028000,122.861903,2690,43,0,23,88,176,0,0
48.546225,13.380000,120.000,14.610000,0.028000,122.862384,2690,43,0,23,88,176,0,0
48.549251,3.026000,120.000,14.610000,0.028000,122.862864,2690,43,0,23,88,176,0,0
48.563085,13.834000,120.000,14.610000,0.028000,122.863345,2690,43,0,23,88,176,0,0
48.567839,4.754000,120.000,14.610000,0.028000,122.863826,2690,43,0,23,88,176,0,0
48.579474,11.635000,120.000,14.610000,0.028000,122.864306,2690,43,0,23,88,176,0,0
48.582678,3.204000,120.000,14.610000,0.028000,122.864787,2690,43,0,23,88,176,0,0
48.596168,13.490000,120.000,14.610000,0.028000,122.865268,2690,43,0,23,88,176,0,0
48.601888,5.720000,120.000,14.610000,0.028000,122.865748,2690,43,0,23,88,176,0,0
48.612423,10.535000,120.000,14.610000,0.028000,122.866229,2690,43,0,23,88,176,0,0
48.614939,2.516000,120.000,14.610000,0.028000,122.866710,2690,43,0,23,88,176,0,0
48.629644,14.705000,120.000,14.610000,0.028000,122.867190,2690,43,0,23,88,176,0,0
48.631656,2.012000,120.000,14.610000,0.028000,122.867671,2690,43,0,23,88,176,0,0
48.646300,14.644000,120.000,14.610000,0.028000,122.868152,2690,43,0,23,88,176,0,0
48.648512,2.212000,120.000,14.610000,0.028000,122.868564,2690,43,0,23,88,176,0,0
48.663021,14.509000,120.000,14.610000,0.028000,122.869044,2690,43,0,23,88,176,0,0
48.665449,2.428000,120.000,14.610000,0.028000,122.869525,2690,43,0,23,88,176,0,0
48.679679,14.230000,120.000,14.610000,0.028000,122.870006,2690,43,0,23,88,176,0,0
48.682054,2.375000,120.000,14.610000,0.028000,122.870486,2690,43,0,23,88,176,0,0
48.696459,14.405000,120.000,14.610000,0.028000,122.870967,2690,43,0,23,88,176,0,0
48.699087,2.628000,120.000,14.610000,0.028000,122.871448,2690,43,0,23,88,176,0,0
48.712809,13.722000,120.000,14.610000,0.028000,122.871928,2690,43,0,23,88,176,0,0
48.715789,2.980000,120.000,14.610000,0.028000,122.872409,2690,43,0,23,88,176,0,0
48.730032,14.243000,120.000,14.610000,0.028000,122.872890,2690,43,0,23,88,176,0,0
48.733666,3.634000,120.000,14.610000,0.028000,122.873370,2690,43,0,23,88,176,0,0
48.745943,12.277000,120.000,14.610000,0.028000,122.873851,2690,43,0,23,88,176,0,0
48.749177,3.234000,120.000,14.610000,0.028000,122.874331,2690,43,0,23,88,176,0,0
48.762992,13.815000,120.000,14.610000,0.028000,122.874812,2690,43,0,23,88,176,0,0
48.766228,3.236000,120.000,14.610000,0.028000,122.875293,2690,43,0,23,88,176,0,0
48.779107,12.879000,120.000,14.610000,0.028000,122.875773,2690,43,0,23,88,176,0,0
48.782075,2.968000,120.000,14.610000,0.028000,122.876254,2690,43,0,23,88,176,0,0
48.795946,13.871000,120.000,14.610000,0.028000,122.876735,2690,43,0,23,88,176,0,0
48.798859,2.913000,120.000,14.610000,0.028000,122.877215,2690,43,0,23,88,176,0,0
48.812750,13.891000,120.000,14.610000,0.028000,122.877696,2690,43,0,23,88,176,0,0
48.815972,3.222000,120.000,14.610000,0.028000,122.878131,2690,43,0,23,88,176,0,0
48.829323,13.351000,120.000,14.610000,0.028000,122.878612,2690,43,0,23,88,176,0,0
48.832530,3.207000,120.000,14.610000,0.028000,122.879092,2690,43,0,23,88,176,0,0
48.846149,13.619000,120.000,14.610000,0.028000,122.879527,2690,43,0,23,88,176,0,0
48.849226,3.077000,120.000,14.610000,0.028000,122.880008,2690,43,0,23,88,176,0,0
48.863153,13.927000,120.000,14.610000,0.028000,122.880488,2690,43,0,23,88,176,0,0
48.868234,5.081000,120.000,14.610000,0.028000,122.880969,2690,43,0,23,88,176,0,0
48.879435,11.201000,120.000,14.610000,0.028000,122.881450,2690,43,0,23,88,176,0,0
48.882764,3.329000,120.000,14.610000,0.028000,122.881930,2690,43,0,23,88,176,0,0
48.896048,13.284000,120.000,14.610000,0.028000,122.882411,2690,43,0,23,88,176,0,0
48.899443,3.395000,120.000,14.610000,0.028000,122.882892,2690,43,0,23,88,176,0,0
48.913218,13.775000,120.000,14.610000,0.028000,122.883372,2690,43,0,23,88,176,0,0
48.915651,2.433000,120.000,14.610000,0.028000,122.883853,2690,43,0,23,88,176,0,0
48.929847,14.196000,120.000,14.610000,0.028000,122.884334,2690,43,0,23,88,176,0,0
48.932446,2.599000,120.000,14.610000,0.028000,122.884814,2690,43,0,23,88,176,0,0
48.946669,14.223000,120.000,14.610000,0.028000,122.885295,2690,43,0,23,88,176,0,0
48.949007,2.338000,120.000,14.610000,0.028000,122.885776,2690,43,0,23,88,176,0,0
48.963193,14.186000,120.000,14.610000,0.028000,122.886256,2690,43,0,23,88,176,0,0
48.965766,2.573000,120.000,14.610000,0.028000,122.886737,2690,43,0,23,88,176,0,0
48.979943,14.177000,120.000,14.610000,0.028000,122.887218,2690,43,0,23,88,176,0,0
48.985064,5.121000,120.000,14.610000,0.028000,122.887698,2690,43,0,23,88,176,0,0
48.995842,10.778000,120.000,14.610000,0.028000,122.888179,2690,43,0,23,88,176,0,0
48.998307,2.465000,120.000,14.610000,0.028000,122.888659,2690,43,0,23,88,176,0,0
49.013346,15.039000,120.000,14.610000,0.028000,122.889140,2690,43,0,23,88,176,0,0
49.015626,2.280000,120.000,14.610000,0.028000,122.889621,2690,43,0,23,88,176,0,0
49.029784,14.158000,120.000,14.610000,0.028000,122.890101,2690,43,0,23,88,176,0,0
49.032767,2.983000,120.000,14.610000,0.028000,122.890582,2690,43,0,23,88,176,0,0
49.046555,13.788000,120.000,14.610000,0.028000,122.891063,2690,43,0,23,88,176,0,0
49.049971,3.416000,120.000,14.610000,0.028000,122.891543,2690,43,0,23,88,176,0,0
49.063380,13.409000,120.000,14.610000,0.028000,122.892024,2690,43,0,23,88,176,0,0
49.066784,3.404000,120.000,14.610000,0.028000,122.892459,2690,43,0,23,88,176,0,0
49.079998,13.214000,120.000,14.610000,0.028000,122.892940,2690,43,0,23,88,176,0,0
49.082272,2.274000,120.000,14.610000,0.028000,122.893420,2690,43,0,23,88,176,0,0
49.096650,14.378000,120.000,14.610000,0.028000,122.893901,2690,43,0,23,88,176,0,0
49.098746,2.096000,120.000,14.610000,0.028000,122.894336,2690,43,0,23,88,176,0,0
49.113282,14.536000,120.000,14.610000,0.028000,122.894816,2690,43,0,23,88,176,0,0
49.115353,2.071000,120.000,14.610000,0.028000,122.895297,2690,43,0,23,88,176,0,0
49.129895,14.542000,120.000,14.610000,0.028000,122.895778,2690,43,0,23,88,176,0,0
49.132040,2.145000,120.000,14.610000,0.028000,122.896258,2690,43,0,23,88,176,0,0
49.146674,14.634000,120.000,14.610000,0.028000,122.896693,2690,43,0,23,88,176,0,0
49.148820,2.146000,120.000,14.610000,0.028000,122.897174,2690,43,0,23,88,176,0,0
49.163317,14.497000,120.000,14.610000,0.028000,122.897609,2690,43,0,23,88,176,0,0
49.165618,2.301000,120.000,14.610000,0.028000,122.898089,2690,43,0,23,88,176,0,0
49.179957,14.339000,120.000,14.610000,0.028000,122.898570,2690,43,0,23,88,176,0,0
49.182534,2.577000,120.000,14.610000,0.028000,122.899051,2690,43,0,23,88,176,0,0
49.196529,13.995000,120.000,14.610000,0.028000,122.899531,2690,43,0,23,88,176,0,0
49.199524,2.995000,120.000,14.610000,0.028000,122.900012,2690,43,0,23,88,176,0,0
49.213325,13.801000,120.000,14.610000,0.028000,122.900493,2690,43,0,23,88,176,0,0
49.216786,3.461000,120.000,14.610000,0.028000,122.900973,2690,43,0,23,88,176,0,0
49.229958,13.172000,120.000,14.610000,0.028000,122.901454,2690,43,0,23,88,176,0,0
49.233458,3.500000,120.000,14.610000,0.028000,122.901935,2690,43,0,23,88,176,0,0
49.246610,13.152000,120.000,14.610000,0.028000,122.902415,2690,43,0,23,88,176,0,0
49.249715,3.105000,120.000,14.610000,0.028000,122.902850,2690,43,0,23,88,176,0,0
49.264025,14.310000,120.000,14.610000,0.028000,122.903331,2690,43,0,23,88,176,0,0
49.265717,1.692000,120.000,14.610000,0.028000,122.903811,2690,43,0,23,88,176,0,0
49.279533,13.816000,120.000,14.610000,0.028000,122.904292,2690,43,0,23,88,176,0,0
49.286426,6.893000,120.000,14.610000,0.028000,122.904773,2690,43,0,23,88,176,0,0
49.296131,9.705000,120.000,14.610000,0.028000,122.905253,2690,43,0,23,88,176,0,0
49.298727,2.596000,120.000,14.610000,0.028000,122.905734,2690,43,0,23,88,176,0,0
49.312796,14.069000,120.000,14.610000,0.028000,122.906215,2690,43,0,23,88,176,0,0
49.316744,3.948000,120.000,14.610000,0.028000,122.906695,2690,43,0,23,88,176,0,0
49.329394,12.650000,120.000,14.610000,0.028000,122.907176,2690,43,0,23,88,176,0,0
49.331845,2.451000,120.000,14.610000,0.028000,122.907657,2690,43,0,23,88,176,0,0
49.346080,14.235000,120.000,14.610000,0.028000,122.908137,2690,43,0,23,88,176,0,0
49.350214,4.134000,120.000,14.610000,0.028000,122.908572,2690,43,0,23,88,176,0,0
49.363037,12.823000,120.000,14.610000,0.028000,122.909053,2690,43,0,23,88,176,0,0
49.367538,4.501000,120.000,14.610000,0.028000,122.909534,2690,43,0,23,88,176,0,0
49.379408,11.870000,120.000,14.610000,0.028000,122.910014,2690,43,0,23,88,176,0,0
49.382597,3.189000,120.000,14.610000,0.028000,122.910495,2690,43,0,23,88,176,0,0
49.396077,13.480000,120.000,14.610000,0.028000,122.910975,2690,43,0,23,88,176,0,0
49.399215,3.138000,120.000,14.610000,0.028000,122.911456,2690,43,0,23,88,176,0,0
49.412807,13.592000,120.000,14.990000,0.033000,122.911937,2690,43,0,23,88,176,0,0
49.416337,3.530000,120.000,14.990000,0.033000,122.912417,2690,43,0,23,88,176,0,0
49.429168,12.831000,120.000,14.990000,0.033000,122.912898,2690,43,0,23,88,176,0,0
49.432291,3.123000,120.000,14.990000,0.033000,122.913379,2690,43,0,23,88,176,0,0
49.446189,13.898000,120.000,14.990000,0.033000,122.913859,2690,43,0,23,88,176,0,0
49.449438,3.249000,120.000,14.990000,0.033000,122.914340,2690,43,0,23,88,176,0,0
49.462599,13.161000,120.000,14.990000,0.033000,122.914821,2690,43,0,23,88,176,0,0
49.465669,3.070000,120.000,14.990000,0.033000,122.915301,2690,43,0,23,88,176,0,0
49.479706,14.037000,120.000,14.990000,0.033000,122.915782,2690,43,0,23,88,176,0,0
49.482885,3.179000,120.000,14.990000,0.033000,122.916263,2690,43,0,23,88,176,0,0
49.496350,13.465000,120.000,14.990000,0.033000,122.916743,2690,43,0,23,88,176,0,0
49.498634,2.284000,120.000,14.990000,0.033000,122.917178,2690,43,0,23,88,176,0,0
49.513156,14.522000,120.000,14.990000,0.033000,122.917659,2690,43,0,23,88,176,0,0
49.515504,2.348000,120.000,14.990000,0.033000,122.918139,2690,43,0,23,88,176,0,0
49.529946,14.442000,120.000,14.990000,0.033000,122.918620,2690,43,0,23,88,176,0,0
49.532142,2.196000,120.000,14.990000,0.033000,122.919101,2690,43,0,23,88,176,0,0
49.546680,14.538000,120.000,14.990000,0.033000,122.919581,2690,43,0,23,88,176,0,0
49.551028,4.348000,120.000,14.990000,0.033000,122.920016,2690,43,0,23,88,176,0,0
49.563317,12.289000,120.000,14.990000,0.033000,122.920497,2690,43,0,23,88,176,0,0
49.565699,2.382000,120.000,14.990000,0.033000,122.920978,2690,43,0,23,88,176,0,0
49.579972,14.273000,120.000,14.990000,0.033000,122.921458,2690,43,0,23,88,176,0,0
49.582337,2.365000,120.000,14.990000,0.033000,122.921939,2690,43,0,23,88,176,0,0
49.596612,14.275000,120.000,14.990000,0.033000,122.922420,2690,43,0,23,88,176,0,0
49.600333,3.721000,120.000,14.990000,0.033000,122.922900,2690,43,0,23,88,176,0,0
49.613202,12.869000,120.000,14.990000,0.033000,122.923381,2690,43,0,23,88,176,0,0
49.616093,2.891000,120.000,14.990000,0.033000,122.923862,2690,43,0,23,88,176,0,0
49.629229,13.136000,120.000,14.990000,0.033000,122.924342,2690,43,0,23,88,176,0,0
49.632524,3.295000,120.000,14.990000,0.033000,122.924823,2690,43,0,23,88,176,0,0
49.646626,14.102000,120.000,14.990000,0.033000,122.925303,2690,43,0,23,88,176,0,0
49.650170,3.544000,120.000,14.990000,0.033000,122.925784,2690,43,0,23,88,176,0,0
49.663252,13.082000,120.000,14.990000,0.033000,122.926219,2690,43,0,23,88,176,0,0
49.666803,3.551000,120.000,14.990000,0.033000,122.926700,2690,43,0,23,88,176,0,0
49.679885,13.082000,120.000,14.990000,0.033000,122.927180,2690,43,0,23,88,176,0,0
49.683288,3.403000,120.000,14.990000,0.033000,122.927661,2690,43,0,23,88,176,0,0
49.696636,13.348000,120.000,14.990000,0.033000,122.928142,2690,43,0,23,88,176,0,0
49.700062,3.426000,120.000,14.990000,0.033000,122.928622,2690,43,0,23,88,176,0,0
49.713280,13.218000,120.000,14.990000,0.033000,122.929103,2690,43,0,23,88,176,0,0
49.716848,3.568000,120.000,14.990000,0.033000,122.929538,2690,43,0,23,88,176,0,0
49.729908,13.060000,120.000,14.990000,0.033000,122.930018,2690,43,0,23,88,176,0,0
49.733332,3.424000,120.000,14.990000,0.033000,122.930499,2690,43,0,23,88,176,0,0
49.746531,13.199000,120.000,14.990000,0.033000,122.930980,2690,43,0,23,88,176,0,0
49.750076,3.545000,120.000,14.990000,0.033000,122.931460,2690,43,0,23,88,176,0,0
49.763166,13.090000,120.000,14.990000,0.033000,122.931941,2690,43,0,23,88,176,0,0
49.766812,3.646000,120.000,14.990000,0.033000,122.932422,2690,43,0,23,88,176,0,0
49.779956,13.144000,120.000,14.990000,0.033000,122.932902,2690,43,0,23,88,176,0,0
49.783530,3.574000,120.000,14.990000,0.033000,122.933383,2690,43,0,23,88,176,0,0
49.796583,13.053000,120.000,14.990000,0.033000,122.933818,2690,43,0,23,88,176,0,0
49.799981,3.398000,120.000,14.990000,0.033000,122.934299,2690,43,0,23,88,176,0,0
49.813218,13.237000,120.000,14.990000,0.033000,122.934779,2690,43,0,23,88,176,0,0
49.816673,3.455000,120.000,14.990000,0.033000,122.935260,2690,43,0,23,88,176,0,0
49.829986,13.313000,120.000,14.990000,0.033000,122.935740,2690,43,0,23,88,176,0,0
49.833436,3.450000,120.000,14.990000,0.033000,122.936221,2690,43,0,23,88,176,0,0
49.846582,13.146000,120.000,14.990000,0.033000,122.936702,2690,43,0,23,88,176,0,0
49.849970,3.388000,120.000,14.990000,0.033000,122.937182,2690,43,0,23,88,176,0,0
49.863267,13.297000,120.000,14.990000,0.033000,122.937617,2690,43,0,23,88,176,0,0
49.866491,3.224000,120.000,14.990000,0.033000,122.938098,2690,43,0,23,88,176,0,0
49.879913,13.422000,120.000,14.990000,0.033000,122.938579,2690,43,0,23,88,176,0,0
49.883276,3.363000,120.000,14.990000,0.033000,122.939059,2690,43,0,23,88,176,0,0
49.896546,13.270000,120.000,14.990000,0.033000,122.939540,2690,43,0,23,88,176,0,0
49.900038,3.492000,120.000,14.990000,0.033000,122.940021,2690,43,0,23,88,176,0,0
49.913290,13.252000,120.000,14.990000,0.033000,122.940501,2690,43,0,23,88,176,0,0
49.916720,3.430000,120.000,14.990000,0.033000,122.940936,2690,43,0,23,88,176,0,0
49.929901,13.181000,120.000,14.990000,0.033000,122.941371,2690,43,0,23,88,176,0,0
49.933318,3.417000,120.000,14.990000,0.033000,122.941852,2690,43,0,23,88,176,0,0
49.946552,13.234000,120.000,14.990000,0.033000,122.942332,2690,43,0,23,88,176,0,0
49.950093,3.541000,120.000,14.990000,0.033000,122.942813,2690,43,0,23,88,176,0,0
49.963207,13.114000,120.000,14.990000,0.033000,122.943294,2690,43,0,23,88,176,0,0
49.966721,3.514000,120.000,14.990000,0.033000,122.943774,2690,43,0,23,88,176,0,0
49.979974,13.253000,120.000,14.990000,0.033000,122.944255,2690,43,0,23,88,176,0,0
49.983243,3.269000,120.000,14.990000,0.033000,122.944736,2690,43,0,23,88,176,0,0
49.996573,13.330000,120.000,14.990000,0.033000,122.945216,2690,43,0,23,88,176,0,0
49.999845,3.272000,120.000,14.990000,0.033000,122.945697,2690,43,0,23,88,176,0,0
50.013219,13.374000,120.000,14.990000,0.033000,122.946177,2690,43,0,23,88,176,0,0
50.016588,3.369000,120.000,14.990000,0.033000,122.946658,2690,43,0,23,88,176,0,0
50.029885,13.297000,120.000,14.990000,0.033000,122.947139,2690,43,0,23,88,176,0,0
50.033402,3.517000,120.000,14.990000,0.033000,122.947619,2690,43,0,23,88,176,0,0
50.046641,13.239000,120.000,14.990000,0.033000,122.948100,2690,43,0,23,88,176,0,0
50.050072,3.431000,120.000,14.990000,0.033000,122.948581,2690,43,0,23,88,176,0,0
50.063252,13.180000,120.000,14.990000,0.033000,122.949061,2690,43,0,23,88,176,0,0
50.066800,3.548000,120.000,14.990000,0.033000,122.949542,2690,43,0,23,88,176,0,0
50.079917,13.117000,120.000,14.990000,0.033000,122.949943,2690,43,0,23,88,176,0,0
50.083348,3.431000,120.000,14.990000,0.033000,122.950423,2690,43,0,23,88,176,0,0
50.096535,13.187000,120.000,14.990000,0.033000,122.950904,2690,43,0,23,88,176,0,0
50.099984,3.449000,120.000,14.990000,0.033000,122.951385,2690,43,0,23,88,176,0,0
50.113180,13.196000,120.000,14.990000,0.033000,122.951865,2690,43,0,23,88,176,0,0
50.116714,3.534000,120.000,14.990000,0.033000,122.952300,2690,43,0,23,88,176,0,0
50.129958,13.244000,120.000,14.990000,0.033000,122.952781,2690,43,0,23,88,176,0,0
50.133377,3.419000,120.000,14.990000,0.033000,122.953261,2690,43,0,23,88,176,0,0
50.146578,13.201000,120.000,14.990000,0.033000,122.953742,2690,43,0,23,88,176,0,0
50.151959,5.381000,120.000,14.990000,0.033000,122.954223,2690,43,0,23,88,176,0,0
50.163179,11.220000,120.000,14.990000,0.033000,122.954703,2690,43,0,23,88,176,0,0
50.166162,2.983000,120.000,14.990000,0.033000,122.955184,2690,43,0,23,88,176,0,0
50.180020,13.858000,120.000,14.990000,0.033000,122.955665,2690,43,0,23,88,176,0,0
50.182889,2.869000,120.000,14.990000,0.033000,122.956100,2690,43,0,23,88,176,0,0
50.196602,13.713000,120.000,14.990000,0.033000,122.956580,2690,43,0,23,88,176,0,0
50.199701,3.099000,120.000,14.990000,0.033000,122.957061,2690,43,0,23,88,176,0,0
50.213218,13.517000,120.000,14.990000,0.033000,122.957541,2690,43,0,23,88,176,0,0
50.216592,3.374000,120.000,14.990000,0.033000,122.958022,2690,43,0,23,88,176,0,0
50.229886,13.294000,120.000,14.990000,0.033000,122.958503,2690,43,0,23,88,176,0,0
50.233406,3.520000,120.000,14.990000,0.033000,122.958983,2690,43,0,23,88,176,0,0
50.246660,13.254000,120.000,14.990000,0.033000,122.959464,2690,43,0,23,88,176,0,0
50.250079,3.419000,120.000,14.990000,0.033000,122.959899,2690,43,0,23,88,176,0,0
50.263292,13.213000,120.000,14.990000,0.033000,122.960380,2690,43,0,23,88,176,0,0
50.266714,3.422000,120.000,14.990000,0.033000,122.960860,2690,43,0,23,88,176,0,0
50.279939,13.225000,120.000,14.990000,0.033000,122.961341,2690,43,0,23,88,176,0,0
50.283545,3.606000,120.000,14.990000,0.033000,122.961822,2690,43,0,23,88,176,0,0
50.296486,12.941000,120.000,14.990000,0.033000,122.962302,2690,43,0,23,88,176,0,0
50.299866,3.380000,120.000,14.990000,0.033000,122.962783,2690,43,0,23,88,176,0,0
50.313182,13.316000,120.000,14.990000,0.033000,122.963264,2690,43,0,23,88,176,0,0
50.316698,3.516000,120.000,14.990000,0.033000,122.963744,2690,43,0,23,88,176,0,0
50.329787,13.089000,120.000,14.990000,0.033000,122.964225,2690,43,0,23,88,176,0,0
50.333463,3.676000,120.000,14.990000,0.033000,122.964705,2690,43,0,23,88,176,0,0
50.346550,13.087000,120.000,14.990000,0.033000,122.965186,2690,43,0,23,88,176,0,0
50.349938,3.388000,120.000,14.990000,0.033000,122.965621,2690,43,0,23,88,176,0,0
50.363235,13.297000,120.000,14.990000,0.033000,122.966102,2690,43,0,23,88,176,0,0
50.366630,3.395000,120.000,14.990000,0.033000,122.966582,2690,43,0,23,88,176,0,0
50.379678,13.048000,120.000,14.990000,0.033000,122.967017,2690,43,0,23,88,176,0,0
50.382897,3.219000,120.000,14.990000,0.033000,122.967498,2690,43,0,23,88,176,0,0
50.395796,12.899000,120.000,14.990000,0.033000,122.967978,2690,43,0,23,88,176,0,0
50.398835,3.039000,120.000,14.990000,0.033000,122.968459,2690,43,0,23,88,176,0,0
50.412597,13.762000,120.000,14.487000,0.158000,122.968940,2690,43,0,23,88,176,0,0
50.415533,2.936000,120.000,14.487000,0.158000,122.969420,2690,43,0,23,88,176,0,0
50.429314,13.781000,120.000,14.487000,0.158000,122.969901,2690,43,0,23,88,176,0,0
50.433443,4.129000,120.000,14.487000,0.158000,122.970382,2690,43,0,23,88,176,0,0
50.446077,12.634000,120.000,14.487000,0.158000,122.970862,2690,43,0,23,88,176,0,0
50.449074,2.997000,120.000,14.487000,0.158000,122.971343,2690,43,0,23,88,176,0,0
50.462764,13.690000,120.000,14.487000,0.158000,122.971824,2690,43,0,23,88,176,0,0
50.467012,4.248000,120.000,14.487000,0.158000,122.972304,2690,43,0,23,88,176,0,0
50.479241,12.229000,120.000,14.487000,0.158000,122.972785,2690,43,0,23,88,176,0,0
50.482165,2.924000,120.000,14.487000,0.158000,122.973266,2690,43,0,23,88,176,0,0
50.496038,13.873000,120.000,14.487000,0.158000,122.973746,2690,43,0,23,88,176,0,0
50.498962,2.924000,120.000,14.487000,0.158000,122.974227,2690,43,0,23,88,176,0,0
50.512651,13.689000,120.000,14.487000,0.158000,122.974708,2690,43,0,23,88,176,0,0
50.515686,3.035000,120.000,14.487000,0.158000,122.975188,2690,43,0,23,88,176,0,0
50.529853,14.167000,120.000,14.487000,0.158000,122.975669,2690,43,0,23,88,176,0,0
50.534793,4.940000,120.000,14.487000,0.158000,122.976150,2690,43,0,23,88,176,0,0
50.546168,11.375000,120.000,14.487000,0.158000,122.976630,2690,43,0,23,88,176,0,0
50.549225,3.057000,120.000,14.487000,0.158000,122.977111,2690,43,0,23,88,176,0,0
50.562844,13.619000,120.000,14.487000,0.158000,122.977592,2690,43,0,23,88,176,0,0
50.565839,2.995000,120.000,14.487000,0.158000,122.978072,2690,43,0,23,88,176,0,0
50.579374,13.535000,120.000,14.487000,0.158000,122.978553,2690,43,0,23,88,176,0,0
50.582769,3.395000,120.000,14.487000,0.158000,122.979033,2690,43,0,23,88,176,0,0
50.596105,13.336000,120.000,14.487000,0.158000,122.979514,2690,43,0,23,88,176,0,0
50.599178,3.073000,120.000,14.487000,0.158000,122.979995,2690,43,0,23,88,176,0,0
50.612756,13.578000,120.000,14.487000,0.158000,122.980475,2690,43,0,23,88,176,0,0
50.615804,3.048000,120.000,14.487000,0.158000,122.980956,2690,43,0,23,88,176,0,0
50.629044,13.240000,120.000,14.487000,0.158000,122.981437,2690,43,0,23,88,176,0,0
50.631282,2.238000,120.000,14.487000,0.158000,122.981917,2690,43,0,23,88,176,0,0
50.646203,14.921000,120.000,14.487000,0.158000,122.982398,2690,43,0,23,88,176,0,0
50.648550,2.347000,120.000,14.487000,0.158000,122.982879,2690,43,0,23,88,176,0,0
50.662868,14.318000,120.000,14.487000,0.158000,122.983314,2690,43,0,23,88,176,0,0
50.665036,2.168000,120.000,14.487000,0.158000,122.983794,2690,43,0,23,88,176,0,0
50.679610,14.574000,120.000,14.487000,0.158000,122.984275,2690,43,0,23,88,176,0,0
50.681703,2.093000,120.000,14.487000,0.158000,122.984710,2690,43,0,23,88,176,0,0
50.696295,14.592000,120.000,14.487000,0.158000,122.985190,2690,43,0,23,88,176,0,0
50.698382,2.087000,120.000,14.487000,0.158000,122.985671,2690,43,0,23,88,176,0,0
50.713371,14.989000,120.000,14.487000,0.158000,122.986152,2690,43,0,23,88,176,0,0
50.718428,5.057000,120.000,14.487000,0.158000,122.986632,2690,43,0,23,88,176,0,0
50.729306,10.878000,120.000,14.487000,0.158000,122.987113,2690,43,0,23,88,176,0,0
50.731667,2.361000,120.000,14.487000,0.158000,122.987594,2690,43,0,23,88,176,0,0
50.746399,14.732000,120.000,14.487000,0.158000,122.988074,2690,43,0,23,88,176,0,0
50.749142,2.743000,120.000,14.487000,0.158000,122.988555,2690,43,0,23,88,176,0,0
50.763249,14.107000,120.000,14.487000,0.158000,122.989036,2690,43,0,23,88,176,0,0
50.769261,6.012000,120.000,14.487000,0.158000,122.989516,2690,43,0,23,88,176,0,0
50.779169,9.908000,120.000,14.487000,0.158000,122.989997,2690,43,0,23,88,176,0,0
50.782521,3.352000,120.000,14.487000,0.158000,122.990478,2690,43,0,23,88,176,0,0
50.796480,13.959000,120.000,14.487000,0.158000,122.990958,2690,43,0,23,88,176,0,0
50.799816,3.336000,120.000,14.487000,0.158000,122.991393,2690,43,0,23,88,176,0,0
50.813272,13.456000,120.000,14.487000,0.158000,122.991874,2690,43,0,23,88,176,0,0
50.815134,1.862000,120.000,14.487000,0.158000,122.992354,2690,43,0,23,88,176,0,0
50.829924,14.790000,120.000,14.487000,0.158000,122.992835,2690,43,0,23,88,176,0,0
50.831838,1.914000,120.000,14.487000,0.158000,122.993316,2690,43,0,23,88,176,0,0
50.846582,14.744000,120.000,14.487000,0.158000,122.993796,2690,43,0,23,88,176,0,0
50.849065,2.483000,120.000,14.487000,0.158000,122.994277,2690,43,0,23,88,176,0,0
50.863041,13.976000,120.000,14.487000,0.158000,122.994758,2690,43,0,23,88,176,0,0
50.865822,2.781000,120.000,14.487000,0.158000,122.995238,2690,43,0,23,88,176,0,0
50.879796,13.974000,120.000,14.487000,0.158000,122.995719,2690,43,0,23,88,176,0,0
50.882019,2.223000,120.000,14.487000,0.158000,122.996200,2690,43,0,23,88,176,0,0
50.896449,14.430000,120.000,14.487000,0.158000,122.996680,2690,43,0,23,88,176,0,0
50.898828,2.379000,120.000,14.487000,0.158000,122.997161,2690,43,0,23,88,176,0,0
50.912500,13.672000,120.000,14.487000,0.158000,122.997642,2690,43,0,23,88,176,0,0
50.915340,2.840000,120.000,14.487000,0.158000,122.998054,2690,43,0,23,88,176,0,0
50.929481,14.141000,120.000,14.487000,0.158000,122.998488,2690,43,0,23,88,176,0,0
50.932534,3.053000,120.000,14.487000,0.158000,122.998969,2690,43,0,23,88,176,0,0
50.946304,13.770000,120.000,14.487000,0.158000,122.999450,2690,43,0,23,88,176,0,0
50.950698,4.394000,120.000,14.487000,0.158000,122.999930,2690,43,0,23,88,176,0,0
50.962812,12.114000,120.000,14.487000,0.158000,123.000411,2690,43,0,23,88,176,0,0
50.965998,3.186000,120.000,14.487000,0.158000,123.000892,2690,43,0,23,88,176,0,0
50.979438,13.440000,120.000,14.487000,0.158000,123.001372,2690,43,0,23,88,176,0,0
50.984992,5.554000,120.000,14.487000,0.158000,123.001853,2690,43,0,23,88,176,0,0
50.996232,11.240000,120.000,14.487000,0.158000,123.002334,2690,43,0,23,88,176,0,0
50.998554,2.322000,120.000,14.487000,0.158000,123.002814,2690,43,0,23,88,176,0,0
51.012991,14.437000,120.000,14.487000,0.158000,123.003295,2690,43,0,23,88,176,0,0
51.014926,1.935000,120.000,14.487000,0.158000,123.003776,2690,43,0,23,88,176,0,0
51.029667,14.741000,120.000,14.487000,0.158000,123.004256,2690,43,0,23,88,176,0,0
51.031984,2.317000,120.000,14.487000,0.158000,123.004737,2690,43,0,23,88,176,0,0
51.046597,14.613000,120.000,14.487000,0.158000,123.005218,2690,43,0,23,88,176,0,0
51.051504,4.907000,120.000,14.487000,0.158000,123.005698,2690,43,0,23,88,176,0,0
51.063084,11.580000,120.000,14.487000,0.158000,123.006179,2690,43,0,23,88,176,0,0
51.065147,2.063000,120.000,14.487000,0.158000,123.006660,2690,43,0,23,88,176,0,0
51.079787,14.640000,120.000,14.487000,0.158000,123.007140,2690,43,0,23,88,176,0,0
51.082070,2.283000,120.000,14.487000,0.158000,123.007621,2690,43,0,23,88,176,0,0
51.096778,14.708000,120.000,14.487000,0.158000,123.008056,2690,43,0,23,88,176,0,0
51.101958,5.180000,120.000,14.487000,0.158000,123.008536,2690,43,0,23,88,176,0,0
51.112757,10.799000,120.000,14.487000,0.158000,123.009017,2690,43,0,23,88,176,0,0
51.116083,3.326000,120.000,14.487000,0.158000,123.009498,2690,43,0,23,88,176,0,0
51.129878,13.795000,120.000,14.487000,0.158000,123.009978,2690,43,0,23,88,176,0,0
51.133353,3.475000,120.000,14.487000,0.158000,123.010459,2690,43,0,23,88,176,0,0
51.146640,13.287000,120.000,14.487000,0.158000,123.010940,2690,43,0,23,88,176,0,0
51.148620,1.980000,120.000,14.487000,0.158000,123.011374,2690,43,0,23,88,176,0,0
51.163284,14.664000,120.000,14.487000,0.158000,123.011809,2690,43,0,23,88,176,0,0
51.165213,1.929000,120.000,14.487000,0.158000,123.012290,2690,43,0,23,88,176,0,0
51.179050,13.837000,120.000,14.487000,0.158000,123.012771,2690,43,0,23,88,176,0,0
51.181529,2.479000,120.000,14.487000,0.158000,123.013206,2690,43,0,23,88,176,0,0
51.196637,15.108000,120.000,14.487000,0.158000,123.013686,2690,43,0,23,88,176,0,0
51.198994,2.357000,120.000,14.487000,0.158000,123.014167,2690,43,0,23,88,176,0,0
51.213316,14.322000,120.000,14.487000,0.158000,123.014647,2690,43,0,23,88,176,0,0
51.215424,2.108000,120.000,14.487000,0.158000,123.015128,2690,43,0,23,88,176,0,0
51.229959,14.535000,120.000,14.487000,0.158000,123.015609,2690,43,0,23,88,176,0,0
51.232257,2.298000,120.000,14.487000,0.158000,123.016089,2690,43,0,23,88,176,0,0
51.246602,14.345000,120.000,14.487000,0.158000,123.016570,2690,43,0,23,88,176,0,0
51.248909,2.307000,120.000,14.487000,0.158000,123.017051,2690,43,0,23,88,176,0,0
51.263231,14.322000,120.000,14.487000,0.158000,123.017531,2690,43,0,23,88,176,0,0
51.266209,2.978000,120.000,14.487000,0.158000,123.018012,2690,43,0,23,88,176,0,0
51.279974,13.765000,120.000,14.487000,0.158000,123.018493,2690,43,0,23,88,176,0,0
51.283450,3.476000,120.000,14.487000,0.158000,123.018973,2690,43,0,23,88,176,0,0
51.296100,12.650000,120.000,14.487000,0.158000,123.019408,2690,43,0,23,88,176,0,0
51.299352,3.252000,120.000,14.487000,0.158000,123.019820,2690,43,0,23,88,176,0,0
51.312965,13.613000,120.000,14.487000,0.158000,123.020301,2690,43,0,23,88,176,0,0
51.316406,3.441000,120.000,14.487000,0.158000,123.020782,2690,43,0,23,88,176,0,0
51.329318,12.912000,120.000,14.487000,0.158000,123.021262,2690,43,0,23,88,176,0,0
51.331503,2.185000,120.000,14.487000,0.158000,123.021743,2690,43,0,23,88,176,0,0
51.345933,14.430000,120.000,14.487000,0.158000,123.022223,2690,43,0,23,88,176,0,0
51.348070,2.137000,120.000,14.487000,0.158000,123.022704,2690,43,0,23,88,176,0,0
51.362606,14.536000,120.000,14.487000,0.158000,123.023139,2690,43,0,23,88,176,0,0
51.364753,2.147000,120.000,14.487000,0.158000,123.023620,2690,43,0,23,88,176,0,0
51.379321,14.568000,120.000,14.487000,0.158000,123.024100,2690,43,0,23,88,176,0,0
51.383219,3.898000,120.000,14.487000,0.158000,123.024581,2690,43,0,23,88,176,0,0
51.395980,12.761000,120.000,14.487000,0.158000,123.025062,2690,43,0,23,88,176,0,0
51.399873,3.893000,120.000,14.487000,0.158000,123.025496,2690,43,0,23,88,176,0,0
51.412650,12.777000,120.000,15.060000,0.025000,123.025977,2690,43,0,23,88,176,0,0
51.414776,2.126000,120.000,15.060000,0.025000,123.026412,2690,43,0,23,88,176,0,0
51.429299,14.523000,120.000,15.060000,0.025000,123.026893,2690,43,0,23,88,176,0,0
51.431639,2.340000,120.000,15.060000,0.025000,123.027373,2690,43,0,23,88,176,0,0
51.445985,14.346000,120.000,15.060000,0.025000,123.027854,2690,43,0,23,88,176,0,0
51.449950,3.965000,120.000,15.060000,0.025000,123.028335,2690,43,0,23,88,176,0,0
51.462785,12.835000,120.000,15.060000,0.025000,123.028769,2690,43,0,23,88,176,0,0
51.465903,3.118000,120.000,15.060000,0.025000,123.029250,2690,43,0,23,88,176,0,0
51.479375,13.472000,120.000,15.060000,0.025000,123.029731,2690,43,0,23,88,176,0,0
51.483013,3.638000,120.000,15.060000,0.025000,123.030211,2690,43,0,23,88,176,0,0
51.496025,13.012000,120.000,15.060000,0.025000,123.030692,2690,43,0,23,88,176,0,0
51.500360,4.335000,120.000,15.060000,0.025000,123.031173,2690,43,0,23,88,176,0,0
51.512677,12.317000,120.000,15.060000,0.025000,123.031608,2690,43,0,23,88,176,0,0
51.515639,2.962000,120.000,15.060000,0.025000,123.032088,2690,43,0,23,88,176,0,0
51.529358,13.719000,120.000,15.060000,0.025000,123.032569,2690,43,0,23,88,176,0,0
51.533541,4.183000,120.000,15.060000,0.025000,123.033050,2690,43,0,23,88,176,0,0
51.546121,12.580000,120.000,15.060000,0.025000,123.033530,2690,43,0,23,88,176,0,0
51.549159,3.038000,120.000,15.060000,0.025000,123.034011,2690,43,0,23,88,176,0,0
51.562762,13.603000,120.000,15.060000,0.025000,123.034492,2690,43,0,23,88,176,0,0
51.566865,4.103000,120.000,15.060000,0.025000,123.034972,2690,43,0,23,88,176,0,0
51.579239,12.374000,120.000,15.060000,0.025000,123.035453,2690,43,0,23,88,176,0,0
51.582291,3.052000,120.000,15.060000,0.025000,123.035933,2690,43,0,23,88,176,0,0
51.595996,13.705000,120.000,15.060000,0.025000,123.036414,2690,43,0,23,88,176,0,0
51.598984,2.988000,120.000,15.060000,0.025000,123.036895,2690,43,0,23,88,176,0,0
51.612659,13.675000,120.000,15.060000,0.025000,123.037375,2690,43,0,23,88,176,0,0
51.616337,3.678000,120.000,15.060000,0.025000,123.037856,2690,43,0,23,88,176,0,0
51.629350,13.013000,120.000,15.060000,0.025000,123.038337,2690,43,0,23,88,176,0,0
51.632352,3.002000,120.000,15.060000,0.025000,123.038772,2690,43,0,23,88,176,0,0
51.646051,13.699000,120.000,15.060000,0.025000,123.039252,2690,43,0,23,88,176,0,0
51.650227,4.176000,120.000,15.060000,0.025000,123.039733,2690,43,0,23,88,176,0,0
51.662652,12.425000,120.000,15.060000,0.025000,123.040214,2690,43,0,23,88,176,0,0
51.665541,2.889000,120.000,15.060000,0.025000,123.040694,2690,43,0,23,88,176,0,0
51.679317,13.776000,120.000,15.060000,0.025000,123.041175,2690,43,0,23,88,176,0,0
51.683400,4.083000,120.000,15.060000,0.025000,123.041656,2690,43,0,23,88,176,0,0
51.696054,12.654000,120.000,15.060000,0.025000,123.042056,2690,43,0,23,88,176,0,0
51.699077,3.023000,120.000,15.060000,0.025000,123.042537,2690,43,0,23,88,176,0,0
51.712714,13.637000,120.000,15.060000,0.025000,123.043017,2690,43,0,23,88,176,0,0
51.717308,4.594000,120.000,15.060000,0.025000,123.043498,2690,43,0,23,88,176,0,0
51.729336,12.028000,120.000,15.060000,0.025000,123.043979,2690,43,0,23,88,176,0,0
51.731480,2.144000,120.000,15.060000,0.025000,123.044459,2690,43,0,23,88,176,0,0
51.745960,14.480000,120.000,15.060000,0.025000,123.044894,2690,43,0,23,88,176,0,0
51.748261,2.301000,120.000,15.060000,0.025000,123.045329,2690,43,0,23,88,176,0,0
51.762632,14.371000,120.000,15.060000,0.025000,123.045810,2690,43,0,23,88,176,0,0
51.764776,2.144000,120.000,15.060000,0.025000,123.046290,2690,43,0,23,88,176,0,0
51.779317,14.541000,120.000,15.060000,0.025000,123.046771,2690,43,0,23,88,176,0,0
51.783201,3.884000,120.000,15.060000,0.025000,123.047252,2690,43,0,23,88,176,0,0
51.795926,12.725000,120.000,15.060000,0.025000,123.047732,2690,43,0,23,88,176,0,0
51.799508,3.582000,120.000,15.060000,0.025000,123.048213,2690,43,0,23,88,176,0,0
51.812590,13.082000,120.000,15.060000,0.025000,123.048694,2690,43,0,23,88,176,0,0
51.814590,2.000000,120.000,15.060000,0.025000,123.049129,2690,43,0,23,88,176,0,0
51.829317,14.727000,120.000,15.060000,0.025000,123.049563,2690,43,0,23,88,176,0,0
51.833244,3.927000,120.000,15.060000,0.025000,123.050044,2690,43,0,23,88,176,0,0
51.845979,12.735000,120.000,15.060000,0.025000,123.050525,2690,43,0,23,88,176,0,0
51.849619,3.640000,120.000,15.060000,0.025000,123.051005,2690,43,0,23,88,176,0,0
51.862641,13.022000,120.000,15.060000,0.025000,123.051486,2690,43,0,23,88,176,0,0
51.866279,3.638000,120.000,15.060000,0.025000,123.051967,2690,43,0,23,88,176,0,0
51.879334,13.055000,120.000,15.060000,0.025000,123.052447,2690,43,0,23,88,176,0,0
51.882234,2.900000,120.000,15.060000,0.025000,123.052928,2690,43,0,23,88,176,0,0
51.896001,13.767000,120.000,15.060000,0.025000,123.053409,2690,43,0,23,88,176,0,0
51.900012,4.011000,120.000,15.060000,0.025000,123.053889,2690,43,0,23,88,176,0,0
51.912625,12.613000,120.000,15.060000,0.025000,123.054370,2690,43,0,23,88,176,0,0
51.916684,4.059000,120.000,15.060000,0.025000,123.054851,2690,43,0,23,88,176,0,0
51.929308,12.624000,120.000,15.060000,0.025000,123.055331,2690,43,0,23,88,176,0,0
51.932295,2.987000,120.000,15.060000,0.025000,123.055812,2690,43,0,23,88,176,0,0
51.945973,13.678000,120.000,15.060000,0.025000,123.056293,2690,43,0,23,88,176,0,0
51.949557,3.584000,120.000,15.060000,0.025000,123.056773,2690,43,0,23,88,176,0,0
51.962645,13.088000,120.000,15.060000,0.025000,123.057254,2690,43,0,23,88,176,0,0
51.966464,3.819000,120.000,15.060000,0.025000,123.057734,2690,43,0,23,88,176,0,0
51.979371,12.907000,120.000,15.060000,0.025000,123.058215,2690,43,0,23,88,176,0,0
51.982369,2.998000,120.000,15.060000,0.025000,123.058696,2690,43,0,23,88,176,0,0
51.995998,13.629000,120.000,15.060000,0.025000,123.059176,2690,43,0,23,88,176,0,0
51.999340,3.342000,120.000,15.060000,0.025000,123.059657,2690,43,0,23,88,176,0,0
52.012590,13.250000,120.000,15.060000,0.025000,123.060092,2690,43,0,23,88,176,0,0
52.015602,3.012000,120.000,15.060000,0.025000,123.060527,2690,43,0,23,88,176,0,0
52.029334,13.732000,120.000,15.060000,0.025000,123.061007,2690,43,0,23,88,176,0,0
52.033446,4.112000,120.000,15.060000,0.025000,123.061488,2690,43,0,23,88,176,0,0
52.045960,12.514000,120.000,15.060000,0.025000,123.061969,2690,43,0,23,88,176,0,0
52.048870,2.910000,120.000,15.060000,0.025000,123.062404,2690,43,0,23,88,176,0,0
52.062700,13.830000,120.000,15.060000,0.025000,123.062839,2690,43,0,23,88,176,0,0
52.066024,3.324000,120.000,15.060000,0.025000,123.063251,2690,43,0,23,88,176,0,0
52.079343,13.319000,120.000,15.060000,0.025000,123.063731,2690,43,0,23,88,176,0,0
52.083532,4.189000,120.000,15.060000,0.025000,123.064212,2690,43,0,23,88,176,0,0
52.095992,12.460000,120.000,15.060000,0.025000,123.064692,2690,43,0,23,88,176,0,0
52.098917,2.925000,120.000,15.060000,0.025000,123.065173,2690,43,0,23,88,176,0,0
52.112542,13.625000,120.000,15.060000,0.025000,123.065654,2690,43,0,23,88,176,0,0
52.116487,3.945000,120.000,15.060000,0.025000,123.066134,2690,43,0,23,88,176,0,0
52.129305,12.818000,120.000,15.060000,0.025000,123.066615,2690,43,0,23,88,176,0,0
52.132244,2.939000,120.000,15.060000,0.025000,123.067096,2690,43,0,23,88,176,0,0
52.145987,13.743000,120.000,15.060000,0.025000,123.067576,2690,43,0,23,88,176,0,0
52.148966,2.979000,120.000,15.060000,0.025000,123.068057,2690,43,0,23,88,176,0,0
52.162646,13.680000,120.000,15.060000,0.025000,123.068538,2690,43,0,23,88,176,0,0
52.166219,3.573000,120.000,15.060000,0.025000,123.069018,2690,43,0,23,88,176,0,0
52.179323,13.104000,120.000,15.060000,0.025000,123.069499,2690,43,0,23,88,176,0,0
52.183134,3.811000,120.000,15.060000,0.025000,123.069980,2690,43,0,23,88,176,0,0
52.195907,12.773000,120.000,15.060000,0.025000,123.070460,2690,43,0,23,88,176,0,0
52.198894,2.987000,120.000,15.060000,0.025000,123.070941,2690,43,0,23,88,176,0,0
52.212701,13.807000,120.000,15.060000,0.025000,123.071422,2690,43,0,23,88,176,0,0
52.215761,3.060000,120.000,15.060000,0.025000,123.071902,2690,43,0,23,88,176,0,0
52.229243,13.482000,120.000,15.060000,0.025000,123.072383,2690,43,0,23,88,176,0,0
52.232218,2.975000,120.000,15.060000,0.025000,123.072864,2690,43,0,23,88,176,0,0
52.245995,13.777000,120.000,15.060000,0.025000,123.073344,2690,43,0,23,88,176,0,0
52.249031,3.036000,120.000,15.060000,0.025000,123.073825,2690,43,0,23,88,176,0,0
52.262655,13.624000,120.000,15.060000,0.025000,123.074306,2690,43,0,23,88,176,0,0
52.266870,4.215000,120.000,15.060000,0.025000,123.074786,2690,43,0,23,88,176,0,0
52.279333,12.463000,120.000,15.060000,0.025000,123.075221,2690,43,0,23,88,176,0,0
52.283562,4.229000,120.000,15.060000,0.025000,123.075702,2690,43,0,23,88,176,0,0
52.295899,12.337000,120.000,15.060000,0.025000,123.076182,2690,43,0,23,88,176,0,0
52.298925,3.026000,120.000,15.060000,0.025000,123.076663,2690,43,0,23,88,176,0,0
52.312644,13.719000,120.000,15.060000,0.025000,123.077144,2690,43,0,23,88,176,0,0
52.315575,2.931000,120.000,15.060000,0.025000,123.077624,2690,43,0,23,88,176,0,0
52.329228,13.653000,120.000,15.060000,0.025000,123.078105,2690,43,0,23,88,176,0,0
52.333192,3.964000,120.000,15.060000,0.025000,123.078586,2690,43,0,23,88,176,0,0
52.345984,12.792000,120.000,15.060000,0.025000,123.079066,2690,43,0,23,88,176,0,0
52.350048,4.064000,120.000,15.060000,0.025000,123.079547,2690,43,0,23,88,176,0,0
52.362590,12.542000,120.000,15.060000,0.025000,123.080028,2690,43,0,23,88,176,0,0
52.364799,2.209000,120.000,15.060000,0.025000,123.080462,2690,43,0,23,88,176,0,0
52.379292,14.493000,120.000,15.060000,0.025000,123.080943,2690,43,0,23,88,176,0,0
52.382050,2.758000,120.000,15.060000,0.025000,123.081424,2690,43,0,23,88,176,0,0
52.395975,13.925000,120.000,15.060000,0.025000,123.081859,2690,43,0,23,88,176,0,0
52.400363,4.388000,120.000,15.060000,0.025000,123.082339,2690,43,0,23,88,176,0,0
52.412610,12.247000,120.000,14.687000,0.022000,123.082820,2690,43,0,23,88,176,0,0
52.414767,2.157000,120.000,14.687000,0.022000,123.083255,2690,43,0,23,88,176,0,0
52.429285,14.518000,120.000,14.687000,0.022000,123.083735,2690,43,0,23,88,176,0,0
52.432597,3.312000,120.000,14.687000,0.022000,123.084216,2690,43,0,23,88,176,0,0
52.445957,13.360000,120.000,14.687000,0.022000,123.084697,2690,43,0,23,88,176,0,0
52.448068,2.111000,120.000,14.687000,0.022000,123.085177,2690,43,0,23,88,176,0,0
52.462660,14.592000,120.000,14.687000,0.022000,123.085658,2690,43,0,23,88,176,0,0
52.465268,2.608000,120.000,14.687000,0.022000,123.086093,2690,43,0,23,88,176,0,0
52.479261,13.993000,120.000,14.687000,0.022000,123.086574,2690,43,0,23,88,176,0,0
52.483417,4.156000,120.000,14.687000,0.022000,123.087054,2690,43,0,23,88,176,0,0
52.495961,12.544000,120.000,14.687000,0.022000,123.087535,2690,43,0,23,88,176,0,0
52.498892,2.931000,120.000,14.687000,0.022000,123.088016,2690,43,0,23,88,176,0,0
52.512626,13.734000,120.000,14.687000,0.022000,123.088496,2690,43,0,23,88,176,0,0
52.516202,3.576000,120.000,14.687000,0.022000,123.088977,2690,43,0,23,88,176,0,0
52.529398,13.196000,120.000,14.687000,0.022000,123.089458,2690,43,0,23,88,176,0,0
52.532668,3.270000,120.000,14.687000,0.022000,123.089938,2690,43,0,23,88,176,0,0
52.545883,13.215000,120.000,14.687000,0.022000,123.090419,2690,43,0,23,88,176,0,0
52.549892,4.009000,120.000,14.687000,0.022000,123.090899,2690,43,0,23,88,176,0,0
52.562656,12.764000,120.000,14.687000,0.022000,123.091380,2690,43,0,23,88,176,0,0
52.565574,2.918000,120.000,14.687000,0.022000,123.091861,2690,43,0,23,88,176,0,0
52.579298,13.724000,120.000,14.687000,0.022000,123.092341,2690,43,0,23,88,176,0,0
52.582213,2.915000,120.000,14.687000,0.022000,123.092822,2690,43,0,23,88,176,0,0
52.595972,13.759000,120.000,14.687000,0.022000,123.093303,2690,43,0,23,88,176,0,0
52.599838,3.866000,120.000,14.687000,0.022000,123.093783,2690,43,0,23,88,176,0,0
52.612675,12.837000,120.000,14.687000,0.022000,123.094264,2690,43,0,23,88,176,0,0
52.616561,3.886000,120.000,14.687000,0.022000,123.094745,2690,43,0,23,88,176,0,0
52.629300,12.739000,120.000,14.687000,0.022000,123.095225,2690,43,0,23,88,176,0,0
52.632296,2.996000,120.000,14.687000,0.022000,123.095637,2690,43,0,23,88,176,0,0
52.645991,13.695000,120.000,14.687000,0.022000,123.096118,2690,43,0,23,88,176,0,0
52.649843,3.852000,120.000,14.687000,0.022000,123.096599,2690,43,0,23,88,176,0,0
52.662545,12.702000,120.000,14.687000,0.022000,123.097079,2690,43,0,23,88,176,0,0
52.666288,3.743000,120.000,14.687000,0.022000,123.097560,2690,43,0,23,88,176,0,0
52.679292,13.004000,120.000,14.687000,0.022000,123.098041,2690,43,0,23,88,176,0,0
52.682218,2.926000,120.000,14.687000,0.022000,123.098521,2690,43,0,23,88,176,0,0
52.695876,13.658000,120.000,14.687000,0.022000,123.099002,2690,43,0,23,88,176,0,0
52.699804,3.928000,120.000,14.687000,0.022000,123.099483,2690,43,0,23,88,176,0,0
52.712609,12.805000,120.000,14.687000,0.022000,123.099963,2690,43,0,23,88,176,0,0
52.715539,2.930000,120.000,14.687000,0.022000,123.100444,2690,43,0,23,88,176,0,0
52.729309,13.770000,120.000,14.687000,0.022000,123.100924,2690,43,0,23,88,176,0,0
52.732531,3.222000,120.000,14.687000,0.022000,123.101405,2690,43,0,23,88,176,0,0
52.745972,13.441000,120.000,14.687000,0.022000,123.101886,2690,43,0,23,88,176,0,0
52.748889,2.917000,120.000,14.687000,0.022000,123.102366,2690,43,0,23,88,176,0,0
52.762638,13.749000,120.000,14.687000,0.022000,123.102847,2690,43,0,23,88,176,0,0
52.765590,2.952000,120.000,14.687000,0.022000,123.103328,2690,43,0,23,88,176,0,0
52.779310,13.720000,120.000,14.687000,0.022000,123.103763,2690,43,0,23,88,176,0,0
52.783164,3.854000,120.000,14.687000,0.022000,123.104198,2690,43,0,23,88,176,0,0
52.795979,12.815000,120.000,14.687000,0.022000,123.104678,2690,43,0,23,88,176,0,0
52.799204,3.225000,120.000,14.687000,0.022000,123.105159,2690,43,0,23,88,176,0,0
52.812631,13.427000,120.000,14.687000,0.022000,123.105639,2690,43,0,23,88,176,0,0
52.816510,3.879000,120.000,14.687000,0.022000,123.106120,2690,43,0,23,88,176,0,0
52.829309,12.799000,120.000,14.687000,0.022000,123.106555,2690,43,0,23,88,176,0,0
52.833173,3.864000,120.000,14.687000,0.022000,123.107036,2690,43,0,23,88,176,0,0
52.845994,12.821000,120.000,14.687000,0.022000,123.107516,2690,43,0,23,88,176,0,0
52.849006,3.012000,120.000,14.687000,0.022000,123.107997,2690,43,0,23,88,176,0,0
52.862669,13.663000,120.000,14.687000,0.022000,123.108478,2690,43,0,23,88,176,0,0
52.866604,3.935000,120.000,14.687000,0.022000,123.108958,2690,43,0,23,88,176,0,0
52.879330,12.726000,120.000,14.687000,0.022000,123.109439,2690,43,0,23,88,176,0,0
52.883140,3.810000,120.000,14.687000,0.022000,123.109874,2690,43,0,23,88,176,0,0
52.895979,12.839000,120.000,14.687000,0.022000,123.110309,2690,43,0,23,88,176,0,0
52.898949,2.970000,120.000,14.687000,0.022000,123.110789,2690,43,0,23,88,176,0,0
52.912704,13.755000,120.000,14.687000,0.022000,123.111270,2690,43,0,23,88,176,0,0
52.915753,3.049000,120.000,14.687000,0.022000,123.111751,2690,43,0,23,88,176,0,0
52.929305,13.552000,120.000,14.687000,0.022000,123.112231,2690,43,0,23,88,176,0,0
52.932300,2.995000,120.000,14.687000,0.022000,123.112712,2690,43,0,23,88,176,0,0
52.945883,13.583000,120.000,14.687000,0.022000,123.113112,2690,43,0,23,88,176,0,0
52.949999,4.116000,120.000,14.687000,0.022000,123.113593,2690,43,0,23,88,176,0,0
52.962608,12.609000,120.000,14.687000,0.022000,123.114074,2690,43,0,23,88,176,0,0
52.965612,3.004000,120.000,14.687000,0.022000,123.114554,2690,43,0,23,88,176,0,0
52.979224,13.612000,120.000,14.687000,0.022000,123.115035,2690,43,0,23,88,176,0,0
52.982221,2.997000,120.000,14.687000,0.022000,123.115516,2690,43,0,23,88,176,0,0
52.995969,13.748000,120.000,14.687000,0.022000,123.115996,2690,43,0,23,88,176,0,0
52.999872,3.903000,120.000,14.687000,0.022000,123.116477,2690,43,0,23,88,176,0,0
53.012542,12.670000,120.000,14.687000,0.022000,123.116958,2690,43,0,23,88,176,0,0
53.015469,2.927000,120.000,14.687000,0.022000,123.117438,2690,43,0,23,88,176,0,0
53.029207,13.738000,120.000,14.687000,0.022000,123.117919,2690,43,0,23,88,176,0,0
53.033327,4.120000,120.000,14.687000,0.022000,123.118400,2690,43,0,23,88,176,0,0
53.045958,12.631000,120.000,14.687000,0.022000,123.118880,2690,43,0,23,88,176,0,0
53.048950,2.992000,120.000,14.687000,0.022000,123.119361,2690,43,0,23,88,176,0,0
53.062636,13.686000,120.000,14.687000,0.022000,123.119796,2690,43,0,23,88,176,0,0
53.066162,3.526000,120.000,14.687000,0.022000,123.120276,2690,43,0,23,88,176,0,0
53.079215,13.053000,120.000,14.687000,0.022000,123.120757,2690,43,0,23,88,176,0,0
53.083162,3.947000,120.000,14.687000,0.022000,123.121238,2690,43,0,23,88,176,0,0
53.096104,12.942000,120.000,14.687000,0.022000,123.121718,2690,43,0,23,88,176,0,0
53.099126,3.022000,120.000,14.687000,0.022000,123.122199,2690,43,0,23,88,176,0,0
53.112645,13.519000,120.000,14.687000,0.022000,123.122680,2690,43,0,23,88,176,0,0
53.116740,4.095000,120.000,14.687000,0.022000,123.123160,2690,43,0,23,88,176,0,0
53.129321,12.581000,120.000,14.687000,0.022000,123.123595,2690,43,0,23,88,176,0,0
53.132275,2.954000,120.000,14.687000,0.022000,123.124076,2690,43,0,23,88,176,0,0
53.145892,13.617000,120.000,14.687000,0.022000,123.124557,2690,43,0,23,88,176,0,0
53.148996,3.104000,120.000,14.687000,0.022000,123.125037,2690,43,0,23,88,176,0,0
53.162664,13.668000,120.000,14.687000,0.022000,123.125518,2690,43,0,23,88,176,0,0
53.166670,4.006000,120.000,14.687000,0.022000,123.125998,2690,43,0,23,88,176,0,0
53.179324,12.654000,120.000,14.687000,0.022000,123.126433,2690,43,0,23,88,176,0,0
53.182398,3.074000,120.000,14.687000,0.022000,123.126914,2690,43,0,23,88,176,0,0
53.195986,13.588000,120.000,14.687000,0.022000,123.127395,2690,43,0,23,88,176,0,0
53.200094,4.108000,120.000,14.687000,0.022000,123.127875,2690,43,0,23,88,176,0,0
53.212672,12.578000,120.000,14.687000,0.022000,123.128356,2690,43,0,23,88,176,0,0
53.215685,3.013000,120.000,14.687000,0.022000,123.128837,2690,43,0,23,88,176,0,0
53.229321,13.636000,120.000,14.687000,0.022000,123.129317,2690,43,0,23,88,176,0,0
53.233344,4.023000,120.000,14.687000,0.022000,123.129798,2690,43,0,23,88,176,0,0
53.246053,12.709000,120.000,14.687000,0.022000,123.130279,2690,43,0,23,88,176,0,0
53.249127,3.074000,120.000,14.687000,0.022000,123.130759,2690,43,0,23,88,176,0,0
53.263025,13.898000,120.000,14.687000,0.022000,123.131240,2690,43,0,23,88,176,0,0
53.267037,4.012000,120.000,14.687000,0.022000,123.131721,2690,43,0,23,88,176,0,0
53.279475,12.438000,120.000,14.687000,0.022000,123.132201,2690,43,0,23,88,176,0,0
53.281412,1.937000,120.000,14.687000,0.022000,123.132682,2690,43,0,23,88,176,0,0
53.296375,14.963000,120.000,14.687000,0.022000,123.133162,2690,43,0,23,88,176,0,0
53.300515,4.140000,120.000,14.687000,0.022000,123.133643,2690,43,0,23,88,176,0,0
53.313011,12.496000,120.000,14.687000,0.022000,123.134124,2690,43,0,23,88,176,0,0
53.316876,3.865000,120.000,14.687000,0.022000,123.134604,2690,43,0,23,88,176,0,0
53.329463,12.587000,120.000,14.687000,0.022000,123.135085,2690,43,0,23,88,176,0,0
53.331435,1.972000,120.000,14.687000,0.022000,123.135566,2690,43,0,23,88,176,0,0
53.346251,14.816000,120.000,14.687000,0.022000,123.136046,2690,43,0,23,88,176,0,0
53.348541,2.290000,120.000,14.687000,0.022000,123.136527,2690,43,0,23,88,176,0,0
53.362906,14.365000,120.000,14.687000,0.022000,123.137008,2690,43,0,23,88,176,0,0
53.365241,2.335000,120.000,14.687000,0.022000,123.137488,2690,43,0,23,88,176,0,0
53.380163,14.922000,120.000,14.687000,0.022000,123.137969,2690,43,0,23,88,176,0,0
53.383878,3.715000,120.000,14.687000,0.022000,123.138450,2690,43,0,23,88,176,0,0
53.396488,12.610000,120.000,14.687000,0.022000,123.138930,2690,43,0,23,88,176,0,0
53.398788,2.300000,120.000,14.687000,0.022000,123.139411,2690,43,0,23,88,176,0,0
53.413298,14.510000,120.000,14.925000,0.020000,123.139892,2690,43,0,23,88,176,0,0
53.418581,5.283000,120.000,14.925000,0.020000,123.140372,2690,43,0,23,88,176,0,0
53.429908,11.327000,120.000,14.925000,0.020000,123.140853,2690,43,0,23,88,176,0,0
53.433337,3.429000,120.000,14.925000,0.020000,123.141334,2690,43,0,23,88,176,0,0
53.446551,13.214000,120.000,14.925000,0.020000,123.141814,2690,43,0,23,88,176,0,0
53.449912,3.361000,120.000,14.925000,0.020000,123.142295,2690,43,0,23,88,176,0,0
53.463244,13.332000,120.000,14.925000,0.020000,123.142776,2690,43,0,23,88,176,0,0
53.466760,3.516000,120.000,14.925000,0.020000,123.143256,2690,43,0,23,88,176,0,0
53.479838,13.078000,120.000,14.925000,0.020000,123.143691,2690,43,0,23,88,176,0,0
53.483209,3.371000,120.000,14.925000,0.020000,123.144172,2690,43,0,23,88,176,0,0
53.496625,13.416000,120.000,14.925000,0.020000,123.144652,2690,43,0,23,88,176,0,0
53.500142,3.517000,120.000,14.925000,0.020000,123.145133,2690,43,0,23,88,176,0,0
53.513258,13.116000,120.000,14.925000,0.020000,123.145614,2690,43,0,23,88,176,0,0
53.516685,3.427000,120.000,14.925000,0.020000,123.146094,2690,43,0,23,88,176,0,0
53.529896,13.211000,120.000,14.925000,0.020000,123.146575,2690,43,0,23,88,176,0,0
53.533383,3.487000,120.000,14.925000,0.020000,123.147056,2690,43,0,23,88,176,0,0
53.546518,13.135000,120.000,14.925000,0.020000,123.147536,2690,43,0,23,88,176,0,0
53.551736,5.218000,120.000,14.925000,0.020000,123.148017,2690,43,0,23,88,176,0,0
53.562798,11.062000,120.000,14.925000,0.020000,123.148498,2690,43,0,23,88,176,0,0
53.566042,3.244000,120.000,14.925000,0.020000,123.148978,2690,43,0,23,88,176,0,0
53.579429,13.387000,120.000,14.925000,0.020000,123.149459,2690,43,0,23,88,176,0,0
53.582519,3.090000,120.000,14.925000,0.020000,123.149940,2690,43,0,23,88,176,0,0
53.596540,14.021000,120.000,14.925000,0.020000,123.150420,2690,43,0,23,88,176,0,0
53.601262,4.722000,120.000,14.925000,0.020000,123.150855,2690,43,0,23,88,176,0,0
53.612884,11.622000,120.000,14.925000,0.020000,123.151336,2690,43,0,23,88,176,0,0
53.615100,2.216000,120.000,14.925000,0.020000,123.151816,2690,43,0,23,88,176,0,0
53.629812,14.712000,120.000,14.925000,0.020000,123.152217,2690,43,0,23,88,176,0,0
53.634112,4.300000,120.000,14.925000,0.020000,123.152698,2690,43,0,23,88,176,0,0
53.646271,12.159000,120.000,14.925000,0.020000,123.153178,2690,43,0,23,88,176,0,0
53.648197,1.926000,120.000,14.925000,0.020000,123.153659,2690,43,0,23,88,176,0,0
53.663243,15.046000,120.000,14.925000,0.020000,123.154140,2690,43,0,23,88,176,0,0
53.668547,5.304000,120.000,14.925000,0.020000,123.154620,2690,43,0,23,88,176,0,0
53.679112,10.565000,120.000,14.925000,0.020000,123.155101,2690,43,0,23,88,176,0,0
53.681672,2.560000,120.000,14.925000,0.020000,123.155581,2690,43,0,23,88,176,0,0
53.696444,14.772000,120.000,14.925000,0.020000,123.156062,2690,43,0,23,88,176,0,0
53.699232,2.788000,120.000,14.925000,0.020000,123.156543,2690,43,0,23,88,176,0,0
53.712685,13.453000,120.000,14.925000,0.020000,123.157023,2690,43,0,23,88,176,0,0
53.715249,2.564000,120.000,14.925000,0.020000,123.157504,2690,43,0,23,88,176,0,0
53.729335,14.086000,120.000,14.925000,0.020000,123.157985,2690,43,0,23,88,176,0,0
53.732396,3.061000,120.000,14.925000,0.020000,123.158465,2690,43,0,23,88,176,0,0
53.746006,13.610000,120.000,14.925000,0.020000,123.158946,2690,43,0,23,88,176,0,0
53.749944,3.938000,120.000,14.925000,0.020000,123.159427,2690,43,0,23,88,176,0,0
53.762539,12.595000,120.000,14.925000,0.020000,123.159907,2690,43,0,23,88,176,0,0
53.766289,3.750000,120.000,14.925000,0.020000,123.160388,2690,43,0,23,88,176,0,0
53.779318,13.029000,120.000,14.925000,0.020000,123.160869,2690,43,0,23,88,176,0,0
53.783304,3.986000,120.000,14.925000,0.020000,123.161349,2690,43,0,23,88,176,0,0
53.795697,12.393000,120.000,14.925000,0.020000,123.161830,2690,43,0,23,88,176,0,0
53.798622,2.925000,120.000,14.925000,0.020000,123.162311,2690,43,0,23,88,176,0,0
53.812643,14.021000,120.000,14.925000,0.020000,123.162791,2690,43,0,23,88,176,0,0
53.816536,3.893000,120.000,14.925000,0.020000,123.163272,2690,43,0,23,88,176,0,0
53.829210,12.674000,120.000,14.925000,0.020000,123.163753,2690,43,0,23,88,176,0,0
53.833057,3.847000,120.000,14.925000,0.020000,123.164187,2690,43,0,23,88,176,0,0
53.845954,12.897000,120.000,14.925000,0.020000,123.164668,2690,43,0,23,88,176,0,0
53.848956,3.002000,120.000,14.925000,0.020000,123.165149,2690,43,0,23,88,176,0,0
53.862603,13.647000,120.000,14.925000,0.020000,123.165629,2690,43,0,23,88,176,0,0
53.865533,2.930000,120.000,14.925000,0.020000,123.166110,2690,43,0,23,88,176,0,0
53.879204,13.671000,120.000,14.925000,0.020000,123.166591,2690,43,0,23,88,176,0,0
53.883095,3.891000,120.000,14.925000,0.020000,123.167071,2690,43,0,23,88,176,0,0
53.895997,12.902000,120.000,14.925000,0.020000,123.167552,2690,43,0,23,88,176,0,0
53.899896,3.899000,120.000,14.925000,0.020000,123.168033,2690,43,0,23,88,176,0,0
53.912594,12.698000,120.000,14.925000,0.020000,123.168513,2690,43,0,23,88,176,0,0
53.914935,2.341000,120.000,14.925000,0.020000,123.168994,2690,43,0,23,88,176,0,0
53.929317,14.382000,120.000,14.925000,0.020000,123.169475,2690,43,0,23,88,176,0,0
53.933324,4.007000,120.000,14.925000,0.020000,123.169955,2690,43,0,23,88,176,0,0
53.945953,12.629000,120.000,14.925000,0.020000,123.170436,2690,43,0,23,88,176,0,0
53.949728,3.775000,120.000,14.925000,0.020000,123.170917,2690,43,0,23,88,176,0,0
53.962627,12.899000,120.000,14.925000,0.020000,123.171397,2690,43,0,23,88,176,0,0
53.966653,4.026000,120.000,14.925000,0.020000,123.171878,2690,43,0,23,88,176,0,0
53.979272,12.619000,120.000,14.925000,0.020000,123.172359,2690,43,0,23,88,176,0,0
53.981285,2.013000,120.000,14.925000,0.020000,123.172839,2690,43,0,23,88,176,0,0
53.995965,14.680000,120.000,14.925000,0.020000,123.173320,2690,43,0,23,88,176,0,0
53.999891,3.926000,120.000,14.925000,0.020000,123.173800,2690,43,0,23,88,176,0,0
54.012626,12.735000,120.000,14.925000,0.020000,123.174281,2690,43,0,23,88,176,0,0
54.014714,2.088000,120.000,14.925000,0.020000,123.174762,2690,43,0,23,88,176,0,0
54.029311,14.597000,120.000,14.925000,0.020000,123.175242,2690,43,0,23,88,176,0,0
54.033056,3.745000,120.000,14.925000,0.020000,123.175723,2690,43,0,23,88,176,0,0
54.045987,12.931000,120.000,14.925000,0.020000,123.176204,2690,43,0,23,88,176,0,0
54.049840,3.853000,120.000,14.925000,0.020000,123.176684,2690,43,0,23,88,176,0,0
54.062525,12.685000,120.000,14.925000,0.020000,123.177119,2690,43,0,23,88,176,0,0
54.065559,3.034000,120.000,14.925000,0.020000,123.177600,2690,43,0,23,88,176,0,0
54.079148,13.589000,120.000,14.925000,0.020000,123.178081,2690,43,0,23,88,176,0,0
54.082189,3.041000,120.000,14.925000,0.020000,123.178561,2690,43,0,23,88,176,0,0
54.095934,13.745000,120.000,14.925000,0.020000,123.179042,2690,43,0,23,88,176,0,0
54.099222,3.288000,120.000,14.925000,0.020000,123.179523,2690,43,0,23,88,176,0,0
54.112670,13.448000,120.000,14.925000,0.020000,123.180003,2690,43,0,23,88,176,0,0
54.115730,3.060000,120.000,14.925000,0.020000,123.180438,2690,43,0,23,88,176,0,0
54.129466,13.736000,120.000,14.925000,0.020000,123.180873,2690,43,0,23,88,176,0,0
54.132751,3.285000,120.000,14.925000,0.020000,123.181354,2690,43,0,23,88,176,0,0
54.146116,13.365000,120.000,14.925000,0.020000,123.181834,2690,43,0,23,88,176,0,0
54.149297,3.181000,120.000,14.925000,0.020000,123.182315,2690,43,0,23,88,176,0,0
54.162884,13.587000,120.000,14.925000,0.020000,123.182796,2690,43,0,23,88,176,0,0
54.167795,4.911000,120.000,14.925000,0.020000,123.183276,2690,43,0,23,88,176,0,0
54.179508,11.713000,120.000,14.925000,0.020000,123.183757,2690,43,0,23,88,176,0,0
54.182712,3.204000,120.000,14.925000,0.020000,123.184237,2690,43,0,23,88,176,0,0
54.196362,13.650000,120.000,14.925000,0.020000,123.184718,2690,43,0,23,88,176,0,0
54.202087,5.725000,120.000,14.925000,0.020000,123.185199,2690,43,0,23,88,176,0,0
54.213077,10.990000,120.000,14.925000,0.020000,123.185679,2690,43,0,23,88,176,0,0
54.215418,2.341000,120.000,14.925000,0.020000,123.186160,2690,43,0,23,88,176,0,0
54.230046,14.628000,120.000,14.925000,0.020000,123.186641,2690,43,0,23,88,176,0,0
54.233433,3.387000,120.000,14.925000,0.020000,123.187121,2690,43,0,23,88,176,0,0
54.245842,12.409000,120.000,14.925000,0.020000,123.187602,2690,43,0,23,88,176,0,0
54.251255,5.413000,120.000,14.925000,0.020000,123.188083,2690,43,0,23,88,176,0,0
54.263245,11.990000,120.000,14.925000,0.020000,123.188563,2690,43,0,23,88,176,0,0
54.265352,2.107000,120.000,14.925000,0.020000,123.189044,2690,43,0,23,88,176,0,0
54.279928,14.576000,120.000,14.925000,0.020000,123.189525,2690,43,0,23,88,176,0,0
54.282231,2.303000,120.000,14.925000,0.020000,123.190005,2690,43,0,23,88,176,0,0
54.296687,14.456000,120.000,14.925000,0.020000,123.190486,2690,43,0,23,88,176,0,0
54.298975,2.288000,120.000,14.925000,0.020000,123.190967,2690,43,0,23,88,176,0,0
54.313321,14.346000,120.000,14.925000,0.020000,123.191447,2690,43,0,23,88,176,0,0
54.315655,2.334000,120.000,14.925000,0.020000,123.191928,2690,43,0,23,88,176,0,0
54.329931,14.276000,120.000,14.925000,0.020000,123.192409,2690,43,0,23,88,176,0,0
54.334117,4.186000,120.000,14.925000,0.020000,123.192889,2690,43,0,23,88,176,0,0
54.346533,12.416000,120.000,14.925000,0.020000,123.193370,2690,43,0,23,88,176,0,0
54.349946,3.413000,120.000,14.925000,0.020000,123.193851,2690,43,0,23,88,176,0,0
54.363174,13.228000,120.000,14.925000,0.020000,123.194331,2690,43,0,23,88,176,0,0
54.366593,3.419000,120.000,14.925000,0.020000,123.194812,2690,43,0,23,88,176,0,0
54.379842,13.249000,120.000,14.925000,0.020000,123.195292,2690,43,0,23,88,176,0,0
54.382185,2.343000,120.000,14.925000,0.020000,123.195773,2690,43,0,23,88,176,0,0
54.396604,14.419000,120.000,14.925000,0.020000,123.196254,2690,43,0,23,88,176,0,0
54.398716,2.112000,120.000,14.925000,0.020000,123.196734,2690,43,0,23,88,176,0,0
54.413228,14.512000,120.000,15.002000,0.035000,123.197215,2690,43,0,23,88,176,0,0
54.415469,2.241000,120.000,15.002000,0.035000,123.197696,2690,43,0,23,88,176,0,0
54.429888,14.419000,120.000,15.002000,0.035000,123.198176,2690,43,0,23,88,176,0,0
54.432418,2.530000,120.000,15.002000,0.035000,123.198657,2690,43,0,23,88,176,0,0
54.446654,14.236000,120.000,15.002000,0.035000,123.199138,2690,43,0,23,88,176,0,0
54.449156,2.502000,120.000,15.002000,0.035000,123.199618,2690,43,0,23,88,176,0,0
54.463254,14.098000,120.000,15.002000,0.035000,123.200099,2690,43,0,23,88,176,0,0
54.465633,2.379000,120.000,15.002000,0.035000,123.200580,2690,43,0,23,88,176,0,0
54.479923,14.290000,120.000,15.002000,0.035000,123.201060,2690,43,0,23,88,176,0,0
54.482245,2.322000,120.000,15.002000,0.035000,123.201541,2690,43,0,23,88,176,0,0
54.496557,14.312000,120.000,15.002000,0.035000,123.202022,2690,43,0,23,88,176,0,0
54.500867,4.310000,120.000,15.002000,0.035000,123.202502,2690,43,0,23,88,176,0,0
54.513157,12.290000,120.000,15.002000,0.035000,123.202983,2690,43,0,23,88,176,0,0
54.516720,3.563000,120.000,15.002000,0.035000,123.203464,2690,43,0,23,88,176,0,0
54.529944,13.224000,120.000,15.002000,0.035000,123.203898,2690,43,0,23,88,176,0,0
54.533396,3.452000,120.000,15.002000,0.035000,123.204379,2690,43,0,23,88,176,0,0
54.546574,13.178000,120.000,15.002000,0.035000,123.204860,2690,43,0,23,88,176,0,0
54.550072,3.498000,120.000,15.002000,0.035000,123.205340,2690,43,0,23,88,176,0,0
54.563205,13.133000,120.000,15.002000,0.035000,123.205821,2690,43,0,23,88,176,0,0
54.566746,3.541000,120.000,15.002000,0.035000,123.206302,2690,43,0,23,88,176,0,0
54.579830,13.084000,120.000,15.002000,0.035000,123.206782,2690,43,0,23,88,176,0,0
54.583336,3.506000,120.000,15.002000,0.035000,123.207217,2690,43,0,23,88,176,0,0
54.596622,13.286000,120.000,15.002000,0.035000,123.207698,2690,43,0,23,88,176,0,0
54.600084,3.462000,120.000,15.002000,0.035000,123.208179,2690,43,0,23,88,176,0,0
54.613213,13.129000,120.000,15.002000,0.035000,123.208659,2690,43,0,23,88,176,0,0
54.616664,3.451000,120.000,15.002000,0.035000,123.209140,2690,43,0,23,88,176,0,0
54.630043,13.379000,120.000,15.002000,0.035000,123.209620,2690,43,0,23,88,176,0,0
54.634848,4.805000,120.000,15.002000,0.035000,123.210101,2690,43,0,23,88,176,0,0
54.646483,11.635000,120.000,15.002000,0.035000,123.210582,2690,43,0,23,88,176,0,0
54.649889,3.406000,120.000,15.002000,0.035000,123.211062,2690,43,0,23,88,176,0,0
54.663164,13.275000,120.000,15.002000,0.035000,123.211543,2690,43,0,23,88,176,0,0
54.665540,2.376000,120.000,15.002000,0.035000,123.212024,2690,43,0,23,88,176,0,0
54.679937,14.397000,120.000,15.002000,0.035000,123.212459,2690,43,0,23,88,176,0,0
54.682065,2.128000,120.000,15.002000,0.035000,123.212939,2690,43,0,23,88,176,0,0
54.696711,14.646000,120.000,15.002000,0.035000,123.213420,2690,43,0,23,88,176,0,0
54.701229,4.518000,120.000,15.002000,0.035000,123.213901,2690,43,0,23,88,176,0,0
54.713182,11.953000,120.000,15.002000,0.035000,123.214381,2690,43,0,23,88,176,0,0
54.715484,2.302000,120.000,15.002000,0.035000,123.214862,2690,43,0,23,88,176,0,0
54.729958,14.474000,120.000,15.002000,0.035000,123.215343,2690,43,0,23,88,176,0,0
54.732162,2.204000,120.000,15.002000,0.035000,123.215823,2690,43,0,23,88,176,0,0
54.746646,14.484000,120.000,15.002000,0.035000,123.216304,2690,43,0,23,88,176,0,0
54.748940,2.294000,120.000,15.002000,0.035000,123.216784,2690,43,0,23,88,176,0,0
54.763256,14.316000,120.000,15.002000,0.035000,123.217219,2690,43,0,23,88,176,0,0
54.767604,4.348000,120.000,15.002000,0.035000,123.217700,2690,43,0,23,88,176,0,0
54.779843,12.239000,120.000,15.002000,0.035000,123.218181,2690,43,0,23,88,176,0,0
54.782794,2.951000,120.000,15.002000,0.035000,123.218661,2690,43,0,23,88,176,0,0
54.796491,13.697000,120.000,15.002000,0.035000,123.219142,2690,43,0,23,88,176,0,0
54.800019,3.528000,120.000,15.002000,0.035000,123.219623,2690,43,0,23,88,176,0,0
54.813226,13.207000,120.000,15.002000,0.035000,123.220103,2690,43,0,23,88,176,0,0
54.816637,3.411000,120.000,15.002000,0.035000,123.220584,2690,43,0,23,88,176,0,0
54.829917,13.280000,120.000,15.002000,0.035000,123.221065,2690,43,0,23,88,176,0,0
54.832417,2.500000,120.000,15.002000,0.035000,123.221545,2690,43,0,23,88,176,0,0
54.846540,14.123000,120.000,15.002000,0.035000,123.222026,2690,43,0,23,88,176,0,0
54.848541,2.001000,120.000,15.002000,0.035000,123.222461,2690,43,0,23,88,176,0,0
54.863344,14.803000,120.000,15.002000,0.035000,123.222941,2690,43,0,23,88,176,0,0
54.867596,4.252000,120.000,15.002000,0.035000,123.223422,2690,43,0,23,88,176,0,0
54.879901,12.305000,120.000,15.002000,0.035000,123.223903,2690,43,0,23,88,176,0,0
54.882237,2.336000,120.000,15.002000,0.035000,123.224383,2690,43,0,23,88,176,0,0
54.896572,14.335000,120.000,15.002000,0.035000,123.224864,2690,43,0,23,88,176,0,0
54.898814,2.242000,120.000,15.002000,0.035000,123.225345,2690,43,0,23,88,176,0,0
54.913090,14.276000,120.000,15.002000,0.035000,123.225825,2690,43,0,23,88,176,0,0
54.915865,2.775000,120.000,15.002000,0.035000,123.226260,2690,43,0,23,88,176,0,0
54.929999,14.134000,120.000,15.002000,0.035000,123.226741,2690,43,0,23,88,176,0,0
54.933010,3.011000,120.000,15.002000,0.035000,123.227221,2690,43,0,23,88,176,0,0
54.946581,13.571000,120.000,15.002000,0.035000,123.227656,2690,43,0,23,88,176,0,0
54.949656,3.075000,120.000,15.002000,0.035000,123.228137,2690,43,0,23,88,176,0,0
54.963227,13.571000,120.000,15.002000,0.035000,123.228618,2690,43,0,23,88,176,0,0
54.966810,3.583000,120.000,15.002000,0.035000,123.229098,2690,43,0,23,88,176,0,0
54.979839,13.029000,120.000,15.002000,0.035000,123.229533,2690,43,0,23,88,176,0,0
54.983408,3.569000,120.000,15.002000,0.035000,123.230014,2690,43,0,23,88,176,0,0
54.996488,13.080000,120.000,15.002000,0.035000,123.230494,2690,43,0,23,88,176,0,0
54.999983,3.495000,120.000,15.002000,0.035000,123.230975,2690,43,0,23,88,176,0,0
55.013111,13.128000,120.000,15.002000,0.035000,123.231456,2690,43,0,23,88,176,0,0
55.016651,3.540000,120.000,15.002000,0.035000,123.231936,2690,43,0,23,88,176,0,0
55.029317,12.666000,120.000,15.002000,0.035000,123.232417,2690,43,0,23,88,176,0,0
55.032318,3.001000,120.000,15.002000,0.035000,123.232898,2690,43,0,23,88,176,0,0
55.046053,13.735000,120.000,15.002000,0.035000,123.233378,2690,43,0,23,88,176,0,0
55.049167,3.114000,120.000,15.002000,0.035000,123.233859,2690,43,0,23,88,176,0,0
55.062599,13.432000,120.000,15.002000,0.035000,123.234340,2690,43,0,23,88,176,0,0
55.065832,3.233000,120.000,15.002000,0.035000,123.234820,2690,43,0,23,88,176,0,0
55.079293,13.461000,120.000,15.002000,0.035000,123.235301,2690,43,0,23,88,176,0,0
55.082508,3.215000,120.000,15.002000,0.035000,123.235782,2690,43,0,23,88,176,0,0
55.096008,13.500000,120.000,15.002000,0.035000,123.236262,2690,43,0,23,88,176,0,0
55.100180,4.172000,120.000,15.002000,0.035000,123.236743,2690,43,0,23,88,176,0,0
55.112786,12.606000,120.000,15.002000,0.035000,123.237178,2690,43,0,23,88,176,0,0
55.114818,2.032000,120.000,15.002000,0.035000,123.237659,2690,43,0,23,88,176,0,0
55.129801,14.983000,120.000,15.002000,0.035000,123.238139,2690,43,0,23,88,176,0,0
55.134348,4.547000,120.000,15.002000,0.035000,123.238620,2690,43,0,23,88,176,0,0
55.146279,11.931000,120.000,15.002000,0.035000,123.239100,2690,43,0,23,88,176,0,0
55.148423,2.144000,120.000,15.002000,0.035000,123.239581,2690,43,0,23,88,176,0,0
55.162947,14.524000,120.000,15.002000,0.035000,123.240062,2690,43,0,23,88,176,0,0
55.165311,2.364000,120.000,15.002000,0.035000,123.240542,2690,43,0,23,88,176,0,0
55.179785,14.474000,120.000,15.002000,0.035000,123.241023,2690,43,0,23,88,176,0,0
55.182212,2.427000,120.000,15.002000,0.035000,123.241504,2690,43,0,23,88,176,0,0
55.196675,14.463000,120.000,15.002000,0.035000,123.241984,2690,43,0,23,88,176,0,0
55.200912,4.237000,120.000,15.002000,0.035000,123.242465,2690,43,0,23,88,176,0,0
55.213396,12.484000,120.000,15.002000,0.035000,123.242946,2690,43,0,23,88,176,0,0
55.218820,5.424000,120.000,15.002000,0.035000,123.243426,2690,43,0,23,88,176,0,0
55.229254,10.434000,120.000,15.002000,0.035000,123.243861,2690,43,0,23,88,176,0,0
55.232717,3.463000,120.000,15.002000,0.035000,123.244342,2690,43,0,23,88,176,0,0
55.245902,13.185000,120.000,15.002000,0.035000,123.244823,2690,43,0,23,88,176,0,0
55.248882,2.980000,120.000,15.002000,0.035000,123.245303,2690,43,0,23,88,176,0,0
55.262715,13.833000,120.000,15.002000,0.035000,123.245784,2690,43,0,23,88,176,0,0
55.265740,3.025000,120.000,15.002000,0.035000,123.246264,2690,43,0,23,88,176,0,0
55.279496,13.756000,120.000,15.002000,0.035000,123.246699,2690,43,0,23,88,176,0,0
55.283978,4.482000,120.000,15.002000,0.035000,123.247180,2690,43,0,23,88,176,0,0
55.296115,12.137000,120.000,15.002000,0.035000,123.247661,2690,43,0,23,88,176,0,0
55.298236,2.121000,120.000,15.002000,0.035000,123.248141,2690,43,0,23,88,176,0,0
55.312788,14.552000,120.000,15.002000,0.035000,123.248622,2690,43,0,23,88,176,0,0
55.314633,1.845000,120.000,15.002000,0.035000,123.249103,2690,43,0,23,88,176,0,0
55.329451,14.818000,120.000,15.002000,0.035000,123.249583,2690,43,0,23,88,176,0,0
55.331892,2.441000,120.000,15.002000,0.035000,123.250064,2690,43,0,23,88,176,0,0
55.346196,14.304000,120.000,15.002000,0.035000,123.250545,2690,43,0,23,88,176,0,0
55.350150,3.954000,120.000,15.002000,0.035000,123.251025,2690,43,0,23,88,176,0,0
55.362717,12.567000,120.000,15.002000,0.035000,123.251460,2690,43,0,23,88,176,0,0
55.364987,2.270000,120.000,15.002000,0.035000,123.251941,2690,43,0,23,88,176,0,0
55.379869,14.882000,120.000,15.002000,0.035000,123.252421,2690,43,0,23,88,176,0,0
55.383904,4.035000,120.000,15.002000,0.035000,123.252902,2690,43,0,23,88,176,0,0
55.396032,12.128000,120.000,15.002000,0.035000,123.253383,2690,43,0,23,88,176,0,0
55.398153,2.121000,120.000,15.002000,0.035000,123.253863,2690,43,0,23,88,176,0,0
55.412803,14.650000,120.000,14.939000,0.028000,123.254344,2690,43,0,23,88,176,0,0
55.415940,3.137000,120.000,14.939000,0.028000,123.254825,2690,43,0,23,88,176,0,0
55.429049,13.109000,120.000,14.939000,0.028000,123.255260,2690,43,0,23,88,176,0,0
55.432054,3.005000,120.000,14.939000,0.028000,123.255740,2690,43,0,23,88,176,0,0
55.445887,13.833000,120.000,14.939000,0.028000,123.256221,2690,43,0,23,88,176,0,0
55.448871,2.984000,120.000,14.939000,0.028000,123.256701,2690,43,0,23,88,176,0,0
55.462624,13.753000,120.000,14.939000,0.028000,123.257182,2690,43,0,23,88,176,0,0
55.465792,3.168000,120.000,14.939000,0.028000,123.257663,2690,43,0,23,88,176,0,0
55.479276,13.484000,120.000,14.939000,0.028000,123.258143,2690,43,0,23,88,176,0,0
55.483085,3.809000,120.000,14.939000,0.028000,123.258624,2690,43,0,23,88,176,0,0
55.495937,12.852000,120.000,14.939000,0.028000,123.259105,2690,43,0,23,88,176,0,0
55.499850,3.913000,120.000,14.939000,0.028000,123.259585,2690,43,0,23,88,176,0,0
55.512633,12.783000,120.000,14.939000,0.028000,123.260020,2690,43,0,23,88,176,0,0
55.516411,3.778000,120.000,14.939000,0.028000,123.260501,2690,43,0,23,88,176,0,0
55.529301,12.890000,120.000,14.939000,0.028000,123.260982,2690,43,0,23,88,176,0,0
55.532281,2.980000,120.000,14.939000,0.028000,123.261462,2690,43,0,23,88,176,0,0
55.546019,13.738000,120.000,14.939000,0.028000,123.261943,2690,43,0,23,88,176,0,0
55.549784,3.765000,120.000,14.939000,0.028000,123.262424,2690,43,0,23,88,176,0,0
55.562686,12.902000,120.000,14.939000,0.028000,123.262904,2690,43,0,23,88,176,0,0
55.565618,2.932000,120.000,14.939000,0.028000,123.263385,2690,43,0,23,88,176,0,0
55.579303,13.685000,120.000,14.939000,0.028000,123.263865,2690,43,0,23,88,176,0,0
55.582884,3.581000,120.000,14.939000,0.028000,123.264346,2690,43,0,23,88,176,0,0
55.595884,13.000000,120.000,14.939000,0.028000,123.264827,2690,43,0,23,88,176,0,0
55.598816,2.932000,120.000,14.939000,0.028000,123.265307,2690,43,0,23,88,176,0,0
55.612620,13.804000,120.000,14.939000,0.028000,123.265788,2690,43,0,23,88,176,0,0
55.616130,3.510000,120.000,14.939000,0.028000,123.266223,2690,43,0,23,88,176,0,0
55.629207,13.077000,120.000,14.939000,0.028000,123.266658,2690,43,0,23,88,176,0,0
55.632115,2.908000,120.000,14.939000,0.028000,123.267138,2690,43,0,23,88,176,0,0
55.645855,13.740000,120.000,14.939000,0.028000,123.267619,2690,43,0,23,88,176,0,0
55.650018,4.163000,120.000,14.939000,0.028000,123.268100,2690,43,0,23,88,176,0,0
55.662535,12.517000,120.000,14.939000,0.028000,123.268580,2690,43,0,23,88,176,0,0
55.664418,1.883000,120.000,14.939000,0.028000,123.269061,2690,43,0,23,88,176,0,0
55.679246,14.828000,120.000,14.939000,0.028000,123.269542,2690,43,0,23,88,176,0,0
55.682826,3.580000,120.000,14.939000,0.028000,123.270022,2690,43,0,23,88,176,0,0
55.695876,13.050000,120.000,14.939000,0.028000,123.270503,2690,43,0,23,88,176,0,0
55.697898,2.022000,120.000,14.939000,0.028000,123.270984,2690,43,0,23,88,176,0,0
55.712609,14.711000,120.000,14.939000,0.028000,123.271464,2690,43,0,23,88,176,0,0
55.716392,3.783000,120.000,14.939000,0.028000,123.271945,2690,43,0,23,88,176,0,0
55.729233,12.841000,120.000,14.939000,0.028000,123.272426,2690,43,0,23,88,176,0,0
55.731187,1.954000,120.000,14.939000,0.028000,123.272906,2690,43,0,23,88,176,0,0
55.745898,14.711000,120.000,14.939000,0.028000,123.273387,2690,43,0,23,88,176,0,0
55.749684,3.786000,120.000,14.939000,0.028000,123.273868,2690,43,0,23,88,176,0,0
55.762555,12.871000,120.000,14.939000,0.028000,123.274348,2690,43,0,23,88,176,0,0
55.766273,3.718000,120.000,14.939000,0.028000,123.274829,2690,43,0,23,88,176,0,0
55.779225,12.952000,120.000,14.939000,0.028000,123.275310,2690,43,0,23,88,176,0,0
55.782809,3.584000,120.000,14.939000,0.028000,123.275790,2690,43,0,23,88,176,0,0
55.795910,13.101000,120.000,14.939000,0.028000,123.276271,2690,43,0,23,88,176,0,0
55.798782,2.872000,120.000,14.939000,0.028000,123.276706,2690,43,0,23,88,176,0,0
55.812587,13.805000,120.000,14.939000,0.028000,123.277186,2690,43,0,23,88,176,0,0
55.816377,3.790000,120.000,14.939000,0.028000,123.277667,2690,43,0,23,88,176,0,0
55.829259,12.882000,120.000,14.939000,0.028000,123.278148,2690,43,0,23,88,176,0,0
55.833118,3.859000,120.000,14.939000,0.028000,123.278628,2690,43,0,23,88,176,0,0
55.845887,12.769000,120.000,14.939000,0.028000,123.279109,2690,43,0,23,88,176,0,0
55.848862,2.975000,120.000,14.939000,0.028000,123.279590,2690,43,0,23,88,176,0,0
55.862579,13.717000,120.000,14.939000,0.028000,123.280070,2690,43,0,23,88,176,0,0
55.866425,3.846000,120.000,14.939000,0.028000,123.280551,2690,43,0,23,88,176,0,0
55.879253,12.828000,120.000,14.939000,0.028000,123.281032,2690,43,0,23,88,176,0,0
55.882126,2.873000,120.000,14.939000,0.028000,123.281512,2690,43,0,23,88,176,0,0
55.895893,13.767000,120.000,14.939000,0.028000,123.281993,2690,43,0,23,88,176,0,0
55.899832,3.939000,120.000,14.939000,0.028000,123.282474,2690,43,0,23,88,176,0,0
55.912535,12.703000,120.000,14.939000,0.028000,123.282954,2690,43,0,23,88,176,0,0
55.914455,1.920000,120.000,14.939000,0.028000,123.283435,2690,43,0,23,88,176,0,0
55.929301,14.846000,120.000,14.939000,0.028000,123.283916,2690,43,0,23,88,176,0,0
55.933087,3.786000,120.000,14.939000,0.028000,123.284396,2690,43,0,23,88,176,0,0
55.945897,12.810000,120.000,14.939000,0.028000,123.284877,2690,43,0,23,88,176,0,0
55.949377,3.480000,120.000,14.939000,0.028000,123.285357,2690,43,0,23,88,176,0,0
55.962519,13.142000,120.000,14.939000,0.028000,123.285838,2690,43,0,23,88,176,0,0
55.966083,3.564000,120.000,14.939000,0.028000,123.286319,2690,43,0,23,88,176,0,0
55.979254,13.171000,120.000,14.939000,0.028000,123.286799,2690,43,0,23,88,176,0,0
55.983015,3.761000,120.000,14.939000,0.028000,123.287280,2690,43,0,23,88,176,0,0
55.995866,12.851000,120.000,14.939000,0.028000,123.287761,2690,43,0,23,88,176,0,0
55.999112,3.246000,120.000,14.939000,0.028000,123.288241,2690,43,0,23,88,176,0,0
56.012552,13.440000,120.000,14.939000,0.028000,123.288722,2690,43,0,23,88,176,0,0
56.014636,2.084000,120.000,14.939000,0.028000,123.289203,2690,43,0,23,88,176,0,0
56.029235,14.599000,120.000,14.939000,0.028000,123.289683,2690,43,0,23,88,176,0,0
56.033082,3.847000,120.000,14.939000,0.028000,123.290164,2690,43,0,23,88,176,0,0
56.045844,12.762000,120.000,14.939000,0.028000,123.290645,2690,43,0,23,88,176,0,0
56.048714,2.870000,120.000,14.939000,0.028000,123.291125,2690,43,0,23,88,176,0,0
56.062579,13.865000,120.000,14.939000,0.028000,123.291606,2690,43,0,23,88,176,0,0
56.066375,3.796000,120.000,14.939000,0.028000,123.292087,2690,43,0,23,88,176,0,0
56.079218,12.843000,120.000,14.939000,0.028000,123.292567,2690,43,0,23,88,176,0,0
56.082075,2.857000,120.000,14.939000,0.028000,123.293048,2690,43,0,23,88,176,0,0
56.095893,13.818000,120.000,14.939000,0.028000,123.293529,2690,43,0,23,88,176,0,0
56.099768,3.875000,120.000,14.939000,0.028000,123.294009,2690,43,0,23,88,176,0,0
56.112575,12.807000,120.000,14.939000,0.028000,123.294490,2690,43,0,23,88,176,0,0
56.116544,3.969000,120.000,14.939000,0.028000,123.294971,2690,43,0,23,88,176,0,0
56.129311,12.767000,120.000,14.939000,0.028000,123.295451,2690,43,0,23,88,176,0,0
56.131362,2.051000,120.000,14.939000,0.028000,123.295932,2690,43,0,23,88,176,0,0
56.145964,14.602000,120.000,14.939000,0.028000,123.296412,2690,43,0,23,88,176,0,0
56.149868,3.904000,120.000,14.939000,0.028000,123.296893,2690,43,0,23,88,176,0,0
56.162617,12.749000,120.000,14.939000,0.028000,123.297374,2690,43,0,23,88,176,0,0
56.166377,3.760000,120.000,14.939000,0.028000,123.297854,2690,43,0,23,88,176,0,0
56.179267,12.890000,120.000,14.939000,0.028000,123.298335,2690,43,0,23,88,176,0,0
56.181157,1.890000,120.000,14.939000,0.028000,123.298816,2690,43,0,23,88,176,0,0
56.195976,14.819000,120.000,14.939000,0.028000,123.299296,2690,43,0,23,88,176,0,0
56.199527,3.551000,120.000,14.939000,0.028000,123.299777,2690,43,0,23,88,176,0,0
56.212599,13.072000,120.000,14.939000,0.028000,123.300258,2690,43,0,23,88,176,0,0
56.216205,3.606000,120.000,14.939000,0.028000,123.300738,2690,43,0,23,88,176,0,0
56.229301,13.096000,120.000,14.939000,0.028000,123.301219,2690,43,0,23,88,176,0,0
56.232574,3.273000,120.000,14.939000,0.028000,123.301700,2690,43,0,23,88,176,0,0
56.245936,13.362000,120.000,14.939000,0.028000,123.302180,2690,43,0,23,88,176,0,0
56.248911,2.975000,120.000,14.939000,0.028000,123.302661,2690,43,0,23,88,176,0,0
56.262682,13.771000,120.000,14.939000,0.028000,123.303142,2690,43,0,23,88,176,0,0
56.266526,3.844000,120.000,14.939000,0.028000,123.303622,2690,43,0,23,88,176,0,0
56.279218,12.692000,120.000,14.939000,0.028000,123.304103,2690,43,0,23,88,176,0,0
56.282294,3.076000,120.000,14.939000,0.028000,123.304584,2690,43,0,23,88,176,0,0
56.295895,13.601000,120.000,14.939000,0.028000,123.305064,2690,43,0,23,88,176,0,0
56.299481,3.586000,120.000,14.939000,0.028000,123.305545,2690,43,0,23,88,176,0,0
56.312525,13.044000,120.000,14.939000,0.028000,123.306026,2690,43,0,23,88,176,0,0
56.316471,3.946000,120.000,14.939000,0.028000,123.306506,2690,43,0,23,88,176,0,0
56.329218,12.747000,120.000,14.939000,0.028000,123.306987,2690,43,0,23,88,176,0,0
56.331259,2.041000,120.000,14.939000,0.028000,123.307467,2690,43,0,23,88,176,0,0
56.345901,14.642000,120.000,14.939000,0.028000,123.307948,2690,43,0,23,88,176,0,0
56.349278,3.377000,120.000,14.939000,0.028000,123.308429,2690,43,0,23,88,176,0,0
56.362574,13.296000,120.000,14.939000,0.028000,123.308909,2690,43,0,23,88,176,0,0
56.366626,4.052000,120.000,14.939000,0.028000,123.309390,2690,43,0,23,88,176,0,0
56.379225,12.599000,120.000,14.939000,0.028000,123.309871,2690,43,0,23,88,176,0,0
56.381348,2.123000,120.000,14.939000,0.028000,123.310351,2690,43,0,23,88,176,0,0
56.396028,14.680000,120.000,14.939000,0.028000,123.310832,2690,43,0,23,88,176,0,0
56.399014,2.986000,120.000,14.939000,0.028000,123.311313,2690,43,0,23,88,176,0,0
56.412604,13.590000,120.000,14.796000,0.018000,123.311793,2690,43,0,23,88,176,0,0
56.416672,4.068000,120.000,14.796000,0.018000,123.312274,2690,43,0,23,88,176,0,0
56.429243,12.571000,120.000,14.796000,0.018000,123.312755,2690,43,0,23,88,176,0,0
56.433571,4.328000,120.000,14.796000,0.018000,123.313235,2690,43,0,23,88,176,0,0
56.445966,12.395000,120.000,14.796000,0.018000,123.313716,2690,43,0,23,88,176,0,0
56.448916,2.950000,120.000,14.796000,0.018000,123.314197,2690,43,0,23,88,176,0,0
56.462639,13.723000,120.000,14.796000,0.018000,123.314677,2690,43,0,23,88,176,0,0
56.466750,4.111000,120.000,14.796000,0.018000,123.315158,2690,43,0,23,88,176,0,0
56.479259,12.509000,120.000,14.796000,0.018000,123.315593,2690,43,0,23,88,176,0,0
56.482977,3.718000,120.000,14.796000,0.018000,123.316073,2690,43,0,23,88,176,0,0
56.495943,12.966000,120.000,14.796000,0.018000,123.316554,2690,43,0,23,88,176,0,0
56.499932,3.989000,120.000,14.796000,0.018000,123.317035,2690,43,0,23,88,176,0,0
56.512596,12.664000,120.000,14.796000,0.018000,123.317515,2690,43,0,23,88,176,0,0
56.515519,2.923000,120.000,14.796000,0.018000,123.317996,2690,43,0,23,88,176,0,0
56.529298,13.779000,120.000,14.796000,0.018000,123.318477,2690,43,0,23,88,176,0,0
56.532931,3.633000,120.000,14.796000,0.018000,123.318957,2690,43,0,23,88,176,0,0
56.545984,13.053000,120.000,14.796000,0.018000,123.319438,2690,43,0,23,88,176,0,0
56.549901,3.917000,120.000,14.796000,0.018000,123.319919,2690,43,0,23,88,176,0,0
56.562587,12.686000,120.000,14.796000,0.018000,123.320399,2690,43,0,23,88,176,0,0
56.565495,2.908000,120.000,14.796000,0.018000,123.320880,2690,43,0,23,88,176,0,0
56.579181,13.686000,120.000,14.796000,0.018000,123.321361,2690,43,0,23,88,176,0,0
56.583322,4.141000,120.000,14.796000,0.018000,123.321841,2690,43,0,23,88,176,0,0
56.595928,12.606000,120.000,14.796000,0.018000,123.322322,2690,43,0,23,88,176,0,0
56.597964,2.036000,120.000,14.796000,0.018000,123.322803,2690,43,0,23,88,176,0,0
56.612585,14.621000,120.000,14.796000,0.018000,123.323283,2690,43,0,23,88,176,0,0
56.616546,3.961000,120.000,14.796000,0.018000,123.323764,2690,43,0,23,88,176,0,0
56.629247,12.701000,120.000,14.796000,0.018000,123.324244,2690,43,0,23,88,176,0,0
56.631411,2.164000,120.000,14.796000,0.018000,123.324725,2690,43,0,23,88,176,0,0
56.645898,14.487000,120.000,14.796000,0.018000,123.325206,2690,43,0,23,88,176,0,0
56.649661,3.763000,120.000,14.796000,0.018000,123.325686,2690,43,0,23,88,176,0,0
56.662585,12.924000,120.000,14.796000,0.018000,123.326167,2690,43,0,23,88,176,0,0
56.664822,2.237000,120.000,14.796000,0.018000,123.326648,2690,43,0,23,88,176,0,0
56.679379,14.557000,120.000,14.796000,0.018000,123.327128,2690,43,0,23,88,176,0,0
56.681555,2.176000,120.000,14.796000,0.018000,123.327609,2690,43,0,23,88,176,0,0
56.696411,14.856000,120.000,14.796000,0.018000,123.328090,2690,43,0,23,88,176,0,0
56.700648,4.237000,120.000,14.796000,0.018000,123.328570,2690,43,0,23,88,176,0,0
56.712623,11.975000,120.000,14.796000,0.018000,123.329051,2690,43,0,23,88,176,0,0
56.714658,2.035000,120.000,14.796000,0.018000,123.329532,2690,43,0,23,88,176,0,0
56.729385,14.727000,120.000,14.796000,0.018000,123.330012,2690,43,0,23,88,176,0,0
56.732442,3.057000,120.000,14.796000,0.018000,123.330493,2690,43,0,23,88,176,0,0
56.746051,13.609000,120.000,14.796000,0.018000,123.330974,2690,43,0,23,88,176,0,0
56.749180,3.129000,120.000,14.796000,0.018000,123.331454,2690,43,0,23,88,176,0,0
56.763197,14.017000,120.000,14.796000,0.018000,123.331889,2690,43,0,23,88,176,0,0
56.768625,5.428000,120.000,14.796000,0.018000,123.332370,2690,43,0,23,88,176,0,0
56.779170,10.545000,120.000,14.796000,0.018000,123.332850,2690,43,0,23,88,176,0,0
56.782329,3.159000,120.000,14.796000,0.018000,123.333285,2690,43,0,23,88,176,0,0
56.796256,13.927000,120.000,14.796000,0.018000,123.333766,2690,43,0,23,88,176,0,0
56.799525,3.269000,120.000,14.796000,0.018000,123.334247,2690,43,0,23,88,176,0,0
56.812653,13.128000,120.000,14.796000,0.018000,123.334727,2690,43,0,23,88,176,0,0
56.815926,3.273000,120.000,14.796000,0.018000,123.335208,2690,43,0,23,88,176,0,0
56.829622,13.696000,120.000,14.796000,0.018000,123.335689,2690,43,0,23,88,176,0,0
56.832976,3.354000,120.000,14.796000,0.018000,123.336169,2690,43,0,23,88,176,0,0
56.846485,13.509000,120.000,14.796000,0.018000,123.336650,2690,43,0,23,88,176,0,0
56.848878,2.393000,120.000,14.796000,0.018000,123.337131,2690,43,0,23,88,176,0,0
56.862957,14.079000,120.000,14.796000,0.018000,123.337611,2690,43,0,23,88,176,0,0
56.866766,3.809000,120.000,14.796000,0.018000,123.338092,2690,43,0,23,88,176,0,0
56.879604,12.838000,120.000,14.796000,0.018000,123.338573,2690,43,0,23,88,176,0,0
56.881861,2.257000,120.000,14.796000,0.018000,123.339053,2690,43,0,23,88,176,0,0
56.896386,14.525000,120.000,14.796000,0.018000,123.339534,2690,43,0,23,88,176,0,0
56.898460,2.074000,120.000,14.796000,0.018000,123.340014,2690,43,0,23,88,176,0,0
56.913053,14.593000,120.000,14.796000,0.018000,123.340449,2690,43,0,23,88,176,0,0
56.915387,2.334000,120.000,14.796000,0.018000,123.340930,2690,43,0,23,88,176,0,0
56.929724,14.337000,120.000,14.796000,0.018000,123.341411,2690,43,0,23,88,176,0,0
56.931985,2.261000,120.000,14.796000,0.018000,123.341891,2690,43,0,23,88,176,0,0
56.946610,14.625000,120.000,14.796000,0.018000,123.342372,2690,43,0,23,88,176,0,0
56.948877,2.267000,120.000,14.796000,0.018000,123.342807,2690,43,0,23,88,176,0,0
56.963230,14.353000,120.000,14.796000,0.018000,123.343287,2690,43,0,23,88,176,0,0
56.966353,3.123000,120.000,14.796000,0.018000,123.343722,2690,43,0,23,88,176,0,0
56.979332,12.979000,120.000,14.796000,0.018000,123.344203,2690,43,0,23,88,176,0,0
56.982617,3.285000,120.000,14.796000,0.018000,123.344684,2690,43,0,23,88,176,0,0
56.996199,13.582000,120.000,14.796000,0.018000,123.345164,2690,43,0,23,88,176,0,0
56.999528,3.329000,120.000,14.796000,0.018000,123.345645,2690,43,0,23,88,176,0,0
57.012851,13.323000,120.000,14.796000,0.018000,123.346126,2690,43,0,23,88,176,0,0
57.016338,3.487000,120.000,14.796000,0.018000,123.346606,2690,43,0,23,88,176,0,0
57.029644,13.306000,120.000,14.796000,0.018000,123.347087,2690,43,0,23,88,176,0,0
57.033087,3.443000,120.000,14.796000,0.018000,123.347568,2690,43,0,23,88,176,0,0
57.046548,13.461000,120.000,14.796000,0.018000,123.348048,2690,43,0,23,88,176,0,0
57.050077,3.529000,120.000,14.796000,0.018000,123.348529,2690,43,0,23,88,176,0,0
57.063142,13.065000,120.000,14.796000,0.018000,123.349010,2690,43,0,23,88,176,0,0
57.066494,3.352000,120.000,14.796000,0.018000,123.349490,2690,43,0,23,88,176,0,0
57.079912,13.418000,120.000,14.796000,0.018000,123.349971,2690,43,0,23,88,176,0,0
57.082819,2.907000,120.000,14.796000,0.018000,123.350451,2690,43,0,23,88,176,0,0
57.096568,13.749000,120.000,14.796000,0.018000,123.350932,2690,43,0,23,88,176,0,0
57.099501,2.933000,120.000,14.796000,0.018000,123.351413,2690,43,0,23,88,176,0,0
57.113171,13.670000,120.000,14.796000,0.018000,123.351893,2690,43,0,23,88,176,0,0
57.116130,2.959000,120.000,14.796000,0.018000,123.352374,2690,43,0,23,88,176,0,0
57.129832,13.702000,120.000,14.796000,0.018000,123.352809,2690,43,0,23,88,176,0,0
57.133008,3.176000,120.000,14.796000,0.018000,123.353290,2690,43,0,23,88,176,0,0
57.146591,13.583000,120.000,14.796000,0.018000,123.353770,2690,43,0,23,88,176,0,0
57.149924,3.333000,120.000,14.796000,0.018000,123.354251,2690,43,0,23,88,176,0,0
57.162598,12.674000,120.000,14.796000,0.018000,123.354732,2690,43,0,23,88,176,0,0
57.165621,3.023000,120.000,14.796000,0.018000,123.355212,2690,43,0,23,88,176,0,0
57.179222,13.601000,120.000,14.796000,0.018000,123.355693,2690,43,0,23,88,176,0,0
57.182136,2.914000,120.000,14.796000,0.018000,123.356174,2690,43,0,23,88,176,0,0
57.195874,13.738000,120.000,14.796000,0.018000,123.356654,2690,43,0,23,88,176,0,0
57.198918,3.044000,120.000,14.796000,0.018000,123.357135,2690,43,0,23,88,176,0,0
57.212500,13.582000,120.000,14.796000,0.018000,123.357615,2690,43,0,23,88,176,0,0
57.216291,3.791000,120.000,14.796000,0.018000,123.358027,2690,43,0,23,88,176,0,0
57.229230,12.939000,120.000,14.796000,0.018000,123.358508,2690,43,0,23,88,176,0,0
57.232231,3.001000,120.000,14.796000,0.018000,123.358943,2690,43,0,23,88,176,0,0
57.245837,13.606000,120.000,14.796000,0.018000,123.359424,2690,43,0,23,88,176,0,0
57.249529,3.692000,120.000,14.796000,0.018000,123.359904,2690,43,0,23,88,176,0,0
57.262622,13.093000,120.000,14.796000,0.018000,123.360385,2690,43,0,23,88,176,0,0
57.266443,3.821000,120.000,14.796000,0.018000,123.360866,2690,43,0,23,88,176,0,0
57.279265,12.822000,120.000,14.796000,0.018000,123.361346,2690,43,0,23,88,176,0,0
57.282226,2.961000,120.000,14.796000,0.018000,123.361827,2690,43,0,23,88,176,0,0
57.295941,13.715000,120.000,14.796000,0.018000,123.362308,2690,43,0,23,88,176,0,0
57.299908,3.967000,120.000,14.796000,0.018000,123.362788,2690,43,0,23,88,176,0,0
57.312582,12.674000,120.000,14.796000,0.018000,123.363269,2690,43,0,23,88,176,0,0
57.315571,2.989000,120.000,14.796000,0.018000,123.363750,2690,43,0,23,88,176,0,0
57.329241,13.670000,120.000,14.796000,0.018000,123.364230,2690,43,0,23,88,176,0,0
57.332733,3.492000,120.000,14.796000,0.018000,123.364711,2690,43,0,23,88,176,0,0
57.345952,13.219000,120.000,14.796000,0.018000,123.365191,2690,43,0,23,88,176,0,0
57.349747,3.795000,120.000,14.796000,0.018000,123.365672,2690,43,0,23,88,176,0,0
57.362561,12.814000,120.000,14.796000,0.018000,123.366153,2690,43,0,23,88,176,0,0
57.366280,3.719000,120.000,14.796000,0.018000,123.366633,2690,43,0,23,88,176,0,0
57.379204,12.924000,120.000,14.796000,0.018000,123.367068,2690,43,0,23,88,176,0,0
57.381256,2.052000,120.000,14.796000,0.018000,123.367549,2690,43,0,23,88,176,0,0
57.395937,14.681000,120.000,14.796000,0.018000,123.368030,2690,43,0,23,88,176,0,0
57.399625,3.688000,120.000,14.796000,0.018000,123.368510,2690,43,0,23,88,176,0,0
57.412579,12.954000,120.000,14.815000,0.036000,123.368991,2690,43,0,23,88,176,0,0
57.414741,2.162000,120.000,14.815000,0.036000,123.369472,2690,43,0,23,88,176,0,0
57.429235,14.494000,120.000,14.815000,0.036000,123.369952,2690,43,0,23,88,176,0,0
57.433053,3.818000,120.000,14.815000,0.036000,123.370433,2690,43,0,23,88,176,0,0
57.445882,12.829000,120.000,14.815000,0.036000,123.370914,2690,43,0,23,88,176,0,0
57.448003,2.121000,120.000,14.815000,0.036000,123.371394,2690,43,0,23,88,176,0,0
57.462578,14.575000,120.000,14.815000,0.036000,123.371875,2690,43,0,23,88,176,0,0
57.466255,3.677000,120.000,14.815000,0.036000,123.372355,2690,43,0,23,88,176,0,0
57.479190,12.935000,120.000,14.815000,0.036000,123.372836,2690,43,0,23,88,176,0,0
57.482791,3.601000,120.000,14.815000,0.036000,123.373271,2690,43,0,23,88,176,0,0
57.495963,13.172000,120.000,14.815000,0.036000,123.373752,2690,43,0,23,88,176,0,0
57.498916,2.953000,120.000,14.815000,0.036000,123.374232,2690,43,0,23,88,176,0,0
57.512320,13.404000,120.000,14.815000,0.036000,123.374713,2690,43,0,23,88,176,0,0
57.516370,4.050000,120.000,14.815000,0.036000,123.375148,2690,43,0,23,88,176,0,0
57.529261,12.891000,120.000,14.815000,0.036000,123.375583,2690,43,0,23,88,176,0,0
57.532248,2.987000,120.000,14.815000,0.036000,123.376063,2690,43,0,23,88,176,0,0
57.545953,13.705000,120.000,14.815000,0.036000,123.376544,2690,43,0,23,88,176,0,0
57.550031,4.078000,120.000,14.815000,0.036000,123.377025,2690,43,0,23,88,176,0,0
57.562586,12.555000,120.000,14.815000,0.036000,123.377505,2690,43,0,23,88,176,0,0
57.566586,4.000000,120.000,14.815000,0.036000,123.377986,2690,43,0,23,88,176,0,0
57.579168,12.582000,120.000,14.815000,0.036000,123.378467,2690,43,0,23,88,176,0,0
57.582088,2.920000,120.000,14.815000,0.036000,123.378947,2690,43,0,23,88,176,0,0
57.595829,13.741000,120.000,14.815000,0.036000,123.379428,2690,43,0,23,88,176,0,0
57.599461,3.632000,120.000,14.815000,0.036000,123.379909,2690,43,0,23,88,176,0,0
57.612577,13.116000,120.000,14.815000,0.036000,123.380389,2690,43,0,23,88,176,0,0
57.616715,4.138000,120.000,14.815000,0.036000,123.380870,2690,43,0,23,88,176,0,0
57.629283,12.568000,120.000,14.815000,0.036000,123.381351,2690,43,0,23,88,176,0,0
57.632303,3.020000,120.000,14.815000,0.036000,123.381831,2690,43,0,23,88,176,0,0
57.645941,13.638000,120.000,14.815000,0.036000,123.382312,2690,43,0,23,88,176,0,0
57.650694,4.753000,120.000,14.815000,0.036000,123.382792,2690,43,0,23,88,176,0,0
57.662690,11.996000,120.000,14.815000,0.036000,123.383273,2690,43,0,23,88,176,0,0
57.664842,2.152000,120.000,14.815000,0.036000,123.383708,2690,43,0,23,88,176,0,0
57.679357,14.515000,120.000,14.815000,0.036000,123.384189,2690,43,0,23,88,176,0,0
57.681576,2.219000,120.000,14.815000,0.036000,123.384669,2690,43,0,23,88,176,0,0
57.696079,14.503000,120.000,14.815000,0.036000,123.385150,2690,43,0,23,88,176,0,0
57.698137,2.058000,120.000,14.815000,0.036000,123.385631,2690,43,0,23,88,176,0,0
57.712675,14.538000,120.000,14.815000,0.036000,123.386111,2690,43,0,23,88,176,0,0
57.714590,1.915000,120.000,14.815000,0.036000,123.386592,2690,43,0,23,88,176,0,0
57.729475,14.885000,120.000,14.815000,0.036000,123.387027,2690,43,0,23,88,176,0,0
57.731466,1.991000,120.000,14.815000,0.036000,123.387507,2690,43,0,23,88,176,0,0
57.746106,14.640000,120.000,14.815000,0.036000,123.387988,2690,43,0,23,88,176,0,0
57.748063,1.957000,120.000,14.815000,0.036000,123.388469,2690,43,0,23,88,176,0,0
57.763085,15.022000,120.000,14.815000,0.036000,123.388949,2690,43,0,23,88,176,0,0
57.768114,5.029000,120.000,14.815000,0.036000,123.389430,2690,43,0,23,88,176,0,0
57.779448,11.334000,120.000,14.815000,0.036000,123.389911,2690,43,0,23,88,176,0,0
57.782565,3.117000,120.000,14.815000,0.036000,123.390391,2690,43,0,23,88,176,0,0
57.796196,13.631000,120.000,14.815000,0.036000,123.390872,2690,43,0,23,88,176,0,0
57.799460,3.264000,120.000,14.815000,0.036000,123.391353,2690,43,0,23,88,176,0,0
57.813175,13.715000,120.000,14.815000,0.036000,123.391788,2690,43,0,23,88,176,0,0
57.818649,5.474000,120.000,14.815000,0.036000,123.392268,2690,43,0,23,88,176,0,0
57.829302,10.653000,120.000,14.815000,0.036000,123.392749,2690,43,0,23,88,176,0,0
57.832637,3.335000,120.000,14.815000,0.036000,123.393229,2690,43,0,23,88,176,0,0
57.846593,13.956000,120.000,14.815000,0.036000,123.393710,2690,43,0,23,88,176,0,0
57.849993,3.400000,120.000,14.815000,0.036000,123.394191,2690,43,0,23,88,176,0,0
57.863211,13.218000,120.000,14.815000,0.036000,123.394671,2690,43,0,23,88,176,0,0
57.865347,2.136000,120.000,14.815000,0.036000,123.395152,2690,43,0,23,88,176,0,0
57.879864,14.517000,120.000,14.815000,0.036000,123.395633,2690,43,0,23,88,176,0,0
57.881768,1.904000,120.000,14.815000,0.036000,123.396113,2690,43,0,23,88,176,0,0
57.896626,14.858000,120.000,14.815000,0.036000,123.396594,2690,43,0,23,88,176,0,0
57.901127,4.501000,120.000,14.815000,0.036000,123.397075,2690,43,0,23,88,176,0,0
57.912913,11.786000,120.000,14.815000,0.036000,123.397555,2690,43,0,23,88,176,0,0
57.915155,2.242000,120.000,14.815000,0.036000,123.398036,2690,43,0,23,88,176,0,0
57.929494,14.339000,120.000,14.815000,0.036000,123.398517,2690,43,0,23,88,176,0,0
57.931453,1.959000,120.000,14.815000,0.036000,123.398997,2690,43,0,23,88,176,0,0
57.946531,15.078000,120.000,14.815000,0.036000,123.399478,2690,43,0,23,88,176,0,0
57.951155,4.624000,120.000,14.815000,0.036000,123.399959,2690,43,0,23,88,176,0,0
57.962873,11.718000,120.000,14.815000,0.036000,123.400439,2690,43,0,23,88,176,0,0
57.965144,2.271000,120.000,14.815000,0.036000,123.400920,2690,43,0,23,88,176,0,0
57.979694,14.550000,120.000,14.815000,0.036000,123.401401,2690,43,0,23,88,176,0,0
57.982850,3.156000,120.000,14.815000,0.036000,123.401881,2690,43,0,23,88,176,0,0
57.996355,13.505000,120.000,14.815000,0.036000,123.402316,2690,43,0,23,88,176,0,0
57.999740,3.385000,120.000,14.815000,0.036000,123.402797,2690,43,0,23,88,176,0,0
58.012769,13.029000,120.000,14.815000,0.036000,123.403232,2690,43,0,23,88,176,0,0
58.016110,3.341000,120.000,14.815000,0.036000,123.403712,2690,43,0,23,88,176,0,0
58.029831,13.721000,120.000,14.815000,0.036000,123.404147,2690,43,0,23,88,176,0,0
58.032065,2.234000,120.000,14.815000,0.036000,123.404628,2690,43,0,23,88,176,0,0
58.046571,14.506000,120.000,14.815000,0.036000,123.405108,2690,43,0,23,88,176,0,0
58.048587,2.016000,120.000,14.815000,0.036000,123.405589,2690,43,0,23,88,176,0,0
58.063201,14.614000,120.000,14.815000,0.036000,123.406070,2690,43,0,23,88,176,0,0
58.065377,2.176000,120.000,14.815000,0.036000,123.406550,2690,43,0,23,88,176,0,0
58.079247,13.870000,120.000,14.815000,0.036000,123.407031,2690,43,0,23,88,176,0,0
58.081544,2.297000,120.000,14.815000,0.036000,123.407512,2690,43,0,23,88,176,0,0
58.095883,14.339000,120.000,14.815000,0.036000,123.407992,2690,43,0,23,88,176,0,0
58.098041,2.158000,120.000,14.815000,0.036000,123.408473,2690,43,0,23,88,176,0,0
58.112538,14.497000,120.000,14.815000,0.036000,123.408954,2690,43,0,23,88,176,0,0
58.114700,2.162000,120.000,14.815000,0.036000,123.409434,2690,43,0,23,88,176,0,0
58.129222,14.522000,120.000,14.815000,0.036000,123.409835,2690,43,0,23,88,176,0,0
58.133184,3.962000,120.000,14.815000,0.036000,123.410316,2690,43,0,23,88,176,0,0
58.145903,12.719000,120.000,14.815000,0.036000,123.410796,2690,43,0,23,88,176,0,0
58.148881,2.978000,120.000,14.815000,0.036000,123.411277,2690,43,0,23,88,176,0,0
58.162576,13.695000,120.000,14.815000,0.036000,123.411757,2690,43,0,23,88,176,0,0
58.166937,4.361000,120.000,14.815000,0.036000,123.412238,2690,43,0,23,88,176,0,0
58.179261,12.324000,120.000,14.815000,0.036000,123.412719,2690,43,0,23,88,176,0,0
58.182271,3.010000,120.000,14.815000,0.036000,123.413199,2690,43,0,23,88,176,0,0
58.195824,13.553000,120.000,14.815000,0.036000,123.413680,2690,43,0,23,88,176,0,0
58.198727,2.903000,120.000,14.815000,0.036000,123.414161,2690,43,0,23,88,176,0,0
58.212687,13.960000,120.000,14.815000,0.036000,123.414641,2690,43,0,23,88,176,0,0
58.215735,3.048000,120.000,14.815000,0.036000,123.415122,2690,43,0,23,88,176,0,0
58.229246,13.511000,120.000,14.815000,0.036000,123.415603,2690,43,0,23,88,176,0,0
58.232194,2.948000,120.000,14.815000,0.036000,123.416083,2690,43,0,23,88,176,0,0
58.246039,13.845000,120.000,14.815000,0.036000,123.416564,2690,43,0,23,88,176,0,0
58.249830,3.791000,120.000,14.815000,0.036000,123.417045,2690,43,0,23,88,176,0,0
58.262686,12.856000,120.000,14.815000,0.036000,123.417480,2690,43,0,23,88,176,0,0
58.265774,3.088000,120.000,14.815000,0.036000,123.417960,2690,43,0,23,88,176,0,0
58.279310,13.536000,120.000,14.815000,0.036000,123.418441,2690,43,0,23,88,176,0,0
58.282390,3.080000,120.000,14.815000,0.036000,123.418876,2690,43,0,23,88,176,0,0
58.296038,13.648000,120.000,14.815000,0.036000,123.419311,2690,43,0,23,88,176,0,0
58.299080,3.042000,120.000,14.815000,0.036000,123.419791,2690,43,0,23,88,176,0,0
58.313026,13.946000,120.000,14.815000,0.036000,123.420226,2690,43,0,23,88,176,0,0
58.317437,4.411000,120.000,14.815000,0.036000,123.420707,2690,43,0,23,88,176,0,0
58.329404,11.967000,120.000,14.815000,0.036000,123.421187,2690,43,0,23,88,176,0,0
58.332465,3.061000,120.000,14.815000,0.036000,123.421668,2690,43,0,23,88,176,0,0
58.346507,14.042000,120.000,14.815000,0.036000,123.422149,2690,43,0,23,88,176,0,0
58.350292,3.785000,120.000,14.815000,0.036000,123.422629,2690,43,0,23,88,176,0,0
58.362437,12.145000,120.000,14.815000,0.036000,123.423110,2690,43,0,23,88,176,0,0
58.364970,2.533000,120.000,14.815000,0.036000,123.423591,2690,43,0,23,88,176,0,0
58.379513,14.543000,120.000,14.815000,0.036000,123.424026,2690,43,0,23,88,176,0,0
58.381794,2.281000,120.000,14.815000,0.036000,123.424506,2690,43,0,23,88,176,0,0
58.396420,14.626000,120.000,14.815000,0.036000,123.424987,2690,43,0,23,88,176,0,0
58.400715,4.295000,120.000,14.815000,0.036000,123.425422,2690,43,0,23,88,176,0,0
58.413055,12.340000,120.000,15.032000,0.028000,123.425902,2690,43,0,23,88,176,0,0
58.415201,2.146000,120.000,15.032000,0.028000,123.426383,2690,43,0,23,88,176,0,0
58.429860,14.659000,120.000,15.032000,0.028000,123.426864,2690,43,0,23,88,176,0,0
58.434921,5.061000,120.000,15.032000,0.028000,123.427299,2690,43,0,23,88,176,0,0
58.446468,11.547000,120.000,15.032000,0.028000,123.427779,2690,43,0,23,88,176,0,0
58.448653,2.185000,120.000,15.032000,0.028000,123.428260,2690,43,0,23,88,176,0,0
58.463254,14.601000,120.000,15.032000,0.028000,123.428741,2690,43,0,23,88,176,0,0
58.465326,2.072000,120.000,15.032000,0.028000,123.429221,2690,43,0,23,88,176,0,0
58.479848,14.522000,120.000,15.032000,0.028000,123.429702,2690,43,0,23,88,176,0,0
58.481936,2.088000,120.000,15.032000,0.028000,123.430182,2690,43,0,23,88,176,0,0
58.495782,13.846000,120.000,15.032000,0.028000,123.430663,2690,43,0,23,88,176,0,0
58.498983,3.201000,120.000,15.032000,0.028000,123.431144,2690,43,0,23,88,176,0,0
58.513181,14.198000,120.000,15.032000,0.028000,123.431624,2690,43,0,23,88,176,0,0
58.516665,3.484000,120.000,15.032000,0.028000,123.432105,2690,43,0,23,88,176,0,0
58.529793,13.128000,120.000,15.032000,0.028000,123.432586,2690,43,0,23,88,176,0,0
58.533250,3.457000,120.000,15.032000,0.028000,123.433066,2690,43,0,23,88,176,0,0
58.546533,13.283000,120.000,15.032000,0.028000,123.433501,2690,43,0,23,88,176,0,0
58.549944,3.411000,120.000,15.032000,0.028000,123.433982,2690,43,0,23,88,176,0,0
58.563162,13.218000,120.000,15.032000,0.028000,123.434463,2690,43,0,23,88,176,0,0
58.566544,3.382000,120.000,15.032000,0.028000,123.434943,2690,43,0,23,88,176,0,0
58.579489,12.945000,120.000,15.032000,0.028000,123.435424,2690,43,0,23,88,176,0,0
58.582640,3.151000,120.000,15.032000,0.028000,123.435905,2690,43,0,23,88,176,0,0
58.596075,13.435000,120.000,15.032000,0.028000,123.436339,2690,43,0,23,88,176,0,0
58.599167,3.092000,120.000,15.032000,0.028000,123.436820,2690,43,0,23,88,176,0,0
58.612362,13.195000,120.000,15.032000,0.028000,123.437301,2690,43,0,23,88,176,0,0
58.615323,2.961000,120.000,15.032000,0.028000,123.437781,2690,43,0,23,88,176,0,0
58.629313,13.990000,120.000,15.032000,0.028000,123.438262,2690,43,0,23,88,176,0,0
58.632412,3.099000,120.000,15.032000,0.028000,123.438743,2690,43,0,23,88,176,0,0
58.646479,14.067000,120.000,15.032000,0.028000,123.439223,2690,43,0,23,88,176,0,0
58.651328,4.849000,120.000,15.032000,0.028000,123.439704,2690,43,0,23,88,176,0,0
58.662877,11.549000,120.000,15.032000,0.028000,123.440185,2690,43,0,23,88,176,0,0
58.664983,2.106000,120.000,15.032000,0.028000,123.440665,2690,43,0,23,88,176,0,0
58.679619,14.636000,120.000,15.032000,0.028000,123.441146,2690,43,0,23,88,176,0,0
58.681641,2.022000,120.000,15.032000,0.028000,123.441627,2690,43,0,23,88,176,0,0
58.695664,14.023000,120.000,15.032000,0.028000,123.442107,2690,43,0,23,88,176,0,0
58.699856,4.192000,120.000,15.032000,0.028000,123.442588,2690,43,0,23,88,176,0,0
58.713026,13.170000,120.000,15.032000,0.028000,123.443069,2690,43,0,23,88,176,0,0
58.715314,2.288000,120.000,15.032000,0.028000,123.443549,2690,43,0,23,88,176,0,0
58.729788,14.474000,120.000,15.032000,0.028000,123.444030,2690,43,0,23,88,176,0,0
58.732435,2.647000,120.000,15.032000,0.028000,123.444510,2690,43,0,23,88,176,0,0
58.746823,14.388000,120.000,15.032000,0.028000,123.444991,2690,43,0,23,88,176,0,0
58.749833,3.010000,120.000,15.032000,0.028000,123.445472,2690,43,0,23,88,176,0,0
58.763168,13.335000,120.000,15.032000,0.028000,123.445952,2690,43,0,23,88,176,0,0
58.765835,2.667000,120.000,15.032000,0.028000,123.446433,2690,43,0,23,88,176,0,0
58.779237,13.402000,120.000,15.032000,0.028000,123.446914,2690,43,0,23,88,176,0,0
58.782218,2.981000,120.000,15.032000,0.028000,123.447394,2690,43,0,23,88,176,0,0
58.795849,13.631000,120.000,15.032000,0.028000,123.447875,2690,43,0,23,88,176,0,0
58.798790,2.941000,120.000,15.032000,0.028000,123.448356,2690,43,0,23,88,176,0,0
58.812562,13.772000,120.000,15.032000,0.028000,123.448791,2690,43,0,23,88,176,0,0
58.815432,2.870000,120.000,15.032000,0.028000,123.449271,2690,43,0,23,88,176,0,0
58.829268,13.836000,120.000,15.032000,0.028000,123.449752,2690,43,0,23,88,176,0,0
58.833245,3.977000,120.000,15.032000,0.028000,123.450233,2690,43,0,23,88,176,0,0
58.845912,12.667000,120.000,15.032000,0.028000,123.450713,2690,43,0,23,88,176,0,0
58.850373,4.461000,120.000,15.032000,0.028000,123.451194,2690,43,0,23,88,176,0,0
58.862729,12.356000,120.000,15.032000,0.028000,123.451674,2690,43,0,23,88,176,0,0
58.866013,3.284000,120.000,15.032000,0.028000,123.452155,2690,43,0,23,88,176,0,0
58.879295,13.282000,120.000,15.032000,0.028000,123.452636,2690,43,0,23,88,176,0,0
58.882358,3.063000,120.000,15.032000,0.028000,123.453116,2690,43,0,23,88,176,0,0
58.895896,13.538000,120.000,15.032000,0.028000,123.453597,2690,43,0,23,88,176,0,0
58.899183,3.287000,120.000,15.032000,0.028000,123.454078,2690,43,0,23,88,176,0,0
58.912504,13.321000,120.000,15.032000,0.028000,123.454558,2690,43,0,23,88,176,0,0
58.915658,3.154000,120.000,15.032000,0.028000,123.455039,2690,43,0,23,88,176,0,0
58.929571,13.913000,120.000,15.032000,0.028000,123.455520,2690,43,0,23,88,176,0,0
58.932937,3.366000,120.000,15.032000,0.028000,123.456000,2690,43,0,23,88,176,0,0
58.946160,13.223000,120.000,15.032000,0.028000,123.456481,2690,43,0,23,88,176,0,0
58.949496,3.336000,120.000,15.032000,0.028000,123.456916,2690,43,0,23,88,176,0,0
58.963190,13.694000,120.000,15.032000,0.028000,123.457397,2690,43,0,23,88,176,0,0
58.966738,3.548000,120.000,15.032000,0.028000,123.457831,2690,43,0,23,88,176,0,0
58.979785,13.047000,120.000,15.032000,0.028000,123.458312,2690,43,0,23,88,176,0,0
58.982310,2.525000,120.000,15.032000,0.028000,123.458793,2690,43,0,23,88,176,0,0
58.996197,13.887000,120.000,15.032000,0.028000,123.459228,2690,43,0,23,88,176,0,0
58.998561,2.364000,120.000,15.032000,0.028000,123.459708,2690,43,0,23,88,176,0,0
59.012863,14.302000,120.000,15.032000,0.028000,123.460189,2690,43,0,23,88,176,0,0
59.017023,4.160000,120.000,15.032000,0.028000,123.460670,2690,43,0,23,88,176,0,0
59.029396,12.373000,120.000,15.032000,0.028000,123.461150,2690,43,0,23,88,176,0,0
59.031514,2.118000,120.000,15.032000,0.028000,123.461631,2690,43,0,23,88,176,0,0
59.046108,14.594000,120.000,15.032000,0.028000,123.462111,2690,43,0,23,88,176,0,0
59.047876,1.768000,120.000,15.032000,0.028000,123.462592,2690,43,0,23,88,176,0,0
59.062677,14.801000,120.000,15.032000,0.028000,123.463073,2690,43,0,23,88,176,0,0
59.064537,1.860000,120.000,15.032000,0.028000,123.463553,2690,43,0,23,88,176,0,0
59.079761,15.224000,120.000,15.032000,0.028000,123.464034,2690,43,0,23,88,176,0,0
59.084895,5.134000,120.000,15.032000,0.028000,123.464515,2690,43,0,23,88,176,0,0
59.096053,11.158000,120.000,15.032000,0.028000,123.464995,2690,43,0,23,88,176,0,0
59.099084,3.031000,120.000,15.032000,0.028000,123.465476,2690,43,0,23,88,176,0,0
59.112868,13.784000,120.000,15.032000,0.028000,123.465957,2690,43,0,23,88,176,0,0
59.117915,5.047000,120.000,15.032000,0.028000,123.466437,2690,43,0,23,88,176,0,0
59.129516,11.601000,120.000,15.032000,0.028000,123.466918,2690,43,0,23,88,176,0,0
59.132349,2.833000,120.000,15.032000,0.028000,123.467399,2690,43,0,23,88,176,0,0
59.146193,13.844000,120.000,15.032000,0.028000,123.467879,2690,43,0,23,88,176,0,0
59.149387,3.194000,120.000,15.032000,0.028000,123.468360,2690,43,0,23,88,176,0,0
59.162575,13.188000,120.000,15.032000,0.028000,123.468841,2690,43,0,23,88,176,0,0
59.165913,3.338000,120.000,15.032000,0.028000,123.469321,2690,43,0,23,88,176,0,0
59.179682,13.769000,120.000,15.032000,0.028000,123.469802,2690,43,0,23,88,176,0,0
59.182992,3.310000,120.000,15.032000,0.028000,123.470283,2690,43,0,23,88,176,0,0
59.196488,13.496000,120.000,15.032000,0.028000,123.470763,2690,43,0,23,88,176,0,0
59.199976,3.488000,120.000,15.032000,0.028000,123.471244,2690,43,0,23,88,176,0,0
59.213106,13.130000,120.000,15.032000,0.028000,123.471725,2690,43,0,23,88,176,0,0
59.216466,3.360000,120.000,15.032000,0.028000,123.472205,2690,43,0,23,88,176,0,0
59.229878,13.412000,120.000,15.032000,0.028000,123.472686,2690,43,0,23,88,176,0,0
59.233902,4.024000,120.000,15.032000,0.028000,123.473166,2690,43,0,23,88,176,0,0
59.246508,12.606000,120.000,15.032000,0.028000,123.473647,2690,43,0,23,88,176,0,0
59.249633,3.125000,120.000,15.032000,0.028000,123.474128,2690,43,0,23,88,176,0,0
59.263121,13.488000,120.000,15.032000,0.028000,123.474608,2690,43,0,23,88,176,0,0
59.266114,2.993000,120.000,15.032000,0.028000,123.475089,2690,43,0,23,88,176,0,0
59.279765,13.651000,120.000,15.032000,0.028000,123.475570,2690,43,0,23,88,176,0,0
59.282895,3.130000,120.000,15.032000,0.028000,123.476050,2690,43,0,23,88,176,0,0
59.296501,13.606000,120.000,15.032000,0.028000,123.476531,2690,43,0,23,88,176,0,0
59.299773,3.272000,120.000,15.032000,0.028000,123.477012,2690,43,0,23,88,176,0,0
59.313149,13.376000,120.000,15.032000,0.028000,123.477492,2690,43,0,23,88,176,0,0
59.316606,3.457000,120.000,15.032000,0.028000,123.477973,2690,43,0,23,88,176,0,0
59.329839,13.233000,120.000,15.032000,0.028000,123.478454,2690,43,0,23,88,176,0,0
59.333348,3.509000,120.000,15.032000,0.028000,123.478934,2690,43,0,23,88,176,0,0
59.346430,13.082000,120.000,15.032000,0.028000,123.479415,2690,43,0,23,88,176,0,0
59.349845,3.415000,120.000,15.032000,0.028000,123.479850,2690,43,0,23,88,176,0,0
59.363242,13.397000,120.000,15.032000,0.028000,123.480330,2690,43,0,23,88,176,0,0
59.366812,3.570000,120.000,15.032000,0.028000,123.480811,2690,43,0,23,88,176,0,0
59.379231,12.419000,120.000,15.032000,0.028000,123.481292,2690,43,0,23,88,176,0,0
59.383059,3.828000,120.000,15.032000,0.028000,123.481772,2690,43,0,23,88,176,0,0
59.396252,13.193000,120.000,15.032000,0.028000,123.482253,2690,43,0,23,88,176,0,0
59.399859,3.607000,120.000,15.032000,0.028000,123.482734,2690,43,0,23,88,176,0,0
59.412357,12.498000,120.000,15.182000,0.036000,123.483214,2690,43,0,23,88,176,0,0
59.415384,3.027000,120.000,15.182000,0.036000,123.483695,2690,43,0,23,88,176,0,0
59.429262,13.878000,120.000,15.182000,0.036000,123.484176,2690,43,0,23,88,176,0,0
59.432294,3.032000,120.000,15.182000,0.036000,123.484656,2690,43,0,23,88,176,0,0
59.445857,13.563000,120.000,15.182000,0.036000,123.485137,2690,43,0,23,88,176,0,0
59.448829,2.972000,120.000,15.182000,0.036000,123.485618,2690,43,0,23,88,176,0,0
59.462569,13.740000,120.000,15.182000,0.036000,123.486098,2690,43,0,23,88,176,0,0
59.465584,3.015000,120.000,15.182000,0.036000,123.486579,2690,43,0,23,88,176,0,0
59.479260,13.676000,120.000,15.182000,0.036000,123.487060,2690,43,0,23,88,176,0,0
59.483332,4.072000,120.000,15.182000,0.036000,123.487494,2690,43,0,23,88,176,0,0
59.495856,12.524000,120.000,15.182000,0.036000,123.487975,2690,43,0,23,88,176,0,0
59.498027,2.171000,120.000,15.182000,0.036000,123.488456,2690,43,0,23,88,176,0,0
59.512554,14.527000,120.000,15.182000,0.036000,123.488936,2690,43,0,23,88,176,0,0
59.516425,3.871000,120.000,15.182000,0.036000,123.489417,2690,43,0,23,88,176,0,0
59.529220,12.795000,120.000,15.182000,0.036000,123.489898,2690,43,0,23,88,176,0,0
59.533007,3.787000,120.000,15.182000,0.036000,123.490333,2690,43,0,23,88,176,0,0
59.545879,12.872000,120.000,15.182000,0.036000,123.490813,2690,43,0,23,88,176,0,0
59.547773,1.894000,120.000,15.182000,0.036000,123.491294,2690,43,0,23,88,176,0,0
59.562533,14.760000,120.000,15.182000,0.036000,123.491775,2690,43,0,23,88,176,0,0
59.566436,3.903000,120.000,15.182000,0.036000,123.492255,2690,43,0,23,88,176,0,0
59.579215,12.779000,120.000,15.182000,0.036000,123.492736,2690,43,0,23,88,176,0,0
59.582838,3.623000,120.000,15.182000,0.036000,123.493217,2690,43,0,23,88,176,0,0
59.595889,13.051000,120.000,15.182000,0.036000,123.493697,2690,43,0,23,88,176,0,0
59.599604,3.715000,120.000,15.182000,0.036000,123.494178,2690,43,0,23,88,176,0,0
59.612516,12.912000,120.000,15.182000,0.036000,123.494658,2690,43,0,23,88,176,0,0
59.616016,3.500000,120.000,15.182000,0.036000,123.495139,2690,43,0,23,88,176,0,0
59.629208,13.192000,120.000,15.182000,0.036000,123.495620,2690,43,0,23,88,176,0,0
59.633037,3.829000,120.000,15.182000,0.036000,123.496100,2690,43,0,23,88,176,0,0
59.645855,12.818000,120.000,15.182000,0.036000,123.496581,2690,43,0,23,88,176,0,0
59.649671,3.816000,120.000,15.182000,0.036000,123.497062,2690,43,0,23,88,176,0,0
59.662562,12.891000,120.000,15.182000,0.036000,123.497542,2690,43,0,23,88,176,0,0
59.666402,3.840000,120.000,15.182000,0.036000,123.498023,2690,43,0,23,88,176,0,0
59.679176,12.774000,120.000,15.182000,0.036000,123.498504,2690,43,0,23,88,176,0,0
59.682690,3.514000,120.000,15.182000,0.036000,123.498984,2690,43,0,23,88,176,0,0
59.695870,13.180000,120.000,15.182000,0.036000,123.499419,2690,43,0,23,88,176,0,0
59.699697,3.827000,120.000,15.182000,0.036000,123.499854,2690,43,0,23,88,176,0,0
59.712553,12.856000,120.000,15.182000,0.036000,123.500335,2690,43,0,23,88,176,0,0
59.715907,3.354000,120.000,15.182000,0.036000,123.500815,2690,43,0,23,88,176,0,0
59.729202,13.295000,120.000,15.182000,0.036000,123.501296,2690,43,0,23,88,176,0,0
59.732082,2.880000,120.000,15.182000,0.036000,123.501777,2690,43,0,23,88,176,0,0
59.745889,13.807000,120.000,15.182000,0.036000,123.502257,2690,43,0,23,88,176,0,0
59.749642,3.753000,120.000,15.182000,0.036000,123.502738,2690,43,0,23,88,176,0,0
59.762534,12.892000,120.000,15.182000,0.036000,123.503219,2690,43,0,23,88,176,0,0
59.765411,2.877000,120.000,15.182000,0.036000,123.503699,2690,43,0,23,88,176,0,0
59.779229,13.818000,120.000,15.182000,0.036000,123.504180,2690,43,0,23,88,176,0,0
59.783015,3.786000,120.000,15.182000,0.036000,123.504661,2690,43,0,23,88,176,0,0
59.795841,12.826000,120.000,15.182000,0.036000,123.505141,2690,43,0,23,88,176,0,0
59.798791,2.950000,120.000,15.182000,0.036000,123.505622,2690,43,0,23,88,176,0,0
59.812573,13.782000,120.000,15.182000,0.036000,123.506103,2690,43,0,23,88,176,0,0
59.816664,4.091000,120.000,15.182000,0.036000,123.506583,2690,43,0,23,88,176,0,0
59.829224,12.560000,120.000,15.182000,0.036000,123.507064,2690,43,0,23,88,176,0,0
59.832237,3.013000,120.000,15.182000,0.036000,123.507545,2690,43,0,23,88,176,0,0
59.845884,13.647000,120.000,15.182000,0.036000,123.508025,2690,43,0,23,88,176,0,0
59.848789,2.905000,120.000,15.182000,0.036000,123.508506,2690,43,0,23,88,176,0,0
59.862575,13.786000,120.000,15.182000,0.036000,123.508986,2690,43,0,23,88,176,0,0
59.866581,4.006000,120.000,15.182000,0.036000,123.509467,2690,43,0,23,88,176,0,0
59.879258,12.677000,120.000,15.182000,0.036000,123.509948,2690,43,0,23,88,176,0,0
59.883435,4.177000,120.000,15.182000,0.036000,123.510428,2690,43,0,23,88,176,0,0
59.895850,12.415000,120.000,15.182000,0.036000,123.510909,2690,43,0,23,88,176,0,0
59.897999,2.149000,120.000,15.182000,0.036000,123.511344,2690,43,0,23,88,176,0,0
59.912506,14.507000,120.000,15.182000,0.036000,123.511825,2690,43,0,23,88,176,0,0
59.916487,3.981000,120.000,15.182000,0.036000,123.512305,2690,43,0,23,88,176,0,0
59.929211,12.724000,120.000,15.182000,0.036000,123.512786,2690,43,0,23,88,176,0,0
59.931263,2.052000,120.000,15.182000,0.036000,123.513267,2690,43,0,23,88,176,0,0
59.945853,14.590000,120.000,15.182000,0.036000,123.513747,2690,43,0,23,88,176,0,0
59.949863,4.010000,120.000,15.182000,0.036000,123.514228,2690,43,0,23,88,176,0,0
59.962511,12.648000,120.000,15.182000,0.036000,123.514709,2690,43,0,23,88,176,0,0
59.964648,2.137000,120.000,15.182000,0.036000,123.515189,2690,43,0,23,88,176,0,0
59.979218,14.570000,120.000,15.182000,0.036000,123.515670,2690,43,0,23,88,176,0,0
59.983133,3.915000,120.000,15.182000,0.036000,123.516150,2690,43,0,23,88,176,0,0
59.995840,12.707000,120.000,15.182000,0.036000,123.516631,2690,43,0,23,88,176,0,0
59.998037,2.197000,120.000,15.182000,0.036000,123.517066,2690,43,0,23,88,176,0,0
60.012256,14.219000,120.000,15.182000,0.036000,123.517547,2690,43,0,23,88,176,0,0
