elapsed_s,frame_ms,engine_fps,process_ms,physics_ms,memory_mib,objects,nodes,orphans,draw_calls,render_objects,primitives,physics_objects,collision_pairs
0.001752,1.752000,119.000,14.859000,2.138000,125.691331,3802,186,0,81,185,1958,9,0
0.016705,14.953000,119.000,14.859000,2.138000,125.695413,3803,186,0,81,185,1958,9,0
0.018215,1.510000,119.000,14.859000,2.138000,125.695855,3803,186,0,81,185,1958,9,0
0.032610,14.395000,119.000,14.859000,2.138000,125.696603,3803,186,0,81,185,1958,9,0
0.035060,2.450000,119.000,14.859000,2.138000,125.697598,3803,186,0,80,185,1958,9,0
0.050140,15.080000,119.000,14.859000,2.138000,125.697930,3803,186,0,77,182,1952,9,0
0.051850,1.710000,119.000,14.859000,2.138000,125.683942,3795,183,0,76,181,1950,9,0
0.066773,14.923000,119.000,14.859000,2.138000,125.677178,3783,183,0,76,181,1950,9,0
0.068491,1.718000,119.000,14.859000,2.138000,125.677644,3783,183,0,76,181,1950,9,0
0.082810,14.319000,119.000,14.859000,2.138000,125.674691,3781,182,0,77,181,1950,9,0
0.085336,2.526000,119.000,14.859000,2.138000,125.672147,3776,182,0,77,181,1950,9,0
0.100281,14.945000,119.000,14.859000,2.138000,125.673497,3776,182,0,77,181,1950,9,1
0.102162,1.881000,119.000,14.859000,2.138000,125.673978,3776,182,0,77,181,1950,9,1
0.117224,15.062000,119.000,14.859000,2.138000,125.677518,3785,181,0,77,181,1950,9,0
0.119855,2.631000,119.000,14.859000,2.138000,125.674695,3780,181,0,77,181,1950,9,0
0.134871,15.016000,119.000,14.859000,2.138000,125.681176,3790,181,0,77,181,1950,9,0
0.137509,2.638000,119.000,14.859000,2.138000,125.681664,3790,181,0,77,181,1950,9,0
0.150139,12.630000,119.000,14.859000,2.138000,125.682237,3790,181,0,76,181,1950,9,0
0.152171,2.032000,119.000,14.859000,2.138000,125.682740,3790,181,0,76,181,1950,9,0
0.166811,14.640000,119.000,14.859000,2.138000,125.685853,3790,181,0,76,181,1950,9,0
0.168352,1.541000,119.000,14.859000,2.138000,125.686288,3790,181,0,76,181,1950,9,0
0.184249,15.897000,119.000,14.859000,2.138000,125.868894,3907,229,0,76,181,1950,9,0
0.198012,13.763000,119.000,14.859000,2.138000,126.462361,4227,282,0,160,283,2154,9,0
0.201076,3.064000,119.000,14.859000,2.138000,126.461156,4224,282,0,160,283,2154,9,0
0.216030,14.954000,119.000,14.859000,2.138000,126.463258,4227,282,0,160,283,2154,9,0
0.217741,1.711000,119.000,14.859000,2.138000,126.463658,4227,282,0,160,283,2154,9,0
0.233164,15.423000,119.000,14.859000,2.138000,126.426816,4232,280,0,155,276,2140,9,0
0.236366,3.202000,119.000,14.859000,2.138000,126.415074,4211,280,0,155,276,2140,9,0
0.249422,13.056000,119.000,14.859000,2.138000,126.419675,4211,280,0,155,276,2140,9,0
0.251410,1.988000,119.000,14.859000,2.138000,126.420110,4211,280,0,155,276,2140,9,0
0.266142,14.732000,119.000,14.859000,2.138000,126.404969,4209,279,0,153,274,2136,9,0
0.269187,3.045000,119.000,14.968000,2.412000,126.403024,4205,279,0,153,274,2136,9,0
0.283300,14.113000,119.000,14.968000,2.412000,126.402574,4204,279,0,152,273,2134,9,0
0.287653,4.353000,119.000,14.968000,2.412000,126.402974,4204,279,0,152,273,2134,9,0
0.299657,12.004000,119.000,14.968000,2.412000,126.403462,4204,279,0,152,273,2134,9,0
0.302672,3.015000,119.000,14.968000,2.412000,126.403897,4204,279,0,152,273,2134,9,0
0.316375,13.703000,119.000,14.968000,2.412000,126.404332,4204,279,0,152,273,2134,9,0
0.319234,2.859000,119.000,14.968000,2.412000,126.402265,4200,279,0,152,273,2134,9,0
0.332587,13.353000,119.000,14.968000,2.412000,126.425393,4224,283,0,132,253,2094,9,0
0.334494,1.907000,119.000,14.968000,2.412000,126.422105,4222,283,0,134,255,2098,9,0
0.349782,15.288000,119.000,14.968000,2.412000,126.420899,4219,283,0,134,255,2098,9,0
0.351693,1.911000,119.000,14.968000,2.412000,126.339662,4179,263,0,134,255,2098,9,0
0.365788,14.095000,119.000,14.968000,2.412000,126.287320,4079,263,0,134,255,2098,9,0
0.367817,2.029000,119.000,14.968000,2.412000,126.287755,4079,263,0,132,253,2094,9,0
0.383111,15.294000,119.000,14.968000,2.412000,126.277844,4074,260,0,132,253,2094,9,0
0.384886,1.775000,119.000,14.968000,2.412000,126.269723,4066,259,0,132,253,2094,9,0
0.399941,15.055000,119.000,14.968000,2.412000,126.267175,4061,259,0,132,253,2094,9,0
0.401710,1.769000,119.000,14.968000,2.412000,126.267518,4061,259,0,130,251,2090,9,0
0.416893,15.183000,119.000,14.968000,2.412000,126.279691,4065,263,0,130,251,2090,9,0
0.420934,4.041000,119.000,14.968000,2.412000,126.280812,4065,263,0,131,252,2092,9,0
0.433400,12.466000,119.000,14.968000,2.412000,126.281243,4065,263,0,131,252,2092,9,0
0.435329,1.929000,119.000,14.968000,2.412000,126.280004,4062,263,0,129,250,2088,9,0
0.450049,14.720000,119.000,14.968000,2.412000,126.280438,4062,263,0,128,249,2086,9,0
0.455006,4.957000,119.000,14.968000,2.412000,126.267632,4056,259,0,128,249,2086,9,0
0.466560,11.554000,119.000,14.968000,2.412000,126.263673,4049,259,0,128,249,2086,9,0
0.469616,3.056000,119.000,14.968000,2.412000,126.264073,4049,259,0,126,247,2082,9,0
0.483525,13.909000,119.000,14.968000,2.412000,126.253026,4046,256,0,124,246,2080,9,0
0.486454,2.929000,119.000,14.968000,2.412000,126.251081,4042,256,0,123,245,2078,9,0
0.500169,13.715000,119.000,14.968000,2.412000,126.266152,4050,253,0,126,248,2084,9,0
0.503102,2.933000,119.000,14.968000,2.412000,126.260270,4040,253,0,126,248,2084,9,0
0.516800,13.698000,119.000,14.968000,2.412000,126.259065,4037,253,0,126,248,2084,9,0
0.519874,3.074000,119.000,14.968000,2.412000,126.259465,4037,253,0,126,248,2084,9,0
0.533558,13.684000,119.000,14.968000,2.412000,126.260152,4037,253,0,126,248,2084,9,0
0.536491,2.933000,119.000,14.968000,2.412000,126.254338,4035,252,0,124,246,2080,9,0
0.549183,12.692000,119.000,14.968000,2.412000,126.254231,4034,252,0,124,246,2080,9,0
0.551805,2.622000,119.000,14.968000,2.412000,126.251050,4028,252,0,124,246,2080,9,0
0.566821,15.016000,119.000,14.968000,2.412000,126.249860,4025,252,0,124,246,2080,9,0
0.568593,1.772000,119.000,14.968000,2.412000,126.250295,4025,252,0,124,246,2080,9,0
0.583471,14.878000,119.000,14.968000,2.412000,126.250714,4025,252,0,124,246,2080,9,0
0.585241,1.770000,119.000,14.968000,2.412000,126.251149,4025,252,0,124,246,2080,9,0
0.600321,15.080000,119.000,14.968000,2.412000,126.251630,4025,252,0,124,246,2080,9,0
0.604525,4.204000,119.000,14.968000,2.412000,126.252065,4025,252,0,124,246,2080,9,0
0.616647,12.122000,119.000,14.968000,2.412000,126.252484,4025,252,0,124,246,2080,9,0
0.618353,1.706000,119.000,14.968000,2.412000,126.252919,4025,252,0,124,246,2080,9,0
0.633410,15.057000,119.000,14.968000,2.412000,126.253316,4025,252,0,124,246,2080,9,0
0.635518,2.108000,119.000,14.968000,2.412000,126.246774,4019,252,0,123,245,2078,9,0
0.649998,14.480000,119.000,14.968000,2.412000,126.248837,4022,252,0,123,245,2078,9,0
0.652285,2.287000,119.000,14.968000,2.412000,126.249272,4022,252,0,123,245,2078,9,0
0.666856,14.571000,119.000,14.968000,2.412000,126.246812,4023,251,0,123,245,2078,9,0
0.669632,2.776000,119.000,14.968000,2.412000,126.228925,4016,250,0,121,243,2074,9,0
0.683590,13.958000,119.000,14.968000,2.412000,126.226930,4012,250,0,121,243,2074,9,0
0.686592,3.002000,119.000,14.968000,2.412000,126.227330,4012,250,0,121,243,2074,9,0
0.700193,13.601000,119.000,14.968000,2.412000,126.227750,4012,250,0,121,243,2074,9,0
0.704044,3.851000,119.000,14.968000,2.412000,126.228185,4012,250,0,121,243,2074,9,0
0.716768,12.724000,119.000,14.968000,2.412000,126.236299,4025,250,0,121,243,2074,9,0
0.718685,1.917000,119.000,14.968000,2.412000,126.236733,4025,250,0,121,243,2074,9,0
0.735625,16.940000,119.000,14.968000,2.412000,126.237134,4025,250,0,121,243,2074,9,0
0.737989,2.364000,119.000,14.968000,2.412000,126.247167,4036,251,0,121,243,2074,9,0
0.749886,11.897000,119.000,14.968000,2.412000,126.245702,4033,251,0,122,244,2076,9,0
0.751626,1.740000,119.000,14.968000,2.412000,126.246137,4033,251,0,122,244,2076,9,0
0.766808,15.182000,119.000,14.968000,2.412000,126.246587,4033,251,0,122,244,2076,9,0
0.787674,20.866000,119.000,14.968000,2.412000,126.937009,4465,318,0,205,335,2258,9,0
0.798993,11.319000,119.000,14.968000,2.412000,126.937444,4465,318,0,205,335,2258,9,0
0.803209,4.216000,119.000,14.968000,2.412000,126.938237,4465,318,0,205,335,2258,9,0
0.815594,12.385000,119.000,14.968000,2.412000,126.959752,4472,319,0,168,290,2168,9,0
0.819893,4.299000,119.000,14.968000,2.412000,126.647885,4430,299,0,168,290,2168,9,0
0.832159,12.266000,119.000,14.968000,2.412000,126.600713,4350,299,0,168,290,2168,9,0
0.835612,3.453000,119.000,14.968000,2.412000,126.601148,4350,299,0,168,290,2168,9,0
0.848851,13.239000,119.000,14.968000,2.412000,126.601583,4350,299,0,168,290,2168,9,0
0.853016,4.165000,119.000,14.968000,2.412000,126.586499,4348,298,0,166,288,2164,9,0
0.865526,12.510000,119.000,14.968000,2.412000,126.584554,4344,298,0,166,288,2164,9,0
0.869575,4.049000,119.000,14.968000,2.412000,126.584989,4344,298,0,166,288,2164,9,0
0.882721,13.146000,119.000,14.968000,2.412000,126.582257,4338,298,0,166,288,2164,9,0
0.885969,3.248000,119.000,14.968000,2.412000,126.582692,4338,298,0,166,288,2164,9,0
0.899356,13.387000,119.000,14.968000,2.412000,126.581487,4335,298,0,166,288,2164,9,0
0.900959,1.603000,119.000,14.968000,2.412000,126.581922,4335,298,0,166,288,2164,9,0
0.916071,15.112000,119.000,14.968000,2.412000,126.579854,4331,298,0,131,253,2094,9,0
0.919477,3.406000,119.000,14.968000,2.412000,126.580235,4331,298,0,130,252,2092,9,0
0.933158,13.681000,119.000,14.968000,2.412000,126.576261,4329,298,0,130,252,2092,9,0
0.936799,3.641000,119.000,14.968000,2.412000,126.432866,4259,263,0,130,252,2092,9,0
0.949680,12.881000,119.000,14.968000,2.412000,126.328542,4081,263,0,129,251,2090,9,0
0.953476,3.796000,119.000,14.968000,2.412000,126.328942,4081,263,0,129,251,2090,9,0
0.966160,12.684000,119.000,14.968000,2.412000,126.330567,4081,263,0,129,251,2090,9,2
0.967930,1.770000,119.000,14.968000,2.412000,126.326818,4079,262,0,129,251,2090,9,2
0.982923,14.993000,119.000,14.968000,2.412000,126.326474,4077,262,0,129,251,2090,9,2
0.985597,2.674000,119.000,14.968000,2.412000,126.326772,4077,262,0,129,251,2090,9,2
0.999836,14.239000,119.000,14.968000,2.412000,126.324883,4083,260,0,129,251,2090,9,0
1.003084,3.248000,119.000,14.968000,2.412000,126.318849,4073,260,0,130,250,2088,9,0
1.018482,15.398000,119.000,14.968000,2.412000,126.319558,4073,260,0,130,250,2088,9,0
1.033011,14.529000,119.000,14.968000,2.412000,126.321641,4076,260,0,128,248,2084,9,0
1.035342,2.331000,119.000,14.968000,2.412000,126.308835,4070,256,0,127,247,2082,9,0
1.049929,14.587000,119.000,14.968000,2.412000,126.304868,4063,256,0,127,247,2082,9,0
1.054112,4.183000,119.000,14.968000,2.412000,126.303662,4060,256,0,125,245,2078,9,0
1.066040,11.928000,119.000,14.968000,2.412000,126.304112,4060,256,0,124,244,2076,9,0
1.068626,2.586000,119.000,14.968000,2.412000,126.293077,4057,253,0,123,243,2074,9,0
1.083110,14.484000,119.000,14.968000,2.412000,126.355107,4087,254,0,132,252,2092,9,0
1.087829,4.719000,119.000,14.968000,2.412000,126.351090,4080,254,0,132,252,2092,9,0
1.099683,11.854000,119.000,14.968000,2.412000,126.347909,4074,254,0,131,251,2090,9,0
1.102474,2.791000,119.000,14.968000,2.412000,126.348344,4074,254,0,131,251,2090,9,0
1.116352,13.878000,119.000,14.968000,2.412000,126.345590,4069,254,0,131,251,2090,9,0
1.119089,2.737000,119.000,14.968000,2.412000,126.330552,4067,253,0,129,249,2086,9,0
1.133470,14.381000,119.000,14.968000,2.412000,126.452924,4189,277,0,129,249,2086,9,0
1.136438,2.968000,119.000,14.968000,2.412000,126.457673,4189,277,0,141,261,2110,9,0
1.149003,12.565000,119.000,14.968000,2.412000,126.458062,4189,277,0,141,261,2110,9,0
1.151032,2.029000,119.000,14.968000,2.412000,126.458497,4189,277,0,141,261,2110,9,0
1.166504,15.472000,119.000,14.968000,2.412000,126.458947,4189,277,0,139,259,2106,9,0
1.168252,1.748000,119.000,14.968000,2.412000,126.459382,4189,277,0,139,259,2106,9,0
1.183154,14.902000,119.000,14.968000,2.412000,126.459802,4189,277,0,139,259,2106,9,0
1.184915,1.761000,119.000,14.968000,2.412000,126.460237,4189,277,0,139,259,2106,9,0
1.199877,14.962000,119.000,14.968000,2.412000,126.461587,4189,277,0,139,259,2106,9,1
1.202874,2.997000,119.000,14.968000,2.412000,126.462556,4189,277,0,139,259,2106,9,1
1.216564,13.690000,119.000,14.968000,2.412000,126.482816,4192,276,0,139,259,2106,9,0
1.220559,3.995000,119.000,14.968000,2.412000,126.479939,4187,276,0,137,256,2100,9,0
1.232879,12.320000,119.000,14.968000,2.412000,126.475949,4185,276,0,137,256,2100,9,0
1.234933,2.054000,119.000,14.968000,2.412000,126.476384,4185,276,0,137,256,2100,9,0
1.249713,14.780000,119.000,14.968000,2.412000,126.464490,4179,273,0,137,256,2100,9,0
1.251747,2.034000,119.000,14.968000,2.412000,126.439073,4159,272,0,133,252,2092,9,0
1.266381,14.634000,119.000,14.968000,2.412000,126.416139,4145,266,0,133,252,2092,9,0
1.269053,2.672000,117.000,20.356000,0.928000,126.409188,4133,266,0,133,252,2092,9,0
1.283273,14.220000,117.000,20.356000,0.928000,126.409608,4133,266,0,133,252,2092,9,0
1.286614,3.341000,117.000,20.356000,0.928000,126.410043,4133,266,0,133,252,2092,9,0
1.300030,13.416000,117.000,20.356000,0.928000,126.418157,4146,266,0,133,252,2092,9,0
1.304227,4.197000,117.000,20.356000,0.928000,126.418557,4146,266,0,133,252,2092,9,0
1.316255,12.028000,117.000,20.356000,0.928000,126.418973,4146,266,0,133,252,2092,9,0
1.319463,3.208000,117.000,20.356000,0.928000,126.419408,4146,266,0,133,252,2092,9,0
1.333111,13.648000,117.000,20.356000,0.928000,126.419843,4146,266,0,133,252,2092,9,0
1.336151,3.040000,117.000,20.356000,0.928000,126.424909,4152,266,0,133,252,2092,9,0
1.349796,13.645000,117.000,20.356000,0.928000,126.425118,4152,266,0,133,252,2092,9,0
1.364989,15.193000,117.000,20.356000,0.928000,126.999707,4476,319,0,202,327,2242,9,0
1.371466,6.477000,117.000,20.356000,0.928000,127.000142,4476,319,0,202,327,2242,9,0
1.382592,11.126000,117.000,20.356000,0.928000,127.000577,4476,319,0,201,326,2240,9,0
1.385713,3.121000,117.000,20.356000,0.928000,127.001012,4476,319,0,201,326,2240,9,0
1.399622,13.909000,117.000,20.356000,0.928000,126.712838,4445,301,0,164,281,2150,9,0
1.402694,3.072000,117.000,20.356000,0.928000,126.665284,4364,301,0,164,281,2150,9,0
1.416385,13.691000,117.000,20.356000,0.928000,126.667371,4367,301,0,164,281,2150,9,0
1.419788,3.403000,117.000,20.356000,0.928000,126.667806,4367,301,0,164,281,2150,9,0
1.432898,13.110000,117.000,20.356000,0.928000,126.668241,4367,301,0,164,281,2150,9,0
1.434639,1.741000,117.000,20.356000,0.928000,126.668675,4367,301,0,164,281,2150,9,0
1.449688,15.049000,117.000,20.356000,0.928000,126.653913,4343,301,0,164,281,2150,9,0
1.452904,3.216000,117.000,20.356000,0.928000,126.654347,4343,301,0,164,281,2150,9,0
1.466320,13.416000,117.000,20.356000,0.928000,126.654782,4343,301,0,164,281,2150,9,0
1.468197,1.877000,117.000,20.356000,0.928000,126.655183,4343,301,0,163,280,2148,9,0
1.483256,15.059000,117.000,20.356000,0.928000,126.645112,4338,298,0,163,280,2148,9,0
1.486829,3.573000,117.000,20.356000,0.928000,126.639352,4328,298,0,163,280,2148,9,0
1.499509,12.680000,117.000,20.356000,0.928000,126.639840,4328,298,0,142,259,2106,9,0
1.501262,1.753000,117.000,20.356000,0.928000,126.640275,4328,298,0,142,259,2106,9,0
1.516638,15.376000,117.000,20.356000,0.928000,126.657544,4341,302,0,142,259,2106,9,0
1.520370,3.732000,117.000,20.356000,0.928000,126.567990,4297,281,0,143,260,2108,9,0
1.533009,12.639000,117.000,20.356000,0.928000,126.504827,4189,281,0,143,260,2108,9,0
1.535701,2.692000,117.000,20.356000,0.928000,126.505261,4189,281,0,142,259,2106,9,0
1.549915,14.214000,117.000,20.356000,0.928000,126.505696,4189,281,0,142,259,2106,9,0
1.553977,4.062000,117.000,20.356000,0.928000,126.501988,4187,280,0,142,259,2106,9,0
1.566498,12.521000,117.000,20.356000,0.928000,126.499444,4182,280,0,142,259,2106,9,0
1.569344,2.846000,117.000,20.356000,0.928000,126.499787,4182,280,0,142,259,2106,9,0
1.583452,14.108000,117.000,20.356000,0.928000,126.495080,4173,280,0,142,259,2106,9,0
1.587136,3.684000,117.000,20.356000,0.928000,126.493875,4170,280,0,141,258,2104,9,0
1.599861,12.725000,117.000,20.356000,0.928000,126.494309,4170,280,0,141,258,2104,9,0
1.601532,1.671000,117.000,20.356000,0.928000,126.494744,4170,280,0,139,256,2100,9,0
1.616576,15.044000,117.000,20.356000,0.928000,126.495194,4170,280,0,138,255,2098,9,0
1.618329,1.753000,117.000,20.356000,0.928000,126.493787,4182,276,0,138,255,2098,9,0
1.633413,15.084000,117.000,20.356000,0.928000,126.468114,4139,276,0,138,255,2098,9,0
1.637627,4.214000,117.000,20.356000,0.928000,126.468549,4139,276,0,136,253,2094,9,0
1.650044,12.417000,117.000,20.356000,0.928000,126.455861,4133,273,0,134,252,2092,9,0
1.651774,1.730000,117.000,20.356000,0.928000,126.453916,4129,273,0,133,251,2090,9,0
1.666113,14.339000,117.000,20.356000,0.928000,126.568334,4189,278,0,148,266,2120,9,0
1.667936,1.823000,117.000,20.356000,0.928000,126.562451,4179,278,0,148,266,2120,9,0
1.682817,14.881000,117.000,20.356000,0.928000,126.564607,4182,278,0,148,266,2120,9,0
1.684678,1.861000,117.000,20.356000,0.928000,126.565042,4182,278,0,148,266,2120,9,0
1.699416,14.738000,117.000,20.356000,0.928000,126.565476,4182,278,0,147,265,2118,9,0
1.701858,2.442000,117.000,20.356000,0.928000,126.519467,4176,275,0,141,259,2106,9,0
1.716077,14.219000,117.000,20.356000,0.928000,126.509526,4159,275,0,141,259,2106,9,0
1.718808,2.731000,117.000,20.356000,0.928000,126.509961,4159,275,0,141,259,2106,9,0
1.733312,14.504000,117.000,20.356000,0.928000,126.512063,4162,275,0,141,259,2106,9,0
1.737434,4.122000,117.000,20.356000,0.928000,126.512498,4162,275,0,141,259,2106,9,0
1.749354,11.920000,117.000,20.356000,0.928000,126.511292,4159,275,0,141,259,2106,9,0
1.752171,2.817000,117.000,20.356000,0.928000,126.511727,4159,275,0,141,259,2106,9,0
1.766388,14.217000,117.000,20.356000,0.928000,126.512162,4159,275,0,141,259,2106,9,0
1.769235,2.847000,117.000,20.356000,0.928000,126.512597,4159,275,0,141,259,2106,9,0
1.783025,13.790000,117.000,20.356000,0.928000,126.513032,4159,275,0,141,259,2106,9,0
1.787013,3.988000,117.000,20.356000,0.928000,126.543538,4195,275,0,141,259,2106,9,0
1.799944,12.931000,117.000,20.356000,0.928000,126.533322,4177,275,0,141,259,2106,9,0
1.801654,1.710000,117.000,20.356000,0.928000,126.560590,4175,275,0,136,254,2096,9,0
1.816526,14.872000,117.000,20.356000,0.928000,126.561025,4175,275,0,136,254,2096,9,0
1.818313,1.787000,117.000,20.356000,0.928000,126.561460,4175,275,0,136,254,2096,9,0
1.833333,15.020000,117.000,20.356000,0.928000,126.541287,4165,270,0,136,254,2096,9,0
1.835071,1.738000,117.000,20.356000,0.928000,126.526998,4140,270,0,136,254,2096,9,0
1.849853,14.782000,117.000,20.356000,0.928000,126.527448,4140,270,0,136,254,2096,9,0
1.851851,1.998000,117.000,20.356000,0.928000,126.527883,4140,270,0,136,254,2096,9,0
1.866430,14.579000,117.000,20.356000,0.928000,126.528302,4140,270,0,136,254,2096,9,0
1.868271,1.841000,117.000,20.356000,0.928000,126.528703,4140,270,0,136,254,2096,9,0
1.883182,14.911000,117.000,20.356000,0.928000,126.535157,4150,270,0,136,254,2096,9,0
1.885270,2.088000,117.000,20.356000,0.928000,126.521764,4144,266,0,136,254,2096,9,0
1.899762,14.492000,117.000,20.356000,0.928000,126.518945,4138,266,0,136,254,2096,9,0
1.901779,2.017000,117.000,20.356000,0.928000,126.519380,4138,266,0,136,254,2096,9,0
1.916571,14.792000,117.000,20.356000,0.928000,126.518189,4135,266,0,136,254,2096,9,0
1.920229,3.658000,117.000,20.356000,0.928000,126.518624,4135,266,0,136,254,2096,9,0
1.933185,12.956000,117.000,20.356000,0.928000,126.519044,4135,266,0,136,254,2096,9,0
1.947818,14.633000,117.000,20.356000,0.928000,127.038213,4438,316,0,199,323,2234,9,0
1.951997,4.179000,117.000,20.356000,0.928000,127.038648,4438,316,0,199,323,2234,9,0
1.966512,14.515000,117.000,20.356000,0.928000,127.037442,4435,316,0,199,323,2234,9,0
1.970227,3.715000,117.000,20.356000,0.928000,127.037877,4435,316,0,193,317,2222,9,0
1.982838,12.611000,117.000,20.356000,0.928000,126.748639,4416,299,0,156,274,2136,9,0
1.985796,2.958000,117.000,20.356000,0.928000,126.693181,4321,299,0,156,274,2136,9,0
1.999338,13.542000,117.000,20.356000,0.928000,126.693616,4321,299,0,156,274,2136,9,0
2.002664,3.326000,117.000,20.356000,0.928000,126.694051,4321,299,0,156,274,2136,9,0
2.015790,13.126000,117.000,20.356000,0.928000,126.694486,4321,299,0,156,274,2136,9,0
2.019594,3.804000,117.000,20.356000,0.928000,126.694886,4321,299,0,156,274,2136,9,0
2.032542,12.948000,117.000,20.356000,0.928000,126.695321,4321,299,0,156,274,2136,9,0
2.035345,2.803000,117.000,20.356000,0.928000,126.695756,4321,299,0,156,274,2136,9,0
2.049198,13.853000,117.000,20.356000,0.928000,126.697858,4324,299,0,156,274,2136,9,0
2.051937,2.739000,117.000,20.356000,0.928000,126.698293,4324,299,0,156,274,2136,9,0
2.066328,14.391000,117.000,20.356000,0.928000,126.700353,4327,299,0,156,274,2136,9,0
2.069684,3.356000,117.000,20.356000,0.928000,126.698285,4323,299,0,156,274,2136,9,0
2.082290,12.606000,117.000,20.356000,0.928000,126.698667,4323,299,0,135,253,2094,9,0
2.084292,2.002000,117.000,20.356000,0.928000,126.694657,4321,299,0,135,253,2094,9,0
2.099400,15.108000,117.000,20.356000,0.928000,126.695092,4321,299,0,135,253,2094,9,0
2.101077,1.677000,117.000,20.356000,0.928000,126.609273,4279,278,0,135,253,2094,9,0
2.116277,15.200000,117.000,20.356000,0.928000,126.549417,4177,278,0,135,253,2094,9,0
2.117830,1.553000,117.000,20.356000,0.928000,126.549851,4177,278,0,132,250,2088,9,0
2.133316,15.486000,117.000,20.356000,0.928000,126.550244,4177,278,0,132,250,2088,9,0
2.136292,2.976000,117.000,20.356000,0.928000,126.538281,4171,275,0,132,250,2088,9,0
2.149540,13.248000,117.000,20.356000,0.928000,126.529778,4156,275,0,126,244,2076,9,0
2.150999,1.459000,117.000,20.356000,0.928000,126.530087,4156,275,0,126,244,2076,9,0
2.166184,15.185000,117.000,20.356000,0.928000,126.507901,4120,275,0,126,244,2076,9,0
2.168020,1.836000,117.000,20.356000,0.928000,126.508336,4120,275,0,125,243,2074,9,0
2.182862,14.842000,117.000,20.356000,0.928000,126.508698,4120,275,0,125,243,2074,9,0
2.184691,1.829000,117.000,20.356000,0.928000,126.493173,4113,270,0,122,240,2068,9,0
2.199510,14.819000,117.000,20.356000,0.928000,126.488015,4103,270,0,121,239,2066,9,0
2.201881,2.371000,117.000,20.356000,0.928000,126.475175,4097,266,0,121,239,2066,9,0
2.216363,14.482000,117.000,20.356000,0.928000,126.472875,4093,266,0,121,239,2066,9,0
2.219172,2.809000,117.000,20.356000,0.928000,126.473310,4093,266,0,119,237,2062,9,0
2.233132,13.960000,117.000,20.356000,0.928000,126.462243,4090,263,0,118,236,2060,9,0
2.235920,2.788000,117.000,20.356000,0.928000,126.460298,4086,263,0,117,235,2058,9,0
2.249480,13.560000,117.000,20.356000,0.928000,126.524758,4120,264,0,126,244,2076,9,0
2.252563,3.083000,117.000,20.356000,0.928000,126.518842,4110,264,0,126,244,2076,9,0
2.266688,14.125000,117.000,20.356000,0.928000,126.519277,4110,264,0,126,244,2076,9,0
2.269770,3.082000,118.000,14.928000,0.719000,126.519711,4110,264,0,126,244,2076,9,0
2.283492,13.722000,118.000,14.928000,0.719000,126.518464,4107,264,0,126,244,2076,9,0
2.286459,2.967000,118.000,14.928000,0.719000,126.441354,4097,259,0,116,234,2056,9,0
2.300094,13.635000,118.000,14.928000,0.719000,126.429101,4074,259,0,116,234,2056,9,1
2.303562,3.468000,118.000,14.928000,0.719000,126.429536,4074,259,0,116,234,2056,9,1
2.316739,13.177000,118.000,14.928000,0.719000,126.430539,4080,258,0,116,234,2056,9,0
2.319883,3.144000,118.000,14.928000,0.719000,126.427716,4075,258,0,117,234,2056,9,0
2.333439,13.556000,118.000,14.928000,0.719000,126.428151,4075,258,0,117,234,2056,9,0
2.336486,3.047000,118.000,14.928000,0.719000,126.428586,4075,258,0,117,234,2056,9,0
2.349490,13.004000,118.000,14.928000,0.719000,126.427381,4072,258,0,117,234,2056,9,0
2.353316,3.826000,118.000,14.928000,0.719000,126.427781,4072,258,0,117,234,2056,9,0
2.366811,13.495000,118.000,14.928000,0.719000,126.428216,4072,258,0,117,234,2056,9,0
2.369784,2.973000,118.000,14.928000,0.719000,126.428651,4072,258,0,117,234,2056,9,0
2.383575,13.791000,118.000,14.928000,0.719000,126.432366,4078,258,0,117,234,2056,9,0
2.386533,2.958000,118.000,14.928000,0.719000,126.428391,4076,258,0,114,231,2050,9,0
2.400209,13.676000,118.000,14.928000,0.719000,126.428773,4076,258,0,114,231,2050,9,0
2.403176,2.967000,118.000,14.928000,0.719000,126.429208,4076,258,0,114,231,2050,9,0
2.416615,13.439000,118.000,14.928000,0.719000,126.417333,4070,255,0,114,231,2050,9,0
2.419972,3.357000,118.000,14.928000,0.719000,126.408933,4055,255,0,114,231,2050,9,0
2.432908,12.936000,118.000,14.928000,0.719000,126.411012,4058,255,0,114,231,2050,9,0
2.435148,2.240000,118.000,14.928000,0.719000,126.411447,4058,255,0,114,231,2050,9,0
2.450108,14.960000,118.000,14.928000,0.719000,126.410237,4055,255,0,114,231,2050,9,0
2.451881,1.773000,118.000,14.928000,0.719000,126.410672,4055,255,0,114,231,2050,9,0
2.466750,14.869000,118.000,14.928000,0.719000,126.417111,4065,255,0,114,231,2050,9,0
2.468512,1.762000,118.000,14.928000,0.719000,126.417512,4065,255,0,114,231,2050,9,0
2.482625,14.113000,118.000,14.928000,0.719000,126.417962,4065,255,0,113,230,2048,9,0
2.485519,2.894000,118.000,14.928000,0.719000,126.418397,4065,255,0,113,230,2048,9,0
2.500223,14.704000,118.000,14.928000,0.719000,126.418832,4065,255,0,113,230,2048,9,0
2.502049,1.826000,118.000,14.928000,0.719000,126.419267,4065,255,0,113,230,2048,9,0
2.516583,14.534000,118.000,14.928000,0.719000,126.419686,4065,255,0,113,230,2048,9,0
2.536109,19.526000,118.000,14.928000,0.719000,127.080831,4452,317,0,192,318,2224,9,0
2.549310,13.201000,118.000,14.928000,0.719000,127.081265,4452,317,0,193,318,2224,9,0
2.552857,3.547000,118.000,14.928000,0.719000,127.081666,4452,317,0,193,318,2224,9,0
2.565779,12.922000,118.000,14.928000,0.719000,127.117394,4487,322,0,164,283,2154,9,0
2.570133,4.354000,118.000,14.928000,0.719000,126.839772,4428,305,0,164,283,2154,9,0
2.582462,12.329000,118.000,14.928000,0.719000,126.789350,4355,302,0,163,282,2152,9,0
2.586275,3.813000,118.000,14.928000,0.719000,126.786046,4349,302,0,163,282,2152,9,0
2.599167,12.892000,118.000,14.928000,0.719000,126.786481,4349,302,0,163,282,2152,9,0
2.603001,3.834000,118.000,14.928000,0.719000,126.786916,4349,302,0,163,282,2152,9,0
2.616178,13.177000,118.000,14.928000,0.719000,126.784070,4343,302,0,163,282,2152,9,0
2.621978,5.800000,118.000,14.928000,0.719000,126.799726,4353,306,0,163,282,2152,9,0
2.632612,10.634000,118.000,14.928000,0.719000,126.800843,4353,306,0,165,284,2156,9,0
2.635732,3.120000,118.000,14.928000,0.719000,126.801278,4353,306,0,165,284,2156,9,0
2.649795,14.063000,118.000,14.928000,0.719000,126.801713,4353,306,0,165,284,2156,9,0
2.654132,4.337000,118.000,14.928000,0.719000,126.802148,4353,306,0,165,284,2156,9,0
2.665967,11.835000,118.000,14.928000,0.719000,126.798440,4346,306,0,137,256,2100,9,0
2.669209,3.242000,118.000,14.928000,0.719000,126.798821,4346,306,0,137,256,2100,9,0
2.683051,13.842000,118.000,14.928000,0.719000,126.794847,4344,306,0,137,256,2100,9,0
2.685893,2.842000,118.000,14.928000,0.719000,126.680268,4288,278,0,137,256,2100,9,0
2.699712,13.819000,118.000,14.928000,0.719000,126.599408,4148,278,0,132,251,2090,9,0
2.702603,2.891000,118.000,14.928000,0.719000,126.646855,4148,278,0,132,251,2090,9,0
2.716670,14.067000,118.000,14.928000,0.719000,126.647290,4148,278,0,132,251,2090,9,0
2.719401,2.731000,118.000,14.928000,0.719000,126.627038,4138,273,0,132,251,2090,9,0
2.732932,13.531000,118.000,14.928000,0.719000,126.612790,4113,273,0,132,251,2090,9,0
2.736579,3.647000,118.000,14.928000,0.719000,126.613088,4113,273,0,132,251,2090,9,0
2.750400,13.821000,118.000,14.928000,0.719000,126.611695,4110,273,0,132,251,2090,9,0
2.753213,2.813000,118.000,14.928000,0.719000,126.612096,4110,273,0,131,250,2088,9,0
2.767003,13.790000,118.000,14.928000,0.719000,126.614144,4113,273,0,131,250,2088,9,0
2.769874,2.871000,118.000,14.928000,0.719000,126.614579,4113,273,0,129,248,2084,9,0
2.783579,13.705000,118.000,14.928000,0.719000,126.615022,4113,273,0,128,247,2082,9,0
2.786399,2.820000,118.000,14.928000,0.719000,126.602216,4107,269,0,128,247,2082,9,0
2.799843,13.444000,118.000,14.928000,0.719000,126.598241,4100,269,0,128,247,2082,9,0
2.803609,3.766000,118.000,14.928000,0.719000,126.598676,4100,269,0,126,245,2078,9,0
2.816781,13.172000,118.000,14.928000,0.719000,126.589276,4100,266,0,124,244,2076,9,0
2.820101,3.320000,118.000,14.928000,0.719000,126.587331,4096,266,0,123,243,2074,9,0
2.833457,13.356000,118.000,14.928000,0.719000,126.651780,4130,267,0,132,252,2092,9,0
2.837407,3.950000,118.000,14.928000,0.719000,126.645898,4120,267,0,132,252,2092,9,0
2.849988,12.581000,118.000,14.928000,0.719000,126.646317,4120,267,0,132,252,2092,9,0
2.851785,1.797000,118.000,14.928000,0.719000,126.646752,4120,267,0,132,252,2092,9,0
2.866471,14.686000,118.000,14.928000,0.719000,126.647202,4120,267,0,132,252,2092,9,0
2.868454,1.983000,118.000,14.928000,0.719000,126.601129,4114,264,0,126,246,2080,9,0
2.883024,14.570000,118.000,14.928000,0.719000,126.594361,4102,264,0,126,246,2080,9,0
2.884594,1.570000,118.000,14.928000,0.719000,126.594796,4102,264,0,126,246,2080,9,0
2.899227,14.633000,118.000,14.928000,0.719000,126.595231,4102,264,0,126,246,2080,9,0
2.901947,2.720000,118.000,14.928000,0.719000,126.595666,4102,264,0,126,246,2080,9,0
2.916609,14.662000,118.000,14.928000,0.719000,126.597749,4105,264,0,126,246,2080,9,0
2.918650,2.041000,118.000,14.928000,0.719000,126.598184,4105,264,0,126,246,2080,9,0
2.932837,14.187000,118.000,14.928000,0.719000,126.598569,4105,264,0,126,246,2080,9,0
2.935780,2.943000,118.000,14.928000,0.719000,126.599004,4105,264,0,126,246,2080,9,0
2.949572,13.792000,118.000,14.928000,0.719000,126.599366,4105,264,0,126,246,2080,9,0
2.951327,1.755000,118.000,14.928000,0.719000,126.599801,4105,264,0,126,246,2080,9,0
2.966201,14.874000,118.000,14.928000,0.719000,126.600236,4105,264,0,126,246,2080,9,0
2.968675,2.474000,118.000,14.928000,0.719000,126.596208,4103,264,0,123,243,2074,9,0
2.982786,14.111000,118.000,14.928000,0.719000,126.595002,4100,264,0,123,243,2074,9,0
2.986209,3.423000,118.000,14.928000,0.719000,126.595437,4100,264,0,123,243,2074,9,0
3.000026,13.817000,118.000,14.928000,0.719000,126.581918,4091,261,0,123,243,2074,9,0
3.002942,2.916000,118.000,14.928000,0.719000,126.573518,4076,261,0,123,243,2074,9,0
3.016498,13.556000,118.000,14.928000,0.719000,126.573953,4076,261,0,123,243,2074,9,0
3.018031,1.533000,118.000,14.928000,0.719000,126.574479,4076,261,0,123,243,2074,9,0
3.032904,14.873000,118.000,14.928000,0.719000,126.574914,4076,261,0,123,243,2074,9,0
3.035160,2.256000,118.000,14.928000,0.719000,126.575349,4076,261,0,123,243,2074,9,0
3.049960,14.800000,118.000,14.928000,0.719000,126.580075,4083,261,0,123,243,2074,9,0
3.053730,3.770000,118.000,14.928000,0.719000,126.580476,4083,261,0,123,243,2074,9,0
3.065977,12.247000,118.000,14.928000,0.719000,126.580937,4083,261,0,123,243,2074,9,0
3.067571,1.594000,118.000,14.928000,0.719000,126.581372,4083,261,0,122,243,2074,9,0
3.082660,15.089000,118.000,14.928000,0.719000,126.583451,4086,261,0,122,243,2074,9,0
3.086077,3.417000,118.000,14.928000,0.719000,126.583852,4086,261,0,123,243,2074,9,0
3.099188,13.111000,118.000,14.928000,0.719000,126.584268,4086,261,0,123,243,2074,9,0
3.110891,11.703000,118.000,14.928000,0.719000,127.155820,4443,318,0,193,319,2226,9,0
3.124170,13.279000,118.000,14.928000,0.719000,127.156209,4443,318,0,193,319,2226,9,0
3.128152,3.982000,118.000,14.928000,0.719000,127.158280,4446,318,0,193,319,2226,9,0
3.140296,12.144000,118.000,14.928000,0.719000,127.158715,4446,318,0,193,319,2226,9,0
3.145160,4.864000,118.000,14.928000,0.719000,126.836648,4420,299,0,152,270,2128,9,0
3.157185,12.025000,118.000,14.928000,0.719000,126.776372,4317,299,0,152,270,2128,9,0
3.161652,4.467000,118.000,14.928000,0.719000,126.776807,4317,299,0,152,270,2128,9,0
3.173857,12.205000,118.000,14.928000,0.719000,126.777242,4317,299,0,152,270,2128,9,0
3.178022,4.165000,118.000,14.928000,0.719000,126.777677,4317,299,0,152,270,2128,9,0
3.190513,12.491000,118.000,14.928000,0.719000,126.778111,4317,299,0,152,270,2128,9,0
3.195092,4.579000,118.000,14.928000,0.719000,126.651433,4267,259,0,152,270,2128,9,0
3.207152,12.060000,118.000,14.928000,0.719000,126.619702,4217,259,0,142,250,2088,9,0
3.211340,4.188000,118.000,14.928000,0.719000,126.620191,4217,259,0,142,250,2088,9,0
3.223793,12.453000,118.000,14.928000,0.719000,126.620568,4217,259,0,142,250,2088,9,0
3.226916,3.123000,118.000,14.928000,0.719000,126.621003,4217,259,0,142,250,2088,9,0
3.240475,13.559000,118.000,14.928000,0.719000,126.534749,4177,235,0,142,250,2088,9,0
3.244542,4.067000,118.000,14.928000,0.719000,126.516133,4141,235,0,114,222,2032,9,0
3.257097,12.555000,118.000,14.928000,0.719000,126.512158,4139,235,0,114,222,2032,9,0
3.259995,2.898000,118.000,14.928000,0.719000,126.512593,4139,235,0,114,222,2032,9,0
3.273917,13.922000,117.000,18.928000,0.968000,126.398015,4083,207,0,114,222,2032,9,0
3.278504,4.587000,117.000,18.928000,0.968000,126.315953,3943,207,0,114,222,2032,9,0
3.290426,11.922000,117.000,18.928000,0.968000,126.316388,3943,207,0,111,219,2026,9,0
3.293394,2.968000,117.000,18.928000,0.968000,126.316823,3943,207,0,111,219,2026,9,0
3.307276,13.882000,117.000,18.928000,0.968000,126.303521,3937,204,0,111,219,2026,9,0
3.312546,5.270000,117.000,18.928000,0.968000,126.293450,3919,204,0,111,219,2026,9,0
3.324037,11.491000,117.000,18.928000,0.968000,126.293748,3919,204,0,111,219,2026,9,0
3.327297,3.260000,117.000,18.928000,0.968000,126.290681,3913,204,0,111,219,2026,9,0
3.340606,13.309000,117.000,18.928000,0.968000,126.291116,3913,204,0,110,218,2024,9,0
3.343726,3.120000,117.000,18.928000,0.968000,126.291551,3913,204,0,110,218,2024,9,0
3.357224,13.498000,117.000,18.928000,0.968000,126.290345,3910,204,0,107,216,2020,9,0
3.360307,3.083000,117.000,18.928000,0.968000,126.290780,3910,204,0,106,215,2018,9,0
3.374023,13.716000,117.000,18.928000,0.968000,126.277974,3904,200,0,107,215,2018,9,0
3.377337,3.314000,117.000,18.928000,0.968000,126.274014,3897,200,0,107,215,2018,9,0
3.390522,13.185000,117.000,18.928000,0.968000,126.274449,3897,200,0,105,213,2014,9,0
3.394099,3.577000,117.000,18.928000,0.968000,126.264302,3894,197,0,104,212,2012,9,1
3.407582,13.483000,117.000,18.928000,0.968000,126.262357,3890,197,0,103,211,2010,9,1
3.412155,4.573000,117.000,18.928000,0.968000,126.351850,3943,199,0,115,223,2034,9,0
3.424238,12.083000,117.000,18.928000,0.968000,126.342710,3928,199,0,115,223,2034,9,0
3.428062,3.824000,117.000,18.928000,0.968000,126.343144,3928,199,0,115,223,2034,9,0
3.441054,12.992000,117.000,18.928000,0.968000,126.343579,3928,199,0,115,223,2034,9,0
3.444617,3.563000,117.000,18.928000,0.968000,126.345674,3931,199,0,115,223,2034,9,0
3.457667,13.050000,117.000,18.928000,0.968000,126.299664,3925,196,0,109,217,2022,9,0
3.460942,3.275000,117.000,18.928000,0.968000,126.296201,3919,196,0,109,217,2022,9,0
3.474497,13.555000,117.000,18.928000,0.968000,126.296636,3919,196,0,109,217,2022,9,0
3.477699,3.202000,117.000,18.928000,0.968000,126.297044,3919,196,0,109,217,2022,9,0
3.491096,13.397000,117.000,18.928000,0.968000,126.297479,3919,196,0,109,217,2022,9,0
3.494331,3.235000,117.000,18.928000,0.968000,126.297914,3919,196,0,109,217,2022,9,0
3.507779,13.448000,117.000,18.928000,0.968000,126.298348,3919,196,0,109,217,2022,9,0
3.511108,3.329000,117.000,18.928000,0.968000,126.300435,3922,196,0,109,217,2022,9,0
3.524395,13.287000,117.000,18.928000,0.968000,126.300870,3922,196,0,109,217,2022,9,0
3.528175,3.780000,117.000,18.928000,0.968000,126.301305,3922,196,0,109,217,2022,9,0
3.540397,12.222000,117.000,18.928000,0.968000,126.301740,3922,196,0,109,217,2022,9,0
3.544248,3.851000,117.000,18.928000,0.968000,126.302175,3922,196,0,109,217,2022,9,0
3.557649,13.401000,117.000,18.928000,0.968000,126.302556,3922,196,0,105,213,2014,9,0
3.561564,3.915000,117.000,18.928000,0.968000,126.298581,3920,196,0,105,213,2014,9,0
3.574463,12.899000,117.000,18.928000,0.968000,126.299016,3920,196,0,105,213,2014,9,0
3.578484,4.021000,117.000,18.928000,0.968000,126.283013,3912,192,0,104,212,2012,9,0
3.590847,12.363000,117.000,18.928000,0.968000,126.271668,3892,192,0,104,212,2012,9,0
3.594710,3.863000,117.000,18.928000,0.968000,126.272103,3892,192,0,104,212,2012,9,0
3.607848,13.138000,117.000,18.928000,0.968000,126.272481,3892,192,0,104,212,2012,9,0
3.611900,4.052000,117.000,18.928000,0.968000,126.274564,3895,192,0,104,212,2012,9,0
3.624244,12.344000,117.000,18.928000,0.968000,126.274941,3895,192,0,104,212,2012,9,0
3.628232,3.988000,117.000,18.928000,0.968000,126.281388,3905,192,0,104,212,2012,9,0
3.641119,12.887000,117.000,18.928000,0.968000,126.281823,3905,192,0,104,212,2012,9,0
3.644966,3.847000,117.000,18.928000,0.968000,126.282243,3905,192,0,104,212,2012,9,0
3.657746,12.780000,117.000,18.928000,0.968000,126.282678,3905,192,0,104,212,2012,9,0
3.660320,2.574000,117.000,18.928000,0.968000,126.283128,3905,192,0,104,212,2012,9,0
3.674342,14.022000,117.000,18.928000,0.968000,126.283505,3905,192,0,103,211,2010,9,0
3.676828,2.486000,117.000,18.928000,0.968000,126.267980,3897,189,0,103,211,2010,9,0
3.694537,17.709000,117.000,18.928000,0.968000,126.679479,4122,229,0,153,265,2118,9,0
3.708134,13.597000,117.000,18.928000,0.968000,126.676587,4116,229,0,153,265,2118,9,0
3.710248,2.114000,117.000,18.928000,0.968000,126.694055,4126,233,0,153,265,2118,9,0
3.724306,14.058000,117.000,18.928000,0.968000,126.695176,4126,233,0,155,267,2122,9,0
3.727232,2.926000,117.000,18.928000,0.968000,126.506185,4131,222,0,130,236,2060,9,0
3.741209,13.977000,117.000,18.928000,0.968000,126.457868,4048,222,0,130,236,2060,9,0
3.746727,5.518000,117.000,18.928000,0.968000,126.456662,4045,222,0,130,236,2060,9,0
3.757022,10.295000,117.000,18.928000,0.968000,126.457097,4045,222,0,130,236,2060,9,0
3.759767,2.745000,117.000,18.928000,0.968000,126.457532,4045,222,0,130,236,2060,9,0
3.774132,14.365000,117.000,18.928000,0.968000,126.457967,4045,222,0,130,236,2060,9,0
3.777697,3.565000,117.000,18.928000,0.968000,126.460069,4048,222,0,130,236,2060,9,0
3.790386,12.689000,117.000,18.928000,0.968000,126.460504,4048,222,0,130,236,2060,9,0
3.793805,3.419000,117.000,18.928000,0.968000,126.460938,4048,222,0,130,236,2060,9,0
3.807470,13.665000,117.000,18.928000,0.968000,126.461373,4048,222,0,130,236,2060,9,0
3.811263,3.793000,117.000,18.928000,0.968000,126.461774,4048,222,0,130,236,2060,9,0
3.824205,12.942000,117.000,18.928000,0.968000,126.459706,4044,222,0,130,236,2060,9,0
3.827870,3.665000,117.000,18.928000,0.968000,126.461808,4047,222,0,116,222,2032,9,0
3.840953,13.083000,117.000,18.928000,0.968000,126.462132,4047,222,0,116,222,2032,9,0
3.844901,3.948000,117.000,18.928000,0.968000,126.456517,4042,222,0,116,222,2032,9,0
3.857513,12.612000,117.000,18.928000,0.968000,126.399510,4014,208,0,116,222,2032,9,0
3.861418,3.905000,117.000,18.928000,0.968000,126.358636,3944,208,0,116,222,2032,9,0
3.874407,12.989000,117.000,18.928000,0.968000,126.359071,3944,208,0,113,219,2026,9,0
3.881019,6.612000,117.000,18.928000,0.968000,126.359521,3944,208,0,113,219,2026,9,0
3.885283,4.264000,117.000,18.928000,0.968000,126.347135,3938,205,0,113,219,2026,9,0
3.899797,14.514000,117.000,18.928000,0.968000,126.338689,3923,205,0,113,219,2026,9,0
3.902537,2.740000,117.000,18.928000,0.968000,126.339055,3923,205,0,113,219,2026,9,0
3.916708,14.171000,117.000,18.928000,0.968000,126.335973,3917,205,0,113,219,2026,9,0
3.921751,5.043000,117.000,18.928000,0.968000,126.336408,3917,205,0,112,218,2024,9,0
3.932830,11.079000,117.000,18.928000,0.968000,126.336873,3917,205,0,112,218,2024,9,0
3.935733,2.903000,117.000,18.928000,0.968000,126.337274,3917,205,0,110,216,2020,9,0
3.949417,13.684000,117.000,18.928000,0.968000,126.337678,3917,205,0,109,215,2018,9,0
3.952409,2.992000,117.000,18.928000,0.968000,126.324872,3911,201,0,109,215,2018,9,0
3.966426,14.017000,117.000,18.928000,0.968000,126.320912,3904,201,0,109,215,2018,9,0
3.969638,3.212000,117.000,18.928000,0.968000,126.321347,3904,201,0,107,213,2014,9,0
3.983148,13.510000,117.000,18.928000,0.968000,126.310315,3901,198,0,106,212,2012,9,0
3.986425,3.277000,117.000,18.928000,0.968000,126.308370,3897,198,0,105,211,2010,9,0
3.999636,13.211000,117.000,18.928000,0.968000,126.398313,3944,201,0,117,223,2034,9,0
4.002405,2.769000,117.000,18.928000,0.968000,126.392430,3934,201,0,117,223,2034,9,0
4.016560,14.155000,117.000,18.928000,0.968000,126.391225,3931,201,0,117,223,2034,9,0
4.019225,2.665000,117.000,18.928000,0.968000,126.391809,3931,201,0,117,223,2034,9,0
4.032620,13.395000,117.000,18.928000,0.968000,126.394052,3931,201,0,117,223,2034,9,0
4.034836,2.216000,117.000,18.928000,0.968000,126.402944,3923,197,0,109,215,2018,9,0
4.049798,14.962000,117.000,18.928000,0.968000,126.393811,3907,197,0,109,215,2018,9,0
4.051330,1.532000,117.000,18.928000,0.968000,126.394246,3907,197,0,109,215,2018,9,0
4.066421,15.091000,117.000,18.928000,0.968000,126.392983,3904,197,0,109,215,2018,9,0
4.068139,1.718000,117.000,18.928000,0.968000,126.393418,3904,197,0,109,215,2018,9,0
4.083083,14.944000,117.000,18.928000,0.968000,126.393853,3904,197,0,109,215,2018,9,0
4.084712,1.629000,117.000,18.928000,0.968000,126.394288,3904,197,0,109,215,2018,9,0
4.099688,14.976000,117.000,18.928000,0.968000,126.394723,3904,197,0,109,215,2018,9,0
4.101410,1.722000,117.000,18.928000,0.968000,126.395158,3904,197,0,109,215,2018,9,0
4.116150,14.740000,117.000,18.928000,0.968000,126.395535,3904,197,0,109,215,2018,9,0
4.118132,1.982000,117.000,18.928000,0.968000,126.395936,3904,197,0,109,215,2018,9,0
4.133205,15.073000,117.000,18.928000,0.968000,126.396317,3904,197,0,109,215,2018,9,0
4.137035,3.830000,117.000,18.928000,0.968000,126.392343,3902,197,0,105,211,2010,9,0
4.149873,12.838000,117.000,18.928000,0.968000,126.394437,3905,197,0,105,211,2010,9,0
4.154338,4.465000,117.000,18.928000,0.968000,126.394872,3905,197,0,105,211,2010,9,0
4.166470,12.132000,117.000,18.928000,0.968000,126.380048,3900,193,0,105,211,2010,9,0
4.169193,2.723000,117.000,18.928000,0.968000,126.368669,3880,193,0,105,211,2010,9,0
4.182630,13.437000,117.000,18.928000,0.968000,126.369100,3880,193,0,105,211,2010,9,0
4.185564,2.934000,117.000,18.928000,0.968000,126.369500,3880,193,0,105,211,2010,9,0
4.200281,14.717000,117.000,18.928000,0.968000,126.552495,4000,241,0,105,211,2010,9,0
4.202660,2.379000,117.000,18.928000,0.968000,126.561673,4000,241,0,117,235,2058,9,0
4.218510,15.850000,117.000,18.928000,0.968000,126.569760,4013,241,0,117,235,2058,9,0
4.221150,2.640000,117.000,18.928000,0.968000,126.570214,4013,241,0,117,235,2058,9,0
4.233138,11.988000,117.000,18.928000,0.968000,126.570584,4013,241,0,117,235,2058,9,0
4.236797,3.659000,117.000,18.928000,0.968000,126.571019,4013,241,0,117,235,2058,9,0
4.249839,13.042000,117.000,18.928000,0.968000,126.571469,4013,241,0,117,235,2058,9,0
4.253416,3.577000,117.000,18.928000,0.968000,126.571904,4013,241,0,117,235,2058,9,0
4.266776,13.360000,117.000,18.928000,0.968000,126.572339,4013,241,0,117,235,2058,9,0
4.281873,15.097000,119.000,17.667000,2.373000,127.165021,4340,295,0,188,312,2212,9,0
4.288220,6.347000,119.000,17.667000,2.373000,127.165456,4340,295,0,188,312,2212,9,0
4.299246,11.026000,119.000,17.667000,2.373000,127.165833,4340,295,0,188,312,2212,9,0
4.302315,3.069000,119.000,17.667000,2.373000,127.166268,4340,295,0,188,312,2212,9,0
4.315867,13.552000,119.000,17.667000,2.373000,126.979074,4343,285,0,164,284,2156,9,0
4.318889,3.022000,119.000,17.667000,2.373000,126.935136,4267,285,0,164,284,2156,9,0
4.332470,13.581000,119.000,17.667000,2.373000,126.935571,4267,285,0,164,284,2156,9,0
4.335291,2.821000,119.000,17.667000,2.373000,126.935971,4267,285,0,164,284,2156,9,0
4.349223,13.932000,119.000,17.667000,2.373000,126.936406,4267,285,0,158,278,2144,9,0
4.352100,2.877000,119.000,17.667000,2.373000,126.890332,4261,282,0,158,278,2144,9,0
4.365795,13.695000,119.000,17.667000,2.373000,126.883523,4249,282,0,158,278,2144,9,0
4.369261,3.466000,119.000,17.667000,2.373000,126.883958,4249,282,0,158,278,2144,9,0
4.382434,13.173000,119.000,17.667000,2.373000,126.882752,4246,282,0,158,278,2144,9,0
4.385627,3.193000,119.000,17.667000,2.373000,126.883187,4246,282,0,158,278,2144,9,0
4.399766,14.139000,119.000,17.667000,2.373000,126.881982,4243,282,0,158,278,2144,9,0
4.403037,3.271000,119.000,17.667000,2.373000,126.879914,4239,282,0,158,278,2144,9,0
4.416040,13.003000,119.000,17.667000,2.373000,126.880349,4239,282,0,137,257,2102,9,0
4.418711,2.671000,119.000,17.667000,2.373000,126.880696,4239,282,0,137,257,2102,9,0
4.432653,13.942000,119.000,17.667000,2.373000,126.876721,4237,282,0,137,257,2102,9,0
4.435438,2.785000,119.000,17.667000,2.373000,126.790860,4195,261,0,137,257,2102,9,0
4.449949,14.511000,119.000,17.667000,2.373000,126.727784,4087,261,0,137,257,2102,9,0
4.453994,4.045000,119.000,17.667000,2.373000,126.728219,4087,261,0,133,253,2094,9,0
4.466206,12.212000,119.000,17.667000,2.373000,126.728654,4087,261,0,133,253,2094,9,0
4.469034,2.828000,119.000,17.667000,2.373000,126.711850,4079,257,0,133,253,2094,9,0
4.483285,14.251000,119.000,17.667000,2.373000,126.702180,4062,257,0,133,253,2094,9,0
4.487518,4.233000,119.000,17.667000,2.373000,126.702523,4062,257,0,133,253,2094,9,0
4.500006,12.488000,119.000,17.667000,2.373000,126.700353,4056,257,0,133,253,2094,9,1
4.502812,2.806000,119.000,17.667000,2.373000,126.700788,4056,257,0,132,252,2092,9,1
4.516983,14.171000,119.000,17.667000,2.373000,126.702760,4062,256,0,132,252,2092,9,0
4.519660,2.677000,119.000,17.667000,2.373000,126.699937,4057,256,0,131,250,2088,9,0
4.532893,13.233000,119.000,17.667000,2.373000,126.701962,4060,256,0,130,249,2086,9,0
4.536466,3.573000,119.000,17.667000,2.373000,126.689145,4054,252,0,130,249,2086,9,0
4.549863,13.397000,119.000,17.667000,2.373000,126.685197,4047,252,0,130,249,2086,9,0
4.553113,3.250000,119.000,17.667000,2.373000,126.685632,4047,252,0,128,247,2082,9,0
4.566251,13.138000,119.000,17.667000,2.373000,126.674565,4044,249,0,127,246,2080,9,0
4.568447,2.196000,119.000,17.667000,2.373000,126.672620,4040,249,0,126,245,2078,9,0
4.583323,14.876000,119.000,17.667000,2.373000,126.712136,4061,248,0,132,251,2090,9,0
4.584996,1.673000,119.000,17.667000,2.373000,126.706254,4051,248,0,132,251,2090,9,0
4.599800,14.804000,119.000,17.667000,2.373000,126.706689,4051,248,0,132,251,2090,9,0
4.601460,1.660000,119.000,17.667000,2.373000,126.707089,4051,248,0,132,251,2090,9,0
4.616335,14.875000,119.000,17.667000,2.373000,126.707467,4051,248,0,132,251,2090,9,0
4.618423,2.088000,119.000,17.667000,2.373000,126.645867,4043,244,0,124,243,2074,9,0
4.633296,14.873000,119.000,17.667000,2.373000,126.636735,4027,244,0,124,243,2074,9,0
4.637402,4.106000,119.000,17.667000,2.373000,126.637170,4027,244,0,124,243,2074,9,0
4.649604,12.202000,119.000,17.667000,2.373000,126.637605,4027,244,0,124,243,2074,9,0
4.651490,1.886000,119.000,17.667000,2.373000,126.638040,4027,244,0,124,243,2074,9,0
4.666806,15.316000,119.000,17.667000,2.373000,126.638417,4027,244,0,124,243,2074,9,0
4.670951,4.145000,119.000,17.667000,2.373000,126.638852,4027,244,0,124,243,2074,9,0
4.683263,12.312000,119.000,17.667000,2.373000,126.639287,4027,244,0,123,242,2072,9,0
4.685554,2.291000,119.000,17.667000,2.373000,126.639722,4027,244,0,123,242,2072,9,0
4.699891,14.337000,119.000,17.667000,2.373000,126.640157,4027,244,0,123,242,2072,9,0
4.702567,2.676000,119.000,17.667000,2.373000,126.640592,4027,244,0,123,242,2072,9,0
4.716310,13.743000,119.000,17.667000,2.373000,126.639333,4024,244,0,123,242,2072,9,0
4.719896,3.586000,119.000,17.667000,2.373000,126.635324,4022,244,0,121,240,2068,9,0
4.733583,13.687000,119.000,17.667000,2.373000,126.635758,4022,244,0,121,240,2068,9,0
4.736491,2.908000,119.000,17.667000,2.373000,126.636193,4022,244,0,121,240,2068,9,0
4.750034,13.543000,119.000,17.667000,2.373000,126.628308,4018,242,0,121,240,2068,9,0
4.751747,1.713000,119.000,17.667000,2.373000,126.622853,4008,242,0,120,240,2068,9,0
4.766572,14.825000,119.000,17.667000,2.373000,126.621648,4005,242,0,120,240,2068,9,0
4.768496,1.924000,119.000,17.667000,2.373000,126.622083,4005,242,0,119,239,2066,9,0
4.783411,14.915000,119.000,17.667000,2.373000,126.609540,3997,239,0,119,239,2066,9,0
4.785111,1.700000,119.000,17.667000,2.373000,126.606282,3991,239,0,119,239,2066,9,0
4.799354,14.243000,119.000,17.667000,2.373000,126.612721,4001,239,0,119,239,2066,9,0
4.802330,2.976000,119.000,17.667000,2.373000,126.613156,4001,239,0,119,239,2066,9,0
4.816937,14.607000,119.000,17.667000,2.373000,126.628686,4011,243,0,119,239,2066,9,0
4.818628,1.691000,119.000,17.667000,2.373000,126.629807,4011,243,0,120,241,2070,9,0
4.833372,14.744000,119.000,17.667000,2.373000,126.630239,4011,243,0,120,241,2070,9,0
4.835146,1.774000,119.000,17.667000,2.373000,126.630673,4011,243,0,120,241,2070,9,0
4.850013,14.867000,119.000,17.667000,2.373000,126.632768,4014,243,0,121,241,2070,9,0
4.864348,14.335000,119.000,17.667000,2.373000,127.190339,4332,295,0,187,314,2216,9,0
4.868220,3.872000,119.000,17.667000,2.373000,127.190774,4332,295,0,188,314,2216,9,0
4.882904,14.684000,119.000,17.667000,2.373000,127.191152,4332,295,0,188,314,2216,9,0
4.885660,2.756000,119.000,17.667000,2.373000,127.191586,4332,295,0,188,314,2216,9,0
4.899357,13.697000,119.000,17.667000,2.373000,126.893758,4318,278,0,150,270,2128,9,0
4.902697,3.340000,119.000,17.667000,2.373000,126.833158,4214,278,0,150,270,2128,9,0
4.916474,13.777000,119.000,17.667000,2.373000,126.835244,4217,278,0,150,270,2128,9,0
4.919289,2.815000,119.000,17.667000,2.373000,126.835679,4217,278,0,150,270,2128,9,0
4.932837,13.548000,119.000,17.667000,2.373000,126.836114,4217,278,0,150,270,2128,9,0
4.934459,1.622000,119.000,17.667000,2.373000,126.836549,4217,278,0,150,270,2128,9,0
4.949391,14.932000,119.000,17.667000,2.373000,126.836984,4217,278,0,150,270,2128,9,0
4.951063,1.672000,119.000,17.667000,2.373000,126.837419,4217,278,0,150,270,2128,9,0
4.966098,15.035000,119.000,17.667000,2.373000,126.837853,4217,278,0,150,270,2128,9,0
4.968167,2.069000,119.000,17.667000,2.373000,126.838288,4217,278,0,150,270,2128,9,0
4.982944,14.777000,119.000,17.667000,2.373000,126.839913,4217,278,0,150,270,2128,9,2
4.984614,1.670000,119.000,17.667000,2.373000,126.837846,4213,278,0,150,270,2128,9,2
4.999971,15.357000,119.000,17.667000,2.373000,126.838899,4213,278,0,129,249,2086,9,2
5.003227,3.256000,119.000,17.667000,2.373000,126.839334,4213,278,0,129,249,2086,9,2
5.016216,12.989000,119.000,17.667000,2.373000,126.843026,4228,276,0,129,249,2086,9,0
5.018300,2.084000,119.000,17.667000,2.373000,126.746285,4174,255,0,131,249,2086,9,0
5.032211,13.911000,119.000,17.667000,2.373000,126.684773,4069,255,0,131,249,2086,9,0
5.034760,2.549000,119.000,17.667000,2.373000,126.685208,4069,255,0,127,245,2078,9,0
5.049379,14.619000,119.000,17.667000,2.373000,126.685586,4069,255,0,127,245,2078,9,0
5.051825,2.446000,119.000,17.667000,2.373000,126.669503,4061,251,0,127,245,2078,9,0
5.065741,13.916000,119.000,17.667000,2.373000,126.658097,4041,251,0,127,245,2078,9,0
5.068465,2.724000,119.000,17.667000,2.373000,126.658441,4041,251,0,126,245,2078,9,0
5.082736,14.271000,119.000,17.667000,2.373000,126.653733,4032,251,0,126,245,2078,9,0
5.085641,2.905000,119.000,17.667000,2.373000,126.652528,4029,251,0,125,244,2076,9,0
5.099581,13.940000,119.000,17.667000,2.373000,126.652963,4029,251,0,125,244,2076,9,0
5.102185,2.604000,119.000,17.667000,2.373000,126.653398,4029,251,0,123,242,2072,9,0
5.116366,14.181000,119.000,17.667000,2.373000,126.653832,4029,251,0,122,241,2070,9,0
5.120479,4.113000,119.000,17.667000,2.373000,126.641015,4023,247,0,123,241,2070,9,0
5.132867,12.388000,119.000,17.667000,2.373000,126.637055,4016,247,0,123,241,2070,9,0
5.135601,2.734000,119.000,17.667000,2.373000,126.637490,4016,247,0,120,239,2066,9,0
5.150249,14.648000,119.000,17.667000,2.373000,126.624803,4010,244,0,120,238,2064,9,0
5.155444,5.195000,119.000,17.667000,2.373000,126.622857,4006,244,0,119,237,2062,9,0
5.161198,5.754000,119.000,17.667000,2.373000,126.687398,4040,245,0,128,246,2080,9,0
5.174288,13.090000,119.000,17.667000,2.373000,126.681516,4030,245,0,128,246,2080,9,0
5.178313,4.025000,119.000,17.667000,2.373000,126.704801,4054,249,0,126,244,2076,9,0
5.190918,12.605000,119.000,17.667000,2.373000,126.705922,4054,249,0,128,246,2080,9,0
5.194616,3.698000,119.000,17.667000,2.373000,126.706292,4054,249,0,128,246,2080,9,0
5.207216,12.600000,119.000,17.667000,2.373000,126.675797,4050,247,0,124,242,2072,9,0
5.214042,6.826000,119.000,17.667000,2.373000,126.671426,4042,247,0,124,242,2072,9,0
5.223827,9.785000,119.000,17.667000,2.373000,126.671861,4042,247,0,124,242,2072,9,0
5.227420,3.593000,119.000,17.667000,2.373000,126.673944,4045,247,0,124,242,2072,9,0
5.241230,13.810000,119.000,17.667000,2.373000,126.674321,4045,247,0,124,242,2072,9,0
5.247340,6.110000,119.000,17.667000,2.373000,126.673074,4042,247,0,124,242,2072,9,0
5.257058,9.718000,119.000,17.667000,2.373000,126.673451,4042,247,0,124,242,2072,9,0
5.260867,3.809000,119.000,17.667000,2.373000,126.673886,4042,247,0,124,242,2072,9,0
5.274259,13.392000,118.000,14.731000,0.946000,126.674321,4042,247,0,122,240,2068,9,0
5.278039,3.780000,118.000,14.731000,0.946000,126.653794,4032,241,0,122,240,2068,9,0
5.291071,13.032000,118.000,14.731000,0.946000,126.646897,4020,241,0,122,240,2068,9,0
5.296963,5.892000,118.000,14.731000,0.946000,126.647332,4020,241,0,122,240,2068,9,0
5.307204,10.241000,118.000,14.731000,0.946000,126.647714,4020,241,0,119,237,2062,9,0
5.310796,3.592000,118.000,14.731000,0.946000,126.643739,4018,241,0,119,237,2062,9,0
5.324522,13.726000,118.000,14.731000,0.946000,126.644174,4018,241,0,119,237,2062,9,0
5.328380,3.858000,118.000,14.731000,0.946000,126.631566,4012,238,0,119,237,2062,9,0
5.341140,12.760000,118.000,14.731000,0.946000,126.623109,3997,238,0,118,237,2062,9,0
5.344882,3.742000,118.000,14.731000,0.946000,126.623509,3997,238,0,118,237,2062,9,0
5.357773,12.891000,118.000,14.731000,0.946000,126.623944,3997,238,0,118,237,2062,9,0
5.361532,3.759000,118.000,14.731000,0.946000,126.624379,3997,238,0,118,237,2062,9,0
5.374415,12.883000,118.000,14.731000,0.946000,126.624814,3997,238,0,118,237,2062,9,0
5.378334,3.919000,118.000,14.731000,0.946000,126.631253,4007,238,0,118,237,2062,9,0
5.391046,12.712000,118.000,14.731000,0.946000,126.631688,4007,238,0,119,237,2062,9,0
5.395002,3.956000,118.000,14.731000,0.946000,126.632123,4007,238,0,119,237,2062,9,0
5.407809,12.807000,118.000,14.731000,0.946000,126.632611,4007,238,0,118,237,2062,9,0
5.411655,3.846000,118.000,14.731000,0.946000,126.631406,4004,238,0,118,237,2062,9,0
5.424235,12.580000,118.000,14.731000,0.946000,126.631841,4004,238,0,118,237,2062,9,0
5.428117,3.882000,118.000,14.731000,0.946000,126.632276,4004,238,0,118,237,2062,9,0
5.436318,8.201000,118.000,14.731000,0.946000,126.868329,4139,264,0,147,268,2124,9,0
5.449265,12.947000,118.000,14.731000,0.946000,126.868718,4139,264,0,147,268,2124,9,0
5.452648,3.383000,118.000,14.731000,0.946000,126.869153,4139,264,0,147,268,2124,9,0
5.465931,13.283000,118.000,14.731000,0.946000,126.867948,4136,264,0,147,268,2124,9,0
5.470103,4.172000,118.000,14.731000,0.946000,126.918370,4162,268,0,153,274,2136,9,0
5.482507,12.404000,118.000,14.731000,0.946000,126.617860,4114,249,0,115,230,2048,9,0
5.485118,2.611000,118.000,14.731000,0.946000,126.570535,4034,249,0,115,230,2048,9,0
5.499143,14.025000,118.000,14.731000,0.946000,126.570970,4034,249,0,115,230,2048,9,0
5.502856,3.713000,118.000,14.731000,0.946000,126.571404,4034,249,0,115,230,2048,9,0
5.515840,12.984000,118.000,14.731000,0.946000,126.571839,4034,249,0,115,230,2048,9,0
5.518333,2.493000,118.000,14.731000,0.946000,126.572240,4034,249,0,115,230,2048,9,0
5.532903,14.570000,118.000,14.731000,0.946000,126.572675,4034,249,0,115,230,2048,9,0
5.536518,3.615000,118.000,14.731000,0.946000,126.573110,4034,249,0,115,230,2048,9,0
5.549464,12.946000,118.000,14.731000,0.946000,126.575212,4037,249,0,115,230,2048,9,0
5.552174,2.710000,118.000,14.731000,0.946000,126.575646,4037,249,0,115,230,2048,9,0
5.565779,13.605000,118.000,14.731000,0.946000,126.577733,4040,249,0,115,230,2048,9,0
5.568565,2.786000,118.000,14.731000,0.946000,126.575665,4036,249,0,116,230,2048,9,0
5.583170,14.605000,118.000,14.731000,0.946000,126.576047,4036,249,0,109,223,2034,9,0
5.586745,3.575000,118.000,14.731000,0.946000,126.572038,4034,249,0,109,223,2034,9,0
5.599740,12.995000,118.000,14.731000,0.946000,126.573388,4034,249,0,109,223,2034,9,1
5.602473,2.733000,118.000,14.731000,0.946000,126.545087,4020,242,0,109,223,2034,9,1
5.616566,14.093000,118.000,14.731000,0.946000,126.527123,3994,241,0,107,221,2030,9,0
5.620495,3.929000,118.000,14.731000,0.946000,126.524301,3989,241,0,108,221,2030,9,0
5.633057,12.562000,118.000,14.731000,0.946000,126.526402,3992,241,0,108,221,2030,9,0
5.636211,3.154000,118.000,14.731000,0.946000,126.518575,3988,239,0,108,221,2030,9,0
5.649698,13.487000,118.000,14.731000,0.946000,126.513070,3978,239,0,108,221,2030,9,0
5.653378,3.680000,118.000,14.731000,0.946000,126.513436,3978,239,0,108,221,2030,9,0
5.666427,13.049000,118.000,14.731000,0.946000,126.510369,3972,239,0,108,221,2030,9,0
5.670000,3.573000,118.000,14.731000,0.946000,126.510804,3972,239,0,106,220,2028,9,0
5.683273,13.273000,118.000,14.731000,0.946000,126.511239,3972,239,0,106,220,2028,9,0
5.686097,2.824000,118.000,14.731000,0.946000,126.511674,3972,239,0,104,218,2024,9,0
5.699909,13.812000,118.000,14.731000,0.946000,126.512109,3972,239,0,103,217,2022,9,0
5.702941,3.032000,118.000,14.731000,0.946000,126.499291,3966,235,0,104,217,2022,9,0
5.716680,13.739000,118.000,14.731000,0.946000,126.496995,3962,235,0,104,217,2022,9,0
5.719759,3.079000,118.000,14.731000,0.946000,126.497396,3962,235,0,101,215,2018,9,0
5.733418,13.659000,118.000,14.731000,0.946000,126.486325,3959,232,0,100,214,2016,9,0
5.735125,1.707000,118.000,14.731000,0.946000,126.469205,3948,227,0,100,213,2014,9,0
5.749551,14.426000,118.000,14.731000,0.946000,126.542596,3979,233,0,109,222,2032,9,0
5.751108,1.557000,118.000,14.731000,0.946000,126.543031,3979,233,0,109,222,2032,9,0
5.766108,15.000000,118.000,14.731000,0.946000,126.545365,3982,233,0,109,222,2032,9,0
5.767542,1.434000,118.000,14.731000,0.946000,126.542184,3976,233,0,109,222,2032,9,0
5.783201,15.659000,118.000,14.731000,0.946000,126.540978,3973,233,0,108,221,2030,9,0
5.786184,2.983000,118.000,14.731000,0.946000,126.494893,3967,230,0,102,215,2018,9,0
5.800005,13.821000,118.000,14.731000,0.946000,126.486501,3952,230,0,102,215,2018,9,0
5.803574,3.569000,118.000,14.731000,0.946000,126.486936,3952,230,0,102,215,2018,9,0
5.816393,12.819000,118.000,14.731000,0.946000,126.487370,3952,230,0,102,215,2018,9,0
5.819942,3.549000,118.000,14.731000,0.946000,126.487805,3952,230,0,102,215,2018,9,0
5.832872,12.930000,118.000,14.731000,0.946000,126.488240,3952,230,0,102,215,2018,9,0
5.834869,1.997000,118.000,14.731000,0.946000,126.488675,3952,230,0,102,215,2018,9,0
5.849532,14.663000,118.000,14.731000,0.946000,126.487523,3949,230,0,102,215,2018,9,0
5.852213,2.681000,118.000,14.731000,0.946000,126.487958,3949,230,0,102,215,2018,9,0
5.865912,13.699000,118.000,14.731000,0.946000,126.486753,3946,230,0,102,215,2018,9,0
5.868984,3.072000,118.000,14.731000,0.946000,126.487187,3946,230,0,101,214,2016,9,0
5.883484,14.500000,118.000,14.731000,0.946000,126.478784,3944,227,0,101,214,2016,9,0
5.887055,3.571000,118.000,14.731000,0.946000,126.471116,3936,227,0,98,211,2010,9,0
5.899776,12.721000,118.000,14.731000,0.946000,126.471532,3936,227,0,98,211,2010,9,0
5.901421,1.645000,118.000,14.731000,0.946000,126.471967,3936,227,0,98,211,2010,9,0
5.916665,15.244000,118.000,14.731000,0.946000,126.474809,3940,228,0,98,211,2010,9,0
5.918220,1.555000,118.000,14.731000,0.946000,126.467095,3925,228,0,98,213,2014,9,0
5.933451,15.231000,118.000,14.731000,0.946000,126.469102,3928,228,0,98,213,2014,9,0
5.935060,1.609000,118.000,14.731000,0.946000,126.469537,3928,228,0,99,213,2014,9,0
5.950037,14.977000,118.000,14.731000,0.946000,126.468266,3925,228,0,99,213,2014,9,0
5.951891,1.854000,118.000,14.731000,0.946000,126.478356,3936,229,0,99,213,2014,9,0
5.966135,14.244000,118.000,14.731000,0.946000,126.482896,3943,229,0,100,214,2016,9,0
5.967605,1.470000,118.000,14.731000,0.946000,126.483331,3943,229,0,100,214,2016,9,0
5.983240,15.635000,118.000,14.731000,0.946000,126.483766,3943,229,0,100,214,2016,9,0
5.986318,3.078000,118.000,14.731000,0.946000,126.484166,3943,229,0,100,214,2016,9,0
5.999601,13.283000,118.000,14.731000,0.946000,126.484616,3943,229,0,100,214,2016,9,0
6.001466,1.865000,118.000,14.731000,0.946000,126.485051,3943,229,0,99,214,2016,9,0
6.016440,14.974000,118.000,14.731000,0.946000,126.485486,3943,229,0,99,214,2016,9,0
6.033412,16.972000,118.000,14.731000,0.946000,127.257207,4366,297,0,191,314,2216,9,0
6.037131,3.719000,118.000,14.731000,0.946000,127.363545,4366,297,0,191,314,2216,9,0
6.049547,12.416000,118.000,14.731000,0.946000,127.363980,4366,297,0,191,314,2216,9,0
6.052367,2.820000,118.000,14.731000,0.946000,127.364415,4366,297,0,191,314,2216,9,0
6.066305,13.938000,118.000,14.731000,0.946000,127.313077,4385,295,0,184,305,2198,9,0
6.067973,1.668000,118.000,14.731000,0.946000,127.288564,4342,295,0,184,305,2198,9,0
6.082786,14.813000,118.000,14.731000,0.946000,127.288999,4342,295,0,184,305,2198,9,0
6.084581,1.795000,118.000,14.731000,0.946000,127.289433,4342,295,0,184,305,2198,9,0
6.099488,14.907000,118.000,14.731000,0.946000,127.258824,4338,293,0,180,301,2190,9,0
6.101330,1.842000,118.000,14.731000,0.946000,127.254498,4330,293,0,180,301,2190,9,0
6.116024,14.694000,118.000,14.731000,0.946000,127.253236,4327,293,0,180,301,2190,9,0
6.117739,1.715000,118.000,14.731000,0.946000,127.253671,4327,293,0,180,301,2190,9,0
6.133052,15.313000,118.000,14.731000,0.946000,127.254106,4327,293,0,180,301,2190,9,0
6.136460,3.408000,118.000,14.731000,0.946000,127.254540,4327,293,0,179,300,2188,9,0
6.149318,12.858000,118.000,14.731000,0.946000,127.254918,4327,293,0,179,300,2188,9,0
6.152929,3.611000,118.000,14.731000,0.946000,127.252851,4323,293,0,179,300,2188,9,0
6.166438,13.509000,118.000,14.731000,0.946000,127.251645,4320,293,0,151,272,2132,9,0
6.170046,3.608000,118.000,14.731000,0.946000,127.247617,4318,293,0,151,272,2132,9,0
6.182724,12.678000,118.000,14.731000,0.946000,127.248097,4318,293,0,151,272,2132,9,0
6.185282,2.558000,118.000,14.731000,0.946000,127.133416,4262,265,0,151,272,2132,9,0
6.199098,13.816000,118.000,14.731000,0.946000,127.051362,4122,265,0,151,272,2132,9,0
6.202190,3.092000,118.000,14.731000,0.946000,127.051797,4122,265,0,149,269,2126,9,0
6.216466,14.276000,118.000,14.731000,0.946000,127.052175,4122,265,0,149,269,2126,9,0
6.220340,3.874000,118.000,14.731000,0.946000,127.052609,4122,265,0,149,269,2126,9,0
6.233091,12.751000,118.000,14.731000,0.946000,127.040502,4116,262,0,149,269,2126,9,0
6.235879,2.788000,118.000,14.731000,0.946000,127.031964,4101,262,0,148,269,2126,9,0
6.249934,14.055000,118.000,14.731000,0.946000,127.030557,4098,262,0,148,269,2126,9,0
6.251905,1.971000,118.000,14.731000,0.946000,127.030992,4098,262,0,147,268,2124,9,0
6.266650,14.745000,118.000,14.731000,0.946000,127.033010,4101,262,0,147,268,2124,9,0
6.268463,1.813000,119.000,16.473000,0.797000,127.033410,4101,262,0,146,266,2120,9,0
6.283254,14.791000,119.000,16.473000,0.797000,127.033837,4101,262,0,145,265,2118,9,0
6.286926,3.672000,119.000,16.473000,0.797000,127.021020,4095,258,0,144,265,2118,9,0
6.299911,12.985000,119.000,16.473000,0.797000,127.017060,4088,258,0,144,265,2118,9,0
6.301661,1.750000,119.000,16.473000,0.797000,127.017495,4088,258,0,142,263,2114,9,0
6.316453,14.792000,119.000,16.473000,0.797000,127.008096,4088,255,0,140,261,2110,9,0
6.318209,1.756000,119.000,16.473000,0.797000,127.006150,4084,255,0,139,260,2108,9,0
6.333002,14.793000,119.000,16.473000,0.797000,127.017518,4087,252,0,142,263,2114,9,0
6.334928,1.926000,119.000,16.473000,0.797000,127.011636,4077,252,0,142,263,2114,9,0
6.349726,14.798000,119.000,16.473000,0.797000,127.012071,4077,252,0,142,263,2114,9,0
6.351759,2.033000,119.000,16.473000,0.797000,127.012506,4077,252,0,143,263,2114,9,0
6.366365,14.606000,119.000,16.473000,0.797000,127.012940,4077,252,0,143,263,2114,9,0
6.369476,3.111000,119.000,16.473000,0.797000,126.966855,4071,249,0,136,257,2102,9,0
6.383216,13.740000,119.000,16.473000,0.797000,126.960103,4059,249,0,136,257,2102,9,0
6.386224,3.008000,119.000,16.473000,0.797000,126.960538,4059,249,0,136,257,2102,9,0
6.400205,13.981000,119.000,16.473000,0.797000,126.960973,4059,249,0,137,257,2102,9,0
6.405226,5.021000,119.000,16.473000,0.797000,126.961408,4059,249,0,137,257,2102,9,0
6.415956,10.730000,119.000,16.473000,0.797000,126.963494,4062,249,0,137,257,2102,9,0
6.419458,3.502000,119.000,16.473000,0.797000,126.963929,4062,249,0,137,257,2102,9,0
6.433491,14.033000,119.000,16.473000,0.797000,126.964364,4062,249,0,137,257,2102,9,0
6.436338,2.847000,119.000,16.473000,0.797000,126.964799,4062,249,0,137,257,2102,9,0
6.450216,13.878000,119.000,16.473000,0.797000,126.965234,4062,249,0,137,257,2102,9,0
6.453222,3.006000,119.000,16.473000,0.797000,126.965669,4062,249,0,137,257,2102,9,0
6.466733,13.511000,119.000,16.473000,0.797000,126.966050,4062,249,0,137,257,2102,9,0
6.469797,3.064000,119.000,16.473000,0.797000,126.962075,4060,249,0,136,256,2100,9,0
6.483495,13.698000,119.000,16.473000,0.797000,126.960870,4057,249,0,136,256,2100,9,0
6.486479,2.984000,119.000,16.473000,0.797000,126.961305,4057,249,0,136,256,2100,9,0
6.500093,13.614000,119.000,16.473000,0.797000,126.955979,4052,248,0,136,256,2100,9,0
6.503025,2.932000,119.000,16.473000,0.797000,126.953469,4047,248,0,136,256,2100,9,0
6.516236,13.211000,119.000,16.473000,0.797000,126.953904,4047,248,0,136,256,2100,9,0
6.518120,1.884000,119.000,16.473000,0.797000,126.954339,4047,248,0,136,256,2100,9,0
6.533277,15.157000,119.000,16.473000,0.797000,126.954717,4047,248,0,136,256,2100,9,0
6.535023,1.746000,119.000,16.473000,0.797000,126.955152,4047,248,0,136,256,2100,9,0
6.549116,14.093000,119.000,16.473000,0.797000,126.959950,4054,248,0,136,256,2100,9,0
6.551356,2.240000,119.000,16.473000,0.797000,126.960385,4054,248,0,136,256,2100,9,0
6.566741,15.385000,119.000,16.473000,0.797000,126.960820,4054,248,0,136,256,2100,9,0
6.568509,1.768000,119.000,16.473000,0.797000,126.961255,4054,248,0,136,256,2100,9,0
6.583412,14.903000,119.000,16.473000,0.797000,126.963349,4057,248,0,136,256,2100,9,0
6.585501,2.089000,119.000,16.473000,0.797000,126.963784,4057,248,0,136,256,2100,9,0
6.599769,14.268000,119.000,16.473000,0.797000,126.972650,4064,250,0,136,256,2100,9,0
6.613999,14.230000,119.000,16.473000,0.797000,127.490212,4439,308,0,200,326,2240,9,0
6.623769,9.770000,119.000,16.473000,0.797000,127.490647,4439,308,0,201,326,2240,9,0
6.627750,3.981000,119.000,16.473000,0.797000,127.492734,4442,308,0,201,326,2240,9,0
6.640494,12.744000,119.000,16.473000,0.797000,127.493112,4442,308,0,202,326,2240,9,0
6.644791,4.297000,119.000,16.473000,0.797000,127.063733,4390,281,0,147,263,2114,9,0
6.657067,12.276000,119.000,16.473000,0.797000,126.989232,4263,281,0,147,263,2114,9,0
6.660911,3.844000,119.000,16.473000,0.797000,126.989667,4263,281,0,147,263,2114,9,0
6.673910,12.999000,119.000,16.473000,0.797000,126.990102,4263,281,0,147,263,2114,9,0
6.677350,3.440000,119.000,16.473000,0.797000,126.990502,4263,281,0,143,259,2106,9,0
6.690558,13.208000,119.000,16.473000,0.797000,126.959882,4259,279,0,143,259,2106,9,0
6.694137,3.579000,119.000,16.473000,0.797000,126.956471,4251,279,0,143,259,2106,9,1
6.706941,12.804000,119.000,16.473000,0.797000,126.956906,4251,279,0,143,259,2106,9,1
6.710705,3.764000,119.000,16.473000,0.797000,126.959645,4260,278,0,143,259,2106,9,0
6.723906,13.201000,119.000,16.473000,0.797000,126.956822,4255,278,0,144,259,2106,9,0
6.727309,3.403000,119.000,16.473000,0.797000,126.957238,4255,278,0,144,259,2106,9,0
6.740518,13.209000,119.000,16.473000,0.797000,126.955171,4251,278,0,144,259,2106,9,0
6.743559,3.041000,119.000,16.473000,0.797000,126.955606,4251,278,0,109,224,2036,9,0
6.757322,13.763000,119.000,16.473000,0.797000,126.955987,4251,278,0,109,224,2036,9,0
6.761038,3.716000,119.000,16.473000,0.797000,126.952012,4249,278,0,109,224,2036,9,0
6.774332,13.294000,119.000,16.473000,0.797000,126.808488,4179,243,0,109,224,2036,9,0
6.780251,5.919000,119.000,16.473000,0.797000,126.705808,4004,243,0,109,224,2036,9,0
6.790797,10.546000,119.000,16.473000,0.797000,126.706243,4004,243,0,108,223,2034,9,0
6.794646,3.849000,119.000,16.473000,0.797000,126.706677,4004,243,0,108,223,2034,9,0
6.807745,13.099000,119.000,16.473000,0.797000,126.707112,4004,243,0,108,223,2034,9,0
6.811812,4.067000,119.000,16.473000,0.797000,126.701707,3999,242,0,108,223,2034,9,0
6.824371,12.559000,119.000,16.473000,0.797000,126.699059,3994,242,0,108,223,2034,9,0
6.828401,4.030000,119.000,16.473000,0.797000,126.695992,3988,242,0,108,223,2034,9,0
6.840748,12.347000,119.000,16.473000,0.797000,126.696427,3988,242,0,107,222,2032,9,0
6.844758,4.010000,119.000,16.473000,0.797000,126.696862,3988,242,0,107,222,2032,9,0
6.857425,12.667000,119.000,16.473000,0.797000,126.697297,3988,242,0,105,220,2028,9,0
6.861794,4.369000,119.000,16.473000,0.797000,126.696092,3985,242,0,104,219,2026,9,0
6.874303,12.509000,119.000,16.473000,0.797000,126.683274,3979,238,0,104,219,2026,9,0
6.878434,4.131000,119.000,16.473000,0.797000,126.679315,3972,238,0,103,218,2024,9,0
6.890639,12.205000,119.000,16.473000,0.797000,126.679749,3972,238,0,101,216,2020,9,0
6.894025,3.386000,119.000,16.473000,0.797000,126.668702,3969,235,0,100,215,2018,9,0
6.907245,13.220000,119.000,16.473000,0.797000,126.666757,3965,235,0,99,214,2016,9,0
6.911167,3.922000,119.000,16.473000,0.797000,126.756253,4012,238,0,111,226,2040,9,0
6.923952,12.785000,119.000,16.473000,0.797000,126.750371,4002,238,0,111,226,2040,9,0
6.927410,3.458000,119.000,16.473000,0.797000,126.750806,4002,238,0,111,226,2040,9,0
6.940389,12.979000,119.000,16.473000,0.797000,126.751184,4002,238,0,111,226,2040,9,0
6.944074,3.685000,119.000,16.473000,0.797000,126.751645,4002,238,0,111,226,2040,9,0
6.957306,13.232000,119.000,16.473000,0.797000,126.736672,4000,237,0,109,224,2036,9,0
6.962742,5.436000,119.000,16.473000,0.797000,126.736352,3999,237,0,109,224,2036,9,0
6.973936,11.194000,119.000,16.473000,0.797000,126.736787,3999,237,0,108,223,2034,9,0
6.977923,3.987000,119.000,16.473000,0.797000,126.726777,3994,234,0,108,223,2034,9,0
6.990536,12.613000,119.000,16.473000,0.797000,126.723519,3988,234,0,108,223,2034,9,0
6.993626,3.090000,119.000,16.473000,0.797000,126.723954,3988,234,0,108,223,2034,9,0
7.007163,13.537000,119.000,16.473000,0.797000,126.724389,3988,234,0,108,223,2034,9,0
7.010261,3.098000,119.000,16.473000,0.797000,126.741628,4001,238,0,108,223,2034,9,0
7.023671,13.410000,119.000,16.473000,0.797000,126.742749,4001,238,0,109,225,2038,9,0
7.027971,4.300000,119.000,16.473000,0.797000,126.743180,4001,238,0,109,225,2038,9,0
7.040477,12.506000,119.000,16.473000,0.797000,126.743615,4001,238,0,109,225,2038,9,0
7.044614,4.137000,119.000,16.473000,0.797000,126.744050,4001,238,0,109,225,2038,9,0
7.057141,12.527000,119.000,16.473000,0.797000,126.744431,4001,238,0,105,221,2030,9,0
7.061448,4.307000,119.000,16.473000,0.797000,126.740457,3999,238,0,105,221,2030,9,0
7.073738,12.290000,119.000,16.473000,0.797000,126.740891,3999,238,0,105,221,2030,9,0
7.078007,4.269000,119.000,16.473000,0.797000,126.724828,3991,234,0,105,221,2030,9,0
7.090444,12.437000,119.000,16.473000,0.797000,126.713483,3971,234,0,105,221,2030,9,0
7.093398,2.954000,119.000,16.473000,0.797000,126.713918,3971,234,0,105,221,2030,9,0
7.107157,13.759000,119.000,16.473000,0.797000,126.714353,3971,234,0,105,221,2030,9,0
7.111324,4.167000,119.000,16.473000,0.797000,126.716435,3974,234,0,105,221,2030,9,0
7.123901,12.577000,119.000,16.473000,0.797000,126.716870,3974,234,0,105,221,2030,9,0
7.126923,3.022000,119.000,16.473000,0.797000,126.723302,3984,234,0,105,221,2030,9,0
7.140480,13.557000,119.000,16.473000,0.797000,126.723737,3984,234,0,105,221,2030,9,0
7.144122,3.642000,119.000,16.473000,0.797000,126.724137,3984,234,0,105,221,2030,9,0
7.157226,13.104000,119.000,16.473000,0.797000,126.724572,3984,234,0,105,221,2030,9,0
7.161981,4.755000,119.000,16.473000,0.797000,126.725007,3984,234,0,105,221,2030,9,0
7.173894,11.913000,119.000,16.473000,0.797000,126.725442,3984,234,0,105,221,2030,9,0
7.176954,3.060000,119.000,16.473000,0.797000,126.724236,3981,234,0,105,221,2030,9,0
7.193117,16.163000,119.000,16.473000,0.797000,127.527211,4452,308,0,202,326,2240,9,0
7.207478,14.361000,119.000,16.473000,0.797000,127.525960,4449,308,0,202,326,2240,9,0
7.210608,3.130000,119.000,16.473000,0.797000,127.399083,4399,268,0,202,326,2240,9,0
7.224272,13.664000,119.000,16.473000,0.797000,127.367352,4349,268,0,192,306,2200,9,0
7.228865,4.593000,119.000,16.473000,0.797000,127.203794,4334,258,0,171,281,2150,9,0
7.240404,11.539000,119.000,16.473000,0.797000,127.175282,4285,258,0,171,281,2150,9,0
7.243758,3.354000,119.000,16.473000,0.797000,127.174077,4282,258,0,171,281,2150,9,0
7.257128,13.370000,119.000,16.473000,0.797000,127.174512,4282,258,0,171,281,2150,9,0
7.262333,5.205000,119.000,16.473000,0.797000,127.174947,4282,258,0,171,281,2150,9,0
7.273952,11.619000,118.000,16.126000,0.930000,127.175382,4282,258,0,171,281,2150,9,0
7.277469,3.517000,118.000,16.126000,0.930000,127.177484,4285,258,0,171,281,2150,9,0
7.290383,12.914000,118.000,16.126000,0.930000,127.177918,4285,258,0,171,281,2150,9,0
7.294149,3.766000,118.000,16.126000,0.930000,127.178353,4285,258,0,171,281,2150,9,0
7.307172,13.023000,118.000,16.126000,0.930000,127.178788,4285,258,0,171,281,2150,9,0
7.311133,3.961000,118.000,16.126000,0.930000,127.179223,4285,258,0,171,281,2150,9,0
7.323838,12.705000,118.000,16.126000,0.930000,127.177155,4281,258,0,171,281,2150,9,0
7.327994,4.156000,118.000,16.126000,0.930000,127.172444,4281,256,0,135,245,2078,9,0
7.340337,12.343000,118.000,16.126000,0.930000,127.170445,4277,256,0,135,245,2078,9,0
7.343400,3.063000,118.000,16.126000,0.930000,127.164830,4272,256,0,135,245,2078,9,0
7.357142,13.742000,118.000,16.126000,0.930000,127.021249,4202,221,0,135,245,2078,9,0
7.360499,3.357000,118.000,16.126000,0.930000,126.918561,4027,221,0,135,245,2078,9,0
7.373907,13.408000,118.000,16.126000,0.930000,126.918996,4027,221,0,133,244,2076,9,0
7.377225,3.318000,118.000,16.126000,0.930000,126.919431,4027,221,0,133,244,2076,9,0
7.390131,12.906000,118.000,16.126000,0.930000,126.915711,4025,220,0,133,244,2076,9,0
7.393215,3.084000,118.000,16.126000,0.930000,126.913159,4020,220,0,133,244,2076,9,0
7.407090,13.875000,118.000,16.126000,0.930000,126.895661,4013,215,0,133,243,2074,9,0
7.410143,3.053000,118.000,16.126000,0.930000,126.886968,3997,215,0,133,243,2074,9,0
7.424375,14.232000,118.000,16.126000,0.930000,126.887403,3997,215,0,132,242,2072,9,0
7.429204,4.829000,118.000,16.126000,0.930000,126.887837,3997,215,0,132,242,2072,9,0
7.440519,11.315000,118.000,16.126000,0.930000,126.888272,3997,215,0,129,240,2068,9,0
7.443856,3.337000,118.000,16.126000,0.930000,126.888707,3997,215,0,128,239,2066,9,0
7.457110,13.254000,118.000,16.126000,0.930000,126.875890,3991,211,0,128,239,2066,9,0
7.460101,2.991000,118.000,16.126000,0.930000,126.871896,3984,211,0,128,239,2066,9,0
7.473757,13.656000,118.000,16.126000,0.930000,126.872331,3984,211,0,126,237,2062,9,0
7.476775,3.018000,118.000,16.126000,0.930000,126.861283,3981,208,0,125,236,2060,9,0
7.490478,13.703000,118.000,16.126000,0.930000,126.859338,3977,208,0,125,235,2058,9,0
7.494945,4.467000,118.000,16.126000,0.930000,126.974233,4037,213,0,140,250,2088,9,0
7.507475,12.530000,118.000,16.126000,0.930000,126.968350,4027,213,0,140,250,2088,9,0
7.512389,4.914000,118.000,16.126000,0.930000,126.967145,4024,213,0,140,250,2088,9,0
7.524149,11.760000,118.000,16.126000,0.930000,126.967580,4024,213,0,140,250,2088,9,0
7.529076,4.927000,118.000,16.126000,0.930000,126.968015,4024,213,0,140,250,2088,9,0
7.540561,11.485000,118.000,16.126000,0.930000,126.906407,4016,209,0,132,242,2072,9,0
7.544652,4.091000,118.000,16.126000,0.930000,126.897275,4000,209,0,132,242,2072,9,0
7.557142,12.490000,118.000,16.126000,0.930000,126.897710,4000,209,0,132,242,2072,9,0
7.561740,4.598000,118.000,16.126000,0.930000,126.965451,4025,225,0,132,242,2072,11,4
7.573771,12.031000,118.000,16.126000,0.930000,126.967881,4025,225,0,137,254,2152,11,4
7.576772,3.001000,118.000,16.126000,0.930000,126.966924,4025,225,0,137,254,2152,11,0
7.590484,13.712000,118.000,16.126000,0.930000,126.967359,4025,225,0,138,254,2152,11,0
7.593491,3.007000,118.000,16.126000,0.930000,126.967793,4025,225,0,138,254,2152,11,0
7.607268,13.777000,118.000,16.126000,0.930000,126.968228,4025,225,0,138,254,2152,11,0
7.610520,3.252000,118.000,16.126000,0.930000,126.968663,4025,225,0,138,254,2152,11,0
7.623724,13.204000,118.000,16.126000,0.930000,126.969041,4025,225,0,138,254,2152,11,0
7.627049,3.325000,118.000,16.126000,0.930000,126.969476,4025,225,0,138,254,2152,11,0
7.640529,13.480000,118.000,16.126000,0.930000,126.969857,4025,225,0,133,249,2142,11,0
7.643866,3.337000,118.000,16.126000,0.930000,126.967549,4026,225,0,133,249,2142,11,0
7.657337,13.471000,118.000,16.126000,0.930000,126.967984,4026,225,0,133,249,2142,11,0
7.660787,3.450000,118.000,16.126000,0.930000,126.949212,4019,220,0,133,249,2142,11,0
7.674028,13.241000,118.000,16.126000,0.930000,126.934922,3994,220,0,133,249,2142,11,0
7.677758,3.730000,118.000,16.126000,0.930000,126.935472,3994,220,0,133,249,2142,11,0
7.690339,12.581000,118.000,16.126000,0.930000,126.935906,3994,220,0,130,249,2142,11,0
7.694085,3.746000,118.000,16.126000,0.930000,126.936341,3994,220,0,131,249,2142,11,0
7.707457,13.372000,118.000,16.126000,0.930000,126.936776,3994,220,0,132,249,2142,11,0
7.711436,3.979000,118.000,16.126000,0.930000,126.944863,4007,220,0,132,249,2142,11,0
7.723791,12.355000,118.000,16.126000,0.930000,126.945298,4007,220,0,131,249,2142,11,0
7.727423,3.632000,118.000,16.126000,0.930000,126.945725,4007,220,0,131,249,2142,11,0
7.741008,13.585000,118.000,16.126000,0.930000,126.946160,4007,220,0,131,249,2142,11,0
7.745050,4.042000,118.000,16.126000,0.930000,126.946595,4007,220,0,131,249,2142,11,0
7.757598,12.548000,118.000,16.126000,0.930000,126.946973,4007,220,0,133,249,2142,11,0
7.761710,4.112000,118.000,16.126000,0.930000,126.947408,4007,220,0,133,249,2142,11,0
7.782013,20.303000,118.000,16.126000,0.930000,127.463544,4395,278,0,195,313,2270,11,0
7.785554,3.541000,118.000,16.126000,0.930000,127.463979,4395,278,0,195,313,2270,11,0
7.799419,13.865000,118.000,16.126000,0.930000,127.467000,4398,278,0,195,313,2270,9,1
7.802412,2.993000,118.000,16.126000,0.930000,127.467435,4398,278,0,195,313,2270,9,1
7.816150,13.738000,118.000,16.126000,0.930000,127.049531,4353,250,0,141,251,2146,9,0
7.818509,2.359000,118.000,16.126000,0.930000,126.971356,4220,250,0,141,251,2146,9,0
7.832247,13.738000,118.000,16.126000,0.930000,126.971791,4220,250,0,141,251,2146,9,0
7.835155,2.908000,118.000,16.126000,0.930000,126.972226,4220,250,0,141,251,2146,9,0
7.849087,13.932000,118.000,16.126000,0.930000,126.972661,4220,250,0,141,251,2146,9,0
7.852176,3.089000,118.000,16.126000,0.930000,126.973096,4220,250,0,141,251,2146,9,0
7.866140,13.964000,118.000,16.126000,0.930000,126.973531,4220,250,0,141,251,2146,9,0
7.869824,3.684000,118.000,16.126000,0.930000,126.973931,4220,250,0,141,251,2146,9,0
7.882631,12.807000,118.000,16.126000,0.930000,126.972779,4217,250,0,141,251,2146,9,0
7.885754,3.123000,118.000,16.126000,0.930000,126.973214,4217,250,0,141,251,2146,9,0
7.899847,14.093000,118.000,16.126000,0.930000,126.972009,4214,250,0,141,251,2146,9,0
7.904744,4.897000,118.000,16.126000,0.930000,126.969941,4210,250,0,141,251,2146,9,0
7.916024,11.280000,118.000,16.126000,0.930000,126.970376,4210,250,0,105,215,2074,9,0
7.919109,3.085000,118.000,16.126000,0.930000,126.966348,4208,250,0,105,215,2074,9,0
7.933031,13.922000,118.000,16.126000,0.930000,126.966783,4208,250,0,105,215,2074,9,0
7.935911,2.880000,118.000,16.126000,0.930000,126.819058,4136,214,0,105,215,2074,9,0
7.949575,13.664000,118.000,16.126000,0.930000,126.711766,3953,214,0,105,215,2074,9,0
7.953161,3.586000,118.000,16.126000,0.930000,126.712201,3953,214,0,106,215,2074,9,0
7.965957,12.796000,118.000,16.126000,0.930000,126.712636,3953,214,0,106,215,2074,9,0
7.968938,2.981000,118.000,16.126000,0.930000,126.713071,3953,214,0,105,214,2072,9,0
7.983052,14.114000,118.000,16.126000,0.930000,126.715226,3956,214,0,105,214,2072,9,0
7.985543,2.491000,118.000,16.126000,0.930000,126.715455,3956,214,0,105,214,2072,9,0
7.999429,13.886000,118.000,16.126000,0.930000,126.712369,3950,214,0,105,214,2072,9,0
8.002034,2.605000,118.000,16.126000,0.930000,126.712804,3950,214,0,103,213,2070,9,0
8.015902,13.868000,118.000,16.126000,0.930000,126.713239,3950,214,0,103,213,2070,9,0
8.019548,3.646000,118.000,16.126000,0.930000,126.713674,3950,214,0,102,211,2066,9,0
8.032526,12.978000,118.000,16.126000,0.930000,126.714116,3950,214,0,101,210,2064,9,0
8.035008,2.482000,118.000,16.126000,0.930000,126.701299,3944,210,0,100,210,2064,9,0
8.049724,14.716000,118.000,16.126000,0.930000,126.695691,3934,210,0,100,210,2064,9,0
8.053139,3.415000,118.000,16.126000,0.930000,126.696126,3934,210,0,98,208,2060,9,0
8.066000,12.861000,118.000,16.126000,0.930000,126.683980,3931,207,0,97,207,2058,9,0
8.068471,2.471000,118.000,16.126000,0.930000,126.682034,3927,207,0,96,205,2054,9,0
8.083092,14.621000,118.000,16.126000,0.930000,126.785577,3982,209,0,111,220,2084,9,0
8.086380,3.288000,118.000,16.126000,0.930000,126.776002,3966,209,0,111,220,2084,9,0
8.099275,12.895000,118.000,16.126000,0.930000,126.776380,3966,209,0,111,220,2084,9,0
8.100900,1.625000,118.000,16.126000,0.930000,126.776814,3966,209,0,111,220,2084,9,0
8.116566,15.666000,118.000,16.126000,0.930000,126.793767,3976,213,0,111,220,2084,9,0
8.119480,2.914000,118.000,16.126000,0.930000,126.717324,3966,208,0,103,212,2068,9,0
8.132794,13.314000,118.000,16.126000,0.930000,126.705750,3946,208,0,103,212,2068,9,0
8.134483,1.689000,118.000,16.126000,0.930000,126.706185,3946,208,0,103,212,2068,9,0
8.149360,14.877000,118.000,16.126000,0.930000,126.706620,3946,208,0,103,212,2068,9,0
8.151044,1.684000,118.000,16.126000,0.930000,126.707021,3946,208,0,103,212,2068,9,0
8.166539,15.495000,118.000,16.126000,0.930000,126.707456,3946,208,0,103,212,2068,9,0
8.170085,3.546000,118.000,16.126000,0.930000,126.707891,3946,208,0,103,212,2068,9,0
8.182967,12.882000,118.000,16.126000,0.930000,126.708379,3946,208,0,103,212,2068,9,0
8.184975,2.008000,118.000,16.126000,0.930000,126.708814,3946,208,0,103,212,2068,9,0
8.199361,14.386000,118.000,16.126000,0.930000,126.709249,3946,208,0,103,212,2068,9,0
8.202195,2.834000,118.000,16.126000,0.930000,126.709683,3946,208,0,103,212,2068,9,0
8.217048,14.853000,118.000,16.126000,0.930000,126.891259,4063,256,0,103,212,2068,9,0
8.219484,2.436000,118.000,16.126000,0.930000,126.896028,4061,256,0,110,231,2106,9,0
8.232750,13.266000,118.000,16.126000,0.930000,126.896459,4061,256,0,110,231,2106,9,0
8.235880,3.130000,118.000,16.126000,0.930000,126.896859,4061,256,0,110,231,2106,9,0
8.249430,13.550000,118.000,16.126000,0.930000,126.875424,4051,251,0,110,231,2106,9,0
8.252437,3.007000,118.000,16.126000,0.930000,126.845723,4024,250,0,108,229,2102,9,0
8.266428,13.991000,118.000,16.126000,0.930000,126.842092,4017,250,0,106,227,2098,9,0
8.270209,3.781000,119.000,19.746000,1.182000,126.835130,4013,248,0,105,227,2098,9,0
8.282868,12.659000,119.000,19.746000,1.182000,126.830857,4005,248,0,105,227,2098,9,0
8.285705,2.837000,119.000,19.746000,1.182000,126.831292,4005,248,0,106,227,2098,9,0
8.299348,13.643000,119.000,19.746000,1.182000,126.837716,4015,248,0,106,227,2098,9,0
8.302318,2.970000,119.000,19.746000,1.182000,126.838151,4015,248,0,105,227,2098,9,0
8.316646,14.328000,119.000,19.746000,1.182000,126.838601,4015,248,0,105,227,2098,9,0
8.319579,2.933000,119.000,19.746000,1.182000,126.839036,4015,248,0,105,227,2098,9,0
8.333406,13.827000,119.000,19.746000,1.182000,126.839471,4015,248,0,105,227,2098,9,0
8.336793,3.387000,119.000,19.746000,1.182000,126.839906,4015,248,0,106,227,2098,9,0
8.350094,13.301000,119.000,19.746000,1.182000,126.841989,4018,248,0,106,227,2098,9,0
8.368822,18.728000,119.000,19.746000,1.182000,127.659638,4491,322,0,203,335,2314,9,0
8.382378,13.556000,119.000,19.746000,1.182000,127.660073,4491,322,0,203,335,2314,9,0
8.385071,2.693000,119.000,19.746000,1.182000,127.660508,4491,322,0,203,335,2314,9,0
8.399016,13.945000,119.000,19.746000,1.182000,127.675637,4505,324,0,187,313,2270,9,0
8.401595,2.579000,119.000,19.746000,1.182000,127.521958,4462,315,0,187,313,2270,9,0
8.415550,13.955000,119.000,19.746000,1.182000,127.500970,4426,315,0,187,313,2270,9,0
8.418303,2.753000,119.000,19.746000,1.182000,127.503022,4429,315,0,187,313,2270,9,0
8.432113,13.810000,119.000,19.746000,1.182000,127.442189,4411,301,0,185,309,2206,9,0
8.434908,2.795000,119.000,19.746000,1.182000,127.442578,4411,301,0,185,309,2206,9,0
8.448761,13.853000,119.000,19.746000,1.182000,127.443013,4411,301,0,185,309,2206,9,0
8.452374,3.613000,119.000,19.746000,1.182000,127.443448,4411,301,0,185,309,2206,9,0
8.466013,13.639000,119.000,19.746000,1.182000,127.443883,4411,301,0,185,309,2206,9,0
8.468692,2.679000,119.000,19.746000,1.182000,127.444318,4411,301,0,185,309,2206,9,0
8.482348,13.656000,119.000,19.746000,1.182000,127.444753,4411,301,0,185,309,2206,9,0
8.485209,2.861000,119.000,19.746000,1.182000,127.442685,4407,301,0,185,309,2206,9,0
8.499525,14.316000,119.000,19.746000,1.182000,127.443120,4407,301,0,151,275,2138,9,0
8.502219,2.694000,119.000,19.746000,1.182000,127.443501,4407,301,0,151,275,2138,9,0
8.516534,14.315000,119.000,19.746000,1.182000,127.441175,4408,301,0,151,275,2138,9,0
8.520242,3.708000,119.000,19.746000,1.182000,127.301759,4340,267,0,151,275,2138,9,0
8.533160,12.918000,119.000,19.746000,1.182000,127.202024,4170,267,0,149,273,2134,9,0
8.536797,3.637000,119.000,19.746000,1.182000,127.202424,4170,267,0,149,273,2134,9,0
8.549667,12.870000,119.000,19.746000,1.182000,127.202859,4170,267,0,149,273,2134,9,0
8.552479,2.812000,119.000,19.746000,1.182000,127.193738,4166,265,0,149,273,2134,9,0
8.566739,14.260000,119.000,19.746000,1.182000,127.188249,4156,265,0,149,273,2134,9,0
8.568606,1.867000,119.000,19.746000,1.182000,127.188546,4156,265,0,148,273,2134,9,0
8.583053,14.447000,119.000,19.746000,1.182000,127.183839,4147,265,0,148,273,2134,9,0
8.585000,1.947000,119.000,19.746000,1.182000,127.182633,4144,265,0,148,272,2132,9,0
8.599834,14.834000,119.000,19.746000,1.182000,127.183084,4144,265,0,148,272,2132,9,0
8.601611,1.777000,119.000,19.746000,1.182000,127.183518,4144,265,0,145,270,2128,9,0
8.616658,15.047000,119.000,19.746000,1.182000,127.183938,4144,265,0,144,269,2126,9,0
8.618566,1.908000,119.000,19.746000,1.182000,127.171121,4138,261,0,144,269,2126,9,0
8.633342,14.776000,119.000,19.746000,1.182000,127.167161,4131,261,0,144,269,2126,9,0
8.637183,3.841000,119.000,19.746000,1.182000,127.167596,4131,261,0,143,267,2122,9,0
8.649192,12.009000,119.000,19.746000,1.182000,127.154908,4125,258,0,142,266,2120,9,0
8.651098,1.906000,119.000,19.746000,1.182000,127.152963,4121,258,0,140,265,2118,9,0
8.666461,15.363000,119.000,19.746000,1.182000,127.267861,4181,263,0,155,280,2148,9,0
8.670209,3.748000,119.000,19.746000,1.182000,127.261979,4171,263,0,155,280,2148,9,0
8.683086,12.877000,119.000,19.746000,1.182000,127.264081,4174,263,0,155,280,2148,9,0
8.687428,4.342000,119.000,19.746000,1.182000,127.264516,4174,263,0,155,280,2148,9,0
8.699744,12.316000,119.000,19.746000,1.182000,127.264951,4174,263,0,155,280,2148,9,0
8.702585,2.841000,119.000,19.746000,1.182000,127.187890,4164,258,0,145,270,2128,9,0
8.716527,13.942000,119.000,19.746000,1.182000,127.176377,4144,258,0,145,270,2128,9,0
8.720888,4.361000,119.000,19.746000,1.182000,127.176812,4144,258,0,145,270,2128,9,0
8.733324,12.436000,119.000,19.746000,1.182000,127.178895,4147,258,0,145,270,2128,9,0
8.736450,3.126000,119.000,19.746000,1.182000,127.179330,4147,258,0,145,270,2128,9,0
8.750067,13.617000,119.000,19.746000,1.182000,127.178060,4144,258,0,145,270,2128,9,0
8.752874,2.807000,119.000,19.746000,1.182000,127.178494,4144,258,0,145,270,2128,9,0
8.766692,13.818000,119.000,19.746000,1.182000,127.178929,4144,258,0,145,270,2128,9,0
8.769736,3.044000,119.000,19.746000,1.182000,127.179364,4144,258,0,145,270,2128,9,0
8.783390,13.654000,119.000,19.746000,1.182000,127.179799,4144,258,0,145,270,2128,9,0
8.786782,3.392000,119.000,19.746000,1.182000,127.180200,4144,258,0,145,270,2128,9,0
8.799842,13.060000,119.000,19.746000,1.182000,127.180634,4144,258,0,145,270,2128,9,0
8.801584,1.742000,119.000,19.746000,1.182000,127.181016,4144,258,0,140,265,2118,9,0
8.816720,15.136000,119.000,19.746000,1.182000,127.177041,4142,258,0,140,265,2118,9,0
8.820789,4.069000,119.000,19.746000,1.182000,127.177442,4142,258,0,140,265,2118,9,0
8.833470,12.681000,119.000,19.746000,1.182000,127.156850,4132,253,0,140,265,2118,9,0
8.835321,1.851000,119.000,19.746000,1.182000,127.127149,4105,252,0,139,263,2114,9,0
8.850019,14.698000,119.000,19.746000,1.182000,127.125157,4101,252,0,139,263,2114,9,0
8.852074,2.055000,119.000,19.746000,1.182000,127.125592,4101,252,0,138,263,2114,9,0
8.866767,14.693000,119.000,19.746000,1.182000,127.126027,4101,252,0,138,263,2114,9,0
8.871010,4.243000,119.000,19.746000,1.182000,127.126462,4101,252,0,139,263,2114,9,0
8.883400,12.390000,119.000,19.746000,1.182000,127.134503,4114,252,0,139,263,2114,9,0
8.885376,1.976000,119.000,19.746000,1.182000,127.134904,4114,252,0,139,263,2114,9,0
8.899951,14.575000,119.000,19.746000,1.182000,127.136235,4114,252,0,139,263,2114,9,1
8.902830,2.879000,119.000,19.746000,1.182000,127.136670,4114,252,0,139,263,2114,9,1
8.916815,13.985000,119.000,19.746000,1.182000,127.136945,4117,251,0,139,263,2114,9,0
8.919487,2.672000,119.000,19.746000,1.182000,127.134122,4112,251,0,140,263,2114,9,0
8.932631,13.144000,119.000,19.746000,1.182000,127.134557,4112,251,0,140,263,2114,9,0
8.956232,23.601000,119.000,19.746000,1.182000,127.626061,4474,307,0,202,329,2246,9,0
8.960445,4.213000,119.000,19.746000,1.182000,127.626702,4474,307,0,202,329,2246,9,0
8.974464,14.019000,119.000,19.746000,1.182000,127.625497,4471,307,0,202,329,2246,9,0
8.977059,2.595000,119.000,19.746000,1.182000,127.640656,4485,309,0,150,267,2122,9,0
8.991042,13.983000,119.000,19.746000,1.182000,127.207208,4406,282,0,150,267,2122,9,0
8.993507,2.465000,119.000,19.746000,1.182000,127.143373,4298,282,0,150,267,2122,9,0
9.007658,14.151000,119.000,19.746000,1.182000,127.144998,4298,282,0,150,267,2122,9,2
9.010663,3.005000,119.000,19.746000,1.182000,127.145432,4298,282,0,150,267,2122,9,2
9.024413,13.750000,119.000,19.746000,1.182000,127.146485,4298,282,0,150,267,2122,9,2
9.027482,3.069000,119.000,19.746000,1.182000,127.146920,4298,282,0,150,267,2122,9,2
9.041720,14.238000,119.000,19.746000,1.182000,127.148622,4310,280,0,150,267,2122,9,0
9.045961,4.241000,119.000,19.746000,1.182000,127.148286,4303,280,0,152,267,2122,9,0
9.057169,11.208000,119.000,19.746000,1.182000,127.307313,4303,280,0,152,267,2122,9,0
9.072152,14.983000,119.000,19.746000,1.182000,127.309785,4306,280,0,152,267,2122,9,0
9.082181,10.029000,119.000,19.746000,1.182000,127.307664,4302,280,0,152,267,2122,9,0
9.085240,3.059000,119.000,19.746000,1.182000,127.303689,4300,280,0,117,232,2052,9,0
9.098899,13.659000,119.000,19.746000,1.182000,127.304067,4300,280,0,117,232,2052,9,0
9.102084,3.185000,119.000,19.746000,1.182000,127.164605,4232,246,0,117,232,2052,9,0
9.115753,13.669000,119.000,19.746000,1.182000,127.064912,4062,246,0,117,232,2052,9,0
9.119321,3.568000,119.000,19.746000,1.182000,127.065362,4062,246,0,115,230,2048,9,0
9.132420,13.099000,119.000,19.746000,1.182000,127.065797,4062,246,0,115,230,2048,9,0
9.136311,3.891000,119.000,19.746000,1.182000,127.079076,4079,248,0,115,230,2048,9,0
9.149949,13.638000,119.000,19.746000,1.182000,127.074277,4069,248,0,117,232,2052,9,0
9.154646,4.697000,119.000,19.746000,1.182000,127.074574,4069,248,0,116,232,2052,9,0
9.166263,11.617000,119.000,19.746000,1.182000,127.071507,4063,248,0,116,232,2052,9,0
9.169130,2.867000,119.000,19.746000,1.182000,127.071942,4063,248,0,116,231,2050,9,0
9.182799,13.669000,119.000,19.746000,1.182000,127.061875,4058,245,0,115,230,2048,9,0
9.185885,3.086000,119.000,19.746000,1.182000,127.058618,4052,245,0,112,228,2044,9,0
9.199967,14.082000,119.000,19.746000,1.182000,127.059052,4052,245,0,109,225,2038,9,0
9.202731,2.764000,119.000,19.746000,1.182000,127.046235,4046,241,0,109,225,2038,9,0
9.216986,14.255000,119.000,19.746000,1.182000,127.059075,4052,245,0,109,225,2038,9,0
9.220416,3.430000,119.000,19.746000,1.182000,127.060197,4052,245,0,110,225,2038,9,0
9.233027,12.611000,119.000,19.746000,1.182000,127.049138,4049,242,0,108,224,2036,9,0
9.234458,1.431000,119.000,19.746000,1.182000,127.047193,4045,242,0,106,223,2034,9,0
9.249798,15.340000,119.000,19.746000,1.182000,127.161645,4105,247,0,121,238,2064,9,0
9.251430,1.632000,119.000,19.746000,1.182000,127.155763,4095,247,0,121,238,2064,9,0
9.265689,14.259000,119.000,19.746000,1.182000,127.156140,4095,247,0,121,238,2064,9,0
9.268077,2.388000,115.000,22.927000,0.931000,127.156575,4095,247,0,121,238,2064,9,0
9.282958,14.881000,115.000,22.927000,0.931000,127.155370,4092,247,0,121,238,2064,9,0
9.284860,1.902000,115.000,22.927000,0.931000,127.078240,4082,242,0,111,228,2044,9,0
9.299828,14.968000,115.000,22.927000,0.931000,127.043996,4049,236,0,109,226,2040,9,0
9.301821,1.993000,115.000,22.927000,0.931000,127.037045,4037,236,0,109,226,2040,9,0
9.316429,14.608000,115.000,22.927000,0.931000,127.037480,4037,236,0,109,226,2040,9,0
9.318332,1.903000,115.000,22.927000,0.931000,127.037915,4037,236,0,109,226,2040,9,0
9.333265,14.933000,115.000,22.927000,0.931000,127.038350,4037,236,0,109,226,2040,9,0
9.338195,4.930000,115.000,22.927000,0.931000,127.038785,4037,236,0,109,226,2040,9,0
9.349346,11.151000,115.000,22.927000,0.931000,127.037580,4034,236,0,109,226,2040,9,0
9.352477,3.131000,115.000,22.927000,0.931000,127.038014,4034,236,0,109,226,2040,9,0
9.366297,13.820000,115.000,22.927000,0.931000,127.038449,4034,236,0,109,226,2040,9,0
9.368208,1.911000,115.000,22.927000,0.931000,127.038884,4034,236,0,109,226,2040,9,0
9.383113,14.905000,115.000,22.927000,0.931000,127.040933,4037,236,0,109,226,2040,9,0
9.384779,1.666000,115.000,22.927000,0.931000,127.036958,4035,236,0,104,221,2030,9,0
9.398950,14.171000,115.000,22.927000,0.931000,127.037393,4035,236,0,104,221,2030,9,0
9.401093,2.143000,115.000,22.927000,0.931000,127.037793,4035,236,0,104,221,2030,9,0
9.416606,15.513000,115.000,22.927000,0.931000,127.016370,4025,231,0,104,221,2030,9,0
9.418964,2.358000,115.000,22.927000,0.931000,127.002080,4000,231,0,105,221,2030,9,0
9.433544,14.580000,115.000,22.927000,0.931000,127.004163,4003,231,0,105,221,2030,9,0
9.435246,1.702000,115.000,22.927000,0.931000,127.004598,4003,231,0,104,221,2030,9,0
9.450026,14.780000,115.000,22.927000,0.931000,127.000852,3996,231,0,104,221,2030,9,0
9.451861,1.835000,115.000,22.927000,0.931000,127.001287,3996,231,0,105,221,2030,9,0
9.466697,14.836000,115.000,22.927000,0.931000,127.007710,4006,231,0,105,221,2030,9,0
9.468774,2.077000,115.000,22.927000,0.931000,127.008145,4006,231,0,105,221,2030,9,0
9.483531,14.757000,115.000,22.927000,0.931000,127.008580,4006,231,0,105,221,2030,9,0
9.486167,2.636000,115.000,22.927000,0.931000,127.009015,4006,231,0,105,221,2030,9,0
9.499965,13.798000,115.000,22.927000,0.931000,127.009450,4006,231,0,105,221,2030,9,0
9.502680,2.715000,115.000,22.927000,0.931000,127.009885,4006,231,0,105,221,2030,9,0
9.516894,14.214000,115.000,22.927000,0.931000,127.010262,4006,231,0,105,221,2030,9,0
9.536266,19.372000,115.000,22.927000,0.931000,127.806928,4470,304,0,201,325,2238,9,0
9.548905,12.639000,115.000,22.927000,0.931000,127.807363,4470,304,0,201,325,2238,9,0
9.552502,3.597000,115.000,22.927000,0.931000,127.807797,4470,304,0,201,325,2238,9,0
9.565580,13.078000,115.000,22.927000,0.931000,127.822957,4484,306,0,183,303,2194,9,0
9.569338,3.758000,115.000,22.927000,0.931000,127.648522,4429,296,0,183,303,2194,9,0
9.582584,13.246000,115.000,22.927000,0.931000,127.625154,4389,296,0,183,303,2194,9,0
9.587834,5.250000,115.000,22.927000,0.931000,127.625588,4389,296,0,183,303,2194,9,0
9.598674,10.840000,115.000,22.927000,0.931000,127.626023,4389,296,0,183,303,2194,9,0
9.602728,4.054000,115.000,22.927000,0.931000,127.626458,4389,296,0,183,303,2194,9,0
9.616011,13.283000,115.000,22.927000,0.931000,127.625253,4386,296,0,183,303,2194,9,0
9.621427,5.416000,115.000,22.927000,0.931000,127.625688,4386,296,0,183,303,2194,9,0
9.633055,11.628000,115.000,22.927000,0.931000,127.626122,4386,296,0,183,303,2194,9,0
9.635989,2.934000,115.000,22.927000,0.931000,127.626557,4386,296,0,183,303,2194,9,0
9.650132,14.143000,115.000,22.927000,0.931000,127.626992,4386,296,0,183,303,2194,9,0
9.654660,4.528000,115.000,22.927000,0.931000,127.624925,4382,296,0,183,303,2194,9,0
9.666394,11.734000,115.000,22.927000,0.931000,127.623609,4379,296,0,149,269,2126,9,0
9.669683,3.289000,115.000,22.927000,0.931000,127.619634,4377,296,0,149,269,2126,9,0
9.683167,13.484000,115.000,22.927000,0.931000,127.620069,4377,296,0,149,269,2126,9,0
9.686256,3.089000,115.000,22.927000,0.931000,127.480653,4309,262,0,149,269,2126,9,0
9.699770,13.514000,115.000,22.927000,0.931000,127.380918,4139,262,0,147,267,2122,9,0
9.703682,3.912000,115.000,22.927000,0.931000,127.381318,4139,262,0,147,267,2122,9,0
9.716493,12.811000,115.000,22.927000,0.931000,127.381753,4139,262,0,147,267,2122,9,0
9.719263,2.770000,115.000,22.927000,0.931000,127.372632,4135,260,0,147,267,2122,9,0
9.733478,14.215000,115.000,22.927000,0.931000,127.367166,4125,260,0,147,267,2122,9,0
9.736368,2.890000,115.000,22.927000,0.931000,127.367463,4125,260,0,146,267,2122,9,0
9.750055,13.687000,115.000,22.927000,0.931000,127.366055,4122,260,0,146,267,2122,9,0
9.752997,2.942000,115.000,22.927000,0.931000,127.366490,4122,260,0,146,266,2120,9,0
9.766772,13.775000,115.000,22.927000,0.931000,127.368566,4125,260,0,146,266,2120,9,0
9.769636,2.864000,115.000,22.927000,0.931000,127.369000,4125,260,0,144,264,2116,9,0
9.783070,13.434000,115.000,22.927000,0.931000,127.369431,4125,260,0,143,263,2114,9,0
9.786211,3.141000,115.000,22.927000,0.931000,127.356580,4119,256,0,143,263,2114,9,0
9.800242,14.031000,115.000,22.927000,0.931000,127.352605,4112,256,0,143,263,2114,9,0
9.803024,2.782000,115.000,22.927000,0.931000,127.353040,4112,256,0,141,261,2110,9,0
9.816771,13.747000,115.000,22.927000,0.931000,127.343656,4112,253,0,140,260,2108,9,0
9.819334,2.563000,115.000,22.927000,0.931000,127.341710,4108,253,0,139,259,2106,9,0
9.833093,13.759000,115.000,22.927000,0.931000,127.456532,4168,258,0,154,274,2136,9,0
9.835459,2.366000,115.000,22.927000,0.931000,127.450650,4158,258,0,154,274,2136,9,0
9.849768,14.309000,115.000,22.927000,0.931000,127.451085,4158,258,0,154,274,2136,9,0
9.852211,2.443000,115.000,22.927000,0.931000,127.451520,4158,258,0,154,274,2136,9,0
9.866470,14.259000,115.000,22.927000,0.931000,127.451955,4158,258,0,154,274,2136,9,0
9.869694,3.224000,115.000,22.927000,0.931000,127.374791,4148,253,0,144,264,2116,9,0
9.883315,13.621000,115.000,22.927000,0.931000,127.363278,4128,253,0,144,264,2116,9,0
9.886580,3.265000,115.000,22.927000,0.931000,127.365613,4131,253,0,144,264,2116,9,0
9.900012,13.432000,115.000,22.927000,0.931000,127.362374,4125,253,0,144,264,2116,9,0
9.903137,3.125000,115.000,22.927000,0.931000,127.362809,4125,253,0,144,264,2116,9,0
9.916816,13.679000,115.000,22.927000,0.931000,127.364896,4128,253,0,144,264,2116,9,0
9.919736,2.920000,115.000,22.927000,0.931000,127.365331,4128,253,0,144,264,2116,9,0
9.933461,13.725000,115.000,22.927000,0.931000,127.365766,4128,253,0,144,264,2116,9,0
9.938593,5.132000,115.000,22.927000,0.931000,127.366200,4128,253,0,144,264,2116,9,0
9.949054,10.461000,115.000,22.927000,0.931000,127.366635,4128,253,0,144,264,2116,9,0
9.951046,1.992000,115.000,22.927000,0.931000,127.367070,4128,253,0,144,264,2116,9,0
9.966574,15.528000,115.000,22.927000,0.931000,127.369111,4131,253,0,144,264,2116,9,0
9.970358,3.784000,115.000,22.927000,0.931000,127.365136,4129,253,0,139,259,2106,9,0
9.982318,11.960000,115.000,22.927000,0.931000,127.363912,4126,253,0,139,259,2106,9,0
9.984330,2.012000,115.000,22.927000,0.931000,127.364347,4126,253,0,139,259,2106,9,0
9.999312,14.982000,115.000,22.927000,0.931000,127.343003,4113,248,0,139,259,2106,9,1
10.001997,2.685000,115.000,22.927000,0.931000,127.328713,4088,248,0,139,259,2106,9,1
10.016863,14.866000,115.000,22.927000,0.931000,127.330285,4094,247,0,139,259,2106,9,0
10.018686,1.823000,115.000,22.927000,0.931000,127.327508,4089,247,0,139,259,2106,9,0
10.032976,14.290000,115.000,22.927000,0.931000,127.328004,4089,247,0,139,259,2106,9,0
10.035070,2.094000,115.000,22.927000,0.931000,127.328485,4089,247,0,139,259,2106,9,0
10.049379,14.309000,115.000,22.927000,0.931000,127.333283,4096,247,0,139,259,2106,9,0
10.052351,2.972000,115.000,22.927000,0.931000,127.333764,4096,247,0,139,259,2106,9,0
10.066518,14.167000,115.000,22.927000,0.931000,127.334245,4096,247,0,139,259,2106,9,0
10.069289,2.771000,115.000,22.927000,0.931000,127.334725,4096,247,0,139,259,2106,9,0
10.083512,14.223000,115.000,22.927000,0.931000,127.336865,4099,247,0,139,259,2106,9,0
10.086271,2.759000,115.000,22.927000,0.931000,127.337346,4099,247,0,140,259,2106,9,0
10.100166,13.895000,115.000,22.927000,0.931000,127.337792,4099,247,0,140,259,2106,9,0
10.121552,21.386000,115.000,22.927000,0.931000,127.829415,4461,303,0,201,325,2238,9,0
10.132481,10.929000,115.000,22.927000,0.931000,127.829896,4461,303,0,201,325,2238,9,0
10.137312,4.831000,115.000,22.927000,0.931000,128.020406,4590,327,0,201,325,2238,9,0
10.148835,11.523000,115.000,22.927000,0.931000,128.044591,4610,329,0,161,277,2142,9,0
10.152668,3.833000,115.000,22.927000,0.931000,127.607926,4525,302,0,161,277,2142,9,0
10.165969,13.301000,115.000,22.927000,0.931000,127.544137,4417,302,0,161,277,2142,9,0
10.170376,4.407000,115.000,22.927000,0.931000,127.544618,4417,302,0,161,277,2142,9,0
10.182094,11.718000,115.000,22.927000,0.931000,127.545098,4417,302,0,160,276,2140,9,0
10.184188,2.094000,115.000,22.927000,0.931000,127.545579,4417,302,0,160,276,2140,9,0
10.198851,14.663000,115.000,22.927000,0.931000,127.544419,4414,302,0,160,276,2140,9,0
10.200881,2.030000,115.000,22.927000,0.931000,127.544900,4414,302,0,160,276,2140,9,0
10.215959,15.078000,115.000,22.927000,0.931000,127.545381,4414,302,0,160,276,2140,9,0
10.217723,1.764000,115.000,22.927000,0.931000,127.545861,4414,302,0,160,276,2140,9,0
10.232996,15.273000,115.000,22.927000,0.931000,127.546342,4414,302,0,160,276,2140,9,0
10.236584,3.588000,115.000,22.927000,0.931000,127.544320,4410,302,0,160,276,2140,9,0
10.249634,13.050000,115.000,22.927000,0.931000,127.544801,4410,302,0,126,242,2072,9,0
10.253018,3.384000,115.000,22.927000,0.931000,127.545228,4410,302,0,126,242,2072,9,0
10.265856,12.838000,115.000,22.927000,0.931000,127.541299,4408,302,0,126,242,2072,9,0
10.267575,1.719000,116.000,20.632000,0.920000,127.401929,4340,268,0,125,241,2070,9,0
10.282985,15.410000,116.000,20.632000,0.920000,127.291783,4165,265,0,123,239,2066,9,0
10.286316,3.331000,116.000,20.632000,0.920000,127.288571,4159,265,0,123,239,2066,9,0
10.299335,13.019000,116.000,20.632000,0.920000,127.289052,4159,265,0,123,239,2066,9,0
10.301994,2.659000,116.000,20.632000,0.920000,127.281270,4155,263,0,123,239,2066,9,0
10.316495,14.501000,116.000,20.632000,0.920000,127.289357,4152,267,0,123,239,2066,9,0
10.319391,2.896000,116.000,20.632000,0.920000,127.290387,4152,267,0,125,240,2068,9,0
10.332981,13.590000,116.000,20.632000,0.920000,127.287362,4146,267,0,125,240,2068,9,0
10.335824,2.843000,116.000,20.632000,0.920000,127.287843,4146,267,0,124,239,2066,9,0
10.349180,13.356000,116.000,20.632000,0.920000,127.288308,4146,267,0,124,239,2066,9,0
10.351477,2.297000,116.000,20.632000,0.920000,127.288743,4146,267,0,121,237,2062,9,0
10.366268,14.791000,116.000,20.632000,0.920000,127.287599,4143,267,0,120,236,2060,9,0
10.367916,1.648000,116.000,20.632000,0.920000,127.274827,4137,263,0,121,236,2060,9,0
10.382832,14.916000,116.000,20.632000,0.920000,127.270898,4130,263,0,121,236,2060,9,0
10.384368,1.536000,116.000,20.632000,0.920000,127.271379,4130,263,0,118,234,2056,9,0
10.399681,15.313000,116.000,20.632000,0.920000,127.281110,4148,264,0,116,233,2054,9,0
10.401277,1.596000,116.000,20.632000,0.920000,127.279897,4144,264,0,118,234,2056,9,0
10.415984,14.707000,116.000,20.632000,0.920000,127.394345,4204,269,0,133,249,2086,9,0
10.417519,1.535000,116.000,20.632000,0.920000,127.388509,4194,269,0,133,249,2086,9,0
10.432717,15.198000,116.000,20.632000,0.920000,127.388989,4194,269,0,133,249,2086,9,0
10.434406,1.689000,116.000,20.632000,0.920000,127.389470,4194,269,0,133,249,2086,9,0
10.449777,15.371000,116.000,20.632000,0.920000,127.376420,4173,269,0,133,249,2086,9,0
10.453220,3.443000,116.000,20.632000,0.920000,127.299405,4163,264,0,123,239,2066,9,0
10.465987,12.767000,116.000,20.632000,0.920000,127.289563,4146,264,0,123,239,2066,9,0
10.468639,2.652000,116.000,20.632000,0.920000,127.290044,4146,264,0,123,239,2066,9,0
10.483075,14.436000,116.000,20.632000,0.920000,127.290524,4146,264,0,123,239,2066,9,0
10.487188,4.113000,116.000,20.632000,0.920000,127.291005,4146,264,0,123,239,2066,9,0
10.499659,12.471000,116.000,20.632000,0.920000,127.291486,4146,264,0,123,239,2066,9,0
10.504105,4.446000,116.000,20.632000,0.920000,127.291966,4146,264,0,122,238,2064,9,0
10.516590,12.485000,116.000,20.632000,0.920000,127.290910,4144,264,0,122,238,2064,9,0
10.519433,2.843000,116.000,20.632000,0.920000,127.291345,4144,264,0,122,238,2064,9,0
10.532950,13.517000,116.000,20.632000,0.920000,127.291825,4144,264,0,122,238,2064,9,0
10.535805,2.855000,116.000,20.632000,0.920000,127.292260,4144,264,0,122,238,2064,9,0
10.549716,13.911000,116.000,20.632000,0.920000,127.292741,4144,264,0,122,238,2064,9,0
10.551521,1.805000,116.000,20.632000,0.920000,127.293168,4144,264,0,117,233,2054,9,0
10.566416,14.895000,116.000,20.632000,0.920000,127.289239,4142,264,0,117,233,2054,9,0
10.570066,3.650000,116.000,20.632000,0.920000,127.289720,4142,264,0,117,233,2054,9,0
10.582403,12.337000,116.000,20.632000,0.920000,127.269628,4132,259,0,117,233,2054,9,0
10.584496,2.093000,116.000,20.632000,0.920000,127.255383,4107,259,0,116,233,2054,9,0
10.599534,15.038000,116.000,20.632000,0.920000,127.255849,4107,259,0,116,233,2054,9,0
10.601113,1.579000,116.000,20.632000,0.920000,127.256330,4107,259,0,116,233,2054,9,0
10.616260,15.147000,116.000,20.632000,0.920000,127.258458,4110,259,0,116,233,2054,9,0
10.618196,1.936000,116.000,20.632000,0.920000,127.270291,4128,259,0,116,233,2054,9,0
10.632970,14.774000,116.000,20.632000,0.920000,127.255086,4102,259,0,116,233,2054,9,0
10.634790,1.820000,116.000,20.632000,0.920000,127.255521,4102,259,0,116,233,2054,9,0
10.649416,14.626000,116.000,20.632000,0.920000,127.255956,4102,259,0,116,233,2054,9,0
10.651207,1.791000,116.000,20.632000,0.920000,127.256436,4102,259,0,115,233,2054,9,0
10.666525,15.318000,116.000,20.632000,0.920000,127.256917,4102,259,0,115,233,2054,9,0
10.669807,3.282000,116.000,20.632000,0.920000,127.257398,4102,259,0,116,233,2054,9,0
10.682914,13.107000,116.000,20.632000,0.920000,127.256238,4099,259,0,116,233,2054,9,0
10.699830,16.916000,116.000,20.632000,0.920000,128.038289,4557,328,0,212,337,2262,9,0
10.702424,2.594000,116.000,20.632000,0.920000,128.033948,4548,328,0,212,337,2262,9,0
10.715941,13.517000,116.000,20.632000,0.920000,128.031896,4544,328,0,212,337,2262,9,0
10.717681,1.740000,116.000,20.632000,0.920000,128.032376,4544,328,0,212,337,2262,9,0
10.732704,15.023000,116.000,20.632000,0.920000,127.891438,4538,320,0,194,315,2218,9,0
10.734426,1.722000,116.000,20.632000,0.920000,127.854306,4473,320,0,194,315,2218,9,0
10.749307,14.881000,116.000,20.632000,0.920000,127.853147,4470,320,0,194,315,2218,9,0
10.751053,1.746000,116.000,20.632000,0.920000,127.853627,4470,320,0,194,315,2218,9,0
10.765952,14.899000,116.000,20.632000,0.920000,127.854108,4470,320,0,194,315,2218,9,0
10.767709,1.757000,116.000,20.632000,0.920000,127.854589,4470,320,0,194,315,2218,9,0
10.782677,14.968000,116.000,20.632000,0.920000,127.856736,4473,320,0,194,315,2218,9,0
10.784609,1.932000,116.000,20.632000,0.920000,127.891759,4514,321,0,194,315,2218,9,0
10.799345,14.736000,116.000,20.632000,0.920000,127.880841,4496,321,0,195,316,2220,9,0
10.801511,2.166000,116.000,20.632000,0.920000,127.881322,4496,321,0,195,316,2220,9,0
10.815952,14.441000,116.000,20.632000,0.920000,127.881803,4496,321,0,195,316,2220,9,0
10.817986,2.034000,116.000,20.632000,0.920000,127.879781,4492,321,0,195,316,2220,9,0
10.832587,14.601000,116.000,20.632000,0.920000,127.881860,4495,321,0,161,282,2152,9,0
10.835391,2.804000,116.000,20.632000,0.920000,127.877931,4493,321,0,161,282,2152,9,0
10.849410,14.019000,116.000,20.632000,0.920000,127.876771,4490,321,0,161,282,2152,9,0
10.852264,2.854000,116.000,20.632000,0.920000,127.737355,4422,287,0,161,282,2152,9,0
10.865953,13.689000,116.000,20.632000,0.920000,127.637654,4252,287,0,161,282,2152,9,0
10.869138,3.185000,116.000,20.632000,0.920000,127.638135,4252,287,0,159,280,2148,9,0
10.882851,13.713000,116.000,20.632000,0.920000,127.638616,4252,287,0,159,280,2148,9,0
10.885599,2.748000,116.000,20.632000,0.920000,127.639096,4252,287,0,159,280,2148,9,0
10.899854,14.255000,116.000,20.632000,0.920000,127.631234,4248,285,0,159,280,2148,9,0
10.903590,3.736000,116.000,20.632000,0.920000,127.625688,4238,285,0,160,280,2148,9,0
10.916566,12.976000,116.000,20.632000,0.920000,127.622621,4232,285,0,160,280,2148,9,0
10.919612,3.046000,116.000,20.632000,0.920000,127.623101,4232,285,0,158,279,2146,9,0
10.932642,13.030000,116.000,20.632000,0.920000,127.623597,4232,285,0,158,279,2146,9,0
10.934941,2.299000,116.000,20.632000,0.920000,127.624078,4232,285,0,157,277,2142,9,0
10.949747,14.806000,116.000,20.632000,0.920000,127.624558,4232,285,0,156,276,2140,9,0
10.951591,1.844000,116.000,20.632000,0.920000,127.611787,4226,281,0,156,276,2140,9,0
10.966370,14.779000,116.000,20.632000,0.920000,127.607873,4219,281,0,156,276,2140,9,0
10.968138,1.768000,116.000,20.632000,0.920000,127.608308,4219,281,0,148,268,2124,9,0
10.983055,14.917000,116.000,20.632000,0.920000,127.599206,4219,278,0,147,267,2122,9,0
10.984769,1.714000,116.000,20.632000,0.920000,127.593690,4209,278,0,146,266,2120,9,0
10.999952,15.183000,116.000,20.632000,0.920000,127.708188,4269,283,0,161,281,2150,9,0
11.003826,3.874000,116.000,20.632000,0.920000,127.702352,4259,283,0,161,281,2150,9,0
11.016187,12.361000,116.000,20.632000,0.920000,127.701192,4256,283,0,161,281,2150,9,0
11.018172,1.985000,116.000,20.632000,0.920000,127.701673,4256,283,0,161,281,2150,9,0
11.032909,14.737000,116.000,20.632000,0.920000,127.702153,4256,283,0,161,281,2150,9,0
11.035120,2.211000,116.000,20.632000,0.920000,127.625070,4246,278,0,151,271,2130,9,0
11.049384,14.264000,116.000,20.632000,0.920000,127.615216,4229,278,0,151,271,2130,9,0
11.052148,2.764000,116.000,20.632000,0.920000,127.615697,4229,278,0,151,271,2130,9,0
11.066303,14.155000,116.000,20.632000,0.920000,127.614518,4226,278,0,151,271,2130,9,0
11.070600,4.297000,116.000,20.632000,0.920000,127.614999,4226,278,0,151,271,2130,9,0
11.083091,12.491000,116.000,20.632000,0.920000,127.615399,4226,278,0,151,271,2130,9,0
11.085985,2.894000,116.000,20.632000,0.920000,127.615880,4226,278,0,151,271,2130,9,0
11.099596,13.611000,116.000,20.632000,0.920000,127.617276,4226,278,0,151,271,2130,9,1
11.102846,3.250000,116.000,20.632000,0.920000,127.617757,4226,278,0,151,271,2130,9,1
11.116919,14.073000,116.000,20.632000,0.920000,127.618882,4232,277,0,151,271,2130,9,0
11.119936,3.017000,116.000,20.632000,0.920000,127.616105,4227,277,0,152,271,2130,9,0
11.132880,12.944000,116.000,20.632000,0.920000,127.616532,4227,277,0,152,271,2130,9,0
11.136818,3.938000,116.000,20.632000,0.920000,127.612557,4225,277,0,147,266,2120,9,0
11.149824,13.006000,116.000,20.632000,0.920000,127.614686,4228,277,0,141,260,2108,9,0
11.151938,2.114000,116.000,20.632000,0.920000,127.615167,4228,277,0,141,260,2108,9,0
11.165699,13.761000,116.000,20.632000,0.920000,127.577626,4191,272,0,141,260,2108,9,0
11.167742,2.043000,116.000,20.632000,0.920000,127.568013,4172,272,0,141,260,2108,9,0
11.183064,15.322000,116.000,20.632000,0.920000,127.566575,4169,272,0,141,260,2108,9,0
11.184900,1.836000,116.000,20.632000,0.920000,127.567056,4169,272,0,141,260,2108,9,0
11.199862,14.962000,116.000,20.632000,0.920000,127.567456,4169,272,0,141,260,2108,9,0
11.203331,3.469000,116.000,20.632000,0.920000,127.567937,4169,272,0,141,260,2108,9,0
11.216456,13.125000,116.000,20.632000,0.920000,127.576070,4182,272,0,141,260,2108,9,0
11.218504,2.048000,116.000,20.632000,0.920000,127.576550,4182,272,0,141,260,2108,9,0
11.233272,14.768000,116.000,20.632000,0.920000,127.448281,4132,232,0,141,260,2108,9,0
11.235623,2.351000,116.000,20.632000,0.920000,127.416596,4082,232,0,129,240,2068,9,0
11.249910,14.287000,116.000,20.632000,0.920000,127.417077,4082,232,0,129,240,2068,9,0
11.252183,2.273000,116.000,20.632000,0.920000,127.417512,4082,232,0,129,240,2068,9,0
11.266689,14.506000,116.000,20.632000,0.920000,127.417993,4082,232,0,129,240,2068,9,0
11.287212,20.523000,119.000,19.930000,0.933000,127.909348,4444,288,0,191,306,2200,9,0
11.299275,12.063000,119.000,19.930000,0.933000,127.908189,4441,288,0,190,305,2198,9,0
11.304427,5.152000,119.000,19.930000,0.933000,127.908669,4441,288,0,190,305,2198,9,0
11.315680,11.253000,119.000,19.930000,0.933000,127.923303,4455,290,0,138,245,2078,9,0
11.318086,2.406000,119.000,19.930000,0.933000,127.491899,4379,263,0,138,245,2078,9,0
11.332320,14.234000,119.000,19.930000,0.933000,127.428109,4271,263,0,139,245,2078,9,0
11.334867,2.547000,119.000,19.930000,0.933000,127.428544,4271,263,0,139,245,2078,9,0
11.348890,14.023000,119.000,19.930000,0.933000,127.429025,4271,263,0,139,245,2078,9,0
11.351074,2.184000,119.000,19.930000,0.933000,127.429460,4271,263,0,138,244,2076,9,0
11.365565,14.491000,119.000,19.930000,0.933000,127.429940,4271,263,0,138,244,2076,9,0
11.368127,2.562000,119.000,19.930000,0.933000,127.430421,4271,263,0,138,244,2076,9,0
11.382682,14.555000,119.000,19.930000,0.933000,127.418817,4263,260,0,137,243,2074,9,0
11.385237,2.555000,119.000,19.930000,0.933000,127.415605,4257,260,0,137,243,2074,9,0
11.399260,14.023000,119.000,19.930000,0.933000,127.414445,4254,260,0,137,243,2074,9,0
11.403313,4.053000,119.000,19.930000,0.933000,127.412377,4250,260,0,137,243,2074,9,0
11.416118,12.805000,119.000,19.930000,0.933000,127.429410,4260,264,0,103,209,2006,9,0
11.417690,1.572000,119.000,19.930000,0.933000,127.426167,4258,264,0,105,211,2010,9,0
11.433121,15.431000,119.000,19.930000,0.933000,127.426599,4258,264,0,105,211,2010,9,0
11.437154,4.033000,119.000,19.930000,0.933000,127.287229,4190,230,0,105,211,2010,9,0
11.449729,12.575000,119.000,19.930000,0.933000,127.185899,4017,230,0,103,209,2006,9,0
11.452442,2.713000,119.000,19.930000,0.933000,127.186379,4017,230,0,103,209,2006,9,0
11.466597,14.155000,119.000,19.930000,0.933000,127.186860,4017,230,0,103,209,2006,9,0
11.471657,5.060000,119.000,19.930000,0.933000,127.177720,4013,228,0,103,209,2006,9,0
11.482325,10.668000,119.000,19.930000,0.933000,127.173936,4006,228,0,103,209,2006,9,0
11.484221,1.896000,119.000,19.930000,0.933000,127.174279,4006,228,0,102,209,2006,9,0
11.499537,15.316000,119.000,19.930000,0.933000,127.171239,4000,228,0,102,209,2006,9,0
11.501291,1.754000,119.000,19.930000,0.933000,127.171720,4000,228,0,101,208,2004,9,0
11.516306,15.015000,119.000,19.930000,0.933000,127.172170,4000,228,0,101,208,2004,9,0
11.517890,1.584000,119.000,19.930000,0.933000,127.172650,4000,228,0,100,206,2000,9,0
11.532853,14.963000,119.000,19.930000,0.933000,127.174764,4003,228,0,98,204,1996,9,0
11.535736,2.883000,119.000,19.930000,0.933000,127.161992,3997,224,0,96,204,1996,9,0
11.549490,13.754000,119.000,19.930000,0.933000,127.153226,3982,224,0,96,204,1996,9,0
11.551101,1.611000,119.000,19.930000,0.933000,127.153661,3982,224,0,96,202,1992,9,0
11.566418,15.317000,119.000,19.930000,0.933000,127.142674,3979,221,0,95,201,1990,9,0
11.569610,3.192000,119.000,19.930000,0.933000,127.140775,3975,221,0,92,200,1988,9,0
11.582848,13.238000,119.000,19.930000,0.933000,127.255166,4035,226,0,107,215,2018,9,0
11.584895,2.047000,119.000,19.930000,0.933000,127.249330,4025,226,0,107,215,2018,9,0
11.599364,14.469000,119.000,19.930000,0.933000,127.249810,4025,226,0,107,215,2018,9,0
11.602918,3.554000,119.000,19.930000,0.933000,127.250291,4025,226,0,107,215,2018,9,0
11.616088,13.170000,119.000,19.930000,0.933000,127.250772,4025,226,0,107,215,2018,9,0
11.619027,2.939000,119.000,19.930000,0.933000,127.173688,4015,221,0,97,205,1998,9,0
11.633099,14.072000,119.000,19.930000,0.933000,127.162221,3995,221,0,97,205,1998,9,0
11.636677,3.578000,119.000,19.930000,0.933000,127.162702,3995,221,0,97,205,1998,9,0
11.649490,12.813000,119.000,19.930000,0.933000,127.163182,3995,221,0,97,205,1998,9,0
11.652321,2.831000,119.000,19.930000,0.933000,127.163617,3995,221,0,97,205,1998,9,0
11.666692,14.371000,119.000,19.930000,0.933000,127.164098,3995,221,0,97,205,1998,9,0
11.671818,5.126000,119.000,19.930000,0.933000,127.164578,3995,221,0,97,205,1998,9,0
11.682717,10.899000,119.000,19.930000,0.933000,127.165059,3995,221,0,97,205,1998,9,0
11.686347,3.630000,119.000,19.930000,0.933000,127.165540,3995,221,0,97,205,1998,9,0
11.699900,13.553000,119.000,19.930000,0.933000,127.166020,3995,221,0,97,205,1998,9,0
11.702887,2.987000,119.000,19.930000,0.933000,127.166432,3995,221,0,97,205,1998,9,0
11.716338,13.451000,119.000,19.930000,0.933000,127.165219,3992,221,0,97,205,1998,9,0
11.719481,3.143000,119.000,19.930000,0.933000,127.161290,3990,221,0,92,200,1988,9,0
11.733273,13.792000,119.000,19.930000,0.933000,127.161771,3990,221,0,92,200,1988,9,0
11.734893,1.620000,119.000,19.930000,0.933000,127.162251,3990,221,0,92,200,1988,9,0
11.749974,15.081000,119.000,19.930000,0.933000,127.142156,3980,216,0,92,200,1988,9,0
11.751576,1.602000,119.000,19.930000,0.933000,127.127912,3955,216,0,94,200,1988,9,0
11.766511,14.935000,119.000,19.930000,0.933000,127.126752,3952,216,0,94,200,1988,9,0
11.768581,2.070000,119.000,19.930000,0.933000,127.127233,3952,216,0,93,200,1988,9,0
11.783148,14.567000,119.000,19.930000,0.933000,127.127728,3952,216,0,93,200,1988,9,0
11.784855,1.707000,119.000,19.930000,0.933000,127.128209,3952,216,0,94,200,1988,9,0
11.799993,15.138000,119.000,19.930000,0.933000,127.134694,3962,216,0,94,200,1988,9,0
11.801976,1.983000,119.000,19.930000,0.933000,127.135175,3962,216,0,94,200,1988,9,0
11.816591,14.615000,119.000,19.930000,0.933000,127.135655,3962,216,0,94,200,1988,9,0
11.818540,1.949000,119.000,19.930000,0.933000,127.136136,3962,216,0,94,200,1988,9,0
11.832465,13.925000,119.000,19.930000,0.933000,127.136571,3962,216,0,94,200,1988,9,0
11.834895,2.430000,119.000,19.930000,0.933000,127.137052,3962,216,0,94,200,1988,9,0
11.849876,14.981000,119.000,19.930000,0.933000,127.139176,3965,216,0,94,200,1988,9,0
11.869975,20.099000,119.000,19.930000,0.933000,127.937810,4432,289,0,190,304,2196,9,0
11.882353,12.378000,119.000,19.930000,0.933000,127.938291,4432,289,0,190,304,2196,9,0
11.885979,3.626000,119.000,19.930000,0.933000,127.938771,4432,289,0,190,304,2196,9,0
11.898932,12.953000,119.000,19.930000,0.933000,127.953374,4446,291,0,172,282,2152,9,0
11.901353,2.421000,119.000,19.930000,0.933000,127.784474,4401,281,0,172,282,2152,9,0
11.915562,14.209000,119.000,19.930000,0.933000,127.761151,4361,281,0,172,282,2152,9,0
11.918028,2.466000,119.000,19.930000,0.933000,127.763284,4364,281,0,172,282,2152,9,0
11.932245,14.217000,119.000,19.930000,0.933000,127.763764,4364,281,0,172,282,2152,9,0
11.934451,2.206000,119.000,19.930000,0.933000,127.764245,4364,281,0,172,282,2152,9,0
11.948806,14.355000,119.000,19.930000,0.933000,127.764726,4364,281,0,172,282,2152,9,0
11.951136,2.330000,119.000,19.930000,0.933000,127.765206,4364,281,0,172,282,2152,9,0
11.965950,14.814000,119.000,19.930000,0.933000,127.765687,4364,281,0,172,282,2152,9,0
11.967652,1.702000,119.000,19.930000,0.933000,127.766122,4364,281,0,172,282,2152,9,0
11.982605,14.953000,119.000,19.930000,0.933000,127.766603,4364,281,0,172,282,2152,9,0
11.984497,1.892000,119.000,19.930000,0.933000,127.764581,4360,281,0,172,282,2152,9,0
11.999299,14.802000,119.000,19.930000,0.933000,127.765061,4360,281,0,138,248,2084,9,0
12.001185,1.886000,119.000,19.930000,0.933000,127.765489,4360,281,0,138,248,2084,9,0
12.016158,14.973000,119.000,19.930000,0.933000,127.763211,4361,281,0,138,248,2084,9,0
12.018912,2.754000,119.000,19.930000,0.933000,127.623841,4293,247,0,138,248,2084,9,0
12.033149,14.237000,119.000,19.930000,0.933000,127.524152,4123,247,0,136,246,2080,9,0
12.037318,4.169000,119.000,19.930000,0.933000,127.524632,4123,247,0,136,246,2080,9,0
12.049751,12.433000,119.000,19.930000,0.933000,127.525113,4123,247,0,136,246,2080,9,0
12.053778,4.027000,119.000,19.930000,0.933000,127.517331,4119,245,0,136,246,2080,9,0
12.066436,12.658000,119.000,19.930000,0.933000,127.511918,4109,245,0,136,246,2080,9,0
12.069534,3.098000,119.000,19.930000,0.933000,127.512261,4109,245,0,135,246,2080,9,0
12.083194,13.660000,119.000,19.930000,0.933000,127.507600,4100,245,0,135,246,2080,9,0
12.086086,2.892000,119.000,19.930000,0.933000,127.506440,4097,245,0,135,245,2078,9,0
12.098939,12.853000,119.000,19.930000,0.933000,127.506921,4097,245,0,135,245,2078,9,0
12.100904,1.965000,119.000,19.930000,0.933000,127.507401,4097,245,0,132,243,2074,9,0
12.116558,15.654000,119.000,19.930000,0.933000,127.507882,4097,245,0,131,242,2072,9,0
12.118209,1.651000,119.000,19.930000,0.933000,127.495111,4091,241,0,132,242,2072,9,0
12.133013,14.804000,119.000,19.930000,0.933000,127.492856,4087,241,0,132,242,2072,9,0
12.134751,1.738000,119.000,19.930000,0.933000,127.493337,4087,241,0,128,240,2068,9,0
12.149939,15.188000,119.000,19.930000,0.933000,127.480676,4081,238,0,127,239,2066,9,0
12.153638,3.699000,119.000,19.930000,0.933000,127.478776,4077,238,0,127,238,2064,9,0
12.165615,11.977000,119.000,19.930000,0.933000,127.593282,4137,243,0,142,253,2094,9,0
12.170165,4.550000,119.000,19.930000,0.933000,127.587445,4127,243,0,142,253,2094,9,0
12.182595,12.430000,119.000,19.930000,0.933000,127.589593,4130,243,0,142,253,2094,9,0
12.185425,2.830000,119.000,19.930000,0.933000,127.590074,4130,243,0,142,253,2094,9,0
12.199332,13.907000,119.000,19.930000,0.933000,127.591470,4130,243,0,142,253,2094,9,1
12.201040,1.708000,119.000,19.930000,0.933000,127.514455,4120,238,0,132,243,2074,9,1
12.216365,15.325000,119.000,19.930000,0.933000,127.502164,4106,237,0,132,243,2074,9,0
12.219789,3.424000,119.000,19.930000,0.933000,127.499387,4101,237,0,132,243,2074,9,0
12.233316,13.527000,119.000,19.930000,0.933000,127.685365,4224,285,0,132,243,2074,9,0
12.236426,3.110000,119.000,19.930000,0.933000,127.608800,4187,260,0,144,266,2120,9,0
12.249159,12.733000,119.000,19.930000,0.933000,127.586244,4144,260,0,144,266,2120,9,0
12.252142,2.983000,119.000,19.930000,0.933000,127.586724,4144,260,0,144,266,2120,9,0
12.265959,13.817000,119.000,19.930000,0.933000,127.587205,4144,260,0,144,266,2120,9,0
12.269576,3.617000,116.000,19.347000,0.919000,127.587686,4144,260,0,144,266,2120,9,0
12.282609,13.033000,116.000,19.347000,0.919000,127.588166,4144,260,0,144,266,2120,9,0
12.285091,2.482000,116.000,19.347000,0.919000,127.588647,4144,260,0,144,266,2120,9,0
12.299829,14.738000,116.000,19.347000,0.919000,127.589128,4144,260,0,144,266,2120,9,0
12.302766,2.937000,116.000,19.347000,0.919000,127.585145,4142,260,0,139,261,2110,9,0
12.316028,13.262000,116.000,19.347000,0.919000,127.585626,4142,260,0,139,261,2110,9,0
12.318461,2.433000,116.000,19.347000,0.919000,127.586106,4142,260,0,139,261,2110,9,0
12.332731,14.270000,116.000,19.347000,0.919000,127.565999,4132,255,0,139,261,2110,9,0
12.335513,2.782000,116.000,19.347000,0.919000,127.551755,4107,255,0,139,261,2110,9,0
12.349274,13.761000,116.000,19.347000,0.919000,127.552251,4107,255,0,139,261,2110,9,0
12.351591,2.317000,116.000,19.347000,0.919000,127.552732,4107,255,0,139,261,2110,9,0
12.366589,14.998000,116.000,19.347000,0.919000,127.551557,4104,255,0,139,261,2110,9,0
12.369765,3.176000,116.000,19.347000,0.919000,127.552037,4104,255,0,140,261,2110,9,0
12.383170,13.405000,116.000,19.347000,0.919000,127.558537,4114,255,0,139,260,2108,9,0
12.386365,3.195000,116.000,19.347000,0.919000,127.558972,4114,255,0,138,260,2108,9,0
12.399473,13.108000,116.000,19.347000,0.919000,127.559453,4114,255,0,138,260,2108,9,0
12.401219,1.746000,116.000,19.347000,0.919000,127.559934,4114,255,0,139,260,2108,9,0
12.416205,14.986000,116.000,19.347000,0.919000,127.558759,4111,255,0,139,260,2108,9,0
12.417896,1.691000,116.000,19.347000,0.919000,127.559239,4111,255,0,138,260,2108,9,0
12.433205,15.309000,116.000,19.347000,0.919000,127.559720,4111,255,0,138,260,2108,9,0
12.448608,15.403000,116.000,19.347000,0.919000,128.051000,4473,311,0,200,326,2240,9,0
12.452660,4.052000,116.000,19.347000,0.919000,128.051480,4473,311,0,200,326,2240,9,0
12.466294,13.634000,116.000,19.347000,0.919000,128.050275,4470,311,0,200,326,2240,9,0
12.469705,3.411000,116.000,19.347000,0.919000,128.050756,4470,311,0,200,326,2240,9,0
12.482599,12.894000,116.000,19.347000,0.919000,127.635194,4425,283,0,147,265,2118,9,0
12.485255,2.656000,116.000,19.347000,0.919000,127.553903,4286,283,0,147,265,2118,9,0
12.499224,13.969000,116.000,19.347000,0.919000,127.554383,4286,283,0,147,265,2118,9,0
12.501726,2.502000,116.000,19.347000,0.919000,127.554864,4286,283,0,147,265,2118,9,0
12.515777,14.051000,116.000,19.347000,0.919000,127.570615,4296,287,0,147,265,2118,9,0
12.518500,2.723000,116.000,19.347000,0.919000,127.571782,4296,287,0,149,267,2122,9,0
12.532392,13.892000,116.000,19.347000,0.919000,127.572179,4296,287,0,149,267,2122,9,0
12.535287,2.895000,116.000,19.347000,0.919000,127.572659,4296,287,0,149,267,2122,9,0
12.549213,13.926000,116.000,19.347000,0.919000,127.574815,4299,287,0,149,267,2122,9,0
12.552265,3.052000,116.000,19.347000,0.919000,127.575295,4299,287,0,149,267,2122,9,0
12.566211,13.946000,116.000,19.347000,0.919000,127.577424,4302,287,0,149,267,2122,9,0
12.568807,2.596000,116.000,19.347000,0.919000,127.575402,4298,287,0,150,267,2122,9,0
12.582600,13.793000,116.000,19.347000,0.919000,127.575883,4298,287,0,116,233,2054,9,0
12.586585,3.985000,116.000,19.347000,0.919000,127.576295,4298,287,0,116,233,2054,9,0
12.599322,12.737000,116.000,19.347000,0.919000,127.576722,4298,287,0,116,233,2054,9,0
12.601952,2.630000,116.000,19.347000,0.919000,127.432942,4228,253,0,116,233,2054,9,0
12.616463,14.511000,116.000,19.347000,0.919000,127.334905,4061,253,0,116,233,2054,9,0
12.620342,3.879000,116.000,19.347000,0.919000,127.320947,4055,249,0,114,231,2050,9,0
12.632884,12.542000,116.000,19.347000,0.919000,127.318223,4049,249,0,114,231,2050,9,0
12.635883,2.999000,116.000,19.347000,0.919000,127.318704,4049,249,0,114,231,2050,9,0
12.649504,13.621000,116.000,19.347000,0.919000,127.309545,4045,247,0,114,231,2050,9,0
12.652551,3.047000,116.000,19.347000,0.919000,127.304051,4035,247,0,114,231,2050,9,0
12.665902,13.351000,116.000,19.347000,0.919000,127.301030,4029,247,0,114,231,2050,9,0
12.668784,2.882000,116.000,19.347000,0.919000,127.301511,4029,247,0,113,230,2048,9,0
12.682585,13.801000,116.000,19.347000,0.919000,127.301991,4029,247,0,113,230,2048,9,0
12.685282,2.697000,116.000,19.347000,0.919000,127.302472,4029,247,0,111,228,2044,9,0
12.699202,13.920000,116.000,19.347000,0.919000,127.302953,4029,247,0,110,227,2042,9,0
12.702150,2.948000,116.000,19.347000,0.919000,127.290181,4023,243,0,110,227,2042,9,0
12.715849,13.699000,116.000,19.347000,0.919000,127.287869,4019,243,0,110,227,2042,9,0
12.719198,3.349000,116.000,19.347000,0.919000,127.288350,4019,243,0,108,225,2038,9,0
12.732484,13.286000,116.000,19.347000,0.919000,127.277341,4016,240,0,106,224,2036,9,0
12.736056,3.572000,116.000,19.347000,0.919000,127.275441,4012,240,0,105,223,2034,9,0
12.749195,13.139000,116.000,19.347000,0.919000,127.390382,4072,245,0,119,238,2064,9,0
12.751807,2.612000,116.000,19.347000,0.919000,127.384545,4062,245,0,119,238,2064,9,0
12.765572,13.765000,116.000,19.347000,0.919000,127.385026,4062,245,0,119,238,2064,9,0
12.768239,2.667000,116.000,19.347000,0.919000,127.385507,4062,245,0,119,238,2064,9,0
12.782961,14.722000,116.000,19.347000,0.919000,127.384347,4059,245,0,119,238,2064,9,0
12.786136,3.175000,116.000,19.347000,0.919000,127.307263,4049,240,0,109,228,2044,9,0
12.799175,13.039000,116.000,19.347000,0.919000,127.294156,4026,240,0,109,228,2044,9,0
12.800501,1.326000,116.000,19.347000,0.919000,127.294637,4026,240,0,109,228,2044,9,0
12.815877,15.376000,116.000,19.347000,0.919000,127.295117,4026,240,0,109,228,2044,9,0
12.817271,1.394000,116.000,19.347000,0.919000,127.295598,4026,240,0,109,228,2044,9,0
12.832558,15.287000,116.000,19.347000,0.919000,127.296079,4026,240,0,109,228,2044,9,0
12.834074,1.516000,116.000,19.347000,0.919000,127.296559,4026,240,0,109,228,2044,9,0
12.849478,15.404000,116.000,19.347000,0.919000,127.295400,4023,240,0,109,228,2044,9,0
12.852657,3.179000,116.000,19.347000,0.919000,127.295880,4023,240,0,109,228,2044,9,0
12.866296,13.639000,116.000,19.347000,0.919000,127.296361,4023,240,0,109,228,2044,9,0
12.870014,3.718000,116.000,19.347000,0.919000,127.296842,4023,240,0,109,228,2044,9,0
12.882648,12.634000,116.000,19.347000,0.919000,127.298989,4026,240,0,109,228,2044,9,0
12.884251,1.603000,116.000,19.347000,0.919000,127.299470,4026,240,0,105,223,2034,9,0
12.899228,14.977000,116.000,19.347000,0.919000,127.299897,4026,240,0,105,223,2034,9,0
12.901123,1.895000,116.000,19.347000,0.919000,127.295968,4024,240,0,105,223,2034,9,0
12.915658,14.535000,116.000,19.347000,0.919000,127.275472,4014,235,0,105,223,2034,9,0
12.918440,2.782000,116.000,19.347000,0.919000,127.261228,3989,235,0,105,223,2034,9,0
12.932627,14.187000,116.000,19.347000,0.919000,127.263310,3992,235,0,105,223,2034,9,0
12.935000,2.373000,116.000,19.347000,0.919000,127.263791,3992,235,0,104,223,2034,9,0
12.949324,14.324000,116.000,19.347000,0.919000,127.262544,3989,235,0,104,223,2034,9,0
12.951599,2.275000,116.000,19.347000,0.919000,127.263024,3989,235,0,103,223,2034,9,0
12.966173,14.574000,116.000,19.347000,0.919000,127.269494,3999,235,0,103,223,2034,9,0
12.968833,2.660000,116.000,19.347000,0.919000,127.269975,3999,235,0,105,223,2034,9,0
12.982567,13.734000,116.000,19.347000,0.919000,127.270455,3999,235,0,105,223,2034,9,0
12.985725,3.158000,116.000,19.347000,0.919000,127.270936,3999,235,0,104,223,2034,9,0
12.999309,13.584000,116.000,19.347000,0.919000,127.271417,3999,235,0,104,223,2034,9,0
13.002648,3.339000,116.000,19.347000,0.919000,127.271897,3999,235,0,105,223,2034,9,0
13.016620,13.972000,116.000,19.347000,0.919000,127.273583,3999,235,0,105,223,2034,9,2
13.032772,16.152000,116.000,19.347000,0.919000,128.071034,4463,308,0,200,329,2246,9,2
13.036554,3.782000,116.000,19.347000,0.919000,128.071515,4463,308,0,200,329,2246,9,2
13.049354,12.800000,116.000,19.347000,0.919000,128.074208,4475,306,0,200,329,2246,9,0
13.051661,2.307000,116.000,19.347000,0.919000,128.068219,4465,306,0,202,329,2246,9,0
13.065900,14.239000,116.000,19.347000,0.919000,127.927350,4459,298,0,184,307,2202,9,0
13.068863,2.963000,116.000,19.347000,0.919000,127.890149,4394,298,0,184,307,2202,9,0
13.082574,13.711000,116.000,19.347000,0.919000,127.890630,4394,298,0,184,307,2202,9,0
13.085594,3.020000,116.000,19.347000,0.919000,127.891110,4394,298,0,184,307,2202,9,0
13.098729,13.135000,116.000,19.347000,0.919000,127.892140,4394,298,0,184,307,2202,9,0
13.103421,4.692000,116.000,19.347000,0.919000,127.892621,4394,298,0,184,307,2202,9,0
13.115889,12.468000,116.000,19.347000,0.919000,127.891461,4391,298,0,184,307,2202,9,0
13.118515,2.626000,116.000,19.347000,0.919000,127.891942,4391,298,0,184,307,2202,9,0
13.132567,14.052000,116.000,19.347000,0.919000,127.892423,4391,298,0,184,307,2202,9,0
13.136023,3.456000,116.000,19.347000,0.919000,127.892903,4391,298,0,184,307,2202,9,0
13.149217,13.194000,116.000,19.347000,0.919000,127.893384,4391,298,0,184,307,2202,9,0
13.151075,1.858000,116.000,19.347000,0.919000,127.891362,4387,298,0,184,307,2202,9,0
13.165970,14.895000,116.000,19.347000,0.919000,127.890149,4384,298,0,150,273,2134,9,0
13.167588,1.618000,116.000,19.347000,0.919000,127.886174,4382,298,0,150,273,2134,9,0
13.182624,15.036000,116.000,19.347000,0.919000,127.886655,4382,298,0,150,273,2134,9,0
13.185069,2.445000,116.000,19.347000,0.919000,127.747285,4314,264,0,150,273,2134,9,0
13.199285,14.216000,116.000,19.347000,0.919000,127.647595,4144,264,0,150,273,2134,9,0
13.201053,1.768000,116.000,19.347000,0.919000,127.648076,4144,264,0,146,269,2126,9,0
13.216030,14.977000,116.000,19.347000,0.919000,127.650216,4147,264,0,146,269,2126,9,0
13.217930,1.900000,116.000,19.347000,0.919000,127.650651,4147,264,0,146,269,2126,9,0
13.232690,14.760000,116.000,19.347000,0.919000,127.642766,4143,262,0,146,269,2126,9,0
13.234291,1.601000,116.000,19.347000,0.919000,127.637174,4133,262,0,147,269,2126,9,0
13.249272,14.981000,116.000,19.347000,0.919000,127.635800,4130,262,0,147,269,2126,9,0
13.251261,1.989000,116.000,19.347000,0.919000,127.636281,4130,262,0,146,268,2124,9,0
13.266047,14.786000,116.000,19.347000,0.919000,127.638413,4133,262,0,146,268,2124,9,0
13.268410,2.363000,118.000,15.605000,0.732000,127.638894,4133,262,0,144,266,2120,9,0
13.282746,14.336000,118.000,15.605000,0.732000,127.639310,4133,262,0,143,265,2118,9,0
13.285240,2.494000,118.000,15.605000,0.732000,127.626538,4127,258,0,143,265,2118,9,0
13.299549,14.309000,118.000,15.605000,0.732000,127.623494,4120,258,0,143,265,2118,9,1
13.301789,2.240000,118.000,15.605000,0.732000,127.601319,4110,252,0,139,261,2110,9,1
13.316080,14.291000,118.000,15.605000,0.732000,127.585999,4104,248,0,138,260,2108,9,0
13.318908,2.828000,118.000,15.605000,0.732000,127.580796,4095,248,0,138,259,2106,9,0
13.332893,13.985000,118.000,15.605000,0.732000,127.695218,4155,253,0,153,274,2136,9,0
13.336283,3.390000,118.000,15.605000,0.732000,127.689382,4145,253,0,153,274,2136,9,0
13.349155,12.872000,118.000,15.605000,0.732000,127.689862,4145,253,0,153,274,2136,9,0
13.352177,3.022000,118.000,15.605000,0.732000,127.690343,4145,253,0,153,274,2136,9,0
13.366434,14.257000,118.000,15.605000,0.732000,127.690824,4145,253,0,153,274,2136,9,0
13.370938,4.504000,118.000,15.605000,0.732000,127.613740,4135,248,0,143,264,2116,9,0
13.383187,12.249000,118.000,15.605000,0.732000,127.602273,4115,248,0,143,264,2116,9,0
13.386355,3.168000,118.000,15.605000,0.732000,127.602754,4115,248,0,143,264,2116,9,0
13.399654,13.299000,118.000,15.605000,0.732000,127.603234,4115,248,0,143,264,2116,9,0
13.402342,2.688000,118.000,15.605000,0.732000,127.603715,4115,248,0,143,264,2116,9,0
13.416409,14.067000,118.000,15.605000,0.732000,127.605847,4118,248,0,143,264,2116,9,0
13.419306,2.897000,118.000,15.605000,0.732000,127.606328,4118,248,0,143,264,2116,9,0
13.432735,13.429000,118.000,15.605000,0.732000,127.606809,4118,248,0,143,264,2116,9,0
13.435611,2.876000,118.000,15.605000,0.732000,127.607289,4118,248,0,143,264,2116,9,0
13.449364,13.753000,118.000,15.605000,0.732000,127.606130,4115,248,0,143,264,2116,9,0
13.453315,3.951000,118.000,15.605000,0.732000,127.606610,4115,248,0,143,264,2116,9,0
13.466418,13.103000,118.000,15.605000,0.732000,127.607038,4115,248,0,143,264,2116,9,0
13.469256,2.838000,118.000,15.605000,0.732000,127.603108,4113,248,0,138,259,2106,9,0
13.482964,13.708000,118.000,15.605000,0.732000,127.601949,4110,248,0,137,258,2104,9,0
13.484927,1.963000,118.000,15.605000,0.732000,127.602429,4110,248,0,137,258,2104,9,0
13.499474,14.547000,118.000,15.605000,0.732000,127.580705,4097,243,0,137,258,2104,9,0
13.501384,1.910000,118.000,15.605000,0.732000,127.551084,4070,242,0,135,256,2100,9,0
13.515931,14.547000,118.000,15.605000,0.732000,127.549138,4066,242,0,135,256,2100,9,0
13.519013,3.082000,118.000,15.605000,0.732000,127.549619,4066,242,0,135,256,2100,9,0
13.532628,13.615000,118.000,15.605000,0.732000,127.550099,4066,242,0,135,256,2100,9,0
13.534077,1.449000,118.000,15.605000,0.732000,127.550580,4066,242,0,134,256,2100,9,0
13.549273,15.196000,118.000,15.605000,0.732000,127.555455,4073,242,0,134,256,2100,9,0
13.550770,1.497000,118.000,15.605000,0.732000,127.555936,4073,242,0,134,256,2100,9,0
13.565995,15.225000,118.000,15.605000,0.732000,127.556355,4073,242,0,134,256,2100,9,0
13.567693,1.698000,118.000,15.605000,0.732000,127.556836,4073,242,0,134,255,2098,9,0
13.582768,15.075000,118.000,15.605000,0.732000,127.547654,4071,239,0,134,255,2098,9,0
13.584296,1.528000,118.000,15.605000,0.732000,127.550538,4065,239,0,132,255,2098,9,0
13.599415,15.119000,118.000,15.605000,0.732000,127.788739,4065,239,0,132,255,2098,9,0
13.614725,15.310000,118.000,15.605000,0.732000,128.313943,4443,300,0,197,323,2234,9,0
13.620803,6.078000,118.000,15.605000,0.732000,128.315110,4443,300,0,199,325,2238,9,0
13.632534,11.731000,118.000,15.605000,0.732000,128.317239,4446,300,0,199,325,2238,9,0
13.635017,2.483000,118.000,15.605000,0.732000,128.317719,4446,300,0,199,325,2238,9,0
13.649224,14.207000,118.000,15.605000,0.732000,127.926801,4405,276,0,149,265,2118,9,0
13.651674,2.450000,118.000,15.605000,0.732000,127.851583,4276,276,0,149,265,2118,9,0
13.665578,13.904000,118.000,15.605000,0.732000,127.852063,4276,276,0,149,265,2118,9,0
13.668421,2.843000,118.000,15.605000,0.732000,127.852544,4276,276,0,149,265,2118,9,0
13.682465,14.044000,118.000,15.605000,0.732000,127.853024,4276,276,0,149,265,2118,9,0
13.685290,2.825000,118.000,15.605000,0.732000,127.853505,4276,276,0,149,265,2118,9,0
13.698894,13.604000,118.000,15.605000,0.732000,127.853940,4276,276,0,149,265,2118,9,0
13.701860,2.966000,118.000,15.605000,0.732000,127.854421,4276,276,0,149,265,2118,9,0
13.715958,14.098000,118.000,15.605000,0.732000,127.854856,4276,276,0,149,265,2118,9,0
13.718901,2.943000,118.000,15.605000,0.732000,127.855336,4276,276,0,149,265,2118,9,0
13.732942,14.041000,118.000,15.605000,0.732000,127.855817,4276,276,0,149,265,2118,9,0
13.735843,2.901000,118.000,15.605000,0.732000,127.853795,4272,276,0,149,265,2118,9,0
13.748927,13.084000,118.000,15.605000,0.732000,127.854276,4272,276,0,115,231,2050,9,0
13.751640,2.713000,118.000,15.605000,0.732000,127.854703,4272,276,0,115,231,2050,9,0
13.766152,14.512000,118.000,15.605000,0.732000,127.850728,4270,276,0,115,231,2050,9,0
13.769167,3.015000,118.000,15.605000,0.732000,127.711358,4202,242,0,115,231,2050,9,0
13.782370,13.203000,118.000,15.605000,0.732000,127.611657,4032,242,0,115,231,2050,9,0
13.785151,2.781000,118.000,15.605000,0.732000,127.612092,4032,242,0,113,229,2046,9,0
13.799382,14.231000,118.000,15.605000,0.732000,127.612573,4032,242,0,113,229,2046,9,0
13.802048,2.666000,118.000,15.605000,0.732000,127.613053,4032,242,0,113,229,2046,9,0
13.815956,13.908000,118.000,15.605000,0.732000,127.602315,4025,240,0,113,229,2046,9,0
13.817932,1.976000,118.000,15.605000,0.732000,127.596768,4015,240,0,113,229,2046,9,0
13.832965,15.033000,118.000,15.605000,0.732000,127.593747,4009,240,0,113,229,2046,9,0
13.835062,2.097000,118.000,15.605000,0.732000,127.594228,4009,240,0,112,228,2044,9,0
13.849609,14.547000,118.000,15.605000,0.732000,127.594708,4009,240,0,112,228,2044,9,0
13.851192,1.583000,118.000,15.605000,0.732000,127.595189,4009,240,0,111,226,2040,9,0
13.866203,15.011000,118.000,15.605000,0.732000,127.594014,4006,240,0,110,225,2038,9,0
13.867830,1.627000,118.000,15.605000,0.732000,127.581243,4000,236,0,109,225,2038,9,0
13.883119,15.289000,118.000,15.605000,0.732000,127.577283,3993,236,0,109,225,2038,9,0
13.886276,3.157000,118.000,15.605000,0.732000,127.577764,3993,236,0,108,223,2034,9,0
13.899539,13.263000,118.000,15.605000,0.732000,127.566762,3990,233,0,106,222,2032,9,0
13.901367,1.828000,118.000,15.605000,0.732000,127.564862,3986,233,0,104,221,2030,9,0
13.916151,14.784000,118.000,15.605000,0.732000,127.679811,4046,238,0,119,236,2060,9,0
13.918283,2.132000,118.000,15.605000,0.732000,127.673974,4036,238,0,119,236,2060,9,0
13.932825,14.542000,118.000,15.605000,0.732000,127.674455,4036,238,0,119,236,2060,9,0
13.935417,2.592000,118.000,15.605000,0.732000,127.674935,4036,238,0,119,236,2060,9,0
13.949776,14.359000,118.000,15.605000,0.732000,127.677087,4039,238,0,119,236,2060,9,0
13.954048,4.272000,118.000,15.605000,0.732000,127.600072,4029,233,0,109,226,2040,9,0
13.965862,11.814000,118.000,15.605000,0.732000,127.590253,4012,233,0,109,226,2040,9,0
13.968855,2.993000,118.000,15.605000,0.732000,127.590734,4012,233,0,110,226,2040,9,0
13.982925,14.070000,118.000,15.605000,0.732000,127.591214,4012,233,0,110,226,2040,9,0
13.985594,2.669000,118.000,15.605000,0.732000,127.591695,4012,233,0,110,226,2040,9,0
13.999738,14.144000,118.000,15.605000,0.732000,127.592175,4012,233,0,110,226,2040,9,0
14.004588,4.850000,118.000,15.605000,0.732000,127.592656,4012,233,0,110,226,2040,9,0
14.016284,11.696000,118.000,15.605000,0.732000,127.594789,4015,233,0,110,226,2040,9,0
14.018001,1.717000,118.000,15.605000,0.732000,127.595269,4015,233,0,110,226,2040,9,0
14.033210,15.209000,118.000,15.605000,0.732000,127.595750,4015,233,0,110,226,2040,9,0
14.036713,3.503000,118.000,15.605000,0.732000,127.596185,4015,233,0,110,226,2040,9,0
14.049596,12.883000,118.000,15.605000,0.732000,127.596612,4015,233,0,110,226,2040,9,0
14.051198,1.602000,118.000,15.605000,0.732000,127.592683,4013,233,0,105,221,2030,9,0
14.066219,15.021000,118.000,15.605000,0.732000,127.593163,4013,233,0,105,221,2030,9,0
14.067924,1.705000,118.000,15.605000,0.732000,127.593644,4013,233,0,105,221,2030,9,0
14.082444,14.520000,118.000,15.605000,0.732000,127.573087,4003,228,0,105,221,2030,9,0
14.084815,2.371000,118.000,15.605000,0.732000,127.558843,3978,228,0,105,221,2030,9,0
14.099660,14.845000,118.000,15.605000,0.732000,127.559323,3978,228,0,105,221,2030,9,0
14.101883,2.223000,118.000,15.605000,0.732000,127.559758,3978,228,0,105,221,2030,9,0
14.115898,14.015000,118.000,15.605000,0.732000,127.561872,3981,228,0,105,221,2030,9,0
14.118361,2.463000,118.000,15.605000,0.732000,127.562352,3981,228,0,105,221,2030,9,0
14.132993,14.632000,118.000,15.605000,0.732000,127.568830,3991,228,0,105,221,2030,9,0
14.135490,2.497000,118.000,15.605000,0.732000,127.569310,3991,228,0,105,221,2030,9,0
14.149755,14.265000,118.000,15.605000,0.732000,127.569745,3991,228,0,105,221,2030,9,0
14.152513,2.758000,118.000,15.605000,0.732000,127.570226,3991,228,0,105,221,2030,9,0
14.166786,14.273000,118.000,15.605000,0.732000,127.570706,3991,228,0,105,221,2030,9,0
14.171888,5.102000,118.000,15.605000,0.732000,127.571187,3991,228,0,105,221,2030,9,0
14.183124,11.236000,118.000,15.605000,0.732000,127.570027,3988,228,0,105,221,2030,9,0
14.202368,19.244000,118.000,15.605000,0.732000,128.348767,4446,300,0,198,323,2234,9,0
14.215663,13.295000,118.000,15.605000,0.732000,128.347608,4443,300,0,198,323,2234,9,0
14.217941,2.278000,118.000,15.605000,0.732000,128.348088,4443,300,0,198,323,2234,9,0
14.232626,14.685000,118.000,15.605000,0.732000,128.363294,4457,302,0,178,299,2186,9,0
14.237126,4.500000,118.000,15.605000,0.732000,128.178872,4410,291,0,178,299,2186,9,0
14.249274,12.148000,118.000,15.605000,0.732000,128.153169,4366,291,0,178,299,2186,9,0
14.254088,4.814000,118.000,15.605000,0.732000,128.152009,4363,291,0,178,299,2186,9,0
14.265121,11.033000,118.000,15.605000,0.732000,128.152490,4363,291,0,178,299,2186,9,0
14.267788,2.667000,117.000,18.762000,0.772000,128.152970,4363,291,0,178,299,2186,9,0
14.282074,14.286000,117.000,18.762000,0.772000,128.153451,4363,291,0,178,299,2186,9,0
14.284782,2.708000,117.000,18.762000,0.772000,128.155599,4366,291,0,178,299,2186,9,0
14.299245,14.463000,117.000,18.762000,0.772000,128.157739,4369,291,0,179,299,2186,9,0
14.302208,2.963000,117.000,18.762000,0.772000,128.158219,4369,291,0,179,299,2186,9,0
14.315958,13.750000,117.000,18.762000,0.772000,128.158681,4369,291,0,179,299,2186,9,0
14.318921,2.963000,117.000,18.762000,0.772000,128.156659,4365,291,0,179,299,2186,9,0
14.332255,13.334000,117.000,18.762000,0.772000,128.158792,4368,291,0,145,265,2118,9,0
14.334179,1.924000,117.000,18.762000,0.772000,128.159272,4368,291,0,145,265,2118,9,0
14.349516,15.337000,117.000,18.762000,0.772000,128.158059,4365,291,0,145,265,2118,9,0
14.351591,2.075000,117.000,18.762000,0.772000,128.014279,4295,257,0,145,265,2118,9,0
14.366097,14.506000,117.000,18.762000,0.772000,127.914578,4125,257,0,143,263,2114,9,0
14.367959,1.862000,117.000,18.762000,0.772000,127.915059,4125,257,0,143,263,2114,9,0
14.382682,14.723000,117.000,18.762000,0.772000,127.915540,4125,257,0,143,263,2114,9,0
14.384757,2.075000,117.000,18.762000,0.772000,127.906465,4121,255,0,143,263,2114,9,0
14.399589,14.832000,117.000,18.762000,0.772000,127.901948,4111,255,0,143,263,2114,9,1
14.402112,2.523000,117.000,18.762000,0.772000,127.902291,4111,255,0,143,263,2114,9,1
14.416602,14.490000,117.000,18.762000,0.772000,127.900735,4111,254,0,143,263,2114,9,0
14.419714,3.112000,117.000,18.762000,0.772000,127.897958,4106,254,0,143,262,2112,9,0
14.433163,13.449000,117.000,18.762000,0.772000,127.898454,4106,254,0,143,262,2112,9,0
14.437035,3.872000,117.000,18.762000,0.772000,127.898934,4106,254,0,139,260,2108,9,0
14.449306,12.271000,117.000,18.762000,0.772000,127.899415,4106,254,0,138,259,2106,9,0
14.451659,2.353000,117.000,18.762000,0.772000,127.886643,4100,250,0,139,259,2106,9,0
14.466045,14.386000,117.000,18.762000,0.772000,127.882714,4093,250,0,139,259,2106,9,0
14.468539,2.494000,117.000,18.762000,0.772000,127.883195,4093,250,0,138,257,2102,9,0
14.482859,14.320000,117.000,18.762000,0.772000,127.872193,4090,247,0,137,256,2100,9,0
14.485352,2.493000,117.000,18.762000,0.772000,127.870294,4086,247,0,135,255,2098,9,0
14.499838,14.486000,117.000,18.762000,0.772000,127.984796,4146,252,0,150,270,2128,9,0
14.504222,4.384000,117.000,18.762000,0.772000,127.978959,4136,252,0,150,270,2128,9,0
14.515541,11.319000,117.000,18.762000,0.772000,127.977799,4133,252,0,150,270,2128,9,0
14.517713,2.172000,117.000,18.762000,0.772000,127.978280,4133,252,0,150,270,2128,9,0
14.533007,15.294000,117.000,18.762000,0.772000,127.977120,4130,252,0,150,270,2128,9,0
14.534827,1.820000,117.000,18.762000,0.772000,127.900037,4120,247,0,140,260,2108,9,0
14.549598,14.771000,117.000,18.762000,0.772000,127.888570,4100,247,0,140,260,2108,9,0
14.551408,1.810000,117.000,18.762000,0.772000,127.889050,4100,247,0,140,260,2108,9,0
14.566230,14.822000,117.000,18.762000,0.772000,127.887891,4097,247,0,140,260,2108,9,0
14.568016,1.786000,117.000,18.762000,0.772000,127.888326,4097,247,0,140,260,2108,9,0
14.582385,14.369000,117.000,18.762000,0.772000,127.888806,4097,247,0,139,259,2106,9,0
14.584586,2.201000,117.000,18.762000,0.772000,127.889287,4097,247,0,139,259,2106,9,0
14.599589,15.003000,117.000,18.762000,0.772000,127.889768,4097,247,0,139,259,2106,9,0
14.601530,1.941000,117.000,18.762000,0.772000,127.890248,4097,247,0,139,259,2106,9,0
14.615945,14.415000,117.000,18.762000,0.772000,127.890683,4097,247,0,139,259,2106,9,0
14.618469,2.524000,117.000,18.762000,0.772000,127.891164,4097,247,0,139,259,2106,9,0
14.632883,14.414000,117.000,18.762000,0.772000,127.891644,4097,247,0,139,259,2106,9,0
14.636311,3.428000,117.000,18.762000,0.772000,127.892072,4097,247,0,134,254,2096,9,0
14.649446,13.135000,117.000,18.762000,0.772000,127.889810,4098,247,0,134,254,2096,9,0
14.652009,2.563000,117.000,18.762000,0.772000,127.890290,4098,247,0,134,254,2096,9,0
14.666340,14.331000,117.000,18.762000,0.772000,127.871861,4091,242,0,134,254,2096,9,0
14.669225,2.885000,117.000,18.762000,0.772000,127.857572,4066,242,0,134,253,2094,9,0
14.683232,14.007000,117.000,18.762000,0.772000,127.846696,4061,239,0,134,253,2094,9,0
14.686969,3.737000,117.000,18.762000,0.772000,127.843484,4055,239,0,134,253,2094,9,0
14.699714,12.745000,117.000,18.762000,0.772000,127.843965,4055,239,0,134,253,2094,9,0
14.702488,2.774000,117.000,18.762000,0.772000,127.844445,4055,239,0,134,253,2094,9,0
14.716602,14.114000,117.000,18.762000,0.772000,127.867803,4078,243,0,134,253,2094,9,0
14.719181,2.579000,117.000,18.762000,0.772000,127.868970,4078,243,0,135,255,2098,9,0
14.732893,13.712000,117.000,18.762000,0.772000,127.869439,4078,243,0,135,255,2098,9,0
14.735694,2.801000,117.000,18.762000,0.772000,127.869920,4078,243,0,135,255,2098,9,0
14.749558,13.864000,117.000,18.762000,0.772000,127.870400,4078,243,0,135,255,2098,9,0
14.752350,2.792000,117.000,18.762000,0.772000,127.870881,4078,243,0,135,255,2098,9,0
14.766189,13.839000,117.000,18.762000,0.772000,127.871316,4078,243,0,135,255,2098,9,0
14.782683,16.494000,117.000,18.762000,0.772000,128.381288,4446,300,0,199,323,2234,9,0
14.786167,3.484000,117.000,18.762000,0.772000,128.381768,4446,300,0,199,323,2234,9,0
14.799663,13.496000,117.000,18.762000,0.772000,128.382249,4446,300,0,199,323,2234,9,0
14.803138,3.475000,117.000,18.762000,0.772000,128.382730,4446,300,0,199,323,2234,9,0
14.815773,12.635000,117.000,18.762000,0.772000,127.995427,4411,276,0,149,265,2118,9,0
14.818389,2.616000,117.000,18.762000,0.772000,127.920209,4282,276,0,149,265,2118,9,0
14.833151,14.762000,117.000,18.762000,0.772000,127.929139,4289,278,0,149,265,2118,9,0
14.837047,3.896000,117.000,18.762000,0.772000,127.930352,4289,278,0,150,266,2120,9,0
14.849233,12.186000,117.000,18.762000,0.772000,127.930829,4289,278,0,150,266,2120,9,0
14.852158,2.925000,117.000,18.762000,0.772000,127.931310,4289,278,0,150,266,2120,9,0
14.866057,13.899000,117.000,18.762000,0.772000,127.931790,4289,278,0,150,266,2120,9,0
14.868855,2.798000,117.000,18.762000,0.772000,127.932271,4289,278,0,150,266,2120,9,0
14.883043,14.188000,117.000,18.762000,0.772000,127.931111,4286,278,0,150,266,2120,9,0
14.886162,3.119000,117.000,18.762000,0.772000,127.931592,4286,278,0,150,266,2120,9,0
14.899967,13.805000,117.000,18.762000,0.772000,127.930432,4283,278,0,150,266,2120,9,0
14.904434,4.467000,117.000,18.762000,0.772000,127.928411,4279,278,0,150,266,2120,9,0
14.916075,11.641000,117.000,18.762000,0.772000,127.928838,4279,278,0,116,232,2052,9,0
14.919005,2.930000,117.000,18.762000,0.772000,127.924909,4277,278,0,116,232,2052,9,0
14.933255,14.250000,117.000,18.762000,0.772000,127.925389,4277,278,0,116,232,2052,9,0
14.938100,4.845000,117.000,18.762000,0.772000,127.786019,4209,244,0,116,232,2052,9,0
14.949247,11.147000,117.000,18.762000,0.772000,127.684609,4036,244,0,116,232,2052,9,0
14.952298,3.051000,117.000,18.762000,0.772000,127.685090,4036,244,0,114,230,2048,9,0
14.966322,14.024000,117.000,18.762000,0.772000,127.685571,4036,244,0,114,230,2048,9,0
14.969137,2.815000,117.000,18.762000,0.772000,127.686051,4036,244,0,114,230,2048,9,0
14.983358,14.221000,117.000,18.762000,0.772000,127.678678,4035,242,0,114,230,2048,9,0
14.988111,4.753000,117.000,18.762000,0.772000,127.673131,4025,242,0,113,230,2048,9,0
14.999697,11.586000,117.000,18.762000,0.772000,127.670091,4019,242,0,113,230,2048,9,0
15.001233,1.536000,117.000,18.762000,0.772000,127.670571,4019,242,0,112,229,2046,9,0
15.016509,15.276000,117.000,18.762000,0.772000,127.671052,4019,242,0,112,229,2046,9,0
15.019618,3.109000,117.000,18.762000,0.772000,127.671533,4019,242,0,110,227,2042,9,0
15.033138,13.520000,117.000,18.762000,0.772000,127.673661,4022,242,0,109,226,2040,9,0
15.034830,1.692000,117.000,18.762000,0.772000,127.660890,4016,238,0,109,226,2040,9,0
15.048910,14.080000,117.000,18.762000,0.772000,127.655282,4006,238,0,109,226,2040,9,0
15.051097,2.187000,117.000,18.762000,0.772000,127.655717,4006,238,0,107,224,2036,9,0
15.066500,15.403000,117.000,18.762000,0.772000,127.644715,4003,235,0,106,223,2034,9,0
15.068546,2.046000,117.000,18.762000,0.772000,127.642747,3999,235,0,105,222,2032,9,0
15.082847,14.301000,117.000,18.762000,0.772000,127.757630,4059,240,0,120,237,2062,9,0
15.084868,2.021000,117.000,18.762000,0.772000,127.751794,4049,240,0,120,237,2062,9,0
15.099562,14.694000,117.000,18.762000,0.772000,127.752275,4049,240,0,120,237,2062,9,0
15.101803,2.241000,117.000,18.762000,0.772000,127.752755,4049,240,0,120,237,2062,9,0
15.116341,14.538000,117.000,18.762000,0.772000,127.753236,4049,240,0,120,237,2062,9,0
15.118947,2.606000,117.000,18.762000,0.772000,127.676152,4039,235,0,110,227,2042,9,0
15.132480,13.533000,117.000,18.762000,0.772000,127.664685,4019,235,0,110,227,2042,9,0
15.135375,2.895000,117.000,18.762000,0.772000,127.665120,4019,235,0,110,227,2042,9,0
15.149406,14.031000,117.000,18.762000,0.772000,127.665601,4019,235,0,110,227,2042,9,0
15.152831,3.425000,117.000,18.762000,0.772000,127.666081,4019,235,0,110,227,2042,9,0
15.166561,13.730000,117.000,18.762000,0.772000,127.666562,4019,235,0,110,227,2042,9,0
15.170747,4.186000,117.000,18.762000,0.772000,127.667043,4019,235,0,110,227,2042,9,0
15.182425,11.678000,117.000,18.762000,0.772000,127.667523,4019,235,0,110,227,2042,9,0
15.185404,2.979000,117.000,18.762000,0.772000,127.668004,4019,235,0,110,227,2042,9,0
15.199906,14.502000,117.000,18.762000,0.772000,127.668485,4019,235,0,110,227,2042,9,0
15.202508,2.602000,117.000,18.762000,0.772000,127.668965,4019,235,0,110,227,2042,9,0
15.216742,14.234000,117.000,18.762000,0.772000,127.667752,4016,235,0,110,227,2042,9,0
15.219731,2.989000,117.000,18.762000,0.772000,127.663823,4014,235,0,105,222,2032,9,0
15.233325,13.594000,117.000,18.762000,0.772000,127.664304,4014,235,0,105,222,2032,9,0
15.236160,2.835000,117.000,18.762000,0.772000,127.664784,4014,235,0,105,222,2032,9,0
15.250124,13.964000,117.000,18.762000,0.772000,127.515859,3954,190,0,105,222,2032,9,0
15.253596,3.472000,117.000,18.762000,0.772000,127.469449,3879,190,0,96,202,1992,9,0
15.266507,12.911000,117.000,18.762000,0.772000,127.468289,3876,190,0,96,202,1992,9,0
15.268246,1.739000,119.000,16.085000,0.862000,127.468770,3876,190,0,95,202,1992,9,0
15.283216,14.970000,119.000,16.085000,0.862000,127.469251,3876,190,0,95,202,1992,9,0
15.286790,3.574000,119.000,16.085000,0.862000,127.469731,3876,190,0,95,202,1992,9,0
15.299720,12.930000,119.000,16.085000,0.862000,127.476171,3886,190,0,95,202,1992,9,0
15.301428,1.708000,119.000,16.085000,0.862000,127.476605,3886,190,0,96,202,1992,9,0
15.316455,15.027000,119.000,16.085000,0.862000,127.477086,3886,190,0,96,202,1992,9,0
15.318243,1.788000,119.000,16.085000,0.862000,127.477567,3886,190,0,95,202,1992,9,0
15.332718,14.475000,119.000,16.085000,0.862000,127.478047,3886,190,0,95,202,1992,9,0
15.335135,2.417000,119.000,16.085000,0.862000,127.478528,3886,190,0,96,202,1992,9,0
15.349903,14.768000,119.000,16.085000,0.862000,127.480641,3889,190,0,96,202,1992,9,0
15.370359,20.456000,119.000,16.085000,0.862000,128.261926,4350,262,0,190,304,2196,9,0
15.382340,11.981000,119.000,16.085000,0.862000,128.262406,4350,262,0,190,304,2196,9,0
15.386257,3.917000,119.000,16.085000,0.862000,128.264501,4353,262,0,190,304,2196,9,0
15.398964,12.707000,119.000,16.085000,0.862000,128.279675,4367,264,0,170,280,2148,9,0
15.402731,3.767000,119.000,16.085000,0.862000,128.095235,4320,253,0,170,280,2148,9,0
15.415639,12.908000,119.000,16.085000,0.862000,128.069531,4276,253,0,170,280,2148,9,0
15.418417,2.778000,119.000,16.085000,0.862000,128.071664,4279,253,0,170,280,2148,9,0
15.432320,13.903000,119.000,16.085000,0.862000,128.072145,4279,253,0,170,280,2148,9,0
15.434746,2.426000,119.000,16.085000,0.862000,128.072579,4279,253,0,170,280,2148,9,0
15.448936,14.190000,119.000,16.085000,0.862000,128.073060,4279,253,0,170,280,2148,9,0
15.451566,2.630000,119.000,16.085000,0.862000,128.073541,4279,253,0,170,280,2148,9,0
15.465958,14.392000,119.000,16.085000,0.862000,128.074021,4279,253,0,170,280,2148,9,0
15.467722,1.764000,119.000,16.085000,0.862000,128.074502,4279,253,0,170,280,2148,9,0
15.482733,15.011000,119.000,16.085000,0.862000,128.074983,4279,253,0,170,280,2148,9,0
15.484673,1.940000,119.000,16.085000,0.862000,128.072961,4275,253,0,170,280,2148,9,0
15.499882,15.209000,119.000,16.085000,0.862000,128.074494,4275,253,0,136,246,2080,9,1
15.503794,3.912000,119.000,16.085000,0.862000,128.070512,4273,253,0,136,246,2080,9,1
15.516087,12.293000,119.000,16.085000,0.862000,128.072217,4282,252,0,136,246,2080,9,0
15.520227,4.140000,119.000,16.085000,0.862000,127.929589,4209,218,0,136,246,2080,9,0
15.532300,12.073000,119.000,16.085000,0.862000,127.829900,4039,218,0,134,244,2076,9,0
15.535064,2.764000,119.000,16.085000,0.862000,127.830312,4039,218,0,134,244,2076,9,0
15.549393,14.329000,119.000,16.085000,0.862000,127.830792,4039,218,0,134,244,2076,9,0
15.553017,3.624000,119.000,16.085000,0.862000,127.823010,4035,216,0,134,244,2076,9,0
15.566125,13.108000,119.000,16.085000,0.862000,127.810750,4022,214,0,133,243,2074,9,0
15.568936,2.811000,119.000,16.085000,0.862000,127.808713,4018,214,0,132,243,2074,9,0
15.583042,14.106000,119.000,16.085000,0.862000,127.804067,4009,214,0,132,243,2074,9,0
15.585660,2.618000,119.000,16.085000,0.862000,127.802907,4006,214,0,132,242,2072,9,0
15.599523,13.863000,119.000,16.085000,0.862000,127.803342,4006,214,0,132,242,2072,9,0
15.603133,3.610000,119.000,16.085000,0.862000,127.803823,4006,214,0,130,240,2068,9,0
15.616633,13.500000,119.000,16.085000,0.862000,127.823853,4024,218,0,129,239,2066,9,0
15.619332,2.699000,119.000,16.085000,0.862000,127.811769,4018,214,0,131,241,2070,9,0
15.633216,13.884000,119.000,16.085000,0.862000,127.807809,4011,214,0,131,241,2070,9,0
15.636849,3.633000,119.000,16.085000,0.862000,127.808290,4011,214,0,129,239,2066,9,0
15.649420,12.571000,119.000,16.085000,0.862000,127.795632,4005,211,0,128,238,2064,9,0
15.652817,3.397000,119.000,16.085000,0.862000,127.793687,4001,211,0,126,237,2062,9,0
15.665992,13.175000,119.000,16.085000,0.862000,127.908181,4061,216,0,141,252,2092,9,0
15.669352,3.360000,119.000,16.085000,0.862000,127.902345,4051,216,0,141,252,2092,9,0
15.683292,13.940000,119.000,16.085000,0.862000,127.904492,4054,216,0,140,251,2090,9,0
15.685859,2.567000,119.000,16.085000,0.862000,127.904973,4054,216,0,141,251,2090,9,0
15.699820,13.961000,119.000,16.085000,0.862000,127.905454,4054,216,0,141,251,2090,9,0
15.702229,2.409000,119.000,16.085000,0.862000,127.828393,4044,211,0,131,241,2070,9,0
15.716536,14.307000,119.000,16.085000,0.862000,127.816926,4024,211,0,131,241,2070,9,0
15.718832,2.296000,119.000,16.085000,0.862000,127.817407,4024,211,0,131,241,2070,9,0
15.733261,14.429000,119.000,16.085000,0.862000,127.819535,4027,211,0,131,241,2070,9,0
15.735627,2.366000,119.000,16.085000,0.862000,127.820016,4027,211,0,131,241,2070,9,0
15.749992,14.365000,119.000,16.085000,0.862000,127.818849,4024,211,0,131,241,2070,9,0
15.752564,2.572000,119.000,16.085000,0.862000,127.819329,4024,211,0,131,241,2070,9,0
15.766641,14.077000,119.000,16.085000,0.862000,127.819810,4024,211,0,131,241,2070,9,0
15.769559,2.918000,119.000,16.085000,0.862000,127.820291,4024,211,0,130,240,2068,9,0
15.784375,14.816000,119.000,16.085000,0.862000,127.879212,4047,224,0,130,240,2068,11,4
15.787378,3.003000,119.000,16.085000,0.862000,127.878053,4041,224,0,135,252,2148,11,4
15.799999,12.621000,119.000,16.085000,0.862000,127.877088,4041,224,0,135,252,2148,11,0
15.803044,3.045000,119.000,16.085000,0.862000,127.873158,4039,224,0,131,247,2138,11,0
15.816389,13.345000,119.000,16.085000,0.862000,127.890244,4049,228,0,131,247,2138,11,0
15.819927,3.538000,119.000,16.085000,0.862000,127.891412,4049,228,0,133,249,2142,11,0
15.833443,13.516000,119.000,16.085000,0.862000,127.870065,4039,223,0,133,249,2142,11,0
15.836394,2.951000,119.000,16.085000,0.862000,127.855821,4014,223,0,133,249,2142,11,0
15.850078,13.684000,119.000,16.085000,0.862000,127.856301,4014,223,0,133,249,2142,11,0
15.853437,3.359000,119.000,16.085000,0.862000,127.856782,4014,223,0,131,249,2142,11,0
15.866350,12.913000,119.000,16.085000,0.862000,127.857385,4014,223,0,131,249,2142,11,0
15.869690,3.340000,119.000,16.085000,0.862000,127.857820,4014,223,0,132,249,2142,11,0
15.882863,13.173000,119.000,16.085000,0.862000,127.864259,4024,223,0,132,249,2142,11,0
15.886553,3.690000,119.000,16.085000,0.862000,127.864739,4024,223,0,133,249,2142,11,0
15.900085,13.532000,119.000,16.085000,0.862000,127.865235,4024,223,0,133,249,2142,11,0
15.903107,3.022000,119.000,16.085000,0.862000,127.865716,4024,223,0,132,249,2142,11,0
15.916732,13.625000,119.000,16.085000,0.862000,127.864556,4021,223,0,132,249,2142,11,0
15.919733,3.001000,119.000,16.085000,0.862000,127.862504,4017,223,0,132,249,2142,11,0
15.933503,13.770000,119.000,16.085000,0.862000,127.863168,4017,223,0,132,249,2142,11,0
15.957490,23.987000,119.000,16.085000,0.862000,128.397069,4411,282,0,197,313,2270,11,0
15.959322,1.832000,119.000,16.085000,0.862000,128.397412,4411,282,0,197,313,2270,11,0
15.974570,15.248000,119.000,16.085000,0.862000,128.395818,4408,282,0,197,313,2270,9,0
15.976471,1.901000,119.000,16.085000,0.862000,128.396253,4408,282,0,145,253,2150,9,0
15.991107,14.636000,119.000,16.085000,0.862000,127.978742,4331,256,0,145,253,2150,9,0
15.992981,1.874000,119.000,16.085000,0.862000,127.917333,4227,256,0,145,253,2150,9,0
16.007693,14.712000,119.000,16.085000,0.862000,127.917813,4227,256,0,145,253,2150,9,0
16.009382,1.689000,119.000,16.085000,0.862000,127.918294,4227,256,0,145,253,2150,9,0
16.024370,14.988000,119.000,16.085000,0.862000,127.918775,4227,256,0,145,253,2150,9,0
16.026304,1.934000,119.000,16.085000,0.862000,127.919209,4227,256,0,145,253,2150,9,0
16.041457,15.153000,119.000,16.085000,0.862000,127.919690,4227,256,0,145,253,2150,9,0
16.045373,3.916000,119.000,16.085000,0.862000,127.921926,4230,256,0,145,253,2150,9,0
16.057399,12.026000,119.000,16.085000,0.862000,127.922406,4230,256,0,146,253,2150,9,0
16.060042,2.643000,119.000,16.085000,0.862000,127.924539,4233,256,0,146,253,2150,9,0
16.073588,13.546000,119.000,16.085000,0.862000,127.922517,4229,256,0,147,253,2150,9,0
16.076892,3.304000,119.000,16.085000,0.862000,127.922997,4229,256,0,111,217,2078,9,0
16.090700,13.808000,119.000,16.085000,0.862000,127.923425,4229,256,0,111,217,2078,9,0
16.094331,3.631000,119.000,16.085000,0.862000,127.919427,4227,256,0,111,217,2078,9,0
16.107150,12.819000,119.000,16.085000,0.862000,127.771039,4155,220,0,111,217,2078,9,0
16.110930,3.780000,119.000,16.085000,0.862000,127.667089,3978,220,0,111,217,2078,9,0
16.123797,12.867000,119.000,16.085000,0.862000,127.667523,3978,220,0,111,217,2078,9,0
16.127627,3.830000,119.000,16.085000,0.862000,127.668004,3978,220,0,111,217,2078,9,0
16.140444,12.817000,119.000,16.085000,0.862000,127.668485,3978,220,0,111,217,2078,9,0
16.144521,4.077000,119.000,16.085000,0.862000,127.668996,3978,220,0,111,217,2078,9,0
16.157531,13.010000,119.000,16.085000,0.862000,127.669271,3978,220,0,111,217,2078,9,0
16.161572,4.041000,119.000,16.085000,0.862000,127.666249,3972,220,0,111,217,2078,9,0
16.174356,12.784000,119.000,16.085000,0.862000,127.666730,3972,220,0,110,216,2076,9,0
16.178278,3.922000,119.000,16.085000,0.862000,127.667211,3972,220,0,110,216,2076,9,0
16.190992,12.714000,119.000,16.085000,0.862000,127.667691,3972,220,0,108,214,2072,9,0
16.194882,3.890000,119.000,16.085000,0.862000,127.670072,3975,220,0,107,213,2070,9,0
16.207630,12.748000,119.000,16.085000,0.862000,127.653684,3963,216,0,107,213,2070,9,0
16.211775,4.145000,119.000,16.085000,0.862000,127.651372,3959,216,0,107,213,2070,9,0
16.224746,12.971000,119.000,16.085000,0.862000,127.651853,3959,216,0,105,211,2066,9,0
16.228387,3.641000,119.000,16.085000,0.862000,127.640843,3956,213,0,104,210,2064,9,0
16.241047,12.660000,119.000,16.085000,0.862000,127.638944,3952,213,0,103,209,2062,9,0
16.246491,5.444000,119.000,16.085000,0.862000,127.936456,4132,266,0,118,224,2092,9,0
16.257446,10.955000,119.000,16.085000,0.862000,127.939363,4122,266,0,130,248,2140,9,0
16.261356,3.910000,119.000,16.085000,0.862000,127.939839,4122,266,0,130,248,2140,9,0
16.274330,12.974000,116.000,23.585000,1.774000,127.940320,4122,266,0,130,248,2140,9,0
16.278514,4.184000,116.000,23.585000,1.774000,127.939115,4119,266,0,130,248,2140,9,0
16.290936,12.422000,116.000,23.585000,1.774000,127.862031,4109,261,0,120,238,2120,9,0
16.294782,3.846000,116.000,23.585000,1.774000,127.848924,4086,261,0,120,238,2120,9,0
16.307712,12.930000,116.000,23.585000,1.774000,127.849404,4086,261,0,120,238,2120,9,0
16.311634,3.922000,116.000,23.585000,1.774000,127.849885,4086,261,0,120,238,2120,9,0
16.324333,12.699000,116.000,23.585000,1.774000,127.850366,4086,261,0,120,238,2120,9,0
16.328124,3.791000,116.000,23.585000,1.774000,127.850846,4086,261,0,120,238,2120,9,0
16.341044,12.920000,116.000,23.585000,1.774000,127.851327,4086,261,0,120,238,2120,9,0
16.345641,4.597000,116.000,23.585000,1.774000,127.850221,4083,261,0,120,238,2120,9,0
16.357122,11.481000,116.000,23.585000,1.774000,127.850701,4083,261,0,120,238,2120,9,0
16.360849,3.727000,116.000,23.585000,1.774000,127.851228,4083,261,0,120,238,2120,9,0
16.374166,13.317000,116.000,23.585000,1.774000,127.851708,4083,261,0,120,238,2120,9,0
16.376592,2.426000,116.000,23.585000,1.774000,127.853856,4086,261,0,120,238,2120,9,0
16.390754,14.162000,116.000,23.585000,1.774000,127.863439,4097,262,0,115,233,2110,9,0
16.393237,2.483000,116.000,23.585000,1.774000,127.857610,4092,262,0,116,234,2112,9,0
16.407373,14.136000,116.000,23.585000,1.774000,127.858090,4092,262,0,116,234,2112,9,0
16.410042,2.669000,116.000,23.585000,1.774000,127.838006,4082,257,0,116,234,2112,9,0
16.423962,13.920000,116.000,23.585000,1.774000,127.823762,4057,257,0,115,234,2112,9,0
16.426544,2.582000,116.000,23.585000,1.774000,127.825906,4060,257,0,115,234,2112,9,0
16.440657,14.113000,116.000,23.585000,1.774000,127.826386,4060,257,0,115,234,2112,9,0
16.443762,3.105000,116.000,23.585000,1.774000,127.825242,4057,257,0,115,234,2112,9,0
16.457406,13.644000,116.000,23.585000,1.774000,127.825723,4057,257,0,115,234,2112,9,0
16.460308,2.902000,116.000,23.585000,1.774000,127.833882,4070,257,0,115,234,2112,9,0
16.474340,14.032000,116.000,23.585000,1.774000,127.834363,4070,257,0,114,234,2112,9,0
16.479793,5.453000,116.000,23.585000,1.774000,127.834779,4070,257,0,112,232,2108,9,0
16.490782,10.989000,116.000,23.585000,1.774000,127.827863,4066,255,0,113,232,2108,9,0
16.494622,3.840000,116.000,23.585000,1.774000,127.823583,4058,255,0,113,232,2108,9,0
16.507611,12.989000,116.000,23.585000,1.774000,127.824063,4058,255,0,114,232,2108,9,0
16.511570,3.959000,116.000,23.585000,1.774000,127.824544,4058,255,0,114,232,2108,9,0
16.530675,19.105000,116.000,23.585000,1.774000,128.617810,4530,329,0,208,336,2316,9,0
16.534969,4.294000,116.000,23.585000,1.774000,128.618291,4530,329,0,208,336,2316,9,0
16.549533,14.564000,116.000,23.585000,1.774000,128.618772,4530,329,0,208,336,2316,9,0
16.552309,2.776000,116.000,23.585000,1.774000,128.619252,4530,329,0,208,336,2316,9,0
16.566094,13.785000,116.000,23.585000,1.774000,128.448754,4508,318,0,186,310,2264,9,0
16.568987,2.893000,116.000,23.585000,1.774000,128.409242,4439,318,0,185,309,2262,9,0
16.582859,13.872000,116.000,23.585000,1.774000,128.409722,4439,318,0,185,309,2262,9,0
16.584664,1.805000,116.000,23.585000,1.774000,128.410203,4439,318,0,185,309,2262,9,0
16.599567,14.903000,116.000,23.585000,1.774000,128.350228,4421,304,0,181,305,2198,9,1
16.601451,1.884000,116.000,23.585000,1.774000,128.350709,4421,304,0,181,305,2198,9,1
16.616335,14.884000,116.000,23.585000,1.774000,128.350194,4424,303,0,181,305,2198,9,0
16.618188,1.853000,116.000,23.585000,1.774000,128.347417,4419,303,0,182,305,2198,9,0
16.633236,15.048000,116.000,23.585000,1.774000,128.347898,4419,303,0,182,305,2198,9,0
16.636576,3.340000,116.000,23.585000,1.774000,128.348378,4419,303,0,182,305,2198,9,0
16.649714,13.138000,116.000,23.585000,1.774000,128.348859,4419,303,0,182,305,2198,9,0
16.652599,2.885000,116.000,23.585000,1.774000,128.346837,4415,303,0,182,305,2198,9,0
16.665543,12.944000,116.000,23.585000,1.774000,128.345624,4412,303,0,146,269,2126,9,0
16.667899,2.356000,116.000,23.585000,1.774000,128.341695,4410,303,0,146,269,2126,9,0
16.683030,15.131000,116.000,23.585000,1.774000,128.342175,4410,303,0,146,269,2126,9,0
16.687297,4.267000,116.000,23.585000,1.774000,128.195035,4338,267,0,146,269,2126,9,0
16.699363,12.066000,116.000,23.585000,1.774000,128.087846,4155,267,0,146,269,2126,9,0
16.702102,2.739000,116.000,23.585000,1.774000,128.088326,4155,267,0,146,269,2126,9,0
16.716277,14.175000,116.000,23.585000,1.774000,128.088807,4155,267,0,146,269,2126,9,0
16.719375,3.098000,116.000,23.585000,1.774000,128.089288,4155,267,0,146,269,2126,9,0
16.733152,13.777000,116.000,23.585000,1.774000,128.089791,4155,267,0,146,269,2126,9,0
16.735796,2.644000,116.000,23.585000,1.774000,128.090135,4155,267,0,147,269,2126,9,0
16.749360,13.564000,116.000,23.585000,1.774000,128.088742,4152,267,0,146,268,2124,9,0
16.752572,3.212000,116.000,23.585000,1.774000,128.089177,4152,267,0,145,267,2122,9,0
16.766466,13.894000,116.000,23.585000,1.774000,128.088098,4150,267,0,145,267,2122,9,0
16.769198,2.732000,116.000,23.585000,1.774000,128.088578,4150,267,0,144,265,2118,9,0
16.782806,13.608000,116.000,23.585000,1.774000,128.089051,4150,267,0,142,263,2114,9,0
16.785743,2.937000,116.000,23.585000,1.774000,128.076280,4144,263,0,142,263,2114,9,0
16.799477,13.734000,116.000,23.585000,1.774000,128.072366,4137,263,0,142,263,2114,9,0
16.802978,3.501000,116.000,23.585000,1.774000,128.072846,4137,263,0,139,261,2110,9,0
16.816718,13.740000,116.000,23.585000,1.774000,128.063493,4137,260,0,138,260,2108,9,0
16.820633,3.915000,116.000,23.585000,1.774000,128.061593,4133,260,0,138,259,2106,9,0
16.833011,12.378000,116.000,23.585000,1.774000,128.176015,4193,265,0,153,274,2136,9,0
16.835931,2.920000,116.000,23.585000,1.774000,128.170178,4183,265,0,153,274,2136,9,0
16.849992,14.061000,116.000,23.585000,1.774000,128.170659,4183,265,0,153,274,2136,9,0
16.852951,2.959000,116.000,23.585000,1.774000,128.171140,4183,265,0,153,274,2136,9,0
16.866035,13.084000,116.000,23.585000,1.774000,128.171620,4183,265,0,153,274,2136,9,0
16.869813,3.778000,116.000,23.585000,1.774000,128.094537,4173,260,0,142,263,2114,9,0
16.883310,13.497000,116.000,23.585000,1.774000,128.072625,4148,257,0,142,263,2114,9,0
16.886186,2.876000,116.000,23.585000,1.774000,128.069367,4142,257,0,142,263,2114,9,0
16.899822,13.636000,116.000,23.585000,1.774000,128.069848,4142,257,0,142,263,2114,9,0
16.901589,1.767000,116.000,23.585000,1.774000,128.070329,4142,257,0,142,263,2114,9,0
16.916537,14.948000,116.000,23.585000,1.774000,128.087613,4155,261,0,142,263,2114,9,0
16.918248,1.711000,116.000,23.585000,1.774000,128.088780,4155,261,0,143,265,2118,9,0
16.933011,14.763000,116.000,23.585000,1.774000,128.089257,4155,261,0,143,265,2118,9,0
16.936769,3.758000,116.000,23.585000,1.774000,128.089738,4155,261,0,143,265,2118,9,0
16.949404,12.635000,116.000,23.585000,1.774000,128.090219,4155,261,0,143,265,2118,9,0
16.951028,1.624000,116.000,23.585000,1.774000,128.090699,4155,261,0,143,265,2118,9,0
16.966123,15.095000,116.000,23.585000,1.774000,128.091126,4155,261,0,143,265,2118,9,0
16.967881,1.758000,116.000,23.585000,1.774000,128.087197,4153,261,0,138,260,2108,9,0
16.982301,14.420000,116.000,23.585000,1.774000,128.086038,4150,261,0,138,260,2108,9,0
16.984731,2.430000,116.000,23.585000,1.774000,128.086518,4150,261,0,138,260,2108,9,0
16.999567,14.836000,116.000,23.585000,1.774000,128.064809,4137,256,0,138,260,2108,9,0
17.001514,1.947000,116.000,23.585000,1.774000,128.050565,4112,256,0,138,260,2108,9,0
17.015900,14.386000,116.000,23.585000,1.774000,128.051045,4112,256,0,138,260,2108,9,0
17.018898,2.998000,116.000,23.585000,1.774000,128.051457,4112,256,0,138,260,2108,9,0
17.033009,14.111000,116.000,23.585000,1.774000,128.053113,4112,256,0,138,260,2108,9,2
17.035560,2.551000,116.000,23.585000,1.774000,128.053594,4112,256,0,137,260,2108,9,2
17.050188,14.628000,116.000,23.585000,1.774000,128.059011,4119,256,0,137,260,2108,9,2
17.054347,4.159000,116.000,23.585000,1.774000,128.059491,4119,256,0,138,260,2108,9,2
17.066368,12.021000,116.000,23.585000,1.774000,128.061166,4131,254,0,138,260,2108,9,0
17.068861,2.493000,116.000,23.585000,1.774000,128.055177,4121,254,0,139,260,2108,9,0
17.083044,14.183000,116.000,23.585000,1.774000,128.057317,4124,254,0,139,260,2108,9,0
17.085781,2.737000,116.000,23.585000,1.774000,128.057797,4124,254,0,140,260,2108,9,0
17.099788,14.007000,116.000,23.585000,1.774000,128.058259,4124,254,0,140,260,2108,9,0
17.122999,23.211000,116.000,23.585000,1.774000,128.581010,4506,313,0,205,330,2248,9,0
17.136947,13.948000,116.000,23.585000,1.774000,128.581491,4506,313,0,205,330,2248,9,0
17.149242,12.295000,116.000,23.585000,1.774000,128.583642,4509,313,0,205,330,2248,9,0
17.152198,2.956000,116.000,23.585000,1.774000,128.179814,4457,287,0,153,270,2128,9,0
17.165487,13.289000,116.000,23.585000,1.774000,128.102956,4325,287,0,153,270,2128,9,0
17.168715,3.228000,116.000,23.585000,1.774000,128.103436,4325,287,0,153,270,2128,9,0
17.181805,13.090000,116.000,23.585000,1.774000,128.103917,4325,287,0,153,270,2128,9,0
17.185179,3.374000,116.000,23.585000,1.774000,128.104398,4325,287,0,153,270,2128,9,0
17.199256,14.077000,116.000,23.585000,1.774000,128.104878,4325,287,0,153,270,2128,9,0
17.201705,2.449000,116.000,23.585000,1.774000,128.105359,4325,287,0,153,270,2128,9,0
17.215851,14.146000,116.000,23.585000,1.774000,128.105840,4325,287,0,153,270,2128,9,0
17.218885,3.034000,116.000,23.585000,1.774000,128.106320,4325,287,0,151,268,2124,9,0
17.232601,13.716000,116.000,23.585000,1.774000,128.106801,4325,287,0,151,268,2124,9,0
17.235489,2.888000,116.000,23.585000,1.774000,128.104779,4321,287,0,115,232,2052,9,0
17.249372,13.883000,116.000,23.585000,1.774000,128.105206,4321,287,0,115,232,2052,9,0
17.255630,6.258000,116.000,23.585000,1.774000,128.101277,4319,287,0,115,232,2052,9,0
17.259885,4.255000,116.000,23.585000,1.774000,127.954137,4247,251,0,115,232,2052,9,0
17.274736,14.851000,116.000,22.605000,0.942000,127.848561,4067,251,0,115,232,2052,9,0
17.277383,2.647000,116.000,22.605000,0.942000,127.849095,4067,251,0,115,232,2052,9,0
17.291433,14.050000,116.000,22.605000,0.942000,127.849576,4067,251,0,115,232,2052,9,0
17.294116,2.683000,116.000,22.605000,0.942000,127.850057,4067,251,0,115,232,2052,9,0
17.308108,13.992000,116.000,22.605000,0.942000,127.848947,4064,251,0,115,232,2052,9,0
17.309715,1.607000,116.000,22.605000,0.942000,127.849290,4064,251,0,112,230,2048,9,0
17.324715,15.000000,116.000,22.605000,0.942000,127.825307,4048,245,0,112,230,2048,9,0
17.326451,1.736000,116.000,22.605000,0.942000,127.818402,4036,245,0,112,229,2046,9,0
17.341549,15.098000,116.000,22.605000,0.942000,127.818883,4036,245,0,112,229,2046,9,0
17.345371,3.822000,116.000,22.605000,0.942000,127.819364,4036,245,0,109,227,2042,9,0
17.357892,12.521000,116.000,22.605000,0.942000,127.818204,4033,245,0,108,226,2040,9,0
17.359518,1.626000,116.000,22.605000,0.942000,127.805432,4027,241,0,108,226,2040,9,0
17.374624,15.106000,116.000,22.605000,0.942000,127.801518,4020,241,0,108,226,2040,9,0
17.376389,1.765000,116.000,22.605000,0.942000,127.802052,4020,241,0,107,224,2036,9,0
17.391156,14.767000,116.000,22.605000,0.942000,127.791036,4017,238,0,107,223,2034,9,0
17.393175,2.019000,116.000,22.605000,0.942000,127.789136,4013,238,0,106,222,2032,9,0
17.407782,14.607000,116.000,22.605000,0.942000,127.903630,4073,243,0,121,237,2062,9,0
17.409931,2.149000,116.000,22.605000,0.942000,127.897794,4063,243,0,121,237,2062,9,0
17.424646,14.715000,116.000,22.605000,0.942000,127.898274,4063,243,0,121,237,2062,9,0
17.428708,4.062000,116.000,22.605000,0.942000,127.898755,4063,243,0,121,237,2062,9,0
17.441312,12.604000,116.000,22.605000,0.942000,127.900903,4066,243,0,121,237,2062,9,0
17.444118,2.806000,116.000,22.605000,0.942000,127.823888,4056,238,0,111,227,2042,9,0
17.458105,13.987000,116.000,22.605000,0.942000,127.814092,4039,238,0,111,227,2042,9,0
17.461045,2.940000,116.000,22.605000,0.942000,127.814572,4039,238,0,111,227,2042,9,0
17.474549,13.504000,116.000,22.605000,0.942000,127.815053,4039,238,0,111,227,2042,9,0
17.476169,1.620000,116.000,22.605000,0.942000,127.815587,4039,238,0,111,227,2042,9,0
17.491082,14.913000,116.000,22.605000,0.942000,127.816068,4039,238,0,111,227,2042,9,0
17.493176,2.094000,116.000,22.605000,0.942000,127.816548,4039,238,0,111,227,2042,9,0
17.507791,14.615000,116.000,22.605000,0.942000,127.818681,4042,238,0,111,227,2042,9,0
17.509365,1.574000,116.000,22.605000,0.942000,127.819161,4042,238,0,111,227,2042,9,0
17.524465,15.100000,116.000,22.605000,0.942000,127.819642,4042,238,0,111,227,2042,9,0
17.526360,1.895000,116.000,22.605000,0.942000,127.820123,4042,238,0,111,227,2042,9,0
17.541647,15.287000,116.000,22.605000,0.942000,127.822164,4045,238,0,111,227,2042,9,0
17.545765,4.118000,116.000,22.605000,0.942000,127.818234,4043,238,0,106,222,2032,9,0
17.557424,11.659000,116.000,22.605000,0.942000,127.818696,4043,238,0,106,222,2032,9,0
17.559444,2.020000,116.000,22.605000,0.942000,127.819177,4043,238,0,106,222,2032,9,0
17.574882,15.438000,116.000,22.605000,0.942000,127.799069,4033,233,0,106,222,2032,9,0
17.579422,4.540000,116.000,22.605000,0.942000,127.784879,4008,233,0,104,222,2032,9,0
17.590615,11.193000,116.000,22.605000,0.942000,127.785359,4008,233,0,104,222,2032,9,0
17.593308,2.693000,116.000,22.605000,0.942000,127.785840,4008,233,0,106,222,2032,9,0
17.607321,14.013000,116.000,22.605000,0.942000,127.787969,4011,233,0,106,222,2032,9,0
17.609958,2.637000,116.000,22.605000,0.942000,127.788449,4011,233,0,106,222,2032,9,0
17.624436,14.478000,116.000,22.605000,0.942000,127.794911,4021,233,0,106,222,2032,9,0
17.627096,2.660000,116.000,22.605000,0.942000,127.795392,4021,233,0,106,222,2032,9,0
17.641419,14.323000,116.000,22.605000,0.942000,127.795873,4021,233,0,106,222,2032,9,0
17.644234,2.815000,116.000,22.605000,0.942000,127.796353,4021,233,0,106,222,2032,9,0
17.658165,13.931000,116.000,22.605000,0.942000,127.796834,4021,233,0,106,222,2032,9,0
17.660931,2.766000,116.000,22.605000,0.942000,127.797315,4021,233,0,106,222,2032,9,0
17.675069,14.138000,116.000,22.605000,0.942000,127.796155,4018,233,0,106,222,2032,9,0
17.696808,21.739000,116.000,22.605000,0.942000,128.588777,4490,307,0,202,326,2240,9,1
17.715771,18.963000,116.000,22.605000,0.942000,128.587617,4487,307,0,202,326,2240,9,1
17.718902,3.131000,116.000,22.605000,0.942000,128.588742,4493,306,0,202,326,2240,9,0
17.732287,13.385000,116.000,22.605000,0.942000,128.585965,4488,306,0,181,300,2188,9,0
17.735029,2.742000,116.000,22.605000,0.942000,128.396066,4431,295,0,181,300,2188,9,0
17.749201,14.172000,116.000,22.605000,0.942000,128.370362,4387,295,0,181,300,2188,9,0
17.753647,4.446000,116.000,22.605000,0.942000,128.369203,4384,295,0,181,300,2188,9,0
17.765487,11.840000,116.000,22.605000,0.942000,128.369683,4384,295,0,181,300,2188,9,0
17.767983,2.496000,116.000,22.605000,0.942000,128.370164,4384,295,0,181,300,2188,9,0
17.782664,14.681000,116.000,22.605000,0.942000,128.370671,4384,295,0,181,300,2188,9,0
17.784611,1.947000,116.000,22.605000,0.942000,128.371152,4384,295,0,181,300,2188,9,0
17.799664,15.053000,116.000,22.605000,0.942000,128.371686,4384,295,0,181,300,2188,9,0
17.803262,3.598000,116.000,22.605000,0.942000,128.372167,4384,295,0,181,300,2188,9,0
17.816089,12.827000,116.000,22.605000,0.942000,128.372647,4384,295,0,181,300,2188,9,0
17.818757,2.668000,116.000,22.605000,0.942000,128.370625,4380,295,0,181,300,2188,9,0
17.832974,14.217000,116.000,22.605000,0.942000,128.356622,4376,290,0,144,263,2114,9,0
17.835957,2.983000,116.000,22.605000,0.942000,128.347146,4364,290,0,144,263,2114,9,0
17.849609,13.652000,116.000,22.605000,0.942000,128.198365,4289,254,0,144,263,2114,9,0
17.852740,3.131000,116.000,22.605000,0.942000,128.092828,4109,254,0,144,263,2114,9,0
17.866568,13.828000,116.000,22.605000,0.942000,128.093247,4109,254,0,144,263,2114,9,0
17.869977,3.409000,116.000,22.605000,0.942000,128.093728,4109,254,0,143,262,2112,9,0
17.882674,12.697000,116.000,22.605000,0.942000,128.094209,4109,254,0,143,262,2112,9,0
17.886948,4.274000,116.000,22.605000,0.942000,128.094731,4109,254,0,143,262,2112,9,0
17.899312,12.364000,116.000,22.605000,0.942000,128.095075,4109,254,0,142,262,2112,9,0
17.903729,4.417000,116.000,22.605000,0.942000,128.092053,4103,254,0,142,262,2112,9,0
17.915879,12.150000,116.000,22.605000,0.942000,128.092534,4103,254,0,141,261,2110,9,0
17.920502,4.623000,116.000,22.605000,0.942000,128.114202,4124,258,0,141,261,2110,9,0
17.932667,12.165000,116.000,22.605000,0.942000,128.115369,4124,258,0,141,261,2110,9,0
17.937053,4.386000,116.000,22.605000,0.942000,128.102487,4118,254,0,140,260,2108,9,0
17.948724,11.671000,116.000,22.605000,0.942000,128.098619,4111,254,0,140,260,2108,9,0
17.952707,3.983000,116.000,22.605000,0.942000,128.099099,4111,254,0,139,259,2106,9,0
17.966392,13.685000,116.000,22.605000,0.942000,128.099565,4111,254,0,137,257,2102,9,0
17.968210,1.818000,116.000,22.605000,0.942000,128.076871,4103,248,0,136,256,2100,9,0
17.982796,14.586000,116.000,22.605000,0.942000,128.055966,4086,243,0,135,255,2098,9,0
17.985990,3.194000,116.000,22.605000,0.942000,128.179860,4143,253,0,150,270,2128,9,0
17.999561,13.571000,116.000,22.605000,0.942000,128.193761,4150,257,0,150,270,2128,9,0
18.001266,1.705000,116.000,22.605000,0.942000,128.194928,4150,257,0,151,272,2132,9,0
18.016064,14.798000,116.000,22.605000,0.942000,128.195405,4150,257,0,151,272,2132,9,0
18.018146,2.082000,116.000,22.605000,0.942000,128.118321,4140,252,0,141,262,2112,9,0
18.032754,14.608000,116.000,22.605000,0.942000,128.106854,4120,252,0,141,262,2112,9,0
18.034483,1.729000,116.000,22.605000,0.942000,128.107335,4120,252,0,141,262,2112,9,0
18.049489,15.006000,116.000,22.605000,0.942000,128.107816,4120,252,0,141,262,2112,9,0
18.051798,2.309000,116.000,22.605000,0.942000,128.106656,4117,252,0,141,262,2112,9,0
18.066332,14.534000,116.000,22.605000,0.942000,128.107137,4117,252,0,141,262,2112,9,0
18.068514,2.182000,116.000,22.605000,0.942000,128.107617,4117,252,0,141,262,2112,9,0
18.082939,14.425000,116.000,22.605000,0.942000,128.108098,4117,252,0,141,262,2112,9,0
18.086073,3.134000,116.000,22.605000,0.942000,128.108579,4117,252,0,141,262,2112,9,0
18.099709,13.636000,116.000,22.605000,0.942000,128.109059,4117,252,0,141,262,2112,9,0
18.102550,2.841000,116.000,22.605000,0.942000,128.109540,4117,252,0,141,262,2112,9,0
18.116411,13.861000,116.000,22.605000,0.942000,128.109975,4117,252,0,141,262,2112,9,0
18.120057,3.646000,116.000,22.605000,0.942000,128.110456,4117,252,0,141,262,2112,9,0
18.133206,13.149000,116.000,22.605000,0.942000,128.112531,4120,252,0,136,257,2102,9,0
18.135252,2.046000,116.000,22.605000,0.942000,128.108602,4118,252,0,137,257,2102,9,0
18.150033,14.781000,116.000,22.605000,0.942000,128.110753,4121,252,0,137,257,2102,9,0
18.153718,3.685000,116.000,22.605000,0.942000,128.090264,4111,247,0,137,257,2102,9,0
18.166504,12.786000,116.000,22.605000,0.942000,128.075952,4086,247,0,137,257,2102,9,0
18.168228,1.724000,116.000,22.605000,0.942000,128.076432,4086,247,0,137,257,2102,9,0
18.182499,14.271000,116.000,22.605000,0.942000,128.076913,4086,247,0,137,257,2102,9,0
18.185157,2.658000,116.000,22.605000,0.942000,128.077394,4086,247,0,137,257,2102,9,0
18.199854,14.697000,116.000,22.605000,0.942000,128.079522,4089,247,0,137,257,2102,9,0
18.201981,2.127000,116.000,22.605000,0.942000,128.086007,4099,247,0,137,257,2102,9,0
18.215652,13.671000,116.000,22.605000,0.942000,128.086480,4099,247,0,137,257,2102,9,0
18.218611,2.959000,116.000,22.605000,0.942000,128.086961,4099,247,0,137,257,2102,9,0
18.233260,14.649000,116.000,22.605000,0.942000,128.084908,4095,247,0,137,257,2102,9,0
18.235816,2.556000,116.000,22.605000,0.942000,128.085343,4095,247,0,137,257,2102,9,0
18.249909,14.093000,116.000,22.605000,0.942000,128.085824,4095,247,0,137,257,2102,9,0
18.270018,20.109000,116.000,22.605000,0.942000,128.609918,4477,306,0,202,327,2242,9,0
18.282863,12.845000,116.000,20.957000,1.043000,128.610353,4477,306,0,202,327,2242,9,0
18.284759,1.896000,116.000,20.957000,1.043000,128.610833,4477,306,0,202,327,2242,9,0
18.299709,14.950000,116.000,20.957000,1.043000,128.611314,4477,306,0,202,327,2242,9,0
18.303409,3.700000,116.000,20.957000,1.043000,128.611794,4477,306,0,202,327,2242,9,0
18.316460,13.051000,116.000,20.957000,1.043000,128.195878,4403,280,0,150,267,2122,9,0
18.319724,3.264000,116.000,20.957000,1.043000,128.134423,4299,280,0,150,267,2122,9,0
18.332708,12.984000,116.000,20.957000,1.043000,128.134904,4299,280,0,150,267,2122,9,0
18.334501,1.793000,116.000,20.957000,1.043000,128.135385,4299,280,0,150,267,2122,9,0
18.349208,14.707000,116.000,20.957000,1.043000,128.135865,4299,280,0,150,267,2122,9,0
18.350931,1.723000,116.000,20.957000,1.043000,128.136346,4299,280,0,150,267,2122,9,0
18.366059,15.128000,116.000,20.957000,1.043000,128.136827,4299,280,0,150,267,2122,9,0
18.367961,1.902000,116.000,20.957000,1.043000,128.135667,4296,280,0,150,267,2122,9,0
18.382580,14.619000,116.000,20.957000,1.043000,128.136147,4296,280,0,150,267,2122,9,0
18.384422,1.842000,116.000,20.957000,1.043000,128.134942,4293,280,0,150,267,2122,9,0
18.399346,14.924000,116.000,20.957000,1.043000,128.135423,4293,280,0,150,267,2122,9,0
18.401980,2.634000,116.000,20.957000,1.043000,128.133348,4289,280,0,114,231,2050,9,0
18.416117,14.137000,116.000,20.957000,1.043000,128.129373,4287,280,0,114,231,2050,9,0
18.419095,2.978000,116.000,20.957000,1.043000,128.129853,4287,280,0,114,231,2050,9,0
18.432782,13.687000,116.000,20.957000,1.043000,127.981420,4215,244,0,114,231,2050,9,0
18.435488,2.706000,116.000,20.957000,1.043000,127.874242,4032,244,0,114,231,2050,9,0
18.449512,14.024000,116.000,20.957000,1.043000,127.874738,4032,244,0,114,231,2050,9,0
18.452692,3.180000,116.000,20.957000,1.043000,127.875218,4032,244,0,115,231,2050,9,0
18.466443,13.751000,116.000,20.957000,1.043000,127.875699,4032,244,0,115,231,2050,9,0
18.470572,4.129000,116.000,20.957000,1.043000,127.876180,4032,244,0,115,231,2050,9,0
18.482912,12.340000,116.000,20.957000,1.043000,127.878400,4035,244,0,115,231,2050,9,0
18.484987,2.075000,116.000,20.957000,1.043000,127.878743,4035,244,0,115,231,2050,9,0
18.499405,14.418000,116.000,20.957000,1.043000,127.875703,4029,244,0,115,231,2050,9,0
18.500989,1.584000,116.000,20.957000,1.043000,127.876184,4029,244,0,114,230,2048,9,0
18.515993,15.004000,116.000,20.957000,1.043000,127.876695,4029,244,0,112,228,2044,9,0
18.517709,1.716000,116.000,20.957000,1.043000,127.877175,4029,244,0,111,228,2044,9,0
18.532765,15.056000,116.000,20.957000,1.043000,127.866017,4026,240,0,110,227,2042,9,0
18.534366,1.601000,116.000,20.957000,1.043000,127.862149,4019,240,0,111,227,2042,9,0
18.549692,15.326000,116.000,20.957000,1.043000,127.862618,4019,240,0,109,225,2038,9,0
18.552943,3.251000,116.000,20.957000,1.043000,127.863153,4019,240,0,107,225,2038,9,0
18.566400,13.457000,116.000,20.957000,1.043000,127.852143,4016,237,0,106,224,2036,9,0
18.569479,3.079000,116.000,20.957000,1.043000,127.835000,4005,232,0,106,223,2034,9,0
18.583094,13.615000,116.000,20.957000,1.043000,127.958741,4062,242,0,121,238,2064,9,0
18.586729,3.635000,116.000,20.957000,1.043000,127.959222,4062,242,0,121,238,2064,9,0
18.599353,12.624000,116.000,20.957000,1.043000,127.959702,4062,242,0,121,238,2064,9,0
18.602047,2.694000,116.000,20.957000,1.043000,127.960183,4062,242,0,121,238,2064,9,0
18.615790,13.743000,116.000,20.957000,1.043000,127.960755,4062,242,0,121,238,2064,9,0
18.618949,3.159000,116.000,20.957000,1.043000,127.883626,4052,237,0,111,228,2044,9,0
18.633066,14.117000,116.000,20.957000,1.043000,127.873818,4035,237,0,111,228,2044,9,0
18.636116,3.050000,116.000,20.957000,1.043000,127.874299,4035,237,0,111,228,2044,9,0
18.649762,13.646000,116.000,20.957000,1.043000,127.874761,4035,237,0,111,228,2044,9,0
18.654515,4.753000,116.000,20.957000,1.043000,127.875241,4035,237,0,111,228,2044,9,0
18.666456,11.941000,116.000,20.957000,1.043000,127.875722,4035,237,0,111,228,2044,9,0
18.669533,3.077000,116.000,20.957000,1.043000,127.876203,4035,237,0,111,228,2044,9,0
18.683119,13.586000,116.000,20.957000,1.043000,127.878583,4038,237,0,111,228,2044,9,0
18.686176,3.057000,116.000,20.957000,1.043000,127.875447,4032,237,0,111,228,2044,9,0
18.699837,13.661000,116.000,20.957000,1.043000,127.875928,4032,237,0,111,228,2044,9,0
18.702792,2.955000,116.000,20.957000,1.043000,127.876409,4032,237,0,111,228,2044,9,0
18.716577,13.785000,116.000,20.957000,1.043000,127.875196,4029,237,0,111,228,2044,9,0
18.719565,2.988000,116.000,20.957000,1.043000,127.871266,4027,237,0,106,223,2034,9,0
18.733233,13.668000,116.000,20.957000,1.043000,127.871747,4027,237,0,106,223,2034,9,0
18.736239,3.006000,116.000,20.957000,1.043000,127.872228,4027,237,0,106,223,2034,9,0
18.750314,14.075000,116.000,20.957000,1.043000,127.851701,4017,232,0,106,223,2034,9,0
18.753805,3.491000,116.000,20.957000,1.043000,127.837457,3992,232,0,106,223,2034,9,0
18.766622,12.817000,116.000,20.957000,1.043000,127.836297,3989,232,0,106,223,2034,9,0
18.768682,2.060000,116.000,20.957000,1.043000,127.836778,3989,232,0,107,223,2034,9,0
18.783193,14.511000,116.000,20.957000,1.043000,127.835618,3986,232,0,107,223,2034,9,0
18.784902,1.709000,116.000,20.957000,1.043000,127.836099,3986,232,0,106,223,2034,9,0
18.799768,14.866000,116.000,20.957000,1.043000,127.837480,3986,232,0,106,223,2034,9,1
18.801593,1.825000,116.000,20.957000,1.043000,127.843965,3996,232,0,106,223,2034,9,1
18.816516,14.923000,116.000,20.957000,1.043000,127.845551,4002,231,0,106,223,2034,9,0
18.818267,1.751000,116.000,20.957000,1.043000,127.842774,3997,231,0,108,223,2034,9,0
18.833159,14.892000,116.000,20.957000,1.043000,127.843049,3997,231,0,108,223,2034,9,0
18.835044,1.885000,116.000,20.957000,1.043000,127.843530,3997,231,0,108,223,2034,9,0
18.849607,14.563000,116.000,20.957000,1.043000,127.845670,4000,231,0,108,223,2034,9,0
18.852373,2.766000,116.000,20.957000,1.043000,127.846150,4000,231,0,108,223,2034,9,0
18.870842,18.469000,116.000,20.957000,1.043000,128.591607,4425,299,0,197,323,2234,9,0
18.882537,11.695000,116.000,20.957000,1.043000,128.592088,4425,299,0,198,323,2234,9,0
18.885420,2.883000,116.000,20.957000,1.043000,128.592568,4425,299,0,198,323,2234,9,0
18.899442,14.022000,116.000,20.957000,1.043000,128.457765,4438,293,0,180,302,2192,9,0
18.902535,3.093000,116.000,20.957000,1.043000,128.418252,4369,293,0,180,302,2192,9,0
18.916066,13.531000,116.000,20.957000,1.043000,128.420384,4372,293,0,180,302,2192,9,0
18.920312,4.246000,116.000,20.957000,1.043000,128.420865,4372,293,0,180,302,2192,9,0
18.932688,12.376000,116.000,20.957000,1.043000,128.421346,4372,293,0,180,302,2192,9,0
18.934570,1.882000,116.000,20.957000,1.043000,128.426457,4378,293,0,180,302,2192,9,0
18.949330,14.760000,116.000,20.957000,1.043000,128.424993,4375,293,0,180,302,2192,9,0
18.951194,1.864000,116.000,20.957000,1.043000,128.425427,4375,293,0,180,302,2192,9,0
18.966113,14.919000,116.000,20.957000,1.043000,128.425908,4375,293,0,180,302,2192,9,0
18.967942,1.829000,116.000,20.957000,1.043000,128.426389,4375,293,0,181,302,2192,9,0
18.982579,14.637000,116.000,20.957000,1.043000,128.426869,4375,293,0,180,301,2190,9,0
18.984340,1.761000,116.000,20.957000,1.043000,128.427350,4375,293,0,180,301,2190,9,0
18.999442,15.102000,116.000,20.957000,1.043000,128.425420,4371,293,0,179,301,2190,9,0
19.001380,1.938000,116.000,20.957000,1.043000,128.421491,4369,293,0,149,271,2130,9,0
19.015973,14.593000,116.000,20.957000,1.043000,128.423577,4372,293,0,149,271,2130,9,0
19.018050,2.077000,116.000,20.957000,1.043000,128.424058,4372,293,0,149,271,2130,9,0
19.033029,14.979000,116.000,20.957000,1.043000,128.302453,4312,263,0,149,271,2130,9,0
19.036604,3.575000,116.000,20.957000,1.043000,128.214639,4162,263,0,145,266,2120,9,0
19.049419,12.815000,116.000,20.957000,1.043000,128.215028,4162,263,0,145,266,2120,9,0
19.052128,2.709000,116.000,20.957000,1.043000,128.194837,4152,258,0,145,266,2120,9,0
19.065755,13.627000,116.000,20.957000,1.043000,128.180562,4127,258,0,145,266,2120,9,0
19.068823,3.068000,116.000,20.957000,1.043000,128.181043,4127,258,0,143,265,2118,9,0
19.082799,13.976000,116.000,20.957000,1.043000,128.169301,4119,255,0,143,265,2118,9,0
19.085644,2.845000,116.000,20.957000,1.043000,128.162587,4107,255,0,143,265,2118,9,0
19.099377,13.733000,116.000,20.957000,1.043000,128.161427,4104,255,0,142,264,2116,9,0
19.102259,2.882000,116.000,20.957000,1.043000,128.161908,4104,255,0,142,264,2116,9,0
19.116159,13.900000,116.000,20.957000,1.043000,128.177556,4114,259,0,140,262,2112,9,0
19.119367,3.208000,116.000,20.957000,1.043000,128.178777,4114,259,0,140,262,2112,9,0
19.133154,13.787000,116.000,20.957000,1.043000,128.290761,4234,279,0,140,262,2112,9,0
19.138047,4.893000,116.000,20.957000,1.043000,128.291242,4227,279,0,153,274,2136,9,0
19.149615,11.568000,116.000,20.957000,1.043000,128.290860,4224,279,0,151,272,2132,9,0
19.152671,3.056000,116.000,20.957000,1.043000,128.279904,4221,276,0,149,271,2130,9,0
19.166482,13.811000,116.000,20.957000,1.043000,128.407197,4284,286,0,163,285,2158,9,0
19.170907,4.425000,116.000,20.957000,1.043000,128.392503,4277,281,0,163,285,2158,9,0
19.183087,12.180000,116.000,20.957000,1.043000,128.388288,4270,281,0,163,285,2158,9,0
19.186339,3.252000,116.000,20.957000,1.043000,128.388768,4270,281,0,163,285,2158,9,0
19.199841,13.502000,116.000,20.957000,1.043000,128.389249,4270,281,0,163,285,2158,9,0
19.202943,3.102000,116.000,20.957000,1.043000,128.312234,4260,276,0,153,275,2138,9,0
19.216564,13.621000,116.000,20.957000,1.043000,128.300767,4240,276,0,153,275,2138,9,0
19.219626,3.062000,116.000,20.957000,1.043000,128.301248,4240,276,0,153,275,2138,9,0
19.233369,13.743000,116.000,20.957000,1.043000,128.303388,4243,276,0,153,275,2138,9,0
19.236386,3.017000,116.000,20.957000,1.043000,128.303922,4243,276,0,153,275,2138,9,0
19.249961,13.575000,116.000,20.957000,1.043000,128.302743,4240,276,0,153,275,2138,9,0
19.255023,5.062000,116.000,20.957000,1.043000,128.303224,4240,276,0,153,275,2138,9,0
19.266524,11.501000,116.000,20.957000,1.043000,128.176393,4190,236,0,153,275,2138,9,0
19.269684,3.160000,118.000,17.826000,1.080000,128.144708,4140,236,0,143,255,2098,9,0
19.282885,13.201000,118.000,17.826000,1.080000,128.145188,4140,236,0,143,255,2098,9,0
19.286256,3.371000,118.000,17.826000,1.080000,128.145669,4140,236,0,143,255,2098,9,0
19.299791,13.535000,118.000,17.826000,1.080000,128.146096,4140,236,0,142,254,2096,9,0
19.302841,3.050000,118.000,17.826000,1.080000,128.142167,4138,236,0,137,249,2086,9,0
19.316589,13.748000,118.000,17.826000,1.080000,128.139459,4133,236,0,137,249,2086,9,0
19.319677,3.088000,118.000,17.826000,1.080000,128.139939,4133,236,0,137,249,2086,9,0
19.333388,13.711000,118.000,17.826000,1.080000,128.119870,4123,231,0,137,249,2086,9,0
19.336334,2.946000,118.000,17.826000,1.080000,128.105680,4098,231,0,136,249,2086,9,0
19.349733,13.399000,118.000,17.826000,1.080000,128.090737,4096,230,0,134,247,2082,9,0
19.353383,3.650000,118.000,17.826000,1.080000,128.088838,4092,230,0,135,247,2082,9,0
19.366481,13.098000,118.000,17.826000,1.080000,128.089318,4092,230,0,135,247,2082,9,0
19.368209,1.728000,118.000,17.826000,1.080000,128.089799,4092,230,0,133,247,2082,9,0
19.382264,14.055000,118.000,17.826000,1.080000,128.090264,4092,230,0,133,247,2082,9,0
19.384568,2.304000,118.000,17.826000,1.080000,128.096749,4102,230,0,134,247,2082,9,0
19.399999,15.431000,118.000,17.826000,1.080000,128.097230,4102,230,0,134,247,2082,9,0
19.404222,4.223000,118.000,17.826000,1.080000,128.097711,4102,230,0,135,247,2082,9,0
19.416525,12.303000,118.000,17.826000,1.080000,128.096551,4099,230,0,135,247,2082,9,0
19.418333,1.808000,118.000,17.826000,1.080000,128.097032,4099,230,0,134,247,2082,9,0
19.433409,15.076000,118.000,17.826000,1.080000,128.097512,4099,230,0,134,247,2082,9,0
19.435322,1.913000,118.000,17.826000,1.080000,128.082849,4075,230,0,134,247,2082,9,0
19.453420,18.098000,118.000,17.826000,1.080000,128.622991,4463,290,0,201,319,2226,9,0
19.466115,12.695000,118.000,17.826000,1.080000,128.623425,4463,290,0,201,319,2226,9,0
19.468267,2.152000,118.000,17.826000,1.080000,128.622266,4460,290,0,201,319,2226,9,0
19.482815,14.548000,118.000,17.826000,1.080000,128.622746,4460,290,0,201,319,2226,9,0
19.485786,2.971000,118.000,17.826000,1.080000,128.207994,4379,261,0,151,259,2106,9,0
19.499017,13.231000,118.000,17.826000,1.080000,128.145783,4273,261,0,151,259,2106,9,0
19.502302,3.285000,118.000,17.826000,1.080000,128.146264,4273,261,0,151,259,2106,9,0
19.516504,14.202000,118.000,17.826000,1.080000,128.146745,4273,261,0,151,259,2106,9,0
19.521271,4.767000,118.000,17.826000,1.080000,128.147225,4273,261,0,151,259,2106,9,0
19.532481,11.210000,118.000,17.826000,1.080000,128.147706,4273,261,0,151,259,2106,9,0
19.535619,3.138000,118.000,17.826000,1.080000,128.148187,4273,261,0,151,259,2106,9,0
19.549348,13.729000,118.000,17.826000,1.080000,128.150319,4276,261,0,151,259,2106,9,0
19.552309,2.961000,118.000,17.826000,1.080000,128.150853,4276,261,0,152,259,2106,9,0
19.565884,13.575000,118.000,17.826000,1.080000,128.153005,4279,261,0,152,259,2106,9,0
19.569079,3.195000,118.000,17.826000,1.080000,128.153485,4279,261,0,153,259,2106,9,0
19.582786,13.707000,118.000,17.826000,1.080000,128.151464,4275,261,0,153,259,2106,9,0
19.585779,2.993000,118.000,17.826000,1.080000,128.151891,4275,261,0,117,223,2034,9,0
19.599444,13.665000,118.000,17.826000,1.080000,128.147962,4273,261,0,117,223,2034,9,0
19.602471,3.027000,118.000,17.826000,1.080000,128.148442,4273,261,0,117,223,2034,9,0
19.615963,13.492000,118.000,17.826000,1.080000,128.000337,4204,225,0,117,223,2034,9,0
19.618674,2.711000,118.000,17.826000,1.080000,127.906198,4042,225,0,117,223,2034,9,0
19.632462,13.788000,118.000,17.826000,1.080000,127.886640,4009,225,0,117,223,2034,9,0
19.635576,3.114000,118.000,17.826000,1.080000,127.887174,4009,225,0,117,223,2034,9,0
19.649771,14.195000,118.000,17.826000,1.080000,127.887628,4009,225,0,117,223,2034,9,0
19.652555,2.784000,118.000,17.826000,1.080000,127.888108,4009,225,0,117,223,2034,9,0
19.666737,14.182000,118.000,17.826000,1.080000,127.888452,4009,225,0,117,223,2034,9,0
19.671663,4.926000,118.000,17.826000,1.080000,127.885430,4003,225,0,116,223,2034,9,0
19.682751,11.088000,118.000,17.826000,1.080000,127.885911,4003,225,0,115,222,2032,9,0
19.685939,3.188000,118.000,17.826000,1.080000,127.886392,4003,225,0,115,222,2032,9,0
19.699855,13.916000,118.000,17.826000,1.080000,127.886964,4003,225,0,113,220,2028,9,0
19.701528,1.673000,118.000,17.826000,1.080000,127.887444,4003,225,0,112,219,2026,9,0
19.715573,14.045000,118.000,17.826000,1.080000,127.877934,4003,221,0,112,219,2026,9,0
19.717602,2.029000,118.000,17.826000,1.080000,127.874066,3996,221,0,113,219,2026,9,0
19.733239,15.637000,118.000,17.826000,1.080000,127.874520,3996,221,0,111,217,2022,9,0
19.734942,1.703000,118.000,17.826000,1.080000,127.863564,3993,218,0,110,216,2020,9,0
19.749239,14.297000,118.000,17.826000,1.080000,127.861619,3989,218,0,109,215,2018,9,0
19.752854,3.615000,118.000,17.826000,1.080000,127.951005,4036,221,0,121,227,2042,9,0
19.765577,12.723000,118.000,17.826000,1.080000,127.945123,4026,221,0,121,227,2042,9,0
19.767585,2.008000,118.000,17.826000,1.080000,127.945603,4026,221,0,121,227,2042,9,0
19.783011,15.426000,118.000,17.826000,1.080000,127.944444,4023,221,0,121,227,2042,9,0
19.785328,2.317000,118.000,17.826000,1.080000,127.901456,4054,217,0,111,217,2022,9,0
19.799720,14.392000,118.000,17.826000,1.080000,127.876950,4013,217,0,112,218,2024,9,0
19.801842,2.122000,118.000,17.826000,1.080000,127.877385,4013,217,0,112,218,2024,9,0
19.816503,14.661000,118.000,17.826000,1.080000,127.877866,4013,217,0,112,218,2024,9,0
19.819811,3.308000,118.000,17.826000,1.080000,127.878346,4013,217,0,112,218,2024,9,0
19.833214,13.403000,118.000,17.826000,1.080000,127.878827,4013,217,0,112,218,2024,9,0
19.836452,3.238000,118.000,17.826000,1.080000,127.879308,4013,217,0,112,218,2024,9,0
19.849785,13.333000,118.000,17.826000,1.080000,127.878148,4010,217,0,112,218,2024,9,0
19.852827,3.042000,118.000,17.826000,1.080000,127.878629,4010,217,0,112,218,2024,9,0
19.866625,13.798000,118.000,17.826000,1.080000,127.877469,4007,217,0,112,218,2024,9,0
19.868398,1.773000,118.000,17.826000,1.080000,127.878003,4007,217,0,112,218,2024,9,0
19.883378,14.980000,118.000,17.826000,1.080000,127.880136,4010,217,0,112,218,2024,9,0
19.885195,1.817000,118.000,17.826000,1.080000,127.880616,4010,217,0,112,218,2024,9,0
19.900070,14.875000,118.000,17.826000,1.080000,127.881959,4010,217,0,108,214,2016,9,1
19.901837,1.767000,118.000,17.826000,1.080000,127.877984,4008,217,0,108,214,2016,9,1
19.916849,15.012000,118.000,17.826000,1.080000,127.877572,4014,216,0,108,214,2016,9,0
19.920982,4.133000,118.000,17.826000,1.080000,127.858712,4001,212,0,108,214,2016,9,0
19.933087,12.105000,118.000,17.826000,1.080000,127.849030,3984,212,0,108,214,2016,9,0
19.934836,1.749000,118.000,17.826000,1.080000,127.849511,3984,212,0,108,214,2016,9,0
19.949709,14.873000,118.000,17.826000,1.080000,127.846704,3978,212,0,108,214,2016,9,0
19.951609,1.900000,118.000,17.826000,1.080000,127.847184,3978,212,0,108,214,2016,9,0
19.966455,14.846000,118.000,17.826000,1.080000,127.847680,3978,212,0,108,214,2016,9,0
19.969349,2.894000,118.000,17.826000,1.080000,127.854165,3988,212,0,101,208,2004,9,0
19.983267,13.918000,118.000,17.826000,1.080000,127.854661,3988,212,0,101,208,2004,9,0
19.986191,2.924000,118.000,17.826000,1.080000,127.855142,3988,212,0,102,208,2004,9,0
19.999844,13.653000,118.000,17.826000,1.080000,127.855622,3988,212,0,102,208,2004,9,0
20.002791,2.947000,118.000,17.826000,1.080000,127.856103,3988,212,0,101,208,2004,9,0
20.016682,13.891000,118.000,17.826000,1.080000,127.856568,3988,212,0,101,208,2004,9,0
20.019622,2.940000,118.000,17.826000,1.080000,127.857049,3988,212,0,100,208,2004,9,0
20.041441,21.819000,118.000,17.826000,1.080000,128.649293,4460,286,0,196,312,2212,9,0
20.045950,4.509000,118.000,17.826000,1.080000,128.649774,4460,286,0,196,312,2212,9,0
20.057257,11.307000,118.000,17.826000,1.080000,128.650208,4460,286,0,196,312,2212,9,0
20.061223,3.966000,118.000,17.826000,1.080000,128.636880,4435,286,0,196,312,2212,9,0
20.074097,12.874000,118.000,17.826000,1.080000,128.451158,4411,274,0,172,284,2156,9,0
20.078513,4.416000,118.000,17.826000,1.080000,128.423028,4363,274,0,171,283,2154,9,0
20.090479,11.966000,118.000,17.826000,1.080000,128.423509,4363,274,0,171,283,2154,9,0
20.094441,3.962000,118.000,17.826000,1.080000,128.423989,4363,274,0,171,283,2154,9,0
20.107445,13.004000,118.000,17.826000,1.080000,128.424470,4363,274,0,171,283,2154,9,0
20.111440,3.995000,118.000,17.826000,1.080000,128.423310,4360,274,0,171,283,2154,9,0
20.124117,12.677000,118.000,17.826000,1.080000,128.423745,4360,274,0,171,283,2154,9,0
20.130253,6.136000,118.000,17.826000,1.080000,128.424226,4360,274,0,171,283,2154,9,0
20.140286,10.033000,118.000,17.826000,1.080000,128.424760,4360,274,0,171,283,2154,9,0
20.144116,3.830000,118.000,17.826000,1.080000,128.425241,4360,274,0,165,277,2142,9,0
20.157331,13.215000,118.000,17.826000,1.080000,128.425721,4360,274,0,165,277,2142,9,0
20.159659,2.328000,118.000,17.826000,1.080000,128.402925,4323,274,0,165,277,2142,9,0
20.173939,14.280000,118.000,17.826000,1.080000,128.403352,4323,274,0,128,240,2068,9,0
20.176267,2.328000,118.000,17.826000,1.080000,128.388978,4316,271,0,128,240,2068,9,0
20.189958,13.691000,118.000,17.826000,1.080000,128.385766,4310,271,0,128,240,2068,9,0
20.192725,2.767000,118.000,17.826000,1.080000,128.239144,4238,235,0,128,240,2068,9,0
20.207258,14.533000,118.000,17.826000,1.080000,128.133607,4058,235,0,128,240,2068,9,0
20.209825,2.567000,118.000,17.826000,1.080000,128.150647,4068,239,0,128,240,2068,9,0
20.223921,14.096000,118.000,17.826000,1.080000,128.151814,4068,239,0,130,242,2072,9,0
20.226253,2.332000,118.000,17.826000,1.080000,128.152284,4068,239,0,130,242,2072,9,0
20.240684,14.431000,118.000,17.826000,1.080000,128.152764,4068,239,0,131,242,2072,9,0
20.243482,2.798000,118.000,17.826000,1.080000,128.154786,4071,239,0,131,242,2072,9,0
20.257643,14.161000,118.000,17.826000,1.080000,128.151765,4065,239,0,131,242,2072,9,0
20.263775,6.132000,118.000,17.826000,1.080000,128.336461,4188,287,0,130,241,2070,9,0
20.273937,10.162000,118.000,21.306000,1.085000,128.345685,4188,287,0,143,265,2118,9,0
20.277556,3.619000,118.000,21.306000,1.085000,128.346154,4188,287,0,141,263,2114,9,0
20.290616,13.060000,118.000,21.306000,1.085000,128.346635,4188,287,0,139,262,2112,9,0
20.294663,4.047000,118.000,21.306000,1.085000,128.333817,4182,283,0,139,262,2112,9,0
20.307075,12.412000,118.000,21.306000,1.085000,128.329949,4175,283,0,139,262,2112,9,0
20.311089,4.014000,118.000,21.306000,1.085000,128.332078,4178,283,0,137,260,2108,9,0
20.323914,12.825000,118.000,21.306000,1.085000,128.321122,4175,280,0,137,259,2106,9,0
20.327881,3.967000,118.000,21.306000,1.085000,128.319169,4171,280,0,136,258,2104,9,0
20.340354,12.473000,118.000,21.306000,1.085000,128.433652,4231,285,0,150,273,2134,9,0
20.344146,3.792000,118.000,21.306000,1.085000,128.427770,4221,285,0,150,273,2134,9,0
20.357332,13.186000,118.000,21.306000,1.085000,128.428250,4221,285,0,150,273,2134,9,0
20.360989,3.657000,118.000,21.306000,1.085000,128.428731,4221,285,0,150,273,2134,9,0
20.373950,12.961000,118.000,21.306000,1.085000,128.429212,4221,285,0,150,273,2134,9,0
20.377754,3.804000,118.000,21.306000,1.085000,128.367879,4213,281,0,142,265,2118,9,0
20.390761,13.007000,118.000,21.306000,1.085000,128.358838,4197,281,0,142,265,2118,9,0
20.394501,3.740000,118.000,21.306000,1.085000,128.359319,4197,281,0,142,265,2118,9,0
20.407604,13.103000,118.000,21.306000,1.085000,128.359799,4197,281,0,142,265,2118,9,0
20.413655,6.051000,118.000,21.306000,1.085000,128.371079,4200,281,0,142,265,2118,9,0
20.423892,10.237000,118.000,21.306000,1.085000,128.728318,4200,281,0,143,265,2118,9,0
20.434360,10.468000,118.000,21.306000,1.085000,128.728799,4200,281,0,143,265,2118,9,0
20.449773,15.413000,118.000,21.306000,1.085000,128.729234,4200,281,0,143,265,2118,9,0
20.451548,1.775000,118.000,21.306000,1.085000,128.729714,4200,281,0,143,265,2118,9,0
20.466335,14.787000,118.000,21.306000,1.085000,128.730195,4200,281,0,143,265,2118,9,0
20.468073,1.738000,118.000,21.306000,1.085000,128.730676,4200,281,0,143,265,2118,9,0
20.482907,14.834000,118.000,21.306000,1.085000,128.729463,4197,281,0,143,265,2118,9,0
20.486358,3.451000,118.000,21.306000,1.085000,128.725533,4195,281,0,138,260,2108,9,0
20.499468,13.110000,118.000,21.306000,1.085000,128.724374,4192,281,0,138,260,2108,9,0
20.501217,1.749000,118.000,21.306000,1.085000,128.704331,4182,276,0,138,260,2108,9,0
20.516644,15.427000,118.000,21.306000,1.085000,128.690038,4157,276,0,138,260,2108,9,0
20.520839,4.195000,118.000,21.306000,1.085000,128.690518,4157,276,0,138,260,2108,9,0
20.532706,11.867000,118.000,21.306000,1.085000,128.691014,4157,276,0,138,260,2108,9,0
20.534322,1.616000,118.000,21.306000,1.085000,128.691495,4157,276,0,138,260,2108,9,0
20.549804,15.482000,118.000,21.306000,1.085000,128.690320,4154,276,0,138,260,2108,9,0
20.554012,4.208000,118.000,21.306000,1.085000,128.696805,4164,276,0,138,260,2108,9,0
20.566428,12.416000,118.000,21.306000,1.085000,128.697392,4164,276,0,138,260,2108,9,0
20.569120,2.692000,118.000,21.306000,1.085000,128.697873,4164,276,0,138,260,2108,9,0
20.582847,13.727000,118.000,21.306000,1.085000,128.699952,4167,276,0,138,260,2108,9,0
20.585956,3.109000,118.000,21.306000,1.085000,128.700433,4167,276,0,138,260,2108,9,0
20.599676,13.720000,118.000,21.306000,1.085000,128.700894,4167,276,0,138,260,2108,9,0
20.601364,1.688000,118.000,21.306000,1.085000,128.701375,4167,276,0,137,260,2108,9,0
20.615589,14.225000,118.000,21.306000,1.085000,129.184525,4509,330,0,198,325,2238,9,0
20.618996,3.407000,118.000,21.306000,1.085000,129.185006,4509,330,0,198,325,2238,9,0
20.632958,13.962000,118.000,21.306000,1.085000,129.187158,4512,330,0,198,325,2238,9,0
20.636433,3.475000,118.000,21.306000,1.085000,129.187638,4512,330,0,198,325,2238,9,0
20.649219,12.786000,118.000,21.306000,1.085000,129.214410,4537,334,0,202,329,2246,9,0
20.651071,1.852000,118.000,21.306000,1.085000,128.800462,4465,308,0,150,269,2126,9,0
20.665916,14.845000,118.000,21.306000,1.085000,128.739007,4361,308,0,150,269,2126,9,0
20.667602,1.686000,118.000,21.306000,1.085000,128.739488,4361,308,0,150,269,2126,9,0
20.682527,14.925000,118.000,21.306000,1.085000,128.739968,4361,308,0,150,269,2126,9,0
20.684487,1.960000,118.000,21.306000,1.085000,128.740449,4361,308,0,150,269,2126,9,0
20.699347,14.860000,118.000,21.306000,1.085000,128.740930,4361,308,0,150,269,2126,9,0
20.701385,2.038000,118.000,21.306000,1.085000,128.741410,4361,308,0,150,269,2126,9,0
20.715829,14.444000,118.000,21.306000,1.085000,128.743539,4364,308,0,150,269,2126,9,0
20.718966,3.137000,118.000,21.306000,1.085000,128.744020,4364,308,0,150,269,2126,9,0
20.732776,13.810000,118.000,21.306000,1.085000,128.744500,4364,308,0,150,269,2126,9,0
20.736485,3.709000,118.000,21.306000,1.085000,128.744981,4364,308,0,150,269,2126,9,0
20.749264,12.779000,118.000,21.306000,1.085000,128.742906,4360,308,0,150,269,2126,9,0
20.751674,2.410000,118.000,21.306000,1.085000,128.738976,4358,308,0,119,238,2064,9,0
20.766298,14.624000,118.000,21.306000,1.085000,128.739457,4358,308,0,119,238,2064,9,0
20.769942,3.644000,118.000,21.306000,1.085000,128.739938,4358,308,0,119,238,2064,9,0
20.782973,13.031000,118.000,21.306000,1.085000,128.614324,4296,277,0,119,238,2064,9,0
20.785690,2.717000,118.000,21.306000,1.085000,128.523511,4141,277,0,115,234,2056,9,0
20.799653,13.963000,118.000,21.306000,1.085000,128.525605,4144,277,0,115,234,2056,9,0
20.802672,3.019000,118.000,21.306000,1.085000,128.526086,4144,277,0,115,234,2056,9,0
20.815605,12.933000,118.000,21.306000,1.085000,128.508554,4133,273,0,115,234,2056,9,0
20.817594,1.989000,118.000,21.306000,1.085000,128.497254,4113,273,0,116,234,2056,9,0
20.833379,15.785000,118.000,21.306000,1.085000,128.518792,4134,277,0,116,234,2056,9,0
20.835193,1.814000,118.000,21.306000,1.085000,128.516458,4128,277,0,116,236,2060,9,0
20.849688,14.495000,118.000,21.306000,1.085000,128.516877,4128,277,0,115,235,2058,9,0
20.851469,1.781000,118.000,21.306000,1.085000,128.517358,4128,277,0,116,235,2058,9,0
20.866474,15.005000,118.000,21.306000,1.085000,128.516183,4125,277,0,114,233,2054,9,0
20.868415,1.941000,118.000,21.306000,1.085000,128.516664,4125,277,0,113,232,2052,9,0
20.883420,15.005000,118.000,21.306000,1.085000,128.503861,4119,273,0,113,232,2052,9,0
20.887639,4.219000,118.000,21.306000,1.085000,128.499948,4112,273,0,112,232,2052,9,0
20.899189,11.550000,118.000,21.306000,1.085000,128.500428,4112,273,0,110,230,2048,9,0
20.901984,2.795000,118.000,21.306000,1.085000,128.489472,4109,270,0,111,229,2046,9,0
20.916492,14.508000,118.000,21.306000,1.085000,128.472322,4098,265,0,110,228,2044,9,0
20.920129,3.637000,118.000,21.306000,1.085000,128.595777,4155,275,0,124,243,2074,9,0
20.932778,12.649000,118.000,21.306000,1.085000,128.596227,4155,275,0,124,243,2074,9,0
20.936424,3.646000,118.000,21.306000,1.085000,128.596707,4155,275,0,124,243,2074,9,0
20.949254,12.830000,118.000,21.306000,1.085000,128.597199,4155,275,0,124,243,2074,9,0
20.952219,2.965000,118.000,21.306000,1.085000,128.597733,4155,275,0,124,243,2074,9,0
20.965881,13.662000,118.000,21.306000,1.085000,128.522325,4148,270,0,114,233,2054,9,0
20.969578,3.697000,118.000,21.306000,1.085000,128.510903,4128,270,0,115,233,2054,9,0
20.982371,12.793000,118.000,21.306000,1.085000,128.511384,4128,270,0,115,233,2054,9,0
20.986311,3.940000,118.000,21.306000,1.085000,128.511865,4128,270,0,115,233,2054,9,0
20.999537,13.226000,118.000,21.306000,1.085000,128.513154,4128,270,0,115,233,2054,9,1
21.001413,1.876000,118.000,21.306000,1.085000,128.513688,4128,270,0,115,233,2054,9,1
21.016484,15.071000,118.000,21.306000,1.085000,128.516480,4137,269,0,115,233,2054,9,0
21.019652,3.168000,118.000,21.306000,1.085000,128.513703,4132,269,0,116,233,2054,9,0
21.032125,12.473000,118.000,21.306000,1.085000,128.512544,4129,269,0,116,233,2054,9,0
21.034291,2.166000,118.000,21.306000,1.085000,128.513024,4129,269,0,116,233,2054,9,0
21.049388,15.097000,118.000,21.306000,1.085000,128.514695,4129,269,0,116,233,2054,9,2
21.051068,1.680000,118.000,21.306000,1.085000,128.515176,4129,269,0,116,233,2054,9,2
21.066035,14.967000,118.000,21.306000,1.085000,128.516221,4129,269,0,111,228,2044,9,2
21.067711,1.676000,118.000,21.306000,1.085000,128.512292,4127,269,0,111,228,2044,9,2
21.082954,15.243000,118.000,21.306000,1.085000,128.514039,4139,267,0,111,228,2044,9,0
21.084848,1.894000,118.000,21.306000,1.085000,128.487527,4119,262,0,113,228,2044,9,0
21.099458,14.610000,118.000,21.306000,1.085000,128.473180,4094,262,0,113,228,2044,9,0
21.101672,2.214000,118.000,21.306000,1.085000,128.473660,4094,262,0,113,228,2044,9,0
21.116125,14.453000,118.000,21.306000,1.085000,128.475804,4097,262,0,113,228,2044,9,0
21.118763,2.638000,118.000,21.306000,1.085000,128.476338,4097,262,0,113,228,2044,9,0
21.133232,14.469000,118.000,21.306000,1.085000,128.476796,4097,262,0,113,228,2044,9,0
21.137177,3.945000,118.000,21.306000,1.085000,128.480748,4103,262,0,113,228,2044,9,0
21.149583,12.406000,118.000,21.306000,1.085000,128.481214,4103,262,0,113,228,2044,9,0
21.168517,18.934000,118.000,21.306000,1.085000,128.481694,4103,262,0,113,228,2044,9,0
21.182262,13.745000,118.000,21.306000,1.085000,128.482175,4103,262,0,113,228,2044,9,0
21.184915,2.653000,118.000,21.306000,1.085000,128.482656,4103,262,0,112,227,2042,9,0
21.198899,13.984000,118.000,21.306000,1.085000,128.481496,4100,262,0,112,227,2042,9,0
21.212630,13.731000,118.000,21.306000,1.085000,129.231492,4529,331,0,203,328,2244,9,0
21.224146,11.516000,118.000,21.306000,1.085000,129.231927,4529,331,0,203,328,2244,9,0
21.226352,2.206000,118.000,21.306000,1.085000,129.232408,4529,331,0,203,328,2244,9,0
21.240843,14.491000,118.000,21.306000,1.085000,129.182321,4527,311,0,185,306,2200,9,0
21.242810,1.967000,118.000,21.306000,1.085000,128.977475,4440,300,0,183,304,2196,9,0
21.257487,14.677000,118.000,21.306000,1.085000,128.950040,4393,300,0,183,304,2196,9,0
21.260331,2.844000,118.000,21.306000,1.085000,128.950521,4393,300,0,183,304,2196,9,0
21.274508,14.177000,116.000,18.390000,0.794000,128.951001,4393,300,0,183,304,2196,9,0
21.278272,3.764000,116.000,18.390000,0.794000,128.942704,4391,297,0,182,303,2194,9,0
21.290584,12.312000,116.000,18.390000,0.794000,128.939492,4385,297,0,182,303,2194,9,0
21.294237,3.653000,116.000,18.390000,0.794000,128.939973,4385,297,0,182,303,2194,9,0
21.307075,12.838000,116.000,18.390000,0.794000,128.940454,4385,297,0,182,303,2194,9,0
21.309702,2.627000,116.000,18.390000,0.794000,128.956086,4395,301,0,182,303,2194,9,0
21.323760,14.058000,116.000,18.390000,0.794000,128.957253,4395,301,0,184,305,2198,9,0
21.325948,2.188000,116.000,18.390000,0.794000,128.956853,4394,301,0,184,305,2198,9,0
21.340869,14.921000,116.000,18.390000,0.794000,128.936299,4384,295,0,151,272,2132,9,0
21.342412,1.543000,116.000,18.390000,0.794000,128.927754,4369,295,0,151,272,2132,9,0
21.357579,15.167000,116.000,18.390000,0.794000,128.802022,4307,264,0,151,272,2132,9,0
21.359239,1.660000,116.000,18.390000,0.794000,128.706800,4150,264,0,146,267,2122,9,0
21.374717,15.478000,116.000,18.390000,0.794000,128.707280,4150,264,0,146,267,2122,9,0
21.378232,3.515000,116.000,18.390000,0.794000,128.707761,4150,264,0,146,267,2122,9,0
21.391484,13.252000,116.000,18.390000,0.794000,128.686273,4140,259,0,146,267,2122,9,0
21.394562,3.078000,116.000,18.390000,0.794000,128.672029,4115,259,0,146,267,2122,9,0
21.407782,13.220000,116.000,18.390000,0.794000,128.674272,4118,259,0,146,267,2122,9,0
21.409658,1.876000,116.000,18.390000,0.794000,128.667634,4106,259,0,144,267,2122,9,0
21.424686,15.028000,116.000,18.390000,0.794000,128.668206,4106,259,0,143,266,2120,9,0
21.428469,3.783000,116.000,18.390000,0.794000,128.668687,4106,259,0,144,266,2120,9,0
21.441302,12.833000,116.000,18.390000,0.794000,128.669152,4106,259,0,142,264,2116,9,0
21.444270,2.968000,116.000,18.390000,0.794000,128.669633,4106,259,0,143,264,2116,9,0
21.458207,13.937000,116.000,18.390000,0.794000,128.656785,4100,255,0,142,263,2114,9,0
21.461176,2.969000,116.000,18.390000,0.794000,128.652917,4093,255,0,140,263,2114,9,0
21.474976,13.800000,116.000,18.390000,0.794000,128.653398,4093,255,0,138,261,2110,9,0
21.477789,2.813000,116.000,18.390000,0.794000,128.642442,4090,252,0,136,260,2108,9,0
21.491504,13.715000,116.000,18.390000,0.794000,128.640496,4086,252,0,135,259,2106,9,0
21.494434,2.930000,116.000,18.390000,0.794000,128.728238,4130,255,0,148,271,2130,9,0
21.507899,13.465000,116.000,18.390000,0.794000,128.722356,4120,255,0,148,271,2130,9,0
21.509632,1.733000,116.000,18.390000,0.794000,128.722836,4120,255,0,149,271,2130,9,0
21.524785,15.153000,116.000,18.390000,0.794000,128.723317,4120,255,0,149,271,2130,9,0
21.528296,3.511000,116.000,18.390000,0.794000,128.723798,4120,255,0,148,271,2130,9,0
21.541084,12.788000,116.000,18.390000,0.794000,128.646653,4110,250,0,138,261,2110,9,0
21.542781,1.697000,116.000,18.390000,0.794000,128.635232,4090,250,0,139,261,2110,9,0
21.557849,15.068000,116.000,18.390000,0.794000,128.634072,4087,250,0,139,261,2110,9,0
21.559975,2.126000,116.000,18.390000,0.794000,128.634553,4087,250,0,138,261,2110,9,0
21.574435,14.460000,116.000,18.390000,0.794000,128.635034,4087,250,0,138,261,2110,9,0
21.576404,1.969000,116.000,18.390000,0.794000,128.635514,4087,250,0,138,261,2110,9,0
21.591482,15.078000,116.000,18.390000,0.794000,128.636010,4087,250,0,139,261,2110,9,0
21.595325,3.843000,116.000,18.390000,0.794000,128.641122,4093,250,0,139,261,2110,9,0
21.607607,12.282000,116.000,18.390000,0.794000,128.639703,4090,250,0,139,261,2110,9,0
21.610430,2.823000,116.000,18.390000,0.794000,128.640183,4090,250,0,139,261,2110,9,0
21.624547,14.117000,116.000,18.390000,0.794000,128.640618,4090,250,0,139,261,2110,9,0
21.627287,2.740000,116.000,18.390000,0.794000,128.641099,4090,250,0,139,261,2110,9,0
21.641289,14.002000,116.000,18.390000,0.794000,128.643174,4093,250,0,135,257,2102,9,0
21.644155,2.866000,116.000,18.390000,0.794000,128.639245,4091,250,0,135,257,2102,9,0
21.658201,14.046000,116.000,18.390000,0.794000,128.641351,4094,250,0,135,257,2102,9,0
21.662785,4.584000,116.000,18.390000,0.794000,128.625749,4086,246,0,135,257,2102,9,0
21.674899,12.114000,116.000,18.390000,0.794000,128.599271,4064,245,0,133,255,2098,9,0
21.677829,2.930000,116.000,18.390000,0.794000,128.597371,4060,245,0,133,255,2098,9,0
21.691464,13.635000,116.000,18.390000,0.794000,128.597852,4060,245,0,133,255,2098,9,0
21.694853,3.389000,116.000,18.390000,0.794000,128.598332,4060,245,0,132,255,2098,9,0
21.708388,13.535000,116.000,18.390000,0.794000,128.600461,4063,245,0,132,255,2098,9,0
21.713465,5.077000,116.000,18.390000,0.794000,128.606946,4073,245,0,132,255,2098,9,0
21.723915,10.450000,116.000,18.390000,0.794000,128.607419,4073,245,0,132,255,2098,9,0
21.725577,1.662000,116.000,18.390000,0.794000,128.607900,4073,245,0,132,255,2098,9,0
21.740587,15.010000,116.000,18.390000,0.794000,128.608396,4073,245,0,132,255,2098,9,0
21.742532,1.945000,116.000,18.390000,0.794000,128.608876,4073,245,0,132,255,2098,9,0
21.758361,15.829000,116.000,18.390000,0.794000,128.609342,4073,245,0,132,255,2098,9,0
21.760160,1.799000,116.000,18.390000,0.794000,128.609822,4073,245,0,133,255,2098,9,0
21.777057,16.897000,116.000,18.390000,0.794000,129.129079,4427,301,0,198,324,2236,9,0
21.790650,13.593000,116.000,18.390000,0.794000,129.129560,4427,301,0,197,323,2234,9,0
21.793035,2.385000,116.000,18.390000,0.794000,129.131646,4430,301,0,197,323,2234,9,0
21.807443,14.408000,116.000,18.390000,0.794000,129.132180,4430,301,0,197,323,2234,9,0
21.812277,4.834000,116.000,18.390000,0.794000,129.170152,4468,306,0,202,328,2244,9,0
21.824138,11.861000,116.000,18.390000,0.794000,128.769029,4393,281,0,152,268,2124,9,0
21.828202,4.064000,116.000,18.390000,0.794000,128.709954,4293,281,0,152,268,2124,9,0
21.840535,12.333000,116.000,18.390000,0.794000,128.710435,4293,281,0,152,268,2124,9,0
21.844097,3.562000,116.000,18.390000,0.794000,128.710916,4293,281,0,152,268,2124,9,0
21.856857,12.760000,116.000,18.390000,0.794000,128.711396,4293,281,0,152,268,2124,9,0
21.860456,3.599000,116.000,18.390000,0.794000,128.711785,4293,281,0,152,268,2124,9,0
21.873557,13.101000,116.000,18.390000,0.794000,128.712266,4293,281,0,152,268,2124,9,0
21.877179,3.622000,116.000,18.390000,0.794000,128.712766,4293,281,0,152,268,2124,9,0
21.890625,13.446000,116.000,18.390000,0.794000,128.713246,4293,281,0,152,268,2124,9,0
21.895630,5.005000,116.000,18.390000,0.794000,128.712068,4290,281,0,152,268,2124,9,0
21.907148,11.518000,116.000,18.390000,0.794000,128.712556,4290,281,0,152,268,2124,9,0
21.910701,3.553000,116.000,18.390000,0.794000,128.710481,4286,281,0,152,268,2124,9,0
21.923924,13.223000,116.000,18.390000,0.794000,128.706552,4284,281,0,121,237,2062,9,0
21.927386,3.462000,116.000,18.390000,0.794000,128.707032,4284,281,0,121,237,2062,9,0
21.940501,13.115000,116.000,18.390000,0.794000,128.707513,4284,281,0,121,237,2062,9,0
21.944212,3.711000,116.000,18.390000,0.794000,128.580201,4219,250,0,121,237,2062,9,0
21.957259,13.047000,116.000,18.390000,0.794000,128.489388,4064,250,0,116,232,2052,9,0
21.960837,3.578000,116.000,18.390000,0.794000,128.489869,4064,250,0,115,231,2050,9,0
21.973779,12.942000,116.000,18.390000,0.794000,128.490350,4064,250,0,115,231,2050,9,0
21.977626,3.847000,116.000,18.390000,0.794000,128.468610,4052,245,0,115,231,2050,9,0
21.990531,12.905000,116.000,18.390000,0.794000,128.454366,4027,245,0,115,231,2050,9,0
21.994705,4.174000,116.000,18.390000,0.794000,128.454690,4027,245,0,115,231,2050,9,0
22.007286,12.581000,116.000,18.390000,0.794000,128.451669,4021,245,0,114,231,2050,9,0
22.011020,3.734000,116.000,18.390000,0.794000,128.452134,4021,245,0,113,230,2048,9,0
22.024231,13.211000,116.000,18.390000,0.794000,128.452569,4021,245,0,113,230,2048,9,0
22.026915,2.684000,116.000,18.390000,0.794000,128.453053,4021,245,0,111,228,2044,9,0
22.040754,13.839000,116.000,18.390000,0.794000,128.453588,4021,245,0,110,227,2042,9,0
22.043376,2.622000,116.000,18.390000,0.794000,128.439141,4012,241,0,110,227,2042,9,0
22.057430,14.054000,116.000,18.390000,0.794000,128.435273,4005,241,0,110,227,2042,9,0
22.061452,4.022000,116.000,18.390000,0.794000,128.435708,4005,241,0,108,225,2038,9,0
22.073952,12.500000,116.000,18.390000,0.794000,128.424752,4002,238,0,107,224,2036,9,0
22.076499,2.547000,116.000,18.390000,0.794000,128.422807,3998,238,0,106,223,2034,9,0
22.090739,14.240000,116.000,18.390000,0.794000,128.408113,3991,233,0,105,223,2034,9,0
22.094691,3.952000,116.000,18.390000,0.794000,128.506776,4035,241,0,118,235,2058,9,1
22.107314,12.623000,116.000,18.390000,0.794000,128.507257,4035,241,0,119,235,2058,9,1
22.110192,2.878000,116.000,18.390000,0.794000,128.506742,4038,240,0,119,235,2058,9,0
22.124053,13.861000,116.000,18.390000,0.794000,128.503964,4033,240,0,119,235,2058,9,0
22.129642,5.589000,116.000,18.390000,0.794000,128.442677,4025,236,0,111,227,2042,9,0
22.140471,10.829000,116.000,18.390000,0.794000,128.433637,4009,236,0,112,227,2042,9,0
22.143995,3.524000,116.000,18.390000,0.794000,128.434102,4009,236,0,112,227,2042,9,0
22.157084,13.089000,116.000,18.390000,0.794000,128.434583,4009,236,0,112,227,2042,9,0
22.160350,3.266000,116.000,18.390000,0.794000,128.435079,4009,236,0,112,227,2042,9,0
22.173841,13.491000,116.000,18.390000,0.794000,128.435513,4009,236,0,112,227,2042,9,0
22.177223,3.382000,116.000,18.390000,0.794000,128.435994,4009,236,0,112,227,2042,9,0
22.190758,13.535000,116.000,18.390000,0.794000,128.436475,4009,236,0,111,227,2042,9,0
22.194527,3.769000,116.000,18.390000,0.794000,128.436955,4009,236,0,111,227,2042,9,0
22.207381,12.854000,116.000,18.390000,0.794000,128.437436,4009,236,0,111,227,2042,9,0
22.211163,3.782000,116.000,18.390000,0.794000,128.436276,4006,236,0,111,227,2042,9,0
22.224085,12.922000,116.000,18.390000,0.794000,128.436757,4006,236,0,112,227,2042,9,0
22.226791,2.706000,116.000,18.390000,0.794000,128.437238,4006,236,0,112,227,2042,9,0
22.240626,13.835000,116.000,18.390000,0.794000,128.437718,4006,236,0,107,223,2034,9,0
22.243299,2.673000,116.000,18.390000,0.794000,128.433721,4004,236,0,107,223,2034,9,0
22.257230,13.931000,116.000,18.390000,0.794000,128.434201,4004,236,0,107,223,2034,9,0
22.260084,2.854000,116.000,18.390000,0.794000,128.417089,3993,232,0,107,223,2034,9,0
22.273903,13.819000,119.000,16.446000,0.748000,128.405789,3973,232,0,108,223,2034,9,0
22.276736,2.833000,119.000,16.446000,0.748000,128.406224,3973,232,0,107,222,2032,9,0
22.290462,13.726000,119.000,16.446000,0.748000,128.406705,3973,232,0,105,222,2032,9,0
22.294335,3.873000,119.000,16.446000,0.748000,128.407292,3973,232,0,106,222,2032,9,0
22.307232,12.897000,119.000,16.446000,0.748000,128.413777,3983,232,0,107,222,2032,9,0
22.310107,2.875000,119.000,16.446000,0.748000,128.414258,3983,232,0,107,222,2032,9,0
22.324113,14.006000,119.000,16.446000,0.748000,128.414739,3983,232,0,107,222,2032,9,0
22.327190,3.077000,119.000,16.446000,0.748000,128.415219,3983,232,0,107,222,2032,9,0
22.340330,13.140000,119.000,16.446000,0.748000,128.415654,3983,232,0,107,222,2032,9,0
22.344335,4.005000,119.000,16.446000,0.748000,128.417737,3986,232,0,107,222,2032,9,0
22.357527,13.192000,119.000,16.446000,0.748000,128.418218,3986,232,0,107,222,2032,9,0
22.376987,19.460000,119.000,16.446000,0.748000,129.146810,4408,299,0,195,320,2228,9,0
22.391096,14.109000,119.000,16.446000,0.748000,129.147290,4408,299,0,194,319,2226,9,0
22.392855,1.759000,119.000,16.446000,0.748000,129.137372,4403,296,0,194,319,2226,9,0
22.407710,14.855000,119.000,16.446000,0.748000,129.162076,4425,300,0,172,293,2174,9,0
22.409715,2.005000,119.000,16.446000,0.748000,128.950173,4379,287,0,172,293,2174,9,0
22.424708,14.993000,119.000,16.446000,0.748000,128.936467,4340,291,0,172,293,2174,9,0
22.428427,3.719000,119.000,16.446000,0.748000,128.937634,4340,291,0,174,295,2178,9,0
22.441296,12.869000,119.000,16.446000,0.748000,128.938111,4340,291,0,174,295,2178,9,0
22.444495,3.199000,119.000,16.446000,0.748000,128.938592,4340,291,0,174,295,2178,9,0
22.457470,12.975000,119.000,16.446000,0.748000,128.939073,4340,291,0,174,295,2178,9,0
22.459332,1.862000,119.000,16.446000,0.748000,128.939507,4340,291,0,174,295,2178,9,0
22.474177,14.845000,119.000,16.446000,0.748000,128.939988,4340,291,0,174,295,2178,9,0
22.476457,2.280000,119.000,16.446000,0.748000,128.940469,4340,291,0,174,295,2178,9,0
22.490858,14.401000,119.000,16.446000,0.748000,128.940949,4340,291,0,174,295,2178,9,0
22.495387,4.529000,119.000,16.446000,0.748000,128.941430,4340,291,0,174,295,2178,9,0
22.507103,11.716000,119.000,16.446000,0.748000,128.939408,4336,291,0,144,265,2118,9,0
22.510374,3.271000,119.000,16.446000,0.748000,128.941487,4339,291,0,144,265,2118,9,0
22.523809,13.435000,119.000,16.446000,0.748000,128.937558,4337,291,0,144,265,2118,9,0
22.527366,3.557000,119.000,16.446000,0.748000,128.815957,4277,261,0,144,265,2118,9,0
22.540645,13.279000,119.000,16.446000,0.748000,128.728089,4127,261,0,140,261,2110,9,0
22.544288,3.643000,119.000,16.446000,0.748000,128.728570,4127,261,0,140,261,2110,9,0
22.556949,12.661000,119.000,16.446000,0.748000,128.729051,4127,261,0,140,261,2110,9,0
22.560614,3.665000,119.000,16.446000,0.748000,128.713208,4119,257,0,140,261,2110,9,0
22.574212,13.598000,119.000,16.446000,0.748000,128.701909,4099,257,0,140,261,2110,9,0
22.578568,4.356000,119.000,16.446000,0.748000,128.700643,4096,257,0,140,261,2110,9,0
22.590796,12.228000,119.000,16.446000,0.748000,128.697621,4090,257,0,140,261,2110,9,0
22.594777,3.981000,119.000,16.446000,0.748000,128.696462,4087,257,0,139,260,2108,9,0
22.607347,12.570000,119.000,16.446000,0.748000,128.696942,4087,257,0,139,260,2108,9,0
22.611181,3.834000,119.000,16.446000,0.748000,128.697423,4087,257,0,137,258,2104,9,0
22.624220,13.039000,119.000,16.446000,0.748000,128.697904,4087,257,0,136,257,2102,9,0
22.630867,6.647000,119.000,16.446000,0.748000,128.685025,4081,253,0,136,257,2102,9,0
22.634797,3.930000,119.000,16.446000,0.748000,128.681157,4074,253,0,136,257,2102,9,0
22.649531,14.734000,119.000,16.446000,0.748000,128.679997,4071,253,0,134,255,2098,9,0
22.651150,1.619000,119.000,16.446000,0.748000,128.669042,4068,250,0,132,254,2096,9,0
22.666027,14.877000,119.000,16.446000,0.748000,128.667050,4064,250,0,131,253,2094,9,0
22.668793,2.766000,119.000,16.446000,0.748000,128.756112,4111,253,0,143,265,2118,9,0
22.682746,13.953000,119.000,16.446000,0.748000,128.751897,4104,253,0,143,265,2118,9,0
22.684459,1.713000,119.000,16.446000,0.748000,128.752378,4104,253,0,143,265,2118,9,0
22.699327,14.868000,119.000,16.446000,0.748000,128.752843,4104,253,0,143,265,2118,9,0
22.702808,3.481000,119.000,16.446000,0.748000,128.753324,4104,253,0,143,265,2118,9,0
22.715924,13.116000,119.000,16.446000,0.748000,128.753804,4104,253,0,143,265,2118,9,0
22.717582,1.658000,119.000,16.446000,0.748000,128.692563,4096,249,0,135,257,2102,9,0
22.732988,15.406000,119.000,16.446000,0.748000,128.685037,4083,249,0,135,257,2102,9,0
22.736035,3.047000,119.000,16.446000,0.748000,128.685517,4083,249,0,135,257,2102,9,0
22.749108,13.073000,119.000,16.446000,0.748000,128.684373,4080,249,0,135,257,2102,9,0
22.751710,2.602000,119.000,16.446000,0.748000,128.684854,4080,249,0,134,257,2102,9,0
22.765845,14.135000,119.000,16.446000,0.748000,128.685288,4080,249,0,134,257,2102,9,0
22.768235,2.390000,119.000,16.446000,0.748000,128.685769,4080,249,0,135,257,2102,9,0
22.782359,14.124000,119.000,16.446000,0.748000,128.686318,4080,249,0,135,257,2102,9,0
22.785290,2.931000,119.000,16.446000,0.748000,128.686799,4080,249,0,134,257,2102,9,0
22.799380,14.090000,119.000,16.446000,0.748000,128.687219,4080,249,0,134,257,2102,9,0
22.801986,2.606000,119.000,16.446000,0.748000,128.687654,4080,249,0,135,257,2102,9,0
22.815675,13.689000,119.000,16.446000,0.748000,128.688096,4080,249,0,131,253,2094,9,0
22.818720,3.045000,119.000,16.446000,0.748000,128.684167,4078,249,0,130,253,2094,9,0
22.832699,13.979000,119.000,16.446000,0.748000,128.684602,4078,249,0,130,253,2094,9,0
22.835348,2.649000,119.000,16.446000,0.748000,128.669000,4070,245,0,131,253,2094,9,0
22.849139,13.791000,119.000,16.446000,0.748000,128.642236,4048,244,0,129,251,2090,9,0
22.852120,2.981000,119.000,16.446000,0.748000,128.640336,4044,244,0,128,251,2090,9,0
22.866655,14.535000,119.000,16.446000,0.748000,128.640771,4044,244,0,128,251,2090,9,0
22.869457,2.802000,119.000,16.446000,0.748000,128.641252,4044,244,0,129,251,2090,9,0
22.883195,13.738000,119.000,16.446000,0.748000,128.643380,4047,244,0,129,251,2090,9,0
22.886047,2.852000,119.000,16.446000,0.748000,128.649865,4057,244,0,128,251,2090,9,0
22.899967,13.920000,119.000,16.446000,0.748000,128.650338,4057,244,0,128,251,2090,9,0
22.902716,2.749000,119.000,16.446000,0.748000,128.650819,4057,244,0,126,251,2090,9,0
22.916169,13.453000,119.000,16.446000,0.748000,128.649659,4054,244,0,126,251,2090,9,0
22.918109,1.940000,119.000,16.446000,0.748000,128.650140,4054,244,0,128,251,2090,9,0
22.933132,15.023000,119.000,16.446000,0.748000,128.650620,4054,244,0,128,251,2090,9,0
22.934796,1.664000,119.000,16.446000,0.748000,128.651101,4054,244,0,127,251,2090,9,0
22.951685,16.889000,119.000,16.446000,0.748000,129.227014,4454,306,0,198,327,2242,9,0
22.965834,14.149000,119.000,16.446000,0.748000,129.229154,4457,306,0,198,327,2242,9,0
22.967626,1.792000,119.000,16.446000,0.748000,129.227994,4454,306,0,198,327,2242,9,0
22.982465,14.839000,119.000,16.446000,0.748000,129.228456,4454,306,0,198,327,2242,9,0
22.984487,2.022000,119.000,16.446000,0.748000,128.856664,4406,282,0,150,269,2126,9,0
22.999189,14.702000,119.000,16.446000,0.748000,128.788922,4290,282,0,150,269,2126,9,0
23.000979,1.790000,119.000,16.446000,0.748000,128.789403,4290,282,0,150,269,2126,9,0
23.015839,14.860000,119.000,16.446000,0.748000,128.789884,4290,282,0,150,269,2126,9,0
23.017686,1.847000,119.000,16.446000,0.748000,128.790364,4290,282,0,150,269,2126,9,0
23.032426,14.740000,119.000,16.446000,0.748000,128.790845,4290,282,0,150,269,2126,9,0
23.035235,2.809000,119.000,16.446000,0.748000,128.791326,4290,282,0,150,269,2126,9,0
23.049172,13.937000,119.000,16.446000,0.748000,128.793454,4293,282,0,150,269,2126,9,0
23.051689,2.517000,119.000,16.446000,0.748000,128.779496,4287,278,0,151,269,2126,9,0
23.066371,14.682000,119.000,16.446000,0.748000,128.786874,4291,280,0,151,269,2126,9,0
23.070121,3.750000,119.000,16.446000,0.748000,128.788087,4291,280,0,154,270,2128,9,0
23.082556,12.435000,119.000,16.446000,0.748000,128.786061,4287,280,0,154,270,2128,9,0
23.085482,2.926000,119.000,16.446000,0.748000,128.786489,4287,280,0,118,234,2056,9,0
23.099571,14.089000,119.000,16.446000,0.748000,128.782559,4285,280,0,118,234,2056,9,0
23.104460,4.889000,119.000,16.446000,0.748000,128.783704,4286,280,0,118,234,2056,9,0
23.116064,11.604000,119.000,16.446000,0.748000,128.634816,4213,244,0,118,234,2056,9,0
23.118692,2.628000,119.000,16.446000,0.748000,128.529279,4033,244,0,117,234,2056,9,0
23.133341,14.649000,119.000,16.446000,0.748000,128.529759,4033,244,0,117,234,2056,9,0
23.135912,2.571000,119.000,16.446000,0.748000,128.530240,4033,244,0,118,234,2056,9,0
23.149708,13.796000,119.000,16.446000,0.748000,128.530721,4033,244,0,118,234,2056,9,0
23.154538,4.830000,119.000,16.446000,0.748000,128.531255,4033,244,0,117,234,2056,9,0
23.166601,12.063000,119.000,16.446000,0.748000,128.531667,4033,244,0,117,234,2056,9,0
23.168516,1.915000,119.000,16.446000,0.748000,128.528646,4027,244,0,117,234,2056,9,0
23.183114,14.598000,119.000,16.446000,0.748000,128.529126,4027,244,0,116,233,2054,9,0
23.184731,1.617000,119.000,16.446000,0.748000,128.527966,4024,244,0,117,233,2054,9,0
23.199023,14.292000,119.000,16.446000,0.748000,128.529363,4024,244,0,115,231,2050,9,1
23.201709,2.686000,119.000,16.446000,0.748000,128.530507,4025,244,0,113,230,2048,9,1
23.216676,14.967000,119.000,16.446000,0.748000,128.520211,4027,239,0,113,230,2048,9,0
23.221061,4.385000,119.000,16.446000,0.748000,128.513749,4016,239,0,115,230,2048,9,0
23.232605,11.544000,119.000,16.446000,0.748000,128.513558,4015,239,0,113,228,2044,9,0
23.234171,1.566000,119.000,16.446000,0.748000,128.502603,4012,236,0,112,227,2042,9,0
23.249588,15.417000,119.000,16.446000,0.748000,128.500657,4008,236,0,111,226,2040,9,0
23.252690,3.102000,119.000,16.446000,0.748000,128.589593,4055,239,0,123,238,2064,9,0
23.265999,13.309000,119.000,16.446000,0.748000,128.583665,4045,239,0,123,238,2064,9,0
23.267836,1.837000,117.000,19.036000,0.803000,128.584146,4045,239,0,123,238,2064,9,0
23.282684,14.848000,117.000,19.036000,0.803000,128.454213,3992,199,0,123,238,2064,9,0
23.285382,2.698000,117.000,19.036000,0.803000,128.423192,3943,199,0,112,218,2024,9,0
23.299303,13.921000,117.000,19.036000,0.803000,128.358403,3931,195,0,104,210,2008,9,0
23.302158,2.855000,117.000,19.036000,0.803000,128.350026,3916,195,0,104,210,2008,9,0
23.316465,14.307000,117.000,19.036000,0.803000,128.349843,3915,195,0,104,210,2008,9,0
23.320031,3.566000,117.000,19.036000,0.803000,128.350324,3915,195,0,104,210,2008,9,0
23.332741,12.710000,117.000,19.036000,0.803000,128.350804,3915,195,0,104,210,2008,9,0
23.337051,4.310000,117.000,19.036000,0.803000,128.351285,3915,195,0,104,210,2008,9,0
23.349411,12.360000,117.000,19.036000,0.803000,128.350125,3912,195,0,104,210,2008,9,0
23.352001,2.590000,117.000,19.036000,0.803000,128.350606,3912,195,0,104,210,2008,9,0
23.366270,14.269000,117.000,19.036000,0.803000,128.351087,3912,195,0,104,210,2008,9,0
23.369288,3.018000,117.000,19.036000,0.803000,128.351521,3912,195,0,104,210,2008,9,0
23.382953,13.665000,117.000,19.036000,0.803000,128.353562,3915,195,0,103,209,2006,9,0
23.385632,2.679000,117.000,19.036000,0.803000,128.354043,3915,195,0,103,209,2006,9,0
23.399333,13.701000,117.000,19.036000,0.803000,128.354470,3915,195,0,99,205,1998,9,0
23.402186,2.853000,117.000,19.036000,0.803000,128.350541,3913,195,0,99,205,1998,9,0
23.416216,14.030000,117.000,19.036000,0.803000,128.351022,3913,195,0,99,205,1998,9,0
23.419090,2.874000,117.000,19.036000,0.803000,128.335420,3905,191,0,99,205,1998,9,0
23.433079,13.989000,117.000,19.036000,0.803000,128.325711,3888,191,0,99,205,1998,9,0
23.435586,2.507000,117.000,19.036000,0.803000,128.326192,3888,191,0,99,205,1998,9,0
23.449404,13.818000,117.000,19.036000,0.803000,128.325025,3885,191,0,99,205,1998,9,0
23.452103,2.699000,117.000,19.036000,0.803000,128.325505,3885,191,0,99,205,1998,9,0
23.466463,14.360000,117.000,19.036000,0.803000,128.325986,3885,191,0,99,205,1998,9,0
23.469176,2.713000,117.000,19.036000,0.803000,128.332471,3895,191,0,96,204,1996,9,0
23.482611,13.435000,117.000,19.036000,0.803000,128.321614,3890,188,0,96,204,1996,9,0
23.485890,3.279000,117.000,19.036000,0.803000,128.318402,3884,188,0,98,204,1996,9,0
23.499509,13.619000,117.000,19.036000,0.803000,128.318852,3884,188,0,98,204,1996,9,0
23.501773,2.264000,117.000,19.036000,0.803000,128.319997,3885,188,0,97,204,1996,9,0
23.516533,14.760000,117.000,19.036000,0.803000,128.336419,3894,192,0,97,204,1996,9,0
23.518073,1.540000,117.000,19.036000,0.803000,128.337586,3894,192,0,99,206,2000,9,0
23.534902,16.829000,117.000,19.036000,0.803000,129.094735,4354,264,0,191,306,2200,9,0
23.549282,14.380000,117.000,19.036000,0.803000,129.095216,4354,264,0,191,306,2200,9,0
23.550925,1.643000,117.000,19.036000,0.803000,129.095696,4354,264,0,191,306,2200,9,0
23.565869,14.944000,117.000,19.036000,0.803000,129.096177,4354,264,0,191,306,2200,9,0
23.567752,1.883000,117.000,19.036000,0.803000,128.879411,4326,250,0,163,274,2136,9,0
23.582506,14.754000,117.000,19.036000,0.803000,128.835473,4250,250,0,163,274,2136,9,0
23.584452,1.946000,117.000,19.036000,0.803000,128.836617,4251,250,0,163,274,2136,9,0
23.599163,14.711000,117.000,19.036000,0.803000,128.836434,4250,250,0,163,274,2136,9,0
23.601075,1.912000,117.000,19.036000,0.803000,128.836915,4250,250,0,163,274,2136,9,0
23.615847,14.772000,117.000,19.036000,0.803000,128.835755,4247,250,0,163,274,2136,9,0
23.618457,2.610000,117.000,19.036000,0.803000,128.836236,4247,250,0,163,274,2136,9,0
23.632708,14.251000,117.000,19.036000,0.803000,128.836717,4247,250,0,163,274,2136,9,0
23.635333,2.625000,117.000,19.036000,0.803000,128.837197,4247,250,0,163,274,2136,9,0
23.649480,14.147000,117.000,19.036000,0.803000,128.837678,4247,250,0,163,274,2136,9,0
23.652313,2.833000,117.000,19.036000,0.803000,128.838113,4247,250,0,163,274,2136,9,0
23.666017,13.704000,117.000,19.036000,0.803000,128.834451,4240,250,0,163,274,2136,9,0
23.669439,3.422000,117.000,19.036000,0.803000,128.834931,4240,250,0,127,238,2064,9,0
23.682979,13.540000,117.000,19.036000,0.803000,128.835359,4240,250,0,127,238,2064,9,0
23.685850,2.871000,117.000,19.036000,0.803000,128.831429,4238,250,0,127,238,2064,9,0
23.699440,13.590000,117.000,19.036000,0.803000,128.683213,4166,214,0,127,238,2064,9,0
23.702397,2.957000,117.000,19.036000,0.803000,128.578294,3987,214,0,128,238,2064,9,0
23.716214,13.817000,117.000,19.036000,0.803000,128.578111,3986,214,0,128,238,2064,9,0
23.719006,2.792000,117.000,19.036000,0.803000,128.578591,3986,214,0,127,238,2064,9,0
23.732400,13.394000,117.000,19.036000,0.803000,128.579072,3986,214,0,127,238,2064,9,0
23.734269,1.869000,117.000,19.036000,0.803000,128.579537,3986,214,0,127,238,2064,9,0
23.749802,15.533000,117.000,19.036000,0.803000,128.581571,3989,214,0,127,238,2064,9,0
23.751518,1.716000,117.000,19.036000,0.803000,128.578549,3983,214,0,127,238,2064,9,0
23.766623,15.105000,117.000,19.036000,0.803000,128.580655,3986,214,0,126,237,2062,9,0
23.768369,1.746000,117.000,19.036000,0.803000,128.581136,3986,214,0,127,237,2062,9,0
23.782975,14.606000,117.000,19.036000,0.803000,128.581609,3986,214,0,125,235,2058,9,0
23.784687,1.712000,117.000,19.036000,0.803000,128.582089,3986,214,0,123,234,2056,9,0
23.799301,14.614000,117.000,19.036000,0.803000,128.562474,3977,208,0,122,233,2054,9,0
23.801173,1.872000,117.000,19.036000,0.803000,128.556226,3966,208,0,121,233,2054,9,0
23.816016,14.843000,117.000,19.036000,0.803000,128.558339,3969,208,0,119,231,2050,9,0
23.817672,1.656000,117.000,19.036000,0.803000,128.547383,3966,205,0,118,230,2048,9,0
23.833172,15.500000,117.000,19.036000,0.803000,128.545430,3962,205,0,117,229,2046,9,0
23.836049,2.877000,117.000,19.036000,0.803000,128.660352,4022,210,0,134,244,2076,9,0
23.849658,13.609000,117.000,19.036000,0.803000,128.654469,4012,210,0,134,244,2076,9,0
23.852739,3.081000,117.000,19.036000,0.803000,128.654950,4012,210,0,134,244,2076,9,0
23.866150,13.411000,117.000,19.036000,0.803000,128.655416,4012,210,0,134,244,2076,9,0
23.868691,2.541000,117.000,19.036000,0.803000,128.655850,4012,210,0,134,244,2076,9,0
23.882716,14.025000,117.000,19.036000,0.803000,128.594579,4004,206,0,126,236,2060,9,0
23.885261,2.545000,117.000,19.036000,0.803000,128.585538,3988,206,0,126,236,2060,9,0
23.899748,14.487000,117.000,19.036000,0.803000,128.586003,3988,206,0,126,236,2060,9,0
23.902357,2.609000,117.000,19.036000,0.803000,128.586484,3988,206,0,126,236,2060,9,0
23.916326,13.969000,117.000,19.036000,0.803000,128.588616,3991,206,0,126,236,2060,9,0
23.919041,2.715000,117.000,19.036000,0.803000,128.589097,3991,206,0,126,236,2060,9,0
23.933015,13.974000,117.000,19.036000,0.803000,128.589578,3991,206,0,126,236,2060,9,0
23.935813,2.798000,117.000,19.036000,0.803000,128.590058,3991,206,0,126,236,2060,9,0
23.949943,14.130000,117.000,19.036000,0.803000,128.590539,3991,206,0,126,236,2060,9,0
23.955164,5.221000,117.000,19.036000,0.803000,128.591020,3991,206,0,126,236,2060,9,0
23.966124,10.960000,117.000,19.036000,0.803000,128.593163,3994,206,0,126,236,2060,9,0
23.969313,3.189000,117.000,19.036000,0.803000,128.593644,3994,206,0,126,236,2060,9,0
23.982941,13.628000,117.000,19.036000,0.803000,128.592423,3991,206,0,121,231,2050,9,0
23.986851,3.910000,117.000,19.036000,0.803000,128.588494,3989,206,0,121,231,2050,9,0
24.000535,13.684000,117.000,19.036000,0.803000,128.656251,4014,222,0,121,231,2050,11,4
24.002305,1.770000,117.000,19.036000,0.803000,128.637815,4004,217,0,126,243,2130,11,4
24.016650,14.345000,117.000,19.036000,0.803000,128.622136,3979,217,0,126,243,2130,11,0
24.018316,1.666000,117.000,19.036000,0.803000,128.622571,3979,217,0,126,243,2130,11,0
24.033092,14.776000,117.000,19.036000,0.803000,128.623143,3979,217,0,126,243,2130,11,0
24.034771,1.679000,117.000,19.036000,0.803000,128.623624,3979,217,0,126,243,2130,11,0
24.049927,15.156000,117.000,19.036000,0.803000,128.624261,3979,217,0,126,243,2130,11,0
24.053798,3.871000,117.000,19.036000,0.803000,128.630746,3989,217,0,126,243,2130,11,0
24.065886,12.088000,117.000,19.036000,0.803000,128.631207,3989,217,0,126,243,2130,11,0
24.067619,1.733000,117.000,19.036000,0.803000,128.631688,3989,217,0,126,243,2130,11,0
24.082930,15.311000,117.000,19.036000,0.803000,128.633828,3992,217,0,126,243,2130,11,0
24.085361,2.431000,117.000,19.036000,0.803000,128.634263,3992,217,0,126,243,2130,11,0
24.099666,14.305000,117.000,19.036000,0.803000,128.634862,3992,217,0,126,243,2130,11,0
24.101538,1.872000,117.000,19.036000,0.803000,128.635343,3992,217,0,126,243,2130,11,0
24.119623,18.085000,117.000,19.036000,0.803000,129.183530,4374,276,0,194,309,2262,11,0
24.132635,13.012000,117.000,19.036000,0.803000,129.185685,4377,276,0,194,309,2262,9,0
24.135508,2.873000,117.000,19.036000,0.803000,129.186166,4377,276,0,194,309,2262,9,0
24.148729,13.221000,117.000,19.036000,0.803000,129.186646,4377,276,0,194,309,2262,9,0
24.150905,2.176000,117.000,19.036000,0.803000,128.827313,4340,254,0,148,255,2154,9,0
24.165836,14.931000,117.000,19.036000,0.803000,128.759046,4224,254,0,148,255,2154,9,0
24.167629,1.793000,117.000,19.036000,0.803000,128.759526,4224,254,0,148,255,2154,9,0
24.182480,14.851000,117.000,19.036000,0.803000,128.760007,4224,254,0,148,255,2154,9,0
24.184257,1.777000,117.000,19.036000,0.803000,128.760442,4224,254,0,148,255,2154,9,0
24.199213,14.956000,117.000,19.036000,0.803000,128.759282,4221,254,0,148,255,2154,9,0
24.201004,1.791000,117.000,19.036000,0.803000,128.759763,4221,254,0,148,255,2154,9,0
24.215894,14.890000,117.000,19.036000,0.803000,128.760243,4221,254,0,148,255,2154,9,0
24.217686,1.792000,117.000,19.036000,0.803000,128.760724,4221,254,0,148,255,2154,9,0
24.232392,14.706000,117.000,19.036000,0.803000,128.761205,4221,254,0,148,255,2154,9,0
24.234310,1.918000,117.000,19.036000,0.803000,128.761685,4221,254,0,148,255,2154,9,0
24.249121,14.811000,117.000,19.036000,0.803000,128.759564,4217,254,0,148,255,2154,9,0
24.250937,1.816000,117.000,19.036000,0.803000,128.755635,4215,254,0,114,221,2086,9,0
24.266133,15.196000,117.000,19.036000,0.803000,128.756116,4215,254,0,114,221,2086,9,0
24.269451,3.318000,118.000,17.558000,1.358000,128.756597,4215,254,0,114,221,2086,9,0
24.283589,14.138000,118.000,17.558000,1.358000,128.799661,4264,268,0,114,221,2086,9,0
24.287273,3.684000,118.000,17.558000,1.358000,128.708756,4094,268,0,127,245,2134,9,0
24.299536,12.263000,118.000,17.558000,1.358000,128.710149,4094,268,0,125,243,2130,9,1
24.302239,2.703000,118.000,17.558000,1.358000,128.710629,4094,268,0,124,243,2130,9,1
24.316603,14.364000,118.000,17.558000,1.358000,128.701657,4093,265,0,124,243,2130,9,0
24.320811,4.208000,118.000,17.558000,1.358000,128.693044,4078,265,0,125,243,2130,9,0
24.332601,11.790000,118.000,17.558000,1.358000,128.693391,4078,265,0,125,243,2130,9,0
24.335692,3.091000,118.000,17.558000,1.358000,128.690370,4072,265,0,123,243,2130,9,0
24.349447,13.755000,118.000,17.558000,1.358000,128.690850,4072,265,0,122,242,2128,9,0
24.352726,3.279000,118.000,17.558000,1.358000,128.689691,4069,265,0,123,242,2128,9,0
24.366528,13.802000,118.000,17.558000,1.358000,128.690156,4069,265,0,121,240,2124,9,0
24.369351,2.823000,118.000,17.558000,1.358000,128.690637,4069,265,0,121,239,2122,9,0
24.383190,13.839000,118.000,17.558000,1.358000,128.677819,4063,261,0,121,239,2122,9,0
24.385982,2.792000,118.000,17.558000,1.358000,128.673905,4056,261,0,119,239,2122,9,0
24.399821,13.839000,118.000,17.558000,1.358000,128.674401,4056,261,0,117,237,2118,9,0
24.402701,2.880000,118.000,17.558000,1.358000,128.663445,4053,258,0,118,236,2116,9,0
24.416446,13.745000,118.000,17.558000,1.358000,128.661515,4049,258,0,117,235,2114,9,0
24.420400,3.954000,118.000,17.558000,1.358000,128.776067,4109,263,0,131,250,2144,9,0
24.433079,12.679000,118.000,17.558000,1.358000,128.770104,4099,263,0,131,250,2144,9,0
24.436894,3.815000,118.000,17.558000,1.358000,128.770585,4099,263,0,131,250,2144,9,0
24.449586,12.692000,118.000,17.558000,1.358000,128.772717,4102,263,0,131,250,2144,9,0
24.451246,1.660000,118.000,17.558000,1.358000,128.773198,4102,263,0,131,250,2144,9,0
24.466206,14.960000,118.000,17.558000,1.358000,128.697682,4095,258,0,121,240,2124,9,0
24.468239,2.033000,118.000,17.558000,1.358000,128.686261,4075,258,0,122,240,2124,9,0
24.483026,14.787000,118.000,17.558000,1.358000,128.686757,4075,258,0,121,239,2122,9,0
24.484910,1.884000,118.000,17.558000,1.358000,128.687238,4075,258,0,121,239,2122,9,0
24.499242,14.332000,118.000,17.558000,1.358000,128.687673,4075,258,0,121,239,2122,9,0
24.501925,2.683000,118.000,17.558000,1.358000,128.688153,4075,258,0,121,239,2122,9,0
24.516268,14.343000,118.000,17.558000,1.358000,128.690286,4078,258,0,121,239,2122,9,0
24.518347,2.079000,118.000,17.558000,1.358000,128.690766,4078,258,0,121,239,2122,9,0
24.533024,14.677000,118.000,17.558000,1.358000,128.691247,4078,258,0,121,239,2122,9,0
24.535477,2.453000,118.000,17.558000,1.358000,128.691728,4078,258,0,121,239,2122,9,0
24.549125,13.648000,118.000,17.558000,1.358000,128.692208,4078,258,0,121,239,2122,9,0
24.552686,3.561000,118.000,17.558000,1.358000,128.692689,4078,258,0,121,239,2122,9,0
24.566338,13.652000,118.000,17.558000,1.358000,128.693170,4078,258,0,116,234,2112,9,0
24.570491,4.153000,118.000,17.558000,1.358000,128.689187,4076,258,0,115,233,2110,9,0
24.583256,12.765000,118.000,17.558000,1.358000,128.678761,4071,255,0,115,233,2110,9,0
24.586503,3.247000,118.000,17.558000,1.358000,128.654580,4055,250,0,115,233,2110,9,0
24.599710,13.207000,118.000,17.558000,1.358000,128.640279,4030,250,0,115,233,2110,9,0
24.603534,3.824000,118.000,17.558000,1.358000,128.640714,4030,250,0,114,233,2110,9,0
24.616607,13.073000,118.000,17.558000,1.358000,128.657994,4043,254,0,114,233,2110,9,0
24.619237,2.630000,118.000,17.558000,1.358000,128.659162,4043,254,0,116,235,2114,9,0
24.633198,13.961000,118.000,17.558000,1.358000,128.659631,4043,254,0,116,235,2114,9,0
24.635999,2.801000,118.000,17.558000,1.358000,128.666116,4053,254,0,116,235,2114,9,0
24.650070,14.071000,118.000,17.558000,1.358000,128.666581,4053,254,0,116,235,2114,9,0
24.651877,1.807000,118.000,17.558000,1.358000,128.667016,4053,254,0,116,235,2114,9,0
24.666428,14.551000,118.000,17.558000,1.358000,128.667497,4053,254,0,116,235,2114,9,0
24.668445,2.017000,118.000,17.558000,1.358000,128.667977,4053,254,0,116,235,2114,9,0
24.682868,14.423000,118.000,17.558000,1.358000,128.666818,4050,254,0,116,235,2114,9,0
24.686544,3.676000,118.000,17.558000,1.358000,128.667298,4050,254,0,116,235,2114,9,0
24.701717,15.173000,118.000,17.558000,1.358000,129.367963,4453,319,0,199,326,2296,9,0
24.716360,14.643000,118.000,17.558000,1.358000,129.361047,4449,317,0,199,326,2296,9,0
24.719961,3.601000,118.000,17.558000,1.358000,129.356721,4441,317,0,199,326,2296,9,0
24.732406,12.445000,118.000,17.558000,1.358000,129.357202,4441,317,0,199,326,2296,9,0
24.734637,2.231000,118.000,17.558000,1.358000,129.191728,4450,309,0,178,301,2246,9,0
24.749188,14.551000,118.000,17.558000,1.358000,129.145768,4370,309,0,178,301,2246,9,0
24.751120,1.932000,118.000,17.558000,1.358000,129.146249,4370,309,0,178,301,2246,9,0
24.765944,14.824000,118.000,17.558000,1.358000,129.146684,4370,309,0,178,301,2246,9,0
24.769128,3.184000,118.000,17.558000,1.358000,129.085271,4352,295,0,175,297,2182,9,0
24.782996,13.868000,118.000,17.558000,1.358000,129.087373,4355,295,0,175,297,2182,9,0
24.787068,4.072000,118.000,17.558000,1.358000,129.087853,4355,295,0,175,297,2182,9,0
24.798964,11.896000,118.000,17.558000,1.358000,129.088334,4355,295,0,175,297,2182,9,0
24.802005,3.041000,118.000,17.558000,1.358000,129.088815,4355,295,0,175,297,2182,9,0
24.816066,14.061000,118.000,17.558000,1.358000,129.089295,4355,295,0,175,297,2182,9,0
24.818714,2.648000,118.000,17.558000,1.358000,129.089776,4355,295,0,175,297,2182,9,0
24.833027,14.313000,118.000,17.558000,1.358000,129.089402,4354,295,0,175,297,2182,9,0
24.837303,4.276000,118.000,17.558000,1.358000,129.085420,4352,295,0,146,268,2124,9,0
24.849618,12.315000,118.000,17.558000,1.358000,129.084260,4349,295,0,146,268,2124,9,0
24.853157,3.539000,118.000,17.558000,1.358000,129.084741,4349,295,0,146,268,2124,9,0
24.866369,13.212000,118.000,17.558000,1.358000,128.967294,4291,266,0,146,268,2124,9,0
24.869265,2.896000,118.000,17.558000,1.358000,128.882371,4146,266,0,146,268,2124,9,0
24.882885,13.620000,118.000,17.558000,1.358000,128.882852,4146,266,0,141,263,2114,9,0
24.885835,2.950000,118.000,17.558000,1.358000,128.883332,4146,266,0,141,263,2114,9,0
24.900025,14.190000,118.000,17.558000,1.358000,128.862466,4136,261,0,141,263,2114,9,0
24.903139,3.114000,118.000,17.558000,1.358000,128.848222,4111,261,0,141,263,2114,9,0
24.916657,13.518000,118.000,17.558000,1.358000,128.848569,4111,261,0,141,263,2114,9,0
24.919793,3.136000,118.000,17.558000,1.358000,128.845548,4105,261,0,139,263,2114,9,0
24.933277,13.484000,118.000,17.558000,1.358000,128.846044,4105,261,0,138,262,2112,9,0
24.936370,3.093000,118.000,17.558000,1.358000,128.846524,4105,261,0,139,262,2112,9,0
24.949575,13.205000,118.000,17.558000,1.358000,128.846959,4105,261,0,137,260,2108,9,0
24.953432,3.857000,118.000,17.558000,1.358000,128.847440,4105,261,0,137,259,2106,9,0
24.966567,13.135000,118.000,17.558000,1.358000,128.834622,4099,257,0,137,259,2106,9,0
24.969499,2.932000,118.000,17.558000,1.358000,128.830754,4092,257,0,135,259,2106,9,0
24.983320,13.821000,118.000,17.558000,1.358000,128.831235,4092,257,0,133,257,2102,9,0
24.986406,3.086000,118.000,17.558000,1.358000,128.820233,4089,254,0,133,256,2100,9,0
24.999930,13.524000,118.000,17.558000,1.358000,128.818288,4085,254,0,132,255,2098,9,0
25.004557,4.627000,118.000,17.558000,1.358000,128.907628,4132,257,0,144,267,2122,9,0
25.015484,10.927000,118.000,17.558000,1.358000,128.900105,4119,257,0,144,267,2122,9,0
25.017486,2.002000,118.000,17.558000,1.358000,128.900586,4119,257,0,145,267,2122,9,0
25.033144,15.658000,118.000,17.558000,1.358000,128.901067,4119,257,0,145,267,2122,9,0
25.034935,1.791000,118.000,17.558000,1.358000,128.901547,4119,257,0,144,267,2122,9,0
25.049891,14.956000,118.000,17.558000,1.358000,128.826066,4112,252,0,134,257,2102,9,0
25.051759,1.868000,118.000,17.558000,1.358000,128.814645,4092,252,0,134,257,2102,9,0
25.065964,14.205000,118.000,17.558000,1.358000,128.814660,4089,252,0,134,257,2102,9,2
25.068706,2.742000,118.000,17.558000,1.358000,128.815141,4089,252,0,135,257,2102,9,2
25.083511,14.805000,118.000,17.558000,1.358000,128.816239,4089,252,0,135,257,2102,9,2
25.087292,3.781000,118.000,17.558000,1.358000,128.816720,4089,252,0,134,257,2102,9,2
25.099177,11.885000,118.000,17.558000,1.358000,128.818841,4101,250,0,134,257,2102,9,0
25.101105,1.928000,118.000,17.558000,1.358000,128.812852,4091,250,0,137,257,2102,9,0
25.116588,15.483000,118.000,17.558000,1.358000,128.813348,4091,250,0,137,257,2102,9,0
25.118695,2.107000,118.000,17.558000,1.358000,128.813828,4091,250,0,137,257,2102,9,0
25.133317,14.622000,118.000,17.558000,1.358000,128.815969,4094,250,0,137,257,2102,9,0
25.136277,2.960000,118.000,17.558000,1.358000,128.816449,4094,250,0,137,257,2102,9,0
25.149883,13.606000,118.000,17.558000,1.358000,128.818501,4097,250,0,133,253,2094,9,0
25.152794,2.911000,118.000,17.558000,1.358000,128.814626,4095,250,0,133,253,2094,9,0
25.166217,13.423000,118.000,17.558000,1.358000,128.816751,4098,250,0,133,253,2094,9,0
25.170112,3.895000,118.000,17.558000,1.358000,128.801148,4090,246,0,133,253,2094,9,0
25.191494,21.382000,118.000,17.558000,1.358000,128.789815,4070,246,0,133,253,2094,9,0
25.200940,9.446000,118.000,17.558000,1.358000,128.790296,4070,246,0,132,253,2094,9,0
25.215876,14.936000,118.000,17.558000,1.358000,128.790730,4070,246,0,133,253,2094,9,0
25.219945,4.069000,118.000,17.558000,1.358000,128.792874,4073,246,0,133,253,2094,9,0
25.232486,12.541000,118.000,17.558000,1.358000,128.799359,4083,246,0,132,253,2094,9,0
25.236349,3.863000,118.000,17.558000,1.358000,128.799832,4083,246,0,132,253,2094,9,0
25.249271,12.922000,118.000,17.558000,1.358000,128.800313,4083,246,0,133,253,2094,9,0
25.253196,3.925000,118.000,17.558000,1.358000,128.800794,4083,246,0,133,253,2094,9,0
25.265752,12.556000,118.000,17.558000,1.358000,128.801274,4083,246,0,130,251,2090,9,0
25.269690,3.938000,117.000,20.794000,0.996000,128.801755,4083,246,0,130,251,2090,9,0
25.288457,18.767000,117.000,20.794000,0.996000,129.331922,4436,302,0,196,321,2230,9,0
25.299054,10.597000,117.000,20.794000,0.996000,129.330716,4433,302,0,196,321,2230,9,0
25.302244,3.190000,117.000,20.794000,0.996000,129.331197,4433,302,0,196,321,2230,9,0
25.315441,13.197000,117.000,20.794000,0.996000,129.331677,4433,302,0,196,321,2230,9,0
25.318811,3.370000,117.000,20.794000,0.996000,129.369649,4471,307,0,153,270,2128,9,0
25.332587,13.776000,117.000,20.794000,0.996000,128.984555,4398,283,0,154,270,2128,9,0
25.336619,4.032000,117.000,20.794000,0.996000,128.927770,4302,283,0,154,270,2128,9,0
25.349168,12.549000,117.000,20.794000,0.996000,128.928250,4302,283,0,154,270,2128,9,0
25.353284,4.116000,117.000,20.794000,0.996000,128.928731,4302,283,0,154,270,2128,9,0
25.365475,12.191000,117.000,20.794000,0.996000,128.907849,4292,277,0,152,268,2124,9,0
25.367512,2.037000,117.000,20.794000,0.996000,128.899259,4277,277,0,152,268,2124,9,0
25.382185,14.673000,117.000,20.794000,0.996000,128.899739,4277,277,0,152,268,2124,9,0
25.384291,2.106000,117.000,20.794000,0.996000,128.898580,4274,277,0,152,268,2124,9,0
25.399341,15.050000,117.000,20.794000,0.996000,128.899976,4274,277,0,152,268,2124,9,1
25.401267,1.926000,117.000,20.794000,0.996000,128.898816,4271,277,0,152,268,2124,9,1
25.416140,14.873000,117.000,20.794000,0.996000,128.900388,4277,276,0,152,268,2124,9,0
25.417942,1.802000,117.000,20.794000,0.996000,128.895062,4268,276,0,123,238,2064,9,0
25.432925,14.983000,117.000,20.794000,0.996000,128.895490,4268,276,0,123,238,2064,9,0
25.436741,3.816000,117.000,20.794000,0.996000,128.769567,4206,246,0,123,238,2064,9,0
25.449165,12.424000,117.000,20.794000,0.996000,128.680005,4053,246,0,123,238,2064,9,0
25.451738,2.573000,117.000,20.794000,0.996000,128.680486,4053,246,0,118,233,2054,9,0
25.466060,14.322000,117.000,20.794000,0.996000,128.680966,4053,246,0,118,233,2054,9,0
25.469099,3.039000,117.000,20.794000,0.996000,128.681401,4053,246,0,118,233,2054,9,0
25.482488,13.389000,117.000,20.794000,0.996000,128.662805,4046,241,0,118,233,2054,9,0
25.485374,2.886000,117.000,20.794000,0.996000,128.648561,4021,241,0,118,233,2054,9,0
25.499675,14.301000,117.000,20.794000,0.996000,128.648885,4021,241,0,118,233,2054,9,0
25.504672,4.997000,117.000,20.794000,0.996000,128.645864,4015,241,0,118,233,2054,9,0
25.515878,11.206000,117.000,20.794000,0.996000,128.646359,4015,241,0,117,232,2052,9,0
25.518673,2.795000,117.000,20.794000,0.996000,128.646840,4015,241,0,115,230,2048,9,0
25.532709,14.036000,117.000,20.794000,0.996000,128.648969,4018,241,0,115,230,2048,9,0
25.536305,3.596000,117.000,20.794000,0.996000,128.636197,4012,237,0,113,229,2046,9,0
25.549660,13.355000,117.000,20.794000,0.996000,128.630727,4002,237,0,113,229,2046,9,0
25.552302,2.642000,117.000,20.794000,0.996000,128.631162,4002,237,0,112,227,2042,9,0
25.566104,13.802000,117.000,20.794000,0.996000,128.631642,4002,237,0,112,227,2042,9,0
25.569247,3.143000,117.000,20.794000,0.996000,128.620687,3999,234,0,110,225,2038,9,0
25.583006,13.759000,117.000,20.794000,0.996000,128.603536,3988,229,0,109,224,2036,9,0
25.586539,3.533000,117.000,20.794000,0.996000,128.701383,4032,237,0,120,236,2060,9,0
25.599799,13.260000,117.000,20.794000,0.996000,128.701818,4032,237,0,120,236,2060,9,0
25.603633,3.834000,117.000,20.794000,0.996000,128.702298,4032,237,0,121,236,2060,9,0
25.616269,12.636000,117.000,20.794000,0.996000,128.702779,4032,237,0,121,236,2060,9,0
25.621611,5.342000,117.000,20.794000,0.996000,128.703259,4032,237,0,120,236,2060,9,0
25.632037,10.426000,117.000,20.794000,0.996000,128.641973,4024,233,0,113,228,2044,9,0
25.633823,1.786000,117.000,20.794000,0.996000,128.632932,4008,233,0,113,228,2044,9,0
25.649418,15.595000,117.000,20.794000,0.996000,128.633397,4008,233,0,113,228,2044,9,0
25.652712,3.294000,117.000,20.794000,0.996000,128.633878,4008,233,0,113,228,2044,9,0
25.666483,13.771000,117.000,20.794000,0.996000,128.634374,4008,233,0,113,228,2044,9,0
25.670666,4.183000,117.000,20.794000,0.996000,128.624009,4003,230,0,112,227,2042,9,0
25.682847,12.181000,117.000,20.794000,0.996000,128.620751,3997,230,0,112,227,2042,9,0
25.684953,2.106000,117.000,20.794000,0.996000,128.621232,3997,230,0,112,227,2042,9,0
25.699474,14.521000,117.000,20.794000,0.996000,128.621713,3997,230,0,112,227,2042,9,0
25.701243,1.769000,117.000,20.794000,0.996000,128.622193,3997,230,0,111,227,2042,9,0
25.716374,15.131000,117.000,20.794000,0.996000,128.636186,4004,234,0,111,227,2042,9,0
25.718080,1.706000,117.000,20.794000,0.996000,128.637353,4004,234,0,113,229,2046,9,0
25.733083,15.003000,117.000,20.794000,0.996000,128.637731,4004,234,0,109,225,2038,9,0
25.737071,3.988000,117.000,20.794000,0.996000,128.633801,4002,234,0,108,225,2038,9,0
25.749581,12.510000,117.000,20.794000,0.996000,128.634282,4002,234,0,108,225,2038,9,0
25.752339,2.758000,117.000,20.794000,0.996000,128.617387,3994,230,0,108,225,2038,9,0
25.765952,13.613000,117.000,20.794000,0.996000,128.604394,3971,230,0,108,225,2038,9,0
25.769264,3.312000,117.000,20.794000,0.996000,128.604875,3971,230,0,109,225,2038,9,0
25.782998,13.734000,117.000,20.794000,0.996000,128.605371,3971,230,0,109,225,2038,9,0
25.785896,2.898000,117.000,20.794000,0.996000,128.605851,3971,230,0,106,225,2038,9,0
25.798981,13.085000,117.000,20.794000,0.996000,128.606317,3971,230,0,106,225,2038,9,0
25.802446,3.465000,117.000,20.794000,0.996000,128.612802,3981,230,0,109,225,2038,9,0
25.816287,13.841000,117.000,20.794000,0.996000,128.613297,3981,230,0,109,225,2038,9,0
25.819990,3.703000,117.000,20.794000,0.996000,128.613778,3981,230,0,109,225,2038,9,0
25.832734,12.744000,117.000,20.794000,0.996000,128.614213,3981,230,0,109,225,2038,9,0
25.835332,2.598000,117.000,20.794000,0.996000,128.614694,3981,230,0,109,225,2038,9,0
25.849203,13.871000,117.000,20.794000,0.996000,128.616838,3984,230,0,109,225,2038,9,0
25.852360,3.157000,117.000,20.794000,0.996000,128.617318,3984,230,0,109,225,2038,9,0
25.870348,17.988000,117.000,20.794000,0.996000,129.328530,4400,296,0,195,319,2226,9,0
25.882553,12.205000,117.000,20.794000,0.996000,129.329011,4400,296,0,195,319,2226,9,0
25.885255,2.702000,117.000,20.794000,0.996000,129.329492,4400,296,0,195,319,2226,9,0
25.898771,13.516000,117.000,20.794000,0.996000,129.329972,4400,296,0,195,319,2226,9,0
25.900783,2.012000,117.000,20.794000,0.996000,129.141603,4400,286,0,171,291,2170,9,0
25.915814,15.031000,117.000,20.794000,0.996000,129.096555,4322,286,0,171,291,2170,9,0
25.917486,1.672000,117.000,20.794000,0.996000,129.097035,4322,286,0,171,291,2170,9,0
25.932501,15.015000,117.000,20.794000,0.996000,129.097516,4322,286,0,171,291,2170,9,0
25.934170,1.669000,117.000,20.794000,0.996000,129.097997,4322,286,0,171,291,2170,9,0
25.949149,14.979000,117.000,20.794000,0.996000,129.098432,4322,286,0,171,291,2170,9,0
25.950876,1.727000,117.000,20.794000,0.996000,129.098912,4322,286,0,171,291,2170,9,0
25.965751,14.875000,117.000,20.794000,0.996000,129.099393,4322,286,0,171,291,2170,9,0
25.967459,1.708000,117.000,20.794000,0.996000,129.099874,4322,286,0,171,291,2170,9,0
25.982440,14.981000,117.000,20.794000,0.996000,129.100263,4322,286,0,171,291,2170,9,0
25.984263,1.823000,117.000,20.794000,0.996000,129.100698,4322,286,0,171,291,2170,9,0
25.999198,14.935000,117.000,20.794000,0.996000,129.098676,4318,286,0,171,291,2170,9,0
26.000954,1.756000,117.000,20.794000,0.996000,129.099156,4318,286,0,141,261,2110,9,0
26.015714,14.760000,117.000,20.794000,0.996000,129.101235,4321,286,0,141,261,2110,9,0
26.018769,3.055000,117.000,20.794000,0.996000,129.097306,4319,286,0,141,261,2110,9,0
26.032752,13.983000,117.000,20.794000,0.996000,128.975720,4259,256,0,141,261,2110,9,0
26.036040,3.288000,117.000,20.794000,0.996000,128.887853,4109,256,0,141,261,2110,9,0
26.049623,13.583000,117.000,20.794000,0.996000,128.909925,4130,260,0,137,257,2102,9,0
26.052371,2.748000,117.000,20.794000,0.996000,128.911092,4130,260,0,139,259,2106,9,0
26.065818,13.447000,117.000,20.794000,0.996000,128.894448,4122,256,0,139,259,2106,9,0
26.068998,3.180000,117.000,20.794000,0.996000,128.883149,4102,256,0,139,259,2106,9,0
26.082802,13.804000,117.000,20.794000,0.996000,128.881867,4099,256,0,139,259,2106,9,0
26.085970,3.168000,117.000,20.794000,0.996000,128.878846,4093,256,0,139,259,2106,9,0
26.099963,13.993000,117.000,20.794000,0.996000,128.877625,4090,256,0,138,258,2104,9,0
26.103176,3.213000,117.000,20.794000,0.996000,128.878106,4090,256,0,138,258,2104,9,0
26.116679,13.503000,117.000,20.794000,0.996000,128.878617,4090,256,0,136,256,2100,9,0
26.119525,2.846000,117.000,20.794000,0.996000,128.879098,4090,256,0,135,255,2098,9,0
26.133013,13.488000,117.000,20.794000,0.996000,128.867913,4087,252,0,135,255,2098,9,0
26.136391,3.378000,117.000,20.794000,0.996000,128.864045,4080,252,0,135,255,2098,9,0
26.149377,12.986000,117.000,20.794000,0.996000,128.862893,4077,252,0,133,253,2094,9,0
26.153141,3.764000,117.000,20.794000,0.996000,128.851937,4074,249,0,132,252,2092,9,0
26.166179,13.038000,117.000,20.794000,0.996000,128.849977,4070,249,0,131,251,2090,9,0
26.170762,4.583000,117.000,20.794000,0.996000,128.939431,4117,252,0,143,263,2114,9,0
26.183271,12.509000,117.000,20.794000,0.996000,128.935231,4110,252,0,143,263,2114,9,0
26.188816,5.545000,117.000,20.794000,0.996000,128.935712,4110,252,0,142,263,2114,9,0
26.194571,5.755000,117.000,20.794000,0.996000,128.936177,4110,252,0,142,263,2114,9,0
26.207541,12.970000,117.000,20.794000,0.996000,128.936658,4110,252,0,143,263,2114,9,0
26.211972,4.431000,117.000,20.794000,0.996000,128.877030,4105,248,0,135,255,2098,9,0
26.224145,12.173000,117.000,20.794000,0.996000,128.867990,4089,248,0,135,255,2098,9,0
26.228251,4.106000,117.000,20.794000,0.996000,128.870103,4092,248,0,135,255,2098,9,0
26.240816,12.565000,117.000,20.794000,0.996000,128.870584,4092,248,0,134,255,2098,9,0
26.244756,3.940000,117.000,20.794000,0.996000,128.869424,4089,248,0,134,255,2098,9,0
26.257591,12.835000,117.000,20.794000,0.996000,128.869905,4089,248,0,135,255,2098,9,0
26.261726,4.135000,117.000,20.794000,0.996000,128.870385,4089,248,0,135,255,2098,9,0
26.274217,12.491000,118.000,18.728000,0.821000,128.870866,4089,248,0,135,255,2098,9,0
26.278449,4.232000,118.000,18.728000,0.821000,128.871362,4089,248,0,135,255,2098,9,0
26.290631,12.182000,118.000,18.728000,0.821000,128.871842,4089,248,0,134,255,2098,9,0
26.294793,4.162000,118.000,18.728000,0.821000,128.872323,4089,248,0,135,255,2098,9,0
26.307496,12.703000,118.000,18.728000,0.821000,128.872804,4089,248,0,135,255,2098,9,0
26.311539,4.043000,118.000,18.728000,0.821000,128.873284,4089,248,0,131,251,2090,9,0
26.324274,12.735000,118.000,18.728000,0.821000,128.873712,4089,248,0,131,251,2090,9,0
26.328559,4.285000,118.000,18.728000,0.821000,128.869782,4087,248,0,131,251,2090,9,0
26.340663,12.104000,118.000,18.728000,0.821000,128.853734,4079,244,0,131,251,2090,9,0
26.345181,4.518000,118.000,18.728000,0.821000,128.842378,4059,244,0,131,251,2090,9,0
26.357514,12.333000,118.000,18.728000,0.821000,128.840325,4055,244,0,130,251,2090,9,0
26.361549,4.035000,118.000,18.728000,0.821000,128.839166,4052,244,0,130,251,2090,9,0
26.374180,12.631000,118.000,18.728000,0.821000,128.839646,4052,244,0,131,251,2090,9,0
26.378613,4.433000,118.000,18.728000,0.821000,128.840081,4052,244,0,131,251,2090,9,0
26.390718,12.105000,118.000,18.728000,0.821000,128.846566,4062,244,0,130,251,2090,9,0
26.394942,4.224000,118.000,18.728000,0.821000,128.847047,4062,244,0,131,251,2090,9,0
26.407558,12.616000,118.000,18.728000,0.821000,128.847528,4062,244,0,129,251,2090,9,0
26.411707,4.149000,118.000,18.728000,0.821000,128.846368,4059,244,0,129,251,2090,9,0
26.424206,12.499000,118.000,18.728000,0.821000,128.846848,4059,244,0,130,251,2090,9,0
26.428378,4.172000,118.000,18.728000,0.821000,128.847329,4059,244,0,130,251,2090,9,0
26.440611,12.233000,118.000,18.728000,0.821000,128.847810,4059,244,0,129,251,2090,9,0
26.461345,20.734000,118.000,18.728000,0.821000,129.423371,4456,306,0,200,327,2242,9,0
26.474455,13.110000,118.000,18.728000,0.821000,129.423852,4456,306,0,200,327,2242,9,0
26.477540,3.085000,118.000,18.728000,0.821000,129.422692,4453,306,0,200,327,2242,9,0
26.491037,13.497000,118.000,18.728000,0.821000,129.423127,4453,306,0,152,271,2130,9,0
26.493143,2.106000,118.000,18.728000,0.821000,129.040544,4385,282,0,152,271,2130,9,0
26.507609,14.466000,118.000,18.728000,0.821000,128.984765,4289,282,0,152,271,2130,9,1
26.509153,1.544000,118.000,18.728000,0.821000,128.985246,4289,282,0,152,271,2130,9,1
26.524425,15.272000,118.000,18.728000,0.821000,128.986371,4295,281,0,152,271,2130,9,0
26.526113,1.688000,118.000,18.728000,0.821000,128.983594,4290,281,0,153,271,2130,9,0
26.540764,14.651000,118.000,18.728000,0.821000,128.984075,4290,281,0,153,271,2130,9,0
26.542631,1.867000,118.000,18.728000,0.821000,128.984555,4290,281,0,153,271,2130,9,0
26.557500,14.869000,118.000,18.728000,0.821000,128.986688,4293,281,0,153,271,2130,9,0
26.559459,1.959000,118.000,18.728000,0.821000,128.988751,4296,281,0,154,271,2130,9,0
26.573767,14.308000,118.000,18.728000,0.821000,128.989232,4296,281,0,156,271,2130,9,0
26.576384,2.617000,118.000,18.728000,0.821000,128.989713,4296,281,0,156,271,2130,9,0
26.590351,13.967000,118.000,18.728000,0.821000,128.987691,4292,281,0,120,235,2058,9,0
26.593052,2.701000,118.000,18.728000,0.821000,128.988172,4292,281,0,120,235,2058,9,0
26.607607,14.555000,118.000,18.728000,0.821000,128.984189,4290,281,0,120,235,2058,9,0
26.613075,5.468000,118.000,18.728000,0.821000,128.838941,4221,245,0,120,235,2058,9,0
26.623867,10.792000,118.000,18.728000,0.821000,128.733403,4041,245,0,119,235,2058,9,0
26.627493,3.626000,118.000,18.728000,0.821000,128.735875,4044,245,0,119,235,2058,9,0
26.640570,13.077000,118.000,18.728000,0.821000,128.732739,4038,245,0,120,235,2058,9,0
26.644198,3.628000,118.000,18.728000,0.821000,128.733186,4038,245,0,120,235,2058,9,0
26.657352,13.154000,118.000,18.728000,0.821000,128.733666,4038,245,0,119,235,2058,9,0
26.661163,3.811000,118.000,18.728000,0.821000,128.734010,4038,245,0,119,235,2058,9,0
26.674037,12.874000,118.000,18.728000,0.821000,128.730989,4032,245,0,119,235,2058,9,0
26.678158,4.121000,118.000,18.728000,0.821000,128.731469,4032,245,0,117,233,2054,9,0
26.690870,12.712000,118.000,18.728000,0.821000,128.731950,4032,245,0,118,233,2054,9,0
26.694954,4.084000,118.000,18.728000,0.821000,128.732385,4032,245,0,116,231,2050,9,0
26.707514,12.560000,118.000,18.728000,0.821000,128.732865,4032,245,0,114,230,2048,9,0
26.711616,4.102000,118.000,18.728000,0.821000,128.721711,4029,241,0,114,230,2048,9,0
26.724154,12.538000,118.000,18.728000,0.821000,128.717843,4022,241,0,115,230,2048,9,0
26.731305,7.151000,118.000,18.728000,0.821000,128.739419,4043,245,0,113,228,2044,9,0
26.734546,3.241000,118.000,18.728000,0.821000,128.729150,4040,242,0,114,229,2046,9,0
26.749795,15.249000,118.000,18.728000,0.821000,128.727109,4036,242,0,113,228,2044,9,0
26.752462,2.667000,118.000,18.728000,0.821000,128.816052,4083,245,0,125,240,2068,9,0
26.766272,13.810000,118.000,18.728000,0.821000,128.810170,4073,245,0,125,240,2068,9,0
26.767808,1.536000,118.000,18.728000,0.821000,128.810651,4073,245,0,125,240,2068,9,0
26.782045,14.237000,118.000,18.728000,0.821000,128.799047,4065,242,0,124,239,2066,9,0
26.783998,1.953000,118.000,18.728000,0.821000,128.794194,4056,242,0,124,239,2066,9,0
26.799258,15.260000,118.000,18.728000,0.821000,128.732839,4048,238,0,116,231,2050,9,0
26.801403,2.145000,118.000,18.728000,0.821000,128.723798,4032,238,0,116,231,2050,9,0
26.816049,14.646000,118.000,18.728000,0.821000,128.739430,4042,242,0,116,231,2050,9,0
26.818625,2.576000,118.000,18.728000,0.821000,128.749753,4053,243,0,117,233,2054,9,0
26.832868,14.243000,118.000,18.728000,0.821000,128.748330,4050,243,0,118,234,2056,9,0
26.834788,1.920000,118.000,18.728000,0.821000,128.748811,4050,243,0,118,234,2056,9,0
26.849603,14.815000,118.000,18.728000,0.821000,128.747560,4047,243,0,118,234,2056,9,0
26.851804,2.201000,118.000,18.728000,0.821000,128.748040,4047,243,0,118,234,2056,9,0
26.866187,14.383000,118.000,18.728000,0.821000,128.748536,4047,243,0,118,234,2056,9,0
26.869090,2.903000,118.000,18.728000,0.821000,128.749017,4047,243,0,118,234,2056,9,0
26.883029,13.939000,118.000,18.728000,0.821000,128.751119,4050,243,0,118,234,2056,9,0
26.887271,4.242000,118.000,18.728000,0.821000,128.751599,4050,243,0,117,234,2056,9,0
26.899426,12.155000,118.000,18.728000,0.821000,128.752011,4050,243,0,113,230,2048,9,0
26.901043,1.617000,118.000,18.728000,0.821000,128.748082,4048,243,0,114,230,2048,9,0
26.916204,15.161000,118.000,18.728000,0.821000,128.748563,4048,243,0,114,230,2048,9,0
26.917867,1.663000,118.000,18.728000,0.821000,128.732961,4040,239,0,114,230,2048,9,0
26.932128,14.261000,118.000,18.728000,0.821000,128.723275,4023,239,0,114,230,2048,9,0
26.934163,2.035000,118.000,18.728000,0.821000,128.723756,4023,239,0,113,230,2048,9,0
26.949485,15.322000,118.000,18.728000,0.821000,128.722573,4020,239,0,113,230,2048,9,0
26.951163,1.678000,118.000,18.728000,0.821000,128.723054,4020,239,0,114,230,2048,9,0
26.965488,14.325000,118.000,18.728000,0.821000,128.723550,4020,239,0,114,230,2048,9,0
26.967652,2.164000,118.000,18.728000,0.821000,128.730035,4030,239,0,113,230,2048,9,0
26.982350,14.698000,118.000,18.728000,0.821000,128.730515,4030,239,0,113,230,2048,9,0
26.985103,2.753000,118.000,18.728000,0.821000,128.730950,4030,239,0,114,230,2048,9,0
26.999552,14.449000,118.000,18.728000,0.821000,128.731446,4030,239,0,114,230,2048,9,0
27.001702,2.150000,118.000,18.728000,0.821000,128.731927,4030,239,0,112,229,2046,9,0
27.016511,14.809000,118.000,18.728000,0.821000,128.732408,4030,239,0,112,229,2046,9,0
27.020813,4.302000,118.000,18.728000,0.821000,128.732888,4030,239,0,113,229,2046,9,0
27.038788,17.975000,118.000,18.728000,0.821000,129.488202,4490,311,0,204,331,2250,9,0
27.049252,10.464000,118.000,18.728000,0.821000,129.486150,4486,311,0,204,331,2250,9,0
27.051919,2.667000,118.000,18.728000,0.821000,129.486630,4486,311,0,204,331,2250,9,0
27.066336,14.417000,118.000,18.728000,0.821000,129.487111,4486,311,0,204,331,2250,9,0
27.070329,3.993000,118.000,18.728000,0.821000,129.259297,4438,297,0,176,299,2186,9,0
27.082905,12.576000,118.000,18.728000,0.821000,129.226407,4382,297,0,176,299,2186,9,0
27.086462,3.557000,118.000,18.728000,0.821000,129.226888,4382,297,0,176,299,2186,9,0
27.099113,12.651000,118.000,18.728000,0.821000,129.227368,4382,297,0,176,299,2186,9,0
27.100772,1.659000,118.000,18.728000,0.821000,129.227849,4382,297,0,176,299,2186,9,0
27.115726,14.954000,118.000,18.728000,0.821000,129.226689,4379,297,0,176,299,2186,9,0
27.117373,1.647000,118.000,18.728000,0.821000,129.227170,4379,297,0,176,299,2186,9,0
27.132488,15.115000,118.000,18.728000,0.821000,129.227651,4379,297,0,176,299,2186,9,0
27.134383,1.895000,118.000,18.728000,0.821000,129.228131,4379,297,0,176,299,2186,9,0
27.149103,14.720000,118.000,18.728000,0.821000,129.228612,4379,297,0,176,299,2186,9,0
27.150891,1.788000,118.000,18.728000,0.821000,129.229093,4379,297,0,176,299,2186,9,0
27.165908,15.017000,118.000,18.728000,0.821000,129.225430,4372,297,0,176,299,2186,9,0
27.168202,2.294000,118.000,18.728000,0.821000,129.225911,4372,297,0,140,263,2114,9,0
27.182510,14.308000,118.000,18.728000,0.821000,129.226338,4372,297,0,139,262,2112,9,0
27.184699,2.189000,118.000,18.728000,0.821000,129.222363,4370,297,0,139,262,2112,9,0
27.199648,14.949000,118.000,18.728000,0.821000,129.072297,4293,261,0,139,262,2112,9,0
27.203330,3.682000,118.000,18.728000,0.821000,128.966760,4113,261,0,140,262,2112,9,0
27.216053,12.723000,118.000,18.728000,0.821000,128.968827,4116,261,0,140,262,2112,9,0
27.218835,2.782000,118.000,18.728000,0.821000,128.969308,4116,261,0,139,262,2112,9,0
27.232780,13.945000,118.000,18.728000,0.821000,128.969800,4116,261,0,139,262,2112,9,0
27.235692,2.912000,118.000,18.728000,0.821000,128.970235,4116,261,0,138,262,2112,9,0
27.249910,14.218000,118.000,18.728000,0.821000,128.972226,4119,261,0,138,262,2112,9,0
27.254969,5.059000,118.000,18.728000,0.821000,128.969159,4113,261,0,139,262,2112,9,0
27.266287,11.318000,118.000,18.728000,0.821000,128.971280,4116,261,0,138,261,2110,9,0
27.267942,1.655000,117.000,20.194000,0.930000,128.971761,4116,261,0,139,261,2110,9,0
27.282906,14.964000,117.000,20.194000,0.930000,128.972234,4116,261,0,137,259,2106,9,0
27.284849,1.943000,117.000,20.194000,0.930000,128.972714,4116,261,0,134,258,2104,9,0
27.299621,14.772000,117.000,20.194000,0.930000,128.834245,4063,217,0,134,258,2104,9,0
27.301361,1.740000,117.000,20.194000,0.930000,128.798211,4006,217,0,125,238,2064,9,0
27.316021,14.660000,117.000,20.194000,0.930000,128.800321,4009,217,0,123,236,2060,9,0
27.318620,2.599000,117.000,20.194000,0.930000,128.789365,4006,214,0,121,235,2058,9,0
27.332548,13.928000,117.000,20.194000,0.930000,128.787366,4002,214,0,120,234,2056,9,0
27.335442,2.894000,117.000,20.194000,0.930000,128.901849,4062,219,0,137,249,2086,9,0
27.349232,13.790000,117.000,20.194000,0.930000,128.895967,4052,219,0,137,249,2086,9,0
27.351368,2.136000,117.000,20.194000,0.930000,128.896447,4052,219,0,137,249,2086,9,0
27.366315,14.947000,117.000,20.194000,0.930000,128.896943,4052,219,0,137,249,2086,9,0
27.369965,3.650000,117.000,20.194000,0.930000,128.897424,4052,219,0,137,249,2086,9,0
27.382778,12.813000,117.000,20.194000,0.930000,128.836137,4044,215,0,129,241,2070,9,0
27.385648,2.870000,117.000,20.194000,0.930000,128.827096,4028,215,0,129,241,2070,9,0
27.398913,13.265000,117.000,20.194000,0.930000,128.827577,4028,215,0,129,241,2070,9,0
27.402122,3.209000,117.000,20.194000,0.930000,128.828057,4028,215,0,129,241,2070,9,0
27.416173,14.051000,117.000,20.194000,0.930000,128.830174,4031,215,0,129,241,2070,9,0
27.419008,2.835000,117.000,20.194000,0.930000,128.830655,4031,215,0,129,241,2070,9,0
27.433086,14.078000,117.000,20.194000,0.930000,128.831151,4031,215,0,129,241,2070,9,0
27.437690,4.604000,117.000,20.194000,0.930000,128.831632,4031,215,0,129,241,2070,9,0
27.449742,12.052000,117.000,20.194000,0.930000,128.830411,4028,215,0,129,241,2070,9,0
27.452888,3.146000,117.000,20.194000,0.930000,128.830892,4028,215,0,129,241,2070,9,0
27.466437,13.549000,117.000,20.194000,0.930000,128.831372,4028,215,0,129,241,2070,9,0
27.469528,3.091000,117.000,20.194000,0.930000,128.831853,4028,215,0,129,241,2070,9,0
27.483059,13.531000,117.000,20.194000,0.930000,128.830640,4025,215,0,124,236,2060,9,0
27.486196,3.137000,117.000,20.194000,0.930000,128.828610,4026,215,0,124,236,2060,9,0
27.499978,13.782000,117.000,20.194000,0.930000,128.823926,4017,215,0,124,236,2060,9,0
27.505213,5.235000,117.000,20.194000,0.930000,128.803884,4007,210,0,124,236,2060,9,0
27.515924,10.711000,117.000,20.194000,0.930000,128.789590,3982,210,0,124,236,2060,9,0
27.518979,3.055000,117.000,20.194000,0.930000,128.790071,3982,210,0,124,236,2060,9,0
27.533060,14.081000,117.000,20.194000,0.930000,128.788941,3979,210,0,124,236,2060,9,0
27.535465,2.405000,117.000,20.194000,0.930000,128.789376,3979,210,0,123,236,2060,9,0
27.549597,14.132000,117.000,20.194000,0.930000,128.788201,3976,210,0,123,236,2060,9,0
27.551951,2.354000,117.000,20.194000,0.930000,128.794686,3986,210,0,124,236,2060,9,0
27.566540,14.589000,117.000,20.194000,0.930000,128.795182,3986,210,0,124,236,2060,9,0
27.569009,2.469000,117.000,20.194000,0.930000,128.795617,3986,210,0,123,236,2060,9,0
27.583159,14.150000,117.000,20.194000,0.930000,128.797727,3989,210,0,123,236,2060,9,0
27.586355,3.196000,117.000,20.194000,0.930000,128.798207,3989,210,0,123,236,2060,9,0
27.599948,13.593000,117.000,20.194000,0.930000,128.799584,3989,210,0,123,236,2060,9,1
27.602705,2.757000,117.000,20.194000,0.930000,128.800065,3989,210,0,121,236,2060,9,1
27.620099,17.394000,117.000,20.194000,0.930000,129.311177,4342,264,0,185,304,2196,9,0
27.632977,12.878000,117.000,20.194000,0.930000,129.310052,4340,264,0,185,304,2196,9,0
27.635799,2.822000,117.000,20.194000,0.930000,129.310533,4340,264,0,186,304,2196,9,0
27.649526,13.727000,117.000,20.194000,0.930000,129.311013,4340,264,0,186,304,2196,9,0
27.652690,3.164000,117.000,20.194000,0.930000,128.964959,4317,244,0,141,250,2088,9,0
27.666390,13.700000,117.000,20.194000,0.930000,128.897172,4201,244,0,141,250,2088,9,0
27.670676,4.286000,117.000,20.194000,0.930000,128.897607,4201,244,0,141,250,2088,9,0
27.682692,12.016000,117.000,20.194000,0.930000,128.898088,4201,244,0,141,250,2088,9,0
27.684329,1.637000,117.000,20.194000,0.930000,128.898568,4201,244,0,141,250,2088,9,0
27.699419,15.090000,117.000,20.194000,0.930000,128.899049,4201,244,0,141,250,2088,9,0
27.701118,1.699000,117.000,20.194000,0.930000,128.899529,4201,244,0,141,250,2088,9,0
27.716088,14.970000,117.000,20.194000,0.930000,128.899919,4201,244,0,141,250,2088,9,0
27.717877,1.789000,117.000,20.194000,0.930000,128.900399,4201,244,0,142,250,2088,9,0
27.732583,14.706000,117.000,20.194000,0.930000,128.900880,4201,244,0,142,250,2088,9,0
27.734557,1.974000,117.000,20.194000,0.930000,128.905992,4207,244,0,142,250,2088,9,0
27.749403,14.846000,117.000,20.194000,0.930000,128.902070,4200,244,0,142,250,2088,9,0
27.752931,3.528000,117.000,20.194000,0.930000,128.902551,4200,244,0,111,220,2028,9,0
27.765790,12.859000,117.000,20.194000,0.930000,128.902978,4200,244,0,111,220,2028,9,0
27.767497,1.707000,117.000,20.194000,0.930000,128.899003,4198,244,0,111,220,2028,9,0
27.782441,14.944000,117.000,20.194000,0.930000,128.777474,4138,214,0,110,219,2026,9,0
27.784229,1.788000,117.000,20.194000,0.930000,128.689607,3988,214,0,113,219,2026,9,0
27.799344,15.115000,117.000,20.194000,0.930000,128.690087,3988,214,0,109,215,2018,9,0
27.802289,2.945000,117.000,20.194000,0.930000,128.690568,3988,214,0,108,215,2018,9,0
27.816258,13.969000,117.000,20.194000,0.930000,128.673051,3977,210,0,108,215,2018,9,0
27.820088,3.830000,117.000,20.194000,0.930000,128.661805,3957,210,0,109,215,2018,9,0
27.832885,12.797000,117.000,20.194000,0.930000,128.662187,3957,210,0,109,215,2018,9,0
27.835871,2.986000,117.000,20.194000,0.930000,128.659165,3951,210,0,107,215,2018,9,0
27.849216,13.345000,117.000,20.194000,0.930000,128.659631,3951,210,0,106,214,2016,9,0
27.850973,1.757000,117.000,20.194000,0.930000,128.658471,3948,210,0,107,214,2016,9,0
27.866463,15.490000,117.000,20.194000,0.930000,128.658952,3948,210,0,105,212,2012,9,0
27.869946,3.483000,117.000,20.194000,0.930000,128.659432,3948,210,0,104,210,2008,9,0
27.882897,12.951000,117.000,20.194000,0.930000,128.636155,3937,203,0,104,210,2008,9,0
27.884562,1.665000,117.000,20.194000,0.930000,128.628594,3924,203,0,101,210,2008,9,0
27.899435,14.873000,117.000,20.194000,0.930000,128.629106,3924,203,0,99,208,2004,9,0
27.901351,1.916000,117.000,20.194000,0.930000,128.618150,3921,200,0,99,207,2002,9,0
27.916254,14.903000,117.000,20.194000,0.930000,128.632749,3927,204,0,100,206,2000,9,0
27.919394,3.140000,117.000,20.194000,0.930000,128.747975,3987,209,0,116,222,2032,9,0
27.932662,13.268000,117.000,20.194000,0.930000,128.742089,3977,209,0,116,222,2032,9,0
27.934913,2.251000,117.000,20.194000,0.930000,128.742570,3977,209,0,116,222,2032,9,0
27.949558,14.645000,117.000,20.194000,0.930000,128.744721,3980,209,0,116,222,2032,9,0
27.951625,2.067000,117.000,20.194000,0.930000,128.745202,3980,209,0,116,222,2032,9,0
27.966238,14.613000,117.000,20.194000,0.930000,128.669778,3973,204,0,106,212,2012,9,0
27.968809,2.571000,117.000,20.194000,0.930000,128.658357,3953,204,0,106,212,2012,9,0
27.982704,13.895000,117.000,20.194000,0.930000,128.658837,3953,204,0,106,212,2012,9,0
27.985695,2.991000,117.000,20.194000,0.930000,128.659318,3953,204,0,106,212,2012,9,0
27.999597,13.902000,117.000,20.194000,0.930000,128.659799,3953,204,0,106,212,2012,9,0
28.002715,3.118000,117.000,20.194000,0.930000,128.660279,3953,204,0,106,212,2012,9,0
28.016356,13.641000,117.000,20.194000,0.930000,128.662435,3956,204,0,106,212,2012,9,0
28.019576,3.220000,117.000,20.194000,0.930000,128.662915,3956,204,0,106,212,2012,9,0
28.033175,13.599000,117.000,20.194000,0.930000,128.663396,3956,204,0,106,212,2012,9,0
28.037068,3.893000,117.000,20.194000,0.930000,128.663877,3956,204,0,106,212,2012,9,0
28.049830,12.762000,117.000,20.194000,0.930000,128.664357,3956,204,0,106,212,2012,9,0
28.051775,1.945000,117.000,20.194000,0.930000,128.664792,3956,204,0,106,212,2012,9,0
28.065812,14.037000,117.000,20.194000,0.930000,128.665219,3956,204,0,101,207,2002,9,0
28.067311,1.499000,117.000,20.194000,0.930000,128.661290,3954,204,0,101,207,2002,9,0
28.082569,15.258000,117.000,20.194000,0.930000,128.661771,3954,204,0,101,207,2002,9,0
28.086164,3.595000,117.000,20.194000,0.930000,128.641728,3944,199,0,101,207,2002,9,0
28.099265,13.101000,117.000,20.194000,0.930000,128.627427,3919,199,0,100,206,2000,9,0
28.100751,1.486000,117.000,20.194000,0.930000,128.627908,3919,199,0,99,206,2000,9,0
28.115629,14.878000,117.000,20.194000,0.930000,128.626847,3917,199,0,99,206,2000,9,0
28.117850,2.221000,117.000,20.194000,0.930000,128.627328,3917,199,0,100,206,2000,9,0
28.132992,15.142000,117.000,20.194000,0.930000,128.752172,4043,223,0,100,206,2000,9,0
28.134815,1.823000,117.000,20.194000,0.930000,128.763005,4053,223,0,112,218,2024,9,0
28.149443,14.628000,117.000,20.194000,0.930000,128.763547,4053,223,0,112,218,2024,9,0
28.151556,2.113000,117.000,20.194000,0.930000,128.764028,4053,223,0,112,218,2024,9,0
28.166070,14.514000,117.000,20.194000,0.930000,128.764493,4053,223,0,112,218,2024,9,0
28.168782,2.712000,117.000,20.194000,0.930000,128.764928,4053,223,0,112,218,2024,9,0
28.182621,13.839000,117.000,20.194000,0.930000,128.763783,4050,223,0,112,218,2024,9,0
28.186068,3.447000,117.000,20.194000,0.930000,128.765546,4050,223,0,112,218,2024,9,0
28.203262,17.194000,117.000,20.194000,0.930000,129.465493,4453,288,0,197,311,2210,9,0
28.215637,12.375000,117.000,20.194000,0.930000,129.465974,4453,288,0,197,311,2210,9,0
28.219075,3.438000,117.000,20.194000,0.930000,129.466455,4453,288,0,197,311,2210,9,0
28.232774,13.699000,117.000,20.194000,0.930000,129.466935,4453,288,0,197,311,2210,9,0
28.236814,4.040000,117.000,20.194000,0.930000,129.301461,4462,280,0,176,286,2160,9,0
28.249352,12.538000,117.000,20.194000,0.930000,129.255502,4382,280,0,176,286,2160,9,0
28.252389,3.037000,117.000,20.194000,0.930000,129.255982,4382,280,0,176,286,2160,9,0
28.265926,13.537000,117.000,20.194000,0.930000,129.256463,4382,280,0,176,286,2160,9,0
28.269233,3.307000,118.000,16.649000,0.880000,129.240972,4375,275,0,175,285,2158,9,0
28.282815,13.582000,118.000,16.649000,0.880000,129.237527,4368,275,0,175,285,2158,9,0
28.286655,3.840000,118.000,16.649000,0.880000,129.224172,4362,271,0,175,285,2158,9,0
28.299934,13.279000,118.000,16.649000,0.880000,129.405698,4479,319,0,175,285,2158,9,0
28.302007,2.073000,118.000,16.649000,0.880000,129.414922,4479,319,0,188,309,2206,9,0
28.316294,14.287000,118.000,16.649000,0.880000,129.415399,4479,319,0,188,309,2206,9,0
28.320253,3.959000,118.000,16.649000,0.880000,129.415879,4479,319,0,188,309,2206,9,0
28.332273,12.020000,118.000,16.649000,0.880000,129.415456,4478,319,0,188,309,2206,9,0
28.333951,1.678000,118.000,16.649000,0.880000,129.411527,4476,319,0,159,280,2148,9,0
28.349638,15.687000,118.000,16.649000,0.880000,129.410367,4473,319,0,159,280,2148,9,0
28.353352,3.714000,118.000,16.649000,0.880000,129.410848,4473,319,0,159,280,2148,9,0
28.366113,12.761000,118.000,16.649000,0.880000,129.293382,4415,290,0,159,280,2148,9,0
28.367925,1.812000,118.000,16.649000,0.880000,129.208459,4270,290,0,159,280,2148,9,0
28.382650,14.725000,118.000,16.649000,0.880000,129.210599,4273,290,0,154,275,2138,9,0
28.384774,2.124000,118.000,16.649000,0.880000,129.211034,4273,290,0,154,275,2138,9,0
28.399166,14.392000,118.000,16.649000,0.880000,129.189485,4263,285,0,154,275,2138,9,0
28.401168,2.002000,118.000,16.649000,0.880000,129.175241,4238,285,0,154,275,2138,9,0
28.416354,15.186000,118.000,16.649000,0.880000,129.175603,4238,285,0,154,275,2138,9,0
28.420140,3.786000,118.000,16.649000,0.880000,129.172582,4232,285,0,151,275,2138,9,0
28.432969,12.829000,118.000,16.649000,0.880000,129.173017,4232,285,0,150,274,2136,9,0
28.437828,4.859000,118.000,16.649000,0.880000,129.173497,4232,285,0,151,274,2136,9,0
28.449595,11.767000,118.000,16.649000,0.880000,129.158780,4208,285,0,149,272,2132,9,0
28.451336,1.741000,118.000,16.649000,0.880000,129.159261,4208,285,0,149,271,2130,9,0
28.466282,14.946000,118.000,16.649000,0.880000,129.146428,4202,281,0,149,271,2130,9,0
28.468050,1.768000,118.000,16.649000,0.880000,129.142560,4195,281,0,147,271,2130,9,0
28.482072,14.022000,118.000,16.649000,0.880000,129.142995,4195,281,0,146,269,2126,9,0
28.484259,2.187000,118.000,16.649000,0.880000,129.132039,4192,278,0,145,268,2124,9,0
28.499843,15.584000,118.000,16.649000,0.880000,129.130094,4188,278,0,144,267,2122,9,0
28.503866,4.023000,118.000,16.649000,0.880000,129.219483,4235,281,0,156,279,2146,9,0
28.515981,12.115000,118.000,16.649000,0.880000,129.211961,4222,281,0,156,279,2146,9,0
28.517685,1.704000,118.000,16.649000,0.880000,129.212441,4222,281,0,157,279,2146,9,0
28.532797,15.112000,118.000,16.649000,0.880000,129.211282,4219,281,0,157,279,2146,9,0
28.534841,2.044000,118.000,16.649000,0.880000,129.211762,4219,281,0,156,279,2146,9,0
28.549406,14.565000,118.000,16.649000,0.880000,129.134633,4209,276,0,146,269,2126,9,0
28.551759,2.353000,118.000,16.649000,0.880000,129.123212,4189,276,0,146,269,2126,9,0
28.565877,14.118000,118.000,16.649000,0.880000,129.122037,4186,276,0,146,269,2126,9,0
28.568177,2.300000,118.000,16.649000,0.880000,129.122518,4186,276,0,147,269,2126,9,0
28.582525,14.348000,118.000,16.649000,0.880000,129.123013,4186,276,0,147,269,2126,9,0
28.585147,2.622000,118.000,16.649000,0.880000,129.123494,4186,276,0,146,269,2126,9,0
28.599587,14.440000,118.000,16.649000,0.880000,129.123960,4186,276,0,146,269,2126,9,0
28.602467,2.880000,118.000,16.649000,0.880000,129.124440,4186,276,0,147,269,2126,9,0
28.615816,13.349000,118.000,16.649000,0.880000,129.123281,4183,276,0,147,269,2126,9,0
28.619245,3.429000,118.000,16.649000,0.880000,129.135159,4201,276,0,147,269,2126,9,0
28.633114,13.869000,118.000,16.649000,0.880000,129.113957,4165,276,0,147,269,2126,9,0
28.634974,1.860000,118.000,16.649000,0.880000,129.114438,4165,276,0,147,269,2126,9,0
28.649768,14.794000,118.000,16.649000,0.880000,129.116513,4168,276,0,143,265,2118,9,0
28.652365,2.597000,118.000,16.649000,0.880000,129.112584,4166,276,0,143,265,2118,9,0
28.666195,13.830000,118.000,16.649000,0.880000,129.114705,4169,276,0,143,265,2118,9,0
28.668326,2.131000,118.000,16.649000,0.880000,129.098657,4161,272,0,143,265,2118,9,0
28.682766,14.440000,118.000,16.649000,0.880000,129.087342,4141,272,0,143,265,2118,9,0
28.684663,1.897000,118.000,16.649000,0.880000,129.087823,4141,272,0,141,265,2118,9,0
28.699923,15.260000,118.000,16.649000,0.880000,129.089204,4141,272,0,141,265,2118,9,1
28.701945,2.022000,118.000,16.649000,0.880000,129.089684,4141,272,0,142,265,2118,9,1
28.716223,14.278000,118.000,16.649000,0.880000,129.092919,4150,271,0,142,265,2118,9,0
28.718381,2.158000,118.000,16.649000,0.880000,129.096147,4155,271,0,142,265,2118,9,0
28.732735,14.354000,118.000,16.649000,0.880000,129.096604,4155,271,0,142,265,2118,9,0
28.734927,2.192000,118.000,16.649000,0.880000,129.097085,4155,271,0,143,265,2118,9,0
28.749497,14.570000,118.000,16.649000,0.880000,129.097566,4155,271,0,143,265,2118,9,0
28.752118,2.621000,118.000,16.649000,0.880000,129.098046,4155,271,0,142,265,2118,9,0
28.765934,13.816000,118.000,16.649000,0.880000,129.098527,4155,271,0,142,265,2118,9,0
28.769605,3.671000,118.000,16.649000,0.880000,129.099008,4155,271,0,142,265,2118,9,0
28.787100,17.495000,118.000,16.649000,0.880000,129.622266,4501,326,0,207,336,2260,9,0
28.799536,12.436000,118.000,16.649000,0.880000,129.653176,4537,326,0,207,336,2260,9,0
28.803392,3.856000,118.000,16.649000,0.880000,129.642259,4519,326,0,207,336,2260,9,0
28.815942,12.550000,118.000,16.649000,0.880000,129.644391,4522,326,0,207,336,2260,9,0
28.818378,2.436000,118.000,16.649000,0.880000,129.308362,4509,307,0,164,285,2158,9,0
28.832535,14.157000,118.000,16.649000,0.880000,129.237859,4388,307,0,164,285,2158,9,0
28.834465,1.930000,118.000,16.649000,0.880000,129.238339,4388,307,0,164,285,2158,9,0
28.849143,14.678000,118.000,16.649000,0.880000,129.238820,4388,307,0,164,285,2158,9,0
28.850889,1.746000,118.000,16.649000,0.880000,129.239301,4388,307,0,164,285,2158,9,0
28.865790,14.901000,118.000,16.649000,0.880000,129.239781,4388,307,0,164,285,2158,9,0
28.867630,1.840000,118.000,16.649000,0.880000,129.240216,4388,307,0,164,285,2158,9,0
28.882463,14.833000,118.000,16.649000,0.880000,129.239011,4385,307,0,163,284,2156,9,0
28.884274,1.811000,118.000,16.649000,0.880000,129.239491,4385,307,0,164,284,2156,9,0
28.899136,14.862000,118.000,16.649000,0.880000,129.238332,4382,307,0,164,284,2156,9,0
28.901150,2.014000,118.000,16.649000,0.880000,129.238812,4382,307,0,164,284,2156,9,0
28.915736,14.586000,118.000,16.649000,0.880000,129.236745,4378,307,0,164,284,2156,9,0
28.917582,1.846000,118.000,16.649000,0.880000,129.237226,4378,307,0,134,255,2098,9,0
28.932882,15.300000,118.000,16.649000,0.880000,129.237653,4378,307,0,134,255,2098,9,0
28.936961,4.079000,118.000,16.649000,0.880000,129.233724,4376,307,0,134,255,2098,9,0
28.948976,12.015000,118.000,16.649000,0.880000,129.114625,4315,278,0,134,255,2098,9,0
28.952144,3.168000,118.000,16.649000,0.880000,129.029702,4170,278,0,135,255,2098,9,0
28.966442,14.298000,118.000,16.649000,0.880000,129.030198,4170,278,0,130,250,2088,9,0
28.971180,4.738000,118.000,16.649000,0.880000,129.030679,4170,278,0,123,243,2074,9,0
28.982656,11.476000,118.000,16.649000,0.880000,129.001618,4158,270,0,123,243,2074,9,0
28.985688,3.032000,118.000,16.649000,0.880000,128.983682,4127,270,0,124,243,2074,9,0
28.999747,14.059000,118.000,16.649000,0.880000,128.984029,4127,270,0,124,243,2074,9,0
29.002657,2.910000,118.000,16.649000,0.880000,128.981008,4121,270,0,122,243,2074,9,0
29.016651,13.994000,118.000,16.649000,0.880000,128.996732,4131,274,0,121,242,2072,9,0
29.019266,2.615000,118.000,16.649000,0.880000,128.997899,4131,274,0,124,244,2076,9,0
29.033176,13.910000,118.000,16.649000,0.880000,129.000024,4134,274,0,122,242,2072,9,0
29.036004,2.828000,118.000,16.649000,0.880000,128.998864,4131,274,0,121,241,2070,9,0
29.049585,13.581000,118.000,16.649000,0.880000,128.986039,4125,270,0,121,241,2070,9,0
29.051691,2.106000,118.000,16.649000,0.880000,128.982171,4118,270,0,120,241,2070,9,0
29.066132,14.441000,118.000,16.649000,0.880000,128.982667,4118,270,0,118,239,2066,9,0
29.067904,1.772000,118.000,16.649000,0.880000,128.971711,4115,267,0,118,238,2064,9,0
29.082882,14.978000,118.000,16.649000,0.880000,128.970956,4111,267,0,117,237,2062,9,2
29.085846,2.964000,118.000,16.649000,0.880000,129.059903,4158,270,0,128,249,2086,9,2
29.099386,13.540000,118.000,16.649000,0.880000,129.054639,4148,270,0,128,249,2086,9,2
29.100971,1.585000,118.000,16.649000,0.880000,129.055120,4148,270,0,129,249,2086,9,2
29.115998,15.027000,118.000,16.649000,0.880000,129.056794,4160,268,0,129,249,2086,9,0
29.118816,2.818000,118.000,16.649000,0.880000,129.050805,4150,268,0,131,249,2086,9,0
29.132512,13.696000,118.000,16.649000,0.880000,128.989518,4142,264,0,123,241,2070,9,0
29.134196,1.684000,118.000,16.649000,0.880000,128.980477,4126,264,0,123,241,2070,9,0
29.149232,15.036000,118.000,16.649000,0.880000,128.980958,4126,264,0,117,235,2058,9,0
29.151064,1.832000,118.000,16.649000,0.880000,128.981439,4126,264,0,117,235,2058,9,0
29.165998,14.934000,118.000,16.649000,0.880000,128.962785,4096,264,0,117,235,2058,9,0
29.168896,2.898000,118.000,16.649000,0.880000,128.963265,4096,264,0,117,235,2058,9,0
29.182672,13.776000,118.000,16.649000,0.880000,128.963746,4096,264,0,117,235,2058,9,0
29.197068,14.396000,118.000,16.649000,0.880000,128.964227,4096,264,0,117,235,2058,9,0
29.207946,10.878000,118.000,16.649000,0.880000,128.964707,4096,264,0,117,235,2058,9,0
29.213000,5.054000,118.000,16.649000,0.880000,128.965188,4096,264,0,116,235,2058,9,0
29.223739,10.739000,118.000,16.649000,0.880000,128.963948,4093,264,0,117,235,2058,9,0
29.226942,3.203000,118.000,16.649000,0.880000,128.964429,4093,264,0,117,235,2058,9,0
29.240439,13.497000,118.000,16.649000,0.880000,128.964856,4093,264,0,112,231,2050,9,0
29.243763,3.324000,118.000,16.649000,0.880000,128.960927,4091,264,0,112,231,2050,9,0
29.257214,13.451000,118.000,16.649000,0.880000,128.945325,4083,260,0,112,231,2050,9,0
29.260848,3.634000,118.000,16.649000,0.880000,128.932359,4060,260,0,112,231,2050,9,0
29.273854,13.006000,118.000,16.814000,1.019000,128.932839,4060,260,0,112,231,2050,9,0
29.277351,3.497000,118.000,16.814000,1.019000,128.933305,4060,260,0,110,229,2046,9,0
29.290600,13.249000,118.000,16.814000,1.019000,128.933785,4060,260,0,108,229,2046,9,0
29.294293,3.693000,118.000,16.814000,1.019000,128.934213,4060,260,0,108,229,2046,9,0
29.307227,12.934000,118.000,16.814000,1.019000,128.940698,4070,260,0,108,229,2046,9,0
29.310845,3.618000,118.000,16.814000,1.019000,128.941163,4070,260,0,110,229,2046,9,0
29.324346,13.501000,118.000,16.814000,1.019000,128.941644,4070,260,0,110,229,2046,9,0
29.330910,6.564000,118.000,16.814000,1.019000,128.942109,4070,260,0,110,229,2046,9,0
29.334394,3.484000,118.000,16.814000,1.019000,128.942544,4070,260,0,111,229,2046,9,0
29.349624,15.230000,118.000,16.814000,1.019000,128.944688,4073,260,0,111,229,2046,9,0
29.351191,1.567000,118.000,16.814000,1.019000,128.945168,4073,260,0,111,229,2046,9,0
29.368539,17.348000,118.000,16.814000,1.019000,129.655709,4489,326,0,197,323,2234,9,0
29.382619,14.080000,118.000,16.814000,1.019000,129.657857,4492,326,0,195,321,2230,9,0
29.384555,1.936000,118.000,16.814000,1.019000,129.637422,4482,320,0,195,321,2230,9,0
29.399655,15.100000,118.000,16.814000,1.019000,129.630471,4470,320,0,195,321,2230,9,0
29.403258,3.603000,118.000,16.814000,1.019000,129.441922,4470,310,0,171,291,2170,9,0
29.415965,12.707000,118.000,16.814000,1.019000,129.399632,4397,310,0,171,291,2170,9,0
29.418131,2.166000,118.000,16.814000,1.019000,129.400113,4397,310,0,171,291,2170,9,0
29.432443,14.312000,118.000,16.814000,1.019000,129.400594,4397,310,0,171,291,2170,9,0
29.434302,1.859000,118.000,16.814000,1.019000,129.401074,4397,310,0,171,291,2170,9,0
29.449215,14.913000,118.000,16.814000,1.019000,129.401464,4397,310,0,171,291,2170,9,0
29.452407,3.192000,118.000,16.814000,1.019000,129.401944,4397,310,0,171,291,2170,9,0
29.466229,13.822000,118.000,16.814000,1.019000,129.404084,4400,310,0,171,291,2170,9,0
29.469713,3.484000,118.000,16.814000,1.019000,129.404565,4400,310,0,171,291,2170,9,0
29.482677,12.964000,118.000,16.814000,1.019000,129.405026,4400,310,0,171,291,2170,9,0
29.486767,4.090000,118.000,16.814000,1.019000,129.405507,4400,310,0,171,291,2170,9,0
29.499410,12.643000,118.000,16.814000,1.019000,129.403485,4396,310,0,171,291,2170,9,0
29.502375,2.965000,118.000,16.814000,1.019000,129.403920,4396,310,0,141,261,2110,9,0
29.516277,13.902000,118.000,16.814000,1.019000,129.405999,4399,310,0,141,261,2110,9,0
29.520020,3.743000,118.000,16.814000,1.019000,129.402070,4397,310,0,141,261,2110,9,0
29.532757,12.737000,118.000,16.814000,1.019000,129.280454,4337,280,0,141,261,2110,9,0
29.534521,1.764000,118.000,16.814000,1.019000,129.192586,4187,280,0,141,261,2110,9,0
29.549326,14.805000,118.000,16.814000,1.019000,129.193067,4187,280,0,137,257,2102,9,0
29.551164,1.838000,118.000,16.814000,1.019000,129.193547,4187,280,0,137,257,2102,9,0
29.566012,14.848000,118.000,16.814000,1.019000,129.177670,4179,276,0,137,257,2102,9,0
29.567788,1.776000,118.000,16.814000,1.019000,129.166371,4159,276,0,136,257,2102,9,0
29.583072,15.284000,118.000,16.814000,1.019000,129.165143,4156,276,0,136,257,2102,9,0
29.586693,3.621000,118.000,16.814000,1.019000,129.162122,4150,276,0,137,257,2102,9,0
29.599322,12.629000,118.000,16.814000,1.019000,129.160977,4147,276,0,136,256,2100,9,0
29.601439,2.117000,118.000,16.814000,1.019000,129.159818,4144,276,0,136,256,2100,9,0
29.616038,14.599000,118.000,16.814000,1.019000,129.160283,4144,276,0,134,254,2096,9,0
29.618157,2.119000,118.000,16.814000,1.019000,129.160764,4144,276,0,132,253,2094,9,0
29.633198,15.041000,118.000,16.814000,1.019000,129.147962,4138,272,0,132,253,2094,9,0
29.637883,4.685000,118.000,16.814000,1.019000,129.144094,4131,272,0,133,253,2094,9,0
29.649609,11.726000,118.000,16.814000,1.019000,129.142903,4128,272,0,131,251,2090,9,0
29.652106,2.497000,118.000,16.814000,1.019000,129.131948,4125,269,0,129,250,2088,9,0
29.666342,14.236000,118.000,16.814000,1.019000,129.130002,4121,269,0,128,249,2086,9,0
29.670983,4.641000,118.000,16.814000,1.019000,129.219014,4168,272,0,141,261,2110,9,0
29.682814,11.831000,118.000,16.814000,1.019000,129.214799,4161,272,0,141,261,2110,9,0
29.684569,1.755000,118.000,16.814000,1.019000,129.215280,4161,272,0,141,261,2110,9,0
29.699311,14.742000,118.000,16.814000,1.019000,129.214120,4158,272,0,141,261,2110,9,0
29.701379,2.068000,118.000,16.814000,1.019000,129.214601,4158,272,0,141,261,2110,9,0
29.716043,14.664000,118.000,16.814000,1.019000,129.153314,4150,268,0,133,253,2094,9,0
29.717872,1.829000,118.000,16.814000,1.019000,129.144273,4134,268,0,133,253,2094,9,0
29.732680,14.808000,118.000,16.814000,1.019000,129.146405,4137,268,0,133,253,2094,9,0
29.734797,2.117000,118.000,16.814000,1.019000,129.146840,4137,268,0,133,253,2094,9,0
29.749528,14.731000,118.000,16.814000,1.019000,129.145680,4134,268,0,133,253,2094,9,0
29.751307,1.779000,118.000,16.814000,1.019000,129.146161,4134,268,0,133,253,2094,9,0
29.766081,14.774000,118.000,16.814000,1.019000,129.146657,4134,268,0,133,253,2094,9,0
29.768090,2.009000,118.000,16.814000,1.019000,129.147138,4134,268,0,133,253,2094,9,0
29.782363,14.273000,118.000,16.814000,1.019000,129.147573,4134,268,0,133,253,2094,9,0
29.785074,2.711000,118.000,16.814000,1.019000,129.148053,4134,268,0,133,253,2094,9,0
29.800023,14.949000,118.000,16.814000,1.019000,129.149449,4134,268,0,133,253,2094,9,1
29.804368,4.345000,118.000,16.814000,1.019000,129.149930,4134,268,0,133,253,2094,9,1
29.816404,12.036000,118.000,16.814000,1.019000,129.150987,4140,267,0,129,249,2086,9,0
29.819052,2.648000,118.000,16.814000,1.019000,129.143800,4133,267,0,130,249,2086,9,0
29.833235,14.183000,118.000,16.814000,1.019000,129.144296,4133,267,0,130,249,2086,9,0
29.837093,3.858000,118.000,16.814000,1.019000,129.128694,4125,263,0,130,249,2086,9,0
29.849665,12.572000,118.000,16.814000,1.019000,129.117318,4105,263,0,130,249,2086,9,0
29.853190,3.525000,118.000,16.814000,1.019000,129.117799,4105,263,0,130,249,2086,9,0
29.866142,12.952000,118.000,16.814000,1.019000,129.118249,4105,263,0,130,249,2086,9,0
29.868773,2.631000,118.000,16.814000,1.019000,129.118730,4105,263,0,129,249,2086,9,0
29.883020,14.247000,118.000,16.814000,1.019000,129.119302,4105,263,0,129,249,2086,9,0
29.885811,2.791000,118.000,16.814000,1.019000,129.125741,4115,263,0,130,249,2086,9,0
29.899631,13.820000,118.000,16.814000,1.019000,129.126222,4115,263,0,130,249,2086,9,0
29.902389,2.758000,118.000,16.814000,1.019000,129.126702,4115,263,0,127,249,2086,9,0
29.916276,13.887000,118.000,16.814000,1.019000,129.125543,4112,263,0,128,249,2086,9,0
29.920104,3.828000,118.000,16.814000,1.019000,129.126023,4112,263,0,129,249,2086,9,0
29.933173,13.069000,118.000,16.814000,1.019000,129.126504,4112,263,0,129,249,2086,9,0
29.935981,2.808000,118.000,16.814000,1.019000,129.126985,4112,263,0,128,249,2086,9,0
29.954072,18.091000,118.000,16.814000,1.019000,129.703782,4512,325,0,200,327,2242,9,0
29.965843,11.771000,118.000,16.814000,1.019000,129.704263,4512,325,0,200,327,2242,9,0
29.968830,2.987000,118.000,16.814000,1.019000,129.703103,4509,325,0,200,327,2242,9,0
29.982407,13.577000,118.000,16.814000,1.019000,129.703538,4509,325,0,199,326,2240,9,0
29.985177,2.770000,118.000,16.814000,1.019000,129.332002,4461,301,0,151,270,2128,9,0
29.998858,13.681000,118.000,16.814000,1.019000,129.264260,4345,301,0,151,270,2128,9,0
30.000909,2.051000,118.000,16.814000,1.019000,129.264741,4345,301,0,151,270,2128,9,0
30.016025,15.116000,118.000,16.814000,1.019000,129.265077,4345,301,0,151,270,2128,9,0
30.017807,1.782000,118.000,16.814000,1.019000,129.265557,4345,301,0,151,270,2128,9,0
30.032890,15.083000,118.000,16.814000,1.019000,129.266038,4345,301,0,151,270,2128,9,0
30.036713,3.823000,118.000,16.814000,1.019000,129.266473,4345,301,0,151,270,2128,9,0
30.049216,12.503000,118.000,16.814000,1.019000,129.268750,4348,301,0,151,270,2128,9,0
30.050961,1.745000,118.000,16.814000,1.019000,129.269231,4348,301,0,151,270,2128,9,0
30.066364,15.403000,118.000,16.814000,1.019000,129.271409,4351,301,0,151,270,2128,9,0
30.069771,3.407000,118.000,16.814000,1.019000,129.271890,4351,301,0,152,269,2126,9,0
30.082506,12.735000,118.000,16.814000,1.019000,129.259370,4342,298,0,152,269,2126,9,0
30.084114,1.608000,118.000,16.814000,1.019000,129.251748,4334,298,0,116,233,2054,9,0
30.099216,15.102000,118.000,16.814000,1.019000,129.252229,4334,298,0,116,233,2054,9,0
30.101127,1.911000,118.000,16.814000,1.019000,129.252709,4334,298,0,116,233,2054,9,0
30.116076,14.949000,118.000,16.814000,1.019000,129.122609,4275,266,0,116,233,2054,9,0
30.118470,2.394000,118.000,16.814000,1.019000,129.017758,4095,266,0,117,235,2058,9,0
30.132513,14.043000,118.000,16.814000,1.019000,129.018189,4095,266,0,117,235,2058,9,0
30.135280,2.767000,118.000,16.814000,1.019000,129.018670,4095,266,0,118,235,2058,9,0
30.149057,13.777000,118.000,16.814000,1.019000,129.019105,4095,266,0,118,235,2058,9,0
30.152165,3.108000,118.000,16.814000,1.019000,129.019586,4095,266,0,117,235,2058,9,0
30.166239,14.074000,118.000,16.814000,1.019000,129.019944,4095,266,0,117,235,2058,9,0
30.168830,2.591000,118.000,16.814000,1.019000,129.016923,4089,266,0,117,235,2058,9,0
30.182696,13.866000,118.000,16.814000,1.019000,129.017343,4089,266,0,116,234,2056,9,0
30.186984,4.288000,118.000,16.814000,1.019000,129.017823,4089,266,0,117,234,2056,9,0
30.199574,12.590000,118.000,16.814000,1.019000,129.018334,4089,266,0,115,232,2052,9,0
30.202988,3.414000,118.000,16.814000,1.019000,129.018815,4089,266,0,113,231,2050,9,0
30.216561,13.573000,118.000,16.814000,1.019000,129.007630,4086,262,0,113,231,2050,9,0
30.219301,2.740000,118.000,16.814000,1.019000,129.003762,4079,262,0,113,231,2050,9,0
30.233223,13.922000,118.000,16.814000,1.019000,129.004060,4079,262,0,111,229,2046,9,0
30.235128,1.905000,118.000,16.814000,1.019000,128.907510,4040,235,0,108,228,2044,9,0
30.249788,14.660000,118.000,16.814000,1.019000,128.886598,4000,235,0,107,227,2042,9,0
30.253090,3.302000,118.000,16.814000,1.019000,128.975984,4047,238,0,120,239,2066,9,0
30.266251,13.161000,118.000,16.814000,1.019000,128.970056,4037,238,0,120,239,2066,9,0
30.268236,1.985000,118.000,17.549000,0.805000,128.970536,4037,238,0,120,239,2066,9,0
30.283086,14.850000,118.000,17.549000,0.805000,128.969377,4034,238,0,120,239,2066,9,0
30.285409,2.323000,118.000,17.549000,0.805000,128.969857,4034,238,0,121,239,2066,9,0
30.299666,14.257000,118.000,17.549000,0.805000,128.906861,4023,234,0,113,231,2050,9,0
30.301758,2.092000,118.000,17.549000,0.805000,128.897820,4007,234,0,113,231,2050,9,0
30.316538,14.780000,118.000,17.549000,0.805000,128.898210,4007,234,0,113,231,2050,9,0
30.320889,4.351000,118.000,17.549000,0.805000,128.898690,4007,234,0,112,231,2050,9,0
30.332324,11.435000,118.000,17.549000,0.805000,128.899171,4007,234,0,113,231,2050,9,0
30.334725,2.401000,118.000,17.549000,0.805000,128.899652,4007,234,0,113,231,2050,9,0
30.349537,14.812000,118.000,17.549000,0.805000,128.898477,4004,234,0,113,231,2050,9,0
30.351742,2.205000,118.000,17.549000,0.805000,128.898957,4004,234,0,113,231,2050,9,0
30.366357,14.615000,118.000,17.549000,0.805000,128.899438,4004,234,0,113,231,2050,9,0
30.368870,2.513000,118.000,17.549000,0.805000,128.899919,4004,234,0,113,231,2050,9,0
30.383068,14.198000,118.000,17.549000,0.805000,128.902020,4007,234,0,113,231,2050,9,0
30.387238,4.170000,118.000,17.549000,0.805000,128.902501,4007,234,0,113,231,2050,9,0
30.399127,11.889000,118.000,17.549000,0.805000,128.902928,4007,234,0,109,227,2042,9,0
30.402556,3.429000,118.000,17.549000,0.805000,128.898999,4005,234,0,109,227,2042,9,0
30.415857,13.301000,118.000,17.549000,0.805000,128.899480,4005,234,0,109,227,2042,9,0
30.419541,3.684000,118.000,17.549000,0.805000,128.883431,3997,230,0,109,227,2042,9,0
30.433179,13.638000,118.000,17.549000,0.805000,128.856908,3978,229,0,107,225,2038,9,0
30.436024,2.845000,118.000,17.549000,0.805000,128.855008,3974,229,0,106,225,2038,9,0
30.449797,13.773000,118.000,17.549000,0.805000,128.853856,3971,229,0,106,225,2038,9,0
30.452759,2.962000,118.000,17.549000,0.805000,128.854337,3971,229,0,107,225,2038,9,0
30.466213,13.454000,118.000,17.549000,0.805000,128.856477,3974,229,0,107,225,2038,9,0
30.468728,2.515000,118.000,17.549000,0.805000,128.862962,3984,229,0,106,225,2038,9,0
30.482423,13.695000,118.000,17.549000,0.805000,128.863423,3984,229,0,106,225,2038,9,0
30.485776,3.353000,118.000,17.549000,0.805000,128.863904,3984,229,0,107,225,2038,9,0
30.499749,13.973000,118.000,17.549000,0.805000,128.864385,3984,229,0,107,225,2038,9,0
30.502406,2.657000,118.000,17.549000,0.805000,128.864865,3984,229,0,107,225,2038,9,0
30.516049,13.643000,118.000,17.549000,0.805000,128.865506,3984,229,0,107,225,2038,9,0
30.518260,2.211000,118.000,17.549000,0.805000,128.865987,3984,229,0,106,225,2038,9,0
30.536037,17.777000,118.000,17.549000,0.805000,129.641358,4450,302,0,199,329,2246,9,0
30.549553,13.516000,118.000,17.549000,0.805000,129.643498,4453,302,0,199,329,2246,9,0
30.553289,3.736000,118.000,17.549000,0.805000,129.643979,4453,302,0,199,329,2246,9,0
30.565978,12.689000,118.000,17.549000,0.805000,129.644441,4453,302,0,199,329,2246,9,0
30.568094,2.116000,118.000,17.549000,0.805000,129.442941,4427,289,0,173,297,2182,9,0
30.582592,14.498000,118.000,17.549000,0.805000,129.401383,4355,289,0,173,297,2182,9,0
30.585574,2.982000,118.000,17.549000,0.805000,129.401864,4355,289,0,173,297,2182,9,0
30.599283,13.709000,118.000,17.549000,0.805000,129.402345,4355,289,0,173,297,2182,9,0
30.601336,2.053000,118.000,17.549000,0.805000,129.402825,4355,289,0,173,297,2182,9,0
30.615896,14.560000,118.000,17.549000,0.805000,129.415383,4352,289,0,173,297,2182,9,0
30.618276,2.380000,118.000,17.549000,0.805000,129.950852,4352,289,0,173,297,2182,9,0
30.632539,14.263000,118.000,17.549000,0.805000,129.951333,4352,289,0,173,297,2182,9,0
30.634997,2.458000,118.000,17.549000,0.805000,129.951814,4352,289,0,173,297,2182,9,0
30.649565,14.568000,118.000,17.549000,0.805000,129.952294,4352,289,0,173,297,2182,9,0
30.653643,4.078000,118.000,17.549000,0.805000,129.952775,4352,289,0,173,297,2182,9,0
30.665976,12.333000,118.000,17.549000,0.805000,129.949113,4345,289,0,173,297,2182,9,0
30.670183,4.207000,118.000,17.549000,0.805000,129.949540,4345,289,0,137,261,2110,9,0
30.682440,12.257000,118.000,17.549000,0.805000,129.945611,4343,289,0,137,261,2110,9,0
30.685054,2.614000,118.000,17.549000,0.805000,129.946046,4343,289,0,137,261,2110,9,0
30.699326,14.272000,118.000,17.549000,0.805000,129.796220,4268,253,0,137,261,2110,9,0
30.703364,4.038000,118.000,17.549000,0.805000,129.690682,4088,253,0,139,261,2110,9,0
30.716108,12.744000,118.000,17.549000,0.805000,129.691178,4088,253,0,139,261,2110,9,0
30.718915,2.807000,118.000,17.549000,0.805000,129.691659,4088,253,0,138,261,2110,9,0
30.732726,13.811000,118.000,17.549000,0.805000,129.692140,4088,253,0,138,261,2110,9,0
30.735374,2.648000,118.000,17.549000,0.805000,129.692620,4088,253,0,138,261,2110,9,0
30.749728,14.354000,118.000,17.549000,0.805000,129.694615,4091,253,0,138,261,2110,9,0
30.752265,2.537000,118.000,17.549000,0.805000,129.691594,4085,253,0,138,261,2110,9,0
30.766347,14.082000,118.000,17.549000,0.805000,129.693730,4088,253,0,137,260,2108,9,0
30.770653,4.306000,118.000,17.549000,0.805000,129.692571,4085,253,0,138,260,2108,9,0
30.783007,12.354000,118.000,17.549000,0.805000,129.693028,4085,253,0,136,258,2104,9,0
30.785727,2.720000,118.000,17.549000,0.805000,129.693509,4085,253,0,133,257,2102,9,0
30.799543,13.816000,118.000,17.549000,0.805000,129.680707,4079,249,0,133,257,2102,9,0
30.802788,3.245000,118.000,17.549000,0.805000,129.676839,4072,249,0,134,257,2102,9,0
30.816465,13.677000,118.000,17.549000,0.805000,129.678967,4075,249,0,132,255,2098,9,0
30.819578,3.113000,118.000,17.549000,0.805000,129.668012,4072,246,0,130,254,2096,9,0
30.833077,13.499000,118.000,17.549000,0.805000,129.666059,4068,246,0,129,253,2094,9,0
30.838400,5.323000,118.000,17.549000,0.805000,129.780984,4128,251,0,146,268,2124,9,0
30.849250,10.850000,118.000,17.549000,0.805000,129.775022,4118,251,0,146,268,2124,9,0
30.851554,2.304000,118.000,17.549000,0.805000,129.775456,4118,251,0,146,268,2124,9,0
30.866390,14.836000,118.000,17.549000,0.805000,129.775937,4118,251,0,146,268,2124,9,0
30.868479,2.089000,118.000,17.549000,0.805000,129.776372,4118,251,0,146,268,2124,9,0
30.883010,14.531000,118.000,17.549000,0.805000,129.715085,4110,247,0,138,260,2108,9,0
30.884829,1.819000,118.000,17.549000,0.805000,129.705998,4094,247,0,138,260,2108,9,0
30.899473,14.644000,118.000,17.549000,0.805000,129.707395,4094,247,0,138,260,2108,9,1
30.901279,1.806000,118.000,17.549000,0.805000,129.707875,4094,247,0,138,260,2108,9,1
30.916389,15.110000,118.000,17.549000,0.805000,129.711099,4103,246,0,138,260,2108,9,0
30.918924,2.535000,118.000,17.549000,0.805000,129.708322,4098,246,0,139,260,2108,9,0
30.933122,14.198000,118.000,17.549000,0.805000,129.708787,4098,246,0,139,260,2108,9,0
30.935190,2.068000,118.000,17.549000,0.805000,129.709268,4098,246,0,139,260,2108,9,0
30.949886,14.696000,118.000,17.549000,0.805000,129.709702,4098,246,0,139,260,2108,9,0
30.954226,4.340000,118.000,17.549000,0.805000,129.710183,4098,246,0,139,260,2108,9,0
30.965626,11.400000,118.000,17.549000,0.805000,129.710572,4098,246,0,139,260,2108,9,0
30.968330,2.704000,118.000,17.549000,0.805000,129.711053,4098,246,0,139,260,2108,9,0
30.982865,14.535000,118.000,17.549000,0.805000,129.709794,4095,246,0,134,255,2098,9,0
30.985725,2.860000,118.000,17.549000,0.805000,129.705865,4093,246,0,134,255,2098,9,0
30.999746,14.021000,118.000,17.549000,0.805000,129.704720,4090,246,0,134,255,2098,9,0
31.004785,5.039000,118.000,17.549000,0.805000,129.684678,4080,241,0,134,255,2098,9,0
31.016477,11.692000,118.000,17.549000,0.805000,129.654965,4053,240,0,132,253,2094,9,0
31.019632,3.155000,118.000,17.549000,0.805000,129.653066,4049,240,0,132,253,2094,9,0
31.032877,13.245000,118.000,17.549000,0.805000,129.653562,4049,240,0,132,253,2094,9,0
31.036000,3.123000,118.000,17.549000,0.805000,129.654042,4049,240,0,132,253,2094,9,0
31.049671,13.671000,118.000,17.549000,0.805000,129.652787,4046,240,0,132,253,2094,9,0
31.052852,3.181000,118.000,17.549000,0.805000,129.659272,4056,240,0,131,253,2094,9,0
31.066554,13.702000,118.000,17.549000,0.805000,129.659753,4056,240,0,131,253,2094,9,0
31.069426,2.872000,118.000,17.549000,0.805000,129.660233,4056,240,0,131,253,2094,9,0
31.083133,13.707000,118.000,17.549000,0.805000,129.662358,4059,240,0,130,252,2092,9,0
31.084933,1.800000,118.000,17.549000,0.805000,129.662839,4059,240,0,131,252,2092,9,0
31.099876,14.943000,118.000,17.549000,0.805000,129.663316,4059,240,0,131,252,2092,9,0
31.101683,1.807000,118.000,17.549000,0.805000,129.663796,4059,240,0,130,252,2092,9,0
31.121215,19.532000,118.000,17.549000,0.805000,130.222650,4453,301,0,200,326,2240,9,0
31.132862,11.647000,118.000,17.549000,0.805000,130.224782,4456,301,0,200,326,2240,9,0
31.134784,1.922000,118.000,17.549000,0.805000,130.225263,4456,301,0,200,326,2240,9,0
31.149255,14.471000,118.000,17.549000,0.805000,130.225743,4456,301,0,200,326,2240,9,0
31.151928,2.673000,118.000,17.549000,0.805000,129.851659,4405,277,0,152,268,2124,9,0
31.165803,13.875000,118.000,17.549000,0.805000,129.783917,4289,277,0,152,268,2124,9,0
31.167538,1.735000,118.000,17.549000,0.805000,129.784398,4289,277,0,152,268,2124,9,0
31.182509,14.971000,118.000,17.549000,0.805000,129.773988,4284,274,0,151,267,2122,9,0
31.184408,1.899000,118.000,17.549000,0.805000,129.770776,4278,274,0,151,267,2122,9,0
31.199035,14.627000,118.000,17.549000,0.805000,129.771256,4278,274,0,151,267,2122,9,0
31.201927,2.892000,118.000,17.549000,0.805000,129.771737,4278,274,0,151,267,2122,9,0
31.215958,14.031000,118.000,17.549000,0.805000,129.787370,4288,278,0,151,267,2122,9,0
31.218347,2.389000,118.000,17.549000,0.805000,129.788537,4288,278,0,153,269,2126,9,0
31.232600,14.253000,118.000,17.549000,0.805000,129.789014,4288,278,0,153,269,2126,9,0
31.235710,3.110000,118.000,17.549000,0.805000,129.789426,4288,278,0,153,269,2126,9,0
31.249259,13.549000,118.000,17.549000,0.805000,129.787358,4284,278,0,153,269,2126,9,0
31.252089,2.830000,118.000,17.549000,0.805000,129.787839,4284,278,0,117,233,2054,9,0
31.265983,13.894000,118.000,17.549000,0.805000,129.809903,4305,282,0,117,233,2054,9,0
31.269341,3.358000,118.000,19.082000,0.852000,129.806661,4303,282,0,119,235,2058,9,0
31.282587,13.246000,118.000,19.082000,0.852000,129.658448,4231,246,0,119,235,2058,9,0
31.285632,3.045000,118.000,19.082000,0.852000,129.552911,4051,246,0,120,235,2058,9,0
31.299087,13.455000,118.000,19.082000,0.852000,129.561841,4058,248,0,120,235,2058,9,0
31.302263,3.176000,118.000,19.082000,0.852000,129.563054,4058,248,0,121,236,2060,9,0
31.317090,14.827000,118.000,19.082000,0.852000,129.434594,4005,208,0,121,236,2060,9,0
31.319735,2.645000,118.000,19.082000,0.852000,129.402864,3955,208,0,110,216,2020,9,0
31.332640,12.905000,118.000,19.082000,0.852000,129.403195,3955,208,0,110,216,2020,9,0
31.334770,2.130000,118.000,19.082000,0.852000,129.400128,3949,208,0,108,216,2020,9,0
31.349684,14.914000,118.000,19.082000,0.852000,129.400548,3949,208,0,107,215,2018,9,0
31.351360,1.676000,118.000,19.082000,0.852000,129.399388,3946,208,0,107,215,2018,9,0
31.366490,15.130000,118.000,19.082000,0.852000,129.399869,3946,208,0,105,213,2014,9,0
31.368217,1.727000,118.000,19.082000,0.852000,129.400304,3946,208,0,104,212,2012,9,0
31.383016,14.799000,118.000,19.082000,0.852000,129.387456,3940,204,0,104,212,2012,9,0
31.384651,1.635000,118.000,19.082000,0.852000,129.383588,3933,204,0,104,212,2012,9,0
31.399094,14.443000,118.000,19.082000,0.852000,129.384068,3933,204,0,102,210,2008,9,0
31.401796,2.702000,118.000,19.082000,0.852000,129.371984,3930,201,0,102,209,2006,9,0
31.416255,14.459000,118.000,19.082000,0.852000,129.370038,3926,201,0,101,208,2004,9,0
31.419636,3.381000,118.000,19.082000,0.852000,129.485032,3986,206,0,115,223,2034,9,0
31.432872,13.236000,118.000,19.082000,0.852000,129.479150,3976,206,0,115,223,2034,9,0
31.436529,3.657000,118.000,19.082000,0.852000,129.479630,3976,206,0,115,223,2034,9,0
31.449376,12.847000,118.000,19.082000,0.852000,129.481782,3979,206,0,115,223,2034,9,0
31.452133,2.757000,118.000,19.082000,0.852000,129.482263,3979,206,0,116,223,2034,9,0
31.466114,13.981000,118.000,19.082000,0.852000,129.406854,3972,201,0,106,213,2014,9,0
31.468766,2.652000,118.000,19.082000,0.852000,129.395432,3952,201,0,107,213,2014,9,0
31.482769,14.003000,118.000,19.082000,0.852000,129.395928,3952,201,0,107,213,2014,9,0
31.485474,2.705000,118.000,19.082000,0.852000,129.396409,3952,201,0,107,213,2014,9,0
31.499679,14.205000,118.000,19.082000,0.852000,129.396890,3952,201,0,107,213,2014,9,0
31.505002,5.323000,118.000,19.082000,0.852000,129.397370,3952,201,0,107,213,2014,9,0
31.515704,10.702000,118.000,19.082000,0.852000,129.399499,3955,201,0,107,213,2014,9,0
31.518692,2.988000,118.000,19.082000,0.852000,129.399980,3955,201,0,107,213,2014,9,0
31.532369,13.677000,118.000,19.082000,0.852000,129.400460,3955,201,0,107,213,2014,9,0
31.535278,2.909000,118.000,19.082000,0.852000,129.400941,3955,201,0,107,213,2014,9,0
31.549810,14.532000,118.000,19.082000,0.852000,129.403069,3958,201,0,107,213,2014,9,0
31.552181,2.371000,118.000,19.082000,0.852000,129.403504,3958,201,0,107,213,2014,9,0
31.566440,14.259000,118.000,19.082000,0.852000,129.403924,3958,201,0,102,208,2004,9,0
31.568729,2.289000,118.000,19.082000,0.852000,129.397416,3952,201,0,102,208,2004,9,0
31.583098,14.369000,118.000,19.082000,0.852000,129.397897,3952,201,0,102,208,2004,9,0
31.585331,2.233000,118.000,19.082000,0.852000,129.377408,3942,196,0,102,208,2004,9,0
31.599853,14.522000,118.000,19.082000,0.852000,129.363095,3917,196,0,102,208,2004,9,0
31.602098,2.245000,118.000,19.082000,0.852000,129.363576,3917,196,0,101,208,2004,9,0
31.615757,13.659000,118.000,19.082000,0.852000,129.365811,3920,196,0,101,208,2004,9,0
31.619318,3.561000,118.000,19.082000,0.852000,129.366292,3920,196,0,102,208,2004,9,0
31.633183,13.865000,118.000,19.082000,0.852000,129.368409,3923,196,0,102,208,2004,9,0
31.636461,3.278000,118.000,19.082000,0.852000,129.374894,3933,196,0,102,208,2004,9,0
31.649239,12.778000,118.000,19.082000,0.852000,129.375371,3933,196,0,102,208,2004,9,0
31.652236,2.997000,118.000,19.082000,0.852000,129.375852,3933,196,0,102,208,2004,9,0
31.665927,13.691000,118.000,19.082000,0.852000,129.376317,3933,196,0,102,208,2004,9,0
31.669607,3.680000,118.000,19.082000,0.852000,129.376851,3933,196,0,102,208,2004,9,0
31.683152,13.545000,118.000,19.082000,0.852000,129.375707,3930,196,0,102,208,2004,9,0
31.686108,2.956000,118.000,19.082000,0.852000,129.376187,3930,196,0,101,208,2004,9,0
31.703894,17.786000,118.000,19.082000,0.852000,130.077668,4333,261,0,186,301,2190,9,0
31.715856,11.962000,118.000,19.082000,0.852000,130.078149,4333,261,0,186,301,2190,9,0
31.718649,2.793000,118.000,19.082000,0.852000,130.078629,4333,261,0,186,301,2190,9,0
31.732518,13.869000,118.000,19.082000,0.852000,130.079110,4333,261,0,186,301,2190,9,0
31.735332,2.814000,118.000,19.082000,0.852000,129.913133,4342,253,0,165,276,2140,9,0
31.749422,14.090000,118.000,19.082000,0.852000,129.867173,4262,253,0,165,276,2140,9,0
31.753173,3.751000,118.000,19.082000,0.852000,129.867654,4262,253,0,165,276,2140,9,0
31.765705,12.532000,118.000,19.082000,0.852000,129.868134,4262,253,0,165,276,2140,9,0
31.768597,2.892000,118.000,19.082000,0.852000,129.868615,4262,253,0,165,276,2140,9,0
31.782902,14.305000,118.000,19.082000,0.852000,129.869103,4262,253,0,165,276,2140,9,0
31.786740,3.838000,118.000,19.082000,0.852000,129.869584,4262,253,0,165,276,2140,9,0
31.799216,12.476000,118.000,19.082000,0.852000,129.870019,4262,253,0,165,276,2140,9,0
31.801990,2.774000,118.000,19.082000,0.852000,129.870500,4262,253,0,165,276,2140,9,0
31.816342,14.352000,118.000,19.082000,0.852000,129.870934,4262,253,0,165,276,2140,9,0
31.821122,4.780000,118.000,19.082000,0.852000,129.871415,4262,253,0,165,276,2140,9,0
31.832447,11.325000,118.000,19.082000,0.852000,129.870954,4261,253,0,165,276,2140,9,0
31.835453,3.006000,118.000,19.082000,0.852000,129.871434,4261,253,0,136,247,2082,9,0
31.849049,13.596000,118.000,19.082000,0.852000,129.872121,4261,253,0,136,247,2082,9,0
31.852427,3.378000,118.000,19.082000,0.852000,129.864575,4253,253,0,136,247,2082,9,0
31.865878,13.451000,118.000,19.082000,0.852000,129.745481,4192,224,0,136,247,2082,9,0
31.868727,2.849000,118.000,19.082000,0.852000,129.660558,4047,224,0,136,247,2082,9,0
31.882256,13.529000,118.000,19.082000,0.852000,129.661038,4047,224,0,131,242,2072,9,0
31.885476,3.220000,118.000,19.082000,0.852000,129.661519,4047,224,0,131,242,2072,9,0
31.899375,13.899000,118.000,19.082000,0.852000,129.640561,4037,219,0,131,242,2072,9,0
31.901196,1.821000,118.000,19.082000,0.852000,129.626317,4012,219,0,131,242,2072,9,0
31.916059,14.863000,118.000,19.082000,0.852000,129.626679,4012,219,0,131,242,2072,9,0
31.917729,1.670000,118.000,19.082000,0.852000,129.623658,4006,219,0,131,242,2072,9,0
31.932686,14.957000,118.000,19.082000,0.852000,129.624124,4006,219,0,130,241,2070,9,0
31.934383,1.697000,118.000,19.082000,0.852000,129.624604,4006,219,0,130,241,2070,9,0
31.949158,14.775000,118.000,19.082000,0.852000,129.625085,4006,219,0,128,239,2066,9,0
31.952637,3.479000,118.000,19.082000,0.852000,129.625566,4006,219,0,128,238,2064,9,0
31.965534,12.897000,118.000,19.082000,0.852000,129.612763,4000,215,0,128,238,2064,9,0
31.967595,2.061000,118.000,19.082000,0.852000,129.608895,3993,215,0,126,238,2064,9,0
31.982604,15.009000,118.000,19.082000,0.852000,129.609361,3993,215,0,124,236,2060,9,0
31.984276,1.672000,118.000,19.082000,0.852000,129.598405,3990,212,0,125,235,2058,9,0
31.999806,15.530000,118.000,19.082000,0.852000,129.597375,3986,212,0,124,234,2056,9,1
32.004063,4.257000,118.000,19.082000,0.852000,129.712369,4046,217,0,138,249,2086,9,1
32.016345,12.282000,118.000,19.082000,0.852000,129.704045,4039,216,0,138,249,2086,9,0
32.020036,3.691000,118.000,19.082000,0.852000,129.701268,4034,216,0,138,249,2086,9,0
32.032388,12.352000,118.000,19.082000,0.852000,129.694951,4031,214,0,137,248,2084,9,0
32.035470,3.082000,118.000,19.082000,0.852000,129.702207,4038,215,0,137,248,2084,9,0
32.049539,14.069000,118.000,19.082000,0.852000,129.623132,4025,210,0,128,239,2066,9,0
32.051227,1.688000,118.000,19.082000,0.852000,129.611711,4005,210,0,128,239,2066,9,0
32.065304,14.077000,118.000,19.082000,0.852000,129.610551,4002,210,0,128,239,2066,9,0
32.067455,2.151000,118.000,19.082000,0.852000,129.611085,4002,210,0,128,239,2066,9,0
32.082805,15.350000,118.000,19.082000,0.852000,129.611566,4002,210,0,128,239,2066,9,0
32.084791,1.986000,118.000,19.082000,0.852000,129.612046,4002,210,0,128,239,2066,9,0
32.099398,14.607000,118.000,19.082000,0.852000,129.612527,4002,210,0,128,239,2066,9,0
32.101244,1.846000,118.000,19.082000,0.852000,129.613008,4002,210,0,128,239,2066,9,0
32.116384,15.140000,118.000,19.082000,0.852000,129.613473,4002,210,0,128,239,2066,9,0
32.119674,3.290000,118.000,19.082000,0.852000,129.613954,4002,210,0,128,239,2066,9,0
32.132846,13.172000,118.000,19.082000,0.852000,129.614434,4002,210,0,128,239,2066,9,0
32.134941,2.095000,118.000,19.082000,0.852000,129.614915,4002,210,0,128,239,2066,9,0
32.148938,13.997000,118.000,19.082000,0.852000,129.617043,4005,210,0,123,234,2056,9,0
32.151570,2.632000,118.000,19.082000,0.852000,129.617471,4005,210,0,124,234,2056,9,0
32.166281,14.711000,118.000,19.082000,0.852000,129.615148,4006,210,0,124,234,2056,9,0
32.169024,2.743000,118.000,19.082000,0.852000,129.595105,3996,205,0,124,234,2056,9,0
32.182430,13.406000,118.000,19.082000,0.852000,129.580808,3971,205,0,123,233,2054,9,0
32.186329,3.899000,118.000,19.082000,0.852000,129.581243,3971,205,0,122,233,2054,9,0
32.199467,13.138000,118.000,19.082000,0.852000,129.581723,3971,205,0,122,233,2054,9,0
32.202920,3.453000,118.000,19.082000,0.852000,129.582204,3971,205,0,122,233,2054,9,0
32.216570,13.650000,118.000,19.082000,0.852000,129.653375,4002,221,0,122,233,2054,11,4
32.218677,2.107000,118.000,19.082000,0.852000,129.661866,4012,221,0,126,244,2132,11,4
32.233311,14.634000,118.000,19.082000,0.852000,129.660935,4012,221,0,126,244,2132,11,0
32.235052,1.741000,118.000,19.082000,0.852000,129.661416,4012,221,0,125,244,2132,11,0
32.249837,14.785000,118.000,19.082000,0.852000,129.661912,4012,221,0,125,244,2132,11,0
32.251885,2.048000,118.000,19.082000,0.852000,129.662393,4012,221,0,127,244,2132,11,0
32.266510,14.625000,118.000,19.082000,0.852000,129.662965,4012,221,0,127,244,2132,11,0
32.270746,4.236000,119.000,17.170000,1.267000,129.663400,4012,221,0,125,243,2130,11,0
32.288785,18.039000,119.000,17.170000,1.267000,130.216901,4407,279,0,195,314,2272,11,0
32.298998,10.213000,119.000,17.170000,1.267000,130.213689,4401,279,0,195,314,2272,10,0
32.301077,2.079000,119.000,17.170000,1.267000,130.214170,4401,279,0,195,314,2272,10,0
32.316159,15.082000,119.000,17.170000,1.267000,130.415414,4534,331,0,195,314,2272,10,0
32.318382,2.223000,119.000,17.170000,1.267000,130.053594,4486,307,0,161,284,2212,10,0
32.332317,13.935000,119.000,17.170000,1.267000,129.983090,4365,307,0,161,284,2212,10,0
32.334755,2.438000,119.000,17.170000,1.267000,129.983571,4365,307,0,161,284,2212,10,0
32.348967,14.212000,119.000,17.170000,1.267000,129.984052,4365,307,0,161,284,2212,10,0
32.351531,2.564000,119.000,17.170000,1.267000,129.984532,4365,307,0,161,284,2212,10,0
32.365738,14.207000,119.000,17.170000,1.267000,129.984647,4365,307,0,161,284,2212,10,0
32.368525,2.787000,119.000,17.170000,1.267000,129.985127,4365,307,0,161,284,2212,10,0
32.382088,13.563000,119.000,17.170000,1.267000,129.983968,4362,307,0,161,284,2212,10,0
32.384469,2.381000,119.000,17.170000,1.267000,129.984448,4362,307,0,162,284,2212,10,0
32.399357,14.888000,119.000,17.170000,1.267000,129.983342,4359,307,0,161,283,2210,10,0
32.401286,1.929000,119.000,17.170000,1.267000,129.983823,4359,307,0,161,283,2210,10,0
32.415770,14.484000,119.000,17.170000,1.267000,129.978612,4350,307,0,161,283,2210,10,0
32.417995,2.225000,119.000,17.170000,1.267000,129.978993,4350,307,0,124,247,2138,10,0
32.432416,14.421000,119.000,17.170000,1.267000,129.975255,4348,307,0,124,247,2138,10,0
32.434330,1.914000,119.000,17.170000,1.267000,129.975736,4348,307,0,124,247,2138,10,0
32.449354,15.024000,119.000,17.170000,1.267000,129.827165,4273,271,0,124,247,2138,10,0
32.451043,1.689000,119.000,17.170000,1.267000,129.721627,4093,271,0,125,247,2138,10,0
32.465799,14.756000,119.000,17.170000,1.267000,129.722108,4093,271,0,125,247,2138,10,0
32.467626,1.827000,119.000,17.170000,1.267000,129.722589,4093,271,0,125,247,2138,10,0
32.482987,15.361000,119.000,17.170000,1.267000,129.724526,4096,271,0,125,247,2138,10,0
32.486174,3.187000,119.000,17.170000,1.267000,129.725007,4096,271,0,126,247,2138,10,0
32.499573,13.399000,119.000,17.170000,1.267000,129.725320,4096,271,0,126,247,2138,10,0
32.503454,3.881000,119.000,17.170000,1.267000,129.722299,4090,271,0,124,247,2138,10,0
32.515991,12.537000,119.000,17.170000,1.267000,129.722779,4090,271,0,123,246,2136,10,0
32.518748,2.757000,119.000,17.170000,1.267000,129.723260,4090,271,0,124,246,2136,10,0
32.532769,14.021000,119.000,17.170000,1.267000,129.725404,4093,271,0,122,244,2132,10,0
32.535860,3.091000,119.000,17.170000,1.267000,129.724244,4090,271,0,122,243,2130,10,0
32.549941,14.081000,119.000,17.170000,1.267000,129.711343,4084,267,0,122,243,2130,10,0
32.552891,2.950000,119.000,17.170000,1.267000,129.707475,4077,267,0,120,243,2130,10,0
32.566606,13.715000,119.000,17.170000,1.267000,129.707955,4077,267,0,118,241,2126,10,0
32.569547,2.941000,119.000,17.170000,1.267000,129.697000,4074,264,0,118,240,2124,10,0
32.583390,13.843000,119.000,17.170000,1.267000,129.695054,4070,264,0,117,239,2122,10,0
32.589069,5.679000,119.000,17.170000,1.267000,129.783948,4117,267,0,129,251,2146,10,0
32.595527,6.458000,119.000,17.170000,1.267000,129.778035,4107,267,0,129,251,2146,10,0
32.607513,11.986000,119.000,17.170000,1.267000,129.778516,4107,267,0,130,251,2146,10,0
32.611946,4.433000,119.000,17.170000,1.267000,129.779012,4107,267,0,130,251,2146,10,0
32.624129,12.183000,119.000,17.170000,1.267000,129.779492,4107,267,0,130,251,2146,10,0
32.628507,4.378000,119.000,17.170000,1.267000,129.704015,4100,262,0,120,241,2126,10,0
32.640241,11.734000,119.000,17.170000,1.267000,129.692594,4080,262,0,120,241,2126,10,0
32.644328,4.087000,119.000,17.170000,1.267000,129.693089,4080,262,0,120,241,2126,10,0
32.657432,13.104000,119.000,17.170000,1.267000,129.693570,4080,262,0,120,241,2126,10,0
32.661824,4.392000,119.000,17.170000,1.267000,129.694066,4080,262,0,120,241,2126,10,0
32.674003,12.179000,119.000,17.170000,1.267000,129.694547,4080,262,0,120,241,2126,10,0
32.678383,4.380000,119.000,17.170000,1.267000,129.695012,4080,262,0,120,241,2126,10,0
32.690800,12.417000,119.000,17.170000,1.267000,129.695493,4080,262,0,120,241,2126,10,0
32.694890,4.090000,119.000,17.170000,1.267000,129.695905,4080,262,0,120,241,2126,10,0
32.707388,12.498000,119.000,17.170000,1.267000,129.696340,4080,262,0,120,241,2126,10,0
32.711500,4.112000,119.000,17.170000,1.267000,129.696855,4080,262,0,120,241,2126,10,0
32.724256,12.756000,119.000,17.170000,1.267000,129.697255,4080,262,0,120,241,2126,10,0
32.728622,4.366000,119.000,17.170000,1.267000,129.697648,4080,262,0,116,237,2118,10,0
32.740648,12.026000,119.000,17.170000,1.267000,129.693719,4078,262,0,116,237,2118,10,0
32.744649,4.001000,119.000,17.170000,1.267000,129.694200,4078,262,0,116,237,2118,10,0
32.757034,12.385000,119.000,17.170000,1.267000,129.678597,4070,258,0,116,237,2118,10,0
32.760919,3.885000,119.000,17.170000,1.267000,129.665643,4047,258,0,116,237,2118,10,0
32.773974,13.055000,119.000,17.170000,1.267000,129.666123,4047,258,0,115,237,2118,10,0
32.777870,3.896000,119.000,17.170000,1.267000,129.666558,4047,258,0,115,237,2118,10,0
32.790633,12.763000,119.000,17.170000,1.267000,129.666993,4047,258,0,116,237,2118,10,0
32.794892,4.259000,119.000,17.170000,1.267000,129.667657,4047,258,0,116,237,2118,10,0
32.807219,12.327000,119.000,17.170000,1.267000,129.674142,4057,258,0,115,237,2118,10,0
32.810937,3.718000,119.000,17.170000,1.267000,129.674623,4057,258,0,115,237,2118,10,0
32.823840,12.903000,119.000,17.170000,1.267000,129.675103,4057,258,0,115,237,2118,10,0
32.827630,3.790000,119.000,17.170000,1.267000,129.675523,4057,258,0,115,237,2118,10,0
32.840651,13.021000,119.000,17.170000,1.267000,129.675958,4057,258,0,115,237,2118,10,0
32.843345,2.694000,119.000,17.170000,1.267000,129.678117,4060,258,0,115,237,2118,10,0
32.857207,13.862000,119.000,17.170000,1.267000,129.678597,4060,258,0,115,237,2118,10,0
32.878222,21.015000,119.000,17.170000,1.267000,130.458642,4535,331,0,208,338,2320,10,0
32.891131,12.909000,119.000,17.170000,1.267000,130.459123,4535,331,0,209,338,2320,9,0
32.894780,3.649000,119.000,17.170000,1.267000,130.459603,4535,331,0,209,338,2320,9,0
32.907446,12.666000,119.000,17.170000,1.267000,130.460027,4535,331,0,182,308,2260,9,0
32.909293,1.847000,119.000,17.170000,1.267000,130.244973,4484,318,0,182,308,2260,9,0
32.924051,14.758000,119.000,17.170000,1.267000,130.208623,4431,316,0,180,306,2256,9,0
32.926021,1.970000,119.000,17.170000,1.267000,130.204343,4423,316,0,181,306,2256,9,0
32.940754,14.733000,119.000,17.170000,1.267000,130.174470,4414,309,0,179,304,2224,9,0
32.942540,1.786000,119.000,17.170000,1.267000,130.173310,4411,309,0,179,304,2224,9,0
32.957734,15.194000,119.000,17.170000,1.267000,130.173745,4411,309,0,179,304,2224,9,0
32.961369,3.635000,119.000,17.170000,1.267000,130.174226,4411,309,0,179,304,2224,9,0
32.974251,12.882000,119.000,17.170000,1.267000,130.173181,4408,309,0,180,304,2224,9,0
32.977332,3.081000,119.000,17.170000,1.267000,130.173661,4408,309,0,180,304,2224,9,0
32.990462,13.130000,119.000,17.170000,1.267000,130.174142,4408,309,0,180,304,2224,9,0
32.994609,4.147000,119.000,17.170000,1.267000,130.174623,4408,309,0,180,304,2224,9,0
33.007101,12.492000,119.000,17.170000,1.267000,130.172547,4404,309,0,143,268,2152,9,0
33.009619,2.518000,119.000,17.170000,1.267000,130.170270,4405,309,0,143,268,2152,9,0
33.023745,14.126000,119.000,17.170000,1.267000,130.170751,4405,309,0,143,268,2152,9,0
33.026247,2.502000,119.000,17.170000,1.267000,130.023854,4333,273,0,143,268,2152,9,0
33.040461,14.214000,119.000,17.170000,1.267000,129.918317,4153,273,0,144,268,2152,9,0
33.043379,2.918000,119.000,17.170000,1.267000,129.918797,4153,273,0,144,268,2152,9,0
33.057036,13.657000,119.000,17.170000,1.267000,129.919278,4153,273,0,144,268,2152,9,0
33.059605,2.569000,119.000,17.170000,1.267000,129.919728,4153,273,0,144,268,2152,9,0
33.073632,14.027000,119.000,17.170000,1.267000,129.920209,4153,273,0,143,268,2152,9,0
33.076208,2.576000,119.000,17.170000,1.267000,129.918859,4150,273,0,143,268,2152,9,0
33.090690,14.482000,119.000,17.170000,1.267000,129.915837,4144,273,0,142,268,2152,9,0
33.095096,4.406000,119.000,17.170000,1.267000,129.916406,4141,273,0,141,267,2150,9,3
33.106849,11.753000,119.000,17.170000,1.267000,129.916886,4141,273,0,141,267,2150,9,3
33.110604,3.755000,119.000,17.170000,1.267000,129.918309,4141,273,0,139,265,2146,9,3
33.123760,13.156000,119.000,17.170000,1.267000,129.918790,4141,273,0,139,264,2144,9,3
33.127718,3.958000,119.000,17.170000,1.267000,129.907891,4153,266,0,139,264,2144,9,0
33.140525,12.807000,119.000,17.170000,1.267000,129.894341,4131,266,0,141,264,2144,9,0
33.144484,3.959000,119.000,17.170000,1.267000,129.893197,4128,266,0,140,262,2140,9,0
33.156895,12.411000,119.000,17.170000,1.267000,129.882241,4125,263,0,140,261,2138,9,0
33.160585,3.690000,119.000,17.170000,1.267000,129.880280,4121,263,0,139,260,2136,9,0
33.173889,13.304000,119.000,17.170000,1.267000,129.994824,4181,268,0,153,275,2166,9,0
33.179808,5.919000,119.000,17.170000,1.267000,129.990613,4174,268,0,153,275,2166,9,0
33.190422,10.614000,119.000,17.170000,1.267000,129.991094,4174,268,0,153,275,2166,9,0
33.206767,16.345000,119.000,17.170000,1.267000,129.991574,4174,268,0,153,275,2166,9,0
33.211647,4.880000,119.000,17.170000,1.267000,129.992055,4174,268,0,145,267,2150,9,0
33.223535,11.888000,119.000,17.170000,1.267000,129.930814,4166,264,0,145,267,2150,9,0
33.226826,3.291000,119.000,17.170000,1.267000,129.923375,4153,264,0,145,267,2150,9,0
33.240223,13.397000,119.000,17.170000,1.267000,129.923856,4153,264,0,145,267,2150,9,0
33.244056,3.833000,119.000,17.170000,1.267000,129.922688,4150,264,0,145,267,2150,9,0
33.257419,13.363000,119.000,17.170000,1.267000,129.923169,4150,264,0,145,267,2150,9,0
33.261817,4.398000,119.000,17.170000,1.267000,129.923841,4150,264,0,145,267,2150,9,0
33.273556,11.739000,116.000,20.463000,0.880000,129.924321,4150,264,0,145,267,2150,9,0
33.275770,2.214000,116.000,20.463000,0.880000,129.924802,4150,264,0,145,267,2150,9,0
33.290266,14.496000,116.000,20.463000,0.880000,129.925237,4150,264,0,145,267,2150,9,0
33.292643,2.377000,116.000,20.463000,0.880000,129.925717,4150,264,0,142,264,2144,9,0
33.307014,14.371000,116.000,20.463000,0.880000,129.926145,4150,264,0,142,264,2144,9,0
33.309426,2.412000,116.000,20.463000,0.880000,129.922215,4148,264,0,137,259,2134,9,0
33.323611,14.185000,116.000,20.463000,0.880000,129.922696,4148,264,0,137,259,2134,9,0
33.326153,2.542000,116.000,20.463000,0.880000,129.923177,4148,264,0,137,259,2134,9,0
33.340293,14.140000,116.000,20.463000,0.880000,129.903134,4138,259,0,137,259,2134,9,0
33.342803,2.510000,116.000,20.463000,0.880000,129.888814,4113,259,0,137,259,2134,9,0
33.356913,14.110000,116.000,20.463000,0.880000,129.889295,4113,259,0,137,259,2134,9,0
33.359628,2.715000,116.000,20.463000,0.880000,129.889821,4113,259,0,137,259,2134,9,0
33.373799,14.171000,116.000,20.463000,0.880000,129.890302,4113,259,0,136,259,2134,9,0
33.377312,3.513000,116.000,20.463000,0.880000,129.890752,4113,259,0,136,259,2134,9,0
33.390348,13.036000,116.000,20.463000,0.880000,129.897237,4123,259,0,134,256,2128,9,0
33.393931,3.583000,116.000,20.463000,0.880000,129.866254,4108,250,0,134,256,2128,9,0
33.407181,13.250000,116.000,20.463000,0.880000,129.855657,4090,250,0,134,256,2128,9,0
33.411105,3.924000,116.000,20.463000,0.880000,129.869649,4097,254,0,134,256,2128,9,0
33.424038,12.933000,116.000,20.463000,0.880000,129.870816,4097,254,0,134,258,2132,9,0
33.428766,4.728000,116.000,20.463000,0.880000,129.871293,4097,254,0,134,258,2132,9,0
33.440406,11.640000,116.000,20.463000,0.880000,129.871774,4097,254,0,135,258,2132,9,0
33.453430,13.024000,116.000,20.463000,0.880000,130.372769,4445,309,0,198,325,2266,9,0
33.465680,12.250000,116.000,20.463000,0.880000,130.371564,4442,309,0,198,325,2266,9,0
33.467384,1.704000,116.000,20.463000,0.880000,130.371999,4442,309,0,198,325,2266,9,0
33.482382,14.998000,116.000,20.463000,0.880000,130.372289,4442,309,0,198,325,2266,9,0
33.484434,2.052000,116.000,20.463000,0.880000,129.995816,4413,283,0,151,268,2152,9,0
33.498964,14.530000,116.000,20.463000,0.880000,129.920148,4283,283,0,151,268,2152,9,0
33.501103,2.139000,116.000,20.463000,0.880000,129.920629,4283,283,0,151,268,2152,9,0
33.516075,14.972000,116.000,20.463000,0.880000,129.921109,4283,283,0,151,268,2152,9,0
33.519688,3.613000,116.000,20.463000,0.880000,129.890676,4274,276,0,149,266,2120,9,0
33.532407,12.719000,116.000,20.463000,0.880000,129.891110,4274,276,0,149,266,2120,9,0
33.535141,2.734000,116.000,20.463000,0.880000,129.891591,4274,276,0,149,266,2120,9,0
33.549545,14.404000,116.000,20.463000,0.880000,129.893723,4277,276,0,149,266,2120,9,0
33.553071,3.526000,116.000,20.463000,0.880000,129.894204,4277,276,0,149,266,2120,9,0
33.565655,12.584000,116.000,20.463000,0.880000,129.896245,4280,276,0,149,266,2120,9,0
33.568580,2.925000,116.000,20.463000,0.880000,129.896726,4280,276,0,150,266,2120,9,0
33.582200,13.620000,116.000,20.463000,0.880000,129.894658,4276,276,0,150,266,2120,9,0
33.585176,2.976000,116.000,20.463000,0.880000,129.895070,4276,276,0,119,235,2058,9,0
33.599378,14.202000,116.000,20.463000,0.880000,129.895497,4276,276,0,119,235,2058,9,0
33.602239,2.861000,116.000,20.463000,0.880000,129.891568,4274,276,0,119,235,2058,9,0
33.616243,14.004000,116.000,20.463000,0.880000,129.767564,4215,245,0,119,235,2058,9,0
33.619171,2.928000,116.000,20.463000,0.880000,129.676751,4060,245,0,119,235,2058,9,0
33.633085,13.914000,116.000,20.463000,0.880000,129.677247,4060,245,0,115,231,2050,9,0
33.638130,5.045000,116.000,20.463000,0.880000,129.677728,4060,245,0,115,231,2050,9,0
33.649397,11.267000,116.000,20.463000,0.880000,129.660497,4052,241,0,115,231,2050,9,0
33.652498,3.101000,116.000,20.463000,0.880000,129.649198,4032,241,0,115,231,2050,9,0
33.666327,13.829000,116.000,20.463000,0.880000,129.649518,4032,241,0,115,231,2050,9,0
33.667936,1.609000,116.000,20.463000,0.880000,129.646497,4026,241,0,114,231,2050,9,0
33.683023,15.087000,116.000,20.463000,0.880000,129.647023,4026,241,0,113,230,2048,9,0
33.684570,1.547000,116.000,20.463000,0.880000,129.647504,4026,241,0,112,230,2048,9,0
33.699782,15.212000,116.000,20.463000,0.880000,129.647893,4026,241,0,110,228,2044,9,0
33.701403,1.621000,116.000,20.463000,0.880000,129.648374,4026,241,0,109,227,2042,9,0
33.716048,14.645000,116.000,20.463000,0.880000,129.638864,4026,237,0,109,227,2042,9,0
33.717757,1.709000,116.000,20.463000,0.880000,129.634995,4019,237,0,110,227,2042,9,0
33.732679,14.922000,116.000,20.463000,0.880000,129.635480,4019,237,0,109,225,2038,9,0
33.734481,1.802000,116.000,20.463000,0.880000,129.623120,4016,234,0,108,224,2036,9,0
33.749390,14.909000,116.000,20.463000,0.880000,129.621144,4012,234,0,107,223,2034,9,0
33.752707,3.317000,116.000,20.463000,0.880000,129.736085,4072,239,0,121,238,2064,9,0
33.765969,13.262000,116.000,20.463000,0.880000,129.730187,4062,239,0,121,238,2064,9,0
33.768120,2.151000,116.000,20.463000,0.880000,129.730668,4062,239,0,121,238,2064,9,0
33.782799,14.679000,116.000,20.463000,0.880000,129.729463,4059,239,0,121,238,2064,9,0
33.785849,3.050000,116.000,20.463000,0.880000,129.729943,4059,239,0,121,238,2064,9,0
33.799649,13.800000,116.000,20.463000,0.880000,129.652833,4049,234,0,111,228,2044,9,0
33.803735,4.086000,116.000,20.463000,0.880000,129.641412,4029,234,0,111,228,2044,9,0
33.816222,12.487000,116.000,20.463000,0.880000,129.641873,4029,234,0,111,228,2044,9,0
33.819269,3.047000,116.000,20.463000,0.880000,129.642354,4029,234,0,111,228,2044,9,0
33.833092,13.823000,116.000,20.463000,0.880000,129.642835,4029,234,0,111,228,2044,9,0
33.836133,3.041000,116.000,20.463000,0.880000,129.643315,4029,234,0,111,228,2044,9,0
33.849710,13.577000,116.000,20.463000,0.880000,129.642156,4026,234,0,111,228,2044,9,0
33.852685,2.975000,116.000,20.463000,0.880000,129.642591,4026,234,0,111,228,2044,9,0
33.866043,13.358000,116.000,20.463000,0.880000,129.643071,4026,234,0,111,228,2044,9,0
33.870122,4.079000,116.000,20.463000,0.880000,129.643552,4026,234,0,111,228,2044,9,0
33.883134,13.012000,116.000,20.463000,0.880000,129.645703,4029,234,0,111,228,2044,9,0
33.885259,2.125000,116.000,20.463000,0.880000,129.646184,4029,234,0,112,228,2044,9,0
33.899693,14.434000,116.000,20.463000,0.880000,129.646665,4029,234,0,107,223,2034,9,0
33.901566,1.873000,116.000,20.463000,0.880000,129.642682,4027,234,0,107,223,2034,9,0
33.915961,14.395000,116.000,20.463000,0.880000,129.643178,4027,234,0,107,223,2034,9,0
33.917820,1.859000,116.000,20.463000,0.880000,129.622689,4017,229,0,107,223,2034,9,0
33.932398,14.578000,116.000,20.463000,0.880000,129.610021,3995,229,0,107,223,2034,9,0
33.935960,3.562000,116.000,20.463000,0.880000,129.610501,3995,229,0,107,223,2034,9,0
33.949263,13.303000,116.000,20.463000,0.880000,129.607648,3989,229,0,107,223,2034,9,0
33.950788,1.525000,116.000,20.463000,0.880000,129.608129,3989,229,0,107,223,2034,9,0
33.965985,15.197000,116.000,20.463000,0.880000,129.608624,3989,229,0,107,223,2034,9,0
33.967656,1.671000,116.000,20.463000,0.880000,129.615109,3999,229,0,106,223,2034,9,0
33.982535,14.879000,116.000,20.463000,0.880000,129.615575,3999,229,0,106,223,2034,9,0
33.984467,1.932000,116.000,20.463000,0.880000,129.616055,3999,229,0,107,223,2034,9,0
33.999359,14.892000,116.000,20.463000,0.880000,129.616643,3999,229,0,107,223,2034,9,0
34.001903,2.544000,116.000,20.463000,0.880000,129.617124,3999,229,0,106,223,2034,9,0
34.015675,13.772000,116.000,20.463000,0.880000,129.617574,3999,229,0,106,223,2034,9,0
34.018781,3.106000,116.000,20.463000,0.880000,129.618054,3999,229,0,105,223,2034,9,0
34.035775,16.994000,116.000,20.463000,0.880000,130.344735,4415,296,0,193,319,2226,9,0
34.049407,13.632000,116.000,20.463000,0.880000,130.345216,4415,296,0,193,319,2226,9,0
34.053342,3.935000,116.000,20.463000,0.880000,130.345696,4415,296,0,193,319,2226,9,0
34.065822,12.480000,116.000,20.463000,0.880000,130.346177,4415,296,0,193,319,2226,9,0
34.068686,2.864000,116.000,20.463000,0.880000,130.196294,4426,289,0,174,296,2180,9,0
34.082365,13.679000,116.000,20.463000,0.880000,130.151593,4348,289,0,174,296,2180,9,0
34.085371,3.006000,116.000,20.463000,0.880000,130.152074,4348,289,0,174,296,2180,9,0
34.099186,13.815000,116.000,20.463000,0.880000,130.152555,4348,289,0,174,296,2180,9,0
34.101873,2.687000,116.000,20.463000,0.880000,130.153035,4348,289,0,174,296,2180,9,0
34.116176,14.303000,116.000,20.463000,0.880000,130.151875,4345,289,0,174,296,2180,9,0
34.119759,3.583000,116.000,20.463000,0.880000,130.152356,4345,289,0,174,296,2180,9,0
34.132621,12.862000,116.000,20.463000,0.880000,130.152837,4345,289,0,174,296,2180,9,0
34.136251,3.630000,116.000,20.463000,0.880000,130.153317,4345,289,0,174,296,2180,9,0
34.149271,13.020000,116.000,20.463000,0.880000,130.153798,4345,289,0,174,296,2180,9,0
34.151981,2.710000,116.000,20.463000,0.880000,130.154279,4345,289,0,174,296,2180,9,0
34.165585,13.604000,116.000,20.463000,0.880000,130.150571,4338,289,0,174,296,2180,9,0
34.168662,3.077000,116.000,20.463000,0.880000,130.150998,4338,289,0,144,266,2120,9,0
34.182797,14.135000,116.000,20.463000,0.880000,130.147115,4336,289,0,144,266,2120,9,0
34.186085,3.288000,116.000,20.463000,0.880000,130.147595,4336,289,0,144,266,2120,9,0
34.199572,13.487000,116.000,20.463000,0.880000,130.026841,4276,259,0,144,266,2120,9,1
34.202181,2.609000,116.000,20.463000,0.880000,129.938973,4126,259,0,144,266,2120,9,1
34.216184,14.003000,116.000,20.463000,0.880000,129.939717,4126,259,0,139,261,2110,9,1
34.218889,2.705000,116.000,20.463000,0.880000,129.940198,4126,259,0,139,261,2110,9,1
34.232448,13.559000,116.000,20.463000,0.880000,129.920777,4122,253,0,139,261,2110,9,0
34.235889,3.441000,116.000,20.463000,0.880000,129.903275,4092,253,0,140,261,2110,9,0
34.249137,13.248000,116.000,20.463000,0.880000,129.905316,4095,253,0,140,261,2110,9,0
34.252148,3.011000,116.000,20.463000,0.880000,129.902295,4089,253,0,141,261,2110,9,0
34.266127,13.979000,116.000,20.463000,0.880000,129.904416,4092,253,0,140,260,2108,9,0
34.270743,4.616000,118.000,16.445000,0.768000,129.904897,4092,253,0,141,260,2108,9,0
34.282739,11.996000,118.000,16.445000,0.768000,129.905370,4092,253,0,139,258,2104,9,0
34.285289,2.550000,118.000,16.445000,0.768000,129.905850,4092,253,0,138,257,2102,9,0
34.299126,13.837000,118.000,16.445000,0.768000,129.893018,4086,249,0,138,257,2102,9,0
34.301354,2.228000,118.000,16.445000,0.768000,129.889150,4079,249,0,138,257,2102,9,0
34.316251,14.897000,118.000,16.445000,0.768000,129.891274,4082,249,0,136,255,2098,9,0
34.318065,1.814000,118.000,16.445000,0.768000,129.880319,4079,246,0,135,254,2096,9,0
34.332757,14.692000,118.000,16.445000,0.768000,129.878400,4075,246,0,134,253,2094,9,0
34.336399,3.642000,118.000,16.445000,0.768000,129.967278,4122,249,0,146,265,2118,9,0
34.348821,12.422000,118.000,16.445000,0.768000,129.961236,4112,249,0,146,265,2118,9,0
34.350740,1.919000,118.000,16.445000,0.768000,129.961717,4112,249,0,146,265,2118,9,0
34.366088,15.348000,118.000,16.445000,0.768000,129.962152,4112,249,0,146,265,2118,9,0
34.367993,1.905000,118.000,16.445000,0.768000,129.962632,4112,249,0,146,265,2118,9,0
34.382801,14.808000,118.000,16.445000,0.768000,129.885518,4102,244,0,136,255,2098,9,0
34.384900,2.099000,118.000,16.445000,0.768000,129.874097,4082,244,0,136,255,2098,9,0
34.399438,14.538000,118.000,16.445000,0.768000,129.874482,4082,244,0,135,254,2096,9,0
34.401469,2.031000,118.000,16.445000,0.768000,129.874963,4082,244,0,135,254,2096,9,0
34.415767,14.298000,118.000,16.445000,0.768000,129.877061,4085,244,0,135,254,2096,9,0
34.418926,3.159000,118.000,16.445000,0.768000,129.877542,4085,244,0,135,254,2096,9,0
34.432949,14.023000,118.000,16.445000,0.768000,129.877908,4085,244,0,135,254,2096,9,0
34.435709,2.760000,118.000,16.445000,0.768000,129.878388,4085,244,0,135,254,2096,9,0
34.449174,13.465000,118.000,16.445000,0.768000,129.878869,4085,244,0,135,254,2096,9,0
34.453000,3.826000,118.000,16.445000,0.768000,129.879350,4085,244,0,135,254,2096,9,0
34.466226,13.226000,118.000,16.445000,0.768000,129.879750,4085,244,0,135,254,2096,9,0
34.469101,2.875000,118.000,16.445000,0.768000,129.880231,4085,244,0,135,254,2096,9,0
34.482424,13.323000,118.000,16.445000,0.768000,129.879018,4082,244,0,131,250,2088,9,0
34.485952,3.528000,118.000,16.445000,0.768000,129.875089,4080,244,0,130,249,2086,9,0
34.499819,13.867000,118.000,16.445000,0.768000,129.863038,4072,241,0,130,249,2086,9,0
34.502799,2.980000,118.000,16.445000,0.768000,129.843297,4058,237,0,130,249,2086,9,0
34.516178,13.379000,118.000,16.445000,0.768000,129.847108,4048,241,0,130,249,2086,9,0
34.519896,3.718000,118.000,16.445000,0.768000,129.848275,4048,241,0,131,251,2090,9,0
34.533157,13.261000,118.000,16.445000,0.768000,129.848767,4048,241,0,131,251,2090,9,0
34.536036,2.879000,118.000,16.445000,0.768000,129.849248,4048,241,0,131,251,2090,9,0
34.549756,13.720000,118.000,16.445000,0.768000,129.848073,4045,241,0,131,251,2090,9,0
34.552751,2.995000,118.000,16.445000,0.768000,129.854558,4055,241,0,131,251,2090,9,0
34.566540,13.789000,118.000,16.445000,0.768000,129.855100,4055,241,0,131,251,2090,9,0
34.569473,2.933000,118.000,16.445000,0.768000,129.855535,4055,241,0,131,251,2090,9,0
34.582809,13.336000,118.000,16.445000,0.768000,129.857659,4058,241,0,131,251,2090,9,0
34.586579,3.770000,118.000,16.445000,0.768000,129.858140,4058,241,0,131,251,2090,9,0
34.599810,13.231000,118.000,16.445000,0.768000,129.858571,4058,241,0,131,251,2090,9,0
34.601637,1.827000,118.000,16.445000,0.768000,129.859006,4058,241,0,130,251,2090,9,0
34.619430,17.793000,118.000,16.445000,0.768000,130.418374,4452,302,0,199,325,2238,9,0
34.632791,13.361000,118.000,16.445000,0.768000,130.420461,4455,302,0,199,325,2238,9,0
34.634703,1.912000,118.000,16.445000,0.768000,130.420941,4455,302,0,200,325,2238,9,0
34.649302,14.599000,118.000,16.445000,0.768000,130.419782,4452,302,0,200,325,2238,9,0
34.651443,2.141000,118.000,16.445000,0.768000,130.032907,4402,277,0,150,267,2122,9,0
34.665603,14.160000,118.000,16.445000,0.768000,129.957261,4272,277,0,150,267,2122,9,0
34.667270,1.667000,118.000,16.445000,0.768000,129.957742,4272,277,0,150,267,2122,9,0
34.682368,15.098000,118.000,16.445000,0.768000,129.958177,4272,277,0,150,267,2122,9,0
34.684286,1.918000,118.000,16.445000,0.768000,129.958657,4272,277,0,150,267,2122,9,0
34.699034,14.748000,118.000,16.445000,0.768000,129.959138,4272,277,0,150,267,2122,9,0
34.700707,1.673000,118.000,16.445000,0.768000,129.959619,4272,277,0,150,267,2122,9,0
34.716072,15.365000,118.000,16.445000,0.768000,129.960099,4272,277,0,150,267,2122,9,0
34.719842,3.770000,118.000,16.445000,0.768000,129.960580,4272,277,0,150,267,2122,9,0
34.732393,12.551000,118.000,16.445000,0.768000,129.961061,4272,277,0,150,267,2122,9,0
34.736293,3.900000,118.000,16.445000,0.768000,129.961541,4272,277,0,150,267,2122,9,0
34.749038,12.745000,118.000,16.445000,0.768000,129.959519,4268,277,0,150,267,2122,9,0
34.751816,2.778000,118.000,16.445000,0.768000,129.960000,4268,277,0,114,231,2050,9,0
34.765877,14.061000,118.000,16.445000,0.768000,129.960427,4268,277,0,114,231,2050,9,0
34.771409,5.532000,118.000,16.445000,0.768000,129.956498,4266,277,0,114,231,2050,9,0
34.782105,10.696000,118.000,16.445000,0.768000,129.808331,4194,241,0,114,231,2050,9,0
34.783887,1.782000,118.000,16.445000,0.768000,129.702794,4014,241,0,114,231,2050,9,0
34.799565,15.678000,118.000,16.445000,0.768000,129.704923,4017,241,0,114,231,2050,9,0
34.803035,3.470000,118.000,16.445000,0.768000,129.705403,4017,241,0,114,231,2050,9,0
34.816045,13.010000,118.000,16.445000,0.768000,129.704236,4014,241,0,114,231,2050,9,0
34.817688,1.643000,118.000,16.445000,0.768000,129.704717,4014,241,0,114,231,2050,9,0
34.833065,15.377000,118.000,16.445000,0.768000,129.705052,4014,241,0,114,231,2050,9,0
34.837310,4.245000,118.000,16.445000,0.768000,129.702031,4008,241,0,115,231,2050,9,0
34.849607,12.297000,118.000,16.445000,0.768000,129.702497,4008,241,0,114,230,2048,9,0
34.851224,1.617000,118.000,16.445000,0.768000,129.701337,4005,241,0,113,230,2048,9,0
34.866465,15.241000,118.000,16.445000,0.768000,129.701879,4005,241,0,111,228,2044,9,0
34.868341,1.876000,118.000,16.445000,0.768000,129.702359,4005,241,0,111,227,2042,9,0
34.882400,14.059000,118.000,16.445000,0.768000,129.691216,4002,237,0,111,227,2042,9,0
34.884133,1.733000,118.000,16.445000,0.768000,129.687280,3995,237,0,111,227,2042,9,0
34.899221,15.088000,118.000,16.445000,0.768000,129.687741,3995,237,0,109,225,2038,9,0
34.901933,2.712000,118.000,16.445000,0.768000,129.676785,3992,234,0,107,224,2036,9,0
34.916082,14.149000,118.000,16.445000,0.768000,129.674809,3988,234,0,106,223,2034,9,0
34.920970,4.888000,118.000,16.445000,0.768000,129.764264,4035,237,0,119,235,2058,9,0
34.932622,11.652000,118.000,16.445000,0.768000,129.758336,4025,237,0,119,235,2058,9,0
34.934272,1.650000,118.000,16.445000,0.768000,129.758817,4025,237,0,119,235,2058,9,0
34.949421,15.149000,118.000,16.445000,0.768000,129.760976,4028,237,0,119,235,2058,9,0
34.951057,1.636000,118.000,16.445000,0.768000,129.761456,4028,237,0,119,235,2058,9,0
34.965990,14.933000,118.000,16.445000,0.768000,129.701863,4023,233,0,111,227,2042,9,0
34.967644,1.654000,118.000,16.445000,0.768000,129.692777,4007,233,0,111,227,2042,9,0
34.982563,14.919000,118.000,16.445000,0.768000,129.693265,4007,233,0,111,227,2042,9,0
34.984557,1.994000,118.000,16.445000,0.768000,129.693746,4007,233,0,111,227,2042,9,0
34.999304,14.747000,118.000,16.445000,0.768000,129.694402,4007,233,0,111,227,2042,9,0
35.001044,1.740000,118.000,16.445000,0.768000,129.694882,4007,233,0,111,227,2042,9,0
35.016257,15.213000,118.000,16.445000,0.768000,129.697034,4010,233,0,111,227,2042,9,0
35.020053,3.796000,118.000,16.445000,0.768000,129.697515,4010,233,0,111,227,2042,9,0
35.032903,12.850000,118.000,16.445000,0.768000,129.696370,4007,233,0,111,227,2042,9,0
35.036999,4.096000,118.000,16.445000,0.768000,129.696851,4007,233,0,111,227,2042,9,0
35.049284,12.285000,118.000,16.445000,0.768000,129.697316,4007,233,0,111,227,2042,9,0
35.052639,3.355000,118.000,16.445000,0.768000,129.697797,4007,233,0,111,227,2042,9,0
35.066462,13.823000,118.000,16.445000,0.768000,129.698033,4007,233,0,107,223,2034,9,0
35.071396,4.934000,118.000,16.445000,0.768000,129.694104,4005,233,0,107,223,2034,9,0
35.082018,10.622000,118.000,16.445000,0.768000,129.694600,4005,233,0,107,223,2034,9,0
35.083748,1.730000,118.000,16.445000,0.768000,129.678552,3997,229,0,107,223,2034,9,0
35.098916,15.168000,118.000,16.445000,0.768000,129.667203,3977,229,0,107,223,2034,9,0
35.100719,1.803000,118.000,16.445000,0.768000,129.667684,3977,229,0,107,223,2034,9,0
35.115443,14.724000,118.000,16.445000,0.768000,129.668187,3977,229,0,107,223,2034,9,0
35.117283,1.840000,118.000,16.445000,0.768000,129.668668,3977,229,0,107,223,2034,9,0
35.133127,15.844000,118.000,16.445000,0.768000,129.669110,3977,229,0,107,223,2034,9,0
35.136942,3.815000,118.000,16.445000,0.768000,129.675595,3987,229,0,107,223,2034,9,0
35.149661,12.719000,118.000,16.445000,0.768000,129.676091,3987,229,0,107,223,2034,9,0
35.151384,1.723000,118.000,16.445000,0.768000,129.676572,3987,229,0,107,223,2034,9,0
35.166279,14.895000,118.000,16.445000,0.768000,129.677037,3987,229,0,107,223,2034,9,0
35.169872,3.593000,118.000,16.445000,0.768000,129.677518,3987,229,0,107,223,2034,9,0
35.182539,12.667000,118.000,16.445000,0.768000,129.676389,3984,229,0,107,223,2034,9,0
35.184462,1.923000,118.000,16.445000,0.768000,129.676869,3984,229,0,107,223,2034,9,0
35.202431,17.969000,118.000,16.445000,0.768000,130.449502,4447,302,0,199,327,2242,9,0
35.215680,13.249000,118.000,16.445000,0.768000,130.449983,4447,302,0,199,327,2242,9,0
35.218488,2.808000,118.000,16.445000,0.768000,130.450418,4447,302,0,199,327,2242,9,0
35.232169,13.681000,118.000,16.445000,0.768000,130.450898,4447,302,0,199,327,2242,9,0
35.235362,3.193000,118.000,16.445000,0.768000,130.249585,4421,289,0,173,297,2182,9,0
35.249494,14.132000,118.000,16.445000,0.768000,130.206388,4346,289,0,173,297,2182,9,0
35.253654,4.160000,118.000,16.445000,0.768000,130.206868,4346,289,0,173,297,2182,9,0
35.265734,12.080000,118.000,16.445000,0.768000,130.207349,4346,289,0,173,297,2182,9,0
35.268618,2.884000,118.000,17.467000,0.937000,130.207829,4346,289,0,173,297,2182,9,0
35.282612,13.994000,118.000,17.467000,0.937000,130.209962,4349,289,0,173,297,2182,9,0
35.285521,2.909000,118.000,17.467000,0.937000,130.210443,4349,289,0,174,297,2182,9,0
35.299346,13.825000,118.000,17.467000,0.937000,130.211438,4349,289,0,174,297,2182,9,1
35.302003,2.657000,118.000,17.467000,0.937000,130.211919,4349,289,0,174,297,2182,9,1
35.315958,13.955000,118.000,17.467000,0.937000,130.212708,4349,289,0,174,297,2182,9,1
35.318787,2.829000,118.000,17.467000,0.937000,130.213189,4349,289,0,174,297,2182,9,1
35.332921,14.134000,118.000,17.467000,0.937000,130.085053,4304,248,0,174,297,2182,9,0
35.335400,2.479000,118.000,17.467000,0.937000,130.045747,4247,248,0,128,241,2070,9,0
35.349348,13.948000,118.000,17.467000,0.937000,130.044507,4244,248,0,128,241,2070,9,0
35.352347,2.999000,118.000,17.467000,0.937000,130.044988,4244,248,0,128,241,2070,9,0
35.366200,13.853000,118.000,17.467000,0.937000,129.898129,4172,212,0,128,241,2070,9,0
35.368966,2.766000,118.000,17.467000,0.937000,129.792523,3992,212,0,129,241,2070,9,0
35.382852,13.886000,118.000,17.467000,0.937000,129.792989,3992,212,0,129,241,2070,9,0
35.385443,2.591000,118.000,17.467000,0.937000,129.793469,3992,212,0,129,241,2070,9,0
35.399441,13.998000,118.000,17.467000,0.937000,129.793965,3992,212,0,129,241,2070,9,0
35.403380,3.939000,118.000,17.467000,0.937000,129.794446,3992,212,0,129,241,2070,9,0
35.416340,12.960000,118.000,17.467000,0.937000,129.794675,3992,212,0,129,241,2070,9,0
35.417986,1.646000,118.000,17.467000,0.937000,129.791608,3986,212,0,128,241,2070,9,0
35.433020,15.034000,118.000,17.467000,0.937000,129.792104,3986,212,0,127,240,2068,9,0
35.434696,1.676000,118.000,17.467000,0.937000,129.792539,3986,212,0,128,240,2068,9,0
35.449681,14.985000,118.000,17.467000,0.937000,129.793004,3986,212,0,126,238,2064,9,0
35.452830,3.149000,118.000,17.467000,0.937000,129.793485,3986,212,0,125,237,2062,9,0
35.466216,13.386000,118.000,17.467000,0.937000,129.780652,3980,208,0,125,237,2062,9,0
35.470182,3.966000,118.000,17.467000,0.937000,129.776784,3973,208,0,123,237,2062,9,0
35.482207,12.025000,118.000,17.467000,0.937000,129.777219,3973,208,0,122,235,2058,9,0
35.484110,1.903000,118.000,17.467000,0.937000,129.766263,3970,205,0,121,234,2056,9,0
35.499476,15.366000,118.000,17.467000,0.937000,129.764287,3966,205,0,119,232,2052,9,0
35.503064,3.588000,118.000,17.467000,0.937000,129.878827,4026,210,0,135,247,2082,9,0
35.515898,12.834000,118.000,17.467000,0.937000,129.871305,4013,210,0,135,247,2082,9,0
35.517885,1.987000,118.000,17.467000,0.937000,129.871785,4013,210,0,135,247,2082,9,0
35.532977,15.092000,118.000,17.467000,0.937000,129.893453,4034,214,0,135,247,2082,9,0
35.535487,2.510000,118.000,17.467000,0.937000,129.894620,4034,214,0,137,249,2086,9,0
35.549566,14.079000,118.000,17.467000,0.937000,129.833200,4026,210,0,129,241,2070,9,0
35.552762,3.196000,118.000,17.467000,0.937000,129.824159,4010,210,0,129,241,2070,9,0
35.566303,13.541000,118.000,17.467000,0.937000,129.822999,4007,210,0,129,241,2070,9,0
35.569351,3.048000,118.000,17.467000,0.937000,129.823480,4007,210,0,129,241,2070,9,0
35.582997,13.646000,118.000,17.467000,0.937000,129.823960,4007,210,0,129,241,2070,9,0
35.586014,3.017000,118.000,17.467000,0.937000,129.824441,4007,210,0,128,240,2068,9,0
35.599889,13.875000,118.000,17.467000,0.937000,129.814477,4002,207,0,128,240,2068,9,0
35.603122,3.233000,118.000,17.467000,0.937000,129.811265,3996,207,0,128,240,2068,9,0
35.616503,13.381000,118.000,17.467000,0.937000,129.828366,4006,211,0,128,240,2068,9,0
35.619953,3.450000,118.000,17.467000,0.937000,129.829534,4006,211,0,130,242,2072,9,0
35.632841,12.888000,118.000,17.467000,0.937000,129.830010,4006,211,0,130,242,2072,9,0
35.635859,3.018000,118.000,17.467000,0.937000,129.830491,4006,211,0,130,242,2072,9,0
35.649712,13.853000,118.000,17.467000,0.937000,129.832585,4009,211,0,125,237,2062,9,0
35.653206,3.494000,118.000,17.467000,0.937000,129.828656,4007,211,0,125,237,2062,9,0
35.666098,12.892000,118.000,17.467000,0.937000,129.830789,4010,211,0,125,237,2062,9,0
35.669754,3.656000,118.000,17.467000,0.937000,129.809453,4000,206,0,125,237,2062,9,0
35.683036,13.282000,118.000,17.467000,0.937000,129.779737,3973,205,0,123,235,2058,9,0
35.686132,3.096000,118.000,17.467000,0.937000,129.777837,3969,205,0,123,235,2058,9,0
35.699298,13.166000,118.000,17.467000,0.937000,129.778333,3969,205,0,123,235,2058,9,0
35.701471,2.173000,118.000,17.467000,0.937000,129.778813,3969,205,0,123,235,2058,9,0
35.716460,14.989000,118.000,17.467000,0.937000,129.780938,3972,205,0,123,235,2058,9,0
35.718452,1.992000,118.000,17.467000,0.937000,129.787377,3982,205,0,123,235,2058,9,0
35.733252,14.800000,118.000,17.467000,0.937000,129.788136,3982,205,0,123,235,2058,9,0
35.735241,1.989000,118.000,17.467000,0.937000,129.788617,3982,205,0,122,235,2058,9,0
35.749394,14.153000,118.000,17.467000,0.937000,129.789067,3982,205,0,122,235,2058,9,0
35.751799,2.405000,118.000,17.467000,0.937000,129.789548,3982,205,0,122,235,2058,9,0
35.766031,14.232000,118.000,17.467000,0.937000,129.790044,3982,205,0,122,235,2058,9,0
35.767686,1.655000,118.000,17.467000,0.937000,129.790524,3982,205,0,122,235,2058,9,0
35.786726,19.040000,118.000,17.467000,0.937000,130.350106,4376,266,0,191,311,2210,9,0
35.799008,12.282000,118.000,17.467000,0.937000,130.350587,4376,266,0,191,311,2210,9,0
35.802766,3.758000,118.000,17.467000,0.937000,130.351068,4376,266,0,191,311,2210,9,0
35.815689,12.923000,118.000,17.467000,0.937000,130.353219,4379,266,0,191,311,2210,9,0
35.818398,2.709000,118.000,17.467000,0.937000,129.980992,4331,242,0,143,253,2094,9,0
35.832285,13.887000,118.000,17.467000,0.937000,129.913251,4215,242,0,143,253,2094,9,0
35.835614,3.329000,118.000,17.467000,0.937000,129.913732,4215,242,0,143,253,2094,9,0
35.848993,13.379000,118.000,17.467000,0.937000,129.911679,4211,242,0,143,253,2094,9,0
35.851635,2.642000,118.000,17.467000,0.937000,129.912160,4211,242,0,143,253,2094,9,0
35.865705,14.070000,118.000,17.467000,0.937000,129.912641,4211,242,0,143,253,2094,9,0
35.868633,2.928000,118.000,17.467000,0.937000,129.913121,4211,242,0,143,253,2094,9,0
35.882872,14.239000,118.000,17.467000,0.937000,129.913613,4211,242,0,143,253,2094,9,0
35.886018,3.146000,118.000,17.467000,0.937000,129.914094,4211,242,0,143,253,2094,9,0
35.899000,12.982000,118.000,17.467000,0.937000,129.912744,4208,242,0,143,253,2094,9,0
35.901785,2.785000,118.000,17.467000,0.937000,129.913156,4208,242,0,143,253,2094,9,0
35.915703,13.918000,118.000,17.467000,0.937000,129.911134,4204,242,0,143,253,2094,9,0
35.919090,3.387000,118.000,17.467000,0.937000,129.907151,4202,242,0,107,217,2022,9,0
35.932253,13.163000,118.000,17.467000,0.937000,129.907586,4202,242,0,107,217,2022,9,0
35.935127,2.874000,118.000,17.467000,0.937000,129.908067,4202,242,0,107,217,2022,9,0
35.949143,14.016000,118.000,17.467000,0.937000,129.758145,4127,206,0,107,217,2022,9,0
35.951589,2.446000,118.000,17.467000,0.937000,129.652608,3947,206,0,109,217,2022,9,0
35.965797,14.208000,118.000,17.467000,0.937000,129.654748,3950,206,0,109,217,2022,9,0
35.968774,2.977000,118.000,17.467000,0.937000,129.655229,3950,206,0,109,217,2022,9,0
35.982206,13.432000,118.000,17.467000,0.937000,129.657342,3953,206,0,109,217,2022,9,0
35.984308,2.102000,118.000,17.467000,0.937000,129.657876,3953,206,0,109,217,2022,9,0
35.998750,14.442000,118.000,17.467000,0.937000,129.658235,3953,206,0,109,217,2022,9,0
36.000817,2.067000,118.000,17.467000,0.937000,129.655168,3947,206,0,109,217,2022,9,0
36.016255,15.438000,118.000,17.467000,0.937000,129.655648,3947,206,0,108,216,2020,9,0
36.019779,3.524000,118.000,17.467000,0.937000,129.656129,3947,206,0,107,216,2020,9,0
36.032772,12.993000,118.000,17.467000,0.937000,129.658273,3950,206,0,105,214,2016,9,0
36.034573,1.801000,118.000,17.467000,0.937000,129.657113,3947,206,0,105,213,2014,9,0
36.049606,15.033000,118.000,17.467000,0.937000,129.644273,3941,202,0,105,213,2014,9,0
36.054111,4.505000,118.000,17.467000,0.937000,129.640405,3934,202,0,104,213,2014,9,0
36.066086,11.975000,118.000,17.467000,0.937000,129.640901,3934,202,0,103,211,2010,9,0
36.068092,2.006000,118.000,17.467000,0.937000,129.628816,3931,199,0,102,210,2008,9,0
36.082944,14.852000,118.000,17.467000,0.937000,129.626855,3927,199,0,101,209,2006,9,0
36.086644,3.700000,118.000,17.467000,0.937000,129.741776,3987,204,0,116,224,2036,9,0
36.099194,12.550000,118.000,17.467000,0.937000,129.735894,3977,204,0,116,224,2036,9,0
36.101929,2.735000,118.000,17.467000,0.937000,129.736375,3977,204,0,116,224,2036,9,0
36.116006,14.077000,118.000,17.467000,0.937000,129.735215,3974,204,0,116,224,2036,9,0
36.119747,3.741000,118.000,17.467000,0.937000,129.735696,3974,204,0,116,224,2036,9,0
36.132448,12.701000,118.000,17.467000,0.937000,129.658566,3964,199,0,106,214,2016,9,0
36.135360,2.912000,118.000,17.467000,0.937000,129.647145,3944,199,0,106,214,2016,9,0
36.149676,14.316000,118.000,17.467000,0.937000,129.647580,3944,199,0,106,214,2016,9,0
36.152640,2.964000,118.000,17.467000,0.937000,129.648061,3944,199,0,106,214,2016,9,0
36.166277,13.637000,118.000,17.467000,0.937000,129.648496,3944,199,0,106,214,2016,9,0
36.169444,3.167000,118.000,17.467000,0.937000,129.648976,3944,199,0,106,214,2016,9,0
36.183085,13.641000,118.000,17.467000,0.937000,129.649457,3944,199,0,106,214,2016,9,0
36.187932,4.847000,118.000,17.467000,0.937000,129.649938,3944,199,0,106,214,2016,9,0
36.198640,10.708000,118.000,17.467000,0.937000,129.648778,3941,199,0,106,214,2016,9,0
36.200827,2.187000,118.000,17.467000,0.937000,129.649213,3941,199,0,106,214,2016,9,0
36.216216,15.389000,118.000,17.467000,0.937000,129.648053,3938,199,0,106,214,2016,9,0
36.218414,2.198000,118.000,17.467000,0.937000,129.648534,3938,199,0,106,214,2016,9,0
36.232165,13.751000,118.000,17.467000,0.937000,129.648961,3938,199,0,101,209,2006,9,0
36.234747,2.582000,118.000,17.467000,0.937000,129.645032,3936,199,0,101,209,2006,9,0
36.249532,14.785000,118.000,17.467000,0.937000,129.645497,3936,199,0,101,209,2006,9,0
36.251232,1.700000,118.000,17.467000,0.937000,129.625009,3926,194,0,101,209,2006,9,0
36.266074,14.842000,118.000,17.467000,0.937000,129.593686,3896,193,0,99,207,2002,9,0
36.268147,2.073000,119.000,18.586000,0.898000,129.591786,3892,193,0,99,207,2002,9,0
36.282760,14.613000,119.000,18.586000,0.898000,129.592267,3892,193,0,99,207,2002,9,0
36.284669,1.909000,119.000,18.586000,0.898000,129.594602,3895,193,0,98,207,2002,9,0
36.299262,14.593000,119.000,18.586000,0.898000,129.591481,3889,193,0,98,207,2002,9,0
36.301588,2.326000,119.000,18.586000,0.898000,129.597966,3899,193,0,98,207,2002,9,0
36.316099,14.511000,119.000,18.586000,0.898000,129.598432,3899,193,0,98,207,2002,9,0
36.318879,2.780000,119.000,18.586000,0.898000,129.598912,3899,193,0,98,207,2002,9,0
36.333804,14.925000,119.000,18.586000,0.898000,129.781938,4019,241,0,98,207,2002,9,0
36.336329,2.525000,119.000,18.586000,0.898000,129.791162,4019,241,0,111,231,2050,9,0
36.349909,13.580000,119.000,18.586000,0.898000,129.793302,4022,241,0,111,231,2050,9,0
36.352879,2.970000,119.000,18.586000,0.898000,129.793782,4022,241,0,110,231,2050,9,0
36.371803,18.924000,119.000,18.586000,0.898000,130.571145,4491,314,0,204,333,2254,9,0
36.382182,10.379000,119.000,18.586000,0.898000,130.571626,4491,314,0,205,333,2254,9,0
36.385488,3.306000,119.000,18.586000,0.898000,130.572106,4491,314,0,205,333,2254,9,0
36.399283,13.795000,119.000,18.586000,0.898000,130.573194,4491,314,0,205,333,2254,9,1
36.402169,2.886000,119.000,18.586000,0.898000,130.387067,4467,302,0,180,303,2194,9,1
36.415524,13.355000,119.000,18.586000,0.898000,130.347108,4397,302,0,180,303,2194,9,1
36.418390,2.866000,119.000,18.586000,0.898000,130.347589,4397,302,0,180,303,2194,9,1
36.432571,14.181000,119.000,18.586000,0.898000,130.348668,4403,301,0,180,303,2194,9,0
36.435974,3.403000,119.000,18.586000,0.898000,130.345891,4398,301,0,181,303,2194,9,0
36.448958,12.984000,119.000,18.586000,0.898000,130.346372,4398,301,0,181,303,2194,9,0
36.451650,2.692000,119.000,18.586000,0.898000,130.346852,4398,301,0,181,303,2194,9,0
36.466014,14.364000,119.000,18.586000,0.898000,130.347287,4398,301,0,181,303,2194,9,0
36.469716,3.702000,119.000,18.586000,0.898000,130.347768,4398,301,0,182,303,2194,9,0
36.482597,12.881000,119.000,18.586000,0.898000,130.369355,4419,305,0,182,303,2194,9,0
36.485340,2.743000,119.000,18.586000,0.898000,130.370522,4419,305,0,184,305,2198,9,0
36.498845,13.505000,119.000,18.586000,0.898000,130.368409,4415,305,0,184,305,2198,9,0
36.501938,3.093000,119.000,18.586000,0.898000,130.368890,4415,305,0,147,269,2126,9,0
36.515925,13.987000,119.000,18.586000,0.898000,130.366746,4416,305,0,147,269,2126,9,0
36.518487,2.562000,119.000,18.586000,0.898000,130.367227,4416,305,0,148,269,2126,9,0
36.532791,14.304000,119.000,18.586000,0.898000,130.220365,4344,269,0,148,269,2126,9,0
36.535763,2.972000,119.000,18.586000,0.898000,130.119458,4170,269,0,148,269,2126,9,0
36.549544,13.781000,119.000,18.586000,0.898000,130.118039,4167,269,0,148,269,2126,9,0
36.551299,1.755000,119.000,18.586000,0.898000,130.118520,4167,269,0,148,269,2126,9,0
36.565343,14.044000,119.000,18.586000,0.898000,130.119000,4167,269,0,148,269,2126,9,0
36.567409,2.066000,119.000,18.586000,0.898000,130.119481,4167,269,0,148,269,2126,9,0
36.582948,15.539000,119.000,18.586000,0.898000,130.118211,4164,269,0,148,269,2126,9,0
36.584742,1.794000,119.000,18.586000,0.898000,130.115190,4158,269,0,146,268,2124,9,0
36.599478,14.736000,119.000,18.586000,0.898000,130.114121,4155,269,0,145,267,2122,9,0
36.601745,2.267000,119.000,18.586000,0.898000,130.114602,4155,269,0,144,267,2122,9,0
36.616274,14.529000,119.000,18.586000,0.898000,130.115083,4155,269,0,142,265,2118,9,0
36.618160,1.886000,119.000,18.586000,0.898000,130.115563,4155,269,0,142,264,2116,9,0
36.632629,14.469000,119.000,18.586000,0.898000,130.102700,4149,265,0,142,264,2116,9,0
36.634641,2.012000,119.000,18.586000,0.898000,130.098832,4142,265,0,142,264,2116,9,0
36.649486,14.845000,119.000,18.586000,0.898000,130.097657,4139,265,0,140,262,2112,9,0
36.651710,2.224000,119.000,18.586000,0.898000,130.086701,4136,262,0,140,261,2110,9,0
36.666144,14.434000,119.000,18.586000,0.898000,130.084710,4132,262,0,139,260,2108,9,0
36.669982,3.838000,119.000,18.586000,0.898000,130.199250,4192,267,0,154,275,2138,9,0
36.682462,12.480000,119.000,18.586000,0.898000,130.195020,4185,267,0,154,275,2138,9,0
36.686254,3.792000,119.000,18.586000,0.898000,130.195500,4185,267,0,153,274,2136,9,0
36.699836,13.582000,119.000,18.586000,0.898000,130.185521,4180,264,0,153,274,2136,9,0
36.704683,4.847000,119.000,18.586000,0.898000,130.182309,4174,264,0,153,274,2136,9,0
36.716199,11.516000,119.000,18.586000,0.898000,130.120400,4174,263,0,143,264,2116,9,0
36.719267,3.068000,119.000,18.586000,0.898000,130.109666,4154,263,0,143,265,2118,9,0
36.733168,13.901000,119.000,18.586000,0.898000,130.111600,4157,263,0,143,265,2118,9,0
36.736084,2.916000,119.000,18.586000,0.898000,130.112081,4157,263,0,143,265,2118,9,0
36.749722,13.638000,119.000,18.586000,0.898000,130.110913,4154,263,0,143,265,2118,9,0
36.752715,2.993000,119.000,18.586000,0.898000,130.111394,4154,263,0,143,265,2118,9,0
36.766558,13.843000,119.000,18.586000,0.898000,130.111875,4154,263,0,143,265,2118,9,0
36.770328,3.770000,119.000,18.586000,0.898000,130.112355,4154,263,0,143,265,2118,9,0
36.782900,12.572000,119.000,18.586000,0.898000,130.112836,4154,263,0,143,265,2118,9,0
36.784625,1.725000,119.000,18.586000,0.898000,130.110715,4150,263,0,143,265,2118,9,0
36.799597,14.972000,119.000,18.586000,0.898000,130.111211,4150,263,0,143,265,2118,9,0
36.801462,1.865000,119.000,18.586000,0.898000,130.111691,4150,263,0,143,265,2118,9,0
36.816362,14.900000,119.000,18.586000,0.898000,130.112027,4150,263,0,138,260,2108,9,0
36.820411,4.049000,119.000,18.586000,0.898000,130.108098,4148,263,0,138,260,2108,9,0
36.832671,12.260000,119.000,18.586000,0.898000,130.108579,4148,263,0,138,260,2108,9,0
36.834507,1.836000,119.000,18.586000,0.898000,130.088536,4138,258,0,138,260,2108,9,0
36.849284,14.777000,119.000,18.586000,0.898000,130.074269,4113,258,0,138,260,2108,9,0
36.850966,1.682000,119.000,18.586000,0.898000,130.074750,4113,258,0,137,260,2108,9,0
36.866381,15.415000,119.000,18.586000,0.898000,130.075231,4113,258,0,138,260,2108,9,0
36.870714,4.333000,119.000,18.586000,0.898000,130.075711,4113,258,0,138,260,2108,9,0
36.882356,11.642000,119.000,18.586000,0.898000,130.076192,4113,258,0,138,260,2108,9,0
36.884642,2.286000,119.000,18.586000,0.898000,130.082677,4123,258,0,138,260,2108,9,0
36.899371,14.729000,119.000,18.586000,0.898000,130.083158,4123,258,0,137,259,2106,9,0
36.902436,3.065000,119.000,18.586000,0.898000,130.083638,4123,258,0,137,259,2106,9,0
36.916289,13.853000,119.000,18.586000,0.898000,130.079305,4115,258,0,137,259,2106,9,0
36.918996,2.707000,119.000,18.586000,0.898000,130.079785,4115,258,0,136,259,2106,9,0
36.933054,14.058000,119.000,18.586000,0.898000,130.080266,4115,258,0,136,259,2106,9,0
36.937551,4.497000,119.000,18.586000,0.898000,130.080747,4115,258,0,137,259,2106,9,0
36.956786,19.235000,119.000,18.586000,0.898000,130.620847,4503,318,0,204,331,2250,9,0
36.961105,4.319000,119.000,18.586000,0.898000,130.622979,4506,318,0,204,331,2250,9,0
36.973867,12.762000,119.000,18.586000,0.898000,130.621819,4503,318,0,204,331,2250,9,0
36.977858,3.991000,119.000,18.586000,0.898000,130.622300,4503,318,0,204,331,2250,9,0
36.990384,12.526000,119.000,18.586000,0.898000,130.234738,4453,293,0,154,273,2134,9,0
36.994005,3.621000,119.000,18.586000,0.898000,130.161855,4328,293,0,154,273,2134,9,0
37.007366,13.361000,119.000,18.586000,0.898000,130.162335,4328,293,0,154,273,2134,9,0
37.012583,5.217000,119.000,18.586000,0.898000,130.162816,4328,293,0,154,273,2134,9,0
37.023604,11.021000,119.000,18.586000,0.898000,130.163297,4328,293,0,154,273,2134,9,0
37.027055,3.451000,119.000,18.586000,0.898000,130.163777,4328,293,0,154,273,2134,9,0
37.040219,13.164000,119.000,18.586000,0.898000,130.164258,4328,293,0,154,273,2134,9,0
37.043559,3.340000,119.000,18.586000,0.898000,130.168050,4334,293,0,154,273,2134,9,0
37.056987,13.428000,119.000,18.586000,0.898000,130.168530,4334,293,0,154,273,2134,9,0
37.060605,3.618000,119.000,18.586000,0.898000,130.172544,4340,293,0,154,273,2134,9,0
37.073659,13.054000,119.000,18.586000,0.898000,130.169408,4334,293,0,155,273,2134,9,0
37.075837,2.178000,119.000,18.586000,0.898000,130.167386,4330,293,0,155,273,2134,9,0
37.090286,14.449000,119.000,18.586000,0.898000,130.153977,4324,289,0,119,237,2062,9,0
37.092671,2.385000,119.000,18.586000,0.898000,130.146867,4316,289,0,119,237,2062,9,0
37.107152,14.481000,119.000,18.586000,0.898000,130.147347,4316,289,0,119,237,2062,9,0
37.112007,4.855000,119.000,18.586000,0.898000,130.002007,4247,253,0,119,237,2062,9,2
37.123687,11.680000,119.000,18.586000,0.898000,129.896470,4067,253,0,119,237,2062,9,2
37.126729,3.042000,119.000,18.586000,0.898000,130.022000,4193,277,0,119,237,2062,9,2
37.140693,13.964000,119.000,18.586000,0.898000,130.026830,4193,277,0,131,249,2086,9,2
37.144422,3.729000,119.000,18.586000,0.898000,130.028905,4205,275,0,131,249,2086,9,0
37.157095,12.673000,119.000,18.586000,0.898000,130.022916,4195,275,0,133,249,2086,9,0
37.160103,3.008000,119.000,18.586000,0.898000,130.023236,4195,275,0,133,249,2086,9,0
37.173333,13.230000,119.000,18.586000,0.898000,130.020215,4189,275,0,132,249,2086,9,0
37.176618,3.285000,119.000,18.586000,0.898000,130.020726,4189,275,0,131,248,2084,9,0
37.190322,13.704000,119.000,18.586000,0.898000,130.019620,4186,275,0,130,248,2084,9,0
37.193897,3.575000,119.000,18.586000,0.898000,130.020085,4186,275,0,128,246,2080,9,0
37.207385,13.488000,119.000,18.586000,0.898000,130.020566,4186,275,0,128,245,2078,9,0
37.212702,5.317000,119.000,18.586000,0.898000,130.009408,4183,271,0,128,245,2078,9,0
37.223726,11.024000,119.000,18.586000,0.898000,130.005540,4176,271,0,127,245,2078,9,0
37.239785,16.059000,119.000,18.586000,0.898000,130.006001,4176,271,0,126,243,2074,9,0
37.243263,3.478000,119.000,18.586000,0.898000,129.995282,4173,268,0,126,242,2072,9,0
37.257042,13.779000,119.000,18.586000,0.898000,129.987363,4173,264,0,124,241,2070,9,0
37.260937,3.895000,119.000,18.586000,0.898000,130.108819,4227,274,0,140,257,2102,9,0
37.273708,12.771000,117.000,18.628000,1.389000,130.109300,4227,274,0,140,257,2102,9,0
37.277116,3.408000,117.000,18.628000,1.389000,130.106500,4221,274,0,140,257,2102,9,0
37.290182,13.066000,117.000,18.628000,1.389000,130.106980,4221,274,0,140,257,2102,9,0
37.293822,3.640000,117.000,18.628000,1.389000,130.028211,4208,269,0,130,247,2082,9,0
37.307033,13.211000,117.000,18.628000,1.389000,130.016789,4188,269,0,130,247,2082,9,0
37.310477,3.444000,117.000,18.628000,1.389000,130.017270,4188,269,0,128,245,2078,9,0
37.324046,13.569000,117.000,18.628000,1.389000,130.017751,4188,269,0,128,245,2078,9,0
37.327769,3.723000,117.000,18.628000,1.389000,130.018231,4188,269,0,128,245,2078,9,0
37.340101,12.332000,117.000,18.628000,1.389000,130.018712,4188,269,0,128,245,2078,9,0
37.343900,3.799000,117.000,18.628000,1.389000,130.017552,4185,269,0,128,245,2078,9,0
37.357145,13.245000,117.000,18.628000,1.389000,130.017953,4185,269,0,128,245,2078,9,0
37.360869,3.724000,117.000,18.628000,1.389000,130.018434,4185,269,0,128,245,2078,9,0
37.373687,12.818000,117.000,18.628000,1.389000,130.018914,4185,269,0,128,245,2078,9,0
37.377464,3.777000,117.000,18.628000,1.389000,130.021047,4188,269,0,128,245,2078,9,0
37.390196,12.732000,117.000,18.628000,1.389000,130.021527,4188,269,0,129,245,2078,9,0
37.393978,3.782000,117.000,18.628000,1.389000,130.022008,4188,269,0,129,245,2078,9,0
37.407222,13.244000,117.000,18.628000,1.389000,130.022435,4188,269,0,122,238,2064,9,0
37.410540,3.318000,117.000,18.628000,1.389000,129.997544,4176,263,0,122,238,2064,9,0
37.423789,13.249000,117.000,18.628000,1.389000,129.970071,4154,258,0,122,238,2064,9,0
37.429531,5.742000,117.000,18.628000,1.389000,129.957448,4132,258,0,121,237,2062,9,0
37.440139,10.608000,117.000,18.628000,1.389000,129.957929,4132,258,0,121,237,2062,9,0
37.443825,3.686000,117.000,18.628000,1.389000,129.941564,4105,258,0,121,237,2062,9,0
37.457126,13.301000,117.000,18.628000,1.389000,129.942044,4105,258,0,121,237,2062,9,0
37.460814,3.688000,117.000,18.628000,1.389000,129.942525,4105,258,0,121,237,2062,9,0
37.473877,13.063000,117.000,18.628000,1.389000,129.949010,4115,258,0,121,237,2062,9,0
37.477953,4.076000,117.000,18.628000,1.389000,129.949491,4115,258,0,121,237,2062,9,0
37.490708,12.755000,117.000,18.628000,1.389000,129.949971,4115,258,0,121,237,2062,9,0
37.496551,5.843000,117.000,18.628000,1.389000,129.951058,4115,258,0,121,237,2062,9,1
37.506670,10.119000,117.000,18.628000,1.389000,129.951539,4115,258,0,120,237,2062,9,1
37.510481,3.811000,117.000,18.628000,1.389000,129.952283,4115,258,0,120,237,2062,9,1
37.524074,13.593000,117.000,18.628000,1.389000,129.952764,4115,258,0,120,237,2062,9,1
37.540007,15.933000,117.000,18.628000,1.389000,130.680226,4540,324,0,208,333,2254,9,0
37.544016,4.009000,117.000,18.628000,1.389000,130.677449,4535,324,0,209,333,2254,9,0
37.557060,13.044000,117.000,18.628000,1.389000,130.677930,4535,324,0,209,333,2254,9,0
37.559604,2.544000,117.000,18.628000,1.389000,130.678365,4535,324,0,209,333,2254,9,0
37.574009,14.405000,117.000,18.628000,1.389000,130.528481,4546,317,0,190,310,2208,9,0
37.578301,4.292000,117.000,18.628000,1.389000,130.486543,4473,317,0,190,310,2208,9,0
37.590309,12.008000,117.000,18.628000,1.389000,130.487023,4473,317,0,190,310,2208,9,0
37.592841,2.532000,117.000,18.628000,1.389000,130.487504,4473,317,0,190,310,2208,9,0
37.607237,14.396000,117.000,18.628000,1.389000,130.487985,4473,317,0,190,310,2208,9,0
37.611650,4.413000,117.000,18.628000,1.389000,130.486825,4470,317,0,189,309,2206,9,0
37.623545,11.895000,117.000,18.628000,1.389000,130.495469,4483,317,0,189,309,2206,9,0
37.625851,2.306000,117.000,18.628000,1.389000,130.474061,4447,317,0,189,309,2206,9,0
37.640167,14.316000,117.000,18.628000,1.389000,130.474542,4447,317,0,189,309,2206,9,0
37.642705,2.538000,117.000,18.628000,1.389000,130.475022,4447,317,0,189,309,2206,9,0
37.656835,14.130000,117.000,18.628000,1.389000,130.475503,4447,317,0,189,309,2206,9,0
37.659431,2.596000,117.000,18.628000,1.389000,130.471841,4440,317,0,189,309,2206,9,0
37.673917,14.486000,117.000,18.628000,1.389000,130.472322,4440,317,0,159,279,2146,9,0
37.677911,3.994000,117.000,18.628000,1.389000,130.472657,4440,317,0,159,279,2146,9,0
37.690389,12.478000,117.000,18.628000,1.389000,130.468728,4438,317,0,159,279,2146,9,0
37.694172,3.783000,117.000,18.628000,1.389000,130.347161,4378,287,0,158,278,2144,9,0
37.707316,13.144000,117.000,18.628000,1.389000,130.259294,4228,287,0,159,278,2144,9,0
37.712762,5.446000,117.000,18.628000,1.389000,130.259774,4228,287,0,154,273,2134,9,0
37.723687,10.925000,117.000,18.628000,1.389000,130.260255,4228,287,0,154,273,2134,9,0
37.727547,3.860000,117.000,18.628000,1.389000,130.240033,4218,282,0,154,273,2134,9,0
37.740712,13.165000,117.000,18.628000,1.389000,130.225789,4193,282,0,154,273,2134,9,0
37.745055,4.343000,117.000,18.628000,1.389000,130.227826,4196,282,0,154,273,2134,9,0
37.756901,11.846000,117.000,18.628000,1.389000,130.224805,4190,282,0,152,273,2134,9,0
37.760667,3.766000,117.000,18.628000,1.389000,130.226895,4193,282,0,151,272,2132,9,0
37.773982,13.315000,117.000,18.628000,1.389000,130.227376,4193,282,0,153,272,2132,9,0
37.778197,4.215000,117.000,18.628000,1.389000,130.227880,4193,282,0,151,270,2128,9,0
37.790542,12.345000,117.000,18.628000,1.389000,130.258378,4229,282,0,147,268,2124,9,0
37.794740,4.198000,117.000,18.628000,1.389000,130.223702,4200,275,0,147,268,2124,9,0
37.807446,12.706000,117.000,18.628000,1.389000,130.216096,4187,275,0,149,268,2124,9,0
37.811961,4.515000,117.000,18.628000,1.389000,130.233373,4200,279,0,147,266,2120,9,0
37.823935,11.974000,117.000,18.628000,1.389000,130.223104,4197,276,0,147,267,2122,9,0
37.827847,3.912000,117.000,18.628000,1.389000,130.221150,4193,276,0,146,266,2120,9,0
37.840237,12.390000,117.000,18.628000,1.389000,130.335629,4253,281,0,159,281,2150,9,0
37.843270,3.033000,117.000,18.628000,1.389000,130.329747,4243,281,0,159,281,2150,9,0
37.857274,14.004000,117.000,18.628000,1.389000,130.330182,4243,281,0,159,281,2150,9,0
37.859720,2.446000,117.000,18.628000,1.389000,130.330686,4243,281,0,159,281,2150,9,0
37.874088,14.368000,117.000,18.628000,1.389000,130.331120,4243,281,0,159,281,2150,9,0
37.878519,4.431000,117.000,18.628000,1.389000,130.253991,4233,276,0,149,271,2130,9,0
37.890358,11.839000,117.000,18.628000,1.389000,130.242570,4213,276,0,149,271,2130,9,0
37.892715,2.357000,117.000,18.628000,1.389000,130.243028,4213,276,0,149,271,2130,9,0
37.907325,14.610000,117.000,18.628000,1.389000,130.243508,4213,276,0,149,271,2130,9,0
37.911573,4.248000,117.000,18.628000,1.389000,130.245637,4216,276,0,149,271,2130,9,0
37.923751,12.178000,117.000,18.628000,1.389000,130.246118,4216,276,0,150,271,2130,9,0
37.926522,2.771000,117.000,18.628000,1.389000,130.246598,4216,276,0,150,271,2130,9,0
37.940393,13.871000,117.000,18.628000,1.389000,130.247079,4216,276,0,150,271,2130,9,0
37.943211,2.818000,117.000,18.628000,1.389000,130.247560,4216,276,0,150,271,2130,9,0
37.956926,13.715000,117.000,18.628000,1.389000,130.248040,4216,276,0,150,271,2130,9,0
37.960118,3.192000,117.000,18.628000,1.389000,130.248521,4216,276,0,150,271,2130,9,0
37.973609,13.491000,117.000,18.628000,1.389000,130.249002,4216,276,0,144,265,2118,9,0
37.976904,3.295000,117.000,18.628000,1.389000,130.247804,4213,276,0,139,260,2108,9,0
37.990636,13.732000,117.000,18.628000,1.389000,130.243875,4211,276,0,139,260,2108,9,0
37.995746,5.110000,117.000,18.628000,1.389000,130.242715,4208,276,0,139,260,2108,9,0
38.007102,11.356000,117.000,18.628000,1.389000,130.222672,4198,271,0,139,260,2108,9,0
38.010961,3.859000,117.000,18.628000,1.389000,130.208371,4173,271,0,139,260,2108,9,0
38.023761,12.800000,117.000,18.628000,1.389000,130.208852,4173,271,0,139,260,2108,9,0
38.027518,3.757000,117.000,18.628000,1.389000,130.209538,4173,271,0,139,260,2108,9,0
38.040607,13.089000,117.000,18.628000,1.389000,130.210019,4173,271,0,140,260,2108,9,0
38.043111,2.504000,117.000,18.628000,1.389000,130.210507,4173,271,0,140,260,2108,9,0
38.057282,14.171000,117.000,18.628000,1.389000,130.216992,4183,271,0,139,260,2108,9,0
38.059875,2.593000,117.000,18.628000,1.389000,130.217465,4183,271,0,139,260,2108,9,0
38.073823,13.948000,117.000,18.628000,1.389000,130.217946,4183,271,0,140,260,2108,9,0
38.076898,3.075000,117.000,18.628000,1.389000,130.220075,4186,271,0,140,260,2108,9,0
38.090543,13.645000,117.000,18.628000,1.389000,130.220555,4186,271,0,140,260,2108,9,0
38.095230,4.687000,117.000,18.628000,1.389000,130.221013,4186,271,0,140,260,2108,9,0
38.107055,11.825000,117.000,18.628000,1.389000,130.221448,4186,271,0,140,260,2108,9,0
38.123922,16.867000,117.000,18.628000,1.389000,130.761704,4574,331,0,207,332,2252,9,0
38.128534,4.612000,117.000,18.628000,1.389000,130.765496,4580,331,0,207,332,2252,9,0
38.140198,11.664000,117.000,18.628000,1.389000,130.765977,4580,331,0,208,332,2252,9,0
38.142802,2.604000,117.000,18.628000,1.389000,130.764798,4577,331,0,208,332,2252,9,0
38.156896,14.094000,117.000,18.628000,1.389000,130.377992,4527,306,0,152,268,2124,9,0
38.160377,3.481000,117.000,18.628000,1.389000,130.285974,4372,306,0,152,268,2124,9,0
38.173201,12.824000,117.000,18.628000,1.389000,130.286454,4372,306,0,152,268,2124,9,0
38.176588,3.387000,117.000,18.628000,1.389000,130.286935,4372,306,0,152,268,2124,9,0
38.190274,13.686000,117.000,18.628000,1.389000,130.287416,4372,306,0,152,268,2124,9,0
38.193944,3.670000,117.000,18.628000,1.389000,130.287896,4372,306,0,152,268,2124,9,0
38.206911,12.967000,117.000,18.628000,1.389000,130.288377,4372,306,0,152,268,2124,9,0
38.210338,3.427000,117.000,18.628000,1.389000,130.288857,4372,306,0,152,268,2124,9,0
38.223351,13.013000,117.000,18.628000,1.389000,130.289338,4372,306,0,152,268,2124,9,0
38.227133,3.782000,117.000,18.628000,1.389000,130.289819,4372,306,0,152,268,2124,9,0
38.240333,13.200000,117.000,18.628000,1.389000,130.290299,4372,306,0,152,268,2124,9,0
38.244267,3.934000,117.000,18.628000,1.389000,130.288278,4368,306,0,152,268,2124,9,0
38.256802,12.535000,117.000,18.628000,1.389000,130.288705,4368,306,0,116,232,2052,9,0
38.260465,3.663000,117.000,18.628000,1.389000,130.284776,4366,306,0,116,232,2052,9,0
38.273808,13.343000,118.000,16.450000,0.893000,130.285256,4366,306,0,116,232,2052,9,0
38.277782,3.974000,118.000,16.450000,0.893000,130.136724,4291,270,0,116,232,2052,9,0
38.290533,12.751000,118.000,16.450000,0.893000,130.031186,4111,270,0,116,232,2052,9,0
38.294321,3.788000,118.000,16.450000,0.893000,130.031667,4111,270,0,116,232,2052,9,0
38.307126,12.805000,118.000,16.450000,0.893000,130.032147,4111,270,0,116,232,2052,9,0
38.310916,3.790000,118.000,16.450000,0.893000,130.030988,4108,270,0,116,232,2052,9,0
38.323914,12.998000,118.000,16.450000,0.893000,130.031468,4108,270,0,116,232,2052,9,0
38.328006,4.092000,118.000,16.450000,0.893000,130.031846,4108,270,0,116,232,2052,9,0
38.340348,12.342000,118.000,16.450000,0.893000,130.028825,4102,270,0,116,232,2052,9,0
38.344259,3.911000,118.000,16.450000,0.893000,130.029305,4102,270,0,115,231,2050,9,0
38.357512,13.253000,118.000,16.450000,0.893000,130.026505,4096,270,0,115,231,2050,9,0
38.362300,4.788000,118.000,16.450000,0.893000,130.026986,4096,270,0,113,229,2046,9,0
38.374062,11.762000,118.000,16.450000,0.893000,130.027387,4096,270,0,112,228,2044,9,0
38.376767,2.705000,118.000,16.450000,0.893000,130.014585,4090,266,0,112,228,2044,9,0
38.390666,13.899000,118.000,16.450000,0.893000,130.010716,4083,266,0,110,228,2044,9,0
38.395347,4.681000,118.000,16.450000,0.893000,130.011197,4083,266,0,108,226,2040,9,0
38.407119,11.772000,118.000,16.450000,0.893000,130.000241,4080,263,0,107,225,2038,9,0
38.409930,2.811000,118.000,16.450000,0.893000,129.998296,4076,263,0,106,224,2036,9,0
38.423624,13.694000,118.000,16.450000,0.893000,130.087193,4123,266,0,120,236,2060,9,0
38.426195,2.571000,118.000,16.450000,0.893000,130.081311,4113,266,0,120,236,2060,9,0
38.440274,14.079000,118.000,16.450000,0.893000,130.081792,4113,266,0,120,236,2060,9,0
38.442869,2.595000,118.000,16.450000,0.893000,130.083920,4116,266,0,120,236,2060,9,0
38.456920,14.051000,118.000,16.450000,0.893000,130.084401,4116,266,0,120,236,2060,9,0
38.460156,3.236000,118.000,16.450000,0.893000,130.008767,4109,261,0,110,226,2040,9,0
38.473686,13.530000,118.000,16.450000,0.893000,129.997346,4089,261,0,110,226,2040,9,0
38.477058,3.372000,118.000,16.450000,0.893000,129.997819,4089,261,0,110,226,2040,9,0
38.490264,13.206000,118.000,16.450000,0.893000,129.998300,4089,261,0,110,226,2040,9,0
38.493640,3.376000,118.000,16.450000,0.893000,129.998780,4089,261,0,110,226,2040,9,0
38.507439,13.799000,118.000,16.450000,0.893000,129.999215,4089,261,0,110,226,2040,9,0
38.513934,6.495000,118.000,16.450000,0.893000,130.001367,4092,261,0,110,226,2040,9,0
38.518554,4.620000,118.000,16.450000,0.893000,130.001847,4092,261,0,110,226,2040,9,0
38.533073,14.519000,118.000,16.450000,0.893000,130.002328,4092,261,0,110,226,2040,9,0
38.535964,2.891000,118.000,16.450000,0.893000,130.002809,4092,261,0,110,226,2040,9,0
38.549614,13.650000,118.000,16.450000,0.893000,130.003182,4092,261,0,110,226,2040,9,0
38.551165,1.551000,118.000,16.450000,0.893000,130.003610,4092,261,0,110,226,2040,9,0
38.566162,14.997000,118.000,16.450000,0.893000,129.999696,4090,261,0,106,222,2032,9,0
38.567669,1.507000,118.000,16.450000,0.893000,130.000176,4090,261,0,106,222,2032,9,0
38.582712,15.043000,118.000,16.450000,0.893000,130.000642,4090,261,0,106,222,2032,9,0
38.584416,1.704000,118.000,16.450000,0.893000,129.985040,4082,257,0,106,222,2032,9,0
38.599853,15.437000,118.000,16.450000,0.893000,129.974294,4062,257,0,106,222,2032,9,1
38.601566,1.713000,118.000,16.450000,0.893000,129.974774,4062,257,0,105,222,2032,9,1
38.616584,15.018000,118.000,16.450000,0.893000,129.977223,4065,257,0,105,222,2032,9,1
38.620841,4.257000,118.000,16.450000,0.893000,129.977704,4065,257,0,105,222,2032,9,1
38.632753,11.912000,118.000,16.450000,0.893000,129.978795,4071,256,0,105,222,2032,9,0
38.634710,1.957000,118.000,16.450000,0.893000,129.982022,4076,256,0,107,222,2032,9,0
38.649179,14.469000,118.000,16.450000,0.893000,129.982457,4076,256,0,107,222,2032,9,0
38.651019,1.840000,118.000,16.450000,0.893000,129.982938,4076,256,0,106,222,2032,9,0
38.666058,15.039000,118.000,16.450000,0.893000,129.983418,4076,256,0,106,222,2032,9,0
38.669100,3.042000,118.000,16.450000,0.893000,129.983899,4076,256,0,107,222,2032,9,0
38.682830,13.730000,118.000,16.450000,0.893000,129.982659,4073,256,0,107,222,2032,9,0
38.686197,3.367000,118.000,16.450000,0.893000,129.983094,4073,256,0,106,222,2032,9,0
38.705364,19.167000,118.000,16.450000,0.893000,130.772229,4542,330,0,202,326,2240,9,0
38.715883,10.519000,118.000,16.450000,0.893000,130.756692,4535,325,0,201,325,2238,9,0
38.718775,2.892000,118.000,16.450000,0.893000,130.751626,4525,325,0,201,325,2238,9,0
38.732423,13.648000,118.000,16.450000,0.893000,130.752107,4525,325,0,201,325,2238,9,0
38.734440,2.017000,118.000,16.450000,0.893000,130.566316,4501,313,0,177,297,2182,9,0
38.749105,14.665000,118.000,16.450000,0.893000,130.522691,4425,313,0,177,297,2182,9,0
38.750789,1.684000,118.000,16.450000,0.893000,130.523171,4425,313,0,177,297,2182,9,0
38.765716,14.927000,118.000,16.450000,0.893000,130.523911,4425,313,0,177,297,2182,9,0
38.767416,1.700000,118.000,16.450000,0.893000,130.524392,4425,313,0,177,297,2182,9,0
38.782263,14.847000,118.000,16.450000,0.893000,130.526525,4428,313,0,177,297,2182,9,0
38.783894,1.631000,118.000,16.450000,0.893000,130.527005,4428,313,0,177,297,2182,9,0
38.798897,15.003000,118.000,16.450000,0.893000,130.527486,4428,313,0,176,296,2180,9,0
38.800590,1.693000,118.000,16.450000,0.893000,130.527966,4428,313,0,176,296,2180,9,0
38.815590,15.000000,118.000,16.450000,0.893000,130.528401,4428,313,0,176,296,2180,9,0
38.817470,1.880000,118.000,16.450000,0.893000,130.528836,4428,313,0,176,296,2180,9,0
38.832602,15.132000,118.000,16.450000,0.893000,130.528420,4427,313,0,176,296,2180,9,0
38.836109,3.507000,118.000,16.450000,0.893000,130.528901,4427,313,0,140,260,2108,9,0
38.848843,12.734000,118.000,16.450000,0.893000,130.527688,4424,313,0,140,260,2108,9,0
38.851691,2.848000,118.000,16.450000,0.893000,130.523759,4422,313,0,140,260,2108,9,0
38.865716,14.025000,118.000,16.450000,0.893000,130.376885,4350,277,0,140,260,2108,9,0
38.868037,2.321000,118.000,16.450000,0.893000,130.271348,4170,277,0,140,260,2108,9,0
38.882639,14.602000,118.000,16.450000,0.893000,130.271829,4170,277,0,140,260,2108,9,0
38.885323,2.684000,118.000,16.450000,0.893000,130.272309,4170,277,0,139,259,2106,9,0
38.899443,14.120000,118.000,16.450000,0.893000,130.262345,4165,274,0,139,259,2106,9,0
38.902426,2.983000,118.000,16.450000,0.893000,130.259133,4159,274,0,139,259,2106,9,0
38.915989,13.563000,118.000,16.450000,0.893000,130.274671,4169,278,0,139,259,2106,9,0
38.919757,3.768000,118.000,16.450000,0.893000,130.272336,4163,278,0,141,261,2110,9,0
38.932914,13.157000,118.000,16.450000,0.893000,130.272813,4163,278,0,140,260,2108,9,0
38.935898,2.984000,118.000,16.450000,0.893000,130.273293,4163,278,0,140,260,2108,9,0
38.949581,13.683000,118.000,16.450000,0.893000,130.273774,4163,278,0,138,258,2104,9,0
38.952433,2.852000,118.000,16.450000,0.893000,130.274255,4163,278,0,137,257,2102,9,0
38.966365,13.932000,118.000,16.450000,0.893000,130.261437,4157,274,0,137,257,2102,9,0
38.969461,3.096000,118.000,16.450000,0.893000,130.257569,4150,274,0,137,257,2102,9,0
38.983044,13.583000,118.000,16.450000,0.893000,130.258050,4150,274,0,136,255,2098,9,0
38.985897,2.853000,118.000,16.450000,0.893000,130.247094,4147,271,0,134,254,2096,9,0
38.999084,13.187000,118.000,16.450000,0.893000,130.245133,4143,271,0,133,253,2094,9,0
39.003398,4.314000,118.000,16.450000,0.893000,130.359674,4203,276,0,148,268,2124,9,0
39.015939,12.541000,118.000,16.450000,0.893000,130.352151,4190,276,0,148,268,2124,9,0
39.018612,2.673000,118.000,16.450000,0.893000,130.352632,4190,276,0,148,268,2124,9,0
39.032689,14.077000,118.000,16.450000,0.893000,130.353112,4190,276,0,148,268,2124,9,0
39.035446,2.757000,118.000,16.450000,0.893000,130.353593,4190,276,0,148,268,2124,9,0
39.049047,13.601000,118.000,16.450000,0.893000,130.292306,4182,272,0,140,260,2108,9,0
39.052644,3.597000,118.000,16.450000,0.893000,130.283265,4166,272,0,140,260,2108,9,0
39.065909,13.265000,118.000,16.450000,0.893000,130.282105,4163,272,0,140,260,2108,9,0
39.069249,3.340000,118.000,16.450000,0.893000,130.282586,4163,272,0,140,260,2108,9,0
39.082907,13.658000,118.000,16.450000,0.893000,130.283067,4163,272,0,140,260,2108,9,0
39.085613,2.706000,118.000,16.450000,0.893000,130.283547,4163,272,0,140,260,2108,9,0
39.099199,13.586000,118.000,16.450000,0.893000,130.284028,4163,272,0,140,260,2108,9,0
39.102881,3.682000,118.000,16.450000,0.893000,130.284509,4163,272,0,140,260,2108,9,0
39.116231,13.350000,118.000,16.450000,0.893000,130.284989,4163,272,0,140,260,2108,9,0
39.119069,2.838000,118.000,16.450000,0.893000,130.285470,4163,272,0,140,260,2108,9,0
39.133167,14.098000,118.000,16.450000,0.893000,130.287599,4166,272,0,140,260,2108,9,0
39.136130,2.963000,118.000,16.450000,0.893000,130.288079,4166,272,0,140,260,2108,9,0
39.149396,13.266000,118.000,16.450000,0.893000,130.290124,4169,272,0,135,255,2098,9,0
39.153406,4.010000,118.000,16.450000,0.893000,130.286195,4167,272,0,135,255,2098,9,0
39.166403,12.997000,118.000,16.450000,0.893000,130.288327,4170,272,0,135,255,2098,9,0
39.168211,1.808000,118.000,16.450000,0.893000,130.268285,4160,267,0,135,255,2098,9,0
39.182979,14.768000,118.000,16.450000,0.893000,130.254003,4135,267,0,135,255,2098,9,0
39.184706,1.727000,118.000,16.450000,0.893000,130.254483,4135,267,0,134,255,2098,9,0
39.199871,15.165000,118.000,16.450000,0.893000,130.254964,4135,267,0,134,255,2098,9,0
39.204250,4.379000,118.000,16.450000,0.893000,130.255445,4135,267,0,133,255,2098,9,0
39.215697,11.447000,118.000,16.450000,0.893000,130.259198,4141,267,0,133,255,2098,9,0
39.217726,2.029000,118.000,16.450000,0.893000,130.265683,4151,267,0,134,255,2098,9,0
39.232951,15.225000,118.000,16.450000,0.893000,130.266126,4151,267,0,134,255,2098,9,0
39.234957,2.006000,118.000,16.450000,0.893000,130.181058,4115,243,0,133,255,2098,9,0
39.249423,14.466000,118.000,16.450000,0.893000,130.162526,4079,243,0,133,255,2098,9,0
39.253457,4.034000,118.000,16.450000,0.893000,130.163007,4079,243,0,134,255,2098,9,0
39.265645,12.188000,118.000,16.450000,0.893000,130.163487,4079,243,0,134,255,2098,9,0
39.267780,2.135000,119.000,18.687000,0.891000,130.163968,4079,243,0,134,255,2098,9,0
39.282554,14.774000,119.000,18.687000,0.891000,130.640653,4414,296,0,194,321,2230,9,0
39.285706,3.152000,119.000,18.687000,0.891000,130.641133,4414,296,0,194,321,2230,9,0
39.299098,13.392000,119.000,18.687000,0.891000,130.641614,4414,296,0,194,321,2230,9,0
39.303297,4.199000,119.000,18.687000,0.891000,130.642095,4414,296,0,194,321,2230,9,0
39.315679,12.382000,119.000,18.687000,0.891000,130.672204,4445,300,0,198,325,2238,9,0
39.318918,3.239000,119.000,18.687000,0.891000,130.258073,4373,274,0,146,265,2118,9,0
39.332524,13.606000,119.000,18.687000,0.891000,130.196450,4269,274,0,146,265,2118,9,0
39.335191,2.667000,119.000,18.687000,0.891000,130.196931,4269,274,0,146,265,2118,9,0
39.349402,14.211000,119.000,18.687000,0.891000,130.070100,4219,234,0,146,265,2118,9,0
39.352649,3.247000,119.000,18.687000,0.891000,130.038415,4169,234,0,136,245,2078,9,0
39.366070,13.421000,119.000,18.687000,0.891000,130.037255,4166,234,0,136,245,2078,9,0
39.368851,2.781000,119.000,18.687000,0.891000,130.037690,4166,234,0,136,245,2078,9,0
39.382886,14.035000,119.000,18.687000,0.891000,130.036530,4163,234,0,136,245,2078,9,0
39.385879,2.993000,119.000,18.687000,0.891000,130.037011,4163,234,0,136,245,2078,9,0
39.399205,13.326000,119.000,18.687000,0.891000,130.035851,4160,234,0,136,245,2078,9,0
39.401004,1.799000,119.000,18.687000,0.891000,130.036332,4160,234,0,136,245,2078,9,0
39.416203,15.199000,119.000,18.687000,0.891000,130.034165,4156,234,0,136,245,2078,9,0
39.419672,3.469000,119.000,18.687000,0.891000,130.030236,4154,234,0,106,215,2018,9,0
39.432707,13.035000,119.000,18.687000,0.891000,130.030717,4154,234,0,106,215,2018,9,0
39.436240,3.533000,119.000,18.687000,0.891000,130.031198,4154,234,0,106,215,2018,9,0
39.449051,12.811000,119.000,18.687000,0.891000,129.904881,4088,204,0,106,215,2018,9,0
39.450614,1.563000,119.000,18.687000,0.891000,129.817014,3938,204,0,103,211,2010,9,0
39.465811,15.197000,119.000,18.687000,0.891000,129.817494,3938,204,0,103,211,2010,9,0
39.467924,2.113000,119.000,18.687000,0.891000,129.817975,3938,204,0,103,211,2010,9,0
39.482516,14.592000,119.000,18.687000,0.891000,129.803052,3933,200,0,103,211,2010,9,0
39.484384,1.868000,119.000,18.687000,0.891000,129.791753,3913,200,0,102,211,2010,9,0
39.499550,15.166000,119.000,18.687000,0.891000,129.792089,3913,200,0,102,211,2010,9,0
39.504341,4.791000,119.000,18.687000,0.891000,129.789021,3907,200,0,101,211,2010,9,0
39.516019,11.678000,119.000,18.687000,0.891000,129.789502,3907,200,0,100,210,2008,9,0
39.519022,3.003000,119.000,18.687000,0.891000,129.789983,3907,200,0,101,210,2008,9,0
39.532712,13.690000,119.000,18.687000,0.891000,129.800576,3917,202,0,99,208,2004,9,0
39.536845,4.133000,119.000,18.687000,0.891000,129.801789,3917,202,0,99,208,2004,9,0
39.549369,12.524000,119.000,18.687000,0.891000,129.787488,3908,198,0,99,208,2004,9,0
39.552049,2.680000,119.000,18.687000,0.891000,129.783620,3901,198,0,98,208,2004,9,0
39.566053,14.004000,119.000,18.687000,0.891000,129.784101,3901,198,0,96,206,2000,9,0
39.568699,2.646000,119.000,18.687000,0.891000,129.773145,3898,195,0,96,205,1998,9,0
39.582658,13.959000,119.000,18.687000,0.891000,129.755963,3887,190,0,95,204,1996,9,0
39.586904,4.246000,119.000,18.687000,0.891000,129.879785,3944,200,0,111,219,2026,9,0
39.599418,12.514000,119.000,18.687000,0.891000,129.880219,3944,200,0,111,219,2026,9,0
39.602310,2.892000,119.000,18.687000,0.891000,129.880700,3944,200,0,111,219,2026,9,0
39.616107,13.797000,119.000,18.687000,0.891000,129.881150,3944,200,0,111,219,2026,9,0
39.620342,4.235000,119.000,18.687000,0.891000,129.881631,3944,200,0,111,219,2026,9,0
39.632761,12.419000,119.000,18.687000,0.891000,129.804593,3934,195,0,101,209,2006,9,0
39.635440,2.679000,119.000,18.687000,0.891000,129.793172,3914,195,0,101,209,2006,9,0
39.649479,14.039000,119.000,18.687000,0.891000,129.793607,3914,195,0,101,209,2006,9,0
39.654244,4.765000,119.000,18.687000,0.891000,129.794087,3914,195,0,101,209,2006,9,0
39.665906,11.662000,119.000,18.687000,0.891000,129.794568,3914,195,0,101,209,2006,9,0
39.668831,2.925000,119.000,18.687000,0.891000,129.795049,3914,195,0,101,209,2006,9,0
39.682772,13.941000,119.000,18.687000,0.891000,129.795529,3914,195,0,101,209,2006,9,0
39.686055,3.283000,119.000,18.687000,0.891000,129.796010,3914,195,0,101,209,2006,9,0
39.699471,13.416000,119.000,18.687000,0.891000,129.797097,3914,195,0,101,209,2006,9,1
39.701086,1.615000,119.000,18.687000,0.891000,129.797578,3914,195,0,101,209,2006,9,1
39.716148,15.062000,119.000,18.687000,0.891000,129.796727,3911,195,0,101,209,2006,9,1
39.717647,1.499000,119.000,18.687000,0.891000,129.797208,3911,195,0,101,209,2006,9,1
39.732765,15.118000,119.000,18.687000,0.891000,129.797280,3917,194,0,96,204,1996,9,0
39.734397,1.632000,119.000,18.687000,0.891000,129.790093,3910,194,0,96,204,1996,9,0
39.749272,14.875000,119.000,18.687000,0.891000,129.790574,3910,194,0,96,204,1996,9,0
39.751177,1.905000,119.000,18.687000,0.891000,129.770532,3900,189,0,96,204,1996,9,0
39.766082,14.905000,119.000,18.687000,0.891000,129.739465,3870,188,0,94,202,1992,9,0
39.767960,1.878000,119.000,18.687000,0.891000,129.737565,3866,188,0,94,202,1992,9,0
39.782530,14.570000,119.000,18.687000,0.891000,129.738000,3866,188,0,94,202,1992,9,0
39.784254,1.724000,119.000,18.687000,0.891000,129.738435,3866,188,0,94,202,1992,9,0
39.799694,15.440000,119.000,18.687000,0.891000,129.738915,3866,188,0,94,202,1992,9,0
39.804324,4.630000,119.000,18.687000,0.891000,129.745400,3876,188,0,94,202,1992,9,0
39.815820,11.496000,119.000,18.687000,0.891000,129.745881,3876,188,0,94,202,1992,9,0
39.818611,2.791000,119.000,18.687000,0.891000,129.746316,3876,188,0,94,202,1992,9,0
39.833049,14.438000,119.000,18.687000,0.891000,129.746812,3876,188,0,94,202,1992,9,0
39.836214,3.165000,119.000,18.687000,0.891000,129.747293,3876,188,0,93,202,1992,9,0
39.849372,13.158000,119.000,18.687000,0.891000,129.749421,3879,188,0,93,202,1992,9,0
39.852830,3.458000,119.000,18.687000,0.891000,129.749902,3879,188,0,94,202,1992,9,0
39.870619,17.789000,119.000,18.687000,0.891000,130.514588,4313,257,0,185,302,2192,9,0
39.882318,11.699000,119.000,18.687000,0.891000,130.515069,4313,257,0,185,302,2192,9,0
39.885718,3.400000,119.000,18.687000,0.891000,130.515550,4313,257,0,185,302,2192,9,0
39.899080,13.362000,119.000,18.687000,0.891000,130.516030,4313,257,0,184,301,2190,9,0
39.901849,2.769000,119.000,18.687000,0.891000,130.397382,4328,252,0,169,280,2148,9,0
39.915485,13.636000,119.000,18.687000,0.891000,130.361875,4266,252,0,169,280,2148,9,0
39.918697,3.212000,119.000,18.687000,0.891000,130.362355,4266,252,0,169,280,2148,9,0
39.932455,13.758000,119.000,18.687000,0.891000,130.362836,4266,252,0,169,280,2148,9,0
39.935245,2.790000,119.000,18.687000,0.891000,130.363317,4266,252,0,169,280,2148,9,0
39.949622,14.377000,119.000,18.687000,0.891000,130.363797,4266,252,0,169,280,2148,9,0
39.953864,4.242000,119.000,18.687000,0.891000,130.364278,4266,252,0,169,280,2148,9,0
39.965975,12.111000,119.000,18.687000,0.891000,130.364758,4266,252,0,169,280,2148,9,0
39.969048,3.073000,119.000,18.687000,0.891000,130.365239,4266,252,0,169,280,2148,9,0
39.982514,13.466000,119.000,18.687000,0.891000,130.365720,4266,252,0,169,280,2148,9,0
39.984289,1.775000,119.000,18.687000,0.891000,130.366200,4266,252,0,168,279,2146,9,0
39.999059,14.770000,119.000,18.687000,0.891000,130.353288,4257,249,0,168,279,2146,9,0
40.000664,1.605000,119.000,18.687000,0.891000,130.350022,4251,249,0,138,249,2086,9,0
40.015643,14.979000,119.000,18.687000,0.891000,130.364335,4262,253,0,138,249,2086,9,0
40.018113,2.470000,119.000,18.687000,0.891000,130.365502,4262,253,0,140,251,2090,9,0
40.032391,14.278000,119.000,18.687000,0.891000,130.243932,4202,223,0,140,251,2090,9,0
40.035439,3.048000,119.000,18.687000,0.891000,130.156064,4052,223,0,140,251,2090,9,0
40.048968,13.529000,119.000,18.687000,0.891000,130.156545,4052,223,0,135,246,2080,9,0
40.052493,3.525000,119.000,18.687000,0.891000,130.157025,4052,223,0,135,246,2080,9,0
40.065500,13.007000,119.000,18.687000,0.891000,130.135236,4042,218,0,135,246,2080,9,0
40.067412,1.912000,119.000,18.687000,0.891000,130.120923,4017,218,0,135,246,2080,9,0
40.082172,14.760000,119.000,18.687000,0.891000,130.119599,4014,218,0,135,246,2080,9,0
40.085606,3.434000,119.000,18.687000,0.891000,130.116578,4008,218,0,134,246,2080,9,0
40.098823,13.217000,119.000,18.687000,0.891000,130.115434,4005,218,0,133,245,2078,9,0
40.101988,3.165000,119.000,18.687000,0.891000,130.115914,4005,218,0,134,245,2078,9,0
40.115572,13.584000,119.000,18.687000,0.891000,130.116395,4005,218,0,132,243,2074,9,0
40.119250,3.678000,119.000,18.687000,0.891000,130.116876,4005,218,0,130,242,2072,9,0
40.131965,12.715000,119.000,18.687000,0.891000,130.103997,3999,214,0,130,242,2072,9,0
40.134494,2.529000,119.000,18.687000,0.891000,130.100129,3992,214,0,132,242,2072,9,0
40.149036,14.542000,119.000,18.687000,0.891000,130.098969,3989,214,0,130,240,2068,9,0
40.152221,3.185000,119.000,18.687000,0.891000,130.088014,3986,211,0,128,239,2066,9,0
40.165947,13.726000,119.000,18.687000,0.891000,130.086068,3982,211,0,127,238,2064,9,0
40.169843,3.896000,119.000,18.687000,0.891000,130.175458,4029,214,0,140,250,2088,9,0
40.182197,12.354000,119.000,18.687000,0.891000,130.171227,4022,214,0,140,250,2088,9,0
40.184564,2.367000,119.000,18.687000,0.891000,130.171708,4022,214,0,140,250,2088,9,0
40.199380,14.816000,119.000,18.687000,0.891000,130.172189,4022,214,0,140,250,2088,9,0
40.202419,3.039000,119.000,18.687000,0.891000,130.172624,4022,214,0,140,250,2088,9,0
40.215549,13.130000,119.000,18.687000,0.891000,130.097211,4015,209,0,130,240,2068,9,0
40.217910,2.361000,119.000,18.687000,0.891000,130.085790,3995,209,0,130,240,2068,9,0
40.232328,14.418000,119.000,18.687000,0.891000,130.087892,3998,209,0,130,240,2068,9,0
40.234942,2.614000,119.000,18.687000,0.891000,130.088372,3998,209,0,130,240,2068,9,0
40.249275,14.333000,119.000,18.687000,0.891000,130.087213,3995,209,0,130,240,2068,9,0
40.252995,3.720000,119.000,18.687000,0.891000,130.087693,3995,209,0,130,240,2068,9,0
40.265622,12.627000,119.000,18.687000,0.891000,130.081376,3992,207,0,129,239,2066,9,0
40.267969,2.347000,119.000,17.146000,0.727000,130.079476,3988,207,0,129,239,2066,9,0
40.282230,14.261000,119.000,17.146000,0.727000,130.079957,3988,207,0,129,239,2066,9,0
40.284876,2.646000,119.000,17.146000,0.727000,130.080392,3988,207,0,129,239,2066,9,0
40.298733,13.857000,119.000,17.146000,0.727000,130.082517,3991,207,0,129,239,2066,9,0
40.301485,2.752000,119.000,17.146000,0.727000,130.082997,3991,207,0,129,239,2066,9,0
40.315447,13.962000,119.000,17.146000,0.727000,130.083405,3991,207,0,125,235,2058,9,0
40.318004,2.557000,119.000,17.146000,0.727000,130.079476,3989,207,0,125,235,2058,9,0
40.332100,14.096000,119.000,17.146000,0.727000,130.079957,3989,207,0,125,235,2058,9,0
40.334231,2.131000,119.000,17.146000,0.727000,130.063840,3981,203,0,125,235,2058,9,0
40.349707,15.476000,119.000,17.146000,0.727000,130.235047,4081,251,0,125,235,2058,9,0
40.351334,1.627000,119.000,17.146000,0.727000,130.244271,4081,251,0,137,259,2106,9,0
40.365766,14.432000,119.000,17.146000,0.727000,130.244763,4081,251,0,137,259,2106,9,0
40.367263,1.497000,119.000,17.146000,0.727000,130.245244,4081,251,0,137,259,2106,9,0
40.382382,15.119000,119.000,17.146000,0.727000,130.245725,4081,251,0,137,259,2106,9,0
40.384024,1.642000,119.000,17.146000,0.727000,130.252210,4091,251,0,137,259,2106,9,0
40.399273,15.249000,119.000,17.146000,0.727000,130.252690,4091,251,0,137,259,2106,9,0
40.402511,3.238000,119.000,17.146000,0.727000,130.253171,4091,251,0,137,259,2106,9,0
40.416247,13.736000,119.000,17.146000,0.727000,130.252179,4088,251,0,137,259,2106,9,0
40.419978,3.731000,119.000,17.146000,0.727000,130.252660,4088,251,0,137,259,2106,9,0
40.433321,13.343000,119.000,17.146000,0.727000,130.322606,4116,267,0,137,259,2106,11,4
40.436204,2.883000,119.000,17.146000,0.727000,130.325139,4116,267,0,142,271,2186,11,4
40.449211,13.007000,119.000,17.146000,0.727000,130.792981,4441,319,0,201,334,2312,11,0
40.451931,2.720000,119.000,17.146000,0.727000,130.793462,4441,319,0,201,334,2312,11,0
40.465754,13.823000,119.000,17.146000,0.727000,130.792302,4438,319,0,201,334,2312,11,0
40.468401,2.647000,119.000,17.146000,0.727000,130.792783,4438,319,0,201,334,2312,11,0
40.482291,13.890000,119.000,17.146000,0.727000,130.828530,4473,324,0,206,339,2322,11,0
40.486121,3.830000,119.000,17.146000,0.727000,130.396802,4394,297,0,152,277,2198,11,0
40.499051,12.930000,119.000,17.146000,0.727000,130.333104,4286,297,0,152,277,2198,11,0
40.501623,2.572000,119.000,17.146000,0.727000,130.333585,4286,297,0,152,277,2198,11,0
40.515261,13.638000,119.000,17.146000,0.727000,130.334065,4286,297,0,152,277,2198,11,0
40.517036,1.775000,119.000,17.146000,0.727000,130.334546,4286,297,0,152,277,2198,11,0
40.532277,15.241000,119.000,17.146000,0.727000,130.333386,4283,297,0,152,277,2198,11,0
40.533859,1.582000,119.000,17.146000,0.727000,130.333867,4283,297,0,152,277,2198,11,0
40.549092,15.233000,119.000,17.146000,0.727000,130.336156,4286,297,0,152,277,2198,11,0
40.550716,1.624000,119.000,17.146000,0.727000,130.336637,4286,297,0,152,277,2198,11,0
40.565722,15.006000,119.000,17.146000,0.727000,130.338769,4289,297,0,152,277,2198,11,0
40.567334,1.612000,119.000,17.146000,0.727000,130.339250,4289,297,0,152,277,2198,11,0
40.582361,15.027000,119.000,17.146000,0.727000,130.337228,4285,297,0,152,277,2198,11,0
40.583962,1.601000,119.000,17.146000,0.727000,130.337708,4285,297,0,123,248,2140,11,0
40.599487,15.525000,119.000,17.146000,0.727000,130.338136,4285,297,0,123,248,2140,11,0
40.603197,3.710000,119.000,17.146000,0.727000,130.334207,4283,297,0,123,248,2140,11,0
40.615805,12.608000,119.000,17.146000,0.727000,130.218453,4228,268,0,123,248,2140,11,0
40.617780,1.975000,119.000,17.146000,0.727000,130.133531,4083,268,0,118,243,2130,11,0
40.632522,14.742000,119.000,17.146000,0.727000,130.133965,4083,268,0,118,243,2130,11,0
40.635356,2.834000,119.000,17.146000,0.727000,130.134446,4083,268,0,118,243,2130,11,0
40.649248,13.892000,119.000,17.146000,0.727000,130.113465,4073,263,0,118,243,2130,11,0
40.651758,2.510000,119.000,17.146000,0.727000,130.099221,4048,263,0,117,243,2130,11,0
40.665736,13.978000,119.000,17.146000,0.727000,130.099565,4048,263,0,117,243,2130,11,0
40.668101,2.365000,119.000,17.146000,0.727000,130.096543,4042,263,0,118,243,2130,11,0
40.682856,14.755000,119.000,17.146000,0.727000,130.097024,4042,263,0,117,242,2128,11,0
40.684486,1.630000,119.000,17.146000,0.727000,130.097505,4042,263,0,116,242,2128,11,0
40.699188,14.702000,119.000,17.146000,0.727000,130.097795,4042,263,0,114,240,2124,11,0
40.700715,1.527000,119.000,17.146000,0.727000,130.098275,4042,263,0,114,239,2122,11,0
40.715878,15.163000,119.000,17.146000,0.727000,130.087346,4039,259,0,114,239,2122,11,0
40.717392,1.514000,119.000,17.146000,0.727000,130.083478,4032,259,0,113,239,2122,11,0
40.732512,15.120000,119.000,17.146000,0.727000,130.083940,4032,259,0,111,237,2118,11,0
40.734186,1.674000,119.000,17.146000,0.727000,130.072984,4029,256,0,111,236,2116,11,0
40.749108,14.922000,119.000,17.146000,0.727000,130.055818,4018,251,0,110,235,2114,11,0
40.752258,3.150000,119.000,17.146000,0.727000,130.154180,4062,259,0,122,247,2138,11,0
40.765846,13.588000,119.000,17.146000,0.727000,130.154660,4062,259,0,122,247,2138,11,0
40.767604,1.758000,119.000,17.146000,0.727000,130.155141,4062,259,0,122,247,2138,11,0
40.782340,14.736000,119.000,17.146000,0.727000,130.153981,4059,259,0,122,247,2138,11,0
40.784865,2.525000,119.000,17.146000,0.727000,130.154416,4059,259,0,122,247,2138,11,0
40.799227,14.362000,119.000,17.146000,0.727000,130.092095,4048,255,0,114,239,2122,11,1
40.801755,2.528000,119.000,17.146000,0.727000,130.083055,4032,255,0,114,239,2122,11,1
40.816027,14.272000,119.000,17.146000,0.727000,130.083844,4032,255,0,114,239,2122,11,1
40.819502,3.475000,119.000,17.146000,0.727000,130.084325,4032,255,0,114,239,2122,11,1
40.832941,13.439000,119.000,17.146000,0.727000,130.085896,4038,254,0,114,239,2122,11,0
40.836775,3.834000,119.000,17.146000,0.727000,130.083119,4033,254,0,115,239,2122,11,0
40.849125,12.350000,119.000,17.146000,0.727000,130.081960,4030,254,0,115,239,2122,11,0
40.852047,2.922000,119.000,17.146000,0.727000,130.082440,4030,254,0,115,239,2122,11,0
40.865986,13.939000,119.000,17.146000,0.727000,130.082906,4030,254,0,115,239,2122,11,0
40.868873,2.887000,119.000,17.146000,0.727000,130.083386,4030,254,0,115,239,2122,11,0
40.882715,13.842000,119.000,17.146000,0.727000,130.085519,4033,254,0,115,239,2122,11,0
40.885511,2.796000,119.000,17.146000,0.727000,130.085999,4033,254,0,115,239,2122,11,0
40.899793,14.282000,119.000,17.146000,0.727000,130.086274,4033,254,0,111,235,2114,11,0
40.902617,2.824000,119.000,17.146000,0.727000,130.082345,4031,254,0,111,235,2114,11,0
40.915441,12.824000,119.000,17.146000,0.727000,130.082826,4031,254,0,111,235,2114,11,0
40.917432,1.991000,119.000,17.146000,0.727000,130.067224,4023,250,0,111,235,2114,11,0
40.933042,15.610000,119.000,17.146000,0.727000,130.057538,4006,250,0,111,235,2114,11,0
40.934766,1.724000,119.000,17.146000,0.727000,130.058019,4006,250,0,110,235,2114,11,0
40.949636,14.870000,119.000,17.146000,0.727000,130.056851,4003,250,0,110,235,2114,11,0
40.951423,1.787000,119.000,17.146000,0.727000,130.057332,4003,250,0,109,235,2114,11,0
40.966056,14.633000,119.000,17.146000,0.727000,130.057813,4003,250,0,109,235,2114,11,0
40.967800,1.744000,119.000,17.146000,0.727000,130.064298,4013,250,0,110,235,2114,11,0
40.982951,15.151000,119.000,17.146000,0.727000,130.064836,4013,250,0,110,235,2114,11,0
40.984843,1.892000,119.000,17.146000,0.727000,130.065316,4013,250,0,110,235,2114,11,0
40.999283,14.440000,119.000,17.146000,0.727000,130.065782,4013,250,0,109,234,2112,11,0
41.001231,1.948000,119.000,17.146000,0.727000,130.066262,4013,250,0,108,234,2112,11,0
41.015701,14.470000,119.000,17.146000,0.727000,130.066743,4013,250,0,108,234,2112,11,0
41.018355,2.654000,119.000,17.146000,0.727000,130.067224,4013,250,0,109,234,2112,11,0
41.040895,22.540000,119.000,17.146000,0.727000,130.886460,4503,325,0,207,336,2316,11,0
41.045905,5.010000,119.000,17.146000,0.727000,130.886849,4503,325,0,207,336,2316,9,0
41.056674,10.769000,119.000,17.146000,0.727000,130.887330,4503,325,0,207,336,2316,9,0
41.060410,3.736000,119.000,17.146000,0.727000,130.887521,4503,325,0,207,336,2316,9,0
41.073628,13.218000,119.000,17.146000,0.727000,130.717778,4481,314,0,185,310,2264,9,0
41.075984,2.356000,119.000,17.146000,0.727000,130.680982,4417,314,0,185,310,2264,9,0
41.090502,14.518000,119.000,17.146000,0.727000,130.681462,4417,314,0,185,310,2264,9,0
41.095131,4.629000,119.000,17.146000,0.727000,130.671052,4412,311,0,184,309,2262,9,0
41.106839,11.708000,119.000,17.146000,0.727000,130.667840,4406,311,0,184,309,2262,9,0
41.109203,2.364000,119.000,17.146000,0.727000,130.681844,4413,315,0,184,309,2262,9,0
41.123501,14.298000,119.000,17.146000,0.727000,130.683011,4413,315,0,186,311,2266,9,0
41.125895,2.394000,119.000,17.146000,0.727000,130.684682,4413,315,0,184,309,2262,9,2
41.140160,14.265000,119.000,17.146000,0.727000,130.677766,4409,313,0,184,309,2262,9,2
41.142699,2.539000,119.000,17.146000,0.727000,130.674134,4401,313,0,184,309,2262,9,2
41.156878,14.179000,119.000,17.146000,0.727000,130.674615,4401,313,0,184,309,2262,9,2
41.159609,2.731000,119.000,17.146000,0.727000,130.672593,4406,311,0,184,309,2262,9,0
41.173547,13.938000,119.000,17.146000,0.727000,130.666551,4396,311,0,150,273,2190,9,0
41.176001,2.454000,119.000,17.146000,0.727000,130.662621,4394,311,0,150,273,2190,9,0
41.190241,14.240000,119.000,17.146000,0.727000,130.663102,4394,311,0,150,273,2190,9,0
41.194162,3.921000,119.000,17.146000,0.727000,130.516500,4322,275,0,150,273,2190,9,0
41.206906,12.744000,119.000,17.146000,0.727000,130.410962,4142,275,0,151,273,2190,9,0
41.210776,3.870000,119.000,17.146000,0.727000,130.411443,4142,275,0,151,273,2190,9,0
41.223954,13.178000,119.000,17.146000,0.727000,130.411923,4142,275,0,151,273,2190,9,0
41.227988,4.034000,119.000,17.146000,0.727000,130.412404,4142,275,0,151,273,2190,9,0
41.240177,12.189000,119.000,17.146000,0.727000,130.412885,4142,275,0,151,273,2190,9,0
41.253678,13.501000,119.000,17.146000,0.727000,130.414815,4145,275,0,151,273,2190,9,0
41.265574,11.896000,119.000,17.146000,0.727000,130.413434,4142,275,0,151,273,2190,9,0
41.267025,1.451000,118.000,22.090000,1.091000,130.413915,4142,275,0,150,272,2188,9,0
41.282759,15.734000,118.000,22.090000,1.091000,130.414403,4142,275,0,149,271,2186,9,0
41.285502,2.743000,118.000,22.090000,1.091000,130.414884,4142,275,0,147,270,2184,9,0
41.299022,13.520000,118.000,22.090000,1.091000,130.403714,4139,271,0,146,269,2182,9,0
41.300526,1.504000,118.000,22.090000,1.091000,130.399846,4132,271,0,147,269,2182,9,0
41.315719,15.193000,118.000,22.090000,1.091000,130.401978,4135,271,0,145,267,2178,9,0
41.317238,1.519000,118.000,22.090000,1.091000,130.391023,4132,268,0,142,266,2176,9,0
41.332361,15.123000,118.000,22.090000,1.091000,130.389058,4128,268,0,139,263,2170,9,0
41.334939,2.578000,118.000,22.090000,1.091000,130.478002,4175,271,0,152,275,2194,9,0
41.348986,14.047000,118.000,22.090000,1.091000,130.472119,4165,271,0,152,275,2194,9,0
41.350561,1.575000,118.000,22.090000,1.091000,130.472600,4165,271,0,152,275,2194,9,0
41.365715,15.154000,118.000,22.090000,1.091000,130.473172,4165,271,0,152,275,2194,9,0
41.367520,1.805000,118.000,22.090000,1.091000,130.473653,4165,271,0,152,275,2194,9,0
41.382295,14.775000,118.000,22.090000,1.091000,130.413911,4160,267,0,144,267,2178,9,0
41.384704,2.409000,118.000,22.090000,1.091000,130.404870,4144,267,0,144,267,2178,9,0
41.398875,14.171000,118.000,22.090000,1.091000,130.405332,4144,267,0,144,267,2178,9,0
41.401823,2.948000,118.000,22.090000,1.091000,130.405812,4144,267,0,144,267,2178,9,0
41.416048,14.225000,118.000,22.090000,1.091000,130.407952,4147,267,0,144,267,2178,9,0
41.419121,3.073000,118.000,22.090000,1.091000,130.408433,4147,267,0,142,265,2174,9,0
41.432102,12.981000,118.000,22.090000,1.091000,130.387486,4137,261,0,142,265,2174,9,0
41.435133,3.031000,118.000,22.090000,1.091000,130.380582,4125,261,0,142,265,2174,9,0
41.449128,13.995000,118.000,22.090000,1.091000,130.381063,4125,261,0,142,265,2174,9,0
41.452129,3.001000,118.000,22.090000,1.091000,130.381543,4125,261,0,142,265,2174,9,0
41.465559,13.430000,118.000,22.090000,1.091000,130.382024,4125,261,0,142,265,2174,9,0
41.468514,2.955000,118.000,22.090000,1.091000,130.382504,4125,261,0,142,265,2174,9,0
41.482159,13.645000,118.000,22.090000,1.091000,130.381291,4122,261,0,138,261,2166,9,0
41.484691,2.532000,118.000,22.090000,1.091000,130.375722,4117,261,0,138,261,2166,9,0
41.498762,14.071000,118.000,22.090000,1.091000,130.376203,4117,261,0,138,261,2166,9,0
41.501487,2.725000,118.000,22.090000,1.091000,130.359307,4109,257,0,138,261,2166,9,0
41.515722,14.235000,118.000,22.090000,1.091000,130.332562,4087,256,0,136,259,2162,9,0
41.518010,2.288000,118.000,22.090000,1.091000,130.330663,4083,256,0,136,259,2162,9,0
41.532893,14.883000,118.000,22.090000,1.091000,130.329457,4080,256,0,136,259,2162,9,0
41.536773,3.880000,118.000,22.090000,1.091000,130.329938,4080,256,0,135,259,2162,9,0
41.548657,11.884000,118.000,22.090000,1.091000,130.328778,4077,256,0,135,259,2162,9,0
41.550323,1.666000,118.000,22.090000,1.091000,130.335263,4087,256,0,135,259,2162,9,0
41.565982,15.659000,118.000,22.090000,1.091000,130.335744,4087,256,0,135,259,2162,9,0
41.568049,2.067000,118.000,22.090000,1.091000,130.336225,4087,256,0,136,259,2162,9,0
41.582873,14.824000,118.000,22.090000,1.091000,130.338353,4090,256,0,136,259,2162,9,0
41.585817,2.944000,118.000,22.090000,1.091000,130.338834,4090,256,0,136,259,2162,9,0
41.599004,13.187000,118.000,22.090000,1.091000,130.339307,4090,256,0,136,259,2162,9,0
41.600502,1.498000,118.000,22.090000,1.091000,130.339787,4090,256,0,136,259,2162,9,0
41.613274,12.772000,118.000,22.090000,1.091000,130.840001,4435,311,0,198,326,2296,9,0
41.623310,10.036000,118.000,22.090000,1.091000,130.840482,4435,311,0,198,326,2296,9,0
41.625832,2.522000,118.000,22.090000,1.091000,130.842568,4438,311,0,198,326,2296,9,0
41.640064,14.232000,118.000,22.090000,1.091000,130.843049,4438,311,0,199,326,2296,9,0
41.644502,4.438000,118.000,22.090000,1.091000,130.869840,4463,315,0,202,330,2304,9,0
41.657073,12.571000,118.000,22.090000,1.091000,130.455453,4391,289,0,150,268,2180,9,0
41.660462,3.389000,118.000,22.090000,1.091000,130.393998,4287,289,0,150,268,2180,9,0
41.673389,12.927000,118.000,22.090000,1.091000,130.394479,4287,289,0,150,268,2180,9,0
41.676524,3.135000,118.000,22.090000,1.091000,130.394959,4287,289,0,150,268,2180,9,0
41.690565,14.041000,118.000,22.090000,1.091000,130.333898,4269,275,0,147,264,2116,9,0
41.694788,4.223000,118.000,22.090000,1.091000,130.355969,4290,279,0,147,264,2116,9,0
41.707211,12.423000,118.000,22.090000,1.091000,130.357137,4290,279,0,149,266,2120,9,0
41.711930,4.719000,118.000,22.090000,1.091000,130.357572,4290,279,0,149,266,2120,9,0
41.723169,11.239000,118.000,22.090000,1.091000,130.358006,4290,279,0,150,266,2120,9,0
41.726374,3.205000,118.000,22.090000,1.091000,130.358487,4290,279,0,150,266,2120,9,0
41.740188,13.814000,118.000,22.090000,1.091000,130.358968,4290,279,0,150,266,2120,9,0
41.743341,3.153000,118.000,22.090000,1.091000,130.356946,4286,279,0,150,266,2120,9,0
41.756776,13.435000,118.000,22.090000,1.091000,130.357373,4286,279,0,118,235,2058,9,0
41.760812,4.036000,118.000,22.090000,1.091000,130.353444,4284,279,0,118,235,2058,9,0
41.773394,12.582000,118.000,22.090000,1.091000,130.353925,4284,279,0,118,235,2058,9,0
41.776585,3.191000,118.000,22.090000,1.091000,130.228272,4222,248,0,118,235,2058,9,0
41.790493,13.908000,118.000,22.090000,1.091000,130.137460,4067,248,0,115,231,2050,9,0
41.794141,3.648000,118.000,22.090000,1.091000,130.137849,4067,248,0,115,231,2050,9,0
41.806863,12.722000,118.000,22.090000,1.091000,130.138330,4067,248,0,115,231,2050,9,0
41.808934,2.071000,118.000,22.090000,1.091000,130.120099,4056,244,0,115,231,2050,9,0
41.823429,14.495000,118.000,22.090000,1.091000,130.108800,4036,244,0,114,231,2050,9,0
41.827320,3.891000,118.000,22.090000,1.091000,130.109128,4036,244,0,114,231,2050,9,0
41.840014,12.694000,118.000,22.090000,1.091000,130.106061,4030,244,0,115,231,2050,9,0
41.842486,2.472000,118.000,22.090000,1.091000,130.106542,4030,244,0,114,230,2048,9,0
41.856922,14.436000,118.000,22.090000,1.091000,130.107022,4030,244,0,114,230,2048,9,0
41.860529,3.607000,118.000,22.090000,1.091000,130.105878,4027,244,0,112,228,2044,9,0
41.873380,12.851000,118.000,22.090000,1.091000,130.106359,4027,244,0,110,227,2042,9,0
41.876034,2.654000,118.000,22.090000,1.091000,130.093480,4021,240,0,110,227,2042,9,0
41.890665,14.631000,118.000,22.090000,1.091000,130.089612,4014,240,0,111,227,2042,9,0
41.895119,4.454000,118.000,22.090000,1.091000,130.090699,4014,240,0,109,225,2038,9,1
41.906795,11.676000,118.000,22.090000,1.091000,130.079743,4011,237,0,108,224,2036,9,1
41.909281,2.486000,118.000,22.090000,1.091000,130.062901,4000,232,0,107,223,2034,9,1
41.923513,14.232000,118.000,22.090000,1.091000,130.186791,4057,242,0,122,238,2064,9,1
41.926661,3.148000,118.000,22.090000,1.091000,130.187856,4063,241,0,122,238,2064,9,0
41.940185,13.524000,118.000,22.090000,1.091000,130.185079,4058,241,0,123,238,2064,9,0
41.943120,2.935000,118.000,22.090000,1.091000,130.187226,4061,241,0,123,238,2064,9,0
41.957218,14.098000,118.000,22.090000,1.091000,130.187661,4061,241,0,123,238,2064,9,0
41.961899,4.681000,118.000,22.090000,1.091000,130.128026,4056,237,0,115,230,2048,9,0
41.973505,11.606000,118.000,22.090000,1.091000,130.118985,4040,237,0,115,230,2048,9,0
41.976550,3.045000,118.000,22.090000,1.091000,130.119466,4040,237,0,115,230,2048,9,0
41.990569,14.019000,118.000,22.090000,1.091000,130.119901,4040,237,0,115,230,2048,9,0
41.995296,4.727000,118.000,22.090000,1.091000,130.120381,4040,237,0,115,230,2048,9,0
42.006829,11.533000,118.000,22.090000,1.091000,130.118329,4036,237,0,115,230,2048,9,0
42.009844,3.015000,118.000,22.090000,1.091000,130.120481,4039,237,0,115,230,2048,9,0
42.023470,13.626000,118.000,22.090000,1.091000,130.120961,4039,237,0,115,230,2048,9,0
42.026651,3.181000,118.000,22.090000,1.091000,130.121396,4039,237,0,115,230,2048,9,0
42.040112,13.461000,118.000,22.090000,1.091000,130.121877,4039,237,0,115,230,2048,9,0
42.044840,4.728000,118.000,22.090000,1.091000,130.122357,4039,237,0,115,230,2048,9,0
42.056839,11.999000,118.000,22.090000,1.091000,130.122792,4039,237,0,115,230,2048,9,0
42.060036,3.197000,118.000,22.090000,1.091000,130.123235,4039,237,0,110,225,2038,9,0
42.073639,13.603000,118.000,22.090000,1.091000,130.119306,4037,237,0,110,225,2038,9,0
42.077011,3.372000,118.000,22.090000,1.091000,130.119786,4037,237,0,110,225,2038,9,0
42.090157,13.146000,118.000,22.090000,1.091000,130.099744,4027,232,0,110,225,2038,9,0
42.093458,3.301000,118.000,22.090000,1.091000,130.085420,4002,232,0,109,224,2036,9,0
42.106636,13.178000,118.000,22.090000,1.091000,130.085900,4002,232,0,109,224,2036,9,0
42.109851,3.215000,118.000,22.090000,1.091000,130.088056,4005,232,0,109,224,2036,9,0
42.123672,13.821000,118.000,22.090000,1.091000,130.088536,4005,232,0,109,224,2036,9,0
42.126989,3.317000,118.000,22.090000,1.091000,130.088983,4005,232,0,109,224,2036,9,0
42.140138,13.149000,118.000,22.090000,1.091000,130.095468,4015,232,0,109,224,2036,9,0
42.143814,3.676000,118.000,22.090000,1.091000,130.095948,4015,232,0,109,224,2036,9,0
42.156907,13.093000,118.000,22.090000,1.091000,130.096429,4015,232,0,109,224,2036,9,0
42.160230,3.323000,118.000,22.090000,1.091000,130.096910,4015,232,0,109,224,2036,9,0
42.173302,13.072000,118.000,22.090000,1.091000,130.097344,4015,232,0,109,224,2036,9,0
42.176584,3.282000,118.000,22.090000,1.091000,130.096185,4012,232,0,109,224,2036,9,0
42.190311,13.727000,118.000,22.090000,1.091000,130.096665,4012,232,0,108,223,2034,9,0
42.204605,14.294000,118.000,22.090000,1.091000,130.818631,4430,297,0,197,320,2228,9,0
42.215772,11.167000,118.000,22.090000,1.091000,130.830571,4434,301,0,197,320,2228,9,0
42.217445,1.673000,118.000,22.090000,1.091000,130.831738,4434,301,0,199,322,2232,9,0
42.232282,14.837000,118.000,22.090000,1.091000,130.832307,4434,301,0,199,322,2232,9,0
42.234144,1.862000,118.000,22.090000,1.091000,130.674981,4438,293,0,179,298,2184,9,0
42.248804,14.660000,118.000,22.090000,1.091000,130.634164,4367,293,0,179,298,2184,9,0
42.250850,2.046000,118.000,22.090000,1.091000,130.636567,4367,293,0,179,298,2184,9,0
42.265603,14.753000,118.000,22.090000,1.091000,130.637002,4367,293,0,179,298,2184,9,0
42.267263,1.660000,119.000,15.209000,0.669000,130.637483,4367,293,0,179,298,2184,9,0
42.282730,15.467000,119.000,15.209000,0.669000,130.641515,4373,293,0,179,298,2184,9,0
42.286415,3.685000,119.000,15.209000,0.669000,130.638333,4367,293,0,179,298,2184,9,0
42.298925,12.510000,119.000,15.209000,0.669000,130.638814,4367,293,0,179,298,2184,9,0
42.300730,1.805000,119.000,15.209000,0.669000,130.639295,4367,293,0,179,298,2184,9,0
42.315583,14.853000,119.000,15.209000,0.669000,130.639729,4367,293,0,179,298,2184,9,0
42.317502,1.919000,119.000,15.209000,0.669000,130.640210,4367,293,0,179,298,2184,9,0
42.332279,14.777000,119.000,15.209000,0.669000,130.639840,4366,293,0,179,298,2184,9,0
42.335040,2.761000,119.000,15.209000,0.669000,130.640321,4366,293,0,148,267,2122,9,0
42.349081,14.041000,119.000,15.209000,0.669000,130.639062,4363,293,0,148,267,2122,9,0
42.351918,2.837000,119.000,15.209000,0.669000,130.635133,4361,293,0,148,267,2122,9,0
42.365805,13.887000,119.000,15.209000,0.669000,130.509500,4299,262,0,148,267,2122,9,0
42.368915,3.110000,119.000,15.209000,0.669000,130.418687,4144,262,0,148,267,2122,9,0
42.383216,14.301000,119.000,15.209000,0.669000,130.420804,4147,262,0,144,263,2114,9,0
42.387357,4.141000,119.000,15.209000,0.669000,130.421285,4147,262,0,144,263,2114,9,0
42.398989,11.632000,119.000,15.209000,0.669000,130.404687,4139,258,0,144,263,2114,9,0
42.401928,2.939000,119.000,15.209000,0.669000,130.393388,4119,258,0,144,263,2114,9,0
42.416011,14.083000,119.000,15.209000,0.669000,130.393720,4119,258,0,144,263,2114,9,0
42.418391,2.380000,119.000,15.209000,0.669000,130.390698,4113,258,0,143,263,2114,9,0
42.432730,14.339000,119.000,15.209000,0.669000,130.391179,4113,258,0,142,262,2112,9,0
42.435649,2.919000,119.000,15.209000,0.669000,130.391614,4113,258,0,141,262,2112,9,0
42.449191,13.542000,119.000,15.209000,0.669000,130.392095,4113,258,0,139,260,2108,9,0
42.452601,3.410000,119.000,15.209000,0.669000,130.392575,4113,258,0,138,259,2106,9,0
42.466135,13.534000,119.000,15.209000,0.669000,130.381402,4110,254,0,138,259,2106,9,0
42.468875,2.740000,119.000,15.209000,0.669000,130.387136,4114,255,0,140,259,2106,9,0
42.482646,13.771000,119.000,15.209000,0.669000,130.385713,4111,255,0,139,258,2104,9,0
42.485315,2.669000,119.000,15.209000,0.669000,130.374757,4108,252,0,136,257,2102,9,0
42.499420,14.105000,119.000,15.209000,0.669000,130.372811,4104,252,0,136,256,2100,9,0
42.502994,3.574000,119.000,15.209000,0.669000,130.461778,4151,255,0,148,268,2124,9,0
42.516378,13.384000,119.000,15.209000,0.669000,130.454255,4138,255,0,148,268,2124,9,0
42.519071,2.693000,119.000,15.209000,0.669000,130.454736,4138,255,0,148,268,2124,9,0
42.532995,13.924000,119.000,15.209000,0.669000,130.455232,4138,255,0,148,268,2124,9,0
42.536003,3.008000,119.000,15.209000,0.669000,130.455712,4138,255,0,148,268,2124,9,0
42.549715,13.712000,119.000,15.209000,0.669000,130.378583,4128,250,0,138,258,2104,9,0
42.552856,3.141000,119.000,15.209000,0.669000,130.367162,4108,250,0,138,258,2104,9,0
42.566260,13.404000,119.000,15.209000,0.669000,130.366002,4105,250,0,138,258,2104,9,0
42.569458,3.198000,119.000,15.209000,0.669000,130.366437,4105,250,0,138,258,2104,9,0
42.583029,13.571000,119.000,15.209000,0.669000,130.366918,4105,250,0,138,258,2104,9,0
42.586041,3.012000,119.000,15.209000,0.669000,130.367398,4105,250,0,138,258,2104,9,0
42.599853,13.812000,119.000,15.209000,0.669000,130.367879,4105,250,0,138,258,2104,9,0
42.603839,3.986000,119.000,15.209000,0.669000,130.368360,4105,250,0,138,258,2104,9,0
42.616270,12.431000,119.000,15.209000,0.669000,130.367185,4102,250,0,138,258,2104,9,0
42.618055,1.785000,119.000,15.209000,0.669000,130.367620,4102,250,0,138,258,2104,9,0
42.632986,14.931000,119.000,15.209000,0.669000,130.368100,4102,250,0,138,258,2104,9,0
42.634784,1.798000,119.000,15.209000,0.669000,130.368581,4102,250,0,138,258,2104,9,0
42.649608,14.824000,119.000,15.209000,0.669000,130.370667,4105,250,0,134,254,2096,9,0
42.651431,1.823000,119.000,15.209000,0.669000,130.366738,4103,250,0,133,253,2094,9,0
42.666313,14.882000,119.000,15.209000,0.669000,130.368756,4106,250,0,133,253,2094,9,0
42.668404,2.091000,119.000,15.209000,0.669000,130.353154,4098,246,0,133,253,2094,9,0
42.682715,14.311000,119.000,15.209000,0.669000,130.341809,4078,246,0,133,253,2094,9,0
42.684659,1.944000,119.000,15.209000,0.669000,130.342290,4078,246,0,133,253,2094,9,0
42.699453,14.794000,119.000,15.209000,0.669000,130.341146,4075,246,0,133,253,2094,9,0
42.702117,2.664000,119.000,15.209000,0.669000,130.341626,4075,246,0,133,253,2094,9,0
42.715996,13.879000,119.000,15.209000,0.669000,130.343766,4078,246,0,133,253,2094,9,0
42.718009,2.013000,119.000,15.209000,0.669000,130.350251,4088,246,0,132,253,2094,9,0
42.732597,14.588000,119.000,15.209000,0.669000,130.350713,4088,246,0,132,253,2094,9,0
42.736787,4.190000,119.000,15.209000,0.669000,130.351193,4088,246,0,133,253,2094,9,0
42.749432,12.645000,119.000,15.209000,0.669000,130.351689,4088,246,0,133,253,2094,9,0
42.752315,2.883000,119.000,15.209000,0.669000,130.352170,4088,246,0,132,253,2094,9,0
42.766171,13.856000,119.000,15.209000,0.669000,130.352620,4088,246,0,132,253,2094,9,0
42.770530,4.359000,119.000,15.209000,0.669000,130.353101,4088,246,0,133,253,2094,9,0
42.787394,16.864000,119.000,15.209000,0.669000,130.912374,4482,307,0,203,329,2246,9,0
42.799071,11.677000,119.000,15.209000,0.669000,130.912854,4482,307,0,203,329,2246,9,0
42.802616,3.545000,119.000,15.209000,0.669000,130.913335,4482,307,0,203,329,2246,9,0
42.815680,13.064000,119.000,15.209000,0.669000,130.915483,4485,307,0,203,329,2246,9,0
42.817756,2.076000,119.000,15.209000,0.669000,130.528420,4435,282,0,153,271,2130,9,0
42.832218,14.462000,119.000,15.209000,0.669000,130.450013,4300,282,0,153,271,2130,9,0
42.835701,3.483000,119.000,15.209000,0.669000,130.450494,4300,282,0,152,270,2128,9,0
42.849362,13.661000,119.000,15.209000,0.669000,130.447785,4295,282,0,152,270,2128,9,0
42.852740,3.378000,119.000,15.209000,0.669000,130.448266,4295,282,0,152,270,2128,9,0
42.866155,13.415000,119.000,15.209000,0.669000,130.448701,4295,282,0,152,270,2128,9,0
42.869684,3.529000,119.000,15.209000,0.669000,130.449182,4295,282,0,152,270,2128,9,0
42.882112,12.428000,119.000,15.209000,0.669000,130.448022,4292,282,0,152,270,2128,9,0
42.884132,2.020000,119.000,15.209000,0.669000,130.448503,4292,282,0,152,270,2128,9,0
42.898710,14.578000,119.000,15.209000,0.669000,130.447343,4289,282,0,152,270,2128,9,0
42.900642,1.932000,119.000,15.209000,0.669000,130.447778,4289,282,0,152,270,2128,9,0
42.915597,14.955000,119.000,15.209000,0.669000,130.445756,4285,282,0,152,270,2128,9,0
42.918335,2.738000,119.000,15.209000,0.669000,130.446237,4285,282,0,116,234,2056,9,0
42.932253,13.918000,119.000,15.209000,0.669000,130.446664,4285,282,0,116,234,2056,9,0
42.934782,2.529000,119.000,15.209000,0.669000,130.442735,4283,282,0,116,234,2056,9,0
42.948680,13.898000,119.000,15.209000,0.669000,130.294232,4208,246,0,116,234,2056,9,0
42.951467,2.787000,119.000,15.209000,0.669000,130.188649,4028,246,0,116,234,2056,9,0
42.965547,14.080000,119.000,15.209000,0.669000,130.189130,4028,246,0,116,234,2056,9,0
42.968252,2.705000,119.000,15.209000,0.669000,130.189610,4028,246,0,116,234,2056,9,0
42.983340,15.088000,119.000,15.209000,0.669000,130.191743,4031,246,0,116,234,2056,9,0
42.987297,3.957000,119.000,15.209000,0.669000,130.192178,4031,246,0,116,234,2056,9,0
42.999337,12.040000,119.000,15.209000,0.669000,130.193166,4031,246,0,116,234,2056,9,1
43.002083,2.746000,119.000,15.209000,0.669000,130.190145,4025,246,0,115,234,2056,9,1
43.015734,13.651000,119.000,15.209000,0.669000,130.190934,4025,246,0,114,233,2054,9,1
43.019124,3.390000,119.000,15.209000,0.669000,130.191415,4025,246,0,114,233,2054,9,1
43.032372,13.248000,119.000,15.209000,0.669000,130.194188,4034,245,0,112,231,2050,9,0
43.034870,2.498000,119.000,15.209000,0.669000,130.189771,4026,245,0,112,230,2048,9,0
43.049333,14.463000,119.000,15.209000,0.669000,130.176900,4020,241,0,112,230,2048,9,0
43.052207,2.874000,119.000,15.209000,0.669000,130.173032,4013,241,0,112,230,2048,9,0
43.065621,13.414000,119.000,15.209000,0.669000,130.173512,4013,241,0,110,228,2044,9,0
43.067984,2.363000,119.000,15.209000,0.669000,130.162557,4010,238,0,109,227,2042,9,0
43.082281,14.297000,119.000,15.209000,0.669000,130.160611,4006,238,0,108,226,2040,9,0
43.085064,2.783000,119.000,15.209000,0.669000,130.249486,4053,241,0,121,238,2064,9,0
43.098793,13.729000,119.000,15.209000,0.669000,130.243680,4043,241,0,121,238,2064,9,0
43.101387,2.594000,119.000,15.209000,0.669000,130.244161,4043,241,0,121,238,2064,9,0
43.115638,14.251000,119.000,15.209000,0.669000,130.244641,4043,241,0,121,238,2064,9,0
43.119800,4.162000,119.000,15.209000,0.669000,130.245122,4043,241,0,121,238,2064,9,0
43.132232,12.432000,119.000,15.209000,0.669000,130.183686,4035,237,0,113,230,2048,9,0
43.134564,2.332000,119.000,15.209000,0.669000,130.174645,4019,237,0,113,230,2048,9,0
43.149213,14.649000,119.000,15.209000,0.669000,130.175126,4019,237,0,113,230,2048,9,0
43.152824,3.611000,119.000,15.209000,0.669000,130.175607,4019,237,0,113,230,2048,9,0
43.165554,12.730000,119.000,15.209000,0.669000,130.176087,4019,237,0,113,230,2048,9,0
43.167880,2.326000,119.000,15.209000,0.669000,130.176568,4019,237,0,113,230,2048,9,0
43.182650,14.770000,119.000,15.209000,0.669000,130.177003,4019,237,0,113,230,2048,9,0
43.185810,3.160000,119.000,15.209000,0.669000,130.177438,4019,237,0,113,230,2048,9,0
43.198900,13.090000,119.000,15.209000,0.669000,130.177873,4019,237,0,112,229,2046,9,0
43.200729,1.829000,119.000,15.209000,0.669000,130.178285,4019,237,0,112,229,2046,9,0
43.215946,15.217000,119.000,15.209000,0.669000,130.177125,4016,237,0,112,229,2046,9,0
43.219533,3.587000,119.000,15.209000,0.669000,130.177606,4016,237,0,112,229,2046,9,0
43.232288,12.755000,119.000,15.209000,0.669000,130.178033,4016,237,0,108,225,2038,9,0
43.233534,1.246000,119.000,15.209000,0.669000,130.174104,4014,237,0,108,225,2038,9,0
43.248722,15.188000,119.000,15.209000,0.669000,130.174600,4014,237,0,108,225,2038,9,0
43.250301,1.579000,119.000,15.209000,0.669000,130.158998,4006,233,0,108,225,2038,9,0
43.265511,15.210000,119.000,15.209000,0.669000,130.130612,3981,232,0,106,223,2034,9,0
43.268817,3.306000,119.000,16.344000,0.796000,130.128713,3977,232,0,105,223,2034,9,0
43.282571,13.754000,119.000,16.344000,0.796000,130.129193,3977,232,0,105,223,2034,9,0
43.286065,3.494000,119.000,16.344000,0.796000,130.129674,3977,232,0,104,222,2032,9,0
43.298827,12.762000,119.000,16.344000,0.796000,130.119695,3972,229,0,105,222,2032,9,0
43.300557,1.730000,119.000,16.344000,0.796000,130.122487,3976,229,0,105,222,2032,9,0
43.316142,15.585000,119.000,16.344000,0.796000,130.138120,3986,233,0,105,222,2032,9,0
43.319691,3.549000,119.000,16.344000,0.796000,130.139287,3986,233,0,106,224,2036,9,0
43.332253,12.562000,119.000,16.344000,0.796000,130.139764,3986,233,0,106,224,2036,9,0
43.334463,2.210000,119.000,16.344000,0.796000,130.140244,3986,233,0,106,224,2036,9,0
43.348575,14.112000,119.000,16.344000,0.796000,130.142385,3989,233,0,106,224,2036,9,0
43.351043,2.468000,119.000,16.344000,0.796000,130.142865,3989,233,0,106,224,2036,9,0
43.363624,12.581000,119.000,16.344000,0.796000,130.768750,4374,262,0,196,323,2234,9,0
43.373188,9.564000,119.000,16.344000,0.796000,130.737065,4324,262,0,187,303,2194,9,0
43.376943,3.755000,119.000,16.344000,0.796000,130.737546,4324,262,0,187,303,2194,9,0
43.390566,13.623000,119.000,16.344000,0.796000,130.738027,4324,262,0,187,303,2194,9,0
43.394486,3.920000,119.000,16.344000,0.796000,130.766469,4352,266,0,191,307,2202,9,0
43.406768,12.282000,119.000,16.344000,0.796000,130.569123,4308,254,0,167,277,2142,9,0
43.410011,3.243000,119.000,16.344000,0.796000,130.542665,4263,254,0,167,277,2142,9,0
43.423482,13.471000,119.000,16.344000,0.796000,130.543145,4263,254,0,167,277,2142,9,0
43.426755,3.273000,119.000,16.344000,0.796000,130.543626,4263,254,0,167,277,2142,9,0
43.440160,13.405000,119.000,16.344000,0.796000,130.544106,4263,254,0,167,277,2142,9,0
43.443507,3.347000,119.000,16.344000,0.796000,130.544541,4263,254,0,167,277,2142,9,0
43.456533,13.026000,119.000,16.344000,0.796000,130.545022,4263,254,0,167,277,2142,9,0
43.459928,3.395000,119.000,16.344000,0.796000,130.547151,4266,254,0,167,277,2142,9,0
43.473373,13.445000,119.000,16.344000,0.796000,130.547631,4266,254,0,167,277,2142,9,0
43.476846,3.473000,119.000,16.344000,0.796000,130.548112,4266,254,0,167,277,2142,9,0
43.490161,13.315000,119.000,16.344000,0.796000,130.548593,4266,254,0,167,277,2142,9,0
43.493688,3.527000,119.000,16.344000,0.796000,130.546571,4262,254,0,167,277,2142,9,0
43.506640,12.952000,119.000,16.344000,0.796000,130.546998,4262,254,0,136,246,2080,9,0
43.510005,3.365000,119.000,16.344000,0.796000,130.544690,4263,254,0,136,246,2080,9,0
43.523550,13.545000,119.000,16.344000,0.796000,130.545171,4263,254,0,136,246,2080,9,0
43.527115,3.565000,119.000,16.344000,0.796000,130.419347,4201,223,0,136,246,2080,9,0
43.539956,12.841000,119.000,16.344000,0.796000,130.328534,4046,223,0,132,242,2072,9,0
43.543364,3.408000,119.000,16.344000,0.796000,130.330674,4049,223,0,132,242,2072,9,0
43.556822,13.458000,119.000,16.344000,0.796000,130.331155,4049,223,0,132,242,2072,9,0
43.560341,3.519000,119.000,16.344000,0.796000,130.315228,4041,219,0,132,242,2072,9,0
43.573748,13.407000,119.000,16.344000,0.796000,130.303929,4021,219,0,132,242,2072,9,0
43.577343,3.595000,119.000,16.344000,0.796000,130.302648,4018,219,0,132,242,2072,9,0
43.590342,12.999000,119.000,16.344000,0.796000,130.299626,4012,219,0,132,242,2072,9,0
43.593264,2.922000,119.000,16.344000,0.796000,130.298467,4009,219,0,131,241,2070,9,0
43.607331,14.067000,119.000,16.344000,0.796000,130.298947,4009,219,0,131,241,2070,9,0
43.611714,4.383000,119.000,16.344000,0.796000,130.299428,4009,219,0,129,239,2066,9,0
43.623085,11.371000,119.000,16.344000,0.796000,130.299909,4009,219,0,127,238,2064,9,0
43.626005,2.920000,119.000,16.344000,0.796000,130.287076,4003,215,0,127,238,2064,9,0
43.640163,14.158000,119.000,16.344000,0.796000,130.283208,3996,215,0,128,238,2064,9,0
43.642831,2.668000,119.000,16.344000,0.796000,130.282048,3993,215,0,126,236,2060,9,0
43.656781,13.950000,119.000,16.344000,0.796000,130.271092,3990,212,0,125,235,2058,9,0
43.659133,2.352000,119.000,16.344000,0.796000,130.253926,3979,207,0,124,234,2056,9,0
43.673488,14.355000,119.000,16.344000,0.796000,130.377370,4036,217,0,139,249,2086,9,0
43.676094,2.606000,119.000,16.344000,0.796000,130.379457,4039,217,0,139,249,2086,9,0
43.690197,14.103000,119.000,16.344000,0.796000,130.379937,4039,217,0,139,249,2086,9,0
43.692735,2.538000,119.000,16.344000,0.796000,130.378778,4036,217,0,139,249,2086,9,0
43.706947,14.212000,119.000,16.344000,0.796000,130.379258,4036,217,0,139,249,2086,9,0
43.710527,3.580000,119.000,16.344000,0.796000,130.318040,4028,213,0,131,241,2070,9,0
43.723636,13.109000,119.000,16.344000,0.796000,130.308999,4012,213,0,131,241,2070,9,0
43.727196,3.560000,119.000,16.344000,0.796000,130.311128,4015,213,0,131,241,2070,9,0
43.740649,13.453000,119.000,16.344000,0.796000,130.311608,4015,213,0,131,241,2070,9,0
43.746520,5.871000,119.000,16.344000,0.796000,130.310441,4012,213,0,131,241,2070,9,0
43.757091,10.571000,119.000,16.344000,0.796000,130.310876,4012,213,0,131,241,2070,9,0
43.760713,3.622000,119.000,16.344000,0.796000,130.311357,4012,213,0,131,241,2070,9,0
43.773682,12.969000,119.000,16.344000,0.796000,130.311837,4012,213,0,131,241,2070,9,0
43.777413,3.731000,119.000,16.344000,0.796000,130.310678,4009,213,0,131,241,2070,9,0
43.790317,12.904000,119.000,16.344000,0.796000,130.311158,4009,213,0,131,241,2070,9,0
43.793888,3.571000,119.000,16.344000,0.796000,130.311654,4009,213,0,131,241,2070,9,0
43.807377,13.489000,119.000,16.344000,0.796000,130.312135,4009,213,0,131,241,2070,9,0
43.811429,4.052000,119.000,16.344000,0.796000,130.312562,4009,213,0,126,236,2060,9,0
43.824018,12.589000,119.000,16.344000,0.796000,130.308633,4007,213,0,126,236,2060,9,0
43.827829,3.811000,119.000,16.344000,0.796000,130.309114,4007,213,0,126,236,2060,9,0
43.840196,12.367000,119.000,16.344000,0.796000,130.289071,3997,208,0,126,236,2060,9,0
43.843353,3.157000,119.000,16.344000,0.796000,130.274804,3972,208,0,126,236,2060,9,0
43.857448,14.095000,119.000,16.344000,0.796000,130.275285,3972,208,0,125,236,2060,9,0
43.860048,2.600000,119.000,16.344000,0.796000,130.275750,3972,208,0,125,236,2060,9,0
43.874043,13.995000,119.000,16.344000,0.796000,130.276231,3972,208,0,124,236,2060,9,0
43.878569,4.526000,119.000,16.344000,0.796000,130.276727,3972,208,0,124,236,2060,9,0
43.890528,11.959000,119.000,16.344000,0.796000,130.283212,3982,208,0,126,236,2060,9,0
43.893315,2.787000,119.000,16.344000,0.796000,130.283692,3982,208,0,126,236,2060,9,0
43.906693,13.378000,119.000,16.344000,0.796000,130.284173,3982,208,0,125,236,2060,9,0
43.909979,3.286000,119.000,16.344000,0.796000,130.283013,3979,208,0,125,236,2060,9,0
43.923653,13.674000,119.000,16.344000,0.796000,130.265698,3972,203,0,124,235,2058,9,0
43.926533,2.880000,119.000,16.344000,0.796000,130.260587,3962,203,0,124,235,2058,9,0
43.940676,14.143000,119.000,16.344000,0.796000,130.261067,3962,203,0,125,235,2058,9,0
43.955977,15.301000,119.000,16.344000,0.796000,130.784638,4344,262,0,190,307,2202,9,0
43.959391,3.414000,119.000,16.344000,0.796000,130.785211,4344,262,0,190,307,2202,9,0
43.973945,14.554000,119.000,16.344000,0.796000,130.784051,4341,262,0,190,307,2202,9,0
43.978560,4.615000,119.000,16.344000,0.796000,130.784532,4341,262,0,190,307,2202,9,0
43.990181,11.621000,119.000,16.344000,0.796000,130.382089,4289,236,0,138,247,2082,9,0
43.993413,3.232000,119.000,16.344000,0.796000,130.309587,4165,236,0,138,247,2082,9,0
44.007197,13.784000,119.000,16.344000,0.796000,130.310067,4165,236,0,138,247,2082,9,0
44.011979,4.782000,119.000,16.344000,0.796000,130.310548,4165,236,0,138,247,2082,9,0
44.023648,11.669000,119.000,16.344000,0.796000,130.311028,4165,236,0,138,247,2082,9,0
44.027179,3.531000,119.000,16.344000,0.796000,130.311509,4165,236,0,138,247,2082,9,0
44.040558,13.379000,119.000,16.344000,0.796000,130.311990,4165,236,0,138,247,2082,9,0
44.044700,4.142000,119.000,16.344000,0.796000,130.314141,4168,236,0,138,247,2082,9,0
44.056922,12.222000,119.000,16.344000,0.796000,130.314542,4168,236,0,138,247,2082,9,0
44.060585,3.663000,119.000,16.344000,0.796000,130.316674,4171,236,0,138,247,2082,9,0
44.073202,12.617000,119.000,16.344000,0.796000,130.317155,4171,236,0,139,247,2082,9,0
44.075892,2.690000,119.000,16.344000,0.796000,130.315133,4167,236,0,139,247,2082,9,0
44.090458,14.566000,119.000,16.344000,0.796000,130.315560,4167,236,0,103,211,2010,9,0
44.093021,2.563000,119.000,16.344000,0.796000,130.312238,4165,236,0,103,211,2010,9,1
44.107293,14.272000,119.000,16.344000,0.796000,130.312718,4165,236,0,103,211,2010,9,1
44.111938,4.645000,119.000,16.344000,0.796000,130.165368,4096,200,0,103,211,2010,9,1
44.123562,11.624000,119.000,16.344000,0.796000,130.059831,3916,200,0,103,211,2010,9,1
44.126799,3.237000,119.000,16.344000,0.796000,130.060403,3922,199,0,103,211,2010,9,0
44.140273,13.474000,119.000,16.344000,0.796000,130.057626,3917,199,0,103,211,2010,9,0
44.142862,2.589000,119.000,16.344000,0.796000,130.058106,3917,199,0,103,211,2010,9,0
44.156867,14.005000,119.000,16.344000,0.796000,130.058587,3917,199,0,103,211,2010,9,0
44.159472,2.605000,119.000,16.344000,0.796000,130.058923,3917,199,0,103,211,2010,9,0
44.173504,14.032000,119.000,16.344000,0.796000,130.055902,3911,199,0,103,211,2010,9,0
44.177014,3.510000,119.000,16.344000,0.796000,130.056382,3911,199,0,102,210,2008,9,0
44.190519,13.505000,119.000,16.344000,0.796000,130.056863,3911,199,0,101,210,2008,9,0
44.196170,5.651000,119.000,16.344000,0.796000,130.057343,3911,199,0,99,208,2004,9,0
44.206853,10.683000,119.000,16.344000,0.796000,130.057778,3911,199,0,98,207,2002,9,0
44.209903,3.050000,119.000,16.344000,0.796000,130.046620,3908,195,0,98,207,2002,9,0
44.223476,13.573000,119.000,16.344000,0.796000,130.042752,3901,195,0,98,207,2002,9,0
44.226529,3.053000,119.000,16.344000,0.796000,130.043199,3901,195,0,96,205,1998,9,0
44.239835,13.306000,119.000,16.344000,0.796000,130.032243,3898,192,0,96,204,1996,9,0
44.242608,2.773000,119.000,16.344000,0.796000,130.030297,3894,192,0,95,203,1994,9,0
44.256823,14.215000,119.000,16.344000,0.796000,130.119306,3941,195,0,107,215,2018,9,0
44.258979,2.156000,119.000,16.344000,0.796000,130.113423,3931,195,0,107,215,2018,9,0
44.273411,14.432000,119.000,16.344000,0.796000,130.113904,3931,195,0,107,215,2018,9,0
44.275549,2.138000,120.000,14.942000,0.685000,130.112744,3928,195,0,107,215,2018,9,0
44.290126,14.577000,120.000,14.942000,0.685000,130.113225,3928,195,0,107,215,2018,9,0
44.292432,2.306000,120.000,14.942000,0.685000,130.034455,3915,190,0,96,204,1996,9,0
44.307192,14.760000,120.000,14.942000,0.685000,130.023034,3895,190,0,96,204,1996,9,0
44.311461,4.269000,120.000,14.942000,0.685000,130.023530,3895,190,0,96,204,1996,9,0
44.323558,12.097000,120.000,14.942000,0.685000,130.024011,3895,190,0,96,204,1996,9,0
44.327722,4.164000,120.000,14.942000,0.685000,130.045663,3916,194,0,96,204,1996,9,0
44.340007,12.285000,120.000,14.942000,0.685000,130.046830,3916,194,0,98,206,2000,9,0
44.342863,2.856000,120.000,14.942000,0.685000,130.045606,3913,194,0,98,206,2000,9,0
44.356807,13.944000,120.000,14.942000,0.685000,130.046086,3913,194,0,98,206,2000,9,0
44.360300,3.493000,120.000,14.942000,0.685000,130.230447,4033,242,0,98,206,2000,9,0
44.373502,13.202000,120.000,14.942000,0.685000,130.239591,4033,242,0,111,230,2048,9,0
44.376646,3.144000,120.000,14.942000,0.685000,130.241719,4036,242,0,111,230,2048,9,0
44.390073,13.427000,120.000,14.942000,0.685000,130.242146,4036,242,0,110,229,2046,9,0
44.394510,4.437000,120.000,14.942000,0.685000,130.227696,4029,239,0,106,225,2038,9,0
44.406712,12.202000,120.000,14.942000,0.685000,130.224439,4023,239,0,106,225,2038,9,0
44.409832,3.120000,120.000,14.942000,0.685000,130.240190,4033,243,0,106,225,2038,9,0
44.423722,13.890000,120.000,14.942000,0.685000,130.224828,4025,239,0,107,227,2042,9,0
44.427807,4.085000,120.000,14.942000,0.685000,130.199716,4006,238,0,105,225,2038,9,0
44.440115,12.308000,120.000,14.942000,0.685000,130.197816,4002,238,0,105,225,2038,9,0
44.443216,3.101000,120.000,14.942000,0.685000,130.196637,3999,238,0,105,225,2038,9,0
44.457219,14.003000,120.000,14.942000,0.685000,130.197118,3999,238,0,104,225,2038,9,0
44.462830,5.611000,120.000,14.942000,0.685000,130.197614,3999,238,0,104,225,2038,9,0
44.473487,10.657000,120.000,14.942000,0.685000,130.204053,4009,238,0,104,225,2038,9,0
44.475520,2.033000,120.000,14.942000,0.685000,130.204534,4009,238,0,104,225,2038,9,0
44.490558,15.038000,120.000,14.942000,0.685000,130.204968,4009,238,0,104,225,2038,9,0
44.495001,4.443000,120.000,14.942000,0.685000,130.205449,4009,238,0,104,225,2038,9,0
44.506700,11.699000,120.000,14.942000,0.685000,130.205983,4009,238,0,105,225,2038,9,0
44.511387,4.687000,120.000,14.942000,0.685000,130.206380,4009,238,0,105,225,2038,9,0
44.523418,12.031000,120.000,14.942000,0.685000,130.206861,4009,238,0,105,225,2038,9,0
44.536998,13.580000,120.000,14.942000,0.685000,131.035611,4493,314,0,205,333,2254,9,0
44.548744,11.746000,120.000,14.942000,0.685000,131.037759,4496,314,0,205,333,2254,9,0
44.550680,1.936000,120.000,14.942000,0.685000,131.038239,4496,314,0,205,333,2254,9,0
44.565934,15.254000,120.000,14.942000,0.685000,131.038674,4496,314,0,205,333,2254,9,0
44.569734,3.800000,120.000,14.942000,0.685000,130.883809,4476,304,0,185,307,2202,9,0
44.582194,12.460000,120.000,14.942000,0.685000,130.846631,4411,304,0,185,307,2202,9,0
44.584785,2.591000,120.000,14.942000,0.685000,130.847112,4411,304,0,185,307,2202,9,0
44.599270,14.485000,120.000,14.942000,0.685000,130.847592,4411,304,0,185,307,2202,9,0
44.602692,3.422000,120.000,14.942000,0.685000,130.848027,4411,304,0,185,307,2202,9,0
44.615582,12.890000,120.000,14.942000,0.685000,130.846868,4408,304,0,185,307,2202,9,0
44.618254,2.672000,120.000,14.942000,0.685000,130.847348,4408,304,0,185,307,2202,9,0
44.632377,14.123000,120.000,14.942000,0.685000,130.849488,4411,304,0,185,307,2202,9,0
44.635074,2.697000,120.000,14.942000,0.685000,130.849969,4411,304,0,185,307,2202,9,0
44.649028,13.954000,120.000,14.942000,0.685000,130.847898,4407,304,0,185,307,2202,9,0
44.652709,3.681000,120.000,14.942000,0.685000,130.848378,4407,304,0,185,307,2202,9,0
44.665641,12.932000,120.000,14.942000,0.685000,130.844716,4400,304,0,185,307,2202,9,0
44.668624,2.983000,120.000,14.942000,0.685000,130.845197,4400,304,0,149,271,2130,9,0
44.682781,14.157000,120.000,14.942000,0.685000,130.845624,4400,304,0,149,271,2130,9,0
44.686465,3.684000,120.000,14.942000,0.685000,130.841695,4398,304,0,149,271,2130,9,0
44.698875,12.410000,120.000,14.942000,0.685000,130.693513,4326,268,0,149,271,2130,9,0
44.702466,3.591000,120.000,14.942000,0.685000,130.587976,4146,268,0,149,271,2130,9,0
44.715442,12.976000,120.000,14.942000,0.685000,130.588456,4146,268,0,149,271,2130,9,0
44.718536,3.094000,120.000,14.942000,0.685000,130.588937,4146,268,0,149,271,2130,9,0
44.732254,13.718000,120.000,14.942000,0.685000,130.589417,4146,268,0,149,271,2130,9,0
44.734902,2.648000,120.000,14.942000,0.685000,130.589898,4146,268,0,149,271,2130,9,0
44.749120,14.218000,120.000,14.942000,0.685000,130.591924,4149,268,0,149,271,2130,9,0
44.751582,2.462000,120.000,14.942000,0.685000,130.588857,4143,268,0,149,271,2130,9,0
44.765490,13.908000,120.000,14.942000,0.685000,130.590978,4146,268,0,148,270,2128,9,0
44.768494,3.004000,120.000,14.942000,0.685000,130.589772,4143,268,0,148,270,2128,9,0
44.782746,14.252000,120.000,14.942000,0.685000,130.590234,4143,268,0,146,268,2124,9,0
44.787172,4.426000,120.000,14.942000,0.685000,130.590714,4143,268,0,144,267,2122,9,0
44.799067,11.895000,120.000,14.942000,0.685000,130.577897,4137,264,0,144,267,2122,9,0
44.801292,2.225000,120.000,14.942000,0.685000,130.574029,4130,264,0,145,267,2122,9,0
44.815942,14.650000,120.000,14.942000,0.685000,130.576169,4133,264,0,143,265,2118,9,0
44.818356,2.414000,120.000,14.942000,0.685000,130.565213,4130,261,0,141,264,2116,9,0
44.832930,14.574000,120.000,14.942000,0.685000,130.563340,4126,261,0,140,263,2114,9,0
44.838212,5.282000,120.000,14.942000,0.685000,130.678208,4186,266,0,156,278,2144,9,0
44.849008,10.796000,120.000,14.942000,0.685000,130.672326,4176,266,0,156,278,2144,9,0
44.851850,2.842000,120.000,14.942000,0.685000,130.672807,4176,266,0,156,278,2144,9,0
44.865681,13.831000,120.000,14.942000,0.685000,130.671601,4173,266,0,156,278,2144,9,0
44.869280,3.599000,120.000,14.942000,0.685000,130.672082,4173,266,0,156,278,2144,9,0
44.882719,13.439000,120.000,14.942000,0.685000,130.610681,4165,262,0,148,270,2128,9,0
44.885559,2.840000,120.000,14.942000,0.685000,130.601640,4149,262,0,148,270,2128,9,0
44.898988,13.429000,120.000,14.942000,0.685000,130.602120,4149,262,0,148,270,2128,9,0
44.902538,3.550000,120.000,14.942000,0.685000,130.602601,4149,262,0,148,270,2128,9,0
44.915981,13.443000,120.000,14.942000,0.685000,130.604749,4152,262,0,148,270,2128,9,0
44.917758,1.777000,120.000,14.942000,0.685000,130.605229,4152,262,0,148,270,2128,9,0
44.932501,14.743000,120.000,14.942000,0.685000,130.605710,4152,262,0,148,270,2128,9,0
44.934573,2.072000,120.000,14.942000,0.685000,130.606191,4152,262,0,148,270,2128,9,0
44.949161,14.588000,120.000,14.942000,0.685000,130.606671,4152,262,0,148,270,2128,9,0
44.951038,1.877000,120.000,14.942000,0.685000,130.607152,4152,262,0,148,270,2128,9,0
44.965768,14.730000,120.000,14.942000,0.685000,130.607617,4152,262,0,148,270,2128,9,0
44.967548,1.780000,120.000,14.942000,0.685000,130.608098,4152,262,0,148,270,2128,9,0
44.982228,14.680000,120.000,14.942000,0.685000,130.606938,4149,262,0,143,265,2118,9,0
44.983765,1.537000,120.000,14.942000,0.685000,130.602956,4147,262,0,143,265,2118,9,0
44.999511,15.746000,120.000,14.942000,0.685000,130.601796,4144,262,0,143,265,2118,9,0
45.003031,3.520000,120.000,14.942000,0.685000,130.581307,4134,257,0,143,265,2118,9,0
45.015887,12.856000,120.000,14.942000,0.685000,130.567044,4109,257,0,143,265,2118,9,0
45.017768,1.881000,120.000,14.942000,0.685000,130.567525,4109,257,0,143,265,2118,9,0
45.032429,14.661000,120.000,14.942000,0.685000,130.568021,4109,257,0,143,265,2118,9,0
45.035241,2.812000,120.000,14.942000,0.685000,130.568501,4109,257,0,142,265,2118,9,0
45.049309,14.068000,120.000,14.942000,0.685000,130.567235,4106,257,0,142,265,2118,9,0
45.051818,2.509000,120.000,14.942000,0.685000,130.573720,4116,257,0,143,265,2118,9,0
45.066027,14.209000,120.000,14.942000,0.685000,130.574185,4116,257,0,143,265,2118,9,0
45.068723,2.696000,120.000,14.942000,0.685000,130.574666,4116,257,0,143,265,2118,9,0
45.083089,14.366000,120.000,14.942000,0.685000,130.576795,4119,257,0,143,265,2118,9,0
45.086037,2.948000,120.000,14.942000,0.685000,130.579175,4122,257,0,143,265,2118,9,0
45.099645,13.608000,120.000,14.942000,0.685000,130.576032,4116,257,0,143,265,2118,9,0
45.102771,3.126000,120.000,14.942000,0.685000,130.576512,4116,257,0,143,265,2118,9,0
45.120828,18.057000,120.000,14.942000,0.685000,131.024831,4446,309,0,200,326,2240,9,0
45.132322,11.494000,120.000,14.942000,0.685000,131.026978,4449,309,0,200,326,2240,9,0
45.134025,1.703000,120.000,14.942000,0.685000,131.027459,4449,309,0,200,326,2240,9,0
45.148939,14.914000,120.000,14.942000,0.685000,131.027490,4446,309,0,200,326,2240,9,2
45.150982,2.043000,120.000,14.942000,0.685000,130.621228,4418,285,0,148,266,2120,9,2
45.165631,14.649000,120.000,14.942000,0.685000,130.544583,4286,285,0,148,266,2120,9,2
45.167432,1.801000,120.000,14.942000,0.685000,130.545064,4286,285,0,148,266,2120,9,2
45.182366,14.934000,120.000,14.942000,0.685000,130.547311,4298,283,0,148,266,2120,9,0
45.183909,1.543000,120.000,14.942000,0.685000,130.541322,4288,283,0,150,266,2120,9,0
45.198983,15.074000,120.000,14.942000,0.685000,130.542409,4288,283,0,150,266,2120,9,1
45.200688,1.705000,120.000,14.942000,0.685000,130.542890,4288,283,0,150,266,2120,9,1
45.215525,14.837000,120.000,14.942000,0.685000,130.543679,4288,283,0,150,266,2120,9,1
45.217277,1.752000,120.000,14.942000,0.685000,130.544160,4288,283,0,150,266,2120,9,1
45.232365,15.088000,120.000,14.942000,0.685000,130.545285,4294,282,0,150,266,2120,9,0
45.234172,1.807000,120.000,14.942000,0.685000,130.542508,4289,282,0,151,266,2120,9,0
45.248927,14.755000,120.000,14.942000,0.685000,130.540486,4285,282,0,151,266,2120,9,0
45.251353,2.426000,120.000,14.942000,0.685000,130.536504,4283,282,0,120,235,2058,9,0
45.265610,14.257000,120.000,14.942000,0.685000,130.536984,4283,282,0,120,235,2058,9,0
45.278653,13.043000,117.000,17.515000,0.792000,130.537419,4283,282,0,120,235,2058,9,0
45.290485,11.832000,117.000,17.515000,0.792000,130.411756,4221,251,0,120,235,2058,9,0
45.293588,3.103000,117.000,17.515000,0.792000,130.320943,4066,251,0,120,235,2058,9,0
45.306386,12.798000,117.000,17.515000,0.792000,130.321424,4066,251,0,116,231,2050,9,0
45.309112,2.726000,117.000,17.515000,0.792000,130.320264,4063,251,0,116,231,2050,9,0
45.323472,14.360000,117.000,17.515000,0.792000,130.304433,4055,247,0,116,231,2050,9,0
45.325713,2.241000,117.000,17.515000,0.792000,130.292981,4035,247,0,116,231,2050,9,0
45.340137,14.424000,117.000,17.515000,0.792000,130.294591,4035,247,0,114,231,2050,9,0
45.342281,2.144000,117.000,17.515000,0.792000,130.293172,4032,247,0,111,228,2044,9,0
45.356807,14.526000,117.000,17.515000,0.792000,130.292012,4029,247,0,110,228,2044,9,0
45.358953,2.146000,117.000,17.515000,0.792000,130.292508,4029,247,0,108,226,2040,9,0
45.373528,14.575000,117.000,17.515000,0.792000,130.292989,4029,247,0,109,225,2038,9,0
45.376111,2.583000,117.000,17.515000,0.792000,130.280171,4023,243,0,109,225,2038,9,0
45.390278,14.167000,117.000,17.515000,0.792000,130.276303,4016,243,0,107,225,2038,9,0
45.393044,2.766000,117.000,17.515000,0.792000,130.276769,4016,243,0,104,222,2032,9,0
45.407230,14.186000,117.000,17.515000,0.792000,130.265813,4013,240,0,104,221,2030,9,0
45.412267,5.037000,117.000,17.515000,0.792000,130.263837,4009,240,0,103,220,2028,9,0
45.418598,6.331000,117.000,17.515000,0.792000,130.378377,4069,245,0,119,235,2058,9,0
45.432294,13.696000,117.000,17.515000,0.792000,130.372495,4059,245,0,119,235,2058,9,0
45.435138,2.844000,117.000,17.515000,0.792000,130.372975,4059,245,0,117,233,2054,9,0
45.449165,14.027000,117.000,17.515000,0.792000,130.354142,4052,239,0,117,233,2054,9,0
45.453063,3.898000,117.000,17.515000,0.792000,130.347238,4040,239,0,118,233,2054,9,0
45.465481,12.418000,117.000,17.515000,0.792000,130.271859,4033,234,0,108,223,2034,9,0
45.468003,2.522000,117.000,17.515000,0.792000,130.260438,4013,234,0,108,223,2034,9,0
45.482271,14.268000,117.000,17.515000,0.792000,130.260934,4013,234,0,108,223,2034,9,0
45.484922,2.651000,117.000,17.515000,0.792000,130.261415,4013,234,0,107,222,2032,9,0
45.499144,14.222000,117.000,17.515000,0.792000,130.251378,4008,231,0,107,222,2032,9,0
45.503307,4.163000,117.000,17.515000,0.792000,130.248166,4002,231,0,107,222,2032,9,0
45.515526,12.219000,117.000,17.515000,0.792000,130.265542,4015,235,0,107,222,2032,9,0
45.516743,1.217000,117.000,17.515000,0.792000,130.266709,4015,235,0,107,223,2034,9,0
45.532166,15.423000,117.000,17.515000,0.792000,130.267186,4015,235,0,107,223,2034,9,0
45.533736,1.570000,117.000,17.515000,0.792000,130.267667,4015,235,0,107,223,2034,9,0
45.549293,15.557000,117.000,17.515000,0.792000,130.268147,4015,235,0,107,223,2034,9,0
45.552679,3.386000,117.000,17.515000,0.792000,130.268628,4015,235,0,107,223,2034,9,0
45.565416,12.737000,117.000,17.515000,0.792000,130.269055,4015,235,0,102,218,2024,9,0
45.566846,1.430000,117.000,17.515000,0.792000,130.265126,4013,235,0,102,218,2024,9,0
45.582229,15.383000,117.000,17.515000,0.792000,130.265607,4013,235,0,102,218,2024,9,0
45.583668,1.439000,117.000,17.515000,0.792000,130.245564,4003,230,0,102,218,2024,9,0
45.599117,15.449000,117.000,17.515000,0.792000,130.231229,3978,230,0,102,218,2024,9,0
45.601099,1.982000,117.000,17.515000,0.792000,130.231709,3978,230,0,101,218,2024,9,0
45.615640,14.541000,117.000,17.515000,0.792000,130.233850,3981,230,0,101,218,2024,9,0
45.617769,2.129000,117.000,17.515000,0.792000,130.234284,3981,230,0,102,218,2024,9,0
45.632467,14.698000,117.000,17.515000,0.792000,130.236394,3984,230,0,102,218,2024,9,0
45.635162,2.695000,117.000,17.515000,0.792000,130.242879,3994,230,0,102,218,2024,9,0
45.649252,14.090000,117.000,17.515000,0.792000,130.243352,3994,230,0,102,218,2024,9,0
45.652227,2.975000,117.000,17.515000,0.792000,130.243833,3994,230,0,102,218,2024,9,0
45.666193,13.966000,117.000,17.515000,0.792000,130.244313,3994,230,0,102,218,2024,9,0
45.670516,4.323000,117.000,17.515000,0.792000,130.244794,3994,230,0,101,218,2024,9,0
45.682643,12.127000,117.000,17.515000,0.792000,130.243634,3991,230,0,101,218,2024,9,0
45.685498,2.855000,117.000,17.515000,0.792000,130.244115,3991,230,0,102,218,2024,9,0
45.705087,19.589000,117.000,17.515000,0.792000,131.016110,4418,299,0,194,324,2236,9,0
45.715157,10.070000,117.000,17.515000,0.792000,131.018250,4421,299,0,194,324,2236,9,0
45.716831,1.674000,117.000,17.515000,0.792000,131.015542,4416,299,0,194,324,2236,9,0
45.732236,15.405000,117.000,17.515000,0.792000,131.016004,4416,299,0,194,324,2236,9,0
45.734228,1.992000,117.000,17.515000,0.792000,130.912366,4433,295,0,181,307,2202,9,0
45.748821,14.593000,117.000,17.515000,0.792000,130.875928,4369,295,0,181,307,2202,9,0
45.750385,1.564000,117.000,17.515000,0.792000,130.876409,4369,295,0,181,307,2202,9,0
45.765910,15.525000,117.000,17.515000,0.792000,130.876889,4369,295,0,181,307,2202,9,0
45.769239,3.329000,117.000,17.515000,0.792000,130.877324,4369,295,0,181,307,2202,9,0
45.782160,12.921000,117.000,17.515000,0.792000,130.879457,4372,295,0,181,307,2202,9,0
45.783790,1.630000,117.000,17.515000,0.792000,130.879891,4372,295,0,181,307,2202,9,0
45.799306,15.516000,117.000,17.515000,0.792000,130.880326,4372,295,0,181,307,2202,9,0
45.802986,3.680000,117.000,17.515000,0.792000,130.880807,4372,295,0,181,307,2202,9,0
45.815463,12.477000,117.000,17.515000,0.792000,130.881288,4372,295,0,181,307,2202,9,0
45.817254,1.791000,117.000,17.515000,0.792000,130.902345,4372,295,0,181,307,2202,9,0
45.832350,15.096000,117.000,17.515000,0.792000,131.704453,4371,295,0,181,307,2202,9,0
45.835015,2.665000,117.000,17.515000,0.792000,131.704888,4371,295,0,152,278,2144,9,0
45.848935,13.920000,117.000,17.515000,0.792000,131.703675,4368,295,0,152,278,2144,9,0
45.851761,2.826000,117.000,17.515000,0.792000,131.699746,4366,295,0,152,278,2144,9,0
45.865656,13.895000,117.000,17.515000,0.792000,131.580640,4305,266,0,152,278,2144,9,0
45.868087,2.431000,117.000,17.515000,0.792000,131.495717,4160,266,0,152,278,2144,9,0
45.882132,14.045000,117.000,17.515000,0.792000,131.496198,4160,266,0,147,273,2134,9,0
45.885130,2.998000,117.000,17.515000,0.792000,131.482312,4154,262,0,147,273,2134,9,0
45.899173,14.043000,117.000,17.515000,0.792000,131.457555,4138,257,0,147,273,2134,9,0
45.902230,3.057000,117.000,17.515000,0.792000,131.443311,4113,257,0,147,273,2134,9,0
45.915712,13.482000,117.000,17.515000,0.792000,131.443650,4113,257,0,147,273,2134,9,0
45.920410,4.698000,117.000,17.515000,0.792000,131.440629,4107,257,0,145,273,2134,9,0
45.932067,11.657000,117.000,17.515000,0.792000,131.441049,4107,257,0,144,272,2132,9,0
45.935047,2.980000,117.000,17.515000,0.792000,131.439889,4104,257,0,145,272,2132,9,0
45.948799,13.752000,117.000,17.515000,0.792000,131.440370,4104,257,0,143,270,2128,9,0
45.951623,2.824000,117.000,17.515000,0.792000,131.440850,4104,257,0,141,269,2126,9,0
45.965633,14.010000,117.000,17.515000,0.792000,131.428033,4098,253,0,141,269,2126,9,0
45.967905,2.272000,117.000,17.515000,0.792000,131.424165,4091,253,0,140,269,2126,9,0
45.982729,14.824000,117.000,17.515000,0.792000,131.424645,4091,253,0,139,267,2122,9,0
45.985926,3.197000,117.000,17.515000,0.792000,131.413690,4088,250,0,140,266,2120,9,0
45.999378,13.452000,117.000,17.515000,0.792000,131.411744,4084,250,0,139,265,2118,9,0
46.003398,4.020000,117.000,17.515000,0.792000,131.501130,4131,253,0,151,277,2142,9,0
46.015434,12.036000,117.000,17.515000,0.792000,131.493608,4118,253,0,151,277,2142,9,0
46.018343,2.909000,117.000,17.515000,0.792000,131.494088,4118,253,0,151,277,2142,9,0
46.032389,14.046000,117.000,17.515000,0.792000,131.494569,4118,253,0,151,277,2142,9,0
46.035168,2.779000,117.000,17.515000,0.792000,131.495049,4118,253,0,150,277,2142,9,0
46.049074,13.906000,117.000,17.515000,0.792000,131.417920,4108,248,0,140,267,2122,9,0
46.051567,2.493000,117.000,17.515000,0.792000,131.406499,4088,248,0,140,267,2122,9,0
46.065397,13.830000,117.000,17.515000,0.792000,131.405339,4085,248,0,140,267,2122,9,0
46.067573,2.176000,117.000,17.515000,0.792000,131.405820,4085,248,0,141,267,2122,9,0
46.082524,14.951000,117.000,17.515000,0.792000,131.406316,4085,248,0,141,267,2122,9,0
46.084130,1.606000,117.000,17.515000,0.792000,131.406796,4085,248,0,140,267,2122,9,0
46.098932,14.802000,117.000,17.515000,0.792000,131.407231,4085,248,0,140,267,2122,9,0
46.100557,1.625000,117.000,17.515000,0.792000,131.407712,4085,248,0,141,267,2122,9,0
46.115525,14.968000,117.000,17.515000,0.792000,131.408193,4085,248,0,141,267,2122,9,0
46.117416,1.891000,117.000,17.515000,0.792000,131.408673,4085,248,0,140,267,2122,9,0
46.132567,15.151000,117.000,17.515000,0.792000,131.534383,4211,272,0,141,267,2122,9,0
46.134193,1.626000,117.000,17.515000,0.792000,131.539212,4211,272,0,153,279,2146,9,0
46.148831,14.638000,117.000,17.515000,0.792000,131.541253,4214,272,0,149,275,2138,9,0
46.150573,1.742000,117.000,17.515000,0.792000,131.537324,4212,272,0,149,275,2138,9,0
46.165619,15.046000,117.000,17.515000,0.792000,131.539445,4215,272,0,149,275,2138,9,0
46.167345,1.726000,117.000,17.515000,0.792000,131.523396,4207,268,0,149,275,2138,9,0
46.182267,14.922000,117.000,17.515000,0.792000,131.465959,4181,265,0,143,269,2126,9,0
46.184965,2.698000,117.000,17.515000,0.792000,131.459298,4169,265,0,141,269,2126,9,0
46.199338,14.373000,117.000,17.515000,0.792000,131.459779,4169,265,0,141,269,2126,9,0
46.202507,3.169000,117.000,17.515000,0.792000,131.460259,4169,265,0,142,269,2126,9,0
46.216079,13.572000,117.000,17.515000,0.792000,131.462399,4172,265,0,142,269,2126,9,0
46.220669,4.590000,117.000,17.515000,0.792000,131.468884,4182,265,0,141,269,2126,9,0
46.232264,11.595000,117.000,17.515000,0.792000,131.469346,4182,265,0,141,269,2126,9,0
46.233789,1.525000,117.000,17.515000,0.792000,131.469827,4182,265,0,142,269,2126,9,0
46.249018,15.229000,117.000,17.515000,0.792000,131.470307,4182,265,0,142,269,2126,9,0
46.250844,1.826000,117.000,17.515000,0.792000,131.470788,4182,265,0,141,269,2126,9,0
46.265784,14.940000,117.000,17.515000,0.792000,131.471269,4182,265,0,141,269,2126,9,0
46.268344,2.560000,118.000,18.970000,0.779000,131.471749,4182,265,0,141,269,2126,9,0
46.287014,18.670000,118.000,18.970000,0.779000,132.031098,4576,326,0,211,343,2274,9,0
46.298975,11.961000,118.000,18.970000,0.779000,132.032186,4576,326,0,211,343,2274,9,1
46.300646,1.671000,118.000,18.970000,0.779000,132.032666,4576,326,0,211,343,2274,9,1
46.315799,15.153000,118.000,18.970000,0.779000,132.035123,4579,326,0,211,343,2274,9,1
46.318068,2.269000,118.000,18.970000,0.779000,131.647454,4529,301,0,161,279,2146,9,1
46.332308,14.240000,118.000,18.970000,0.779000,131.575143,4410,300,0,161,279,2146,9,0
46.334122,1.814000,118.000,18.970000,0.779000,131.572366,4405,300,0,162,279,2146,9,0
46.348827,14.705000,118.000,18.970000,0.779000,131.572846,4405,300,0,162,279,2146,9,0
46.351735,2.908000,118.000,18.970000,0.779000,131.573327,4405,300,0,162,279,2146,9,0
46.365536,13.801000,118.000,18.970000,0.779000,131.573808,4405,300,0,162,279,2146,9,0
46.368272,2.736000,118.000,18.970000,0.779000,131.574288,4405,300,0,162,279,2146,9,0
46.382346,14.074000,118.000,18.970000,0.779000,131.573129,4402,300,0,162,279,2146,9,0
46.385734,3.388000,118.000,18.970000,0.779000,131.573609,4402,300,0,163,279,2146,9,0
46.399279,13.545000,118.000,18.970000,0.779000,131.572450,4399,300,0,163,279,2146,9,0
46.403278,3.999000,118.000,18.970000,0.779000,131.572930,4399,300,0,163,279,2146,9,0
46.415709,12.431000,118.000,18.970000,0.779000,131.570909,4395,300,0,163,279,2146,9,0
46.419372,3.663000,118.000,18.970000,0.779000,131.571389,4395,300,0,126,243,2074,9,0
46.432142,12.770000,118.000,18.970000,0.779000,131.571816,4395,300,0,126,243,2074,9,0
46.433884,1.742000,118.000,18.970000,0.779000,131.567887,4393,300,0,126,243,2074,9,0
46.448799,14.915000,118.000,18.970000,0.779000,131.404206,4294,264,0,126,243,2074,9,0
46.450441,1.642000,118.000,18.970000,0.779000,131.298669,4114,264,0,127,243,2074,9,0
46.466050,15.609000,118.000,18.970000,0.779000,131.299150,4114,264,0,127,243,2074,9,0
46.469356,3.306000,118.000,18.970000,0.779000,131.299584,4114,264,0,127,243,2074,9,0
46.482173,12.817000,118.000,18.970000,0.779000,131.301717,4117,264,0,127,243,2074,9,0
46.483631,1.458000,118.000,18.970000,0.779000,131.302197,4117,264,0,127,242,2072,9,0
46.499072,15.441000,118.000,18.970000,0.779000,131.302583,4117,264,0,127,242,2072,9,0
46.500842,1.770000,118.000,18.970000,0.779000,131.299562,4111,264,0,127,242,2072,9,0
46.515245,14.403000,118.000,18.970000,0.779000,131.300057,4111,264,0,126,241,2070,9,0
46.518020,2.775000,118.000,18.970000,0.779000,131.300538,4111,264,0,125,241,2070,9,0
46.532381,14.361000,118.000,18.970000,0.779000,131.302606,4114,264,0,123,239,2066,9,0
46.534539,2.158000,118.000,18.970000,0.779000,131.301446,4111,264,0,123,238,2064,9,0
46.549018,14.479000,118.000,18.970000,0.779000,131.288621,4105,260,0,123,238,2064,9,0
46.551529,2.511000,118.000,18.970000,0.779000,131.284753,4098,260,0,122,238,2064,9,0
46.565503,13.974000,118.000,18.970000,0.779000,131.285325,4098,260,0,120,236,2060,9,0
46.568324,2.821000,118.000,18.970000,0.779000,131.274369,4095,257,0,120,235,2058,9,0
46.582343,14.019000,118.000,18.970000,0.779000,131.272408,4091,257,0,119,234,2056,9,0
46.586851,4.508000,118.000,18.970000,0.779000,131.350900,4133,257,0,129,245,2078,9,0
46.598856,12.005000,118.000,18.970000,0.779000,131.341325,4117,257,0,129,245,2078,9,0
46.600644,1.788000,118.000,18.970000,0.779000,131.341805,4117,257,0,130,245,2078,9,0
46.615572,14.928000,118.000,18.970000,0.779000,131.357495,4127,261,0,130,245,2078,9,0
46.616930,1.358000,118.000,18.970000,0.779000,131.370061,4145,261,0,130,247,2082,9,0
46.631781,14.851000,118.000,18.970000,0.779000,131.287026,4101,257,0,122,239,2066,9,0
46.633691,1.910000,118.000,18.970000,0.779000,131.277986,4085,257,0,123,239,2066,9,0
46.648852,15.161000,118.000,18.970000,0.779000,131.278466,4085,257,0,123,239,2066,9,0
46.650344,1.492000,118.000,18.970000,0.779000,131.278947,4085,257,0,123,239,2066,9,0
46.665593,15.249000,118.000,18.970000,0.779000,131.279428,4085,257,0,123,239,2066,9,0
46.667054,1.461000,118.000,18.970000,0.779000,131.279908,4085,257,0,122,239,2066,9,0
46.682203,15.149000,118.000,18.970000,0.779000,131.280389,4085,257,0,122,239,2066,9,0
46.683935,1.732000,118.000,18.970000,0.779000,131.280869,4085,257,0,123,239,2066,9,0
46.699183,15.248000,118.000,18.970000,0.779000,131.281350,4085,257,0,123,239,2066,9,0
46.701186,2.003000,118.000,18.970000,0.779000,131.281831,4085,257,0,123,239,2066,9,0
46.715642,14.456000,118.000,18.970000,0.779000,131.282342,4085,257,0,123,239,2066,9,0
46.718225,2.583000,118.000,18.970000,0.779000,131.282876,4085,257,0,123,239,2066,9,0
46.732003,13.778000,118.000,18.970000,0.779000,131.283303,4085,257,0,119,235,2058,9,0
46.734876,2.873000,118.000,18.970000,0.779000,131.279374,4083,257,0,118,235,2058,9,0
46.749136,14.260000,118.000,18.970000,0.779000,131.279855,4083,257,0,118,235,2058,9,0
46.751952,2.816000,118.000,18.970000,0.779000,131.262959,4075,253,0,118,235,2058,9,0
46.766199,14.247000,118.000,18.970000,0.779000,131.249990,4052,253,0,118,235,2058,9,0
46.770274,4.075000,118.000,18.970000,0.779000,131.250470,4052,253,0,119,235,2058,9,0
46.782631,12.357000,118.000,18.970000,0.779000,131.250951,4052,253,0,119,235,2058,9,0
46.785321,2.690000,118.000,18.970000,0.779000,131.285974,4093,254,0,117,235,2058,9,0
46.799307,13.986000,118.000,18.970000,0.779000,131.276715,4078,254,0,118,236,2060,9,0
46.802170,2.863000,118.000,18.970000,0.779000,131.283200,4088,254,0,120,236,2060,9,0
46.815978,13.808000,118.000,18.970000,0.779000,131.283616,4088,254,0,120,236,2060,9,0
46.818979,3.001000,118.000,18.970000,0.779000,131.284097,4088,254,0,119,236,2060,9,0
46.832754,13.775000,118.000,18.970000,0.779000,131.284577,4088,254,0,120,236,2060,9,0
46.837219,4.465000,118.000,18.970000,0.779000,131.285058,4088,254,0,120,236,2060,9,0
46.849263,12.044000,118.000,18.970000,0.779000,131.287183,4091,254,0,120,236,2060,9,0
46.852970,3.707000,118.000,18.970000,0.779000,131.287663,4091,254,0,120,236,2060,9,0
46.871008,18.038000,118.000,18.970000,0.779000,132.016644,4513,321,0,208,332,2252,9,0
46.882129,11.121000,118.000,18.970000,0.779000,132.017125,4513,321,0,208,332,2252,9,0
46.884974,2.845000,118.000,18.970000,0.779000,132.017606,4513,321,0,208,332,2252,9,0
46.899240,14.266000,118.000,18.970000,0.779000,132.018086,4513,321,0,208,332,2252,9,0
46.903138,3.898000,118.000,18.970000,0.779000,131.844689,4515,312,0,186,306,2200,9,0
46.916045,12.907000,118.000,18.970000,0.779000,131.825982,4467,316,0,186,306,2200,9,0
46.919550,3.505000,118.000,18.970000,0.779000,131.827149,4467,316,0,188,308,2204,9,0
46.932238,12.688000,118.000,18.970000,0.779000,131.827538,4467,316,0,188,308,2204,9,0
46.933796,1.558000,118.000,18.970000,0.779000,131.828019,4467,316,0,188,308,2204,9,0
46.948955,15.159000,118.000,18.970000,0.779000,131.826859,4464,316,0,188,308,2204,9,0
46.952320,3.365000,118.000,18.970000,0.779000,131.827340,4464,316,0,188,308,2204,9,0
46.966059,13.739000,118.000,18.970000,0.779000,131.827775,4464,316,0,188,308,2204,9,0
46.968697,2.638000,118.000,18.970000,0.779000,131.828256,4464,316,0,182,302,2192,9,0
46.982221,13.524000,118.000,18.970000,0.779000,131.828736,4464,316,0,182,302,2192,9,0
46.983901,1.680000,118.000,18.970000,0.779000,131.829217,4464,316,0,182,302,2192,9,0
46.998987,15.086000,118.000,18.970000,0.779000,131.827050,4460,316,0,182,302,2192,9,0
47.000792,1.805000,118.000,18.970000,0.779000,131.823121,4458,316,0,152,272,2132,9,0
47.015560,14.768000,118.000,18.970000,0.779000,131.825269,4461,316,0,152,272,2132,9,0
47.017504,1.944000,118.000,18.970000,0.779000,131.825704,4461,316,0,152,272,2132,9,0
47.032311,14.807000,118.000,18.970000,0.779000,131.702474,4398,286,0,152,272,2132,9,0
47.034980,2.669000,118.000,18.970000,0.779000,131.614606,4248,286,0,152,272,2132,9,0
47.048742,13.762000,118.000,18.970000,0.779000,131.615041,4248,286,0,148,268,2124,9,0
47.051642,2.900000,118.000,18.970000,0.779000,131.615521,4248,286,0,148,268,2124,9,0
47.065253,13.611000,118.000,18.970000,0.779000,131.599645,4240,282,0,148,268,2124,9,0
47.067156,1.903000,118.000,18.970000,0.779000,131.588346,4220,282,0,148,268,2124,9,0
47.082570,15.414000,118.000,18.970000,0.779000,131.587029,4217,282,0,148,268,2124,9,0
47.086107,3.537000,118.000,18.970000,0.779000,131.583962,4211,282,0,146,268,2124,9,0
47.098841,12.734000,118.000,18.970000,0.779000,131.582818,4208,282,0,145,267,2122,9,0
47.100296,1.455000,118.000,18.970000,0.779000,131.583299,4208,282,0,147,267,2122,9,0
47.115517,15.221000,118.000,18.970000,0.779000,131.583779,4208,282,0,145,265,2118,9,0
47.117165,1.648000,118.000,18.970000,0.779000,131.584260,4208,282,0,144,264,2116,9,0
47.132331,15.166000,118.000,18.970000,0.779000,131.571443,4202,278,0,144,264,2116,9,0
47.133828,1.497000,118.000,18.970000,0.779000,131.567575,4195,278,0,144,264,2116,9,0
47.149052,15.224000,118.000,18.970000,0.779000,131.566445,4192,278,0,136,256,2100,9,0
47.150729,1.677000,118.000,18.970000,0.779000,131.555490,4189,275,0,135,255,2098,9,0
47.165714,14.985000,118.000,18.970000,0.779000,131.534410,4155,275,0,134,254,2096,9,0
47.168705,2.991000,118.000,18.970000,0.779000,131.648950,4215,280,0,149,269,2126,9,0
47.182338,13.633000,118.000,18.970000,0.779000,131.644704,4208,280,0,149,269,2126,9,0
47.184883,2.545000,118.000,18.970000,0.779000,131.645185,4208,280,0,149,269,2126,9,0
47.199087,14.204000,118.000,18.970000,0.779000,131.645680,4208,280,0,149,269,2126,9,0
47.201692,2.605000,118.000,18.970000,0.779000,131.646161,4208,280,0,149,269,2126,9,0
47.215492,13.800000,118.000,18.970000,0.779000,131.584966,4200,276,0,141,261,2110,9,0
47.217731,2.239000,118.000,18.970000,0.779000,131.573392,4180,276,0,141,261,2110,9,0
47.232547,14.816000,118.000,18.970000,0.779000,131.575521,4183,276,0,141,261,2110,9,0
47.234270,1.723000,118.000,18.970000,0.779000,131.576001,4183,276,0,141,261,2110,9,0
47.248935,14.665000,118.000,18.970000,0.779000,131.574788,4180,276,0,141,261,2110,9,0
47.252580,3.645000,118.000,18.970000,0.779000,131.575269,4180,276,0,141,261,2110,9,0
47.265586,13.006000,118.000,18.970000,0.779000,131.575704,4180,276,0,141,261,2110,9,0
47.267344,1.758000,118.000,18.177000,0.676000,131.576184,4180,276,0,141,261,2110,9,0
47.282183,14.839000,118.000,18.177000,0.676000,131.576665,4180,276,0,141,261,2110,9,0
47.283907,1.724000,118.000,18.177000,0.676000,131.577146,4180,276,0,141,261,2110,9,0
47.299347,15.440000,118.000,18.177000,0.676000,131.577626,4180,276,0,141,261,2110,9,0
47.302734,3.387000,118.000,18.177000,0.676000,131.578107,4180,276,0,141,261,2110,9,0
47.315455,12.721000,118.000,18.177000,0.676000,131.578534,4180,276,0,136,256,2100,9,0
47.317266,1.811000,118.000,18.177000,0.676000,131.574605,4178,276,0,136,256,2100,9,0
47.332092,14.826000,118.000,18.177000,0.676000,131.575086,4178,276,0,136,256,2100,9,0
47.334651,2.559000,118.000,18.177000,0.676000,131.555043,4168,271,0,136,256,2100,9,0
47.348802,14.151000,118.000,18.177000,0.676000,131.540761,4143,271,0,136,256,2100,9,0
47.351981,3.179000,118.000,18.177000,0.676000,131.541242,4143,271,0,136,256,2100,9,0
47.365426,13.445000,118.000,18.177000,0.676000,131.541722,4143,271,0,136,256,2100,9,0
47.368020,2.594000,118.000,18.177000,0.676000,131.542203,4143,271,0,134,256,2100,9,0
47.382728,14.708000,118.000,18.177000,0.676000,131.415399,4093,231,0,134,256,2100,9,0
47.386780,4.052000,118.000,18.177000,0.676000,131.389718,4053,231,0,126,236,2060,9,0
47.399033,12.253000,118.000,18.177000,0.676000,131.390759,4053,231,0,126,236,2060,9,1
47.401236,2.203000,118.000,18.177000,0.676000,131.391240,4053,231,0,125,236,2060,9,1
47.415993,14.757000,118.000,18.177000,0.676000,131.390389,4050,231,0,125,236,2060,9,1
47.419132,3.139000,118.000,18.177000,0.676000,131.390870,4050,231,0,125,236,2060,9,1
47.432403,13.271000,118.000,18.177000,0.676000,131.390477,4056,230,0,125,236,2060,9,0
47.434854,2.451000,118.000,18.177000,0.676000,131.387700,4051,230,0,125,236,2060,9,0
47.447852,12.998000,118.000,18.177000,0.676000,131.927789,4439,290,0,193,308,2204,9,0
47.450700,2.848000,118.000,18.177000,0.676000,131.928269,4439,290,0,193,308,2204,9,0
47.465804,15.104000,118.000,18.177000,0.676000,131.927030,4436,290,0,193,308,2204,9,0
47.469055,3.251000,118.000,18.177000,0.676000,131.927510,4436,290,0,193,308,2204,9,0
47.482117,13.062000,118.000,18.177000,0.676000,131.927991,4436,290,0,193,308,2204,9,0
47.484675,2.558000,118.000,18.177000,0.676000,131.532037,4369,265,0,143,250,2088,9,0
47.498510,13.835000,118.000,18.177000,0.676000,131.469346,4263,265,0,143,250,2088,9,0
47.501271,2.761000,118.000,18.177000,0.676000,131.469781,4263,265,0,143,250,2088,9,0
47.515343,14.072000,118.000,18.177000,0.676000,131.470262,4263,265,0,143,250,2088,9,0
47.518138,2.795000,118.000,18.177000,0.676000,131.470742,4263,265,0,143,250,2088,9,0
47.532153,14.015000,118.000,18.177000,0.676000,131.471223,4263,265,0,143,250,2088,9,0
47.535079,2.926000,118.000,18.177000,0.676000,131.471704,4263,265,0,143,250,2088,9,0
47.549116,14.037000,118.000,18.177000,0.676000,131.473859,4266,265,0,143,250,2088,9,0
47.552209,3.093000,118.000,18.177000,0.676000,131.474339,4266,265,0,143,250,2088,9,0
47.565811,13.602000,118.000,18.177000,0.676000,131.476487,4269,265,0,143,250,2088,9,0
47.567761,1.950000,118.000,18.177000,0.676000,131.476968,4269,265,0,144,250,2088,9,0
47.582424,14.663000,118.000,18.177000,0.676000,131.474946,4265,265,0,144,250,2088,9,0
47.584294,1.870000,118.000,18.177000,0.676000,131.475427,4265,265,0,108,214,2016,9,0
47.599102,14.808000,118.000,18.177000,0.676000,131.475854,4265,265,0,107,213,2014,9,0
47.601057,1.955000,118.000,18.177000,0.676000,131.471925,4263,265,0,107,213,2014,9,0
47.615868,14.811000,118.000,18.177000,0.676000,131.326673,4194,229,0,107,213,2014,9,0
47.617519,1.651000,118.000,18.177000,0.676000,131.221135,4014,229,0,106,213,2014,9,0
47.632258,14.739000,118.000,18.177000,0.676000,131.221616,4014,229,0,106,213,2014,9,0
47.633862,1.604000,118.000,18.177000,0.676000,131.222096,4014,229,0,107,213,2014,9,0
47.649101,15.239000,118.000,18.177000,0.676000,131.222554,4014,229,0,107,213,2014,9,0
47.651157,2.056000,118.000,18.177000,0.676000,131.223035,4014,229,0,106,213,2014,9,0
47.666005,14.848000,118.000,18.177000,0.676000,131.223378,4014,229,0,106,213,2014,9,0
47.669029,3.024000,118.000,18.177000,0.676000,131.220357,4008,229,0,106,213,2014,9,0
47.682485,13.456000,118.000,18.177000,0.676000,131.225469,4014,229,0,105,212,2012,9,0
47.685151,2.666000,118.000,18.177000,0.676000,131.224050,4011,229,0,105,211,2010,9,0
47.698726,13.575000,118.000,18.177000,0.676000,131.214070,4006,226,0,103,209,2006,9,0
47.701539,2.813000,118.000,18.177000,0.676000,131.210858,4000,226,0,101,208,2004,9,0
47.715595,14.056000,118.000,18.177000,0.676000,131.216275,4007,226,0,101,208,2004,9,0
47.718439,2.844000,118.000,18.177000,0.676000,131.213094,4000,226,0,104,210,2008,9,0
47.732508,14.069000,118.000,18.177000,0.676000,131.213552,4000,226,0,102,208,2004,9,0
47.735052,2.544000,118.000,18.177000,0.676000,131.202596,3997,223,0,101,207,2002,9,0
47.749045,13.993000,118.000,18.177000,0.676000,131.185430,3986,218,0,100,206,2000,9,0
47.752216,3.171000,118.000,18.177000,0.676000,131.283269,4030,226,0,112,218,2024,9,0
47.766090,13.874000,118.000,18.177000,0.676000,131.292153,4037,228,0,112,218,2024,9,0
47.769962,3.872000,118.000,18.177000,0.676000,131.293321,4037,228,0,113,219,2026,9,0
47.782446,12.484000,118.000,18.177000,0.676000,131.292157,4034,228,0,113,219,2026,9,0
47.785058,2.612000,118.000,18.177000,0.676000,131.292638,4034,228,0,113,219,2026,9,0
47.799348,14.290000,118.000,18.177000,0.676000,131.215535,4024,223,0,103,209,2006,9,0
47.803574,4.226000,118.000,18.177000,0.676000,131.204114,4004,223,0,103,209,2006,9,0
47.815818,12.244000,118.000,18.177000,0.676000,131.204595,4004,223,0,103,209,2006,9,0
47.820524,4.706000,118.000,18.177000,0.676000,131.205075,4004,223,0,103,209,2006,9,0
47.832465,11.941000,118.000,18.177000,0.676000,131.205571,4004,223,0,103,209,2006,9,0
47.834596,2.131000,118.000,18.177000,0.676000,131.206052,4004,223,0,103,209,2006,9,0
47.849429,14.833000,118.000,18.177000,0.676000,131.204892,4001,223,0,103,209,2006,9,0
47.852750,3.321000,118.000,18.177000,0.676000,131.205373,4001,223,0,103,209,2006,9,0
47.865585,12.835000,118.000,18.177000,0.676000,131.205716,4001,223,0,102,208,2004,9,0
47.867186,1.601000,118.000,18.177000,0.676000,131.206197,4001,223,0,102,208,2004,9,0
47.882696,15.510000,118.000,18.177000,0.676000,131.209989,4007,223,0,102,208,2004,9,0
47.885810,3.114000,118.000,18.177000,0.676000,131.210469,4007,223,0,102,208,2004,9,0
47.899119,13.309000,118.000,18.177000,0.676000,131.210832,4007,223,0,98,204,1996,9,0
47.900900,1.781000,118.000,18.177000,0.676000,131.206903,4005,223,0,98,204,1996,9,0
47.916064,15.164000,118.000,18.177000,0.676000,131.207303,4005,223,0,98,204,1996,9,0
47.920835,4.771000,118.000,18.177000,0.676000,131.191701,3997,219,0,98,204,1996,9,0
47.932564,11.729000,118.000,18.177000,0.676000,131.182008,3980,219,0,98,204,1996,9,0
47.934432,1.868000,118.000,18.177000,0.676000,131.182488,3980,219,0,98,204,1996,9,0
47.949123,14.691000,118.000,18.177000,0.676000,131.181340,3977,219,0,98,204,1996,9,0
47.952267,3.144000,118.000,18.177000,0.676000,131.181821,3977,219,0,98,204,1996,9,0
47.965865,13.598000,118.000,18.177000,0.676000,131.182302,3977,219,0,98,204,1996,9,0
47.968564,2.699000,118.000,18.177000,0.676000,131.188787,3987,219,0,98,204,1996,9,0
47.982134,13.570000,118.000,18.177000,0.676000,131.189252,3987,219,0,98,204,1996,9,0
47.984271,2.137000,118.000,18.177000,0.676000,131.189733,3987,219,0,98,204,1996,9,0
47.999270,14.999000,118.000,18.177000,0.676000,131.190213,3987,219,0,98,204,1996,9,0
48.000856,1.586000,118.000,18.177000,0.676000,131.190648,3987,219,0,97,204,1996,9,0
48.015806,14.950000,118.000,18.177000,0.676000,131.191129,3987,219,0,97,204,1996,9,0
48.017595,1.789000,118.000,18.177000,0.676000,131.191609,3987,219,0,96,204,1996,9,0
48.032830,15.235000,118.000,18.177000,0.676000,131.941529,4416,288,0,187,303,2194,9,0
48.035859,3.029000,118.000,18.177000,0.676000,131.941964,4416,288,0,186,302,2192,9,0
48.048828,12.969000,118.000,18.177000,0.676000,131.942445,4416,288,0,186,302,2192,9,0
48.050429,1.601000,118.000,18.177000,0.676000,131.939736,4411,288,0,186,302,2192,9,0
48.065463,15.034000,118.000,18.177000,0.676000,131.975484,4446,293,0,191,307,2202,9,0
48.067376,1.913000,118.000,18.177000,0.676000,131.775952,4397,281,0,167,279,2146,9,0
48.082681,15.305000,118.000,18.177000,0.676000,131.747914,4349,281,0,167,279,2146,9,0
48.085792,3.111000,118.000,18.177000,0.676000,131.748395,4349,281,0,167,279,2146,9,0
48.098774,12.982000,118.000,18.177000,0.676000,131.748876,4349,281,0,167,279,2146,9,0
48.101441,2.667000,118.000,18.177000,0.676000,131.749356,4349,281,0,167,279,2146,9,0
48.115459,14.018000,118.000,18.177000,0.676000,131.746556,4343,281,0,167,279,2146,9,0
48.118312,2.853000,118.000,18.177000,0.676000,131.747037,4343,281,0,167,279,2146,9,0
48.132352,14.040000,118.000,18.177000,0.676000,131.747518,4343,281,0,167,279,2146,9,0
48.135364,3.012000,118.000,18.177000,0.676000,131.747998,4343,281,0,167,279,2146,9,0
48.149127,13.763000,118.000,18.177000,0.676000,131.748479,4343,281,0,167,279,2146,9,0
48.150959,1.832000,118.000,18.177000,0.676000,131.748960,4343,281,0,167,279,2146,9,0
48.165526,14.567000,118.000,18.177000,0.676000,131.745297,4336,281,0,167,279,2146,9,0
48.167346,1.820000,118.000,18.177000,0.676000,131.745778,4336,281,0,136,248,2084,9,0
48.182628,15.282000,118.000,18.177000,0.676000,131.746205,4336,281,0,136,248,2084,9,0
48.185564,2.936000,118.000,18.177000,0.676000,131.742276,4334,281,0,136,248,2084,9,0
48.198897,13.333000,118.000,18.177000,0.676000,131.616635,4272,250,0,136,248,2084,9,0
48.200768,1.871000,118.000,18.177000,0.676000,131.525823,4117,250,0,131,243,2074,9,0
48.215660,14.892000,118.000,18.177000,0.676000,131.526303,4117,250,0,131,243,2074,9,0
48.217232,1.572000,118.000,18.177000,0.676000,131.526738,4117,250,0,131,243,2074,9,0
48.232405,15.173000,118.000,18.177000,0.676000,131.506520,4107,245,0,131,243,2074,9,0
48.234263,1.858000,118.000,18.177000,0.676000,131.406487,4045,220,0,130,242,2072,9,0
48.248903,14.640000,118.000,18.177000,0.676000,131.387109,4008,220,0,130,242,2072,9,0
48.250734,1.831000,118.000,18.177000,0.676000,131.384088,4002,220,0,132,242,2072,9,0
48.265816,15.082000,118.000,18.177000,0.676000,131.386220,4005,220,0,131,241,2070,9,0
48.268694,2.878000,120.000,15.015000,0.692000,131.386701,4005,220,0,130,241,2070,9,0
48.282476,13.782000,120.000,15.015000,0.692000,131.387162,4005,220,0,128,239,2066,9,0
48.284995,2.519000,120.000,15.015000,0.692000,131.387643,4005,220,0,128,238,2064,9,0
48.299469,14.474000,120.000,15.015000,0.692000,131.374810,3999,216,0,128,238,2064,9,0
48.302440,2.971000,120.000,15.015000,0.692000,131.370942,3992,216,0,127,238,2064,9,0
48.315932,13.492000,120.000,15.015000,0.692000,131.373036,3995,216,0,125,236,2060,9,0
48.319362,3.430000,120.000,15.015000,0.692000,131.362081,3992,213,0,124,235,2058,9,0
48.332661,13.299000,120.000,15.015000,0.692000,131.344895,3981,208,0,123,234,2056,9,0
48.336671,4.010000,120.000,15.015000,0.692000,131.468266,4038,218,0,139,249,2086,9,0
48.349301,12.630000,120.000,15.015000,0.692000,131.468686,4038,218,0,139,249,2086,9,0
48.352541,3.240000,120.000,15.015000,0.692000,131.469167,4038,218,0,139,249,2086,9,0
48.366129,13.588000,120.000,15.015000,0.692000,131.469663,4038,218,0,139,249,2086,9,0
48.369164,3.035000,120.000,15.015000,0.692000,131.470143,4038,218,0,139,249,2086,9,0
48.383452,14.288000,120.000,15.015000,0.692000,131.591416,4150,262,0,131,241,2070,9,0
48.386230,2.778000,120.000,15.015000,0.692000,131.591119,4134,262,0,143,265,2118,9,0
48.399087,12.857000,120.000,15.015000,0.692000,131.591535,4134,262,0,143,265,2118,9,0
48.401482,2.395000,120.000,15.015000,0.692000,131.592015,4134,262,0,143,265,2118,9,0
48.416327,14.845000,120.000,15.015000,0.692000,131.594178,4137,262,0,143,265,2118,9,0
48.420269,3.942000,120.000,15.015000,0.692000,131.594659,4137,262,0,143,265,2118,9,0
48.432963,12.694000,120.000,15.015000,0.692000,131.595140,4137,262,0,143,265,2118,9,0
48.436365,3.402000,120.000,15.015000,0.692000,131.595620,4137,262,0,143,265,2118,9,0
48.449286,12.921000,120.000,15.015000,0.692000,131.596101,4137,262,0,143,265,2118,9,0
48.451438,2.152000,120.000,15.015000,0.692000,131.596581,4137,262,0,143,265,2118,9,0
48.465756,14.318000,120.000,15.015000,0.692000,131.597062,4137,262,0,143,265,2118,9,0
48.467591,1.835000,120.000,15.015000,0.692000,131.597543,4137,262,0,143,265,2118,9,0
48.482481,14.890000,120.000,15.015000,0.692000,131.596330,4134,262,0,138,260,2108,9,0
48.484553,2.072000,120.000,15.015000,0.692000,131.592401,4132,262,0,138,260,2108,9,0
48.499178,14.625000,120.000,15.015000,0.692000,131.585034,4126,260,0,137,259,2106,9,1
48.501302,2.124000,120.000,15.015000,0.692000,131.562612,4112,255,0,137,259,2106,9,1
48.516145,14.843000,120.000,15.015000,0.692000,131.548551,4087,255,0,137,259,2106,9,1
48.519670,3.525000,120.000,15.015000,0.692000,131.549031,4087,255,0,136,259,2106,9,1
48.532537,12.867000,120.000,15.015000,0.692000,131.550111,4093,254,0,136,259,2106,9,0
48.535346,2.809000,120.000,15.015000,0.692000,131.547334,4088,254,0,137,259,2106,9,0
48.548964,13.618000,120.000,15.015000,0.692000,131.546189,4085,254,0,137,259,2106,9,0
48.551617,2.653000,120.000,15.015000,0.692000,131.552674,4095,254,0,138,259,2106,9,0
48.565477,13.860000,120.000,15.015000,0.692000,131.553155,4095,254,0,138,259,2106,9,0
48.568024,2.547000,120.000,15.015000,0.692000,131.553636,4095,254,0,136,259,2106,9,0
48.582107,14.083000,120.000,15.015000,0.692000,131.555795,4098,254,0,136,259,2106,9,0
48.584610,2.503000,120.000,15.015000,0.692000,131.556275,4098,254,0,138,259,2106,9,0
48.599073,14.463000,120.000,15.015000,0.692000,131.556672,4098,254,0,138,259,2106,9,0
48.601797,2.724000,120.000,15.015000,0.692000,131.557153,4098,254,0,138,259,2106,9,0
48.618288,16.491000,120.000,15.015000,0.692000,132.079911,4480,313,0,204,329,2246,9,0
48.632262,13.974000,120.000,15.015000,0.692000,132.082059,4483,313,0,204,329,2246,9,0
48.635006,2.744000,120.000,15.015000,0.692000,132.082540,4483,313,0,204,329,2246,9,0
48.649834,14.828000,120.000,15.015000,0.692000,132.150968,4508,329,0,204,329,2246,11,4
48.653585,3.751000,120.000,15.015000,0.692000,131.750150,4456,303,0,157,281,2206,11,4
48.665282,11.697000,120.000,15.015000,0.692000,131.676255,4332,303,0,157,281,2206,11,0
48.668360,3.078000,120.000,15.015000,0.692000,131.676736,4332,303,0,158,281,2206,11,0
48.682288,13.928000,120.000,15.015000,0.692000,131.677171,4332,303,0,158,281,2206,11,0
48.684562,2.274000,120.000,15.015000,0.692000,131.677651,4332,303,0,158,281,2206,11,0
48.698610,14.048000,120.000,15.015000,0.692000,131.678132,4332,303,0,157,280,2204,11,0
48.701569,2.959000,120.000,15.015000,0.692000,131.678567,4332,303,0,157,280,2204,11,0
48.715821,14.252000,120.000,15.015000,0.692000,131.679048,4332,303,0,157,280,2204,11,0
48.718650,2.829000,120.000,15.015000,0.692000,131.679528,4332,303,0,157,280,2204,11,0
48.732483,13.833000,120.000,15.015000,0.692000,131.679963,4332,303,0,157,280,2204,11,0
48.736769,4.286000,120.000,15.015000,0.692000,131.680444,4332,303,0,157,280,2204,11,0
48.748934,12.165000,120.000,15.015000,0.692000,131.678369,4328,303,0,157,280,2204,11,0
48.751826,2.892000,120.000,15.015000,0.692000,131.674439,4326,303,0,121,244,2132,11,0
48.766084,14.258000,120.000,15.015000,0.692000,131.674920,4326,303,0,121,244,2132,11,0
48.768777,2.693000,120.000,15.015000,0.692000,131.675401,4326,303,0,121,244,2132,11,0
48.782803,14.026000,120.000,15.015000,0.692000,131.528401,4254,267,0,121,244,2132,11,0
48.785602,2.799000,120.000,15.015000,0.692000,131.422864,4074,267,0,120,243,2130,11,0
48.799614,14.012000,120.000,15.015000,0.692000,131.412915,4069,264,0,120,243,2130,11,0
48.801326,1.712000,120.000,15.015000,0.692000,131.409703,4063,264,0,120,243,2130,11,0
48.815411,14.085000,120.000,15.015000,0.692000,131.423680,4070,268,0,120,243,2130,11,0
48.817294,1.883000,120.000,15.015000,0.692000,131.424848,4070,268,0,121,245,2134,11,0
48.832895,15.601000,120.000,15.015000,0.692000,131.425202,4070,268,0,121,245,2134,11,0
48.834606,1.711000,120.000,15.015000,0.692000,131.422181,4064,268,0,122,245,2134,11,0
48.849493,14.887000,120.000,15.015000,0.692000,131.422662,4064,268,0,121,244,2132,11,0
48.851260,1.767000,120.000,15.015000,0.692000,131.421502,4061,268,0,120,244,2132,11,0
48.865544,14.284000,120.000,15.015000,0.692000,131.421937,4061,268,0,118,242,2128,11,0
48.868068,2.524000,120.000,15.015000,0.692000,131.422418,4061,268,0,117,241,2126,11,0
48.883136,15.068000,120.000,15.015000,0.692000,131.411248,4058,264,0,117,241,2126,11,0
48.887341,4.205000,120.000,15.015000,0.692000,131.407380,4051,264,0,117,241,2126,11,0
48.899479,12.138000,120.000,15.015000,0.692000,131.408044,4051,264,0,115,239,2122,11,0
48.901471,1.992000,120.000,15.015000,0.692000,131.397088,4048,261,0,112,238,2120,11,0
48.916257,14.786000,120.000,15.015000,0.692000,131.394952,4044,261,0,111,237,2118,11,0
48.919983,3.726000,120.000,15.015000,0.692000,131.484338,4091,264,0,124,249,2142,11,0
48.932711,12.728000,120.000,15.015000,0.692000,131.478456,4081,264,0,124,249,2142,11,0
48.935795,3.084000,120.000,15.015000,0.692000,131.478936,4081,264,0,124,249,2142,11,0
48.949752,13.957000,120.000,15.015000,0.692000,131.481168,4084,264,0,124,249,2142,11,0
48.954707,4.955000,120.000,15.015000,0.692000,131.481648,4084,264,0,125,249,2142,11,0
48.965762,11.055000,120.000,15.015000,0.692000,131.407903,4080,259,0,115,239,2122,11,0
48.968798,3.036000,120.000,15.015000,0.692000,131.396482,4060,259,0,115,239,2122,11,0
48.982985,14.187000,120.000,15.015000,0.692000,131.396924,4060,259,0,115,239,2122,11,0
48.985865,2.880000,120.000,15.015000,0.692000,131.397405,4060,259,0,114,239,2122,11,0
48.999274,13.409000,120.000,15.015000,0.692000,131.397985,4060,259,0,114,239,2122,11,0
49.003199,3.925000,120.000,15.015000,0.692000,131.398465,4060,259,0,115,239,2122,11,0
49.016190,12.991000,120.000,15.015000,0.692000,131.400617,4063,259,0,115,239,2122,11,0
49.017852,1.662000,120.000,15.015000,0.692000,131.401052,4063,259,0,114,239,2122,11,0
49.032865,15.013000,120.000,15.015000,0.692000,131.401532,4063,259,0,114,239,2122,11,0
49.035968,3.103000,120.000,15.015000,0.692000,131.402013,4063,259,0,115,239,2122,11,0
49.049531,13.563000,120.000,15.015000,0.692000,131.402631,4063,259,0,115,239,2122,11,0
49.051118,1.587000,120.000,15.015000,0.692000,131.403111,4063,259,0,114,239,2122,11,0
49.066303,15.185000,120.000,15.015000,0.692000,131.403539,4063,259,0,110,235,2114,11,0
49.070061,3.758000,120.000,15.015000,0.692000,131.399610,4061,259,0,110,235,2114,11,0
49.082261,12.200000,120.000,15.015000,0.692000,131.400090,4061,259,0,110,235,2114,11,0
49.084039,1.778000,120.000,15.015000,0.692000,131.384488,4053,255,0,111,235,2114,11,0
49.099530,15.491000,120.000,15.015000,0.692000,131.373124,4033,255,0,111,235,2114,11,0
49.103553,4.023000,120.000,15.015000,0.692000,131.373559,4033,255,0,111,235,2114,11,0
49.115590,12.037000,120.000,15.015000,0.692000,131.374158,4033,255,0,111,235,2114,11,0
49.117785,2.195000,120.000,15.015000,0.692000,131.374593,4033,255,0,111,235,2114,11,0
49.132968,15.183000,120.000,15.015000,0.692000,131.359277,4027,251,0,111,235,2114,11,0
49.136540,3.572000,120.000,15.015000,0.692000,131.362603,4031,251,0,111,235,2114,11,0
49.149548,13.008000,120.000,15.015000,0.692000,131.363038,4031,251,0,111,235,2114,11,0
49.152424,2.876000,120.000,15.015000,0.692000,131.363519,4031,251,0,111,235,2114,11,0
49.166568,14.144000,120.000,15.015000,0.692000,131.365190,4031,251,0,111,235,2114,11,2
49.169494,2.926000,120.000,15.015000,0.692000,131.365670,4031,251,0,111,235,2114,11,2
49.182951,13.457000,120.000,15.015000,0.692000,131.365129,4028,251,0,111,235,2114,11,2
49.185422,2.471000,120.000,15.015000,0.692000,131.365609,4028,251,0,111,235,2114,11,2
49.204460,19.038000,120.000,15.015000,0.692000,132.136254,4473,319,0,203,335,2314,11,0
49.215453,10.993000,120.000,15.015000,0.692000,132.129998,4463,319,0,205,335,2314,10,0
49.219850,4.397000,120.000,15.015000,0.692000,132.130479,4463,319,0,205,335,2314,10,0
49.232255,12.405000,120.000,15.015000,0.692000,132.130914,4463,319,0,205,335,2314,10,0
49.234962,2.707000,120.000,15.015000,0.692000,131.996232,4476,313,0,188,314,2272,10,0
49.248945,13.983000,120.000,15.015000,0.692000,131.955033,4404,313,0,188,314,2272,10,0
49.252095,3.150000,120.000,15.015000,0.692000,131.955514,4404,313,0,188,314,2272,10,0
49.265733,13.638000,120.000,15.015000,0.692000,131.955995,4404,313,0,188,314,2272,10,0
49.267588,1.855000,118.000,18.248000,1.320000,131.956475,4404,313,0,188,314,2272,10,0
49.282415,14.827000,118.000,18.248000,1.320000,131.958608,4407,313,0,188,314,2272,10,0
49.296106,13.691000,118.000,18.248000,1.320000,131.959088,4407,313,0,188,314,2272,10,0
49.307271,11.165000,118.000,18.248000,1.320000,131.959569,4407,313,0,188,314,2272,10,0
49.309304,2.033000,118.000,18.248000,1.320000,131.960050,4407,313,0,188,314,2272,10,0
49.323450,14.146000,118.000,18.248000,1.320000,131.960530,4407,313,0,188,314,2272,10,0
49.327365,3.915000,118.000,18.248000,1.320000,131.962613,4410,313,0,188,314,2272,10,0
49.340122,12.757000,118.000,18.248000,1.320000,131.960538,4406,313,0,157,283,2210,10,0
49.342680,2.558000,118.000,18.248000,1.320000,131.947572,4397,311,0,155,281,2206,10,0
49.356768,14.088000,118.000,18.248000,1.320000,131.943246,4389,311,0,155,281,2206,10,0
49.359350,2.582000,118.000,18.248000,1.320000,131.817571,4327,280,0,153,279,2202,10,0
49.373481,14.131000,118.000,18.248000,1.320000,131.726712,4172,280,0,153,279,2202,10,0
49.376986,3.505000,118.000,18.248000,1.320000,131.727193,4172,280,0,148,274,2192,10,0
49.390110,13.124000,118.000,18.248000,1.320000,131.727674,4172,280,0,148,274,2192,10,0
49.393629,3.519000,118.000,18.248000,1.320000,131.707391,4162,275,0,148,274,2192,10,0
49.406505,12.876000,118.000,18.248000,1.320000,131.693147,4137,275,0,148,274,2192,10,0
49.410196,3.691000,118.000,18.248000,1.320000,131.693551,4137,275,0,148,274,2192,10,0
49.423443,13.247000,118.000,18.248000,1.320000,131.690530,4131,275,0,149,274,2192,10,0
49.427217,3.774000,118.000,18.248000,1.320000,131.690995,4131,275,0,148,273,2190,10,0
49.440132,12.915000,118.000,18.248000,1.320000,131.691476,4131,275,0,147,273,2190,10,0
49.443562,3.430000,118.000,18.248000,1.320000,131.691957,4131,275,0,145,271,2186,10,0
49.456477,12.915000,118.000,18.248000,1.320000,131.692437,4131,275,0,143,268,2180,10,0
49.460185,3.708000,118.000,18.248000,1.320000,131.656903,4115,265,0,143,268,2180,10,0
49.473917,13.732000,118.000,18.248000,1.320000,131.645650,4096,265,0,142,268,2180,10,0
49.479901,5.984000,118.000,18.248000,1.320000,131.646131,4096,265,0,140,266,2176,10,0
49.490224,10.323000,118.000,18.248000,1.320000,131.635175,4093,262,0,139,265,2174,10,0
49.493820,3.596000,118.000,18.248000,1.320000,131.633229,4089,262,0,138,264,2172,10,0
49.506903,13.083000,118.000,18.248000,1.320000,131.748158,4149,267,0,154,279,2202,10,0
49.510720,3.817000,118.000,18.248000,1.320000,131.740636,4136,267,0,154,279,2202,10,0
49.523470,12.750000,118.000,18.248000,1.320000,131.741071,4136,267,0,154,279,2202,10,0
49.527337,3.867000,118.000,18.248000,1.320000,131.741506,4136,267,0,154,279,2202,10,0
49.540356,13.019000,118.000,18.248000,1.320000,131.741986,4136,267,0,154,279,2202,10,0
49.544447,4.091000,118.000,18.248000,1.320000,131.680699,4128,263,0,146,271,2186,10,0
49.556542,12.095000,118.000,18.248000,1.320000,131.670018,4109,263,0,146,271,2186,10,0
49.560028,3.486000,118.000,18.248000,1.320000,131.670499,4109,263,0,146,271,2186,10,0
49.573594,13.566000,118.000,18.248000,1.320000,131.670979,4109,263,0,146,271,2186,10,0
49.577172,3.578000,118.000,18.248000,1.320000,131.671460,4109,263,0,146,271,2186,10,0
49.590343,13.171000,118.000,18.248000,1.320000,131.671941,4109,263,0,146,271,2186,10,0
49.593024,2.681000,118.000,18.248000,1.320000,131.673028,4109,263,0,146,271,2186,10,1
49.606896,13.872000,118.000,18.248000,1.320000,131.673509,4109,263,0,146,271,2186,10,1
49.609734,2.838000,118.000,18.248000,1.320000,131.674298,4109,263,0,146,271,2186,10,1
49.623536,13.802000,118.000,18.248000,1.320000,131.674779,4109,263,0,146,271,2186,10,1
49.626331,2.795000,118.000,18.248000,1.320000,131.676351,4115,262,0,146,271,2186,10,0
49.640191,13.860000,118.000,18.248000,1.320000,131.673627,4110,262,0,147,271,2186,10,0
49.642785,2.594000,118.000,18.248000,1.320000,131.677453,4116,262,0,142,266,2176,10,0
49.656776,13.991000,118.000,18.248000,1.320000,131.677880,4116,262,0,142,266,2176,10,0
49.659194,2.418000,118.000,18.248000,1.320000,131.675599,4117,262,0,142,266,2176,10,0
49.673495,14.301000,118.000,18.248000,1.320000,131.655557,4107,257,0,142,266,2176,10,0
49.676139,2.644000,118.000,18.248000,1.320000,131.625833,4080,256,0,140,264,2172,10,0
49.690189,14.050000,118.000,18.248000,1.320000,131.623933,4076,256,0,140,264,2172,10,0
49.693308,3.119000,118.000,18.248000,1.320000,131.624429,4076,256,0,140,264,2172,10,0
49.707224,13.916000,118.000,18.248000,1.320000,131.624909,4076,256,0,140,264,2172,10,0
49.712631,5.407000,118.000,18.248000,1.320000,131.627049,4079,256,0,140,264,2172,10,0
49.723258,10.627000,118.000,18.248000,1.320000,131.633534,4089,256,0,140,264,2172,10,0
49.726792,3.534000,118.000,18.248000,1.320000,131.633996,4089,256,0,140,264,2172,10,0
49.739862,13.070000,118.000,18.248000,1.320000,131.634477,4089,256,0,140,264,2172,10,0
49.743076,3.214000,118.000,18.248000,1.320000,131.634957,4089,256,0,140,264,2172,10,0
49.756915,13.839000,118.000,18.248000,1.320000,131.635491,4089,256,0,140,264,2172,10,0
49.759489,2.574000,118.000,18.248000,1.320000,131.635972,4089,256,0,140,264,2172,10,0
49.773588,14.099000,118.000,18.248000,1.320000,131.636453,4089,256,0,140,264,2172,10,0
49.790586,16.998000,118.000,18.248000,1.320000,132.162534,4476,315,0,205,336,2316,10,0
49.792621,2.035000,118.000,18.248000,1.320000,132.163014,4476,315,0,204,335,2314,10,0
49.806777,14.156000,118.000,18.248000,1.320000,132.163495,4476,315,0,204,335,2314,10,0
49.809213,2.436000,118.000,18.248000,1.320000,132.165647,4479,315,0,204,335,2314,10,0
49.823360,14.147000,118.000,18.248000,1.320000,131.763062,4427,289,0,152,273,2190,10,0
49.825907,2.547000,118.000,18.248000,1.320000,131.690515,4303,289,0,152,273,2190,10,0
49.840023,14.116000,118.000,18.248000,1.320000,131.690995,4303,289,0,152,273,2190,10,0
49.843847,3.824000,118.000,18.248000,1.320000,131.691476,4303,289,0,152,273,2190,10,0
49.856742,12.895000,118.000,18.248000,1.320000,131.661279,4294,282,0,150,271,2158,10,0
49.860190,3.448000,118.000,18.248000,1.320000,131.661714,4294,282,0,150,271,2158,10,0
49.873516,13.326000,118.000,18.248000,1.320000,131.662148,4294,282,0,150,271,2158,10,0
49.878541,5.025000,118.000,18.248000,1.320000,131.659348,4288,282,0,150,271,2158,10,0
49.890093,11.552000,118.000,18.248000,1.320000,131.659829,4288,282,0,149,270,2156,10,0
49.893944,3.851000,118.000,18.248000,1.320000,131.647779,4280,279,0,149,270,2156,10,0
49.907018,13.074000,118.000,18.248000,1.320000,131.644567,4274,279,0,149,270,2156,10,0
49.910966,3.948000,118.000,18.248000,1.320000,131.657697,4280,283,0,149,270,2156,10,0
49.923672,12.706000,118.000,18.248000,1.320000,131.658811,4280,283,0,115,236,2088,10,0
49.927271,3.599000,118.000,18.248000,1.320000,131.654878,4278,283,0,115,236,2088,10,0
49.940492,13.221000,118.000,18.248000,1.320000,131.655358,4278,283,0,115,236,2088,10,0
49.944265,3.773000,118.000,18.248000,1.320000,131.505521,4203,247,0,115,236,2088,10,0
49.956842,12.577000,118.000,18.248000,1.320000,131.399983,4023,247,0,116,236,2088,10,0
49.959956,3.114000,118.000,18.248000,1.320000,131.402127,4026,247,0,116,236,2088,10,0
49.973954,13.998000,118.000,18.248000,1.320000,131.402608,4026,247,0,116,236,2088,10,0
49.976698,2.744000,118.000,18.248000,1.320000,131.404740,4029,247,0,116,236,2088,10,0
49.990396,13.698000,118.000,18.248000,1.320000,131.405221,4029,247,0,116,236,2088,10,0
49.993127,2.731000,118.000,18.248000,1.320000,131.405488,4029,247,0,116,236,2088,10,0
50.007171,14.044000,118.000,18.248000,1.320000,131.402467,4023,247,0,116,236,2088,10,0
50.011676,4.505000,118.000,18.248000,1.320000,131.402947,4023,247,0,115,235,2086,10,0
50.023933,12.257000,118.000,18.248000,1.320000,131.403428,4023,247,0,115,235,2086,10,0
50.028858,4.925000,118.000,18.248000,1.320000,131.405583,4026,247,0,113,233,2082,10,0
50.040260,11.402000,118.000,18.248000,1.320000,131.404424,4023,247,0,112,232,2080,10,0
50.043127,2.867000,118.000,18.248000,1.320000,131.393201,4020,243,0,112,232,2080,10,0
50.057218,14.091000,118.000,18.248000,1.320000,131.389333,4013,243,0,112,232,2080,10,0
50.062606,5.388000,118.000,18.248000,1.320000,131.389810,4013,243,0,110,230,2076,10,0
50.073654,11.048000,118.000,18.248000,1.320000,131.378854,4010,240,0,107,229,2074,10,0
50.076826,3.172000,118.000,18.248000,1.320000,131.376893,4006,240,0,107,228,2072,10,0
50.090350,13.524000,118.000,18.248000,1.320000,131.466279,4053,243,0,119,240,2096,10,0
50.094042,3.692000,118.000,18.248000,1.320000,131.460366,4043,243,0,119,240,2096,10,0
50.106845,12.803000,118.000,18.248000,1.320000,131.460847,4043,243,0,119,240,2096,10,0
50.110398,3.553000,118.000,18.248000,1.320000,131.461328,4043,243,0,119,240,2096,10,0
50.124066,13.668000,118.000,18.248000,1.320000,131.461808,4043,243,0,119,240,2096,10,0
50.130182,6.116000,118.000,18.248000,1.320000,131.384679,4033,238,0,109,230,2076,10,0
50.140183,10.001000,118.000,18.248000,1.320000,131.373258,4013,238,0,109,230,2076,10,0
50.143853,3.670000,118.000,18.248000,1.320000,131.373723,4013,238,0,109,230,2076,10,0
50.157296,13.443000,118.000,18.248000,1.320000,131.374204,4013,238,0,109,230,2076,10,0
50.161258,3.962000,118.000,18.248000,1.320000,131.374684,4013,238,0,109,230,2076,10,0
50.173920,12.662000,118.000,18.248000,1.320000,131.375165,4013,238,0,108,230,2076,10,0
50.177885,3.965000,118.000,18.248000,1.320000,131.375600,4013,238,0,108,230,2076,10,0
50.190563,12.678000,118.000,18.248000,1.320000,131.376081,4013,238,0,109,230,2076,10,0
50.194478,3.915000,118.000,18.248000,1.320000,131.374921,4010,238,0,109,230,2076,10,0
50.207353,12.875000,118.000,18.248000,1.320000,131.375401,4010,238,0,109,230,2076,10,0
50.212585,5.232000,118.000,18.248000,1.320000,131.374242,4007,238,0,109,230,2076,10,0
50.223962,11.377000,118.000,18.248000,1.320000,131.374669,4007,238,0,109,230,2076,10,0
50.227847,3.885000,118.000,18.248000,1.320000,131.370740,4005,238,0,105,226,2068,10,0
50.240364,12.517000,118.000,18.248000,1.320000,131.371221,4005,238,0,104,226,2068,10,0
50.244376,4.012000,118.000,18.248000,1.320000,131.371701,4005,238,0,104,226,2068,10,0
50.257262,12.886000,118.000,18.248000,1.320000,131.354249,3997,234,0,105,226,2068,10,0
50.261400,4.138000,118.000,18.248000,1.320000,131.325868,3972,233,0,103,224,2064,10,0
50.274019,12.619000,118.000,16.527000,0.702000,131.323888,3968,233,0,103,224,2064,10,0
50.278085,4.066000,118.000,16.527000,0.702000,131.322728,3965,233,0,103,224,2064,10,0
50.290652,12.567000,118.000,16.527000,0.702000,131.323209,3965,233,0,103,224,2064,10,0
50.294745,4.093000,118.000,16.527000,0.702000,131.323705,3965,233,0,103,224,2064,10,0
50.307258,12.513000,118.000,16.527000,0.702000,131.330190,3975,233,0,103,224,2064,10,0
50.311009,3.751000,118.000,16.527000,0.702000,131.330625,3975,233,0,103,224,2064,10,0
50.323923,12.914000,118.000,16.527000,0.702000,131.331105,3975,233,0,103,224,2064,10,0
50.327919,3.996000,118.000,16.527000,0.702000,131.331601,3975,233,0,103,224,2064,10,0
50.340540,12.621000,118.000,16.527000,0.702000,131.332082,3975,233,0,103,224,2064,10,0
50.344520,3.980000,118.000,16.527000,0.702000,131.335851,3981,233,0,103,224,2064,10,0
50.356849,12.329000,118.000,16.527000,0.702000,131.336286,3981,233,0,102,224,2064,10,0
50.378637,21.788000,118.000,16.527000,0.702000,132.169679,4473,309,0,202,332,2280,10,0
50.390473,11.836000,118.000,16.527000,0.702000,132.170159,4473,309,0,203,332,2280,10,0
50.392243,1.770000,118.000,16.527000,0.702000,132.170640,4473,309,0,203,332,2280,10,0
50.407460,15.217000,118.000,16.527000,0.702000,132.171094,4473,309,0,182,306,2228,10,0
50.409441,1.981000,118.000,16.527000,0.702000,132.002236,4428,299,0,182,306,2228,10,0
50.424028,14.587000,118.000,16.527000,0.702000,131.980515,4391,299,0,182,306,2228,10,0
50.425665,1.637000,118.000,16.527000,0.702000,131.980996,4391,299,0,182,306,2228,10,0
50.441176,15.511000,118.000,16.527000,0.702000,131.981477,4391,299,0,182,306,2228,10,0
50.444926,3.750000,118.000,16.527000,0.702000,131.981957,4391,299,0,182,306,2228,10,0
50.457177,12.251000,118.000,16.527000,0.702000,131.982438,4391,299,0,182,306,2228,10,0
50.458802,1.625000,118.000,16.527000,0.702000,131.982919,4391,299,0,182,306,2228,10,0
50.474325,15.523000,118.000,16.527000,0.702000,131.983399,4391,299,0,183,306,2228,10,0
50.478195,3.870000,118.000,16.527000,0.702000,131.983880,4391,299,0,183,306,2228,10,0
50.490648,12.453000,118.000,16.527000,0.702000,131.984361,4391,299,0,183,306,2228,10,0
50.495522,4.874000,118.000,16.527000,0.702000,131.984841,4391,299,0,183,306,2228,10,0
50.506819,11.297000,118.000,16.527000,0.702000,131.982820,4387,299,0,146,270,2156,10,0
50.510307,3.488000,118.000,16.527000,0.702000,131.984895,4390,299,0,146,270,2156,10,0
50.523622,13.315000,118.000,16.527000,0.702000,131.980966,4388,299,0,146,270,2156,10,0
50.527554,3.932000,118.000,16.527000,0.702000,131.832822,4316,263,0,146,270,2156,10,0
50.540332,12.778000,118.000,16.527000,0.702000,131.727284,4136,263,0,147,270,2156,10,0
50.544367,4.035000,118.000,16.527000,0.702000,131.727765,4136,263,0,147,270,2156,10,0
50.556758,12.391000,118.000,16.527000,0.702000,131.728246,4136,263,0,147,270,2156,10,0
50.560550,3.792000,118.000,16.527000,0.702000,131.728738,4136,263,0,147,270,2156,10,0
50.573780,13.230000,118.000,16.527000,0.702000,131.729226,4136,263,0,146,270,2156,10,0
50.577769,3.989000,118.000,16.527000,0.702000,131.726174,4130,263,0,146,270,2156,10,0
50.590026,12.257000,118.000,16.527000,0.702000,131.723153,4124,263,0,146,270,2156,10,0
50.593985,3.959000,118.000,16.527000,0.702000,131.721993,4121,263,0,145,269,2154,10,0
50.607105,13.120000,118.000,16.527000,0.702000,131.722474,4121,263,0,145,269,2154,10,0
50.610966,3.861000,118.000,16.527000,0.702000,131.722955,4121,263,0,143,267,2150,10,0
50.624015,13.049000,118.000,16.527000,0.702000,131.723435,4121,263,0,141,266,2148,10,0
50.630226,6.211000,118.000,16.527000,0.702000,131.710618,4115,259,0,141,266,2148,10,0
50.639951,9.725000,118.000,16.527000,0.702000,131.706750,4108,259,0,142,266,2148,10,0
50.644167,4.216000,118.000,16.527000,0.702000,131.705606,4105,259,0,141,264,2144,10,0
50.657285,13.118000,118.000,16.527000,0.702000,131.694650,4102,256,0,140,263,2142,10,0
50.659771,2.486000,118.000,16.527000,0.702000,131.692704,4098,256,0,139,262,2140,10,0
50.673907,14.136000,118.000,16.527000,0.702000,131.832665,4171,263,0,156,280,2176,10,0
50.676398,2.491000,118.000,16.527000,0.702000,131.828435,4164,263,0,156,280,2176,10,0
50.690462,14.064000,118.000,16.527000,0.702000,131.828916,4164,263,0,157,280,2176,10,0
50.692736,2.274000,118.000,16.527000,0.702000,131.830003,4164,263,0,157,280,2176,10,1
50.707293,14.557000,118.000,16.527000,0.702000,131.830483,4164,263,0,157,280,2176,10,1
50.712307,5.014000,118.000,16.527000,0.702000,131.769506,4156,259,0,149,272,2160,10,1
50.723651,11.344000,118.000,16.527000,0.702000,131.760465,4140,259,0,149,272,2160,10,1
50.726379,2.728000,118.000,16.527000,0.702000,131.763669,4149,258,0,149,272,2160,10,0
50.740385,14.006000,118.000,16.527000,0.702000,131.760892,4144,258,0,150,272,2160,10,0
50.744668,4.283000,118.000,16.527000,0.702000,131.759725,4141,258,0,150,272,2160,10,0
50.756670,12.002000,118.000,16.527000,0.702000,131.760205,4141,258,0,150,272,2160,10,0
50.759275,2.605000,118.000,16.527000,0.702000,131.760640,4141,258,0,150,272,2160,10,0
50.773414,14.139000,118.000,16.527000,0.702000,131.761121,4141,258,0,150,272,2160,10,0
50.777909,4.495000,118.000,16.527000,0.702000,131.761601,4141,258,0,150,272,2160,10,0
50.790068,12.159000,118.000,16.527000,0.702000,131.762082,4141,258,0,150,272,2160,10,0
50.793422,3.354000,118.000,16.527000,0.702000,131.762563,4141,258,0,150,272,2160,10,0
50.807134,13.712000,118.000,16.527000,0.702000,131.762990,4141,258,0,150,272,2160,10,0
50.811114,3.980000,118.000,16.527000,0.702000,131.759061,4139,258,0,144,266,2148,10,0
50.823135,12.021000,118.000,16.527000,0.702000,131.759542,4139,258,0,144,266,2148,10,0
50.826450,3.315000,118.000,16.527000,0.702000,131.760022,4139,258,0,144,266,2148,10,0
50.840187,13.737000,118.000,16.527000,0.702000,131.735803,4127,252,0,144,266,2148,10,0
50.843804,3.617000,118.000,16.527000,0.702000,131.718579,4097,252,0,144,266,2148,10,0
50.856664,12.860000,118.000,16.527000,0.702000,131.719060,4097,252,0,143,266,2148,10,0
50.860442,3.778000,118.000,16.527000,0.702000,131.719541,4097,252,0,143,266,2148,10,0
50.873894,13.452000,118.000,16.527000,0.702000,131.720021,4097,252,0,144,266,2148,10,0
50.878074,4.180000,118.000,16.527000,0.702000,131.720502,4097,252,0,144,266,2148,10,0
50.890450,12.376000,118.000,16.527000,0.702000,131.726987,4107,252,0,143,266,2148,10,0
50.894568,4.118000,118.000,16.527000,0.702000,131.727452,4107,252,0,142,265,2146,10,0
50.907312,12.744000,118.000,16.527000,0.702000,131.727933,4107,252,0,143,265,2146,10,0
50.911533,4.221000,118.000,16.527000,0.702000,131.726727,4104,252,0,143,265,2146,10,0
50.923777,12.244000,118.000,16.527000,0.702000,131.727208,4104,252,0,142,265,2146,10,0
50.927833,4.056000,118.000,16.527000,0.702000,131.727719,4104,252,0,142,265,2146,10,0
50.940581,12.748000,118.000,16.527000,0.702000,131.728200,4104,252,0,143,265,2146,10,0
50.957212,16.631000,118.000,16.527000,0.702000,132.179257,4449,306,0,201,327,2270,10,0
50.962615,5.403000,118.000,16.527000,0.702000,132.179738,4449,306,0,201,327,2270,10,0
50.973453,10.838000,118.000,16.527000,0.702000,132.178578,4446,306,0,201,327,2270,10,0
50.977411,3.958000,118.000,16.527000,0.702000,132.179059,4446,306,0,201,327,2270,10,0
50.990290,12.879000,118.000,16.527000,0.702000,131.759290,4404,280,0,147,265,2146,10,0
50.993971,3.681000,118.000,16.527000,0.702000,131.671090,4267,277,0,146,264,2144,10,0
51.006961,12.990000,118.000,16.527000,0.702000,131.667878,4261,277,0,146,264,2144,10,0
51.009417,2.456000,118.000,16.527000,0.702000,131.683511,4271,281,0,146,264,2144,10,0
51.023601,14.184000,118.000,16.527000,0.702000,131.684678,4271,281,0,148,266,2148,10,0
51.026109,2.508000,118.000,16.527000,0.702000,131.685155,4271,281,0,148,266,2148,10,0
51.040068,13.959000,118.000,16.527000,0.702000,131.685636,4271,281,0,148,266,2148,10,0
51.042713,2.645000,118.000,16.527000,0.702000,131.691113,4280,281,0,148,266,2148,10,0
51.056803,14.090000,118.000,16.527000,0.702000,131.691594,4280,281,0,148,266,2148,10,0
51.059400,2.597000,118.000,16.527000,0.702000,131.693742,4283,281,0,148,266,2148,10,0
51.073439,14.039000,118.000,16.527000,0.702000,131.694142,4283,281,0,148,266,2148,10,0
51.075904,2.465000,118.000,16.527000,0.702000,131.692121,4279,281,0,148,266,2148,10,0
51.090028,14.124000,118.000,16.527000,0.702000,131.692601,4279,281,0,114,232,2080,10,0
51.092630,2.602000,118.000,16.527000,0.702000,131.693082,4279,281,0,114,232,2080,10,0
51.106808,14.178000,118.000,16.527000,0.702000,131.693463,4279,281,0,114,232,2080,10,0
51.109744,2.936000,118.000,16.527000,0.702000,131.552529,4212,247,0,114,232,2080,10,0
51.123762,14.018000,118.000,16.527000,0.702000,131.452882,4042,247,0,114,232,2080,10,0
51.127947,4.185000,118.000,16.527000,0.702000,131.455022,4045,247,0,112,230,2076,10,0
51.140311,12.364000,118.000,16.527000,0.702000,131.455503,4045,247,0,112,230,2076,10,0
51.144167,3.856000,118.000,16.527000,0.702000,131.446599,4041,245,0,112,230,2076,10,0
51.156736,12.569000,118.000,16.527000,0.702000,131.441190,4031,245,0,112,230,2076,10,0
51.159993,3.257000,118.000,16.527000,0.702000,131.441480,4031,245,0,112,230,2076,10,0
51.173757,13.764000,118.000,16.527000,0.702000,131.438458,4025,245,0,111,230,2076,10,0
51.176270,2.513000,118.000,16.527000,0.702000,131.438954,4025,245,0,110,229,2074,10,0
51.190338,14.068000,118.000,16.527000,0.702000,131.439389,4025,245,0,110,229,2074,10,0
51.193233,2.895000,118.000,16.527000,0.702000,131.439855,4025,245,0,108,227,2070,10,0
51.207031,13.798000,118.000,16.527000,0.702000,131.440335,4025,245,0,107,226,2068,10,0
51.209776,2.745000,118.000,16.527000,0.702000,131.429181,4022,241,0,107,226,2068,10,0
51.223553,13.777000,118.000,16.527000,0.702000,131.425313,4015,241,0,107,226,2068,10,0
51.226078,2.525000,118.000,16.527000,0.702000,131.425771,4015,241,0,106,224,2064,10,0
51.240286,14.208000,118.000,16.527000,0.702000,131.414815,4012,238,0,104,223,2062,10,0
51.243267,2.981000,118.000,16.527000,0.702000,131.412900,4008,238,0,103,222,2060,10,0
51.257030,13.763000,118.000,16.527000,0.702000,131.552873,4081,245,0,121,240,2096,10,0
51.259816,2.786000,118.000,16.527000,0.702000,131.546945,4071,245,0,121,240,2096,10,0
51.273577,13.761000,117.000,21.126000,0.804000,131.547425,4071,245,0,121,240,2096,10,0
51.276954,3.377000,117.000,21.126000,0.804000,131.542985,4062,245,0,121,240,2096,10,0
51.290367,13.413000,117.000,21.126000,0.804000,131.543466,4062,245,0,121,240,2096,10,0
51.294521,4.154000,117.000,21.126000,0.804000,131.449174,4047,239,0,109,228,2072,10,0
51.306637,12.116000,117.000,21.126000,0.804000,131.435372,4023,239,0,109,228,2072,10,0
51.310580,3.943000,117.000,21.126000,0.804000,131.435853,4023,239,0,109,228,2072,10,0
51.323951,13.371000,117.000,21.126000,0.804000,131.436288,4023,239,0,109,228,2072,10,0
51.327985,4.034000,117.000,21.126000,0.804000,131.436769,4023,239,0,109,228,2072,10,0
51.340580,12.595000,117.000,21.126000,0.804000,131.437249,4023,239,0,109,228,2072,10,0
51.344713,4.133000,117.000,21.126000,0.804000,131.436059,4020,239,0,109,228,2072,10,0
51.356788,12.075000,117.000,21.126000,0.804000,131.436540,4020,239,0,109,228,2072,10,0
51.360767,3.979000,117.000,21.126000,0.804000,131.435380,4017,239,0,109,228,2072,10,0
51.373627,12.860000,117.000,21.126000,0.804000,131.435861,4017,239,0,109,228,2072,10,0
51.377514,3.887000,117.000,21.126000,0.804000,131.437993,4020,239,0,109,228,2072,10,0
51.390064,12.550000,117.000,21.126000,0.804000,131.438474,4020,239,0,109,228,2072,10,0
51.393090,3.026000,117.000,21.126000,0.804000,131.310460,3970,199,0,103,222,2060,10,0
51.407286,14.196000,117.000,21.126000,0.804000,131.274320,3918,199,0,93,202,2020,10,0
51.409727,2.441000,117.000,21.126000,0.804000,131.274800,3918,199,0,93,202,2020,10,0
51.423924,14.197000,117.000,21.126000,0.804000,131.250180,3906,193,0,93,202,2020,10,0
51.426580,2.656000,117.000,21.126000,0.804000,131.234605,3879,193,0,93,202,2020,10,0
51.440557,13.977000,117.000,21.126000,0.804000,131.235040,3879,193,0,93,202,2020,10,0
51.443397,2.840000,117.000,21.126000,0.804000,131.233846,3876,193,0,93,202,2020,10,0
51.457347,13.950000,117.000,21.126000,0.804000,131.234326,3876,193,0,92,202,2020,10,0
51.463046,5.699000,117.000,21.126000,0.804000,131.234792,3876,193,0,92,202,2020,10,0
51.473753,10.707000,117.000,21.126000,0.804000,131.241277,3886,193,0,92,202,2020,10,0
51.476721,2.968000,117.000,21.126000,0.804000,131.241788,3886,193,0,92,202,2020,10,0
51.490432,13.711000,117.000,21.126000,0.804000,131.242269,3886,193,0,92,202,2020,10,0
51.493304,2.872000,117.000,21.126000,0.804000,131.242749,3886,193,0,92,202,2020,10,0
51.506507,13.203000,117.000,21.126000,0.804000,131.243230,3886,193,0,92,202,2020,10,0
51.510327,3.820000,117.000,21.126000,0.804000,131.243726,3886,193,0,92,202,2020,10,0
51.523987,13.660000,117.000,21.126000,0.804000,131.244206,3886,193,0,91,202,2020,10,0
51.541325,17.338000,117.000,21.126000,0.804000,132.047215,4344,266,0,188,307,2230,10,0
51.544854,3.529000,117.000,21.126000,0.804000,132.047788,4344,266,0,188,307,2230,10,0
51.557085,12.231000,117.000,21.126000,0.804000,132.048268,4344,266,0,188,307,2230,10,0
51.561115,4.030000,117.000,21.126000,0.804000,132.048749,4344,266,0,188,307,2230,10,0
51.573844,12.729000,117.000,21.126000,0.804000,131.947167,4349,261,0,175,290,2196,10,0
51.579350,5.506000,117.000,21.126000,0.804000,131.911988,4287,261,0,175,290,2196,10,0
51.589651,10.301000,117.000,21.126000,0.804000,131.912423,4287,261,0,175,290,2196,10,0
51.592285,2.634000,117.000,21.126000,0.804000,131.912904,4287,261,0,175,290,2196,10,0
51.606799,14.514000,117.000,21.126000,0.804000,131.913384,4287,261,0,175,290,2196,10,0
51.608945,2.146000,117.000,21.126000,0.804000,131.912225,4284,261,0,175,290,2196,10,0
51.623426,14.481000,117.000,21.126000,0.804000,131.912705,4284,261,0,175,290,2196,10,0
51.625808,2.382000,117.000,21.126000,0.804000,131.913186,4284,261,0,175,290,2196,10,0
51.640093,14.285000,117.000,21.126000,0.804000,131.913667,4284,261,0,175,290,2196,10,0
51.642390,2.297000,117.000,21.126000,0.804000,131.914147,4284,261,0,175,290,2196,10,0
51.656765,14.375000,117.000,21.126000,0.804000,131.914582,4284,261,0,175,290,2196,10,0
51.659060,2.295000,117.000,21.126000,0.804000,131.910920,4277,261,0,175,290,2196,10,0
51.673430,14.370000,117.000,21.126000,0.804000,131.911302,4277,261,0,142,257,2130,10,0
51.675924,2.494000,117.000,21.126000,0.804000,131.907327,4275,261,0,142,257,2130,10,0
51.690034,14.110000,117.000,21.126000,0.804000,131.907807,4275,261,0,142,257,2130,10,0
51.692827,2.793000,117.000,21.126000,0.804000,131.773934,4209,228,0,142,257,2130,10,0
51.706740,13.913000,117.000,21.126000,0.804000,131.677232,4044,228,0,143,257,2130,10,0
51.710347,3.607000,117.000,21.126000,0.804000,131.677682,4044,228,0,140,254,2124,10,0
51.723799,13.452000,117.000,21.126000,0.804000,131.678163,4044,228,0,140,254,2124,10,0
51.730150,6.351000,117.000,21.126000,0.804000,131.664849,4038,225,0,140,254,2124,10,0
51.734265,4.115000,117.000,21.126000,0.804000,131.656449,4023,225,0,140,254,2124,10,0
51.749337,15.072000,117.000,21.126000,0.804000,131.660096,4029,225,0,140,254,2124,10,0
51.751081,1.744000,117.000,21.126000,0.804000,131.657075,4023,225,0,141,254,2124,10,0
51.765969,14.888000,117.000,21.126000,0.804000,131.659204,4026,225,0,140,253,2122,10,0
51.767580,1.611000,117.000,21.126000,0.804000,131.659684,4026,225,0,140,253,2122,10,0
51.782479,14.899000,117.000,21.126000,0.804000,131.660085,4026,225,0,138,251,2118,10,0
51.784196,1.717000,117.000,21.126000,0.804000,131.660565,4026,225,0,137,250,2116,10,0
51.799260,15.064000,117.000,21.126000,0.804000,131.648355,4020,221,0,137,250,2116,10,1
51.801203,1.943000,117.000,21.126000,0.804000,131.644441,4013,221,0,137,250,2116,10,1
51.816141,14.938000,117.000,21.126000,0.804000,131.646863,4016,221,0,135,248,2112,10,1
51.818173,2.032000,117.000,21.126000,0.804000,131.635907,4013,218,0,134,247,2110,10,1
51.832661,14.488000,117.000,21.126000,0.804000,131.634030,4015,217,0,133,246,2108,10,0
51.835938,3.277000,117.000,21.126000,0.804000,131.719644,4057,220,0,145,258,2132,10,0
51.849138,13.200000,117.000,21.126000,0.804000,131.713777,4047,220,0,145,258,2132,10,0
51.851808,2.670000,117.000,21.126000,0.804000,131.714257,4047,220,0,145,258,2132,10,0
51.865911,14.103000,117.000,21.126000,0.804000,131.714738,4047,220,0,145,258,2132,10,0
51.868695,2.784000,117.000,21.126000,0.804000,131.715219,4047,220,0,145,258,2132,10,0
51.882251,13.556000,117.000,21.126000,0.804000,131.622567,4035,214,0,133,246,2108,10,0
51.885805,3.554000,117.000,21.126000,0.804000,131.608766,4011,214,0,133,246,2108,10,0
51.899140,13.335000,117.000,21.126000,0.804000,131.609246,4011,214,0,133,246,2108,10,0
51.902635,3.495000,117.000,21.126000,0.804000,131.609681,4011,214,0,133,246,2108,10,0
51.915235,12.600000,117.000,21.126000,0.804000,131.611810,4014,214,0,133,246,2108,10,0
51.917245,2.010000,117.000,21.126000,0.804000,131.612290,4014,214,0,133,246,2108,10,0
51.932747,15.502000,117.000,21.126000,0.804000,131.612748,4014,214,0,133,246,2108,10,0
51.934743,1.996000,117.000,21.126000,0.804000,131.613229,4014,214,0,133,246,2108,10,0
51.949408,14.665000,117.000,21.126000,0.804000,131.613725,4014,214,0,133,246,2108,10,0
51.951252,1.844000,117.000,21.126000,0.804000,131.614205,4014,214,0,133,246,2108,10,0
51.965358,14.106000,117.000,21.126000,0.804000,131.614686,4014,214,0,133,246,2108,10,0
51.967730,2.372000,117.000,21.126000,0.804000,131.615167,4014,214,0,133,246,2108,10,0
51.982925,15.195000,117.000,21.126000,0.804000,131.612176,4008,214,0,129,242,2100,10,0
51.984770,1.845000,117.000,21.126000,0.804000,131.608247,4006,214,0,129,242,2100,10,0
51.999501,14.731000,117.000,21.126000,0.804000,131.607041,4003,214,0,128,241,2098,10,0
52.001441,1.940000,117.000,21.126000,0.804000,131.591439,3995,210,0,128,241,2098,10,0
52.016400,14.959000,117.000,21.126000,0.804000,131.580136,3975,210,0,128,241,2098,10,0
52.020900,4.500000,117.000,21.126000,0.804000,131.580548,3975,210,0,128,241,2098,10,0
52.032908,12.008000,117.000,21.126000,0.804000,131.580918,3975,210,0,128,241,2098,10,0
52.035972,3.064000,117.000,21.126000,0.804000,131.581399,3975,210,0,128,241,2098,10,0
52.049497,13.525000,117.000,21.126000,0.804000,131.580255,3972,210,0,128,241,2098,10,0
52.052414,2.917000,117.000,21.126000,0.804000,131.586740,3982,210,0,128,241,2098,10,0
52.065531,13.117000,117.000,21.126000,0.804000,131.587235,3982,210,0,128,241,2098,10,0
52.069249,3.718000,117.000,21.126000,0.804000,131.587716,3982,210,0,128,241,2098,10,0
52.082928,13.679000,117.000,21.126000,0.804000,131.589829,3985,210,0,128,241,2098,10,0
52.085814,2.886000,117.000,21.126000,0.804000,131.590310,3985,210,0,127,240,2096,10,0
52.099561,13.747000,117.000,21.126000,0.804000,131.576470,3980,207,0,127,240,2096,10,0
52.102655,3.094000,117.000,21.126000,0.804000,131.573258,3974,207,0,127,240,2096,10,0
52.129980,27.325000,117.000,21.126000,0.804000,132.101537,4365,269,0,190,308,2232,10,0
52.140790,10.810000,117.000,21.126000,0.804000,132.127629,4392,273,0,192,310,2236,10,0
52.143425,2.635000,117.000,21.126000,0.804000,132.128751,4392,273,0,195,312,2240,10,0
52.157235,13.810000,117.000,21.126000,0.804000,132.127545,4389,273,0,139,248,2112,10,0
52.160735,3.500000,117.000,21.126000,0.804000,131.677533,4303,245,0,139,248,2112,10,0
52.173856,13.121000,117.000,21.126000,0.804000,131.611318,4191,245,0,139,248,2112,10,0
52.176539,2.683000,117.000,21.126000,0.804000,131.611798,4191,245,0,139,248,2112,10,0
52.190891,14.352000,117.000,21.126000,0.804000,131.612279,4191,245,0,139,248,2112,10,0
52.194233,3.342000,117.000,21.126000,0.804000,131.612760,4191,245,0,139,248,2112,10,0
52.207103,12.870000,117.000,21.126000,0.804000,131.613240,4191,245,0,139,248,2112,10,0
52.210048,2.945000,117.000,21.126000,0.804000,131.613721,4191,245,0,139,248,2112,10,0
52.223845,13.797000,117.000,21.126000,0.804000,131.615861,4194,245,0,139,248,2112,10,0
52.226860,3.015000,117.000,21.126000,0.804000,131.616323,4194,245,0,139,248,2112,10,0
52.239864,13.004000,117.000,21.126000,0.804000,131.616757,4194,245,0,139,248,2112,10,0
52.243524,3.660000,117.000,21.126000,0.804000,131.617238,4194,245,0,139,248,2112,10,0
52.256801,13.277000,117.000,21.126000,0.804000,131.615163,4190,245,0,103,212,2040,10,0
52.260362,3.561000,117.000,21.126000,0.804000,131.611234,4188,245,0,103,212,2040,10,0
52.273443,13.081000,117.000,26.657000,0.819000,131.611714,4188,245,0,103,212,2040,10,0
52.277286,3.843000,117.000,26.657000,0.819000,131.463254,4116,209,0,103,212,2040,10,0
52.290179,12.893000,117.000,26.657000,0.819000,131.357717,3936,209,0,103,212,2040,10,0
52.293611,3.432000,117.000,26.657000,0.819000,131.358197,3936,209,0,103,212,2040,10,0
52.307219,13.608000,117.000,26.657000,0.819000,131.358678,3936,209,0,103,212,2040,10,0
52.312586,5.367000,117.000,26.657000,0.819000,131.357553,3933,209,0,103,212,2040,10,0
52.323899,11.313000,117.000,26.657000,0.819000,131.358033,3933,209,0,103,212,2040,10,0
52.327888,3.989000,117.000,26.657000,0.819000,131.358323,3933,209,0,103,212,2040,10,0
52.340177,12.289000,117.000,26.657000,0.819000,131.355302,3927,209,0,103,212,2040,10,0
52.343156,2.979000,117.000,26.657000,0.819000,131.355752,3927,209,0,102,211,2038,10,0
52.357088,13.932000,117.000,26.657000,0.819000,131.352952,3921,209,0,101,211,2038,10,0
52.359720,2.632000,117.000,26.657000,0.819000,131.353448,3921,209,0,99,209,2034,10,0
52.373609,13.889000,117.000,26.657000,0.819000,131.353883,3921,209,0,99,208,2032,10,0
52.376207,2.598000,117.000,26.657000,0.819000,131.341065,3915,205,0,99,208,2032,10,0
52.390266,14.059000,117.000,26.657000,0.819000,131.337197,3908,205,0,99,208,2032,10,0
52.393353,3.087000,117.000,26.657000,0.819000,131.520223,4028,253,0,97,206,2028,10,0
52.406781,13.428000,117.000,26.657000,0.819000,131.518010,4025,250,0,107,229,2074,10,0
52.409248,2.467000,117.000,26.657000,0.819000,131.516168,4021,250,0,106,228,2072,10,0
52.423452,14.204000,117.000,26.657000,0.819000,131.605622,4068,253,0,119,240,2096,10,0
52.426046,2.594000,117.000,26.657000,0.819000,131.599740,4058,253,0,119,240,2096,10,0
52.440073,14.027000,117.000,26.657000,0.819000,131.597688,4054,253,0,119,240,2096,10,0
52.442678,2.605000,117.000,26.657000,0.819000,131.599835,4057,253,0,119,240,2096,10,0
52.457041,14.363000,117.000,26.657000,0.819000,131.600316,4057,253,0,119,240,2096,10,0
52.461088,4.047000,117.000,26.657000,0.819000,131.540730,4052,249,0,111,232,2080,10,0
52.473818,12.730000,117.000,26.657000,0.819000,131.531690,4036,249,0,111,232,2080,10,0
52.478914,5.096000,117.000,26.657000,0.819000,131.532151,4036,249,0,111,232,2080,10,0
52.490305,11.391000,117.000,26.657000,0.819000,131.532632,4036,249,0,111,232,2080,10,0
52.493604,3.299000,117.000,26.657000,0.819000,131.533097,4036,249,0,111,232,2080,10,0
52.507083,13.479000,117.000,26.657000,0.819000,131.533578,4036,249,0,111,232,2080,10,0
52.511064,3.981000,117.000,26.657000,0.819000,131.535748,4039,249,0,111,232,2080,10,0
52.523893,12.829000,117.000,26.657000,0.819000,131.536229,4039,249,0,111,232,2080,10,0
52.530815,6.922000,117.000,26.657000,0.819000,131.536710,4039,249,0,111,232,2080,10,0
52.535247,4.432000,117.000,26.657000,0.819000,131.537190,4039,249,0,111,232,2080,10,0
52.549513,14.266000,117.000,26.657000,0.819000,131.537671,4039,249,0,111,232,2080,10,0
52.552301,2.788000,117.000,26.657000,0.819000,131.538152,4039,249,0,111,232,2080,10,0
52.566014,13.713000,117.000,26.657000,0.819000,131.538579,4039,249,0,107,228,2072,10,0
52.567535,1.521000,117.000,26.657000,0.819000,131.534650,4037,249,0,107,228,2072,10,0
52.582735,15.200000,117.000,26.657000,0.819000,131.535131,4037,249,0,107,228,2072,10,0
52.584469,1.734000,117.000,26.657000,0.819000,131.519082,4029,245,0,107,228,2072,10,0
52.599485,15.016000,117.000,26.657000,0.819000,131.507714,4009,245,0,107,228,2072,10,0
52.601193,1.708000,117.000,26.657000,0.819000,131.508195,4009,245,0,107,228,2072,10,0
52.615912,14.719000,117.000,26.657000,0.819000,131.510335,4012,245,0,107,228,2072,10,0
52.617601,1.689000,117.000,26.657000,0.819000,131.510816,4012,245,0,107,228,2072,10,0
52.632377,14.776000,117.000,26.657000,0.819000,131.511292,4012,245,0,107,228,2072,10,0
52.633947,1.570000,117.000,26.657000,0.819000,131.517777,4022,245,0,107,228,2072,10,0
52.649086,15.139000,117.000,26.657000,0.819000,131.518258,4022,245,0,107,228,2072,10,0
52.651090,2.004000,117.000,26.657000,0.819000,131.518739,4022,245,0,107,228,2072,10,0
52.665766,14.676000,117.000,26.657000,0.819000,131.519174,4022,245,0,107,228,2072,10,0
52.667645,1.879000,117.000,26.657000,0.819000,131.519654,4022,245,0,107,228,2072,10,0
52.682702,15.057000,117.000,26.657000,0.819000,131.516854,4016,245,0,107,228,2072,10,0
52.685438,2.736000,117.000,26.657000,0.819000,131.517335,4016,245,0,107,228,2072,10,0
52.702471,17.033000,117.000,26.657000,0.819000,132.310689,4464,317,0,202,332,2280,10,0
52.715273,12.802000,117.000,26.657000,0.819000,132.313069,4467,317,0,202,332,2280,10,0
52.718527,3.254000,117.000,26.657000,0.819000,132.309934,4461,317,0,202,332,2280,10,0
52.732278,13.751000,117.000,26.657000,0.819000,132.310414,4461,317,0,202,332,2280,10,0
52.735139,2.861000,117.000,26.657000,0.819000,132.184201,4469,311,0,186,312,2240,10,0
52.749427,14.288000,117.000,26.657000,0.819000,132.148145,4406,311,0,186,312,2240,10,0
52.753322,3.895000,117.000,26.657000,0.819000,132.148625,4406,311,0,186,312,2240,10,0
52.765859,12.537000,117.000,26.657000,0.819000,132.149106,4406,311,0,186,312,2240,10,0
52.767865,2.006000,117.000,26.657000,0.819000,132.149587,4406,311,0,186,312,2240,10,0
52.782406,14.541000,117.000,26.657000,0.819000,132.151719,4409,311,0,186,312,2240,10,0
52.784331,1.925000,117.000,26.657000,0.819000,132.152200,4409,311,0,186,312,2240,10,0
52.799364,15.033000,117.000,26.657000,0.819000,132.152680,4409,311,0,186,312,2240,10,0
52.803011,3.647000,117.000,26.657000,0.819000,132.153161,4409,311,0,186,312,2240,10,0
52.815563,12.552000,117.000,26.657000,0.819000,132.153642,4409,311,0,186,312,2240,10,0
52.817415,1.852000,117.000,26.657000,0.819000,132.154122,4409,311,0,186,312,2240,10,0
52.832430,15.015000,117.000,26.657000,0.819000,132.153768,4408,311,0,186,312,2240,10,0
52.834192,1.762000,117.000,26.657000,0.819000,132.149739,4406,311,0,154,280,2176,10,0
52.849124,14.932000,117.000,26.657000,0.819000,132.148488,4403,311,0,154,280,2176,10,0
52.851205,2.081000,117.000,26.657000,0.819000,132.148969,4403,311,0,154,280,2176,10,0
52.865810,14.605000,117.000,26.657000,0.819000,132.019235,4339,279,0,154,280,2176,10,0
52.868230,2.420000,117.000,26.657000,0.819000,131.925431,4179,279,0,155,280,2176,10,0
52.882392,14.162000,117.000,26.657000,0.819000,131.925866,4179,279,0,151,276,2168,10,0
52.885068,2.676000,117.000,26.657000,0.819000,131.926347,4179,279,0,151,276,2168,10,0
52.899302,14.234000,117.000,26.657000,0.819000,131.920232,4182,276,0,151,276,2168,10,1
52.901957,2.655000,117.000,26.657000,0.819000,131.907033,4159,276,0,152,277,2170,10,1
52.915851,13.894000,117.000,26.657000,0.819000,131.907643,4159,276,0,152,277,2170,10,1
52.919392,3.541000,117.000,26.657000,0.819000,131.904622,4153,276,0,151,277,2170,10,1
52.932866,13.474000,117.000,26.657000,0.819000,131.905763,4159,275,0,150,276,2168,10,0
52.935563,2.697000,117.000,26.657000,0.819000,131.902986,4154,275,0,151,276,2168,10,0
52.948912,13.349000,117.000,26.657000,0.819000,131.903466,4154,275,0,149,274,2164,10,0
52.951980,3.068000,117.000,26.657000,0.819000,131.903947,4154,275,0,148,273,2162,10,0
52.966165,14.185000,117.000,26.657000,0.819000,131.891084,4148,271,0,148,273,2162,10,0
52.969207,3.042000,117.000,26.657000,0.819000,131.887216,4141,271,0,149,273,2162,10,0
52.982547,13.340000,117.000,26.657000,0.819000,131.887696,4141,271,0,147,271,2158,10,0
52.986302,3.755000,117.000,26.657000,0.819000,131.876740,4138,268,0,146,270,2156,10,0
52.999260,12.958000,117.000,26.657000,0.819000,131.874810,4134,268,0,145,269,2154,10,0
53.003852,4.592000,117.000,26.657000,0.819000,132.014291,4207,275,0,163,287,2190,10,0
53.016097,12.245000,117.000,26.657000,0.819000,132.006768,4194,275,0,163,287,2190,10,0
53.019065,2.968000,117.000,26.657000,0.819000,132.007249,4194,275,0,163,287,2190,10,0
53.032544,13.479000,117.000,26.657000,0.819000,132.007730,4194,275,0,163,287,2190,10,0
53.035918,3.374000,117.000,26.657000,0.819000,132.008210,4194,275,0,163,287,2190,10,0
53.049531,13.613000,117.000,26.657000,0.819000,131.946855,4186,271,0,155,279,2174,10,0
53.052479,2.948000,117.000,26.657000,0.819000,131.937814,4170,271,0,155,279,2174,10,0
53.065178,12.699000,117.000,26.657000,0.819000,131.936669,4167,271,0,155,279,2174,10,0
53.067255,2.077000,117.000,26.657000,0.819000,131.937150,4167,271,0,155,279,2174,10,0
53.082701,15.446000,117.000,26.657000,0.819000,131.937631,4167,271,0,154,278,2172,10,0
53.084467,1.766000,117.000,26.657000,0.819000,131.938111,4167,271,0,154,278,2172,10,0
53.098729,14.262000,117.000,26.657000,0.819000,131.938592,4167,271,0,153,277,2170,10,0
53.101636,2.907000,117.000,26.657000,0.819000,131.939073,4167,271,0,153,277,2170,10,0
53.116161,14.525000,117.000,26.657000,0.819000,131.939553,4167,271,0,153,277,2170,10,0
53.119823,3.662000,117.000,26.657000,0.819000,131.940034,4167,271,0,153,277,2170,10,0
53.132998,13.175000,117.000,26.657000,0.819000,131.961617,4188,275,0,153,277,2170,10,0
53.137342,4.344000,117.000,26.657000,0.819000,131.962785,4188,275,0,155,279,2174,10,0
53.149558,12.216000,117.000,26.657000,0.819000,131.966447,4194,275,0,149,273,2162,10,0
53.151608,2.050000,117.000,26.657000,0.819000,131.962518,4192,275,0,149,273,2162,10,0
53.166168,14.560000,117.000,26.657000,0.819000,131.964665,4195,275,0,149,273,2162,10,0
53.168307,2.139000,117.000,26.657000,0.819000,131.940492,4183,269,0,149,273,2162,10,0
53.183050,14.743000,117.000,26.657000,0.819000,131.924413,4153,269,0,149,273,2162,10,2
53.185732,2.682000,117.000,26.657000,0.819000,131.924848,4153,269,0,148,272,2160,10,2
53.200056,14.324000,117.000,26.657000,0.819000,131.915593,4148,266,0,148,272,2160,10,2
53.202989,2.933000,117.000,26.657000,0.819000,131.912381,4142,266,0,148,272,2160,10,2
53.216107,13.118000,117.000,26.657000,0.819000,131.933190,4170,268,0,148,272,2160,10,0
53.218245,2.138000,117.000,26.657000,0.819000,131.933206,4170,268,0,151,274,2164,10,0
53.233101,14.856000,117.000,26.657000,0.819000,131.933667,4170,268,0,151,274,2164,10,0
53.235506,2.405000,117.000,26.657000,0.819000,131.934148,4170,268,0,151,274,2164,10,0
53.249698,14.192000,117.000,26.657000,0.819000,131.934644,4170,268,0,151,274,2164,10,0
53.251639,1.941000,117.000,26.657000,0.819000,131.935124,4170,268,0,150,273,2162,10,0
53.266323,14.684000,117.000,26.657000,0.819000,131.935590,4170,268,0,150,273,2162,10,0
53.268335,2.012000,119.000,16.555000,1.195000,131.932881,4165,268,0,150,273,2162,10,0
53.287479,19.144000,119.000,16.555000,1.195000,132.401368,4529,324,0,210,335,2286,10,0
53.298982,11.503000,119.000,16.555000,1.195000,132.403508,4532,324,0,210,335,2286,10,0
53.301059,2.077000,119.000,16.555000,1.195000,132.403989,4532,324,0,210,335,2286,10,0
53.316063,15.004000,119.000,16.555000,1.195000,132.406102,4535,324,0,210,335,2286,10,0
53.330069,14.006000,119.000,16.555000,1.195000,131.976815,4481,296,0,154,271,2158,10,0
53.340516,10.447000,119.000,16.555000,1.195000,131.899552,4349,296,0,154,271,2158,10,0
53.343225,2.709000,119.000,16.555000,1.195000,131.900033,4349,296,0,154,271,2158,10,0
53.356818,13.593000,119.000,16.555000,1.195000,131.900514,4349,296,0,154,271,2158,10,0
53.359949,3.131000,119.000,16.555000,1.195000,131.900994,4349,296,0,154,271,2158,10,0
53.373807,13.858000,119.000,16.555000,1.195000,131.901475,4349,296,0,154,271,2158,10,0
53.376583,2.776000,119.000,16.555000,1.195000,131.901956,4349,296,0,152,269,2154,10,0
53.390441,13.858000,119.000,16.555000,1.195000,131.899156,4343,296,0,152,269,2154,10,0
53.394624,4.183000,119.000,16.555000,1.195000,131.897996,4340,296,0,152,269,2154,10,0
53.406944,12.320000,119.000,16.555000,1.195000,131.898477,4340,296,0,152,269,2154,10,0
53.410578,3.634000,119.000,16.555000,1.195000,131.898866,4340,296,0,152,269,2154,10,0
53.423863,13.285000,119.000,16.555000,1.195000,131.896791,4336,296,0,116,233,2082,10,0
53.428387,4.524000,119.000,16.555000,1.195000,131.892861,4334,296,0,116,233,2082,10,0
53.439827,11.440000,119.000,16.555000,1.195000,131.893342,4334,296,0,116,233,2082,10,0
53.443491,3.664000,119.000,16.555000,1.195000,131.740651,4252,260,0,116,233,2082,10,0
53.456868,13.377000,119.000,16.555000,1.195000,131.635114,4072,260,0,116,233,2082,10,0
53.460426,3.558000,119.000,16.555000,1.195000,131.635579,4072,260,0,116,233,2082,10,0
53.473289,12.863000,119.000,16.555000,1.195000,131.636006,4072,260,0,114,231,2078,10,0
53.477039,3.750000,119.000,16.555000,1.195000,131.612802,4063,254,0,114,231,2078,10,0
53.490360,13.321000,119.000,16.555000,1.195000,131.605897,4051,254,0,114,231,2078,10,0
53.492909,2.549000,119.000,16.555000,1.195000,131.606175,4051,254,0,114,231,2078,10,0
53.506941,14.032000,119.000,16.555000,1.195000,131.603154,4045,254,0,114,231,2078,10,0
53.509568,2.627000,119.000,16.555000,1.195000,131.603604,4045,254,0,113,230,2076,10,0
53.523522,13.954000,119.000,16.555000,1.195000,131.602445,4042,254,0,112,230,2076,10,0
53.526115,2.593000,119.000,16.555000,1.195000,131.604646,4045,254,0,110,228,2072,10,0
53.540240,14.125000,119.000,16.555000,1.195000,131.603486,4042,254,0,110,227,2070,10,0
53.542929,2.689000,119.000,16.555000,1.195000,131.590573,4036,250,0,110,227,2070,10,0
53.556866,13.937000,119.000,16.555000,1.195000,131.586705,4029,250,0,109,227,2070,10,0
53.559481,2.615000,119.000,16.555000,1.195000,131.587201,4029,250,0,108,225,2066,10,0
53.573491,14.010000,119.000,16.555000,1.195000,131.576245,4026,247,0,107,224,2064,10,0
53.576422,2.931000,119.000,16.555000,1.195000,131.574269,4022,247,0,106,223,2062,10,0
53.590111,13.689000,119.000,16.555000,1.195000,131.663133,4069,250,0,118,235,2086,10,0
53.592907,2.796000,119.000,16.555000,1.195000,131.657235,4059,250,0,118,235,2086,10,0
53.606965,14.058000,119.000,16.555000,1.195000,131.657716,4059,250,0,118,235,2086,10,0
53.610679,3.714000,119.000,16.555000,1.195000,131.658212,4059,250,0,118,235,2086,10,0
53.623621,12.942000,119.000,16.555000,1.195000,131.658692,4059,250,0,118,235,2086,10,0
53.627432,3.811000,119.000,16.555000,1.195000,131.566026,4047,244,0,106,223,2062,10,0
53.640259,12.827000,119.000,16.555000,1.195000,131.552224,4023,244,0,106,223,2062,10,0
53.644132,3.873000,119.000,16.555000,1.195000,131.552705,4023,244,0,106,223,2062,10,0
53.657130,12.998000,119.000,16.555000,1.195000,131.553185,4023,244,0,106,223,2062,10,0
53.659793,2.663000,119.000,16.555000,1.195000,131.553636,4023,244,0,106,223,2062,10,0
53.673639,13.846000,119.000,16.555000,1.195000,131.554116,4023,244,0,106,223,2062,10,0
53.676288,2.649000,119.000,16.555000,1.195000,131.554597,4023,244,0,106,223,2062,10,0
53.690551,14.263000,119.000,16.555000,1.195000,131.555078,4023,244,0,106,223,2062,10,0
53.695223,4.672000,119.000,16.555000,1.195000,131.555528,4023,244,0,106,223,2062,10,0
53.707085,11.862000,119.000,16.555000,1.195000,131.556008,4023,244,0,105,223,2062,10,0
53.709944,2.859000,119.000,16.555000,1.195000,131.554879,4020,244,0,106,223,2062,10,0
53.723983,14.039000,119.000,16.555000,1.195000,131.555306,4020,244,0,106,223,2062,10,0
53.728692,4.709000,119.000,16.555000,1.195000,131.551362,4018,244,0,102,219,2054,10,0
53.740380,11.688000,119.000,16.555000,1.195000,131.551843,4018,244,0,102,219,2054,10,0
53.743243,2.863000,119.000,16.555000,1.195000,131.552293,4018,244,0,102,219,2054,10,0
53.757064,13.821000,119.000,16.555000,1.195000,131.536691,4010,240,0,102,219,2054,10,0
53.760211,3.147000,119.000,16.555000,1.195000,131.523770,3987,240,0,102,219,2054,10,0
53.773687,13.476000,119.000,16.555000,1.195000,131.524251,3987,240,0,101,219,2054,10,0
53.777658,3.971000,119.000,16.555000,1.195000,131.524716,3987,240,0,101,219,2054,10,0
53.789781,12.123000,119.000,16.555000,1.195000,131.525197,3987,240,0,102,219,2054,10,0
53.793905,4.124000,119.000,16.555000,1.195000,131.525678,3987,240,0,102,219,2054,10,0
53.807274,13.369000,119.000,16.555000,1.195000,131.532163,3997,240,0,101,219,2054,10,0
53.811427,4.153000,119.000,16.555000,1.195000,131.532659,3997,240,0,101,219,2054,10,0
53.823887,12.460000,119.000,16.555000,1.195000,131.533139,3997,240,0,102,219,2054,10,0
53.827745,3.858000,119.000,16.555000,1.195000,131.533589,3997,240,0,102,219,2054,10,0
53.840537,12.792000,119.000,16.555000,1.195000,131.534070,3997,240,0,102,219,2054,10,0
53.844778,4.241000,119.000,16.555000,1.195000,131.537965,4003,240,0,102,219,2054,10,0
53.857119,12.341000,119.000,16.555000,1.195000,131.538445,4003,240,0,102,219,2054,10,0
53.878571,21.452000,119.000,16.555000,1.195000,132.402287,4502,318,0,205,331,2278,10,0
53.890927,12.356000,119.000,16.555000,1.195000,132.402768,4502,318,0,205,331,2278,10,0
53.893793,2.866000,119.000,16.555000,1.195000,132.405149,4505,318,0,205,331,2278,10,0
53.907363,13.570000,119.000,16.555000,1.195000,132.401986,4499,318,0,189,313,2242,10,0
53.909171,1.808000,119.000,16.555000,1.195000,132.261865,4453,310,0,189,313,2242,10,0
53.924125,14.954000,119.000,16.555000,1.195000,132.244908,4424,310,0,189,313,2242,10,0
53.925986,1.861000,119.000,16.555000,1.195000,132.245389,4424,310,0,189,313,2242,10,0
53.940742,14.756000,119.000,16.555000,1.195000,132.245778,4424,310,0,189,313,2242,10,0
53.942641,1.899000,119.000,16.555000,1.195000,132.246259,4424,310,0,189,313,2242,10,0
53.957254,14.613000,119.000,16.555000,1.195000,132.246739,4424,310,0,189,313,2242,10,0
53.959106,1.852000,119.000,16.555000,1.195000,132.247220,4424,310,0,189,313,2242,10,0
53.973714,14.608000,119.000,16.555000,1.195000,132.247701,4424,310,0,189,313,2242,10,0
53.977583,3.869000,119.000,16.555000,1.195000,132.248181,4424,310,0,189,313,2242,10,0
53.989976,12.393000,119.000,16.555000,1.195000,132.248662,4424,310,0,189,313,2242,10,0
53.992945,2.969000,119.000,16.555000,1.195000,132.249749,4424,310,0,189,313,2242,10,1
54.006645,13.700000,119.000,16.555000,1.195000,132.247674,4420,310,0,153,277,2170,10,1
54.011075,4.430000,119.000,16.555000,1.195000,132.245702,4421,310,0,153,277,2170,10,1
54.023244,12.169000,119.000,16.555000,1.195000,132.246182,4421,310,0,153,277,2170,10,1
54.026871,3.627000,119.000,16.555000,1.195000,132.099969,4355,273,0,153,277,2170,10,0
54.040001,13.130000,119.000,16.555000,1.195000,131.991174,4170,273,0,154,277,2170,10,0
54.044370,4.369000,119.000,16.555000,1.195000,131.991654,4170,273,0,154,277,2170,10,0
54.056670,12.300000,119.000,16.555000,1.195000,131.992089,4170,273,0,154,277,2170,10,0
54.060050,3.380000,119.000,16.555000,1.195000,131.992494,4170,273,0,154,277,2170,10,0
54.073044,12.994000,119.000,16.555000,1.195000,131.992929,4170,273,0,155,277,2170,10,0
54.077790,4.746000,119.000,16.555000,1.195000,131.990022,4164,273,0,155,277,2170,10,0
54.090109,12.319000,119.000,16.555000,1.195000,131.986955,4158,273,0,154,277,2170,10,0
54.094108,3.999000,119.000,16.555000,1.195000,131.985826,4155,273,0,153,276,2168,10,0
54.106614,12.506000,119.000,16.555000,1.195000,131.986970,4156,273,0,154,276,2168,10,0
54.110040,3.426000,119.000,16.555000,1.195000,131.986787,4155,273,0,152,274,2164,10,0
54.123298,13.258000,119.000,16.555000,1.195000,131.987222,4155,273,0,151,273,2162,10,0
54.126903,3.605000,119.000,16.555000,1.195000,131.974404,4149,269,0,151,273,2162,10,0
54.140058,13.155000,119.000,16.555000,1.195000,131.975167,4148,269,0,150,273,2162,10,0
54.143350,3.292000,119.000,16.555000,1.195000,131.972199,4142,269,0,148,271,2158,10,0
54.156788,13.438000,119.000,16.555000,1.195000,131.961862,4140,266,0,147,270,2156,10,0
54.160807,4.019000,119.000,16.555000,1.195000,131.959237,4135,266,0,146,269,2154,10,0
54.173333,12.526000,119.000,16.555000,1.195000,132.074441,4196,271,0,162,284,2184,10,0
54.176384,3.051000,119.000,16.555000,1.195000,132.069570,4188,271,0,162,284,2184,10,0
54.190101,13.717000,119.000,16.555000,1.195000,132.070714,4189,271,0,162,284,2184,10,0
54.193174,3.073000,119.000,16.555000,1.195000,132.070531,4188,271,0,161,283,2182,10,0
54.206758,13.584000,119.000,16.555000,1.195000,132.071675,4189,271,0,161,283,2182,10,0
54.210236,3.478000,119.000,16.555000,1.195000,132.009793,4180,267,0,153,275,2166,10,0
54.223406,13.170000,119.000,16.555000,1.195000,132.001416,4165,267,0,153,275,2166,10,0
54.226444,3.038000,119.000,16.555000,1.195000,132.002892,4167,267,0,153,275,2166,10,0
54.239949,13.505000,119.000,16.555000,1.195000,132.003373,4167,267,0,153,275,2166,10,0
54.244037,4.088000,119.000,16.555000,1.195000,132.002179,4164,267,0,153,275,2166,10,0
54.256551,12.514000,119.000,16.555000,1.195000,132.002660,4164,267,0,153,275,2166,10,0
54.259040,2.489000,119.000,16.555000,1.195000,132.003140,4164,267,0,153,275,2166,10,0
54.273450,14.410000,119.000,16.555000,1.195000,132.004239,4165,267,0,153,275,2166,10,0
54.277432,3.982000,117.000,20.762000,0.889000,132.003919,4164,267,0,153,275,2166,10,0
54.290110,12.678000,117.000,20.762000,0.889000,132.005063,4165,267,0,152,274,2164,10,0
54.292384,2.274000,117.000,20.762000,0.889000,131.996034,4162,264,0,152,274,2164,10,0
54.306783,14.399000,117.000,20.762000,0.889000,131.993432,4157,264,0,152,274,2164,10,0
54.309566,2.783000,117.000,20.762000,0.889000,132.003987,4164,268,0,147,269,2154,10,0
54.323528,13.962000,117.000,20.762000,0.889000,132.005818,4165,268,0,147,270,2156,10,0
54.325894,2.366000,117.000,20.762000,0.889000,132.005631,4164,268,0,147,270,2156,10,0
54.340043,14.149000,117.000,20.762000,0.889000,131.986253,4155,263,0,147,270,2156,10,0
54.344748,4.705000,117.000,20.762000,0.889000,131.955281,4122,258,0,146,269,2154,10,0
54.356821,12.073000,117.000,20.762000,0.889000,131.950879,4113,258,0,145,269,2154,10,0
54.359745,2.924000,117.000,20.762000,0.889000,131.950681,4112,258,0,145,269,2154,10,0
54.373779,14.034000,117.000,20.762000,0.889000,131.951161,4112,258,0,146,269,2154,10,0
54.379127,5.348000,117.000,20.762000,0.889000,131.953286,4115,258,0,146,269,2154,10,0
54.389965,10.838000,117.000,20.762000,0.889000,131.959771,4125,258,0,146,269,2154,10,0
54.393289,3.324000,117.000,20.762000,0.889000,131.960279,4125,258,0,146,269,2154,10,0
54.406916,13.627000,117.000,20.762000,0.889000,131.961423,4126,258,0,146,269,2154,10,0
54.410377,3.461000,117.000,20.762000,0.889000,131.959554,4122,258,0,146,269,2154,10,0
54.423524,13.147000,117.000,20.762000,0.889000,131.960698,4123,258,0,144,269,2154,10,0
54.426932,3.408000,117.000,20.762000,0.889000,131.960515,4122,258,0,144,269,2154,10,0
54.440189,13.257000,117.000,20.762000,0.889000,131.961659,4123,258,0,146,269,2154,10,0
54.454340,14.151000,117.000,20.762000,0.889000,132.379754,4447,309,0,200,327,2270,10,0
54.465371,11.031000,117.000,20.762000,0.889000,132.380189,4447,309,0,200,327,2270,10,0
54.469055,3.684000,117.000,20.762000,0.889000,132.379029,4444,309,0,200,327,2270,10,0
54.482299,13.244000,117.000,20.762000,0.889000,132.379510,4444,309,0,200,327,2270,10,0
54.485063,2.764000,117.000,20.762000,0.889000,131.942483,4412,283,0,144,263,2142,10,0
54.498636,13.573000,117.000,20.762000,0.889000,131.860551,4272,283,0,144,263,2142,10,0
54.501464,2.828000,117.000,20.762000,0.889000,131.861032,4272,283,0,143,262,2140,10,0
54.515566,14.102000,117.000,20.762000,0.889000,131.858323,4267,283,0,143,262,2140,10,0
54.518184,2.618000,117.000,20.762000,0.889000,131.858804,4267,283,0,143,262,2140,10,0
54.532212,14.028000,117.000,20.762000,0.889000,131.857644,4264,283,0,143,262,2140,10,0
54.535419,3.207000,117.000,20.762000,0.889000,131.858125,4264,283,0,143,262,2140,10,0
54.549032,13.613000,117.000,20.762000,0.889000,131.861928,4270,283,0,143,262,2140,10,0
54.551609,2.577000,117.000,20.762000,0.889000,131.862409,4270,283,0,143,262,2140,10,0
54.565492,13.883000,117.000,20.762000,0.889000,131.864556,4273,283,0,143,262,2140,10,0
54.568151,2.659000,117.000,20.762000,0.889000,131.865037,4273,283,0,143,262,2140,10,0
54.582330,14.179000,117.000,20.762000,0.889000,131.863015,4269,283,0,143,262,2140,10,0
54.584850,2.520000,117.000,20.762000,0.889000,131.863450,4269,283,0,111,230,2076,10,0
54.599093,14.243000,117.000,20.762000,0.889000,131.863832,4269,283,0,111,230,2076,10,0
54.601526,2.433000,117.000,20.762000,0.889000,131.859902,4267,283,0,111,230,2076,10,0
54.615980,14.454000,117.000,20.762000,0.889000,131.730100,4203,251,0,111,230,2076,10,0
54.618246,2.266000,117.000,20.762000,0.889000,131.636296,4043,251,0,110,230,2076,10,0
54.632600,14.354000,117.000,20.762000,0.889000,131.636807,4043,251,0,106,226,2068,10,0
54.635080,2.480000,117.000,20.762000,0.889000,131.637219,4043,251,0,107,226,2068,10,0
54.649248,14.168000,117.000,20.762000,0.889000,131.621282,4035,247,0,107,226,2068,10,0
54.651990,2.742000,117.000,20.762000,0.889000,131.610036,4015,247,0,107,226,2068,10,0
54.665922,13.932000,117.000,20.762000,0.889000,131.610375,4015,247,0,107,226,2068,10,0
54.668288,2.366000,117.000,20.762000,0.889000,131.608018,4010,247,0,106,226,2068,10,0
54.682669,14.381000,117.000,20.762000,0.889000,131.607835,4009,247,0,105,225,2066,10,0
54.684733,2.064000,117.000,20.762000,0.889000,131.593320,4004,243,0,104,225,2066,10,0
54.699178,14.445000,117.000,20.762000,0.889000,131.589925,3997,243,0,102,223,2062,10,0
54.701056,1.878000,117.000,20.762000,0.889000,131.590405,3997,243,0,102,222,2060,10,0
54.716136,15.080000,117.000,20.762000,0.889000,131.579251,3994,239,0,102,222,2060,10,0
54.717820,1.684000,117.000,20.762000,0.889000,131.575383,3987,239,0,102,222,2060,10,0
54.732498,14.678000,117.000,20.762000,0.889000,131.575795,3987,239,0,100,220,2056,10,0
54.734096,1.598000,117.000,20.762000,0.889000,131.564839,3984,236,0,99,219,2054,10,0
54.749400,15.304000,117.000,20.762000,0.889000,131.562863,3980,236,0,98,218,2052,10,0
54.752836,3.436000,117.000,20.762000,0.889000,131.677777,4040,241,0,114,233,2082,10,0
54.765842,13.006000,117.000,20.762000,0.889000,131.671895,4030,241,0,114,233,2082,10,0
54.767505,1.663000,117.000,20.762000,0.889000,131.672376,4030,241,0,114,233,2082,10,0
54.782437,14.932000,117.000,20.762000,0.889000,131.669560,4024,241,0,114,233,2082,10,0
54.784786,2.349000,117.000,20.762000,0.889000,131.670041,4024,241,0,114,233,2082,10,0
54.799088,14.302000,117.000,20.762000,0.889000,131.591210,4011,236,0,104,223,2062,10,0
54.801381,2.293000,117.000,20.762000,0.889000,131.579789,3991,236,0,104,223,2062,10,0
54.815448,14.067000,117.000,20.762000,0.889000,131.580270,3991,236,0,104,223,2062,10,0
54.818999,3.551000,117.000,20.762000,0.889000,131.581414,3992,236,0,104,223,2062,10,0
54.832506,13.507000,117.000,20.762000,0.889000,131.581231,3991,236,0,104,223,2062,10,0
54.834262,1.756000,117.000,20.762000,0.889000,131.581712,3991,236,0,104,223,2062,10,0
54.849344,15.082000,117.000,20.762000,0.889000,131.580552,3988,236,0,104,223,2062,10,0
54.851048,1.704000,117.000,20.762000,0.889000,131.581033,3988,236,0,104,223,2062,10,0
54.865951,14.903000,117.000,20.762000,0.889000,131.581513,3988,236,0,104,223,2062,10,0
54.867628,1.677000,117.000,20.762000,0.889000,131.581994,3988,236,0,104,223,2062,10,0
54.882840,15.212000,117.000,20.762000,0.889000,131.584134,3991,236,0,104,223,2062,10,0
54.886658,3.818000,117.000,20.762000,0.889000,131.584569,3991,236,0,104,223,2062,10,0
54.899404,12.746000,117.000,20.762000,0.889000,131.585011,3991,236,0,99,218,2052,10,0
54.901253,1.849000,117.000,20.762000,0.889000,131.581082,3989,236,0,99,218,2052,10,0
54.920625,19.372000,117.000,20.762000,0.889000,131.581563,3989,236,0,99,218,2052,10,0
54.928022,7.397000,117.000,20.762000,0.889000,131.561738,3980,231,0,99,218,2052,10,0
54.940345,12.323000,117.000,20.762000,0.889000,131.548493,3957,231,0,99,218,2052,10,0
54.948492,8.147000,117.000,20.762000,0.889000,131.548924,3957,231,0,99,218,2052,10,0
54.950494,2.002000,117.000,20.762000,0.889000,131.547765,3954,231,0,99,218,2052,10,0
54.965212,14.718000,117.000,20.762000,0.889000,131.548261,3954,231,0,99,218,2052,10,0
54.967019,1.807000,117.000,20.762000,0.889000,131.548741,3954,231,0,99,218,2052,10,0
54.981998,14.979000,117.000,20.762000,0.889000,131.555196,3964,231,0,99,218,2052,10,0
54.983764,1.766000,117.000,20.762000,0.889000,131.555676,3964,231,0,98,218,2052,10,0
54.999682,15.918000,117.000,20.762000,0.889000,131.556172,3964,231,0,98,218,2052,10,0
55.012017,12.335000,117.000,20.762000,0.889000,131.556653,3964,231,0,99,218,2052,10,0
55.017927,5.910000,117.000,20.762000,0.889000,131.557286,3964,231,0,99,218,2052,10,0
55.023234,5.307000,117.000,20.762000,0.889000,131.557767,3964,231,0,99,218,2052,10,0
55.057310,34.076000,117.000,20.762000,0.889000,132.423345,4465,309,0,203,330,2276,10,0
55.060470,3.160000,117.000,20.762000,0.889000,132.423779,4465,309,0,203,330,2276,10,0
55.073610,13.140000,117.000,20.762000,0.889000,132.302087,4426,302,0,189,312,2240,10,0
55.077084,3.474000,117.000,20.762000,0.889000,132.285859,4398,302,0,189,312,2240,10,0
55.090340,13.256000,117.000,20.762000,0.889000,132.286946,4398,302,0,189,312,2240,10,1
55.093717,3.377000,117.000,20.762000,0.889000,132.287381,4398,302,0,189,312,2240,10,1
55.107220,13.503000,117.000,20.762000,0.889000,132.286530,4395,302,0,189,312,2240,10,1
55.109723,2.503000,117.000,20.762000,0.889000,132.286965,4395,302,0,189,312,2240,10,1
55.124119,14.396000,117.000,20.762000,0.889000,132.417775,4527,325,0,189,312,2240,10,0
55.127421,3.302000,117.000,20.762000,0.889000,132.414998,4522,325,0,202,324,2264,10,0
55.140324,12.903000,117.000,20.762000,0.889000,132.415433,4522,325,0,202,324,2264,10,0
55.142076,1.752000,117.000,20.762000,0.889000,132.415914,4522,325,0,202,324,2264,10,0
55.157160,15.084000,117.000,20.762000,0.889000,132.414754,4519,325,0,202,324,2264,10,0
55.158865,1.705000,117.000,20.762000,0.889000,132.412686,4515,325,0,166,288,2192,10,0
55.173875,15.010000,117.000,20.762000,0.889000,132.413167,4515,325,0,166,288,2192,10,0
55.175534,1.659000,117.000,20.762000,0.889000,132.413648,4515,325,0,166,288,2192,10,0
55.190851,15.317000,117.000,20.762000,0.889000,132.267209,4443,289,0,166,288,2192,10,0
55.194177,3.326000,117.000,20.762000,0.889000,132.157262,4261,289,0,166,288,2192,10,0
55.207267,13.090000,117.000,20.762000,0.889000,132.157743,4261,289,0,166,288,2192,10,0
55.209033,1.766000,117.000,20.762000,0.889000,132.158223,4261,289,0,166,288,2192,10,0
55.224507,15.474000,117.000,20.762000,0.889000,132.158685,4261,289,0,166,288,2192,10,0
55.228485,3.978000,117.000,20.762000,0.889000,132.159165,4261,289,0,166,288,2192,10,0
55.240585,12.100000,117.000,20.762000,0.889000,132.162972,4267,289,0,166,288,2192,10,0
55.242537,1.952000,117.000,20.762000,0.889000,132.163247,4267,289,0,166,288,2192,10,0
55.257749,15.212000,117.000,20.762000,0.889000,132.161870,4264,289,0,166,288,2192,10,0
55.261581,3.832000,117.000,20.762000,0.889000,132.162351,4264,289,0,164,287,2190,10,0
55.274278,12.697000,114.000,33.428000,1.056000,132.162797,4264,289,0,162,285,2186,10,0
55.276922,2.644000,114.000,33.428000,1.056000,132.163278,4264,289,0,162,285,2186,10,0
55.290751,13.829000,114.000,33.428000,1.056000,132.150430,4258,285,0,160,283,2182,10,0
55.293605,2.854000,114.000,33.428000,1.056000,132.146562,4251,285,0,160,283,2182,10,0
55.307767,14.162000,114.000,33.428000,1.056000,132.148732,4254,285,0,158,281,2178,10,0
55.311897,4.130000,114.000,33.428000,1.056000,132.149213,4254,285,0,158,281,2178,10,0
55.324066,12.169000,114.000,33.428000,1.056000,132.138192,4251,282,0,157,280,2176,10,0
55.326232,2.166000,114.000,33.428000,1.056000,132.121118,4240,277,0,156,279,2174,10,0
55.340695,14.463000,114.000,33.428000,1.056000,132.218793,4284,285,0,169,291,2198,10,0
55.342539,1.844000,114.000,33.428000,1.056000,132.219274,4284,285,0,169,291,2198,10,0
55.357367,14.828000,114.000,33.428000,1.056000,132.219754,4284,285,0,169,291,2198,10,0
55.359369,2.002000,114.000,33.428000,1.056000,132.220235,4284,285,0,169,291,2198,10,0
55.374022,14.653000,114.000,33.428000,1.056000,132.144776,4277,280,0,159,281,2178,10,0
55.375817,1.795000,114.000,33.428000,1.056000,132.133355,4257,280,0,159,281,2178,10,0
55.390847,15.030000,114.000,33.428000,1.056000,132.123376,4252,277,0,158,280,2176,10,0
55.393023,2.176000,114.000,33.428000,1.056000,132.120164,4246,277,0,158,280,2176,10,0
55.407846,14.823000,114.000,33.428000,1.056000,132.010835,4209,241,0,158,280,2176,10,0
55.409995,2.149000,114.000,33.428000,1.056000,131.979150,4159,241,0,149,262,2140,10,0
55.424096,14.101000,114.000,33.428000,1.056000,131.979634,4159,241,0,149,262,2140,10,0
55.426955,2.859000,114.000,33.428000,1.056000,131.980115,4159,241,0,149,262,2140,10,0
55.441115,14.160000,114.000,33.428000,1.056000,131.965383,4135,241,0,149,262,2140,10,0
55.445852,4.737000,114.000,33.428000,1.056000,131.965863,4135,241,0,149,262,2140,10,0
55.457248,11.396000,114.000,33.428000,1.056000,131.968003,4138,241,0,149,262,2140,10,0
55.459921,2.673000,114.000,33.428000,1.056000,131.968484,4138,241,0,149,262,2140,10,0
55.474273,14.352000,114.000,33.428000,1.056000,131.965611,4132,241,0,149,262,2140,10,0
55.477332,3.059000,114.000,33.428000,1.056000,131.961736,4130,241,0,145,258,2132,10,0
55.491053,13.721000,114.000,33.428000,1.056000,131.960546,4127,241,0,145,258,2132,10,0
55.493894,2.841000,114.000,33.428000,1.056000,131.961026,4127,241,0,145,258,2132,10,0
55.507874,13.980000,114.000,33.428000,1.056000,131.944089,4119,237,0,145,258,2132,10,0
55.512883,5.009000,114.000,33.428000,1.056000,131.932790,4099,237,0,145,258,2132,10,0
55.524098,11.215000,114.000,33.428000,1.056000,131.933270,4099,237,0,145,258,2132,10,0
55.527566,3.468000,114.000,33.428000,1.056000,131.933751,4099,237,0,145,258,2132,10,0
55.541327,13.761000,114.000,33.428000,1.056000,131.932591,4096,237,0,145,258,2132,10,0
55.544404,3.077000,114.000,33.428000,1.056000,131.933072,4096,237,0,145,258,2132,10,0
55.557954,13.550000,114.000,33.428000,1.056000,131.939557,4106,237,0,145,258,2132,10,0
55.560894,2.940000,114.000,33.428000,1.056000,131.940038,4106,237,0,145,258,2132,10,0
55.574567,13.673000,114.000,33.428000,1.056000,131.942178,4109,237,0,145,258,2132,10,0
55.577222,2.655000,114.000,33.428000,1.056000,131.942658,4109,237,0,145,258,2132,10,0
55.591261,14.039000,114.000,33.428000,1.056000,131.943120,4109,237,0,145,258,2132,10,0
55.593103,1.842000,114.000,33.428000,1.056000,131.943601,4109,237,0,145,258,2132,10,0
55.607969,14.866000,114.000,33.428000,1.056000,131.942441,4106,237,0,145,258,2132,10,0
55.629718,21.749000,114.000,33.428000,1.056000,132.427419,4496,293,0,205,322,2260,10,0
55.640141,10.423000,114.000,33.428000,1.056000,132.406201,4460,293,0,205,322,2260,10,0
55.643067,2.926000,114.000,33.428000,1.056000,132.405042,4457,293,0,205,322,2260,10,0
55.656744,13.677000,114.000,33.428000,1.056000,131.940305,4397,263,0,145,254,2124,10,0
55.659266,2.522000,114.000,33.428000,1.056000,131.855519,4252,263,0,145,254,2124,10,0
55.673312,14.046000,114.000,33.428000,1.056000,131.856000,4252,263,0,145,254,2124,10,0
55.675840,2.528000,114.000,33.428000,1.056000,131.856481,4252,263,0,145,254,2124,10,0
55.689996,14.156000,114.000,33.428000,1.056000,131.856915,4252,263,0,145,254,2124,10,0
55.692573,2.577000,114.000,33.428000,1.056000,131.855756,4249,263,0,145,254,2124,10,0
55.706599,14.026000,114.000,33.428000,1.056000,131.856236,4249,263,0,145,254,2124,10,0
55.710273,3.674000,114.000,33.428000,1.056000,131.856717,4249,263,0,145,254,2124,10,0
55.723332,13.059000,114.000,33.428000,1.056000,131.857198,4249,263,0,145,254,2124,10,0
55.727064,3.732000,114.000,33.428000,1.056000,131.857678,4249,263,0,145,254,2124,10,0
55.740135,13.071000,114.000,33.428000,1.056000,131.858159,4249,263,0,145,254,2124,10,0
55.744982,4.847000,114.000,33.428000,1.056000,131.858640,4249,263,0,145,254,2124,10,0
55.756693,11.711000,114.000,33.428000,1.056000,131.856565,4245,263,0,145,254,2124,10,0
55.760105,3.412000,114.000,33.428000,1.056000,131.852635,4243,263,0,109,218,2052,10,0
55.773793,13.688000,114.000,33.428000,1.056000,131.853116,4243,263,0,109,218,2052,10,0
55.778244,4.451000,114.000,33.428000,1.056000,131.740827,4212,228,0,109,218,2052,10,0
55.790460,12.216000,114.000,33.428000,1.056000,131.623944,4014,228,0,110,219,2054,10,0
55.795333,4.873000,114.000,33.428000,1.056000,131.624387,4014,228,0,110,219,2054,10,0
55.806670,11.337000,114.000,33.428000,1.056000,131.623227,4011,228,0,110,219,2054,10,0
55.809850,3.180000,114.000,33.428000,1.056000,131.623662,4011,228,0,110,219,2054,10,0
55.823854,14.004000,114.000,33.428000,1.056000,131.624097,4011,228,0,110,219,2054,10,0
55.829729,5.875000,114.000,33.428000,1.056000,131.624452,4011,228,0,110,219,2054,10,0
55.839727,9.998000,114.000,33.428000,1.056000,131.621430,4005,228,0,110,219,2054,10,0
55.843042,3.315000,114.000,33.428000,1.056000,131.620255,4002,228,0,109,218,2052,10,0
55.856688,13.646000,114.000,33.428000,1.056000,131.620736,4002,228,0,109,218,2052,10,0
55.859876,3.188000,114.000,33.428000,1.056000,131.621217,4002,228,0,107,216,2048,10,0
55.873320,13.444000,114.000,33.428000,1.056000,131.621697,4002,228,0,107,216,2048,10,0
55.876946,3.626000,114.000,33.428000,1.056000,131.608834,3996,224,0,106,215,2046,10,0
55.890120,13.174000,114.000,33.428000,1.056000,131.604966,3989,224,0,106,215,2046,10,0
55.895246,5.126000,114.000,33.428000,1.056000,131.605416,3989,224,0,104,213,2042,10,0
55.906791,11.545000,114.000,33.428000,1.056000,131.605897,3989,224,0,103,212,2040,10,0
55.910244,3.453000,114.000,33.428000,1.056000,131.594865,3986,221,0,103,212,2040,10,0
55.923469,13.225000,114.000,33.428000,1.056000,131.731404,4055,228,0,120,229,2074,10,0
55.926983,3.514000,114.000,33.428000,1.056000,131.725667,4045,228,0,120,229,2074,10,0
55.940382,13.399000,114.000,33.428000,1.056000,131.726148,4045,228,0,120,229,2074,10,0
55.946567,6.185000,114.000,33.428000,1.056000,131.729951,4051,228,0,120,229,2074,10,0
55.956495,9.928000,114.000,33.428000,1.056000,131.730432,4051,228,0,120,229,2074,10,0
55.960363,3.868000,114.000,33.428000,1.056000,131.670880,4046,224,0,106,215,2046,10,0
55.973359,12.996000,114.000,33.428000,1.056000,131.661839,4030,224,0,106,215,2046,10,0
55.976544,3.185000,114.000,33.428000,1.056000,131.662320,4030,224,0,106,215,2046,10,0
55.989970,13.426000,114.000,33.428000,1.056000,131.662801,4030,224,0,106,215,2046,10,0
55.993079,3.109000,114.000,33.428000,1.056000,131.671670,4037,226,0,106,215,2046,10,0
56.006650,13.571000,114.000,33.428000,1.056000,131.672883,4037,226,0,107,216,2048,10,0
56.010589,3.939000,114.000,33.428000,1.056000,131.675000,4040,226,0,107,216,2048,10,0
56.023239,12.650000,114.000,33.428000,1.056000,131.675481,4040,226,0,107,216,2048,10,0
56.026376,3.137000,114.000,33.428000,1.056000,131.675961,4040,226,0,107,216,2048,10,0
56.039962,13.586000,114.000,33.428000,1.056000,131.676442,4040,226,0,107,216,2048,10,0
56.044733,4.771000,114.000,33.428000,1.056000,131.676923,4040,226,0,107,216,2048,10,0
56.056625,11.892000,114.000,33.428000,1.056000,131.677350,4040,226,0,107,216,2048,10,0
56.062262,5.637000,114.000,33.428000,1.056000,131.673421,4038,226,0,101,210,2036,10,0
56.073277,11.015000,114.000,33.428000,1.056000,131.673902,4038,226,0,101,210,2036,10,0
56.076420,3.143000,114.000,33.428000,1.056000,131.674382,4038,226,0,101,210,2036,10,0
56.089978,13.558000,114.000,33.428000,1.056000,131.650495,4026,220,0,101,210,2036,10,0
56.093103,3.125000,114.000,33.428000,1.056000,131.633210,3996,220,0,101,210,2036,10,0
56.106698,13.595000,114.000,33.428000,1.056000,131.633691,3996,220,0,99,210,2036,10,0
56.109833,3.135000,114.000,33.428000,1.056000,131.635819,3999,220,0,99,210,2036,10,0
56.123032,13.199000,114.000,33.428000,1.056000,131.636300,3999,220,0,101,210,2036,10,0
56.126221,3.189000,114.000,33.428000,1.056000,131.636758,3999,220,0,101,210,2036,10,0
56.140058,13.837000,114.000,33.428000,1.056000,131.637239,3999,220,0,95,204,2024,10,0
56.143442,3.384000,114.000,33.428000,1.056000,131.643609,4009,220,0,95,204,2024,10,0
56.157019,13.577000,114.000,33.428000,1.056000,131.624955,3979,220,0,95,204,2024,10,0
56.162927,5.908000,114.000,33.428000,1.056000,131.625436,3979,220,0,95,204,2024,10,0
56.173311,10.384000,114.000,33.428000,1.056000,131.625916,3979,220,0,94,204,2024,10,0
56.176783,3.472000,114.000,33.428000,1.056000,131.623086,3973,220,0,94,204,2024,10,0
56.189853,13.070000,114.000,33.428000,1.056000,131.623567,3973,220,0,95,204,2024,10,0
56.193715,3.862000,114.000,33.428000,1.056000,131.623029,3970,220,0,95,204,2024,10,1
56.210042,16.327000,114.000,33.428000,1.056000,132.417497,4421,292,0,189,310,2236,10,1
56.224002,13.960000,114.000,33.428000,1.056000,132.418241,4421,292,0,189,310,2236,10,1
56.226991,2.989000,114.000,33.428000,1.056000,132.417920,4427,291,0,189,310,2236,10,0
56.239999,13.008000,114.000,33.428000,1.056000,132.443151,4450,295,0,193,314,2244,10,0
56.243652,3.653000,114.000,33.428000,1.056000,132.308560,4414,287,0,177,294,2204,10,0
56.257038,13.386000,114.000,33.428000,1.056000,132.288358,4379,287,0,177,294,2204,10,0
56.261751,4.713000,114.000,33.428000,1.056000,132.288793,4379,287,0,177,294,2204,10,0
56.273743,11.992000,117.000,21.166000,1.055000,132.289273,4379,287,0,177,294,2204,10,0
56.279460,5.717000,117.000,21.166000,1.055000,132.291406,4382,287,0,177,294,2204,10,0
56.290099,10.639000,117.000,21.166000,1.055000,132.291841,4382,287,0,178,294,2204,10,0
56.293925,3.826000,117.000,21.166000,1.055000,132.292321,4382,287,0,178,294,2204,10,0
56.306776,12.851000,117.000,21.166000,1.055000,132.292802,4382,287,0,178,294,2204,10,0
56.310958,4.182000,117.000,21.166000,1.055000,132.293283,4382,287,0,178,294,2204,10,0
56.323591,12.633000,117.000,21.166000,1.055000,132.293763,4382,287,0,178,294,2204,10,0
56.327915,4.324000,117.000,21.166000,1.055000,132.295911,4385,287,0,178,294,2204,10,0
56.340258,12.343000,117.000,21.166000,1.055000,132.296391,4385,287,0,178,294,2204,10,0
56.344554,4.296000,117.000,21.166000,1.055000,132.292676,4378,287,0,178,294,2204,10,0
56.357113,12.559000,117.000,21.166000,1.055000,132.288747,4376,287,0,146,262,2140,10,0
56.362943,5.830000,117.000,21.166000,1.055000,132.289227,4376,287,0,146,262,2140,10,0
56.373483,10.540000,117.000,21.166000,1.055000,132.159497,4312,255,0,146,262,2140,10,0
56.377429,3.946000,117.000,21.166000,1.055000,132.065736,4152,255,0,142,258,2132,10,0
56.390162,12.733000,117.000,21.166000,1.055000,132.066216,4152,255,0,142,257,2130,10,0
56.394256,4.094000,117.000,21.166000,1.055000,132.050324,4144,251,0,142,257,2130,10,0
56.406758,12.502000,117.000,21.166000,1.055000,132.039025,4124,251,0,142,257,2130,10,0
56.410680,3.922000,117.000,21.166000,1.055000,132.223428,4244,299,0,142,257,2130,10,0
56.423373,12.693000,117.000,21.166000,1.055000,132.232606,4244,299,0,155,281,2178,10,0
56.427283,3.910000,117.000,21.166000,1.055000,132.232945,4244,299,0,155,281,2178,10,0
56.439919,12.636000,117.000,21.166000,1.055000,132.229924,4238,299,0,154,281,2178,10,0
56.445098,5.179000,117.000,21.166000,1.055000,132.230405,4238,299,0,153,280,2176,10,0
56.456792,11.694000,117.000,21.166000,1.055000,132.230886,4238,299,0,153,279,2174,10,0
56.460543,3.751000,117.000,21.166000,1.055000,132.232999,4241,299,0,152,278,2172,10,0
56.473815,13.272000,117.000,21.166000,1.055000,132.220227,4235,295,0,151,277,2170,10,0
56.479735,5.920000,117.000,21.166000,1.055000,132.216336,4228,295,0,151,277,2170,10,0
56.490258,10.523000,117.000,21.166000,1.055000,132.206418,4223,292,0,148,274,2164,10,0
56.494660,4.402000,117.000,21.166000,1.055000,132.203130,4217,292,0,148,274,2164,10,0
56.507088,12.428000,117.000,21.166000,1.055000,132.192128,4214,289,0,146,273,2162,10,0
56.512283,5.195000,117.000,21.166000,1.055000,132.342240,4290,300,0,163,290,2196,10,0
56.523848,11.565000,117.000,21.166000,1.055000,132.337090,4280,300,0,164,292,2200,10,0
56.528270,4.422000,117.000,21.166000,1.055000,132.337567,4280,300,0,164,292,2200,10,0
56.540463,12.193000,117.000,21.166000,1.055000,132.338002,4280,300,0,164,292,2200,10,0
56.544832,4.369000,117.000,21.166000,1.055000,132.247262,4271,294,0,152,280,2176,10,0
56.557303,12.471000,117.000,21.166000,1.055000,132.233460,4247,294,0,152,280,2176,10,0
56.561418,4.115000,117.000,21.166000,1.055000,132.232282,4244,294,0,152,280,2176,10,0
56.573704,12.286000,117.000,21.166000,1.055000,132.232762,4244,294,0,152,280,2176,10,0
56.577508,3.804000,117.000,21.166000,1.055000,132.233243,4244,294,0,152,280,2176,10,0
56.590545,13.037000,117.000,21.166000,1.055000,132.233724,4244,294,0,152,280,2176,10,0
56.594718,4.173000,117.000,21.166000,1.055000,132.234189,4244,294,0,152,280,2176,10,0
56.607160,12.442000,117.000,21.166000,1.055000,132.234670,4244,294,0,152,280,2176,10,0
56.611479,4.319000,117.000,21.166000,1.055000,132.235120,4244,294,0,152,280,2176,10,0
56.623807,12.328000,117.000,21.166000,1.055000,132.235600,4244,294,0,152,280,2176,10,0
56.627969,4.162000,117.000,21.166000,1.055000,132.236081,4244,294,0,152,280,2176,10,0
56.640374,12.405000,117.000,21.166000,1.055000,132.236562,4244,294,0,152,280,2176,10,0
56.644416,4.042000,117.000,21.166000,1.055000,132.240365,4250,294,0,152,280,2176,10,0
56.656990,12.574000,117.000,21.166000,1.055000,132.240792,4250,294,0,147,274,2164,10,0
56.660893,3.903000,117.000,21.166000,1.055000,132.238469,4251,294,0,147,274,2164,10,0
56.673367,12.474000,117.000,21.166000,1.055000,132.238950,4251,294,0,147,274,2164,10,0
56.676564,3.197000,117.000,21.166000,1.055000,132.215009,4239,288,0,147,274,2164,10,0
56.690354,13.790000,117.000,21.166000,1.055000,132.197820,4209,288,0,144,272,2160,10,0
56.693030,2.676000,117.000,21.166000,1.055000,132.181428,4204,287,0,144,272,2160,10,0
56.707068,14.038000,117.000,21.166000,1.055000,132.179482,4200,287,0,144,272,2160,10,0
56.709577,2.509000,117.000,21.166000,1.055000,132.181626,4203,287,0,144,272,2160,10,0
56.723926,14.349000,117.000,21.166000,1.055000,132.182107,4203,287,0,145,272,2160,10,0
56.728752,4.826000,117.000,21.166000,1.055000,132.182565,4203,287,0,144,271,2158,10,0
56.740398,11.646000,117.000,21.166000,1.055000,132.182252,4210,285,0,143,271,2158,10,0
56.745769,5.371000,117.000,21.166000,1.055000,132.180352,4206,285,0,143,271,2158,10,0
56.756887,11.118000,117.000,21.166000,1.055000,132.180833,4206,285,0,143,271,2158,10,0
56.759871,2.984000,117.000,21.166000,1.055000,132.181314,4206,285,0,143,271,2158,10,0
56.773627,13.756000,117.000,21.166000,1.055000,132.181794,4206,285,0,143,271,2158,10,0
56.776619,2.992000,117.000,21.166000,1.055000,132.180650,4203,285,0,143,271,2158,10,0
56.790243,13.624000,117.000,21.166000,1.055000,132.181130,4203,285,0,144,271,2158,10,0
56.804816,14.573000,117.000,21.166000,1.055000,132.635507,4540,338,0,202,333,2282,10,0
56.815535,10.719000,117.000,21.166000,1.055000,132.637639,4543,338,0,202,333,2282,10,0
56.818618,3.083000,117.000,21.166000,1.055000,132.666234,4571,342,0,206,337,2290,10,0
56.832143,13.525000,117.000,21.166000,1.055000,132.650098,4541,342,0,152,273,2162,10,0
56.834990,2.847000,117.000,21.166000,1.055000,132.232060,4487,315,0,152,273,2162,10,0
56.848515,13.525000,117.000,21.166000,1.055000,132.168180,4379,315,0,152,273,2162,10,0
56.851532,3.017000,117.000,21.166000,1.055000,132.168660,4379,315,0,152,273,2162,10,0
56.865706,14.174000,117.000,21.166000,1.055000,132.203576,4393,323,0,152,273,2162,11,2
56.868348,2.642000,117.000,21.166000,1.055000,132.205060,4393,323,0,155,279,2202,11,2
56.882592,14.244000,117.000,21.166000,1.055000,132.201669,4387,323,0,155,279,2202,11,0
56.886272,3.680000,117.000,21.166000,1.055000,132.202149,4387,323,0,155,279,2202,11,0
56.898968,12.696000,117.000,21.166000,1.055000,132.200990,4384,323,0,155,279,2202,11,0
56.901883,2.915000,117.000,21.166000,1.055000,132.201470,4384,323,0,155,279,2202,11,0
56.915668,13.785000,117.000,21.166000,1.055000,132.201951,4384,323,0,155,279,2202,11,0
56.918414,2.746000,117.000,21.166000,1.055000,132.202432,4384,323,0,155,279,2202,11,0
56.932592,14.178000,117.000,21.166000,1.055000,132.200410,4380,323,0,155,279,2202,11,0
56.936154,3.562000,117.000,21.166000,1.055000,132.200891,4380,323,0,123,247,2138,11,0
56.948948,12.794000,117.000,21.166000,1.055000,132.199533,4377,323,0,123,247,2138,11,0
56.951755,2.807000,117.000,21.166000,1.055000,132.195603,4375,323,0,123,247,2138,11,0
56.965687,13.932000,117.000,21.166000,1.055000,132.065827,4311,291,0,119,243,2130,11,0
56.968118,2.431000,117.000,21.166000,1.055000,131.972070,4151,291,0,119,243,2130,11,0
56.982850,14.732000,117.000,21.166000,1.055000,131.957864,4146,287,0,119,243,2130,11,0
56.988294,5.444000,117.000,21.166000,1.055000,131.946519,4126,287,0,119,243,2130,11,0
56.998947,10.653000,117.000,21.166000,1.055000,131.946977,4126,287,0,119,243,2130,11,0
57.001906,2.959000,117.000,21.166000,1.055000,131.947457,4126,287,0,118,243,2130,11,0
57.016095,14.189000,117.000,21.166000,1.055000,131.947907,4126,287,0,118,243,2130,11,0
57.018725,2.630000,117.000,21.166000,1.055000,131.944886,4120,287,0,118,243,2130,11,0
57.032888,14.163000,117.000,21.166000,1.055000,131.947026,4123,287,0,117,242,2128,11,0
57.035682,2.794000,117.000,21.166000,1.055000,131.945867,4120,287,0,117,242,2128,11,0
57.049544,13.862000,117.000,21.166000,1.055000,131.946450,4120,287,0,115,240,2124,11,0
57.054805,5.261000,117.000,21.166000,1.055000,131.946931,4120,287,0,114,239,2122,11,0
57.065666,10.861000,117.000,21.166000,1.055000,131.934098,4114,283,0,114,239,2122,11,0
57.068594,2.928000,117.000,21.166000,1.055000,131.930230,4107,283,0,115,239,2122,11,0
57.082676,14.082000,117.000,21.166000,1.055000,131.930711,4107,283,0,113,237,2118,11,0
57.085380,2.704000,117.000,21.166000,1.055000,131.919755,4104,280,0,111,236,2116,11,0
57.099172,13.792000,117.000,21.166000,1.055000,131.917764,4100,280,0,110,235,2114,11,0
57.102662,3.490000,117.000,21.166000,1.055000,132.006635,4147,283,0,123,247,2138,11,0
57.115577,12.915000,117.000,21.166000,1.055000,132.000768,4137,283,0,123,247,2138,11,0
57.118717,3.140000,117.000,21.166000,1.055000,132.001248,4137,283,0,123,247,2138,11,0
57.132555,13.838000,117.000,21.166000,1.055000,132.001714,4137,283,0,123,247,2138,11,0
57.135305,2.750000,117.000,21.166000,1.055000,131.909360,4125,277,0,111,235,2114,11,0
57.148986,13.681000,117.000,21.166000,1.055000,131.895513,4101,277,0,111,235,2114,11,0
57.152217,3.231000,117.000,21.166000,1.055000,131.895993,4101,277,0,111,235,2114,11,0
57.166008,13.791000,117.000,21.166000,1.055000,131.896474,4101,277,0,111,235,2114,11,0
57.168698,2.690000,117.000,21.166000,1.055000,131.896955,4101,277,0,111,235,2114,11,0
57.182139,13.441000,117.000,21.166000,1.055000,131.897435,4101,277,0,111,235,2114,11,0
57.185282,3.143000,117.000,21.166000,1.055000,131.897916,4101,277,0,111,235,2114,11,0
57.199264,13.982000,117.000,21.166000,1.055000,131.899587,4101,277,0,111,235,2114,11,2
57.200886,1.622000,117.000,21.166000,1.055000,131.900067,4101,277,0,111,235,2114,11,2
57.216083,15.197000,117.000,21.166000,1.055000,131.899526,4098,277,0,111,235,2114,11,2
57.217728,1.645000,117.000,21.166000,1.055000,131.900006,4098,277,0,111,235,2114,11,2
57.232644,14.916000,117.000,21.166000,1.055000,131.901872,4110,275,0,111,235,2114,11,0
57.234333,1.689000,117.000,21.166000,1.055000,131.810010,4063,250,0,112,234,2112,11,0
57.249097,14.764000,117.000,21.166000,1.055000,131.789052,4023,250,0,108,230,2104,11,0
57.250687,1.590000,117.000,21.166000,1.055000,131.785123,4021,250,0,108,230,2104,11,0
57.265900,15.213000,117.000,21.166000,1.055000,131.783963,4018,250,0,108,230,2104,11,0
57.267801,1.901000,119.000,14.484000,0.958000,131.768292,4010,246,0,108,230,2104,11,0
57.282708,14.907000,119.000,14.484000,0.958000,131.756989,3990,246,0,108,230,2104,11,0
57.284623,1.915000,119.000,14.484000,0.958000,131.757470,3990,246,0,107,230,2104,11,0
57.299528,14.905000,119.000,14.484000,0.958000,131.758542,3990,246,0,107,230,2104,11,1
57.301552,2.024000,119.000,14.484000,0.958000,131.759023,3990,246,0,108,230,2104,11,1
57.316257,14.705000,119.000,14.484000,0.958000,131.759812,3990,246,0,108,230,2104,11,1
57.318894,2.637000,119.000,14.484000,0.958000,131.766297,4000,246,0,108,230,2104,11,1
57.332674,13.780000,119.000,14.484000,0.958000,131.767423,4006,245,0,108,230,2104,11,0
57.351883,19.209000,119.000,14.484000,0.958000,131.789128,4028,249,0,109,230,2104,11,0
57.365122,13.239000,119.000,14.484000,0.958000,131.790296,4028,249,0,111,232,2108,11,0
57.368828,3.706000,119.000,14.484000,0.958000,131.792352,4031,249,0,111,232,2108,11,0
57.381645,12.817000,119.000,14.484000,0.958000,131.792832,4031,249,0,111,232,2108,11,0
57.404422,22.777000,119.000,14.484000,0.958000,132.639337,4526,326,0,213,344,2332,11,0
57.415008,10.586000,119.000,14.484000,0.958000,132.639817,4526,326,0,211,342,2328,11,0
57.417206,2.198000,119.000,14.484000,0.958000,132.641946,4529,326,0,211,342,2328,11,0
57.431718,14.512000,119.000,14.484000,0.958000,132.486653,4481,317,0,193,320,2284,11,0
57.433749,2.031000,119.000,14.484000,0.958000,132.465665,4445,317,0,193,320,2284,11,0
57.448865,15.116000,119.000,14.484000,0.958000,132.466222,4445,317,0,193,320,2284,11,0
57.451860,2.995000,119.000,14.484000,0.958000,132.466702,4445,317,0,193,320,2284,11,0
57.465296,13.436000,119.000,14.484000,0.958000,132.467137,4445,317,0,193,320,2284,11,0
57.466892,1.596000,119.000,14.484000,0.958000,132.467618,4445,317,0,193,320,2284,11,0
57.482510,15.618000,119.000,14.484000,0.958000,132.468236,4445,317,0,193,320,2284,11,0
57.485648,3.138000,119.000,14.484000,0.958000,132.447755,4435,311,0,190,317,2278,11,0
57.498646,12.998000,119.000,14.484000,0.958000,132.440804,4423,311,0,190,317,2278,11,0
57.500718,2.072000,119.000,14.484000,0.958000,132.441285,4423,311,0,190,317,2278,11,0
57.515438,14.720000,119.000,14.484000,0.958000,132.440915,4422,311,0,190,317,2278,11,0
57.518050,2.612000,119.000,14.484000,0.958000,132.441396,4422,311,0,154,281,2206,11,0
57.532070,14.020000,119.000,14.484000,0.958000,132.441777,4422,311,0,154,281,2206,11,0
57.534441,2.371000,119.000,14.484000,0.958000,132.290982,4348,275,0,154,281,2206,11,0
57.548690,14.249000,119.000,14.484000,0.958000,132.187085,4171,275,0,154,281,2206,11,0
57.551617,2.927000,119.000,14.484000,0.958000,132.187520,4171,275,0,154,281,2206,11,0
57.565887,14.270000,119.000,14.484000,0.958000,132.184079,4169,274,0,153,280,2204,11,0
57.570411,4.524000,119.000,14.484000,0.958000,132.178899,4159,274,0,153,280,2204,11,0
57.582413,12.002000,119.000,14.484000,0.958000,132.179368,4159,274,0,153,280,2204,11,0
57.584958,2.545000,119.000,14.484000,0.958000,132.168084,4154,271,0,151,279,2202,11,0
57.599242,14.284000,119.000,14.484000,0.958000,132.162980,4145,271,0,151,279,2202,11,0
57.602157,2.915000,119.000,14.484000,0.958000,132.159959,4139,271,0,151,279,2202,11,0
57.616325,14.168000,119.000,14.484000,0.958000,132.175664,4149,275,0,150,278,2200,11,0
57.620381,4.056000,119.000,14.484000,0.958000,132.176831,4149,275,0,153,280,2204,11,0
57.632428,12.047000,119.000,14.484000,0.958000,132.178967,4152,275,0,151,278,2200,11,0
57.635043,2.615000,119.000,14.484000,0.958000,132.179448,4152,275,0,150,277,2198,11,0
57.649183,14.140000,119.000,14.484000,0.958000,132.162438,4139,271,0,150,277,2198,11,0
57.651824,2.641000,119.000,14.484000,0.958000,132.158570,4132,271,0,150,277,2198,11,0
57.665693,13.869000,119.000,14.484000,0.958000,132.159181,4132,271,0,148,275,2194,11,0
57.668643,2.950000,119.000,14.484000,0.958000,132.148225,4129,268,0,145,274,2192,11,0
57.683066,14.423000,119.000,14.484000,0.958000,132.132718,4121,263,0,144,273,2190,11,0
57.688538,5.472000,119.000,14.484000,0.958000,132.231050,4165,271,0,157,285,2214,11,0
57.693191,4.653000,119.000,14.484000,0.958000,132.231469,4165,271,0,157,285,2214,11,0
57.706897,13.706000,119.000,14.484000,0.958000,132.231950,4165,271,0,157,285,2214,11,0
57.709363,2.466000,119.000,14.484000,0.958000,132.232430,4165,271,0,157,285,2214,11,0
57.723486,14.123000,119.000,14.484000,0.958000,132.232911,4165,271,0,149,277,2198,11,0
57.726079,2.593000,119.000,14.484000,0.958000,132.173360,4160,267,0,149,277,2198,11,0
57.740031,13.952000,119.000,14.484000,0.958000,132.164319,4144,267,0,149,277,2198,11,0
57.744831,4.800000,119.000,14.484000,0.958000,132.163159,4141,267,0,149,277,2198,11,0
57.756650,11.819000,119.000,14.484000,0.958000,132.163640,4141,267,0,149,277,2198,11,0
57.759648,2.998000,119.000,14.484000,0.958000,132.164075,4141,267,0,149,277,2198,11,0
57.773300,13.652000,119.000,14.484000,0.958000,132.164556,4141,267,0,149,277,2198,11,0
57.775921,2.621000,119.000,14.484000,0.958000,132.163327,4138,267,0,149,277,2198,11,0
57.790410,14.489000,119.000,14.484000,0.958000,132.163808,4138,267,0,149,277,2198,11,0
57.794814,4.404000,119.000,14.484000,0.958000,132.164258,4138,267,0,149,277,2198,11,0
57.806591,11.777000,119.000,14.484000,0.958000,132.164739,4138,267,0,149,277,2198,11,0
57.809905,3.314000,119.000,14.484000,0.958000,132.165196,4138,267,0,149,277,2198,11,0
57.823364,13.459000,119.000,14.484000,0.958000,132.165677,4138,267,0,149,277,2198,11,0
57.826693,3.329000,119.000,14.484000,0.958000,132.166104,4138,267,0,145,273,2190,11,0
57.840426,13.733000,119.000,14.484000,0.958000,132.162175,4136,267,0,145,273,2190,11,0
57.845172,4.746000,119.000,14.484000,0.958000,132.162641,4136,267,0,145,273,2190,11,0
57.856882,11.710000,119.000,14.484000,0.958000,132.146592,4128,263,0,145,273,2190,11,0
57.860837,3.955000,119.000,14.484000,0.958000,132.118192,4103,262,0,143,271,2186,11,0
57.873727,12.890000,119.000,14.484000,0.958000,132.116292,4099,262,0,142,271,2186,11,0
57.877765,4.038000,119.000,14.484000,0.958000,132.116788,4099,262,0,142,271,2186,11,0
57.890337,12.572000,119.000,14.484000,0.958000,132.117269,4099,262,0,143,271,2186,11,0
57.893305,2.968000,119.000,14.484000,0.958000,132.117749,4099,262,0,143,271,2186,11,0
57.906925,13.620000,119.000,14.484000,0.958000,132.124234,4109,262,0,143,271,2186,11,0
57.909879,2.954000,119.000,14.484000,0.958000,132.126649,4112,262,0,143,271,2186,11,0
57.923606,13.727000,119.000,14.484000,0.958000,132.123513,4106,262,0,143,271,2186,11,0
57.926516,2.910000,119.000,14.484000,0.958000,132.123975,4106,262,0,143,271,2186,11,0
57.940126,13.610000,119.000,14.484000,0.958000,132.124455,4106,262,0,143,271,2186,11,0
57.942969,2.843000,119.000,14.484000,0.958000,132.124921,4106,262,0,143,271,2186,11,0
57.956817,13.848000,119.000,14.484000,0.958000,132.125401,4106,262,0,143,271,2186,11,0
57.976414,19.597000,119.000,14.484000,0.958000,132.633832,4489,320,0,207,339,2322,11,0
57.990788,14.374000,119.000,14.484000,0.958000,132.634313,4489,320,0,207,339,2322,11,0
57.993892,3.104000,119.000,14.484000,0.958000,132.634793,4489,320,0,207,339,2322,11,0
58.007055,13.163000,119.000,14.484000,0.958000,132.635274,4489,320,0,151,273,2190,11,0
58.009595,2.540000,119.000,14.484000,0.958000,132.190278,4413,292,0,151,273,2190,11,0
58.023508,13.913000,119.000,14.484000,0.958000,132.124063,4301,292,0,151,273,2190,11,0
58.026505,2.997000,119.000,14.484000,0.958000,132.124543,4301,292,0,151,273,2190,11,0
58.040367,13.862000,119.000,14.484000,0.958000,132.125024,4301,292,0,151,273,2190,11,0
58.043082,2.715000,119.000,14.484000,0.958000,132.125504,4301,292,0,151,273,2190,11,0
58.057286,14.204000,119.000,14.484000,0.958000,132.129331,4307,292,0,151,273,2190,11,0
58.059813,2.527000,119.000,14.484000,0.958000,132.129811,4307,292,0,151,273,2190,11,0
58.074288,14.475000,119.000,14.484000,0.958000,132.131944,4310,292,0,151,273,2190,11,0
58.078547,4.259000,119.000,14.484000,0.958000,132.132424,4310,292,0,151,273,2190,11,0
58.090115,11.568000,119.000,14.484000,0.958000,132.132905,4310,292,0,151,273,2190,11,0
58.093866,3.751000,119.000,14.484000,0.958000,132.133386,4310,292,0,151,273,2190,11,0
58.106901,13.035000,119.000,14.484000,0.958000,132.131310,4306,292,0,115,237,2118,11,0
58.110666,3.765000,119.000,14.484000,0.958000,132.138188,4318,293,0,115,237,2118,11,0
58.123368,12.702000,119.000,14.484000,0.958000,132.136769,4315,293,0,115,238,2120,11,0
58.126458,3.090000,119.000,14.484000,0.958000,131.990373,4243,257,0,115,238,2120,11,0
58.140264,13.806000,119.000,14.484000,0.958000,131.884835,4063,257,0,116,238,2120,11,0
58.142902,2.638000,119.000,14.484000,0.958000,131.883676,4060,257,0,116,238,2120,11,0
58.156896,13.994000,119.000,14.484000,0.958000,131.884156,4060,257,0,116,238,2120,11,0
58.159705,2.809000,119.000,14.484000,0.958000,131.884656,4060,257,0,116,238,2120,11,0
58.173506,13.801000,119.000,14.484000,0.958000,131.885137,4060,257,0,115,238,2120,11,0
58.176319,2.813000,119.000,14.484000,0.958000,131.885411,4060,257,0,115,238,2120,11,0
58.190117,13.798000,119.000,14.484000,0.958000,131.882390,4054,257,0,115,238,2120,11,0
58.193341,3.224000,119.000,14.484000,0.958000,131.882871,4054,257,0,114,237,2118,11,0
58.206820,13.479000,119.000,14.484000,0.958000,131.883351,4054,257,0,114,237,2118,11,0
58.209920,3.100000,119.000,14.484000,0.958000,131.885419,4057,257,0,112,235,2114,11,0
58.223385,13.465000,119.000,14.484000,0.958000,131.885854,4057,257,0,111,234,2112,11,0
58.226161,2.776000,119.000,14.484000,0.958000,131.873013,4051,253,0,111,234,2112,11,0
58.240479,14.318000,119.000,14.484000,0.958000,131.869145,4044,253,0,112,234,2112,11,0
58.245616,5.137000,119.000,14.484000,0.958000,131.869626,4044,253,0,110,232,2108,11,0
58.256497,10.881000,119.000,14.484000,0.958000,131.858670,4041,250,0,108,231,2106,11,0
58.262980,6.483000,119.000,14.484000,0.958000,131.841504,4030,245,0,107,230,2104,11,0
58.267850,4.870000,114.000,22.196000,1.056000,131.989285,4100,257,0,125,248,2140,11,0
58.282455,14.605000,114.000,22.196000,1.056000,131.986394,4094,257,0,125,248,2140,11,0
58.285153,2.698000,114.000,22.196000,1.056000,131.986875,4094,257,0,125,248,2140,11,0
58.298947,13.794000,114.000,22.196000,1.056000,131.985730,4091,257,0,124,247,2138,11,0
58.301642,2.695000,114.000,22.196000,1.056000,131.986211,4091,257,0,124,247,2138,11,0
58.315868,14.226000,114.000,22.196000,1.056000,131.924840,4083,253,0,116,239,2122,11,0
58.318376,2.508000,114.000,22.196000,1.056000,131.915799,4067,253,0,116,239,2122,11,0
58.332110,13.734000,114.000,22.196000,1.056000,131.916280,4067,253,0,116,239,2122,11,0
58.335142,3.032000,114.000,22.196000,1.056000,131.916715,4067,253,0,116,239,2122,11,0
58.349541,14.399000,114.000,22.196000,1.056000,131.915555,4064,253,0,116,239,2122,11,0
58.352432,2.891000,114.000,22.196000,1.056000,131.916036,4064,253,0,116,239,2122,11,0
58.365544,13.112000,114.000,22.196000,1.056000,131.916516,4064,253,0,116,239,2122,11,0
58.369075,3.531000,114.000,22.196000,1.056000,131.916997,4064,253,0,116,239,2122,11,0
58.383017,13.942000,114.000,22.196000,1.056000,131.919148,4067,253,0,116,239,2122,11,0
58.385900,2.883000,114.000,22.196000,1.056000,131.919629,4067,253,0,117,239,2122,11,0
58.399488,13.588000,114.000,22.196000,1.056000,131.920636,4067,253,0,117,239,2122,11,1
58.401220,1.732000,114.000,22.196000,1.056000,131.921117,4067,253,0,117,239,2122,11,1
58.415907,14.687000,114.000,22.196000,1.056000,131.921807,4067,253,0,111,233,2110,11,1
58.417532,1.625000,114.000,22.196000,1.056000,131.917878,4065,253,0,111,233,2110,11,1
58.432450,14.918000,114.000,22.196000,1.056000,131.920590,4074,252,0,111,233,2110,11,0
58.434159,1.709000,114.000,22.196000,1.056000,131.893445,4057,246,0,112,233,2110,11,0
58.449008,14.849000,114.000,22.196000,1.056000,131.874566,4024,246,0,112,233,2110,11,0
58.450437,1.429000,114.000,22.196000,1.056000,131.875047,4024,246,0,112,233,2110,11,0
58.465648,15.211000,114.000,22.196000,1.056000,131.875527,4024,246,0,112,233,2110,11,0
58.467506,1.858000,114.000,22.196000,1.056000,131.876008,4024,246,0,111,232,2108,11,0
58.482302,14.796000,114.000,22.196000,1.056000,131.873300,4019,246,0,111,232,2108,11,0
58.484044,1.742000,114.000,22.196000,1.056000,131.879785,4029,246,0,111,232,2108,11,0
58.498938,14.894000,114.000,22.196000,1.056000,131.880280,4029,246,0,111,232,2108,11,0
58.500643,1.705000,114.000,22.196000,1.056000,131.880761,4029,246,0,111,232,2108,11,0
58.515973,15.330000,114.000,22.196000,1.056000,131.881227,4029,246,0,111,232,2108,11,0
58.519174,3.201000,114.000,22.196000,1.056000,131.881707,4029,246,0,111,232,2108,11,0
58.532799,13.625000,114.000,22.196000,1.056000,131.882203,4029,246,0,111,232,2108,11,0
58.537298,4.499000,114.000,22.196000,1.056000,131.882684,4029,246,0,111,232,2108,11,0
58.555601,18.303000,114.000,22.196000,1.056000,132.672509,4501,320,0,207,336,2316,11,0
58.561506,5.905000,114.000,22.196000,1.056000,132.672990,4501,320,0,207,336,2316,11,0
58.573824,12.318000,114.000,22.196000,1.056000,132.673470,4501,320,0,207,336,2316,11,0
58.575799,1.975000,114.000,22.196000,1.056000,132.673951,4501,320,0,207,336,2316,11,0
58.590066,14.267000,114.000,22.196000,1.056000,132.674432,4501,320,0,187,312,2268,11,0
58.592412,2.346000,114.000,22.196000,1.056000,132.509233,4461,310,0,186,311,2266,11,0
58.606688,14.276000,114.000,22.196000,1.056000,132.485909,4421,310,0,186,311,2266,11,0
58.609137,2.449000,114.000,22.196000,1.056000,132.486394,4421,310,0,186,311,2266,11,0
58.623252,14.115000,114.000,22.196000,1.056000,132.486875,4421,310,0,186,311,2266,11,0
58.625667,2.415000,114.000,22.196000,1.056000,132.489026,4424,310,0,186,311,2266,11,0
58.640027,14.360000,114.000,22.196000,1.056000,132.489507,4424,310,0,186,311,2266,11,0
58.642789,2.762000,114.000,22.196000,1.056000,132.490010,4424,310,0,186,311,2266,11,0
58.656639,13.850000,114.000,22.196000,1.056000,132.490491,4424,310,0,186,311,2266,11,0
58.659127,2.488000,114.000,22.196000,1.056000,132.489331,4421,310,0,186,311,2266,11,0
58.673273,14.146000,114.000,22.196000,1.056000,132.489812,4421,310,0,186,311,2266,11,0
58.677073,3.800000,114.000,22.196000,1.056000,132.487790,4417,310,0,186,311,2266,11,0
58.690090,13.017000,114.000,22.196000,1.056000,132.488217,4417,310,0,149,274,2192,11,0
58.693770,3.680000,114.000,22.196000,1.056000,132.473798,4410,307,0,149,274,2192,11,0
58.706570,12.800000,114.000,22.196000,1.056000,132.470540,4404,307,0,149,274,2192,11,0
58.710716,4.146000,114.000,22.196000,1.056000,132.340985,4345,275,0,149,274,2192,11,0
58.723452,12.736000,114.000,22.196000,1.056000,132.236135,4165,275,0,151,276,2196,11,0
58.727218,3.766000,114.000,22.196000,1.056000,132.236611,4165,275,0,151,276,2196,11,0
58.740090,12.872000,114.000,22.196000,1.056000,132.237092,4165,275,0,151,276,2196,11,0
58.743848,3.758000,114.000,22.196000,1.056000,132.240834,4171,275,0,151,276,2196,11,0
58.757089,13.241000,114.000,22.196000,1.056000,132.241315,4171,275,0,151,276,2196,11,0
58.761523,4.434000,114.000,22.196000,1.056000,132.243272,4174,275,0,151,276,2196,11,0
58.773723,12.200000,114.000,22.196000,1.056000,132.240251,4168,275,0,151,276,2196,11,0
58.778155,4.432000,114.000,22.196000,1.056000,132.240727,4168,275,0,150,275,2194,11,0
58.790480,12.325000,114.000,22.196000,1.056000,132.241208,4168,275,0,150,275,2194,11,0
58.794707,4.227000,114.000,22.196000,1.056000,132.241643,4168,275,0,148,273,2190,11,0
58.806995,12.288000,114.000,22.196000,1.056000,132.242124,4168,275,0,147,272,2188,11,0
58.810964,3.969000,114.000,22.196000,1.056000,132.230950,4165,271,0,147,272,2188,11,0
58.823678,12.714000,114.000,22.196000,1.056000,132.227082,4158,271,0,147,272,2188,11,0
58.826391,2.713000,114.000,22.196000,1.056000,132.227544,4158,271,0,145,270,2184,11,0
58.840591,14.200000,114.000,22.196000,1.056000,132.214948,4152,268,0,143,269,2182,11,0
58.844668,4.077000,114.000,22.196000,1.056000,132.212987,4148,268,0,142,268,2180,11,0
58.857168,12.500000,114.000,22.196000,1.056000,132.376710,4234,277,0,163,289,2222,11,0
58.861793,4.625000,114.000,22.196000,1.056000,132.369187,4221,277,0,163,289,2222,11,0
58.873480,11.687000,114.000,22.196000,1.056000,132.369668,4221,277,0,163,289,2222,11,0
58.876191,2.711000,114.000,22.196000,1.056000,132.370103,4221,277,0,163,289,2222,11,0
58.890160,13.969000,114.000,22.196000,1.056000,132.370584,4221,277,0,163,289,2222,11,0
58.894751,4.591000,114.000,22.196000,1.056000,132.278138,4209,271,0,151,277,2198,11,0
58.906779,12.028000,114.000,22.196000,1.056000,132.264337,4185,271,0,151,277,2198,11,0
58.909503,2.724000,114.000,22.196000,1.056000,132.266465,4188,271,0,151,277,2198,11,0
58.923558,14.055000,114.000,22.196000,1.056000,132.266946,4188,271,0,151,277,2198,11,0
58.926343,2.785000,114.000,22.196000,1.056000,132.267419,4188,271,0,151,277,2198,11,0
58.939846,13.503000,114.000,22.196000,1.056000,132.267900,4188,271,0,151,277,2198,11,0
58.943175,3.329000,114.000,22.196000,1.056000,132.266740,4185,271,0,151,277,2198,11,0
58.957127,13.952000,114.000,22.196000,1.056000,132.267220,4185,271,0,151,277,2198,11,0
58.961498,4.371000,114.000,22.196000,1.056000,132.267701,4185,271,0,151,277,2198,11,0
58.973776,12.278000,114.000,22.196000,1.056000,132.268182,4185,271,0,151,277,2198,11,0
58.977694,3.918000,114.000,22.196000,1.056000,132.265382,4179,271,0,151,277,2198,11,0
58.990573,12.879000,114.000,22.196000,1.056000,132.265809,4179,271,0,151,277,2198,11,0
58.997017,6.444000,114.000,22.196000,1.056000,132.260240,4174,271,0,144,270,2184,11,0
59.000797,3.780000,114.000,22.196000,1.056000,132.260720,4174,271,0,144,270,2184,11,0
59.015957,15.160000,114.000,22.196000,1.056000,132.261201,4174,271,0,144,270,2184,11,0
59.017793,1.836000,114.000,22.196000,1.056000,132.233251,4160,264,0,144,270,2184,11,0
59.032626,14.833000,114.000,22.196000,1.056000,132.197743,4123,263,0,142,268,2180,11,0
59.034362,1.736000,114.000,22.196000,1.056000,132.195844,4119,263,0,142,268,2180,11,0
59.049418,15.056000,114.000,22.196000,1.056000,132.194684,4116,263,0,142,268,2180,11,0
59.052719,3.301000,114.000,22.196000,1.056000,132.195165,4116,263,0,142,268,2180,11,0
59.066004,13.285000,114.000,22.196000,1.056000,132.195645,4116,263,0,142,268,2180,11,0
59.070215,4.211000,114.000,22.196000,1.056000,132.202130,4126,263,0,142,268,2180,11,0
59.082192,11.977000,114.000,22.196000,1.056000,132.204255,4129,263,0,142,268,2180,11,0
59.084480,2.288000,114.000,22.196000,1.056000,132.204736,4129,263,0,142,268,2180,11,0
59.099633,15.153000,114.000,22.196000,1.056000,132.205152,4129,263,0,142,268,2180,11,0
59.103447,3.814000,114.000,22.196000,1.056000,132.205632,4129,263,0,142,268,2180,11,0
59.115951,12.504000,114.000,22.196000,1.056000,132.206113,4129,263,0,142,268,2180,11,0
59.118409,2.458000,114.000,22.196000,1.056000,132.206594,4129,263,0,142,268,2180,11,0
59.137015,18.606000,114.000,22.196000,1.056000,132.717179,4518,321,0,206,336,2316,11,0
59.148686,11.671000,114.000,22.196000,1.056000,132.717660,4518,321,0,206,336,2316,11,0
59.151515,2.829000,114.000,22.196000,1.056000,132.716500,4515,321,0,206,336,2316,11,0
59.165307,13.792000,114.000,22.196000,1.056000,132.716981,4515,321,0,206,336,2316,11,0
59.167897,2.590000,114.000,22.196000,1.056000,132.329751,4465,296,0,156,278,2200,11,0
59.181929,14.032000,114.000,22.196000,1.056000,132.254106,4335,296,0,156,278,2200,11,0
59.184768,2.839000,114.000,22.196000,1.056000,132.254586,4335,296,0,156,278,2200,11,0
59.198746,13.978000,114.000,22.196000,1.056000,132.255067,4335,296,0,156,278,2200,11,0
59.201706,2.960000,114.000,22.196000,1.056000,132.255548,4335,296,0,156,278,2200,11,0
59.215671,13.965000,114.000,22.196000,1.056000,132.256028,4335,296,0,156,278,2200,11,0
59.218408,2.737000,114.000,22.196000,1.056000,132.256509,4335,296,0,156,278,2200,11,0
59.232287,13.879000,114.000,22.196000,1.056000,132.256989,4335,296,0,156,278,2200,11,0
59.235110,2.823000,114.000,22.196000,1.056000,132.257470,4335,296,0,156,278,2200,11,0
59.249135,14.025000,114.000,22.196000,1.056000,132.257905,4335,296,0,156,278,2200,11,0
59.250985,1.850000,114.000,22.196000,1.056000,132.258386,4335,296,0,156,278,2200,11,0
59.266059,15.074000,114.000,22.196000,1.056000,132.256310,4331,296,0,156,278,2200,11,0
59.269907,3.848000,118.000,18.048000,0.854000,132.252381,4329,296,0,120,242,2128,11,0
59.282173,12.266000,118.000,18.048000,0.854000,132.252862,4329,296,0,120,242,2128,11,0
59.284063,1.890000,118.000,18.048000,0.854000,132.253343,4329,296,0,120,242,2128,11,0
59.299164,15.101000,118.000,18.048000,0.854000,132.106931,4257,260,0,120,242,2128,11,0
59.300955,1.791000,118.000,18.048000,0.854000,132.001393,4077,260,0,120,242,2128,11,0
59.315933,14.978000,118.000,18.048000,0.854000,132.001924,4077,260,0,120,242,2128,11,0
59.317638,1.705000,118.000,18.048000,0.854000,132.002404,4077,260,0,120,242,2128,11,0
59.332560,14.922000,118.000,18.048000,0.854000,132.002885,4077,260,0,120,242,2128,11,0
59.334717,2.157000,118.000,18.048000,0.854000,132.003320,4077,260,0,120,242,2128,11,0
59.349478,14.761000,118.000,18.048000,0.854000,132.003644,4077,260,0,120,242,2128,11,0
59.353403,3.925000,118.000,18.048000,0.854000,132.000623,4071,260,0,120,242,2128,11,0
59.365583,12.180000,118.000,18.048000,0.854000,131.999463,4068,260,0,119,241,2126,11,0
59.368352,2.769000,118.000,18.048000,0.854000,131.999944,4068,260,0,119,241,2126,11,0
59.382777,14.425000,118.000,18.048000,0.854000,132.000424,4068,260,0,117,239,2122,11,0
59.387310,4.533000,118.000,18.048000,0.854000,132.000905,4068,260,0,116,238,2120,11,0
59.398860,11.550000,118.000,18.048000,0.854000,131.988027,4062,256,0,116,238,2120,11,0
59.401942,3.082000,118.000,18.048000,0.854000,131.984113,4055,256,0,116,238,2120,11,0
59.415869,13.927000,118.000,18.048000,0.854000,131.984609,4055,256,0,114,236,2116,11,0
59.418716,2.847000,118.000,18.048000,0.854000,131.973653,4052,253,0,113,235,2114,11,0
59.433023,14.307000,118.000,18.048000,0.854000,131.844468,3998,213,0,112,234,2112,11,0
59.437806,4.783000,118.000,18.048000,0.854000,131.926259,4008,218,0,117,229,2102,11,0
59.449541,11.735000,118.000,18.048000,0.854000,131.923669,4004,218,0,117,229,2102,11,0
59.454191,4.650000,118.000,18.048000,0.854000,131.924150,4004,218,0,117,229,2102,11,0
59.466144,11.953000,118.000,18.048000,0.854000,131.926290,4007,218,0,117,229,2102,11,0
59.469158,3.014000,118.000,18.048000,0.854000,131.926770,4007,218,0,117,229,2102,11,0
59.482822,13.664000,118.000,18.048000,0.854000,131.818971,3993,211,0,103,215,2074,11,0
59.485715,2.893000,118.000,18.048000,0.854000,131.802789,3965,211,0,103,215,2074,11,0
59.499746,14.031000,118.000,18.048000,0.854000,131.803891,3965,211,0,103,215,2074,11,1
59.502579,2.833000,118.000,18.048000,0.854000,131.804372,3965,211,0,103,215,2074,11,1
59.516593,14.014000,118.000,18.048000,0.854000,131.806828,3968,211,0,103,215,2074,11,1
59.519326,2.733000,118.000,18.048000,0.854000,131.807309,3968,211,0,103,215,2074,11,1
59.533189,13.863000,118.000,18.048000,0.854000,131.806901,3974,210,0,103,215,2074,11,0
59.535876,2.687000,118.000,18.048000,0.854000,131.804124,3969,210,0,103,215,2074,11,0
59.549500,13.624000,118.000,18.048000,0.854000,131.802979,3966,210,0,103,215,2074,11,0
59.552576,3.076000,118.000,18.048000,0.854000,131.787335,3959,205,0,102,214,2072,11,0
59.566248,13.672000,118.000,18.048000,0.854000,131.782208,3949,205,0,102,214,2072,11,0
59.569014,2.766000,118.000,18.048000,0.854000,131.782689,3949,205,0,102,214,2072,11,0
59.582875,13.861000,118.000,18.048000,0.854000,131.783132,3949,205,0,97,209,2062,11,0
59.585796,2.921000,118.000,18.048000,0.854000,131.779202,3947,205,0,97,209,2062,11,0
59.599574,13.778000,118.000,18.048000,0.854000,131.779683,3947,205,0,97,209,2062,11,0
59.602663,3.089000,118.000,18.048000,0.854000,131.759027,3937,200,0,97,209,2062,11,0
59.616402,13.739000,118.000,18.048000,0.854000,131.746316,3915,200,0,97,209,2062,11,0
59.619350,2.948000,118.000,18.048000,0.854000,131.746797,3915,200,0,97,209,2062,11,0
59.632934,13.584000,118.000,18.048000,0.854000,131.747239,3915,200,0,97,209,2062,11,0
59.636458,3.524000,118.000,18.048000,0.854000,131.747720,3915,200,0,97,209,2062,11,0
59.649626,13.168000,118.000,18.048000,0.854000,131.748200,3915,200,0,97,209,2062,11,0
59.652574,2.948000,118.000,18.048000,0.854000,131.754685,3925,200,0,97,209,2062,11,0
59.666287,13.713000,118.000,18.048000,0.854000,131.755181,3925,200,0,97,209,2062,11,0
59.669183,2.896000,118.000,18.048000,0.854000,131.755662,3925,200,0,96,209,2062,11,0
59.683008,13.825000,118.000,18.048000,0.854000,131.752862,3919,200,0,96,209,2062,11,0
59.685902,2.894000,118.000,18.048000,0.854000,131.753343,3919,200,0,96,209,2062,11,0
59.699315,13.413000,118.000,18.048000,0.854000,131.752168,3916,200,0,95,208,2060,11,0
59.703058,3.743000,118.000,18.048000,0.854000,131.752648,3916,200,0,96,208,2060,11,0
59.727380,24.322000,118.000,18.048000,0.854000,132.563115,4397,275,0,194,314,2272,11,0
59.741133,13.753000,118.000,18.048000,0.854000,132.563550,4397,275,0,194,314,2272,11,0
59.744144,3.011000,118.000,18.048000,0.854000,132.564031,4397,275,0,194,314,2272,11,0
59.757638,13.494000,118.000,18.048000,0.854000,132.562840,4394,275,0,174,290,2224,11,0
59.760531,2.893000,118.000,18.048000,0.854000,132.389264,4339,265,0,174,290,2224,11,0
59.774040,13.509000,118.000,18.048000,0.854000,132.365895,4299,265,0,174,290,2224,11,0
59.775872,1.832000,118.000,18.048000,0.854000,132.366330,4299,265,0,174,290,2224,11,0
59.790789,14.917000,118.000,18.048000,0.854000,132.368482,4302,265,0,174,290,2224,11,0
59.794244,3.455000,118.000,18.048000,0.854000,132.358117,4297,262,0,173,289,2222,11,0
59.807334,13.090000,118.000,18.048000,0.854000,132.356519,4294,262,0,173,289,2222,11,0
59.809124,1.790000,118.000,18.048000,0.854000,132.356999,4294,262,0,173,289,2222,11,0
59.824094,14.970000,118.000,18.048000,0.854000,132.374036,4304,266,0,173,289,2222,11,0
59.826288,2.194000,118.000,18.048000,0.854000,132.376866,4307,266,0,175,291,2226,11,0
59.840416,14.128000,118.000,18.048000,0.854000,132.377347,4307,266,0,175,291,2226,11,0
59.844106,3.690000,118.000,18.048000,0.854000,132.376187,4304,266,0,175,291,2226,11,0
59.856758,12.652000,118.000,18.048000,0.854000,132.374112,4300,266,0,139,255,2154,11,0
59.859230,2.472000,118.000,18.048000,0.854000,132.370183,4298,266,0,139,255,2154,11,0
59.873537,14.307000,118.000,18.048000,0.854000,132.370618,4298,266,0,139,255,2154,11,0
59.876652,3.115000,118.000,18.048000,0.854000,132.222955,4226,230,0,139,255,2154,11,0
59.890553,13.901000,118.000,18.048000,0.854000,132.117417,4046,230,0,139,255,2154,11,0
59.895210,4.657000,118.000,18.048000,0.854000,132.117898,4046,230,0,139,255,2154,11,0
59.907031,11.821000,118.000,18.048000,0.854000,132.118333,4046,230,0,139,255,2154,11,0
59.912282,5.251000,118.000,18.048000,0.854000,132.118863,4046,230,0,139,255,2154,11,0
59.923613,11.331000,118.000,18.048000,0.854000,132.119344,4046,230,0,139,255,2154,11,0
59.927709,4.096000,118.000,18.048000,0.854000,132.119672,4046,230,0,139,255,2154,11,0
59.940208,12.499000,118.000,18.048000,0.854000,132.116651,4040,230,0,139,255,2154,11,0
59.944234,4.026000,118.000,18.048000,0.854000,132.115506,4037,230,0,138,254,2152,11,0
59.956883,12.649000,118.000,18.048000,0.854000,132.115987,4037,230,0,137,254,2152,11,0
59.960588,3.705000,118.000,18.048000,0.854000,132.116467,4037,230,0,135,252,2148,11,0
59.973843,13.255000,118.000,18.048000,0.854000,132.116948,4037,230,0,135,251,2146,11,0
59.979276,5.433000,118.000,18.048000,0.854000,132.104115,4031,226,0,135,251,2146,11,0
59.989914,10.638000,118.000,18.048000,0.854000,132.100247,4024,226,0,135,251,2146,11,0
59.993813,3.899000,118.000,18.048000,0.854000,132.100743,4024,226,0,133,249,2142,11,0
60.007124,13.311000,118.000,18.048000,0.854000,132.089787,4021,223,0,132,248,2140,11,0
