elapsed_s,objects,nodes,orphans
0.000,3443,198,0
0.008,3443,198,0
0.017,3443,198,0
0.025,3443,198,0
0.033,3443,198,0
0.042,3443,198,0
0.050,3441,198,0
0.058,3441,198,0
0.067,3435,192,0
0.075,3405,192,0
0.083,3405,192,0
0.092,3405,192,0
0.100,3405,192,0
0.108,3408,192,0
0.117,3408,192,0
0.125,3424,191,0
0.133,3419,191,0
0.142,3419,191,0
0.150,3419,191,0
0.158,3419,191,0
0.167,3419,191,0
0.175,3419,191,0
0.183,3689,266,0
0.192,3686,266,0
0.200,3670,258,0
0.208,3662,262,0
0.217,3655,262,0
0.225,3651,260,0
0.233,3643,260,0
0.242,3643,260,0
0.250,3646,260,0
0.258,3646,260,0
0.267,3646,260,0
0.275,3646,260,0
0.283,3646,260,0
0.292,3646,260,0
0.300,3646,260,0
0.308,3642,260,0
0.317,3642,260,0
0.325,3642,260,0
0.333,3656,264,0
0.342,3647,255,0
0.350,3602,255,0
0.358,3602,255,0
0.367,3600,253,0
0.375,3590,253,0
0.383,3585,250,0
0.392,3579,250,0
0.400,3576,250,0
0.408,3576,250,0
0.417,3586,254,0
0.425,3586,254,0
0.433,3586,254,0
0.442,3582,250,0
0.450,3572,250,0
0.458,3572,250,0
0.467,3572,250,0
0.475,3569,250,0
0.483,3560,245,0
0.492,3550,245,0
0.500,3576,249,0
0.508,3576,249,0
0.517,3570,246,0
0.525,3558,246,0
0.533,3561,246,0
0.542,3561,246,0
0.550,3564,246,0
0.558,3555,246,0
0.567,3555,246,0
0.575,3555,246,0
0.583,3558,246,0
0.592,3558,246,0
0.600,3558,246,0
0.608,3558,246,0
0.617,3558,246,0
0.625,3558,246,0
0.633,3555,246,0
0.642,3555,246,0
0.650,3556,246,0
0.658,3556,246,0
0.667,3554,244,0
0.675,3544,244,0
0.683,3544,244,0
0.692,3544,244,0
0.700,3544,244,0
0.708,3544,244,0
0.717,3544,244,0
0.725,3554,244,0
0.733,3554,244,0
0.742,3564,245,0
0.750,3561,245,0
0.758,3561,245,0
0.767,3558,245,0
0.775,3558,245,0
0.783,3833,292,0
0.792,3833,292,0
0.800,3818,283,0
0.808,3782,283,0
0.817,3815,289,0
0.825,3796,287,0
0.833,3788,287,0
0.842,3788,287,0
0.850,3788,287,0
0.858,3788,287,0
0.867,3788,287,0
0.875,3788,287,0
0.883,3785,287,0
0.892,3785,287,0
0.900,3785,287,0
0.908,3785,287,0
0.917,3781,287,0
0.925,3781,287,0
0.933,3779,287,0
0.942,3779,287,0
0.950,3763,268,0
0.958,3668,268,0
0.967,3668,268,0
0.975,3668,268,0
0.983,3665,265,0
0.992,3650,265,0
1.000,3662,263,0
1.008,3646,263,0
1.017,3646,263,0
1.025,3646,263,0
1.033,3643,263,0
1.042,3643,263,0
1.050,3639,259,0
1.058,3632,259,0
1.067,3632,259,0
1.075,3632,259,0
1.083,3626,254,0
1.092,3607,254,0
1.100,3610,254,0
1.108,3636,258,0
1.117,3631,258,0
1.125,3627,256,0
1.133,3733,280,0
1.142,3733,280,0
1.150,3733,280,0
1.158,3733,280,0
1.167,3733,280,0
1.175,3733,280,0
1.183,3730,280,0
1.192,3730,280,0
1.200,3730,280,0
1.208,3730,280,0
1.217,3736,279,0
1.225,3731,279,0
1.233,3734,279,0
1.242,3734,279,0
1.250,3732,279,0
1.258,3722,273,0
1.267,3708,271,0
1.275,3701,271,0
1.283,3701,271,0
1.292,3704,271,0
1.300,3704,271,0
1.308,3704,271,0
1.317,3714,271,0
1.325,3716,271,0
1.333,3716,271,0
1.342,3716,271,0
1.350,3716,271,0
1.358,3979,316,0
1.367,3979,316,0
1.375,3979,316,0
1.383,3979,316,0
1.392,3941,297,0
1.400,3889,301,0
1.408,3879,301,0
1.417,3873,298,0
1.425,3861,298,0
1.433,3861,298,0
1.442,3858,298,0
1.450,3853,295,0
1.458,3847,295,0
1.467,3847,295,0
1.475,3850,295,0
1.483,3857,299,0
1.492,3853,299,0
1.500,3850,299,0
1.508,3830,281,0
1.517,3740,281,0
1.525,3740,281,0
1.533,3740,281,0
1.542,3740,281,0
1.550,3735,279,0
1.558,3725,279,0
1.567,3725,279,0
1.575,3719,279,0
1.583,3719,279,0
1.592,3737,279,0
1.600,3683,279,0
1.608,3679,275,0
1.617,3675,275,0
1.625,3675,275,0
1.633,3736,274,0
1.642,3689,274,0
1.650,3689,274,0
1.658,3689,274,0
1.667,3689,274,0
1.675,3688,270,0
1.683,3687,267,0
1.692,3672,267,0
1.700,3899,294,0
1.708,3827,294,0
1.717,3848,298,0
1.725,3841,298,0
1.733,3837,296,0
1.742,3829,296,0
1.750,3829,296,0
1.758,3829,296,0
1.767,3829,296,0
1.775,3829,296,0
1.783,3825,296,0
1.792,3825,296,0
1.800,3793,296,0
1.808,3772,278,0
1.817,3679,278,0
1.825,3674,273,0
1.833,3665,271,0
1.842,3655,271,0
1.850,3655,271,0
1.858,3649,271,0
1.867,3649,271,0
1.875,3649,271,0
1.883,3649,271,0
1.892,3649,271,0
1.900,3645,267,0
1.908,3635,267,0
1.917,3635,267,0
1.925,3635,267,0
1.933,3635,267,0
1.942,3664,268,0
1.950,3660,267,0
1.958,3655,267,0
1.967,3655,267,0
1.975,3655,267,0
1.983,3658,267,0
1.992,3658,267,0
2.000,3658,267,0
2.008,3658,267,0
2.017,3661,267,0
2.025,3661,267,0
2.033,3661,267,0
2.042,3661,267,0
2.050,3655,264,0
2.058,3643,264,0
2.067,3640,264,0
2.075,3640,264,0
2.083,3638,264,0
2.092,3638,264,0
2.100,3638,264,0
2.108,3635,261,0
2.117,3620,261,0
2.125,3620,261,0
2.133,3623,261,0
2.142,3623,261,0
2.150,3623,261,0
2.158,3623,261,0
2.167,3623,261,0
2.175,3623,261,0
2.183,3623,261,0
2.192,3633,261,0
2.200,3633,261,0
2.208,3625,258,0
2.217,3619,258,0
2.225,3619,258,0
2.233,3619,258,0
2.242,3616,258,0
2.250,3812,295,0
2.258,3776,277,0
2.267,3707,277,0
2.275,3743,283,0
2.283,3728,283,0
2.292,3724,281,0
2.300,3716,281,0
2.308,3716,281,0
2.317,3719,281,0
2.325,3719,281,0
2.333,3719,281,0
2.342,3719,281,0
2.350,3719,281,0
2.358,3719,281,0
2.367,3716,281,0
2.375,3716,281,0
2.383,3715,281,0
2.392,3715,281,0
2.400,3713,281,0
2.408,3713,281,0
2.417,3701,269,0
2.425,3641,269,0
2.433,3641,269,0
2.442,3638,266,0
2.450,3623,266,0
2.458,3623,266,0
2.467,3623,266,0
2.475,3617,266,0
2.483,3614,266,0
2.492,3610,262,0
2.500,3603,262,0
2.508,3606,262,0
2.517,3606,262,0
2.525,3594,257,0
2.533,3584,257,0
2.542,3616,260,0
2.550,3604,260,0
2.558,3604,260,0
2.567,3604,260,0
2.575,3604,260,0
2.583,3604,260,0
2.592,3604,260,0
2.600,3604,260,0
2.608,3602,260,0
2.617,3602,260,0
2.625,3599,257,0
2.633,3584,257,0
2.642,3584,257,0
2.650,3581,257,0
2.658,3581,257,0
2.667,3581,257,0
2.675,3591,257,0
2.683,3591,257,0
2.692,3544,217,0
2.700,3494,217,0
2.708,3491,217,0
2.717,3689,252,0
2.725,3689,252,0
2.733,3701,234,0
2.742,3626,222,0
2.750,3578,222,0
2.758,3578,222,0
2.767,3572,219,0
2.775,3560,219,0
2.783,3560,219,0
2.792,3560,219,0
2.800,3560,219,0
2.808,3560,219,0
2.817,3560,219,0
2.825,3560,219,0
2.833,3560,219,0
2.842,3563,219,0
2.850,3563,219,0
2.858,3563,219,0
2.867,3557,219,0
2.875,3557,219,0
2.883,3557,219,0
2.892,3547,206,0
2.900,3482,206,0
2.908,3479,203,0
2.917,3464,203,0
2.925,3470,202,0
2.933,3462,202,0
2.942,3462,202,0
2.950,3456,202,0
2.958,3459,202,0
2.967,3459,202,0
2.975,3462,202,0
2.983,3462,202,0
2.992,3458,198,0
3.000,3451,198,0
3.008,3451,198,0
3.017,3451,198,0
3.025,3448,198,0
3.033,3442,193,0
3.042,3432,193,0
3.050,3458,197,0
3.058,3458,197,0
3.067,3452,194,0
3.075,3437,194,0
3.083,3437,194,0
3.092,3437,194,0
3.100,3437,194,0
3.108,3440,194,0
3.117,3440,194,0
3.125,3437,194,0
3.133,3437,194,0
3.142,3437,194,0
3.150,3437,194,0
3.158,3437,194,0
3.167,3437,194,0
3.175,3437,194,0
3.183,3437,194,0
3.192,3429,191,0
3.200,3421,191,0
3.208,3418,191,0
3.217,3416,189,0
3.225,3416,193,0
3.233,3416,193,0
3.242,3416,193,0
3.250,3416,193,0
3.258,3419,193,0
3.267,3419,193,0
3.275,3419,193,0
3.283,3429,193,0
3.292,3429,193,0
3.300,3429,193,0
3.308,3429,193,0
3.317,3429,193,0
3.325,3429,193,0
3.333,3429,193,0
3.342,3624,228,0
3.350,3598,215,0
3.358,3546,215,0
3.367,3576,218,0
3.375,3549,218,0
3.383,3549,218,0
3.392,3549,218,0
3.400,3549,218,0
3.408,3552,218,0
3.417,3552,218,0
3.425,3552,218,0
3.433,3552,218,0
3.442,3552,218,0
3.450,3552,218,0
3.458,3552,218,0
3.467,3552,218,0
3.475,3548,218,0
3.483,3546,218,0
3.492,3543,218,0
3.500,3543,218,0
3.508,3530,205,0
3.517,3465,205,0
3.525,3465,205,0
3.533,3462,202,0
3.542,3450,202,0
3.550,3450,202,0
3.558,3450,202,0
3.567,3444,202,0
3.575,3444,202,0
3.583,3444,202,0
3.592,3447,202,0
3.600,3447,202,0
3.608,3443,198,0
3.617,3436,198,0
3.625,3436,198,0
3.633,3436,198,0
3.642,3424,193,0
3.650,3414,193,0
3.658,3443,197,0
3.667,3443,197,0
3.675,3439,195,0
3.683,3431,195,0
3.692,3431,195,0
3.700,3551,243,0
3.708,3551,243,0
3.717,3551,243,0
3.725,3551,243,0
3.733,3551,243,0
3.742,3551,243,0
3.750,3551,243,0
3.758,3551,243,0
3.767,3548,243,0
3.775,3548,243,0
3.783,3548,243,0
3.792,3551,243,0
3.800,3549,243,0
3.808,3544,241,0
3.817,3534,241,0
3.825,3534,241,0
3.833,3534,241,0
3.842,3534,241,0
3.850,3534,241,0
3.858,3534,241,0
3.867,3534,241,0
3.875,3531,241,0
3.883,3541,241,0
3.892,3541,241,0
3.900,3541,241,0
3.908,3541,241,0
3.917,3541,241,0
3.925,3541,241,0
3.933,3541,241,0
3.942,3742,276,0
3.950,3716,263,0
3.958,3664,263,0
3.967,3688,267,0
3.975,3672,264,0
3.983,3660,264,0
3.992,3660,264,0
4.000,3660,264,0
4.008,3666,263,0
4.017,3661,263,0
4.025,3658,263,0
4.033,3658,263,0
4.042,3661,263,0
4.050,3661,263,0
4.058,3661,263,0
4.067,3661,263,0
4.075,3657,263,0
4.083,3657,263,0
4.092,3658,263,0
4.100,3658,263,0
4.108,3645,250,0
4.117,3580,250,0
4.125,3580,250,0
4.133,3578,248,0
4.142,3568,248,0
4.150,3568,248,0
4.158,3568,248,0
4.167,3562,248,0
4.175,3559,248,0
4.183,3559,248,0
4.192,3559,248,0
4.200,3559,248,0
4.208,3555,244,0
4.217,3548,244,0
4.225,3551,244,0
4.233,3551,244,0
4.242,3542,239,0
4.250,3532,239,0
4.258,3558,243,0
4.267,3554,241,0
4.275,3541,238,0
4.283,3535,238,0
4.292,3535,238,0
4.300,3535,238,0
4.308,3545,242,0
4.317,3545,242,0
4.325,3542,242,0
4.333,3542,242,0
4.342,3545,242,0
4.350,3545,242,0
4.358,3545,242,0
4.367,3545,242,0
4.375,3545,242,0
4.383,3545,242,0
4.392,3545,242,0
4.400,3545,242,0
4.408,3543,242,0
4.417,3543,242,0
4.425,3541,240,0
4.433,3531,240,0
4.442,3531,240,0
4.450,3531,240,0
4.458,3528,240,0
4.467,3528,240,0
4.475,3528,240,0
4.483,3528,240,0
4.492,3541,240,0
4.500,3541,240,0
4.508,3550,238,0
4.517,3540,238,0
4.525,3540,238,0
4.533,3540,238,0
4.542,3540,238,0
4.550,3726,271,0
4.558,3726,271,0
4.567,3724,262,0
4.575,3659,262,0
4.583,3655,260,0
4.592,3647,260,0
4.600,3647,260,0
4.608,3647,260,0
4.617,3647,260,0
4.625,3647,260,0
4.633,3650,260,0
4.642,3650,260,0
4.650,3650,260,0
4.658,3650,260,0
4.667,3669,264,0
4.675,3665,264,0
4.683,3663,264,0
4.692,3663,264,0
4.700,3663,264,0
4.708,3651,252,0
4.717,3588,252,0
4.725,3586,250,0
4.733,3576,250,0
4.742,3576,250,0
4.750,3576,250,0
4.758,3576,250,0
4.767,3560,244,0
4.775,3548,244,0
4.783,3551,244,0
4.792,3551,244,0
4.800,3551,244,0
4.808,3547,240,0
4.817,3540,240,0
4.825,3540,240,0
4.833,3540,240,0
4.842,3537,240,0
4.850,3531,235,0
4.858,3521,235,0
4.867,3544,239,0
4.875,3540,237,0
4.883,3532,237,0
4.892,3532,237,0
4.900,3532,237,0
4.908,3532,237,0
4.917,3535,237,0
4.925,3535,237,0
4.933,3535,237,0
4.942,3535,237,0
4.950,3535,237,0
4.958,3535,237,0
4.967,3538,237,0
4.975,3538,237,0
4.983,3538,237,0
4.992,3538,237,0
5.000,3538,237,0
5.008,3538,237,0
5.017,3533,237,0
5.025,3533,237,0
5.033,3534,235,0
5.042,3524,235,0
5.050,3524,235,0
5.058,3524,235,0
5.067,3524,235,0
5.075,3524,235,0
5.083,3524,235,0
5.092,3534,235,0
5.100,3540,234,0
5.108,3535,234,0
5.117,3538,234,0
5.125,3538,234,0
5.133,3538,234,0
5.142,3538,234,0
5.150,3733,269,0
5.158,3733,269,0
5.167,3709,257,0
5.175,3685,261,0
5.183,3674,259,0
5.192,3666,259,0
5.200,3663,259,0
5.208,3663,259,0
5.217,3663,259,0
5.225,3663,259,0
5.233,3663,259,0
5.242,3663,259,0
5.250,3666,259,0
5.258,3657,259,0
5.267,3654,259,0
5.275,3654,259,0
5.283,3650,259,0
5.292,3650,259,0
5.300,3648,259,0
5.308,3648,259,0
5.317,3635,246,0
5.325,3570,246,0
5.333,3573,246,0
5.342,3571,244,0
5.350,3558,244,0
5.358,3558,244,0
5.367,3553,241,0
5.375,3541,241,0
5.383,3541,241,0
5.392,3541,241,0
5.400,3551,245,0
5.408,3551,245,0
5.417,3544,241,0
5.425,3537,241,0
5.433,3537,241,0
5.442,3547,242,0
5.450,3535,237,0
5.458,3525,237,0
5.467,3525,237,0
5.475,3551,241,0
5.483,3554,241,0
5.492,3550,239,0
5.500,3542,239,0
5.508,3542,239,0
5.517,3542,239,0
5.525,3542,239,0
5.533,3542,239,0
5.542,3542,239,0
5.550,3542,239,0
5.558,3542,239,0
5.567,3539,239,0
5.575,3539,239,0
5.583,3539,239,0
5.592,3539,239,0
5.600,3539,239,0
5.608,3539,239,0
5.617,3542,239,0
5.625,3540,239,0
5.633,3540,239,0
5.642,3538,237,0
5.650,3528,237,0
5.658,3528,237,0
5.667,3531,237,0
5.675,3531,237,0
5.683,3531,237,0
5.692,3531,237,0
5.700,3541,237,0
5.708,3541,237,0
5.717,3538,237,0
5.725,3538,237,0
5.733,3541,237,0
5.742,3541,237,0
5.750,3541,237,0
5.758,3727,270,0
5.767,3727,270,0
5.775,3701,257,0
5.783,3649,257,0
5.792,3673,261,0
5.800,3659,259,0
5.808,3651,259,0
5.817,3646,259,0
5.825,3646,259,0
5.833,3646,259,0
5.842,3646,259,0
5.850,3643,259,0
5.858,3643,259,0
5.867,3643,259,0
5.875,3643,259,0
5.883,3646,259,0
5.892,3642,259,0
5.900,3637,259,0
5.908,3637,259,0
5.917,3637,259,0
5.925,3625,247,0
5.933,3565,247,0
5.942,3565,247,0
5.950,3565,247,0
5.958,3563,245,0
5.967,3550,245,0
5.975,3550,245,0
5.983,3544,245,0
5.992,3544,245,0
6.000,3544,245,0
6.008,3544,245,0
6.017,3544,245,0
6.025,3540,241,0
6.033,3536,241,0
6.042,3536,241,0
6.050,3536,241,0
6.058,3527,236,0
6.067,3517,236,0
6.075,3517,236,0
6.083,3549,242,0
6.092,3549,242,0
6.100,3545,240,0
6.108,3537,240,0
6.117,3534,240,0
6.125,3534,240,0
6.133,3534,240,0
6.142,3534,240,0
6.150,3534,240,0
6.158,3534,240,0
6.167,3534,240,0
6.175,3534,240,0
6.183,3537,240,0
6.192,3537,240,0
6.200,3546,239,0
6.208,3541,239,0
6.217,3541,239,0
6.225,3541,239,0
6.233,3539,239,0
6.242,3539,239,0
6.250,3537,237,0
6.258,3527,237,0
6.267,3524,237,0
6.275,3524,237,0
6.283,3524,237,0
6.292,3524,237,0
6.300,3524,237,0
6.308,3534,237,0
6.317,3537,237,0
6.325,3537,237,0
6.333,3537,237,0
6.342,3537,237,0
6.350,3537,237,0
6.358,3537,237,0
6.367,3969,308,0
6.375,3969,308,0
6.383,3945,296,0
6.392,3909,298,0
6.400,3899,298,0
6.408,3892,296,0
6.417,3884,296,0
6.425,3884,296,0
6.433,3884,296,0
6.442,3884,296,0
6.450,3884,296,0
6.458,3879,293,0
6.467,3873,293,0
6.475,3873,293,0
6.483,3873,293,0
6.492,3879,297,0
6.500,3879,297,0
6.508,3879,297,0
6.517,3877,297,0
6.525,3841,261,0
6.533,3661,261,0
6.542,3658,261,0
6.550,3658,261,0
6.558,3658,261,0
6.567,3658,261,0
6.575,3661,261,0
6.583,3655,261,0
6.592,3652,261,0
6.600,3652,261,0
6.608,3652,261,0
6.617,3652,261,0
6.625,3648,257,0
6.633,3641,257,0
6.642,3641,257,0
6.650,3641,257,0
6.658,3635,257,0
6.667,3629,252,0
6.675,3619,252,0
6.683,3645,256,0
6.692,3595,216,0
6.700,3541,214,0
6.708,3533,214,0
6.717,3533,214,0
6.725,3536,214,0
6.733,3536,214,0
6.742,3536,214,0
6.750,3536,214,0
6.758,3536,214,0
6.767,3536,214,0
6.775,3536,214,0
6.783,3536,214,0
6.792,3536,214,0
6.800,3536,214,0
6.808,3531,212,0
6.817,3527,212,0
6.825,3527,212,0
6.833,3525,212,0
6.842,3525,212,0
6.850,3523,210,0
6.858,3513,210,0
6.867,3513,210,0
6.875,3516,210,0
6.883,3511,205,0
6.892,3501,205,0
6.900,3501,205,0
6.908,3511,205,0
6.917,3511,205,0
6.925,3511,205,0
6.933,3511,205,0
6.942,3511,205,0
6.950,3511,205,0
6.958,3508,205,0
6.967,3853,262,0
6.975,3853,262,0
6.983,3801,236,0
6.992,3697,236,0
7.000,3709,238,0
7.008,3702,238,0
7.017,3698,236,0
7.025,3690,236,0
7.033,3690,236,0
7.042,3716,252,0
7.050,3716,252,0
7.058,3719,252,0
7.067,3719,252,0
7.075,3719,252,0
7.083,3719,252,0
7.092,3719,252,0
7.100,3715,252,0
7.108,3712,252,0
7.117,3710,252,0
7.125,3713,252,0
7.133,3677,216,0
7.142,3497,216,0
7.150,3497,216,0
7.158,3497,216,0
7.167,3497,216,0
7.175,3497,216,0
7.183,3497,216,0
7.192,3491,216,0
7.200,3491,216,0
7.208,3491,216,0
7.217,3491,216,0
7.225,3491,216,0
7.233,3487,212,0
7.242,3477,212,0
7.250,3477,212,0
7.258,3477,212,0
7.267,3468,207,0
7.275,3464,207,0
7.283,3464,207,0
7.292,3529,216,0
7.300,3524,216,0
7.308,3520,214,0
7.317,3512,214,0
7.325,3512,214,0
7.333,3512,214,0
7.342,3512,214,0
7.350,3512,214,0
7.358,3509,214,0
7.367,3509,214,0
7.375,3509,214,0
7.383,3509,214,0
7.392,3509,214,0
7.400,3509,214,0
7.408,3509,214,0
7.417,3509,214,0
7.425,3512,214,0
7.433,3510,214,0
7.442,3513,214,0
7.450,3511,213,0
7.458,3502,208,0
7.467,3477,208,0
7.475,3477,208,0
7.483,3477,208,0
7.492,3477,208,0
7.500,3477,208,0
7.508,3471,208,0
7.517,3481,208,0
7.525,3481,208,0
7.533,3481,208,0
7.542,3481,208,0
7.550,3481,208,0
7.558,3476,205,0
7.567,3470,205,0
7.575,3900,274,0
7.583,3900,274,0
7.592,3888,267,0
7.600,3844,267,0
7.608,3856,269,0
7.617,3846,269,0
7.625,3842,267,0
7.633,3834,267,0
7.642,3834,267,0
7.650,3834,267,0
7.658,3831,267,0
7.667,3831,267,0
7.675,3828,267,0
7.683,3828,267,0
7.692,3948,315,0
7.700,3948,315,0
7.708,3947,315,0
7.717,3947,315,0
7.725,3945,315,0
7.733,3945,315,0
7.742,3909,279,0
7.750,3727,277,0
7.758,3722,277,0
7.767,3722,277,0
7.775,3722,277,0
7.783,3722,277,0
7.792,3722,277,0
7.800,3716,277,0
7.808,3713,277,0
7.817,3713,277,0
7.825,3716,277,0
7.833,3716,277,0
7.842,3712,273,0
7.850,3705,273,0
7.858,3705,273,0
7.867,3705,273,0
7.875,3696,268,0
7.883,3686,268,0
7.892,3686,268,0
7.900,3748,278,0
7.908,3748,278,0
7.917,3738,273,0
7.925,3718,273,0
7.933,3718,273,0
7.942,3715,273,0
7.950,3715,273,0
7.958,3715,273,0
7.967,3715,273,0
7.975,3718,273,0
7.983,3718,273,0
7.992,3715,273,0
8.000,3715,273,0
8.008,3718,273,0
8.017,3718,273,0
8.025,3718,273,0
8.033,3718,273,0
8.042,3718,273,0
8.050,3716,273,0
8.058,3713,273,0
8.067,3708,268,0
8.075,3683,268,0
8.083,3683,268,0
8.092,3683,268,0
8.100,3683,268,0
8.108,3683,268,0
8.117,3683,268,0
8.125,3696,268,0
8.133,3696,268,0
8.142,3699,268,0
8.150,3699,268,0
8.158,3699,268,0
8.167,3699,268,0
8.175,3699,268,0
8.183,4053,324,0
8.192,4005,300,0
8.200,3906,300,0
8.208,3936,305,0
8.217,3911,305,0
8.225,3907,303,0
8.233,3896,303,0
8.242,3896,303,0
8.250,3896,303,0
8.258,3896,303,0
8.267,3899,303,0
8.275,3899,303,0
8.283,3899,303,0
8.292,3899,303,0
8.300,3899,303,0
8.308,3895,303,0
8.317,3895,303,0
8.325,3893,303,0
8.333,3893,303,0
8.342,3857,267,0
8.350,3677,267,0
8.358,3677,267,0
8.367,3674,267,0
8.375,3674,267,0
8.383,3680,266,0
8.392,3675,266,0
8.400,3672,266,0
8.408,3672,266,0
8.417,3672,266,0
8.425,3672,266,0
8.433,3672,266,0
8.442,3668,262,0
8.450,3664,262,0
8.458,3664,262,0
8.467,3664,262,0
8.475,3661,262,0
8.483,3655,257,0
8.492,3645,257,0
8.500,3740,269,0
8.508,3730,269,0
8.517,3723,264,0
8.525,3703,264,0
8.533,3703,264,0
8.542,3703,264,0
8.550,3703,264,0
8.558,3703,264,0
8.567,3703,264,0
8.575,3700,264,0
8.583,3700,264,0
8.592,3719,268,0
8.600,3719,268,0
8.608,3719,268,0
8.617,3719,268,0
8.625,3716,268,0
8.633,3716,268,0
8.642,3709,265,0
8.650,3703,265,0
8.658,3699,258,0
8.667,3664,258,0
8.675,3671,262,0
8.683,3671,262,0
8.692,3674,262,0
8.700,3674,262,0
8.708,3674,262,0
8.717,3684,262,0
8.725,3684,262,0
8.733,3684,262,0
8.742,3681,262,0
8.750,3681,262,0
8.758,3671,256,0
8.767,3659,256,0
8.775,4056,320,0
8.783,4056,320,0
8.792,4034,309,0
8.800,4023,314,0
8.808,3998,314,0
8.817,3991,309,0
8.825,3971,309,0
8.833,3971,309,0
8.842,3971,309,0
8.850,3971,309,0
8.858,3971,309,0
8.867,3971,309,0
8.875,3971,309,0
8.883,3968,309,0
8.892,3968,309,0
8.900,3964,309,0
8.908,3964,309,0
8.917,3959,309,0
8.925,3959,309,0
8.933,3923,273,0
8.942,3743,273,0
8.950,3746,273,0
8.958,3746,273,0
8.967,3746,273,0
8.975,3746,273,0
8.983,3746,273,0
8.992,3740,273,0
9.000,3740,273,0
9.008,3740,273,0
9.017,3740,273,0
9.025,3740,273,0
9.033,3733,269,0
9.042,3726,269,0
9.050,3723,269,0
9.058,3723,269,0
9.067,3720,269,0
9.075,3714,264,0
9.083,3707,264,0
9.092,3805,280,0
9.100,3805,280,0
9.108,3791,273,0
9.117,3763,273,0
9.125,3763,273,0
9.133,3766,273,0
9.142,3766,273,0
9.150,3766,273,0
9.158,3766,273,0
9.167,3766,273,0
9.175,3763,273,0
9.183,3763,273,0
9.192,3766,273,0
9.200,3766,273,0
9.208,3766,273,0
9.217,3766,273,0
9.225,3766,273,0
9.233,3764,273,0
9.242,3762,272,0
9.250,3750,264,0
9.258,3710,264,0
9.267,3710,264,0
9.275,3710,264,0
9.283,3710,264,0
9.292,3710,264,0
9.300,3710,264,0
9.308,3717,264,0
9.317,3717,264,0
9.325,3717,264,0
9.333,3720,264,0
9.342,3714,264,0
9.350,3714,264,0
9.358,3711,264,0
9.367,4060,320,0
9.375,4063,320,0
9.383,4027,302,0
9.392,3955,302,0
9.400,3997,309,0
9.408,3965,309,0
9.417,3955,304,0
9.425,3932,304,0
9.433,3932,304,0
9.442,3932,304,0
9.450,3932,304,0
9.458,3938,303,0
9.467,3933,303,0
9.475,3933,303,0
9.483,3933,303,0
9.492,3936,303,0
9.500,3932,303,0
9.508,3933,303,0
9.517,3933,303,0
9.525,3933,303,0
9.533,3897,267,0
9.542,3717,267,0
9.550,3717,267,0
9.558,3717,267,0
9.567,3717,267,0
9.575,3828,291,0
9.583,3833,291,0
9.592,3824,291,0
9.600,3824,291,0
9.608,3821,291,0
9.617,3821,291,0
9.625,3821,291,0
9.633,3817,287,0
9.642,3810,287,0
9.650,3810,287,0
9.658,3810,287,0
9.667,3801,282,0
9.675,3791,282,0
9.683,3791,282,0
9.692,3877,296,0
9.700,3877,296,0
9.708,3861,288,0
9.717,3829,288,0
9.725,3821,285,0
9.733,3815,285,0
9.742,3812,285,0
9.750,3812,285,0
9.758,3822,289,0
9.767,3822,289,0
9.775,3825,289,0
9.783,3825,289,0
9.792,3825,289,0
9.800,3825,289,0
9.808,3825,289,0
9.817,3825,289,0
9.825,3828,289,0
9.833,3828,289,0
9.842,3845,293,0
9.850,3845,293,0
9.858,3838,286,0
9.867,3803,286,0
9.875,3800,286,0
9.883,3800,286,0
9.892,3803,286,0
9.900,3803,286,0
9.908,3803,286,0
9.917,3813,286,0
9.925,3813,286,0
9.933,3813,286,0
9.942,3813,286,0
9.950,3813,286,0
9.958,3808,286,0
9.967,3808,286,0
9.975,4196,348,0
9.983,4196,348,0
9.992,4174,337,0
10.000,4175,345,0
10.008,4135,345,0
10.017,4121,338,0
10.025,4093,338,0
10.033,4096,338,0
10.042,4093,338,0
10.050,4111,338,0
10.058,4057,338,0
10.067,4057,338,0
10.075,4057,338,0
10.083,4057,338,0
10.092,4053,338,0
10.100,4053,338,0
10.108,4048,338,0
10.117,4044,334,0
10.125,4002,298,0
10.133,3822,298,0
10.142,3822,298,0
10.150,3822,298,0
10.158,3822,298,0
10.167,3825,298,0
10.175,3819,298,0
10.183,3822,298,0
10.192,3822,298,0
10.200,3857,299,0
10.208,3835,295,0
10.217,3828,295,0
10.225,3828,295,0
10.233,3828,295,0
10.242,3816,290,0
10.250,3806,290,0
10.258,3892,304,0
10.267,3892,304,0
10.275,3875,297,0
10.283,3847,297,0
10.292,3847,297,0
10.300,3850,297,0
10.308,3850,297,0
10.317,3850,297,0
10.325,3850,297,0
10.333,3850,297,0
10.342,3850,297,0
10.350,3850,297,0
10.358,3850,297,0
10.367,3853,297,0
10.375,3839,297,0
10.383,3829,290,0
10.392,3794,290,0
10.400,3797,290,0
10.408,3800,290,0
10.417,3800,290,0
10.425,3800,290,0
10.433,3813,290,0
10.442,3819,289,0
10.450,3814,289,0
10.458,4152,344,0
10.467,4118,327,0
10.475,4020,327,0
10.483,4067,334,0
10.492,4029,334,0
10.500,4013,326,0
10.508,3981,326,0
10.517,3981,326,0
10.525,3981,326,0
10.533,3981,326,0
10.542,3931,286,0
10.550,3881,286,0
10.558,3881,286,0
10.567,3881,286,0
10.575,3874,286,0
10.583,3874,286,0
10.592,3871,286,0
10.600,3871,286,0
10.608,3874,286,0
10.617,3836,250,0
10.625,3653,250,0
10.633,3653,250,0
10.642,3656,250,0
10.650,3656,250,0
10.658,3656,250,0
10.667,3650,250,0
10.675,3650,250,0
10.683,3642,247,0
10.692,3636,247,0
10.700,3636,247,0
10.708,3636,247,0
10.717,3632,243,0
10.725,3635,247,0
10.733,3635,247,0
10.742,3635,247,0
10.750,3635,247,0
10.758,3629,242,0
10.767,3619,242,0
10.775,3708,256,0
10.783,3694,249,0
10.792,3666,249,0
10.800,3666,249,0
10.808,3666,249,0
10.817,3666,249,0
10.825,3666,249,0
10.833,3666,249,0
10.842,3663,249,0
10.850,3663,249,0
10.858,3658,249,0
10.867,3658,249,0
10.875,3655,249,0
10.883,3655,249,0
10.892,3655,249,0
10.900,3655,249,0
10.908,3658,249,0
10.917,3656,249,0
10.925,3656,249,0
10.933,3656,249,0
10.942,3649,242,0
10.950,3614,242,0
10.958,3614,242,0
10.967,3614,242,0
10.975,3614,242,0
10.983,3614,242,0
10.992,3611,242,0
11.000,3621,242,0
11.008,3618,242,0
11.017,3618,242,0
11.025,3618,242,0
11.033,3618,242,0
11.042,3618,242,0
11.050,3621,242,0
11.058,4012,305,0
11.067,4012,305,0
11.075,4012,305,0
11.083,3992,295,0
11.092,3952,295,0
11.100,3997,302,0
11.108,3962,302,0
11.117,3948,295,0
11.125,3920,295,0
11.133,3920,295,0
11.142,3917,295,0
11.150,3917,295,0
11.158,3917,295,0
11.167,3920,295,0
11.175,3920,295,0
11.183,3920,295,0
11.192,3920,295,0
11.200,3914,295,0
11.208,3914,295,0
11.217,3914,295,0
11.225,3878,259,0
11.233,3698,259,0
11.242,3698,259,0
11.250,3698,259,0
11.258,3698,259,0
11.267,3698,259,0
11.275,3698,259,0
11.283,3695,259,0
11.292,3689,259,0
11.300,3689,259,0
11.308,3689,259,0
11.317,3692,259,0
11.325,3688,255,0
11.333,3678,255,0
11.342,3678,255,0
11.350,3681,255,0
11.358,3672,250,0
11.367,3662,250,0
11.375,3662,250,0
11.383,3736,262,0
11.392,3736,262,0
11.400,3733,262,0
11.408,3719,255,0
11.417,3691,255,0
11.425,3691,255,0
11.433,3691,255,0
11.442,3691,255,0
11.450,3694,255,0
11.458,3694,255,0
11.467,3697,255,0
11.475,3697,255,0
11.483,3700,255,0
11.492,3700,255,0
11.500,3700,255,0
11.508,3700,255,0
11.517,3700,255,0
11.525,3700,255,0
11.533,3704,254,0
11.542,3699,254,0
11.550,3785,271,0
11.558,3715,271,0
11.567,3715,271,0
11.575,3715,271,0
11.583,3712,271,0
11.592,3712,271,0
11.600,3712,271,0
11.608,3712,271,0
11.617,3725,271,0
11.625,3725,271,0
11.633,3725,271,0
11.642,3725,271,0
11.650,3725,271,0
11.658,3725,271,0
11.667,3725,271,0
11.675,4074,327,0
11.683,4035,309,0
11.692,3960,309,0
11.700,4002,316,0
11.708,3964,316,0
11.717,3950,309,0
11.725,3922,309,0
11.733,3922,309,0
11.742,3922,309,0
11.750,3925,309,0
11.758,3925,309,0
11.767,3925,309,0
11.775,3925,309,0
11.783,3925,309,0
11.792,3920,306,0
11.800,3917,306,0
11.808,3913,306,0
11.817,3913,306,0
11.825,3911,306,0
11.833,3885,274,0
11.842,3702,274,0
11.850,3702,274,0
11.858,3702,274,0
11.867,3705,274,0
11.875,3705,274,0
11.883,3705,274,0
11.892,3705,274,0
11.900,3699,274,0
11.908,3699,274,0
11.917,3699,274,0
11.925,3699,274,0
11.933,3691,266,0
11.942,3678,266,0
11.950,3678,266,0
11.958,3678,266,0
11.967,3678,266,0
11.975,3669,261,0
11.983,3742,275,0
11.992,3742,275,0
12.000,3730,269,0
12.008,3706,269,0
12.017,3709,269,0
12.025,3709,269,0
12.033,3706,269,0
12.042,3706,269,0
12.050,3709,269,0
12.058,3709,269,0
12.067,3709,269,0
12.075,3709,269,0
12.083,3709,269,0
12.092,3709,269,0
12.100,3706,269,0
12.108,3706,269,0
12.117,3706,269,0
12.125,3704,269,0
12.133,3704,269,0
12.142,3704,269,0
12.150,3697,262,0
12.158,3662,262,0
12.167,3665,262,0
12.175,3665,262,0
12.183,3668,262,0
12.192,3668,262,0
12.200,3668,262,0
12.208,3668,262,0
12.217,3678,262,0
12.225,3678,262,0
12.233,3678,262,0
12.242,3678,262,0
12.250,3675,262,0
12.258,3675,262,0
12.267,3675,262,0
12.275,4060,324,0
12.283,4035,313,0
12.292,3991,313,0
12.300,4027,319,0
12.308,4000,319,0
12.317,3986,312,0
12.325,3958,312,0
12.333,3958,312,0
12.342,3958,312,0
12.350,3958,312,0
12.358,3970,310,0
12.367,3960,310,0
12.375,3960,310,0
12.383,3960,310,0
12.392,3957,310,0
12.400,3950,310,0
12.408,3950,310,0
12.417,3948,310,0
12.425,3912,274,0
12.433,3735,274,0
12.442,3735,274,0
12.450,3735,274,0
12.458,3735,274,0
12.467,3735,274,0
12.475,3735,274,0
12.483,3732,274,0
12.492,3732,274,0
12.500,3732,274,0
12.508,3732,274,0
12.517,3735,274,0
12.525,3731,270,0
12.533,3721,270,0
12.542,3721,270,0
12.550,3724,270,0
12.558,3721,270,0
12.567,3715,265,0
12.575,3705,265,0
12.583,3791,279,0
12.592,3777,272,0
12.600,3749,272,0
12.608,3749,272,0
12.617,3745,265,0
12.625,3728,265,0
12.633,3728,265,0
12.642,3728,265,0
12.650,3728,265,0
12.658,3728,265,0
12.667,3725,265,0
12.675,3725,265,0
12.683,3725,265,0
12.692,3725,265,0
12.700,3728,265,0
12.708,3728,265,0
12.717,3725,265,0
12.725,3723,265,0
12.733,3726,265,0
12.742,3726,265,0
12.750,3716,258,0
12.758,3681,258,0
12.767,3681,258,0
12.775,3681,258,0
12.783,3678,258,0
12.792,3678,258,0
12.800,3678,258,0
12.808,3688,258,0
12.817,3688,258,0
12.825,3688,258,0
12.833,3688,258,0
12.842,3688,258,0
12.850,3691,258,0
12.858,3691,258,0
12.867,4049,315,0
12.875,4049,315,0
12.883,4010,295,0
12.892,3978,302,0
12.900,3943,302,0
12.908,3953,306,0
12.917,3941,300,0
12.925,3914,300,0
12.933,3914,300,0
12.942,3914,300,0
12.950,3914,300,0
12.958,3911,300,0
12.967,3911,300,0
12.975,3911,300,0
12.983,3911,300,0
12.992,3910,300,0
13.000,3910,300,0
13.008,3908,300,0
13.017,3908,300,0
13.025,3872,264,0
13.033,3692,264,0
13.042,3692,264,0
13.050,3692,264,0
13.058,3692,264,0
13.067,3692,264,0
13.075,3689,264,0
13.083,3683,264,0
13.092,3680,264,0
13.100,3680,264,0
13.108,3680,264,0
13.117,3680,264,0
13.125,3679,260,0
13.133,3672,260,0
13.142,3672,260,0
13.150,3672,260,0
13.158,3669,260,0
13.167,3663,255,0
13.175,3656,255,0
13.183,3742,269,0
13.192,3742,269,0
13.200,3728,262,0
13.208,3700,262,0
13.217,3700,262,0
13.225,3697,262,0
13.233,3697,262,0
13.242,3700,262,0
13.250,3700,262,0
13.258,3700,262,0
13.267,3700,262,0
13.275,3700,262,0
13.283,3700,262,0
13.292,3700,262,0
13.300,3700,262,0
13.308,3700,262,0
13.317,3700,262,0
13.325,3700,262,0
13.333,3698,262,0
13.342,3698,262,0
13.350,3691,255,0
13.358,3653,255,0
13.367,3653,255,0
13.375,3653,255,0
13.383,3653,255,0
13.392,3656,255,0
13.400,3656,255,0
13.408,3663,255,0
13.417,3663,255,0
13.425,3666,255,0
13.433,3666,255,0
13.442,3666,255,0
13.450,3666,255,0
13.458,3666,255,0
13.467,4045,316,0
13.475,4018,304,0
13.483,3970,304,0
13.492,4012,311,0
13.500,3963,304,0
13.508,3935,304,0
13.517,3935,304,0
13.525,3935,304,0
13.533,3938,304,0
13.542,3938,304,0
13.550,3941,304,0
13.558,3941,304,0
13.567,3941,304,0
13.575,3944,304,0
13.583,3944,304,0
13.592,3940,304,0
13.600,3940,304,0
13.608,3935,304,0
13.617,3899,268,0
13.625,3719,268,0
13.633,3719,268,0
13.642,3716,268,0
13.650,3716,268,0
13.658,3716,268,0
13.667,3716,268,0
13.675,3713,268,0
13.683,3713,268,0
13.692,3719,267,0
13.700,3714,267,0
13.708,3714,267,0
13.717,3710,263,0
13.725,3703,263,0
13.733,3703,263,0
13.742,3703,263,0
13.750,3700,263,0
13.758,3691,258,0
13.767,3681,258,0
13.775,3764,272,0
13.783,3764,272,0
13.792,3750,265,0
13.800,3719,265,0
13.808,3722,265,0
13.817,3722,265,0
13.825,3722,265,0
13.833,3722,265,0
13.842,3722,265,0
13.850,3722,265,0
13.858,3725,265,0
13.867,3725,265,0
13.875,3725,265,0
13.883,3725,265,0
13.892,3725,265,0
13.900,3725,265,0
13.908,3722,265,0
13.917,3722,265,0
13.925,3723,265,0
13.933,3723,265,0
13.942,3716,258,0
13.950,3681,258,0
13.958,3676,255,0
13.967,3670,255,0
13.975,3670,255,0
13.983,3670,255,0
13.992,3680,259,0
14.000,3690,259,0
14.008,3690,259,0
14.017,3690,259,0
14.025,3690,259,0
14.033,3690,259,0
14.042,3687,259,0
14.050,3687,259,0
14.058,4032,316,0
14.067,4032,316,0
14.075,4003,300,0
14.083,3939,300,0
14.092,3978,307,0
14.100,3943,307,0
14.108,3938,302,0
14.117,3910,302,0
14.125,3910,302,0
14.133,3910,302,0
14.142,3910,302,0
14.150,3910,302,0
14.158,3907,302,0
14.167,3907,302,0
14.175,3907,302,0
14.183,3907,302,0
14.192,3903,302,0
14.200,3903,302,0
14.208,3901,302,0
14.217,3901,302,0
14.225,3868,266,0
14.233,3691,266,0
14.242,3691,266,0
14.250,3691,266,0
14.258,3691,266,0
14.267,3691,266,0
14.275,3691,266,0
14.283,3685,266,0
14.292,3685,266,0
14.300,3682,266,0
14.308,3682,266,0
14.317,3678,262,0
14.325,3671,262,0
14.333,3668,262,0
14.342,3668,262,0
14.350,3665,262,0
14.358,3659,257,0
14.367,3652,257,0
14.375,3738,271,0
14.383,3738,271,0
14.392,3724,264,0
14.400,3696,264,0
14.408,3696,264,0
14.417,3696,264,0
14.425,3696,264,0
14.433,3696,264,0
14.442,3696,264,0
14.450,3693,264,0
14.458,3690,264,0
14.467,3690,264,0
14.475,3690,264,0
14.483,3690,264,0
14.492,3690,264,0
14.500,3693,264,0
14.508,3693,264,0
14.517,3643,224,0
14.525,3591,224,0
14.533,3591,224,0
14.542,3584,217,0
14.550,3552,217,0
14.558,3552,217,0
14.567,3552,217,0
14.575,3552,217,0
14.583,3552,217,0
14.592,3552,217,0
14.600,3559,217,0
14.608,3559,217,0
14.617,3562,217,0
14.625,3562,217,0
14.633,3562,217,0
14.642,3562,217,0
14.650,3565,217,0
14.658,3934,278,0
14.667,3934,278,0
14.675,3910,266,0
14.683,3904,273,0
14.692,3869,273,0
14.700,3855,266,0
14.708,3827,266,0
14.717,3827,266,0
14.725,3824,266,0
14.733,3824,266,0
14.742,3824,266,0
14.750,3824,266,0
14.758,3827,266,0
14.767,3827,266,0
14.775,3830,265,0
14.783,3821,265,0
14.792,3824,265,0
14.800,3822,265,0
14.808,3822,265,0
14.817,3786,229,0
14.825,3604,227,0
14.833,3600,227,0
14.842,3597,227,0
14.850,3597,227,0
14.858,3597,227,0
14.867,3597,227,0
14.875,3607,231,0
14.883,3607,231,0
14.892,3607,231,0
14.900,3607,231,0
14.908,3610,231,0
14.917,3606,227,0
14.925,3602,227,0
14.933,3602,227,0
14.942,3602,227,0
14.950,3599,227,0
14.958,3593,222,0
14.967,3583,222,0
14.975,3645,232,0
14.983,3645,232,0
14.992,3628,225,0
15.000,3600,225,0
15.008,3600,225,0
15.017,3600,225,0
15.025,3597,225,0
15.033,3597,225,0
15.042,3592,222,0
15.050,3586,222,0
15.058,3589,222,0
15.067,3589,222,0
15.075,3599,226,0
15.083,3599,226,0
15.092,3599,226,0
15.100,3599,226,0
15.108,3599,226,0
15.117,3597,226,0
15.125,3597,226,0
15.133,3597,226,0
15.142,3589,221,0
15.150,3564,221,0
15.158,3561,221,0
15.167,3561,221,0
15.175,3561,221,0
15.183,3561,221,0
15.192,3564,221,0
15.200,3574,221,0
15.208,3574,221,0
15.217,3574,221,0
15.225,3574,221,0
15.233,3574,221,0
15.242,3577,221,0
15.250,3577,221,0
15.258,3934,280,0
15.267,3934,280,0
15.275,3902,264,0
15.283,3838,264,0
15.292,3877,271,0
15.300,3828,264,0
15.308,3803,264,0
15.317,3803,264,0
15.325,3803,264,0
15.333,3803,264,0
15.342,3803,264,0
15.350,3803,264,0
15.358,3803,264,0
15.367,3803,264,0
15.375,3803,264,0
15.383,3803,264,0
15.392,3799,264,0
15.400,3799,264,0
15.408,3797,264,0
15.417,3797,264,0
15.425,3758,228,0
15.433,3578,228,0
15.442,3578,228,0
15.450,3578,228,0
15.458,3584,228,0
15.467,3575,228,0
15.475,3572,228,0
15.483,3566,228,0
15.492,3569,228,0
15.500,3569,228,0
15.508,3689,276,0
15.517,3689,276,0
15.525,3685,272,0
15.533,3678,272,0
15.542,3675,272,0
15.550,3675,272,0
15.558,3666,267,0
15.567,3656,267,0
15.575,3656,267,0
15.583,3718,277,0
15.592,3718,277,0
15.600,3708,272,0
15.608,3691,272,0
15.617,3691,272,0
15.625,3694,272,0
15.633,3694,272,0
15.642,3694,272,0
15.650,3704,273,0
15.658,3701,273,0
15.667,3701,273,0
15.675,3701,273,0
15.683,3701,273,0
15.692,3698,273,0
15.700,3698,273,0
15.708,3698,273,0
15.717,3698,273,0
15.725,3698,273,0
15.733,3696,273,0
15.742,3696,273,0
15.750,3691,268,0
15.758,3669,268,0
15.767,3669,268,0
15.775,3669,268,0
15.783,3669,268,0
15.792,3669,268,0
15.800,3669,268,0
15.808,3679,268,0
15.817,3679,268,0
15.825,3679,268,0
15.833,3679,268,0
15.842,3676,268,0
15.850,3676,268,0
15.858,3673,268,0
15.867,4048,328,0
15.875,4043,328,0
15.883,4018,314,0
15.892,3992,319,0
15.900,3967,319,0
15.908,3953,312,0
15.917,3925,312,0
15.925,3925,312,0
15.933,3928,312,0
15.942,3928,312,0
15.950,3925,312,0
15.958,3925,312,0
15.967,3925,312,0
15.975,3925,312,0
15.983,3922,312,0
15.992,3918,312,0
16.000,3921,312,0
16.008,3921,312,0
16.017,3916,312,0
16.025,3878,276,0
16.033,3698,276,0
16.042,3698,276,0
16.050,3698,276,0
16.058,3698,276,0
16.067,3698,276,0
16.075,3698,276,0
16.083,3692,276,0
16.092,3692,276,0
16.100,3692,276,0
16.108,3689,276,0
16.117,3689,276,0
16.125,3680,269,0
16.133,3667,269,0
16.142,3667,269,0
16.150,3670,269,0
16.158,3667,269,0
16.167,3668,268,0
16.175,3658,268,0
16.183,3723,278,0
16.192,3723,278,0
16.200,3713,273,0
16.208,3693,273,0
16.217,3693,273,0
16.225,3693,273,0
16.233,3690,273,0
16.242,3690,273,0
16.250,3690,273,0
16.258,3690,273,0
16.267,3690,273,0
16.275,3690,273,0
16.283,3690,273,0
16.292,3690,273,0
16.300,3693,273,0
16.308,3693,273,0
16.317,3708,271,0
16.325,3696,271,0
16.333,3696,271,0
16.342,3696,271,0
16.350,3691,266,0
16.358,3666,266,0
16.367,3666,266,0
16.375,3663,266,0
16.383,3663,266,0
16.392,3663,266,0
16.400,3673,266,0
16.408,3670,266,0
16.417,3670,266,0
16.425,3670,266,0
16.433,3670,266,0
16.442,3673,266,0
16.450,3673,266,0
16.458,4042,327,0
16.467,4042,327,0
16.475,4010,311,0
16.483,3976,316,0
16.492,3951,316,0
16.500,3941,311,0
16.508,3921,311,0
16.517,3918,311,0
16.525,3918,311,0
16.533,3915,311,0
16.542,3915,311,0
16.550,3915,311,0
16.558,3908,305,0
16.567,3896,305,0
16.575,3896,305,0
16.583,3892,305,0
16.592,3892,305,0
16.600,3892,305,0
16.608,3857,269,0
16.617,3677,269,0
16.625,3677,269,0
16.633,3677,269,0
16.642,3677,269,0
16.650,3677,269,0
16.658,3674,269,0
16.667,3668,269,0
16.675,3671,269,0
16.683,3671,269,0
16.692,3671,269,0
16.700,3671,269,0
16.708,3667,265,0
16.717,3660,265,0
16.725,3660,265,0
16.733,3660,265,0
16.742,3660,265,0
16.750,3651,260,0
16.758,3641,260,0
16.767,3703,270,0
16.775,3706,270,0
16.783,3693,265,0
16.792,3673,265,0
16.800,3673,265,0
16.808,3673,265,0
16.817,3673,265,0
16.825,3676,265,0
16.833,3676,265,0
16.842,3673,265,0
16.850,3673,265,0
16.858,3676,265,0
16.867,3676,265,0
16.875,3676,265,0
16.883,3676,265,0
16.892,3676,265,0
16.900,3676,265,0
16.908,3671,265,0
16.917,3671,265,0
16.925,3669,264,0
16.933,3660,259,0
16.942,3641,258,0
16.950,3636,258,0
16.958,3636,258,0
16.967,3636,258,0
16.975,3639,258,0
16.983,3639,258,0
16.992,3652,258,0
17.000,3652,258,0
17.008,3649,258,0
17.017,3649,258,0
17.025,3649,258,0
17.033,3649,258,0
17.042,3649,258,0
17.050,4024,320,0
17.058,4021,320,0
17.067,3986,300,0
17.075,3916,300,0
17.083,3946,305,0
17.092,3908,300,0
17.100,3888,300,0
17.108,3888,300,0
17.117,3888,300,0
17.125,3891,300,0
17.133,3891,300,0
17.142,3891,300,0
17.150,3891,300,0
17.158,3910,304,0
17.167,3910,304,0
17.175,3910,304,0
17.183,3904,304,0
17.192,3904,304,0
17.200,3904,304,0
17.208,3896,301,0
17.217,3854,265,0
17.225,3671,265,0
17.233,3671,265,0
17.242,3681,269,0
17.250,3681,269,0
17.258,3684,269,0
17.267,3684,269,0
17.275,3678,269,0
17.283,3678,269,0
17.292,3678,269,0
17.300,3678,269,0
17.308,3681,269,0
17.317,3677,265,0
17.325,3670,265,0
17.333,3670,265,0
17.342,3670,265,0
17.350,3661,260,0
17.358,3648,260,0
17.367,3648,260,0
17.375,3713,270,0
17.383,3713,270,0
17.392,3703,265,0
17.400,3683,265,0
17.408,3683,265,0
17.417,3683,265,0
17.425,3683,265,0
17.433,3683,265,0
17.442,3683,265,0
17.450,3683,265,0
17.458,3683,265,0
17.467,3683,265,0
17.475,3683,265,0
17.483,3683,265,0
17.492,3680,265,0
17.500,3680,265,0
17.508,3680,265,0
17.517,3678,265,0
17.525,3681,265,0
17.533,3681,265,0
17.542,3673,260,0
17.550,3648,260,0
17.558,3651,260,0
17.567,3651,260,0
17.575,3651,260,0
17.583,3651,260,0
17.592,3651,260,0
17.600,3661,260,0
17.608,3658,260,0
17.617,3658,260,0
17.625,3658,260,0
17.633,3658,260,0
17.642,3658,260,0
17.650,3658,260,0
17.658,4021,320,0
17.667,4021,320,0
17.675,3990,303,0
17.683,3922,303,0
17.692,3955,308,0
17.700,3930,308,0
17.708,3920,303,0
17.717,3900,303,0
17.725,3900,303,0
17.733,3900,303,0
17.742,3900,303,0
17.750,3900,303,0
17.758,3897,303,0
17.767,3897,303,0
17.775,3897,303,0
17.783,3897,303,0
17.792,3890,303,0
17.800,3888,303,0
17.808,3888,303,0
17.817,3888,303,0
17.825,3855,267,0
17.833,3675,267,0
17.842,3675,267,0
17.850,3675,267,0
17.858,3678,267,0
17.867,3678,267,0
17.875,3678,267,0
17.883,3672,267,0
17.892,3672,267,0
17.900,3672,267,0
17.908,3672,267,0
17.917,3663,267,0
17.925,3656,263,0
17.933,3649,263,0
17.942,3649,263,0
17.950,3649,263,0
17.958,3643,258,0
17.967,3633,258,0
17.975,3633,258,0
17.983,3695,268,0
17.992,3695,268,0
18.000,3685,263,0
18.008,3668,263,0
18.017,3668,263,0
18.025,3668,263,0
18.033,3668,263,0
18.042,3674,262,0
18.050,3669,262,0
18.058,3666,262,0
18.067,3666,262,0
18.075,3669,262,0
18.083,3669,262,0
18.092,3666,262,0
18.100,3666,262,0
18.108,3666,262,0
18.117,3666,262,0
18.125,3666,262,0
18.133,3664,262,0
18.142,3664,262,0
18.150,3659,257,0
18.158,3634,257,0
18.167,3639,257,0
18.175,3636,257,0
18.183,3636,257,0
18.192,3633,257,0
18.200,3633,257,0
18.208,3643,257,0
18.217,3643,257,0
18.225,3646,257,0
18.233,3646,257,0
18.242,3643,257,0
18.250,3643,257,0
18.258,3646,257,0
18.267,4021,319,0
18.275,4021,319,0
18.283,3991,304,0
18.292,3931,304,0
18.300,3956,306,0
18.308,3912,301,0
18.317,3892,301,0
18.325,3892,301,0
18.333,3902,305,0
18.342,3902,305,0
18.350,4016,329,0
18.358,4016,329,0
18.367,4019,329,0
18.375,4019,329,0
18.383,4022,329,0
18.392,4018,329,0
18.400,4018,329,0
18.408,4018,329,0
18.417,4016,329,0
18.425,3980,293,0
18.433,3800,293,0
18.442,3800,293,0
18.450,3797,293,0
18.458,3797,293,0
18.467,3797,293,0
18.475,3797,293,0
18.483,3738,253,0
18.492,3688,253,0
18.500,3688,253,0
18.508,3688,253,0
18.517,3691,253,0
18.525,3687,249,0
18.533,3675,249,0
18.542,3675,249,0
18.550,3675,249,0
18.558,3672,249,0
18.567,3666,244,0
18.575,3656,244,0
18.583,3718,254,0
18.592,3718,254,0
18.600,3705,249,0
18.608,3685,249,0
18.617,3682,249,0
18.625,3682,249,0
18.633,3682,249,0
18.642,3682,249,0
18.650,3685,249,0
18.658,3685,249,0
18.667,3685,249,0
18.675,3685,249,0
18.683,3685,249,0
18.692,3685,249,0
18.700,3688,249,0
18.708,3684,245,0
18.717,3678,245,0
18.725,3678,245,0
18.733,3678,245,0
18.742,3676,245,0
18.750,3668,240,0
18.758,3643,240,0
18.767,3646,240,0
18.775,3646,240,0
18.783,3646,240,0
18.792,3646,240,0
18.800,3646,240,0
18.808,3656,240,0
18.817,3656,240,0
18.825,3656,240,0
18.833,3656,240,0
18.842,3674,240,0
18.850,3620,240,0
18.858,3620,240,0
18.867,3983,300,0
18.875,3983,300,0
18.883,3946,283,0
18.892,3878,283,0
18.900,3908,288,0
18.908,3883,288,0
18.917,3876,283,0
18.925,3856,283,0
18.933,3856,283,0
18.942,3856,283,0
18.950,3859,283,0
18.958,3859,283,0
18.967,3859,283,0
18.975,3859,283,0
18.983,3859,283,0
18.992,3859,283,0
19.000,3887,284,0
19.008,3867,284,0
19.017,3867,284,0
19.025,3867,284,0
19.033,3831,248,0
19.042,3651,248,0
19.050,3651,248,0
19.058,3651,248,0
19.067,3654,248,0
19.075,3654,248,0
19.083,3657,248,0
19.092,3651,248,0
19.100,3651,248,0
19.108,3651,248,0
19.117,3651,248,0
19.125,3651,248,0
19.133,3653,243,0
19.142,3641,243,0
19.150,3638,243,0
19.158,3638,243,0
19.167,3626,238,0
19.175,3616,238,0
19.183,3613,238,0
19.192,3675,248,0
19.200,3675,248,0
19.208,3665,243,0
19.217,3648,243,0
19.225,3648,243,0
19.233,3648,243,0
19.242,3648,243,0
19.250,3648,243,0
19.258,3648,243,0
19.267,3648,243,0
19.275,3648,243,0
19.283,3648,243,0
19.292,3648,243,0
19.300,3645,243,0
19.308,3645,243,0
19.317,3642,243,0
19.325,3642,243,0
19.333,3642,243,0
19.342,3640,243,0
19.350,3643,243,0
19.358,3638,238,0
19.367,3613,238,0
19.375,3583,238,0
19.383,3583,238,0
19.392,3583,238,0
19.400,3581,235,0
19.408,3575,235,0
19.417,3585,235,0
19.425,3585,235,0
19.433,3595,239,0
19.442,3595,239,0
19.450,3592,239,0
19.458,3592,239,0
19.467,3595,239,0
19.475,4090,349,0
19.483,4090,349,0
19.492,4060,334,0
19.500,4030,339,0
19.508,4005,339,0
19.517,3995,334,0
19.525,3975,334,0
19.533,3975,334,0
19.542,3975,334,0
19.550,3975,334,0
19.558,3975,334,0
19.567,3975,334,0
19.575,3972,334,0
19.583,3972,334,0
19.592,3972,334,0
19.600,3968,334,0
19.608,3971,334,0
19.617,3971,334,0
19.625,3966,334,0
19.633,3930,298,0
19.642,3753,298,0
19.650,3753,298,0
19.658,3753,298,0
19.667,3753,298,0
19.675,3753,298,0
19.683,3753,298,0
19.692,3744,298,0
19.700,3744,298,0
19.708,3744,298,0
19.717,3744,298,0
19.725,3744,298,0
19.733,3740,294,0
19.742,3733,294,0
19.750,3733,294,0
19.758,3736,294,0
19.767,3733,294,0
19.775,3730,289,0
19.783,3720,289,0
19.792,3782,299,0
19.800,3782,299,0
19.808,3772,294,0
19.817,3752,294,0
19.825,3752,294,0
19.833,3752,294,0
19.842,3749,294,0
19.850,3749,294,0
19.858,3749,294,0
19.867,3749,294,0
19.875,3746,294,0
19.883,3746,294,0
19.892,3746,294,0
19.900,3746,294,0
19.908,3749,294,0
19.917,3749,294,0
19.925,3749,294,0
19.933,3747,294,0
19.942,3747,294,0
19.950,3747,294,0
19.958,3742,289,0
19.967,3717,289,0
19.975,3717,289,0
19.983,3717,289,0
19.992,3714,289,0
20.000,3714,289,0
20.008,3714,289,0
20.017,3724,289,0
20.025,3724,289,0
20.033,3724,289,0
20.042,3746,293,0
20.050,3746,293,0
20.058,3746,293,0
20.067,3746,293,0
20.075,4109,353,0
20.083,4109,353,0
20.092,4078,336,0
20.100,4010,336,0
20.108,4040,341,0
20.117,4005,336,0
20.125,3985,336,0
20.133,3985,336,0
20.142,3982,336,0
20.150,3982,336,0
20.158,3985,336,0
20.167,3985,336,0
20.175,3985,336,0
20.183,3985,336,0
20.192,3985,336,0
20.200,3985,336,0
20.208,3981,336,0
20.217,3979,336,0
20.225,3985,335,0
20.233,3980,335,0
20.242,3941,299,0
20.250,3761,299,0
20.258,3761,299,0
20.267,3761,299,0
20.275,3758,299,0
20.283,3758,299,0
20.292,3770,297,0
20.300,3754,297,0
20.308,3757,297,0
20.317,3757,297,0
20.325,3754,297,0
20.333,3754,297,0
20.342,3753,293,0
20.350,3746,293,0
20.358,3746,293,0
20.367,3746,293,0
20.375,3737,288,0
20.383,3727,288,0
20.392,3724,288,0
20.400,3786,298,0
20.408,3786,298,0
20.417,3776,293,0
20.425,3756,293,0
20.433,3756,293,0
20.442,3731,268,0
20.450,3691,268,0
20.458,3694,268,0
20.467,3694,268,0
20.475,3697,268,0
20.483,3697,268,0
20.492,3692,265,0
20.500,3686,265,0
20.508,3686,265,0
20.517,3686,265,0
20.525,3696,269,0
20.533,3696,269,0
20.542,3693,269,0
20.550,3691,269,0
20.558,3681,263,0
20.567,3664,258,0
20.575,3636,258,0
20.583,3636,258,0
20.592,3636,258,0
20.600,3636,258,0
20.608,3639,258,0
20.617,3639,258,0
20.625,3652,258,0
20.633,3643,258,0
20.642,3643,258,0
20.650,3643,258,0
20.658,3643,258,0
20.667,3643,258,0
20.675,3643,258,0
20.683,4018,320,0
20.692,4015,320,0
20.700,3985,305,0
20.708,3952,310,0
20.717,3927,310,0
20.725,3917,305,0
20.733,3900,305,0
20.742,3900,305,0
20.750,3900,305,0
20.758,3900,305,0
20.767,3900,305,0
20.775,3903,305,0
20.783,3903,305,0
20.792,3903,305,0
20.800,3908,305,0
20.808,3901,305,0
20.817,3901,305,0
20.825,3898,305,0
20.833,3860,269,0
20.842,3683,269,0
20.850,3683,269,0
20.858,3683,269,0
20.867,3679,265,0
20.875,3660,265,0
20.883,3657,260,0
20.892,3699,265,0
20.900,3679,265,0
20.908,3679,265,0
20.917,3679,265,0
20.925,3679,265,0
20.933,3679,265,0
20.942,3679,265,0
20.950,3679,265,0
20.958,3679,265,0
20.967,3679,265,0
20.975,3679,265,0
20.983,3679,265,0
20.992,3679,265,0
21.000,3679,265,0
21.008,3679,265,0
21.017,3682,265,0
21.025,3682,265,0
21.033,3685,265,0
21.042,3678,265,0
21.050,3673,260,0
21.058,3648,260,0
21.067,3648,260,0
21.075,3648,260,0
21.083,3645,260,0
21.092,3655,260,0
21.100,3655,260,0
21.108,3655,260,0
21.117,3655,260,0
21.125,3655,260,0
21.133,3652,260,0
21.142,3652,260,0
21.150,4015,320,0
21.158,4015,320,0
21.167,3984,303,0
21.175,3916,303,0
21.183,3949,307,0
21.192,3919,307,0
21.200,3909,302,0
21.208,3889,302,0
21.217,3889,302,0
21.225,3889,302,0
21.233,3889,302,0
21.242,3889,302,0
21.250,3889,302,0
21.258,3886,302,0
21.267,3886,302,0
21.275,3883,302,0
21.283,3883,302,0
21.292,3879,302,0
21.300,3882,302,0
21.308,3880,302,0
21.317,3844,266,0
21.325,3664,266,0
21.333,3664,266,0
21.342,3664,266,0
21.350,3667,266,0
21.358,3667,266,0
21.367,3667,266,0
21.375,3667,266,0
21.383,3661,266,0
21.392,3661,266,0
21.400,3658,266,0
21.408,3658,266,0
21.417,3657,262,0
21.425,3650,262,0
21.433,3650,262,0
21.442,3650,262,0
21.450,3642,259,0
21.458,3630,254,0
21.467,3620,254,0
21.475,3682,264,0
21.483,3692,268,0
21.492,3692,268,0
21.500,3692,268,0
21.508,3692,268,0
21.517,3682,263,0
21.525,3662,263,0
21.533,3659,263,0
21.542,3659,263,0
21.550,3659,263,0
21.558,3659,263,0
21.567,3662,263,0
21.575,3662,263,0
21.583,3659,263,0
21.592,3659,263,0
21.600,3662,263,0
21.608,3662,263,0
21.617,3662,263,0
21.625,3660,263,0
21.633,3658,262,0
21.642,3649,257,0
21.650,3621,257,0
21.658,3621,257,0
21.667,3621,257,0
21.675,3621,257,0
21.683,3621,257,0
21.692,3621,257,0
21.700,3621,257,0
21.708,3631,257,0
21.717,3634,257,0
21.725,3634,257,0
21.733,3637,257,0
21.742,3637,257,0
21.750,3637,257,0
21.758,4018,320,0
21.767,4018,320,0
21.775,3990,306,0
21.783,3934,306,0
21.792,3961,311,0
21.800,3926,306,0
21.808,3906,306,0
21.817,3906,306,0
21.825,3903,306,0
21.833,3903,306,0
21.842,3903,306,0
21.850,3903,306,0
21.858,3903,306,0
21.867,3906,306,0
21.875,3906,306,0
21.883,3906,306,0
21.892,3902,306,0
21.900,3900,306,0
21.908,3900,306,0
21.917,3864,270,0
21.925,3684,270,0
21.933,3684,270,0
21.942,3681,270,0
21.950,3681,270,0
21.958,3678,270,0
21.967,3678,270,0
21.975,3678,270,0
21.983,3672,270,0
21.992,3672,270,0
22.000,3675,270,0
22.008,3675,270,0
22.017,3671,266,0
22.025,3664,266,0
22.033,3667,266,0
22.042,3667,266,0
22.050,3670,266,0
22.058,3661,261,0
22.067,3651,261,0
22.075,3713,271,0
22.083,3713,271,0
22.092,3703,266,0
22.100,3680,266,0
22.108,3680,266,0
22.117,3683,266,0
22.125,3679,262,0
22.133,3679,264,0
22.142,3679,264,0
22.150,3679,264,0
22.158,3679,264,0
22.167,3679,264,0
22.175,3679,264,0
22.183,3679,264,0
22.192,3679,264,0
22.200,3679,264,0
22.208,3679,264,0
22.217,3679,264,0
22.225,3677,264,0
22.233,3674,264,0
22.242,3667,258,0
22.250,3638,258,0
22.258,3638,258,0
22.267,3638,258,0
22.275,3638,258,0
22.283,3641,257,0
22.292,3636,257,0
22.300,3639,257,0
22.308,3649,257,0
22.317,3649,257,0
22.325,3649,257,0
22.333,3649,257,0
22.342,3649,257,0
22.350,3596,217,0
22.358,3546,217,0
22.367,3886,274,0
22.375,3852,257,0
22.383,3784,257,0
22.392,3784,257,0
22.400,3832,265,0
22.408,3807,265,0
22.417,3800,260,0
22.425,3780,260,0
22.433,3783,260,0
22.442,3783,260,0
22.450,3783,260,0
22.458,3783,260,0
22.467,3783,260,0
22.475,3783,260,0
22.483,3783,260,0
22.492,3783,260,0
22.500,3776,260,0
22.508,3776,260,0
22.517,3774,260,0
22.525,3774,260,0
22.533,3738,227,0
22.542,3573,227,0
22.550,3568,224,0
22.558,3562,224,0
22.567,3562,221,0
22.575,3547,221,0
22.583,3557,225,0
22.592,3551,225,0
22.600,3551,225,0
22.608,3551,225,0
22.617,3551,225,0
22.625,3551,225,0
22.633,3547,221,0
22.642,3540,221,0
22.650,3537,221,0
22.658,3537,221,0
22.667,3525,216,0
22.675,3515,216,0
22.683,3577,226,0
22.692,3577,226,0
22.700,3570,221,0
22.708,3550,221,0
22.717,3550,221,0
22.725,3550,221,0
22.733,3550,221,0
22.742,3550,221,0
22.750,3553,221,0
22.758,3553,221,0
22.767,3553,221,0
22.775,3553,221,0
22.783,3553,221,0
22.792,3553,221,0
22.800,3550,221,0
22.808,3550,221,0
22.817,3553,221,0
22.825,3553,221,0
22.833,3551,221,0
22.842,3551,221,0
22.850,3546,216,0
22.858,3521,216,0
22.867,3519,214,0
22.875,3515,214,0
22.883,3515,214,0
22.892,3515,214,0
22.900,3515,214,0
22.908,3515,214,0
22.917,3525,214,0
22.925,3525,214,0
22.933,3522,214,0
22.942,3522,214,0
22.950,3522,214,0
22.958,3522,214,0
22.967,3525,214,0
22.975,3871,272,0
22.983,3868,272,0
22.992,3838,257,0
23.000,3835,266,0
23.008,3810,266,0
23.017,3810,266,0
23.025,3800,261,0
23.033,3780,261,0
23.042,3780,261,0
23.050,3777,261,0
23.058,3777,261,0
23.067,3777,261,0
23.075,3777,261,0
23.083,3777,261,0
23.092,3777,261,0
23.100,3777,261,0
23.108,3773,261,0
23.117,3779,261,0
23.125,3777,261,0
23.133,3780,261,0
23.142,3748,229,0
23.150,3588,229,0
23.158,3588,229,0
23.167,3584,225,0
23.175,3564,225,0
23.183,3564,225,0
23.192,3564,225,0
23.200,3555,225,0
23.208,3555,225,0
23.217,3555,225,0
23.225,3555,225,0
23.233,3552,225,0
23.242,3548,221,0
23.250,3541,221,0
23.258,3541,221,0
23.267,3544,221,0
23.275,3535,216,0
23.283,3525,216,0
23.292,3525,216,0
23.300,3575,224,0
23.308,3565,219,0
23.317,3545,219,0
23.325,3545,219,0
23.333,3545,219,0
23.342,3545,219,0
23.350,3659,267,0
23.358,3659,267,0
23.367,3656,267,0
23.375,3656,267,0
23.383,3662,266,0
23.392,3657,266,0
23.400,3660,266,0
23.408,3660,266,0
23.417,3660,266,0
23.425,3660,266,0
23.433,3660,266,0
23.442,3660,266,0
23.450,3661,266,0
23.458,3661,266,0
23.467,3657,262,0
23.475,3637,262,0
23.483,3637,262,0
23.492,3637,262,0
23.500,3634,262,0
23.508,3634,262,0
23.517,3637,262,0
23.525,3647,262,0
23.533,3647,262,0
23.542,3647,262,0
23.550,3647,262,0
23.558,3647,262,0
23.567,3647,262,0
23.575,3647,262,0
23.583,4016,323,0
23.592,4016,323,0
23.600,3982,306,0
23.608,3944,311,0
23.617,3919,311,0
23.625,3909,306,0
23.633,3886,306,0
23.642,3881,303,0
23.650,3875,303,0
23.658,3878,303,0
23.667,3878,303,0
23.675,3885,307,0
23.683,3885,307,0
23.692,3888,307,0
23.700,3888,307,0
23.708,3884,307,0
23.717,3884,307,0
23.725,3882,307,0
23.733,3882,307,0
23.742,3843,271,0
23.750,3663,271,0
23.758,3663,271,0
23.767,3663,271,0
23.775,3663,271,0
23.783,3663,271,0
23.792,3663,271,0
23.800,3657,271,0
23.808,3660,271,0
23.817,3660,271,0
23.825,3663,271,0
23.833,3663,271,0
23.842,3659,267,0
23.850,3652,267,0
23.858,3652,267,0
23.867,3652,267,0
23.875,3649,267,0
23.883,3643,262,0
23.892,3630,262,0
23.900,3680,270,0
23.908,3680,270,0
23.917,3672,266,0
23.925,3653,266,0
23.933,3653,266,0
23.942,3653,266,0
23.950,3653,266,0
23.958,3656,266,0
23.967,3656,266,0
23.975,3656,266,0
23.983,3656,266,0
23.992,3656,266,0
24.000,3656,266,0
24.008,3656,266,0
24.017,3656,266,0
24.025,3656,266,0
24.033,3656,266,0
24.042,3653,266,0
24.050,3651,266,0
24.058,3648,266,0
24.067,3644,262,0
24.075,3624,262,0
24.083,3624,262,0
24.092,3627,262,0
24.100,3627,262,0
24.108,3627,262,0
24.117,3627,262,0
24.125,3637,262,0
24.133,3637,262,0
24.142,3640,262,0
24.150,3640,262,0
24.158,3652,260,0
24.167,3642,260,0
24.175,3642,260,0
24.183,4017,322,0
24.192,4017,322,0
24.200,3988,306,0
24.208,3924,306,0
24.217,3948,310,0
24.225,3918,305,0
24.233,3898,305,0
24.242,3898,305,0
24.250,3898,305,0
24.258,3898,305,0
24.267,3898,305,0
24.275,3898,305,0
24.283,3898,305,0
24.292,3898,305,0
24.300,3898,305,0
24.308,3894,305,0
24.317,3889,305,0
24.325,3889,305,0
24.333,3889,305,0
24.342,3853,269,0
24.350,3676,269,0
24.358,3676,269,0
24.367,3673,269,0
24.375,3673,269,0
24.383,3676,269,0
24.392,3676,269,0
24.400,3670,269,0
24.408,3670,269,0
24.417,3657,263,0
24.425,3642,263,0
24.433,3642,263,0
24.442,3638,259,0
24.450,3631,259,0
24.458,3631,259,0
24.467,3637,258,0
24.475,3629,258,0
24.483,3623,253,0
24.492,3613,253,0
24.500,3678,263,0
24.508,3678,263,0
24.517,3673,259,0
24.525,3657,259,0
24.533,3657,259,0
24.542,3657,259,0
24.550,3657,259,0
24.558,3657,259,0
24.567,3657,259,0
24.575,3657,259,0
24.583,3654,259,0
24.592,3654,259,0
24.600,3654,259,0
24.608,3654,259,0
24.617,3651,259,0
24.625,3651,259,0
24.633,3651,259,0
24.642,3651,259,0
24.650,3652,259,0
24.658,3652,259,0
24.667,3647,254,0
24.675,3622,254,0
24.683,3622,254,0
24.692,3622,254,0
24.700,3622,254,0
24.708,3622,254,0
24.717,3622,254,0
24.725,3632,254,0
24.733,3624,251,0
24.742,3618,251,0
24.750,3615,251,0
24.758,3615,251,0
24.767,3625,255,0
24.775,3625,255,0
24.783,3997,316,0
24.792,3997,316,0
24.800,3963,299,0
24.808,3919,303,0
24.817,3899,303,0
24.825,3902,303,0
24.833,3894,299,0
24.842,3878,299,0
24.850,3878,299,0
24.858,3878,299,0
24.867,3878,299,0
24.875,3875,299,0
24.883,3875,299,0
24.892,3878,299,0
24.900,3878,299,0
24.908,3874,299,0
24.917,3874,299,0
24.925,3874,299,0
24.933,3872,299,0
24.942,3836,263,0
24.950,3656,263,0
24.958,3656,263,0
24.967,3656,263,0
24.975,3656,263,0
24.983,3656,263,0
24.992,3656,263,0
25.000,3650,263,0
25.008,3647,263,0
25.017,3647,263,0
25.025,3647,263,0
25.033,3647,263,0
25.042,3646,259,0
25.050,3636,259,0
25.058,3636,259,0
25.067,3636,259,0
25.075,3636,259,0
25.083,3630,254,0
25.092,3639,258,0
25.100,3701,268,0
25.108,3701,268,0
25.117,3691,263,0
25.125,3668,263,0
25.133,3668,263,0
25.142,3668,263,0
25.150,3668,263,0
25.158,3668,263,0
25.167,3668,263,0
25.175,3668,263,0
25.183,3668,263,0
25.192,3671,263,0
25.200,3671,263,0
25.208,3674,263,0
25.217,3674,263,0
25.225,3674,263,0
25.233,3674,263,0
25.242,3674,263,0
25.250,3672,263,0
25.258,3675,263,0
25.267,3670,258,0
25.275,3642,258,0
25.283,3642,258,0
25.292,3642,258,0
25.300,3642,258,0
25.308,3639,258,0
25.317,3639,258,0
25.325,3649,258,0
25.333,3649,258,0
25.342,3652,258,0
25.350,3652,258,0
25.358,3652,258,0
25.367,3652,258,0
25.375,3652,258,0
25.383,4027,320,0
25.392,4027,320,0
25.400,3995,304,0
25.408,3961,309,0
25.417,3936,309,0
25.425,3925,305,0
25.433,3906,305,0
25.442,3906,305,0
25.450,3906,305,0
25.458,3906,305,0
25.467,3909,305,0
25.475,3909,305,0
25.483,3906,305,0
25.492,3906,305,0
25.500,3906,305,0
25.508,3902,305,0
25.517,3905,305,0
25.525,3905,305,0
25.533,3903,305,0
25.542,3867,269,0
25.550,3693,268,0
25.558,3688,268,0
25.567,3685,268,0
25.575,3685,268,0
25.583,3688,268,0
25.592,3688,268,0
25.600,3682,268,0
25.608,3682,268,0
25.617,3682,268,0
25.625,3682,268,0
25.633,3682,268,0
25.642,3678,264,0
25.650,3671,264,0
25.658,3671,264,0
25.667,3674,264,0
25.675,3662,264,0
25.683,3656,259,0
25.692,3646,259,0
25.700,3705,269,0
25.708,3705,269,0
25.717,3695,264,0
25.725,3675,264,0
25.733,3678,264,0
25.742,3678,264,0
25.750,3675,264,0
25.758,3675,264,0
25.767,3697,268,0
25.775,3697,268,0
25.783,3697,268,0
25.792,3697,268,0
25.800,3697,268,0
25.808,3697,268,0
25.817,3689,265,0
25.825,3683,265,0
25.833,3683,265,0
25.842,3683,265,0
25.850,3691,269,0
25.858,3701,270,0
25.867,3693,265,0
25.875,3668,265,0
25.883,3671,265,0
25.892,3671,265,0
25.900,3674,265,0
25.908,3674,265,0
25.917,3674,265,0
25.925,3684,265,0
25.933,3684,265,0
25.942,3684,265,0
25.950,3684,265,0
25.958,3684,265,0
25.967,3681,265,0
25.975,3681,265,0
25.983,4044,325,0
25.992,4044,325,0
26.000,4007,308,0
26.008,3969,313,0
26.017,3944,313,0
26.025,3937,308,0
26.033,3917,308,0
26.042,3917,308,0
26.050,3917,308,0
26.058,3917,308,0
26.067,3917,308,0
26.075,3917,308,0
26.083,3917,308,0
26.092,3917,308,0
26.100,3917,308,0
26.108,3910,308,0
26.117,3910,308,0
26.125,3907,308,0
26.133,3905,308,0
26.142,3869,272,0
26.150,3689,272,0
26.158,3692,272,0
26.167,3692,272,0
26.175,3692,272,0
26.183,3692,272,0
26.192,3692,272,0
26.200,3686,272,0
26.208,3689,272,0
26.217,3689,272,0
26.225,3684,272,0
26.233,3684,272,0
26.242,3680,268,0
26.250,3670,268,0
26.258,3670,268,0
26.267,3670,268,0
26.275,3670,268,0
26.283,3664,263,0
26.292,3654,263,0
26.300,3716,273,0
26.308,3716,273,0
26.317,3706,268,0
26.325,3639,228,0
26.333,3589,228,0
26.342,3589,228,0
26.350,3589,228,0
26.358,3589,228,0
26.367,3589,228,0
26.375,3589,228,0
26.383,3589,228,0
26.392,3586,228,0
26.400,3586,228,0
26.408,3586,228,0
26.417,3586,228,0
26.425,3589,228,0
26.433,3589,228,0
26.442,3586,228,0
26.450,3584,228,0
26.458,3587,228,0
26.467,3582,223,0
26.475,3557,223,0
26.483,3557,223,0
26.492,3557,223,0
26.500,3557,223,0
26.508,3554,223,0
26.517,3557,223,0
26.525,3558,223,0
26.533,3558,223,0
26.542,3558,223,0
26.550,3558,223,0
26.558,3555,223,0
26.567,3555,223,0
26.575,3558,223,0
26.583,3904,281,0
26.592,3907,281,0
26.600,3877,266,0
26.608,3817,266,0
26.617,3871,275,0
26.625,3836,270,0
26.633,3816,270,0
26.642,3822,269,0
26.650,3817,269,0
26.658,3814,269,0
26.667,3814,269,0
26.675,3814,269,0
26.683,3814,269,0
26.692,3811,269,0
26.700,3811,269,0
26.708,3811,269,0
26.717,3807,269,0
26.725,3810,269,0
26.733,3808,269,0
26.742,3808,269,0
26.750,3776,237,0
26.758,3616,237,0
26.767,3621,237,0
26.775,3618,237,0
26.783,3614,233,0
26.792,3594,233,0
26.800,3594,233,0
26.808,3585,233,0
26.817,3585,233,0
26.825,3582,233,0
26.833,3582,233,0
26.842,3582,233,0
26.850,3578,229,0
26.858,3574,229,0
26.867,3574,229,0
26.875,3574,229,0
26.883,3565,224,0
26.892,3555,224,0
26.900,3555,224,0
26.908,3615,231,0
26.917,3609,231,0
26.925,3599,226,0
26.933,3579,226,0
26.942,3589,230,0
26.950,3589,230,0
26.958,3586,230,0
26.967,3586,230,0
26.975,3589,230,0
26.983,3589,230,0
26.992,3589,230,0
27.000,3589,230,0
27.008,3589,230,0
27.017,3589,230,0
27.025,3589,230,0
27.033,3589,230,0
27.042,3589,230,0
27.050,3589,230,0
27.058,3587,230,0
27.067,3585,229,0
27.075,3576,224,0
27.083,3551,224,0
27.092,3548,224,0
27.100,3548,224,0
27.108,3548,224,0
27.117,3548,224,0
27.125,3551,224,0
27.133,3561,224,0
27.142,3553,224,0
27.150,3553,224,0
27.158,3670,248,0
27.167,3670,248,0
27.175,3670,248,0
27.183,3670,248,0
27.192,4039,309,0
27.200,4039,309,0
27.208,4004,293,0
27.217,3970,298,0
27.225,3945,298,0
27.233,3935,293,0
27.242,3915,293,0
27.250,3915,293,0
27.258,3915,293,0
27.267,3918,293,0
27.275,3918,293,0
27.283,3921,293,0
27.292,3916,288,0
27.300,3906,288,0
27.308,3902,284,0
27.317,4012,332,0
27.325,4012,332,0
27.333,4010,332,0
27.342,4010,332,0
27.350,3971,296,0
27.358,3791,296,0
27.367,3791,296,0
27.375,3791,296,0
27.383,3788,296,0
27.392,3788,296,0
27.400,3791,296,0
27.408,3785,296,0
27.417,3788,296,0
27.425,3788,296,0
27.433,3788,296,0
27.442,3788,296,0
27.450,3784,292,0
27.458,3777,292,0
27.467,3777,292,0
27.475,3777,292,0
27.483,3774,292,0
27.492,3768,287,0
27.500,3755,287,0
27.508,3805,295,0
27.517,3802,295,0
27.525,3792,290,0
27.533,3772,290,0
27.542,3772,290,0
27.550,3775,290,0
27.558,3775,290,0
27.567,3775,290,0
27.575,3775,290,0
27.583,3775,290,0
27.592,3775,290,0
27.600,3778,290,0
27.608,3778,290,0
27.617,3778,290,0
27.625,3778,290,0
27.633,3775,290,0
27.642,3793,290,0
27.650,3736,290,0
27.658,3734,290,0
27.667,3737,290,0
27.675,3733,286,0
27.683,3713,286,0
27.692,3713,286,0
27.700,3713,286,0
27.708,3713,286,0
27.717,3713,286,0
27.725,3713,286,0
27.733,3729,285,0
27.742,3724,285,0
27.750,3724,285,0
27.758,3724,285,0
27.767,3724,285,0
27.775,3724,285,0
27.783,3721,285,0
27.792,4096,347,0
27.800,4126,347,0
27.808,4079,331,0
27.817,4045,336,0
27.825,4020,336,0
27.833,4007,331,0
27.842,3990,331,0
27.850,3990,331,0
27.858,3990,331,0
27.867,3990,331,0
27.875,3990,331,0
27.883,3990,331,0
27.892,3987,331,0
27.900,3987,331,0
27.908,3987,331,0
27.917,3983,331,0
27.925,3983,331,0
27.933,3981,331,0
27.942,3981,331,0
27.950,3945,295,0
27.958,3768,295,0
27.967,3768,295,0
27.975,3771,295,0
27.983,3771,295,0
27.992,3766,292,0
28.000,3760,292,0
28.008,3754,292,0
28.017,3754,292,0
28.025,3764,296,0
28.033,3761,296,0
28.042,3761,296,0
28.050,3757,292,0
28.058,3750,292,0
28.067,3747,292,0
28.075,3747,292,0
28.083,3744,292,0
28.092,3738,287,0
28.100,3728,287,0
28.108,3793,297,0
28.117,3793,297,0
28.125,3797,291,0
28.133,3771,291,0
28.142,3771,291,0
28.150,3771,291,0
28.158,3771,291,0
28.167,3741,291,0
28.175,3741,291,0
28.183,3741,291,0
28.192,3738,291,0
28.200,3738,291,0
28.208,3735,291,0
28.217,3735,291,0
28.225,3735,291,0
28.233,3738,291,0
28.242,3736,291,0
28.250,3736,291,0
28.258,3736,291,0
28.267,3731,286,0
28.275,3706,286,0
28.283,3709,286,0
28.292,3709,286,0
28.300,3709,286,0
28.308,3709,286,0
28.317,3709,286,0
28.325,3719,286,0
28.333,3716,286,0
28.342,3716,286,0
28.350,3719,286,0
28.358,3719,286,0
28.367,3719,286,0
28.375,3719,286,0
28.383,4075,340,0
28.392,4063,340,0
28.400,4029,323,0
28.408,3961,323,0
28.417,3985,327,0
28.425,3955,322,0
28.433,3935,322,0
28.442,3935,322,0
28.450,3935,322,0
28.458,3935,322,0
28.467,3935,322,0
28.475,3935,322,0
28.483,3932,322,0
28.492,3932,322,0
28.500,3935,322,0
28.508,3935,322,0
28.517,3928,322,0
28.525,3928,322,0
28.533,3931,322,0
28.542,3929,322,0
28.550,3893,286,0
28.558,3713,286,0
28.567,3713,286,0
28.575,3713,286,0
28.583,3710,286,0
28.592,3710,286,0
28.600,3710,286,0
28.608,3704,286,0
28.617,3704,286,0
28.625,3704,286,0
28.633,3704,286,0
28.642,3704,286,0
28.650,3703,282,0
28.658,3696,282,0
28.667,3699,282,0
28.675,3699,282,0
28.683,3690,277,0
28.692,3680,277,0
28.700,3677,277,0
28.708,3739,287,0
28.717,3739,287,0
28.725,3729,282,0
28.733,3706,282,0
28.742,3706,282,0
28.750,3706,282,0
28.758,3706,282,0
28.767,3703,282,0
28.775,3703,282,0
28.783,3703,282,0
28.792,3703,282,0
28.800,3706,282,0
28.808,3706,282,0
28.817,3712,281,0
28.825,3707,281,0
28.833,3707,281,0
28.842,3707,281,0
28.850,3705,281,0
28.858,3705,281,0
28.867,3705,281,0
28.875,3700,276,0
28.883,3672,276,0
28.892,3672,276,0
28.900,3669,276,0
28.908,3669,276,0
28.917,3669,276,0
28.925,3669,276,0
28.933,3682,276,0
28.942,3682,276,0
28.950,3682,276,0
28.958,3682,276,0
28.967,3682,276,0
28.975,3682,276,0
28.983,3685,276,0
28.992,4066,339,0
29.000,4066,339,0
29.008,4036,324,0
29.017,3976,324,0
29.025,4006,329,0
29.033,3978,329,0
29.042,3970,325,0
29.050,3957,325,0
29.058,3957,325,0
29.067,3957,325,0
29.075,3957,325,0
29.083,3952,322,0
29.092,3946,322,0
29.100,3946,322,0
29.108,3946,322,0
29.117,3956,326,0
29.125,3952,326,0
29.133,3952,326,0
29.142,3952,326,0
29.150,3950,326,0
29.158,3914,290,0
29.167,3731,290,0
29.175,3731,290,0
29.183,3731,290,0
29.192,3731,290,0
29.200,3734,290,0
29.208,3734,290,0
29.217,3725,290,0
29.225,3725,290,0
29.233,3728,290,0
29.242,3704,266,0
29.250,3668,266,0
29.258,3664,262,0
29.267,3657,262,0
29.275,3657,262,0
29.283,3654,262,0
29.292,3645,257,0
29.300,3635,257,0
29.308,3635,257,0
29.317,3697,267,0
29.325,3697,267,0
29.333,3687,262,0
29.342,3667,262,0
29.350,3670,262,0
29.358,3670,262,0
29.367,3673,262,0
29.375,3673,262,0
29.383,3673,262,0
29.392,3673,262,0
29.400,3673,262,0
29.408,3673,262,0
29.417,3673,262,0
29.425,3673,262,0
29.433,3670,262,0
29.442,3670,262,0
29.450,3670,262,0
29.458,3670,262,0
29.467,3665,262,0
29.475,3665,262,0
29.483,3660,257,0
29.492,3635,257,0
29.500,3638,257,0
29.508,3638,257,0
29.517,3638,257,0
29.525,3638,257,0
29.533,3638,257,0
29.542,3648,257,0
29.550,3651,257,0
29.558,3651,257,0
29.567,3651,257,0
29.575,3651,257,0
29.583,3648,257,0
29.592,3648,257,0
29.600,3926,305,0
29.608,3926,305,0
29.617,3890,287,0
29.625,3881,297,0
29.633,3856,297,0
29.642,3846,292,0
29.650,3826,292,0
29.658,3826,292,0
29.667,3826,292,0
29.675,3829,292,0
29.683,3829,292,0
29.692,3829,292,0
29.700,3829,292,0
29.708,3829,292,0
29.717,3829,292,0
29.725,3822,292,0
29.733,3822,292,0
29.742,3825,292,0
29.750,3823,292,0
29.758,3798,267,0
29.767,3673,267,0
29.775,3670,267,0
29.783,3665,262,0
29.792,3640,262,0
29.800,3640,262,0
29.808,3640,262,0
29.817,3634,262,0
29.825,3634,262,0
29.833,3634,262,0
29.842,3634,262,0
29.850,3627,258,0
29.858,3620,258,0
29.867,3620,258,0
29.875,3620,258,0
29.883,3620,258,0
29.892,3614,253,0
29.900,3607,252,0
29.908,3664,262,0
29.917,3667,262,0
29.925,3657,257,0
29.933,3637,257,0
29.942,3637,257,0
29.950,3637,257,0
29.958,3637,257,0
29.967,3634,257,0
29.975,3634,257,0
29.983,3634,257,0
29.992,3634,257,0
30.000,3634,257,0
30.008,3634,257,0
30.017,3634,257,0
30.025,3634,257,0
30.033,3637,257,0
30.042,3637,257,0
30.050,3640,257,0
30.058,3638,257,0
30.067,3638,257,0
30.075,3633,252,0
30.083,3608,252,0
30.092,3608,252,0
30.100,3608,252,0
30.108,3608,252,0
30.117,3605,252,0
30.125,3605,252,0
30.133,3615,252,0
30.142,3615,252,0
30.150,3612,252,0
30.158,3612,252,0
30.167,3607,249,0
30.175,3601,249,0
30.183,3604,249,0
30.192,3985,312,0
30.200,3995,316,0
30.208,3967,302,0
30.217,3911,302,0
30.225,3941,307,0
30.233,3906,302,0
30.242,3886,302,0
30.250,3905,306,0
30.258,3905,306,0
30.267,3902,306,0
30.275,3902,306,0
30.283,3905,308,0
30.292,3905,308,0
30.300,3855,268,0
30.308,3805,268,0
30.317,3808,268,0
30.325,3804,268,0
30.333,3804,268,0
30.342,3802,268,0
30.350,3802,268,0
30.358,3766,232,0
30.367,3589,232,0
30.375,3589,232,0
30.383,3589,232,0
30.392,3589,232,0
30.400,3589,232,0
30.408,3589,232,0
30.417,3580,232,0
30.425,3580,232,0
30.433,3583,232,0
30.442,3583,232,0
30.450,3583,232,0
30.458,3579,228,0
30.467,3572,228,0
30.475,3572,228,0
30.483,3572,228,0
30.492,3563,223,0
30.500,3553,223,0
30.508,3553,223,0
30.517,3591,229,0
30.525,3591,229,0
30.533,3581,224,0
30.542,3561,224,0
30.550,3558,224,0
30.558,3558,224,0
30.567,3558,224,0
30.575,3558,224,0
30.583,3561,224,0
30.592,3561,224,0
30.600,3558,224,0
30.608,3558,224,0
30.617,3564,224,0
30.625,3564,224,0
30.633,3564,224,0
30.642,3564,224,0
30.650,3564,224,0
30.658,3562,224,0
30.667,3559,224,0
30.675,3559,224,0
30.683,3556,221,0
30.692,3541,221,0
30.700,3541,221,0
30.708,3541,221,0
30.717,3541,221,0
30.725,3541,221,0
30.733,3544,221,0
30.742,3554,221,0
30.750,3557,221,0
30.758,3557,221,0
30.767,3557,221,0
30.775,3557,221,0
30.783,3557,221,0
30.792,3557,221,0
30.800,3926,282,0
30.808,3926,282,0
30.817,3887,264,0
30.825,3815,264,0
30.833,3848,269,0
30.842,3814,269,0
30.850,3798,264,0
30.858,3778,264,0
30.867,3778,264,0
30.875,3778,264,0
30.883,3781,264,0
30.892,3781,264,0
30.900,3781,264,0
30.908,3781,264,0
30.917,3781,264,0
30.925,3781,264,0
30.933,3777,264,0
30.942,3777,264,0
30.950,3775,264,0
30.958,3775,264,0
30.967,3736,228,0
30.975,3556,228,0
30.983,3553,228,0
30.992,3553,228,0
31.000,3559,227,0
31.008,3554,227,0
31.017,3555,225,0
31.025,3555,226,0
31.033,3552,226,0
31.042,3552,226,0
31.050,3552,226,0
31.058,3552,226,0
31.067,3551,222,0
31.075,3544,222,0
31.083,3544,222,0
31.092,3544,222,0
31.100,3535,217,0
31.108,3525,217,0
31.117,3522,217,0
31.125,3584,227,0
31.133,3587,227,0
31.142,3581,224,0
31.150,3569,224,0
31.158,3569,224,0
31.167,3569,224,0
31.175,3569,224,0
31.183,3569,224,0
31.192,3569,224,0
31.200,3569,224,0
31.208,3569,224,0
31.217,3569,224,0
31.225,3569,224,0
31.233,3569,224,0
31.242,3569,224,0
31.250,3566,224,0
31.258,3566,224,0
31.267,3559,221,0
31.275,3553,221,0
31.283,3556,221,0
31.292,3551,216,0
31.300,3653,268,0
31.308,3653,268,0
31.317,3656,268,0
31.325,3656,268,0
31.333,3656,268,0
31.342,3656,268,0
31.350,3666,268,0
31.358,3666,268,0
31.367,3663,268,0
31.375,3663,268,0
31.383,3663,268,0
31.392,3663,268,0
31.400,3658,268,0
31.408,4027,329,0
31.417,4027,329,0
31.425,3995,313,0
31.433,3934,313,0
31.442,3952,316,0
31.450,3940,316,0
31.458,3930,311,0
31.467,3910,311,0
31.475,3910,311,0
31.483,3910,311,0
31.492,3910,311,0
31.500,3910,311,0
31.508,3910,311,0
31.517,3907,311,0
31.525,3907,311,0
31.533,3907,311,0
31.542,3903,311,0
31.550,3900,311,0
31.558,3900,311,0
31.567,3898,311,0
31.575,3862,275,0
31.583,3685,275,0
31.592,3685,275,0
31.600,3685,275,0
31.608,3685,275,0
31.617,3685,275,0
31.625,3685,275,0
31.633,3679,275,0
31.642,3679,275,0
31.650,3679,275,0
31.658,3679,275,0
31.667,3676,275,0
31.675,3672,271,0
31.683,3662,271,0
31.692,3662,271,0
31.700,3665,271,0
31.708,3656,266,0
31.717,3649,266,0
31.725,3649,266,0
31.733,3711,276,0
31.742,3711,276,0
31.750,3701,271,0
31.758,3681,271,0
31.767,3684,271,0
31.775,3684,271,0
31.783,3684,271,0
31.792,3684,271,0
31.800,3684,271,0
31.808,3684,271,0
31.817,3681,271,0
31.825,3681,271,0
31.833,3684,271,0
31.842,3684,271,0
31.850,3684,271,0
31.858,3684,271,0
31.867,3684,271,0
31.875,3684,271,0
31.883,3682,271,0
31.892,3682,271,0
31.900,3677,266,0
31.908,3652,266,0
31.917,3652,266,0
31.925,3652,266,0
31.933,3649,266,0
31.942,3649,266,0
31.950,3646,266,0
31.958,3656,266,0
31.967,3656,266,0
31.975,3656,266,0
31.983,3659,266,0
31.992,3659,266,0
32.000,3656,266,0
32.008,3656,266,0
32.017,3964,318,0
32.025,3964,318,0
32.033,3932,302,0
32.042,3928,312,0
32.050,3903,312,0
32.058,3897,309,0
32.067,3882,309,0
32.075,3882,309,0
32.083,3882,309,0
32.092,3882,309,0
32.100,3882,309,0
32.108,3900,306,0
32.117,3885,306,0
32.125,3888,306,0
32.133,3888,306,0
32.142,3887,306,0
32.150,3887,306,0
32.158,3887,306,0
32.167,3885,306,0
32.175,3860,281,0
32.183,3735,281,0
32.192,3735,281,0
32.200,3730,276,0
32.208,3702,276,0
32.217,3702,276,0
32.225,3702,276,0
32.233,3693,276,0
32.242,3693,276,0
32.250,3693,276,0
32.258,3693,276,0
32.267,3692,272,0
32.275,3685,272,0
32.283,3685,272,0
32.292,3685,272,0
32.300,3682,272,0
32.308,3676,267,0
32.317,3666,267,0
32.325,3728,277,0
32.333,3728,277,0
32.342,3718,272,0
32.350,3695,272,0
32.358,3695,272,0
32.367,3677,263,0
32.375,3659,263,0
32.383,3669,267,0
32.392,3669,267,0
32.400,3672,267,0
32.408,3672,267,0
32.417,3672,267,0
32.425,3672,267,0
32.433,3672,267,0
32.442,3672,267,0
32.450,3675,267,0
32.458,3670,262,0
32.467,3658,262,0
32.475,3658,262,0
32.483,3658,262,0
32.492,3653,257,0
32.500,3625,257,0
32.508,3625,257,0
32.517,3628,257,0
32.525,3628,257,0
32.533,3628,257,0
32.542,3628,257,0
32.550,3638,257,0
32.558,3638,257,0
32.567,3638,257,0
32.575,3638,257,0
32.583,3638,257,0
32.592,3638,257,0
32.600,3638,257,0
32.608,3919,305,0
32.617,3919,305,0
32.625,3883,287,0
32.633,3808,287,0
32.642,3868,297,0
32.650,3833,292,0
32.658,3813,292,0
32.667,3816,292,0
32.675,3816,292,0
32.683,3813,292,0
32.692,3813,292,0
32.700,3816,292,0
32.708,3816,292,0
32.717,3816,292,0
32.725,3816,292,0
32.733,3816,292,0
32.742,3812,292,0
32.750,3809,292,0
32.758,3807,292,0
32.767,3810,292,0
32.775,3785,267,0
32.783,3660,267,0
32.792,3660,267,0
32.800,3660,267,0
32.808,3655,262,0
32.817,3633,262,0
32.825,3633,262,0
32.833,3630,262,0
32.842,3630,262,0
32.850,3630,262,0
32.858,3630,262,0
32.867,3630,262,0
32.875,3626,258,0
32.883,3619,258,0
32.892,3619,258,0
32.900,3616,258,0
32.908,3607,253,0
32.917,3597,253,0
32.925,3597,253,0
32.933,3632,259,0
32.942,3632,259,0
32.950,3622,254,0
32.958,3602,254,0
32.967,3605,254,0
32.975,3605,254,0
32.983,3605,254,0
32.992,3605,254,0
33.000,3602,254,0
33.008,3602,254,0
33.017,3602,254,0
33.025,3602,254,0
33.033,3602,254,0
33.042,3602,254,0
33.050,3599,254,0
33.058,3599,254,0
33.067,3596,254,0
33.075,3596,254,0
33.083,3594,254,0
33.092,3594,254,0
33.100,3594,251,0
33.108,3579,251,0
33.117,3579,251,0
33.125,3579,251,0
33.133,3579,251,0
33.142,3579,251,0
33.150,3582,251,0
33.158,3592,251,0
33.167,3592,251,0
33.175,3592,251,0
33.183,3592,251,0
33.192,3592,251,0
33.200,3595,250,0
33.208,3590,250,0
33.217,3986,315,0
33.225,3986,315,0
33.233,3958,301,0
33.242,3932,306,0
33.250,3907,306,0
33.258,3897,301,0
33.267,3877,301,0
33.275,3877,301,0
33.283,3877,301,0
33.292,3877,301,0
33.300,3877,301,0
33.308,3877,301,0
33.317,3877,301,0
33.325,3874,301,0
33.333,3874,301,0
33.342,3870,301,0
33.350,3870,301,0
33.358,3871,301,0
33.367,3871,301,0
33.375,3832,265,0
33.383,3652,265,0
33.392,3655,265,0
33.400,3655,265,0
33.408,3655,265,0
33.417,3655,265,0
33.425,3655,265,0
33.433,3649,265,0
33.442,3646,265,0
33.450,3646,265,0
33.458,3641,262,0
33.467,3635,262,0
33.475,3641,262,0
33.483,3634,262,0
33.492,3634,262,0
33.500,3634,262,0
33.508,3634,262,0
33.517,3628,257,0
33.525,3621,257,0
33.533,3659,263,0
33.542,3659,263,0
33.550,3653,260,0
33.558,3641,260,0
33.567,3641,260,0
33.575,3641,260,0
33.583,3641,260,0
33.592,3638,260,0
33.600,3638,260,0
33.608,3638,260,0
33.617,3638,260,0
33.625,3635,260,0
33.633,3635,260,0
33.642,3635,260,0
33.650,3635,260,0
33.658,3638,260,0
33.667,3638,260,0
33.675,3636,260,0
33.683,3636,260,0
33.692,3636,260,0
33.700,3633,257,0
33.708,3618,257,0
33.717,3618,257,0
33.725,3618,257,0
33.733,3618,257,0
33.742,3615,257,0
33.750,3615,257,0
33.758,3622,257,0
33.767,3622,257,0
33.775,3622,257,0
33.783,3622,257,0
33.792,3625,257,0
33.800,3625,257,0
33.808,3625,257,0
33.817,3982,316,0
33.825,3982,316,0
33.833,3942,296,0
33.842,3868,296,0
33.850,3886,299,0
33.858,3861,294,0
33.867,3841,294,0
33.875,3841,294,0
33.883,3841,294,0
33.892,3838,294,0
33.900,3838,294,0
33.908,3841,294,0
33.917,3841,294,0
33.925,3841,294,0
33.933,3841,294,0
33.942,3841,294,0
33.950,3837,294,0
33.958,3837,294,0
33.967,3835,294,0
33.975,3835,294,0
33.983,3799,258,0
33.992,3619,258,0
34.000,3619,258,0
34.008,3619,258,0
34.017,3619,258,0
34.025,3616,258,0
34.033,3616,258,0
34.042,3610,258,0
34.050,3610,258,0
34.058,3613,258,0
34.067,3613,258,0
34.075,3607,258,0
34.083,3603,254,0
34.092,3599,254,0
34.100,3599,254,0
34.108,3599,254,0
34.117,3590,249,0
34.125,3580,249,0
34.133,3580,249,0
34.142,3639,259,0
34.150,3639,259,0
34.158,3633,256,0
34.167,3621,256,0
34.175,3621,256,0
34.183,3621,256,0
34.192,3621,256,0
34.200,3621,256,0
34.208,3624,256,0
34.217,3624,256,0
34.225,3627,256,0
34.233,3627,256,0
34.242,3627,256,0
34.250,3627,256,0
34.258,3627,256,0
34.267,3627,256,0
34.275,3627,256,0
34.283,3580,215,0
34.292,3523,214,0
34.300,3512,209,0
34.308,3487,209,0
34.317,3484,209,0
34.325,3484,209,0
34.333,3484,209,0
34.342,3484,209,0
34.350,3487,209,0
34.358,3497,209,0
34.367,3497,209,0
34.375,3497,209,0
34.383,3497,209,0
34.392,3497,209,0
34.400,3497,209,0
34.408,3497,209,0
34.417,3896,275,0
34.425,3896,275,0
34.433,3867,262,0
34.442,3815,262,0
34.450,3830,265,0
34.458,3815,265,0
34.467,3809,262,0
34.475,3797,262,0
34.483,3819,266,0
34.492,3819,266,0
34.500,3819,266,0
34.508,3819,266,0
34.517,3819,266,0
34.525,3819,266,0
34.533,3822,266,0
34.542,3817,263,0
34.550,3807,263,0
34.558,3805,263,0
34.567,3815,267,0
34.575,3815,267,0
34.583,3776,231,0
34.592,3596,231,0
34.600,3599,231,0
34.608,3599,231,0
34.617,3599,231,0
34.625,3599,231,0
34.633,3599,231,0
34.642,3593,231,0
34.650,3593,231,0
34.658,3593,231,0
34.667,3593,231,0
34.675,3593,231,0
34.683,3589,227,0
34.692,3582,227,0
34.700,3582,227,0
34.708,3582,227,0
34.717,3570,222,0
34.725,3560,222,0
34.733,3560,222,0
34.742,3622,232,0
34.750,3625,232,0
34.758,3615,227,0
34.767,3592,227,0
34.775,3592,227,0
34.783,3595,227,0
34.792,3595,227,0
34.800,3595,227,0
34.808,3595,227,0
34.817,3595,227,0
34.825,3595,227,0
34.833,3592,227,0
34.842,3592,227,0
34.850,3592,227,0
34.858,3592,227,0
34.867,3592,227,0
34.875,3592,227,0
34.883,3592,227,0
34.892,3590,227,0
34.900,3593,227,0
34.908,3588,222,0
34.917,3569,222,0
34.925,3569,222,0
34.933,3569,222,0
34.942,3569,222,0
34.950,3569,222,0
34.958,3569,222,0
34.967,3579,222,0
34.975,3579,222,0
34.983,3576,222,0
34.992,3576,222,0
35.000,3576,222,0
35.008,3576,222,0
35.017,3573,222,0
35.025,3927,280,0
35.033,3927,280,0
35.042,3885,259,0
35.050,3804,259,0
35.058,3834,264,0
35.067,3809,264,0
35.075,3803,261,0
35.083,3791,261,0
35.092,3791,261,0
35.100,3791,261,0
35.108,3791,261,0
35.117,3791,261,0
35.125,3788,261,0
35.133,3785,261,0
35.142,3785,261,0
35.150,3779,261,0
35.158,3775,261,0
35.167,3775,261,0
35.175,3773,261,0
35.183,3776,261,0
35.192,3740,225,0
35.200,3560,225,0
35.208,3560,225,0
35.217,3560,225,0
35.225,3560,225,0
35.233,3566,225,0
35.242,3557,225,0
35.250,3551,225,0
35.258,3551,225,0
35.267,3551,225,0
35.275,3551,225,0
35.283,3668,273,0
35.292,3664,269,0
35.300,3660,269,0
35.308,3660,269,0
35.317,3660,269,0
35.325,3651,264,0
35.333,3641,264,0
35.342,3641,264,0
35.350,3703,274,0
35.358,3703,274,0
35.367,3693,269,0
35.375,3673,269,0
35.383,3679,268,0
35.392,3674,268,0
35.400,3674,268,0
35.408,3674,268,0
35.417,3671,268,0
35.425,3671,268,0
35.433,3690,272,0
35.442,3690,272,0
35.450,3693,272,0
35.458,3693,272,0
35.467,3690,272,0
35.475,3690,272,0
35.483,3693,272,0
35.492,3698,272,0
35.500,3693,272,0
35.508,3691,271,0
35.517,3682,266,0
35.525,3657,266,0
35.533,3654,266,0
35.542,3654,266,0
35.550,3654,266,0
35.558,3654,266,0
35.567,3654,266,0
35.575,3664,266,0
35.583,3664,266,0
35.592,3664,266,0
35.600,3667,266,0
35.608,3667,266,0
35.617,3670,266,0
35.625,3670,266,0
35.633,4063,331,0
35.642,4063,331,0
35.650,4034,316,0
35.658,4020,325,0
35.667,3995,325,0
35.675,3985,320,0
35.683,3962,320,0
35.692,3962,320,0
35.700,3962,320,0
35.708,3959,320,0
35.717,3959,320,0
35.725,3959,320,0
35.733,3959,320,0
35.742,3962,320,0
35.750,3962,320,0
35.758,3958,320,0
35.767,3958,320,0
35.775,3958,320,0
35.783,3958,320,0
35.792,3920,284,0
35.800,3740,284,0
35.808,3740,284,0
35.817,3740,284,0
35.825,3737,284,0
35.833,3737,284,0
35.842,3734,284,0
35.850,3728,284,0
35.858,3723,284,0
35.867,3723,284,0
35.875,3726,284,0
35.883,3726,284,0
35.892,3722,280,0
35.900,3715,280,0
35.908,3715,280,0
35.917,3715,280,0
35.925,3715,280,0
35.933,3709,275,0
35.942,3699,275,0
35.950,3761,285,0
35.958,3761,285,0
35.967,3751,280,0
35.975,3728,280,0
35.983,3728,280,0
35.992,3734,280,0
36.000,3734,280,0
36.008,3737,280,0
36.017,3728,280,0
36.025,3728,280,0
36.033,3724,276,0
36.042,3718,276,0
36.050,3718,276,0
36.058,3718,276,0
36.067,3718,276,0
36.075,3832,300,0
36.083,3832,300,0
36.092,3842,298,0
36.100,3832,298,0
36.108,3829,298,0
36.117,3824,293,0
36.125,3799,293,0
36.133,3799,293,0
36.142,3802,293,0
36.150,3802,293,0
36.158,3799,293,0
36.167,3802,293,0
36.175,3812,293,0
36.183,3812,293,0
36.192,3822,294,0
36.200,3819,294,0
36.208,3819,294,0
36.217,3813,294,0
36.225,4158,351,0
36.233,4158,351,0
36.242,4118,331,0
36.250,4038,331,0
36.258,4068,336,0
36.267,4033,331,0
36.275,4016,331,0
36.283,4016,331,0
36.292,4019,331,0
36.300,4019,331,0
36.308,4019,331,0
36.317,4019,331,0
36.325,4019,331,0
36.333,4019,331,0
36.342,4009,325,0
36.350,3993,325,0
36.358,3990,325,0
36.367,3990,325,0
36.375,3952,289,0
36.383,3769,289,0
36.392,3769,289,0
36.400,3769,289,0
36.408,3769,289,0
36.417,3769,289,0
36.425,3772,289,0
36.433,3772,289,0
36.442,3766,289,0
36.450,3766,289,0
36.458,3772,288,0
36.467,3767,288,0
36.475,3763,284,0
36.483,3756,284,0
36.492,3756,284,0
36.500,3753,284,0
36.508,3753,284,0
36.517,3744,279,0
36.525,3731,279,0
36.533,3731,279,0
36.542,3793,289,0
36.550,3806,289,0
36.558,3745,284,0
36.567,3725,284,0
36.575,3725,284,0
36.583,3725,284,0
36.592,3725,284,0
36.600,3725,284,0
36.608,3728,284,0
36.617,3728,284,0
36.625,3728,284,0
36.633,3728,284,0
36.642,3728,284,0
36.650,3728,284,0
36.658,3725,284,0
36.667,3725,284,0
36.675,3728,284,0
36.683,3728,284,0
36.692,3726,284,0
36.700,3726,284,0
36.708,3721,279,0
36.717,3726,279,0
36.725,3703,276,0
36.733,3697,276,0
36.742,3707,280,0
36.750,3707,280,0
36.758,3707,280,0
36.767,3717,280,0
36.775,3717,280,0
36.783,3717,280,0
36.792,3714,280,0
36.800,3714,280,0
36.808,3714,280,0
36.817,3714,280,0
36.825,4034,334,0
36.833,4034,334,0
36.842,4007,322,0
36.850,4022,332,0
36.858,3997,332,0
36.867,3997,332,0
36.875,3987,327,0
36.883,3967,327,0
36.892,3967,327,0
36.900,3964,327,0
36.908,3964,327,0
36.917,3964,327,0
36.925,3964,327,0
36.933,3964,327,0
36.942,3964,327,0
36.950,3960,327,0
36.958,3960,327,0
36.967,3963,327,0
36.975,3961,327,0
36.983,3939,302,0
36.992,3814,302,0
37.000,3814,302,0
37.008,3809,297,0
37.017,3784,297,0
37.025,3784,297,0
37.033,3784,297,0
37.042,3778,297,0
37.050,3778,297,0
37.058,3778,297,0
37.067,3778,297,0
37.075,3775,297,0
37.083,3741,293,0
37.092,3734,293,0
37.100,3734,293,0
37.108,3737,293,0
37.117,3728,288,0
37.125,3718,288,0
37.133,3780,298,0
37.142,3780,298,0
37.150,3770,293,0
37.158,3750,293,0
37.167,3750,293,0
37.175,3750,293,0
37.183,3750,293,0
37.192,3747,293,0
37.200,3747,293,0
37.208,3744,293,0
37.217,3744,293,0
37.225,3744,293,0
37.233,3744,293,0
37.242,3747,293,0
37.250,3747,293,0
37.258,3747,293,0
37.267,3747,293,0
37.275,3744,293,0
37.283,3742,293,0
37.292,3740,288,0
37.300,3715,288,0
37.308,3715,288,0
37.317,3715,288,0
37.325,3715,288,0
37.333,3712,288,0
37.342,3712,288,0
37.350,3712,288,0
37.358,3725,288,0
37.367,3725,288,0
37.375,3725,288,0
37.383,3725,288,0
37.392,3725,288,0
37.400,3725,288,0
37.408,3725,288,0
37.417,4070,345,0
37.425,4070,345,0
37.433,4030,325,0
37.442,3950,325,0
37.450,3980,330,0
37.458,3945,325,0
37.467,3925,325,0
37.475,3922,325,0
37.483,3922,325,0
37.492,3922,325,0
37.500,3922,325,0
37.508,3925,325,0
37.517,3925,325,0
37.525,3922,325,0
37.533,3922,325,0
37.542,3931,324,0
37.550,3922,324,0
37.558,3920,324,0
37.567,3920,324,0
37.575,3920,324,0
37.583,3884,288,0
37.592,3701,288,0
37.600,3701,288,0
37.608,3701,288,0
37.617,3696,283,0
37.625,3686,283,0
37.633,3686,283,0
37.642,3680,283,0
37.650,3680,283,0
37.658,3683,283,0
37.667,3683,283,0
37.675,3686,283,0
37.683,3682,279,0
37.692,3675,279,0
37.700,3675,279,0
37.708,3675,279,0
37.717,3666,274,0
37.725,3656,274,0
37.733,3656,274,0
37.742,3691,280,0
37.750,3681,275,0
37.758,3661,275,0
37.767,3661,275,0
37.775,3658,275,0
37.783,3658,275,0
37.792,3658,275,0
37.800,3658,275,0
37.808,3656,272,0
37.817,3650,272,0
37.825,3660,276,0
37.833,3660,276,0
37.842,3660,276,0
37.850,3660,276,0
37.858,3660,276,0
37.867,3660,276,0
37.875,3660,276,0
37.883,3660,276,0
37.892,3655,276,0
37.900,3655,276,0
37.908,3649,273,0
37.917,3634,273,0
37.925,3634,273,0
37.933,3634,273,0
37.942,3637,273,0
37.950,3637,273,0
37.958,3637,273,0
37.967,3647,273,0
37.975,3647,273,0
37.983,3647,273,0
37.992,3650,273,0
38.000,3650,273,0
38.008,3650,273,0
38.017,3650,273,0
38.025,4055,340,0
38.033,4055,340,0
38.042,4028,328,0
38.050,4013,333,0
38.058,3988,333,0
38.067,3978,328,0
38.075,3958,328,0
38.083,3958,328,0
38.092,3958,328,0
38.100,3958,328,0
38.108,3958,328,0
38.117,3961,328,0
38.125,3961,328,0
38.133,3961,328,0
38.142,3937,304,0
38.150,3897,304,0
38.158,3897,304,0
38.167,3894,304,0
38.175,3892,304,0
38.183,3856,268,0
38.192,3679,268,0
38.200,3679,268,0
38.208,3679,268,0
38.217,3676,268,0
38.225,3679,268,0
38.233,3679,268,0
38.242,3623,228,0
38.250,3573,228,0
38.258,3573,228,0
38.267,3573,228,0
38.275,3566,224,0
38.283,3559,224,0
38.292,3559,224,0
38.300,3559,224,0
38.308,3556,224,0
38.317,3550,219,0
38.325,3540,219,0
38.333,3602,229,0
38.342,3602,229,0
38.350,3596,226,0
38.358,3587,226,0
38.367,3587,226,0
38.375,3587,226,0
38.383,3587,226,0
38.392,3587,226,0
38.400,3587,226,0
38.408,3587,226,0
38.417,3584,226,0
38.425,3590,228,0
38.433,3590,228,0
38.442,3590,228,0
38.450,3587,228,0
38.458,3587,228,0
38.467,3587,228,0
38.475,3587,228,0
38.483,3585,228,0
38.492,3586,227,0
38.500,3577,222,0
38.508,3552,222,0
38.517,3552,222,0
38.525,3552,222,0
38.533,3552,222,0
38.542,3552,222,0
38.550,3552,222,0
38.558,3562,222,0
38.567,3562,222,0
38.575,3559,222,0
38.583,3559,222,0
38.592,3556,222,0
38.600,3556,222,0
38.608,3556,222,0
38.617,3895,278,0
38.625,3904,277,0
38.633,3857,256,0
38.642,3773,256,0
38.650,3791,259,0
38.658,3766,254,0
38.667,3746,254,0
38.675,3749,254,0
38.683,3749,254,0
38.692,3749,254,0
38.700,3749,254,0
38.708,3749,254,0
38.717,3749,254,0
38.725,3746,254,0
38.733,3749,254,0
38.742,3749,254,0
38.750,3745,254,0
38.758,3743,254,0
38.767,3743,254,0
38.775,3707,218,0
38.783,3527,218,0
38.792,3527,218,0
38.800,3527,218,0
38.808,3527,218,0
38.817,3527,218,0
38.825,3527,218,0
38.833,3521,218,0
38.842,3521,218,0
38.850,3518,218,0
38.858,3518,218,0
38.867,3518,218,0
38.875,3514,214,0
38.883,3505,211,0
38.892,3499,211,0
38.900,3506,215,0
38.908,3503,215,0
38.917,3500,210,0
38.925,3490,210,0
38.933,3552,220,0
38.942,3552,220,0
38.950,3542,215,0
38.958,3519,215,0
38.967,3519,215,0
38.975,3519,215,0
38.983,3519,215,0
38.992,3519,215,0
39.000,3519,215,0
39.008,3519,215,0
39.017,3519,215,0
39.025,3519,215,0
39.033,3522,215,0
39.042,3522,215,0
39.050,3525,215,0
39.058,3525,215,0
39.067,3525,215,0
39.075,3523,215,0
39.083,3523,215,0
39.092,3523,215,0
39.100,3518,210,0
39.108,3493,210,0
39.117,3490,210,0
39.125,3490,210,0
39.133,3490,210,0
39.142,3490,210,0
39.150,3485,208,0
39.158,3491,208,0
39.167,3491,208,0
39.175,3491,208,0
39.183,3497,208,0
39.192,3497,208,0
39.200,3497,208,0
39.208,3497,208,0
39.217,3911,276,0
39.225,3911,276,0
39.233,4009,313,0
39.242,3965,313,0
39.250,3995,318,0
39.258,3970,318,0
39.267,3961,315,0
39.275,3949,315,0
39.283,3946,315,0
39.292,3946,315,0
39.300,3946,315,0
39.308,3946,315,0
39.317,3946,315,0
39.325,3946,315,0
39.333,3946,315,0
39.342,3946,315,0
39.350,3940,315,0
39.358,3940,315,0
39.367,3943,315,0
39.375,3943,315,0
39.383,3907,279,0
39.392,3727,279,0
39.400,3727,279,0
39.408,3727,279,0
39.417,3721,279,0
39.425,3721,279,0
39.433,3724,279,0
39.442,3718,279,0
39.450,3718,279,0
39.458,3718,279,0
39.467,3718,279,0
39.475,3718,279,0
39.483,3714,275,0
39.492,3707,275,0
39.500,3707,275,0
39.508,3707,275,0
39.517,3698,270,0
39.525,3688,270,0
39.533,3750,280,0
39.542,3750,280,0
39.550,3737,275,0
39.558,3717,275,0
39.567,3717,275,0
39.575,3720,275,0
39.583,3720,275,0
39.592,3717,275,0
39.600,3717,275,0
39.608,3720,275,0
39.617,3720,275,0
39.625,3720,275,0
39.633,3720,275,0
39.642,3720,275,0
39.650,3720,275,0
39.658,3717,275,0
39.667,3717,275,0
39.675,3717,275,0
39.683,3715,275,0
39.692,3710,270,0
39.700,3685,270,0
39.708,3691,269,0
39.717,3686,269,0
39.725,3689,269,0
39.733,3689,269,0
39.742,3692,269,0
39.750,3692,269,0
39.758,3702,269,0
39.767,3702,269,0
39.775,3702,269,0
39.783,3702,269,0
39.792,3702,269,0
39.800,3702,269,0
39.808,3699,269,0
39.817,4026,323,0
39.825,4026,323,0
39.833,3980,300,0
39.842,3885,300,0
39.850,3915,305,0
39.858,3890,305,0
39.867,3880,300,0
39.875,3863,300,0
39.883,3863,300,0
39.892,3863,300,0
39.900,3863,300,0
39.908,3863,300,0
39.917,3863,300,0
39.925,3863,300,0
39.933,3863,300,0
39.942,3863,300,0
39.950,3859,300,0
39.958,3856,300,0
39.967,3854,300,0
39.975,3846,297,0
39.983,3804,261,0
39.992,3634,265,0
40.000,3634,265,0
40.008,3637,265,0
40.017,3637,265,0
40.025,3637,265,0
40.033,3637,265,0
40.042,3643,263,0
40.050,3633,263,0
40.058,3636,263,0
40.067,3636,263,0
40.075,3636,263,0
40.083,3632,259,0
40.092,3625,259,0
40.100,3625,259,0
40.108,3622,259,0
40.117,3616,254,0
40.125,3606,254,0
40.133,3668,264,0
40.142,3668,264,0
40.150,3658,259,0
40.158,3638,259,0
40.167,3638,259,0
40.175,3638,259,0
40.183,3638,259,0
40.192,3638,259,0
40.200,3638,259,0
40.208,3638,259,0
40.217,3638,259,0
40.225,3638,259,0
40.233,3635,259,0
40.242,3635,259,0
40.250,3638,259,0
40.258,3638,259,0
40.267,3641,259,0
40.275,3641,259,0
40.283,3636,259,0
40.292,3631,254,0
40.300,3599,248,0
40.308,3587,248,0
40.317,3587,248,0
40.325,3587,248,0
40.333,3587,248,0
40.342,3584,248,0
40.350,3584,248,0
40.358,3594,248,0
40.367,3594,248,0
40.375,3594,248,0
40.383,3594,248,0
40.392,3594,248,0
40.400,3594,248,0
40.408,3594,248,0
40.417,3932,305,0
40.425,3935,305,0
40.433,3917,296,0
40.442,3941,306,0
40.450,3916,306,0
40.458,3906,301,0
40.467,3886,301,0
40.475,3883,301,0
40.483,3883,301,0
40.492,3880,301,0
40.500,3880,301,0
40.508,3880,301,0
40.517,3880,301,0
40.525,3877,301,0
40.533,3877,301,0
40.542,3873,301,0
40.550,3895,305,0
40.558,3893,305,0
40.567,3868,280,0
40.575,3743,280,0
40.583,3743,280,0
40.592,3738,275,0
40.600,3713,275,0
40.608,3713,275,0
40.617,3713,275,0
40.625,3707,275,0
40.633,3704,275,0
40.642,3701,275,0
40.650,3701,275,0
40.658,3701,275,0
40.667,3697,271,0
40.675,3690,271,0
40.683,3693,271,0
40.692,3693,271,0
40.700,3690,271,0
40.708,3684,266,0
40.717,3674,266,0
40.725,3736,276,0
40.733,3729,271,0
40.742,3709,271,0
40.750,3709,271,0
40.758,3709,271,0
40.767,3709,271,0
40.775,3706,271,0
40.783,3712,270,0
40.792,3707,270,0
40.800,3710,270,0
40.808,3710,270,0
40.817,3710,270,0
40.825,3710,270,0
40.833,3710,270,0
40.842,3710,270,0
40.850,3710,270,0
40.858,3710,270,0
40.867,3708,270,0
40.875,3708,270,0
40.883,3708,270,0
40.892,3703,265,0
40.900,3678,265,0
40.908,3678,265,0
40.917,3675,265,0
40.925,3675,265,0
40.933,3675,265,0
40.942,3675,265,0
40.950,3688,265,0
40.958,3688,265,0
40.967,3685,265,0
40.975,3685,265,0
40.983,3688,265,0
40.992,3688,265,0
41.000,3688,265,0
41.008,4020,319,0
41.017,4020,319,0
41.025,3974,296,0
41.033,3909,301,0
41.042,3879,298,0
41.050,3863,293,0
41.058,3853,297,0
41.067,3853,297,0
41.075,3853,297,0
41.083,3853,297,0
41.092,3856,297,0
41.100,3856,297,0
41.108,3859,297,0
41.117,3862,297,0
41.125,3853,297,0
41.133,3849,297,0
41.142,3849,297,0
41.150,3847,297,0
41.158,3847,297,0
41.167,3811,261,0
41.175,3628,261,0
41.183,3628,261,0
41.192,3628,261,0
41.200,3628,261,0
41.208,3625,261,0
41.217,3625,261,0
41.225,3619,261,0
41.233,3619,261,0
41.242,3622,261,0
41.250,3622,261,0
41.258,3622,261,0
41.267,3618,257,0
41.275,3611,257,0
41.283,3611,257,0
41.292,3611,257,0
41.300,3608,257,0
41.308,3615,253,0
41.317,3602,253,0
41.325,3637,259,0
41.333,3637,259,0
41.342,3624,254,0
41.350,3604,254,0
41.358,3604,254,0
41.367,3604,254,0
41.375,3607,254,0
41.383,3607,254,0
41.392,3607,254,0
41.400,3607,254,0
41.408,3607,254,0
41.417,3607,254,0
41.425,3610,254,0
41.433,3610,254,0
41.442,3610,254,0
41.450,3610,254,0
41.458,3610,254,0
41.467,3610,254,0
41.475,3605,254,0
41.483,3605,254,0
41.492,3605,251,0
41.500,3590,251,0
41.508,3590,251,0
41.517,3590,251,0
41.525,3590,251,0
41.533,3590,251,0
41.542,3587,251,0
41.550,3597,251,0
41.558,3597,251,0
41.567,3597,251,0
41.575,3597,251,0
41.583,3597,251,0
41.592,3597,251,0
41.600,3597,251,0
41.608,4022,321,0
41.617,4022,321,0
41.625,4004,312,0
41.633,3968,312,0
41.642,4001,317,0
41.650,3966,312,0
41.658,3943,312,0
41.667,3943,312,0
41.675,3946,312,0
41.683,3941,312,0
41.692,3941,312,0
41.700,3941,312,0
41.708,3941,312,0
41.717,3941,312,0
41.725,3938,312,0
41.733,3938,312,0
41.742,3932,312,0
41.750,3932,312,0
41.758,3932,312,0
41.767,3896,276,0
41.775,3716,276,0
41.783,3719,276,0
41.792,3719,276,0
41.800,3722,276,0
41.808,3722,276,0
41.817,3722,276,0
41.825,3716,276,0
41.833,3716,276,0
41.842,3716,276,0
41.850,3716,276,0
41.858,3716,276,0
41.867,3715,271,0
41.875,3703,271,0
41.883,3703,271,0
41.892,3703,271,0
41.900,3697,271,0
41.908,3691,266,0
41.917,3681,266,0
41.925,3755,278,0
41.933,3758,278,0
41.942,3752,275,0
41.950,3740,275,0
41.958,3740,275,0
41.967,3740,275,0
41.975,3740,275,0
41.983,3740,275,0
41.992,3740,275,0
42.000,3740,275,0
42.008,3737,275,0
42.017,3737,275,0
42.025,3737,275,0
42.033,3734,275,0
42.042,3734,275,0
42.050,3734,275,0
42.058,3734,275,0
42.067,3737,275,0
42.075,3735,275,0
42.083,3735,275,0
42.092,3729,269,0
42.100,3699,269,0
42.108,3699,269,0
42.117,3702,269,0
42.125,3702,269,0
42.133,3697,266,0
42.142,3691,266,0
42.150,3711,270,0
42.158,3711,270,0
42.167,3708,270,0
42.175,3708,270,0
42.183,3711,270,0
42.192,3711,270,0
42.200,3661,230,0
42.208,3923,281,0
42.217,3923,281,0
42.225,3873,256,0
42.233,3773,256,0
42.242,3791,259,0
42.250,3776,259,0
42.258,3766,254,0
42.267,3746,254,0
42.275,3746,254,0
42.283,3746,254,0
42.292,3746,254,0
42.300,3743,254,0
42.308,3740,254,0
42.317,3740,254,0
42.325,3740,254,0
42.333,3743,254,0
42.342,3739,254,0
42.350,3734,254,0
42.358,3734,254,0
42.367,3737,254,0
42.375,3701,218,0
42.383,3524,218,0
42.392,3524,218,0
42.400,3524,218,0
42.408,3524,218,0
42.417,3521,218,0
42.425,3521,218,0
42.433,3515,218,0
42.442,3515,218,0
42.450,3515,218,0
42.458,3515,218,0
42.467,3515,218,0
42.475,3511,214,0
42.483,3507,214,0
42.492,3507,214,0
42.500,3510,214,0
42.508,3501,209,0
42.517,3491,209,0
42.525,3491,209,0
42.533,3565,221,0
42.542,3553,215,0
42.550,3526,215,0
42.558,3526,215,0
42.567,3523,215,0
42.575,3520,215,0
42.583,3523,215,0
42.592,3523,215,0
42.600,3523,215,0
42.608,3523,215,0
42.617,3523,215,0
42.625,3523,215,0
42.633,3523,215,0
42.642,3523,215,0
42.650,3515,209,0
42.658,3485,209,0
42.667,3482,209,0
42.675,3482,209,0
42.683,3479,209,0
42.692,3479,209,0
42.700,3474,204,0
42.708,3474,204,0
42.717,3477,204,0
42.725,3477,204,0
42.733,3477,204,0
42.742,3477,204,0
42.750,3477,204,0
42.758,3477,204,0
42.767,3918,276,0
42.775,3918,276,0
42.783,3906,270,0
42.792,3882,270,0
42.800,3918,276,0
42.808,3888,276,0
42.817,3879,273,0
42.825,3867,273,0
42.833,3870,273,0
42.842,3870,273,0
42.850,3870,273,0
42.858,3870,273,0
42.867,3867,273,0
42.875,3867,273,0
42.883,3867,273,0
42.892,3867,273,0
42.900,3863,273,0
42.908,3861,273,0
42.917,3867,272,0
42.925,3862,272,0
42.933,3826,236,0
42.942,3646,236,0
42.950,3643,236,0
42.958,3643,236,0
42.967,3643,236,0
42.975,3643,236,0
42.983,3646,236,0
42.992,3640,236,0
43.000,3637,236,0
43.008,3637,236,0
43.017,3640,236,0
43.025,3640,236,0
43.033,3636,232,0
43.042,3629,232,0
43.050,3629,232,0
43.058,3629,232,0
43.067,3623,232,0
43.075,3667,235,0
43.083,3664,233,0
43.092,3640,233,0
43.100,3643,233,0
43.108,3776,285,0
43.117,3767,277,0
43.125,3736,277,0
43.133,3992,295,0
43.142,3827,295,0
43.150,3823,295,0
43.158,3814,295,0
43.167,3814,295,0
43.175,3814,295,0
43.183,3814,295,0
43.192,3814,295,0
43.200,3808,295,0
43.208,3808,295,0
43.217,3806,295,0
43.225,3770,259,0
43.233,3590,259,0
43.242,3590,259,0
43.250,3590,259,0
43.258,3590,259,0
43.267,3590,259,0
43.275,3590,259,0
43.283,3593,259,0
43.292,3590,259,0
43.300,3652,269,0
43.308,3652,269,0
43.317,3655,269,0
43.325,3645,262,0
43.333,3626,262,0
43.342,3623,262,0
43.350,3623,262,0
43.358,3614,257,0
43.367,3604,257,0
43.375,3604,257,0
43.383,3604,257,0
43.392,3604,257,0
43.400,3604,257,0
43.408,3604,257,0
43.417,3604,257,0
43.425,3604,257,0
43.433,3607,257,0
43.442,3607,257,0
43.450,3610,257,0
43.458,3608,257,0
43.467,3603,252,0
43.475,3581,252,0
43.483,3572,252,0
43.492,3572,252,0
43.500,3572,252,0
43.508,3572,252,0
43.517,3569,252,0
43.525,3569,252,0
43.533,3569,252,0
43.542,3569,252,0
43.550,3566,252,0
43.558,3566,252,0
43.567,3578,250,0
43.575,3568,250,0
43.583,3571,250,0
43.592,3571,250,0
43.600,3571,250,0
43.608,3571,250,0
43.617,3639,259,0
43.625,3609,259,0
43.633,3609,259,0
43.642,3609,259,0
43.650,3609,259,0
43.658,3616,259,0
43.667,3622,259,0
43.675,4004,314,0
43.683,3942,308,0
43.692,3930,308,0
43.700,3930,308,0
43.708,3926,308,0
43.717,3931,309,0
43.725,3925,309,0
43.733,3919,309,0
43.742,3909,304,0
43.750,3889,304,0
43.758,3889,304,0
43.767,3881,304,0
43.775,3850,273,0
43.783,3695,273,0
43.792,3760,283,0
43.800,3760,283,0
43.808,3760,283,0
43.817,3760,283,0
43.825,3763,283,0
43.833,3763,283,0
43.842,3763,283,0
43.850,3763,283,0
43.858,3763,283,0
43.867,3756,279,0
43.875,3749,279,0
43.883,3749,279,0
43.892,3749,279,0
43.900,3752,279,0
43.908,3743,274,0
43.917,3733,274,0
43.925,3731,274,0
43.933,3734,274,0
43.942,3734,274,0
43.950,3732,269,0
43.958,3707,269,0
43.967,3707,269,0
43.975,3702,269,0
43.983,3702,269,0
43.992,3702,269,0
44.000,3702,269,0
44.008,3702,269,0
44.017,3699,269,0
44.025,3761,279,0
44.033,3736,279,0
44.042,3736,279,0
44.050,3723,274,0
44.058,3703,274,0
44.067,3703,274,0
44.075,3709,270,0
44.083,3706,270,0
44.092,3704,269,0
44.100,3700,269,0
44.108,3700,269,0
44.117,3700,269,0
44.125,3700,269,0
44.133,3985,316,0
44.142,3985,316,0
44.150,3985,316,0
44.158,3985,316,0
44.167,3982,316,0
44.175,3980,316,0
44.183,3977,316,0
44.192,3972,311,0
44.200,3947,311,0
44.208,3947,311,0
44.217,3950,311,0
44.225,3950,311,0
44.233,3897,286,0
44.242,3797,286,0
44.250,3797,286,0
44.258,3797,286,0
44.267,3796,286,0
44.275,3796,286,0
44.283,3794,286,0
44.292,3794,286,0
44.300,3763,255,0
44.308,3608,255,0
44.317,3719,279,0
44.325,3719,279,0
44.333,3722,279,0
44.342,3722,279,0
44.350,3722,279,0
44.358,3716,279,0
44.367,3716,279,0
44.375,3716,279,0
44.383,3716,279,0
44.392,3716,279,0
44.400,3712,275,0
44.408,3695,270,0
44.417,3675,270,0
44.425,3675,270,0
44.433,3672,270,0
44.442,3666,265,0
44.450,3653,265,0
44.458,3653,265,0
44.467,3653,265,0
44.475,3653,265,0
44.483,3656,265,0
44.492,3656,265,0
44.500,3653,265,0
44.508,3653,265,0
44.517,3662,264,0
44.525,3657,264,0
44.533,3719,274,0
44.542,3719,274,0
44.550,3719,274,0
44.558,3719,274,0
44.567,3716,274,0
44.575,3716,274,0
44.583,3716,274,0
44.592,3716,274,0
44.600,3716,274,0
44.608,3716,274,0
44.617,3716,274,0
44.625,3716,274,0
44.633,3719,274,0
44.642,3719,274,0
44.650,3712,269,0
44.658,3692,269,0
44.667,3692,269,0
44.675,3690,269,0
44.683,3700,269,0
44.692,3700,269,0
44.700,3695,264,0
44.708,3670,264,0
44.717,3729,274,0
44.725,3704,274,0
44.733,3704,274,0
44.742,4049,333,0
44.750,4046,333,0
44.758,4032,326,0
44.767,4004,326,0
44.775,4002,323,0
44.783,3996,323,0
44.792,4006,327,0
44.800,4024,327,0
44.808,3970,327,0
44.817,3970,327,0
44.825,3970,327,0
44.833,3968,327,0
44.842,3968,327,0
44.850,3965,327,0
44.858,3961,327,0
44.867,3953,322,0
44.875,3928,322,0
44.883,3928,322,0
44.892,3903,297,0
44.900,3781,297,0
44.908,3781,297,0
44.917,3781,297,0
44.925,3781,297,0
44.933,3781,297,0
44.942,3775,297,0
44.950,3813,298,0
44.958,3795,298,0
44.967,3798,298,0
44.975,3798,298,0
44.983,3794,294,0
44.992,3784,294,0
45.000,3784,294,0
45.008,3784,294,0
45.017,3787,294,0
45.025,3778,289,0
45.033,3768,289,0
45.042,3830,299,0
45.050,3830,299,0
45.058,3830,299,0
45.067,3830,299,0
45.075,3830,299,0
45.083,3849,303,0
45.092,3849,303,0
45.100,3849,303,0
45.108,3849,303,0
45.117,3849,303,0
45.125,3846,303,0
45.133,3836,298,0
45.142,3816,298,0
45.150,3816,298,0
45.158,3819,298,0
45.167,3819,298,0
45.175,3819,298,0
45.183,3816,298,0
45.192,3817,298,0
45.200,3805,291,0
45.208,3772,291,0
45.217,3772,291,0
45.225,3772,291,0
45.233,3772,291,0
45.242,3769,291,0
45.250,3769,291,0
45.258,3769,291,0
45.267,3779,291,0
45.275,3779,291,0
45.283,3779,291,0
45.292,3779,291,0
45.300,3779,291,0
45.308,3782,291,0
45.317,3742,286,0
45.325,4087,345,0
45.333,4041,322,0
45.342,3949,322,0
45.350,3949,322,0
45.358,3949,322,0
45.367,3949,322,0
45.375,3949,322,0
45.383,3946,322,0
45.392,3946,322,0
45.400,3946,322,0
45.408,3946,322,0
45.417,3943,322,0
45.425,3975,327,0
45.433,3950,327,0
45.442,3950,327,0
45.450,3949,327,0
45.458,3947,327,0
45.467,3947,327,0
45.475,3947,327,0
45.483,3911,291,0
45.492,3731,291,0
45.500,3731,291,0
45.508,3731,291,0
45.517,3731,291,0
45.525,3731,291,0
45.533,3678,251,0
45.542,3622,251,0
45.550,3619,251,0
45.558,3619,251,0
45.567,3619,251,0
45.575,3617,251,0
45.583,3622,246,0
45.592,3610,246,0
45.600,3610,246,0
45.608,3610,246,0
45.617,3601,241,0
45.625,3591,241,0
45.633,3632,247,0
45.642,3632,247,0
45.650,3625,242,0
45.658,3596,242,0
45.667,3596,242,0
45.675,3596,242,0
45.683,3593,242,0
45.692,3593,242,0
45.700,3596,242,0
45.708,3596,242,0
45.717,3596,242,0
45.725,3596,242,0
45.733,3596,242,0
45.742,3596,242,0
45.750,3596,242,0
45.758,3596,242,0
45.767,3596,242,0
45.775,3594,242,0
45.783,3594,242,0
45.792,3594,242,0
45.800,3591,239,0
45.808,3576,239,0
45.817,3573,239,0
45.825,3573,239,0
45.833,3573,239,0
45.842,3578,239,0
45.850,3573,236,0
45.858,3567,236,0
45.867,3584,240,0
45.875,3584,240,0
45.883,3587,240,0
45.892,3587,240,0
45.900,3587,240,0
45.908,3587,240,0
45.917,3593,242,0
45.925,3986,307,0
45.933,3983,307,0
45.942,3955,293,0
45.950,3929,298,0
45.958,3904,298,0
45.967,3904,298,0
45.975,3904,298,0
45.983,3904,298,0
45.992,3904,298,0
46.000,3907,298,0
46.008,3907,298,0
46.017,3910,298,0
46.025,3910,298,0
46.033,3913,298,0
46.042,3913,298,0
46.050,3903,293,0
46.058,3879,293,0
46.067,3877,293,0
46.075,3877,293,0
46.083,3874,293,0
46.092,3838,257,0
46.100,3658,257,0
46.108,3658,257,0
46.117,3655,257,0
46.125,3655,257,0
46.133,3655,257,0
46.142,3655,257,0
46.150,3652,257,0
46.158,3652,257,0
46.167,3652,257,0
46.175,3652,257,0
46.183,3652,257,0
46.192,3648,253,0
46.200,3641,253,0
46.208,3641,253,0
46.217,3636,253,0
46.225,3627,248,0
46.233,3614,248,0
46.242,3614,248,0
46.250,3685,260,0
46.258,3679,257,0
46.267,3664,257,0
46.275,3664,257,0
46.283,3667,257,0
46.292,3667,257,0
46.300,3667,257,0
46.308,3667,257,0
46.317,3667,257,0
46.325,3667,257,0
46.333,3670,257,0
46.342,3670,257,0
46.350,3670,257,0
46.358,3670,257,0
46.367,3670,257,0
46.375,3670,257,0
46.383,3642,232,0
46.392,3602,232,0
46.400,3603,232,0
46.408,3603,232,0
46.417,3597,226,0
46.425,3567,226,0
46.433,3567,226,0
46.442,3567,226,0
46.450,3567,226,0
46.458,3567,226,0
46.467,3567,226,0
46.475,3577,226,0
46.483,3577,226,0
46.492,3577,226,0
46.500,3577,226,0
46.508,3577,226,0
46.517,3574,226,0
46.525,3574,226,0
46.533,4033,330,0
46.542,4036,330,0
46.550,3996,310,0
46.558,3931,313,0
46.567,3906,308,0
46.575,3889,308,0
46.583,3889,308,0
46.592,3889,308,0
46.600,3889,308,0
46.608,3889,308,0
46.617,3889,308,0
46.625,3886,308,0
46.633,3886,308,0
46.642,3884,306,0
46.650,3880,306,0
46.658,3876,306,0
46.667,3876,306,0
46.675,3882,305,0
46.683,3875,305,0
46.692,3842,269,0
46.700,3662,269,0
46.708,3668,269,0
46.717,3668,269,0
46.725,3668,269,0
46.733,3668,269,0
46.742,3668,269,0
46.750,3662,269,0
46.758,3662,269,0
46.767,3659,269,0
46.775,3659,269,0
46.783,3659,269,0
46.792,3655,265,0
46.800,3648,265,0
46.808,3645,265,0
46.817,3645,265,0
46.825,3642,265,0
46.833,3636,260,0
46.842,3629,260,0
46.850,3691,270,0
46.858,3691,270,0
46.867,3679,264,0
46.875,3655,264,0
46.883,3655,264,0
46.892,3655,264,0
46.900,3655,264,0
46.908,3655,264,0
46.917,3655,264,0
46.925,3652,264,0
46.933,3652,264,0
46.942,3641,261,0
46.950,3635,261,0
46.958,3645,265,0
46.967,3645,265,0
46.975,3648,265,0
46.983,3648,265,0
46.992,3646,265,0
47.000,3646,265,0
47.008,3646,265,0
47.017,3641,260,0
47.025,3619,260,0
47.033,3619,260,0
47.042,3619,260,0
47.050,3619,260,0
47.058,3619,260,0
47.067,3619,260,0
47.075,3626,260,0
47.083,3626,260,0
47.092,3629,260,0
47.100,3629,260,0
47.108,3632,260,0
47.117,3632,260,0
47.125,3632,260,0
47.133,3973,318,0
47.142,3951,307,0
47.150,3907,307,0
47.158,3979,319,0
47.167,3949,319,0
47.175,3943,316,0
47.183,3931,316,0
47.192,3931,316,0
47.200,3928,316,0
47.208,3928,316,0
47.217,3928,316,0
47.225,3928,316,0
47.233,3931,316,0
47.242,3931,316,0
47.250,3928,316,0
47.258,3924,316,0
47.267,3927,316,0
47.275,3923,312,0
47.283,3915,312,0
47.292,3889,286,0
47.300,3759,286,0
47.308,3759,286,0
47.317,3750,280,0
47.325,3720,280,0
47.333,3729,278,0
47.342,3719,278,0
47.350,3713,278,0
47.358,3713,278,0
47.367,3713,278,0
47.375,3713,278,0
47.383,3716,278,0
47.392,3712,274,0
47.400,3708,274,0
47.408,3708,274,0
47.417,3708,274,0
47.425,3705,274,0
47.433,3699,269,0
47.442,3689,269,0
47.450,3751,279,0
47.458,3751,279,0
47.467,3738,274,0
47.475,3718,274,0
47.483,3718,274,0
47.492,3718,274,0
47.500,3715,274,0
47.508,3715,274,0
47.517,3715,274,0
47.525,3715,274,0
47.533,3718,274,0
47.542,3718,274,0
47.550,3718,274,0
47.558,3718,274,0
47.567,3718,274,0
47.575,3718,274,0
47.583,3718,274,0
47.592,3718,274,0
47.600,3706,268,0
47.608,3694,268,0
47.617,3686,263,0
47.625,3661,263,0
47.633,3658,263,0
47.642,3658,263,0
47.650,3658,263,0
47.658,3658,263,0
47.667,3661,263,0
47.675,3671,263,0
47.683,3671,263,0
47.692,3671,263,0
47.700,3671,263,0
47.708,3671,263,0
47.717,3674,263,0
47.725,3674,263,0
47.733,3984,315,0
47.742,3984,315,0
47.750,3938,292,0
47.758,3885,297,0
47.767,3855,297,0
47.775,3849,291,0
47.783,3825,291,0
47.792,3825,291,0
47.800,3825,291,0
47.808,3825,291,0
47.817,3825,291,0
47.825,3825,291,0
47.833,3825,291,0
47.842,3825,291,0
47.850,3825,291,0
47.858,3821,291,0
47.867,3821,291,0
47.875,3821,291,0
47.883,3819,291,0
47.892,3781,256,0
47.900,3606,256,0
47.908,3606,256,0
47.917,3605,255,0
47.925,3603,255,0
47.933,3603,255,0
47.942,3600,255,0
47.950,3594,255,0
47.958,3597,255,0
47.967,3597,255,0
47.975,3597,255,0
47.983,3597,255,0
47.992,3593,251,0
48.000,3586,251,0
48.008,3580,251,0
48.017,3575,248,0
48.025,3566,248,0
48.033,3560,243,0
48.042,3560,247,0
48.050,3598,253,0
48.058,3598,253,0
48.067,3588,248,0
48.075,3571,248,0
48.083,3571,248,0
48.092,3574,248,0
48.100,3574,248,0
48.108,3574,248,0
48.117,3574,248,0
48.125,3574,248,0
48.133,3574,248,0
48.142,3574,248,0
48.150,3574,248,0
48.158,3571,248,0
48.167,3571,248,0
48.175,3574,248,0
48.183,3574,248,0
48.192,3571,248,0
48.200,3569,248,0
48.208,3569,248,0
48.217,3566,245,0
48.225,3554,245,0
48.233,3554,245,0
48.242,3554,245,0
48.250,3554,245,0
48.258,3554,245,0
48.267,3554,245,0
48.275,3564,245,0
48.283,3564,245,0
48.292,3564,245,0
48.300,3564,245,0
48.308,3561,245,0
48.317,3561,245,0
48.325,3558,245,0
48.333,3982,316,0
48.342,3982,316,0
48.350,3966,308,0
48.358,3937,308,0
48.367,3967,313,0
48.375,3942,313,0
48.383,3932,308,0
48.392,3912,308,0
48.400,3912,308,0
48.408,3912,308,0
48.417,3912,308,0
48.425,3912,308,0
48.433,3912,308,0
48.442,3912,308,0
48.450,3912,308,0
48.458,3909,308,0
48.467,3905,308,0
48.475,3906,308,0
48.483,3906,308,0
48.492,3906,308,0
48.500,3870,272,0
48.508,3690,272,0
48.517,3690,272,0
48.525,3690,272,0
48.533,3690,272,0
48.542,3690,272,0
48.550,3690,272,0
48.558,3684,272,0
48.567,3684,272,0
48.575,3684,272,0
48.583,3684,272,0
48.592,3681,272,0
48.600,3677,268,0
48.608,3670,268,0
48.617,3670,268,0
48.625,3673,268,0
48.633,3664,263,0
48.642,3651,263,0
48.650,3651,263,0
48.658,3704,271,0
48.667,3704,271,0
48.675,3698,268,0
48.683,3686,268,0
48.692,3686,268,0
48.700,3686,268,0
48.708,3683,268,0
48.717,3683,268,0
48.725,3683,268,0
48.733,3683,268,0
48.742,3683,268,0
48.750,3683,268,0
48.758,3683,268,0
48.767,3683,268,0
48.775,3686,268,0
48.783,3686,268,0
48.792,3689,268,0
48.800,3689,268,0
48.808,3687,268,0
48.817,3687,268,0
48.825,3683,264,0
48.833,3663,264,0
48.842,3663,264,0
48.850,3663,264,0
48.858,3669,263,0
48.867,3664,263,0
48.875,3664,263,0
48.883,3674,263,0
48.892,3671,263,0
48.900,3671,263,0
48.908,3671,263,0
48.917,3671,263,0
48.925,3674,263,0
48.933,3674,263,0
48.942,3984,315,0
48.950,3984,315,0
48.958,3932,289,0
48.967,3846,292,0
48.975,3831,292,0
48.983,3821,287,0
48.992,3801,287,0
49.000,3798,287,0
49.008,3798,287,0
49.017,3795,287,0
49.025,3795,287,0
49.033,3795,287,0
49.042,3795,287,0
49.050,3798,287,0
49.058,3798,287,0
49.067,3794,287,0
49.075,3794,287,0
49.083,3789,287,0
49.092,3789,287,0
49.100,3756,251,0
49.108,3576,251,0
49.117,3571,248,0
49.125,3565,248,0
49.133,3575,252,0
49.142,3575,252,0
49.150,3572,252,0
49.158,3566,252,0
49.167,3569,252,0
49.175,3569,252,0
49.183,3569,252,0
49.192,3569,252,0
49.200,3565,248,0
49.208,3558,248,0
49.217,3558,248,0
49.225,3558,248,0
49.233,3555,248,0
49.242,3549,243,0
49.250,3542,243,0
49.258,3592,251,0
49.267,3592,251,0
49.275,3584,247,0
49.283,3565,247,0
49.292,3565,247,0
49.300,3565,247,0
49.308,3565,247,0
49.317,3568,247,0
49.325,3568,247,0
49.333,3565,247,0
49.342,3565,247,0
49.350,3568,247,0
49.358,3568,247,0
49.367,3568,247,0
49.375,3568,247,0
49.383,3568,247,0
49.392,3568,247,0
49.400,3565,247,0
49.408,3565,247,0
49.417,3563,247,0
49.425,3559,243,0
49.433,3539,243,0
49.442,3539,243,0
49.450,3539,243,0
49.458,3539,243,0
49.467,3542,243,0
49.475,3542,243,0
49.483,3552,243,0
49.492,3552,243,0
49.500,3552,243,0
49.508,3552,243,0
49.517,3502,203,0
49.525,3452,203,0
49.533,3452,203,0
49.542,3888,276,0
49.550,3885,276,0
49.558,3871,269,0
49.567,3843,269,0
49.575,3867,273,0
49.583,3844,273,0
49.592,3838,270,0
49.600,3826,270,0
49.608,3826,270,0
49.617,3829,270,0
49.625,3829,270,0
49.633,3829,270,0
49.642,3829,270,0
49.650,3829,270,0
49.658,3829,270,0
49.667,3829,270,0
49.675,3825,270,0
49.683,3823,270,0
49.692,3823,270,0
49.700,3820,270,0
49.708,3784,234,0
49.717,3601,234,0
49.725,3601,234,0
49.733,3601,234,0
49.742,3601,234,0
49.750,3604,234,0
49.758,3604,234,0
49.767,3598,234,0
49.775,3598,234,0
49.783,3598,234,0
49.792,3598,234,0
49.800,3601,234,0
49.808,3597,230,0
49.817,3590,230,0
49.825,3590,230,0
49.833,3590,230,0
49.842,3581,225,0
49.850,3568,225,0
49.858,3568,225,0
49.867,3621,233,0
49.875,3621,233,0
49.883,3613,229,0
49.892,3597,229,0
49.900,3597,229,0
49.908,3597,229,0
49.917,3597,229,0
49.925,3597,229,0
49.933,3600,229,0
49.942,3600,229,0
49.950,3606,228,0
49.958,3601,228,0
49.967,3601,228,0
49.975,3601,228,0
49.983,3598,228,0
49.992,3598,228,0
50.000,3598,228,0
50.008,3598,228,0
50.017,3599,228,0
50.025,3599,228,0
50.033,3592,224,0
50.042,3572,224,0
50.050,3575,224,0
50.058,3575,224,0
50.067,3575,224,0
50.075,3575,224,0
50.083,3575,224,0
50.092,3585,224,0
50.100,3582,224,0
50.108,3582,224,0
50.117,3582,224,0
50.125,3582,224,0
50.133,3582,224,0
50.142,3582,224,0
50.150,3827,266,0
50.158,3830,266,0
50.167,3771,238,0
50.175,3710,246,0
50.183,3690,246,0
50.192,3682,242,0
50.200,3666,242,0
50.208,3661,239,0
50.217,3655,239,0
50.225,3665,243,0
50.233,3665,243,0
50.242,3681,247,0
50.250,3681,247,0
50.258,3681,247,0
50.267,3681,247,0
50.275,3674,247,0
50.283,3674,247,0
50.292,3672,247,0
50.300,3672,247,0
50.308,3648,220,0
50.317,3513,220,0
50.325,3516,220,0
50.333,3512,216,0
50.342,3492,216,0
50.350,3492,216,0
50.358,3492,216,0
50.367,3486,216,0
50.375,3486,216,0
50.383,3483,216,0
50.392,3483,216,0
50.400,3483,216,0
50.408,3476,212,0
50.417,3469,212,0
50.425,3469,212,0
50.433,3469,212,0
50.442,3469,212,0
50.450,3463,207,0
50.458,3453,207,0
50.467,3503,215,0
50.475,3503,215,0
50.483,3495,211,0
50.492,3482,211,0
50.500,3482,211,0
50.508,3602,259,0
50.517,3602,259,0
50.525,3602,259,0
50.533,3602,259,0
50.542,3599,259,0
50.550,3599,259,0
50.558,3599,259,0
50.567,3599,259,0
50.575,3599,259,0
50.583,3599,259,0
50.592,3599,259,0
50.600,3599,259,0
50.608,3599,259,0
50.617,3597,259,0
50.625,3597,259,0
50.633,3593,255,0
50.642,3573,255,0
50.650,3573,255,0
50.658,3573,255,0
50.667,3573,255,0
50.675,3570,255,0
50.683,3570,255,0
50.692,3580,255,0
50.700,3580,255,0
50.708,3583,255,0
50.717,3583,255,0
50.725,3580,255,0
50.733,3580,255,0
50.742,3583,255,0
50.750,4024,328,0
50.758,4024,328,0
50.767,4012,322,0
50.775,3988,322,0
50.783,4012,326,0
50.792,3989,326,0
50.800,3981,322,0
50.808,3965,322,0
50.817,3965,322,0
50.825,3968,322,0
50.833,3959,322,0
50.842,3959,322,0
50.850,3959,322,0
50.858,3962,322,0
50.867,3962,322,0
50.875,3965,322,0
50.883,3961,322,0
50.892,3959,322,0
50.900,3959,322,0
50.908,3959,322,0
50.917,3923,286,0
50.925,3743,286,0
50.933,3743,286,0
50.942,3740,286,0
50.950,3740,286,0
50.958,3740,286,0
50.967,3740,286,0
50.975,3731,286,0
50.983,3731,286,0
50.992,3731,286,0
51.000,3731,286,0
51.008,3737,286,0
51.017,3743,283,0
51.025,3733,283,0
51.033,3733,283,0
51.042,3739,282,0
51.050,3725,277,0
51.058,3715,277,0
51.067,3715,277,0
51.075,3753,283,0
51.083,3753,283,0
51.092,3742,279,0
51.100,3726,279,0
51.108,3723,279,0
51.117,3723,279,0
51.125,3723,279,0
51.133,3723,279,0
51.142,3726,279,0
51.150,3726,279,0
51.158,3726,279,0
51.167,3726,279,0
51.175,3726,279,0
51.183,3726,279,0
51.192,3729,279,0
51.200,3729,279,0
51.208,3729,279,0
51.217,3729,279,0
51.225,3727,279,0
51.233,3727,279,0
51.242,3737,280,0
51.250,3722,280,0
51.258,3725,280,0
51.267,3725,280,0
51.275,3725,280,0
51.283,3725,280,0
51.292,3725,280,0
51.300,3735,280,0
51.308,3730,277,0
51.317,3724,277,0
51.325,3746,279,0
51.333,3736,279,0
51.342,3736,279,0
51.350,3736,279,0
51.358,4051,331,0
51.367,4051,331,0
51.375,3992,303,0
51.383,3899,307,0
51.392,3879,307,0
51.400,3877,303,0
51.408,3861,303,0
51.417,3858,303,0
51.425,3858,303,0
51.433,3861,303,0
51.442,3861,303,0
51.450,3861,303,0
51.458,3861,303,0
51.467,3861,303,0
51.475,3861,303,0
51.483,3854,303,0
51.492,3854,303,0
51.500,3852,303,0
51.508,3852,303,0
51.517,3816,267,0
51.525,3636,267,0
51.533,3636,267,0
51.542,3636,267,0
51.550,3639,267,0
51.558,3639,267,0
51.567,3642,267,0
51.575,3636,267,0
51.583,3626,261,0
51.592,3614,261,0
51.600,3614,261,0
51.608,3614,261,0
51.617,3610,257,0
51.625,3603,257,0
51.633,3597,257,0
51.642,3597,257,0
51.650,3594,257,0
51.658,3588,252,0
51.667,3575,252,0
51.675,3637,262,0
51.683,3637,262,0
51.692,3631,259,0
51.700,3622,259,0
51.708,3622,259,0
51.717,3622,259,0
51.725,3622,259,0
51.733,3622,259,0
51.742,3622,259,0
51.750,3622,259,0
51.758,3622,259,0
51.767,3622,259,0
51.775,3622,259,0
51.783,3619,259,0
51.792,3619,259,0
51.800,3616,259,0
51.808,3616,259,0
51.817,3616,259,0
51.825,3614,259,0
51.833,3617,259,0
51.842,3612,254,0
51.850,3587,254,0
51.858,3587,254,0
51.867,3587,254,0
51.875,3587,254,0
51.883,3590,254,0
51.892,3590,254,0
51.900,3600,254,0
51.908,3600,254,0
51.917,3600,254,0
51.925,3600,254,0
51.933,3597,254,0
51.942,3597,254,0
51.950,3600,254,0
51.958,4029,325,0
51.967,4029,325,0
51.975,4015,318,0
51.983,3987,318,0
51.992,4008,321,0
52.000,3984,321,0
52.008,3976,317,0
52.017,3960,317,0
52.025,3960,317,0
52.033,3960,317,0
52.042,3960,317,0
52.050,3960,317,0
52.058,3960,317,0
52.067,3957,317,0
52.075,3957,317,0
52.083,3960,317,0
52.092,3956,317,0
52.100,3957,317,0
52.108,3957,317,0
52.117,3918,281,0
52.125,3747,280,0
52.133,3742,280,0
52.142,3742,280,0
52.150,3742,280,0
52.158,3742,280,0
52.167,3742,280,0
52.175,3733,280,0
52.183,3733,280,0
52.192,3733,280,0
52.200,3733,280,0
52.208,3729,276,0
52.217,3722,276,0
52.225,3727,276,0
52.233,3727,276,0
52.242,3724,276,0
52.250,3721,271,0
52.258,3711,271,0
52.267,3773,281,0
52.275,3773,281,0
52.283,3763,276,0
52.292,3743,276,0
52.300,3740,276,0
52.308,3740,276,0
52.317,3737,276,0
52.325,3737,276,0
52.333,3737,276,0
52.342,3737,276,0
52.350,3734,276,0
52.358,3734,276,0
52.367,3734,276,0
52.375,3734,276,0
52.383,3732,273,0
52.392,3726,273,0
52.400,3736,277,0
52.408,3734,277,0
52.417,3734,277,0
52.425,3732,276,0
52.433,3723,271,0
52.442,3693,266,0
52.450,3683,266,0
52.458,3683,266,0
52.467,3683,266,0
52.475,3683,266,0
52.483,3680,266,0
52.492,3690,266,0
52.500,3690,266,0
52.508,3690,266,0
52.517,3693,266,0
52.525,3693,266,0
52.533,3693,266,0
52.542,3693,266,0
52.550,4020,320,0
52.558,4020,320,0
52.567,3973,295,0
52.575,3873,295,0
52.583,3903,300,0
52.592,3878,300,0
52.600,3867,297,0
52.608,3855,297,0
52.617,3852,297,0
52.625,3852,297,0
52.633,3855,297,0
52.642,3855,297,0
52.650,3855,297,0
52.658,3855,297,0
52.667,3855,297,0
52.675,3855,297,0
52.683,3851,297,0
52.692,3851,297,0
52.700,3848,297,0
52.708,3846,297,0
52.717,3810,261,0
52.725,3630,261,0
52.733,3630,261,0
52.742,3630,261,0
52.750,3627,261,0
52.758,3627,261,0
52.767,3627,261,0
52.775,3617,257,0
52.783,3614,257,0
52.792,3614,257,0
52.800,3611,257,0
52.808,3611,257,0
52.817,3610,253,0
52.825,3603,253,0
52.833,3603,253,0
52.842,3603,253,0
52.850,3594,248,0
52.858,3584,248,0
52.867,3581,248,0
52.875,3643,258,0
52.883,3643,258,0
52.892,3633,253,0
52.900,3613,253,0
52.908,3613,253,0
52.917,3613,253,0
52.925,3613,253,0
52.933,3616,253,0
52.942,3616,253,0
52.950,3619,253,0
52.958,3619,253,0
52.967,3619,253,0
52.975,3619,253,0
52.983,3619,253,0
52.992,3619,253,0
53.000,3619,253,0
53.008,3619,253,0
53.017,3616,253,0
53.025,3614,253,0
53.033,3614,253,0
53.042,3609,248,0
53.050,3581,248,0
53.058,3581,248,0
53.067,3581,248,0
53.075,3581,248,0
53.083,3584,248,0
53.092,3584,248,0
53.100,3594,248,0
53.108,3594,248,0
53.117,3594,248,0
53.125,3594,248,0
53.133,3594,248,0
53.142,3594,248,0
53.150,3597,248,0
53.158,4008,316,0
53.167,4005,316,0
53.175,3987,307,0
53.183,3948,307,0
53.192,3978,312,0
53.200,3953,312,0
53.208,3943,307,0
53.217,4046,330,0
53.225,4041,330,0
53.233,4041,330,0
53.242,4041,330,0
53.250,4041,330,0
53.258,4041,330,0
53.267,4044,330,0
53.275,4044,330,0
53.283,4044,330,0
53.292,4040,330,0
53.300,4038,330,0
53.308,4038,330,0
53.317,4035,330,0
53.325,3999,294,0
53.333,3822,294,0
53.342,3822,294,0
53.350,3822,294,0
53.358,3822,294,0
53.367,3822,294,0
53.375,3822,294,0
53.383,3813,294,0
53.392,3813,294,0
53.400,3813,294,0
53.408,3813,294,0
53.417,3813,294,0
53.425,3809,290,0
53.433,3802,290,0
53.442,3802,290,0
53.450,3799,290,0
53.458,3790,285,0
53.467,3780,285,0
53.475,3780,285,0
53.483,3840,292,0
53.492,3834,292,0
53.500,3781,251,0
53.508,3711,251,0
53.517,3714,251,0
53.525,3714,251,0
53.533,3714,251,0
53.542,3714,251,0
53.550,3717,251,0
53.558,3717,251,0
53.567,3714,251,0
53.575,3714,251,0
53.583,3714,251,0
53.592,3714,251,0
53.600,3714,251,0
53.608,3714,251,0
53.617,3714,251,0
53.625,3714,251,0
53.633,3715,251,0
53.642,3715,251,0
53.650,3713,246,0
53.658,3688,246,0
53.667,3688,246,0
53.675,3688,246,0
53.683,3688,246,0
53.692,3688,246,0
53.700,3688,246,0
53.708,3716,246,0
53.717,3659,246,0
53.725,3659,246,0
53.733,3659,246,0
53.742,3659,246,0
53.750,3656,246,0
53.758,3656,246,0
53.767,3983,300,0
53.775,3983,300,0
53.783,3937,277,0
53.792,3845,277,0
53.800,3875,282,0
53.808,3850,282,0
53.817,3840,277,0
53.825,3820,277,0
53.833,3820,277,0
53.842,3820,277,0
53.850,3820,277,0
53.858,3820,277,0
53.867,3852,278,0
53.875,3834,278,0
53.883,3831,278,0
53.892,3831,278,0
53.900,3827,278,0
53.908,3827,278,0
53.917,3830,278,0
53.925,3828,278,0
53.933,3792,242,0
53.942,3612,242,0
53.950,3612,242,0
53.958,3612,242,0
53.967,3615,242,0
53.975,3615,242,0
53.983,3615,242,0
53.992,3609,242,0
54.000,3609,242,0
54.008,3609,242,0
54.017,3606,242,0
54.025,3606,242,0
54.033,3605,238,0
54.042,3598,238,0
54.050,3598,238,0
54.058,3598,238,0
54.067,3589,233,0
54.075,3579,233,0
54.083,3585,235,0
54.092,3647,245,0
54.100,3647,245,0
54.108,3637,240,0
54.117,3617,240,0
54.125,3617,240,0
54.133,3617,240,0
54.142,3614,240,0
54.150,3614,240,0
54.158,3614,240,0
54.167,3614,240,0
54.175,3617,240,0
54.183,3617,240,0
54.192,3614,240,0
54.200,3614,240,0
54.208,3617,240,0
54.217,3617,240,0
54.225,3620,240,0
54.233,3588,240,0
54.242,3588,240,0
54.250,3583,235,0
54.258,3555,235,0
54.267,3555,235,0
54.275,3555,235,0
54.283,3555,235,0
54.292,3555,235,0
54.300,3555,235,0
54.308,3571,234,0
54.317,3566,234,0
54.325,3569,234,0
54.333,3569,234,0
54.342,3572,234,0
54.350,3572,234,0
54.358,3572,234,0
54.367,3983,302,0
54.375,3983,302,0
54.383,3965,293,0
54.392,3929,293,0
54.400,3959,298,0
54.408,3931,298,0
54.417,3921,293,0
54.425,3901,293,0
54.433,3901,293,0
54.442,3898,293,0
54.450,3898,293,0
54.458,3895,293,0
54.467,3895,293,0
54.475,3898,293,0
54.483,3898,293,0
54.492,4018,341,0
54.500,4014,341,0
54.508,4014,341,0
54.517,4014,341,0
54.525,4012,341,0
54.533,3976,305,0
54.542,3796,305,0
54.550,3796,305,0
54.558,3793,305,0
54.567,3793,305,0
54.575,3785,302,0
54.583,3779,302,0
54.592,3783,306,0
54.600,3783,306,0
54.608,3786,306,0
54.617,3786,306,0
54.625,3789,306,0
54.633,3785,302,0
54.642,3778,302,0
54.650,3778,302,0
54.658,3781,302,0
54.667,3772,297,0
54.675,3762,297,0
54.683,3762,297,0
54.692,3824,307,0
54.700,3824,307,0
54.708,3811,302,0
54.717,3791,302,0
54.725,3794,302,0
54.733,3794,302,0
54.742,3794,302,0
54.750,3794,302,0
54.758,3794,302,0
54.767,3794,302,0
54.775,3794,302,0
54.783,3794,302,0
54.792,3794,302,0
54.800,3794,302,0
54.808,3792,300,0
54.817,3788,300,0
54.825,3788,300,0
54.833,3788,300,0
54.842,3783,300,0
54.850,3783,300,0
54.858,3775,295,0
54.867,3750,295,0
54.875,3753,295,0
54.883,3753,295,0
54.892,3750,295,0
54.900,3750,295,0
54.908,3753,295,0
54.917,3763,295,0
54.925,3763,295,0
54.933,3763,295,0
54.942,3763,295,0
54.950,3763,295,0
54.958,3760,295,0
54.967,3760,295,0
54.975,4087,349,0
54.983,4087,349,0
54.992,4041,326,0
55.000,3979,331,0
55.008,3954,331,0
55.017,3947,326,0
55.025,3927,326,0
55.033,3930,326,0
55.042,3930,326,0
55.050,3930,326,0
55.058,3930,326,0
55.067,3930,326,0
55.075,3930,326,0
55.083,3930,326,0
55.092,3930,326,0
55.100,3923,326,0
55.108,3923,326,0
55.117,3923,326,0
55.125,3921,326,0
55.133,3882,290,0
55.142,3702,290,0
55.150,3702,290,0
55.158,3702,290,0
55.167,3705,290,0
55.175,3705,290,0
55.183,3705,290,0
55.192,3699,290,0
55.200,3699,290,0
55.208,3699,290,0
55.217,3699,290,0
55.225,3699,290,0
55.233,3695,286,0
55.242,3688,286,0
55.250,3685,286,0
55.258,3685,286,0
55.267,3679,286,0
55.275,3673,281,0
55.283,3663,281,0
55.292,3725,291,0
55.300,3743,289,0
55.308,3698,259,0
55.317,3638,259,0
55.325,3638,259,0
55.333,3638,259,0
55.342,3641,259,0
55.350,3641,259,0
55.358,3641,259,0
55.367,3641,259,0
55.375,3641,259,0
55.383,3641,259,0
55.392,3644,258,0
55.400,3639,258,0
55.408,3661,262,0
55.417,3661,262,0
55.425,3659,262,0
55.433,3659,262,0
55.442,3659,262,0
55.450,3654,257,0
55.458,3629,257,0
55.467,3629,257,0
55.475,3629,257,0
55.483,3629,257,0
55.492,3629,257,0
55.500,3629,257,0
55.508,3639,257,0
55.517,3639,257,0
55.525,3633,257,0
55.533,3633,257,0
55.542,3633,257,0
55.550,3633,257,0
55.558,3626,251,0
55.567,4022,319,0
55.575,4022,319,0
55.583,4004,310,0
55.592,3971,310,0
55.600,4001,315,0
55.608,3976,315,0
55.617,3966,310,0
55.625,3946,310,0
55.633,3946,310,0
55.642,3943,310,0
55.650,3943,310,0
55.658,3938,307,0
55.667,3932,307,0
55.675,3942,311,0
55.683,3942,311,0
55.692,3945,311,0
55.700,3941,311,0
55.708,3944,311,0
55.717,3944,311,0
55.725,3945,311,0
55.733,3909,275,0
55.742,3729,275,0
55.750,3729,275,0
55.758,3729,275,0
55.767,3729,275,0
55.775,3729,275,0
55.783,3729,275,0
55.792,3720,275,0
55.800,3720,275,0
55.808,3720,275,0
55.817,3720,275,0
55.825,3717,275,0
55.833,3713,271,0
55.842,3706,271,0
55.850,3706,271,0
55.858,3709,271,0
55.867,3700,266,0
55.875,3690,266,0
55.883,3690,266,0
55.892,3752,276,0
55.900,3752,276,0
55.908,3742,271,0
55.917,3722,271,0
55.925,3719,271,0
55.933,3719,271,0
55.942,3716,271,0
55.950,3716,271,0
55.958,3713,271,0
55.967,3713,271,0
55.975,3713,271,0
55.983,3713,271,0
55.992,3719,271,0
56.000,3710,271,0
56.008,3710,271,0
56.017,3710,271,0
56.025,3710,271,0
56.033,3710,271,0
56.042,3711,271,0
56.050,3711,271,0
56.058,3706,266,0
56.067,3681,266,0
56.075,3681,266,0
56.083,3681,266,0
56.092,3678,266,0
56.100,3678,266,0
56.108,3681,266,0
56.117,3691,266,0
56.125,3691,266,0
56.133,3691,266,0
56.142,3691,266,0
56.150,3691,266,0
56.158,3691,266,0
56.167,3691,266,0
56.175,4018,320,0
56.183,4028,321,0
56.192,3979,298,0
56.200,3917,303,0
56.208,3892,303,0
56.217,3879,298,0
56.225,3859,298,0
56.233,3859,298,0
56.242,3859,298,0
56.250,3862,298,0
56.258,3862,298,0
56.267,3859,298,0
56.275,3859,298,0
56.283,3862,298,0
56.292,3862,298,0
56.300,3858,298,0
56.308,3858,298,0
56.317,3858,298,0
56.325,3856,298,0
56.333,3817,262,0
56.342,3637,262,0
56.350,3637,262,0
56.358,3637,262,0
56.367,3640,262,0
56.375,3640,262,0
56.383,3640,262,0
56.392,3634,262,0
56.400,3637,262,0
56.408,3637,262,0
56.417,3640,262,0
56.425,3640,262,0
56.433,3636,258,0
56.442,3629,258,0
56.450,3629,258,0
56.458,3629,258,0
56.467,3626,258,0
56.475,3620,253,0
56.483,3613,252,0
56.492,3670,262,0
56.500,3670,262,0
56.508,3660,257,0
56.517,3637,257,0
56.525,3637,257,0
56.533,3637,257,0
56.542,3637,257,0
56.550,3635,257,0
56.558,3635,257,0
56.567,3635,257,0
56.575,3635,257,0
56.583,3635,257,0
56.592,3635,257,0
56.600,3632,257,0
56.608,3632,257,0
56.617,3632,257,0
56.625,3632,257,0
56.633,3629,257,0
56.642,3627,257,0
56.650,3622,256,0
56.658,3613,251,0
56.667,3588,251,0
56.675,3588,251,0
56.683,3591,251,0
56.692,3591,251,0
56.700,3591,251,0
56.708,3591,251,0
56.717,3601,251,0
56.725,3601,251,0
56.733,3604,251,0
56.742,3604,251,0
56.750,3599,248,0
56.758,3593,248,0
56.767,3606,252,0
56.775,4023,321,0
56.783,4020,321,0
56.792,4004,313,0
56.800,3975,313,0
56.808,4005,318,0
56.817,3980,318,0
56.825,3970,313,0
56.833,3950,313,0
56.842,3950,313,0
56.850,3950,313,0
56.858,3950,313,0
56.867,3950,313,0
56.875,3950,313,0
56.883,3950,313,0
56.892,3950,313,0
56.900,3950,313,0
56.908,3946,313,0
56.917,3943,313,0
56.925,3941,313,0
56.933,3941,313,0
56.942,3905,277,0
56.950,3728,277,0
56.958,3728,277,0
56.967,3725,277,0
56.975,3725,277,0
56.983,3728,277,0
56.992,3728,277,0
57.000,3719,277,0
57.008,3719,277,0
57.017,3719,277,0
57.025,3712,273,0
57.033,3705,273,0
57.042,3699,268,0
57.050,3751,278,0
57.058,3744,273,0
57.067,3724,273,0
57.075,3724,273,0
57.083,3724,273,0
57.092,3724,273,0
57.100,3724,273,0
57.108,3724,273,0
57.117,3724,273,0
57.125,3721,273,0
57.133,3721,273,0
57.142,3721,273,0
57.150,3721,273,0
57.158,3718,273,0
57.167,3718,273,0
57.175,3718,273,0
57.183,3718,273,0
57.192,3721,273,0
57.200,3719,273,0
57.208,3719,273,0
57.217,3714,268,0
57.225,3689,268,0
57.233,3689,268,0
57.242,3689,268,0
57.250,3689,268,0
57.258,3689,268,0
57.267,3696,268,0
57.275,3696,268,0
57.283,3696,268,0
57.292,3693,268,0
57.300,3693,268,0
57.308,3693,268,0
57.317,3693,268,0
57.325,4017,321,0
57.333,4017,321,0
57.342,3969,297,0
57.350,3873,297,0
57.358,3903,302,0
57.367,3878,302,0
57.375,3871,297,0
57.383,3851,297,0
57.392,3854,297,0
57.400,3854,297,0
57.408,3854,297,0
57.417,3854,297,0
57.425,3854,297,0
57.433,3801,257,0
57.442,3751,257,0
57.450,3754,257,0
57.458,3754,257,0
57.467,3750,257,0
57.475,3748,257,0
57.483,3748,257,0
57.492,3748,257,0
57.500,3712,221,0
57.508,3532,221,0
57.517,3532,221,0
57.525,3532,221,0
57.533,3538,220,0
57.542,3533,220,0
57.550,3533,220,0
57.558,3533,220,0
57.567,3524,220,0
57.575,3519,215,0
57.583,3509,215,0
57.592,3509,215,0
57.600,3508,211,0
57.608,3501,211,0
57.617,3498,211,0
57.625,3498,211,0
57.633,3495,211,0
57.642,3489,206,0
57.650,3479,206,0
57.658,3541,216,0
57.667,3541,216,0
57.675,3541,216,0
57.683,3538,216,0
57.692,3528,211,0
57.700,3508,211,0
57.708,3508,211,0
57.717,3508,211,0
57.725,3508,211,0
57.733,3508,211,0
57.742,3508,211,0
57.750,3508,211,0
57.758,3511,211,0
57.767,3514,211,0
57.775,3514,211,0
57.783,3514,211,0
57.792,3509,208,0
57.800,3504,208,0
57.808,3504,208,0
57.817,3509,207,0
57.825,3481,207,0
57.833,3481,207,0
57.842,3481,207,0
57.850,3481,207,0
57.858,3481,207,0
57.867,3478,207,0
57.875,3488,207,0
57.883,3488,207,0
57.892,3491,207,0
57.900,3491,207,0
57.908,3491,207,0
57.917,3491,207,0
57.925,3908,276,0
57.933,3908,276,0
