elapsed_s,objects,nodes,orphans
0.000,3753,179,0
0.008,3753,179,0
0.017,3753,179,0
0.025,3750,179,0
0.033,3750,179,0
0.042,3750,179,0
0.050,3747,176,0
0.058,3733,176,0
0.067,3733,176,0
0.075,3736,176,0
0.083,3736,176,0
0.092,3736,176,0
0.100,3736,176,0
0.108,3742,175,0
0.117,3737,175,0
0.125,3750,175,0
0.133,3750,175,0
0.142,3753,175,0
0.150,3753,175,0
0.158,3753,175,0
0.167,3753,175,0
0.175,3873,223,0
0.183,3927,235,0
0.192,3927,235,0
0.200,3927,235,0
0.208,3930,235,0
0.217,3930,235,0
0.225,3920,235,0
0.233,3920,235,0
0.242,3920,235,0
0.250,3920,235,0
0.258,3923,235,0
0.267,3923,235,0
0.275,3923,235,0
0.283,3923,235,0
0.292,3923,235,0
0.300,3923,235,0
0.308,3920,235,0
0.317,3916,235,0
0.325,3935,239,0
0.333,3933,239,0
0.342,3933,239,0
0.350,3933,239,0
0.358,3930,239,0
0.367,3930,239,0
0.375,3922,236,0
0.383,3916,236,0
0.392,3916,236,0
0.400,3916,236,0
0.408,3920,240,0
0.417,3920,240,0
0.425,3920,240,0
0.433,3920,240,0
0.442,3917,240,0
0.450,3911,236,0
0.458,3904,236,0
0.467,3904,236,0
0.475,3904,233,0
0.483,3893,228,0
0.492,3885,228,0
0.500,3885,228,0
0.508,3885,228,0
0.517,3885,228,0
0.525,3885,228,0
0.533,3885,228,0
0.542,3888,228,0
0.550,3879,228,0
0.558,3879,228,0
0.567,3879,228,0
0.575,3879,228,0
0.583,3879,228,0
0.592,3879,228,0
0.600,3879,228,0
0.608,3879,228,0
0.617,3879,228,0
0.625,3882,228,0
0.633,3882,228,0
0.642,3880,228,0
0.650,3880,228,0
0.658,3880,228,0
0.667,3880,228,0
0.675,3880,228,0
0.683,3880,228,0
0.692,3880,228,0
0.700,3880,228,0
0.708,3887,228,0
0.717,3887,228,0
0.725,3884,228,0
0.733,3894,229,0
0.742,3891,229,0
0.750,3891,229,0
0.758,3891,229,0
0.767,3950,241,0
0.775,3953,241,0
0.783,3953,241,0
0.792,3953,241,0
0.800,3953,241,0
0.808,3943,241,0
0.817,3946,241,0
0.825,3946,241,0
0.833,3949,241,0
0.842,3949,241,0
0.850,3946,241,0
0.858,3946,241,0
0.867,3946,241,0
0.875,3946,241,0
0.883,3946,241,0
0.892,3942,241,0
0.900,3942,241,0
0.908,3942,241,0
0.917,3940,241,0
0.925,3940,241,0
0.933,3940,241,0
0.942,3940,241,0
0.950,3943,241,0
0.958,3943,241,0
0.967,3943,241,0
0.975,3943,241,0
0.983,3949,239,0
0.992,3939,239,0
1.000,3936,239,0
1.008,3936,239,0
1.017,3930,235,0
1.025,3923,235,0
1.033,3923,235,0
1.042,3920,235,0
1.050,3917,232,0
1.058,3903,227,0
1.067,3898,227,0
1.075,3889,227,0
1.083,3889,227,0
1.092,3884,227,0
1.100,3884,227,0
1.108,3998,251,0
1.117,3998,251,0
1.125,3998,251,0
1.133,3998,251,0
1.142,3998,251,0
1.150,3998,251,0
1.158,3998,251,0
1.167,3998,251,0
1.175,3998,251,0
1.183,3998,251,0
1.192,4004,250,0
1.200,3999,250,0
1.208,3999,250,0
1.217,3997,250,0
1.225,3997,250,0
1.233,3997,250,0
1.242,3987,244,0
1.250,3975,244,0
1.258,3975,244,0
1.267,3975,244,0
1.275,3988,244,0
1.283,3988,244,0
1.292,3988,244,0
1.300,3988,244,0
1.308,3991,244,0
1.317,3996,244,0
1.325,3993,244,0
1.333,4052,256,0
1.342,4052,256,0
1.350,4052,256,0
1.358,4052,256,0
1.367,4052,256,0
1.375,4037,256,0
1.383,4037,256,0
1.392,4037,256,0
1.400,4034,256,0
1.408,4034,256,0
1.417,4034,256,0
1.425,4034,256,0
1.433,4034,256,0
1.442,4034,256,0
1.450,4032,253,0
1.458,4022,253,0
1.467,4022,253,0
1.475,4022,253,0
1.483,4030,257,0
1.492,4030,257,0
1.500,4030,257,0
1.508,4030,257,0
1.517,4033,257,0
1.525,4033,257,0
1.533,4033,257,0
1.542,4033,257,0
1.550,4027,257,0
1.558,4027,257,0
1.567,4027,257,0
1.575,4027,257,0
1.583,4027,257,0
1.592,4039,253,0
1.600,3978,253,0
1.608,3978,253,0
1.617,3975,250,0
1.625,3971,250,0
1.633,3969,245,0
1.642,3959,245,0
1.650,3959,245,0
1.658,3959,245,0
1.667,3959,245,0
1.675,3959,245,0
1.683,3951,245,0
1.692,3951,245,0
1.700,3951,245,0
1.708,3951,245,0
1.717,3951,245,0
1.725,3951,245,0
1.733,3948,245,0
1.742,3948,245,0
1.750,3945,245,0
1.758,3975,245,0
1.767,3954,245,0
1.775,3954,245,0
1.783,3952,245,0
1.792,3952,245,0
1.800,3952,245,0
1.808,3952,245,0
1.817,3952,245,0
1.825,3952,245,0
1.833,3952,245,0
1.842,3952,245,0
1.850,3962,245,0
1.858,3958,241,0
1.867,3952,241,0
1.875,3952,241,0
1.883,3952,241,0
1.892,3952,241,0
1.900,3952,241,0
1.908,4011,253,0
1.917,4011,253,0
1.925,4011,253,0
1.933,4011,253,0
1.942,4011,253,0
1.950,3996,253,0
1.958,3996,253,0
1.967,3996,253,0
1.975,3996,253,0
1.983,3996,253,0
1.992,3996,253,0
2.000,3999,253,0
2.008,3999,253,0
2.017,3999,253,0
2.025,3999,253,0
2.033,3999,253,0
2.042,3995,253,0
2.050,3995,253,0
2.058,3993,253,0
2.067,3993,253,0
2.075,3993,253,0
2.083,3993,253,0
2.092,3993,253,0
2.100,3990,253,0
2.108,3990,253,0
2.117,3990,253,0
2.125,3990,253,0
2.133,3954,253,0
2.142,3954,253,0
2.150,3957,253,0
2.158,3952,248,0
2.167,3942,248,0
2.175,3936,244,0
2.183,3929,244,0
2.192,3929,244,0
2.200,3929,241,0
2.208,3918,236,0
2.217,3913,236,0
2.225,3913,236,0
2.233,3910,236,0
2.242,3910,236,0
2.250,3910,236,0
2.258,3910,236,0
2.267,3910,236,0
2.275,3910,236,0
2.283,3916,235,0
2.292,3911,235,0
2.300,3911,235,0
2.308,3911,235,0
2.317,3911,235,0
2.325,3911,235,0
2.333,3914,235,0
2.342,3914,235,0
2.350,3917,235,0
2.358,3917,235,0
2.367,3915,235,0
2.375,3915,235,0
2.383,3912,235,0
2.392,3912,235,0
2.400,3912,235,0
2.408,3912,235,0
2.417,3912,235,0
2.425,3912,235,0
2.433,3919,235,0
2.442,3919,235,0
2.450,3916,235,0
2.458,3916,235,0
2.467,3916,235,0
2.475,3916,235,0
2.483,3916,235,0
2.492,3970,247,0
2.500,3970,247,0
2.508,3970,247,0
2.517,3970,247,0
2.525,3970,247,0
2.533,3950,247,0
2.542,3950,247,0
2.550,3945,244,0
2.558,3939,244,0
2.567,3939,244,0
2.575,3939,244,0
2.583,3946,248,0
2.592,3946,248,0
2.600,3946,248,0
2.608,3946,248,0
2.617,3949,248,0
2.625,3945,248,0
2.633,3945,248,0
2.642,3943,248,0
2.650,3943,248,0
2.658,3943,248,0
2.667,3943,248,0
2.675,3943,248,0
2.683,3943,248,0
2.692,3943,248,0
2.700,3946,248,0
2.708,3946,248,0
2.717,3940,248,0
2.725,3940,248,0
2.733,3940,248,0
2.742,3940,248,0
2.750,3940,248,0
2.758,3934,244,0
2.767,3927,244,0
2.775,3927,244,0
2.783,3924,241,0
2.792,3913,236,0
2.800,3902,236,0
2.808,3902,236,0
2.817,3902,236,0
2.825,3902,236,0
2.833,3902,236,0
2.842,3902,236,0
2.850,3902,236,0
2.858,3902,236,0
2.867,3902,236,0
2.875,3902,236,0
2.883,3902,236,0
2.892,3902,236,0
2.900,3905,236,0
2.908,3905,236,0
2.917,3908,236,0
2.925,3908,236,0
2.933,3905,236,0
2.942,3905,236,0
2.950,3903,236,0
2.958,3903,236,0
2.967,3903,236,0
2.975,3903,236,0
2.983,3903,236,0
2.992,3903,236,0
3.000,3903,236,0
3.008,3903,236,0
3.017,3913,236,0
3.025,3913,236,0
3.033,3916,236,0
3.042,3916,236,0
3.050,3916,236,0
3.058,3916,236,0
3.067,3916,236,0
3.075,3970,248,0
3.083,3967,248,0
3.092,3967,248,0
3.100,3967,248,0
3.108,3967,248,0
3.117,3947,248,0
3.125,3947,248,0
3.133,3944,248,0
3.142,3944,248,0
3.150,3941,248,0
3.158,3941,248,0
3.167,3891,208,0
3.175,3841,208,0
3.183,3841,208,0
3.192,3841,208,0
3.200,3841,208,0
3.208,3813,184,0
3.217,3777,184,0
3.225,3775,184,0
3.233,3775,184,0
3.242,3775,184,0
3.250,3775,184,0
3.258,3775,184,0
3.267,3775,184,0
3.275,3775,184,0
3.283,3775,184,0
3.292,3775,184,0
3.300,3769,184,0
3.308,3769,184,0
3.317,3769,184,0
3.325,3769,184,0
3.333,3769,184,0
3.342,3763,180,0
3.350,3756,180,0
3.358,3756,180,0
3.367,3753,177,0
3.375,3742,172,0
3.383,3740,171,0
3.392,3735,171,0
3.400,3738,171,0
3.408,3738,171,0
3.417,3738,171,0
3.425,3738,171,0
3.433,3741,171,0
3.442,3741,171,0
3.450,3741,171,0
3.458,3741,171,0
3.467,3741,171,0
3.475,3741,171,0
3.483,3741,171,0
3.492,3741,171,0
3.500,3738,171,0
3.508,3738,171,0
3.517,3738,171,0
3.525,3736,171,0
3.533,3736,171,0
3.542,3736,171,0
3.550,3739,171,0
3.558,3739,171,0
3.567,3739,171,0
3.575,3739,171,0
3.583,3739,171,0
3.592,3739,171,0
3.600,3752,171,0
3.608,3752,171,0
3.617,3755,171,0
3.625,3755,171,0
3.633,3752,171,0
3.642,3752,171,0
3.650,3747,168,0
3.658,3795,180,0
3.667,3792,180,0
3.675,3802,184,0
3.683,3802,184,0
3.692,3805,184,0
3.700,3785,184,0
3.708,3785,184,0
3.717,3785,184,0
3.725,3788,184,0
3.733,3788,184,0
3.742,3788,184,0
3.750,3788,184,0
3.758,3788,184,0
3.767,3788,184,0
3.775,3785,184,0
3.783,3781,184,0
3.792,3781,184,0
3.800,3781,184,0
3.808,3779,184,0
3.817,3779,184,0
3.825,3776,184,0
3.833,3776,184,0
3.842,3773,184,0
3.850,3773,184,0
3.858,3773,184,0
3.867,3773,184,0
3.875,3767,184,0
3.883,3767,184,0
3.892,3767,184,0
3.900,3767,184,0
3.908,3767,184,0
3.917,3758,180,0
3.925,3751,180,0
3.933,3751,180,0
3.942,3748,177,0
3.950,3744,177,0
3.958,3739,172,0
3.967,3729,172,0
3.975,3729,172,0
3.983,3729,172,0
3.992,3729,172,0
4.000,3729,172,0
4.008,3729,172,0
4.017,3729,172,0
4.025,3729,172,0
4.033,3729,172,0
4.042,3729,172,0
4.050,3729,172,0
4.058,3729,172,0
4.067,3729,172,0
4.075,3729,172,0
4.083,3729,172,0
4.092,3732,172,0
4.100,3732,172,0
4.108,3730,172,0
4.117,3730,172,0
4.125,3730,172,0
4.133,3730,172,0
4.142,3730,172,0
4.150,3730,172,0
4.158,3850,220,0
4.167,3850,220,0
4.175,3860,220,0
4.183,3860,220,0
4.192,3857,220,0
4.200,3857,220,0
4.208,3857,220,0
4.217,3857,220,0
4.225,3857,220,0
4.233,3911,232,0
4.242,3914,232,0
4.250,3914,232,0
4.258,3914,232,0
4.267,3914,232,0
4.275,3899,232,0
4.283,3899,232,0
4.292,3902,232,0
4.300,3902,232,0
4.308,3905,232,0
4.317,3905,232,0
4.325,3902,232,0
4.333,3902,232,0
4.342,3902,232,0
4.350,3902,232,0
4.358,3902,232,0
4.367,3898,232,0
4.375,3898,232,0
4.383,3896,232,0
4.392,3896,232,0
4.400,3896,232,0
4.408,3896,232,0
4.417,3896,232,0
4.425,3899,232,0
4.433,3899,232,0
4.442,3899,232,0
4.450,3899,232,0
4.458,3893,232,0
4.467,3893,232,0
4.475,3896,231,0
4.483,3891,231,0
4.492,3891,231,0
4.500,3885,227,0
4.508,3881,227,0
4.517,3881,227,0
4.525,3875,224,0
4.533,3864,219,0
4.542,3853,219,0
4.550,3853,219,0
4.558,3853,219,0
4.567,3853,219,0
4.575,3853,219,0
4.583,3853,219,0
4.592,3853,219,0
4.600,3853,219,0
4.608,3853,219,0
4.617,3853,219,0
4.625,3853,219,0
4.633,3853,219,0
4.642,3853,219,0
4.650,3853,219,0
4.658,3853,219,0
4.667,3853,219,0
4.675,3853,219,0
4.683,3853,219,0
4.692,3853,219,0
4.700,3851,219,0
4.708,3851,219,0
4.717,3851,219,0
4.725,3851,219,0
4.733,3851,219,0
4.742,3843,216,0
4.750,3837,216,0
4.758,3847,216,0
4.767,3847,216,0
4.775,3860,220,0
4.783,3860,220,0
4.792,3863,220,0
4.800,3863,220,0
4.808,3863,220,0
4.817,3917,232,0
4.825,3917,232,0
4.833,3917,232,0
4.842,3917,232,0
4.850,3917,232,0
4.858,3902,232,0
4.867,3902,232,0
4.875,3902,232,0
4.883,3902,232,0
4.892,3899,232,0
4.900,3899,232,0
4.908,3899,232,0
4.917,3899,232,0
4.925,3899,232,0
4.933,3899,232,0
4.942,3902,232,0
4.950,3898,232,0
4.958,3898,232,0
4.967,3896,232,0
4.975,3908,230,0
4.983,3898,230,0
4.992,3901,230,0
5.000,3901,230,0
5.008,3901,230,0
5.017,3901,230,0
5.025,3898,230,0
5.033,3898,230,0
5.042,3892,230,0
5.050,3892,230,0
5.058,3892,230,0
5.067,3892,230,0
5.075,3886,226,0
5.083,3879,226,0
5.092,3879,226,0
5.100,3876,223,0
5.108,3872,223,0
5.117,3870,218,0
5.125,3860,218,0
5.133,3879,222,0
5.142,3879,222,0
5.150,3879,222,0
5.158,3879,222,0
5.167,3876,222,0
5.175,3876,222,0
5.183,3876,222,0
5.192,3876,222,0
5.200,3876,222,0
5.208,3876,222,0
5.217,3873,222,0
5.225,3873,222,0
5.233,3860,216,0
5.242,3848,216,0
5.250,3848,216,0
5.258,3848,216,0
5.267,3846,216,0
5.275,3846,216,0
5.283,3846,216,0
5.292,3846,216,0
5.300,3846,216,0
5.308,3846,216,0
5.317,3846,216,0
5.325,3846,216,0
5.333,3856,216,0
5.342,3856,216,0
5.350,3856,216,0
5.358,3856,216,0
5.367,3856,216,0
5.375,3856,216,0
5.383,3856,216,0
5.392,3910,228,0
5.400,3910,228,0
5.408,3910,228,0
5.417,3910,228,0
5.425,3910,228,0
5.433,3895,228,0
5.442,3895,228,0
5.450,3895,228,0
5.458,3895,228,0
5.467,3895,228,0
5.475,3895,228,0
5.483,3898,228,0
5.492,3898,228,0
5.500,3898,228,0
5.508,3898,228,0
5.517,3898,228,0
5.525,3894,228,0
5.533,3894,228,0
5.542,3892,228,0
5.550,3892,228,0
5.558,3892,228,0
5.567,3898,227,0
5.575,3893,227,0
5.583,3893,227,0
5.592,3893,227,0
5.600,3893,227,0
5.608,3893,227,0
5.617,3887,227,0
5.625,3887,227,0
5.633,3890,227,0
5.642,3890,227,0
5.650,3890,227,0
5.658,3884,223,0
5.667,3877,223,0
5.675,3877,223,0
5.683,3877,220,0
5.692,3866,215,0
5.700,3861,215,0
5.708,3861,215,0
5.717,3861,215,0
5.725,3852,215,0
5.733,3852,215,0
5.742,3852,215,0
5.750,3852,215,0
5.758,3852,215,0
5.767,3852,215,0
5.775,3852,215,0
5.783,3852,215,0
5.792,3852,215,0
5.800,3852,215,0
5.808,3852,215,0
5.817,3852,215,0
5.825,3852,215,0
5.833,3847,212,0
5.842,3839,212,0
5.850,3842,212,0
5.858,3842,212,0
5.867,3849,216,0
5.875,3849,216,0
5.883,3849,216,0
5.892,3849,216,0
5.900,3849,216,0
5.908,3859,217,0
5.917,3863,217,0
5.925,3863,217,0
5.933,3860,217,0
5.942,3860,217,0
5.950,3860,217,0
5.958,3860,217,0
5.967,3860,217,0
5.975,3914,229,0
5.983,3914,229,0
5.992,3914,229,0
6.000,3914,229,0
6.008,3914,229,0
6.017,3899,229,0
6.025,3899,229,0
6.033,3899,229,0
6.042,3899,229,0
6.050,3899,229,0
6.058,3899,229,0
6.067,3899,229,0
6.075,3896,229,0
6.083,3896,229,0
6.092,3896,229,0
6.100,3892,229,0
6.108,3892,229,0
6.117,3890,229,0
6.125,3890,229,0
6.133,3890,229,0
6.142,3890,229,0
6.150,3890,229,0
6.158,3890,229,0
6.167,3890,229,0
6.175,3893,229,0
6.183,3893,229,0
6.192,3887,229,0
6.200,3887,229,0
6.208,3887,229,0
6.217,3887,229,0
6.225,3887,229,0
6.233,3881,225,0
6.242,3874,225,0
6.250,3874,225,0
6.258,3871,222,0
6.267,3867,222,0
6.275,3854,217,0
6.283,3844,217,0
6.292,3844,217,0
6.300,3844,217,0
6.308,3844,217,0
6.317,3844,217,0
6.325,3847,217,0
6.333,3847,217,0
6.342,3847,217,0
6.350,3847,217,0
6.358,3847,217,0
6.367,3847,217,0
6.375,3850,217,0
6.383,3850,217,0
6.392,3853,217,0
6.400,3853,217,0
6.408,3850,217,0
6.417,3850,217,0
6.425,3848,217,0
6.433,3848,217,0
6.442,3848,217,0
6.450,3848,217,0
6.458,3848,217,0
6.467,3848,217,0
6.475,3848,217,0
6.483,3848,217,0
6.492,3858,217,0
6.500,3858,217,0
6.508,3861,217,0
6.517,3861,217,0
6.525,3861,217,0
6.533,3861,217,0
6.542,3867,219,0
6.550,3921,231,0
6.558,3918,231,0
6.567,3918,231,0
6.575,3918,231,0
6.583,3918,231,0
6.592,3903,231,0
6.600,3903,231,0
6.608,3900,231,0
6.617,3900,231,0
6.625,3897,231,0
6.633,3897,231,0
6.642,3897,231,0
6.650,3897,231,0
6.658,3906,230,0
6.667,3901,230,0
6.675,3901,230,0
6.683,3897,230,0
6.692,3897,230,0
6.700,3895,230,0
6.708,3895,230,0
6.717,3895,230,0
6.725,3895,230,0
6.733,3895,230,0
6.742,3895,230,0
6.750,3895,230,0
6.758,3895,230,0
6.767,3895,230,0
6.775,3889,230,0
6.783,3889,230,0
6.792,3889,230,0
6.800,3889,230,0
6.808,3889,230,0
6.817,3883,226,0
6.825,3876,226,0
6.833,3876,226,0
6.842,3873,223,0
6.850,3862,218,0
6.858,3854,218,0
6.867,3854,218,0
6.875,3857,218,0
6.883,3857,218,0
6.892,3854,218,0
6.900,3854,218,0
6.908,3854,218,0
6.917,3854,218,0
6.925,3852,215,0
6.933,3846,215,0
6.942,3846,215,0
6.950,3846,215,0
6.958,3856,219,0
6.967,3856,219,0
6.975,3853,219,0
6.983,3853,219,0
6.992,3853,219,0
7.000,3851,219,0
7.008,3851,219,0
7.017,3851,219,0
7.025,3854,219,0
7.033,3854,219,0
7.042,3854,219,0
7.050,3854,219,0
7.058,3854,219,0
7.067,3854,219,0
7.075,3867,219,0
7.083,3867,219,0
7.092,3870,219,0
7.100,3870,219,0
7.108,3867,219,0
7.117,3867,219,0
7.125,3867,219,0
7.133,3921,231,0
7.142,3921,231,0
7.150,3871,191,0
7.158,3818,191,0
7.167,3818,191,0
7.175,3803,191,0
7.183,3803,191,0
7.192,3803,191,0
7.200,3806,191,0
7.208,3806,191,0
7.217,3806,191,0
7.225,3806,191,0
7.233,3806,191,0
7.242,3806,191,0
7.250,3803,191,0
7.258,3799,191,0
7.267,3797,189,0
7.275,3793,189,0
7.283,3791,189,0
7.292,3791,189,0
7.300,3788,189,0
7.308,3788,189,0
7.317,3785,189,0
7.325,3785,189,0
7.333,3785,189,0
7.342,3780,184,0
7.350,3764,184,0
7.358,3764,184,0
7.367,3764,184,0
7.375,3764,184,0
7.383,3764,184,0
7.392,3758,180,0
7.400,3751,180,0
7.408,3751,180,0
7.417,3748,177,0
7.425,3744,177,0
7.433,3739,172,0
7.442,3729,172,0
7.450,3729,172,0
7.458,3729,172,0
7.467,3729,172,0
7.475,3729,172,0
7.483,3729,172,0
7.492,3755,188,0
7.500,3755,188,0
7.508,3755,188,0
7.517,3755,188,0
7.525,3755,188,0
7.533,3755,188,0
7.542,3755,188,0
7.550,3755,188,0
7.558,3758,188,0
7.567,3756,188,0
7.575,3756,188,0
7.583,3756,188,0
7.592,3756,188,0
7.600,3756,188,0
7.608,3756,188,0
7.617,3756,188,0
7.625,3756,188,0
7.633,3756,188,0
7.642,3766,188,0
7.650,3766,188,0
7.658,3763,188,0
7.667,3763,188,0
7.675,3763,188,0
7.683,3763,188,0
7.692,3763,188,0
7.700,3829,200,0
7.708,3832,200,0
7.717,3835,200,0
7.725,3835,200,0
7.733,3841,199,0
7.742,3821,199,0
7.750,3824,199,0
7.758,3824,199,0
7.767,3827,199,0
7.775,3827,199,0
7.783,3824,199,0
7.792,3824,199,0
7.800,3824,199,0
7.808,3824,199,0
7.817,3824,199,0
7.825,3820,199,0
7.833,3820,199,0
7.842,3820,199,0
7.850,3818,199,0
7.858,3818,199,0
7.867,3818,199,0
7.875,3818,199,0
7.883,3821,199,0
7.892,3821,199,0
7.900,3821,199,0
7.908,3821,199,0
7.917,3815,199,0
7.925,3815,199,0
7.933,3812,199,0
7.942,3809,199,0
7.950,3809,199,0
7.958,3803,195,0
7.967,3796,195,0
7.975,3796,195,0
7.983,3793,192,0
7.992,3784,189,0
8.000,3770,184,0
8.008,3760,184,0
8.017,3760,184,0
8.025,3760,184,0
8.033,3770,188,0
8.042,3770,188,0
8.050,3770,188,0
8.058,3770,188,0
8.067,3770,188,0
8.075,3770,188,0
8.083,3770,188,0
8.092,3770,188,0
8.100,3770,188,0
8.108,3770,188,0
8.117,3770,188,0
8.125,3770,188,0
8.133,3890,236,0
8.142,3890,236,0
8.150,3888,236,0
8.158,3888,236,0
8.167,3888,236,0
8.175,3888,236,0
8.183,3886,234,0
8.192,3878,234,0
8.200,3878,234,0
8.208,3878,234,0
8.217,3885,234,0
8.225,3885,234,0
8.233,3885,234,0
8.242,3885,234,0
8.250,3888,234,0
8.258,3888,234,0
8.267,3888,234,0
8.275,3942,246,0
8.283,3942,246,0
8.292,3942,246,0
8.300,3942,246,0
8.308,3942,246,0
8.317,3927,246,0
8.325,3927,246,0
8.333,3927,246,0
8.342,3927,246,0
8.350,3906,232,0
8.358,3906,232,0
8.367,3906,232,0
8.375,3906,232,0
8.383,3906,232,0
8.392,3906,232,0
8.400,3909,232,0
8.408,3905,232,0
8.417,3905,232,0
8.425,3903,232,0
8.433,3903,232,0
8.442,3903,232,0
8.450,3906,232,0
8.458,3906,232,0
8.467,3909,232,0
8.475,3909,232,0
8.483,3906,232,0
8.492,3906,232,0
8.500,3900,232,0
8.508,3900,232,0
8.517,3900,232,0
8.525,3900,232,0
8.533,3900,232,0
8.542,3894,228,0
8.550,3887,228,0
8.558,3887,228,0
8.567,3884,225,0
8.575,3873,220,0
8.583,3868,220,0
8.592,3868,220,0
8.600,3868,220,0
8.608,3868,220,0
8.617,3868,220,0
8.625,3868,220,0
8.633,3865,220,0
8.642,3865,220,0
8.650,3865,220,0
8.658,3865,220,0
8.667,3865,220,0
8.675,3865,220,0
8.683,3862,220,0
8.692,3862,220,0
8.700,3859,220,0
8.708,3859,220,0
8.717,3859,220,0
8.725,3857,220,0
8.733,3857,220,0
8.742,3857,220,0
8.750,3857,220,0
8.758,3857,220,0
8.767,3857,220,0
8.775,3857,220,0
8.783,3857,220,0
8.792,3857,220,0
8.800,3870,220,0
8.808,3870,220,0
8.817,3870,220,0
8.825,3870,220,0
8.833,3876,219,0
8.842,3871,219,0
8.850,3871,219,0
8.858,3925,231,0
8.867,3925,231,0
8.875,3925,231,0
8.883,3925,231,0
8.892,3925,231,0
8.900,3910,231,0
8.908,3910,231,0
8.917,3910,231,0
8.925,3910,231,0
8.933,3910,231,0
8.942,3910,231,0
8.950,3925,229,0
8.958,3915,229,0
8.967,3915,229,0
8.975,3915,229,0
8.983,3915,229,0
8.992,3911,229,0
9.000,3911,229,0
9.008,3911,229,0
9.017,3909,229,0
9.025,3909,229,0
9.033,3906,229,0
9.042,3906,229,0
9.050,3922,233,0
9.058,3922,233,0
9.067,3925,233,0
9.075,3925,233,0
9.083,3919,233,0
9.092,3919,233,0
9.100,3917,230,0
9.108,3911,230,0
9.117,3911,230,0
9.125,3905,226,0
9.133,3908,230,0
9.142,3908,230,0
9.150,3908,227,0
9.158,3897,222,0
9.167,3892,222,0
9.175,3892,222,0
9.183,3889,222,0
9.192,3889,222,0
9.200,3889,222,0
9.208,3889,222,0
9.217,3879,216,0
9.225,3867,216,0
9.233,3867,216,0
9.242,3867,216,0
9.250,3867,216,0
9.258,3867,216,0
9.267,3867,216,0
9.275,3867,216,0
9.283,3870,216,0
9.292,3870,216,0
9.300,3867,216,0
9.308,3867,216,0
9.317,3865,216,0
9.325,3865,216,0
9.333,3862,216,0
9.342,3862,216,0
9.350,3862,216,0
9.358,3862,216,0
9.367,3862,216,0
9.375,3862,216,0
9.383,3869,216,0
9.392,3869,216,0
9.400,3866,216,0
9.408,3866,216,0
9.417,3866,216,0
9.425,3866,216,0
9.433,3866,216,0
9.442,3920,228,0
9.450,3920,228,0
9.458,3920,228,0
9.467,3920,228,0
9.475,3920,228,0
9.483,3895,228,0
9.492,3895,228,0
9.500,3895,228,0
9.508,3895,228,0
9.517,3895,228,0
9.525,3895,228,0
9.533,3895,228,0
9.542,3895,228,0
9.550,3895,228,0
9.558,3895,228,0
9.567,3895,228,0
9.575,3891,228,0
9.583,3891,228,0
9.592,3889,228,0
9.600,3889,228,0
9.608,3889,228,0
9.617,3889,228,0
9.625,3889,228,0
9.633,3889,228,0
9.642,3889,228,0
9.650,3892,228,0
9.658,3892,228,0
9.667,3886,228,0
9.675,3886,228,0
9.683,3886,228,0
9.692,3886,228,0
9.700,3886,228,0
9.708,3880,224,0
9.717,3873,224,0
9.725,3873,224,0
9.733,3870,221,0
9.742,3859,216,0
9.750,3848,216,0
9.758,3848,216,0
9.767,3848,216,0
9.775,3848,216,0
9.783,3848,216,0
9.792,3848,216,0
9.800,3854,216,0
9.808,3845,216,0
9.817,3845,216,0
9.825,3845,216,0
9.833,3845,216,0
9.842,3845,216,0
9.850,3848,216,0
9.858,3848,216,0
9.867,3851,216,0
9.875,3851,216,0
9.883,3851,216,0
9.892,3851,216,0
9.900,3849,216,0
9.908,3849,216,0
9.917,3849,216,0
9.925,3849,216,0
9.933,3855,215,0
9.942,3850,215,0
9.950,3850,215,0
9.958,3850,215,0
9.967,3860,215,0
9.975,3860,215,0
9.983,3863,215,0
9.992,3863,215,0
10.000,3863,215,0
10.008,3863,215,0
10.017,3863,215,0
10.025,3917,227,0
10.033,3914,227,0
10.042,3914,227,0
10.050,4028,251,0
10.058,4033,251,0
10.067,4015,251,0
10.075,4015,251,0
10.083,4012,251,0
10.092,4012,251,0
10.100,4009,251,0
10.108,4009,251,0
10.117,4006,251,0
10.125,4006,251,0
10.133,4006,251,0
10.142,4006,251,0
10.150,4009,251,0
10.158,4005,251,0
10.167,4005,251,0
10.175,4005,251,0
10.183,4003,251,0
10.192,4003,251,0
10.200,3998,248,0
10.208,3992,248,0
10.217,3992,248,0
10.225,3992,248,0
10.233,4002,252,0
10.242,4002,252,0
10.250,3996,252,0
10.258,3996,252,0
10.267,3996,252,0
10.275,3996,252,0
10.283,3996,252,0
10.292,3990,248,0
10.300,3983,248,0
10.308,3983,248,0
10.317,3999,249,0
10.325,3988,244,0
10.333,3980,244,0
10.342,3980,244,0
10.350,3983,244,0
10.358,3983,244,0
10.367,3983,244,0
10.375,3983,244,0
10.383,3980,244,0
10.392,3980,244,0
10.400,3980,244,0
10.408,3980,244,0
10.417,3980,244,0
10.425,3980,244,0
10.433,3975,244,0
10.442,3975,244,0
10.450,3972,244,0
10.458,3972,244,0
10.467,3972,244,0
10.475,3972,244,0
10.483,3970,244,0
10.492,3970,244,0
10.500,3973,244,0
10.508,3973,244,0
10.517,3973,244,0
10.525,3973,244,0
10.533,3973,244,0
10.542,3991,244,0
10.550,3950,244,0
10.558,3950,244,0
10.567,3953,244,0
10.575,3953,244,0
10.583,3950,244,0
10.592,3950,244,0
10.600,3950,244,0
10.608,4000,252,0
10.617,3994,252,0
10.625,3994,252,0
10.633,3994,252,0
10.642,3994,252,0
10.650,3979,252,0
10.658,3979,252,0
10.667,3979,252,0
10.675,3979,252,0
10.683,3982,252,0
10.692,3982,252,0
10.700,4017,253,0
10.708,3999,253,0
10.717,3999,253,0
10.725,3999,253,0
10.733,3996,253,0
10.742,3992,253,0
10.750,3992,253,0
10.758,3990,253,0
10.767,3990,253,0
10.775,3990,253,0
10.783,3987,253,0
10.792,3987,253,0
10.800,3984,253,0
10.808,3984,253,0
10.817,3984,253,0
10.825,3984,253,0
10.833,3978,253,0
10.842,3978,253,0
10.850,3978,253,0
10.858,3978,253,0
10.867,3978,253,0
10.875,3972,249,0
10.883,3965,249,0
10.892,3965,249,0
10.900,3965,246,0
10.908,3945,241,0
10.917,3937,241,0
10.925,3937,241,0
10.933,3937,241,0
10.942,3937,241,0
10.950,3937,241,0
10.958,3937,241,0
10.967,3940,241,0
10.975,3940,241,0
10.983,3940,241,0
10.992,3940,241,0
11.000,3940,241,0
11.008,3940,241,0
11.017,3940,241,0
11.025,3940,241,0
11.033,3946,240,0
11.042,3941,240,0
11.050,3944,240,0
11.058,3942,240,0
11.067,3942,240,0
11.075,3912,240,0
11.083,3912,240,0
11.092,3917,240,0
11.100,3914,240,0
11.108,3914,240,0
11.117,3914,240,0
11.125,3914,240,0
11.133,3924,240,0
11.142,3924,240,0
11.150,3871,200,0
11.158,3821,200,0
11.167,3821,200,0
11.175,3821,200,0
11.183,3821,200,0
11.192,3875,212,0
11.200,3875,212,0
11.208,3875,212,0
11.217,3875,212,0
11.225,3875,212,0
11.233,3863,212,0
11.242,3863,212,0
11.250,3866,212,0
11.258,3866,212,0
11.267,3869,212,0
11.275,3869,212,0
11.283,3866,212,0
11.292,3866,212,0
11.300,3861,209,0
11.308,3855,209,0
11.317,3855,209,0
11.325,3851,209,0
11.333,3861,213,0
11.342,3861,213,0
11.350,3859,213,0
11.358,3859,213,0
11.367,3859,213,0
11.375,3859,213,0
11.383,3862,213,0
11.392,3862,213,0
11.400,3862,213,0
11.408,3862,213,0
11.417,3856,213,0
11.425,3856,213,0
11.433,3853,213,0
11.442,3853,213,0
11.450,3853,213,0
11.458,3847,209,0
11.467,3832,209,0
11.475,3832,209,0
11.483,3826,206,0
11.492,3815,201,0
11.500,3804,201,0
11.508,3804,201,0
11.517,3804,201,0
11.525,3804,201,0
11.533,3804,201,0
11.542,3804,201,0
11.550,3804,201,0
11.558,3804,201,0
11.567,3804,201,0
11.575,3804,201,0
11.583,3804,201,0
11.592,3804,201,0
11.600,3804,201,0
11.608,3804,201,0
11.617,3804,201,0
11.625,3804,201,0
11.633,3804,201,0
11.642,3804,201,0
11.650,3802,201,0
11.658,3802,201,0
11.667,3802,201,0
11.675,3802,201,0
11.683,3802,201,0
11.692,3802,201,0
11.700,3802,201,0
11.708,3802,201,0
11.717,3812,201,0
11.725,3812,201,0
11.733,3812,201,0
11.742,3812,201,0
11.750,3815,201,0
11.758,3815,201,0
11.767,3815,201,0
11.775,3869,213,0
11.783,3869,213,0
11.792,3869,213,0
11.800,3869,213,0
11.808,3869,213,0
11.817,3854,213,0
11.825,3854,213,0
11.833,3854,213,0
11.842,3854,213,0
11.850,3851,213,0
11.858,3851,213,0
11.867,3851,213,0
11.875,3851,213,0
11.883,3851,213,0
11.892,3851,213,0
11.900,3854,213,0
11.908,3850,213,0
11.917,3850,213,0
11.925,3848,213,0
11.933,3848,213,0
11.942,3848,213,0
11.950,3851,213,0
11.958,3851,213,0
11.967,3854,213,0
11.975,3854,213,0
11.983,3851,213,0
11.992,3851,213,0
12.000,3845,213,0
12.008,3845,213,0
12.017,3845,213,0
12.025,3845,213,0
12.033,3845,213,0
12.042,3839,209,0
12.050,3835,209,0
12.058,3835,209,0
12.067,3832,206,0
12.075,3821,201,0
12.083,3816,201,0
12.092,3816,201,0
12.100,3816,201,0
12.108,3816,201,0
12.117,3816,201,0
12.125,3816,201,0
12.133,3819,200,0
12.142,3814,200,0
12.150,3934,248,0
12.158,3909,223,0
12.167,3869,223,0
12.175,3869,223,0
12.183,3866,223,0
12.192,3866,223,0
12.200,3863,223,0
12.208,3863,223,0
12.217,3863,223,0
12.225,3863,223,0
12.233,3863,223,0
12.242,3861,223,0
12.250,3861,223,0
12.258,3861,223,0
12.267,3861,223,0
12.275,3861,223,0
12.283,3858,223,0
12.292,3858,223,0
12.300,3868,223,0
12.308,3868,223,0
12.317,3871,223,0
12.325,3871,223,0
12.333,3871,223,0
12.342,3871,223,0
12.350,3871,223,0
12.358,3925,235,0
12.367,3925,235,0
12.375,3925,235,0
12.383,3925,235,0
12.392,3925,235,0
12.400,3905,232,0
12.408,3899,232,0
12.417,3899,232,0
12.425,3899,232,0
12.433,3909,236,0
12.442,3909,236,0
12.450,3912,236,0
12.458,3912,236,0
12.467,3912,236,0
12.475,3912,236,0
12.483,3912,236,0
12.492,3908,236,0
12.500,3908,236,0
12.508,3908,236,0
12.517,3906,236,0
12.525,3906,236,0
12.533,3906,236,0
12.542,3902,232,0
12.550,3890,232,0
12.558,3890,232,0
12.567,3890,232,0
12.575,3890,232,0
12.583,3884,232,0
12.592,3884,232,0
12.600,3887,232,0
12.608,3887,232,0
12.617,3887,232,0
12.625,3881,228,0
12.633,3874,228,0
12.642,3874,228,0
12.650,3874,225,0
12.658,3863,220,0
12.667,3858,220,0
12.675,3858,220,0
12.683,3855,220,0
12.692,3855,220,0
12.700,3855,220,0
12.708,3855,220,0
12.717,3855,220,0
12.725,3855,220,0
12.733,3855,220,0
12.742,3855,220,0
12.750,3855,220,0
12.758,3855,220,0
12.767,3855,220,0
12.775,3855,220,0
12.783,3858,220,0
12.792,3858,220,0
12.800,3858,220,0
12.808,3859,220,0
12.817,3858,220,0
12.825,3856,220,0
12.833,3853,220,0
12.842,3853,220,0
12.850,3853,220,0
12.858,3853,220,0
12.867,3853,220,0
12.875,3853,220,0
12.883,3860,220,0
12.892,3860,220,0
12.900,3857,220,0
12.908,3857,220,0
12.917,3857,220,0
12.925,3858,220,0
12.933,3857,220,0
12.942,3912,232,0
12.950,3911,232,0
12.958,3923,230,0
12.967,3914,230,0
12.975,3913,230,0
12.983,3899,230,0
12.992,3898,230,0
13.000,3898,230,0
13.008,3898,230,0
13.017,3899,230,0
13.025,3898,230,0
13.033,3898,230,0
13.042,3898,230,0
13.050,3898,230,0
13.058,3898,230,0
13.067,3894,230,0
13.075,3894,230,0
13.083,3892,230,0
13.092,3892,230,0
13.100,3892,230,0
13.108,3892,230,0
13.117,3895,230,0
13.125,3895,230,0
13.133,3898,230,0
13.142,3898,230,0
13.150,3892,230,0
13.158,3893,230,0
13.167,3892,230,0
13.175,3893,230,0
13.183,3892,230,0
13.192,3886,226,0
13.200,3879,226,0
13.208,3869,220,0
13.217,3860,216,0
13.225,3851,216,0
13.233,3843,211,0
13.242,3833,211,0
13.250,3833,211,0
13.258,3833,211,0
13.267,3833,211,0
13.275,3833,211,0
13.283,3836,211,0
13.292,3836,211,0
13.300,3836,211,0
13.308,3836,211,0
13.317,3836,211,0
13.325,3836,211,0
13.333,3839,211,0
13.342,3839,211,0
13.350,3839,211,0
13.358,3839,211,0
13.367,3836,211,0
13.375,3834,211,0
13.383,3837,211,0
13.392,3837,211,0
13.400,3837,211,0
13.408,3837,211,0
13.417,3837,211,0
13.425,3837,211,0
13.433,3837,211,0
13.442,3837,211,0
13.450,3847,211,0
13.458,3848,211,0
13.467,3850,211,0
13.475,3851,211,0
13.483,3845,208,0
13.492,3839,208,0
13.500,3839,208,0
13.508,3894,220,0
13.517,3900,224,0
13.525,3900,224,0
13.533,3900,224,0
13.542,3900,224,0
13.550,3885,224,0
13.558,3882,224,0
13.567,3882,224,0
13.575,3879,224,0
13.583,3880,224,0
13.592,3879,224,0
13.600,3879,224,0
13.608,3876,224,0
13.617,3876,224,0
13.625,3876,224,0
13.633,3872,224,0
13.642,3872,224,0
13.650,3870,224,0
13.658,3870,224,0
13.667,3870,224,0
13.675,3870,224,0
13.683,3870,224,0
13.692,3870,224,0
13.700,3870,224,0
13.708,3870,224,0
13.717,3870,224,0
13.725,3864,224,0
13.733,3864,224,0
13.742,3864,224,0
13.750,3864,224,0
13.758,3864,224,0
13.767,3858,220,0
13.775,3851,220,0
13.783,3851,220,0
13.792,3848,217,0
13.800,3844,217,0
13.808,3839,212,0
13.817,3829,212,0
13.825,3832,212,0
13.833,3832,212,0
13.842,3832,212,0
13.850,3832,212,0
13.858,3832,212,0
13.867,3832,212,0
13.875,3832,212,0
13.883,3832,212,0
13.892,3832,212,0
13.900,3832,212,0
13.908,3832,212,0
13.917,3832,212,0
13.925,3829,212,0
13.933,3829,212,0
13.942,3829,212,0
13.950,3829,212,0
13.958,3827,212,0
13.967,3827,212,0
13.975,3830,212,0
13.983,3830,212,0
13.992,3830,212,0
14.000,3830,212,0
14.008,3830,212,0
14.017,3830,212,0
14.025,3843,212,0
14.033,3843,212,0
14.042,3846,212,0
14.050,3846,212,0
14.058,3843,212,0
14.067,3843,212,0
14.075,3843,212,0
14.083,3897,224,0
14.092,3897,224,0
14.100,3897,224,0
14.108,3897,224,0
14.117,3897,224,0
14.125,3882,224,0
14.133,3882,224,0
14.142,3882,224,0
14.150,3882,224,0
14.158,3885,224,0
14.167,3885,224,0
14.175,3885,224,0
14.183,3885,224,0
14.192,3888,224,0
14.200,3888,224,0
14.208,3885,224,0
14.217,3881,224,0
14.225,3881,224,0
14.233,3879,224,0
14.242,3879,224,0
14.250,3879,224,0
14.258,3876,224,0
14.267,3876,224,0
14.275,3873,224,0
14.283,3873,224,0
14.292,3873,224,0
14.300,3873,224,0
14.308,3873,223,0
14.317,3868,223,0
14.325,3868,223,0
14.333,3868,223,0
14.342,3868,223,0
14.350,3862,219,0
14.358,3855,219,0
14.367,3855,219,0
14.375,3852,216,0
14.383,3841,211,0
14.392,3833,211,0
14.400,3833,211,0
14.408,3833,211,0
14.417,3833,211,0
14.425,3830,211,0
14.433,3830,211,0
14.442,3830,211,0
14.450,3830,211,0
14.458,3833,211,0
14.467,3833,211,0
14.475,3833,211,0
14.483,3833,211,0
14.492,3833,211,0
14.500,3833,211,0
14.508,3833,211,0
14.517,3833,211,0
14.525,3836,211,0
14.533,3834,211,0
14.542,3834,211,0
14.550,3834,211,0
14.558,3834,211,0
14.567,3834,211,0
14.575,3829,208,0
14.583,3823,208,0
14.592,3823,208,0
14.600,3823,208,0
14.608,3843,212,0
14.617,3843,212,0
14.625,3840,212,0
14.633,3840,212,0
14.642,3840,212,0
14.650,3840,212,0
14.658,3840,212,0
14.667,3894,224,0
14.675,3897,224,0
14.683,3897,224,0
14.692,3894,224,0
14.700,3894,224,0
14.708,3879,224,0
14.717,3888,226,0
14.725,3888,226,0
14.733,3891,226,0
14.742,3891,226,0
14.750,3888,226,0
14.758,3888,226,0
14.767,3888,226,0
14.775,3888,226,0
14.783,3888,226,0
14.792,3884,226,0
14.800,3884,226,0
14.808,3884,226,0
14.817,3882,226,0
14.825,3882,226,0
14.833,3882,226,0
14.842,3882,226,0
14.850,3885,226,0
14.858,3885,226,0
14.867,3885,226,0
14.875,3885,226,0
14.883,3879,226,0
14.892,3879,226,0
14.900,3876,226,0
14.908,3876,226,0
14.917,3876,226,0
14.925,3870,222,0
14.933,3863,222,0
14.942,3863,222,0
14.950,3857,219,0
14.958,3853,219,0
14.967,3845,214,0
14.975,3835,214,0
14.983,3835,214,0
14.992,3835,214,0
15.000,3835,214,0
15.008,3835,214,0
15.017,3835,214,0
15.025,3835,214,0
15.033,3835,214,0
15.042,3835,214,0
15.050,3835,214,0
15.058,3835,214,0
15.067,3835,214,0
15.075,3835,214,0
15.083,3835,214,0
15.092,3835,214,0
15.100,3835,214,0
15.108,3833,214,0
15.117,3833,214,0
15.125,3833,214,0
15.133,3783,174,0
15.142,3733,174,0
15.150,3733,174,0
15.158,3733,174,0
15.167,3733,174,0
15.175,3733,174,0
15.183,3743,174,0
15.192,3743,174,0
15.200,3743,174,0
15.208,3743,174,0
15.217,3746,174,0
15.225,3746,174,0
15.233,3746,174,0
15.242,3800,186,0
15.250,3800,186,0
15.258,3800,186,0
15.267,3803,186,0
15.275,3803,186,0
15.283,3788,186,0
15.292,3788,186,0
15.300,3788,186,0
15.308,3788,186,0
15.317,3785,186,0
15.325,3785,186,0
15.333,3785,186,0
15.342,3785,186,0
15.350,3785,186,0
15.358,3785,186,0
15.367,3788,186,0
15.375,3784,186,0
15.383,3784,186,0
15.392,3782,186,0
15.400,3788,185,0
15.408,3783,185,0
15.417,3786,185,0
15.425,3786,185,0
15.433,3789,185,0
15.442,3789,185,0
15.450,3784,183,0
15.458,3780,183,0
15.467,3774,183,0
15.475,3774,183,0
15.483,3774,183,0
15.492,3774,183,0
15.500,3790,187,0
15.508,3784,183,0
15.517,3777,183,0
15.525,3777,183,0
15.533,3777,180,0
15.542,3766,175,0
15.550,3761,175,0
15.558,3761,175,0
15.567,3761,175,0
15.575,3761,175,0
15.583,3761,175,0
15.592,3761,175,0
15.600,3758,175,0
15.608,3758,175,0
15.617,3758,175,0
15.625,3758,175,0
15.633,3758,175,0
15.642,3758,175,0
15.650,3755,175,0
15.658,3755,175,0
15.667,3773,188,0
15.675,3767,188,0
15.683,3767,188,0
15.692,3767,188,0
15.700,3775,192,0
15.708,3775,192,0
15.717,3775,192,0
15.725,3775,192,0
15.733,3775,192,0
15.742,3775,192,0
15.750,3775,192,0
15.758,3775,192,0
15.767,3782,192,0
15.775,3782,192,0
15.783,3782,192,0
15.792,3782,192,0
15.800,3782,192,0
15.808,3782,192,0
15.817,3782,192,0
15.825,3837,204,0
15.833,3837,204,0
15.842,3837,204,0
15.850,3837,204,0
15.858,3837,204,0
15.867,3822,204,0
15.875,3822,204,0
15.883,3822,204,0
15.892,3822,204,0
15.900,3822,204,0
15.908,3825,204,0
15.917,3825,204,0
15.925,3825,204,0
15.933,3825,204,0
15.942,3825,204,0
15.950,3821,204,0
15.958,3821,204,0
15.967,3821,204,0
15.975,3819,204,0
15.983,3819,204,0
15.992,3819,204,0
16.000,3819,204,0
16.008,3816,204,0
16.017,3816,204,0
16.025,3816,204,0
16.033,3816,204,0
16.042,3810,204,0
16.050,3810,204,0
16.058,3813,204,0
16.067,3813,204,0
16.075,3816,204,0
16.083,3801,200,0
16.092,3794,200,0
16.100,3794,200,0
16.108,3794,197,0
16.117,3790,197,0
16.125,3908,240,0
16.133,3898,240,0
16.142,3895,240,0
16.150,3895,240,0
16.158,3895,240,0
16.167,3895,240,0
16.175,3895,240,0
16.183,3895,240,0
16.192,3895,240,0
16.200,3895,240,0
16.208,3895,240,0
16.217,3895,240,0
16.225,3895,240,0
16.233,3895,240,0
16.242,3898,240,0
16.250,3898,240,0
16.258,3898,240,0
16.267,3906,241,0
16.275,3903,241,0
16.283,3903,241,0
16.292,3900,241,0
16.300,3900,241,0
16.308,3900,241,0
16.317,3900,241,0
16.325,3900,241,0
16.333,3900,241,0
16.342,3910,241,0
16.350,3910,241,0
16.358,3907,241,0
16.367,3905,239,0
16.375,3897,239,0
16.383,3897,239,0
16.392,3897,239,0
16.400,3956,251,0
16.408,3956,251,0
16.417,3956,251,0
16.425,3956,251,0
16.433,3956,251,0
16.442,3941,251,0
16.450,3941,251,0
16.458,3941,251,0
16.467,3932,244,0
16.475,3932,244,0
16.483,3938,243,0
16.492,3933,243,0
16.500,3933,243,0
16.508,3933,243,0
16.517,3933,243,0
16.525,3929,243,0
16.533,3929,243,0
16.542,3929,243,0
16.550,3927,243,0
16.558,3927,243,0
16.567,3924,243,0
16.575,3924,243,0
16.583,3924,243,0
16.592,3924,243,0
16.600,3930,243,0
16.608,3930,243,0
16.617,3924,243,0
16.625,3924,243,0
16.633,3919,243,0
16.642,3919,243,0
16.650,3919,243,0
16.658,3913,239,0
16.667,3909,239,0
16.675,3909,239,0
16.683,3906,236,0
16.692,3902,236,0
16.700,3894,231,0
16.708,3884,231,0
16.717,3884,231,0
16.725,3884,231,0
16.733,3884,231,0
16.742,3884,231,0
16.750,3882,228,0
16.758,3876,228,0
16.767,3876,228,0
16.775,3876,228,0
16.783,3886,232,0
16.792,3886,232,0
16.800,3889,232,0
16.808,3889,232,0
16.817,3892,232,0
16.825,3892,232,0
16.833,3886,232,0
16.842,3886,232,0
16.850,3884,232,0
16.858,3884,232,0
16.867,3884,232,0
16.875,3884,232,0
16.883,3884,232,0
16.892,3884,232,0
16.900,3881,232,0
16.908,3881,232,0
16.917,3891,232,0
16.925,3891,232,0
16.933,3906,230,0
16.942,3896,230,0
16.950,3896,230,0
16.958,3896,230,0
16.967,3896,230,0
16.975,3955,242,0
16.983,3952,242,0
16.992,3952,242,0
17.000,3952,242,0
17.008,3952,242,0
17.017,3937,242,0
17.025,3934,242,0
17.033,3934,242,0
17.042,3931,242,0
17.050,3931,242,0
17.058,3931,242,0
17.067,3931,242,0
17.075,3931,242,0
17.083,3931,242,0
17.092,3931,242,0
17.100,3927,242,0
17.108,3927,242,0
17.117,3925,242,0
17.125,3925,242,0
17.133,3925,242,0
17.142,3925,242,0
17.150,3925,242,0
17.158,3925,242,0
17.167,3925,242,0
17.175,3925,242,0
17.183,3925,242,0
17.192,3909,236,0
17.200,3897,236,0
17.208,3897,236,0
17.217,3897,236,0
17.225,3897,236,0
17.233,3891,232,0
17.242,3884,232,0
17.250,3884,232,0
17.258,3881,229,0
17.267,3877,229,0
17.275,3872,224,0
17.283,3862,224,0
17.292,3865,224,0
17.300,3865,224,0
17.308,3865,224,0
17.317,3865,224,0
17.325,3865,224,0
17.333,3865,224,0
17.342,3865,224,0
17.350,3868,224,0
17.358,3868,224,0
17.367,3868,224,0
17.375,3868,224,0
17.383,3865,224,0
17.392,3865,224,0
17.400,3868,224,0
17.408,3868,224,0
17.417,3866,224,0
17.425,3866,224,0
17.433,3869,224,0
17.442,3869,224,0
17.450,3869,224,0
17.458,3869,224,0
17.467,3869,224,0
17.475,3869,224,0
17.483,3882,224,0
17.492,3882,224,0
17.500,3885,224,0
17.508,3885,224,0
17.517,3882,224,0
17.525,3882,224,0
17.533,3882,224,0
17.542,3936,236,0
17.550,3936,236,0
17.558,3936,236,0
17.567,3942,235,0
17.575,3937,235,0
17.583,3919,235,0
17.592,3919,235,0
17.600,3919,235,0
17.608,3919,235,0
17.617,3922,235,0
17.625,3922,235,0
17.633,3919,235,0
17.642,3919,235,0
17.650,3919,235,0
17.658,3919,235,0
17.667,3919,235,0
17.675,3915,235,0
17.683,3915,235,0
17.692,3908,230,0
17.700,3898,230,0
17.708,3898,230,0
17.717,3895,230,0
17.725,3895,230,0
17.733,3892,230,0
17.742,3892,230,0
17.750,3892,230,0
17.758,3892,230,0
17.767,3886,230,0
17.775,3886,230,0
17.783,3905,234,0
17.792,3905,234,0
17.800,3905,234,0
17.808,3899,230,0
17.817,3892,230,0
17.825,3892,230,0
17.833,3884,224,0
17.842,3867,219,0
17.850,3859,219,0
17.858,3859,219,0
17.867,3869,223,0
17.875,3869,223,0
17.883,3869,223,0
17.892,3869,223,0
17.900,3866,223,0
17.908,3866,223,0
17.917,3866,223,0
17.925,3866,223,0
17.933,3866,223,0
17.942,3866,223,0
17.950,3866,223,0
17.958,3866,223,0
17.967,3866,223,0
17.975,3866,223,0
17.983,3869,223,0
17.992,3867,223,0
18.000,3867,223,0
18.008,3867,223,0
18.017,3867,223,0
18.025,3867,223,0
18.033,3867,223,0
18.042,3867,223,0
18.050,3870,223,0
18.058,3870,223,0
18.067,3880,223,0
18.075,3880,223,0
18.083,3877,223,0
18.092,3877,223,0
18.100,3877,223,0
18.108,3877,223,0
18.117,3877,223,0
18.125,3931,235,0
18.133,3934,235,0
18.142,3934,235,0
18.150,3934,235,0
18.158,3934,235,0
18.167,3914,235,0
18.175,3917,235,0
18.183,3917,235,0
18.192,3920,235,0
18.200,3920,235,0
18.208,3917,235,0
18.217,3917,235,0
18.225,3917,235,0
18.233,3917,235,0
18.242,3917,235,0
18.250,3913,235,0
18.258,3913,235,0
18.267,3911,235,0
18.275,3908,235,0
18.283,3908,235,0
18.292,3908,235,0
18.300,3908,235,0
18.308,3911,235,0
18.317,3911,235,0
18.325,3911,235,0
18.333,3911,235,0
18.342,3905,235,0
18.350,3905,235,0
18.358,3902,235,0
18.367,3902,235,0
18.375,3902,235,0
18.383,3896,231,0
18.392,3889,231,0
18.400,3889,231,0
18.408,3883,228,0
18.417,3879,228,0
18.425,3871,223,0
18.433,3861,223,0
18.442,3861,223,0
18.450,3861,223,0
18.458,3861,223,0
18.467,3861,223,0
18.475,3864,223,0
18.483,3864,223,0
18.492,3864,223,0
18.500,3864,223,0
18.508,3864,223,0
18.517,3864,223,0
18.525,3864,223,0
18.533,3867,223,0
18.542,3858,223,0
18.550,3858,223,0
18.558,3858,223,0
18.567,3856,223,0
18.575,3856,223,0
18.583,3856,223,0
18.592,3856,223,0
18.600,3856,223,0
18.608,3856,223,0
18.617,3856,223,0
18.625,3856,223,0
18.633,3856,223,0
18.642,3866,223,0
18.650,3866,223,0
18.658,3872,222,0
18.667,3867,222,0
18.675,3870,222,0
18.683,3870,222,0
18.692,3870,222,0
18.700,3929,234,0
18.708,3926,234,0
18.717,3926,234,0
18.725,3926,234,0
18.733,3932,234,0
18.742,3912,234,0
18.750,3912,234,0
18.758,3912,234,0
18.767,3909,234,0
18.775,3914,234,0
18.783,3911,234,0
18.792,3911,234,0
18.800,3911,234,0
18.808,3911,234,0
18.817,3914,234,0
18.825,3910,234,0
18.833,3910,234,0
18.842,3910,234,0
18.850,3908,234,0
18.858,3908,234,0
18.867,3911,234,0
18.875,3911,234,0
18.883,3914,234,0
18.892,3914,234,0
18.900,3911,234,0
18.908,3911,234,0
18.917,3900,231,0
18.925,3894,231,0
18.933,3894,231,0
18.942,3894,231,0
18.950,3904,235,0
18.958,3892,231,0
18.967,3999,255,0
18.975,3999,255,0
18.983,3996,252,0
18.992,3992,252,0
19.000,3990,247,0
19.008,3980,247,0
19.017,3980,247,0
19.025,3980,247,0
19.033,3980,247,0
19.042,3980,247,0
19.050,3977,247,0
19.058,3977,247,0
19.067,3977,247,0
19.075,3977,247,0
19.083,3977,247,0
19.092,3977,247,0
19.100,3924,207,0
19.108,3874,207,0
19.117,3871,207,0
19.125,3871,207,0
19.133,3871,207,0
19.142,3871,207,0
19.150,3864,207,0
19.158,3864,207,0
19.167,3864,207,0
19.175,3864,207,0
19.183,3864,207,0
19.192,3864,207,0
19.200,3864,207,0
19.208,3864,207,0
19.217,3874,207,0
19.225,3874,207,0
19.233,3874,207,0
19.242,3874,207,0
19.250,3874,207,0
19.258,3874,207,0
19.267,3874,207,0
19.275,3928,219,0
19.283,3928,219,0
19.292,3928,219,0
19.300,3928,219,0
19.308,3928,219,0
19.317,3913,219,0
19.325,3909,215,0
19.333,3903,215,0
19.342,3903,215,0
19.350,3903,215,0
19.358,3903,215,0
19.367,3906,215,0
19.375,3906,215,0
19.383,3906,215,0
19.392,3906,215,0
19.400,3906,215,0
19.408,3902,215,0
19.417,3902,215,0
19.425,3900,215,0
19.433,3903,215,0
19.442,3903,215,0
19.450,3903,215,0
19.458,3921,215,0
19.467,3864,215,0
19.475,3864,215,0
19.483,3864,215,0
19.492,3864,215,0
19.500,3858,215,0
19.508,3858,215,0
19.517,3861,215,0
19.525,3861,215,0
19.533,3861,215,0
19.542,3855,211,0
19.550,3851,211,0
19.558,3851,211,0
19.567,3851,208,0
19.575,3840,203,0
19.583,3835,203,0
19.592,3835,203,0
19.600,3832,203,0
19.608,3832,203,0
19.617,3867,204,0
19.625,3849,204,0
19.633,3849,204,0
19.642,3849,204,0
19.650,3849,204,0
19.658,3849,204,0
19.667,3846,204,0
19.675,3846,204,0
19.683,3846,204,0
19.692,3846,204,0
19.700,3849,204,0
19.708,3849,204,0
19.717,3849,204,0
19.725,3847,204,0
19.733,3847,204,0
19.742,3847,204,0
19.750,3850,203,0
19.758,3845,203,0
19.767,3845,203,0
19.775,3845,203,0
19.783,3842,203,0
19.792,3842,203,0
19.800,3849,203,0
19.808,3849,203,0
19.817,3849,203,0
19.825,3849,203,0
19.833,3849,203,0
19.842,3849,203,0
19.850,3849,203,0
19.858,3903,215,0
19.867,3903,215,0
19.875,3903,215,0
19.883,3903,215,0
19.892,3903,215,0
19.900,3888,215,0
19.908,3888,215,0
19.917,3888,215,0
19.925,3888,215,0
19.933,3888,215,0
19.942,3888,215,0
19.950,3888,215,0
19.958,3888,215,0
19.967,3888,215,0
19.975,3888,215,0
19.983,3854,215,0
19.992,3854,215,0
20.000,3854,215,0
20.008,3847,212,0
20.017,3841,212,0
20.025,3841,212,0
20.033,3841,212,0
20.042,3848,216,0
20.050,3848,216,0
20.058,3851,216,0
20.067,3851,216,0
20.075,3845,216,0
20.083,3845,216,0
20.092,3965,264,0
20.100,3965,264,0
20.108,3965,264,0
20.117,3959,260,0
20.125,3955,260,0
20.133,3955,260,0
20.142,3952,257,0
20.150,3948,257,0
20.158,3940,252,0
20.167,3930,252,0
20.175,3930,252,0
20.183,3930,252,0
20.192,3930,252,0
20.200,3930,252,0
20.208,3933,252,0
20.217,3933,252,0
20.225,3933,252,0
20.233,3933,252,0
20.242,3933,252,0
20.250,3933,252,0
20.258,3936,252,0
20.267,3936,252,0
20.275,3939,252,0
20.283,3939,252,0
20.292,3936,252,0
20.300,3936,252,0
20.308,3934,252,0
20.317,3934,252,0
20.325,3934,252,0
20.333,3934,252,0
20.342,3934,252,0
20.350,3934,252,0
20.358,3931,252,0
20.367,3931,252,0
20.375,3941,252,0
20.383,3941,252,0
20.392,3944,252,0
20.400,3944,252,0
20.408,3944,252,0
20.417,3944,252,0
20.425,3944,252,0
20.433,4008,264,0
20.442,4005,264,0
20.450,4005,264,0
20.458,4005,264,0
20.467,4005,264,0
20.475,3985,264,0
20.483,3985,264,0
20.492,3982,264,0
20.500,3982,264,0
20.508,3979,264,0
20.517,3979,264,0
20.525,3979,264,0
20.533,3979,264,0
20.542,3979,264,0
20.550,3979,264,0
20.558,3979,264,0
20.567,3975,264,0
20.575,3975,264,0
20.583,3973,264,0
20.592,3973,264,0
20.600,3973,264,0
20.608,3973,264,0
20.617,3973,264,0
20.625,3976,264,0
20.633,3976,264,0
20.642,3976,264,0
20.650,3976,264,0
20.658,3989,268,0
20.667,3989,268,0
20.675,3989,268,0
20.683,3989,268,0
20.692,3989,268,0
20.700,3983,264,0
20.708,3976,264,0
20.717,3976,264,0
20.725,3973,261,0
20.733,3962,256,0
20.742,3954,256,0
20.750,3954,256,0
20.758,3957,256,0
20.767,3957,256,0
20.775,3957,256,0
20.783,3957,256,0
20.792,3957,256,0
20.800,3957,256,0
20.808,3957,256,0
20.817,3957,256,0
20.825,3960,256,0
20.833,3960,256,0
20.842,3966,255,0
20.850,3961,255,0
20.858,3955,255,0
20.867,3955,255,0
20.875,3955,255,0
20.883,3955,255,0
20.892,3956,255,0
20.900,3956,255,0
20.908,3971,253,0
20.917,3961,253,0
20.925,3961,253,0
20.933,3961,253,0
20.942,3961,253,0
20.950,3961,253,0
20.958,3974,253,0
20.967,3974,253,0
20.975,3977,253,0
20.983,3977,253,0
20.992,3974,253,0
21.000,3974,253,0
21.008,4033,265,0
21.017,4033,265,0
21.025,4033,265,0
21.033,4033,265,0
21.042,4033,265,0
21.050,4015,265,0
21.058,3990,240,0
21.067,3950,240,0
21.075,3950,240,0
21.083,3953,240,0
21.092,3953,240,0
21.100,3948,237,0
21.108,3942,237,0
21.117,3939,237,0
21.125,3939,237,0
21.133,3946,241,0
21.142,3942,241,0
21.150,3942,241,0
21.158,3940,241,0
21.167,3930,235,0
21.175,3918,235,0
21.183,3915,235,0
21.192,3915,235,0
21.200,3912,235,0
21.208,3912,235,0
21.217,3912,235,0
21.225,3912,235,0
21.233,3909,235,0
21.242,3900,235,0
21.250,3900,235,0
21.258,3900,235,0
21.267,3894,231,0
21.275,3887,231,0
21.283,3887,231,0
21.292,3887,231,0
21.300,3884,228,0
21.308,3873,223,0
21.317,3865,223,0
21.325,3865,223,0
21.333,3865,223,0
21.342,3865,223,0
21.350,3865,223,0
21.358,3865,223,0
21.367,3865,223,0
21.375,3865,223,0
21.383,3865,223,0
21.392,3865,223,0
21.400,3865,223,0
21.408,3865,223,0
21.417,3865,223,0
21.425,3870,223,0
21.433,3867,223,0
21.442,3867,223,0
21.450,3870,223,0
21.458,3868,223,0
21.467,3868,223,0
21.475,3868,223,0
21.483,3868,223,0
21.492,3868,223,0
21.500,3868,223,0
21.508,3868,223,0
21.517,3871,223,0
21.525,3871,223,0
21.533,3881,223,0
21.542,3881,223,0
21.550,3878,223,0
21.558,3878,223,0
21.567,3878,223,0
21.575,3878,223,0
21.583,3878,223,0
21.592,3932,235,0
21.600,3935,235,0
21.608,3935,235,0
21.617,3935,235,0
21.625,3935,235,0
21.633,3920,235,0
21.642,3923,235,0
21.650,3923,235,0
21.658,3926,235,0
21.667,3926,235,0
21.675,3923,235,0
21.683,3923,235,0
21.692,3926,235,0
21.700,3926,235,0
21.708,3926,235,0
21.717,3922,235,0
21.725,3922,235,0
21.733,3922,235,0
21.742,3917,235,0
21.750,3917,235,0
21.758,3917,235,0
21.767,3917,235,0
21.775,3920,235,0
21.783,3920,235,0
21.792,3915,235,0
21.800,3915,235,0
21.808,3909,235,0
21.817,3909,235,0
21.825,3906,235,0
21.833,3906,235,0
21.842,3906,235,0
21.850,3900,231,0
21.858,3893,231,0
21.867,3893,231,0
21.875,3887,228,0
21.883,3883,228,0
21.892,3875,223,0
21.900,3865,223,0
21.908,3865,223,0
21.917,3865,223,0
21.925,3868,222,0
21.933,3863,222,0
21.942,3863,222,0
21.950,3863,222,0
21.958,3866,222,0
21.967,3866,222,0
21.975,3866,222,0
21.983,3866,222,0
21.992,3866,222,0
22.000,3866,222,0
22.008,3866,222,0
22.017,3866,222,0
22.025,3866,222,0
22.033,3866,222,0
22.042,3864,222,0
22.050,3864,222,0
22.058,3864,222,0
22.067,3864,222,0
22.075,3864,222,0
22.083,3864,222,0
22.092,3864,222,0
22.100,3864,222,0
22.108,3874,222,0
22.117,3874,222,0
22.125,3874,222,0
22.133,3874,222,0
22.142,3877,222,0
22.150,3877,222,0
22.158,3877,222,0
22.167,3936,234,0
22.175,3936,234,0
22.183,3936,234,0
22.192,3928,231,0
22.200,3922,231,0
22.208,3900,231,0
22.217,3900,231,0
22.225,3910,235,0
22.233,3910,235,0
22.242,3907,235,0
22.250,3907,235,0
22.258,3907,235,0
22.267,3907,235,0
22.275,3907,235,0
22.283,3907,235,0
22.292,3910,235,0
22.300,3906,235,0
22.308,3906,235,0
22.317,3904,235,0
22.325,3904,235,0
22.333,3904,235,0
22.342,3907,235,0
22.350,3907,235,0
22.358,3910,235,0
22.367,3910,235,0
22.375,3907,235,0
22.383,3907,235,0
22.392,3901,235,0
22.400,3901,235,0
22.408,3901,235,0
22.417,3901,235,0
22.425,3901,235,0
22.433,3895,231,0
22.442,3885,231,0
22.450,3885,231,0
22.458,3882,228,0
22.467,3871,223,0
22.475,3866,223,0
22.483,3866,223,0
22.492,3866,223,0
22.500,3866,223,0
22.508,3866,223,0
22.517,3866,223,0
22.525,3863,223,0
22.533,3863,223,0
22.542,3863,223,0
22.550,3863,223,0
22.558,3863,223,0
22.567,3863,223,0
22.575,3860,223,0
22.583,3860,223,0
22.592,3857,223,0
22.600,3857,223,0
22.608,3857,223,0
22.617,3855,223,0
22.625,3855,223,0
22.633,3855,223,0
22.642,3855,223,0
22.650,3855,223,0
22.658,3855,223,0
22.667,3855,223,0
22.675,3855,223,0
22.683,3855,223,0
22.692,3865,223,0
22.700,3865,223,0
22.708,3865,223,0
22.717,3865,223,0
22.725,3865,223,0
22.733,3865,223,0
22.742,3865,223,0
22.750,3924,235,0
22.758,3924,235,0
22.767,3927,235,0
22.775,3927,235,0
22.783,3927,235,0
22.792,3907,235,0
22.800,3907,235,0
22.808,3907,235,0
22.817,3907,235,0
22.825,3907,235,0
22.833,3910,235,0
22.842,3910,235,0
22.850,3910,235,0
22.858,3906,231,0
22.867,3906,233,0
22.875,3902,233,0
22.883,3902,233,0
22.892,3900,233,0
22.900,3903,233,0
22.908,3903,233,0
22.917,3903,233,0
22.925,3903,233,0
22.933,3900,233,0
22.942,3900,233,0
22.950,3900,233,0
22.958,3900,233,0
22.967,3894,233,0
22.975,3894,233,0
22.983,3897,233,0
22.992,3894,233,0
23.000,3894,233,0
23.008,3888,229,0
23.017,3887,228,0
23.025,3882,228,0
23.033,3885,225,0
23.042,3881,225,0
23.050,3879,220,0
23.058,3869,220,0
23.067,3866,220,0
23.075,3866,220,0
23.083,3816,180,0
23.092,3766,180,0
23.100,3766,180,0
23.108,3766,180,0
23.117,3766,180,0
23.125,3766,180,0
23.133,3763,180,0
23.142,3763,180,0
23.150,3763,180,0
23.158,3763,180,0
23.167,3766,180,0
23.175,3766,180,0
23.183,3766,180,0
23.192,3764,180,0
23.200,3764,180,0
23.208,3764,180,0
23.217,3761,180,0
23.225,3761,180,0
23.233,3761,180,0
23.242,3761,180,0
23.250,3761,180,0
23.258,3761,180,0
23.267,3765,180,0
23.275,3765,180,0
23.283,3757,177,0
23.292,3751,177,0
23.300,3751,177,0
23.308,3751,177,0
23.317,3761,181,0
23.325,3810,193,0
23.333,3810,193,0
23.342,3810,193,0
23.350,3810,193,0
23.358,3810,193,0
23.367,3795,193,0
23.375,3795,193,0
23.383,3795,193,0
23.392,3795,193,0
23.400,3795,193,0
23.408,3795,193,0
23.417,3795,193,0
23.425,3795,193,0
23.433,3795,193,0
23.442,3795,193,0
23.450,3791,193,0
23.458,3791,193,0
23.467,3791,193,0
23.475,3789,193,0
23.483,3789,193,0
23.492,3789,193,0
23.500,3789,193,0
23.508,3789,193,0
23.517,3789,193,0
23.525,3792,193,0
23.533,3792,193,0
23.542,3786,193,0
23.550,3786,193,0
23.558,3786,193,0
23.567,3786,193,0
23.575,3786,193,0
23.583,3780,189,0
23.592,3774,187,0
23.600,3770,187,0
23.608,3767,184,0
23.617,3763,184,0
23.625,3755,179,0
23.633,3745,179,0
23.642,3745,179,0
23.650,3745,179,0
23.658,3745,179,0
23.667,3745,179,0
23.675,3748,179,0
23.683,3748,179,0
23.692,3748,179,0
23.700,3748,179,0
23.708,3748,179,0
23.717,3748,179,0
23.725,3751,179,0
23.733,3751,179,0
23.742,3754,179,0
23.750,3754,179,0
23.758,3751,179,0
23.767,3751,179,0
23.775,3749,179,0
23.783,3749,179,0
23.792,3762,187,0
23.800,3762,187,0
23.808,3762,187,0
23.817,3762,187,0
23.825,3759,187,0
23.833,3759,187,0
23.842,3772,187,0
23.850,3772,187,0
23.858,3775,187,0
23.867,3775,187,0
23.875,3775,187,0
23.883,3775,187,0
23.892,3775,187,0
23.900,3824,199,0
23.908,3821,199,0
23.917,3821,199,0
23.925,3821,199,0
23.933,3821,199,0
23.942,3801,199,0
23.950,3801,199,0
23.958,3798,199,0
23.967,3798,199,0
23.975,3795,199,0
23.983,3795,199,0
23.992,3795,199,0
24.000,3795,199,0
24.008,3795,199,0
24.017,3795,199,0
24.025,3795,199,0
24.033,3791,199,0
24.042,3791,199,0
24.050,3791,199,0
24.058,3789,199,0
24.067,3789,199,0
24.075,3906,247,0
24.083,3906,247,0
24.092,3906,247,0
24.100,3906,247,0
24.108,3915,246,0
24.117,3910,246,0
24.125,3904,246,0
24.133,3904,246,0
24.142,3904,246,0
24.150,3904,246,0
24.158,3904,246,0
24.167,3898,242,0
24.175,3891,242,0
24.183,3891,242,0
24.192,3888,239,0
24.200,3877,234,0
24.208,3869,234,0
24.217,3869,234,0
24.225,3872,234,0
24.233,3872,234,0
24.242,3872,234,0
24.250,3872,234,0
24.258,3872,234,0
24.267,3872,234,0
24.275,3872,234,0
24.283,3872,234,0
24.292,3875,234,0
24.300,3875,234,0
24.308,3875,234,0
24.317,3875,234,0
24.325,3872,234,0
24.333,3872,234,0
24.342,3869,234,0
24.350,3867,234,0
24.358,3867,234,0
24.367,3867,234,0
24.375,3865,231,0
24.383,3859,231,0
24.392,3859,231,0
24.400,3859,231,0
24.408,3869,235,0
24.417,3869,235,0
24.425,3882,235,0
24.433,3882,235,0
24.442,3885,235,0
24.450,3885,235,0
24.458,3882,235,0
24.467,3882,235,0
24.475,3882,235,0
24.483,3946,247,0
24.492,3946,247,0
24.500,3945,246,0
24.508,3941,246,0
24.517,3938,246,0
24.525,3918,246,0
24.533,3918,246,0
24.542,3918,246,0
24.550,3921,246,0
24.558,3921,246,0
24.567,3921,246,0
24.575,3921,246,0
24.583,3921,246,0
24.592,3921,246,0
24.600,3918,246,0
24.608,3914,246,0
24.617,3914,246,0
24.625,3912,246,0
24.633,3912,246,0
24.642,3912,246,0
24.650,3909,246,0
24.658,3909,246,0
24.667,3906,246,0
24.675,3906,246,0
24.683,3906,246,0
24.692,3906,246,0
24.700,3900,246,0
24.708,3900,246,0
24.717,3900,246,0
24.725,3900,246,0
24.733,3900,246,0
24.742,3894,242,0
24.750,3887,242,0
24.758,3887,242,0
24.767,3884,239,0
24.775,3880,239,0
24.783,3878,234,0
24.792,3868,234,0
24.800,3868,234,0
24.808,3868,234,0
24.817,3868,234,0
24.825,3868,234,0
24.833,3868,234,0
24.842,3868,234,0
24.850,3868,234,0
24.858,3868,234,0
24.867,3868,234,0
24.875,3868,234,0
24.883,3880,232,0
24.892,3870,232,0
24.900,3870,232,0
24.908,3870,232,0
24.917,3876,232,0
24.925,3876,232,0
24.933,3874,232,0
24.942,3874,232,0
24.950,3874,232,0
24.958,3874,232,0
24.967,3874,232,0
24.975,3877,232,0
24.983,3877,232,0
24.992,3887,232,0
25.000,3887,232,0
25.008,3881,232,0
25.017,3881,232,0
25.025,3881,232,0
25.033,3881,232,0
25.042,3945,244,0
25.050,3945,244,0
25.058,3948,244,0
25.067,3948,244,0
25.075,3948,244,0
25.083,3948,244,0
25.092,3938,244,0
25.100,3938,244,0
25.108,3941,244,0
25.117,3941,244,0
25.125,3944,244,0
25.133,3944,244,0
25.142,3928,238,0
25.150,3916,238,0
25.158,3916,238,0
25.167,3916,238,0
25.175,3919,238,0
25.183,3915,238,0
25.192,3919,237,0
25.200,3914,237,0
25.208,3911,237,0
25.217,3911,237,0
25.225,3911,237,0
25.233,3911,237,0
25.242,3914,237,0
25.250,3914,237,0
25.258,3914,237,0
25.267,3914,237,0
25.275,3908,237,0
25.283,3908,237,0
25.292,3905,237,0
25.300,3905,237,0
25.308,3899,233,0
25.317,3892,233,0
25.325,3892,233,0
25.333,3889,230,0
25.342,3875,225,0
25.350,3865,225,0
25.358,3864,225,0
25.367,3864,225,0
25.375,3864,225,0
25.383,3864,225,0
25.392,3864,225,0
25.400,3864,225,0
25.408,3861,225,0
25.417,3861,225,0
25.425,3861,225,0
25.433,3861,225,0
25.442,3861,225,0
25.450,3861,225,0
25.458,3856,222,0
25.467,3850,222,0
25.475,3853,222,0
25.483,3853,222,0
25.492,3863,226,0
25.500,3863,226,0
25.508,3861,226,0
25.517,3861,226,0
25.525,3861,226,0
25.533,3861,226,0
25.542,3861,226,0
25.550,3861,226,0
25.558,3861,226,0
25.567,3861,226,0
25.575,3871,226,0
25.583,3871,226,0
25.592,3871,226,0
25.600,3871,226,0
25.608,3874,226,0
25.617,3874,226,0
25.625,3874,226,0
25.633,3933,238,0
25.642,3933,238,0
25.650,3933,238,0
25.658,3933,238,0
25.667,3933,238,0
25.675,3926,238,0
25.683,3926,238,0
25.692,3926,238,0
25.700,3926,238,0
25.708,3920,238,0
25.717,3920,238,0
25.725,3920,238,0
25.733,3920,238,0
25.742,3920,238,0
25.750,3920,238,0
25.758,3923,238,0
25.767,3919,238,0
25.775,3919,238,0
25.783,3917,238,0
25.792,3917,238,0
25.800,3917,238,0
25.808,3920,238,0
25.817,3920,238,0
25.825,3942,242,0
25.833,3942,242,0
25.842,3939,242,0
25.850,3939,242,0
25.858,3933,242,0
25.867,3933,242,0
25.875,3933,242,0
25.883,3933,242,0
25.892,3933,242,0
25.900,3927,238,0
25.908,3917,238,0
25.917,3917,238,0
25.925,3914,235,0
25.933,3905,230,0
25.942,3898,230,0
25.950,3898,230,0
25.958,3898,230,0
25.967,3898,230,0
25.975,3898,230,0
25.983,3898,230,0
25.992,3898,230,0
26.000,3898,230,0
26.008,3898,230,0
26.017,3898,230,0
26.025,3898,230,0
26.033,3898,230,0
26.042,3895,230,0
26.050,3895,230,0
26.058,3892,230,0
26.067,3892,230,0
26.075,3892,230,0
26.083,3890,230,0
26.092,3890,230,0
26.100,3890,230,0
26.108,3890,230,0
26.117,3890,230,0
26.125,3890,230,0
26.133,3890,230,0
26.142,3890,230,0
26.150,3890,230,0
26.158,3900,230,0
26.167,3900,230,0
26.175,3903,230,0
26.183,3903,230,0
26.192,3903,230,0
26.200,3903,230,0
26.208,3903,230,0
26.217,3962,242,0
26.225,3959,242,0
26.233,3959,242,0
26.242,3959,242,0
26.250,3962,242,0
26.258,3937,242,0
26.267,3937,242,0
26.275,3937,242,0
26.283,3943,241,0
26.292,3938,241,0
26.300,3941,241,0
26.308,3941,241,0
26.317,3941,241,0
26.325,3941,241,0
26.333,3941,241,0
26.342,3937,241,0
26.350,3937,241,0
26.358,3937,241,0
26.367,3940,241,0
26.375,3938,241,0
26.383,3938,241,0
26.392,3938,241,0
26.400,3935,241,0
26.408,3926,241,0
26.417,3926,241,0
26.425,3926,241,0
26.433,3920,241,0
26.442,3920,241,0
26.450,3923,241,0
26.458,3923,241,0
26.467,3923,241,0
26.475,3917,237,0
26.483,3907,237,0
26.492,3907,237,0
26.500,3926,238,0
26.508,3922,238,0
26.517,3920,233,0
26.525,3910,233,0
26.533,3907,233,0
26.542,3907,233,0
26.550,3902,230,0
26.558,3896,230,0
26.567,3896,230,0
26.575,3896,230,0
26.583,3906,234,0
26.592,3916,235,0
26.600,3910,235,0
26.608,3910,235,0
26.617,3910,235,0
26.625,3910,235,0
26.633,3913,235,0
26.642,3913,235,0
26.650,3913,235,0
26.658,3913,235,0
26.667,3911,235,0
26.675,3911,235,0
26.683,3908,235,0
26.692,3908,235,0
26.700,3908,235,0
26.708,3908,235,0
26.717,3908,235,0
26.725,3908,235,0
26.733,3915,235,0
26.742,3915,235,0
26.750,3912,235,0
26.758,3912,235,0
26.767,3912,235,0
26.775,3912,235,0
26.783,3912,235,0
26.792,3971,247,0
26.800,3971,247,0
26.808,3971,247,0
26.817,3971,247,0
26.825,3946,247,0
26.833,3946,247,0
26.842,3946,247,0
26.850,3946,247,0
26.858,3949,247,0
26.867,3949,247,0
26.875,3949,247,0
26.883,3949,247,0
26.892,3949,247,0
26.900,3949,247,0
26.908,3949,247,0
26.917,3945,247,0
26.925,3945,247,0
26.933,3945,247,0
26.942,3943,247,0
26.950,3943,247,0
26.958,3938,247,0
26.967,3938,247,0
26.975,3938,247,0
26.983,3938,247,0
26.992,3941,247,0
27.000,3941,247,0
27.008,3935,247,0
27.017,3935,247,0
27.025,3935,247,0
27.033,3935,247,0
27.042,3935,247,0
27.050,3929,243,0
27.058,3878,203,0
27.067,3828,203,0
27.075,3825,200,0
27.083,3821,200,0
27.092,3810,195,0
27.100,3800,195,0
27.108,3800,195,0
27.117,3800,195,0
27.125,3800,195,0
27.133,3800,195,0
27.142,3803,195,0
27.150,3803,195,0
27.158,3803,195,0
27.167,3803,195,0
27.175,3803,195,0
27.183,3803,195,0
27.192,3806,195,0
27.200,3806,195,0
27.208,3809,195,0
27.217,3809,195,0
27.225,3806,195,0
27.233,3806,195,0
27.242,3804,195,0
27.250,3807,195,0
27.258,3798,195,0
27.267,3798,195,0
27.275,3798,195,0
27.283,3798,195,0
27.292,3792,195,0
27.300,3792,195,0
27.308,3802,195,0
27.317,3808,195,0
27.325,3808,195,0
27.333,3808,195,0
27.342,3808,195,0
27.350,3808,195,0
27.358,3867,207,0
27.367,3870,206,0
27.375,3865,206,0
27.383,3865,206,0
27.392,3865,206,0
27.400,3845,206,0
27.408,3845,206,0
27.417,3842,206,0
27.425,3839,206,0
27.433,3839,206,0
27.442,3839,206,0
27.450,3839,206,0
27.458,3839,206,0
27.467,3839,206,0
27.475,3839,206,0
27.483,3840,206,0
27.492,3837,206,0
27.500,3837,206,0
27.508,3835,206,0
27.517,3835,206,0
27.525,3835,206,0
27.533,3829,206,0
27.542,3835,206,0
27.550,3835,206,0
27.558,3835,206,0
27.567,3835,206,0
27.575,3829,206,0
27.583,3829,206,0
27.592,3829,206,0
27.600,3829,206,0
27.608,3829,206,0
27.617,3823,202,0
27.625,3811,199,0
27.633,3805,199,0
27.642,3802,196,0
27.650,3791,191,0
27.658,3793,195,0
27.667,3793,195,0
27.675,3796,195,0
27.683,3796,195,0
27.692,3796,195,0
27.700,3796,195,0
27.708,3796,195,0
27.717,3796,195,0
27.725,3796,195,0
27.733,3796,195,0
27.742,3799,195,0
27.750,3799,195,0
27.758,3799,195,0
27.767,3799,195,0
27.775,3793,195,0
27.783,3793,195,0
27.792,3793,195,0
27.800,3793,195,0
27.808,3791,195,0
27.817,3791,195,0
27.825,3794,195,0
27.833,3794,195,0
27.842,3794,195,0
27.850,3794,195,0
27.858,3789,195,0
27.867,3789,195,0
27.875,3916,219,0
27.883,3916,219,0
27.892,3919,219,0
27.900,3919,219,0
27.908,3916,219,0
27.917,3916,219,0
27.925,3916,219,0
27.933,3975,231,0
27.942,3975,231,0
27.950,3975,231,0
27.958,3975,231,0
27.967,3975,231,0
27.975,3952,231,0
27.983,3952,231,0
27.992,3952,231,0
28.000,3952,231,0
28.008,3955,231,0
28.017,3950,226,0
28.025,3940,226,0
28.033,3936,222,0
28.042,4050,270,0
28.050,4050,270,0
28.058,4047,270,0
28.067,4043,270,0
28.075,4043,270,0
28.083,4041,270,0
28.092,4041,270,0
28.100,4041,270,0
28.108,4038,270,0
28.117,4038,270,0
28.125,4038,270,0
28.133,4038,270,0
28.142,4038,270,0
28.150,4038,270,0
28.158,4032,270,0
28.167,4032,270,0
28.175,4032,270,0
28.183,4032,270,0
28.192,4032,270,0
28.200,4026,266,0
28.208,4019,266,0
28.217,4019,266,0
28.225,4016,263,0
28.233,4005,258,0
28.242,4000,258,0
28.250,4000,258,0
28.258,4000,258,0
28.267,4000,258,0
28.275,4000,258,0
28.283,4000,258,0
28.292,4000,258,0
28.300,4000,258,0
28.308,4000,258,0
28.317,4000,258,0
28.325,4000,258,0
28.333,4000,258,0
28.342,4000,258,0
28.350,4000,258,0
28.358,3997,258,0
28.367,4015,258,0
28.375,3964,258,0
28.383,3964,258,0
28.392,3965,258,0
28.400,3965,258,0
28.408,3965,258,0
28.417,3965,258,0
28.425,3965,258,0
28.433,3965,258,0
28.442,3968,258,0
28.450,3968,258,0
28.458,3984,257,0
28.467,3979,257,0
28.475,3973,257,0
28.483,3973,257,0
28.492,3973,257,0
28.500,3973,257,0
28.508,3973,257,0
28.517,4032,269,0
28.525,4065,269,0
28.533,4047,269,0
28.542,4047,269,0
28.550,4047,269,0
28.558,4027,269,0
28.567,4030,269,0
28.575,4030,269,0
28.583,4033,269,0
28.592,4033,269,0
28.600,4030,269,0
28.608,4030,269,0
28.617,4027,269,0
28.625,4027,269,0
28.633,4027,269,0
28.642,4023,269,0
28.650,4023,269,0
28.658,4023,269,0
28.667,4018,269,0
28.675,4018,269,0
28.683,4018,269,0
28.692,4018,269,0
28.700,4021,269,0
28.708,4021,269,0
28.717,4016,266,0
28.725,4010,266,0
28.733,4004,266,0
28.742,4004,266,0
28.750,4011,270,0
28.758,4011,270,0
28.767,4011,270,0
28.775,4005,266,0
28.783,3998,266,0
28.792,3998,266,0
28.800,3992,263,0
28.808,3988,263,0
28.817,3980,258,0
28.825,3970,258,0
28.833,3970,258,0
28.842,3970,258,0
28.850,3982,256,0
28.858,3972,256,0
28.867,3972,256,0
28.875,3972,256,0
28.883,3972,256,0
28.892,3942,256,0
28.900,3942,256,0
28.908,3942,256,0
28.917,3942,256,0
28.925,3942,256,0
28.933,3945,256,0
28.942,3945,256,0
28.950,3945,256,0
28.958,3945,256,0
28.967,3943,256,0
28.975,3943,256,0
28.983,3943,256,0
28.992,3943,256,0
29.000,3943,256,0
29.008,3943,256,0
29.017,3943,256,0
29.025,3943,256,0
29.033,3953,256,0
29.042,3953,256,0
29.050,3953,256,0
29.058,3953,256,0
29.067,3956,256,0
29.075,3956,256,0
29.083,3956,256,0
29.092,4015,268,0
29.100,4015,268,0
29.108,4015,268,0
29.117,4005,262,0
29.125,3993,262,0
29.133,3976,262,0
29.142,3976,262,0
29.150,3976,262,0
29.158,3976,262,0
29.167,3970,262,0
29.175,3970,262,0
29.183,3970,262,0
29.192,3970,262,0
29.200,3973,262,0
29.208,3973,262,0
29.217,3976,262,0
29.225,3972,262,0
29.233,3972,262,0
29.242,3970,262,0
29.250,3970,262,0
29.258,3970,262,0
29.267,3973,262,0
29.275,3973,262,0
29.283,3976,262,0
29.292,3976,262,0
29.300,3973,262,0
29.308,3973,262,0
29.317,3967,262,0
29.325,3967,262,0
29.333,3967,262,0
29.342,3967,262,0
29.350,3967,262,0
29.358,3961,258,0
29.367,3951,258,0
29.375,3951,258,0
29.383,3948,255,0
29.392,3937,250,0
29.400,3932,250,0
29.408,3932,250,0
29.417,3932,250,0
29.425,3932,250,0
29.433,3929,250,0
29.442,3929,250,0
29.450,3926,250,0
29.458,3926,250,0
29.467,3929,250,0
29.475,3929,250,0
29.483,3929,250,0
29.492,3929,250,0
29.500,3926,250,0
29.508,3926,250,0
29.517,3923,250,0
29.525,3923,250,0
29.533,3923,250,0
29.542,3921,250,0
29.550,3927,249,0
29.558,3922,249,0
29.567,3922,249,0
29.575,3922,249,0
29.583,3922,249,0
29.592,3922,249,0
29.600,3922,249,0
29.608,3922,249,0
29.617,3932,249,0
29.625,3932,249,0
29.633,3935,249,0
29.642,3935,249,0
29.650,3935,249,0
29.658,3935,249,0
29.667,3935,249,0
29.675,3994,261,0
29.683,3994,261,0
29.692,3994,261,0
29.700,3991,261,0
29.708,3991,261,0
29.717,3971,261,0
29.725,3971,261,0
29.733,3971,261,0
29.742,3971,261,0
29.750,3971,261,0
29.758,3971,261,0
29.767,3974,261,0
29.775,3974,261,0
29.783,3974,261,0
29.792,3974,261,0
29.800,3974,261,0
29.808,3970,261,0
29.817,3963,258,0
29.825,3957,258,0
29.833,3960,258,0
29.842,3960,258,0
29.850,3970,262,0
29.858,3970,262,0
29.867,3964,262,0
29.875,3964,262,0
29.883,3964,262,0
29.892,3964,262,0
29.900,3958,262,0
29.908,3958,262,0
29.917,3961,262,0
29.925,3961,262,0
29.933,3961,262,0
29.942,3955,258,0
29.950,3948,258,0
29.958,3948,258,0
29.967,3948,255,0
29.975,3913,226,0
29.983,3872,226,0
29.992,3872,226,0
30.000,3869,226,0
30.008,3869,226,0
30.017,3869,226,0
30.025,3869,226,0
30.033,3869,226,0
30.042,3869,226,0
30.050,3869,226,0
30.058,3869,226,0
30.067,3866,226,0
30.075,3866,226,0
30.083,3866,226,0
30.092,3866,226,0
30.100,3869,226,0
30.108,3869,226,0
30.117,3869,226,0
30.125,3869,226,0
30.133,3867,226,0
30.142,3867,226,0
30.150,3864,226,0
30.158,3864,226,0
30.167,3864,226,0
30.175,3864,226,0
30.183,3864,226,0
30.192,3864,226,0
30.200,3871,226,0
30.208,3871,226,0
30.217,3868,226,0
30.225,3868,226,0
30.233,3868,226,0
30.242,3868,226,0
30.250,3868,226,0
30.258,3937,238,0
30.267,3937,238,0
30.275,3937,238,0
30.283,3940,238,0
30.292,3940,238,0
30.300,3920,238,0
30.308,3920,238,0
30.317,3920,238,0
30.325,3920,238,0
30.333,3923,238,0
30.342,3923,238,0
30.350,3923,238,0
30.358,3923,238,0
30.367,3923,238,0
30.375,3923,238,0
30.383,3923,238,0
30.392,3919,238,0
30.400,3919,238,0
30.408,3917,238,0
30.417,3917,238,0
30.425,3917,238,0
30.433,3917,238,0
30.442,3917,238,0
30.450,3917,238,0
30.458,3917,238,0
30.467,3920,238,0
30.475,3920,238,0
30.483,3914,238,0
30.492,3914,238,0
30.500,3914,238,0
30.508,3914,238,0
30.517,3911,238,0
30.525,3905,234,0
30.533,3901,234,0
30.542,3901,234,0
30.550,3901,231,0
30.558,3890,226,0
30.567,3876,226,0
30.575,3876,226,0
30.583,3876,226,0
30.592,3876,226,0
30.600,3876,226,0
30.608,3876,226,0
30.617,3879,226,0
30.625,3879,226,0
30.633,3879,226,0
30.642,3879,226,0
30.650,3885,225,0
30.658,3880,225,0
30.667,3883,225,0
30.675,3883,225,0
30.683,3886,225,0
30.692,3886,225,0
30.700,3883,225,0
30.708,3881,225,0
30.717,3881,225,0
30.725,3881,225,0
30.733,3881,225,0
30.742,3881,225,0
30.750,3881,225,0
30.758,3881,225,0
30.767,3878,225,0
30.775,3878,225,0
30.783,3885,225,0
30.792,3885,225,0
30.800,3888,225,0
30.808,3888,225,0
30.817,3888,225,0
30.825,3888,225,0
30.833,3888,225,0
30.842,3965,237,0
30.850,3962,237,0
30.858,3962,237,0
30.867,3962,237,0
30.875,3962,237,0
30.883,3942,237,0
30.892,3939,237,0
30.900,3939,237,0
30.908,3931,234,0
30.917,3925,234,0
30.925,3925,234,0
30.933,3922,234,0
30.942,3932,238,0
30.950,3932,238,0
30.958,3932,238,0
30.967,3928,238,0
30.975,3928,238,0
30.983,3926,238,0
30.992,3945,242,0
31.000,3945,242,0
31.008,3945,242,0
31.017,3945,242,0
31.025,3954,244,0
31.033,3954,244,0
31.042,3904,204,0
31.050,3854,204,0
31.058,3848,204,0
31.067,3848,204,0
31.075,3848,204,0
31.083,3848,204,0
31.092,3848,204,0
31.100,3842,200,0
31.108,3835,200,0
31.117,3835,200,0
31.125,3832,197,0
31.133,3828,197,0
31.142,3823,192,0
31.150,3813,192,0
31.158,3816,192,0
31.167,3816,192,0
31.175,3816,192,0
31.183,3816,192,0
31.192,3816,192,0
31.200,3816,192,0
31.208,3816,192,0
31.217,3816,192,0
31.225,3819,192,0
31.233,3819,192,0
31.242,3819,192,0
31.250,3819,192,0
31.258,3813,192,0
31.267,3813,192,0
31.275,3813,192,0
31.283,3811,192,0
31.292,3811,192,0
31.300,3811,192,0
31.308,3814,192,0
31.317,3814,192,0
31.325,3814,192,0
31.333,3814,192,0
31.342,3814,192,0
31.350,3814,192,0
31.358,3830,192,0
31.367,3830,192,0
31.375,3833,192,0
31.383,3833,192,0
31.392,3830,192,0
31.400,3830,192,0
31.408,3830,192,0
31.417,3904,204,0
31.425,3904,204,0
31.433,3904,204,0
31.442,3904,204,0
31.450,3901,204,0
31.458,3881,204,0
31.467,3881,204,0
31.475,3881,204,0
31.483,3884,204,0
31.492,3884,204,0
31.500,3884,204,0
31.508,3884,204,0
31.517,3884,204,0
31.525,3884,204,0
31.533,3881,204,0
31.542,3877,204,0
31.550,3877,204,0
31.558,3877,204,0
31.567,3878,204,0
31.575,3869,204,0
31.583,3863,204,0
31.592,3863,204,0
31.600,3860,204,0
31.608,3860,204,0
31.617,3863,204,0
31.625,3863,204,0
31.633,3857,204,0
31.642,3857,204,0
31.650,3857,204,0
31.658,3857,204,0
31.667,3857,204,0
31.675,3851,200,0
31.683,3844,200,0
31.692,3844,200,0
31.700,3841,197,0
31.708,3837,197,0
31.717,3835,192,0
31.725,3825,192,0
31.733,3831,191,0
31.742,3826,191,0
31.750,3824,189,0
31.758,3830,190,0
31.767,3827,190,0
31.775,3827,190,0
31.783,3827,190,0
31.792,3827,190,0
31.800,3827,190,0
31.808,3827,190,0
31.817,3827,190,0
31.825,3827,190,0
31.833,3827,190,0
31.842,3827,190,0
31.850,3827,190,0
31.858,3827,190,0
31.867,3825,190,0
31.875,3825,190,0
31.883,3825,190,0
31.892,3825,190,0
31.900,3825,190,0
31.908,3825,190,0
31.917,3828,190,0
31.925,3828,190,0
31.933,3838,190,0
31.942,3838,190,0
31.950,3832,190,0
31.958,3832,190,0
31.967,3832,190,0
31.975,3832,190,0
31.983,3832,190,0
31.992,3906,202,0
32.000,3904,199,0
32.008,3898,199,0
32.017,3898,199,0
32.025,4028,251,0
32.033,3998,251,0
32.042,4001,251,0
32.050,4001,251,0
32.058,4004,251,0
32.067,4004,251,0
32.075,4001,251,0
32.083,4001,251,0
32.092,4001,251,0
32.100,4001,251,0
32.108,4001,251,0
32.117,3997,251,0
32.125,3992,251,0
32.133,3990,251,0
32.142,3987,251,0
32.150,3987,251,0
32.158,3987,251,0
32.167,3987,251,0
32.175,3990,251,0
32.183,3990,251,0
32.192,3990,251,0
32.200,3990,251,0
32.208,3984,251,0
32.217,3984,251,0
32.225,3981,251,0
32.233,3981,251,0
32.242,3981,251,0
32.250,3975,247,0
32.258,3968,247,0
32.267,3968,247,0
32.275,3962,244,0
32.283,3958,244,0
32.292,3950,239,0
32.300,3940,239,0
32.308,3940,239,0
32.317,3940,239,0
32.325,3940,239,0
32.333,3940,239,0
32.342,3940,239,0
32.350,3940,239,0
32.358,3940,239,0
32.367,3940,239,0
32.375,3940,239,0
32.383,3940,239,0
32.392,3940,239,0
32.400,3940,239,0
32.408,3943,239,0
32.417,3943,239,0
32.425,3946,239,0
32.433,3946,239,0
32.442,3944,239,0
32.450,3944,239,0
32.458,3944,239,0
32.467,3944,239,0
32.475,3944,239,0
32.483,3944,239,0
32.492,3944,239,0
32.500,3944,239,0
32.508,3954,239,0
32.517,3954,239,0
32.525,3954,239,0
32.533,3954,239,0
32.542,3957,239,0
32.550,3957,239,0
32.558,3957,239,0
32.567,4031,251,0
32.575,4031,251,0
32.583,4031,251,0
32.592,4031,251,0
32.600,4034,251,0
32.608,3999,251,0
32.617,3999,251,0
32.625,3999,251,0
32.633,3993,251,0
32.642,3993,251,0
32.650,3990,251,0
32.658,3990,251,0
32.667,3990,251,0
32.675,3990,251,0
32.683,3996,251,0
32.692,3992,251,0
32.700,3992,251,0
32.708,3992,251,0
32.717,3990,251,0
32.725,3990,251,0
32.733,3993,251,0
32.742,3993,251,0
32.750,3996,251,0
32.758,3996,251,0
32.767,3993,251,0
32.775,3993,251,0
32.783,3987,251,0
32.792,3987,251,0
32.800,3987,251,0
32.808,3987,251,0
32.817,3987,251,0
32.825,3981,247,0
32.833,3989,244,0
32.842,3974,244,0
32.850,3971,241,0
32.858,3967,241,0
32.867,3965,236,0
32.875,3955,236,0
32.883,3955,236,0
32.892,3955,236,0
32.900,3955,236,0
32.908,3955,236,0
32.917,3949,236,0
32.925,3949,236,0
32.933,3949,236,0
32.942,3949,236,0
32.950,3949,236,0
32.958,3946,236,0
32.967,3946,236,0
32.975,3943,236,0
32.983,3943,236,0
32.992,3943,236,0
33.000,3943,236,0
33.008,3943,236,0
33.017,3941,236,0
33.025,3941,236,0
33.033,3941,236,0
33.042,3941,236,0
33.050,3941,236,0
33.058,3941,236,0
33.067,3941,236,0
33.075,3951,236,0
33.083,3951,236,0
33.092,3939,227,0
33.100,3921,227,0
33.108,3931,231,0
33.117,3931,231,0
33.125,3931,231,0
33.133,4005,243,0
33.142,4005,243,0
33.150,4005,243,0
33.158,4005,243,0
33.167,4005,243,0
33.175,3965,238,0
33.183,3955,238,0
33.192,3955,238,0
33.200,3955,238,0
33.208,3955,238,0
33.217,3958,238,0
33.225,3958,238,0
33.233,3958,238,0
33.242,3958,238,0
33.250,3958,238,0
33.258,3954,238,0
33.267,3954,238,0
33.275,3954,238,0
33.283,3955,238,0
33.292,3955,238,0
33.300,3955,238,0
33.308,3955,238,0
33.317,3949,238,0
33.325,3949,238,0
33.333,3949,238,0
33.342,3949,238,0
33.350,3943,238,0
33.358,3943,238,0
33.367,3946,238,0
33.375,3946,238,0
33.383,3946,238,0
33.392,3940,234,0
33.400,3933,234,0
33.408,3933,234,0
33.417,3933,231,0
33.425,3929,231,0
33.433,3927,226,0
33.442,3917,226,0
33.450,3914,226,0
33.458,3914,226,0
33.467,3914,226,0
33.475,3914,226,0
33.483,3917,226,0
33.492,3917,226,0
33.500,3917,226,0
33.508,3917,226,0
33.517,3914,226,0
33.525,3914,226,0
33.533,3914,226,0
33.542,3914,226,0
33.550,3917,226,0
33.558,3917,226,0
33.567,3917,226,0
33.575,3915,226,0
33.583,3915,226,0
33.592,3915,226,0
33.600,3912,226,0
33.608,3912,226,0
33.617,3912,226,0
33.625,3912,226,0
33.633,3912,226,0
33.642,3912,226,0
33.650,3919,226,0
33.658,3919,226,0
33.667,3916,226,0
33.675,3916,226,0
33.683,3916,226,0
33.692,3916,226,0
33.700,3916,226,0
33.708,3993,238,0
33.717,3990,238,0
33.725,3990,238,0
33.733,3990,238,0
33.742,3993,238,0
33.750,3958,238,0
33.758,3958,238,0
33.767,3958,238,0
33.775,3961,238,0
33.783,3961,238,0
33.792,3961,238,0
33.800,3958,238,0
33.808,3958,238,0
33.817,3958,238,0
33.825,3958,238,0
33.833,3954,238,0
33.842,3954,238,0
33.850,3952,238,0
33.858,3952,238,0
33.867,3952,238,0
33.875,3952,238,0
33.883,3952,238,0
33.892,3952,238,0
33.900,3952,238,0
33.908,3961,237,0
33.917,3956,237,0
33.925,3950,237,0
33.933,3950,237,0
33.942,3950,237,0
33.950,3950,237,0
33.958,3950,237,0
33.967,3944,233,0
33.975,3937,233,0
33.983,3937,233,0
33.992,3934,230,0
34.000,3930,230,0
34.008,3919,225,0
34.017,3909,225,0
34.025,3909,225,0
34.033,3909,225,0
34.042,3909,225,0
34.050,3909,225,0
34.058,3912,225,0
34.067,3912,225,0
34.075,3912,225,0
34.083,3912,225,0
34.092,3912,225,0
34.100,3912,225,0
34.108,3915,225,0
34.117,3915,225,0
34.125,3918,225,0
34.133,3918,225,0
34.142,3915,225,0
34.150,3913,225,0
34.158,3913,225,0
34.167,3913,225,0
34.175,3908,222,0
34.183,3902,222,0
34.192,3912,226,0
34.200,3912,226,0
34.208,3909,226,0
34.217,3909,226,0
34.225,3919,226,0
34.233,3919,226,0
34.242,3922,226,0
34.250,3922,226,0
34.258,3922,226,0
34.267,3922,226,0
34.275,3922,226,0
34.283,3996,238,0
34.292,3993,238,0
34.300,3993,238,0
34.308,3993,238,0
34.317,3993,238,0
34.325,3958,238,0
34.333,3955,238,0
34.342,3955,238,0
34.350,3952,238,0
34.358,3952,238,0
34.367,3952,238,0
34.375,3952,238,0
34.383,3952,238,0
34.392,3952,238,0
34.400,3952,238,0
34.408,3948,238,0
34.417,3948,238,0
34.425,3948,238,0
34.433,3946,238,0
34.442,3946,238,0
34.450,3946,238,0
34.458,3946,238,0
34.467,3949,238,0
34.475,3949,238,0
34.483,3949,238,0
34.492,3949,238,0
34.500,3943,238,0
34.508,3943,238,0
34.517,3943,238,0
34.525,3943,238,0
34.533,3943,238,0
34.542,3937,234,0
34.550,3933,234,0
34.558,3933,234,0
34.567,3930,231,0
34.575,3926,231,0
34.583,3921,226,0
34.592,3911,226,0
34.600,3914,226,0
34.608,3914,226,0
34.617,3914,226,0
34.625,3914,226,0
34.633,3914,226,0
34.642,3914,226,0
34.650,3914,226,0
34.658,3914,226,0
34.667,3917,226,0
34.675,3917,226,0
34.683,3917,226,0
34.692,3917,226,0
34.700,3911,226,0
34.708,3911,226,0
34.717,3911,226,0
34.725,3911,226,0
34.733,3909,226,0
34.742,3909,226,0
34.750,3912,226,0
34.758,3912,226,0
34.767,3912,226,0
34.775,3912,226,0
34.783,3909,226,0
34.792,3909,226,0
34.800,3922,226,0
34.808,3922,226,0
34.817,3928,226,0
34.825,3928,226,0
34.833,3925,226,0
34.842,3925,226,0
34.850,3925,226,0
34.858,3999,238,0
34.867,3999,238,0
34.875,3999,238,0
34.883,3999,238,0
34.892,3996,238,0
34.900,3961,238,0
34.908,3961,238,0
34.917,3961,238,0
34.925,3964,238,0
34.933,3964,238,0
34.942,3964,238,0
34.950,3964,238,0
34.958,3964,238,0
34.967,3964,238,0
34.975,3961,238,0
34.983,3957,238,0
34.992,3911,197,0
35.000,3856,197,0
35.008,3856,197,0
35.017,3856,197,0
35.025,3853,197,0
35.033,3853,197,0
35.042,3847,197,0
35.050,3847,197,0
35.058,3847,197,0
35.067,3847,197,0
35.075,3841,197,0
35.083,3841,197,0
35.092,3841,197,0
35.100,3841,197,0
35.108,3841,197,0
35.117,3835,193,0
35.125,3828,193,0
35.133,3828,193,0
35.142,3825,190,0
35.150,3821,190,0
35.158,3819,185,0
35.167,3809,185,0
35.175,3809,185,0
35.183,3809,185,0
35.192,3828,189,0
35.200,3828,189,0
35.208,3828,189,0
35.217,3828,189,0
35.225,3828,189,0
35.233,3828,189,0
35.242,3828,189,0
35.250,3828,189,0
35.258,3823,186,0
35.267,3817,186,0
35.275,3827,190,0
35.283,3827,190,0
35.292,3830,190,0
35.300,3830,190,0
35.308,3828,190,0
35.317,3828,190,0
35.325,3828,190,0
35.333,3828,190,0
35.342,3828,190,0
35.350,3828,190,0
35.358,3831,190,0
35.367,3831,190,0
35.375,3841,190,0
35.383,3841,190,0
35.392,3835,190,0
35.400,3835,190,0
35.408,3835,190,0
35.417,3835,190,0
35.425,3835,190,0
35.433,3909,202,0
35.442,3912,202,0
35.450,3912,202,0
35.458,3912,202,0
35.467,3912,202,0
35.475,3877,202,0
35.483,3880,202,0
35.492,3880,202,0
35.500,3883,202,0
35.508,3883,202,0
35.517,3880,202,0
35.525,3880,202,0
35.533,3880,202,0
35.542,3880,202,0
35.550,3880,202,0
35.558,3876,202,0
35.567,3876,202,0
35.575,3874,202,0
35.583,3871,202,0
35.592,3871,202,0
35.600,3871,202,0
35.608,3871,202,0
35.617,3877,202,0
35.625,3877,202,0
35.633,3877,202,0
35.642,3877,202,0
35.650,3871,202,0
35.658,3871,202,0
35.667,3868,202,0
35.675,3868,202,0
35.683,3868,202,0
35.692,3862,198,0
35.700,3855,198,0
35.708,3855,198,0
35.717,3849,195,0
35.725,3845,195,0
35.733,3837,190,0
35.742,3827,190,0
35.750,3827,190,0
35.758,3827,190,0
35.767,3827,190,0
35.775,3827,190,0
35.783,3827,190,0
35.792,3827,190,0
35.800,3827,190,0
35.808,3827,190,0
35.817,3827,190,0
35.825,3827,190,0
35.833,3827,190,0
35.842,3827,190,0
35.850,3827,190,0
35.858,3827,190,0
35.867,3827,190,0
35.875,3827,190,0
35.883,3828,190,0
35.892,3828,190,0
35.900,3828,190,0
35.908,3828,190,0
35.917,3828,190,0
35.925,3828,190,0
35.933,3828,190,0
35.942,3831,190,0
35.950,3832,190,0
35.958,3832,190,0
35.967,3832,190,0
35.975,3832,190,0
35.983,3955,238,0
35.992,3955,238,0
36.000,3955,238,0
36.008,4029,250,0
36.017,4029,250,0
36.025,4029,250,0
36.033,4029,250,0
36.042,4032,250,0
36.050,3997,250,0
36.058,3997,250,0
36.067,3997,250,0
36.075,3997,249,0
36.083,3992,249,0
36.092,3992,249,0
36.100,3992,249,0
36.108,3989,249,0
36.117,3989,249,0
36.125,4011,253,0
36.133,4007,253,0
36.142,4007,253,0
36.150,4005,253,0
36.158,4005,253,0
36.167,4005,253,0
36.175,4008,253,0
36.183,4013,253,0
36.192,4013,253,0
36.200,4013,253,0
36.208,4010,253,0
36.217,4010,253,0
36.225,4004,253,0
36.233,4004,253,0
36.242,4004,253,0
36.250,4004,253,0
36.258,4004,253,0
36.267,3998,249,0
36.275,3988,249,0
36.283,3988,249,0
36.292,3985,246,0
36.300,3981,246,0
36.308,3979,241,0
36.317,3969,241,0
36.325,3969,241,0
36.333,3969,241,0
36.342,3964,238,0
36.350,3958,238,0
36.358,3965,242,0
36.367,3965,242,0
36.375,3965,242,0
36.383,3965,242,0
36.392,3965,242,0
36.400,3965,242,0
36.408,3962,242,0
36.417,3962,242,0
36.425,3959,242,0
36.433,3959,242,0
36.442,3959,242,0
36.450,3957,242,0
36.458,3957,242,0
36.467,3957,242,0
36.475,3957,242,0
36.483,3957,242,0
36.492,3957,242,0
36.500,3957,242,0
36.508,3957,242,0
36.517,3957,242,0
36.525,3967,242,0
36.533,3967,242,0
36.542,3970,242,0
36.550,3970,242,0
36.558,3965,242,0
36.567,3965,242,0
36.575,3965,242,0
36.583,4039,254,0
36.592,4039,254,0
36.600,4039,254,0
36.608,4039,254,0
36.617,4039,254,0
36.625,4004,254,0
36.633,4004,254,0
36.642,4004,254,0
36.650,4004,254,0
36.658,4004,254,0
36.667,4007,254,0
36.675,4007,254,0
36.683,4010,254,0
36.692,4010,254,0
36.700,4013,254,0
36.708,4000,254,0
36.717,4000,254,0
36.725,3994,250,0
36.733,3991,250,0
36.742,3991,250,0
36.750,3991,250,0
36.758,3991,250,0
36.767,4099,274,0
36.775,4099,274,0
36.783,4111,272,0
36.792,4101,272,0
36.800,4095,272,0
36.808,4095,272,0
36.817,4098,272,0
36.825,4098,272,0
36.833,4098,272,0
36.842,4092,268,0
36.850,4085,268,0
36.858,4085,268,0
36.867,4085,265,0
36.875,4081,265,0
36.883,4079,260,0
36.892,4079,261,0
36.900,4073,261,0
36.908,4070,261,0
36.917,4070,261,0
36.925,4070,261,0
36.933,4070,261,0
36.942,4073,261,0
36.950,4073,261,0
36.958,4070,261,0
36.967,4070,261,0
36.975,4070,261,0
36.983,4070,261,0
36.992,4073,261,0
37.000,4073,261,0
37.008,4073,261,0
37.017,4073,261,0
37.025,4073,261,0
37.033,4071,261,0
37.042,4058,255,0
37.050,4046,255,0
37.058,4046,255,0
37.067,4046,255,0
37.075,4046,255,0
37.083,4046,255,0
37.092,4053,255,0
37.100,4053,255,0
37.108,4050,255,0
37.117,4050,255,0
37.125,4050,255,0
37.133,4050,255,0
37.142,4050,255,0
37.150,4124,267,0
37.158,4130,266,0
37.167,4125,266,0
37.175,4122,266,0
37.183,4124,266,0
37.192,4089,266,0
37.200,4089,266,0
37.208,4089,266,0
37.217,4092,266,0
37.225,4092,266,0
37.233,4110,266,0
37.242,4051,266,0
37.250,4051,266,0
37.258,4051,266,0
37.267,4051,266,0
37.275,4047,266,0
37.283,4045,266,0
37.292,4045,266,0
37.300,4045,266,0
37.308,4045,266,0
37.317,4045,266,0
37.325,4045,266,0
37.333,4043,266,0
37.342,4046,266,0
37.350,4046,266,0
37.358,4040,266,0
37.367,4040,266,0
37.375,4040,266,0
37.383,4040,266,0
37.392,4040,266,0
37.400,4064,262,0
37.408,4037,259,0
37.417,4031,259,0
37.425,4038,260,0
37.433,4034,260,0
37.442,4023,255,0
37.450,4013,255,0
37.458,4013,255,0
37.467,4013,255,0
37.475,4013,255,0
37.483,4013,255,0
37.492,4016,255,0
37.500,4016,255,0
37.508,4016,255,0
37.517,4016,255,0
37.525,4016,255,0
37.533,4016,255,0
37.542,4019,255,0
37.550,4019,255,0
37.558,4022,255,0
37.567,4022,255,0
37.575,4019,255,0
37.583,4019,255,0
37.592,4017,255,0
37.600,4017,255,0
37.608,4017,255,0
37.617,4017,255,0
37.625,4017,255,0
37.633,4017,255,0
37.642,4014,255,0
37.650,4014,255,0
37.658,4024,255,0
37.667,4024,255,0
37.675,4027,255,0
37.683,4027,255,0
37.692,4027,255,0
37.700,4027,255,0
37.708,4027,255,0
37.717,4106,267,0
37.725,4103,267,0
37.733,4106,267,0
37.742,4106,267,0
37.750,4071,267,0
37.758,4071,267,0
37.767,4038,267,0
37.775,4038,267,0
37.783,4035,267,0
37.792,4035,267,0
37.800,4035,267,0
37.808,4035,267,0
37.817,4035,267,0
37.825,4035,267,0
37.833,4031,267,0
37.842,4031,267,0
37.850,4029,267,0
37.858,4029,267,0
37.867,4029,267,0
37.875,4029,267,0
37.883,4029,267,0
37.892,4032,267,0
37.900,4032,267,0
37.908,4032,267,0
37.917,4032,267,0
37.925,4026,267,0
37.933,4026,267,0
37.942,4026,267,0
37.950,4026,267,0
37.958,4023,267,0
37.967,4017,263,0
37.975,4010,263,0
37.983,4010,263,0
37.992,4010,260,0
38.000,4006,260,0
38.008,4001,255,0
38.017,3991,255,0
38.025,3994,255,0
38.033,3994,255,0
38.042,3994,255,0
38.050,3994,255,0
38.058,3994,255,0
38.067,3994,255,0
38.075,3994,255,0
38.083,3994,255,0
38.092,3997,255,0
38.100,3997,255,0
38.108,3997,255,0
38.117,3997,255,0
38.125,3991,255,0
38.133,3991,255,0
38.142,3991,255,0
38.150,3989,255,0
38.158,3989,255,0
38.167,3989,255,0
38.175,3992,255,0
38.183,3992,255,0
38.192,3992,255,0
38.200,3992,255,0
38.208,3992,255,0
38.217,3992,255,0
38.225,4008,254,0
38.233,4003,254,0
38.242,4006,254,0
38.250,4006,254,0
38.258,4003,254,0
38.267,4003,254,0
38.275,4003,254,0
38.283,4082,266,0
38.292,4077,261,0
38.300,4067,261,0
38.308,4067,261,0
38.317,4064,261,0
38.325,4029,261,0
38.333,4029,261,0
38.342,4029,261,0
38.350,4032,261,0
38.358,4032,261,0
38.367,4032,261,0
38.375,4032,261,0
38.383,4032,261,0
38.392,4032,261,0
38.400,4029,261,0
38.408,4025,261,0
38.417,4025,261,0
38.425,4023,261,0
38.433,4023,261,0
38.442,4023,261,0
38.450,4020,261,0
38.458,4020,261,0
38.467,4017,261,0
38.475,4017,261,0
38.483,4012,258,0
38.492,4006,258,0
38.500,4010,262,0
38.508,4010,262,0
38.517,4010,262,0
38.525,4010,262,0
38.533,4010,262,0
38.542,4004,258,0
38.550,3997,258,0
38.558,3997,258,0
38.567,3994,255,0
38.575,3990,255,0
38.583,3988,250,0
38.592,3978,250,0
38.600,3978,250,0
38.608,3978,250,0
38.617,3978,250,0
38.625,3978,250,0
38.633,3978,250,0
38.642,3978,250,0
38.650,3978,250,0
38.658,3978,250,0
38.667,3978,250,0
38.675,3978,250,0
38.683,3978,250,0
38.692,3978,250,0
38.700,3978,250,0
38.708,3978,250,0
38.717,3981,250,0
38.725,3979,250,0
38.733,3979,250,0
38.742,3979,250,0
38.750,3979,250,0
38.758,3979,250,0
38.767,3979,250,0
38.775,3979,250,0
38.783,3982,250,0
38.792,3982,250,0
38.800,3995,250,0
38.808,3995,250,0
38.817,3989,250,0
38.825,3965,226,0
38.833,3929,226,0
38.842,3929,226,0
38.850,3929,226,0
38.858,4011,238,0
38.867,4011,238,0
38.875,4011,238,0
38.883,4011,238,0
38.892,4011,238,0
38.900,3976,238,0
38.908,3979,238,0
38.917,3979,238,0
38.925,3932,198,0
38.933,3882,198,0
38.942,3879,198,0
38.950,3879,198,0
38.958,3879,198,0
38.967,3879,198,0
38.975,3879,198,0
38.983,3875,198,0
38.992,3875,198,0
39.000,3875,198,0
39.008,3870,198,0
39.017,3870,198,0
39.025,3867,198,0
39.033,3867,198,0
39.042,3870,198,0
39.050,3870,198,0
39.058,3873,198,0
39.067,3873,198,0
39.075,3867,198,0
39.083,3864,198,0
39.092,3864,198,0
39.100,3864,198,0
39.108,3870,200,0
39.117,3864,196,0
39.125,3857,196,0
39.133,3857,196,0
39.142,3851,193,0
39.150,3847,193,0
39.158,3839,188,0
39.167,3829,188,0
39.175,3829,188,0
39.183,3829,188,0
39.192,3829,188,0
39.200,3829,188,0
39.208,3829,188,0
39.217,3829,188,0
39.225,3829,188,0
39.233,3829,188,0
39.242,3829,188,0
39.250,3829,188,0
39.258,3829,188,0
39.267,3829,188,0
39.275,3832,188,0
39.283,3832,188,0
39.292,3829,188,0
39.300,3829,188,0
39.308,3833,187,0
39.317,3828,187,0
39.325,3828,187,0
39.333,3828,187,0
39.342,3828,187,0
39.350,3828,187,0
39.358,3828,187,0
39.367,3828,187,0
39.375,3838,187,0
39.383,3838,187,0
39.392,3841,187,0
39.400,3841,187,0
39.408,3920,199,0
39.417,3920,199,0
39.425,3920,199,0
39.433,3920,199,0
39.442,3883,199,0
39.450,3883,199,0
39.458,3883,199,0
39.467,3877,199,0
39.475,3877,199,0
39.483,3877,199,0
39.492,3877,199,0
39.500,3877,199,0
39.508,3877,199,0
39.517,3880,199,0
39.525,3876,199,0
39.533,3871,196,0
39.542,3865,196,0
39.550,3875,200,0
39.558,3873,200,0
39.567,3876,200,0
39.575,3876,200,0
39.583,3879,200,0
39.592,3879,200,0
39.600,3876,200,0
39.608,3876,200,0
39.617,3870,200,0
39.625,3870,200,0
39.633,3870,200,0
39.642,3870,200,0
39.650,3870,200,0
39.658,3864,196,0
39.667,3854,196,0
39.675,3854,196,0
39.683,3854,196,0
39.692,3851,193,0
39.700,3845,188,0
39.708,3835,188,0
39.717,3835,188,0
39.725,3835,188,0
39.733,3835,188,0
39.742,3835,188,0
39.750,3832,188,0
39.758,3832,188,0
39.767,3832,188,0
39.775,3832,188,0
39.783,3832,188,0
39.792,3832,188,0
39.800,3827,186,0
39.808,3823,186,0
39.817,3820,186,0
39.825,3820,186,0
39.833,3823,186,0
39.842,3823,186,0
39.850,3821,186,0
39.858,3821,186,0
39.867,3821,186,0
39.875,3821,186,0
39.883,3941,234,0
39.892,3941,234,0
39.900,3941,234,0
39.908,3941,234,0
39.917,3941,234,0
39.925,3941,234,0
39.933,3954,234,0
39.942,3954,234,0
39.950,3954,234,0
39.958,3954,234,0
39.967,3954,234,0
39.975,3954,234,0
39.983,3954,234,0
39.992,4033,246,0
40.000,4033,246,0
40.008,4033,246,0
40.017,3993,246,0
40.025,3993,246,0
40.033,3993,246,0
40.042,3993,246,0
40.050,3993,246,0
40.058,3993,246,0
40.067,3993,246,0
40.075,3993,246,0
40.083,3993,246,0
40.092,3993,246,0
40.100,3996,246,0
40.108,3996,246,0
40.117,3996,246,0
40.125,3992,246,0
40.133,3995,246,0
40.142,3993,246,0
40.150,3993,246,0
40.158,3987,246,0
40.167,3987,246,0
40.175,3987,246,0
40.183,3987,246,0
40.192,3987,246,0
40.200,3987,246,0
40.208,3987,246,0
40.217,3984,246,0
40.225,3984,246,0
40.233,3984,246,0
40.242,3984,246,0
40.250,3978,242,0
40.258,3971,242,0
40.267,3974,242,0
40.275,3977,242,0
40.283,3976,239,0
40.292,3965,234,0
40.300,3952,234,0
40.308,3952,234,0
40.317,3952,234,0
40.325,3952,234,0
40.333,3949,234,0
40.342,3949,234,0
40.350,3949,234,0
40.358,3955,233,0
40.367,3947,233,0
40.375,3947,233,0
40.383,3947,233,0
40.392,3950,233,0
40.400,3950,233,0
40.408,3950,233,0
40.417,3950,233,0
40.425,3950,233,0
40.433,3948,233,0
40.442,3948,233,0
40.450,3945,233,0
40.458,3945,233,0
40.467,3945,233,0
40.475,3945,233,0
40.483,3945,233,0
40.492,3945,233,0
40.500,3942,233,0
40.508,3949,233,0
40.517,3949,233,0
40.525,3949,233,0
40.533,3949,233,0
40.542,3949,233,0
40.550,3949,233,0
40.558,3949,233,0
40.567,4023,245,0
40.575,4023,245,0
40.583,4023,245,0
40.592,3983,245,0
40.600,3983,245,0
40.608,3983,245,0
40.617,3981,242,0
40.625,3975,242,0
40.633,3985,246,0
40.642,3985,246,0
40.650,3985,246,0
40.658,3985,246,0
40.667,3985,246,0
40.675,3985,246,0
40.683,3997,244,0
40.692,3983,244,0
40.700,3983,244,0
40.708,3983,244,0
40.717,3981,244,0
40.725,3981,244,0
40.733,3981,244,0
40.742,3981,244,0
40.750,3984,244,0
40.758,3984,244,0
40.767,3984,244,0
40.775,3984,244,0
40.783,3978,244,0
40.792,3978,244,0
40.800,3978,244,0
40.808,3978,244,0
40.817,3981,244,0
40.825,3975,240,0
40.833,3968,240,0
40.842,3968,240,0
40.850,3959,237,0
40.858,3955,237,0
40.867,3950,232,0
40.875,3940,232,0
40.883,3940,232,0
40.892,3940,232,0
40.900,3946,232,0
40.908,3946,232,0
40.917,3946,232,0
40.925,3946,232,0
40.933,3946,232,0
40.942,3946,232,0
40.950,3939,226,0
40.958,3927,226,0
40.967,3930,226,0
40.975,3930,226,0
40.983,3927,226,0
40.992,3927,226,0
41.000,3927,226,0
41.008,3925,226,0
41.017,3925,226,0
41.025,3925,226,0
41.033,3925,226,0
41.042,3925,226,0
41.050,3922,226,0
41.058,3922,226,0
41.067,3922,226,0
41.075,3922,226,0
41.083,3935,226,0
41.092,3935,226,0
41.100,3935,226,0
41.108,3935,226,0
41.117,3935,226,0
41.125,3935,226,0
41.133,3929,226,0
41.142,4008,238,0
41.150,4008,238,0
41.158,4011,238,0
41.167,3971,238,0
41.175,3968,238,0
41.183,3968,238,0
41.192,3965,238,0
41.200,3965,238,0
41.208,3984,242,0
41.217,3984,242,0
41.225,3984,242,0
41.233,3984,242,0
41.242,3984,242,0
41.250,3984,242,0
41.258,3984,242,0
41.267,3980,242,0
41.275,3980,242,0
41.283,3978,242,0
41.292,3978,242,0
41.300,3978,242,0
41.308,3981,242,0
41.317,3981,242,0
41.325,3981,242,0
41.333,3981,242,0
41.342,3981,242,0
41.350,3981,242,0
41.358,3975,242,0
41.367,3975,242,0
41.375,3975,242,0
41.383,3975,242,0
41.392,3972,242,0
41.400,3966,238,0
41.408,3959,238,0
41.417,3959,238,0
41.425,3956,235,0
41.433,3952,235,0
41.442,3956,229,0
41.450,3941,229,0
41.458,3941,229,0
41.467,3941,229,0
41.475,3941,229,0
41.483,3941,229,0
41.492,3941,229,0
41.500,3941,229,0
41.508,3944,229,0
41.517,3944,229,0
41.525,3944,229,0
41.533,3944,229,0
41.542,3938,229,0
41.550,3938,229,0
41.558,3938,229,0
41.567,3938,229,0
41.575,3938,229,0
41.583,3936,229,0
41.592,3939,229,0
41.600,3939,229,0
41.608,3939,229,0
41.617,3939,229,0
41.625,3939,229,0
41.633,3939,229,0
41.642,3942,229,0
41.650,3942,229,0
41.658,3955,229,0
41.667,3955,229,0
41.675,3952,229,0
41.683,3952,229,0
41.692,3952,229,0
41.700,3952,229,0
41.708,3947,226,0
41.717,4030,242,0
41.725,4030,242,0
41.733,4027,242,0
41.742,4027,242,0
41.750,3987,242,0
41.758,3987,242,0
41.767,3990,242,0
41.775,3993,242,0
41.783,3984,242,0
41.792,3984,242,0
41.800,3984,242,0
41.808,3981,242,0
41.817,3981,242,0
41.825,3981,242,0
41.833,3977,242,0
41.842,3977,242,0
41.850,3977,242,0
41.858,3972,242,0
41.867,3972,242,0
41.875,3969,242,0
41.883,3969,242,0
41.892,3969,242,0
41.900,3969,242,0
41.908,3969,242,0
41.917,3969,242,0
41.925,3963,242,0
41.933,3963,242,0
41.942,3963,242,0
41.950,3963,242,0
41.958,3966,242,0
41.967,3970,239,0
41.975,3960,239,0
41.983,3960,239,0
41.992,3960,236,0
42.000,3956,236,0
42.008,3951,231,0
42.017,3941,231,0
42.025,3941,231,0
42.033,3941,231,0
42.042,3941,231,0
42.050,3941,231,0
42.058,3941,231,0
42.067,3941,231,0
42.075,3941,231,0
42.083,3941,231,0
42.092,3941,231,0
42.100,3941,231,0
42.108,3941,231,0
42.117,3944,231,0
42.125,3944,231,0
42.133,3944,231,0
42.142,3944,231,0
42.150,3942,231,0
42.158,3942,231,0
42.167,3942,231,0
42.175,3942,231,0
42.183,3942,231,0
42.192,3942,231,0
42.200,3942,231,0
42.208,3942,231,0
42.217,3949,231,0
42.225,3949,231,0
42.233,3949,231,0
42.242,3949,231,0
42.250,3949,231,0
42.258,3949,231,0
42.267,3952,231,0
42.275,4031,243,0
42.283,4031,243,0
42.292,4031,243,0
42.300,4031,243,0
42.308,4034,243,0
42.317,3999,243,0
42.325,3997,243,0
42.333,3997,243,0
42.342,3994,243,0
42.350,3994,243,0
42.358,3994,243,0
42.367,3994,243,0
42.375,3994,243,0
42.383,3994,243,0
42.392,3994,243,0
42.400,3990,243,0
42.408,3987,243,0
42.417,3985,243,0
42.425,3985,243,0
42.433,3985,243,0
42.442,3985,243,0
42.450,3985,243,0
42.458,3985,243,0
42.467,3985,243,0
42.475,3985,243,0
42.483,3985,243,0
42.492,3976,243,0
42.500,3976,243,0
42.508,3982,242,0
42.517,3977,242,0
42.525,3977,242,0
42.533,3971,238,0
42.542,3961,238,0
42.550,3961,238,0
42.558,3955,235,0
42.567,3951,235,0
42.575,3946,230,0
42.583,3936,230,0
42.592,3936,230,0
42.600,3936,230,0
42.608,3936,230,0
42.617,3936,230,0
42.625,3936,230,0
42.633,3936,230,0
42.642,3936,230,0
42.650,3936,230,0
42.658,3936,230,0
42.667,3936,230,0
42.675,3939,230,0
42.683,3939,230,0
42.692,3939,230,0
42.700,3939,230,0
42.708,3939,230,0
42.717,3937,230,0
42.725,3937,230,0
42.733,3937,230,0
42.742,3937,230,0
42.750,3937,230,0
42.758,3937,230,0
42.767,3937,230,0
42.775,3932,227,0
42.783,3926,227,0
42.792,3946,231,0
42.800,3946,231,0
42.808,3949,231,0
42.817,3949,231,0
42.825,3949,231,0
42.833,3949,231,0
42.842,3899,191,0
42.850,3928,203,0
42.858,3928,203,0
42.867,3931,203,0
42.875,3931,203,0
42.883,3891,203,0
42.892,3891,203,0
42.900,3885,203,0
42.908,3885,203,0
42.917,3885,203,0
42.925,3885,203,0
42.933,3885,203,0
42.942,3888,203,0
42.950,3888,203,0
42.958,3888,203,0
42.967,3884,203,0
42.975,3884,203,0
42.983,3882,203,0
42.992,3885,203,0
43.000,3885,203,0
43.008,3891,203,0
43.017,3891,203,0
43.025,3888,203,0
43.033,3888,203,0
43.042,3888,203,0
43.050,3888,203,0
43.058,3882,203,0
43.067,3882,203,0
43.075,3882,203,0
43.083,3882,203,0
43.092,3879,203,0
43.100,3873,199,0
43.108,3866,199,0
43.117,3866,199,0
43.125,3866,196,0
43.133,3862,196,0
43.142,3857,191,0
43.150,3847,191,0
43.158,3847,191,0
43.167,3847,191,0
43.175,3844,191,0
43.183,3844,191,0
43.192,3844,191,0
43.200,3844,191,0
43.208,3844,191,0
43.217,3844,191,0
43.225,3841,191,0
43.233,3841,191,0
43.242,3835,191,0
43.250,3835,191,0
43.258,3835,191,0
43.267,3835,191,0
43.275,3838,191,0
43.283,3836,191,0
43.292,3836,191,0
43.300,3836,191,0
43.308,3836,191,0
43.317,3836,191,0
43.325,3836,191,0
43.333,3836,191,0
43.342,3836,191,0
43.350,3837,191,0
43.358,3849,191,0
43.367,3849,191,0
43.375,3849,191,0
43.383,3844,186,0
43.392,3834,186,0
43.400,3834,186,0
43.408,3834,186,0
43.417,3913,198,0
43.425,3913,198,0
43.433,3913,198,0
43.442,3913,198,0
43.450,3913,198,0
43.458,3873,198,0
43.467,3873,198,0
43.475,3873,198,0
43.483,3876,198,0
43.492,3876,198,0
43.500,3873,198,0
43.508,3873,198,0
43.517,3873,198,0
43.525,3873,198,0
43.533,3873,198,0
43.542,3869,198,0
43.550,3872,198,0
43.558,3873,198,0
43.567,3870,198,0
43.575,3870,198,0
43.583,3870,197,0
43.592,3865,197,0
43.600,3865,197,0
43.608,3865,197,0
43.617,3865,197,0
43.625,3865,197,0
43.633,3862,197,0
43.642,3863,197,0
43.650,3862,197,0
43.658,3863,197,0
43.667,3862,197,0
43.675,3856,193,0
43.683,3852,193,0
43.692,3852,193,0
43.700,3852,190,0
43.708,3848,190,0
43.717,3840,185,0
43.725,3830,185,0
43.733,3830,185,0
43.742,3830,185,0
43.750,3830,185,0
43.758,3830,185,0
43.767,3830,185,0
43.775,3831,185,0
43.783,3846,189,0
43.792,3846,189,0
43.800,3846,189,0
43.808,3846,189,0
43.817,3969,237,0
43.825,3969,237,0
43.833,3969,237,0
43.842,3969,237,0
43.850,3964,234,0
43.858,3956,234,0
43.867,3963,238,0
43.875,3963,238,0
43.883,3963,238,0
43.892,3963,238,0
43.900,3963,238,0
43.908,3963,238,0
43.917,3960,238,0
43.925,3961,238,0
43.933,3967,238,0
43.942,3967,238,0
43.950,3967,238,0
43.958,3967,238,0
43.967,3967,238,0
43.975,3967,238,0
43.983,3967,238,0
43.992,4041,250,0
44.000,4042,250,0
44.008,4041,250,0
44.017,4042,250,0
44.025,4001,250,0
44.033,4002,250,0
44.042,4004,250,0
44.050,4005,250,0
44.058,4004,250,0
44.067,4004,250,0
44.075,4007,250,0
44.083,4007,250,0
44.092,4007,250,0
44.100,4007,250,0
44.108,4003,250,0
44.117,4003,250,0
44.125,4002,250,0
44.133,4001,250,0
44.142,4001,250,0
44.150,4001,250,0
44.158,4001,250,0
44.167,4004,250,0
44.175,4004,250,0
44.183,4004,250,0
44.192,3998,250,0
44.200,3998,250,0
44.208,3998,250,0
44.217,3998,250,0
44.225,4001,250,0
44.233,3995,246,0
44.242,3988,246,0
44.250,3988,246,0
44.258,3979,243,0
44.267,3975,243,0
44.275,3970,238,0
44.283,3960,238,0
44.292,3960,238,0
44.300,3957,238,0
44.308,3960,238,0
44.317,3960,238,0
44.325,3963,238,0
44.333,3963,238,0
44.342,3963,238,0
44.350,3963,238,0
44.358,3966,238,0
44.367,3966,238,0
44.375,3969,238,0
44.383,3969,238,0
44.392,3966,238,0
44.400,3966,238,0
44.408,3966,238,0
44.417,3964,238,0
44.425,3964,238,0
44.433,3964,238,0
44.442,3964,238,0
44.450,3964,238,0
44.458,3961,238,0
44.467,3961,238,0
44.475,3961,238,0
44.483,3961,238,0
44.492,3974,238,0
44.500,3974,238,0
44.508,3974,238,0
44.517,3977,238,0
44.525,3968,238,0
44.533,3968,238,0
44.542,3965,238,0
44.550,4044,250,0
44.558,4041,250,0
44.567,4041,250,0
44.575,4041,250,0
44.583,3998,250,0
44.592,3998,250,0
44.600,4007,248,0
44.608,3997,248,0
44.617,3997,248,0
44.625,3997,248,0
44.633,3997,248,0
44.642,4003,247,0
44.650,3998,247,0
44.658,3998,247,0
44.667,3994,247,0
44.675,3994,247,0
44.683,3992,247,0
44.692,3992,247,0
44.700,3992,247,0
44.708,3995,247,0
44.717,3995,247,0
44.725,3995,247,0
44.733,3995,247,0
44.742,4000,247,0
44.750,3991,247,0
44.758,3991,247,0
44.767,3991,247,0
44.775,3991,247,0
44.783,3991,247,0
44.792,3985,243,0
44.800,3978,243,0
44.808,3978,243,0
44.817,3975,240,0
44.825,3971,240,0
44.833,3969,235,0
44.842,3959,235,0
44.850,3949,229,0
44.858,3937,229,0
44.867,3937,229,0
44.875,3937,229,0
44.883,3937,229,0
44.892,3932,226,0
44.900,3929,226,0
44.908,3929,226,0
44.917,3939,230,0
44.925,3939,230,0
44.933,3933,230,0
44.942,3933,230,0
44.950,3933,230,0
44.958,3933,230,0
44.967,3933,230,0
44.975,3933,230,0
44.983,3934,230,0
44.992,3934,230,0
45.000,3934,230,0
45.008,3934,230,0
45.017,3934,230,0
45.025,3934,230,0
45.033,3937,230,0
45.042,3937,230,0
45.050,3950,230,0
45.058,3950,230,0
45.067,3947,230,0
45.075,3947,230,0
45.083,3947,230,0
45.092,3947,230,0
45.100,3947,230,0
45.108,4021,242,0
45.117,4024,242,0
45.125,4024,242,0
45.133,4021,242,0
45.142,4021,242,0
45.150,3981,242,0
45.158,3984,242,0
45.167,3984,242,0
45.175,3984,242,0
45.183,3984,242,0
45.192,3984,242,0
45.200,3984,242,0
45.208,3981,242,0
45.217,3981,242,0
45.225,3981,242,0
45.233,3977,242,0
45.242,3975,242,0
45.250,3975,242,0
45.258,3972,242,0
45.267,3972,242,0
45.275,3969,242,0
45.283,3965,238,0
45.292,3959,238,0
45.300,3959,238,0
45.308,3959,238,0
45.317,3959,238,0
45.325,3953,238,0
45.333,3953,238,0
45.342,3950,238,0
45.350,3950,238,0
45.358,3950,238,0
45.367,3944,234,0
45.375,3940,234,0
45.383,3940,234,0
45.392,3940,231,0
45.400,3936,231,0
45.408,3931,226,0
45.417,3921,226,0
45.425,3921,226,0
45.433,3921,226,0
45.442,3921,226,0
45.450,3921,226,0
45.458,3921,226,0
45.467,3921,226,0
45.475,3921,226,0
45.483,3921,226,0
45.492,3921,226,0
45.500,3921,226,0
45.508,3921,226,0
45.517,3921,226,0
45.525,4038,250,0
45.533,4038,250,0
45.542,4038,250,0
45.550,4036,250,0
45.558,4036,250,0
45.567,4036,250,0
45.575,4036,250,0
45.583,4036,250,0
45.592,4039,250,0
45.600,4039,250,0
45.608,4036,250,0
45.617,4036,250,0
45.625,4040,250,0
45.633,4040,250,0
45.642,4040,250,0
45.650,4040,250,0
45.658,4040,250,0
45.667,4040,250,0
45.675,4043,250,0
45.683,4122,262,0
45.692,4122,262,0
45.700,4122,262,0
45.708,4122,262,0
45.717,4096,261,0
45.725,4091,261,0
45.733,4094,261,0
45.742,4094,261,0
45.750,4091,261,0
45.758,4091,261,0
45.767,4091,261,0
45.775,4091,261,0
45.783,4091,261,0
45.792,4091,261,0
45.800,4087,261,0
45.808,4084,261,0
45.817,4082,261,0
45.825,4082,261,0
45.833,4082,261,0
45.842,4085,261,0
45.850,4085,261,0
45.858,4085,261,0
45.867,4085,261,0
45.875,4085,261,0
45.883,4085,261,0
45.892,4076,261,0
45.900,4076,261,0
45.908,4076,261,0
45.917,4076,261,0
45.925,4076,261,0
45.933,4070,257,0
45.942,4060,257,0
45.950,4060,257,0
45.958,4054,254,0
45.967,4050,254,0
45.975,4040,246,0
45.983,4024,246,0
45.992,4034,250,0
46.000,4052,250,0
46.008,3998,250,0
46.017,3998,250,0
46.025,3998,250,0
46.033,3998,250,0
46.042,3998,250,0
46.050,3998,250,0
46.058,3998,250,0
46.067,3998,250,0
46.075,4001,250,0
46.083,4001,250,0
46.092,4001,250,0
46.100,4001,250,0
46.108,4001,250,0
46.117,3999,250,0
46.125,3999,250,0
46.133,3999,250,0
46.142,3999,250,0
46.150,3999,250,0
46.158,3999,250,0
46.167,4034,251,0
46.175,4019,251,0
46.183,4019,251,0
46.192,4029,251,0
46.200,4029,251,0
46.208,4032,251,0
46.217,4032,251,0
46.225,4032,251,0
46.233,4032,251,0
46.242,4032,251,0
46.250,4111,263,0
46.258,4111,263,0
46.267,4114,263,0
46.275,4114,263,0
46.283,4093,267,0
46.292,4093,267,0
46.300,4087,267,0
46.308,4087,267,0
46.317,4087,267,0
46.325,4087,267,0
46.333,4087,267,0
46.342,4090,267,0
46.350,4090,267,0
46.358,4090,267,0
46.367,4086,267,0
46.375,4086,267,0
46.383,4084,267,0
46.392,4084,267,0
46.400,4084,267,0
46.408,4087,267,0
46.417,4087,267,0
46.425,4087,267,0
46.433,4087,267,0
46.442,4087,267,0
46.450,4087,267,0
46.458,4081,267,0
46.467,4081,267,0
46.475,4081,267,0
46.483,4081,267,0
46.492,4078,267,0
46.500,4072,263,0
46.508,4065,263,0
46.517,4065,263,0
46.525,4035,260,0
46.533,4031,260,0
46.542,4026,255,0
46.550,4016,255,0
46.558,4016,255,0
46.567,4016,255,0
46.575,4013,255,0
46.583,4013,255,0
46.592,4013,255,0
46.600,4013,255,0
46.608,4013,255,0
46.617,4013,255,0
46.625,4010,255,0
46.633,4010,255,0
46.642,4007,255,0
46.650,4007,255,0
46.658,4004,255,0
46.667,4004,255,0
46.675,4004,255,0
46.683,4002,255,0
46.692,4002,255,0
46.700,4002,255,0
46.708,4002,255,0
46.717,4002,255,0
46.725,4002,255,0
46.733,4002,255,0
46.742,3952,215,0
46.750,3902,215,0
46.758,3915,215,0
46.767,3915,215,0
46.775,3915,215,0
46.783,3915,215,0
46.792,3921,214,0
46.800,3916,214,0
46.808,3916,214,0
46.817,3995,226,0
46.825,3995,226,0
46.833,3995,226,0
46.842,3995,226,0
46.850,3998,226,0
46.858,3949,226,0
46.867,3949,226,0
46.875,3949,226,0
46.883,3952,226,0
46.892,3952,226,0
46.900,3952,226,0
46.908,3952,226,0
46.917,3952,226,0
46.925,3952,226,0
46.933,3952,226,0
46.942,3948,226,0
46.950,3951,226,0
46.958,3949,226,0
46.967,3949,226,0
46.975,3949,226,0
46.983,3943,226,0
46.992,3943,226,0
47.000,3943,226,0
47.008,3943,226,0
47.017,3943,226,0
47.025,3943,226,0
47.033,3940,226,0
47.042,3945,226,0
47.050,3937,223,0
47.058,3931,223,0
47.067,3941,227,0
47.075,3935,223,0
47.083,3931,223,0
47.092,3931,223,0
47.100,3931,220,0
47.108,3927,220,0
47.117,3925,217,0
47.125,3915,217,0
47.133,3915,217,0
47.142,3915,217,0
47.150,3915,217,0
47.158,3915,217,0
47.167,3915,217,0
47.175,3915,217,0
47.183,3912,217,0
47.192,3912,217,0
47.200,3912,217,0
47.208,3912,217,0
47.217,3915,217,0
47.225,3915,217,0
47.233,3918,217,0
47.242,3918,217,0
47.250,3918,217,0
47.258,3916,217,0
47.267,3913,217,0
47.275,3913,217,0
47.283,3913,217,0
47.292,3913,217,0
47.300,3913,217,0
47.308,3913,217,0
47.317,3910,217,0
47.325,3910,217,0
47.333,3917,217,0
47.342,3917,217,0
47.350,3917,217,0
47.358,3917,217,0
47.367,3917,217,0
47.375,3917,217,0
47.383,3917,217,0
47.392,3996,229,0
47.400,3996,229,0
47.408,3991,229,0
47.417,3991,229,0
47.425,3991,229,0
47.433,3951,229,0
47.442,3954,229,0
47.450,3954,229,0
47.458,3951,229,0
47.467,3951,229,0
47.475,3951,229,0
47.483,3951,229,0
47.492,3954,229,0
47.500,3954,229,0
47.508,3954,229,0
47.517,3950,229,0
47.525,3950,229,0
47.533,3950,229,0
47.542,3950,229,0
47.550,3948,229,0
47.558,3948,229,0
47.567,3948,229,0
47.575,3951,229,0
47.583,3926,204,0
47.592,3886,204,0
47.600,3886,204,0
47.608,3880,204,0
47.617,3880,204,0
47.625,3880,204,0
47.633,3880,204,0
47.642,3883,204,0
47.650,3877,200,0
47.658,3870,200,0
47.667,3870,200,0
47.675,3861,197,0
47.683,3857,197,0
47.692,3852,192,0
47.700,3842,192,0
47.708,3842,192,0
47.717,3842,192,0
47.725,3962,240,0
47.733,3962,240,0
47.742,3962,240,0
47.750,3962,240,0
47.758,3962,240,0
47.767,3962,240,0
47.775,3965,240,0
47.783,3965,240,0
47.792,3968,240,0
47.800,3968,240,0
47.808,3965,240,0
47.817,3965,240,0
47.825,3965,240,0
47.833,3965,240,0
47.842,3961,238,0
47.850,3957,238,0
47.858,3957,238,0
47.867,3957,238,0
47.875,3960,237,0
47.883,3955,237,0
47.892,3955,237,0
47.900,3955,237,0
47.908,3968,237,0
47.917,3968,237,0
47.925,3968,237,0
47.933,3968,237,0
47.942,3968,237,0
47.950,3968,237,0
47.958,3965,237,0
47.967,4039,249,0
47.975,4039,249,0
47.983,4039,249,0
47.992,4039,249,0
48.000,4036,249,0
48.008,3996,249,0
48.017,3993,249,0
48.025,3993,249,0
48.033,3993,249,0
48.042,3993,249,0
48.050,3993,249,0
48.058,3993,249,0
48.067,3993,249,0
48.075,3993,249,0
48.083,3993,249,0
48.092,3989,249,0
48.100,3989,249,0
48.108,3989,249,0
48.117,3987,249,0
48.125,3987,249,0
48.133,3985,246,0
48.142,3979,246,0
48.150,3989,250,0
48.158,3989,250,0
48.167,3989,250,0
48.175,3989,250,0
48.183,3983,250,0
48.192,3983,250,0
48.200,3983,250,0
48.208,3983,250,0
48.217,3983,250,0
48.225,3977,246,0
48.233,3970,246,0
48.242,3970,246,0
48.250,3967,243,0
48.258,3963,243,0
48.267,3961,238,0
48.275,3951,238,0
48.283,3951,238,0
48.292,3951,238,0
48.300,3954,238,0
48.308,3954,238,0
48.317,3954,238,0
48.325,3954,238,0
48.333,3957,238,0
48.342,3957,238,0
48.350,3957,238,0
48.358,3957,238,0
48.367,3951,238,0
48.375,3951,238,0
48.383,3951,238,0
48.392,3951,238,0
48.400,3951,238,0
48.408,3951,238,0
48.417,3952,238,0
48.425,3952,238,0
48.433,3952,238,0
48.442,3952,238,0
48.450,3952,238,0
48.458,3952,238,0
48.467,3955,238,0
48.475,3951,234,0
48.483,3958,234,0
48.492,3958,234,0
48.500,3955,234,0
48.508,3955,234,0
48.517,3955,234,0
48.525,3955,234,0
48.533,3964,232,0
48.542,4033,244,0
48.550,4033,244,0
48.558,4036,244,0
48.567,4033,244,0
48.575,4033,244,0
48.583,3993,244,0
48.592,3996,244,0
48.600,3996,244,0
48.608,3996,244,0
48.617,3996,244,0
48.625,3996,244,0
48.633,3996,244,0
48.642,3993,244,0
48.650,3993,244,0
48.658,3993,244,0
48.667,3987,244,0
48.675,3987,244,0
48.683,3984,244,0
48.692,3984,244,0
48.700,3981,244,0
48.708,3981,244,0
48.717,3981,244,0
48.725,3981,244,0
48.733,3981,244,0
48.742,3981,244,0
48.750,3975,244,0
48.758,3975,244,0
48.767,3975,244,0
48.775,3972,244,0
48.783,3962,238,0
48.792,3944,234,0
48.800,3937,234,0
48.808,3937,234,0
48.817,3937,231,0
48.825,3933,231,0
48.833,3928,226,0
48.842,3918,226,0
48.850,3918,226,0
48.858,3918,226,0
48.867,3918,226,0
48.875,3918,226,0
48.883,3918,226,0
48.892,3918,226,0
48.900,3918,226,0
48.908,3918,226,0
48.917,3918,226,0
48.925,3918,226,0
48.933,3918,226,0
48.942,3918,226,0
48.950,3927,225,0
48.958,3922,225,0
48.967,3922,225,0
48.975,3920,225,0
48.983,3920,225,0
48.992,3920,225,0
49.000,3920,225,0
49.008,3920,225,0
49.017,3923,225,0
49.025,3923,225,0
49.033,3923,225,0
49.042,3923,225,0
49.050,3927,225,0
49.058,3927,225,0
49.067,3927,225,0
49.075,3927,225,0
49.083,3927,225,0
49.092,3927,225,0
49.100,3930,225,0
49.108,4009,237,0
49.117,4009,237,0
49.125,4009,237,0
49.133,4009,237,0
49.142,4012,237,0
49.150,3972,237,0
49.158,3975,237,0
49.167,3975,237,0
49.175,3972,237,0
49.183,3972,237,0
49.192,3972,237,0
49.200,3972,237,0
49.208,3967,234,0
49.217,3961,234,0
49.225,3971,238,0
49.233,3967,238,0
49.242,3964,238,0
49.250,3962,238,0
49.258,3962,238,0
49.267,3962,238,0
49.275,3965,238,0
49.283,3965,238,0
49.292,3965,238,0
49.300,3965,238,0
49.308,3965,238,0
49.317,3965,238,0
49.325,3956,238,0
49.333,3956,238,0
49.342,3956,238,0
49.350,3956,238,0
49.358,3959,238,0
49.367,3953,234,0
49.375,3943,234,0
49.383,3943,234,0
49.392,3937,231,0
49.400,3933,231,0
49.408,3928,226,0
49.417,3918,226,0
49.425,3918,226,0
49.433,3918,226,0
49.442,3918,226,0
49.450,3918,226,0
49.458,3918,226,0
49.467,3918,226,0
49.475,3918,226,0
49.483,3918,226,0
49.492,3918,226,0
49.500,3918,226,0
49.508,3921,226,0
49.517,3921,226,0
49.525,3921,226,0
49.533,3921,226,0
49.542,3921,226,0
49.550,3921,226,0
49.558,3919,226,0
49.567,3919,226,0
49.575,3919,226,0
49.583,3919,226,0
49.592,3916,226,0
49.600,3916,226,0
49.608,3916,226,0
49.617,3916,226,0
49.625,3929,226,0
49.633,3929,226,0
49.642,3932,226,0
49.650,3932,226,0
49.658,3932,226,0
49.667,3932,226,0
49.675,3932,226,0
49.683,4011,238,0
49.692,4011,238,0
49.700,4014,238,0
49.708,4014,238,0
49.717,4014,238,0
49.725,3979,238,0
49.733,3973,238,0
49.742,3973,238,0
49.750,3973,238,0
49.758,3973,238,0
49.767,3973,238,0
49.775,3973,238,0
49.783,3976,238,0
49.792,3976,238,0
49.800,3976,238,0
49.808,3972,238,0
49.817,3972,238,0
49.825,3972,238,0
49.833,3973,238,0
49.842,3973,238,0
49.850,3973,238,0
49.858,3973,238,0
49.867,3970,238,0
49.875,3970,238,0
49.883,3970,238,0
49.892,3970,238,0
49.900,3964,238,0
49.908,3964,238,0
49.917,3964,238,0
49.925,3961,238,0
49.933,3961,238,0
49.942,3955,234,0
49.950,3948,234,0
49.958,3948,234,0
49.967,3948,231,0
49.975,3944,231,0
49.983,3939,226,0
49.992,3929,226,0
50.000,3929,226,0
50.008,3929,226,0
50.017,3926,226,0
50.025,3926,226,0
50.033,3932,225,0
50.042,3927,225,0
50.050,3927,225,0
50.058,3927,225,0
50.067,3924,225,0
50.075,3924,225,0
50.083,3921,225,0
50.092,3921,225,0
50.100,3921,225,0
50.108,3921,225,0
50.117,3921,225,0
50.125,3921,225,0
50.133,3919,225,0
50.142,3919,225,0
50.150,3919,225,0
50.158,3919,225,0
50.167,3919,225,0
50.175,3919,225,0
50.183,3919,225,0
50.192,3919,225,0
50.200,3932,225,0
50.208,3932,225,0
50.217,3932,225,0
50.225,3932,225,0
50.233,3932,225,0
50.242,3932,225,0
50.250,3932,225,0
50.258,4011,237,0
50.267,4011,237,0
50.275,4011,237,0
50.283,4011,237,0
50.292,4006,234,0
50.300,3960,234,0
50.308,3970,238,0
50.317,3970,238,0
50.325,3973,238,0
50.333,3973,238,0
50.342,3973,238,0
50.350,3973,238,0
50.358,3973,238,0
50.367,3973,238,0
50.375,3973,238,0
50.383,3969,238,0
50.392,3970,238,0
50.400,3970,238,0
50.408,3970,238,0
50.417,3970,238,0
50.425,3967,238,0
50.433,3967,238,0
50.442,3967,238,0
50.450,3967,238,0
50.458,3967,238,0
50.467,3967,238,0
50.475,3964,238,0
50.483,3964,238,0
50.492,3964,238,0
50.500,3964,238,0
50.508,3964,238,0
50.517,3958,234,0
50.525,3954,234,0
50.533,3954,234,0
50.542,3954,231,0
50.550,3950,231,0
50.558,3942,226,0
50.567,3932,226,0
50.575,3932,226,0
50.583,3932,226,0
50.592,3932,226,0
50.600,3932,226,0
50.608,3932,226,0
50.617,3932,226,0
50.625,3929,226,0
50.633,3929,226,0
50.642,3929,226,0
50.650,3929,226,0
50.658,3929,226,0
50.667,3929,226,0
50.675,3929,226,0
50.683,3929,226,0
50.692,3882,186,0
50.700,3832,186,0
50.708,3827,186,0
50.717,3827,186,0
50.725,3827,186,0
50.733,3827,186,0
50.742,3827,186,0
50.750,3827,186,0
50.758,3824,186,0
50.767,3824,186,0
50.775,3831,186,0
50.783,3831,186,0
50.792,3831,186,0
50.800,3831,186,0
50.808,3831,186,0
50.817,3831,186,0
50.825,3831,186,0
50.833,3910,198,0
50.842,3910,198,0
50.850,3910,198,0
50.858,3910,198,0
50.867,3910,198,0
50.875,3870,198,0
50.883,3873,198,0
50.892,3873,198,0
50.900,3873,198,0
50.908,3873,198,0
50.917,3870,198,0
50.925,3870,198,0
50.933,3870,198,0
50.942,3870,198,0
50.950,3870,198,0
50.958,3866,198,0
50.967,3864,198,0
50.975,3864,198,0
50.983,3864,198,0
50.992,3864,198,0
51.000,3864,198,0
51.008,3864,198,0
51.017,3867,198,0
51.025,3867,198,0
51.033,3867,198,0
51.042,3867,198,0
51.050,3861,198,0
51.058,3861,198,0
51.067,3861,198,0
51.075,3861,198,0
51.083,3864,198,0
51.092,3858,194,0
51.100,3851,194,0
51.108,3851,194,0
51.117,3848,190,0
51.125,3839,190,0
51.133,3834,185,0
51.142,3824,185,0
51.150,3824,185,0
51.158,3824,185,0
51.167,3827,185,0
51.175,3827,185,0
51.183,3827,185,0
51.192,3827,185,0
51.200,3827,185,0
51.208,3827,185,0
51.217,3830,185,0
51.225,3830,185,0
51.233,3833,185,0
51.242,3833,185,0
51.250,3830,185,0
51.258,3830,185,0
51.267,3830,185,0
51.275,3830,185,0
51.283,3828,185,0
51.292,3828,185,0
51.300,3828,185,0
51.308,3828,185,0
51.317,3825,185,0
51.325,3825,185,0
51.333,3825,185,0
51.342,3825,185,0
51.350,3838,185,0
51.358,3838,185,0
51.367,3838,185,0
51.375,3838,185,0
51.383,3833,182,0
51.392,3827,182,0
51.400,3834,186,0
51.408,3913,198,0
51.417,3932,202,0
51.425,3932,202,0
51.433,3932,202,0
51.442,3929,202,0
51.450,3889,202,0
51.458,3886,202,0
51.467,3886,202,0
51.475,3886,202,0
51.483,3886,202,0
51.492,3889,202,0
51.500,3889,202,0
51.508,3889,202,0
51.517,3889,202,0
51.525,3889,202,0
51.533,3885,202,0
51.542,3885,202,0
51.550,3885,202,0
51.558,3883,202,0
51.567,3883,202,0
51.575,3886,202,0
51.583,3886,202,0
51.592,3886,202,0
51.600,3886,202,0
51.608,3886,202,0
51.617,3886,202,0
51.625,3880,202,0
51.633,3880,202,0
51.642,3880,202,0
51.650,3880,202,0
51.658,3880,202,0
51.667,3874,198,0
51.675,3987,246,0
51.683,3987,246,0
51.692,3984,243,0
51.700,3980,243,0
51.708,3978,238,0
51.717,3968,238,0
51.725,3965,238,0
51.733,3965,238,0
51.742,3965,238,0
51.750,3965,238,0
51.758,3968,238,0
51.767,3968,238,0
51.775,3971,238,0
51.783,3971,238,0
51.792,3971,238,0
51.800,3971,238,0
51.808,3965,238,0
51.817,3965,238,0
51.825,3965,238,0
51.833,3965,238,0
51.842,3965,238,0
51.850,3965,238,0
51.858,3966,238,0
51.867,3966,238,0
51.875,3966,238,0
51.883,3966,238,0
51.892,3966,238,0
51.900,3966,238,0
51.908,3969,238,0
51.917,3969,238,0
51.925,3982,238,0
51.933,3982,238,0
51.942,3979,238,0
51.950,3979,238,0
51.958,3979,238,0
51.967,3979,238,0
51.975,3979,238,0
51.983,4058,250,0
51.992,4058,250,0
52.000,4049,250,0
52.008,4046,250,0
52.017,4046,250,0
52.025,4006,250,0
52.033,4009,250,0
52.042,4009,250,0
52.050,4009,250,0
52.058,4009,250,0
52.067,4009,250,0
52.075,4009,250,0
52.083,4006,250,0
52.092,4006,250,0
52.100,4006,250,0
52.108,4002,250,0
52.117,4000,250,0
52.125,4000,250,0
52.133,3997,250,0
52.142,3997,250,0
52.150,3994,250,0
52.158,3994,250,0
52.167,3994,250,0
52.175,4004,251,0
52.183,4001,251,0
52.192,4001,251,0
52.200,4001,250,0
52.208,3996,250,0
52.217,3996,250,0
52.225,3996,250,0
52.233,3996,250,0
52.242,3990,246,0
52.250,3983,246,0
52.258,3983,246,0
52.267,3983,243,0
52.275,3979,243,0
52.283,3974,238,0
52.292,3964,238,0
52.300,3964,238,0
52.308,3964,238,0
52.317,3964,238,0
52.325,3964,238,0
52.333,3964,238,0
52.342,3964,238,0
52.350,3964,238,0
52.358,3964,238,0
52.367,3964,238,0
52.375,3964,238,0
52.383,3964,238,0
52.392,3964,238,0
52.400,3986,242,0
52.408,3986,242,0
52.417,3986,242,0
52.425,3986,242,0
52.433,3984,242,0
52.442,3984,242,0
52.450,3984,242,0
52.458,3984,242,0
52.467,3982,239,0
52.475,3976,239,0
52.483,3998,241,0
52.492,3988,241,0
52.500,3992,241,0
52.508,3992,241,0
52.517,3992,241,0
52.525,3992,241,0
52.533,3992,241,0
52.542,3992,241,0
52.550,3990,241,0
52.558,4069,253,0
52.567,4072,253,0
52.575,4072,253,0
52.583,4072,253,0
52.592,4075,253,0
52.600,4035,253,0
52.608,4038,253,0
52.617,4038,253,0
52.625,4035,253,0
52.633,4035,253,0
52.642,4035,253,0
52.650,4035,253,0
52.658,4035,253,0
52.667,4035,253,0
52.675,4035,253,0
52.683,4031,253,0
52.692,4026,253,0
52.700,4026,253,0
52.708,4026,253,0
52.717,4026,253,0
52.725,4029,253,0
52.733,4029,253,0
52.742,4019,247,0
52.750,4007,247,0
52.758,4007,247,0
52.767,4007,247,0
52.775,3998,247,0
52.783,3998,247,0
52.792,3995,247,0
52.800,3995,247,0
52.808,3995,247,0
52.817,3989,243,0
52.825,3982,243,0
52.833,3982,243,0
52.842,3976,240,0
52.850,3972,240,0
52.858,3967,235,0
52.867,3957,235,0
52.875,3957,235,0
52.883,3957,235,0
52.892,3957,235,0
52.900,3957,235,0
52.908,3957,235,0
52.917,3957,235,0
52.925,3957,235,0
52.933,3957,235,0
52.942,3957,235,0
52.950,3957,235,0
52.958,3960,235,0
52.967,3960,235,0
52.975,3960,235,0
52.983,3960,235,0
52.992,3960,235,0
53.000,3960,235,0
53.008,3958,235,0
53.017,3958,235,0
53.025,3958,235,0
53.033,3958,235,0
53.042,3958,235,0
53.050,3958,235,0
53.058,3955,235,0
53.067,3955,235,0
53.075,3965,235,0
53.083,3965,235,0
53.092,3968,235,0
53.100,3968,235,0
53.108,3968,235,0
53.117,3968,235,0
53.125,3968,235,0
53.133,4042,247,0
53.142,4042,247,0
53.150,4048,247,0
53.158,4039,247,0
53.167,4039,247,0
53.175,3999,247,0
53.183,3993,247,0
53.192,3993,247,0
53.200,3993,247,0
53.208,3993,247,0
53.217,3993,247,0
53.225,3993,247,0
53.233,3996,247,0
53.242,3996,247,0
53.250,3996,247,0
53.258,3992,247,0
53.267,3992,247,0
53.275,3990,247,0
53.283,3999,246,0
53.292,3994,246,0
53.300,3997,246,0
53.308,3997,246,0
53.317,3994,246,0
53.325,3994,246,0
53.333,3994,246,0
53.342,3994,246,0
53.350,3988,246,0
53.358,3988,246,0
53.367,3988,246,0
53.375,3985,246,0
53.383,3985,246,0
53.392,3984,242,0
53.400,3974,242,0
53.408,3974,242,0
53.417,3974,239,0
53.425,3970,239,0
53.433,3965,234,0
53.442,3955,234,0
53.450,3955,234,0
53.458,3955,234,0
53.467,3952,234,0
53.475,3952,234,0
53.483,3952,234,0
53.492,3952,234,0
53.500,3952,234,0
53.508,3952,234,0
53.517,3949,234,0
53.525,3949,234,0
53.533,3946,234,0
53.542,3946,234,0
53.550,3941,231,0
53.558,3935,231,0
53.567,3945,235,0
53.575,3945,235,0
53.583,3943,235,0
53.592,3943,235,0
53.600,3943,235,0
53.608,3938,230,0
53.617,3928,230,0
53.625,3931,230,0
53.633,3931,230,0
53.642,3944,230,0
53.650,3944,230,0
53.658,3944,230,0
53.667,3944,230,0
53.675,3944,230,0
53.683,3944,230,0
53.692,4023,242,0
53.700,4023,242,0
53.708,4023,242,0
53.717,4023,242,0
53.725,4023,242,0
53.733,4023,242,0
53.742,3983,242,0
53.750,3983,242,0
53.758,3978,242,0
53.767,3978,242,0
53.775,3981,242,0
53.783,3981,242,0
53.792,3981,242,0
53.800,3981,242,0
53.808,3981,242,0
53.817,3981,242,0
53.825,3981,242,0
53.833,3977,242,0
53.842,3980,242,0
53.850,3975,242,0
53.858,3975,242,0
53.867,3975,242,0
53.875,3969,242,0
53.883,3969,242,0
53.892,3972,242,0
53.900,3972,242,0
53.908,3972,242,0
53.917,3972,242,0
53.925,3969,242,0
53.933,3965,238,0
53.942,3959,238,0
53.950,3959,238,0
53.958,3953,234,0
53.967,3946,234,0
53.975,3949,234,0
53.983,3946,231,0
53.992,3938,226,0
54.000,3928,226,0
54.008,3927,226,0
54.017,3927,226,0
54.025,3927,226,0
54.033,3927,226,0
54.042,3927,226,0
54.050,3927,226,0
54.058,3927,226,0
54.067,3927,226,0
54.075,3924,226,0
54.083,3924,226,0
54.092,3924,226,0
54.100,3924,226,0
54.108,3927,226,0
54.117,3927,226,0
54.125,3924,226,0
54.133,3924,226,0
54.142,3924,226,0
54.150,3922,226,0
54.158,3919,226,0
54.167,3919,226,0
54.175,3919,226,0
54.183,3919,226,0
54.192,3919,226,0
54.200,3919,226,0
54.208,3916,226,0
54.217,3916,226,0
54.225,3923,226,0
54.233,3923,226,0
54.242,3923,226,0
54.250,3923,226,0
54.258,3923,226,0
54.267,3923,226,0
54.275,3923,226,0
54.283,4002,238,0
54.292,4002,238,0
54.300,4002,238,0
54.308,4002,238,0
54.317,3962,238,0
54.325,3962,238,0
54.333,3965,238,0
54.342,3965,238,0
54.350,3965,238,0
54.358,3965,238,0
54.367,4085,261,0
54.375,4080,261,0
54.383,4080,261,0
54.392,4080,261,0
54.400,4080,261,0
54.408,4076,261,0
54.417,4076,261,0
54.425,4076,261,0
54.433,4074,261,0
54.442,4074,261,0
54.450,4074,261,0
54.458,4074,261,0
54.467,4077,261,0
54.475,4077,261,0
54.483,4077,261,0
54.492,4077,261,0
54.500,4071,261,0
54.508,4071,261,0
54.517,4071,261,0
54.525,4071,261,0
54.533,4074,261,0
54.542,4068,257,0
54.550,4061,257,0
54.558,4061,257,0
54.567,4052,254,0
54.575,4050,254,0
54.583,4043,249,0
54.592,4033,249,0
54.600,4033,249,0
54.608,4033,249,0
54.617,4036,249,0
54.625,4036,249,0
54.633,4031,246,0
54.642,4025,246,0
54.650,3985,210,0
54.658,3935,210,0
54.667,3938,210,0
54.675,3938,210,0
54.683,3941,210,0
54.692,3941,210,0
54.700,3941,210,0
54.708,3941,210,0
54.717,3941,210,0
54.725,3939,210,0
54.733,3939,210,0
54.742,3939,210,0
54.750,3939,210,0
54.758,3939,210,0
54.767,3936,210,0
54.775,3936,210,0
54.783,3936,210,0
54.792,3936,210,0
54.800,3949,210,0
54.808,3949,210,0
54.817,3949,210,0
54.825,3949,210,0
54.833,3949,210,0
54.842,3949,210,0
54.850,3946,210,0
54.858,4043,222,0
54.867,3989,222,0
54.875,3989,222,0
54.883,3989,222,0
54.892,3951,222,0
54.900,3951,222,0
54.908,3948,222,0
54.917,3948,222,0
54.925,3945,222,0
54.933,3945,222,0
54.942,3945,222,0
54.950,3945,222,0
54.958,3948,222,0
54.967,3948,222,0
54.975,3948,222,0
54.983,3944,222,0
54.992,3944,222,0
55.000,3942,222,0
55.008,3942,222,0
55.017,3977,223,0
55.025,3962,223,0
55.033,3962,223,0
55.042,3962,223,0
55.050,3962,223,0
55.058,3962,223,0
55.067,3962,223,0
55.075,3956,223,0
55.083,3956,223,0
55.092,3956,223,0
55.100,3956,223,0
55.108,3956,223,0
55.117,3950,219,0
55.125,3943,219,0
55.133,3943,219,0
55.142,3940,216,0
55.150,3936,216,0
55.158,3934,211,0
55.167,3924,211,0
55.175,3924,211,0
55.183,3924,211,0
55.192,3921,211,0
55.200,3921,211,0
55.208,3921,211,0
55.217,3921,211,0
55.225,3930,213,0
55.233,3930,213,0
55.242,3930,213,0
55.250,3930,213,0
55.258,3924,213,0
55.267,3924,213,0
55.275,3924,213,0
55.283,3924,213,0
55.292,3924,213,0
55.300,3924,213,0
55.308,3925,213,0
55.317,3925,213,0
55.325,3925,213,0
55.333,3925,213,0
55.342,3925,213,0
55.350,3925,213,0
55.358,3928,213,0
55.367,3928,213,0
55.375,3941,213,0
55.383,3941,213,0
55.392,3908,213,0
55.400,3908,213,0
55.408,3908,213,0
55.417,3908,213,0
55.425,3908,213,0
55.433,3987,225,0
55.442,3987,225,0
55.450,3990,224,0
55.458,3945,224,0
55.467,3945,224,0
55.475,3945,224,0
55.483,3948,224,0
55.492,3948,224,0
55.500,3948,224,0
55.508,3948,224,0
55.517,3948,224,0
55.525,3945,224,0
55.533,3945,224,0
55.542,3945,224,0
55.550,3941,224,0
55.558,3941,224,0
55.567,3939,224,0
55.575,3936,224,0
55.583,3936,224,0
55.592,3933,224,0
55.600,3933,224,0
55.608,3933,224,0
55.617,3933,224,0
55.625,4053,272,0
55.633,4053,272,0
55.642,4047,272,0
55.650,4047,272,0
55.658,4047,272,0
55.667,4047,272,0
55.675,4047,272,0
55.683,4041,268,0
55.692,4034,268,0
55.700,4034,268,0
55.708,4029,262,0
55.717,4019,262,0
55.725,4024,261,0
55.733,4014,261,0
55.742,4014,261,0
55.750,4014,261,0
55.758,4017,261,0
55.767,4017,261,0
55.775,4017,261,0
55.783,4017,261,0
55.792,4017,261,0
55.800,4017,261,0
55.808,4017,261,0
55.817,4017,261,0
55.825,4017,261,0
55.833,4017,261,0
55.842,4020,261,0
55.850,4020,261,0
55.858,4020,261,0
55.867,4018,261,0
55.875,4018,261,0
55.883,4018,261,0
55.892,4018,261,0
55.900,4018,261,0
55.908,4021,261,0
55.917,4021,261,0
55.925,4021,261,0
55.933,4021,261,0
55.942,4023,259,0
55.950,4019,259,0
55.958,4019,259,0
55.967,4019,259,0
55.975,4019,259,0
55.983,4019,259,0
55.992,4019,259,0
56.000,4098,271,0
56.008,4098,271,0
56.017,4101,271,0
56.025,4101,271,0
56.033,4064,271,0
56.042,4064,271,0
56.050,4067,271,0
56.058,4067,271,0
56.067,4064,271,0
56.075,4064,271,0
56.083,4064,271,0
56.092,4064,271,0
56.100,4064,271,0
56.108,4064,271,0
56.117,4064,271,0
56.125,4060,271,0
56.133,4057,271,0
56.142,4055,271,0
56.150,4055,271,0
56.158,4055,271,0
56.167,4058,271,0
56.175,4058,271,0
56.183,4058,271,0
56.192,4058,271,0
56.200,4058,271,0
56.208,4058,271,0
56.217,4049,271,0
56.225,4049,271,0
56.233,4049,271,0
56.242,4049,271,0
56.250,4046,271,0
56.258,4040,267,0
56.267,4030,267,0
56.275,4030,267,0
56.283,4024,264,0
56.292,4020,264,0
56.300,4015,259,0
56.308,4005,259,0
56.317,4005,259,0
56.325,4005,259,0
56.333,4005,259,0
56.342,4005,259,0
56.350,4005,259,0
56.358,4005,259,0
56.367,4005,259,0
56.375,4005,259,0
56.383,4005,259,0
56.392,4005,259,0
56.400,4008,259,0
56.408,4008,259,0
56.417,4008,259,0
56.425,4008,259,0
56.433,4020,257,0
56.442,3983,232,0
56.450,3943,232,0
56.458,3943,232,0
56.467,3943,232,0
56.475,3943,232,0
56.483,3943,232,0
56.492,3943,232,0
56.500,3943,232,0
56.508,3943,232,0
56.517,3953,232,0
56.525,3953,232,0
56.533,3962,231,0
56.542,3957,231,0
56.550,3976,235,0
56.558,3976,235,0
56.567,3976,235,0
56.575,4050,247,0
56.583,4050,247,0
56.592,4053,247,0
56.600,4053,247,0
56.608,4013,247,0
56.617,4013,247,0
56.625,4007,247,0
56.633,4007,247,0
56.642,4007,247,0
56.650,4007,247,0
56.658,4007,247,0
56.667,4007,247,0
56.675,4010,247,0
56.683,4010,247,0
56.692,4000,241,0
56.700,3984,241,0
56.708,3984,241,0
56.717,3984,241,0
56.725,3985,241,0
56.733,3985,241,0
56.742,3988,241,0
56.750,3988,241,0
56.758,3985,241,0
56.767,3985,241,0
56.775,3985,241,0
56.783,3985,241,0
56.792,3974,238,0
56.800,3968,238,0
56.808,3978,242,0
56.817,3978,242,0
56.825,3978,242,0
56.833,3972,238,0
56.842,3965,238,0
56.850,3965,238,0
56.858,3965,235,0
56.867,3961,235,0
56.875,3956,230,0
56.883,3946,230,0
56.892,3946,230,0
56.900,3946,230,0
56.908,3943,230,0
56.917,3943,230,0
56.925,3943,230,0
56.933,3943,230,0
56.942,3943,230,0
56.950,3943,230,0
56.958,3940,230,0
56.967,3940,230,0
56.975,3937,230,0
56.983,3937,230,0
56.992,3937,230,0
57.000,3937,230,0
57.008,3937,230,0
57.017,3937,230,0
57.025,3935,230,0
57.033,3935,230,0
57.042,3935,230,0
57.050,3935,230,0
57.058,3932,230,0
57.067,3932,230,0
57.075,3932,230,0
57.083,3932,230,0
57.092,3948,230,0
57.100,3948,230,0
57.108,3948,230,0
57.117,3948,230,0
57.125,3951,230,0
57.133,3942,230,0
57.142,3942,230,0
57.150,4016,242,0
57.158,4016,242,0
57.167,4016,242,0
57.175,4016,242,0
57.183,4016,242,0
57.192,3976,242,0
57.200,3976,242,0
57.208,3976,242,0
57.217,3979,242,0
57.225,3979,242,0
57.233,3979,242,0
57.242,3979,242,0
57.250,3979,242,0
57.258,3979,242,0
57.267,3979,242,0
57.275,3975,242,0
57.283,3978,242,0
57.292,3978,242,0
57.300,3976,242,0
57.308,3986,243,0
57.317,3974,243,0
57.325,3974,243,0
57.333,3974,243,0
57.342,3974,243,0
57.350,3974,243,0
57.358,3974,243,0
57.367,3971,243,0
57.375,3971,243,0
57.383,3971,243,0
57.392,3971,243,0
57.400,3971,243,0
57.408,3965,239,0
57.417,3961,239,0
57.425,3961,239,0
57.433,3961,236,0
57.442,3957,236,0
57.450,3949,231,0
57.458,3939,231,0
57.467,3939,231,0
57.475,3939,231,0
57.483,3939,231,0
57.492,3939,231,0
57.500,3939,231,0
57.508,3939,231,0
57.517,3936,231,0
57.525,3936,231,0
57.533,3936,231,0
57.542,3936,231,0
57.550,3939,231,0
57.558,3939,231,0
57.567,3939,231,0
57.575,3939,231,0
57.583,3939,231,0
57.592,3939,231,0
57.600,3934,231,0
57.608,3934,231,0
57.617,3940,230,0
57.625,3935,230,0
57.633,3935,230,0
57.642,3935,230,0
57.650,3932,230,0
57.658,3932,230,0
57.667,3939,230,0
57.675,3939,230,0
57.683,3934,230,0
57.692,3934,230,0
57.700,3934,230,0
57.708,3934,230,0
57.717,3934,230,0
57.725,4013,242,0
57.733,4013,242,0
57.742,4013,242,0
57.750,4013,242,0
57.758,4013,242,0
57.767,3973,242,0
57.775,3973,242,0
57.783,3976,242,0
57.792,3976,242,0
57.800,3976,242,0
57.808,3976,242,0
57.817,3976,242,0
57.825,3976,242,0
57.833,3976,242,0
57.842,3976,242,0
57.850,3976,242,0
57.858,3972,242,0
57.867,3970,242,0
57.875,3970,242,0
57.883,3965,239,0
57.892,3959,239,0
57.900,3972,243,0
57.908,3972,243,0
57.917,3975,243,0
57.925,3975,243,0
57.933,3975,243,0
57.942,3975,243,0
57.950,3969,243,0
57.958,3969,243,0
57.967,3969,243,0
57.975,3969,243,0
57.983,3972,243,0
57.992,3966,239,0
58.000,3959,239,0
58.008,3959,239,0
58.017,3950,236,0
58.025,3939,231,0
58.033,3931,231,0
58.042,3931,231,0
58.050,3931,231,0
58.058,3931,231,0
58.067,3934,231,0
58.075,3934,231,0
58.083,3934,231,0
58.092,3934,231,0
58.100,3934,231,0
58.108,3934,231,0
58.117,3937,231,0
58.125,3937,231,0
58.133,3937,231,0
58.142,3937,231,0
58.150,3934,231,0
58.158,3934,231,0
58.167,3937,231,0
58.175,3937,231,0
58.183,3935,231,0
58.192,3935,231,0
58.200,3935,231,0
58.208,3935,231,0
58.217,3932,231,0
58.225,3932,231,0
58.233,3932,231,0
58.242,3932,231,0
58.250,3945,231,0
58.258,3945,231,0
58.267,3945,231,0
58.275,3945,231,0
58.283,3945,231,0
58.292,3945,231,0
58.300,3942,231,0
58.308,4021,243,0
58.317,4021,243,0
58.325,4021,243,0
58.333,4021,243,0
58.342,4018,243,0
58.350,3983,243,0
58.358,3980,243,0
58.367,3980,243,0
58.375,3980,243,0
58.383,3980,243,0
58.392,3977,243,0
58.400,3977,243,0
58.408,3977,243,0
58.417,3977,243,0
58.425,3977,243,0
58.433,3973,243,0
58.442,3973,243,0
58.450,3971,243,0
58.458,3971,243,0
58.467,3971,243,0
58.475,3974,243,0
58.483,3974,243,0
58.492,3974,243,0
58.500,3974,243,0
58.508,3974,243,0
58.517,3974,243,0
58.525,3968,243,0
58.533,3968,243,0
58.542,3968,243,0
58.550,3968,243,0
58.558,3968,243,0
58.567,3962,239,0
58.575,3955,239,0
58.583,3955,239,0
58.592,3952,236,0
58.600,3948,236,0
58.608,3896,191,0
58.617,3836,191,0
58.625,3836,191,0
58.633,3836,191,0
58.642,3836,191,0
58.650,3836,191,0
58.658,3836,191,0
58.667,3836,191,0
58.675,3839,191,0
58.683,3839,191,0
58.692,3839,191,0
58.700,3839,191,0
58.708,3839,190,0
58.717,3834,190,0
58.725,3834,190,0
58.733,3834,190,0
58.742,3834,190,0
58.750,3829,185,0
58.758,3820,185,0
58.767,3820,185,0
58.775,3820,185,0
58.783,3820,185,0
58.792,3820,185,0
58.800,3820,185,0
58.808,3823,185,0
58.817,3823,185,0
58.825,3836,185,0
58.833,3836,185,0
58.842,3833,185,0
58.850,3833,185,0
58.858,3833,185,0
58.867,3833,185,0
58.875,3833,185,0
58.883,3912,197,0
58.892,3912,197,0
58.900,3912,197,0
58.908,3909,197,0
58.917,3909,197,0
58.925,3874,197,0
58.933,3877,197,0
58.942,3877,197,0
58.950,3877,197,0
58.958,3877,197,0
58.967,3875,194,0
58.975,3869,194,0
58.983,3876,198,0
58.992,3876,198,0
59.000,3876,198,0
59.008,3872,198,0
59.017,3872,198,0
59.025,3872,198,0
59.033,3867,198,0
59.042,3867,198,0
59.050,3864,198,0
59.058,3864,198,0
59.067,3864,198,0
59.075,3864,198,0
59.083,3864,198,0
59.092,3864,198,0
59.100,3858,198,0
59.108,3858,198,0
59.117,3858,198,0
59.125,3858,198,0
59.133,3858,198,0
59.142,3852,194,0
59.150,3845,194,0
59.158,3845,194,0
59.167,3845,191,0
59.175,3841,191,0
